IDX,LID,CI_1,CI_2,Lon,Lat,Time,Measure,[Call Test] Call Start Network,[Call Test] Call Type,[Call Test] Call Result,[Call Test] Call Middle Network,[Call Test] Call End Network,[Call Test] Mobile ChipSet,[Call Test] [VoNR VoLTE] [Duration] SIP Setup Duration (Invite~200OK),[Call Test] [Misc] [Mobile] IMEI,[Call Test] [Throughput] Application DL TP,[General] Serving Network (In Traffic),[Call Test] [HTTP Transfer] HTTP Transfer Call Event,[Call Test] [KR PS-LTE] [SMS] [Timestamp] SIP Message,[Packet Data] [SIP] UL/DL,[Packet Data] [SIP] Request Method,[Packet Data] [SIP] Status,[Packet Data] [SIP] 200 OK - Method,[Call Test] [Voice or Video Call] Call Result,[Call Test] [Voice or Video Call] Orig/Term,[Call Test] [Voice or Video Call] Result & Reason,[LTE] [L1] [RF] PCI,[LTE] [L1] [RF] RSRP,[Event] Total Call Result,[Event] Voice Call Event,[Event] [Event Occurrence Count] Call Completed #,[Event] [Event Occurrence Count] Outgoing Call Setup Fail #,[Event] [Event Occurrence Count] Call Dropped #,[Event] [Event Occurrence Count] Call Start #,[Call Test] [Voice or Video Call] [Duration] Traffic Duration (LoggingTool),[NR5G] [RF] PCI,[Call Test] [Voice Quality] [Per Rx Clip] [RF Quality] 5G RSRP,[Call Test] [Voice Quality] [Sampled Values] MOS (POLQA),[WiFi] On Off,[WiFi] Connect State,[WiFi] [Serving AP] RSSI,[WiFi] [Serving AP] Frequency,[WiFi] [Serving AP] Link Speed,[Call Test] [VoNR VoLTE] [Handover] Rx RTP Delay (Control Plane),[Call Test] [Voice or Video Call] Call Type,[Event] [Event Occurrence Count] Handover OK #,[Mobile Info] [Android] [Radio] Network Type (Data Svc)
1,1,,,-121.9314830,47.5244923,2026-01-26 19:41:41.000,_20260126_114137_CH02_TMO_5GNR_WFC_REF_TC-164.dml,,,,,,,,,,,,,,,,,,,,,,,,,,,,,594,,,,Disconnected,,,,,,,NR (NR_SA)
2,1,,,-121.9314830,47.5244923,2026-01-26 19:41:42.000,_20260126_114137_CH02_TMO_5GNR_WFC_REF_TC-164.dml,,,,,,,,,,,,,,,,,,,,,,,,,,,,,594,,,,Disconnected,,,,,,,NR (NR_SA)
3,1,,,-121.9314830,47.5244923,2026-01-26 19:41:43.000,_20260126_114137_CH02_TMO_5GNR_WFC_REF_TC-164.dml,,,,,,,,,,,,,,,,,,,,,,,,,,,,,594,,,,Disconnected,,,,,,,NR (NR_SA)
4,1,,,-121.9314830,47.5244923,2026-01-26 19:41:44.000,_20260126_114137_CH02_TMO_5GNR_WFC_REF_TC-164.dml,,,,,,,,,,,,,,,,,,,,,,,,,,,,,594,,,,Disconnected,,,,,,,NR (NR_SA)
5,1,,,-121.9314830,47.5244923,2026-01-26 19:41:45.000,_20260126_114137_CH02_TMO_5GNR_WFC_REF_TC-164.dml,,,,,,,,,,,,,,,,,,,,,,,,,,,,,594,,,,Disconnected,,,,,,,NR (NR_SA)
6,1,,,-121.9314830,47.5244923,2026-01-26 19:41:46.000,_20260126_114137_CH02_TMO_5GNR_WFC_REF_TC-164.dml,,,,,,,,,,,,,,,,,,,,,,,,,,,,,594,,,,Disconnected,,,,,,,NR (NR_SA)
7,1,,,-121.9314830,47.5244923,2026-01-26 19:41:47.000,_20260126_114137_CH02_TMO_5GNR_WFC_REF_TC-164.dml,,,,,,,,,,,,,,,,,,,,,,,,,,,,,594,,,,Disconnected,,,,,,,NR (NR_SA)
8,1,,,-121.9314830,47.5244923,2026-01-26 19:41:48.000,_20260126_114137_CH02_TMO_5GNR_WFC_REF_TC-164.dml,,,,,,,,,,,,,,,,,,,,,,,,,,,,,594,,,,Disconnected,,,,,,,NR (NR_SA)
9,1,,,-121.9314830,47.5244923,2026-01-26 19:41:49.000,_20260126_114137_CH02_TMO_5GNR_WFC_REF_TC-164.dml,,,,,,,,,,,,,,,,,,,,,,,,,,,,,594,,,,Disconnected,,,,,,,NR (NR_SA)
10,1,,,-121.9314830,47.5244923,2026-01-26 19:41:50.150,_20260126_114137_CH02_TMO_5GNR_WFC_REF_TC-164.dml,,,,,,,,,,,,,,,,,,,,,,,[Tool] Voice - Call Scheduling Start(Orig),,,,,,,,,,,,,,,,,
11,1,,,-121.9314830,47.5244923,2026-01-26 19:41:50.150,_20260126_114137_CH02_TMO_5GNR_WFC_REF_TC-164.dml,,,,,,,,,,,,,,,,,,,,,,,[UE]   Voice - Orig Success,,,,,,,,,,,,,,,,,
12,1,,,-121.9314830,47.5244923,2026-01-26 19:41:50.150,_20260126_114137_CH02_TMO_5GNR_WFC_REF_TC-164.dml,,,,,,,,,,,,,,,,,,,,,,,[Tool] Voice - Orig Request,,,,,,,,,,,,,,,,,
13,1,,,-121.9314830,47.5244923,2026-01-26 19:41:50.000,_20260126_114137_CH02_TMO_5GNR_WFC_REF_TC-164.dml,,,,,,,,,,,,,,,,,,,,,,,,,,,,,594,,,On,Disconnected,,,,,,,NR (NR_SA)
14,1,,,-121.9314830,47.5244923,2026-01-26 19:41:50.684,_20260126_114137_CH02_TMO_5GNR_WFC_REF_TC-164.dml,,,,,,,,,,,,,UL,INVITE,,,,,,,,,,,,,,,,,,,,,,,,,,
15,1,,,-121.9314830,47.5244923,2026-01-26 19:41:51.000,_20260126_114137_CH02_TMO_5GNR_WFC_REF_TC-164.dml,,,,,,,,,,,,,,,,,,,,,,,,,,,,,594,,,On,Disconnected,,,,,,,NR (NR_SA)
16,1,,,-121.9314830,47.5244923,2026-01-26 19:41:52.000,_20260126_114137_CH02_TMO_5GNR_WFC_REF_TC-164.dml,,,,,,,,,,,,,,,,,,,,,,,,,,,,,594,,,On,Disconnected,,,,,,,NR (NR_SA)
17,1,,,-121.9314830,47.5244923,2026-01-26 19:41:52.267,_20260126_114137_CH02_TMO_5GNR_WFC_REF_TC-164.dml,,,,,,,,,,,,,DL,,200 OK,,,,,,,,,,,,,,,,,,,,,,,,,
18,1,,,-121.9314830,47.5244923,2026-01-26 19:41:52.510,_20260126_114137_CH02_TMO_5GNR_WFC_REF_TC-164.dml,,,,,,,,,,,,,,,,,,,,,,,[UE]   Voice - Setup Success,,,,,,,,,,,,,,,,,
19,1,,,-121.9314830,47.5244923,2026-01-26 19:41:53.000,_20260126_114137_CH02_TMO_5GNR_WFC_REF_TC-164.dml,,,,,,,,,,NR SA,,,,,,,,,,,,,,,,,,,594,,,On,Disconnected,,,,,,,NR (NR_SA)
20,1,,,-121.9314830,47.5244923,2026-01-26 19:41:54.000,_20260126_114137_CH02_TMO_5GNR_WFC_REF_TC-164.dml,,,,,,,,,,NR SA,,,,,,,,,,,,,,,,,,,594,,,On,Disconnected,,,,,,,NR (NR_SA)
21,1,,,-121.9314830,47.5244923,2026-01-26 19:41:55.000,_20260126_114137_CH02_TMO_5GNR_WFC_REF_TC-164.dml,,,,,,,,,,NR SA,,,,,,,,,,,,,,,,,,,594,,,On,Disconnected,,,,,,,NR (NR_SA)
22,1,,,-121.9314830,47.5244923,2026-01-26 19:41:56.000,_20260126_114137_CH02_TMO_5GNR_WFC_REF_TC-164.dml,,,,,,,,,,NR SA,,,,,,,,,,,,,,,,,,,594,,,On,Disconnected,,,,,,,NR (NR_SA)
23,1,,,-121.9314830,47.5244923,2026-01-26 19:41:57.000,_20260126_114137_CH02_TMO_5GNR_WFC_REF_TC-164.dml,,,,,,,,,,NR SA,,,,,,,,,,,,,,,,,,,594,,,On,Disconnected,,,,,,,NR (NR_SA)
24,1,,,-121.9314830,47.5244923,2026-01-26 19:41:58.000,_20260126_114137_CH02_TMO_5GNR_WFC_REF_TC-164.dml,,,,,,,,,,NR SA,,,,,,,,,,,,,,,,,,,594,,,On,Disconnected,,,,,,,NR (NR_SA)
25,1,,,-121.9314830,47.5244923,2026-01-26 19:41:59.000,_20260126_114137_CH02_TMO_5GNR_WFC_REF_TC-164.dml,,,,,,,,,,NR SA,,,,,,,,,,,,,,,,,,,594,,,On,Disconnected,,,,,,,NR (NR_SA)
26,1,,,-121.9314830,47.5244923,2026-01-26 19:42:00.000,_20260126_114137_CH02_TMO_5GNR_WFC_REF_TC-164.dml,,,,,,,,,,NR SA,,,,,,,,,,,,,,,,,,,594,,,On,Disconnected,,,,,,,NR (NR_SA)
27,1,,,-121.9314830,47.5244923,2026-01-26 19:42:01.000,_20260126_114137_CH02_TMO_5GNR_WFC_REF_TC-164.dml,,,,,,,,,,NR SA,,,,,,,,,,,,,,,,,,,594,,,On,Disconnected,,,,,,,NR (NR_SA)
28,1,,,-121.9314830,47.5244923,2026-01-26 19:42:02.000,_20260126_114137_CH02_TMO_5GNR_WFC_REF_TC-164.dml,,,,,,,,,,NR SA,,,,,,,,,,,,,,,,,,,594,,,On,Disconnected,,,,,,,NR (NR_SA)
29,1,,,-121.9314830,47.5244923,2026-01-26 19:42:03.000,_20260126_114137_CH02_TMO_5GNR_WFC_REF_TC-164.dml,,,,,,,,,,NR SA,,,,,,,,,,,,,,,,,,,594,,,On,Disconnected,,,,,,,NR (NR_SA)
30,1,,,-121.9314830,47.5244923,2026-01-26 19:42:04.000,_20260126_114137_CH02_TMO_5GNR_WFC_REF_TC-164.dml,,,,,,,,,,NR SA,,,,,,,,,,,,,,,,,,,594,,,On,Disconnected,,,,,,,NR (NR_SA)
31,1,,,-121.9314830,47.5244923,2026-01-26 19:42:05.000,_20260126_114137_CH02_TMO_5GNR_WFC_REF_TC-164.dml,,,,,,,,,,NR SA,,,,,,,,,,,,,,,,,,,594,,,On,Disconnected,,,,,,,NR (NR_SA)
32,1,,,-121.9314830,47.5244923,2026-01-26 19:42:06.000,_20260126_114137_CH02_TMO_5GNR_WFC_REF_TC-164.dml,,,,,,,,,,NR SA,,,,,,,,,,,,,,,,,,,594,,,On,Disconnected,,,,,,,NR (NR_SA)
33,1,,,-121.9314830,47.5244923,2026-01-26 19:42:07.000,_20260126_114137_CH02_TMO_5GNR_WFC_REF_TC-164.dml,,,,,,,,,,NR SA,,,,,,,,,,,,,,,,,,,594,,,On,Disconnected,,,,,,,NR (NR_SA)
34,1,,,-121.9314830,47.5244923,2026-01-26 19:42:08.000,_20260126_114137_CH02_TMO_5GNR_WFC_REF_TC-164.dml,,,,,,,,,,NR SA,,,,,,,,,,,,,,,,,,,594,,,On,Disconnected,,,,,,,NR (NR_SA)
35,1,,,-121.9314830,47.5244923,2026-01-26 19:42:09.000,_20260126_114137_CH02_TMO_5GNR_WFC_REF_TC-164.dml,,,,,,,,,,NR SA,,,,,,,,,,,,,,,,,,,594,,,On,Disconnected,,,,,,,NR (NR_SA)
36,1,,,-121.9314830,47.5244923,2026-01-26 19:42:10.000,_20260126_114137_CH02_TMO_5GNR_WFC_REF_TC-164.dml,,,,,,,,,,NR SA,,,,,,,,,,,,,,,,,,,594,,,On,Disconnected,,,,,,,NR (NR_SA)
37,1,,,-121.9314830,47.5244923,2026-01-26 19:42:11.000,_20260126_114137_CH02_TMO_5GNR_WFC_REF_TC-164.dml,,,,,,,,,,NR SA,,,,,,,,,,,,,,,,,,,594,,,On,Disconnected,,,,,,,NR (NR_SA)
38,1,,,-121.9314830,47.5244923,2026-01-26 19:42:12.000,_20260126_114137_CH02_TMO_5GNR_WFC_REF_TC-164.dml,,,,,,,,,,NR SA,,,,,,,,,,,,,,,,,,,594,,,On,Disconnected,,,,,,,NR (NR_SA)
39,1,,,-121.9314830,47.5244923,2026-01-26 19:42:13.000,_20260126_114137_CH02_TMO_5GNR_WFC_REF_TC-164.dml,,,,,,,,,,NR SA,,,,,,,,,,,,,,,,,,,594,,,On,Disconnected,,,,,,,NR (NR_SA)
40,1,,,-121.9314830,47.5244923,2026-01-26 19:42:14.000,_20260126_114137_CH02_TMO_5GNR_WFC_REF_TC-164.dml,,,,,,,,,,NR SA,,,,,,,,,,,,,,,,,,,594,,,On,Disconnected,,,,,,,NR (NR_SA)
41,1,,,-121.9314830,47.5244923,2026-01-26 19:42:15.000,_20260126_114137_CH02_TMO_5GNR_WFC_REF_TC-164.dml,,,,,,,,,,NR SA,,,,,,,,,,,,,,,,,,,594,,,On,Disconnected,,,,,,,NR (NR_SA)
42,1,,,-121.9314830,47.5244923,2026-01-26 19:42:16.000,_20260126_114137_CH02_TMO_5GNR_WFC_REF_TC-164.dml,,,,,,,,,,NR SA,,,,,,,,,,,,,,,,,,,594,,,On,Disconnected,,,,,,,NR (NR_SA)
43,1,,,-121.9314830,47.5244923,2026-01-26 19:42:17.000,_20260126_114137_CH02_TMO_5GNR_WFC_REF_TC-164.dml,,,,,,,,,,NR SA,,,,,,,,,,,,,,,,,,,594,,,On,Disconnected,,,,,,,NR (NR_SA)
44,1,,,-121.9314830,47.5244923,2026-01-26 19:42:18.000,_20260126_114137_CH02_TMO_5GNR_WFC_REF_TC-164.dml,,,,,,,,,,NR SA,,,,,,,,,,,,,,,,,,,594,,,On,Disconnected,,,,,,,NR (NR_SA)
45,1,,,-121.9314830,47.5244923,2026-01-26 19:42:19.000,_20260126_114137_CH02_TMO_5GNR_WFC_REF_TC-164.dml,,,,,,,,,,NR SA,,,,,,,,,,,,,,,,,,,594,,,On,Disconnected,,,,,,,NR (NR_SA)
46,1,,,-121.9314830,47.5244923,2026-01-26 19:42:20.000,_20260126_114137_CH02_TMO_5GNR_WFC_REF_TC-164.dml,,,,,,,,,,NR SA,,,,,,,,,,,,,,,,,,,594,,,On,Disconnected,,,,,,,NR (NR_SA)
47,1,,,-121.9314830,47.5244923,2026-01-26 19:42:21.000,_20260126_114137_CH02_TMO_5GNR_WFC_REF_TC-164.dml,,,,,,,,,,NR SA,,,,,,,,,,,,,,,,,,,594,,,On,Disconnected,,,,,,,NR (NR_SA)
48,1,,,-121.9314830,47.5244923,2026-01-26 19:42:22.000,_20260126_114137_CH02_TMO_5GNR_WFC_REF_TC-164.dml,,,,,,,,,,NR SA,,,,,,,,,,,,,,,,,,,594,,,On,Disconnected,,,,,,,NR (NR_SA)
49,1,,,-121.9314830,47.5244923,2026-01-26 19:42:23.000,_20260126_114137_CH02_TMO_5GNR_WFC_REF_TC-164.dml,,,,,,,,,,NR SA,,,,,,,,,,,,,,,,,,,594,,,On,Disconnected,,,,,,,NR (NR_SA)
50,1,,,-121.9314830,47.5244923,2026-01-26 19:42:24.000,_20260126_114137_CH02_TMO_5GNR_WFC_REF_TC-164.dml,,,,,,,,,,NR SA,,,,,,,,,,,,,,,,,,,594,,,On,Disconnected,,,,,,,NR (NR_SA)
51,1,,,-121.9314830,47.5244923,2026-01-26 19:42:25.000,_20260126_114137_CH02_TMO_5GNR_WFC_REF_TC-164.dml,,,,,,,,,,NR SA,,,,,,,,,,,,,,,,,,,594,,,On,Disconnected,,,,,,,NR (NR_SA)
52,1,,,-121.9314830,47.5244923,2026-01-26 19:42:26.000,_20260126_114137_CH02_TMO_5GNR_WFC_REF_TC-164.dml,,,,,,,,,,NR SA,,,,,,,,,,,,,,,,,,,594,,,On,Disconnected,,,,,,,NR (NR_SA)
53,1,,,-121.9314830,47.5244923,2026-01-26 19:42:27.000,_20260126_114137_CH02_TMO_5GNR_WFC_REF_TC-164.dml,,,,,,,,,,NR SA,,,,,,,,,,,,,,,,,,,594,,,On,Disconnected,,,,,,,NR (NR_SA)
54,1,,,-121.9314830,47.5244923,2026-01-26 19:42:28.000,_20260126_114137_CH02_TMO_5GNR_WFC_REF_TC-164.dml,,,,,,,,,,NR SA,,,,,,,,,,,,,,,,,,,594,,,On,Disconnected,,,,,,,NR (NR_SA)
55,1,,,-121.9314830,47.5244923,2026-01-26 19:42:29.000,_20260126_114137_CH02_TMO_5GNR_WFC_REF_TC-164.dml,,,,,,,,,,NR SA,,,,,,,,,,,,,,,,,,,594,,,On,Disconnected,,,,,,,NR (NR_SA)
56,1,,,-121.9314830,47.5244923,2026-01-26 19:42:30.000,_20260126_114137_CH02_TMO_5GNR_WFC_REF_TC-164.dml,,,,,,,,,,NR SA,,,,,,,,,,,,,,,,,,,594,,,On,Disconnected,,,,,,,NR (NR_SA)
57,1,,,-121.9314830,47.5244923,2026-01-26 19:42:31.000,_20260126_114137_CH02_TMO_5GNR_WFC_REF_TC-164.dml,,,,,,,,,,NR SA,,,,,,,,,,,,,,,,,,,594,,,On,Disconnected,,,,,,,NR (NR_SA)
58,1,,,-121.9314830,47.5244923,2026-01-26 19:42:32.000,_20260126_114137_CH02_TMO_5GNR_WFC_REF_TC-164.dml,,,,,,,,,,NR SA,,,,,,,,,,,,,,,,,,,594,,,On,Disconnected,,,,,,,NR (NR_SA)
59,1,,,-121.9314830,47.5244923,2026-01-26 19:42:33.000,_20260126_114137_CH02_TMO_5GNR_WFC_REF_TC-164.dml,,,,,,,,,,NR SA,,,,,,,,,,,,,,,,,,,594,,,On,Disconnected,,,,,,,NR (NR_SA)
60,1,,,-121.9314830,47.5244923,2026-01-26 19:42:34.000,_20260126_114137_CH02_TMO_5GNR_WFC_REF_TC-164.dml,,,,,,,,,,NR SA,,,,,,,,,,,,,,,,,,,594,,,On,Disconnected,,,,,,,NR (NR_SA)
61,1,,,-121.9314830,47.5244923,2026-01-26 19:42:35.000,_20260126_114137_CH02_TMO_5GNR_WFC_REF_TC-164.dml,,,,,,,,,,NR SA,,,,,,,,,,,,,,,,,,,594,,,On,Disconnected,,,,,,,NR (NR_SA)
62,1,,,-121.9314830,47.5244923,2026-01-26 19:42:36.000,_20260126_114137_CH02_TMO_5GNR_WFC_REF_TC-164.dml,,,,,,,,,,NR SA,,,,,,,,,,,,,,,,,,,594,,,On,Disconnected,,,,,,,NR (NR_SA)
63,1,,,-121.9314830,47.5244923,2026-01-26 19:42:37.000,_20260126_114137_CH02_TMO_5GNR_WFC_REF_TC-164.dml,,,,,,,,,,NR SA,,,,,,,,,,,,,,,,,,,594,,,On,Disconnected,,,,,,,NR (NR_SA)
64,1,,,-121.9314830,47.5244923,2026-01-26 19:42:38.000,_20260126_114137_CH02_TMO_5GNR_WFC_REF_TC-164.dml,,,,,,,,,,NR SA,,,,,,,,,,,,,,,,,,,594,,,On,Disconnected,,,,,,,NR (NR_SA)
65,1,,,-121.9314830,47.5244923,2026-01-26 19:42:39.000,_20260126_114137_CH02_TMO_5GNR_WFC_REF_TC-164.dml,,,,,,,,,,NR SA,,,,,,,,,,,,,,,,,,,594,,,On,Disconnected,,,,,,,NR (NR_SA)
66,1,,,-121.9314830,47.5244923,2026-01-26 19:42:40.000,_20260126_114137_CH02_TMO_5GNR_WFC_REF_TC-164.dml,,,,,,,,,,NR SA,,,,,,,,,,,,,,,,,,,594,,,On,Disconnected,,,,,,,NR (NR_SA)
67,1,,,-121.9314830,47.5244923,2026-01-26 19:42:41.000,_20260126_114137_CH02_TMO_5GNR_WFC_REF_TC-164.dml,,,,,,,,,,NR SA,,,,,,,,,,,,,,,,,,,594,,,On,Disconnected,,,,,,,NR (NR_SA)
68,1,,,-121.9314830,47.5244923,2026-01-26 19:42:42.000,_20260126_114137_CH02_TMO_5GNR_WFC_REF_TC-164.dml,,,,,,,,,,NR SA,,,,,,,,,,,,,,,,,,,594,,,On,Disconnected,,,,,,,NR (NR_SA)
69,1,,,-121.9314830,47.5244923,2026-01-26 19:42:43.000,_20260126_114137_CH02_TMO_5GNR_WFC_REF_TC-164.dml,,,,,,,,,,NR SA,,,,,,,,,,,,,,,,,,,594,,,,Disconnected,,,,,,,NR (NR_SA)
70,1,,,-121.9314830,47.5244923,2026-01-26 19:42:44.000,_20260126_114137_CH02_TMO_5GNR_WFC_REF_TC-164.dml,,,,,,,,,,NR SA,,,,,,,,,,,,,,,,,,,594,,,On,Disconnected,,,,,,,NR (NR_SA)
71,1,,,-121.9314830,47.5244923,2026-01-26 19:42:45.000,_20260126_114137_CH02_TMO_5GNR_WFC_REF_TC-164.dml,,,,,,,,,,NR SA,,,,,,,,,,,,,,,,,,,594,,,,Disconnected,,,,,,,NR (NR_SA)
72,1,,,-121.9314830,47.5244923,2026-01-26 19:42:46.000,_20260126_114137_CH02_TMO_5GNR_WFC_REF_TC-164.dml,,,,,,,,,,NR SA,,,,,,,,,,,,,,,,,,,594,,,On,Disconnected,,,,,,,NR (NR_SA)
73,1,,,-121.9314830,47.5244923,2026-01-26 19:42:47.000,_20260126_114137_CH02_TMO_5GNR_WFC_REF_TC-164.dml,,,,,,,,,,NR SA,,,,,,,,,,,,,,,,,,,594,,,On,Disconnected,,,,,,,NR (NR_SA)
74,1,,,-121.9314830,47.5244923,2026-01-26 19:42:48.000,_20260126_114137_CH02_TMO_5GNR_WFC_REF_TC-164.dml,,,,,,,,,,NR SA,,,,,,,,,,,,,,,,,,,594,,,,Disconnected,,,,,,,NR (NR_SA)
75,1,,,-121.9314830,47.5244923,2026-01-26 19:42:49.000,_20260126_114137_CH02_TMO_5GNR_WFC_REF_TC-164.dml,,,,,,,,,,NR SA,,,,,,,,,,,,,,,,,,,594,,,,Connected,-70.000000,,,,,,NR (NR_SA)
76,1,,,-121.9314830,47.5244923,2026-01-26 19:42:50.000,_20260126_114137_CH02_TMO_5GNR_WFC_REF_TC-164.dml,,,,,,,,,,NR SA,,,,,,,,,,,,,,,,,,,594,,,On,Connected,-70.000000,2412,286,,,,NR (NR_SA)
77,1,,,-121.9314830,47.5244923,2026-01-26 19:42:51.000,_20260126_114137_CH02_TMO_5GNR_WFC_REF_TC-164.dml,,,,,,,,,,NR SA,,,,,,,,,,,,,,,,,,,594,,,On,Connected,-71.000000,2412,58,,,,NR (NR_SA)
78,1,,,-121.9314830,47.5244923,2026-01-26 19:42:52.000,_20260126_114137_CH02_TMO_5GNR_WFC_REF_TC-164.dml,,,,,,,,,,NR SA,,,,,,,,,,,,,,,,,,,594,,,On,Connected,-71.000000,2412,58,,,,NR (NR_SA)
79,1,,,-121.9314830,47.5244923,2026-01-26 19:42:53.000,_20260126_114137_CH02_TMO_5GNR_WFC_REF_TC-164.dml,,,,,,,,,,NR SA,,,,,,,,,,,,,,,,,,,594,,,On,Connected,-71.000000,2412,58,,,,NR (NR_SA)
80,1,,,-121.9314830,47.5244923,2026-01-26 19:42:54.000,_20260126_114137_CH02_TMO_5GNR_WFC_REF_TC-164.dml,,,,,,,,,,NR SA,,,,,,,,,,,,,,,,,,,594,,,On,Connected,-72.000000,2412,17,,,,NR (NR_SA)
81,1,,,-121.9314830,47.5244923,2026-01-26 19:42:55.000,_20260126_114137_CH02_TMO_5GNR_WFC_REF_TC-164.dml,,,,,,,,,,NR SA,,,,,,,,,,,,,,,,,,,594,,,On,Connected,-72.000000,2412,17,,,,NR (NR_SA)
82,1,,,-121.9314830,47.5244923,2026-01-26 19:42:56.000,_20260126_114137_CH02_TMO_5GNR_WFC_REF_TC-164.dml,,,,,,,,,,NR SA,,,,,,,,,,,,,,,,,,,594,,,On,Connected,-72.000000,2412,17,,,,NR (NR_SA)
83,1,,,-121.9314830,47.5244923,2026-01-26 19:42:57.000,_20260126_114137_CH02_TMO_5GNR_WFC_REF_TC-164.dml,,,,,,,,,,NR SA,,,,,,,,,,,,,,,,,,,594,,,On,Connected,-73.000000,2412,17,,,,NR (NR_SA)
84,1,,,-121.9314830,47.5244923,2026-01-26 19:42:58.000,_20260126_114137_CH02_TMO_5GNR_WFC_REF_TC-164.dml,,,,,,,,,,NR SA,,,,,,,,,,,,,,,,,,,594,,,On,Connected,-73.000000,2412,17,,,,NR (NR_SA)
85,1,,,-121.9314830,47.5244923,2026-01-26 19:42:59.000,_20260126_114137_CH02_TMO_5GNR_WFC_REF_TC-164.dml,,,,,,,,,,NR SA,,,,,,,,,,,,,,,,,,,594,,,On,Connected,-73.000000,2412,17,,,,NR (NR_SA)
86,1,,,-121.9314830,47.5244923,2026-01-26 19:43:00.000,_20260126_114137_CH02_TMO_5GNR_WFC_REF_TC-164.dml,,,,,,,,,,NR SA,,,,,,,,,,,,,,,,,,,594,,,On,Connected,-76.000000,2412,17,,,,NR (NR_SA)
87,1,,,-121.9314830,47.5244923,2026-01-26 19:43:01.000,_20260126_114137_CH02_TMO_5GNR_WFC_REF_TC-164.dml,,,,,,,,,,NR SA,,,,,,,,,,,,,,,,,,,594,,,On,Connected,-76.000000,2412,17,,,,NR (NR_SA)
88,1,,,-121.9314830,47.5244923,2026-01-26 19:43:02.000,_20260126_114137_CH02_TMO_5GNR_WFC_REF_TC-164.dml,,,,,,,,,,NR SA,,,,,,,,,,,,,,,,,,,594,,,On,Connected,-76.000000,2412,17,,,,NR (NR_SA)
89,1,,,-121.9314830,47.5244923,2026-01-26 19:43:03.000,_20260126_114137_CH02_TMO_5GNR_WFC_REF_TC-164.dml,,,,,,,,,,NR SA,,,,,,,,,,,,,,,,,,,594,,,On,Connected,-76.000000,2412,17,,,,NR (NR_SA)
90,1,,,-121.9314830,47.5244923,2026-01-26 19:43:04.000,_20260126_114137_CH02_TMO_5GNR_WFC_REF_TC-164.dml,,,,,,,,,,NR SA,,,,,,,,,,,,,,,,,,,594,,,On,Connected,-76.000000,2412,17,,,,NR (NR_SA)
91,1,,,-121.9314830,47.5244923,2026-01-26 19:43:05.000,_20260126_114137_CH02_TMO_5GNR_WFC_REF_TC-164.dml,,,,,,,,,,NR SA,,,,,,,,,,,,,,,,,,,594,,,On,Connected,-76.000000,2412,17,,,,NR (NR_SA)
92,1,,,-121.9314830,47.5244923,2026-01-26 19:43:06.000,_20260126_114137_CH02_TMO_5GNR_WFC_REF_TC-164.dml,,,,,,,,,,NR SA,,,,,,,,,,,,,,,,,,,594,,,On,Connected,-76.000000,2412,17,,,,NR (NR_SA)
93,1,,,-121.9314830,47.5244923,2026-01-26 19:43:07.000,_20260126_114137_CH02_TMO_5GNR_WFC_REF_TC-164.dml,,,,,,,,,,NR SA,,,,,,,,,,,,,,,,,,,594,,,On,Connected,-76.000000,2412,17,,,,NR (NR_SA)
94,1,,,-121.9314830,47.5244923,2026-01-26 19:43:08.000,_20260126_114137_CH02_TMO_5GNR_WFC_REF_TC-164.dml,,,,,,,,,,NR SA,,,,,,,,,,,,,,,,,,,594,,,On,Connected,-72.000000,2412,17,,,,NR (NR_SA)
95,1,,,-121.9314830,47.5244923,2026-01-26 19:43:09.000,_20260126_114137_CH02_TMO_5GNR_WFC_REF_TC-164.dml,,,,,,,,,,NR SA,,,,,,,,,,,,,,,,,,,594,,,On,Connected,-72.000000,2412,17,,,,NR (NR_SA)
96,1,,,-121.9314830,47.5244923,2026-01-26 19:43:10.000,_20260126_114137_CH02_TMO_5GNR_WFC_REF_TC-164.dml,,,,,,,,,,NR SA,,,,,,,,,,,,,,,,,,,594,,,On,Connected,-72.000000,2412,17,,,,NR (NR_SA)
97,1,,,-121.9314830,47.5244923,2026-01-26 19:43:11.000,_20260126_114137_CH02_TMO_5GNR_WFC_REF_TC-164.dml,,,,,,,,,,NR SA,,,,,,,,,,,,,,,,,,,594,,,On,Connected,-68.000000,2412,17,,,,NR (NR_SA)
98,1,,,-121.9314830,47.5244923,2026-01-26 19:43:12.000,_20260126_114137_CH02_TMO_5GNR_WFC_REF_TC-164.dml,,,,,,,,,,NR SA,,,,,,,,,,,,,,,,,,,594,,,On,Connected,-68.000000,2412,17,,,,NR (NR_SA)
99,1,,,-121.9314830,47.5244923,2026-01-26 19:43:13.000,_20260126_114137_CH02_TMO_5GNR_WFC_REF_TC-164.dml,,,,,,,,,,NR SA,,,,,,,,,,,,,,,,,,,594,,,On,Connected,-68.000000,2412,17,,,,NR (NR_SA)
100,1,,,-121.9314830,47.5244923,2026-01-26 19:43:14.000,_20260126_114137_CH02_TMO_5GNR_WFC_REF_TC-164.dml,,,,,,,,,,NR SA,,,,,,,,,,,,,,,,,,,594,,,On,Connected,-68.000000,2412,17,,,,NR (NR_SA)
101,1,,,-121.9314830,47.5244923,2026-01-26 19:43:15.000,_20260126_114137_CH02_TMO_5GNR_WFC_REF_TC-164.dml,,,,,,,,,,NR SA,,,,,,,,,,,,,,,,,,,594,,,On,Connected,-68.000000,2412,17,,,,NR (NR_SA)
102,1,,,-121.9314830,47.5244923,2026-01-26 19:43:16.000,_20260126_114137_CH02_TMO_5GNR_WFC_REF_TC-164.dml,,,,,,,,,,NR SA,,,,,,,,,,,,,,,,,,,594,,,On,Connected,-68.000000,2412,17,,,,NR (NR_SA)
103,1,,,-121.9314830,47.5244923,2026-01-26 19:43:17.000,_20260126_114137_CH02_TMO_5GNR_WFC_REF_TC-164.dml,,,,,,,,,,NR SA,,,,,,,,,,,,,,,,,,,594,,,On,Connected,-68.000000,2412,17,,,,NR (NR_SA)
104,1,,,-121.9314830,47.5244923,2026-01-26 19:43:18.000,_20260126_114137_CH02_TMO_5GNR_WFC_REF_TC-164.dml,,,,,,,,,,NR SA,,,,,,,,,,,,,,,,,,,594,,,On,Connected,-68.000000,2412,17,,,,NR (NR_SA)
105,1,,,-121.9314830,47.5244923,2026-01-26 19:43:19.000,_20260126_114137_CH02_TMO_5GNR_WFC_REF_TC-164.dml,,,,,,,,,,NR SA,,,,,,,,,,,,,,,,,,,594,,,On,Connected,-68.000000,2412,17,,,,NR (NR_SA)
106,1,,,-121.9314830,47.5244923,2026-01-26 19:43:20.000,_20260126_114137_CH02_TMO_5GNR_WFC_REF_TC-164.dml,,,,,,,,,,NR SA,,,,,,,,,,,,,,,,,,,594,,,On,Connected,-70.000000,2412,17,,,,NR (NR_SA)
107,1,,,-121.9314830,47.5244923,2026-01-26 19:43:21.000,_20260126_114137_CH02_TMO_5GNR_WFC_REF_TC-164.dml,,,,,,,,,,NR SA,,,,,,,,,,,,,,,,,,,594,,,On,Connected,-70.000000,2412,17,,,,NR (NR_SA)
108,1,,,-121.9314830,47.5244923,2026-01-26 19:43:22.000,_20260126_114137_CH02_TMO_5GNR_WFC_REF_TC-164.dml,,,,,,,,,,NR SA,,,,,,,,,,,,,,,,,,,594,,,On,Connected,-70.000000,2412,17,,,,NR (NR_SA)
109,1,,,-121.9314830,47.5244923,2026-01-26 19:43:23.000,_20260126_114137_CH02_TMO_5GNR_WFC_REF_TC-164.dml,,,,,,,,,,NR SA,,,,,,,,,,,,,,,,,,,594,,,On,Connected,-65.000000,2412,17,,,,NR (NR_SA)
110,1,,,-121.9314830,47.5244923,2026-01-26 19:43:24.000,_20260126_114137_CH02_TMO_5GNR_WFC_REF_TC-164.dml,,,,,,,,,,NR SA,,,,,,,,,,,,,,,,,,,594,,,On,Connected,-65.000000,2412,17,,,,NR (NR_SA)
111,1,,,-121.9314830,47.5244923,2026-01-26 19:43:25.000,_20260126_114137_CH02_TMO_5GNR_WFC_REF_TC-164.dml,,,,,,,,,,NR SA,,,,,,,,,,,,,,,,,,,594,,,On,Connected,-65.000000,2412,17,,,,NR (NR_SA)
112,1,,,-121.9314830,47.5244923,2026-01-26 19:43:26.000,_20260126_114137_CH02_TMO_5GNR_WFC_REF_TC-164.dml,,,,,,,,,,NR SA,,,,,,,,,,,,,,,,,,,594,,,On,Connected,-66.000000,2412,17,,,,NR (NR_SA)
113,1,,,-121.9314830,47.5244923,2026-01-26 19:43:27.000,_20260126_114137_CH02_TMO_5GNR_WFC_REF_TC-164.dml,,,,,,,,,,NR SA,,,,,,,,,,,,,,,,,,,594,,,On,Connected,-66.000000,2412,17,,,,NR (NR_SA)
114,1,,,-121.9314830,47.5244923,2026-01-26 19:43:28.000,_20260126_114137_CH02_TMO_5GNR_WFC_REF_TC-164.dml,,,,,,,,,,NR SA,,,,,,,,,,,,,,,,,,,594,,,On,Connected,-66.000000,2412,17,,,,NR (NR_SA)
115,1,,,-121.9314830,47.5244923,2026-01-26 19:43:29.000,_20260126_114137_CH02_TMO_5GNR_WFC_REF_TC-164.dml,,,,,,,,,,NR SA,,,,,,,,,,,,,,,,,,,594,,,On,Connected,-69.000000,2412,17,,,,NR (NR_SA)
116,1,,,-121.9314830,47.5244923,2026-01-26 19:43:30.000,_20260126_114137_CH02_TMO_5GNR_WFC_REF_TC-164.dml,,,,,,,,,,NR SA,,,,,,,,,,,,,,,,,,,594,,,On,Connected,-69.000000,2412,17,,,,NR (NR_SA)
117,1,,,-121.9314830,47.5244923,2026-01-26 19:43:31.000,_20260126_114137_CH02_TMO_5GNR_WFC_REF_TC-164.dml,,,,,,,,,,NR SA,,,,,,,,,,,,,,,,,,,594,,,On,Connected,-69.000000,2412,17,,,,NR (NR_SA)
118,1,,,-121.9314830,47.5244923,2026-01-26 19:43:32.000,_20260126_114137_CH02_TMO_5GNR_WFC_REF_TC-164.dml,,,,,,,,,,NR SA,,,,,,,,,,,,,,,,,,,594,,,On,Connected,-66.000000,2412,28,,,,NR (NR_SA)
119,1,,,-121.9314830,47.5244923,2026-01-26 19:43:33.000,_20260126_114137_CH02_TMO_5GNR_WFC_REF_TC-164.dml,,,,,,,,,,NR SA,,,,,,,,,,,,,,,,,,,594,,,On,Connected,-66.000000,2412,28,,,,NR (NR_SA)
120,1,,,-121.9314830,47.5244923,2026-01-26 19:43:34.000,_20260126_114137_CH02_TMO_5GNR_WFC_REF_TC-164.dml,,,,,,,,,,NR SA,,,,,,,,,,,,,,,,,,,594,,,On,Connected,-66.000000,2412,28,,,,NR (NR_SA)
121,1,,,-121.9314830,47.5244923,2026-01-26 19:43:35.000,_20260126_114137_CH02_TMO_5GNR_WFC_REF_TC-164.dml,,,,,,,,,,NR SA,,,,,,,,,,,,,,,,,,,594,,,On,Connected,-65.000000,2412,28,,,,NR (NR_SA)
122,1,,,-121.9314830,47.5244923,2026-01-26 19:43:36.000,_20260126_114137_CH02_TMO_5GNR_WFC_REF_TC-164.dml,,,,,,,,,,NR SA,,,,,,,,,,,,,,,,,,,594,,,On,Connected,-65.000000,2412,28,,,,NR (NR_SA)
123,1,,,-121.9314830,47.5244923,2026-01-26 19:43:37.000,_20260126_114137_CH02_TMO_5GNR_WFC_REF_TC-164.dml,,,,,,,,,,NR SA,,,,,,,,,,,,,,,,,,,594,,,On,Connected,-65.000000,2412,28,,,,NR (NR_SA)
124,1,,,-121.9314830,47.5244923,2026-01-26 19:43:38.000,_20260126_114137_CH02_TMO_5GNR_WFC_REF_TC-164.dml,,,,,,,,,,NR SA,,,,,,,,,,,,,,,,,,,594,,,On,Connected,-64.000000,2412,28,,,,NR (NR_SA)
125,1,,,-121.9314830,47.5244923,2026-01-26 19:43:39.000,_20260126_114137_CH02_TMO_5GNR_WFC_REF_TC-164.dml,,,,,,,,,,NR SA,,,,,,,,,,,,,,,,,,,594,,,On,Connected,-64.000000,2412,28,,,,NR (NR_SA)
126,1,,,-121.9314830,47.5244923,2026-01-26 19:43:40.000,_20260126_114137_CH02_TMO_5GNR_WFC_REF_TC-164.dml,,,,,,,,,,NR SA,,,,,,,,,,,,,,,,,,,594,,,On,Connected,-68.000000,2412,28,,,,NR (NR_SA)
127,1,,,-121.9314830,47.5244923,2026-01-26 19:43:41.000,_20260126_114137_CH02_TMO_5GNR_WFC_REF_TC-164.dml,,,,,,,,,,NR SA,,,,,,,,,,,,,,,,,,,594,,,On,Connected,-68.000000,2412,28,,,,NR (NR_SA)
128,1,,,-121.9314830,47.5244923,2026-01-26 19:43:42.000,_20260126_114137_CH02_TMO_5GNR_WFC_REF_TC-164.dml,,,,,,,,,,NR SA,,,,,,,,,,,,,,,,,,,594,,,On,Connected,-68.000000,2412,28,,,,NR (NR_SA)
129,1,,,-121.9314830,47.5244923,2026-01-26 19:43:43.000,_20260126_114137_CH02_TMO_5GNR_WFC_REF_TC-164.dml,,,,,,,,,,NR SA,,,,,,,,,,,,,,,,,,,594,,,On,Connected,-65.000000,2412,44,,,,NR (NR_SA)
130,1,,,-121.9314830,47.5244923,2026-01-26 19:43:44.000,_20260126_114137_CH02_TMO_5GNR_WFC_REF_TC-164.dml,,,,,,,,,,NR SA,,,,,,,,,,,,,,,,,,,594,,,On,Connected,-65.000000,2412,44,,,,NR (NR_SA)
131,1,,,-121.9314830,47.5244923,2026-01-26 19:43:45.000,_20260126_114137_CH02_TMO_5GNR_WFC_REF_TC-164.dml,,,,,,,,,,NR SA,,,,,,,,,,,,,,,,,,,594,,,On,Connected,-65.000000,2412,44,,,,NR (NR_SA)
132,1,,,-121.9314830,47.5244923,2026-01-26 19:43:46.000,_20260126_114137_CH02_TMO_5GNR_WFC_REF_TC-164.dml,,,,,,,,,,NR SA,,,,,,,,,,,,,,,,,,,594,,,On,Connected,-63.000000,2412,28,,,,NR (NR_SA)
133,1,,,-121.9314830,47.5244923,2026-01-26 19:43:47.000,_20260126_114137_CH02_TMO_5GNR_WFC_REF_TC-164.dml,,,,,,,,,,NR SA,,,,,,,,,,,,,,,,,,,594,,,On,Connected,-63.000000,2412,28,,,,NR (NR_SA)
134,1,,,-121.9314830,47.5244923,2026-01-26 19:43:48.000,_20260126_114137_CH02_TMO_5GNR_WFC_REF_TC-164.dml,,,,,,,,,,NR SA,,,,,,,,,,,,,,,,,,,594,,,On,Connected,-63.000000,2412,28,,,,NR (NR_SA)
135,1,,,-121.9314830,47.5244923,2026-01-26 19:43:49.000,_20260126_114137_CH02_TMO_5GNR_WFC_REF_TC-164.dml,,,,,,,,,,NR SA,,,,,,,,,,,,,,,,,,,594,,,On,Connected,-59.000000,2412,44,,,,NR (NR_SA)
136,1,,,-121.9314830,47.5244923,2026-01-26 19:43:50.000,_20260126_114137_CH02_TMO_5GNR_WFC_REF_TC-164.dml,,,,,,,,,,NR SA,,,,,,,,,,,,,,,,,,,594,,,On,Connected,-59.000000,2412,44,,,,NR (NR_SA)
137,1,,,-121.9314830,47.5244923,2026-01-26 19:43:51.000,_20260126_114137_CH02_TMO_5GNR_WFC_REF_TC-164.dml,,,,,,,,,,NR SA,,,,,,,,,,,,,,,,,,,594,,,On,Connected,-59.000000,2412,44,,,,NR (NR_SA)
138,1,,,-121.9314830,47.5244923,2026-01-26 19:43:52.000,_20260126_114137_CH02_TMO_5GNR_WFC_REF_TC-164.dml,,,,,,,,,,NR SA,,,,,,,,,,,,,,,,,,,594,,,On,Connected,-61.000000,2412,28,,,,NR (NR_SA)
139,1,,,-121.9314830,47.5244923,2026-01-26 19:43:53.000,_20260126_114137_CH02_TMO_5GNR_WFC_REF_TC-164.dml,,,,,,,,,,NR SA,,,,,,,,,,,,,,,,,,,594,,,On,Connected,-61.000000,2412,28,,,,NR (NR_SA)
140,1,,,-121.9314830,47.5244923,2026-01-26 19:43:54.000,_20260126_114137_CH02_TMO_5GNR_WFC_REF_TC-164.dml,,,,,,,,,,NR SA,,,,,,,,,,,,,,,,,,,594,,,On,Connected,-61.000000,2412,28,,,,NR (NR_SA)
141,1,,,-121.9314830,47.5244923,2026-01-26 19:43:55.000,_20260126_114137_CH02_TMO_5GNR_WFC_REF_TC-164.dml,,,,,,,,,,NR SA,,,,,,,,,,,,,,,,,,,594,,,On,Connected,-61.000000,2412,28,,,,NR (NR_SA)
142,1,,,-121.9314830,47.5244923,2026-01-26 19:43:56.000,_20260126_114137_CH02_TMO_5GNR_WFC_REF_TC-164.dml,,,,,,,,,,NR SA,,,,,,,,,,,,,,,,,,,594,,,On,Connected,-61.000000,2412,28,,,,NR (NR_SA)
143,1,,,-121.9314830,47.5244923,2026-01-26 19:43:57.000,_20260126_114137_CH02_TMO_5GNR_WFC_REF_TC-164.dml,,,,,,,,,,NR SA,,,,,,,,,,,,,,,,,,,594,,,On,Connected,-61.000000,2412,28,,,,NR (NR_SA)
144,1,,,-121.9314830,47.5244923,2026-01-26 19:43:58.000,_20260126_114137_CH02_TMO_5GNR_WFC_REF_TC-164.dml,,,,,,,,,,NR SA,,,,,,,,,,,,,,,,,,,594,,,On,Connected,-61.000000,2412,28,,,,NR (NR_SA)
145,1,,,-121.9314830,47.5244923,2026-01-26 19:43:59.000,_20260126_114137_CH02_TMO_5GNR_WFC_REF_TC-164.dml,,,,,,,,,,NR SA,,,,,,,,,,,,,,,,,,,594,,,On,Connected,-61.000000,2412,28,,,,NR (NR_SA)
146,1,,,-121.9314830,47.5244923,2026-01-26 19:44:00.000,_20260126_114137_CH02_TMO_5GNR_WFC_REF_TC-164.dml,,,,,,,,,,NR SA,,,,,,,,,,,,,,,,,,,594,,,On,Connected,-61.000000,2412,28,,,,NR (NR_SA)
147,1,,,-121.9314830,47.5244923,2026-01-26 19:44:01.000,_20260126_114137_CH02_TMO_5GNR_WFC_REF_TC-164.dml,,,,,,,,,,NR SA,,,,,,,,,,,,,,,,,,,594,,,On,Connected,-60.000000,2412,28,,,,NR (NR_SA)
148,1,,,-121.9314830,47.5244923,2026-01-26 19:44:02.000,_20260126_114137_CH02_TMO_5GNR_WFC_REF_TC-164.dml,,,,,,,,,,NR SA,,,,,,,,,,,,,,,,,,,594,,,On,Connected,-60.000000,2412,28,,,,NR (NR_SA)
149,1,,,-121.9314830,47.5244923,2026-01-26 19:44:03.000,_20260126_114137_CH02_TMO_5GNR_WFC_REF_TC-164.dml,,,,,,,,,,NR SA,,,,,,,,,,,,,,,,,,,594,,,On,Connected,-60.000000,2412,28,,,,NR (NR_SA)
150,1,,,-121.9314830,47.5244923,2026-01-26 19:44:04.000,_20260126_114137_CH02_TMO_5GNR_WFC_REF_TC-164.dml,,,,,,,,,,NR SA,,,,,,,,,,,,,,,,,,,594,,,On,Connected,-60.000000,2412,28,,,,NR (NR_SA)
151,1,,,-121.9314830,47.5244923,2026-01-26 19:44:05.000,_20260126_114137_CH02_TMO_5GNR_WFC_REF_TC-164.dml,,,,,,,,,,NR SA,,,,,,,,,,,,,,,,,,,594,,,On,Connected,-60.000000,2412,28,,,,NR (NR_SA)
152,1,,,-121.9314830,47.5244923,2026-01-26 19:44:06.000,_20260126_114137_CH02_TMO_5GNR_WFC_REF_TC-164.dml,,,,,,,,,,NR SA,,,,,,,,,,,,,,,,,,,594,,,On,Connected,-60.000000,2412,28,,,,NR (NR_SA)
153,1,,,-121.9314830,47.5244923,2026-01-26 19:44:07.000,_20260126_114137_CH02_TMO_5GNR_WFC_REF_TC-164.dml,,,,,,,,,,NR SA,,,,,,,,,,,,,,,,,,,594,,,On,Connected,-59.000000,2412,48,,,,NR (NR_SA)
154,1,,,-121.9314830,47.5244923,2026-01-26 19:44:08.000,_20260126_114137_CH02_TMO_5GNR_WFC_REF_TC-164.dml,,,,,,,,,,NR SA,,,,,,,,,,,,,,,,,,,594,,,On,Connected,-59.000000,2412,48,,,,NR (NR_SA)
155,1,,,-121.9314830,47.5244923,2026-01-26 19:44:09.000,_20260126_114137_CH02_TMO_5GNR_WFC_REF_TC-164.dml,,,,,,,,,,NR SA,,,,,,,,,,,,,,,,,,,594,,,On,Connected,-59.000000,2412,48,,,,NR (NR_SA)
156,1,,,-121.9314830,47.5244923,2026-01-26 19:44:10.000,_20260126_114137_CH02_TMO_5GNR_WFC_REF_TC-164.dml,,,,,,,,,,NR SA,,,,,,,,,,,,,,,,,,,594,,,On,Connected,-58.000000,2412,32,,,,NR (NR_SA)
157,1,,,-121.9314830,47.5244923,2026-01-26 19:44:11.000,_20260126_114137_CH02_TMO_5GNR_WFC_REF_TC-164.dml,,,,,,,,,,NR SA,,,,,,,,,,,,,,,,,,,594,,,On,Connected,-57.000000,2412,48,,,,NR (NR_SA)
158,1,,,-121.9314830,47.5244923,2026-01-26 19:44:12.000,_20260126_114137_CH02_TMO_5GNR_WFC_REF_TC-164.dml,,,,,,,,,,NR SA,,,,,,,,,,,,,,,,,,,594,,,On,Connected,-57.000000,2412,48,,,,NR (NR_SA)
159,1,,,-121.9314830,47.5244923,2026-01-26 19:44:13.000,_20260126_114137_CH02_TMO_5GNR_WFC_REF_TC-164.dml,,,,,,,,,,NR SA,,,,,,,,,,,,,,,,,,,594,,,On,Connected,-57.000000,2412,48,,,,NR (NR_SA)
160,1,,,-121.9314830,47.5244923,2026-01-26 19:44:14.000,_20260126_114137_CH02_TMO_5GNR_WFC_REF_TC-164.dml,,,,,,,,,,NR SA,,,,,,,,,,,,,,,,,,,594,,,On,Connected,-55.000000,2412,32,,,,NR (NR_SA)
161,1,,,-121.9314830,47.5244923,2026-01-26 19:44:15.000,_20260126_114137_CH02_TMO_5GNR_WFC_REF_TC-164.dml,,,,,,,,,,NR SA,,,,,,,,,,,,,,,,,,,594,,,On,Connected,-55.000000,2412,32,,,,NR (NR_SA)
162,1,,,-121.9314830,47.5244923,2026-01-26 19:44:16.000,_20260126_114137_CH02_TMO_5GNR_WFC_REF_TC-164.dml,,,,,,,,,,NR SA,,,,,,,,,,,,,,,,,,,594,,,On,Connected,-55.000000,2412,32,,,,NR (NR_SA)
163,1,,,-121.9314830,47.5244923,2026-01-26 19:44:17.000,_20260126_114137_CH02_TMO_5GNR_WFC_REF_TC-164.dml,,,,,,,,,,NR SA,,,,,,,,,,,,,,,,,,,594,,,On,Connected,-56.000000,2412,48,,,,NR (NR_SA)
164,1,,,-121.9314830,47.5244923,2026-01-26 19:44:18.000,_20260126_114137_CH02_TMO_5GNR_WFC_REF_TC-164.dml,,,,,,,,,,NR SA,,,,,,,,,,,,,,,,,,,594,,,On,Connected,-56.000000,2412,48,,,,NR (NR_SA)
165,1,,,-121.9314830,47.5244923,2026-01-26 19:44:19.000,_20260126_114137_CH02_TMO_5GNR_WFC_REF_TC-164.dml,,,,,,,,,,NR SA,,,,,,,,,,,,,,,,,,,594,,,On,Connected,-56.000000,2412,48,,,,NR (NR_SA)
166,1,,,-121.9314830,47.5244923,2026-01-26 19:44:20.000,_20260126_114137_CH02_TMO_5GNR_WFC_REF_TC-164.dml,,,,,,,,,,NR SA,,,,,,,,,,,,,,,,,,,594,,,On,Connected,-57.000000,2412,48,,,,NR (NR_SA)
167,1,,,-121.9314830,47.5244923,2026-01-26 19:44:21.000,_20260126_114137_CH02_TMO_5GNR_WFC_REF_TC-164.dml,,,,,,,,,,NR SA,,,,,,,,,,,,,,,,,,,594,,,On,Connected,-57.000000,2412,48,,,,NR (NR_SA)
168,1,,,-121.9314830,47.5244923,2026-01-26 19:44:22.000,_20260126_114137_CH02_TMO_5GNR_WFC_REF_TC-164.dml,,,,,,,,,,NR SA,,,,,,,,,,,,,,,,,,,594,,,On,Connected,-57.000000,2412,48,,,,NR (NR_SA)
169,1,,,-121.9314830,47.5244923,2026-01-26 19:44:23.000,_20260126_114137_CH02_TMO_5GNR_WFC_REF_TC-164.dml,,,,,,,,,,NR SA,,,,,,,,,,,,,,,,,,,594,,,On,Connected,-58.000000,2412,48,,,,NR (NR_SA)
170,1,,,-121.9314830,47.5244923,2026-01-26 19:44:24.000,_20260126_114137_CH02_TMO_5GNR_WFC_REF_TC-164.dml,,,,,,,,,,NR SA,,,,,,,,,,,,,,,,,,,594,,,On,Connected,-58.000000,2412,48,,,,NR (NR_SA)
171,1,,,-121.9314830,47.5244923,2026-01-26 19:44:25.000,_20260126_114137_CH02_TMO_5GNR_WFC_REF_TC-164.dml,,,,,,,,,,NR SA,,,,,,,,,,,,,,,,,,,594,,,On,Connected,-58.000000,2412,48,,,,NR (NR_SA)
172,1,,,-121.9314830,47.5244923,2026-01-26 19:44:26.000,_20260126_114137_CH02_TMO_5GNR_WFC_REF_TC-164.dml,,,,,,,,,,NR SA,,,,,,,,,,,,,,,,,,,594,,,On,Connected,-63.000000,2412,48,,,,NR (NR_SA)
173,1,,,-121.9314830,47.5244923,2026-01-26 19:44:27.000,_20260126_114137_CH02_TMO_5GNR_WFC_REF_TC-164.dml,,,,,,,,,,NR SA,,,,,,,,,,,,,,,,,,,594,,,On,Connected,-63.000000,2412,48,,,,NR (NR_SA)
174,1,,,-121.9314830,47.5244923,2026-01-26 19:44:28.000,_20260126_114137_CH02_TMO_5GNR_WFC_REF_TC-164.dml,,,,,,,,,,NR SA,,,,,,,,,,,,,,,,,,,594,,,On,Connected,-63.000000,2412,48,,,,NR (NR_SA)
175,1,,,-121.9314830,47.5244923,2026-01-26 19:44:29.000,_20260126_114137_CH02_TMO_5GNR_WFC_REF_TC-164.dml,,,,,,,,,,NR SA,,,,,,,,,,,,,,,,,,,594,,,On,Connected,-64.000000,2412,48,,,,NR (NR_SA)
176,1,,,-121.9314830,47.5244923,2026-01-26 19:44:30.000,_20260126_114137_CH02_TMO_5GNR_WFC_REF_TC-164.dml,,,,,,,,,,NR SA,,,,,,,,,,,,,,,,,,,594,,,On,Connected,-64.000000,2412,48,,,,NR (NR_SA)
177,1,,,-121.9314830,47.5244923,2026-01-26 19:44:31.000,_20260126_114137_CH02_TMO_5GNR_WFC_REF_TC-164.dml,,,,,,,,,,NR SA,,,,,,,,,,,,,,,,,,,594,,,On,Connected,-64.000000,2412,48,,,,NR (NR_SA)
178,1,,,-121.9314830,47.5244923,2026-01-26 19:44:32.000,_20260126_114137_CH02_TMO_5GNR_WFC_REF_TC-164.dml,,,,,,,,,,NR SA,,,,,,,,,,,,,,,,,,,594,,,On,Connected,-62.000000,2412,28,,,,NR (NR_SA)
179,1,,,-121.9314830,47.5244923,2026-01-26 19:44:33.000,_20260126_114137_CH02_TMO_5GNR_WFC_REF_TC-164.dml,,,,,,,,,,NR SA,,,,,,,,,,,,,,,,,,,594,,,On,Connected,-62.000000,2412,28,,,,NR (NR_SA)
180,1,,,-121.9314830,47.5244923,2026-01-26 19:44:34.000,_20260126_114137_CH02_TMO_5GNR_WFC_REF_TC-164.dml,,,,,,,,,,NR SA,,,,,,,,,,,,,,,,,,,594,,,On,Connected,-62.000000,2412,28,,,,NR (NR_SA)
181,1,,,-121.9314830,47.5244923,2026-01-26 19:44:35.000,_20260126_114137_CH02_TMO_5GNR_WFC_REF_TC-164.dml,,,,,,,,,,NR SA,,,,,,,,,,,,,,,,,,,594,,,On,Connected,-59.000000,2412,28,,,,NR (NR_SA)
182,1,,,-121.9314830,47.5244923,2026-01-26 19:44:36.000,_20260126_114137_CH02_TMO_5GNR_WFC_REF_TC-164.dml,,,,,,,,,,NR SA,,,,,,,,,,,,,,,,,,,594,,,On,Connected,-59.000000,2412,28,,,,NR (NR_SA)
183,1,,,-121.9314830,47.5244923,2026-01-26 19:44:37.000,_20260126_114137_CH02_TMO_5GNR_WFC_REF_TC-164.dml,,,,,,,,,,NR SA,,,,,,,,,,,,,,,,,,,594,,,On,Connected,-59.000000,2412,28,,,,NR (NR_SA)
184,1,,,-121.9314830,47.5244923,2026-01-26 19:44:38.000,_20260126_114137_CH02_TMO_5GNR_WFC_REF_TC-164.dml,,,,,,,,,,NR SA,,,,,,,,,,,,,,,,,,,594,,,On,Connected,-58.000000,2412,32,,,,NR (NR_SA)
185,1,,,-121.9314830,47.5244923,2026-01-26 19:44:39.000,_20260126_114137_CH02_TMO_5GNR_WFC_REF_TC-164.dml,,,,,,,,,,NR SA,,,,,,,,,,,,,,,,,,,594,,,On,Connected,-58.000000,2412,32,,,,NR (NR_SA)
186,1,,,-121.9314830,47.5244923,2026-01-26 19:44:40.000,_20260126_114137_CH02_TMO_5GNR_WFC_REF_TC-164.dml,,,,,,,,,,NR SA,,,,,,,,,,,,,,,,,,,594,,,On,Connected,-58.000000,2412,32,,,,NR (NR_SA)
187,1,,,-121.9314830,47.5244923,2026-01-26 19:44:41.000,_20260126_114137_CH02_TMO_5GNR_WFC_REF_TC-164.dml,,,,,,,,,,NR SA,,,,,,,,,,,,,,,,,,,594,,,On,Connected,-58.000000,2412,32,,,,NR (NR_SA)
188,1,,,-121.9314830,47.5244923,2026-01-26 19:44:42.000,_20260126_114137_CH02_TMO_5GNR_WFC_REF_TC-164.dml,,,,,,,,,,NR SA,,,,,,,,,,,,,,,,,,,594,,,On,Connected,-58.000000,2412,32,,,,NR (NR_SA)
189,1,,,-121.9314830,47.5244923,2026-01-26 19:44:43.000,_20260126_114137_CH02_TMO_5GNR_WFC_REF_TC-164.dml,,,,,,,,,,NR SA,,,,,,,,,,,,,,,,,,,594,,,On,Connected,-59.000000,2412,48,,,,NR (NR_SA)
190,1,,,-121.9314830,47.5244923,2026-01-26 19:44:44.000,_20260126_114137_CH02_TMO_5GNR_WFC_REF_TC-164.dml,,,,,,,,,,NR SA,,,,,,,,,,,,,,,,,,,594,,,On,Connected,-59.000000,2412,48,,,,NR (NR_SA)
191,1,,,-121.9314830,47.5244923,2026-01-26 19:44:45.000,_20260126_114137_CH02_TMO_5GNR_WFC_REF_TC-164.dml,,,,,,,,,,NR SA,,,,,,,,,,,,,,,,,,,594,,,On,Connected,-59.000000,2412,48,,,,NR (NR_SA)
192,1,,,-121.9314830,47.5244923,2026-01-26 19:44:46.000,_20260126_114137_CH02_TMO_5GNR_WFC_REF_TC-164.dml,,,,,,,,,,NR SA,,,,,,,,,,,,,,,,,,,594,,,On,Connected,-59.000000,2412,48,,,,NR (NR_SA)
193,1,,,-121.9314830,47.5244923,2026-01-26 19:44:47.000,_20260126_114137_CH02_TMO_5GNR_WFC_REF_TC-164.dml,,,,,,,,,,NR SA,,,,,,,,,,,,,,,,,,,594,,,On,Connected,-59.000000,2412,48,,,,NR (NR_SA)
194,1,,,-121.9314830,47.5244923,2026-01-26 19:44:48.000,_20260126_114137_CH02_TMO_5GNR_WFC_REF_TC-164.dml,,,,,,,,,,NR SA,,,,,,,,,,,,,,,,,,,594,,,On,Connected,-59.000000,2412,48,,,,NR (NR_SA)
195,1,,,-121.9314830,47.5244923,2026-01-26 19:44:49.000,_20260126_114137_CH02_TMO_5GNR_WFC_REF_TC-164.dml,,,,,,,,,,NR SA,,,,,,,,,,,,,,,,,,,594,,,On,Connected,-58.000000,2412,32,,,,NR (NR_SA)
196,1,,,-121.9314830,47.5244923,2026-01-26 19:44:50.000,_20260126_114137_CH02_TMO_5GNR_WFC_REF_TC-164.dml,,,,,,,,,,NR SA,,,,,,,,,,,,,,,,,,,594,,,On,Connected,-58.000000,2412,32,,,,NR (NR_SA)
197,1,,,-121.9314830,47.5244923,2026-01-26 19:44:51.000,_20260126_114137_CH02_TMO_5GNR_WFC_REF_TC-164.dml,,,,,,,,,,NR SA,,,,,,,,,,,,,,,,,,,594,,,On,Connected,-58.000000,2412,32,,,,NR (NR_SA)
198,1,,,-121.9314830,47.5244923,2026-01-26 19:44:52.000,_20260126_114137_CH02_TMO_5GNR_WFC_REF_TC-164.dml,,,,,,,,,,NR SA,,,,,,,,,,,,,,,,,,,594,,,On,Connected,-60.000000,2412,48,,,,NR (NR_SA)
199,1,,,-121.9314830,47.5244923,2026-01-26 19:44:53.000,_20260126_114137_CH02_TMO_5GNR_WFC_REF_TC-164.dml,,,,,,,,,,NR SA,,,,,,,,,,,,,,,,,,,594,,,On,Connected,-60.000000,2412,48,,,,NR (NR_SA)
200,1,,,-121.9314830,47.5244923,2026-01-26 19:44:54.000,_20260126_114137_CH02_TMO_5GNR_WFC_REF_TC-164.dml,,,,,,,,,,NR SA,,,,,,,,,,,,,,,,,,,594,,,On,Connected,-60.000000,2412,48,,,,NR (NR_SA)
201,1,,,-121.9314830,47.5244923,2026-01-26 19:44:55.000,_20260126_114137_CH02_TMO_5GNR_WFC_REF_TC-164.dml,,,,,,,,,,NR SA,,,,,,,,,,,,,,,,,,,594,,,On,Connected,-57.000000,2412,48,,,,NR (NR_SA)
202,1,,,-121.9314830,47.5244923,2026-01-26 19:44:56.000,_20260126_114137_CH02_TMO_5GNR_WFC_REF_TC-164.dml,,,,,,,,,,NR SA,,,,,,,,,,,,,,,,,,,594,,,On,Connected,-57.000000,2412,48,,,,NR (NR_SA)
203,1,,,-121.9314830,47.5244923,2026-01-26 19:44:57.000,_20260126_114137_CH02_TMO_5GNR_WFC_REF_TC-164.dml,,,,,,,,,,NR SA,,,,,,,,,,,,,,,,,,,594,,,On,Connected,-57.000000,2412,48,,,,NR (NR_SA)
204,1,,,-121.9314830,47.5244923,2026-01-26 19:44:58.000,_20260126_114137_CH02_TMO_5GNR_WFC_REF_TC-164.dml,,,,,,,,,,NR SA,,,,,,,,,,,,,,,,,,,594,,,On,Connected,-56.000000,2412,32,,,,NR (NR_SA)
205,1,,,-121.9314830,47.5244923,2026-01-26 19:44:59.000,_20260126_114137_CH02_TMO_5GNR_WFC_REF_TC-164.dml,,,,,,,,,,NR SA,,,,,,,,,,,,,,,,,,,594,,,On,Connected,-56.000000,2412,32,,,,NR (NR_SA)
206,1,,,-121.9314830,47.5244923,2026-01-26 19:45:00.000,_20260126_114137_CH02_TMO_5GNR_WFC_REF_TC-164.dml,,,,,,,,,,NR SA,,,,,,,,,,,,,,,,,,,594,,,On,Connected,-56.000000,2412,32,,,,NR (NR_SA)
207,1,,,-121.9314830,47.5244923,2026-01-26 19:45:01.000,_20260126_114137_CH02_TMO_5GNR_WFC_REF_TC-164.dml,,,,,,,,,,NR SA,,,,,,,,,,,,,,,,,,,594,,,On,Connected,-60.000000,2412,32,,,,NR (NR_SA)
208,1,,,-121.9314830,47.5244923,2026-01-26 19:45:02.000,_20260126_114137_CH02_TMO_5GNR_WFC_REF_TC-164.dml,,,,,,,,,,NR SA,,,,,,,,,,,,,,,,,,,594,,,On,Connected,-60.000000,2412,32,,,,NR (NR_SA)
209,1,,,-121.9314830,47.5244923,2026-01-26 19:45:03.000,_20260126_114137_CH02_TMO_5GNR_WFC_REF_TC-164.dml,,,,,,,,,,NR SA,,,,,,,,,,,,,,,,,,,594,,,On,Connected,-60.000000,2412,32,,,,NR (NR_SA)
210,1,,,-121.9314830,47.5244923,2026-01-26 19:45:04.000,_20260126_114137_CH02_TMO_5GNR_WFC_REF_TC-164.dml,,,,,,,,,,NR SA,,,,,,,,,,,,,,,,,,,594,,,On,Connected,-61.000000,2412,48,,,,NR (NR_SA)
211,1,,,-121.9314830,47.5244923,2026-01-26 19:45:05.000,_20260126_114137_CH02_TMO_5GNR_WFC_REF_TC-164.dml,,,,,,,,,,NR SA,,,,,,,,,,,,,,,,,,,594,,,On,Connected,-61.000000,2412,48,,,,NR (NR_SA)
212,1,,,-121.9314830,47.5244923,2026-01-26 19:45:06.000,_20260126_114137_CH02_TMO_5GNR_WFC_REF_TC-164.dml,,,,,,,,,,NR SA,,,,,,,,,,,,,,,,,,,594,,,On,Connected,-61.000000,2412,48,,,,NR (NR_SA)
213,1,,,-121.9314830,47.5244923,2026-01-26 19:45:07.000,_20260126_114137_CH02_TMO_5GNR_WFC_REF_TC-164.dml,,,,,,,,,,NR SA,,,,,,,,,,,,,,,,,,,594,,,On,Connected,-57.000000,2412,48,,,,NR (NR_SA)
214,1,,,-121.9314830,47.5244923,2026-01-26 19:45:08.000,_20260126_114137_CH02_TMO_5GNR_WFC_REF_TC-164.dml,,,,,,,,,,NR SA,,,,,,,,,,,,,,,,,,,594,,,On,Connected,-57.000000,2412,48,,,,NR (NR_SA)
215,1,,,-121.9314830,47.5244923,2026-01-26 19:45:09.000,_20260126_114137_CH02_TMO_5GNR_WFC_REF_TC-164.dml,,,,,,,,,,NR SA,,,,,,,,,,,,,,,,,,,594,,,On,Connected,-57.000000,2412,48,,,,NR (NR_SA)
216,1,,,-121.9314830,47.5244923,2026-01-26 19:45:10.000,_20260126_114137_CH02_TMO_5GNR_WFC_REF_TC-164.dml,,,,,,,,,,NR SA,,,,,,,,,,,,,,,,,,,594,,,On,Connected,-61.000000,2412,32,,,,NR (NR_SA)
217,1,,,-121.9314830,47.5244923,2026-01-26 19:45:11.000,_20260126_114137_CH02_TMO_5GNR_WFC_REF_TC-164.dml,,,,,,,,,,NR SA,,,,,,,,,,,,,,,,,,,594,,,On,Connected,-61.000000,2412,32,,,,NR (NR_SA)
218,1,,,-121.9314830,47.5244923,2026-01-26 19:45:12.000,_20260126_114137_CH02_TMO_5GNR_WFC_REF_TC-164.dml,,,,,,,,,,NR SA,,,,,,,,,,,,,,,,,,,594,,,On,Connected,-61.000000,2412,32,,,,NR (NR_SA)
219,1,,,-121.9314830,47.5244923,2026-01-26 19:45:13.000,_20260126_114137_CH02_TMO_5GNR_WFC_REF_TC-164.dml,,,,,,,,,,NR SA,,,,,,,,,,,,,,,,,,,594,,,On,Connected,-62.000000,2412,28,,,,NR (NR_SA)
220,1,,,-121.9314830,47.5244923,2026-01-26 19:45:14.000,_20260126_114137_CH02_TMO_5GNR_WFC_REF_TC-164.dml,,,,,,,,,,NR SA,,,,,,,,,,,,,,,,,,,594,,,On,Connected,-62.000000,2412,28,,,,NR (NR_SA)
221,1,,,-121.9314830,47.5244923,2026-01-26 19:45:15.000,_20260126_114137_CH02_TMO_5GNR_WFC_REF_TC-164.dml,,,,,,,,,,NR SA,,,,,,,,,,,,,,,,,,,594,,,On,Connected,-62.000000,2412,28,,,,NR (NR_SA)
222,1,,,-121.9314830,47.5244923,2026-01-26 19:45:16.000,_20260126_114137_CH02_TMO_5GNR_WFC_REF_TC-164.dml,,,,,,,,,,NR SA,,,,,,,,,,,,,,,,,,,594,,,On,Connected,-62.000000,2412,28,,,,NR (NR_SA)
223,1,,,-121.9314830,47.5244923,2026-01-26 19:45:17.000,_20260126_114137_CH02_TMO_5GNR_WFC_REF_TC-164.dml,,,,,,,,,,NR SA,,,,,,,,,,,,,,,,,,,594,,,On,Connected,-63.000000,2412,48,,,,NR (NR_SA)
224,1,,,-121.9314830,47.5244923,2026-01-26 19:45:18.000,_20260126_114137_CH02_TMO_5GNR_WFC_REF_TC-164.dml,,,,,,,,,,NR SA,,,,,,,,,,,,,,,,,,,594,,,On,Connected,-63.000000,2412,48,,,,NR (NR_SA)
225,1,,,-121.9314830,47.5244923,2026-01-26 19:45:19.000,_20260126_114137_CH02_TMO_5GNR_WFC_REF_TC-164.dml,,,,,,,,,,NR SA,,,,,,,,,,,,,,,,,,,594,,,On,Connected,-63.000000,2412,48,,,,NR (NR_SA)
226,1,,,-121.9314830,47.5244923,2026-01-26 19:45:20.000,_20260126_114137_CH02_TMO_5GNR_WFC_REF_TC-164.dml,,,,,,,,,,NR SA,,,,,,,,,,,,,,,,,,,594,,,On,Connected,-59.000000,2412,48,,,,IWLAN
227,1,,,-121.9314830,47.5244923,2026-01-26 19:45:21.000,_20260126_114137_CH02_TMO_5GNR_WFC_REF_TC-164.dml,,,,,,,,,,NR SA,,,,,,,,,,,,,,,,,,,594,,,On,Connected,-59.000000,2412,48,,,,IWLAN
228,1,,,-121.9314830,47.5244923,2026-01-26 19:45:22.000,_20260126_114137_CH02_TMO_5GNR_WFC_REF_TC-164.dml,,,,,,,,,,NR SA,,,,,,,,,,,,,,,,,,,594,,,On,Connected,-59.000000,2412,48,,,,IWLAN
229,1,,,-121.9314830,47.5244923,2026-01-26 19:45:23.000,_20260126_114137_CH02_TMO_5GNR_WFC_REF_TC-164.dml,,,,,,,,,,NR SA,,,,,,,,,,,,,,,,,,,594,,,On,Connected,-58.000000,2412,48,,,,IWLAN
230,1,,,-121.9314830,47.5244923,2026-01-26 19:45:24.000,_20260126_114137_CH02_TMO_5GNR_WFC_REF_TC-164.dml,,,,,,,,,,NR SA,,,,,,,,,,,,,,,,,,,594,,,On,Connected,-58.000000,2412,48,,,,IWLAN
231,1,,,-121.9314830,47.5244923,2026-01-26 19:45:25.000,_20260126_114137_CH02_TMO_5GNR_WFC_REF_TC-164.dml,,,,,,,,,,NR SA,,,,,,,,,,,,,,,,,,,594,,,On,Connected,-58.000000,2412,48,,,,IWLAN
232,1,,,-121.9314830,47.5244923,2026-01-26 19:45:26.000,_20260126_114137_CH02_TMO_5GNR_WFC_REF_TC-164.dml,,,,,,,,,,NR SA,,,,,,,,,,,,,,,,,,,594,,,On,Connected,-57.000000,2412,48,,,,IWLAN
233,1,,,-121.9314830,47.5244923,2026-01-26 19:45:27.000,_20260126_114137_CH02_TMO_5GNR_WFC_REF_TC-164.dml,,,,,,,,,,NR SA,,,,,,,,,,,,,,,,,,,594,,,On,Connected,-57.000000,2412,48,,,,IWLAN
234,1,,,-121.9314830,47.5244923,2026-01-26 19:45:28.000,_20260126_114137_CH02_TMO_5GNR_WFC_REF_TC-164.dml,,,,,,,,,,NR SA,,,,,,,,,,,,,,,,,,,594,,,On,Connected,-57.000000,2412,48,,,,IWLAN
235,1,,,-121.9314830,47.5244923,2026-01-26 19:45:29.000,_20260126_114137_CH02_TMO_5GNR_WFC_REF_TC-164.dml,,,,,,,,,,NR SA,,,,,,,,,,,,,,,,,,,594,,,On,Connected,-57.000000,2412,64,,,,IWLAN
236,1,,,-121.9314830,47.5244923,2026-01-26 19:45:30.000,_20260126_114137_CH02_TMO_5GNR_WFC_REF_TC-164.dml,,,,,,,,,,NR SA,,,,,,,,,,,,,,,,,,,594,,,On,Connected,-57.000000,2412,64,,,,IWLAN
237,1,,,-121.9314830,47.5244923,2026-01-26 19:45:31.000,_20260126_114137_CH02_TMO_5GNR_WFC_REF_TC-164.dml,,,,,,,,,,NR SA,,,,,,,,,,,,,,,,,,,594,,,On,Connected,-57.000000,2412,64,,,,IWLAN
238,1,,,-121.9314830,47.5244923,2026-01-26 19:45:32.000,_20260126_114137_CH02_TMO_5GNR_WFC_REF_TC-164.dml,,,,,,,,,,NR SA,,,,,,,,,,,,,,,,,,,594,,,On,Connected,-55.000000,2412,98,,,,IWLAN
239,1,,,-121.9314830,47.5244923,2026-01-26 19:45:33.000,_20260126_114137_CH02_TMO_5GNR_WFC_REF_TC-164.dml,,,,,,,,,,NR SA,,,,,,,,,,,,,,,,,,,594,,,On,Connected,-55.000000,2412,98,,,,IWLAN
240,1,,,-121.9314830,47.5244923,2026-01-26 19:45:34.000,_20260126_114137_CH02_TMO_5GNR_WFC_REF_TC-164.dml,,,,,,,,,,NR SA,,,,,,,,,,,,,,,,,,,594,,,On,Connected,-55.000000,2412,98,,,,IWLAN
241,1,,,-121.9314830,47.5244923,2026-01-26 19:45:35.000,_20260126_114137_CH02_TMO_5GNR_WFC_REF_TC-164.dml,,,,,,,,,,NR SA,,,,,,,,,,,,,,,,,,,594,,,On,Connected,-55.000000,2412,69,,,,IWLAN
242,1,,,-121.9314830,47.5244923,2026-01-26 19:45:36.000,_20260126_114137_CH02_TMO_5GNR_WFC_REF_TC-164.dml,,,,,,,,,,NR SA,,,,,,,,,,,,,,,,,,,594,,,On,Connected,-55.000000,2412,69,,,,IWLAN
243,1,,,-121.9314830,47.5244923,2026-01-26 19:45:37.000,_20260126_114137_CH02_TMO_5GNR_WFC_REF_TC-164.dml,,,,,,,,,,NR SA,,,,,,,,,,,,,,,,,,,594,,,On,Connected,-55.000000,2412,69,,,,IWLAN
244,1,,,-121.9314830,47.5244923,2026-01-26 19:45:38.000,_20260126_114137_CH02_TMO_5GNR_WFC_REF_TC-164.dml,,,,,,,,,,NR SA,,,,,,,,,,,,,,,,,,,594,,,On,Connected,-56.000000,2412,69,,,,IWLAN
245,1,,,-121.9314830,47.5244923,2026-01-26 19:45:39.000,_20260126_114137_CH02_TMO_5GNR_WFC_REF_TC-164.dml,,,,,,,,,,NR SA,,,,,,,,,,,,,,,,,,,594,,,On,Connected,-56.000000,2412,69,,,,
246,1,,,-121.9314830,47.5244923,2026-01-26 19:45:40.000,_20260126_114137_CH02_TMO_5GNR_WFC_REF_TC-164.dml,,,,,,,,,,NR SA,,,,,,,,,,,,,,,,,,,594,,,On,Connected,-56.000000,2412,69,,,,IWLAN
247,1,,,-121.9314830,47.5244923,2026-01-26 19:45:41.000,_20260126_114137_CH02_TMO_5GNR_WFC_REF_TC-164.dml,,,,,,,,,,NR SA,,,,,,,,,,,,,,,,,,,594,,,On,Connected,-56.000000,2412,69,,,,IWLAN
248,1,,,-121.9314830,47.5244923,2026-01-26 19:45:42.000,_20260126_114137_CH02_TMO_5GNR_WFC_REF_TC-164.dml,,,,,,,,,,NR SA,,,,,,,,,,,,,,,,,,,594,,,On,Connected,-56.000000,2412,69,,,,IWLAN
249,1,,,-121.9314830,47.5244923,2026-01-26 19:45:43.000,_20260126_114137_CH02_TMO_5GNR_WFC_REF_TC-164.dml,,,,,,,,,,NR SA,,,,,,,,,,,,,,,,,,,594,,,On,Connected,-56.000000,2412,69,,,,IWLAN
250,1,,,-121.9314830,47.5244923,2026-01-26 19:45:44.000,_20260126_114137_CH02_TMO_5GNR_WFC_REF_TC-164.dml,,,,,,,,,,NR SA,,,,,,,,,,,,,,,,,,,594,,,On,Connected,-57.000000,2412,69,,,,IWLAN
251,1,,,-121.9314830,47.5244923,2026-01-26 19:45:45.000,_20260126_114137_CH02_TMO_5GNR_WFC_REF_TC-164.dml,,,,,,,,,,NR SA,,,,,,,,,,,,,,,,,,,594,,,On,Connected,-57.000000,2412,69,,,,IWLAN
252,1,,,-121.9314830,47.5244923,2026-01-26 19:45:46.000,_20260126_114137_CH02_TMO_5GNR_WFC_REF_TC-164.dml,,,,,,,,,,NR SA,,,,,,,,,,,,,,,,,,,594,,,On,Connected,-57.000000,2412,69,,,,IWLAN
253,1,,,-121.9314830,47.5244923,2026-01-26 19:45:47.000,_20260126_114137_CH02_TMO_5GNR_WFC_REF_TC-164.dml,,,,,,,,,,NR SA,,,,,,,,,,,,,,,,,,,594,,,On,Connected,-58.000000,2412,69,,,,IWLAN
254,1,,,-121.9314830,47.5244923,2026-01-26 19:45:48.000,_20260126_114137_CH02_TMO_5GNR_WFC_REF_TC-164.dml,,,,,,,,,,NR SA,,,,,,,,,,,,,,,,,,,594,,,On,Connected,-60.000000,2412,32,,,,IWLAN
255,1,,,-121.9314830,47.5244923,2026-01-26 19:45:49.000,_20260126_114137_CH02_TMO_5GNR_WFC_REF_TC-164.dml,,,,,,,,,,NR SA,,,,,,,,,,,,,,,,,,,594,,,On,Connected,-60.000000,2412,32,,,,IWLAN
256,1,,,-121.9314830,47.5244923,2026-01-26 19:45:50.000,_20260126_114137_CH02_TMO_5GNR_WFC_REF_TC-164.dml,,,,,,,,,,NR SA,,,,,,,,,,,,,,,,,,,594,,,On,Connected,-60.000000,2412,32,,,,IWLAN
257,1,,,-121.9314830,47.5244923,2026-01-26 19:45:51.000,_20260126_114137_CH02_TMO_5GNR_WFC_REF_TC-164.dml,,,,,,,,,,NR SA,,,,,,,,,,,,,,,,,,,594,,,On,Connected,-64.000000,2412,32,,,,IWLAN
258,1,,,-121.9314830,47.5244923,2026-01-26 19:45:52.000,_20260126_114137_CH02_TMO_5GNR_WFC_REF_TC-164.dml,,,,,,,,,,NR SA,,,,,,,,,,,,,,,,,,,594,,,On,Connected,-64.000000,2412,32,,,,IWLAN
259,1,,,-121.9314830,47.5244923,2026-01-26 19:45:53.000,_20260126_114137_CH02_TMO_5GNR_WFC_REF_TC-164.dml,,,,,,,,,,NR SA,,,,,,,,,,,,,,,,,,,594,,,On,Connected,-64.000000,2412,32,,,,IWLAN
260,1,,,-121.9314830,47.5244923,2026-01-26 19:45:54.000,_20260126_114137_CH02_TMO_5GNR_WFC_REF_TC-164.dml,,,,,,,,,,NR SA,,,,,,,,,,,,,,,,,,,594,,,On,Connected,-64.000000,2412,32,,,,IWLAN
261,1,,,-121.9314830,47.5244923,2026-01-26 19:45:55.000,_20260126_114137_CH02_TMO_5GNR_WFC_REF_TC-164.dml,,,,,,,,,,NR SA,,,,,,,,,,,,,,,,,,,594,,,On,Connected,-64.000000,2412,32,,,,IWLAN
262,1,,,-121.9314830,47.5244923,2026-01-26 19:45:56.000,_20260126_114137_CH02_TMO_5GNR_WFC_REF_TC-164.dml,,,,,,,,,,NR SA,,,,,,,,,,,,,,,,,,,594,,,On,Connected,-64.000000,2412,32,,,,IWLAN
263,1,,,-121.9314830,47.5244923,2026-01-26 19:45:57.000,_20260126_114137_CH02_TMO_5GNR_WFC_REF_TC-164.dml,,,,,,,,,,NR SA,,,,,,,,,,,,,,,,,,,594,,,On,Connected,-61.000000,2412,49,,,,IWLAN
264,1,,,-121.9314830,47.5244923,2026-01-26 19:45:58.000,_20260126_114137_CH02_TMO_5GNR_WFC_REF_TC-164.dml,,,,,,,,,,NR SA,,,,,,,,,,,,,,,,,,,594,,,On,Connected,-61.000000,2412,49,,,,IWLAN
265,1,,,-121.9314830,47.5244923,2026-01-26 19:45:59.000,_20260126_114137_CH02_TMO_5GNR_WFC_REF_TC-164.dml,,,,,,,,,,NR SA,,,,,,,,,,,,,,,,,,,594,,,On,Connected,-61.000000,2412,49,,,,IWLAN
266,1,,,-121.9314830,47.5244923,2026-01-26 19:46:00.000,_20260126_114137_CH02_TMO_5GNR_WFC_REF_TC-164.dml,,,,,,,,,,NR SA,,,,,,,,,,,,,,,,,,,594,,,On,Connected,-61.000000,2412,69,,,,IWLAN
267,1,,,-121.9314830,47.5244923,2026-01-26 19:46:01.000,_20260126_114137_CH02_TMO_5GNR_WFC_REF_TC-164.dml,,,,,,,,,,NR SA,,,,,,,,,,,,,,,,,,,594,,,On,Connected,-61.000000,2412,69,,,,IWLAN
268,1,,,-121.9314830,47.5244923,2026-01-26 19:46:02.000,_20260126_114137_CH02_TMO_5GNR_WFC_REF_TC-164.dml,,,,,,,,,,NR SA,,,,,,,,,,,,,,,,,,,594,,,On,Connected,-61.000000,2412,69,,,,IWLAN
269,1,,,-121.9314830,47.5244923,2026-01-26 19:46:03.000,_20260126_114137_CH02_TMO_5GNR_WFC_REF_TC-164.dml,,,,,,,,,,NR SA,,,,,,,,,,,,,,,,,,,594,,,On,Connected,-61.000000,2412,69,,,,IWLAN
270,1,,,-121.9314830,47.5244923,2026-01-26 19:46:04.000,_20260126_114137_CH02_TMO_5GNR_WFC_REF_TC-164.dml,,,,,,,,,,NR SA,,,,,,,,,,,,,,,,,,,594,,,On,Connected,-61.000000,2412,69,,,,IWLAN
271,1,,,-121.9314830,47.5244923,2026-01-26 19:46:05.000,_20260126_114137_CH02_TMO_5GNR_WFC_REF_TC-164.dml,,,,,,,,,,NR SA,,,,,,,,,,,,,,,,,,,594,,,On,Connected,-61.000000,2412,69,,,,IWLAN
272,1,,,-121.9314830,47.5244923,2026-01-26 19:46:06.000,_20260126_114137_CH02_TMO_5GNR_WFC_REF_TC-164.dml,,,,,,,,,,NR SA,,,,,,,,,,,,,,,,,,,594,,,On,Connected,-60.000000,2412,48,,,,IWLAN
273,1,,,-121.9314830,47.5244923,2026-01-26 19:46:07.000,_20260126_114137_CH02_TMO_5GNR_WFC_REF_TC-164.dml,,,,,,,,,,NR SA,,,,,,,,,,,,,,,,,,,594,,,On,Connected,-60.000000,2412,48,,,,IWLAN
274,1,,,-121.9314830,47.5244923,2026-01-26 19:46:08.000,_20260126_114137_CH02_TMO_5GNR_WFC_REF_TC-164.dml,,,,,,,,,,NR SA,,,,,,,,,,,,,,,,,,,594,,,On,Connected,-60.000000,2412,48,,,,IWLAN
275,1,,,-121.9314830,47.5244923,2026-01-26 19:46:09.000,_20260126_114137_CH02_TMO_5GNR_WFC_REF_TC-164.dml,,,,,,,,,,NR SA,,,,,,,,,,,,,,,,,,,594,,,On,Connected,-61.000000,2412,44,,,,IWLAN
276,1,,,-121.9314830,47.5244923,2026-01-26 19:46:10.000,_20260126_114137_CH02_TMO_5GNR_WFC_REF_TC-164.dml,,,,,,,,,,NR SA,,,,,,,,,,,,,,,,,,,594,,,On,Connected,-61.000000,2412,44,,,,IWLAN
277,1,,,-121.9314830,47.5244923,2026-01-26 19:46:11.000,_20260126_114137_CH02_TMO_5GNR_WFC_REF_TC-164.dml,,,,,,,,,,NR SA,,,,,,,,,,,,,,,,,,,594,,,On,Connected,-61.000000,2412,44,,,,IWLAN
278,1,,,-121.9314830,47.5244923,2026-01-26 19:46:12.000,_20260126_114137_CH02_TMO_5GNR_WFC_REF_TC-164.dml,,,,,,,,,,NR SA,,,,,,,,,,,,,,,,,,,594,,,On,Connected,-61.000000,2412,48,,,,IWLAN
279,1,,,-121.9314830,47.5244923,2026-01-26 19:46:13.000,_20260126_114137_CH02_TMO_5GNR_WFC_REF_TC-164.dml,,,,,,,,,,NR SA,,,,,,,,,,,,,,,,,,,594,,,On,Connected,-61.000000,2412,48,,,,IWLAN
280,1,,,-121.9314830,47.5244923,2026-01-26 19:46:14.000,_20260126_114137_CH02_TMO_5GNR_WFC_REF_TC-164.dml,,,,,,,,,,NR SA,,,,,,,,,,,,,,,,,,,594,,,On,Connected,-61.000000,2412,48,,,,IWLAN
281,1,,,-121.9314830,47.5244923,2026-01-26 19:46:15.000,_20260126_114137_CH02_TMO_5GNR_WFC_REF_TC-164.dml,,,,,,,,,,NR SA,,,,,,,,,,,,,,,,,,,594,,,On,Connected,-61.000000,2412,48,,,,IWLAN
282,1,,,-121.9314830,47.5244923,2026-01-26 19:46:16.000,_20260126_114137_CH02_TMO_5GNR_WFC_REF_TC-164.dml,,,,,,,,,,NR SA,,,,,,,,,,,,,,,,,,,594,,,On,Connected,-61.000000,2412,48,,,,IWLAN
283,1,,,-121.9314830,47.5244923,2026-01-26 19:46:17.000,_20260126_114137_CH02_TMO_5GNR_WFC_REF_TC-164.dml,,,,,,,,,,NR SA,,,,,,,,,,,,,,,,,,,594,,,On,Connected,-61.000000,2412,48,,,,IWLAN
284,1,,,-121.9314830,47.5244923,2026-01-26 19:46:18.000,_20260126_114137_CH02_TMO_5GNR_WFC_REF_TC-164.dml,,,,,,,,,,NR SA,,,,,,,,,,,,,,,,,,,594,,,On,Connected,-63.000000,2412,32,,,,IWLAN
285,1,,,-121.9314830,47.5244923,2026-01-26 19:46:19.000,_20260126_114137_CH02_TMO_5GNR_WFC_REF_TC-164.dml,,,,,,,,,,NR SA,,,,,,,,,,,,,,,,,,,594,,,On,Connected,-63.000000,2412,32,,,,IWLAN
286,1,,,-121.9314830,47.5244923,2026-01-26 19:46:20.000,_20260126_114137_CH02_TMO_5GNR_WFC_REF_TC-164.dml,,,,,,,,,,NR SA,,,,,,,,,,,,,,,,,,,594,,,On,Connected,-63.000000,2412,32,,,,IWLAN
287,1,,,-121.9314830,47.5244923,2026-01-26 19:46:21.000,_20260126_114137_CH02_TMO_5GNR_WFC_REF_TC-164.dml,,,,,,,,,,NR SA,,,,,,,,,,,,,,,,,,,594,,,On,Connected,-63.000000,2412,32,,,,IWLAN
288,1,,,-121.9314830,47.5244923,2026-01-26 19:46:22.000,_20260126_114137_CH02_TMO_5GNR_WFC_REF_TC-164.dml,,,,,,,,,,NR SA,,,,,,,,,,,,,,,,,,,594,,,On,Connected,-63.000000,2412,32,,,,IWLAN
289,1,,,-121.9314830,47.5244923,2026-01-26 19:46:23.000,_20260126_114137_CH02_TMO_5GNR_WFC_REF_TC-164.dml,,,,,,,,,,NR SA,,,,,,,,,,,,,,,,,,,594,,,,Connected,,,,,,,IWLAN
290,1,,,-121.9314830,47.5244923,2026-01-26 19:46:24.000,_20260126_114137_CH02_TMO_5GNR_WFC_REF_TC-164.dml,,,,,,,,,,NR SA,,,,,,,,,,,,,,,,,,,594,,,On,Connected,-63.000000,2412,32,,,,IWLAN
291,1,,,-121.9314830,47.5244923,2026-01-26 19:46:25.000,_20260126_114137_CH02_TMO_5GNR_WFC_REF_TC-164.dml,,,,,,,,,,NR SA,,,,,,,,,,,,,,,,,,,594,,,On,Connected,-63.000000,2412,32,,,,IWLAN
292,1,,,-121.9314830,47.5244923,2026-01-26 19:46:26.000,_20260126_114137_CH02_TMO_5GNR_WFC_REF_TC-164.dml,,,,,,,,,,NR SA,,,,,,,,,,,,,,,,,,,594,,,On,Connected,-63.000000,2412,32,,,,IWLAN
293,1,,,-121.9314830,47.5244923,2026-01-26 19:46:27.000,_20260126_114137_CH02_TMO_5GNR_WFC_REF_TC-164.dml,,,,,,,,,,NR SA,,,,,,,,,,,,,,,,,,,594,,,On,Connected,-63.000000,2412,32,,,,IWLAN
294,1,,,-121.9314830,47.5244923,2026-01-26 19:46:28.000,_20260126_114137_CH02_TMO_5GNR_WFC_REF_TC-164.dml,,,,,,,,,,NR SA,,,,,,,,,,,,,,,,,,,594,,,On,Connected,-63.000000,2412,32,,,,IWLAN
295,1,,,-121.9314830,47.5244923,2026-01-26 19:46:29.000,_20260126_114137_CH02_TMO_5GNR_WFC_REF_TC-164.dml,,,,,,,,,,NR SA,,,,,,,,,,,,,,,,,,,594,,,On,Connected,-63.000000,2412,32,,,,IWLAN
296,1,,,-121.9314830,47.5244923,2026-01-26 19:46:30.000,_20260126_114137_CH02_TMO_5GNR_WFC_REF_TC-164.dml,,,,,,,,,,NR SA,,,,,,,,,,,,,,,,,,,594,,,On,Connected,-63.000000,2412,32,,,,IWLAN
297,1,,,-121.9314830,47.5244923,2026-01-26 19:46:31.000,_20260126_114137_CH02_TMO_5GNR_WFC_REF_TC-164.dml,,,,,,,,,,NR SA,,,,,,,,,,,,,,,,,,,594,,,On,Connected,-63.000000,2412,32,,,,IWLAN
298,1,,,-121.9314830,47.5244923,2026-01-26 19:46:32.000,_20260126_114137_CH02_TMO_5GNR_WFC_REF_TC-164.dml,,,,,,,,,,NR SA,,,,,,,,,,,,,,,,,,,594,,,On,Connected,-64.000000,2412,49,,,,IWLAN
299,1,,,-121.9314830,47.5244923,2026-01-26 19:46:33.000,_20260126_114137_CH02_TMO_5GNR_WFC_REF_TC-164.dml,,,,,,,,,,NR SA,,,,,,,,,,,,,,,,,,,594,,,,Connected,,,,,,,IWLAN
300,1,,,-121.9314830,47.5244923,2026-01-26 19:46:34.000,_20260126_114137_CH02_TMO_5GNR_WFC_REF_TC-164.dml,,,,,,,,,,NR SA,,,,,,,,,,,,,,,,,,,594,,,On,Connected,-64.500000,2412,32,,,,IWLAN
301,1,,,-121.9314830,47.5244923,2026-01-26 19:46:35.000,_20260126_114137_CH02_TMO_5GNR_WFC_REF_TC-164.dml,,,,,,,,,,NR SA,,,,,,,,,,,,,,,,,,,594,,,On,Connected,-65.000000,2412,32,,,,IWLAN
302,1,,,-121.9314830,47.5244923,2026-01-26 19:46:36.000,_20260126_114137_CH02_TMO_5GNR_WFC_REF_TC-164.dml,,,,,,,,,,NR SA,,,,,,,,,,,,,,,,,,,594,,,On,Connected,-65.000000,2412,32,,,,IWLAN
303,1,,,-121.9314830,47.5244923,2026-01-26 19:46:37.000,_20260126_114137_CH02_TMO_5GNR_WFC_REF_TC-164.dml,,,,,,,,,,NR SA,,,,,,,,,,,,,,,,,,,594,,,On,Connected,-68.000000,2412,32,,,,IWLAN
304,1,,,-121.9314830,47.5244923,2026-01-26 19:46:38.000,_20260126_114137_CH02_TMO_5GNR_WFC_REF_TC-164.dml,,,,,,,,,,NR SA,,,,,,,,,,,,,,,,,,,594,,,,Connected,,,,,,,IWLAN
305,1,,,-121.9314830,47.5244923,2026-01-26 19:46:39.000,_20260126_114137_CH02_TMO_5GNR_WFC_REF_TC-164.dml,,,,,,,,,,NR SA,,,,,,,,,,,,,,,,,,,594,,,On,Connected,-68.000000,2412,32,,,,IWLAN
306,1,,,-121.9314830,47.5244923,2026-01-26 19:46:40.000,_20260126_114137_CH02_TMO_5GNR_WFC_REF_TC-164.dml,,,,,,,,,,NR SA,,,,,,,,,,,,,,,,,,,594,,,,Connected,,,,,,,IWLAN
307,1,,,-121.9314830,47.5244923,2026-01-26 19:46:41.000,_20260126_114137_CH02_TMO_5GNR_WFC_REF_TC-164.dml,,,,,,,,,,NR SA,,,,,,,,,,,,,,,,,,,594,,,On,Connected,-67.000000,2412,32,,,,IWLAN
308,1,,,-121.9314830,47.5244923,2026-01-26 19:46:42.000,_20260126_114137_CH02_TMO_5GNR_WFC_REF_TC-164.dml,,,,,,,,,,NR SA,,,,,,,,,,,,,,,,,,,594,,,On,Connected,-67.000000,2412,32,,,,IWLAN
309,1,,,-121.9314830,47.5244923,2026-01-26 19:46:43.000,_20260126_114137_CH02_TMO_5GNR_WFC_REF_TC-164.dml,,,,,,,,,,NR SA,,,,,,,,,,,,,,,,,,,594,,,On,Connected,-63.000000,2412,44,,,,IWLAN
310,1,,,-121.9314830,47.5244923,2026-01-26 19:46:44.000,_20260126_114137_CH02_TMO_5GNR_WFC_REF_TC-164.dml,,,,,,,,,,NR SA,,,,,,,,,,,,,,,,,,,594,,,On,Connected,-63.000000,2412,44,,,,IWLAN
311,1,,,-121.9314830,47.5244923,2026-01-26 19:46:45.000,_20260126_114137_CH02_TMO_5GNR_WFC_REF_TC-164.dml,,,,,,,,,,NR SA,,,,,,,,,,,,,,,,,,,594,,,On,Connected,-63.000000,2412,44,,,,IWLAN
312,1,,,-121.9314830,47.5244923,2026-01-26 19:46:46.000,_20260126_114137_CH02_TMO_5GNR_WFC_REF_TC-164.dml,,,,,,,,,,NR SA,,,,,,,,,,,,,,,,,,,594,,,On,Connected,-63.000000,2412,32,,,,IWLAN
313,1,,,-121.9314830,47.5244923,2026-01-26 19:46:47.000,_20260126_114137_CH02_TMO_5GNR_WFC_REF_TC-164.dml,,,,,,,,,,NR SA,,,,,,,,,,,,,,,,,,,594,,,On,Connected,-63.000000,2412,32,,,,IWLAN
314,1,,,-121.9314830,47.5244923,2026-01-26 19:46:48.000,_20260126_114137_CH02_TMO_5GNR_WFC_REF_TC-164.dml,,,,,,,,,,NR SA,,,,,,,,,,,,,,,,,,,594,,,On,Connected,-63.000000,2412,32,,,,IWLAN
315,1,,,-121.9314830,47.5244923,2026-01-26 19:46:49.000,_20260126_114137_CH02_TMO_5GNR_WFC_REF_TC-164.dml,,,,,,,,,,NR SA,,,,,,,,,,,,,,,,,,,594,,,,Connected,,,,,,,IWLAN
316,1,,,-121.9314830,47.5244923,2026-01-26 19:46:50.000,_20260126_114137_CH02_TMO_5GNR_WFC_REF_TC-164.dml,,,,,,,,,,NR SA,,,,,,,,,,,,,,,,,,,594,,,On,Connected,-62.000000,2412,48,,,,IWLAN
317,1,,,-121.9314830,47.5244923,2026-01-26 19:46:51.000,_20260126_114137_CH02_TMO_5GNR_WFC_REF_TC-164.dml,,,,,,,,,,NR SA,,,,,,,,,,,,,,,,,,,594,,,On,Connected,-62.000000,2412,48,,,,IWLAN
318,1,,,-121.9314830,47.5244923,2026-01-26 19:46:52.000,_20260126_114137_CH02_TMO_5GNR_WFC_REF_TC-164.dml,,,,,,,,,,NR SA,,,,,,,,,,,,,,,,,,,594,,,On,Connected,-60.000000,2412,65,,,,IWLAN
319,1,,,-121.9314830,47.5244923,2026-01-26 19:46:53.000,_20260126_114137_CH02_TMO_5GNR_WFC_REF_TC-164.dml,,,,,,,,,,NR SA,,,,,,,,,,,,,,,,,,,594,,,On,Connected,-60.000000,2412,65,,,,IWLAN
320,1,,,-121.9314830,47.5244923,2026-01-26 19:46:54.000,_20260126_114137_CH02_TMO_5GNR_WFC_REF_TC-164.dml,,,,,,,,,,NR SA,,,,,,,,,,,,,,,,,,,594,,,,Connected,,,,,,,IWLAN
321,1,,,-121.9314830,47.5244923,2026-01-26 19:46:55.000,_20260126_114137_CH02_TMO_5GNR_WFC_REF_TC-164.dml,,,,,,,,,,NR SA,,,,,,,,,,,,,,,,,,,594,,,On,Connected,-59.500000,2412,48,,,,IWLAN
322,1,,,-121.9314830,47.5244923,2026-01-26 19:46:56.000,_20260126_114137_CH02_TMO_5GNR_WFC_REF_TC-164.dml,,,,,,,,,,NR SA,,,,,,,,,,,,,,,,,,,594,,,,Connected,,,,,,,IWLAN
323,1,,,-121.9314830,47.5244923,2026-01-26 19:46:57.000,_20260126_114137_CH02_TMO_5GNR_WFC_REF_TC-164.dml,,,,,,,,,,NR SA,,,,,,,,,,,,,,,,,,,594,,,On,Connected,-59.000000,2412,48,,,,IWLAN
324,1,,,-121.9314830,47.5244923,2026-01-26 19:46:58.000,_20260126_114137_CH02_TMO_5GNR_WFC_REF_TC-164.dml,,,,,,,,,,NR SA,,,,,,,,,,,,,,,,,,,594,,,On,Connected,-59.000000,2412,48,,,,IWLAN
325,1,,,-121.9314830,47.5244923,2026-01-26 19:46:59.000,_20260126_114137_CH02_TMO_5GNR_WFC_REF_TC-164.dml,,,,,,,,,,NR SA,,,,,,,,,,,,,,,,,,,594,,,,Connected,,,,,,,IWLAN
326,1,,,-121.9314830,47.5244923,2026-01-26 19:47:00.000,_20260126_114137_CH02_TMO_5GNR_WFC_REF_TC-164.dml,,,,,,,,,,NR SA,,,,,,,,,,,,,,,,,,,594,,,On,Connected,-59.000000,2412,48,,,,IWLAN
327,1,,,-121.9314830,47.5244923,2026-01-26 19:47:01.000,_20260126_114137_CH02_TMO_5GNR_WFC_REF_TC-164.dml,,,,,,,,,,NR SA,,,,,,,,,,,,,,,,,,,594,,,,Connected,,,,,,,IWLAN
328,1,,,-121.9314830,47.5244923,2026-01-26 19:47:02.000,_20260126_114137_CH02_TMO_5GNR_WFC_REF_TC-164.dml,,,,,,,,,,NR SA,,,,,,,,,,,,,,,,,,,594,,,On,Connected,-60.000000,2412,48,,,,IWLAN
329,1,,,-121.9314830,47.5244923,2026-01-26 19:47:03.000,_20260126_114137_CH02_TMO_5GNR_WFC_REF_TC-164.dml,,,,,,,,,,NR SA,,,,,,,,,,,,,,,,,,,594,,,On,Connected,-60.000000,2412,48,,,,IWLAN
330,1,,,-121.9314830,47.5244923,2026-01-26 19:47:04.000,_20260126_114137_CH02_TMO_5GNR_WFC_REF_TC-164.dml,,,,,,,,,,NR SA,,,,,,,,,,,,,,,,,,,594,,,On,Connected,-60.000000,2412,48,,,,IWLAN
331,1,,,-121.9314830,47.5244923,2026-01-26 19:47:05.000,_20260126_114137_CH02_TMO_5GNR_WFC_REF_TC-164.dml,,,,,,,,,,NR SA,,,,,,,,,,,,,,,,,,,594,,,On,Connected,-63.000000,2412,32,,,,IWLAN
332,1,,,-121.9314830,47.5244923,2026-01-26 19:47:06.000,_20260126_114137_CH02_TMO_5GNR_WFC_REF_TC-164.dml,,,,,,,,,,NR SA,,,,,,,,,,,,,,,,,,,594,,,On,Connected,-63.000000,2412,32,,,,IWLAN
333,1,,,-121.9314830,47.5244923,2026-01-26 19:47:07.000,_20260126_114137_CH02_TMO_5GNR_WFC_REF_TC-164.dml,,,,,,,,,,NR SA,,,,,,,,,,,,,,,,,,,594,,,On,Connected,-63.000000,2412,32,,,,IWLAN
334,1,,,-121.9314830,47.5244923,2026-01-26 19:47:08.000,_20260126_114137_CH02_TMO_5GNR_WFC_REF_TC-164.dml,,,,,,,,,,NR SA,,,,,,,,,,,,,,,,,,,594,,,On,Connected,-68.000000,2412,32,,,,IWLAN
335,1,,,-121.9314830,47.5244923,2026-01-26 19:47:09.000,_20260126_114137_CH02_TMO_5GNR_WFC_REF_TC-164.dml,,,,,,,,,,NR SA,,,,,,,,,,,,,,,,,,,594,,,On,Connected,-68.000000,2412,32,,,,IWLAN
336,1,,,-121.9314830,47.5244923,2026-01-26 19:47:10.000,_20260126_114137_CH02_TMO_5GNR_WFC_REF_TC-164.dml,,,,,,,,,,NR SA,,,,,,,,,,,,,,,,,,,594,,,On,Connected,-68.000000,2412,32,,,,IWLAN
337,1,,,-121.9314830,47.5244923,2026-01-26 19:47:11.000,_20260126_114137_CH02_TMO_5GNR_WFC_REF_TC-164.dml,,,,,,,,,,NR SA,,,,,,,,,,,,,,,,,,,594,,,On,Connected,-68.000000,2412,32,,,,IWLAN
338,1,,,-121.9314830,47.5244923,2026-01-26 19:47:12.000,_20260126_114137_CH02_TMO_5GNR_WFC_REF_TC-164.dml,,,,,,,,,,NR SA,,,,,,,,,,,,,,,,,,,594,,,On,Connected,-68.000000,2412,32,,,,IWLAN
339,1,,,-121.9314830,47.5244923,2026-01-26 19:47:13.000,_20260126_114137_CH02_TMO_5GNR_WFC_REF_TC-164.dml,,,,,,,,,,NR SA,,,,,,,,,,,,,,,,,,,594,,,On,Connected,-68.000000,2412,32,,,,IWLAN
340,1,,,-121.9314830,47.5244923,2026-01-26 19:47:14.000,_20260126_114137_CH02_TMO_5GNR_WFC_REF_TC-164.dml,,,,,,,,,,NR SA,,,,,,,,,,,,,,,,,,,594,,,On,Connected,-68.000000,2412,48,,,,IWLAN
341,1,,,-121.9314830,47.5244923,2026-01-26 19:47:15.000,_20260126_114137_CH02_TMO_5GNR_WFC_REF_TC-164.dml,,,,,,,,,,NR SA,,,,,,,,,,,,,,,,,,,594,,,,Connected,,,,,,,IWLAN
342,1,,,-121.9314830,47.5244923,2026-01-26 19:47:16.000,_20260126_114137_CH02_TMO_5GNR_WFC_REF_TC-164.dml,,,,,,,,,,NR SA,,,,,,,,,,,,,,,,,,,594,,,On,Connected,-68.000000,2412,48,,,,IWLAN
343,1,,,-121.9314830,47.5244923,2026-01-26 19:47:17.000,_20260126_114137_CH02_TMO_5GNR_WFC_REF_TC-164.dml,,,,,,,,,,NR SA,,,,,,,,,,,,,,,,,,,594,,,On,Connected,-71.000000,2412,24,,,,IWLAN
344,1,,,-121.9314830,47.5244923,2026-01-26 19:47:18.000,_20260126_114137_CH02_TMO_5GNR_WFC_REF_TC-164.dml,,,,,,,,,,NR SA,,,,,,,,,,,,,,,,,,,594,,,On,Connected,-71.000000,2412,24,,,,IWLAN
345,1,,,-121.9314830,47.5244923,2026-01-26 19:47:19.000,_20260126_114137_CH02_TMO_5GNR_WFC_REF_TC-164.dml,,,,,,,,,,NR SA,,,,,,,,,,,,,,,,,,,594,,,On,Connected,-71.000000,2412,24,,,,IWLAN
346,1,,,-121.9314830,47.5244923,2026-01-26 19:47:20.000,_20260126_114137_CH02_TMO_5GNR_WFC_REF_TC-164.dml,,,,,,,,,,NR SA,,,,,,,,,,,,,,,,,,,594,,,On,Connected,-70.000000,2412,24,,,,IWLAN
347,1,,,-121.9314830,47.5244923,2026-01-26 19:47:21.000,_20260126_114137_CH02_TMO_5GNR_WFC_REF_TC-164.dml,,,,,,,,,,NR SA,,,,,,,,,,,,,,,,,,,594,,,On,Connected,-70.000000,2412,24,,,,IWLAN
348,1,,,-121.9314830,47.5244923,2026-01-26 19:47:22.000,_20260126_114137_CH02_TMO_5GNR_WFC_REF_TC-164.dml,,,,,,,,,,NR SA,,,,,,,,,,,,,,,,,,,594,,,On,Connected,-70.000000,2412,24,,,,IWLAN
349,1,,,-121.9314830,47.5244923,2026-01-26 19:47:23.000,_20260126_114137_CH02_TMO_5GNR_WFC_REF_TC-164.dml,,,,,,,,,,NR SA,,,,,,,,,,,,,,,,,,,594,,,On,Connected,-68.000000,2412,24,,,,IWLAN
350,1,,,-121.9314830,47.5244923,2026-01-26 19:47:24.000,_20260126_114137_CH02_TMO_5GNR_WFC_REF_TC-164.dml,,,,,,,,,,NR SA,,,,,,,,,,,,,,,,,,,594,,,,Connected,,,,,,,IWLAN
351,1,,,-121.9314830,47.5244923,2026-01-26 19:47:25.000,_20260126_114137_CH02_TMO_5GNR_WFC_REF_TC-164.dml,,,,,,,,,,NR SA,,,,,,,,,,,,,,,,,,,594,,,On,Connected,-68.500000,2412,24,,,,IWLAN
352,1,,,-121.9314830,47.5244923,2026-01-26 19:47:26.000,_20260126_114137_CH02_TMO_5GNR_WFC_REF_TC-164.dml,,,,,,,,,,NR SA,,,,,,,,,,,,,,,,,,,594,,,,Connected,,,,,,,IWLAN
353,1,,,-121.9314830,47.5244923,2026-01-26 19:47:27.000,_20260126_114137_CH02_TMO_5GNR_WFC_REF_TC-164.dml,,,,,,,,,,NR SA,,,,,,,,,,,,,,,,,,,594,,,On,Connected,-69.000000,2412,24,,,,IWLAN
354,1,,,-121.9314830,47.5244923,2026-01-26 19:47:28.000,_20260126_114137_CH02_TMO_5GNR_WFC_REF_TC-164.dml,,,,,,,,,,NR SA,,,,,,,,,,,,,,,,,,,594,,,,Connected,,,,,,,IWLAN
355,1,,,-121.9314830,47.5244923,2026-01-26 19:47:29.000,_20260126_114137_CH02_TMO_5GNR_WFC_REF_TC-164.dml,,,,,,,,,,NR SA,,,,,,,,,,,,,,,,,,,594,,,On,Connected,-67.000000,2412,14,,,,IWLAN
356,1,,,-121.9314830,47.5244923,2026-01-26 19:47:30.000,_20260126_114137_CH02_TMO_5GNR_WFC_REF_TC-164.dml,,,,,,,,,,NR SA,,,,,,,,,,,,,,,,,,,594,,,On,Connected,-67.000000,2412,14,,,,IWLAN
357,1,,,-121.9314830,47.5244923,2026-01-26 19:47:31.000,_20260126_114137_CH02_TMO_5GNR_WFC_REF_TC-164.dml,,,,,,,,,,NR SA,,,,,,,,,,,,,,,,,,,594,,,On,Connected,-67.000000,2412,14,,,,IWLAN
358,1,,,-121.9314830,47.5244923,2026-01-26 19:47:32.000,_20260126_114137_CH02_TMO_5GNR_WFC_REF_TC-164.dml,,,,,,,,,,NR SA,,,,,,,,,,,,,,,,,,,594,,,On,Connected,-68.000000,2412,14,,,,IWLAN
359,1,,,-121.9314830,47.5244923,2026-01-26 19:47:33.000,_20260126_114137_CH02_TMO_5GNR_WFC_REF_TC-164.dml,,,,,,,,,,NR SA,,,,,,,,,,,,,,,,,,,594,,,,Connected,,,,,,,IWLAN
360,1,,,-121.9314830,47.5244923,2026-01-26 19:47:34.000,_20260126_114137_CH02_TMO_5GNR_WFC_REF_TC-164.dml,,,,,,,,,,NR SA,,,,,,,,,,,,,,,,,,,594,,,On,Connected,-68.000000,2412,14,,,,IWLAN
361,1,,,-121.9314830,47.5244923,2026-01-26 19:47:35.000,_20260126_114137_CH02_TMO_5GNR_WFC_REF_TC-164.dml,,,,,,,,,,NR SA,,,,,,,,,,,,,,,,,,,594,,,On,Connected,-78.000000,2412,14,,,,IWLAN
362,1,,,-121.9314830,47.5244923,2026-01-26 19:47:36.000,_20260126_114137_CH02_TMO_5GNR_WFC_REF_TC-164.dml,,,,,,,,,,NR SA,,,,,,,,,,,,,,,,,,,594,,,On,Connected,-78.000000,2412,14,,,,IWLAN
363,1,,,-121.9314830,47.5244923,2026-01-26 19:47:37.000,_20260126_114137_CH02_TMO_5GNR_WFC_REF_TC-164.dml,,,,,,,,,,NR SA,,,,,,,,,,,,,,,,,,,594,,,On,Connected,-78.000000,2412,14,,,,IWLAN
364,1,,,-121.9314830,47.5244923,2026-01-26 19:47:38.000,_20260126_114137_CH02_TMO_5GNR_WFC_REF_TC-164.dml,,,,,,,,,,NR SA,,,,,,,,,,,,,,,,,,,594,,,On,Connected,-78.000000,2412,14,,,,IWLAN
365,1,,,-121.9314830,47.5244923,2026-01-26 19:47:39.000,_20260126_114137_CH02_TMO_5GNR_WFC_REF_TC-164.dml,,,,,,,,,,NR SA,,,,,,,,,,,,,,,,,,,594,,,On,Connected,-78.000000,2412,14,,,,IWLAN
366,1,,,-121.9314830,47.5244923,2026-01-26 19:47:40.000,_20260126_114137_CH02_TMO_5GNR_WFC_REF_TC-164.dml,,,,,,,,,,NR SA,,,,,,,,,,,,,,,,,,,594,,,,Connected,,,,,,,IWLAN
367,1,,,-121.9314830,47.5244923,2026-01-26 19:47:41.000,_20260126_114137_CH02_TMO_5GNR_WFC_REF_TC-164.dml,,,,,,,,,,NR SA,,,,,,,,,,,,,,,,,,,594,,,On,Connected,-78.000000,2412,14,,,,IWLAN
368,1,,,-121.9314830,47.5244923,2026-01-26 19:47:42.000,_20260126_114137_CH02_TMO_5GNR_WFC_REF_TC-164.dml,,,,,,,,,,NR SA,,,,,,,,,,,,,,,,,,,594,,,,Connected,,,,,,,IWLAN
369,1,,,-121.9314830,47.5244923,2026-01-26 19:47:43.000,_20260126_114137_CH02_TMO_5GNR_WFC_REF_TC-164.dml,,,,,,,,,,NR SA,,,,,,,,,,,,,,,,,,,594,,,On,Connected,-78.000000,2412,14,,,,IWLAN
370,1,,,-121.9314830,47.5244923,2026-01-26 19:47:44.000,_20260126_114137_CH02_TMO_5GNR_WFC_REF_TC-164.dml,,,,,,,,,,NR SA,,,,,,,,,,,,,,,,,,,594,,,,Connected,,,,,,,IWLAN
371,1,,,-121.9314830,47.5244923,2026-01-26 19:47:45.000,_20260126_114137_CH02_TMO_5GNR_WFC_REF_TC-164.dml,,,,,,,,,,NR SA,,,,,,,,,,,,,,,,,,,594,,,On,Connected,-78.000000,2412,14,,,,IWLAN
372,1,,,-121.9314830,47.5244923,2026-01-26 19:47:46.000,_20260126_114137_CH02_TMO_5GNR_WFC_REF_TC-164.dml,,,,,,,,,,NR SA,,,,,,,,,,,,,,,,,,,594,,,On,Connected,-78.000000,2412,14,,,,IWLAN
373,1,,,-121.9314830,47.5244923,2026-01-26 19:47:47.000,_20260126_114137_CH02_TMO_5GNR_WFC_REF_TC-164.dml,,,,,,,,,,NR SA,,,,,,,,,,,,,,,,,,,594,,,,Connected,,,,,,,IWLAN
374,1,,,-121.9314830,47.5244923,2026-01-26 19:47:48.000,_20260126_114137_CH02_TMO_5GNR_WFC_REF_TC-164.dml,,,,,,,,,,NR SA,,,,,,,,,,,,,,,,,,,594,,,On,Connected,-78.000000,2412,14,,,,IWLAN
375,1,,,-121.9314830,47.5244923,2026-01-26 19:47:49.000,_20260126_114137_CH02_TMO_5GNR_WFC_REF_TC-164.dml,,,,,,,,,,NR SA,,,,,,,,,,,,,,,,,,,594,,,On,Connected,-78.000000,2412,14,,,,IWLAN
376,1,,,-121.9314830,47.5244923,2026-01-26 19:47:50.000,_20260126_114137_CH02_TMO_5GNR_WFC_REF_TC-164.dml,,,,,,,,,,NR SA,,,,,,,,,,,,,,,,,,,594,,,On,Connected,-78.000000,2412,14,,,,IWLAN
377,1,,,-121.9314830,47.5244923,2026-01-26 19:47:51.000,_20260126_114137_CH02_TMO_5GNR_WFC_REF_TC-164.dml,,,,,,,,,,NR SA,,,,,,,,,,,,,,,,,,,594,,,On,Connected,-78.000000,2412,14,,,,IWLAN
378,1,,,-121.9314830,47.5244923,2026-01-26 19:47:52.000,_20260126_114137_CH02_TMO_5GNR_WFC_REF_TC-164.dml,,,,,,,,,,NR SA,,,,,,,,,,,,,,,,,,,594,,,On,Connected,-78.000000,2412,14,,,,IWLAN
379,1,,,-121.9314830,47.5244923,2026-01-26 19:47:53.000,_20260126_114137_CH02_TMO_5GNR_WFC_REF_TC-164.dml,,,,,,,,,,NR SA,,,,,,,,,,,,,,,,,,,594,,,On,Connected,-78.000000,2412,14,,,,IWLAN
380,1,,,-121.9314830,47.5244923,2026-01-26 19:47:54.000,_20260126_114137_CH02_TMO_5GNR_WFC_REF_TC-164.dml,,,,,,,,,,NR SA,,,,,,,,,,,,,,,,,,,594,,,On,Connected,-78.000000,2412,14,,,,IWLAN
381,1,,,-121.9314830,47.5244923,2026-01-26 19:47:55.000,_20260126_114137_CH02_TMO_5GNR_WFC_REF_TC-164.dml,,,,,,,,,,NR SA,,,,,,,,,,,,,,,,,,,594,,,On,Connected,-78.000000,2412,14,,,,IWLAN
382,1,,,-121.9314830,47.5244923,2026-01-26 19:47:56.000,_20260126_114137_CH02_TMO_5GNR_WFC_REF_TC-164.dml,,,,,,,,,,NR SA,,,,,,,,,,,,,,,,,,,594,,,,Connected,,,,,,,IWLAN
383,1,,,-121.9314830,47.5244923,2026-01-26 19:47:57.000,_20260126_114137_CH02_TMO_5GNR_WFC_REF_TC-164.dml,,,,,,,,,,NR SA,,,,,,,,,,,,,,,,,,,594,,,On,Connected,-78.000000,2412,14,,,,IWLAN
384,1,,,-121.9314830,47.5244923,2026-01-26 19:47:58.000,_20260126_114137_CH02_TMO_5GNR_WFC_REF_TC-164.dml,,,,,,,,,,NR SA,,,,,,,,,,,,,,,,,,,594,,,,Connected,,,,,,,IWLAN
385,1,,,-121.9314830,47.5244923,2026-01-26 19:47:58.601,_20260126_114137_CH02_TMO_5GNR_WFC_REF_TC-164.dml,,,,,,,,,,,,,UL,REGISTER,,,,,,,,,,,,,,,,,,,,,,,,,,
386,1,,,-121.9314830,47.5244923,2026-01-26 19:47:59.000,_20260126_114137_CH02_TMO_5GNR_WFC_REF_TC-164.dml,,,,,,,,,,NR SA,,,,,,,,,,,,,,,,,,,594,,,On,Connected,-81.000000,2412,14,,,,NR (NR_SA)
387,1,,,-121.9314830,47.5244923,2026-01-26 19:48:00.000,_20260126_114137_CH02_TMO_5GNR_WFC_REF_TC-164.dml,,,,,,,,,,NR SA,,,,,,,,,,,,,,,,,,,594,,,On,Connected,-81.000000,2412,14,,,,NR (NR_SA)
388,1,,,-121.9314830,47.5244923,2026-01-26 19:48:01.000,_20260126_114137_CH02_TMO_5GNR_WFC_REF_TC-164.dml,,,,,,,,,,NR SA,,,,,,,,,,,,,,,,,,,594,,,On,Connected,-81.000000,2412,14,,,,NR (NR_SA)
389,1,,,-121.9314830,47.5244923,2026-01-26 19:48:02.000,_20260126_114137_CH02_TMO_5GNR_WFC_REF_TC-164.dml,,,,,,,,,,NR SA,,,,,,,,,,,,,,,,,,,594,,,On,Connected,-78.000000,2412,14,,,,NR (NR_SA)
390,1,,,-121.9314830,47.5244923,2026-01-26 19:48:03.000,_20260126_114137_CH02_TMO_5GNR_WFC_REF_TC-164.dml,,,,,,,,,,NR SA,,,,,,,,,,,,,,,,,,,594,,,On,Connected,-78.000000,2412,14,,,,NR (NR_SA)
391,1,,,-121.9314830,47.5244923,2026-01-26 19:48:04.000,_20260126_114137_CH02_TMO_5GNR_WFC_REF_TC-164.dml,,,,,,,,,,NR SA,,,,,,,,,,,,,,,,,,,594,,,On,Connected,-78.000000,2412,14,,,,NR (NR_SA)
392,1,,,-121.9314830,47.5244923,2026-01-26 19:48:05.000,_20260126_114137_CH02_TMO_5GNR_WFC_REF_TC-164.dml,,,,,,,,,,NR SA,,,,,,,,,,,,,,,,,,,594,,,On,Connected,-79.000000,2412,14,,,,NR (NR_SA)
393,1,,,-121.9314830,47.5244923,2026-01-26 19:48:06.000,_20260126_114137_CH02_TMO_5GNR_WFC_REF_TC-164.dml,,,,,,,,,,NR SA,,,,,,,,,,,,,,,,,,,594,,,On,Connected,-79.000000,2412,14,,,,NR (NR_SA)
394,1,,,-121.9314830,47.5244923,2026-01-26 19:48:07.000,_20260126_114137_CH02_TMO_5GNR_WFC_REF_TC-164.dml,,,,,,,,,,NR SA,,,,,,,,,,,,,,,,,,,594,,,On,Connected,-79.000000,2412,14,,,,NR (NR_SA)
395,1,,,-121.9314830,47.5244923,2026-01-26 19:48:08.000,_20260126_114137_CH02_TMO_5GNR_WFC_REF_TC-164.dml,,,,,,,,,,NR SA,,,,,,,,,,,,,,,,,,,594,,,On,Connected,-78.000000,2412,14,,,,NR (NR_SA)
396,1,,,-121.9314830,47.5244923,2026-01-26 19:48:09.000,_20260126_114137_CH02_TMO_5GNR_WFC_REF_TC-164.dml,,,,,,,,,,NR SA,,,,,,,,,,,,,,,,,,,594,,,On,Connected,-78.000000,2412,14,,,,NR (NR_SA)
397,1,,,-121.9314830,47.5244923,2026-01-26 19:48:10.000,_20260126_114137_CH02_TMO_5GNR_WFC_REF_TC-164.dml,,,,,,,,,,NR SA,,,,,,,,,,,,,,,,,,,594,,,On,Connected,-78.000000,2412,14,,,,NR (NR_SA)
398,1,,,-121.9314830,47.5244923,2026-01-26 19:48:11.000,_20260126_114137_CH02_TMO_5GNR_WFC_REF_TC-164.dml,,,,,,,,,,NR SA,,,,,,,,,,,,,,,,,,,594,,,On,Connected,-74.000000,2412,14,,,,NR (NR_SA)
399,1,,,-121.9314830,47.5244923,2026-01-26 19:48:12.000,_20260126_114137_CH02_TMO_5GNR_WFC_REF_TC-164.dml,,,,,,,,,,NR SA,,,,,,,,,,,,,,,,,,,594,,,On,Connected,-74.000000,2412,14,,,,NR (NR_SA)
400,1,,,-121.9314830,47.5244923,2026-01-26 19:48:13.000,_20260126_114137_CH02_TMO_5GNR_WFC_REF_TC-164.dml,,,,,,,,,,NR SA,,,,,,,,,,,,,,,,,,,594,,,On,Connected,-74.000000,2412,14,,,,NR (NR_SA)
401,1,,,-121.9314830,47.5244923,2026-01-26 19:48:14.000,_20260126_114137_CH02_TMO_5GNR_WFC_REF_TC-164.dml,,,,,,,,,,NR SA,,,,,,,,,,,,,,,,,,,594,,,On,Connected,-72.000000,2412,14,,,,NR (NR_SA)
402,1,,,-121.9314830,47.5244923,2026-01-26 19:48:15.000,_20260126_114137_CH02_TMO_5GNR_WFC_REF_TC-164.dml,,,,,,,,,,NR SA,,,,,,,,,,,,,,,,,,,594,,,On,Connected,-72.000000,2412,14,,,,NR (NR_SA)
403,1,,,-121.9314830,47.5244923,2026-01-26 19:48:16.000,_20260126_114137_CH02_TMO_5GNR_WFC_REF_TC-164.dml,,,,,,,,,,NR SA,,,,,,,,,,,,,,,,,,,594,,,On,Connected,-72.000000,2412,14,,,,NR (NR_SA)
404,1,,,-121.9314830,47.5244923,2026-01-26 19:48:17.000,_20260126_114137_CH02_TMO_5GNR_WFC_REF_TC-164.dml,,,,,,,,,,NR SA,,,,,,,,,,,,,,,,,,,594,,,On,Connected,-69.000000,2412,14,,,,NR (NR_SA)
405,1,,,-121.9314830,47.5244923,2026-01-26 19:48:18.000,_20260126_114137_CH02_TMO_5GNR_WFC_REF_TC-164.dml,,,,,,,,,,NR SA,,,,,,,,,,,,,,,,,,,594,,,On,Connected,-69.000000,2412,14,,,,NR (NR_SA)
406,1,,,-121.9314830,47.5244923,2026-01-26 19:48:19.000,_20260126_114137_CH02_TMO_5GNR_WFC_REF_TC-164.dml,,,,,,,,,,NR SA,,,,,,,,,,,,,,,,,,,594,,,On,Connected,-69.000000,2412,14,,,,NR (NR_SA)
407,1,,,-121.9314830,47.5244923,2026-01-26 19:48:20.000,_20260126_114137_CH02_TMO_5GNR_WFC_REF_TC-164.dml,,,,,,,,,,NR SA,,,,,,,,,,,,,,,,,,,594,,,On,Connected,-69.000000,2412,14,,,,NR (NR_SA)
408,1,,,-121.9314830,47.5244923,2026-01-26 19:48:21.000,_20260126_114137_CH02_TMO_5GNR_WFC_REF_TC-164.dml,,,,,,,,,,NR SA,,,,,,,,,,,,,,,,,,,594,,,On,Connected,-69.000000,2412,14,,,,NR (NR_SA)
409,1,,,-121.9314830,47.5244923,2026-01-26 19:48:22.000,_20260126_114137_CH02_TMO_5GNR_WFC_REF_TC-164.dml,,,,,,,,,,NR SA,,,,,,,,,,,,,,,,,,,594,,,On,Connected,-69.000000,2412,14,,,,NR (NR_SA)
410,1,,,-121.9314830,47.5244923,2026-01-26 19:48:23.000,_20260126_114137_CH02_TMO_5GNR_WFC_REF_TC-164.dml,,,,,,,,,,NR SA,,,,,,,,,,,,,,,,,,,594,,,On,Connected,-69.000000,2412,14,,,,NR (NR_SA)
411,1,,,-121.9314830,47.5244923,2026-01-26 19:48:24.000,_20260126_114137_CH02_TMO_5GNR_WFC_REF_TC-164.dml,,,,,,,,,,NR SA,,,,,,,,,,,,,,,,,,,594,,,On,Connected,-69.000000,2412,14,,,,NR (NR_SA)
412,1,,,-121.9314830,47.5244923,2026-01-26 19:48:25.000,_20260126_114137_CH02_TMO_5GNR_WFC_REF_TC-164.dml,,,,,,,,,,NR SA,,,,,,,,,,,,,,,,,,,594,,,On,Connected,-69.000000,2412,14,,,,NR (NR_SA)
413,1,,,-121.9314830,47.5244923,2026-01-26 19:48:26.000,_20260126_114137_CH02_TMO_5GNR_WFC_REF_TC-164.dml,,,,,,,,,,NR SA,,,,,,,,,,,,,,,,,,,594,,,On,Connected,-70.000000,2412,14,,,,NR (NR_SA)
414,1,,,-121.9314830,47.5244923,2026-01-26 19:48:27.000,_20260126_114137_CH02_TMO_5GNR_WFC_REF_TC-164.dml,,,,,,,,,,NR SA,,,,,,,,,,,,,,,,,,,594,,,On,Connected,-70.000000,2412,14,,,,NR (NR_SA)
415,1,,,-121.9314830,47.5244923,2026-01-26 19:48:28.000,_20260126_114137_CH02_TMO_5GNR_WFC_REF_TC-164.dml,,,,,,,,,,NR SA,,,,,,,,,,,,,,,,,,,594,,,On,Connected,-70.000000,2412,14,,,,NR (NR_SA)
416,1,,,-121.9314830,47.5244923,2026-01-26 19:48:29.000,_20260126_114137_CH02_TMO_5GNR_WFC_REF_TC-164.dml,,,,,,,,,,NR SA,,,,,,,,,,,,,,,,,,,594,,,On,Connected,-73.000000,2412,14,,,,NR (NR_SA)
417,1,,,-121.9314830,47.5244923,2026-01-26 19:48:30.000,_20260126_114137_CH02_TMO_5GNR_WFC_REF_TC-164.dml,,,,,,,,,,NR SA,,,,,,,,,,,,,,,,,,,594,,,On,Connected,-73.000000,2412,14,,,,NR (NR_SA)
418,1,,,-121.9314830,47.5244923,2026-01-26 19:48:31.000,_20260126_114137_CH02_TMO_5GNR_WFC_REF_TC-164.dml,,,,,,,,,,NR SA,,,,,,,,,,,,,,,,,,,594,,,On,Connected,-76.000000,2412,14,,,,NR (NR_SA)
419,1,,,-121.9314830,47.5244923,2026-01-26 19:48:32.000,_20260126_114137_CH02_TMO_5GNR_WFC_REF_TC-164.dml,,,,,,,,,,NR SA,,,,,,,,,,,,,,,,,,,594,,,On,Connected,-76.000000,2412,14,,,,NR (NR_SA)
420,1,,,-121.9314830,47.5244923,2026-01-26 19:48:33.000,_20260126_114137_CH02_TMO_5GNR_WFC_REF_TC-164.dml,,,,,,,,,,NR SA,,,,,,,,,,,,,,,,,,,594,,,On,Connected,-76.000000,2412,14,,,,NR (NR_SA)
421,1,,,-121.9314830,47.5244923,2026-01-26 19:48:34.000,_20260126_114137_CH02_TMO_5GNR_WFC_REF_TC-164.dml,,,,,,,,,,NR SA,,,,,,,,,,,,,,,,,,,594,,,On,Connected,-73.000000,2412,14,,,,NR (NR_SA)
422,1,,,-121.9314830,47.5244923,2026-01-26 19:48:35.000,_20260126_114137_CH02_TMO_5GNR_WFC_REF_TC-164.dml,,,,,,,,,,NR SA,,,,,,,,,,,,,,,,,,,594,,,On,Connected,-73.000000,2412,14,,,,NR (NR_SA)
423,1,,,-121.9314830,47.5244923,2026-01-26 19:48:36.000,_20260126_114137_CH02_TMO_5GNR_WFC_REF_TC-164.dml,,,,,,,,,,NR SA,,,,,,,,,,,,,,,,,,,594,,,On,Connected,-73.000000,2412,14,,,,NR (NR_SA)
424,1,,,-121.9314830,47.5244923,2026-01-26 19:48:37.000,_20260126_114137_CH02_TMO_5GNR_WFC_REF_TC-164.dml,,,,,,,,,,NR SA,,,,,,,,,,,,,,,,,,,594,,,On,Connected,-73.000000,2412,14,,,,NR (NR_SA)
425,1,,,-121.9314830,47.5244923,2026-01-26 19:48:38.000,_20260126_114137_CH02_TMO_5GNR_WFC_REF_TC-164.dml,,,,,,,,,,NR SA,,,,,,,,,,,,,,,,,,,594,,,On,Connected,-73.000000,2412,14,,,,NR (NR_SA)
426,1,,,-121.9314830,47.5244923,2026-01-26 19:48:39.000,_20260126_114137_CH02_TMO_5GNR_WFC_REF_TC-164.dml,,,,,,,,,,NR SA,,,,,,,,,,,,,,,,,,,594,,,On,Connected,-73.000000,2412,14,,,,NR (NR_SA)
427,1,,,-121.9314830,47.5244923,2026-01-26 19:48:40.000,_20260126_114137_CH02_TMO_5GNR_WFC_REF_TC-164.dml,,,,,,,,,,NR SA,,,,,,,,,,,,,,,,,,,594,,,On,Connected,-68.000000,2412,14,,,,NR (NR_SA)
428,1,,,-121.9314830,47.5244923,2026-01-26 19:48:41.000,_20260126_114137_CH02_TMO_5GNR_WFC_REF_TC-164.dml,,,,,,,,,,NR SA,,,,,,,,,,,,,,,,,,,594,,,On,Connected,-68.000000,2412,14,,,,NR (NR_SA)
429,1,,,-121.9314830,47.5244923,2026-01-26 19:48:42.000,_20260126_114137_CH02_TMO_5GNR_WFC_REF_TC-164.dml,,,,,,,,,,NR SA,,,,,,,,,,,,,,,,,,,594,,,On,Connected,-68.000000,2412,14,,,,NR (NR_SA)
430,1,,,-121.9314830,47.5244923,2026-01-26 19:48:43.000,_20260126_114137_CH02_TMO_5GNR_WFC_REF_TC-164.dml,,,,,,,,,,NR SA,,,,,,,,,,,,,,,,,,,594,,,On,Connected,-66.000000,2412,14,,,,NR (NR_SA)
431,1,,,-121.9314830,47.5244923,2026-01-26 19:48:44.000,_20260126_114137_CH02_TMO_5GNR_WFC_REF_TC-164.dml,,,,,,,,,,NR SA,,,,,,,,,,,,,,,,,,,594,,,On,Connected,-66.000000,2412,14,,,,NR (NR_SA)
432,1,,,-121.9314830,47.5244923,2026-01-26 19:48:45.000,_20260126_114137_CH02_TMO_5GNR_WFC_REF_TC-164.dml,,,,,,,,,,NR SA,,,,,,,,,,,,,,,,,,,594,,,On,Connected,-66.000000,2412,14,,,,NR (NR_SA)
433,1,,,-121.9314830,47.5244923,2026-01-26 19:48:46.000,_20260126_114137_CH02_TMO_5GNR_WFC_REF_TC-164.dml,,,,,,,,,,NR SA,,,,,,,,,,,,,,,,,,,594,,,On,Connected,-66.000000,2412,14,,,,NR (NR_SA)
434,1,,,-121.9314830,47.5244923,2026-01-26 19:48:47.000,_20260126_114137_CH02_TMO_5GNR_WFC_REF_TC-164.dml,,,,,,,,,,NR SA,,,,,,,,,,,,,,,,,,,594,,,On,Connected,-66.000000,2412,14,,,,NR (NR_SA)
435,1,,,-121.9314830,47.5244923,2026-01-26 19:48:48.000,_20260126_114137_CH02_TMO_5GNR_WFC_REF_TC-164.dml,,,,,,,,,,NR SA,,,,,,,,,,,,,,,,,,,594,,,On,Connected,-66.000000,2412,14,,,,NR (NR_SA)
436,1,,,-121.9314830,47.5244923,2026-01-26 19:48:49.000,_20260126_114137_CH02_TMO_5GNR_WFC_REF_TC-164.dml,,,,,,,,,,NR SA,,,,,,,,,,,,,,,,,,,594,,,On,Connected,-66.000000,2412,14,,,,NR (NR_SA)
437,1,,,-121.9314830,47.5244923,2026-01-26 19:48:50.000,_20260126_114137_CH02_TMO_5GNR_WFC_REF_TC-164.dml,,,,,,,,,,NR SA,,,,,,,,,,,,,,,,,,,594,,,On,Connected,-66.000000,2412,14,,,,NR (NR_SA)
438,1,,,-121.9314830,47.5244923,2026-01-26 19:48:51.000,_20260126_114137_CH02_TMO_5GNR_WFC_REF_TC-164.dml,,,,,,,,,,NR SA,,,,,,,,,,,,,,,,,,,594,,,On,Connected,-66.000000,2412,14,,,,NR (NR_SA)
439,1,,,-121.9314830,47.5244923,2026-01-26 19:48:52.000,_20260126_114137_CH02_TMO_5GNR_WFC_REF_TC-164.dml,,,,,,,,,,NR SA,,,,,,,,,,,,,,,,,,,594,,,On,Connected,-68.000000,2412,14,,,,NR (NR_SA)
440,1,,,-121.9314830,47.5244923,2026-01-26 19:48:53.000,_20260126_114137_CH02_TMO_5GNR_WFC_REF_TC-164.dml,,,,,,,,,,NR SA,,,,,,,,,,,,,,,,,,,594,,,On,Connected,-68.000000,2412,14,,,,NR (NR_SA)
441,1,,,-121.9314830,47.5244923,2026-01-26 19:48:54.000,_20260126_114137_CH02_TMO_5GNR_WFC_REF_TC-164.dml,,,,,,,,,,NR SA,,,,,,,,,,,,,,,,,,,594,,,On,Connected,-68.000000,2412,14,,,,NR (NR_SA)
442,1,,,-121.9314830,47.5244923,2026-01-26 19:48:55.000,_20260126_114137_CH02_TMO_5GNR_WFC_REF_TC-164.dml,,,,,,,,,,NR SA,,,,,,,,,,,,,,,,,,,594,,,On,Connected,-65.000000,2412,14,,,,NR (NR_SA)
443,1,,,-121.9314830,47.5244923,2026-01-26 19:48:56.000,_20260126_114137_CH02_TMO_5GNR_WFC_REF_TC-164.dml,,,,,,,,,,NR SA,,,,,,,,,,,,,,,,,,,594,,,On,Connected,-65.000000,2412,14,,,,NR (NR_SA)
444,1,,,-121.9314830,47.5244923,2026-01-26 19:48:57.000,_20260126_114137_CH02_TMO_5GNR_WFC_REF_TC-164.dml,,,,,,,,,,NR SA,,,,,,,,,,,,,,,,,,,594,,,On,Connected,-65.000000,2412,14,,,,NR (NR_SA)
445,1,,,-121.9314830,47.5244923,2026-01-26 19:48:58.000,_20260126_114137_CH02_TMO_5GNR_WFC_REF_TC-164.dml,,,,,,,,,,NR SA,,,,,,,,,,,,,,,,,,,594,,,On,Connected,-64.000000,2412,14,,,,NR (NR_SA)
446,1,,,-121.9314830,47.5244923,2026-01-26 19:48:59.000,_20260126_114137_CH02_TMO_5GNR_WFC_REF_TC-164.dml,,,,,,,,,,NR SA,,,,,,,,,,,,,,,,,,,594,,,On,Connected,-64.000000,2412,14,,,,NR (NR_SA)
447,1,,,-121.9314830,47.5244923,2026-01-26 19:49:00.000,_20260126_114137_CH02_TMO_5GNR_WFC_REF_TC-164.dml,,,,,,,,,,NR SA,,,,,,,,,,,,,,,,,,,594,,,On,Connected,-64.000000,2412,14,,,,NR (NR_SA)
448,1,,,-121.9314830,47.5244923,2026-01-26 19:49:01.000,_20260126_114137_CH02_TMO_5GNR_WFC_REF_TC-164.dml,,,,,,,,,,NR SA,,,,,,,,,,,,,,,,,,,594,,,On,Connected,-69.000000,2412,14,,,,NR (NR_SA)
449,1,,,-121.9314830,47.5244923,2026-01-26 19:49:02.000,_20260126_114137_CH02_TMO_5GNR_WFC_REF_TC-164.dml,,,,,,,,,,NR SA,,,,,,,,,,,,,,,,,,,594,,,On,Connected,-69.000000,2412,14,,,,NR (NR_SA)
450,1,,,-121.9314830,47.5244923,2026-01-26 19:49:03.000,_20260126_114137_CH02_TMO_5GNR_WFC_REF_TC-164.dml,,,,,,,,,,NR SA,,,,,,,,,,,,,,,,,,,594,,,On,Connected,-69.000000,2412,14,,,,NR (NR_SA)
451,1,,,-121.9314830,47.5244923,2026-01-26 19:49:04.000,_20260126_114137_CH02_TMO_5GNR_WFC_REF_TC-164.dml,,,,,,,,,,NR SA,,,,,,,,,,,,,,,,,,,594,,,On,Connected,-69.000000,2412,14,,,,NR (NR_SA)
452,1,,,-121.9314830,47.5244923,2026-01-26 19:49:05.000,_20260126_114137_CH02_TMO_5GNR_WFC_REF_TC-164.dml,,,,,,,,,,NR SA,,,,,,,,,,,,,,,,,,,594,,,On,Connected,-69.000000,2412,14,,,,NR (NR_SA)
453,1,,,-121.9314830,47.5244923,2026-01-26 19:49:06.000,_20260126_114137_CH02_TMO_5GNR_WFC_REF_TC-164.dml,,,,,,,,,,NR SA,,,,,,,,,,,,,,,,,,,594,,,On,Connected,-69.000000,2412,14,,,,NR (NR_SA)
454,1,,,-121.9314830,47.5244923,2026-01-26 19:49:07.000,_20260126_114137_CH02_TMO_5GNR_WFC_REF_TC-164.dml,,,,,,,,,,NR SA,,,,,,,,,,,,,,,,,,,594,,,On,Connected,-69.000000,2412,14,,,,NR (NR_SA)
455,1,,,-121.9314830,47.5244923,2026-01-26 19:49:08.000,_20260126_114137_CH02_TMO_5GNR_WFC_REF_TC-164.dml,,,,,,,,,,NR SA,,,,,,,,,,,,,,,,,,,594,,,On,Connected,-69.000000,2412,14,,,,NR (NR_SA)
456,1,,,-121.9314830,47.5244923,2026-01-26 19:49:09.000,_20260126_114137_CH02_TMO_5GNR_WFC_REF_TC-164.dml,,,,,,,,,,NR SA,,,,,,,,,,,,,,,,,,,594,,,On,Connected,-69.000000,2412,14,,,,NR (NR_SA)
457,1,,,-121.9314830,47.5244923,2026-01-26 19:49:10.000,_20260126_114137_CH02_TMO_5GNR_WFC_REF_TC-164.dml,,,,,,,,,,NR SA,,,,,,,,,,,,,,,,,,,594,,,On,Connected,-69.000000,2412,14,,,,NR (NR_SA)
458,1,,,-121.9314830,47.5244923,2026-01-26 19:49:11.000,_20260126_114137_CH02_TMO_5GNR_WFC_REF_TC-164.dml,,,,,,,,,,NR SA,,,,,,,,,,,,,,,,,,,594,,,On,Connected,-69.000000,2412,14,,,,NR (NR_SA)
459,1,,,-121.9314830,47.5244923,2026-01-26 19:49:12.000,_20260126_114137_CH02_TMO_5GNR_WFC_REF_TC-164.dml,,,,,,,,,,NR SA,,,,,,,,,,,,,,,,,,,594,,,On,Connected,-69.000000,2412,14,,,,NR (NR_SA)
460,1,,,-121.9314830,47.5244923,2026-01-26 19:49:13.000,_20260126_114137_CH02_TMO_5GNR_WFC_REF_TC-164.dml,,,,,,,,,,NR SA,,,,,,,,,,,,,,,,,,,594,,,On,Connected,-69.000000,2412,14,,,,NR (NR_SA)
461,1,,,-121.9314830,47.5244923,2026-01-26 19:49:14.000,_20260126_114137_CH02_TMO_5GNR_WFC_REF_TC-164.dml,,,,,,,,,,NR SA,,,,,,,,,,,,,,,,,,,594,,,On,Connected,-69.000000,2412,14,,,,NR (NR_SA)
462,1,,,-121.9314830,47.5244923,2026-01-26 19:49:15.000,_20260126_114137_CH02_TMO_5GNR_WFC_REF_TC-164.dml,,,,,,,,,,NR SA,,,,,,,,,,,,,,,,,,,594,,,On,Connected,-69.000000,2412,14,,,,NR (NR_SA)
463,1,,,-121.9314830,47.5244923,2026-01-26 19:49:16.000,_20260126_114137_CH02_TMO_5GNR_WFC_REF_TC-164.dml,,,,,,,,,,NR SA,,,,,,,,,,,,,,,,,,,594,,,On,Connected,-69.000000,2412,14,,,,NR (NR_SA)
464,1,,,-121.9314830,47.5244923,2026-01-26 19:49:17.000,_20260126_114137_CH02_TMO_5GNR_WFC_REF_TC-164.dml,,,,,,,,,,NR SA,,,,,,,,,,,,,,,,,,,594,,,On,Connected,-69.000000,2412,14,,,,NR (NR_SA)
465,1,,,-121.9314830,47.5244923,2026-01-26 19:49:18.000,_20260126_114137_CH02_TMO_5GNR_WFC_REF_TC-164.dml,,,,,,,,,,NR SA,,,,,,,,,,,,,,,,,,,594,,,On,Connected,-69.000000,2412,14,,,,NR (NR_SA)
466,1,,,-121.9314830,47.5244923,2026-01-26 19:49:19.000,_20260126_114137_CH02_TMO_5GNR_WFC_REF_TC-164.dml,,,,,,,,,,NR SA,,,,,,,,,,,,,,,,,,,594,,,On,Connected,-69.000000,2412,14,,,,NR (NR_SA)
467,1,,,-121.9314830,47.5244923,2026-01-26 19:49:20.000,_20260126_114137_CH02_TMO_5GNR_WFC_REF_TC-164.dml,,,,,,,,,,NR SA,,,,,,,,,,,,,,,,,,,594,,,On,Connected,-69.000000,2412,14,,,,NR (NR_SA)
468,1,,,-121.9314830,47.5244923,2026-01-26 19:49:21.000,_20260126_114137_CH02_TMO_5GNR_WFC_REF_TC-164.dml,,,,,,,,,,NR SA,,,,,,,,,,,,,,,,,,,594,,,On,Connected,-69.000000,2412,14,,,,NR (NR_SA)
469,1,,,-121.9314830,47.5244923,2026-01-26 19:49:22.000,_20260126_114137_CH02_TMO_5GNR_WFC_REF_TC-164.dml,,,,,,,,,,NR SA,,,,,,,,,,,,,,,,,,,594,,,On,Connected,-69.000000,2412,14,,,,NR (NR_SA)
470,1,,,-121.9314830,47.5244923,2026-01-26 19:49:23.000,_20260126_114137_CH02_TMO_5GNR_WFC_REF_TC-164.dml,,,,,,,,,,NR SA,,,,,,,,,,,,,,,,,,,594,,,On,Connected,-69.000000,2412,14,,,,NR (NR_SA)
471,1,,,-121.9314830,47.5244923,2026-01-26 19:49:24.000,_20260126_114137_CH02_TMO_5GNR_WFC_REF_TC-164.dml,,,,,,,,,,NR SA,,,,,,,,,,,,,,,,,,,594,,,On,Connected,-69.000000,2412,14,,,,NR (NR_SA)
472,1,,,-121.9314830,47.5244923,2026-01-26 19:49:25.000,_20260126_114137_CH02_TMO_5GNR_WFC_REF_TC-164.dml,,,,,,,,,,NR SA,,,,,,,,,,,,,,,,,,,594,,,On,Connected,-69.000000,2412,14,,,,NR (NR_SA)
473,1,,,-121.9314830,47.5244923,2026-01-26 19:49:26.000,_20260126_114137_CH02_TMO_5GNR_WFC_REF_TC-164.dml,,,,,,,,,,NR SA,,,,,,,,,,,,,,,,,,,594,,,On,Connected,-69.000000,2412,14,,,,NR (NR_SA)
474,1,,,-121.9314830,47.5244923,2026-01-26 19:49:27.000,_20260126_114137_CH02_TMO_5GNR_WFC_REF_TC-164.dml,,,,,,,,,,NR SA,,,,,,,,,,,,,,,,,,,594,,,On,Connected,-69.000000,2412,14,,,,NR (NR_SA)
475,1,,,-121.9314830,47.5244923,2026-01-26 19:49:28.000,_20260126_114137_CH02_TMO_5GNR_WFC_REF_TC-164.dml,,,,,,,,,,NR SA,,,,,,,,,,,,,,,,,,,594,,,On,Connected,-69.000000,2412,14,,,,NR (NR_SA)
476,1,,,-121.9314830,47.5244923,2026-01-26 19:49:29.000,_20260126_114137_CH02_TMO_5GNR_WFC_REF_TC-164.dml,,,,,,,,,,NR SA,,,,,,,,,,,,,,,,,,,594,,,On,Connected,-69.000000,2412,14,,,,NR (NR_SA)
477,1,,,-121.9314830,47.5244923,2026-01-26 19:49:30.000,_20260126_114137_CH02_TMO_5GNR_WFC_REF_TC-164.dml,,,,,,,,,,NR SA,,,,,,,,,,,,,,,,,,,594,,,On,Connected,-69.000000,2412,14,,,,NR (NR_SA)
478,1,,,-121.9314830,47.5244923,2026-01-26 19:49:31.000,_20260126_114137_CH02_TMO_5GNR_WFC_REF_TC-164.dml,,,,,,,,,,NR SA,,,,,,,,,,,,,,,,,,,594,,,,Connected,,,,,,,NR (NR_SA)
479,1,,,-121.9314830,47.5244923,2026-01-26 19:49:32.000,_20260126_114137_CH02_TMO_5GNR_WFC_REF_TC-164.dml,,,,,,,,,,NR SA,,,,,,,,,,,,,,,,,,,594,,,On,Connected,-69.000000,2412,14,,,,NR (NR_SA)
480,1,,,-121.9314830,47.5244923,2026-01-26 19:49:33.000,_20260126_114137_CH02_TMO_5GNR_WFC_REF_TC-164.dml,,,,,,,,,,NR SA,,,,,,,,,,,,,,,,,,,594,,,On,Connected,-69.000000,2412,14,,,,NR (NR_SA)
481,1,,,-121.9314830,47.5244923,2026-01-26 19:49:34.000,_20260126_114137_CH02_TMO_5GNR_WFC_REF_TC-164.dml,,,,,,,,,,NR SA,,,,,,,,,,,,,,,,,,,594,,,On,Connected,-69.000000,2412,14,,,,NR (NR_SA)
482,1,,,-121.9314830,47.5244923,2026-01-26 19:49:35.000,_20260126_114137_CH02_TMO_5GNR_WFC_REF_TC-164.dml,,,,,,,,,,NR SA,,,,,,,,,,,,,,,,,,,594,,,On,Connected,-69.000000,2412,14,,,,NR (NR_SA)
483,1,,,-121.9314830,47.5244923,2026-01-26 19:49:36.000,_20260126_114137_CH02_TMO_5GNR_WFC_REF_TC-164.dml,,,,,,,,,,NR SA,,,,,,,,,,,,,,,,,,,594,,,On,Connected,-69.000000,2412,14,,,,NR (NR_SA)
484,1,,,-121.9314830,47.5244923,2026-01-26 19:49:37.000,_20260126_114137_CH02_TMO_5GNR_WFC_REF_TC-164.dml,,,,,,,,,,NR SA,,,,,,,,,,,,,,,,,,,594,,,On,Connected,-69.000000,2412,14,,,,NR (NR_SA)
485,1,,,-121.9314830,47.5244923,2026-01-26 19:49:38.000,_20260126_114137_CH02_TMO_5GNR_WFC_REF_TC-164.dml,,,,,,,,,,NR SA,,,,,,,,,,,,,,,,,,,594,,,On,Connected,-69.000000,2412,14,,,,NR (NR_SA)
486,1,,,-121.9314830,47.5244923,2026-01-26 19:49:39.000,_20260126_114137_CH02_TMO_5GNR_WFC_REF_TC-164.dml,,,,,,,,,,NR SA,,,,,,,,,,,,,,,,,,,594,,,On,Connected,-69.000000,2412,14,,,,NR (NR_SA)
487,1,,,-121.9314830,47.5244923,2026-01-26 19:49:40.000,_20260126_114137_CH02_TMO_5GNR_WFC_REF_TC-164.dml,,,,,,,,,,NR SA,,,,,,,,,,,,,,,,,,,594,,,On,Connected,-69.000000,2412,14,,,,NR (NR_SA)
488,1,,,-121.9314830,47.5244923,2026-01-26 19:49:41.000,_20260126_114137_CH02_TMO_5GNR_WFC_REF_TC-164.dml,,,,,,,,,,NR SA,,,,,,,,,,,,,,,,,,,594,,,On,Connected,-69.000000,2412,14,,,,NR (NR_SA)
489,1,,,-121.9314830,47.5244923,2026-01-26 19:49:42.000,_20260126_114137_CH02_TMO_5GNR_WFC_REF_TC-164.dml,,,,,,,,,,NR SA,,,,,,,,,,,,,,,,,,,594,,,On,Connected,-69.000000,2412,14,,,,NR (NR_SA)
490,1,,,-121.9314830,47.5244923,2026-01-26 19:49:43.000,_20260126_114137_CH02_TMO_5GNR_WFC_REF_TC-164.dml,,,,,,,,,,NR SA,,,,,,,,,,,,,,,,,,,594,,,On,Connected,-69.000000,2412,14,,,,NR (NR_SA)
491,1,,,-121.9314830,47.5244923,2026-01-26 19:49:44.000,_20260126_114137_CH02_TMO_5GNR_WFC_REF_TC-164.dml,,,,,,,,,,NR SA,,,,,,,,,,,,,,,,,,,594,,,On,Connected,-69.000000,2412,14,,,,NR (NR_SA)
492,1,,,-121.9314830,47.5244923,2026-01-26 19:49:45.000,_20260126_114137_CH02_TMO_5GNR_WFC_REF_TC-164.dml,,,,,,,,,,NR SA,,,,,,,,,,,,,,,,,,,594,,,On,Connected,-69.000000,2412,14,,,,NR (NR_SA)
493,1,,,-121.9314830,47.5244923,2026-01-26 19:49:46.000,_20260126_114137_CH02_TMO_5GNR_WFC_REF_TC-164.dml,,,,,,,,,,NR SA,,,,,,,,,,,,,,,,,,,594,,,On,Connected,-69.000000,2412,14,,,,NR (NR_SA)
494,1,,,-121.9314830,47.5244923,2026-01-26 19:49:47.000,_20260126_114137_CH02_TMO_5GNR_WFC_REF_TC-164.dml,,,,,,,,,,NR SA,,,,,,,,,,,,,,,,,,,594,,,On,Connected,-69.000000,2412,14,,,,NR (NR_SA)
495,1,,,-121.9314830,47.5244923,2026-01-26 19:49:48.000,_20260126_114137_CH02_TMO_5GNR_WFC_REF_TC-164.dml,,,,,,,,,,NR SA,,,,,,,,,,,,,,,,,,,594,,,On,Connected,-69.000000,2412,14,,,,NR (NR_SA)
496,1,,,-121.9314830,47.5244923,2026-01-26 19:49:49.000,_20260126_114137_CH02_TMO_5GNR_WFC_REF_TC-164.dml,,,,,,,,,,NR SA,,,,,,,,,,,,,,,,,,,594,,,On,Connected,-69.000000,2412,14,,,,NR (NR_SA)
497,1,,,-121.9314830,47.5244923,2026-01-26 19:49:50.000,_20260126_114137_CH02_TMO_5GNR_WFC_REF_TC-164.dml,,,,,,,,,,NR SA,,,,,,,,,,,,,,,,,,,594,,,On,Connected,-69.000000,2412,14,,,,NR (NR_SA)
498,1,,,-121.9314830,47.5244923,2026-01-26 19:49:51.000,_20260126_114137_CH02_TMO_5GNR_WFC_REF_TC-164.dml,,,,,,,,,,NR SA,,,,,,,,,,,,,,,,,,,594,,,On,Connected,-69.000000,2412,14,,,,NR (NR_SA)
499,1,,,-121.9314830,47.5244923,2026-01-26 19:49:52.000,_20260126_114137_CH02_TMO_5GNR_WFC_REF_TC-164.dml,,,,,,,,,,NR SA,,,,,,,,,,,,,,,,,,,594,,,On,Connected,-69.000000,2412,14,,,,NR (NR_SA)
500,1,,,-121.9314830,47.5244923,2026-01-26 19:49:53.000,_20260126_114137_CH02_TMO_5GNR_WFC_REF_TC-164.dml,,,,,,,,,,NR SA,,,,,,,,,,,,,,,,,,,594,,,On,Connected,-69.000000,2412,14,,,,NR (NR_SA)
501,1,,,-121.9314830,47.5244923,2026-01-26 19:49:54.000,_20260126_114137_CH02_TMO_5GNR_WFC_REF_TC-164.dml,,,,,,,,,,NR SA,,,,,,,,,,,,,,,,,,,594,,,On,Connected,-69.000000,2412,14,,,,NR (NR_SA)
502,1,,,-121.9314830,47.5244923,2026-01-26 19:49:55.000,_20260126_114137_CH02_TMO_5GNR_WFC_REF_TC-164.dml,,,,,,,,,,NR SA,,,,,,,,,,,,,,,,,,,594,,,On,Connected,-69.000000,2412,14,,,,NR (NR_SA)
503,1,,,-121.9314830,47.5244923,2026-01-26 19:49:56.000,_20260126_114137_CH02_TMO_5GNR_WFC_REF_TC-164.dml,,,,,,,,,,NR SA,,,,,,,,,,,,,,,,,,,594,,,On,Connected,-69.000000,2412,14,,,,NR (NR_SA)
504,1,,,-121.9314830,47.5244923,2026-01-26 19:49:57.000,_20260126_114137_CH02_TMO_5GNR_WFC_REF_TC-164.dml,,,,,,,,,,NR SA,,,,,,,,,,,,,,,,,,,594,,,On,Connected,-64.000000,2412,14,,,,NR (NR_SA)
505,1,,,-121.9314830,47.5244923,2026-01-26 19:49:58.000,_20260126_114137_CH02_TMO_5GNR_WFC_REF_TC-164.dml,,,,,,,,,,NR SA,,,,,,,,,,,,,,,,,,,594,,,On,Connected,-64.000000,2412,14,,,,NR (NR_SA)
506,1,,,-121.9314830,47.5244923,2026-01-26 19:49:59.000,_20260126_114137_CH02_TMO_5GNR_WFC_REF_TC-164.dml,,,,,,,,,,NR SA,,,,,,,,,,,,,,,,,,,594,,,On,Connected,-64.000000,2412,14,,,,NR (NR_SA)
507,1,,,-121.9314830,47.5244923,2026-01-26 19:50:00.000,_20260126_114137_CH02_TMO_5GNR_WFC_REF_TC-164.dml,,,,,,,,,,NR SA,,,,,,,,,,,,,,,,,,,594,,,On,Connected,-66.000000,2412,14,,,,NR (NR_SA)
508,1,,,-121.9314830,47.5244923,2026-01-26 19:50:01.000,_20260126_114137_CH02_TMO_5GNR_WFC_REF_TC-164.dml,,,,,,,,,,NR SA,,,,,,,,,,,,,,,,,,,594,,,On,Connected,-66.000000,2412,14,,,,NR (NR_SA)
509,1,,,-121.9314830,47.5244923,2026-01-26 19:50:02.000,_20260126_114137_CH02_TMO_5GNR_WFC_REF_TC-164.dml,,,,,,,,,,NR SA,,,,,,,,,,,,,,,,,,,594,,,On,Connected,-66.000000,2412,14,,,,NR (NR_SA)
510,1,,,-121.9314830,47.5244923,2026-01-26 19:50:03.000,_20260126_114137_CH02_TMO_5GNR_WFC_REF_TC-164.dml,,,,,,,,,,NR SA,,,,,,,,,,,,,,,,,,,594,,,On,Connected,-68.000000,2412,14,,,,NR (NR_SA)
511,1,,,-121.9314830,47.5244923,2026-01-26 19:50:04.000,_20260126_114137_CH02_TMO_5GNR_WFC_REF_TC-164.dml,,,,,,,,,,NR SA,,,,,,,,,,,,,,,,,,,594,,,On,Connected,-68.000000,2412,14,,,,NR (NR_SA)
512,1,,,-121.9314830,47.5244923,2026-01-26 19:50:05.000,_20260126_114137_CH02_TMO_5GNR_WFC_REF_TC-164.dml,,,,,,,,,,NR SA,,,,,,,,,,,,,,,,,,,594,,,On,Connected,-68.000000,2412,14,,,,NR (NR_SA)
513,1,,,-121.9314830,47.5244923,2026-01-26 19:50:06.000,_20260126_114137_CH02_TMO_5GNR_WFC_REF_TC-164.dml,,,,,,,,,,NR SA,,,,,,,,,,,,,,,,,,,594,,,On,Connected,-63.000000,2412,14,,,,NR (NR_SA)
514,1,,,-121.9314830,47.5244923,2026-01-26 19:50:07.000,_20260126_114137_CH02_TMO_5GNR_WFC_REF_TC-164.dml,,,,,,,,,,NR SA,,,,,,,,,,,,,,,,,,,594,,,On,Connected,-63.000000,2412,14,,,,NR (NR_SA)
515,1,,,-121.9314830,47.5244923,2026-01-26 19:50:08.000,_20260126_114137_CH02_TMO_5GNR_WFC_REF_TC-164.dml,,,,,,,,,,NR SA,,,,,,,,,,,,,,,,,,,594,,,On,Connected,-63.000000,2412,14,,,,NR (NR_SA)
516,1,,,-121.9314830,47.5244923,2026-01-26 19:50:09.000,_20260126_114137_CH02_TMO_5GNR_WFC_REF_TC-164.dml,,,,,,,,,,NR SA,,,,,,,,,,,,,,,,,,,594,,,On,Connected,-67.000000,2412,14,,,,NR (NR_SA)
517,1,,,-121.9314830,47.5244923,2026-01-26 19:50:10.000,_20260126_114137_CH02_TMO_5GNR_WFC_REF_TC-164.dml,,,,,,,,,,NR SA,,,,,,,,,,,,,,,,,,,594,,,On,Connected,-67.000000,2412,14,,,,NR (NR_SA)
518,1,,,-121.9314830,47.5244923,2026-01-26 19:50:11.000,_20260126_114137_CH02_TMO_5GNR_WFC_REF_TC-164.dml,,,,,,,,,,NR SA,,,,,,,,,,,,,,,,,,,594,,,On,Connected,-67.000000,2412,14,,,,NR (NR_SA)
519,1,,,-121.9314830,47.5244923,2026-01-26 19:50:12.000,_20260126_114137_CH02_TMO_5GNR_WFC_REF_TC-164.dml,,,,,,,,,,NR SA,,,,,,,,,,,,,,,,,,,594,,,On,Connected,-65.000000,2412,14,,,,NR (NR_SA)
520,1,,,-121.9314830,47.5244923,2026-01-26 19:50:13.000,_20260126_114137_CH02_TMO_5GNR_WFC_REF_TC-164.dml,,,,,,,,,,NR SA,,,,,,,,,,,,,,,,,,,594,,,On,Connected,-65.000000,2412,14,,,,NR (NR_SA)
521,1,,,-121.9314830,47.5244923,2026-01-26 19:50:14.000,_20260126_114137_CH02_TMO_5GNR_WFC_REF_TC-164.dml,,,,,,,,,,NR SA,,,,,,,,,,,,,,,,,,,594,,,On,Connected,-65.000000,2412,14,,,,NR (NR_SA)
522,1,,,-121.9314830,47.5244923,2026-01-26 19:50:15.000,_20260126_114137_CH02_TMO_5GNR_WFC_REF_TC-164.dml,,,,,,,,,,NR SA,,,,,,,,,,,,,,,,,,,594,,,On,Connected,-63.000000,2412,14,,,,NR (NR_SA)
523,1,,,-121.9314830,47.5244923,2026-01-26 19:50:16.000,_20260126_114137_CH02_TMO_5GNR_WFC_REF_TC-164.dml,,,,,,,,,,NR SA,,,,,,,,,,,,,,,,,,,594,,,On,Connected,-63.000000,2412,14,,,,NR (NR_SA)
524,1,,,-121.9314830,47.5244923,2026-01-26 19:50:17.000,_20260126_114137_CH02_TMO_5GNR_WFC_REF_TC-164.dml,,,,,,,,,,NR SA,,,,,,,,,,,,,,,,,,,594,,,On,Connected,-63.000000,2412,14,,,,NR (NR_SA)
525,1,,,-121.9314830,47.5244923,2026-01-26 19:50:18.000,_20260126_114137_CH02_TMO_5GNR_WFC_REF_TC-164.dml,,,,,,,,,,NR SA,,,,,,,,,,,,,,,,,,,594,,,On,Connected,-59.000000,2412,14,,,,NR (NR_SA)
526,1,,,-121.9314830,47.5244923,2026-01-26 19:50:19.000,_20260126_114137_CH02_TMO_5GNR_WFC_REF_TC-164.dml,,,,,,,,,,NR SA,,,,,,,,,,,,,,,,,,,594,,,On,Connected,-59.000000,2412,14,,,,NR (NR_SA)
527,1,,,-121.9314830,47.5244923,2026-01-26 19:50:20.000,_20260126_114137_CH02_TMO_5GNR_WFC_REF_TC-164.dml,,,,,,,,,,NR SA,,,,,,,,,,,,,,,,,,,594,,,On,Connected,-59.000000,2412,14,,,,NR (NR_SA)
528,1,,,-121.9314830,47.5244923,2026-01-26 19:50:21.000,_20260126_114137_CH02_TMO_5GNR_WFC_REF_TC-164.dml,,,,,,,,,,NR SA,,,,,,,,,,,,,,,,,,,594,,,On,Connected,-62.000000,2412,14,,,,NR (NR_SA)
529,1,,,-121.9314830,47.5244923,2026-01-26 19:50:22.000,_20260126_114137_CH02_TMO_5GNR_WFC_REF_TC-164.dml,,,,,,,,,,NR SA,,,,,,,,,,,,,,,,,,,594,,,On,Connected,-62.000000,2412,14,,,,NR (NR_SA)
530,1,,,-121.9314830,47.5244923,2026-01-26 19:50:23.000,_20260126_114137_CH02_TMO_5GNR_WFC_REF_TC-164.dml,,,,,,,,,,NR SA,,,,,,,,,,,,,,,,,,,594,,,On,Connected,-62.000000,2412,14,,,,NR (NR_SA)
531,1,,,-121.9314830,47.5244923,2026-01-26 19:50:24.000,_20260126_114137_CH02_TMO_5GNR_WFC_REF_TC-164.dml,,,,,,,,,,NR SA,,,,,,,,,,,,,,,,,,,594,,,On,Connected,-62.000000,2412,14,,,,NR (NR_SA)
532,1,,,-121.9314830,47.5244923,2026-01-26 19:50:25.000,_20260126_114137_CH02_TMO_5GNR_WFC_REF_TC-164.dml,,,,,,,,,,NR SA,,,,,,,,,,,,,,,,,,,594,,,On,Connected,-62.000000,2412,14,,,,NR (NR_SA)
533,1,,,-121.9314830,47.5244923,2026-01-26 19:50:26.000,_20260126_114137_CH02_TMO_5GNR_WFC_REF_TC-164.dml,,,,,,,,,,NR SA,,,,,,,,,,,,,,,,,,,594,,,On,Connected,-62.000000,2412,14,,,,NR (NR_SA)
534,1,,,-121.9314830,47.5244923,2026-01-26 19:50:27.000,_20260126_114137_CH02_TMO_5GNR_WFC_REF_TC-164.dml,,,,,,,,,,NR SA,,,,,,,,,,,,,,,,,,,594,,,On,Connected,-55.000000,2412,14,,,,NR (NR_SA)
535,1,,,-121.9314830,47.5244923,2026-01-26 19:50:28.000,_20260126_114137_CH02_TMO_5GNR_WFC_REF_TC-164.dml,,,,,,,,,,NR SA,,,,,,,,,,,,,,,,,,,594,,,On,Connected,-55.000000,2412,14,,,,NR (NR_SA)
536,1,,,-121.9314830,47.5244923,2026-01-26 19:50:29.000,_20260126_114137_CH02_TMO_5GNR_WFC_REF_TC-164.dml,,,,,,,,,,NR SA,,,,,,,,,,,,,,,,,,,594,,,On,Connected,-55.000000,2412,14,,,,NR (NR_SA)
537,1,,,-121.9314830,47.5244923,2026-01-26 19:50:30.000,_20260126_114137_CH02_TMO_5GNR_WFC_REF_TC-164.dml,,,,,,,,,,NR SA,,,,,,,,,,,,,,,,,,,594,,,On,Connected,-55.000000,2412,14,,,,NR (NR_SA)
538,1,,,-121.9314830,47.5244923,2026-01-26 19:50:31.000,_20260126_114137_CH02_TMO_5GNR_WFC_REF_TC-164.dml,,,,,,,,,,NR SA,,,,,,,,,,,,,,,,,,,594,,,On,Connected,-55.000000,2412,14,,,,NR (NR_SA)
539,1,,,-121.9314830,47.5244923,2026-01-26 19:50:32.000,_20260126_114137_CH02_TMO_5GNR_WFC_REF_TC-164.dml,,,,,,,,,,NR SA,,,,,,,,,,,,,,,,,,,594,,,On,Connected,-58.000000,2412,14,,,,NR (NR_SA)
540,1,,,-121.9314830,47.5244923,2026-01-26 19:50:33.000,_20260126_114137_CH02_TMO_5GNR_WFC_REF_TC-164.dml,,,,,,,,,,NR SA,,,,,,,,,,,,,,,,,,,594,,,On,Connected,-58.000000,2412,14,,,,NR (NR_SA)
541,1,,,-121.9314830,47.5244923,2026-01-26 19:50:34.000,_20260126_114137_CH02_TMO_5GNR_WFC_REF_TC-164.dml,,,,,,,,,,NR SA,,,,,,,,,,,,,,,,,,,594,,,On,Connected,-58.000000,2412,14,,,,NR (NR_SA)
542,1,,,-121.9314830,47.5244923,2026-01-26 19:50:35.000,_20260126_114137_CH02_TMO_5GNR_WFC_REF_TC-164.dml,,,,,,,,,,NR SA,,,,,,,,,,,,,,,,,,,594,,,On,Connected,-58.000000,2412,14,,,,NR (NR_SA)
543,1,,,-121.9314830,47.5244923,2026-01-26 19:50:36.000,_20260126_114137_CH02_TMO_5GNR_WFC_REF_TC-164.dml,,,,,,,,,,NR SA,,,,,,,,,,,,,,,,,,,594,,,On,Connected,-58.000000,2412,14,,,,IWLAN
544,1,,,-121.9314830,47.5244923,2026-01-26 19:50:37.000,_20260126_114137_CH02_TMO_5GNR_WFC_REF_TC-164.dml,,,,,,,,,,NR SA,,,,,,,,,,,,,,,,,,,594,,,On,Connected,-58.000000,2412,14,,,,IWLAN
545,1,,,-121.9314830,47.5244923,2026-01-26 19:50:38.000,_20260126_114137_CH02_TMO_5GNR_WFC_REF_TC-164.dml,,,,,,,,,,NR SA,,,,,,,,,,,,,,,,,,,594,,,On,Connected,-54.000000,2412,14,,,,IWLAN
546,1,,,-121.9314830,47.5244923,2026-01-26 19:50:39.000,_20260126_114137_CH02_TMO_5GNR_WFC_REF_TC-164.dml,,,,,,,,,,NR SA,,,,,,,,,,,,,,,,,,,594,,,On,Connected,-54.000000,2412,14,,,,IWLAN
547,1,,,-121.9314830,47.5244923,2026-01-26 19:50:40.000,_20260126_114137_CH02_TMO_5GNR_WFC_REF_TC-164.dml,,,,,,,,,,NR SA,,,,,,,,,,,,,,,,,,,594,,,On,Connected,-54.000000,2412,14,,,,IWLAN
548,1,,,-121.9314830,47.5244923,2026-01-26 19:50:41.000,_20260126_114137_CH02_TMO_5GNR_WFC_REF_TC-164.dml,,,,,,,,,,NR SA,,,,,,,,,,,,,,,,,,,594,,,On,Connected,-54.000000,2412,14,,,,IWLAN
549,1,,,-121.9314830,47.5244923,2026-01-26 19:50:42.000,_20260126_114137_CH02_TMO_5GNR_WFC_REF_TC-164.dml,,,,,,,,,,NR SA,,,,,,,,,,,,,,,,,,,594,,,On,Connected,-54.000000,2412,14,,,,IWLAN
550,1,,,-121.9314830,47.5244923,2026-01-26 19:50:43.000,_20260126_114137_CH02_TMO_5GNR_WFC_REF_TC-164.dml,,,,,,,,,,NR SA,,,,,,,,,,,,,,,,,,,594,,,On,Connected,-54.000000,2412,14,,,,IWLAN
551,1,,,-121.9314830,47.5244923,2026-01-26 19:50:44.000,_20260126_114137_CH02_TMO_5GNR_WFC_REF_TC-164.dml,,,,,,,,,,NR SA,,,,,,,,,,,,,,,,,,,594,,,On,Connected,-60.000000,2412,14,,,,IWLAN
552,1,,,-121.9314830,47.5244923,2026-01-26 19:50:45.000,_20260126_114137_CH02_TMO_5GNR_WFC_REF_TC-164.dml,,,,,,,,,,NR SA,,,,,,,,,,,,,,,,,,,594,,,On,Connected,-60.000000,2412,14,,,,IWLAN
553,1,,,-121.9314830,47.5244923,2026-01-26 19:50:46.000,_20260126_114137_CH02_TMO_5GNR_WFC_REF_TC-164.dml,,,,,,,,,,NR SA,,,,,,,,,,,,,,,,,,,594,,,On,Connected,-60.000000,2412,14,,,,IWLAN
554,1,,,-121.9314830,47.5244923,2026-01-26 19:50:47.000,_20260126_114137_CH02_TMO_5GNR_WFC_REF_TC-164.dml,,,,,,,,,,NR SA,,,,,,,,,,,,,,,,,,,594,,,On,Connected,-60.000000,2412,14,,,,IWLAN
555,1,,,-121.9314830,47.5244923,2026-01-26 19:50:48.000,_20260126_114137_CH02_TMO_5GNR_WFC_REF_TC-164.dml,,,,,,,,,,NR SA,,,,,,,,,,,,,,,,,,,594,,,On,Connected,-60.000000,2412,14,,,,IWLAN
556,1,,,-121.9314830,47.5244923,2026-01-26 19:50:49.000,_20260126_114137_CH02_TMO_5GNR_WFC_REF_TC-164.dml,,,,,,,,,,NR SA,,,,,,,,,,,,,,,,,,,594,,,On,Connected,-60.000000,2412,14,,,,IWLAN
557,1,,,-121.9314830,47.5244923,2026-01-26 19:50:50.000,_20260126_114137_CH02_TMO_5GNR_WFC_REF_TC-164.dml,,,,,,,,,,NR SA,,,,,,,,,,,,,,,,,,,594,,,,Connected,,,,,,,IWLAN
558,1,,,-121.9314830,47.5244923,2026-01-26 19:50:51.000,_20260126_114137_CH02_TMO_5GNR_WFC_REF_TC-164.dml,,,,,,,,,,NR SA,,,,,,,,,,,,,,,,,,,594,,,On,Connected,-60.000000,2412,14,,,,IWLAN
559,1,,,-121.9314830,47.5244923,2026-01-26 19:50:52.000,_20260126_114137_CH02_TMO_5GNR_WFC_REF_TC-164.dml,,,,,,,,,,NR SA,,,,,,,,,,,,,,,,,,,594,,,,Connected,,,,,,,IWLAN
560,1,,,-121.9314830,47.5244923,2026-01-26 19:50:53.000,_20260126_114137_CH02_TMO_5GNR_WFC_REF_TC-164.dml,,,,,,,,,,NR SA,,,,,,,,,,,,,,,,,,,594,,,On,Connected,-59.000000,2412,14,,,,IWLAN
561,1,,,-121.9314830,47.5244923,2026-01-26 19:50:54.000,_20260126_114137_CH02_TMO_5GNR_WFC_REF_TC-164.dml,,,,,,,,,,NR SA,,,,,,,,,,,,,,,,,,,594,,,,Connected,,,,,,,IWLAN
562,1,,,-121.9314830,47.5244923,2026-01-26 19:50:55.000,_20260126_114137_CH02_TMO_5GNR_WFC_REF_TC-164.dml,,,,,,,,,,NR SA,,,,,,,,,,,,,,,,,,,594,,,On,Connected,-59.000000,2412,14,,,,IWLAN
563,1,,,-121.9314830,47.5244923,2026-01-26 19:50:56.000,_20260126_114137_CH02_TMO_5GNR_WFC_REF_TC-164.dml,,,,,,,,,,NR SA,,,,,,,,,,,,,,,,,,,594,,,On,Connected,-62.000000,2412,14,,,,IWLAN
564,1,,,-121.9314830,47.5244923,2026-01-26 19:50:57.000,_20260126_114137_CH02_TMO_5GNR_WFC_REF_TC-164.dml,,,,,,,,,,NR SA,,,,,,,,,,,,,,,,,,,594,,,On,Connected,-62.000000,2412,14,,,,IWLAN
565,1,,,-121.9314830,47.5244923,2026-01-26 19:50:58.000,_20260126_114137_CH02_TMO_5GNR_WFC_REF_TC-164.dml,,,,,,,,,,NR SA,,,,,,,,,,,,,,,,,,,594,,,On,Connected,-62.000000,2412,14,,,,IWLAN
566,1,,,-121.9314830,47.5244923,2026-01-26 19:50:59.000,_20260126_114137_CH02_TMO_5GNR_WFC_REF_TC-164.dml,,,,,,,,,,NR SA,,,,,,,,,,,,,,,,,,,594,,,On,Connected,-59.000000,2412,14,,,,IWLAN
567,1,,,-121.9314830,47.5244923,2026-01-26 19:51:00.000,_20260126_114137_CH02_TMO_5GNR_WFC_REF_TC-164.dml,,,,,,,,,,NR SA,,,,,,,,,,,,,,,,,,,594,,,On,Connected,-59.000000,2412,14,,,,IWLAN
568,1,,,-121.9314830,47.5244923,2026-01-26 19:51:01.000,_20260126_114137_CH02_TMO_5GNR_WFC_REF_TC-164.dml,,,,,,,,,,NR SA,,,,,,,,,,,,,,,,,,,594,,,On,Connected,-59.000000,2412,14,,,,IWLAN
569,1,,,-121.9314830,47.5244923,2026-01-26 19:51:02.000,_20260126_114137_CH02_TMO_5GNR_WFC_REF_TC-164.dml,,,,,,,,,,NR SA,,,,,,,,,,,,,,,,,,,594,,,On,Connected,-59.000000,2412,14,,,,IWLAN
570,1,,,-121.9314830,47.5244923,2026-01-26 19:51:03.000,_20260126_114137_CH02_TMO_5GNR_WFC_REF_TC-164.dml,,,,,,,,,,NR SA,,,,,,,,,,,,,,,,,,,594,,,On,Connected,-59.000000,2412,14,,,,IWLAN
571,1,,,-121.9314830,47.5244923,2026-01-26 19:51:04.000,_20260126_114137_CH02_TMO_5GNR_WFC_REF_TC-164.dml,,,,,,,,,,NR SA,,,,,,,,,,,,,,,,,,,594,,,On,Connected,-59.000000,2412,14,,,,IWLAN
572,1,,,-121.9314830,47.5244923,2026-01-26 19:51:05.000,_20260126_114137_CH02_TMO_5GNR_WFC_REF_TC-164.dml,,,,,,,,,,NR SA,,,,,,,,,,,,,,,,,,,594,,,On,Connected,-59.000000,2412,14,,,,IWLAN
573,1,,,-121.9314830,47.5244923,2026-01-26 19:51:06.000,_20260126_114137_CH02_TMO_5GNR_WFC_REF_TC-164.dml,,,,,,,,,,NR SA,,,,,,,,,,,,,,,,,,,594,,,On,Connected,-59.000000,2412,14,,,,IWLAN
574,1,,,-121.9314830,47.5244923,2026-01-26 19:51:07.000,_20260126_114137_CH02_TMO_5GNR_WFC_REF_TC-164.dml,,,,,,,,,,NR SA,,,,,,,,,,,,,,,,,,,594,,,On,Connected,-59.000000,2412,14,,,,IWLAN
575,1,,,-121.9314830,47.5244923,2026-01-26 19:51:08.000,_20260126_114137_CH02_TMO_5GNR_WFC_REF_TC-164.dml,,,,,,,,,,NR SA,,,,,,,,,,,,,,,,,,,594,,,On,Connected,-65.000000,2412,14,,,,IWLAN
576,1,,,-121.9314830,47.5244923,2026-01-26 19:51:09.000,_20260126_114137_CH02_TMO_5GNR_WFC_REF_TC-164.dml,,,,,,,,,,NR SA,,,,,,,,,,,,,,,,,,,594,,,On,Connected,-65.000000,2412,14,,,,IWLAN
577,1,,,-121.9314830,47.5244923,2026-01-26 19:51:10.000,_20260126_114137_CH02_TMO_5GNR_WFC_REF_TC-164.dml,,,,,,,,,,NR SA,,,,,,,,,,,,,,,,,,,594,,,On,Connected,-65.000000,2412,14,,,,IWLAN
578,1,,,-121.9314830,47.5244923,2026-01-26 19:51:11.000,_20260126_114137_CH02_TMO_5GNR_WFC_REF_TC-164.dml,,,,,,,,,,NR SA,,,,,,,,,,,,,,,,,,,594,,,On,Connected,-64.000000,2412,14,,,,IWLAN
579,1,,,-121.9314830,47.5244923,2026-01-26 19:51:12.000,_20260126_114137_CH02_TMO_5GNR_WFC_REF_TC-164.dml,,,,,,,,,,NR SA,,,,,,,,,,,,,,,,,,,594,,,On,Connected,-64.000000,2412,14,,,,IWLAN
580,1,,,-121.9314830,47.5244923,2026-01-26 19:51:13.000,_20260126_114137_CH02_TMO_5GNR_WFC_REF_TC-164.dml,,,,,,,,,,NR SA,,,,,,,,,,,,,,,,,,,594,,,On,Connected,-64.000000,2412,14,,,,IWLAN
581,1,,,-121.9314830,47.5244923,2026-01-26 19:51:14.000,_20260126_114137_CH02_TMO_5GNR_WFC_REF_TC-164.dml,,,,,,,,,,NR SA,,,,,,,,,,,,,,,,,,,594,,,On,Connected,-62.000000,2412,14,,,,IWLAN
582,1,,,-121.9314830,47.5244923,2026-01-26 19:51:15.000,_20260126_114137_CH02_TMO_5GNR_WFC_REF_TC-164.dml,,,,,,,,,,NR SA,,,,,,,,,,,,,,,,,,,594,,,,Connected,,,,,,,IWLAN
583,1,,,-121.9314830,47.5244923,2026-01-26 19:51:16.000,_20260126_114137_CH02_TMO_5GNR_WFC_REF_TC-164.dml,,,,,,,,,,NR SA,,,,,,,,,,,,,,,,,,,594,,,On,Connected,-62.000000,2412,14,,,,IWLAN
584,1,,,-121.9314830,47.5244923,2026-01-26 19:51:17.000,_20260126_114137_CH02_TMO_5GNR_WFC_REF_TC-164.dml,,,,,,,,,,NR SA,,,,,,,,,,,,,,,,,,,594,,,On,Connected,-67.000000,2412,14,,,,IWLAN
585,1,,,-121.9314830,47.5244923,2026-01-26 19:51:18.000,_20260126_114137_CH02_TMO_5GNR_WFC_REF_TC-164.dml,,,,,,,,,,NR SA,,,,,,,,,,,,,,,,,,,594,,,On,Connected,-67.000000,2412,14,,,,IWLAN
586,1,,,-121.9314830,47.5244923,2026-01-26 19:51:19.000,_20260126_114137_CH02_TMO_5GNR_WFC_REF_TC-164.dml,,,,,,,,,,NR SA,,,,,,,,,,,,,,,,,,,594,,,On,Connected,-67.000000,2412,14,,,,IWLAN
587,1,,,-121.9314830,47.5244923,2026-01-26 19:51:20.000,_20260126_114137_CH02_TMO_5GNR_WFC_REF_TC-164.dml,,,,,,,,,,NR SA,,,,,,,,,,,,,,,,,,,594,,,On,Connected,-66.000000,2412,14,,,,IWLAN
588,1,,,-121.9314830,47.5244923,2026-01-26 19:51:21.000,_20260126_114137_CH02_TMO_5GNR_WFC_REF_TC-164.dml,,,,,,,,,,NR SA,,,,,,,,,,,,,,,,,,,594,,,On,Connected,-66.000000,2412,14,,,,IWLAN
589,1,,,-121.9314830,47.5244923,2026-01-26 19:51:22.000,_20260126_114137_CH02_TMO_5GNR_WFC_REF_TC-164.dml,,,,,,,,,,NR SA,,,,,,,,,,,,,,,,,,,594,,,On,Connected,-66.000000,2412,14,,,,IWLAN
590,1,,,-121.9314830,47.5244923,2026-01-26 19:51:23.000,_20260126_114137_CH02_TMO_5GNR_WFC_REF_TC-164.dml,,,,,,,,,,NR SA,,,,,,,,,,,,,,,,,,,594,,,On,Connected,-65.000000,2412,14,,,,IWLAN
591,1,,,-121.9314830,47.5244923,2026-01-26 19:51:24.000,_20260126_114137_CH02_TMO_5GNR_WFC_REF_TC-164.dml,,,,,,,,,,NR SA,,,,,,,,,,,,,,,,,,,594,,,On,Connected,-65.000000,2412,14,,,,IWLAN
592,1,,,-121.9314830,47.5244923,2026-01-26 19:51:25.000,_20260126_114137_CH02_TMO_5GNR_WFC_REF_TC-164.dml,,,,,,,,,,NR SA,,,,,,,,,,,,,,,,,,,594,,,On,Connected,-65.000000,2412,14,,,,IWLAN
593,1,,,-121.9314830,47.5244923,2026-01-26 19:51:26.000,_20260126_114137_CH02_TMO_5GNR_WFC_REF_TC-164.dml,,,,,,,,,,NR SA,,,,,,,,,,,,,,,,,,,594,,,On,Connected,-67.000000,2412,14,,,,IWLAN
594,1,,,-121.9314830,47.5244923,2026-01-26 19:51:27.000,_20260126_114137_CH02_TMO_5GNR_WFC_REF_TC-164.dml,,,,,,,,,,NR SA,,,,,,,,,,,,,,,,,,,594,,,On,Connected,-67.000000,2412,14,,,,IWLAN
595,1,,,-121.9314830,47.5244923,2026-01-26 19:51:28.000,_20260126_114137_CH02_TMO_5GNR_WFC_REF_TC-164.dml,,,,,,,,,,NR SA,,,,,,,,,,,,,,,,,,,594,,,On,Connected,-67.000000,2412,14,,,,IWLAN
596,1,,,-121.9314830,47.5244923,2026-01-26 19:51:29.000,_20260126_114137_CH02_TMO_5GNR_WFC_REF_TC-164.dml,,,,,,,,,,NR SA,,,,,,,,,,,,,,,,,,,594,,,On,Connected,-64.000000,2412,14,,,,IWLAN
597,1,,,-121.9314830,47.5244923,2026-01-26 19:51:30.000,_20260126_114137_CH02_TMO_5GNR_WFC_REF_TC-164.dml,,,,,,,,,,NR SA,,,,,,,,,,,,,,,,,,,594,,,On,Connected,-64.000000,2412,14,,,,IWLAN
598,1,,,-121.9314830,47.5244923,2026-01-26 19:51:31.000,_20260126_114137_CH02_TMO_5GNR_WFC_REF_TC-164.dml,,,,,,,,,,NR SA,,,,,,,,,,,,,,,,,,,594,,,On,Connected,-64.000000,2412,14,,,,IWLAN
599,1,,,-121.9314830,47.5244923,2026-01-26 19:51:32.000,_20260126_114137_CH02_TMO_5GNR_WFC_REF_TC-164.dml,,,,,,,,,,NR SA,,,,,,,,,,,,,,,,,,,594,,,On,Connected,-64.000000,2412,14,,,,IWLAN
600,1,,,-121.9314830,47.5244923,2026-01-26 19:51:33.000,_20260126_114137_CH02_TMO_5GNR_WFC_REF_TC-164.dml,,,,,,,,,,NR SA,,,,,,,,,,,,,,,,,,,594,,,On,Connected,-64.000000,2412,14,,,,IWLAN
601,1,,,-121.9314830,47.5244923,2026-01-26 19:51:34.000,_20260126_114137_CH02_TMO_5GNR_WFC_REF_TC-164.dml,,,,,,,,,,NR SA,,,,,,,,,,,,,,,,,,,594,,,On,Connected,-64.000000,2412,14,,,,IWLAN
602,1,,,-121.9314830,47.5244923,2026-01-26 19:51:35.000,_20260126_114137_CH02_TMO_5GNR_WFC_REF_TC-164.dml,,,,,,,,,,NR SA,,,,,,,,,,,,,,,,,,,594,,,On,Connected,-61.000000,2412,14,,,,IWLAN
603,1,,,-121.9314830,47.5244923,2026-01-26 19:51:36.000,_20260126_114137_CH02_TMO_5GNR_WFC_REF_TC-164.dml,,,,,,,,,,NR SA,,,,,,,,,,,,,,,,,,,594,,,On,Connected,-61.000000,2412,14,,,,IWLAN
604,1,,,-121.9314830,47.5244923,2026-01-26 19:51:37.000,_20260126_114137_CH02_TMO_5GNR_WFC_REF_TC-164.dml,,,,,,,,,,NR SA,,,,,,,,,,,,,,,,,,,594,,,On,Connected,-61.000000,2412,14,,,,IWLAN
605,1,,,-121.9314830,47.5244923,2026-01-26 19:51:38.000,_20260126_114137_CH02_TMO_5GNR_WFC_REF_TC-164.dml,,,,,,,,,,NR SA,,,,,,,,,,,,,,,,,,,594,,,On,Connected,-60.000000,2412,14,,,,IWLAN
606,1,,,-121.9314830,47.5244923,2026-01-26 19:51:39.000,_20260126_114137_CH02_TMO_5GNR_WFC_REF_TC-164.dml,,,,,,,,,,NR SA,,,,,,,,,,,,,,,,,,,594,,,On,Connected,-60.000000,2412,14,,,,IWLAN
607,1,,,-121.9314830,47.5244923,2026-01-26 19:51:40.000,_20260126_114137_CH02_TMO_5GNR_WFC_REF_TC-164.dml,,,,,,,,,,NR SA,,,,,,,,,,,,,,,,,,,594,,,On,Connected,-60.000000,2412,14,,,,IWLAN
608,1,,,-121.9314830,47.5244923,2026-01-26 19:51:41.000,_20260126_114137_CH02_TMO_5GNR_WFC_REF_TC-164.dml,,,,,,,,,,NR SA,,,,,,,,,,,,,,,,,,,594,,,On,Connected,-64.000000,2412,14,,,,IWLAN
609,1,,,-121.9314830,47.5244923,2026-01-26 19:51:42.000,_20260126_114137_CH02_TMO_5GNR_WFC_REF_TC-164.dml,,,,,,,,,,NR SA,,,,,,,,,,,,,,,,,,,594,,,On,Connected,-64.000000,2412,14,,,,IWLAN
610,1,,,-121.9314830,47.5244923,2026-01-26 19:51:43.000,_20260126_114137_CH02_TMO_5GNR_WFC_REF_TC-164.dml,,,,,,,,,,NR SA,,,,,,,,,,,,,,,,,,,594,,,On,Connected,-64.000000,2412,14,,,,IWLAN
611,1,,,-121.9314830,47.5244923,2026-01-26 19:51:44.000,_20260126_114137_CH02_TMO_5GNR_WFC_REF_TC-164.dml,,,,,,,,,,NR SA,,,,,,,,,,,,,,,,,,,594,,,On,Connected,-69.000000,2412,14,,,,IWLAN
612,1,,,-121.9314830,47.5244923,2026-01-26 19:51:45.000,_20260126_114137_CH02_TMO_5GNR_WFC_REF_TC-164.dml,,,,,,,,,,NR SA,,,,,,,,,,,,,,,,,,,594,,,On,Connected,-69.000000,2412,14,,,,IWLAN
613,1,,,-121.9314830,47.5244923,2026-01-26 19:51:46.000,_20260126_114137_CH02_TMO_5GNR_WFC_REF_TC-164.dml,,,,,,,,,,NR SA,,,,,,,,,,,,,,,,,,,594,,,On,Connected,-69.000000,2412,14,,,,IWLAN
614,1,,,-121.9314830,47.5244923,2026-01-26 19:51:47.000,_20260126_114137_CH02_TMO_5GNR_WFC_REF_TC-164.dml,,,,,,,,,,NR SA,,,,,,,,,,,,,,,,,,,594,,,On,Connected,-67.000000,2412,14,,,,IWLAN
615,1,,,-121.9314830,47.5244923,2026-01-26 19:51:48.000,_20260126_114137_CH02_TMO_5GNR_WFC_REF_TC-164.dml,,,,,,,,,,NR SA,,,,,,,,,,,,,,,,,,,594,,,On,Connected,-67.000000,2412,14,,,,IWLAN
616,1,,,-121.9314830,47.5244923,2026-01-26 19:51:49.000,_20260126_114137_CH02_TMO_5GNR_WFC_REF_TC-164.dml,,,,,,,,,,NR SA,,,,,,,,,,,,,,,,,,,594,,,On,Connected,-67.000000,2412,14,,,,IWLAN
617,1,,,-121.9314830,47.5244923,2026-01-26 19:51:50.000,_20260126_114137_CH02_TMO_5GNR_WFC_REF_TC-164.dml,,,,,,,,,,NR SA,,,,,,,,,,,,,,,,,,,594,,,On,Connected,-64.000000,2412,14,,,,IWLAN
618,1,,,-121.9314830,47.5244923,2026-01-26 19:51:51.000,_20260126_114137_CH02_TMO_5GNR_WFC_REF_TC-164.dml,,,,,,,,,,NR SA,,,,,,,,,,,,,,,,,,,594,,,On,Connected,-64.000000,2412,14,,,,IWLAN
619,1,,,-121.9314830,47.5244923,2026-01-26 19:51:52.000,_20260126_114137_CH02_TMO_5GNR_WFC_REF_TC-164.dml,,,,,,,,,,NR SA,,,,,,,,,,,,,,,,,,,594,,,On,Connected,-64.000000,2412,14,,,,IWLAN
620,1,,,-121.9314830,47.5244923,2026-01-26 19:51:53.000,_20260126_114137_CH02_TMO_5GNR_WFC_REF_TC-164.dml,,,,,,,,,,NR SA,,,,,,,,,,,,,,,,,,,594,,,On,Connected,-65.000000,2412,14,,,,IWLAN
621,1,,,-121.9314830,47.5244923,2026-01-26 19:51:54.000,_20260126_114137_CH02_TMO_5GNR_WFC_REF_TC-164.dml,,,,,,,,,,NR SA,,,,,,,,,,,,,,,,,,,594,,,On,Connected,-65.000000,2412,14,,,,IWLAN
622,1,,,-121.9314830,47.5244923,2026-01-26 19:51:55.000,_20260126_114137_CH02_TMO_5GNR_WFC_REF_TC-164.dml,,,,,,,,,,NR SA,,,,,,,,,,,,,,,,,,,594,,,On,Connected,-65.000000,2412,14,,,,IWLAN
623,1,,,-121.9314830,47.5244923,2026-01-26 19:51:56.000,_20260126_114137_CH02_TMO_5GNR_WFC_REF_TC-164.dml,,,,,,,,,,NR SA,,,,,,,,,,,,,,,,,,,594,,,On,Connected,-72.000000,2412,14,,,,
624,1,,,-121.9314830,47.5244923,2026-01-26 19:51:57.000,_20260126_114137_CH02_TMO_5GNR_WFC_REF_TC-164.dml,,,,,,,,,,NR SA,,,,,,,,,,,,,,,,,,,594,,,On,Connected,-72.000000,2412,14,,,,IWLAN
625,1,,,-121.9314830,47.5244923,2026-01-26 19:51:58.000,_20260126_114137_CH02_TMO_5GNR_WFC_REF_TC-164.dml,,,,,,,,,,NR SA,,,,,,,,,,,,,,,,,,,594,,,On,Connected,-72.000000,2412,14,,,,
626,1,,,-121.9314830,47.5244923,2026-01-26 19:51:59.000,_20260126_114137_CH02_TMO_5GNR_WFC_REF_TC-164.dml,,,,,,,,,,NR SA,,,,,,,,,,,,,,,,,,,594,,,On,Connected,-69.000000,2412,14,,,,IWLAN
627,1,,,-121.9314830,47.5244923,2026-01-26 19:52:00.000,_20260126_114137_CH02_TMO_5GNR_WFC_REF_TC-164.dml,,,,,,,,,,NR SA,,,,,,,,,,,,,,,,,,,,,,On,Connected,-69.000000,2412,14,,,,IWLAN
628,1,,,-121.9314830,47.5244923,2026-01-26 19:52:01.000,_20260126_114137_CH02_TMO_5GNR_WFC_REF_TC-164.dml,,,,,,,,,,NR SA,,,,,,,,,,,,,,,,,,,594,,,On,Connected,-69.000000,2412,14,,,,IWLAN
629,1,,,-121.9314830,47.5244923,2026-01-26 19:52:02.000,_20260126_114137_CH02_TMO_5GNR_WFC_REF_TC-164.dml,,,,,,,,,,NR SA,,,,,,,,,,,,,,,,,,,594,,,On,Connected,-69.000000,2412,14,,,,IWLAN
630,1,,,-121.9314830,47.5244923,2026-01-26 19:52:03.000,_20260126_114137_CH02_TMO_5GNR_WFC_REF_TC-164.dml,,,,,,,,,,NR SA,,,,,,,,,,,,,,,,,,,594,,,On,Connected,-69.000000,2412,14,,,,
631,1,,,-121.9314830,47.5244923,2026-01-26 19:52:04.000,_20260126_114137_CH02_TMO_5GNR_WFC_REF_TC-164.dml,,,,,,,,,,NR SA,,,,,,,,,,,,,,,,,,,594,,,On,Connected,-69.000000,2412,14,,,,IWLAN
632,1,,,-121.9314830,47.5244923,2026-01-26 19:52:05.000,_20260126_114137_CH02_TMO_5GNR_WFC_REF_TC-164.dml,,,,,,,,,,NR SA,,,,,,,,,,,,,,,,,,,594,,,On,Connected,-69.000000,2412,14,,,,IWLAN
633,1,,,-121.9314830,47.5244923,2026-01-26 19:52:06.000,_20260126_114137_CH02_TMO_5GNR_WFC_REF_TC-164.dml,,,,,,,,,,NR SA,,,,,,,,,,,,,,,,,,,594,,,On,Connected,-69.000000,2412,14,,,,IWLAN
634,1,,,-121.9314830,47.5244923,2026-01-26 19:52:07.000,_20260126_114137_CH02_TMO_5GNR_WFC_REF_TC-164.dml,,,,,,,,,,NR SA,,,,,,,,,,,,,,,,,,,594,,,On,Connected,-69.000000,2412,14,,,,IWLAN
635,1,,,-121.9314830,47.5244923,2026-01-26 19:52:08.000,_20260126_114137_CH02_TMO_5GNR_WFC_REF_TC-164.dml,,,,,,,,,,NR SA,,,,,,,,,,,,,,,,,,,594,,,On,Connected,-69.000000,2412,14,,,,IWLAN
636,1,,,-121.9314830,47.5244923,2026-01-26 19:52:09.000,_20260126_114137_CH02_TMO_5GNR_WFC_REF_TC-164.dml,,,,,,,,,,NR SA,,,,,,,,,,,,,,,,,,,594,,,On,Connected,-69.000000,2412,14,,,,IWLAN
637,1,,,-121.9314830,47.5244923,2026-01-26 19:52:10.000,_20260126_114137_CH02_TMO_5GNR_WFC_REF_TC-164.dml,,,,,,,,,,NR SA,,,,,,,,,,,,,,,,,,,594,,,On,Connected,-69.000000,2412,14,,,,
638,1,,,-121.9314830,47.5244923,2026-01-26 19:52:11.000,_20260126_114137_CH02_TMO_5GNR_WFC_REF_TC-164.dml,,,,,,,,,,NR SA,,,,,,,,,,,,,,,,,,,594,,,On,Connected,-69.000000,2412,14,,,,IWLAN
639,1,,,-121.9314830,47.5244923,2026-01-26 19:52:12.000,_20260126_114137_CH02_TMO_5GNR_WFC_REF_TC-164.dml,,,,,,,,,,NR SA,,,,,,,,,,,,,,,,,,,594,,,On,Connected,-69.000000,2412,14,,,,IWLAN
640,1,,,-121.9314830,47.5244923,2026-01-26 19:52:13.000,_20260126_114137_CH02_TMO_5GNR_WFC_REF_TC-164.dml,,,,,,,,,,NR SA,,,,,,,,,,,,,,,,,,,594,,,On,Connected,-69.000000,2412,14,,,,IWLAN
641,1,,,-121.9314830,47.5244923,2026-01-26 19:52:14.000,_20260126_114137_CH02_TMO_5GNR_WFC_REF_TC-164.dml,,,,,,,,,,NR SA,,,,,,,,,,,,,,,,,,,594,,,On,Connected,-69.000000,2412,14,,,,IWLAN
642,1,,,-121.9314830,47.5244923,2026-01-26 19:52:15.000,_20260126_114137_CH02_TMO_5GNR_WFC_REF_TC-164.dml,,,,,,,,,,NR SA,,,,,,,,,,,,,,,,,,,594,,,On,Connected,-69.000000,2412,14,,,,IWLAN
643,1,,,-121.9314830,47.5244923,2026-01-26 19:52:16.000,_20260126_114137_CH02_TMO_5GNR_WFC_REF_TC-164.dml,,,,,,,,,,NR SA,,,,,,,,,,,,,,,,,,,594,,,On,Connected,-69.000000,2412,14,,,,IWLAN
644,1,,,-121.9314830,47.5244923,2026-01-26 19:52:17.000,_20260126_114137_CH02_TMO_5GNR_WFC_REF_TC-164.dml,,,,,,,,,,NR SA,,,,,,,,,,,,,,,,,,,594,,,On,Connected,-69.000000,2412,14,,,,IWLAN
645,1,,,-121.9314830,47.5244923,2026-01-26 19:52:18.000,_20260126_114137_CH02_TMO_5GNR_WFC_REF_TC-164.dml,,,,,,,,,,NR SA,,,,,,,,,,,,,,,,,,,594,,,On,Connected,-74.000000,2412,14,,,,IWLAN
646,1,,,-121.9314830,47.5244923,2026-01-26 19:52:19.000,_20260126_114137_CH02_TMO_5GNR_WFC_REF_TC-164.dml,,,,,,,,,,NR SA,,,,,,,,,,,,,,,,,,,594,,,On,Connected,-74.000000,2412,14,,,,IWLAN
647,1,,,-121.9314830,47.5244923,2026-01-26 19:52:20.000,_20260126_114137_CH02_TMO_5GNR_WFC_REF_TC-164.dml,,,,,,,,,,NR SA,,,,,,,,,,,,,,,,,,,594,,,On,Connected,-74.000000,2412,14,,,,IWLAN
648,1,,,-121.9314830,47.5244923,2026-01-26 19:52:21.000,_20260126_114137_CH02_TMO_5GNR_WFC_REF_TC-164.dml,,,,,,,,,,NR SA,,,,,,,,,,,,,,,,,,,594,,,On,Connected,-72.000000,2412,14,,,,IWLAN
649,1,,,-121.9314830,47.5244923,2026-01-26 19:52:22.000,_20260126_114137_CH02_TMO_5GNR_WFC_REF_TC-164.dml,,,,,,,,,,NR SA,,,,,,,,,,,,,,,,,,,594,,,On,Connected,-72.000000,2412,14,,,,IWLAN
650,1,,,-121.9314830,47.5244923,2026-01-26 19:52:23.000,_20260126_114137_CH02_TMO_5GNR_WFC_REF_TC-164.dml,,,,,,,,,,NR SA,,,,,,,,,,,,,,,,,,,594,,,On,Connected,-72.000000,2412,14,,,,IWLAN
651,1,,,-121.9314830,47.5244923,2026-01-26 19:52:24.000,_20260126_114137_CH02_TMO_5GNR_WFC_REF_TC-164.dml,,,,,,,,,,NR SA,,,,,,,,,,,,,,,,,,,594,,,On,Connected,-75.000000,2412,14,,,,IWLAN
652,1,,,-121.9314830,47.5244923,2026-01-26 19:52:25.000,_20260126_114137_CH02_TMO_5GNR_WFC_REF_TC-164.dml,,,,,,,,,,NR SA,,,,,,,,,,,,,,,,,,,594,,,On,Connected,-75.000000,2412,14,,,,IWLAN
653,1,,,-121.9314830,47.5244923,2026-01-26 19:52:26.000,_20260126_114137_CH02_TMO_5GNR_WFC_REF_TC-164.dml,,,,,,,,,,NR SA,,,,,,,,,,,,,,,,,,,594,,,On,Connected,-75.000000,2412,14,,,,IWLAN
654,1,,,-121.9314830,47.5244923,2026-01-26 19:52:27.000,_20260126_114137_CH02_TMO_5GNR_WFC_REF_TC-164.dml,,,,,,,,,,NR SA,,,,,,,,,,,,,,,,,,,594,,,On,Connected,-67.000000,2412,14,,,,IWLAN
655,1,,,-121.9314830,47.5244923,2026-01-26 19:52:28.000,_20260126_114137_CH02_TMO_5GNR_WFC_REF_TC-164.dml,,,,,,,,,,NR SA,,,,,,,,,,,,,,,,,,,594,,,On,Connected,-67.000000,2412,14,,,,IWLAN
656,1,,,-121.9314830,47.5244923,2026-01-26 19:52:29.000,_20260126_114137_CH02_TMO_5GNR_WFC_REF_TC-164.dml,,,,,,,,,,NR SA,,,,,,,,,,,,,,,,,,,594,,,On,Connected,-67.000000,2412,14,,,,IWLAN
657,1,,,-121.9314830,47.5244923,2026-01-26 19:52:30.000,_20260126_114137_CH02_TMO_5GNR_WFC_REF_TC-164.dml,,,,,,,,,,NR SA,,,,,,,,,,,,,,,,,,,594,,,On,Connected,-66.000000,2412,14,,,,IWLAN
658,1,,,-121.9314830,47.5244923,2026-01-26 19:52:31.000,_20260126_114137_CH02_TMO_5GNR_WFC_REF_TC-164.dml,,,,,,,,,,NR SA,,,,,,,,,,,,,,,,,,,594,,,On,Connected,-66.000000,2412,14,,,,IWLAN
659,1,,,-121.9314830,47.5244923,2026-01-26 19:52:32.000,_20260126_114137_CH02_TMO_5GNR_WFC_REF_TC-164.dml,,,,,,,,,,NR SA,,,,,,,,,,,,,,,,,,,594,,,On,Connected,-66.000000,2412,14,,,,IWLAN
660,1,,,-121.9314830,47.5244923,2026-01-26 19:52:33.000,_20260126_114137_CH02_TMO_5GNR_WFC_REF_TC-164.dml,,,,,,,,,,NR SA,,,,,,,,,,,,,,,,,,,594,,,On,Connected,-69.000000,2412,14,,,,IWLAN
661,1,,,-121.9314830,47.5244923,2026-01-26 19:52:34.000,_20260126_114137_CH02_TMO_5GNR_WFC_REF_TC-164.dml,,,,,,,,,,NR SA,,,,,,,,,,,,,,,,,,,594,,,On,Connected,-69.000000,2412,14,,,,IWLAN
662,1,,,-121.9314830,47.5244923,2026-01-26 19:52:35.000,_20260126_114137_CH02_TMO_5GNR_WFC_REF_TC-164.dml,,,,,,,,,,NR SA,,,,,,,,,,,,,,,,,,,594,,,On,Connected,-69.000000,2412,14,,,,IWLAN
663,1,,,-121.9314830,47.5244923,2026-01-26 19:52:36.000,_20260126_114137_CH02_TMO_5GNR_WFC_REF_TC-164.dml,,,,,,,,,,NR SA,,,,,,,,,,,,,,,,,,,594,,,On,Connected,-74.000000,2412,14,,,,IWLAN
664,1,,,-121.9314830,47.5244923,2026-01-26 19:52:37.000,_20260126_114137_CH02_TMO_5GNR_WFC_REF_TC-164.dml,,,,,,,,,,NR SA,,,,,,,,,,,,,,,,,,,594,,,On,Connected,-74.000000,2412,14,,,,IWLAN
665,1,,,-121.9314830,47.5244923,2026-01-26 19:52:38.000,_20260126_114137_CH02_TMO_5GNR_WFC_REF_TC-164.dml,,,,,,,,,,NR SA,,,,,,,,,,,,,,,,,,,594,,,On,Connected,-74.000000,2412,14,,,,IWLAN
666,1,,,-121.9314830,47.5244923,2026-01-26 19:52:39.000,_20260126_114137_CH02_TMO_5GNR_WFC_REF_TC-164.dml,,,,,,,,,,NR SA,,,,,,,,,,,,,,,,,,,594,,,On,Connected,-74.000000,2412,14,,,,IWLAN
667,1,,,-121.9314830,47.5244923,2026-01-26 19:52:40.000,_20260126_114137_CH02_TMO_5GNR_WFC_REF_TC-164.dml,,,,,,,,,,NR SA,,,,,,,,,,,,,,,,,,,594,,,On,Connected,-74.000000,2412,14,,,,IWLAN
668,1,,,-121.9314830,47.5244923,2026-01-26 19:52:41.000,_20260126_114137_CH02_TMO_5GNR_WFC_REF_TC-164.dml,,,,,,,,,,NR SA,,,,,,,,,,,,,,,,,,,594,,,On,Connected,-74.000000,2412,14,,,,IWLAN
669,1,,,-121.9314830,47.5244923,2026-01-26 19:52:42.000,_20260126_114137_CH02_TMO_5GNR_WFC_REF_TC-164.dml,,,,,,,,,,NR SA,,,,,,,,,,,,,,,,,,,594,,,On,Connected,-80.000000,2412,14,,,,IWLAN
670,1,,,-121.9314830,47.5244923,2026-01-26 19:52:43.000,_20260126_114137_CH02_TMO_5GNR_WFC_REF_TC-164.dml,,,,,,,,,,NR SA,,,,,,,,,,,,,,,,,,,594,,,On,Connected,-80.000000,2412,14,,,,IWLAN
671,1,,,-121.9314830,47.5244923,2026-01-26 19:52:44.000,_20260126_114137_CH02_TMO_5GNR_WFC_REF_TC-164.dml,,,,,,,,,,NR SA,,,,,,,,,,,,,,,,,,,594,,,On,Connected,-80.000000,2412,14,,,,IWLAN
672,1,,,-121.9314830,47.5244923,2026-01-26 19:52:45.000,_20260126_114137_CH02_TMO_5GNR_WFC_REF_TC-164.dml,,,,,,,,,,NR SA,,,,,,,,,,,,,,,,,,,594,,,On,Connected,-81.000000,2412,14,,,,IWLAN
673,1,,,-121.9314830,47.5244923,2026-01-26 19:52:46.000,_20260126_114137_CH02_TMO_5GNR_WFC_REF_TC-164.dml,,,,,,,,,,NR SA,,,,,,,,,,,,,,,,,,,594,,,On,Connected,-81.000000,2412,14,,,,NR (NR_SA)
674,1,,,-121.9314830,47.5244923,2026-01-26 19:52:45.993,_20260126_114137_CH02_TMO_5GNR_WFC_REF_TC-164.dml,,,,,,,,,,,,,UL,REGISTER,,,,,,,,,,,,,,,,,,,,,,,,,,
675,1,,,-121.9314830,47.5244923,2026-01-26 19:52:47.000,_20260126_114137_CH02_TMO_5GNR_WFC_REF_TC-164.dml,,,,,,,,,,NR SA,,,,,,,,,,,,,,,,,,,594,,,On,Connected,-81.000000,2412,14,,,,NR (NR_SA)
676,1,,,-121.9314830,47.5244923,2026-01-26 19:52:48.000,_20260126_114137_CH02_TMO_5GNR_WFC_REF_TC-164.dml,,,,,,,,,,NR SA,,,,,,,,,,,,,,,,,,,594,,,On,Connected,-79.000000,2412,14,,,,NR (NR_SA)
677,1,,,-121.9314830,47.5244923,2026-01-26 19:52:49.000,_20260126_114137_CH02_TMO_5GNR_WFC_REF_TC-164.dml,,,,,,,,,,NR SA,,,,,,,,,,,,,,,,,,,594,,,On,Connected,-79.000000,2412,14,,,,NR (NR_SA)
678,1,,,-121.9314830,47.5244923,2026-01-26 19:52:50.000,_20260126_114137_CH02_TMO_5GNR_WFC_REF_TC-164.dml,,,,,,,,,,NR SA,,,,,,,,,,,,,,,,,,,594,,,On,Connected,-79.000000,2412,14,,,,NR (NR_SA)
679,1,,,-121.9314830,47.5244923,2026-01-26 19:52:51.000,_20260126_114137_CH02_TMO_5GNR_WFC_REF_TC-164.dml,,,,,,,,,,NR SA,,,,,,,,,,,,,,,,,,,594,,,,Connected,,,,,,,NR (NR_SA)
680,1,,,-121.9314830,47.5244923,2026-01-26 19:52:52.000,_20260126_114137_CH02_TMO_5GNR_WFC_REF_TC-164.dml,,,,,,,,,,NR SA,,,,,,,,,,,,,,,,,,,594,,,On,Disconnected,,,,,,,NR (NR_SA)
681,1,,,-121.9314830,47.5244923,2026-01-26 19:52:53.000,_20260126_114137_CH02_TMO_5GNR_WFC_REF_TC-164.dml,,,,,,,,,,NR SA,,,,,,,,,,,,,,,,,,,594,,,,Disconnected,,,,,,,NR (NR_SA)
682,1,,,-121.9314830,47.5244923,2026-01-26 19:52:54.000,_20260126_114137_CH02_TMO_5GNR_WFC_REF_TC-164.dml,,,,,,,,,,NR SA,,,,,,,,,,,,,,,,,,,594,,,On,Disconnected,,,,,,,NR (NR_SA)
683,1,,,-121.9314830,47.5244923,2026-01-26 19:52:55.000,_20260126_114137_CH02_TMO_5GNR_WFC_REF_TC-164.dml,,,,,,,,,,NR SA,,,,,,,,,,,,,,,,,,,594,,,On,Disconnected,,,,,,,NR (NR_SA)
684,1,,,-121.9314830,47.5244923,2026-01-26 19:52:56.000,_20260126_114137_CH02_TMO_5GNR_WFC_REF_TC-164.dml,,,,,,,,,,NR SA,,,,,,,,,,,,,,,,,,,594,,,On,Disconnected,,,,,,,NR (NR_SA)
685,1,,,-121.9314830,47.5244923,2026-01-26 19:52:57.000,_20260126_114137_CH02_TMO_5GNR_WFC_REF_TC-164.dml,,,,,,,,,,NR SA,,,,,,,,,,,,,,,,,,,594,,,On,Disconnected,,,,,,,NR (NR_SA)
686,1,,,-121.9314830,47.5244923,2026-01-26 19:52:58.000,_20260126_114137_CH02_TMO_5GNR_WFC_REF_TC-164.dml,,,,,,,,,,NR SA,,,,,,,,,,,,,,,,,,,594,,,On,Disconnected,,,,,,,NR (NR_SA)
687,1,,,-121.9314830,47.5244923,2026-01-26 19:52:59.000,_20260126_114137_CH02_TMO_5GNR_WFC_REF_TC-164.dml,,,,,,,,,,NR SA,,,,,,,,,,,,,,,,,,,594,,,On,Disconnected,,,,,,,NR (NR_SA)
688,1,,,-121.9314830,47.5244923,2026-01-26 19:53:00.000,_20260126_114137_CH02_TMO_5GNR_WFC_REF_TC-164.dml,,,,,,,,,,NR SA,,,,,,,,,,,,,,,,,,,594,,,On,Disconnected,,,,,,,NR (NR_SA)
689,1,,,-121.9314830,47.5244923,2026-01-26 19:53:01.000,_20260126_114137_CH02_TMO_5GNR_WFC_REF_TC-164.dml,,,,,,,,,,NR SA,,,,,,,,,,,,,,,,,,,594,,,On,Disconnected,,,,,,,NR (NR_SA)
690,1,,,-121.9314830,47.5244923,2026-01-26 19:53:02.000,_20260126_114137_CH02_TMO_5GNR_WFC_REF_TC-164.dml,,,,,,,,,,NR SA,,,,,,,,,,,,,,,,,,,594,,,On,Disconnected,,,,,,,NR (NR_SA)
691,1,,,-121.9314830,47.5244923,2026-01-26 19:53:03.000,_20260126_114137_CH02_TMO_5GNR_WFC_REF_TC-164.dml,,,,,,,,,,NR SA,,,,,,,,,,,,,,,,,,,594,,,On,Disconnected,,,,,,,NR (NR_SA)
692,1,,,-121.9314830,47.5244923,2026-01-26 19:53:04.000,_20260126_114137_CH02_TMO_5GNR_WFC_REF_TC-164.dml,,,,,,,,,,NR SA,,,,,,,,,,,,,,,,,,,594,,,On,Disconnected,,,,,,,NR (NR_SA)
693,1,,,-121.9314830,47.5244923,2026-01-26 19:53:05.000,_20260126_114137_CH02_TMO_5GNR_WFC_REF_TC-164.dml,,,,,,,,,,NR SA,,,,,,,,,,,,,,,,,,,594,,,On,Disconnected,,,,,,,NR (NR_SA)
694,1,,,-121.9314830,47.5244923,2026-01-26 19:53:06.000,_20260126_114137_CH02_TMO_5GNR_WFC_REF_TC-164.dml,,,,,,,,,,NR SA,,,,,,,,,,,,,,,,,,,594,,,On,Disconnected,,,,,,,NR (NR_SA)
695,1,,,-121.9314830,47.5244923,2026-01-26 19:53:07.000,_20260126_114137_CH02_TMO_5GNR_WFC_REF_TC-164.dml,,,,,,,,,,NR SA,,,,,,,,,,,,,,,,,,,594,,,,Disconnected,,,,,,,NR (NR_SA)
696,1,,,-121.9314830,47.5244923,2026-01-26 19:53:08.000,_20260126_114137_CH02_TMO_5GNR_WFC_REF_TC-164.dml,,,,,,,,,,NR SA,,,,,,,,,,,,,,,,,,,594,,,,Disconnected,,,,,,,NR (NR_SA)
697,1,,,-121.9314830,47.5244923,2026-01-26 19:53:09.000,_20260126_114137_CH02_TMO_5GNR_WFC_REF_TC-164.dml,,,,,,,,,,NR SA,,,,,,,,,,,,,,,,,,,594,,,,Disconnected,,,,,,,NR (NR_SA)
698,1,,,-121.9314830,47.5244923,2026-01-26 19:53:10.000,_20260126_114137_CH02_TMO_5GNR_WFC_REF_TC-164.dml,,,,,,,,,,NR SA,,,,,,,,,,,,,,,,,,,594,,,,Disconnected,,,,,,,NR (NR_SA)
699,1,,,-121.9314830,47.5244923,2026-01-26 19:53:11.000,_20260126_114137_CH02_TMO_5GNR_WFC_REF_TC-164.dml,,,,,,,,,,NR SA,,,,,,,,,,,,,,,,,,,594,,,,Disconnected,,,,,,,NR (NR_SA)
700,1,,,-121.9314830,47.5244923,2026-01-26 19:53:12.000,_20260126_114137_CH02_TMO_5GNR_WFC_REF_TC-164.dml,,,,,,,,,,NR SA,,,,,,,,,,,,,,,,,,,594,,,,Disconnected,,,,,,,NR (NR_SA)
701,1,,,-121.9314830,47.5244923,2026-01-26 19:53:13.000,_20260126_114137_CH02_TMO_5GNR_WFC_REF_TC-164.dml,,,,,,,,,,NR SA,,,,,,,,,,,,,,,,,,,594,,,,Disconnected,,,,,,,NR (NR_SA)
702,1,,,-121.9314830,47.5244923,2026-01-26 19:53:14.000,_20260126_114137_CH02_TMO_5GNR_WFC_REF_TC-164.dml,,,,,,,,,,NR SA,,,,,,,,,,,,,,,,,,,594,,,,Disconnected,,,,,,,NR (NR_SA)
703,1,,,-121.9314830,47.5244923,2026-01-26 19:53:15.000,_20260126_114137_CH02_TMO_5GNR_WFC_REF_TC-164.dml,,,,,,,,,,NR SA,,,,,,,,,,,,,,,,,,,594,,,,Disconnected,,,,,,,NR (NR_SA)
704,1,,,-121.9314830,47.5244923,2026-01-26 19:53:16.000,_20260126_114137_CH02_TMO_5GNR_WFC_REF_TC-164.dml,,,,,,,,,,NR SA,,,,,,,,,,,,,,,,,,,594,,,,Disconnected,,,,,,,NR (NR_SA)
705,1,,,-121.9314830,47.5244923,2026-01-26 19:53:17.000,_20260126_114137_CH02_TMO_5GNR_WFC_REF_TC-164.dml,,,,,,,,,,NR SA,,,,,,,,,,,,,,,,,,,594,,,,Disconnected,,,,,,,NR (NR_SA)
706,1,,,-121.9314830,47.5244923,2026-01-26 19:53:18.000,_20260126_114137_CH02_TMO_5GNR_WFC_REF_TC-164.dml,,,,,,,,,,NR SA,,,,,,,,,,,,,,,,,,,594,,,,Disconnected,,,,,,,NR (NR_SA)
707,1,,,-121.9314830,47.5244923,2026-01-26 19:53:19.000,_20260126_114137_CH02_TMO_5GNR_WFC_REF_TC-164.dml,,,,,,,,,,NR SA,,,,,,,,,,,,,,,,,,,594,,,,Disconnected,,,,,,,NR (NR_SA)
708,1,,,-121.9314830,47.5244923,2026-01-26 19:53:20.000,_20260126_114137_CH02_TMO_5GNR_WFC_REF_TC-164.dml,,,,,,,,,,NR SA,,,,,,,,,,,,,,,,,,,594,,,,Disconnected,,,,,,,NR (NR_SA)
709,1,,,-121.9314830,47.5244923,2026-01-26 19:53:21.000,_20260126_114137_CH02_TMO_5GNR_WFC_REF_TC-164.dml,,,,,,,,,,NR SA,,,,,,,,,,,,,,,,,,,594,,,,Disconnected,,,,,,,NR (NR_SA)
710,1,,,-121.9314830,47.5244923,2026-01-26 19:53:22.000,_20260126_114137_CH02_TMO_5GNR_WFC_REF_TC-164.dml,,,,,,,,,,NR SA,,,,,,,,,,,,,,,,,,,594,,,,Disconnected,,,,,,,NR (NR_SA)
711,1,,,-121.9314830,47.5244923,2026-01-26 19:53:23.000,_20260126_114137_CH02_TMO_5GNR_WFC_REF_TC-164.dml,,,,,,,,,,NR SA,,,,,,,,,,,,,,,,,,,594,,,,Disconnected,,,,,,,NR (NR_SA)
712,1,,,-121.9314830,47.5244923,2026-01-26 19:53:24.000,_20260126_114137_CH02_TMO_5GNR_WFC_REF_TC-164.dml,,,,,,,,,,NR SA,,,,,,,,,,,,,,,,,,,594,,,,Disconnected,,,,,,,NR (NR_SA)
713,1,,,-121.9314830,47.5244923,2026-01-26 19:53:25.000,_20260126_114137_CH02_TMO_5GNR_WFC_REF_TC-164.dml,,,,,,,,,,NR SA,,,,,,,,,,,,,,,,,,,594,,,,Disconnected,,,,,,,NR (NR_SA)
714,1,,,-121.9314830,47.5244923,2026-01-26 19:53:26.000,_20260126_114137_CH02_TMO_5GNR_WFC_REF_TC-164.dml,,,,,,,,,,NR SA,,,,,,,,,,,,,,,,,,,594,,,,Disconnected,,,,,,,NR (NR_SA)
715,1,,,-121.9314830,47.5244923,2026-01-26 19:53:27.000,_20260126_114137_CH02_TMO_5GNR_WFC_REF_TC-164.dml,,,,,,,,,,NR SA,,,,,,,,,,,,,,,,,,,594,,,,Disconnected,,,,,,,NR (NR_SA)
716,1,,,-121.9314830,47.5244923,2026-01-26 19:53:28.000,_20260126_114137_CH02_TMO_5GNR_WFC_REF_TC-164.dml,,,,,,,,,,NR SA,,,,,,,,,,,,,,,,,,,594,,,,Disconnected,,,,,,,NR (NR_SA)
717,1,,,-121.9314830,47.5244923,2026-01-26 19:53:29.000,_20260126_114137_CH02_TMO_5GNR_WFC_REF_TC-164.dml,,,,,,,,,,NR SA,,,,,,,,,,,,,,,,,,,594,,,,Disconnected,,,,,,,NR (NR_SA)
718,1,,,-121.9314830,47.5244923,2026-01-26 19:53:30.000,_20260126_114137_CH02_TMO_5GNR_WFC_REF_TC-164.dml,,,,,,,,,,NR SA,,,,,,,,,,,,,,,,,,,594,,,,Disconnected,,,,,,,NR (NR_SA)
719,1,,,-121.9314830,47.5244923,2026-01-26 19:53:31.000,_20260126_114137_CH02_TMO_5GNR_WFC_REF_TC-164.dml,,,,,,,,,,NR SA,,,,,,,,,,,,,,,,,,,594,,,,Disconnected,,,,,,,NR (NR_SA)
720,1,,,-121.9314830,47.5244923,2026-01-26 19:53:32.000,_20260126_114137_CH02_TMO_5GNR_WFC_REF_TC-164.dml,,,,,,,,,,NR SA,,,,,,,,,,,,,,,,,,,594,,,,Disconnected,,,,,,,NR (NR_SA)
721,1,,,-121.9314830,47.5244923,2026-01-26 19:53:33.000,_20260126_114137_CH02_TMO_5GNR_WFC_REF_TC-164.dml,,,,,,,,,,NR SA,,,,,,,,,,,,,,,,,,,594,,,,Disconnected,,,,,,,NR (NR_SA)
722,1,,,-121.9314830,47.5244923,2026-01-26 19:53:34.000,_20260126_114137_CH02_TMO_5GNR_WFC_REF_TC-164.dml,,,,,,,,,,NR SA,,,,,,,,,,,,,,,,,,,594,,,,Disconnected,,,,,,,NR (NR_SA)
723,1,,,-121.9314830,47.5244923,2026-01-26 19:53:35.000,_20260126_114137_CH02_TMO_5GNR_WFC_REF_TC-164.dml,,,,,,,,,,NR SA,,,,,,,,,,,,,,,,,,,594,,,,Disconnected,,,,,,,NR (NR_SA)
724,1,,,-121.9314830,47.5244923,2026-01-26 19:53:36.000,_20260126_114137_CH02_TMO_5GNR_WFC_REF_TC-164.dml,,,,,,,,,,NR SA,,,,,,,,,,,,,,,,,,,594,,,,Disconnected,,,,,,,NR (NR_SA)
725,1,,,-121.9314830,47.5244923,2026-01-26 19:53:37.000,_20260126_114137_CH02_TMO_5GNR_WFC_REF_TC-164.dml,,,,,,,,,,NR SA,,,,,,,,,,,,,,,,,,,594,,,,Disconnected,,,,,,,NR (NR_SA)
726,1,,,-121.9314830,47.5244923,2026-01-26 19:53:38.000,_20260126_114137_CH02_TMO_5GNR_WFC_REF_TC-164.dml,,,,,,,,,,NR SA,,,,,,,,,,,,,,,,,,,594,,,,Disconnected,,,,,,,NR (NR_SA)
727,1,,,-121.9314830,47.5244923,2026-01-26 19:53:39.000,_20260126_114137_CH02_TMO_5GNR_WFC_REF_TC-164.dml,,,,,,,,,,NR SA,,,,,,,,,,,,,,,,,,,594,,,,Disconnected,,,,,,,NR (NR_SA)
728,1,,,-121.9314830,47.5244923,2026-01-26 19:53:40.000,_20260126_114137_CH02_TMO_5GNR_WFC_REF_TC-164.dml,,,,,,,,,,NR SA,,,,,,,,,,,,,,,,,,,594,,,,Disconnected,,,,,,,NR (NR_SA)
729,1,,,-121.9314830,47.5244923,2026-01-26 19:53:41.000,_20260126_114137_CH02_TMO_5GNR_WFC_REF_TC-164.dml,,,,,,,,,,NR SA,,,,,,,,,,,,,,,,,,,594,,,,Disconnected,,,,,,,NR (NR_SA)
730,1,,,-121.9314830,47.5244923,2026-01-26 19:53:42.000,_20260126_114137_CH02_TMO_5GNR_WFC_REF_TC-164.dml,,,,,,,,,,NR SA,,,,,,,,,,,,,,,,,,,594,,,,Disconnected,,,,,,,NR (NR_SA)
731,1,,,-121.9314830,47.5244923,2026-01-26 19:53:43.000,_20260126_114137_CH02_TMO_5GNR_WFC_REF_TC-164.dml,,,,,,,,,,NR SA,,,,,,,,,,,,,,,,,,,594,,,,Connected,-73.000000,,,,,,NR (NR_SA)
732,1,,,-121.9314830,47.5244923,2026-01-26 19:53:44.000,_20260126_114137_CH02_TMO_5GNR_WFC_REF_TC-164.dml,,,,,,,,,,NR SA,,,,,,,,,,,,,,,,,,,594,,,On,Connected,-73.000000,2412,17,,,,NR (NR_SA)
733,1,,,-121.9314830,47.5244923,2026-01-26 19:53:45.000,_20260126_114137_CH02_TMO_5GNR_WFC_REF_TC-164.dml,,,,,,,,,,NR SA,,,,,,,,,,,,,,,,,,,594,,,On,Connected,-73.000000,2412,17,,,,NR (NR_SA)
734,1,,,-121.9314830,47.5244923,2026-01-26 19:53:46.000,_20260126_114137_CH02_TMO_5GNR_WFC_REF_TC-164.dml,,,,,,,,,,NR SA,,,,,,,,,,,,,,,,,,,594,,,On,Connected,-70.000000,2412,17,,,,NR (NR_SA)
735,1,,,-121.9314830,47.5244923,2026-01-26 19:53:47.000,_20260126_114137_CH02_TMO_5GNR_WFC_REF_TC-164.dml,,,,,,,,,,NR SA,,,,,,,,,,,,,,,,,,,594,,,On,Connected,-70.000000,2412,17,,,,NR (NR_SA)
736,1,,,-121.9314830,47.5244923,2026-01-26 19:53:48.000,_20260126_114137_CH02_TMO_5GNR_WFC_REF_TC-164.dml,,,,,,,,,,NR SA,,,,,,,,,,,,,,,,,,,594,,,On,Connected,-70.000000,2412,17,,,,NR (NR_SA)
737,1,,,-121.9314830,47.5244923,2026-01-26 19:53:49.000,_20260126_114137_CH02_TMO_5GNR_WFC_REF_TC-164.dml,,,,,,,,,,NR SA,,,,,,,,,,,,,,,,,,,594,,,On,Connected,-69.000000,2412,22,,,,NR (NR_SA)
738,1,,,-121.9314830,47.5244923,2026-01-26 19:53:50.000,_20260126_114137_CH02_TMO_5GNR_WFC_REF_TC-164.dml,,,,,,,,,,NR SA,,,,,,,,,,,,,,,,,,,594,,,On,Connected,-69.000000,2412,22,,,,NR (NR_SA)
739,1,,,-121.9314830,47.5244923,2026-01-26 19:53:51.000,_20260126_114137_CH02_TMO_5GNR_WFC_REF_TC-164.dml,,,,,,,,,,NR SA,,,,,,,,,,,,,,,,,,,594,,,On,Connected,-69.000000,2412,22,,,,NR (NR_SA)
740,1,,,-121.9314830,47.5244923,2026-01-26 19:53:52.000,_20260126_114137_CH02_TMO_5GNR_WFC_REF_TC-164.dml,,,,,,,,,,NR SA,,,,,,,,,,,,,,,,,,,594,,,On,Connected,-67.000000,2412,17,,,,NR (NR_SA)
741,1,,,-121.9314830,47.5244923,2026-01-26 19:53:53.000,_20260126_114137_CH02_TMO_5GNR_WFC_REF_TC-164.dml,,,,,,,,,,NR SA,,,,,,,,,,,,,,,,,,,594,,,On,Connected,-67.000000,2412,17,,,,NR (NR_SA)
742,1,,,-121.9314830,47.5244923,2026-01-26 19:53:54.000,_20260126_114137_CH02_TMO_5GNR_WFC_REF_TC-164.dml,,,,,,,,,,NR SA,,,,,,,,,,,,,,,,,,,594,,,On,Connected,-67.000000,2412,17,,,,NR (NR_SA)
743,1,,,-121.9314830,47.5244923,2026-01-26 19:53:55.000,_20260126_114137_CH02_TMO_5GNR_WFC_REF_TC-164.dml,,,,,,,,,,NR SA,,,,,,,,,,,,,,,,,,,594,,,On,Connected,-67.000000,2412,28,,,,NR (NR_SA)
744,1,,,-121.9314830,47.5244923,2026-01-26 19:53:56.000,_20260126_114137_CH02_TMO_5GNR_WFC_REF_TC-164.dml,,,,,,,,,,NR SA,,,,,,,,,,,,,,,,,,,594,,,On,Connected,-67.000000,2412,28,,,,NR (NR_SA)
745,1,,,-121.9314830,47.5244923,2026-01-26 19:53:57.000,_20260126_114137_CH02_TMO_5GNR_WFC_REF_TC-164.dml,,,,,,,,,,NR SA,,,,,,,,,,,,,,,,,,,594,,,On,Connected,-67.000000,2412,28,,,,NR (NR_SA)
746,1,,,-121.9314830,47.5244923,2026-01-26 19:53:58.000,_20260126_114137_CH02_TMO_5GNR_WFC_REF_TC-164.dml,,,,,,,,,,NR SA,,,,,,,,,,,,,,,,,,,594,,,On,Connected,-65.000000,2412,28,,,,NR (NR_SA)
747,1,,,-121.9314830,47.5244923,2026-01-26 19:53:59.000,_20260126_114137_CH02_TMO_5GNR_WFC_REF_TC-164.dml,,,,,,,,,,NR SA,,,,,,,,,,,,,,,,,,,594,,,On,Connected,-65.000000,2412,28,,,,NR (NR_SA)
748,1,,,-121.9314830,47.5244923,2026-01-26 19:54:00.000,_20260126_114137_CH02_TMO_5GNR_WFC_REF_TC-164.dml,,,,,,,,,,NR SA,,,,,,,,,,,,,,,,,,,594,,,On,Connected,-65.000000,2412,28,,,,NR (NR_SA)
749,1,,,-121.9314830,47.5244923,2026-01-26 19:54:01.000,_20260126_114137_CH02_TMO_5GNR_WFC_REF_TC-164.dml,,,,,,,,,,NR SA,,,,,,,,,,,,,,,,,,,594,,,On,Connected,-71.000000,2412,17,,,,NR (NR_SA)
750,1,,,-121.9314830,47.5244923,2026-01-26 19:54:02.000,_20260126_114137_CH02_TMO_5GNR_WFC_REF_TC-164.dml,,,,,,,,,,NR SA,,,,,,,,,,,,,,,,,,,594,,,On,Connected,-71.000000,2412,17,,,,NR (NR_SA)
751,1,,,-121.9314830,47.5244923,2026-01-26 19:54:03.000,_20260126_114137_CH02_TMO_5GNR_WFC_REF_TC-164.dml,,,,,,,,,,NR SA,,,,,,,,,,,,,,,,,,,594,,,On,Connected,-71.000000,2412,17,,,,NR (NR_SA)
752,1,,,-121.9314830,47.5244923,2026-01-26 19:54:04.000,_20260126_114137_CH02_TMO_5GNR_WFC_REF_TC-164.dml,,,,,,,,,,NR SA,,,,,,,,,,,,,,,,,,,594,,,On,Connected,-69.000000,2412,17,,,,NR (NR_SA)
753,1,,,-121.9314830,47.5244923,2026-01-26 19:54:05.000,_20260126_114137_CH02_TMO_5GNR_WFC_REF_TC-164.dml,,,,,,,,,,NR SA,,,,,,,,,,,,,,,,,,,594,,,On,Connected,-69.000000,2412,17,,,,NR (NR_SA)
754,1,,,-121.9314830,47.5244923,2026-01-26 19:54:06.000,_20260126_114137_CH02_TMO_5GNR_WFC_REF_TC-164.dml,,,,,,,,,,NR SA,,,,,,,,,,,,,,,,,,,594,,,On,Connected,-69.000000,2412,17,,,,NR (NR_SA)
755,1,,,-121.9314830,47.5244923,2026-01-26 19:54:07.000,_20260126_114137_CH02_TMO_5GNR_WFC_REF_TC-164.dml,,,,,,,,,,NR SA,,,,,,,,,,,,,,,,,,,594,,,On,Connected,-69.000000,2412,22,,,,NR (NR_SA)
756,1,,,-121.9314830,47.5244923,2026-01-26 19:54:08.000,_20260126_114137_CH02_TMO_5GNR_WFC_REF_TC-164.dml,,,,,,,,,,NR SA,,,,,,,,,,,,,,,,,,,594,,,On,Connected,-69.000000,2412,22,,,,NR (NR_SA)
757,1,,,-121.9314830,47.5244923,2026-01-26 19:54:09.000,_20260126_114137_CH02_TMO_5GNR_WFC_REF_TC-164.dml,,,,,,,,,,NR SA,,,,,,,,,,,,,,,,,,,594,,,On,Connected,-69.000000,2412,22,,,,NR (NR_SA)
758,1,,,-121.9314830,47.5244923,2026-01-26 19:54:10.000,_20260126_114137_CH02_TMO_5GNR_WFC_REF_TC-164.dml,,,,,,,,,,NR SA,,,,,,,,,,,,,,,,,,,594,,,On,Connected,-70.000000,2412,17,,,,NR (NR_SA)
759,1,,,-121.9314830,47.5244923,2026-01-26 19:54:11.000,_20260126_114137_CH02_TMO_5GNR_WFC_REF_TC-164.dml,,,,,,,,,,NR SA,,,,,,,,,,,,,,,,,,,594,,,On,Connected,-70.000000,2412,17,,,,NR (NR_SA)
760,1,,,-121.9314830,47.5244923,2026-01-26 19:54:12.000,_20260126_114137_CH02_TMO_5GNR_WFC_REF_TC-164.dml,,,,,,,,,,NR SA,,,,,,,,,,,,,,,,,,,594,,,On,Connected,-70.000000,2412,17,,,,NR (NR_SA)
761,1,,,-121.9314830,47.5244923,2026-01-26 19:54:13.000,_20260126_114137_CH02_TMO_5GNR_WFC_REF_TC-164.dml,,,,,,,,,,NR SA,,,,,,,,,,,,,,,,,,,594,,,On,Connected,-72.000000,2412,17,,,,NR (NR_SA)
762,1,,,-121.9314830,47.5244923,2026-01-26 19:54:14.000,_20260126_114137_CH02_TMO_5GNR_WFC_REF_TC-164.dml,,,,,,,,,,NR SA,,,,,,,,,,,,,,,,,,,594,,,On,Connected,-72.000000,2412,17,,,,NR (NR_SA)
763,1,,,-121.9314830,47.5244923,2026-01-26 19:54:15.000,_20260126_114137_CH02_TMO_5GNR_WFC_REF_TC-164.dml,,,,,,,,,,NR SA,,,,,,,,,,,,,,,,,,,594,,,On,Connected,-72.000000,2412,17,,,,NR (NR_SA)
764,1,,,-121.9314830,47.5244923,2026-01-26 19:54:16.000,_20260126_114137_CH02_TMO_5GNR_WFC_REF_TC-164.dml,,,,,,,,,,NR SA,,,,,,,,,,,,,,,,,,,594,,,On,Connected,-68.000000,2412,28,,,,NR (NR_SA)
765,1,,,-121.9314830,47.5244923,2026-01-26 19:54:17.000,_20260126_114137_CH02_TMO_5GNR_WFC_REF_TC-164.dml,,,,,,,,,,NR SA,,,,,,,,,,,,,,,,,,,594,,,On,Connected,-68.000000,2412,28,,,,NR (NR_SA)
766,1,,,-121.9314830,47.5244923,2026-01-26 19:54:18.000,_20260126_114137_CH02_TMO_5GNR_WFC_REF_TC-164.dml,,,,,,,,,,NR SA,,,,,,,,,,,,,,,,,,,594,,,On,Connected,-68.000000,2412,28,,,,NR (NR_SA)
767,1,,,-121.9314830,47.5244923,2026-01-26 19:54:19.000,_20260126_114137_CH02_TMO_5GNR_WFC_REF_TC-164.dml,,,,,,,,,,NR SA,,,,,,,,,,,,,,,,,,,594,,,On,Connected,-67.000000,2412,17,,,,NR (NR_SA)
768,1,,,-121.9314830,47.5244923,2026-01-26 19:54:20.000,_20260126_114137_CH02_TMO_5GNR_WFC_REF_TC-164.dml,,,,,,,,,,NR SA,,,,,,,,,,,,,,,,,,,594,,,On,Connected,-67.000000,2412,17,,,,NR (NR_SA)
769,1,,,-121.9314830,47.5244923,2026-01-26 19:54:21.000,_20260126_114137_CH02_TMO_5GNR_WFC_REF_TC-164.dml,,,,,,,,,,NR SA,,,,,,,,,,,,,,,,,,,594,,,On,Connected,-67.000000,2412,17,,,,NR (NR_SA)
770,1,,,-121.9314830,47.5244923,2026-01-26 19:54:22.000,_20260126_114137_CH02_TMO_5GNR_WFC_REF_TC-164.dml,,,,,,,,,,NR SA,,,,,,,,,,,,,,,,,,,594,,,On,Connected,-69.000000,2412,17,,,,NR (NR_SA)
771,1,,,-121.9314830,47.5244923,2026-01-26 19:54:23.000,_20260126_114137_CH02_TMO_5GNR_WFC_REF_TC-164.dml,,,,,,,,,,NR SA,,,,,,,,,,,,,,,,,,,594,,,On,Connected,-69.000000,2412,17,,,,NR (NR_SA)
772,1,,,-121.9314830,47.5244923,2026-01-26 19:54:24.000,_20260126_114137_CH02_TMO_5GNR_WFC_REF_TC-164.dml,,,,,,,,,,NR SA,,,,,,,,,,,,,,,,,,,594,,,On,Connected,-69.000000,2412,17,,,,NR (NR_SA)
773,1,,,-121.9314830,47.5244923,2026-01-26 19:54:25.000,_20260126_114137_CH02_TMO_5GNR_WFC_REF_TC-164.dml,,,,,,,,,,NR SA,,,,,,,,,,,,,,,,,,,594,,,On,Connected,-65.000000,2412,17,,,,NR (NR_SA)
774,1,,,-121.9314830,47.5244923,2026-01-26 19:54:26.000,_20260126_114137_CH02_TMO_5GNR_WFC_REF_TC-164.dml,,,,,,,,,,NR SA,,,,,,,,,,,,,,,,,,,594,,,On,Connected,-65.000000,2412,17,,,,NR (NR_SA)
775,1,,,-121.9314830,47.5244923,2026-01-26 19:54:27.000,_20260126_114137_CH02_TMO_5GNR_WFC_REF_TC-164.dml,,,,,,,,,,NR SA,,,,,,,,,,,,,,,,,,,594,,,On,Connected,-65.000000,2412,17,,,,NR (NR_SA)
776,1,,,-121.9314830,47.5244923,2026-01-26 19:54:28.000,_20260126_114137_CH02_TMO_5GNR_WFC_REF_TC-164.dml,,,,,,,,,,NR SA,,,,,,,,,,,,,,,,,,,594,,,On,Connected,-64.000000,2412,32,,,,NR (NR_SA)
777,1,,,-121.9314830,47.5244923,2026-01-26 19:54:29.000,_20260126_114137_CH02_TMO_5GNR_WFC_REF_TC-164.dml,,,,,,,,,,NR SA,,,,,,,,,,,,,,,,,,,594,,,On,Connected,-64.000000,2412,32,,,,NR (NR_SA)
778,1,,,-121.9314830,47.5244923,2026-01-26 19:54:30.000,_20260126_114137_CH02_TMO_5GNR_WFC_REF_TC-164.dml,,,,,,,,,,NR SA,,,,,,,,,,,,,,,,,,,594,,,On,Connected,-64.000000,2412,32,,,,NR (NR_SA)
779,1,,,-121.9314830,47.5244923,2026-01-26 19:54:31.000,_20260126_114137_CH02_TMO_5GNR_WFC_REF_TC-164.dml,,,,,,,,,,NR SA,,,,,,,,,,,,,,,,,,,594,,,On,Connected,-63.000000,2412,32,,,,NR (NR_SA)
780,1,,,-121.9314830,47.5244923,2026-01-26 19:54:32.000,_20260126_114137_CH02_TMO_5GNR_WFC_REF_TC-164.dml,,,,,,,,,,NR SA,,,,,,,,,,,,,,,,,,,594,,,On,Connected,-63.000000,2412,32,,,,NR (NR_SA)
781,1,,,-121.9314830,47.5244923,2026-01-26 19:54:33.000,_20260126_114137_CH02_TMO_5GNR_WFC_REF_TC-164.dml,,,,,,,,,,NR SA,,,,,,,,,,,,,,,,,,,594,,,On,Connected,-63.000000,2412,32,,,,NR (NR_SA)
782,1,,,-121.9314830,47.5244923,2026-01-26 19:54:34.000,_20260126_114137_CH02_TMO_5GNR_WFC_REF_TC-164.dml,,,,,,,,,,NR SA,,,,,,,,,,,,,,,,,,,594,,,On,Connected,-66.000000,2412,17,,,,NR (NR_SA)
783,1,,,-121.9314830,47.5244923,2026-01-26 19:54:35.000,_20260126_114137_CH02_TMO_5GNR_WFC_REF_TC-164.dml,,,,,,,,,,NR SA,,,,,,,,,,,,,,,,,,,594,,,On,Connected,-66.000000,2412,17,,,,NR (NR_SA)
784,1,,,-121.9314830,47.5244923,2026-01-26 19:54:36.000,_20260126_114137_CH02_TMO_5GNR_WFC_REF_TC-164.dml,,,,,,,,,,NR SA,,,,,,,,,,,,,,,,,,,594,,,On,Connected,-66.000000,2412,17,,,,NR (NR_SA)
785,1,,,-121.9314830,47.5244923,2026-01-26 19:54:37.000,_20260126_114137_CH02_TMO_5GNR_WFC_REF_TC-164.dml,,,,,,,,,,NR SA,,,,,,,,,,,,,,,,,,,594,,,On,Connected,-67.000000,2412,28,,,,NR (NR_SA)
786,1,,,-121.9314830,47.5244923,2026-01-26 19:54:38.000,_20260126_114137_CH02_TMO_5GNR_WFC_REF_TC-164.dml,,,,,,,,,,NR SA,,,,,,,,,,,,,,,,,,,594,,,On,Connected,-67.000000,2412,28,,,,NR (NR_SA)
787,1,,,-121.9314830,47.5244923,2026-01-26 19:54:39.000,_20260126_114137_CH02_TMO_5GNR_WFC_REF_TC-164.dml,,,,,,,,,,NR SA,,,,,,,,,,,,,,,,,,,594,,,On,Connected,-67.000000,2412,28,,,,NR (NR_SA)
788,1,,,-121.9314830,47.5244923,2026-01-26 19:54:40.000,_20260126_114137_CH02_TMO_5GNR_WFC_REF_TC-164.dml,,,,,,,,,,NR SA,,,,,,,,,,,,,,,,,,,594,,,On,Connected,-67.000000,2412,28,,,,NR (NR_SA)
789,1,,,-121.9314830,47.5244923,2026-01-26 19:54:41.000,_20260126_114137_CH02_TMO_5GNR_WFC_REF_TC-164.dml,,,,,,,,,,NR SA,,,,,,,,,,,,,,,,,,,594,,,On,Connected,-67.000000,2412,28,,,,NR (NR_SA)
790,1,,,-121.9314830,47.5244923,2026-01-26 19:54:42.000,_20260126_114137_CH02_TMO_5GNR_WFC_REF_TC-164.dml,,,,,,,,,,NR SA,,,,,,,,,,,,,,,,,,,594,,,On,Connected,-67.000000,2412,28,,,,NR (NR_SA)
791,1,,,-121.9314830,47.5244923,2026-01-26 19:54:43.000,_20260126_114137_CH02_TMO_5GNR_WFC_REF_TC-164.dml,,,,,,,,,,NR SA,,,,,,,,,,,,,,,,,,,594,,,On,Connected,-65.000000,2412,32,,,,NR (NR_SA)
792,1,,,-121.9314830,47.5244923,2026-01-26 19:54:44.000,_20260126_114137_CH02_TMO_5GNR_WFC_REF_TC-164.dml,,,,,,,,,,NR SA,,,,,,,,,,,,,,,,,,,594,,,On,Connected,-65.000000,2412,32,,,,NR (NR_SA)
793,1,,,-121.9314830,47.5244923,2026-01-26 19:54:45.000,_20260126_114137_CH02_TMO_5GNR_WFC_REF_TC-164.dml,,,,,,,,,,NR SA,,,,,,,,,,,,,,,,,,,594,,,On,Connected,-65.000000,2412,32,,,,NR (NR_SA)
794,1,,,-121.9314830,47.5244923,2026-01-26 19:54:46.000,_20260126_114137_CH02_TMO_5GNR_WFC_REF_TC-164.dml,,,,,,,,,,NR SA,,,,,,,,,,,,,,,,,,,594,,,On,Connected,-60.000000,2412,48,,,,NR (NR_SA)
795,1,,,-121.9314830,47.5244923,2026-01-26 19:54:47.000,_20260126_114137_CH02_TMO_5GNR_WFC_REF_TC-164.dml,,,,,,,,,,NR SA,,,,,,,,,,,,,,,,,,,594,,,On,Connected,-60.000000,2412,48,,,,NR (NR_SA)
796,1,,,-121.9314830,47.5244923,2026-01-26 19:54:48.000,_20260126_114137_CH02_TMO_5GNR_WFC_REF_TC-164.dml,,,,,,,,,,NR SA,,,,,,,,,,,,,,,,,,,594,,,On,Connected,-60.000000,2412,48,,,,NR (NR_SA)
797,1,,,-121.9314830,47.5244923,2026-01-26 19:54:49.000,_20260126_114137_CH02_TMO_5GNR_WFC_REF_TC-164.dml,,,,,,,,,,NR SA,,,,,,,,,,,,,,,,,,,594,,,On,Connected,-60.000000,2412,48,,,,NR (NR_SA)
798,1,,,-121.9314830,47.5244923,2026-01-26 19:54:50.000,_20260126_114137_CH02_TMO_5GNR_WFC_REF_TC-164.dml,,,,,,,,,,NR SA,,,,,,,,,,,,,,,,,,,594,,,On,Connected,-60.000000,2412,48,,,,NR (NR_SA)
799,1,,,-121.9314830,47.5244923,2026-01-26 19:54:51.000,_20260126_114137_CH02_TMO_5GNR_WFC_REF_TC-164.dml,,,,,,,,,,NR SA,,,,,,,,,,,,,,,,,,,594,,,On,Connected,-60.000000,2412,48,,,,NR (NR_SA)
800,1,,,-121.9314830,47.5244923,2026-01-26 19:54:52.000,_20260126_114137_CH02_TMO_5GNR_WFC_REF_TC-164.dml,,,,,,,,,,NR SA,,,,,,,,,,,,,,,,,,,594,,,On,Connected,-63.000000,2412,32,,,,NR (NR_SA)
801,1,,,-121.9314830,47.5244923,2026-01-26 19:54:53.000,_20260126_114137_CH02_TMO_5GNR_WFC_REF_TC-164.dml,,,,,,,,,,NR SA,,,,,,,,,,,,,,,,,,,594,,,On,Connected,-63.000000,2412,32,,,,NR (NR_SA)
802,1,,,-121.9314830,47.5244923,2026-01-26 19:54:54.000,_20260126_114137_CH02_TMO_5GNR_WFC_REF_TC-164.dml,,,,,,,,,,NR SA,,,,,,,,,,,,,,,,,,,594,,,On,Connected,-63.000000,2412,32,,,,NR (NR_SA)
803,1,,,-121.9314830,47.5244923,2026-01-26 19:54:55.000,_20260126_114137_CH02_TMO_5GNR_WFC_REF_TC-164.dml,,,,,,,,,,NR SA,,,,,,,,,,,,,,,,,,,594,,,On,Connected,-67.000000,2412,28,,,,NR (NR_SA)
804,1,,,-121.9314830,47.5244923,2026-01-26 19:54:56.000,_20260126_114137_CH02_TMO_5GNR_WFC_REF_TC-164.dml,,,,,,,,,,NR SA,,,,,,,,,,,,,,,,,,,594,,,On,Connected,-67.000000,2412,28,,,,NR (NR_SA)
805,1,,,-121.9314830,47.5244923,2026-01-26 19:54:57.000,_20260126_114137_CH02_TMO_5GNR_WFC_REF_TC-164.dml,,,,,,,,,,NR SA,,,,,,,,,,,,,,,,,,,594,,,On,Connected,-67.000000,2412,28,,,,NR (NR_SA)
806,1,,,-121.9314830,47.5244923,2026-01-26 19:54:58.000,_20260126_114137_CH02_TMO_5GNR_WFC_REF_TC-164.dml,,,,,,,,,,NR SA,,,,,,,,,,,,,,,,,,,594,,,On,Connected,-60.000000,2412,28,,,,NR (NR_SA)
807,1,,,-121.9314830,47.5244923,2026-01-26 19:54:59.000,_20260126_114137_CH02_TMO_5GNR_WFC_REF_TC-164.dml,,,,,,,,,,NR SA,,,,,,,,,,,,,,,,,,,594,,,On,Connected,-60.000000,2412,28,,,,NR (NR_SA)
808,1,,,-121.9314830,47.5244923,2026-01-26 19:55:00.000,_20260126_114137_CH02_TMO_5GNR_WFC_REF_TC-164.dml,,,,,,,,,,NR SA,,,,,,,,,,,,,,,,,,,594,,,On,Connected,-60.000000,2412,28,,,,NR (NR_SA)
809,1,,,-121.9314830,47.5244923,2026-01-26 19:55:01.000,_20260126_114137_CH02_TMO_5GNR_WFC_REF_TC-164.dml,,,,,,,,,,NR SA,,,,,,,,,,,,,,,,,,,594,,,On,Connected,-63.000000,2412,44,,,,NR (NR_SA)
810,1,,,-121.9314830,47.5244923,2026-01-26 19:55:02.000,_20260126_114137_CH02_TMO_5GNR_WFC_REF_TC-164.dml,,,,,,,,,,NR SA,,,,,,,,,,,,,,,,,,,594,,,On,Connected,-63.000000,2412,44,,,,NR (NR_SA)
811,1,,,-121.9314830,47.5244923,2026-01-26 19:55:03.000,_20260126_114137_CH02_TMO_5GNR_WFC_REF_TC-164.dml,,,,,,,,,,NR SA,,,,,,,,,,,,,,,,,,,594,,,On,Connected,-63.000000,2412,44,,,,NR (NR_SA)
812,1,,,-121.9314830,47.5244923,2026-01-26 19:55:04.000,_20260126_114137_CH02_TMO_5GNR_WFC_REF_TC-164.dml,,,,,,,,,,NR SA,,,,,,,,,,,,,,,,,,,594,,,On,Connected,-61.000000,2412,44,,,,NR (NR_SA)
813,1,,,-121.9314830,47.5244923,2026-01-26 19:55:05.000,_20260126_114137_CH02_TMO_5GNR_WFC_REF_TC-164.dml,,,,,,,,,,NR SA,,,,,,,,,,,,,,,,,,,594,,,On,Connected,-61.000000,2412,44,,,,NR (NR_SA)
814,1,,,-121.9314830,47.5244923,2026-01-26 19:55:06.000,_20260126_114137_CH02_TMO_5GNR_WFC_REF_TC-164.dml,,,,,,,,,,NR SA,,,,,,,,,,,,,,,,,,,594,,,On,Connected,-61.000000,2412,44,,,,NR (NR_SA)
815,1,,,-121.9314830,47.5244923,2026-01-26 19:55:07.000,_20260126_114137_CH02_TMO_5GNR_WFC_REF_TC-164.dml,,,,,,,,,,NR SA,,,,,,,,,,,,,,,,,,,594,,,On,Connected,-60.000000,2412,58,,,,NR (NR_SA)
816,1,,,-121.9314830,47.5244923,2026-01-26 19:55:08.000,_20260126_114137_CH02_TMO_5GNR_WFC_REF_TC-164.dml,,,,,,,,,,NR SA,,,,,,,,,,,,,,,,,,,594,,,On,Connected,-60.000000,2412,58,,,,NR (NR_SA)
817,1,,,-121.9314830,47.5244923,2026-01-26 19:55:09.000,_20260126_114137_CH02_TMO_5GNR_WFC_REF_TC-164.dml,,,,,,,,,,NR SA,,,,,,,,,,,,,,,,,,,594,,,On,Connected,-60.000000,2412,58,,,,NR (NR_SA)
818,1,,,-121.9314830,47.5244923,2026-01-26 19:55:10.000,_20260126_114137_CH02_TMO_5GNR_WFC_REF_TC-164.dml,,,,,,,,,,NR SA,,,,,,,,,,,,,,,,,,,594,,,On,Connected,-61.000000,2412,28,,,,NR (NR_SA)
819,1,,,-121.9314830,47.5244923,2026-01-26 19:55:11.000,_20260126_114137_CH02_TMO_5GNR_WFC_REF_TC-164.dml,,,,,,,,,,NR SA,,,,,,,,,,,,,,,,,,,594,,,On,Connected,-61.000000,2412,28,,,,NR (NR_SA)
820,1,,,-121.9314830,47.5244923,2026-01-26 19:55:12.000,_20260126_114137_CH02_TMO_5GNR_WFC_REF_TC-164.dml,,,,,,,,,,NR SA,,,,,,,,,,,,,,,,,,,594,,,On,Connected,-61.000000,2412,28,,,,NR (NR_SA)
821,1,,,-121.9314830,47.5244923,2026-01-26 19:55:13.000,_20260126_114137_CH02_TMO_5GNR_WFC_REF_TC-164.dml,,,,,,,,,,NR SA,,,,,,,,,,,,,,,,,,,594,,,On,Connected,-60.000000,2412,48,,,,NR (NR_SA)
822,1,,,-121.9314830,47.5244923,2026-01-26 19:55:14.000,_20260126_114137_CH02_TMO_5GNR_WFC_REF_TC-164.dml,,,,,,,,,,NR SA,,,,,,,,,,,,,,,,,,,594,,,On,Connected,-60.000000,2412,48,,,,NR (NR_SA)
823,1,,,-121.9314830,47.5244923,2026-01-26 19:55:15.000,_20260126_114137_CH02_TMO_5GNR_WFC_REF_TC-164.dml,,,,,,,,,,NR SA,,,,,,,,,,,,,,,,,,,594,,,On,Connected,-60.000000,2412,48,,,,NR (NR_SA)
824,1,,,-121.9314830,47.5244923,2026-01-26 19:55:16.000,_20260126_114137_CH02_TMO_5GNR_WFC_REF_TC-164.dml,,,,,,,,,,NR SA,,,,,,,,,,,,,,,,,,,594,,,On,Connected,-61.000000,2412,28,,,,NR (NR_SA)
825,1,,,-121.9314830,47.5244923,2026-01-26 19:55:17.000,_20260126_114137_CH02_TMO_5GNR_WFC_REF_TC-164.dml,,,,,,,,,,NR SA,,,,,,,,,,,,,,,,,,,594,,,On,Connected,-61.000000,2412,28,,,,NR (NR_SA)
826,1,,,-121.9314830,47.5244923,2026-01-26 19:55:18.000,_20260126_114137_CH02_TMO_5GNR_WFC_REF_TC-164.dml,,,,,,,,,,NR SA,,,,,,,,,,,,,,,,,,,594,,,On,Connected,-61.000000,2412,28,,,,NR (NR_SA)
827,1,,,-121.9314830,47.5244923,2026-01-26 19:55:19.000,_20260126_114137_CH02_TMO_5GNR_WFC_REF_TC-164.dml,,,,,,,,,,NR SA,,,,,,,,,,,,,,,,,,,594,,,On,Connected,-60.000000,2412,32,,,,NR (NR_SA)
828,1,,,-121.9314830,47.5244923,2026-01-26 19:55:20.000,_20260126_114137_CH02_TMO_5GNR_WFC_REF_TC-164.dml,,,,,,,,,,NR SA,,,,,,,,,,,,,,,,,,,594,,,On,Connected,-60.000000,2412,32,,,,NR (NR_SA)
829,1,,,-121.9314830,47.5244923,2026-01-26 19:55:21.000,_20260126_114137_CH02_TMO_5GNR_WFC_REF_TC-164.dml,,,,,,,,,,NR SA,,,,,,,,,,,,,,,,,,,594,,,On,Connected,-60.000000,2412,32,,,,NR (NR_SA)
830,1,,,-121.9314830,47.5244923,2026-01-26 19:55:22.000,_20260126_114137_CH02_TMO_5GNR_WFC_REF_TC-164.dml,,,,,,,,,,NR SA,,,,,,,,,,,,,,,,,,,594,,,On,Connected,-64.000000,2412,48,,,,NR (NR_SA)
831,1,,,-121.9314830,47.5244923,2026-01-26 19:55:23.000,_20260126_114137_CH02_TMO_5GNR_WFC_REF_TC-164.dml,,,,,,,,,,NR SA,,,,,,,,,,,,,,,,,,,594,,,On,Connected,-64.000000,2412,48,,,,NR (NR_SA)
832,1,,,-121.9314830,47.5244923,2026-01-26 19:55:24.000,_20260126_114137_CH02_TMO_5GNR_WFC_REF_TC-164.dml,,,,,,,,,,NR SA,,,,,,,,,,,,,,,,,,,594,,,On,Connected,-64.000000,2412,48,,,,NR (NR_SA)
833,1,,,-121.9314830,47.5244923,2026-01-26 19:55:25.000,_20260126_114137_CH02_TMO_5GNR_WFC_REF_TC-164.dml,,,,,,,,,,NR SA,,,,,,,,,,,,,,,,,,,594,,,On,Connected,-66.000000,2412,44,,,,NR (NR_SA)
834,1,,,-121.9314830,47.5244923,2026-01-26 19:55:26.000,_20260126_114137_CH02_TMO_5GNR_WFC_REF_TC-164.dml,,,,,,,,,,NR SA,,,,,,,,,,,,,,,,,,,594,,,On,Connected,-66.000000,2412,44,,,,NR (NR_SA)
835,1,,,-121.9314830,47.5244923,2026-01-26 19:55:27.000,_20260126_114137_CH02_TMO_5GNR_WFC_REF_TC-164.dml,,,,,,,,,,NR SA,,,,,,,,,,,,,,,,,,,594,,,On,Connected,-66.000000,2412,44,,,,NR (NR_SA)
836,1,,,-121.9314830,47.5244923,2026-01-26 19:55:28.000,_20260126_114137_CH02_TMO_5GNR_WFC_REF_TC-164.dml,,,,,,,,,,NR SA,,,,,,,,,,,,,,,,,,,594,,,On,Connected,-66.000000,2412,48,,,,NR (NR_SA)
837,1,,,-121.9314830,47.5244923,2026-01-26 19:55:29.000,_20260126_114137_CH02_TMO_5GNR_WFC_REF_TC-164.dml,,,,,,,,,,NR SA,,,,,,,,,,,,,,,,,,,594,,,On,Connected,-66.000000,2412,48,,,,NR (NR_SA)
838,1,,,-121.9314830,47.5244923,2026-01-26 19:55:30.000,_20260126_114137_CH02_TMO_5GNR_WFC_REF_TC-164.dml,,,,,,,,,,NR SA,,,,,,,,,,,,,,,,,,,594,,,On,Connected,-66.000000,2412,48,,,,NR (NR_SA)
839,1,,,-121.9314830,47.5244923,2026-01-26 19:55:31.000,_20260126_114137_CH02_TMO_5GNR_WFC_REF_TC-164.dml,,,,,,,,,,NR SA,,,,,,,,,,,,,,,,,,,594,,,On,Connected,-65.000000,2412,32,,,,NR (NR_SA)
840,1,,,-121.9314830,47.5244923,2026-01-26 19:55:32.000,_20260126_114137_CH02_TMO_5GNR_WFC_REF_TC-164.dml,,,,,,,,,,NR SA,,,,,,,,,,,,,,,,,,,594,,,On,Connected,-65.000000,2412,32,,,,NR (NR_SA)
841,1,,,-121.9314830,47.5244923,2026-01-26 19:55:33.000,_20260126_114137_CH02_TMO_5GNR_WFC_REF_TC-164.dml,,,,,,,,,,NR SA,,,,,,,,,,,,,,,,,,,594,,,On,Connected,-65.000000,2412,32,,,,NR (NR_SA)
842,1,,,-121.9314830,47.5244923,2026-01-26 19:55:33.353,_20260126_114137_CH02_TMO_5GNR_WFC_REF_TC-164.dml,,,,,,,,,,,,,,,,,,,,,,Forced stop,[Tool] Voice - Call Result : EndByUser,,,,,,,,,,,,,,,,,
843,1,,,-121.9314830,47.5244923,2026-01-26 19:55:33.353,_20260126_114137_CH02_TMO_5GNR_WFC_REF_TC-164.dml,,,,,,,,,,,,,,,,,,,,,,,[Tool] Voice - Call Scheduling End,,,,,,,,,,,,,,,,,
844,1,,,-121.9314830,47.5244923,2026-01-26 19:55:33.353,_20260126_114137_CH02_TMO_5GNR_WFC_REF_TC-164.dml,,,,,,,,,,,,,,,,,,,,,,,[Tool] Voice - Release Call Request,,,,,,,,,,,,,,,,,
845,1,,,-121.9314830,47.5244923,2026-01-26 19:55:33.353,_20260126_114137_CH02_TMO_5GNR_WFC_REF_TC-164.dml,,,,,,,,,,,,,,,,,,,,,,,[Tool] Voice - Release Call Request,,,,,,,,,,,,,,,,,
846,1,,,-121.9314830,47.5244923,2026-01-26 19:55:33.369,_20260126_114137_CH02_TMO_5GNR_WFC_REF_TC-164.dml,,,,,,,,,,,,,,,,,,,,,,,[Tool] Voice - Release Call Request,,,,,,,,,,,,,,,,,
847,1,,,-121.9314830,47.5244923,2026-01-26 19:55:33.307,_20260126_114137_CH02_TMO_5GNR_WFC_REF_TC-164.dml,,,,,,,,,,,,,UL,BYE,,,,,,,,,,,,,,,,,,,,,,,,,,
