IDX,LID,CI_1,CI_2,Lon,Lat,Time,Measure,[Call Test] Call Start Network,[Call Test] Call Type,[Call Test] Call Result,[Call Test] Call Middle Network,[Call Test] Call End Network,[Call Test] Mobile ChipSet,[Call Test] [VoNR VoLTE] [Duration] SIP Setup Duration (Invite~200OK),[Call Test] [Misc] [Mobile] IMEI,[Call Test] [Throughput] Application DL TP,[General] Serving Network (In Traffic),[Call Test] [HTTP Transfer] HTTP Transfer Call Event,[Call Test] [KR PS-LTE] [SMS] [Timestamp] SIP Message,[Packet Data] [SIP] UL/DL,[Packet Data] [SIP] Request Method,[Packet Data] [SIP] Status,[Packet Data] [SIP] 200 OK - Method,[Call Test] [Voice or Video Call] Call Result,[Call Test] [Voice or Video Call] Orig/Term,[Call Test] [Voice or Video Call] Result & Reason,[LTE] [L1] [RF] PCI,[LTE] [L1] [RF] RSRP,[Event] Total Call Result,[Event] Voice Call Event,[Event] [Event Occurrence Count] Call Completed #,[Event] [Event Occurrence Count] Outgoing Call Setup Fail #,[Event] [Event Occurrence Count] Call Dropped #,[Event] [Event Occurrence Count] Call Start #,[Call Test] [Voice or Video Call] [Duration] Traffic Duration (LoggingTool),[NR5G] [RF] PCI,[Call Test] [Voice Quality] [Per Rx Clip] [RF Quality] 5G RSRP,[Call Test] [Voice Quality] [Sampled Values] MOS (POLQA),[WiFi] On Off,[WiFi] Connect State,[WiFi] [Serving AP] RSSI,[WiFi] [Serving AP] Frequency,[WiFi] [Serving AP] Link Speed,[Call Test] [VoNR VoLTE] [Handover] Rx RTP Delay (Control Plane),[Call Test] [Voice or Video Call] Call Type,[Event] [Event Occurrence Count] Handover OK #,[Mobile Info] [Android] [Radio] Network Type (Data Svc)
1,1,,,-121.9314830,47.5244923,2026-01-26 20:35:32.000,_20260126_123527_CH01_TMO_5GNR_WFC_DUT_TC-164-R3.dml,,,,,,,,,,,,,,,,,,,,,,,,,,,,,594,,,,Disconnected,,,,,,,
2,1,,,-121.9314830,47.5244923,2026-01-26 20:35:33.000,_20260126_123527_CH01_TMO_5GNR_WFC_DUT_TC-164-R3.dml,,,,,,,,,,,,,,,,,,,,,,,,,,,,,594,,,On,Disconnected,,,,,,,NR (NR_SA)
3,1,,,-121.9314830,47.5244923,2026-01-26 20:35:34.000,_20260126_123527_CH01_TMO_5GNR_WFC_DUT_TC-164-R3.dml,,,,,,,,,,,,,,,,,,,,,,,,,,,,,594,,,On,Disconnected,,,,,,,NR (NR_SA)
4,1,,,-121.9314830,47.5244923,2026-01-26 20:35:35.000,_20260126_123527_CH01_TMO_5GNR_WFC_DUT_TC-164-R3.dml,,,,,,,,,,,,,,,,,,,,,,,,,,,,,594,,,On,Disconnected,,,,,,,NR (NR_SA)
5,1,,,-121.9314830,47.5244923,2026-01-26 20:35:36.000,_20260126_123527_CH01_TMO_5GNR_WFC_DUT_TC-164-R3.dml,,,,,,,,,,,,,,,,,,,,,,,,,,,,,594,,,On,Disconnected,,,,,,,NR (NR_SA)
6,1,,,-121.9314830,47.5244923,2026-01-26 20:35:37.000,_20260126_123527_CH01_TMO_5GNR_WFC_DUT_TC-164-R3.dml,,,,,,,,,,,,,,,,,,,,,,,,,,,,,594,,,,Disconnected,,,,,,,NR (NR_SA)
7,1,,,-121.9314830,47.5244923,2026-01-26 20:35:38.000,_20260126_123527_CH01_TMO_5GNR_WFC_DUT_TC-164-R3.dml,,,,,,,,,,,,,,,,,,,,,,,,,,,,,594,,,On,Disconnected,,,,,,,NR (NR_SA)
8,1,,,-121.9314830,47.5244923,2026-01-26 20:35:39.000,_20260126_123527_CH01_TMO_5GNR_WFC_DUT_TC-164-R3.dml,,,,,,,,,,,,,,,,,,,,,,,,,,,,,594,,,On,Disconnected,,,,,,,NR (NR_SA)
9,1,,,-121.9314830,47.5244923,2026-01-26 20:35:40.000,_20260126_123527_CH01_TMO_5GNR_WFC_DUT_TC-164-R3.dml,,,,,,,,,,,,,,,,,,,,,,,,,,,,,594,,,On,Disconnected,,,,,,,NR (NR_SA)
10,1,,,-121.9314830,47.5244923,2026-01-26 20:35:41.000,_20260126_123527_CH01_TMO_5GNR_WFC_DUT_TC-164-R3.dml,,,,,,,,,,,,,,,,,,,,,,,,,,,,,594,,,On,Disconnected,,,,,,,NR (NR_SA)
11,1,,,-121.9314830,47.5244923,2026-01-26 20:35:41.184,_20260126_123527_CH01_TMO_5GNR_WFC_DUT_TC-164-R3.dml,,,,,,,,,,,,,,,,,,,,,,,[Tool] Voice - Call Scheduling Start(Orig),,,,,,,,,,,,,,,,,
12,1,,,-121.9314830,47.5244923,2026-01-26 20:35:41.184,_20260126_123527_CH01_TMO_5GNR_WFC_DUT_TC-164-R3.dml,,,,,,,,,,,,,,,,,,,,,,,[UE]   Voice - Orig Success,,,,,,,,,,,,,,,,,
13,1,,,-121.9314830,47.5244923,2026-01-26 20:35:41.184,_20260126_123527_CH01_TMO_5GNR_WFC_DUT_TC-164-R3.dml,,,,,,,,,,,,,,,,,,,,,,,[Tool] Voice - Orig Request,,,,,,,,,,,,,,,,,
14,1,,,-121.9314830,47.5244923,2026-01-26 20:35:42.000,_20260126_123527_CH01_TMO_5GNR_WFC_DUT_TC-164-R3.dml,,,,,,,,,,,,,,,,,,,,,,,,,,,,,594,,,,Disconnected,,,,,,,NR (NR_SA)
15,1,,,-121.9314830,47.5244923,2026-01-26 20:35:43.000,_20260126_123527_CH01_TMO_5GNR_WFC_DUT_TC-164-R3.dml,,,,,,,,,,,,,,,,,,,,,,,,,,,,,594,,,On,Disconnected,,,,,,,
16,1,,,-121.9314830,47.5244923,2026-01-26 20:35:44.000,_20260126_123527_CH01_TMO_5GNR_WFC_DUT_TC-164-R3.dml,,,,,,,,,,,,,,,,,,,,,,,,,,,,,594,,,On,Disconnected,,,,,,,NR (NR_SA)
17,1,,,-121.9314830,47.5244923,2026-01-26 20:35:44.553,_20260126_123527_CH01_TMO_5GNR_WFC_DUT_TC-164-R3.dml,,,,,,,,,,,,,,,,,,,,,,,[UE]   Voice - Setup Success,,,,,,,,,,,,,,,,,
18,1,,,-121.9314830,47.5244923,2026-01-26 20:35:45.000,_20260126_123527_CH01_TMO_5GNR_WFC_DUT_TC-164-R3.dml,,,,,,,,,,NR SA,,,,,,,,,,,,,,,,,,,594,,,On,Disconnected,,,,,,,NR (NR_SA)
19,1,,,-121.9314830,47.5244923,2026-01-26 20:35:46.000,_20260126_123527_CH01_TMO_5GNR_WFC_DUT_TC-164-R3.dml,,,,,,,,,,NR SA,,,,,,,,,,,,,,,,,,,594,,,On,Disconnected,,,,,,,NR (NR_SA)
20,1,,,-121.9314830,47.5244923,2026-01-26 20:35:47.000,_20260126_123527_CH01_TMO_5GNR_WFC_DUT_TC-164-R3.dml,,,,,,,,,,NR SA,,,,,,,,,,,,,,,,,,,594,,,On,Disconnected,,,,,,,NR (NR_SA)
21,1,,,-121.9314830,47.5244923,2026-01-26 20:35:48.000,_20260126_123527_CH01_TMO_5GNR_WFC_DUT_TC-164-R3.dml,,,,,,,,,,NR SA,,,,,,,,,,,,,,,,,,,594,,,On,Disconnected,,,,,,,
22,1,,,-121.9314830,47.5244923,2026-01-26 20:35:49.000,_20260126_123527_CH01_TMO_5GNR_WFC_DUT_TC-164-R3.dml,,,,,,,,,,NR SA,,,,,,,,,,,,,,,,,,,594,,,On,Disconnected,,,,,,,NR (NR_SA)
23,1,,,-121.9314830,47.5244923,2026-01-26 20:35:50.000,_20260126_123527_CH01_TMO_5GNR_WFC_DUT_TC-164-R3.dml,,,,,,,,,,NR SA,,,,,,,,,,,,,,,,,,,594,,,On,Disconnected,,,,,,,
24,1,,,-121.9314830,47.5244923,2026-01-26 20:35:51.000,_20260126_123527_CH01_TMO_5GNR_WFC_DUT_TC-164-R3.dml,,,,,,,,,,NR SA,,,,,,,,,,,,,,,,,,,594,,,On,Disconnected,,,,,,,NR (NR_SA)
25,1,,,-121.9314830,47.5244923,2026-01-26 20:35:52.000,_20260126_123527_CH01_TMO_5GNR_WFC_DUT_TC-164-R3.dml,,,,,,,,,,NR SA,,,,,,,,,,,,,,,,,,,594,,,On,Disconnected,,,,,,,
26,1,,,-121.9314830,47.5244923,2026-01-26 20:35:53.000,_20260126_123527_CH01_TMO_5GNR_WFC_DUT_TC-164-R3.dml,,,,,,,,,,NR SA,,,,,,,,,,,,,,,,,,,594,,,On,Disconnected,,,,,,,NR (NR_SA)
27,1,,,-121.9314830,47.5244923,2026-01-26 20:35:54.000,_20260126_123527_CH01_TMO_5GNR_WFC_DUT_TC-164-R3.dml,,,,,,,,,,NR SA,,,,,,,,,,,,,,,,,,,594,,,On,Disconnected,,,,,,,
28,1,,,-121.9314830,47.5244923,2026-01-26 20:35:55.000,_20260126_123527_CH01_TMO_5GNR_WFC_DUT_TC-164-R3.dml,,,,,,,,,,NR SA,,,,,,,,,,,,,,,,,,,594,,,On,Disconnected,,,,,,,NR (NR_SA)
29,1,,,-121.9314830,47.5244923,2026-01-26 20:35:56.000,_20260126_123527_CH01_TMO_5GNR_WFC_DUT_TC-164-R3.dml,,,,,,,,,,NR SA,,,,,,,,,,,,,,,,,,,594,,,On,Disconnected,,,,,,,NR (NR_SA)
30,1,,,-121.9314830,47.5244923,2026-01-26 20:35:57.000,_20260126_123527_CH01_TMO_5GNR_WFC_DUT_TC-164-R3.dml,,,,,,,,,,NR SA,,,,,,,,,,,,,,,,,,,594,,,On,Disconnected,,,,,,,
31,1,,,-121.9314830,47.5244923,2026-01-26 20:35:58.000,_20260126_123527_CH01_TMO_5GNR_WFC_DUT_TC-164-R3.dml,,,,,,,,,,NR SA,,,,,,,,,,,,,,,,,,,594,,,On,Disconnected,,,,,,,NR (NR_SA)
32,1,,,-121.9314830,47.5244923,2026-01-26 20:35:59.000,_20260126_123527_CH01_TMO_5GNR_WFC_DUT_TC-164-R3.dml,,,,,,,,,,NR SA,,,,,,,,,,,,,,,,,,,594,,,On,Disconnected,,,,,,,NR (NR_SA)
33,1,,,-121.9314830,47.5244923,2026-01-26 20:36:00.000,_20260126_123527_CH01_TMO_5GNR_WFC_DUT_TC-164-R3.dml,,,,,,,,,,NR SA,,,,,,,,,,,,,,,,,,,594,,,On,Disconnected,,,,,,,NR (NR_SA)
34,1,,,-121.9314830,47.5244923,2026-01-26 20:36:01.000,_20260126_123527_CH01_TMO_5GNR_WFC_DUT_TC-164-R3.dml,,,,,,,,,,NR SA,,,,,,,,,,,,,,,,,,,594,,,On,Disconnected,,,,,,,NR (NR_SA)
35,1,,,-121.9314830,47.5244923,2026-01-26 20:36:02.000,_20260126_123527_CH01_TMO_5GNR_WFC_DUT_TC-164-R3.dml,,,,,,,,,,NR SA,,,,,,,,,,,,,,,,,,,594,,,On,Disconnected,,,,,,,NR (NR_SA)
36,1,,,-121.9314830,47.5244923,2026-01-26 20:36:03.000,_20260126_123527_CH01_TMO_5GNR_WFC_DUT_TC-164-R3.dml,,,,,,,,,,NR SA,,,,,,,,,,,,,,,,,,,594,,,On,Disconnected,,,,,,,
37,1,,,-121.9314830,47.5244923,2026-01-26 20:36:04.000,_20260126_123527_CH01_TMO_5GNR_WFC_DUT_TC-164-R3.dml,,,,,,,,,,NR SA,,,,,,,,,,,,,,,,,,,594,,,On,Disconnected,,,,,,,NR (NR_SA)
38,1,,,-121.9314830,47.5244923,2026-01-26 20:36:05.000,_20260126_123527_CH01_TMO_5GNR_WFC_DUT_TC-164-R3.dml,,,,,,,,,,NR SA,,,,,,,,,,,,,,,,,,,594,,,On,Disconnected,,,,,,,NR (NR_SA)
39,1,,,-121.9314830,47.5244923,2026-01-26 20:36:06.000,_20260126_123527_CH01_TMO_5GNR_WFC_DUT_TC-164-R3.dml,,,,,,,,,,NR SA,,,,,,,,,,,,,,,,,,,594,,,On,Disconnected,,,,,,,
40,1,,,-121.9314830,47.5244923,2026-01-26 20:36:07.000,_20260126_123527_CH01_TMO_5GNR_WFC_DUT_TC-164-R3.dml,,,,,,,,,,NR SA,,,,,,,,,,,,,,,,,,,594,,,On,Disconnected,,,,,,,NR (NR_SA)
41,1,,,-121.9314830,47.5244923,2026-01-26 20:36:08.000,_20260126_123527_CH01_TMO_5GNR_WFC_DUT_TC-164-R3.dml,,,,,,,,,,NR SA,,,,,,,,,,,,,,,,,,,594,,,On,Disconnected,,,,,,,
42,1,,,-121.9314830,47.5244923,2026-01-26 20:36:09.000,_20260126_123527_CH01_TMO_5GNR_WFC_DUT_TC-164-R3.dml,,,,,,,,,,NR SA,,,,,,,,,,,,,,,,,,,594,,,On,Disconnected,,,,,,,NR (NR_SA)
43,1,,,-121.9314830,47.5244923,2026-01-26 20:36:10.000,_20260126_123527_CH01_TMO_5GNR_WFC_DUT_TC-164-R3.dml,,,,,,,,,,NR SA,,,,,,,,,,,,,,,,,,,594,,,On,Disconnected,,,,,,,NR (NR_SA)
44,1,,,-121.9314830,47.5244923,2026-01-26 20:36:11.000,_20260126_123527_CH01_TMO_5GNR_WFC_DUT_TC-164-R3.dml,,,,,,,,,,NR SA,,,,,,,,,,,,,,,,,,,594,,,On,Disconnected,,,,,,,NR (NR_SA)
45,1,,,-121.9314830,47.5244923,2026-01-26 20:36:12.000,_20260126_123527_CH01_TMO_5GNR_WFC_DUT_TC-164-R3.dml,,,,,,,,,,NR SA,,,,,,,,,,,,,,,,,,,594,,,On,Disconnected,,,,,,,
46,1,,,-121.9314830,47.5244923,2026-01-26 20:36:13.000,_20260126_123527_CH01_TMO_5GNR_WFC_DUT_TC-164-R3.dml,,,,,,,,,,NR SA,,,,,,,,,,,,,,,,,,,594,,,On,Disconnected,,,,,,,NR (NR_SA)
47,1,,,-121.9314830,47.5244923,2026-01-26 20:36:14.000,_20260126_123527_CH01_TMO_5GNR_WFC_DUT_TC-164-R3.dml,,,,,,,,,,NR SA,,,,,,,,,,,,,,,,,,,594,,,On,Disconnected,,,,,,,NR (NR_SA)
48,1,,,-121.9314830,47.5244923,2026-01-26 20:36:15.000,_20260126_123527_CH01_TMO_5GNR_WFC_DUT_TC-164-R3.dml,,,,,,,,,,NR SA,,,,,,,,,,,,,,,,,,,594,,,On,Disconnected,,,,,,,NR (NR_SA)
49,1,,,-121.9314830,47.5244923,2026-01-26 20:36:16.000,_20260126_123527_CH01_TMO_5GNR_WFC_DUT_TC-164-R3.dml,,,,,,,,,,NR SA,,,,,,,,,,,,,,,,,,,594,,,On,Disconnected,,,,,,,NR (NR_SA)
50,1,,,-121.9314830,47.5244923,2026-01-26 20:36:17.000,_20260126_123527_CH01_TMO_5GNR_WFC_DUT_TC-164-R3.dml,,,,,,,,,,NR SA,,,,,,,,,,,,,,,,,,,594,,,On,Disconnected,,,,,,,
51,1,,,-121.9314830,47.5244923,2026-01-26 20:36:18.000,_20260126_123527_CH01_TMO_5GNR_WFC_DUT_TC-164-R3.dml,,,,,,,,,,NR SA,,,,,,,,,,,,,,,,,,,594,,,On,Disconnected,,,,,,,NR (NR_SA)
52,1,,,-121.9314830,47.5244923,2026-01-26 20:36:19.000,_20260126_123527_CH01_TMO_5GNR_WFC_DUT_TC-164-R3.dml,,,,,,,,,,NR SA,,,,,,,,,,,,,,,,,,,594,,,On,Disconnected,,,,,,,NR (NR_SA)
53,1,,,-121.9314830,47.5244923,2026-01-26 20:36:20.000,_20260126_123527_CH01_TMO_5GNR_WFC_DUT_TC-164-R3.dml,,,,,,,,,,NR SA,,,,,,,,,,,,,,,,,,,594,,,On,Disconnected,,,,,,,NR (NR_SA)
54,1,,,-121.9314830,47.5244923,2026-01-26 20:36:21.000,_20260126_123527_CH01_TMO_5GNR_WFC_DUT_TC-164-R3.dml,,,,,,,,,,NR SA,,,,,,,,,,,,,,,,,,,594,,,On,Disconnected,,,,,,,NR (NR_SA)
55,1,,,-121.9314830,47.5244923,2026-01-26 20:36:22.000,_20260126_123527_CH01_TMO_5GNR_WFC_DUT_TC-164-R3.dml,,,,,,,,,,NR SA,,,,,,,,,,,,,,,,,,,594,,,On,Disconnected,,,,,,,NR (NR_SA)
56,1,,,-121.9314830,47.5244923,2026-01-26 20:36:23.000,_20260126_123527_CH01_TMO_5GNR_WFC_DUT_TC-164-R3.dml,,,,,,,,,,NR SA,,,,,,,,,,,,,,,,,,,594,,,On,Disconnected,,,,,,,NR (NR_SA)
57,1,,,-121.9314830,47.5244923,2026-01-26 20:36:24.000,_20260126_123527_CH01_TMO_5GNR_WFC_DUT_TC-164-R3.dml,,,,,,,,,,NR SA,,,,,,,,,,,,,,,,,,,594,,,On,Disconnected,,,,,,,NR (NR_SA)
58,1,,,-121.9314830,47.5244923,2026-01-26 20:36:25.000,_20260126_123527_CH01_TMO_5GNR_WFC_DUT_TC-164-R3.dml,,,,,,,,,,NR SA,,,,,,,,,,,,,,,,,,,594,,,On,Disconnected,,,,,,,NR (NR_SA)
59,1,,,-121.9314830,47.5244923,2026-01-26 20:36:26.000,_20260126_123527_CH01_TMO_5GNR_WFC_DUT_TC-164-R3.dml,,,,,,,,,,NR SA,,,,,,,,,,,,,,,,,,,594,,,On,Disconnected,,,,,,,NR (NR_SA)
60,1,,,-121.9314830,47.5244923,2026-01-26 20:36:27.000,_20260126_123527_CH01_TMO_5GNR_WFC_DUT_TC-164-R3.dml,,,,,,,,,,NR SA,,,,,,,,,,,,,,,,,,,594,,,On,Disconnected,,,,,,,NR (NR_SA)
61,1,,,-121.9314830,47.5244923,2026-01-26 20:36:28.000,_20260126_123527_CH01_TMO_5GNR_WFC_DUT_TC-164-R3.dml,,,,,,,,,,NR SA,,,,,,,,,,,,,,,,,,,594,,,On,Disconnected,,,,,,,
62,1,,,-121.9314830,47.5244923,2026-01-26 20:36:29.000,_20260126_123527_CH01_TMO_5GNR_WFC_DUT_TC-164-R3.dml,,,,,,,,,,NR SA,,,,,,,,,,,,,,,,,,,594,,,On,Disconnected,,,,,,,NR (NR_SA)
63,1,,,-121.9314830,47.5244923,2026-01-26 20:36:30.000,_20260126_123527_CH01_TMO_5GNR_WFC_DUT_TC-164-R3.dml,,,,,,,,,,NR SA,,,,,,,,,,,,,,,,,,,594,,,On,Disconnected,,,,,,,NR (NR_SA)
64,1,,,-121.9314830,47.5244923,2026-01-26 20:36:31.000,_20260126_123527_CH01_TMO_5GNR_WFC_DUT_TC-164-R3.dml,,,,,,,,,,NR SA,,,,,,,,,,,,,,,,,,,594,,,On,Disconnected,,,,,,,
65,1,,,-121.9314830,47.5244923,2026-01-26 20:36:32.000,_20260126_123527_CH01_TMO_5GNR_WFC_DUT_TC-164-R3.dml,,,,,,,,,,NR SA,,,,,,,,,,,,,,,,,,,594,,,On,Disconnected,,,,,,,NR (NR_SA)
66,1,,,-121.9314830,47.5244923,2026-01-26 20:36:33.000,_20260126_123527_CH01_TMO_5GNR_WFC_DUT_TC-164-R3.dml,,,,,,,,,,NR SA,,,,,,,,,,,,,,,,,,,594,,,On,Disconnected,,,,,,,NR (NR_SA)
67,1,,,-121.9314830,47.5244923,2026-01-26 20:36:34.000,_20260126_123527_CH01_TMO_5GNR_WFC_DUT_TC-164-R3.dml,,,,,,,,,,NR SA,,,,,,,,,,,,,,,,,,,594,,,On,Disconnected,,,,,,,NR (NR_SA)
68,1,,,-121.9314830,47.5244923,2026-01-26 20:36:35.000,_20260126_123527_CH01_TMO_5GNR_WFC_DUT_TC-164-R3.dml,,,,,,,,,,NR SA,,,,,,,,,,,,,,,,,,,594,,,On,Disconnected,,,,,,,NR (NR_SA)
69,1,,,-121.9314830,47.5244923,2026-01-26 20:36:36.000,_20260126_123527_CH01_TMO_5GNR_WFC_DUT_TC-164-R3.dml,,,,,,,,,,NR SA,,,,,,,,,,,,,,,,,,,594,,,On,Disconnected,,,,,,,NR (NR_SA)
70,1,,,-121.9314830,47.5244923,2026-01-26 20:36:37.000,_20260126_123527_CH01_TMO_5GNR_WFC_DUT_TC-164-R3.dml,,,,,,,,,,NR SA,,,,,,,,,,,,,,,,,,,594,,,On,Disconnected,,,,,,,
71,1,,,-121.9314830,47.5244923,2026-01-26 20:36:38.000,_20260126_123527_CH01_TMO_5GNR_WFC_DUT_TC-164-R3.dml,,,,,,,,,,NR SA,,,,,,,,,,,,,,,,,,,594,,,On,Disconnected,,,,,,,NR (NR_SA)
72,1,,,-121.9314830,47.5244923,2026-01-26 20:36:39.000,_20260126_123527_CH01_TMO_5GNR_WFC_DUT_TC-164-R3.dml,,,,,,,,,,NR SA,,,,,,,,,,,,,,,,,,,594,,,On,Disconnected,,,,,,,
73,1,,,-121.9314830,47.5244923,2026-01-26 20:36:40.000,_20260126_123527_CH01_TMO_5GNR_WFC_DUT_TC-164-R3.dml,,,,,,,,,,NR SA,,,,,,,,,,,,,,,,,,,594,,,On,Disconnected,,,,,,,NR (NR_SA)
74,1,,,-121.9314830,47.5244923,2026-01-26 20:36:41.000,_20260126_123527_CH01_TMO_5GNR_WFC_DUT_TC-164-R3.dml,,,,,,,,,,NR SA,,,,,,,,,,,,,,,,,,,594,,,On,Disconnected,,,,,,,
75,1,,,-121.9314830,47.5244923,2026-01-26 20:36:42.000,_20260126_123527_CH01_TMO_5GNR_WFC_DUT_TC-164-R3.dml,,,,,,,,,,NR SA,,,,,,,,,,,,,,,,,,,594,,,On,Disconnected,,,,,,,NR (NR_SA)
76,1,,,-121.9314830,47.5244923,2026-01-26 20:36:43.000,_20260126_123527_CH01_TMO_5GNR_WFC_DUT_TC-164-R3.dml,,,,,,,,,,NR SA,,,,,,,,,,,,,,,,,,,594,,,On,Disconnected,,,,,,,NR (NR_SA)
77,1,,,-121.9314830,47.5244923,2026-01-26 20:36:44.000,_20260126_123527_CH01_TMO_5GNR_WFC_DUT_TC-164-R3.dml,,,,,,,,,,NR SA,,,,,,,,,,,,,,,,,,,594,,,On,Disconnected,,,,,,,NR (NR_SA)
78,1,,,-121.9314830,47.5244923,2026-01-26 20:36:45.000,_20260126_123527_CH01_TMO_5GNR_WFC_DUT_TC-164-R3.dml,,,,,,,,,,NR SA,,,,,,,,,,,,,,,,,,,594,,,On,Disconnected,,,,,,,NR (NR_SA)
79,1,,,-121.9314830,47.5244923,2026-01-26 20:36:46.000,_20260126_123527_CH01_TMO_5GNR_WFC_DUT_TC-164-R3.dml,,,,,,,,,,NR SA,,,,,,,,,,,,,,,,,,,594,,,On,Disconnected,,,,,,,NR (NR_SA)
80,1,,,-121.9314830,47.5244923,2026-01-26 20:36:47.000,_20260126_123527_CH01_TMO_5GNR_WFC_DUT_TC-164-R3.dml,,,,,,,,,,NR SA,,,,,,,,,,,,,,,,,,,594,,,On,Disconnected,,,,,,,
81,1,,,-121.9314830,47.5244923,2026-01-26 20:36:48.000,_20260126_123527_CH01_TMO_5GNR_WFC_DUT_TC-164-R3.dml,,,,,,,,,,NR SA,,,,,,,,,,,,,,,,,,,594,,,On,Disconnected,,,,,,,NR (NR_SA)
82,1,,,-121.9314830,47.5244923,2026-01-26 20:36:49.000,_20260126_123527_CH01_TMO_5GNR_WFC_DUT_TC-164-R3.dml,,,,,,,,,,NR SA,,,,,,,,,,,,,,,,,,,594,,,On,Disconnected,,,,,,,NR (NR_SA)
83,1,,,-121.9314830,47.5244923,2026-01-26 20:36:50.000,_20260126_123527_CH01_TMO_5GNR_WFC_DUT_TC-164-R3.dml,,,,,,,,,,NR SA,,,,,,,,,,,,,,,,,,,594,,,On,Disconnected,,,,,,,
84,1,,,-121.9314830,47.5244923,2026-01-26 20:36:51.000,_20260126_123527_CH01_TMO_5GNR_WFC_DUT_TC-164-R3.dml,,,,,,,,,,NR SA,,,,,,,,,,,,,,,,,,,594,,,On,Disconnected,,,,,,,NR (NR_SA)
85,1,,,-121.9314830,47.5244923,2026-01-26 20:36:52.000,_20260126_123527_CH01_TMO_5GNR_WFC_DUT_TC-164-R3.dml,,,,,,,,,,NR SA,,,,,,,,,,,,,,,,,,,594,,,On,Disconnected,,,,,,,NR (NR_SA)
86,1,,,-121.9314830,47.5244923,2026-01-26 20:36:53.000,_20260126_123527_CH01_TMO_5GNR_WFC_DUT_TC-164-R3.dml,,,,,,,,,,NR SA,,,,,,,,,,,,,,,,,,,594,,,On,Disconnected,,,,,,,NR (NR_SA)
87,1,,,-121.9314830,47.5244923,2026-01-26 20:36:54.000,_20260126_123527_CH01_TMO_5GNR_WFC_DUT_TC-164-R3.dml,,,,,,,,,,NR SA,,,,,,,,,,,,,,,,,,,594,,,On,Disconnected,,,,,,,NR (NR_SA)
88,1,,,-121.9314830,47.5244923,2026-01-26 20:36:55.000,_20260126_123527_CH01_TMO_5GNR_WFC_DUT_TC-164-R3.dml,,,,,,,,,,NR SA,,,,,,,,,,,,,,,,,,,594,,,On,Disconnected,,,,,,,NR (NR_SA)
89,1,,,-121.9314830,47.5244923,2026-01-26 20:36:56.000,_20260126_123527_CH01_TMO_5GNR_WFC_DUT_TC-164-R3.dml,,,,,,,,,,NR SA,,,,,,,,,,,,,,,,,,,594,,,On,Disconnected,,,,,,,NR (NR_SA)
90,1,,,-121.9314830,47.5244923,2026-01-26 20:36:57.000,_20260126_123527_CH01_TMO_5GNR_WFC_DUT_TC-164-R3.dml,,,,,,,,,,NR SA,,,,,,,,,,,,,,,,,,,594,,,On,Disconnected,,,,,,,NR (NR_SA)
91,1,,,-121.9314830,47.5244923,2026-01-26 20:36:58.000,_20260126_123527_CH01_TMO_5GNR_WFC_DUT_TC-164-R3.dml,,,,,,,,,,NR SA,,,,,,,,,,,,,,,,,,,594,,,On,Disconnected,,,,,,,NR (NR_SA)
92,1,,,-121.9314830,47.5244923,2026-01-26 20:36:59.000,_20260126_123527_CH01_TMO_5GNR_WFC_DUT_TC-164-R3.dml,,,,,,,,,,NR SA,,,,,,,,,,,,,,,,,,,594,,,On,Disconnected,,,,,,,NR (NR_SA)
93,1,,,-121.9314830,47.5244923,2026-01-26 20:37:00.000,_20260126_123527_CH01_TMO_5GNR_WFC_DUT_TC-164-R3.dml,,,,,,,,,,NR SA,,,,,,,,,,,,,,,,,,,594,,,On,Disconnected,,,,,,,NR (NR_SA)
94,1,,,-121.9314830,47.5244923,2026-01-26 20:37:01.000,_20260126_123527_CH01_TMO_5GNR_WFC_DUT_TC-164-R3.dml,,,,,,,,,,NR SA,,,,,,,,,,,,,,,,,,,594,,,On,Disconnected,,,,,,,
95,1,,,-121.9314830,47.5244923,2026-01-26 20:37:02.000,_20260126_123527_CH01_TMO_5GNR_WFC_DUT_TC-164-R3.dml,,,,,,,,,,NR SA,,,,,,,,,,,,,,,,,,,594,,,On,Disconnected,,,,,,,NR (NR_SA)
96,1,,,-121.9314830,47.5244923,2026-01-26 20:37:03.000,_20260126_123527_CH01_TMO_5GNR_WFC_DUT_TC-164-R3.dml,,,,,,,,,,NR SA,,,,,,,,,,,,,,,,,,,594,,,On,Disconnected,,,,,,,
97,1,,,-121.9314830,47.5244923,2026-01-26 20:37:04.000,_20260126_123527_CH01_TMO_5GNR_WFC_DUT_TC-164-R3.dml,,,,,,,,,,NR SA,,,,,,,,,,,,,,,,,,,594,,,On,Disconnected,,,,,,,NR (NR_SA)
98,1,,,-121.9314830,47.5244923,2026-01-26 20:37:05.000,_20260126_123527_CH01_TMO_5GNR_WFC_DUT_TC-164-R3.dml,,,,,,,,,,NR SA,,,,,,,,,,,,,,,,,,,594,,,On,Disconnected,,,,,,,NR (NR_SA)
99,1,,,-121.9314830,47.5244923,2026-01-26 20:37:06.000,_20260126_123527_CH01_TMO_5GNR_WFC_DUT_TC-164-R3.dml,,,,,,,,,,NR SA,,,,,,,,,,,,,,,,,,,594,,,On,Disconnected,,,,,,,
100,1,,,-121.9314830,47.5244923,2026-01-26 20:37:07.000,_20260126_123527_CH01_TMO_5GNR_WFC_DUT_TC-164-R3.dml,,,,,,,,,,NR SA,,,,,,,,,,,,,,,,,,,594,,,On,Disconnected,,,,,,,NR (NR_SA)
101,1,,,-121.9314830,47.5244923,2026-01-26 20:37:08.000,_20260126_123527_CH01_TMO_5GNR_WFC_DUT_TC-164-R3.dml,,,,,,,,,,NR SA,,,,,,,,,,,,,,,,,,,594,,,On,Disconnected,,,,,,,
102,1,,,-121.9314830,47.5244923,2026-01-26 20:37:09.000,_20260126_123527_CH01_TMO_5GNR_WFC_DUT_TC-164-R3.dml,,,,,,,,,,NR SA,,,,,,,,,,,,,,,,,,,594,,,On,Disconnected,,,,,,,NR (NR_SA)
103,1,,,-121.9314830,47.5244923,2026-01-26 20:37:10.000,_20260126_123527_CH01_TMO_5GNR_WFC_DUT_TC-164-R3.dml,,,,,,,,,,NR SA,,,,,,,,,,,,,,,,,,,594,,,On,Disconnected,,,,,,,NR (NR_SA)
104,1,,,-121.9314830,47.5244923,2026-01-26 20:37:11.000,_20260126_123527_CH01_TMO_5GNR_WFC_DUT_TC-164-R3.dml,,,,,,,,,,NR SA,,,,,,,,,,,,,,,,,,,594,,,On,Disconnected,,,,,,,NR (NR_SA)
105,1,,,-121.9314830,47.5244923,2026-01-26 20:37:12.000,_20260126_123527_CH01_TMO_5GNR_WFC_DUT_TC-164-R3.dml,,,,,,,,,,NR SA,,,,,,,,,,,,,,,,,,,594,,,On,Disconnected,,,,,,,NR (NR_SA)
106,1,,,-121.9314830,47.5244923,2026-01-26 20:37:13.000,_20260126_123527_CH01_TMO_5GNR_WFC_DUT_TC-164-R3.dml,,,,,,,,,,NR SA,,,,,,,,,,,,,,,,,,,594,,,On,Disconnected,,,,,,,
107,1,,,-121.9314830,47.5244923,2026-01-26 20:37:14.000,_20260126_123527_CH01_TMO_5GNR_WFC_DUT_TC-164-R3.dml,,,,,,,,,,NR SA,,,,,,,,,,,,,,,,,,,594,,,On,Disconnected,,,,,,,NR (NR_SA)
108,1,,,-121.9314830,47.5244923,2026-01-26 20:37:15.000,_20260126_123527_CH01_TMO_5GNR_WFC_DUT_TC-164-R3.dml,,,,,,,,,,NR SA,,,,,,,,,,,,,,,,,,,594,,,On,Disconnected,,,,,,,
109,1,,,-121.9314830,47.5244923,2026-01-26 20:37:16.000,_20260126_123527_CH01_TMO_5GNR_WFC_DUT_TC-164-R3.dml,,,,,,,,,,NR SA,,,,,,,,,,,,,,,,,,,594,,,On,Disconnected,,,,,,,NR (NR_SA)
110,1,,,-121.9314830,47.5244923,2026-01-26 20:37:17.000,_20260126_123527_CH01_TMO_5GNR_WFC_DUT_TC-164-R3.dml,,,,,,,,,,NR SA,,,,,,,,,,,,,,,,,,,594,,,On,Disconnected,,,,,,,NR (NR_SA)
111,1,,,-121.9314830,47.5244923,2026-01-26 20:37:18.000,_20260126_123527_CH01_TMO_5GNR_WFC_DUT_TC-164-R3.dml,,,,,,,,,,NR SA,,,,,,,,,,,,,,,,,,,594,,,On,Disconnected,,,,,,,NR (NR_SA)
112,1,,,-121.9314830,47.5244923,2026-01-26 20:37:19.000,_20260126_123527_CH01_TMO_5GNR_WFC_DUT_TC-164-R3.dml,,,,,,,,,,NR SA,,,,,,,,,,,,,,,,,,,594,,,On,Disconnected,,,,,,,NR (NR_SA)
113,1,,,-121.9314830,47.5244923,2026-01-26 20:37:20.000,_20260126_123527_CH01_TMO_5GNR_WFC_DUT_TC-164-R3.dml,,,,,,,,,,NR SA,,,,,,,,,,,,,,,,,,,594,,,On,Disconnected,,,,,,,NR (NR_SA)
114,1,,,-121.9314830,47.5244923,2026-01-26 20:37:21.000,_20260126_123527_CH01_TMO_5GNR_WFC_DUT_TC-164-R3.dml,,,,,,,,,,NR SA,,,,,,,,,,,,,,,,,,,594,,,,Connected,-53.000000,,,,,,IWLAN
115,1,,,-121.9314830,47.5244923,2026-01-26 20:37:22.000,_20260126_123527_CH01_TMO_5GNR_WFC_DUT_TC-164-R3.dml,,,,,,,,,,NR SA,,,,,,,,,,,,,,,,,,,594,,,On,Connected,-53.000000,2412,154,,,,
116,1,,,-121.9314830,47.5244923,2026-01-26 20:37:23.000,_20260126_123527_CH01_TMO_5GNR_WFC_DUT_TC-164-R3.dml,,,,,,,,,,NR SA,,,,,,,,,,,,,,,,,,,594,,,On,Connected,-53.000000,2412,154,,,,IWLAN
117,1,,,-121.9314830,47.5244923,2026-01-26 20:37:24.000,_20260126_123527_CH01_TMO_5GNR_WFC_DUT_TC-164-R3.dml,,,,,,,,,,NR SA,,,,,,,,,,,,,,,,,,,594,,,On,Connected,-57.000000,2412,34,,,,IWLAN
118,1,,,-121.9314830,47.5244923,2026-01-26 20:37:25.000,_20260126_123527_CH01_TMO_5GNR_WFC_DUT_TC-164-R3.dml,,,,,,,,,,NR SA,,,,,,,,,,,,,,,,,,,594,,,On,Connected,-57.000000,2412,34,,,,IWLAN
119,1,,,-121.9314830,47.5244923,2026-01-26 20:37:26.000,_20260126_123527_CH01_TMO_5GNR_WFC_DUT_TC-164-R3.dml,,,,,,,,,,NR SA,,,,,,,,,,,,,,,,,,,594,,,On,Connected,-57.000000,2412,34,,,,IWLAN
120,1,,,-121.9314830,47.5244923,2026-01-26 20:37:27.000,_20260126_123527_CH01_TMO_5GNR_WFC_DUT_TC-164-R3.dml,,,,,,,,,,NR SA,,,,,,,,,,,,,,,,,,,594,,,On,Connected,-54.000000,2412,51,,,,IWLAN
121,1,,,-121.9314830,47.5244923,2026-01-26 20:37:28.000,_20260126_123527_CH01_TMO_5GNR_WFC_DUT_TC-164-R3.dml,,,,,,,,,,NR SA,,,,,,,,,,,,,,,,,,,594,,,On,Connected,-54.000000,2412,51,,,,IWLAN
122,1,,,-121.9314830,47.5244923,2026-01-26 20:37:29.000,_20260126_123527_CH01_TMO_5GNR_WFC_DUT_TC-164-R3.dml,,,,,,,,,,NR SA,,,,,,,,,,,,,,,,,,,594,,,On,Connected,-54.000000,2412,51,,,,IWLAN
123,1,,,-121.9314830,47.5244923,2026-01-26 20:37:30.000,_20260126_123527_CH01_TMO_5GNR_WFC_DUT_TC-164-R3.dml,,,,,,,,,,NR SA,,,,,,,,,,,,,,,,,,,594,,,On,Connected,-55.000000,2412,51,,,,IWLAN
124,1,,,-121.9314830,47.5244923,2026-01-26 20:37:31.000,_20260126_123527_CH01_TMO_5GNR_WFC_DUT_TC-164-R3.dml,,,,,,,,,,NR SA,,,,,,,,,,,,,,,,,,,594,,,On,Connected,-55.000000,2412,51,,,,IWLAN
125,1,,,-121.9314830,47.5244923,2026-01-26 20:37:32.000,_20260126_123527_CH01_TMO_5GNR_WFC_DUT_TC-164-R3.dml,,,,,,,,,,NR SA,,,,,,,,,,,,,,,,,,,594,,,On,Connected,-55.000000,2412,51,,,,IWLAN
126,1,,,-121.9314830,47.5244923,2026-01-26 20:37:33.000,_20260126_123527_CH01_TMO_5GNR_WFC_DUT_TC-164-R3.dml,,,,,,,,,,NR SA,,,,,,,,,,,,,,,,,,,594,,,On,Connected,-59.000000,2412,25,,,,IWLAN
127,1,,,-121.9314830,47.5244923,2026-01-26 20:37:34.000,_20260126_123527_CH01_TMO_5GNR_WFC_DUT_TC-164-R3.dml,,,,,,,,,,NR SA,,,,,,,,,,,,,,,,,,,,,,On,Connected,-59.000000,2412,25,,,,IWLAN
128,1,,,-121.9314830,47.5244923,2026-01-26 20:37:35.000,_20260126_123527_CH01_TMO_5GNR_WFC_DUT_TC-164-R3.dml,,,,,,,,,,NR SA,,,,,,,,,,,,,,,,,,,,,,On,Connected,-59.000000,2412,25,,,,IWLAN
129,1,,,-121.9314830,47.5244923,2026-01-26 20:37:36.000,_20260126_123527_CH01_TMO_5GNR_WFC_DUT_TC-164-R3.dml,,,,,,,,,,NR SA,,,,,,,,,,,,,,,,,,,594,,,On,Connected,-53.000000,2412,34,,,,IWLAN
130,1,,,-121.9314830,47.5244923,2026-01-26 20:37:37.000,_20260126_123527_CH01_TMO_5GNR_WFC_DUT_TC-164-R3.dml,,,,,,,,,,NR SA,,,,,,,,,,,,,,,,,,,,,,On,Connected,-53.000000,2412,34,,,,IWLAN
131,1,,,-121.9314830,47.5244923,2026-01-26 20:37:38.000,_20260126_123527_CH01_TMO_5GNR_WFC_DUT_TC-164-R3.dml,,,,,,,,,,NR SA,,,,,,,,,,,,,,,,,,,594,,,On,Connected,-53.000000,2412,34,,,,IWLAN
132,1,,,-121.9314830,47.5244923,2026-01-26 20:37:39.000,_20260126_123527_CH01_TMO_5GNR_WFC_DUT_TC-164-R3.dml,,,,,,,,,,NR SA,,,,,,,,,,,,,,,,,,,,,,On,Connected,-54.000000,2412,34,,,,IWLAN
133,1,,,-121.9314830,47.5244923,2026-01-26 20:37:40.000,_20260126_123527_CH01_TMO_5GNR_WFC_DUT_TC-164-R3.dml,,,,,,,,,,NR SA,,,,,,,,,,,,,,,,,,,,,,On,Connected,-54.000000,2412,34,,,,IWLAN
134,1,,,-121.9314830,47.5244923,2026-01-26 20:37:41.000,_20260126_123527_CH01_TMO_5GNR_WFC_DUT_TC-164-R3.dml,,,,,,,,,,NR SA,,,,,,,,,,,,,,,,,,,594,,,On,Connected,-54.000000,2412,34,,,,IWLAN
135,1,,,-121.9314830,47.5244923,2026-01-26 20:37:42.000,_20260126_123527_CH01_TMO_5GNR_WFC_DUT_TC-164-R3.dml,,,,,,,,,,NR SA,,,,,,,,,,,,,,,,,,,,,,On,Connected,-53.000000,2412,34,,,,IWLAN
136,1,,,-121.9314830,47.5244923,2026-01-26 20:37:43.000,_20260126_123527_CH01_TMO_5GNR_WFC_DUT_TC-164-R3.dml,,,,,,,,,,NR SA,,,,,,,,,,,,,,,,,,,594,,,On,Connected,-53.000000,2412,34,,,,IWLAN
137,1,,,-121.9314830,47.5244923,2026-01-26 20:37:44.000,_20260126_123527_CH01_TMO_5GNR_WFC_DUT_TC-164-R3.dml,,,,,,,,,,NR SA,,,,,,,,,,,,,,,,,,,,,,On,Connected,-53.000000,2412,34,,,,IWLAN
138,1,,,-121.9314830,47.5244923,2026-01-26 20:37:45.000,_20260126_123527_CH01_TMO_5GNR_WFC_DUT_TC-164-R3.dml,,,,,,,,,,NR SA,,,,,,,,,,,,,,,,,,,,,,On,Connected,-52.000000,2412,51,,,,IWLAN
139,1,,,-121.9314830,47.5244923,2026-01-26 20:37:46.000,_20260126_123527_CH01_TMO_5GNR_WFC_DUT_TC-164-R3.dml,,,,,,,,,,NR SA,,,,,,,,,,,,,,,,,,,594,,,On,Connected,-52.000000,2412,51,,,,IWLAN
140,1,,,-121.9314830,47.5244923,2026-01-26 20:37:47.000,_20260126_123527_CH01_TMO_5GNR_WFC_DUT_TC-164-R3.dml,,,,,,,,,,NR SA,,,,,,,,,,,,,,,,,,,,,,On,Connected,-52.000000,2412,51,,,,IWLAN
141,1,,,-121.9314830,47.5244923,2026-01-26 20:37:48.000,_20260126_123527_CH01_TMO_5GNR_WFC_DUT_TC-164-R3.dml,,,,,,,,,,NR SA,,,,,,,,,,,,,,,,,,,,,,On,Connected,-57.000000,2412,51,,,,IWLAN
142,1,,,-121.9314830,47.5244923,2026-01-26 20:37:49.000,_20260126_123527_CH01_TMO_5GNR_WFC_DUT_TC-164-R3.dml,,,,,,,,,,NR SA,,,,,,,,,,,,,,,,,,,594,,,On,Connected,-57.000000,2412,51,,,,IWLAN
143,1,,,-121.9314830,47.5244923,2026-01-26 20:37:50.000,_20260126_123527_CH01_TMO_5GNR_WFC_DUT_TC-164-R3.dml,,,,,,,,,,NR SA,,,,,,,,,,,,,,,,,,,,,,On,Connected,-57.000000,2412,51,,,,IWLAN
144,1,,,-121.9314830,47.5244923,2026-01-26 20:37:51.000,_20260126_123527_CH01_TMO_5GNR_WFC_DUT_TC-164-R3.dml,,,,,,,,,,NR SA,,,,,,,,,,,,,,,,,,,594,,,On,Connected,-56.000000,2412,34,,,,IWLAN
145,1,,,-121.9314830,47.5244923,2026-01-26 20:37:52.000,_20260126_123527_CH01_TMO_5GNR_WFC_DUT_TC-164-R3.dml,,,,,,,,,,NR SA,,,,,,,,,,,,,,,,,,,,,,On,Connected,-56.000000,2412,34,,,,IWLAN
146,1,,,-121.9314830,47.5244923,2026-01-26 20:37:53.000,_20260126_123527_CH01_TMO_5GNR_WFC_DUT_TC-164-R3.dml,,,,,,,,,,NR SA,,,,,,,,,,,,,,,,,,,594,,,On,Connected,-56.000000,2412,34,,,,IWLAN
147,1,,,-121.9314830,47.5244923,2026-01-26 20:37:54.000,_20260126_123527_CH01_TMO_5GNR_WFC_DUT_TC-164-R3.dml,,,,,,,,,,NR SA,,,,,,,,,,,,,,,,,,,594,,,On,Connected,-56.000000,2412,51,,,,IWLAN
148,1,,,-121.9314830,47.5244923,2026-01-26 20:37:55.000,_20260126_123527_CH01_TMO_5GNR_WFC_DUT_TC-164-R3.dml,,,,,,,,,,NR SA,,,,,,,,,,,,,,,,,,,594,,,On,Connected,-56.000000,2412,51,,,,IWLAN
149,1,,,-121.9314830,47.5244923,2026-01-26 20:37:56.000,_20260126_123527_CH01_TMO_5GNR_WFC_DUT_TC-164-R3.dml,,,,,,,,,,NR SA,,,,,,,,,,,,,,,,,,,594,,,On,Connected,-56.000000,2412,51,,,,IWLAN
150,1,,,-121.9314830,47.5244923,2026-01-26 20:37:57.000,_20260126_123527_CH01_TMO_5GNR_WFC_DUT_TC-164-R3.dml,,,,,,,,,,NR SA,,,,,,,,,,,,,,,,,,,594,,,On,Connected,-51.000000,2412,51,,,,IWLAN
151,1,,,-121.9314830,47.5244923,2026-01-26 20:37:58.000,_20260126_123527_CH01_TMO_5GNR_WFC_DUT_TC-164-R3.dml,,,,,,,,,,NR SA,,,,,,,,,,,,,,,,,,,594,,,On,Connected,-51.000000,2412,51,,,,IWLAN
152,1,,,-121.9314830,47.5244923,2026-01-26 20:37:59.000,_20260126_123527_CH01_TMO_5GNR_WFC_DUT_TC-164-R3.dml,,,,,,,,,,NR SA,,,,,,,,,,,,,,,,,,,594,,,On,Connected,-51.000000,2412,51,,,,IWLAN
153,1,,,-121.9314830,47.5244923,2026-01-26 20:38:00.000,_20260126_123527_CH01_TMO_5GNR_WFC_DUT_TC-164-R3.dml,,,,,,,,,,NR SA,,,,,,,,,,,,,,,,,,,594,,,On,Connected,-50.000000,2412,51,,,,IWLAN
154,1,,,-121.9314830,47.5244923,2026-01-26 20:38:01.000,_20260126_123527_CH01_TMO_5GNR_WFC_DUT_TC-164-R3.dml,,,,,,,,,,NR SA,,,,,,,,,,,,,,,,,,,594,,,On,Connected,-50.000000,2412,51,,,,IWLAN
155,1,,,-121.9314830,47.5244923,2026-01-26 20:38:02.000,_20260126_123527_CH01_TMO_5GNR_WFC_DUT_TC-164-R3.dml,,,,,,,,,,NR SA,,,,,,,,,,,,,,,,,,,594,,,On,Connected,-50.000000,2412,51,,,,IWLAN
156,1,,,-121.9314830,47.5244923,2026-01-26 20:38:03.000,_20260126_123527_CH01_TMO_5GNR_WFC_DUT_TC-164-R3.dml,,,,,,,,,,NR SA,,,,,,,,,,,,,,,,,,,594,,,On,Connected,-49.000000,2412,51,,,,IWLAN
157,1,,,-121.9314830,47.5244923,2026-01-26 20:38:04.000,_20260126_123527_CH01_TMO_5GNR_WFC_DUT_TC-164-R3.dml,,,,,,,,,,NR SA,,,,,,,,,,,,,,,,,,,594,,,On,Connected,-49.000000,2412,51,,,,IWLAN
158,1,,,-121.9314830,47.5244923,2026-01-26 20:38:05.000,_20260126_123527_CH01_TMO_5GNR_WFC_DUT_TC-164-R3.dml,,,,,,,,,,NR SA,,,,,,,,,,,,,,,,,,,594,,,On,Connected,-49.000000,2412,51,,,,IWLAN
159,1,,,-121.9314830,47.5244923,2026-01-26 20:38:06.000,_20260126_123527_CH01_TMO_5GNR_WFC_DUT_TC-164-R3.dml,,,,,,,,,,NR SA,,,,,,,,,,,,,,,,,,,594,,,On,Connected,-51.000000,2412,34,,,,IWLAN
160,1,,,-121.9314830,47.5244923,2026-01-26 20:38:07.000,_20260126_123527_CH01_TMO_5GNR_WFC_DUT_TC-164-R3.dml,,,,,,,,,,NR SA,,,,,,,,,,,,,,,,,,,594,,,On,Connected,-51.000000,2412,34,,,,IWLAN
161,1,,,-121.9314830,47.5244923,2026-01-26 20:38:08.000,_20260126_123527_CH01_TMO_5GNR_WFC_DUT_TC-164-R3.dml,,,,,,,,,,NR SA,,,,,,,,,,,,,,,,,,,594,,,On,Connected,-51.000000,2412,34,,,,IWLAN
162,1,,,-121.9314830,47.5244923,2026-01-26 20:38:09.000,_20260126_123527_CH01_TMO_5GNR_WFC_DUT_TC-164-R3.dml,,,,,,,,,,NR SA,,,,,,,,,,,,,,,,,,,594,,,On,Connected,-53.000000,2412,34,,,,IWLAN
163,1,,,-121.9314830,47.5244923,2026-01-26 20:38:10.000,_20260126_123527_CH01_TMO_5GNR_WFC_DUT_TC-164-R3.dml,,,,,,,,,,NR SA,,,,,,,,,,,,,,,,,,,594,,,On,Connected,-53.000000,2412,34,,,,IWLAN
164,1,,,-121.9314830,47.5244923,2026-01-26 20:38:11.000,_20260126_123527_CH01_TMO_5GNR_WFC_DUT_TC-164-R3.dml,,,,,,,,,,NR SA,,,,,,,,,,,,,,,,,,,594,,,On,Connected,-53.000000,2412,34,,,,IWLAN
165,1,,,-121.9314830,47.5244923,2026-01-26 20:38:12.000,_20260126_123527_CH01_TMO_5GNR_WFC_DUT_TC-164-R3.dml,,,,,,,,,,NR SA,,,,,,,,,,,,,,,,,,,594,,,On,Connected,-51.000000,2412,68,,,,IWLAN
166,1,,,-121.9314830,47.5244923,2026-01-26 20:38:13.000,_20260126_123527_CH01_TMO_5GNR_WFC_DUT_TC-164-R3.dml,,,,,,,,,,NR SA,,,,,,,,,,,,,,,,,,,594,,,On,Connected,-51.000000,2412,68,,,,IWLAN
167,1,,,-121.9314830,47.5244923,2026-01-26 20:38:14.000,_20260126_123527_CH01_TMO_5GNR_WFC_DUT_TC-164-R3.dml,,,,,,,,,,NR SA,,,,,,,,,,,,,,,,,,,594,,,On,Connected,-51.000000,2412,68,,,,IWLAN
168,1,,,-121.9314830,47.5244923,2026-01-26 20:38:15.000,_20260126_123527_CH01_TMO_5GNR_WFC_DUT_TC-164-R3.dml,,,,,,,,,,NR SA,,,,,,,,,,,,,,,,,,,594,,,On,Connected,-47.000000,2412,68,,,,IWLAN
169,1,,,-121.9314830,47.5244923,2026-01-26 20:38:16.000,_20260126_123527_CH01_TMO_5GNR_WFC_DUT_TC-164-R3.dml,,,,,,,,,,NR SA,,,,,,,,,,,,,,,,,,,594,,,On,Connected,-47.000000,2412,68,,,,IWLAN
170,1,,,-121.9314830,47.5244923,2026-01-26 20:38:17.000,_20260126_123527_CH01_TMO_5GNR_WFC_DUT_TC-164-R3.dml,,,,,,,,,,NR SA,,,,,,,,,,,,,,,,,,,594,,,On,Connected,-47.000000,2412,68,,,,
171,1,,,-121.9314830,47.5244923,2026-01-26 20:38:18.000,_20260126_123527_CH01_TMO_5GNR_WFC_DUT_TC-164-R3.dml,,,,,,,,,,NR SA,,,,,,,,,,,,,,,,,,,594,,,On,Connected,-50.000000,2412,77,,,,IWLAN
172,1,,,-121.9314830,47.5244923,2026-01-26 20:38:19.000,_20260126_123527_CH01_TMO_5GNR_WFC_DUT_TC-164-R3.dml,,,,,,,,,,NR SA,,,,,,,,,,,,,,,,,,,,,,On,Connected,-50.000000,2412,77,,,,IWLAN
173,1,,,-121.9314830,47.5244923,2026-01-26 20:38:20.000,_20260126_123527_CH01_TMO_5GNR_WFC_DUT_TC-164-R3.dml,,,,,,,,,,NR SA,,,,,,,,,,,,,,,,,,,594,,,On,Connected,-50.000000,2412,77,,,,IWLAN
174,1,,,-121.9314830,47.5244923,2026-01-26 20:38:21.000,_20260126_123527_CH01_TMO_5GNR_WFC_DUT_TC-164-R3.dml,,,,,,,,,,NR SA,,,,,,,,,,,,,,,,,,,,,,On,Connected,-51.000000,2412,34,,,,IWLAN
175,1,,,-121.9314830,47.5244923,2026-01-26 20:38:22.000,_20260126_123527_CH01_TMO_5GNR_WFC_DUT_TC-164-R3.dml,,,,,,,,,,NR SA,,,,,,,,,,,,,,,,,,,,,,On,Connected,-51.000000,2412,34,,,,IWLAN
176,1,,,-121.9314830,47.5244923,2026-01-26 20:38:23.000,_20260126_123527_CH01_TMO_5GNR_WFC_DUT_TC-164-R3.dml,,,,,,,,,,NR SA,,,,,,,,,,,,,,,,,,,594,,,On,Connected,-51.000000,2412,34,,,,IWLAN
177,1,,,-121.9314830,47.5244923,2026-01-26 20:38:24.000,_20260126_123527_CH01_TMO_5GNR_WFC_DUT_TC-164-R3.dml,,,,,,,,,,NR SA,,,,,,,,,,,,,,,,,,,,,,On,Connected,-48.000000,2412,77,,,,IWLAN
178,1,,,-121.9314830,47.5244923,2026-01-26 20:38:25.000,_20260126_123527_CH01_TMO_5GNR_WFC_DUT_TC-164-R3.dml,,,,,,,,,,NR SA,,,,,,,,,,,,,,,,,,,594,,,On,Connected,-48.000000,2412,77,,,,IWLAN
179,1,,,-121.9314830,47.5244923,2026-01-26 20:38:26.000,_20260126_123527_CH01_TMO_5GNR_WFC_DUT_TC-164-R3.dml,,,,,,,,,,NR SA,,,,,,,,,,,,,,,,,,,,,,On,Connected,-48.000000,2412,77,,,,IWLAN
180,1,,,-121.9314830,47.5244923,2026-01-26 20:38:27.000,_20260126_123527_CH01_TMO_5GNR_WFC_DUT_TC-164-R3.dml,,,,,,,,,,NR SA,,,,,,,,,,,,,,,,,,,,,,On,Connected,-48.000000,2412,51,,,,IWLAN
181,1,,,-121.9314830,47.5244923,2026-01-26 20:38:28.000,_20260126_123527_CH01_TMO_5GNR_WFC_DUT_TC-164-R3.dml,,,,,,,,,,NR SA,,,,,,,,,,,,,,,,,,,594,,,On,Connected,-48.000000,2412,51,,,,IWLAN
182,1,,,-121.9314830,47.5244923,2026-01-26 20:38:29.000,_20260126_123527_CH01_TMO_5GNR_WFC_DUT_TC-164-R3.dml,,,,,,,,,,NR SA,,,,,,,,,,,,,,,,,,,,,,On,Connected,-48.000000,2412,51,,,,IWLAN
183,1,,,-121.9314830,47.5244923,2026-01-26 20:38:30.000,_20260126_123527_CH01_TMO_5GNR_WFC_DUT_TC-164-R3.dml,,,,,,,,,,NR SA,,,,,,,,,,,,,,,,,,,594,,,On,Connected,-60.000000,2412,51,,,,IWLAN
184,1,,,-121.9314830,47.5244923,2026-01-26 20:38:31.000,_20260126_123527_CH01_TMO_5GNR_WFC_DUT_TC-164-R3.dml,,,,,,,,,,NR SA,,,,,,,,,,,,,,,,,,,594,,,On,Connected,-60.000000,2412,51,,,,IWLAN
185,1,,,-121.9314830,47.5244923,2026-01-26 20:38:32.000,_20260126_123527_CH01_TMO_5GNR_WFC_DUT_TC-164-R3.dml,,,,,,,,,,NR SA,,,,,,,,,,,,,,,,,,,,,,On,Connected,-60.000000,2412,51,,,,IWLAN
186,1,,,-121.9314830,47.5244923,2026-01-26 20:38:33.000,_20260126_123527_CH01_TMO_5GNR_WFC_DUT_TC-164-R3.dml,,,,,,,,,,NR SA,,,,,,,,,,,,,,,,,,,594,,,On,Connected,-49.000000,2412,68,,,,IWLAN
187,1,,,-121.9314830,47.5244923,2026-01-26 20:38:34.000,_20260126_123527_CH01_TMO_5GNR_WFC_DUT_TC-164-R3.dml,,,,,,,,,,NR SA,,,,,,,,,,,,,,,,,,,,,,On,Connected,-49.000000,2412,68,,,,IWLAN
188,1,,,-121.9314830,47.5244923,2026-01-26 20:38:35.000,_20260126_123527_CH01_TMO_5GNR_WFC_DUT_TC-164-R3.dml,,,,,,,,,,NR SA,,,,,,,,,,,,,,,,,,,594,,,On,Connected,-49.000000,2412,68,,,,IWLAN
189,1,,,-121.9314830,47.5244923,2026-01-26 20:38:36.000,_20260126_123527_CH01_TMO_5GNR_WFC_DUT_TC-164-R3.dml,,,,,,,,,,NR SA,,,,,,,,,,,,,,,,,,,,,,On,Connected,-44.000000,2412,68,,,,IWLAN
190,1,,,-121.9314830,47.5244923,2026-01-26 20:38:37.000,_20260126_123527_CH01_TMO_5GNR_WFC_DUT_TC-164-R3.dml,,,,,,,,,,NR SA,,,,,,,,,,,,,,,,,,,,,,On,Connected,-44.000000,2412,68,,,,IWLAN
191,1,,,-121.9314830,47.5244923,2026-01-26 20:38:38.000,_20260126_123527_CH01_TMO_5GNR_WFC_DUT_TC-164-R3.dml,,,,,,,,,,NR SA,,,,,,,,,,,,,,,,,,,594,,,On,Connected,-44.000000,2412,68,,,,IWLAN
192,1,,,-121.9314830,47.5244923,2026-01-26 20:38:39.000,_20260126_123527_CH01_TMO_5GNR_WFC_DUT_TC-164-R3.dml,,,,,,,,,,NR SA,,,,,,,,,,,,,,,,,,,,,,On,Connected,-44.000000,2412,68,,,,IWLAN
193,1,,,-121.9314830,47.5244923,2026-01-26 20:38:40.000,_20260126_123527_CH01_TMO_5GNR_WFC_DUT_TC-164-R3.dml,,,,,,,,,,NR SA,,,,,,,,,,,,,,,,,,,594,,,On,Connected,-44.000000,2412,68,,,,IWLAN
194,1,,,-121.9314830,47.5244923,2026-01-26 20:38:41.000,_20260126_123527_CH01_TMO_5GNR_WFC_DUT_TC-164-R3.dml,,,,,,,,,,NR SA,,,,,,,,,,,,,,,,,,,,,,On,Connected,-44.000000,2412,68,,,,IWLAN
195,1,,,-121.9314830,47.5244923,2026-01-26 20:38:42.000,_20260126_123527_CH01_TMO_5GNR_WFC_DUT_TC-164-R3.dml,,,,,,,,,,NR SA,,,,,,,,,,,,,,,,,,,594,,,On,Connected,-49.000000,2412,68,,,,IWLAN
196,1,,,-121.9314830,47.5244923,2026-01-26 20:38:43.000,_20260126_123527_CH01_TMO_5GNR_WFC_DUT_TC-164-R3.dml,,,,,,,,,,NR SA,,,,,,,,,,,,,,,,,,,,,,On,Connected,-49.000000,2412,68,,,,IWLAN
197,1,,,-121.9314830,47.5244923,2026-01-26 20:38:44.000,_20260126_123527_CH01_TMO_5GNR_WFC_DUT_TC-164-R3.dml,,,,,,,,,,NR SA,,,,,,,,,,,,,,,,,,,594,,,On,Connected,-49.000000,2412,68,,,,IWLAN
198,1,,,-121.9314830,47.5244923,2026-01-26 20:38:45.000,_20260126_123527_CH01_TMO_5GNR_WFC_DUT_TC-164-R3.dml,,,,,,,,,,NR SA,,,,,,,,,,,,,,,,,,,,,,On,Connected,-48.000000,2412,68,,,,IWLAN
199,1,,,-121.9314830,47.5244923,2026-01-26 20:38:46.000,_20260126_123527_CH01_TMO_5GNR_WFC_DUT_TC-164-R3.dml,,,,,,,,,,NR SA,,,,,,,,,,,,,,,,,,,,,,On,Connected,-48.000000,2412,68,,,,IWLAN
200,1,,,-121.9314830,47.5244923,2026-01-26 20:38:47.000,_20260126_123527_CH01_TMO_5GNR_WFC_DUT_TC-164-R3.dml,,,,,,,,,,NR SA,,,,,,,,,,,,,,,,,,,594,,,On,Connected,-48.000000,2412,68,,,,IWLAN
201,1,,,-121.9314830,47.5244923,2026-01-26 20:38:48.000,_20260126_123527_CH01_TMO_5GNR_WFC_DUT_TC-164-R3.dml,,,,,,,,,,NR SA,,,,,,,,,,,,,,,,,,,594,,,On,Connected,-43.000000,2412,103,,,,IWLAN
202,1,,,-121.9314830,47.5244923,2026-01-26 20:38:49.000,_20260126_123527_CH01_TMO_5GNR_WFC_DUT_TC-164-R3.dml,,,,,,,,,,NR SA,,,,,,,,,,,,,,,,,,,594,,,On,Connected,-43.000000,2412,103,,,,IWLAN
203,1,,,-121.9314830,47.5244923,2026-01-26 20:38:50.000,_20260126_123527_CH01_TMO_5GNR_WFC_DUT_TC-164-R3.dml,,,,,,,,,,NR SA,,,,,,,,,,,,,,,,,,,,,,On,Connected,-43.000000,2412,103,,,,IWLAN
204,1,,,-121.9314830,47.5244923,2026-01-26 20:38:51.000,_20260126_123527_CH01_TMO_5GNR_WFC_DUT_TC-164-R3.dml,,,,,,,,,,NR SA,,,,,,,,,,,,,,,,,,,,,,On,Connected,-43.000000,2412,86,,,,IWLAN
205,1,,,-121.9314830,47.5244923,2026-01-26 20:38:52.000,_20260126_123527_CH01_TMO_5GNR_WFC_DUT_TC-164-R3.dml,,,,,,,,,,NR SA,,,,,,,,,,,,,,,,,,,594,,,On,Connected,-43.000000,2412,86,,,,IWLAN
206,1,,,-121.9314830,47.5244923,2026-01-26 20:38:53.000,_20260126_123527_CH01_TMO_5GNR_WFC_DUT_TC-164-R3.dml,,,,,,,,,,NR SA,,,,,,,,,,,,,,,,,,,594,,,On,Connected,-43.000000,2412,86,,,,IWLAN
207,1,,,-121.9314830,47.5244923,2026-01-26 20:38:54.000,_20260126_123527_CH01_TMO_5GNR_WFC_DUT_TC-164-R3.dml,,,,,,,,,,NR SA,,,,,,,,,,,,,,,,,,,,,,On,Connected,-46.000000,2412,68,,,,IWLAN
208,1,,,-121.9314830,47.5244923,2026-01-26 20:38:55.000,_20260126_123527_CH01_TMO_5GNR_WFC_DUT_TC-164-R3.dml,,,,,,,,,,NR SA,,,,,,,,,,,,,,,,,,,,,,On,Connected,-46.000000,2412,68,,,,IWLAN
209,1,,,-121.9314830,47.5244923,2026-01-26 20:38:56.000,_20260126_123527_CH01_TMO_5GNR_WFC_DUT_TC-164-R3.dml,,,,,,,,,,NR SA,,,,,,,,,,,,,,,,,,,594,,,On,Connected,-46.000000,2412,68,,,,IWLAN
210,1,,,-121.9314830,47.5244923,2026-01-26 20:38:57.000,_20260126_123527_CH01_TMO_5GNR_WFC_DUT_TC-164-R3.dml,,,,,,,,,,NR SA,,,,,,,,,,,,,,,,,,,594,,,On,Connected,-51.000000,2412,51,,,,IWLAN
211,1,,,-121.9314830,47.5244923,2026-01-26 20:38:58.000,_20260126_123527_CH01_TMO_5GNR_WFC_DUT_TC-164-R3.dml,,,,,,,,,,NR SA,,,,,,,,,,,,,,,,,,,,,,On,Connected,-51.000000,2412,51,,,,IWLAN
212,1,,,-121.9314830,47.5244923,2026-01-26 20:38:59.000,_20260126_123527_CH01_TMO_5GNR_WFC_DUT_TC-164-R3.dml,,,,,,,,,,NR SA,,,,,,,,,,,,,,,,,,,,,,On,Connected,-51.000000,2412,51,,,,IWLAN
213,1,,,-121.9314830,47.5244923,2026-01-26 20:39:00.000,_20260126_123527_CH01_TMO_5GNR_WFC_DUT_TC-164-R3.dml,,,,,,,,,,NR SA,,,,,,,,,,,,,,,,,,,594,,,On,Connected,-46.000000,2412,68,,,,IWLAN
214,1,,,-121.9314830,47.5244923,2026-01-26 20:39:01.000,_20260126_123527_CH01_TMO_5GNR_WFC_DUT_TC-164-R3.dml,,,,,,,,,,NR SA,,,,,,,,,,,,,,,,,,,,,,On,Connected,-46.000000,2412,68,,,,IWLAN
215,1,,,-121.9314830,47.5244923,2026-01-26 20:39:02.000,_20260126_123527_CH01_TMO_5GNR_WFC_DUT_TC-164-R3.dml,,,,,,,,,,NR SA,,,,,,,,,,,,,,,,,,,594,,,On,Connected,-46.000000,2412,68,,,,IWLAN
216,1,,,-121.9314830,47.5244923,2026-01-26 20:39:03.000,_20260126_123527_CH01_TMO_5GNR_WFC_DUT_TC-164-R3.dml,,,,,,,,,,NR SA,,,,,,,,,,,,,,,,,,,,,,On,Connected,-44.000000,2412,77,,,,IWLAN
217,1,,,-121.9314830,47.5244923,2026-01-26 20:39:04.000,_20260126_123527_CH01_TMO_5GNR_WFC_DUT_TC-164-R3.dml,,,,,,,,,,NR SA,,,,,,,,,,,,,,,,,,,594,,,On,Connected,-44.000000,2412,77,,,,IWLAN
218,1,,,-121.9314830,47.5244923,2026-01-26 20:39:05.000,_20260126_123527_CH01_TMO_5GNR_WFC_DUT_TC-164-R3.dml,,,,,,,,,,NR SA,,,,,,,,,,,,,,,,,,,594,,,On,Connected,-44.000000,2412,77,,,,IWLAN
219,1,,,-121.9314830,47.5244923,2026-01-26 20:39:06.000,_20260126_123527_CH01_TMO_5GNR_WFC_DUT_TC-164-R3.dml,,,,,,,,,,NR SA,,,,,,,,,,,,,,,,,,,,,,On,Connected,-49.000000,2412,68,,,,IWLAN
220,1,,,-121.9314830,47.5244923,2026-01-26 20:39:07.000,_20260126_123527_CH01_TMO_5GNR_WFC_DUT_TC-164-R3.dml,,,,,,,,,,NR SA,,,,,,,,,,,,,,,,,,,594,,,On,Connected,-49.000000,2412,68,,,,IWLAN
221,1,,,-121.9314830,47.5244923,2026-01-26 20:39:08.000,_20260126_123527_CH01_TMO_5GNR_WFC_DUT_TC-164-R3.dml,,,,,,,,,,NR SA,,,,,,,,,,,,,,,,,,,,,,On,Connected,-49.000000,2412,68,,,,IWLAN
222,1,,,-121.9314830,47.5244923,2026-01-26 20:39:09.000,_20260126_123527_CH01_TMO_5GNR_WFC_DUT_TC-164-R3.dml,,,,,,,,,,NR SA,,,,,,,,,,,,,,,,,,,,,,On,Connected,-50.000000,2412,68,,,,IWLAN
223,1,,,-121.9314830,47.5244923,2026-01-26 20:39:10.000,_20260126_123527_CH01_TMO_5GNR_WFC_DUT_TC-164-R3.dml,,,,,,,,,,NR SA,,,,,,,,,,,,,,,,,,,594,,,On,Connected,-50.000000,2412,68,,,,IWLAN
224,1,,,-121.9314830,47.5244923,2026-01-26 20:39:11.000,_20260126_123527_CH01_TMO_5GNR_WFC_DUT_TC-164-R3.dml,,,,,,,,,,NR SA,,,,,,,,,,,,,,,,,,,,,,On,Connected,-50.000000,2412,68,,,,IWLAN
225,1,,,-121.9314830,47.5244923,2026-01-26 20:39:12.000,_20260126_123527_CH01_TMO_5GNR_WFC_DUT_TC-164-R3.dml,,,,,,,,,,NR SA,,,,,,,,,,,,,,,,,,,594,,,On,Connected,-48.000000,2412,51,,,,IWLAN
226,1,,,-121.9314830,47.5244923,2026-01-26 20:39:13.000,_20260126_123527_CH01_TMO_5GNR_WFC_DUT_TC-164-R3.dml,,,,,,,,,,NR SA,,,,,,,,,,,,,,,,,,,,,,On,Connected,-48.000000,2412,51,,,,IWLAN
227,1,,,-121.9314830,47.5244923,2026-01-26 20:39:14.000,_20260126_123527_CH01_TMO_5GNR_WFC_DUT_TC-164-R3.dml,,,,,,,,,,NR SA,,,,,,,,,,,,,,,,,,,,,,On,Connected,-48.000000,2412,51,,,,IWLAN
228,1,,,-121.9314830,47.5244923,2026-01-26 20:39:15.000,_20260126_123527_CH01_TMO_5GNR_WFC_DUT_TC-164-R3.dml,,,,,,,,,,NR SA,,,,,,,,,,,,,,,,,,,594,,,On,Connected,-47.000000,2412,77,,,,IWLAN
229,1,,,-121.9314830,47.5244923,2026-01-26 20:39:16.000,_20260126_123527_CH01_TMO_5GNR_WFC_DUT_TC-164-R3.dml,,,,,,,,,,NR SA,,,,,,,,,,,,,,,,,,,,,,On,Connected,-47.000000,2412,77,,,,IWLAN
230,1,,,-121.9314830,47.5244923,2026-01-26 20:39:17.000,_20260126_123527_CH01_TMO_5GNR_WFC_DUT_TC-164-R3.dml,,,,,,,,,,NR SA,,,,,,,,,,,,,,,,,,,,,,On,Connected,-47.000000,2412,77,,,,IWLAN
231,1,,,-121.9314830,47.5244923,2026-01-26 20:39:18.000,_20260126_123527_CH01_TMO_5GNR_WFC_DUT_TC-164-R3.dml,,,,,,,,,,NR SA,,,,,,,,,,,,,,,,,,,594,,,On,Connected,-50.000000,2412,68,,,,IWLAN
232,1,,,-121.9314830,47.5244923,2026-01-26 20:39:19.000,_20260126_123527_CH01_TMO_5GNR_WFC_DUT_TC-164-R3.dml,,,,,,,,,,NR SA,,,,,,,,,,,,,,,,,,,594,,,On,Connected,-50.000000,2412,68,,,,IWLAN
233,1,,,-121.9314830,47.5244923,2026-01-26 20:39:20.000,_20260126_123527_CH01_TMO_5GNR_WFC_DUT_TC-164-R3.dml,,,,,,,,,,NR SA,,,,,,,,,,,,,,,,,,,,,,On,Connected,-50.000000,2412,68,,,,IWLAN
234,1,,,-121.9314830,47.5244923,2026-01-26 20:39:21.000,_20260126_123527_CH01_TMO_5GNR_WFC_DUT_TC-164-R3.dml,,,,,,,,,,NR SA,,,,,,,,,,,,,,,,,,,594,,,On,Connected,-46.000000,2412,68,,,,IWLAN
235,1,,,-121.9314830,47.5244923,2026-01-26 20:39:22.000,_20260126_123527_CH01_TMO_5GNR_WFC_DUT_TC-164-R3.dml,,,,,,,,,,NR SA,,,,,,,,,,,,,,,,,,,,,,On,Connected,-46.000000,2412,68,,,,IWLAN
236,1,,,-121.9314830,47.5244923,2026-01-26 20:39:23.000,_20260126_123527_CH01_TMO_5GNR_WFC_DUT_TC-164-R3.dml,,,,,,,,,,NR SA,,,,,,,,,,,,,,,,,,,,,,On,Connected,-46.000000,2412,68,,,,IWLAN
237,1,,,-121.9314830,47.5244923,2026-01-26 20:39:24.000,_20260126_123527_CH01_TMO_5GNR_WFC_DUT_TC-164-R3.dml,,,,,,,,,,NR SA,,,,,,,,,,,,,,,,,,,594,,,,Connected,,,,,,,IWLAN
238,1,,,-121.9314830,47.5244923,2026-01-26 20:39:25.000,_20260126_123527_CH01_TMO_5GNR_WFC_DUT_TC-164-R3.dml,,,,,,,,,,NR SA,,,,,,,,,,,,,,,,,,,594,,,On,Connected,-44.000000,2412,77,,,,IWLAN
239,1,,,-121.9314830,47.5244923,2026-01-26 20:39:26.000,_20260126_123527_CH01_TMO_5GNR_WFC_DUT_TC-164-R3.dml,,,,,,,,,,NR SA,,,,,,,,,,,,,,,,,,,,,,,Connected,,,,,,,IWLAN
240,1,,,-121.9314830,47.5244923,2026-01-26 20:39:27.000,_20260126_123527_CH01_TMO_5GNR_WFC_DUT_TC-164-R3.dml,,,,,,,,,,NR SA,,,,,,,,,,,,,,,,,,,594,,,On,Connected,-45.000000,2412,77,,,,IWLAN
241,1,,,-121.9314830,47.5244923,2026-01-26 20:39:28.000,_20260126_123527_CH01_TMO_5GNR_WFC_DUT_TC-164-R3.dml,,,,,,,,,,NR SA,,,,,,,,,,,,,,,,,,,,,,On,Connected,-46.000000,2412,77,,,,IWLAN
242,1,,,-121.9314830,47.5244923,2026-01-26 20:39:29.000,_20260126_123527_CH01_TMO_5GNR_WFC_DUT_TC-164-R3.dml,,,,,,,,,,NR SA,,,,,,,,,,,,,,,,,,,,,,On,Connected,-46.000000,2412,77,,,,IWLAN
243,1,,,-121.9314830,47.5244923,2026-01-26 20:39:30.000,_20260126_123527_CH01_TMO_5GNR_WFC_DUT_TC-164-R3.dml,,,,,,,,,,NR SA,,,,,,,,,,,,,,,,,,,594,,,On,Connected,-48.000000,2412,68,,,,IWLAN
244,1,,,-121.9314830,47.5244923,2026-01-26 20:39:31.000,_20260126_123527_CH01_TMO_5GNR_WFC_DUT_TC-164-R3.dml,,,,,,,,,,NR SA,,,,,,,,,,,,,,,,,,,,,,On,Connected,-48.000000,2412,68,,,,IWLAN
245,1,,,-121.9314830,47.5244923,2026-01-26 20:39:32.000,_20260126_123527_CH01_TMO_5GNR_WFC_DUT_TC-164-R3.dml,,,,,,,,,,NR SA,,,,,,,,,,,,,,,,,,,,,,On,Connected,-48.000000,2412,68,,,,IWLAN
246,1,,,-121.9314830,47.5244923,2026-01-26 20:39:33.000,_20260126_123527_CH01_TMO_5GNR_WFC_DUT_TC-164-R3.dml,,,,,,,,,,NR SA,,,,,,,,,,,,,,,,,,,594,,,On,Connected,-51.000000,2412,51,,,,IWLAN
247,1,,,-121.9314830,47.5244923,2026-01-26 20:39:34.000,_20260126_123527_CH01_TMO_5GNR_WFC_DUT_TC-164-R3.dml,,,,,,,,,,NR SA,,,,,,,,,,,,,,,,,,,,,,On,Connected,-51.000000,2412,51,,,,IWLAN
248,1,,,-121.9314830,47.5244923,2026-01-26 20:39:35.000,_20260126_123527_CH01_TMO_5GNR_WFC_DUT_TC-164-R3.dml,,,,,,,,,,NR SA,,,,,,,,,,,,,,,,,,,594,,,On,Connected,-51.000000,2412,51,,,,IWLAN
249,1,,,-121.9314830,47.5244923,2026-01-26 20:39:36.000,_20260126_123527_CH01_TMO_5GNR_WFC_DUT_TC-164-R3.dml,,,,,,,,,,NR SA,,,,,,,,,,,,,,,,,,,,,,On,Connected,-46.000000,2412,68,,,,IWLAN
250,1,,,-121.9314830,47.5244923,2026-01-26 20:39:37.000,_20260126_123527_CH01_TMO_5GNR_WFC_DUT_TC-164-R3.dml,,,,,,,,,,NR SA,,,,,,,,,,,,,,,,,,,,,,On,Connected,-46.000000,2412,68,,,,IWLAN
251,1,,,-121.9314830,47.5244923,2026-01-26 20:39:38.000,_20260126_123527_CH01_TMO_5GNR_WFC_DUT_TC-164-R3.dml,,,,,,,,,,NR SA,,,,,,,,,,,,,,,,,,,594,,,,Connected,,,,,,,IWLAN
252,1,,,-121.9314830,47.5244923,2026-01-26 20:39:39.000,_20260126_123527_CH01_TMO_5GNR_WFC_DUT_TC-164-R3.dml,,,,,,,,,,NR SA,,,,,,,,,,,,,,,,,,,,,,On,Connected,-46.500000,2412,77,,,,IWLAN
253,1,,,-121.9314830,47.5244923,2026-01-26 20:39:40.000,_20260126_123527_CH01_TMO_5GNR_WFC_DUT_TC-164-R3.dml,,,,,,,,,,NR SA,,,,,,,,,,,,,,,,,,,,,,,Connected,,,,,,,IWLAN
254,1,,,-121.9314830,47.5244923,2026-01-26 20:39:41.000,_20260126_123527_CH01_TMO_5GNR_WFC_DUT_TC-164-R3.dml,,,,,,,,,,NR SA,,,,,,,,,,,,,,,,,,,594,,,On,Connected,-47.000000,2412,77,,,,IWLAN
255,1,,,-121.9314830,47.5244923,2026-01-26 20:39:42.000,_20260126_123527_CH01_TMO_5GNR_WFC_DUT_TC-164-R3.dml,,,,,,,,,,NR SA,,,,,,,,,,,,,,,,,,,,,,On,Connected,-48.000000,2412,77,,,,IWLAN
256,1,,,-121.9314830,47.5244923,2026-01-26 20:39:43.000,_20260126_123527_CH01_TMO_5GNR_WFC_DUT_TC-164-R3.dml,,,,,,,,,,NR SA,,,,,,,,,,,,,,,,,,,594,,,On,Connected,-48.000000,2412,77,,,,IWLAN
257,1,,,-121.9314830,47.5244923,2026-01-26 20:39:44.000,_20260126_123527_CH01_TMO_5GNR_WFC_DUT_TC-164-R3.dml,,,,,,,,,,NR SA,,,,,,,,,,,,,,,,,,,,,,On,Connected,-48.000000,2412,77,,,,IWLAN
258,1,,,-121.9314830,47.5244923,2026-01-26 20:39:45.000,_20260126_123527_CH01_TMO_5GNR_WFC_DUT_TC-164-R3.dml,,,,,,,,,,NR SA,,,,,,,,,,,,,,,,,,,,,,,Connected,,,,,,,IWLAN
259,1,,,-121.9314830,47.5244923,2026-01-26 20:39:46.000,_20260126_123527_CH01_TMO_5GNR_WFC_DUT_TC-164-R3.dml,,,,,,,,,,NR SA,,,,,,,,,,,,,,,,,,,594,,,On,Connected,-49.000000,2412,86,,,,IWLAN
260,1,,,-121.9314830,47.5244923,2026-01-26 20:39:47.000,_20260126_123527_CH01_TMO_5GNR_WFC_DUT_TC-164-R3.dml,,,,,,,,,,NR SA,,,,,,,,,,,,,,,,,,,594,,,On,Connected,-49.000000,2412,86,,,,IWLAN
261,1,,,-121.9314830,47.5244923,2026-01-26 20:39:48.000,_20260126_123527_CH01_TMO_5GNR_WFC_DUT_TC-164-R3.dml,,,,,,,,,,NR SA,,,,,,,,,,,,,,,,,,,,,,On,Connected,-49.000000,2412,86,,,,IWLAN
262,1,,,-121.9314830,47.5244923,2026-01-26 20:39:49.000,_20260126_123527_CH01_TMO_5GNR_WFC_DUT_TC-164-R3.dml,,,,,,,,,,NR SA,,,,,,,,,,,,,,,,,,,594,,,On,Connected,-48.000000,2412,103,,,,IWLAN
263,1,,,-121.9314830,47.5244923,2026-01-26 20:39:50.000,_20260126_123527_CH01_TMO_5GNR_WFC_DUT_TC-164-R3.dml,,,,,,,,,,NR SA,,,,,,,,,,,,,,,,,,,,,,On,Connected,-48.000000,2412,103,,,,IWLAN
264,1,,,-121.9314830,47.5244923,2026-01-26 20:39:51.000,_20260126_123527_CH01_TMO_5GNR_WFC_DUT_TC-164-R3.dml,,,,,,,,,,NR SA,,,,,,,,,,,,,,,,,,,,,,On,Connected,-46.500000,2412,103,,,,IWLAN
265,1,,,-121.9314830,47.5244923,2026-01-26 20:39:52.000,_20260126_123527_CH01_TMO_5GNR_WFC_DUT_TC-164-R3.dml,,,,,,,,,,NR SA,,,,,,,,,,,,,,,,,,,594,,,,Connected,,,,,,,IWLAN
266,1,,,-121.9314830,47.5244923,2026-01-26 20:39:53.000,_20260126_123527_CH01_TMO_5GNR_WFC_DUT_TC-164-R3.dml,,,,,,,,,,NR SA,,,,,,,,,,,,,,,,,,,,,,On,Connected,-45.000000,2412,103,,,,IWLAN
267,1,,,-121.9314830,47.5244923,2026-01-26 20:39:54.000,_20260126_123527_CH01_TMO_5GNR_WFC_DUT_TC-164-R3.dml,,,,,,,,,,NR SA,,,,,,,,,,,,,,,,,,,,,,On,Connected,-45.000000,2412,103,,,,IWLAN
268,1,,,-121.9314830,47.5244923,2026-01-26 20:39:55.000,_20260126_123527_CH01_TMO_5GNR_WFC_DUT_TC-164-R3.dml,,,,,,,,,,NR SA,,,,,,,,,,,,,,,,,,,594,,,On,Connected,-46.000000,2412,86,,,,IWLAN
269,1,,,-121.9314830,47.5244923,2026-01-26 20:39:56.000,_20260126_123527_CH01_TMO_5GNR_WFC_DUT_TC-164-R3.dml,,,,,,,,,,NR SA,,,,,,,,,,,,,,,,,,,594,,,On,Connected,-46.000000,2412,86,,,,IWLAN
270,1,,,-121.9314830,47.5244923,2026-01-26 20:39:57.000,_20260126_123527_CH01_TMO_5GNR_WFC_DUT_TC-164-R3.dml,,,,,,,,,,NR SA,,,,,,,,,,,,,,,,,,,,,,On,Connected,-46.000000,2412,86,,,,IWLAN
271,1,,,-121.9314830,47.5244923,2026-01-26 20:39:58.000,_20260126_123527_CH01_TMO_5GNR_WFC_DUT_TC-164-R3.dml,,,,,,,,,,NR SA,,,,,,,,,,,,,,,,,,,594,,,On,Connected,-44.000000,2412,86,,,,IWLAN
272,1,,,-121.9314830,47.5244923,2026-01-26 20:39:59.000,_20260126_123527_CH01_TMO_5GNR_WFC_DUT_TC-164-R3.dml,,,,,,,,,,NR SA,,,,,,,,,,,,,,,,,,,,,,On,Connected,-44.000000,2412,86,,,,IWLAN
273,1,,,-121.9314830,47.5244923,2026-01-26 20:40:00.000,_20260126_123527_CH01_TMO_5GNR_WFC_DUT_TC-164-R3.dml,,,,,,,,,,NR SA,,,,,,,,,,,,,,,,,,,,,,On,Connected,-45.500000,2412,103,,,,IWLAN
274,1,,,-121.9314830,47.5244923,2026-01-26 20:40:01.000,_20260126_123527_CH01_TMO_5GNR_WFC_DUT_TC-164-R3.dml,,,,,,,,,,NR SA,,,,,,,,,,,,,,,,,,,594,,,,Connected,,,,,,,IWLAN
275,1,,,-121.9314830,47.5244923,2026-01-26 20:40:02.000,_20260126_123527_CH01_TMO_5GNR_WFC_DUT_TC-164-R3.dml,,,,,,,,,,NR SA,,,,,,,,,,,,,,,,,,,,,,On,Connected,-47.000000,2412,103,,,,IWLAN
276,1,,,-121.9314830,47.5244923,2026-01-26 20:40:03.000,_20260126_123527_CH01_TMO_5GNR_WFC_DUT_TC-164-R3.dml,,,,,,,,,,NR SA,,,,,,,,,,,,,,,,,,,,,,On,Connected,-47.000000,2412,103,,,,IWLAN
277,1,,,-121.9314830,47.5244923,2026-01-26 20:40:04.000,_20260126_123527_CH01_TMO_5GNR_WFC_DUT_TC-164-R3.dml,,,,,,,,,,NR SA,,,,,,,,,,,,,,,,,,,594,,,On,Connected,-52.000000,2412,68,,,,IWLAN
278,1,,,-121.9314830,47.5244923,2026-01-26 20:40:05.000,_20260126_123527_CH01_TMO_5GNR_WFC_DUT_TC-164-R3.dml,,,,,,,,,,NR SA,,,,,,,,,,,,,,,,,,,,,,On,Connected,-52.000000,2412,68,,,,IWLAN
279,1,,,-121.9314830,47.5244923,2026-01-26 20:40:06.000,_20260126_123527_CH01_TMO_5GNR_WFC_DUT_TC-164-R3.dml,,,,,,,,,,NR SA,,,,,,,,,,,,,,,,,,,594,,,On,Connected,-52.000000,2412,68,,,,IWLAN
280,1,,,-121.9314830,47.5244923,2026-01-26 20:40:07.000,_20260126_123527_CH01_TMO_5GNR_WFC_DUT_TC-164-R3.dml,,,,,,,,,,NR SA,,,,,,,,,,,,,,,,,,,,,,On,Connected,-48.000000,2412,86,,,,IWLAN
281,1,,,-121.9314830,47.5244923,2026-01-26 20:40:08.000,_20260126_123527_CH01_TMO_5GNR_WFC_DUT_TC-164-R3.dml,,,,,,,,,,NR SA,,,,,,,,,,,,,,,,,,,,,,On,Connected,-48.000000,2412,86,,,,IWLAN
282,1,,,-121.9314830,47.5244923,2026-01-26 20:40:09.000,_20260126_123527_CH01_TMO_5GNR_WFC_DUT_TC-164-R3.dml,,,,,,,,,,NR SA,,,,,,,,,,,,,,,,,,,594,,,On,Connected,-48.000000,2412,86,,,,IWLAN
283,1,,,-121.9314830,47.5244923,2026-01-26 20:40:10.000,_20260126_123527_CH01_TMO_5GNR_WFC_DUT_TC-164-R3.dml,,,,,,,,,,NR SA,,,,,,,,,,,,,,,,,,,,,,On,Connected,-45.000000,2412,68,,,,IWLAN
284,1,,,-121.9314830,47.5244923,2026-01-26 20:40:11.000,_20260126_123527_CH01_TMO_5GNR_WFC_DUT_TC-164-R3.dml,,,,,,,,,,NR SA,,,,,,,,,,,,,,,,,,,594,,,On,Connected,-45.000000,2412,68,,,,IWLAN
285,1,,,-121.9314830,47.5244923,2026-01-26 20:40:12.000,_20260126_123527_CH01_TMO_5GNR_WFC_DUT_TC-164-R3.dml,,,,,,,,,,NR SA,,,,,,,,,,,,,,,,,,,,,,On,Connected,-45.000000,2412,68,,,,IWLAN
286,1,,,-121.9314830,47.5244923,2026-01-26 20:40:13.000,_20260126_123527_CH01_TMO_5GNR_WFC_DUT_TC-164-R3.dml,,,,,,,,,,NR SA,,,,,,,,,,,,,,,,,,,,,,On,Connected,-49.000000,2412,77,,,,IWLAN
287,1,,,-121.9314830,47.5244923,2026-01-26 20:40:14.000,_20260126_123527_CH01_TMO_5GNR_WFC_DUT_TC-164-R3.dml,,,,,,,,,,NR SA,,,,,,,,,,,,,,,,,,,594,,,On,Connected,-49.000000,2412,77,,,,IWLAN
288,1,,,-121.9314830,47.5244923,2026-01-26 20:40:15.000,_20260126_123527_CH01_TMO_5GNR_WFC_DUT_TC-164-R3.dml,,,,,,,,,,NR SA,,,,,,,,,,,,,,,,,,,,,,On,Connected,-49.000000,2412,77,,,,IWLAN
289,1,,,-121.9314830,47.5244923,2026-01-26 20:40:16.000,_20260126_123527_CH01_TMO_5GNR_WFC_DUT_TC-164-R3.dml,,,,,,,,,,NR SA,,,,,,,,,,,,,,,,,,,594,,,On,Connected,-50.000000,2412,68,,,,IWLAN
290,1,,,-121.9314830,47.5244923,2026-01-26 20:40:17.000,_20260126_123527_CH01_TMO_5GNR_WFC_DUT_TC-164-R3.dml,,,,,,,,,,NR SA,,,,,,,,,,,,,,,,,,,,,,On,Connected,-50.000000,2412,68,,,,IWLAN
291,1,,,-121.9314830,47.5244923,2026-01-26 20:40:18.000,_20260126_123527_CH01_TMO_5GNR_WFC_DUT_TC-164-R3.dml,,,,,,,,,,NR SA,,,,,,,,,,,,,,,,,,,,,,On,Connected,-50.000000,2412,68,,,,IWLAN
292,1,,,-121.9314830,47.5244923,2026-01-26 20:40:19.000,_20260126_123527_CH01_TMO_5GNR_WFC_DUT_TC-164-R3.dml,,,,,,,,,,NR SA,,,,,,,,,,,,,,,,,,,594,,,On,Connected,-48.000000,2412,86,,,,IWLAN
293,1,,,-121.9314830,47.5244923,2026-01-26 20:40:20.000,_20260126_123527_CH01_TMO_5GNR_WFC_DUT_TC-164-R3.dml,,,,,,,,,,NR SA,,,,,,,,,,,,,,,,,,,594,,,On,Connected,-48.000000,2412,86,,,,IWLAN
294,1,,,-121.9314830,47.5244923,2026-01-26 20:40:21.000,_20260126_123527_CH01_TMO_5GNR_WFC_DUT_TC-164-R3.dml,,,,,,,,,,NR SA,,,,,,,,,,,,,,,,,,,,,,On,Connected,-48.000000,2412,86,,,,IWLAN
295,1,,,-121.9314830,47.5244923,2026-01-26 20:40:22.000,_20260126_123527_CH01_TMO_5GNR_WFC_DUT_TC-164-R3.dml,,,,,,,,,,NR SA,,,,,,,,,,,,,,,,,,,,,,On,Connected,-53.000000,2412,68,,,,IWLAN
296,1,,,-121.9314830,47.5244923,2026-01-26 20:40:23.000,_20260126_123527_CH01_TMO_5GNR_WFC_DUT_TC-164-R3.dml,,,,,,,,,,NR SA,,,,,,,,,,,,,,,,,,,594,,,On,Connected,-53.000000,2412,68,,,,IWLAN
297,1,,,-121.9314830,47.5244923,2026-01-26 20:40:24.000,_20260126_123527_CH01_TMO_5GNR_WFC_DUT_TC-164-R3.dml,,,,,,,,,,NR SA,,,,,,,,,,,,,,,,,,,,,,On,Connected,-53.000000,2412,68,,,,IWLAN
298,1,,,-121.9314830,47.5244923,2026-01-26 20:40:25.000,_20260126_123527_CH01_TMO_5GNR_WFC_DUT_TC-164-R3.dml,,,,,,,,,,NR SA,,,,,,,,,,,,,,,,,,,594,,,On,Connected,-49.000000,2412,68,,,,IWLAN
299,1,,,-121.9314830,47.5244923,2026-01-26 20:40:26.000,_20260126_123527_CH01_TMO_5GNR_WFC_DUT_TC-164-R3.dml,,,,,,,,,,NR SA,,,,,,,,,,,,,,,,,,,,,,On,Connected,-49.000000,2412,68,,,,IWLAN
300,1,,,-121.9314830,47.5244923,2026-01-26 20:40:27.000,_20260126_123527_CH01_TMO_5GNR_WFC_DUT_TC-164-R3.dml,,,,,,,,,,NR SA,,,,,,,,,,,,,,,,,,,,,,On,Connected,-49.000000,2412,68,,,,IWLAN
301,1,,,-121.9314830,47.5244923,2026-01-26 20:40:28.000,_20260126_123527_CH01_TMO_5GNR_WFC_DUT_TC-164-R3.dml,,,,,,,,,,NR SA,,,,,,,,,,,,,,,,,,,594,,,On,Connected,-48.000000,2412,86,,,,IWLAN
302,1,,,-121.9314830,47.5244923,2026-01-26 20:40:29.000,_20260126_123527_CH01_TMO_5GNR_WFC_DUT_TC-164-R3.dml,,,,,,,,,,NR SA,,,,,,,,,,,,,,,,,,,,,,On,Connected,-48.000000,2412,86,,,,IWLAN
303,1,,,-121.9314830,47.5244923,2026-01-26 20:40:30.000,_20260126_123527_CH01_TMO_5GNR_WFC_DUT_TC-164-R3.dml,,,,,,,,,,NR SA,,,,,,,,,,,,,,,,,,,594,,,On,Connected,-48.000000,2412,86,,,,IWLAN
304,1,,,-121.9314830,47.5244923,2026-01-26 20:40:31.000,_20260126_123527_CH01_TMO_5GNR_WFC_DUT_TC-164-R3.dml,,,,,,,,,,NR SA,,,,,,,,,,,,,,,,,,,,,,On,Connected,-54.000000,2412,34,,,,IWLAN
305,1,,,-121.9314830,47.5244923,2026-01-26 20:40:32.000,_20260126_123527_CH01_TMO_5GNR_WFC_DUT_TC-164-R3.dml,,,,,,,,,,NR SA,,,,,,,,,,,,,,,,,,,594,,,On,Connected,-54.000000,2412,34,,,,IWLAN
306,1,,,-121.9314830,47.5244923,2026-01-26 20:40:33.000,_20260126_123527_CH01_TMO_5GNR_WFC_DUT_TC-164-R3.dml,,,,,,,,,,NR SA,,,,,,,,,,,,,,,,,,,,,,On,Connected,-54.000000,2412,34,,,,IWLAN
307,1,,,-121.9314830,47.5244923,2026-01-26 20:40:34.000,_20260126_123527_CH01_TMO_5GNR_WFC_DUT_TC-164-R3.dml,,,,,,,,,,NR SA,,,,,,,,,,,,,,,,,,,594,,,On,Connected,-54.000000,2412,51,,,,IWLAN
308,1,,,-121.9314830,47.5244923,2026-01-26 20:40:35.000,_20260126_123527_CH01_TMO_5GNR_WFC_DUT_TC-164-R3.dml,,,,,,,,,,NR SA,,,,,,,,,,,,,,,,,,,,,,On,Connected,-54.000000,2412,51,,,,IWLAN
309,1,,,-121.9314830,47.5244923,2026-01-26 20:40:36.000,_20260126_123527_CH01_TMO_5GNR_WFC_DUT_TC-164-R3.dml,,,,,,,,,,NR SA,,,,,,,,,,,,,,,,,,,594,,,On,Connected,-54.000000,2412,51,,,,IWLAN
310,1,,,-121.9314830,47.5244923,2026-01-26 20:40:37.000,_20260126_123527_CH01_TMO_5GNR_WFC_DUT_TC-164-R3.dml,,,,,,,,,,NR SA,,,,,,,,,,,,,,,,,,,,,,On,Connected,-52.000000,2412,68,,,,IWLAN
311,1,,,-121.9314830,47.5244923,2026-01-26 20:40:38.000,_20260126_123527_CH01_TMO_5GNR_WFC_DUT_TC-164-R3.dml,,,,,,,,,,NR SA,,,,,,,,,,,,,,,,,,,594,,,On,Connected,-52.000000,2412,68,,,,IWLAN
312,1,,,-121.9314830,47.5244923,2026-01-26 20:40:39.000,_20260126_123527_CH01_TMO_5GNR_WFC_DUT_TC-164-R3.dml,,,,,,,,,,NR SA,,,,,,,,,,,,,,,,,,,,,,On,Connected,-52.000000,2412,68,,,,IWLAN
313,1,,,-121.9314830,47.5244923,2026-01-26 20:40:40.000,_20260126_123527_CH01_TMO_5GNR_WFC_DUT_TC-164-R3.dml,,,,,,,,,,NR SA,,,,,,,,,,,,,,,,,,,,,,On,Connected,-51.000000,2412,68,,,,IWLAN
314,1,,,-121.9314830,47.5244923,2026-01-26 20:40:41.000,_20260126_123527_CH01_TMO_5GNR_WFC_DUT_TC-164-R3.dml,,,,,,,,,,NR SA,,,,,,,,,,,,,,,,,,,594,,,On,Connected,-51.000000,2412,68,,,,IWLAN
315,1,,,-121.9314830,47.5244923,2026-01-26 20:40:42.000,_20260126_123527_CH01_TMO_5GNR_WFC_DUT_TC-164-R3.dml,,,,,,,,,,NR SA,,,,,,,,,,,,,,,,,,,,,,On,Connected,-51.000000,2412,68,,,,IWLAN
316,1,,,-121.9314830,47.5244923,2026-01-26 20:40:43.000,_20260126_123527_CH01_TMO_5GNR_WFC_DUT_TC-164-R3.dml,,,,,,,,,,NR SA,,,,,,,,,,,,,,,,,,,594,,,On,Connected,-49.000000,2412,77,,,,IWLAN
317,1,,,-121.9314830,47.5244923,2026-01-26 20:40:44.000,_20260126_123527_CH01_TMO_5GNR_WFC_DUT_TC-164-R3.dml,,,,,,,,,,NR SA,,,,,,,,,,,,,,,,,,,,,,On,Connected,-49.000000,2412,77,,,,IWLAN
318,1,,,-121.9314830,47.5244923,2026-01-26 20:40:45.000,_20260126_123527_CH01_TMO_5GNR_WFC_DUT_TC-164-R3.dml,,,,,,,,,,NR SA,,,,,,,,,,,,,,,,,,,,,,On,Connected,-49.000000,2412,77,,,,IWLAN
319,1,,,-121.9314830,47.5244923,2026-01-26 20:40:46.000,_20260126_123527_CH01_TMO_5GNR_WFC_DUT_TC-164-R3.dml,,,,,,,,,,NR SA,,,,,,,,,,,,,,,,,,,594,,,On,Connected,-51.000000,2412,51,,,,IWLAN
320,1,,,-121.9314830,47.5244923,2026-01-26 20:40:47.000,_20260126_123527_CH01_TMO_5GNR_WFC_DUT_TC-164-R3.dml,,,,,,,,,,NR SA,,,,,,,,,,,,,,,,,,,594,,,On,Connected,-51.000000,2412,51,,,,IWLAN
321,1,,,-121.9314830,47.5244923,2026-01-26 20:40:48.000,_20260126_123527_CH01_TMO_5GNR_WFC_DUT_TC-164-R3.dml,,,,,,,,,,NR SA,,,,,,,,,,,,,,,,,,,,,,On,Connected,-51.000000,2412,51,,,,IWLAN
322,1,,,-121.9314830,47.5244923,2026-01-26 20:40:49.000,_20260126_123527_CH01_TMO_5GNR_WFC_DUT_TC-164-R3.dml,,,,,,,,,,NR SA,,,,,,,,,,,,,,,,,,,,,,On,Connected,-50.000000,2412,34,,,,IWLAN
323,1,,,-121.9314830,47.5244923,2026-01-26 20:40:50.000,_20260126_123527_CH01_TMO_5GNR_WFC_DUT_TC-164-R3.dml,,,,,,,,,,NR SA,,,,,,,,,,,,,,,,,,,594,,,On,Connected,-50.000000,2412,34,,,,IWLAN
324,1,,,-121.9314830,47.5244923,2026-01-26 20:40:51.000,_20260126_123527_CH01_TMO_5GNR_WFC_DUT_TC-164-R3.dml,,,,,,,,,,NR SA,,,,,,,,,,,,,,,,,,,,,,On,Connected,-50.000000,2412,34,,,,IWLAN
325,1,,,-121.9314830,47.5244923,2026-01-26 20:40:52.000,_20260126_123527_CH01_TMO_5GNR_WFC_DUT_TC-164-R3.dml,,,,,,,,,,NR SA,,,,,,,,,,,,,,,,,,,594,,,On,Connected,-52.000000,2412,34,,,,IWLAN
326,1,,,-121.9314830,47.5244923,2026-01-26 20:40:53.000,_20260126_123527_CH01_TMO_5GNR_WFC_DUT_TC-164-R3.dml,,,,,,,,,,NR SA,,,,,,,,,,,,,,,,,,,,,,On,Connected,-52.000000,2412,34,,,,IWLAN
327,1,,,-121.9314830,47.5244923,2026-01-26 20:40:54.000,_20260126_123527_CH01_TMO_5GNR_WFC_DUT_TC-164-R3.dml,,,,,,,,,,NR SA,,,,,,,,,,,,,,,,,,,,,,On,Connected,-52.000000,2412,34,,,,IWLAN
328,1,,,-121.9314830,47.5244923,2026-01-26 20:40:55.000,_20260126_123527_CH01_TMO_5GNR_WFC_DUT_TC-164-R3.dml,,,,,,,,,,NR SA,,,,,,,,,,,,,,,,,,,594,,,On,Connected,-56.000000,2412,51,,,,IWLAN
329,1,,,-121.9314830,47.5244923,2026-01-26 20:40:56.000,_20260126_123527_CH01_TMO_5GNR_WFC_DUT_TC-164-R3.dml,,,,,,,,,,NR SA,,,,,,,,,,,,,,,,,,,,,,On,Connected,-56.000000,2412,51,,,,IWLAN
330,1,,,-121.9314830,47.5244923,2026-01-26 20:40:57.000,_20260126_123527_CH01_TMO_5GNR_WFC_DUT_TC-164-R3.dml,,,,,,,,,,NR SA,,,,,,,,,,,,,,,,,,,594,,,On,Connected,-56.000000,2412,51,,,,IWLAN
331,1,,,-121.9314830,47.5244923,2026-01-26 20:40:58.000,_20260126_123527_CH01_TMO_5GNR_WFC_DUT_TC-164-R3.dml,,,,,,,,,,NR SA,,,,,,,,,,,,,,,,,,,,,,On,Connected,-53.000000,2412,68,,,,IWLAN
332,1,,,-121.9314830,47.5244923,2026-01-26 20:40:59.000,_20260126_123527_CH01_TMO_5GNR_WFC_DUT_TC-164-R3.dml,,,,,,,,,,NR SA,,,,,,,,,,,,,,,,,,,,,,On,Connected,-53.000000,2412,68,,,,IWLAN
333,1,,,-121.9314830,47.5244923,2026-01-26 20:41:00.000,_20260126_123527_CH01_TMO_5GNR_WFC_DUT_TC-164-R3.dml,,,,,,,,,,NR SA,,,,,,,,,,,,,,,,,,,594,,,On,Connected,-53.000000,2412,68,,,,IWLAN
334,1,,,-121.9314830,47.5244923,2026-01-26 20:41:01.000,_20260126_123527_CH01_TMO_5GNR_WFC_DUT_TC-164-R3.dml,,,,,,,,,,NR SA,,,,,,,,,,,,,,,,,,,,,,On,Connected,-53.000000,2412,68,,,,IWLAN
335,1,,,-121.9314830,47.5244923,2026-01-26 20:41:02.000,_20260126_123527_CH01_TMO_5GNR_WFC_DUT_TC-164-R3.dml,,,,,,,,,,NR SA,,,,,,,,,,,,,,,,,,,594,,,On,Connected,-53.000000,2412,68,,,,IWLAN
336,1,,,-121.9314830,47.5244923,2026-01-26 20:41:03.000,_20260126_123527_CH01_TMO_5GNR_WFC_DUT_TC-164-R3.dml,,,,,,,,,,NR SA,,,,,,,,,,,,,,,,,,,,,,On,Connected,-53.000000,2412,68,,,,IWLAN
337,1,,,-121.9314830,47.5244923,2026-01-26 20:41:04.000,_20260126_123527_CH01_TMO_5GNR_WFC_DUT_TC-164-R3.dml,,,,,,,,,,NR SA,,,,,,,,,,,,,,,,,,,,,,On,Connected,-54.000000,2412,34,,,,IWLAN
338,1,,,-121.9314830,47.5244923,2026-01-26 20:41:05.000,_20260126_123527_CH01_TMO_5GNR_WFC_DUT_TC-164-R3.dml,,,,,,,,,,NR SA,,,,,,,,,,,,,,,,,,,594,,,On,Connected,-54.000000,2412,34,,,,IWLAN
339,1,,,-121.9314830,47.5244923,2026-01-26 20:41:06.000,_20260126_123527_CH01_TMO_5GNR_WFC_DUT_TC-164-R3.dml,,,,,,,,,,NR SA,,,,,,,,,,,,,,,,,,,,,,On,Connected,-54.000000,2412,34,,,,IWLAN
340,1,,,-121.9314830,47.5244923,2026-01-26 20:41:07.000,_20260126_123527_CH01_TMO_5GNR_WFC_DUT_TC-164-R3.dml,,,,,,,,,,NR SA,,,,,,,,,,,,,,,,,,,,,,On,Connected,-57.000000,2412,17,,,,IWLAN
341,1,,,-121.9314830,47.5244923,2026-01-26 20:41:08.000,_20260126_123527_CH01_TMO_5GNR_WFC_DUT_TC-164-R3.dml,,,,,,,,,,NR SA,,,,,,,,,,,,,,,,,,,594,,,On,Connected,-57.000000,2412,17,,,,IWLAN
342,1,,,-121.9314830,47.5244923,2026-01-26 20:41:09.000,_20260126_123527_CH01_TMO_5GNR_WFC_DUT_TC-164-R3.dml,,,,,,,,,,NR SA,,,,,,,,,,,,,,,,,,,,,,On,Connected,-57.000000,2412,17,,,,IWLAN
343,1,,,-121.9314830,47.5244923,2026-01-26 20:41:10.000,_20260126_123527_CH01_TMO_5GNR_WFC_DUT_TC-164-R3.dml,,,,,,,,,,NR SA,,,,,,,,,,,,,,,,,,,594,,,On,Connected,-57.000000,2412,34,,,,IWLAN
344,1,,,-121.9314830,47.5244923,2026-01-26 20:41:11.000,_20260126_123527_CH01_TMO_5GNR_WFC_DUT_TC-164-R3.dml,,,,,,,,,,NR SA,,,,,,,,,,,,,,,,,,,,,,On,Connected,-57.000000,2412,34,,,,IWLAN
345,1,,,-121.9314830,47.5244923,2026-01-26 20:41:12.000,_20260126_123527_CH01_TMO_5GNR_WFC_DUT_TC-164-R3.dml,,,,,,,,,,NR SA,,,,,,,,,,,,,,,,,,,,,,On,Connected,-57.000000,2412,34,,,,IWLAN
346,1,,,-121.9314830,47.5244923,2026-01-26 20:41:13.000,_20260126_123527_CH01_TMO_5GNR_WFC_DUT_TC-164-R3.dml,,,,,,,,,,NR SA,,,,,,,,,,,,,,,,,,,594,,,On,Connected,-55.000000,2412,34,,,,IWLAN
347,1,,,-121.9314830,47.5244923,2026-01-26 20:41:14.000,_20260126_123527_CH01_TMO_5GNR_WFC_DUT_TC-164-R3.dml,,,,,,,,,,NR SA,,,,,,,,,,,,,,,,,,,594,,,On,Connected,-55.000000,2412,34,,,,IWLAN
348,1,,,-121.9314830,47.5244923,2026-01-26 20:41:15.000,_20260126_123527_CH01_TMO_5GNR_WFC_DUT_TC-164-R3.dml,,,,,,,,,,NR SA,,,,,,,,,,,,,,,,,,,,,,On,Connected,-55.000000,2412,34,,,,IWLAN
349,1,,,-121.9314830,47.5244923,2026-01-26 20:41:16.000,_20260126_123527_CH01_TMO_5GNR_WFC_DUT_TC-164-R3.dml,,,,,,,,,,NR SA,,,,,,,,,,,,,,,,,,,,,,On,Connected,-53.000000,2412,68,,,,IWLAN
350,1,,,-121.9314830,47.5244923,2026-01-26 20:41:17.000,_20260126_123527_CH01_TMO_5GNR_WFC_DUT_TC-164-R3.dml,,,,,,,,,,NR SA,,,,,,,,,,,,,,,,,,,594,,,On,Connected,-53.000000,2412,68,,,,IWLAN
351,1,,,-121.9314830,47.5244923,2026-01-26 20:41:18.000,_20260126_123527_CH01_TMO_5GNR_WFC_DUT_TC-164-R3.dml,,,,,,,,,,NR SA,,,,,,,,,,,,,,,,,,,594,,,On,Connected,-53.000000,2412,68,,,,IWLAN
352,1,,,-121.9314830,47.5244923,2026-01-26 20:41:19.000,_20260126_123527_CH01_TMO_5GNR_WFC_DUT_TC-164-R3.dml,,,,,,,,,,NR SA,,,,,,,,,,,,,,,,,,,,,,On,Connected,-51.000000,2412,68,,,,IWLAN
353,1,,,-121.9314830,47.5244923,2026-01-26 20:41:20.000,_20260126_123527_CH01_TMO_5GNR_WFC_DUT_TC-164-R3.dml,,,,,,,,,,NR SA,,,,,,,,,,,,,,,,,,,594,,,On,Connected,-51.000000,2412,68,,,,IWLAN
354,1,,,-121.9314830,47.5244923,2026-01-26 20:41:21.000,_20260126_123527_CH01_TMO_5GNR_WFC_DUT_TC-164-R3.dml,,,,,,,,,,NR SA,,,,,,,,,,,,,,,,,,,,,,On,Connected,-51.000000,2412,68,,,,IWLAN
355,1,,,-121.9314830,47.5244923,2026-01-26 20:41:22.000,_20260126_123527_CH01_TMO_5GNR_WFC_DUT_TC-164-R3.dml,,,,,,,,,,NR SA,,,,,,,,,,,,,,,,,,,,,,On,Connected,-57.000000,2412,34,,,,IWLAN
356,1,,,-121.9314830,47.5244923,2026-01-26 20:41:23.000,_20260126_123527_CH01_TMO_5GNR_WFC_DUT_TC-164-R3.dml,,,,,,,,,,NR SA,,,,,,,,,,,,,,,,,,,594,,,On,Connected,-57.000000,2412,34,,,,IWLAN
357,1,,,-121.9314830,47.5244923,2026-01-26 20:41:24.000,_20260126_123527_CH01_TMO_5GNR_WFC_DUT_TC-164-R3.dml,,,,,,,,,,NR SA,,,,,,,,,,,,,,,,,,,,,,On,Connected,-57.000000,2412,34,,,,IWLAN
358,1,,,-121.9314830,47.5244923,2026-01-26 20:41:25.000,_20260126_123527_CH01_TMO_5GNR_WFC_DUT_TC-164-R3.dml,,,,,,,,,,NR SA,,,,,,,,,,,,,,,,,,,594,,,On,Connected,-54.000000,2412,51,,,,IWLAN
359,1,,,-121.9314830,47.5244923,2026-01-26 20:41:26.000,_20260126_123527_CH01_TMO_5GNR_WFC_DUT_TC-164-R3.dml,,,,,,,,,,NR SA,,,,,,,,,,,,,,,,,,,,,,On,Connected,-54.000000,2412,51,,,,IWLAN
360,1,,,-121.9314830,47.5244923,2026-01-26 20:41:27.000,_20260126_123527_CH01_TMO_5GNR_WFC_DUT_TC-164-R3.dml,,,,,,,,,,NR SA,,,,,,,,,,,,,,,,,,,,,,On,Connected,-54.000000,2412,51,,,,IWLAN
361,1,,,-121.9314830,47.5244923,2026-01-26 20:41:28.000,_20260126_123527_CH01_TMO_5GNR_WFC_DUT_TC-164-R3.dml,,,,,,,,,,NR SA,,,,,,,,,,,,,,,,,,,594,,,On,Connected,-54.000000,2412,34,,,,IWLAN
362,1,,,-121.9314830,47.5244923,2026-01-26 20:41:29.000,_20260126_123527_CH01_TMO_5GNR_WFC_DUT_TC-164-R3.dml,,,,,,,,,,NR SA,,,,,,,,,,,,,,,,,,,,,,On,Connected,-54.000000,2412,34,,,,IWLAN
363,1,,,-121.9314830,47.5244923,2026-01-26 20:41:30.000,_20260126_123527_CH01_TMO_5GNR_WFC_DUT_TC-164-R3.dml,,,,,,,,,,NR SA,,,,,,,,,,,,,,,,,,,,,,On,Connected,-54.000000,2412,34,,,,IWLAN
364,1,,,-121.9314830,47.5244923,2026-01-26 20:41:31.000,_20260126_123527_CH01_TMO_5GNR_WFC_DUT_TC-164-R3.dml,,,,,,,,,,NR SA,,,,,,,,,,,,,,,,,,,594,,,On,Connected,-55.000000,2412,51,,,,IWLAN
365,1,,,-121.9314830,47.5244923,2026-01-26 20:41:32.000,_20260126_123527_CH01_TMO_5GNR_WFC_DUT_TC-164-R3.dml,,,,,,,,,,NR SA,,,,,,,,,,,,,,,,,,,,,,On,Connected,-55.000000,2412,51,,,,IWLAN
366,1,,,-121.9314830,47.5244923,2026-01-26 20:41:33.000,_20260126_123527_CH01_TMO_5GNR_WFC_DUT_TC-164-R3.dml,,,,,,,,,,NR SA,,,,,,,,,,,,,,,,,,,594,,,On,Connected,-55.000000,2412,51,,,,IWLAN
367,1,,,-121.9314830,47.5244923,2026-01-26 20:41:34.000,_20260126_123527_CH01_TMO_5GNR_WFC_DUT_TC-164-R3.dml,,,,,,,,,,NR SA,,,,,,,,,,,,,,,,,,,,,,On,Connected,-52.000000,2412,51,,,,IWLAN
368,1,,,-121.9314830,47.5244923,2026-01-26 20:41:35.000,_20260126_123527_CH01_TMO_5GNR_WFC_DUT_TC-164-R3.dml,,,,,,,,,,NR SA,,,,,,,,,,,,,,,,,,,,,,On,Connected,-52.000000,2412,51,,,,IWLAN
369,1,,,-121.9314830,47.5244923,2026-01-26 20:41:36.000,_20260126_123527_CH01_TMO_5GNR_WFC_DUT_TC-164-R3.dml,,,,,,,,,,NR SA,,,,,,,,,,,,,,,,,,,594,,,On,Connected,-52.000000,2412,51,,,,IWLAN
370,1,,,-121.9314830,47.5244923,2026-01-26 20:41:37.000,_20260126_123527_CH01_TMO_5GNR_WFC_DUT_TC-164-R3.dml,,,,,,,,,,NR SA,,,,,,,,,,,,,,,,,,,,,,On,Connected,-53.000000,2412,34,,,,IWLAN
371,1,,,-121.9314830,47.5244923,2026-01-26 20:41:38.000,_20260126_123527_CH01_TMO_5GNR_WFC_DUT_TC-164-R3.dml,,,,,,,,,,NR SA,,,,,,,,,,,,,,,,,,,594,,,On,Connected,-53.000000,2412,34,,,,IWLAN
372,1,,,-121.9314830,47.5244923,2026-01-26 20:41:39.000,_20260126_123527_CH01_TMO_5GNR_WFC_DUT_TC-164-R3.dml,,,,,,,,,,NR SA,,,,,,,,,,,,,,,,,,,,,,On,Connected,-53.000000,2412,34,,,,IWLAN
373,1,,,-121.9314830,47.5244923,2026-01-26 20:41:40.000,_20260126_123527_CH01_TMO_5GNR_WFC_DUT_TC-164-R3.dml,,,,,,,,,,NR SA,,,,,,,,,,,,,,,,,,,,,,On,Connected,-60.000000,2412,17,,,,IWLAN
374,1,,,-121.9314830,47.5244923,2026-01-26 20:41:41.000,_20260126_123527_CH01_TMO_5GNR_WFC_DUT_TC-164-R3.dml,,,,,,,,,,NR SA,,,,,,,,,,,,,,,,,,,594,,,On,Connected,-60.000000,2412,17,,,,IWLAN
375,1,,,-121.9314830,47.5244923,2026-01-26 20:41:42.000,_20260126_123527_CH01_TMO_5GNR_WFC_DUT_TC-164-R3.dml,,,,,,,,,,NR SA,,,,,,,,,,,,,,,,,,,,,,On,Connected,-60.000000,2412,17,,,,IWLAN
376,1,,,-121.9314830,47.5244923,2026-01-26 20:41:43.000,_20260126_123527_CH01_TMO_5GNR_WFC_DUT_TC-164-R3.dml,,,,,,,,,,NR SA,,,,,,,,,,,,,,,,,,,594,,,On,Connected,-57.000000,2412,34,,,,IWLAN
377,1,,,-121.9314830,47.5244923,2026-01-26 20:41:44.000,_20260126_123527_CH01_TMO_5GNR_WFC_DUT_TC-164-R3.dml,,,,,,,,,,NR SA,,,,,,,,,,,,,,,,,,,,,,On,Connected,-57.000000,2412,34,,,,IWLAN
378,1,,,-121.9314830,47.5244923,2026-01-26 20:41:45.000,_20260126_123527_CH01_TMO_5GNR_WFC_DUT_TC-164-R3.dml,,,,,,,,,,NR SA,,,,,,,,,,,,,,,,,,,,,,On,Connected,-57.000000,2412,34,,,,IWLAN
379,1,,,-121.9314830,47.5244923,2026-01-26 20:41:46.000,_20260126_123527_CH01_TMO_5GNR_WFC_DUT_TC-164-R3.dml,,,,,,,,,,NR SA,,,,,,,,,,,,,,,,,,,594,,,On,Connected,-59.000000,2412,34,,,,IWLAN
380,1,,,-121.9314830,47.5244923,2026-01-26 20:41:47.000,_20260126_123527_CH01_TMO_5GNR_WFC_DUT_TC-164-R3.dml,,,,,,,,,,NR SA,,,,,,,,,,,,,,,,,,,,,,On,Connected,-59.000000,2412,34,,,,IWLAN
381,1,,,-121.9314830,47.5244923,2026-01-26 20:41:48.000,_20260126_123527_CH01_TMO_5GNR_WFC_DUT_TC-164-R3.dml,,,,,,,,,,NR SA,,,,,,,,,,,,,,,,,,,,,,On,Connected,-59.000000,2412,34,,,,IWLAN
382,1,,,-121.9314830,47.5244923,2026-01-26 20:41:49.000,_20260126_123527_CH01_TMO_5GNR_WFC_DUT_TC-164-R3.dml,,,,,,,,,,NR SA,,,,,,,,,,,,,,,,,,,594,,,On,Connected,-56.000000,2412,34,,,,IWLAN
383,1,,,-121.9314830,47.5244923,2026-01-26 20:41:50.000,_20260126_123527_CH01_TMO_5GNR_WFC_DUT_TC-164-R3.dml,,,,,,,,,,NR SA,,,,,,,,,,,,,,,,,,,,,,On,Connected,-56.000000,2412,34,,,,IWLAN
384,1,,,-121.9314830,47.5244923,2026-01-26 20:41:51.000,_20260126_123527_CH01_TMO_5GNR_WFC_DUT_TC-164-R3.dml,,,,,,,,,,NR SA,,,,,,,,,,,,,,,,,,,594,,,On,Connected,-56.000000,2412,34,,,,IWLAN
385,1,,,-121.9314830,47.5244923,2026-01-26 20:41:52.000,_20260126_123527_CH01_TMO_5GNR_WFC_DUT_TC-164-R3.dml,,,,,,,,,,NR SA,,,,,,,,,,,,,,,,,,,,,,On,Connected,-62.000000,2412,17,,,,IWLAN
386,1,,,-121.9314830,47.5244923,2026-01-26 20:41:53.000,_20260126_123527_CH01_TMO_5GNR_WFC_DUT_TC-164-R3.dml,,,,,,,,,,NR SA,,,,,,,,,,,,,,,,,,,,,,On,Connected,-62.000000,2412,17,,,,IWLAN
387,1,,,-121.9314830,47.5244923,2026-01-26 20:41:54.000,_20260126_123527_CH01_TMO_5GNR_WFC_DUT_TC-164-R3.dml,,,,,,,,,,NR SA,,,,,,,,,,,,,,,,,,,594,,,On,Connected,-62.000000,2412,17,,,,IWLAN
388,1,,,-121.9314830,47.5244923,2026-01-26 20:41:55.000,_20260126_123527_CH01_TMO_5GNR_WFC_DUT_TC-164-R3.dml,,,,,,,,,,NR SA,,,,,,,,,,,,,,,,,,,,,,On,Connected,-59.000000,2412,17,,,,IWLAN
389,1,,,-121.9314830,47.5244923,2026-01-26 20:41:56.000,_20260126_123527_CH01_TMO_5GNR_WFC_DUT_TC-164-R3.dml,,,,,,,,,,NR SA,,,,,,,,,,,,,,,,,,,594,,,On,Connected,-59.000000,2412,17,,,,IWLAN
390,1,,,-121.9314830,47.5244923,2026-01-26 20:41:57.000,_20260126_123527_CH01_TMO_5GNR_WFC_DUT_TC-164-R3.dml,,,,,,,,,,NR SA,,,,,,,,,,,,,,,,,,,,,,On,Connected,-59.000000,2412,17,,,,IWLAN
391,1,,,-121.9314830,47.5244923,2026-01-26 20:41:58.000,_20260126_123527_CH01_TMO_5GNR_WFC_DUT_TC-164-R3.dml,,,,,,,,,,NR SA,,,,,,,,,,,,,,,,,,,,,,On,Connected,-62.000000,2412,17,,,,IWLAN
392,1,,,-121.9314830,47.5244923,2026-01-26 20:41:59.000,_20260126_123527_CH01_TMO_5GNR_WFC_DUT_TC-164-R3.dml,,,,,,,,,,NR SA,,,,,,,,,,,,,,,,,,,594,,,On,Connected,-62.000000,2412,17,,,,IWLAN
393,1,,,-121.9314830,47.5244923,2026-01-26 20:42:00.000,_20260126_123527_CH01_TMO_5GNR_WFC_DUT_TC-164-R3.dml,,,,,,,,,,NR SA,,,,,,,,,,,,,,,,,,,,,,On,Connected,-62.000000,2412,17,,,,IWLAN
394,1,,,-121.9314830,47.5244923,2026-01-26 20:42:01.000,_20260126_123527_CH01_TMO_5GNR_WFC_DUT_TC-164-R3.dml,,,,,,,,,,NR SA,,,,,,,,,,,,,,,,,,,594,,,On,Connected,-58.000000,2412,17,,,,IWLAN
395,1,,,-121.9314830,47.5244923,2026-01-26 20:42:02.000,_20260126_123527_CH01_TMO_5GNR_WFC_DUT_TC-164-R3.dml,,,,,,,,,,NR SA,,,,,,,,,,,,,,,,,,,,,,On,Connected,-58.000000,2412,17,,,,IWLAN
396,1,,,-121.9314830,47.5244923,2026-01-26 20:42:03.000,_20260126_123527_CH01_TMO_5GNR_WFC_DUT_TC-164-R3.dml,,,,,,,,,,NR SA,,,,,,,,,,,,,,,,,,,,,,On,Connected,-58.000000,2412,17,,,,IWLAN
397,1,,,-121.9314830,47.5244923,2026-01-26 20:42:04.000,_20260126_123527_CH01_TMO_5GNR_WFC_DUT_TC-164-R3.dml,,,,,,,,,,NR SA,,,,,,,,,,,,,,,,,,,594,,,On,Connected,-57.000000,2412,68,,,,IWLAN
398,1,,,-121.9314830,47.5244923,2026-01-26 20:42:05.000,_20260126_123527_CH01_TMO_5GNR_WFC_DUT_TC-164-R3.dml,,,,,,,,,,NR SA,,,,,,,,,,,,,,,,,,,,,,On,Connected,-57.000000,2412,68,,,,IWLAN
399,1,,,-121.9314830,47.5244923,2026-01-26 20:42:06.000,_20260126_123527_CH01_TMO_5GNR_WFC_DUT_TC-164-R3.dml,,,,,,,,,,NR SA,,,,,,,,,,,,,,,,,,,,,,On,Connected,-57.000000,2412,68,,,,IWLAN
400,1,,,-121.9314830,47.5244923,2026-01-26 20:42:07.000,_20260126_123527_CH01_TMO_5GNR_WFC_DUT_TC-164-R3.dml,,,,,,,,,,NR SA,,,,,,,,,,,,,,,,,,,594,,,On,Connected,-62.000000,2412,8,,,,IWLAN
401,1,,,-121.9314830,47.5244923,2026-01-26 20:42:08.000,_20260126_123527_CH01_TMO_5GNR_WFC_DUT_TC-164-R3.dml,,,,,,,,,,NR SA,,,,,,,,,,,,,,,,,,,,,,On,Connected,-62.000000,2412,8,,,,IWLAN
402,1,,,-121.9314830,47.5244923,2026-01-26 20:42:09.000,_20260126_123527_CH01_TMO_5GNR_WFC_DUT_TC-164-R3.dml,,,,,,,,,,NR SA,,,,,,,,,,,,,,,,,,,594,,,On,Connected,-62.000000,2412,8,,,,IWLAN
403,1,,,-121.9314830,47.5244923,2026-01-26 20:42:10.000,_20260126_123527_CH01_TMO_5GNR_WFC_DUT_TC-164-R3.dml,,,,,,,,,,NR SA,,,,,,,,,,,,,,,,,,,,,,On,Connected,-57.000000,2412,8,,,,IWLAN
404,1,,,-121.9314830,47.5244923,2026-01-26 20:42:11.000,_20260126_123527_CH01_TMO_5GNR_WFC_DUT_TC-164-R3.dml,,,,,,,,,,NR SA,,,,,,,,,,,,,,,,,,,,,,On,Connected,-57.000000,2412,8,,,,IWLAN
405,1,,,-121.9314830,47.5244923,2026-01-26 20:42:12.000,_20260126_123527_CH01_TMO_5GNR_WFC_DUT_TC-164-R3.dml,,,,,,,,,,NR SA,,,,,,,,,,,,,,,,,,,594,,,,Connected,,,,,,,IWLAN
406,1,,,-121.9314830,47.5244923,2026-01-26 20:42:13.000,_20260126_123527_CH01_TMO_5GNR_WFC_DUT_TC-164-R3.dml,,,,,,,,,,NR SA,,,,,,,,,,,,,,,,,,,594,,,On,Connected,-57.500000,2412,17,,,,IWLAN
407,1,,,-121.9314830,47.5244923,2026-01-26 20:42:14.000,_20260126_123527_CH01_TMO_5GNR_WFC_DUT_TC-164-R3.dml,,,,,,,,,,NR SA,,,,,,,,,,,,,,,,,,,,,,On,Connected,-58.000000,2412,17,,,,IWLAN
408,1,,,-121.9314830,47.5244923,2026-01-26 20:42:15.000,_20260126_123527_CH01_TMO_5GNR_WFC_DUT_TC-164-R3.dml,,,,,,,,,,NR SA,,,,,,,,,,,,,,,,,,,594,,,On,Connected,-58.000000,2412,17,,,,IWLAN
409,1,,,-121.9314830,47.5244923,2026-01-26 20:42:16.000,_20260126_123527_CH01_TMO_5GNR_WFC_DUT_TC-164-R3.dml,,,,,,,,,,NR SA,,,,,,,,,,,,,,,,,,,,,,On,Connected,-58.000000,2412,17,,,,IWLAN
410,1,,,-121.9314830,47.5244923,2026-01-26 20:42:17.000,_20260126_123527_CH01_TMO_5GNR_WFC_DUT_TC-164-R3.dml,,,,,,,,,,NR SA,,,,,,,,,,,,,,,,,,,,,,On,Connected,-58.000000,2412,17,,,,IWLAN
411,1,,,-121.9314830,47.5244923,2026-01-26 20:42:18.000,_20260126_123527_CH01_TMO_5GNR_WFC_DUT_TC-164-R3.dml,,,,,,,,,,NR SA,,,,,,,,,,,,,,,,,,,594,,,On,Connected,-58.000000,2412,17,,,,IWLAN
412,1,,,-121.9314830,47.5244923,2026-01-26 20:42:19.000,_20260126_123527_CH01_TMO_5GNR_WFC_DUT_TC-164-R3.dml,,,,,,,,,,NR SA,,,,,,,,,,,,,,,,,,,594,,,,Connected,,,,,,,IWLAN
413,1,,,-121.9314830,47.5244923,2026-01-26 20:42:20.000,_20260126_123527_CH01_TMO_5GNR_WFC_DUT_TC-164-R3.dml,,,,,,,,,,NR SA,,,,,,,,,,,,,,,,,,,,,,On,Connected,-56.000000,2412,34,,,,IWLAN
414,1,,,-121.9314830,47.5244923,2026-01-26 20:42:21.000,_20260126_123527_CH01_TMO_5GNR_WFC_DUT_TC-164-R3.dml,,,,,,,,,,NR SA,,,,,,,,,,,,,,,,,,,,,,On,Connected,-56.000000,2412,34,,,,IWLAN
415,1,,,-121.9314830,47.5244923,2026-01-26 20:42:22.000,_20260126_123527_CH01_TMO_5GNR_WFC_DUT_TC-164-R3.dml,,,,,,,,,,NR SA,,,,,,,,,,,,,,,,,,,594,,,On,Connected,-58.000000,2412,34,,,,IWLAN
416,1,,,-121.9314830,47.5244923,2026-01-26 20:42:23.000,_20260126_123527_CH01_TMO_5GNR_WFC_DUT_TC-164-R3.dml,,,,,,,,,,NR SA,,,,,,,,,,,,,,,,,,,,,,On,Connected,-58.000000,2412,34,,,,IWLAN
417,1,,,-121.9314830,47.5244923,2026-01-26 20:42:24.000,_20260126_123527_CH01_TMO_5GNR_WFC_DUT_TC-164-R3.dml,,,,,,,,,,NR SA,,,,,,,,,,,,,,,,,,,594,,,On,Connected,-58.000000,2412,34,,,,IWLAN
418,1,,,-121.9314830,47.5244923,2026-01-26 20:42:25.000,_20260126_123527_CH01_TMO_5GNR_WFC_DUT_TC-164-R3.dml,,,,,,,,,,NR SA,,,,,,,,,,,,,,,,,,,,,,On,Connected,-60.000000,2412,7,,,,IWLAN
419,1,,,-121.9314830,47.5244923,2026-01-26 20:42:26.000,_20260126_123527_CH01_TMO_5GNR_WFC_DUT_TC-164-R3.dml,,,,,,,,,,NR SA,,,,,,,,,,,,,,,,,,,,,,On,Connected,-60.000000,2412,7,,,,IWLAN
420,1,,,-121.9314830,47.5244923,2026-01-26 20:42:27.000,_20260126_123527_CH01_TMO_5GNR_WFC_DUT_TC-164-R3.dml,,,,,,,,,,NR SA,,,,,,,,,,,,,,,,,,,594,,,On,Connected,-60.000000,2412,7,,,,IWLAN
421,1,,,-121.9314830,47.5244923,2026-01-26 20:42:28.000,_20260126_123527_CH01_TMO_5GNR_WFC_DUT_TC-164-R3.dml,,,,,,,,,,NR SA,,,,,,,,,,,,,,,,,,,,,,On,Connected,-63.000000,2412,7,,,,IWLAN
422,1,,,-121.9314830,47.5244923,2026-01-26 20:42:29.000,_20260126_123527_CH01_TMO_5GNR_WFC_DUT_TC-164-R3.dml,,,,,,,,,,NR SA,,,,,,,,,,,,,,,,,,,,,,On,Connected,-63.000000,2412,7,,,,IWLAN
423,1,,,-121.9314830,47.5244923,2026-01-26 20:42:30.000,_20260126_123527_CH01_TMO_5GNR_WFC_DUT_TC-164-R3.dml,,,,,,,,,,NR SA,,,,,,,,,,,,,,,,,,,594,,,On,Connected,-63.000000,2412,7,,,,IWLAN
424,1,,,-121.9314830,47.5244923,2026-01-26 20:42:31.000,_20260126_123527_CH01_TMO_5GNR_WFC_DUT_TC-164-R3.dml,,,,,,,,,,NR SA,,,,,,,,,,,,,,,,,,,,,,On,Connected,-61.000000,2412,7,,,,IWLAN
425,1,,,-121.9314830,47.5244923,2026-01-26 20:42:32.000,_20260126_123527_CH01_TMO_5GNR_WFC_DUT_TC-164-R3.dml,,,,,,,,,,NR SA,,,,,,,,,,,,,,,,,,,594,,,On,Connected,-61.000000,2412,7,,,,IWLAN
426,1,,,-121.9314830,47.5244923,2026-01-26 20:42:33.000,_20260126_123527_CH01_TMO_5GNR_WFC_DUT_TC-164-R3.dml,,,,,,,,,,NR SA,,,,,,,,,,,,,,,,,,,,,,On,Connected,-61.000000,2412,7,,,,IWLAN
427,1,,,-121.9314830,47.5244923,2026-01-26 20:42:34.000,_20260126_123527_CH01_TMO_5GNR_WFC_DUT_TC-164-R3.dml,,,,,,,,,,NR SA,,,,,,,,,,,,,,,,,,,,,,On,Connected,-64.000000,2412,17,,,,IWLAN
428,1,,,-121.9314830,47.5244923,2026-01-26 20:42:35.000,_20260126_123527_CH01_TMO_5GNR_WFC_DUT_TC-164-R3.dml,,,,,,,,,,NR SA,,,,,,,,,,,,,,,,,,,594,,,On,Connected,-64.000000,2412,17,,,,IWLAN
429,1,,,-121.9314830,47.5244923,2026-01-26 20:42:36.000,_20260126_123527_CH01_TMO_5GNR_WFC_DUT_TC-164-R3.dml,,,,,,,,,,NR SA,,,,,,,,,,,,,,,,,,,,,,On,Connected,-64.000000,2412,17,,,,IWLAN
430,1,,,-121.9314830,47.5244923,2026-01-26 20:42:37.000,_20260126_123527_CH01_TMO_5GNR_WFC_DUT_TC-164-R3.dml,,,,,,,,,,NR SA,,,,,,,,,,,,,,,,,,,594,,,On,Connected,-62.000000,2412,25,,,,IWLAN
431,1,,,-121.9314830,47.5244923,2026-01-26 20:42:38.000,_20260126_123527_CH01_TMO_5GNR_WFC_DUT_TC-164-R3.dml,,,,,,,,,,NR SA,,,,,,,,,,,,,,,,,,,,,,On,Connected,-62.000000,2412,25,,,,IWLAN
432,1,,,-121.9314830,47.5244923,2026-01-26 20:42:39.000,_20260126_123527_CH01_TMO_5GNR_WFC_DUT_TC-164-R3.dml,,,,,,,,,,NR SA,,,,,,,,,,,,,,,,,,,,,,On,Connected,-62.000000,2412,25,,,,IWLAN
433,1,,,-121.9314830,47.5244923,2026-01-26 20:42:40.000,_20260126_123527_CH01_TMO_5GNR_WFC_DUT_TC-164-R3.dml,,,,,,,,,,NR SA,,,,,,,,,,,,,,,,,,,594,,,On,Connected,-56.000000,2412,34,,,,IWLAN
434,1,,,-121.9314830,47.5244923,2026-01-26 20:42:41.000,_20260126_123527_CH01_TMO_5GNR_WFC_DUT_TC-164-R3.dml,,,,,,,,,,NR SA,,,,,,,,,,,,,,,,,,,,,,On,Connected,-56.000000,2412,34,,,,IWLAN
435,1,,,-121.9314830,47.5244923,2026-01-26 20:42:42.000,_20260126_123527_CH01_TMO_5GNR_WFC_DUT_TC-164-R3.dml,,,,,,,,,,NR SA,,,,,,,,,,,,,,,,,,,594,,,On,Connected,-56.000000,2412,34,,,,IWLAN
436,1,,,-121.9314830,47.5244923,2026-01-26 20:42:43.000,_20260126_123527_CH01_TMO_5GNR_WFC_DUT_TC-164-R3.dml,,,,,,,,,,NR SA,,,,,,,,,,,,,,,,,,,,,,,Connected,,,,,,,IWLAN
437,1,,,-121.9314830,47.5244923,2026-01-26 20:42:44.000,_20260126_123527_CH01_TMO_5GNR_WFC_DUT_TC-164-R3.dml,,,,,,,,,,NR SA,,,,,,,,,,,,,,,,,,,,,,On,Connected,-63.000000,2412,8,,,,IWLAN
438,1,,,-121.9314830,47.5244923,2026-01-26 20:42:45.000,_20260126_123527_CH01_TMO_5GNR_WFC_DUT_TC-164-R3.dml,,,,,,,,,,NR SA,,,,,,,,,,,,,,,,,,,594,,,On,Connected,-63.000000,2412,8,,,,IWLAN
439,1,,,-121.9314830,47.5244923,2026-01-26 20:42:46.000,_20260126_123527_CH01_TMO_5GNR_WFC_DUT_TC-164-R3.dml,,,,,,,,,,NR SA,,,,,,,,,,,,,,,,,,,,,,On,Connected,-61.000000,2412,8,,,,IWLAN
440,1,,,-121.9314830,47.5244923,2026-01-26 20:42:47.000,_20260126_123527_CH01_TMO_5GNR_WFC_DUT_TC-164-R3.dml,,,,,,,,,,NR SA,,,,,,,,,,,,,,,,,,,594,,,On,Connected,-61.000000,2412,8,,,,IWLAN
441,1,,,-121.9314830,47.5244923,2026-01-26 20:42:48.000,_20260126_123527_CH01_TMO_5GNR_WFC_DUT_TC-164-R3.dml,,,,,,,,,,NR SA,,,,,,,,,,,,,,,,,,,,,,On,Connected,-61.000000,2412,8,,,,IWLAN
442,1,,,-121.9314830,47.5244923,2026-01-26 20:42:49.000,_20260126_123527_CH01_TMO_5GNR_WFC_DUT_TC-164-R3.dml,,,,,,,,,,NR SA,,,,,,,,,,,,,,,,,,,,,,On,Connected,-64.000000,2412,17,,,,IWLAN
443,1,,,-121.9314830,47.5244923,2026-01-26 20:42:50.000,_20260126_123527_CH01_TMO_5GNR_WFC_DUT_TC-164-R3.dml,,,,,,,,,,NR SA,,,,,,,,,,,,,,,,,,,594,,,,Connected,,,,,,,IWLAN
444,1,,,-121.9314830,47.5244923,2026-01-26 20:42:51.000,_20260126_123527_CH01_TMO_5GNR_WFC_DUT_TC-164-R3.dml,,,,,,,,,,NR SA,,,,,,,,,,,,,,,,,,,,,,On,Connected,-64.000000,2412,17,,,,IWLAN
445,1,,,-121.9314830,47.5244923,2026-01-26 20:42:52.000,_20260126_123527_CH01_TMO_5GNR_WFC_DUT_TC-164-R3.dml,,,,,,,,,,NR SA,,,,,,,,,,,,,,,,,,,,,,On,Connected,-64.000000,2412,17,,,,IWLAN
446,1,,,-121.9314830,47.5244923,2026-01-26 20:42:53.000,_20260126_123527_CH01_TMO_5GNR_WFC_DUT_TC-164-R3.dml,,,,,,,,,,NR SA,,,,,,,,,,,,,,,,,,,594,,,On,Connected,-61.000000,2412,25,,,,IWLAN
447,1,,,-121.9314830,47.5244923,2026-01-26 20:42:54.000,_20260126_123527_CH01_TMO_5GNR_WFC_DUT_TC-164-R3.dml,,,,,,,,,,NR SA,,,,,,,,,,,,,,,,,,,,,,On,Connected,-61.000000,2412,25,,,,IWLAN
448,1,,,-121.9314830,47.5244923,2026-01-26 20:42:55.000,_20260126_123527_CH01_TMO_5GNR_WFC_DUT_TC-164-R3.dml,,,,,,,,,,NR SA,,,,,,,,,,,,,,,,,,,594,,,On,Connected,-61.000000,2412,25,,,,IWLAN
449,1,,,-121.9314830,47.5244923,2026-01-26 20:42:56.000,_20260126_123527_CH01_TMO_5GNR_WFC_DUT_TC-164-R3.dml,,,,,,,,,,NR SA,,,,,,,,,,,,,,,,,,,594,,,On,Connected,-60.000000,2412,8,,,,IWLAN
450,1,,,-121.9314830,47.5244923,2026-01-26 20:42:57.000,_20260126_123527_CH01_TMO_5GNR_WFC_DUT_TC-164-R3.dml,,,,,,,,,,NR SA,,,,,,,,,,,,,,,,,,,,,,,Connected,,,,,,,IWLAN
451,1,,,-121.9314830,47.5244923,2026-01-26 20:42:58.000,_20260126_123527_CH01_TMO_5GNR_WFC_DUT_TC-164-R3.dml,,,,,,,,,,NR SA,,,,,,,,,,,,,,,,,,,594,,,On,Connected,-62.000000,2412,7,,,,IWLAN
452,1,,,-121.9314830,47.5244923,2026-01-26 20:42:59.000,_20260126_123527_CH01_TMO_5GNR_WFC_DUT_TC-164-R3.dml,,,,,,,,,,NR SA,,,,,,,,,,,,,,,,,,,,,,,Connected,,,,,,,IWLAN
453,1,,,-121.9314830,47.5244923,2026-01-26 20:43:00.000,_20260126_123527_CH01_TMO_5GNR_WFC_DUT_TC-164-R3.dml,,,,,,,,,,NR SA,,,,,,,,,,,,,,,,,,,,,,On,Connected,-64.000000,2412,7,,,,IWLAN
454,1,,,-121.9314830,47.5244923,2026-01-26 20:43:01.000,_20260126_123527_CH01_TMO_5GNR_WFC_DUT_TC-164-R3.dml,,,,,,,,,,NR SA,,,,,,,,,,,,,,,,,,,594,,,On,Connected,-64.000000,2412,7,,,,IWLAN
455,1,,,-121.9314830,47.5244923,2026-01-26 20:43:02.000,_20260126_123527_CH01_TMO_5GNR_WFC_DUT_TC-164-R3.dml,,,,,,,,,,NR SA,,,,,,,,,,,,,,,,,,,594,,,On,Connected,-68.000000,2412,7,,,,NR (NR_SA)
456,1,,,-121.9314830,47.5244923,2026-01-26 20:43:03.000,_20260126_123527_CH01_TMO_5GNR_WFC_DUT_TC-164-R3.dml,,,,,,,,,,NR SA,,,,,,,,,,,,,,,,,,,594,,,On,Connected,-68.000000,2412,7,,,,NR (NR_SA)
457,1,,,-121.9314830,47.5244923,2026-01-26 20:43:04.000,_20260126_123527_CH01_TMO_5GNR_WFC_DUT_TC-164-R3.dml,,,,,,,,,,NR SA,,,,,,,,,,,,,,,,,,,594,,,On,Connected,-68.000000,2412,7,,,,NR (NR_SA)
458,1,,,-121.9314830,47.5244923,2026-01-26 20:43:05.000,_20260126_123527_CH01_TMO_5GNR_WFC_DUT_TC-164-R3.dml,,,,,,,,,,NR SA,,,,,,,,,,,,,,,,,,,594,,,On,Connected,-68.000000,2412,7,,,,NR (NR_SA)
459,1,,,-121.9314830,47.5244923,2026-01-26 20:43:06.000,_20260126_123527_CH01_TMO_5GNR_WFC_DUT_TC-164-R3.dml,,,,,,,,,,NR SA,,,,,,,,,,,,,,,,,,,594,,,On,Connected,-68.000000,2412,7,,,,NR (NR_SA)
460,1,,,-121.9314830,47.5244923,2026-01-26 20:43:07.000,_20260126_123527_CH01_TMO_5GNR_WFC_DUT_TC-164-R3.dml,,,,,,,,,,NR SA,,,,,,,,,,,,,,,,,,,594,,,On,Connected,-68.000000,2412,7,,,,NR (NR_SA)
461,1,,,-121.9314830,47.5244923,2026-01-26 20:43:08.000,_20260126_123527_CH01_TMO_5GNR_WFC_DUT_TC-164-R3.dml,,,,,,,,,,NR SA,,,,,,,,,,,,,,,,,,,594,,,On,Connected,-62.000000,2412,7,,,,NR (NR_SA)
462,1,,,-121.9314830,47.5244923,2026-01-26 20:43:09.000,_20260126_123527_CH01_TMO_5GNR_WFC_DUT_TC-164-R3.dml,,,,,,,,,,NR SA,,,,,,,,,,,,,,,,,,,594,,,On,Connected,-62.000000,2412,7,,,,NR (NR_SA)
463,1,,,-121.9314830,47.5244923,2026-01-26 20:43:10.000,_20260126_123527_CH01_TMO_5GNR_WFC_DUT_TC-164-R3.dml,,,,,,,,,,NR SA,,,,,,,,,,,,,,,,,,,594,,,On,Connected,-62.000000,2412,7,,,,NR (NR_SA)
464,1,,,-121.9314830,47.5244923,2026-01-26 20:43:11.000,_20260126_123527_CH01_TMO_5GNR_WFC_DUT_TC-164-R3.dml,,,,,,,,,,NR SA,,,,,,,,,,,,,,,,,,,594,,,On,Connected,-69.000000,2412,7,,,,NR (NR_SA)
465,1,,,-121.9314830,47.5244923,2026-01-26 20:43:12.000,_20260126_123527_CH01_TMO_5GNR_WFC_DUT_TC-164-R3.dml,,,,,,,,,,NR SA,,,,,,,,,,,,,,,,,,,594,,,On,Connected,-69.000000,2412,7,,,,NR (NR_SA)
466,1,,,-121.9314830,47.5244923,2026-01-26 20:43:13.000,_20260126_123527_CH01_TMO_5GNR_WFC_DUT_TC-164-R3.dml,,,,,,,,,,NR SA,,,,,,,,,,,,,,,,,,,594,,,On,Connected,-69.000000,2412,7,,,,IWLAN
467,1,,,-121.9314830,47.5244923,2026-01-26 20:43:14.000,_20260126_123527_CH01_TMO_5GNR_WFC_DUT_TC-164-R3.dml,,,,,,,,,,NR SA,,,,,,,,,,,,,,,,,,,594,,,On,Disconnected,,,,,,,
468,1,,,-121.9314830,47.5244923,2026-01-26 20:43:15.000,_20260126_123527_CH01_TMO_5GNR_WFC_DUT_TC-164-R3.dml,,,,,,,,,,NR SA,,,,,,,,,,,,,,,,,,,594,,,On,Disconnected,,,,,,,NR (NR_SA)
469,1,,,-121.9314830,47.5244923,2026-01-26 20:43:16.000,_20260126_123527_CH01_TMO_5GNR_WFC_DUT_TC-164-R3.dml,,,,,,,,,,NR SA,,,,,,,,,,,,,,,,,,,594,,,On,Disconnected,,,,,,,NR (NR_SA)
470,1,,,-121.9314830,47.5244923,2026-01-26 20:43:17.000,_20260126_123527_CH01_TMO_5GNR_WFC_DUT_TC-164-R3.dml,,,,,,,,,,NR SA,,,,,,,,,,,,,,,,,,,594,,,On,Disconnected,,,,,,,NR (NR_SA)
471,1,,,-121.9314830,47.5244923,2026-01-26 20:43:18.000,_20260126_123527_CH01_TMO_5GNR_WFC_DUT_TC-164-R3.dml,,,,,,,,,,NR SA,,,,,,,,,,,,,,,,,,,594,,,On,Disconnected,,,,,,,NR (NR_SA)
472,1,,,-121.9314830,47.5244923,2026-01-26 20:43:19.000,_20260126_123527_CH01_TMO_5GNR_WFC_DUT_TC-164-R3.dml,,,,,,,,,,NR SA,,,,,,,,,,,,,,,,,,,594,,,,Disconnected,,,,,,,NR (NR_SA)
473,1,,,-121.9314830,47.5244923,2026-01-26 20:43:20.000,_20260126_123527_CH01_TMO_5GNR_WFC_DUT_TC-164-R3.dml,,,,,,,,,,NR SA,,,,,,,,,,,,,,,,,,,594,,,,Disconnected,,,,,,,NR (NR_SA)
474,1,,,-121.9314830,47.5244923,2026-01-26 20:43:21.000,_20260126_123527_CH01_TMO_5GNR_WFC_DUT_TC-164-R3.dml,,,,,,,,,,NR SA,,,,,,,,,,,,,,,,,,,594,,,,Disconnected,,,,,,,
475,1,,,-121.9314830,47.5244923,2026-01-26 20:43:22.000,_20260126_123527_CH01_TMO_5GNR_WFC_DUT_TC-164-R3.dml,,,,,,,,,,NR SA,,,,,,,,,,,,,,,,,,,594,,,On,Disconnected,,,,,,,NR (NR_SA)
476,1,,,-121.9314830,47.5244923,2026-01-26 20:43:23.000,_20260126_123527_CH01_TMO_5GNR_WFC_DUT_TC-164-R3.dml,,,,,,,,,,NR SA,,,,,,,,,,,,,,,,,,,594,,,On,Disconnected,,,,,,,
477,1,,,-121.9314830,47.5244923,2026-01-26 20:43:24.000,_20260126_123527_CH01_TMO_5GNR_WFC_DUT_TC-164-R3.dml,,,,,,,,,,NR SA,,,,,,,,,,,,,,,,,,,594,,,On,Disconnected,,,,,,,NR (NR_SA)
478,1,,,-121.9314830,47.5244923,2026-01-26 20:43:25.000,_20260126_123527_CH01_TMO_5GNR_WFC_DUT_TC-164-R3.dml,,,,,,,,,,NR SA,,,,,,,,,,,,,,,,,,,594,,,On,Disconnected,,,,,,,NR (NR_SA)
479,1,,,-121.9314830,47.5244923,2026-01-26 20:43:26.000,_20260126_123527_CH01_TMO_5GNR_WFC_DUT_TC-164-R3.dml,,,,,,,,,,NR SA,,,,,,,,,,,,,,,,,,,594,,,,Disconnected,,,,,,,
480,1,,,-121.9314830,47.5244923,2026-01-26 20:43:27.000,_20260126_123527_CH01_TMO_5GNR_WFC_DUT_TC-164-R3.dml,,,,,,,,,,NR SA,,,,,,,,,,,,,,,,,,,594,,,,Disconnected,,,,,,,NR (NR_SA)
481,1,,,-121.9314830,47.5244923,2026-01-26 20:43:28.000,_20260126_123527_CH01_TMO_5GNR_WFC_DUT_TC-164-R3.dml,,,,,,,,,,NR SA,,,,,,,,,,,,,,,,,,,594,,,,Disconnected,,,,,,,NR (NR_SA)
482,1,,,-121.9314830,47.5244923,2026-01-26 20:43:29.000,_20260126_123527_CH01_TMO_5GNR_WFC_DUT_TC-164-R3.dml,,,,,,,,,,NR SA,,,,,,,,,,,,,,,,,,,594,,,,Disconnected,,,,,,,NR (NR_SA)
483,1,,,-121.9314830,47.5244923,2026-01-26 20:43:30.000,_20260126_123527_CH01_TMO_5GNR_WFC_DUT_TC-164-R3.dml,,,,,,,,,,NR SA,,,,,,,,,,,,,,,,,,,594,,,,Disconnected,,,,,,,NR (NR_SA)
484,1,,,-121.9314830,47.5244923,2026-01-26 20:43:31.000,_20260126_123527_CH01_TMO_5GNR_WFC_DUT_TC-164-R3.dml,,,,,,,,,,NR SA,,,,,,,,,,,,,,,,,,,594,,,,Disconnected,,,,,,,NR (NR_SA)
485,1,,,-121.9314830,47.5244923,2026-01-26 20:43:32.000,_20260126_123527_CH01_TMO_5GNR_WFC_DUT_TC-164-R3.dml,,,,,,,,,,NR SA,,,,,,,,,,,,,,,,,,,594,,,,Disconnected,,,,,,,NR (NR_SA)
486,1,,,-121.9314830,47.5244923,2026-01-26 20:43:33.000,_20260126_123527_CH01_TMO_5GNR_WFC_DUT_TC-164-R3.dml,,,,,,,,,,NR SA,,,,,,,,,,,,,,,,,,,594,,,,Disconnected,,,,,,,NR (NR_SA)
487,1,,,-121.9314830,47.5244923,2026-01-26 20:43:34.000,_20260126_123527_CH01_TMO_5GNR_WFC_DUT_TC-164-R3.dml,,,,,,,,,,NR SA,,,,,,,,,,,,,,,,,,,594,,,On,Disconnected,,,,,,,NR (NR_SA)
488,1,,,-121.9314830,47.5244923,2026-01-26 20:43:35.000,_20260126_123527_CH01_TMO_5GNR_WFC_DUT_TC-164-R3.dml,,,,,,,,,,NR SA,,,,,,,,,,,,,,,,,,,594,,,On,Disconnected,,,,,,,NR (NR_SA)
489,1,,,-121.9314830,47.5244923,2026-01-26 20:43:36.000,_20260126_123527_CH01_TMO_5GNR_WFC_DUT_TC-164-R3.dml,,,,,,,,,,NR SA,,,,,,,,,,,,,,,,,,,594,,,On,Disconnected,,,,,,,NR (NR_SA)
490,1,,,-121.9314830,47.5244923,2026-01-26 20:43:37.000,_20260126_123527_CH01_TMO_5GNR_WFC_DUT_TC-164-R3.dml,,,,,,,,,,NR SA,,,,,,,,,,,,,,,,,,,594,,,On,Disconnected,,,,,,,
491,1,,,-121.9314830,47.5244923,2026-01-26 20:43:38.000,_20260126_123527_CH01_TMO_5GNR_WFC_DUT_TC-164-R3.dml,,,,,,,,,,NR SA,,,,,,,,,,,,,,,,,,,594,,,On,Disconnected,,,,,,,NR (NR_SA)
492,1,,,-121.9314830,47.5244923,2026-01-26 20:43:39.000,_20260126_123527_CH01_TMO_5GNR_WFC_DUT_TC-164-R3.dml,,,,,,,,,,NR SA,,,,,,,,,,,,,,,,,,,594,,,,Disconnected,,,,,,,NR (NR_SA)
493,1,,,-121.9314830,47.5244923,2026-01-26 20:43:40.000,_20260126_123527_CH01_TMO_5GNR_WFC_DUT_TC-164-R3.dml,,,,,,,,,,NR SA,,,,,,,,,,,,,,,,,,,594,,,,Disconnected,,,,,,,NR (NR_SA)
494,1,,,-121.9314830,47.5244923,2026-01-26 20:43:41.000,_20260126_123527_CH01_TMO_5GNR_WFC_DUT_TC-164-R3.dml,,,,,,,,,,NR SA,,,,,,,,,,,,,,,,,,,594,,,,Disconnected,,,,,,,NR (NR_SA)
495,1,,,-121.9314830,47.5244923,2026-01-26 20:43:42.000,_20260126_123527_CH01_TMO_5GNR_WFC_DUT_TC-164-R3.dml,,,,,,,,,,NR SA,,,,,,,,,,,,,,,,,,,594,,,,Disconnected,,,,,,,NR (NR_SA)
496,1,,,-121.9314830,47.5244923,2026-01-26 20:43:43.000,_20260126_123527_CH01_TMO_5GNR_WFC_DUT_TC-164-R3.dml,,,,,,,,,,NR SA,,,,,,,,,,,,,,,,,,,594,,,,Disconnected,,,,,,,NR (NR_SA)
497,1,,,-121.9314830,47.5244923,2026-01-26 20:43:44.000,_20260126_123527_CH01_TMO_5GNR_WFC_DUT_TC-164-R3.dml,,,,,,,,,,NR SA,,,,,,,,,,,,,,,,,,,594,,,,Disconnected,,,,,,,NR (NR_SA)
498,1,,,-121.9314830,47.5244923,2026-01-26 20:43:45.000,_20260126_123527_CH01_TMO_5GNR_WFC_DUT_TC-164-R3.dml,,,,,,,,,,NR SA,,,,,,,,,,,,,,,,,,,594,,,,Disconnected,,,,,,,NR (NR_SA)
499,1,,,-121.9314830,47.5244923,2026-01-26 20:43:46.000,_20260126_123527_CH01_TMO_5GNR_WFC_DUT_TC-164-R3.dml,,,,,,,,,,NR SA,,,,,,,,,,,,,,,,,,,594,,,,Disconnected,,,,,,,NR (NR_SA)
500,1,,,-121.9314830,47.5244923,2026-01-26 20:43:47.000,_20260126_123527_CH01_TMO_5GNR_WFC_DUT_TC-164-R3.dml,,,,,,,,,,NR SA,,,,,,,,,,,,,,,,,,,594,,,On,Disconnected,,,,,,,NR (NR_SA)
501,1,,,-121.9314830,47.5244923,2026-01-26 20:43:48.000,_20260126_123527_CH01_TMO_5GNR_WFC_DUT_TC-164-R3.dml,,,,,,,,,,NR SA,,,,,,,,,,,,,,,,,,,594,,,On,Disconnected,,,,,,,NR (NR_SA)
502,1,,,-121.9314830,47.5244923,2026-01-26 20:43:49.000,_20260126_123527_CH01_TMO_5GNR_WFC_DUT_TC-164-R3.dml,,,,,,,,,,NR SA,,,,,,,,,,,,,,,,,,,594,,,On,Disconnected,,,,,,,NR (NR_SA)
503,1,,,-121.9314830,47.5244923,2026-01-26 20:43:50.000,_20260126_123527_CH01_TMO_5GNR_WFC_DUT_TC-164-R3.dml,,,,,,,,,,NR SA,,,,,,,,,,,,,,,,,,,594,,,On,Disconnected,,,,,,,NR (NR_SA)
504,1,,,-121.9314830,47.5244923,2026-01-26 20:43:51.000,_20260126_123527_CH01_TMO_5GNR_WFC_DUT_TC-164-R3.dml,,,,,,,,,,NR SA,,,,,,,,,,,,,,,,,,,594,,,,Disconnected,,,,,,,NR (NR_SA)
505,1,,,-121.9314830,47.5244923,2026-01-26 20:43:52.000,_20260126_123527_CH01_TMO_5GNR_WFC_DUT_TC-164-R3.dml,,,,,,,,,,NR SA,,,,,,,,,,,,,,,,,,,594,,,On,Connected,-62.000000,2412,154,,,,IWLAN
506,1,,,-121.9314830,47.5244923,2026-01-26 20:43:53.000,_20260126_123527_CH01_TMO_5GNR_WFC_DUT_TC-164-R3.dml,,,,,,,,,,NR SA,,,,,,,,,,,,,,,,,,,594,,,On,Connected,-62.000000,2412,154,,,,IWLAN
507,1,,,-121.9314830,47.5244923,2026-01-26 20:43:54.000,_20260126_123527_CH01_TMO_5GNR_WFC_DUT_TC-164-R3.dml,,,,,,,,,,NR SA,,,,,,,,,,,,,,,,,,,594,,,On,Connected,-62.000000,2412,154,,,,IWLAN
508,1,,,-121.9314830,47.5244923,2026-01-26 20:43:55.000,_20260126_123527_CH01_TMO_5GNR_WFC_DUT_TC-164-R3.dml,,,,,,,,,,NR SA,,,,,,,,,,,,,,,,,,,594,,,On,Connected,-59.000000,2412,34,,,,IWLAN
509,1,,,-121.9314830,47.5244923,2026-01-26 20:43:56.000,_20260126_123527_CH01_TMO_5GNR_WFC_DUT_TC-164-R3.dml,,,,,,,,,,NR SA,,,,,,,,,,,,,,,,,,,594,,,On,Connected,-59.000000,2412,34,,,,IWLAN
510,1,,,-121.9314830,47.5244923,2026-01-26 20:43:57.000,_20260126_123527_CH01_TMO_5GNR_WFC_DUT_TC-164-R3.dml,,,,,,,,,,NR SA,,,,,,,,,,,,,,,,,,,594,,,On,Connected,-59.000000,2412,34,,,,IWLAN
511,1,,,-121.9314830,47.5244923,2026-01-26 20:43:58.000,_20260126_123527_CH01_TMO_5GNR_WFC_DUT_TC-164-R3.dml,,,,,,,,,,NR SA,,,,,,,,,,,,,,,,,,,594,,,On,Connected,-59.000000,2412,25,,,,IWLAN
512,1,,,-121.9314830,47.5244923,2026-01-26 20:43:59.000,_20260126_123527_CH01_TMO_5GNR_WFC_DUT_TC-164-R3.dml,,,,,,,,,,NR SA,,,,,,,,,,,,,,,,,,,594,,,On,Connected,-59.000000,2412,25,,,,IWLAN
513,1,,,-121.9314830,47.5244923,2026-01-26 20:44:00.000,_20260126_123527_CH01_TMO_5GNR_WFC_DUT_TC-164-R3.dml,,,,,,,,,,NR SA,,,,,,,,,,,,,,,,,,,594,,,On,Connected,-59.000000,2412,25,,,,IWLAN
514,1,,,-121.9314830,47.5244923,2026-01-26 20:44:01.000,_20260126_123527_CH01_TMO_5GNR_WFC_DUT_TC-164-R3.dml,,,,,,,,,,NR SA,,,,,,,,,,,,,,,,,,,594,,,On,Connected,-62.000000,2412,8,,,,IWLAN
515,1,,,-121.9314830,47.5244923,2026-01-26 20:44:02.000,_20260126_123527_CH01_TMO_5GNR_WFC_DUT_TC-164-R3.dml,,,,,,,,,,NR SA,,,,,,,,,,,,,,,,,,,594,,,On,Connected,-62.000000,2412,8,,,,
516,1,,,-121.9314830,47.5244923,2026-01-26 20:44:03.000,_20260126_123527_CH01_TMO_5GNR_WFC_DUT_TC-164-R3.dml,,,,,,,,,,NR SA,,,,,,,,,,,,,,,,,,,594,,,On,Connected,-62.000000,2412,8,,,,IWLAN
517,1,,,-121.9314830,47.5244923,2026-01-26 20:44:04.000,_20260126_123527_CH01_TMO_5GNR_WFC_DUT_TC-164-R3.dml,,,,,,,,,,NR SA,,,,,,,,,,,,,,,,,,,594,,,On,Connected,-59.000000,2412,17,,,,IWLAN
518,1,,,-121.9314830,47.5244923,2026-01-26 20:44:05.000,_20260126_123527_CH01_TMO_5GNR_WFC_DUT_TC-164-R3.dml,,,,,,,,,,NR SA,,,,,,,,,,,,,,,,,,,594,,,On,Connected,-59.000000,2412,17,,,,IWLAN
519,1,,,-121.9314830,47.5244923,2026-01-26 20:44:06.000,_20260126_123527_CH01_TMO_5GNR_WFC_DUT_TC-164-R3.dml,,,,,,,,,,NR SA,,,,,,,,,,,,,,,,,,,594,,,On,Connected,-59.000000,2412,17,,,,IWLAN
520,1,,,-121.9314830,47.5244923,2026-01-26 20:44:07.000,_20260126_123527_CH01_TMO_5GNR_WFC_DUT_TC-164-R3.dml,,,,,,,,,,NR SA,,,,,,,,,,,,,,,,,,,594,,,On,Connected,-61.000000,2412,17,,,,IWLAN
521,1,,,-121.9314830,47.5244923,2026-01-26 20:44:08.000,_20260126_123527_CH01_TMO_5GNR_WFC_DUT_TC-164-R3.dml,,,,,,,,,,NR SA,,,,,,,,,,,,,,,,,,,594,,,On,Connected,-61.000000,2412,17,,,,IWLAN
522,1,,,-121.9314830,47.5244923,2026-01-26 20:44:09.000,_20260126_123527_CH01_TMO_5GNR_WFC_DUT_TC-164-R3.dml,,,,,,,,,,NR SA,,,,,,,,,,,,,,,,,,,594,,,On,Connected,-61.000000,2412,17,,,,IWLAN
523,1,,,-121.9314830,47.5244923,2026-01-26 20:44:10.000,_20260126_123527_CH01_TMO_5GNR_WFC_DUT_TC-164-R3.dml,,,,,,,,,,NR SA,,,,,,,,,,,,,,,,,,,594,,,On,Connected,-61.000000,2412,17,,,,IWLAN
524,1,,,-121.9314830,47.5244923,2026-01-26 20:44:11.000,_20260126_123527_CH01_TMO_5GNR_WFC_DUT_TC-164-R3.dml,,,,,,,,,,NR SA,,,,,,,,,,,,,,,,,,,594,,,On,Connected,-61.000000,2412,17,,,,IWLAN
525,1,,,-121.9314830,47.5244923,2026-01-26 20:44:12.000,_20260126_123527_CH01_TMO_5GNR_WFC_DUT_TC-164-R3.dml,,,,,,,,,,NR SA,,,,,,,,,,,,,,,,,,,594,,,On,Connected,-61.000000,2412,17,,,,IWLAN
526,1,,,-121.9314830,47.5244923,2026-01-26 20:44:13.000,_20260126_123527_CH01_TMO_5GNR_WFC_DUT_TC-164-R3.dml,,,,,,,,,,NR SA,,,,,,,,,,,,,,,,,,,594,,,On,Connected,-58.000000,2412,34,,,,IWLAN
527,1,,,-121.9314830,47.5244923,2026-01-26 20:44:14.000,_20260126_123527_CH01_TMO_5GNR_WFC_DUT_TC-164-R3.dml,,,,,,,,,,NR SA,,,,,,,,,,,,,,,,,,,594,,,On,Connected,-58.000000,2412,34,,,,IWLAN
528,1,,,-121.9314830,47.5244923,2026-01-26 20:44:15.000,_20260126_123527_CH01_TMO_5GNR_WFC_DUT_TC-164-R3.dml,,,,,,,,,,NR SA,,,,,,,,,,,,,,,,,,,594,,,On,Connected,-58.000000,2412,34,,,,IWLAN
529,1,,,-121.9314830,47.5244923,2026-01-26 20:44:16.000,_20260126_123527_CH01_TMO_5GNR_WFC_DUT_TC-164-R3.dml,,,,,,,,,,NR SA,,,,,,,,,,,,,,,,,,,594,,,On,Connected,-60.000000,2412,17,,,,IWLAN
530,1,,,-121.9314830,47.5244923,2026-01-26 20:44:17.000,_20260126_123527_CH01_TMO_5GNR_WFC_DUT_TC-164-R3.dml,,,,,,,,,,NR SA,,,,,,,,,,,,,,,,,,,594,,,On,Connected,-60.000000,2412,17,,,,IWLAN
531,1,,,-121.9314830,47.5244923,2026-01-26 20:44:18.000,_20260126_123527_CH01_TMO_5GNR_WFC_DUT_TC-164-R3.dml,,,,,,,,,,NR SA,,,,,,,,,,,,,,,,,,,594,,,On,Connected,-60.000000,2412,17,,,,IWLAN
532,1,,,-121.9314830,47.5244923,2026-01-26 20:44:19.000,_20260126_123527_CH01_TMO_5GNR_WFC_DUT_TC-164-R3.dml,,,,,,,,,,NR SA,,,,,,,,,,,,,,,,,,,594,,,On,Connected,-62.000000,2412,17,,,,
533,1,,,-121.9314830,47.5244923,2026-01-26 20:44:20.000,_20260126_123527_CH01_TMO_5GNR_WFC_DUT_TC-164-R3.dml,,,,,,,,,,NR SA,,,,,,,,,,,,,,,,,,,594,,,On,Connected,-62.000000,2412,17,,,,IWLAN
534,1,,,-121.9314830,47.5244923,2026-01-26 20:44:21.000,_20260126_123527_CH01_TMO_5GNR_WFC_DUT_TC-164-R3.dml,,,,,,,,,,NR SA,,,,,,,,,,,,,,,,,,,594,,,On,Connected,-62.000000,2412,17,,,,IWLAN
535,1,,,-121.9314830,47.5244923,2026-01-26 20:44:22.000,_20260126_123527_CH01_TMO_5GNR_WFC_DUT_TC-164-R3.dml,,,,,,,,,,NR SA,,,,,,,,,,,,,,,,,,,594,,,On,Connected,-59.000000,2412,34,,,,IWLAN
536,1,,,-121.9314830,47.5244923,2026-01-26 20:44:23.000,_20260126_123527_CH01_TMO_5GNR_WFC_DUT_TC-164-R3.dml,,,,,,,,,,NR SA,,,,,,,,,,,,,,,,,,,594,,,On,Connected,-59.000000,2412,34,,,,IWLAN
537,1,,,-121.9314830,47.5244923,2026-01-26 20:44:24.000,_20260126_123527_CH01_TMO_5GNR_WFC_DUT_TC-164-R3.dml,,,,,,,,,,NR SA,,,,,,,,,,,,,,,,,,,594,,,On,Connected,-59.000000,2412,34,,,,IWLAN
538,1,,,-121.9314830,47.5244923,2026-01-26 20:44:25.000,_20260126_123527_CH01_TMO_5GNR_WFC_DUT_TC-164-R3.dml,,,,,,,,,,NR SA,,,,,,,,,,,,,,,,,,,594,,,On,Connected,-60.000000,2412,17,,,,IWLAN
539,1,,,-121.9314830,47.5244923,2026-01-26 20:44:26.000,_20260126_123527_CH01_TMO_5GNR_WFC_DUT_TC-164-R3.dml,,,,,,,,,,NR SA,,,,,,,,,,,,,,,,,,,594,,,On,Connected,-60.000000,2412,17,,,,
540,1,,,-121.9314830,47.5244923,2026-01-26 20:44:27.000,_20260126_123527_CH01_TMO_5GNR_WFC_DUT_TC-164-R3.dml,,,,,,,,,,NR SA,,,,,,,,,,,,,,,,,,,594,,,On,Connected,-60.000000,2412,17,,,,IWLAN
541,1,,,-121.9314830,47.5244923,2026-01-26 20:44:28.000,_20260126_123527_CH01_TMO_5GNR_WFC_DUT_TC-164-R3.dml,,,,,,,,,,NR SA,,,,,,,,,,,,,,,,,,,594,,,On,Connected,-60.000000,2412,25,,,,IWLAN
542,1,,,-121.9314830,47.5244923,2026-01-26 20:44:29.000,_20260126_123527_CH01_TMO_5GNR_WFC_DUT_TC-164-R3.dml,,,,,,,,,,NR SA,,,,,,,,,,,,,,,,,,,594,,,On,Connected,-60.000000,2412,25,,,,IWLAN
543,1,,,-121.9314830,47.5244923,2026-01-26 20:44:30.000,_20260126_123527_CH01_TMO_5GNR_WFC_DUT_TC-164-R3.dml,,,,,,,,,,NR SA,,,,,,,,,,,,,,,,,,,594,,,On,Connected,-60.000000,2412,25,,,,
544,1,,,-121.9314830,47.5244923,2026-01-26 20:44:31.000,_20260126_123527_CH01_TMO_5GNR_WFC_DUT_TC-164-R3.dml,,,,,,,,,,NR SA,,,,,,,,,,,,,,,,,,,594,,,On,Connected,-59.000000,2412,17,,,,IWLAN
545,1,,,-121.9314830,47.5244923,2026-01-26 20:44:32.000,_20260126_123527_CH01_TMO_5GNR_WFC_DUT_TC-164-R3.dml,,,,,,,,,,NR SA,,,,,,,,,,,,,,,,,,,594,,,On,Connected,-59.000000,2412,17,,,,IWLAN
546,1,,,-121.9314830,47.5244923,2026-01-26 20:44:33.000,_20260126_123527_CH01_TMO_5GNR_WFC_DUT_TC-164-R3.dml,,,,,,,,,,NR SA,,,,,,,,,,,,,,,,,,,594,,,On,Connected,-59.000000,2412,17,,,,IWLAN
547,1,,,-121.9314830,47.5244923,2026-01-26 20:44:34.000,_20260126_123527_CH01_TMO_5GNR_WFC_DUT_TC-164-R3.dml,,,,,,,,,,NR SA,,,,,,,,,,,,,,,,,,,594,,,On,Connected,-58.000000,2412,25,,,,IWLAN
548,1,,,-121.9314830,47.5244923,2026-01-26 20:44:35.000,_20260126_123527_CH01_TMO_5GNR_WFC_DUT_TC-164-R3.dml,,,,,,,,,,NR SA,,,,,,,,,,,,,,,,,,,594,,,On,Connected,-58.000000,2412,25,,,,IWLAN
549,1,,,-121.9314830,47.5244923,2026-01-26 20:44:36.000,_20260126_123527_CH01_TMO_5GNR_WFC_DUT_TC-164-R3.dml,,,,,,,,,,NR SA,,,,,,,,,,,,,,,,,,,594,,,On,Connected,-58.000000,2412,25,,,,IWLAN
550,1,,,-121.9314830,47.5244923,2026-01-26 20:44:37.000,_20260126_123527_CH01_TMO_5GNR_WFC_DUT_TC-164-R3.dml,,,,,,,,,,NR SA,,,,,,,,,,,,,,,,,,,594,,,On,Connected,-58.000000,2412,17,,,,IWLAN
551,1,,,-121.9314830,47.5244923,2026-01-26 20:44:38.000,_20260126_123527_CH01_TMO_5GNR_WFC_DUT_TC-164-R3.dml,,,,,,,,,,NR SA,,,,,,,,,,,,,,,,,,,594,,,On,Connected,-58.000000,2412,17,,,,IWLAN
552,1,,,-121.9314830,47.5244923,2026-01-26 20:44:39.000,_20260126_123527_CH01_TMO_5GNR_WFC_DUT_TC-164-R3.dml,,,,,,,,,,NR SA,,,,,,,,,,,,,,,,,,,594,,,On,Connected,-58.000000,2412,17,,,,IWLAN
553,1,,,-121.9314830,47.5244923,2026-01-26 20:44:40.000,_20260126_123527_CH01_TMO_5GNR_WFC_DUT_TC-164-R3.dml,,,,,,,,,,NR SA,,,,,,,,,,,,,,,,,,,594,,,On,Connected,-60.000000,2412,17,,,,IWLAN
554,1,,,-121.9314830,47.5244923,2026-01-26 20:44:41.000,_20260126_123527_CH01_TMO_5GNR_WFC_DUT_TC-164-R3.dml,,,,,,,,,,NR SA,,,,,,,,,,,,,,,,,,,594,,,On,Connected,-60.000000,2412,17,,,,IWLAN
555,1,,,-121.9314830,47.5244923,2026-01-26 20:44:42.000,_20260126_123527_CH01_TMO_5GNR_WFC_DUT_TC-164-R3.dml,,,,,,,,,,NR SA,,,,,,,,,,,,,,,,,,,594,,,On,Connected,-60.000000,2412,17,,,,IWLAN
556,1,,,-121.9314830,47.5244923,2026-01-26 20:44:43.000,_20260126_123527_CH01_TMO_5GNR_WFC_DUT_TC-164-R3.dml,,,,,,,,,,NR SA,,,,,,,,,,,,,,,,,,,594,,,On,Connected,-57.000000,2412,51,,,,IWLAN
557,1,,,-121.9314830,47.5244923,2026-01-26 20:44:44.000,_20260126_123527_CH01_TMO_5GNR_WFC_DUT_TC-164-R3.dml,,,,,,,,,,NR SA,,,,,,,,,,,,,,,,,,,594,,,On,Connected,-57.000000,2412,51,,,,IWLAN
558,1,,,-121.9314830,47.5244923,2026-01-26 20:44:45.000,_20260126_123527_CH01_TMO_5GNR_WFC_DUT_TC-164-R3.dml,,,,,,,,,,NR SA,,,,,,,,,,,,,,,,,,,594,,,On,Connected,-57.000000,2412,51,,,,IWLAN
559,1,,,-121.9314830,47.5244923,2026-01-26 20:44:46.000,_20260126_123527_CH01_TMO_5GNR_WFC_DUT_TC-164-R3.dml,,,,,,,,,,NR SA,,,,,,,,,,,,,,,,,,,594,,,On,Connected,-53.000000,2412,51,,,,IWLAN
560,1,,,-121.9314830,47.5244923,2026-01-26 20:44:47.000,_20260126_123527_CH01_TMO_5GNR_WFC_DUT_TC-164-R3.dml,,,,,,,,,,NR SA,,,,,,,,,,,,,,,,,,,594,,,On,Connected,-53.000000,2412,51,,,,IWLAN
561,1,,,-121.9314830,47.5244923,2026-01-26 20:44:48.000,_20260126_123527_CH01_TMO_5GNR_WFC_DUT_TC-164-R3.dml,,,,,,,,,,NR SA,,,,,,,,,,,,,,,,,,,,,,On,Connected,-53.000000,2412,51,,,,IWLAN
562,1,,,-121.9314830,47.5244923,2026-01-26 20:44:49.000,_20260126_123527_CH01_TMO_5GNR_WFC_DUT_TC-164-R3.dml,,,,,,,,,,NR SA,,,,,,,,,,,,,,,,,,,594,,,On,Connected,-58.000000,2412,34,,,,IWLAN
563,1,,,-121.9314830,47.5244923,2026-01-26 20:44:50.000,_20260126_123527_CH01_TMO_5GNR_WFC_DUT_TC-164-R3.dml,,,,,,,,,,NR SA,,,,,,,,,,,,,,,,,,,,,,On,Connected,-58.000000,2412,34,,,,IWLAN
564,1,,,-121.9314830,47.5244923,2026-01-26 20:44:51.000,_20260126_123527_CH01_TMO_5GNR_WFC_DUT_TC-164-R3.dml,,,,,,,,,,NR SA,,,,,,,,,,,,,,,,,,,,,,On,Connected,-58.000000,2412,34,,,,IWLAN
565,1,,,-121.9314830,47.5244923,2026-01-26 20:44:52.000,_20260126_123527_CH01_TMO_5GNR_WFC_DUT_TC-164-R3.dml,,,,,,,,,,NR SA,,,,,,,,,,,,,,,,,,,594,,,On,Connected,-61.000000,2412,17,,,,IWLAN
566,1,,,-121.9314830,47.5244923,2026-01-26 20:44:53.000,_20260126_123527_CH01_TMO_5GNR_WFC_DUT_TC-164-R3.dml,,,,,,,,,,NR SA,,,,,,,,,,,,,,,,,,,,,,On,Connected,-61.000000,2412,17,,,,IWLAN
567,1,,,-121.9314830,47.5244923,2026-01-26 20:44:54.000,_20260126_123527_CH01_TMO_5GNR_WFC_DUT_TC-164-R3.dml,,,,,,,,,,NR SA,,,,,,,,,,,,,,,,,,,594,,,On,Connected,-61.000000,2412,17,,,,IWLAN
568,1,,,-121.9314830,47.5244923,2026-01-26 20:44:55.000,_20260126_123527_CH01_TMO_5GNR_WFC_DUT_TC-164-R3.dml,,,,,,,,,,NR SA,,,,,,,,,,,,,,,,,,,594,,,On,Connected,-62.000000,2412,8,,,,IWLAN
569,1,,,-121.9314830,47.5244923,2026-01-26 20:44:56.000,_20260126_123527_CH01_TMO_5GNR_WFC_DUT_TC-164-R3.dml,,,,,,,,,,NR SA,,,,,,,,,,,,,,,,,,,,,,On,Connected,-62.000000,2412,8,,,,IWLAN
570,1,,,-121.9314830,47.5244923,2026-01-26 20:44:57.000,_20260126_123527_CH01_TMO_5GNR_WFC_DUT_TC-164-R3.dml,,,,,,,,,,NR SA,,,,,,,,,,,,,,,,,,,,,,On,Connected,-62.000000,2412,8,,,,IWLAN
571,1,,,-121.9314830,47.5244923,2026-01-26 20:44:58.000,_20260126_123527_CH01_TMO_5GNR_WFC_DUT_TC-164-R3.dml,,,,,,,,,,NR SA,,,,,,,,,,,,,,,,,,,594,,,On,Connected,-54.000000,2412,34,,,,IWLAN
572,1,,,-121.9314830,47.5244923,2026-01-26 20:44:59.000,_20260126_123527_CH01_TMO_5GNR_WFC_DUT_TC-164-R3.dml,,,,,,,,,,NR SA,,,,,,,,,,,,,,,,,,,,,,On,Connected,-54.000000,2412,34,,,,IWLAN
573,1,,,-121.9314830,47.5244923,2026-01-26 20:45:00.000,_20260126_123527_CH01_TMO_5GNR_WFC_DUT_TC-164-R3.dml,,,,,,,,,,NR SA,,,,,,,,,,,,,,,,,,,,,,On,Connected,-54.000000,2412,34,,,,IWLAN
574,1,,,-121.9314830,47.5244923,2026-01-26 20:45:01.000,_20260126_123527_CH01_TMO_5GNR_WFC_DUT_TC-164-R3.dml,,,,,,,,,,NR SA,,,,,,,,,,,,,,,,,,,594,,,On,Connected,-54.000000,2412,51,,,,IWLAN
575,1,,,-121.9314830,47.5244923,2026-01-26 20:45:02.000,_20260126_123527_CH01_TMO_5GNR_WFC_DUT_TC-164-R3.dml,,,,,,,,,,NR SA,,,,,,,,,,,,,,,,,,,594,,,On,Connected,-54.000000,2412,51,,,,IWLAN
576,1,,,-121.9314830,47.5244923,2026-01-26 20:45:03.000,_20260126_123527_CH01_TMO_5GNR_WFC_DUT_TC-164-R3.dml,,,,,,,,,,NR SA,,,,,,,,,,,,,,,,,,,,,,On,Connected,-54.000000,2412,51,,,,IWLAN
577,1,,,-121.9314830,47.5244923,2026-01-26 20:45:04.000,_20260126_123527_CH01_TMO_5GNR_WFC_DUT_TC-164-R3.dml,,,,,,,,,,NR SA,,,,,,,,,,,,,,,,,,,594,,,On,Connected,-57.000000,2412,34,,,,IWLAN
578,1,,,-121.9314830,47.5244923,2026-01-26 20:45:05.000,_20260126_123527_CH01_TMO_5GNR_WFC_DUT_TC-164-R3.dml,,,,,,,,,,NR SA,,,,,,,,,,,,,,,,,,,,,,On,Connected,-57.000000,2412,34,,,,IWLAN
579,1,,,-121.9314830,47.5244923,2026-01-26 20:45:06.000,_20260126_123527_CH01_TMO_5GNR_WFC_DUT_TC-164-R3.dml,,,,,,,,,,NR SA,,,,,,,,,,,,,,,,,,,,,,On,Connected,-57.000000,2412,34,,,,IWLAN
580,1,,,-121.9314830,47.5244923,2026-01-26 20:45:07.000,_20260126_123527_CH01_TMO_5GNR_WFC_DUT_TC-164-R3.dml,,,,,,,,,,NR SA,,,,,,,,,,,,,,,,,,,594,,,On,Connected,-57.000000,2412,34,,,,IWLAN
581,1,,,-121.9314830,47.5244923,2026-01-26 20:45:08.000,_20260126_123527_CH01_TMO_5GNR_WFC_DUT_TC-164-R3.dml,,,,,,,,,,NR SA,,,,,,,,,,,,,,,,,,,,,,On,Connected,-57.000000,2412,34,,,,IWLAN
582,1,,,-121.9314830,47.5244923,2026-01-26 20:45:09.000,_20260126_123527_CH01_TMO_5GNR_WFC_DUT_TC-164-R3.dml,,,,,,,,,,NR SA,,,,,,,,,,,,,,,,,,,594,,,On,Connected,-57.000000,2412,34,,,,IWLAN
583,1,,,-121.9314830,47.5244923,2026-01-26 20:45:10.000,_20260126_123527_CH01_TMO_5GNR_WFC_DUT_TC-164-R3.dml,,,,,,,,,,NR SA,,,,,,,,,,,,,,,,,,,,,,On,Connected,-52.000000,2412,51,,,,IWLAN
584,1,,,-121.9314830,47.5244923,2026-01-26 20:45:11.000,_20260126_123527_CH01_TMO_5GNR_WFC_DUT_TC-164-R3.dml,,,,,,,,,,NR SA,,,,,,,,,,,,,,,,,,,,,,On,Connected,-52.000000,2412,51,,,,IWLAN
585,1,,,-121.9314830,47.5244923,2026-01-26 20:45:12.000,_20260126_123527_CH01_TMO_5GNR_WFC_DUT_TC-164-R3.dml,,,,,,,,,,NR SA,,,,,,,,,,,,,,,,,,,594,,,On,Connected,-52.000000,2412,51,,,,IWLAN
586,1,,,-121.9314830,47.5244923,2026-01-26 20:45:13.000,_20260126_123527_CH01_TMO_5GNR_WFC_DUT_TC-164-R3.dml,,,,,,,,,,NR SA,,,,,,,,,,,,,,,,,,,,,,On,Connected,-51.000000,2412,103,,,,IWLAN
587,1,,,-121.9314830,47.5244923,2026-01-26 20:45:14.000,_20260126_123527_CH01_TMO_5GNR_WFC_DUT_TC-164-R3.dml,,,,,,,,,,NR SA,,,,,,,,,,,,,,,,,,,,,,On,Connected,-51.000000,2412,103,,,,IWLAN
588,1,,,-121.9314830,47.5244923,2026-01-26 20:45:15.000,_20260126_123527_CH01_TMO_5GNR_WFC_DUT_TC-164-R3.dml,,,,,,,,,,NR SA,,,,,,,,,,,,,,,,,,,594,,,On,Connected,-51.000000,2412,103,,,,IWLAN
589,1,,,-121.9314830,47.5244923,2026-01-26 20:45:16.000,_20260126_123527_CH01_TMO_5GNR_WFC_DUT_TC-164-R3.dml,,,,,,,,,,NR SA,,,,,,,,,,,,,,,,,,,,,,On,Connected,-54.000000,2412,51,,,,IWLAN
590,1,,,-121.9314830,47.5244923,2026-01-26 20:45:17.000,_20260126_123527_CH01_TMO_5GNR_WFC_DUT_TC-164-R3.dml,,,,,,,,,,NR SA,,,,,,,,,,,,,,,,,,,594,,,On,Connected,-54.000000,2412,51,,,,IWLAN
591,1,,,-121.9314830,47.5244923,2026-01-26 20:45:18.000,_20260126_123527_CH01_TMO_5GNR_WFC_DUT_TC-164-R3.dml,,,,,,,,,,NR SA,,,,,,,,,,,,,,,,,,,,,,On,Connected,-54.000000,2412,51,,,,IWLAN
592,1,,,-121.9314830,47.5244923,2026-01-26 20:45:19.000,_20260126_123527_CH01_TMO_5GNR_WFC_DUT_TC-164-R3.dml,,,,,,,,,,NR SA,,,,,,,,,,,,,,,,,,,,,,On,Connected,-51.000000,2412,68,,,,IWLAN
593,1,,,-121.9314830,47.5244923,2026-01-26 20:45:20.000,_20260126_123527_CH01_TMO_5GNR_WFC_DUT_TC-164-R3.dml,,,,,,,,,,NR SA,,,,,,,,,,,,,,,,,,,594,,,On,Connected,-51.000000,2412,68,,,,IWLAN
594,1,,,-121.9314830,47.5244923,2026-01-26 20:45:21.000,_20260126_123527_CH01_TMO_5GNR_WFC_DUT_TC-164-R3.dml,,,,,,,,,,NR SA,,,,,,,,,,,,,,,,,,,,,,On,Connected,-51.000000,2412,68,,,,IWLAN
595,1,,,-121.9314830,47.5244923,2026-01-26 20:45:22.000,_20260126_123527_CH01_TMO_5GNR_WFC_DUT_TC-164-R3.dml,,,,,,,,,,NR SA,,,,,,,,,,,,,,,,,,,594,,,On,Connected,-52.000000,2412,51,,,,IWLAN
596,1,,,-121.9314830,47.5244923,2026-01-26 20:45:23.000,_20260126_123527_CH01_TMO_5GNR_WFC_DUT_TC-164-R3.dml,,,,,,,,,,NR SA,,,,,,,,,,,,,,,,,,,,,,On,Connected,-52.000000,2412,51,,,,IWLAN
597,1,,,-121.9314830,47.5244923,2026-01-26 20:45:24.000,_20260126_123527_CH01_TMO_5GNR_WFC_DUT_TC-164-R3.dml,,,,,,,,,,NR SA,,,,,,,,,,,,,,,,,,,,,,On,Connected,-52.000000,2412,51,,,,IWLAN
598,1,,,-121.9314830,47.5244923,2026-01-26 20:45:25.000,_20260126_123527_CH01_TMO_5GNR_WFC_DUT_TC-164-R3.dml,,,,,,,,,,NR SA,,,,,,,,,,,,,,,,,,,594,,,On,Connected,-55.000000,2412,51,,,,IWLAN
599,1,,,-121.9314830,47.5244923,2026-01-26 20:45:26.000,_20260126_123527_CH01_TMO_5GNR_WFC_DUT_TC-164-R3.dml,,,,,,,,,,NR SA,,,,,,,,,,,,,,,,,,,,,,On,Connected,-55.000000,2412,51,,,,IWLAN
600,1,,,-121.9314830,47.5244923,2026-01-26 20:45:27.000,_20260126_123527_CH01_TMO_5GNR_WFC_DUT_TC-164-R3.dml,,,,,,,,,,NR SA,,,,,,,,,,,,,,,,,,,594,,,On,Connected,-55.000000,2412,51,,,,IWLAN
601,1,,,-121.9314830,47.5244923,2026-01-26 20:45:28.000,_20260126_123527_CH01_TMO_5GNR_WFC_DUT_TC-164-R3.dml,,,,,,,,,,NR SA,,,,,,,,,,,,,,,,,,,,,,On,Connected,-53.000000,2412,68,,,,IWLAN
602,1,,,-121.9314830,47.5244923,2026-01-26 20:45:29.000,_20260126_123527_CH01_TMO_5GNR_WFC_DUT_TC-164-R3.dml,,,,,,,,,,NR SA,,,,,,,,,,,,,,,,,,,,,,On,Connected,-53.000000,2412,68,,,,IWLAN
603,1,,,-121.9314830,47.5244923,2026-01-26 20:45:30.000,_20260126_123527_CH01_TMO_5GNR_WFC_DUT_TC-164-R3.dml,,,,,,,,,,NR SA,,,,,,,,,,,,,,,,,,,594,,,On,Connected,-53.000000,2412,68,,,,IWLAN
604,1,,,-121.9314830,47.5244923,2026-01-26 20:45:31.000,_20260126_123527_CH01_TMO_5GNR_WFC_DUT_TC-164-R3.dml,,,,,,,,,,NR SA,,,,,,,,,,,,,,,,,,,,,,On,Connected,-49.000000,2412,77,,,,IWLAN
605,1,,,-121.9314830,47.5244923,2026-01-26 20:45:32.000,_20260126_123527_CH01_TMO_5GNR_WFC_DUT_TC-164-R3.dml,,,,,,,,,,NR SA,,,,,,,,,,,,,,,,,,,,,,On,Connected,-49.000000,2412,77,,,,IWLAN
606,1,,,-121.9314830,47.5244923,2026-01-26 20:45:33.000,_20260126_123527_CH01_TMO_5GNR_WFC_DUT_TC-164-R3.dml,,,,,,,,,,NR SA,,,,,,,,,,,,,,,,,,,594,,,On,Connected,-49.000000,2412,77,,,,IWLAN
607,1,,,-121.9314830,47.5244923,2026-01-26 20:45:34.000,_20260126_123527_CH01_TMO_5GNR_WFC_DUT_TC-164-R3.dml,,,,,,,,,,NR SA,,,,,,,,,,,,,,,,,,,,,,On,Connected,-51.000000,2412,77,,,,IWLAN
608,1,,,-121.9314830,47.5244923,2026-01-26 20:45:35.000,_20260126_123527_CH01_TMO_5GNR_WFC_DUT_TC-164-R3.dml,,,,,,,,,,NR SA,,,,,,,,,,,,,,,,,,,594,,,On,Connected,-51.000000,2412,77,,,,IWLAN
609,1,,,-121.9314830,47.5244923,2026-01-26 20:45:36.000,_20260126_123527_CH01_TMO_5GNR_WFC_DUT_TC-164-R3.dml,,,,,,,,,,NR SA,,,,,,,,,,,,,,,,,,,,,,On,Connected,-51.000000,2412,77,,,,IWLAN
610,1,,,-121.9314830,47.5244923,2026-01-26 20:45:37.000,_20260126_123527_CH01_TMO_5GNR_WFC_DUT_TC-164-R3.dml,,,,,,,,,,NR SA,,,,,,,,,,,,,,,,,,,594,,,On,Connected,-53.000000,2412,68,,,,IWLAN
611,1,,,-121.9314830,47.5244923,2026-01-26 20:45:38.000,_20260126_123527_CH01_TMO_5GNR_WFC_DUT_TC-164-R3.dml,,,,,,,,,,NR SA,,,,,,,,,,,,,,,,,,,,,,On,Connected,-53.000000,2412,68,,,,IWLAN
612,1,,,-121.9314830,47.5244923,2026-01-26 20:45:39.000,_20260126_123527_CH01_TMO_5GNR_WFC_DUT_TC-164-R3.dml,,,,,,,,,,NR SA,,,,,,,,,,,,,,,,,,,594,,,On,Connected,-53.000000,2412,68,,,,IWLAN
613,1,,,-121.9314830,47.5244923,2026-01-26 20:45:40.000,_20260126_123527_CH01_TMO_5GNR_WFC_DUT_TC-164-R3.dml,,,,,,,,,,NR SA,,,,,,,,,,,,,,,,,,,,,,On,Connected,-54.000000,2412,68,,,,IWLAN
614,1,,,-121.9314830,47.5244923,2026-01-26 20:45:41.000,_20260126_123527_CH01_TMO_5GNR_WFC_DUT_TC-164-R3.dml,,,,,,,,,,NR SA,,,,,,,,,,,,,,,,,,,,,,On,Connected,-54.000000,2412,68,,,,IWLAN
615,1,,,-121.9314830,47.5244923,2026-01-26 20:45:42.000,_20260126_123527_CH01_TMO_5GNR_WFC_DUT_TC-164-R3.dml,,,,,,,,,,NR SA,,,,,,,,,,,,,,,,,,,594,,,On,Connected,-54.000000,2412,68,,,,IWLAN
616,1,,,-121.9314830,47.5244923,2026-01-26 20:45:43.000,_20260126_123527_CH01_TMO_5GNR_WFC_DUT_TC-164-R3.dml,,,,,,,,,,NR SA,,,,,,,,,,,,,,,,,,,,,,On,Connected,-50.000000,2412,68,,,,IWLAN
617,1,,,-121.9314830,47.5244923,2026-01-26 20:45:44.000,_20260126_123527_CH01_TMO_5GNR_WFC_DUT_TC-164-R3.dml,,,,,,,,,,NR SA,,,,,,,,,,,,,,,,,,,594,,,On,Connected,-50.000000,2412,68,,,,IWLAN
618,1,,,-121.9314830,47.5244923,2026-01-26 20:45:45.000,_20260126_123527_CH01_TMO_5GNR_WFC_DUT_TC-164-R3.dml,,,,,,,,,,NR SA,,,,,,,,,,,,,,,,,,,,,,On,Connected,-50.000000,2412,68,,,,IWLAN
619,1,,,-121.9314830,47.5244923,2026-01-26 20:45:46.000,_20260126_123527_CH01_TMO_5GNR_WFC_DUT_TC-164-R3.dml,,,,,,,,,,NR SA,,,,,,,,,,,,,,,,,,,,,,,Connected,,,,,,,IWLAN
620,1,,,-121.9314830,47.5244923,2026-01-26 20:45:47.000,_20260126_123527_CH01_TMO_5GNR_WFC_DUT_TC-164-R3.dml,,,,,,,,,,NR SA,,,,,,,,,,,,,,,,,,,594,,,On,Connected,-50.000000,2412,103,,,,IWLAN
621,1,,,-121.9314830,47.5244923,2026-01-26 20:45:48.000,_20260126_123527_CH01_TMO_5GNR_WFC_DUT_TC-164-R3.dml,,,,,,,,,,NR SA,,,,,,,,,,,,,,,,,,,,,,,Connected,,,,,,,IWLAN
622,1,,,-121.9314830,47.5244923,2026-01-26 20:45:49.000,_20260126_123527_CH01_TMO_5GNR_WFC_DUT_TC-164-R3.dml,,,,,,,,,,NR SA,,,,,,,,,,,,,,,,,,,594,,,On,Connected,-50.500000,2412,68,,,,IWLAN
623,1,,,-121.9314830,47.5244923,2026-01-26 20:45:50.000,_20260126_123527_CH01_TMO_5GNR_WFC_DUT_TC-164-R3.dml,,,,,,,,,,NR SA,,,,,,,,,,,,,,,,,,,,,,On,Connected,-51.000000,2412,68,,,,IWLAN
624,1,,,-121.9314830,47.5244923,2026-01-26 20:45:51.000,_20260126_123527_CH01_TMO_5GNR_WFC_DUT_TC-164-R3.dml,,,,,,,,,,NR SA,,,,,,,,,,,,,,,,,,,,,,On,Connected,-51.000000,2412,68,,,,IWLAN
625,1,,,-121.9314830,47.5244923,2026-01-26 20:45:52.000,_20260126_123527_CH01_TMO_5GNR_WFC_DUT_TC-164-R3.dml,,,,,,,,,,NR SA,,,,,,,,,,,,,,,,,,,594,,,On,Connected,-50.000000,2412,68,,,,IWLAN
626,1,,,-121.9314830,47.5244923,2026-01-26 20:45:53.000,_20260126_123527_CH01_TMO_5GNR_WFC_DUT_TC-164-R3.dml,,,,,,,,,,NR SA,,,,,,,,,,,,,,,,,,,,,,On,Connected,-50.000000,2412,68,,,,IWLAN
627,1,,,-121.9314830,47.5244923,2026-01-26 20:45:54.000,_20260126_123527_CH01_TMO_5GNR_WFC_DUT_TC-164-R3.dml,,,,,,,,,,NR SA,,,,,,,,,,,,,,,,,,,594,,,On,Connected,-50.000000,2412,68,,,,IWLAN
628,1,,,-121.9314830,47.5244923,2026-01-26 20:45:55.000,_20260126_123527_CH01_TMO_5GNR_WFC_DUT_TC-164-R3.dml,,,,,,,,,,NR SA,,,,,,,,,,,,,,,,,,,,,,On,Connected,-46.000000,2412,68,,,,IWLAN
629,1,,,-121.9314830,47.5244923,2026-01-26 20:45:56.000,_20260126_123527_CH01_TMO_5GNR_WFC_DUT_TC-164-R3.dml,,,,,,,,,,NR SA,,,,,,,,,,,,,,,,,,,,,,On,Connected,-46.000000,2412,68,,,,IWLAN
630,1,,,-121.9314830,47.5244923,2026-01-26 20:45:57.000,_20260126_123527_CH01_TMO_5GNR_WFC_DUT_TC-164-R3.dml,,,,,,,,,,NR SA,,,,,,,,,,,,,,,,,,,594,,,,Connected,,,,,,,IWLAN
631,1,,,-121.9314830,47.5244923,2026-01-26 20:45:58.000,_20260126_123527_CH01_TMO_5GNR_WFC_DUT_TC-164-R3.dml,,,,,,,,,,NR SA,,,,,,,,,,,,,,,,,,,,,,On,Connected,-46.000000,2412,68,,,,IWLAN
632,1,,,-121.9314830,47.5244923,2026-01-26 20:45:59.000,_20260126_123527_CH01_TMO_5GNR_WFC_DUT_TC-164-R3.dml,,,,,,,,,,NR SA,,,,,,,,,,,,,,,,,,,594,,,On,Connected,-51.000000,2412,68,,,,IWLAN
633,1,,,-121.9314830,47.5244923,2026-01-26 20:46:00.000,_20260126_123527_CH01_TMO_5GNR_WFC_DUT_TC-164-R3.dml,,,,,,,,,,NR SA,,,,,,,,,,,,,,,,,,,,,,On,Connected,-51.000000,2412,68,,,,IWLAN
634,1,,,-121.9314830,47.5244923,2026-01-26 20:46:01.000,_20260126_123527_CH01_TMO_5GNR_WFC_DUT_TC-164-R3.dml,,,,,,,,,,NR SA,,,,,,,,,,,,,,,,,,,,,,On,Connected,-53.000000,2412,51,,,,IWLAN
635,1,,,-121.9314830,47.5244923,2026-01-26 20:46:02.000,_20260126_123527_CH01_TMO_5GNR_WFC_DUT_TC-164-R3.dml,,,,,,,,,,NR SA,,,,,,,,,,,,,,,,,,,594,,,On,Connected,-53.000000,2412,51,,,,IWLAN
636,1,,,-121.9314830,47.5244923,2026-01-26 20:46:03.000,_20260126_123527_CH01_TMO_5GNR_WFC_DUT_TC-164-R3.dml,,,,,,,,,,NR SA,,,,,,,,,,,,,,,,,,,,,,,Connected,,,,,,,IWLAN
637,1,,,-121.9314830,47.5244923,2026-01-26 20:46:04.000,_20260126_123527_CH01_TMO_5GNR_WFC_DUT_TC-164-R3.dml,,,,,,,,,,NR SA,,,,,,,,,,,,,,,,,,,,,,On,Connected,-53.000000,2412,51,,,,IWLAN
638,1,,,-121.9314830,47.5244923,2026-01-26 20:46:05.000,_20260126_123527_CH01_TMO_5GNR_WFC_DUT_TC-164-R3.dml,,,,,,,,,,NR SA,,,,,,,,,,,,,,,,,,,594,,,On,Connected,-51.000000,2412,68,,,,IWLAN
639,1,,,-121.9314830,47.5244923,2026-01-26 20:46:06.000,_20260126_123527_CH01_TMO_5GNR_WFC_DUT_TC-164-R3.dml,,,,,,,,,,NR SA,,,,,,,,,,,,,,,,,,,,,,On,Connected,-51.000000,2412,68,,,,IWLAN
640,1,,,-121.9314830,47.5244923,2026-01-26 20:46:07.000,_20260126_123527_CH01_TMO_5GNR_WFC_DUT_TC-164-R3.dml,,,,,,,,,,NR SA,,,,,,,,,,,,,,,,,,,,,,On,Connected,-52.000000,2412,68,,,,IWLAN
641,1,,,-121.9314830,47.5244923,2026-01-26 20:46:08.000,_20260126_123527_CH01_TMO_5GNR_WFC_DUT_TC-164-R3.dml,,,,,,,,,,NR SA,,,,,,,,,,,,,,,,,,,594,,,On,Connected,-52.000000,2412,68,,,,IWLAN
642,1,,,-121.9314830,47.5244923,2026-01-26 20:46:09.000,_20260126_123527_CH01_TMO_5GNR_WFC_DUT_TC-164-R3.dml,,,,,,,,,,NR SA,,,,,,,,,,,,,,,,,,,,,,On,Connected,-52.000000,2412,68,,,,IWLAN
643,1,,,-121.9314830,47.5244923,2026-01-26 20:46:10.000,_20260126_123527_CH01_TMO_5GNR_WFC_DUT_TC-164-R3.dml,,,,,,,,,,NR SA,,,,,,,,,,,,,,,,,,,594,,,On,Connected,-45.000000,2412,68,,,,IWLAN
644,1,,,-121.9314830,47.5244923,2026-01-26 20:46:11.000,_20260126_123527_CH01_TMO_5GNR_WFC_DUT_TC-164-R3.dml,,,,,,,,,,NR SA,,,,,,,,,,,,,,,,,,,,,,On,Connected,-45.000000,2412,68,,,,IWLAN
645,1,,,-121.9314830,47.5244923,2026-01-26 20:46:12.000,_20260126_123527_CH01_TMO_5GNR_WFC_DUT_TC-164-R3.dml,,,,,,,,,,NR SA,,,,,,,,,,,,,,,,,,,,,,,Connected,,,,,,,IWLAN
646,1,,,-121.9314830,47.5244923,2026-01-26 20:46:13.000,_20260126_123527_CH01_TMO_5GNR_WFC_DUT_TC-164-R3.dml,,,,,,,,,,NR SA,,,,,,,,,,,,,,,,,,,594,,,On,Connected,-45.500000,2412,68,,,,IWLAN
647,1,,,-121.9314830,47.5244923,2026-01-26 20:46:14.000,_20260126_123527_CH01_TMO_5GNR_WFC_DUT_TC-164-R3.dml,,,,,,,,,,NR SA,,,,,,,,,,,,,,,,,,,,,,,Connected,,,,,,,IWLAN
648,1,,,-121.9314830,47.5244923,2026-01-26 20:46:15.000,_20260126_123527_CH01_TMO_5GNR_WFC_DUT_TC-164-R3.dml,,,,,,,,,,NR SA,,,,,,,,,,,,,,,,,,,594,,,On,Connected,-46.000000,2412,68,,,,IWLAN
649,1,,,-121.9314830,47.5244923,2026-01-26 20:46:16.000,_20260126_123527_CH01_TMO_5GNR_WFC_DUT_TC-164-R3.dml,,,,,,,,,,NR SA,,,,,,,,,,,,,,,,,,,,,,On,Connected,-48.500000,2412,77,,,,IWLAN
650,1,,,-121.9314830,47.5244923,2026-01-26 20:46:17.000,_20260126_123527_CH01_TMO_5GNR_WFC_DUT_TC-164-R3.dml,,,,,,,,,,NR SA,,,,,,,,,,,,,,,,,,,,,,,Connected,,,,,,,IWLAN
651,1,,,-121.9314830,47.5244923,2026-01-26 20:46:18.000,_20260126_123527_CH01_TMO_5GNR_WFC_DUT_TC-164-R3.dml,,,,,,,,,,NR SA,,,,,,,,,,,,,,,,,,,594,,,On,Connected,-51.000000,2412,77,,,,IWLAN
652,1,,,-121.9314830,47.5244923,2026-01-26 20:46:19.000,_20260126_123527_CH01_TMO_5GNR_WFC_DUT_TC-164-R3.dml,,,,,,,,,,NR SA,,,,,,,,,,,,,,,,,,,,,,On,Connected,-51.000000,2412,77,,,,IWLAN
653,1,,,-121.9314830,47.5244923,2026-01-26 20:46:20.000,_20260126_123527_CH01_TMO_5GNR_WFC_DUT_TC-164-R3.dml,,,,,,,,,,NR SA,,,,,,,,,,,,,,,,,,,,,,On,Connected,-51.000000,2412,86,,,,IWLAN
654,1,,,-121.9314830,47.5244923,2026-01-26 20:46:21.000,_20260126_123527_CH01_TMO_5GNR_WFC_DUT_TC-164-R3.dml,,,,,,,,,,NR SA,,,,,,,,,,,,,,,,,,,594,,,On,Connected,-51.000000,2412,86,,,,IWLAN
655,1,,,-121.9314830,47.5244923,2026-01-26 20:46:22.000,_20260126_123527_CH01_TMO_5GNR_WFC_DUT_TC-164-R3.dml,,,,,,,,,,NR SA,,,,,,,,,,,,,,,,,,,,,,On,Connected,-51.000000,2412,86,,,,IWLAN
656,1,,,-121.9314830,47.5244923,2026-01-26 20:46:23.000,_20260126_123527_CH01_TMO_5GNR_WFC_DUT_TC-164-R3.dml,,,,,,,,,,NR SA,,,,,,,,,,,,,,,,,,,594,,,On,Connected,-49.000000,2412,77,,,,IWLAN
657,1,,,-121.9314830,47.5244923,2026-01-26 20:46:24.000,_20260126_123527_CH01_TMO_5GNR_WFC_DUT_TC-164-R3.dml,,,,,,,,,,NR SA,,,,,,,,,,,,,,,,,,,594,,,On,Connected,-49.000000,2412,77,,,,IWLAN
658,1,,,-121.9314830,47.5244923,2026-01-26 20:46:25.000,_20260126_123527_CH01_TMO_5GNR_WFC_DUT_TC-164-R3.dml,,,,,,,,,,NR SA,,,,,,,,,,,,,,,,,,,,,,On,Connected,-49.000000,2412,77,,,,IWLAN
659,1,,,-121.9314830,47.5244923,2026-01-26 20:46:26.000,_20260126_123527_CH01_TMO_5GNR_WFC_DUT_TC-164-R3.dml,,,,,,,,,,NR SA,,,,,,,,,,,,,,,,,,,,,,On,Connected,-50.000000,2412,77,,,,IWLAN
660,1,,,-121.9314830,47.5244923,2026-01-26 20:46:27.000,_20260126_123527_CH01_TMO_5GNR_WFC_DUT_TC-164-R3.dml,,,,,,,,,,NR SA,,,,,,,,,,,,,,,,,,,594,,,On,Connected,-50.000000,2412,77,,,,IWLAN
661,1,,,-121.9314830,47.5244923,2026-01-26 20:46:28.000,_20260126_123527_CH01_TMO_5GNR_WFC_DUT_TC-164-R3.dml,,,,,,,,,,NR SA,,,,,,,,,,,,,,,,,,,,,,On,Connected,-50.000000,2412,77,,,,IWLAN
662,1,,,-121.9314830,47.5244923,2026-01-26 20:46:29.000,_20260126_123527_CH01_TMO_5GNR_WFC_DUT_TC-164-R3.dml,,,,,,,,,,NR SA,,,,,,,,,,,,,,,,,,,594,,,On,Connected,-49.000000,2412,77,,,,IWLAN
663,1,,,-121.9314830,47.5244923,2026-01-26 20:46:30.000,_20260126_123527_CH01_TMO_5GNR_WFC_DUT_TC-164-R3.dml,,,,,,,,,,NR SA,,,,,,,,,,,,,,,,,,,,,,On,Connected,-49.000000,2412,77,,,,IWLAN
664,1,,,-121.9314830,47.5244923,2026-01-26 20:46:31.000,_20260126_123527_CH01_TMO_5GNR_WFC_DUT_TC-164-R3.dml,,,,,,,,,,NR SA,,,,,,,,,,,,,,,,,,,,,,On,Connected,-49.000000,2412,77,,,,IWLAN
665,1,,,-121.9314830,47.5244923,2026-01-26 20:46:32.000,_20260126_123527_CH01_TMO_5GNR_WFC_DUT_TC-164-R3.dml,,,,,,,,,,NR SA,,,,,,,,,,,,,,,,,,,594,,,On,Connected,-52.000000,2412,77,,,,IWLAN
666,1,,,-121.9314830,47.5244923,2026-01-26 20:46:33.000,_20260126_123527_CH01_TMO_5GNR_WFC_DUT_TC-164-R3.dml,,,,,,,,,,NR SA,,,,,,,,,,,,,,,,,,,,,,On,Connected,-52.000000,2412,77,,,,IWLAN
667,1,,,-121.9314830,47.5244923,2026-01-26 20:46:34.000,_20260126_123527_CH01_TMO_5GNR_WFC_DUT_TC-164-R3.dml,,,,,,,,,,NR SA,,,,,,,,,,,,,,,,,,,,,,On,Connected,-52.000000,2412,77,,,,IWLAN
668,1,,,-121.9314830,47.5244923,2026-01-26 20:46:35.000,_20260126_123527_CH01_TMO_5GNR_WFC_DUT_TC-164-R3.dml,,,,,,,,,,NR SA,,,,,,,,,,,,,,,,,,,594,,,On,Connected,-50.000000,2412,68,,,,IWLAN
669,1,,,-121.9314830,47.5244923,2026-01-26 20:46:36.000,_20260126_123527_CH01_TMO_5GNR_WFC_DUT_TC-164-R3.dml,,,,,,,,,,NR SA,,,,,,,,,,,,,,,,,,,594,,,On,Connected,-50.000000,2412,68,,,,IWLAN
670,1,,,-121.9314830,47.5244923,2026-01-26 20:46:37.000,_20260126_123527_CH01_TMO_5GNR_WFC_DUT_TC-164-R3.dml,,,,,,,,,,NR SA,,,,,,,,,,,,,,,,,,,,,,On,Connected,-50.000000,2412,86,,,,IWLAN
671,1,,,-121.9314830,47.5244923,2026-01-26 20:46:38.000,_20260126_123527_CH01_TMO_5GNR_WFC_DUT_TC-164-R3.dml,,,,,,,,,,NR SA,,,,,,,,,,,,,,,,,,,594,,,,Connected,,,,,,,IWLAN
672,1,,,-121.9314830,47.5244923,2026-01-26 20:46:39.000,_20260126_123527_CH01_TMO_5GNR_WFC_DUT_TC-164-R3.dml,,,,,,,,,,NR SA,,,,,,,,,,,,,,,,,,,,,,On,Connected,-50.000000,2412,86,,,,IWLAN
673,1,,,-121.9314830,47.5244923,2026-01-26 20:46:40.000,_20260126_123527_CH01_TMO_5GNR_WFC_DUT_TC-164-R3.dml,,,,,,,,,,NR SA,,,,,,,,,,,,,,,,,,,594,,,On,Connected,-50.000000,2412,86,,,,IWLAN
674,1,,,-121.9314830,47.5244923,2026-01-26 20:46:41.000,_20260126_123527_CH01_TMO_5GNR_WFC_DUT_TC-164-R3.dml,,,,,,,,,,NR SA,,,,,,,,,,,,,,,,,,,,,,On,Connected,-50.000000,2412,77,,,,IWLAN
675,1,,,-121.9314830,47.5244923,2026-01-26 20:46:42.000,_20260126_123527_CH01_TMO_5GNR_WFC_DUT_TC-164-R3.dml,,,,,,,,,,NR SA,,,,,,,,,,,,,,,,,,,,,,On,Connected,-50.000000,2412,77,,,,IWLAN
676,1,,,-121.9314830,47.5244923,2026-01-26 20:46:43.000,_20260126_123527_CH01_TMO_5GNR_WFC_DUT_TC-164-R3.dml,,,,,,,,,,NR SA,,,,,,,,,,,,,,,,,,,594,,,On,Connected,-50.000000,2412,77,,,,IWLAN
677,1,,,-121.9314830,47.5244923,2026-01-26 20:46:44.000,_20260126_123527_CH01_TMO_5GNR_WFC_DUT_TC-164-R3.dml,,,,,,,,,,NR SA,,,,,,,,,,,,,,,,,,,,,,On,Connected,-50.000000,2412,68,,,,IWLAN
678,1,,,-121.9314830,47.5244923,2026-01-26 20:46:45.000,_20260126_123527_CH01_TMO_5GNR_WFC_DUT_TC-164-R3.dml,,,,,,,,,,NR SA,,,,,,,,,,,,,,,,,,,594,,,On,Connected,-50.000000,2412,68,,,,IWLAN
679,1,,,-121.9314830,47.5244923,2026-01-26 20:46:46.000,_20260126_123527_CH01_TMO_5GNR_WFC_DUT_TC-164-R3.dml,,,,,,,,,,NR SA,,,,,,,,,,,,,,,,,,,,,,On,Connected,-50.000000,2412,68,,,,IWLAN
680,1,,,-121.9314830,47.5244923,2026-01-26 20:46:47.000,_20260126_123527_CH01_TMO_5GNR_WFC_DUT_TC-164-R3.dml,,,,,,,,,,NR SA,,,,,,,,,,,,,,,,,,,,,,On,Connected,-48.000000,2412,86,,,,IWLAN
681,1,,,-121.9314830,47.5244923,2026-01-26 20:46:48.000,_20260126_123527_CH01_TMO_5GNR_WFC_DUT_TC-164-R3.dml,,,,,,,,,,NR SA,,,,,,,,,,,,,,,,,,,594,,,On,Connected,-48.000000,2412,86,,,,IWLAN
682,1,,,-121.9314830,47.5244923,2026-01-26 20:46:49.000,_20260126_123527_CH01_TMO_5GNR_WFC_DUT_TC-164-R3.dml,,,,,,,,,,NR SA,,,,,,,,,,,,,,,,,,,,,,On,Connected,-48.000000,2412,86,,,,IWLAN
683,1,,,-121.9314830,47.5244923,2026-01-26 20:46:50.000,_20260126_123527_CH01_TMO_5GNR_WFC_DUT_TC-164-R3.dml,,,,,,,,,,NR SA,,,,,,,,,,,,,,,,,,,,,,On,Connected,-51.000000,2412,77,,,,IWLAN
684,1,,,-121.9314830,47.5244923,2026-01-26 20:46:51.000,_20260126_123527_CH01_TMO_5GNR_WFC_DUT_TC-164-R3.dml,,,,,,,,,,NR SA,,,,,,,,,,,,,,,,,,,594,,,On,Connected,-51.000000,2412,77,,,,IWLAN
685,1,,,-121.9314830,47.5244923,2026-01-26 20:46:52.000,_20260126_123527_CH01_TMO_5GNR_WFC_DUT_TC-164-R3.dml,,,,,,,,,,NR SA,,,,,,,,,,,,,,,,,,,,,,On,Connected,-51.000000,2412,77,,,,IWLAN
686,1,,,-121.9314830,47.5244923,2026-01-26 20:46:53.000,_20260126_123527_CH01_TMO_5GNR_WFC_DUT_TC-164-R3.dml,,,,,,,,,,NR SA,,,,,,,,,,,,,,,,,,,594,,,On,Connected,-53.000000,2412,68,,,,IWLAN
687,1,,,-121.9314830,47.5244923,2026-01-26 20:46:54.000,_20260126_123527_CH01_TMO_5GNR_WFC_DUT_TC-164-R3.dml,,,,,,,,,,NR SA,,,,,,,,,,,,,,,,,,,,,,On,Connected,-53.000000,2412,68,,,,IWLAN
688,1,,,-121.9314830,47.5244923,2026-01-26 20:46:55.000,_20260126_123527_CH01_TMO_5GNR_WFC_DUT_TC-164-R3.dml,,,,,,,,,,NR SA,,,,,,,,,,,,,,,,,,,,,,On,Connected,-53.000000,2412,68,,,,IWLAN
689,1,,,-121.9314830,47.5244923,2026-01-26 20:46:56.000,_20260126_123527_CH01_TMO_5GNR_WFC_DUT_TC-164-R3.dml,,,,,,,,,,NR SA,,,,,,,,,,,,,,,,,,,594,,,On,Connected,-51.000000,2412,51,,,,IWLAN
690,1,,,-121.9314830,47.5244923,2026-01-26 20:46:57.000,_20260126_123527_CH01_TMO_5GNR_WFC_DUT_TC-164-R3.dml,,,,,,,,,,NR SA,,,,,,,,,,,,,,,,,,,,,,On,Connected,-51.000000,2412,51,,,,IWLAN
691,1,,,-121.9314830,47.5244923,2026-01-26 20:46:58.000,_20260126_123527_CH01_TMO_5GNR_WFC_DUT_TC-164-R3.dml,,,,,,,,,,NR SA,,,,,,,,,,,,,,,,,,,594,,,On,Connected,-51.000000,2412,51,,,,IWLAN
692,1,,,-121.9314830,47.5244923,2026-01-26 20:46:59.000,_20260126_123527_CH01_TMO_5GNR_WFC_DUT_TC-164-R3.dml,,,,,,,,,,NR SA,,,,,,,,,,,,,,,,,,,,,,On,Connected,-49.000000,2412,68,,,,IWLAN
693,1,,,-121.9314830,47.5244923,2026-01-26 20:47:00.000,_20260126_123527_CH01_TMO_5GNR_WFC_DUT_TC-164-R3.dml,,,,,,,,,,NR SA,,,,,,,,,,,,,,,,,,,,,,On,Connected,-49.000000,2412,68,,,,IWLAN
694,1,,,-121.9314830,47.5244923,2026-01-26 20:47:01.000,_20260126_123527_CH01_TMO_5GNR_WFC_DUT_TC-164-R3.dml,,,,,,,,,,NR SA,,,,,,,,,,,,,,,,,,,594,,,On,Connected,-49.000000,2412,68,,,,IWLAN
695,1,,,-121.9314830,47.5244923,2026-01-26 20:47:02.000,_20260126_123527_CH01_TMO_5GNR_WFC_DUT_TC-164-R3.dml,,,,,,,,,,NR SA,,,,,,,,,,,,,,,,,,,,,,On,Connected,-53.000000,2412,77,,,,IWLAN
696,1,,,-121.9314830,47.5244923,2026-01-26 20:47:03.000,_20260126_123527_CH01_TMO_5GNR_WFC_DUT_TC-164-R3.dml,,,,,,,,,,NR SA,,,,,,,,,,,,,,,,,,,594,,,On,Connected,-53.000000,2412,77,,,,IWLAN
697,1,,,-121.9314830,47.5244923,2026-01-26 20:47:04.000,_20260126_123527_CH01_TMO_5GNR_WFC_DUT_TC-164-R3.dml,,,,,,,,,,NR SA,,,,,,,,,,,,,,,,,,,,,,On,Connected,-53.000000,2412,77,,,,IWLAN
698,1,,,-121.9314830,47.5244923,2026-01-26 20:47:05.000,_20260126_123527_CH01_TMO_5GNR_WFC_DUT_TC-164-R3.dml,,,,,,,,,,NR SA,,,,,,,,,,,,,,,,,,,594,,,On,Connected,-56.000000,2412,34,,,,IWLAN
699,1,,,-121.9314830,47.5244923,2026-01-26 20:47:06.000,_20260126_123527_CH01_TMO_5GNR_WFC_DUT_TC-164-R3.dml,,,,,,,,,,NR SA,,,,,,,,,,,,,,,,,,,,,,On,Connected,-56.000000,2412,34,,,,IWLAN
700,1,,,-121.9314830,47.5244923,2026-01-26 20:47:07.000,_20260126_123527_CH01_TMO_5GNR_WFC_DUT_TC-164-R3.dml,,,,,,,,,,NR SA,,,,,,,,,,,,,,,,,,,594,,,On,Connected,-56.000000,2412,34,,,,IWLAN
701,1,,,-121.9314830,47.5244923,2026-01-26 20:47:08.000,_20260126_123527_CH01_TMO_5GNR_WFC_DUT_TC-164-R3.dml,,,,,,,,,,NR SA,,,,,,,,,,,,,,,,,,,,,,On,Connected,-51.000000,2412,68,,,,IWLAN
702,1,,,-121.9314830,47.5244923,2026-01-26 20:47:09.000,_20260126_123527_CH01_TMO_5GNR_WFC_DUT_TC-164-R3.dml,,,,,,,,,,NR SA,,,,,,,,,,,,,,,,,,,,,,On,Connected,-51.000000,2412,68,,,,IWLAN
703,1,,,-121.9314830,47.5244923,2026-01-26 20:47:10.000,_20260126_123527_CH01_TMO_5GNR_WFC_DUT_TC-164-R3.dml,,,,,,,,,,NR SA,,,,,,,,,,,,,,,,,,,594,,,On,Connected,-51.000000,2412,68,,,,IWLAN
704,1,,,-121.9314830,47.5244923,2026-01-26 20:47:11.000,_20260126_123527_CH01_TMO_5GNR_WFC_DUT_TC-164-R3.dml,,,,,,,,,,NR SA,,,,,,,,,,,,,,,,,,,594,,,On,Connected,-52.000000,2412,34,,,,IWLAN
705,1,,,-121.9314830,47.5244923,2026-01-26 20:47:12.000,_20260126_123527_CH01_TMO_5GNR_WFC_DUT_TC-164-R3.dml,,,,,,,,,,NR SA,,,,,,,,,,,,,,,,,,,,,,On,Connected,-52.000000,2412,34,,,,IWLAN
706,1,,,-121.9314830,47.5244923,2026-01-26 20:47:13.000,_20260126_123527_CH01_TMO_5GNR_WFC_DUT_TC-164-R3.dml,,,,,,,,,,NR SA,,,,,,,,,,,,,,,,,,,,,,On,Connected,-52.000000,2412,34,,,,IWLAN
707,1,,,-121.9314830,47.5244923,2026-01-26 20:47:14.000,_20260126_123527_CH01_TMO_5GNR_WFC_DUT_TC-164-R3.dml,,,,,,,,,,NR SA,,,,,,,,,,,,,,,,,,,594,,,On,Connected,-54.000000,2412,68,,,,IWLAN
708,1,,,-121.9314830,47.5244923,2026-01-26 20:47:15.000,_20260126_123527_CH01_TMO_5GNR_WFC_DUT_TC-164-R3.dml,,,,,,,,,,NR SA,,,,,,,,,,,,,,,,,,,,,,On,Connected,-54.000000,2412,68,,,,IWLAN
709,1,,,-121.9314830,47.5244923,2026-01-26 20:47:16.000,_20260126_123527_CH01_TMO_5GNR_WFC_DUT_TC-164-R3.dml,,,,,,,,,,NR SA,,,,,,,,,,,,,,,,,,,594,,,On,Connected,-54.000000,2412,68,,,,IWLAN
710,1,,,-121.9314830,47.5244923,2026-01-26 20:47:17.000,_20260126_123527_CH01_TMO_5GNR_WFC_DUT_TC-164-R3.dml,,,,,,,,,,NR SA,,,,,,,,,,,,,,,,,,,,,,On,Connected,-47.000000,2412,51,,,,IWLAN
711,1,,,-121.9314830,47.5244923,2026-01-26 20:47:18.000,_20260126_123527_CH01_TMO_5GNR_WFC_DUT_TC-164-R3.dml,,,,,,,,,,NR SA,,,,,,,,,,,,,,,,,,,,,,On,Connected,-47.000000,2412,51,,,,IWLAN
712,1,,,-121.9314830,47.5244923,2026-01-26 20:47:19.000,_20260126_123527_CH01_TMO_5GNR_WFC_DUT_TC-164-R3.dml,,,,,,,,,,NR SA,,,,,,,,,,,,,,,,,,,594,,,On,Connected,-47.000000,2412,51,,,,IWLAN
713,1,,,-121.9314830,47.5244923,2026-01-26 20:47:20.000,_20260126_123527_CH01_TMO_5GNR_WFC_DUT_TC-164-R3.dml,,,,,,,,,,NR SA,,,,,,,,,,,,,,,,,,,,,,On,Connected,-52.000000,2412,51,,,,IWLAN
714,1,,,-121.9314830,47.5244923,2026-01-26 20:47:21.000,_20260126_123527_CH01_TMO_5GNR_WFC_DUT_TC-164-R3.dml,,,,,,,,,,NR SA,,,,,,,,,,,,,,,,,,,594,,,On,Connected,-52.000000,2412,51,,,,IWLAN
715,1,,,-121.9314830,47.5244923,2026-01-26 20:47:22.000,_20260126_123527_CH01_TMO_5GNR_WFC_DUT_TC-164-R3.dml,,,,,,,,,,NR SA,,,,,,,,,,,,,,,,,,,,,,On,Connected,-52.000000,2412,51,,,,IWLAN
716,1,,,-121.9314830,47.5244923,2026-01-26 20:47:23.000,_20260126_123527_CH01_TMO_5GNR_WFC_DUT_TC-164-R3.dml,,,,,,,,,,NR SA,,,,,,,,,,,,,,,,,,,,,,On,Connected,-50.000000,2412,68,,,,IWLAN
717,1,,,-121.9314830,47.5244923,2026-01-26 20:47:24.000,_20260126_123527_CH01_TMO_5GNR_WFC_DUT_TC-164-R3.dml,,,,,,,,,,NR SA,,,,,,,,,,,,,,,,,,,594,,,On,Connected,-50.000000,2412,68,,,,IWLAN
718,1,,,-121.9314830,47.5244923,2026-01-26 20:47:25.000,_20260126_123527_CH01_TMO_5GNR_WFC_DUT_TC-164-R3.dml,,,,,,,,,,NR SA,,,,,,,,,,,,,,,,,,,,,,On,Connected,-50.000000,2412,68,,,,IWLAN
719,1,,,-121.9314830,47.5244923,2026-01-26 20:47:26.000,_20260126_123527_CH01_TMO_5GNR_WFC_DUT_TC-164-R3.dml,,,,,,,,,,NR SA,,,,,,,,,,,,,,,,,,,594,,,On,Connected,-57.000000,2412,34,,,,IWLAN
720,1,,,-121.9314830,47.5244923,2026-01-26 20:47:27.000,_20260126_123527_CH01_TMO_5GNR_WFC_DUT_TC-164-R3.dml,,,,,,,,,,NR SA,,,,,,,,,,,,,,,,,,,,,,On,Connected,-57.000000,2412,34,,,,IWLAN
721,1,,,-121.9314830,47.5244923,2026-01-26 20:47:28.000,_20260126_123527_CH01_TMO_5GNR_WFC_DUT_TC-164-R3.dml,,,,,,,,,,NR SA,,,,,,,,,,,,,,,,,,,,,,On,Connected,-57.000000,2412,34,,,,IWLAN
722,1,,,-121.9314830,47.5244923,2026-01-26 20:47:29.000,_20260126_123527_CH01_TMO_5GNR_WFC_DUT_TC-164-R3.dml,,,,,,,,,,NR SA,,,,,,,,,,,,,,,,,,,594,,,On,Connected,-55.000000,2412,34,,,,IWLAN
723,1,,,-121.9314830,47.5244923,2026-01-26 20:47:30.000,_20260126_123527_CH01_TMO_5GNR_WFC_DUT_TC-164-R3.dml,,,,,,,,,,NR SA,,,,,,,,,,,,,,,,,,,,,,On,Connected,-55.000000,2412,34,,,,IWLAN
724,1,,,-121.9314830,47.5244923,2026-01-26 20:47:31.000,_20260126_123527_CH01_TMO_5GNR_WFC_DUT_TC-164-R3.dml,,,,,,,,,,NR SA,,,,,,,,,,,,,,,,,,,,,,On,Connected,-55.000000,2412,34,,,,IWLAN
725,1,,,-121.9314830,47.5244923,2026-01-26 20:47:32.000,_20260126_123527_CH01_TMO_5GNR_WFC_DUT_TC-164-R3.dml,,,,,,,,,,NR SA,,,,,,,,,,,,,,,,,,,594,,,On,Connected,-52.000000,2412,51,,,,IWLAN
726,1,,,-121.9314830,47.5244923,2026-01-26 20:47:33.000,_20260126_123527_CH01_TMO_5GNR_WFC_DUT_TC-164-R3.dml,,,,,,,,,,NR SA,,,,,,,,,,,,,,,,,,,,,,On,Connected,-52.000000,2412,51,,,,IWLAN
727,1,,,-121.9314830,47.5244923,2026-01-26 20:47:34.000,_20260126_123527_CH01_TMO_5GNR_WFC_DUT_TC-164-R3.dml,,,,,,,,,,NR SA,,,,,,,,,,,,,,,,,,,594,,,On,Connected,-52.000000,2412,51,,,,IWLAN
728,1,,,-121.9314830,47.5244923,2026-01-26 20:47:35.000,_20260126_123527_CH01_TMO_5GNR_WFC_DUT_TC-164-R3.dml,,,,,,,,,,NR SA,,,,,,,,,,,,,,,,,,,,,,On,Connected,-59.000000,2412,51,,,,IWLAN
729,1,,,-121.9314830,47.5244923,2026-01-26 20:47:36.000,_20260126_123527_CH01_TMO_5GNR_WFC_DUT_TC-164-R3.dml,,,,,,,,,,NR SA,,,,,,,,,,,,,,,,,,,,,,On,Connected,-59.000000,2412,51,,,,IWLAN
730,1,,,-121.9314830,47.5244923,2026-01-26 20:47:37.000,_20260126_123527_CH01_TMO_5GNR_WFC_DUT_TC-164-R3.dml,,,,,,,,,,NR SA,,,,,,,,,,,,,,,,,,,594,,,On,Connected,-59.000000,2412,51,,,,IWLAN
731,1,,,-121.9314830,47.5244923,2026-01-26 20:47:38.000,_20260126_123527_CH01_TMO_5GNR_WFC_DUT_TC-164-R3.dml,,,,,,,,,,NR SA,,,,,,,,,,,,,,,,,,,,,,On,Connected,-55.000000,2412,34,,,,IWLAN
732,1,,,-121.9314830,47.5244923,2026-01-26 20:47:39.000,_20260126_123527_CH01_TMO_5GNR_WFC_DUT_TC-164-R3.dml,,,,,,,,,,NR SA,,,,,,,,,,,,,,,,,,,594,,,On,Connected,-55.000000,2412,34,,,,IWLAN
733,1,,,-121.9314830,47.5244923,2026-01-26 20:47:40.000,_20260126_123527_CH01_TMO_5GNR_WFC_DUT_TC-164-R3.dml,,,,,,,,,,NR SA,,,,,,,,,,,,,,,,,,,,,,On,Connected,-55.000000,2412,34,,,,IWLAN
734,1,,,-121.9314830,47.5244923,2026-01-26 20:47:41.000,_20260126_123527_CH01_TMO_5GNR_WFC_DUT_TC-164-R3.dml,,,,,,,,,,NR SA,,,,,,,,,,,,,,,,,,,,,,On,Connected,-55.000000,2412,51,,,,IWLAN
735,1,,,-121.9314830,47.5244923,2026-01-26 20:47:42.000,_20260126_123527_CH01_TMO_5GNR_WFC_DUT_TC-164-R3.dml,,,,,,,,,,NR SA,,,,,,,,,,,,,,,,,,,594,,,On,Connected,-55.000000,2412,51,,,,IWLAN
736,1,,,-121.9314830,47.5244923,2026-01-26 20:47:43.000,_20260126_123527_CH01_TMO_5GNR_WFC_DUT_TC-164-R3.dml,,,,,,,,,,NR SA,,,,,,,,,,,,,,,,,,,,,,On,Connected,-55.000000,2412,51,,,,IWLAN
737,1,,,-121.9314830,47.5244923,2026-01-26 20:47:44.000,_20260126_123527_CH01_TMO_5GNR_WFC_DUT_TC-164-R3.dml,,,,,,,,,,NR SA,,,,,,,,,,,,,,,,,,,594,,,On,Connected,-56.000000,2412,51,,,,IWLAN
738,1,,,-121.9314830,47.5244923,2026-01-26 20:47:45.000,_20260126_123527_CH01_TMO_5GNR_WFC_DUT_TC-164-R3.dml,,,,,,,,,,NR SA,,,,,,,,,,,,,,,,,,,,,,On,Connected,-56.000000,2412,51,,,,IWLAN
739,1,,,-121.9314830,47.5244923,2026-01-26 20:47:46.000,_20260126_123527_CH01_TMO_5GNR_WFC_DUT_TC-164-R3.dml,,,,,,,,,,NR SA,,,,,,,,,,,,,,,,,,,,,,On,Connected,-56.000000,2412,51,,,,IWLAN
740,1,,,-121.9314830,47.5244923,2026-01-26 20:47:47.000,_20260126_123527_CH01_TMO_5GNR_WFC_DUT_TC-164-R3.dml,,,,,,,,,,NR SA,,,,,,,,,,,,,,,,,,,594,,,On,Connected,-57.000000,2412,51,,,,IWLAN
741,1,,,-121.9314830,47.5244923,2026-01-26 20:47:48.000,_20260126_123527_CH01_TMO_5GNR_WFC_DUT_TC-164-R3.dml,,,,,,,,,,NR SA,,,,,,,,,,,,,,,,,,,,,,On,Connected,-57.000000,2412,51,,,,IWLAN
742,1,,,-121.9314830,47.5244923,2026-01-26 20:47:49.000,_20260126_123527_CH01_TMO_5GNR_WFC_DUT_TC-164-R3.dml,,,,,,,,,,NR SA,,,,,,,,,,,,,,,,,,,594,,,On,Connected,-57.000000,2412,51,,,,IWLAN
743,1,,,-121.9314830,47.5244923,2026-01-26 20:47:50.000,_20260126_123527_CH01_TMO_5GNR_WFC_DUT_TC-164-R3.dml,,,,,,,,,,NR SA,,,,,,,,,,,,,,,,,,,,,,On,Connected,-57.000000,2412,34,,,,IWLAN
744,1,,,-121.9314830,47.5244923,2026-01-26 20:47:51.000,_20260126_123527_CH01_TMO_5GNR_WFC_DUT_TC-164-R3.dml,,,,,,,,,,NR SA,,,,,,,,,,,,,,,,,,,,,,On,Connected,-57.000000,2412,34,,,,IWLAN
745,1,,,-121.9314830,47.5244923,2026-01-26 20:47:52.000,_20260126_123527_CH01_TMO_5GNR_WFC_DUT_TC-164-R3.dml,,,,,,,,,,NR SA,,,,,,,,,,,,,,,,,,,594,,,On,Connected,-57.000000,2412,34,,,,IWLAN
746,1,,,-121.9314830,47.5244923,2026-01-26 20:47:53.000,_20260126_123527_CH01_TMO_5GNR_WFC_DUT_TC-164-R3.dml,,,,,,,,,,NR SA,,,,,,,,,,,,,,,,,,,,,,On,Connected,-57.000000,2412,51,,,,IWLAN
747,1,,,-121.9314830,47.5244923,2026-01-26 20:47:54.000,_20260126_123527_CH01_TMO_5GNR_WFC_DUT_TC-164-R3.dml,,,,,,,,,,NR SA,,,,,,,,,,,,,,,,,,,,,,On,Connected,-57.000000,2412,51,,,,IWLAN
748,1,,,-121.9314830,47.5244923,2026-01-26 20:47:55.000,_20260126_123527_CH01_TMO_5GNR_WFC_DUT_TC-164-R3.dml,,,,,,,,,,NR SA,,,,,,,,,,,,,,,,,,,594,,,On,Connected,-57.000000,2412,51,,,,IWLAN
749,1,,,-121.9314830,47.5244923,2026-01-26 20:47:56.000,_20260126_123527_CH01_TMO_5GNR_WFC_DUT_TC-164-R3.dml,,,,,,,,,,NR SA,,,,,,,,,,,,,,,,,,,,,,On,Connected,-58.000000,2412,17,,,,IWLAN
750,1,,,-121.9314830,47.5244923,2026-01-26 20:47:57.000,_20260126_123527_CH01_TMO_5GNR_WFC_DUT_TC-164-R3.dml,,,,,,,,,,NR SA,,,,,,,,,,,,,,,,,,,594,,,On,Connected,-58.000000,2412,17,,,,IWLAN
751,1,,,-121.9314830,47.5244923,2026-01-26 20:47:58.000,_20260126_123527_CH01_TMO_5GNR_WFC_DUT_TC-164-R3.dml,,,,,,,,,,NR SA,,,,,,,,,,,,,,,,,,,,,,On,Connected,-58.000000,2412,17,,,,IWLAN
752,1,,,-121.9314830,47.5244923,2026-01-26 20:47:59.000,_20260126_123527_CH01_TMO_5GNR_WFC_DUT_TC-164-R3.dml,,,,,,,,,,NR SA,,,,,,,,,,,,,,,,,,,,,,On,Connected,-54.000000,2412,51,,,,IWLAN
753,1,,,-121.9314830,47.5244923,2026-01-26 20:48:00.000,_20260126_123527_CH01_TMO_5GNR_WFC_DUT_TC-164-R3.dml,,,,,,,,,,NR SA,,,,,,,,,,,,,,,,,,,594,,,On,Connected,-54.000000,2412,51,,,,IWLAN
754,1,,,-121.9314830,47.5244923,2026-01-26 20:48:01.000,_20260126_123527_CH01_TMO_5GNR_WFC_DUT_TC-164-R3.dml,,,,,,,,,,NR SA,,,,,,,,,,,,,,,,,,,,,,On,Connected,-54.000000,2412,51,,,,IWLAN
755,1,,,-121.9314830,47.5244923,2026-01-26 20:48:02.000,_20260126_123527_CH01_TMO_5GNR_WFC_DUT_TC-164-R3.dml,,,,,,,,,,NR SA,,,,,,,,,,,,,,,,,,,594,,,On,Connected,-56.000000,2412,34,,,,IWLAN
756,1,,,-121.9314830,47.5244923,2026-01-26 20:48:03.000,_20260126_123527_CH01_TMO_5GNR_WFC_DUT_TC-164-R3.dml,,,,,,,,,,NR SA,,,,,,,,,,,,,,,,,,,,,,On,Connected,-56.000000,2412,34,,,,IWLAN
757,1,,,-121.9314830,47.5244923,2026-01-26 20:48:04.000,_20260126_123527_CH01_TMO_5GNR_WFC_DUT_TC-164-R3.dml,,,,,,,,,,NR SA,,,,,,,,,,,,,,,,,,,,,,On,Connected,-56.000000,2412,34,,,,IWLAN
758,1,,,-121.9314830,47.5244923,2026-01-26 20:48:05.000,_20260126_123527_CH01_TMO_5GNR_WFC_DUT_TC-164-R3.dml,,,,,,,,,,NR SA,,,,,,,,,,,,,,,,,,,594,,,On,Connected,-61.000000,2412,34,,,,IWLAN
759,1,,,-121.9314830,47.5244923,2026-01-26 20:48:06.000,_20260126_123527_CH01_TMO_5GNR_WFC_DUT_TC-164-R3.dml,,,,,,,,,,NR SA,,,,,,,,,,,,,,,,,,,,,,On,Connected,-61.000000,2412,34,,,,IWLAN
760,1,,,-121.9314830,47.5244923,2026-01-26 20:48:07.000,_20260126_123527_CH01_TMO_5GNR_WFC_DUT_TC-164-R3.dml,,,,,,,,,,NR SA,,,,,,,,,,,,,,,,,,,594,,,On,Connected,-61.000000,2412,34,,,,IWLAN
761,1,,,-121.9314830,47.5244923,2026-01-26 20:48:08.000,_20260126_123527_CH01_TMO_5GNR_WFC_DUT_TC-164-R3.dml,,,,,,,,,,NR SA,,,,,,,,,,,,,,,,,,,,,,On,Connected,-58.000000,2412,25,,,,IWLAN
762,1,,,-121.9314830,47.5244923,2026-01-26 20:48:09.000,_20260126_123527_CH01_TMO_5GNR_WFC_DUT_TC-164-R3.dml,,,,,,,,,,NR SA,,,,,,,,,,,,,,,,,,,,,,On,Connected,-58.000000,2412,25,,,,IWLAN
763,1,,,-121.9314830,47.5244923,2026-01-26 20:48:10.000,_20260126_123527_CH01_TMO_5GNR_WFC_DUT_TC-164-R3.dml,,,,,,,,,,NR SA,,,,,,,,,,,,,,,,,,,594,,,On,Connected,-58.000000,2412,25,,,,IWLAN
764,1,,,-121.9314830,47.5244923,2026-01-26 20:48:11.000,_20260126_123527_CH01_TMO_5GNR_WFC_DUT_TC-164-R3.dml,,,,,,,,,,NR SA,,,,,,,,,,,,,,,,,,,,,,On,Connected,-60.000000,2412,17,,,,IWLAN
765,1,,,-121.9314830,47.5244923,2026-01-26 20:48:12.000,_20260126_123527_CH01_TMO_5GNR_WFC_DUT_TC-164-R3.dml,,,,,,,,,,NR SA,,,,,,,,,,,,,,,,,,,,,,On,Connected,-60.000000,2412,17,,,,IWLAN
766,1,,,-121.9314830,47.5244923,2026-01-26 20:48:13.000,_20260126_123527_CH01_TMO_5GNR_WFC_DUT_TC-164-R3.dml,,,,,,,,,,NR SA,,,,,,,,,,,,,,,,,,,594,,,On,Connected,-60.000000,2412,17,,,,IWLAN
767,1,,,-121.9314830,47.5244923,2026-01-26 20:48:14.000,_20260126_123527_CH01_TMO_5GNR_WFC_DUT_TC-164-R3.dml,,,,,,,,,,NR SA,,,,,,,,,,,,,,,,,,,,,,On,Connected,-57.000000,2412,25,,,,IWLAN
768,1,,,-121.9314830,47.5244923,2026-01-26 20:48:15.000,_20260126_123527_CH01_TMO_5GNR_WFC_DUT_TC-164-R3.dml,,,,,,,,,,NR SA,,,,,,,,,,,,,,,,,,,594,,,On,Connected,-57.000000,2412,25,,,,IWLAN
769,1,,,-121.9314830,47.5244923,2026-01-26 20:48:16.000,_20260126_123527_CH01_TMO_5GNR_WFC_DUT_TC-164-R3.dml,,,,,,,,,,NR SA,,,,,,,,,,,,,,,,,,,,,,On,Connected,-57.000000,2412,25,,,,IWLAN
770,1,,,-121.9314830,47.5244923,2026-01-26 20:48:17.000,_20260126_123527_CH01_TMO_5GNR_WFC_DUT_TC-164-R3.dml,,,,,,,,,,NR SA,,,,,,,,,,,,,,,,,,,,,,On,Connected,-61.000000,2412,17,,,,IWLAN
771,1,,,-121.9314830,47.5244923,2026-01-26 20:48:18.000,_20260126_123527_CH01_TMO_5GNR_WFC_DUT_TC-164-R3.dml,,,,,,,,,,NR SA,,,,,,,,,,,,,,,,,,,594,,,On,Connected,-61.000000,2412,17,,,,IWLAN
772,1,,,-121.9314830,47.5244923,2026-01-26 20:48:19.000,_20260126_123527_CH01_TMO_5GNR_WFC_DUT_TC-164-R3.dml,,,,,,,,,,NR SA,,,,,,,,,,,,,,,,,,,,,,On,Connected,-61.000000,2412,17,,,,IWLAN
773,1,,,-121.9314830,47.5244923,2026-01-26 20:48:20.000,_20260126_123527_CH01_TMO_5GNR_WFC_DUT_TC-164-R3.dml,,,,,,,,,,NR SA,,,,,,,,,,,,,,,,,,,594,,,On,Connected,-58.000000,2412,25,,,,IWLAN
774,1,,,-121.9314830,47.5244923,2026-01-26 20:48:21.000,_20260126_123527_CH01_TMO_5GNR_WFC_DUT_TC-164-R3.dml,,,,,,,,,,NR SA,,,,,,,,,,,,,,,,,,,,,,On,Connected,-58.000000,2412,25,,,,IWLAN
775,1,,,-121.9314830,47.5244923,2026-01-26 20:48:22.000,_20260126_123527_CH01_TMO_5GNR_WFC_DUT_TC-164-R3.dml,,,,,,,,,,NR SA,,,,,,,,,,,,,,,,,,,,,,On,Connected,-58.000000,2412,25,,,,IWLAN
776,1,,,-121.9314830,47.5244923,2026-01-26 20:48:23.000,_20260126_123527_CH01_TMO_5GNR_WFC_DUT_TC-164-R3.dml,,,,,,,,,,NR SA,,,,,,,,,,,,,,,,,,,594,,,On,Connected,-57.000000,2412,51,,,,IWLAN
777,1,,,-121.9314830,47.5244923,2026-01-26 20:48:24.000,_20260126_123527_CH01_TMO_5GNR_WFC_DUT_TC-164-R3.dml,,,,,,,,,,NR SA,,,,,,,,,,,,,,,,,,,,,,On,Connected,-57.000000,2412,51,,,,IWLAN
778,1,,,-121.9314830,47.5244923,2026-01-26 20:48:25.000,_20260126_123527_CH01_TMO_5GNR_WFC_DUT_TC-164-R3.dml,,,,,,,,,,NR SA,,,,,,,,,,,,,,,,,,,,,,On,Connected,-57.000000,2412,51,,,,IWLAN
779,1,,,-121.9314830,47.5244923,2026-01-26 20:48:26.000,_20260126_123527_CH01_TMO_5GNR_WFC_DUT_TC-164-R3.dml,,,,,,,,,,NR SA,,,,,,,,,,,,,,,,,,,594,,,On,Connected,-65.000000,2412,25,,,,IWLAN
780,1,,,-121.9314830,47.5244923,2026-01-26 20:48:27.000,_20260126_123527_CH01_TMO_5GNR_WFC_DUT_TC-164-R3.dml,,,,,,,,,,NR SA,,,,,,,,,,,,,,,,,,,,,,On,Connected,-65.000000,2412,25,,,,IWLAN
781,1,,,-121.9314830,47.5244923,2026-01-26 20:48:28.000,_20260126_123527_CH01_TMO_5GNR_WFC_DUT_TC-164-R3.dml,,,,,,,,,,NR SA,,,,,,,,,,,,,,,,,,,594,,,On,Connected,-65.000000,2412,25,,,,IWLAN
782,1,,,-121.9314830,47.5244923,2026-01-26 20:48:29.000,_20260126_123527_CH01_TMO_5GNR_WFC_DUT_TC-164-R3.dml,,,,,,,,,,NR SA,,,,,,,,,,,,,,,,,,,,,,On,Connected,-64.000000,2412,8,,,,IWLAN
783,1,,,-121.9314830,47.5244923,2026-01-26 20:48:30.000,_20260126_123527_CH01_TMO_5GNR_WFC_DUT_TC-164-R3.dml,,,,,,,,,,NR SA,,,,,,,,,,,,,,,,,,,594,,,On,Connected,-64.000000,2412,8,,,,IWLAN
784,1,,,-121.9314830,47.5244923,2026-01-26 20:48:31.000,_20260126_123527_CH01_TMO_5GNR_WFC_DUT_TC-164-R3.dml,,,,,,,,,,NR SA,,,,,,,,,,,,,,,,,,,,,,On,Connected,-64.000000,2412,8,,,,IWLAN
785,1,,,-121.9314830,47.5244923,2026-01-26 20:48:32.000,_20260126_123527_CH01_TMO_5GNR_WFC_DUT_TC-164-R3.dml,,,,,,,,,,NR SA,,,,,,,,,,,,,,,,,,,,,,On,Connected,-64.000000,2412,17,,,,IWLAN
786,1,,,-121.9314830,47.5244923,2026-01-26 20:48:33.000,_20260126_123527_CH01_TMO_5GNR_WFC_DUT_TC-164-R3.dml,,,,,,,,,,NR SA,,,,,,,,,,,,,,,,,,,594,,,On,Connected,-64.000000,2412,17,,,,IWLAN
787,1,,,-121.9314830,47.5244923,2026-01-26 20:48:34.000,_20260126_123527_CH01_TMO_5GNR_WFC_DUT_TC-164-R3.dml,,,,,,,,,,NR SA,,,,,,,,,,,,,,,,,,,,,,On,Connected,-64.000000,2412,17,,,,IWLAN
788,1,,,-121.9314830,47.5244923,2026-01-26 20:48:35.000,_20260126_123527_CH01_TMO_5GNR_WFC_DUT_TC-164-R3.dml,,,,,,,,,,NR SA,,,,,,,,,,,,,,,,,,,,,,On,Connected,-65.000000,2412,17,,,,IWLAN
789,1,,,-121.9314830,47.5244923,2026-01-26 20:48:36.000,_20260126_123527_CH01_TMO_5GNR_WFC_DUT_TC-164-R3.dml,,,,,,,,,,NR SA,,,,,,,,,,,,,,,,,,,594,,,On,Connected,-65.000000,2412,17,,,,IWLAN
790,1,,,-121.9314830,47.5244923,2026-01-26 20:48:37.000,_20260126_123527_CH01_TMO_5GNR_WFC_DUT_TC-164-R3.dml,,,,,,,,,,NR SA,,,,,,,,,,,,,,,,,,,,,,On,Connected,-65.000000,2412,17,,,,IWLAN
791,1,,,-121.9314830,47.5244923,2026-01-26 20:48:38.000,_20260126_123527_CH01_TMO_5GNR_WFC_DUT_TC-164-R3.dml,,,,,,,,,,NR SA,,,,,,,,,,,,,,,,,,,594,,,On,Connected,-62.000000,2412,17,,,,IWLAN
792,1,,,-121.9314830,47.5244923,2026-01-26 20:48:39.000,_20260126_123527_CH01_TMO_5GNR_WFC_DUT_TC-164-R3.dml,,,,,,,,,,NR SA,,,,,,,,,,,,,,,,,,,,,,On,Connected,-62.000000,2412,17,,,,IWLAN
793,1,,,-121.9314830,47.5244923,2026-01-26 20:48:40.000,_20260126_123527_CH01_TMO_5GNR_WFC_DUT_TC-164-R3.dml,,,,,,,,,,NR SA,,,,,,,,,,,,,,,,,,,,,,On,Connected,-62.000000,2412,17,,,,IWLAN
794,1,,,-121.9314830,47.5244923,2026-01-26 20:48:41.000,_20260126_123527_CH01_TMO_5GNR_WFC_DUT_TC-164-R3.dml,,,,,,,,,,NR SA,,,,,,,,,,,,,,,,,,,594,,,On,Connected,-63.000000,2412,17,,,,IWLAN
795,1,,,-121.9314830,47.5244923,2026-01-26 20:48:42.000,_20260126_123527_CH01_TMO_5GNR_WFC_DUT_TC-164-R3.dml,,,,,,,,,,NR SA,,,,,,,,,,,,,,,,,,,,,,On,Connected,-63.000000,2412,17,,,,IWLAN
796,1,,,-121.9314830,47.5244923,2026-01-26 20:48:43.000,_20260126_123527_CH01_TMO_5GNR_WFC_DUT_TC-164-R3.dml,,,,,,,,,,NR SA,,,,,,,,,,,,,,,,,,,594,,,On,Connected,-63.000000,2412,17,,,,IWLAN
797,1,,,-121.9314830,47.5244923,2026-01-26 20:48:44.000,_20260126_123527_CH01_TMO_5GNR_WFC_DUT_TC-164-R3.dml,,,,,,,,,,NR SA,,,,,,,,,,,,,,,,,,,,,,On,Connected,-62.000000,2412,17,,,,IWLAN
798,1,,,-121.9314830,47.5244923,2026-01-26 20:48:45.000,_20260126_123527_CH01_TMO_5GNR_WFC_DUT_TC-164-R3.dml,,,,,,,,,,NR SA,,,,,,,,,,,,,,,,,,,,,,On,Connected,-62.000000,2412,17,,,,IWLAN
799,1,,,-121.9314830,47.5244923,2026-01-26 20:48:46.000,_20260126_123527_CH01_TMO_5GNR_WFC_DUT_TC-164-R3.dml,,,,,,,,,,NR SA,,,,,,,,,,,,,,,,,,,594,,,On,Connected,-62.000000,2412,17,,,,IWLAN
800,1,,,-121.9314830,47.5244923,2026-01-26 20:48:47.000,_20260126_123527_CH01_TMO_5GNR_WFC_DUT_TC-164-R3.dml,,,,,,,,,,NR SA,,,,,,,,,,,,,,,,,,,,,,On,Connected,-63.000000,2412,25,,,,IWLAN
801,1,,,-121.9314830,47.5244923,2026-01-26 20:48:48.000,_20260126_123527_CH01_TMO_5GNR_WFC_DUT_TC-164-R3.dml,,,,,,,,,,NR SA,,,,,,,,,,,,,,,,,,,,,,On,Connected,-63.000000,2412,25,,,,IWLAN
802,1,,,-121.9314830,47.5244923,2026-01-26 20:48:49.000,_20260126_123527_CH01_TMO_5GNR_WFC_DUT_TC-164-R3.dml,,,,,,,,,,NR SA,,,,,,,,,,,,,,,,,,,594,,,On,Connected,-63.000000,2412,25,,,,IWLAN
803,1,,,-121.9314830,47.5244923,2026-01-26 20:48:50.000,_20260126_123527_CH01_TMO_5GNR_WFC_DUT_TC-164-R3.dml,,,,,,,,,,NR SA,,,,,,,,,,,,,,,,,,,,,,On,Connected,-63.000000,2412,25,,,,IWLAN
804,1,,,-121.9314830,47.5244923,2026-01-26 20:48:51.000,_20260126_123527_CH01_TMO_5GNR_WFC_DUT_TC-164-R3.dml,,,,,,,,,,NR SA,,,,,,,,,,,,,,,,,,,594,,,On,Connected,-63.000000,2412,25,,,,IWLAN
805,1,,,-121.9314830,47.5244923,2026-01-26 20:48:52.000,_20260126_123527_CH01_TMO_5GNR_WFC_DUT_TC-164-R3.dml,,,,,,,,,,NR SA,,,,,,,,,,,,,,,,,,,,,,On,Connected,-63.000000,2412,25,,,,IWLAN
806,1,,,-121.9314830,47.5244923,2026-01-26 20:48:53.000,_20260126_123527_CH01_TMO_5GNR_WFC_DUT_TC-164-R3.dml,,,,,,,,,,NR SA,,,,,,,,,,,,,,,,,,,,,,On,Connected,-62.000000,2412,8,,,,IWLAN
807,1,,,-121.9314830,47.5244923,2026-01-26 20:48:54.000,_20260126_123527_CH01_TMO_5GNR_WFC_DUT_TC-164-R3.dml,,,,,,,,,,NR SA,,,,,,,,,,,,,,,,,,,594,,,On,Connected,-62.000000,2412,8,,,,IWLAN
808,1,,,-121.9314830,47.5244923,2026-01-26 20:48:55.000,_20260126_123527_CH01_TMO_5GNR_WFC_DUT_TC-164-R3.dml,,,,,,,,,,NR SA,,,,,,,,,,,,,,,,,,,,,,On,Connected,-62.000000,2412,8,,,,IWLAN
809,1,,,-121.9314830,47.5244923,2026-01-26 20:48:56.000,_20260126_123527_CH01_TMO_5GNR_WFC_DUT_TC-164-R3.dml,,,,,,,,,,NR SA,,,,,,,,,,,,,,,,,,,594,,,On,Connected,-60.000000,2412,17,,,,IWLAN
810,1,,,-121.9314830,47.5244923,2026-01-26 20:48:57.000,_20260126_123527_CH01_TMO_5GNR_WFC_DUT_TC-164-R3.dml,,,,,,,,,,NR SA,,,,,,,,,,,,,,,,,,,,,,On,Connected,-60.000000,2412,17,,,,IWLAN
811,1,,,-121.9314830,47.5244923,2026-01-26 20:48:58.000,_20260126_123527_CH01_TMO_5GNR_WFC_DUT_TC-164-R3.dml,,,,,,,,,,NR SA,,,,,,,,,,,,,,,,,,,,,,On,Connected,-60.000000,2412,17,,,,IWLAN
812,1,,,-121.9314830,47.5244923,2026-01-26 20:48:59.000,_20260126_123527_CH01_TMO_5GNR_WFC_DUT_TC-164-R3.dml,,,,,,,,,,NR SA,,,,,,,,,,,,,,,,,,,594,,,On,Connected,-63.000000,2412,8,,,,IWLAN
813,1,,,-121.9314830,47.5244923,2026-01-26 20:49:00.000,_20260126_123527_CH01_TMO_5GNR_WFC_DUT_TC-164-R3.dml,,,,,,,,,,NR SA,,,,,,,,,,,,,,,,,,,594,,,,Connected,,,,,,,NR (NR_SA)
814,1,,,-121.9314830,47.5244923,2026-01-26 20:49:01.000,_20260126_123527_CH01_TMO_5GNR_WFC_DUT_TC-164-R3.dml,,,,,,,,,,NR SA,,,,,,,,,,,,,,,,,,,594,,,On,Connected,-63.000000,2412,8,,,,
815,1,,,-121.9314830,47.5244923,2026-01-26 20:49:02.000,_20260126_123527_CH01_TMO_5GNR_WFC_DUT_TC-164-R3.dml,,,,,,,,,,NR SA,,,,,,,,,,,,,,,,,,,594,,,On,Connected,-63.000000,2412,8,,,,NR (NR_SA)
816,1,,,-121.9314830,47.5244923,2026-01-26 20:49:03.000,_20260126_123527_CH01_TMO_5GNR_WFC_DUT_TC-164-R3.dml,,,,,,,,,,NR SA,,,,,,,,,,,,,,,,,,,594,,,On,Connected,-68.000000,2412,8,,,,
817,1,,,-121.9314830,47.5244923,2026-01-26 20:49:04.000,_20260126_123527_CH01_TMO_5GNR_WFC_DUT_TC-164-R3.dml,,,,,,,,,,NR SA,,,,,,,,,,,,,,,,,,,594,,,On,Disconnected,,,,,,,NR (NR_SA)
818,1,,,-121.9314830,47.5244923,2026-01-26 20:49:05.000,_20260126_123527_CH01_TMO_5GNR_WFC_DUT_TC-164-R3.dml,,,,,,,,,,NR SA,,,,,,,,,,,,,,,,,,,594,,,On,Disconnected,,,,,,,
819,1,,,-121.9314830,47.5244923,2026-01-26 20:49:06.000,_20260126_123527_CH01_TMO_5GNR_WFC_DUT_TC-164-R3.dml,,,,,,,,,,NR SA,,,,,,,,,,,,,,,,,,,594,,,On,Disconnected,,,,,,,NR (NR_SA)
820,1,,,-121.9314830,47.5244923,2026-01-26 20:49:07.000,_20260126_123527_CH01_TMO_5GNR_WFC_DUT_TC-164-R3.dml,,,,,,,,,,NR SA,,,,,,,,,,,,,,,,,,,594,,,On,Disconnected,,,,,,,
821,1,,,-121.9314830,47.5244923,2026-01-26 20:49:08.000,_20260126_123527_CH01_TMO_5GNR_WFC_DUT_TC-164-R3.dml,,,,,,,,,,NR SA,,,,,,,,,,,,,,,,,,,594,,,,Connected,-58.000000,,,,,,NR (NR_SA)
822,1,,,-121.9314830,47.5244923,2026-01-26 20:49:09.000,_20260126_123527_CH01_TMO_5GNR_WFC_DUT_TC-164-R3.dml,,,,,,,,,,NR SA,,,,,,,,,,,,,,,,,,,594,,,On,Connected,-58.000000,2412,154,,,,
823,1,,,-121.9314830,47.5244923,2026-01-26 20:49:10.000,_20260126_123527_CH01_TMO_5GNR_WFC_DUT_TC-164-R3.dml,,,,,,,,,,NR SA,,,,,,,,,,,,,,,,,,,594,,,On,Connected,-58.000000,2412,154,,,,NR (NR_SA)
824,1,,,-121.9314830,47.5244923,2026-01-26 20:49:11.000,_20260126_123527_CH01_TMO_5GNR_WFC_DUT_TC-164-R3.dml,,,,,,,,,,NR SA,,,,,,,,,,,,,,,,,,,594,,,On,Connected,-58.000000,2412,154,,,,IWLAN
825,1,,,-121.9314830,47.5244923,2026-01-26 20:49:12.000,_20260126_123527_CH01_TMO_5GNR_WFC_DUT_TC-164-R3.dml,,,,,,,,,,NR SA,,,,,,,,,,,,,,,,,,,594,,,On,Connected,-57.000000,2412,25,,,,
826,1,,,-121.9314830,47.5244923,2026-01-26 20:49:13.000,_20260126_123527_CH01_TMO_5GNR_WFC_DUT_TC-164-R3.dml,,,,,,,,,,NR SA,,,,,,,,,,,,,,,,,,,594,,,On,Connected,-57.000000,2412,25,,,,IWLAN
827,1,,,-121.9314830,47.5244923,2026-01-26 20:49:14.000,_20260126_123527_CH01_TMO_5GNR_WFC_DUT_TC-164-R3.dml,,,,,,,,,,NR SA,,,,,,,,,,,,,,,,,,,594,,,,Connected,,,,,,,
828,1,,,-121.9314830,47.5244923,2026-01-26 20:49:15.000,_20260126_123527_CH01_TMO_5GNR_WFC_DUT_TC-164-R3.dml,,,,,,,,,,NR SA,,,,,,,,,,,,,,,,,,,594,,,On,Connected,-60.000000,2412,8,,,,IWLAN
829,1,,,-121.9314830,47.5244923,2026-01-26 20:49:16.000,_20260126_123527_CH01_TMO_5GNR_WFC_DUT_TC-164-R3.dml,,,,,,,,,,NR SA,,,,,,,,,,,,,,,,,,,594,,,On,Connected,-60.000000,2412,8,,,,IWLAN
830,1,,,-121.9314830,47.5244923,2026-01-26 20:49:17.000,_20260126_123527_CH01_TMO_5GNR_WFC_DUT_TC-164-R3.dml,,,,,,,,,,NR SA,,,,,,,,,,,,,,,,,,,594,,,On,Connected,-62.000000,2412,17,,,,IWLAN
831,1,,,-121.9314830,47.5244923,2026-01-26 20:49:18.000,_20260126_123527_CH01_TMO_5GNR_WFC_DUT_TC-164-R3.dml,,,,,,,,,,NR SA,,,,,,,,,,,,,,,,,,,594,,,,Connected,,,,,,,IWLAN
832,1,,,-121.9314830,47.5244923,2026-01-26 20:49:19.000,_20260126_123527_CH01_TMO_5GNR_WFC_DUT_TC-164-R3.dml,,,,,,,,,,NR SA,,,,,,,,,,,,,,,,,,,594,,,On,Connected,-62.000000,2412,17,,,,IWLAN
833,1,,,-121.9314830,47.5244923,2026-01-26 20:49:20.000,_20260126_123527_CH01_TMO_5GNR_WFC_DUT_TC-164-R3.dml,,,,,,,,,,NR SA,,,,,,,,,,,,,,,,,,,594,,,On,Connected,-66.000000,2412,8,,,,IWLAN
834,1,,,-121.9314830,47.5244923,2026-01-26 20:49:21.000,_20260126_123527_CH01_TMO_5GNR_WFC_DUT_TC-164-R3.dml,,,,,,,,,,NR SA,,,,,,,,,,,,,,,,,,,594,,,On,Connected,-66.000000,2412,8,,,,IWLAN
835,1,,,-121.9314830,47.5244923,2026-01-26 20:49:22.000,_20260126_123527_CH01_TMO_5GNR_WFC_DUT_TC-164-R3.dml,,,,,,,,,,NR SA,,,,,,,,,,,,,,,,,,,594,,,,Connected,,,,,,,IWLAN
836,1,,,-121.9314830,47.5244923,2026-01-26 20:49:23.000,_20260126_123527_CH01_TMO_5GNR_WFC_DUT_TC-164-R3.dml,,,,,,,,,,NR SA,,,,,,,,,,,,,,,,,,,594,,,On,Connected,-66.000000,2412,8,,,,IWLAN
837,1,,,-121.9314830,47.5244923,2026-01-26 20:49:24.000,_20260126_123527_CH01_TMO_5GNR_WFC_DUT_TC-164-R3.dml,,,,,,,,,,NR SA,,,,,,,,,,,,,,,,,,,,,,On,Connected,-65.000000,2412,17,,,,IWLAN
838,1,,,-121.9314830,47.5244923,2026-01-26 20:49:25.000,_20260126_123527_CH01_TMO_5GNR_WFC_DUT_TC-164-R3.dml,,,,,,,,,,NR SA,,,,,,,,,,,,,,,,,,,,,,On,Connected,-65.000000,2412,17,,,,IWLAN
839,1,,,-121.9314830,47.5244923,2026-01-26 20:49:26.000,_20260126_123527_CH01_TMO_5GNR_WFC_DUT_TC-164-R3.dml,,,,,,,,,,NR SA,,,,,,,,,,,,,,,,,,,594,,,On,Connected,-60.000000,2412,25,,,,IWLAN
840,1,,,-121.9314830,47.5244923,2026-01-26 20:49:27.000,_20260126_123527_CH01_TMO_5GNR_WFC_DUT_TC-164-R3.dml,,,,,,,,,,NR SA,,,,,,,,,,,,,,,,,,,,,,On,Connected,-60.000000,2412,25,,,,IWLAN
841,1,,,-121.9314830,47.5244923,2026-01-26 20:49:28.000,_20260126_123527_CH01_TMO_5GNR_WFC_DUT_TC-164-R3.dml,,,,,,,,,,NR SA,,,,,,,,,,,,,,,,,,,594,,,,Connected,,,,,,,IWLAN
842,1,,,-121.9314830,47.5244923,2026-01-26 20:49:29.000,_20260126_123527_CH01_TMO_5GNR_WFC_DUT_TC-164-R3.dml,,,,,,,,,,NR SA,,,,,,,,,,,,,,,,,,,,,,On,Connected,-62.000000,2412,17,,,,IWLAN
843,1,,,-121.9314830,47.5244923,2026-01-26 20:49:30.000,_20260126_123527_CH01_TMO_5GNR_WFC_DUT_TC-164-R3.dml,,,,,,,,,,NR SA,,,,,,,,,,,,,,,,,,,,,,,Connected,,,,,,,IWLAN
844,1,,,-121.9314830,47.5244923,2026-01-26 20:49:31.000,_20260126_123527_CH01_TMO_5GNR_WFC_DUT_TC-164-R3.dml,,,,,,,,,,NR SA,,,,,,,,,,,,,,,,,,,594,,,On,Connected,-64.000000,2412,17,,,,IWLAN
845,1,,,-121.9314830,47.5244923,2026-01-26 20:49:32.000,_20260126_123527_CH01_TMO_5GNR_WFC_DUT_TC-164-R3.dml,,,,,,,,,,NR SA,,,,,,,,,,,,,,,,,,,,,,On,Connected,-57.000000,2412,17,,,,IWLAN
846,1,,,-121.9314830,47.5244923,2026-01-26 20:49:33.000,_20260126_123527_CH01_TMO_5GNR_WFC_DUT_TC-164-R3.dml,,,,,,,,,,NR SA,,,,,,,,,,,,,,,,,,,594,,,On,Connected,-57.000000,2412,17,,,,IWLAN
847,1,,,-121.9314830,47.5244923,2026-01-26 20:49:34.000,_20260126_123527_CH01_TMO_5GNR_WFC_DUT_TC-164-R3.dml,,,,,,,,,,NR SA,,,,,,,,,,,,,,,,,,,,,,On,Connected,-57.000000,2412,17,,,,IWLAN
848,1,,,-121.9314830,47.5244923,2026-01-26 20:49:35.000,_20260126_123527_CH01_TMO_5GNR_WFC_DUT_TC-164-R3.dml,,,,,,,,,,NR SA,,,,,,,,,,,,,,,,,,,,,,On,Connected,-60.000000,2412,17,,,,IWLAN
849,1,,,-121.9314830,47.5244923,2026-01-26 20:49:36.000,_20260126_123527_CH01_TMO_5GNR_WFC_DUT_TC-164-R3.dml,,,,,,,,,,NR SA,,,,,,,,,,,,,,,,,,,594,,,,Connected,,,,,,,IWLAN
850,1,,,-121.9314830,47.5244923,2026-01-26 20:49:37.000,_20260126_123527_CH01_TMO_5GNR_WFC_DUT_TC-164-R3.dml,,,,,,,,,,NR SA,,,,,,,,,,,,,,,,,,,,,,On,Connected,-60.000000,2412,17,,,,IWLAN
851,1,,,-121.9314830,47.5244923,2026-01-26 20:49:38.000,_20260126_123527_CH01_TMO_5GNR_WFC_DUT_TC-164-R3.dml,,,,,,,,,,NR SA,,,,,,,,,,,,,,,,,,,594,,,On,Connected,-61.500000,2412,17,,,,IWLAN
852,1,,,-121.9314830,47.5244923,2026-01-26 20:49:39.000,_20260126_123527_CH01_TMO_5GNR_WFC_DUT_TC-164-R3.dml,,,,,,,,,,NR SA,,,,,,,,,,,,,,,,,,,,,,,Connected,,,,,,,IWLAN
853,1,,,-121.9314830,47.5244923,2026-01-26 20:49:40.000,_20260126_123527_CH01_TMO_5GNR_WFC_DUT_TC-164-R3.dml,,,,,,,,,,NR SA,,,,,,,,,,,,,,,,,,,,,,On,Connected,-63.000000,2412,17,,,,IWLAN
854,1,,,-121.9314830,47.5244923,2026-01-26 20:49:41.000,_20260126_123527_CH01_TMO_5GNR_WFC_DUT_TC-164-R3.dml,,,,,,,,,,NR SA,,,,,,,,,,,,,,,,,,,594,,,On,Connected,-65.000000,2412,17,,,,IWLAN
855,1,,,-121.9314830,47.5244923,2026-01-26 20:49:42.000,_20260126_123527_CH01_TMO_5GNR_WFC_DUT_TC-164-R3.dml,,,,,,,,,,NR SA,,,,,,,,,,,,,,,,,,,,,,On,Connected,-65.000000,2412,17,,,,IWLAN
856,1,,,-121.9314830,47.5244923,2026-01-26 20:49:43.000,_20260126_123527_CH01_TMO_5GNR_WFC_DUT_TC-164-R3.dml,,,,,,,,,,NR SA,,,,,,,,,,,,,,,,,,,594,,,,Connected,,,,,,,IWLAN
857,1,,,-121.9314830,47.5244923,2026-01-26 20:49:44.000,_20260126_123527_CH01_TMO_5GNR_WFC_DUT_TC-164-R3.dml,,,,,,,,,,NR SA,,,,,,,,,,,,,,,,,,,594,,,On,Connected,-65.000000,2412,17,,,,IWLAN
858,1,,,-121.9314830,47.5244923,2026-01-26 20:49:45.000,_20260126_123527_CH01_TMO_5GNR_WFC_DUT_TC-164-R3.dml,,,,,,,,,,NR SA,,,,,,,,,,,,,,,,,,,,,,On,Connected,-59.000000,2412,17,,,,IWLAN
859,1,,,-121.9314830,47.5244923,2026-01-26 20:49:46.000,_20260126_123527_CH01_TMO_5GNR_WFC_DUT_TC-164-R3.dml,,,,,,,,,,NR SA,,,,,,,,,,,,,,,,,,,,,,,Connected,,,,,,,IWLAN
860,1,,,-121.9314830,47.5244923,2026-01-26 20:49:47.000,_20260126_123527_CH01_TMO_5GNR_WFC_DUT_TC-164-R3.dml,,,,,,,,,,NR SA,,,,,,,,,,,,,,,,,,,594,,,On,Connected,-58.500000,2412,8,,,,IWLAN
861,1,,,-121.9314830,47.5244923,2026-01-26 20:49:48.000,_20260126_123527_CH01_TMO_5GNR_WFC_DUT_TC-164-R3.dml,,,,,,,,,,NR SA,,,,,,,,,,,,,,,,,,,,,,On,Connected,-58.000000,2412,8,,,,IWLAN
862,1,,,-121.9314830,47.5244923,2026-01-26 20:49:49.000,_20260126_123527_CH01_TMO_5GNR_WFC_DUT_TC-164-R3.dml,,,,,,,,,,NR SA,,,,,,,,,,,,,,,,,,,594,,,On,Connected,-58.000000,2412,8,,,,IWLAN
863,1,,,-121.9314830,47.5244923,2026-01-26 20:49:50.000,_20260126_123527_CH01_TMO_5GNR_WFC_DUT_TC-164-R3.dml,,,,,,,,,,NR SA,,,,,,,,,,,,,,,,,,,,,,On,Connected,-61.000000,2412,17,,,,IWLAN
864,1,,,-121.9314830,47.5244923,2026-01-26 20:49:51.000,_20260126_123527_CH01_TMO_5GNR_WFC_DUT_TC-164-R3.dml,,,,,,,,,,NR SA,,,,,,,,,,,,,,,,,,,,,,,Connected,,,,,,,IWLAN
865,1,,,-121.9314830,47.5244923,2026-01-26 20:49:52.000,_20260126_123527_CH01_TMO_5GNR_WFC_DUT_TC-164-R3.dml,,,,,,,,,,NR SA,,,,,,,,,,,,,,,,,,,594,,,On,Connected,-61.000000,2412,17,,,,IWLAN
866,1,,,-121.9314830,47.5244923,2026-01-26 20:49:53.000,_20260126_123527_CH01_TMO_5GNR_WFC_DUT_TC-164-R3.dml,,,,,,,,,,NR SA,,,,,,,,,,,,,,,,,,,,,,On,Connected,-61.000000,2412,17,,,,IWLAN
867,1,,,-121.9314830,47.5244923,2026-01-26 20:49:54.000,_20260126_123527_CH01_TMO_5GNR_WFC_DUT_TC-164-R3.dml,,,,,,,,,,NR SA,,,,,,,,,,,,,,,,,,,594,,,On,Connected,-62.000000,2412,17,,,,IWLAN
868,1,,,-121.9314830,47.5244923,2026-01-26 20:49:55.000,_20260126_123527_CH01_TMO_5GNR_WFC_DUT_TC-164-R3.dml,,,,,,,,,,NR SA,,,,,,,,,,,,,,,,,,,,,,On,Connected,-62.000000,2412,17,,,,IWLAN
869,1,,,-121.9314830,47.5244923,2026-01-26 20:49:56.000,_20260126_123527_CH01_TMO_5GNR_WFC_DUT_TC-164-R3.dml,,,,,,,,,,NR SA,,,,,,,,,,,,,,,,,,,,,,On,Connected,-62.000000,2412,17,,,,IWLAN
870,1,,,-121.9314830,47.5244923,2026-01-26 20:49:57.000,_20260126_123527_CH01_TMO_5GNR_WFC_DUT_TC-164-R3.dml,,,,,,,,,,NR SA,,,,,,,,,,,,,,,,,,,594,,,On,Connected,-60.000000,2412,17,,,,IWLAN
871,1,,,-121.9314830,47.5244923,2026-01-26 20:49:58.000,_20260126_123527_CH01_TMO_5GNR_WFC_DUT_TC-164-R3.dml,,,,,,,,,,NR SA,,,,,,,,,,,,,,,,,,,,,,On,Connected,-60.000000,2412,17,,,,IWLAN
872,1,,,-121.9314830,47.5244923,2026-01-26 20:49:59.000,_20260126_123527_CH01_TMO_5GNR_WFC_DUT_TC-164-R3.dml,,,,,,,,,,NR SA,,,,,,,,,,,,,,,,,,,594,,,On,Connected,-60.000000,2412,17,,,,IWLAN
873,1,,,-121.9314830,47.5244923,2026-01-26 20:50:00.000,_20260126_123527_CH01_TMO_5GNR_WFC_DUT_TC-164-R3.dml,,,,,,,,,,NR SA,,,,,,,,,,,,,,,,,,,,,,On,Connected,-60.000000,2412,8,,,,IWLAN
874,1,,,-121.9314830,47.5244923,2026-01-26 20:50:01.000,_20260126_123527_CH01_TMO_5GNR_WFC_DUT_TC-164-R3.dml,,,,,,,,,,NR SA,,,,,,,,,,,,,,,,,,,,,,On,Connected,-60.000000,2412,8,,,,IWLAN
875,1,,,-121.9314830,47.5244923,2026-01-26 20:50:02.000,_20260126_123527_CH01_TMO_5GNR_WFC_DUT_TC-164-R3.dml,,,,,,,,,,NR SA,,,,,,,,,,,,,,,,,,,594,,,On,Connected,-60.000000,2412,8,,,,IWLAN
876,1,,,-121.9314830,47.5244923,2026-01-26 20:50:03.000,_20260126_123527_CH01_TMO_5GNR_WFC_DUT_TC-164-R3.dml,,,,,,,,,,NR SA,,,,,,,,,,,,,,,,,,,,,,On,Connected,-59.000000,2412,34,,,,IWLAN
877,1,,,-121.9314830,47.5244923,2026-01-26 20:50:04.000,_20260126_123527_CH01_TMO_5GNR_WFC_DUT_TC-164-R3.dml,,,,,,,,,,NR SA,,,,,,,,,,,,,,,,,,,,,,,Connected,,,,,,,IWLAN
878,1,,,-121.9314830,47.5244923,2026-01-26 20:50:05.000,_20260126_123527_CH01_TMO_5GNR_WFC_DUT_TC-164-R3.dml,,,,,,,,,,NR SA,,,,,,,,,,,,,,,,,,,594,,,On,Connected,-59.000000,2412,34,,,,IWLAN
879,1,,,-121.9314830,47.5244923,2026-01-26 20:50:06.000,_20260126_123527_CH01_TMO_5GNR_WFC_DUT_TC-164-R3.dml,,,,,,,,,,NR SA,,,,,,,,,,,,,,,,,,,,,,On,Connected,-60.000000,2412,25,,,,IWLAN
880,1,,,-121.9314830,47.5244923,2026-01-26 20:50:07.000,_20260126_123527_CH01_TMO_5GNR_WFC_DUT_TC-164-R3.dml,,,,,,,,,,NR SA,,,,,,,,,,,,,,,,,,,594,,,On,Connected,-60.000000,2412,25,,,,IWLAN
881,1,,,-121.9314830,47.5244923,2026-01-26 20:50:08.000,_20260126_123527_CH01_TMO_5GNR_WFC_DUT_TC-164-R3.dml,,,,,,,,,,NR SA,,,,,,,,,,,,,,,,,,,,,,On,Connected,-60.000000,2412,25,,,,IWLAN
882,1,,,-121.9314830,47.5244923,2026-01-26 20:50:09.000,_20260126_123527_CH01_TMO_5GNR_WFC_DUT_TC-164-R3.dml,,,,,,,,,,NR SA,,,,,,,,,,,,,,,,,,,,,,On,Connected,-58.000000,2412,8,,,,IWLAN
883,1,,,-121.9314830,47.5244923,2026-01-26 20:50:10.000,_20260126_123527_CH01_TMO_5GNR_WFC_DUT_TC-164-R3.dml,,,,,,,,,,NR SA,,,,,,,,,,,,,,,,,,,594,,,On,Connected,-58.000000,2412,8,,,,IWLAN
884,1,,,-121.9314830,47.5244923,2026-01-26 20:50:11.000,_20260126_123527_CH01_TMO_5GNR_WFC_DUT_TC-164-R3.dml,,,,,,,,,,NR SA,,,,,,,,,,,,,,,,,,,594,,,On,Connected,-58.000000,2412,8,,,,IWLAN
885,1,,,-121.9314830,47.5244923,2026-01-26 20:50:12.000,_20260126_123527_CH01_TMO_5GNR_WFC_DUT_TC-164-R3.dml,,,,,,,,,,NR SA,,,,,,,,,,,,,,,,,,,,,,On,Connected,-60.000000,2412,17,,,,IWLAN
886,1,,,-121.9314830,47.5244923,2026-01-26 20:50:13.000,_20260126_123527_CH01_TMO_5GNR_WFC_DUT_TC-164-R3.dml,,,,,,,,,,NR SA,,,,,,,,,,,,,,,,,,,594,,,On,Connected,-60.000000,2412,17,,,,IWLAN
887,1,,,-121.9314830,47.5244923,2026-01-26 20:50:14.000,_20260126_123527_CH01_TMO_5GNR_WFC_DUT_TC-164-R3.dml,,,,,,,,,,NR SA,,,,,,,,,,,,,,,,,,,,,,On,Connected,-60.000000,2412,17,,,,IWLAN
888,1,,,-121.9314830,47.5244923,2026-01-26 20:50:15.000,_20260126_123527_CH01_TMO_5GNR_WFC_DUT_TC-164-R3.dml,,,,,,,,,,NR SA,,,,,,,,,,,,,,,,,,,594,,,On,Connected,-58.000000,2412,17,,,,IWLAN
889,1,,,-121.9314830,47.5244923,2026-01-26 20:50:16.000,_20260126_123527_CH01_TMO_5GNR_WFC_DUT_TC-164-R3.dml,,,,,,,,,,NR SA,,,,,,,,,,,,,,,,,,,,,,On,Connected,-58.000000,2412,17,,,,IWLAN
890,1,,,-121.9314830,47.5244923,2026-01-26 20:50:17.000,_20260126_123527_CH01_TMO_5GNR_WFC_DUT_TC-164-R3.dml,,,,,,,,,,NR SA,,,,,,,,,,,,,,,,,,,594,,,On,Connected,-58.000000,2412,17,,,,IWLAN
891,1,,,-121.9314830,47.5244923,2026-01-26 20:50:18.000,_20260126_123527_CH01_TMO_5GNR_WFC_DUT_TC-164-R3.dml,,,,,,,,,,NR SA,,,,,,,,,,,,,,,,,,,,,,On,Connected,-57.000000,2412,34,,,,IWLAN
892,1,,,-121.9314830,47.5244923,2026-01-26 20:50:19.000,_20260126_123527_CH01_TMO_5GNR_WFC_DUT_TC-164-R3.dml,,,,,,,,,,NR SA,,,,,,,,,,,,,,,,,,,,,,On,Connected,-57.000000,2412,34,,,,IWLAN
893,1,,,-121.9314830,47.5244923,2026-01-26 20:50:20.000,_20260126_123527_CH01_TMO_5GNR_WFC_DUT_TC-164-R3.dml,,,,,,,,,,NR SA,,,,,,,,,,,,,,,,,,,594,,,On,Connected,-57.000000,2412,34,,,,IWLAN
894,1,,,-121.9314830,47.5244923,2026-01-26 20:50:21.000,_20260126_123527_CH01_TMO_5GNR_WFC_DUT_TC-164-R3.dml,,,,,,,,,,NR SA,,,,,,,,,,,,,,,,,,,,,,On,Connected,-58.000000,2412,25,,,,IWLAN
895,1,,,-121.9314830,47.5244923,2026-01-26 20:50:22.000,_20260126_123527_CH01_TMO_5GNR_WFC_DUT_TC-164-R3.dml,,,,,,,,,,NR SA,,,,,,,,,,,,,,,,,,,594,,,On,Connected,-58.000000,2412,25,,,,IWLAN
896,1,,,-121.9314830,47.5244923,2026-01-26 20:50:23.000,_20260126_123527_CH01_TMO_5GNR_WFC_DUT_TC-164-R3.dml,,,,,,,,,,NR SA,,,,,,,,,,,,,,,,,,,,,,On,Connected,-58.000000,2412,25,,,,IWLAN
897,1,,,-121.9314830,47.5244923,2026-01-26 20:50:24.000,_20260126_123527_CH01_TMO_5GNR_WFC_DUT_TC-164-R3.dml,,,,,,,,,,NR SA,,,,,,,,,,,,,,,,,,,,,,On,Connected,-61.000000,2412,17,,,,IWLAN
898,1,,,-121.9314830,47.5244923,2026-01-26 20:50:25.000,_20260126_123527_CH01_TMO_5GNR_WFC_DUT_TC-164-R3.dml,,,,,,,,,,NR SA,,,,,,,,,,,,,,,,,,,594,,,On,Connected,-61.000000,2412,17,,,,IWLAN
899,1,,,-121.9314830,47.5244923,2026-01-26 20:50:26.000,_20260126_123527_CH01_TMO_5GNR_WFC_DUT_TC-164-R3.dml,,,,,,,,,,NR SA,,,,,,,,,,,,,,,,,,,,,,On,Connected,-58.500000,2412,34,,,,IWLAN
900,1,,,-121.9314830,47.5244923,2026-01-26 20:50:27.000,_20260126_123527_CH01_TMO_5GNR_WFC_DUT_TC-164-R3.dml,,,,,,,,,,NR SA,,,,,,,,,,,,,,,,,,,,,,,Connected,,,,,,,IWLAN
901,1,,,-121.9314830,47.5244923,2026-01-26 20:50:28.000,_20260126_123527_CH01_TMO_5GNR_WFC_DUT_TC-164-R3.dml,,,,,,,,,,NR SA,,,,,,,,,,,,,,,,,,,594,,,On,Connected,-56.000000,2412,34,,,,IWLAN
902,1,,,-121.9314830,47.5244923,2026-01-26 20:50:29.000,_20260126_123527_CH01_TMO_5GNR_WFC_DUT_TC-164-R3.dml,,,,,,,,,,NR SA,,,,,,,,,,,,,,,,,,,,,,On,Connected,-56.000000,2412,34,,,,IWLAN
903,1,,,-121.9314830,47.5244923,2026-01-26 20:50:30.000,_20260126_123527_CH01_TMO_5GNR_WFC_DUT_TC-164-R3.dml,,,,,,,,,,NR SA,,,,,,,,,,,,,,,,,,,594,,,On,Connected,-55.000000,2412,25,,,,IWLAN
904,1,,,-121.9314830,47.5244923,2026-01-26 20:50:31.000,_20260126_123527_CH01_TMO_5GNR_WFC_DUT_TC-164-R3.dml,,,,,,,,,,NR SA,,,,,,,,,,,,,,,,,,,,,,On,Connected,-55.000000,2412,25,,,,IWLAN
905,1,,,-121.9314830,47.5244923,2026-01-26 20:50:32.000,_20260126_123527_CH01_TMO_5GNR_WFC_DUT_TC-164-R3.dml,,,,,,,,,,NR SA,,,,,,,,,,,,,,,,,,,,,,On,Connected,-55.000000,2412,25,,,,IWLAN
906,1,,,-121.9314830,47.5244923,2026-01-26 20:50:33.000,_20260126_123527_CH01_TMO_5GNR_WFC_DUT_TC-164-R3.dml,,,,,,,,,,NR SA,,,,,,,,,,,,,,,,,,,594,,,On,Connected,-55.000000,2412,8,,,,IWLAN
907,1,,,-121.9314830,47.5244923,2026-01-26 20:50:34.000,_20260126_123527_CH01_TMO_5GNR_WFC_DUT_TC-164-R3.dml,,,,,,,,,,NR SA,,,,,,,,,,,,,,,,,,,,,,On,Connected,-55.000000,2412,8,,,,IWLAN
908,1,,,-121.9314830,47.5244923,2026-01-26 20:50:35.000,_20260126_123527_CH01_TMO_5GNR_WFC_DUT_TC-164-R3.dml,,,,,,,,,,NR SA,,,,,,,,,,,,,,,,,,,594,,,On,Connected,-55.000000,2412,8,,,,IWLAN
909,1,,,-121.9314830,47.5244923,2026-01-26 20:50:36.000,_20260126_123527_CH01_TMO_5GNR_WFC_DUT_TC-164-R3.dml,,,,,,,,,,NR SA,,,,,,,,,,,,,,,,,,,,,,On,Connected,-57.000000,2412,51,,,,IWLAN
910,1,,,-121.9314830,47.5244923,2026-01-26 20:50:37.000,_20260126_123527_CH01_TMO_5GNR_WFC_DUT_TC-164-R3.dml,,,,,,,,,,NR SA,,,,,,,,,,,,,,,,,,,,,,On,Connected,-57.000000,2412,51,,,,IWLAN
911,1,,,-121.9314830,47.5244923,2026-01-26 20:50:38.000,_20260126_123527_CH01_TMO_5GNR_WFC_DUT_TC-164-R3.dml,,,,,,,,,,NR SA,,,,,,,,,,,,,,,,,,,594,,,On,Connected,-57.000000,2412,51,,,,IWLAN
912,1,,,-121.9314830,47.5244923,2026-01-26 20:50:39.000,_20260126_123527_CH01_TMO_5GNR_WFC_DUT_TC-164-R3.dml,,,,,,,,,,NR SA,,,,,,,,,,,,,,,,,,,,,,On,Connected,-54.000000,2412,34,,,,IWLAN
913,1,,,-121.9314830,47.5244923,2026-01-26 20:50:40.000,_20260126_123527_CH01_TMO_5GNR_WFC_DUT_TC-164-R3.dml,,,,,,,,,,NR SA,,,,,,,,,,,,,,,,,,,594,,,On,Connected,-54.000000,2412,34,,,,IWLAN
914,1,,,-121.9314830,47.5244923,2026-01-26 20:50:41.000,_20260126_123527_CH01_TMO_5GNR_WFC_DUT_TC-164-R3.dml,,,,,,,,,,NR SA,,,,,,,,,,,,,,,,,,,,,,On,Connected,-54.000000,2412,34,,,,IWLAN
915,1,,,-121.9314830,47.5244923,2026-01-26 20:50:42.000,_20260126_123527_CH01_TMO_5GNR_WFC_DUT_TC-164-R3.dml,,,,,,,,,,NR SA,,,,,,,,,,,,,,,,,,,,,,On,Connected,-54.000000,2412,51,,,,IWLAN
916,1,,,-121.9314830,47.5244923,2026-01-26 20:50:43.000,_20260126_123527_CH01_TMO_5GNR_WFC_DUT_TC-164-R3.dml,,,,,,,,,,NR SA,,,,,,,,,,,,,,,,,,,594,,,On,Connected,-54.000000,2412,51,,,,IWLAN
917,1,,,-121.9314830,47.5244923,2026-01-26 20:50:44.000,_20260126_123527_CH01_TMO_5GNR_WFC_DUT_TC-164-R3.dml,,,,,,,,,,NR SA,,,,,,,,,,,,,,,,,,,,,,On,Connected,-54.000000,2412,51,,,,IWLAN
918,1,,,-121.9314830,47.5244923,2026-01-26 20:50:45.000,_20260126_123527_CH01_TMO_5GNR_WFC_DUT_TC-164-R3.dml,,,,,,,,,,NR SA,,,,,,,,,,,,,,,,,,,594,,,On,Connected,-53.000000,2412,34,,,,IWLAN
919,1,,,-121.9314830,47.5244923,2026-01-26 20:50:46.000,_20260126_123527_CH01_TMO_5GNR_WFC_DUT_TC-164-R3.dml,,,,,,,,,,NR SA,,,,,,,,,,,,,,,,,,,,,,On,Connected,-53.000000,2412,34,,,,IWLAN
920,1,,,-121.9314830,47.5244923,2026-01-26 20:50:47.000,_20260126_123527_CH01_TMO_5GNR_WFC_DUT_TC-164-R3.dml,,,,,,,,,,NR SA,,,,,,,,,,,,,,,,,,,,,,On,Connected,-53.000000,2412,34,,,,IWLAN
921,1,,,-121.9314830,47.5244923,2026-01-26 20:50:48.000,_20260126_123527_CH01_TMO_5GNR_WFC_DUT_TC-164-R3.dml,,,,,,,,,,NR SA,,,,,,,,,,,,,,,,,,,594,,,On,Connected,-56.000000,2412,51,,,,IWLAN
922,1,,,-121.9314830,47.5244923,2026-01-26 20:50:49.000,_20260126_123527_CH01_TMO_5GNR_WFC_DUT_TC-164-R3.dml,,,,,,,,,,NR SA,,,,,,,,,,,,,,,,,,,,,,On,Connected,-56.000000,2412,51,,,,IWLAN
923,1,,,-121.9314830,47.5244923,2026-01-26 20:50:50.000,_20260126_123527_CH01_TMO_5GNR_WFC_DUT_TC-164-R3.dml,,,,,,,,,,NR SA,,,,,,,,,,,,,,,,,,,,,,On,Connected,-56.000000,2412,51,,,,IWLAN
924,1,,,-121.9314830,47.5244923,2026-01-26 20:50:51.000,_20260126_123527_CH01_TMO_5GNR_WFC_DUT_TC-164-R3.dml,,,,,,,,,,NR SA,,,,,,,,,,,,,,,,,,,594,,,On,Connected,-54.000000,2412,34,,,,IWLAN
925,1,,,-121.9314830,47.5244923,2026-01-26 20:50:52.000,_20260126_123527_CH01_TMO_5GNR_WFC_DUT_TC-164-R3.dml,,,,,,,,,,NR SA,,,,,,,,,,,,,,,,,,,,,,On,Connected,-54.000000,2412,34,,,,IWLAN
926,1,,,-121.9314830,47.5244923,2026-01-26 20:50:53.000,_20260126_123527_CH01_TMO_5GNR_WFC_DUT_TC-164-R3.dml,,,,,,,,,,NR SA,,,,,,,,,,,,,,,,,,,594,,,On,Connected,-54.000000,2412,34,,,,IWLAN
927,1,,,-121.9314830,47.5244923,2026-01-26 20:50:54.000,_20260126_123527_CH01_TMO_5GNR_WFC_DUT_TC-164-R3.dml,,,,,,,,,,NR SA,,,,,,,,,,,,,,,,,,,594,,,On,Connected,-53.000000,2412,34,,,,IWLAN
928,1,,,-121.9314830,47.5244923,2026-01-26 20:50:55.000,_20260126_123527_CH01_TMO_5GNR_WFC_DUT_TC-164-R3.dml,,,,,,,,,,NR SA,,,,,,,,,,,,,,,,,,,,,,On,Connected,-53.000000,2412,34,,,,IWLAN
929,1,,,-121.9314830,47.5244923,2026-01-26 20:50:56.000,_20260126_123527_CH01_TMO_5GNR_WFC_DUT_TC-164-R3.dml,,,,,,,,,,NR SA,,,,,,,,,,,,,,,,,,,594,,,On,Connected,-53.000000,2412,34,,,,IWLAN
930,1,,,-121.9314830,47.5244923,2026-01-26 20:50:57.000,_20260126_123527_CH01_TMO_5GNR_WFC_DUT_TC-164-R3.dml,,,,,,,,,,NR SA,,,,,,,,,,,,,,,,,,,,,,On,Connected,-53.000000,2412,51,,,,IWLAN
931,1,,,-121.9314830,47.5244923,2026-01-26 20:50:58.000,_20260126_123527_CH01_TMO_5GNR_WFC_DUT_TC-164-R3.dml,,,,,,,,,,NR SA,,,,,,,,,,,,,,,,,,,,,,On,Connected,-53.000000,2412,51,,,,IWLAN
932,1,,,-121.9314830,47.5244923,2026-01-26 20:50:59.000,_20260126_123527_CH01_TMO_5GNR_WFC_DUT_TC-164-R3.dml,,,,,,,,,,NR SA,,,,,,,,,,,,,,,,,,,594,,,On,Connected,-53.000000,2412,51,,,,IWLAN
933,1,,,-121.9314830,47.5244923,2026-01-26 20:51:00.000,_20260126_123527_CH01_TMO_5GNR_WFC_DUT_TC-164-R3.dml,,,,,,,,,,NR SA,,,,,,,,,,,,,,,,,,,,,,On,Connected,-54.000000,2412,51,,,,IWLAN
934,1,,,-121.9314830,47.5244923,2026-01-26 20:51:01.000,_20260126_123527_CH01_TMO_5GNR_WFC_DUT_TC-164-R3.dml,,,,,,,,,,NR SA,,,,,,,,,,,,,,,,,,,594,,,On,Connected,-54.000000,2412,51,,,,IWLAN
935,1,,,-121.9314830,47.5244923,2026-01-26 20:51:02.000,_20260126_123527_CH01_TMO_5GNR_WFC_DUT_TC-164-R3.dml,,,,,,,,,,NR SA,,,,,,,,,,,,,,,,,,,,,,On,Connected,-54.000000,2412,51,,,,IWLAN
936,1,,,-121.9314830,47.5244923,2026-01-26 20:51:03.000,_20260126_123527_CH01_TMO_5GNR_WFC_DUT_TC-164-R3.dml,,,,,,,,,,NR SA,,,,,,,,,,,,,,,,,,,,,,On,Connected,-52.000000,2412,51,,,,IWLAN
937,1,,,-121.9314830,47.5244923,2026-01-26 20:51:04.000,_20260126_123527_CH01_TMO_5GNR_WFC_DUT_TC-164-R3.dml,,,,,,,,,,NR SA,,,,,,,,,,,,,,,,,,,594,,,On,Connected,-52.000000,2412,51,,,,IWLAN
938,1,,,-121.9314830,47.5244923,2026-01-26 20:51:05.000,_20260126_123527_CH01_TMO_5GNR_WFC_DUT_TC-164-R3.dml,,,,,,,,,,NR SA,,,,,,,,,,,,,,,,,,,,,,On,Connected,-52.000000,2412,51,,,,IWLAN
939,1,,,-121.9314830,47.5244923,2026-01-26 20:51:06.000,_20260126_123527_CH01_TMO_5GNR_WFC_DUT_TC-164-R3.dml,,,,,,,,,,NR SA,,,,,,,,,,,,,,,,,,,,,,On,Connected,-57.000000,2412,34,,,,IWLAN
940,1,,,-121.9314830,47.5244923,2026-01-26 20:51:07.000,_20260126_123527_CH01_TMO_5GNR_WFC_DUT_TC-164-R3.dml,,,,,,,,,,NR SA,,,,,,,,,,,,,,,,,,,594,,,On,Connected,-57.000000,2412,34,,,,IWLAN
941,1,,,-121.9314830,47.5244923,2026-01-26 20:51:08.000,_20260126_123527_CH01_TMO_5GNR_WFC_DUT_TC-164-R3.dml,,,,,,,,,,NR SA,,,,,,,,,,,,,,,,,,,,,,On,Connected,-57.000000,2412,34,,,,IWLAN
942,1,,,-121.9314830,47.5244923,2026-01-26 20:51:09.000,_20260126_123527_CH01_TMO_5GNR_WFC_DUT_TC-164-R3.dml,,,,,,,,,,NR SA,,,,,,,,,,,,,,,,,,,594,,,On,Connected,-55.000000,2412,51,,,,IWLAN
943,1,,,-121.9314830,47.5244923,2026-01-26 20:51:10.000,_20260126_123527_CH01_TMO_5GNR_WFC_DUT_TC-164-R3.dml,,,,,,,,,,NR SA,,,,,,,,,,,,,,,,,,,,,,On,Connected,-55.000000,2412,51,,,,IWLAN
944,1,,,-121.9314830,47.5244923,2026-01-26 20:51:11.000,_20260126_123527_CH01_TMO_5GNR_WFC_DUT_TC-164-R3.dml,,,,,,,,,,NR SA,,,,,,,,,,,,,,,,,,,,,,On,Connected,-55.000000,2412,51,,,,IWLAN
945,1,,,-121.9314830,47.5244923,2026-01-26 20:51:12.000,_20260126_123527_CH01_TMO_5GNR_WFC_DUT_TC-164-R3.dml,,,,,,,,,,NR SA,,,,,,,,,,,,,,,,,,,594,,,On,Connected,-53.000000,2412,34,,,,IWLAN
946,1,,,-121.9314830,47.5244923,2026-01-26 20:51:13.000,_20260126_123527_CH01_TMO_5GNR_WFC_DUT_TC-164-R3.dml,,,,,,,,,,NR SA,,,,,,,,,,,,,,,,,,,,,,On,Connected,-53.000000,2412,34,,,,IWLAN
947,1,,,-121.9314830,47.5244923,2026-01-26 20:51:14.000,_20260126_123527_CH01_TMO_5GNR_WFC_DUT_TC-164-R3.dml,,,,,,,,,,NR SA,,,,,,,,,,,,,,,,,,,594,,,On,Connected,-53.000000,2412,34,,,,IWLAN
948,1,,,-121.9314830,47.5244923,2026-01-26 20:51:15.000,_20260126_123527_CH01_TMO_5GNR_WFC_DUT_TC-164-R3.dml,,,,,,,,,,NR SA,,,,,,,,,,,,,,,,,,,,,,On,Connected,-53.000000,2412,51,,,,IWLAN
949,1,,,-121.9314830,47.5244923,2026-01-26 20:51:16.000,_20260126_123527_CH01_TMO_5GNR_WFC_DUT_TC-164-R3.dml,,,,,,,,,,NR SA,,,,,,,,,,,,,,,,,,,,,,On,Connected,-53.000000,2412,51,,,,IWLAN
950,1,,,-121.9314830,47.5244923,2026-01-26 20:51:17.000,_20260126_123527_CH01_TMO_5GNR_WFC_DUT_TC-164-R3.dml,,,,,,,,,,NR SA,,,,,,,,,,,,,,,,,,,594,,,On,Connected,-53.000000,2412,51,,,,IWLAN
951,1,,,-121.9314830,47.5244923,2026-01-26 20:51:18.000,_20260126_123527_CH01_TMO_5GNR_WFC_DUT_TC-164-R3.dml,,,,,,,,,,NR SA,,,,,,,,,,,,,,,,,,,,,,On,Connected,-57.000000,2412,25,,,,IWLAN
952,1,,,-121.9314830,47.5244923,2026-01-26 20:51:19.000,_20260126_123527_CH01_TMO_5GNR_WFC_DUT_TC-164-R3.dml,,,,,,,,,,NR SA,,,,,,,,,,,,,,,,,,,594,,,On,Connected,-57.000000,2412,25,,,,IWLAN
953,1,,,-121.9314830,47.5244923,2026-01-26 20:51:20.000,_20260126_123527_CH01_TMO_5GNR_WFC_DUT_TC-164-R3.dml,,,,,,,,,,NR SA,,,,,,,,,,,,,,,,,,,,,,On,Connected,-55.000000,2412,25,,,,IWLAN
954,1,,,-121.9314830,47.5244923,2026-01-26 20:51:21.000,_20260126_123527_CH01_TMO_5GNR_WFC_DUT_TC-164-R3.dml,,,,,,,,,,NR SA,,,,,,,,,,,,,,,,,,,,,,,Connected,,,,,,,IWLAN
955,1,,,-121.9314830,47.5244923,2026-01-26 20:51:22.000,_20260126_123527_CH01_TMO_5GNR_WFC_DUT_TC-164-R3.dml,,,,,,,,,,NR SA,,,,,,,,,,,,,,,,,,,594,,,On,Connected,-53.000000,2412,25,,,,IWLAN
956,1,,,-121.9314830,47.5244923,2026-01-26 20:51:23.000,_20260126_123527_CH01_TMO_5GNR_WFC_DUT_TC-164-R3.dml,,,,,,,,,,NR SA,,,,,,,,,,,,,,,,,,,,,,On,Connected,-53.000000,2412,25,,,,IWLAN
957,1,,,-121.9314830,47.5244923,2026-01-26 20:51:24.000,_20260126_123527_CH01_TMO_5GNR_WFC_DUT_TC-164-R3.dml,,,,,,,,,,NR SA,,,,,,,,,,,,,,,,,,,,,,On,Connected,-56.000000,2412,34,,,,IWLAN
958,1,,,-121.9314830,47.5244923,2026-01-26 20:51:25.000,_20260126_123527_CH01_TMO_5GNR_WFC_DUT_TC-164-R3.dml,,,,,,,,,,NR SA,,,,,,,,,,,,,,,,,,,594,,,On,Connected,-56.000000,2412,34,,,,IWLAN
959,1,,,-121.9314830,47.5244923,2026-01-26 20:51:26.000,_20260126_123527_CH01_TMO_5GNR_WFC_DUT_TC-164-R3.dml,,,,,,,,,,NR SA,,,,,,,,,,,,,,,,,,,,,,On,Connected,-56.000000,2412,34,,,,IWLAN
960,1,,,-121.9314830,47.5244923,2026-01-26 20:51:27.000,_20260126_123527_CH01_TMO_5GNR_WFC_DUT_TC-164-R3.dml,,,,,,,,,,NR SA,,,,,,,,,,,,,,,,,,,594,,,On,Connected,-50.000000,2412,68,,,,IWLAN
961,1,,,-121.9314830,47.5244923,2026-01-26 20:51:28.000,_20260126_123527_CH01_TMO_5GNR_WFC_DUT_TC-164-R3.dml,,,,,,,,,,NR SA,,,,,,,,,,,,,,,,,,,,,,On,Connected,-50.000000,2412,68,,,,IWLAN
962,1,,,-121.9314830,47.5244923,2026-01-26 20:51:29.000,_20260126_123527_CH01_TMO_5GNR_WFC_DUT_TC-164-R3.dml,,,,,,,,,,NR SA,,,,,,,,,,,,,,,,,,,,,,On,Connected,-50.000000,2412,68,,,,IWLAN
963,1,,,-121.9314830,47.5244923,2026-01-26 20:51:30.000,_20260126_123527_CH01_TMO_5GNR_WFC_DUT_TC-164-R3.dml,,,,,,,,,,NR SA,,,,,,,,,,,,,,,,,,,594,,,On,Connected,-52.000000,2412,34,,,,IWLAN
964,1,,,-121.9314830,47.5244923,2026-01-26 20:51:31.000,_20260126_123527_CH01_TMO_5GNR_WFC_DUT_TC-164-R3.dml,,,,,,,,,,NR SA,,,,,,,,,,,,,,,,,,,,,,On,Connected,-52.000000,2412,34,,,,IWLAN
965,1,,,-121.9314830,47.5244923,2026-01-26 20:51:32.000,_20260126_123527_CH01_TMO_5GNR_WFC_DUT_TC-164-R3.dml,,,,,,,,,,NR SA,,,,,,,,,,,,,,,,,,,594,,,On,Connected,-52.000000,2412,34,,,,IWLAN
966,1,,,-121.9314830,47.5244923,2026-01-26 20:51:33.000,_20260126_123527_CH01_TMO_5GNR_WFC_DUT_TC-164-R3.dml,,,,,,,,,,NR SA,,,,,,,,,,,,,,,,,,,,,,On,Connected,-53.000000,2412,51,,,,IWLAN
967,1,,,-121.9314830,47.5244923,2026-01-26 20:51:34.000,_20260126_123527_CH01_TMO_5GNR_WFC_DUT_TC-164-R3.dml,,,,,,,,,,NR SA,,,,,,,,,,,,,,,,,,,,,,On,Connected,-53.000000,2412,51,,,,IWLAN
968,1,,,-121.9314830,47.5244923,2026-01-26 20:51:35.000,_20260126_123527_CH01_TMO_5GNR_WFC_DUT_TC-164-R3.dml,,,,,,,,,,NR SA,,,,,,,,,,,,,,,,,,,594,,,On,Connected,-53.000000,2412,51,,,,IWLAN
969,1,,,-121.9314830,47.5244923,2026-01-26 20:51:36.000,_20260126_123527_CH01_TMO_5GNR_WFC_DUT_TC-164-R3.dml,,,,,,,,,,NR SA,,,,,,,,,,,,,,,,,,,,,,On,Connected,-54.000000,2412,51,,,,IWLAN
970,1,,,-121.9314830,47.5244923,2026-01-26 20:51:37.000,_20260126_123527_CH01_TMO_5GNR_WFC_DUT_TC-164-R3.dml,,,,,,,,,,NR SA,,,,,,,,,,,,,,,,,,,594,,,On,Connected,-54.000000,2412,51,,,,IWLAN
971,1,,,-121.9314830,47.5244923,2026-01-26 20:51:38.000,_20260126_123527_CH01_TMO_5GNR_WFC_DUT_TC-164-R3.dml,,,,,,,,,,NR SA,,,,,,,,,,,,,,,,,,,,,,On,Connected,-54.000000,2412,51,,,,IWLAN
972,1,,,-121.9314830,47.5244923,2026-01-26 20:51:39.000,_20260126_123527_CH01_TMO_5GNR_WFC_DUT_TC-164-R3.dml,,,,,,,,,,NR SA,,,,,,,,,,,,,,,,,,,,,,On,Connected,-51.000000,2412,51,,,,IWLAN
973,1,,,-121.9314830,47.5244923,2026-01-26 20:51:40.000,_20260126_123527_CH01_TMO_5GNR_WFC_DUT_TC-164-R3.dml,,,,,,,,,,NR SA,,,,,,,,,,,,,,,,,,,594,,,On,Connected,-51.000000,2412,51,,,,IWLAN
974,1,,,-121.9314830,47.5244923,2026-01-26 20:51:41.000,_20260126_123527_CH01_TMO_5GNR_WFC_DUT_TC-164-R3.dml,,,,,,,,,,NR SA,,,,,,,,,,,,,,,,,,,,,,On,Connected,-51.000000,2412,51,,,,IWLAN
975,1,,,-121.9314830,47.5244923,2026-01-26 20:51:42.000,_20260126_123527_CH01_TMO_5GNR_WFC_DUT_TC-164-R3.dml,,,,,,,,,,NR SA,,,,,,,,,,,,,,,,,,,594,,,On,Connected,-50.000000,2412,51,,,,IWLAN
976,1,,,-121.9314830,47.5244923,2026-01-26 20:51:43.000,_20260126_123527_CH01_TMO_5GNR_WFC_DUT_TC-164-R3.dml,,,,,,,,,,NR SA,,,,,,,,,,,,,,,,,,,,,,On,Connected,-50.000000,2412,51,,,,IWLAN
977,1,,,-121.9314830,47.5244923,2026-01-26 20:51:44.000,_20260126_123527_CH01_TMO_5GNR_WFC_DUT_TC-164-R3.dml,,,,,,,,,,NR SA,,,,,,,,,,,,,,,,,,,,,,On,Connected,-50.000000,2412,51,,,,IWLAN
978,1,,,-121.9314830,47.5244923,2026-01-26 20:51:45.000,_20260126_123527_CH01_TMO_5GNR_WFC_DUT_TC-164-R3.dml,,,,,,,,,,NR SA,,,,,,,,,,,,,,,,,,,594,,,On,Connected,-51.000000,2412,68,,,,IWLAN
979,1,,,-121.9314830,47.5244923,2026-01-26 20:51:46.000,_20260126_123527_CH01_TMO_5GNR_WFC_DUT_TC-164-R3.dml,,,,,,,,,,NR SA,,,,,,,,,,,,,,,,,,,,,,On,Connected,-51.000000,2412,68,,,,IWLAN
980,1,,,-121.9314830,47.5244923,2026-01-26 20:51:47.000,_20260126_123527_CH01_TMO_5GNR_WFC_DUT_TC-164-R3.dml,,,,,,,,,,NR SA,,,,,,,,,,,,,,,,,,,,,,On,Connected,-51.000000,2412,68,,,,IWLAN
981,1,,,-121.9314830,47.5244923,2026-01-26 20:51:48.000,_20260126_123527_CH01_TMO_5GNR_WFC_DUT_TC-164-R3.dml,,,,,,,,,,NR SA,,,,,,,,,,,,,,,,,,,594,,,On,Connected,-50.000000,2412,34,,,,IWLAN
982,1,,,-121.9314830,47.5244923,2026-01-26 20:51:49.000,_20260126_123527_CH01_TMO_5GNR_WFC_DUT_TC-164-R3.dml,,,,,,,,,,NR SA,,,,,,,,,,,,,,,,,,,,,,On,Connected,-50.000000,2412,34,,,,IWLAN
983,1,,,-121.9314830,47.5244923,2026-01-26 20:51:50.000,_20260126_123527_CH01_TMO_5GNR_WFC_DUT_TC-164-R3.dml,,,,,,,,,,NR SA,,,,,,,,,,,,,,,,,,,594,,,On,Connected,-50.000000,2412,34,,,,IWLAN
984,1,,,-121.9314830,47.5244923,2026-01-26 20:51:51.000,_20260126_123527_CH01_TMO_5GNR_WFC_DUT_TC-164-R3.dml,,,,,,,,,,NR SA,,,,,,,,,,,,,,,,,,,,,,On,Connected,-50.000000,2412,68,,,,IWLAN
985,1,,,-121.9314830,47.5244923,2026-01-26 20:51:52.000,_20260126_123527_CH01_TMO_5GNR_WFC_DUT_TC-164-R3.dml,,,,,,,,,,NR SA,,,,,,,,,,,,,,,,,,,,,,On,Connected,-50.000000,2412,68,,,,IWLAN
986,1,,,-121.9314830,47.5244923,2026-01-26 20:51:53.000,_20260126_123527_CH01_TMO_5GNR_WFC_DUT_TC-164-R3.dml,,,,,,,,,,NR SA,,,,,,,,,,,,,,,,,,,594,,,On,Connected,-50.000000,2412,68,,,,IWLAN
987,1,,,-121.9314830,47.5244923,2026-01-26 20:51:54.000,_20260126_123527_CH01_TMO_5GNR_WFC_DUT_TC-164-R3.dml,,,,,,,,,,NR SA,,,,,,,,,,,,,,,,,,,594,,,On,Connected,-51.000000,2412,68,,,,IWLAN
988,1,,,-121.9314830,47.5244923,2026-01-26 20:51:55.000,_20260126_123527_CH01_TMO_5GNR_WFC_DUT_TC-164-R3.dml,,,,,,,,,,NR SA,,,,,,,,,,,,,,,,,,,594,,,On,Connected,-51.000000,2412,68,,,,IWLAN
989,1,,,-121.9314830,47.5244923,2026-01-26 20:51:56.000,_20260126_123527_CH01_TMO_5GNR_WFC_DUT_TC-164-R3.dml,,,,,,,,,,NR SA,,,,,,,,,,,,,,,,,,,,,,On,Connected,-51.000000,2412,68,,,,IWLAN
990,1,,,-121.9314830,47.5244923,2026-01-26 20:51:57.000,_20260126_123527_CH01_TMO_5GNR_WFC_DUT_TC-164-R3.dml,,,,,,,,,,NR SA,,,,,,,,,,,,,,,,,,,,,,On,Connected,-54.000000,2412,34,,,,IWLAN
991,1,,,-121.9314830,47.5244923,2026-01-26 20:51:58.000,_20260126_123527_CH01_TMO_5GNR_WFC_DUT_TC-164-R3.dml,,,,,,,,,,NR SA,,,,,,,,,,,,,,,,,,,594,,,On,Connected,-54.000000,2412,34,,,,IWLAN
992,1,,,-121.9314830,47.5244923,2026-01-26 20:51:59.000,_20260126_123527_CH01_TMO_5GNR_WFC_DUT_TC-164-R3.dml,,,,,,,,,,NR SA,,,,,,,,,,,,,,,,,,,,,,On,Connected,-54.000000,2412,34,,,,IWLAN
993,1,,,-121.9314830,47.5244923,2026-01-26 20:52:00.000,_20260126_123527_CH01_TMO_5GNR_WFC_DUT_TC-164-R3.dml,,,,,,,,,,NR SA,,,,,,,,,,,,,,,,,,,594,,,On,Connected,-53.000000,2412,34,,,,IWLAN
994,1,,,-121.9314830,47.5244923,2026-01-26 20:52:01.000,_20260126_123527_CH01_TMO_5GNR_WFC_DUT_TC-164-R3.dml,,,,,,,,,,NR SA,,,,,,,,,,,,,,,,,,,,,,On,Connected,-53.000000,2412,34,,,,IWLAN
995,1,,,-121.9314830,47.5244923,2026-01-26 20:52:02.000,_20260126_123527_CH01_TMO_5GNR_WFC_DUT_TC-164-R3.dml,,,,,,,,,,NR SA,,,,,,,,,,,,,,,,,,,594,,,On,Connected,-53.000000,2412,34,,,,IWLAN
996,1,,,-121.9314830,47.5244923,2026-01-26 20:52:03.000,_20260126_123527_CH01_TMO_5GNR_WFC_DUT_TC-164-R3.dml,,,,,,,,,,NR SA,,,,,,,,,,,,,,,,,,,,,,On,Connected,-53.000000,2412,51,,,,IWLAN
997,1,,,-121.9314830,47.5244923,2026-01-26 20:52:04.000,_20260126_123527_CH01_TMO_5GNR_WFC_DUT_TC-164-R3.dml,,,,,,,,,,NR SA,,,,,,,,,,,,,,,,,,,594,,,On,Connected,-53.000000,2412,51,,,,IWLAN
998,1,,,-121.9314830,47.5244923,2026-01-26 20:52:05.000,_20260126_123527_CH01_TMO_5GNR_WFC_DUT_TC-164-R3.dml,,,,,,,,,,NR SA,,,,,,,,,,,,,,,,,,,,,,On,Connected,-53.000000,2412,51,,,,IWLAN
999,1,,,-121.9314830,47.5244923,2026-01-26 20:52:06.000,_20260126_123527_CH01_TMO_5GNR_WFC_DUT_TC-164-R3.dml,,,,,,,,,,NR SA,,,,,,,,,,,,,,,,,,,,,,On,Connected,-50.000000,2412,68,,,,IWLAN
1000,1,,,-121.9314830,47.5244923,2026-01-26 20:52:07.000,_20260126_123527_CH01_TMO_5GNR_WFC_DUT_TC-164-R3.dml,,,,,,,,,,NR SA,,,,,,,,,,,,,,,,,,,594,,,On,Connected,-50.000000,2412,68,,,,IWLAN
1001,1,,,-121.9314830,47.5244923,2026-01-26 20:52:08.000,_20260126_123527_CH01_TMO_5GNR_WFC_DUT_TC-164-R3.dml,,,,,,,,,,NR SA,,,,,,,,,,,,,,,,,,,,,,On,Connected,-50.000000,2412,68,,,,IWLAN
1002,1,,,-121.9314830,47.5244923,2026-01-26 20:52:09.000,_20260126_123527_CH01_TMO_5GNR_WFC_DUT_TC-164-R3.dml,,,,,,,,,,NR SA,,,,,,,,,,,,,,,,,,,594,,,On,Connected,-48.000000,2412,68,,,,IWLAN
1003,1,,,-121.9314830,47.5244923,2026-01-26 20:52:10.000,_20260126_123527_CH01_TMO_5GNR_WFC_DUT_TC-164-R3.dml,,,,,,,,,,NR SA,,,,,,,,,,,,,,,,,,,594,,,On,Connected,-48.000000,2412,68,,,,IWLAN
1004,1,,,-121.9314830,47.5244923,2026-01-26 20:52:11.000,_20260126_123527_CH01_TMO_5GNR_WFC_DUT_TC-164-R3.dml,,,,,,,,,,NR SA,,,,,,,,,,,,,,,,,,,,,,On,Connected,-48.000000,2412,68,,,,IWLAN
1005,1,,,-121.9314830,47.5244923,2026-01-26 20:52:12.000,_20260126_123527_CH01_TMO_5GNR_WFC_DUT_TC-164-R3.dml,,,,,,,,,,NR SA,,,,,,,,,,,,,,,,,,,,,,On,Connected,-46.000000,2412,68,,,,IWLAN
1006,1,,,-121.9314830,47.5244923,2026-01-26 20:52:13.000,_20260126_123527_CH01_TMO_5GNR_WFC_DUT_TC-164-R3.dml,,,,,,,,,,NR SA,,,,,,,,,,,,,,,,,,,594,,,On,Connected,-46.000000,2412,68,,,,IWLAN
1007,1,,,-121.9314830,47.5244923,2026-01-26 20:52:14.000,_20260126_123527_CH01_TMO_5GNR_WFC_DUT_TC-164-R3.dml,,,,,,,,,,NR SA,,,,,,,,,,,,,,,,,,,,,,On,Connected,-46.000000,2412,68,,,,IWLAN
1008,1,,,-121.9314830,47.5244923,2026-01-26 20:52:15.000,_20260126_123527_CH01_TMO_5GNR_WFC_DUT_TC-164-R3.dml,,,,,,,,,,NR SA,,,,,,,,,,,,,,,,,,,594,,,On,Connected,-47.000000,2412,68,,,,IWLAN
1009,1,,,-121.9314830,47.5244923,2026-01-26 20:52:16.000,_20260126_123527_CH01_TMO_5GNR_WFC_DUT_TC-164-R3.dml,,,,,,,,,,NR SA,,,,,,,,,,,,,,,,,,,594,,,On,Connected,-47.000000,2412,68,,,,IWLAN
1010,1,,,-121.9314830,47.5244923,2026-01-26 20:52:17.000,_20260126_123527_CH01_TMO_5GNR_WFC_DUT_TC-164-R3.dml,,,,,,,,,,NR SA,,,,,,,,,,,,,,,,,,,,,,On,Connected,-47.000000,2412,68,,,,IWLAN
1011,1,,,-121.9314830,47.5244923,2026-01-26 20:52:18.000,_20260126_123527_CH01_TMO_5GNR_WFC_DUT_TC-164-R3.dml,,,,,,,,,,NR SA,,,,,,,,,,,,,,,,,,,,,,On,Connected,-50.000000,2412,51,,,,IWLAN
1012,1,,,-121.9314830,47.5244923,2026-01-26 20:52:19.000,_20260126_123527_CH01_TMO_5GNR_WFC_DUT_TC-164-R3.dml,,,,,,,,,,NR SA,,,,,,,,,,,,,,,,,,,594,,,On,Connected,-50.000000,2412,51,,,,IWLAN
1013,1,,,-121.9314830,47.5244923,2026-01-26 20:52:20.000,_20260126_123527_CH01_TMO_5GNR_WFC_DUT_TC-164-R3.dml,,,,,,,,,,NR SA,,,,,,,,,,,,,,,,,,,,,,On,Connected,-50.000000,2412,51,,,,IWLAN
1014,1,,,-121.9314830,47.5244923,2026-01-26 20:52:21.000,_20260126_123527_CH01_TMO_5GNR_WFC_DUT_TC-164-R3.dml,,,,,,,,,,NR SA,,,,,,,,,,,,,,,,,,,594,,,On,Connected,-51.000000,2412,51,,,,IWLAN
1015,1,,,-121.9314830,47.5244923,2026-01-26 20:52:22.000,_20260126_123527_CH01_TMO_5GNR_WFC_DUT_TC-164-R3.dml,,,,,,,,,,NR SA,,,,,,,,,,,,,,,,,,,,,,On,Connected,-51.000000,2412,51,,,,IWLAN
1016,1,,,-121.9314830,47.5244923,2026-01-26 20:52:23.000,_20260126_123527_CH01_TMO_5GNR_WFC_DUT_TC-164-R3.dml,,,,,,,,,,NR SA,,,,,,,,,,,,,,,,,,,,,,On,Connected,-51.000000,2412,51,,,,IWLAN
1017,1,,,-121.9314830,47.5244923,2026-01-26 20:52:24.000,_20260126_123527_CH01_TMO_5GNR_WFC_DUT_TC-164-R3.dml,,,,,,,,,,NR SA,,,,,,,,,,,,,,,,,,,594,,,On,Connected,-47.000000,2412,68,,,,IWLAN
1018,1,,,-121.9314830,47.5244923,2026-01-26 20:52:25.000,_20260126_123527_CH01_TMO_5GNR_WFC_DUT_TC-164-R3.dml,,,,,,,,,,NR SA,,,,,,,,,,,,,,,,,,,594,,,On,Connected,-47.000000,2412,68,,,,IWLAN
1019,1,,,-121.9314830,47.5244923,2026-01-26 20:52:26.000,_20260126_123527_CH01_TMO_5GNR_WFC_DUT_TC-164-R3.dml,,,,,,,,,,NR SA,,,,,,,,,,,,,,,,,,,,,,On,Connected,-47.000000,2412,68,,,,IWLAN
1020,1,,,-121.9314830,47.5244923,2026-01-26 20:52:27.000,_20260126_123527_CH01_TMO_5GNR_WFC_DUT_TC-164-R3.dml,,,,,,,,,,NR SA,,,,,,,,,,,,,,,,,,,,,,On,Connected,-46.000000,2412,77,,,,IWLAN
1021,1,,,-121.9314830,47.5244923,2026-01-26 20:52:28.000,_20260126_123527_CH01_TMO_5GNR_WFC_DUT_TC-164-R3.dml,,,,,,,,,,NR SA,,,,,,,,,,,,,,,,,,,594,,,On,Connected,-46.000000,2412,77,,,,IWLAN
1022,1,,,-121.9314830,47.5244923,2026-01-26 20:52:29.000,_20260126_123527_CH01_TMO_5GNR_WFC_DUT_TC-164-R3.dml,,,,,,,,,,NR SA,,,,,,,,,,,,,,,,,,,,,,On,Connected,-46.000000,2412,77,,,,IWLAN
1023,1,,,-121.9314830,47.5244923,2026-01-26 20:52:30.000,_20260126_123527_CH01_TMO_5GNR_WFC_DUT_TC-164-R3.dml,,,,,,,,,,NR SA,,,,,,,,,,,,,,,,,,,,,,On,Connected,-49.000000,2412,34,,,,IWLAN
1024,1,,,-121.9314830,47.5244923,2026-01-26 20:52:31.000,_20260126_123527_CH01_TMO_5GNR_WFC_DUT_TC-164-R3.dml,,,,,,,,,,NR SA,,,,,,,,,,,,,,,,,,,594,,,On,Connected,-49.000000,2412,34,,,,IWLAN
1025,1,,,-121.9314830,47.5244923,2026-01-26 20:52:32.000,_20260126_123527_CH01_TMO_5GNR_WFC_DUT_TC-164-R3.dml,,,,,,,,,,NR SA,,,,,,,,,,,,,,,,,,,,,,On,Connected,-49.000000,2412,34,,,,IWLAN
1026,1,,,-121.9314830,47.5244923,2026-01-26 20:52:33.000,_20260126_123527_CH01_TMO_5GNR_WFC_DUT_TC-164-R3.dml,,,,,,,,,,NR SA,,,,,,,,,,,,,,,,,,,594,,,On,Connected,-46.000000,2412,77,,,,IWLAN
1027,1,,,-121.9314830,47.5244923,2026-01-26 20:52:34.000,_20260126_123527_CH01_TMO_5GNR_WFC_DUT_TC-164-R3.dml,,,,,,,,,,NR SA,,,,,,,,,,,,,,,,,,,,,,On,Connected,-46.000000,2412,77,,,,IWLAN
1028,1,,,-121.9314830,47.5244923,2026-01-26 20:52:35.000,_20260126_123527_CH01_TMO_5GNR_WFC_DUT_TC-164-R3.dml,,,,,,,,,,NR SA,,,,,,,,,,,,,,,,,,,,,,On,Connected,-46.000000,2412,77,,,,IWLAN
1029,1,,,-121.9314830,47.5244923,2026-01-26 20:52:36.000,_20260126_123527_CH01_TMO_5GNR_WFC_DUT_TC-164-R3.dml,,,,,,,,,,NR SA,,,,,,,,,,,,,,,,,,,594,,,On,Connected,-45.000000,2412,103,,,,IWLAN
1030,1,,,-121.9314830,47.5244923,2026-01-26 20:52:37.000,_20260126_123527_CH01_TMO_5GNR_WFC_DUT_TC-164-R3.dml,,,,,,,,,,NR SA,,,,,,,,,,,,,,,,,,,,,,On,Connected,-45.000000,2412,103,,,,IWLAN
1031,1,,,-121.9314830,47.5244923,2026-01-26 20:52:38.000,_20260126_123527_CH01_TMO_5GNR_WFC_DUT_TC-164-R3.dml,,,,,,,,,,NR SA,,,,,,,,,,,,,,,,,,,,,,On,Connected,-45.000000,2412,103,,,,IWLAN
1032,1,,,-121.9314830,47.5244923,2026-01-26 20:52:39.000,_20260126_123527_CH01_TMO_5GNR_WFC_DUT_TC-164-R3.dml,,,,,,,,,,NR SA,,,,,,,,,,,,,,,,,,,594,,,On,Connected,-49.000000,2412,86,,,,IWLAN
1033,1,,,-121.9314830,47.5244923,2026-01-26 20:52:40.000,_20260126_123527_CH01_TMO_5GNR_WFC_DUT_TC-164-R3.dml,,,,,,,,,,NR SA,,,,,,,,,,,,,,,,,,,,,,On,Connected,-49.000000,2412,86,,,,IWLAN
1034,1,,,-121.9314830,47.5244923,2026-01-26 20:52:41.000,_20260126_123527_CH01_TMO_5GNR_WFC_DUT_TC-164-R3.dml,,,,,,,,,,NR SA,,,,,,,,,,,,,,,,,,,594,,,On,Connected,-49.000000,2412,86,,,,IWLAN
1035,1,,,-121.9314830,47.5244923,2026-01-26 20:52:42.000,_20260126_123527_CH01_TMO_5GNR_WFC_DUT_TC-164-R3.dml,,,,,,,,,,NR SA,,,,,,,,,,,,,,,,,,,,,,On,Connected,-51.000000,2412,103,,,,IWLAN
1036,1,,,-121.9314830,47.5244923,2026-01-26 20:52:43.000,_20260126_123527_CH01_TMO_5GNR_WFC_DUT_TC-164-R3.dml,,,,,,,,,,NR SA,,,,,,,,,,,,,,,,,,,,,,On,Connected,-51.000000,2412,103,,,,IWLAN
1037,1,,,-121.9314830,47.5244923,2026-01-26 20:52:44.000,_20260126_123527_CH01_TMO_5GNR_WFC_DUT_TC-164-R3.dml,,,,,,,,,,NR SA,,,,,,,,,,,,,,,,,,,594,,,On,Connected,-51.000000,2412,103,,,,IWLAN
1038,1,,,-121.9314830,47.5244923,2026-01-26 20:52:45.000,_20260126_123527_CH01_TMO_5GNR_WFC_DUT_TC-164-R3.dml,,,,,,,,,,NR SA,,,,,,,,,,,,,,,,,,,594,,,On,Connected,-51.000000,2412,68,,,,IWLAN
1039,1,,,-121.9314830,47.5244923,2026-01-26 20:52:46.000,_20260126_123527_CH01_TMO_5GNR_WFC_DUT_TC-164-R3.dml,,,,,,,,,,NR SA,,,,,,,,,,,,,,,,,,,,,,On,Connected,-51.000000,2412,68,,,,IWLAN
1040,1,,,-121.9314830,47.5244923,2026-01-26 20:52:47.000,_20260126_123527_CH01_TMO_5GNR_WFC_DUT_TC-164-R3.dml,,,,,,,,,,NR SA,,,,,,,,,,,,,,,,,,,,,,On,Connected,-51.000000,2412,68,,,,IWLAN
1041,1,,,-121.9314830,47.5244923,2026-01-26 20:52:48.000,_20260126_123527_CH01_TMO_5GNR_WFC_DUT_TC-164-R3.dml,,,,,,,,,,NR SA,,,,,,,,,,,,,,,,,,,594,,,On,Connected,-50.000000,2412,68,,,,IWLAN
1042,1,,,-121.9314830,47.5244923,2026-01-26 20:52:49.000,_20260126_123527_CH01_TMO_5GNR_WFC_DUT_TC-164-R3.dml,,,,,,,,,,NR SA,,,,,,,,,,,,,,,,,,,,,,On,Connected,-50.000000,2412,68,,,,IWLAN
1043,1,,,-121.9314830,47.5244923,2026-01-26 20:52:50.000,_20260126_123527_CH01_TMO_5GNR_WFC_DUT_TC-164-R3.dml,,,,,,,,,,NR SA,,,,,,,,,,,,,,,,,,,594,,,On,Connected,-50.000000,2412,68,,,,IWLAN
1044,1,,,-121.9314830,47.5244923,2026-01-26 20:52:51.000,_20260126_123527_CH01_TMO_5GNR_WFC_DUT_TC-164-R3.dml,,,,,,,,,,NR SA,,,,,,,,,,,,,,,,,,,594,,,On,Connected,-49.000000,2412,77,,,,IWLAN
1045,1,,,-121.9314830,47.5244923,2026-01-26 20:52:52.000,_20260126_123527_CH01_TMO_5GNR_WFC_DUT_TC-164-R3.dml,,,,,,,,,,NR SA,,,,,,,,,,,,,,,,,,,,,,On,Connected,-49.000000,2412,77,,,,IWLAN
1046,1,,,-121.9314830,47.5244923,2026-01-26 20:52:53.000,_20260126_123527_CH01_TMO_5GNR_WFC_DUT_TC-164-R3.dml,,,,,,,,,,NR SA,,,,,,,,,,,,,,,,,,,,,,On,Connected,-49.000000,2412,77,,,,IWLAN
1047,1,,,-121.9314830,47.5244923,2026-01-26 20:52:54.000,_20260126_123527_CH01_TMO_5GNR_WFC_DUT_TC-164-R3.dml,,,,,,,,,,NR SA,,,,,,,,,,,,,,,,,,,594,,,On,Connected,-48.000000,2412,68,,,,IWLAN
1048,1,,,-121.9314830,47.5244923,2026-01-26 20:52:55.000,_20260126_123527_CH01_TMO_5GNR_WFC_DUT_TC-164-R3.dml,,,,,,,,,,NR SA,,,,,,,,,,,,,,,,,,,594,,,On,Connected,-48.000000,2412,68,,,,IWLAN
1049,1,,,-121.9314830,47.5244923,2026-01-26 20:52:56.000,_20260126_123527_CH01_TMO_5GNR_WFC_DUT_TC-164-R3.dml,,,,,,,,,,NR SA,,,,,,,,,,,,,,,,,,,,,,On,Connected,-48.000000,2412,68,,,,IWLAN
1050,1,,,-121.9314830,47.5244923,2026-01-26 20:52:57.000,_20260126_123527_CH01_TMO_5GNR_WFC_DUT_TC-164-R3.dml,,,,,,,,,,NR SA,,,,,,,,,,,,,,,,,,,594,,,On,Connected,-50.000000,2412,77,,,,IWLAN
1051,1,,,-121.9314830,47.5244923,2026-01-26 20:52:58.000,_20260126_123527_CH01_TMO_5GNR_WFC_DUT_TC-164-R3.dml,,,,,,,,,,NR SA,,,,,,,,,,,,,,,,,,,,,,On,Connected,-50.000000,2412,77,,,,IWLAN
1052,1,,,-121.9314830,47.5244923,2026-01-26 20:52:59.000,_20260126_123527_CH01_TMO_5GNR_WFC_DUT_TC-164-R3.dml,,,,,,,,,,NR SA,,,,,,,,,,,,,,,,,,,594,,,On,Connected,-50.000000,2412,77,,,,IWLAN
1053,1,,,-121.9314830,47.5244923,2026-01-26 20:53:00.000,_20260126_123527_CH01_TMO_5GNR_WFC_DUT_TC-164-R3.dml,,,,,,,,,,NR SA,,,,,,,,,,,,,,,,,,,,,,On,Connected,-48.000000,2412,77,,,,IWLAN
1054,1,,,-121.9314830,47.5244923,2026-01-26 20:53:01.000,_20260126_123527_CH01_TMO_5GNR_WFC_DUT_TC-164-R3.dml,,,,,,,,,,NR SA,,,,,,,,,,,,,,,,,,,594,,,On,Connected,-48.000000,2412,77,,,,IWLAN
1055,1,,,-121.9314830,47.5244923,2026-01-26 20:53:02.000,_20260126_123527_CH01_TMO_5GNR_WFC_DUT_TC-164-R3.dml,,,,,,,,,,NR SA,,,,,,,,,,,,,,,,,,,594,,,On,Connected,-48.000000,2412,77,,,,IWLAN
1056,1,,,-121.9314830,47.5244923,2026-01-26 20:53:03.000,_20260126_123527_CH01_TMO_5GNR_WFC_DUT_TC-164-R3.dml,,,,,,,,,,NR SA,,,,,,,,,,,,,,,,,,,594,,,On,Connected,-48.000000,2412,77,,,,IWLAN
1057,1,,,-121.9314830,47.5244923,2026-01-26 20:53:04.000,_20260126_123527_CH01_TMO_5GNR_WFC_DUT_TC-164-R3.dml,,,,,,,,,,NR SA,,,,,,,,,,,,,,,,,,,594,,,On,Connected,-48.000000,2412,77,,,,IWLAN
1058,1,,,-121.9314830,47.5244923,2026-01-26 20:53:05.000,_20260126_123527_CH01_TMO_5GNR_WFC_DUT_TC-164-R3.dml,,,,,,,,,,NR SA,,,,,,,,,,,,,,,,,,,,,,On,Connected,-48.000000,2412,77,,,,IWLAN
1059,1,,,-121.9314830,47.5244923,2026-01-26 20:53:06.000,_20260126_123527_CH01_TMO_5GNR_WFC_DUT_TC-164-R3.dml,,,,,,,,,,NR SA,,,,,,,,,,,,,,,,,,,594,,,On,Connected,-49.000000,2412,103,,,,IWLAN
1060,1,,,-121.9314830,47.5244923,2026-01-26 20:53:07.000,_20260126_123527_CH01_TMO_5GNR_WFC_DUT_TC-164-R3.dml,,,,,,,,,,NR SA,,,,,,,,,,,,,,,,,,,,,,On,Connected,-49.000000,2412,103,,,,IWLAN
1061,1,,,-121.9314830,47.5244923,2026-01-26 20:53:08.000,_20260126_123527_CH01_TMO_5GNR_WFC_DUT_TC-164-R3.dml,,,,,,,,,,NR SA,,,,,,,,,,,,,,,,,,,,,,On,Connected,-49.000000,2412,103,,,,IWLAN
1062,1,,,-121.9314830,47.5244923,2026-01-26 20:53:09.000,_20260126_123527_CH01_TMO_5GNR_WFC_DUT_TC-164-R3.dml,,,,,,,,,,NR SA,,,,,,,,,,,,,,,,,,,594,,,On,Connected,-52.000000,2412,77,,,,IWLAN
1063,1,,,-121.9314830,47.5244923,2026-01-26 20:53:10.000,_20260126_123527_CH01_TMO_5GNR_WFC_DUT_TC-164-R3.dml,,,,,,,,,,NR SA,,,,,,,,,,,,,,,,,,,,,,On,Connected,-52.000000,2412,77,,,,IWLAN
1064,1,,,-121.9314830,47.5244923,2026-01-26 20:53:11.000,_20260126_123527_CH01_TMO_5GNR_WFC_DUT_TC-164-R3.dml,,,,,,,,,,NR SA,,,,,,,,,,,,,,,,,,,594,,,On,Connected,-52.000000,2412,77,,,,IWLAN
1065,1,,,-121.9314830,47.5244923,2026-01-26 20:53:12.000,_20260126_123527_CH01_TMO_5GNR_WFC_DUT_TC-164-R3.dml,,,,,,,,,,NR SA,,,,,,,,,,,,,,,,,,,,,,On,Connected,-50.000000,2412,77,,,,IWLAN
1066,1,,,-121.9314830,47.5244923,2026-01-26 20:53:13.000,_20260126_123527_CH01_TMO_5GNR_WFC_DUT_TC-164-R3.dml,,,,,,,,,,NR SA,,,,,,,,,,,,,,,,,,,,,,On,Connected,-50.000000,2412,77,,,,IWLAN
1067,1,,,-121.9314830,47.5244923,2026-01-26 20:53:14.000,_20260126_123527_CH01_TMO_5GNR_WFC_DUT_TC-164-R3.dml,,,,,,,,,,NR SA,,,,,,,,,,,,,,,,,,,594,,,On,Connected,-50.000000,2412,77,,,,IWLAN
1068,1,,,-121.9314830,47.5244923,2026-01-26 20:53:15.000,_20260126_123527_CH01_TMO_5GNR_WFC_DUT_TC-164-R3.dml,,,,,,,,,,NR SA,,,,,,,,,,,,,,,,,,,,,,On,Connected,-49.000000,2412,68,,,,IWLAN
1069,1,,,-121.9314830,47.5244923,2026-01-26 20:53:16.000,_20260126_123527_CH01_TMO_5GNR_WFC_DUT_TC-164-R3.dml,,,,,,,,,,NR SA,,,,,,,,,,,,,,,,,,,,,,,Connected,,,,,,,IWLAN
1070,1,,,-121.9314830,47.5244923,2026-01-26 20:53:17.000,_20260126_123527_CH01_TMO_5GNR_WFC_DUT_TC-164-R3.dml,,,,,,,,,,NR SA,,,,,,,,,,,,,,,,,,,594,,,On,Connected,-49.000000,2412,68,,,,IWLAN
1071,1,,,-121.9314830,47.5244923,2026-01-26 20:53:18.000,_20260126_123527_CH01_TMO_5GNR_WFC_DUT_TC-164-R3.dml,,,,,,,,,,NR SA,,,,,,,,,,,,,,,,,,,,,,,Connected,,,,,,,IWLAN
1072,1,,,-121.9314830,47.5244923,2026-01-26 20:53:19.000,_20260126_123527_CH01_TMO_5GNR_WFC_DUT_TC-164-R3.dml,,,,,,,,,,NR SA,,,,,,,,,,,,,,,,,,,594,,,On,Connected,-49.000000,2412,77,,,,IWLAN
1073,1,,,-121.9314830,47.5244923,2026-01-26 20:53:20.000,_20260126_123527_CH01_TMO_5GNR_WFC_DUT_TC-164-R3.dml,,,,,,,,,,NR SA,,,,,,,,,,,,,,,,,,,594,,,On,Connected,-49.000000,2412,77,,,,IWLAN
1074,1,,,-121.9314830,47.5244923,2026-01-26 20:53:21.000,_20260126_123527_CH01_TMO_5GNR_WFC_DUT_TC-164-R3.dml,,,,,,,,,,NR SA,,,,,,,,,,,,,,,,,,,,,,,Connected,,,,,,,IWLAN
1075,1,,,-121.9314830,47.5244923,2026-01-26 20:53:22.000,_20260126_123527_CH01_TMO_5GNR_WFC_DUT_TC-164-R3.dml,,,,,,,,,,NR SA,,,,,,,,,,,,,,,,,,,594,,,On,Connected,-43.000000,2412,77,,,,IWLAN
1076,1,,,-121.9314830,47.5244923,2026-01-26 20:53:23.000,_20260126_123527_CH01_TMO_5GNR_WFC_DUT_TC-164-R3.dml,,,,,,,,,,NR SA,,,,,,,,,,,,,,,,,,,594,,,,Connected,,,,,,,IWLAN
1077,1,,,-121.9314830,47.5244923,2026-01-26 20:53:24.000,_20260126_123527_CH01_TMO_5GNR_WFC_DUT_TC-164-R3.dml,,,,,,,,,,NR SA,,,,,,,,,,,,,,,,,,,594,,,On,Connected,-43.000000,2412,77,,,,IWLAN
1078,1,,,-121.9314830,47.5244923,2026-01-26 20:53:25.000,_20260126_123527_CH01_TMO_5GNR_WFC_DUT_TC-164-R3.dml,,,,,,,,,,NR SA,,,,,,,,,,,,,,,,,,,594,,,On,Connected,-49.000000,2412,77,,,,IWLAN
1079,1,,,-121.9314830,47.5244923,2026-01-26 20:53:26.000,_20260126_123527_CH01_TMO_5GNR_WFC_DUT_TC-164-R3.dml,,,,,,,,,,NR SA,,,,,,,,,,,,,,,,,,,594,,,On,Connected,-49.000000,2412,77,,,,IWLAN
1080,1,,,-121.9314830,47.5244923,2026-01-26 20:53:27.000,_20260126_123527_CH01_TMO_5GNR_WFC_DUT_TC-164-R3.dml,,,,,,,,,,NR SA,,,,,,,,,,,,,,,,,,,594,,,,Connected,,,,,,,IWLAN
1081,1,,,-121.9314830,47.5244923,2026-01-26 20:53:28.000,_20260126_123527_CH01_TMO_5GNR_WFC_DUT_TC-164-R3.dml,,,,,,,,,,NR SA,,,,,,,,,,,,,,,,,,,594,,,On,Connected,-52.000000,2412,68,,,,IWLAN
1082,1,,,-121.9314830,47.5244923,2026-01-26 20:53:29.000,_20260126_123527_CH01_TMO_5GNR_WFC_DUT_TC-164-R3.dml,,,,,,,,,,NR SA,,,,,,,,,,,,,,,,,,,,,,On,Connected,-52.000000,2412,68,,,,IWLAN
1083,1,,,-121.9314830,47.5244923,2026-01-26 20:53:30.000,_20260126_123527_CH01_TMO_5GNR_WFC_DUT_TC-164-R3.dml,,,,,,,,,,NR SA,,,,,,,,,,,,,,,,,,,594,,,,Connected,,,,,,,IWLAN
1084,1,,,-121.9314830,47.5244923,2026-01-26 20:53:31.000,_20260126_123527_CH01_TMO_5GNR_WFC_DUT_TC-164-R3.dml,,,,,,,,,,NR SA,,,,,,,,,,,,,,,,,,,,,,On,Connected,-48.000000,2412,77,,,,IWLAN
1085,1,,,-121.9314830,47.5244923,2026-01-26 20:53:32.000,_20260126_123527_CH01_TMO_5GNR_WFC_DUT_TC-164-R3.dml,,,,,,,,,,NR SA,,,,,,,,,,,,,,,,,,,,,,,Connected,,,,,,,IWLAN
1086,1,,,-121.9314830,47.5244923,2026-01-26 20:53:33.000,_20260126_123527_CH01_TMO_5GNR_WFC_DUT_TC-164-R3.dml,,,,,,,,,,NR SA,,,,,,,,,,,,,,,,,,,594,,,On,Connected,-48.000000,2412,77,,,,IWLAN
1087,1,,,-121.9314830,47.5244923,2026-01-26 20:53:34.000,_20260126_123527_CH01_TMO_5GNR_WFC_DUT_TC-164-R3.dml,,,,,,,,,,NR SA,,,,,,,,,,,,,,,,,,,,,,On,Connected,-48.000000,2412,86,,,,IWLAN
1088,1,,,-121.9314830,47.5244923,2026-01-26 20:53:35.000,_20260126_123527_CH01_TMO_5GNR_WFC_DUT_TC-164-R3.dml,,,,,,,,,,NR SA,,,,,,,,,,,,,,,,,,,594,,,On,Connected,-48.000000,2412,86,,,,IWLAN
1089,1,,,-121.9314830,47.5244923,2026-01-26 20:53:36.000,_20260126_123527_CH01_TMO_5GNR_WFC_DUT_TC-164-R3.dml,,,,,,,,,,NR SA,,,,,,,,,,,,,,,,,,,594,,,On,Connected,-48.000000,2412,86,,,,IWLAN
1090,1,,,-121.9314830,47.5244923,2026-01-26 20:53:37.000,_20260126_123527_CH01_TMO_5GNR_WFC_DUT_TC-164-R3.dml,,,,,,,,,,NR SA,,,,,,,,,,,,,,,,,,,,,,On,Connected,-48.000000,2412,77,,,,IWLAN
1091,1,,,-121.9314830,47.5244923,2026-01-26 20:53:38.000,_20260126_123527_CH01_TMO_5GNR_WFC_DUT_TC-164-R3.dml,,,,,,,,,,NR SA,,,,,,,,,,,,,,,,,,,594,,,On,Connected,-48.000000,2412,77,,,,IWLAN
1092,1,,,-121.9314830,47.5244923,2026-01-26 20:53:39.000,_20260126_123527_CH01_TMO_5GNR_WFC_DUT_TC-164-R3.dml,,,,,,,,,,NR SA,,,,,,,,,,,,,,,,,,,,,,On,Connected,-48.000000,2412,77,,,,IWLAN
1093,1,,,-121.9314830,47.5244923,2026-01-26 20:53:40.000,_20260126_123527_CH01_TMO_5GNR_WFC_DUT_TC-164-R3.dml,,,,,,,,,,NR SA,,,,,,,,,,,,,,,,,,,594,,,On,Connected,-47.000000,2412,86,,,,IWLAN
1094,1,,,-121.9314830,47.5244923,2026-01-26 20:53:41.000,_20260126_123527_CH01_TMO_5GNR_WFC_DUT_TC-164-R3.dml,,,,,,,,,,NR SA,,,,,,,,,,,,,,,,,,,594,,,On,Connected,-47.000000,2412,86,,,,IWLAN
1095,1,,,-121.9314830,47.5244923,2026-01-26 20:53:42.000,_20260126_123527_CH01_TMO_5GNR_WFC_DUT_TC-164-R3.dml,,,,,,,,,,NR SA,,,,,,,,,,,,,,,,,,,594,,,On,Connected,-47.000000,2412,86,,,,IWLAN
1096,1,,,-121.9314830,47.5244923,2026-01-26 20:53:43.000,_20260126_123527_CH01_TMO_5GNR_WFC_DUT_TC-164-R3.dml,,,,,,,,,,NR SA,,,,,,,,,,,,,,,,,,,,,,On,Connected,-46.000000,2412,86,,,,IWLAN
1097,1,,,-121.9314830,47.5244923,2026-01-26 20:53:44.000,_20260126_123527_CH01_TMO_5GNR_WFC_DUT_TC-164-R3.dml,,,,,,,,,,NR SA,,,,,,,,,,,,,,,,,,,,,,On,Connected,-46.000000,2412,86,,,,IWLAN
1098,1,,,-121.9314830,47.5244923,2026-01-26 20:53:45.000,_20260126_123527_CH01_TMO_5GNR_WFC_DUT_TC-164-R3.dml,,,,,,,,,,NR SA,,,,,,,,,,,,,,,,,,,594,,,On,Connected,-46.500000,2412,86,,,,IWLAN
1099,1,,,-121.9314830,47.5244923,2026-01-26 20:53:46.000,_20260126_123527_CH01_TMO_5GNR_WFC_DUT_TC-164-R3.dml,,,,,,,,,,NR SA,,,,,,,,,,,,,,,,,,,594,,,,Connected,,,,,,,IWLAN
1100,1,,,-121.9314830,47.5244923,2026-01-26 20:53:47.000,_20260126_123527_CH01_TMO_5GNR_WFC_DUT_TC-164-R3.dml,,,,,,,,,,NR SA,,,,,,,,,,,,,,,,,,,594,,,On,Connected,-47.000000,2412,86,,,,IWLAN
1101,1,,,-121.9314830,47.5244923,2026-01-26 20:53:48.000,_20260126_123527_CH01_TMO_5GNR_WFC_DUT_TC-164-R3.dml,,,,,,,,,,NR SA,,,,,,,,,,,,,,,,,,,594,,,On,Connected,-47.000000,2412,86,,,,IWLAN
1102,1,,,-121.9314830,47.5244923,2026-01-26 20:53:49.000,_20260126_123527_CH01_TMO_5GNR_WFC_DUT_TC-164-R3.dml,,,,,,,,,,NR SA,,,,,,,,,,,,,,,,,,,594,,,On,Connected,-48.000000,2412,86,,,,IWLAN
1103,1,,,-121.9314830,47.5244923,2026-01-26 20:53:50.000,_20260126_123527_CH01_TMO_5GNR_WFC_DUT_TC-164-R3.dml,,,,,,,,,,NR SA,,,,,,,,,,,,,,,,,,,594,,,On,Connected,-48.000000,2412,86,,,,IWLAN
1104,1,,,-121.9314830,47.5244923,2026-01-26 20:53:51.000,_20260126_123527_CH01_TMO_5GNR_WFC_DUT_TC-164-R3.dml,,,,,,,,,,NR SA,,,,,,,,,,,,,,,,,,,594,,,On,Connected,-48.000000,2412,86,,,,IWLAN
1105,1,,,-121.9314830,47.5244923,2026-01-26 20:53:52.000,_20260126_123527_CH01_TMO_5GNR_WFC_DUT_TC-164-R3.dml,,,,,,,,,,NR SA,,,,,,,,,,,,,,,,,,,594,,,On,Connected,-48.000000,2412,68,,,,IWLAN
1106,1,,,-121.9314830,47.5244923,2026-01-26 20:53:53.000,_20260126_123527_CH01_TMO_5GNR_WFC_DUT_TC-164-R3.dml,,,,,,,,,,NR SA,,,,,,,,,,,,,,,,,,,594,,,On,Connected,-48.000000,2412,68,,,,IWLAN
1107,1,,,-121.9314830,47.5244923,2026-01-26 20:53:54.000,_20260126_123527_CH01_TMO_5GNR_WFC_DUT_TC-164-R3.dml,,,,,,,,,,NR SA,,,,,,,,,,,,,,,,,,,594,,,On,Connected,-48.000000,2412,68,,,,IWLAN
1108,1,,,-121.9314830,47.5244923,2026-01-26 20:53:55.000,_20260126_123527_CH01_TMO_5GNR_WFC_DUT_TC-164-R3.dml,,,,,,,,,,NR SA,,,,,,,,,,,,,,,,,,,594,,,On,Connected,-53.000000,2412,77,,,,IWLAN
1109,1,,,-121.9314830,47.5244923,2026-01-26 20:53:56.000,_20260126_123527_CH01_TMO_5GNR_WFC_DUT_TC-164-R3.dml,,,,,,,,,,NR SA,,,,,,,,,,,,,,,,,,,594,,,On,Connected,-53.000000,2412,77,,,,IWLAN
1110,1,,,-121.9314830,47.5244923,2026-01-26 20:53:57.000,_20260126_123527_CH01_TMO_5GNR_WFC_DUT_TC-164-R3.dml,,,,,,,,,,NR SA,,,,,,,,,,,,,,,,,,,594,,,On,Connected,-53.000000,2412,77,,,,IWLAN
1111,1,,,-121.9314830,47.5244923,2026-01-26 20:53:58.000,_20260126_123527_CH01_TMO_5GNR_WFC_DUT_TC-164-R3.dml,,,,,,,,,,NR SA,,,,,,,,,,,,,,,,,,,,,,On,Connected,-50.000000,2412,68,,,,IWLAN
1112,1,,,-121.9314830,47.5244923,2026-01-26 20:53:59.000,_20260126_123527_CH01_TMO_5GNR_WFC_DUT_TC-164-R3.dml,,,,,,,,,,NR SA,,,,,,,,,,,,,,,,,,,594,,,On,Connected,-50.000000,2412,68,,,,IWLAN
1113,1,,,-121.9314830,47.5244923,2026-01-26 20:54:00.000,_20260126_123527_CH01_TMO_5GNR_WFC_DUT_TC-164-R3.dml,,,,,,,,,,NR SA,,,,,,,,,,,,,,,,,,,,,,On,Connected,-50.000000,2412,68,,,,IWLAN
1114,1,,,-121.9314830,47.5244923,2026-01-26 20:54:01.000,_20260126_123527_CH01_TMO_5GNR_WFC_DUT_TC-164-R3.dml,,,,,,,,,,NR SA,,,,,,,,,,,,,,,,,,,,,,On,Connected,-52.000000,2412,77,,,,IWLAN
1115,1,,,-121.9314830,47.5244923,2026-01-26 20:54:02.000,_20260126_123527_CH01_TMO_5GNR_WFC_DUT_TC-164-R3.dml,,,,,,,,,,NR SA,,,,,,,,,,,,,,,,,,,,,,On,Connected,-52.000000,2412,77,,,,IWLAN
1116,1,,,-121.9314830,47.5244923,2026-01-26 20:54:03.000,_20260126_123527_CH01_TMO_5GNR_WFC_DUT_TC-164-R3.dml,,,,,,,,,,NR SA,,,,,,,,,,,,,,,,,,,,,,On,Connected,-52.000000,2412,77,,,,IWLAN
1117,1,,,-121.9314830,47.5244923,2026-01-26 20:54:04.000,_20260126_123527_CH01_TMO_5GNR_WFC_DUT_TC-164-R3.dml,,,,,,,,,,NR SA,,,,,,,,,,,,,,,,,,,594,,,On,Connected,-52.000000,2412,68,,,,IWLAN
1118,1,,,-121.9314830,47.5244923,2026-01-26 20:54:05.000,_20260126_123527_CH01_TMO_5GNR_WFC_DUT_TC-164-R3.dml,,,,,,,,,,NR SA,,,,,,,,,,,,,,,,,,,594,,,On,Connected,-52.000000,2412,68,,,,IWLAN
1119,1,,,-121.9314830,47.5244923,2026-01-26 20:54:06.000,_20260126_123527_CH01_TMO_5GNR_WFC_DUT_TC-164-R3.dml,,,,,,,,,,NR SA,,,,,,,,,,,,,,,,,,,,,,On,Connected,-52.000000,2412,68,,,,IWLAN
1120,1,,,-121.9314830,47.5244923,2026-01-26 20:54:07.000,_20260126_123527_CH01_TMO_5GNR_WFC_DUT_TC-164-R3.dml,,,,,,,,,,NR SA,,,,,,,,,,,,,,,,,,,,,,On,Connected,-52.000000,2412,68,,,,IWLAN
1121,1,,,-121.9314830,47.5244923,2026-01-26 20:54:08.000,_20260126_123527_CH01_TMO_5GNR_WFC_DUT_TC-164-R3.dml,,,,,,,,,,NR SA,,,,,,,,,,,,,,,,,,,,,,On,Connected,-52.000000,2412,68,,,,IWLAN
1122,1,,,-121.9314830,47.5244923,2026-01-26 20:54:09.000,_20260126_123527_CH01_TMO_5GNR_WFC_DUT_TC-164-R3.dml,,,,,,,,,,NR SA,,,,,,,,,,,,,,,,,,,,,,On,Connected,-52.000000,2412,68,,,,IWLAN
1123,1,,,-121.9314830,47.5244923,2026-01-26 20:54:10.000,_20260126_123527_CH01_TMO_5GNR_WFC_DUT_TC-164-R3.dml,,,,,,,,,,NR SA,,,,,,,,,,,,,,,,,,,,,,On,Connected,-53.000000,2412,77,,,,IWLAN
1124,1,,,-121.9314830,47.5244923,2026-01-26 20:54:11.000,_20260126_123527_CH01_TMO_5GNR_WFC_DUT_TC-164-R3.dml,,,,,,,,,,NR SA,,,,,,,,,,,,,,,,,,,,,,On,Connected,-53.000000,2412,77,,,,IWLAN
1125,1,,,-121.9314830,47.5244923,2026-01-26 20:54:12.000,_20260126_123527_CH01_TMO_5GNR_WFC_DUT_TC-164-R3.dml,,,,,,,,,,No Service,,,,,,,,,,,,,,,,,,,,,,On,Connected,-53.000000,2412,77,,,,IWLAN
1126,1,,,-121.9314830,47.5244923,2026-01-26 20:54:13.000,_20260126_123527_CH01_TMO_5GNR_WFC_DUT_TC-164-R3.dml,,,,,,,,,,No Service,,,,,,,,,,,,,,,,,,,,,,On,Connected,-52.000000,2412,77,,,,IWLAN
1127,1,,,-121.9314830,47.5244923,2026-01-26 20:54:14.000,_20260126_123527_CH01_TMO_5GNR_WFC_DUT_TC-164-R3.dml,,,,,,,,,,No Service,,,,,,,,,,,,,,,,,,,,,,On,Connected,-52.000000,2412,77,,,,IWLAN
1128,1,,,-121.9314830,47.5244923,2026-01-26 20:54:15.000,_20260126_123527_CH01_TMO_5GNR_WFC_DUT_TC-164-R3.dml,,,,,,,,,,No Service,,,,,,,,,,,,,,,,,,,,,,On,Connected,-52.000000,2412,77,,,,IWLAN
1129,1,,,-121.9314830,47.5244923,2026-01-26 20:54:16.000,_20260126_123527_CH01_TMO_5GNR_WFC_DUT_TC-164-R3.dml,,,,,,,,,,No Service,,,,,,,,,,,,,,,,,,,,,,On,Connected,-52.000000,2412,77,,,,IWLAN
1130,1,,,-121.9314830,47.5244923,2026-01-26 20:54:17.000,_20260126_123527_CH01_TMO_5GNR_WFC_DUT_TC-164-R3.dml,,,,,,,,,,No Service,,,,,,,,,,,,,,,,,,,,,,On,Connected,-52.000000,2412,77,,,,IWLAN
1131,1,,,-121.9314830,47.5244923,2026-01-26 20:54:18.000,_20260126_123527_CH01_TMO_5GNR_WFC_DUT_TC-164-R3.dml,,,,,,,,,,No Service,,,,,,,,,,,,,,,,,,,,,,On,Connected,-52.000000,2412,77,,,,IWLAN
1132,1,,,-121.9314830,47.5244923,2026-01-26 20:54:19.000,_20260126_123527_CH01_TMO_5GNR_WFC_DUT_TC-164-R3.dml,,,,,,,,,,No Service,,,,,,,,,,,,,,,,,,,,,,On,Connected,-52.000000,2412,68,,,,IWLAN
1133,1,,,-121.9314830,47.5244923,2026-01-26 20:54:20.000,_20260126_123527_CH01_TMO_5GNR_WFC_DUT_TC-164-R3.dml,,,,,,,,,,NR SA,,,,,,,,,,,,,,,,,,,594,,,On,Connected,-52.000000,2412,68,,,,IWLAN
1134,1,,,-121.9314830,47.5244923,2026-01-26 20:54:21.000,_20260126_123527_CH01_TMO_5GNR_WFC_DUT_TC-164-R3.dml,,,,,,,,,,No Service,,,,,,,,,,,,,,,,,,,,,,On,Connected,-52.000000,2412,68,,,,IWLAN
1135,1,,,-121.9314830,47.5244923,2026-01-26 20:54:22.000,_20260126_123527_CH01_TMO_5GNR_WFC_DUT_TC-164-R3.dml,,,,,,,,,,No Service,,,,,,,,,,,,,,,,,,,,,,On,Connected,-53.000000,2412,51,,,,IWLAN
1136,1,,,-121.9314830,47.5244923,2026-01-26 20:54:23.000,_20260126_123527_CH01_TMO_5GNR_WFC_DUT_TC-164-R3.dml,,,,,,,,,,No Service,,,,,,,,,,,,,,,,,,,,,,On,Connected,-53.000000,2412,51,,,,IWLAN
1137,1,,,-121.9314830,47.5244923,2026-01-26 20:54:24.000,_20260126_123527_CH01_TMO_5GNR_WFC_DUT_TC-164-R3.dml,,,,,,,,,,No Service,,,,,,,,,,,,,,,,,,,,,,On,Connected,-53.000000,2412,51,,,,IWLAN
1138,1,,,-121.9314830,47.5244923,2026-01-26 20:54:25.000,_20260126_123527_CH01_TMO_5GNR_WFC_DUT_TC-164-R3.dml,,,,,,,,,,No Service,,,,,,,,,,,,,,,,,,,,,,On,Connected,-56.000000,2412,51,,,,IWLAN
1139,1,,,-121.9314830,47.5244923,2026-01-26 20:54:26.000,_20260126_123527_CH01_TMO_5GNR_WFC_DUT_TC-164-R3.dml,,,,,,,,,,No Service,,,,,,,,,,,,,,,,,,,,,,On,Connected,-56.000000,2412,51,,,,IWLAN
1140,1,,,-121.9314830,47.5244923,2026-01-26 20:54:27.000,_20260126_123527_CH01_TMO_5GNR_WFC_DUT_TC-164-R3.dml,,,,,,,,,,No Service,,,,,,,,,,,,,,,,,,,,,,On,Connected,-56.000000,2412,51,,,,IWLAN
1141,1,,,-121.9314830,47.5244923,2026-01-26 20:54:28.000,_20260126_123527_CH01_TMO_5GNR_WFC_DUT_TC-164-R3.dml,,,,,,,,,,No Service,,,,,,,,,,,,,,,,,,,,,,On,Connected,-55.000000,2412,34,,,,IWLAN
1142,1,,,-121.9314830,47.5244923,2026-01-26 20:54:29.000,_20260126_123527_CH01_TMO_5GNR_WFC_DUT_TC-164-R3.dml,,,,,,,,,,No Service,,,,,,,,,,,,,,,,,,,,,,On,Connected,-55.000000,2412,34,,,,IWLAN
1143,1,,,-121.9314830,47.5244923,2026-01-26 20:54:30.000,_20260126_123527_CH01_TMO_5GNR_WFC_DUT_TC-164-R3.dml,,,,,,,,,,No Service,,,,,,,,,,,,,,,,,,,,,,On,Connected,-55.000000,2412,34,,,,IWLAN
1144,1,,,-121.9314830,47.5244923,2026-01-26 20:54:31.000,_20260126_123527_CH01_TMO_5GNR_WFC_DUT_TC-164-R3.dml,,,,,,,,,,No Service,,,,,,,,,,,,,,,,,,,,,,On,Connected,-47.000000,2412,77,,,,IWLAN
1145,1,,,-121.9314830,47.5244923,2026-01-26 20:54:32.000,_20260126_123527_CH01_TMO_5GNR_WFC_DUT_TC-164-R3.dml,,,,,,,,,,No Service,,,,,,,,,,,,,,,,,,,,,,On,Connected,-47.000000,2412,77,,,,IWLAN
1146,1,,,-121.9314830,47.5244923,2026-01-26 20:54:33.000,_20260126_123527_CH01_TMO_5GNR_WFC_DUT_TC-164-R3.dml,,,,,,,,,,No Service,,,,,,,,,,,,,,,,,,,,,,On,Connected,-47.000000,2412,77,,,,IWLAN
1147,1,,,-121.9314830,47.5244923,2026-01-26 20:54:34.000,_20260126_123527_CH01_TMO_5GNR_WFC_DUT_TC-164-R3.dml,,,,,,,,,,No Service,,,,,,,,,,,,,,,,,,,,,,On,Connected,-47.000000,2412,86,,,,IWLAN
1148,1,,,-121.9314830,47.5244923,2026-01-26 20:54:35.000,_20260126_123527_CH01_TMO_5GNR_WFC_DUT_TC-164-R3.dml,,,,,,,,,,NR SA,,,,,,,,,,,,,,,,,,,594,,,On,Connected,-47.000000,2412,86,,,,IWLAN
1149,1,,,-121.9314830,47.5244923,2026-01-26 20:54:36.000,_20260126_123527_CH01_TMO_5GNR_WFC_DUT_TC-164-R3.dml,,,,,,,,,,NR SA,,,,,,,,,,,,,,,,,,,594,,,On,Connected,-47.000000,2412,86,,,,IWLAN
1150,1,,,-121.9314830,47.5244923,2026-01-26 20:54:37.000,_20260126_123527_CH01_TMO_5GNR_WFC_DUT_TC-164-R3.dml,,,,,,,,,,No Service,,,,,,,,,,,,,,,,,,,,,,On,Connected,-46.000000,2412,86,,,,IWLAN
1151,1,,,-121.9314830,47.5244923,2026-01-26 20:54:38.000,_20260126_123527_CH01_TMO_5GNR_WFC_DUT_TC-164-R3.dml,,,,,,,,,,No Service,,,,,,,,,,,,,,,,,,,,,,On,Connected,-46.000000,2412,86,,,,IWLAN
1152,1,,,-121.9314830,47.5244923,2026-01-26 20:54:39.000,_20260126_123527_CH01_TMO_5GNR_WFC_DUT_TC-164-R3.dml,,,,,,,,,,No Service,,,,,,,,,,,,,,,,,,,,,,On,Connected,-46.000000,2412,86,,,,IWLAN
1153,1,,,-121.9314830,47.5244923,2026-01-26 20:54:40.000,_20260126_123527_CH01_TMO_5GNR_WFC_DUT_TC-164-R3.dml,,,,,,,,,,No Service,,,,,,,,,,,,,,,,,,,,,,On,Connected,-48.000000,2412,77,,,,IWLAN
1154,1,,,-121.9314830,47.5244923,2026-01-26 20:54:41.000,_20260126_123527_CH01_TMO_5GNR_WFC_DUT_TC-164-R3.dml,,,,,,,,,,No Service,,,,,,,,,,,,,,,,,,,,,,On,Connected,-48.000000,2412,77,,,,IWLAN
1155,1,,,-121.9314830,47.5244923,2026-01-26 20:54:42.000,_20260126_123527_CH01_TMO_5GNR_WFC_DUT_TC-164-R3.dml,,,,,,,,,,No Service,,,,,,,,,,,,,,,,,,,,,,On,Connected,-48.000000,2412,77,,,,IWLAN
1156,1,,,-121.9314830,47.5244923,2026-01-26 20:54:43.000,_20260126_123527_CH01_TMO_5GNR_WFC_DUT_TC-164-R3.dml,,,,,,,,,,No Service,,,,,,,,,,,,,,,,,,,,,,On,Connected,-48.000000,2412,86,,,,IWLAN
1157,1,,,-121.9314830,47.5244923,2026-01-26 20:54:44.000,_20260126_123527_CH01_TMO_5GNR_WFC_DUT_TC-164-R3.dml,,,,,,,,,,No Service,,,,,,,,,,,,,,,,,,,,,,On,Connected,-48.000000,2412,86,,,,IWLAN
1158,1,,,-121.9314830,47.5244923,2026-01-26 20:54:45.000,_20260126_123527_CH01_TMO_5GNR_WFC_DUT_TC-164-R3.dml,,,,,,,,,,No Service,,,,,,,,,,,,,,,,,,,,,,On,Connected,-48.000000,2412,86,,,,IWLAN
1159,1,,,-121.9314830,47.5244923,2026-01-26 20:54:46.000,_20260126_123527_CH01_TMO_5GNR_WFC_DUT_TC-164-R3.dml,,,,,,,,,,NR SA,,,,,,,,,,,,,,,,,,,594,,,On,Connected,-49.000000,2412,77,,,,IWLAN
1160,1,,,-121.9314830,47.5244923,2026-01-26 20:54:47.000,_20260126_123527_CH01_TMO_5GNR_WFC_DUT_TC-164-R3.dml,,,,,,,,,,No Service,,,,,,,,,,,,,,,,,,,,,,On,Connected,-49.000000,2412,77,,,,IWLAN
1161,1,,,-121.9314830,47.5244923,2026-01-26 20:54:48.000,_20260126_123527_CH01_TMO_5GNR_WFC_DUT_TC-164-R3.dml,,,,,,,,,,No Service,,,,,,,,,,,,,,,,,,,,,,On,Connected,-49.000000,2412,77,,,,IWLAN
1162,1,,,-121.9314830,47.5244923,2026-01-26 20:54:49.000,_20260126_123527_CH01_TMO_5GNR_WFC_DUT_TC-164-R3.dml,,,,,,,,,,No Service,,,,,,,,,,,,,,,,,,,,,,On,Connected,-47.000000,2412,86,,,,IWLAN
1163,1,,,-121.9314830,47.5244923,2026-01-26 20:54:50.000,_20260126_123527_CH01_TMO_5GNR_WFC_DUT_TC-164-R3.dml,,,,,,,,,,No Service,,,,,,,,,,,,,,,,,,,,,,On,Connected,-47.000000,2412,86,,,,IWLAN
1164,1,,,-121.9314830,47.5244923,2026-01-26 20:54:51.000,_20260126_123527_CH01_TMO_5GNR_WFC_DUT_TC-164-R3.dml,,,,,,,,,,No Service,,,,,,,,,,,,,,,,,,,,,,On,Connected,-47.000000,2412,86,,,,IWLAN
1165,1,,,-121.9314830,47.5244923,2026-01-26 20:54:52.000,_20260126_123527_CH01_TMO_5GNR_WFC_DUT_TC-164-R3.dml,,,,,,,,,,No Service,,,,,,,,,,,,,,,,,,,,,,On,Connected,-45.000000,2412,86,,,,IWLAN
1166,1,,,-121.9314830,47.5244923,2026-01-26 20:54:53.000,_20260126_123527_CH01_TMO_5GNR_WFC_DUT_TC-164-R3.dml,,,,,,,,,,No Service,,,,,,,,,,,,,,,,,,,,,,On,Connected,-45.000000,2412,86,,,,IWLAN
1167,1,,,-121.9314830,47.5244923,2026-01-26 20:54:54.000,_20260126_123527_CH01_TMO_5GNR_WFC_DUT_TC-164-R3.dml,,,,,,,,,,No Service,,,,,,,,,,,,,,,,,,,,,,On,Connected,-45.000000,2412,86,,,,IWLAN
1168,1,,,-121.9314830,47.5244923,2026-01-26 20:54:55.000,_20260126_123527_CH01_TMO_5GNR_WFC_DUT_TC-164-R3.dml,,,,,,,,,,No Service,,,,,,,,,,,,,,,,,,,,,,On,Connected,-46.000000,2412,86,,,,IWLAN
1169,1,,,-121.9314830,47.5244923,2026-01-26 20:54:56.000,_20260126_123527_CH01_TMO_5GNR_WFC_DUT_TC-164-R3.dml,,,,,,,,,,No Service,,,,,,,,,,,,,,,,,,,,,,On,Connected,-46.000000,2412,86,,,,IWLAN
1170,1,,,-121.9314830,47.5244923,2026-01-26 20:54:57.000,_20260126_123527_CH01_TMO_5GNR_WFC_DUT_TC-164-R3.dml,,,,,,,,,,No Service,,,,,,,,,,,,,,,,,,,,,,On,Connected,-46.000000,2412,86,,,,IWLAN
1171,1,,,-121.9314830,47.5244923,2026-01-26 20:54:58.000,_20260126_123527_CH01_TMO_5GNR_WFC_DUT_TC-164-R3.dml,,,,,,,,,,No Service,,,,,,,,,,,,,,,,,,,,,,On,Connected,-47.000000,2412,86,,,,IWLAN
1172,1,,,-121.9314830,47.5244923,2026-01-26 20:54:59.000,_20260126_123527_CH01_TMO_5GNR_WFC_DUT_TC-164-R3.dml,,,,,,,,,,No Service,,,,,,,,,,,,,,,,,,,,,,On,Connected,-47.000000,2412,86,,,,IWLAN
1173,1,,,-121.9314830,47.5244923,2026-01-26 20:55:00.000,_20260126_123527_CH01_TMO_5GNR_WFC_DUT_TC-164-R3.dml,,,,,,,,,,No Service,,,,,,,,,,,,,,,,,,,,,,On,Connected,-47.000000,2412,86,,,,
1174,1,,,-121.9314830,47.5244923,2026-01-26 20:55:01.000,_20260126_123527_CH01_TMO_5GNR_WFC_DUT_TC-164-R3.dml,,,,,,,,,,No Service,,,,,,,,,,,,,,,,,,,,,,On,Connected,-49.000000,2412,77,,,,IWLAN
1175,1,,,-121.9314830,47.5244923,2026-01-26 20:55:02.000,_20260126_123527_CH01_TMO_5GNR_WFC_DUT_TC-164-R3.dml,,,,,,,,,,No Service,,,,,,,,,,,,,,,,,,,,,,On,Connected,-49.000000,2412,77,,,,IWLAN
1176,1,,,-121.9314830,47.5244923,2026-01-26 20:55:03.000,_20260126_123527_CH01_TMO_5GNR_WFC_DUT_TC-164-R3.dml,,,,,,,,,,No Service,,,,,,,,,,,,,,,,,,,,,,On,Connected,-49.000000,2412,77,,,,IWLAN
1177,1,,,-121.9314830,47.5244923,2026-01-26 20:55:04.000,_20260126_123527_CH01_TMO_5GNR_WFC_DUT_TC-164-R3.dml,,,,,,,,,,No Service,,,,,,,,,,,,,,,,,,,,,,On,Connected,-47.000000,2412,86,,,,IWLAN
1178,1,,,-121.9314830,47.5244923,2026-01-26 20:55:05.000,_20260126_123527_CH01_TMO_5GNR_WFC_DUT_TC-164-R3.dml,,,,,,,,,,No Service,,,,,,,,,,,,,,,,,,,,,,On,Connected,-47.000000,2412,86,,,,IWLAN
1179,1,,,-121.9314830,47.5244923,2026-01-26 20:55:06.000,_20260126_123527_CH01_TMO_5GNR_WFC_DUT_TC-164-R3.dml,,,,,,,,,,No Service,,,,,,,,,,,,,,,,,,,,,,On,Connected,-47.000000,2412,86,,,,IWLAN
1180,1,,,-121.9314830,47.5244923,2026-01-26 20:55:07.000,_20260126_123527_CH01_TMO_5GNR_WFC_DUT_TC-164-R3.dml,,,,,,,,,,No Service,,,,,,,,,,,,,,,,,,,,,,On,Connected,-47.000000,2412,86,,,,IWLAN
1181,1,,,-121.9314830,47.5244923,2026-01-26 20:55:08.000,_20260126_123527_CH01_TMO_5GNR_WFC_DUT_TC-164-R3.dml,,,,,,,,,,No Service,,,,,,,,,,,,,,,,,,,,,,On,Connected,-47.000000,2412,86,,,,
1182,1,,,-121.9314830,47.5244923,2026-01-26 20:55:09.000,_20260126_123527_CH01_TMO_5GNR_WFC_DUT_TC-164-R3.dml,,,,,,,,,,No Service,,,,,,,,,,,,,,,,,,,,,,On,Connected,-47.000000,2412,86,,,,IWLAN
1183,1,,,-121.9314830,47.5244923,2026-01-26 20:55:10.000,_20260126_123527_CH01_TMO_5GNR_WFC_DUT_TC-164-R3.dml,,,,,,,,,,No Service,,,,,,,,,,,,,,,,,,,,,,On,Connected,-49.000000,2412,77,,,,IWLAN
1184,1,,,-121.9314830,47.5244923,2026-01-26 20:55:11.000,_20260126_123527_CH01_TMO_5GNR_WFC_DUT_TC-164-R3.dml,,,,,,,,,,No Service,,,,,,,,,,,,,,,,,,,,,,On,Connected,-49.000000,2412,77,,,,
1185,1,,,-121.9314830,47.5244923,2026-01-26 20:55:12.000,_20260126_123527_CH01_TMO_5GNR_WFC_DUT_TC-164-R3.dml,,,,,,,,,,No Service,,,,,,,,,,,,,,,,,,,,,,On,Connected,-49.000000,2412,77,,,,IWLAN
1186,1,,,-121.9314830,47.5244923,2026-01-26 20:55:13.000,_20260126_123527_CH01_TMO_5GNR_WFC_DUT_TC-164-R3.dml,,,,,,,,,,No Service,,,,,,,,,,,,,,,,,,,,,,On,Connected,-46.000000,2412,77,,,,IWLAN
1187,1,,,-121.9314830,47.5244923,2026-01-26 20:55:14.000,_20260126_123527_CH01_TMO_5GNR_WFC_DUT_TC-164-R3.dml,,,,,,,,,,No Service,,,,,,,,,,,,,,,,,,,,,,On,Connected,-46.000000,2412,77,,,,IWLAN
1188,1,,,-121.9314830,47.5244923,2026-01-26 20:55:15.000,_20260126_123527_CH01_TMO_5GNR_WFC_DUT_TC-164-R3.dml,,,,,,,,,,No Service,,,,,,,,,,,,,,,,,,,,,,On,Connected,-46.000000,2412,77,,,,IWLAN
1189,1,,,-121.9314830,47.5244923,2026-01-26 20:55:16.000,_20260126_123527_CH01_TMO_5GNR_WFC_DUT_TC-164-R3.dml,,,,,,,,,,No Service,,,,,,,,,,,,,,,,,,,,,,On,Connected,-48.000000,2412,86,,,,IWLAN
1190,1,,,-121.9314830,47.5244923,2026-01-26 20:55:17.000,_20260126_123527_CH01_TMO_5GNR_WFC_DUT_TC-164-R3.dml,,,,,,,,,,No Service,,,,,,,,,,,,,,,,,,,,,,On,Connected,-48.000000,2412,86,,,,IWLAN
1191,1,,,-121.9314830,47.5244923,2026-01-26 20:55:18.000,_20260126_123527_CH01_TMO_5GNR_WFC_DUT_TC-164-R3.dml,,,,,,,,,,No Service,,,,,,,,,,,,,,,,,,,,,,On,Connected,-48.000000,2412,86,,,,IWLAN
1192,1,,,-121.9314830,47.5244923,2026-01-26 20:55:19.000,_20260126_123527_CH01_TMO_5GNR_WFC_DUT_TC-164-R3.dml,,,,,,,,,,No Service,,,,,,,,,,,,,,,,,,,,,,On,Connected,-47.000000,2412,77,,,,IWLAN
1193,1,,,-121.9314830,47.5244923,2026-01-26 20:55:20.000,_20260126_123527_CH01_TMO_5GNR_WFC_DUT_TC-164-R3.dml,,,,,,,,,,No Service,,,,,,,,,,,,,,,,,,,,,,On,Connected,-47.000000,2412,77,,,,IWLAN
1194,1,,,-121.9314830,47.5244923,2026-01-26 20:55:21.000,_20260126_123527_CH01_TMO_5GNR_WFC_DUT_TC-164-R3.dml,,,,,,,,,,NR SA,,,,,,,,,,,,,,,,,,,594,,,On,Connected,-47.000000,2412,77,,,,IWLAN
1195,1,,,-121.9314830,47.5244923,2026-01-26 20:55:22.000,_20260126_123527_CH01_TMO_5GNR_WFC_DUT_TC-164-R3.dml,,,,,,,,,,NR SA,,,,,,,,,,,,,,,,,,,594,,,On,Connected,-50.000000,2412,77,,,,IWLAN
1196,1,,,-121.9314830,47.5244923,2026-01-26 20:55:23.000,_20260126_123527_CH01_TMO_5GNR_WFC_DUT_TC-164-R3.dml,,,,,,,,,,NR SA,,,,,,,,,,,,,,,,,,,,,,On,Connected,-50.000000,2412,77,,,,IWLAN
1197,1,,,-121.9314830,47.5244923,2026-01-26 20:55:24.000,_20260126_123527_CH01_TMO_5GNR_WFC_DUT_TC-164-R3.dml,,,,,,,,,,NR SA,,,,,,,,,,,,,,,,,,,594,,,On,Connected,-50.000000,2412,77,,,,IWLAN
1198,1,,,-121.9314830,47.5244923,2026-01-26 20:55:25.000,_20260126_123527_CH01_TMO_5GNR_WFC_DUT_TC-164-R3.dml,,,,,,,,,,NR SA,,,,,,,,,,,,,,,,,,,,,,On,Connected,-53.000000,2412,77,,,,IWLAN
1199,1,,,-121.9314830,47.5244923,2026-01-26 20:55:26.000,_20260126_123527_CH01_TMO_5GNR_WFC_DUT_TC-164-R3.dml,,,,,,,,,,NR SA,,,,,,,,,,,,,,,,,,,,,,On,Connected,-53.000000,2412,77,,,,IWLAN
1200,1,,,-121.9314830,47.5244923,2026-01-26 20:55:27.000,_20260126_123527_CH01_TMO_5GNR_WFC_DUT_TC-164-R3.dml,,,,,,,,,,NR SA,,,,,,,,,,,,,,,,,,,594,,,On,Connected,-53.000000,2412,77,,,,IWLAN
1201,1,,,-121.9314830,47.5244923,2026-01-26 20:55:27.115,_20260126_123527_CH01_TMO_5GNR_WFC_DUT_TC-164-R3.dml,,,,,,,,,,,,,,,,,,,,,,Forced stop,[Tool] Voice - Call Result : EndByUser,,,,,,,,,,,,,,,,,
1202,1,,,-121.9314830,47.5244923,2026-01-26 20:55:27.115,_20260126_123527_CH01_TMO_5GNR_WFC_DUT_TC-164-R3.dml,,,,,,,,,,,,,,,,,,,,,,,[Tool] Voice - Call Scheduling End,,,,,,,,,,,,,,,,,
1203,1,,,-121.9314830,47.5244923,2026-01-26 20:55:27.115,_20260126_123527_CH01_TMO_5GNR_WFC_DUT_TC-164-R3.dml,,,,,,,,,,,,,,,,,,,,,,,[Tool] Voice - Release Call Request,,,,,,,,,,,,,,,,,
1204,1,,,-121.9314830,47.5244923,2026-01-26 20:55:27.115,_20260126_123527_CH01_TMO_5GNR_WFC_DUT_TC-164-R3.dml,,,,,,,,,,,,,,,,,,,,,,,[Tool] Voice - Release Call Request,,,,,,,,,,,,,,,,,
1205,1,,,-121.9314830,47.5244923,2026-01-26 20:55:27.130,_20260126_123527_CH01_TMO_5GNR_WFC_DUT_TC-164-R3.dml,,,,,,,,,,,,,,,,,,,,,,,[Tool] Voice - Release Call Request,,,,,,,,,,,,,,,,,
