2026-03-09 11:17:19,423 - pipeline - WARNING -   - data_performance_results.json -> Data Performance -> 5G AUTO DP -> Mobile Hotspot Test -> HTTP Multi Stream -> DL -> Poor -> DUT -> Throughput -> Outliers -> Empty List
2026-03-09 11:17:19,423 - pipeline - WARNING -   - data_performance_results.json -> Data Performance -> 5G AUTO DP -> Mobile Hotspot Test -> HTTP Multi Stream -> DL -> Poor -> DUT -> Throughput -> Outliers -> Empty List
2026-03-09 11:17:19,425 - pipeline - WARNING -   - data_performance_results.json -> Data Performance -> 5G AUTO DP -> Mobile Hotspot Test -> HTTP Multi Stream -> DL -> Poor -> REF -> Throughput -> Outliers -> Empty List
2026-03-09 11:17:19,425 - pipeline - WARNING -   - data_performance_results.json -> Data Performance -> 5G AUTO DP -> Mobile Hotspot Test -> HTTP Multi Stream -> DL -> Poor -> REF -> Throughput -> Outliers -> Empty List
2026-03-09 11:17:19,425 - pipeline - WARNING -   - data_performance_results.json -> Data Performance -> 5G AUTO DP -> Mobile Hotspot Test -> HTTP Multi Stream -> UL -> Moderate -> REF -> Throughput -> Outliers -> Empty List
2026-03-09 11:17:19,425 - pipeline - WARNING -   - data_performance_results.json -> Data Performance -> 5G AUTO DP -> Mobile Hotspot Test -> HTTP Multi Stream -> UL -> Moderate -> REF -> Throughput -> Outliers -> Empty List
2026-03-09 11:17:19,426 - pipeline - WARNING -   - data_performance_results.json -> Data Performance -> 5G AUTO DP -> Mobile Hotspot Test -> HTTP Single Stream -> DL -> Moderate -> DUT -> Throughput -> Outliers -> Empty List
2026-03-09 11:17:19,426 - pipeline - WARNING -   - data_performance_results.json -> Data Performance -> 5G AUTO DP -> Mobile Hotspot Test -> HTTP Single Stream -> DL -> Moderate -> DUT -> Throughput -> Outliers -> Empty List
2026-03-09 11:17:19,426 - pipeline - WARNING -   - data_performance_results.json -> Data Performance -> 5G AUTO DP -> Mobile Hotspot Test -> HTTP Single Stream -> DL -> Poor -> REF -> Throughput -> Outliers -> Empty List
2026-03-09 11:17:19,426 - pipeline - WARNING -   - data_performance_results.json -> Data Performance -> 5G AUTO DP -> Mobile Hotspot Test -> HTTP Single Stream -> DL -> Poor -> REF -> Throughput -> Outliers -> Empty List
2026-03-09 11:17:19,427 - pipeline - WARNING -   - data_performance_results.json -> Data Performance -> 5G AUTO DP -> Mobile Hotspot Test -> HTTP Single Stream -> UL -> Moderate -> DUT -> Throughput -> Outliers -> Empty List
2026-03-09 11:17:19,427 - pipeline - WARNING -   - data_performance_results.json -> Data Performance -> 5G AUTO DP -> Mobile Hotspot Test -> HTTP Single Stream -> UL -> Moderate -> DUT -> Throughput -> Outliers -> Empty List
2026-03-09 11:17:19,427 - pipeline - WARNING -   - data_performance_results.json -> Data Performance -> 5G AUTO DP -> Mobile Hotspot Test -> HTTP Single Stream -> UL -> Moderate -> REF -> Throughput -> Outliers -> Empty List
2026-03-09 11:17:19,427 - pipeline - WARNING -   - data_performance_results.json -> Data Performance -> 5G AUTO DP -> Mobile Hotspot Test -> HTTP Single Stream -> UL -> Moderate -> REF -> Throughput -> Outliers -> Empty List
2026-03-09 11:17:19,428 - pipeline - WARNING -   - data_performance_results.json -> Data Performance -> 5G AUTO DP -> Mobile Hotspot Test -> Udp Test -> DL -> UDP Download Task at 200 Mbps for 10 seconds -> Moderate -> DUT -> Throughput -> Outliers -> Empty List
2026-03-09 11:17:19,428 - pipeline - WARNING -   - data_performance_results.json -> Data Performance -> 5G AUTO DP -> Mobile Hotspot Test -> Udp Test -> DL -> UDP Download Task at 200 Mbps for 10 seconds -> Moderate -> DUT -> Throughput -> Outliers -> Empty List
2026-03-09 11:17:19,428 - pipeline - WARNING -   - data_performance_results.json -> Data Performance -> 5G AUTO DP -> Mobile Hotspot Test -> Udp Test -> DL -> UDP Download Task at 200 Mbps for 10 seconds -> Moderate -> REF -> Throughput -> Outliers -> Empty List
2026-03-09 11:17:19,428 - pipeline - WARNING -   - data_performance_results.json -> Data Performance -> 5G AUTO DP -> Mobile Hotspot Test -> Udp Test -> DL -> UDP Download Task at 200 Mbps for 10 seconds -> Moderate -> REF -> Throughput -> Outliers -> Empty List
2026-03-09 11:17:19,429 - pipeline - WARNING -   - data_performance_results.json -> Data Performance -> 5G AUTO DP -> Mobile Hotspot Test -> Udp Test -> DL -> UDP Download Task at 200 Mbps for 10 seconds -> Poor -> DUT -> Throughput -> Outliers -> Empty List
2026-03-09 11:17:19,429 - pipeline - WARNING -   - data_performance_results.json -> Data Performance -> 5G AUTO DP -> Mobile Hotspot Test -> Udp Test -> DL -> UDP Download Task at 200 Mbps for 10 seconds -> Poor -> DUT -> Throughput -> Outliers -> Empty List
2026-03-09 11:17:19,429 - pipeline - WARNING -   - data_performance_results.json -> Data Performance -> 5G AUTO DP -> Mobile Hotspot Test -> Udp Test -> DL -> UDP Download Task at 200 Mbps for 10 seconds -> Poor -> REF -> Throughput -> Outliers -> Empty List
2026-03-09 11:17:19,429 - pipeline - WARNING -   - data_performance_results.json -> Data Performance -> 5G AUTO DP -> Mobile Hotspot Test -> Udp Test -> DL -> UDP Download Task at 200 Mbps for 10 seconds -> Poor -> REF -> Throughput -> Outliers -> Empty List
2026-03-09 11:17:19,430 - pipeline - WARNING -   - data_performance_results.json -> Data Performance -> 5G AUTO DP -> Mobile Hotspot Test -> Udp Test -> DL -> UDP Download Task at 400 Mbps for 10 seconds -> Moderate -> DUT -> Throughput -> Outliers -> Empty List
2026-03-09 11:17:19,430 - pipeline - WARNING -   - data_performance_results.json -> Data Performance -> 5G AUTO DP -> Mobile Hotspot Test -> Udp Test -> DL -> UDP Download Task at 400 Mbps for 10 seconds -> Moderate -> DUT -> Throughput -> Outliers -> Empty List
2026-03-09 11:17:19,431 - pipeline - WARNING -   - data_performance_results.json -> Data Performance -> 5G AUTO DP -> Mobile Hotspot Test -> Udp Test -> DL -> UDP Download Task at 400 Mbps for 10 seconds -> Poor -> REF -> Throughput -> Outliers -> Empty List
2026-03-09 11:17:19,431 - pipeline - WARNING -   - data_performance_results.json -> Data Performance -> 5G AUTO DP -> Mobile Hotspot Test -> Udp Test -> DL -> UDP Download Task at 400 Mbps for 10 seconds -> Poor -> REF -> Throughput -> Outliers -> Empty List
2026-03-09 11:17:19,431 - pipeline - WARNING -   - data_performance_results.json -> Data Performance -> 5G AUTO DP -> Mobile Hotspot Test -> Udp Test -> UL -> UDP Upload Task at 10 Mbps for 10 seconds -> Poor -> REF -> Throughput -> Outliers -> Empty List
2026-03-09 11:17:19,431 - pipeline - WARNING -   - data_performance_results.json -> Data Performance -> 5G AUTO DP -> Mobile Hotspot Test -> Udp Test -> UL -> UDP Upload Task at 10 Mbps for 10 seconds -> Poor -> REF -> Throughput -> Outliers -> Empty List
2026-03-09 11:17:19,432 - pipeline - WARNING -   - data_performance_results.json -> Data Performance -> 5G AUTO DP -> Mobile Hotspot Test -> Udp Test -> UL -> UDP Upload Task at 20 Mbps for 10 seconds -> Poor -> DUT -> Throughput -> Outliers -> Empty List
2026-03-09 11:17:19,432 - pipeline - WARNING -   - data_performance_results.json -> Data Performance -> 5G AUTO DP -> Mobile Hotspot Test -> Udp Test -> UL -> UDP Upload Task at 20 Mbps for 10 seconds -> Poor -> DUT -> Throughput -> Outliers -> Empty List
2026-03-09 11:17:19,432 - pipeline - WARNING -   - data_performance_results.json -> Data Performance -> 5G AUTO DP -> Ping -> Good -> REF -> Ping RTT -> Outliers -> Empty List
2026-03-09 11:17:19,432 - pipeline - WARNING -   - data_performance_results.json -> Data Performance -> 5G AUTO DP -> Ping -> Good -> REF -> Ping RTT -> Outliers -> Empty List
2026-03-09 11:17:19,432 - pipeline - WARNING -   - data_performance_results.json -> Data Performance -> 5G AUTO DP -> Udp Test -> DL -> UDP Download Task at 200 Mbps for 10 seconds -> Good -> DUT -> Throughput -> Outliers -> Empty List
2026-03-09 11:17:19,432 - pipeline - WARNING -   - data_performance_results.json -> Data Performance -> 5G AUTO DP -> Udp Test -> DL -> UDP Download Task at 200 Mbps for 10 seconds -> Good -> DUT -> Throughput -> Outliers -> Empty List
2026-03-09 11:17:19,433 - pipeline - WARNING -   - data_performance_results.json -> Data Performance -> 5G AUTO DP -> Udp Test -> DL -> UDP Download Task at 200 Mbps for 10 seconds -> Good -> REF -> Throughput -> Outliers -> Empty List
2026-03-09 11:17:19,433 - pipeline - WARNING -   - data_performance_results.json -> Data Performance -> 5G AUTO DP -> Udp Test -> DL -> UDP Download Task at 200 Mbps for 10 seconds -> Good -> REF -> Throughput -> Outliers -> Empty List
2026-03-09 11:17:19,434 - pipeline - WARNING -   - data_performance_results.json -> Data Performance -> 5G AUTO DP -> Udp Test -> DL -> UDP Download Task at 200 Mbps for 10 seconds -> Poor -> DUT -> Throughput -> Outliers -> Empty List
2026-03-09 11:17:19,434 - pipeline - WARNING -   - data_performance_results.json -> Data Performance -> 5G AUTO DP -> Udp Test -> DL -> UDP Download Task at 200 Mbps for 10 seconds -> Poor -> DUT -> Throughput -> Outliers -> Empty List
2026-03-09 11:17:19,434 - pipeline - WARNING -   - data_performance_results.json -> Data Performance -> 5G AUTO DP -> Udp Test -> DL -> UDP Download Task at 200 Mbps for 10 seconds -> Poor -> REF -> Throughput -> Outliers -> Empty List
2026-03-09 11:17:19,434 - pipeline - WARNING -   - data_performance_results.json -> Data Performance -> 5G AUTO DP -> Udp Test -> DL -> UDP Download Task at 200 Mbps for 10 seconds -> Poor -> REF -> Throughput -> Outliers -> Empty List
2026-03-09 11:17:19,434 - pipeline - WARNING -   - data_performance_results.json -> Data Performance -> 5G AUTO DP -> Udp Test -> DL -> UDP Download Task at 400 Mbps for 10 seconds -> Good -> DUT -> Throughput -> Outliers -> Empty List
2026-03-09 11:17:19,434 - pipeline - WARNING -   - data_performance_results.json -> Data Performance -> 5G AUTO DP -> Udp Test -> DL -> UDP Download Task at 400 Mbps for 10 seconds -> Good -> DUT -> Throughput -> Outliers -> Empty List
2026-03-09 11:17:19,435 - pipeline - WARNING -   - data_performance_results.json -> Data Performance -> 5G AUTO DP -> Udp Test -> DL -> UDP Download Task at 400 Mbps for 10 seconds -> Good -> REF -> Throughput -> Outliers -> Empty List
2026-03-09 11:17:19,435 - pipeline - WARNING -   - data_performance_results.json -> Data Performance -> 5G AUTO DP -> Udp Test -> DL -> UDP Download Task at 400 Mbps for 10 seconds -> Good -> REF -> Throughput -> Outliers -> Empty List
2026-03-09 11:17:19,435 - pipeline - WARNING -   - data_performance_results.json -> Data Performance -> 5G AUTO DP -> Udp Test -> DL -> UDP Download Task at 400 Mbps for 10 seconds -> Moderate -> REF -> Throughput -> Outliers -> Empty List
2026-03-09 11:17:19,435 - pipeline - WARNING -   - data_performance_results.json -> Data Performance -> 5G AUTO DP -> Udp Test -> DL -> UDP Download Task at 400 Mbps for 10 seconds -> Moderate -> REF -> Throughput -> Outliers -> Empty List
2026-03-09 11:17:19,436 - pipeline - WARNING -   - data_performance_results.json -> Data Performance -> 5G AUTO DP -> Udp Test -> DL -> UDP Download Task at 400 Mbps for 10 seconds -> Poor -> DUT -> Throughput -> Outliers -> Empty List
2026-03-09 11:17:19,436 - pipeline - WARNING -   - data_performance_results.json -> Data Performance -> 5G AUTO DP -> Udp Test -> DL -> UDP Download Task at 400 Mbps for 10 seconds -> Poor -> DUT -> Throughput -> Outliers -> Empty List
2026-03-09 11:17:19,436 - pipeline - WARNING -   - data_performance_results.json -> Data Performance -> 5G AUTO DP -> Udp Test -> DL -> UDP Download Task at 400 Mbps for 10 seconds -> Poor -> REF -> Throughput -> Outliers -> Empty List
2026-03-09 11:17:19,436 - pipeline - WARNING -   - data_performance_results.json -> Data Performance -> 5G AUTO DP -> Udp Test -> DL -> UDP Download Task at 400 Mbps for 10 seconds -> Poor -> REF -> Throughput -> Outliers -> Empty List
2026-03-09 11:17:19,436 - pipeline - WARNING -   - data_performance_results.json -> Data Performance -> 5G NSA DP -> HTTP Multi Stream -> DL -> Moderate -> DUT -> Throughput -> Outliers -> Empty List
2026-03-09 11:17:19,436 - pipeline - WARNING -   - data_performance_results.json -> Data Performance -> 5G NSA DP -> HTTP Multi Stream -> DL -> Moderate -> DUT -> Throughput -> Outliers -> Empty List
2026-03-09 11:17:19,437 - pipeline - WARNING -   - data_performance_results.json -> Data Performance -> 5G NSA DP -> HTTP Multi Stream -> DL -> Moderate -> REF -> Throughput -> Outliers -> Empty List
2026-03-09 11:17:19,437 - pipeline - WARNING -   - data_performance_results.json -> Data Performance -> 5G NSA DP -> HTTP Multi Stream -> DL -> Moderate -> REF -> Throughput -> Outliers -> Empty List
2026-03-09 11:17:19,437 - pipeline - WARNING -   - data_performance_results.json -> Data Performance -> 5G NSA DP -> HTTP Multi Stream -> DL -> Poor -> DUT -> Throughput -> Outliers -> Empty List
2026-03-09 11:17:19,437 - pipeline - WARNING -   - data_performance_results.json -> Data Performance -> 5G NSA DP -> HTTP Multi Stream -> DL -> Poor -> DUT -> Throughput -> Outliers -> Empty List
2026-03-09 11:17:19,438 - pipeline - WARNING -   - data_performance_results.json -> Data Performance -> 5G NSA DP -> HTTP Multi Stream -> DL -> Poor -> REF -> Throughput -> Outliers -> Empty List
2026-03-09 11:17:19,438 - pipeline - WARNING -   - data_performance_results.json -> Data Performance -> 5G NSA DP -> HTTP Multi Stream -> DL -> Poor -> REF -> Throughput -> Outliers -> Empty List
2026-03-09 11:17:19,438 - pipeline - WARNING -   - data_performance_results.json -> Data Performance -> 5G NSA DP -> HTTP Multi Stream -> UL -> Moderate -> DUT -> Throughput -> Outliers -> Empty List
2026-03-09 11:17:19,438 - pipeline - WARNING -   - data_performance_results.json -> Data Performance -> 5G NSA DP -> HTTP Multi Stream -> UL -> Moderate -> DUT -> Throughput -> Outliers -> Empty List
2026-03-09 11:17:19,439 - pipeline - WARNING -   - data_performance_results.json -> Data Performance -> 5G NSA DP -> HTTP Multi Stream -> UL -> Moderate -> REF -> Throughput -> Outliers -> Empty List
2026-03-09 11:17:19,439 - pipeline - WARNING -   - data_performance_results.json -> Data Performance -> 5G NSA DP -> HTTP Multi Stream -> UL -> Moderate -> REF -> Throughput -> Outliers -> Empty List
2026-03-09 11:17:19,439 - pipeline - WARNING -   - data_performance_results.json -> Data Performance -> 5G NSA DP -> HTTP Multi Stream -> UL -> Poor -> REF -> Throughput -> Outliers -> Empty List
2026-03-09 11:17:19,439 - pipeline - WARNING -   - data_performance_results.json -> Data Performance -> 5G NSA DP -> HTTP Multi Stream -> UL -> Poor -> REF -> Throughput -> Outliers -> Empty List
2026-03-09 11:17:19,440 - pipeline - WARNING -   - data_performance_results.json -> Data Performance -> 5G NSA DP -> HTTP Single Stream -> DL -> Moderate -> DUT -> Throughput -> Outliers -> Empty List
2026-03-09 11:17:19,440 - pipeline - WARNING -   - data_performance_results.json -> Data Performance -> 5G NSA DP -> HTTP Single Stream -> DL -> Moderate -> DUT -> Throughput -> Outliers -> Empty List
2026-03-09 11:17:19,440 - pipeline - WARNING -   - data_performance_results.json -> Data Performance -> 5G NSA DP -> HTTP Single Stream -> DL -> Moderate -> REF -> Throughput -> Outliers -> Empty List
2026-03-09 11:17:19,440 - pipeline - WARNING -   - data_performance_results.json -> Data Performance -> 5G NSA DP -> HTTP Single Stream -> DL -> Moderate -> REF -> Throughput -> Outliers -> Empty List
2026-03-09 11:17:19,441 - pipeline - WARNING -   - data_performance_results.json -> Data Performance -> 5G NSA DP -> HTTP Single Stream -> DL -> Poor -> REF -> Throughput -> Outliers -> Empty List
2026-03-09 11:17:19,441 - pipeline - WARNING -   - data_performance_results.json -> Data Performance -> 5G NSA DP -> HTTP Single Stream -> DL -> Poor -> REF -> Throughput -> Outliers -> Empty List
2026-03-09 11:17:19,441 - pipeline - WARNING -   - data_performance_results.json -> Data Performance -> 5G NSA DP -> Udp Test -> DL -> UDP Download Task at 200 Mbps for 10 seconds -> Moderate -> REF -> Throughput -> Outliers -> Empty List
2026-03-09 11:17:19,441 - pipeline - WARNING -   - data_performance_results.json -> Data Performance -> 5G NSA DP -> Udp Test -> DL -> UDP Download Task at 200 Mbps for 10 seconds -> Moderate -> REF -> Throughput -> Outliers -> Empty List
2026-03-09 11:17:19,441 - pipeline - WARNING -   - data_performance_results.json -> Data Performance -> 5G NSA DP -> Udp Test -> DL -> UDP Download Task at 400 Mbps for 10 seconds -> Moderate -> REF -> Throughput -> Outliers -> Empty List
2026-03-09 11:17:19,441 - pipeline - WARNING -   - data_performance_results.json -> Data Performance -> 5G NSA DP -> Udp Test -> DL -> UDP Download Task at 400 Mbps for 10 seconds -> Moderate -> REF -> Throughput -> Outliers -> Empty List
2026-03-09 11:17:19,442 - pipeline - WARNING -   - data_performance_results.json -> Data Performance -> 5G NSA DP -> Udp Test -> DL -> UDP Download Task at 400 Mbps for 10 seconds -> Poor -> DUT -> Throughput -> Outliers -> Empty List
2026-03-09 11:17:19,442 - pipeline - WARNING -   - data_performance_results.json -> Data Performance -> 5G NSA DP -> Udp Test -> DL -> UDP Download Task at 400 Mbps for 10 seconds -> Poor -> DUT -> Throughput -> Outliers -> Empty List
2026-03-09 11:17:19,442 - pipeline - WARNING -   - data_performance_results.json -> Data Performance -> 5G NSA DP -> Udp Test -> DL -> UDP Download Task at 400 Mbps for 10 seconds -> Poor -> REF -> Throughput -> Outliers -> Empty List
2026-03-09 11:17:19,442 - pipeline - WARNING -   - data_performance_results.json -> Data Performance -> 5G NSA DP -> Udp Test -> DL -> UDP Download Task at 400 Mbps for 10 seconds -> Poor -> REF -> Throughput -> Outliers -> Empty List
2026-03-09 11:17:19,443 - pipeline - WARNING -   - data_performance_results.json -> Data Performance -> 5G NSA DP -> Udp Test -> UL -> 5G NSA_UDP Upload Task at 10 Mbps for 10 seconds -> Poor -> DUT -> Throughput -> Outliers -> Empty List
2026-03-09 11:17:19,443 - pipeline - WARNING -   - data_performance_results.json -> Data Performance -> 5G NSA DP -> Udp Test -> UL -> 5G NSA_UDP Upload Task at 10 Mbps for 10 seconds -> Poor -> DUT -> Throughput -> Outliers -> Empty List
2026-03-09 11:17:19,443 - pipeline - WARNING -   - data_performance_results.json -> Data Performance -> 5G NSA DP -> Udp Test -> UL -> 5G NSA_UDP Upload Task at 10 Mbps for 10 seconds -> Poor -> REF -> Throughput -> Outliers -> Empty List
2026-03-09 11:17:19,443 - pipeline - WARNING -   - data_performance_results.json -> Data Performance -> 5G NSA DP -> Udp Test -> UL -> 5G NSA_UDP Upload Task at 10 Mbps for 10 seconds -> Poor -> REF -> Throughput -> Outliers -> Empty List
2026-03-09 11:17:19,444 - pipeline - WARNING -   - data_performance_results.json -> Data Performance -> 5G NSA DP -> Udp Test -> UL -> 5G NSA_UDP Upload Task at 20 Mbps for 10 seconds -> Moderate -> REF -> Throughput -> Outliers -> Empty List
2026-03-09 11:17:19,444 - pipeline - WARNING -   - data_performance_results.json -> Data Performance -> 5G NSA DP -> Udp Test -> UL -> 5G NSA_UDP Upload Task at 20 Mbps for 10 seconds -> Moderate -> REF -> Throughput -> Outliers -> Empty List
2026-03-09 11:17:19,445 - pipeline - WARNING -   - data_performance_results.json -> Data Performance -> 5G NSA DP -> Udp Test -> UL -> 5G NSA_UDP Upload Task at 20 Mbps for 10 seconds -> Poor -> DUT -> Throughput -> Outliers -> Empty List
2026-03-09 11:17:19,445 - pipeline - WARNING -   - data_performance_results.json -> Data Performance -> 5G NSA DP -> Udp Test -> UL -> 5G NSA_UDP Upload Task at 20 Mbps for 10 seconds -> Poor -> DUT -> Throughput -> Outliers -> Empty List
2026-03-09 11:17:19,445 - pipeline - INFO - Pipeline execution completed. Results in: D:/ReportGenerator/report-generator-app/public/AnalyzeResults\#Huaqin\Seattle
2026-03-09 11:17:19,445 - pipeline - INFO - Pipeline execution completed. Results in: D:/ReportGenerator/report-generator-app/public/AnalyzeResults\#Huaqin\Seattle
2026-03-09 11:19:01,164 - pipeline - INFO - Project: #Huaqin
2026-03-09 11:19:01,165 - pipeline - INFO - Market: New York
2026-03-09 11:19:01,165 - pipeline - INFO - Reading from: D:/ReportGenerator/Raw Data\#Huaqin\New York
2026-03-09 11:19:01,165 - pipeline - INFO - Writing to: D:/ReportGenerator/report-generator-app/public/AnalyzeResults\#Huaqin\New York
2026-03-09 11:19:01,165 - pipeline - INFO - Starting analysis pipeline...
2026-03-09 11:19:01,173 - pipeline - INFO - Grouping 124 CSV files by directory and device type...
2026-03-09 11:19:01,175 - pipeline - INFO - Created 102 file groups for analysis
2026-03-09 11:19:01,176 - pipeline - INFO - Analyzing 1 file(s) for DUT in 5G Auto Data Web-Kepler
2026-03-09 11:19:01,215 - pipeline - INFO - Analyzing 1 file(s) for REF in 5G Auto Data Web-Kepler
2026-03-09 11:19:01,248 - pipeline - INFO - Analyzing 1 file(s) for DUT in Good
2026-03-09 11:19:01,298 - pipeline - INFO - Analyzing 1 file(s) for REF in Good
2026-03-09 11:19:01,340 - pipeline - INFO - Analyzing 1 file(s) for DUT in Moderate
2026-03-09 11:19:01,384 - pipeline - INFO - Analyzing 1 file(s) for REF in Moderate
2026-03-09 11:19:01,434 - pipeline - INFO - Analyzing 1 file(s) for DUT in Poor
2026-03-09 11:19:01,475 - pipeline - INFO - Analyzing 1 file(s) for REF in Poor
2026-03-09 11:19:01,515 - pipeline - INFO - Analyzing 1 file(s) for DUT in Good
2026-03-09 11:19:01,550 - pipeline - INFO - Analyzing 1 file(s) for REF in Good
2026-03-09 11:19:01,591 - pipeline - INFO - Analyzing 1 file(s) for DUT in Moderate
2026-03-09 11:19:01,626 - pipeline - INFO - Analyzing 1 file(s) for REF in Moderate
2026-03-09 11:19:01,657 - pipeline - INFO - Analyzing 1 file(s) for DUT in Poor
2026-03-09 11:19:01,689 - pipeline - INFO - Analyzing 1 file(s) for REF in Poor
2026-03-09 11:19:01,720 - pipeline - INFO - Analyzing 2 file(s) for DUT in Good
2026-03-09 11:19:01,803 - pipeline - INFO - Analyzing 2 file(s) for REF in Good
2026-03-09 11:19:01,872 - pipeline - INFO - Analyzing 1 file(s) for DUT in Moderate
2026-03-09 11:19:01,934 - pipeline - INFO - Analyzing 1 file(s) for REF in Moderate
2026-03-09 11:19:01,996 - pipeline - INFO - Analyzing 1 file(s) for DUT in Poor
2026-03-09 11:19:02,061 - pipeline - INFO - Analyzing 1 file(s) for REF in Poor
2026-03-09 11:19:02,148 - pipeline - INFO - Analyzing 1 file(s) for DUT in Good
2026-03-09 11:19:02,173 - pipeline - INFO - Analyzing 1 file(s) for REF in Good
2026-03-09 11:19:02,197 - pipeline - INFO - Analyzing 1 file(s) for DUT in Moderate
2026-03-09 11:19:02,224 - pipeline - INFO - Analyzing 1 file(s) for REF in Moderate
2026-03-09 11:19:02,250 - pipeline - INFO - Analyzing 1 file(s) for DUT in Poor
2026-03-09 11:19:02,279 - pipeline - INFO - Analyzing 1 file(s) for REF in Poor
2026-03-09 11:19:02,301 - pipeline - INFO - Analyzing 3 file(s) for REF in 5G Auto Data Test Drive
2026-03-09 11:19:02,665 - pipeline - INFO - Analyzing 3 file(s) for DUT in 5G Auto Data Test Drive
2026-03-09 11:19:03,016 - pipeline - INFO - Analyzing 1 file(s) for DUT in Good
2026-03-09 11:19:03,072 - pipeline - INFO - Analyzing 1 file(s) for REF in Good
2026-03-09 11:19:03,124 - pipeline - INFO - Analyzing 1 file(s) for DUT in Moderate
2026-03-09 11:19:03,179 - pipeline - INFO - Analyzing 1 file(s) for REF in Moderate
2026-03-09 11:19:03,233 - pipeline - INFO - Analyzing 1 file(s) for DUT in Poor
2026-03-09 11:19:03,286 - pipeline - INFO - Analyzing 1 file(s) for REF in Poor
2026-03-09 11:19:03,339 - pipeline - INFO - Analyzing 1 file(s) for DUT in Good
2026-03-09 11:19:03,396 - pipeline - INFO - Analyzing 1 file(s) for REF in Good
2026-03-09 11:19:03,452 - pipeline - INFO - Analyzing 1 file(s) for DUT in Moderate
2026-03-09 11:19:03,507 - pipeline - INFO - Analyzing 1 file(s) for REF in Moderate
2026-03-09 11:19:03,560 - pipeline - INFO - Analyzing 1 file(s) for DUT in Poor
2026-03-09 11:19:03,618 - pipeline - INFO - Analyzing 1 file(s) for REF in Poor
2026-03-09 11:19:03,684 - pipeline - INFO - Analyzing 1 file(s) for DUT in Good
2026-03-09 11:19:03,747 - pipeline - INFO - Analyzing 1 file(s) for REF in Good
2026-03-09 11:19:03,801 - pipeline - INFO - Analyzing 1 file(s) for DUT in Moderate
2026-03-09 11:19:03,861 - pipeline - INFO - Analyzing 1 file(s) for REF in Moderate
2026-03-09 11:19:03,918 - pipeline - INFO - Analyzing 1 file(s) for DUT in Poor
2026-03-09 11:19:03,973 - pipeline - INFO - Analyzing 1 file(s) for REF in Poor
2026-03-09 11:19:04,048 - pipeline - INFO - Analyzing 1 file(s) for DUT in Good
2026-03-09 11:19:04,099 - pipeline - INFO - Analyzing 1 file(s) for REF in Good
2026-03-09 11:19:04,161 - pipeline - INFO - Analyzing 1 file(s) for DUT in Moderate
2026-03-09 11:19:04,221 - pipeline - INFO - Analyzing 1 file(s) for REF in Moderate
2026-03-09 11:19:04,277 - pipeline - INFO - Analyzing 1 file(s) for DUT in Poor
2026-03-09 11:19:04,335 - pipeline - INFO - Analyzing 1 file(s) for REF in Poor
2026-03-09 11:19:04,396 - pipeline - INFO - Analyzing 1 file(s) for DUT in Good
2026-03-09 11:19:04,453 - pipeline - INFO - Analyzing 1 file(s) for REF in Good
2026-03-09 11:19:04,508 - pipeline - INFO - Analyzing 1 file(s) for DUT in Moderate
2026-03-09 11:19:04,560 - pipeline - INFO - Analyzing 1 file(s) for REF in Moderate
2026-03-09 11:19:04,632 - pipeline - INFO - Analyzing 1 file(s) for DUT in Poor
2026-03-09 11:19:04,688 - pipeline - INFO - Analyzing 1 file(s) for REF in Poor
2026-03-09 11:19:04,743 - pipeline - INFO - Analyzing 1 file(s) for DUT in Moderate
2026-03-09 11:19:04,789 - pipeline - INFO - Analyzing 1 file(s) for REF in Moderate
2026-03-09 11:19:04,836 - pipeline - INFO - Analyzing 1 file(s) for DUT in Poor
2026-03-09 11:19:04,893 - pipeline - INFO - Analyzing 1 file(s) for REF in Poor
2026-03-09 11:19:04,948 - pipeline - INFO - Analyzing 1 file(s) for DUT in Moderate
2026-03-09 11:19:04,993 - pipeline - INFO - Analyzing 1 file(s) for REF in Moderate
2026-03-09 11:19:05,048 - pipeline - INFO - Analyzing 1 file(s) for DUT in Poor
2026-03-09 11:19:05,101 - pipeline - INFO - Analyzing 1 file(s) for REF in Poor
2026-03-09 11:19:05,149 - pipeline - INFO - Analyzing 1 file(s) for DUT in Moderate
2026-03-09 11:19:05,226 - pipeline - INFO - Analyzing 1 file(s) for REF in Moderate
2026-03-09 11:19:05,288 - pipeline - INFO - Analyzing 1 file(s) for DUT in Poor
2026-03-09 11:19:05,352 - pipeline - INFO - Analyzing 1 file(s) for REF in Poor
2026-03-09 11:19:05,415 - pipeline - INFO - Analyzing 1 file(s) for DUT in Moderate
2026-03-09 11:19:05,438 - pipeline - INFO - Analyzing 1 file(s) for REF in Moderate
2026-03-09 11:19:05,462 - pipeline - INFO - Analyzing 1 file(s) for DUT in Poor
2026-03-09 11:19:05,491 - pipeline - INFO - Analyzing 1 file(s) for REF in Poor
2026-03-09 11:19:05,512 - pipeline - INFO - Analyzing 4 file(s) for DUT in Mobility Test
2026-03-09 11:19:05,947 - pipeline - INFO - Analyzing 2 file(s) for REF in Mobility Test
2026-03-09 11:19:06,299 - pipeline - INFO - Analyzing 1 file(s) for DUT in Moderate
2026-03-09 11:19:06,356 - pipeline - INFO - Analyzing 1 file(s) for REF in Moderate
2026-03-09 11:19:06,413 - pipeline - INFO - Analyzing 1 file(s) for DUT in Poor
2026-03-09 11:19:06,466 - pipeline - INFO - Analyzing 1 file(s) for REF in Poor
2026-03-09 11:19:06,522 - pipeline - INFO - Analyzing 1 file(s) for DUT in Moderate
2026-03-09 11:19:06,584 - pipeline - INFO - Analyzing 1 file(s) for REF in Moderate
2026-03-09 11:19:06,648 - pipeline - INFO - Analyzing 1 file(s) for DUT in Poor
2026-03-09 11:19:06,702 - pipeline - INFO - Analyzing 1 file(s) for REF in Poor
2026-03-09 11:19:06,763 - pipeline - INFO - Analyzing 1 file(s) for DUT in Moderate
2026-03-09 11:19:06,823 - pipeline - INFO - Analyzing 1 file(s) for REF in Moderate
2026-03-09 11:19:06,882 - pipeline - INFO - Analyzing 1 file(s) for DUT in Poor
2026-03-09 11:19:06,943 - pipeline - INFO - Analyzing 1 file(s) for REF in Poor
2026-03-09 11:19:06,999 - pipeline - INFO - Analyzing 1 file(s) for DUT in Moderate
2026-03-09 11:19:07,052 - pipeline - INFO - Analyzing 1 file(s) for REF in Moderate
2026-03-09 11:19:07,104 - pipeline - INFO - Analyzing 1 file(s) for DUT in Poor
2026-03-09 11:19:07,157 - pipeline - INFO - Analyzing 1 file(s) for REF in Poor
2026-03-09 11:19:07,212 - pipeline - INFO - Analyzing 1 file(s) for DUT in Moderate
2026-03-09 11:19:07,266 - pipeline - INFO - Analyzing 1 file(s) for REF in Moderate
2026-03-09 11:19:07,316 - pipeline - INFO - Analyzing 1 file(s) for DUT in Poor
2026-03-09 11:19:07,369 - pipeline - INFO - Analyzing 1 file(s) for REF in Poor
2026-03-09 11:19:07,422 - pipeline - INFO - Processing directory-level analyses...
2026-03-09 11:19:07,423 - pipeline - INFO - Analyzing Coverage directory: D:/ReportGenerator/Raw Data\#Huaqin\New York\Coverage Performance (Type: coverage_coordinate)
2026-03-09 11:19:07,423 - pipeline - INFO - Analyzing Coverage directory: D:/ReportGenerator/Raw Data\#Huaqin\New York\Coverage Performance/5G n41 HPUE Coverage Test (Type: n41_coverage)
2026-03-09 11:19:07,466 - pipeline - INFO - Analyzing Coverage directory: D:/ReportGenerator/Raw Data\#Huaqin\New York\Coverage Performance/5G VoNR Coverage Test (Type: vonr_coverage_performance)
2026-03-09 11:19:08,195 - pipeline - INFO - Running timeline analysis for: Coverage Performance/5G VoNR Coverage Test
2026-03-09 11:19:08,196 - pipeline - INFO - Analyzing Coverage directory: D:/ReportGenerator/Raw Data\#Huaqin\New York\Coverage Performance/5G VoNR Coverage Test (Type: coverage_timeline)
2026-03-09 11:19:08,196 - pipeline - INFO - Analyzing Coverage Timeline for: D:/ReportGenerator/Raw Data\#Huaqin\New York\Coverage Performance/5G VoNR Coverage Test
2026-03-09 11:19:08,197 - pipeline - INFO - Processing rsrp timeline...
2026-03-09 11:19:08,664 - pipeline - INFO - Processing sinr timeline...
2026-03-09 11:19:09,172 - pipeline - INFO - Processing txpower timeline...
2026-03-09 11:19:09,731 - pipeline - INFO - Analyzing Coverage directory: D:/ReportGenerator/Raw Data\#Huaqin\New York\Coverage Performance/LTE Coverage Test (Type: vonr_coverage_performance)
2026-03-09 11:19:10,295 - pipeline - INFO - Running timeline analysis for: Coverage Performance/LTE Coverage Test
2026-03-09 11:19:10,295 - pipeline - INFO - Analyzing Coverage directory: D:/ReportGenerator/Raw Data\#Huaqin\New York\Coverage Performance/LTE Coverage Test (Type: coverage_timeline)
2026-03-09 11:19:10,295 - pipeline - INFO - Analyzing Coverage Timeline for: D:/ReportGenerator/Raw Data\#Huaqin\New York\Coverage Performance/LTE Coverage Test
2026-03-09 11:19:10,296 - pipeline - INFO - Processing rsrp timeline...
2026-03-09 11:19:10,419 - pipeline - INFO - Processing sinr timeline...
2026-03-09 11:19:10,572 - pipeline - INFO - Processing txpower timeline...
2026-03-09 11:19:10,730 - pipeline - INFO - Analyzing Google Throughput directory: D:/ReportGenerator/Raw Data\#Huaqin\New York\Data Performance/5G AUTO DP/5G Auto Data Play-store app Download
2026-03-09 11:19:10,731 - pipeline - INFO - Processing Play Store file: _20260228_180205_CH01_NJNYC TMO_5G AUTO_Playstore 30M DL_NJNY DUT L1_.csv (Size: 30M, Device: DUT, Location: Good)
2026-03-09 11:19:10,745 - pipeline - INFO - Successfully analyzed _20260228_180205_CH01_NJNYC TMO_5G AUTO_Playstore 30M DL_NJNY DUT L1_.csv: 121.66002522706052
2026-03-09 11:19:10,745 - pipeline - INFO - Processing Play Store file: _20260228_180205_CH02_NJNYC TMO_5G AUTO_Playstore 30M DL_NJNY REF L1_.csv (Size: 30M, Device: REF, Location: Good)
2026-03-09 11:19:10,758 - pipeline - INFO - Successfully analyzed _20260228_180205_CH02_NJNYC TMO_5G AUTO_Playstore 30M DL_NJNY REF L1_.csv: 183.1148090225564
2026-03-09 11:19:10,758 - pipeline - INFO - Processing Play Store file: _20260228_181017_CH01_NJNYC TMO_5G AUTO_Playstore 60M DL_NJNY DUT L1_.csv (Size: 60M, Device: DUT, Location: Good)
2026-03-09 11:19:10,770 - pipeline - INFO - Successfully analyzed _20260228_181017_CH01_NJNYC TMO_5G AUTO_Playstore 60M DL_NJNY DUT L1_.csv: 59.31778260869565
2026-03-09 11:19:10,771 - pipeline - INFO - Processing Play Store file: _20260228_181017_CH02_NJNYC TMO_5G AUTO_Playstore 60M DL_NJNY REF L1_.csv (Size: 60M, Device: REF, Location: Good)
2026-03-09 11:19:10,785 - pipeline - INFO - Successfully analyzed _20260228_181017_CH02_NJNYC TMO_5G AUTO_Playstore 60M DL_NJNY REF L1_.csv: 66.97566666666667
2026-03-09 11:19:10,786 - pipeline - INFO - Processing Play Store file: _20260228_181759_CH01_NJNYC TMO_5G AUTO_Playstore 100M DL_NJNY DUT L1_.csv (Size: 100M, Device: DUT, Location: Good)
2026-03-09 11:19:10,800 - pipeline - INFO - Successfully analyzed _20260228_181759_CH01_NJNYC TMO_5G AUTO_Playstore 100M DL_NJNY DUT L1_.csv: 108.5450645021645
2026-03-09 11:19:10,801 - pipeline - INFO - Processing Play Store file: _20260228_181759_CH02_NJNYC TMO_5G AUTO_Playstore 100M DL_NJNY REF L1_.csv (Size: 100M, Device: REF, Location: Good)
2026-03-09 11:19:10,819 - pipeline - INFO - Successfully analyzed _20260228_181759_CH02_NJNYC TMO_5G AUTO_Playstore 100M DL_NJNY REF L1_.csv: 150.622648015873
2026-03-09 11:19:10,819 - pipeline - INFO - Processing Play Store file: _20260305_182335_CH01_NJNYC TMO_5G Auto_Playstore 30M_NJNY DUT L2_Retest.csv (Size: 30M, Device: DUT, Location: Moderate)
2026-03-09 11:19:10,834 - pipeline - INFO - Successfully analyzed _20260305_182335_CH01_NJNYC TMO_5G Auto_Playstore 30M_NJNY DUT L2_Retest.csv: 136.4778240362812
2026-03-09 11:19:10,835 - pipeline - INFO - Processing Play Store file: _20260305_182335_CH02_NJNYC TMO_5G Auto_Playstore 30M_NJNY REF L2_Retest.csv (Size: 30M, Device: REF, Location: Moderate)
2026-03-09 11:19:10,849 - pipeline - INFO - Successfully analyzed _20260305_182335_CH02_NJNYC TMO_5G Auto_Playstore 30M_NJNY REF L2_Retest.csv: 136.27829882498455
2026-03-09 11:19:10,849 - pipeline - INFO - Processing Play Store file: _20260305_182944_CH01_NJNYC TMO_5G Auto_Playstore 60M_NJNY DUT L2_Retest.csv (Size: 60M, Device: DUT, Location: Moderate)
2026-03-09 11:19:10,861 - pipeline - INFO - Successfully analyzed _20260305_182944_CH01_NJNYC TMO_5G Auto_Playstore 60M_NJNY DUT L2_Retest.csv: 66.13028190476192
2026-03-09 11:19:10,862 - pipeline - INFO - Processing Play Store file: _20260305_182944_CH02_NJNYC TMO_5G Auto_Playstore 60M_NJNY REF L2_Retest.csv (Size: 60M, Device: REF, Location: Moderate)
2026-03-09 11:19:10,877 - pipeline - INFO - Successfully analyzed _20260305_182944_CH02_NJNYC TMO_5G Auto_Playstore 60M_NJNY REF L2_Retest.csv: 97.19017391304347
2026-03-09 11:19:10,877 - pipeline - INFO - Processing Play Store file: _20260305_183538_CH01_NJNYC TMO_5G Auto_Playstore 100M_NJNY DUT L2_Retest.csv (Size: 100M, Device: DUT, Location: Moderate)
2026-03-09 11:19:10,899 - pipeline - INFO - Successfully analyzed _20260305_183538_CH01_NJNYC TMO_5G Auto_Playstore 100M_NJNY DUT L2_Retest.csv: 111.27300426573427
2026-03-09 11:19:10,899 - pipeline - INFO - Processing Play Store file: _20260305_183538_CH02_NJNYC TMO_5G Auto_Playstore 100M_NJNY REF L2_Retest.csv (Size: 100M, Device: REF, Location: Moderate)
2026-03-09 11:19:10,915 - pipeline - INFO - Successfully analyzed _20260305_183538_CH02_NJNYC TMO_5G Auto_Playstore 100M_NJNY REF L2_Retest.csv: 170.8116214285714
2026-03-09 11:19:10,916 - pipeline - INFO - Processing Play Store file: _20260305_163158_CH01_NJNYC TMO_5G Auto_Playstore 30M_NJNY DUT L3_Retest.csv (Size: 30M, Device: DUT, Location: Poor)
2026-03-09 11:19:10,936 - pipeline - INFO - Successfully analyzed _20260305_163158_CH01_NJNYC TMO_5G Auto_Playstore 30M_NJNY DUT L3_Retest.csv: 46.271690064667844
2026-03-09 11:19:10,936 - pipeline - INFO - Processing Play Store file: _20260305_163158_CH02_NJNYC TMO_5G Auto_Playstore 30M_NJNY REF L3_Retest.csv (Size: 30M, Device: REF, Location: Poor)
2026-03-09 11:19:10,956 - pipeline - INFO - Successfully analyzed _20260305_163158_CH02_NJNYC TMO_5G Auto_Playstore 30M_NJNY REF L3_Retest.csv: 48.803069629629626
2026-03-09 11:19:10,956 - pipeline - INFO - Processing Play Store file: _20260305_164730_CH01_NJNYC TMO_5G Auto_Playstore 60M_NJNY DUT L3_Retest.csv (Size: 60M, Device: DUT, Location: Poor)
2026-03-09 11:19:10,976 - pipeline - INFO - Successfully analyzed _20260305_164730_CH01_NJNYC TMO_5G Auto_Playstore 60M_NJNY DUT L3_Retest.csv: 93.69039926406927
2026-03-09 11:19:10,976 - pipeline - INFO - Processing Play Store file: _20260305_164730_CH02_NJNYC TMO_5G Auto_Playstore 60M_NJNY REF L3_Retest.csv (Size: 60M, Device: REF, Location: Poor)
2026-03-09 11:19:11,001 - pipeline - INFO - Successfully analyzed _20260305_164730_CH02_NJNYC TMO_5G Auto_Playstore 60M_NJNY REF L3_Retest.csv: 90.55599661172161
2026-03-09 11:19:11,002 - pipeline - INFO - Processing Play Store file: _20260305_165716_CH01_NJNYC TMO_5G Auto_Playstore 100M_NJNY DUT L3_Retest.csv (Size: 100M, Device: DUT, Location: Poor)
2026-03-09 11:19:11,022 - pipeline - INFO - Successfully analyzed _20260305_165716_CH01_NJNYC TMO_5G Auto_Playstore 100M_NJNY DUT L3_Retest.csv: 96.56374333402782
2026-03-09 11:19:11,022 - pipeline - INFO - Processing Play Store file: _20260305_165716_CH02_NJNYC TMO_5G Auto_Playstore 100M_NJNY REF L3_Retest.csv (Size: 100M, Device: REF, Location: Poor)
2026-03-09 11:19:11,035 - pipeline - INFO - Successfully analyzed _20260305_165716_CH02_NJNYC TMO_5G Auto_Playstore 100M_NJNY REF L3_Retest.csv: 83.28131897860594
2026-03-09 11:19:11,036 - pipeline - INFO - Google Throughput analysis directory processing complete. Results found: True
2026-03-09 11:19:11,036 - pipeline - INFO - Analyzing MHS Drive directory: D:/ReportGenerator/Raw Data\#Huaqin\New York\Data Performance/5G AUTO DP/Mobility Test/5G Auto Data Test MHS Drive
2026-03-09 11:19:11,037 - pipeline - INFO - Analyzing MHS Drive directory: D:/ReportGenerator/Raw Data\#Huaqin\New York\Data Performance/5G AUTO DP/Mobility Test/5G Auto Data Test Drive
2026-03-09 11:19:12,364 - pipeline - INFO - Analyzing MHS Drive directory: D:/ReportGenerator/Raw Data\#Huaqin\New York\Data Performance/5G NSA DP/Mobility Test
2026-03-09 11:19:13,771 - pipeline - INFO - Running post-processing (VqLineChart, Coverage extraction)...
2026-03-09 11:19:13,944 - pipeline - INFO - Checking for CDF Throughput data to export...
2026-03-09 11:19:13,985 - pipeline - INFO - Exported 80 CDF throughput JSON files to D:/ReportGenerator/report-generator-app/public/AnalyzeResults\#Huaqin\New York\cdf_throughput_data
2026-03-09 11:19:13,993 - pipeline - INFO - Data Performance results exported to D:/ReportGenerator/report-generator-app/public/AnalyzeResults\#Huaqin\New York\data_performance_results.json
2026-03-09 11:19:14,000 - pipeline - INFO - Coverage Performance results exported to D:/ReportGenerator/report-generator-app/public/AnalyzeResults\#Huaqin\New York\coverage_performance_results.json
2026-03-09 11:19:14,001 - pipeline - INFO - Processing summary exported to D:/ReportGenerator/report-generator-app/public/AnalyzeResults\#Huaqin\New York\processing_summary.json
2026-03-09 11:19:14,002 - pipeline - INFO - Running final data validation...
2026-03-09 11:19:14,027 - pipeline - WARNING - Summary of Empty collections found in JSON files:
2026-03-09 11:19:14,028 - pipeline - WARNING -   - data_performance_results.json -> Data Performance -> 5G AUTO DP -> HTTP Multi Stream -> DL -> Good -> REF -> Throughput -> Outliers -> Empty List
2026-03-09 11:19:14,028 - pipeline - WARNING -   - data_performance_results.json -> Data Performance -> 5G AUTO DP -> HTTP Multi Stream -> DL -> Moderate -> DUT -> Throughput -> Outliers -> Empty List
2026-03-09 11:19:14,028 - pipeline - WARNING -   - data_performance_results.json -> Data Performance -> 5G AUTO DP -> HTTP Multi Stream -> DL -> Poor -> DUT -> Throughput -> Outliers -> Empty List
2026-03-09 11:19:14,029 - pipeline - WARNING -   - data_performance_results.json -> Data Performance -> 5G AUTO DP -> HTTP Multi Stream -> UL -> Moderate -> REF -> Throughput -> Outliers -> Empty List
2026-03-09 11:19:14,029 - pipeline - WARNING -   - data_performance_results.json -> Data Performance -> 5G AUTO DP -> HTTP Multi Stream -> UL -> Poor -> DUT -> Throughput -> Outliers -> Empty List
2026-03-09 11:19:14,029 - pipeline - WARNING -   - data_performance_results.json -> Data Performance -> 5G AUTO DP -> HTTP Multi Stream -> UL -> Poor -> REF -> Throughput -> Outliers -> Empty List
2026-03-09 11:19:14,029 - pipeline - WARNING -   - data_performance_results.json -> Data Performance -> 5G AUTO DP -> HTTP Single Stream -> DL -> Good -> DUT -> Throughput -> Outliers -> Empty List
2026-03-09 11:19:14,030 - pipeline - WARNING -   - data_performance_results.json -> Data Performance -> 5G AUTO DP -> HTTP Single Stream -> DL -> Good -> REF -> Throughput -> Outliers -> Empty List
2026-03-09 11:19:14,030 - pipeline - WARNING -   - data_performance_results.json -> Data Performance -> 5G AUTO DP -> HTTP Single Stream -> DL -> Moderate -> DUT -> Throughput -> Outliers -> Empty List
2026-03-09 11:19:14,030 - pipeline - WARNING -   - data_performance_results.json -> Data Performance -> 5G AUTO DP -> HTTP Single Stream -> DL -> Poor -> DUT -> Throughput -> Outliers -> Empty List
2026-03-09 11:19:14,031 - pipeline - WARNING -   - data_performance_results.json -> Data Performance -> 5G AUTO DP -> HTTP Single Stream -> DL -> Poor -> REF -> Throughput -> Outliers -> Empty List
2026-03-09 11:19:14,031 - pipeline - WARNING -   - data_performance_results.json -> Data Performance -> 5G AUTO DP -> HTTP Single Stream -> UL -> Good -> REF -> Throughput -> Outliers -> Empty List
2026-03-09 11:19:14,031 - pipeline - WARNING -   - data_performance_results.json -> Data Performance -> 5G AUTO DP -> Udp Test -> DL -> UDP Download Task at 200 Mbps for 10 seconds -> Moderate -> DUT -> Throughput -> Outliers -> Empty List
2026-03-09 11:19:14,031 - pipeline - WARNING -   - data_performance_results.json -> Data Performance -> 5G AUTO DP -> Udp Test -> DL -> UDP Download Task at 200 Mbps for 10 seconds -> Moderate -> REF -> Throughput -> Outliers -> Empty List
2026-03-09 11:19:14,032 - pipeline - WARNING -   - data_performance_results.json -> Data Performance -> 5G AUTO DP -> Udp Test -> DL -> UDP Download Task at 200 Mbps for 10 seconds -> Poor -> DUT -> Throughput -> Outliers -> Empty List
2026-03-09 11:19:14,032 - pipeline - WARNING -   - data_performance_results.json -> Data Performance -> 5G AUTO DP -> Udp Test -> DL -> UDP Download Task at 200 Mbps for 10 seconds -> Poor -> REF -> Throughput -> Outliers -> Empty List
2026-03-09 11:19:14,032 - pipeline - WARNING -   - data_performance_results.json -> Data Performance -> 5G AUTO DP -> Udp Test -> DL -> UDP Download Task at 400 Mbps for 10 seconds -> Good -> DUT -> Throughput -> Outliers -> Empty List
2026-03-09 11:19:14,032 - pipeline - WARNING -   - data_performance_results.json -> Data Performance -> 5G AUTO DP -> Udp Test -> DL -> UDP Download Task at 400 Mbps for 10 seconds -> Good -> REF -> Throughput -> Outliers -> Empty List
2026-03-09 11:19:14,033 - pipeline - WARNING -   - data_performance_results.json -> Data Performance -> 5G AUTO DP -> Udp Test -> DL -> UDP Download Task at 400 Mbps for 10 seconds -> Moderate -> DUT -> Throughput -> Outliers -> Empty List
2026-03-09 11:19:14,033 - pipeline - WARNING -   - data_performance_results.json -> Data Performance -> 5G AUTO DP -> Udp Test -> DL -> UDP Download Task at 400 Mbps for 10 seconds -> Moderate -> REF -> Throughput -> Outliers -> Empty List
2026-03-09 11:19:14,033 - pipeline - WARNING -   - data_performance_results.json -> Data Performance -> 5G AUTO DP -> Udp Test -> DL -> UDP Download Task at 400 Mbps for 10 seconds -> Poor -> DUT -> Throughput -> Outliers -> Empty List
2026-03-09 11:19:14,034 - pipeline - WARNING -   - data_performance_results.json -> Data Performance -> 5G AUTO DP -> Udp Test -> DL -> UDP Download Task at 400 Mbps for 10 seconds -> Poor -> REF -> Throughput -> Outliers -> Empty List
2026-03-09 11:19:14,034 - pipeline - WARNING -   - data_performance_results.json -> Data Performance -> 5G AUTO DP -> Udp Test -> UL -> UDP Upload Task at 10 Mbps for 10 seconds -> Good -> REF -> Throughput -> Outliers -> Empty List
2026-03-09 11:19:14,034 - pipeline - WARNING -   - data_performance_results.json -> Data Performance -> 5G AUTO DP -> Udp Test -> UL -> UDP Upload Task at 10 Mbps for 10 seconds -> Moderate -> DUT -> Throughput -> Outliers -> Empty List
2026-03-09 11:19:14,035 - pipeline - WARNING -   - data_performance_results.json -> Data Performance -> 5G AUTO DP -> Udp Test -> UL -> UDP Upload Task at 10 Mbps for 10 seconds -> Poor -> DUT -> Throughput -> Outliers -> Empty List
2026-03-09 11:19:14,035 - pipeline - WARNING -   - data_performance_results.json -> Data Performance -> 5G AUTO DP -> Udp Test -> UL -> UDP Upload Task at 10 Mbps for 10 seconds -> Poor -> REF -> Throughput -> Outliers -> Empty List
2026-03-09 11:19:14,035 - pipeline - WARNING -   - data_performance_results.json -> Data Performance -> 5G AUTO DP -> Udp Test -> UL -> UDP Upload Task at 20 Mbps for 10 seconds -> Good -> REF -> Throughput -> Outliers -> Empty List
2026-03-09 11:19:14,035 - pipeline - WARNING -   - data_performance_results.json -> Data Performance -> 5G AUTO DP -> Udp Test -> UL -> UDP Upload Task at 20 Mbps for 10 seconds -> Moderate -> REF -> Throughput -> Outliers -> Empty List
2026-03-09 11:19:14,036 - pipeline - WARNING -   - data_performance_results.json -> Data Performance -> 5G AUTO DP -> Udp Test -> UL -> UDP Upload Task at 20 Mbps for 10 seconds -> Poor -> DUT -> Throughput -> Outliers -> Empty List
2026-03-09 11:19:14,036 - pipeline - WARNING -   - data_performance_results.json -> Data Performance -> 5G NSA DP -> HTTP Multi Stream -> DL -> Poor -> DUT -> Throughput -> Outliers -> Empty List
2026-03-09 11:19:14,036 - pipeline - WARNING -   - data_performance_results.json -> Data Performance -> 5G NSA DP -> HTTP Multi Stream -> DL -> Poor -> REF -> Throughput -> Outliers -> Empty List
2026-03-09 11:19:14,036 - pipeline - WARNING -   - data_performance_results.json -> Data Performance -> 5G NSA DP -> HTTP Multi Stream -> UL -> Moderate -> DUT -> Throughput -> Outliers -> Empty List
2026-03-09 11:19:14,037 - pipeline - WARNING -   - data_performance_results.json -> Data Performance -> 5G NSA DP -> HTTP Multi Stream -> UL -> Poor -> DUT -> Throughput -> Outliers -> Empty List
2026-03-09 11:19:14,037 - pipeline - WARNING -   - data_performance_results.json -> Data Performance -> 5G NSA DP -> HTTP Multi Stream -> UL -> Poor -> REF -> Throughput -> Outliers -> Empty List
2026-03-09 11:19:14,037 - pipeline - WARNING -   - data_performance_results.json -> Data Performance -> 5G NSA DP -> HTTP Single Stream -> DL -> Poor -> DUT -> Throughput -> Outliers -> Empty List
2026-03-09 11:19:14,037 - pipeline - WARNING -   - data_performance_results.json -> Data Performance -> 5G NSA DP -> HTTP Single Stream -> DL -> Poor -> REF -> Throughput -> Outliers -> Empty List
2026-03-09 11:19:14,038 - pipeline - WARNING -   - data_performance_results.json -> Data Performance -> 5G NSA DP -> HTTP Single Stream -> UL -> Moderate -> DUT -> Throughput -> Outliers -> Empty List
2026-03-09 11:19:14,038 - pipeline - WARNING -   - data_performance_results.json -> Data Performance -> 5G NSA DP -> Mobility Test -> REF -> DL Throughput -> Outliers -> Empty List
2026-03-09 11:19:14,038 - pipeline - WARNING -   - data_performance_results.json -> Data Performance -> 5G NSA DP -> Udp Test -> DL -> UDP Download Task at 200 Mbps for 10 seconds -> Poor -> REF -> Throughput -> Outliers -> Empty List
2026-03-09 11:19:14,038 - pipeline - WARNING -   - data_performance_results.json -> Data Performance -> 5G NSA DP -> Udp Test -> DL -> UDP Download Task at 400 Mbps for 10 seconds -> Moderate -> DUT -> Throughput -> Outliers -> Empty List
2026-03-09 11:19:14,039 - pipeline - WARNING -   - data_performance_results.json -> Data Performance -> 5G NSA DP -> Udp Test -> DL -> UDP Download Task at 400 Mbps for 10 seconds -> Moderate -> REF -> Throughput -> Outliers -> Empty List
2026-03-09 11:19:14,039 - pipeline - WARNING -   - data_performance_results.json -> Data Performance -> 5G NSA DP -> Udp Test -> DL -> UDP Download Task at 400 Mbps for 10 seconds -> Poor -> DUT -> Throughput -> Outliers -> Empty List
2026-03-09 11:19:14,039 - pipeline - WARNING -   - data_performance_results.json -> Data Performance -> 5G NSA DP -> Udp Test -> DL -> UDP Download Task at 400 Mbps for 10 seconds -> Poor -> REF -> Throughput -> Outliers -> Empty List
2026-03-09 11:19:14,039 - pipeline - WARNING -   - data_performance_results.json -> Data Performance -> 5G NSA DP -> Udp Test -> UL -> 5G NSA_UDP Upload Task at 20 Mbps for 10 seconds -> Poor -> DUT -> Throughput -> Outliers -> Empty List
2026-03-09 11:19:14,040 - pipeline - INFO - Pipeline execution completed. Results in: D:/ReportGenerator/report-generator-app/public/AnalyzeResults\#Huaqin\New York
2026-03-09 11:19:14,046 - pipeline - INFO - Project: #Huaqin
2026-03-09 11:19:14,046 - pipeline - INFO - Project: #Huaqin
2026-03-09 11:19:14,046 - pipeline - INFO - Market: Seattle
2026-03-09 11:19:14,046 - pipeline - INFO - Market: Seattle
2026-03-09 11:19:14,047 - pipeline - INFO - Reading from: D:/ReportGenerator/Raw Data\#Huaqin\Seattle
2026-03-09 11:19:14,047 - pipeline - INFO - Reading from: D:/ReportGenerator/Raw Data\#Huaqin\Seattle
2026-03-09 11:19:14,047 - pipeline - INFO - Writing to: D:/ReportGenerator/report-generator-app/public/AnalyzeResults\#Huaqin\Seattle
2026-03-09 11:19:14,047 - pipeline - INFO - Writing to: D:/ReportGenerator/report-generator-app/public/AnalyzeResults\#Huaqin\Seattle
2026-03-09 11:19:14,048 - pipeline - INFO - Starting analysis pipeline...
2026-03-09 11:19:14,048 - pipeline - INFO - Starting analysis pipeline...
2026-03-09 11:19:14,057 - pipeline - INFO - Grouping 179 CSV files by directory and device type...
2026-03-09 11:19:14,057 - pipeline - INFO - Grouping 179 CSV files by directory and device type...
2026-03-09 11:19:14,060 - pipeline - INFO - Created 136 file groups for analysis
2026-03-09 11:19:14,060 - pipeline - INFO - Created 136 file groups for analysis
2026-03-09 11:19:14,061 - pipeline - INFO - Analyzing 1 file(s) for DUT in 5G Auto Data Web-Kepler
2026-03-09 11:19:14,061 - pipeline - INFO - Analyzing 1 file(s) for DUT in 5G Auto Data Web-Kepler
2026-03-09 11:19:14,096 - pipeline - INFO - Analyzing 1 file(s) for REF in 5G Auto Data Web-Kepler
2026-03-09 11:19:14,096 - pipeline - INFO - Analyzing 1 file(s) for REF in 5G Auto Data Web-Kepler
2026-03-09 11:19:14,127 - pipeline - INFO - Analyzing 1 file(s) for DUT in Good
2026-03-09 11:19:14,127 - pipeline - INFO - Analyzing 1 file(s) for DUT in Good
2026-03-09 11:19:14,172 - pipeline - INFO - Analyzing 1 file(s) for REF in Good
2026-03-09 11:19:14,172 - pipeline - INFO - Analyzing 1 file(s) for REF in Good
2026-03-09 11:19:14,216 - pipeline - INFO - Analyzing 2 file(s) for DUT in Moderate
2026-03-09 11:19:14,216 - pipeline - INFO - Analyzing 2 file(s) for DUT in Moderate
2026-03-09 11:19:14,292 - pipeline - INFO - Analyzing 1 file(s) for REF in Moderate
2026-03-09 11:19:14,292 - pipeline - INFO - Analyzing 1 file(s) for REF in Moderate
2026-03-09 11:19:14,344 - pipeline - INFO - Analyzing 2 file(s) for DUT in Poor
2026-03-09 11:19:14,344 - pipeline - INFO - Analyzing 2 file(s) for DUT in Poor
2026-03-09 11:19:14,403 - pipeline - INFO - Analyzing 2 file(s) for REF in Poor
2026-03-09 11:19:14,403 - pipeline - INFO - Analyzing 2 file(s) for REF in Poor
2026-03-09 11:19:14,460 - pipeline - INFO - Analyzing 1 file(s) for DUT in Good
2026-03-09 11:19:14,460 - pipeline - INFO - Analyzing 1 file(s) for DUT in Good
2026-03-09 11:19:14,505 - pipeline - INFO - Analyzing 1 file(s) for REF in Good
2026-03-09 11:19:14,505 - pipeline - INFO - Analyzing 1 file(s) for REF in Good
2026-03-09 11:19:14,543 - pipeline - INFO - Analyzing 1 file(s) for DUT in Moderate
2026-03-09 11:19:14,543 - pipeline - INFO - Analyzing 1 file(s) for DUT in Moderate
2026-03-09 11:19:14,580 - pipeline - INFO - Analyzing 1 file(s) for REF in Moderate
2026-03-09 11:19:14,580 - pipeline - INFO - Analyzing 1 file(s) for REF in Moderate
2026-03-09 11:19:14,621 - pipeline - INFO - Analyzing 1 file(s) for DUT in Poor
2026-03-09 11:19:14,621 - pipeline - INFO - Analyzing 1 file(s) for DUT in Poor
2026-03-09 11:19:14,646 - pipeline - INFO - Analyzing 1 file(s) for REF in Poor
2026-03-09 11:19:14,646 - pipeline - INFO - Analyzing 1 file(s) for REF in Poor
2026-03-09 11:19:14,689 - pipeline - INFO - Analyzing 1 file(s) for DUT in Good
2026-03-09 11:19:14,689 - pipeline - INFO - Analyzing 1 file(s) for DUT in Good
2026-03-09 11:19:14,786 - pipeline - INFO - Analyzing 1 file(s) for REF in Good
2026-03-09 11:19:14,786 - pipeline - INFO - Analyzing 1 file(s) for REF in Good
2026-03-09 11:19:14,871 - pipeline - INFO - Analyzing 1 file(s) for DUT in Moderate
2026-03-09 11:19:14,871 - pipeline - INFO - Analyzing 1 file(s) for DUT in Moderate
2026-03-09 11:19:14,946 - pipeline - INFO - Analyzing 1 file(s) for REF in Moderate
2026-03-09 11:19:14,946 - pipeline - INFO - Analyzing 1 file(s) for REF in Moderate
2026-03-09 11:19:15,009 - pipeline - INFO - Analyzing 1 file(s) for DUT in Poor
2026-03-09 11:19:15,009 - pipeline - INFO - Analyzing 1 file(s) for DUT in Poor
2026-03-09 11:19:15,091 - pipeline - INFO - Analyzing 1 file(s) for REF in Poor
2026-03-09 11:19:15,091 - pipeline - INFO - Analyzing 1 file(s) for REF in Poor
2026-03-09 11:19:15,176 - pipeline - INFO - Analyzing 1 file(s) for DUT in Good
2026-03-09 11:19:15,176 - pipeline - INFO - Analyzing 1 file(s) for DUT in Good
2026-03-09 11:19:15,213 - pipeline - INFO - Analyzing 1 file(s) for REF in Good
2026-03-09 11:19:15,213 - pipeline - INFO - Analyzing 1 file(s) for REF in Good
2026-03-09 11:19:15,241 - pipeline - INFO - Analyzing 1 file(s) for DUT in Moderate
2026-03-09 11:19:15,241 - pipeline - INFO - Analyzing 1 file(s) for DUT in Moderate
2026-03-09 11:19:15,284 - pipeline - INFO - Analyzing 1 file(s) for REF in Moderate
2026-03-09 11:19:15,284 - pipeline - INFO - Analyzing 1 file(s) for REF in Moderate
2026-03-09 11:19:15,315 - pipeline - INFO - Analyzing 1 file(s) for DUT in Poor
2026-03-09 11:19:15,315 - pipeline - INFO - Analyzing 1 file(s) for DUT in Poor
2026-03-09 11:19:15,348 - pipeline - INFO - Analyzing 1 file(s) for REF in Poor
2026-03-09 11:19:15,348 - pipeline - INFO - Analyzing 1 file(s) for REF in Poor
2026-03-09 11:19:15,377 - pipeline - INFO - Analyzing 2 file(s) for DUT in Moderate
2026-03-09 11:19:15,377 - pipeline - INFO - Analyzing 2 file(s) for DUT in Moderate
2026-03-09 11:19:15,445 - pipeline - INFO - Analyzing 2 file(s) for REF in Moderate
2026-03-09 11:19:15,445 - pipeline - INFO - Analyzing 2 file(s) for REF in Moderate
2026-03-09 11:19:15,518 - pipeline - INFO - Analyzing 2 file(s) for DUT in Poor
2026-03-09 11:19:15,518 - pipeline - INFO - Analyzing 2 file(s) for DUT in Poor
2026-03-09 11:19:15,594 - pipeline - INFO - Analyzing 2 file(s) for REF in Poor
2026-03-09 11:19:15,594 - pipeline - INFO - Analyzing 2 file(s) for REF in Poor
2026-03-09 11:19:15,673 - pipeline - INFO - Analyzing 1 file(s) for DUT in Moderate
2026-03-09 11:19:15,673 - pipeline - INFO - Analyzing 1 file(s) for DUT in Moderate
2026-03-09 11:19:15,724 - pipeline - INFO - Analyzing 1 file(s) for REF in Moderate
2026-03-09 11:19:15,724 - pipeline - INFO - Analyzing 1 file(s) for REF in Moderate
2026-03-09 11:19:15,778 - pipeline - INFO - Analyzing 1 file(s) for DUT in Poor
2026-03-09 11:19:15,778 - pipeline - INFO - Analyzing 1 file(s) for DUT in Poor
2026-03-09 11:19:15,837 - pipeline - INFO - Analyzing 1 file(s) for REF in Poor
2026-03-09 11:19:15,837 - pipeline - INFO - Analyzing 1 file(s) for REF in Poor
2026-03-09 11:19:15,884 - pipeline - INFO - Analyzing 1 file(s) for DUT in Moderate
2026-03-09 11:19:15,884 - pipeline - INFO - Analyzing 1 file(s) for DUT in Moderate
2026-03-09 11:19:15,970 - pipeline - INFO - Analyzing 1 file(s) for REF in Moderate
2026-03-09 11:19:15,970 - pipeline - INFO - Analyzing 1 file(s) for REF in Moderate
2026-03-09 11:19:16,049 - pipeline - INFO - Analyzing 2 file(s) for DUT in Poor
2026-03-09 11:19:16,049 - pipeline - INFO - Analyzing 2 file(s) for DUT in Poor
2026-03-09 11:19:16,136 - pipeline - INFO - Analyzing 2 file(s) for REF in Poor
2026-03-09 11:19:16,136 - pipeline - INFO - Analyzing 2 file(s) for REF in Poor
2026-03-09 11:19:16,228 - pipeline - INFO - Analyzing 1 file(s) for DUT in Moderate
2026-03-09 11:19:16,228 - pipeline - INFO - Analyzing 1 file(s) for DUT in Moderate
2026-03-09 11:19:16,254 - pipeline - INFO - Analyzing 1 file(s) for REF in Moderate
2026-03-09 11:19:16,254 - pipeline - INFO - Analyzing 1 file(s) for REF in Moderate
2026-03-09 11:19:16,276 - pipeline - INFO - Analyzing 2 file(s) for DUT in Poor
2026-03-09 11:19:16,276 - pipeline - INFO - Analyzing 2 file(s) for DUT in Poor
2026-03-09 11:19:16,317 - pipeline - INFO - Analyzing 2 file(s) for REF in Poor
2026-03-09 11:19:16,317 - pipeline - INFO - Analyzing 2 file(s) for REF in Poor
2026-03-09 11:19:16,351 - pipeline - INFO - Analyzing 1 file(s) for DUT in Moderate
2026-03-09 11:19:16,351 - pipeline - INFO - Analyzing 1 file(s) for DUT in Moderate
2026-03-09 11:19:16,408 - pipeline - INFO - Analyzing 1 file(s) for REF in Moderate
2026-03-09 11:19:16,408 - pipeline - INFO - Analyzing 1 file(s) for REF in Moderate
2026-03-09 11:19:16,461 - pipeline - INFO - Analyzing 2 file(s) for DUT in Poor
2026-03-09 11:19:16,461 - pipeline - INFO - Analyzing 2 file(s) for DUT in Poor
2026-03-09 11:19:16,546 - pipeline - INFO - Analyzing 2 file(s) for REF in Poor
2026-03-09 11:19:16,546 - pipeline - INFO - Analyzing 2 file(s) for REF in Poor
2026-03-09 11:19:16,624 - pipeline - INFO - Analyzing 1 file(s) for DUT in Moderate
2026-03-09 11:19:16,624 - pipeline - INFO - Analyzing 1 file(s) for DUT in Moderate
2026-03-09 11:19:16,698 - pipeline - INFO - Analyzing 1 file(s) for REF in Moderate
2026-03-09 11:19:16,698 - pipeline - INFO - Analyzing 1 file(s) for REF in Moderate
2026-03-09 11:19:16,753 - pipeline - INFO - Analyzing 2 file(s) for DUT in Poor
2026-03-09 11:19:16,753 - pipeline - INFO - Analyzing 2 file(s) for DUT in Poor
2026-03-09 11:19:16,820 - pipeline - INFO - Analyzing 2 file(s) for REF in Poor
2026-03-09 11:19:16,820 - pipeline - INFO - Analyzing 2 file(s) for REF in Poor
2026-03-09 11:19:16,891 - pipeline - INFO - Analyzing 3 file(s) for DUT in Moderate
2026-03-09 11:19:16,891 - pipeline - INFO - Analyzing 3 file(s) for DUT in Moderate
2026-03-09 11:19:17,009 - pipeline - INFO - Analyzing 3 file(s) for REF in Moderate
2026-03-09 11:19:17,009 - pipeline - INFO - Analyzing 3 file(s) for REF in Moderate
2026-03-09 11:19:17,142 - pipeline - INFO - Analyzing 2 file(s) for DUT in Poor
2026-03-09 11:19:17,142 - pipeline - INFO - Analyzing 2 file(s) for DUT in Poor
2026-03-09 11:19:17,217 - pipeline - INFO - Analyzing 2 file(s) for REF in Poor
2026-03-09 11:19:17,217 - pipeline - INFO - Analyzing 2 file(s) for REF in Poor
2026-03-09 11:19:17,297 - pipeline - INFO - Analyzing 1 file(s) for DUT in Moderate
2026-03-09 11:19:17,297 - pipeline - INFO - Analyzing 1 file(s) for DUT in Moderate
2026-03-09 11:19:17,357 - pipeline - INFO - Analyzing 1 file(s) for REF in Moderate
2026-03-09 11:19:17,357 - pipeline - INFO - Analyzing 1 file(s) for REF in Moderate
2026-03-09 11:19:17,404 - pipeline - INFO - Analyzing 2 file(s) for DUT in Poor
2026-03-09 11:19:17,404 - pipeline - INFO - Analyzing 2 file(s) for DUT in Poor
2026-03-09 11:19:17,466 - pipeline - INFO - Analyzing 2 file(s) for REF in Poor
2026-03-09 11:19:17,466 - pipeline - INFO - Analyzing 2 file(s) for REF in Poor
2026-03-09 11:19:17,522 - pipeline - INFO - Analyzing 1 file(s) for DUT in Moderate
2026-03-09 11:19:17,522 - pipeline - INFO - Analyzing 1 file(s) for DUT in Moderate
2026-03-09 11:19:17,580 - pipeline - INFO - Analyzing 1 file(s) for REF in Moderate
2026-03-09 11:19:17,580 - pipeline - INFO - Analyzing 1 file(s) for REF in Moderate
2026-03-09 11:19:17,630 - pipeline - INFO - Analyzing 1 file(s) for DUT in Poor
2026-03-09 11:19:17,630 - pipeline - INFO - Analyzing 1 file(s) for DUT in Poor
2026-03-09 11:19:17,690 - pipeline - INFO - Analyzing 1 file(s) for REF in Poor
2026-03-09 11:19:17,690 - pipeline - INFO - Analyzing 1 file(s) for REF in Poor
2026-03-09 11:19:17,740 - pipeline - INFO - Analyzing 1 file(s) for DUT in 5G Auto Data Test Drive
2026-03-09 11:19:17,740 - pipeline - INFO - Analyzing 1 file(s) for DUT in 5G Auto Data Test Drive
2026-03-09 11:19:18,057 - pipeline - INFO - Analyzing 1 file(s) for REF in 5G Auto Data Test Drive
2026-03-09 11:19:18,057 - pipeline - INFO - Analyzing 1 file(s) for REF in 5G Auto Data Test Drive
2026-03-09 11:19:18,392 - pipeline - INFO - Analyzing 1 file(s) for DUT in Good
2026-03-09 11:19:18,392 - pipeline - INFO - Analyzing 1 file(s) for DUT in Good
2026-03-09 11:19:18,446 - pipeline - INFO - Analyzing 1 file(s) for REF in Good
2026-03-09 11:19:18,446 - pipeline - INFO - Analyzing 1 file(s) for REF in Good
2026-03-09 11:19:18,498 - pipeline - INFO - Analyzing 1 file(s) for DUT in Moderate
2026-03-09 11:19:18,498 - pipeline - INFO - Analyzing 1 file(s) for DUT in Moderate
2026-03-09 11:19:18,557 - pipeline - INFO - Analyzing 1 file(s) for REF in Moderate
2026-03-09 11:19:18,557 - pipeline - INFO - Analyzing 1 file(s) for REF in Moderate
2026-03-09 11:19:18,614 - pipeline - INFO - Analyzing 1 file(s) for DUT in Good
2026-03-09 11:19:18,614 - pipeline - INFO - Analyzing 1 file(s) for DUT in Good
2026-03-09 11:19:18,683 - pipeline - INFO - Analyzing 1 file(s) for REF in Good
2026-03-09 11:19:18,683 - pipeline - INFO - Analyzing 1 file(s) for REF in Good
2026-03-09 11:19:18,739 - pipeline - INFO - Analyzing 1 file(s) for DUT in Moderate
2026-03-09 11:19:18,739 - pipeline - INFO - Analyzing 1 file(s) for DUT in Moderate
2026-03-09 11:19:18,795 - pipeline - INFO - Analyzing 1 file(s) for REF in Moderate
2026-03-09 11:19:18,795 - pipeline - INFO - Analyzing 1 file(s) for REF in Moderate
2026-03-09 11:19:18,858 - pipeline - INFO - Analyzing 1 file(s) for DUT in Poor
2026-03-09 11:19:18,858 - pipeline - INFO - Analyzing 1 file(s) for DUT in Poor
2026-03-09 11:19:18,918 - pipeline - INFO - Analyzing 1 file(s) for REF in Poor
2026-03-09 11:19:18,918 - pipeline - INFO - Analyzing 1 file(s) for REF in Poor
2026-03-09 11:19:18,978 - pipeline - INFO - Analyzing 1 file(s) for DUT in Good
2026-03-09 11:19:18,978 - pipeline - INFO - Analyzing 1 file(s) for DUT in Good
2026-03-09 11:19:19,042 - pipeline - INFO - Analyzing 1 file(s) for REF in Good
2026-03-09 11:19:19,042 - pipeline - INFO - Analyzing 1 file(s) for REF in Good
2026-03-09 11:19:19,100 - pipeline - INFO - Analyzing 1 file(s) for DUT in Moderate
2026-03-09 11:19:19,100 - pipeline - INFO - Analyzing 1 file(s) for DUT in Moderate
2026-03-09 11:19:19,158 - pipeline - INFO - Analyzing 1 file(s) for REF in Moderate
2026-03-09 11:19:19,158 - pipeline - INFO - Analyzing 1 file(s) for REF in Moderate
2026-03-09 11:19:19,220 - pipeline - INFO - Analyzing 1 file(s) for DUT in Poor
2026-03-09 11:19:19,220 - pipeline - INFO - Analyzing 1 file(s) for DUT in Poor
2026-03-09 11:19:19,294 - pipeline - INFO - Analyzing 1 file(s) for REF in Poor
2026-03-09 11:19:19,294 - pipeline - INFO - Analyzing 1 file(s) for REF in Poor
2026-03-09 11:19:19,357 - pipeline - INFO - Analyzing 1 file(s) for DUT in Good
2026-03-09 11:19:19,357 - pipeline - INFO - Analyzing 1 file(s) for DUT in Good
2026-03-09 11:19:19,409 - pipeline - INFO - Analyzing 1 file(s) for REF in Good
2026-03-09 11:19:19,409 - pipeline - INFO - Analyzing 1 file(s) for REF in Good
2026-03-09 11:19:19,458 - pipeline - INFO - Analyzing 1 file(s) for DUT in Moderate
2026-03-09 11:19:19,458 - pipeline - INFO - Analyzing 1 file(s) for DUT in Moderate
2026-03-09 11:19:19,514 - pipeline - INFO - Analyzing 1 file(s) for REF in Moderate
2026-03-09 11:19:19,514 - pipeline - INFO - Analyzing 1 file(s) for REF in Moderate
2026-03-09 11:19:19,565 - pipeline - INFO - Analyzing 1 file(s) for DUT in Poor
2026-03-09 11:19:19,565 - pipeline - INFO - Analyzing 1 file(s) for DUT in Poor
2026-03-09 11:19:19,623 - pipeline - INFO - Analyzing 1 file(s) for REF in Poor
2026-03-09 11:19:19,623 - pipeline - INFO - Analyzing 1 file(s) for REF in Poor
2026-03-09 11:19:19,676 - pipeline - INFO - Analyzing 1 file(s) for DUT in Good
2026-03-09 11:19:19,676 - pipeline - INFO - Analyzing 1 file(s) for DUT in Good
2026-03-09 11:19:19,733 - pipeline - INFO - Analyzing 1 file(s) for REF in Good
2026-03-09 11:19:19,733 - pipeline - INFO - Analyzing 1 file(s) for REF in Good
2026-03-09 11:19:19,780 - pipeline - INFO - Analyzing 1 file(s) for DUT in Moderate
2026-03-09 11:19:19,780 - pipeline - INFO - Analyzing 1 file(s) for DUT in Moderate
2026-03-09 11:19:19,832 - pipeline - INFO - Analyzing 1 file(s) for REF in Moderate
2026-03-09 11:19:19,832 - pipeline - INFO - Analyzing 1 file(s) for REF in Moderate
2026-03-09 11:19:19,884 - pipeline - INFO - Analyzing 1 file(s) for DUT in Poor
2026-03-09 11:19:19,884 - pipeline - INFO - Analyzing 1 file(s) for DUT in Poor
2026-03-09 11:19:19,940 - pipeline - INFO - Analyzing 1 file(s) for REF in Poor
2026-03-09 11:19:19,940 - pipeline - INFO - Analyzing 1 file(s) for REF in Poor
2026-03-09 11:19:20,002 - pipeline - INFO - Analyzing 1 file(s) for DUT in Moderate
2026-03-09 11:19:20,002 - pipeline - INFO - Analyzing 1 file(s) for DUT in Moderate
2026-03-09 11:19:20,046 - pipeline - INFO - Analyzing 1 file(s) for REF in Moderate
2026-03-09 11:19:20,046 - pipeline - INFO - Analyzing 1 file(s) for REF in Moderate
2026-03-09 11:19:20,096 - pipeline - INFO - Analyzing 2 file(s) for DUT in Poor
2026-03-09 11:19:20,096 - pipeline - INFO - Analyzing 2 file(s) for DUT in Poor
2026-03-09 11:19:20,172 - pipeline - INFO - Analyzing 2 file(s) for REF in Poor
2026-03-09 11:19:20,172 - pipeline - INFO - Analyzing 2 file(s) for REF in Poor
2026-03-09 11:19:20,252 - pipeline - INFO - Analyzing 1 file(s) for DUT in Moderate
2026-03-09 11:19:20,252 - pipeline - INFO - Analyzing 1 file(s) for DUT in Moderate
2026-03-09 11:19:20,290 - pipeline - INFO - Analyzing 1 file(s) for REF in Moderate
2026-03-09 11:19:20,290 - pipeline - INFO - Analyzing 1 file(s) for REF in Moderate
2026-03-09 11:19:20,330 - pipeline - INFO - Analyzing 1 file(s) for DUT in Poor
2026-03-09 11:19:20,330 - pipeline - INFO - Analyzing 1 file(s) for DUT in Poor
2026-03-09 11:19:20,366 - pipeline - INFO - Analyzing 1 file(s) for REF in Poor
2026-03-09 11:19:20,366 - pipeline - INFO - Analyzing 1 file(s) for REF in Poor
2026-03-09 11:19:20,404 - pipeline - INFO - Analyzing 2 file(s) for DUT in Moderate
2026-03-09 11:19:20,404 - pipeline - INFO - Analyzing 2 file(s) for DUT in Moderate
2026-03-09 11:19:20,479 - pipeline - INFO - Analyzing 2 file(s) for REF in Moderate
2026-03-09 11:19:20,479 - pipeline - INFO - Analyzing 2 file(s) for REF in Moderate
2026-03-09 11:19:20,552 - pipeline - INFO - Analyzing 1 file(s) for DUT in Poor
2026-03-09 11:19:20,552 - pipeline - INFO - Analyzing 1 file(s) for DUT in Poor
2026-03-09 11:19:20,637 - pipeline - INFO - Analyzing 1 file(s) for REF in Poor
2026-03-09 11:19:20,637 - pipeline - INFO - Analyzing 1 file(s) for REF in Poor
2026-03-09 11:19:20,702 - pipeline - INFO - Analyzing 2 file(s) for DUT in Moderate
2026-03-09 11:19:20,702 - pipeline - INFO - Analyzing 2 file(s) for DUT in Moderate
2026-03-09 11:19:20,735 - pipeline - INFO - Analyzing 2 file(s) for REF in Moderate
2026-03-09 11:19:20,735 - pipeline - INFO - Analyzing 2 file(s) for REF in Moderate
2026-03-09 11:19:20,770 - pipeline - INFO - Analyzing 1 file(s) for DUT in Poor
2026-03-09 11:19:20,770 - pipeline - INFO - Analyzing 1 file(s) for DUT in Poor
2026-03-09 11:19:20,804 - pipeline - INFO - Analyzing 1 file(s) for REF in Poor
2026-03-09 11:19:20,804 - pipeline - INFO - Analyzing 1 file(s) for REF in Poor
2026-03-09 11:19:20,832 - pipeline - INFO - Analyzing 1 file(s) for DUT in Mobility Test
2026-03-09 11:19:20,832 - pipeline - INFO - Analyzing 1 file(s) for DUT in Mobility Test
2026-03-09 11:19:21,215 - pipeline - INFO - Analyzing 1 file(s) for REF in Mobility Test
2026-03-09 11:19:21,215 - pipeline - INFO - Analyzing 1 file(s) for REF in Mobility Test
2026-03-09 11:19:21,556 - pipeline - INFO - Analyzing 1 file(s) for DUT in Moderate
2026-03-09 11:19:21,556 - pipeline - INFO - Analyzing 1 file(s) for DUT in Moderate
2026-03-09 11:19:21,614 - pipeline - INFO - Analyzing 1 file(s) for REF in Moderate
2026-03-09 11:19:21,614 - pipeline - INFO - Analyzing 1 file(s) for REF in Moderate
2026-03-09 11:19:21,669 - pipeline - INFO - Analyzing 1 file(s) for DUT in Poor
2026-03-09 11:19:21,669 - pipeline - INFO - Analyzing 1 file(s) for DUT in Poor
2026-03-09 11:19:21,723 - pipeline - INFO - Analyzing 1 file(s) for REF in Poor
2026-03-09 11:19:21,723 - pipeline - INFO - Analyzing 1 file(s) for REF in Poor
2026-03-09 11:19:21,779 - pipeline - INFO - Analyzing 1 file(s) for DUT in Moderate
2026-03-09 11:19:21,779 - pipeline - INFO - Analyzing 1 file(s) for DUT in Moderate
2026-03-09 11:19:21,839 - pipeline - INFO - Analyzing 1 file(s) for REF in Moderate
2026-03-09 11:19:21,839 - pipeline - INFO - Analyzing 1 file(s) for REF in Moderate
2026-03-09 11:19:21,900 - pipeline - INFO - Analyzing 1 file(s) for DUT in Poor
2026-03-09 11:19:21,900 - pipeline - INFO - Analyzing 1 file(s) for DUT in Poor
2026-03-09 11:19:21,957 - pipeline - INFO - Analyzing 1 file(s) for REF in Poor
2026-03-09 11:19:21,957 - pipeline - INFO - Analyzing 1 file(s) for REF in Poor
2026-03-09 11:19:22,017 - pipeline - INFO - Analyzing 2 file(s) for DUT in Moderate
2026-03-09 11:19:22,017 - pipeline - INFO - Analyzing 2 file(s) for DUT in Moderate
2026-03-09 11:19:22,107 - pipeline - INFO - Analyzing 2 file(s) for REF in Moderate
2026-03-09 11:19:22,107 - pipeline - INFO - Analyzing 2 file(s) for REF in Moderate
2026-03-09 11:19:22,203 - pipeline - INFO - Analyzing 1 file(s) for DUT in Poor
2026-03-09 11:19:22,203 - pipeline - INFO - Analyzing 1 file(s) for DUT in Poor
2026-03-09 11:19:22,281 - pipeline - INFO - Analyzing 1 file(s) for REF in Poor
2026-03-09 11:19:22,281 - pipeline - INFO - Analyzing 1 file(s) for REF in Poor
2026-03-09 11:19:22,356 - pipeline - INFO - Analyzing 1 file(s) for DUT in Moderate
2026-03-09 11:19:22,356 - pipeline - INFO - Analyzing 1 file(s) for DUT in Moderate
2026-03-09 11:19:22,412 - pipeline - INFO - Analyzing 1 file(s) for REF in Moderate
2026-03-09 11:19:22,412 - pipeline - INFO - Analyzing 1 file(s) for REF in Moderate
2026-03-09 11:19:22,470 - pipeline - INFO - Analyzing 1 file(s) for DUT in Poor
2026-03-09 11:19:22,470 - pipeline - INFO - Analyzing 1 file(s) for DUT in Poor
2026-03-09 11:19:22,523 - pipeline - INFO - Analyzing 1 file(s) for REF in Poor
2026-03-09 11:19:22,523 - pipeline - INFO - Analyzing 1 file(s) for REF in Poor
2026-03-09 11:19:22,588 - pipeline - INFO - Analyzing 1 file(s) for DUT in Moderate
2026-03-09 11:19:22,588 - pipeline - INFO - Analyzing 1 file(s) for DUT in Moderate
2026-03-09 11:19:22,666 - pipeline - INFO - Analyzing 1 file(s) for REF in Moderate
2026-03-09 11:19:22,666 - pipeline - INFO - Analyzing 1 file(s) for REF in Moderate
2026-03-09 11:19:22,735 - pipeline - INFO - Analyzing 1 file(s) for DUT in Poor
2026-03-09 11:19:22,735 - pipeline - INFO - Analyzing 1 file(s) for DUT in Poor
2026-03-09 11:19:22,813 - pipeline - INFO - Analyzing 1 file(s) for REF in Poor
2026-03-09 11:19:22,813 - pipeline - INFO - Analyzing 1 file(s) for REF in Poor
2026-03-09 11:19:22,870 - pipeline - INFO - Processing directory-level analyses...
2026-03-09 11:19:22,870 - pipeline - INFO - Processing directory-level analyses...
2026-03-09 11:19:22,871 - pipeline - INFO - Analyzing Coverage directory: D:/ReportGenerator/Raw Data\#Huaqin\Seattle\Coverage Performance (Type: coverage_coordinate)
2026-03-09 11:19:22,871 - pipeline - INFO - Analyzing Coverage directory: D:/ReportGenerator/Raw Data\#Huaqin\Seattle\Coverage Performance (Type: coverage_coordinate)
2026-03-09 11:19:22,872 - pipeline - INFO - Analyzing Coverage directory: D:/ReportGenerator/Raw Data\#Huaqin\Seattle\Coverage Performance/5G n41 HPUE Coverage Test (Type: n41_coverage)
2026-03-09 11:19:22,872 - pipeline - INFO - Analyzing Coverage directory: D:/ReportGenerator/Raw Data\#Huaqin\Seattle\Coverage Performance/5G n41 HPUE Coverage Test (Type: n41_coverage)
2026-03-09 11:19:23,620 - pipeline - INFO - Analyzing Coverage directory: D:/ReportGenerator/Raw Data\#Huaqin\Seattle\Coverage Performance/5G VoNR Coverage Test (Type: vonr_coverage_performance)
2026-03-09 11:19:23,620 - pipeline - INFO - Analyzing Coverage directory: D:/ReportGenerator/Raw Data\#Huaqin\Seattle\Coverage Performance/5G VoNR Coverage Test (Type: vonr_coverage_performance)
2026-03-09 11:19:24,437 - pipeline - INFO - Running timeline analysis for: Coverage Performance/5G VoNR Coverage Test
2026-03-09 11:19:24,437 - pipeline - INFO - Running timeline analysis for: Coverage Performance/5G VoNR Coverage Test
2026-03-09 11:19:24,438 - pipeline - INFO - Analyzing Coverage directory: D:/ReportGenerator/Raw Data\#Huaqin\Seattle\Coverage Performance/5G VoNR Coverage Test (Type: coverage_timeline)
2026-03-09 11:19:24,438 - pipeline - INFO - Analyzing Coverage directory: D:/ReportGenerator/Raw Data\#Huaqin\Seattle\Coverage Performance/5G VoNR Coverage Test (Type: coverage_timeline)
2026-03-09 11:19:24,438 - pipeline - INFO - Analyzing Coverage Timeline for: D:/ReportGenerator/Raw Data\#Huaqin\Seattle\Coverage Performance/5G VoNR Coverage Test
2026-03-09 11:19:24,438 - pipeline - INFO - Analyzing Coverage Timeline for: D:/ReportGenerator/Raw Data\#Huaqin\Seattle\Coverage Performance/5G VoNR Coverage Test
2026-03-09 11:19:24,439 - pipeline - INFO - Processing rsrp timeline...
2026-03-09 11:19:24,439 - pipeline - INFO - Processing rsrp timeline...
2026-03-09 11:19:24,931 - pipeline - INFO - Processing sinr timeline...
2026-03-09 11:19:24,931 - pipeline - INFO - Processing sinr timeline...
2026-03-09 11:19:25,455 - pipeline - INFO - Processing txpower timeline...
2026-03-09 11:19:25,455 - pipeline - INFO - Processing txpower timeline...
2026-03-09 11:19:25,981 - pipeline - INFO - Analyzing Coverage directory: D:/ReportGenerator/Raw Data\#Huaqin\Seattle\Coverage Performance/LTE Coverage Test (Type: vonr_coverage_performance)
2026-03-09 11:19:25,981 - pipeline - INFO - Analyzing Coverage directory: D:/ReportGenerator/Raw Data\#Huaqin\Seattle\Coverage Performance/LTE Coverage Test (Type: vonr_coverage_performance)
2026-03-09 11:19:25,981 - pipeline - INFO - Using Seattle_LTE coordinates for LTE Coverage Test
2026-03-09 11:19:25,981 - pipeline - INFO - Using Seattle_LTE coordinates for LTE Coverage Test
2026-03-09 11:19:26,991 - pipeline - INFO - Running timeline analysis for: Coverage Performance/LTE Coverage Test
2026-03-09 11:19:26,991 - pipeline - INFO - Running timeline analysis for: Coverage Performance/LTE Coverage Test
2026-03-09 11:19:26,991 - pipeline - INFO - Analyzing Coverage directory: D:/ReportGenerator/Raw Data\#Huaqin\Seattle\Coverage Performance/LTE Coverage Test (Type: coverage_timeline)
2026-03-09 11:19:26,991 - pipeline - INFO - Analyzing Coverage directory: D:/ReportGenerator/Raw Data\#Huaqin\Seattle\Coverage Performance/LTE Coverage Test (Type: coverage_timeline)
2026-03-09 11:19:26,992 - pipeline - INFO - Using Seattle_LTE coordinates for LTE Coverage Test
2026-03-09 11:19:26,992 - pipeline - INFO - Using Seattle_LTE coordinates for LTE Coverage Test
2026-03-09 11:19:26,993 - pipeline - INFO - Analyzing Coverage Timeline for: D:/ReportGenerator/Raw Data\#Huaqin\Seattle\Coverage Performance/LTE Coverage Test
2026-03-09 11:19:26,993 - pipeline - INFO - Analyzing Coverage Timeline for: D:/ReportGenerator/Raw Data\#Huaqin\Seattle\Coverage Performance/LTE Coverage Test
2026-03-09 11:19:26,994 - pipeline - INFO - Processing rsrp timeline...
2026-03-09 11:19:26,994 - pipeline - INFO - Processing rsrp timeline...
2026-03-09 11:19:27,255 - pipeline - INFO - Processing sinr timeline...
2026-03-09 11:19:27,255 - pipeline - INFO - Processing sinr timeline...
2026-03-09 11:19:27,535 - pipeline - INFO - Processing txpower timeline...
2026-03-09 11:19:27,535 - pipeline - INFO - Processing txpower timeline...
2026-03-09 11:19:27,851 - pipeline - INFO - Analyzing Google Throughput directory: D:/ReportGenerator/Raw Data\#Huaqin\Seattle\Data Performance/5G AUTO DP/5G Auto Data Play-store app Download
2026-03-09 11:19:27,851 - pipeline - INFO - Analyzing Google Throughput directory: D:/ReportGenerator/Raw Data\#Huaqin\Seattle\Data Performance/5G AUTO DP/5G Auto Data Play-store app Download
2026-03-09 11:19:27,852 - pipeline - INFO - Processing Play Store file: _20260302_152314_CH01_TMO_5G AUTO Play Store 60MB_SEA L1 DUT__1.csv (Size: 60M, Device: DUT, Location: Good)
2026-03-09 11:19:27,852 - pipeline - INFO - Processing Play Store file: _20260302_152314_CH01_TMO_5G AUTO Play Store 60MB_SEA L1 DUT__1.csv (Size: 60M, Device: DUT, Location: Good)
2026-03-09 11:19:27,878 - pipeline - INFO - Successfully analyzed _20260302_152314_CH01_TMO_5G AUTO Play Store 60MB_SEA L1 DUT__1.csv: 155.01473298059966
2026-03-09 11:19:27,878 - pipeline - INFO - Successfully analyzed _20260302_152314_CH01_TMO_5G AUTO Play Store 60MB_SEA L1 DUT__1.csv: 155.01473298059966
2026-03-09 11:19:27,879 - pipeline - INFO - Processing Play Store file: _20260302_152314_CH02_TMO_5G AUTO Play Store 60MB_SEA L1 REF__1.csv (Size: 60M, Device: REF, Location: Good)
2026-03-09 11:19:27,879 - pipeline - INFO - Processing Play Store file: _20260302_152314_CH02_TMO_5G AUTO Play Store 60MB_SEA L1 REF__1.csv (Size: 60M, Device: REF, Location: Good)
2026-03-09 11:19:27,893 - pipeline - INFO - Successfully analyzed _20260302_152314_CH02_TMO_5G AUTO Play Store 60MB_SEA L1 REF__1.csv: 305.6204
2026-03-09 11:19:27,893 - pipeline - INFO - Successfully analyzed _20260302_152314_CH02_TMO_5G AUTO Play Store 60MB_SEA L1 REF__1.csv: 305.6204
2026-03-09 11:19:27,894 - pipeline - INFO - Processing Play Store file: _20260302_153432_CH01_TMO_5G AUTO Play Store 100MB_SEA L1 DUT__1.csv (Size: 100M, Device: DUT, Location: Good)
2026-03-09 11:19:27,894 - pipeline - INFO - Processing Play Store file: _20260302_153432_CH01_TMO_5G AUTO Play Store 100MB_SEA L1 DUT__1.csv (Size: 100M, Device: DUT, Location: Good)
2026-03-09 11:19:27,922 - pipeline - INFO - Successfully analyzed _20260302_153432_CH01_TMO_5G AUTO Play Store 100MB_SEA L1 DUT__1.csv: 185.3697074829932
2026-03-09 11:19:27,922 - pipeline - INFO - Successfully analyzed _20260302_153432_CH01_TMO_5G AUTO Play Store 100MB_SEA L1 DUT__1.csv: 185.3697074829932
2026-03-09 11:19:27,924 - pipeline - INFO - Processing Play Store file: _20260302_153432_CH02_TMO_5G AUTO Play Store 100MB_SEA L1 REF__1.csv (Size: 100M, Device: REF, Location: Good)
2026-03-09 11:19:27,924 - pipeline - INFO - Processing Play Store file: _20260302_153432_CH02_TMO_5G AUTO Play Store 100MB_SEA L1 REF__1.csv (Size: 100M, Device: REF, Location: Good)
2026-03-09 11:19:27,931 - pipeline - INFO - Successfully analyzed _20260302_153432_CH02_TMO_5G AUTO Play Store 100MB_SEA L1 REF__1.csv: 290.9585
2026-03-09 11:19:27,931 - pipeline - INFO - Successfully analyzed _20260302_153432_CH02_TMO_5G AUTO Play Store 100MB_SEA L1 REF__1.csv: 290.9585
2026-03-09 11:19:27,931 - pipeline - INFO - Processing Play Store file: _20260302_155139_CH01_TMO_5G AUTO Play Store 30MB_SEA L1 DUT__1.csv (Size: 30M, Device: DUT, Location: Good)
2026-03-09 11:19:27,931 - pipeline - INFO - Processing Play Store file: _20260302_155139_CH01_TMO_5G AUTO Play Store 30MB_SEA L1 DUT__1.csv (Size: 30M, Device: DUT, Location: Good)
2026-03-09 11:19:27,949 - pipeline - INFO - Successfully analyzed _20260302_155139_CH01_TMO_5G AUTO Play Store 30MB_SEA L1 DUT__1.csv: 94.57255555555555
2026-03-09 11:19:27,949 - pipeline - INFO - Successfully analyzed _20260302_155139_CH01_TMO_5G AUTO Play Store 30MB_SEA L1 DUT__1.csv: 94.57255555555555
2026-03-09 11:19:27,950 - pipeline - INFO - Processing Play Store file: _20260302_155139_CH02_TMO_5G AUTO Play Store 30MB_SEA L1 REF__1.csv (Size: 30M, Device: REF, Location: Good)
2026-03-09 11:19:27,950 - pipeline - INFO - Processing Play Store file: _20260302_155139_CH02_TMO_5G AUTO Play Store 30MB_SEA L1 REF__1.csv (Size: 30M, Device: REF, Location: Good)
2026-03-09 11:19:27,960 - pipeline - INFO - Successfully analyzed _20260302_155139_CH02_TMO_5G AUTO Play Store 30MB_SEA L1 REF__1.csv: 267.7238
2026-03-09 11:19:27,960 - pipeline - INFO - Successfully analyzed _20260302_155139_CH02_TMO_5G AUTO Play Store 30MB_SEA L1 REF__1.csv: 267.7238
2026-03-09 11:19:27,961 - pipeline - INFO - Processing Play Store file: _20260301_170456_CH01_TMO_5G AUTO_Play Store 30MB_SEA L2 DUT_.csv (Size: 30M, Device: DUT, Location: Moderate)
2026-03-09 11:19:27,961 - pipeline - INFO - Processing Play Store file: _20260301_170456_CH01_TMO_5G AUTO_Play Store 30MB_SEA L2 DUT_.csv (Size: 30M, Device: DUT, Location: Moderate)
2026-03-09 11:19:27,989 - pipeline - INFO - Successfully analyzed _20260301_170456_CH01_TMO_5G AUTO_Play Store 30MB_SEA L2 DUT_.csv: 34.51459145103263
2026-03-09 11:19:27,989 - pipeline - INFO - Successfully analyzed _20260301_170456_CH01_TMO_5G AUTO_Play Store 30MB_SEA L2 DUT_.csv: 34.51459145103263
2026-03-09 11:19:27,990 - pipeline - INFO - Processing Play Store file: _20260301_170456_CH02_TMO_5G AUTO_Play Store 30MB_SEA L2 REF_.csv (Size: 30M, Device: REF, Location: Moderate)
2026-03-09 11:19:27,990 - pipeline - INFO - Processing Play Store file: _20260301_170456_CH02_TMO_5G AUTO_Play Store 30MB_SEA L2 REF_.csv (Size: 30M, Device: REF, Location: Moderate)
2026-03-09 11:19:28,005 - pipeline - INFO - Successfully analyzed _20260301_170456_CH02_TMO_5G AUTO_Play Store 30MB_SEA L2 REF_.csv: 16.48732008565802
2026-03-09 11:19:28,005 - pipeline - INFO - Successfully analyzed _20260301_170456_CH02_TMO_5G AUTO_Play Store 30MB_SEA L2 REF_.csv: 16.48732008565802
2026-03-09 11:19:28,006 - pipeline - INFO - Processing Play Store file: _20260301_172130_CH01_TMO_5G AUTO_Play Store 60MB_SEA L2 DUT_.csv (Size: 60M, Device: DUT, Location: Moderate)
2026-03-09 11:19:28,006 - pipeline - INFO - Processing Play Store file: _20260301_172130_CH01_TMO_5G AUTO_Play Store 60MB_SEA L2 DUT_.csv (Size: 60M, Device: DUT, Location: Moderate)
2026-03-09 11:19:28,033 - pipeline - INFO - Successfully analyzed _20260301_172130_CH01_TMO_5G AUTO_Play Store 60MB_SEA L2 DUT_.csv: 45.46115495082695
2026-03-09 11:19:28,033 - pipeline - INFO - Successfully analyzed _20260301_172130_CH01_TMO_5G AUTO_Play Store 60MB_SEA L2 DUT_.csv: 45.46115495082695
2026-03-09 11:19:28,034 - pipeline - INFO - Processing Play Store file: _20260301_172130_CH02_TMO_5G AUTO_Play Store 60MB_SEA L2 REF_.csv (Size: 60M, Device: REF, Location: Moderate)
2026-03-09 11:19:28,034 - pipeline - INFO - Processing Play Store file: _20260301_172130_CH02_TMO_5G AUTO_Play Store 60MB_SEA L2 REF_.csv (Size: 60M, Device: REF, Location: Moderate)
2026-03-09 11:19:28,061 - pipeline - INFO - Successfully analyzed _20260301_172130_CH02_TMO_5G AUTO_Play Store 60MB_SEA L2 REF_.csv: 21.70656079333675
2026-03-09 11:19:28,061 - pipeline - INFO - Successfully analyzed _20260301_172130_CH02_TMO_5G AUTO_Play Store 60MB_SEA L2 REF_.csv: 21.70656079333675
2026-03-09 11:19:28,062 - pipeline - INFO - Processing Play Store file: _20260301_174915_CH01_TMO_5G AUTO_Play Store 100MB_SEA L2 DUT_.csv (Size: 100M, Device: DUT, Location: Moderate)
2026-03-09 11:19:28,062 - pipeline - INFO - Processing Play Store file: _20260301_174915_CH01_TMO_5G AUTO_Play Store 100MB_SEA L2 DUT_.csv (Size: 100M, Device: DUT, Location: Moderate)
2026-03-09 11:19:28,085 - pipeline - INFO - Successfully analyzed _20260301_174915_CH01_TMO_5G AUTO_Play Store 100MB_SEA L2 DUT_.csv: 52.55326158912571
2026-03-09 11:19:28,085 - pipeline - INFO - Successfully analyzed _20260301_174915_CH01_TMO_5G AUTO_Play Store 100MB_SEA L2 DUT_.csv: 52.55326158912571
2026-03-09 11:19:28,086 - pipeline - INFO - Processing Play Store file: _20260301_174915_CH02_TMO_5G AUTO_Play Store 100MB_SEA L2 REF_.csv (Size: 100M, Device: REF, Location: Moderate)
2026-03-09 11:19:28,086 - pipeline - INFO - Processing Play Store file: _20260301_174915_CH02_TMO_5G AUTO_Play Store 100MB_SEA L2 REF_.csv (Size: 100M, Device: REF, Location: Moderate)
2026-03-09 11:19:28,108 - pipeline - INFO - Successfully analyzed _20260301_174915_CH02_TMO_5G AUTO_Play Store 100MB_SEA L2 REF_.csv: 25.50025299263049
2026-03-09 11:19:28,108 - pipeline - INFO - Successfully analyzed _20260301_174915_CH02_TMO_5G AUTO_Play Store 100MB_SEA L2 REF_.csv: 25.50025299263049
2026-03-09 11:19:28,109 - pipeline - INFO - Processing Play Store file: _20260305_133728_CH01_TMO_5G AUTO_Play Store 30 MB_SEA L3 DUT_.csv (Size: 30M, Device: DUT, Location: Poor)
2026-03-09 11:19:28,109 - pipeline - INFO - Processing Play Store file: _20260305_133728_CH01_TMO_5G AUTO_Play Store 30 MB_SEA L3 DUT_.csv (Size: 30M, Device: DUT, Location: Poor)
2026-03-09 11:19:28,125 - pipeline - INFO - Successfully analyzed _20260305_133728_CH01_TMO_5G AUTO_Play Store 30 MB_SEA L3 DUT_.csv: 4.407930210072966
2026-03-09 11:19:28,125 - pipeline - INFO - Successfully analyzed _20260305_133728_CH01_TMO_5G AUTO_Play Store 30 MB_SEA L3 DUT_.csv: 4.407930210072966
2026-03-09 11:19:28,126 - pipeline - INFO - Processing Play Store file: _20260305_133728_CH02_TMO_5G AUTO_Play Store 30 MB_SEA L3 REF_.csv (Size: 30M, Device: REF, Location: Poor)
2026-03-09 11:19:28,126 - pipeline - INFO - Processing Play Store file: _20260305_133728_CH02_TMO_5G AUTO_Play Store 30 MB_SEA L3 REF_.csv (Size: 30M, Device: REF, Location: Poor)
2026-03-09 11:19:28,147 - pipeline - INFO - Successfully analyzed _20260305_133728_CH02_TMO_5G AUTO_Play Store 30 MB_SEA L3 REF_.csv: 6.679545791875332
2026-03-09 11:19:28,147 - pipeline - INFO - Successfully analyzed _20260305_133728_CH02_TMO_5G AUTO_Play Store 30 MB_SEA L3 REF_.csv: 6.679545791875332
2026-03-09 11:19:28,147 - pipeline - INFO - Processing Play Store file: _20260305_135026_CH01_TMO_5G AUTO_Play Store 60 MB_SEA L3 DUT_.csv (Size: 60M, Device: DUT, Location: Poor)
2026-03-09 11:19:28,147 - pipeline - INFO - Processing Play Store file: _20260305_135026_CH01_TMO_5G AUTO_Play Store 60 MB_SEA L3 DUT_.csv (Size: 60M, Device: DUT, Location: Poor)
2026-03-09 11:19:28,152 - pipeline - WARNING - Failed to analyze _20260305_135026_CH01_TMO_5G AUTO_Play Store 60 MB_SEA L3 DUT_.csv (likely no valid throughput data)
2026-03-09 11:19:28,152 - pipeline - WARNING - Failed to analyze _20260305_135026_CH01_TMO_5G AUTO_Play Store 60 MB_SEA L3 DUT_.csv (likely no valid throughput data)
2026-03-09 11:19:28,153 - pipeline - INFO - Processing Play Store file: _20260305_135026_CH02_TMO_5G AUTO_Play Store 60 MB_SEA L3 REF_.csv (Size: 60M, Device: REF, Location: Poor)
2026-03-09 11:19:28,153 - pipeline - INFO - Processing Play Store file: _20260305_135026_CH02_TMO_5G AUTO_Play Store 60 MB_SEA L3 REF_.csv (Size: 60M, Device: REF, Location: Poor)
2026-03-09 11:19:28,158 - pipeline - WARNING - Failed to analyze _20260305_135026_CH02_TMO_5G AUTO_Play Store 60 MB_SEA L3 REF_.csv (likely no valid throughput data)
2026-03-09 11:19:28,158 - pipeline - WARNING - Failed to analyze _20260305_135026_CH02_TMO_5G AUTO_Play Store 60 MB_SEA L3 REF_.csv (likely no valid throughput data)
2026-03-09 11:19:28,158 - pipeline - INFO - Processing Play Store file: _20260305_140649_CH01_TMO_5G AUTO_Play Store 100 MB_SEA L3 DUT_.csv (Size: 100M, Device: DUT, Location: Poor)
2026-03-09 11:19:28,158 - pipeline - INFO - Processing Play Store file: _20260305_140649_CH01_TMO_5G AUTO_Play Store 100 MB_SEA L3 DUT_.csv (Size: 100M, Device: DUT, Location: Poor)
2026-03-09 11:19:28,163 - pipeline - WARNING - Failed to analyze _20260305_140649_CH01_TMO_5G AUTO_Play Store 100 MB_SEA L3 DUT_.csv (likely no valid throughput data)
2026-03-09 11:19:28,163 - pipeline - WARNING - Failed to analyze _20260305_140649_CH01_TMO_5G AUTO_Play Store 100 MB_SEA L3 DUT_.csv (likely no valid throughput data)
2026-03-09 11:19:28,163 - pipeline - INFO - Processing Play Store file: _20260305_140649_CH02_TMO_5G AUTO_Play Store 100 MB_SEA L3 REF_.csv (Size: 100M, Device: REF, Location: Poor)
2026-03-09 11:19:28,163 - pipeline - INFO - Processing Play Store file: _20260305_140649_CH02_TMO_5G AUTO_Play Store 100 MB_SEA L3 REF_.csv (Size: 100M, Device: REF, Location: Poor)
2026-03-09 11:19:28,169 - pipeline - WARNING - Failed to analyze _20260305_140649_CH02_TMO_5G AUTO_Play Store 100 MB_SEA L3 REF_.csv (likely no valid throughput data)
2026-03-09 11:19:28,169 - pipeline - WARNING - Failed to analyze _20260305_140649_CH02_TMO_5G AUTO_Play Store 100 MB_SEA L3 REF_.csv (likely no valid throughput data)
2026-03-09 11:19:28,169 - pipeline - INFO - Google Throughput analysis directory processing complete. Results found: True
2026-03-09 11:19:28,169 - pipeline - INFO - Google Throughput analysis directory processing complete. Results found: True
2026-03-09 11:19:28,170 - pipeline - INFO - Analyzing MHS Drive directory: D:/ReportGenerator/Raw Data\#Huaqin\Seattle\Data Performance/5G AUTO DP/Mobility Test/5G Auto Data Test MHS Drive
2026-03-09 11:19:28,170 - pipeline - INFO - Analyzing MHS Drive directory: D:/ReportGenerator/Raw Data\#Huaqin\Seattle\Data Performance/5G AUTO DP/Mobility Test/5G Auto Data Test MHS Drive
2026-03-09 11:19:28,171 - pipeline - INFO - Analyzing MHS Drive directory: D:/ReportGenerator/Raw Data\#Huaqin\Seattle\Data Performance/5G AUTO DP/Mobility Test/5G Auto Data Test Drive
2026-03-09 11:19:28,171 - pipeline - INFO - Analyzing MHS Drive directory: D:/ReportGenerator/Raw Data\#Huaqin\Seattle\Data Performance/5G AUTO DP/Mobility Test/5G Auto Data Test Drive
2026-03-09 11:19:29,441 - pipeline - INFO - Analyzing MHS Drive directory: D:/ReportGenerator/Raw Data\#Huaqin\Seattle\Data Performance/5G NSA DP/Mobility Test
2026-03-09 11:19:29,441 - pipeline - INFO - Analyzing MHS Drive directory: D:/ReportGenerator/Raw Data\#Huaqin\Seattle\Data Performance/5G NSA DP/Mobility Test
2026-03-09 11:19:30,856 - pipeline - INFO - Running post-processing (VqLineChart, Coverage extraction)...
2026-03-09 11:19:30,856 - pipeline - INFO - Running post-processing (VqLineChart, Coverage extraction)...
2026-03-09 11:19:31,013 - pipeline - INFO - Checking for CDF Throughput data to export...
2026-03-09 11:19:31,013 - pipeline - INFO - Checking for CDF Throughput data to export...
2026-03-09 11:19:31,078 - pipeline - INFO - Exported 112 CDF throughput JSON files to D:/ReportGenerator/report-generator-app/public/AnalyzeResults\#Huaqin\Seattle\cdf_throughput_data
2026-03-09 11:19:31,078 - pipeline - INFO - Exported 112 CDF throughput JSON files to D:/ReportGenerator/report-generator-app/public/AnalyzeResults\#Huaqin\Seattle\cdf_throughput_data
2026-03-09 11:19:31,087 - pipeline - INFO - Data Performance results exported to D:/ReportGenerator/report-generator-app/public/AnalyzeResults\#Huaqin\Seattle\data_performance_results.json
2026-03-09 11:19:31,087 - pipeline - INFO - Data Performance results exported to D:/ReportGenerator/report-generator-app/public/AnalyzeResults\#Huaqin\Seattle\data_performance_results.json
2026-03-09 11:19:31,098 - pipeline - INFO - Coverage Performance results exported to D:/ReportGenerator/report-generator-app/public/AnalyzeResults\#Huaqin\Seattle\coverage_performance_results.json
2026-03-09 11:19:31,098 - pipeline - INFO - Coverage Performance results exported to D:/ReportGenerator/report-generator-app/public/AnalyzeResults\#Huaqin\Seattle\coverage_performance_results.json
2026-03-09 11:19:31,099 - pipeline - INFO - Processing summary exported to D:/ReportGenerator/report-generator-app/public/AnalyzeResults\#Huaqin\Seattle\processing_summary.json
2026-03-09 11:19:31,099 - pipeline - INFO - Processing summary exported to D:/ReportGenerator/report-generator-app/public/AnalyzeResults\#Huaqin\Seattle\processing_summary.json
2026-03-09 11:19:31,099 - pipeline - INFO - Running final data validation...
2026-03-09 11:19:31,099 - pipeline - INFO - Running final data validation...
2026-03-09 11:19:31,121 - pipeline - WARNING - Summary of Empty collections found in JSON files:
2026-03-09 11:19:31,121 - pipeline - WARNING - Summary of Empty collections found in JSON files:
2026-03-09 11:19:31,121 - pipeline - WARNING -   - data_performance_results.json -> Data Performance -> 5G AUTO DP -> HTTP Multi Stream -> DL -> Good -> DUT -> Throughput -> Outliers -> Empty List
2026-03-09 11:19:31,121 - pipeline - WARNING -   - data_performance_results.json -> Data Performance -> 5G AUTO DP -> HTTP Multi Stream -> DL -> Good -> DUT -> Throughput -> Outliers -> Empty List
2026-03-09 11:19:31,122 - pipeline - WARNING -   - data_performance_results.json -> Data Performance -> 5G AUTO DP -> HTTP Multi Stream -> DL -> Good -> REF -> Throughput -> Outliers -> Empty List
2026-03-09 11:19:31,122 - pipeline - WARNING -   - data_performance_results.json -> Data Performance -> 5G AUTO DP -> HTTP Multi Stream -> DL -> Good -> REF -> Throughput -> Outliers -> Empty List
2026-03-09 11:19:31,122 - pipeline - WARNING -   - data_performance_results.json -> Data Performance -> 5G AUTO DP -> HTTP Multi Stream -> DL -> Moderate -> DUT -> Throughput -> Outliers -> Empty List
2026-03-09 11:19:31,122 - pipeline - WARNING -   - data_performance_results.json -> Data Performance -> 5G AUTO DP -> HTTP Multi Stream -> DL -> Moderate -> DUT -> Throughput -> Outliers -> Empty List
2026-03-09 11:19:31,122 - pipeline - WARNING -   - data_performance_results.json -> Data Performance -> 5G AUTO DP -> HTTP Multi Stream -> DL -> Moderate -> REF -> Throughput -> Outliers -> Empty List
2026-03-09 11:19:31,122 - pipeline - WARNING -   - data_performance_results.json -> Data Performance -> 5G AUTO DP -> HTTP Multi Stream -> DL -> Moderate -> REF -> Throughput -> Outliers -> Empty List
2026-03-09 11:19:31,123 - pipeline - WARNING -   - data_performance_results.json -> Data Performance -> 5G AUTO DP -> HTTP Multi Stream -> DL -> Poor -> DUT -> Throughput -> Outliers -> Empty List
2026-03-09 11:19:31,123 - pipeline - WARNING -   - data_performance_results.json -> Data Performance -> 5G AUTO DP -> HTTP Multi Stream -> DL -> Poor -> DUT -> Throughput -> Outliers -> Empty List
2026-03-09 11:19:31,123 - pipeline - WARNING -   - data_performance_results.json -> Data Performance -> 5G AUTO DP -> HTTP Multi Stream -> DL -> Poor -> REF -> Throughput -> Outliers -> Empty List
2026-03-09 11:19:31,123 - pipeline - WARNING -   - data_performance_results.json -> Data Performance -> 5G AUTO DP -> HTTP Multi Stream -> DL -> Poor -> REF -> Throughput -> Outliers -> Empty List
2026-03-09 11:19:31,123 - pipeline - WARNING -   - data_performance_results.json -> Data Performance -> 5G AUTO DP -> HTTP Multi Stream -> UL -> Good -> REF -> Throughput -> Outliers -> Empty List
2026-03-09 11:19:31,123 - pipeline - WARNING -   - data_performance_results.json -> Data Performance -> 5G AUTO DP -> HTTP Multi Stream -> UL -> Good -> REF -> Throughput -> Outliers -> Empty List
2026-03-09 11:19:31,124 - pipeline - WARNING -   - data_performance_results.json -> Data Performance -> 5G AUTO DP -> HTTP Multi Stream -> UL -> Moderate -> DUT -> Throughput -> Outliers -> Empty List
2026-03-09 11:19:31,124 - pipeline - WARNING -   - data_performance_results.json -> Data Performance -> 5G AUTO DP -> HTTP Multi Stream -> UL -> Moderate -> DUT -> Throughput -> Outliers -> Empty List
2026-03-09 11:19:31,124 - pipeline - WARNING -   - data_performance_results.json -> Data Performance -> 5G AUTO DP -> HTTP Single Stream -> DL -> Good -> DUT -> Throughput -> Outliers -> Empty List
2026-03-09 11:19:31,124 - pipeline - WARNING -   - data_performance_results.json -> Data Performance -> 5G AUTO DP -> HTTP Single Stream -> DL -> Good -> DUT -> Throughput -> Outliers -> Empty List
2026-03-09 11:19:31,124 - pipeline - WARNING -   - data_performance_results.json -> Data Performance -> 5G AUTO DP -> HTTP Single Stream -> DL -> Moderate -> DUT -> Throughput -> Outliers -> Empty List
2026-03-09 11:19:31,124 - pipeline - WARNING -   - data_performance_results.json -> Data Performance -> 5G AUTO DP -> HTTP Single Stream -> DL -> Moderate -> DUT -> Throughput -> Outliers -> Empty List
2026-03-09 11:19:31,124 - pipeline - WARNING -   - data_performance_results.json -> Data Performance -> 5G AUTO DP -> HTTP Single Stream -> DL -> Poor -> REF -> Throughput -> Outliers -> Empty List
2026-03-09 11:19:31,124 - pipeline - WARNING -   - data_performance_results.json -> Data Performance -> 5G AUTO DP -> HTTP Single Stream -> DL -> Poor -> REF -> Throughput -> Outliers -> Empty List
2026-03-09 11:19:31,125 - pipeline - WARNING -   - data_performance_results.json -> Data Performance -> 5G AUTO DP -> Mobile Hotspot Test -> HTTP Multi Stream -> DL -> Poor -> DUT -> Throughput -> Outliers -> Empty List
2026-03-09 11:19:31,125 - pipeline - WARNING -   - data_performance_results.json -> Data Performance -> 5G AUTO DP -> Mobile Hotspot Test -> HTTP Multi Stream -> DL -> Poor -> DUT -> Throughput -> Outliers -> Empty List
2026-03-09 11:19:31,125 - pipeline - WARNING -   - data_performance_results.json -> Data Performance -> 5G AUTO DP -> Mobile Hotspot Test -> HTTP Multi Stream -> DL -> Poor -> REF -> Throughput -> Outliers -> Empty List
2026-03-09 11:19:31,125 - pipeline - WARNING -   - data_performance_results.json -> Data Performance -> 5G AUTO DP -> Mobile Hotspot Test -> HTTP Multi Stream -> DL -> Poor -> REF -> Throughput -> Outliers -> Empty List
2026-03-09 11:19:31,125 - pipeline - WARNING -   - data_performance_results.json -> Data Performance -> 5G AUTO DP -> Mobile Hotspot Test -> HTTP Multi Stream -> UL -> Moderate -> REF -> Throughput -> Outliers -> Empty List
2026-03-09 11:19:31,125 - pipeline - WARNING -   - data_performance_results.json -> Data Performance -> 5G AUTO DP -> Mobile Hotspot Test -> HTTP Multi Stream -> UL -> Moderate -> REF -> Throughput -> Outliers -> Empty List
2026-03-09 11:19:31,126 - pipeline - WARNING -   - data_performance_results.json -> Data Performance -> 5G AUTO DP -> Mobile Hotspot Test -> HTTP Single Stream -> DL -> Moderate -> DUT -> Throughput -> Outliers -> Empty List
2026-03-09 11:19:31,126 - pipeline - WARNING -   - data_performance_results.json -> Data Performance -> 5G AUTO DP -> Mobile Hotspot Test -> HTTP Single Stream -> DL -> Moderate -> DUT -> Throughput -> Outliers -> Empty List
2026-03-09 11:19:31,127 - pipeline - WARNING -   - data_performance_results.json -> Data Performance -> 5G AUTO DP -> Mobile Hotspot Test -> HTTP Single Stream -> DL -> Poor -> REF -> Throughput -> Outliers -> Empty List
2026-03-09 11:19:31,127 - pipeline - WARNING -   - data_performance_results.json -> Data Performance -> 5G AUTO DP -> Mobile Hotspot Test -> HTTP Single Stream -> DL -> Poor -> REF -> Throughput -> Outliers -> Empty List
2026-03-09 11:19:31,127 - pipeline - WARNING -   - data_performance_results.json -> Data Performance -> 5G AUTO DP -> Mobile Hotspot Test -> HTTP Single Stream -> UL -> Moderate -> DUT -> Throughput -> Outliers -> Empty List
2026-03-09 11:19:31,127 - pipeline - WARNING -   - data_performance_results.json -> Data Performance -> 5G AUTO DP -> Mobile Hotspot Test -> HTTP Single Stream -> UL -> Moderate -> DUT -> Throughput -> Outliers -> Empty List
2026-03-09 11:19:31,127 - pipeline - WARNING -   - data_performance_results.json -> Data Performance -> 5G AUTO DP -> Mobile Hotspot Test -> HTTP Single Stream -> UL -> Moderate -> REF -> Throughput -> Outliers -> Empty List
2026-03-09 11:19:31,127 - pipeline - WARNING -   - data_performance_results.json -> Data Performance -> 5G AUTO DP -> Mobile Hotspot Test -> HTTP Single Stream -> UL -> Moderate -> REF -> Throughput -> Outliers -> Empty List
2026-03-09 11:19:31,128 - pipeline - WARNING -   - data_performance_results.json -> Data Performance -> 5G AUTO DP -> Mobile Hotspot Test -> Udp Test -> DL -> UDP Download Task at 200 Mbps for 10 seconds -> Moderate -> DUT -> Throughput -> Outliers -> Empty List
2026-03-09 11:19:31,128 - pipeline - WARNING -   - data_performance_results.json -> Data Performance -> 5G AUTO DP -> Mobile Hotspot Test -> Udp Test -> DL -> UDP Download Task at 200 Mbps for 10 seconds -> Moderate -> DUT -> Throughput -> Outliers -> Empty List
2026-03-09 11:19:31,128 - pipeline - WARNING -   - data_performance_results.json -> Data Performance -> 5G AUTO DP -> Mobile Hotspot Test -> Udp Test -> DL -> UDP Download Task at 200 Mbps for 10 seconds -> Moderate -> REF -> Throughput -> Outliers -> Empty List
2026-03-09 11:19:31,128 - pipeline - WARNING -   - data_performance_results.json -> Data Performance -> 5G AUTO DP -> Mobile Hotspot Test -> Udp Test -> DL -> UDP Download Task at 200 Mbps for 10 seconds -> Moderate -> REF -> Throughput -> Outliers -> Empty List
2026-03-09 11:19:31,129 - pipeline - WARNING -   - data_performance_results.json -> Data Performance -> 5G AUTO DP -> Mobile Hotspot Test -> Udp Test -> DL -> UDP Download Task at 200 Mbps for 10 seconds -> Poor -> DUT -> Throughput -> Outliers -> Empty List
2026-03-09 11:19:31,129 - pipeline - WARNING -   - data_performance_results.json -> Data Performance -> 5G AUTO DP -> Mobile Hotspot Test -> Udp Test -> DL -> UDP Download Task at 200 Mbps for 10 seconds -> Poor -> DUT -> Throughput -> Outliers -> Empty List
2026-03-09 11:19:31,129 - pipeline - WARNING -   - data_performance_results.json -> Data Performance -> 5G AUTO DP -> Mobile Hotspot Test -> Udp Test -> DL -> UDP Download Task at 200 Mbps for 10 seconds -> Poor -> REF -> Throughput -> Outliers -> Empty List
2026-03-09 11:19:31,129 - pipeline - WARNING -   - data_performance_results.json -> Data Performance -> 5G AUTO DP -> Mobile Hotspot Test -> Udp Test -> DL -> UDP Download Task at 200 Mbps for 10 seconds -> Poor -> REF -> Throughput -> Outliers -> Empty List
2026-03-09 11:19:31,129 - pipeline - WARNING -   - data_performance_results.json -> Data Performance -> 5G AUTO DP -> Mobile Hotspot Test -> Udp Test -> DL -> UDP Download Task at 400 Mbps for 10 seconds -> Moderate -> DUT -> Throughput -> Outliers -> Empty List
2026-03-09 11:19:31,129 - pipeline - WARNING -   - data_performance_results.json -> Data Performance -> 5G AUTO DP -> Mobile Hotspot Test -> Udp Test -> DL -> UDP Download Task at 400 Mbps for 10 seconds -> Moderate -> DUT -> Throughput -> Outliers -> Empty List
2026-03-09 11:19:31,129 - pipeline - WARNING -   - data_performance_results.json -> Data Performance -> 5G AUTO DP -> Mobile Hotspot Test -> Udp Test -> DL -> UDP Download Task at 400 Mbps for 10 seconds -> Poor -> REF -> Throughput -> Outliers -> Empty List
2026-03-09 11:19:31,129 - pipeline - WARNING -   - data_performance_results.json -> Data Performance -> 5G AUTO DP -> Mobile Hotspot Test -> Udp Test -> DL -> UDP Download Task at 400 Mbps for 10 seconds -> Poor -> REF -> Throughput -> Outliers -> Empty List
2026-03-09 11:19:31,130 - pipeline - WARNING -   - data_performance_results.json -> Data Performance -> 5G AUTO DP -> Mobile Hotspot Test -> Udp Test -> UL -> UDP Upload Task at 10 Mbps for 10 seconds -> Poor -> REF -> Throughput -> Outliers -> Empty List
2026-03-09 11:19:31,130 - pipeline - WARNING -   - data_performance_results.json -> Data Performance -> 5G AUTO DP -> Mobile Hotspot Test -> Udp Test -> UL -> UDP Upload Task at 10 Mbps for 10 seconds -> Poor -> REF -> Throughput -> Outliers -> Empty List
2026-03-09 11:19:31,130 - pipeline - WARNING -   - data_performance_results.json -> Data Performance -> 5G AUTO DP -> Mobile Hotspot Test -> Udp Test -> UL -> UDP Upload Task at 20 Mbps for 10 seconds -> Poor -> DUT -> Throughput -> Outliers -> Empty List
2026-03-09 11:19:31,130 - pipeline - WARNING -   - data_performance_results.json -> Data Performance -> 5G AUTO DP -> Mobile Hotspot Test -> Udp Test -> UL -> UDP Upload Task at 20 Mbps for 10 seconds -> Poor -> DUT -> Throughput -> Outliers -> Empty List
2026-03-09 11:19:31,131 - pipeline - WARNING -   - data_performance_results.json -> Data Performance -> 5G AUTO DP -> Ping -> Good -> REF -> Ping RTT -> Outliers -> Empty List
2026-03-09 11:19:31,131 - pipeline - WARNING -   - data_performance_results.json -> Data Performance -> 5G AUTO DP -> Ping -> Good -> REF -> Ping RTT -> Outliers -> Empty List
2026-03-09 11:19:31,131 - pipeline - WARNING -   - data_performance_results.json -> Data Performance -> 5G AUTO DP -> Udp Test -> DL -> UDP Download Task at 200 Mbps for 10 seconds -> Good -> DUT -> Throughput -> Outliers -> Empty List
2026-03-09 11:19:31,131 - pipeline - WARNING -   - data_performance_results.json -> Data Performance -> 5G AUTO DP -> Udp Test -> DL -> UDP Download Task at 200 Mbps for 10 seconds -> Good -> DUT -> Throughput -> Outliers -> Empty List
2026-03-09 11:19:31,131 - pipeline - WARNING -   - data_performance_results.json -> Data Performance -> 5G AUTO DP -> Udp Test -> DL -> UDP Download Task at 200 Mbps for 10 seconds -> Good -> REF -> Throughput -> Outliers -> Empty List
2026-03-09 11:19:31,131 - pipeline - WARNING -   - data_performance_results.json -> Data Performance -> 5G AUTO DP -> Udp Test -> DL -> UDP Download Task at 200 Mbps for 10 seconds -> Good -> REF -> Throughput -> Outliers -> Empty List
2026-03-09 11:19:31,131 - pipeline - WARNING -   - data_performance_results.json -> Data Performance -> 5G AUTO DP -> Udp Test -> DL -> UDP Download Task at 200 Mbps for 10 seconds -> Poor -> DUT -> Throughput -> Outliers -> Empty List
2026-03-09 11:19:31,131 - pipeline - WARNING -   - data_performance_results.json -> Data Performance -> 5G AUTO DP -> Udp Test -> DL -> UDP Download Task at 200 Mbps for 10 seconds -> Poor -> DUT -> Throughput -> Outliers -> Empty List
2026-03-09 11:19:31,132 - pipeline - WARNING -   - data_performance_results.json -> Data Performance -> 5G AUTO DP -> Udp Test -> DL -> UDP Download Task at 200 Mbps for 10 seconds -> Poor -> REF -> Throughput -> Outliers -> Empty List
2026-03-09 11:19:31,132 - pipeline - WARNING -   - data_performance_results.json -> Data Performance -> 5G AUTO DP -> Udp Test -> DL -> UDP Download Task at 200 Mbps for 10 seconds -> Poor -> REF -> Throughput -> Outliers -> Empty List
2026-03-09 11:19:31,132 - pipeline - WARNING -   - data_performance_results.json -> Data Performance -> 5G AUTO DP -> Udp Test -> DL -> UDP Download Task at 400 Mbps for 10 seconds -> Good -> DUT -> Throughput -> Outliers -> Empty List
2026-03-09 11:19:31,132 - pipeline - WARNING -   - data_performance_results.json -> Data Performance -> 5G AUTO DP -> Udp Test -> DL -> UDP Download Task at 400 Mbps for 10 seconds -> Good -> DUT -> Throughput -> Outliers -> Empty List
2026-03-09 11:19:31,132 - pipeline - WARNING -   - data_performance_results.json -> Data Performance -> 5G AUTO DP -> Udp Test -> DL -> UDP Download Task at 400 Mbps for 10 seconds -> Good -> REF -> Throughput -> Outliers -> Empty List
2026-03-09 11:19:31,132 - pipeline - WARNING -   - data_performance_results.json -> Data Performance -> 5G AUTO DP -> Udp Test -> DL -> UDP Download Task at 400 Mbps for 10 seconds -> Good -> REF -> Throughput -> Outliers -> Empty List
2026-03-09 11:19:31,133 - pipeline - WARNING -   - data_performance_results.json -> Data Performance -> 5G AUTO DP -> Udp Test -> DL -> UDP Download Task at 400 Mbps for 10 seconds -> Moderate -> REF -> Throughput -> Outliers -> Empty List
2026-03-09 11:19:31,133 - pipeline - WARNING -   - data_performance_results.json -> Data Performance -> 5G AUTO DP -> Udp Test -> DL -> UDP Download Task at 400 Mbps for 10 seconds -> Moderate -> REF -> Throughput -> Outliers -> Empty List
2026-03-09 11:19:31,133 - pipeline - WARNING -   - data_performance_results.json -> Data Performance -> 5G AUTO DP -> Udp Test -> DL -> UDP Download Task at 400 Mbps for 10 seconds -> Poor -> DUT -> Throughput -> Outliers -> Empty List
2026-03-09 11:19:31,133 - pipeline - WARNING -   - data_performance_results.json -> Data Performance -> 5G AUTO DP -> Udp Test -> DL -> UDP Download Task at 400 Mbps for 10 seconds -> Poor -> DUT -> Throughput -> Outliers -> Empty List
2026-03-09 11:19:31,133 - pipeline - WARNING -   - data_performance_results.json -> Data Performance -> 5G AUTO DP -> Udp Test -> DL -> UDP Download Task at 400 Mbps for 10 seconds -> Poor -> REF -> Throughput -> Outliers -> Empty List
2026-03-09 11:19:31,133 - pipeline - WARNING -   - data_performance_results.json -> Data Performance -> 5G AUTO DP -> Udp Test -> DL -> UDP Download Task at 400 Mbps for 10 seconds -> Poor -> REF -> Throughput -> Outliers -> Empty List
2026-03-09 11:19:31,134 - pipeline - WARNING -   - data_performance_results.json -> Data Performance -> 5G NSA DP -> HTTP Multi Stream -> DL -> Moderate -> DUT -> Throughput -> Outliers -> Empty List
2026-03-09 11:19:31,134 - pipeline - WARNING -   - data_performance_results.json -> Data Performance -> 5G NSA DP -> HTTP Multi Stream -> DL -> Moderate -> DUT -> Throughput -> Outliers -> Empty List
2026-03-09 11:19:31,134 - pipeline - WARNING -   - data_performance_results.json -> Data Performance -> 5G NSA DP -> HTTP Multi Stream -> DL -> Moderate -> REF -> Throughput -> Outliers -> Empty List
2026-03-09 11:19:31,134 - pipeline - WARNING -   - data_performance_results.json -> Data Performance -> 5G NSA DP -> HTTP Multi Stream -> DL -> Moderate -> REF -> Throughput -> Outliers -> Empty List
2026-03-09 11:19:31,134 - pipeline - WARNING -   - data_performance_results.json -> Data Performance -> 5G NSA DP -> HTTP Multi Stream -> DL -> Poor -> DUT -> Throughput -> Outliers -> Empty List
2026-03-09 11:19:31,134 - pipeline - WARNING -   - data_performance_results.json -> Data Performance -> 5G NSA DP -> HTTP Multi Stream -> DL -> Poor -> DUT -> Throughput -> Outliers -> Empty List
2026-03-09 11:19:31,135 - pipeline - WARNING -   - data_performance_results.json -> Data Performance -> 5G NSA DP -> HTTP Multi Stream -> DL -> Poor -> REF -> Throughput -> Outliers -> Empty List
2026-03-09 11:19:31,135 - pipeline - WARNING -   - data_performance_results.json -> Data Performance -> 5G NSA DP -> HTTP Multi Stream -> DL -> Poor -> REF -> Throughput -> Outliers -> Empty List
2026-03-09 11:19:31,135 - pipeline - WARNING -   - data_performance_results.json -> Data Performance -> 5G NSA DP -> HTTP Multi Stream -> UL -> Moderate -> DUT -> Throughput -> Outliers -> Empty List
2026-03-09 11:19:31,135 - pipeline - WARNING -   - data_performance_results.json -> Data Performance -> 5G NSA DP -> HTTP Multi Stream -> UL -> Moderate -> DUT -> Throughput -> Outliers -> Empty List
2026-03-09 11:19:31,135 - pipeline - WARNING -   - data_performance_results.json -> Data Performance -> 5G NSA DP -> HTTP Multi Stream -> UL -> Moderate -> REF -> Throughput -> Outliers -> Empty List
2026-03-09 11:19:31,135 - pipeline - WARNING -   - data_performance_results.json -> Data Performance -> 5G NSA DP -> HTTP Multi Stream -> UL -> Moderate -> REF -> Throughput -> Outliers -> Empty List
2026-03-09 11:19:31,136 - pipeline - WARNING -   - data_performance_results.json -> Data Performance -> 5G NSA DP -> HTTP Multi Stream -> UL -> Poor -> REF -> Throughput -> Outliers -> Empty List
2026-03-09 11:19:31,136 - pipeline - WARNING -   - data_performance_results.json -> Data Performance -> 5G NSA DP -> HTTP Multi Stream -> UL -> Poor -> REF -> Throughput -> Outliers -> Empty List
2026-03-09 11:19:31,136 - pipeline - WARNING -   - data_performance_results.json -> Data Performance -> 5G NSA DP -> HTTP Single Stream -> DL -> Moderate -> DUT -> Throughput -> Outliers -> Empty List
2026-03-09 11:19:31,136 - pipeline - WARNING -   - data_performance_results.json -> Data Performance -> 5G NSA DP -> HTTP Single Stream -> DL -> Moderate -> DUT -> Throughput -> Outliers -> Empty List
2026-03-09 11:19:31,136 - pipeline - WARNING -   - data_performance_results.json -> Data Performance -> 5G NSA DP -> HTTP Single Stream -> DL -> Moderate -> REF -> Throughput -> Outliers -> Empty List
2026-03-09 11:19:31,136 - pipeline - WARNING -   - data_performance_results.json -> Data Performance -> 5G NSA DP -> HTTP Single Stream -> DL -> Moderate -> REF -> Throughput -> Outliers -> Empty List
2026-03-09 11:19:31,136 - pipeline - WARNING -   - data_performance_results.json -> Data Performance -> 5G NSA DP -> HTTP Single Stream -> DL -> Poor -> REF -> Throughput -> Outliers -> Empty List
2026-03-09 11:19:31,136 - pipeline - WARNING -   - data_performance_results.json -> Data Performance -> 5G NSA DP -> HTTP Single Stream -> DL -> Poor -> REF -> Throughput -> Outliers -> Empty List
2026-03-09 11:19:31,137 - pipeline - WARNING -   - data_performance_results.json -> Data Performance -> 5G NSA DP -> Udp Test -> DL -> UDP Download Task at 200 Mbps for 10 seconds -> Moderate -> REF -> Throughput -> Outliers -> Empty List
2026-03-09 11:19:31,137 - pipeline - WARNING -   - data_performance_results.json -> Data Performance -> 5G NSA DP -> Udp Test -> DL -> UDP Download Task at 200 Mbps for 10 seconds -> Moderate -> REF -> Throughput -> Outliers -> Empty List
2026-03-09 11:19:31,137 - pipeline - WARNING -   - data_performance_results.json -> Data Performance -> 5G NSA DP -> Udp Test -> DL -> UDP Download Task at 400 Mbps for 10 seconds -> Moderate -> REF -> Throughput -> Outliers -> Empty List
2026-03-09 11:19:31,137 - pipeline - WARNING -   - data_performance_results.json -> Data Performance -> 5G NSA DP -> Udp Test -> DL -> UDP Download Task at 400 Mbps for 10 seconds -> Moderate -> REF -> Throughput -> Outliers -> Empty List
2026-03-09 11:19:31,137 - pipeline - WARNING -   - data_performance_results.json -> Data Performance -> 5G NSA DP -> Udp Test -> DL -> UDP Download Task at 400 Mbps for 10 seconds -> Poor -> DUT -> Throughput -> Outliers -> Empty List
2026-03-09 11:19:31,137 - pipeline - WARNING -   - data_performance_results.json -> Data Performance -> 5G NSA DP -> Udp Test -> DL -> UDP Download Task at 400 Mbps for 10 seconds -> Poor -> DUT -> Throughput -> Outliers -> Empty List
2026-03-09 11:19:31,138 - pipeline - WARNING -   - data_performance_results.json -> Data Performance -> 5G NSA DP -> Udp Test -> DL -> UDP Download Task at 400 Mbps for 10 seconds -> Poor -> REF -> Throughput -> Outliers -> Empty List
2026-03-09 11:19:31,138 - pipeline - WARNING -   - data_performance_results.json -> Data Performance -> 5G NSA DP -> Udp Test -> DL -> UDP Download Task at 400 Mbps for 10 seconds -> Poor -> REF -> Throughput -> Outliers -> Empty List
2026-03-09 11:19:31,138 - pipeline - WARNING -   - data_performance_results.json -> Data Performance -> 5G NSA DP -> Udp Test -> UL -> 5G NSA_UDP Upload Task at 10 Mbps for 10 seconds -> Poor -> DUT -> Throughput -> Outliers -> Empty List
2026-03-09 11:19:31,138 - pipeline - WARNING -   - data_performance_results.json -> Data Performance -> 5G NSA DP -> Udp Test -> UL -> 5G NSA_UDP Upload Task at 10 Mbps for 10 seconds -> Poor -> DUT -> Throughput -> Outliers -> Empty List
2026-03-09 11:19:31,139 - pipeline - WARNING -   - data_performance_results.json -> Data Performance -> 5G NSA DP -> Udp Test -> UL -> 5G NSA_UDP Upload Task at 10 Mbps for 10 seconds -> Poor -> REF -> Throughput -> Outliers -> Empty List
2026-03-09 11:19:31,139 - pipeline - WARNING -   - data_performance_results.json -> Data Performance -> 5G NSA DP -> Udp Test -> UL -> 5G NSA_UDP Upload Task at 10 Mbps for 10 seconds -> Poor -> REF -> Throughput -> Outliers -> Empty List
2026-03-09 11:19:31,139 - pipeline - WARNING -   - data_performance_results.json -> Data Performance -> 5G NSA DP -> Udp Test -> UL -> 5G NSA_UDP Upload Task at 20 Mbps for 10 seconds -> Moderate -> REF -> Throughput -> Outliers -> Empty List
2026-03-09 11:19:31,139 - pipeline - WARNING -   - data_performance_results.json -> Data Performance -> 5G NSA DP -> Udp Test -> UL -> 5G NSA_UDP Upload Task at 20 Mbps for 10 seconds -> Moderate -> REF -> Throughput -> Outliers -> Empty List
2026-03-09 11:19:31,139 - pipeline - WARNING -   - data_performance_results.json -> Data Performance -> 5G NSA DP -> Udp Test -> UL -> 5G NSA_UDP Upload Task at 20 Mbps for 10 seconds -> Poor -> DUT -> Throughput -> Outliers -> Empty List
2026-03-09 11:19:31,139 - pipeline - WARNING -   - data_performance_results.json -> Data Performance -> 5G NSA DP -> Udp Test -> UL -> 5G NSA_UDP Upload Task at 20 Mbps for 10 seconds -> Poor -> DUT -> Throughput -> Outliers -> Empty List
2026-03-09 11:19:31,139 - pipeline - INFO - Pipeline execution completed. Results in: D:/ReportGenerator/report-generator-app/public/AnalyzeResults\#Huaqin\Seattle
2026-03-09 11:19:31,139 - pipeline - INFO - Pipeline execution completed. Results in: D:/ReportGenerator/report-generator-app/public/AnalyzeResults\#Huaqin\Seattle
2026-03-09 11:20:22,095 - pipeline - INFO - Project: #Huaqin
2026-03-09 11:20:22,096 - pipeline - INFO - Market: New York
2026-03-09 11:20:22,096 - pipeline - INFO - Reading from: D:/ReportGenerator/Raw Data\#Huaqin\New York
2026-03-09 11:20:22,097 - pipeline - INFO - Writing to: D:/ReportGenerator/report-generator-app/public/AnalyzeResults\#Huaqin\New York
2026-03-09 11:20:22,097 - pipeline - INFO - Starting analysis pipeline...
2026-03-09 11:20:22,105 - pipeline - INFO - Grouping 124 CSV files by directory and device type...
2026-03-09 11:20:22,108 - pipeline - INFO - Created 102 file groups for analysis
2026-03-09 11:20:22,110 - pipeline - INFO - Analyzing 1 file(s) for DUT in 5G Auto Data Web-Kepler
2026-03-09 11:20:22,160 - pipeline - INFO - Analyzing 1 file(s) for REF in 5G Auto Data Web-Kepler
2026-03-09 11:20:22,202 - pipeline - INFO - Analyzing 1 file(s) for DUT in Good
2026-03-09 11:20:22,261 - pipeline - INFO - Analyzing 1 file(s) for REF in Good
2026-03-09 11:20:22,322 - pipeline - INFO - Analyzing 1 file(s) for DUT in Moderate
2026-03-09 11:20:22,381 - pipeline - INFO - Analyzing 1 file(s) for REF in Moderate
2026-03-09 11:20:22,446 - pipeline - INFO - Analyzing 1 file(s) for DUT in Poor
2026-03-09 11:20:22,506 - pipeline - INFO - Analyzing 1 file(s) for REF in Poor
2026-03-09 11:20:22,574 - pipeline - INFO - Analyzing 1 file(s) for DUT in Good
2026-03-09 11:20:22,636 - pipeline - INFO - Analyzing 1 file(s) for REF in Good
2026-03-09 11:20:22,691 - pipeline - INFO - Analyzing 1 file(s) for DUT in Moderate
2026-03-09 11:20:22,741 - pipeline - INFO - Analyzing 1 file(s) for REF in Moderate
2026-03-09 11:20:22,799 - pipeline - INFO - Analyzing 1 file(s) for DUT in Poor
2026-03-09 11:20:22,848 - pipeline - INFO - Analyzing 1 file(s) for REF in Poor
2026-03-09 11:20:22,899 - pipeline - INFO - Analyzing 2 file(s) for DUT in Good
2026-03-09 11:20:22,996 - pipeline - INFO - Analyzing 2 file(s) for REF in Good
2026-03-09 11:20:23,097 - pipeline - INFO - Analyzing 1 file(s) for DUT in Moderate
2026-03-09 11:20:23,183 - pipeline - INFO - Analyzing 1 file(s) for REF in Moderate
2026-03-09 11:20:23,262 - pipeline - INFO - Analyzing 1 file(s) for DUT in Poor
2026-03-09 11:20:23,348 - pipeline - INFO - Analyzing 1 file(s) for REF in Poor
2026-03-09 11:20:23,433 - pipeline - INFO - Analyzing 1 file(s) for DUT in Good
2026-03-09 11:20:23,476 - pipeline - INFO - Analyzing 1 file(s) for REF in Good
2026-03-09 11:20:23,514 - pipeline - INFO - Analyzing 1 file(s) for DUT in Moderate
2026-03-09 11:20:23,553 - pipeline - INFO - Analyzing 1 file(s) for REF in Moderate
2026-03-09 11:20:23,592 - pipeline - INFO - Analyzing 1 file(s) for DUT in Poor
2026-03-09 11:20:23,634 - pipeline - INFO - Analyzing 1 file(s) for REF in Poor
2026-03-09 11:20:23,676 - pipeline - INFO - Analyzing 3 file(s) for REF in 5G Auto Data Test Drive
2026-03-09 11:20:24,091 - pipeline - INFO - Analyzing 3 file(s) for DUT in 5G Auto Data Test Drive
2026-03-09 11:20:24,518 - pipeline - INFO - Analyzing 1 file(s) for DUT in Good
2026-03-09 11:20:24,583 - pipeline - INFO - Analyzing 1 file(s) for REF in Good
2026-03-09 11:20:24,647 - pipeline - INFO - Analyzing 1 file(s) for DUT in Moderate
2026-03-09 11:20:24,710 - pipeline - INFO - Analyzing 1 file(s) for REF in Moderate
2026-03-09 11:20:24,770 - pipeline - INFO - Analyzing 1 file(s) for DUT in Poor
2026-03-09 11:20:24,832 - pipeline - INFO - Analyzing 1 file(s) for REF in Poor
2026-03-09 11:20:24,903 - pipeline - INFO - Analyzing 1 file(s) for DUT in Good
2026-03-09 11:20:24,975 - pipeline - INFO - Analyzing 1 file(s) for REF in Good
2026-03-09 11:20:25,081 - pipeline - INFO - Analyzing 1 file(s) for DUT in Moderate
2026-03-09 11:20:25,157 - pipeline - INFO - Analyzing 1 file(s) for REF in Moderate
2026-03-09 11:20:25,242 - pipeline - INFO - Analyzing 1 file(s) for DUT in Poor
2026-03-09 11:20:25,317 - pipeline - INFO - Analyzing 1 file(s) for REF in Poor
2026-03-09 11:20:25,393 - pipeline - INFO - Analyzing 1 file(s) for DUT in Good
2026-03-09 11:20:25,469 - pipeline - INFO - Analyzing 1 file(s) for REF in Good
2026-03-09 11:20:25,543 - pipeline - INFO - Analyzing 1 file(s) for DUT in Moderate
2026-03-09 11:20:25,618 - pipeline - INFO - Analyzing 1 file(s) for REF in Moderate
2026-03-09 11:20:25,695 - pipeline - INFO - Analyzing 1 file(s) for DUT in Poor
2026-03-09 11:20:25,762 - pipeline - INFO - Analyzing 1 file(s) for REF in Poor
2026-03-09 11:20:25,844 - pipeline - INFO - Analyzing 1 file(s) for DUT in Good
2026-03-09 11:20:25,916 - pipeline - INFO - Analyzing 1 file(s) for REF in Good
2026-03-09 11:20:25,990 - pipeline - INFO - Analyzing 1 file(s) for DUT in Moderate
2026-03-09 11:20:26,054 - pipeline - INFO - Analyzing 1 file(s) for REF in Moderate
2026-03-09 11:20:26,131 - pipeline - INFO - Analyzing 1 file(s) for DUT in Poor
2026-03-09 11:20:26,199 - pipeline - INFO - Analyzing 1 file(s) for REF in Poor
2026-03-09 11:20:26,265 - pipeline - INFO - Analyzing 1 file(s) for DUT in Good
2026-03-09 11:20:26,348 - pipeline - INFO - Analyzing 1 file(s) for REF in Good
2026-03-09 11:20:26,423 - pipeline - INFO - Analyzing 1 file(s) for DUT in Moderate
2026-03-09 11:20:26,487 - pipeline - INFO - Analyzing 1 file(s) for REF in Moderate
2026-03-09 11:20:26,552 - pipeline - INFO - Analyzing 1 file(s) for DUT in Poor
2026-03-09 11:20:26,622 - pipeline - INFO - Analyzing 1 file(s) for REF in Poor
2026-03-09 11:20:26,684 - pipeline - INFO - Analyzing 1 file(s) for DUT in Moderate
2026-03-09 11:20:26,737 - pipeline - INFO - Analyzing 1 file(s) for REF in Moderate
2026-03-09 11:20:26,797 - pipeline - INFO - Analyzing 1 file(s) for DUT in Poor
2026-03-09 11:20:26,853 - pipeline - INFO - Analyzing 1 file(s) for REF in Poor
2026-03-09 11:20:26,908 - pipeline - INFO - Analyzing 1 file(s) for DUT in Moderate
2026-03-09 11:20:26,963 - pipeline - INFO - Analyzing 1 file(s) for REF in Moderate
2026-03-09 11:20:27,015 - pipeline - INFO - Analyzing 1 file(s) for DUT in Poor
2026-03-09 11:20:27,107 - pipeline - INFO - Analyzing 1 file(s) for REF in Poor
2026-03-09 11:20:27,162 - pipeline - INFO - Analyzing 1 file(s) for DUT in Moderate
2026-03-09 11:20:27,240 - pipeline - INFO - Analyzing 1 file(s) for REF in Moderate
2026-03-09 11:20:27,317 - pipeline - INFO - Analyzing 1 file(s) for DUT in Poor
2026-03-09 11:20:27,403 - pipeline - INFO - Analyzing 1 file(s) for REF in Poor
2026-03-09 11:20:27,483 - pipeline - INFO - Analyzing 1 file(s) for DUT in Moderate
2026-03-09 11:20:27,520 - pipeline - INFO - Analyzing 1 file(s) for REF in Moderate
2026-03-09 11:20:27,555 - pipeline - INFO - Analyzing 1 file(s) for DUT in Poor
2026-03-09 11:20:27,603 - pipeline - INFO - Analyzing 1 file(s) for REF in Poor
2026-03-09 11:20:27,647 - pipeline - INFO - Analyzing 4 file(s) for DUT in Mobility Test
2026-03-09 11:20:28,110 - pipeline - INFO - Analyzing 2 file(s) for REF in Mobility Test
2026-03-09 11:20:28,497 - pipeline - INFO - Analyzing 1 file(s) for DUT in Moderate
2026-03-09 11:20:28,566 - pipeline - INFO - Analyzing 1 file(s) for REF in Moderate
2026-03-09 11:20:28,631 - pipeline - INFO - Analyzing 1 file(s) for DUT in Poor
2026-03-09 11:20:28,695 - pipeline - INFO - Analyzing 1 file(s) for REF in Poor
2026-03-09 11:20:28,753 - pipeline - INFO - Analyzing 1 file(s) for DUT in Moderate
2026-03-09 11:20:28,839 - pipeline - INFO - Analyzing 1 file(s) for REF in Moderate
2026-03-09 11:20:28,916 - pipeline - INFO - Analyzing 1 file(s) for DUT in Poor
2026-03-09 11:20:28,990 - pipeline - INFO - Analyzing 1 file(s) for REF in Poor
2026-03-09 11:20:29,058 - pipeline - INFO - Analyzing 1 file(s) for DUT in Moderate
2026-03-09 11:20:29,139 - pipeline - INFO - Analyzing 1 file(s) for REF in Moderate
2026-03-09 11:20:29,209 - pipeline - INFO - Analyzing 1 file(s) for DUT in Poor
2026-03-09 11:20:29,281 - pipeline - INFO - Analyzing 1 file(s) for REF in Poor
2026-03-09 11:20:29,359 - pipeline - INFO - Analyzing 1 file(s) for DUT in Moderate
2026-03-09 11:20:29,424 - pipeline - INFO - Analyzing 1 file(s) for REF in Moderate
2026-03-09 11:20:29,497 - pipeline - INFO - Analyzing 1 file(s) for DUT in Poor
2026-03-09 11:20:29,571 - pipeline - INFO - Analyzing 1 file(s) for REF in Poor
2026-03-09 11:20:29,642 - pipeline - INFO - Analyzing 1 file(s) for DUT in Moderate
2026-03-09 11:20:29,707 - pipeline - INFO - Analyzing 1 file(s) for REF in Moderate
2026-03-09 11:20:29,767 - pipeline - INFO - Analyzing 1 file(s) for DUT in Poor
2026-03-09 11:20:29,835 - pipeline - INFO - Analyzing 1 file(s) for REF in Poor
2026-03-09 11:20:29,901 - pipeline - INFO - Processing directory-level analyses...
2026-03-09 11:20:29,901 - pipeline - INFO - Analyzing Coverage directory: D:/ReportGenerator/Raw Data\#Huaqin\New York\Coverage Performance (Type: coverage_coordinate)
2026-03-09 11:20:29,902 - pipeline - INFO - Analyzing Coverage directory: D:/ReportGenerator/Raw Data\#Huaqin\New York\Coverage Performance/5G n41 HPUE Coverage Test (Type: n41_coverage)
2026-03-09 11:20:30,046 - pipeline - INFO - Analyzing Coverage directory: D:/ReportGenerator/Raw Data\#Huaqin\New York\Coverage Performance/5G VoNR Coverage Test (Type: vonr_coverage_performance)
2026-03-09 11:20:31,071 - pipeline - INFO - Running timeline analysis for: Coverage Performance/5G VoNR Coverage Test
2026-03-09 11:20:31,072 - pipeline - INFO - Analyzing Coverage directory: D:/ReportGenerator/Raw Data\#Huaqin\New York\Coverage Performance/5G VoNR Coverage Test (Type: coverage_timeline)
2026-03-09 11:20:31,072 - pipeline - INFO - Analyzing Coverage Timeline for: D:/ReportGenerator/Raw Data\#Huaqin\New York\Coverage Performance/5G VoNR Coverage Test
2026-03-09 11:20:31,072 - pipeline - INFO - Processing rsrp timeline...
2026-03-09 11:20:31,470 - pipeline - INFO - Processing sinr timeline...
2026-03-09 11:20:31,877 - pipeline - INFO - Processing txpower timeline...
2026-03-09 11:20:32,322 - pipeline - INFO - Analyzing Coverage directory: D:/ReportGenerator/Raw Data\#Huaqin\New York\Coverage Performance/LTE Coverage Test (Type: vonr_coverage_performance)
2026-03-09 11:20:33,030 - pipeline - INFO - Running timeline analysis for: Coverage Performance/LTE Coverage Test
2026-03-09 11:20:33,030 - pipeline - INFO - Analyzing Coverage directory: D:/ReportGenerator/Raw Data\#Huaqin\New York\Coverage Performance/LTE Coverage Test (Type: coverage_timeline)
2026-03-09 11:20:33,030 - pipeline - INFO - Analyzing Coverage Timeline for: D:/ReportGenerator/Raw Data\#Huaqin\New York\Coverage Performance/LTE Coverage Test
2026-03-09 11:20:33,031 - pipeline - INFO - Processing rsrp timeline...
2026-03-09 11:20:33,142 - pipeline - INFO - Processing sinr timeline...
2026-03-09 11:20:33,258 - pipeline - INFO - Processing txpower timeline...
2026-03-09 11:20:33,388 - pipeline - INFO - Analyzing Google Throughput directory: D:/ReportGenerator/Raw Data\#Huaqin\New York\Data Performance/5G AUTO DP/5G Auto Data Play-store app Download
2026-03-09 11:20:33,390 - pipeline - INFO - Processing Play Store file: _20260228_180205_CH01_NJNYC TMO_5G AUTO_Playstore 30M DL_NJNY DUT L1_.csv (Size: 30M, Device: DUT, Location: Good)
2026-03-09 11:20:33,418 - pipeline - INFO - Successfully analyzed _20260228_180205_CH01_NJNYC TMO_5G AUTO_Playstore 30M DL_NJNY DUT L1_.csv: 121.66002522706052
2026-03-09 11:20:33,418 - pipeline - INFO - Processing Play Store file: _20260228_180205_CH02_NJNYC TMO_5G AUTO_Playstore 30M DL_NJNY REF L1_.csv (Size: 30M, Device: REF, Location: Good)
2026-03-09 11:20:33,446 - pipeline - INFO - Successfully analyzed _20260228_180205_CH02_NJNYC TMO_5G AUTO_Playstore 30M DL_NJNY REF L1_.csv: 183.1148090225564
2026-03-09 11:20:33,446 - pipeline - INFO - Processing Play Store file: _20260228_181017_CH01_NJNYC TMO_5G AUTO_Playstore 60M DL_NJNY DUT L1_.csv (Size: 60M, Device: DUT, Location: Good)
2026-03-09 11:20:33,477 - pipeline - INFO - Successfully analyzed _20260228_181017_CH01_NJNYC TMO_5G AUTO_Playstore 60M DL_NJNY DUT L1_.csv: 59.31778260869565
2026-03-09 11:20:33,478 - pipeline - INFO - Processing Play Store file: _20260228_181017_CH02_NJNYC TMO_5G AUTO_Playstore 60M DL_NJNY REF L1_.csv (Size: 60M, Device: REF, Location: Good)
2026-03-09 11:20:33,512 - pipeline - INFO - Successfully analyzed _20260228_181017_CH02_NJNYC TMO_5G AUTO_Playstore 60M DL_NJNY REF L1_.csv: 66.97566666666667
2026-03-09 11:20:33,513 - pipeline - INFO - Processing Play Store file: _20260228_181759_CH01_NJNYC TMO_5G AUTO_Playstore 100M DL_NJNY DUT L1_.csv (Size: 100M, Device: DUT, Location: Good)
2026-03-09 11:20:33,540 - pipeline - INFO - Successfully analyzed _20260228_181759_CH01_NJNYC TMO_5G AUTO_Playstore 100M DL_NJNY DUT L1_.csv: 108.5450645021645
2026-03-09 11:20:33,540 - pipeline - INFO - Processing Play Store file: _20260228_181759_CH02_NJNYC TMO_5G AUTO_Playstore 100M DL_NJNY REF L1_.csv (Size: 100M, Device: REF, Location: Good)
2026-03-09 11:20:33,570 - pipeline - INFO - Successfully analyzed _20260228_181759_CH02_NJNYC TMO_5G AUTO_Playstore 100M DL_NJNY REF L1_.csv: 150.622648015873
2026-03-09 11:20:33,570 - pipeline - INFO - Processing Play Store file: _20260305_182335_CH01_NJNYC TMO_5G Auto_Playstore 30M_NJNY DUT L2_Retest.csv (Size: 30M, Device: DUT, Location: Moderate)
2026-03-09 11:20:33,591 - pipeline - INFO - Successfully analyzed _20260305_182335_CH01_NJNYC TMO_5G Auto_Playstore 30M_NJNY DUT L2_Retest.csv: 136.4778240362812
2026-03-09 11:20:33,592 - pipeline - INFO - Processing Play Store file: _20260305_182335_CH02_NJNYC TMO_5G Auto_Playstore 30M_NJNY REF L2_Retest.csv (Size: 30M, Device: REF, Location: Moderate)
2026-03-09 11:20:33,614 - pipeline - INFO - Successfully analyzed _20260305_182335_CH02_NJNYC TMO_5G Auto_Playstore 30M_NJNY REF L2_Retest.csv: 136.27829882498455
2026-03-09 11:20:33,615 - pipeline - INFO - Processing Play Store file: _20260305_182944_CH01_NJNYC TMO_5G Auto_Playstore 60M_NJNY DUT L2_Retest.csv (Size: 60M, Device: DUT, Location: Moderate)
2026-03-09 11:20:33,646 - pipeline - INFO - Successfully analyzed _20260305_182944_CH01_NJNYC TMO_5G Auto_Playstore 60M_NJNY DUT L2_Retest.csv: 66.13028190476192
2026-03-09 11:20:33,647 - pipeline - INFO - Processing Play Store file: _20260305_182944_CH02_NJNYC TMO_5G Auto_Playstore 60M_NJNY REF L2_Retest.csv (Size: 60M, Device: REF, Location: Moderate)
2026-03-09 11:20:33,673 - pipeline - INFO - Successfully analyzed _20260305_182944_CH02_NJNYC TMO_5G Auto_Playstore 60M_NJNY REF L2_Retest.csv: 97.19017391304347
2026-03-09 11:20:33,674 - pipeline - INFO - Processing Play Store file: _20260305_183538_CH01_NJNYC TMO_5G Auto_Playstore 100M_NJNY DUT L2_Retest.csv (Size: 100M, Device: DUT, Location: Moderate)
2026-03-09 11:20:33,708 - pipeline - INFO - Successfully analyzed _20260305_183538_CH01_NJNYC TMO_5G Auto_Playstore 100M_NJNY DUT L2_Retest.csv: 111.27300426573427
2026-03-09 11:20:33,708 - pipeline - INFO - Processing Play Store file: _20260305_183538_CH02_NJNYC TMO_5G Auto_Playstore 100M_NJNY REF L2_Retest.csv (Size: 100M, Device: REF, Location: Moderate)
2026-03-09 11:20:33,733 - pipeline - INFO - Successfully analyzed _20260305_183538_CH02_NJNYC TMO_5G Auto_Playstore 100M_NJNY REF L2_Retest.csv: 170.8116214285714
2026-03-09 11:20:33,733 - pipeline - INFO - Processing Play Store file: _20260305_163158_CH01_NJNYC TMO_5G Auto_Playstore 30M_NJNY DUT L3_Retest.csv (Size: 30M, Device: DUT, Location: Poor)
2026-03-09 11:20:33,770 - pipeline - INFO - Successfully analyzed _20260305_163158_CH01_NJNYC TMO_5G Auto_Playstore 30M_NJNY DUT L3_Retest.csv: 46.271690064667844
2026-03-09 11:20:33,771 - pipeline - INFO - Processing Play Store file: _20260305_163158_CH02_NJNYC TMO_5G Auto_Playstore 30M_NJNY REF L3_Retest.csv (Size: 30M, Device: REF, Location: Poor)
2026-03-09 11:20:33,798 - pipeline - INFO - Successfully analyzed _20260305_163158_CH02_NJNYC TMO_5G Auto_Playstore 30M_NJNY REF L3_Retest.csv: 48.803069629629626
2026-03-09 11:20:33,799 - pipeline - INFO - Processing Play Store file: _20260305_164730_CH01_NJNYC TMO_5G Auto_Playstore 60M_NJNY DUT L3_Retest.csv (Size: 60M, Device: DUT, Location: Poor)
2026-03-09 11:20:33,821 - pipeline - INFO - Successfully analyzed _20260305_164730_CH01_NJNYC TMO_5G Auto_Playstore 60M_NJNY DUT L3_Retest.csv: 93.69039926406927
2026-03-09 11:20:33,822 - pipeline - INFO - Processing Play Store file: _20260305_164730_CH02_NJNYC TMO_5G Auto_Playstore 60M_NJNY REF L3_Retest.csv (Size: 60M, Device: REF, Location: Poor)
2026-03-09 11:20:33,845 - pipeline - INFO - Successfully analyzed _20260305_164730_CH02_NJNYC TMO_5G Auto_Playstore 60M_NJNY REF L3_Retest.csv: 90.55599661172161
2026-03-09 11:20:33,846 - pipeline - INFO - Processing Play Store file: _20260305_165716_CH01_NJNYC TMO_5G Auto_Playstore 100M_NJNY DUT L3_Retest.csv (Size: 100M, Device: DUT, Location: Poor)
2026-03-09 11:20:33,903 - pipeline - INFO - Successfully analyzed _20260305_165716_CH01_NJNYC TMO_5G Auto_Playstore 100M_NJNY DUT L3_Retest.csv: 96.56374333402782
2026-03-09 11:20:33,904 - pipeline - INFO - Processing Play Store file: _20260305_165716_CH02_NJNYC TMO_5G Auto_Playstore 100M_NJNY REF L3_Retest.csv (Size: 100M, Device: REF, Location: Poor)
2026-03-09 11:20:33,928 - pipeline - INFO - Successfully analyzed _20260305_165716_CH02_NJNYC TMO_5G Auto_Playstore 100M_NJNY REF L3_Retest.csv: 83.28131897860594
2026-03-09 11:20:33,929 - pipeline - INFO - Google Throughput analysis directory processing complete. Results found: True
2026-03-09 11:20:33,929 - pipeline - INFO - Analyzing MHS Drive directory: D:/ReportGenerator/Raw Data\#Huaqin\New York\Data Performance/5G AUTO DP/Mobility Test/5G Auto Data Test MHS Drive
2026-03-09 11:20:33,929 - pipeline - INFO - Analyzing MHS Drive directory: D:/ReportGenerator/Raw Data\#Huaqin\New York\Data Performance/5G AUTO DP/Mobility Test/5G Auto Data Test Drive
2026-03-09 11:20:35,208 - pipeline - INFO - Analyzing MHS Drive directory: D:/ReportGenerator/Raw Data\#Huaqin\New York\Data Performance/5G NSA DP/Mobility Test
2026-03-09 11:20:36,609 - pipeline - INFO - Running post-processing (VqLineChart, Coverage extraction)...
2026-03-09 11:20:36,766 - pipeline - INFO - Checking for CDF Throughput data to export...
2026-03-09 11:20:36,805 - pipeline - INFO - Exported 80 CDF throughput JSON files to D:/ReportGenerator/report-generator-app/public/AnalyzeResults\#Huaqin\New York\cdf_throughput_data
2026-03-09 11:20:36,811 - pipeline - INFO - Data Performance results exported to D:/ReportGenerator/report-generator-app/public/AnalyzeResults\#Huaqin\New York\data_performance_results.json
2026-03-09 11:20:36,818 - pipeline - INFO - Coverage Performance results exported to D:/ReportGenerator/report-generator-app/public/AnalyzeResults\#Huaqin\New York\coverage_performance_results.json
2026-03-09 11:20:36,819 - pipeline - INFO - Processing summary exported to D:/ReportGenerator/report-generator-app/public/AnalyzeResults\#Huaqin\New York\processing_summary.json
2026-03-09 11:20:36,819 - pipeline - INFO - Running final data validation...
2026-03-09 11:20:36,839 - pipeline - WARNING - Summary of Empty collections found in JSON files:
2026-03-09 11:20:36,839 - pipeline - WARNING -   - data_performance_results.json -> Data Performance -> 5G AUTO DP -> HTTP Multi Stream -> DL -> Good -> REF -> Throughput -> Outliers -> Empty List
2026-03-09 11:20:36,839 - pipeline - WARNING -   - data_performance_results.json -> Data Performance -> 5G AUTO DP -> HTTP Multi Stream -> DL -> Moderate -> DUT -> Throughput -> Outliers -> Empty List
2026-03-09 11:20:36,839 - pipeline - WARNING -   - data_performance_results.json -> Data Performance -> 5G AUTO DP -> HTTP Multi Stream -> DL -> Poor -> DUT -> Throughput -> Outliers -> Empty List
2026-03-09 11:20:36,840 - pipeline - WARNING -   - data_performance_results.json -> Data Performance -> 5G AUTO DP -> HTTP Multi Stream -> UL -> Moderate -> REF -> Throughput -> Outliers -> Empty List
2026-03-09 11:20:36,840 - pipeline - WARNING -   - data_performance_results.json -> Data Performance -> 5G AUTO DP -> HTTP Multi Stream -> UL -> Poor -> DUT -> Throughput -> Outliers -> Empty List
2026-03-09 11:20:36,840 - pipeline - WARNING -   - data_performance_results.json -> Data Performance -> 5G AUTO DP -> HTTP Multi Stream -> UL -> Poor -> REF -> Throughput -> Outliers -> Empty List
2026-03-09 11:20:36,840 - pipeline - WARNING -   - data_performance_results.json -> Data Performance -> 5G AUTO DP -> HTTP Single Stream -> DL -> Good -> DUT -> Throughput -> Outliers -> Empty List
2026-03-09 11:20:36,840 - pipeline - WARNING -   - data_performance_results.json -> Data Performance -> 5G AUTO DP -> HTTP Single Stream -> DL -> Good -> REF -> Throughput -> Outliers -> Empty List
2026-03-09 11:20:36,840 - pipeline - WARNING -   - data_performance_results.json -> Data Performance -> 5G AUTO DP -> HTTP Single Stream -> DL -> Moderate -> DUT -> Throughput -> Outliers -> Empty List
2026-03-09 11:20:36,840 - pipeline - WARNING -   - data_performance_results.json -> Data Performance -> 5G AUTO DP -> HTTP Single Stream -> DL -> Poor -> DUT -> Throughput -> Outliers -> Empty List
2026-03-09 11:20:36,840 - pipeline - WARNING -   - data_performance_results.json -> Data Performance -> 5G AUTO DP -> HTTP Single Stream -> DL -> Poor -> REF -> Throughput -> Outliers -> Empty List
2026-03-09 11:20:36,841 - pipeline - WARNING -   - data_performance_results.json -> Data Performance -> 5G AUTO DP -> HTTP Single Stream -> UL -> Good -> REF -> Throughput -> Outliers -> Empty List
2026-03-09 11:20:36,841 - pipeline - WARNING -   - data_performance_results.json -> Data Performance -> 5G AUTO DP -> Udp Test -> DL -> UDP Download Task at 200 Mbps for 10 seconds -> Moderate -> DUT -> Throughput -> Outliers -> Empty List
2026-03-09 11:20:36,841 - pipeline - WARNING -   - data_performance_results.json -> Data Performance -> 5G AUTO DP -> Udp Test -> DL -> UDP Download Task at 200 Mbps for 10 seconds -> Moderate -> REF -> Throughput -> Outliers -> Empty List
2026-03-09 11:20:36,841 - pipeline - WARNING -   - data_performance_results.json -> Data Performance -> 5G AUTO DP -> Udp Test -> DL -> UDP Download Task at 200 Mbps for 10 seconds -> Poor -> DUT -> Throughput -> Outliers -> Empty List
2026-03-09 11:20:36,841 - pipeline - WARNING -   - data_performance_results.json -> Data Performance -> 5G AUTO DP -> Udp Test -> DL -> UDP Download Task at 200 Mbps for 10 seconds -> Poor -> REF -> Throughput -> Outliers -> Empty List
2026-03-09 11:20:36,841 - pipeline - WARNING -   - data_performance_results.json -> Data Performance -> 5G AUTO DP -> Udp Test -> DL -> UDP Download Task at 400 Mbps for 10 seconds -> Good -> DUT -> Throughput -> Outliers -> Empty List
2026-03-09 11:20:36,841 - pipeline - WARNING -   - data_performance_results.json -> Data Performance -> 5G AUTO DP -> Udp Test -> DL -> UDP Download Task at 400 Mbps for 10 seconds -> Good -> REF -> Throughput -> Outliers -> Empty List
2026-03-09 11:20:36,842 - pipeline - WARNING -   - data_performance_results.json -> Data Performance -> 5G AUTO DP -> Udp Test -> DL -> UDP Download Task at 400 Mbps for 10 seconds -> Moderate -> DUT -> Throughput -> Outliers -> Empty List
2026-03-09 11:20:36,842 - pipeline - WARNING -   - data_performance_results.json -> Data Performance -> 5G AUTO DP -> Udp Test -> DL -> UDP Download Task at 400 Mbps for 10 seconds -> Moderate -> REF -> Throughput -> Outliers -> Empty List
2026-03-09 11:20:36,842 - pipeline - WARNING -   - data_performance_results.json -> Data Performance -> 5G AUTO DP -> Udp Test -> DL -> UDP Download Task at 400 Mbps for 10 seconds -> Poor -> DUT -> Throughput -> Outliers -> Empty List
2026-03-09 11:20:36,842 - pipeline - WARNING -   - data_performance_results.json -> Data Performance -> 5G AUTO DP -> Udp Test -> DL -> UDP Download Task at 400 Mbps for 10 seconds -> Poor -> REF -> Throughput -> Outliers -> Empty List
2026-03-09 11:20:36,842 - pipeline - WARNING -   - data_performance_results.json -> Data Performance -> 5G AUTO DP -> Udp Test -> UL -> UDP Upload Task at 10 Mbps for 10 seconds -> Good -> REF -> Throughput -> Outliers -> Empty List
2026-03-09 11:20:36,842 - pipeline - WARNING -   - data_performance_results.json -> Data Performance -> 5G AUTO DP -> Udp Test -> UL -> UDP Upload Task at 10 Mbps for 10 seconds -> Moderate -> DUT -> Throughput -> Outliers -> Empty List
2026-03-09 11:20:36,843 - pipeline - WARNING -   - data_performance_results.json -> Data Performance -> 5G AUTO DP -> Udp Test -> UL -> UDP Upload Task at 10 Mbps for 10 seconds -> Poor -> DUT -> Throughput -> Outliers -> Empty List
2026-03-09 11:20:36,843 - pipeline - WARNING -   - data_performance_results.json -> Data Performance -> 5G AUTO DP -> Udp Test -> UL -> UDP Upload Task at 10 Mbps for 10 seconds -> Poor -> REF -> Throughput -> Outliers -> Empty List
2026-03-09 11:20:36,843 - pipeline - WARNING -   - data_performance_results.json -> Data Performance -> 5G AUTO DP -> Udp Test -> UL -> UDP Upload Task at 20 Mbps for 10 seconds -> Good -> REF -> Throughput -> Outliers -> Empty List
2026-03-09 11:20:36,843 - pipeline - WARNING -   - data_performance_results.json -> Data Performance -> 5G AUTO DP -> Udp Test -> UL -> UDP Upload Task at 20 Mbps for 10 seconds -> Moderate -> REF -> Throughput -> Outliers -> Empty List
2026-03-09 11:20:36,843 - pipeline - WARNING -   - data_performance_results.json -> Data Performance -> 5G AUTO DP -> Udp Test -> UL -> UDP Upload Task at 20 Mbps for 10 seconds -> Poor -> DUT -> Throughput -> Outliers -> Empty List
2026-03-09 11:20:36,844 - pipeline - WARNING -   - data_performance_results.json -> Data Performance -> 5G NSA DP -> HTTP Multi Stream -> DL -> Poor -> DUT -> Throughput -> Outliers -> Empty List
2026-03-09 11:20:36,844 - pipeline - WARNING -   - data_performance_results.json -> Data Performance -> 5G NSA DP -> HTTP Multi Stream -> DL -> Poor -> REF -> Throughput -> Outliers -> Empty List
2026-03-09 11:20:36,844 - pipeline - WARNING -   - data_performance_results.json -> Data Performance -> 5G NSA DP -> HTTP Multi Stream -> UL -> Moderate -> DUT -> Throughput -> Outliers -> Empty List
2026-03-09 11:20:36,844 - pipeline - WARNING -   - data_performance_results.json -> Data Performance -> 5G NSA DP -> HTTP Multi Stream -> UL -> Poor -> DUT -> Throughput -> Outliers -> Empty List
2026-03-09 11:20:36,844 - pipeline - WARNING -   - data_performance_results.json -> Data Performance -> 5G NSA DP -> HTTP Multi Stream -> UL -> Poor -> REF -> Throughput -> Outliers -> Empty List
2026-03-09 11:20:36,844 - pipeline - WARNING -   - data_performance_results.json -> Data Performance -> 5G NSA DP -> HTTP Single Stream -> DL -> Poor -> DUT -> Throughput -> Outliers -> Empty List
2026-03-09 11:20:36,844 - pipeline - WARNING -   - data_performance_results.json -> Data Performance -> 5G NSA DP -> HTTP Single Stream -> DL -> Poor -> REF -> Throughput -> Outliers -> Empty List
2026-03-09 11:20:36,845 - pipeline - WARNING -   - data_performance_results.json -> Data Performance -> 5G NSA DP -> HTTP Single Stream -> UL -> Moderate -> DUT -> Throughput -> Outliers -> Empty List
2026-03-09 11:20:36,845 - pipeline - WARNING -   - data_performance_results.json -> Data Performance -> 5G NSA DP -> Mobility Test -> REF -> DL Throughput -> Outliers -> Empty List
2026-03-09 11:20:36,845 - pipeline - WARNING -   - data_performance_results.json -> Data Performance -> 5G NSA DP -> Udp Test -> DL -> UDP Download Task at 200 Mbps for 10 seconds -> Poor -> REF -> Throughput -> Outliers -> Empty List
2026-03-09 11:20:36,845 - pipeline - WARNING -   - data_performance_results.json -> Data Performance -> 5G NSA DP -> Udp Test -> DL -> UDP Download Task at 400 Mbps for 10 seconds -> Moderate -> DUT -> Throughput -> Outliers -> Empty List
2026-03-09 11:20:36,845 - pipeline - WARNING -   - data_performance_results.json -> Data Performance -> 5G NSA DP -> Udp Test -> DL -> UDP Download Task at 400 Mbps for 10 seconds -> Moderate -> REF -> Throughput -> Outliers -> Empty List
2026-03-09 11:20:36,845 - pipeline - WARNING -   - data_performance_results.json -> Data Performance -> 5G NSA DP -> Udp Test -> DL -> UDP Download Task at 400 Mbps for 10 seconds -> Poor -> DUT -> Throughput -> Outliers -> Empty List
2026-03-09 11:20:36,846 - pipeline - WARNING -   - data_performance_results.json -> Data Performance -> 5G NSA DP -> Udp Test -> DL -> UDP Download Task at 400 Mbps for 10 seconds -> Poor -> REF -> Throughput -> Outliers -> Empty List
2026-03-09 11:20:36,846 - pipeline - WARNING -   - data_performance_results.json -> Data Performance -> 5G NSA DP -> Udp Test -> UL -> 5G NSA_UDP Upload Task at 20 Mbps for 10 seconds -> Poor -> DUT -> Throughput -> Outliers -> Empty List
2026-03-09 11:20:36,846 - pipeline - INFO - Pipeline execution completed. Results in: D:/ReportGenerator/report-generator-app/public/AnalyzeResults\#Huaqin\New York
2026-03-09 11:20:36,850 - pipeline - INFO - Project: #Huaqin
2026-03-09 11:20:36,850 - pipeline - INFO - Project: #Huaqin
2026-03-09 11:20:36,850 - pipeline - INFO - Market: Seattle
2026-03-09 11:20:36,850 - pipeline - INFO - Market: Seattle
2026-03-09 11:20:36,850 - pipeline - INFO - Reading from: D:/ReportGenerator/Raw Data\#Huaqin\Seattle
2026-03-09 11:20:36,850 - pipeline - INFO - Reading from: D:/ReportGenerator/Raw Data\#Huaqin\Seattle
2026-03-09 11:20:36,851 - pipeline - INFO - Writing to: D:/ReportGenerator/report-generator-app/public/AnalyzeResults\#Huaqin\Seattle
2026-03-09 11:20:36,851 - pipeline - INFO - Writing to: D:/ReportGenerator/report-generator-app/public/AnalyzeResults\#Huaqin\Seattle
2026-03-09 11:20:36,851 - pipeline - INFO - Starting analysis pipeline...
2026-03-09 11:20:36,851 - pipeline - INFO - Starting analysis pipeline...
2026-03-09 11:20:36,857 - pipeline - INFO - Grouping 179 CSV files by directory and device type...
2026-03-09 11:20:36,857 - pipeline - INFO - Grouping 179 CSV files by directory and device type...
2026-03-09 11:20:36,859 - pipeline - INFO - Created 136 file groups for analysis
2026-03-09 11:20:36,859 - pipeline - INFO - Created 136 file groups for analysis
2026-03-09 11:20:36,860 - pipeline - INFO - Analyzing 1 file(s) for DUT in 5G Auto Data Web-Kepler
2026-03-09 11:20:36,860 - pipeline - INFO - Analyzing 1 file(s) for DUT in 5G Auto Data Web-Kepler
2026-03-09 11:20:36,912 - pipeline - INFO - Analyzing 1 file(s) for REF in 5G Auto Data Web-Kepler
2026-03-09 11:20:36,912 - pipeline - INFO - Analyzing 1 file(s) for REF in 5G Auto Data Web-Kepler
2026-03-09 11:20:36,971 - pipeline - INFO - Analyzing 1 file(s) for DUT in Good
2026-03-09 11:20:36,971 - pipeline - INFO - Analyzing 1 file(s) for DUT in Good
2026-03-09 11:20:37,056 - pipeline - INFO - Analyzing 1 file(s) for REF in Good
2026-03-09 11:20:37,056 - pipeline - INFO - Analyzing 1 file(s) for REF in Good
2026-03-09 11:20:37,144 - pipeline - INFO - Analyzing 2 file(s) for DUT in Moderate
2026-03-09 11:20:37,144 - pipeline - INFO - Analyzing 2 file(s) for DUT in Moderate
2026-03-09 11:20:37,335 - pipeline - INFO - Analyzing 1 file(s) for REF in Moderate
2026-03-09 11:20:37,335 - pipeline - INFO - Analyzing 1 file(s) for REF in Moderate
2026-03-09 11:20:37,389 - pipeline - INFO - Analyzing 2 file(s) for DUT in Poor
2026-03-09 11:20:37,389 - pipeline - INFO - Analyzing 2 file(s) for DUT in Poor
2026-03-09 11:20:37,479 - pipeline - INFO - Analyzing 2 file(s) for REF in Poor
2026-03-09 11:20:37,479 - pipeline - INFO - Analyzing 2 file(s) for REF in Poor
2026-03-09 11:20:37,573 - pipeline - INFO - Analyzing 1 file(s) for DUT in Good
2026-03-09 11:20:37,573 - pipeline - INFO - Analyzing 1 file(s) for DUT in Good
2026-03-09 11:20:37,664 - pipeline - INFO - Analyzing 1 file(s) for REF in Good
2026-03-09 11:20:37,664 - pipeline - INFO - Analyzing 1 file(s) for REF in Good
2026-03-09 11:20:37,729 - pipeline - INFO - Analyzing 1 file(s) for DUT in Moderate
2026-03-09 11:20:37,729 - pipeline - INFO - Analyzing 1 file(s) for DUT in Moderate
2026-03-09 11:20:37,796 - pipeline - INFO - Analyzing 1 file(s) for REF in Moderate
2026-03-09 11:20:37,796 - pipeline - INFO - Analyzing 1 file(s) for REF in Moderate
2026-03-09 11:20:37,859 - pipeline - INFO - Analyzing 1 file(s) for DUT in Poor
2026-03-09 11:20:37,859 - pipeline - INFO - Analyzing 1 file(s) for DUT in Poor
2026-03-09 11:20:37,899 - pipeline - INFO - Analyzing 1 file(s) for REF in Poor
2026-03-09 11:20:37,899 - pipeline - INFO - Analyzing 1 file(s) for REF in Poor
2026-03-09 11:20:37,984 - pipeline - INFO - Analyzing 1 file(s) for DUT in Good
2026-03-09 11:20:37,984 - pipeline - INFO - Analyzing 1 file(s) for DUT in Good
2026-03-09 11:20:38,071 - pipeline - INFO - Analyzing 1 file(s) for REF in Good
2026-03-09 11:20:38,071 - pipeline - INFO - Analyzing 1 file(s) for REF in Good
2026-03-09 11:20:38,155 - pipeline - INFO - Analyzing 1 file(s) for DUT in Moderate
2026-03-09 11:20:38,155 - pipeline - INFO - Analyzing 1 file(s) for DUT in Moderate
2026-03-09 11:20:38,247 - pipeline - INFO - Analyzing 1 file(s) for REF in Moderate
2026-03-09 11:20:38,247 - pipeline - INFO - Analyzing 1 file(s) for REF in Moderate
2026-03-09 11:20:38,331 - pipeline - INFO - Analyzing 1 file(s) for DUT in Poor
2026-03-09 11:20:38,331 - pipeline - INFO - Analyzing 1 file(s) for DUT in Poor
2026-03-09 11:20:38,416 - pipeline - INFO - Analyzing 1 file(s) for REF in Poor
2026-03-09 11:20:38,416 - pipeline - INFO - Analyzing 1 file(s) for REF in Poor
2026-03-09 11:20:38,495 - pipeline - INFO - Analyzing 1 file(s) for DUT in Good
2026-03-09 11:20:38,495 - pipeline - INFO - Analyzing 1 file(s) for DUT in Good
2026-03-09 11:20:38,544 - pipeline - INFO - Analyzing 1 file(s) for REF in Good
2026-03-09 11:20:38,544 - pipeline - INFO - Analyzing 1 file(s) for REF in Good
2026-03-09 11:20:38,589 - pipeline - INFO - Analyzing 1 file(s) for DUT in Moderate
2026-03-09 11:20:38,589 - pipeline - INFO - Analyzing 1 file(s) for DUT in Moderate
2026-03-09 11:20:38,651 - pipeline - INFO - Analyzing 1 file(s) for REF in Moderate
2026-03-09 11:20:38,651 - pipeline - INFO - Analyzing 1 file(s) for REF in Moderate
2026-03-09 11:20:38,704 - pipeline - INFO - Analyzing 1 file(s) for DUT in Poor
2026-03-09 11:20:38,704 - pipeline - INFO - Analyzing 1 file(s) for DUT in Poor
2026-03-09 11:20:38,772 - pipeline - INFO - Analyzing 1 file(s) for REF in Poor
2026-03-09 11:20:38,772 - pipeline - INFO - Analyzing 1 file(s) for REF in Poor
2026-03-09 11:20:38,819 - pipeline - INFO - Analyzing 2 file(s) for DUT in Moderate
2026-03-09 11:20:38,819 - pipeline - INFO - Analyzing 2 file(s) for DUT in Moderate
2026-03-09 11:20:38,924 - pipeline - INFO - Analyzing 2 file(s) for REF in Moderate
2026-03-09 11:20:38,924 - pipeline - INFO - Analyzing 2 file(s) for REF in Moderate
2026-03-09 11:20:39,015 - pipeline - INFO - Analyzing 2 file(s) for DUT in Poor
2026-03-09 11:20:39,015 - pipeline - INFO - Analyzing 2 file(s) for DUT in Poor
2026-03-09 11:20:39,147 - pipeline - INFO - Analyzing 2 file(s) for REF in Poor
2026-03-09 11:20:39,147 - pipeline - INFO - Analyzing 2 file(s) for REF in Poor
2026-03-09 11:20:39,259 - pipeline - INFO - Analyzing 1 file(s) for DUT in Moderate
2026-03-09 11:20:39,259 - pipeline - INFO - Analyzing 1 file(s) for DUT in Moderate
2026-03-09 11:20:39,325 - pipeline - INFO - Analyzing 1 file(s) for REF in Moderate
2026-03-09 11:20:39,325 - pipeline - INFO - Analyzing 1 file(s) for REF in Moderate
2026-03-09 11:20:39,377 - pipeline - INFO - Analyzing 1 file(s) for DUT in Poor
2026-03-09 11:20:39,377 - pipeline - INFO - Analyzing 1 file(s) for DUT in Poor
2026-03-09 11:20:39,431 - pipeline - INFO - Analyzing 1 file(s) for REF in Poor
2026-03-09 11:20:39,431 - pipeline - INFO - Analyzing 1 file(s) for REF in Poor
2026-03-09 11:20:39,498 - pipeline - INFO - Analyzing 1 file(s) for DUT in Moderate
2026-03-09 11:20:39,498 - pipeline - INFO - Analyzing 1 file(s) for DUT in Moderate
2026-03-09 11:20:39,593 - pipeline - INFO - Analyzing 1 file(s) for REF in Moderate
2026-03-09 11:20:39,593 - pipeline - INFO - Analyzing 1 file(s) for REF in Moderate
2026-03-09 11:20:39,714 - pipeline - INFO - Analyzing 2 file(s) for DUT in Poor
2026-03-09 11:20:39,714 - pipeline - INFO - Analyzing 2 file(s) for DUT in Poor
2026-03-09 11:20:39,832 - pipeline - INFO - Analyzing 2 file(s) for REF in Poor
2026-03-09 11:20:39,832 - pipeline - INFO - Analyzing 2 file(s) for REF in Poor
2026-03-09 11:20:39,928 - pipeline - INFO - Analyzing 1 file(s) for DUT in Moderate
2026-03-09 11:20:39,928 - pipeline - INFO - Analyzing 1 file(s) for DUT in Moderate
2026-03-09 11:20:39,970 - pipeline - INFO - Analyzing 1 file(s) for REF in Moderate
2026-03-09 11:20:39,970 - pipeline - INFO - Analyzing 1 file(s) for REF in Moderate
2026-03-09 11:20:40,011 - pipeline - INFO - Analyzing 2 file(s) for DUT in Poor
2026-03-09 11:20:40,011 - pipeline - INFO - Analyzing 2 file(s) for DUT in Poor
2026-03-09 11:20:40,077 - pipeline - INFO - Analyzing 2 file(s) for REF in Poor
2026-03-09 11:20:40,077 - pipeline - INFO - Analyzing 2 file(s) for REF in Poor
2026-03-09 11:20:40,151 - pipeline - INFO - Analyzing 1 file(s) for DUT in Moderate
2026-03-09 11:20:40,151 - pipeline - INFO - Analyzing 1 file(s) for DUT in Moderate
2026-03-09 11:20:40,225 - pipeline - INFO - Analyzing 1 file(s) for REF in Moderate
2026-03-09 11:20:40,225 - pipeline - INFO - Analyzing 1 file(s) for REF in Moderate
2026-03-09 11:20:40,297 - pipeline - INFO - Analyzing 2 file(s) for DUT in Poor
2026-03-09 11:20:40,297 - pipeline - INFO - Analyzing 2 file(s) for DUT in Poor
2026-03-09 11:20:40,390 - pipeline - INFO - Analyzing 2 file(s) for REF in Poor
2026-03-09 11:20:40,390 - pipeline - INFO - Analyzing 2 file(s) for REF in Poor
2026-03-09 11:20:40,486 - pipeline - INFO - Analyzing 1 file(s) for DUT in Moderate
2026-03-09 11:20:40,486 - pipeline - INFO - Analyzing 1 file(s) for DUT in Moderate
2026-03-09 11:20:40,560 - pipeline - INFO - Analyzing 1 file(s) for REF in Moderate
2026-03-09 11:20:40,560 - pipeline - INFO - Analyzing 1 file(s) for REF in Moderate
2026-03-09 11:20:40,623 - pipeline - INFO - Analyzing 2 file(s) for DUT in Poor
2026-03-09 11:20:40,623 - pipeline - INFO - Analyzing 2 file(s) for DUT in Poor
2026-03-09 11:20:40,712 - pipeline - INFO - Analyzing 2 file(s) for REF in Poor
2026-03-09 11:20:40,712 - pipeline - INFO - Analyzing 2 file(s) for REF in Poor
2026-03-09 11:20:40,799 - pipeline - INFO - Analyzing 3 file(s) for DUT in Moderate
2026-03-09 11:20:40,799 - pipeline - INFO - Analyzing 3 file(s) for DUT in Moderate
2026-03-09 11:20:40,998 - pipeline - INFO - Analyzing 3 file(s) for REF in Moderate
2026-03-09 11:20:40,998 - pipeline - INFO - Analyzing 3 file(s) for REF in Moderate
2026-03-09 11:20:41,194 - pipeline - INFO - Analyzing 2 file(s) for DUT in Poor
2026-03-09 11:20:41,194 - pipeline - INFO - Analyzing 2 file(s) for DUT in Poor
2026-03-09 11:20:41,311 - pipeline - INFO - Analyzing 2 file(s) for REF in Poor
2026-03-09 11:20:41,311 - pipeline - INFO - Analyzing 2 file(s) for REF in Poor
2026-03-09 11:20:41,432 - pipeline - INFO - Analyzing 1 file(s) for DUT in Moderate
2026-03-09 11:20:41,432 - pipeline - INFO - Analyzing 1 file(s) for DUT in Moderate
2026-03-09 11:20:41,503 - pipeline - INFO - Analyzing 1 file(s) for REF in Moderate
2026-03-09 11:20:41,503 - pipeline - INFO - Analyzing 1 file(s) for REF in Moderate
2026-03-09 11:20:41,566 - pipeline - INFO - Analyzing 2 file(s) for DUT in Poor
2026-03-09 11:20:41,566 - pipeline - INFO - Analyzing 2 file(s) for DUT in Poor
2026-03-09 11:20:41,655 - pipeline - INFO - Analyzing 2 file(s) for REF in Poor
2026-03-09 11:20:41,655 - pipeline - INFO - Analyzing 2 file(s) for REF in Poor
2026-03-09 11:20:41,741 - pipeline - INFO - Analyzing 1 file(s) for DUT in Moderate
2026-03-09 11:20:41,741 - pipeline - INFO - Analyzing 1 file(s) for DUT in Moderate
2026-03-09 11:20:41,809 - pipeline - INFO - Analyzing 1 file(s) for REF in Moderate
2026-03-09 11:20:41,809 - pipeline - INFO - Analyzing 1 file(s) for REF in Moderate
2026-03-09 11:20:41,868 - pipeline - INFO - Analyzing 1 file(s) for DUT in Poor
2026-03-09 11:20:41,868 - pipeline - INFO - Analyzing 1 file(s) for DUT in Poor
2026-03-09 11:20:41,935 - pipeline - INFO - Analyzing 1 file(s) for REF in Poor
2026-03-09 11:20:41,935 - pipeline - INFO - Analyzing 1 file(s) for REF in Poor
2026-03-09 11:20:42,008 - pipeline - INFO - Analyzing 1 file(s) for DUT in 5G Auto Data Test Drive
2026-03-09 11:20:42,008 - pipeline - INFO - Analyzing 1 file(s) for DUT in 5G Auto Data Test Drive
2026-03-09 11:20:42,321 - pipeline - INFO - Analyzing 1 file(s) for REF in 5G Auto Data Test Drive
2026-03-09 11:20:42,321 - pipeline - INFO - Analyzing 1 file(s) for REF in 5G Auto Data Test Drive
2026-03-09 11:20:42,655 - pipeline - INFO - Analyzing 1 file(s) for DUT in Good
2026-03-09 11:20:42,655 - pipeline - INFO - Analyzing 1 file(s) for DUT in Good
2026-03-09 11:20:42,714 - pipeline - INFO - Analyzing 1 file(s) for REF in Good
2026-03-09 11:20:42,714 - pipeline - INFO - Analyzing 1 file(s) for REF in Good
2026-03-09 11:20:42,770 - pipeline - INFO - Analyzing 1 file(s) for DUT in Moderate
2026-03-09 11:20:42,770 - pipeline - INFO - Analyzing 1 file(s) for DUT in Moderate
2026-03-09 11:20:42,844 - pipeline - INFO - Analyzing 1 file(s) for REF in Moderate
2026-03-09 11:20:42,844 - pipeline - INFO - Analyzing 1 file(s) for REF in Moderate
2026-03-09 11:20:42,910 - pipeline - INFO - Analyzing 1 file(s) for DUT in Good
2026-03-09 11:20:42,910 - pipeline - INFO - Analyzing 1 file(s) for DUT in Good
2026-03-09 11:20:42,985 - pipeline - INFO - Analyzing 1 file(s) for REF in Good
2026-03-09 11:20:42,985 - pipeline - INFO - Analyzing 1 file(s) for REF in Good
2026-03-09 11:20:43,066 - pipeline - INFO - Analyzing 1 file(s) for DUT in Moderate
2026-03-09 11:20:43,066 - pipeline - INFO - Analyzing 1 file(s) for DUT in Moderate
2026-03-09 11:20:43,149 - pipeline - INFO - Analyzing 1 file(s) for REF in Moderate
2026-03-09 11:20:43,149 - pipeline - INFO - Analyzing 1 file(s) for REF in Moderate
2026-03-09 11:20:43,227 - pipeline - INFO - Analyzing 1 file(s) for DUT in Poor
2026-03-09 11:20:43,227 - pipeline - INFO - Analyzing 1 file(s) for DUT in Poor
2026-03-09 11:20:43,299 - pipeline - INFO - Analyzing 1 file(s) for REF in Poor
2026-03-09 11:20:43,299 - pipeline - INFO - Analyzing 1 file(s) for REF in Poor
2026-03-09 11:20:43,381 - pipeline - INFO - Analyzing 1 file(s) for DUT in Good
2026-03-09 11:20:43,381 - pipeline - INFO - Analyzing 1 file(s) for DUT in Good
2026-03-09 11:20:43,463 - pipeline - INFO - Analyzing 1 file(s) for REF in Good
2026-03-09 11:20:43,463 - pipeline - INFO - Analyzing 1 file(s) for REF in Good
2026-03-09 11:20:43,538 - pipeline - INFO - Analyzing 1 file(s) for DUT in Moderate
2026-03-09 11:20:43,538 - pipeline - INFO - Analyzing 1 file(s) for DUT in Moderate
2026-03-09 11:20:43,608 - pipeline - INFO - Analyzing 1 file(s) for REF in Moderate
2026-03-09 11:20:43,608 - pipeline - INFO - Analyzing 1 file(s) for REF in Moderate
2026-03-09 11:20:43,690 - pipeline - INFO - Analyzing 1 file(s) for DUT in Poor
2026-03-09 11:20:43,690 - pipeline - INFO - Analyzing 1 file(s) for DUT in Poor
2026-03-09 11:20:43,769 - pipeline - INFO - Analyzing 1 file(s) for REF in Poor
2026-03-09 11:20:43,769 - pipeline - INFO - Analyzing 1 file(s) for REF in Poor
2026-03-09 11:20:43,839 - pipeline - INFO - Analyzing 1 file(s) for DUT in Good
2026-03-09 11:20:43,839 - pipeline - INFO - Analyzing 1 file(s) for DUT in Good
2026-03-09 11:20:43,901 - pipeline - INFO - Analyzing 1 file(s) for REF in Good
2026-03-09 11:20:43,901 - pipeline - INFO - Analyzing 1 file(s) for REF in Good
2026-03-09 11:20:43,964 - pipeline - INFO - Analyzing 1 file(s) for DUT in Moderate
2026-03-09 11:20:43,964 - pipeline - INFO - Analyzing 1 file(s) for DUT in Moderate
2026-03-09 11:20:44,057 - pipeline - INFO - Analyzing 1 file(s) for REF in Moderate
2026-03-09 11:20:44,057 - pipeline - INFO - Analyzing 1 file(s) for REF in Moderate
2026-03-09 11:20:44,131 - pipeline - INFO - Analyzing 1 file(s) for DUT in Poor
2026-03-09 11:20:44,131 - pipeline - INFO - Analyzing 1 file(s) for DUT in Poor
2026-03-09 11:20:44,202 - pipeline - INFO - Analyzing 1 file(s) for REF in Poor
2026-03-09 11:20:44,202 - pipeline - INFO - Analyzing 1 file(s) for REF in Poor
2026-03-09 11:20:44,269 - pipeline - INFO - Analyzing 1 file(s) for DUT in Good
2026-03-09 11:20:44,269 - pipeline - INFO - Analyzing 1 file(s) for DUT in Good
2026-03-09 11:20:44,347 - pipeline - INFO - Analyzing 1 file(s) for REF in Good
2026-03-09 11:20:44,347 - pipeline - INFO - Analyzing 1 file(s) for REF in Good
2026-03-09 11:20:44,421 - pipeline - INFO - Analyzing 1 file(s) for DUT in Moderate
2026-03-09 11:20:44,421 - pipeline - INFO - Analyzing 1 file(s) for DUT in Moderate
2026-03-09 11:20:44,490 - pipeline - INFO - Analyzing 1 file(s) for REF in Moderate
2026-03-09 11:20:44,490 - pipeline - INFO - Analyzing 1 file(s) for REF in Moderate
2026-03-09 11:20:44,556 - pipeline - INFO - Analyzing 1 file(s) for DUT in Poor
2026-03-09 11:20:44,556 - pipeline - INFO - Analyzing 1 file(s) for DUT in Poor
2026-03-09 11:20:44,618 - pipeline - INFO - Analyzing 1 file(s) for REF in Poor
2026-03-09 11:20:44,618 - pipeline - INFO - Analyzing 1 file(s) for REF in Poor
2026-03-09 11:20:44,682 - pipeline - INFO - Analyzing 1 file(s) for DUT in Moderate
2026-03-09 11:20:44,682 - pipeline - INFO - Analyzing 1 file(s) for DUT in Moderate
2026-03-09 11:20:44,737 - pipeline - INFO - Analyzing 1 file(s) for REF in Moderate
2026-03-09 11:20:44,737 - pipeline - INFO - Analyzing 1 file(s) for REF in Moderate
2026-03-09 11:20:44,797 - pipeline - INFO - Analyzing 2 file(s) for DUT in Poor
2026-03-09 11:20:44,797 - pipeline - INFO - Analyzing 2 file(s) for DUT in Poor
2026-03-09 11:20:44,892 - pipeline - INFO - Analyzing 2 file(s) for REF in Poor
2026-03-09 11:20:44,892 - pipeline - INFO - Analyzing 2 file(s) for REF in Poor
2026-03-09 11:20:45,003 - pipeline - INFO - Analyzing 1 file(s) for DUT in Moderate
2026-03-09 11:20:45,003 - pipeline - INFO - Analyzing 1 file(s) for DUT in Moderate
2026-03-09 11:20:45,055 - pipeline - INFO - Analyzing 1 file(s) for REF in Moderate
2026-03-09 11:20:45,055 - pipeline - INFO - Analyzing 1 file(s) for REF in Moderate
2026-03-09 11:20:45,107 - pipeline - INFO - Analyzing 1 file(s) for DUT in Poor
2026-03-09 11:20:45,107 - pipeline - INFO - Analyzing 1 file(s) for DUT in Poor
2026-03-09 11:20:45,161 - pipeline - INFO - Analyzing 1 file(s) for REF in Poor
2026-03-09 11:20:45,161 - pipeline - INFO - Analyzing 1 file(s) for REF in Poor
2026-03-09 11:20:45,221 - pipeline - INFO - Analyzing 2 file(s) for DUT in Moderate
2026-03-09 11:20:45,221 - pipeline - INFO - Analyzing 2 file(s) for DUT in Moderate
2026-03-09 11:20:45,323 - pipeline - INFO - Analyzing 2 file(s) for REF in Moderate
2026-03-09 11:20:45,323 - pipeline - INFO - Analyzing 2 file(s) for REF in Moderate
2026-03-09 11:20:45,421 - pipeline - INFO - Analyzing 1 file(s) for DUT in Poor
2026-03-09 11:20:45,421 - pipeline - INFO - Analyzing 1 file(s) for DUT in Poor
2026-03-09 11:20:45,494 - pipeline - INFO - Analyzing 1 file(s) for REF in Poor
2026-03-09 11:20:45,494 - pipeline - INFO - Analyzing 1 file(s) for REF in Poor
2026-03-09 11:20:45,572 - pipeline - INFO - Analyzing 2 file(s) for DUT in Moderate
2026-03-09 11:20:45,572 - pipeline - INFO - Analyzing 2 file(s) for DUT in Moderate
2026-03-09 11:20:45,642 - pipeline - INFO - Analyzing 2 file(s) for REF in Moderate
2026-03-09 11:20:45,642 - pipeline - INFO - Analyzing 2 file(s) for REF in Moderate
2026-03-09 11:20:45,719 - pipeline - INFO - Analyzing 1 file(s) for DUT in Poor
2026-03-09 11:20:45,719 - pipeline - INFO - Analyzing 1 file(s) for DUT in Poor
2026-03-09 11:20:45,767 - pipeline - INFO - Analyzing 1 file(s) for REF in Poor
2026-03-09 11:20:45,767 - pipeline - INFO - Analyzing 1 file(s) for REF in Poor
2026-03-09 11:20:45,813 - pipeline - INFO - Analyzing 1 file(s) for DUT in Mobility Test
2026-03-09 11:20:45,813 - pipeline - INFO - Analyzing 1 file(s) for DUT in Mobility Test
2026-03-09 11:20:46,178 - pipeline - INFO - Analyzing 1 file(s) for REF in Mobility Test
2026-03-09 11:20:46,178 - pipeline - INFO - Analyzing 1 file(s) for REF in Mobility Test
2026-03-09 11:20:46,531 - pipeline - INFO - Analyzing 1 file(s) for DUT in Moderate
2026-03-09 11:20:46,531 - pipeline - INFO - Analyzing 1 file(s) for DUT in Moderate
2026-03-09 11:20:46,596 - pipeline - INFO - Analyzing 1 file(s) for REF in Moderate
2026-03-09 11:20:46,596 - pipeline - INFO - Analyzing 1 file(s) for REF in Moderate
2026-03-09 11:20:46,663 - pipeline - INFO - Analyzing 1 file(s) for DUT in Poor
2026-03-09 11:20:46,663 - pipeline - INFO - Analyzing 1 file(s) for DUT in Poor
2026-03-09 11:20:46,723 - pipeline - INFO - Analyzing 1 file(s) for REF in Poor
2026-03-09 11:20:46,723 - pipeline - INFO - Analyzing 1 file(s) for REF in Poor
2026-03-09 11:20:46,784 - pipeline - INFO - Analyzing 1 file(s) for DUT in Moderate
2026-03-09 11:20:46,784 - pipeline - INFO - Analyzing 1 file(s) for DUT in Moderate
2026-03-09 11:20:46,863 - pipeline - INFO - Analyzing 1 file(s) for REF in Moderate
2026-03-09 11:20:46,863 - pipeline - INFO - Analyzing 1 file(s) for REF in Moderate
2026-03-09 11:20:46,935 - pipeline - INFO - Analyzing 1 file(s) for DUT in Poor
2026-03-09 11:20:46,935 - pipeline - INFO - Analyzing 1 file(s) for DUT in Poor
2026-03-09 11:20:47,010 - pipeline - INFO - Analyzing 1 file(s) for REF in Poor
2026-03-09 11:20:47,010 - pipeline - INFO - Analyzing 1 file(s) for REF in Poor
2026-03-09 11:20:47,082 - pipeline - INFO - Analyzing 2 file(s) for DUT in Moderate
2026-03-09 11:20:47,082 - pipeline - INFO - Analyzing 2 file(s) for DUT in Moderate
2026-03-09 11:20:47,197 - pipeline - INFO - Analyzing 2 file(s) for REF in Moderate
2026-03-09 11:20:47,197 - pipeline - INFO - Analyzing 2 file(s) for REF in Moderate
2026-03-09 11:20:47,309 - pipeline - INFO - Analyzing 1 file(s) for DUT in Poor
2026-03-09 11:20:47,309 - pipeline - INFO - Analyzing 1 file(s) for DUT in Poor
2026-03-09 11:20:47,380 - pipeline - INFO - Analyzing 1 file(s) for REF in Poor
2026-03-09 11:20:47,380 - pipeline - INFO - Analyzing 1 file(s) for REF in Poor
2026-03-09 11:20:47,461 - pipeline - INFO - Analyzing 1 file(s) for DUT in Moderate
2026-03-09 11:20:47,461 - pipeline - INFO - Analyzing 1 file(s) for DUT in Moderate
2026-03-09 11:20:47,529 - pipeline - INFO - Analyzing 1 file(s) for REF in Moderate
2026-03-09 11:20:47,529 - pipeline - INFO - Analyzing 1 file(s) for REF in Moderate
2026-03-09 11:20:47,593 - pipeline - INFO - Analyzing 1 file(s) for DUT in Poor
2026-03-09 11:20:47,593 - pipeline - INFO - Analyzing 1 file(s) for DUT in Poor
2026-03-09 11:20:47,666 - pipeline - INFO - Analyzing 1 file(s) for REF in Poor
2026-03-09 11:20:47,666 - pipeline - INFO - Analyzing 1 file(s) for REF in Poor
2026-03-09 11:20:47,734 - pipeline - INFO - Analyzing 1 file(s) for DUT in Moderate
2026-03-09 11:20:47,734 - pipeline - INFO - Analyzing 1 file(s) for DUT in Moderate
2026-03-09 11:20:47,806 - pipeline - INFO - Analyzing 1 file(s) for REF in Moderate
2026-03-09 11:20:47,806 - pipeline - INFO - Analyzing 1 file(s) for REF in Moderate
2026-03-09 11:20:47,873 - pipeline - INFO - Analyzing 1 file(s) for DUT in Poor
2026-03-09 11:20:47,873 - pipeline - INFO - Analyzing 1 file(s) for DUT in Poor
2026-03-09 11:20:47,947 - pipeline - INFO - Analyzing 1 file(s) for REF in Poor
2026-03-09 11:20:47,947 - pipeline - INFO - Analyzing 1 file(s) for REF in Poor
2026-03-09 11:20:48,017 - pipeline - INFO - Processing directory-level analyses...
2026-03-09 11:20:48,017 - pipeline - INFO - Processing directory-level analyses...
2026-03-09 11:20:48,018 - pipeline - INFO - Analyzing Coverage directory: D:/ReportGenerator/Raw Data\#Huaqin\Seattle\Coverage Performance (Type: coverage_coordinate)
2026-03-09 11:20:48,018 - pipeline - INFO - Analyzing Coverage directory: D:/ReportGenerator/Raw Data\#Huaqin\Seattle\Coverage Performance (Type: coverage_coordinate)
2026-03-09 11:20:48,019 - pipeline - INFO - Analyzing Coverage directory: D:/ReportGenerator/Raw Data\#Huaqin\Seattle\Coverage Performance/5G n41 HPUE Coverage Test (Type: n41_coverage)
2026-03-09 11:20:48,019 - pipeline - INFO - Analyzing Coverage directory: D:/ReportGenerator/Raw Data\#Huaqin\Seattle\Coverage Performance/5G n41 HPUE Coverage Test (Type: n41_coverage)
2026-03-09 11:20:48,858 - pipeline - INFO - Analyzing Coverage directory: D:/ReportGenerator/Raw Data\#Huaqin\Seattle\Coverage Performance/5G VoNR Coverage Test (Type: vonr_coverage_performance)
2026-03-09 11:20:48,858 - pipeline - INFO - Analyzing Coverage directory: D:/ReportGenerator/Raw Data\#Huaqin\Seattle\Coverage Performance/5G VoNR Coverage Test (Type: vonr_coverage_performance)
2026-03-09 11:20:49,903 - pipeline - INFO - Running timeline analysis for: Coverage Performance/5G VoNR Coverage Test
2026-03-09 11:20:49,903 - pipeline - INFO - Running timeline analysis for: Coverage Performance/5G VoNR Coverage Test
2026-03-09 11:20:49,904 - pipeline - INFO - Analyzing Coverage directory: D:/ReportGenerator/Raw Data\#Huaqin\Seattle\Coverage Performance/5G VoNR Coverage Test (Type: coverage_timeline)
2026-03-09 11:20:49,904 - pipeline - INFO - Analyzing Coverage directory: D:/ReportGenerator/Raw Data\#Huaqin\Seattle\Coverage Performance/5G VoNR Coverage Test (Type: coverage_timeline)
2026-03-09 11:20:49,905 - pipeline - INFO - Analyzing Coverage Timeline for: D:/ReportGenerator/Raw Data\#Huaqin\Seattle\Coverage Performance/5G VoNR Coverage Test
2026-03-09 11:20:49,905 - pipeline - INFO - Analyzing Coverage Timeline for: D:/ReportGenerator/Raw Data\#Huaqin\Seattle\Coverage Performance/5G VoNR Coverage Test
2026-03-09 11:20:49,906 - pipeline - INFO - Processing rsrp timeline...
2026-03-09 11:20:49,906 - pipeline - INFO - Processing rsrp timeline...
2026-03-09 11:20:50,344 - pipeline - INFO - Processing sinr timeline...
2026-03-09 11:20:50,344 - pipeline - INFO - Processing sinr timeline...
2026-03-09 11:20:50,779 - pipeline - INFO - Processing txpower timeline...
2026-03-09 11:20:50,779 - pipeline - INFO - Processing txpower timeline...
2026-03-09 11:20:51,224 - pipeline - INFO - Analyzing Coverage directory: D:/ReportGenerator/Raw Data\#Huaqin\Seattle\Coverage Performance/LTE Coverage Test (Type: vonr_coverage_performance)
2026-03-09 11:20:51,224 - pipeline - INFO - Analyzing Coverage directory: D:/ReportGenerator/Raw Data\#Huaqin\Seattle\Coverage Performance/LTE Coverage Test (Type: vonr_coverage_performance)
2026-03-09 11:20:51,224 - pipeline - INFO - Using Seattle_LTE coordinates for LTE Coverage Test
2026-03-09 11:20:51,224 - pipeline - INFO - Using Seattle_LTE coordinates for LTE Coverage Test
2026-03-09 11:20:52,396 - pipeline - INFO - Running timeline analysis for: Coverage Performance/LTE Coverage Test
2026-03-09 11:20:52,396 - pipeline - INFO - Running timeline analysis for: Coverage Performance/LTE Coverage Test
2026-03-09 11:20:52,398 - pipeline - INFO - Analyzing Coverage directory: D:/ReportGenerator/Raw Data\#Huaqin\Seattle\Coverage Performance/LTE Coverage Test (Type: coverage_timeline)
2026-03-09 11:20:52,398 - pipeline - INFO - Analyzing Coverage directory: D:/ReportGenerator/Raw Data\#Huaqin\Seattle\Coverage Performance/LTE Coverage Test (Type: coverage_timeline)
2026-03-09 11:20:52,399 - pipeline - INFO - Using Seattle_LTE coordinates for LTE Coverage Test
2026-03-09 11:20:52,399 - pipeline - INFO - Using Seattle_LTE coordinates for LTE Coverage Test
2026-03-09 11:20:52,400 - pipeline - INFO - Analyzing Coverage Timeline for: D:/ReportGenerator/Raw Data\#Huaqin\Seattle\Coverage Performance/LTE Coverage Test
2026-03-09 11:20:52,400 - pipeline - INFO - Analyzing Coverage Timeline for: D:/ReportGenerator/Raw Data\#Huaqin\Seattle\Coverage Performance/LTE Coverage Test
2026-03-09 11:20:52,401 - pipeline - INFO - Processing rsrp timeline...
2026-03-09 11:20:52,401 - pipeline - INFO - Processing rsrp timeline...
2026-03-09 11:20:52,613 - pipeline - INFO - Processing sinr timeline...
2026-03-09 11:20:52,613 - pipeline - INFO - Processing sinr timeline...
2026-03-09 11:20:52,881 - pipeline - INFO - Processing txpower timeline...
2026-03-09 11:20:52,881 - pipeline - INFO - Processing txpower timeline...
2026-03-09 11:20:53,121 - pipeline - INFO - Analyzing Google Throughput directory: D:/ReportGenerator/Raw Data\#Huaqin\Seattle\Data Performance/5G AUTO DP/5G Auto Data Play-store app Download
2026-03-09 11:20:53,121 - pipeline - INFO - Analyzing Google Throughput directory: D:/ReportGenerator/Raw Data\#Huaqin\Seattle\Data Performance/5G AUTO DP/5G Auto Data Play-store app Download
2026-03-09 11:20:53,123 - pipeline - INFO - Processing Play Store file: _20260302_152314_CH01_TMO_5G AUTO Play Store 60MB_SEA L1 DUT__1.csv (Size: 60M, Device: DUT, Location: Good)
2026-03-09 11:20:53,123 - pipeline - INFO - Processing Play Store file: _20260302_152314_CH01_TMO_5G AUTO Play Store 60MB_SEA L1 DUT__1.csv (Size: 60M, Device: DUT, Location: Good)
2026-03-09 11:20:53,154 - pipeline - INFO - Successfully analyzed _20260302_152314_CH01_TMO_5G AUTO Play Store 60MB_SEA L1 DUT__1.csv: 155.01473298059966
2026-03-09 11:20:53,154 - pipeline - INFO - Successfully analyzed _20260302_152314_CH01_TMO_5G AUTO Play Store 60MB_SEA L1 DUT__1.csv: 155.01473298059966
2026-03-09 11:20:53,155 - pipeline - INFO - Processing Play Store file: _20260302_152314_CH02_TMO_5G AUTO Play Store 60MB_SEA L1 REF__1.csv (Size: 60M, Device: REF, Location: Good)
2026-03-09 11:20:53,155 - pipeline - INFO - Processing Play Store file: _20260302_152314_CH02_TMO_5G AUTO Play Store 60MB_SEA L1 REF__1.csv (Size: 60M, Device: REF, Location: Good)
2026-03-09 11:20:53,173 - pipeline - INFO - Successfully analyzed _20260302_152314_CH02_TMO_5G AUTO Play Store 60MB_SEA L1 REF__1.csv: 305.6204
2026-03-09 11:20:53,173 - pipeline - INFO - Successfully analyzed _20260302_152314_CH02_TMO_5G AUTO Play Store 60MB_SEA L1 REF__1.csv: 305.6204
2026-03-09 11:20:53,174 - pipeline - INFO - Processing Play Store file: _20260302_153432_CH01_TMO_5G AUTO Play Store 100MB_SEA L1 DUT__1.csv (Size: 100M, Device: DUT, Location: Good)
2026-03-09 11:20:53,174 - pipeline - INFO - Processing Play Store file: _20260302_153432_CH01_TMO_5G AUTO Play Store 100MB_SEA L1 DUT__1.csv (Size: 100M, Device: DUT, Location: Good)
2026-03-09 11:20:53,205 - pipeline - INFO - Successfully analyzed _20260302_153432_CH01_TMO_5G AUTO Play Store 100MB_SEA L1 DUT__1.csv: 185.3697074829932
2026-03-09 11:20:53,205 - pipeline - INFO - Successfully analyzed _20260302_153432_CH01_TMO_5G AUTO Play Store 100MB_SEA L1 DUT__1.csv: 185.3697074829932
2026-03-09 11:20:53,206 - pipeline - INFO - Processing Play Store file: _20260302_153432_CH02_TMO_5G AUTO Play Store 100MB_SEA L1 REF__1.csv (Size: 100M, Device: REF, Location: Good)
2026-03-09 11:20:53,206 - pipeline - INFO - Processing Play Store file: _20260302_153432_CH02_TMO_5G AUTO Play Store 100MB_SEA L1 REF__1.csv (Size: 100M, Device: REF, Location: Good)
2026-03-09 11:20:53,228 - pipeline - INFO - Successfully analyzed _20260302_153432_CH02_TMO_5G AUTO Play Store 100MB_SEA L1 REF__1.csv: 290.9585
2026-03-09 11:20:53,228 - pipeline - INFO - Successfully analyzed _20260302_153432_CH02_TMO_5G AUTO Play Store 100MB_SEA L1 REF__1.csv: 290.9585
2026-03-09 11:20:53,229 - pipeline - INFO - Processing Play Store file: _20260302_155139_CH01_TMO_5G AUTO Play Store 30MB_SEA L1 DUT__1.csv (Size: 30M, Device: DUT, Location: Good)
2026-03-09 11:20:53,229 - pipeline - INFO - Processing Play Store file: _20260302_155139_CH01_TMO_5G AUTO Play Store 30MB_SEA L1 DUT__1.csv (Size: 30M, Device: DUT, Location: Good)
2026-03-09 11:20:53,255 - pipeline - INFO - Successfully analyzed _20260302_155139_CH01_TMO_5G AUTO Play Store 30MB_SEA L1 DUT__1.csv: 94.57255555555555
2026-03-09 11:20:53,255 - pipeline - INFO - Successfully analyzed _20260302_155139_CH01_TMO_5G AUTO Play Store 30MB_SEA L1 DUT__1.csv: 94.57255555555555
2026-03-09 11:20:53,256 - pipeline - INFO - Processing Play Store file: _20260302_155139_CH02_TMO_5G AUTO Play Store 30MB_SEA L1 REF__1.csv (Size: 30M, Device: REF, Location: Good)
2026-03-09 11:20:53,256 - pipeline - INFO - Processing Play Store file: _20260302_155139_CH02_TMO_5G AUTO Play Store 30MB_SEA L1 REF__1.csv (Size: 30M, Device: REF, Location: Good)
2026-03-09 11:20:53,275 - pipeline - INFO - Successfully analyzed _20260302_155139_CH02_TMO_5G AUTO Play Store 30MB_SEA L1 REF__1.csv: 267.7238
2026-03-09 11:20:53,275 - pipeline - INFO - Successfully analyzed _20260302_155139_CH02_TMO_5G AUTO Play Store 30MB_SEA L1 REF__1.csv: 267.7238
2026-03-09 11:20:53,276 - pipeline - INFO - Processing Play Store file: _20260301_170456_CH01_TMO_5G AUTO_Play Store 30MB_SEA L2 DUT_.csv (Size: 30M, Device: DUT, Location: Moderate)
2026-03-09 11:20:53,276 - pipeline - INFO - Processing Play Store file: _20260301_170456_CH01_TMO_5G AUTO_Play Store 30MB_SEA L2 DUT_.csv (Size: 30M, Device: DUT, Location: Moderate)
2026-03-09 11:20:53,324 - pipeline - INFO - Successfully analyzed _20260301_170456_CH01_TMO_5G AUTO_Play Store 30MB_SEA L2 DUT_.csv: 34.51459145103263
2026-03-09 11:20:53,324 - pipeline - INFO - Successfully analyzed _20260301_170456_CH01_TMO_5G AUTO_Play Store 30MB_SEA L2 DUT_.csv: 34.51459145103263
2026-03-09 11:20:53,325 - pipeline - INFO - Processing Play Store file: _20260301_170456_CH02_TMO_5G AUTO_Play Store 30MB_SEA L2 REF_.csv (Size: 30M, Device: REF, Location: Moderate)
2026-03-09 11:20:53,325 - pipeline - INFO - Processing Play Store file: _20260301_170456_CH02_TMO_5G AUTO_Play Store 30MB_SEA L2 REF_.csv (Size: 30M, Device: REF, Location: Moderate)
2026-03-09 11:20:53,357 - pipeline - INFO - Successfully analyzed _20260301_170456_CH02_TMO_5G AUTO_Play Store 30MB_SEA L2 REF_.csv: 16.48732008565802
2026-03-09 11:20:53,357 - pipeline - INFO - Successfully analyzed _20260301_170456_CH02_TMO_5G AUTO_Play Store 30MB_SEA L2 REF_.csv: 16.48732008565802
2026-03-09 11:20:53,358 - pipeline - INFO - Processing Play Store file: _20260301_172130_CH01_TMO_5G AUTO_Play Store 60MB_SEA L2 DUT_.csv (Size: 60M, Device: DUT, Location: Moderate)
2026-03-09 11:20:53,358 - pipeline - INFO - Processing Play Store file: _20260301_172130_CH01_TMO_5G AUTO_Play Store 60MB_SEA L2 DUT_.csv (Size: 60M, Device: DUT, Location: Moderate)
2026-03-09 11:20:53,401 - pipeline - INFO - Successfully analyzed _20260301_172130_CH01_TMO_5G AUTO_Play Store 60MB_SEA L2 DUT_.csv: 45.46115495082695
2026-03-09 11:20:53,401 - pipeline - INFO - Successfully analyzed _20260301_172130_CH01_TMO_5G AUTO_Play Store 60MB_SEA L2 DUT_.csv: 45.46115495082695
2026-03-09 11:20:53,402 - pipeline - INFO - Processing Play Store file: _20260301_172130_CH02_TMO_5G AUTO_Play Store 60MB_SEA L2 REF_.csv (Size: 60M, Device: REF, Location: Moderate)
2026-03-09 11:20:53,402 - pipeline - INFO - Processing Play Store file: _20260301_172130_CH02_TMO_5G AUTO_Play Store 60MB_SEA L2 REF_.csv (Size: 60M, Device: REF, Location: Moderate)
2026-03-09 11:20:53,444 - pipeline - INFO - Successfully analyzed _20260301_172130_CH02_TMO_5G AUTO_Play Store 60MB_SEA L2 REF_.csv: 21.70656079333675
2026-03-09 11:20:53,444 - pipeline - INFO - Successfully analyzed _20260301_172130_CH02_TMO_5G AUTO_Play Store 60MB_SEA L2 REF_.csv: 21.70656079333675
2026-03-09 11:20:53,445 - pipeline - INFO - Processing Play Store file: _20260301_174915_CH01_TMO_5G AUTO_Play Store 100MB_SEA L2 DUT_.csv (Size: 100M, Device: DUT, Location: Moderate)
2026-03-09 11:20:53,445 - pipeline - INFO - Processing Play Store file: _20260301_174915_CH01_TMO_5G AUTO_Play Store 100MB_SEA L2 DUT_.csv (Size: 100M, Device: DUT, Location: Moderate)
2026-03-09 11:20:53,490 - pipeline - INFO - Successfully analyzed _20260301_174915_CH01_TMO_5G AUTO_Play Store 100MB_SEA L2 DUT_.csv: 52.55326158912571
2026-03-09 11:20:53,490 - pipeline - INFO - Successfully analyzed _20260301_174915_CH01_TMO_5G AUTO_Play Store 100MB_SEA L2 DUT_.csv: 52.55326158912571
2026-03-09 11:20:53,491 - pipeline - INFO - Processing Play Store file: _20260301_174915_CH02_TMO_5G AUTO_Play Store 100MB_SEA L2 REF_.csv (Size: 100M, Device: REF, Location: Moderate)
2026-03-09 11:20:53,491 - pipeline - INFO - Processing Play Store file: _20260301_174915_CH02_TMO_5G AUTO_Play Store 100MB_SEA L2 REF_.csv (Size: 100M, Device: REF, Location: Moderate)
2026-03-09 11:20:53,522 - pipeline - INFO - Successfully analyzed _20260301_174915_CH02_TMO_5G AUTO_Play Store 100MB_SEA L2 REF_.csv: 25.50025299263049
2026-03-09 11:20:53,522 - pipeline - INFO - Successfully analyzed _20260301_174915_CH02_TMO_5G AUTO_Play Store 100MB_SEA L2 REF_.csv: 25.50025299263049
2026-03-09 11:20:53,523 - pipeline - INFO - Processing Play Store file: _20260305_133728_CH01_TMO_5G AUTO_Play Store 30 MB_SEA L3 DUT_.csv (Size: 30M, Device: DUT, Location: Poor)
2026-03-09 11:20:53,523 - pipeline - INFO - Processing Play Store file: _20260305_133728_CH01_TMO_5G AUTO_Play Store 30 MB_SEA L3 DUT_.csv (Size: 30M, Device: DUT, Location: Poor)
2026-03-09 11:20:53,556 - pipeline - INFO - Successfully analyzed _20260305_133728_CH01_TMO_5G AUTO_Play Store 30 MB_SEA L3 DUT_.csv: 4.407930210072966
2026-03-09 11:20:53,556 - pipeline - INFO - Successfully analyzed _20260305_133728_CH01_TMO_5G AUTO_Play Store 30 MB_SEA L3 DUT_.csv: 4.407930210072966
2026-03-09 11:20:53,557 - pipeline - INFO - Processing Play Store file: _20260305_133728_CH02_TMO_5G AUTO_Play Store 30 MB_SEA L3 REF_.csv (Size: 30M, Device: REF, Location: Poor)
2026-03-09 11:20:53,557 - pipeline - INFO - Processing Play Store file: _20260305_133728_CH02_TMO_5G AUTO_Play Store 30 MB_SEA L3 REF_.csv (Size: 30M, Device: REF, Location: Poor)
2026-03-09 11:20:53,585 - pipeline - INFO - Successfully analyzed _20260305_133728_CH02_TMO_5G AUTO_Play Store 30 MB_SEA L3 REF_.csv: 6.679545791875332
2026-03-09 11:20:53,585 - pipeline - INFO - Successfully analyzed _20260305_133728_CH02_TMO_5G AUTO_Play Store 30 MB_SEA L3 REF_.csv: 6.679545791875332
2026-03-09 11:20:53,586 - pipeline - INFO - Processing Play Store file: _20260305_135026_CH01_TMO_5G AUTO_Play Store 60 MB_SEA L3 DUT_.csv (Size: 60M, Device: DUT, Location: Poor)
2026-03-09 11:20:53,586 - pipeline - INFO - Processing Play Store file: _20260305_135026_CH01_TMO_5G AUTO_Play Store 60 MB_SEA L3 DUT_.csv (Size: 60M, Device: DUT, Location: Poor)
2026-03-09 11:20:53,620 - pipeline - INFO - Successfully analyzed _20260305_135026_CH01_TMO_5G AUTO_Play Store 60 MB_SEA L3 DUT_.csv: 2.9532577965357354
2026-03-09 11:20:53,620 - pipeline - INFO - Successfully analyzed _20260305_135026_CH01_TMO_5G AUTO_Play Store 60 MB_SEA L3 DUT_.csv: 2.9532577965357354
2026-03-09 11:20:53,621 - pipeline - INFO - Processing Play Store file: _20260305_135026_CH02_TMO_5G AUTO_Play Store 60 MB_SEA L3 REF_.csv (Size: 60M, Device: REF, Location: Poor)
2026-03-09 11:20:53,621 - pipeline - INFO - Processing Play Store file: _20260305_135026_CH02_TMO_5G AUTO_Play Store 60 MB_SEA L3 REF_.csv (Size: 60M, Device: REF, Location: Poor)
2026-03-09 11:20:53,656 - pipeline - INFO - Successfully analyzed _20260305_135026_CH02_TMO_5G AUTO_Play Store 60 MB_SEA L3 REF_.csv: 2.968330121414649
2026-03-09 11:20:53,656 - pipeline - INFO - Successfully analyzed _20260305_135026_CH02_TMO_5G AUTO_Play Store 60 MB_SEA L3 REF_.csv: 2.968330121414649
2026-03-09 11:20:53,657 - pipeline - INFO - Processing Play Store file: _20260305_140649_CH01_TMO_5G AUTO_Play Store 100 MB_SEA L3 DUT_.csv (Size: 100M, Device: DUT, Location: Poor)
2026-03-09 11:20:53,657 - pipeline - INFO - Processing Play Store file: _20260305_140649_CH01_TMO_5G AUTO_Play Store 100 MB_SEA L3 DUT_.csv (Size: 100M, Device: DUT, Location: Poor)
2026-03-09 11:20:53,685 - pipeline - INFO - Successfully analyzed _20260305_140649_CH01_TMO_5G AUTO_Play Store 100 MB_SEA L3 DUT_.csv: 2.147721630263799
2026-03-09 11:20:53,685 - pipeline - INFO - Successfully analyzed _20260305_140649_CH01_TMO_5G AUTO_Play Store 100 MB_SEA L3 DUT_.csv: 2.147721630263799
2026-03-09 11:20:53,686 - pipeline - INFO - Processing Play Store file: _20260305_140649_CH02_TMO_5G AUTO_Play Store 100 MB_SEA L3 REF_.csv (Size: 100M, Device: REF, Location: Poor)
2026-03-09 11:20:53,686 - pipeline - INFO - Processing Play Store file: _20260305_140649_CH02_TMO_5G AUTO_Play Store 100 MB_SEA L3 REF_.csv (Size: 100M, Device: REF, Location: Poor)
2026-03-09 11:20:53,720 - pipeline - INFO - Successfully analyzed _20260305_140649_CH02_TMO_5G AUTO_Play Store 100 MB_SEA L3 REF_.csv: 2.8575902766300576
2026-03-09 11:20:53,720 - pipeline - INFO - Successfully analyzed _20260305_140649_CH02_TMO_5G AUTO_Play Store 100 MB_SEA L3 REF_.csv: 2.8575902766300576
2026-03-09 11:20:53,720 - pipeline - INFO - Google Throughput analysis directory processing complete. Results found: True
2026-03-09 11:20:53,720 - pipeline - INFO - Google Throughput analysis directory processing complete. Results found: True
2026-03-09 11:20:53,721 - pipeline - INFO - Analyzing MHS Drive directory: D:/ReportGenerator/Raw Data\#Huaqin\Seattle\Data Performance/5G AUTO DP/Mobility Test/5G Auto Data Test MHS Drive
2026-03-09 11:20:53,721 - pipeline - INFO - Analyzing MHS Drive directory: D:/ReportGenerator/Raw Data\#Huaqin\Seattle\Data Performance/5G AUTO DP/Mobility Test/5G Auto Data Test MHS Drive
2026-03-09 11:20:53,722 - pipeline - INFO - Analyzing MHS Drive directory: D:/ReportGenerator/Raw Data\#Huaqin\Seattle\Data Performance/5G AUTO DP/Mobility Test/5G Auto Data Test Drive
2026-03-09 11:20:53,722 - pipeline - INFO - Analyzing MHS Drive directory: D:/ReportGenerator/Raw Data\#Huaqin\Seattle\Data Performance/5G AUTO DP/Mobility Test/5G Auto Data Test Drive
2026-03-09 11:20:54,955 - pipeline - INFO - Analyzing MHS Drive directory: D:/ReportGenerator/Raw Data\#Huaqin\Seattle\Data Performance/5G NSA DP/Mobility Test
2026-03-09 11:20:54,955 - pipeline - INFO - Analyzing MHS Drive directory: D:/ReportGenerator/Raw Data\#Huaqin\Seattle\Data Performance/5G NSA DP/Mobility Test
2026-03-09 11:20:56,308 - pipeline - INFO - Running post-processing (VqLineChart, Coverage extraction)...
2026-03-09 11:20:56,308 - pipeline - INFO - Running post-processing (VqLineChart, Coverage extraction)...
2026-03-09 11:20:56,476 - pipeline - INFO - Checking for CDF Throughput data to export...
2026-03-09 11:20:56,476 - pipeline - INFO - Checking for CDF Throughput data to export...
2026-03-09 11:20:56,536 - pipeline - INFO - Exported 112 CDF throughput JSON files to D:/ReportGenerator/report-generator-app/public/AnalyzeResults\#Huaqin\Seattle\cdf_throughput_data
2026-03-09 11:20:56,536 - pipeline - INFO - Exported 112 CDF throughput JSON files to D:/ReportGenerator/report-generator-app/public/AnalyzeResults\#Huaqin\Seattle\cdf_throughput_data
2026-03-09 11:20:56,548 - pipeline - INFO - Data Performance results exported to D:/ReportGenerator/report-generator-app/public/AnalyzeResults\#Huaqin\Seattle\data_performance_results.json
2026-03-09 11:20:56,548 - pipeline - INFO - Data Performance results exported to D:/ReportGenerator/report-generator-app/public/AnalyzeResults\#Huaqin\Seattle\data_performance_results.json
2026-03-09 11:20:56,557 - pipeline - INFO - Coverage Performance results exported to D:/ReportGenerator/report-generator-app/public/AnalyzeResults\#Huaqin\Seattle\coverage_performance_results.json
2026-03-09 11:20:56,557 - pipeline - INFO - Coverage Performance results exported to D:/ReportGenerator/report-generator-app/public/AnalyzeResults\#Huaqin\Seattle\coverage_performance_results.json
2026-03-09 11:20:56,559 - pipeline - INFO - Processing summary exported to D:/ReportGenerator/report-generator-app/public/AnalyzeResults\#Huaqin\Seattle\processing_summary.json
2026-03-09 11:20:56,559 - pipeline - INFO - Processing summary exported to D:/ReportGenerator/report-generator-app/public/AnalyzeResults\#Huaqin\Seattle\processing_summary.json
2026-03-09 11:20:56,560 - pipeline - INFO - Running final data validation...
2026-03-09 11:20:56,560 - pipeline - INFO - Running final data validation...
2026-03-09 11:20:56,583 - pipeline - WARNING - Summary of Empty collections found in JSON files:
2026-03-09 11:20:56,583 - pipeline - WARNING - Summary of Empty collections found in JSON files:
2026-03-09 11:20:56,584 - pipeline - WARNING -   - data_performance_results.json -> Data Performance -> 5G AUTO DP -> HTTP Multi Stream -> DL -> Good -> DUT -> Throughput -> Outliers -> Empty List
2026-03-09 11:20:56,584 - pipeline - WARNING -   - data_performance_results.json -> Data Performance -> 5G AUTO DP -> HTTP Multi Stream -> DL -> Good -> DUT -> Throughput -> Outliers -> Empty List
2026-03-09 11:20:56,585 - pipeline - WARNING -   - data_performance_results.json -> Data Performance -> 5G AUTO DP -> HTTP Multi Stream -> DL -> Good -> REF -> Throughput -> Outliers -> Empty List
2026-03-09 11:20:56,585 - pipeline - WARNING -   - data_performance_results.json -> Data Performance -> 5G AUTO DP -> HTTP Multi Stream -> DL -> Good -> REF -> Throughput -> Outliers -> Empty List
2026-03-09 11:20:56,585 - pipeline - WARNING -   - data_performance_results.json -> Data Performance -> 5G AUTO DP -> HTTP Multi Stream -> DL -> Moderate -> DUT -> Throughput -> Outliers -> Empty List
2026-03-09 11:20:56,585 - pipeline - WARNING -   - data_performance_results.json -> Data Performance -> 5G AUTO DP -> HTTP Multi Stream -> DL -> Moderate -> DUT -> Throughput -> Outliers -> Empty List
2026-03-09 11:20:56,586 - pipeline - WARNING -   - data_performance_results.json -> Data Performance -> 5G AUTO DP -> HTTP Multi Stream -> DL -> Moderate -> REF -> Throughput -> Outliers -> Empty List
2026-03-09 11:20:56,586 - pipeline - WARNING -   - data_performance_results.json -> Data Performance -> 5G AUTO DP -> HTTP Multi Stream -> DL -> Moderate -> REF -> Throughput -> Outliers -> Empty List
2026-03-09 11:20:56,587 - pipeline - WARNING -   - data_performance_results.json -> Data Performance -> 5G AUTO DP -> HTTP Multi Stream -> DL -> Poor -> DUT -> Throughput -> Outliers -> Empty List
2026-03-09 11:20:56,587 - pipeline - WARNING -   - data_performance_results.json -> Data Performance -> 5G AUTO DP -> HTTP Multi Stream -> DL -> Poor -> DUT -> Throughput -> Outliers -> Empty List
2026-03-09 11:20:56,587 - pipeline - WARNING -   - data_performance_results.json -> Data Performance -> 5G AUTO DP -> HTTP Multi Stream -> DL -> Poor -> REF -> Throughput -> Outliers -> Empty List
2026-03-09 11:20:56,587 - pipeline - WARNING -   - data_performance_results.json -> Data Performance -> 5G AUTO DP -> HTTP Multi Stream -> DL -> Poor -> REF -> Throughput -> Outliers -> Empty List
2026-03-09 11:20:56,588 - pipeline - WARNING -   - data_performance_results.json -> Data Performance -> 5G AUTO DP -> HTTP Multi Stream -> UL -> Good -> REF -> Throughput -> Outliers -> Empty List
2026-03-09 11:20:56,588 - pipeline - WARNING -   - data_performance_results.json -> Data Performance -> 5G AUTO DP -> HTTP Multi Stream -> UL -> Good -> REF -> Throughput -> Outliers -> Empty List
2026-03-09 11:20:56,588 - pipeline - WARNING -   - data_performance_results.json -> Data Performance -> 5G AUTO DP -> HTTP Multi Stream -> UL -> Moderate -> DUT -> Throughput -> Outliers -> Empty List
2026-03-09 11:20:56,588 - pipeline - WARNING -   - data_performance_results.json -> Data Performance -> 5G AUTO DP -> HTTP Multi Stream -> UL -> Moderate -> DUT -> Throughput -> Outliers -> Empty List
2026-03-09 11:20:56,589 - pipeline - WARNING -   - data_performance_results.json -> Data Performance -> 5G AUTO DP -> HTTP Single Stream -> DL -> Good -> DUT -> Throughput -> Outliers -> Empty List
2026-03-09 11:20:56,589 - pipeline - WARNING -   - data_performance_results.json -> Data Performance -> 5G AUTO DP -> HTTP Single Stream -> DL -> Good -> DUT -> Throughput -> Outliers -> Empty List
2026-03-09 11:20:56,590 - pipeline - WARNING -   - data_performance_results.json -> Data Performance -> 5G AUTO DP -> HTTP Single Stream -> DL -> Moderate -> DUT -> Throughput -> Outliers -> Empty List
2026-03-09 11:20:56,590 - pipeline - WARNING -   - data_performance_results.json -> Data Performance -> 5G AUTO DP -> HTTP Single Stream -> DL -> Moderate -> DUT -> Throughput -> Outliers -> Empty List
2026-03-09 11:20:56,590 - pipeline - WARNING -   - data_performance_results.json -> Data Performance -> 5G AUTO DP -> HTTP Single Stream -> DL -> Poor -> REF -> Throughput -> Outliers -> Empty List
2026-03-09 11:20:56,590 - pipeline - WARNING -   - data_performance_results.json -> Data Performance -> 5G AUTO DP -> HTTP Single Stream -> DL -> Poor -> REF -> Throughput -> Outliers -> Empty List
2026-03-09 11:20:56,591 - pipeline - WARNING -   - data_performance_results.json -> Data Performance -> 5G AUTO DP -> Mobile Hotspot Test -> HTTP Multi Stream -> DL -> Poor -> DUT -> Throughput -> Outliers -> Empty List
2026-03-09 11:20:56,591 - pipeline - WARNING -   - data_performance_results.json -> Data Performance -> 5G AUTO DP -> Mobile Hotspot Test -> HTTP Multi Stream -> DL -> Poor -> DUT -> Throughput -> Outliers -> Empty List
2026-03-09 11:20:56,592 - pipeline - WARNING -   - data_performance_results.json -> Data Performance -> 5G AUTO DP -> Mobile Hotspot Test -> HTTP Multi Stream -> DL -> Poor -> REF -> Throughput -> Outliers -> Empty List
2026-03-09 11:20:56,592 - pipeline - WARNING -   - data_performance_results.json -> Data Performance -> 5G AUTO DP -> Mobile Hotspot Test -> HTTP Multi Stream -> DL -> Poor -> REF -> Throughput -> Outliers -> Empty List
2026-03-09 11:20:56,593 - pipeline - WARNING -   - data_performance_results.json -> Data Performance -> 5G AUTO DP -> Mobile Hotspot Test -> HTTP Multi Stream -> UL -> Moderate -> REF -> Throughput -> Outliers -> Empty List
2026-03-09 11:20:56,593 - pipeline - WARNING -   - data_performance_results.json -> Data Performance -> 5G AUTO DP -> Mobile Hotspot Test -> HTTP Multi Stream -> UL -> Moderate -> REF -> Throughput -> Outliers -> Empty List
2026-03-09 11:20:56,593 - pipeline - WARNING -   - data_performance_results.json -> Data Performance -> 5G AUTO DP -> Mobile Hotspot Test -> HTTP Single Stream -> DL -> Moderate -> DUT -> Throughput -> Outliers -> Empty List
2026-03-09 11:20:56,593 - pipeline - WARNING -   - data_performance_results.json -> Data Performance -> 5G AUTO DP -> Mobile Hotspot Test -> HTTP Single Stream -> DL -> Moderate -> DUT -> Throughput -> Outliers -> Empty List
2026-03-09 11:20:56,594 - pipeline - WARNING -   - data_performance_results.json -> Data Performance -> 5G AUTO DP -> Mobile Hotspot Test -> HTTP Single Stream -> DL -> Poor -> REF -> Throughput -> Outliers -> Empty List
2026-03-09 11:20:56,594 - pipeline - WARNING -   - data_performance_results.json -> Data Performance -> 5G AUTO DP -> Mobile Hotspot Test -> HTTP Single Stream -> DL -> Poor -> REF -> Throughput -> Outliers -> Empty List
2026-03-09 11:20:56,594 - pipeline - WARNING -   - data_performance_results.json -> Data Performance -> 5G AUTO DP -> Mobile Hotspot Test -> HTTP Single Stream -> UL -> Moderate -> DUT -> Throughput -> Outliers -> Empty List
2026-03-09 11:20:56,594 - pipeline - WARNING -   - data_performance_results.json -> Data Performance -> 5G AUTO DP -> Mobile Hotspot Test -> HTTP Single Stream -> UL -> Moderate -> DUT -> Throughput -> Outliers -> Empty List
2026-03-09 11:20:56,595 - pipeline - WARNING -   - data_performance_results.json -> Data Performance -> 5G AUTO DP -> Mobile Hotspot Test -> HTTP Single Stream -> UL -> Moderate -> REF -> Throughput -> Outliers -> Empty List
2026-03-09 11:20:56,595 - pipeline - WARNING -   - data_performance_results.json -> Data Performance -> 5G AUTO DP -> Mobile Hotspot Test -> HTTP Single Stream -> UL -> Moderate -> REF -> Throughput -> Outliers -> Empty List
2026-03-09 11:20:56,596 - pipeline - WARNING -   - data_performance_results.json -> Data Performance -> 5G AUTO DP -> Mobile Hotspot Test -> Udp Test -> DL -> UDP Download Task at 200 Mbps for 10 seconds -> Moderate -> DUT -> Throughput -> Outliers -> Empty List
2026-03-09 11:20:56,596 - pipeline - WARNING -   - data_performance_results.json -> Data Performance -> 5G AUTO DP -> Mobile Hotspot Test -> Udp Test -> DL -> UDP Download Task at 200 Mbps for 10 seconds -> Moderate -> DUT -> Throughput -> Outliers -> Empty List
2026-03-09 11:20:56,596 - pipeline - WARNING -   - data_performance_results.json -> Data Performance -> 5G AUTO DP -> Mobile Hotspot Test -> Udp Test -> DL -> UDP Download Task at 200 Mbps for 10 seconds -> Moderate -> REF -> Throughput -> Outliers -> Empty List
2026-03-09 11:20:56,596 - pipeline - WARNING -   - data_performance_results.json -> Data Performance -> 5G AUTO DP -> Mobile Hotspot Test -> Udp Test -> DL -> UDP Download Task at 200 Mbps for 10 seconds -> Moderate -> REF -> Throughput -> Outliers -> Empty List
2026-03-09 11:20:56,597 - pipeline - WARNING -   - data_performance_results.json -> Data Performance -> 5G AUTO DP -> Mobile Hotspot Test -> Udp Test -> DL -> UDP Download Task at 200 Mbps for 10 seconds -> Poor -> DUT -> Throughput -> Outliers -> Empty List
2026-03-09 11:20:56,597 - pipeline - WARNING -   - data_performance_results.json -> Data Performance -> 5G AUTO DP -> Mobile Hotspot Test -> Udp Test -> DL -> UDP Download Task at 200 Mbps for 10 seconds -> Poor -> DUT -> Throughput -> Outliers -> Empty List
2026-03-09 11:20:56,597 - pipeline - WARNING -   - data_performance_results.json -> Data Performance -> 5G AUTO DP -> Mobile Hotspot Test -> Udp Test -> DL -> UDP Download Task at 200 Mbps for 10 seconds -> Poor -> REF -> Throughput -> Outliers -> Empty List
2026-03-09 11:20:56,597 - pipeline - WARNING -   - data_performance_results.json -> Data Performance -> 5G AUTO DP -> Mobile Hotspot Test -> Udp Test -> DL -> UDP Download Task at 200 Mbps for 10 seconds -> Poor -> REF -> Throughput -> Outliers -> Empty List
2026-03-09 11:20:56,597 - pipeline - WARNING -   - data_performance_results.json -> Data Performance -> 5G AUTO DP -> Mobile Hotspot Test -> Udp Test -> DL -> UDP Download Task at 400 Mbps for 10 seconds -> Moderate -> DUT -> Throughput -> Outliers -> Empty List
2026-03-09 11:20:56,597 - pipeline - WARNING -   - data_performance_results.json -> Data Performance -> 5G AUTO DP -> Mobile Hotspot Test -> Udp Test -> DL -> UDP Download Task at 400 Mbps for 10 seconds -> Moderate -> DUT -> Throughput -> Outliers -> Empty List
2026-03-09 11:20:56,598 - pipeline - WARNING -   - data_performance_results.json -> Data Performance -> 5G AUTO DP -> Mobile Hotspot Test -> Udp Test -> DL -> UDP Download Task at 400 Mbps for 10 seconds -> Poor -> REF -> Throughput -> Outliers -> Empty List
2026-03-09 11:20:56,598 - pipeline - WARNING -   - data_performance_results.json -> Data Performance -> 5G AUTO DP -> Mobile Hotspot Test -> Udp Test -> DL -> UDP Download Task at 400 Mbps for 10 seconds -> Poor -> REF -> Throughput -> Outliers -> Empty List
2026-03-09 11:20:56,598 - pipeline - WARNING -   - data_performance_results.json -> Data Performance -> 5G AUTO DP -> Mobile Hotspot Test -> Udp Test -> UL -> UDP Upload Task at 10 Mbps for 10 seconds -> Poor -> REF -> Throughput -> Outliers -> Empty List
2026-03-09 11:20:56,598 - pipeline - WARNING -   - data_performance_results.json -> Data Performance -> 5G AUTO DP -> Mobile Hotspot Test -> Udp Test -> UL -> UDP Upload Task at 10 Mbps for 10 seconds -> Poor -> REF -> Throughput -> Outliers -> Empty List
2026-03-09 11:20:56,599 - pipeline - WARNING -   - data_performance_results.json -> Data Performance -> 5G AUTO DP -> Mobile Hotspot Test -> Udp Test -> UL -> UDP Upload Task at 20 Mbps for 10 seconds -> Poor -> DUT -> Throughput -> Outliers -> Empty List
2026-03-09 11:20:56,599 - pipeline - WARNING -   - data_performance_results.json -> Data Performance -> 5G AUTO DP -> Mobile Hotspot Test -> Udp Test -> UL -> UDP Upload Task at 20 Mbps for 10 seconds -> Poor -> DUT -> Throughput -> Outliers -> Empty List
2026-03-09 11:20:56,599 - pipeline - WARNING -   - data_performance_results.json -> Data Performance -> 5G AUTO DP -> Ping -> Good -> REF -> Ping RTT -> Outliers -> Empty List
2026-03-09 11:20:56,599 - pipeline - WARNING -   - data_performance_results.json -> Data Performance -> 5G AUTO DP -> Ping -> Good -> REF -> Ping RTT -> Outliers -> Empty List
2026-03-09 11:20:56,600 - pipeline - WARNING -   - data_performance_results.json -> Data Performance -> 5G AUTO DP -> Udp Test -> DL -> UDP Download Task at 200 Mbps for 10 seconds -> Good -> DUT -> Throughput -> Outliers -> Empty List
2026-03-09 11:20:56,600 - pipeline - WARNING -   - data_performance_results.json -> Data Performance -> 5G AUTO DP -> Udp Test -> DL -> UDP Download Task at 200 Mbps for 10 seconds -> Good -> DUT -> Throughput -> Outliers -> Empty List
2026-03-09 11:20:56,600 - pipeline - WARNING -   - data_performance_results.json -> Data Performance -> 5G AUTO DP -> Udp Test -> DL -> UDP Download Task at 200 Mbps for 10 seconds -> Good -> REF -> Throughput -> Outliers -> Empty List
2026-03-09 11:20:56,600 - pipeline - WARNING -   - data_performance_results.json -> Data Performance -> 5G AUTO DP -> Udp Test -> DL -> UDP Download Task at 200 Mbps for 10 seconds -> Good -> REF -> Throughput -> Outliers -> Empty List
2026-03-09 11:20:56,601 - pipeline - WARNING -   - data_performance_results.json -> Data Performance -> 5G AUTO DP -> Udp Test -> DL -> UDP Download Task at 200 Mbps for 10 seconds -> Poor -> DUT -> Throughput -> Outliers -> Empty List
2026-03-09 11:20:56,601 - pipeline - WARNING -   - data_performance_results.json -> Data Performance -> 5G AUTO DP -> Udp Test -> DL -> UDP Download Task at 200 Mbps for 10 seconds -> Poor -> DUT -> Throughput -> Outliers -> Empty List
2026-03-09 11:20:56,601 - pipeline - WARNING -   - data_performance_results.json -> Data Performance -> 5G AUTO DP -> Udp Test -> DL -> UDP Download Task at 200 Mbps for 10 seconds -> Poor -> REF -> Throughput -> Outliers -> Empty List
2026-03-09 11:20:56,601 - pipeline - WARNING -   - data_performance_results.json -> Data Performance -> 5G AUTO DP -> Udp Test -> DL -> UDP Download Task at 200 Mbps for 10 seconds -> Poor -> REF -> Throughput -> Outliers -> Empty List
2026-03-09 11:20:56,601 - pipeline - WARNING -   - data_performance_results.json -> Data Performance -> 5G AUTO DP -> Udp Test -> DL -> UDP Download Task at 400 Mbps for 10 seconds -> Good -> DUT -> Throughput -> Outliers -> Empty List
2026-03-09 11:20:56,601 - pipeline - WARNING -   - data_performance_results.json -> Data Performance -> 5G AUTO DP -> Udp Test -> DL -> UDP Download Task at 400 Mbps for 10 seconds -> Good -> DUT -> Throughput -> Outliers -> Empty List
2026-03-09 11:20:56,602 - pipeline - WARNING -   - data_performance_results.json -> Data Performance -> 5G AUTO DP -> Udp Test -> DL -> UDP Download Task at 400 Mbps for 10 seconds -> Good -> REF -> Throughput -> Outliers -> Empty List
2026-03-09 11:20:56,602 - pipeline - WARNING -   - data_performance_results.json -> Data Performance -> 5G AUTO DP -> Udp Test -> DL -> UDP Download Task at 400 Mbps for 10 seconds -> Good -> REF -> Throughput -> Outliers -> Empty List
2026-03-09 11:20:56,602 - pipeline - WARNING -   - data_performance_results.json -> Data Performance -> 5G AUTO DP -> Udp Test -> DL -> UDP Download Task at 400 Mbps for 10 seconds -> Moderate -> REF -> Throughput -> Outliers -> Empty List
2026-03-09 11:20:56,602 - pipeline - WARNING -   - data_performance_results.json -> Data Performance -> 5G AUTO DP -> Udp Test -> DL -> UDP Download Task at 400 Mbps for 10 seconds -> Moderate -> REF -> Throughput -> Outliers -> Empty List
2026-03-09 11:20:56,603 - pipeline - WARNING -   - data_performance_results.json -> Data Performance -> 5G AUTO DP -> Udp Test -> DL -> UDP Download Task at 400 Mbps for 10 seconds -> Poor -> DUT -> Throughput -> Outliers -> Empty List
2026-03-09 11:20:56,603 - pipeline - WARNING -   - data_performance_results.json -> Data Performance -> 5G AUTO DP -> Udp Test -> DL -> UDP Download Task at 400 Mbps for 10 seconds -> Poor -> DUT -> Throughput -> Outliers -> Empty List
2026-03-09 11:20:56,603 - pipeline - WARNING -   - data_performance_results.json -> Data Performance -> 5G AUTO DP -> Udp Test -> DL -> UDP Download Task at 400 Mbps for 10 seconds -> Poor -> REF -> Throughput -> Outliers -> Empty List
2026-03-09 11:20:56,603 - pipeline - WARNING -   - data_performance_results.json -> Data Performance -> 5G AUTO DP -> Udp Test -> DL -> UDP Download Task at 400 Mbps for 10 seconds -> Poor -> REF -> Throughput -> Outliers -> Empty List
2026-03-09 11:20:56,603 - pipeline - WARNING -   - data_performance_results.json -> Data Performance -> 5G NSA DP -> HTTP Multi Stream -> DL -> Moderate -> DUT -> Throughput -> Outliers -> Empty List
2026-03-09 11:20:56,603 - pipeline - WARNING -   - data_performance_results.json -> Data Performance -> 5G NSA DP -> HTTP Multi Stream -> DL -> Moderate -> DUT -> Throughput -> Outliers -> Empty List
2026-03-09 11:20:56,603 - pipeline - WARNING -   - data_performance_results.json -> Data Performance -> 5G NSA DP -> HTTP Multi Stream -> DL -> Moderate -> REF -> Throughput -> Outliers -> Empty List
2026-03-09 11:20:56,603 - pipeline - WARNING -   - data_performance_results.json -> Data Performance -> 5G NSA DP -> HTTP Multi Stream -> DL -> Moderate -> REF -> Throughput -> Outliers -> Empty List
2026-03-09 11:20:56,604 - pipeline - WARNING -   - data_performance_results.json -> Data Performance -> 5G NSA DP -> HTTP Multi Stream -> DL -> Poor -> DUT -> Throughput -> Outliers -> Empty List
2026-03-09 11:20:56,604 - pipeline - WARNING -   - data_performance_results.json -> Data Performance -> 5G NSA DP -> HTTP Multi Stream -> DL -> Poor -> DUT -> Throughput -> Outliers -> Empty List
2026-03-09 11:20:56,604 - pipeline - WARNING -   - data_performance_results.json -> Data Performance -> 5G NSA DP -> HTTP Multi Stream -> DL -> Poor -> REF -> Throughput -> Outliers -> Empty List
2026-03-09 11:20:56,604 - pipeline - WARNING -   - data_performance_results.json -> Data Performance -> 5G NSA DP -> HTTP Multi Stream -> DL -> Poor -> REF -> Throughput -> Outliers -> Empty List
2026-03-09 11:20:56,604 - pipeline - WARNING -   - data_performance_results.json -> Data Performance -> 5G NSA DP -> HTTP Multi Stream -> UL -> Moderate -> DUT -> Throughput -> Outliers -> Empty List
2026-03-09 11:20:56,604 - pipeline - WARNING -   - data_performance_results.json -> Data Performance -> 5G NSA DP -> HTTP Multi Stream -> UL -> Moderate -> DUT -> Throughput -> Outliers -> Empty List
2026-03-09 11:20:56,605 - pipeline - WARNING -   - data_performance_results.json -> Data Performance -> 5G NSA DP -> HTTP Multi Stream -> UL -> Moderate -> REF -> Throughput -> Outliers -> Empty List
2026-03-09 11:20:56,605 - pipeline - WARNING -   - data_performance_results.json -> Data Performance -> 5G NSA DP -> HTTP Multi Stream -> UL -> Moderate -> REF -> Throughput -> Outliers -> Empty List
2026-03-09 11:20:56,605 - pipeline - WARNING -   - data_performance_results.json -> Data Performance -> 5G NSA DP -> HTTP Multi Stream -> UL -> Poor -> REF -> Throughput -> Outliers -> Empty List
2026-03-09 11:20:56,605 - pipeline - WARNING -   - data_performance_results.json -> Data Performance -> 5G NSA DP -> HTTP Multi Stream -> UL -> Poor -> REF -> Throughput -> Outliers -> Empty List
2026-03-09 11:20:56,605 - pipeline - WARNING -   - data_performance_results.json -> Data Performance -> 5G NSA DP -> HTTP Single Stream -> DL -> Moderate -> DUT -> Throughput -> Outliers -> Empty List
2026-03-09 11:20:56,605 - pipeline - WARNING -   - data_performance_results.json -> Data Performance -> 5G NSA DP -> HTTP Single Stream -> DL -> Moderate -> DUT -> Throughput -> Outliers -> Empty List
2026-03-09 11:20:56,606 - pipeline - WARNING -   - data_performance_results.json -> Data Performance -> 5G NSA DP -> HTTP Single Stream -> DL -> Moderate -> REF -> Throughput -> Outliers -> Empty List
2026-03-09 11:20:56,606 - pipeline - WARNING -   - data_performance_results.json -> Data Performance -> 5G NSA DP -> HTTP Single Stream -> DL -> Moderate -> REF -> Throughput -> Outliers -> Empty List
2026-03-09 11:20:56,606 - pipeline - WARNING -   - data_performance_results.json -> Data Performance -> 5G NSA DP -> HTTP Single Stream -> DL -> Poor -> REF -> Throughput -> Outliers -> Empty List
2026-03-09 11:20:56,606 - pipeline - WARNING -   - data_performance_results.json -> Data Performance -> 5G NSA DP -> HTTP Single Stream -> DL -> Poor -> REF -> Throughput -> Outliers -> Empty List
2026-03-09 11:20:56,606 - pipeline - WARNING -   - data_performance_results.json -> Data Performance -> 5G NSA DP -> Udp Test -> DL -> UDP Download Task at 200 Mbps for 10 seconds -> Moderate -> REF -> Throughput -> Outliers -> Empty List
2026-03-09 11:20:56,606 - pipeline - WARNING -   - data_performance_results.json -> Data Performance -> 5G NSA DP -> Udp Test -> DL -> UDP Download Task at 200 Mbps for 10 seconds -> Moderate -> REF -> Throughput -> Outliers -> Empty List
2026-03-09 11:20:56,606 - pipeline - WARNING -   - data_performance_results.json -> Data Performance -> 5G NSA DP -> Udp Test -> DL -> UDP Download Task at 400 Mbps for 10 seconds -> Moderate -> REF -> Throughput -> Outliers -> Empty List
2026-03-09 11:20:56,606 - pipeline - WARNING -   - data_performance_results.json -> Data Performance -> 5G NSA DP -> Udp Test -> DL -> UDP Download Task at 400 Mbps for 10 seconds -> Moderate -> REF -> Throughput -> Outliers -> Empty List
2026-03-09 11:20:56,607 - pipeline - WARNING -   - data_performance_results.json -> Data Performance -> 5G NSA DP -> Udp Test -> DL -> UDP Download Task at 400 Mbps for 10 seconds -> Poor -> DUT -> Throughput -> Outliers -> Empty List
2026-03-09 11:20:56,607 - pipeline - WARNING -   - data_performance_results.json -> Data Performance -> 5G NSA DP -> Udp Test -> DL -> UDP Download Task at 400 Mbps for 10 seconds -> Poor -> DUT -> Throughput -> Outliers -> Empty List
2026-03-09 11:20:56,607 - pipeline - WARNING -   - data_performance_results.json -> Data Performance -> 5G NSA DP -> Udp Test -> DL -> UDP Download Task at 400 Mbps for 10 seconds -> Poor -> REF -> Throughput -> Outliers -> Empty List
2026-03-09 11:20:56,607 - pipeline - WARNING -   - data_performance_results.json -> Data Performance -> 5G NSA DP -> Udp Test -> DL -> UDP Download Task at 400 Mbps for 10 seconds -> Poor -> REF -> Throughput -> Outliers -> Empty List
2026-03-09 11:20:56,607 - pipeline - WARNING -   - data_performance_results.json -> Data Performance -> 5G NSA DP -> Udp Test -> UL -> 5G NSA_UDP Upload Task at 10 Mbps for 10 seconds -> Poor -> DUT -> Throughput -> Outliers -> Empty List
2026-03-09 11:20:56,607 - pipeline - WARNING -   - data_performance_results.json -> Data Performance -> 5G NSA DP -> Udp Test -> UL -> 5G NSA_UDP Upload Task at 10 Mbps for 10 seconds -> Poor -> DUT -> Throughput -> Outliers -> Empty List
2026-03-09 11:20:56,608 - pipeline - WARNING -   - data_performance_results.json -> Data Performance -> 5G NSA DP -> Udp Test -> UL -> 5G NSA_UDP Upload Task at 10 Mbps for 10 seconds -> Poor -> REF -> Throughput -> Outliers -> Empty List
2026-03-09 11:20:56,608 - pipeline - WARNING -   - data_performance_results.json -> Data Performance -> 5G NSA DP -> Udp Test -> UL -> 5G NSA_UDP Upload Task at 10 Mbps for 10 seconds -> Poor -> REF -> Throughput -> Outliers -> Empty List
2026-03-09 11:20:56,608 - pipeline - WARNING -   - data_performance_results.json -> Data Performance -> 5G NSA DP -> Udp Test -> UL -> 5G NSA_UDP Upload Task at 20 Mbps for 10 seconds -> Moderate -> REF -> Throughput -> Outliers -> Empty List
2026-03-09 11:20:56,608 - pipeline - WARNING -   - data_performance_results.json -> Data Performance -> 5G NSA DP -> Udp Test -> UL -> 5G NSA_UDP Upload Task at 20 Mbps for 10 seconds -> Moderate -> REF -> Throughput -> Outliers -> Empty List
2026-03-09 11:20:56,609 - pipeline - WARNING -   - data_performance_results.json -> Data Performance -> 5G NSA DP -> Udp Test -> UL -> 5G NSA_UDP Upload Task at 20 Mbps for 10 seconds -> Poor -> DUT -> Throughput -> Outliers -> Empty List
2026-03-09 11:20:56,609 - pipeline - WARNING -   - data_performance_results.json -> Data Performance -> 5G NSA DP -> Udp Test -> UL -> 5G NSA_UDP Upload Task at 20 Mbps for 10 seconds -> Poor -> DUT -> Throughput -> Outliers -> Empty List
2026-03-09 11:20:56,609 - pipeline - INFO - Pipeline execution completed. Results in: D:/ReportGenerator/report-generator-app/public/AnalyzeResults\#Huaqin\Seattle
2026-03-09 11:20:56,609 - pipeline - INFO - Pipeline execution completed. Results in: D:/ReportGenerator/report-generator-app/public/AnalyzeResults\#Huaqin\Seattle
2026-03-09 11:26:29,908 - pipeline - INFO - Project: #Huaqin
2026-03-09 11:26:29,908 - pipeline - INFO - Market: New York
2026-03-09 11:26:29,909 - pipeline - INFO - Reading from: D:/ReportGenerator/Raw Data\#Huaqin\New York
2026-03-09 11:26:29,909 - pipeline - INFO - Writing to: D:/ReportGenerator/report-generator-app/public/AnalyzeResults\#Huaqin\New York
2026-03-09 11:26:29,910 - pipeline - INFO - Starting analysis pipeline...
2026-03-09 11:26:29,920 - pipeline - INFO - Grouping 124 CSV files by directory and device type...
2026-03-09 11:26:29,922 - pipeline - INFO - Created 102 file groups for analysis
2026-03-09 11:26:29,923 - pipeline - INFO - Analyzing 1 file(s) for DUT in 5G Auto Data Web-Kepler
2026-03-09 11:26:29,981 - pipeline - INFO - Analyzing 1 file(s) for REF in 5G Auto Data Web-Kepler
2026-03-09 11:26:30,032 - pipeline - INFO - Analyzing 1 file(s) for DUT in Good
2026-03-09 11:26:30,093 - pipeline - INFO - Analyzing 1 file(s) for REF in Good
2026-03-09 11:26:30,152 - pipeline - INFO - Analyzing 1 file(s) for DUT in Moderate
2026-03-09 11:26:30,226 - pipeline - INFO - Analyzing 1 file(s) for REF in Moderate
2026-03-09 11:26:30,317 - pipeline - INFO - Analyzing 1 file(s) for DUT in Poor
2026-03-09 11:26:30,395 - pipeline - INFO - Analyzing 1 file(s) for REF in Poor
2026-03-09 11:26:30,458 - pipeline - INFO - Analyzing 1 file(s) for DUT in Good
2026-03-09 11:26:30,500 - pipeline - INFO - Analyzing 1 file(s) for REF in Good
2026-03-09 11:26:30,551 - pipeline - INFO - Analyzing 1 file(s) for DUT in Moderate
2026-03-09 11:26:30,608 - pipeline - INFO - Analyzing 1 file(s) for REF in Moderate
2026-03-09 11:26:30,658 - pipeline - INFO - Analyzing 1 file(s) for DUT in Poor
2026-03-09 11:26:30,713 - pipeline - INFO - Analyzing 1 file(s) for REF in Poor
2026-03-09 11:26:30,762 - pipeline - INFO - Analyzing 2 file(s) for DUT in Good
2026-03-09 11:26:30,883 - pipeline - INFO - Analyzing 2 file(s) for REF in Good
2026-03-09 11:26:30,981 - pipeline - INFO - Analyzing 1 file(s) for DUT in Moderate
2026-03-09 11:26:31,061 - pipeline - INFO - Analyzing 1 file(s) for REF in Moderate
2026-03-09 11:26:31,134 - pipeline - INFO - Analyzing 1 file(s) for DUT in Poor
2026-03-09 11:26:31,237 - pipeline - INFO - Analyzing 1 file(s) for REF in Poor
2026-03-09 11:26:31,329 - pipeline - INFO - Analyzing 1 file(s) for DUT in Good
2026-03-09 11:26:31,372 - pipeline - INFO - Analyzing 1 file(s) for REF in Good
2026-03-09 11:26:31,421 - pipeline - INFO - Analyzing 1 file(s) for DUT in Moderate
2026-03-09 11:26:31,473 - pipeline - INFO - Analyzing 1 file(s) for REF in Moderate
2026-03-09 11:26:31,517 - pipeline - INFO - Analyzing 1 file(s) for DUT in Poor
2026-03-09 11:26:31,553 - pipeline - INFO - Analyzing 1 file(s) for REF in Poor
2026-03-09 11:26:31,593 - pipeline - INFO - Analyzing 3 file(s) for REF in 5G Auto Data Test Drive
2026-03-09 11:26:32,025 - pipeline - INFO - Analyzing 3 file(s) for DUT in 5G Auto Data Test Drive
2026-03-09 11:26:32,454 - pipeline - INFO - Analyzing 1 file(s) for DUT in Good
2026-03-09 11:26:32,527 - pipeline - INFO - Analyzing 1 file(s) for REF in Good
2026-03-09 11:26:32,599 - pipeline - INFO - Analyzing 1 file(s) for DUT in Moderate
2026-03-09 11:26:32,667 - pipeline - INFO - Analyzing 1 file(s) for REF in Moderate
2026-03-09 11:26:32,737 - pipeline - INFO - Analyzing 1 file(s) for DUT in Poor
2026-03-09 11:26:32,818 - pipeline - INFO - Analyzing 1 file(s) for REF in Poor
2026-03-09 11:26:32,890 - pipeline - INFO - Analyzing 1 file(s) for DUT in Good
2026-03-09 11:26:32,962 - pipeline - INFO - Analyzing 1 file(s) for REF in Good
2026-03-09 11:26:33,064 - pipeline - INFO - Analyzing 1 file(s) for DUT in Moderate
2026-03-09 11:26:33,144 - pipeline - INFO - Analyzing 1 file(s) for REF in Moderate
2026-03-09 11:26:33,234 - pipeline - INFO - Analyzing 1 file(s) for DUT in Poor
2026-03-09 11:26:33,326 - pipeline - INFO - Analyzing 1 file(s) for REF in Poor
2026-03-09 11:26:33,410 - pipeline - INFO - Analyzing 1 file(s) for DUT in Good
2026-03-09 11:26:33,503 - pipeline - INFO - Analyzing 1 file(s) for REF in Good
2026-03-09 11:26:33,594 - pipeline - INFO - Analyzing 1 file(s) for DUT in Moderate
2026-03-09 11:26:33,687 - pipeline - INFO - Analyzing 1 file(s) for REF in Moderate
2026-03-09 11:26:33,762 - pipeline - INFO - Analyzing 1 file(s) for DUT in Poor
2026-03-09 11:26:33,846 - pipeline - INFO - Analyzing 1 file(s) for REF in Poor
2026-03-09 11:26:33,930 - pipeline - INFO - Analyzing 1 file(s) for DUT in Good
2026-03-09 11:26:34,001 - pipeline - INFO - Analyzing 1 file(s) for REF in Good
2026-03-09 11:26:34,062 - pipeline - INFO - Analyzing 1 file(s) for DUT in Moderate
2026-03-09 11:26:34,135 - pipeline - INFO - Analyzing 1 file(s) for REF in Moderate
2026-03-09 11:26:34,211 - pipeline - INFO - Analyzing 1 file(s) for DUT in Poor
2026-03-09 11:26:34,286 - pipeline - INFO - Analyzing 1 file(s) for REF in Poor
2026-03-09 11:26:34,356 - pipeline - INFO - Analyzing 1 file(s) for DUT in Good
2026-03-09 11:26:34,440 - pipeline - INFO - Analyzing 1 file(s) for REF in Good
2026-03-09 11:26:34,519 - pipeline - INFO - Analyzing 1 file(s) for DUT in Moderate
2026-03-09 11:26:34,592 - pipeline - INFO - Analyzing 1 file(s) for REF in Moderate
2026-03-09 11:26:34,658 - pipeline - INFO - Analyzing 1 file(s) for DUT in Poor
2026-03-09 11:26:34,734 - pipeline - INFO - Analyzing 1 file(s) for REF in Poor
2026-03-09 11:26:34,807 - pipeline - INFO - Analyzing 1 file(s) for DUT in Moderate
2026-03-09 11:26:34,873 - pipeline - INFO - Analyzing 1 file(s) for REF in Moderate
2026-03-09 11:26:34,937 - pipeline - INFO - Analyzing 1 file(s) for DUT in Poor
2026-03-09 11:26:34,998 - pipeline - INFO - Analyzing 1 file(s) for REF in Poor
2026-03-09 11:26:35,055 - pipeline - INFO - Analyzing 1 file(s) for DUT in Moderate
2026-03-09 11:26:35,102 - pipeline - INFO - Analyzing 1 file(s) for REF in Moderate
2026-03-09 11:26:35,154 - pipeline - INFO - Analyzing 1 file(s) for DUT in Poor
2026-03-09 11:26:35,241 - pipeline - INFO - Analyzing 1 file(s) for REF in Poor
2026-03-09 11:26:35,292 - pipeline - INFO - Analyzing 1 file(s) for DUT in Moderate
2026-03-09 11:26:35,373 - pipeline - INFO - Analyzing 1 file(s) for REF in Moderate
2026-03-09 11:26:35,453 - pipeline - INFO - Analyzing 1 file(s) for DUT in Poor
2026-03-09 11:26:35,534 - pipeline - INFO - Analyzing 1 file(s) for REF in Poor
2026-03-09 11:26:35,614 - pipeline - INFO - Analyzing 1 file(s) for DUT in Moderate
2026-03-09 11:26:35,650 - pipeline - INFO - Analyzing 1 file(s) for REF in Moderate
2026-03-09 11:26:35,691 - pipeline - INFO - Analyzing 1 file(s) for DUT in Poor
2026-03-09 11:26:35,734 - pipeline - INFO - Analyzing 1 file(s) for REF in Poor
2026-03-09 11:26:35,781 - pipeline - INFO - Analyzing 4 file(s) for DUT in Mobility Test
2026-03-09 11:26:36,243 - pipeline - INFO - Analyzing 2 file(s) for REF in Mobility Test
2026-03-09 11:26:36,632 - pipeline - INFO - Analyzing 1 file(s) for DUT in Moderate
2026-03-09 11:26:36,706 - pipeline - INFO - Analyzing 1 file(s) for REF in Moderate
2026-03-09 11:26:36,773 - pipeline - INFO - Analyzing 1 file(s) for DUT in Poor
2026-03-09 11:26:36,836 - pipeline - INFO - Analyzing 1 file(s) for REF in Poor
2026-03-09 11:26:36,905 - pipeline - INFO - Analyzing 1 file(s) for DUT in Moderate
2026-03-09 11:26:36,998 - pipeline - INFO - Analyzing 1 file(s) for REF in Moderate
2026-03-09 11:26:37,071 - pipeline - INFO - Analyzing 1 file(s) for DUT in Poor
2026-03-09 11:26:37,140 - pipeline - INFO - Analyzing 1 file(s) for REF in Poor
2026-03-09 11:26:37,216 - pipeline - INFO - Analyzing 1 file(s) for DUT in Moderate
2026-03-09 11:26:37,288 - pipeline - INFO - Analyzing 1 file(s) for REF in Moderate
2026-03-09 11:26:37,375 - pipeline - INFO - Analyzing 1 file(s) for DUT in Poor
2026-03-09 11:26:37,450 - pipeline - INFO - Analyzing 1 file(s) for REF in Poor
2026-03-09 11:26:37,524 - pipeline - INFO - Analyzing 1 file(s) for DUT in Moderate
2026-03-09 11:26:37,594 - pipeline - INFO - Analyzing 1 file(s) for REF in Moderate
2026-03-09 11:26:37,671 - pipeline - INFO - Analyzing 1 file(s) for DUT in Poor
2026-03-09 11:26:37,754 - pipeline - INFO - Analyzing 1 file(s) for REF in Poor
2026-03-09 11:26:37,834 - pipeline - INFO - Analyzing 1 file(s) for DUT in Moderate
2026-03-09 11:26:37,910 - pipeline - INFO - Analyzing 1 file(s) for REF in Moderate
2026-03-09 11:26:37,995 - pipeline - INFO - Analyzing 1 file(s) for DUT in Poor
2026-03-09 11:26:38,066 - pipeline - INFO - Analyzing 1 file(s) for REF in Poor
2026-03-09 11:26:38,137 - pipeline - INFO - Processing directory-level analyses...
2026-03-09 11:26:38,138 - pipeline - INFO - Analyzing Coverage directory: D:/ReportGenerator/Raw Data\#Huaqin\New York\Coverage Performance (Type: coverage_coordinate)
2026-03-09 11:26:38,139 - pipeline - INFO - Analyzing Coverage directory: D:/ReportGenerator/Raw Data\#Huaqin\New York\Coverage Performance/5G n41 HPUE Coverage Test (Type: n41_coverage)
2026-03-09 11:26:38,309 - pipeline - INFO - Analyzing Coverage directory: D:/ReportGenerator/Raw Data\#Huaqin\New York\Coverage Performance/5G VoNR Coverage Test (Type: vonr_coverage_performance)
2026-03-09 11:26:39,416 - pipeline - INFO - Running timeline analysis for: Coverage Performance/5G VoNR Coverage Test
2026-03-09 11:26:39,417 - pipeline - INFO - Analyzing Coverage directory: D:/ReportGenerator/Raw Data\#Huaqin\New York\Coverage Performance/5G VoNR Coverage Test (Type: coverage_timeline)
2026-03-09 11:26:39,417 - pipeline - INFO - Analyzing Coverage Timeline for: D:/ReportGenerator/Raw Data\#Huaqin\New York\Coverage Performance/5G VoNR Coverage Test
2026-03-09 11:26:39,418 - pipeline - INFO - Processing rsrp timeline...
2026-03-09 11:26:39,862 - pipeline - INFO - Processing sinr timeline...
2026-03-09 11:26:40,331 - pipeline - INFO - Processing txpower timeline...
2026-03-09 11:26:40,765 - pipeline - INFO - Analyzing Coverage directory: D:/ReportGenerator/Raw Data\#Huaqin\New York\Coverage Performance/LTE Coverage Test (Type: vonr_coverage_performance)
2026-03-09 11:26:41,474 - pipeline - INFO - Running timeline analysis for: Coverage Performance/LTE Coverage Test
2026-03-09 11:26:41,475 - pipeline - INFO - Analyzing Coverage directory: D:/ReportGenerator/Raw Data\#Huaqin\New York\Coverage Performance/LTE Coverage Test (Type: coverage_timeline)
2026-03-09 11:26:41,476 - pipeline - INFO - Analyzing Coverage Timeline for: D:/ReportGenerator/Raw Data\#Huaqin\New York\Coverage Performance/LTE Coverage Test
2026-03-09 11:26:41,476 - pipeline - INFO - Processing rsrp timeline...
2026-03-09 11:26:41,620 - pipeline - INFO - Processing sinr timeline...
2026-03-09 11:26:41,751 - pipeline - INFO - Processing txpower timeline...
2026-03-09 11:26:41,874 - pipeline - INFO - Analyzing Google Throughput directory: D:/ReportGenerator/Raw Data\#Huaqin\New York\Data Performance/5G AUTO DP/5G Auto Data Play-store app Download
2026-03-09 11:26:41,875 - pipeline - INFO - Processing Play Store file: _20260228_180205_CH01_NJNYC TMO_5G AUTO_Playstore 30M DL_NJNY DUT L1_.csv (Size: 30M, Device: DUT, Location: Good)
2026-03-09 11:26:41,911 - pipeline - INFO - Successfully analyzed _20260228_180205_CH01_NJNYC TMO_5G AUTO_Playstore 30M DL_NJNY DUT L1_.csv: 121.66002522706052
2026-03-09 11:26:41,911 - pipeline - INFO - Processing Play Store file: _20260228_180205_CH02_NJNYC TMO_5G AUTO_Playstore 30M DL_NJNY REF L1_.csv (Size: 30M, Device: REF, Location: Good)
2026-03-09 11:26:41,936 - pipeline - INFO - Successfully analyzed _20260228_180205_CH02_NJNYC TMO_5G AUTO_Playstore 30M DL_NJNY REF L1_.csv: 183.1148090225564
2026-03-09 11:26:41,936 - pipeline - INFO - Processing Play Store file: _20260228_181017_CH01_NJNYC TMO_5G AUTO_Playstore 60M DL_NJNY DUT L1_.csv (Size: 60M, Device: DUT, Location: Good)
2026-03-09 11:26:41,962 - pipeline - INFO - Successfully analyzed _20260228_181017_CH01_NJNYC TMO_5G AUTO_Playstore 60M DL_NJNY DUT L1_.csv: 59.31778260869565
2026-03-09 11:26:41,962 - pipeline - INFO - Processing Play Store file: _20260228_181017_CH02_NJNYC TMO_5G AUTO_Playstore 60M DL_NJNY REF L1_.csv (Size: 60M, Device: REF, Location: Good)
2026-03-09 11:26:41,999 - pipeline - INFO - Successfully analyzed _20260228_181017_CH02_NJNYC TMO_5G AUTO_Playstore 60M DL_NJNY REF L1_.csv: 66.97566666666667
2026-03-09 11:26:42,000 - pipeline - INFO - Processing Play Store file: _20260228_181759_CH01_NJNYC TMO_5G AUTO_Playstore 100M DL_NJNY DUT L1_.csv (Size: 100M, Device: DUT, Location: Good)
2026-03-09 11:26:42,041 - pipeline - INFO - Successfully analyzed _20260228_181759_CH01_NJNYC TMO_5G AUTO_Playstore 100M DL_NJNY DUT L1_.csv: 108.5450645021645
2026-03-09 11:26:42,042 - pipeline - INFO - Processing Play Store file: _20260228_181759_CH02_NJNYC TMO_5G AUTO_Playstore 100M DL_NJNY REF L1_.csv (Size: 100M, Device: REF, Location: Good)
2026-03-09 11:26:42,071 - pipeline - INFO - Successfully analyzed _20260228_181759_CH02_NJNYC TMO_5G AUTO_Playstore 100M DL_NJNY REF L1_.csv: 150.622648015873
2026-03-09 11:26:42,071 - pipeline - INFO - Processing Play Store file: _20260305_182335_CH01_NJNYC TMO_5G Auto_Playstore 30M_NJNY DUT L2_Retest.csv (Size: 30M, Device: DUT, Location: Moderate)
2026-03-09 11:26:42,091 - pipeline - INFO - Successfully analyzed _20260305_182335_CH01_NJNYC TMO_5G Auto_Playstore 30M_NJNY DUT L2_Retest.csv: 136.4778240362812
2026-03-09 11:26:42,092 - pipeline - INFO - Processing Play Store file: _20260305_182335_CH02_NJNYC TMO_5G Auto_Playstore 30M_NJNY REF L2_Retest.csv (Size: 30M, Device: REF, Location: Moderate)
2026-03-09 11:26:42,110 - pipeline - INFO - Successfully analyzed _20260305_182335_CH02_NJNYC TMO_5G Auto_Playstore 30M_NJNY REF L2_Retest.csv: 136.27829882498455
2026-03-09 11:26:42,111 - pipeline - INFO - Processing Play Store file: _20260305_182944_CH01_NJNYC TMO_5G Auto_Playstore 60M_NJNY DUT L2_Retest.csv (Size: 60M, Device: DUT, Location: Moderate)
2026-03-09 11:26:42,141 - pipeline - INFO - Successfully analyzed _20260305_182944_CH01_NJNYC TMO_5G Auto_Playstore 60M_NJNY DUT L2_Retest.csv: 66.13028190476192
2026-03-09 11:26:42,142 - pipeline - INFO - Processing Play Store file: _20260305_182944_CH02_NJNYC TMO_5G Auto_Playstore 60M_NJNY REF L2_Retest.csv (Size: 60M, Device: REF, Location: Moderate)
2026-03-09 11:26:42,167 - pipeline - INFO - Successfully analyzed _20260305_182944_CH02_NJNYC TMO_5G Auto_Playstore 60M_NJNY REF L2_Retest.csv: 97.19017391304347
2026-03-09 11:26:42,167 - pipeline - INFO - Processing Play Store file: _20260305_183538_CH01_NJNYC TMO_5G Auto_Playstore 100M_NJNY DUT L2_Retest.csv (Size: 100M, Device: DUT, Location: Moderate)
2026-03-09 11:26:42,200 - pipeline - INFO - Successfully analyzed _20260305_183538_CH01_NJNYC TMO_5G Auto_Playstore 100M_NJNY DUT L2_Retest.csv: 111.27300426573427
2026-03-09 11:26:42,200 - pipeline - INFO - Processing Play Store file: _20260305_183538_CH02_NJNYC TMO_5G Auto_Playstore 100M_NJNY REF L2_Retest.csv (Size: 100M, Device: REF, Location: Moderate)
2026-03-09 11:26:42,229 - pipeline - INFO - Successfully analyzed _20260305_183538_CH02_NJNYC TMO_5G Auto_Playstore 100M_NJNY REF L2_Retest.csv: 170.8116214285714
2026-03-09 11:26:42,229 - pipeline - INFO - Processing Play Store file: _20260305_163158_CH01_NJNYC TMO_5G Auto_Playstore 30M_NJNY DUT L3_Retest.csv (Size: 30M, Device: DUT, Location: Poor)
2026-03-09 11:26:42,277 - pipeline - INFO - Successfully analyzed _20260305_163158_CH01_NJNYC TMO_5G Auto_Playstore 30M_NJNY DUT L3_Retest.csv: 46.271690064667844
2026-03-09 11:26:42,277 - pipeline - INFO - Processing Play Store file: _20260305_163158_CH02_NJNYC TMO_5G Auto_Playstore 30M_NJNY REF L3_Retest.csv (Size: 30M, Device: REF, Location: Poor)
2026-03-09 11:26:42,316 - pipeline - INFO - Successfully analyzed _20260305_163158_CH02_NJNYC TMO_5G Auto_Playstore 30M_NJNY REF L3_Retest.csv: 48.803069629629626
2026-03-09 11:26:42,317 - pipeline - INFO - Processing Play Store file: _20260305_164730_CH01_NJNYC TMO_5G Auto_Playstore 60M_NJNY DUT L3_Retest.csv (Size: 60M, Device: DUT, Location: Poor)
2026-03-09 11:26:42,346 - pipeline - INFO - Successfully analyzed _20260305_164730_CH01_NJNYC TMO_5G Auto_Playstore 60M_NJNY DUT L3_Retest.csv: 93.69039926406927
2026-03-09 11:26:42,347 - pipeline - INFO - Processing Play Store file: _20260305_164730_CH02_NJNYC TMO_5G Auto_Playstore 60M_NJNY REF L3_Retest.csv (Size: 60M, Device: REF, Location: Poor)
2026-03-09 11:26:42,376 - pipeline - INFO - Successfully analyzed _20260305_164730_CH02_NJNYC TMO_5G Auto_Playstore 60M_NJNY REF L3_Retest.csv: 90.55599661172161
2026-03-09 11:26:42,376 - pipeline - INFO - Processing Play Store file: _20260305_165716_CH01_NJNYC TMO_5G Auto_Playstore 100M_NJNY DUT L3_Retest.csv (Size: 100M, Device: DUT, Location: Poor)
2026-03-09 11:26:42,434 - pipeline - INFO - Successfully analyzed _20260305_165716_CH01_NJNYC TMO_5G Auto_Playstore 100M_NJNY DUT L3_Retest.csv: 96.56374333402782
2026-03-09 11:26:42,434 - pipeline - INFO - Processing Play Store file: _20260305_165716_CH02_NJNYC TMO_5G Auto_Playstore 100M_NJNY REF L3_Retest.csv (Size: 100M, Device: REF, Location: Poor)
2026-03-09 11:26:42,466 - pipeline - INFO - Successfully analyzed _20260305_165716_CH02_NJNYC TMO_5G Auto_Playstore 100M_NJNY REF L3_Retest.csv: 83.28131897860594
2026-03-09 11:26:42,466 - pipeline - INFO - Google Throughput analysis directory processing complete. Results found: True
2026-03-09 11:26:42,467 - pipeline - INFO - Analyzing MHS Drive directory: D:/ReportGenerator/Raw Data\#Huaqin\New York\Data Performance/5G AUTO DP/Mobility Test/5G Auto Data Test MHS Drive
2026-03-09 11:26:42,467 - pipeline - INFO - Analyzing MHS Drive directory: D:/ReportGenerator/Raw Data\#Huaqin\New York\Data Performance/5G AUTO DP/Mobility Test/5G Auto Data Test Drive
2026-03-09 11:26:43,795 - pipeline - INFO - Analyzing MHS Drive directory: D:/ReportGenerator/Raw Data\#Huaqin\New York\Data Performance/5G NSA DP/Mobility Test
2026-03-09 11:26:45,119 - pipeline - INFO - Running post-processing (VqLineChart, Coverage extraction)...
2026-03-09 11:26:45,258 - pipeline - INFO - Checking for CDF Throughput data to export...
2026-03-09 11:26:45,294 - pipeline - INFO - Exported 80 CDF throughput JSON files to D:/ReportGenerator/report-generator-app/public/AnalyzeResults\#Huaqin\New York\cdf_throughput_data
2026-03-09 11:26:45,302 - pipeline - INFO - Data Performance results exported to D:/ReportGenerator/report-generator-app/public/AnalyzeResults\#Huaqin\New York\data_performance_results.json
2026-03-09 11:26:45,310 - pipeline - INFO - Coverage Performance results exported to D:/ReportGenerator/report-generator-app/public/AnalyzeResults\#Huaqin\New York\coverage_performance_results.json
2026-03-09 11:26:45,311 - pipeline - INFO - Processing summary exported to D:/ReportGenerator/report-generator-app/public/AnalyzeResults\#Huaqin\New York\processing_summary.json
2026-03-09 11:26:45,311 - pipeline - INFO - Running final data validation...
2026-03-09 11:26:45,332 - pipeline - WARNING - Summary of Empty collections found in JSON files:
2026-03-09 11:26:45,332 - pipeline - WARNING -   - data_performance_results.json -> Data Performance -> 5G AUTO DP -> HTTP Multi Stream -> DL -> Good -> REF -> Throughput -> Outliers -> Empty List
2026-03-09 11:26:45,332 - pipeline - WARNING -   - data_performance_results.json -> Data Performance -> 5G AUTO DP -> HTTP Multi Stream -> DL -> Moderate -> DUT -> Throughput -> Outliers -> Empty List
2026-03-09 11:26:45,332 - pipeline - WARNING -   - data_performance_results.json -> Data Performance -> 5G AUTO DP -> HTTP Multi Stream -> DL -> Poor -> DUT -> Throughput -> Outliers -> Empty List
2026-03-09 11:26:45,333 - pipeline - WARNING -   - data_performance_results.json -> Data Performance -> 5G AUTO DP -> HTTP Multi Stream -> UL -> Moderate -> REF -> Throughput -> Outliers -> Empty List
2026-03-09 11:26:45,333 - pipeline - WARNING -   - data_performance_results.json -> Data Performance -> 5G AUTO DP -> HTTP Multi Stream -> UL -> Poor -> DUT -> Throughput -> Outliers -> Empty List
2026-03-09 11:26:45,333 - pipeline - WARNING -   - data_performance_results.json -> Data Performance -> 5G AUTO DP -> HTTP Multi Stream -> UL -> Poor -> REF -> Throughput -> Outliers -> Empty List
2026-03-09 11:26:45,333 - pipeline - WARNING -   - data_performance_results.json -> Data Performance -> 5G AUTO DP -> HTTP Single Stream -> DL -> Good -> DUT -> Throughput -> Outliers -> Empty List
2026-03-09 11:26:45,333 - pipeline - WARNING -   - data_performance_results.json -> Data Performance -> 5G AUTO DP -> HTTP Single Stream -> DL -> Good -> REF -> Throughput -> Outliers -> Empty List
2026-03-09 11:26:45,334 - pipeline - WARNING -   - data_performance_results.json -> Data Performance -> 5G AUTO DP -> HTTP Single Stream -> DL -> Moderate -> DUT -> Throughput -> Outliers -> Empty List
2026-03-09 11:26:45,334 - pipeline - WARNING -   - data_performance_results.json -> Data Performance -> 5G AUTO DP -> HTTP Single Stream -> DL -> Poor -> DUT -> Throughput -> Outliers -> Empty List
2026-03-09 11:26:45,334 - pipeline - WARNING -   - data_performance_results.json -> Data Performance -> 5G AUTO DP -> HTTP Single Stream -> DL -> Poor -> REF -> Throughput -> Outliers -> Empty List
2026-03-09 11:26:45,334 - pipeline - WARNING -   - data_performance_results.json -> Data Performance -> 5G AUTO DP -> HTTP Single Stream -> UL -> Good -> REF -> Throughput -> Outliers -> Empty List
2026-03-09 11:26:45,334 - pipeline - WARNING -   - data_performance_results.json -> Data Performance -> 5G AUTO DP -> Udp Test -> DL -> UDP Download Task at 200 Mbps for 10 seconds -> Moderate -> DUT -> Throughput -> Outliers -> Empty List
2026-03-09 11:26:45,335 - pipeline - WARNING -   - data_performance_results.json -> Data Performance -> 5G AUTO DP -> Udp Test -> DL -> UDP Download Task at 200 Mbps for 10 seconds -> Moderate -> REF -> Throughput -> Outliers -> Empty List
2026-03-09 11:26:45,335 - pipeline - WARNING -   - data_performance_results.json -> Data Performance -> 5G AUTO DP -> Udp Test -> DL -> UDP Download Task at 200 Mbps for 10 seconds -> Poor -> DUT -> Throughput -> Outliers -> Empty List
2026-03-09 11:26:45,335 - pipeline - WARNING -   - data_performance_results.json -> Data Performance -> 5G AUTO DP -> Udp Test -> DL -> UDP Download Task at 200 Mbps for 10 seconds -> Poor -> REF -> Throughput -> Outliers -> Empty List
2026-03-09 11:26:45,335 - pipeline - WARNING -   - data_performance_results.json -> Data Performance -> 5G AUTO DP -> Udp Test -> DL -> UDP Download Task at 400 Mbps for 10 seconds -> Good -> DUT -> Throughput -> Outliers -> Empty List
2026-03-09 11:26:45,336 - pipeline - WARNING -   - data_performance_results.json -> Data Performance -> 5G AUTO DP -> Udp Test -> DL -> UDP Download Task at 400 Mbps for 10 seconds -> Good -> REF -> Throughput -> Outliers -> Empty List
2026-03-09 11:26:45,336 - pipeline - WARNING -   - data_performance_results.json -> Data Performance -> 5G AUTO DP -> Udp Test -> DL -> UDP Download Task at 400 Mbps for 10 seconds -> Moderate -> DUT -> Throughput -> Outliers -> Empty List
2026-03-09 11:26:45,336 - pipeline - WARNING -   - data_performance_results.json -> Data Performance -> 5G AUTO DP -> Udp Test -> DL -> UDP Download Task at 400 Mbps for 10 seconds -> Moderate -> REF -> Throughput -> Outliers -> Empty List
2026-03-09 11:26:45,336 - pipeline - WARNING -   - data_performance_results.json -> Data Performance -> 5G AUTO DP -> Udp Test -> DL -> UDP Download Task at 400 Mbps for 10 seconds -> Poor -> DUT -> Throughput -> Outliers -> Empty List
2026-03-09 11:26:45,337 - pipeline - WARNING -   - data_performance_results.json -> Data Performance -> 5G AUTO DP -> Udp Test -> DL -> UDP Download Task at 400 Mbps for 10 seconds -> Poor -> REF -> Throughput -> Outliers -> Empty List
2026-03-09 11:26:45,337 - pipeline - WARNING -   - data_performance_results.json -> Data Performance -> 5G AUTO DP -> Udp Test -> UL -> UDP Upload Task at 10 Mbps for 10 seconds -> Good -> REF -> Throughput -> Outliers -> Empty List
2026-03-09 11:26:45,337 - pipeline - WARNING -   - data_performance_results.json -> Data Performance -> 5G AUTO DP -> Udp Test -> UL -> UDP Upload Task at 10 Mbps for 10 seconds -> Moderate -> DUT -> Throughput -> Outliers -> Empty List
2026-03-09 11:26:45,337 - pipeline - WARNING -   - data_performance_results.json -> Data Performance -> 5G AUTO DP -> Udp Test -> UL -> UDP Upload Task at 10 Mbps for 10 seconds -> Poor -> DUT -> Throughput -> Outliers -> Empty List
2026-03-09 11:26:45,338 - pipeline - WARNING -   - data_performance_results.json -> Data Performance -> 5G AUTO DP -> Udp Test -> UL -> UDP Upload Task at 10 Mbps for 10 seconds -> Poor -> REF -> Throughput -> Outliers -> Empty List
2026-03-09 11:26:45,338 - pipeline - WARNING -   - data_performance_results.json -> Data Performance -> 5G AUTO DP -> Udp Test -> UL -> UDP Upload Task at 20 Mbps for 10 seconds -> Good -> REF -> Throughput -> Outliers -> Empty List
2026-03-09 11:26:45,338 - pipeline - WARNING -   - data_performance_results.json -> Data Performance -> 5G AUTO DP -> Udp Test -> UL -> UDP Upload Task at 20 Mbps for 10 seconds -> Moderate -> REF -> Throughput -> Outliers -> Empty List
2026-03-09 11:26:45,338 - pipeline - WARNING -   - data_performance_results.json -> Data Performance -> 5G AUTO DP -> Udp Test -> UL -> UDP Upload Task at 20 Mbps for 10 seconds -> Poor -> DUT -> Throughput -> Outliers -> Empty List
2026-03-09 11:26:45,339 - pipeline - WARNING -   - data_performance_results.json -> Data Performance -> 5G NSA DP -> HTTP Multi Stream -> DL -> Poor -> DUT -> Throughput -> Outliers -> Empty List
2026-03-09 11:26:45,339 - pipeline - WARNING -   - data_performance_results.json -> Data Performance -> 5G NSA DP -> HTTP Multi Stream -> DL -> Poor -> REF -> Throughput -> Outliers -> Empty List
2026-03-09 11:26:45,339 - pipeline - WARNING -   - data_performance_results.json -> Data Performance -> 5G NSA DP -> HTTP Multi Stream -> UL -> Moderate -> DUT -> Throughput -> Outliers -> Empty List
2026-03-09 11:26:45,339 - pipeline - WARNING -   - data_performance_results.json -> Data Performance -> 5G NSA DP -> HTTP Multi Stream -> UL -> Poor -> DUT -> Throughput -> Outliers -> Empty List
2026-03-09 11:26:45,340 - pipeline - WARNING -   - data_performance_results.json -> Data Performance -> 5G NSA DP -> HTTP Multi Stream -> UL -> Poor -> REF -> Throughput -> Outliers -> Empty List
2026-03-09 11:26:45,340 - pipeline - WARNING -   - data_performance_results.json -> Data Performance -> 5G NSA DP -> HTTP Single Stream -> DL -> Poor -> DUT -> Throughput -> Outliers -> Empty List
2026-03-09 11:26:45,340 - pipeline - WARNING -   - data_performance_results.json -> Data Performance -> 5G NSA DP -> HTTP Single Stream -> DL -> Poor -> REF -> Throughput -> Outliers -> Empty List
2026-03-09 11:26:45,340 - pipeline - WARNING -   - data_performance_results.json -> Data Performance -> 5G NSA DP -> HTTP Single Stream -> UL -> Moderate -> DUT -> Throughput -> Outliers -> Empty List
2026-03-09 11:26:45,341 - pipeline - WARNING -   - data_performance_results.json -> Data Performance -> 5G NSA DP -> Mobility Test -> REF -> DL Throughput -> Outliers -> Empty List
2026-03-09 11:26:45,341 - pipeline - WARNING -   - data_performance_results.json -> Data Performance -> 5G NSA DP -> Udp Test -> DL -> UDP Download Task at 200 Mbps for 10 seconds -> Poor -> REF -> Throughput -> Outliers -> Empty List
2026-03-09 11:26:45,341 - pipeline - WARNING -   - data_performance_results.json -> Data Performance -> 5G NSA DP -> Udp Test -> DL -> UDP Download Task at 400 Mbps for 10 seconds -> Moderate -> DUT -> Throughput -> Outliers -> Empty List
2026-03-09 11:26:45,341 - pipeline - WARNING -   - data_performance_results.json -> Data Performance -> 5G NSA DP -> Udp Test -> DL -> UDP Download Task at 400 Mbps for 10 seconds -> Moderate -> REF -> Throughput -> Outliers -> Empty List
2026-03-09 11:26:45,342 - pipeline - WARNING -   - data_performance_results.json -> Data Performance -> 5G NSA DP -> Udp Test -> DL -> UDP Download Task at 400 Mbps for 10 seconds -> Poor -> DUT -> Throughput -> Outliers -> Empty List
2026-03-09 11:26:45,342 - pipeline - WARNING -   - data_performance_results.json -> Data Performance -> 5G NSA DP -> Udp Test -> DL -> UDP Download Task at 400 Mbps for 10 seconds -> Poor -> REF -> Throughput -> Outliers -> Empty List
2026-03-09 11:26:45,342 - pipeline - WARNING -   - data_performance_results.json -> Data Performance -> 5G NSA DP -> Udp Test -> UL -> 5G NSA_UDP Upload Task at 20 Mbps for 10 seconds -> Poor -> DUT -> Throughput -> Outliers -> Empty List
2026-03-09 11:26:45,342 - pipeline - INFO - Pipeline execution completed. Results in: D:/ReportGenerator/report-generator-app/public/AnalyzeResults\#Huaqin\New York
2026-03-09 11:26:45,347 - pipeline - INFO - Project: #Huaqin
2026-03-09 11:26:45,347 - pipeline - INFO - Project: #Huaqin
2026-03-09 11:26:45,347 - pipeline - INFO - Market: Seattle
2026-03-09 11:26:45,347 - pipeline - INFO - Market: Seattle
2026-03-09 11:26:45,347 - pipeline - INFO - Reading from: D:/ReportGenerator/Raw Data\#Huaqin\Seattle
2026-03-09 11:26:45,347 - pipeline - INFO - Reading from: D:/ReportGenerator/Raw Data\#Huaqin\Seattle
2026-03-09 11:26:45,347 - pipeline - INFO - Writing to: D:/ReportGenerator/report-generator-app/public/AnalyzeResults\#Huaqin\Seattle
2026-03-09 11:26:45,347 - pipeline - INFO - Writing to: D:/ReportGenerator/report-generator-app/public/AnalyzeResults\#Huaqin\Seattle
2026-03-09 11:26:45,348 - pipeline - INFO - Starting analysis pipeline...
2026-03-09 11:26:45,348 - pipeline - INFO - Starting analysis pipeline...
2026-03-09 11:26:45,355 - pipeline - INFO - Grouping 181 CSV files by directory and device type...
2026-03-09 11:26:45,355 - pipeline - INFO - Grouping 181 CSV files by directory and device type...
2026-03-09 11:26:45,357 - pipeline - INFO - Created 138 file groups for analysis
2026-03-09 11:26:45,357 - pipeline - INFO - Created 138 file groups for analysis
2026-03-09 11:26:45,357 - pipeline - INFO - Analyzing 1 file(s) for DUT in 5G Auto Data Web-Kepler
2026-03-09 11:26:45,357 - pipeline - INFO - Analyzing 1 file(s) for DUT in 5G Auto Data Web-Kepler
2026-03-09 11:26:45,395 - pipeline - INFO - Analyzing 1 file(s) for REF in 5G Auto Data Web-Kepler
2026-03-09 11:26:45,395 - pipeline - INFO - Analyzing 1 file(s) for REF in 5G Auto Data Web-Kepler
2026-03-09 11:26:45,435 - pipeline - INFO - Analyzing 1 file(s) for DUT in Good
2026-03-09 11:26:45,435 - pipeline - INFO - Analyzing 1 file(s) for DUT in Good
2026-03-09 11:26:45,495 - pipeline - INFO - Analyzing 1 file(s) for REF in Good
2026-03-09 11:26:45,495 - pipeline - INFO - Analyzing 1 file(s) for REF in Good
2026-03-09 11:26:45,552 - pipeline - INFO - Analyzing 2 file(s) for DUT in Moderate
2026-03-09 11:26:45,552 - pipeline - INFO - Analyzing 2 file(s) for DUT in Moderate
2026-03-09 11:26:45,659 - pipeline - INFO - Analyzing 1 file(s) for REF in Moderate
2026-03-09 11:26:45,659 - pipeline - INFO - Analyzing 1 file(s) for REF in Moderate
2026-03-09 11:26:45,720 - pipeline - INFO - Analyzing 2 file(s) for DUT in Poor
2026-03-09 11:26:45,720 - pipeline - INFO - Analyzing 2 file(s) for DUT in Poor
2026-03-09 11:26:45,812 - pipeline - INFO - Analyzing 2 file(s) for REF in Poor
2026-03-09 11:26:45,812 - pipeline - INFO - Analyzing 2 file(s) for REF in Poor
2026-03-09 11:26:45,903 - pipeline - INFO - Analyzing 1 file(s) for DUT in Good
2026-03-09 11:26:45,903 - pipeline - INFO - Analyzing 1 file(s) for DUT in Good
2026-03-09 11:26:45,988 - pipeline - INFO - Analyzing 1 file(s) for REF in Good
2026-03-09 11:26:45,988 - pipeline - INFO - Analyzing 1 file(s) for REF in Good
2026-03-09 11:26:46,044 - pipeline - INFO - Analyzing 1 file(s) for DUT in Moderate
2026-03-09 11:26:46,044 - pipeline - INFO - Analyzing 1 file(s) for DUT in Moderate
2026-03-09 11:26:46,102 - pipeline - INFO - Analyzing 1 file(s) for REF in Moderate
2026-03-09 11:26:46,102 - pipeline - INFO - Analyzing 1 file(s) for REF in Moderate
2026-03-09 11:26:46,162 - pipeline - INFO - Analyzing 1 file(s) for DUT in Poor
2026-03-09 11:26:46,162 - pipeline - INFO - Analyzing 1 file(s) for DUT in Poor
2026-03-09 11:26:46,209 - pipeline - INFO - Analyzing 1 file(s) for REF in Poor
2026-03-09 11:26:46,209 - pipeline - INFO - Analyzing 1 file(s) for REF in Poor
2026-03-09 11:26:46,294 - pipeline - INFO - Analyzing 1 file(s) for DUT in Good
2026-03-09 11:26:46,294 - pipeline - INFO - Analyzing 1 file(s) for DUT in Good
2026-03-09 11:26:46,367 - pipeline - INFO - Analyzing 1 file(s) for REF in Good
2026-03-09 11:26:46,367 - pipeline - INFO - Analyzing 1 file(s) for REF in Good
2026-03-09 11:26:46,442 - pipeline - INFO - Analyzing 1 file(s) for DUT in Moderate
2026-03-09 11:26:46,442 - pipeline - INFO - Analyzing 1 file(s) for DUT in Moderate
2026-03-09 11:26:46,531 - pipeline - INFO - Analyzing 1 file(s) for REF in Moderate
2026-03-09 11:26:46,531 - pipeline - INFO - Analyzing 1 file(s) for REF in Moderate
2026-03-09 11:26:46,622 - pipeline - INFO - Analyzing 1 file(s) for DUT in Poor
2026-03-09 11:26:46,622 - pipeline - INFO - Analyzing 1 file(s) for DUT in Poor
2026-03-09 11:26:46,714 - pipeline - INFO - Analyzing 1 file(s) for REF in Poor
2026-03-09 11:26:46,714 - pipeline - INFO - Analyzing 1 file(s) for REF in Poor
2026-03-09 11:26:46,805 - pipeline - INFO - Analyzing 1 file(s) for DUT in Good
2026-03-09 11:26:46,805 - pipeline - INFO - Analyzing 1 file(s) for DUT in Good
2026-03-09 11:26:46,847 - pipeline - INFO - Analyzing 1 file(s) for REF in Good
2026-03-09 11:26:46,847 - pipeline - INFO - Analyzing 1 file(s) for REF in Good
2026-03-09 11:26:46,891 - pipeline - INFO - Analyzing 1 file(s) for DUT in Moderate
2026-03-09 11:26:46,891 - pipeline - INFO - Analyzing 1 file(s) for DUT in Moderate
2026-03-09 11:26:46,947 - pipeline - INFO - Analyzing 1 file(s) for REF in Moderate
2026-03-09 11:26:46,947 - pipeline - INFO - Analyzing 1 file(s) for REF in Moderate
2026-03-09 11:26:46,996 - pipeline - INFO - Analyzing 1 file(s) for DUT in Poor
2026-03-09 11:26:46,996 - pipeline - INFO - Analyzing 1 file(s) for DUT in Poor
2026-03-09 11:26:47,037 - pipeline - INFO - Analyzing 1 file(s) for REF in Poor
2026-03-09 11:26:47,037 - pipeline - INFO - Analyzing 1 file(s) for REF in Poor
2026-03-09 11:26:47,084 - pipeline - INFO - Analyzing 2 file(s) for DUT in Moderate
2026-03-09 11:26:47,084 - pipeline - INFO - Analyzing 2 file(s) for DUT in Moderate
2026-03-09 11:26:47,170 - pipeline - INFO - Analyzing 2 file(s) for REF in Moderate
2026-03-09 11:26:47,170 - pipeline - INFO - Analyzing 2 file(s) for REF in Moderate
2026-03-09 11:26:47,252 - pipeline - INFO - Analyzing 2 file(s) for DUT in Poor
2026-03-09 11:26:47,252 - pipeline - INFO - Analyzing 2 file(s) for DUT in Poor
2026-03-09 11:26:47,367 - pipeline - INFO - Analyzing 2 file(s) for REF in Poor
2026-03-09 11:26:47,367 - pipeline - INFO - Analyzing 2 file(s) for REF in Poor
2026-03-09 11:26:47,468 - pipeline - INFO - Analyzing 1 file(s) for DUT in Moderate
2026-03-09 11:26:47,468 - pipeline - INFO - Analyzing 1 file(s) for DUT in Moderate
2026-03-09 11:26:47,526 - pipeline - INFO - Analyzing 1 file(s) for REF in Moderate
2026-03-09 11:26:47,526 - pipeline - INFO - Analyzing 1 file(s) for REF in Moderate
2026-03-09 11:26:47,581 - pipeline - INFO - Analyzing 1 file(s) for DUT in Poor
2026-03-09 11:26:47,581 - pipeline - INFO - Analyzing 1 file(s) for DUT in Poor
2026-03-09 11:26:47,634 - pipeline - INFO - Analyzing 1 file(s) for REF in Poor
2026-03-09 11:26:47,634 - pipeline - INFO - Analyzing 1 file(s) for REF in Poor
2026-03-09 11:26:47,692 - pipeline - INFO - Analyzing 1 file(s) for DUT in Moderate
2026-03-09 11:26:47,692 - pipeline - INFO - Analyzing 1 file(s) for DUT in Moderate
2026-03-09 11:26:47,778 - pipeline - INFO - Analyzing 1 file(s) for REF in Moderate
2026-03-09 11:26:47,778 - pipeline - INFO - Analyzing 1 file(s) for REF in Moderate
2026-03-09 11:26:47,856 - pipeline - INFO - Analyzing 2 file(s) for DUT in Poor
2026-03-09 11:26:47,856 - pipeline - INFO - Analyzing 2 file(s) for DUT in Poor
2026-03-09 11:26:47,964 - pipeline - INFO - Analyzing 2 file(s) for REF in Poor
2026-03-09 11:26:47,964 - pipeline - INFO - Analyzing 2 file(s) for REF in Poor
2026-03-09 11:26:48,061 - pipeline - INFO - Analyzing 1 file(s) for DUT in Moderate
2026-03-09 11:26:48,061 - pipeline - INFO - Analyzing 1 file(s) for DUT in Moderate
2026-03-09 11:26:48,095 - pipeline - INFO - Analyzing 1 file(s) for REF in Moderate
2026-03-09 11:26:48,095 - pipeline - INFO - Analyzing 1 file(s) for REF in Moderate
2026-03-09 11:26:48,133 - pipeline - INFO - Analyzing 2 file(s) for DUT in Poor
2026-03-09 11:26:48,133 - pipeline - INFO - Analyzing 2 file(s) for DUT in Poor
2026-03-09 11:26:48,213 - pipeline - INFO - Analyzing 2 file(s) for REF in Poor
2026-03-09 11:26:48,213 - pipeline - INFO - Analyzing 2 file(s) for REF in Poor
2026-03-09 11:26:48,280 - pipeline - INFO - Analyzing 1 file(s) for DUT in Moderate
2026-03-09 11:26:48,280 - pipeline - INFO - Analyzing 1 file(s) for DUT in Moderate
2026-03-09 11:26:48,352 - pipeline - INFO - Analyzing 1 file(s) for REF in Moderate
2026-03-09 11:26:48,352 - pipeline - INFO - Analyzing 1 file(s) for REF in Moderate
2026-03-09 11:26:48,415 - pipeline - INFO - Analyzing 2 file(s) for DUT in Poor
2026-03-09 11:26:48,415 - pipeline - INFO - Analyzing 2 file(s) for DUT in Poor
2026-03-09 11:26:48,507 - pipeline - INFO - Analyzing 2 file(s) for REF in Poor
2026-03-09 11:26:48,507 - pipeline - INFO - Analyzing 2 file(s) for REF in Poor
2026-03-09 11:26:48,594 - pipeline - INFO - Analyzing 1 file(s) for DUT in Moderate
2026-03-09 11:26:48,594 - pipeline - INFO - Analyzing 1 file(s) for DUT in Moderate
2026-03-09 11:26:48,667 - pipeline - INFO - Analyzing 1 file(s) for REF in Moderate
2026-03-09 11:26:48,667 - pipeline - INFO - Analyzing 1 file(s) for REF in Moderate
2026-03-09 11:26:48,742 - pipeline - INFO - Analyzing 2 file(s) for DUT in Poor
2026-03-09 11:26:48,742 - pipeline - INFO - Analyzing 2 file(s) for DUT in Poor
2026-03-09 11:26:48,848 - pipeline - INFO - Analyzing 2 file(s) for REF in Poor
2026-03-09 11:26:48,848 - pipeline - INFO - Analyzing 2 file(s) for REF in Poor
2026-03-09 11:26:48,947 - pipeline - INFO - Analyzing 3 file(s) for DUT in Moderate
2026-03-09 11:26:48,947 - pipeline - INFO - Analyzing 3 file(s) for DUT in Moderate
2026-03-09 11:26:49,098 - pipeline - INFO - Analyzing 3 file(s) for REF in Moderate
2026-03-09 11:26:49,098 - pipeline - INFO - Analyzing 3 file(s) for REF in Moderate
2026-03-09 11:26:49,258 - pipeline - INFO - Analyzing 2 file(s) for DUT in Poor
2026-03-09 11:26:49,258 - pipeline - INFO - Analyzing 2 file(s) for DUT in Poor
2026-03-09 11:26:49,374 - pipeline - INFO - Analyzing 2 file(s) for REF in Poor
2026-03-09 11:26:49,374 - pipeline - INFO - Analyzing 2 file(s) for REF in Poor
2026-03-09 11:26:49,487 - pipeline - INFO - Analyzing 1 file(s) for DUT in Moderate
2026-03-09 11:26:49,487 - pipeline - INFO - Analyzing 1 file(s) for DUT in Moderate
2026-03-09 11:26:49,567 - pipeline - INFO - Analyzing 1 file(s) for REF in Moderate
2026-03-09 11:26:49,567 - pipeline - INFO - Analyzing 1 file(s) for REF in Moderate
2026-03-09 11:26:49,631 - pipeline - INFO - Analyzing 2 file(s) for DUT in Poor
2026-03-09 11:26:49,631 - pipeline - INFO - Analyzing 2 file(s) for DUT in Poor
2026-03-09 11:26:49,721 - pipeline - INFO - Analyzing 2 file(s) for REF in Poor
2026-03-09 11:26:49,721 - pipeline - INFO - Analyzing 2 file(s) for REF in Poor
2026-03-09 11:26:49,809 - pipeline - INFO - Analyzing 1 file(s) for DUT in Moderate
2026-03-09 11:26:49,809 - pipeline - INFO - Analyzing 1 file(s) for DUT in Moderate
2026-03-09 11:26:49,889 - pipeline - INFO - Analyzing 1 file(s) for REF in Moderate
2026-03-09 11:26:49,889 - pipeline - INFO - Analyzing 1 file(s) for REF in Moderate
2026-03-09 11:26:49,954 - pipeline - INFO - Analyzing 1 file(s) for DUT in Poor
2026-03-09 11:26:49,954 - pipeline - INFO - Analyzing 1 file(s) for DUT in Poor
2026-03-09 11:26:50,036 - pipeline - INFO - Analyzing 1 file(s) for REF in Poor
2026-03-09 11:26:50,036 - pipeline - INFO - Analyzing 1 file(s) for REF in Poor
2026-03-09 11:26:50,096 - pipeline - INFO - Analyzing 1 file(s) for DUT in 5G Auto Data Test Drive
2026-03-09 11:26:50,096 - pipeline - INFO - Analyzing 1 file(s) for DUT in 5G Auto Data Test Drive
2026-03-09 11:26:50,444 - pipeline - INFO - Analyzing 1 file(s) for REF in 5G Auto Data Test Drive
2026-03-09 11:26:50,444 - pipeline - INFO - Analyzing 1 file(s) for REF in 5G Auto Data Test Drive
2026-03-09 11:26:50,812 - pipeline - INFO - Analyzing 1 file(s) for DUT in Good
2026-03-09 11:26:50,812 - pipeline - INFO - Analyzing 1 file(s) for DUT in Good
2026-03-09 11:26:50,881 - pipeline - INFO - Analyzing 1 file(s) for REF in Good
2026-03-09 11:26:50,881 - pipeline - INFO - Analyzing 1 file(s) for REF in Good
2026-03-09 11:26:50,948 - pipeline - INFO - Analyzing 1 file(s) for DUT in Moderate
2026-03-09 11:26:50,948 - pipeline - INFO - Analyzing 1 file(s) for DUT in Moderate
2026-03-09 11:26:51,017 - pipeline - INFO - Analyzing 1 file(s) for REF in Moderate
2026-03-09 11:26:51,017 - pipeline - INFO - Analyzing 1 file(s) for REF in Moderate
2026-03-09 11:26:51,080 - pipeline - INFO - Analyzing 1 file(s) for DUT in Good
2026-03-09 11:26:51,080 - pipeline - INFO - Analyzing 1 file(s) for DUT in Good
2026-03-09 11:26:51,150 - pipeline - INFO - Analyzing 1 file(s) for REF in Good
2026-03-09 11:26:51,150 - pipeline - INFO - Analyzing 1 file(s) for REF in Good
2026-03-09 11:26:51,227 - pipeline - INFO - Analyzing 1 file(s) for DUT in Moderate
2026-03-09 11:26:51,227 - pipeline - INFO - Analyzing 1 file(s) for DUT in Moderate
2026-03-09 11:26:51,311 - pipeline - INFO - Analyzing 1 file(s) for REF in Moderate
2026-03-09 11:26:51,311 - pipeline - INFO - Analyzing 1 file(s) for REF in Moderate
2026-03-09 11:26:51,388 - pipeline - INFO - Analyzing 1 file(s) for DUT in Poor
2026-03-09 11:26:51,388 - pipeline - INFO - Analyzing 1 file(s) for DUT in Poor
2026-03-09 11:26:51,467 - pipeline - INFO - Analyzing 1 file(s) for REF in Poor
2026-03-09 11:26:51,467 - pipeline - INFO - Analyzing 1 file(s) for REF in Poor
2026-03-09 11:26:51,552 - pipeline - INFO - Analyzing 1 file(s) for DUT in Good
2026-03-09 11:26:51,552 - pipeline - INFO - Analyzing 1 file(s) for DUT in Good
2026-03-09 11:26:51,642 - pipeline - INFO - Analyzing 1 file(s) for REF in Good
2026-03-09 11:26:51,642 - pipeline - INFO - Analyzing 1 file(s) for REF in Good
2026-03-09 11:26:51,722 - pipeline - INFO - Analyzing 1 file(s) for DUT in Moderate
2026-03-09 11:26:51,722 - pipeline - INFO - Analyzing 1 file(s) for DUT in Moderate
2026-03-09 11:26:51,802 - pipeline - INFO - Analyzing 1 file(s) for REF in Moderate
2026-03-09 11:26:51,802 - pipeline - INFO - Analyzing 1 file(s) for REF in Moderate
2026-03-09 11:26:51,881 - pipeline - INFO - Analyzing 1 file(s) for DUT in Poor
2026-03-09 11:26:51,881 - pipeline - INFO - Analyzing 1 file(s) for DUT in Poor
2026-03-09 11:26:51,964 - pipeline - INFO - Analyzing 1 file(s) for REF in Poor
2026-03-09 11:26:51,964 - pipeline - INFO - Analyzing 1 file(s) for REF in Poor
2026-03-09 11:26:52,046 - pipeline - INFO - Analyzing 1 file(s) for DUT in Good
2026-03-09 11:26:52,046 - pipeline - INFO - Analyzing 1 file(s) for DUT in Good
2026-03-09 11:26:52,118 - pipeline - INFO - Analyzing 1 file(s) for REF in Good
2026-03-09 11:26:52,118 - pipeline - INFO - Analyzing 1 file(s) for REF in Good
2026-03-09 11:26:52,181 - pipeline - INFO - Analyzing 1 file(s) for DUT in Moderate
2026-03-09 11:26:52,181 - pipeline - INFO - Analyzing 1 file(s) for DUT in Moderate
2026-03-09 11:26:52,299 - pipeline - INFO - Analyzing 1 file(s) for REF in Moderate
2026-03-09 11:26:52,299 - pipeline - INFO - Analyzing 1 file(s) for REF in Moderate
2026-03-09 11:26:52,372 - pipeline - INFO - Analyzing 1 file(s) for DUT in Poor
2026-03-09 11:26:52,372 - pipeline - INFO - Analyzing 1 file(s) for DUT in Poor
2026-03-09 11:26:52,440 - pipeline - INFO - Analyzing 1 file(s) for REF in Poor
2026-03-09 11:26:52,440 - pipeline - INFO - Analyzing 1 file(s) for REF in Poor
2026-03-09 11:26:52,509 - pipeline - INFO - Analyzing 1 file(s) for DUT in Good
2026-03-09 11:26:52,509 - pipeline - INFO - Analyzing 1 file(s) for DUT in Good
2026-03-09 11:26:52,581 - pipeline - INFO - Analyzing 1 file(s) for REF in Good
2026-03-09 11:26:52,581 - pipeline - INFO - Analyzing 1 file(s) for REF in Good
2026-03-09 11:26:52,651 - pipeline - INFO - Analyzing 1 file(s) for DUT in Moderate
2026-03-09 11:26:52,651 - pipeline - INFO - Analyzing 1 file(s) for DUT in Moderate
2026-03-09 11:26:52,726 - pipeline - INFO - Analyzing 1 file(s) for REF in Moderate
2026-03-09 11:26:52,726 - pipeline - INFO - Analyzing 1 file(s) for REF in Moderate
2026-03-09 11:26:52,798 - pipeline - INFO - Analyzing 1 file(s) for DUT in Poor
2026-03-09 11:26:52,798 - pipeline - INFO - Analyzing 1 file(s) for DUT in Poor
2026-03-09 11:26:52,868 - pipeline - INFO - Analyzing 1 file(s) for REF in Poor
2026-03-09 11:26:52,868 - pipeline - INFO - Analyzing 1 file(s) for REF in Poor
2026-03-09 11:26:52,945 - pipeline - INFO - Analyzing 1 file(s) for DUT in Moderate
2026-03-09 11:26:52,945 - pipeline - INFO - Analyzing 1 file(s) for DUT in Moderate
2026-03-09 11:26:53,009 - pipeline - INFO - Analyzing 1 file(s) for REF in Moderate
2026-03-09 11:26:53,009 - pipeline - INFO - Analyzing 1 file(s) for REF in Moderate
2026-03-09 11:26:53,068 - pipeline - INFO - Analyzing 2 file(s) for DUT in Poor
2026-03-09 11:26:53,068 - pipeline - INFO - Analyzing 2 file(s) for DUT in Poor
2026-03-09 11:26:53,166 - pipeline - INFO - Analyzing 2 file(s) for REF in Poor
2026-03-09 11:26:53,166 - pipeline - INFO - Analyzing 2 file(s) for REF in Poor
2026-03-09 11:26:53,293 - pipeline - INFO - Analyzing 1 file(s) for DUT in Moderate
2026-03-09 11:26:53,293 - pipeline - INFO - Analyzing 1 file(s) for DUT in Moderate
2026-03-09 11:26:53,348 - pipeline - INFO - Analyzing 1 file(s) for REF in Moderate
2026-03-09 11:26:53,348 - pipeline - INFO - Analyzing 1 file(s) for REF in Moderate
2026-03-09 11:26:53,403 - pipeline - INFO - Analyzing 1 file(s) for DUT in Poor
2026-03-09 11:26:53,403 - pipeline - INFO - Analyzing 1 file(s) for DUT in Poor
2026-03-09 11:26:53,467 - pipeline - INFO - Analyzing 1 file(s) for REF in Poor
2026-03-09 11:26:53,467 - pipeline - INFO - Analyzing 1 file(s) for REF in Poor
2026-03-09 11:26:53,528 - pipeline - INFO - Analyzing 2 file(s) for DUT in Moderate
2026-03-09 11:26:53,528 - pipeline - INFO - Analyzing 2 file(s) for DUT in Moderate
2026-03-09 11:26:53,634 - pipeline - INFO - Analyzing 2 file(s) for REF in Moderate
2026-03-09 11:26:53,634 - pipeline - INFO - Analyzing 2 file(s) for REF in Moderate
2026-03-09 11:26:53,747 - pipeline - INFO - Analyzing 1 file(s) for DUT in Poor
2026-03-09 11:26:53,747 - pipeline - INFO - Analyzing 1 file(s) for DUT in Poor
2026-03-09 11:26:53,829 - pipeline - INFO - Analyzing 1 file(s) for REF in Poor
2026-03-09 11:26:53,829 - pipeline - INFO - Analyzing 1 file(s) for REF in Poor
2026-03-09 11:26:53,924 - pipeline - INFO - Analyzing 2 file(s) for DUT in Moderate
2026-03-09 11:26:53,924 - pipeline - INFO - Analyzing 2 file(s) for DUT in Moderate
2026-03-09 11:26:53,997 - pipeline - INFO - Analyzing 2 file(s) for REF in Moderate
2026-03-09 11:26:53,997 - pipeline - INFO - Analyzing 2 file(s) for REF in Moderate
2026-03-09 11:26:54,083 - pipeline - INFO - Analyzing 1 file(s) for DUT in Poor
2026-03-09 11:26:54,083 - pipeline - INFO - Analyzing 1 file(s) for DUT in Poor
2026-03-09 11:26:54,137 - pipeline - INFO - Analyzing 1 file(s) for REF in Poor
2026-03-09 11:26:54,137 - pipeline - INFO - Analyzing 1 file(s) for REF in Poor
2026-03-09 11:26:54,178 - pipeline - INFO - Analyzing 1 file(s) for DUT in Mobility Test
2026-03-09 11:26:54,178 - pipeline - INFO - Analyzing 1 file(s) for DUT in Mobility Test
2026-03-09 11:26:54,559 - pipeline - INFO - Analyzing 1 file(s) for REF in Mobility Test
2026-03-09 11:26:54,559 - pipeline - INFO - Analyzing 1 file(s) for REF in Mobility Test
2026-03-09 11:26:54,955 - pipeline - INFO - Analyzing 1 file(s) for DUT in Moderate
2026-03-09 11:26:54,955 - pipeline - INFO - Analyzing 1 file(s) for DUT in Moderate
2026-03-09 11:26:55,031 - pipeline - INFO - Analyzing 1 file(s) for REF in Moderate
2026-03-09 11:26:55,031 - pipeline - INFO - Analyzing 1 file(s) for REF in Moderate
2026-03-09 11:26:55,090 - pipeline - INFO - Analyzing 1 file(s) for DUT in Poor
2026-03-09 11:26:55,090 - pipeline - INFO - Analyzing 1 file(s) for DUT in Poor
2026-03-09 11:26:55,154 - pipeline - INFO - Analyzing 1 file(s) for REF in Poor
2026-03-09 11:26:55,154 - pipeline - INFO - Analyzing 1 file(s) for REF in Poor
2026-03-09 11:26:55,226 - pipeline - INFO - Analyzing 1 file(s) for DUT in Moderate
2026-03-09 11:26:55,226 - pipeline - INFO - Analyzing 1 file(s) for DUT in Moderate
2026-03-09 11:26:55,295 - pipeline - INFO - Analyzing 1 file(s) for REF in Moderate
2026-03-09 11:26:55,295 - pipeline - INFO - Analyzing 1 file(s) for REF in Moderate
2026-03-09 11:26:55,378 - pipeline - INFO - Analyzing 1 file(s) for DUT in Poor
2026-03-09 11:26:55,378 - pipeline - INFO - Analyzing 1 file(s) for DUT in Poor
2026-03-09 11:26:55,450 - pipeline - INFO - Analyzing 1 file(s) for REF in Poor
2026-03-09 11:26:55,450 - pipeline - INFO - Analyzing 1 file(s) for REF in Poor
2026-03-09 11:26:55,525 - pipeline - INFO - Analyzing 2 file(s) for DUT in Moderate
2026-03-09 11:26:55,525 - pipeline - INFO - Analyzing 2 file(s) for DUT in Moderate
2026-03-09 11:26:55,653 - pipeline - INFO - Analyzing 2 file(s) for REF in Moderate
2026-03-09 11:26:55,653 - pipeline - INFO - Analyzing 2 file(s) for REF in Moderate
2026-03-09 11:26:55,788 - pipeline - INFO - Analyzing 1 file(s) for DUT in Poor
2026-03-09 11:26:55,788 - pipeline - INFO - Analyzing 1 file(s) for DUT in Poor
2026-03-09 11:26:55,864 - pipeline - INFO - Analyzing 1 file(s) for REF in Poor
2026-03-09 11:26:55,864 - pipeline - INFO - Analyzing 1 file(s) for REF in Poor
2026-03-09 11:26:55,946 - pipeline - INFO - Analyzing 1 file(s) for DUT in Moderate
2026-03-09 11:26:55,946 - pipeline - INFO - Analyzing 1 file(s) for DUT in Moderate
2026-03-09 11:26:56,009 - pipeline - INFO - Analyzing 1 file(s) for REF in Moderate
2026-03-09 11:26:56,009 - pipeline - INFO - Analyzing 1 file(s) for REF in Moderate
2026-03-09 11:26:56,071 - pipeline - INFO - Analyzing 1 file(s) for DUT in Poor
2026-03-09 11:26:56,071 - pipeline - INFO - Analyzing 1 file(s) for DUT in Poor
2026-03-09 11:26:56,135 - pipeline - INFO - Analyzing 1 file(s) for REF in Poor
2026-03-09 11:26:56,135 - pipeline - INFO - Analyzing 1 file(s) for REF in Poor
2026-03-09 11:26:56,208 - pipeline - INFO - Analyzing 1 file(s) for DUT in Moderate
2026-03-09 11:26:56,208 - pipeline - INFO - Analyzing 1 file(s) for DUT in Moderate
2026-03-09 11:26:56,286 - pipeline - INFO - Analyzing 1 file(s) for REF in Moderate
2026-03-09 11:26:56,286 - pipeline - INFO - Analyzing 1 file(s) for REF in Moderate
2026-03-09 11:26:56,352 - pipeline - INFO - Analyzing 1 file(s) for DUT in Poor
2026-03-09 11:26:56,352 - pipeline - INFO - Analyzing 1 file(s) for DUT in Poor
2026-03-09 11:26:56,411 - pipeline - INFO - Analyzing 1 file(s) for REF in Poor
2026-03-09 11:26:56,411 - pipeline - INFO - Analyzing 1 file(s) for REF in Poor
2026-03-09 11:26:56,476 - pipeline - INFO - Processing directory-level analyses...
2026-03-09 11:26:56,476 - pipeline - INFO - Processing directory-level analyses...
2026-03-09 11:26:56,477 - pipeline - INFO - Analyzing Coverage directory: D:/ReportGenerator/Raw Data\#Huaqin\Seattle\Coverage Performance (Type: coverage_coordinate)
2026-03-09 11:26:56,477 - pipeline - INFO - Analyzing Coverage directory: D:/ReportGenerator/Raw Data\#Huaqin\Seattle\Coverage Performance (Type: coverage_coordinate)
2026-03-09 11:26:56,478 - pipeline - INFO - Analyzing Coverage directory: D:/ReportGenerator/Raw Data\#Huaqin\Seattle\Coverage Performance/5G n41 HPUE Coverage Test (Type: n41_coverage)
2026-03-09 11:26:56,478 - pipeline - INFO - Analyzing Coverage directory: D:/ReportGenerator/Raw Data\#Huaqin\Seattle\Coverage Performance/5G n41 HPUE Coverage Test (Type: n41_coverage)
2026-03-09 11:26:57,290 - pipeline - INFO - Analyzing Coverage directory: D:/ReportGenerator/Raw Data\#Huaqin\Seattle\Coverage Performance/5G VoNR Coverage Test (Type: vonr_coverage_performance)
2026-03-09 11:26:57,290 - pipeline - INFO - Analyzing Coverage directory: D:/ReportGenerator/Raw Data\#Huaqin\Seattle\Coverage Performance/5G VoNR Coverage Test (Type: vonr_coverage_performance)
2026-03-09 11:26:58,250 - pipeline - INFO - Running timeline analysis for: Coverage Performance/5G VoNR Coverage Test
2026-03-09 11:26:58,250 - pipeline - INFO - Running timeline analysis for: Coverage Performance/5G VoNR Coverage Test
2026-03-09 11:26:58,251 - pipeline - INFO - Analyzing Coverage directory: D:/ReportGenerator/Raw Data\#Huaqin\Seattle\Coverage Performance/5G VoNR Coverage Test (Type: coverage_timeline)
2026-03-09 11:26:58,251 - pipeline - INFO - Analyzing Coverage directory: D:/ReportGenerator/Raw Data\#Huaqin\Seattle\Coverage Performance/5G VoNR Coverage Test (Type: coverage_timeline)
2026-03-09 11:26:58,252 - pipeline - INFO - Analyzing Coverage Timeline for: D:/ReportGenerator/Raw Data\#Huaqin\Seattle\Coverage Performance/5G VoNR Coverage Test
2026-03-09 11:26:58,252 - pipeline - INFO - Analyzing Coverage Timeline for: D:/ReportGenerator/Raw Data\#Huaqin\Seattle\Coverage Performance/5G VoNR Coverage Test
2026-03-09 11:26:58,253 - pipeline - INFO - Processing rsrp timeline...
2026-03-09 11:26:58,253 - pipeline - INFO - Processing rsrp timeline...
2026-03-09 11:26:58,701 - pipeline - INFO - Processing sinr timeline...
2026-03-09 11:26:58,701 - pipeline - INFO - Processing sinr timeline...
2026-03-09 11:26:59,162 - pipeline - INFO - Processing txpower timeline...
2026-03-09 11:26:59,162 - pipeline - INFO - Processing txpower timeline...
2026-03-09 11:26:59,627 - pipeline - INFO - Analyzing Coverage directory: D:/ReportGenerator/Raw Data\#Huaqin\Seattle\Coverage Performance/LTE Coverage Test (Type: vonr_coverage_performance)
2026-03-09 11:26:59,627 - pipeline - INFO - Analyzing Coverage directory: D:/ReportGenerator/Raw Data\#Huaqin\Seattle\Coverage Performance/LTE Coverage Test (Type: vonr_coverage_performance)
2026-03-09 11:26:59,628 - pipeline - INFO - Using Seattle_LTE coordinates for LTE Coverage Test
2026-03-09 11:26:59,628 - pipeline - INFO - Using Seattle_LTE coordinates for LTE Coverage Test
2026-03-09 11:27:00,823 - pipeline - INFO - Running timeline analysis for: Coverage Performance/LTE Coverage Test
2026-03-09 11:27:00,823 - pipeline - INFO - Running timeline analysis for: Coverage Performance/LTE Coverage Test
2026-03-09 11:27:00,824 - pipeline - INFO - Analyzing Coverage directory: D:/ReportGenerator/Raw Data\#Huaqin\Seattle\Coverage Performance/LTE Coverage Test (Type: coverage_timeline)
2026-03-09 11:27:00,824 - pipeline - INFO - Analyzing Coverage directory: D:/ReportGenerator/Raw Data\#Huaqin\Seattle\Coverage Performance/LTE Coverage Test (Type: coverage_timeline)
2026-03-09 11:27:00,825 - pipeline - INFO - Using Seattle_LTE coordinates for LTE Coverage Test
2026-03-09 11:27:00,825 - pipeline - INFO - Using Seattle_LTE coordinates for LTE Coverage Test
2026-03-09 11:27:00,826 - pipeline - INFO - Analyzing Coverage Timeline for: D:/ReportGenerator/Raw Data\#Huaqin\Seattle\Coverage Performance/LTE Coverage Test
2026-03-09 11:27:00,826 - pipeline - INFO - Analyzing Coverage Timeline for: D:/ReportGenerator/Raw Data\#Huaqin\Seattle\Coverage Performance/LTE Coverage Test
2026-03-09 11:27:00,827 - pipeline - INFO - Processing rsrp timeline...
2026-03-09 11:27:00,827 - pipeline - INFO - Processing rsrp timeline...
2026-03-09 11:27:01,037 - pipeline - INFO - Processing sinr timeline...
2026-03-09 11:27:01,037 - pipeline - INFO - Processing sinr timeline...
2026-03-09 11:27:01,244 - pipeline - INFO - Processing txpower timeline...
2026-03-09 11:27:01,244 - pipeline - INFO - Processing txpower timeline...
2026-03-09 11:27:01,491 - pipeline - INFO - Analyzing Google Throughput directory: D:/ReportGenerator/Raw Data\#Huaqin\Seattle\Data Performance/5G AUTO DP/5G Auto Data Play-store app Download
2026-03-09 11:27:01,491 - pipeline - INFO - Analyzing Google Throughput directory: D:/ReportGenerator/Raw Data\#Huaqin\Seattle\Data Performance/5G AUTO DP/5G Auto Data Play-store app Download
2026-03-09 11:27:01,492 - pipeline - INFO - Processing Play Store file: _20260302_152314_CH01_TMO_5G AUTO Play Store 60MB_SEA L1 DUT__1.csv (Size: 60M, Device: DUT, Location: Good)
2026-03-09 11:27:01,492 - pipeline - INFO - Processing Play Store file: _20260302_152314_CH01_TMO_5G AUTO Play Store 60MB_SEA L1 DUT__1.csv (Size: 60M, Device: DUT, Location: Good)
2026-03-09 11:27:01,523 - pipeline - INFO - Successfully analyzed _20260302_152314_CH01_TMO_5G AUTO Play Store 60MB_SEA L1 DUT__1.csv: 155.01473298059966
2026-03-09 11:27:01,523 - pipeline - INFO - Successfully analyzed _20260302_152314_CH01_TMO_5G AUTO Play Store 60MB_SEA L1 DUT__1.csv: 155.01473298059966
2026-03-09 11:27:01,524 - pipeline - INFO - Processing Play Store file: _20260302_152314_CH02_TMO_5G AUTO Play Store 60MB_SEA L1 REF__1.csv (Size: 60M, Device: REF, Location: Good)
2026-03-09 11:27:01,524 - pipeline - INFO - Processing Play Store file: _20260302_152314_CH02_TMO_5G AUTO Play Store 60MB_SEA L1 REF__1.csv (Size: 60M, Device: REF, Location: Good)
2026-03-09 11:27:01,547 - pipeline - INFO - Successfully analyzed _20260302_152314_CH02_TMO_5G AUTO Play Store 60MB_SEA L1 REF__1.csv: 305.6204
2026-03-09 11:27:01,547 - pipeline - INFO - Successfully analyzed _20260302_152314_CH02_TMO_5G AUTO Play Store 60MB_SEA L1 REF__1.csv: 305.6204
2026-03-09 11:27:01,548 - pipeline - INFO - Processing Play Store file: _20260302_153432_CH01_TMO_5G AUTO Play Store 100MB_SEA L1 DUT__1.csv (Size: 100M, Device: DUT, Location: Good)
2026-03-09 11:27:01,548 - pipeline - INFO - Processing Play Store file: _20260302_153432_CH01_TMO_5G AUTO Play Store 100MB_SEA L1 DUT__1.csv (Size: 100M, Device: DUT, Location: Good)
2026-03-09 11:27:01,581 - pipeline - INFO - Successfully analyzed _20260302_153432_CH01_TMO_5G AUTO Play Store 100MB_SEA L1 DUT__1.csv: 185.3697074829932
2026-03-09 11:27:01,581 - pipeline - INFO - Successfully analyzed _20260302_153432_CH01_TMO_5G AUTO Play Store 100MB_SEA L1 DUT__1.csv: 185.3697074829932
2026-03-09 11:27:01,581 - pipeline - INFO - Processing Play Store file: _20260302_153432_CH02_TMO_5G AUTO Play Store 100MB_SEA L1 REF__1.csv (Size: 100M, Device: REF, Location: Good)
2026-03-09 11:27:01,581 - pipeline - INFO - Processing Play Store file: _20260302_153432_CH02_TMO_5G AUTO Play Store 100MB_SEA L1 REF__1.csv (Size: 100M, Device: REF, Location: Good)
2026-03-09 11:27:01,601 - pipeline - INFO - Successfully analyzed _20260302_153432_CH02_TMO_5G AUTO Play Store 100MB_SEA L1 REF__1.csv: 290.9585
2026-03-09 11:27:01,601 - pipeline - INFO - Successfully analyzed _20260302_153432_CH02_TMO_5G AUTO Play Store 100MB_SEA L1 REF__1.csv: 290.9585
2026-03-09 11:27:01,602 - pipeline - INFO - Processing Play Store file: _20260302_155139_CH01_TMO_5G AUTO Play Store 30MB_SEA L1 DUT__1.csv (Size: 30M, Device: DUT, Location: Good)
2026-03-09 11:27:01,602 - pipeline - INFO - Processing Play Store file: _20260302_155139_CH01_TMO_5G AUTO Play Store 30MB_SEA L1 DUT__1.csv (Size: 30M, Device: DUT, Location: Good)
2026-03-09 11:27:01,625 - pipeline - INFO - Successfully analyzed _20260302_155139_CH01_TMO_5G AUTO Play Store 30MB_SEA L1 DUT__1.csv: 94.57255555555555
2026-03-09 11:27:01,625 - pipeline - INFO - Successfully analyzed _20260302_155139_CH01_TMO_5G AUTO Play Store 30MB_SEA L1 DUT__1.csv: 94.57255555555555
2026-03-09 11:27:01,626 - pipeline - INFO - Processing Play Store file: _20260302_155139_CH02_TMO_5G AUTO Play Store 30MB_SEA L1 REF__1.csv (Size: 30M, Device: REF, Location: Good)
2026-03-09 11:27:01,626 - pipeline - INFO - Processing Play Store file: _20260302_155139_CH02_TMO_5G AUTO Play Store 30MB_SEA L1 REF__1.csv (Size: 30M, Device: REF, Location: Good)
2026-03-09 11:27:01,644 - pipeline - INFO - Successfully analyzed _20260302_155139_CH02_TMO_5G AUTO Play Store 30MB_SEA L1 REF__1.csv: 267.7238
2026-03-09 11:27:01,644 - pipeline - INFO - Successfully analyzed _20260302_155139_CH02_TMO_5G AUTO Play Store 30MB_SEA L1 REF__1.csv: 267.7238
2026-03-09 11:27:01,645 - pipeline - INFO - Processing Play Store file: _20260301_170456_CH01_TMO_5G AUTO_Play Store 30MB_SEA L2 DUT_.csv (Size: 30M, Device: DUT, Location: Moderate)
2026-03-09 11:27:01,645 - pipeline - INFO - Processing Play Store file: _20260301_170456_CH01_TMO_5G AUTO_Play Store 30MB_SEA L2 DUT_.csv (Size: 30M, Device: DUT, Location: Moderate)
2026-03-09 11:27:01,694 - pipeline - INFO - Successfully analyzed _20260301_170456_CH01_TMO_5G AUTO_Play Store 30MB_SEA L2 DUT_.csv: 34.51459145103263
2026-03-09 11:27:01,694 - pipeline - INFO - Successfully analyzed _20260301_170456_CH01_TMO_5G AUTO_Play Store 30MB_SEA L2 DUT_.csv: 34.51459145103263
2026-03-09 11:27:01,695 - pipeline - INFO - Processing Play Store file: _20260301_170456_CH02_TMO_5G AUTO_Play Store 30MB_SEA L2 REF_.csv (Size: 30M, Device: REF, Location: Moderate)
2026-03-09 11:27:01,695 - pipeline - INFO - Processing Play Store file: _20260301_170456_CH02_TMO_5G AUTO_Play Store 30MB_SEA L2 REF_.csv (Size: 30M, Device: REF, Location: Moderate)
2026-03-09 11:27:01,733 - pipeline - INFO - Successfully analyzed _20260301_170456_CH02_TMO_5G AUTO_Play Store 30MB_SEA L2 REF_.csv: 16.48732008565802
2026-03-09 11:27:01,733 - pipeline - INFO - Successfully analyzed _20260301_170456_CH02_TMO_5G AUTO_Play Store 30MB_SEA L2 REF_.csv: 16.48732008565802
2026-03-09 11:27:01,734 - pipeline - INFO - Processing Play Store file: _20260301_172130_CH01_TMO_5G AUTO_Play Store 60MB_SEA L2 DUT_.csv (Size: 60M, Device: DUT, Location: Moderate)
2026-03-09 11:27:01,734 - pipeline - INFO - Processing Play Store file: _20260301_172130_CH01_TMO_5G AUTO_Play Store 60MB_SEA L2 DUT_.csv (Size: 60M, Device: DUT, Location: Moderate)
2026-03-09 11:27:01,777 - pipeline - INFO - Successfully analyzed _20260301_172130_CH01_TMO_5G AUTO_Play Store 60MB_SEA L2 DUT_.csv: 45.46115495082695
2026-03-09 11:27:01,777 - pipeline - INFO - Successfully analyzed _20260301_172130_CH01_TMO_5G AUTO_Play Store 60MB_SEA L2 DUT_.csv: 45.46115495082695
2026-03-09 11:27:01,778 - pipeline - INFO - Processing Play Store file: _20260301_172130_CH02_TMO_5G AUTO_Play Store 60MB_SEA L2 REF_.csv (Size: 60M, Device: REF, Location: Moderate)
2026-03-09 11:27:01,778 - pipeline - INFO - Processing Play Store file: _20260301_172130_CH02_TMO_5G AUTO_Play Store 60MB_SEA L2 REF_.csv (Size: 60M, Device: REF, Location: Moderate)
2026-03-09 11:27:01,817 - pipeline - INFO - Successfully analyzed _20260301_172130_CH02_TMO_5G AUTO_Play Store 60MB_SEA L2 REF_.csv: 21.70656079333675
2026-03-09 11:27:01,817 - pipeline - INFO - Successfully analyzed _20260301_172130_CH02_TMO_5G AUTO_Play Store 60MB_SEA L2 REF_.csv: 21.70656079333675
2026-03-09 11:27:01,818 - pipeline - INFO - Processing Play Store file: _20260301_174915_CH01_TMO_5G AUTO_Play Store 100MB_SEA L2 DUT_.csv (Size: 100M, Device: DUT, Location: Moderate)
2026-03-09 11:27:01,818 - pipeline - INFO - Processing Play Store file: _20260301_174915_CH01_TMO_5G AUTO_Play Store 100MB_SEA L2 DUT_.csv (Size: 100M, Device: DUT, Location: Moderate)
2026-03-09 11:27:01,859 - pipeline - INFO - Successfully analyzed _20260301_174915_CH01_TMO_5G AUTO_Play Store 100MB_SEA L2 DUT_.csv: 52.55326158912571
2026-03-09 11:27:01,859 - pipeline - INFO - Successfully analyzed _20260301_174915_CH01_TMO_5G AUTO_Play Store 100MB_SEA L2 DUT_.csv: 52.55326158912571
2026-03-09 11:27:01,860 - pipeline - INFO - Processing Play Store file: _20260301_174915_CH02_TMO_5G AUTO_Play Store 100MB_SEA L2 REF_.csv (Size: 100M, Device: REF, Location: Moderate)
2026-03-09 11:27:01,860 - pipeline - INFO - Processing Play Store file: _20260301_174915_CH02_TMO_5G AUTO_Play Store 100MB_SEA L2 REF_.csv (Size: 100M, Device: REF, Location: Moderate)
2026-03-09 11:27:01,891 - pipeline - INFO - Successfully analyzed _20260301_174915_CH02_TMO_5G AUTO_Play Store 100MB_SEA L2 REF_.csv: 25.50025299263049
2026-03-09 11:27:01,891 - pipeline - INFO - Successfully analyzed _20260301_174915_CH02_TMO_5G AUTO_Play Store 100MB_SEA L2 REF_.csv: 25.50025299263049
2026-03-09 11:27:01,892 - pipeline - INFO - Processing Play Store file: _20260305_133728_CH01_TMO_5G AUTO_Play Store 30 MB_SEA L3 DUT_.csv (Size: 30M, Device: DUT, Location: Poor)
2026-03-09 11:27:01,892 - pipeline - INFO - Processing Play Store file: _20260305_133728_CH01_TMO_5G AUTO_Play Store 30 MB_SEA L3 DUT_.csv (Size: 30M, Device: DUT, Location: Poor)
2026-03-09 11:27:01,929 - pipeline - INFO - Successfully analyzed _20260305_133728_CH01_TMO_5G AUTO_Play Store 30 MB_SEA L3 DUT_.csv: 4.407930210072966
2026-03-09 11:27:01,929 - pipeline - INFO - Successfully analyzed _20260305_133728_CH01_TMO_5G AUTO_Play Store 30 MB_SEA L3 DUT_.csv: 4.407930210072966
2026-03-09 11:27:01,929 - pipeline - INFO - Processing Play Store file: _20260305_133728_CH02_TMO_5G AUTO_Play Store 30 MB_SEA L3 REF_.csv (Size: 30M, Device: REF, Location: Poor)
2026-03-09 11:27:01,929 - pipeline - INFO - Processing Play Store file: _20260305_133728_CH02_TMO_5G AUTO_Play Store 30 MB_SEA L3 REF_.csv (Size: 30M, Device: REF, Location: Poor)
2026-03-09 11:27:01,961 - pipeline - INFO - Successfully analyzed _20260305_133728_CH02_TMO_5G AUTO_Play Store 30 MB_SEA L3 REF_.csv: 6.679545791875332
2026-03-09 11:27:01,961 - pipeline - INFO - Successfully analyzed _20260305_133728_CH02_TMO_5G AUTO_Play Store 30 MB_SEA L3 REF_.csv: 6.679545791875332
2026-03-09 11:27:01,962 - pipeline - INFO - Processing Play Store file: _20260305_135026_CH01_TMO_5G AUTO_Play Store 60 MB_SEA L3 DUT_.csv (Size: 60M, Device: DUT, Location: Poor)
2026-03-09 11:27:01,962 - pipeline - INFO - Processing Play Store file: _20260305_135026_CH01_TMO_5G AUTO_Play Store 60 MB_SEA L3 DUT_.csv (Size: 60M, Device: DUT, Location: Poor)
2026-03-09 11:27:01,994 - pipeline - INFO - Successfully analyzed _20260305_135026_CH01_TMO_5G AUTO_Play Store 60 MB_SEA L3 DUT_.csv: 2.9532577965357354
2026-03-09 11:27:01,994 - pipeline - INFO - Successfully analyzed _20260305_135026_CH01_TMO_5G AUTO_Play Store 60 MB_SEA L3 DUT_.csv: 2.9532577965357354
2026-03-09 11:27:01,995 - pipeline - INFO - Processing Play Store file: _20260305_135026_CH02_TMO_5G AUTO_Play Store 60 MB_SEA L3 REF_.csv (Size: 60M, Device: REF, Location: Poor)
2026-03-09 11:27:01,995 - pipeline - INFO - Processing Play Store file: _20260305_135026_CH02_TMO_5G AUTO_Play Store 60 MB_SEA L3 REF_.csv (Size: 60M, Device: REF, Location: Poor)
2026-03-09 11:27:02,025 - pipeline - INFO - Successfully analyzed _20260305_135026_CH02_TMO_5G AUTO_Play Store 60 MB_SEA L3 REF_.csv: 2.968330121414649
2026-03-09 11:27:02,025 - pipeline - INFO - Successfully analyzed _20260305_135026_CH02_TMO_5G AUTO_Play Store 60 MB_SEA L3 REF_.csv: 2.968330121414649
2026-03-09 11:27:02,025 - pipeline - INFO - Processing Play Store file: _20260305_140649_CH01_TMO_5G AUTO_Play Store 100 MB_SEA L3 DUT_.csv (Size: 100M, Device: DUT, Location: Poor)
2026-03-09 11:27:02,025 - pipeline - INFO - Processing Play Store file: _20260305_140649_CH01_TMO_5G AUTO_Play Store 100 MB_SEA L3 DUT_.csv (Size: 100M, Device: DUT, Location: Poor)
2026-03-09 11:27:02,057 - pipeline - INFO - Successfully analyzed _20260305_140649_CH01_TMO_5G AUTO_Play Store 100 MB_SEA L3 DUT_.csv: 2.147721630263799
2026-03-09 11:27:02,057 - pipeline - INFO - Successfully analyzed _20260305_140649_CH01_TMO_5G AUTO_Play Store 100 MB_SEA L3 DUT_.csv: 2.147721630263799
2026-03-09 11:27:02,058 - pipeline - INFO - Processing Play Store file: _20260305_140649_CH02_TMO_5G AUTO_Play Store 100 MB_SEA L3 REF_.csv (Size: 100M, Device: REF, Location: Poor)
2026-03-09 11:27:02,058 - pipeline - INFO - Processing Play Store file: _20260305_140649_CH02_TMO_5G AUTO_Play Store 100 MB_SEA L3 REF_.csv (Size: 100M, Device: REF, Location: Poor)
2026-03-09 11:27:02,087 - pipeline - INFO - Successfully analyzed _20260305_140649_CH02_TMO_5G AUTO_Play Store 100 MB_SEA L3 REF_.csv: 2.8575902766300576
2026-03-09 11:27:02,087 - pipeline - INFO - Successfully analyzed _20260305_140649_CH02_TMO_5G AUTO_Play Store 100 MB_SEA L3 REF_.csv: 2.8575902766300576
2026-03-09 11:27:02,088 - pipeline - INFO - Google Throughput analysis directory processing complete. Results found: True
2026-03-09 11:27:02,088 - pipeline - INFO - Google Throughput analysis directory processing complete. Results found: True
2026-03-09 11:27:02,089 - pipeline - INFO - Analyzing MHS Drive directory: D:/ReportGenerator/Raw Data\#Huaqin\Seattle\Data Performance/5G AUTO DP/Mobility Test/5G Auto Data Test MHS Drive
2026-03-09 11:27:02,089 - pipeline - INFO - Analyzing MHS Drive directory: D:/ReportGenerator/Raw Data\#Huaqin\Seattle\Data Performance/5G AUTO DP/Mobility Test/5G Auto Data Test MHS Drive
2026-03-09 11:27:03,479 - pipeline - INFO - Analyzing MHS Drive directory: D:/ReportGenerator/Raw Data\#Huaqin\Seattle\Data Performance/5G AUTO DP/Mobility Test/5G Auto Data Test Drive
2026-03-09 11:27:03,479 - pipeline - INFO - Analyzing MHS Drive directory: D:/ReportGenerator/Raw Data\#Huaqin\Seattle\Data Performance/5G AUTO DP/Mobility Test/5G Auto Data Test Drive
2026-03-09 11:27:04,758 - pipeline - INFO - Analyzing MHS Drive directory: D:/ReportGenerator/Raw Data\#Huaqin\Seattle\Data Performance/5G NSA DP/Mobility Test
2026-03-09 11:27:04,758 - pipeline - INFO - Analyzing MHS Drive directory: D:/ReportGenerator/Raw Data\#Huaqin\Seattle\Data Performance/5G NSA DP/Mobility Test
2026-03-09 11:27:06,240 - pipeline - INFO - Running post-processing (VqLineChart, Coverage extraction)...
2026-03-09 11:27:06,240 - pipeline - INFO - Running post-processing (VqLineChart, Coverage extraction)...
2026-03-09 11:27:06,393 - pipeline - INFO - Checking for CDF Throughput data to export...
2026-03-09 11:27:06,393 - pipeline - INFO - Checking for CDF Throughput data to export...
2026-03-09 11:27:06,455 - pipeline - INFO - Exported 112 CDF throughput JSON files to D:/ReportGenerator/report-generator-app/public/AnalyzeResults\#Huaqin\Seattle\cdf_throughput_data
2026-03-09 11:27:06,455 - pipeline - INFO - Exported 112 CDF throughput JSON files to D:/ReportGenerator/report-generator-app/public/AnalyzeResults\#Huaqin\Seattle\cdf_throughput_data
2026-03-09 11:27:06,465 - pipeline - INFO - Data Performance results exported to D:/ReportGenerator/report-generator-app/public/AnalyzeResults\#Huaqin\Seattle\data_performance_results.json
2026-03-09 11:27:06,465 - pipeline - INFO - Data Performance results exported to D:/ReportGenerator/report-generator-app/public/AnalyzeResults\#Huaqin\Seattle\data_performance_results.json
2026-03-09 11:27:06,472 - pipeline - INFO - Coverage Performance results exported to D:/ReportGenerator/report-generator-app/public/AnalyzeResults\#Huaqin\Seattle\coverage_performance_results.json
2026-03-09 11:27:06,472 - pipeline - INFO - Coverage Performance results exported to D:/ReportGenerator/report-generator-app/public/AnalyzeResults\#Huaqin\Seattle\coverage_performance_results.json
2026-03-09 11:27:06,473 - pipeline - INFO - Processing summary exported to D:/ReportGenerator/report-generator-app/public/AnalyzeResults\#Huaqin\Seattle\processing_summary.json
2026-03-09 11:27:06,473 - pipeline - INFO - Processing summary exported to D:/ReportGenerator/report-generator-app/public/AnalyzeResults\#Huaqin\Seattle\processing_summary.json
2026-03-09 11:27:06,474 - pipeline - INFO - Running final data validation...
2026-03-09 11:27:06,474 - pipeline - INFO - Running final data validation...
2026-03-09 11:27:06,497 - pipeline - WARNING - Summary of Empty collections found in JSON files:
2026-03-09 11:27:06,497 - pipeline - WARNING - Summary of Empty collections found in JSON files:
2026-03-09 11:27:06,498 - pipeline - WARNING -   - data_performance_results.json -> Data Performance -> 5G AUTO DP -> HTTP Multi Stream -> DL -> Good -> DUT -> Throughput -> Outliers -> Empty List
2026-03-09 11:27:06,498 - pipeline - WARNING -   - data_performance_results.json -> Data Performance -> 5G AUTO DP -> HTTP Multi Stream -> DL -> Good -> DUT -> Throughput -> Outliers -> Empty List
2026-03-09 11:27:06,498 - pipeline - WARNING -   - data_performance_results.json -> Data Performance -> 5G AUTO DP -> HTTP Multi Stream -> DL -> Good -> REF -> Throughput -> Outliers -> Empty List
2026-03-09 11:27:06,498 - pipeline - WARNING -   - data_performance_results.json -> Data Performance -> 5G AUTO DP -> HTTP Multi Stream -> DL -> Good -> REF -> Throughput -> Outliers -> Empty List
2026-03-09 11:27:06,498 - pipeline - WARNING -   - data_performance_results.json -> Data Performance -> 5G AUTO DP -> HTTP Multi Stream -> DL -> Moderate -> DUT -> Throughput -> Outliers -> Empty List
2026-03-09 11:27:06,498 - pipeline - WARNING -   - data_performance_results.json -> Data Performance -> 5G AUTO DP -> HTTP Multi Stream -> DL -> Moderate -> DUT -> Throughput -> Outliers -> Empty List
2026-03-09 11:27:06,499 - pipeline - WARNING -   - data_performance_results.json -> Data Performance -> 5G AUTO DP -> HTTP Multi Stream -> DL -> Moderate -> REF -> Throughput -> Outliers -> Empty List
2026-03-09 11:27:06,499 - pipeline - WARNING -   - data_performance_results.json -> Data Performance -> 5G AUTO DP -> HTTP Multi Stream -> DL -> Moderate -> REF -> Throughput -> Outliers -> Empty List
2026-03-09 11:27:06,499 - pipeline - WARNING -   - data_performance_results.json -> Data Performance -> 5G AUTO DP -> HTTP Multi Stream -> DL -> Poor -> DUT -> Throughput -> Outliers -> Empty List
2026-03-09 11:27:06,499 - pipeline - WARNING -   - data_performance_results.json -> Data Performance -> 5G AUTO DP -> HTTP Multi Stream -> DL -> Poor -> DUT -> Throughput -> Outliers -> Empty List
2026-03-09 11:27:06,500 - pipeline - WARNING -   - data_performance_results.json -> Data Performance -> 5G AUTO DP -> HTTP Multi Stream -> DL -> Poor -> REF -> Throughput -> Outliers -> Empty List
2026-03-09 11:27:06,500 - pipeline - WARNING -   - data_performance_results.json -> Data Performance -> 5G AUTO DP -> HTTP Multi Stream -> DL -> Poor -> REF -> Throughput -> Outliers -> Empty List
2026-03-09 11:27:06,500 - pipeline - WARNING -   - data_performance_results.json -> Data Performance -> 5G AUTO DP -> HTTP Multi Stream -> UL -> Good -> REF -> Throughput -> Outliers -> Empty List
2026-03-09 11:27:06,500 - pipeline - WARNING -   - data_performance_results.json -> Data Performance -> 5G AUTO DP -> HTTP Multi Stream -> UL -> Good -> REF -> Throughput -> Outliers -> Empty List
2026-03-09 11:27:06,500 - pipeline - WARNING -   - data_performance_results.json -> Data Performance -> 5G AUTO DP -> HTTP Multi Stream -> UL -> Moderate -> DUT -> Throughput -> Outliers -> Empty List
2026-03-09 11:27:06,500 - pipeline - WARNING -   - data_performance_results.json -> Data Performance -> 5G AUTO DP -> HTTP Multi Stream -> UL -> Moderate -> DUT -> Throughput -> Outliers -> Empty List
2026-03-09 11:27:06,500 - pipeline - WARNING -   - data_performance_results.json -> Data Performance -> 5G AUTO DP -> HTTP Single Stream -> DL -> Good -> DUT -> Throughput -> Outliers -> Empty List
2026-03-09 11:27:06,500 - pipeline - WARNING -   - data_performance_results.json -> Data Performance -> 5G AUTO DP -> HTTP Single Stream -> DL -> Good -> DUT -> Throughput -> Outliers -> Empty List
2026-03-09 11:27:06,501 - pipeline - WARNING -   - data_performance_results.json -> Data Performance -> 5G AUTO DP -> HTTP Single Stream -> DL -> Moderate -> DUT -> Throughput -> Outliers -> Empty List
2026-03-09 11:27:06,501 - pipeline - WARNING -   - data_performance_results.json -> Data Performance -> 5G AUTO DP -> HTTP Single Stream -> DL -> Moderate -> DUT -> Throughput -> Outliers -> Empty List
2026-03-09 11:27:06,501 - pipeline - WARNING -   - data_performance_results.json -> Data Performance -> 5G AUTO DP -> HTTP Single Stream -> DL -> Poor -> REF -> Throughput -> Outliers -> Empty List
2026-03-09 11:27:06,501 - pipeline - WARNING -   - data_performance_results.json -> Data Performance -> 5G AUTO DP -> HTTP Single Stream -> DL -> Poor -> REF -> Throughput -> Outliers -> Empty List
2026-03-09 11:27:06,501 - pipeline - WARNING -   - data_performance_results.json -> Data Performance -> 5G AUTO DP -> Mobile Hotspot Test -> HTTP Multi Stream -> DL -> Poor -> DUT -> Throughput -> Outliers -> Empty List
2026-03-09 11:27:06,501 - pipeline - WARNING -   - data_performance_results.json -> Data Performance -> 5G AUTO DP -> Mobile Hotspot Test -> HTTP Multi Stream -> DL -> Poor -> DUT -> Throughput -> Outliers -> Empty List
2026-03-09 11:27:06,502 - pipeline - WARNING -   - data_performance_results.json -> Data Performance -> 5G AUTO DP -> Mobile Hotspot Test -> HTTP Multi Stream -> DL -> Poor -> REF -> Throughput -> Outliers -> Empty List
2026-03-09 11:27:06,502 - pipeline - WARNING -   - data_performance_results.json -> Data Performance -> 5G AUTO DP -> Mobile Hotspot Test -> HTTP Multi Stream -> DL -> Poor -> REF -> Throughput -> Outliers -> Empty List
2026-03-09 11:27:06,502 - pipeline - WARNING -   - data_performance_results.json -> Data Performance -> 5G AUTO DP -> Mobile Hotspot Test -> HTTP Multi Stream -> UL -> Moderate -> REF -> Throughput -> Outliers -> Empty List
2026-03-09 11:27:06,502 - pipeline - WARNING -   - data_performance_results.json -> Data Performance -> 5G AUTO DP -> Mobile Hotspot Test -> HTTP Multi Stream -> UL -> Moderate -> REF -> Throughput -> Outliers -> Empty List
2026-03-09 11:27:06,502 - pipeline - WARNING -   - data_performance_results.json -> Data Performance -> 5G AUTO DP -> Mobile Hotspot Test -> HTTP Single Stream -> DL -> Moderate -> DUT -> Throughput -> Outliers -> Empty List
2026-03-09 11:27:06,502 - pipeline - WARNING -   - data_performance_results.json -> Data Performance -> 5G AUTO DP -> Mobile Hotspot Test -> HTTP Single Stream -> DL -> Moderate -> DUT -> Throughput -> Outliers -> Empty List
2026-03-09 11:27:06,503 - pipeline - WARNING -   - data_performance_results.json -> Data Performance -> 5G AUTO DP -> Mobile Hotspot Test -> HTTP Single Stream -> DL -> Poor -> REF -> Throughput -> Outliers -> Empty List
2026-03-09 11:27:06,503 - pipeline - WARNING -   - data_performance_results.json -> Data Performance -> 5G AUTO DP -> Mobile Hotspot Test -> HTTP Single Stream -> DL -> Poor -> REF -> Throughput -> Outliers -> Empty List
2026-03-09 11:27:06,503 - pipeline - WARNING -   - data_performance_results.json -> Data Performance -> 5G AUTO DP -> Mobile Hotspot Test -> HTTP Single Stream -> UL -> Moderate -> DUT -> Throughput -> Outliers -> Empty List
2026-03-09 11:27:06,503 - pipeline - WARNING -   - data_performance_results.json -> Data Performance -> 5G AUTO DP -> Mobile Hotspot Test -> HTTP Single Stream -> UL -> Moderate -> DUT -> Throughput -> Outliers -> Empty List
2026-03-09 11:27:06,503 - pipeline - WARNING -   - data_performance_results.json -> Data Performance -> 5G AUTO DP -> Mobile Hotspot Test -> HTTP Single Stream -> UL -> Moderate -> REF -> Throughput -> Outliers -> Empty List
2026-03-09 11:27:06,503 - pipeline - WARNING -   - data_performance_results.json -> Data Performance -> 5G AUTO DP -> Mobile Hotspot Test -> HTTP Single Stream -> UL -> Moderate -> REF -> Throughput -> Outliers -> Empty List
2026-03-09 11:27:06,504 - pipeline - WARNING -   - data_performance_results.json -> Data Performance -> 5G AUTO DP -> Mobile Hotspot Test -> Udp Test -> DL -> UDP Download Task at 200 Mbps for 10 seconds -> Moderate -> DUT -> Throughput -> Outliers -> Empty List
2026-03-09 11:27:06,504 - pipeline - WARNING -   - data_performance_results.json -> Data Performance -> 5G AUTO DP -> Mobile Hotspot Test -> Udp Test -> DL -> UDP Download Task at 200 Mbps for 10 seconds -> Moderate -> DUT -> Throughput -> Outliers -> Empty List
2026-03-09 11:27:06,504 - pipeline - WARNING -   - data_performance_results.json -> Data Performance -> 5G AUTO DP -> Mobile Hotspot Test -> Udp Test -> DL -> UDP Download Task at 200 Mbps for 10 seconds -> Moderate -> REF -> Throughput -> Outliers -> Empty List
2026-03-09 11:27:06,504 - pipeline - WARNING -   - data_performance_results.json -> Data Performance -> 5G AUTO DP -> Mobile Hotspot Test -> Udp Test -> DL -> UDP Download Task at 200 Mbps for 10 seconds -> Moderate -> REF -> Throughput -> Outliers -> Empty List
2026-03-09 11:27:06,504 - pipeline - WARNING -   - data_performance_results.json -> Data Performance -> 5G AUTO DP -> Mobile Hotspot Test -> Udp Test -> DL -> UDP Download Task at 200 Mbps for 10 seconds -> Poor -> DUT -> Throughput -> Outliers -> Empty List
2026-03-09 11:27:06,504 - pipeline - WARNING -   - data_performance_results.json -> Data Performance -> 5G AUTO DP -> Mobile Hotspot Test -> Udp Test -> DL -> UDP Download Task at 200 Mbps for 10 seconds -> Poor -> DUT -> Throughput -> Outliers -> Empty List
2026-03-09 11:27:06,505 - pipeline - WARNING -   - data_performance_results.json -> Data Performance -> 5G AUTO DP -> Mobile Hotspot Test -> Udp Test -> DL -> UDP Download Task at 200 Mbps for 10 seconds -> Poor -> REF -> Throughput -> Outliers -> Empty List
2026-03-09 11:27:06,505 - pipeline - WARNING -   - data_performance_results.json -> Data Performance -> 5G AUTO DP -> Mobile Hotspot Test -> Udp Test -> DL -> UDP Download Task at 200 Mbps for 10 seconds -> Poor -> REF -> Throughput -> Outliers -> Empty List
2026-03-09 11:27:06,505 - pipeline - WARNING -   - data_performance_results.json -> Data Performance -> 5G AUTO DP -> Mobile Hotspot Test -> Udp Test -> DL -> UDP Download Task at 400 Mbps for 10 seconds -> Moderate -> DUT -> Throughput -> Outliers -> Empty List
2026-03-09 11:27:06,505 - pipeline - WARNING -   - data_performance_results.json -> Data Performance -> 5G AUTO DP -> Mobile Hotspot Test -> Udp Test -> DL -> UDP Download Task at 400 Mbps for 10 seconds -> Moderate -> DUT -> Throughput -> Outliers -> Empty List
2026-03-09 11:27:06,505 - pipeline - WARNING -   - data_performance_results.json -> Data Performance -> 5G AUTO DP -> Mobile Hotspot Test -> Udp Test -> DL -> UDP Download Task at 400 Mbps for 10 seconds -> Poor -> REF -> Throughput -> Outliers -> Empty List
2026-03-09 11:27:06,505 - pipeline - WARNING -   - data_performance_results.json -> Data Performance -> 5G AUTO DP -> Mobile Hotspot Test -> Udp Test -> DL -> UDP Download Task at 400 Mbps for 10 seconds -> Poor -> REF -> Throughput -> Outliers -> Empty List
2026-03-09 11:27:06,505 - pipeline - WARNING -   - data_performance_results.json -> Data Performance -> 5G AUTO DP -> Mobile Hotspot Test -> Udp Test -> UL -> UDP Upload Task at 10 Mbps for 10 seconds -> Poor -> REF -> Throughput -> Outliers -> Empty List
2026-03-09 11:27:06,505 - pipeline - WARNING -   - data_performance_results.json -> Data Performance -> 5G AUTO DP -> Mobile Hotspot Test -> Udp Test -> UL -> UDP Upload Task at 10 Mbps for 10 seconds -> Poor -> REF -> Throughput -> Outliers -> Empty List
2026-03-09 11:27:06,506 - pipeline - WARNING -   - data_performance_results.json -> Data Performance -> 5G AUTO DP -> Mobile Hotspot Test -> Udp Test -> UL -> UDP Upload Task at 20 Mbps for 10 seconds -> Poor -> DUT -> Throughput -> Outliers -> Empty List
2026-03-09 11:27:06,506 - pipeline - WARNING -   - data_performance_results.json -> Data Performance -> 5G AUTO DP -> Mobile Hotspot Test -> Udp Test -> UL -> UDP Upload Task at 20 Mbps for 10 seconds -> Poor -> DUT -> Throughput -> Outliers -> Empty List
2026-03-09 11:27:06,506 - pipeline - WARNING -   - data_performance_results.json -> Data Performance -> 5G AUTO DP -> Ping -> Good -> REF -> Ping RTT -> Outliers -> Empty List
2026-03-09 11:27:06,506 - pipeline - WARNING -   - data_performance_results.json -> Data Performance -> 5G AUTO DP -> Ping -> Good -> REF -> Ping RTT -> Outliers -> Empty List
2026-03-09 11:27:06,507 - pipeline - WARNING -   - data_performance_results.json -> Data Performance -> 5G AUTO DP -> Udp Test -> DL -> UDP Download Task at 200 Mbps for 10 seconds -> Good -> DUT -> Throughput -> Outliers -> Empty List
2026-03-09 11:27:06,507 - pipeline - WARNING -   - data_performance_results.json -> Data Performance -> 5G AUTO DP -> Udp Test -> DL -> UDP Download Task at 200 Mbps for 10 seconds -> Good -> DUT -> Throughput -> Outliers -> Empty List
2026-03-09 11:27:06,507 - pipeline - WARNING -   - data_performance_results.json -> Data Performance -> 5G AUTO DP -> Udp Test -> DL -> UDP Download Task at 200 Mbps for 10 seconds -> Good -> REF -> Throughput -> Outliers -> Empty List
2026-03-09 11:27:06,507 - pipeline - WARNING -   - data_performance_results.json -> Data Performance -> 5G AUTO DP -> Udp Test -> DL -> UDP Download Task at 200 Mbps for 10 seconds -> Good -> REF -> Throughput -> Outliers -> Empty List
2026-03-09 11:27:06,507 - pipeline - WARNING -   - data_performance_results.json -> Data Performance -> 5G AUTO DP -> Udp Test -> DL -> UDP Download Task at 200 Mbps for 10 seconds -> Poor -> DUT -> Throughput -> Outliers -> Empty List
2026-03-09 11:27:06,507 - pipeline - WARNING -   - data_performance_results.json -> Data Performance -> 5G AUTO DP -> Udp Test -> DL -> UDP Download Task at 200 Mbps for 10 seconds -> Poor -> DUT -> Throughput -> Outliers -> Empty List
2026-03-09 11:27:06,508 - pipeline - WARNING -   - data_performance_results.json -> Data Performance -> 5G AUTO DP -> Udp Test -> DL -> UDP Download Task at 200 Mbps for 10 seconds -> Poor -> REF -> Throughput -> Outliers -> Empty List
2026-03-09 11:27:06,508 - pipeline - WARNING -   - data_performance_results.json -> Data Performance -> 5G AUTO DP -> Udp Test -> DL -> UDP Download Task at 200 Mbps for 10 seconds -> Poor -> REF -> Throughput -> Outliers -> Empty List
2026-03-09 11:27:06,508 - pipeline - WARNING -   - data_performance_results.json -> Data Performance -> 5G AUTO DP -> Udp Test -> DL -> UDP Download Task at 400 Mbps for 10 seconds -> Good -> DUT -> Throughput -> Outliers -> Empty List
2026-03-09 11:27:06,508 - pipeline - WARNING -   - data_performance_results.json -> Data Performance -> 5G AUTO DP -> Udp Test -> DL -> UDP Download Task at 400 Mbps for 10 seconds -> Good -> DUT -> Throughput -> Outliers -> Empty List
2026-03-09 11:27:06,509 - pipeline - WARNING -   - data_performance_results.json -> Data Performance -> 5G AUTO DP -> Udp Test -> DL -> UDP Download Task at 400 Mbps for 10 seconds -> Good -> REF -> Throughput -> Outliers -> Empty List
2026-03-09 11:27:06,509 - pipeline - WARNING -   - data_performance_results.json -> Data Performance -> 5G AUTO DP -> Udp Test -> DL -> UDP Download Task at 400 Mbps for 10 seconds -> Good -> REF -> Throughput -> Outliers -> Empty List
2026-03-09 11:27:06,509 - pipeline - WARNING -   - data_performance_results.json -> Data Performance -> 5G AUTO DP -> Udp Test -> DL -> UDP Download Task at 400 Mbps for 10 seconds -> Moderate -> REF -> Throughput -> Outliers -> Empty List
2026-03-09 11:27:06,509 - pipeline - WARNING -   - data_performance_results.json -> Data Performance -> 5G AUTO DP -> Udp Test -> DL -> UDP Download Task at 400 Mbps for 10 seconds -> Moderate -> REF -> Throughput -> Outliers -> Empty List
2026-03-09 11:27:06,509 - pipeline - WARNING -   - data_performance_results.json -> Data Performance -> 5G AUTO DP -> Udp Test -> DL -> UDP Download Task at 400 Mbps for 10 seconds -> Poor -> DUT -> Throughput -> Outliers -> Empty List
2026-03-09 11:27:06,509 - pipeline - WARNING -   - data_performance_results.json -> Data Performance -> 5G AUTO DP -> Udp Test -> DL -> UDP Download Task at 400 Mbps for 10 seconds -> Poor -> DUT -> Throughput -> Outliers -> Empty List
2026-03-09 11:27:06,510 - pipeline - WARNING -   - data_performance_results.json -> Data Performance -> 5G AUTO DP -> Udp Test -> DL -> UDP Download Task at 400 Mbps for 10 seconds -> Poor -> REF -> Throughput -> Outliers -> Empty List
2026-03-09 11:27:06,510 - pipeline - WARNING -   - data_performance_results.json -> Data Performance -> 5G AUTO DP -> Udp Test -> DL -> UDP Download Task at 400 Mbps for 10 seconds -> Poor -> REF -> Throughput -> Outliers -> Empty List
2026-03-09 11:27:06,510 - pipeline - WARNING -   - data_performance_results.json -> Data Performance -> 5G NSA DP -> HTTP Multi Stream -> DL -> Moderate -> DUT -> Throughput -> Outliers -> Empty List
2026-03-09 11:27:06,510 - pipeline - WARNING -   - data_performance_results.json -> Data Performance -> 5G NSA DP -> HTTP Multi Stream -> DL -> Moderate -> DUT -> Throughput -> Outliers -> Empty List
2026-03-09 11:27:06,510 - pipeline - WARNING -   - data_performance_results.json -> Data Performance -> 5G NSA DP -> HTTP Multi Stream -> DL -> Moderate -> REF -> Throughput -> Outliers -> Empty List
2026-03-09 11:27:06,510 - pipeline - WARNING -   - data_performance_results.json -> Data Performance -> 5G NSA DP -> HTTP Multi Stream -> DL -> Moderate -> REF -> Throughput -> Outliers -> Empty List
2026-03-09 11:27:06,511 - pipeline - WARNING -   - data_performance_results.json -> Data Performance -> 5G NSA DP -> HTTP Multi Stream -> DL -> Poor -> DUT -> Throughput -> Outliers -> Empty List
2026-03-09 11:27:06,511 - pipeline - WARNING -   - data_performance_results.json -> Data Performance -> 5G NSA DP -> HTTP Multi Stream -> DL -> Poor -> DUT -> Throughput -> Outliers -> Empty List
2026-03-09 11:27:06,511 - pipeline - WARNING -   - data_performance_results.json -> Data Performance -> 5G NSA DP -> HTTP Multi Stream -> DL -> Poor -> REF -> Throughput -> Outliers -> Empty List
2026-03-09 11:27:06,511 - pipeline - WARNING -   - data_performance_results.json -> Data Performance -> 5G NSA DP -> HTTP Multi Stream -> DL -> Poor -> REF -> Throughput -> Outliers -> Empty List
2026-03-09 11:27:06,511 - pipeline - WARNING -   - data_performance_results.json -> Data Performance -> 5G NSA DP -> HTTP Multi Stream -> UL -> Moderate -> DUT -> Throughput -> Outliers -> Empty List
2026-03-09 11:27:06,511 - pipeline - WARNING -   - data_performance_results.json -> Data Performance -> 5G NSA DP -> HTTP Multi Stream -> UL -> Moderate -> DUT -> Throughput -> Outliers -> Empty List
2026-03-09 11:27:06,511 - pipeline - WARNING -   - data_performance_results.json -> Data Performance -> 5G NSA DP -> HTTP Multi Stream -> UL -> Moderate -> REF -> Throughput -> Outliers -> Empty List
2026-03-09 11:27:06,511 - pipeline - WARNING -   - data_performance_results.json -> Data Performance -> 5G NSA DP -> HTTP Multi Stream -> UL -> Moderate -> REF -> Throughput -> Outliers -> Empty List
2026-03-09 11:27:06,512 - pipeline - WARNING -   - data_performance_results.json -> Data Performance -> 5G NSA DP -> HTTP Multi Stream -> UL -> Poor -> REF -> Throughput -> Outliers -> Empty List
2026-03-09 11:27:06,512 - pipeline - WARNING -   - data_performance_results.json -> Data Performance -> 5G NSA DP -> HTTP Multi Stream -> UL -> Poor -> REF -> Throughput -> Outliers -> Empty List
2026-03-09 11:27:06,512 - pipeline - WARNING -   - data_performance_results.json -> Data Performance -> 5G NSA DP -> HTTP Single Stream -> DL -> Moderate -> DUT -> Throughput -> Outliers -> Empty List
2026-03-09 11:27:06,512 - pipeline - WARNING -   - data_performance_results.json -> Data Performance -> 5G NSA DP -> HTTP Single Stream -> DL -> Moderate -> DUT -> Throughput -> Outliers -> Empty List
2026-03-09 11:27:06,512 - pipeline - WARNING -   - data_performance_results.json -> Data Performance -> 5G NSA DP -> HTTP Single Stream -> DL -> Moderate -> REF -> Throughput -> Outliers -> Empty List
2026-03-09 11:27:06,512 - pipeline - WARNING -   - data_performance_results.json -> Data Performance -> 5G NSA DP -> HTTP Single Stream -> DL -> Moderate -> REF -> Throughput -> Outliers -> Empty List
2026-03-09 11:27:06,513 - pipeline - WARNING -   - data_performance_results.json -> Data Performance -> 5G NSA DP -> HTTP Single Stream -> DL -> Poor -> REF -> Throughput -> Outliers -> Empty List
2026-03-09 11:27:06,513 - pipeline - WARNING -   - data_performance_results.json -> Data Performance -> 5G NSA DP -> HTTP Single Stream -> DL -> Poor -> REF -> Throughput -> Outliers -> Empty List
2026-03-09 11:27:06,513 - pipeline - WARNING -   - data_performance_results.json -> Data Performance -> 5G NSA DP -> Udp Test -> DL -> UDP Download Task at 200 Mbps for 10 seconds -> Moderate -> REF -> Throughput -> Outliers -> Empty List
2026-03-09 11:27:06,513 - pipeline - WARNING -   - data_performance_results.json -> Data Performance -> 5G NSA DP -> Udp Test -> DL -> UDP Download Task at 200 Mbps for 10 seconds -> Moderate -> REF -> Throughput -> Outliers -> Empty List
2026-03-09 11:27:06,513 - pipeline - WARNING -   - data_performance_results.json -> Data Performance -> 5G NSA DP -> Udp Test -> DL -> UDP Download Task at 400 Mbps for 10 seconds -> Moderate -> REF -> Throughput -> Outliers -> Empty List
2026-03-09 11:27:06,513 - pipeline - WARNING -   - data_performance_results.json -> Data Performance -> 5G NSA DP -> Udp Test -> DL -> UDP Download Task at 400 Mbps for 10 seconds -> Moderate -> REF -> Throughput -> Outliers -> Empty List
2026-03-09 11:27:06,514 - pipeline - WARNING -   - data_performance_results.json -> Data Performance -> 5G NSA DP -> Udp Test -> DL -> UDP Download Task at 400 Mbps for 10 seconds -> Poor -> DUT -> Throughput -> Outliers -> Empty List
2026-03-09 11:27:06,514 - pipeline - WARNING -   - data_performance_results.json -> Data Performance -> 5G NSA DP -> Udp Test -> DL -> UDP Download Task at 400 Mbps for 10 seconds -> Poor -> DUT -> Throughput -> Outliers -> Empty List
2026-03-09 11:27:06,514 - pipeline - WARNING -   - data_performance_results.json -> Data Performance -> 5G NSA DP -> Udp Test -> DL -> UDP Download Task at 400 Mbps for 10 seconds -> Poor -> REF -> Throughput -> Outliers -> Empty List
2026-03-09 11:27:06,514 - pipeline - WARNING -   - data_performance_results.json -> Data Performance -> 5G NSA DP -> Udp Test -> DL -> UDP Download Task at 400 Mbps for 10 seconds -> Poor -> REF -> Throughput -> Outliers -> Empty List
2026-03-09 11:27:06,514 - pipeline - WARNING -   - data_performance_results.json -> Data Performance -> 5G NSA DP -> Udp Test -> UL -> 5G NSA_UDP Upload Task at 10 Mbps for 10 seconds -> Poor -> DUT -> Throughput -> Outliers -> Empty List
2026-03-09 11:27:06,514 - pipeline - WARNING -   - data_performance_results.json -> Data Performance -> 5G NSA DP -> Udp Test -> UL -> 5G NSA_UDP Upload Task at 10 Mbps for 10 seconds -> Poor -> DUT -> Throughput -> Outliers -> Empty List
2026-03-09 11:27:06,514 - pipeline - WARNING -   - data_performance_results.json -> Data Performance -> 5G NSA DP -> Udp Test -> UL -> 5G NSA_UDP Upload Task at 10 Mbps for 10 seconds -> Poor -> REF -> Throughput -> Outliers -> Empty List
2026-03-09 11:27:06,514 - pipeline - WARNING -   - data_performance_results.json -> Data Performance -> 5G NSA DP -> Udp Test -> UL -> 5G NSA_UDP Upload Task at 10 Mbps for 10 seconds -> Poor -> REF -> Throughput -> Outliers -> Empty List
2026-03-09 11:27:06,515 - pipeline - WARNING -   - data_performance_results.json -> Data Performance -> 5G NSA DP -> Udp Test -> UL -> 5G NSA_UDP Upload Task at 20 Mbps for 10 seconds -> Moderate -> REF -> Throughput -> Outliers -> Empty List
2026-03-09 11:27:06,515 - pipeline - WARNING -   - data_performance_results.json -> Data Performance -> 5G NSA DP -> Udp Test -> UL -> 5G NSA_UDP Upload Task at 20 Mbps for 10 seconds -> Moderate -> REF -> Throughput -> Outliers -> Empty List
2026-03-09 11:27:06,515 - pipeline - WARNING -   - data_performance_results.json -> Data Performance -> 5G NSA DP -> Udp Test -> UL -> 5G NSA_UDP Upload Task at 20 Mbps for 10 seconds -> Poor -> DUT -> Throughput -> Outliers -> Empty List
2026-03-09 11:27:06,515 - pipeline - WARNING -   - data_performance_results.json -> Data Performance -> 5G NSA DP -> Udp Test -> UL -> 5G NSA_UDP Upload Task at 20 Mbps for 10 seconds -> Poor -> DUT -> Throughput -> Outliers -> Empty List
2026-03-09 11:27:06,515 - pipeline - INFO - Pipeline execution completed. Results in: D:/ReportGenerator/report-generator-app/public/AnalyzeResults\#Huaqin\Seattle
2026-03-09 11:27:06,515 - pipeline - INFO - Pipeline execution completed. Results in: D:/ReportGenerator/report-generator-app/public/AnalyzeResults\#Huaqin\Seattle
2026-03-10 00:51:19,330 - pipeline - INFO - Project: #Huaqin
2026-03-10 00:51:19,331 - pipeline - INFO - Market: New York
2026-03-10 00:51:19,331 - pipeline - INFO - Reading from: D:/ReportGenerator/Raw Data\#Huaqin\New York
2026-03-10 00:51:19,331 - pipeline - INFO - Writing to: D:/ReportGenerator/report-generator-app/public/AnalyzeResults\#Huaqin\New York
2026-03-10 00:51:19,331 - pipeline - INFO - Starting analysis pipeline...
2026-03-10 00:51:19,335 - pipeline - INFO - Grouping 124 CSV files by directory and device type...
2026-03-10 00:51:19,336 - pipeline - INFO - Created 102 file groups for analysis
2026-03-10 00:51:19,337 - pipeline - INFO - Analyzing 1 file(s) for DUT in 5G Auto Data Web-Kepler
2026-03-10 00:51:19,341 - pipeline - INFO - Analyzing 1 file(s) for REF in 5G Auto Data Web-Kepler
2026-03-10 00:51:19,343 - pipeline - INFO - Analyzing 1 file(s) for DUT in Good
2026-03-10 00:51:19,350 - pipeline - INFO - Analyzing 1 file(s) for REF in Good
2026-03-10 00:51:19,355 - pipeline - INFO - Analyzing 1 file(s) for DUT in Moderate
2026-03-10 00:51:19,361 - pipeline - INFO - Analyzing 1 file(s) for REF in Moderate
2026-03-10 00:51:19,367 - pipeline - INFO - Analyzing 1 file(s) for DUT in Poor
2026-03-10 00:51:19,373 - pipeline - INFO - Analyzing 1 file(s) for REF in Poor
2026-03-10 00:51:19,378 - pipeline - INFO - Analyzing 1 file(s) for DUT in Good
2026-03-10 00:51:19,385 - pipeline - INFO - Analyzing 1 file(s) for REF in Good
2026-03-10 00:51:19,390 - pipeline - INFO - Analyzing 1 file(s) for DUT in Moderate
2026-03-10 00:51:19,396 - pipeline - INFO - Analyzing 1 file(s) for REF in Moderate
2026-03-10 00:51:19,403 - pipeline - INFO - Analyzing 1 file(s) for DUT in Poor
2026-03-10 00:51:19,408 - pipeline - INFO - Analyzing 1 file(s) for REF in Poor
2026-03-10 00:51:19,414 - pipeline - INFO - Analyzing 2 file(s) for DUT in Good
2026-03-10 00:51:19,423 - pipeline - INFO - Analyzing 2 file(s) for REF in Good
2026-03-10 00:51:19,431 - pipeline - INFO - Analyzing 1 file(s) for DUT in Moderate
2026-03-10 00:51:19,437 - pipeline - INFO - Analyzing 1 file(s) for REF in Moderate
2026-03-10 00:51:19,442 - pipeline - INFO - Analyzing 1 file(s) for DUT in Poor
2026-03-10 00:51:19,449 - pipeline - INFO - Analyzing 1 file(s) for REF in Poor
2026-03-10 00:51:19,455 - pipeline - INFO - Analyzing 1 file(s) for DUT in Good
2026-03-10 00:51:19,457 - pipeline - INFO - Analyzing 1 file(s) for REF in Good
2026-03-10 00:51:19,459 - pipeline - INFO - Analyzing 1 file(s) for DUT in Moderate
2026-03-10 00:51:19,462 - pipeline - INFO - Analyzing 1 file(s) for REF in Moderate
2026-03-10 00:51:19,464 - pipeline - INFO - Analyzing 1 file(s) for DUT in Poor
2026-03-10 00:51:19,467 - pipeline - INFO - Analyzing 1 file(s) for REF in Poor
2026-03-10 00:51:19,470 - pipeline - INFO - Analyzing 3 file(s) for DUT in 5G Auto Data Test Drive
2026-03-10 00:51:19,495 - pipeline - INFO - Analyzing 3 file(s) for REF in 5G Auto Data Test Drive
2026-03-10 00:51:19,521 - pipeline - INFO - Analyzing 1 file(s) for DUT in Good
2026-03-10 00:51:19,526 - pipeline - INFO - Analyzing 1 file(s) for REF in Good
2026-03-10 00:51:19,531 - pipeline - INFO - Analyzing 1 file(s) for DUT in Moderate
2026-03-10 00:51:19,535 - pipeline - INFO - Analyzing 1 file(s) for REF in Moderate
2026-03-10 00:51:19,539 - pipeline - INFO - Analyzing 1 file(s) for DUT in Poor
2026-03-10 00:51:19,544 - pipeline - INFO - Analyzing 1 file(s) for REF in Poor
2026-03-10 00:51:19,549 - pipeline - INFO - Analyzing 1 file(s) for DUT in Good
2026-03-10 00:51:19,560 - pipeline - INFO - Analyzing 1 file(s) for REF in Good
2026-03-10 00:51:19,570 - pipeline - INFO - Analyzing 1 file(s) for DUT in Moderate
2026-03-10 00:51:19,581 - pipeline - INFO - Analyzing 1 file(s) for REF in Moderate
2026-03-10 00:51:19,590 - pipeline - INFO - Analyzing 1 file(s) for DUT in Poor
2026-03-10 00:51:19,602 - pipeline - INFO - Analyzing 1 file(s) for REF in Poor
2026-03-10 00:51:19,613 - pipeline - INFO - Analyzing 1 file(s) for DUT in Good
2026-03-10 00:51:19,624 - pipeline - INFO - Analyzing 1 file(s) for REF in Good
2026-03-10 00:51:19,636 - pipeline - INFO - Analyzing 1 file(s) for DUT in Moderate
2026-03-10 00:51:19,646 - pipeline - INFO - Analyzing 1 file(s) for REF in Moderate
2026-03-10 00:51:19,658 - pipeline - INFO - Analyzing 1 file(s) for DUT in Poor
2026-03-10 00:51:19,669 - pipeline - INFO - Analyzing 1 file(s) for REF in Poor
2026-03-10 00:51:19,680 - pipeline - INFO - Analyzing 1 file(s) for DUT in Good
2026-03-10 00:51:19,690 - pipeline - INFO - Analyzing 1 file(s) for REF in Good
2026-03-10 00:51:19,700 - pipeline - INFO - Analyzing 1 file(s) for DUT in Moderate
2026-03-10 00:51:19,710 - pipeline - INFO - Analyzing 1 file(s) for REF in Moderate
2026-03-10 00:51:19,720 - pipeline - INFO - Analyzing 1 file(s) for DUT in Poor
2026-03-10 00:51:19,730 - pipeline - INFO - Analyzing 1 file(s) for REF in Poor
2026-03-10 00:51:19,740 - pipeline - INFO - Analyzing 1 file(s) for DUT in Good
2026-03-10 00:51:19,750 - pipeline - INFO - Analyzing 1 file(s) for REF in Good
2026-03-10 00:51:19,759 - pipeline - INFO - Analyzing 1 file(s) for DUT in Moderate
2026-03-10 00:51:19,769 - pipeline - INFO - Analyzing 1 file(s) for REF in Moderate
2026-03-10 00:51:19,779 - pipeline - INFO - Analyzing 1 file(s) for DUT in Poor
2026-03-10 00:51:19,789 - pipeline - INFO - Analyzing 1 file(s) for REF in Poor
2026-03-10 00:51:19,798 - pipeline - INFO - Analyzing 1 file(s) for DUT in Moderate
2026-03-10 00:51:19,804 - pipeline - INFO - Analyzing 1 file(s) for REF in Moderate
2026-03-10 00:51:19,809 - pipeline - INFO - Analyzing 1 file(s) for DUT in Poor
2026-03-10 00:51:19,816 - pipeline - INFO - Analyzing 1 file(s) for REF in Poor
2026-03-10 00:51:19,822 - pipeline - INFO - Analyzing 1 file(s) for DUT in Moderate
2026-03-10 00:51:19,828 - pipeline - INFO - Analyzing 1 file(s) for REF in Moderate
2026-03-10 00:51:19,834 - pipeline - INFO - Analyzing 1 file(s) for DUT in Poor
2026-03-10 00:51:19,840 - pipeline - INFO - Analyzing 1 file(s) for REF in Poor
2026-03-10 00:51:19,846 - pipeline - INFO - Analyzing 1 file(s) for DUT in Moderate
2026-03-10 00:51:19,852 - pipeline - INFO - Analyzing 1 file(s) for REF in Moderate
2026-03-10 00:51:19,858 - pipeline - INFO - Analyzing 1 file(s) for DUT in Poor
2026-03-10 00:51:19,864 - pipeline - INFO - Analyzing 1 file(s) for REF in Poor
2026-03-10 00:51:19,870 - pipeline - INFO - Analyzing 1 file(s) for DUT in Moderate
2026-03-10 00:51:19,872 - pipeline - INFO - Analyzing 1 file(s) for REF in Moderate
2026-03-10 00:51:19,875 - pipeline - INFO - Analyzing 1 file(s) for DUT in Poor
2026-03-10 00:51:19,878 - pipeline - INFO - Analyzing 1 file(s) for REF in Poor
2026-03-10 00:51:19,881 - pipeline - INFO - Analyzing 3 file(s) for DUT in Mobility Test
2026-03-10 00:51:19,907 - pipeline - INFO - Analyzing 3 file(s) for REF in Mobility Test
2026-03-10 00:51:19,934 - pipeline - INFO - Analyzing 1 file(s) for DUT in Moderate
2026-03-10 00:51:19,938 - pipeline - INFO - Analyzing 1 file(s) for REF in Moderate
2026-03-10 00:51:19,943 - pipeline - INFO - Analyzing 1 file(s) for DUT in Poor
2026-03-10 00:51:19,949 - pipeline - INFO - Analyzing 1 file(s) for REF in Poor
2026-03-10 00:51:19,954 - pipeline - INFO - Analyzing 1 file(s) for DUT in Moderate
2026-03-10 00:51:19,964 - pipeline - INFO - Analyzing 1 file(s) for REF in Moderate
2026-03-10 00:51:19,975 - pipeline - INFO - Analyzing 1 file(s) for DUT in Poor
2026-03-10 00:51:19,986 - pipeline - INFO - Analyzing 1 file(s) for REF in Poor
2026-03-10 00:51:19,997 - pipeline - INFO - Analyzing 1 file(s) for DUT in Moderate
2026-03-10 00:51:20,009 - pipeline - INFO - Analyzing 1 file(s) for REF in Moderate
2026-03-10 00:51:20,022 - pipeline - INFO - Analyzing 1 file(s) for DUT in Poor
2026-03-10 00:51:20,033 - pipeline - INFO - Analyzing 1 file(s) for REF in Poor
2026-03-10 00:51:20,045 - pipeline - INFO - Analyzing 1 file(s) for DUT in Moderate
2026-03-10 00:51:20,055 - pipeline - INFO - Analyzing 1 file(s) for REF in Moderate
2026-03-10 00:51:20,066 - pipeline - INFO - Analyzing 1 file(s) for DUT in Poor
2026-03-10 00:51:20,077 - pipeline - INFO - Analyzing 1 file(s) for REF in Poor
2026-03-10 00:51:20,088 - pipeline - INFO - Analyzing 1 file(s) for DUT in Moderate
2026-03-10 00:51:20,099 - pipeline - INFO - Analyzing 1 file(s) for REF in Moderate
2026-03-10 00:51:20,110 - pipeline - INFO - Analyzing 1 file(s) for DUT in Poor
2026-03-10 00:51:20,120 - pipeline - INFO - Analyzing 1 file(s) for REF in Poor
2026-03-10 00:51:20,130 - pipeline - INFO - Processing directory-level analyses...
2026-03-10 00:51:20,131 - pipeline - INFO - Analyzing Coverage directory: D:/ReportGenerator/Raw Data\#Huaqin\New York\Coverage Performance (Type: coverage_coordinate)
2026-03-10 00:51:20,131 - pipeline - INFO - Analyzing Coverage directory: D:/ReportGenerator/Raw Data\#Huaqin\New York\Coverage Performance/5G n41 HPUE Coverage Test (Type: n41_coverage)
2026-03-10 00:51:20,147 - pipeline - INFO - Analyzing Coverage directory: D:/ReportGenerator/Raw Data\#Huaqin\New York\Coverage Performance/5G VoNR Coverage Test (Type: vonr_coverage_performance)
2026-03-10 00:51:20,180 - pipeline - INFO - Running timeline analysis for: Coverage Performance/5G VoNR Coverage Test
2026-03-10 00:51:20,180 - pipeline - INFO - Analyzing Coverage directory: D:/ReportGenerator/Raw Data\#Huaqin\New York\Coverage Performance/5G VoNR Coverage Test (Type: coverage_timeline)
2026-03-10 00:51:20,181 - pipeline - INFO - Analyzing Coverage Timeline for: D:/ReportGenerator/Raw Data\#Huaqin\New York\Coverage Performance/5G VoNR Coverage Test
2026-03-10 00:51:20,181 - pipeline - INFO - Processing rsrp timeline...
2026-03-10 00:51:20,219 - pipeline - INFO - Processing sinr timeline...
2026-03-10 00:51:20,257 - pipeline - INFO - Processing txpower timeline...
2026-03-10 00:51:20,293 - pipeline - INFO - Analyzing Coverage directory: D:/ReportGenerator/Raw Data\#Huaqin\New York\Coverage Performance/LTE Coverage Test (Type: vonr_coverage_performance)
2026-03-10 00:51:20,315 - pipeline - INFO - Running timeline analysis for: Coverage Performance/LTE Coverage Test
2026-03-10 00:51:20,315 - pipeline - INFO - Analyzing Coverage directory: D:/ReportGenerator/Raw Data\#Huaqin\New York\Coverage Performance/LTE Coverage Test (Type: coverage_timeline)
2026-03-10 00:51:20,315 - pipeline - INFO - Analyzing Coverage Timeline for: D:/ReportGenerator/Raw Data\#Huaqin\New York\Coverage Performance/LTE Coverage Test
2026-03-10 00:51:20,315 - pipeline - INFO - Processing rsrp timeline...
2026-03-10 00:51:20,338 - pipeline - INFO - Processing sinr timeline...
2026-03-10 00:51:20,361 - pipeline - INFO - Processing txpower timeline...
2026-03-10 00:51:20,384 - pipeline - INFO - Analyzing Google Throughput directory: D:/ReportGenerator/Raw Data\#Huaqin\New York\Data Performance/5G AUTO DP/5G Auto Data Play-store app Download
2026-03-10 00:51:20,385 - pipeline - INFO - Processing Play Store file: _20260228_180205_CH01_NJNYC TMO_5G AUTO_Playstore 30M DL_NJNY DUT L1_.csv (Size: 30M, Device: DUT, Location: Good)
2026-03-10 00:51:20,388 - pipeline - WARNING - Failed to analyze _20260228_180205_CH01_NJNYC TMO_5G AUTO_Playstore 30M DL_NJNY DUT L1_.csv (likely no valid throughput data)
2026-03-10 00:51:20,388 - pipeline - INFO - Processing Play Store file: _20260228_180205_CH02_NJNYC TMO_5G AUTO_Playstore 30M DL_NJNY REF L1_.csv (Size: 30M, Device: REF, Location: Good)
2026-03-10 00:51:20,390 - pipeline - WARNING - Failed to analyze _20260228_180205_CH02_NJNYC TMO_5G AUTO_Playstore 30M DL_NJNY REF L1_.csv (likely no valid throughput data)
2026-03-10 00:51:20,391 - pipeline - INFO - Processing Play Store file: _20260228_181017_CH01_NJNYC TMO_5G AUTO_Playstore 60M DL_NJNY DUT L1_.csv (Size: 60M, Device: DUT, Location: Good)
2026-03-10 00:51:20,392 - pipeline - WARNING - Failed to analyze _20260228_181017_CH01_NJNYC TMO_5G AUTO_Playstore 60M DL_NJNY DUT L1_.csv (likely no valid throughput data)
2026-03-10 00:51:20,392 - pipeline - INFO - Processing Play Store file: _20260228_181017_CH02_NJNYC TMO_5G AUTO_Playstore 60M DL_NJNY REF L1_.csv (Size: 60M, Device: REF, Location: Good)
2026-03-10 00:51:20,393 - pipeline - WARNING - Failed to analyze _20260228_181017_CH02_NJNYC TMO_5G AUTO_Playstore 60M DL_NJNY REF L1_.csv (likely no valid throughput data)
2026-03-10 00:51:20,394 - pipeline - INFO - Processing Play Store file: _20260228_181759_CH01_NJNYC TMO_5G AUTO_Playstore 100M DL_NJNY DUT L1_.csv (Size: 100M, Device: DUT, Location: Good)
2026-03-10 00:51:20,397 - pipeline - WARNING - Failed to analyze _20260228_181759_CH01_NJNYC TMO_5G AUTO_Playstore 100M DL_NJNY DUT L1_.csv (likely no valid throughput data)
2026-03-10 00:51:20,397 - pipeline - INFO - Processing Play Store file: _20260228_181759_CH02_NJNYC TMO_5G AUTO_Playstore 100M DL_NJNY REF L1_.csv (Size: 100M, Device: REF, Location: Good)
2026-03-10 00:51:20,399 - pipeline - WARNING - Failed to analyze _20260228_181759_CH02_NJNYC TMO_5G AUTO_Playstore 100M DL_NJNY REF L1_.csv (likely no valid throughput data)
2026-03-10 00:51:20,399 - pipeline - INFO - Processing Play Store file: _20260305_182335_CH01_NJNYC TMO_5G Auto_Playstore 30M_NJNY DUT L2_Retest.csv (Size: 30M, Device: DUT, Location: Moderate)
2026-03-10 00:51:20,401 - pipeline - WARNING - Failed to analyze _20260305_182335_CH01_NJNYC TMO_5G Auto_Playstore 30M_NJNY DUT L2_Retest.csv (likely no valid throughput data)
2026-03-10 00:51:20,401 - pipeline - INFO - Processing Play Store file: _20260305_182335_CH02_NJNYC TMO_5G Auto_Playstore 30M_NJNY REF L2_Retest.csv (Size: 30M, Device: REF, Location: Moderate)
2026-03-10 00:51:20,402 - pipeline - WARNING - Failed to analyze _20260305_182335_CH02_NJNYC TMO_5G Auto_Playstore 30M_NJNY REF L2_Retest.csv (likely no valid throughput data)
2026-03-10 00:51:20,402 - pipeline - INFO - Processing Play Store file: _20260305_182944_CH01_NJNYC TMO_5G Auto_Playstore 60M_NJNY DUT L2_Retest.csv (Size: 60M, Device: DUT, Location: Moderate)
2026-03-10 00:51:20,404 - pipeline - WARNING - Failed to analyze _20260305_182944_CH01_NJNYC TMO_5G Auto_Playstore 60M_NJNY DUT L2_Retest.csv (likely no valid throughput data)
2026-03-10 00:51:20,404 - pipeline - INFO - Processing Play Store file: _20260305_182944_CH02_NJNYC TMO_5G Auto_Playstore 60M_NJNY REF L2_Retest.csv (Size: 60M, Device: REF, Location: Moderate)
2026-03-10 00:51:20,405 - pipeline - WARNING - Failed to analyze _20260305_182944_CH02_NJNYC TMO_5G Auto_Playstore 60M_NJNY REF L2_Retest.csv (likely no valid throughput data)
2026-03-10 00:51:20,405 - pipeline - INFO - Processing Play Store file: _20260305_183538_CH01_NJNYC TMO_5G Auto_Playstore 100M_NJNY DUT L2_Retest.csv (Size: 100M, Device: DUT, Location: Moderate)
2026-03-10 00:51:20,408 - pipeline - WARNING - Failed to analyze _20260305_183538_CH01_NJNYC TMO_5G Auto_Playstore 100M_NJNY DUT L2_Retest.csv (likely no valid throughput data)
2026-03-10 00:51:20,408 - pipeline - INFO - Processing Play Store file: _20260305_183538_CH02_NJNYC TMO_5G Auto_Playstore 100M_NJNY REF L2_Retest.csv (Size: 100M, Device: REF, Location: Moderate)
2026-03-10 00:51:20,411 - pipeline - WARNING - Failed to analyze _20260305_183538_CH02_NJNYC TMO_5G Auto_Playstore 100M_NJNY REF L2_Retest.csv (likely no valid throughput data)
2026-03-10 00:51:20,411 - pipeline - INFO - Processing Play Store file: _20260305_163158_CH01_NJNYC TMO_5G Auto_Playstore 30M_NJNY DUT L3_Retest.csv (Size: 30M, Device: DUT, Location: Poor)
2026-03-10 00:51:20,415 - pipeline - WARNING - Failed to analyze _20260305_163158_CH01_NJNYC TMO_5G Auto_Playstore 30M_NJNY DUT L3_Retest.csv (likely no valid throughput data)
2026-03-10 00:51:20,416 - pipeline - INFO - Processing Play Store file: _20260305_163158_CH02_NJNYC TMO_5G Auto_Playstore 30M_NJNY REF L3_Retest.csv (Size: 30M, Device: REF, Location: Poor)
2026-03-10 00:51:20,419 - pipeline - WARNING - Failed to analyze _20260305_163158_CH02_NJNYC TMO_5G Auto_Playstore 30M_NJNY REF L3_Retest.csv (likely no valid throughput data)
2026-03-10 00:51:20,419 - pipeline - INFO - Processing Play Store file: _20260305_164730_CH01_NJNYC TMO_5G Auto_Playstore 60M_NJNY DUT L3_Retest.csv (Size: 60M, Device: DUT, Location: Poor)
2026-03-10 00:51:20,423 - pipeline - WARNING - Failed to analyze _20260305_164730_CH01_NJNYC TMO_5G Auto_Playstore 60M_NJNY DUT L3_Retest.csv (likely no valid throughput data)
2026-03-10 00:51:20,423 - pipeline - INFO - Processing Play Store file: _20260305_164730_CH02_NJNYC TMO_5G Auto_Playstore 60M_NJNY REF L3_Retest.csv (Size: 60M, Device: REF, Location: Poor)
2026-03-10 00:51:20,427 - pipeline - WARNING - Failed to analyze _20260305_164730_CH02_NJNYC TMO_5G Auto_Playstore 60M_NJNY REF L3_Retest.csv (likely no valid throughput data)
2026-03-10 00:51:20,427 - pipeline - INFO - Processing Play Store file: _20260305_165716_CH01_NJNYC TMO_5G Auto_Playstore 100M_NJNY DUT L3_Retest.csv (Size: 100M, Device: DUT, Location: Poor)
2026-03-10 00:51:20,430 - pipeline - WARNING - Failed to analyze _20260305_165716_CH01_NJNYC TMO_5G Auto_Playstore 100M_NJNY DUT L3_Retest.csv (likely no valid throughput data)
2026-03-10 00:51:20,431 - pipeline - INFO - Processing Play Store file: _20260305_165716_CH02_NJNYC TMO_5G Auto_Playstore 100M_NJNY REF L3_Retest.csv (Size: 100M, Device: REF, Location: Poor)
2026-03-10 00:51:20,435 - pipeline - WARNING - Failed to analyze _20260305_165716_CH02_NJNYC TMO_5G Auto_Playstore 100M_NJNY REF L3_Retest.csv (likely no valid throughput data)
2026-03-10 00:51:20,435 - pipeline - INFO - Google Throughput analysis directory processing complete. Results found: False
2026-03-10 00:51:20,436 - pipeline - INFO - Analyzing MHS Drive directory: D:/ReportGenerator/Raw Data\#Huaqin\New York\Data Performance/5G AUTO DP/Mobility Test/5G Auto Data Test MHS Drive
2026-03-10 00:51:20,436 - pipeline - INFO - Analyzing MHS Drive directory: D:/ReportGenerator/Raw Data\#Huaqin\New York\Data Performance/5G AUTO DP/Mobility Test/5G Auto Data Test Drive
2026-03-10 00:51:20,573 - pipeline - INFO - Analyzing MHS Drive directory: D:/ReportGenerator/Raw Data\#Huaqin\New York\Data Performance/5G NSA DP/Mobility Test
2026-03-10 00:51:20,679 - pipeline - INFO - Running post-processing (VqLineChart, Coverage extraction)...
2026-03-10 00:51:20,709 - pipeline - INFO - Checking for CDF Throughput data to export...
2026-03-10 00:51:20,710 - pipeline - INFO - Processing summary exported to D:/ReportGenerator/report-generator-app/public/AnalyzeResults\#Huaqin\New York\processing_summary.json
2026-03-10 00:51:20,710 - pipeline - INFO - Running final data validation...
2026-03-10 00:51:20,728 - pipeline - WARNING - Summary of Empty collections found in JSON files:
2026-03-10 00:51:20,729 - pipeline - WARNING -   - data_performance_results.json -> Data Performance -> 5G AUTO DP -> HTTP Multi Stream -> DL -> Good -> REF -> Throughput -> Outliers -> Empty List
2026-03-10 00:51:20,729 - pipeline - WARNING -   - data_performance_results.json -> Data Performance -> 5G AUTO DP -> HTTP Multi Stream -> DL -> Moderate -> DUT -> Throughput -> Outliers -> Empty List
2026-03-10 00:51:20,729 - pipeline - WARNING -   - data_performance_results.json -> Data Performance -> 5G AUTO DP -> HTTP Multi Stream -> DL -> Poor -> DUT -> Throughput -> Outliers -> Empty List
2026-03-10 00:51:20,729 - pipeline - WARNING -   - data_performance_results.json -> Data Performance -> 5G AUTO DP -> HTTP Multi Stream -> UL -> Moderate -> REF -> Throughput -> Outliers -> Empty List
2026-03-10 00:51:20,729 - pipeline - WARNING -   - data_performance_results.json -> Data Performance -> 5G AUTO DP -> HTTP Multi Stream -> UL -> Poor -> DUT -> Throughput -> Outliers -> Empty List
2026-03-10 00:51:20,729 - pipeline - WARNING -   - data_performance_results.json -> Data Performance -> 5G AUTO DP -> HTTP Multi Stream -> UL -> Poor -> REF -> Throughput -> Outliers -> Empty List
2026-03-10 00:51:20,729 - pipeline - WARNING -   - data_performance_results.json -> Data Performance -> 5G AUTO DP -> HTTP Single Stream -> DL -> Good -> DUT -> Throughput -> Outliers -> Empty List
2026-03-10 00:51:20,730 - pipeline - WARNING -   - data_performance_results.json -> Data Performance -> 5G AUTO DP -> HTTP Single Stream -> DL -> Good -> REF -> Throughput -> Outliers -> Empty List
2026-03-10 00:51:20,730 - pipeline - WARNING -   - data_performance_results.json -> Data Performance -> 5G AUTO DP -> HTTP Single Stream -> DL -> Moderate -> DUT -> Throughput -> Outliers -> Empty List
2026-03-10 00:51:20,730 - pipeline - WARNING -   - data_performance_results.json -> Data Performance -> 5G AUTO DP -> HTTP Single Stream -> DL -> Poor -> DUT -> Throughput -> Outliers -> Empty List
2026-03-10 00:51:20,730 - pipeline - WARNING -   - data_performance_results.json -> Data Performance -> 5G AUTO DP -> HTTP Single Stream -> DL -> Poor -> REF -> Throughput -> Outliers -> Empty List
2026-03-10 00:51:20,730 - pipeline - WARNING -   - data_performance_results.json -> Data Performance -> 5G AUTO DP -> HTTP Single Stream -> UL -> Good -> REF -> Throughput -> Outliers -> Empty List
2026-03-10 00:51:20,730 - pipeline - WARNING -   - data_performance_results.json -> Data Performance -> 5G AUTO DP -> Udp Test -> DL -> UDP Download Task at 200 Mbps for 10 seconds -> Moderate -> DUT -> Throughput -> Outliers -> Empty List
2026-03-10 00:51:20,730 - pipeline - WARNING -   - data_performance_results.json -> Data Performance -> 5G AUTO DP -> Udp Test -> DL -> UDP Download Task at 200 Mbps for 10 seconds -> Moderate -> REF -> Throughput -> Outliers -> Empty List
2026-03-10 00:51:20,730 - pipeline - WARNING -   - data_performance_results.json -> Data Performance -> 5G AUTO DP -> Udp Test -> DL -> UDP Download Task at 200 Mbps for 10 seconds -> Poor -> DUT -> Throughput -> Outliers -> Empty List
2026-03-10 00:51:20,731 - pipeline - WARNING -   - data_performance_results.json -> Data Performance -> 5G AUTO DP -> Udp Test -> DL -> UDP Download Task at 200 Mbps for 10 seconds -> Poor -> REF -> Throughput -> Outliers -> Empty List
2026-03-10 00:51:20,731 - pipeline - WARNING -   - data_performance_results.json -> Data Performance -> 5G AUTO DP -> Udp Test -> DL -> UDP Download Task at 400 Mbps for 10 seconds -> Good -> DUT -> Throughput -> Outliers -> Empty List
2026-03-10 00:51:20,731 - pipeline - WARNING -   - data_performance_results.json -> Data Performance -> 5G AUTO DP -> Udp Test -> DL -> UDP Download Task at 400 Mbps for 10 seconds -> Good -> REF -> Throughput -> Outliers -> Empty List
2026-03-10 00:51:20,731 - pipeline - WARNING -   - data_performance_results.json -> Data Performance -> 5G AUTO DP -> Udp Test -> DL -> UDP Download Task at 400 Mbps for 10 seconds -> Moderate -> DUT -> Throughput -> Outliers -> Empty List
2026-03-10 00:51:20,731 - pipeline - WARNING -   - data_performance_results.json -> Data Performance -> 5G AUTO DP -> Udp Test -> DL -> UDP Download Task at 400 Mbps for 10 seconds -> Moderate -> REF -> Throughput -> Outliers -> Empty List
2026-03-10 00:51:20,731 - pipeline - WARNING -   - data_performance_results.json -> Data Performance -> 5G AUTO DP -> Udp Test -> DL -> UDP Download Task at 400 Mbps for 10 seconds -> Poor -> DUT -> Throughput -> Outliers -> Empty List
2026-03-10 00:51:20,731 - pipeline - WARNING -   - data_performance_results.json -> Data Performance -> 5G AUTO DP -> Udp Test -> DL -> UDP Download Task at 400 Mbps for 10 seconds -> Poor -> REF -> Throughput -> Outliers -> Empty List
2026-03-10 00:51:20,732 - pipeline - WARNING -   - data_performance_results.json -> Data Performance -> 5G AUTO DP -> Udp Test -> UL -> UDP Upload Task at 10 Mbps for 10 seconds -> Good -> REF -> Throughput -> Outliers -> Empty List
2026-03-10 00:51:20,732 - pipeline - WARNING -   - data_performance_results.json -> Data Performance -> 5G AUTO DP -> Udp Test -> UL -> UDP Upload Task at 10 Mbps for 10 seconds -> Moderate -> DUT -> Throughput -> Outliers -> Empty List
2026-03-10 00:51:20,732 - pipeline - WARNING -   - data_performance_results.json -> Data Performance -> 5G AUTO DP -> Udp Test -> UL -> UDP Upload Task at 10 Mbps for 10 seconds -> Poor -> DUT -> Throughput -> Outliers -> Empty List
2026-03-10 00:51:20,732 - pipeline - WARNING -   - data_performance_results.json -> Data Performance -> 5G AUTO DP -> Udp Test -> UL -> UDP Upload Task at 10 Mbps for 10 seconds -> Poor -> REF -> Throughput -> Outliers -> Empty List
2026-03-10 00:51:20,732 - pipeline - WARNING -   - data_performance_results.json -> Data Performance -> 5G AUTO DP -> Udp Test -> UL -> UDP Upload Task at 20 Mbps for 10 seconds -> Good -> REF -> Throughput -> Outliers -> Empty List
2026-03-10 00:51:20,732 - pipeline - WARNING -   - data_performance_results.json -> Data Performance -> 5G AUTO DP -> Udp Test -> UL -> UDP Upload Task at 20 Mbps for 10 seconds -> Moderate -> REF -> Throughput -> Outliers -> Empty List
2026-03-10 00:51:20,732 - pipeline - WARNING -   - data_performance_results.json -> Data Performance -> 5G AUTO DP -> Udp Test -> UL -> UDP Upload Task at 20 Mbps for 10 seconds -> Poor -> DUT -> Throughput -> Outliers -> Empty List
2026-03-10 00:51:20,732 - pipeline - WARNING -   - data_performance_results.json -> Data Performance -> 5G NSA DP -> HTTP Multi Stream -> DL -> Poor -> DUT -> Throughput -> Outliers -> Empty List
2026-03-10 00:51:20,733 - pipeline - WARNING -   - data_performance_results.json -> Data Performance -> 5G NSA DP -> HTTP Multi Stream -> DL -> Poor -> REF -> Throughput -> Outliers -> Empty List
2026-03-10 00:51:20,733 - pipeline - WARNING -   - data_performance_results.json -> Data Performance -> 5G NSA DP -> HTTP Multi Stream -> UL -> Moderate -> DUT -> Throughput -> Outliers -> Empty List
2026-03-10 00:51:20,733 - pipeline - WARNING -   - data_performance_results.json -> Data Performance -> 5G NSA DP -> HTTP Multi Stream -> UL -> Poor -> DUT -> Throughput -> Outliers -> Empty List
2026-03-10 00:51:20,733 - pipeline - WARNING -   - data_performance_results.json -> Data Performance -> 5G NSA DP -> HTTP Multi Stream -> UL -> Poor -> REF -> Throughput -> Outliers -> Empty List
2026-03-10 00:51:20,733 - pipeline - WARNING -   - data_performance_results.json -> Data Performance -> 5G NSA DP -> HTTP Single Stream -> DL -> Poor -> DUT -> Throughput -> Outliers -> Empty List
2026-03-10 00:51:20,733 - pipeline - WARNING -   - data_performance_results.json -> Data Performance -> 5G NSA DP -> HTTP Single Stream -> DL -> Poor -> REF -> Throughput -> Outliers -> Empty List
2026-03-10 00:51:20,733 - pipeline - WARNING -   - data_performance_results.json -> Data Performance -> 5G NSA DP -> HTTP Single Stream -> UL -> Moderate -> DUT -> Throughput -> Outliers -> Empty List
2026-03-10 00:51:20,733 - pipeline - WARNING -   - data_performance_results.json -> Data Performance -> 5G NSA DP -> Mobility Test -> REF -> DL Throughput -> Outliers -> Empty List
2026-03-10 00:51:20,734 - pipeline - WARNING -   - data_performance_results.json -> Data Performance -> 5G NSA DP -> Udp Test -> DL -> UDP Download Task at 200 Mbps for 10 seconds -> Poor -> REF -> Throughput -> Outliers -> Empty List
2026-03-10 00:51:20,734 - pipeline - WARNING -   - data_performance_results.json -> Data Performance -> 5G NSA DP -> Udp Test -> DL -> UDP Download Task at 400 Mbps for 10 seconds -> Moderate -> DUT -> Throughput -> Outliers -> Empty List
2026-03-10 00:51:20,734 - pipeline - WARNING -   - data_performance_results.json -> Data Performance -> 5G NSA DP -> Udp Test -> DL -> UDP Download Task at 400 Mbps for 10 seconds -> Moderate -> REF -> Throughput -> Outliers -> Empty List
2026-03-10 00:51:20,734 - pipeline - WARNING -   - data_performance_results.json -> Data Performance -> 5G NSA DP -> Udp Test -> DL -> UDP Download Task at 400 Mbps for 10 seconds -> Poor -> DUT -> Throughput -> Outliers -> Empty List
2026-03-10 00:51:20,734 - pipeline - WARNING -   - data_performance_results.json -> Data Performance -> 5G NSA DP -> Udp Test -> DL -> UDP Download Task at 400 Mbps for 10 seconds -> Poor -> REF -> Throughput -> Outliers -> Empty List
2026-03-10 00:51:20,734 - pipeline - WARNING -   - data_performance_results.json -> Data Performance -> 5G NSA DP -> Udp Test -> UL -> 5G NSA_UDP Upload Task at 20 Mbps for 10 seconds -> Poor -> DUT -> Throughput -> Outliers -> Empty List
2026-03-10 00:51:20,734 - pipeline - INFO - Pipeline execution completed. Results in: D:/ReportGenerator/report-generator-app/public/AnalyzeResults\#Huaqin\New York
2026-03-10 00:51:20,740 - pipeline - INFO - Project: #Huaqin
2026-03-10 00:51:20,740 - pipeline - INFO - Project: #Huaqin
2026-03-10 00:51:20,740 - pipeline - INFO - Market: Seattle
2026-03-10 00:51:20,740 - pipeline - INFO - Market: Seattle
2026-03-10 00:51:20,740 - pipeline - INFO - Reading from: D:/ReportGenerator/Raw Data\#Huaqin\Seattle
2026-03-10 00:51:20,740 - pipeline - INFO - Reading from: D:/ReportGenerator/Raw Data\#Huaqin\Seattle
2026-03-10 00:51:20,740 - pipeline - INFO - Writing to: D:/ReportGenerator/report-generator-app/public/AnalyzeResults\#Huaqin\Seattle
2026-03-10 00:51:20,740 - pipeline - INFO - Writing to: D:/ReportGenerator/report-generator-app/public/AnalyzeResults\#Huaqin\Seattle
2026-03-10 00:51:20,741 - pipeline - INFO - Starting analysis pipeline...
2026-03-10 00:51:20,741 - pipeline - INFO - Starting analysis pipeline...
2026-03-10 00:51:20,746 - pipeline - INFO - Grouping 183 CSV files by directory and device type...
2026-03-10 00:51:20,746 - pipeline - INFO - Grouping 183 CSV files by directory and device type...
2026-03-10 00:51:20,748 - pipeline - INFO - Created 138 file groups for analysis
2026-03-10 00:51:20,748 - pipeline - INFO - Created 138 file groups for analysis
2026-03-10 00:51:20,749 - pipeline - INFO - Analyzing 1 file(s) for DUT in 5G Auto Data Web-Kepler
2026-03-10 00:51:20,749 - pipeline - INFO - Analyzing 1 file(s) for DUT in 5G Auto Data Web-Kepler
2026-03-10 00:51:20,752 - pipeline - INFO - Analyzing 1 file(s) for REF in 5G Auto Data Web-Kepler
2026-03-10 00:51:20,752 - pipeline - INFO - Analyzing 1 file(s) for REF in 5G Auto Data Web-Kepler
2026-03-10 00:51:20,755 - pipeline - INFO - Analyzing 1 file(s) for DUT in Good
2026-03-10 00:51:20,755 - pipeline - INFO - Analyzing 1 file(s) for DUT in Good
2026-03-10 00:51:20,760 - pipeline - INFO - Analyzing 1 file(s) for REF in Good
2026-03-10 00:51:20,760 - pipeline - INFO - Analyzing 1 file(s) for REF in Good
2026-03-10 00:51:20,765 - pipeline - INFO - Analyzing 2 file(s) for DUT in Moderate
2026-03-10 00:51:20,765 - pipeline - INFO - Analyzing 2 file(s) for DUT in Moderate
2026-03-10 00:51:20,776 - pipeline - INFO - Analyzing 1 file(s) for REF in Moderate
2026-03-10 00:51:20,776 - pipeline - INFO - Analyzing 1 file(s) for REF in Moderate
2026-03-10 00:51:20,783 - pipeline - INFO - Analyzing 2 file(s) for DUT in Poor
2026-03-10 00:51:20,783 - pipeline - INFO - Analyzing 2 file(s) for DUT in Poor
2026-03-10 00:51:20,791 - pipeline - INFO - Analyzing 2 file(s) for REF in Poor
2026-03-10 00:51:20,791 - pipeline - INFO - Analyzing 2 file(s) for REF in Poor
2026-03-10 00:51:20,800 - pipeline - INFO - Analyzing 1 file(s) for DUT in Good
2026-03-10 00:51:20,800 - pipeline - INFO - Analyzing 1 file(s) for DUT in Good
2026-03-10 00:51:20,806 - pipeline - INFO - Analyzing 1 file(s) for REF in Good
2026-03-10 00:51:20,806 - pipeline - INFO - Analyzing 1 file(s) for REF in Good
2026-03-10 00:51:20,812 - pipeline - INFO - Analyzing 1 file(s) for DUT in Moderate
2026-03-10 00:51:20,812 - pipeline - INFO - Analyzing 1 file(s) for DUT in Moderate
2026-03-10 00:51:20,825 - pipeline - INFO - Analyzing 1 file(s) for REF in Moderate
2026-03-10 00:51:20,825 - pipeline - INFO - Analyzing 1 file(s) for REF in Moderate
2026-03-10 00:51:20,834 - pipeline - INFO - Analyzing 1 file(s) for DUT in Poor
2026-03-10 00:51:20,834 - pipeline - INFO - Analyzing 1 file(s) for DUT in Poor
2026-03-10 00:51:20,837 - pipeline - INFO - Analyzing 1 file(s) for REF in Poor
2026-03-10 00:51:20,837 - pipeline - INFO - Analyzing 1 file(s) for REF in Poor
2026-03-10 00:51:20,843 - pipeline - INFO - Analyzing 1 file(s) for DUT in Good
2026-03-10 00:51:20,843 - pipeline - INFO - Analyzing 1 file(s) for DUT in Good
2026-03-10 00:51:20,850 - pipeline - INFO - Analyzing 1 file(s) for REF in Good
2026-03-10 00:51:20,850 - pipeline - INFO - Analyzing 1 file(s) for REF in Good
2026-03-10 00:51:20,856 - pipeline - INFO - Analyzing 1 file(s) for DUT in Moderate
2026-03-10 00:51:20,856 - pipeline - INFO - Analyzing 1 file(s) for DUT in Moderate
2026-03-10 00:51:20,862 - pipeline - INFO - Analyzing 1 file(s) for REF in Moderate
2026-03-10 00:51:20,862 - pipeline - INFO - Analyzing 1 file(s) for REF in Moderate
2026-03-10 00:51:20,868 - pipeline - INFO - Analyzing 1 file(s) for DUT in Poor
2026-03-10 00:51:20,868 - pipeline - INFO - Analyzing 1 file(s) for DUT in Poor
2026-03-10 00:51:20,874 - pipeline - INFO - Analyzing 1 file(s) for REF in Poor
2026-03-10 00:51:20,874 - pipeline - INFO - Analyzing 1 file(s) for REF in Poor
2026-03-10 00:51:20,880 - pipeline - INFO - Analyzing 1 file(s) for DUT in Good
2026-03-10 00:51:20,880 - pipeline - INFO - Analyzing 1 file(s) for DUT in Good
2026-03-10 00:51:20,883 - pipeline - INFO - Analyzing 1 file(s) for REF in Good
2026-03-10 00:51:20,883 - pipeline - INFO - Analyzing 1 file(s) for REF in Good
2026-03-10 00:51:20,886 - pipeline - INFO - Analyzing 1 file(s) for DUT in Moderate
2026-03-10 00:51:20,886 - pipeline - INFO - Analyzing 1 file(s) for DUT in Moderate
2026-03-10 00:51:20,891 - pipeline - INFO - Analyzing 1 file(s) for REF in Moderate
2026-03-10 00:51:20,891 - pipeline - INFO - Analyzing 1 file(s) for REF in Moderate
2026-03-10 00:51:20,895 - pipeline - INFO - Analyzing 1 file(s) for DUT in Poor
2026-03-10 00:51:20,895 - pipeline - INFO - Analyzing 1 file(s) for DUT in Poor
2026-03-10 00:51:20,898 - pipeline - INFO - Analyzing 1 file(s) for REF in Poor
2026-03-10 00:51:20,898 - pipeline - INFO - Analyzing 1 file(s) for REF in Poor
2026-03-10 00:51:20,901 - pipeline - INFO - Analyzing 2 file(s) for DUT in Moderate
2026-03-10 00:51:20,901 - pipeline - INFO - Analyzing 2 file(s) for DUT in Moderate
2026-03-10 00:51:20,909 - pipeline - INFO - Analyzing 2 file(s) for REF in Moderate
2026-03-10 00:51:20,909 - pipeline - INFO - Analyzing 2 file(s) for REF in Moderate
2026-03-10 00:51:20,917 - pipeline - INFO - Analyzing 2 file(s) for DUT in Poor
2026-03-10 00:51:20,917 - pipeline - INFO - Analyzing 2 file(s) for DUT in Poor
2026-03-10 00:51:20,929 - pipeline - INFO - Analyzing 2 file(s) for REF in Poor
2026-03-10 00:51:20,929 - pipeline - INFO - Analyzing 2 file(s) for REF in Poor
2026-03-10 00:51:20,943 - pipeline - INFO - Analyzing 1 file(s) for DUT in Moderate
2026-03-10 00:51:20,943 - pipeline - INFO - Analyzing 1 file(s) for DUT in Moderate
2026-03-10 00:51:20,951 - pipeline - INFO - Analyzing 1 file(s) for REF in Moderate
2026-03-10 00:51:20,951 - pipeline - INFO - Analyzing 1 file(s) for REF in Moderate
2026-03-10 00:51:20,958 - pipeline - INFO - Analyzing 1 file(s) for DUT in Poor
2026-03-10 00:51:20,958 - pipeline - INFO - Analyzing 1 file(s) for DUT in Poor
2026-03-10 00:51:20,965 - pipeline - INFO - Analyzing 1 file(s) for REF in Poor
2026-03-10 00:51:20,965 - pipeline - INFO - Analyzing 1 file(s) for REF in Poor
2026-03-10 00:51:20,971 - pipeline - INFO - Analyzing 1 file(s) for DUT in Moderate
2026-03-10 00:51:20,971 - pipeline - INFO - Analyzing 1 file(s) for DUT in Moderate
2026-03-10 00:51:20,977 - pipeline - INFO - Analyzing 1 file(s) for REF in Moderate
2026-03-10 00:51:20,977 - pipeline - INFO - Analyzing 1 file(s) for REF in Moderate
2026-03-10 00:51:20,983 - pipeline - INFO - Analyzing 2 file(s) for DUT in Poor
2026-03-10 00:51:20,983 - pipeline - INFO - Analyzing 2 file(s) for DUT in Poor
2026-03-10 00:51:20,996 - pipeline - INFO - Analyzing 2 file(s) for REF in Poor
2026-03-10 00:51:20,996 - pipeline - INFO - Analyzing 2 file(s) for REF in Poor
2026-03-10 00:51:21,010 - pipeline - INFO - Analyzing 1 file(s) for DUT in Moderate
2026-03-10 00:51:21,010 - pipeline - INFO - Analyzing 1 file(s) for DUT in Moderate
2026-03-10 00:51:21,014 - pipeline - INFO - Analyzing 1 file(s) for REF in Moderate
2026-03-10 00:51:21,014 - pipeline - INFO - Analyzing 1 file(s) for REF in Moderate
2026-03-10 00:51:21,018 - pipeline - INFO - Analyzing 2 file(s) for DUT in Poor
2026-03-10 00:51:21,018 - pipeline - INFO - Analyzing 2 file(s) for DUT in Poor
2026-03-10 00:51:21,024 - pipeline - INFO - Analyzing 2 file(s) for REF in Poor
2026-03-10 00:51:21,024 - pipeline - INFO - Analyzing 2 file(s) for REF in Poor
2026-03-10 00:51:21,031 - pipeline - INFO - Analyzing 1 file(s) for DUT in Moderate
2026-03-10 00:51:21,031 - pipeline - INFO - Analyzing 1 file(s) for DUT in Moderate
2026-03-10 00:51:21,038 - pipeline - INFO - Analyzing 1 file(s) for REF in Moderate
2026-03-10 00:51:21,038 - pipeline - INFO - Analyzing 1 file(s) for REF in Moderate
2026-03-10 00:51:21,040 - pipeline - INFO - Analyzing 2 file(s) for DUT in Poor
2026-03-10 00:51:21,040 - pipeline - INFO - Analyzing 2 file(s) for DUT in Poor
2026-03-10 00:51:21,047 - pipeline - INFO - Analyzing 2 file(s) for REF in Poor
2026-03-10 00:51:21,047 - pipeline - INFO - Analyzing 2 file(s) for REF in Poor
2026-03-10 00:51:21,054 - pipeline - INFO - Analyzing 1 file(s) for DUT in Moderate
2026-03-10 00:51:21,054 - pipeline - INFO - Analyzing 1 file(s) for DUT in Moderate
2026-03-10 00:51:21,066 - pipeline - INFO - Analyzing 1 file(s) for REF in Moderate
2026-03-10 00:51:21,066 - pipeline - INFO - Analyzing 1 file(s) for REF in Moderate
2026-03-10 00:51:21,077 - pipeline - INFO - Analyzing 2 file(s) for DUT in Poor
2026-03-10 00:51:21,077 - pipeline - INFO - Analyzing 2 file(s) for DUT in Poor
2026-03-10 00:51:21,088 - pipeline - INFO - Analyzing 2 file(s) for REF in Poor
2026-03-10 00:51:21,088 - pipeline - INFO - Analyzing 2 file(s) for REF in Poor
2026-03-10 00:51:21,099 - pipeline - INFO - Analyzing 3 file(s) for DUT in Moderate
2026-03-10 00:51:21,099 - pipeline - INFO - Analyzing 3 file(s) for DUT in Moderate
2026-03-10 00:51:21,120 - pipeline - INFO - Analyzing 3 file(s) for REF in Moderate
2026-03-10 00:51:21,120 - pipeline - INFO - Analyzing 3 file(s) for REF in Moderate
2026-03-10 00:51:21,142 - pipeline - INFO - Analyzing 2 file(s) for DUT in Poor
2026-03-10 00:51:21,142 - pipeline - INFO - Analyzing 2 file(s) for DUT in Poor
2026-03-10 00:51:21,158 - pipeline - INFO - Analyzing 2 file(s) for REF in Poor
2026-03-10 00:51:21,158 - pipeline - INFO - Analyzing 2 file(s) for REF in Poor
2026-03-10 00:51:21,175 - pipeline - INFO - Analyzing 1 file(s) for DUT in Moderate
2026-03-10 00:51:21,175 - pipeline - INFO - Analyzing 1 file(s) for DUT in Moderate
2026-03-10 00:51:21,186 - pipeline - INFO - Analyzing 1 file(s) for REF in Moderate
2026-03-10 00:51:21,186 - pipeline - INFO - Analyzing 1 file(s) for REF in Moderate
2026-03-10 00:51:21,192 - pipeline - INFO - Analyzing 2 file(s) for DUT in Poor
2026-03-10 00:51:21,192 - pipeline - INFO - Analyzing 2 file(s) for DUT in Poor
2026-03-10 00:51:21,202 - pipeline - INFO - Analyzing 2 file(s) for REF in Poor
2026-03-10 00:51:21,202 - pipeline - INFO - Analyzing 2 file(s) for REF in Poor
2026-03-10 00:51:21,212 - pipeline - INFO - Analyzing 1 file(s) for DUT in Moderate
2026-03-10 00:51:21,212 - pipeline - INFO - Analyzing 1 file(s) for DUT in Moderate
2026-03-10 00:51:21,222 - pipeline - INFO - Analyzing 1 file(s) for REF in Moderate
2026-03-10 00:51:21,222 - pipeline - INFO - Analyzing 1 file(s) for REF in Moderate
2026-03-10 00:51:21,227 - pipeline - INFO - Analyzing 1 file(s) for DUT in Poor
2026-03-10 00:51:21,227 - pipeline - INFO - Analyzing 1 file(s) for DUT in Poor
2026-03-10 00:51:21,237 - pipeline - INFO - Analyzing 1 file(s) for REF in Poor
2026-03-10 00:51:21,237 - pipeline - INFO - Analyzing 1 file(s) for REF in Poor
2026-03-10 00:51:21,242 - pipeline - INFO - Analyzing 1 file(s) for DUT in 5G Auto Data Test Drive
2026-03-10 00:51:21,242 - pipeline - INFO - Analyzing 1 file(s) for DUT in 5G Auto Data Test Drive
2026-03-10 00:51:21,253 - pipeline - INFO - Analyzing 1 file(s) for REF in 5G Auto Data Test Drive
2026-03-10 00:51:21,253 - pipeline - INFO - Analyzing 1 file(s) for REF in 5G Auto Data Test Drive
2026-03-10 00:51:21,264 - pipeline - INFO - Analyzing 1 file(s) for DUT in Good
2026-03-10 00:51:21,264 - pipeline - INFO - Analyzing 1 file(s) for DUT in Good
2026-03-10 00:51:21,269 - pipeline - INFO - Analyzing 1 file(s) for REF in Good
2026-03-10 00:51:21,269 - pipeline - INFO - Analyzing 1 file(s) for REF in Good
2026-03-10 00:51:21,272 - pipeline - INFO - Analyzing 1 file(s) for DUT in Moderate
2026-03-10 00:51:21,272 - pipeline - INFO - Analyzing 1 file(s) for DUT in Moderate
2026-03-10 00:51:21,276 - pipeline - INFO - Analyzing 1 file(s) for REF in Moderate
2026-03-10 00:51:21,276 - pipeline - INFO - Analyzing 1 file(s) for REF in Moderate
2026-03-10 00:51:21,282 - pipeline - INFO - Analyzing 1 file(s) for DUT in Good
2026-03-10 00:51:21,282 - pipeline - INFO - Analyzing 1 file(s) for DUT in Good
2026-03-10 00:51:21,292 - pipeline - INFO - Analyzing 1 file(s) for REF in Good
2026-03-10 00:51:21,292 - pipeline - INFO - Analyzing 1 file(s) for REF in Good
2026-03-10 00:51:21,302 - pipeline - INFO - Analyzing 1 file(s) for DUT in Moderate
2026-03-10 00:51:21,302 - pipeline - INFO - Analyzing 1 file(s) for DUT in Moderate
2026-03-10 00:51:21,313 - pipeline - INFO - Analyzing 1 file(s) for REF in Moderate
2026-03-10 00:51:21,313 - pipeline - INFO - Analyzing 1 file(s) for REF in Moderate
2026-03-10 00:51:21,323 - pipeline - INFO - Analyzing 1 file(s) for DUT in Poor
2026-03-10 00:51:21,323 - pipeline - INFO - Analyzing 1 file(s) for DUT in Poor
2026-03-10 00:51:21,334 - pipeline - INFO - Analyzing 1 file(s) for REF in Poor
2026-03-10 00:51:21,334 - pipeline - INFO - Analyzing 1 file(s) for REF in Poor
2026-03-10 00:51:21,344 - pipeline - INFO - Analyzing 1 file(s) for DUT in Good
2026-03-10 00:51:21,344 - pipeline - INFO - Analyzing 1 file(s) for DUT in Good
2026-03-10 00:51:21,355 - pipeline - INFO - Analyzing 1 file(s) for REF in Good
2026-03-10 00:51:21,355 - pipeline - INFO - Analyzing 1 file(s) for REF in Good
2026-03-10 00:51:21,366 - pipeline - INFO - Analyzing 1 file(s) for DUT in Moderate
2026-03-10 00:51:21,366 - pipeline - INFO - Analyzing 1 file(s) for DUT in Moderate
2026-03-10 00:51:21,376 - pipeline - INFO - Analyzing 1 file(s) for REF in Moderate
2026-03-10 00:51:21,376 - pipeline - INFO - Analyzing 1 file(s) for REF in Moderate
2026-03-10 00:51:21,387 - pipeline - INFO - Analyzing 1 file(s) for DUT in Poor
2026-03-10 00:51:21,387 - pipeline - INFO - Analyzing 1 file(s) for DUT in Poor
2026-03-10 00:51:21,398 - pipeline - INFO - Analyzing 1 file(s) for REF in Poor
2026-03-10 00:51:21,398 - pipeline - INFO - Analyzing 1 file(s) for REF in Poor
2026-03-10 00:51:21,408 - pipeline - INFO - Analyzing 1 file(s) for DUT in Good
2026-03-10 00:51:21,408 - pipeline - INFO - Analyzing 1 file(s) for DUT in Good
2026-03-10 00:51:21,418 - pipeline - INFO - Analyzing 1 file(s) for REF in Good
2026-03-10 00:51:21,418 - pipeline - INFO - Analyzing 1 file(s) for REF in Good
2026-03-10 00:51:21,423 - pipeline - INFO - Analyzing 1 file(s) for DUT in Moderate
2026-03-10 00:51:21,423 - pipeline - INFO - Analyzing 1 file(s) for DUT in Moderate
2026-03-10 00:51:21,433 - pipeline - INFO - Analyzing 1 file(s) for REF in Moderate
2026-03-10 00:51:21,433 - pipeline - INFO - Analyzing 1 file(s) for REF in Moderate
2026-03-10 00:51:21,443 - pipeline - INFO - Analyzing 1 file(s) for DUT in Poor
2026-03-10 00:51:21,443 - pipeline - INFO - Analyzing 1 file(s) for DUT in Poor
2026-03-10 00:51:21,453 - pipeline - INFO - Analyzing 1 file(s) for REF in Poor
2026-03-10 00:51:21,453 - pipeline - INFO - Analyzing 1 file(s) for REF in Poor
2026-03-10 00:51:21,462 - pipeline - INFO - Analyzing 1 file(s) for DUT in Good
2026-03-10 00:51:21,462 - pipeline - INFO - Analyzing 1 file(s) for DUT in Good
2026-03-10 00:51:21,472 - pipeline - INFO - Analyzing 1 file(s) for REF in Good
2026-03-10 00:51:21,472 - pipeline - INFO - Analyzing 1 file(s) for REF in Good
2026-03-10 00:51:21,477 - pipeline - INFO - Analyzing 1 file(s) for DUT in Moderate
2026-03-10 00:51:21,477 - pipeline - INFO - Analyzing 1 file(s) for DUT in Moderate
2026-03-10 00:51:21,487 - pipeline - INFO - Analyzing 1 file(s) for REF in Moderate
2026-03-10 00:51:21,487 - pipeline - INFO - Analyzing 1 file(s) for REF in Moderate
2026-03-10 00:51:21,497 - pipeline - INFO - Analyzing 1 file(s) for DUT in Poor
2026-03-10 00:51:21,497 - pipeline - INFO - Analyzing 1 file(s) for DUT in Poor
2026-03-10 00:51:21,507 - pipeline - INFO - Analyzing 1 file(s) for REF in Poor
2026-03-10 00:51:21,507 - pipeline - INFO - Analyzing 1 file(s) for REF in Poor
2026-03-10 00:51:21,516 - pipeline - INFO - Analyzing 1 file(s) for DUT in Moderate
2026-03-10 00:51:21,516 - pipeline - INFO - Analyzing 1 file(s) for DUT in Moderate
2026-03-10 00:51:21,522 - pipeline - INFO - Analyzing 1 file(s) for REF in Moderate
2026-03-10 00:51:21,522 - pipeline - INFO - Analyzing 1 file(s) for REF in Moderate
2026-03-10 00:51:21,528 - pipeline - INFO - Analyzing 2 file(s) for DUT in Poor
2026-03-10 00:51:21,528 - pipeline - INFO - Analyzing 2 file(s) for DUT in Poor
2026-03-10 00:51:21,539 - pipeline - INFO - Analyzing 2 file(s) for REF in Poor
2026-03-10 00:51:21,539 - pipeline - INFO - Analyzing 2 file(s) for REF in Poor
2026-03-10 00:51:21,551 - pipeline - INFO - Analyzing 1 file(s) for DUT in Moderate
2026-03-10 00:51:21,551 - pipeline - INFO - Analyzing 1 file(s) for DUT in Moderate
2026-03-10 00:51:21,556 - pipeline - INFO - Analyzing 1 file(s) for REF in Moderate
2026-03-10 00:51:21,556 - pipeline - INFO - Analyzing 1 file(s) for REF in Moderate
2026-03-10 00:51:21,562 - pipeline - INFO - Analyzing 1 file(s) for DUT in Poor
2026-03-10 00:51:21,562 - pipeline - INFO - Analyzing 1 file(s) for DUT in Poor
2026-03-10 00:51:21,568 - pipeline - INFO - Analyzing 1 file(s) for REF in Poor
2026-03-10 00:51:21,568 - pipeline - INFO - Analyzing 1 file(s) for REF in Poor
2026-03-10 00:51:21,574 - pipeline - INFO - Analyzing 2 file(s) for DUT in Moderate
2026-03-10 00:51:21,574 - pipeline - INFO - Analyzing 2 file(s) for DUT in Moderate
2026-03-10 00:51:21,585 - pipeline - INFO - Analyzing 2 file(s) for REF in Moderate
2026-03-10 00:51:21,585 - pipeline - INFO - Analyzing 2 file(s) for REF in Moderate
2026-03-10 00:51:21,596 - pipeline - INFO - Analyzing 1 file(s) for DUT in Poor
2026-03-10 00:51:21,596 - pipeline - INFO - Analyzing 1 file(s) for DUT in Poor
2026-03-10 00:51:21,601 - pipeline - INFO - Analyzing 1 file(s) for REF in Poor
2026-03-10 00:51:21,601 - pipeline - INFO - Analyzing 1 file(s) for REF in Poor
2026-03-10 00:51:21,607 - pipeline - INFO - Analyzing 2 file(s) for DUT in Moderate
2026-03-10 00:51:21,607 - pipeline - INFO - Analyzing 2 file(s) for DUT in Moderate
2026-03-10 00:51:21,611 - pipeline - INFO - Analyzing 2 file(s) for REF in Moderate
2026-03-10 00:51:21,611 - pipeline - INFO - Analyzing 2 file(s) for REF in Moderate
2026-03-10 00:51:21,616 - pipeline - INFO - Analyzing 1 file(s) for DUT in Poor
2026-03-10 00:51:21,616 - pipeline - INFO - Analyzing 1 file(s) for DUT in Poor
2026-03-10 00:51:21,621 - pipeline - INFO - Analyzing 1 file(s) for REF in Poor
2026-03-10 00:51:21,621 - pipeline - INFO - Analyzing 1 file(s) for REF in Poor
2026-03-10 00:51:21,624 - pipeline - INFO - Analyzing 1 file(s) for DUT in Mobility Test
2026-03-10 00:51:21,624 - pipeline - INFO - Analyzing 1 file(s) for DUT in Mobility Test
2026-03-10 00:51:21,635 - pipeline - INFO - Analyzing 1 file(s) for REF in Mobility Test
2026-03-10 00:51:21,635 - pipeline - INFO - Analyzing 1 file(s) for REF in Mobility Test
2026-03-10 00:51:21,645 - pipeline - INFO - Analyzing 1 file(s) for DUT in Moderate
2026-03-10 00:51:21,645 - pipeline - INFO - Analyzing 1 file(s) for DUT in Moderate
2026-03-10 00:51:21,651 - pipeline - INFO - Analyzing 1 file(s) for REF in Moderate
2026-03-10 00:51:21,651 - pipeline - INFO - Analyzing 1 file(s) for REF in Moderate
2026-03-10 00:51:21,655 - pipeline - INFO - Analyzing 1 file(s) for DUT in Poor
2026-03-10 00:51:21,655 - pipeline - INFO - Analyzing 1 file(s) for DUT in Poor
2026-03-10 00:51:21,659 - pipeline - INFO - Analyzing 1 file(s) for REF in Poor
2026-03-10 00:51:21,659 - pipeline - INFO - Analyzing 1 file(s) for REF in Poor
2026-03-10 00:51:21,662 - pipeline - INFO - Analyzing 1 file(s) for DUT in Moderate
2026-03-10 00:51:21,662 - pipeline - INFO - Analyzing 1 file(s) for DUT in Moderate
2026-03-10 00:51:21,673 - pipeline - INFO - Analyzing 1 file(s) for REF in Moderate
2026-03-10 00:51:21,673 - pipeline - INFO - Analyzing 1 file(s) for REF in Moderate
2026-03-10 00:51:21,684 - pipeline - INFO - Analyzing 1 file(s) for DUT in Poor
2026-03-10 00:51:21,684 - pipeline - INFO - Analyzing 1 file(s) for DUT in Poor
2026-03-10 00:51:21,694 - pipeline - INFO - Analyzing 1 file(s) for REF in Poor
2026-03-10 00:51:21,694 - pipeline - INFO - Analyzing 1 file(s) for REF in Poor
2026-03-10 00:51:21,704 - pipeline - INFO - Analyzing 3 file(s) for DUT in Moderate
2026-03-10 00:51:21,704 - pipeline - INFO - Analyzing 3 file(s) for DUT in Moderate
2026-03-10 00:51:21,724 - pipeline - INFO - Analyzing 3 file(s) for REF in Moderate
2026-03-10 00:51:21,724 - pipeline - INFO - Analyzing 3 file(s) for REF in Moderate
2026-03-10 00:51:21,743 - pipeline - INFO - Analyzing 1 file(s) for DUT in Poor
2026-03-10 00:51:21,743 - pipeline - INFO - Analyzing 1 file(s) for DUT in Poor
2026-03-10 00:51:21,754 - pipeline - INFO - Analyzing 1 file(s) for REF in Poor
2026-03-10 00:51:21,754 - pipeline - INFO - Analyzing 1 file(s) for REF in Poor
2026-03-10 00:51:21,764 - pipeline - INFO - Analyzing 1 file(s) for DUT in Moderate
2026-03-10 00:51:21,764 - pipeline - INFO - Analyzing 1 file(s) for DUT in Moderate
2026-03-10 00:51:21,774 - pipeline - INFO - Analyzing 1 file(s) for REF in Moderate
2026-03-10 00:51:21,774 - pipeline - INFO - Analyzing 1 file(s) for REF in Moderate
2026-03-10 00:51:21,784 - pipeline - INFO - Analyzing 1 file(s) for DUT in Poor
2026-03-10 00:51:21,784 - pipeline - INFO - Analyzing 1 file(s) for DUT in Poor
2026-03-10 00:51:21,793 - pipeline - INFO - Analyzing 1 file(s) for REF in Poor
2026-03-10 00:51:21,793 - pipeline - INFO - Analyzing 1 file(s) for REF in Poor
2026-03-10 00:51:21,803 - pipeline - INFO - Analyzing 1 file(s) for DUT in Moderate
2026-03-10 00:51:21,803 - pipeline - INFO - Analyzing 1 file(s) for DUT in Moderate
2026-03-10 00:51:21,813 - pipeline - INFO - Analyzing 1 file(s) for REF in Moderate
2026-03-10 00:51:21,813 - pipeline - INFO - Analyzing 1 file(s) for REF in Moderate
2026-03-10 00:51:21,822 - pipeline - INFO - Analyzing 1 file(s) for DUT in Poor
2026-03-10 00:51:21,822 - pipeline - INFO - Analyzing 1 file(s) for DUT in Poor
2026-03-10 00:51:21,832 - pipeline - INFO - Analyzing 1 file(s) for REF in Poor
2026-03-10 00:51:21,832 - pipeline - INFO - Analyzing 1 file(s) for REF in Poor
2026-03-10 00:51:21,841 - pipeline - INFO - Processing directory-level analyses...
2026-03-10 00:51:21,841 - pipeline - INFO - Processing directory-level analyses...
2026-03-10 00:51:21,842 - pipeline - INFO - Analyzing Coverage directory: D:/ReportGenerator/Raw Data\#Huaqin\Seattle\Coverage Performance (Type: coverage_coordinate)
2026-03-10 00:51:21,842 - pipeline - INFO - Analyzing Coverage directory: D:/ReportGenerator/Raw Data\#Huaqin\Seattle\Coverage Performance (Type: coverage_coordinate)
2026-03-10 00:51:21,842 - pipeline - INFO - Analyzing Coverage directory: D:/ReportGenerator/Raw Data\#Huaqin\Seattle\Coverage Performance/5G n41 HPUE Coverage Test (Type: n41_coverage)
2026-03-10 00:51:21,842 - pipeline - INFO - Analyzing Coverage directory: D:/ReportGenerator/Raw Data\#Huaqin\Seattle\Coverage Performance/5G n41 HPUE Coverage Test (Type: n41_coverage)
2026-03-10 00:51:21,854 - pipeline - INFO - Analyzing Coverage directory: D:/ReportGenerator/Raw Data\#Huaqin\Seattle\Coverage Performance/5G VoNR Coverage Test (Type: vonr_coverage_performance)
2026-03-10 00:51:21,854 - pipeline - INFO - Analyzing Coverage directory: D:/ReportGenerator/Raw Data\#Huaqin\Seattle\Coverage Performance/5G VoNR Coverage Test (Type: vonr_coverage_performance)
2026-03-10 00:51:21,886 - pipeline - INFO - Running timeline analysis for: Coverage Performance/5G VoNR Coverage Test
2026-03-10 00:51:21,886 - pipeline - INFO - Running timeline analysis for: Coverage Performance/5G VoNR Coverage Test
2026-03-10 00:51:21,886 - pipeline - INFO - Analyzing Coverage directory: D:/ReportGenerator/Raw Data\#Huaqin\Seattle\Coverage Performance/5G VoNR Coverage Test (Type: coverage_timeline)
2026-03-10 00:51:21,886 - pipeline - INFO - Analyzing Coverage directory: D:/ReportGenerator/Raw Data\#Huaqin\Seattle\Coverage Performance/5G VoNR Coverage Test (Type: coverage_timeline)
2026-03-10 00:51:21,887 - pipeline - INFO - Analyzing Coverage Timeline for: D:/ReportGenerator/Raw Data\#Huaqin\Seattle\Coverage Performance/5G VoNR Coverage Test
2026-03-10 00:51:21,887 - pipeline - INFO - Analyzing Coverage Timeline for: D:/ReportGenerator/Raw Data\#Huaqin\Seattle\Coverage Performance/5G VoNR Coverage Test
2026-03-10 00:51:21,887 - pipeline - INFO - Processing rsrp timeline...
2026-03-10 00:51:21,887 - pipeline - INFO - Processing rsrp timeline...
2026-03-10 00:51:21,927 - pipeline - INFO - Processing sinr timeline...
2026-03-10 00:51:21,927 - pipeline - INFO - Processing sinr timeline...
2026-03-10 00:51:21,969 - pipeline - INFO - Processing txpower timeline...
2026-03-10 00:51:21,969 - pipeline - INFO - Processing txpower timeline...
2026-03-10 00:51:22,008 - pipeline - INFO - Analyzing Coverage directory: D:/ReportGenerator/Raw Data\#Huaqin\Seattle\Coverage Performance/LTE Coverage Test (Type: vonr_coverage_performance)
2026-03-10 00:51:22,008 - pipeline - INFO - Analyzing Coverage directory: D:/ReportGenerator/Raw Data\#Huaqin\Seattle\Coverage Performance/LTE Coverage Test (Type: vonr_coverage_performance)
2026-03-10 00:51:22,008 - pipeline - INFO - Using Seattle_LTE coordinates for LTE Coverage Test
2026-03-10 00:51:22,008 - pipeline - INFO - Using Seattle_LTE coordinates for LTE Coverage Test
2026-03-10 00:51:22,053 - pipeline - INFO - Running timeline analysis for: Coverage Performance/LTE Coverage Test
2026-03-10 00:51:22,053 - pipeline - INFO - Running timeline analysis for: Coverage Performance/LTE Coverage Test
2026-03-10 00:51:22,053 - pipeline - INFO - Analyzing Coverage directory: D:/ReportGenerator/Raw Data\#Huaqin\Seattle\Coverage Performance/LTE Coverage Test (Type: coverage_timeline)
2026-03-10 00:51:22,053 - pipeline - INFO - Analyzing Coverage directory: D:/ReportGenerator/Raw Data\#Huaqin\Seattle\Coverage Performance/LTE Coverage Test (Type: coverage_timeline)
2026-03-10 00:51:22,054 - pipeline - INFO - Using Seattle_LTE coordinates for LTE Coverage Test
2026-03-10 00:51:22,054 - pipeline - INFO - Using Seattle_LTE coordinates for LTE Coverage Test
2026-03-10 00:51:22,054 - pipeline - INFO - Analyzing Coverage Timeline for: D:/ReportGenerator/Raw Data\#Huaqin\Seattle\Coverage Performance/LTE Coverage Test
2026-03-10 00:51:22,054 - pipeline - INFO - Analyzing Coverage Timeline for: D:/ReportGenerator/Raw Data\#Huaqin\Seattle\Coverage Performance/LTE Coverage Test
2026-03-10 00:51:22,054 - pipeline - INFO - Processing rsrp timeline...
2026-03-10 00:51:22,054 - pipeline - INFO - Processing rsrp timeline...
2026-03-10 00:51:22,071 - pipeline - INFO - Processing sinr timeline...
2026-03-10 00:51:22,071 - pipeline - INFO - Processing sinr timeline...
2026-03-10 00:51:22,094 - pipeline - INFO - Processing txpower timeline...
2026-03-10 00:51:22,094 - pipeline - INFO - Processing txpower timeline...
2026-03-10 00:51:22,111 - pipeline - INFO - Analyzing Google Throughput directory: D:/ReportGenerator/Raw Data\#Huaqin\Seattle\Data Performance/5G AUTO DP/5G Auto Data Play-store app Download
2026-03-10 00:51:22,111 - pipeline - INFO - Analyzing Google Throughput directory: D:/ReportGenerator/Raw Data\#Huaqin\Seattle\Data Performance/5G AUTO DP/5G Auto Data Play-store app Download
2026-03-10 00:51:22,112 - pipeline - INFO - Processing Play Store file: _20260309_211736_CH01_TMO_5G DP_Play Store 30MB_SEA L1 DUT_.csv (Size: 30M, Device: DUT, Location: Good)
2026-03-10 00:51:22,112 - pipeline - INFO - Processing Play Store file: _20260309_211736_CH01_TMO_5G DP_Play Store 30MB_SEA L1 DUT_.csv (Size: 30M, Device: DUT, Location: Good)
2026-03-10 00:51:22,114 - pipeline - WARNING - Failed to analyze _20260309_211736_CH01_TMO_5G DP_Play Store 30MB_SEA L1 DUT_.csv (likely no valid throughput data)
2026-03-10 00:51:22,114 - pipeline - WARNING - Failed to analyze _20260309_211736_CH01_TMO_5G DP_Play Store 30MB_SEA L1 DUT_.csv (likely no valid throughput data)
2026-03-10 00:51:22,114 - pipeline - INFO - Processing Play Store file: _20260309_211736_CH02_TMO_5G DP_Play Store 30MB_SEA L1 REF_.csv (Size: 30M, Device: REF, Location: Good)
2026-03-10 00:51:22,114 - pipeline - INFO - Processing Play Store file: _20260309_211736_CH02_TMO_5G DP_Play Store 30MB_SEA L1 REF_.csv (Size: 30M, Device: REF, Location: Good)
2026-03-10 00:51:22,116 - pipeline - WARNING - Failed to analyze _20260309_211736_CH02_TMO_5G DP_Play Store 30MB_SEA L1 REF_.csv (likely no valid throughput data)
2026-03-10 00:51:22,116 - pipeline - WARNING - Failed to analyze _20260309_211736_CH02_TMO_5G DP_Play Store 30MB_SEA L1 REF_.csv (likely no valid throughput data)
2026-03-10 00:51:22,116 - pipeline - INFO - Processing Play Store file: _20260309_212413_CH01_TMO_5G DP_Play Store 60MB_SEA L1 DUT_.csv (Size: 60M, Device: DUT, Location: Good)
2026-03-10 00:51:22,116 - pipeline - INFO - Processing Play Store file: _20260309_212413_CH01_TMO_5G DP_Play Store 60MB_SEA L1 DUT_.csv (Size: 60M, Device: DUT, Location: Good)
2026-03-10 00:51:22,117 - pipeline - WARNING - Failed to analyze _20260309_212413_CH01_TMO_5G DP_Play Store 60MB_SEA L1 DUT_.csv (likely no valid throughput data)
2026-03-10 00:51:22,117 - pipeline - WARNING - Failed to analyze _20260309_212413_CH01_TMO_5G DP_Play Store 60MB_SEA L1 DUT_.csv (likely no valid throughput data)
2026-03-10 00:51:22,117 - pipeline - INFO - Processing Play Store file: _20260309_212413_CH02_TMO_5G DP_Play Store 60MB_SEA L1 REF_.csv (Size: 60M, Device: REF, Location: Good)
2026-03-10 00:51:22,117 - pipeline - INFO - Processing Play Store file: _20260309_212413_CH02_TMO_5G DP_Play Store 60MB_SEA L1 REF_.csv (Size: 60M, Device: REF, Location: Good)
2026-03-10 00:51:22,119 - pipeline - WARNING - Failed to analyze _20260309_212413_CH02_TMO_5G DP_Play Store 60MB_SEA L1 REF_.csv (likely no valid throughput data)
2026-03-10 00:51:22,119 - pipeline - WARNING - Failed to analyze _20260309_212413_CH02_TMO_5G DP_Play Store 60MB_SEA L1 REF_.csv (likely no valid throughput data)
2026-03-10 00:51:22,119 - pipeline - INFO - Processing Play Store file: _20260309_213107_CH01_TMO_5G DP_Play Store 100MB_SEA L1 DUT_.csv (Size: 100M, Device: DUT, Location: Good)
2026-03-10 00:51:22,119 - pipeline - INFO - Processing Play Store file: _20260309_213107_CH01_TMO_5G DP_Play Store 100MB_SEA L1 DUT_.csv (Size: 100M, Device: DUT, Location: Good)
2026-03-10 00:51:22,120 - pipeline - WARNING - Failed to analyze _20260309_213107_CH01_TMO_5G DP_Play Store 100MB_SEA L1 DUT_.csv (likely no valid throughput data)
2026-03-10 00:51:22,120 - pipeline - WARNING - Failed to analyze _20260309_213107_CH01_TMO_5G DP_Play Store 100MB_SEA L1 DUT_.csv (likely no valid throughput data)
2026-03-10 00:51:22,121 - pipeline - INFO - Processing Play Store file: _20260309_213107_CH02_TMO_5G DP_Play Store 100MB_SEA L1 REF_.csv (Size: 100M, Device: REF, Location: Good)
2026-03-10 00:51:22,121 - pipeline - INFO - Processing Play Store file: _20260309_213107_CH02_TMO_5G DP_Play Store 100MB_SEA L1 REF_.csv (Size: 100M, Device: REF, Location: Good)
2026-03-10 00:51:22,122 - pipeline - WARNING - Failed to analyze _20260309_213107_CH02_TMO_5G DP_Play Store 100MB_SEA L1 REF_.csv (likely no valid throughput data)
2026-03-10 00:51:22,122 - pipeline - WARNING - Failed to analyze _20260309_213107_CH02_TMO_5G DP_Play Store 100MB_SEA L1 REF_.csv (likely no valid throughput data)
2026-03-10 00:51:22,122 - pipeline - INFO - Processing Play Store file: _20260301_170456_CH01_TMO_5G AUTO_Play Store 30MB_SEA L2 DUT_.csv (Size: 30M, Device: DUT, Location: Moderate)
2026-03-10 00:51:22,122 - pipeline - INFO - Processing Play Store file: _20260301_170456_CH01_TMO_5G AUTO_Play Store 30MB_SEA L2 DUT_.csv (Size: 30M, Device: DUT, Location: Moderate)
2026-03-10 00:51:22,125 - pipeline - WARNING - Failed to analyze _20260301_170456_CH01_TMO_5G AUTO_Play Store 30MB_SEA L2 DUT_.csv (likely no valid throughput data)
2026-03-10 00:51:22,125 - pipeline - WARNING - Failed to analyze _20260301_170456_CH01_TMO_5G AUTO_Play Store 30MB_SEA L2 DUT_.csv (likely no valid throughput data)
2026-03-10 00:51:22,125 - pipeline - INFO - Processing Play Store file: _20260301_170456_CH02_TMO_5G AUTO_Play Store 30MB_SEA L2 REF_.csv (Size: 30M, Device: REF, Location: Moderate)
2026-03-10 00:51:22,125 - pipeline - INFO - Processing Play Store file: _20260301_170456_CH02_TMO_5G AUTO_Play Store 30MB_SEA L2 REF_.csv (Size: 30M, Device: REF, Location: Moderate)
2026-03-10 00:51:22,129 - pipeline - WARNING - Failed to analyze _20260301_170456_CH02_TMO_5G AUTO_Play Store 30MB_SEA L2 REF_.csv (likely no valid throughput data)
2026-03-10 00:51:22,129 - pipeline - WARNING - Failed to analyze _20260301_170456_CH02_TMO_5G AUTO_Play Store 30MB_SEA L2 REF_.csv (likely no valid throughput data)
2026-03-10 00:51:22,130 - pipeline - INFO - Processing Play Store file: _20260301_172130_CH01_TMO_5G AUTO_Play Store 60MB_SEA L2 DUT_.csv (Size: 60M, Device: DUT, Location: Moderate)
2026-03-10 00:51:22,130 - pipeline - INFO - Processing Play Store file: _20260301_172130_CH01_TMO_5G AUTO_Play Store 60MB_SEA L2 DUT_.csv (Size: 60M, Device: DUT, Location: Moderate)
2026-03-10 00:51:22,134 - pipeline - WARNING - Failed to analyze _20260301_172130_CH01_TMO_5G AUTO_Play Store 60MB_SEA L2 DUT_.csv (likely no valid throughput data)
2026-03-10 00:51:22,134 - pipeline - WARNING - Failed to analyze _20260301_172130_CH01_TMO_5G AUTO_Play Store 60MB_SEA L2 DUT_.csv (likely no valid throughput data)
2026-03-10 00:51:22,134 - pipeline - INFO - Processing Play Store file: _20260301_172130_CH02_TMO_5G AUTO_Play Store 60MB_SEA L2 REF_.csv (Size: 60M, Device: REF, Location: Moderate)
2026-03-10 00:51:22,134 - pipeline - INFO - Processing Play Store file: _20260301_172130_CH02_TMO_5G AUTO_Play Store 60MB_SEA L2 REF_.csv (Size: 60M, Device: REF, Location: Moderate)
2026-03-10 00:51:22,137 - pipeline - WARNING - Failed to analyze _20260301_172130_CH02_TMO_5G AUTO_Play Store 60MB_SEA L2 REF_.csv (likely no valid throughput data)
2026-03-10 00:51:22,137 - pipeline - WARNING - Failed to analyze _20260301_172130_CH02_TMO_5G AUTO_Play Store 60MB_SEA L2 REF_.csv (likely no valid throughput data)
2026-03-10 00:51:22,137 - pipeline - INFO - Processing Play Store file: _20260301_174915_CH01_TMO_5G AUTO_Play Store 100MB_SEA L2 DUT_.csv (Size: 100M, Device: DUT, Location: Moderate)
2026-03-10 00:51:22,137 - pipeline - INFO - Processing Play Store file: _20260301_174915_CH01_TMO_5G AUTO_Play Store 100MB_SEA L2 DUT_.csv (Size: 100M, Device: DUT, Location: Moderate)
2026-03-10 00:51:22,140 - pipeline - WARNING - Failed to analyze _20260301_174915_CH01_TMO_5G AUTO_Play Store 100MB_SEA L2 DUT_.csv (likely no valid throughput data)
2026-03-10 00:51:22,140 - pipeline - WARNING - Failed to analyze _20260301_174915_CH01_TMO_5G AUTO_Play Store 100MB_SEA L2 DUT_.csv (likely no valid throughput data)
2026-03-10 00:51:22,140 - pipeline - INFO - Processing Play Store file: _20260301_174915_CH02_TMO_5G AUTO_Play Store 100MB_SEA L2 REF_.csv (Size: 100M, Device: REF, Location: Moderate)
2026-03-10 00:51:22,140 - pipeline - INFO - Processing Play Store file: _20260301_174915_CH02_TMO_5G AUTO_Play Store 100MB_SEA L2 REF_.csv (Size: 100M, Device: REF, Location: Moderate)
2026-03-10 00:51:22,143 - pipeline - WARNING - Failed to analyze _20260301_174915_CH02_TMO_5G AUTO_Play Store 100MB_SEA L2 REF_.csv (likely no valid throughput data)
2026-03-10 00:51:22,143 - pipeline - WARNING - Failed to analyze _20260301_174915_CH02_TMO_5G AUTO_Play Store 100MB_SEA L2 REF_.csv (likely no valid throughput data)
2026-03-10 00:51:22,143 - pipeline - INFO - Processing Play Store file: _20260305_133728_CH01_TMO_5G AUTO_Play Store 30 MB_SEA L3 DUT_.csv (Size: 30M, Device: DUT, Location: Poor)
2026-03-10 00:51:22,143 - pipeline - INFO - Processing Play Store file: _20260305_133728_CH01_TMO_5G AUTO_Play Store 30 MB_SEA L3 DUT_.csv (Size: 30M, Device: DUT, Location: Poor)
2026-03-10 00:51:22,147 - pipeline - WARNING - Failed to analyze _20260305_133728_CH01_TMO_5G AUTO_Play Store 30 MB_SEA L3 DUT_.csv (likely no valid throughput data)
2026-03-10 00:51:22,147 - pipeline - WARNING - Failed to analyze _20260305_133728_CH01_TMO_5G AUTO_Play Store 30 MB_SEA L3 DUT_.csv (likely no valid throughput data)
2026-03-10 00:51:22,147 - pipeline - INFO - Processing Play Store file: _20260305_133728_CH02_TMO_5G AUTO_Play Store 30 MB_SEA L3 REF_.csv (Size: 30M, Device: REF, Location: Poor)
2026-03-10 00:51:22,147 - pipeline - INFO - Processing Play Store file: _20260305_133728_CH02_TMO_5G AUTO_Play Store 30 MB_SEA L3 REF_.csv (Size: 30M, Device: REF, Location: Poor)
2026-03-10 00:51:22,151 - pipeline - WARNING - Failed to analyze _20260305_133728_CH02_TMO_5G AUTO_Play Store 30 MB_SEA L3 REF_.csv (likely no valid throughput data)
2026-03-10 00:51:22,151 - pipeline - WARNING - Failed to analyze _20260305_133728_CH02_TMO_5G AUTO_Play Store 30 MB_SEA L3 REF_.csv (likely no valid throughput data)
2026-03-10 00:51:22,151 - pipeline - INFO - Processing Play Store file: _20260305_135026_CH01_TMO_5G AUTO_Play Store 60 MB_SEA L3 DUT_.csv (Size: 60M, Device: DUT, Location: Poor)
2026-03-10 00:51:22,151 - pipeline - INFO - Processing Play Store file: _20260305_135026_CH01_TMO_5G AUTO_Play Store 60 MB_SEA L3 DUT_.csv (Size: 60M, Device: DUT, Location: Poor)
2026-03-10 00:51:22,154 - pipeline - WARNING - Failed to analyze _20260305_135026_CH01_TMO_5G AUTO_Play Store 60 MB_SEA L3 DUT_.csv (likely no valid throughput data)
2026-03-10 00:51:22,154 - pipeline - WARNING - Failed to analyze _20260305_135026_CH01_TMO_5G AUTO_Play Store 60 MB_SEA L3 DUT_.csv (likely no valid throughput data)
2026-03-10 00:51:22,155 - pipeline - INFO - Processing Play Store file: _20260305_135026_CH02_TMO_5G AUTO_Play Store 60 MB_SEA L3 REF_.csv (Size: 60M, Device: REF, Location: Poor)
2026-03-10 00:51:22,155 - pipeline - INFO - Processing Play Store file: _20260305_135026_CH02_TMO_5G AUTO_Play Store 60 MB_SEA L3 REF_.csv (Size: 60M, Device: REF, Location: Poor)
2026-03-10 00:51:22,157 - pipeline - WARNING - Failed to analyze _20260305_135026_CH02_TMO_5G AUTO_Play Store 60 MB_SEA L3 REF_.csv (likely no valid throughput data)
2026-03-10 00:51:22,157 - pipeline - WARNING - Failed to analyze _20260305_135026_CH02_TMO_5G AUTO_Play Store 60 MB_SEA L3 REF_.csv (likely no valid throughput data)
2026-03-10 00:51:22,158 - pipeline - INFO - Processing Play Store file: _20260305_140649_CH01_TMO_5G AUTO_Play Store 100 MB_SEA L3 DUT_.csv (Size: 100M, Device: DUT, Location: Poor)
2026-03-10 00:51:22,158 - pipeline - INFO - Processing Play Store file: _20260305_140649_CH01_TMO_5G AUTO_Play Store 100 MB_SEA L3 DUT_.csv (Size: 100M, Device: DUT, Location: Poor)
2026-03-10 00:51:22,160 - pipeline - WARNING - Failed to analyze _20260305_140649_CH01_TMO_5G AUTO_Play Store 100 MB_SEA L3 DUT_.csv (likely no valid throughput data)
2026-03-10 00:51:22,160 - pipeline - WARNING - Failed to analyze _20260305_140649_CH01_TMO_5G AUTO_Play Store 100 MB_SEA L3 DUT_.csv (likely no valid throughput data)
2026-03-10 00:51:22,161 - pipeline - INFO - Processing Play Store file: _20260305_140649_CH02_TMO_5G AUTO_Play Store 100 MB_SEA L3 REF_.csv (Size: 100M, Device: REF, Location: Poor)
2026-03-10 00:51:22,161 - pipeline - INFO - Processing Play Store file: _20260305_140649_CH02_TMO_5G AUTO_Play Store 100 MB_SEA L3 REF_.csv (Size: 100M, Device: REF, Location: Poor)
2026-03-10 00:51:22,164 - pipeline - WARNING - Failed to analyze _20260305_140649_CH02_TMO_5G AUTO_Play Store 100 MB_SEA L3 REF_.csv (likely no valid throughput data)
2026-03-10 00:51:22,164 - pipeline - WARNING - Failed to analyze _20260305_140649_CH02_TMO_5G AUTO_Play Store 100 MB_SEA L3 REF_.csv (likely no valid throughput data)
2026-03-10 00:51:22,164 - pipeline - INFO - Google Throughput analysis directory processing complete. Results found: False
2026-03-10 00:51:22,164 - pipeline - INFO - Google Throughput analysis directory processing complete. Results found: False
2026-03-10 00:51:22,165 - pipeline - INFO - Analyzing MHS Drive directory: D:/ReportGenerator/Raw Data\#Huaqin\Seattle\Data Performance/5G AUTO DP/Mobility Test/5G Auto Data Test MHS Drive
2026-03-10 00:51:22,165 - pipeline - INFO - Analyzing MHS Drive directory: D:/ReportGenerator/Raw Data\#Huaqin\Seattle\Data Performance/5G AUTO DP/Mobility Test/5G Auto Data Test MHS Drive
2026-03-10 00:51:22,205 - pipeline - INFO - Analyzing MHS Drive directory: D:/ReportGenerator/Raw Data\#Huaqin\Seattle\Data Performance/5G AUTO DP/Mobility Test/5G Auto Data Test Drive
2026-03-10 00:51:22,205 - pipeline - INFO - Analyzing MHS Drive directory: D:/ReportGenerator/Raw Data\#Huaqin\Seattle\Data Performance/5G AUTO DP/Mobility Test/5G Auto Data Test Drive
2026-03-10 00:51:22,243 - pipeline - INFO - Analyzing MHS Drive directory: D:/ReportGenerator/Raw Data\#Huaqin\Seattle\Data Performance/5G NSA DP/Mobility Test
2026-03-10 00:51:22,243 - pipeline - INFO - Analyzing MHS Drive directory: D:/ReportGenerator/Raw Data\#Huaqin\Seattle\Data Performance/5G NSA DP/Mobility Test
2026-03-10 00:51:22,282 - pipeline - INFO - Running post-processing (VqLineChart, Coverage extraction)...
2026-03-10 00:51:22,282 - pipeline - INFO - Running post-processing (VqLineChart, Coverage extraction)...
2026-03-10 00:51:22,303 - pipeline - INFO - Checking for CDF Throughput data to export...
2026-03-10 00:51:22,303 - pipeline - INFO - Checking for CDF Throughput data to export...
2026-03-10 00:51:22,304 - pipeline - INFO - Processing summary exported to D:/ReportGenerator/report-generator-app/public/AnalyzeResults\#Huaqin\Seattle\processing_summary.json
2026-03-10 00:51:22,304 - pipeline - INFO - Processing summary exported to D:/ReportGenerator/report-generator-app/public/AnalyzeResults\#Huaqin\Seattle\processing_summary.json
2026-03-10 00:51:22,305 - pipeline - INFO - Running final data validation...
2026-03-10 00:51:22,305 - pipeline - INFO - Running final data validation...
2026-03-10 00:51:22,326 - pipeline - WARNING - Summary of Empty collections found in JSON files:
2026-03-10 00:51:22,326 - pipeline - WARNING - Summary of Empty collections found in JSON files:
2026-03-10 00:51:22,326 - pipeline - WARNING -   - data_performance_results.json -> Data Performance -> 5G AUTO DP -> HTTP Multi Stream -> DL -> Good -> DUT -> Throughput -> Outliers -> Empty List
2026-03-10 00:51:22,326 - pipeline - WARNING -   - data_performance_results.json -> Data Performance -> 5G AUTO DP -> HTTP Multi Stream -> DL -> Good -> DUT -> Throughput -> Outliers -> Empty List
2026-03-10 00:51:22,326 - pipeline - WARNING -   - data_performance_results.json -> Data Performance -> 5G AUTO DP -> HTTP Multi Stream -> DL -> Good -> REF -> Throughput -> Outliers -> Empty List
2026-03-10 00:51:22,326 - pipeline - WARNING -   - data_performance_results.json -> Data Performance -> 5G AUTO DP -> HTTP Multi Stream -> DL -> Good -> REF -> Throughput -> Outliers -> Empty List
2026-03-10 00:51:22,327 - pipeline - WARNING -   - data_performance_results.json -> Data Performance -> 5G AUTO DP -> HTTP Multi Stream -> DL -> Moderate -> DUT -> Throughput -> Outliers -> Empty List
2026-03-10 00:51:22,327 - pipeline - WARNING -   - data_performance_results.json -> Data Performance -> 5G AUTO DP -> HTTP Multi Stream -> DL -> Moderate -> DUT -> Throughput -> Outliers -> Empty List
2026-03-10 00:51:22,327 - pipeline - WARNING -   - data_performance_results.json -> Data Performance -> 5G AUTO DP -> HTTP Multi Stream -> DL -> Moderate -> REF -> Throughput -> Outliers -> Empty List
2026-03-10 00:51:22,327 - pipeline - WARNING -   - data_performance_results.json -> Data Performance -> 5G AUTO DP -> HTTP Multi Stream -> DL -> Moderate -> REF -> Throughput -> Outliers -> Empty List
2026-03-10 00:51:22,327 - pipeline - WARNING -   - data_performance_results.json -> Data Performance -> 5G AUTO DP -> HTTP Multi Stream -> DL -> Poor -> DUT -> Throughput -> Outliers -> Empty List
2026-03-10 00:51:22,327 - pipeline - WARNING -   - data_performance_results.json -> Data Performance -> 5G AUTO DP -> HTTP Multi Stream -> DL -> Poor -> DUT -> Throughput -> Outliers -> Empty List
2026-03-10 00:51:22,328 - pipeline - WARNING -   - data_performance_results.json -> Data Performance -> 5G AUTO DP -> HTTP Multi Stream -> DL -> Poor -> REF -> Throughput -> Outliers -> Empty List
2026-03-10 00:51:22,328 - pipeline - WARNING -   - data_performance_results.json -> Data Performance -> 5G AUTO DP -> HTTP Multi Stream -> DL -> Poor -> REF -> Throughput -> Outliers -> Empty List
2026-03-10 00:51:22,328 - pipeline - WARNING -   - data_performance_results.json -> Data Performance -> 5G AUTO DP -> HTTP Multi Stream -> UL -> Good -> REF -> Throughput -> Outliers -> Empty List
2026-03-10 00:51:22,328 - pipeline - WARNING -   - data_performance_results.json -> Data Performance -> 5G AUTO DP -> HTTP Multi Stream -> UL -> Good -> REF -> Throughput -> Outliers -> Empty List
2026-03-10 00:51:22,328 - pipeline - WARNING -   - data_performance_results.json -> Data Performance -> 5G AUTO DP -> HTTP Multi Stream -> UL -> Moderate -> DUT -> Throughput -> Outliers -> Empty List
2026-03-10 00:51:22,328 - pipeline - WARNING -   - data_performance_results.json -> Data Performance -> 5G AUTO DP -> HTTP Multi Stream -> UL -> Moderate -> DUT -> Throughput -> Outliers -> Empty List
2026-03-10 00:51:22,328 - pipeline - WARNING -   - data_performance_results.json -> Data Performance -> 5G AUTO DP -> HTTP Single Stream -> DL -> Good -> DUT -> Throughput -> Outliers -> Empty List
2026-03-10 00:51:22,328 - pipeline - WARNING -   - data_performance_results.json -> Data Performance -> 5G AUTO DP -> HTTP Single Stream -> DL -> Good -> DUT -> Throughput -> Outliers -> Empty List
2026-03-10 00:51:22,328 - pipeline - WARNING -   - data_performance_results.json -> Data Performance -> 5G AUTO DP -> HTTP Single Stream -> DL -> Moderate -> DUT -> Throughput -> Outliers -> Empty List
2026-03-10 00:51:22,328 - pipeline - WARNING -   - data_performance_results.json -> Data Performance -> 5G AUTO DP -> HTTP Single Stream -> DL -> Moderate -> DUT -> Throughput -> Outliers -> Empty List
2026-03-10 00:51:22,329 - pipeline - WARNING -   - data_performance_results.json -> Data Performance -> 5G AUTO DP -> HTTP Single Stream -> DL -> Poor -> REF -> Throughput -> Outliers -> Empty List
2026-03-10 00:51:22,329 - pipeline - WARNING -   - data_performance_results.json -> Data Performance -> 5G AUTO DP -> HTTP Single Stream -> DL -> Poor -> REF -> Throughput -> Outliers -> Empty List
2026-03-10 00:51:22,329 - pipeline - WARNING -   - data_performance_results.json -> Data Performance -> 5G AUTO DP -> Mobile Hotspot Test -> HTTP Multi Stream -> DL -> Poor -> DUT -> Throughput -> Outliers -> Empty List
2026-03-10 00:51:22,329 - pipeline - WARNING -   - data_performance_results.json -> Data Performance -> 5G AUTO DP -> Mobile Hotspot Test -> HTTP Multi Stream -> DL -> Poor -> DUT -> Throughput -> Outliers -> Empty List
2026-03-10 00:51:22,329 - pipeline - WARNING -   - data_performance_results.json -> Data Performance -> 5G AUTO DP -> Mobile Hotspot Test -> HTTP Multi Stream -> DL -> Poor -> REF -> Throughput -> Outliers -> Empty List
2026-03-10 00:51:22,329 - pipeline - WARNING -   - data_performance_results.json -> Data Performance -> 5G AUTO DP -> Mobile Hotspot Test -> HTTP Multi Stream -> DL -> Poor -> REF -> Throughput -> Outliers -> Empty List
2026-03-10 00:51:22,329 - pipeline - WARNING -   - data_performance_results.json -> Data Performance -> 5G AUTO DP -> Mobile Hotspot Test -> HTTP Multi Stream -> UL -> Moderate -> REF -> Throughput -> Outliers -> Empty List
2026-03-10 00:51:22,329 - pipeline - WARNING -   - data_performance_results.json -> Data Performance -> 5G AUTO DP -> Mobile Hotspot Test -> HTTP Multi Stream -> UL -> Moderate -> REF -> Throughput -> Outliers -> Empty List
2026-03-10 00:51:22,330 - pipeline - WARNING -   - data_performance_results.json -> Data Performance -> 5G AUTO DP -> Mobile Hotspot Test -> HTTP Single Stream -> DL -> Moderate -> DUT -> Throughput -> Outliers -> Empty List
2026-03-10 00:51:22,330 - pipeline - WARNING -   - data_performance_results.json -> Data Performance -> 5G AUTO DP -> Mobile Hotspot Test -> HTTP Single Stream -> DL -> Moderate -> DUT -> Throughput -> Outliers -> Empty List
2026-03-10 00:51:22,330 - pipeline - WARNING -   - data_performance_results.json -> Data Performance -> 5G AUTO DP -> Mobile Hotspot Test -> HTTP Single Stream -> DL -> Poor -> REF -> Throughput -> Outliers -> Empty List
2026-03-10 00:51:22,330 - pipeline - WARNING -   - data_performance_results.json -> Data Performance -> 5G AUTO DP -> Mobile Hotspot Test -> HTTP Single Stream -> DL -> Poor -> REF -> Throughput -> Outliers -> Empty List
2026-03-10 00:51:22,330 - pipeline - WARNING -   - data_performance_results.json -> Data Performance -> 5G AUTO DP -> Mobile Hotspot Test -> HTTP Single Stream -> UL -> Moderate -> DUT -> Throughput -> Outliers -> Empty List
2026-03-10 00:51:22,330 - pipeline - WARNING -   - data_performance_results.json -> Data Performance -> 5G AUTO DP -> Mobile Hotspot Test -> HTTP Single Stream -> UL -> Moderate -> DUT -> Throughput -> Outliers -> Empty List
2026-03-10 00:51:22,330 - pipeline - WARNING -   - data_performance_results.json -> Data Performance -> 5G AUTO DP -> Mobile Hotspot Test -> HTTP Single Stream -> UL -> Moderate -> REF -> Throughput -> Outliers -> Empty List
2026-03-10 00:51:22,330 - pipeline - WARNING -   - data_performance_results.json -> Data Performance -> 5G AUTO DP -> Mobile Hotspot Test -> HTTP Single Stream -> UL -> Moderate -> REF -> Throughput -> Outliers -> Empty List
2026-03-10 00:51:22,331 - pipeline - WARNING -   - data_performance_results.json -> Data Performance -> 5G AUTO DP -> Mobile Hotspot Test -> Udp Test -> DL -> UDP Download Task at 200 Mbps for 10 seconds -> Moderate -> DUT -> Throughput -> Outliers -> Empty List
2026-03-10 00:51:22,331 - pipeline - WARNING -   - data_performance_results.json -> Data Performance -> 5G AUTO DP -> Mobile Hotspot Test -> Udp Test -> DL -> UDP Download Task at 200 Mbps for 10 seconds -> Moderate -> DUT -> Throughput -> Outliers -> Empty List
2026-03-10 00:51:22,331 - pipeline - WARNING -   - data_performance_results.json -> Data Performance -> 5G AUTO DP -> Mobile Hotspot Test -> Udp Test -> DL -> UDP Download Task at 200 Mbps for 10 seconds -> Moderate -> REF -> Throughput -> Outliers -> Empty List
2026-03-10 00:51:22,331 - pipeline - WARNING -   - data_performance_results.json -> Data Performance -> 5G AUTO DP -> Mobile Hotspot Test -> Udp Test -> DL -> UDP Download Task at 200 Mbps for 10 seconds -> Moderate -> REF -> Throughput -> Outliers -> Empty List
2026-03-10 00:51:22,331 - pipeline - WARNING -   - data_performance_results.json -> Data Performance -> 5G AUTO DP -> Mobile Hotspot Test -> Udp Test -> DL -> UDP Download Task at 200 Mbps for 10 seconds -> Poor -> DUT -> Throughput -> Outliers -> Empty List
2026-03-10 00:51:22,331 - pipeline - WARNING -   - data_performance_results.json -> Data Performance -> 5G AUTO DP -> Mobile Hotspot Test -> Udp Test -> DL -> UDP Download Task at 200 Mbps for 10 seconds -> Poor -> DUT -> Throughput -> Outliers -> Empty List
2026-03-10 00:51:22,332 - pipeline - WARNING -   - data_performance_results.json -> Data Performance -> 5G AUTO DP -> Mobile Hotspot Test -> Udp Test -> DL -> UDP Download Task at 200 Mbps for 10 seconds -> Poor -> REF -> Throughput -> Outliers -> Empty List
2026-03-10 00:51:22,332 - pipeline - WARNING -   - data_performance_results.json -> Data Performance -> 5G AUTO DP -> Mobile Hotspot Test -> Udp Test -> DL -> UDP Download Task at 200 Mbps for 10 seconds -> Poor -> REF -> Throughput -> Outliers -> Empty List
2026-03-10 00:51:22,332 - pipeline - WARNING -   - data_performance_results.json -> Data Performance -> 5G AUTO DP -> Mobile Hotspot Test -> Udp Test -> DL -> UDP Download Task at 400 Mbps for 10 seconds -> Moderate -> DUT -> Throughput -> Outliers -> Empty List
2026-03-10 00:51:22,332 - pipeline - WARNING -   - data_performance_results.json -> Data Performance -> 5G AUTO DP -> Mobile Hotspot Test -> Udp Test -> DL -> UDP Download Task at 400 Mbps for 10 seconds -> Moderate -> DUT -> Throughput -> Outliers -> Empty List
2026-03-10 00:51:22,332 - pipeline - WARNING -   - data_performance_results.json -> Data Performance -> 5G AUTO DP -> Mobile Hotspot Test -> Udp Test -> DL -> UDP Download Task at 400 Mbps for 10 seconds -> Poor -> REF -> Throughput -> Outliers -> Empty List
2026-03-10 00:51:22,332 - pipeline - WARNING -   - data_performance_results.json -> Data Performance -> 5G AUTO DP -> Mobile Hotspot Test -> Udp Test -> DL -> UDP Download Task at 400 Mbps for 10 seconds -> Poor -> REF -> Throughput -> Outliers -> Empty List
2026-03-10 00:51:22,333 - pipeline - WARNING -   - data_performance_results.json -> Data Performance -> 5G AUTO DP -> Mobile Hotspot Test -> Udp Test -> UL -> UDP Upload Task at 10 Mbps for 10 seconds -> Poor -> REF -> Throughput -> Outliers -> Empty List
2026-03-10 00:51:22,333 - pipeline - WARNING -   - data_performance_results.json -> Data Performance -> 5G AUTO DP -> Mobile Hotspot Test -> Udp Test -> UL -> UDP Upload Task at 10 Mbps for 10 seconds -> Poor -> REF -> Throughput -> Outliers -> Empty List
2026-03-10 00:51:22,333 - pipeline - WARNING -   - data_performance_results.json -> Data Performance -> 5G AUTO DP -> Mobile Hotspot Test -> Udp Test -> UL -> UDP Upload Task at 20 Mbps for 10 seconds -> Poor -> DUT -> Throughput -> Outliers -> Empty List
2026-03-10 00:51:22,333 - pipeline - WARNING -   - data_performance_results.json -> Data Performance -> 5G AUTO DP -> Mobile Hotspot Test -> Udp Test -> UL -> UDP Upload Task at 20 Mbps for 10 seconds -> Poor -> DUT -> Throughput -> Outliers -> Empty List
2026-03-10 00:51:22,333 - pipeline - WARNING -   - data_performance_results.json -> Data Performance -> 5G AUTO DP -> Ping -> Good -> REF -> Ping RTT -> Outliers -> Empty List
2026-03-10 00:51:22,333 - pipeline - WARNING -   - data_performance_results.json -> Data Performance -> 5G AUTO DP -> Ping -> Good -> REF -> Ping RTT -> Outliers -> Empty List
2026-03-10 00:51:22,333 - pipeline - WARNING -   - data_performance_results.json -> Data Performance -> 5G AUTO DP -> Udp Test -> DL -> UDP Download Task at 200 Mbps for 10 seconds -> Good -> DUT -> Throughput -> Outliers -> Empty List
2026-03-10 00:51:22,333 - pipeline - WARNING -   - data_performance_results.json -> Data Performance -> 5G AUTO DP -> Udp Test -> DL -> UDP Download Task at 200 Mbps for 10 seconds -> Good -> DUT -> Throughput -> Outliers -> Empty List
2026-03-10 00:51:22,333 - pipeline - WARNING -   - data_performance_results.json -> Data Performance -> 5G AUTO DP -> Udp Test -> DL -> UDP Download Task at 200 Mbps for 10 seconds -> Good -> REF -> Throughput -> Outliers -> Empty List
2026-03-10 00:51:22,333 - pipeline - WARNING -   - data_performance_results.json -> Data Performance -> 5G AUTO DP -> Udp Test -> DL -> UDP Download Task at 200 Mbps for 10 seconds -> Good -> REF -> Throughput -> Outliers -> Empty List
2026-03-10 00:51:22,334 - pipeline - WARNING -   - data_performance_results.json -> Data Performance -> 5G AUTO DP -> Udp Test -> DL -> UDP Download Task at 200 Mbps for 10 seconds -> Poor -> DUT -> Throughput -> Outliers -> Empty List
2026-03-10 00:51:22,334 - pipeline - WARNING -   - data_performance_results.json -> Data Performance -> 5G AUTO DP -> Udp Test -> DL -> UDP Download Task at 200 Mbps for 10 seconds -> Poor -> DUT -> Throughput -> Outliers -> Empty List
2026-03-10 00:51:22,334 - pipeline - WARNING -   - data_performance_results.json -> Data Performance -> 5G AUTO DP -> Udp Test -> DL -> UDP Download Task at 200 Mbps for 10 seconds -> Poor -> REF -> Throughput -> Outliers -> Empty List
2026-03-10 00:51:22,334 - pipeline - WARNING -   - data_performance_results.json -> Data Performance -> 5G AUTO DP -> Udp Test -> DL -> UDP Download Task at 200 Mbps for 10 seconds -> Poor -> REF -> Throughput -> Outliers -> Empty List
2026-03-10 00:51:22,334 - pipeline - WARNING -   - data_performance_results.json -> Data Performance -> 5G AUTO DP -> Udp Test -> DL -> UDP Download Task at 400 Mbps for 10 seconds -> Good -> DUT -> Throughput -> Outliers -> Empty List
2026-03-10 00:51:22,334 - pipeline - WARNING -   - data_performance_results.json -> Data Performance -> 5G AUTO DP -> Udp Test -> DL -> UDP Download Task at 400 Mbps for 10 seconds -> Good -> DUT -> Throughput -> Outliers -> Empty List
2026-03-10 00:51:22,334 - pipeline - WARNING -   - data_performance_results.json -> Data Performance -> 5G AUTO DP -> Udp Test -> DL -> UDP Download Task at 400 Mbps for 10 seconds -> Good -> REF -> Throughput -> Outliers -> Empty List
2026-03-10 00:51:22,334 - pipeline - WARNING -   - data_performance_results.json -> Data Performance -> 5G AUTO DP -> Udp Test -> DL -> UDP Download Task at 400 Mbps for 10 seconds -> Good -> REF -> Throughput -> Outliers -> Empty List
2026-03-10 00:51:22,335 - pipeline - WARNING -   - data_performance_results.json -> Data Performance -> 5G AUTO DP -> Udp Test -> DL -> UDP Download Task at 400 Mbps for 10 seconds -> Moderate -> REF -> Throughput -> Outliers -> Empty List
2026-03-10 00:51:22,335 - pipeline - WARNING -   - data_performance_results.json -> Data Performance -> 5G AUTO DP -> Udp Test -> DL -> UDP Download Task at 400 Mbps for 10 seconds -> Moderate -> REF -> Throughput -> Outliers -> Empty List
2026-03-10 00:51:22,335 - pipeline - WARNING -   - data_performance_results.json -> Data Performance -> 5G AUTO DP -> Udp Test -> DL -> UDP Download Task at 400 Mbps for 10 seconds -> Poor -> DUT -> Throughput -> Outliers -> Empty List
2026-03-10 00:51:22,335 - pipeline - WARNING -   - data_performance_results.json -> Data Performance -> 5G AUTO DP -> Udp Test -> DL -> UDP Download Task at 400 Mbps for 10 seconds -> Poor -> DUT -> Throughput -> Outliers -> Empty List
2026-03-10 00:51:22,335 - pipeline - WARNING -   - data_performance_results.json -> Data Performance -> 5G AUTO DP -> Udp Test -> DL -> UDP Download Task at 400 Mbps for 10 seconds -> Poor -> REF -> Throughput -> Outliers -> Empty List
2026-03-10 00:51:22,335 - pipeline - WARNING -   - data_performance_results.json -> Data Performance -> 5G AUTO DP -> Udp Test -> DL -> UDP Download Task at 400 Mbps for 10 seconds -> Poor -> REF -> Throughput -> Outliers -> Empty List
2026-03-10 00:51:22,335 - pipeline - WARNING -   - data_performance_results.json -> Data Performance -> 5G NSA DP -> HTTP Multi Stream -> DL -> Moderate -> DUT -> Throughput -> Outliers -> Empty List
2026-03-10 00:51:22,335 - pipeline - WARNING -   - data_performance_results.json -> Data Performance -> 5G NSA DP -> HTTP Multi Stream -> DL -> Moderate -> DUT -> Throughput -> Outliers -> Empty List
2026-03-10 00:51:22,335 - pipeline - WARNING -   - data_performance_results.json -> Data Performance -> 5G NSA DP -> HTTP Multi Stream -> DL -> Moderate -> REF -> Throughput -> Outliers -> Empty List
2026-03-10 00:51:22,335 - pipeline - WARNING -   - data_performance_results.json -> Data Performance -> 5G NSA DP -> HTTP Multi Stream -> DL -> Moderate -> REF -> Throughput -> Outliers -> Empty List
2026-03-10 00:51:22,336 - pipeline - WARNING -   - data_performance_results.json -> Data Performance -> 5G NSA DP -> HTTP Multi Stream -> DL -> Poor -> DUT -> Throughput -> Outliers -> Empty List
2026-03-10 00:51:22,336 - pipeline - WARNING -   - data_performance_results.json -> Data Performance -> 5G NSA DP -> HTTP Multi Stream -> DL -> Poor -> DUT -> Throughput -> Outliers -> Empty List
2026-03-10 00:51:22,336 - pipeline - WARNING -   - data_performance_results.json -> Data Performance -> 5G NSA DP -> HTTP Multi Stream -> DL -> Poor -> REF -> Throughput -> Outliers -> Empty List
2026-03-10 00:51:22,336 - pipeline - WARNING -   - data_performance_results.json -> Data Performance -> 5G NSA DP -> HTTP Multi Stream -> DL -> Poor -> REF -> Throughput -> Outliers -> Empty List
2026-03-10 00:51:22,336 - pipeline - WARNING -   - data_performance_results.json -> Data Performance -> 5G NSA DP -> HTTP Multi Stream -> UL -> Moderate -> DUT -> Throughput -> Outliers -> Empty List
2026-03-10 00:51:22,336 - pipeline - WARNING -   - data_performance_results.json -> Data Performance -> 5G NSA DP -> HTTP Multi Stream -> UL -> Moderate -> DUT -> Throughput -> Outliers -> Empty List
2026-03-10 00:51:22,336 - pipeline - WARNING -   - data_performance_results.json -> Data Performance -> 5G NSA DP -> HTTP Multi Stream -> UL -> Moderate -> REF -> Throughput -> Outliers -> Empty List
2026-03-10 00:51:22,336 - pipeline - WARNING -   - data_performance_results.json -> Data Performance -> 5G NSA DP -> HTTP Multi Stream -> UL -> Moderate -> REF -> Throughput -> Outliers -> Empty List
2026-03-10 00:51:22,337 - pipeline - WARNING -   - data_performance_results.json -> Data Performance -> 5G NSA DP -> HTTP Multi Stream -> UL -> Poor -> REF -> Throughput -> Outliers -> Empty List
2026-03-10 00:51:22,337 - pipeline - WARNING -   - data_performance_results.json -> Data Performance -> 5G NSA DP -> HTTP Multi Stream -> UL -> Poor -> REF -> Throughput -> Outliers -> Empty List
2026-03-10 00:51:22,337 - pipeline - WARNING -   - data_performance_results.json -> Data Performance -> 5G NSA DP -> HTTP Single Stream -> DL -> Moderate -> DUT -> Throughput -> Outliers -> Empty List
2026-03-10 00:51:22,337 - pipeline - WARNING -   - data_performance_results.json -> Data Performance -> 5G NSA DP -> HTTP Single Stream -> DL -> Moderate -> DUT -> Throughput -> Outliers -> Empty List
2026-03-10 00:51:22,337 - pipeline - WARNING -   - data_performance_results.json -> Data Performance -> 5G NSA DP -> HTTP Single Stream -> DL -> Moderate -> REF -> Throughput -> Outliers -> Empty List
2026-03-10 00:51:22,337 - pipeline - WARNING -   - data_performance_results.json -> Data Performance -> 5G NSA DP -> HTTP Single Stream -> DL -> Moderate -> REF -> Throughput -> Outliers -> Empty List
2026-03-10 00:51:22,337 - pipeline - WARNING -   - data_performance_results.json -> Data Performance -> 5G NSA DP -> HTTP Single Stream -> DL -> Poor -> REF -> Throughput -> Outliers -> Empty List
2026-03-10 00:51:22,337 - pipeline - WARNING -   - data_performance_results.json -> Data Performance -> 5G NSA DP -> HTTP Single Stream -> DL -> Poor -> REF -> Throughput -> Outliers -> Empty List
2026-03-10 00:51:22,338 - pipeline - WARNING -   - data_performance_results.json -> Data Performance -> 5G NSA DP -> Udp Test -> DL -> UDP Download Task at 200 Mbps for 10 seconds -> Moderate -> REF -> Throughput -> Outliers -> Empty List
2026-03-10 00:51:22,338 - pipeline - WARNING -   - data_performance_results.json -> Data Performance -> 5G NSA DP -> Udp Test -> DL -> UDP Download Task at 200 Mbps for 10 seconds -> Moderate -> REF -> Throughput -> Outliers -> Empty List
2026-03-10 00:51:22,338 - pipeline - WARNING -   - data_performance_results.json -> Data Performance -> 5G NSA DP -> Udp Test -> DL -> UDP Download Task at 400 Mbps for 10 seconds -> Moderate -> REF -> Throughput -> Outliers -> Empty List
2026-03-10 00:51:22,338 - pipeline - WARNING -   - data_performance_results.json -> Data Performance -> 5G NSA DP -> Udp Test -> DL -> UDP Download Task at 400 Mbps for 10 seconds -> Moderate -> REF -> Throughput -> Outliers -> Empty List
2026-03-10 00:51:22,338 - pipeline - WARNING -   - data_performance_results.json -> Data Performance -> 5G NSA DP -> Udp Test -> DL -> UDP Download Task at 400 Mbps for 10 seconds -> Poor -> DUT -> Throughput -> Outliers -> Empty List
2026-03-10 00:51:22,338 - pipeline - WARNING -   - data_performance_results.json -> Data Performance -> 5G NSA DP -> Udp Test -> DL -> UDP Download Task at 400 Mbps for 10 seconds -> Poor -> DUT -> Throughput -> Outliers -> Empty List
2026-03-10 00:51:22,338 - pipeline - WARNING -   - data_performance_results.json -> Data Performance -> 5G NSA DP -> Udp Test -> DL -> UDP Download Task at 400 Mbps for 10 seconds -> Poor -> REF -> Throughput -> Outliers -> Empty List
2026-03-10 00:51:22,338 - pipeline - WARNING -   - data_performance_results.json -> Data Performance -> 5G NSA DP -> Udp Test -> DL -> UDP Download Task at 400 Mbps for 10 seconds -> Poor -> REF -> Throughput -> Outliers -> Empty List
2026-03-10 00:51:22,339 - pipeline - WARNING -   - data_performance_results.json -> Data Performance -> 5G NSA DP -> Udp Test -> UL -> 5G NSA_UDP Upload Task at 10 Mbps for 10 seconds -> Poor -> DUT -> Throughput -> Outliers -> Empty List
2026-03-10 00:51:22,339 - pipeline - WARNING -   - data_performance_results.json -> Data Performance -> 5G NSA DP -> Udp Test -> UL -> 5G NSA_UDP Upload Task at 10 Mbps for 10 seconds -> Poor -> DUT -> Throughput -> Outliers -> Empty List
2026-03-10 00:51:22,339 - pipeline - WARNING -   - data_performance_results.json -> Data Performance -> 5G NSA DP -> Udp Test -> UL -> 5G NSA_UDP Upload Task at 10 Mbps for 10 seconds -> Poor -> REF -> Throughput -> Outliers -> Empty List
2026-03-10 00:51:22,339 - pipeline - WARNING -   - data_performance_results.json -> Data Performance -> 5G NSA DP -> Udp Test -> UL -> 5G NSA_UDP Upload Task at 10 Mbps for 10 seconds -> Poor -> REF -> Throughput -> Outliers -> Empty List
2026-03-10 00:51:22,339 - pipeline - WARNING -   - data_performance_results.json -> Data Performance -> 5G NSA DP -> Udp Test -> UL -> 5G NSA_UDP Upload Task at 20 Mbps for 10 seconds -> Moderate -> REF -> Throughput -> Outliers -> Empty List
2026-03-10 00:51:22,339 - pipeline - WARNING -   - data_performance_results.json -> Data Performance -> 5G NSA DP -> Udp Test -> UL -> 5G NSA_UDP Upload Task at 20 Mbps for 10 seconds -> Moderate -> REF -> Throughput -> Outliers -> Empty List
2026-03-10 00:51:22,339 - pipeline - WARNING -   - data_performance_results.json -> Data Performance -> 5G NSA DP -> Udp Test -> UL -> 5G NSA_UDP Upload Task at 20 Mbps for 10 seconds -> Poor -> DUT -> Throughput -> Outliers -> Empty List
2026-03-10 00:51:22,339 - pipeline - WARNING -   - data_performance_results.json -> Data Performance -> 5G NSA DP -> Udp Test -> UL -> 5G NSA_UDP Upload Task at 20 Mbps for 10 seconds -> Poor -> DUT -> Throughput -> Outliers -> Empty List
2026-03-10 00:51:22,340 - pipeline - INFO - Pipeline execution completed. Results in: D:/ReportGenerator/report-generator-app/public/AnalyzeResults\#Huaqin\Seattle
2026-03-10 00:51:22,340 - pipeline - INFO - Pipeline execution completed. Results in: D:/ReportGenerator/report-generator-app/public/AnalyzeResults\#Huaqin\Seattle
2026-03-10 00:57:57,144 - pipeline - INFO - Project: #Huaqin
2026-03-10 00:57:57,144 - pipeline - INFO - Market: New York
2026-03-10 00:57:57,144 - pipeline - INFO - Reading from: D:/ReportGenerator/Raw Data\#Huaqin\New York
2026-03-10 00:57:57,144 - pipeline - INFO - Writing to: D:/ReportGenerator/report-generator-app/public/AnalyzeResults\#Huaqin\New York
2026-03-10 00:57:57,144 - pipeline - INFO - Starting analysis pipeline...
2026-03-10 00:57:57,149 - pipeline - INFO - Grouping 124 CSV files by directory and device type...
2026-03-10 00:57:57,150 - pipeline - INFO - Created 102 file groups for analysis
2026-03-10 00:57:57,151 - pipeline - INFO - Analyzing 1 file(s) for DUT in 5G Auto Data Web-Kepler
2026-03-10 00:57:57,185 - pipeline - INFO - Analyzing 1 file(s) for REF in 5G Auto Data Web-Kepler
2026-03-10 00:57:57,219 - pipeline - INFO - Analyzing 1 file(s) for DUT in Good
2026-03-10 00:57:57,264 - pipeline - INFO - Analyzing 1 file(s) for REF in Good
2026-03-10 00:57:57,309 - pipeline - INFO - Analyzing 1 file(s) for DUT in Moderate
2026-03-10 00:57:57,353 - pipeline - INFO - Analyzing 1 file(s) for REF in Moderate
2026-03-10 00:57:57,395 - pipeline - INFO - Analyzing 1 file(s) for DUT in Poor
2026-03-10 00:57:57,439 - pipeline - INFO - Analyzing 1 file(s) for REF in Poor
2026-03-10 00:57:57,484 - pipeline - INFO - Analyzing 1 file(s) for DUT in Good
2026-03-10 00:57:57,524 - pipeline - INFO - Analyzing 1 file(s) for REF in Good
2026-03-10 00:57:57,565 - pipeline - INFO - Analyzing 1 file(s) for DUT in Moderate
2026-03-10 00:57:57,607 - pipeline - INFO - Analyzing 1 file(s) for REF in Moderate
2026-03-10 00:57:57,647 - pipeline - INFO - Analyzing 1 file(s) for DUT in Poor
2026-03-10 00:57:57,687 - pipeline - INFO - Analyzing 1 file(s) for REF in Poor
2026-03-10 00:57:57,726 - pipeline - INFO - Analyzing 2 file(s) for DUT in Good
2026-03-10 00:57:57,801 - pipeline - INFO - Analyzing 2 file(s) for REF in Good
2026-03-10 00:57:57,883 - pipeline - INFO - Analyzing 1 file(s) for DUT in Moderate
2026-03-10 00:57:57,943 - pipeline - INFO - Analyzing 1 file(s) for REF in Moderate
2026-03-10 00:57:58,001 - pipeline - INFO - Analyzing 1 file(s) for DUT in Poor
2026-03-10 00:57:58,058 - pipeline - INFO - Analyzing 1 file(s) for REF in Poor
2026-03-10 00:57:58,119 - pipeline - INFO - Analyzing 1 file(s) for DUT in Good
2026-03-10 00:57:58,147 - pipeline - INFO - Analyzing 1 file(s) for REF in Good
2026-03-10 00:57:58,178 - pipeline - INFO - Analyzing 1 file(s) for DUT in Moderate
2026-03-10 00:57:58,207 - pipeline - INFO - Analyzing 1 file(s) for REF in Moderate
2026-03-10 00:57:58,237 - pipeline - INFO - Analyzing 1 file(s) for DUT in Poor
2026-03-10 00:57:58,268 - pipeline - INFO - Analyzing 1 file(s) for REF in Poor
2026-03-10 00:57:58,299 - pipeline - INFO - Analyzing 3 file(s) for DUT in 5G Auto Data Test Drive
2026-03-10 00:57:58,605 - pipeline - INFO - Analyzing 3 file(s) for REF in 5G Auto Data Test Drive
2026-03-10 00:57:58,912 - pipeline - INFO - Analyzing 1 file(s) for DUT in Good
2026-03-10 00:57:58,965 - pipeline - INFO - Analyzing 1 file(s) for REF in Good
2026-03-10 00:57:59,017 - pipeline - INFO - Analyzing 1 file(s) for DUT in Moderate
2026-03-10 00:57:59,069 - pipeline - INFO - Analyzing 1 file(s) for REF in Moderate
2026-03-10 00:57:59,123 - pipeline - INFO - Analyzing 1 file(s) for DUT in Poor
2026-03-10 00:57:59,176 - pipeline - INFO - Analyzing 1 file(s) for REF in Poor
2026-03-10 00:57:59,234 - pipeline - INFO - Analyzing 1 file(s) for DUT in Good
2026-03-10 00:57:59,287 - pipeline - INFO - Analyzing 1 file(s) for REF in Good
2026-03-10 00:57:59,343 - pipeline - INFO - Analyzing 1 file(s) for DUT in Moderate
2026-03-10 00:57:59,400 - pipeline - INFO - Analyzing 1 file(s) for REF in Moderate
2026-03-10 00:57:59,454 - pipeline - INFO - Analyzing 1 file(s) for DUT in Poor
2026-03-10 00:57:59,510 - pipeline - INFO - Analyzing 1 file(s) for REF in Poor
2026-03-10 00:57:59,567 - pipeline - INFO - Analyzing 1 file(s) for DUT in Good
2026-03-10 00:57:59,623 - pipeline - INFO - Analyzing 1 file(s) for REF in Good
2026-03-10 00:57:59,676 - pipeline - INFO - Analyzing 1 file(s) for DUT in Moderate
2026-03-10 00:57:59,733 - pipeline - INFO - Analyzing 1 file(s) for REF in Moderate
2026-03-10 00:57:59,787 - pipeline - INFO - Analyzing 1 file(s) for DUT in Poor
2026-03-10 00:57:59,844 - pipeline - INFO - Analyzing 1 file(s) for REF in Poor
2026-03-10 00:57:59,902 - pipeline - INFO - Analyzing 1 file(s) for DUT in Good
2026-03-10 00:57:59,952 - pipeline - INFO - Analyzing 1 file(s) for REF in Good
2026-03-10 00:58:00,003 - pipeline - INFO - Analyzing 1 file(s) for DUT in Moderate
2026-03-10 00:58:00,059 - pipeline - INFO - Analyzing 1 file(s) for REF in Moderate
2026-03-10 00:58:00,109 - pipeline - INFO - Analyzing 1 file(s) for DUT in Poor
2026-03-10 00:58:00,159 - pipeline - INFO - Analyzing 1 file(s) for REF in Poor
2026-03-10 00:58:00,214 - pipeline - INFO - Analyzing 1 file(s) for DUT in Good
2026-03-10 00:58:00,263 - pipeline - INFO - Analyzing 1 file(s) for REF in Good
2026-03-10 00:58:00,315 - pipeline - INFO - Analyzing 1 file(s) for DUT in Moderate
2026-03-10 00:58:00,365 - pipeline - INFO - Analyzing 1 file(s) for REF in Moderate
2026-03-10 00:58:00,418 - pipeline - INFO - Analyzing 1 file(s) for DUT in Poor
2026-03-10 00:58:00,467 - pipeline - INFO - Analyzing 1 file(s) for REF in Poor
2026-03-10 00:58:00,518 - pipeline - INFO - Analyzing 1 file(s) for DUT in Moderate
2026-03-10 00:58:00,561 - pipeline - INFO - Analyzing 1 file(s) for REF in Moderate
2026-03-10 00:58:00,605 - pipeline - INFO - Analyzing 1 file(s) for DUT in Poor
2026-03-10 00:58:00,653 - pipeline - INFO - Analyzing 1 file(s) for REF in Poor
2026-03-10 00:58:00,699 - pipeline - INFO - Analyzing 1 file(s) for DUT in Moderate
2026-03-10 00:58:00,737 - pipeline - INFO - Analyzing 1 file(s) for REF in Moderate
2026-03-10 00:58:00,776 - pipeline - INFO - Analyzing 1 file(s) for DUT in Poor
2026-03-10 00:58:00,845 - pipeline - INFO - Analyzing 1 file(s) for REF in Poor
2026-03-10 00:58:00,884 - pipeline - INFO - Analyzing 1 file(s) for DUT in Moderate
2026-03-10 00:58:00,946 - pipeline - INFO - Analyzing 1 file(s) for REF in Moderate
2026-03-10 00:58:01,005 - pipeline - INFO - Analyzing 1 file(s) for DUT in Poor
2026-03-10 00:58:01,066 - pipeline - INFO - Analyzing 1 file(s) for REF in Poor
2026-03-10 00:58:01,124 - pipeline - INFO - Analyzing 1 file(s) for DUT in Moderate
2026-03-10 00:58:01,153 - pipeline - INFO - Analyzing 1 file(s) for REF in Moderate
2026-03-10 00:58:01,182 - pipeline - INFO - Analyzing 1 file(s) for DUT in Poor
2026-03-10 00:58:01,214 - pipeline - INFO - Analyzing 1 file(s) for REF in Poor
2026-03-10 00:58:01,247 - pipeline - INFO - Analyzing 3 file(s) for DUT in Mobility Test
2026-03-10 00:58:01,555 - pipeline - INFO - Analyzing 3 file(s) for REF in Mobility Test
2026-03-10 00:58:01,856 - pipeline - INFO - Analyzing 1 file(s) for DUT in Moderate
2026-03-10 00:58:01,910 - pipeline - INFO - Analyzing 1 file(s) for REF in Moderate
2026-03-10 00:58:01,960 - pipeline - INFO - Analyzing 1 file(s) for DUT in Poor
2026-03-10 00:58:02,010 - pipeline - INFO - Analyzing 1 file(s) for REF in Poor
2026-03-10 00:58:02,063 - pipeline - INFO - Analyzing 1 file(s) for DUT in Moderate
2026-03-10 00:58:02,118 - pipeline - INFO - Analyzing 1 file(s) for REF in Moderate
2026-03-10 00:58:02,177 - pipeline - INFO - Analyzing 1 file(s) for DUT in Poor
2026-03-10 00:58:02,235 - pipeline - INFO - Analyzing 1 file(s) for REF in Poor
2026-03-10 00:58:02,291 - pipeline - INFO - Analyzing 1 file(s) for DUT in Moderate
2026-03-10 00:58:02,347 - pipeline - INFO - Analyzing 1 file(s) for REF in Moderate
2026-03-10 00:58:02,403 - pipeline - INFO - Analyzing 1 file(s) for DUT in Poor
2026-03-10 00:58:02,459 - pipeline - INFO - Analyzing 1 file(s) for REF in Poor
2026-03-10 00:58:02,520 - pipeline - INFO - Analyzing 1 file(s) for DUT in Moderate
2026-03-10 00:58:02,575 - pipeline - INFO - Analyzing 1 file(s) for REF in Moderate
2026-03-10 00:58:02,631 - pipeline - INFO - Analyzing 1 file(s) for DUT in Poor
2026-03-10 00:58:02,683 - pipeline - INFO - Analyzing 1 file(s) for REF in Poor
2026-03-10 00:58:02,736 - pipeline - INFO - Analyzing 1 file(s) for DUT in Moderate
2026-03-10 00:58:02,788 - pipeline - INFO - Analyzing 1 file(s) for REF in Moderate
2026-03-10 00:58:02,838 - pipeline - INFO - Analyzing 1 file(s) for DUT in Poor
2026-03-10 00:58:02,889 - pipeline - INFO - Analyzing 1 file(s) for REF in Poor
2026-03-10 00:58:02,937 - pipeline - INFO - Processing directory-level analyses...
2026-03-10 00:58:02,938 - pipeline - INFO - Analyzing Coverage directory: D:/ReportGenerator/Raw Data\#Huaqin\New York\Coverage Performance (Type: coverage_coordinate)
2026-03-10 00:58:02,938 - pipeline - INFO - Analyzing Coverage directory: D:/ReportGenerator/Raw Data\#Huaqin\New York\Coverage Performance/5G n41 HPUE Coverage Test (Type: n41_coverage)
2026-03-10 00:58:03,048 - pipeline - INFO - Analyzing Coverage directory: D:/ReportGenerator/Raw Data\#Huaqin\New York\Coverage Performance/5G VoNR Coverage Test (Type: vonr_coverage_performance)
2026-03-10 00:58:03,820 - pipeline - INFO - Running timeline analysis for: Coverage Performance/5G VoNR Coverage Test
2026-03-10 00:58:03,820 - pipeline - INFO - Analyzing Coverage directory: D:/ReportGenerator/Raw Data\#Huaqin\New York\Coverage Performance/5G VoNR Coverage Test (Type: coverage_timeline)
2026-03-10 00:58:03,821 - pipeline - INFO - Analyzing Coverage Timeline for: D:/ReportGenerator/Raw Data\#Huaqin\New York\Coverage Performance/5G VoNR Coverage Test
2026-03-10 00:58:03,821 - pipeline - INFO - Processing rsrp timeline...
2026-03-10 00:58:04,138 - pipeline - INFO - Processing sinr timeline...
2026-03-10 00:58:04,464 - pipeline - INFO - Processing txpower timeline...
2026-03-10 00:58:04,785 - pipeline - INFO - Analyzing Coverage directory: D:/ReportGenerator/Raw Data\#Huaqin\New York\Coverage Performance/LTE Coverage Test (Type: vonr_coverage_performance)
2026-03-10 00:58:05,329 - pipeline - INFO - Running timeline analysis for: Coverage Performance/LTE Coverage Test
2026-03-10 00:58:05,330 - pipeline - INFO - Analyzing Coverage directory: D:/ReportGenerator/Raw Data\#Huaqin\New York\Coverage Performance/LTE Coverage Test (Type: coverage_timeline)
2026-03-10 00:58:05,330 - pipeline - INFO - Analyzing Coverage Timeline for: D:/ReportGenerator/Raw Data\#Huaqin\New York\Coverage Performance/LTE Coverage Test
2026-03-10 00:58:05,330 - pipeline - INFO - Processing rsrp timeline...
2026-03-10 00:58:05,512 - pipeline - INFO - Processing sinr timeline...
2026-03-10 00:58:05,704 - pipeline - INFO - Processing txpower timeline...
2026-03-10 00:58:05,881 - pipeline - INFO - Analyzing Google Throughput directory: D:/ReportGenerator/Raw Data\#Huaqin\New York\Data Performance/5G AUTO DP/5G Auto Data Play-store app Download
2026-03-10 00:58:05,882 - pipeline - INFO - Processing Play Store file: _20260228_180205_CH01_NJNYC TMO_5G AUTO_Playstore 30M DL_NJNY DUT L1_.csv (Size: 30M, Device: DUT, Location: Good)
2026-03-10 00:58:05,902 - pipeline - INFO - Successfully analyzed _20260228_180205_CH01_NJNYC TMO_5G AUTO_Playstore 30M DL_NJNY DUT L1_.csv: 124.70009965728717
2026-03-10 00:58:05,902 - pipeline - INFO - Processing Play Store file: _20260228_180205_CH02_NJNYC TMO_5G AUTO_Playstore 30M DL_NJNY REF L1_.csv (Size: 30M, Device: REF, Location: Good)
2026-03-10 00:58:05,923 - pipeline - INFO - Successfully analyzed _20260228_180205_CH02_NJNYC TMO_5G AUTO_Playstore 30M DL_NJNY REF L1_.csv: 148.8741798941799
2026-03-10 00:58:05,923 - pipeline - INFO - Processing Play Store file: _20260228_181017_CH01_NJNYC TMO_5G AUTO_Playstore 60M DL_NJNY DUT L1_.csv (Size: 60M, Device: DUT, Location: Good)
2026-03-10 00:58:05,945 - pipeline - INFO - Successfully analyzed _20260228_181017_CH01_NJNYC TMO_5G AUTO_Playstore 60M DL_NJNY DUT L1_.csv: 64.5587914862915
2026-03-10 00:58:05,945 - pipeline - INFO - Processing Play Store file: _20260228_181017_CH02_NJNYC TMO_5G AUTO_Playstore 60M DL_NJNY REF L1_.csv (Size: 60M, Device: REF, Location: Good)
2026-03-10 00:58:05,964 - pipeline - INFO - Successfully analyzed _20260228_181017_CH02_NJNYC TMO_5G AUTO_Playstore 60M DL_NJNY REF L1_.csv: 56.23625236742424
2026-03-10 00:58:05,964 - pipeline - INFO - Processing Play Store file: _20260228_181759_CH01_NJNYC TMO_5G AUTO_Playstore 100M DL_NJNY DUT L1_.csv (Size: 100M, Device: DUT, Location: Good)
2026-03-10 00:58:05,984 - pipeline - INFO - Successfully analyzed _20260228_181759_CH01_NJNYC TMO_5G AUTO_Playstore 100M DL_NJNY DUT L1_.csv: 134.26315737681122
2026-03-10 00:58:05,984 - pipeline - INFO - Processing Play Store file: _20260228_181759_CH02_NJNYC TMO_5G AUTO_Playstore 100M DL_NJNY REF L1_.csv (Size: 100M, Device: REF, Location: Good)
2026-03-10 00:58:06,006 - pipeline - INFO - Successfully analyzed _20260228_181759_CH02_NJNYC TMO_5G AUTO_Playstore 100M DL_NJNY REF L1_.csv: 131.02254464285716
2026-03-10 00:58:06,006 - pipeline - INFO - Processing Play Store file: _20260305_182335_CH01_NJNYC TMO_5G Auto_Playstore 30M_NJNY DUT L2_Retest.csv (Size: 30M, Device: DUT, Location: Moderate)
2026-03-10 00:58:06,023 - pipeline - INFO - Successfully analyzed _20260305_182335_CH01_NJNYC TMO_5G Auto_Playstore 30M_NJNY DUT L2_Retest.csv: 151.14181746031744
2026-03-10 00:58:06,024 - pipeline - INFO - Processing Play Store file: _20260305_182335_CH02_NJNYC TMO_5G Auto_Playstore 30M_NJNY REF L2_Retest.csv (Size: 30M, Device: REF, Location: Moderate)
2026-03-10 00:58:06,041 - pipeline - INFO - Successfully analyzed _20260305_182335_CH02_NJNYC TMO_5G Auto_Playstore 30M_NJNY REF L2_Retest.csv: 148.14939814814815
2026-03-10 00:58:06,041 - pipeline - INFO - Processing Play Store file: _20260305_182944_CH01_NJNYC TMO_5G Auto_Playstore 60M_NJNY DUT L2_Retest.csv (Size: 60M, Device: DUT, Location: Moderate)
2026-03-10 00:58:06,058 - pipeline - INFO - Successfully analyzed _20260305_182944_CH01_NJNYC TMO_5G Auto_Playstore 60M_NJNY DUT L2_Retest.csv: 80.73495421245421
2026-03-10 00:58:06,058 - pipeline - INFO - Processing Play Store file: _20260305_182944_CH02_NJNYC TMO_5G Auto_Playstore 60M_NJNY REF L2_Retest.csv (Size: 60M, Device: REF, Location: Moderate)
2026-03-10 00:58:06,074 - pipeline - INFO - Successfully analyzed _20260305_182944_CH02_NJNYC TMO_5G Auto_Playstore 60M_NJNY REF L2_Retest.csv: 81.30642857142857
2026-03-10 00:58:06,074 - pipeline - INFO - Processing Play Store file: _20260305_183538_CH01_NJNYC TMO_5G Auto_Playstore 100M_NJNY DUT L2_Retest.csv (Size: 100M, Device: DUT, Location: Moderate)
2026-03-10 00:58:06,096 - pipeline - INFO - Successfully analyzed _20260305_183538_CH01_NJNYC TMO_5G Auto_Playstore 100M_NJNY DUT L2_Retest.csv: 103.33156283068783
2026-03-10 00:58:06,096 - pipeline - INFO - Processing Play Store file: _20260305_183538_CH02_NJNYC TMO_5G Auto_Playstore 100M_NJNY REF L2_Retest.csv (Size: 100M, Device: REF, Location: Moderate)
2026-03-10 00:58:06,118 - pipeline - INFO - Successfully analyzed _20260305_183538_CH02_NJNYC TMO_5G Auto_Playstore 100M_NJNY REF L2_Retest.csv: 157.49921663727218
2026-03-10 00:58:06,118 - pipeline - INFO - Processing Play Store file: _20260305_163158_CH01_NJNYC TMO_5G Auto_Playstore 30M_NJNY DUT L3_Retest.csv (Size: 30M, Device: DUT, Location: Poor)
2026-03-10 00:58:06,150 - pipeline - INFO - Successfully analyzed _20260305_163158_CH01_NJNYC TMO_5G Auto_Playstore 30M_NJNY DUT L3_Retest.csv: 55.912072562358276
2026-03-10 00:58:06,150 - pipeline - INFO - Processing Play Store file: _20260305_163158_CH02_NJNYC TMO_5G Auto_Playstore 30M_NJNY REF L3_Retest.csv (Size: 30M, Device: REF, Location: Poor)
2026-03-10 00:58:06,171 - pipeline - INFO - Successfully analyzed _20260305_163158_CH02_NJNYC TMO_5G Auto_Playstore 30M_NJNY REF L3_Retest.csv: 40.53460317460318
2026-03-10 00:58:06,172 - pipeline - INFO - Processing Play Store file: _20260305_164730_CH01_NJNYC TMO_5G Auto_Playstore 60M_NJNY DUT L3_Retest.csv (Size: 60M, Device: DUT, Location: Poor)
2026-03-10 00:58:06,193 - pipeline - INFO - Successfully analyzed _20260305_164730_CH01_NJNYC TMO_5G Auto_Playstore 60M_NJNY DUT L3_Retest.csv: 102.03724606509272
2026-03-10 00:58:06,193 - pipeline - INFO - Processing Play Store file: _20260305_164730_CH02_NJNYC TMO_5G Auto_Playstore 60M_NJNY REF L3_Retest.csv (Size: 60M, Device: REF, Location: Poor)
2026-03-10 00:58:06,224 - pipeline - INFO - Successfully analyzed _20260305_164730_CH02_NJNYC TMO_5G Auto_Playstore 60M_NJNY REF L3_Retest.csv: 101.67057136422945
2026-03-10 00:58:06,224 - pipeline - INFO - Processing Play Store file: _20260305_165716_CH01_NJNYC TMO_5G Auto_Playstore 100M_NJNY DUT L3_Retest.csv (Size: 100M, Device: DUT, Location: Poor)
2026-03-10 00:58:06,275 - pipeline - INFO - Successfully analyzed _20260305_165716_CH01_NJNYC TMO_5G Auto_Playstore 100M_NJNY DUT L3_Retest.csv: 101.82962992573425
2026-03-10 00:58:06,276 - pipeline - INFO - Processing Play Store file: _20260305_165716_CH02_NJNYC TMO_5G Auto_Playstore 100M_NJNY REF L3_Retest.csv (Size: 100M, Device: REF, Location: Poor)
2026-03-10 00:58:06,295 - pipeline - INFO - Successfully analyzed _20260305_165716_CH02_NJNYC TMO_5G Auto_Playstore 100M_NJNY REF L3_Retest.csv: 97.57974355644356
2026-03-10 00:58:06,295 - pipeline - INFO - Google Throughput analysis directory processing complete. Results found: True
2026-03-10 00:58:06,296 - pipeline - INFO - Analyzing MHS Drive directory: D:/ReportGenerator/Raw Data\#Huaqin\New York\Data Performance/5G AUTO DP/Mobility Test/5G Auto Data Test MHS Drive
2026-03-10 00:58:06,296 - pipeline - INFO - Analyzing MHS Drive directory: D:/ReportGenerator/Raw Data\#Huaqin\New York\Data Performance/5G AUTO DP/Mobility Test/5G Auto Data Test Drive
2026-03-10 00:58:07,359 - pipeline - INFO - Analyzing MHS Drive directory: D:/ReportGenerator/Raw Data\#Huaqin\New York\Data Performance/5G NSA DP/Mobility Test
2026-03-10 00:58:08,481 - pipeline - INFO - Running post-processing (VqLineChart, Coverage extraction)...
2026-03-10 00:58:08,588 - pipeline - INFO - Checking for CDF Throughput data to export...
2026-03-10 00:58:08,618 - pipeline - INFO - Exported 80 CDF throughput JSON files to D:/ReportGenerator/report-generator-app/public/AnalyzeResults\#Huaqin\New York\cdf_throughput_data
2026-03-10 00:58:08,625 - pipeline - INFO - Data Performance results exported to D:/ReportGenerator/report-generator-app/public/AnalyzeResults\#Huaqin\New York\data_performance_results.json
2026-03-10 00:58:08,630 - pipeline - INFO - Coverage Performance results exported to D:/ReportGenerator/report-generator-app/public/AnalyzeResults\#Huaqin\New York\coverage_performance_results.json
2026-03-10 00:58:08,631 - pipeline - INFO - Processing summary exported to D:/ReportGenerator/report-generator-app/public/AnalyzeResults\#Huaqin\New York\processing_summary.json
2026-03-10 00:58:08,632 - pipeline - INFO - Running final data validation...
2026-03-10 00:58:08,652 - pipeline - WARNING - Summary of Empty collections found in JSON files:
2026-03-10 00:58:08,652 - pipeline - WARNING -   - data_performance_results.json -> Data Performance -> 5G AUTO DP -> HTTP Multi Stream -> DL -> Good -> REF -> Throughput -> Outliers -> Empty List
2026-03-10 00:58:08,653 - pipeline - WARNING -   - data_performance_results.json -> Data Performance -> 5G AUTO DP -> HTTP Multi Stream -> DL -> Moderate -> DUT -> Throughput -> Outliers -> Empty List
2026-03-10 00:58:08,653 - pipeline - WARNING -   - data_performance_results.json -> Data Performance -> 5G AUTO DP -> HTTP Multi Stream -> DL -> Poor -> DUT -> Throughput -> Outliers -> Empty List
2026-03-10 00:58:08,653 - pipeline - WARNING -   - data_performance_results.json -> Data Performance -> 5G AUTO DP -> HTTP Multi Stream -> UL -> Moderate -> REF -> Throughput -> Outliers -> Empty List
2026-03-10 00:58:08,653 - pipeline - WARNING -   - data_performance_results.json -> Data Performance -> 5G AUTO DP -> HTTP Multi Stream -> UL -> Poor -> DUT -> Throughput -> Outliers -> Empty List
2026-03-10 00:58:08,653 - pipeline - WARNING -   - data_performance_results.json -> Data Performance -> 5G AUTO DP -> HTTP Multi Stream -> UL -> Poor -> REF -> Throughput -> Outliers -> Empty List
2026-03-10 00:58:08,653 - pipeline - WARNING -   - data_performance_results.json -> Data Performance -> 5G AUTO DP -> HTTP Single Stream -> DL -> Good -> DUT -> Throughput -> Outliers -> Empty List
2026-03-10 00:58:08,653 - pipeline - WARNING -   - data_performance_results.json -> Data Performance -> 5G AUTO DP -> HTTP Single Stream -> DL -> Good -> REF -> Throughput -> Outliers -> Empty List
2026-03-10 00:58:08,654 - pipeline - WARNING -   - data_performance_results.json -> Data Performance -> 5G AUTO DP -> HTTP Single Stream -> DL -> Moderate -> DUT -> Throughput -> Outliers -> Empty List
2026-03-10 00:58:08,654 - pipeline - WARNING -   - data_performance_results.json -> Data Performance -> 5G AUTO DP -> HTTP Single Stream -> DL -> Poor -> DUT -> Throughput -> Outliers -> Empty List
2026-03-10 00:58:08,654 - pipeline - WARNING -   - data_performance_results.json -> Data Performance -> 5G AUTO DP -> HTTP Single Stream -> DL -> Poor -> REF -> Throughput -> Outliers -> Empty List
2026-03-10 00:58:08,654 - pipeline - WARNING -   - data_performance_results.json -> Data Performance -> 5G AUTO DP -> HTTP Single Stream -> UL -> Good -> REF -> Throughput -> Outliers -> Empty List
2026-03-10 00:58:08,654 - pipeline - WARNING -   - data_performance_results.json -> Data Performance -> 5G AUTO DP -> Udp Test -> DL -> UDP Download Task at 200 Mbps for 10 seconds -> Moderate -> DUT -> Throughput -> Outliers -> Empty List
2026-03-10 00:58:08,654 - pipeline - WARNING -   - data_performance_results.json -> Data Performance -> 5G AUTO DP -> Udp Test -> DL -> UDP Download Task at 200 Mbps for 10 seconds -> Moderate -> REF -> Throughput -> Outliers -> Empty List
2026-03-10 00:58:08,654 - pipeline - WARNING -   - data_performance_results.json -> Data Performance -> 5G AUTO DP -> Udp Test -> DL -> UDP Download Task at 200 Mbps for 10 seconds -> Poor -> DUT -> Throughput -> Outliers -> Empty List
2026-03-10 00:58:08,654 - pipeline - WARNING -   - data_performance_results.json -> Data Performance -> 5G AUTO DP -> Udp Test -> DL -> UDP Download Task at 200 Mbps for 10 seconds -> Poor -> REF -> Throughput -> Outliers -> Empty List
2026-03-10 00:58:08,655 - pipeline - WARNING -   - data_performance_results.json -> Data Performance -> 5G AUTO DP -> Udp Test -> DL -> UDP Download Task at 400 Mbps for 10 seconds -> Moderate -> DUT -> Throughput -> Outliers -> Empty List
2026-03-10 00:58:08,655 - pipeline - WARNING -   - data_performance_results.json -> Data Performance -> 5G AUTO DP -> Udp Test -> DL -> UDP Download Task at 400 Mbps for 10 seconds -> Moderate -> REF -> Throughput -> Outliers -> Empty List
2026-03-10 00:58:08,655 - pipeline - WARNING -   - data_performance_results.json -> Data Performance -> 5G AUTO DP -> Udp Test -> DL -> UDP Download Task at 400 Mbps for 10 seconds -> Poor -> DUT -> Throughput -> Outliers -> Empty List
2026-03-10 00:58:08,655 - pipeline - WARNING -   - data_performance_results.json -> Data Performance -> 5G AUTO DP -> Udp Test -> DL -> UDP Download Task at 400 Mbps for 10 seconds -> Poor -> REF -> Throughput -> Outliers -> Empty List
2026-03-10 00:58:08,656 - pipeline - WARNING -   - data_performance_results.json -> Data Performance -> 5G AUTO DP -> Udp Test -> UL -> UDP Upload Task at 10 Mbps for 10 seconds -> Good -> DUT -> Throughput -> Outliers -> Empty List
2026-03-10 00:58:08,656 - pipeline - WARNING -   - data_performance_results.json -> Data Performance -> 5G AUTO DP -> Udp Test -> UL -> UDP Upload Task at 10 Mbps for 10 seconds -> Good -> REF -> Throughput -> Outliers -> Empty List
2026-03-10 00:58:08,656 - pipeline - WARNING -   - data_performance_results.json -> Data Performance -> 5G AUTO DP -> Udp Test -> UL -> UDP Upload Task at 10 Mbps for 10 seconds -> Moderate -> REF -> Throughput -> Outliers -> Empty List
2026-03-10 00:58:08,656 - pipeline - WARNING -   - data_performance_results.json -> Data Performance -> 5G AUTO DP -> Udp Test -> UL -> UDP Upload Task at 10 Mbps for 10 seconds -> Poor -> DUT -> Throughput -> Outliers -> Empty List
2026-03-10 00:58:08,656 - pipeline - WARNING -   - data_performance_results.json -> Data Performance -> 5G AUTO DP -> Udp Test -> UL -> UDP Upload Task at 10 Mbps for 10 seconds -> Poor -> REF -> Throughput -> Outliers -> Empty List
2026-03-10 00:58:08,657 - pipeline - WARNING -   - data_performance_results.json -> Data Performance -> 5G AUTO DP -> Udp Test -> UL -> UDP Upload Task at 20 Mbps for 10 seconds -> Moderate -> DUT -> Throughput -> Outliers -> Empty List
2026-03-10 00:58:08,657 - pipeline - WARNING -   - data_performance_results.json -> Data Performance -> 5G AUTO DP -> Udp Test -> UL -> UDP Upload Task at 20 Mbps for 10 seconds -> Poor -> DUT -> Throughput -> Outliers -> Empty List
2026-03-10 00:58:08,657 - pipeline - WARNING -   - data_performance_results.json -> Data Performance -> 5G NSA DP -> HTTP Multi Stream -> DL -> Poor -> DUT -> Throughput -> Outliers -> Empty List
2026-03-10 00:58:08,657 - pipeline - WARNING -   - data_performance_results.json -> Data Performance -> 5G NSA DP -> HTTP Multi Stream -> DL -> Poor -> REF -> Throughput -> Outliers -> Empty List
2026-03-10 00:58:08,658 - pipeline - WARNING -   - data_performance_results.json -> Data Performance -> 5G NSA DP -> HTTP Multi Stream -> UL -> Moderate -> DUT -> Throughput -> Outliers -> Empty List
2026-03-10 00:58:08,658 - pipeline - WARNING -   - data_performance_results.json -> Data Performance -> 5G NSA DP -> HTTP Multi Stream -> UL -> Poor -> DUT -> Throughput -> Outliers -> Empty List
2026-03-10 00:58:08,658 - pipeline - WARNING -   - data_performance_results.json -> Data Performance -> 5G NSA DP -> HTTP Multi Stream -> UL -> Poor -> REF -> Throughput -> Outliers -> Empty List
2026-03-10 00:58:08,658 - pipeline - WARNING -   - data_performance_results.json -> Data Performance -> 5G NSA DP -> HTTP Single Stream -> DL -> Poor -> DUT -> Throughput -> Outliers -> Empty List
2026-03-10 00:58:08,658 - pipeline - WARNING -   - data_performance_results.json -> Data Performance -> 5G NSA DP -> HTTP Single Stream -> DL -> Poor -> REF -> Throughput -> Outliers -> Empty List
2026-03-10 00:58:08,659 - pipeline - WARNING -   - data_performance_results.json -> Data Performance -> 5G NSA DP -> HTTP Single Stream -> UL -> Moderate -> DUT -> Throughput -> Outliers -> Empty List
2026-03-10 00:58:08,659 - pipeline - WARNING -   - data_performance_results.json -> Data Performance -> 5G NSA DP -> Mobility Test -> REF -> DL Throughput -> Outliers -> Empty List
2026-03-10 00:58:08,659 - pipeline - WARNING -   - data_performance_results.json -> Data Performance -> 5G NSA DP -> Udp Test -> DL -> UDP Download Task at 200 Mbps for 10 seconds -> Poor -> REF -> Throughput -> Outliers -> Empty List
2026-03-10 00:58:08,659 - pipeline - WARNING -   - data_performance_results.json -> Data Performance -> 5G NSA DP -> Udp Test -> DL -> UDP Download Task at 400 Mbps for 10 seconds -> Moderate -> DUT -> Throughput -> Outliers -> Empty List
2026-03-10 00:58:08,659 - pipeline - WARNING -   - data_performance_results.json -> Data Performance -> 5G NSA DP -> Udp Test -> DL -> UDP Download Task at 400 Mbps for 10 seconds -> Moderate -> REF -> Throughput -> Outliers -> Empty List
2026-03-10 00:58:08,660 - pipeline - WARNING -   - data_performance_results.json -> Data Performance -> 5G NSA DP -> Udp Test -> DL -> UDP Download Task at 400 Mbps for 10 seconds -> Poor -> DUT -> Throughput -> Outliers -> Empty List
2026-03-10 00:58:08,660 - pipeline - WARNING -   - data_performance_results.json -> Data Performance -> 5G NSA DP -> Udp Test -> DL -> UDP Download Task at 400 Mbps for 10 seconds -> Poor -> REF -> Throughput -> Outliers -> Empty List
2026-03-10 00:58:08,660 - pipeline - WARNING -   - data_performance_results.json -> Data Performance -> 5G NSA DP -> Udp Test -> UL -> 5G NSA_UDP Upload Task at 10 Mbps for 10 seconds -> Moderate -> DUT -> Throughput -> Outliers -> Empty List
2026-03-10 00:58:08,660 - pipeline - WARNING -   - data_performance_results.json -> Data Performance -> 5G NSA DP -> Udp Test -> UL -> 5G NSA_UDP Upload Task at 20 Mbps for 10 seconds -> Moderate -> DUT -> Throughput -> Outliers -> Empty List
2026-03-10 00:58:08,660 - pipeline - WARNING -   - data_performance_results.json -> Data Performance -> 5G NSA DP -> Udp Test -> UL -> 5G NSA_UDP Upload Task at 20 Mbps for 10 seconds -> Poor -> DUT -> Throughput -> Outliers -> Empty List
2026-03-10 00:58:08,660 - pipeline - INFO - Pipeline execution completed. Results in: D:/ReportGenerator/report-generator-app/public/AnalyzeResults\#Huaqin\New York
2026-03-10 00:58:08,665 - pipeline - INFO - Project: #Huaqin
2026-03-10 00:58:08,665 - pipeline - INFO - Project: #Huaqin
2026-03-10 00:58:08,665 - pipeline - INFO - Market: Seattle
2026-03-10 00:58:08,665 - pipeline - INFO - Market: Seattle
2026-03-10 00:58:08,665 - pipeline - INFO - Reading from: D:/ReportGenerator/Raw Data\#Huaqin\Seattle
2026-03-10 00:58:08,665 - pipeline - INFO - Reading from: D:/ReportGenerator/Raw Data\#Huaqin\Seattle
2026-03-10 00:58:08,666 - pipeline - INFO - Writing to: D:/ReportGenerator/report-generator-app/public/AnalyzeResults\#Huaqin\Seattle
2026-03-10 00:58:08,666 - pipeline - INFO - Writing to: D:/ReportGenerator/report-generator-app/public/AnalyzeResults\#Huaqin\Seattle
2026-03-10 00:58:08,666 - pipeline - INFO - Starting analysis pipeline...
2026-03-10 00:58:08,666 - pipeline - INFO - Starting analysis pipeline...
2026-03-10 00:58:08,673 - pipeline - INFO - Grouping 183 CSV files by directory and device type...
2026-03-10 00:58:08,673 - pipeline - INFO - Grouping 183 CSV files by directory and device type...
2026-03-10 00:58:08,675 - pipeline - INFO - Created 138 file groups for analysis
2026-03-10 00:58:08,675 - pipeline - INFO - Created 138 file groups for analysis
2026-03-10 00:58:08,676 - pipeline - INFO - Analyzing 1 file(s) for DUT in 5G Auto Data Web-Kepler
2026-03-10 00:58:08,676 - pipeline - INFO - Analyzing 1 file(s) for DUT in 5G Auto Data Web-Kepler
2026-03-10 00:58:08,710 - pipeline - INFO - Analyzing 1 file(s) for REF in 5G Auto Data Web-Kepler
2026-03-10 00:58:08,710 - pipeline - INFO - Analyzing 1 file(s) for REF in 5G Auto Data Web-Kepler
2026-03-10 00:58:08,746 - pipeline - INFO - Analyzing 1 file(s) for DUT in Good
2026-03-10 00:58:08,746 - pipeline - INFO - Analyzing 1 file(s) for DUT in Good
2026-03-10 00:58:08,792 - pipeline - INFO - Analyzing 1 file(s) for REF in Good
2026-03-10 00:58:08,792 - pipeline - INFO - Analyzing 1 file(s) for REF in Good
2026-03-10 00:58:08,844 - pipeline - INFO - Analyzing 2 file(s) for DUT in Moderate
2026-03-10 00:58:08,844 - pipeline - INFO - Analyzing 2 file(s) for DUT in Moderate
2026-03-10 00:58:08,935 - pipeline - INFO - Analyzing 1 file(s) for REF in Moderate
2026-03-10 00:58:08,935 - pipeline - INFO - Analyzing 1 file(s) for REF in Moderate
2026-03-10 00:58:08,981 - pipeline - INFO - Analyzing 2 file(s) for DUT in Poor
2026-03-10 00:58:08,981 - pipeline - INFO - Analyzing 2 file(s) for DUT in Poor
2026-03-10 00:58:09,049 - pipeline - INFO - Analyzing 2 file(s) for REF in Poor
2026-03-10 00:58:09,049 - pipeline - INFO - Analyzing 2 file(s) for REF in Poor
2026-03-10 00:58:09,118 - pipeline - INFO - Analyzing 1 file(s) for DUT in Good
2026-03-10 00:58:09,118 - pipeline - INFO - Analyzing 1 file(s) for DUT in Good
2026-03-10 00:58:09,189 - pipeline - INFO - Analyzing 1 file(s) for REF in Good
2026-03-10 00:58:09,189 - pipeline - INFO - Analyzing 1 file(s) for REF in Good
2026-03-10 00:58:09,233 - pipeline - INFO - Analyzing 1 file(s) for DUT in Moderate
2026-03-10 00:58:09,233 - pipeline - INFO - Analyzing 1 file(s) for DUT in Moderate
2026-03-10 00:58:09,273 - pipeline - INFO - Analyzing 1 file(s) for REF in Moderate
2026-03-10 00:58:09,273 - pipeline - INFO - Analyzing 1 file(s) for REF in Moderate
2026-03-10 00:58:09,316 - pipeline - INFO - Analyzing 1 file(s) for DUT in Poor
2026-03-10 00:58:09,316 - pipeline - INFO - Analyzing 1 file(s) for DUT in Poor
2026-03-10 00:58:09,343 - pipeline - INFO - Analyzing 1 file(s) for REF in Poor
2026-03-10 00:58:09,343 - pipeline - INFO - Analyzing 1 file(s) for REF in Poor
2026-03-10 00:58:09,412 - pipeline - INFO - Analyzing 1 file(s) for DUT in Good
2026-03-10 00:58:09,412 - pipeline - INFO - Analyzing 1 file(s) for DUT in Good
2026-03-10 00:58:09,473 - pipeline - INFO - Analyzing 1 file(s) for REF in Good
2026-03-10 00:58:09,473 - pipeline - INFO - Analyzing 1 file(s) for REF in Good
2026-03-10 00:58:09,533 - pipeline - INFO - Analyzing 1 file(s) for DUT in Moderate
2026-03-10 00:58:09,533 - pipeline - INFO - Analyzing 1 file(s) for DUT in Moderate
2026-03-10 00:58:09,595 - pipeline - INFO - Analyzing 1 file(s) for REF in Moderate
2026-03-10 00:58:09,595 - pipeline - INFO - Analyzing 1 file(s) for REF in Moderate
2026-03-10 00:58:09,655 - pipeline - INFO - Analyzing 1 file(s) for DUT in Poor
2026-03-10 00:58:09,655 - pipeline - INFO - Analyzing 1 file(s) for DUT in Poor
2026-03-10 00:58:09,717 - pipeline - INFO - Analyzing 1 file(s) for REF in Poor
2026-03-10 00:58:09,717 - pipeline - INFO - Analyzing 1 file(s) for REF in Poor
2026-03-10 00:58:09,777 - pipeline - INFO - Analyzing 1 file(s) for DUT in Good
2026-03-10 00:58:09,777 - pipeline - INFO - Analyzing 1 file(s) for DUT in Good
2026-03-10 00:58:09,806 - pipeline - INFO - Analyzing 1 file(s) for REF in Good
2026-03-10 00:58:09,806 - pipeline - INFO - Analyzing 1 file(s) for REF in Good
2026-03-10 00:58:09,837 - pipeline - INFO - Analyzing 1 file(s) for DUT in Moderate
2026-03-10 00:58:09,837 - pipeline - INFO - Analyzing 1 file(s) for DUT in Moderate
2026-03-10 00:58:09,875 - pipeline - INFO - Analyzing 1 file(s) for REF in Moderate
2026-03-10 00:58:09,875 - pipeline - INFO - Analyzing 1 file(s) for REF in Moderate
2026-03-10 00:58:09,910 - pipeline - INFO - Analyzing 1 file(s) for DUT in Poor
2026-03-10 00:58:09,910 - pipeline - INFO - Analyzing 1 file(s) for DUT in Poor
2026-03-10 00:58:09,943 - pipeline - INFO - Analyzing 1 file(s) for REF in Poor
2026-03-10 00:58:09,943 - pipeline - INFO - Analyzing 1 file(s) for REF in Poor
2026-03-10 00:58:09,976 - pipeline - INFO - Analyzing 2 file(s) for DUT in Moderate
2026-03-10 00:58:09,976 - pipeline - INFO - Analyzing 2 file(s) for DUT in Moderate
2026-03-10 00:58:10,042 - pipeline - INFO - Analyzing 2 file(s) for REF in Moderate
2026-03-10 00:58:10,042 - pipeline - INFO - Analyzing 2 file(s) for REF in Moderate
2026-03-10 00:58:10,107 - pipeline - INFO - Analyzing 2 file(s) for DUT in Poor
2026-03-10 00:58:10,107 - pipeline - INFO - Analyzing 2 file(s) for DUT in Poor
2026-03-10 00:58:10,201 - pipeline - INFO - Analyzing 2 file(s) for REF in Poor
2026-03-10 00:58:10,201 - pipeline - INFO - Analyzing 2 file(s) for REF in Poor
2026-03-10 00:58:10,274 - pipeline - INFO - Analyzing 1 file(s) for DUT in Moderate
2026-03-10 00:58:10,274 - pipeline - INFO - Analyzing 1 file(s) for DUT in Moderate
2026-03-10 00:58:10,314 - pipeline - INFO - Analyzing 1 file(s) for REF in Moderate
2026-03-10 00:58:10,314 - pipeline - INFO - Analyzing 1 file(s) for REF in Moderate
2026-03-10 00:58:10,353 - pipeline - INFO - Analyzing 1 file(s) for DUT in Poor
2026-03-10 00:58:10,353 - pipeline - INFO - Analyzing 1 file(s) for DUT in Poor
2026-03-10 00:58:10,394 - pipeline - INFO - Analyzing 1 file(s) for REF in Poor
2026-03-10 00:58:10,394 - pipeline - INFO - Analyzing 1 file(s) for REF in Poor
2026-03-10 00:58:10,435 - pipeline - INFO - Analyzing 1 file(s) for DUT in Moderate
2026-03-10 00:58:10,435 - pipeline - INFO - Analyzing 1 file(s) for DUT in Moderate
2026-03-10 00:58:10,496 - pipeline - INFO - Analyzing 1 file(s) for REF in Moderate
2026-03-10 00:58:10,496 - pipeline - INFO - Analyzing 1 file(s) for REF in Moderate
2026-03-10 00:58:10,555 - pipeline - INFO - Analyzing 2 file(s) for DUT in Poor
2026-03-10 00:58:10,555 - pipeline - INFO - Analyzing 2 file(s) for DUT in Poor
2026-03-10 00:58:10,635 - pipeline - INFO - Analyzing 2 file(s) for REF in Poor
2026-03-10 00:58:10,635 - pipeline - INFO - Analyzing 2 file(s) for REF in Poor
2026-03-10 00:58:10,711 - pipeline - INFO - Analyzing 1 file(s) for DUT in Moderate
2026-03-10 00:58:10,711 - pipeline - INFO - Analyzing 1 file(s) for DUT in Moderate
2026-03-10 00:58:10,738 - pipeline - INFO - Analyzing 1 file(s) for REF in Moderate
2026-03-10 00:58:10,738 - pipeline - INFO - Analyzing 1 file(s) for REF in Moderate
2026-03-10 00:58:10,767 - pipeline - INFO - Analyzing 2 file(s) for DUT in Poor
2026-03-10 00:58:10,767 - pipeline - INFO - Analyzing 2 file(s) for DUT in Poor
2026-03-10 00:58:10,822 - pipeline - INFO - Analyzing 2 file(s) for REF in Poor
2026-03-10 00:58:10,822 - pipeline - INFO - Analyzing 2 file(s) for REF in Poor
2026-03-10 00:58:10,873 - pipeline - INFO - Analyzing 1 file(s) for DUT in Moderate
2026-03-10 00:58:10,873 - pipeline - INFO - Analyzing 1 file(s) for DUT in Moderate
2026-03-10 00:58:10,931 - pipeline - INFO - Analyzing 1 file(s) for REF in Moderate
2026-03-10 00:58:10,931 - pipeline - INFO - Analyzing 1 file(s) for REF in Moderate
2026-03-10 00:58:10,982 - pipeline - INFO - Analyzing 2 file(s) for DUT in Poor
2026-03-10 00:58:10,982 - pipeline - INFO - Analyzing 2 file(s) for DUT in Poor
2026-03-10 00:58:11,052 - pipeline - INFO - Analyzing 2 file(s) for REF in Poor
2026-03-10 00:58:11,052 - pipeline - INFO - Analyzing 2 file(s) for REF in Poor
2026-03-10 00:58:11,124 - pipeline - INFO - Analyzing 1 file(s) for DUT in Moderate
2026-03-10 00:58:11,124 - pipeline - INFO - Analyzing 1 file(s) for DUT in Moderate
2026-03-10 00:58:11,180 - pipeline - INFO - Analyzing 1 file(s) for REF in Moderate
2026-03-10 00:58:11,180 - pipeline - INFO - Analyzing 1 file(s) for REF in Moderate
2026-03-10 00:58:11,237 - pipeline - INFO - Analyzing 2 file(s) for DUT in Poor
2026-03-10 00:58:11,237 - pipeline - INFO - Analyzing 2 file(s) for DUT in Poor
2026-03-10 00:58:11,307 - pipeline - INFO - Analyzing 2 file(s) for REF in Poor
2026-03-10 00:58:11,307 - pipeline - INFO - Analyzing 2 file(s) for REF in Poor
2026-03-10 00:58:11,373 - pipeline - INFO - Analyzing 3 file(s) for DUT in Moderate
2026-03-10 00:58:11,373 - pipeline - INFO - Analyzing 3 file(s) for DUT in Moderate
2026-03-10 00:58:11,485 - pipeline - INFO - Analyzing 3 file(s) for REF in Moderate
2026-03-10 00:58:11,485 - pipeline - INFO - Analyzing 3 file(s) for REF in Moderate
2026-03-10 00:58:11,603 - pipeline - INFO - Analyzing 2 file(s) for DUT in Poor
2026-03-10 00:58:11,603 - pipeline - INFO - Analyzing 2 file(s) for DUT in Poor
2026-03-10 00:58:11,685 - pipeline - INFO - Analyzing 2 file(s) for REF in Poor
2026-03-10 00:58:11,685 - pipeline - INFO - Analyzing 2 file(s) for REF in Poor
2026-03-10 00:58:11,767 - pipeline - INFO - Analyzing 1 file(s) for DUT in Moderate
2026-03-10 00:58:11,767 - pipeline - INFO - Analyzing 1 file(s) for DUT in Moderate
2026-03-10 00:58:11,819 - pipeline - INFO - Analyzing 1 file(s) for REF in Moderate
2026-03-10 00:58:11,819 - pipeline - INFO - Analyzing 1 file(s) for REF in Moderate
2026-03-10 00:58:11,864 - pipeline - INFO - Analyzing 2 file(s) for DUT in Poor
2026-03-10 00:58:11,864 - pipeline - INFO - Analyzing 2 file(s) for DUT in Poor
2026-03-10 00:58:11,934 - pipeline - INFO - Analyzing 2 file(s) for REF in Poor
2026-03-10 00:58:11,934 - pipeline - INFO - Analyzing 2 file(s) for REF in Poor
2026-03-10 00:58:11,997 - pipeline - INFO - Analyzing 1 file(s) for DUT in Moderate
2026-03-10 00:58:11,997 - pipeline - INFO - Analyzing 1 file(s) for DUT in Moderate
2026-03-10 00:58:12,048 - pipeline - INFO - Analyzing 1 file(s) for REF in Moderate
2026-03-10 00:58:12,048 - pipeline - INFO - Analyzing 1 file(s) for REF in Moderate
2026-03-10 00:58:12,104 - pipeline - INFO - Analyzing 1 file(s) for DUT in Poor
2026-03-10 00:58:12,104 - pipeline - INFO - Analyzing 1 file(s) for DUT in Poor
2026-03-10 00:58:12,160 - pipeline - INFO - Analyzing 1 file(s) for REF in Poor
2026-03-10 00:58:12,160 - pipeline - INFO - Analyzing 1 file(s) for REF in Poor
2026-03-10 00:58:12,218 - pipeline - INFO - Analyzing 1 file(s) for DUT in 5G Auto Data Test Drive
2026-03-10 00:58:12,218 - pipeline - INFO - Analyzing 1 file(s) for DUT in 5G Auto Data Test Drive
2026-03-10 00:58:12,498 - pipeline - INFO - Analyzing 1 file(s) for REF in 5G Auto Data Test Drive
2026-03-10 00:58:12,498 - pipeline - INFO - Analyzing 1 file(s) for REF in 5G Auto Data Test Drive
2026-03-10 00:58:12,769 - pipeline - INFO - Analyzing 1 file(s) for DUT in Good
2026-03-10 00:58:12,769 - pipeline - INFO - Analyzing 1 file(s) for DUT in Good
2026-03-10 00:58:12,823 - pipeline - INFO - Analyzing 1 file(s) for REF in Good
2026-03-10 00:58:12,823 - pipeline - INFO - Analyzing 1 file(s) for REF in Good
2026-03-10 00:58:12,874 - pipeline - INFO - Analyzing 1 file(s) for DUT in Moderate
2026-03-10 00:58:12,874 - pipeline - INFO - Analyzing 1 file(s) for DUT in Moderate
2026-03-10 00:58:12,938 - pipeline - INFO - Analyzing 1 file(s) for REF in Moderate
2026-03-10 00:58:12,938 - pipeline - INFO - Analyzing 1 file(s) for REF in Moderate
2026-03-10 00:58:12,991 - pipeline - INFO - Analyzing 1 file(s) for DUT in Good
2026-03-10 00:58:12,991 - pipeline - INFO - Analyzing 1 file(s) for DUT in Good
2026-03-10 00:58:13,052 - pipeline - INFO - Analyzing 1 file(s) for REF in Good
2026-03-10 00:58:13,052 - pipeline - INFO - Analyzing 1 file(s) for REF in Good
2026-03-10 00:58:13,112 - pipeline - INFO - Analyzing 1 file(s) for DUT in Moderate
2026-03-10 00:58:13,112 - pipeline - INFO - Analyzing 1 file(s) for DUT in Moderate
2026-03-10 00:58:13,171 - pipeline - INFO - Analyzing 1 file(s) for REF in Moderate
2026-03-10 00:58:13,171 - pipeline - INFO - Analyzing 1 file(s) for REF in Moderate
2026-03-10 00:58:13,236 - pipeline - INFO - Analyzing 1 file(s) for DUT in Poor
2026-03-10 00:58:13,236 - pipeline - INFO - Analyzing 1 file(s) for DUT in Poor
2026-03-10 00:58:13,294 - pipeline - INFO - Analyzing 1 file(s) for REF in Poor
2026-03-10 00:58:13,294 - pipeline - INFO - Analyzing 1 file(s) for REF in Poor
2026-03-10 00:58:13,357 - pipeline - INFO - Analyzing 1 file(s) for DUT in Good
2026-03-10 00:58:13,357 - pipeline - INFO - Analyzing 1 file(s) for DUT in Good
2026-03-10 00:58:13,416 - pipeline - INFO - Analyzing 1 file(s) for REF in Good
2026-03-10 00:58:13,416 - pipeline - INFO - Analyzing 1 file(s) for REF in Good
2026-03-10 00:58:13,474 - pipeline - INFO - Analyzing 1 file(s) for DUT in Moderate
2026-03-10 00:58:13,474 - pipeline - INFO - Analyzing 1 file(s) for DUT in Moderate
2026-03-10 00:58:13,534 - pipeline - INFO - Analyzing 1 file(s) for REF in Moderate
2026-03-10 00:58:13,534 - pipeline - INFO - Analyzing 1 file(s) for REF in Moderate
2026-03-10 00:58:13,591 - pipeline - INFO - Analyzing 1 file(s) for DUT in Poor
2026-03-10 00:58:13,591 - pipeline - INFO - Analyzing 1 file(s) for DUT in Poor
2026-03-10 00:58:13,653 - pipeline - INFO - Analyzing 1 file(s) for REF in Poor
2026-03-10 00:58:13,653 - pipeline - INFO - Analyzing 1 file(s) for REF in Poor
2026-03-10 00:58:13,712 - pipeline - INFO - Analyzing 1 file(s) for DUT in Good
2026-03-10 00:58:13,712 - pipeline - INFO - Analyzing 1 file(s) for DUT in Good
2026-03-10 00:58:13,767 - pipeline - INFO - Analyzing 1 file(s) for REF in Good
2026-03-10 00:58:13,767 - pipeline - INFO - Analyzing 1 file(s) for REF in Good
2026-03-10 00:58:13,815 - pipeline - INFO - Analyzing 1 file(s) for DUT in Moderate
2026-03-10 00:58:13,815 - pipeline - INFO - Analyzing 1 file(s) for DUT in Moderate
2026-03-10 00:58:13,898 - pipeline - INFO - Analyzing 1 file(s) for REF in Moderate
2026-03-10 00:58:13,898 - pipeline - INFO - Analyzing 1 file(s) for REF in Moderate
2026-03-10 00:58:13,956 - pipeline - INFO - Analyzing 1 file(s) for DUT in Poor
2026-03-10 00:58:13,956 - pipeline - INFO - Analyzing 1 file(s) for DUT in Poor
2026-03-10 00:58:14,009 - pipeline - INFO - Analyzing 1 file(s) for REF in Poor
2026-03-10 00:58:14,009 - pipeline - INFO - Analyzing 1 file(s) for REF in Poor
2026-03-10 00:58:14,063 - pipeline - INFO - Analyzing 1 file(s) for DUT in Good
2026-03-10 00:58:14,063 - pipeline - INFO - Analyzing 1 file(s) for DUT in Good
2026-03-10 00:58:14,122 - pipeline - INFO - Analyzing 1 file(s) for REF in Good
2026-03-10 00:58:14,122 - pipeline - INFO - Analyzing 1 file(s) for REF in Good
2026-03-10 00:58:14,169 - pipeline - INFO - Analyzing 1 file(s) for DUT in Moderate
2026-03-10 00:58:14,169 - pipeline - INFO - Analyzing 1 file(s) for DUT in Moderate
2026-03-10 00:58:14,228 - pipeline - INFO - Analyzing 1 file(s) for REF in Moderate
2026-03-10 00:58:14,228 - pipeline - INFO - Analyzing 1 file(s) for REF in Moderate
2026-03-10 00:58:14,281 - pipeline - INFO - Analyzing 1 file(s) for DUT in Poor
2026-03-10 00:58:14,281 - pipeline - INFO - Analyzing 1 file(s) for DUT in Poor
2026-03-10 00:58:14,337 - pipeline - INFO - Analyzing 1 file(s) for REF in Poor
2026-03-10 00:58:14,337 - pipeline - INFO - Analyzing 1 file(s) for REF in Poor
2026-03-10 00:58:14,393 - pipeline - INFO - Analyzing 1 file(s) for DUT in Moderate
2026-03-10 00:58:14,393 - pipeline - INFO - Analyzing 1 file(s) for DUT in Moderate
2026-03-10 00:58:14,439 - pipeline - INFO - Analyzing 1 file(s) for REF in Moderate
2026-03-10 00:58:14,439 - pipeline - INFO - Analyzing 1 file(s) for REF in Moderate
2026-03-10 00:58:14,487 - pipeline - INFO - Analyzing 2 file(s) for DUT in Poor
2026-03-10 00:58:14,487 - pipeline - INFO - Analyzing 2 file(s) for DUT in Poor
2026-03-10 00:58:14,567 - pipeline - INFO - Analyzing 2 file(s) for REF in Poor
2026-03-10 00:58:14,567 - pipeline - INFO - Analyzing 2 file(s) for REF in Poor
2026-03-10 00:58:14,653 - pipeline - INFO - Analyzing 1 file(s) for DUT in Moderate
2026-03-10 00:58:14,653 - pipeline - INFO - Analyzing 1 file(s) for DUT in Moderate
2026-03-10 00:58:14,694 - pipeline - INFO - Analyzing 1 file(s) for REF in Moderate
2026-03-10 00:58:14,694 - pipeline - INFO - Analyzing 1 file(s) for REF in Moderate
2026-03-10 00:58:14,735 - pipeline - INFO - Analyzing 1 file(s) for DUT in Poor
2026-03-10 00:58:14,735 - pipeline - INFO - Analyzing 1 file(s) for DUT in Poor
2026-03-10 00:58:14,777 - pipeline - INFO - Analyzing 1 file(s) for REF in Poor
2026-03-10 00:58:14,777 - pipeline - INFO - Analyzing 1 file(s) for REF in Poor
2026-03-10 00:58:14,826 - pipeline - INFO - Analyzing 2 file(s) for DUT in Moderate
2026-03-10 00:58:14,826 - pipeline - INFO - Analyzing 2 file(s) for DUT in Moderate
2026-03-10 00:58:14,905 - pipeline - INFO - Analyzing 2 file(s) for REF in Moderate
2026-03-10 00:58:14,905 - pipeline - INFO - Analyzing 2 file(s) for REF in Moderate
2026-03-10 00:58:14,985 - pipeline - INFO - Analyzing 1 file(s) for DUT in Poor
2026-03-10 00:58:14,985 - pipeline - INFO - Analyzing 1 file(s) for DUT in Poor
2026-03-10 00:58:15,049 - pipeline - INFO - Analyzing 1 file(s) for REF in Poor
2026-03-10 00:58:15,049 - pipeline - INFO - Analyzing 1 file(s) for REF in Poor
2026-03-10 00:58:15,111 - pipeline - INFO - Analyzing 2 file(s) for DUT in Moderate
2026-03-10 00:58:15,111 - pipeline - INFO - Analyzing 2 file(s) for DUT in Moderate
2026-03-10 00:58:15,161 - pipeline - INFO - Analyzing 2 file(s) for REF in Moderate
2026-03-10 00:58:15,161 - pipeline - INFO - Analyzing 2 file(s) for REF in Moderate
2026-03-10 00:58:15,229 - pipeline - INFO - Analyzing 1 file(s) for DUT in Poor
2026-03-10 00:58:15,229 - pipeline - INFO - Analyzing 1 file(s) for DUT in Poor
2026-03-10 00:58:15,265 - pipeline - INFO - Analyzing 1 file(s) for REF in Poor
2026-03-10 00:58:15,265 - pipeline - INFO - Analyzing 1 file(s) for REF in Poor
2026-03-10 00:58:15,297 - pipeline - INFO - Analyzing 1 file(s) for DUT in Mobility Test
2026-03-10 00:58:15,297 - pipeline - INFO - Analyzing 1 file(s) for DUT in Mobility Test
2026-03-10 00:58:15,645 - pipeline - INFO - Analyzing 1 file(s) for REF in Mobility Test
2026-03-10 00:58:15,645 - pipeline - INFO - Analyzing 1 file(s) for REF in Mobility Test
2026-03-10 00:58:15,956 - pipeline - INFO - Analyzing 1 file(s) for DUT in Moderate
2026-03-10 00:58:15,956 - pipeline - INFO - Analyzing 1 file(s) for DUT in Moderate
2026-03-10 00:58:16,010 - pipeline - INFO - Analyzing 1 file(s) for REF in Moderate
2026-03-10 00:58:16,010 - pipeline - INFO - Analyzing 1 file(s) for REF in Moderate
2026-03-10 00:58:16,064 - pipeline - INFO - Analyzing 1 file(s) for DUT in Poor
2026-03-10 00:58:16,064 - pipeline - INFO - Analyzing 1 file(s) for DUT in Poor
2026-03-10 00:58:16,121 - pipeline - INFO - Analyzing 1 file(s) for REF in Poor
2026-03-10 00:58:16,121 - pipeline - INFO - Analyzing 1 file(s) for REF in Poor
2026-03-10 00:58:16,181 - pipeline - INFO - Analyzing 1 file(s) for DUT in Moderate
2026-03-10 00:58:16,181 - pipeline - INFO - Analyzing 1 file(s) for DUT in Moderate
2026-03-10 00:58:16,247 - pipeline - INFO - Analyzing 1 file(s) for REF in Moderate
2026-03-10 00:58:16,247 - pipeline - INFO - Analyzing 1 file(s) for REF in Moderate
2026-03-10 00:58:16,306 - pipeline - INFO - Analyzing 1 file(s) for DUT in Poor
2026-03-10 00:58:16,306 - pipeline - INFO - Analyzing 1 file(s) for DUT in Poor
2026-03-10 00:58:16,366 - pipeline - INFO - Analyzing 1 file(s) for REF in Poor
2026-03-10 00:58:16,366 - pipeline - INFO - Analyzing 1 file(s) for REF in Poor
2026-03-10 00:58:16,423 - pipeline - INFO - Analyzing 3 file(s) for DUT in Moderate
2026-03-10 00:58:16,423 - pipeline - INFO - Analyzing 3 file(s) for DUT in Moderate
2026-03-10 00:58:16,571 - pipeline - INFO - Analyzing 3 file(s) for REF in Moderate
2026-03-10 00:58:16,571 - pipeline - INFO - Analyzing 3 file(s) for REF in Moderate
2026-03-10 00:58:16,729 - pipeline - INFO - Analyzing 1 file(s) for DUT in Poor
2026-03-10 00:58:16,729 - pipeline - INFO - Analyzing 1 file(s) for DUT in Poor
2026-03-10 00:58:16,789 - pipeline - INFO - Analyzing 1 file(s) for REF in Poor
2026-03-10 00:58:16,789 - pipeline - INFO - Analyzing 1 file(s) for REF in Poor
2026-03-10 00:58:16,852 - pipeline - INFO - Analyzing 1 file(s) for DUT in Moderate
2026-03-10 00:58:16,852 - pipeline - INFO - Analyzing 1 file(s) for DUT in Moderate
2026-03-10 00:58:16,908 - pipeline - INFO - Analyzing 1 file(s) for REF in Moderate
2026-03-10 00:58:16,908 - pipeline - INFO - Analyzing 1 file(s) for REF in Moderate
2026-03-10 00:58:16,964 - pipeline - INFO - Analyzing 1 file(s) for DUT in Poor
2026-03-10 00:58:16,964 - pipeline - INFO - Analyzing 1 file(s) for DUT in Poor
2026-03-10 00:58:17,023 - pipeline - INFO - Analyzing 1 file(s) for REF in Poor
2026-03-10 00:58:17,023 - pipeline - INFO - Analyzing 1 file(s) for REF in Poor
2026-03-10 00:58:17,079 - pipeline - INFO - Analyzing 1 file(s) for DUT in Moderate
2026-03-10 00:58:17,079 - pipeline - INFO - Analyzing 1 file(s) for DUT in Moderate
2026-03-10 00:58:17,138 - pipeline - INFO - Analyzing 1 file(s) for REF in Moderate
2026-03-10 00:58:17,138 - pipeline - INFO - Analyzing 1 file(s) for REF in Moderate
2026-03-10 00:58:17,197 - pipeline - INFO - Analyzing 1 file(s) for DUT in Poor
2026-03-10 00:58:17,197 - pipeline - INFO - Analyzing 1 file(s) for DUT in Poor
2026-03-10 00:58:17,258 - pipeline - INFO - Analyzing 1 file(s) for REF in Poor
2026-03-10 00:58:17,258 - pipeline - INFO - Analyzing 1 file(s) for REF in Poor
2026-03-10 00:58:17,314 - pipeline - INFO - Processing directory-level analyses...
2026-03-10 00:58:17,314 - pipeline - INFO - Processing directory-level analyses...
2026-03-10 00:58:17,314 - pipeline - INFO - Analyzing Coverage directory: D:/ReportGenerator/Raw Data\#Huaqin\Seattle\Coverage Performance (Type: coverage_coordinate)
2026-03-10 00:58:17,314 - pipeline - INFO - Analyzing Coverage directory: D:/ReportGenerator/Raw Data\#Huaqin\Seattle\Coverage Performance (Type: coverage_coordinate)
2026-03-10 00:58:17,315 - pipeline - INFO - Analyzing Coverage directory: D:/ReportGenerator/Raw Data\#Huaqin\Seattle\Coverage Performance/5G n41 HPUE Coverage Test (Type: n41_coverage)
2026-03-10 00:58:17,315 - pipeline - INFO - Analyzing Coverage directory: D:/ReportGenerator/Raw Data\#Huaqin\Seattle\Coverage Performance/5G n41 HPUE Coverage Test (Type: n41_coverage)
2026-03-10 00:58:18,090 - pipeline - INFO - Analyzing Coverage directory: D:/ReportGenerator/Raw Data\#Huaqin\Seattle\Coverage Performance/5G VoNR Coverage Test (Type: vonr_coverage_performance)
2026-03-10 00:58:18,090 - pipeline - INFO - Analyzing Coverage directory: D:/ReportGenerator/Raw Data\#Huaqin\Seattle\Coverage Performance/5G VoNR Coverage Test (Type: vonr_coverage_performance)
2026-03-10 00:58:19,367 - pipeline - INFO - Running timeline analysis for: Coverage Performance/5G VoNR Coverage Test
2026-03-10 00:58:19,367 - pipeline - INFO - Running timeline analysis for: Coverage Performance/5G VoNR Coverage Test
2026-03-10 00:58:19,367 - pipeline - INFO - Analyzing Coverage directory: D:/ReportGenerator/Raw Data\#Huaqin\Seattle\Coverage Performance/5G VoNR Coverage Test (Type: coverage_timeline)
2026-03-10 00:58:19,367 - pipeline - INFO - Analyzing Coverage directory: D:/ReportGenerator/Raw Data\#Huaqin\Seattle\Coverage Performance/5G VoNR Coverage Test (Type: coverage_timeline)
2026-03-10 00:58:19,368 - pipeline - INFO - Analyzing Coverage Timeline for: D:/ReportGenerator/Raw Data\#Huaqin\Seattle\Coverage Performance/5G VoNR Coverage Test
2026-03-10 00:58:19,368 - pipeline - INFO - Analyzing Coverage Timeline for: D:/ReportGenerator/Raw Data\#Huaqin\Seattle\Coverage Performance/5G VoNR Coverage Test
2026-03-10 00:58:19,368 - pipeline - INFO - Processing rsrp timeline...
2026-03-10 00:58:19,368 - pipeline - INFO - Processing rsrp timeline...
2026-03-10 00:58:19,937 - pipeline - INFO - Processing sinr timeline...
2026-03-10 00:58:19,937 - pipeline - INFO - Processing sinr timeline...
2026-03-10 00:58:20,562 - pipeline - INFO - Processing txpower timeline...
2026-03-10 00:58:20,562 - pipeline - INFO - Processing txpower timeline...
2026-03-10 00:58:21,160 - pipeline - INFO - Analyzing Coverage directory: D:/ReportGenerator/Raw Data\#Huaqin\Seattle\Coverage Performance/LTE Coverage Test (Type: vonr_coverage_performance)
2026-03-10 00:58:21,160 - pipeline - INFO - Analyzing Coverage directory: D:/ReportGenerator/Raw Data\#Huaqin\Seattle\Coverage Performance/LTE Coverage Test (Type: vonr_coverage_performance)
2026-03-10 00:58:21,160 - pipeline - INFO - Using Seattle_LTE coordinates for LTE Coverage Test
2026-03-10 00:58:21,160 - pipeline - INFO - Using Seattle_LTE coordinates for LTE Coverage Test
2026-03-10 00:58:22,559 - pipeline - INFO - Running timeline analysis for: Coverage Performance/LTE Coverage Test
2026-03-10 00:58:22,559 - pipeline - INFO - Running timeline analysis for: Coverage Performance/LTE Coverage Test
2026-03-10 00:58:22,559 - pipeline - INFO - Analyzing Coverage directory: D:/ReportGenerator/Raw Data\#Huaqin\Seattle\Coverage Performance/LTE Coverage Test (Type: coverage_timeline)
2026-03-10 00:58:22,559 - pipeline - INFO - Analyzing Coverage directory: D:/ReportGenerator/Raw Data\#Huaqin\Seattle\Coverage Performance/LTE Coverage Test (Type: coverage_timeline)
2026-03-10 00:58:22,559 - pipeline - INFO - Using Seattle_LTE coordinates for LTE Coverage Test
2026-03-10 00:58:22,559 - pipeline - INFO - Using Seattle_LTE coordinates for LTE Coverage Test
2026-03-10 00:58:22,560 - pipeline - INFO - Analyzing Coverage Timeline for: D:/ReportGenerator/Raw Data\#Huaqin\Seattle\Coverage Performance/LTE Coverage Test
2026-03-10 00:58:22,560 - pipeline - INFO - Analyzing Coverage Timeline for: D:/ReportGenerator/Raw Data\#Huaqin\Seattle\Coverage Performance/LTE Coverage Test
2026-03-10 00:58:22,560 - pipeline - INFO - Processing rsrp timeline...
2026-03-10 00:58:22,560 - pipeline - INFO - Processing rsrp timeline...
2026-03-10 00:58:22,765 - pipeline - INFO - Processing sinr timeline...
2026-03-10 00:58:22,765 - pipeline - INFO - Processing sinr timeline...
2026-03-10 00:58:23,004 - pipeline - INFO - Processing txpower timeline...
2026-03-10 00:58:23,004 - pipeline - INFO - Processing txpower timeline...
2026-03-10 00:58:23,296 - pipeline - INFO - Analyzing Google Throughput directory: D:/ReportGenerator/Raw Data\#Huaqin\Seattle\Data Performance/5G AUTO DP/5G Auto Data Play-store app Download
2026-03-10 00:58:23,296 - pipeline - INFO - Analyzing Google Throughput directory: D:/ReportGenerator/Raw Data\#Huaqin\Seattle\Data Performance/5G AUTO DP/5G Auto Data Play-store app Download
2026-03-10 00:58:23,296 - pipeline - INFO - Processing Play Store file: _20260309_211736_CH01_TMO_5G DP_Play Store 30MB_SEA L1 DUT_.csv (Size: 30M, Device: DUT, Location: Good)
2026-03-10 00:58:23,296 - pipeline - INFO - Processing Play Store file: _20260309_211736_CH01_TMO_5G DP_Play Store 30MB_SEA L1 DUT_.csv (Size: 30M, Device: DUT, Location: Good)
2026-03-10 00:58:23,320 - pipeline - INFO - Successfully analyzed _20260309_211736_CH01_TMO_5G DP_Play Store 30MB_SEA L1 DUT_.csv: 101.52649122807017
2026-03-10 00:58:23,320 - pipeline - INFO - Successfully analyzed _20260309_211736_CH01_TMO_5G DP_Play Store 30MB_SEA L1 DUT_.csv: 101.52649122807017
2026-03-10 00:58:23,321 - pipeline - INFO - Processing Play Store file: _20260309_211736_CH02_TMO_5G DP_Play Store 30MB_SEA L1 REF_.csv (Size: 30M, Device: REF, Location: Good)
2026-03-10 00:58:23,321 - pipeline - INFO - Processing Play Store file: _20260309_211736_CH02_TMO_5G DP_Play Store 30MB_SEA L1 REF_.csv (Size: 30M, Device: REF, Location: Good)
2026-03-10 00:58:23,342 - pipeline - INFO - Successfully analyzed _20260309_211736_CH02_TMO_5G DP_Play Store 30MB_SEA L1 REF_.csv: 103.63114035087719
2026-03-10 00:58:23,342 - pipeline - INFO - Successfully analyzed _20260309_211736_CH02_TMO_5G DP_Play Store 30MB_SEA L1 REF_.csv: 103.63114035087719
2026-03-10 00:58:23,343 - pipeline - INFO - Processing Play Store file: _20260309_212413_CH01_TMO_5G DP_Play Store 60MB_SEA L1 DUT_.csv (Size: 60M, Device: DUT, Location: Good)
2026-03-10 00:58:23,343 - pipeline - INFO - Processing Play Store file: _20260309_212413_CH01_TMO_5G DP_Play Store 60MB_SEA L1 DUT_.csv (Size: 60M, Device: DUT, Location: Good)
2026-03-10 00:58:23,363 - pipeline - INFO - Successfully analyzed _20260309_212413_CH01_TMO_5G DP_Play Store 60MB_SEA L1 DUT_.csv: 176.77827731092438
2026-03-10 00:58:23,363 - pipeline - INFO - Successfully analyzed _20260309_212413_CH01_TMO_5G DP_Play Store 60MB_SEA L1 DUT_.csv: 176.77827731092438
2026-03-10 00:58:23,363 - pipeline - INFO - Processing Play Store file: _20260309_212413_CH02_TMO_5G DP_Play Store 60MB_SEA L1 REF_.csv (Size: 60M, Device: REF, Location: Good)
2026-03-10 00:58:23,363 - pipeline - INFO - Processing Play Store file: _20260309_212413_CH02_TMO_5G DP_Play Store 60MB_SEA L1 REF_.csv (Size: 60M, Device: REF, Location: Good)
2026-03-10 00:58:23,383 - pipeline - INFO - Successfully analyzed _20260309_212413_CH02_TMO_5G DP_Play Store 60MB_SEA L1 REF_.csv: 206.94995098039215
2026-03-10 00:58:23,383 - pipeline - INFO - Successfully analyzed _20260309_212413_CH02_TMO_5G DP_Play Store 60MB_SEA L1 REF_.csv: 206.94995098039215
2026-03-10 00:58:23,383 - pipeline - INFO - Processing Play Store file: _20260309_213107_CH01_TMO_5G DP_Play Store 100MB_SEA L1 DUT_.csv (Size: 100M, Device: DUT, Location: Good)
2026-03-10 00:58:23,383 - pipeline - INFO - Processing Play Store file: _20260309_213107_CH01_TMO_5G DP_Play Store 100MB_SEA L1 DUT_.csv (Size: 100M, Device: DUT, Location: Good)
2026-03-10 00:58:23,402 - pipeline - INFO - Successfully analyzed _20260309_213107_CH01_TMO_5G DP_Play Store 100MB_SEA L1 DUT_.csv: 275.9479563492063
2026-03-10 00:58:23,402 - pipeline - INFO - Successfully analyzed _20260309_213107_CH01_TMO_5G DP_Play Store 100MB_SEA L1 DUT_.csv: 275.9479563492063
2026-03-10 00:58:23,403 - pipeline - INFO - Processing Play Store file: _20260309_213107_CH02_TMO_5G DP_Play Store 100MB_SEA L1 REF_.csv (Size: 100M, Device: REF, Location: Good)
2026-03-10 00:58:23,403 - pipeline - INFO - Processing Play Store file: _20260309_213107_CH02_TMO_5G DP_Play Store 100MB_SEA L1 REF_.csv (Size: 100M, Device: REF, Location: Good)
2026-03-10 00:58:23,421 - pipeline - INFO - Successfully analyzed _20260309_213107_CH02_TMO_5G DP_Play Store 100MB_SEA L1 REF_.csv: 250.66366987179487
2026-03-10 00:58:23,421 - pipeline - INFO - Successfully analyzed _20260309_213107_CH02_TMO_5G DP_Play Store 100MB_SEA L1 REF_.csv: 250.66366987179487
2026-03-10 00:58:23,421 - pipeline - INFO - Processing Play Store file: _20260301_170456_CH01_TMO_5G AUTO_Play Store 30MB_SEA L2 DUT_.csv (Size: 30M, Device: DUT, Location: Moderate)
2026-03-10 00:58:23,421 - pipeline - INFO - Processing Play Store file: _20260301_170456_CH01_TMO_5G AUTO_Play Store 30MB_SEA L2 DUT_.csv (Size: 30M, Device: DUT, Location: Moderate)
2026-03-10 00:58:23,453 - pipeline - INFO - Successfully analyzed _20260301_170456_CH01_TMO_5G AUTO_Play Store 30MB_SEA L2 DUT_.csv: 50.36797698135199
2026-03-10 00:58:23,453 - pipeline - INFO - Successfully analyzed _20260301_170456_CH01_TMO_5G AUTO_Play Store 30MB_SEA L2 DUT_.csv: 50.36797698135199
2026-03-10 00:58:23,454 - pipeline - INFO - Processing Play Store file: _20260301_170456_CH02_TMO_5G AUTO_Play Store 30MB_SEA L2 REF_.csv (Size: 30M, Device: REF, Location: Moderate)
2026-03-10 00:58:23,454 - pipeline - INFO - Processing Play Store file: _20260301_170456_CH02_TMO_5G AUTO_Play Store 30MB_SEA L2 REF_.csv (Size: 30M, Device: REF, Location: Moderate)
2026-03-10 00:58:23,477 - pipeline - INFO - Successfully analyzed _20260301_170456_CH02_TMO_5G AUTO_Play Store 30MB_SEA L2 REF_.csv: 21.685335990087253
2026-03-10 00:58:23,477 - pipeline - INFO - Successfully analyzed _20260301_170456_CH02_TMO_5G AUTO_Play Store 30MB_SEA L2 REF_.csv: 21.685335990087253
2026-03-10 00:58:23,477 - pipeline - INFO - Processing Play Store file: _20260301_172130_CH01_TMO_5G AUTO_Play Store 60MB_SEA L2 DUT_.csv (Size: 60M, Device: DUT, Location: Moderate)
2026-03-10 00:58:23,477 - pipeline - INFO - Processing Play Store file: _20260301_172130_CH01_TMO_5G AUTO_Play Store 60MB_SEA L2 DUT_.csv (Size: 60M, Device: DUT, Location: Moderate)
2026-03-10 00:58:23,502 - pipeline - INFO - Successfully analyzed _20260301_172130_CH01_TMO_5G AUTO_Play Store 60MB_SEA L2 DUT_.csv: 68.01557486173957
2026-03-10 00:58:23,502 - pipeline - INFO - Successfully analyzed _20260301_172130_CH01_TMO_5G AUTO_Play Store 60MB_SEA L2 DUT_.csv: 68.01557486173957
2026-03-10 00:58:23,502 - pipeline - INFO - Processing Play Store file: _20260301_172130_CH02_TMO_5G AUTO_Play Store 60MB_SEA L2 REF_.csv (Size: 60M, Device: REF, Location: Moderate)
2026-03-10 00:58:23,502 - pipeline - INFO - Processing Play Store file: _20260301_172130_CH02_TMO_5G AUTO_Play Store 60MB_SEA L2 REF_.csv (Size: 60M, Device: REF, Location: Moderate)
2026-03-10 00:58:23,527 - pipeline - INFO - Successfully analyzed _20260301_172130_CH02_TMO_5G AUTO_Play Store 60MB_SEA L2 REF_.csv: 27.65214870054606
2026-03-10 00:58:23,527 - pipeline - INFO - Successfully analyzed _20260301_172130_CH02_TMO_5G AUTO_Play Store 60MB_SEA L2 REF_.csv: 27.65214870054606
2026-03-10 00:58:23,527 - pipeline - INFO - Processing Play Store file: _20260301_174915_CH01_TMO_5G AUTO_Play Store 100MB_SEA L2 DUT_.csv (Size: 100M, Device: DUT, Location: Moderate)
2026-03-10 00:58:23,527 - pipeline - INFO - Processing Play Store file: _20260301_174915_CH01_TMO_5G AUTO_Play Store 100MB_SEA L2 DUT_.csv (Size: 100M, Device: DUT, Location: Moderate)
2026-03-10 00:58:23,553 - pipeline - INFO - Successfully analyzed _20260301_174915_CH01_TMO_5G AUTO_Play Store 100MB_SEA L2 DUT_.csv: 79.26933897391983
2026-03-10 00:58:23,553 - pipeline - INFO - Successfully analyzed _20260301_174915_CH01_TMO_5G AUTO_Play Store 100MB_SEA L2 DUT_.csv: 79.26933897391983
2026-03-10 00:58:23,553 - pipeline - INFO - Processing Play Store file: _20260301_174915_CH02_TMO_5G AUTO_Play Store 100MB_SEA L2 REF_.csv (Size: 100M, Device: REF, Location: Moderate)
2026-03-10 00:58:23,553 - pipeline - INFO - Processing Play Store file: _20260301_174915_CH02_TMO_5G AUTO_Play Store 100MB_SEA L2 REF_.csv (Size: 100M, Device: REF, Location: Moderate)
2026-03-10 00:58:23,580 - pipeline - INFO - Successfully analyzed _20260301_174915_CH02_TMO_5G AUTO_Play Store 100MB_SEA L2 REF_.csv: 34.360031172181216
2026-03-10 00:58:23,580 - pipeline - INFO - Successfully analyzed _20260301_174915_CH02_TMO_5G AUTO_Play Store 100MB_SEA L2 REF_.csv: 34.360031172181216
2026-03-10 00:58:23,581 - pipeline - INFO - Processing Play Store file: _20260305_133728_CH01_TMO_5G AUTO_Play Store 30 MB_SEA L3 DUT_.csv (Size: 30M, Device: DUT, Location: Poor)
2026-03-10 00:58:23,581 - pipeline - INFO - Processing Play Store file: _20260305_133728_CH01_TMO_5G AUTO_Play Store 30 MB_SEA L3 DUT_.csv (Size: 30M, Device: DUT, Location: Poor)
2026-03-10 00:58:23,603 - pipeline - INFO - Successfully analyzed _20260305_133728_CH01_TMO_5G AUTO_Play Store 30 MB_SEA L3 DUT_.csv: 5.628453927791787
2026-03-10 00:58:23,603 - pipeline - INFO - Successfully analyzed _20260305_133728_CH01_TMO_5G AUTO_Play Store 30 MB_SEA L3 DUT_.csv: 5.628453927791787
2026-03-10 00:58:23,603 - pipeline - INFO - Processing Play Store file: _20260305_133728_CH02_TMO_5G AUTO_Play Store 30 MB_SEA L3 REF_.csv (Size: 30M, Device: REF, Location: Poor)
2026-03-10 00:58:23,603 - pipeline - INFO - Processing Play Store file: _20260305_133728_CH02_TMO_5G AUTO_Play Store 30 MB_SEA L3 REF_.csv (Size: 30M, Device: REF, Location: Poor)
2026-03-10 00:58:23,628 - pipeline - INFO - Successfully analyzed _20260305_133728_CH02_TMO_5G AUTO_Play Store 30 MB_SEA L3 REF_.csv: 10.442949336003807
2026-03-10 00:58:23,628 - pipeline - INFO - Successfully analyzed _20260305_133728_CH02_TMO_5G AUTO_Play Store 30 MB_SEA L3 REF_.csv: 10.442949336003807
2026-03-10 00:58:23,628 - pipeline - INFO - Processing Play Store file: _20260305_135026_CH01_TMO_5G AUTO_Play Store 60 MB_SEA L3 DUT_.csv (Size: 60M, Device: DUT, Location: Poor)
2026-03-10 00:58:23,628 - pipeline - INFO - Processing Play Store file: _20260305_135026_CH01_TMO_5G AUTO_Play Store 60 MB_SEA L3 DUT_.csv (Size: 60M, Device: DUT, Location: Poor)
2026-03-10 00:58:23,651 - pipeline - INFO - Successfully analyzed _20260305_135026_CH01_TMO_5G AUTO_Play Store 60 MB_SEA L3 DUT_.csv: 4.197943396036771
2026-03-10 00:58:23,651 - pipeline - INFO - Successfully analyzed _20260305_135026_CH01_TMO_5G AUTO_Play Store 60 MB_SEA L3 DUT_.csv: 4.197943396036771
2026-03-10 00:58:23,652 - pipeline - INFO - Processing Play Store file: _20260305_135026_CH02_TMO_5G AUTO_Play Store 60 MB_SEA L3 REF_.csv (Size: 60M, Device: REF, Location: Poor)
2026-03-10 00:58:23,652 - pipeline - INFO - Processing Play Store file: _20260305_135026_CH02_TMO_5G AUTO_Play Store 60 MB_SEA L3 REF_.csv (Size: 60M, Device: REF, Location: Poor)
2026-03-10 00:58:23,678 - pipeline - INFO - Successfully analyzed _20260305_135026_CH02_TMO_5G AUTO_Play Store 60 MB_SEA L3 REF_.csv: 4.366513168700669
2026-03-10 00:58:23,678 - pipeline - INFO - Successfully analyzed _20260305_135026_CH02_TMO_5G AUTO_Play Store 60 MB_SEA L3 REF_.csv: 4.366513168700669
2026-03-10 00:58:23,679 - pipeline - INFO - Processing Play Store file: _20260305_140649_CH01_TMO_5G AUTO_Play Store 100 MB_SEA L3 DUT_.csv (Size: 100M, Device: DUT, Location: Poor)
2026-03-10 00:58:23,679 - pipeline - INFO - Processing Play Store file: _20260305_140649_CH01_TMO_5G AUTO_Play Store 100 MB_SEA L3 DUT_.csv (Size: 100M, Device: DUT, Location: Poor)
2026-03-10 00:58:23,704 - pipeline - INFO - Successfully analyzed _20260305_140649_CH01_TMO_5G AUTO_Play Store 100 MB_SEA L3 DUT_.csv: 2.900268355969123
2026-03-10 00:58:23,704 - pipeline - INFO - Successfully analyzed _20260305_140649_CH01_TMO_5G AUTO_Play Store 100 MB_SEA L3 DUT_.csv: 2.900268355969123
2026-03-10 00:58:23,704 - pipeline - INFO - Processing Play Store file: _20260305_140649_CH02_TMO_5G AUTO_Play Store 100 MB_SEA L3 REF_.csv (Size: 100M, Device: REF, Location: Poor)
2026-03-10 00:58:23,704 - pipeline - INFO - Processing Play Store file: _20260305_140649_CH02_TMO_5G AUTO_Play Store 100 MB_SEA L3 REF_.csv (Size: 100M, Device: REF, Location: Poor)
2026-03-10 00:58:23,741 - pipeline - INFO - Successfully analyzed _20260305_140649_CH02_TMO_5G AUTO_Play Store 100 MB_SEA L3 REF_.csv: 4.377377698089845
2026-03-10 00:58:23,741 - pipeline - INFO - Successfully analyzed _20260305_140649_CH02_TMO_5G AUTO_Play Store 100 MB_SEA L3 REF_.csv: 4.377377698089845
2026-03-10 00:58:23,742 - pipeline - INFO - Google Throughput analysis directory processing complete. Results found: True
2026-03-10 00:58:23,742 - pipeline - INFO - Google Throughput analysis directory processing complete. Results found: True
2026-03-10 00:58:23,743 - pipeline - INFO - Analyzing MHS Drive directory: D:/ReportGenerator/Raw Data\#Huaqin\Seattle\Data Performance/5G AUTO DP/Mobility Test/5G Auto Data Test MHS Drive
2026-03-10 00:58:23,743 - pipeline - INFO - Analyzing MHS Drive directory: D:/ReportGenerator/Raw Data\#Huaqin\Seattle\Data Performance/5G AUTO DP/Mobility Test/5G Auto Data Test MHS Drive
2026-03-10 00:58:24,818 - pipeline - INFO - Analyzing MHS Drive directory: D:/ReportGenerator/Raw Data\#Huaqin\Seattle\Data Performance/5G AUTO DP/Mobility Test/5G Auto Data Test Drive
2026-03-10 00:58:24,818 - pipeline - INFO - Analyzing MHS Drive directory: D:/ReportGenerator/Raw Data\#Huaqin\Seattle\Data Performance/5G AUTO DP/Mobility Test/5G Auto Data Test Drive
2026-03-10 00:58:25,868 - pipeline - INFO - Analyzing MHS Drive directory: D:/ReportGenerator/Raw Data\#Huaqin\Seattle\Data Performance/5G NSA DP/Mobility Test
2026-03-10 00:58:25,868 - pipeline - INFO - Analyzing MHS Drive directory: D:/ReportGenerator/Raw Data\#Huaqin\Seattle\Data Performance/5G NSA DP/Mobility Test
2026-03-10 00:58:27,120 - pipeline - INFO - Running post-processing (VqLineChart, Coverage extraction)...
2026-03-10 00:58:27,120 - pipeline - INFO - Running post-processing (VqLineChart, Coverage extraction)...
2026-03-10 00:58:27,271 - pipeline - INFO - Checking for CDF Throughput data to export...
2026-03-10 00:58:27,271 - pipeline - INFO - Checking for CDF Throughput data to export...
2026-03-10 00:58:27,335 - pipeline - INFO - Exported 112 CDF throughput JSON files to D:/ReportGenerator/report-generator-app/public/AnalyzeResults\#Huaqin\Seattle\cdf_throughput_data
2026-03-10 00:58:27,335 - pipeline - INFO - Exported 112 CDF throughput JSON files to D:/ReportGenerator/report-generator-app/public/AnalyzeResults\#Huaqin\Seattle\cdf_throughput_data
2026-03-10 00:58:27,348 - pipeline - INFO - Data Performance results exported to D:/ReportGenerator/report-generator-app/public/AnalyzeResults\#Huaqin\Seattle\data_performance_results.json
2026-03-10 00:58:27,348 - pipeline - INFO - Data Performance results exported to D:/ReportGenerator/report-generator-app/public/AnalyzeResults\#Huaqin\Seattle\data_performance_results.json
2026-03-10 00:58:27,356 - pipeline - INFO - Coverage Performance results exported to D:/ReportGenerator/report-generator-app/public/AnalyzeResults\#Huaqin\Seattle\coverage_performance_results.json
2026-03-10 00:58:27,356 - pipeline - INFO - Coverage Performance results exported to D:/ReportGenerator/report-generator-app/public/AnalyzeResults\#Huaqin\Seattle\coverage_performance_results.json
2026-03-10 00:58:27,358 - pipeline - INFO - Processing summary exported to D:/ReportGenerator/report-generator-app/public/AnalyzeResults\#Huaqin\Seattle\processing_summary.json
2026-03-10 00:58:27,358 - pipeline - INFO - Processing summary exported to D:/ReportGenerator/report-generator-app/public/AnalyzeResults\#Huaqin\Seattle\processing_summary.json
2026-03-10 00:58:27,359 - pipeline - INFO - Running final data validation...
2026-03-10 00:58:27,359 - pipeline - INFO - Running final data validation...
2026-03-10 00:58:27,384 - pipeline - WARNING - Summary of Empty collections found in JSON files:
2026-03-10 00:58:27,384 - pipeline - WARNING - Summary of Empty collections found in JSON files:
2026-03-10 00:58:27,384 - pipeline - WARNING -   - data_performance_results.json -> Data Performance -> 5G AUTO DP -> HTTP Multi Stream -> DL -> Good -> DUT -> Throughput -> Outliers -> Empty List
2026-03-10 00:58:27,384 - pipeline - WARNING -   - data_performance_results.json -> Data Performance -> 5G AUTO DP -> HTTP Multi Stream -> DL -> Good -> DUT -> Throughput -> Outliers -> Empty List
2026-03-10 00:58:27,385 - pipeline - WARNING -   - data_performance_results.json -> Data Performance -> 5G AUTO DP -> HTTP Multi Stream -> DL -> Good -> REF -> Throughput -> Outliers -> Empty List
2026-03-10 00:58:27,385 - pipeline - WARNING -   - data_performance_results.json -> Data Performance -> 5G AUTO DP -> HTTP Multi Stream -> DL -> Good -> REF -> Throughput -> Outliers -> Empty List
2026-03-10 00:58:27,385 - pipeline - WARNING -   - data_performance_results.json -> Data Performance -> 5G AUTO DP -> HTTP Multi Stream -> DL -> Moderate -> DUT -> Throughput -> Outliers -> Empty List
2026-03-10 00:58:27,385 - pipeline - WARNING -   - data_performance_results.json -> Data Performance -> 5G AUTO DP -> HTTP Multi Stream -> DL -> Moderate -> DUT -> Throughput -> Outliers -> Empty List
2026-03-10 00:58:27,386 - pipeline - WARNING -   - data_performance_results.json -> Data Performance -> 5G AUTO DP -> HTTP Multi Stream -> DL -> Moderate -> REF -> Throughput -> Outliers -> Empty List
2026-03-10 00:58:27,386 - pipeline - WARNING -   - data_performance_results.json -> Data Performance -> 5G AUTO DP -> HTTP Multi Stream -> DL -> Moderate -> REF -> Throughput -> Outliers -> Empty List
2026-03-10 00:58:27,386 - pipeline - WARNING -   - data_performance_results.json -> Data Performance -> 5G AUTO DP -> HTTP Multi Stream -> DL -> Poor -> DUT -> Throughput -> Outliers -> Empty List
2026-03-10 00:58:27,386 - pipeline - WARNING -   - data_performance_results.json -> Data Performance -> 5G AUTO DP -> HTTP Multi Stream -> DL -> Poor -> DUT -> Throughput -> Outliers -> Empty List
2026-03-10 00:58:27,387 - pipeline - WARNING -   - data_performance_results.json -> Data Performance -> 5G AUTO DP -> HTTP Multi Stream -> DL -> Poor -> REF -> Throughput -> Outliers -> Empty List
2026-03-10 00:58:27,387 - pipeline - WARNING -   - data_performance_results.json -> Data Performance -> 5G AUTO DP -> HTTP Multi Stream -> DL -> Poor -> REF -> Throughput -> Outliers -> Empty List
2026-03-10 00:58:27,387 - pipeline - WARNING -   - data_performance_results.json -> Data Performance -> 5G AUTO DP -> HTTP Multi Stream -> UL -> Good -> REF -> Throughput -> Outliers -> Empty List
2026-03-10 00:58:27,387 - pipeline - WARNING -   - data_performance_results.json -> Data Performance -> 5G AUTO DP -> HTTP Multi Stream -> UL -> Good -> REF -> Throughput -> Outliers -> Empty List
2026-03-10 00:58:27,388 - pipeline - WARNING -   - data_performance_results.json -> Data Performance -> 5G AUTO DP -> HTTP Multi Stream -> UL -> Moderate -> DUT -> Throughput -> Outliers -> Empty List
2026-03-10 00:58:27,388 - pipeline - WARNING -   - data_performance_results.json -> Data Performance -> 5G AUTO DP -> HTTP Multi Stream -> UL -> Moderate -> DUT -> Throughput -> Outliers -> Empty List
2026-03-10 00:58:27,388 - pipeline - WARNING -   - data_performance_results.json -> Data Performance -> 5G AUTO DP -> HTTP Single Stream -> DL -> Good -> DUT -> Throughput -> Outliers -> Empty List
2026-03-10 00:58:27,388 - pipeline - WARNING -   - data_performance_results.json -> Data Performance -> 5G AUTO DP -> HTTP Single Stream -> DL -> Good -> DUT -> Throughput -> Outliers -> Empty List
2026-03-10 00:58:27,388 - pipeline - WARNING -   - data_performance_results.json -> Data Performance -> 5G AUTO DP -> HTTP Single Stream -> DL -> Moderate -> DUT -> Throughput -> Outliers -> Empty List
2026-03-10 00:58:27,388 - pipeline - WARNING -   - data_performance_results.json -> Data Performance -> 5G AUTO DP -> HTTP Single Stream -> DL -> Moderate -> DUT -> Throughput -> Outliers -> Empty List
2026-03-10 00:58:27,389 - pipeline - WARNING -   - data_performance_results.json -> Data Performance -> 5G AUTO DP -> HTTP Single Stream -> DL -> Poor -> REF -> Throughput -> Outliers -> Empty List
2026-03-10 00:58:27,389 - pipeline - WARNING -   - data_performance_results.json -> Data Performance -> 5G AUTO DP -> HTTP Single Stream -> DL -> Poor -> REF -> Throughput -> Outliers -> Empty List
2026-03-10 00:58:27,389 - pipeline - WARNING -   - data_performance_results.json -> Data Performance -> 5G AUTO DP -> Mobile Hotspot Test -> HTTP Multi Stream -> DL -> Poor -> DUT -> Throughput -> Outliers -> Empty List
2026-03-10 00:58:27,389 - pipeline - WARNING -   - data_performance_results.json -> Data Performance -> 5G AUTO DP -> Mobile Hotspot Test -> HTTP Multi Stream -> DL -> Poor -> DUT -> Throughput -> Outliers -> Empty List
2026-03-10 00:58:27,389 - pipeline - WARNING -   - data_performance_results.json -> Data Performance -> 5G AUTO DP -> Mobile Hotspot Test -> HTTP Multi Stream -> DL -> Poor -> REF -> Throughput -> Outliers -> Empty List
2026-03-10 00:58:27,389 - pipeline - WARNING -   - data_performance_results.json -> Data Performance -> 5G AUTO DP -> Mobile Hotspot Test -> HTTP Multi Stream -> DL -> Poor -> REF -> Throughput -> Outliers -> Empty List
2026-03-10 00:58:27,390 - pipeline - WARNING -   - data_performance_results.json -> Data Performance -> 5G AUTO DP -> Mobile Hotspot Test -> HTTP Multi Stream -> UL -> Moderate -> REF -> Throughput -> Outliers -> Empty List
2026-03-10 00:58:27,390 - pipeline - WARNING -   - data_performance_results.json -> Data Performance -> 5G AUTO DP -> Mobile Hotspot Test -> HTTP Multi Stream -> UL -> Moderate -> REF -> Throughput -> Outliers -> Empty List
2026-03-10 00:58:27,390 - pipeline - WARNING -   - data_performance_results.json -> Data Performance -> 5G AUTO DP -> Mobile Hotspot Test -> HTTP Single Stream -> DL -> Moderate -> DUT -> Throughput -> Outliers -> Empty List
2026-03-10 00:58:27,390 - pipeline - WARNING -   - data_performance_results.json -> Data Performance -> 5G AUTO DP -> Mobile Hotspot Test -> HTTP Single Stream -> DL -> Moderate -> DUT -> Throughput -> Outliers -> Empty List
2026-03-10 00:58:27,390 - pipeline - WARNING -   - data_performance_results.json -> Data Performance -> 5G AUTO DP -> Mobile Hotspot Test -> HTTP Single Stream -> DL -> Poor -> REF -> Throughput -> Outliers -> Empty List
2026-03-10 00:58:27,390 - pipeline - WARNING -   - data_performance_results.json -> Data Performance -> 5G AUTO DP -> Mobile Hotspot Test -> HTTP Single Stream -> DL -> Poor -> REF -> Throughput -> Outliers -> Empty List
2026-03-10 00:58:27,391 - pipeline - WARNING -   - data_performance_results.json -> Data Performance -> 5G AUTO DP -> Mobile Hotspot Test -> HTTP Single Stream -> UL -> Moderate -> DUT -> Throughput -> Outliers -> Empty List
2026-03-10 00:58:27,391 - pipeline - WARNING -   - data_performance_results.json -> Data Performance -> 5G AUTO DP -> Mobile Hotspot Test -> HTTP Single Stream -> UL -> Moderate -> DUT -> Throughput -> Outliers -> Empty List
2026-03-10 00:58:27,391 - pipeline - WARNING -   - data_performance_results.json -> Data Performance -> 5G AUTO DP -> Mobile Hotspot Test -> HTTP Single Stream -> UL -> Moderate -> REF -> Throughput -> Outliers -> Empty List
2026-03-10 00:58:27,391 - pipeline - WARNING -   - data_performance_results.json -> Data Performance -> 5G AUTO DP -> Mobile Hotspot Test -> HTTP Single Stream -> UL -> Moderate -> REF -> Throughput -> Outliers -> Empty List
2026-03-10 00:58:27,392 - pipeline - WARNING -   - data_performance_results.json -> Data Performance -> 5G AUTO DP -> Mobile Hotspot Test -> Udp Test -> DL -> UDP Download Task at 200 Mbps for 10 seconds -> Moderate -> DUT -> Throughput -> Outliers -> Empty List
2026-03-10 00:58:27,392 - pipeline - WARNING -   - data_performance_results.json -> Data Performance -> 5G AUTO DP -> Mobile Hotspot Test -> Udp Test -> DL -> UDP Download Task at 200 Mbps for 10 seconds -> Moderate -> DUT -> Throughput -> Outliers -> Empty List
2026-03-10 00:58:27,392 - pipeline - WARNING -   - data_performance_results.json -> Data Performance -> 5G AUTO DP -> Mobile Hotspot Test -> Udp Test -> DL -> UDP Download Task at 200 Mbps for 10 seconds -> Moderate -> REF -> Throughput -> Outliers -> Empty List
2026-03-10 00:58:27,392 - pipeline - WARNING -   - data_performance_results.json -> Data Performance -> 5G AUTO DP -> Mobile Hotspot Test -> Udp Test -> DL -> UDP Download Task at 200 Mbps for 10 seconds -> Moderate -> REF -> Throughput -> Outliers -> Empty List
2026-03-10 00:58:27,393 - pipeline - WARNING -   - data_performance_results.json -> Data Performance -> 5G AUTO DP -> Mobile Hotspot Test -> Udp Test -> DL -> UDP Download Task at 200 Mbps for 10 seconds -> Poor -> DUT -> Throughput -> Outliers -> Empty List
2026-03-10 00:58:27,393 - pipeline - WARNING -   - data_performance_results.json -> Data Performance -> 5G AUTO DP -> Mobile Hotspot Test -> Udp Test -> DL -> UDP Download Task at 200 Mbps for 10 seconds -> Poor -> DUT -> Throughput -> Outliers -> Empty List
2026-03-10 00:58:27,393 - pipeline - WARNING -   - data_performance_results.json -> Data Performance -> 5G AUTO DP -> Mobile Hotspot Test -> Udp Test -> DL -> UDP Download Task at 200 Mbps for 10 seconds -> Poor -> REF -> Throughput -> Outliers -> Empty List
2026-03-10 00:58:27,393 - pipeline - WARNING -   - data_performance_results.json -> Data Performance -> 5G AUTO DP -> Mobile Hotspot Test -> Udp Test -> DL -> UDP Download Task at 200 Mbps for 10 seconds -> Poor -> REF -> Throughput -> Outliers -> Empty List
2026-03-10 00:58:27,394 - pipeline - WARNING -   - data_performance_results.json -> Data Performance -> 5G AUTO DP -> Mobile Hotspot Test -> Udp Test -> DL -> UDP Download Task at 400 Mbps for 10 seconds -> Moderate -> DUT -> Throughput -> Outliers -> Empty List
2026-03-10 00:58:27,394 - pipeline - WARNING -   - data_performance_results.json -> Data Performance -> 5G AUTO DP -> Mobile Hotspot Test -> Udp Test -> DL -> UDP Download Task at 400 Mbps for 10 seconds -> Moderate -> DUT -> Throughput -> Outliers -> Empty List
2026-03-10 00:58:27,394 - pipeline - WARNING -   - data_performance_results.json -> Data Performance -> 5G AUTO DP -> Mobile Hotspot Test -> Udp Test -> DL -> UDP Download Task at 400 Mbps for 10 seconds -> Poor -> REF -> Throughput -> Outliers -> Empty List
2026-03-10 00:58:27,394 - pipeline - WARNING -   - data_performance_results.json -> Data Performance -> 5G AUTO DP -> Mobile Hotspot Test -> Udp Test -> DL -> UDP Download Task at 400 Mbps for 10 seconds -> Poor -> REF -> Throughput -> Outliers -> Empty List
2026-03-10 00:58:27,395 - pipeline - WARNING -   - data_performance_results.json -> Data Performance -> 5G AUTO DP -> Mobile Hotspot Test -> Udp Test -> UL -> UDP Upload Task at 10 Mbps for 10 seconds -> Poor -> REF -> Throughput -> Outliers -> Empty List
2026-03-10 00:58:27,395 - pipeline - WARNING -   - data_performance_results.json -> Data Performance -> 5G AUTO DP -> Mobile Hotspot Test -> Udp Test -> UL -> UDP Upload Task at 10 Mbps for 10 seconds -> Poor -> REF -> Throughput -> Outliers -> Empty List
2026-03-10 00:58:27,396 - pipeline - WARNING -   - data_performance_results.json -> Data Performance -> 5G AUTO DP -> Mobile Hotspot Test -> Udp Test -> UL -> UDP Upload Task at 20 Mbps for 10 seconds -> Poor -> DUT -> Throughput -> Outliers -> Empty List
2026-03-10 00:58:27,396 - pipeline - WARNING -   - data_performance_results.json -> Data Performance -> 5G AUTO DP -> Mobile Hotspot Test -> Udp Test -> UL -> UDP Upload Task at 20 Mbps for 10 seconds -> Poor -> DUT -> Throughput -> Outliers -> Empty List
2026-03-10 00:58:27,397 - pipeline - WARNING -   - data_performance_results.json -> Data Performance -> 5G AUTO DP -> Ping -> Good -> REF -> Ping RTT -> Outliers -> Empty List
2026-03-10 00:58:27,397 - pipeline - WARNING -   - data_performance_results.json -> Data Performance -> 5G AUTO DP -> Ping -> Good -> REF -> Ping RTT -> Outliers -> Empty List
2026-03-10 00:58:27,397 - pipeline - WARNING -   - data_performance_results.json -> Data Performance -> 5G AUTO DP -> Udp Test -> DL -> UDP Download Task at 200 Mbps for 10 seconds -> Good -> DUT -> Throughput -> Outliers -> Empty List
2026-03-10 00:58:27,397 - pipeline - WARNING -   - data_performance_results.json -> Data Performance -> 5G AUTO DP -> Udp Test -> DL -> UDP Download Task at 200 Mbps for 10 seconds -> Good -> DUT -> Throughput -> Outliers -> Empty List
2026-03-10 00:58:27,397 - pipeline - WARNING -   - data_performance_results.json -> Data Performance -> 5G AUTO DP -> Udp Test -> DL -> UDP Download Task at 200 Mbps for 10 seconds -> Good -> REF -> Throughput -> Outliers -> Empty List
2026-03-10 00:58:27,397 - pipeline - WARNING -   - data_performance_results.json -> Data Performance -> 5G AUTO DP -> Udp Test -> DL -> UDP Download Task at 200 Mbps for 10 seconds -> Good -> REF -> Throughput -> Outliers -> Empty List
2026-03-10 00:58:27,398 - pipeline - WARNING -   - data_performance_results.json -> Data Performance -> 5G AUTO DP -> Udp Test -> DL -> UDP Download Task at 200 Mbps for 10 seconds -> Poor -> DUT -> Throughput -> Outliers -> Empty List
2026-03-10 00:58:27,398 - pipeline - WARNING -   - data_performance_results.json -> Data Performance -> 5G AUTO DP -> Udp Test -> DL -> UDP Download Task at 200 Mbps for 10 seconds -> Poor -> DUT -> Throughput -> Outliers -> Empty List
2026-03-10 00:58:27,398 - pipeline - WARNING -   - data_performance_results.json -> Data Performance -> 5G AUTO DP -> Udp Test -> DL -> UDP Download Task at 200 Mbps for 10 seconds -> Poor -> REF -> Throughput -> Outliers -> Empty List
2026-03-10 00:58:27,398 - pipeline - WARNING -   - data_performance_results.json -> Data Performance -> 5G AUTO DP -> Udp Test -> DL -> UDP Download Task at 200 Mbps for 10 seconds -> Poor -> REF -> Throughput -> Outliers -> Empty List
2026-03-10 00:58:27,398 - pipeline - WARNING -   - data_performance_results.json -> Data Performance -> 5G AUTO DP -> Udp Test -> DL -> UDP Download Task at 400 Mbps for 10 seconds -> Good -> DUT -> Throughput -> Outliers -> Empty List
2026-03-10 00:58:27,398 - pipeline - WARNING -   - data_performance_results.json -> Data Performance -> 5G AUTO DP -> Udp Test -> DL -> UDP Download Task at 400 Mbps for 10 seconds -> Good -> DUT -> Throughput -> Outliers -> Empty List
2026-03-10 00:58:27,399 - pipeline - WARNING -   - data_performance_results.json -> Data Performance -> 5G AUTO DP -> Udp Test -> DL -> UDP Download Task at 400 Mbps for 10 seconds -> Good -> REF -> Throughput -> Outliers -> Empty List
2026-03-10 00:58:27,399 - pipeline - WARNING -   - data_performance_results.json -> Data Performance -> 5G AUTO DP -> Udp Test -> DL -> UDP Download Task at 400 Mbps for 10 seconds -> Good -> REF -> Throughput -> Outliers -> Empty List
2026-03-10 00:58:27,399 - pipeline - WARNING -   - data_performance_results.json -> Data Performance -> 5G AUTO DP -> Udp Test -> DL -> UDP Download Task at 400 Mbps for 10 seconds -> Moderate -> REF -> Throughput -> Outliers -> Empty List
2026-03-10 00:58:27,399 - pipeline - WARNING -   - data_performance_results.json -> Data Performance -> 5G AUTO DP -> Udp Test -> DL -> UDP Download Task at 400 Mbps for 10 seconds -> Moderate -> REF -> Throughput -> Outliers -> Empty List
2026-03-10 00:58:27,400 - pipeline - WARNING -   - data_performance_results.json -> Data Performance -> 5G AUTO DP -> Udp Test -> DL -> UDP Download Task at 400 Mbps for 10 seconds -> Poor -> DUT -> Throughput -> Outliers -> Empty List
2026-03-10 00:58:27,400 - pipeline - WARNING -   - data_performance_results.json -> Data Performance -> 5G AUTO DP -> Udp Test -> DL -> UDP Download Task at 400 Mbps for 10 seconds -> Poor -> DUT -> Throughput -> Outliers -> Empty List
2026-03-10 00:58:27,400 - pipeline - WARNING -   - data_performance_results.json -> Data Performance -> 5G AUTO DP -> Udp Test -> DL -> UDP Download Task at 400 Mbps for 10 seconds -> Poor -> REF -> Throughput -> Outliers -> Empty List
2026-03-10 00:58:27,400 - pipeline - WARNING -   - data_performance_results.json -> Data Performance -> 5G AUTO DP -> Udp Test -> DL -> UDP Download Task at 400 Mbps for 10 seconds -> Poor -> REF -> Throughput -> Outliers -> Empty List
2026-03-10 00:58:27,401 - pipeline - WARNING -   - data_performance_results.json -> Data Performance -> 5G NSA DP -> HTTP Multi Stream -> DL -> Moderate -> DUT -> Throughput -> Outliers -> Empty List
2026-03-10 00:58:27,401 - pipeline - WARNING -   - data_performance_results.json -> Data Performance -> 5G NSA DP -> HTTP Multi Stream -> DL -> Moderate -> DUT -> Throughput -> Outliers -> Empty List
2026-03-10 00:58:27,401 - pipeline - WARNING -   - data_performance_results.json -> Data Performance -> 5G NSA DP -> HTTP Multi Stream -> DL -> Moderate -> REF -> Throughput -> Outliers -> Empty List
2026-03-10 00:58:27,401 - pipeline - WARNING -   - data_performance_results.json -> Data Performance -> 5G NSA DP -> HTTP Multi Stream -> DL -> Moderate -> REF -> Throughput -> Outliers -> Empty List
2026-03-10 00:58:27,402 - pipeline - WARNING -   - data_performance_results.json -> Data Performance -> 5G NSA DP -> HTTP Multi Stream -> DL -> Poor -> DUT -> Throughput -> Outliers -> Empty List
2026-03-10 00:58:27,402 - pipeline - WARNING -   - data_performance_results.json -> Data Performance -> 5G NSA DP -> HTTP Multi Stream -> DL -> Poor -> DUT -> Throughput -> Outliers -> Empty List
2026-03-10 00:58:27,402 - pipeline - WARNING -   - data_performance_results.json -> Data Performance -> 5G NSA DP -> HTTP Multi Stream -> DL -> Poor -> REF -> Throughput -> Outliers -> Empty List
2026-03-10 00:58:27,402 - pipeline - WARNING -   - data_performance_results.json -> Data Performance -> 5G NSA DP -> HTTP Multi Stream -> DL -> Poor -> REF -> Throughput -> Outliers -> Empty List
2026-03-10 00:58:27,403 - pipeline - WARNING -   - data_performance_results.json -> Data Performance -> 5G NSA DP -> HTTP Multi Stream -> UL -> Moderate -> DUT -> Throughput -> Outliers -> Empty List
2026-03-10 00:58:27,403 - pipeline - WARNING -   - data_performance_results.json -> Data Performance -> 5G NSA DP -> HTTP Multi Stream -> UL -> Moderate -> DUT -> Throughput -> Outliers -> Empty List
2026-03-10 00:58:27,403 - pipeline - WARNING -   - data_performance_results.json -> Data Performance -> 5G NSA DP -> HTTP Multi Stream -> UL -> Moderate -> REF -> Throughput -> Outliers -> Empty List
2026-03-10 00:58:27,403 - pipeline - WARNING -   - data_performance_results.json -> Data Performance -> 5G NSA DP -> HTTP Multi Stream -> UL -> Moderate -> REF -> Throughput -> Outliers -> Empty List
2026-03-10 00:58:27,403 - pipeline - WARNING -   - data_performance_results.json -> Data Performance -> 5G NSA DP -> HTTP Multi Stream -> UL -> Poor -> REF -> Throughput -> Outliers -> Empty List
2026-03-10 00:58:27,403 - pipeline - WARNING -   - data_performance_results.json -> Data Performance -> 5G NSA DP -> HTTP Multi Stream -> UL -> Poor -> REF -> Throughput -> Outliers -> Empty List
2026-03-10 00:58:27,404 - pipeline - WARNING -   - data_performance_results.json -> Data Performance -> 5G NSA DP -> HTTP Single Stream -> DL -> Moderate -> DUT -> Throughput -> Outliers -> Empty List
2026-03-10 00:58:27,404 - pipeline - WARNING -   - data_performance_results.json -> Data Performance -> 5G NSA DP -> HTTP Single Stream -> DL -> Moderate -> DUT -> Throughput -> Outliers -> Empty List
2026-03-10 00:58:27,404 - pipeline - WARNING -   - data_performance_results.json -> Data Performance -> 5G NSA DP -> HTTP Single Stream -> DL -> Moderate -> REF -> Throughput -> Outliers -> Empty List
2026-03-10 00:58:27,404 - pipeline - WARNING -   - data_performance_results.json -> Data Performance -> 5G NSA DP -> HTTP Single Stream -> DL -> Moderate -> REF -> Throughput -> Outliers -> Empty List
2026-03-10 00:58:27,405 - pipeline - WARNING -   - data_performance_results.json -> Data Performance -> 5G NSA DP -> HTTP Single Stream -> DL -> Poor -> REF -> Throughput -> Outliers -> Empty List
2026-03-10 00:58:27,405 - pipeline - WARNING -   - data_performance_results.json -> Data Performance -> 5G NSA DP -> HTTP Single Stream -> DL -> Poor -> REF -> Throughput -> Outliers -> Empty List
2026-03-10 00:58:27,405 - pipeline - WARNING -   - data_performance_results.json -> Data Performance -> 5G NSA DP -> Udp Test -> DL -> UDP Download Task at 200 Mbps for 10 seconds -> Moderate -> REF -> Throughput -> Outliers -> Empty List
2026-03-10 00:58:27,405 - pipeline - WARNING -   - data_performance_results.json -> Data Performance -> 5G NSA DP -> Udp Test -> DL -> UDP Download Task at 200 Mbps for 10 seconds -> Moderate -> REF -> Throughput -> Outliers -> Empty List
2026-03-10 00:58:27,406 - pipeline - WARNING -   - data_performance_results.json -> Data Performance -> 5G NSA DP -> Udp Test -> DL -> UDP Download Task at 400 Mbps for 10 seconds -> Moderate -> REF -> Throughput -> Outliers -> Empty List
2026-03-10 00:58:27,406 - pipeline - WARNING -   - data_performance_results.json -> Data Performance -> 5G NSA DP -> Udp Test -> DL -> UDP Download Task at 400 Mbps for 10 seconds -> Moderate -> REF -> Throughput -> Outliers -> Empty List
2026-03-10 00:58:27,406 - pipeline - WARNING -   - data_performance_results.json -> Data Performance -> 5G NSA DP -> Udp Test -> DL -> UDP Download Task at 400 Mbps for 10 seconds -> Poor -> DUT -> Throughput -> Outliers -> Empty List
2026-03-10 00:58:27,406 - pipeline - WARNING -   - data_performance_results.json -> Data Performance -> 5G NSA DP -> Udp Test -> DL -> UDP Download Task at 400 Mbps for 10 seconds -> Poor -> DUT -> Throughput -> Outliers -> Empty List
2026-03-10 00:58:27,407 - pipeline - WARNING -   - data_performance_results.json -> Data Performance -> 5G NSA DP -> Udp Test -> DL -> UDP Download Task at 400 Mbps for 10 seconds -> Poor -> REF -> Throughput -> Outliers -> Empty List
2026-03-10 00:58:27,407 - pipeline - WARNING -   - data_performance_results.json -> Data Performance -> 5G NSA DP -> Udp Test -> DL -> UDP Download Task at 400 Mbps for 10 seconds -> Poor -> REF -> Throughput -> Outliers -> Empty List
2026-03-10 00:58:27,407 - pipeline - WARNING -   - data_performance_results.json -> Data Performance -> 5G NSA DP -> Udp Test -> UL -> 5G NSA_UDP Upload Task at 10 Mbps for 10 seconds -> Poor -> REF -> Throughput -> Outliers -> Empty List
2026-03-10 00:58:27,407 - pipeline - WARNING -   - data_performance_results.json -> Data Performance -> 5G NSA DP -> Udp Test -> UL -> 5G NSA_UDP Upload Task at 10 Mbps for 10 seconds -> Poor -> REF -> Throughput -> Outliers -> Empty List
2026-03-10 00:58:27,407 - pipeline - WARNING -   - data_performance_results.json -> Data Performance -> 5G NSA DP -> Udp Test -> UL -> 5G NSA_UDP Upload Task at 20 Mbps for 10 seconds -> Poor -> REF -> Throughput -> Outliers -> Empty List
2026-03-10 00:58:27,407 - pipeline - WARNING -   - data_performance_results.json -> Data Performance -> 5G NSA DP -> Udp Test -> UL -> 5G NSA_UDP Upload Task at 20 Mbps for 10 seconds -> Poor -> REF -> Throughput -> Outliers -> Empty List
2026-03-10 00:58:27,408 - pipeline - INFO - Pipeline execution completed. Results in: D:/ReportGenerator/report-generator-app/public/AnalyzeResults\#Huaqin\Seattle
2026-03-10 00:58:27,408 - pipeline - INFO - Pipeline execution completed. Results in: D:/ReportGenerator/report-generator-app/public/AnalyzeResults\#Huaqin\Seattle
2026-03-10 01:04:31,020 - pipeline - INFO - Project: #Huaqin
2026-03-10 01:04:31,020 - pipeline - INFO - Market: New York
2026-03-10 01:04:31,020 - pipeline - INFO - Reading from: D:/ReportGenerator/Raw Data\#Huaqin\New York
2026-03-10 01:04:31,021 - pipeline - INFO - Writing to: D:/ReportGenerator/report-generator-app/public/AnalyzeResults\#Huaqin\New York
2026-03-10 01:04:31,021 - pipeline - INFO - Starting analysis pipeline...
2026-03-10 01:04:31,025 - pipeline - INFO - Grouping 124 CSV files by directory and device type...
2026-03-10 01:04:31,026 - pipeline - INFO - Created 102 file groups for analysis
2026-03-10 01:04:31,027 - pipeline - INFO - Analyzing 1 file(s) for DUT in 5G Auto Data Web-Kepler
2026-03-10 01:04:31,056 - pipeline - INFO - Analyzing 1 file(s) for REF in 5G Auto Data Web-Kepler
2026-03-10 01:04:31,082 - pipeline - INFO - Analyzing 1 file(s) for DUT in Good
2026-03-10 01:04:31,123 - pipeline - INFO - Analyzing 1 file(s) for REF in Good
2026-03-10 01:04:31,160 - pipeline - INFO - Analyzing 1 file(s) for DUT in Moderate
2026-03-10 01:04:31,197 - pipeline - INFO - Analyzing 1 file(s) for REF in Moderate
2026-03-10 01:04:31,235 - pipeline - INFO - Analyzing 1 file(s) for DUT in Poor
2026-03-10 01:04:31,271 - pipeline - INFO - Analyzing 1 file(s) for REF in Poor
2026-03-10 01:04:31,308 - pipeline - INFO - Analyzing 1 file(s) for DUT in Good
2026-03-10 01:04:31,339 - pipeline - INFO - Analyzing 1 file(s) for REF in Good
2026-03-10 01:04:31,370 - pipeline - INFO - Analyzing 1 file(s) for DUT in Moderate
2026-03-10 01:04:31,400 - pipeline - INFO - Analyzing 1 file(s) for REF in Moderate
2026-03-10 01:04:31,432 - pipeline - INFO - Analyzing 1 file(s) for DUT in Poor
2026-03-10 01:04:31,463 - pipeline - INFO - Analyzing 1 file(s) for REF in Poor
2026-03-10 01:04:31,493 - pipeline - INFO - Analyzing 2 file(s) for DUT in Good
2026-03-10 01:04:31,558 - pipeline - INFO - Analyzing 2 file(s) for REF in Good
2026-03-10 01:04:31,619 - pipeline - INFO - Analyzing 1 file(s) for DUT in Moderate
2026-03-10 01:04:31,671 - pipeline - INFO - Analyzing 1 file(s) for REF in Moderate
2026-03-10 01:04:31,724 - pipeline - INFO - Analyzing 1 file(s) for DUT in Poor
2026-03-10 01:04:31,777 - pipeline - INFO - Analyzing 1 file(s) for REF in Poor
2026-03-10 01:04:31,830 - pipeline - INFO - Analyzing 1 file(s) for DUT in Good
2026-03-10 01:04:31,849 - pipeline - INFO - Analyzing 1 file(s) for REF in Good
2026-03-10 01:04:31,868 - pipeline - INFO - Analyzing 1 file(s) for DUT in Moderate
2026-03-10 01:04:31,888 - pipeline - INFO - Analyzing 1 file(s) for REF in Moderate
2026-03-10 01:04:31,908 - pipeline - INFO - Analyzing 1 file(s) for DUT in Poor
2026-03-10 01:04:31,927 - pipeline - INFO - Analyzing 1 file(s) for REF in Poor
2026-03-10 01:04:31,948 - pipeline - INFO - Analyzing 3 file(s) for DUT in 5G Auto Data Test Drive
2026-03-10 01:04:32,254 - pipeline - INFO - Analyzing 3 file(s) for REF in 5G Auto Data Test Drive
2026-03-10 01:04:32,552 - pipeline - INFO - Analyzing 1 file(s) for DUT in Good
2026-03-10 01:04:32,597 - pipeline - INFO - Analyzing 1 file(s) for REF in Good
2026-03-10 01:04:32,641 - pipeline - INFO - Analyzing 1 file(s) for DUT in Moderate
2026-03-10 01:04:32,686 - pipeline - INFO - Analyzing 1 file(s) for REF in Moderate
2026-03-10 01:04:32,730 - pipeline - INFO - Analyzing 1 file(s) for DUT in Poor
2026-03-10 01:04:32,774 - pipeline - INFO - Analyzing 1 file(s) for REF in Poor
2026-03-10 01:04:32,816 - pipeline - INFO - Analyzing 1 file(s) for DUT in Good
2026-03-10 01:04:32,866 - pipeline - INFO - Analyzing 1 file(s) for REF in Good
2026-03-10 01:04:32,914 - pipeline - INFO - Analyzing 1 file(s) for DUT in Moderate
2026-03-10 01:04:32,963 - pipeline - INFO - Analyzing 1 file(s) for REF in Moderate
2026-03-10 01:04:33,012 - pipeline - INFO - Analyzing 1 file(s) for DUT in Poor
2026-03-10 01:04:33,064 - pipeline - INFO - Analyzing 1 file(s) for REF in Poor
2026-03-10 01:04:33,114 - pipeline - INFO - Analyzing 1 file(s) for DUT in Good
2026-03-10 01:04:33,160 - pipeline - INFO - Analyzing 1 file(s) for REF in Good
2026-03-10 01:04:33,207 - pipeline - INFO - Analyzing 1 file(s) for DUT in Moderate
2026-03-10 01:04:33,255 - pipeline - INFO - Analyzing 1 file(s) for REF in Moderate
2026-03-10 01:04:33,301 - pipeline - INFO - Analyzing 1 file(s) for DUT in Poor
2026-03-10 01:04:33,346 - pipeline - INFO - Analyzing 1 file(s) for REF in Poor
2026-03-10 01:04:33,396 - pipeline - INFO - Analyzing 1 file(s) for DUT in Good
2026-03-10 01:04:33,438 - pipeline - INFO - Analyzing 1 file(s) for REF in Good
2026-03-10 01:04:33,479 - pipeline - INFO - Analyzing 1 file(s) for DUT in Moderate
2026-03-10 01:04:33,523 - pipeline - INFO - Analyzing 1 file(s) for REF in Moderate
2026-03-10 01:04:33,567 - pipeline - INFO - Analyzing 1 file(s) for DUT in Poor
2026-03-10 01:04:33,610 - pipeline - INFO - Analyzing 1 file(s) for REF in Poor
2026-03-10 01:04:33,652 - pipeline - INFO - Analyzing 1 file(s) for DUT in Good
2026-03-10 01:04:33,696 - pipeline - INFO - Analyzing 1 file(s) for REF in Good
2026-03-10 01:04:33,737 - pipeline - INFO - Analyzing 1 file(s) for DUT in Moderate
2026-03-10 01:04:33,779 - pipeline - INFO - Analyzing 1 file(s) for REF in Moderate
2026-03-10 01:04:33,820 - pipeline - INFO - Analyzing 1 file(s) for DUT in Poor
2026-03-10 01:04:33,863 - pipeline - INFO - Analyzing 1 file(s) for REF in Poor
2026-03-10 01:04:33,906 - pipeline - INFO - Analyzing 1 file(s) for DUT in Moderate
2026-03-10 01:04:33,940 - pipeline - INFO - Analyzing 1 file(s) for REF in Moderate
2026-03-10 01:04:33,976 - pipeline - INFO - Analyzing 1 file(s) for DUT in Poor
2026-03-10 01:04:34,011 - pipeline - INFO - Analyzing 1 file(s) for REF in Poor
2026-03-10 01:04:34,046 - pipeline - INFO - Analyzing 1 file(s) for DUT in Moderate
2026-03-10 01:04:34,075 - pipeline - INFO - Analyzing 1 file(s) for REF in Moderate
2026-03-10 01:04:34,105 - pipeline - INFO - Analyzing 1 file(s) for DUT in Poor
2026-03-10 01:04:34,135 - pipeline - INFO - Analyzing 1 file(s) for REF in Poor
2026-03-10 01:04:34,165 - pipeline - INFO - Analyzing 1 file(s) for DUT in Moderate
2026-03-10 01:04:34,217 - pipeline - INFO - Analyzing 1 file(s) for REF in Moderate
2026-03-10 01:04:34,269 - pipeline - INFO - Analyzing 1 file(s) for DUT in Poor
2026-03-10 01:04:34,320 - pipeline - INFO - Analyzing 1 file(s) for REF in Poor
2026-03-10 01:04:34,377 - pipeline - INFO - Analyzing 1 file(s) for DUT in Moderate
2026-03-10 01:04:34,395 - pipeline - INFO - Analyzing 1 file(s) for REF in Moderate
2026-03-10 01:04:34,412 - pipeline - INFO - Analyzing 1 file(s) for DUT in Poor
2026-03-10 01:04:34,432 - pipeline - INFO - Analyzing 1 file(s) for REF in Poor
2026-03-10 01:04:34,450 - pipeline - INFO - Analyzing 3 file(s) for DUT in Mobility Test
2026-03-10 01:04:34,739 - pipeline - INFO - Analyzing 3 file(s) for REF in Mobility Test
2026-03-10 01:04:35,024 - pipeline - INFO - Analyzing 1 file(s) for DUT in Moderate
2026-03-10 01:04:35,069 - pipeline - INFO - Analyzing 1 file(s) for REF in Moderate
2026-03-10 01:04:35,113 - pipeline - INFO - Analyzing 1 file(s) for DUT in Poor
2026-03-10 01:04:35,159 - pipeline - INFO - Analyzing 1 file(s) for REF in Poor
2026-03-10 01:04:35,201 - pipeline - INFO - Analyzing 1 file(s) for DUT in Moderate
2026-03-10 01:04:35,249 - pipeline - INFO - Analyzing 1 file(s) for REF in Moderate
2026-03-10 01:04:35,297 - pipeline - INFO - Analyzing 1 file(s) for DUT in Poor
2026-03-10 01:04:35,348 - pipeline - INFO - Analyzing 1 file(s) for REF in Poor
2026-03-10 01:04:35,397 - pipeline - INFO - Analyzing 1 file(s) for DUT in Moderate
2026-03-10 01:04:35,446 - pipeline - INFO - Analyzing 1 file(s) for REF in Moderate
2026-03-10 01:04:35,496 - pipeline - INFO - Analyzing 1 file(s) for DUT in Poor
2026-03-10 01:04:35,545 - pipeline - INFO - Analyzing 1 file(s) for REF in Poor
2026-03-10 01:04:35,594 - pipeline - INFO - Analyzing 1 file(s) for DUT in Moderate
2026-03-10 01:04:35,637 - pipeline - INFO - Analyzing 1 file(s) for REF in Moderate
2026-03-10 01:04:35,680 - pipeline - INFO - Analyzing 1 file(s) for DUT in Poor
2026-03-10 01:04:35,724 - pipeline - INFO - Analyzing 1 file(s) for REF in Poor
2026-03-10 01:04:35,768 - pipeline - INFO - Analyzing 1 file(s) for DUT in Moderate
2026-03-10 01:04:35,815 - pipeline - INFO - Analyzing 1 file(s) for REF in Moderate
2026-03-10 01:04:35,859 - pipeline - INFO - Analyzing 1 file(s) for DUT in Poor
2026-03-10 01:04:35,901 - pipeline - INFO - Analyzing 1 file(s) for REF in Poor
2026-03-10 01:04:35,944 - pipeline - INFO - Processing directory-level analyses...
2026-03-10 01:04:35,944 - pipeline - INFO - Analyzing Coverage directory: D:/ReportGenerator/Raw Data\#Huaqin\New York\Coverage Performance (Type: coverage_coordinate)
2026-03-10 01:04:35,944 - pipeline - INFO - Analyzing Coverage directory: D:/ReportGenerator/Raw Data\#Huaqin\New York\Coverage Performance/5G n41 HPUE Coverage Test (Type: n41_coverage)
2026-03-10 01:04:35,977 - pipeline - INFO - Analyzing Coverage directory: D:/ReportGenerator/Raw Data\#Huaqin\New York\Coverage Performance/5G VoNR Coverage Test (Type: vonr_coverage_performance)
2026-03-10 01:04:36,584 - pipeline - INFO - Running timeline analysis for: Coverage Performance/5G VoNR Coverage Test
2026-03-10 01:04:36,584 - pipeline - INFO - Analyzing Coverage directory: D:/ReportGenerator/Raw Data\#Huaqin\New York\Coverage Performance/5G VoNR Coverage Test (Type: coverage_timeline)
2026-03-10 01:04:36,584 - pipeline - INFO - Analyzing Coverage Timeline for: D:/ReportGenerator/Raw Data\#Huaqin\New York\Coverage Performance/5G VoNR Coverage Test
2026-03-10 01:04:36,584 - pipeline - INFO - Processing rsrp timeline...
2026-03-10 01:04:36,923 - pipeline - INFO - Processing sinr timeline...
2026-03-10 01:04:37,264 - pipeline - INFO - Processing txpower timeline...
2026-03-10 01:04:37,600 - pipeline - INFO - Analyzing Coverage directory: D:/ReportGenerator/Raw Data\#Huaqin\New York\Coverage Performance/LTE Coverage Test (Type: vonr_coverage_performance)
2026-03-10 01:04:37,965 - pipeline - INFO - Running timeline analysis for: Coverage Performance/LTE Coverage Test
2026-03-10 01:04:37,966 - pipeline - INFO - Analyzing Coverage directory: D:/ReportGenerator/Raw Data\#Huaqin\New York\Coverage Performance/LTE Coverage Test (Type: coverage_timeline)
2026-03-10 01:04:37,966 - pipeline - INFO - Analyzing Coverage Timeline for: D:/ReportGenerator/Raw Data\#Huaqin\New York\Coverage Performance/LTE Coverage Test
2026-03-10 01:04:37,966 - pipeline - INFO - Processing rsrp timeline...
2026-03-10 01:04:38,150 - pipeline - INFO - Processing sinr timeline...
2026-03-10 01:04:38,339 - pipeline - INFO - Processing txpower timeline...
2026-03-10 01:04:38,527 - pipeline - INFO - Analyzing Google Throughput directory: D:/ReportGenerator/Raw Data\#Huaqin\New York\Data Performance/5G AUTO DP/5G Auto Data Play-store app Download
2026-03-10 01:04:38,528 - pipeline - INFO - Processing Play Store file: _20260228_180205_CH01_NJNYC TMO_5G AUTO_Playstore 30M DL_NJNY DUT L1_.csv (Size: 30M, Device: DUT, Location: Good)
2026-03-10 01:04:38,539 - pipeline - INFO - Successfully analyzed _20260228_180205_CH01_NJNYC TMO_5G AUTO_Playstore 30M DL_NJNY DUT L1_.csv: 124.70009965728717
2026-03-10 01:04:38,540 - pipeline - INFO - Processing Play Store file: _20260228_180205_CH02_NJNYC TMO_5G AUTO_Playstore 30M DL_NJNY REF L1_.csv (Size: 30M, Device: REF, Location: Good)
2026-03-10 01:04:38,549 - pipeline - INFO - Successfully analyzed _20260228_180205_CH02_NJNYC TMO_5G AUTO_Playstore 30M DL_NJNY REF L1_.csv: 148.8741798941799
2026-03-10 01:04:38,549 - pipeline - INFO - Processing Play Store file: _20260228_181017_CH01_NJNYC TMO_5G AUTO_Playstore 60M DL_NJNY DUT L1_.csv (Size: 60M, Device: DUT, Location: Good)
2026-03-10 01:04:38,557 - pipeline - INFO - Successfully analyzed _20260228_181017_CH01_NJNYC TMO_5G AUTO_Playstore 60M DL_NJNY DUT L1_.csv: 64.5587914862915
2026-03-10 01:04:38,558 - pipeline - INFO - Processing Play Store file: _20260228_181017_CH02_NJNYC TMO_5G AUTO_Playstore 60M DL_NJNY REF L1_.csv (Size: 60M, Device: REF, Location: Good)
2026-03-10 01:04:38,565 - pipeline - INFO - Successfully analyzed _20260228_181017_CH02_NJNYC TMO_5G AUTO_Playstore 60M DL_NJNY REF L1_.csv: 56.23625236742424
2026-03-10 01:04:38,565 - pipeline - INFO - Processing Play Store file: _20260228_181759_CH01_NJNYC TMO_5G AUTO_Playstore 100M DL_NJNY DUT L1_.csv (Size: 100M, Device: DUT, Location: Good)
2026-03-10 01:04:38,577 - pipeline - INFO - Successfully analyzed _20260228_181759_CH01_NJNYC TMO_5G AUTO_Playstore 100M DL_NJNY DUT L1_.csv: 134.26315737681122
2026-03-10 01:04:38,577 - pipeline - INFO - Processing Play Store file: _20260228_181759_CH02_NJNYC TMO_5G AUTO_Playstore 100M DL_NJNY REF L1_.csv (Size: 100M, Device: REF, Location: Good)
2026-03-10 01:04:38,588 - pipeline - INFO - Successfully analyzed _20260228_181759_CH02_NJNYC TMO_5G AUTO_Playstore 100M DL_NJNY REF L1_.csv: 131.02254464285716
2026-03-10 01:04:38,588 - pipeline - INFO - Processing Play Store file: _20260305_182335_CH01_NJNYC TMO_5G Auto_Playstore 30M_NJNY DUT L2_Retest.csv (Size: 30M, Device: DUT, Location: Moderate)
2026-03-10 01:04:38,595 - pipeline - INFO - Successfully analyzed _20260305_182335_CH01_NJNYC TMO_5G Auto_Playstore 30M_NJNY DUT L2_Retest.csv: 151.14181746031744
2026-03-10 01:04:38,595 - pipeline - INFO - Processing Play Store file: _20260305_182335_CH02_NJNYC TMO_5G Auto_Playstore 30M_NJNY REF L2_Retest.csv (Size: 30M, Device: REF, Location: Moderate)
2026-03-10 01:04:38,602 - pipeline - INFO - Successfully analyzed _20260305_182335_CH02_NJNYC TMO_5G Auto_Playstore 30M_NJNY REF L2_Retest.csv: 148.14939814814815
2026-03-10 01:04:38,602 - pipeline - INFO - Processing Play Store file: _20260305_182944_CH01_NJNYC TMO_5G Auto_Playstore 60M_NJNY DUT L2_Retest.csv (Size: 60M, Device: DUT, Location: Moderate)
2026-03-10 01:04:38,609 - pipeline - INFO - Successfully analyzed _20260305_182944_CH01_NJNYC TMO_5G Auto_Playstore 60M_NJNY DUT L2_Retest.csv: 80.73495421245421
2026-03-10 01:04:38,609 - pipeline - INFO - Processing Play Store file: _20260305_182944_CH02_NJNYC TMO_5G Auto_Playstore 60M_NJNY REF L2_Retest.csv (Size: 60M, Device: REF, Location: Moderate)
2026-03-10 01:04:38,615 - pipeline - INFO - Successfully analyzed _20260305_182944_CH02_NJNYC TMO_5G Auto_Playstore 60M_NJNY REF L2_Retest.csv: 81.30642857142857
2026-03-10 01:04:38,615 - pipeline - INFO - Processing Play Store file: _20260305_183538_CH01_NJNYC TMO_5G Auto_Playstore 100M_NJNY DUT L2_Retest.csv (Size: 100M, Device: DUT, Location: Moderate)
2026-03-10 01:04:38,627 - pipeline - INFO - Successfully analyzed _20260305_183538_CH01_NJNYC TMO_5G Auto_Playstore 100M_NJNY DUT L2_Retest.csv: 103.33156283068783
2026-03-10 01:04:38,627 - pipeline - INFO - Processing Play Store file: _20260305_183538_CH02_NJNYC TMO_5G Auto_Playstore 100M_NJNY REF L2_Retest.csv (Size: 100M, Device: REF, Location: Moderate)
2026-03-10 01:04:38,638 - pipeline - INFO - Successfully analyzed _20260305_183538_CH02_NJNYC TMO_5G Auto_Playstore 100M_NJNY REF L2_Retest.csv: 157.49921663727218
2026-03-10 01:04:38,639 - pipeline - INFO - Processing Play Store file: _20260305_163158_CH01_NJNYC TMO_5G Auto_Playstore 30M_NJNY DUT L3_Retest.csv (Size: 30M, Device: DUT, Location: Poor)
2026-03-10 01:04:38,650 - pipeline - INFO - Successfully analyzed _20260305_163158_CH01_NJNYC TMO_5G Auto_Playstore 30M_NJNY DUT L3_Retest.csv: 55.912072562358276
2026-03-10 01:04:38,650 - pipeline - INFO - Processing Play Store file: _20260305_163158_CH02_NJNYC TMO_5G Auto_Playstore 30M_NJNY REF L3_Retest.csv (Size: 30M, Device: REF, Location: Poor)
2026-03-10 01:04:38,663 - pipeline - INFO - Successfully analyzed _20260305_163158_CH02_NJNYC TMO_5G Auto_Playstore 30M_NJNY REF L3_Retest.csv: 40.53460317460318
2026-03-10 01:04:38,663 - pipeline - INFO - Processing Play Store file: _20260305_164730_CH01_NJNYC TMO_5G Auto_Playstore 60M_NJNY DUT L3_Retest.csv (Size: 60M, Device: DUT, Location: Poor)
2026-03-10 01:04:38,674 - pipeline - INFO - Successfully analyzed _20260305_164730_CH01_NJNYC TMO_5G Auto_Playstore 60M_NJNY DUT L3_Retest.csv: 102.03724606509272
2026-03-10 01:04:38,674 - pipeline - INFO - Processing Play Store file: _20260305_164730_CH02_NJNYC TMO_5G Auto_Playstore 60M_NJNY REF L3_Retest.csv (Size: 60M, Device: REF, Location: Poor)
2026-03-10 01:04:38,685 - pipeline - INFO - Successfully analyzed _20260305_164730_CH02_NJNYC TMO_5G Auto_Playstore 60M_NJNY REF L3_Retest.csv: 101.67057136422945
2026-03-10 01:04:38,685 - pipeline - INFO - Processing Play Store file: _20260305_165716_CH01_NJNYC TMO_5G Auto_Playstore 100M_NJNY DUT L3_Retest.csv (Size: 100M, Device: DUT, Location: Poor)
2026-03-10 01:04:38,696 - pipeline - INFO - Successfully analyzed _20260305_165716_CH01_NJNYC TMO_5G Auto_Playstore 100M_NJNY DUT L3_Retest.csv: 101.82962992573425
2026-03-10 01:04:38,696 - pipeline - INFO - Processing Play Store file: _20260305_165716_CH02_NJNYC TMO_5G Auto_Playstore 100M_NJNY REF L3_Retest.csv (Size: 100M, Device: REF, Location: Poor)
2026-03-10 01:04:38,708 - pipeline - INFO - Successfully analyzed _20260305_165716_CH02_NJNYC TMO_5G Auto_Playstore 100M_NJNY REF L3_Retest.csv: 97.57974355644356
2026-03-10 01:04:38,708 - pipeline - INFO - Google Throughput analysis directory processing complete. Results found: True
2026-03-10 01:04:38,709 - pipeline - INFO - Analyzing MHS Drive directory: D:/ReportGenerator/Raw Data\#Huaqin\New York\Data Performance/5G AUTO DP/Mobility Test/5G Auto Data Test MHS Drive
2026-03-10 01:04:38,709 - pipeline - INFO - Analyzing MHS Drive directory: D:/ReportGenerator/Raw Data\#Huaqin\New York\Data Performance/5G AUTO DP/Mobility Test/5G Auto Data Test Drive
2026-03-10 01:04:39,759 - pipeline - INFO - Analyzing MHS Drive directory: D:/ReportGenerator/Raw Data\#Huaqin\New York\Data Performance/5G NSA DP/Mobility Test
2026-03-10 01:04:40,824 - pipeline - INFO - Running post-processing (VqLineChart, Coverage extraction)...
2026-03-10 01:04:40,935 - pipeline - INFO - Checking for CDF Throughput data to export...
2026-03-10 01:04:40,962 - pipeline - INFO - Exported 80 CDF throughput JSON files to D:/ReportGenerator/report-generator-app/public/AnalyzeResults\#Huaqin\New York\cdf_throughput_data
2026-03-10 01:04:40,968 - pipeline - INFO - Data Performance results exported to D:/ReportGenerator/report-generator-app/public/AnalyzeResults\#Huaqin\New York\data_performance_results.json
2026-03-10 01:04:40,973 - pipeline - INFO - Coverage Performance results exported to D:/ReportGenerator/report-generator-app/public/AnalyzeResults\#Huaqin\New York\coverage_performance_results.json
2026-03-10 01:04:40,974 - pipeline - INFO - Processing summary exported to D:/ReportGenerator/report-generator-app/public/AnalyzeResults\#Huaqin\New York\processing_summary.json
2026-03-10 01:04:40,974 - pipeline - INFO - Running final data validation...
2026-03-10 01:04:40,995 - pipeline - WARNING - Summary of Empty collections found in JSON files:
2026-03-10 01:04:40,996 - pipeline - WARNING -   - data_performance_results.json -> Data Performance -> 5G AUTO DP -> HTTP Multi Stream -> DL -> Good -> REF -> Throughput -> Outliers -> Empty List
2026-03-10 01:04:40,996 - pipeline - WARNING -   - data_performance_results.json -> Data Performance -> 5G AUTO DP -> HTTP Multi Stream -> DL -> Moderate -> DUT -> Throughput -> Outliers -> Empty List
2026-03-10 01:04:40,996 - pipeline - WARNING -   - data_performance_results.json -> Data Performance -> 5G AUTO DP -> HTTP Multi Stream -> DL -> Poor -> DUT -> Throughput -> Outliers -> Empty List
2026-03-10 01:04:40,996 - pipeline - WARNING -   - data_performance_results.json -> Data Performance -> 5G AUTO DP -> HTTP Multi Stream -> UL -> Moderate -> REF -> Throughput -> Outliers -> Empty List
2026-03-10 01:04:40,997 - pipeline - WARNING -   - data_performance_results.json -> Data Performance -> 5G AUTO DP -> HTTP Multi Stream -> UL -> Poor -> DUT -> Throughput -> Outliers -> Empty List
2026-03-10 01:04:40,997 - pipeline - WARNING -   - data_performance_results.json -> Data Performance -> 5G AUTO DP -> HTTP Multi Stream -> UL -> Poor -> REF -> Throughput -> Outliers -> Empty List
2026-03-10 01:04:40,997 - pipeline - WARNING -   - data_performance_results.json -> Data Performance -> 5G AUTO DP -> HTTP Single Stream -> DL -> Good -> DUT -> Throughput -> Outliers -> Empty List
2026-03-10 01:04:40,997 - pipeline - WARNING -   - data_performance_results.json -> Data Performance -> 5G AUTO DP -> HTTP Single Stream -> DL -> Good -> REF -> Throughput -> Outliers -> Empty List
2026-03-10 01:04:40,998 - pipeline - WARNING -   - data_performance_results.json -> Data Performance -> 5G AUTO DP -> HTTP Single Stream -> DL -> Moderate -> DUT -> Throughput -> Outliers -> Empty List
2026-03-10 01:04:40,998 - pipeline - WARNING -   - data_performance_results.json -> Data Performance -> 5G AUTO DP -> HTTP Single Stream -> DL -> Poor -> DUT -> Throughput -> Outliers -> Empty List
2026-03-10 01:04:40,998 - pipeline - WARNING -   - data_performance_results.json -> Data Performance -> 5G AUTO DP -> HTTP Single Stream -> DL -> Poor -> REF -> Throughput -> Outliers -> Empty List
2026-03-10 01:04:40,998 - pipeline - WARNING -   - data_performance_results.json -> Data Performance -> 5G AUTO DP -> HTTP Single Stream -> UL -> Good -> REF -> Throughput -> Outliers -> Empty List
2026-03-10 01:04:40,998 - pipeline - WARNING -   - data_performance_results.json -> Data Performance -> 5G AUTO DP -> Udp Test -> DL -> UDP Download Task at 200 Mbps for 10 seconds -> Moderate -> DUT -> Throughput -> Outliers -> Empty List
2026-03-10 01:04:40,998 - pipeline - WARNING -   - data_performance_results.json -> Data Performance -> 5G AUTO DP -> Udp Test -> DL -> UDP Download Task at 200 Mbps for 10 seconds -> Moderate -> REF -> Throughput -> Outliers -> Empty List
2026-03-10 01:04:40,999 - pipeline - WARNING -   - data_performance_results.json -> Data Performance -> 5G AUTO DP -> Udp Test -> DL -> UDP Download Task at 200 Mbps for 10 seconds -> Poor -> DUT -> Throughput -> Outliers -> Empty List
2026-03-10 01:04:40,999 - pipeline - WARNING -   - data_performance_results.json -> Data Performance -> 5G AUTO DP -> Udp Test -> DL -> UDP Download Task at 200 Mbps for 10 seconds -> Poor -> REF -> Throughput -> Outliers -> Empty List
2026-03-10 01:04:40,999 - pipeline - WARNING -   - data_performance_results.json -> Data Performance -> 5G AUTO DP -> Udp Test -> DL -> UDP Download Task at 400 Mbps for 10 seconds -> Moderate -> DUT -> Throughput -> Outliers -> Empty List
2026-03-10 01:04:40,999 - pipeline - WARNING -   - data_performance_results.json -> Data Performance -> 5G AUTO DP -> Udp Test -> DL -> UDP Download Task at 400 Mbps for 10 seconds -> Moderate -> REF -> Throughput -> Outliers -> Empty List
2026-03-10 01:04:40,999 - pipeline - WARNING -   - data_performance_results.json -> Data Performance -> 5G AUTO DP -> Udp Test -> DL -> UDP Download Task at 400 Mbps for 10 seconds -> Poor -> DUT -> Throughput -> Outliers -> Empty List
2026-03-10 01:04:41,000 - pipeline - WARNING -   - data_performance_results.json -> Data Performance -> 5G AUTO DP -> Udp Test -> DL -> UDP Download Task at 400 Mbps for 10 seconds -> Poor -> REF -> Throughput -> Outliers -> Empty List
2026-03-10 01:04:41,000 - pipeline - WARNING -   - data_performance_results.json -> Data Performance -> 5G AUTO DP -> Udp Test -> UL -> UDP Upload Task at 10 Mbps for 10 seconds -> Good -> DUT -> Throughput -> Outliers -> Empty List
2026-03-10 01:04:41,000 - pipeline - WARNING -   - data_performance_results.json -> Data Performance -> 5G AUTO DP -> Udp Test -> UL -> UDP Upload Task at 10 Mbps for 10 seconds -> Good -> REF -> Throughput -> Outliers -> Empty List
2026-03-10 01:04:41,000 - pipeline - WARNING -   - data_performance_results.json -> Data Performance -> 5G AUTO DP -> Udp Test -> UL -> UDP Upload Task at 10 Mbps for 10 seconds -> Moderate -> REF -> Throughput -> Outliers -> Empty List
2026-03-10 01:04:41,000 - pipeline - WARNING -   - data_performance_results.json -> Data Performance -> 5G AUTO DP -> Udp Test -> UL -> UDP Upload Task at 10 Mbps for 10 seconds -> Poor -> DUT -> Throughput -> Outliers -> Empty List
2026-03-10 01:04:41,000 - pipeline - WARNING -   - data_performance_results.json -> Data Performance -> 5G AUTO DP -> Udp Test -> UL -> UDP Upload Task at 10 Mbps for 10 seconds -> Poor -> REF -> Throughput -> Outliers -> Empty List
2026-03-10 01:04:41,001 - pipeline - WARNING -   - data_performance_results.json -> Data Performance -> 5G AUTO DP -> Udp Test -> UL -> UDP Upload Task at 20 Mbps for 10 seconds -> Moderate -> DUT -> Throughput -> Outliers -> Empty List
2026-03-10 01:04:41,001 - pipeline - WARNING -   - data_performance_results.json -> Data Performance -> 5G AUTO DP -> Udp Test -> UL -> UDP Upload Task at 20 Mbps for 10 seconds -> Poor -> DUT -> Throughput -> Outliers -> Empty List
2026-03-10 01:04:41,001 - pipeline - WARNING -   - data_performance_results.json -> Data Performance -> 5G NSA DP -> HTTP Multi Stream -> DL -> Poor -> DUT -> Throughput -> Outliers -> Empty List
2026-03-10 01:04:41,001 - pipeline - WARNING -   - data_performance_results.json -> Data Performance -> 5G NSA DP -> HTTP Multi Stream -> DL -> Poor -> REF -> Throughput -> Outliers -> Empty List
2026-03-10 01:04:41,001 - pipeline - WARNING -   - data_performance_results.json -> Data Performance -> 5G NSA DP -> HTTP Multi Stream -> UL -> Moderate -> DUT -> Throughput -> Outliers -> Empty List
2026-03-10 01:04:41,002 - pipeline - WARNING -   - data_performance_results.json -> Data Performance -> 5G NSA DP -> HTTP Multi Stream -> UL -> Poor -> DUT -> Throughput -> Outliers -> Empty List
2026-03-10 01:04:41,002 - pipeline - WARNING -   - data_performance_results.json -> Data Performance -> 5G NSA DP -> HTTP Multi Stream -> UL -> Poor -> REF -> Throughput -> Outliers -> Empty List
2026-03-10 01:04:41,002 - pipeline - WARNING -   - data_performance_results.json -> Data Performance -> 5G NSA DP -> HTTP Single Stream -> DL -> Poor -> DUT -> Throughput -> Outliers -> Empty List
2026-03-10 01:04:41,002 - pipeline - WARNING -   - data_performance_results.json -> Data Performance -> 5G NSA DP -> HTTP Single Stream -> DL -> Poor -> REF -> Throughput -> Outliers -> Empty List
2026-03-10 01:04:41,002 - pipeline - WARNING -   - data_performance_results.json -> Data Performance -> 5G NSA DP -> HTTP Single Stream -> UL -> Moderate -> DUT -> Throughput -> Outliers -> Empty List
2026-03-10 01:04:41,002 - pipeline - WARNING -   - data_performance_results.json -> Data Performance -> 5G NSA DP -> Mobility Test -> REF -> DL Throughput -> Outliers -> Empty List
2026-03-10 01:04:41,003 - pipeline - WARNING -   - data_performance_results.json -> Data Performance -> 5G NSA DP -> Udp Test -> DL -> UDP Download Task at 200 Mbps for 10 seconds -> Poor -> REF -> Throughput -> Outliers -> Empty List
2026-03-10 01:04:41,003 - pipeline - WARNING -   - data_performance_results.json -> Data Performance -> 5G NSA DP -> Udp Test -> DL -> UDP Download Task at 400 Mbps for 10 seconds -> Moderate -> DUT -> Throughput -> Outliers -> Empty List
2026-03-10 01:04:41,003 - pipeline - WARNING -   - data_performance_results.json -> Data Performance -> 5G NSA DP -> Udp Test -> DL -> UDP Download Task at 400 Mbps for 10 seconds -> Moderate -> REF -> Throughput -> Outliers -> Empty List
2026-03-10 01:04:41,003 - pipeline - WARNING -   - data_performance_results.json -> Data Performance -> 5G NSA DP -> Udp Test -> DL -> UDP Download Task at 400 Mbps for 10 seconds -> Poor -> DUT -> Throughput -> Outliers -> Empty List
2026-03-10 01:04:41,004 - pipeline - WARNING -   - data_performance_results.json -> Data Performance -> 5G NSA DP -> Udp Test -> DL -> UDP Download Task at 400 Mbps for 10 seconds -> Poor -> REF -> Throughput -> Outliers -> Empty List
2026-03-10 01:04:41,004 - pipeline - WARNING -   - data_performance_results.json -> Data Performance -> 5G NSA DP -> Udp Test -> UL -> 5G NSA_UDP Upload Task at 10 Mbps for 10 seconds -> Moderate -> DUT -> Throughput -> Outliers -> Empty List
2026-03-10 01:04:41,004 - pipeline - WARNING -   - data_performance_results.json -> Data Performance -> 5G NSA DP -> Udp Test -> UL -> 5G NSA_UDP Upload Task at 20 Mbps for 10 seconds -> Moderate -> DUT -> Throughput -> Outliers -> Empty List
2026-03-10 01:04:41,004 - pipeline - WARNING -   - data_performance_results.json -> Data Performance -> 5G NSA DP -> Udp Test -> UL -> 5G NSA_UDP Upload Task at 20 Mbps for 10 seconds -> Poor -> DUT -> Throughput -> Outliers -> Empty List
2026-03-10 01:04:41,004 - pipeline - INFO - Pipeline execution completed. Results in: D:/ReportGenerator/report-generator-app/public/AnalyzeResults\#Huaqin\New York
2026-03-10 01:04:41,009 - pipeline - INFO - Project: #Huaqin
2026-03-10 01:04:41,009 - pipeline - INFO - Project: #Huaqin
2026-03-10 01:04:41,010 - pipeline - INFO - Market: Seattle
2026-03-10 01:04:41,010 - pipeline - INFO - Market: Seattle
2026-03-10 01:04:41,010 - pipeline - INFO - Reading from: D:/ReportGenerator/Raw Data\#Huaqin\Seattle
2026-03-10 01:04:41,010 - pipeline - INFO - Reading from: D:/ReportGenerator/Raw Data\#Huaqin\Seattle
2026-03-10 01:04:41,010 - pipeline - INFO - Writing to: D:/ReportGenerator/report-generator-app/public/AnalyzeResults\#Huaqin\Seattle
2026-03-10 01:04:41,010 - pipeline - INFO - Writing to: D:/ReportGenerator/report-generator-app/public/AnalyzeResults\#Huaqin\Seattle
2026-03-10 01:04:41,011 - pipeline - INFO - Starting analysis pipeline...
2026-03-10 01:04:41,011 - pipeline - INFO - Starting analysis pipeline...
2026-03-10 01:04:41,016 - pipeline - INFO - Grouping 183 CSV files by directory and device type...
2026-03-10 01:04:41,016 - pipeline - INFO - Grouping 183 CSV files by directory and device type...
2026-03-10 01:04:41,018 - pipeline - INFO - Created 138 file groups for analysis
2026-03-10 01:04:41,018 - pipeline - INFO - Created 138 file groups for analysis
2026-03-10 01:04:41,019 - pipeline - INFO - Analyzing 1 file(s) for DUT in 5G Auto Data Web-Kepler
2026-03-10 01:04:41,019 - pipeline - INFO - Analyzing 1 file(s) for DUT in 5G Auto Data Web-Kepler
2026-03-10 01:04:41,046 - pipeline - INFO - Analyzing 1 file(s) for REF in 5G Auto Data Web-Kepler
2026-03-10 01:04:41,046 - pipeline - INFO - Analyzing 1 file(s) for REF in 5G Auto Data Web-Kepler
2026-03-10 01:04:41,081 - pipeline - INFO - Analyzing 1 file(s) for DUT in Good
2026-03-10 01:04:41,081 - pipeline - INFO - Analyzing 1 file(s) for DUT in Good
2026-03-10 01:04:41,118 - pipeline - INFO - Analyzing 1 file(s) for REF in Good
2026-03-10 01:04:41,118 - pipeline - INFO - Analyzing 1 file(s) for REF in Good
2026-03-10 01:04:41,154 - pipeline - INFO - Analyzing 2 file(s) for DUT in Moderate
2026-03-10 01:04:41,154 - pipeline - INFO - Analyzing 2 file(s) for DUT in Moderate
2026-03-10 01:04:41,217 - pipeline - INFO - Analyzing 1 file(s) for REF in Moderate
2026-03-10 01:04:41,217 - pipeline - INFO - Analyzing 1 file(s) for REF in Moderate
2026-03-10 01:04:41,252 - pipeline - INFO - Analyzing 2 file(s) for DUT in Poor
2026-03-10 01:04:41,252 - pipeline - INFO - Analyzing 2 file(s) for DUT in Poor
2026-03-10 01:04:41,295 - pipeline - INFO - Analyzing 2 file(s) for REF in Poor
2026-03-10 01:04:41,295 - pipeline - INFO - Analyzing 2 file(s) for REF in Poor
2026-03-10 01:04:41,342 - pipeline - INFO - Analyzing 1 file(s) for DUT in Good
2026-03-10 01:04:41,342 - pipeline - INFO - Analyzing 1 file(s) for DUT in Good
2026-03-10 01:04:41,371 - pipeline - INFO - Analyzing 1 file(s) for REF in Good
2026-03-10 01:04:41,371 - pipeline - INFO - Analyzing 1 file(s) for REF in Good
2026-03-10 01:04:41,404 - pipeline - INFO - Analyzing 1 file(s) for DUT in Moderate
2026-03-10 01:04:41,404 - pipeline - INFO - Analyzing 1 file(s) for DUT in Moderate
2026-03-10 01:04:41,434 - pipeline - INFO - Analyzing 1 file(s) for REF in Moderate
2026-03-10 01:04:41,434 - pipeline - INFO - Analyzing 1 file(s) for REF in Moderate
2026-03-10 01:04:41,465 - pipeline - INFO - Analyzing 1 file(s) for DUT in Poor
2026-03-10 01:04:41,465 - pipeline - INFO - Analyzing 1 file(s) for DUT in Poor
2026-03-10 01:04:41,479 - pipeline - INFO - Analyzing 1 file(s) for REF in Poor
2026-03-10 01:04:41,479 - pipeline - INFO - Analyzing 1 file(s) for REF in Poor
2026-03-10 01:04:41,509 - pipeline - INFO - Analyzing 1 file(s) for DUT in Good
2026-03-10 01:04:41,509 - pipeline - INFO - Analyzing 1 file(s) for DUT in Good
2026-03-10 01:04:41,559 - pipeline - INFO - Analyzing 1 file(s) for REF in Good
2026-03-10 01:04:41,559 - pipeline - INFO - Analyzing 1 file(s) for REF in Good
2026-03-10 01:04:41,609 - pipeline - INFO - Analyzing 1 file(s) for DUT in Moderate
2026-03-10 01:04:41,609 - pipeline - INFO - Analyzing 1 file(s) for DUT in Moderate
2026-03-10 01:04:41,663 - pipeline - INFO - Analyzing 1 file(s) for REF in Moderate
2026-03-10 01:04:41,663 - pipeline - INFO - Analyzing 1 file(s) for REF in Moderate
2026-03-10 01:04:41,716 - pipeline - INFO - Analyzing 1 file(s) for DUT in Poor
2026-03-10 01:04:41,716 - pipeline - INFO - Analyzing 1 file(s) for DUT in Poor
2026-03-10 01:04:41,769 - pipeline - INFO - Analyzing 1 file(s) for REF in Poor
2026-03-10 01:04:41,769 - pipeline - INFO - Analyzing 1 file(s) for REF in Poor
2026-03-10 01:04:41,819 - pipeline - INFO - Analyzing 1 file(s) for DUT in Good
2026-03-10 01:04:41,819 - pipeline - INFO - Analyzing 1 file(s) for DUT in Good
2026-03-10 01:04:41,838 - pipeline - INFO - Analyzing 1 file(s) for REF in Good
2026-03-10 01:04:41,838 - pipeline - INFO - Analyzing 1 file(s) for REF in Good
2026-03-10 01:04:41,855 - pipeline - INFO - Analyzing 1 file(s) for DUT in Moderate
2026-03-10 01:04:41,855 - pipeline - INFO - Analyzing 1 file(s) for DUT in Moderate
2026-03-10 01:04:41,881 - pipeline - INFO - Analyzing 1 file(s) for REF in Moderate
2026-03-10 01:04:41,881 - pipeline - INFO - Analyzing 1 file(s) for REF in Moderate
2026-03-10 01:04:41,902 - pipeline - INFO - Analyzing 1 file(s) for DUT in Poor
2026-03-10 01:04:41,902 - pipeline - INFO - Analyzing 1 file(s) for DUT in Poor
2026-03-10 01:04:41,925 - pipeline - INFO - Analyzing 1 file(s) for REF in Poor
2026-03-10 01:04:41,925 - pipeline - INFO - Analyzing 1 file(s) for REF in Poor
2026-03-10 01:04:41,946 - pipeline - INFO - Analyzing 2 file(s) for DUT in Moderate
2026-03-10 01:04:41,946 - pipeline - INFO - Analyzing 2 file(s) for DUT in Moderate
2026-03-10 01:04:41,993 - pipeline - INFO - Analyzing 2 file(s) for REF in Moderate
2026-03-10 01:04:41,993 - pipeline - INFO - Analyzing 2 file(s) for REF in Moderate
2026-03-10 01:04:42,038 - pipeline - INFO - Analyzing 2 file(s) for DUT in Poor
2026-03-10 01:04:42,038 - pipeline - INFO - Analyzing 2 file(s) for DUT in Poor
2026-03-10 01:04:42,085 - pipeline - INFO - Analyzing 2 file(s) for REF in Poor
2026-03-10 01:04:42,085 - pipeline - INFO - Analyzing 2 file(s) for REF in Poor
2026-03-10 01:04:42,133 - pipeline - INFO - Analyzing 1 file(s) for DUT in Moderate
2026-03-10 01:04:42,133 - pipeline - INFO - Analyzing 1 file(s) for DUT in Moderate
2026-03-10 01:04:42,165 - pipeline - INFO - Analyzing 1 file(s) for REF in Moderate
2026-03-10 01:04:42,165 - pipeline - INFO - Analyzing 1 file(s) for REF in Moderate
2026-03-10 01:04:42,193 - pipeline - INFO - Analyzing 1 file(s) for DUT in Poor
2026-03-10 01:04:42,193 - pipeline - INFO - Analyzing 1 file(s) for DUT in Poor
2026-03-10 01:04:42,221 - pipeline - INFO - Analyzing 1 file(s) for REF in Poor
2026-03-10 01:04:42,221 - pipeline - INFO - Analyzing 1 file(s) for REF in Poor
2026-03-10 01:04:42,250 - pipeline - INFO - Analyzing 1 file(s) for DUT in Moderate
2026-03-10 01:04:42,250 - pipeline - INFO - Analyzing 1 file(s) for DUT in Moderate
2026-03-10 01:04:42,302 - pipeline - INFO - Analyzing 1 file(s) for REF in Moderate
2026-03-10 01:04:42,302 - pipeline - INFO - Analyzing 1 file(s) for REF in Moderate
2026-03-10 01:04:42,358 - pipeline - INFO - Analyzing 2 file(s) for DUT in Poor
2026-03-10 01:04:42,358 - pipeline - INFO - Analyzing 2 file(s) for DUT in Poor
2026-03-10 01:04:42,416 - pipeline - INFO - Analyzing 2 file(s) for REF in Poor
2026-03-10 01:04:42,416 - pipeline - INFO - Analyzing 2 file(s) for REF in Poor
2026-03-10 01:04:42,475 - pipeline - INFO - Analyzing 1 file(s) for DUT in Moderate
2026-03-10 01:04:42,475 - pipeline - INFO - Analyzing 1 file(s) for DUT in Moderate
2026-03-10 01:04:42,494 - pipeline - INFO - Analyzing 1 file(s) for REF in Moderate
2026-03-10 01:04:42,494 - pipeline - INFO - Analyzing 1 file(s) for REF in Moderate
2026-03-10 01:04:42,510 - pipeline - INFO - Analyzing 2 file(s) for DUT in Poor
2026-03-10 01:04:42,510 - pipeline - INFO - Analyzing 2 file(s) for DUT in Poor
2026-03-10 01:04:42,541 - pipeline - INFO - Analyzing 2 file(s) for REF in Poor
2026-03-10 01:04:42,541 - pipeline - INFO - Analyzing 2 file(s) for REF in Poor
2026-03-10 01:04:42,568 - pipeline - INFO - Analyzing 1 file(s) for DUT in Moderate
2026-03-10 01:04:42,568 - pipeline - INFO - Analyzing 1 file(s) for DUT in Moderate
2026-03-10 01:04:42,614 - pipeline - INFO - Analyzing 1 file(s) for REF in Moderate
2026-03-10 01:04:42,614 - pipeline - INFO - Analyzing 1 file(s) for REF in Moderate
2026-03-10 01:04:42,657 - pipeline - INFO - Analyzing 2 file(s) for DUT in Poor
2026-03-10 01:04:42,657 - pipeline - INFO - Analyzing 2 file(s) for DUT in Poor
2026-03-10 01:04:42,709 - pipeline - INFO - Analyzing 2 file(s) for REF in Poor
2026-03-10 01:04:42,709 - pipeline - INFO - Analyzing 2 file(s) for REF in Poor
2026-03-10 01:04:42,760 - pipeline - INFO - Analyzing 1 file(s) for DUT in Moderate
2026-03-10 01:04:42,760 - pipeline - INFO - Analyzing 1 file(s) for DUT in Moderate
2026-03-10 01:04:42,807 - pipeline - INFO - Analyzing 1 file(s) for REF in Moderate
2026-03-10 01:04:42,807 - pipeline - INFO - Analyzing 1 file(s) for REF in Moderate
2026-03-10 01:04:42,852 - pipeline - INFO - Analyzing 2 file(s) for DUT in Poor
2026-03-10 01:04:42,852 - pipeline - INFO - Analyzing 2 file(s) for DUT in Poor
2026-03-10 01:04:42,906 - pipeline - INFO - Analyzing 2 file(s) for REF in Poor
2026-03-10 01:04:42,906 - pipeline - INFO - Analyzing 2 file(s) for REF in Poor
2026-03-10 01:04:42,960 - pipeline - INFO - Analyzing 3 file(s) for DUT in Moderate
2026-03-10 01:04:42,960 - pipeline - INFO - Analyzing 3 file(s) for DUT in Moderate
2026-03-10 01:04:43,050 - pipeline - INFO - Analyzing 3 file(s) for REF in Moderate
2026-03-10 01:04:43,050 - pipeline - INFO - Analyzing 3 file(s) for REF in Moderate
2026-03-10 01:04:43,140 - pipeline - INFO - Analyzing 2 file(s) for DUT in Poor
2026-03-10 01:04:43,140 - pipeline - INFO - Analyzing 2 file(s) for DUT in Poor
2026-03-10 01:04:43,202 - pipeline - INFO - Analyzing 2 file(s) for REF in Poor
2026-03-10 01:04:43,202 - pipeline - INFO - Analyzing 2 file(s) for REF in Poor
2026-03-10 01:04:43,267 - pipeline - INFO - Analyzing 1 file(s) for DUT in Moderate
2026-03-10 01:04:43,267 - pipeline - INFO - Analyzing 1 file(s) for DUT in Moderate
2026-03-10 01:04:43,312 - pipeline - INFO - Analyzing 1 file(s) for REF in Moderate
2026-03-10 01:04:43,312 - pipeline - INFO - Analyzing 1 file(s) for REF in Moderate
2026-03-10 01:04:43,350 - pipeline - INFO - Analyzing 2 file(s) for DUT in Poor
2026-03-10 01:04:43,350 - pipeline - INFO - Analyzing 2 file(s) for DUT in Poor
2026-03-10 01:04:43,402 - pipeline - INFO - Analyzing 2 file(s) for REF in Poor
2026-03-10 01:04:43,402 - pipeline - INFO - Analyzing 2 file(s) for REF in Poor
2026-03-10 01:04:43,448 - pipeline - INFO - Analyzing 1 file(s) for DUT in Moderate
2026-03-10 01:04:43,448 - pipeline - INFO - Analyzing 1 file(s) for DUT in Moderate
2026-03-10 01:04:43,492 - pipeline - INFO - Analyzing 1 file(s) for REF in Moderate
2026-03-10 01:04:43,492 - pipeline - INFO - Analyzing 1 file(s) for REF in Moderate
2026-03-10 01:04:43,528 - pipeline - INFO - Analyzing 1 file(s) for DUT in Poor
2026-03-10 01:04:43,528 - pipeline - INFO - Analyzing 1 file(s) for DUT in Poor
2026-03-10 01:04:43,570 - pipeline - INFO - Analyzing 1 file(s) for REF in Poor
2026-03-10 01:04:43,570 - pipeline - INFO - Analyzing 1 file(s) for REF in Poor
2026-03-10 01:04:43,608 - pipeline - INFO - Analyzing 1 file(s) for DUT in 5G Auto Data Test Drive
2026-03-10 01:04:43,608 - pipeline - INFO - Analyzing 1 file(s) for DUT in 5G Auto Data Test Drive
2026-03-10 01:04:43,863 - pipeline - INFO - Analyzing 1 file(s) for REF in 5G Auto Data Test Drive
2026-03-10 01:04:43,863 - pipeline - INFO - Analyzing 1 file(s) for REF in 5G Auto Data Test Drive
2026-03-10 01:04:44,115 - pipeline - INFO - Analyzing 1 file(s) for DUT in Good
2026-03-10 01:04:44,115 - pipeline - INFO - Analyzing 1 file(s) for DUT in Good
2026-03-10 01:04:44,160 - pipeline - INFO - Analyzing 1 file(s) for REF in Good
2026-03-10 01:04:44,160 - pipeline - INFO - Analyzing 1 file(s) for REF in Good
2026-03-10 01:04:44,203 - pipeline - INFO - Analyzing 1 file(s) for DUT in Moderate
2026-03-10 01:04:44,203 - pipeline - INFO - Analyzing 1 file(s) for DUT in Moderate
2026-03-10 01:04:44,247 - pipeline - INFO - Analyzing 1 file(s) for REF in Moderate
2026-03-10 01:04:44,247 - pipeline - INFO - Analyzing 1 file(s) for REF in Moderate
2026-03-10 01:04:44,292 - pipeline - INFO - Analyzing 1 file(s) for DUT in Good
2026-03-10 01:04:44,292 - pipeline - INFO - Analyzing 1 file(s) for DUT in Good
2026-03-10 01:04:44,341 - pipeline - INFO - Analyzing 1 file(s) for REF in Good
2026-03-10 01:04:44,341 - pipeline - INFO - Analyzing 1 file(s) for REF in Good
2026-03-10 01:04:44,389 - pipeline - INFO - Analyzing 1 file(s) for DUT in Moderate
2026-03-10 01:04:44,389 - pipeline - INFO - Analyzing 1 file(s) for DUT in Moderate
2026-03-10 01:04:44,436 - pipeline - INFO - Analyzing 1 file(s) for REF in Moderate
2026-03-10 01:04:44,436 - pipeline - INFO - Analyzing 1 file(s) for REF in Moderate
2026-03-10 01:04:44,487 - pipeline - INFO - Analyzing 1 file(s) for DUT in Poor
2026-03-10 01:04:44,487 - pipeline - INFO - Analyzing 1 file(s) for DUT in Poor
2026-03-10 01:04:44,537 - pipeline - INFO - Analyzing 1 file(s) for REF in Poor
2026-03-10 01:04:44,537 - pipeline - INFO - Analyzing 1 file(s) for REF in Poor
2026-03-10 01:04:44,587 - pipeline - INFO - Analyzing 1 file(s) for DUT in Good
2026-03-10 01:04:44,587 - pipeline - INFO - Analyzing 1 file(s) for DUT in Good
2026-03-10 01:04:44,635 - pipeline - INFO - Analyzing 1 file(s) for REF in Good
2026-03-10 01:04:44,635 - pipeline - INFO - Analyzing 1 file(s) for REF in Good
2026-03-10 01:04:44,684 - pipeline - INFO - Analyzing 1 file(s) for DUT in Moderate
2026-03-10 01:04:44,684 - pipeline - INFO - Analyzing 1 file(s) for DUT in Moderate
2026-03-10 01:04:44,733 - pipeline - INFO - Analyzing 1 file(s) for REF in Moderate
2026-03-10 01:04:44,733 - pipeline - INFO - Analyzing 1 file(s) for REF in Moderate
2026-03-10 01:04:44,782 - pipeline - INFO - Analyzing 1 file(s) for DUT in Poor
2026-03-10 01:04:44,782 - pipeline - INFO - Analyzing 1 file(s) for DUT in Poor
2026-03-10 01:04:44,835 - pipeline - INFO - Analyzing 1 file(s) for REF in Poor
2026-03-10 01:04:44,835 - pipeline - INFO - Analyzing 1 file(s) for REF in Poor
2026-03-10 01:04:44,887 - pipeline - INFO - Analyzing 1 file(s) for DUT in Good
2026-03-10 01:04:44,887 - pipeline - INFO - Analyzing 1 file(s) for DUT in Good
2026-03-10 01:04:44,931 - pipeline - INFO - Analyzing 1 file(s) for REF in Good
2026-03-10 01:04:44,931 - pipeline - INFO - Analyzing 1 file(s) for REF in Good
2026-03-10 01:04:44,969 - pipeline - INFO - Analyzing 1 file(s) for DUT in Moderate
2026-03-10 01:04:44,969 - pipeline - INFO - Analyzing 1 file(s) for DUT in Moderate
2026-03-10 01:04:45,013 - pipeline - INFO - Analyzing 1 file(s) for REF in Moderate
2026-03-10 01:04:45,013 - pipeline - INFO - Analyzing 1 file(s) for REF in Moderate
2026-03-10 01:04:45,056 - pipeline - INFO - Analyzing 1 file(s) for DUT in Poor
2026-03-10 01:04:45,056 - pipeline - INFO - Analyzing 1 file(s) for DUT in Poor
2026-03-10 01:04:45,099 - pipeline - INFO - Analyzing 1 file(s) for REF in Poor
2026-03-10 01:04:45,099 - pipeline - INFO - Analyzing 1 file(s) for REF in Poor
2026-03-10 01:04:45,143 - pipeline - INFO - Analyzing 1 file(s) for DUT in Good
2026-03-10 01:04:45,143 - pipeline - INFO - Analyzing 1 file(s) for DUT in Good
2026-03-10 01:04:45,188 - pipeline - INFO - Analyzing 1 file(s) for REF in Good
2026-03-10 01:04:45,188 - pipeline - INFO - Analyzing 1 file(s) for REF in Good
2026-03-10 01:04:45,226 - pipeline - INFO - Analyzing 1 file(s) for DUT in Moderate
2026-03-10 01:04:45,226 - pipeline - INFO - Analyzing 1 file(s) for DUT in Moderate
2026-03-10 01:04:45,269 - pipeline - INFO - Analyzing 1 file(s) for REF in Moderate
2026-03-10 01:04:45,269 - pipeline - INFO - Analyzing 1 file(s) for REF in Moderate
2026-03-10 01:04:45,314 - pipeline - INFO - Analyzing 1 file(s) for DUT in Poor
2026-03-10 01:04:45,314 - pipeline - INFO - Analyzing 1 file(s) for DUT in Poor
2026-03-10 01:04:45,359 - pipeline - INFO - Analyzing 1 file(s) for REF in Poor
2026-03-10 01:04:45,359 - pipeline - INFO - Analyzing 1 file(s) for REF in Poor
2026-03-10 01:04:45,402 - pipeline - INFO - Analyzing 1 file(s) for DUT in Moderate
2026-03-10 01:04:45,402 - pipeline - INFO - Analyzing 1 file(s) for DUT in Moderate
2026-03-10 01:04:45,438 - pipeline - INFO - Analyzing 1 file(s) for REF in Moderate
2026-03-10 01:04:45,438 - pipeline - INFO - Analyzing 1 file(s) for REF in Moderate
2026-03-10 01:04:45,473 - pipeline - INFO - Analyzing 2 file(s) for DUT in Poor
2026-03-10 01:04:45,473 - pipeline - INFO - Analyzing 2 file(s) for DUT in Poor
2026-03-10 01:04:45,534 - pipeline - INFO - Analyzing 2 file(s) for REF in Poor
2026-03-10 01:04:45,534 - pipeline - INFO - Analyzing 2 file(s) for REF in Poor
2026-03-10 01:04:45,604 - pipeline - INFO - Analyzing 1 file(s) for DUT in Moderate
2026-03-10 01:04:45,604 - pipeline - INFO - Analyzing 1 file(s) for DUT in Moderate
2026-03-10 01:04:45,633 - pipeline - INFO - Analyzing 1 file(s) for REF in Moderate
2026-03-10 01:04:45,633 - pipeline - INFO - Analyzing 1 file(s) for REF in Moderate
2026-03-10 01:04:45,663 - pipeline - INFO - Analyzing 1 file(s) for DUT in Poor
2026-03-10 01:04:45,663 - pipeline - INFO - Analyzing 1 file(s) for DUT in Poor
2026-03-10 01:04:45,692 - pipeline - INFO - Analyzing 1 file(s) for REF in Poor
2026-03-10 01:04:45,692 - pipeline - INFO - Analyzing 1 file(s) for REF in Poor
2026-03-10 01:04:45,722 - pipeline - INFO - Analyzing 2 file(s) for DUT in Moderate
2026-03-10 01:04:45,722 - pipeline - INFO - Analyzing 2 file(s) for DUT in Moderate
2026-03-10 01:04:45,795 - pipeline - INFO - Analyzing 2 file(s) for REF in Moderate
2026-03-10 01:04:45,795 - pipeline - INFO - Analyzing 2 file(s) for REF in Moderate
2026-03-10 01:04:45,854 - pipeline - INFO - Analyzing 1 file(s) for DUT in Poor
2026-03-10 01:04:45,854 - pipeline - INFO - Analyzing 1 file(s) for DUT in Poor
2026-03-10 01:04:45,906 - pipeline - INFO - Analyzing 1 file(s) for REF in Poor
2026-03-10 01:04:45,906 - pipeline - INFO - Analyzing 1 file(s) for REF in Poor
2026-03-10 01:04:45,957 - pipeline - INFO - Analyzing 2 file(s) for DUT in Moderate
2026-03-10 01:04:45,957 - pipeline - INFO - Analyzing 2 file(s) for DUT in Moderate
2026-03-10 01:04:45,984 - pipeline - INFO - Analyzing 2 file(s) for REF in Moderate
2026-03-10 01:04:45,984 - pipeline - INFO - Analyzing 2 file(s) for REF in Moderate
2026-03-10 01:04:46,008 - pipeline - INFO - Analyzing 1 file(s) for DUT in Poor
2026-03-10 01:04:46,008 - pipeline - INFO - Analyzing 1 file(s) for DUT in Poor
2026-03-10 01:04:46,036 - pipeline - INFO - Analyzing 1 file(s) for REF in Poor
2026-03-10 01:04:46,036 - pipeline - INFO - Analyzing 1 file(s) for REF in Poor
2026-03-10 01:04:46,058 - pipeline - INFO - Analyzing 1 file(s) for DUT in Mobility Test
2026-03-10 01:04:46,058 - pipeline - INFO - Analyzing 1 file(s) for DUT in Mobility Test
2026-03-10 01:04:46,348 - pipeline - INFO - Analyzing 1 file(s) for REF in Mobility Test
2026-03-10 01:04:46,348 - pipeline - INFO - Analyzing 1 file(s) for REF in Mobility Test
2026-03-10 01:04:46,631 - pipeline - INFO - Analyzing 1 file(s) for DUT in Moderate
2026-03-10 01:04:46,631 - pipeline - INFO - Analyzing 1 file(s) for DUT in Moderate
2026-03-10 01:04:46,676 - pipeline - INFO - Analyzing 1 file(s) for REF in Moderate
2026-03-10 01:04:46,676 - pipeline - INFO - Analyzing 1 file(s) for REF in Moderate
2026-03-10 01:04:46,721 - pipeline - INFO - Analyzing 1 file(s) for DUT in Poor
2026-03-10 01:04:46,721 - pipeline - INFO - Analyzing 1 file(s) for DUT in Poor
2026-03-10 01:04:46,764 - pipeline - INFO - Analyzing 1 file(s) for REF in Poor
2026-03-10 01:04:46,764 - pipeline - INFO - Analyzing 1 file(s) for REF in Poor
2026-03-10 01:04:46,807 - pipeline - INFO - Analyzing 1 file(s) for DUT in Moderate
2026-03-10 01:04:46,807 - pipeline - INFO - Analyzing 1 file(s) for DUT in Moderate
2026-03-10 01:04:46,854 - pipeline - INFO - Analyzing 1 file(s) for REF in Moderate
2026-03-10 01:04:46,854 - pipeline - INFO - Analyzing 1 file(s) for REF in Moderate
2026-03-10 01:04:46,903 - pipeline - INFO - Analyzing 1 file(s) for DUT in Poor
2026-03-10 01:04:46,903 - pipeline - INFO - Analyzing 1 file(s) for DUT in Poor
2026-03-10 01:04:46,952 - pipeline - INFO - Analyzing 1 file(s) for REF in Poor
2026-03-10 01:04:46,952 - pipeline - INFO - Analyzing 1 file(s) for REF in Poor
2026-03-10 01:04:47,001 - pipeline - INFO - Analyzing 3 file(s) for DUT in Moderate
2026-03-10 01:04:47,001 - pipeline - INFO - Analyzing 3 file(s) for DUT in Moderate
2026-03-10 01:04:47,105 - pipeline - INFO - Analyzing 3 file(s) for REF in Moderate
2026-03-10 01:04:47,105 - pipeline - INFO - Analyzing 3 file(s) for REF in Moderate
2026-03-10 01:04:47,206 - pipeline - INFO - Analyzing 1 file(s) for DUT in Poor
2026-03-10 01:04:47,206 - pipeline - INFO - Analyzing 1 file(s) for DUT in Poor
2026-03-10 01:04:47,253 - pipeline - INFO - Analyzing 1 file(s) for REF in Poor
2026-03-10 01:04:47,253 - pipeline - INFO - Analyzing 1 file(s) for REF in Poor
2026-03-10 01:04:47,303 - pipeline - INFO - Analyzing 1 file(s) for DUT in Moderate
2026-03-10 01:04:47,303 - pipeline - INFO - Analyzing 1 file(s) for DUT in Moderate
2026-03-10 01:04:47,349 - pipeline - INFO - Analyzing 1 file(s) for REF in Moderate
2026-03-10 01:04:47,349 - pipeline - INFO - Analyzing 1 file(s) for REF in Moderate
2026-03-10 01:04:47,396 - pipeline - INFO - Analyzing 1 file(s) for DUT in Poor
2026-03-10 01:04:47,396 - pipeline - INFO - Analyzing 1 file(s) for DUT in Poor
2026-03-10 01:04:47,443 - pipeline - INFO - Analyzing 1 file(s) for REF in Poor
2026-03-10 01:04:47,443 - pipeline - INFO - Analyzing 1 file(s) for REF in Poor
2026-03-10 01:04:47,489 - pipeline - INFO - Analyzing 1 file(s) for DUT in Moderate
2026-03-10 01:04:47,489 - pipeline - INFO - Analyzing 1 file(s) for DUT in Moderate
2026-03-10 01:04:47,534 - pipeline - INFO - Analyzing 1 file(s) for REF in Moderate
2026-03-10 01:04:47,534 - pipeline - INFO - Analyzing 1 file(s) for REF in Moderate
2026-03-10 01:04:47,580 - pipeline - INFO - Analyzing 1 file(s) for DUT in Poor
2026-03-10 01:04:47,580 - pipeline - INFO - Analyzing 1 file(s) for DUT in Poor
2026-03-10 01:04:47,626 - pipeline - INFO - Analyzing 1 file(s) for REF in Poor
2026-03-10 01:04:47,626 - pipeline - INFO - Analyzing 1 file(s) for REF in Poor
2026-03-10 01:04:47,671 - pipeline - INFO - Processing directory-level analyses...
2026-03-10 01:04:47,671 - pipeline - INFO - Processing directory-level analyses...
2026-03-10 01:04:47,671 - pipeline - INFO - Analyzing Coverage directory: D:/ReportGenerator/Raw Data\#Huaqin\Seattle\Coverage Performance (Type: coverage_coordinate)
2026-03-10 01:04:47,671 - pipeline - INFO - Analyzing Coverage directory: D:/ReportGenerator/Raw Data\#Huaqin\Seattle\Coverage Performance (Type: coverage_coordinate)
2026-03-10 01:04:47,672 - pipeline - INFO - Analyzing Coverage directory: D:/ReportGenerator/Raw Data\#Huaqin\Seattle\Coverage Performance/5G n41 HPUE Coverage Test (Type: n41_coverage)
2026-03-10 01:04:47,672 - pipeline - INFO - Analyzing Coverage directory: D:/ReportGenerator/Raw Data\#Huaqin\Seattle\Coverage Performance/5G n41 HPUE Coverage Test (Type: n41_coverage)
2026-03-10 01:04:48,324 - pipeline - INFO - Analyzing Coverage directory: D:/ReportGenerator/Raw Data\#Huaqin\Seattle\Coverage Performance/5G VoNR Coverage Test (Type: vonr_coverage_performance)
2026-03-10 01:04:48,324 - pipeline - INFO - Analyzing Coverage directory: D:/ReportGenerator/Raw Data\#Huaqin\Seattle\Coverage Performance/5G VoNR Coverage Test (Type: vonr_coverage_performance)
2026-03-10 01:04:49,212 - pipeline - INFO - Running timeline analysis for: Coverage Performance/5G VoNR Coverage Test
2026-03-10 01:04:49,212 - pipeline - INFO - Running timeline analysis for: Coverage Performance/5G VoNR Coverage Test
2026-03-10 01:04:49,213 - pipeline - INFO - Analyzing Coverage directory: D:/ReportGenerator/Raw Data\#Huaqin\Seattle\Coverage Performance/5G VoNR Coverage Test (Type: coverage_timeline)
2026-03-10 01:04:49,213 - pipeline - INFO - Analyzing Coverage directory: D:/ReportGenerator/Raw Data\#Huaqin\Seattle\Coverage Performance/5G VoNR Coverage Test (Type: coverage_timeline)
2026-03-10 01:04:49,213 - pipeline - INFO - Analyzing Coverage Timeline for: D:/ReportGenerator/Raw Data\#Huaqin\Seattle\Coverage Performance/5G VoNR Coverage Test
2026-03-10 01:04:49,213 - pipeline - INFO - Analyzing Coverage Timeline for: D:/ReportGenerator/Raw Data\#Huaqin\Seattle\Coverage Performance/5G VoNR Coverage Test
2026-03-10 01:04:49,214 - pipeline - INFO - Processing rsrp timeline...
2026-03-10 01:04:49,214 - pipeline - INFO - Processing rsrp timeline...
2026-03-10 01:04:49,723 - pipeline - INFO - Processing sinr timeline...
2026-03-10 01:04:49,723 - pipeline - INFO - Processing sinr timeline...
2026-03-10 01:04:50,203 - pipeline - INFO - Processing txpower timeline...
2026-03-10 01:04:50,203 - pipeline - INFO - Processing txpower timeline...
2026-03-10 01:04:50,685 - pipeline - INFO - Analyzing Coverage directory: D:/ReportGenerator/Raw Data\#Huaqin\Seattle\Coverage Performance/LTE Coverage Test (Type: vonr_coverage_performance)
2026-03-10 01:04:50,685 - pipeline - INFO - Analyzing Coverage directory: D:/ReportGenerator/Raw Data\#Huaqin\Seattle\Coverage Performance/LTE Coverage Test (Type: vonr_coverage_performance)
2026-03-10 01:04:50,686 - pipeline - INFO - Using Seattle_LTE coordinates for LTE Coverage Test
2026-03-10 01:04:50,686 - pipeline - INFO - Using Seattle_LTE coordinates for LTE Coverage Test
2026-03-10 01:04:51,393 - pipeline - INFO - Running timeline analysis for: Coverage Performance/LTE Coverage Test
2026-03-10 01:04:51,393 - pipeline - INFO - Running timeline analysis for: Coverage Performance/LTE Coverage Test
2026-03-10 01:04:51,393 - pipeline - INFO - Analyzing Coverage directory: D:/ReportGenerator/Raw Data\#Huaqin\Seattle\Coverage Performance/LTE Coverage Test (Type: coverage_timeline)
2026-03-10 01:04:51,393 - pipeline - INFO - Analyzing Coverage directory: D:/ReportGenerator/Raw Data\#Huaqin\Seattle\Coverage Performance/LTE Coverage Test (Type: coverage_timeline)
2026-03-10 01:04:51,393 - pipeline - INFO - Using Seattle_LTE coordinates for LTE Coverage Test
2026-03-10 01:04:51,393 - pipeline - INFO - Using Seattle_LTE coordinates for LTE Coverage Test
2026-03-10 01:04:51,394 - pipeline - INFO - Analyzing Coverage Timeline for: D:/ReportGenerator/Raw Data\#Huaqin\Seattle\Coverage Performance/LTE Coverage Test
2026-03-10 01:04:51,394 - pipeline - INFO - Analyzing Coverage Timeline for: D:/ReportGenerator/Raw Data\#Huaqin\Seattle\Coverage Performance/LTE Coverage Test
2026-03-10 01:04:51,394 - pipeline - INFO - Processing rsrp timeline...
2026-03-10 01:04:51,394 - pipeline - INFO - Processing rsrp timeline...
2026-03-10 01:04:51,564 - pipeline - INFO - Processing sinr timeline...
2026-03-10 01:04:51,564 - pipeline - INFO - Processing sinr timeline...
2026-03-10 01:04:51,760 - pipeline - INFO - Processing txpower timeline...
2026-03-10 01:04:51,760 - pipeline - INFO - Processing txpower timeline...
2026-03-10 01:04:51,943 - pipeline - INFO - Analyzing Google Throughput directory: D:/ReportGenerator/Raw Data\#Huaqin\Seattle\Data Performance/5G AUTO DP/5G Auto Data Play-store app Download
2026-03-10 01:04:51,943 - pipeline - INFO - Analyzing Google Throughput directory: D:/ReportGenerator/Raw Data\#Huaqin\Seattle\Data Performance/5G AUTO DP/5G Auto Data Play-store app Download
2026-03-10 01:04:51,944 - pipeline - INFO - Processing Play Store file: _20260309_211736_CH01_TMO_5G DP_Play Store 30MB_SEA L1 DUT_.csv (Size: 30M, Device: DUT, Location: Good)
2026-03-10 01:04:51,944 - pipeline - INFO - Processing Play Store file: _20260309_211736_CH01_TMO_5G DP_Play Store 30MB_SEA L1 DUT_.csv (Size: 30M, Device: DUT, Location: Good)
2026-03-10 01:04:51,951 - pipeline - INFO - Successfully analyzed _20260309_211736_CH01_TMO_5G DP_Play Store 30MB_SEA L1 DUT_.csv: 101.52649122807017
2026-03-10 01:04:51,951 - pipeline - INFO - Successfully analyzed _20260309_211736_CH01_TMO_5G DP_Play Store 30MB_SEA L1 DUT_.csv: 101.52649122807017
2026-03-10 01:04:51,951 - pipeline - INFO - Processing Play Store file: _20260309_211736_CH02_TMO_5G DP_Play Store 30MB_SEA L1 REF_.csv (Size: 30M, Device: REF, Location: Good)
2026-03-10 01:04:51,951 - pipeline - INFO - Processing Play Store file: _20260309_211736_CH02_TMO_5G DP_Play Store 30MB_SEA L1 REF_.csv (Size: 30M, Device: REF, Location: Good)
2026-03-10 01:04:51,958 - pipeline - INFO - Successfully analyzed _20260309_211736_CH02_TMO_5G DP_Play Store 30MB_SEA L1 REF_.csv: 103.63114035087719
2026-03-10 01:04:51,958 - pipeline - INFO - Successfully analyzed _20260309_211736_CH02_TMO_5G DP_Play Store 30MB_SEA L1 REF_.csv: 103.63114035087719
2026-03-10 01:04:51,958 - pipeline - INFO - Processing Play Store file: _20260309_212413_CH01_TMO_5G DP_Play Store 60MB_SEA L1 DUT_.csv (Size: 60M, Device: DUT, Location: Good)
2026-03-10 01:04:51,958 - pipeline - INFO - Processing Play Store file: _20260309_212413_CH01_TMO_5G DP_Play Store 60MB_SEA L1 DUT_.csv (Size: 60M, Device: DUT, Location: Good)
2026-03-10 01:04:51,965 - pipeline - INFO - Successfully analyzed _20260309_212413_CH01_TMO_5G DP_Play Store 60MB_SEA L1 DUT_.csv: 176.77827731092438
2026-03-10 01:04:51,965 - pipeline - INFO - Successfully analyzed _20260309_212413_CH01_TMO_5G DP_Play Store 60MB_SEA L1 DUT_.csv: 176.77827731092438
2026-03-10 01:04:51,965 - pipeline - INFO - Processing Play Store file: _20260309_212413_CH02_TMO_5G DP_Play Store 60MB_SEA L1 REF_.csv (Size: 60M, Device: REF, Location: Good)
2026-03-10 01:04:51,965 - pipeline - INFO - Processing Play Store file: _20260309_212413_CH02_TMO_5G DP_Play Store 60MB_SEA L1 REF_.csv (Size: 60M, Device: REF, Location: Good)
2026-03-10 01:04:51,972 - pipeline - INFO - Successfully analyzed _20260309_212413_CH02_TMO_5G DP_Play Store 60MB_SEA L1 REF_.csv: 206.94995098039215
2026-03-10 01:04:51,972 - pipeline - INFO - Successfully analyzed _20260309_212413_CH02_TMO_5G DP_Play Store 60MB_SEA L1 REF_.csv: 206.94995098039215
2026-03-10 01:04:51,973 - pipeline - INFO - Processing Play Store file: _20260309_213107_CH01_TMO_5G DP_Play Store 100MB_SEA L1 DUT_.csv (Size: 100M, Device: DUT, Location: Good)
2026-03-10 01:04:51,973 - pipeline - INFO - Processing Play Store file: _20260309_213107_CH01_TMO_5G DP_Play Store 100MB_SEA L1 DUT_.csv (Size: 100M, Device: DUT, Location: Good)
2026-03-10 01:04:51,980 - pipeline - INFO - Successfully analyzed _20260309_213107_CH01_TMO_5G DP_Play Store 100MB_SEA L1 DUT_.csv: 275.9479563492063
2026-03-10 01:04:51,980 - pipeline - INFO - Successfully analyzed _20260309_213107_CH01_TMO_5G DP_Play Store 100MB_SEA L1 DUT_.csv: 275.9479563492063
2026-03-10 01:04:51,980 - pipeline - INFO - Processing Play Store file: _20260309_213107_CH02_TMO_5G DP_Play Store 100MB_SEA L1 REF_.csv (Size: 100M, Device: REF, Location: Good)
2026-03-10 01:04:51,980 - pipeline - INFO - Processing Play Store file: _20260309_213107_CH02_TMO_5G DP_Play Store 100MB_SEA L1 REF_.csv (Size: 100M, Device: REF, Location: Good)
2026-03-10 01:04:51,987 - pipeline - INFO - Successfully analyzed _20260309_213107_CH02_TMO_5G DP_Play Store 100MB_SEA L1 REF_.csv: 250.66366987179487
2026-03-10 01:04:51,987 - pipeline - INFO - Successfully analyzed _20260309_213107_CH02_TMO_5G DP_Play Store 100MB_SEA L1 REF_.csv: 250.66366987179487
2026-03-10 01:04:51,988 - pipeline - INFO - Processing Play Store file: _20260301_170456_CH01_TMO_5G AUTO_Play Store 30MB_SEA L2 DUT_.csv (Size: 30M, Device: DUT, Location: Moderate)
2026-03-10 01:04:51,988 - pipeline - INFO - Processing Play Store file: _20260301_170456_CH01_TMO_5G AUTO_Play Store 30MB_SEA L2 DUT_.csv (Size: 30M, Device: DUT, Location: Moderate)
2026-03-10 01:04:52,001 - pipeline - INFO - Successfully analyzed _20260301_170456_CH01_TMO_5G AUTO_Play Store 30MB_SEA L2 DUT_.csv: 50.36797698135199
2026-03-10 01:04:52,001 - pipeline - INFO - Successfully analyzed _20260301_170456_CH01_TMO_5G AUTO_Play Store 30MB_SEA L2 DUT_.csv: 50.36797698135199
2026-03-10 01:04:52,001 - pipeline - INFO - Processing Play Store file: _20260301_170456_CH02_TMO_5G AUTO_Play Store 30MB_SEA L2 REF_.csv (Size: 30M, Device: REF, Location: Moderate)
2026-03-10 01:04:52,001 - pipeline - INFO - Processing Play Store file: _20260301_170456_CH02_TMO_5G AUTO_Play Store 30MB_SEA L2 REF_.csv (Size: 30M, Device: REF, Location: Moderate)
2026-03-10 01:04:52,014 - pipeline - INFO - Successfully analyzed _20260301_170456_CH02_TMO_5G AUTO_Play Store 30MB_SEA L2 REF_.csv: 21.685335990087253
2026-03-10 01:04:52,014 - pipeline - INFO - Successfully analyzed _20260301_170456_CH02_TMO_5G AUTO_Play Store 30MB_SEA L2 REF_.csv: 21.685335990087253
2026-03-10 01:04:52,015 - pipeline - INFO - Processing Play Store file: _20260301_172130_CH01_TMO_5G AUTO_Play Store 60MB_SEA L2 DUT_.csv (Size: 60M, Device: DUT, Location: Moderate)
2026-03-10 01:04:52,015 - pipeline - INFO - Processing Play Store file: _20260301_172130_CH01_TMO_5G AUTO_Play Store 60MB_SEA L2 DUT_.csv (Size: 60M, Device: DUT, Location: Moderate)
2026-03-10 01:04:52,031 - pipeline - INFO - Successfully analyzed _20260301_172130_CH01_TMO_5G AUTO_Play Store 60MB_SEA L2 DUT_.csv: 68.01557486173957
2026-03-10 01:04:52,031 - pipeline - INFO - Successfully analyzed _20260301_172130_CH01_TMO_5G AUTO_Play Store 60MB_SEA L2 DUT_.csv: 68.01557486173957
2026-03-10 01:04:52,031 - pipeline - INFO - Processing Play Store file: _20260301_172130_CH02_TMO_5G AUTO_Play Store 60MB_SEA L2 REF_.csv (Size: 60M, Device: REF, Location: Moderate)
2026-03-10 01:04:52,031 - pipeline - INFO - Processing Play Store file: _20260301_172130_CH02_TMO_5G AUTO_Play Store 60MB_SEA L2 REF_.csv (Size: 60M, Device: REF, Location: Moderate)
2026-03-10 01:04:52,047 - pipeline - INFO - Successfully analyzed _20260301_172130_CH02_TMO_5G AUTO_Play Store 60MB_SEA L2 REF_.csv: 27.65214870054606
2026-03-10 01:04:52,047 - pipeline - INFO - Successfully analyzed _20260301_172130_CH02_TMO_5G AUTO_Play Store 60MB_SEA L2 REF_.csv: 27.65214870054606
2026-03-10 01:04:52,047 - pipeline - INFO - Processing Play Store file: _20260301_174915_CH01_TMO_5G AUTO_Play Store 100MB_SEA L2 DUT_.csv (Size: 100M, Device: DUT, Location: Moderate)
2026-03-10 01:04:52,047 - pipeline - INFO - Processing Play Store file: _20260301_174915_CH01_TMO_5G AUTO_Play Store 100MB_SEA L2 DUT_.csv (Size: 100M, Device: DUT, Location: Moderate)
2026-03-10 01:04:52,064 - pipeline - INFO - Successfully analyzed _20260301_174915_CH01_TMO_5G AUTO_Play Store 100MB_SEA L2 DUT_.csv: 79.26933897391983
2026-03-10 01:04:52,064 - pipeline - INFO - Successfully analyzed _20260301_174915_CH01_TMO_5G AUTO_Play Store 100MB_SEA L2 DUT_.csv: 79.26933897391983
2026-03-10 01:04:52,064 - pipeline - INFO - Processing Play Store file: _20260301_174915_CH02_TMO_5G AUTO_Play Store 100MB_SEA L2 REF_.csv (Size: 100M, Device: REF, Location: Moderate)
2026-03-10 01:04:52,064 - pipeline - INFO - Processing Play Store file: _20260301_174915_CH02_TMO_5G AUTO_Play Store 100MB_SEA L2 REF_.csv (Size: 100M, Device: REF, Location: Moderate)
2026-03-10 01:04:52,081 - pipeline - INFO - Successfully analyzed _20260301_174915_CH02_TMO_5G AUTO_Play Store 100MB_SEA L2 REF_.csv: 34.360031172181216
2026-03-10 01:04:52,081 - pipeline - INFO - Successfully analyzed _20260301_174915_CH02_TMO_5G AUTO_Play Store 100MB_SEA L2 REF_.csv: 34.360031172181216
2026-03-10 01:04:52,081 - pipeline - INFO - Processing Play Store file: _20260305_133728_CH01_TMO_5G AUTO_Play Store 30 MB_SEA L3 DUT_.csv (Size: 30M, Device: DUT, Location: Poor)
2026-03-10 01:04:52,081 - pipeline - INFO - Processing Play Store file: _20260305_133728_CH01_TMO_5G AUTO_Play Store 30 MB_SEA L3 DUT_.csv (Size: 30M, Device: DUT, Location: Poor)
2026-03-10 01:04:52,094 - pipeline - INFO - Successfully analyzed _20260305_133728_CH01_TMO_5G AUTO_Play Store 30 MB_SEA L3 DUT_.csv: 5.628453927791787
2026-03-10 01:04:52,094 - pipeline - INFO - Successfully analyzed _20260305_133728_CH01_TMO_5G AUTO_Play Store 30 MB_SEA L3 DUT_.csv: 5.628453927791787
2026-03-10 01:04:52,094 - pipeline - INFO - Processing Play Store file: _20260305_133728_CH02_TMO_5G AUTO_Play Store 30 MB_SEA L3 REF_.csv (Size: 30M, Device: REF, Location: Poor)
2026-03-10 01:04:52,094 - pipeline - INFO - Processing Play Store file: _20260305_133728_CH02_TMO_5G AUTO_Play Store 30 MB_SEA L3 REF_.csv (Size: 30M, Device: REF, Location: Poor)
2026-03-10 01:04:52,106 - pipeline - INFO - Successfully analyzed _20260305_133728_CH02_TMO_5G AUTO_Play Store 30 MB_SEA L3 REF_.csv: 10.442949336003807
2026-03-10 01:04:52,106 - pipeline - INFO - Successfully analyzed _20260305_133728_CH02_TMO_5G AUTO_Play Store 30 MB_SEA L3 REF_.csv: 10.442949336003807
2026-03-10 01:04:52,107 - pipeline - INFO - Processing Play Store file: _20260305_135026_CH01_TMO_5G AUTO_Play Store 60 MB_SEA L3 DUT_.csv (Size: 60M, Device: DUT, Location: Poor)
2026-03-10 01:04:52,107 - pipeline - INFO - Processing Play Store file: _20260305_135026_CH01_TMO_5G AUTO_Play Store 60 MB_SEA L3 DUT_.csv (Size: 60M, Device: DUT, Location: Poor)
2026-03-10 01:04:52,119 - pipeline - INFO - Successfully analyzed _20260305_135026_CH01_TMO_5G AUTO_Play Store 60 MB_SEA L3 DUT_.csv: 4.197943396036771
2026-03-10 01:04:52,119 - pipeline - INFO - Successfully analyzed _20260305_135026_CH01_TMO_5G AUTO_Play Store 60 MB_SEA L3 DUT_.csv: 4.197943396036771
2026-03-10 01:04:52,120 - pipeline - INFO - Processing Play Store file: _20260305_135026_CH02_TMO_5G AUTO_Play Store 60 MB_SEA L3 REF_.csv (Size: 60M, Device: REF, Location: Poor)
2026-03-10 01:04:52,120 - pipeline - INFO - Processing Play Store file: _20260305_135026_CH02_TMO_5G AUTO_Play Store 60 MB_SEA L3 REF_.csv (Size: 60M, Device: REF, Location: Poor)
2026-03-10 01:04:52,132 - pipeline - INFO - Successfully analyzed _20260305_135026_CH02_TMO_5G AUTO_Play Store 60 MB_SEA L3 REF_.csv: 4.366513168700669
2026-03-10 01:04:52,132 - pipeline - INFO - Successfully analyzed _20260305_135026_CH02_TMO_5G AUTO_Play Store 60 MB_SEA L3 REF_.csv: 4.366513168700669
2026-03-10 01:04:52,133 - pipeline - INFO - Processing Play Store file: _20260305_140649_CH01_TMO_5G AUTO_Play Store 100 MB_SEA L3 DUT_.csv (Size: 100M, Device: DUT, Location: Poor)
2026-03-10 01:04:52,133 - pipeline - INFO - Processing Play Store file: _20260305_140649_CH01_TMO_5G AUTO_Play Store 100 MB_SEA L3 DUT_.csv (Size: 100M, Device: DUT, Location: Poor)
2026-03-10 01:04:52,147 - pipeline - INFO - Successfully analyzed _20260305_140649_CH01_TMO_5G AUTO_Play Store 100 MB_SEA L3 DUT_.csv: 2.900268355969123
2026-03-10 01:04:52,147 - pipeline - INFO - Successfully analyzed _20260305_140649_CH01_TMO_5G AUTO_Play Store 100 MB_SEA L3 DUT_.csv: 2.900268355969123
2026-03-10 01:04:52,148 - pipeline - INFO - Processing Play Store file: _20260305_140649_CH02_TMO_5G AUTO_Play Store 100 MB_SEA L3 REF_.csv (Size: 100M, Device: REF, Location: Poor)
2026-03-10 01:04:52,148 - pipeline - INFO - Processing Play Store file: _20260305_140649_CH02_TMO_5G AUTO_Play Store 100 MB_SEA L3 REF_.csv (Size: 100M, Device: REF, Location: Poor)
2026-03-10 01:04:52,162 - pipeline - INFO - Successfully analyzed _20260305_140649_CH02_TMO_5G AUTO_Play Store 100 MB_SEA L3 REF_.csv: 4.377377698089845
2026-03-10 01:04:52,162 - pipeline - INFO - Successfully analyzed _20260305_140649_CH02_TMO_5G AUTO_Play Store 100 MB_SEA L3 REF_.csv: 4.377377698089845
2026-03-10 01:04:52,163 - pipeline - INFO - Google Throughput analysis directory processing complete. Results found: True
2026-03-10 01:04:52,163 - pipeline - INFO - Google Throughput analysis directory processing complete. Results found: True
2026-03-10 01:04:52,163 - pipeline - INFO - Analyzing MHS Drive directory: D:/ReportGenerator/Raw Data\#Huaqin\Seattle\Data Performance/5G AUTO DP/Mobility Test/5G Auto Data Test MHS Drive
2026-03-10 01:04:52,163 - pipeline - INFO - Analyzing MHS Drive directory: D:/ReportGenerator/Raw Data\#Huaqin\Seattle\Data Performance/5G AUTO DP/Mobility Test/5G Auto Data Test MHS Drive
2026-03-10 01:04:53,151 - pipeline - INFO - Analyzing MHS Drive directory: D:/ReportGenerator/Raw Data\#Huaqin\Seattle\Data Performance/5G AUTO DP/Mobility Test/5G Auto Data Test Drive
2026-03-10 01:04:53,151 - pipeline - INFO - Analyzing MHS Drive directory: D:/ReportGenerator/Raw Data\#Huaqin\Seattle\Data Performance/5G AUTO DP/Mobility Test/5G Auto Data Test Drive
2026-03-10 01:04:54,140 - pipeline - INFO - Analyzing MHS Drive directory: D:/ReportGenerator/Raw Data\#Huaqin\Seattle\Data Performance/5G NSA DP/Mobility Test
2026-03-10 01:04:54,140 - pipeline - INFO - Analyzing MHS Drive directory: D:/ReportGenerator/Raw Data\#Huaqin\Seattle\Data Performance/5G NSA DP/Mobility Test
2026-03-10 01:04:55,257 - pipeline - INFO - Running post-processing (VqLineChart, Coverage extraction)...
2026-03-10 01:04:55,257 - pipeline - INFO - Running post-processing (VqLineChart, Coverage extraction)...
2026-03-10 01:04:55,383 - pipeline - INFO - Checking for CDF Throughput data to export...
2026-03-10 01:04:55,383 - pipeline - INFO - Checking for CDF Throughput data to export...
2026-03-10 01:04:55,441 - pipeline - INFO - Exported 112 CDF throughput JSON files to D:/ReportGenerator/report-generator-app/public/AnalyzeResults\#Huaqin\Seattle\cdf_throughput_data
2026-03-10 01:04:55,441 - pipeline - INFO - Exported 112 CDF throughput JSON files to D:/ReportGenerator/report-generator-app/public/AnalyzeResults\#Huaqin\Seattle\cdf_throughput_data
2026-03-10 01:04:55,450 - pipeline - INFO - Data Performance results exported to D:/ReportGenerator/report-generator-app/public/AnalyzeResults\#Huaqin\Seattle\data_performance_results.json
2026-03-10 01:04:55,450 - pipeline - INFO - Data Performance results exported to D:/ReportGenerator/report-generator-app/public/AnalyzeResults\#Huaqin\Seattle\data_performance_results.json
2026-03-10 01:04:55,458 - pipeline - INFO - Coverage Performance results exported to D:/ReportGenerator/report-generator-app/public/AnalyzeResults\#Huaqin\Seattle\coverage_performance_results.json
2026-03-10 01:04:55,458 - pipeline - INFO - Coverage Performance results exported to D:/ReportGenerator/report-generator-app/public/AnalyzeResults\#Huaqin\Seattle\coverage_performance_results.json
2026-03-10 01:04:55,460 - pipeline - INFO - Processing summary exported to D:/ReportGenerator/report-generator-app/public/AnalyzeResults\#Huaqin\Seattle\processing_summary.json
2026-03-10 01:04:55,460 - pipeline - INFO - Processing summary exported to D:/ReportGenerator/report-generator-app/public/AnalyzeResults\#Huaqin\Seattle\processing_summary.json
2026-03-10 01:04:55,461 - pipeline - INFO - Running final data validation...
2026-03-10 01:04:55,461 - pipeline - INFO - Running final data validation...
2026-03-10 01:04:55,480 - pipeline - WARNING - Summary of Empty collections found in JSON files:
2026-03-10 01:04:55,480 - pipeline - WARNING - Summary of Empty collections found in JSON files:
2026-03-10 01:04:55,480 - pipeline - WARNING -   - data_performance_results.json -> Data Performance -> 5G AUTO DP -> HTTP Multi Stream -> DL -> Good -> DUT -> Throughput -> Outliers -> Empty List
2026-03-10 01:04:55,480 - pipeline - WARNING -   - data_performance_results.json -> Data Performance -> 5G AUTO DP -> HTTP Multi Stream -> DL -> Good -> DUT -> Throughput -> Outliers -> Empty List
2026-03-10 01:04:55,481 - pipeline - WARNING -   - data_performance_results.json -> Data Performance -> 5G AUTO DP -> HTTP Multi Stream -> DL -> Good -> REF -> Throughput -> Outliers -> Empty List
2026-03-10 01:04:55,481 - pipeline - WARNING -   - data_performance_results.json -> Data Performance -> 5G AUTO DP -> HTTP Multi Stream -> DL -> Good -> REF -> Throughput -> Outliers -> Empty List
2026-03-10 01:04:55,481 - pipeline - WARNING -   - data_performance_results.json -> Data Performance -> 5G AUTO DP -> HTTP Multi Stream -> DL -> Moderate -> DUT -> Throughput -> Outliers -> Empty List
2026-03-10 01:04:55,481 - pipeline - WARNING -   - data_performance_results.json -> Data Performance -> 5G AUTO DP -> HTTP Multi Stream -> DL -> Moderate -> DUT -> Throughput -> Outliers -> Empty List
2026-03-10 01:04:55,481 - pipeline - WARNING -   - data_performance_results.json -> Data Performance -> 5G AUTO DP -> HTTP Multi Stream -> DL -> Moderate -> REF -> Throughput -> Outliers -> Empty List
2026-03-10 01:04:55,481 - pipeline - WARNING -   - data_performance_results.json -> Data Performance -> 5G AUTO DP -> HTTP Multi Stream -> DL -> Moderate -> REF -> Throughput -> Outliers -> Empty List
2026-03-10 01:04:55,481 - pipeline - WARNING -   - data_performance_results.json -> Data Performance -> 5G AUTO DP -> HTTP Multi Stream -> DL -> Poor -> DUT -> Throughput -> Outliers -> Empty List
2026-03-10 01:04:55,481 - pipeline - WARNING -   - data_performance_results.json -> Data Performance -> 5G AUTO DP -> HTTP Multi Stream -> DL -> Poor -> DUT -> Throughput -> Outliers -> Empty List
2026-03-10 01:04:55,482 - pipeline - WARNING -   - data_performance_results.json -> Data Performance -> 5G AUTO DP -> HTTP Multi Stream -> DL -> Poor -> REF -> Throughput -> Outliers -> Empty List
2026-03-10 01:04:55,482 - pipeline - WARNING -   - data_performance_results.json -> Data Performance -> 5G AUTO DP -> HTTP Multi Stream -> DL -> Poor -> REF -> Throughput -> Outliers -> Empty List
2026-03-10 01:04:55,482 - pipeline - WARNING -   - data_performance_results.json -> Data Performance -> 5G AUTO DP -> HTTP Multi Stream -> UL -> Good -> REF -> Throughput -> Outliers -> Empty List
2026-03-10 01:04:55,482 - pipeline - WARNING -   - data_performance_results.json -> Data Performance -> 5G AUTO DP -> HTTP Multi Stream -> UL -> Good -> REF -> Throughput -> Outliers -> Empty List
2026-03-10 01:04:55,482 - pipeline - WARNING -   - data_performance_results.json -> Data Performance -> 5G AUTO DP -> HTTP Multi Stream -> UL -> Moderate -> DUT -> Throughput -> Outliers -> Empty List
2026-03-10 01:04:55,482 - pipeline - WARNING -   - data_performance_results.json -> Data Performance -> 5G AUTO DP -> HTTP Multi Stream -> UL -> Moderate -> DUT -> Throughput -> Outliers -> Empty List
2026-03-10 01:04:55,482 - pipeline - WARNING -   - data_performance_results.json -> Data Performance -> 5G AUTO DP -> HTTP Single Stream -> DL -> Good -> DUT -> Throughput -> Outliers -> Empty List
2026-03-10 01:04:55,482 - pipeline - WARNING -   - data_performance_results.json -> Data Performance -> 5G AUTO DP -> HTTP Single Stream -> DL -> Good -> DUT -> Throughput -> Outliers -> Empty List
2026-03-10 01:04:55,483 - pipeline - WARNING -   - data_performance_results.json -> Data Performance -> 5G AUTO DP -> HTTP Single Stream -> DL -> Moderate -> DUT -> Throughput -> Outliers -> Empty List
2026-03-10 01:04:55,483 - pipeline - WARNING -   - data_performance_results.json -> Data Performance -> 5G AUTO DP -> HTTP Single Stream -> DL -> Moderate -> DUT -> Throughput -> Outliers -> Empty List
2026-03-10 01:04:55,483 - pipeline - WARNING -   - data_performance_results.json -> Data Performance -> 5G AUTO DP -> HTTP Single Stream -> DL -> Poor -> REF -> Throughput -> Outliers -> Empty List
2026-03-10 01:04:55,483 - pipeline - WARNING -   - data_performance_results.json -> Data Performance -> 5G AUTO DP -> HTTP Single Stream -> DL -> Poor -> REF -> Throughput -> Outliers -> Empty List
2026-03-10 01:04:55,483 - pipeline - WARNING -   - data_performance_results.json -> Data Performance -> 5G AUTO DP -> Mobile Hotspot Test -> HTTP Multi Stream -> DL -> Poor -> DUT -> Throughput -> Outliers -> Empty List
2026-03-10 01:04:55,483 - pipeline - WARNING -   - data_performance_results.json -> Data Performance -> 5G AUTO DP -> Mobile Hotspot Test -> HTTP Multi Stream -> DL -> Poor -> DUT -> Throughput -> Outliers -> Empty List
2026-03-10 01:04:55,483 - pipeline - WARNING -   - data_performance_results.json -> Data Performance -> 5G AUTO DP -> Mobile Hotspot Test -> HTTP Multi Stream -> DL -> Poor -> REF -> Throughput -> Outliers -> Empty List
2026-03-10 01:04:55,483 - pipeline - WARNING -   - data_performance_results.json -> Data Performance -> 5G AUTO DP -> Mobile Hotspot Test -> HTTP Multi Stream -> DL -> Poor -> REF -> Throughput -> Outliers -> Empty List
2026-03-10 01:04:55,484 - pipeline - WARNING -   - data_performance_results.json -> Data Performance -> 5G AUTO DP -> Mobile Hotspot Test -> HTTP Multi Stream -> UL -> Moderate -> REF -> Throughput -> Outliers -> Empty List
2026-03-10 01:04:55,484 - pipeline - WARNING -   - data_performance_results.json -> Data Performance -> 5G AUTO DP -> Mobile Hotspot Test -> HTTP Multi Stream -> UL -> Moderate -> REF -> Throughput -> Outliers -> Empty List
2026-03-10 01:04:55,484 - pipeline - WARNING -   - data_performance_results.json -> Data Performance -> 5G AUTO DP -> Mobile Hotspot Test -> HTTP Single Stream -> DL -> Moderate -> DUT -> Throughput -> Outliers -> Empty List
2026-03-10 01:04:55,484 - pipeline - WARNING -   - data_performance_results.json -> Data Performance -> 5G AUTO DP -> Mobile Hotspot Test -> HTTP Single Stream -> DL -> Moderate -> DUT -> Throughput -> Outliers -> Empty List
2026-03-10 01:04:55,484 - pipeline - WARNING -   - data_performance_results.json -> Data Performance -> 5G AUTO DP -> Mobile Hotspot Test -> HTTP Single Stream -> DL -> Poor -> REF -> Throughput -> Outliers -> Empty List
2026-03-10 01:04:55,484 - pipeline - WARNING -   - data_performance_results.json -> Data Performance -> 5G AUTO DP -> Mobile Hotspot Test -> HTTP Single Stream -> DL -> Poor -> REF -> Throughput -> Outliers -> Empty List
2026-03-10 01:04:55,485 - pipeline - WARNING -   - data_performance_results.json -> Data Performance -> 5G AUTO DP -> Mobile Hotspot Test -> HTTP Single Stream -> UL -> Moderate -> DUT -> Throughput -> Outliers -> Empty List
2026-03-10 01:04:55,485 - pipeline - WARNING -   - data_performance_results.json -> Data Performance -> 5G AUTO DP -> Mobile Hotspot Test -> HTTP Single Stream -> UL -> Moderate -> DUT -> Throughput -> Outliers -> Empty List
2026-03-10 01:04:55,485 - pipeline - WARNING -   - data_performance_results.json -> Data Performance -> 5G AUTO DP -> Mobile Hotspot Test -> HTTP Single Stream -> UL -> Moderate -> REF -> Throughput -> Outliers -> Empty List
2026-03-10 01:04:55,485 - pipeline - WARNING -   - data_performance_results.json -> Data Performance -> 5G AUTO DP -> Mobile Hotspot Test -> HTTP Single Stream -> UL -> Moderate -> REF -> Throughput -> Outliers -> Empty List
2026-03-10 01:04:55,485 - pipeline - WARNING -   - data_performance_results.json -> Data Performance -> 5G AUTO DP -> Mobile Hotspot Test -> Udp Test -> DL -> UDP Download Task at 200 Mbps for 10 seconds -> Moderate -> DUT -> Throughput -> Outliers -> Empty List
2026-03-10 01:04:55,485 - pipeline - WARNING -   - data_performance_results.json -> Data Performance -> 5G AUTO DP -> Mobile Hotspot Test -> Udp Test -> DL -> UDP Download Task at 200 Mbps for 10 seconds -> Moderate -> DUT -> Throughput -> Outliers -> Empty List
2026-03-10 01:04:55,485 - pipeline - WARNING -   - data_performance_results.json -> Data Performance -> 5G AUTO DP -> Mobile Hotspot Test -> Udp Test -> DL -> UDP Download Task at 200 Mbps for 10 seconds -> Moderate -> REF -> Throughput -> Outliers -> Empty List
2026-03-10 01:04:55,485 - pipeline - WARNING -   - data_performance_results.json -> Data Performance -> 5G AUTO DP -> Mobile Hotspot Test -> Udp Test -> DL -> UDP Download Task at 200 Mbps for 10 seconds -> Moderate -> REF -> Throughput -> Outliers -> Empty List
2026-03-10 01:04:55,486 - pipeline - WARNING -   - data_performance_results.json -> Data Performance -> 5G AUTO DP -> Mobile Hotspot Test -> Udp Test -> DL -> UDP Download Task at 200 Mbps for 10 seconds -> Poor -> DUT -> Throughput -> Outliers -> Empty List
2026-03-10 01:04:55,486 - pipeline - WARNING -   - data_performance_results.json -> Data Performance -> 5G AUTO DP -> Mobile Hotspot Test -> Udp Test -> DL -> UDP Download Task at 200 Mbps for 10 seconds -> Poor -> DUT -> Throughput -> Outliers -> Empty List
2026-03-10 01:04:55,486 - pipeline - WARNING -   - data_performance_results.json -> Data Performance -> 5G AUTO DP -> Mobile Hotspot Test -> Udp Test -> DL -> UDP Download Task at 200 Mbps for 10 seconds -> Poor -> REF -> Throughput -> Outliers -> Empty List
2026-03-10 01:04:55,486 - pipeline - WARNING -   - data_performance_results.json -> Data Performance -> 5G AUTO DP -> Mobile Hotspot Test -> Udp Test -> DL -> UDP Download Task at 200 Mbps for 10 seconds -> Poor -> REF -> Throughput -> Outliers -> Empty List
2026-03-10 01:04:55,486 - pipeline - WARNING -   - data_performance_results.json -> Data Performance -> 5G AUTO DP -> Mobile Hotspot Test -> Udp Test -> DL -> UDP Download Task at 400 Mbps for 10 seconds -> Moderate -> DUT -> Throughput -> Outliers -> Empty List
2026-03-10 01:04:55,486 - pipeline - WARNING -   - data_performance_results.json -> Data Performance -> 5G AUTO DP -> Mobile Hotspot Test -> Udp Test -> DL -> UDP Download Task at 400 Mbps for 10 seconds -> Moderate -> DUT -> Throughput -> Outliers -> Empty List
2026-03-10 01:04:55,487 - pipeline - WARNING -   - data_performance_results.json -> Data Performance -> 5G AUTO DP -> Mobile Hotspot Test -> Udp Test -> DL -> UDP Download Task at 400 Mbps for 10 seconds -> Poor -> REF -> Throughput -> Outliers -> Empty List
2026-03-10 01:04:55,487 - pipeline - WARNING -   - data_performance_results.json -> Data Performance -> 5G AUTO DP -> Mobile Hotspot Test -> Udp Test -> DL -> UDP Download Task at 400 Mbps for 10 seconds -> Poor -> REF -> Throughput -> Outliers -> Empty List
2026-03-10 01:04:55,487 - pipeline - WARNING -   - data_performance_results.json -> Data Performance -> 5G AUTO DP -> Mobile Hotspot Test -> Udp Test -> UL -> UDP Upload Task at 10 Mbps for 10 seconds -> Poor -> REF -> Throughput -> Outliers -> Empty List
2026-03-10 01:04:55,487 - pipeline - WARNING -   - data_performance_results.json -> Data Performance -> 5G AUTO DP -> Mobile Hotspot Test -> Udp Test -> UL -> UDP Upload Task at 10 Mbps for 10 seconds -> Poor -> REF -> Throughput -> Outliers -> Empty List
2026-03-10 01:04:55,487 - pipeline - WARNING -   - data_performance_results.json -> Data Performance -> 5G AUTO DP -> Mobile Hotspot Test -> Udp Test -> UL -> UDP Upload Task at 20 Mbps for 10 seconds -> Poor -> DUT -> Throughput -> Outliers -> Empty List
2026-03-10 01:04:55,487 - pipeline - WARNING -   - data_performance_results.json -> Data Performance -> 5G AUTO DP -> Mobile Hotspot Test -> Udp Test -> UL -> UDP Upload Task at 20 Mbps for 10 seconds -> Poor -> DUT -> Throughput -> Outliers -> Empty List
2026-03-10 01:04:55,487 - pipeline - WARNING -   - data_performance_results.json -> Data Performance -> 5G AUTO DP -> Ping -> Good -> REF -> Ping RTT -> Outliers -> Empty List
2026-03-10 01:04:55,487 - pipeline - WARNING -   - data_performance_results.json -> Data Performance -> 5G AUTO DP -> Ping -> Good -> REF -> Ping RTT -> Outliers -> Empty List
2026-03-10 01:04:55,488 - pipeline - WARNING -   - data_performance_results.json -> Data Performance -> 5G AUTO DP -> Udp Test -> DL -> UDP Download Task at 200 Mbps for 10 seconds -> Good -> DUT -> Throughput -> Outliers -> Empty List
2026-03-10 01:04:55,488 - pipeline - WARNING -   - data_performance_results.json -> Data Performance -> 5G AUTO DP -> Udp Test -> DL -> UDP Download Task at 200 Mbps for 10 seconds -> Good -> DUT -> Throughput -> Outliers -> Empty List
2026-03-10 01:04:55,488 - pipeline - WARNING -   - data_performance_results.json -> Data Performance -> 5G AUTO DP -> Udp Test -> DL -> UDP Download Task at 200 Mbps for 10 seconds -> Good -> REF -> Throughput -> Outliers -> Empty List
2026-03-10 01:04:55,488 - pipeline - WARNING -   - data_performance_results.json -> Data Performance -> 5G AUTO DP -> Udp Test -> DL -> UDP Download Task at 200 Mbps for 10 seconds -> Good -> REF -> Throughput -> Outliers -> Empty List
2026-03-10 01:04:55,489 - pipeline - WARNING -   - data_performance_results.json -> Data Performance -> 5G AUTO DP -> Udp Test -> DL -> UDP Download Task at 200 Mbps for 10 seconds -> Poor -> DUT -> Throughput -> Outliers -> Empty List
2026-03-10 01:04:55,489 - pipeline - WARNING -   - data_performance_results.json -> Data Performance -> 5G AUTO DP -> Udp Test -> DL -> UDP Download Task at 200 Mbps for 10 seconds -> Poor -> DUT -> Throughput -> Outliers -> Empty List
2026-03-10 01:04:55,489 - pipeline - WARNING -   - data_performance_results.json -> Data Performance -> 5G AUTO DP -> Udp Test -> DL -> UDP Download Task at 200 Mbps for 10 seconds -> Poor -> REF -> Throughput -> Outliers -> Empty List
2026-03-10 01:04:55,489 - pipeline - WARNING -   - data_performance_results.json -> Data Performance -> 5G AUTO DP -> Udp Test -> DL -> UDP Download Task at 200 Mbps for 10 seconds -> Poor -> REF -> Throughput -> Outliers -> Empty List
2026-03-10 01:04:55,489 - pipeline - WARNING -   - data_performance_results.json -> Data Performance -> 5G AUTO DP -> Udp Test -> DL -> UDP Download Task at 400 Mbps for 10 seconds -> Good -> DUT -> Throughput -> Outliers -> Empty List
2026-03-10 01:04:55,489 - pipeline - WARNING -   - data_performance_results.json -> Data Performance -> 5G AUTO DP -> Udp Test -> DL -> UDP Download Task at 400 Mbps for 10 seconds -> Good -> DUT -> Throughput -> Outliers -> Empty List
2026-03-10 01:04:55,489 - pipeline - WARNING -   - data_performance_results.json -> Data Performance -> 5G AUTO DP -> Udp Test -> DL -> UDP Download Task at 400 Mbps for 10 seconds -> Good -> REF -> Throughput -> Outliers -> Empty List
2026-03-10 01:04:55,489 - pipeline - WARNING -   - data_performance_results.json -> Data Performance -> 5G AUTO DP -> Udp Test -> DL -> UDP Download Task at 400 Mbps for 10 seconds -> Good -> REF -> Throughput -> Outliers -> Empty List
2026-03-10 01:04:55,490 - pipeline - WARNING -   - data_performance_results.json -> Data Performance -> 5G AUTO DP -> Udp Test -> DL -> UDP Download Task at 400 Mbps for 10 seconds -> Moderate -> REF -> Throughput -> Outliers -> Empty List
2026-03-10 01:04:55,490 - pipeline - WARNING -   - data_performance_results.json -> Data Performance -> 5G AUTO DP -> Udp Test -> DL -> UDP Download Task at 400 Mbps for 10 seconds -> Moderate -> REF -> Throughput -> Outliers -> Empty List
2026-03-10 01:04:55,490 - pipeline - WARNING -   - data_performance_results.json -> Data Performance -> 5G AUTO DP -> Udp Test -> DL -> UDP Download Task at 400 Mbps for 10 seconds -> Poor -> DUT -> Throughput -> Outliers -> Empty List
2026-03-10 01:04:55,490 - pipeline - WARNING -   - data_performance_results.json -> Data Performance -> 5G AUTO DP -> Udp Test -> DL -> UDP Download Task at 400 Mbps for 10 seconds -> Poor -> DUT -> Throughput -> Outliers -> Empty List
2026-03-10 01:04:55,491 - pipeline - WARNING -   - data_performance_results.json -> Data Performance -> 5G AUTO DP -> Udp Test -> DL -> UDP Download Task at 400 Mbps for 10 seconds -> Poor -> REF -> Throughput -> Outliers -> Empty List
2026-03-10 01:04:55,491 - pipeline - WARNING -   - data_performance_results.json -> Data Performance -> 5G AUTO DP -> Udp Test -> DL -> UDP Download Task at 400 Mbps for 10 seconds -> Poor -> REF -> Throughput -> Outliers -> Empty List
2026-03-10 01:04:55,492 - pipeline - WARNING -   - data_performance_results.json -> Data Performance -> 5G NSA DP -> HTTP Multi Stream -> DL -> Moderate -> DUT -> Throughput -> Outliers -> Empty List
2026-03-10 01:04:55,492 - pipeline - WARNING -   - data_performance_results.json -> Data Performance -> 5G NSA DP -> HTTP Multi Stream -> DL -> Moderate -> DUT -> Throughput -> Outliers -> Empty List
2026-03-10 01:04:55,492 - pipeline - WARNING -   - data_performance_results.json -> Data Performance -> 5G NSA DP -> HTTP Multi Stream -> DL -> Moderate -> REF -> Throughput -> Outliers -> Empty List
2026-03-10 01:04:55,492 - pipeline - WARNING -   - data_performance_results.json -> Data Performance -> 5G NSA DP -> HTTP Multi Stream -> DL -> Moderate -> REF -> Throughput -> Outliers -> Empty List
2026-03-10 01:04:55,492 - pipeline - WARNING -   - data_performance_results.json -> Data Performance -> 5G NSA DP -> HTTP Multi Stream -> DL -> Poor -> DUT -> Throughput -> Outliers -> Empty List
2026-03-10 01:04:55,492 - pipeline - WARNING -   - data_performance_results.json -> Data Performance -> 5G NSA DP -> HTTP Multi Stream -> DL -> Poor -> DUT -> Throughput -> Outliers -> Empty List
2026-03-10 01:04:55,493 - pipeline - WARNING -   - data_performance_results.json -> Data Performance -> 5G NSA DP -> HTTP Multi Stream -> DL -> Poor -> REF -> Throughput -> Outliers -> Empty List
2026-03-10 01:04:55,493 - pipeline - WARNING -   - data_performance_results.json -> Data Performance -> 5G NSA DP -> HTTP Multi Stream -> DL -> Poor -> REF -> Throughput -> Outliers -> Empty List
2026-03-10 01:04:55,493 - pipeline - WARNING -   - data_performance_results.json -> Data Performance -> 5G NSA DP -> HTTP Multi Stream -> UL -> Moderate -> DUT -> Throughput -> Outliers -> Empty List
2026-03-10 01:04:55,493 - pipeline - WARNING -   - data_performance_results.json -> Data Performance -> 5G NSA DP -> HTTP Multi Stream -> UL -> Moderate -> DUT -> Throughput -> Outliers -> Empty List
2026-03-10 01:04:55,493 - pipeline - WARNING -   - data_performance_results.json -> Data Performance -> 5G NSA DP -> HTTP Multi Stream -> UL -> Moderate -> REF -> Throughput -> Outliers -> Empty List
2026-03-10 01:04:55,493 - pipeline - WARNING -   - data_performance_results.json -> Data Performance -> 5G NSA DP -> HTTP Multi Stream -> UL -> Moderate -> REF -> Throughput -> Outliers -> Empty List
2026-03-10 01:04:55,494 - pipeline - WARNING -   - data_performance_results.json -> Data Performance -> 5G NSA DP -> HTTP Multi Stream -> UL -> Poor -> REF -> Throughput -> Outliers -> Empty List
2026-03-10 01:04:55,494 - pipeline - WARNING -   - data_performance_results.json -> Data Performance -> 5G NSA DP -> HTTP Multi Stream -> UL -> Poor -> REF -> Throughput -> Outliers -> Empty List
2026-03-10 01:04:55,494 - pipeline - WARNING -   - data_performance_results.json -> Data Performance -> 5G NSA DP -> HTTP Single Stream -> DL -> Moderate -> DUT -> Throughput -> Outliers -> Empty List
2026-03-10 01:04:55,494 - pipeline - WARNING -   - data_performance_results.json -> Data Performance -> 5G NSA DP -> HTTP Single Stream -> DL -> Moderate -> DUT -> Throughput -> Outliers -> Empty List
2026-03-10 01:04:55,494 - pipeline - WARNING -   - data_performance_results.json -> Data Performance -> 5G NSA DP -> HTTP Single Stream -> DL -> Moderate -> REF -> Throughput -> Outliers -> Empty List
2026-03-10 01:04:55,494 - pipeline - WARNING -   - data_performance_results.json -> Data Performance -> 5G NSA DP -> HTTP Single Stream -> DL -> Moderate -> REF -> Throughput -> Outliers -> Empty List
2026-03-10 01:04:55,495 - pipeline - WARNING -   - data_performance_results.json -> Data Performance -> 5G NSA DP -> HTTP Single Stream -> DL -> Poor -> REF -> Throughput -> Outliers -> Empty List
2026-03-10 01:04:55,495 - pipeline - WARNING -   - data_performance_results.json -> Data Performance -> 5G NSA DP -> HTTP Single Stream -> DL -> Poor -> REF -> Throughput -> Outliers -> Empty List
2026-03-10 01:04:55,495 - pipeline - WARNING -   - data_performance_results.json -> Data Performance -> 5G NSA DP -> Udp Test -> DL -> UDP Download Task at 200 Mbps for 10 seconds -> Moderate -> REF -> Throughput -> Outliers -> Empty List
2026-03-10 01:04:55,495 - pipeline - WARNING -   - data_performance_results.json -> Data Performance -> 5G NSA DP -> Udp Test -> DL -> UDP Download Task at 200 Mbps for 10 seconds -> Moderate -> REF -> Throughput -> Outliers -> Empty List
2026-03-10 01:04:55,495 - pipeline - WARNING -   - data_performance_results.json -> Data Performance -> 5G NSA DP -> Udp Test -> DL -> UDP Download Task at 400 Mbps for 10 seconds -> Moderate -> REF -> Throughput -> Outliers -> Empty List
2026-03-10 01:04:55,495 - pipeline - WARNING -   - data_performance_results.json -> Data Performance -> 5G NSA DP -> Udp Test -> DL -> UDP Download Task at 400 Mbps for 10 seconds -> Moderate -> REF -> Throughput -> Outliers -> Empty List
2026-03-10 01:04:55,495 - pipeline - WARNING -   - data_performance_results.json -> Data Performance -> 5G NSA DP -> Udp Test -> DL -> UDP Download Task at 400 Mbps for 10 seconds -> Poor -> DUT -> Throughput -> Outliers -> Empty List
2026-03-10 01:04:55,495 - pipeline - WARNING -   - data_performance_results.json -> Data Performance -> 5G NSA DP -> Udp Test -> DL -> UDP Download Task at 400 Mbps for 10 seconds -> Poor -> DUT -> Throughput -> Outliers -> Empty List
2026-03-10 01:04:55,496 - pipeline - WARNING -   - data_performance_results.json -> Data Performance -> 5G NSA DP -> Udp Test -> DL -> UDP Download Task at 400 Mbps for 10 seconds -> Poor -> REF -> Throughput -> Outliers -> Empty List
2026-03-10 01:04:55,496 - pipeline - WARNING -   - data_performance_results.json -> Data Performance -> 5G NSA DP -> Udp Test -> DL -> UDP Download Task at 400 Mbps for 10 seconds -> Poor -> REF -> Throughput -> Outliers -> Empty List
2026-03-10 01:04:55,496 - pipeline - WARNING -   - data_performance_results.json -> Data Performance -> 5G NSA DP -> Udp Test -> UL -> 5G NSA_UDP Upload Task at 10 Mbps for 10 seconds -> Poor -> REF -> Throughput -> Outliers -> Empty List
2026-03-10 01:04:55,496 - pipeline - WARNING -   - data_performance_results.json -> Data Performance -> 5G NSA DP -> Udp Test -> UL -> 5G NSA_UDP Upload Task at 10 Mbps for 10 seconds -> Poor -> REF -> Throughput -> Outliers -> Empty List
2026-03-10 01:04:55,496 - pipeline - WARNING -   - data_performance_results.json -> Data Performance -> 5G NSA DP -> Udp Test -> UL -> 5G NSA_UDP Upload Task at 20 Mbps for 10 seconds -> Poor -> REF -> Throughput -> Outliers -> Empty List
2026-03-10 01:04:55,496 - pipeline - WARNING -   - data_performance_results.json -> Data Performance -> 5G NSA DP -> Udp Test -> UL -> 5G NSA_UDP Upload Task at 20 Mbps for 10 seconds -> Poor -> REF -> Throughput -> Outliers -> Empty List
2026-03-10 01:04:55,496 - pipeline - INFO - Pipeline execution completed. Results in: D:/ReportGenerator/report-generator-app/public/AnalyzeResults\#Huaqin\Seattle
2026-03-10 01:04:55,496 - pipeline - INFO - Pipeline execution completed. Results in: D:/ReportGenerator/report-generator-app/public/AnalyzeResults\#Huaqin\Seattle
2026-03-10 01:06:23,573 - pipeline - INFO - Project: #Huaqin
2026-03-10 01:06:23,573 - pipeline - INFO - Market: New York
2026-03-10 01:06:23,573 - pipeline - INFO - Reading from: D:/ReportGenerator/Raw Data\#Huaqin\New York
2026-03-10 01:06:23,573 - pipeline - INFO - Writing to: D:/ReportGenerator/report-generator-app/public/AnalyzeResults\#Huaqin\New York
2026-03-10 01:06:23,574 - pipeline - INFO - Starting analysis pipeline...
2026-03-10 01:06:23,577 - pipeline - INFO - Grouping 124 CSV files by directory and device type...
2026-03-10 01:06:23,579 - pipeline - INFO - Created 102 file groups for analysis
2026-03-10 01:06:23,579 - pipeline - INFO - Analyzing 1 file(s) for DUT in 5G Auto Data Web-Kepler
2026-03-10 01:06:23,606 - pipeline - INFO - Analyzing 1 file(s) for REF in 5G Auto Data Web-Kepler
2026-03-10 01:06:23,631 - pipeline - INFO - Analyzing 1 file(s) for DUT in Good
2026-03-10 01:06:23,668 - pipeline - INFO - Analyzing 1 file(s) for REF in Good
2026-03-10 01:06:23,705 - pipeline - INFO - Analyzing 1 file(s) for DUT in Moderate
2026-03-10 01:06:23,741 - pipeline - INFO - Analyzing 1 file(s) for REF in Moderate
2026-03-10 01:06:23,777 - pipeline - INFO - Analyzing 1 file(s) for DUT in Poor
2026-03-10 01:06:23,813 - pipeline - INFO - Analyzing 1 file(s) for REF in Poor
2026-03-10 01:06:23,848 - pipeline - INFO - Analyzing 1 file(s) for DUT in Good
2026-03-10 01:06:23,877 - pipeline - INFO - Analyzing 1 file(s) for REF in Good
2026-03-10 01:06:23,906 - pipeline - INFO - Analyzing 1 file(s) for DUT in Moderate
2026-03-10 01:06:23,935 - pipeline - INFO - Analyzing 1 file(s) for REF in Moderate
2026-03-10 01:06:23,964 - pipeline - INFO - Analyzing 1 file(s) for DUT in Poor
2026-03-10 01:06:23,993 - pipeline - INFO - Analyzing 1 file(s) for REF in Poor
2026-03-10 01:06:24,023 - pipeline - INFO - Analyzing 2 file(s) for DUT in Good
2026-03-10 01:06:24,084 - pipeline - INFO - Analyzing 2 file(s) for REF in Good
2026-03-10 01:06:24,144 - pipeline - INFO - Analyzing 1 file(s) for DUT in Moderate
2026-03-10 01:06:24,203 - pipeline - INFO - Analyzing 1 file(s) for REF in Moderate
2026-03-10 01:06:24,255 - pipeline - INFO - Analyzing 1 file(s) for DUT in Poor
2026-03-10 01:06:24,306 - pipeline - INFO - Analyzing 1 file(s) for REF in Poor
2026-03-10 01:06:24,357 - pipeline - INFO - Analyzing 1 file(s) for DUT in Good
2026-03-10 01:06:24,376 - pipeline - INFO - Analyzing 1 file(s) for REF in Good
2026-03-10 01:06:24,396 - pipeline - INFO - Analyzing 1 file(s) for DUT in Moderate
2026-03-10 01:06:24,415 - pipeline - INFO - Analyzing 1 file(s) for REF in Moderate
2026-03-10 01:06:24,435 - pipeline - INFO - Analyzing 1 file(s) for DUT in Poor
2026-03-10 01:06:24,453 - pipeline - INFO - Analyzing 1 file(s) for REF in Poor
2026-03-10 01:06:24,474 - pipeline - INFO - Analyzing 3 file(s) for DUT in 5G Auto Data Test Drive
2026-03-10 01:06:24,758 - pipeline - INFO - Analyzing 3 file(s) for REF in 5G Auto Data Test Drive
2026-03-10 01:06:25,045 - pipeline - INFO - Analyzing 1 file(s) for DUT in Good
2026-03-10 01:06:25,089 - pipeline - INFO - Analyzing 1 file(s) for REF in Good
2026-03-10 01:06:25,133 - pipeline - INFO - Analyzing 1 file(s) for DUT in Moderate
2026-03-10 01:06:25,177 - pipeline - INFO - Analyzing 1 file(s) for REF in Moderate
2026-03-10 01:06:25,221 - pipeline - INFO - Analyzing 1 file(s) for DUT in Poor
2026-03-10 01:06:25,264 - pipeline - INFO - Analyzing 1 file(s) for REF in Poor
2026-03-10 01:06:25,308 - pipeline - INFO - Analyzing 1 file(s) for DUT in Good
2026-03-10 01:06:25,354 - pipeline - INFO - Analyzing 1 file(s) for REF in Good
2026-03-10 01:06:25,409 - pipeline - INFO - Analyzing 1 file(s) for DUT in Moderate
2026-03-10 01:06:25,457 - pipeline - INFO - Analyzing 1 file(s) for REF in Moderate
2026-03-10 01:06:25,504 - pipeline - INFO - Analyzing 1 file(s) for DUT in Poor
2026-03-10 01:06:25,550 - pipeline - INFO - Analyzing 1 file(s) for REF in Poor
2026-03-10 01:06:25,598 - pipeline - INFO - Analyzing 1 file(s) for DUT in Good
2026-03-10 01:06:25,645 - pipeline - INFO - Analyzing 1 file(s) for REF in Good
2026-03-10 01:06:25,691 - pipeline - INFO - Analyzing 1 file(s) for DUT in Moderate
2026-03-10 01:06:25,744 - pipeline - INFO - Analyzing 1 file(s) for REF in Moderate
2026-03-10 01:06:25,792 - pipeline - INFO - Analyzing 1 file(s) for DUT in Poor
2026-03-10 01:06:25,840 - pipeline - INFO - Analyzing 1 file(s) for REF in Poor
2026-03-10 01:06:25,886 - pipeline - INFO - Analyzing 1 file(s) for DUT in Good
2026-03-10 01:06:25,930 - pipeline - INFO - Analyzing 1 file(s) for REF in Good
2026-03-10 01:06:25,973 - pipeline - INFO - Analyzing 1 file(s) for DUT in Moderate
2026-03-10 01:06:26,016 - pipeline - INFO - Analyzing 1 file(s) for REF in Moderate
2026-03-10 01:06:26,058 - pipeline - INFO - Analyzing 1 file(s) for DUT in Poor
2026-03-10 01:06:26,099 - pipeline - INFO - Analyzing 1 file(s) for REF in Poor
2026-03-10 01:06:26,142 - pipeline - INFO - Analyzing 1 file(s) for DUT in Good
2026-03-10 01:06:26,186 - pipeline - INFO - Analyzing 1 file(s) for REF in Good
2026-03-10 01:06:26,230 - pipeline - INFO - Analyzing 1 file(s) for DUT in Moderate
2026-03-10 01:06:26,274 - pipeline - INFO - Analyzing 1 file(s) for REF in Moderate
2026-03-10 01:06:26,317 - pipeline - INFO - Analyzing 1 file(s) for DUT in Poor
2026-03-10 01:06:26,360 - pipeline - INFO - Analyzing 1 file(s) for REF in Poor
2026-03-10 01:06:26,403 - pipeline - INFO - Analyzing 1 file(s) for DUT in Moderate
2026-03-10 01:06:26,440 - pipeline - INFO - Analyzing 1 file(s) for REF in Moderate
2026-03-10 01:06:26,475 - pipeline - INFO - Analyzing 1 file(s) for DUT in Poor
2026-03-10 01:06:26,512 - pipeline - INFO - Analyzing 1 file(s) for REF in Poor
2026-03-10 01:06:26,547 - pipeline - INFO - Analyzing 1 file(s) for DUT in Moderate
2026-03-10 01:06:26,577 - pipeline - INFO - Analyzing 1 file(s) for REF in Moderate
2026-03-10 01:06:26,605 - pipeline - INFO - Analyzing 1 file(s) for DUT in Poor
2026-03-10 01:06:26,634 - pipeline - INFO - Analyzing 1 file(s) for REF in Poor
2026-03-10 01:06:26,664 - pipeline - INFO - Analyzing 1 file(s) for DUT in Moderate
2026-03-10 01:06:26,719 - pipeline - INFO - Analyzing 1 file(s) for REF in Moderate
2026-03-10 01:06:26,771 - pipeline - INFO - Analyzing 1 file(s) for DUT in Poor
2026-03-10 01:06:26,823 - pipeline - INFO - Analyzing 1 file(s) for REF in Poor
2026-03-10 01:06:26,875 - pipeline - INFO - Analyzing 1 file(s) for DUT in Moderate
2026-03-10 01:06:26,893 - pipeline - INFO - Analyzing 1 file(s) for REF in Moderate
2026-03-10 01:06:26,911 - pipeline - INFO - Analyzing 1 file(s) for DUT in Poor
2026-03-10 01:06:26,931 - pipeline - INFO - Analyzing 1 file(s) for REF in Poor
2026-03-10 01:06:26,950 - pipeline - INFO - Analyzing 3 file(s) for DUT in Mobility Test
2026-03-10 01:06:27,244 - pipeline - INFO - Analyzing 3 file(s) for REF in Mobility Test
2026-03-10 01:06:27,631 - pipeline - INFO - Analyzing 1 file(s) for DUT in Moderate
2026-03-10 01:06:27,675 - pipeline - INFO - Analyzing 1 file(s) for REF in Moderate
2026-03-10 01:06:27,718 - pipeline - INFO - Analyzing 1 file(s) for DUT in Poor
2026-03-10 01:06:27,762 - pipeline - INFO - Analyzing 1 file(s) for REF in Poor
2026-03-10 01:06:27,803 - pipeline - INFO - Analyzing 1 file(s) for DUT in Moderate
2026-03-10 01:06:27,852 - pipeline - INFO - Analyzing 1 file(s) for REF in Moderate
2026-03-10 01:06:27,901 - pipeline - INFO - Analyzing 1 file(s) for DUT in Poor
2026-03-10 01:06:27,950 - pipeline - INFO - Analyzing 1 file(s) for REF in Poor
2026-03-10 01:06:27,998 - pipeline - INFO - Analyzing 1 file(s) for DUT in Moderate
2026-03-10 01:06:28,045 - pipeline - INFO - Analyzing 1 file(s) for REF in Moderate
2026-03-10 01:06:28,097 - pipeline - INFO - Analyzing 1 file(s) for DUT in Poor
2026-03-10 01:06:28,151 - pipeline - INFO - Analyzing 1 file(s) for REF in Poor
2026-03-10 01:06:28,198 - pipeline - INFO - Analyzing 1 file(s) for DUT in Moderate
2026-03-10 01:06:28,240 - pipeline - INFO - Analyzing 1 file(s) for REF in Moderate
2026-03-10 01:06:28,283 - pipeline - INFO - Analyzing 1 file(s) for DUT in Poor
2026-03-10 01:06:28,329 - pipeline - INFO - Analyzing 1 file(s) for REF in Poor
2026-03-10 01:06:28,374 - pipeline - INFO - Analyzing 1 file(s) for DUT in Moderate
2026-03-10 01:06:28,427 - pipeline - INFO - Analyzing 1 file(s) for REF in Moderate
2026-03-10 01:06:28,471 - pipeline - INFO - Analyzing 1 file(s) for DUT in Poor
2026-03-10 01:06:28,519 - pipeline - INFO - Analyzing 1 file(s) for REF in Poor
2026-03-10 01:06:28,562 - pipeline - INFO - Processing directory-level analyses...
2026-03-10 01:06:28,563 - pipeline - INFO - Analyzing Coverage directory: D:/ReportGenerator/Raw Data\#Huaqin\New York\Coverage Performance (Type: coverage_coordinate)
2026-03-10 01:06:28,563 - pipeline - INFO - Analyzing Coverage directory: D:/ReportGenerator/Raw Data\#Huaqin\New York\Coverage Performance/5G n41 HPUE Coverage Test (Type: n41_coverage)
2026-03-10 01:06:28,605 - pipeline - INFO - Analyzing Coverage directory: D:/ReportGenerator/Raw Data\#Huaqin\New York\Coverage Performance/5G VoNR Coverage Test (Type: vonr_coverage_performance)
2026-03-10 01:06:29,221 - pipeline - INFO - Running timeline analysis for: Coverage Performance/5G VoNR Coverage Test
2026-03-10 01:06:29,222 - pipeline - INFO - Analyzing Coverage directory: D:/ReportGenerator/Raw Data\#Huaqin\New York\Coverage Performance/5G VoNR Coverage Test (Type: coverage_timeline)
2026-03-10 01:06:29,222 - pipeline - INFO - Analyzing Coverage Timeline for: D:/ReportGenerator/Raw Data\#Huaqin\New York\Coverage Performance/5G VoNR Coverage Test
2026-03-10 01:06:29,222 - pipeline - INFO - Processing rsrp timeline...
2026-03-10 01:06:29,622 - pipeline - INFO - Processing sinr timeline...
2026-03-10 01:06:29,996 - pipeline - INFO - Processing txpower timeline...
2026-03-10 01:06:30,420 - pipeline - INFO - Analyzing Coverage directory: D:/ReportGenerator/Raw Data\#Huaqin\New York\Coverage Performance/LTE Coverage Test (Type: vonr_coverage_performance)
2026-03-10 01:06:30,788 - pipeline - INFO - Running timeline analysis for: Coverage Performance/LTE Coverage Test
2026-03-10 01:06:30,788 - pipeline - INFO - Analyzing Coverage directory: D:/ReportGenerator/Raw Data\#Huaqin\New York\Coverage Performance/LTE Coverage Test (Type: coverage_timeline)
2026-03-10 01:06:30,789 - pipeline - INFO - Analyzing Coverage Timeline for: D:/ReportGenerator/Raw Data\#Huaqin\New York\Coverage Performance/LTE Coverage Test
2026-03-10 01:06:30,789 - pipeline - INFO - Processing rsrp timeline...
2026-03-10 01:06:30,957 - pipeline - INFO - Processing sinr timeline...
2026-03-10 01:06:31,140 - pipeline - INFO - Processing txpower timeline...
2026-03-10 01:06:31,322 - pipeline - INFO - Analyzing Google Throughput directory: D:/ReportGenerator/Raw Data\#Huaqin\New York\Data Performance/5G AUTO DP/5G Auto Data Play-store app Download
2026-03-10 01:06:31,322 - pipeline - INFO - Processing Play Store file: _20260228_180205_CH01_NJNYC TMO_5G AUTO_Playstore 30M DL_NJNY DUT L1_.csv (Size: 30M, Device: DUT, Location: Good)
2026-03-10 01:06:31,333 - pipeline - INFO - Successfully analyzed _20260228_180205_CH01_NJNYC TMO_5G AUTO_Playstore 30M DL_NJNY DUT L1_.csv: 124.70009965728717
2026-03-10 01:06:31,334 - pipeline - INFO - Processing Play Store file: _20260228_180205_CH02_NJNYC TMO_5G AUTO_Playstore 30M DL_NJNY REF L1_.csv (Size: 30M, Device: REF, Location: Good)
2026-03-10 01:06:31,344 - pipeline - INFO - Successfully analyzed _20260228_180205_CH02_NJNYC TMO_5G AUTO_Playstore 30M DL_NJNY REF L1_.csv: 148.8741798941799
2026-03-10 01:06:31,345 - pipeline - INFO - Processing Play Store file: _20260228_181017_CH01_NJNYC TMO_5G AUTO_Playstore 60M DL_NJNY DUT L1_.csv (Size: 60M, Device: DUT, Location: Good)
2026-03-10 01:06:31,352 - pipeline - INFO - Successfully analyzed _20260228_181017_CH01_NJNYC TMO_5G AUTO_Playstore 60M DL_NJNY DUT L1_.csv: 64.5587914862915
2026-03-10 01:06:31,352 - pipeline - INFO - Processing Play Store file: _20260228_181017_CH02_NJNYC TMO_5G AUTO_Playstore 60M DL_NJNY REF L1_.csv (Size: 60M, Device: REF, Location: Good)
2026-03-10 01:06:31,364 - pipeline - INFO - Successfully analyzed _20260228_181017_CH02_NJNYC TMO_5G AUTO_Playstore 60M DL_NJNY REF L1_.csv: 56.23625236742424
2026-03-10 01:06:31,364 - pipeline - INFO - Processing Play Store file: _20260228_181759_CH01_NJNYC TMO_5G AUTO_Playstore 100M DL_NJNY DUT L1_.csv (Size: 100M, Device: DUT, Location: Good)
2026-03-10 01:06:31,378 - pipeline - INFO - Successfully analyzed _20260228_181759_CH01_NJNYC TMO_5G AUTO_Playstore 100M DL_NJNY DUT L1_.csv: 134.26315737681122
2026-03-10 01:06:31,378 - pipeline - INFO - Processing Play Store file: _20260228_181759_CH02_NJNYC TMO_5G AUTO_Playstore 100M DL_NJNY REF L1_.csv (Size: 100M, Device: REF, Location: Good)
2026-03-10 01:06:31,391 - pipeline - INFO - Successfully analyzed _20260228_181759_CH02_NJNYC TMO_5G AUTO_Playstore 100M DL_NJNY REF L1_.csv: 131.02254464285716
2026-03-10 01:06:31,391 - pipeline - INFO - Processing Play Store file: _20260305_182335_CH01_NJNYC TMO_5G Auto_Playstore 30M_NJNY DUT L2_Retest.csv (Size: 30M, Device: DUT, Location: Moderate)
2026-03-10 01:06:31,398 - pipeline - INFO - Successfully analyzed _20260305_182335_CH01_NJNYC TMO_5G Auto_Playstore 30M_NJNY DUT L2_Retest.csv: 151.14181746031744
2026-03-10 01:06:31,398 - pipeline - INFO - Processing Play Store file: _20260305_182335_CH02_NJNYC TMO_5G Auto_Playstore 30M_NJNY REF L2_Retest.csv (Size: 30M, Device: REF, Location: Moderate)
2026-03-10 01:06:31,405 - pipeline - INFO - Successfully analyzed _20260305_182335_CH02_NJNYC TMO_5G Auto_Playstore 30M_NJNY REF L2_Retest.csv: 148.14939814814815
2026-03-10 01:06:31,405 - pipeline - INFO - Processing Play Store file: _20260305_182944_CH01_NJNYC TMO_5G Auto_Playstore 60M_NJNY DUT L2_Retest.csv (Size: 60M, Device: DUT, Location: Moderate)
2026-03-10 01:06:31,412 - pipeline - INFO - Successfully analyzed _20260305_182944_CH01_NJNYC TMO_5G Auto_Playstore 60M_NJNY DUT L2_Retest.csv: 80.73495421245421
2026-03-10 01:06:31,413 - pipeline - INFO - Processing Play Store file: _20260305_182944_CH02_NJNYC TMO_5G Auto_Playstore 60M_NJNY REF L2_Retest.csv (Size: 60M, Device: REF, Location: Moderate)
2026-03-10 01:06:31,419 - pipeline - INFO - Successfully analyzed _20260305_182944_CH02_NJNYC TMO_5G Auto_Playstore 60M_NJNY REF L2_Retest.csv: 81.30642857142857
2026-03-10 01:06:31,419 - pipeline - INFO - Processing Play Store file: _20260305_183538_CH01_NJNYC TMO_5G Auto_Playstore 100M_NJNY DUT L2_Retest.csv (Size: 100M, Device: DUT, Location: Moderate)
2026-03-10 01:06:31,430 - pipeline - INFO - Successfully analyzed _20260305_183538_CH01_NJNYC TMO_5G Auto_Playstore 100M_NJNY DUT L2_Retest.csv: 103.33156283068783
2026-03-10 01:06:31,431 - pipeline - INFO - Processing Play Store file: _20260305_183538_CH02_NJNYC TMO_5G Auto_Playstore 100M_NJNY REF L2_Retest.csv (Size: 100M, Device: REF, Location: Moderate)
2026-03-10 01:06:31,442 - pipeline - INFO - Successfully analyzed _20260305_183538_CH02_NJNYC TMO_5G Auto_Playstore 100M_NJNY REF L2_Retest.csv: 157.49921663727218
2026-03-10 01:06:31,443 - pipeline - INFO - Processing Play Store file: _20260305_163158_CH01_NJNYC TMO_5G Auto_Playstore 30M_NJNY DUT L3_Retest.csv (Size: 30M, Device: DUT, Location: Poor)
2026-03-10 01:06:31,456 - pipeline - INFO - Successfully analyzed _20260305_163158_CH01_NJNYC TMO_5G Auto_Playstore 30M_NJNY DUT L3_Retest.csv: 55.912072562358276
2026-03-10 01:06:31,456 - pipeline - INFO - Processing Play Store file: _20260305_163158_CH02_NJNYC TMO_5G Auto_Playstore 30M_NJNY REF L3_Retest.csv (Size: 30M, Device: REF, Location: Poor)
2026-03-10 01:06:31,468 - pipeline - INFO - Successfully analyzed _20260305_163158_CH02_NJNYC TMO_5G Auto_Playstore 30M_NJNY REF L3_Retest.csv: 40.53460317460318
2026-03-10 01:06:31,469 - pipeline - INFO - Processing Play Store file: _20260305_164730_CH01_NJNYC TMO_5G Auto_Playstore 60M_NJNY DUT L3_Retest.csv (Size: 60M, Device: DUT, Location: Poor)
2026-03-10 01:06:31,479 - pipeline - INFO - Successfully analyzed _20260305_164730_CH01_NJNYC TMO_5G Auto_Playstore 60M_NJNY DUT L3_Retest.csv: 102.03724606509272
2026-03-10 01:06:31,480 - pipeline - INFO - Processing Play Store file: _20260305_164730_CH02_NJNYC TMO_5G Auto_Playstore 60M_NJNY REF L3_Retest.csv (Size: 60M, Device: REF, Location: Poor)
2026-03-10 01:06:31,490 - pipeline - INFO - Successfully analyzed _20260305_164730_CH02_NJNYC TMO_5G Auto_Playstore 60M_NJNY REF L3_Retest.csv: 101.67057136422945
2026-03-10 01:06:31,490 - pipeline - INFO - Processing Play Store file: _20260305_165716_CH01_NJNYC TMO_5G Auto_Playstore 100M_NJNY DUT L3_Retest.csv (Size: 100M, Device: DUT, Location: Poor)
2026-03-10 01:06:31,500 - pipeline - INFO - Successfully analyzed _20260305_165716_CH01_NJNYC TMO_5G Auto_Playstore 100M_NJNY DUT L3_Retest.csv: 101.82962992573425
2026-03-10 01:06:31,500 - pipeline - INFO - Processing Play Store file: _20260305_165716_CH02_NJNYC TMO_5G Auto_Playstore 100M_NJNY REF L3_Retest.csv (Size: 100M, Device: REF, Location: Poor)
2026-03-10 01:06:31,510 - pipeline - INFO - Successfully analyzed _20260305_165716_CH02_NJNYC TMO_5G Auto_Playstore 100M_NJNY REF L3_Retest.csv: 97.57974355644356
2026-03-10 01:06:31,511 - pipeline - INFO - Google Throughput analysis directory processing complete. Results found: True
2026-03-10 01:06:31,511 - pipeline - INFO - Analyzing MHS Drive directory: D:/ReportGenerator/Raw Data\#Huaqin\New York\Data Performance/5G AUTO DP/Mobility Test/5G Auto Data Test MHS Drive
2026-03-10 01:06:31,511 - pipeline - INFO - Analyzing MHS Drive directory: D:/ReportGenerator/Raw Data\#Huaqin\New York\Data Performance/5G AUTO DP/Mobility Test/5G Auto Data Test Drive
2026-03-10 01:06:32,584 - pipeline - INFO - Analyzing MHS Drive directory: D:/ReportGenerator/Raw Data\#Huaqin\New York\Data Performance/5G NSA DP/Mobility Test
2026-03-10 01:06:33,651 - pipeline - INFO - Running post-processing (VqLineChart, Coverage extraction)...
2026-03-10 01:06:33,762 - pipeline - INFO - Checking for CDF Throughput data to export...
2026-03-10 01:06:33,793 - pipeline - INFO - Exported 80 CDF throughput JSON files to D:/ReportGenerator/report-generator-app/public/AnalyzeResults\#Huaqin\New York\cdf_throughput_data
2026-03-10 01:06:33,798 - pipeline - INFO - Data Performance results exported to D:/ReportGenerator/report-generator-app/public/AnalyzeResults\#Huaqin\New York\data_performance_results.json
2026-03-10 01:06:33,804 - pipeline - INFO - Coverage Performance results exported to D:/ReportGenerator/report-generator-app/public/AnalyzeResults\#Huaqin\New York\coverage_performance_results.json
2026-03-10 01:06:33,805 - pipeline - INFO - Processing summary exported to D:/ReportGenerator/report-generator-app/public/AnalyzeResults\#Huaqin\New York\processing_summary.json
2026-03-10 01:06:33,805 - pipeline - INFO - Running final data validation...
2026-03-10 01:06:33,826 - pipeline - WARNING - Summary of Empty collections found in JSON files:
2026-03-10 01:06:33,826 - pipeline - WARNING -   - data_performance_results.json -> Data Performance -> 5G AUTO DP -> HTTP Multi Stream -> DL -> Good -> REF -> Throughput -> Outliers -> Empty List
2026-03-10 01:06:33,826 - pipeline - WARNING -   - data_performance_results.json -> Data Performance -> 5G AUTO DP -> HTTP Multi Stream -> DL -> Moderate -> DUT -> Throughput -> Outliers -> Empty List
2026-03-10 01:06:33,826 - pipeline - WARNING -   - data_performance_results.json -> Data Performance -> 5G AUTO DP -> HTTP Multi Stream -> DL -> Poor -> DUT -> Throughput -> Outliers -> Empty List
2026-03-10 01:06:33,827 - pipeline - WARNING -   - data_performance_results.json -> Data Performance -> 5G AUTO DP -> HTTP Multi Stream -> UL -> Moderate -> REF -> Throughput -> Outliers -> Empty List
2026-03-10 01:06:33,827 - pipeline - WARNING -   - data_performance_results.json -> Data Performance -> 5G AUTO DP -> HTTP Multi Stream -> UL -> Poor -> DUT -> Throughput -> Outliers -> Empty List
2026-03-10 01:06:33,827 - pipeline - WARNING -   - data_performance_results.json -> Data Performance -> 5G AUTO DP -> HTTP Multi Stream -> UL -> Poor -> REF -> Throughput -> Outliers -> Empty List
2026-03-10 01:06:33,827 - pipeline - WARNING -   - data_performance_results.json -> Data Performance -> 5G AUTO DP -> HTTP Single Stream -> DL -> Good -> DUT -> Throughput -> Outliers -> Empty List
2026-03-10 01:06:33,827 - pipeline - WARNING -   - data_performance_results.json -> Data Performance -> 5G AUTO DP -> HTTP Single Stream -> DL -> Good -> REF -> Throughput -> Outliers -> Empty List
2026-03-10 01:06:33,827 - pipeline - WARNING -   - data_performance_results.json -> Data Performance -> 5G AUTO DP -> HTTP Single Stream -> DL -> Moderate -> DUT -> Throughput -> Outliers -> Empty List
2026-03-10 01:06:33,827 - pipeline - WARNING -   - data_performance_results.json -> Data Performance -> 5G AUTO DP -> HTTP Single Stream -> DL -> Poor -> DUT -> Throughput -> Outliers -> Empty List
2026-03-10 01:06:33,828 - pipeline - WARNING -   - data_performance_results.json -> Data Performance -> 5G AUTO DP -> HTTP Single Stream -> DL -> Poor -> REF -> Throughput -> Outliers -> Empty List
2026-03-10 01:06:33,828 - pipeline - WARNING -   - data_performance_results.json -> Data Performance -> 5G AUTO DP -> HTTP Single Stream -> UL -> Good -> REF -> Throughput -> Outliers -> Empty List
2026-03-10 01:06:33,828 - pipeline - WARNING -   - data_performance_results.json -> Data Performance -> 5G AUTO DP -> Udp Test -> DL -> UDP Download Task at 200 Mbps for 10 seconds -> Moderate -> DUT -> Throughput -> Outliers -> Empty List
2026-03-10 01:06:33,828 - pipeline - WARNING -   - data_performance_results.json -> Data Performance -> 5G AUTO DP -> Udp Test -> DL -> UDP Download Task at 200 Mbps for 10 seconds -> Moderate -> REF -> Throughput -> Outliers -> Empty List
2026-03-10 01:06:33,828 - pipeline - WARNING -   - data_performance_results.json -> Data Performance -> 5G AUTO DP -> Udp Test -> DL -> UDP Download Task at 200 Mbps for 10 seconds -> Poor -> DUT -> Throughput -> Outliers -> Empty List
2026-03-10 01:06:33,828 - pipeline - WARNING -   - data_performance_results.json -> Data Performance -> 5G AUTO DP -> Udp Test -> DL -> UDP Download Task at 200 Mbps for 10 seconds -> Poor -> REF -> Throughput -> Outliers -> Empty List
2026-03-10 01:06:33,828 - pipeline - WARNING -   - data_performance_results.json -> Data Performance -> 5G AUTO DP -> Udp Test -> DL -> UDP Download Task at 400 Mbps for 10 seconds -> Moderate -> DUT -> Throughput -> Outliers -> Empty List
2026-03-10 01:06:33,829 - pipeline - WARNING -   - data_performance_results.json -> Data Performance -> 5G AUTO DP -> Udp Test -> DL -> UDP Download Task at 400 Mbps for 10 seconds -> Moderate -> REF -> Throughput -> Outliers -> Empty List
2026-03-10 01:06:33,829 - pipeline - WARNING -   - data_performance_results.json -> Data Performance -> 5G AUTO DP -> Udp Test -> DL -> UDP Download Task at 400 Mbps for 10 seconds -> Poor -> DUT -> Throughput -> Outliers -> Empty List
2026-03-10 01:06:33,829 - pipeline - WARNING -   - data_performance_results.json -> Data Performance -> 5G AUTO DP -> Udp Test -> DL -> UDP Download Task at 400 Mbps for 10 seconds -> Poor -> REF -> Throughput -> Outliers -> Empty List
2026-03-10 01:06:33,829 - pipeline - WARNING -   - data_performance_results.json -> Data Performance -> 5G AUTO DP -> Udp Test -> UL -> UDP Upload Task at 10 Mbps for 10 seconds -> Good -> DUT -> Throughput -> Outliers -> Empty List
2026-03-10 01:06:33,829 - pipeline - WARNING -   - data_performance_results.json -> Data Performance -> 5G AUTO DP -> Udp Test -> UL -> UDP Upload Task at 10 Mbps for 10 seconds -> Good -> REF -> Throughput -> Outliers -> Empty List
2026-03-10 01:06:33,829 - pipeline - WARNING -   - data_performance_results.json -> Data Performance -> 5G AUTO DP -> Udp Test -> UL -> UDP Upload Task at 10 Mbps for 10 seconds -> Moderate -> REF -> Throughput -> Outliers -> Empty List
2026-03-10 01:06:33,829 - pipeline - WARNING -   - data_performance_results.json -> Data Performance -> 5G AUTO DP -> Udp Test -> UL -> UDP Upload Task at 10 Mbps for 10 seconds -> Poor -> DUT -> Throughput -> Outliers -> Empty List
2026-03-10 01:06:33,830 - pipeline - WARNING -   - data_performance_results.json -> Data Performance -> 5G AUTO DP -> Udp Test -> UL -> UDP Upload Task at 10 Mbps for 10 seconds -> Poor -> REF -> Throughput -> Outliers -> Empty List
2026-03-10 01:06:33,830 - pipeline - WARNING -   - data_performance_results.json -> Data Performance -> 5G AUTO DP -> Udp Test -> UL -> UDP Upload Task at 20 Mbps for 10 seconds -> Moderate -> DUT -> Throughput -> Outliers -> Empty List
2026-03-10 01:06:33,830 - pipeline - WARNING -   - data_performance_results.json -> Data Performance -> 5G AUTO DP -> Udp Test -> UL -> UDP Upload Task at 20 Mbps for 10 seconds -> Poor -> DUT -> Throughput -> Outliers -> Empty List
2026-03-10 01:06:33,830 - pipeline - WARNING -   - data_performance_results.json -> Data Performance -> 5G NSA DP -> HTTP Multi Stream -> DL -> Poor -> DUT -> Throughput -> Outliers -> Empty List
2026-03-10 01:06:33,830 - pipeline - WARNING -   - data_performance_results.json -> Data Performance -> 5G NSA DP -> HTTP Multi Stream -> DL -> Poor -> REF -> Throughput -> Outliers -> Empty List
2026-03-10 01:06:33,830 - pipeline - WARNING -   - data_performance_results.json -> Data Performance -> 5G NSA DP -> HTTP Multi Stream -> UL -> Moderate -> DUT -> Throughput -> Outliers -> Empty List
2026-03-10 01:06:33,830 - pipeline - WARNING -   - data_performance_results.json -> Data Performance -> 5G NSA DP -> HTTP Multi Stream -> UL -> Poor -> DUT -> Throughput -> Outliers -> Empty List
2026-03-10 01:06:33,830 - pipeline - WARNING -   - data_performance_results.json -> Data Performance -> 5G NSA DP -> HTTP Multi Stream -> UL -> Poor -> REF -> Throughput -> Outliers -> Empty List
2026-03-10 01:06:33,831 - pipeline - WARNING -   - data_performance_results.json -> Data Performance -> 5G NSA DP -> HTTP Single Stream -> DL -> Poor -> DUT -> Throughput -> Outliers -> Empty List
2026-03-10 01:06:33,831 - pipeline - WARNING -   - data_performance_results.json -> Data Performance -> 5G NSA DP -> HTTP Single Stream -> DL -> Poor -> REF -> Throughput -> Outliers -> Empty List
2026-03-10 01:06:33,831 - pipeline - WARNING -   - data_performance_results.json -> Data Performance -> 5G NSA DP -> HTTP Single Stream -> UL -> Moderate -> DUT -> Throughput -> Outliers -> Empty List
2026-03-10 01:06:33,831 - pipeline - WARNING -   - data_performance_results.json -> Data Performance -> 5G NSA DP -> Mobility Test -> REF -> DL Throughput -> Outliers -> Empty List
2026-03-10 01:06:33,831 - pipeline - WARNING -   - data_performance_results.json -> Data Performance -> 5G NSA DP -> Udp Test -> DL -> UDP Download Task at 200 Mbps for 10 seconds -> Poor -> REF -> Throughput -> Outliers -> Empty List
2026-03-10 01:06:33,831 - pipeline - WARNING -   - data_performance_results.json -> Data Performance -> 5G NSA DP -> Udp Test -> DL -> UDP Download Task at 400 Mbps for 10 seconds -> Moderate -> DUT -> Throughput -> Outliers -> Empty List
2026-03-10 01:06:33,832 - pipeline - WARNING -   - data_performance_results.json -> Data Performance -> 5G NSA DP -> Udp Test -> DL -> UDP Download Task at 400 Mbps for 10 seconds -> Moderate -> REF -> Throughput -> Outliers -> Empty List
2026-03-10 01:06:33,832 - pipeline - WARNING -   - data_performance_results.json -> Data Performance -> 5G NSA DP -> Udp Test -> DL -> UDP Download Task at 400 Mbps for 10 seconds -> Poor -> DUT -> Throughput -> Outliers -> Empty List
2026-03-10 01:06:33,832 - pipeline - WARNING -   - data_performance_results.json -> Data Performance -> 5G NSA DP -> Udp Test -> DL -> UDP Download Task at 400 Mbps for 10 seconds -> Poor -> REF -> Throughput -> Outliers -> Empty List
2026-03-10 01:06:33,832 - pipeline - WARNING -   - data_performance_results.json -> Data Performance -> 5G NSA DP -> Udp Test -> UL -> 5G NSA_UDP Upload Task at 10 Mbps for 10 seconds -> Moderate -> DUT -> Throughput -> Outliers -> Empty List
2026-03-10 01:06:33,832 - pipeline - WARNING -   - data_performance_results.json -> Data Performance -> 5G NSA DP -> Udp Test -> UL -> 5G NSA_UDP Upload Task at 20 Mbps for 10 seconds -> Moderate -> DUT -> Throughput -> Outliers -> Empty List
2026-03-10 01:06:33,832 - pipeline - WARNING -   - data_performance_results.json -> Data Performance -> 5G NSA DP -> Udp Test -> UL -> 5G NSA_UDP Upload Task at 20 Mbps for 10 seconds -> Poor -> DUT -> Throughput -> Outliers -> Empty List
2026-03-10 01:06:33,833 - pipeline - INFO - Pipeline execution completed. Results in: D:/ReportGenerator/report-generator-app/public/AnalyzeResults\#Huaqin\New York
2026-03-10 01:06:33,836 - pipeline - INFO - Project: #Huaqin
2026-03-10 01:06:33,836 - pipeline - INFO - Project: #Huaqin
2026-03-10 01:06:33,837 - pipeline - INFO - Market: Seattle
2026-03-10 01:06:33,837 - pipeline - INFO - Market: Seattle
2026-03-10 01:06:33,837 - pipeline - INFO - Reading from: D:/ReportGenerator/Raw Data\#Huaqin\Seattle
2026-03-10 01:06:33,837 - pipeline - INFO - Reading from: D:/ReportGenerator/Raw Data\#Huaqin\Seattle
2026-03-10 01:06:33,837 - pipeline - INFO - Writing to: D:/ReportGenerator/report-generator-app/public/AnalyzeResults\#Huaqin\Seattle
2026-03-10 01:06:33,837 - pipeline - INFO - Writing to: D:/ReportGenerator/report-generator-app/public/AnalyzeResults\#Huaqin\Seattle
2026-03-10 01:06:33,838 - pipeline - INFO - Starting analysis pipeline...
2026-03-10 01:06:33,838 - pipeline - INFO - Starting analysis pipeline...
2026-03-10 01:06:33,843 - pipeline - INFO - Grouping 183 CSV files by directory and device type...
2026-03-10 01:06:33,843 - pipeline - INFO - Grouping 183 CSV files by directory and device type...
2026-03-10 01:06:33,846 - pipeline - INFO - Created 138 file groups for analysis
2026-03-10 01:06:33,846 - pipeline - INFO - Created 138 file groups for analysis
2026-03-10 01:06:33,846 - pipeline - INFO - Analyzing 1 file(s) for DUT in 5G Auto Data Web-Kepler
2026-03-10 01:06:33,846 - pipeline - INFO - Analyzing 1 file(s) for DUT in 5G Auto Data Web-Kepler
2026-03-10 01:06:33,876 - pipeline - INFO - Analyzing 1 file(s) for REF in 5G Auto Data Web-Kepler
2026-03-10 01:06:33,876 - pipeline - INFO - Analyzing 1 file(s) for REF in 5G Auto Data Web-Kepler
2026-03-10 01:06:33,906 - pipeline - INFO - Analyzing 1 file(s) for DUT in Good
2026-03-10 01:06:33,906 - pipeline - INFO - Analyzing 1 file(s) for DUT in Good
2026-03-10 01:06:33,943 - pipeline - INFO - Analyzing 1 file(s) for REF in Good
2026-03-10 01:06:33,943 - pipeline - INFO - Analyzing 1 file(s) for REF in Good
2026-03-10 01:06:33,979 - pipeline - INFO - Analyzing 2 file(s) for DUT in Moderate
2026-03-10 01:06:33,979 - pipeline - INFO - Analyzing 2 file(s) for DUT in Moderate
2026-03-10 01:06:34,042 - pipeline - INFO - Analyzing 1 file(s) for REF in Moderate
2026-03-10 01:06:34,042 - pipeline - INFO - Analyzing 1 file(s) for REF in Moderate
2026-03-10 01:06:34,076 - pipeline - INFO - Analyzing 2 file(s) for DUT in Poor
2026-03-10 01:06:34,076 - pipeline - INFO - Analyzing 2 file(s) for DUT in Poor
2026-03-10 01:06:34,120 - pipeline - INFO - Analyzing 2 file(s) for REF in Poor
2026-03-10 01:06:34,120 - pipeline - INFO - Analyzing 2 file(s) for REF in Poor
2026-03-10 01:06:34,169 - pipeline - INFO - Analyzing 1 file(s) for DUT in Good
2026-03-10 01:06:34,169 - pipeline - INFO - Analyzing 1 file(s) for DUT in Good
2026-03-10 01:06:34,204 - pipeline - INFO - Analyzing 1 file(s) for REF in Good
2026-03-10 01:06:34,204 - pipeline - INFO - Analyzing 1 file(s) for REF in Good
2026-03-10 01:06:34,236 - pipeline - INFO - Analyzing 1 file(s) for DUT in Moderate
2026-03-10 01:06:34,236 - pipeline - INFO - Analyzing 1 file(s) for DUT in Moderate
2026-03-10 01:06:34,270 - pipeline - INFO - Analyzing 1 file(s) for REF in Moderate
2026-03-10 01:06:34,270 - pipeline - INFO - Analyzing 1 file(s) for REF in Moderate
2026-03-10 01:06:34,303 - pipeline - INFO - Analyzing 1 file(s) for DUT in Poor
2026-03-10 01:06:34,303 - pipeline - INFO - Analyzing 1 file(s) for DUT in Poor
2026-03-10 01:06:34,319 - pipeline - INFO - Analyzing 1 file(s) for REF in Poor
2026-03-10 01:06:34,319 - pipeline - INFO - Analyzing 1 file(s) for REF in Poor
2026-03-10 01:06:34,350 - pipeline - INFO - Analyzing 1 file(s) for DUT in Good
2026-03-10 01:06:34,350 - pipeline - INFO - Analyzing 1 file(s) for DUT in Good
2026-03-10 01:06:34,406 - pipeline - INFO - Analyzing 1 file(s) for REF in Good
2026-03-10 01:06:34,406 - pipeline - INFO - Analyzing 1 file(s) for REF in Good
2026-03-10 01:06:34,459 - pipeline - INFO - Analyzing 1 file(s) for DUT in Moderate
2026-03-10 01:06:34,459 - pipeline - INFO - Analyzing 1 file(s) for DUT in Moderate
2026-03-10 01:06:34,512 - pipeline - INFO - Analyzing 1 file(s) for REF in Moderate
2026-03-10 01:06:34,512 - pipeline - INFO - Analyzing 1 file(s) for REF in Moderate
2026-03-10 01:06:34,567 - pipeline - INFO - Analyzing 1 file(s) for DUT in Poor
2026-03-10 01:06:34,567 - pipeline - INFO - Analyzing 1 file(s) for DUT in Poor
2026-03-10 01:06:34,621 - pipeline - INFO - Analyzing 1 file(s) for REF in Poor
2026-03-10 01:06:34,621 - pipeline - INFO - Analyzing 1 file(s) for REF in Poor
2026-03-10 01:06:34,672 - pipeline - INFO - Analyzing 1 file(s) for DUT in Good
2026-03-10 01:06:34,672 - pipeline - INFO - Analyzing 1 file(s) for DUT in Good
2026-03-10 01:06:34,692 - pipeline - INFO - Analyzing 1 file(s) for REF in Good
2026-03-10 01:06:34,692 - pipeline - INFO - Analyzing 1 file(s) for REF in Good
2026-03-10 01:06:34,711 - pipeline - INFO - Analyzing 1 file(s) for DUT in Moderate
2026-03-10 01:06:34,711 - pipeline - INFO - Analyzing 1 file(s) for DUT in Moderate
2026-03-10 01:06:34,738 - pipeline - INFO - Analyzing 1 file(s) for REF in Moderate
2026-03-10 01:06:34,738 - pipeline - INFO - Analyzing 1 file(s) for REF in Moderate
2026-03-10 01:06:34,759 - pipeline - INFO - Analyzing 1 file(s) for DUT in Poor
2026-03-10 01:06:34,759 - pipeline - INFO - Analyzing 1 file(s) for DUT in Poor
2026-03-10 01:06:34,780 - pipeline - INFO - Analyzing 1 file(s) for REF in Poor
2026-03-10 01:06:34,780 - pipeline - INFO - Analyzing 1 file(s) for REF in Poor
2026-03-10 01:06:34,801 - pipeline - INFO - Analyzing 2 file(s) for DUT in Moderate
2026-03-10 01:06:34,801 - pipeline - INFO - Analyzing 2 file(s) for DUT in Moderate
2026-03-10 01:06:34,848 - pipeline - INFO - Analyzing 2 file(s) for REF in Moderate
2026-03-10 01:06:34,848 - pipeline - INFO - Analyzing 2 file(s) for REF in Moderate
2026-03-10 01:06:34,891 - pipeline - INFO - Analyzing 2 file(s) for DUT in Poor
2026-03-10 01:06:34,891 - pipeline - INFO - Analyzing 2 file(s) for DUT in Poor
2026-03-10 01:06:34,942 - pipeline - INFO - Analyzing 2 file(s) for REF in Poor
2026-03-10 01:06:34,942 - pipeline - INFO - Analyzing 2 file(s) for REF in Poor
2026-03-10 01:06:34,992 - pipeline - INFO - Analyzing 1 file(s) for DUT in Moderate
2026-03-10 01:06:34,992 - pipeline - INFO - Analyzing 1 file(s) for DUT in Moderate
2026-03-10 01:06:35,021 - pipeline - INFO - Analyzing 1 file(s) for REF in Moderate
2026-03-10 01:06:35,021 - pipeline - INFO - Analyzing 1 file(s) for REF in Moderate
2026-03-10 01:06:35,053 - pipeline - INFO - Analyzing 1 file(s) for DUT in Poor
2026-03-10 01:06:35,053 - pipeline - INFO - Analyzing 1 file(s) for DUT in Poor
2026-03-10 01:06:35,083 - pipeline - INFO - Analyzing 1 file(s) for REF in Poor
2026-03-10 01:06:35,083 - pipeline - INFO - Analyzing 1 file(s) for REF in Poor
2026-03-10 01:06:35,114 - pipeline - INFO - Analyzing 1 file(s) for DUT in Moderate
2026-03-10 01:06:35,114 - pipeline - INFO - Analyzing 1 file(s) for DUT in Moderate
2026-03-10 01:06:35,167 - pipeline - INFO - Analyzing 1 file(s) for REF in Moderate
2026-03-10 01:06:35,167 - pipeline - INFO - Analyzing 1 file(s) for REF in Moderate
2026-03-10 01:06:35,216 - pipeline - INFO - Analyzing 2 file(s) for DUT in Poor
2026-03-10 01:06:35,216 - pipeline - INFO - Analyzing 2 file(s) for DUT in Poor
2026-03-10 01:06:35,276 - pipeline - INFO - Analyzing 2 file(s) for REF in Poor
2026-03-10 01:06:35,276 - pipeline - INFO - Analyzing 2 file(s) for REF in Poor
2026-03-10 01:06:35,337 - pipeline - INFO - Analyzing 1 file(s) for DUT in Moderate
2026-03-10 01:06:35,337 - pipeline - INFO - Analyzing 1 file(s) for DUT in Moderate
2026-03-10 01:06:35,355 - pipeline - INFO - Analyzing 1 file(s) for REF in Moderate
2026-03-10 01:06:35,355 - pipeline - INFO - Analyzing 1 file(s) for REF in Moderate
2026-03-10 01:06:35,378 - pipeline - INFO - Analyzing 2 file(s) for DUT in Poor
2026-03-10 01:06:35,378 - pipeline - INFO - Analyzing 2 file(s) for DUT in Poor
2026-03-10 01:06:35,415 - pipeline - INFO - Analyzing 2 file(s) for REF in Poor
2026-03-10 01:06:35,415 - pipeline - INFO - Analyzing 2 file(s) for REF in Poor
2026-03-10 01:06:35,446 - pipeline - INFO - Analyzing 1 file(s) for DUT in Moderate
2026-03-10 01:06:35,446 - pipeline - INFO - Analyzing 1 file(s) for DUT in Moderate
2026-03-10 01:06:35,492 - pipeline - INFO - Analyzing 1 file(s) for REF in Moderate
2026-03-10 01:06:35,492 - pipeline - INFO - Analyzing 1 file(s) for REF in Moderate
2026-03-10 01:06:35,537 - pipeline - INFO - Analyzing 2 file(s) for DUT in Poor
2026-03-10 01:06:35,537 - pipeline - INFO - Analyzing 2 file(s) for DUT in Poor
2026-03-10 01:06:35,591 - pipeline - INFO - Analyzing 2 file(s) for REF in Poor
2026-03-10 01:06:35,591 - pipeline - INFO - Analyzing 2 file(s) for REF in Poor
2026-03-10 01:06:35,645 - pipeline - INFO - Analyzing 1 file(s) for DUT in Moderate
2026-03-10 01:06:35,645 - pipeline - INFO - Analyzing 1 file(s) for DUT in Moderate
2026-03-10 01:06:35,696 - pipeline - INFO - Analyzing 1 file(s) for REF in Moderate
2026-03-10 01:06:35,696 - pipeline - INFO - Analyzing 1 file(s) for REF in Moderate
2026-03-10 01:06:35,743 - pipeline - INFO - Analyzing 2 file(s) for DUT in Poor
2026-03-10 01:06:35,743 - pipeline - INFO - Analyzing 2 file(s) for DUT in Poor
2026-03-10 01:06:35,820 - pipeline - INFO - Analyzing 2 file(s) for REF in Poor
2026-03-10 01:06:35,820 - pipeline - INFO - Analyzing 2 file(s) for REF in Poor
2026-03-10 01:06:35,879 - pipeline - INFO - Analyzing 3 file(s) for DUT in Moderate
2026-03-10 01:06:35,879 - pipeline - INFO - Analyzing 3 file(s) for DUT in Moderate
2026-03-10 01:06:35,976 - pipeline - INFO - Analyzing 3 file(s) for REF in Moderate
2026-03-10 01:06:35,976 - pipeline - INFO - Analyzing 3 file(s) for REF in Moderate
2026-03-10 01:06:36,075 - pipeline - INFO - Analyzing 2 file(s) for DUT in Poor
2026-03-10 01:06:36,075 - pipeline - INFO - Analyzing 2 file(s) for DUT in Poor
2026-03-10 01:06:36,147 - pipeline - INFO - Analyzing 2 file(s) for REF in Poor
2026-03-10 01:06:36,147 - pipeline - INFO - Analyzing 2 file(s) for REF in Poor
2026-03-10 01:06:36,213 - pipeline - INFO - Analyzing 1 file(s) for DUT in Moderate
2026-03-10 01:06:36,213 - pipeline - INFO - Analyzing 1 file(s) for DUT in Moderate
2026-03-10 01:06:36,259 - pipeline - INFO - Analyzing 1 file(s) for REF in Moderate
2026-03-10 01:06:36,259 - pipeline - INFO - Analyzing 1 file(s) for REF in Moderate
2026-03-10 01:06:36,295 - pipeline - INFO - Analyzing 2 file(s) for DUT in Poor
2026-03-10 01:06:36,295 - pipeline - INFO - Analyzing 2 file(s) for DUT in Poor
2026-03-10 01:06:36,351 - pipeline - INFO - Analyzing 2 file(s) for REF in Poor
2026-03-10 01:06:36,351 - pipeline - INFO - Analyzing 2 file(s) for REF in Poor
2026-03-10 01:06:36,407 - pipeline - INFO - Analyzing 1 file(s) for DUT in Moderate
2026-03-10 01:06:36,407 - pipeline - INFO - Analyzing 1 file(s) for DUT in Moderate
2026-03-10 01:06:36,452 - pipeline - INFO - Analyzing 1 file(s) for REF in Moderate
2026-03-10 01:06:36,452 - pipeline - INFO - Analyzing 1 file(s) for REF in Moderate
2026-03-10 01:06:36,492 - pipeline - INFO - Analyzing 1 file(s) for DUT in Poor
2026-03-10 01:06:36,492 - pipeline - INFO - Analyzing 1 file(s) for DUT in Poor
2026-03-10 01:06:36,536 - pipeline - INFO - Analyzing 1 file(s) for REF in Poor
2026-03-10 01:06:36,536 - pipeline - INFO - Analyzing 1 file(s) for REF in Poor
2026-03-10 01:06:36,574 - pipeline - INFO - Analyzing 1 file(s) for DUT in 5G Auto Data Test Drive
2026-03-10 01:06:36,574 - pipeline - INFO - Analyzing 1 file(s) for DUT in 5G Auto Data Test Drive
2026-03-10 01:06:36,852 - pipeline - INFO - Analyzing 1 file(s) for REF in 5G Auto Data Test Drive
2026-03-10 01:06:36,852 - pipeline - INFO - Analyzing 1 file(s) for REF in 5G Auto Data Test Drive
2026-03-10 01:06:37,136 - pipeline - INFO - Analyzing 1 file(s) for DUT in Good
2026-03-10 01:06:37,136 - pipeline - INFO - Analyzing 1 file(s) for DUT in Good
2026-03-10 01:06:37,181 - pipeline - INFO - Analyzing 1 file(s) for REF in Good
2026-03-10 01:06:37,181 - pipeline - INFO - Analyzing 1 file(s) for REF in Good
2026-03-10 01:06:37,224 - pipeline - INFO - Analyzing 1 file(s) for DUT in Moderate
2026-03-10 01:06:37,224 - pipeline - INFO - Analyzing 1 file(s) for DUT in Moderate
2026-03-10 01:06:37,267 - pipeline - INFO - Analyzing 1 file(s) for REF in Moderate
2026-03-10 01:06:37,267 - pipeline - INFO - Analyzing 1 file(s) for REF in Moderate
2026-03-10 01:06:37,315 - pipeline - INFO - Analyzing 1 file(s) for DUT in Good
2026-03-10 01:06:37,315 - pipeline - INFO - Analyzing 1 file(s) for DUT in Good
2026-03-10 01:06:37,365 - pipeline - INFO - Analyzing 1 file(s) for REF in Good
2026-03-10 01:06:37,365 - pipeline - INFO - Analyzing 1 file(s) for REF in Good
2026-03-10 01:06:37,418 - pipeline - INFO - Analyzing 1 file(s) for DUT in Moderate
2026-03-10 01:06:37,418 - pipeline - INFO - Analyzing 1 file(s) for DUT in Moderate
2026-03-10 01:06:37,469 - pipeline - INFO - Analyzing 1 file(s) for REF in Moderate
2026-03-10 01:06:37,469 - pipeline - INFO - Analyzing 1 file(s) for REF in Moderate
2026-03-10 01:06:37,522 - pipeline - INFO - Analyzing 1 file(s) for DUT in Poor
2026-03-10 01:06:37,522 - pipeline - INFO - Analyzing 1 file(s) for DUT in Poor
2026-03-10 01:06:37,576 - pipeline - INFO - Analyzing 1 file(s) for REF in Poor
2026-03-10 01:06:37,576 - pipeline - INFO - Analyzing 1 file(s) for REF in Poor
2026-03-10 01:06:37,642 - pipeline - INFO - Analyzing 1 file(s) for DUT in Good
2026-03-10 01:06:37,642 - pipeline - INFO - Analyzing 1 file(s) for DUT in Good
2026-03-10 01:06:37,693 - pipeline - INFO - Analyzing 1 file(s) for REF in Good
2026-03-10 01:06:37,693 - pipeline - INFO - Analyzing 1 file(s) for REF in Good
2026-03-10 01:06:37,742 - pipeline - INFO - Analyzing 1 file(s) for DUT in Moderate
2026-03-10 01:06:37,742 - pipeline - INFO - Analyzing 1 file(s) for DUT in Moderate
2026-03-10 01:06:37,790 - pipeline - INFO - Analyzing 1 file(s) for REF in Moderate
2026-03-10 01:06:37,790 - pipeline - INFO - Analyzing 1 file(s) for REF in Moderate
2026-03-10 01:06:37,841 - pipeline - INFO - Analyzing 1 file(s) for DUT in Poor
2026-03-10 01:06:37,841 - pipeline - INFO - Analyzing 1 file(s) for DUT in Poor
2026-03-10 01:06:37,889 - pipeline - INFO - Analyzing 1 file(s) for REF in Poor
2026-03-10 01:06:37,889 - pipeline - INFO - Analyzing 1 file(s) for REF in Poor
2026-03-10 01:06:37,938 - pipeline - INFO - Analyzing 1 file(s) for DUT in Good
2026-03-10 01:06:37,938 - pipeline - INFO - Analyzing 1 file(s) for DUT in Good
2026-03-10 01:06:37,985 - pipeline - INFO - Analyzing 1 file(s) for REF in Good
2026-03-10 01:06:37,985 - pipeline - INFO - Analyzing 1 file(s) for REF in Good
2026-03-10 01:06:38,026 - pipeline - INFO - Analyzing 1 file(s) for DUT in Moderate
2026-03-10 01:06:38,026 - pipeline - INFO - Analyzing 1 file(s) for DUT in Moderate
2026-03-10 01:06:38,071 - pipeline - INFO - Analyzing 1 file(s) for REF in Moderate
2026-03-10 01:06:38,071 - pipeline - INFO - Analyzing 1 file(s) for REF in Moderate
2026-03-10 01:06:38,117 - pipeline - INFO - Analyzing 1 file(s) for DUT in Poor
2026-03-10 01:06:38,117 - pipeline - INFO - Analyzing 1 file(s) for DUT in Poor
2026-03-10 01:06:38,162 - pipeline - INFO - Analyzing 1 file(s) for REF in Poor
2026-03-10 01:06:38,162 - pipeline - INFO - Analyzing 1 file(s) for REF in Poor
2026-03-10 01:06:38,208 - pipeline - INFO - Analyzing 1 file(s) for DUT in Good
2026-03-10 01:06:38,208 - pipeline - INFO - Analyzing 1 file(s) for DUT in Good
2026-03-10 01:06:38,253 - pipeline - INFO - Analyzing 1 file(s) for REF in Good
2026-03-10 01:06:38,253 - pipeline - INFO - Analyzing 1 file(s) for REF in Good
2026-03-10 01:06:38,293 - pipeline - INFO - Analyzing 1 file(s) for DUT in Moderate
2026-03-10 01:06:38,293 - pipeline - INFO - Analyzing 1 file(s) for DUT in Moderate
2026-03-10 01:06:38,339 - pipeline - INFO - Analyzing 1 file(s) for REF in Moderate
2026-03-10 01:06:38,339 - pipeline - INFO - Analyzing 1 file(s) for REF in Moderate
2026-03-10 01:06:38,387 - pipeline - INFO - Analyzing 1 file(s) for DUT in Poor
2026-03-10 01:06:38,387 - pipeline - INFO - Analyzing 1 file(s) for DUT in Poor
2026-03-10 01:06:38,433 - pipeline - INFO - Analyzing 1 file(s) for REF in Poor
2026-03-10 01:06:38,433 - pipeline - INFO - Analyzing 1 file(s) for REF in Poor
2026-03-10 01:06:38,479 - pipeline - INFO - Analyzing 1 file(s) for DUT in Moderate
2026-03-10 01:06:38,479 - pipeline - INFO - Analyzing 1 file(s) for DUT in Moderate
2026-03-10 01:06:38,516 - pipeline - INFO - Analyzing 1 file(s) for REF in Moderate
2026-03-10 01:06:38,516 - pipeline - INFO - Analyzing 1 file(s) for REF in Moderate
2026-03-10 01:06:38,560 - pipeline - INFO - Analyzing 2 file(s) for DUT in Poor
2026-03-10 01:06:38,560 - pipeline - INFO - Analyzing 2 file(s) for DUT in Poor
2026-03-10 01:06:38,631 - pipeline - INFO - Analyzing 2 file(s) for REF in Poor
2026-03-10 01:06:38,631 - pipeline - INFO - Analyzing 2 file(s) for REF in Poor
2026-03-10 01:06:38,698 - pipeline - INFO - Analyzing 1 file(s) for DUT in Moderate
2026-03-10 01:06:38,698 - pipeline - INFO - Analyzing 1 file(s) for DUT in Moderate
2026-03-10 01:06:38,728 - pipeline - INFO - Analyzing 1 file(s) for REF in Moderate
2026-03-10 01:06:38,728 - pipeline - INFO - Analyzing 1 file(s) for REF in Moderate
2026-03-10 01:06:38,758 - pipeline - INFO - Analyzing 1 file(s) for DUT in Poor
2026-03-10 01:06:38,758 - pipeline - INFO - Analyzing 1 file(s) for DUT in Poor
2026-03-10 01:06:38,788 - pipeline - INFO - Analyzing 1 file(s) for REF in Poor
2026-03-10 01:06:38,788 - pipeline - INFO - Analyzing 1 file(s) for REF in Poor
2026-03-10 01:06:38,818 - pipeline - INFO - Analyzing 2 file(s) for DUT in Moderate
2026-03-10 01:06:38,818 - pipeline - INFO - Analyzing 2 file(s) for DUT in Moderate
2026-03-10 01:06:38,881 - pipeline - INFO - Analyzing 2 file(s) for REF in Moderate
2026-03-10 01:06:38,881 - pipeline - INFO - Analyzing 2 file(s) for REF in Moderate
2026-03-10 01:06:38,943 - pipeline - INFO - Analyzing 1 file(s) for DUT in Poor
2026-03-10 01:06:38,943 - pipeline - INFO - Analyzing 1 file(s) for DUT in Poor
2026-03-10 01:06:38,996 - pipeline - INFO - Analyzing 1 file(s) for REF in Poor
2026-03-10 01:06:38,996 - pipeline - INFO - Analyzing 1 file(s) for REF in Poor
2026-03-10 01:06:39,045 - pipeline - INFO - Analyzing 2 file(s) for DUT in Moderate
2026-03-10 01:06:39,045 - pipeline - INFO - Analyzing 2 file(s) for DUT in Moderate
2026-03-10 01:06:39,072 - pipeline - INFO - Analyzing 2 file(s) for REF in Moderate
2026-03-10 01:06:39,072 - pipeline - INFO - Analyzing 2 file(s) for REF in Moderate
2026-03-10 01:06:39,096 - pipeline - INFO - Analyzing 1 file(s) for DUT in Poor
2026-03-10 01:06:39,096 - pipeline - INFO - Analyzing 1 file(s) for DUT in Poor
2026-03-10 01:06:39,123 - pipeline - INFO - Analyzing 1 file(s) for REF in Poor
2026-03-10 01:06:39,123 - pipeline - INFO - Analyzing 1 file(s) for REF in Poor
2026-03-10 01:06:39,148 - pipeline - INFO - Analyzing 1 file(s) for DUT in Mobility Test
2026-03-10 01:06:39,148 - pipeline - INFO - Analyzing 1 file(s) for DUT in Mobility Test
2026-03-10 01:06:39,439 - pipeline - INFO - Analyzing 1 file(s) for REF in Mobility Test
2026-03-10 01:06:39,439 - pipeline - INFO - Analyzing 1 file(s) for REF in Mobility Test
2026-03-10 01:06:39,722 - pipeline - INFO - Analyzing 1 file(s) for DUT in Moderate
2026-03-10 01:06:39,722 - pipeline - INFO - Analyzing 1 file(s) for DUT in Moderate
2026-03-10 01:06:39,767 - pipeline - INFO - Analyzing 1 file(s) for REF in Moderate
2026-03-10 01:06:39,767 - pipeline - INFO - Analyzing 1 file(s) for REF in Moderate
2026-03-10 01:06:39,811 - pipeline - INFO - Analyzing 1 file(s) for DUT in Poor
2026-03-10 01:06:39,811 - pipeline - INFO - Analyzing 1 file(s) for DUT in Poor
2026-03-10 01:06:39,857 - pipeline - INFO - Analyzing 1 file(s) for REF in Poor
2026-03-10 01:06:39,857 - pipeline - INFO - Analyzing 1 file(s) for REF in Poor
2026-03-10 01:06:39,902 - pipeline - INFO - Analyzing 1 file(s) for DUT in Moderate
2026-03-10 01:06:39,902 - pipeline - INFO - Analyzing 1 file(s) for DUT in Moderate
2026-03-10 01:06:39,954 - pipeline - INFO - Analyzing 1 file(s) for REF in Moderate
2026-03-10 01:06:39,954 - pipeline - INFO - Analyzing 1 file(s) for REF in Moderate
2026-03-10 01:06:40,005 - pipeline - INFO - Analyzing 1 file(s) for DUT in Poor
2026-03-10 01:06:40,005 - pipeline - INFO - Analyzing 1 file(s) for DUT in Poor
2026-03-10 01:06:40,057 - pipeline - INFO - Analyzing 1 file(s) for REF in Poor
2026-03-10 01:06:40,057 - pipeline - INFO - Analyzing 1 file(s) for REF in Poor
2026-03-10 01:06:40,107 - pipeline - INFO - Analyzing 3 file(s) for DUT in Moderate
2026-03-10 01:06:40,107 - pipeline - INFO - Analyzing 3 file(s) for DUT in Moderate
2026-03-10 01:06:40,215 - pipeline - INFO - Analyzing 3 file(s) for REF in Moderate
2026-03-10 01:06:40,215 - pipeline - INFO - Analyzing 3 file(s) for REF in Moderate
2026-03-10 01:06:40,318 - pipeline - INFO - Analyzing 1 file(s) for DUT in Poor
2026-03-10 01:06:40,318 - pipeline - INFO - Analyzing 1 file(s) for DUT in Poor
2026-03-10 01:06:40,370 - pipeline - INFO - Analyzing 1 file(s) for REF in Poor
2026-03-10 01:06:40,370 - pipeline - INFO - Analyzing 1 file(s) for REF in Poor
2026-03-10 01:06:40,423 - pipeline - INFO - Analyzing 1 file(s) for DUT in Moderate
2026-03-10 01:06:40,423 - pipeline - INFO - Analyzing 1 file(s) for DUT in Moderate
2026-03-10 01:06:40,470 - pipeline - INFO - Analyzing 1 file(s) for REF in Moderate
2026-03-10 01:06:40,470 - pipeline - INFO - Analyzing 1 file(s) for REF in Moderate
2026-03-10 01:06:40,515 - pipeline - INFO - Analyzing 1 file(s) for DUT in Poor
2026-03-10 01:06:40,515 - pipeline - INFO - Analyzing 1 file(s) for DUT in Poor
2026-03-10 01:06:40,562 - pipeline - INFO - Analyzing 1 file(s) for REF in Poor
2026-03-10 01:06:40,562 - pipeline - INFO - Analyzing 1 file(s) for REF in Poor
2026-03-10 01:06:40,620 - pipeline - INFO - Analyzing 1 file(s) for DUT in Moderate
2026-03-10 01:06:40,620 - pipeline - INFO - Analyzing 1 file(s) for DUT in Moderate
2026-03-10 01:06:40,671 - pipeline - INFO - Analyzing 1 file(s) for REF in Moderate
2026-03-10 01:06:40,671 - pipeline - INFO - Analyzing 1 file(s) for REF in Moderate
2026-03-10 01:06:40,743 - pipeline - INFO - Analyzing 1 file(s) for DUT in Poor
2026-03-10 01:06:40,743 - pipeline - INFO - Analyzing 1 file(s) for DUT in Poor
2026-03-10 01:06:40,818 - pipeline - INFO - Analyzing 1 file(s) for REF in Poor
2026-03-10 01:06:40,818 - pipeline - INFO - Analyzing 1 file(s) for REF in Poor
2026-03-10 01:06:40,874 - pipeline - INFO - Processing directory-level analyses...
2026-03-10 01:06:40,874 - pipeline - INFO - Processing directory-level analyses...
2026-03-10 01:06:40,874 - pipeline - INFO - Analyzing Coverage directory: D:/ReportGenerator/Raw Data\#Huaqin\Seattle\Coverage Performance (Type: coverage_coordinate)
2026-03-10 01:06:40,874 - pipeline - INFO - Analyzing Coverage directory: D:/ReportGenerator/Raw Data\#Huaqin\Seattle\Coverage Performance (Type: coverage_coordinate)
2026-03-10 01:06:40,875 - pipeline - INFO - Analyzing Coverage directory: D:/ReportGenerator/Raw Data\#Huaqin\Seattle\Coverage Performance/5G n41 HPUE Coverage Test (Type: n41_coverage)
2026-03-10 01:06:40,875 - pipeline - INFO - Analyzing Coverage directory: D:/ReportGenerator/Raw Data\#Huaqin\Seattle\Coverage Performance/5G n41 HPUE Coverage Test (Type: n41_coverage)
2026-03-10 01:06:41,533 - pipeline - INFO - Analyzing Coverage directory: D:/ReportGenerator/Raw Data\#Huaqin\Seattle\Coverage Performance/5G VoNR Coverage Test (Type: vonr_coverage_performance)
2026-03-10 01:06:41,533 - pipeline - INFO - Analyzing Coverage directory: D:/ReportGenerator/Raw Data\#Huaqin\Seattle\Coverage Performance/5G VoNR Coverage Test (Type: vonr_coverage_performance)
2026-03-10 01:06:42,512 - pipeline - INFO - Running timeline analysis for: Coverage Performance/5G VoNR Coverage Test
2026-03-10 01:06:42,512 - pipeline - INFO - Running timeline analysis for: Coverage Performance/5G VoNR Coverage Test
2026-03-10 01:06:42,512 - pipeline - INFO - Analyzing Coverage directory: D:/ReportGenerator/Raw Data\#Huaqin\Seattle\Coverage Performance/5G VoNR Coverage Test (Type: coverage_timeline)
2026-03-10 01:06:42,512 - pipeline - INFO - Analyzing Coverage directory: D:/ReportGenerator/Raw Data\#Huaqin\Seattle\Coverage Performance/5G VoNR Coverage Test (Type: coverage_timeline)
2026-03-10 01:06:42,513 - pipeline - INFO - Analyzing Coverage Timeline for: D:/ReportGenerator/Raw Data\#Huaqin\Seattle\Coverage Performance/5G VoNR Coverage Test
2026-03-10 01:06:42,513 - pipeline - INFO - Analyzing Coverage Timeline for: D:/ReportGenerator/Raw Data\#Huaqin\Seattle\Coverage Performance/5G VoNR Coverage Test
2026-03-10 01:06:42,513 - pipeline - INFO - Processing rsrp timeline...
2026-03-10 01:06:42,513 - pipeline - INFO - Processing rsrp timeline...
2026-03-10 01:06:43,086 - pipeline - INFO - Processing sinr timeline...
2026-03-10 01:06:43,086 - pipeline - INFO - Processing sinr timeline...
2026-03-10 01:06:43,741 - pipeline - INFO - Processing txpower timeline...
2026-03-10 01:06:43,741 - pipeline - INFO - Processing txpower timeline...
2026-03-10 01:06:44,420 - pipeline - INFO - Analyzing Coverage directory: D:/ReportGenerator/Raw Data\#Huaqin\Seattle\Coverage Performance/LTE Coverage Test (Type: vonr_coverage_performance)
2026-03-10 01:06:44,420 - pipeline - INFO - Analyzing Coverage directory: D:/ReportGenerator/Raw Data\#Huaqin\Seattle\Coverage Performance/LTE Coverage Test (Type: vonr_coverage_performance)
2026-03-10 01:06:44,421 - pipeline - INFO - Using Seattle_LTE coordinates for LTE Coverage Test
2026-03-10 01:06:44,421 - pipeline - INFO - Using Seattle_LTE coordinates for LTE Coverage Test
2026-03-10 01:06:45,258 - pipeline - INFO - Running timeline analysis for: Coverage Performance/LTE Coverage Test
2026-03-10 01:06:45,258 - pipeline - INFO - Running timeline analysis for: Coverage Performance/LTE Coverage Test
2026-03-10 01:06:45,258 - pipeline - INFO - Analyzing Coverage directory: D:/ReportGenerator/Raw Data\#Huaqin\Seattle\Coverage Performance/LTE Coverage Test (Type: coverage_timeline)
2026-03-10 01:06:45,258 - pipeline - INFO - Analyzing Coverage directory: D:/ReportGenerator/Raw Data\#Huaqin\Seattle\Coverage Performance/LTE Coverage Test (Type: coverage_timeline)
2026-03-10 01:06:45,259 - pipeline - INFO - Using Seattle_LTE coordinates for LTE Coverage Test
2026-03-10 01:06:45,259 - pipeline - INFO - Using Seattle_LTE coordinates for LTE Coverage Test
2026-03-10 01:06:45,259 - pipeline - INFO - Analyzing Coverage Timeline for: D:/ReportGenerator/Raw Data\#Huaqin\Seattle\Coverage Performance/LTE Coverage Test
2026-03-10 01:06:45,259 - pipeline - INFO - Analyzing Coverage Timeline for: D:/ReportGenerator/Raw Data\#Huaqin\Seattle\Coverage Performance/LTE Coverage Test
2026-03-10 01:06:45,259 - pipeline - INFO - Processing rsrp timeline...
2026-03-10 01:06:45,259 - pipeline - INFO - Processing rsrp timeline...
2026-03-10 01:06:45,437 - pipeline - INFO - Processing sinr timeline...
2026-03-10 01:06:45,437 - pipeline - INFO - Processing sinr timeline...
2026-03-10 01:06:45,674 - pipeline - INFO - Processing txpower timeline...
2026-03-10 01:06:45,674 - pipeline - INFO - Processing txpower timeline...
2026-03-10 01:06:45,897 - pipeline - INFO - Analyzing Google Throughput directory: D:/ReportGenerator/Raw Data\#Huaqin\Seattle\Data Performance/5G AUTO DP/5G Auto Data Play-store app Download
2026-03-10 01:06:45,897 - pipeline - INFO - Analyzing Google Throughput directory: D:/ReportGenerator/Raw Data\#Huaqin\Seattle\Data Performance/5G AUTO DP/5G Auto Data Play-store app Download
2026-03-10 01:06:45,898 - pipeline - INFO - Processing Play Store file: _20260309_211736_CH01_TMO_5G DP_Play Store 30MB_SEA L1 DUT_.csv (Size: 30M, Device: DUT, Location: Good)
2026-03-10 01:06:45,898 - pipeline - INFO - Processing Play Store file: _20260309_211736_CH01_TMO_5G DP_Play Store 30MB_SEA L1 DUT_.csv (Size: 30M, Device: DUT, Location: Good)
2026-03-10 01:06:45,906 - pipeline - INFO - Successfully analyzed _20260309_211736_CH01_TMO_5G DP_Play Store 30MB_SEA L1 DUT_.csv: 101.52649122807017
2026-03-10 01:06:45,906 - pipeline - INFO - Successfully analyzed _20260309_211736_CH01_TMO_5G DP_Play Store 30MB_SEA L1 DUT_.csv: 101.52649122807017
2026-03-10 01:06:45,907 - pipeline - INFO - Processing Play Store file: _20260309_211736_CH02_TMO_5G DP_Play Store 30MB_SEA L1 REF_.csv (Size: 30M, Device: REF, Location: Good)
2026-03-10 01:06:45,907 - pipeline - INFO - Processing Play Store file: _20260309_211736_CH02_TMO_5G DP_Play Store 30MB_SEA L1 REF_.csv (Size: 30M, Device: REF, Location: Good)
2026-03-10 01:06:45,915 - pipeline - INFO - Successfully analyzed _20260309_211736_CH02_TMO_5G DP_Play Store 30MB_SEA L1 REF_.csv: 103.63114035087719
2026-03-10 01:06:45,915 - pipeline - INFO - Successfully analyzed _20260309_211736_CH02_TMO_5G DP_Play Store 30MB_SEA L1 REF_.csv: 103.63114035087719
2026-03-10 01:06:45,915 - pipeline - INFO - Processing Play Store file: _20260309_212413_CH01_TMO_5G DP_Play Store 60MB_SEA L1 DUT_.csv (Size: 60M, Device: DUT, Location: Good)
2026-03-10 01:06:45,915 - pipeline - INFO - Processing Play Store file: _20260309_212413_CH01_TMO_5G DP_Play Store 60MB_SEA L1 DUT_.csv (Size: 60M, Device: DUT, Location: Good)
2026-03-10 01:06:45,922 - pipeline - INFO - Successfully analyzed _20260309_212413_CH01_TMO_5G DP_Play Store 60MB_SEA L1 DUT_.csv: 176.77827731092438
2026-03-10 01:06:45,922 - pipeline - INFO - Successfully analyzed _20260309_212413_CH01_TMO_5G DP_Play Store 60MB_SEA L1 DUT_.csv: 176.77827731092438
2026-03-10 01:06:45,923 - pipeline - INFO - Processing Play Store file: _20260309_212413_CH02_TMO_5G DP_Play Store 60MB_SEA L1 REF_.csv (Size: 60M, Device: REF, Location: Good)
2026-03-10 01:06:45,923 - pipeline - INFO - Processing Play Store file: _20260309_212413_CH02_TMO_5G DP_Play Store 60MB_SEA L1 REF_.csv (Size: 60M, Device: REF, Location: Good)
2026-03-10 01:06:45,930 - pipeline - INFO - Successfully analyzed _20260309_212413_CH02_TMO_5G DP_Play Store 60MB_SEA L1 REF_.csv: 206.94995098039215
2026-03-10 01:06:45,930 - pipeline - INFO - Successfully analyzed _20260309_212413_CH02_TMO_5G DP_Play Store 60MB_SEA L1 REF_.csv: 206.94995098039215
2026-03-10 01:06:45,931 - pipeline - INFO - Processing Play Store file: _20260309_213107_CH01_TMO_5G DP_Play Store 100MB_SEA L1 DUT_.csv (Size: 100M, Device: DUT, Location: Good)
2026-03-10 01:06:45,931 - pipeline - INFO - Processing Play Store file: _20260309_213107_CH01_TMO_5G DP_Play Store 100MB_SEA L1 DUT_.csv (Size: 100M, Device: DUT, Location: Good)
2026-03-10 01:06:45,941 - pipeline - INFO - Successfully analyzed _20260309_213107_CH01_TMO_5G DP_Play Store 100MB_SEA L1 DUT_.csv: 275.9479563492063
2026-03-10 01:06:45,941 - pipeline - INFO - Successfully analyzed _20260309_213107_CH01_TMO_5G DP_Play Store 100MB_SEA L1 DUT_.csv: 275.9479563492063
2026-03-10 01:06:45,941 - pipeline - INFO - Processing Play Store file: _20260309_213107_CH02_TMO_5G DP_Play Store 100MB_SEA L1 REF_.csv (Size: 100M, Device: REF, Location: Good)
2026-03-10 01:06:45,941 - pipeline - INFO - Processing Play Store file: _20260309_213107_CH02_TMO_5G DP_Play Store 100MB_SEA L1 REF_.csv (Size: 100M, Device: REF, Location: Good)
2026-03-10 01:06:45,951 - pipeline - INFO - Successfully analyzed _20260309_213107_CH02_TMO_5G DP_Play Store 100MB_SEA L1 REF_.csv: 250.66366987179487
2026-03-10 01:06:45,951 - pipeline - INFO - Successfully analyzed _20260309_213107_CH02_TMO_5G DP_Play Store 100MB_SEA L1 REF_.csv: 250.66366987179487
2026-03-10 01:06:45,952 - pipeline - INFO - Processing Play Store file: _20260301_170456_CH01_TMO_5G AUTO_Play Store 30MB_SEA L2 DUT_.csv (Size: 30M, Device: DUT, Location: Moderate)
2026-03-10 01:06:45,952 - pipeline - INFO - Processing Play Store file: _20260301_170456_CH01_TMO_5G AUTO_Play Store 30MB_SEA L2 DUT_.csv (Size: 30M, Device: DUT, Location: Moderate)
2026-03-10 01:06:45,967 - pipeline - INFO - Successfully analyzed _20260301_170456_CH01_TMO_5G AUTO_Play Store 30MB_SEA L2 DUT_.csv: 50.36797698135199
2026-03-10 01:06:45,967 - pipeline - INFO - Successfully analyzed _20260301_170456_CH01_TMO_5G AUTO_Play Store 30MB_SEA L2 DUT_.csv: 50.36797698135199
2026-03-10 01:06:45,967 - pipeline - INFO - Processing Play Store file: _20260301_170456_CH02_TMO_5G AUTO_Play Store 30MB_SEA L2 REF_.csv (Size: 30M, Device: REF, Location: Moderate)
2026-03-10 01:06:45,967 - pipeline - INFO - Processing Play Store file: _20260301_170456_CH02_TMO_5G AUTO_Play Store 30MB_SEA L2 REF_.csv (Size: 30M, Device: REF, Location: Moderate)
2026-03-10 01:06:45,983 - pipeline - INFO - Successfully analyzed _20260301_170456_CH02_TMO_5G AUTO_Play Store 30MB_SEA L2 REF_.csv: 21.685335990087253
2026-03-10 01:06:45,983 - pipeline - INFO - Successfully analyzed _20260301_170456_CH02_TMO_5G AUTO_Play Store 30MB_SEA L2 REF_.csv: 21.685335990087253
2026-03-10 01:06:45,983 - pipeline - INFO - Processing Play Store file: _20260301_172130_CH01_TMO_5G AUTO_Play Store 60MB_SEA L2 DUT_.csv (Size: 60M, Device: DUT, Location: Moderate)
2026-03-10 01:06:45,983 - pipeline - INFO - Processing Play Store file: _20260301_172130_CH01_TMO_5G AUTO_Play Store 60MB_SEA L2 DUT_.csv (Size: 60M, Device: DUT, Location: Moderate)
2026-03-10 01:06:46,001 - pipeline - INFO - Successfully analyzed _20260301_172130_CH01_TMO_5G AUTO_Play Store 60MB_SEA L2 DUT_.csv: 68.01557486173957
2026-03-10 01:06:46,001 - pipeline - INFO - Successfully analyzed _20260301_172130_CH01_TMO_5G AUTO_Play Store 60MB_SEA L2 DUT_.csv: 68.01557486173957
2026-03-10 01:06:46,001 - pipeline - INFO - Processing Play Store file: _20260301_172130_CH02_TMO_5G AUTO_Play Store 60MB_SEA L2 REF_.csv (Size: 60M, Device: REF, Location: Moderate)
2026-03-10 01:06:46,001 - pipeline - INFO - Processing Play Store file: _20260301_172130_CH02_TMO_5G AUTO_Play Store 60MB_SEA L2 REF_.csv (Size: 60M, Device: REF, Location: Moderate)
2026-03-10 01:06:46,018 - pipeline - INFO - Successfully analyzed _20260301_172130_CH02_TMO_5G AUTO_Play Store 60MB_SEA L2 REF_.csv: 27.65214870054606
2026-03-10 01:06:46,018 - pipeline - INFO - Successfully analyzed _20260301_172130_CH02_TMO_5G AUTO_Play Store 60MB_SEA L2 REF_.csv: 27.65214870054606
2026-03-10 01:06:46,019 - pipeline - INFO - Processing Play Store file: _20260301_174915_CH01_TMO_5G AUTO_Play Store 100MB_SEA L2 DUT_.csv (Size: 100M, Device: DUT, Location: Moderate)
2026-03-10 01:06:46,019 - pipeline - INFO - Processing Play Store file: _20260301_174915_CH01_TMO_5G AUTO_Play Store 100MB_SEA L2 DUT_.csv (Size: 100M, Device: DUT, Location: Moderate)
2026-03-10 01:06:46,036 - pipeline - INFO - Successfully analyzed _20260301_174915_CH01_TMO_5G AUTO_Play Store 100MB_SEA L2 DUT_.csv: 79.26933897391983
2026-03-10 01:06:46,036 - pipeline - INFO - Successfully analyzed _20260301_174915_CH01_TMO_5G AUTO_Play Store 100MB_SEA L2 DUT_.csv: 79.26933897391983
2026-03-10 01:06:46,036 - pipeline - INFO - Processing Play Store file: _20260301_174915_CH02_TMO_5G AUTO_Play Store 100MB_SEA L2 REF_.csv (Size: 100M, Device: REF, Location: Moderate)
2026-03-10 01:06:46,036 - pipeline - INFO - Processing Play Store file: _20260301_174915_CH02_TMO_5G AUTO_Play Store 100MB_SEA L2 REF_.csv (Size: 100M, Device: REF, Location: Moderate)
2026-03-10 01:06:46,055 - pipeline - INFO - Successfully analyzed _20260301_174915_CH02_TMO_5G AUTO_Play Store 100MB_SEA L2 REF_.csv: 34.360031172181216
2026-03-10 01:06:46,055 - pipeline - INFO - Successfully analyzed _20260301_174915_CH02_TMO_5G AUTO_Play Store 100MB_SEA L2 REF_.csv: 34.360031172181216
2026-03-10 01:06:46,056 - pipeline - INFO - Processing Play Store file: _20260305_133728_CH01_TMO_5G AUTO_Play Store 30 MB_SEA L3 DUT_.csv (Size: 30M, Device: DUT, Location: Poor)
2026-03-10 01:06:46,056 - pipeline - INFO - Processing Play Store file: _20260305_133728_CH01_TMO_5G AUTO_Play Store 30 MB_SEA L3 DUT_.csv (Size: 30M, Device: DUT, Location: Poor)
2026-03-10 01:06:46,066 - pipeline - INFO - Successfully analyzed _20260305_133728_CH01_TMO_5G AUTO_Play Store 30 MB_SEA L3 DUT_.csv: 5.628453927791787
2026-03-10 01:06:46,066 - pipeline - INFO - Successfully analyzed _20260305_133728_CH01_TMO_5G AUTO_Play Store 30 MB_SEA L3 DUT_.csv: 5.628453927791787
2026-03-10 01:06:46,067 - pipeline - INFO - Processing Play Store file: _20260305_133728_CH02_TMO_5G AUTO_Play Store 30 MB_SEA L3 REF_.csv (Size: 30M, Device: REF, Location: Poor)
2026-03-10 01:06:46,067 - pipeline - INFO - Processing Play Store file: _20260305_133728_CH02_TMO_5G AUTO_Play Store 30 MB_SEA L3 REF_.csv (Size: 30M, Device: REF, Location: Poor)
2026-03-10 01:06:46,079 - pipeline - INFO - Successfully analyzed _20260305_133728_CH02_TMO_5G AUTO_Play Store 30 MB_SEA L3 REF_.csv: 10.442949336003807
2026-03-10 01:06:46,079 - pipeline - INFO - Successfully analyzed _20260305_133728_CH02_TMO_5G AUTO_Play Store 30 MB_SEA L3 REF_.csv: 10.442949336003807
2026-03-10 01:06:46,079 - pipeline - INFO - Processing Play Store file: _20260305_135026_CH01_TMO_5G AUTO_Play Store 60 MB_SEA L3 DUT_.csv (Size: 60M, Device: DUT, Location: Poor)
2026-03-10 01:06:46,079 - pipeline - INFO - Processing Play Store file: _20260305_135026_CH01_TMO_5G AUTO_Play Store 60 MB_SEA L3 DUT_.csv (Size: 60M, Device: DUT, Location: Poor)
2026-03-10 01:06:46,092 - pipeline - INFO - Successfully analyzed _20260305_135026_CH01_TMO_5G AUTO_Play Store 60 MB_SEA L3 DUT_.csv: 4.197943396036771
2026-03-10 01:06:46,092 - pipeline - INFO - Successfully analyzed _20260305_135026_CH01_TMO_5G AUTO_Play Store 60 MB_SEA L3 DUT_.csv: 4.197943396036771
2026-03-10 01:06:46,093 - pipeline - INFO - Processing Play Store file: _20260305_135026_CH02_TMO_5G AUTO_Play Store 60 MB_SEA L3 REF_.csv (Size: 60M, Device: REF, Location: Poor)
2026-03-10 01:06:46,093 - pipeline - INFO - Processing Play Store file: _20260305_135026_CH02_TMO_5G AUTO_Play Store 60 MB_SEA L3 REF_.csv (Size: 60M, Device: REF, Location: Poor)
2026-03-10 01:06:46,106 - pipeline - INFO - Successfully analyzed _20260305_135026_CH02_TMO_5G AUTO_Play Store 60 MB_SEA L3 REF_.csv: 4.366513168700669
2026-03-10 01:06:46,106 - pipeline - INFO - Successfully analyzed _20260305_135026_CH02_TMO_5G AUTO_Play Store 60 MB_SEA L3 REF_.csv: 4.366513168700669
2026-03-10 01:06:46,106 - pipeline - INFO - Processing Play Store file: _20260305_140649_CH01_TMO_5G AUTO_Play Store 100 MB_SEA L3 DUT_.csv (Size: 100M, Device: DUT, Location: Poor)
2026-03-10 01:06:46,106 - pipeline - INFO - Processing Play Store file: _20260305_140649_CH01_TMO_5G AUTO_Play Store 100 MB_SEA L3 DUT_.csv (Size: 100M, Device: DUT, Location: Poor)
2026-03-10 01:06:46,120 - pipeline - INFO - Successfully analyzed _20260305_140649_CH01_TMO_5G AUTO_Play Store 100 MB_SEA L3 DUT_.csv: 2.900268355969123
2026-03-10 01:06:46,120 - pipeline - INFO - Successfully analyzed _20260305_140649_CH01_TMO_5G AUTO_Play Store 100 MB_SEA L3 DUT_.csv: 2.900268355969123
2026-03-10 01:06:46,121 - pipeline - INFO - Processing Play Store file: _20260305_140649_CH02_TMO_5G AUTO_Play Store 100 MB_SEA L3 REF_.csv (Size: 100M, Device: REF, Location: Poor)
2026-03-10 01:06:46,121 - pipeline - INFO - Processing Play Store file: _20260305_140649_CH02_TMO_5G AUTO_Play Store 100 MB_SEA L3 REF_.csv (Size: 100M, Device: REF, Location: Poor)
2026-03-10 01:06:46,135 - pipeline - INFO - Successfully analyzed _20260305_140649_CH02_TMO_5G AUTO_Play Store 100 MB_SEA L3 REF_.csv: 4.377377698089845
2026-03-10 01:06:46,135 - pipeline - INFO - Successfully analyzed _20260305_140649_CH02_TMO_5G AUTO_Play Store 100 MB_SEA L3 REF_.csv: 4.377377698089845
2026-03-10 01:06:46,136 - pipeline - INFO - Google Throughput analysis directory processing complete. Results found: True
2026-03-10 01:06:46,136 - pipeline - INFO - Google Throughput analysis directory processing complete. Results found: True
2026-03-10 01:06:46,137 - pipeline - INFO - Analyzing MHS Drive directory: D:/ReportGenerator/Raw Data\#Huaqin\Seattle\Data Performance/5G AUTO DP/Mobility Test/5G Auto Data Test MHS Drive
2026-03-10 01:06:46,137 - pipeline - INFO - Analyzing MHS Drive directory: D:/ReportGenerator/Raw Data\#Huaqin\Seattle\Data Performance/5G AUTO DP/Mobility Test/5G Auto Data Test MHS Drive
2026-03-10 01:06:47,180 - pipeline - INFO - Analyzing MHS Drive directory: D:/ReportGenerator/Raw Data\#Huaqin\Seattle\Data Performance/5G AUTO DP/Mobility Test/5G Auto Data Test Drive
2026-03-10 01:06:47,180 - pipeline - INFO - Analyzing MHS Drive directory: D:/ReportGenerator/Raw Data\#Huaqin\Seattle\Data Performance/5G AUTO DP/Mobility Test/5G Auto Data Test Drive
2026-03-10 01:06:48,255 - pipeline - INFO - Analyzing MHS Drive directory: D:/ReportGenerator/Raw Data\#Huaqin\Seattle\Data Performance/5G NSA DP/Mobility Test
2026-03-10 01:06:48,255 - pipeline - INFO - Analyzing MHS Drive directory: D:/ReportGenerator/Raw Data\#Huaqin\Seattle\Data Performance/5G NSA DP/Mobility Test
2026-03-10 01:06:49,476 - pipeline - INFO - Running post-processing (VqLineChart, Coverage extraction)...
2026-03-10 01:06:49,476 - pipeline - INFO - Running post-processing (VqLineChart, Coverage extraction)...
2026-03-10 01:06:49,625 - pipeline - INFO - Checking for CDF Throughput data to export...
2026-03-10 01:06:49,625 - pipeline - INFO - Checking for CDF Throughput data to export...
2026-03-10 01:06:49,683 - pipeline - INFO - Exported 112 CDF throughput JSON files to D:/ReportGenerator/report-generator-app/public/AnalyzeResults\#Huaqin\Seattle\cdf_throughput_data
2026-03-10 01:06:49,683 - pipeline - INFO - Exported 112 CDF throughput JSON files to D:/ReportGenerator/report-generator-app/public/AnalyzeResults\#Huaqin\Seattle\cdf_throughput_data
2026-03-10 01:06:49,696 - pipeline - INFO - Data Performance results exported to D:/ReportGenerator/report-generator-app/public/AnalyzeResults\#Huaqin\Seattle\data_performance_results.json
2026-03-10 01:06:49,696 - pipeline - INFO - Data Performance results exported to D:/ReportGenerator/report-generator-app/public/AnalyzeResults\#Huaqin\Seattle\data_performance_results.json
2026-03-10 01:06:49,704 - pipeline - INFO - Coverage Performance results exported to D:/ReportGenerator/report-generator-app/public/AnalyzeResults\#Huaqin\Seattle\coverage_performance_results.json
2026-03-10 01:06:49,704 - pipeline - INFO - Coverage Performance results exported to D:/ReportGenerator/report-generator-app/public/AnalyzeResults\#Huaqin\Seattle\coverage_performance_results.json
2026-03-10 01:06:49,706 - pipeline - INFO - Processing summary exported to D:/ReportGenerator/report-generator-app/public/AnalyzeResults\#Huaqin\Seattle\processing_summary.json
2026-03-10 01:06:49,706 - pipeline - INFO - Processing summary exported to D:/ReportGenerator/report-generator-app/public/AnalyzeResults\#Huaqin\Seattle\processing_summary.json
2026-03-10 01:06:49,706 - pipeline - INFO - Running final data validation...
2026-03-10 01:06:49,706 - pipeline - INFO - Running final data validation...
2026-03-10 01:06:49,730 - pipeline - WARNING - Summary of Empty collections found in JSON files:
2026-03-10 01:06:49,730 - pipeline - WARNING - Summary of Empty collections found in JSON files:
2026-03-10 01:06:49,730 - pipeline - WARNING -   - data_performance_results.json -> Data Performance -> 5G AUTO DP -> HTTP Multi Stream -> DL -> Good -> DUT -> Throughput -> Outliers -> Empty List
2026-03-10 01:06:49,730 - pipeline - WARNING -   - data_performance_results.json -> Data Performance -> 5G AUTO DP -> HTTP Multi Stream -> DL -> Good -> DUT -> Throughput -> Outliers -> Empty List
2026-03-10 01:06:49,730 - pipeline - WARNING -   - data_performance_results.json -> Data Performance -> 5G AUTO DP -> HTTP Multi Stream -> DL -> Good -> REF -> Throughput -> Outliers -> Empty List
2026-03-10 01:06:49,730 - pipeline - WARNING -   - data_performance_results.json -> Data Performance -> 5G AUTO DP -> HTTP Multi Stream -> DL -> Good -> REF -> Throughput -> Outliers -> Empty List
2026-03-10 01:06:49,731 - pipeline - WARNING -   - data_performance_results.json -> Data Performance -> 5G AUTO DP -> HTTP Multi Stream -> DL -> Moderate -> DUT -> Throughput -> Outliers -> Empty List
2026-03-10 01:06:49,731 - pipeline - WARNING -   - data_performance_results.json -> Data Performance -> 5G AUTO DP -> HTTP Multi Stream -> DL -> Moderate -> DUT -> Throughput -> Outliers -> Empty List
2026-03-10 01:06:49,731 - pipeline - WARNING -   - data_performance_results.json -> Data Performance -> 5G AUTO DP -> HTTP Multi Stream -> DL -> Moderate -> REF -> Throughput -> Outliers -> Empty List
2026-03-10 01:06:49,731 - pipeline - WARNING -   - data_performance_results.json -> Data Performance -> 5G AUTO DP -> HTTP Multi Stream -> DL -> Moderate -> REF -> Throughput -> Outliers -> Empty List
2026-03-10 01:06:49,732 - pipeline - WARNING -   - data_performance_results.json -> Data Performance -> 5G AUTO DP -> HTTP Multi Stream -> DL -> Poor -> DUT -> Throughput -> Outliers -> Empty List
2026-03-10 01:06:49,732 - pipeline - WARNING -   - data_performance_results.json -> Data Performance -> 5G AUTO DP -> HTTP Multi Stream -> DL -> Poor -> DUT -> Throughput -> Outliers -> Empty List
2026-03-10 01:06:49,732 - pipeline - WARNING -   - data_performance_results.json -> Data Performance -> 5G AUTO DP -> HTTP Multi Stream -> DL -> Poor -> REF -> Throughput -> Outliers -> Empty List
2026-03-10 01:06:49,732 - pipeline - WARNING -   - data_performance_results.json -> Data Performance -> 5G AUTO DP -> HTTP Multi Stream -> DL -> Poor -> REF -> Throughput -> Outliers -> Empty List
2026-03-10 01:06:49,732 - pipeline - WARNING -   - data_performance_results.json -> Data Performance -> 5G AUTO DP -> HTTP Multi Stream -> UL -> Good -> REF -> Throughput -> Outliers -> Empty List
2026-03-10 01:06:49,732 - pipeline - WARNING -   - data_performance_results.json -> Data Performance -> 5G AUTO DP -> HTTP Multi Stream -> UL -> Good -> REF -> Throughput -> Outliers -> Empty List
2026-03-10 01:06:49,732 - pipeline - WARNING -   - data_performance_results.json -> Data Performance -> 5G AUTO DP -> HTTP Multi Stream -> UL -> Moderate -> DUT -> Throughput -> Outliers -> Empty List
2026-03-10 01:06:49,732 - pipeline - WARNING -   - data_performance_results.json -> Data Performance -> 5G AUTO DP -> HTTP Multi Stream -> UL -> Moderate -> DUT -> Throughput -> Outliers -> Empty List
2026-03-10 01:06:49,733 - pipeline - WARNING -   - data_performance_results.json -> Data Performance -> 5G AUTO DP -> HTTP Single Stream -> DL -> Good -> DUT -> Throughput -> Outliers -> Empty List
2026-03-10 01:06:49,733 - pipeline - WARNING -   - data_performance_results.json -> Data Performance -> 5G AUTO DP -> HTTP Single Stream -> DL -> Good -> DUT -> Throughput -> Outliers -> Empty List
2026-03-10 01:06:49,733 - pipeline - WARNING -   - data_performance_results.json -> Data Performance -> 5G AUTO DP -> HTTP Single Stream -> DL -> Moderate -> DUT -> Throughput -> Outliers -> Empty List
2026-03-10 01:06:49,733 - pipeline - WARNING -   - data_performance_results.json -> Data Performance -> 5G AUTO DP -> HTTP Single Stream -> DL -> Moderate -> DUT -> Throughput -> Outliers -> Empty List
2026-03-10 01:06:49,733 - pipeline - WARNING -   - data_performance_results.json -> Data Performance -> 5G AUTO DP -> HTTP Single Stream -> DL -> Poor -> REF -> Throughput -> Outliers -> Empty List
2026-03-10 01:06:49,733 - pipeline - WARNING -   - data_performance_results.json -> Data Performance -> 5G AUTO DP -> HTTP Single Stream -> DL -> Poor -> REF -> Throughput -> Outliers -> Empty List
2026-03-10 01:06:49,734 - pipeline - WARNING -   - data_performance_results.json -> Data Performance -> 5G AUTO DP -> Mobile Hotspot Test -> HTTP Multi Stream -> DL -> Poor -> DUT -> Throughput -> Outliers -> Empty List
2026-03-10 01:06:49,734 - pipeline - WARNING -   - data_performance_results.json -> Data Performance -> 5G AUTO DP -> Mobile Hotspot Test -> HTTP Multi Stream -> DL -> Poor -> DUT -> Throughput -> Outliers -> Empty List
2026-03-10 01:06:49,734 - pipeline - WARNING -   - data_performance_results.json -> Data Performance -> 5G AUTO DP -> Mobile Hotspot Test -> HTTP Multi Stream -> DL -> Poor -> REF -> Throughput -> Outliers -> Empty List
2026-03-10 01:06:49,734 - pipeline - WARNING -   - data_performance_results.json -> Data Performance -> 5G AUTO DP -> Mobile Hotspot Test -> HTTP Multi Stream -> DL -> Poor -> REF -> Throughput -> Outliers -> Empty List
2026-03-10 01:06:49,735 - pipeline - WARNING -   - data_performance_results.json -> Data Performance -> 5G AUTO DP -> Mobile Hotspot Test -> HTTP Multi Stream -> UL -> Moderate -> REF -> Throughput -> Outliers -> Empty List
2026-03-10 01:06:49,735 - pipeline - WARNING -   - data_performance_results.json -> Data Performance -> 5G AUTO DP -> Mobile Hotspot Test -> HTTP Multi Stream -> UL -> Moderate -> REF -> Throughput -> Outliers -> Empty List
2026-03-10 01:06:49,735 - pipeline - WARNING -   - data_performance_results.json -> Data Performance -> 5G AUTO DP -> Mobile Hotspot Test -> HTTP Single Stream -> DL -> Moderate -> DUT -> Throughput -> Outliers -> Empty List
2026-03-10 01:06:49,735 - pipeline - WARNING -   - data_performance_results.json -> Data Performance -> 5G AUTO DP -> Mobile Hotspot Test -> HTTP Single Stream -> DL -> Moderate -> DUT -> Throughput -> Outliers -> Empty List
2026-03-10 01:06:49,735 - pipeline - WARNING -   - data_performance_results.json -> Data Performance -> 5G AUTO DP -> Mobile Hotspot Test -> HTTP Single Stream -> DL -> Poor -> REF -> Throughput -> Outliers -> Empty List
2026-03-10 01:06:49,735 - pipeline - WARNING -   - data_performance_results.json -> Data Performance -> 5G AUTO DP -> Mobile Hotspot Test -> HTTP Single Stream -> DL -> Poor -> REF -> Throughput -> Outliers -> Empty List
2026-03-10 01:06:49,736 - pipeline - WARNING -   - data_performance_results.json -> Data Performance -> 5G AUTO DP -> Mobile Hotspot Test -> HTTP Single Stream -> UL -> Moderate -> DUT -> Throughput -> Outliers -> Empty List
2026-03-10 01:06:49,736 - pipeline - WARNING -   - data_performance_results.json -> Data Performance -> 5G AUTO DP -> Mobile Hotspot Test -> HTTP Single Stream -> UL -> Moderate -> DUT -> Throughput -> Outliers -> Empty List
2026-03-10 01:06:49,736 - pipeline - WARNING -   - data_performance_results.json -> Data Performance -> 5G AUTO DP -> Mobile Hotspot Test -> HTTP Single Stream -> UL -> Moderate -> REF -> Throughput -> Outliers -> Empty List
2026-03-10 01:06:49,736 - pipeline - WARNING -   - data_performance_results.json -> Data Performance -> 5G AUTO DP -> Mobile Hotspot Test -> HTTP Single Stream -> UL -> Moderate -> REF -> Throughput -> Outliers -> Empty List
2026-03-10 01:06:49,737 - pipeline - WARNING -   - data_performance_results.json -> Data Performance -> 5G AUTO DP -> Mobile Hotspot Test -> Udp Test -> DL -> UDP Download Task at 200 Mbps for 10 seconds -> Moderate -> DUT -> Throughput -> Outliers -> Empty List
2026-03-10 01:06:49,737 - pipeline - WARNING -   - data_performance_results.json -> Data Performance -> 5G AUTO DP -> Mobile Hotspot Test -> Udp Test -> DL -> UDP Download Task at 200 Mbps for 10 seconds -> Moderate -> DUT -> Throughput -> Outliers -> Empty List
2026-03-10 01:06:49,737 - pipeline - WARNING -   - data_performance_results.json -> Data Performance -> 5G AUTO DP -> Mobile Hotspot Test -> Udp Test -> DL -> UDP Download Task at 200 Mbps for 10 seconds -> Moderate -> REF -> Throughput -> Outliers -> Empty List
2026-03-10 01:06:49,737 - pipeline - WARNING -   - data_performance_results.json -> Data Performance -> 5G AUTO DP -> Mobile Hotspot Test -> Udp Test -> DL -> UDP Download Task at 200 Mbps for 10 seconds -> Moderate -> REF -> Throughput -> Outliers -> Empty List
2026-03-10 01:06:49,737 - pipeline - WARNING -   - data_performance_results.json -> Data Performance -> 5G AUTO DP -> Mobile Hotspot Test -> Udp Test -> DL -> UDP Download Task at 200 Mbps for 10 seconds -> Poor -> DUT -> Throughput -> Outliers -> Empty List
2026-03-10 01:06:49,737 - pipeline - WARNING -   - data_performance_results.json -> Data Performance -> 5G AUTO DP -> Mobile Hotspot Test -> Udp Test -> DL -> UDP Download Task at 200 Mbps for 10 seconds -> Poor -> DUT -> Throughput -> Outliers -> Empty List
2026-03-10 01:06:49,738 - pipeline - WARNING -   - data_performance_results.json -> Data Performance -> 5G AUTO DP -> Mobile Hotspot Test -> Udp Test -> DL -> UDP Download Task at 200 Mbps for 10 seconds -> Poor -> REF -> Throughput -> Outliers -> Empty List
2026-03-10 01:06:49,738 - pipeline - WARNING -   - data_performance_results.json -> Data Performance -> 5G AUTO DP -> Mobile Hotspot Test -> Udp Test -> DL -> UDP Download Task at 200 Mbps for 10 seconds -> Poor -> REF -> Throughput -> Outliers -> Empty List
2026-03-10 01:06:49,738 - pipeline - WARNING -   - data_performance_results.json -> Data Performance -> 5G AUTO DP -> Mobile Hotspot Test -> Udp Test -> DL -> UDP Download Task at 400 Mbps for 10 seconds -> Moderate -> DUT -> Throughput -> Outliers -> Empty List
2026-03-10 01:06:49,738 - pipeline - WARNING -   - data_performance_results.json -> Data Performance -> 5G AUTO DP -> Mobile Hotspot Test -> Udp Test -> DL -> UDP Download Task at 400 Mbps for 10 seconds -> Moderate -> DUT -> Throughput -> Outliers -> Empty List
2026-03-10 01:06:49,739 - pipeline - WARNING -   - data_performance_results.json -> Data Performance -> 5G AUTO DP -> Mobile Hotspot Test -> Udp Test -> DL -> UDP Download Task at 400 Mbps for 10 seconds -> Poor -> REF -> Throughput -> Outliers -> Empty List
2026-03-10 01:06:49,739 - pipeline - WARNING -   - data_performance_results.json -> Data Performance -> 5G AUTO DP -> Mobile Hotspot Test -> Udp Test -> DL -> UDP Download Task at 400 Mbps for 10 seconds -> Poor -> REF -> Throughput -> Outliers -> Empty List
2026-03-10 01:06:49,739 - pipeline - WARNING -   - data_performance_results.json -> Data Performance -> 5G AUTO DP -> Mobile Hotspot Test -> Udp Test -> UL -> UDP Upload Task at 10 Mbps for 10 seconds -> Poor -> REF -> Throughput -> Outliers -> Empty List
2026-03-10 01:06:49,739 - pipeline - WARNING -   - data_performance_results.json -> Data Performance -> 5G AUTO DP -> Mobile Hotspot Test -> Udp Test -> UL -> UDP Upload Task at 10 Mbps for 10 seconds -> Poor -> REF -> Throughput -> Outliers -> Empty List
2026-03-10 01:06:49,739 - pipeline - WARNING -   - data_performance_results.json -> Data Performance -> 5G AUTO DP -> Mobile Hotspot Test -> Udp Test -> UL -> UDP Upload Task at 20 Mbps for 10 seconds -> Poor -> DUT -> Throughput -> Outliers -> Empty List
2026-03-10 01:06:49,739 - pipeline - WARNING -   - data_performance_results.json -> Data Performance -> 5G AUTO DP -> Mobile Hotspot Test -> Udp Test -> UL -> UDP Upload Task at 20 Mbps for 10 seconds -> Poor -> DUT -> Throughput -> Outliers -> Empty List
2026-03-10 01:06:49,740 - pipeline - WARNING -   - data_performance_results.json -> Data Performance -> 5G AUTO DP -> Ping -> Good -> REF -> Ping RTT -> Outliers -> Empty List
2026-03-10 01:06:49,740 - pipeline - WARNING -   - data_performance_results.json -> Data Performance -> 5G AUTO DP -> Ping -> Good -> REF -> Ping RTT -> Outliers -> Empty List
2026-03-10 01:06:49,740 - pipeline - WARNING -   - data_performance_results.json -> Data Performance -> 5G AUTO DP -> Udp Test -> DL -> UDP Download Task at 200 Mbps for 10 seconds -> Good -> DUT -> Throughput -> Outliers -> Empty List
2026-03-10 01:06:49,740 - pipeline - WARNING -   - data_performance_results.json -> Data Performance -> 5G AUTO DP -> Udp Test -> DL -> UDP Download Task at 200 Mbps for 10 seconds -> Good -> DUT -> Throughput -> Outliers -> Empty List
2026-03-10 01:06:49,740 - pipeline - WARNING -   - data_performance_results.json -> Data Performance -> 5G AUTO DP -> Udp Test -> DL -> UDP Download Task at 200 Mbps for 10 seconds -> Good -> REF -> Throughput -> Outliers -> Empty List
2026-03-10 01:06:49,740 - pipeline - WARNING -   - data_performance_results.json -> Data Performance -> 5G AUTO DP -> Udp Test -> DL -> UDP Download Task at 200 Mbps for 10 seconds -> Good -> REF -> Throughput -> Outliers -> Empty List
2026-03-10 01:06:49,741 - pipeline - WARNING -   - data_performance_results.json -> Data Performance -> 5G AUTO DP -> Udp Test -> DL -> UDP Download Task at 200 Mbps for 10 seconds -> Poor -> DUT -> Throughput -> Outliers -> Empty List
2026-03-10 01:06:49,741 - pipeline - WARNING -   - data_performance_results.json -> Data Performance -> 5G AUTO DP -> Udp Test -> DL -> UDP Download Task at 200 Mbps for 10 seconds -> Poor -> DUT -> Throughput -> Outliers -> Empty List
2026-03-10 01:06:49,741 - pipeline - WARNING -   - data_performance_results.json -> Data Performance -> 5G AUTO DP -> Udp Test -> DL -> UDP Download Task at 200 Mbps for 10 seconds -> Poor -> REF -> Throughput -> Outliers -> Empty List
2026-03-10 01:06:49,741 - pipeline - WARNING -   - data_performance_results.json -> Data Performance -> 5G AUTO DP -> Udp Test -> DL -> UDP Download Task at 200 Mbps for 10 seconds -> Poor -> REF -> Throughput -> Outliers -> Empty List
2026-03-10 01:06:49,741 - pipeline - WARNING -   - data_performance_results.json -> Data Performance -> 5G AUTO DP -> Udp Test -> DL -> UDP Download Task at 400 Mbps for 10 seconds -> Good -> DUT -> Throughput -> Outliers -> Empty List
2026-03-10 01:06:49,741 - pipeline - WARNING -   - data_performance_results.json -> Data Performance -> 5G AUTO DP -> Udp Test -> DL -> UDP Download Task at 400 Mbps for 10 seconds -> Good -> DUT -> Throughput -> Outliers -> Empty List
2026-03-10 01:06:49,742 - pipeline - WARNING -   - data_performance_results.json -> Data Performance -> 5G AUTO DP -> Udp Test -> DL -> UDP Download Task at 400 Mbps for 10 seconds -> Good -> REF -> Throughput -> Outliers -> Empty List
2026-03-10 01:06:49,742 - pipeline - WARNING -   - data_performance_results.json -> Data Performance -> 5G AUTO DP -> Udp Test -> DL -> UDP Download Task at 400 Mbps for 10 seconds -> Good -> REF -> Throughput -> Outliers -> Empty List
2026-03-10 01:06:49,742 - pipeline - WARNING -   - data_performance_results.json -> Data Performance -> 5G AUTO DP -> Udp Test -> DL -> UDP Download Task at 400 Mbps for 10 seconds -> Moderate -> REF -> Throughput -> Outliers -> Empty List
2026-03-10 01:06:49,742 - pipeline - WARNING -   - data_performance_results.json -> Data Performance -> 5G AUTO DP -> Udp Test -> DL -> UDP Download Task at 400 Mbps for 10 seconds -> Moderate -> REF -> Throughput -> Outliers -> Empty List
2026-03-10 01:06:49,742 - pipeline - WARNING -   - data_performance_results.json -> Data Performance -> 5G AUTO DP -> Udp Test -> DL -> UDP Download Task at 400 Mbps for 10 seconds -> Poor -> DUT -> Throughput -> Outliers -> Empty List
2026-03-10 01:06:49,742 - pipeline - WARNING -   - data_performance_results.json -> Data Performance -> 5G AUTO DP -> Udp Test -> DL -> UDP Download Task at 400 Mbps for 10 seconds -> Poor -> DUT -> Throughput -> Outliers -> Empty List
2026-03-10 01:06:49,743 - pipeline - WARNING -   - data_performance_results.json -> Data Performance -> 5G AUTO DP -> Udp Test -> DL -> UDP Download Task at 400 Mbps for 10 seconds -> Poor -> REF -> Throughput -> Outliers -> Empty List
2026-03-10 01:06:49,743 - pipeline - WARNING -   - data_performance_results.json -> Data Performance -> 5G AUTO DP -> Udp Test -> DL -> UDP Download Task at 400 Mbps for 10 seconds -> Poor -> REF -> Throughput -> Outliers -> Empty List
2026-03-10 01:06:49,743 - pipeline - WARNING -   - data_performance_results.json -> Data Performance -> 5G NSA DP -> HTTP Multi Stream -> DL -> Moderate -> DUT -> Throughput -> Outliers -> Empty List
2026-03-10 01:06:49,743 - pipeline - WARNING -   - data_performance_results.json -> Data Performance -> 5G NSA DP -> HTTP Multi Stream -> DL -> Moderate -> DUT -> Throughput -> Outliers -> Empty List
2026-03-10 01:06:49,744 - pipeline - WARNING -   - data_performance_results.json -> Data Performance -> 5G NSA DP -> HTTP Multi Stream -> DL -> Moderate -> REF -> Throughput -> Outliers -> Empty List
2026-03-10 01:06:49,744 - pipeline - WARNING -   - data_performance_results.json -> Data Performance -> 5G NSA DP -> HTTP Multi Stream -> DL -> Moderate -> REF -> Throughput -> Outliers -> Empty List
2026-03-10 01:06:49,744 - pipeline - WARNING -   - data_performance_results.json -> Data Performance -> 5G NSA DP -> HTTP Multi Stream -> DL -> Poor -> DUT -> Throughput -> Outliers -> Empty List
2026-03-10 01:06:49,744 - pipeline - WARNING -   - data_performance_results.json -> Data Performance -> 5G NSA DP -> HTTP Multi Stream -> DL -> Poor -> DUT -> Throughput -> Outliers -> Empty List
2026-03-10 01:06:49,744 - pipeline - WARNING -   - data_performance_results.json -> Data Performance -> 5G NSA DP -> HTTP Multi Stream -> DL -> Poor -> REF -> Throughput -> Outliers -> Empty List
2026-03-10 01:06:49,744 - pipeline - WARNING -   - data_performance_results.json -> Data Performance -> 5G NSA DP -> HTTP Multi Stream -> DL -> Poor -> REF -> Throughput -> Outliers -> Empty List
2026-03-10 01:06:49,745 - pipeline - WARNING -   - data_performance_results.json -> Data Performance -> 5G NSA DP -> HTTP Multi Stream -> UL -> Moderate -> DUT -> Throughput -> Outliers -> Empty List
2026-03-10 01:06:49,745 - pipeline - WARNING -   - data_performance_results.json -> Data Performance -> 5G NSA DP -> HTTP Multi Stream -> UL -> Moderate -> DUT -> Throughput -> Outliers -> Empty List
2026-03-10 01:06:49,745 - pipeline - WARNING -   - data_performance_results.json -> Data Performance -> 5G NSA DP -> HTTP Multi Stream -> UL -> Moderate -> REF -> Throughput -> Outliers -> Empty List
2026-03-10 01:06:49,745 - pipeline - WARNING -   - data_performance_results.json -> Data Performance -> 5G NSA DP -> HTTP Multi Stream -> UL -> Moderate -> REF -> Throughput -> Outliers -> Empty List
2026-03-10 01:06:49,746 - pipeline - WARNING -   - data_performance_results.json -> Data Performance -> 5G NSA DP -> HTTP Multi Stream -> UL -> Poor -> REF -> Throughput -> Outliers -> Empty List
2026-03-10 01:06:49,746 - pipeline - WARNING -   - data_performance_results.json -> Data Performance -> 5G NSA DP -> HTTP Multi Stream -> UL -> Poor -> REF -> Throughput -> Outliers -> Empty List
2026-03-10 01:06:49,746 - pipeline - WARNING -   - data_performance_results.json -> Data Performance -> 5G NSA DP -> HTTP Single Stream -> DL -> Moderate -> DUT -> Throughput -> Outliers -> Empty List
2026-03-10 01:06:49,746 - pipeline - WARNING -   - data_performance_results.json -> Data Performance -> 5G NSA DP -> HTTP Single Stream -> DL -> Moderate -> DUT -> Throughput -> Outliers -> Empty List
2026-03-10 01:06:49,746 - pipeline - WARNING -   - data_performance_results.json -> Data Performance -> 5G NSA DP -> HTTP Single Stream -> DL -> Moderate -> REF -> Throughput -> Outliers -> Empty List
2026-03-10 01:06:49,746 - pipeline - WARNING -   - data_performance_results.json -> Data Performance -> 5G NSA DP -> HTTP Single Stream -> DL -> Moderate -> REF -> Throughput -> Outliers -> Empty List
2026-03-10 01:06:49,747 - pipeline - WARNING -   - data_performance_results.json -> Data Performance -> 5G NSA DP -> HTTP Single Stream -> DL -> Poor -> REF -> Throughput -> Outliers -> Empty List
2026-03-10 01:06:49,747 - pipeline - WARNING -   - data_performance_results.json -> Data Performance -> 5G NSA DP -> HTTP Single Stream -> DL -> Poor -> REF -> Throughput -> Outliers -> Empty List
2026-03-10 01:06:49,747 - pipeline - WARNING -   - data_performance_results.json -> Data Performance -> 5G NSA DP -> Udp Test -> DL -> UDP Download Task at 200 Mbps for 10 seconds -> Moderate -> REF -> Throughput -> Outliers -> Empty List
2026-03-10 01:06:49,747 - pipeline - WARNING -   - data_performance_results.json -> Data Performance -> 5G NSA DP -> Udp Test -> DL -> UDP Download Task at 200 Mbps for 10 seconds -> Moderate -> REF -> Throughput -> Outliers -> Empty List
2026-03-10 01:06:49,747 - pipeline - WARNING -   - data_performance_results.json -> Data Performance -> 5G NSA DP -> Udp Test -> DL -> UDP Download Task at 400 Mbps for 10 seconds -> Moderate -> REF -> Throughput -> Outliers -> Empty List
2026-03-10 01:06:49,747 - pipeline - WARNING -   - data_performance_results.json -> Data Performance -> 5G NSA DP -> Udp Test -> DL -> UDP Download Task at 400 Mbps for 10 seconds -> Moderate -> REF -> Throughput -> Outliers -> Empty List
2026-03-10 01:06:49,748 - pipeline - WARNING -   - data_performance_results.json -> Data Performance -> 5G NSA DP -> Udp Test -> DL -> UDP Download Task at 400 Mbps for 10 seconds -> Poor -> DUT -> Throughput -> Outliers -> Empty List
2026-03-10 01:06:49,748 - pipeline - WARNING -   - data_performance_results.json -> Data Performance -> 5G NSA DP -> Udp Test -> DL -> UDP Download Task at 400 Mbps for 10 seconds -> Poor -> DUT -> Throughput -> Outliers -> Empty List
2026-03-10 01:06:49,748 - pipeline - WARNING -   - data_performance_results.json -> Data Performance -> 5G NSA DP -> Udp Test -> DL -> UDP Download Task at 400 Mbps for 10 seconds -> Poor -> REF -> Throughput -> Outliers -> Empty List
2026-03-10 01:06:49,748 - pipeline - WARNING -   - data_performance_results.json -> Data Performance -> 5G NSA DP -> Udp Test -> DL -> UDP Download Task at 400 Mbps for 10 seconds -> Poor -> REF -> Throughput -> Outliers -> Empty List
2026-03-10 01:06:49,748 - pipeline - WARNING -   - data_performance_results.json -> Data Performance -> 5G NSA DP -> Udp Test -> UL -> 5G NSA_UDP Upload Task at 10 Mbps for 10 seconds -> Poor -> REF -> Throughput -> Outliers -> Empty List
2026-03-10 01:06:49,748 - pipeline - WARNING -   - data_performance_results.json -> Data Performance -> 5G NSA DP -> Udp Test -> UL -> 5G NSA_UDP Upload Task at 10 Mbps for 10 seconds -> Poor -> REF -> Throughput -> Outliers -> Empty List
2026-03-10 01:06:49,749 - pipeline - WARNING -   - data_performance_results.json -> Data Performance -> 5G NSA DP -> Udp Test -> UL -> 5G NSA_UDP Upload Task at 20 Mbps for 10 seconds -> Poor -> REF -> Throughput -> Outliers -> Empty List
2026-03-10 01:06:49,749 - pipeline - WARNING -   - data_performance_results.json -> Data Performance -> 5G NSA DP -> Udp Test -> UL -> 5G NSA_UDP Upload Task at 20 Mbps for 10 seconds -> Poor -> REF -> Throughput -> Outliers -> Empty List
2026-03-10 01:06:49,749 - pipeline - INFO - Pipeline execution completed. Results in: D:/ReportGenerator/report-generator-app/public/AnalyzeResults\#Huaqin\Seattle
2026-03-10 01:06:49,749 - pipeline - INFO - Pipeline execution completed. Results in: D:/ReportGenerator/report-generator-app/public/AnalyzeResults\#Huaqin\Seattle
2026-03-10 01:11:20,432 - pipeline - INFO - Project: #Huaqin
2026-03-10 01:11:20,432 - pipeline - INFO - Market: New York
2026-03-10 01:11:20,432 - pipeline - INFO - Reading from: D:/ReportGenerator/Raw Data\#Huaqin\New York
2026-03-10 01:11:20,433 - pipeline - INFO - Writing to: D:/ReportGenerator/report-generator-app/public/AnalyzeResults\#Huaqin\New York
2026-03-10 01:11:20,433 - pipeline - INFO - Starting analysis pipeline...
2026-03-10 01:11:20,437 - pipeline - INFO - Grouping 124 CSV files by directory and device type...
2026-03-10 01:11:20,438 - pipeline - INFO - Created 102 file groups for analysis
2026-03-10 01:11:20,439 - pipeline - INFO - Analyzing 1 file(s) for DUT in 5G Auto Data Web-Kepler
2026-03-10 01:11:20,466 - pipeline - INFO - Analyzing 1 file(s) for REF in 5G Auto Data Web-Kepler
2026-03-10 01:11:20,492 - pipeline - INFO - Analyzing 1 file(s) for DUT in Good
2026-03-10 01:11:20,532 - pipeline - INFO - Analyzing 1 file(s) for REF in Good
2026-03-10 01:11:20,569 - pipeline - INFO - Analyzing 1 file(s) for DUT in Moderate
2026-03-10 01:11:20,606 - pipeline - INFO - Analyzing 1 file(s) for REF in Moderate
2026-03-10 01:11:20,643 - pipeline - INFO - Analyzing 1 file(s) for DUT in Poor
2026-03-10 01:11:20,681 - pipeline - INFO - Analyzing 1 file(s) for REF in Poor
2026-03-10 01:11:20,718 - pipeline - INFO - Analyzing 1 file(s) for DUT in Good
2026-03-10 01:11:20,748 - pipeline - INFO - Analyzing 1 file(s) for REF in Good
2026-03-10 01:11:20,779 - pipeline - INFO - Analyzing 1 file(s) for DUT in Moderate
2026-03-10 01:11:20,810 - pipeline - INFO - Analyzing 1 file(s) for REF in Moderate
2026-03-10 01:11:20,841 - pipeline - INFO - Analyzing 1 file(s) for DUT in Poor
2026-03-10 01:11:20,874 - pipeline - INFO - Analyzing 1 file(s) for REF in Poor
2026-03-10 01:11:20,905 - pipeline - INFO - Analyzing 2 file(s) for DUT in Good
2026-03-10 01:11:20,970 - pipeline - INFO - Analyzing 2 file(s) for REF in Good
2026-03-10 01:11:21,036 - pipeline - INFO - Analyzing 1 file(s) for DUT in Moderate
2026-03-10 01:11:21,090 - pipeline - INFO - Analyzing 1 file(s) for REF in Moderate
2026-03-10 01:11:21,145 - pipeline - INFO - Analyzing 1 file(s) for DUT in Poor
2026-03-10 01:11:21,209 - pipeline - INFO - Analyzing 1 file(s) for REF in Poor
2026-03-10 01:11:21,260 - pipeline - INFO - Analyzing 1 file(s) for DUT in Good
2026-03-10 01:11:21,284 - pipeline - INFO - Analyzing 1 file(s) for REF in Good
2026-03-10 01:11:21,304 - pipeline - INFO - Analyzing 1 file(s) for DUT in Moderate
2026-03-10 01:11:21,323 - pipeline - INFO - Analyzing 1 file(s) for REF in Moderate
2026-03-10 01:11:21,344 - pipeline - INFO - Analyzing 1 file(s) for DUT in Poor
2026-03-10 01:11:21,365 - pipeline - INFO - Analyzing 1 file(s) for REF in Poor
2026-03-10 01:11:21,386 - pipeline - INFO - Analyzing 3 file(s) for DUT in 5G Auto Data Test Drive
2026-03-10 01:11:21,688 - pipeline - INFO - Analyzing 3 file(s) for REF in 5G Auto Data Test Drive
2026-03-10 01:11:21,975 - pipeline - INFO - Analyzing 1 file(s) for DUT in Good
2026-03-10 01:11:22,019 - pipeline - INFO - Analyzing 1 file(s) for REF in Good
2026-03-10 01:11:22,064 - pipeline - INFO - Analyzing 1 file(s) for DUT in Moderate
2026-03-10 01:11:22,108 - pipeline - INFO - Analyzing 1 file(s) for REF in Moderate
2026-03-10 01:11:22,154 - pipeline - INFO - Analyzing 1 file(s) for DUT in Poor
2026-03-10 01:11:22,198 - pipeline - INFO - Analyzing 1 file(s) for REF in Poor
2026-03-10 01:11:22,242 - pipeline - INFO - Analyzing 1 file(s) for DUT in Good
2026-03-10 01:11:22,291 - pipeline - INFO - Analyzing 1 file(s) for REF in Good
2026-03-10 01:11:22,341 - pipeline - INFO - Analyzing 1 file(s) for DUT in Moderate
2026-03-10 01:11:22,392 - pipeline - INFO - Analyzing 1 file(s) for REF in Moderate
2026-03-10 01:11:22,450 - pipeline - INFO - Analyzing 1 file(s) for DUT in Poor
2026-03-10 01:11:22,507 - pipeline - INFO - Analyzing 1 file(s) for REF in Poor
2026-03-10 01:11:22,563 - pipeline - INFO - Analyzing 1 file(s) for DUT in Good
2026-03-10 01:11:22,616 - pipeline - INFO - Analyzing 1 file(s) for REF in Good
2026-03-10 01:11:22,670 - pipeline - INFO - Analyzing 1 file(s) for DUT in Moderate
2026-03-10 01:11:22,727 - pipeline - INFO - Analyzing 1 file(s) for REF in Moderate
2026-03-10 01:11:22,780 - pipeline - INFO - Analyzing 1 file(s) for DUT in Poor
2026-03-10 01:11:22,832 - pipeline - INFO - Analyzing 1 file(s) for REF in Poor
2026-03-10 01:11:22,884 - pipeline - INFO - Analyzing 1 file(s) for DUT in Good
2026-03-10 01:11:22,934 - pipeline - INFO - Analyzing 1 file(s) for REF in Good
2026-03-10 01:11:22,980 - pipeline - INFO - Analyzing 1 file(s) for DUT in Moderate
2026-03-10 01:11:23,029 - pipeline - INFO - Analyzing 1 file(s) for REF in Moderate
2026-03-10 01:11:23,077 - pipeline - INFO - Analyzing 1 file(s) for DUT in Poor
2026-03-10 01:11:23,127 - pipeline - INFO - Analyzing 1 file(s) for REF in Poor
2026-03-10 01:11:23,177 - pipeline - INFO - Analyzing 1 file(s) for DUT in Good
2026-03-10 01:11:23,227 - pipeline - INFO - Analyzing 1 file(s) for REF in Good
2026-03-10 01:11:23,274 - pipeline - INFO - Analyzing 1 file(s) for DUT in Moderate
2026-03-10 01:11:23,324 - pipeline - INFO - Analyzing 1 file(s) for REF in Moderate
2026-03-10 01:11:23,374 - pipeline - INFO - Analyzing 1 file(s) for DUT in Poor
2026-03-10 01:11:23,426 - pipeline - INFO - Analyzing 1 file(s) for REF in Poor
2026-03-10 01:11:23,478 - pipeline - INFO - Analyzing 1 file(s) for DUT in Moderate
2026-03-10 01:11:23,518 - pipeline - INFO - Analyzing 1 file(s) for REF in Moderate
2026-03-10 01:11:23,568 - pipeline - INFO - Analyzing 1 file(s) for DUT in Poor
2026-03-10 01:11:23,618 - pipeline - INFO - Analyzing 1 file(s) for REF in Poor
2026-03-10 01:11:23,666 - pipeline - INFO - Analyzing 1 file(s) for DUT in Moderate
2026-03-10 01:11:23,707 - pipeline - INFO - Analyzing 1 file(s) for REF in Moderate
2026-03-10 01:11:23,738 - pipeline - INFO - Analyzing 1 file(s) for DUT in Poor
2026-03-10 01:11:23,770 - pipeline - INFO - Analyzing 1 file(s) for REF in Poor
2026-03-10 01:11:23,800 - pipeline - INFO - Analyzing 1 file(s) for DUT in Moderate
2026-03-10 01:11:23,852 - pipeline - INFO - Analyzing 1 file(s) for REF in Moderate
2026-03-10 01:11:23,907 - pipeline - INFO - Analyzing 1 file(s) for DUT in Poor
2026-03-10 01:11:23,965 - pipeline - INFO - Analyzing 1 file(s) for REF in Poor
2026-03-10 01:11:24,019 - pipeline - INFO - Analyzing 1 file(s) for DUT in Moderate
2026-03-10 01:11:24,038 - pipeline - INFO - Analyzing 1 file(s) for REF in Moderate
2026-03-10 01:11:24,059 - pipeline - INFO - Analyzing 1 file(s) for DUT in Poor
2026-03-10 01:11:24,082 - pipeline - INFO - Analyzing 1 file(s) for REF in Poor
2026-03-10 01:11:24,105 - pipeline - INFO - Analyzing 3 file(s) for DUT in Mobility Test
2026-03-10 01:11:24,401 - pipeline - INFO - Analyzing 3 file(s) for REF in Mobility Test
2026-03-10 01:11:24,702 - pipeline - INFO - Analyzing 1 file(s) for DUT in Moderate
2026-03-10 01:11:24,747 - pipeline - INFO - Analyzing 1 file(s) for REF in Moderate
2026-03-10 01:11:24,792 - pipeline - INFO - Analyzing 1 file(s) for DUT in Poor
2026-03-10 01:11:24,840 - pipeline - INFO - Analyzing 1 file(s) for REF in Poor
2026-03-10 01:11:24,884 - pipeline - INFO - Analyzing 1 file(s) for DUT in Moderate
2026-03-10 01:11:24,932 - pipeline - INFO - Analyzing 1 file(s) for REF in Moderate
2026-03-10 01:11:24,985 - pipeline - INFO - Analyzing 1 file(s) for DUT in Poor
2026-03-10 01:11:25,032 - pipeline - INFO - Analyzing 1 file(s) for REF in Poor
2026-03-10 01:11:25,081 - pipeline - INFO - Analyzing 1 file(s) for DUT in Moderate
2026-03-10 01:11:25,130 - pipeline - INFO - Analyzing 1 file(s) for REF in Moderate
2026-03-10 01:11:25,177 - pipeline - INFO - Analyzing 1 file(s) for DUT in Poor
2026-03-10 01:11:25,226 - pipeline - INFO - Analyzing 1 file(s) for REF in Poor
2026-03-10 01:11:25,277 - pipeline - INFO - Analyzing 1 file(s) for DUT in Moderate
2026-03-10 01:11:25,324 - pipeline - INFO - Analyzing 1 file(s) for REF in Moderate
2026-03-10 01:11:25,370 - pipeline - INFO - Analyzing 1 file(s) for DUT in Poor
2026-03-10 01:11:25,415 - pipeline - INFO - Analyzing 1 file(s) for REF in Poor
2026-03-10 01:11:25,467 - pipeline - INFO - Analyzing 1 file(s) for DUT in Moderate
2026-03-10 01:11:25,515 - pipeline - INFO - Analyzing 1 file(s) for REF in Moderate
2026-03-10 01:11:25,560 - pipeline - INFO - Analyzing 1 file(s) for DUT in Poor
2026-03-10 01:11:25,605 - pipeline - INFO - Analyzing 1 file(s) for REF in Poor
2026-03-10 01:11:25,649 - pipeline - INFO - Processing directory-level analyses...
2026-03-10 01:11:25,649 - pipeline - INFO - Analyzing Coverage directory: D:/ReportGenerator/Raw Data\#Huaqin\New York\Coverage Performance (Type: coverage_coordinate)
2026-03-10 01:11:25,650 - pipeline - INFO - Analyzing Coverage directory: D:/ReportGenerator/Raw Data\#Huaqin\New York\Coverage Performance/5G n41 HPUE Coverage Test (Type: n41_coverage)
2026-03-10 01:11:25,688 - pipeline - INFO - Analyzing Coverage directory: D:/ReportGenerator/Raw Data\#Huaqin\New York\Coverage Performance/5G VoNR Coverage Test (Type: vonr_coverage_performance)
2026-03-10 01:11:26,326 - pipeline - INFO - Running timeline analysis for: Coverage Performance/5G VoNR Coverage Test
2026-03-10 01:11:26,326 - pipeline - INFO - Analyzing Coverage directory: D:/ReportGenerator/Raw Data\#Huaqin\New York\Coverage Performance/5G VoNR Coverage Test (Type: coverage_timeline)
2026-03-10 01:11:26,326 - pipeline - INFO - Analyzing Coverage Timeline for: D:/ReportGenerator/Raw Data\#Huaqin\New York\Coverage Performance/5G VoNR Coverage Test
2026-03-10 01:11:26,326 - pipeline - INFO - Processing rsrp timeline...
2026-03-10 01:11:26,726 - pipeline - INFO - Processing sinr timeline...
2026-03-10 01:11:27,224 - pipeline - INFO - Processing txpower timeline...
2026-03-10 01:11:27,653 - pipeline - INFO - Analyzing Coverage directory: D:/ReportGenerator/Raw Data\#Huaqin\New York\Coverage Performance/LTE Coverage Test (Type: vonr_coverage_performance)
2026-03-10 01:11:28,063 - pipeline - INFO - Running timeline analysis for: Coverage Performance/LTE Coverage Test
2026-03-10 01:11:28,063 - pipeline - INFO - Analyzing Coverage directory: D:/ReportGenerator/Raw Data\#Huaqin\New York\Coverage Performance/LTE Coverage Test (Type: coverage_timeline)
2026-03-10 01:11:28,064 - pipeline - INFO - Analyzing Coverage Timeline for: D:/ReportGenerator/Raw Data\#Huaqin\New York\Coverage Performance/LTE Coverage Test
2026-03-10 01:11:28,064 - pipeline - INFO - Processing rsrp timeline...
2026-03-10 01:11:28,265 - pipeline - INFO - Processing sinr timeline...
2026-03-10 01:11:28,457 - pipeline - INFO - Processing txpower timeline...
2026-03-10 01:11:28,670 - pipeline - INFO - Analyzing Google Throughput directory: D:/ReportGenerator/Raw Data\#Huaqin\New York\Data Performance/5G AUTO DP/5G Auto Data Play-store app Download
2026-03-10 01:11:28,671 - pipeline - INFO - Processing Play Store file: _20260228_180205_CH01_NJNYC TMO_5G AUTO_Playstore 30M DL_NJNY DUT L1_.csv (Size: 30M, Device: DUT, Location: Good)
2026-03-10 01:11:28,682 - pipeline - INFO - Successfully analyzed _20260228_180205_CH01_NJNYC TMO_5G AUTO_Playstore 30M DL_NJNY DUT L1_.csv: 124.70009965728717
2026-03-10 01:11:28,683 - pipeline - INFO - Processing Play Store file: _20260228_180205_CH02_NJNYC TMO_5G AUTO_Playstore 30M DL_NJNY REF L1_.csv (Size: 30M, Device: REF, Location: Good)
2026-03-10 01:11:28,692 - pipeline - INFO - Successfully analyzed _20260228_180205_CH02_NJNYC TMO_5G AUTO_Playstore 30M DL_NJNY REF L1_.csv: 148.8741798941799
2026-03-10 01:11:28,692 - pipeline - INFO - Processing Play Store file: _20260228_181017_CH01_NJNYC TMO_5G AUTO_Playstore 60M DL_NJNY DUT L1_.csv (Size: 60M, Device: DUT, Location: Good)
2026-03-10 01:11:28,700 - pipeline - INFO - Successfully analyzed _20260228_181017_CH01_NJNYC TMO_5G AUTO_Playstore 60M DL_NJNY DUT L1_.csv: 64.5587914862915
2026-03-10 01:11:28,701 - pipeline - INFO - Processing Play Store file: _20260228_181017_CH02_NJNYC TMO_5G AUTO_Playstore 60M DL_NJNY REF L1_.csv (Size: 60M, Device: REF, Location: Good)
2026-03-10 01:11:28,708 - pipeline - INFO - Successfully analyzed _20260228_181017_CH02_NJNYC TMO_5G AUTO_Playstore 60M DL_NJNY REF L1_.csv: 56.23625236742424
2026-03-10 01:11:28,708 - pipeline - INFO - Processing Play Store file: _20260228_181759_CH01_NJNYC TMO_5G AUTO_Playstore 100M DL_NJNY DUT L1_.csv (Size: 100M, Device: DUT, Location: Good)
2026-03-10 01:11:28,719 - pipeline - INFO - Successfully analyzed _20260228_181759_CH01_NJNYC TMO_5G AUTO_Playstore 100M DL_NJNY DUT L1_.csv: 134.26315737681122
2026-03-10 01:11:28,719 - pipeline - INFO - Processing Play Store file: _20260228_181759_CH02_NJNYC TMO_5G AUTO_Playstore 100M DL_NJNY REF L1_.csv (Size: 100M, Device: REF, Location: Good)
2026-03-10 01:11:28,730 - pipeline - INFO - Successfully analyzed _20260228_181759_CH02_NJNYC TMO_5G AUTO_Playstore 100M DL_NJNY REF L1_.csv: 131.02254464285716
2026-03-10 01:11:28,731 - pipeline - INFO - Processing Play Store file: _20260305_182335_CH01_NJNYC TMO_5G Auto_Playstore 30M_NJNY DUT L2_Retest.csv (Size: 30M, Device: DUT, Location: Moderate)
2026-03-10 01:11:28,738 - pipeline - INFO - Successfully analyzed _20260305_182335_CH01_NJNYC TMO_5G Auto_Playstore 30M_NJNY DUT L2_Retest.csv: 151.14181746031744
2026-03-10 01:11:28,738 - pipeline - INFO - Processing Play Store file: _20260305_182335_CH02_NJNYC TMO_5G Auto_Playstore 30M_NJNY REF L2_Retest.csv (Size: 30M, Device: REF, Location: Moderate)
2026-03-10 01:11:28,745 - pipeline - INFO - Successfully analyzed _20260305_182335_CH02_NJNYC TMO_5G Auto_Playstore 30M_NJNY REF L2_Retest.csv: 148.14939814814815
2026-03-10 01:11:28,746 - pipeline - INFO - Processing Play Store file: _20260305_182944_CH01_NJNYC TMO_5G Auto_Playstore 60M_NJNY DUT L2_Retest.csv (Size: 60M, Device: DUT, Location: Moderate)
2026-03-10 01:11:28,755 - pipeline - INFO - Successfully analyzed _20260305_182944_CH01_NJNYC TMO_5G Auto_Playstore 60M_NJNY DUT L2_Retest.csv: 80.73495421245421
2026-03-10 01:11:28,756 - pipeline - INFO - Processing Play Store file: _20260305_182944_CH02_NJNYC TMO_5G Auto_Playstore 60M_NJNY REF L2_Retest.csv (Size: 60M, Device: REF, Location: Moderate)
2026-03-10 01:11:28,762 - pipeline - INFO - Successfully analyzed _20260305_182944_CH02_NJNYC TMO_5G Auto_Playstore 60M_NJNY REF L2_Retest.csv: 81.30642857142857
2026-03-10 01:11:28,762 - pipeline - INFO - Processing Play Store file: _20260305_183538_CH01_NJNYC TMO_5G Auto_Playstore 100M_NJNY DUT L2_Retest.csv (Size: 100M, Device: DUT, Location: Moderate)
2026-03-10 01:11:28,774 - pipeline - INFO - Successfully analyzed _20260305_183538_CH01_NJNYC TMO_5G Auto_Playstore 100M_NJNY DUT L2_Retest.csv: 103.33156283068783
2026-03-10 01:11:28,775 - pipeline - INFO - Processing Play Store file: _20260305_183538_CH02_NJNYC TMO_5G Auto_Playstore 100M_NJNY REF L2_Retest.csv (Size: 100M, Device: REF, Location: Moderate)
2026-03-10 01:11:28,786 - pipeline - INFO - Successfully analyzed _20260305_183538_CH02_NJNYC TMO_5G Auto_Playstore 100M_NJNY REF L2_Retest.csv: 157.49921663727218
2026-03-10 01:11:28,787 - pipeline - INFO - Processing Play Store file: _20260305_163158_CH01_NJNYC TMO_5G Auto_Playstore 30M_NJNY DUT L3_Retest.csv (Size: 30M, Device: DUT, Location: Poor)
2026-03-10 01:11:28,800 - pipeline - INFO - Successfully analyzed _20260305_163158_CH01_NJNYC TMO_5G Auto_Playstore 30M_NJNY DUT L3_Retest.csv: 55.912072562358276
2026-03-10 01:11:28,800 - pipeline - INFO - Processing Play Store file: _20260305_163158_CH02_NJNYC TMO_5G Auto_Playstore 30M_NJNY REF L3_Retest.csv (Size: 30M, Device: REF, Location: Poor)
2026-03-10 01:11:28,813 - pipeline - INFO - Successfully analyzed _20260305_163158_CH02_NJNYC TMO_5G Auto_Playstore 30M_NJNY REF L3_Retest.csv: 40.53460317460318
2026-03-10 01:11:28,814 - pipeline - INFO - Processing Play Store file: _20260305_164730_CH01_NJNYC TMO_5G Auto_Playstore 60M_NJNY DUT L3_Retest.csv (Size: 60M, Device: DUT, Location: Poor)
2026-03-10 01:11:28,825 - pipeline - INFO - Successfully analyzed _20260305_164730_CH01_NJNYC TMO_5G Auto_Playstore 60M_NJNY DUT L3_Retest.csv: 102.03724606509272
2026-03-10 01:11:28,825 - pipeline - INFO - Processing Play Store file: _20260305_164730_CH02_NJNYC TMO_5G Auto_Playstore 60M_NJNY REF L3_Retest.csv (Size: 60M, Device: REF, Location: Poor)
2026-03-10 01:11:28,837 - pipeline - INFO - Successfully analyzed _20260305_164730_CH02_NJNYC TMO_5G Auto_Playstore 60M_NJNY REF L3_Retest.csv: 101.67057136422945
2026-03-10 01:11:28,837 - pipeline - INFO - Processing Play Store file: _20260305_165716_CH01_NJNYC TMO_5G Auto_Playstore 100M_NJNY DUT L3_Retest.csv (Size: 100M, Device: DUT, Location: Poor)
2026-03-10 01:11:28,847 - pipeline - INFO - Successfully analyzed _20260305_165716_CH01_NJNYC TMO_5G Auto_Playstore 100M_NJNY DUT L3_Retest.csv: 101.82962992573425
2026-03-10 01:11:28,847 - pipeline - INFO - Processing Play Store file: _20260305_165716_CH02_NJNYC TMO_5G Auto_Playstore 100M_NJNY REF L3_Retest.csv (Size: 100M, Device: REF, Location: Poor)
2026-03-10 01:11:28,857 - pipeline - INFO - Successfully analyzed _20260305_165716_CH02_NJNYC TMO_5G Auto_Playstore 100M_NJNY REF L3_Retest.csv: 97.57974355644356
2026-03-10 01:11:28,858 - pipeline - INFO - Google Throughput analysis directory processing complete. Results found: True
2026-03-10 01:11:28,858 - pipeline - INFO - Analyzing MHS Drive directory: D:/ReportGenerator/Raw Data\#Huaqin\New York\Data Performance/5G AUTO DP/Mobility Test/5G Auto Data Test MHS Drive
2026-03-10 01:11:28,858 - pipeline - INFO - Analyzing MHS Drive directory: D:/ReportGenerator/Raw Data\#Huaqin\New York\Data Performance/5G AUTO DP/Mobility Test/5G Auto Data Test Drive
2026-03-10 01:11:29,970 - pipeline - INFO - Analyzing MHS Drive directory: D:/ReportGenerator/Raw Data\#Huaqin\New York\Data Performance/5G NSA DP/Mobility Test
2026-03-10 01:11:31,077 - pipeline - INFO - Running post-processing (VqLineChart, Coverage extraction)...
2026-03-10 01:11:31,187 - pipeline - INFO - Checking for CDF Throughput data to export...
2026-03-10 01:11:31,215 - pipeline - INFO - Exported 80 CDF throughput JSON files to D:/ReportGenerator/report-generator-app/public/AnalyzeResults\#Huaqin\New York\cdf_throughput_data
2026-03-10 01:11:31,220 - pipeline - INFO - Data Performance results exported to D:/ReportGenerator/report-generator-app/public/AnalyzeResults\#Huaqin\New York\data_performance_results.json
2026-03-10 01:11:31,225 - pipeline - INFO - Coverage Performance results exported to D:/ReportGenerator/report-generator-app/public/AnalyzeResults\#Huaqin\New York\coverage_performance_results.json
2026-03-10 01:11:31,226 - pipeline - INFO - Processing summary exported to D:/ReportGenerator/report-generator-app/public/AnalyzeResults\#Huaqin\New York\processing_summary.json
2026-03-10 01:11:31,227 - pipeline - INFO - Running final data validation...
2026-03-10 01:11:31,246 - pipeline - WARNING - Summary of Empty collections found in JSON files:
2026-03-10 01:11:31,247 - pipeline - WARNING -   - data_performance_results.json -> Data Performance -> 5G AUTO DP -> HTTP Multi Stream -> DL -> Good -> REF -> Throughput -> Outliers -> Empty List
2026-03-10 01:11:31,247 - pipeline - WARNING -   - data_performance_results.json -> Data Performance -> 5G AUTO DP -> HTTP Multi Stream -> DL -> Moderate -> DUT -> Throughput -> Outliers -> Empty List
2026-03-10 01:11:31,247 - pipeline - WARNING -   - data_performance_results.json -> Data Performance -> 5G AUTO DP -> HTTP Multi Stream -> DL -> Poor -> DUT -> Throughput -> Outliers -> Empty List
2026-03-10 01:11:31,247 - pipeline - WARNING -   - data_performance_results.json -> Data Performance -> 5G AUTO DP -> HTTP Multi Stream -> UL -> Moderate -> REF -> Throughput -> Outliers -> Empty List
2026-03-10 01:11:31,248 - pipeline - WARNING -   - data_performance_results.json -> Data Performance -> 5G AUTO DP -> HTTP Multi Stream -> UL -> Poor -> DUT -> Throughput -> Outliers -> Empty List
2026-03-10 01:11:31,248 - pipeline - WARNING -   - data_performance_results.json -> Data Performance -> 5G AUTO DP -> HTTP Multi Stream -> UL -> Poor -> REF -> Throughput -> Outliers -> Empty List
2026-03-10 01:11:31,248 - pipeline - WARNING -   - data_performance_results.json -> Data Performance -> 5G AUTO DP -> HTTP Single Stream -> DL -> Good -> DUT -> Throughput -> Outliers -> Empty List
2026-03-10 01:11:31,248 - pipeline - WARNING -   - data_performance_results.json -> Data Performance -> 5G AUTO DP -> HTTP Single Stream -> DL -> Good -> REF -> Throughput -> Outliers -> Empty List
2026-03-10 01:11:31,248 - pipeline - WARNING -   - data_performance_results.json -> Data Performance -> 5G AUTO DP -> HTTP Single Stream -> DL -> Moderate -> DUT -> Throughput -> Outliers -> Empty List
2026-03-10 01:11:31,248 - pipeline - WARNING -   - data_performance_results.json -> Data Performance -> 5G AUTO DP -> HTTP Single Stream -> DL -> Poor -> DUT -> Throughput -> Outliers -> Empty List
2026-03-10 01:11:31,249 - pipeline - WARNING -   - data_performance_results.json -> Data Performance -> 5G AUTO DP -> HTTP Single Stream -> DL -> Poor -> REF -> Throughput -> Outliers -> Empty List
2026-03-10 01:11:31,249 - pipeline - WARNING -   - data_performance_results.json -> Data Performance -> 5G AUTO DP -> HTTP Single Stream -> UL -> Good -> REF -> Throughput -> Outliers -> Empty List
2026-03-10 01:11:31,249 - pipeline - WARNING -   - data_performance_results.json -> Data Performance -> 5G AUTO DP -> Udp Test -> DL -> UDP Download Task at 200 Mbps for 10 seconds -> Moderate -> DUT -> Throughput -> Outliers -> Empty List
2026-03-10 01:11:31,249 - pipeline - WARNING -   - data_performance_results.json -> Data Performance -> 5G AUTO DP -> Udp Test -> DL -> UDP Download Task at 200 Mbps for 10 seconds -> Moderate -> REF -> Throughput -> Outliers -> Empty List
2026-03-10 01:11:31,249 - pipeline - WARNING -   - data_performance_results.json -> Data Performance -> 5G AUTO DP -> Udp Test -> DL -> UDP Download Task at 200 Mbps for 10 seconds -> Poor -> DUT -> Throughput -> Outliers -> Empty List
2026-03-10 01:11:31,249 - pipeline - WARNING -   - data_performance_results.json -> Data Performance -> 5G AUTO DP -> Udp Test -> DL -> UDP Download Task at 200 Mbps for 10 seconds -> Poor -> REF -> Throughput -> Outliers -> Empty List
2026-03-10 01:11:31,249 - pipeline - WARNING -   - data_performance_results.json -> Data Performance -> 5G AUTO DP -> Udp Test -> DL -> UDP Download Task at 400 Mbps for 10 seconds -> Moderate -> DUT -> Throughput -> Outliers -> Empty List
2026-03-10 01:11:31,250 - pipeline - WARNING -   - data_performance_results.json -> Data Performance -> 5G AUTO DP -> Udp Test -> DL -> UDP Download Task at 400 Mbps for 10 seconds -> Moderate -> REF -> Throughput -> Outliers -> Empty List
2026-03-10 01:11:31,250 - pipeline - WARNING -   - data_performance_results.json -> Data Performance -> 5G AUTO DP -> Udp Test -> DL -> UDP Download Task at 400 Mbps for 10 seconds -> Poor -> DUT -> Throughput -> Outliers -> Empty List
2026-03-10 01:11:31,250 - pipeline - WARNING -   - data_performance_results.json -> Data Performance -> 5G AUTO DP -> Udp Test -> DL -> UDP Download Task at 400 Mbps for 10 seconds -> Poor -> REF -> Throughput -> Outliers -> Empty List
2026-03-10 01:11:31,250 - pipeline - WARNING -   - data_performance_results.json -> Data Performance -> 5G AUTO DP -> Udp Test -> UL -> UDP Upload Task at 10 Mbps for 10 seconds -> Good -> DUT -> Throughput -> Outliers -> Empty List
2026-03-10 01:11:31,250 - pipeline - WARNING -   - data_performance_results.json -> Data Performance -> 5G AUTO DP -> Udp Test -> UL -> UDP Upload Task at 10 Mbps for 10 seconds -> Good -> REF -> Throughput -> Outliers -> Empty List
2026-03-10 01:11:31,250 - pipeline - WARNING -   - data_performance_results.json -> Data Performance -> 5G AUTO DP -> Udp Test -> UL -> UDP Upload Task at 10 Mbps for 10 seconds -> Moderate -> REF -> Throughput -> Outliers -> Empty List
2026-03-10 01:11:31,250 - pipeline - WARNING -   - data_performance_results.json -> Data Performance -> 5G AUTO DP -> Udp Test -> UL -> UDP Upload Task at 10 Mbps for 10 seconds -> Poor -> DUT -> Throughput -> Outliers -> Empty List
2026-03-10 01:11:31,251 - pipeline - WARNING -   - data_performance_results.json -> Data Performance -> 5G AUTO DP -> Udp Test -> UL -> UDP Upload Task at 10 Mbps for 10 seconds -> Poor -> REF -> Throughput -> Outliers -> Empty List
2026-03-10 01:11:31,251 - pipeline - WARNING -   - data_performance_results.json -> Data Performance -> 5G AUTO DP -> Udp Test -> UL -> UDP Upload Task at 20 Mbps for 10 seconds -> Moderate -> DUT -> Throughput -> Outliers -> Empty List
2026-03-10 01:11:31,251 - pipeline - WARNING -   - data_performance_results.json -> Data Performance -> 5G AUTO DP -> Udp Test -> UL -> UDP Upload Task at 20 Mbps for 10 seconds -> Poor -> DUT -> Throughput -> Outliers -> Empty List
2026-03-10 01:11:31,251 - pipeline - WARNING -   - data_performance_results.json -> Data Performance -> 5G NSA DP -> HTTP Multi Stream -> DL -> Poor -> DUT -> Throughput -> Outliers -> Empty List
2026-03-10 01:11:31,251 - pipeline - WARNING -   - data_performance_results.json -> Data Performance -> 5G NSA DP -> HTTP Multi Stream -> DL -> Poor -> REF -> Throughput -> Outliers -> Empty List
2026-03-10 01:11:31,251 - pipeline - WARNING -   - data_performance_results.json -> Data Performance -> 5G NSA DP -> HTTP Multi Stream -> UL -> Moderate -> DUT -> Throughput -> Outliers -> Empty List
2026-03-10 01:11:31,251 - pipeline - WARNING -   - data_performance_results.json -> Data Performance -> 5G NSA DP -> HTTP Multi Stream -> UL -> Poor -> DUT -> Throughput -> Outliers -> Empty List
2026-03-10 01:11:31,252 - pipeline - WARNING -   - data_performance_results.json -> Data Performance -> 5G NSA DP -> HTTP Multi Stream -> UL -> Poor -> REF -> Throughput -> Outliers -> Empty List
2026-03-10 01:11:31,252 - pipeline - WARNING -   - data_performance_results.json -> Data Performance -> 5G NSA DP -> HTTP Single Stream -> DL -> Poor -> DUT -> Throughput -> Outliers -> Empty List
2026-03-10 01:11:31,252 - pipeline - WARNING -   - data_performance_results.json -> Data Performance -> 5G NSA DP -> HTTP Single Stream -> DL -> Poor -> REF -> Throughput -> Outliers -> Empty List
2026-03-10 01:11:31,252 - pipeline - WARNING -   - data_performance_results.json -> Data Performance -> 5G NSA DP -> HTTP Single Stream -> UL -> Moderate -> DUT -> Throughput -> Outliers -> Empty List
2026-03-10 01:11:31,252 - pipeline - WARNING -   - data_performance_results.json -> Data Performance -> 5G NSA DP -> Mobility Test -> REF -> DL Throughput -> Outliers -> Empty List
2026-03-10 01:11:31,252 - pipeline - WARNING -   - data_performance_results.json -> Data Performance -> 5G NSA DP -> Udp Test -> DL -> UDP Download Task at 200 Mbps for 10 seconds -> Poor -> REF -> Throughput -> Outliers -> Empty List
2026-03-10 01:11:31,252 - pipeline - WARNING -   - data_performance_results.json -> Data Performance -> 5G NSA DP -> Udp Test -> DL -> UDP Download Task at 400 Mbps for 10 seconds -> Moderate -> DUT -> Throughput -> Outliers -> Empty List
2026-03-10 01:11:31,253 - pipeline - WARNING -   - data_performance_results.json -> Data Performance -> 5G NSA DP -> Udp Test -> DL -> UDP Download Task at 400 Mbps for 10 seconds -> Moderate -> REF -> Throughput -> Outliers -> Empty List
2026-03-10 01:11:31,253 - pipeline - WARNING -   - data_performance_results.json -> Data Performance -> 5G NSA DP -> Udp Test -> DL -> UDP Download Task at 400 Mbps for 10 seconds -> Poor -> DUT -> Throughput -> Outliers -> Empty List
2026-03-10 01:11:31,253 - pipeline - WARNING -   - data_performance_results.json -> Data Performance -> 5G NSA DP -> Udp Test -> DL -> UDP Download Task at 400 Mbps for 10 seconds -> Poor -> REF -> Throughput -> Outliers -> Empty List
2026-03-10 01:11:31,253 - pipeline - WARNING -   - data_performance_results.json -> Data Performance -> 5G NSA DP -> Udp Test -> UL -> 5G NSA_UDP Upload Task at 10 Mbps for 10 seconds -> Moderate -> DUT -> Throughput -> Outliers -> Empty List
2026-03-10 01:11:31,253 - pipeline - WARNING -   - data_performance_results.json -> Data Performance -> 5G NSA DP -> Udp Test -> UL -> 5G NSA_UDP Upload Task at 20 Mbps for 10 seconds -> Moderate -> DUT -> Throughput -> Outliers -> Empty List
2026-03-10 01:11:31,253 - pipeline - WARNING -   - data_performance_results.json -> Data Performance -> 5G NSA DP -> Udp Test -> UL -> 5G NSA_UDP Upload Task at 20 Mbps for 10 seconds -> Poor -> DUT -> Throughput -> Outliers -> Empty List
2026-03-10 01:11:31,253 - pipeline - INFO - Pipeline execution completed. Results in: D:/ReportGenerator/report-generator-app/public/AnalyzeResults\#Huaqin\New York
2026-03-10 01:11:31,257 - pipeline - INFO - Project: #Huaqin
2026-03-10 01:11:31,257 - pipeline - INFO - Project: #Huaqin
2026-03-10 01:11:31,257 - pipeline - INFO - Market: Seattle
2026-03-10 01:11:31,257 - pipeline - INFO - Market: Seattle
2026-03-10 01:11:31,257 - pipeline - INFO - Reading from: D:/ReportGenerator/Raw Data\#Huaqin\Seattle
2026-03-10 01:11:31,257 - pipeline - INFO - Reading from: D:/ReportGenerator/Raw Data\#Huaqin\Seattle
2026-03-10 01:11:31,258 - pipeline - INFO - Writing to: D:/ReportGenerator/report-generator-app/public/AnalyzeResults\#Huaqin\Seattle
2026-03-10 01:11:31,258 - pipeline - INFO - Writing to: D:/ReportGenerator/report-generator-app/public/AnalyzeResults\#Huaqin\Seattle
2026-03-10 01:11:31,258 - pipeline - INFO - Starting analysis pipeline...
2026-03-10 01:11:31,258 - pipeline - INFO - Starting analysis pipeline...
2026-03-10 01:11:31,264 - pipeline - INFO - Grouping 183 CSV files by directory and device type...
2026-03-10 01:11:31,264 - pipeline - INFO - Grouping 183 CSV files by directory and device type...
2026-03-10 01:11:31,266 - pipeline - INFO - Created 138 file groups for analysis
2026-03-10 01:11:31,266 - pipeline - INFO - Created 138 file groups for analysis
2026-03-10 01:11:31,266 - pipeline - INFO - Analyzing 1 file(s) for DUT in 5G Auto Data Web-Kepler
2026-03-10 01:11:31,266 - pipeline - INFO - Analyzing 1 file(s) for DUT in 5G Auto Data Web-Kepler
2026-03-10 01:11:31,293 - pipeline - INFO - Analyzing 1 file(s) for REF in 5G Auto Data Web-Kepler
2026-03-10 01:11:31,293 - pipeline - INFO - Analyzing 1 file(s) for REF in 5G Auto Data Web-Kepler
2026-03-10 01:11:31,320 - pipeline - INFO - Analyzing 1 file(s) for DUT in Good
2026-03-10 01:11:31,320 - pipeline - INFO - Analyzing 1 file(s) for DUT in Good
2026-03-10 01:11:31,359 - pipeline - INFO - Analyzing 1 file(s) for REF in Good
2026-03-10 01:11:31,359 - pipeline - INFO - Analyzing 1 file(s) for REF in Good
2026-03-10 01:11:31,403 - pipeline - INFO - Analyzing 2 file(s) for DUT in Moderate
2026-03-10 01:11:31,403 - pipeline - INFO - Analyzing 2 file(s) for DUT in Moderate
2026-03-10 01:11:31,488 - pipeline - INFO - Analyzing 1 file(s) for REF in Moderate
2026-03-10 01:11:31,488 - pipeline - INFO - Analyzing 1 file(s) for REF in Moderate
2026-03-10 01:11:31,528 - pipeline - INFO - Analyzing 2 file(s) for DUT in Poor
2026-03-10 01:11:31,528 - pipeline - INFO - Analyzing 2 file(s) for DUT in Poor
2026-03-10 01:11:31,576 - pipeline - INFO - Analyzing 2 file(s) for REF in Poor
2026-03-10 01:11:31,576 - pipeline - INFO - Analyzing 2 file(s) for REF in Poor
2026-03-10 01:11:31,621 - pipeline - INFO - Analyzing 1 file(s) for DUT in Good
2026-03-10 01:11:31,621 - pipeline - INFO - Analyzing 1 file(s) for DUT in Good
2026-03-10 01:11:31,652 - pipeline - INFO - Analyzing 1 file(s) for REF in Good
2026-03-10 01:11:31,652 - pipeline - INFO - Analyzing 1 file(s) for REF in Good
2026-03-10 01:11:31,681 - pipeline - INFO - Analyzing 1 file(s) for DUT in Moderate
2026-03-10 01:11:31,681 - pipeline - INFO - Analyzing 1 file(s) for DUT in Moderate
2026-03-10 01:11:31,710 - pipeline - INFO - Analyzing 1 file(s) for REF in Moderate
2026-03-10 01:11:31,710 - pipeline - INFO - Analyzing 1 file(s) for REF in Moderate
2026-03-10 01:11:31,742 - pipeline - INFO - Analyzing 1 file(s) for DUT in Poor
2026-03-10 01:11:31,742 - pipeline - INFO - Analyzing 1 file(s) for DUT in Poor
2026-03-10 01:11:31,758 - pipeline - INFO - Analyzing 1 file(s) for REF in Poor
2026-03-10 01:11:31,758 - pipeline - INFO - Analyzing 1 file(s) for REF in Poor
2026-03-10 01:11:31,791 - pipeline - INFO - Analyzing 1 file(s) for DUT in Good
2026-03-10 01:11:31,791 - pipeline - INFO - Analyzing 1 file(s) for DUT in Good
2026-03-10 01:11:31,844 - pipeline - INFO - Analyzing 1 file(s) for REF in Good
2026-03-10 01:11:31,844 - pipeline - INFO - Analyzing 1 file(s) for REF in Good
2026-03-10 01:11:31,895 - pipeline - INFO - Analyzing 1 file(s) for DUT in Moderate
2026-03-10 01:11:31,895 - pipeline - INFO - Analyzing 1 file(s) for DUT in Moderate
2026-03-10 01:11:31,973 - pipeline - INFO - Analyzing 1 file(s) for REF in Moderate
2026-03-10 01:11:31,973 - pipeline - INFO - Analyzing 1 file(s) for REF in Moderate
2026-03-10 01:11:32,055 - pipeline - INFO - Analyzing 1 file(s) for DUT in Poor
2026-03-10 01:11:32,055 - pipeline - INFO - Analyzing 1 file(s) for DUT in Poor
2026-03-10 01:11:32,124 - pipeline - INFO - Analyzing 1 file(s) for REF in Poor
2026-03-10 01:11:32,124 - pipeline - INFO - Analyzing 1 file(s) for REF in Poor
2026-03-10 01:11:32,182 - pipeline - INFO - Analyzing 1 file(s) for DUT in Good
2026-03-10 01:11:32,182 - pipeline - INFO - Analyzing 1 file(s) for DUT in Good
2026-03-10 01:11:32,200 - pipeline - INFO - Analyzing 1 file(s) for REF in Good
2026-03-10 01:11:32,200 - pipeline - INFO - Analyzing 1 file(s) for REF in Good
2026-03-10 01:11:32,218 - pipeline - INFO - Analyzing 1 file(s) for DUT in Moderate
2026-03-10 01:11:32,218 - pipeline - INFO - Analyzing 1 file(s) for DUT in Moderate
2026-03-10 01:11:32,244 - pipeline - INFO - Analyzing 1 file(s) for REF in Moderate
2026-03-10 01:11:32,244 - pipeline - INFO - Analyzing 1 file(s) for REF in Moderate
2026-03-10 01:11:32,265 - pipeline - INFO - Analyzing 1 file(s) for DUT in Poor
2026-03-10 01:11:32,265 - pipeline - INFO - Analyzing 1 file(s) for DUT in Poor
2026-03-10 01:11:32,286 - pipeline - INFO - Analyzing 1 file(s) for REF in Poor
2026-03-10 01:11:32,286 - pipeline - INFO - Analyzing 1 file(s) for REF in Poor
2026-03-10 01:11:32,307 - pipeline - INFO - Analyzing 2 file(s) for DUT in Moderate
2026-03-10 01:11:32,307 - pipeline - INFO - Analyzing 2 file(s) for DUT in Moderate
2026-03-10 01:11:32,353 - pipeline - INFO - Analyzing 2 file(s) for REF in Moderate
2026-03-10 01:11:32,353 - pipeline - INFO - Analyzing 2 file(s) for REF in Moderate
2026-03-10 01:11:32,398 - pipeline - INFO - Analyzing 2 file(s) for DUT in Poor
2026-03-10 01:11:32,398 - pipeline - INFO - Analyzing 2 file(s) for DUT in Poor
2026-03-10 01:11:32,449 - pipeline - INFO - Analyzing 2 file(s) for REF in Poor
2026-03-10 01:11:32,449 - pipeline - INFO - Analyzing 2 file(s) for REF in Poor
2026-03-10 01:11:32,502 - pipeline - INFO - Analyzing 1 file(s) for DUT in Moderate
2026-03-10 01:11:32,502 - pipeline - INFO - Analyzing 1 file(s) for DUT in Moderate
2026-03-10 01:11:32,531 - pipeline - INFO - Analyzing 1 file(s) for REF in Moderate
2026-03-10 01:11:32,531 - pipeline - INFO - Analyzing 1 file(s) for REF in Moderate
2026-03-10 01:11:32,559 - pipeline - INFO - Analyzing 1 file(s) for DUT in Poor
2026-03-10 01:11:32,559 - pipeline - INFO - Analyzing 1 file(s) for DUT in Poor
2026-03-10 01:11:32,588 - pipeline - INFO - Analyzing 1 file(s) for REF in Poor
2026-03-10 01:11:32,588 - pipeline - INFO - Analyzing 1 file(s) for REF in Poor
2026-03-10 01:11:32,616 - pipeline - INFO - Analyzing 1 file(s) for DUT in Moderate
2026-03-10 01:11:32,616 - pipeline - INFO - Analyzing 1 file(s) for DUT in Moderate
2026-03-10 01:11:32,668 - pipeline - INFO - Analyzing 1 file(s) for REF in Moderate
2026-03-10 01:11:32,668 - pipeline - INFO - Analyzing 1 file(s) for REF in Moderate
2026-03-10 01:11:32,717 - pipeline - INFO - Analyzing 2 file(s) for DUT in Poor
2026-03-10 01:11:32,717 - pipeline - INFO - Analyzing 2 file(s) for DUT in Poor
2026-03-10 01:11:32,784 - pipeline - INFO - Analyzing 2 file(s) for REF in Poor
2026-03-10 01:11:32,784 - pipeline - INFO - Analyzing 2 file(s) for REF in Poor
2026-03-10 01:11:32,843 - pipeline - INFO - Analyzing 1 file(s) for DUT in Moderate
2026-03-10 01:11:32,843 - pipeline - INFO - Analyzing 1 file(s) for DUT in Moderate
2026-03-10 01:11:32,861 - pipeline - INFO - Analyzing 1 file(s) for REF in Moderate
2026-03-10 01:11:32,861 - pipeline - INFO - Analyzing 1 file(s) for REF in Moderate
2026-03-10 01:11:32,878 - pipeline - INFO - Analyzing 2 file(s) for DUT in Poor
2026-03-10 01:11:32,878 - pipeline - INFO - Analyzing 2 file(s) for DUT in Poor
2026-03-10 01:11:32,908 - pipeline - INFO - Analyzing 2 file(s) for REF in Poor
2026-03-10 01:11:32,908 - pipeline - INFO - Analyzing 2 file(s) for REF in Poor
2026-03-10 01:11:32,938 - pipeline - INFO - Analyzing 1 file(s) for DUT in Moderate
2026-03-10 01:11:32,938 - pipeline - INFO - Analyzing 1 file(s) for DUT in Moderate
2026-03-10 01:11:32,986 - pipeline - INFO - Analyzing 1 file(s) for REF in Moderate
2026-03-10 01:11:32,986 - pipeline - INFO - Analyzing 1 file(s) for REF in Moderate
2026-03-10 01:11:33,029 - pipeline - INFO - Analyzing 2 file(s) for DUT in Poor
2026-03-10 01:11:33,029 - pipeline - INFO - Analyzing 2 file(s) for DUT in Poor
2026-03-10 01:11:33,083 - pipeline - INFO - Analyzing 2 file(s) for REF in Poor
2026-03-10 01:11:33,083 - pipeline - INFO - Analyzing 2 file(s) for REF in Poor
2026-03-10 01:11:33,135 - pipeline - INFO - Analyzing 1 file(s) for DUT in Moderate
2026-03-10 01:11:33,135 - pipeline - INFO - Analyzing 1 file(s) for DUT in Moderate
2026-03-10 01:11:33,183 - pipeline - INFO - Analyzing 1 file(s) for REF in Moderate
2026-03-10 01:11:33,183 - pipeline - INFO - Analyzing 1 file(s) for REF in Moderate
2026-03-10 01:11:33,230 - pipeline - INFO - Analyzing 2 file(s) for DUT in Poor
2026-03-10 01:11:33,230 - pipeline - INFO - Analyzing 2 file(s) for DUT in Poor
2026-03-10 01:11:33,284 - pipeline - INFO - Analyzing 2 file(s) for REF in Poor
2026-03-10 01:11:33,284 - pipeline - INFO - Analyzing 2 file(s) for REF in Poor
2026-03-10 01:11:33,338 - pipeline - INFO - Analyzing 3 file(s) for DUT in Moderate
2026-03-10 01:11:33,338 - pipeline - INFO - Analyzing 3 file(s) for DUT in Moderate
2026-03-10 01:11:33,431 - pipeline - INFO - Analyzing 3 file(s) for REF in Moderate
2026-03-10 01:11:33,431 - pipeline - INFO - Analyzing 3 file(s) for REF in Moderate
2026-03-10 01:11:33,526 - pipeline - INFO - Analyzing 2 file(s) for DUT in Poor
2026-03-10 01:11:33,526 - pipeline - INFO - Analyzing 2 file(s) for DUT in Poor
2026-03-10 01:11:33,591 - pipeline - INFO - Analyzing 2 file(s) for REF in Poor
2026-03-10 01:11:33,591 - pipeline - INFO - Analyzing 2 file(s) for REF in Poor
2026-03-10 01:11:33,657 - pipeline - INFO - Analyzing 1 file(s) for DUT in Moderate
2026-03-10 01:11:33,657 - pipeline - INFO - Analyzing 1 file(s) for DUT in Moderate
2026-03-10 01:11:33,702 - pipeline - INFO - Analyzing 1 file(s) for REF in Moderate
2026-03-10 01:11:33,702 - pipeline - INFO - Analyzing 1 file(s) for REF in Moderate
2026-03-10 01:11:33,737 - pipeline - INFO - Analyzing 2 file(s) for DUT in Poor
2026-03-10 01:11:33,737 - pipeline - INFO - Analyzing 2 file(s) for DUT in Poor
2026-03-10 01:11:33,789 - pipeline - INFO - Analyzing 2 file(s) for REF in Poor
2026-03-10 01:11:33,789 - pipeline - INFO - Analyzing 2 file(s) for REF in Poor
2026-03-10 01:11:33,833 - pipeline - INFO - Analyzing 1 file(s) for DUT in Moderate
2026-03-10 01:11:33,833 - pipeline - INFO - Analyzing 1 file(s) for DUT in Moderate
2026-03-10 01:11:33,878 - pipeline - INFO - Analyzing 1 file(s) for REF in Moderate
2026-03-10 01:11:33,878 - pipeline - INFO - Analyzing 1 file(s) for REF in Moderate
2026-03-10 01:11:33,917 - pipeline - INFO - Analyzing 1 file(s) for DUT in Poor
2026-03-10 01:11:33,917 - pipeline - INFO - Analyzing 1 file(s) for DUT in Poor
2026-03-10 01:11:33,960 - pipeline - INFO - Analyzing 1 file(s) for REF in Poor
2026-03-10 01:11:33,960 - pipeline - INFO - Analyzing 1 file(s) for REF in Poor
2026-03-10 01:11:33,997 - pipeline - INFO - Analyzing 1 file(s) for DUT in 5G Auto Data Test Drive
2026-03-10 01:11:33,997 - pipeline - INFO - Analyzing 1 file(s) for DUT in 5G Auto Data Test Drive
2026-03-10 01:11:34,250 - pipeline - INFO - Analyzing 1 file(s) for REF in 5G Auto Data Test Drive
2026-03-10 01:11:34,250 - pipeline - INFO - Analyzing 1 file(s) for REF in 5G Auto Data Test Drive
2026-03-10 01:11:34,505 - pipeline - INFO - Analyzing 1 file(s) for DUT in Good
2026-03-10 01:11:34,505 - pipeline - INFO - Analyzing 1 file(s) for DUT in Good
2026-03-10 01:11:34,550 - pipeline - INFO - Analyzing 1 file(s) for REF in Good
2026-03-10 01:11:34,550 - pipeline - INFO - Analyzing 1 file(s) for REF in Good
2026-03-10 01:11:34,594 - pipeline - INFO - Analyzing 1 file(s) for DUT in Moderate
2026-03-10 01:11:34,594 - pipeline - INFO - Analyzing 1 file(s) for DUT in Moderate
2026-03-10 01:11:34,638 - pipeline - INFO - Analyzing 1 file(s) for REF in Moderate
2026-03-10 01:11:34,638 - pipeline - INFO - Analyzing 1 file(s) for REF in Moderate
2026-03-10 01:11:34,683 - pipeline - INFO - Analyzing 1 file(s) for DUT in Good
2026-03-10 01:11:34,683 - pipeline - INFO - Analyzing 1 file(s) for DUT in Good
2026-03-10 01:11:34,731 - pipeline - INFO - Analyzing 1 file(s) for REF in Good
2026-03-10 01:11:34,731 - pipeline - INFO - Analyzing 1 file(s) for REF in Good
2026-03-10 01:11:34,786 - pipeline - INFO - Analyzing 1 file(s) for DUT in Moderate
2026-03-10 01:11:34,786 - pipeline - INFO - Analyzing 1 file(s) for DUT in Moderate
2026-03-10 01:11:34,833 - pipeline - INFO - Analyzing 1 file(s) for REF in Moderate
2026-03-10 01:11:34,833 - pipeline - INFO - Analyzing 1 file(s) for REF in Moderate
2026-03-10 01:11:34,884 - pipeline - INFO - Analyzing 1 file(s) for DUT in Poor
2026-03-10 01:11:34,884 - pipeline - INFO - Analyzing 1 file(s) for DUT in Poor
2026-03-10 01:11:34,933 - pipeline - INFO - Analyzing 1 file(s) for REF in Poor
2026-03-10 01:11:34,933 - pipeline - INFO - Analyzing 1 file(s) for REF in Poor
2026-03-10 01:11:34,985 - pipeline - INFO - Analyzing 1 file(s) for DUT in Good
2026-03-10 01:11:34,985 - pipeline - INFO - Analyzing 1 file(s) for DUT in Good
2026-03-10 01:11:35,035 - pipeline - INFO - Analyzing 1 file(s) for REF in Good
2026-03-10 01:11:35,035 - pipeline - INFO - Analyzing 1 file(s) for REF in Good
2026-03-10 01:11:35,082 - pipeline - INFO - Analyzing 1 file(s) for DUT in Moderate
2026-03-10 01:11:35,082 - pipeline - INFO - Analyzing 1 file(s) for DUT in Moderate
2026-03-10 01:11:35,132 - pipeline - INFO - Analyzing 1 file(s) for REF in Moderate
2026-03-10 01:11:35,132 - pipeline - INFO - Analyzing 1 file(s) for REF in Moderate
2026-03-10 01:11:35,179 - pipeline - INFO - Analyzing 1 file(s) for DUT in Poor
2026-03-10 01:11:35,179 - pipeline - INFO - Analyzing 1 file(s) for DUT in Poor
2026-03-10 01:11:35,227 - pipeline - INFO - Analyzing 1 file(s) for REF in Poor
2026-03-10 01:11:35,227 - pipeline - INFO - Analyzing 1 file(s) for REF in Poor
2026-03-10 01:11:35,275 - pipeline - INFO - Analyzing 1 file(s) for DUT in Good
2026-03-10 01:11:35,275 - pipeline - INFO - Analyzing 1 file(s) for DUT in Good
2026-03-10 01:11:35,320 - pipeline - INFO - Analyzing 1 file(s) for REF in Good
2026-03-10 01:11:35,320 - pipeline - INFO - Analyzing 1 file(s) for REF in Good
2026-03-10 01:11:35,358 - pipeline - INFO - Analyzing 1 file(s) for DUT in Moderate
2026-03-10 01:11:35,358 - pipeline - INFO - Analyzing 1 file(s) for DUT in Moderate
2026-03-10 01:11:35,402 - pipeline - INFO - Analyzing 1 file(s) for REF in Moderate
2026-03-10 01:11:35,402 - pipeline - INFO - Analyzing 1 file(s) for REF in Moderate
2026-03-10 01:11:35,449 - pipeline - INFO - Analyzing 1 file(s) for DUT in Poor
2026-03-10 01:11:35,449 - pipeline - INFO - Analyzing 1 file(s) for DUT in Poor
2026-03-10 01:11:35,494 - pipeline - INFO - Analyzing 1 file(s) for REF in Poor
2026-03-10 01:11:35,494 - pipeline - INFO - Analyzing 1 file(s) for REF in Poor
2026-03-10 01:11:35,538 - pipeline - INFO - Analyzing 1 file(s) for DUT in Good
2026-03-10 01:11:35,538 - pipeline - INFO - Analyzing 1 file(s) for DUT in Good
2026-03-10 01:11:35,582 - pipeline - INFO - Analyzing 1 file(s) for REF in Good
2026-03-10 01:11:35,582 - pipeline - INFO - Analyzing 1 file(s) for REF in Good
2026-03-10 01:11:35,619 - pipeline - INFO - Analyzing 1 file(s) for DUT in Moderate
2026-03-10 01:11:35,619 - pipeline - INFO - Analyzing 1 file(s) for DUT in Moderate
2026-03-10 01:11:35,662 - pipeline - INFO - Analyzing 1 file(s) for REF in Moderate
2026-03-10 01:11:35,662 - pipeline - INFO - Analyzing 1 file(s) for REF in Moderate
2026-03-10 01:11:35,707 - pipeline - INFO - Analyzing 1 file(s) for DUT in Poor
2026-03-10 01:11:35,707 - pipeline - INFO - Analyzing 1 file(s) for DUT in Poor
2026-03-10 01:11:35,750 - pipeline - INFO - Analyzing 1 file(s) for REF in Poor
2026-03-10 01:11:35,750 - pipeline - INFO - Analyzing 1 file(s) for REF in Poor
2026-03-10 01:11:35,794 - pipeline - INFO - Analyzing 1 file(s) for DUT in Moderate
2026-03-10 01:11:35,794 - pipeline - INFO - Analyzing 1 file(s) for DUT in Moderate
2026-03-10 01:11:35,830 - pipeline - INFO - Analyzing 1 file(s) for REF in Moderate
2026-03-10 01:11:35,830 - pipeline - INFO - Analyzing 1 file(s) for REF in Moderate
2026-03-10 01:11:35,864 - pipeline - INFO - Analyzing 2 file(s) for DUT in Poor
2026-03-10 01:11:35,864 - pipeline - INFO - Analyzing 2 file(s) for DUT in Poor
2026-03-10 01:11:35,924 - pipeline - INFO - Analyzing 2 file(s) for REF in Poor
2026-03-10 01:11:35,924 - pipeline - INFO - Analyzing 2 file(s) for REF in Poor
2026-03-10 01:11:35,991 - pipeline - INFO - Analyzing 1 file(s) for DUT in Moderate
2026-03-10 01:11:35,991 - pipeline - INFO - Analyzing 1 file(s) for DUT in Moderate
2026-03-10 01:11:36,025 - pipeline - INFO - Analyzing 1 file(s) for REF in Moderate
2026-03-10 01:11:36,025 - pipeline - INFO - Analyzing 1 file(s) for REF in Moderate
2026-03-10 01:11:36,054 - pipeline - INFO - Analyzing 1 file(s) for DUT in Poor
2026-03-10 01:11:36,054 - pipeline - INFO - Analyzing 1 file(s) for DUT in Poor
2026-03-10 01:11:36,083 - pipeline - INFO - Analyzing 1 file(s) for REF in Poor
2026-03-10 01:11:36,083 - pipeline - INFO - Analyzing 1 file(s) for REF in Poor
2026-03-10 01:11:36,112 - pipeline - INFO - Analyzing 2 file(s) for DUT in Moderate
2026-03-10 01:11:36,112 - pipeline - INFO - Analyzing 2 file(s) for DUT in Moderate
2026-03-10 01:11:36,174 - pipeline - INFO - Analyzing 2 file(s) for REF in Moderate
2026-03-10 01:11:36,174 - pipeline - INFO - Analyzing 2 file(s) for REF in Moderate
2026-03-10 01:11:36,237 - pipeline - INFO - Analyzing 1 file(s) for DUT in Poor
2026-03-10 01:11:36,237 - pipeline - INFO - Analyzing 1 file(s) for DUT in Poor
2026-03-10 01:11:36,289 - pipeline - INFO - Analyzing 1 file(s) for REF in Poor
2026-03-10 01:11:36,289 - pipeline - INFO - Analyzing 1 file(s) for REF in Poor
2026-03-10 01:11:36,342 - pipeline - INFO - Analyzing 2 file(s) for DUT in Moderate
2026-03-10 01:11:36,342 - pipeline - INFO - Analyzing 2 file(s) for DUT in Moderate
2026-03-10 01:11:36,369 - pipeline - INFO - Analyzing 2 file(s) for REF in Moderate
2026-03-10 01:11:36,369 - pipeline - INFO - Analyzing 2 file(s) for REF in Moderate
2026-03-10 01:11:36,395 - pipeline - INFO - Analyzing 1 file(s) for DUT in Poor
2026-03-10 01:11:36,395 - pipeline - INFO - Analyzing 1 file(s) for DUT in Poor
2026-03-10 01:11:36,422 - pipeline - INFO - Analyzing 1 file(s) for REF in Poor
2026-03-10 01:11:36,422 - pipeline - INFO - Analyzing 1 file(s) for REF in Poor
2026-03-10 01:11:36,446 - pipeline - INFO - Analyzing 1 file(s) for DUT in Mobility Test
2026-03-10 01:11:36,446 - pipeline - INFO - Analyzing 1 file(s) for DUT in Mobility Test
2026-03-10 01:11:36,740 - pipeline - INFO - Analyzing 1 file(s) for REF in Mobility Test
2026-03-10 01:11:36,740 - pipeline - INFO - Analyzing 1 file(s) for REF in Mobility Test
2026-03-10 01:11:37,029 - pipeline - INFO - Analyzing 1 file(s) for DUT in Moderate
2026-03-10 01:11:37,029 - pipeline - INFO - Analyzing 1 file(s) for DUT in Moderate
2026-03-10 01:11:37,074 - pipeline - INFO - Analyzing 1 file(s) for REF in Moderate
2026-03-10 01:11:37,074 - pipeline - INFO - Analyzing 1 file(s) for REF in Moderate
2026-03-10 01:11:37,119 - pipeline - INFO - Analyzing 1 file(s) for DUT in Poor
2026-03-10 01:11:37,119 - pipeline - INFO - Analyzing 1 file(s) for DUT in Poor
2026-03-10 01:11:37,162 - pipeline - INFO - Analyzing 1 file(s) for REF in Poor
2026-03-10 01:11:37,162 - pipeline - INFO - Analyzing 1 file(s) for REF in Poor
2026-03-10 01:11:37,206 - pipeline - INFO - Analyzing 1 file(s) for DUT in Moderate
2026-03-10 01:11:37,206 - pipeline - INFO - Analyzing 1 file(s) for DUT in Moderate
2026-03-10 01:11:37,255 - pipeline - INFO - Analyzing 1 file(s) for REF in Moderate
2026-03-10 01:11:37,255 - pipeline - INFO - Analyzing 1 file(s) for REF in Moderate
2026-03-10 01:11:37,303 - pipeline - INFO - Analyzing 1 file(s) for DUT in Poor
2026-03-10 01:11:37,303 - pipeline - INFO - Analyzing 1 file(s) for DUT in Poor
2026-03-10 01:11:37,351 - pipeline - INFO - Analyzing 1 file(s) for REF in Poor
2026-03-10 01:11:37,351 - pipeline - INFO - Analyzing 1 file(s) for REF in Poor
2026-03-10 01:11:37,400 - pipeline - INFO - Analyzing 3 file(s) for DUT in Moderate
2026-03-10 01:11:37,400 - pipeline - INFO - Analyzing 3 file(s) for DUT in Moderate
2026-03-10 01:11:37,506 - pipeline - INFO - Analyzing 3 file(s) for REF in Moderate
2026-03-10 01:11:37,506 - pipeline - INFO - Analyzing 3 file(s) for REF in Moderate
2026-03-10 01:11:37,603 - pipeline - INFO - Analyzing 1 file(s) for DUT in Poor
2026-03-10 01:11:37,603 - pipeline - INFO - Analyzing 1 file(s) for DUT in Poor
2026-03-10 01:11:37,649 - pipeline - INFO - Analyzing 1 file(s) for REF in Poor
2026-03-10 01:11:37,649 - pipeline - INFO - Analyzing 1 file(s) for REF in Poor
2026-03-10 01:11:37,699 - pipeline - INFO - Analyzing 1 file(s) for DUT in Moderate
2026-03-10 01:11:37,699 - pipeline - INFO - Analyzing 1 file(s) for DUT in Moderate
2026-03-10 01:11:37,742 - pipeline - INFO - Analyzing 1 file(s) for REF in Moderate
2026-03-10 01:11:37,742 - pipeline - INFO - Analyzing 1 file(s) for REF in Moderate
2026-03-10 01:11:37,796 - pipeline - INFO - Analyzing 1 file(s) for DUT in Poor
2026-03-10 01:11:37,796 - pipeline - INFO - Analyzing 1 file(s) for DUT in Poor
2026-03-10 01:11:37,841 - pipeline - INFO - Analyzing 1 file(s) for REF in Poor
2026-03-10 01:11:37,841 - pipeline - INFO - Analyzing 1 file(s) for REF in Poor
2026-03-10 01:11:37,886 - pipeline - INFO - Analyzing 1 file(s) for DUT in Moderate
2026-03-10 01:11:37,886 - pipeline - INFO - Analyzing 1 file(s) for DUT in Moderate
2026-03-10 01:11:37,929 - pipeline - INFO - Analyzing 1 file(s) for REF in Moderate
2026-03-10 01:11:37,929 - pipeline - INFO - Analyzing 1 file(s) for REF in Moderate
2026-03-10 01:11:37,975 - pipeline - INFO - Analyzing 1 file(s) for DUT in Poor
2026-03-10 01:11:37,975 - pipeline - INFO - Analyzing 1 file(s) for DUT in Poor
2026-03-10 01:11:38,020 - pipeline - INFO - Analyzing 1 file(s) for REF in Poor
2026-03-10 01:11:38,020 - pipeline - INFO - Analyzing 1 file(s) for REF in Poor
2026-03-10 01:11:38,064 - pipeline - INFO - Processing directory-level analyses...
2026-03-10 01:11:38,064 - pipeline - INFO - Processing directory-level analyses...
2026-03-10 01:11:38,064 - pipeline - INFO - Analyzing Coverage directory: D:/ReportGenerator/Raw Data\#Huaqin\Seattle\Coverage Performance (Type: coverage_coordinate)
2026-03-10 01:11:38,064 - pipeline - INFO - Analyzing Coverage directory: D:/ReportGenerator/Raw Data\#Huaqin\Seattle\Coverage Performance (Type: coverage_coordinate)
2026-03-10 01:11:38,065 - pipeline - INFO - Analyzing Coverage directory: D:/ReportGenerator/Raw Data\#Huaqin\Seattle\Coverage Performance/5G n41 HPUE Coverage Test (Type: n41_coverage)
2026-03-10 01:11:38,065 - pipeline - INFO - Analyzing Coverage directory: D:/ReportGenerator/Raw Data\#Huaqin\Seattle\Coverage Performance/5G n41 HPUE Coverage Test (Type: n41_coverage)
2026-03-10 01:11:38,699 - pipeline - INFO - Analyzing Coverage directory: D:/ReportGenerator/Raw Data\#Huaqin\Seattle\Coverage Performance/5G VoNR Coverage Test (Type: vonr_coverage_performance)
2026-03-10 01:11:38,699 - pipeline - INFO - Analyzing Coverage directory: D:/ReportGenerator/Raw Data\#Huaqin\Seattle\Coverage Performance/5G VoNR Coverage Test (Type: vonr_coverage_performance)
2026-03-10 01:11:39,606 - pipeline - INFO - Running timeline analysis for: Coverage Performance/5G VoNR Coverage Test
2026-03-10 01:11:39,606 - pipeline - INFO - Running timeline analysis for: Coverage Performance/5G VoNR Coverage Test
2026-03-10 01:11:39,607 - pipeline - INFO - Analyzing Coverage directory: D:/ReportGenerator/Raw Data\#Huaqin\Seattle\Coverage Performance/5G VoNR Coverage Test (Type: coverage_timeline)
2026-03-10 01:11:39,607 - pipeline - INFO - Analyzing Coverage directory: D:/ReportGenerator/Raw Data\#Huaqin\Seattle\Coverage Performance/5G VoNR Coverage Test (Type: coverage_timeline)
2026-03-10 01:11:39,607 - pipeline - INFO - Analyzing Coverage Timeline for: D:/ReportGenerator/Raw Data\#Huaqin\Seattle\Coverage Performance/5G VoNR Coverage Test
2026-03-10 01:11:39,607 - pipeline - INFO - Analyzing Coverage Timeline for: D:/ReportGenerator/Raw Data\#Huaqin\Seattle\Coverage Performance/5G VoNR Coverage Test
2026-03-10 01:11:39,608 - pipeline - INFO - Processing rsrp timeline...
2026-03-10 01:11:39,608 - pipeline - INFO - Processing rsrp timeline...
2026-03-10 01:11:40,108 - pipeline - INFO - Processing sinr timeline...
2026-03-10 01:11:40,108 - pipeline - INFO - Processing sinr timeline...
2026-03-10 01:11:40,614 - pipeline - INFO - Processing txpower timeline...
2026-03-10 01:11:40,614 - pipeline - INFO - Processing txpower timeline...
2026-03-10 01:11:41,121 - pipeline - INFO - Analyzing Coverage directory: D:/ReportGenerator/Raw Data\#Huaqin\Seattle\Coverage Performance/LTE Coverage Test (Type: vonr_coverage_performance)
2026-03-10 01:11:41,121 - pipeline - INFO - Analyzing Coverage directory: D:/ReportGenerator/Raw Data\#Huaqin\Seattle\Coverage Performance/LTE Coverage Test (Type: vonr_coverage_performance)
2026-03-10 01:11:41,121 - pipeline - INFO - Using Seattle_LTE coordinates for LTE Coverage Test
2026-03-10 01:11:41,121 - pipeline - INFO - Using Seattle_LTE coordinates for LTE Coverage Test
2026-03-10 01:11:41,808 - pipeline - INFO - Running timeline analysis for: Coverage Performance/LTE Coverage Test
2026-03-10 01:11:41,808 - pipeline - INFO - Running timeline analysis for: Coverage Performance/LTE Coverage Test
2026-03-10 01:11:41,809 - pipeline - INFO - Analyzing Coverage directory: D:/ReportGenerator/Raw Data\#Huaqin\Seattle\Coverage Performance/LTE Coverage Test (Type: coverage_timeline)
2026-03-10 01:11:41,809 - pipeline - INFO - Analyzing Coverage directory: D:/ReportGenerator/Raw Data\#Huaqin\Seattle\Coverage Performance/LTE Coverage Test (Type: coverage_timeline)
2026-03-10 01:11:41,810 - pipeline - INFO - Using Seattle_LTE coordinates for LTE Coverage Test
2026-03-10 01:11:41,810 - pipeline - INFO - Using Seattle_LTE coordinates for LTE Coverage Test
2026-03-10 01:11:41,810 - pipeline - INFO - Analyzing Coverage Timeline for: D:/ReportGenerator/Raw Data\#Huaqin\Seattle\Coverage Performance/LTE Coverage Test
2026-03-10 01:11:41,810 - pipeline - INFO - Analyzing Coverage Timeline for: D:/ReportGenerator/Raw Data\#Huaqin\Seattle\Coverage Performance/LTE Coverage Test
2026-03-10 01:11:41,810 - pipeline - INFO - Processing rsrp timeline...
2026-03-10 01:11:41,810 - pipeline - INFO - Processing rsrp timeline...
2026-03-10 01:11:41,988 - pipeline - INFO - Processing sinr timeline...
2026-03-10 01:11:41,988 - pipeline - INFO - Processing sinr timeline...
2026-03-10 01:11:42,183 - pipeline - INFO - Processing txpower timeline...
2026-03-10 01:11:42,183 - pipeline - INFO - Processing txpower timeline...
2026-03-10 01:11:42,385 - pipeline - INFO - Analyzing Google Throughput directory: D:/ReportGenerator/Raw Data\#Huaqin\Seattle\Data Performance/5G AUTO DP/5G Auto Data Play-store app Download
2026-03-10 01:11:42,385 - pipeline - INFO - Analyzing Google Throughput directory: D:/ReportGenerator/Raw Data\#Huaqin\Seattle\Data Performance/5G AUTO DP/5G Auto Data Play-store app Download
2026-03-10 01:11:42,385 - pipeline - INFO - Processing Play Store file: _20260309_211736_CH01_TMO_5G DP_Play Store 30MB_SEA L1 DUT_.csv (Size: 30M, Device: DUT, Location: Good)
2026-03-10 01:11:42,385 - pipeline - INFO - Processing Play Store file: _20260309_211736_CH01_TMO_5G DP_Play Store 30MB_SEA L1 DUT_.csv (Size: 30M, Device: DUT, Location: Good)
2026-03-10 01:11:42,392 - pipeline - INFO - Successfully analyzed _20260309_211736_CH01_TMO_5G DP_Play Store 30MB_SEA L1 DUT_.csv: 101.52649122807017
2026-03-10 01:11:42,392 - pipeline - INFO - Successfully analyzed _20260309_211736_CH01_TMO_5G DP_Play Store 30MB_SEA L1 DUT_.csv: 101.52649122807017
2026-03-10 01:11:42,393 - pipeline - INFO - Processing Play Store file: _20260309_211736_CH02_TMO_5G DP_Play Store 30MB_SEA L1 REF_.csv (Size: 30M, Device: REF, Location: Good)
2026-03-10 01:11:42,393 - pipeline - INFO - Processing Play Store file: _20260309_211736_CH02_TMO_5G DP_Play Store 30MB_SEA L1 REF_.csv (Size: 30M, Device: REF, Location: Good)
2026-03-10 01:11:42,400 - pipeline - INFO - Successfully analyzed _20260309_211736_CH02_TMO_5G DP_Play Store 30MB_SEA L1 REF_.csv: 103.63114035087719
2026-03-10 01:11:42,400 - pipeline - INFO - Successfully analyzed _20260309_211736_CH02_TMO_5G DP_Play Store 30MB_SEA L1 REF_.csv: 103.63114035087719
2026-03-10 01:11:42,400 - pipeline - INFO - Processing Play Store file: _20260309_212413_CH01_TMO_5G DP_Play Store 60MB_SEA L1 DUT_.csv (Size: 60M, Device: DUT, Location: Good)
2026-03-10 01:11:42,400 - pipeline - INFO - Processing Play Store file: _20260309_212413_CH01_TMO_5G DP_Play Store 60MB_SEA L1 DUT_.csv (Size: 60M, Device: DUT, Location: Good)
2026-03-10 01:11:42,407 - pipeline - INFO - Successfully analyzed _20260309_212413_CH01_TMO_5G DP_Play Store 60MB_SEA L1 DUT_.csv: 176.77827731092438
2026-03-10 01:11:42,407 - pipeline - INFO - Successfully analyzed _20260309_212413_CH01_TMO_5G DP_Play Store 60MB_SEA L1 DUT_.csv: 176.77827731092438
2026-03-10 01:11:42,408 - pipeline - INFO - Processing Play Store file: _20260309_212413_CH02_TMO_5G DP_Play Store 60MB_SEA L1 REF_.csv (Size: 60M, Device: REF, Location: Good)
2026-03-10 01:11:42,408 - pipeline - INFO - Processing Play Store file: _20260309_212413_CH02_TMO_5G DP_Play Store 60MB_SEA L1 REF_.csv (Size: 60M, Device: REF, Location: Good)
2026-03-10 01:11:42,414 - pipeline - INFO - Successfully analyzed _20260309_212413_CH02_TMO_5G DP_Play Store 60MB_SEA L1 REF_.csv: 206.94995098039215
2026-03-10 01:11:42,414 - pipeline - INFO - Successfully analyzed _20260309_212413_CH02_TMO_5G DP_Play Store 60MB_SEA L1 REF_.csv: 206.94995098039215
2026-03-10 01:11:42,415 - pipeline - INFO - Processing Play Store file: _20260309_213107_CH01_TMO_5G DP_Play Store 100MB_SEA L1 DUT_.csv (Size: 100M, Device: DUT, Location: Good)
2026-03-10 01:11:42,415 - pipeline - INFO - Processing Play Store file: _20260309_213107_CH01_TMO_5G DP_Play Store 100MB_SEA L1 DUT_.csv (Size: 100M, Device: DUT, Location: Good)
2026-03-10 01:11:42,421 - pipeline - INFO - Successfully analyzed _20260309_213107_CH01_TMO_5G DP_Play Store 100MB_SEA L1 DUT_.csv: 275.9479563492063
2026-03-10 01:11:42,421 - pipeline - INFO - Successfully analyzed _20260309_213107_CH01_TMO_5G DP_Play Store 100MB_SEA L1 DUT_.csv: 275.9479563492063
2026-03-10 01:11:42,422 - pipeline - INFO - Processing Play Store file: _20260309_213107_CH02_TMO_5G DP_Play Store 100MB_SEA L1 REF_.csv (Size: 100M, Device: REF, Location: Good)
2026-03-10 01:11:42,422 - pipeline - INFO - Processing Play Store file: _20260309_213107_CH02_TMO_5G DP_Play Store 100MB_SEA L1 REF_.csv (Size: 100M, Device: REF, Location: Good)
2026-03-10 01:11:42,429 - pipeline - INFO - Successfully analyzed _20260309_213107_CH02_TMO_5G DP_Play Store 100MB_SEA L1 REF_.csv: 250.66366987179487
2026-03-10 01:11:42,429 - pipeline - INFO - Successfully analyzed _20260309_213107_CH02_TMO_5G DP_Play Store 100MB_SEA L1 REF_.csv: 250.66366987179487
2026-03-10 01:11:42,429 - pipeline - INFO - Processing Play Store file: _20260301_170456_CH01_TMO_5G AUTO_Play Store 30MB_SEA L2 DUT_.csv (Size: 30M, Device: DUT, Location: Moderate)
2026-03-10 01:11:42,429 - pipeline - INFO - Processing Play Store file: _20260301_170456_CH01_TMO_5G AUTO_Play Store 30MB_SEA L2 DUT_.csv (Size: 30M, Device: DUT, Location: Moderate)
2026-03-10 01:11:42,442 - pipeline - INFO - Successfully analyzed _20260301_170456_CH01_TMO_5G AUTO_Play Store 30MB_SEA L2 DUT_.csv: 50.36797698135199
2026-03-10 01:11:42,442 - pipeline - INFO - Successfully analyzed _20260301_170456_CH01_TMO_5G AUTO_Play Store 30MB_SEA L2 DUT_.csv: 50.36797698135199
2026-03-10 01:11:42,443 - pipeline - INFO - Processing Play Store file: _20260301_170456_CH02_TMO_5G AUTO_Play Store 30MB_SEA L2 REF_.csv (Size: 30M, Device: REF, Location: Moderate)
2026-03-10 01:11:42,443 - pipeline - INFO - Processing Play Store file: _20260301_170456_CH02_TMO_5G AUTO_Play Store 30MB_SEA L2 REF_.csv (Size: 30M, Device: REF, Location: Moderate)
2026-03-10 01:11:42,455 - pipeline - INFO - Successfully analyzed _20260301_170456_CH02_TMO_5G AUTO_Play Store 30MB_SEA L2 REF_.csv: 21.685335990087253
2026-03-10 01:11:42,455 - pipeline - INFO - Successfully analyzed _20260301_170456_CH02_TMO_5G AUTO_Play Store 30MB_SEA L2 REF_.csv: 21.685335990087253
2026-03-10 01:11:42,456 - pipeline - INFO - Processing Play Store file: _20260301_172130_CH01_TMO_5G AUTO_Play Store 60MB_SEA L2 DUT_.csv (Size: 60M, Device: DUT, Location: Moderate)
2026-03-10 01:11:42,456 - pipeline - INFO - Processing Play Store file: _20260301_172130_CH01_TMO_5G AUTO_Play Store 60MB_SEA L2 DUT_.csv (Size: 60M, Device: DUT, Location: Moderate)
2026-03-10 01:11:42,471 - pipeline - INFO - Successfully analyzed _20260301_172130_CH01_TMO_5G AUTO_Play Store 60MB_SEA L2 DUT_.csv: 68.01557486173957
2026-03-10 01:11:42,471 - pipeline - INFO - Successfully analyzed _20260301_172130_CH01_TMO_5G AUTO_Play Store 60MB_SEA L2 DUT_.csv: 68.01557486173957
2026-03-10 01:11:42,471 - pipeline - INFO - Processing Play Store file: _20260301_172130_CH02_TMO_5G AUTO_Play Store 60MB_SEA L2 REF_.csv (Size: 60M, Device: REF, Location: Moderate)
2026-03-10 01:11:42,471 - pipeline - INFO - Processing Play Store file: _20260301_172130_CH02_TMO_5G AUTO_Play Store 60MB_SEA L2 REF_.csv (Size: 60M, Device: REF, Location: Moderate)
2026-03-10 01:11:42,487 - pipeline - INFO - Successfully analyzed _20260301_172130_CH02_TMO_5G AUTO_Play Store 60MB_SEA L2 REF_.csv: 27.65214870054606
2026-03-10 01:11:42,487 - pipeline - INFO - Successfully analyzed _20260301_172130_CH02_TMO_5G AUTO_Play Store 60MB_SEA L2 REF_.csv: 27.65214870054606
2026-03-10 01:11:42,488 - pipeline - INFO - Processing Play Store file: _20260301_174915_CH01_TMO_5G AUTO_Play Store 100MB_SEA L2 DUT_.csv (Size: 100M, Device: DUT, Location: Moderate)
2026-03-10 01:11:42,488 - pipeline - INFO - Processing Play Store file: _20260301_174915_CH01_TMO_5G AUTO_Play Store 100MB_SEA L2 DUT_.csv (Size: 100M, Device: DUT, Location: Moderate)
2026-03-10 01:11:42,505 - pipeline - INFO - Successfully analyzed _20260301_174915_CH01_TMO_5G AUTO_Play Store 100MB_SEA L2 DUT_.csv: 79.26933897391983
2026-03-10 01:11:42,505 - pipeline - INFO - Successfully analyzed _20260301_174915_CH01_TMO_5G AUTO_Play Store 100MB_SEA L2 DUT_.csv: 79.26933897391983
2026-03-10 01:11:42,505 - pipeline - INFO - Processing Play Store file: _20260301_174915_CH02_TMO_5G AUTO_Play Store 100MB_SEA L2 REF_.csv (Size: 100M, Device: REF, Location: Moderate)
2026-03-10 01:11:42,505 - pipeline - INFO - Processing Play Store file: _20260301_174915_CH02_TMO_5G AUTO_Play Store 100MB_SEA L2 REF_.csv (Size: 100M, Device: REF, Location: Moderate)
2026-03-10 01:11:42,521 - pipeline - INFO - Successfully analyzed _20260301_174915_CH02_TMO_5G AUTO_Play Store 100MB_SEA L2 REF_.csv: 34.360031172181216
2026-03-10 01:11:42,521 - pipeline - INFO - Successfully analyzed _20260301_174915_CH02_TMO_5G AUTO_Play Store 100MB_SEA L2 REF_.csv: 34.360031172181216
2026-03-10 01:11:42,522 - pipeline - INFO - Processing Play Store file: _20260305_133728_CH01_TMO_5G AUTO_Play Store 30 MB_SEA L3 DUT_.csv (Size: 30M, Device: DUT, Location: Poor)
2026-03-10 01:11:42,522 - pipeline - INFO - Processing Play Store file: _20260305_133728_CH01_TMO_5G AUTO_Play Store 30 MB_SEA L3 DUT_.csv (Size: 30M, Device: DUT, Location: Poor)
2026-03-10 01:11:42,533 - pipeline - INFO - Successfully analyzed _20260305_133728_CH01_TMO_5G AUTO_Play Store 30 MB_SEA L3 DUT_.csv: 5.628453927791787
2026-03-10 01:11:42,533 - pipeline - INFO - Successfully analyzed _20260305_133728_CH01_TMO_5G AUTO_Play Store 30 MB_SEA L3 DUT_.csv: 5.628453927791787
2026-03-10 01:11:42,533 - pipeline - INFO - Processing Play Store file: _20260305_133728_CH02_TMO_5G AUTO_Play Store 30 MB_SEA L3 REF_.csv (Size: 30M, Device: REF, Location: Poor)
2026-03-10 01:11:42,533 - pipeline - INFO - Processing Play Store file: _20260305_133728_CH02_TMO_5G AUTO_Play Store 30 MB_SEA L3 REF_.csv (Size: 30M, Device: REF, Location: Poor)
2026-03-10 01:11:42,545 - pipeline - INFO - Successfully analyzed _20260305_133728_CH02_TMO_5G AUTO_Play Store 30 MB_SEA L3 REF_.csv: 10.442949336003807
2026-03-10 01:11:42,545 - pipeline - INFO - Successfully analyzed _20260305_133728_CH02_TMO_5G AUTO_Play Store 30 MB_SEA L3 REF_.csv: 10.442949336003807
2026-03-10 01:11:42,545 - pipeline - INFO - Processing Play Store file: _20260305_135026_CH01_TMO_5G AUTO_Play Store 60 MB_SEA L3 DUT_.csv (Size: 60M, Device: DUT, Location: Poor)
2026-03-10 01:11:42,545 - pipeline - INFO - Processing Play Store file: _20260305_135026_CH01_TMO_5G AUTO_Play Store 60 MB_SEA L3 DUT_.csv (Size: 60M, Device: DUT, Location: Poor)
2026-03-10 01:11:42,558 - pipeline - INFO - Successfully analyzed _20260305_135026_CH01_TMO_5G AUTO_Play Store 60 MB_SEA L3 DUT_.csv: 4.197943396036771
2026-03-10 01:11:42,558 - pipeline - INFO - Successfully analyzed _20260305_135026_CH01_TMO_5G AUTO_Play Store 60 MB_SEA L3 DUT_.csv: 4.197943396036771
2026-03-10 01:11:42,558 - pipeline - INFO - Processing Play Store file: _20260305_135026_CH02_TMO_5G AUTO_Play Store 60 MB_SEA L3 REF_.csv (Size: 60M, Device: REF, Location: Poor)
2026-03-10 01:11:42,558 - pipeline - INFO - Processing Play Store file: _20260305_135026_CH02_TMO_5G AUTO_Play Store 60 MB_SEA L3 REF_.csv (Size: 60M, Device: REF, Location: Poor)
2026-03-10 01:11:42,570 - pipeline - INFO - Successfully analyzed _20260305_135026_CH02_TMO_5G AUTO_Play Store 60 MB_SEA L3 REF_.csv: 4.366513168700669
2026-03-10 01:11:42,570 - pipeline - INFO - Successfully analyzed _20260305_135026_CH02_TMO_5G AUTO_Play Store 60 MB_SEA L3 REF_.csv: 4.366513168700669
2026-03-10 01:11:42,571 - pipeline - INFO - Processing Play Store file: _20260305_140649_CH01_TMO_5G AUTO_Play Store 100 MB_SEA L3 DUT_.csv (Size: 100M, Device: DUT, Location: Poor)
2026-03-10 01:11:42,571 - pipeline - INFO - Processing Play Store file: _20260305_140649_CH01_TMO_5G AUTO_Play Store 100 MB_SEA L3 DUT_.csv (Size: 100M, Device: DUT, Location: Poor)
2026-03-10 01:11:42,585 - pipeline - INFO - Successfully analyzed _20260305_140649_CH01_TMO_5G AUTO_Play Store 100 MB_SEA L3 DUT_.csv: 2.900268355969123
2026-03-10 01:11:42,585 - pipeline - INFO - Successfully analyzed _20260305_140649_CH01_TMO_5G AUTO_Play Store 100 MB_SEA L3 DUT_.csv: 2.900268355969123
2026-03-10 01:11:42,586 - pipeline - INFO - Processing Play Store file: _20260305_140649_CH02_TMO_5G AUTO_Play Store 100 MB_SEA L3 REF_.csv (Size: 100M, Device: REF, Location: Poor)
2026-03-10 01:11:42,586 - pipeline - INFO - Processing Play Store file: _20260305_140649_CH02_TMO_5G AUTO_Play Store 100 MB_SEA L3 REF_.csv (Size: 100M, Device: REF, Location: Poor)
2026-03-10 01:11:42,600 - pipeline - INFO - Successfully analyzed _20260305_140649_CH02_TMO_5G AUTO_Play Store 100 MB_SEA L3 REF_.csv: 4.377377698089845
2026-03-10 01:11:42,600 - pipeline - INFO - Successfully analyzed _20260305_140649_CH02_TMO_5G AUTO_Play Store 100 MB_SEA L3 REF_.csv: 4.377377698089845
2026-03-10 01:11:42,600 - pipeline - INFO - Google Throughput analysis directory processing complete. Results found: True
2026-03-10 01:11:42,600 - pipeline - INFO - Google Throughput analysis directory processing complete. Results found: True
2026-03-10 01:11:42,601 - pipeline - INFO - Analyzing MHS Drive directory: D:/ReportGenerator/Raw Data\#Huaqin\Seattle\Data Performance/5G AUTO DP/Mobility Test/5G Auto Data Test MHS Drive
2026-03-10 01:11:42,601 - pipeline - INFO - Analyzing MHS Drive directory: D:/ReportGenerator/Raw Data\#Huaqin\Seattle\Data Performance/5G AUTO DP/Mobility Test/5G Auto Data Test MHS Drive
2026-03-10 01:11:43,624 - pipeline - INFO - Analyzing MHS Drive directory: D:/ReportGenerator/Raw Data\#Huaqin\Seattle\Data Performance/5G AUTO DP/Mobility Test/5G Auto Data Test Drive
2026-03-10 01:11:43,624 - pipeline - INFO - Analyzing MHS Drive directory: D:/ReportGenerator/Raw Data\#Huaqin\Seattle\Data Performance/5G AUTO DP/Mobility Test/5G Auto Data Test Drive
2026-03-10 01:11:44,633 - pipeline - INFO - Analyzing MHS Drive directory: D:/ReportGenerator/Raw Data\#Huaqin\Seattle\Data Performance/5G NSA DP/Mobility Test
2026-03-10 01:11:44,633 - pipeline - INFO - Analyzing MHS Drive directory: D:/ReportGenerator/Raw Data\#Huaqin\Seattle\Data Performance/5G NSA DP/Mobility Test
2026-03-10 01:11:45,803 - pipeline - INFO - Running post-processing (VqLineChart, Coverage extraction)...
2026-03-10 01:11:45,803 - pipeline - INFO - Running post-processing (VqLineChart, Coverage extraction)...
2026-03-10 01:11:45,931 - pipeline - INFO - Checking for CDF Throughput data to export...
2026-03-10 01:11:45,931 - pipeline - INFO - Checking for CDF Throughput data to export...
2026-03-10 01:11:45,992 - pipeline - INFO - Exported 112 CDF throughput JSON files to D:/ReportGenerator/report-generator-app/public/AnalyzeResults\#Huaqin\Seattle\cdf_throughput_data
2026-03-10 01:11:45,992 - pipeline - INFO - Exported 112 CDF throughput JSON files to D:/ReportGenerator/report-generator-app/public/AnalyzeResults\#Huaqin\Seattle\cdf_throughput_data
2026-03-10 01:11:46,006 - pipeline - INFO - Data Performance results exported to D:/ReportGenerator/report-generator-app/public/AnalyzeResults\#Huaqin\Seattle\data_performance_results.json
2026-03-10 01:11:46,006 - pipeline - INFO - Data Performance results exported to D:/ReportGenerator/report-generator-app/public/AnalyzeResults\#Huaqin\Seattle\data_performance_results.json
2026-03-10 01:11:46,013 - pipeline - INFO - Coverage Performance results exported to D:/ReportGenerator/report-generator-app/public/AnalyzeResults\#Huaqin\Seattle\coverage_performance_results.json
2026-03-10 01:11:46,013 - pipeline - INFO - Coverage Performance results exported to D:/ReportGenerator/report-generator-app/public/AnalyzeResults\#Huaqin\Seattle\coverage_performance_results.json
2026-03-10 01:11:46,014 - pipeline - INFO - Processing summary exported to D:/ReportGenerator/report-generator-app/public/AnalyzeResults\#Huaqin\Seattle\processing_summary.json
2026-03-10 01:11:46,014 - pipeline - INFO - Processing summary exported to D:/ReportGenerator/report-generator-app/public/AnalyzeResults\#Huaqin\Seattle\processing_summary.json
2026-03-10 01:11:46,015 - pipeline - INFO - Running final data validation...
2026-03-10 01:11:46,015 - pipeline - INFO - Running final data validation...
2026-03-10 01:11:46,036 - pipeline - WARNING - Summary of Empty collections found in JSON files:
2026-03-10 01:11:46,036 - pipeline - WARNING - Summary of Empty collections found in JSON files:
2026-03-10 01:11:46,036 - pipeline - WARNING -   - data_performance_results.json -> Data Performance -> 5G AUTO DP -> HTTP Multi Stream -> DL -> Good -> DUT -> Throughput -> Outliers -> Empty List
2026-03-10 01:11:46,036 - pipeline - WARNING -   - data_performance_results.json -> Data Performance -> 5G AUTO DP -> HTTP Multi Stream -> DL -> Good -> DUT -> Throughput -> Outliers -> Empty List
2026-03-10 01:11:46,037 - pipeline - WARNING -   - data_performance_results.json -> Data Performance -> 5G AUTO DP -> HTTP Multi Stream -> DL -> Good -> REF -> Throughput -> Outliers -> Empty List
2026-03-10 01:11:46,037 - pipeline - WARNING -   - data_performance_results.json -> Data Performance -> 5G AUTO DP -> HTTP Multi Stream -> DL -> Good -> REF -> Throughput -> Outliers -> Empty List
2026-03-10 01:11:46,037 - pipeline - WARNING -   - data_performance_results.json -> Data Performance -> 5G AUTO DP -> HTTP Multi Stream -> DL -> Moderate -> DUT -> Throughput -> Outliers -> Empty List
2026-03-10 01:11:46,037 - pipeline - WARNING -   - data_performance_results.json -> Data Performance -> 5G AUTO DP -> HTTP Multi Stream -> DL -> Moderate -> DUT -> Throughput -> Outliers -> Empty List
2026-03-10 01:11:46,037 - pipeline - WARNING -   - data_performance_results.json -> Data Performance -> 5G AUTO DP -> HTTP Multi Stream -> DL -> Moderate -> REF -> Throughput -> Outliers -> Empty List
2026-03-10 01:11:46,037 - pipeline - WARNING -   - data_performance_results.json -> Data Performance -> 5G AUTO DP -> HTTP Multi Stream -> DL -> Moderate -> REF -> Throughput -> Outliers -> Empty List
2026-03-10 01:11:46,037 - pipeline - WARNING -   - data_performance_results.json -> Data Performance -> 5G AUTO DP -> HTTP Multi Stream -> DL -> Poor -> DUT -> Throughput -> Outliers -> Empty List
2026-03-10 01:11:46,037 - pipeline - WARNING -   - data_performance_results.json -> Data Performance -> 5G AUTO DP -> HTTP Multi Stream -> DL -> Poor -> DUT -> Throughput -> Outliers -> Empty List
2026-03-10 01:11:46,038 - pipeline - WARNING -   - data_performance_results.json -> Data Performance -> 5G AUTO DP -> HTTP Multi Stream -> DL -> Poor -> REF -> Throughput -> Outliers -> Empty List
2026-03-10 01:11:46,038 - pipeline - WARNING -   - data_performance_results.json -> Data Performance -> 5G AUTO DP -> HTTP Multi Stream -> DL -> Poor -> REF -> Throughput -> Outliers -> Empty List
2026-03-10 01:11:46,038 - pipeline - WARNING -   - data_performance_results.json -> Data Performance -> 5G AUTO DP -> HTTP Multi Stream -> UL -> Good -> REF -> Throughput -> Outliers -> Empty List
2026-03-10 01:11:46,038 - pipeline - WARNING -   - data_performance_results.json -> Data Performance -> 5G AUTO DP -> HTTP Multi Stream -> UL -> Good -> REF -> Throughput -> Outliers -> Empty List
2026-03-10 01:11:46,038 - pipeline - WARNING -   - data_performance_results.json -> Data Performance -> 5G AUTO DP -> HTTP Multi Stream -> UL -> Moderate -> DUT -> Throughput -> Outliers -> Empty List
2026-03-10 01:11:46,038 - pipeline - WARNING -   - data_performance_results.json -> Data Performance -> 5G AUTO DP -> HTTP Multi Stream -> UL -> Moderate -> DUT -> Throughput -> Outliers -> Empty List
2026-03-10 01:11:46,038 - pipeline - WARNING -   - data_performance_results.json -> Data Performance -> 5G AUTO DP -> HTTP Single Stream -> DL -> Good -> DUT -> Throughput -> Outliers -> Empty List
2026-03-10 01:11:46,038 - pipeline - WARNING -   - data_performance_results.json -> Data Performance -> 5G AUTO DP -> HTTP Single Stream -> DL -> Good -> DUT -> Throughput -> Outliers -> Empty List
2026-03-10 01:11:46,039 - pipeline - WARNING -   - data_performance_results.json -> Data Performance -> 5G AUTO DP -> HTTP Single Stream -> DL -> Moderate -> DUT -> Throughput -> Outliers -> Empty List
2026-03-10 01:11:46,039 - pipeline - WARNING -   - data_performance_results.json -> Data Performance -> 5G AUTO DP -> HTTP Single Stream -> DL -> Moderate -> DUT -> Throughput -> Outliers -> Empty List
2026-03-10 01:11:46,039 - pipeline - WARNING -   - data_performance_results.json -> Data Performance -> 5G AUTO DP -> HTTP Single Stream -> DL -> Poor -> REF -> Throughput -> Outliers -> Empty List
2026-03-10 01:11:46,039 - pipeline - WARNING -   - data_performance_results.json -> Data Performance -> 5G AUTO DP -> HTTP Single Stream -> DL -> Poor -> REF -> Throughput -> Outliers -> Empty List
2026-03-10 01:11:46,039 - pipeline - WARNING -   - data_performance_results.json -> Data Performance -> 5G AUTO DP -> Mobile Hotspot Test -> HTTP Multi Stream -> DL -> Poor -> DUT -> Throughput -> Outliers -> Empty List
2026-03-10 01:11:46,039 - pipeline - WARNING -   - data_performance_results.json -> Data Performance -> 5G AUTO DP -> Mobile Hotspot Test -> HTTP Multi Stream -> DL -> Poor -> DUT -> Throughput -> Outliers -> Empty List
2026-03-10 01:11:46,039 - pipeline - WARNING -   - data_performance_results.json -> Data Performance -> 5G AUTO DP -> Mobile Hotspot Test -> HTTP Multi Stream -> DL -> Poor -> REF -> Throughput -> Outliers -> Empty List
2026-03-10 01:11:46,039 - pipeline - WARNING -   - data_performance_results.json -> Data Performance -> 5G AUTO DP -> Mobile Hotspot Test -> HTTP Multi Stream -> DL -> Poor -> REF -> Throughput -> Outliers -> Empty List
2026-03-10 01:11:46,040 - pipeline - WARNING -   - data_performance_results.json -> Data Performance -> 5G AUTO DP -> Mobile Hotspot Test -> HTTP Multi Stream -> UL -> Moderate -> REF -> Throughput -> Outliers -> Empty List
2026-03-10 01:11:46,040 - pipeline - WARNING -   - data_performance_results.json -> Data Performance -> 5G AUTO DP -> Mobile Hotspot Test -> HTTP Multi Stream -> UL -> Moderate -> REF -> Throughput -> Outliers -> Empty List
2026-03-10 01:11:46,040 - pipeline - WARNING -   - data_performance_results.json -> Data Performance -> 5G AUTO DP -> Mobile Hotspot Test -> HTTP Single Stream -> DL -> Moderate -> DUT -> Throughput -> Outliers -> Empty List
2026-03-10 01:11:46,040 - pipeline - WARNING -   - data_performance_results.json -> Data Performance -> 5G AUTO DP -> Mobile Hotspot Test -> HTTP Single Stream -> DL -> Moderate -> DUT -> Throughput -> Outliers -> Empty List
2026-03-10 01:11:46,040 - pipeline - WARNING -   - data_performance_results.json -> Data Performance -> 5G AUTO DP -> Mobile Hotspot Test -> HTTP Single Stream -> DL -> Poor -> REF -> Throughput -> Outliers -> Empty List
2026-03-10 01:11:46,040 - pipeline - WARNING -   - data_performance_results.json -> Data Performance -> 5G AUTO DP -> Mobile Hotspot Test -> HTTP Single Stream -> DL -> Poor -> REF -> Throughput -> Outliers -> Empty List
2026-03-10 01:11:46,041 - pipeline - WARNING -   - data_performance_results.json -> Data Performance -> 5G AUTO DP -> Mobile Hotspot Test -> HTTP Single Stream -> UL -> Moderate -> DUT -> Throughput -> Outliers -> Empty List
2026-03-10 01:11:46,041 - pipeline - WARNING -   - data_performance_results.json -> Data Performance -> 5G AUTO DP -> Mobile Hotspot Test -> HTTP Single Stream -> UL -> Moderate -> DUT -> Throughput -> Outliers -> Empty List
2026-03-10 01:11:46,041 - pipeline - WARNING -   - data_performance_results.json -> Data Performance -> 5G AUTO DP -> Mobile Hotspot Test -> HTTP Single Stream -> UL -> Moderate -> REF -> Throughput -> Outliers -> Empty List
2026-03-10 01:11:46,041 - pipeline - WARNING -   - data_performance_results.json -> Data Performance -> 5G AUTO DP -> Mobile Hotspot Test -> HTTP Single Stream -> UL -> Moderate -> REF -> Throughput -> Outliers -> Empty List
2026-03-10 01:11:46,041 - pipeline - WARNING -   - data_performance_results.json -> Data Performance -> 5G AUTO DP -> Mobile Hotspot Test -> Udp Test -> DL -> UDP Download Task at 200 Mbps for 10 seconds -> Moderate -> DUT -> Throughput -> Outliers -> Empty List
2026-03-10 01:11:46,041 - pipeline - WARNING -   - data_performance_results.json -> Data Performance -> 5G AUTO DP -> Mobile Hotspot Test -> Udp Test -> DL -> UDP Download Task at 200 Mbps for 10 seconds -> Moderate -> DUT -> Throughput -> Outliers -> Empty List
2026-03-10 01:11:46,042 - pipeline - WARNING -   - data_performance_results.json -> Data Performance -> 5G AUTO DP -> Mobile Hotspot Test -> Udp Test -> DL -> UDP Download Task at 200 Mbps for 10 seconds -> Moderate -> REF -> Throughput -> Outliers -> Empty List
2026-03-10 01:11:46,042 - pipeline - WARNING -   - data_performance_results.json -> Data Performance -> 5G AUTO DP -> Mobile Hotspot Test -> Udp Test -> DL -> UDP Download Task at 200 Mbps for 10 seconds -> Moderate -> REF -> Throughput -> Outliers -> Empty List
2026-03-10 01:11:46,042 - pipeline - WARNING -   - data_performance_results.json -> Data Performance -> 5G AUTO DP -> Mobile Hotspot Test -> Udp Test -> DL -> UDP Download Task at 200 Mbps for 10 seconds -> Poor -> DUT -> Throughput -> Outliers -> Empty List
2026-03-10 01:11:46,042 - pipeline - WARNING -   - data_performance_results.json -> Data Performance -> 5G AUTO DP -> Mobile Hotspot Test -> Udp Test -> DL -> UDP Download Task at 200 Mbps for 10 seconds -> Poor -> DUT -> Throughput -> Outliers -> Empty List
2026-03-10 01:11:46,042 - pipeline - WARNING -   - data_performance_results.json -> Data Performance -> 5G AUTO DP -> Mobile Hotspot Test -> Udp Test -> DL -> UDP Download Task at 200 Mbps for 10 seconds -> Poor -> REF -> Throughput -> Outliers -> Empty List
2026-03-10 01:11:46,042 - pipeline - WARNING -   - data_performance_results.json -> Data Performance -> 5G AUTO DP -> Mobile Hotspot Test -> Udp Test -> DL -> UDP Download Task at 200 Mbps for 10 seconds -> Poor -> REF -> Throughput -> Outliers -> Empty List
2026-03-10 01:11:46,042 - pipeline - WARNING -   - data_performance_results.json -> Data Performance -> 5G AUTO DP -> Mobile Hotspot Test -> Udp Test -> DL -> UDP Download Task at 400 Mbps for 10 seconds -> Moderate -> DUT -> Throughput -> Outliers -> Empty List
2026-03-10 01:11:46,042 - pipeline - WARNING -   - data_performance_results.json -> Data Performance -> 5G AUTO DP -> Mobile Hotspot Test -> Udp Test -> DL -> UDP Download Task at 400 Mbps for 10 seconds -> Moderate -> DUT -> Throughput -> Outliers -> Empty List
2026-03-10 01:11:46,043 - pipeline - WARNING -   - data_performance_results.json -> Data Performance -> 5G AUTO DP -> Mobile Hotspot Test -> Udp Test -> DL -> UDP Download Task at 400 Mbps for 10 seconds -> Poor -> REF -> Throughput -> Outliers -> Empty List
2026-03-10 01:11:46,043 - pipeline - WARNING -   - data_performance_results.json -> Data Performance -> 5G AUTO DP -> Mobile Hotspot Test -> Udp Test -> DL -> UDP Download Task at 400 Mbps for 10 seconds -> Poor -> REF -> Throughput -> Outliers -> Empty List
2026-03-10 01:11:46,043 - pipeline - WARNING -   - data_performance_results.json -> Data Performance -> 5G AUTO DP -> Mobile Hotspot Test -> Udp Test -> UL -> UDP Upload Task at 10 Mbps for 10 seconds -> Poor -> REF -> Throughput -> Outliers -> Empty List
2026-03-10 01:11:46,043 - pipeline - WARNING -   - data_performance_results.json -> Data Performance -> 5G AUTO DP -> Mobile Hotspot Test -> Udp Test -> UL -> UDP Upload Task at 10 Mbps for 10 seconds -> Poor -> REF -> Throughput -> Outliers -> Empty List
2026-03-10 01:11:46,043 - pipeline - WARNING -   - data_performance_results.json -> Data Performance -> 5G AUTO DP -> Mobile Hotspot Test -> Udp Test -> UL -> UDP Upload Task at 20 Mbps for 10 seconds -> Poor -> DUT -> Throughput -> Outliers -> Empty List
2026-03-10 01:11:46,043 - pipeline - WARNING -   - data_performance_results.json -> Data Performance -> 5G AUTO DP -> Mobile Hotspot Test -> Udp Test -> UL -> UDP Upload Task at 20 Mbps for 10 seconds -> Poor -> DUT -> Throughput -> Outliers -> Empty List
2026-03-10 01:11:46,043 - pipeline - WARNING -   - data_performance_results.json -> Data Performance -> 5G AUTO DP -> Ping -> Good -> REF -> Ping RTT -> Outliers -> Empty List
2026-03-10 01:11:46,043 - pipeline - WARNING -   - data_performance_results.json -> Data Performance -> 5G AUTO DP -> Ping -> Good -> REF -> Ping RTT -> Outliers -> Empty List
2026-03-10 01:11:46,044 - pipeline - WARNING -   - data_performance_results.json -> Data Performance -> 5G AUTO DP -> Udp Test -> DL -> UDP Download Task at 200 Mbps for 10 seconds -> Good -> DUT -> Throughput -> Outliers -> Empty List
2026-03-10 01:11:46,044 - pipeline - WARNING -   - data_performance_results.json -> Data Performance -> 5G AUTO DP -> Udp Test -> DL -> UDP Download Task at 200 Mbps for 10 seconds -> Good -> DUT -> Throughput -> Outliers -> Empty List
2026-03-10 01:11:46,044 - pipeline - WARNING -   - data_performance_results.json -> Data Performance -> 5G AUTO DP -> Udp Test -> DL -> UDP Download Task at 200 Mbps for 10 seconds -> Good -> REF -> Throughput -> Outliers -> Empty List
2026-03-10 01:11:46,044 - pipeline - WARNING -   - data_performance_results.json -> Data Performance -> 5G AUTO DP -> Udp Test -> DL -> UDP Download Task at 200 Mbps for 10 seconds -> Good -> REF -> Throughput -> Outliers -> Empty List
2026-03-10 01:11:46,044 - pipeline - WARNING -   - data_performance_results.json -> Data Performance -> 5G AUTO DP -> Udp Test -> DL -> UDP Download Task at 200 Mbps for 10 seconds -> Poor -> DUT -> Throughput -> Outliers -> Empty List
2026-03-10 01:11:46,044 - pipeline - WARNING -   - data_performance_results.json -> Data Performance -> 5G AUTO DP -> Udp Test -> DL -> UDP Download Task at 200 Mbps for 10 seconds -> Poor -> DUT -> Throughput -> Outliers -> Empty List
2026-03-10 01:11:46,044 - pipeline - WARNING -   - data_performance_results.json -> Data Performance -> 5G AUTO DP -> Udp Test -> DL -> UDP Download Task at 200 Mbps for 10 seconds -> Poor -> REF -> Throughput -> Outliers -> Empty List
2026-03-10 01:11:46,044 - pipeline - WARNING -   - data_performance_results.json -> Data Performance -> 5G AUTO DP -> Udp Test -> DL -> UDP Download Task at 200 Mbps for 10 seconds -> Poor -> REF -> Throughput -> Outliers -> Empty List
2026-03-10 01:11:46,045 - pipeline - WARNING -   - data_performance_results.json -> Data Performance -> 5G AUTO DP -> Udp Test -> DL -> UDP Download Task at 400 Mbps for 10 seconds -> Good -> DUT -> Throughput -> Outliers -> Empty List
2026-03-10 01:11:46,045 - pipeline - WARNING -   - data_performance_results.json -> Data Performance -> 5G AUTO DP -> Udp Test -> DL -> UDP Download Task at 400 Mbps for 10 seconds -> Good -> DUT -> Throughput -> Outliers -> Empty List
2026-03-10 01:11:46,045 - pipeline - WARNING -   - data_performance_results.json -> Data Performance -> 5G AUTO DP -> Udp Test -> DL -> UDP Download Task at 400 Mbps for 10 seconds -> Good -> REF -> Throughput -> Outliers -> Empty List
2026-03-10 01:11:46,045 - pipeline - WARNING -   - data_performance_results.json -> Data Performance -> 5G AUTO DP -> Udp Test -> DL -> UDP Download Task at 400 Mbps for 10 seconds -> Good -> REF -> Throughput -> Outliers -> Empty List
2026-03-10 01:11:46,045 - pipeline - WARNING -   - data_performance_results.json -> Data Performance -> 5G AUTO DP -> Udp Test -> DL -> UDP Download Task at 400 Mbps for 10 seconds -> Moderate -> REF -> Throughput -> Outliers -> Empty List
2026-03-10 01:11:46,045 - pipeline - WARNING -   - data_performance_results.json -> Data Performance -> 5G AUTO DP -> Udp Test -> DL -> UDP Download Task at 400 Mbps for 10 seconds -> Moderate -> REF -> Throughput -> Outliers -> Empty List
2026-03-10 01:11:46,046 - pipeline - WARNING -   - data_performance_results.json -> Data Performance -> 5G AUTO DP -> Udp Test -> DL -> UDP Download Task at 400 Mbps for 10 seconds -> Poor -> DUT -> Throughput -> Outliers -> Empty List
2026-03-10 01:11:46,046 - pipeline - WARNING -   - data_performance_results.json -> Data Performance -> 5G AUTO DP -> Udp Test -> DL -> UDP Download Task at 400 Mbps for 10 seconds -> Poor -> DUT -> Throughput -> Outliers -> Empty List
2026-03-10 01:11:46,046 - pipeline - WARNING -   - data_performance_results.json -> Data Performance -> 5G AUTO DP -> Udp Test -> DL -> UDP Download Task at 400 Mbps for 10 seconds -> Poor -> REF -> Throughput -> Outliers -> Empty List
2026-03-10 01:11:46,046 - pipeline - WARNING -   - data_performance_results.json -> Data Performance -> 5G AUTO DP -> Udp Test -> DL -> UDP Download Task at 400 Mbps for 10 seconds -> Poor -> REF -> Throughput -> Outliers -> Empty List
2026-03-10 01:11:46,046 - pipeline - WARNING -   - data_performance_results.json -> Data Performance -> 5G NSA DP -> HTTP Multi Stream -> DL -> Moderate -> DUT -> Throughput -> Outliers -> Empty List
2026-03-10 01:11:46,046 - pipeline - WARNING -   - data_performance_results.json -> Data Performance -> 5G NSA DP -> HTTP Multi Stream -> DL -> Moderate -> DUT -> Throughput -> Outliers -> Empty List
2026-03-10 01:11:46,047 - pipeline - WARNING -   - data_performance_results.json -> Data Performance -> 5G NSA DP -> HTTP Multi Stream -> DL -> Moderate -> REF -> Throughput -> Outliers -> Empty List
2026-03-10 01:11:46,047 - pipeline - WARNING -   - data_performance_results.json -> Data Performance -> 5G NSA DP -> HTTP Multi Stream -> DL -> Moderate -> REF -> Throughput -> Outliers -> Empty List
2026-03-10 01:11:46,047 - pipeline - WARNING -   - data_performance_results.json -> Data Performance -> 5G NSA DP -> HTTP Multi Stream -> DL -> Poor -> DUT -> Throughput -> Outliers -> Empty List
2026-03-10 01:11:46,047 - pipeline - WARNING -   - data_performance_results.json -> Data Performance -> 5G NSA DP -> HTTP Multi Stream -> DL -> Poor -> DUT -> Throughput -> Outliers -> Empty List
2026-03-10 01:11:46,048 - pipeline - WARNING -   - data_performance_results.json -> Data Performance -> 5G NSA DP -> HTTP Multi Stream -> DL -> Poor -> REF -> Throughput -> Outliers -> Empty List
2026-03-10 01:11:46,048 - pipeline - WARNING -   - data_performance_results.json -> Data Performance -> 5G NSA DP -> HTTP Multi Stream -> DL -> Poor -> REF -> Throughput -> Outliers -> Empty List
2026-03-10 01:11:46,048 - pipeline - WARNING -   - data_performance_results.json -> Data Performance -> 5G NSA DP -> HTTP Multi Stream -> UL -> Moderate -> DUT -> Throughput -> Outliers -> Empty List
2026-03-10 01:11:46,048 - pipeline - WARNING -   - data_performance_results.json -> Data Performance -> 5G NSA DP -> HTTP Multi Stream -> UL -> Moderate -> DUT -> Throughput -> Outliers -> Empty List
2026-03-10 01:11:46,048 - pipeline - WARNING -   - data_performance_results.json -> Data Performance -> 5G NSA DP -> HTTP Multi Stream -> UL -> Moderate -> REF -> Throughput -> Outliers -> Empty List
2026-03-10 01:11:46,048 - pipeline - WARNING -   - data_performance_results.json -> Data Performance -> 5G NSA DP -> HTTP Multi Stream -> UL -> Moderate -> REF -> Throughput -> Outliers -> Empty List
2026-03-10 01:11:46,049 - pipeline - WARNING -   - data_performance_results.json -> Data Performance -> 5G NSA DP -> HTTP Multi Stream -> UL -> Poor -> REF -> Throughput -> Outliers -> Empty List
2026-03-10 01:11:46,049 - pipeline - WARNING -   - data_performance_results.json -> Data Performance -> 5G NSA DP -> HTTP Multi Stream -> UL -> Poor -> REF -> Throughput -> Outliers -> Empty List
2026-03-10 01:11:46,049 - pipeline - WARNING -   - data_performance_results.json -> Data Performance -> 5G NSA DP -> HTTP Single Stream -> DL -> Moderate -> DUT -> Throughput -> Outliers -> Empty List
2026-03-10 01:11:46,049 - pipeline - WARNING -   - data_performance_results.json -> Data Performance -> 5G NSA DP -> HTTP Single Stream -> DL -> Moderate -> DUT -> Throughput -> Outliers -> Empty List
2026-03-10 01:11:46,049 - pipeline - WARNING -   - data_performance_results.json -> Data Performance -> 5G NSA DP -> HTTP Single Stream -> DL -> Moderate -> REF -> Throughput -> Outliers -> Empty List
2026-03-10 01:11:46,049 - pipeline - WARNING -   - data_performance_results.json -> Data Performance -> 5G NSA DP -> HTTP Single Stream -> DL -> Moderate -> REF -> Throughput -> Outliers -> Empty List
2026-03-10 01:11:46,050 - pipeline - WARNING -   - data_performance_results.json -> Data Performance -> 5G NSA DP -> HTTP Single Stream -> DL -> Poor -> REF -> Throughput -> Outliers -> Empty List
2026-03-10 01:11:46,050 - pipeline - WARNING -   - data_performance_results.json -> Data Performance -> 5G NSA DP -> HTTP Single Stream -> DL -> Poor -> REF -> Throughput -> Outliers -> Empty List
2026-03-10 01:11:46,050 - pipeline - WARNING -   - data_performance_results.json -> Data Performance -> 5G NSA DP -> Udp Test -> DL -> UDP Download Task at 200 Mbps for 10 seconds -> Moderate -> REF -> Throughput -> Outliers -> Empty List
2026-03-10 01:11:46,050 - pipeline - WARNING -   - data_performance_results.json -> Data Performance -> 5G NSA DP -> Udp Test -> DL -> UDP Download Task at 200 Mbps for 10 seconds -> Moderate -> REF -> Throughput -> Outliers -> Empty List
2026-03-10 01:11:46,050 - pipeline - WARNING -   - data_performance_results.json -> Data Performance -> 5G NSA DP -> Udp Test -> DL -> UDP Download Task at 400 Mbps for 10 seconds -> Moderate -> REF -> Throughput -> Outliers -> Empty List
2026-03-10 01:11:46,050 - pipeline - WARNING -   - data_performance_results.json -> Data Performance -> 5G NSA DP -> Udp Test -> DL -> UDP Download Task at 400 Mbps for 10 seconds -> Moderate -> REF -> Throughput -> Outliers -> Empty List
2026-03-10 01:11:46,051 - pipeline - WARNING -   - data_performance_results.json -> Data Performance -> 5G NSA DP -> Udp Test -> DL -> UDP Download Task at 400 Mbps for 10 seconds -> Poor -> DUT -> Throughput -> Outliers -> Empty List
2026-03-10 01:11:46,051 - pipeline - WARNING -   - data_performance_results.json -> Data Performance -> 5G NSA DP -> Udp Test -> DL -> UDP Download Task at 400 Mbps for 10 seconds -> Poor -> DUT -> Throughput -> Outliers -> Empty List
2026-03-10 01:11:46,051 - pipeline - WARNING -   - data_performance_results.json -> Data Performance -> 5G NSA DP -> Udp Test -> DL -> UDP Download Task at 400 Mbps for 10 seconds -> Poor -> REF -> Throughput -> Outliers -> Empty List
2026-03-10 01:11:46,051 - pipeline - WARNING -   - data_performance_results.json -> Data Performance -> 5G NSA DP -> Udp Test -> DL -> UDP Download Task at 400 Mbps for 10 seconds -> Poor -> REF -> Throughput -> Outliers -> Empty List
2026-03-10 01:11:46,051 - pipeline - WARNING -   - data_performance_results.json -> Data Performance -> 5G NSA DP -> Udp Test -> UL -> 5G NSA_UDP Upload Task at 10 Mbps for 10 seconds -> Poor -> REF -> Throughput -> Outliers -> Empty List
2026-03-10 01:11:46,051 - pipeline - WARNING -   - data_performance_results.json -> Data Performance -> 5G NSA DP -> Udp Test -> UL -> 5G NSA_UDP Upload Task at 10 Mbps for 10 seconds -> Poor -> REF -> Throughput -> Outliers -> Empty List
2026-03-10 01:11:46,052 - pipeline - WARNING -   - data_performance_results.json -> Data Performance -> 5G NSA DP -> Udp Test -> UL -> 5G NSA_UDP Upload Task at 20 Mbps for 10 seconds -> Poor -> REF -> Throughput -> Outliers -> Empty List
2026-03-10 01:11:46,052 - pipeline - WARNING -   - data_performance_results.json -> Data Performance -> 5G NSA DP -> Udp Test -> UL -> 5G NSA_UDP Upload Task at 20 Mbps for 10 seconds -> Poor -> REF -> Throughput -> Outliers -> Empty List
2026-03-10 01:11:46,052 - pipeline - INFO - Pipeline execution completed. Results in: D:/ReportGenerator/report-generator-app/public/AnalyzeResults\#Huaqin\Seattle
2026-03-10 01:11:46,052 - pipeline - INFO - Pipeline execution completed. Results in: D:/ReportGenerator/report-generator-app/public/AnalyzeResults\#Huaqin\Seattle
2026-03-10 10:57:49,670 - pipeline - INFO - Project: #Huaqin
2026-03-10 10:57:49,671 - pipeline - INFO - Market: New York
2026-03-10 10:57:49,671 - pipeline - INFO - Reading from: D:/ReportGenerator/Raw Data\#Huaqin\New York
2026-03-10 10:57:49,671 - pipeline - INFO - Writing to: D:/ReportGenerator/report-generator-app/public/AnalyzeResults\#Huaqin\New York
2026-03-10 10:57:49,671 - pipeline - INFO - Starting analysis pipeline...
2026-03-10 10:57:49,675 - pipeline - INFO - Grouping 124 CSV files by directory and device type...
2026-03-10 10:57:49,677 - pipeline - INFO - Created 102 file groups for analysis
2026-03-10 10:57:49,678 - pipeline - INFO - Analyzing 1 file(s) for DUT in 5G Auto Data Web-Kepler
2026-03-10 10:57:49,714 - pipeline - INFO - Analyzing 1 file(s) for REF in 5G Auto Data Web-Kepler
2026-03-10 10:57:49,748 - pipeline - INFO - Analyzing 1 file(s) for DUT in Good
2026-03-10 10:57:49,796 - pipeline - INFO - Analyzing 1 file(s) for REF in Good
2026-03-10 10:57:49,842 - pipeline - INFO - Analyzing 1 file(s) for DUT in Moderate
2026-03-10 10:57:49,887 - pipeline - INFO - Analyzing 1 file(s) for REF in Moderate
2026-03-10 10:57:49,934 - pipeline - INFO - Analyzing 1 file(s) for DUT in Poor
2026-03-10 10:57:49,979 - pipeline - INFO - Analyzing 1 file(s) for REF in Poor
2026-03-10 10:57:50,025 - pipeline - INFO - Analyzing 1 file(s) for DUT in Good
2026-03-10 10:57:50,066 - pipeline - INFO - Analyzing 1 file(s) for REF in Good
2026-03-10 10:57:50,105 - pipeline - INFO - Analyzing 1 file(s) for DUT in Moderate
2026-03-10 10:57:50,145 - pipeline - INFO - Analyzing 1 file(s) for REF in Moderate
2026-03-10 10:57:50,182 - pipeline - INFO - Analyzing 1 file(s) for DUT in Poor
2026-03-10 10:57:50,221 - pipeline - INFO - Analyzing 1 file(s) for REF in Poor
2026-03-10 10:57:50,263 - pipeline - INFO - Analyzing 2 file(s) for DUT in Good
2026-03-10 10:57:50,341 - pipeline - INFO - Analyzing 2 file(s) for REF in Good
2026-03-10 10:57:50,417 - pipeline - INFO - Analyzing 1 file(s) for DUT in Moderate
2026-03-10 10:57:50,477 - pipeline - INFO - Analyzing 1 file(s) for REF in Moderate
2026-03-10 10:57:50,536 - pipeline - INFO - Analyzing 1 file(s) for DUT in Poor
2026-03-10 10:57:50,593 - pipeline - INFO - Analyzing 1 file(s) for REF in Poor
2026-03-10 10:57:50,653 - pipeline - INFO - Analyzing 1 file(s) for DUT in Good
2026-03-10 10:57:50,681 - pipeline - INFO - Analyzing 1 file(s) for REF in Good
2026-03-10 10:57:50,709 - pipeline - INFO - Analyzing 1 file(s) for DUT in Moderate
2026-03-10 10:57:50,738 - pipeline - INFO - Analyzing 1 file(s) for REF in Moderate
2026-03-10 10:57:50,769 - pipeline - INFO - Analyzing 1 file(s) for DUT in Poor
2026-03-10 10:57:50,798 - pipeline - INFO - Analyzing 1 file(s) for REF in Poor
2026-03-10 10:57:50,830 - pipeline - INFO - Analyzing 3 file(s) for DUT in 5G Auto Data Test Drive
2026-03-10 10:57:51,127 - pipeline - INFO - Analyzing 3 file(s) for REF in 5G Auto Data Test Drive
2026-03-10 10:57:51,413 - pipeline - INFO - Analyzing 1 file(s) for DUT in Good
2026-03-10 10:57:51,464 - pipeline - INFO - Analyzing 1 file(s) for REF in Good
2026-03-10 10:57:51,514 - pipeline - INFO - Analyzing 1 file(s) for DUT in Moderate
2026-03-10 10:57:51,565 - pipeline - INFO - Analyzing 1 file(s) for REF in Moderate
2026-03-10 10:57:51,616 - pipeline - INFO - Analyzing 1 file(s) for DUT in Poor
2026-03-10 10:57:51,669 - pipeline - INFO - Analyzing 1 file(s) for REF in Poor
2026-03-10 10:57:51,725 - pipeline - INFO - Analyzing 1 file(s) for DUT in Good
2026-03-10 10:57:51,779 - pipeline - INFO - Analyzing 1 file(s) for REF in Good
2026-03-10 10:57:51,832 - pipeline - INFO - Analyzing 1 file(s) for DUT in Moderate
2026-03-10 10:57:51,886 - pipeline - INFO - Analyzing 1 file(s) for REF in Moderate
2026-03-10 10:57:51,941 - pipeline - INFO - Analyzing 1 file(s) for DUT in Poor
2026-03-10 10:57:51,997 - pipeline - INFO - Analyzing 1 file(s) for REF in Poor
2026-03-10 10:57:52,053 - pipeline - INFO - Analyzing 1 file(s) for DUT in Good
2026-03-10 10:57:52,106 - pipeline - INFO - Analyzing 1 file(s) for REF in Good
2026-03-10 10:57:52,159 - pipeline - INFO - Analyzing 1 file(s) for DUT in Moderate
2026-03-10 10:57:52,214 - pipeline - INFO - Analyzing 1 file(s) for REF in Moderate
2026-03-10 10:57:52,267 - pipeline - INFO - Analyzing 1 file(s) for DUT in Poor
2026-03-10 10:57:52,320 - pipeline - INFO - Analyzing 1 file(s) for REF in Poor
2026-03-10 10:57:52,378 - pipeline - INFO - Analyzing 1 file(s) for DUT in Good
2026-03-10 10:57:52,427 - pipeline - INFO - Analyzing 1 file(s) for REF in Good
2026-03-10 10:57:52,477 - pipeline - INFO - Analyzing 1 file(s) for DUT in Moderate
2026-03-10 10:57:52,529 - pipeline - INFO - Analyzing 1 file(s) for REF in Moderate
2026-03-10 10:57:52,580 - pipeline - INFO - Analyzing 1 file(s) for DUT in Poor
2026-03-10 10:57:52,632 - pipeline - INFO - Analyzing 1 file(s) for REF in Poor
2026-03-10 10:57:52,688 - pipeline - INFO - Analyzing 1 file(s) for DUT in Good
2026-03-10 10:57:52,739 - pipeline - INFO - Analyzing 1 file(s) for REF in Good
2026-03-10 10:57:52,789 - pipeline - INFO - Analyzing 1 file(s) for DUT in Moderate
2026-03-10 10:57:52,841 - pipeline - INFO - Analyzing 1 file(s) for REF in Moderate
2026-03-10 10:57:52,892 - pipeline - INFO - Analyzing 1 file(s) for DUT in Poor
2026-03-10 10:57:52,941 - pipeline - INFO - Analyzing 1 file(s) for REF in Poor
2026-03-10 10:57:52,994 - pipeline - INFO - Analyzing 1 file(s) for DUT in Moderate
2026-03-10 10:57:53,037 - pipeline - INFO - Analyzing 1 file(s) for REF in Moderate
2026-03-10 10:57:53,079 - pipeline - INFO - Analyzing 1 file(s) for DUT in Poor
2026-03-10 10:57:53,122 - pipeline - INFO - Analyzing 1 file(s) for REF in Poor
2026-03-10 10:57:53,166 - pipeline - INFO - Analyzing 1 file(s) for DUT in Moderate
2026-03-10 10:57:53,204 - pipeline - INFO - Analyzing 1 file(s) for REF in Moderate
2026-03-10 10:57:53,241 - pipeline - INFO - Analyzing 1 file(s) for DUT in Poor
2026-03-10 10:57:53,308 - pipeline - INFO - Analyzing 1 file(s) for REF in Poor
2026-03-10 10:57:53,347 - pipeline - INFO - Analyzing 1 file(s) for DUT in Moderate
2026-03-10 10:57:53,406 - pipeline - INFO - Analyzing 1 file(s) for REF in Moderate
2026-03-10 10:57:53,464 - pipeline - INFO - Analyzing 1 file(s) for DUT in Poor
2026-03-10 10:57:53,525 - pipeline - INFO - Analyzing 1 file(s) for REF in Poor
2026-03-10 10:57:53,583 - pipeline - INFO - Analyzing 1 file(s) for DUT in Moderate
2026-03-10 10:57:53,611 - pipeline - INFO - Analyzing 1 file(s) for REF in Moderate
2026-03-10 10:57:53,640 - pipeline - INFO - Analyzing 1 file(s) for DUT in Poor
2026-03-10 10:57:53,670 - pipeline - INFO - Analyzing 1 file(s) for REF in Poor
2026-03-10 10:57:53,702 - pipeline - INFO - Analyzing 3 file(s) for DUT in Mobility Test
2026-03-10 10:57:53,989 - pipeline - INFO - Analyzing 3 file(s) for REF in Mobility Test
2026-03-10 10:57:54,283 - pipeline - INFO - Analyzing 1 file(s) for DUT in Moderate
2026-03-10 10:57:54,335 - pipeline - INFO - Analyzing 1 file(s) for REF in Moderate
2026-03-10 10:57:54,385 - pipeline - INFO - Analyzing 1 file(s) for DUT in Poor
2026-03-10 10:57:54,437 - pipeline - INFO - Analyzing 1 file(s) for REF in Poor
2026-03-10 10:57:54,485 - pipeline - INFO - Analyzing 1 file(s) for DUT in Moderate
2026-03-10 10:57:54,542 - pipeline - INFO - Analyzing 1 file(s) for REF in Moderate
2026-03-10 10:57:54,601 - pipeline - INFO - Analyzing 1 file(s) for DUT in Poor
2026-03-10 10:57:54,654 - pipeline - INFO - Analyzing 1 file(s) for REF in Poor
2026-03-10 10:57:54,707 - pipeline - INFO - Analyzing 1 file(s) for DUT in Moderate
2026-03-10 10:57:54,762 - pipeline - INFO - Analyzing 1 file(s) for REF in Moderate
2026-03-10 10:57:54,815 - pipeline - INFO - Analyzing 1 file(s) for DUT in Poor
2026-03-10 10:57:54,868 - pipeline - INFO - Analyzing 1 file(s) for REF in Poor
2026-03-10 10:57:54,924 - pipeline - INFO - Analyzing 1 file(s) for DUT in Moderate
2026-03-10 10:57:54,977 - pipeline - INFO - Analyzing 1 file(s) for REF in Moderate
2026-03-10 10:57:55,036 - pipeline - INFO - Analyzing 1 file(s) for DUT in Poor
2026-03-10 10:57:55,087 - pipeline - INFO - Analyzing 1 file(s) for REF in Poor
2026-03-10 10:57:55,136 - pipeline - INFO - Analyzing 1 file(s) for DUT in Moderate
2026-03-10 10:57:55,185 - pipeline - INFO - Analyzing 1 file(s) for REF in Moderate
2026-03-10 10:57:55,234 - pipeline - INFO - Analyzing 1 file(s) for DUT in Poor
2026-03-10 10:57:55,283 - pipeline - INFO - Analyzing 1 file(s) for REF in Poor
2026-03-10 10:57:55,332 - pipeline - INFO - Processing directory-level analyses...
2026-03-10 10:57:55,333 - pipeline - INFO - Analyzing Coverage directory: D:/ReportGenerator/Raw Data\#Huaqin\New York\Coverage Performance (Type: coverage_coordinate)
2026-03-10 10:57:55,333 - pipeline - INFO - Analyzing Coverage directory: D:/ReportGenerator/Raw Data\#Huaqin\New York\Coverage Performance/5G n41 HPUE Coverage Test (Type: n41_coverage)
2026-03-10 10:57:55,441 - pipeline - INFO - Analyzing Coverage directory: D:/ReportGenerator/Raw Data\#Huaqin\New York\Coverage Performance/5G VoNR Coverage Test (Type: vonr_coverage_performance)
2026-03-10 10:57:56,257 - pipeline - INFO - Running timeline analysis for: Coverage Performance/5G VoNR Coverage Test
2026-03-10 10:57:56,257 - pipeline - INFO - Analyzing Coverage directory: D:/ReportGenerator/Raw Data\#Huaqin\New York\Coverage Performance/5G VoNR Coverage Test (Type: coverage_timeline)
2026-03-10 10:57:56,258 - pipeline - INFO - Analyzing Coverage Timeline for: D:/ReportGenerator/Raw Data\#Huaqin\New York\Coverage Performance/5G VoNR Coverage Test
2026-03-10 10:57:56,258 - pipeline - INFO - Processing rsrp timeline...
2026-03-10 10:57:56,587 - pipeline - INFO - Processing sinr timeline...
2026-03-10 10:57:56,986 - pipeline - INFO - Processing txpower timeline...
2026-03-10 10:57:57,326 - pipeline - INFO - Analyzing Coverage directory: D:/ReportGenerator/Raw Data\#Huaqin\New York\Coverage Performance/LTE Coverage Test (Type: vonr_coverage_performance)
2026-03-10 10:57:57,890 - pipeline - INFO - Running timeline analysis for: Coverage Performance/LTE Coverage Test
2026-03-10 10:57:57,890 - pipeline - INFO - Analyzing Coverage directory: D:/ReportGenerator/Raw Data\#Huaqin\New York\Coverage Performance/LTE Coverage Test (Type: coverage_timeline)
2026-03-10 10:57:57,891 - pipeline - INFO - Analyzing Coverage Timeline for: D:/ReportGenerator/Raw Data\#Huaqin\New York\Coverage Performance/LTE Coverage Test
2026-03-10 10:57:57,891 - pipeline - INFO - Processing rsrp timeline...
2026-03-10 10:57:58,093 - pipeline - INFO - Processing sinr timeline...
2026-03-10 10:57:58,288 - pipeline - INFO - Processing txpower timeline...
2026-03-10 10:57:58,481 - pipeline - INFO - Analyzing Google Throughput directory: D:/ReportGenerator/Raw Data\#Huaqin\New York\Data Performance/5G AUTO DP/5G Auto Data Play-store app Download
2026-03-10 10:57:58,482 - pipeline - INFO - Processing Play Store file: _20260228_180205_CH01_NJNYC TMO_5G AUTO_Playstore 30M DL_NJNY DUT L1_.csv (Size: 30M, Device: DUT, Location: Good)
2026-03-10 10:57:58,502 - pipeline - INFO - Successfully analyzed _20260228_180205_CH01_NJNYC TMO_5G AUTO_Playstore 30M DL_NJNY DUT L1_.csv: 124.70009965728717
2026-03-10 10:57:58,503 - pipeline - INFO - Processing Play Store file: _20260228_180205_CH02_NJNYC TMO_5G AUTO_Playstore 30M DL_NJNY REF L1_.csv (Size: 30M, Device: REF, Location: Good)
2026-03-10 10:57:58,524 - pipeline - INFO - Successfully analyzed _20260228_180205_CH02_NJNYC TMO_5G AUTO_Playstore 30M DL_NJNY REF L1_.csv: 148.8741798941799
2026-03-10 10:57:58,525 - pipeline - INFO - Processing Play Store file: _20260228_181017_CH01_NJNYC TMO_5G AUTO_Playstore 60M DL_NJNY DUT L1_.csv (Size: 60M, Device: DUT, Location: Good)
2026-03-10 10:57:58,548 - pipeline - INFO - Successfully analyzed _20260228_181017_CH01_NJNYC TMO_5G AUTO_Playstore 60M DL_NJNY DUT L1_.csv: 64.5587914862915
2026-03-10 10:57:58,548 - pipeline - INFO - Processing Play Store file: _20260228_181017_CH02_NJNYC TMO_5G AUTO_Playstore 60M DL_NJNY REF L1_.csv (Size: 60M, Device: REF, Location: Good)
2026-03-10 10:57:58,567 - pipeline - INFO - Successfully analyzed _20260228_181017_CH02_NJNYC TMO_5G AUTO_Playstore 60M DL_NJNY REF L1_.csv: 56.23625236742424
2026-03-10 10:57:58,567 - pipeline - INFO - Processing Play Store file: _20260228_181759_CH01_NJNYC TMO_5G AUTO_Playstore 100M DL_NJNY DUT L1_.csv (Size: 100M, Device: DUT, Location: Good)
2026-03-10 10:57:58,589 - pipeline - INFO - Successfully analyzed _20260228_181759_CH01_NJNYC TMO_5G AUTO_Playstore 100M DL_NJNY DUT L1_.csv: 134.26315737681122
2026-03-10 10:57:58,589 - pipeline - INFO - Processing Play Store file: _20260228_181759_CH02_NJNYC TMO_5G AUTO_Playstore 100M DL_NJNY REF L1_.csv (Size: 100M, Device: REF, Location: Good)
2026-03-10 10:57:58,611 - pipeline - INFO - Successfully analyzed _20260228_181759_CH02_NJNYC TMO_5G AUTO_Playstore 100M DL_NJNY REF L1_.csv: 131.02254464285716
2026-03-10 10:57:58,611 - pipeline - INFO - Processing Play Store file: _20260305_182335_CH01_NJNYC TMO_5G Auto_Playstore 30M_NJNY DUT L2_Retest.csv (Size: 30M, Device: DUT, Location: Moderate)
2026-03-10 10:57:58,627 - pipeline - INFO - Successfully analyzed _20260305_182335_CH01_NJNYC TMO_5G Auto_Playstore 30M_NJNY DUT L2_Retest.csv: 151.14181746031744
2026-03-10 10:57:58,628 - pipeline - INFO - Processing Play Store file: _20260305_182335_CH02_NJNYC TMO_5G Auto_Playstore 30M_NJNY REF L2_Retest.csv (Size: 30M, Device: REF, Location: Moderate)
2026-03-10 10:57:58,643 - pipeline - INFO - Successfully analyzed _20260305_182335_CH02_NJNYC TMO_5G Auto_Playstore 30M_NJNY REF L2_Retest.csv: 148.14939814814815
2026-03-10 10:57:58,644 - pipeline - INFO - Processing Play Store file: _20260305_182944_CH01_NJNYC TMO_5G Auto_Playstore 60M_NJNY DUT L2_Retest.csv (Size: 60M, Device: DUT, Location: Moderate)
2026-03-10 10:57:58,661 - pipeline - INFO - Successfully analyzed _20260305_182944_CH01_NJNYC TMO_5G Auto_Playstore 60M_NJNY DUT L2_Retest.csv: 80.73495421245421
2026-03-10 10:57:58,661 - pipeline - INFO - Processing Play Store file: _20260305_182944_CH02_NJNYC TMO_5G Auto_Playstore 60M_NJNY REF L2_Retest.csv (Size: 60M, Device: REF, Location: Moderate)
2026-03-10 10:57:58,676 - pipeline - INFO - Successfully analyzed _20260305_182944_CH02_NJNYC TMO_5G Auto_Playstore 60M_NJNY REF L2_Retest.csv: 81.30642857142857
2026-03-10 10:57:58,677 - pipeline - INFO - Processing Play Store file: _20260305_183538_CH01_NJNYC TMO_5G Auto_Playstore 100M_NJNY DUT L2_Retest.csv (Size: 100M, Device: DUT, Location: Moderate)
2026-03-10 10:57:58,696 - pipeline - INFO - Successfully analyzed _20260305_183538_CH01_NJNYC TMO_5G Auto_Playstore 100M_NJNY DUT L2_Retest.csv: 103.33156283068783
2026-03-10 10:57:58,696 - pipeline - INFO - Processing Play Store file: _20260305_183538_CH02_NJNYC TMO_5G Auto_Playstore 100M_NJNY REF L2_Retest.csv (Size: 100M, Device: REF, Location: Moderate)
2026-03-10 10:57:58,718 - pipeline - INFO - Successfully analyzed _20260305_183538_CH02_NJNYC TMO_5G Auto_Playstore 100M_NJNY REF L2_Retest.csv: 157.49921663727218
2026-03-10 10:57:58,719 - pipeline - INFO - Processing Play Store file: _20260305_163158_CH01_NJNYC TMO_5G Auto_Playstore 30M_NJNY DUT L3_Retest.csv (Size: 30M, Device: DUT, Location: Poor)
2026-03-10 10:57:58,747 - pipeline - INFO - Successfully analyzed _20260305_163158_CH01_NJNYC TMO_5G Auto_Playstore 30M_NJNY DUT L3_Retest.csv: 55.912072562358276
2026-03-10 10:57:58,748 - pipeline - INFO - Processing Play Store file: _20260305_163158_CH02_NJNYC TMO_5G Auto_Playstore 30M_NJNY REF L3_Retest.csv (Size: 30M, Device: REF, Location: Poor)
2026-03-10 10:57:58,770 - pipeline - INFO - Successfully analyzed _20260305_163158_CH02_NJNYC TMO_5G Auto_Playstore 30M_NJNY REF L3_Retest.csv: 40.53460317460318
2026-03-10 10:57:58,770 - pipeline - INFO - Processing Play Store file: _20260305_164730_CH01_NJNYC TMO_5G Auto_Playstore 60M_NJNY DUT L3_Retest.csv (Size: 60M, Device: DUT, Location: Poor)
2026-03-10 10:57:58,789 - pipeline - INFO - Successfully analyzed _20260305_164730_CH01_NJNYC TMO_5G Auto_Playstore 60M_NJNY DUT L3_Retest.csv: 102.03724606509272
2026-03-10 10:57:58,790 - pipeline - INFO - Processing Play Store file: _20260305_164730_CH02_NJNYC TMO_5G Auto_Playstore 60M_NJNY REF L3_Retest.csv (Size: 60M, Device: REF, Location: Poor)
2026-03-10 10:57:58,808 - pipeline - INFO - Successfully analyzed _20260305_164730_CH02_NJNYC TMO_5G Auto_Playstore 60M_NJNY REF L3_Retest.csv: 101.67057136422945
2026-03-10 10:57:58,809 - pipeline - INFO - Processing Play Store file: _20260305_165716_CH01_NJNYC TMO_5G Auto_Playstore 100M_NJNY DUT L3_Retest.csv (Size: 100M, Device: DUT, Location: Poor)
2026-03-10 10:57:58,858 - pipeline - INFO - Successfully analyzed _20260305_165716_CH01_NJNYC TMO_5G Auto_Playstore 100M_NJNY DUT L3_Retest.csv: 101.82962992573425
2026-03-10 10:57:58,859 - pipeline - INFO - Processing Play Store file: _20260305_165716_CH02_NJNYC TMO_5G Auto_Playstore 100M_NJNY REF L3_Retest.csv (Size: 100M, Device: REF, Location: Poor)
2026-03-10 10:57:58,878 - pipeline - INFO - Successfully analyzed _20260305_165716_CH02_NJNYC TMO_5G Auto_Playstore 100M_NJNY REF L3_Retest.csv: 97.57974355644356
2026-03-10 10:57:58,879 - pipeline - INFO - Google Throughput analysis directory processing complete. Results found: True
2026-03-10 10:57:58,879 - pipeline - INFO - Analyzing MHS Drive directory: D:/ReportGenerator/Raw Data\#Huaqin\New York\Data Performance/5G AUTO DP/Mobility Test/5G Auto Data Test MHS Drive
2026-03-10 10:57:58,879 - pipeline - INFO - Analyzing MHS Drive directory: D:/ReportGenerator/Raw Data\#Huaqin\New York\Data Performance/5G AUTO DP/Mobility Test/5G Auto Data Test Drive
2026-03-10 10:57:59,893 - pipeline - INFO - Analyzing MHS Drive directory: D:/ReportGenerator/Raw Data\#Huaqin\New York\Data Performance/5G NSA DP/Mobility Test
2026-03-10 10:58:00,921 - pipeline - INFO - Running post-processing (VqLineChart, Coverage extraction)...
2026-03-10 10:58:01,030 - pipeline - INFO - Checking for CDF Throughput data to export...
2026-03-10 10:58:01,064 - pipeline - INFO - Exported 80 CDF throughput JSON files to D:/ReportGenerator/report-generator-app/public/AnalyzeResults\#Huaqin\New York\cdf_throughput_data
2026-03-10 10:58:01,071 - pipeline - INFO - Data Performance results exported to D:/ReportGenerator/report-generator-app/public/AnalyzeResults\#Huaqin\New York\data_performance_results.json
2026-03-10 10:58:01,079 - pipeline - INFO - Coverage Performance results exported to D:/ReportGenerator/report-generator-app/public/AnalyzeResults\#Huaqin\New York\coverage_performance_results.json
2026-03-10 10:58:01,080 - pipeline - INFO - Processing summary exported to D:/ReportGenerator/report-generator-app/public/AnalyzeResults\#Huaqin\New York\processing_summary.json
2026-03-10 10:58:01,080 - pipeline - INFO - Running final data validation...
2026-03-10 10:58:01,100 - pipeline - WARNING - Summary of Empty collections found in JSON files:
2026-03-10 10:58:01,101 - pipeline - WARNING -   - data_performance_results.json -> Data Performance -> 5G AUTO DP -> HTTP Multi Stream -> DL -> Good -> REF -> Throughput -> Outliers -> Empty List
2026-03-10 10:58:01,101 - pipeline - WARNING -   - data_performance_results.json -> Data Performance -> 5G AUTO DP -> HTTP Multi Stream -> DL -> Moderate -> DUT -> Throughput -> Outliers -> Empty List
2026-03-10 10:58:01,101 - pipeline - WARNING -   - data_performance_results.json -> Data Performance -> 5G AUTO DP -> HTTP Multi Stream -> DL -> Poor -> DUT -> Throughput -> Outliers -> Empty List
2026-03-10 10:58:01,102 - pipeline - WARNING -   - data_performance_results.json -> Data Performance -> 5G AUTO DP -> HTTP Multi Stream -> UL -> Moderate -> REF -> Throughput -> Outliers -> Empty List
2026-03-10 10:58:01,102 - pipeline - WARNING -   - data_performance_results.json -> Data Performance -> 5G AUTO DP -> HTTP Multi Stream -> UL -> Poor -> DUT -> Throughput -> Outliers -> Empty List
2026-03-10 10:58:01,102 - pipeline - WARNING -   - data_performance_results.json -> Data Performance -> 5G AUTO DP -> HTTP Multi Stream -> UL -> Poor -> REF -> Throughput -> Outliers -> Empty List
2026-03-10 10:58:01,102 - pipeline - WARNING -   - data_performance_results.json -> Data Performance -> 5G AUTO DP -> HTTP Single Stream -> DL -> Good -> DUT -> Throughput -> Outliers -> Empty List
2026-03-10 10:58:01,102 - pipeline - WARNING -   - data_performance_results.json -> Data Performance -> 5G AUTO DP -> HTTP Single Stream -> DL -> Good -> REF -> Throughput -> Outliers -> Empty List
2026-03-10 10:58:01,103 - pipeline - WARNING -   - data_performance_results.json -> Data Performance -> 5G AUTO DP -> HTTP Single Stream -> DL -> Moderate -> DUT -> Throughput -> Outliers -> Empty List
2026-03-10 10:58:01,103 - pipeline - WARNING -   - data_performance_results.json -> Data Performance -> 5G AUTO DP -> HTTP Single Stream -> DL -> Poor -> DUT -> Throughput -> Outliers -> Empty List
2026-03-10 10:58:01,103 - pipeline - WARNING -   - data_performance_results.json -> Data Performance -> 5G AUTO DP -> HTTP Single Stream -> DL -> Poor -> REF -> Throughput -> Outliers -> Empty List
2026-03-10 10:58:01,103 - pipeline - WARNING -   - data_performance_results.json -> Data Performance -> 5G AUTO DP -> HTTP Single Stream -> UL -> Good -> REF -> Throughput -> Outliers -> Empty List
2026-03-10 10:58:01,103 - pipeline - WARNING -   - data_performance_results.json -> Data Performance -> 5G AUTO DP -> Udp Test -> DL -> UDP Download Task at 200 Mbps for 10 seconds -> Moderate -> DUT -> Throughput -> Outliers -> Empty List
2026-03-10 10:58:01,103 - pipeline - WARNING -   - data_performance_results.json -> Data Performance -> 5G AUTO DP -> Udp Test -> DL -> UDP Download Task at 200 Mbps for 10 seconds -> Moderate -> REF -> Throughput -> Outliers -> Empty List
2026-03-10 10:58:01,103 - pipeline - WARNING -   - data_performance_results.json -> Data Performance -> 5G AUTO DP -> Udp Test -> DL -> UDP Download Task at 200 Mbps for 10 seconds -> Poor -> DUT -> Throughput -> Outliers -> Empty List
2026-03-10 10:58:01,104 - pipeline - WARNING -   - data_performance_results.json -> Data Performance -> 5G AUTO DP -> Udp Test -> DL -> UDP Download Task at 200 Mbps for 10 seconds -> Poor -> REF -> Throughput -> Outliers -> Empty List
2026-03-10 10:58:01,104 - pipeline - WARNING -   - data_performance_results.json -> Data Performance -> 5G AUTO DP -> Udp Test -> DL -> UDP Download Task at 400 Mbps for 10 seconds -> Moderate -> DUT -> Throughput -> Outliers -> Empty List
2026-03-10 10:58:01,104 - pipeline - WARNING -   - data_performance_results.json -> Data Performance -> 5G AUTO DP -> Udp Test -> DL -> UDP Download Task at 400 Mbps for 10 seconds -> Moderate -> REF -> Throughput -> Outliers -> Empty List
2026-03-10 10:58:01,104 - pipeline - WARNING -   - data_performance_results.json -> Data Performance -> 5G AUTO DP -> Udp Test -> DL -> UDP Download Task at 400 Mbps for 10 seconds -> Poor -> DUT -> Throughput -> Outliers -> Empty List
2026-03-10 10:58:01,105 - pipeline - WARNING -   - data_performance_results.json -> Data Performance -> 5G AUTO DP -> Udp Test -> DL -> UDP Download Task at 400 Mbps for 10 seconds -> Poor -> REF -> Throughput -> Outliers -> Empty List
2026-03-10 10:58:01,105 - pipeline - WARNING -   - data_performance_results.json -> Data Performance -> 5G AUTO DP -> Udp Test -> UL -> UDP Upload Task at 10 Mbps for 10 seconds -> Good -> DUT -> Throughput -> Outliers -> Empty List
2026-03-10 10:58:01,105 - pipeline - WARNING -   - data_performance_results.json -> Data Performance -> 5G AUTO DP -> Udp Test -> UL -> UDP Upload Task at 10 Mbps for 10 seconds -> Good -> REF -> Throughput -> Outliers -> Empty List
2026-03-10 10:58:01,106 - pipeline - WARNING -   - data_performance_results.json -> Data Performance -> 5G AUTO DP -> Udp Test -> UL -> UDP Upload Task at 10 Mbps for 10 seconds -> Moderate -> REF -> Throughput -> Outliers -> Empty List
2026-03-10 10:58:01,106 - pipeline - WARNING -   - data_performance_results.json -> Data Performance -> 5G AUTO DP -> Udp Test -> UL -> UDP Upload Task at 10 Mbps for 10 seconds -> Poor -> DUT -> Throughput -> Outliers -> Empty List
2026-03-10 10:58:01,106 - pipeline - WARNING -   - data_performance_results.json -> Data Performance -> 5G AUTO DP -> Udp Test -> UL -> UDP Upload Task at 10 Mbps for 10 seconds -> Poor -> REF -> Throughput -> Outliers -> Empty List
2026-03-10 10:58:01,106 - pipeline - WARNING -   - data_performance_results.json -> Data Performance -> 5G AUTO DP -> Udp Test -> UL -> UDP Upload Task at 20 Mbps for 10 seconds -> Moderate -> DUT -> Throughput -> Outliers -> Empty List
2026-03-10 10:58:01,106 - pipeline - WARNING -   - data_performance_results.json -> Data Performance -> 5G AUTO DP -> Udp Test -> UL -> UDP Upload Task at 20 Mbps for 10 seconds -> Poor -> DUT -> Throughput -> Outliers -> Empty List
2026-03-10 10:58:01,107 - pipeline - WARNING -   - data_performance_results.json -> Data Performance -> 5G NSA DP -> HTTP Multi Stream -> DL -> Poor -> DUT -> Throughput -> Outliers -> Empty List
2026-03-10 10:58:01,107 - pipeline - WARNING -   - data_performance_results.json -> Data Performance -> 5G NSA DP -> HTTP Multi Stream -> DL -> Poor -> REF -> Throughput -> Outliers -> Empty List
2026-03-10 10:58:01,107 - pipeline - WARNING -   - data_performance_results.json -> Data Performance -> 5G NSA DP -> HTTP Multi Stream -> UL -> Moderate -> DUT -> Throughput -> Outliers -> Empty List
2026-03-10 10:58:01,107 - pipeline - WARNING -   - data_performance_results.json -> Data Performance -> 5G NSA DP -> HTTP Multi Stream -> UL -> Poor -> DUT -> Throughput -> Outliers -> Empty List
2026-03-10 10:58:01,108 - pipeline - WARNING -   - data_performance_results.json -> Data Performance -> 5G NSA DP -> HTTP Multi Stream -> UL -> Poor -> REF -> Throughput -> Outliers -> Empty List
2026-03-10 10:58:01,108 - pipeline - WARNING -   - data_performance_results.json -> Data Performance -> 5G NSA DP -> HTTP Single Stream -> DL -> Poor -> DUT -> Throughput -> Outliers -> Empty List
2026-03-10 10:58:01,108 - pipeline - WARNING -   - data_performance_results.json -> Data Performance -> 5G NSA DP -> HTTP Single Stream -> DL -> Poor -> REF -> Throughput -> Outliers -> Empty List
2026-03-10 10:58:01,108 - pipeline - WARNING -   - data_performance_results.json -> Data Performance -> 5G NSA DP -> HTTP Single Stream -> UL -> Moderate -> DUT -> Throughput -> Outliers -> Empty List
2026-03-10 10:58:01,108 - pipeline - WARNING -   - data_performance_results.json -> Data Performance -> 5G NSA DP -> Mobility Test -> REF -> DL Throughput -> Outliers -> Empty List
2026-03-10 10:58:01,109 - pipeline - WARNING -   - data_performance_results.json -> Data Performance -> 5G NSA DP -> Udp Test -> DL -> UDP Download Task at 200 Mbps for 10 seconds -> Poor -> REF -> Throughput -> Outliers -> Empty List
2026-03-10 10:58:01,109 - pipeline - WARNING -   - data_performance_results.json -> Data Performance -> 5G NSA DP -> Udp Test -> DL -> UDP Download Task at 400 Mbps for 10 seconds -> Moderate -> DUT -> Throughput -> Outliers -> Empty List
2026-03-10 10:58:01,109 - pipeline - WARNING -   - data_performance_results.json -> Data Performance -> 5G NSA DP -> Udp Test -> DL -> UDP Download Task at 400 Mbps for 10 seconds -> Moderate -> REF -> Throughput -> Outliers -> Empty List
2026-03-10 10:58:01,109 - pipeline - WARNING -   - data_performance_results.json -> Data Performance -> 5G NSA DP -> Udp Test -> DL -> UDP Download Task at 400 Mbps for 10 seconds -> Poor -> DUT -> Throughput -> Outliers -> Empty List
2026-03-10 10:58:01,109 - pipeline - WARNING -   - data_performance_results.json -> Data Performance -> 5G NSA DP -> Udp Test -> DL -> UDP Download Task at 400 Mbps for 10 seconds -> Poor -> REF -> Throughput -> Outliers -> Empty List
2026-03-10 10:58:01,109 - pipeline - WARNING -   - data_performance_results.json -> Data Performance -> 5G NSA DP -> Udp Test -> UL -> 5G NSA_UDP Upload Task at 10 Mbps for 10 seconds -> Moderate -> DUT -> Throughput -> Outliers -> Empty List
2026-03-10 10:58:01,109 - pipeline - WARNING -   - data_performance_results.json -> Data Performance -> 5G NSA DP -> Udp Test -> UL -> 5G NSA_UDP Upload Task at 20 Mbps for 10 seconds -> Moderate -> DUT -> Throughput -> Outliers -> Empty List
2026-03-10 10:58:01,110 - pipeline - WARNING -   - data_performance_results.json -> Data Performance -> 5G NSA DP -> Udp Test -> UL -> 5G NSA_UDP Upload Task at 20 Mbps for 10 seconds -> Poor -> DUT -> Throughput -> Outliers -> Empty List
2026-03-10 10:58:01,110 - pipeline - INFO - Pipeline execution completed. Results in: D:/ReportGenerator/report-generator-app/public/AnalyzeResults\#Huaqin\New York
2026-03-10 10:58:01,113 - pipeline - INFO - Project: #Huaqin
2026-03-10 10:58:01,113 - pipeline - INFO - Project: #Huaqin
2026-03-10 10:58:01,114 - pipeline - INFO - Market: Seattle
2026-03-10 10:58:01,114 - pipeline - INFO - Market: Seattle
2026-03-10 10:58:01,114 - pipeline - INFO - Reading from: D:/ReportGenerator/Raw Data\#Huaqin\Seattle
2026-03-10 10:58:01,114 - pipeline - INFO - Reading from: D:/ReportGenerator/Raw Data\#Huaqin\Seattle
2026-03-10 10:58:01,114 - pipeline - INFO - Writing to: D:/ReportGenerator/report-generator-app/public/AnalyzeResults\#Huaqin\Seattle
2026-03-10 10:58:01,114 - pipeline - INFO - Writing to: D:/ReportGenerator/report-generator-app/public/AnalyzeResults\#Huaqin\Seattle
2026-03-10 10:58:01,115 - pipeline - INFO - Starting analysis pipeline...
2026-03-10 10:58:01,115 - pipeline - INFO - Starting analysis pipeline...
2026-03-10 10:58:01,122 - pipeline - INFO - Grouping 183 CSV files by directory and device type...
2026-03-10 10:58:01,122 - pipeline - INFO - Grouping 183 CSV files by directory and device type...
2026-03-10 10:58:01,124 - pipeline - INFO - Created 138 file groups for analysis
2026-03-10 10:58:01,124 - pipeline - INFO - Created 138 file groups for analysis
2026-03-10 10:58:01,125 - pipeline - INFO - Analyzing 1 file(s) for DUT in 5G Auto Data Web-Kepler
2026-03-10 10:58:01,125 - pipeline - INFO - Analyzing 1 file(s) for DUT in 5G Auto Data Web-Kepler
2026-03-10 10:58:01,160 - pipeline - INFO - Analyzing 1 file(s) for REF in 5G Auto Data Web-Kepler
2026-03-10 10:58:01,160 - pipeline - INFO - Analyzing 1 file(s) for REF in 5G Auto Data Web-Kepler
2026-03-10 10:58:01,200 - pipeline - INFO - Analyzing 1 file(s) for DUT in Good
2026-03-10 10:58:01,200 - pipeline - INFO - Analyzing 1 file(s) for DUT in Good
2026-03-10 10:58:01,246 - pipeline - INFO - Analyzing 1 file(s) for REF in Good
2026-03-10 10:58:01,246 - pipeline - INFO - Analyzing 1 file(s) for REF in Good
2026-03-10 10:58:01,300 - pipeline - INFO - Analyzing 2 file(s) for DUT in Moderate
2026-03-10 10:58:01,300 - pipeline - INFO - Analyzing 2 file(s) for DUT in Moderate
2026-03-10 10:58:01,394 - pipeline - INFO - Analyzing 1 file(s) for REF in Moderate
2026-03-10 10:58:01,394 - pipeline - INFO - Analyzing 1 file(s) for REF in Moderate
2026-03-10 10:58:01,439 - pipeline - INFO - Analyzing 2 file(s) for DUT in Poor
2026-03-10 10:58:01,439 - pipeline - INFO - Analyzing 2 file(s) for DUT in Poor
2026-03-10 10:58:01,502 - pipeline - INFO - Analyzing 2 file(s) for REF in Poor
2026-03-10 10:58:01,502 - pipeline - INFO - Analyzing 2 file(s) for REF in Poor
2026-03-10 10:58:01,566 - pipeline - INFO - Analyzing 1 file(s) for DUT in Good
2026-03-10 10:58:01,566 - pipeline - INFO - Analyzing 1 file(s) for DUT in Good
2026-03-10 10:58:01,630 - pipeline - INFO - Analyzing 1 file(s) for REF in Good
2026-03-10 10:58:01,630 - pipeline - INFO - Analyzing 1 file(s) for REF in Good
2026-03-10 10:58:01,675 - pipeline - INFO - Analyzing 1 file(s) for DUT in Moderate
2026-03-10 10:58:01,675 - pipeline - INFO - Analyzing 1 file(s) for DUT in Moderate
2026-03-10 10:58:01,713 - pipeline - INFO - Analyzing 1 file(s) for REF in Moderate
2026-03-10 10:58:01,713 - pipeline - INFO - Analyzing 1 file(s) for REF in Moderate
2026-03-10 10:58:01,754 - pipeline - INFO - Analyzing 1 file(s) for DUT in Poor
2026-03-10 10:58:01,754 - pipeline - INFO - Analyzing 1 file(s) for DUT in Poor
2026-03-10 10:58:01,779 - pipeline - INFO - Analyzing 1 file(s) for REF in Poor
2026-03-10 10:58:01,779 - pipeline - INFO - Analyzing 1 file(s) for REF in Poor
2026-03-10 10:58:01,845 - pipeline - INFO - Analyzing 1 file(s) for DUT in Good
2026-03-10 10:58:01,845 - pipeline - INFO - Analyzing 1 file(s) for DUT in Good
2026-03-10 10:58:01,903 - pipeline - INFO - Analyzing 1 file(s) for REF in Good
2026-03-10 10:58:01,903 - pipeline - INFO - Analyzing 1 file(s) for REF in Good
2026-03-10 10:58:01,960 - pipeline - INFO - Analyzing 1 file(s) for DUT in Moderate
2026-03-10 10:58:01,960 - pipeline - INFO - Analyzing 1 file(s) for DUT in Moderate
2026-03-10 10:58:02,018 - pipeline - INFO - Analyzing 1 file(s) for REF in Moderate
2026-03-10 10:58:02,018 - pipeline - INFO - Analyzing 1 file(s) for REF in Moderate
2026-03-10 10:58:02,077 - pipeline - INFO - Analyzing 1 file(s) for DUT in Poor
2026-03-10 10:58:02,077 - pipeline - INFO - Analyzing 1 file(s) for DUT in Poor
2026-03-10 10:58:02,136 - pipeline - INFO - Analyzing 1 file(s) for REF in Poor
2026-03-10 10:58:02,136 - pipeline - INFO - Analyzing 1 file(s) for REF in Poor
2026-03-10 10:58:02,195 - pipeline - INFO - Analyzing 1 file(s) for DUT in Good
2026-03-10 10:58:02,195 - pipeline - INFO - Analyzing 1 file(s) for DUT in Good
2026-03-10 10:58:02,223 - pipeline - INFO - Analyzing 1 file(s) for REF in Good
2026-03-10 10:58:02,223 - pipeline - INFO - Analyzing 1 file(s) for REF in Good
2026-03-10 10:58:02,250 - pipeline - INFO - Analyzing 1 file(s) for DUT in Moderate
2026-03-10 10:58:02,250 - pipeline - INFO - Analyzing 1 file(s) for DUT in Moderate
2026-03-10 10:58:02,288 - pipeline - INFO - Analyzing 1 file(s) for REF in Moderate
2026-03-10 10:58:02,288 - pipeline - INFO - Analyzing 1 file(s) for REF in Moderate
2026-03-10 10:58:02,320 - pipeline - INFO - Analyzing 1 file(s) for DUT in Poor
2026-03-10 10:58:02,320 - pipeline - INFO - Analyzing 1 file(s) for DUT in Poor
2026-03-10 10:58:02,352 - pipeline - INFO - Analyzing 1 file(s) for REF in Poor
2026-03-10 10:58:02,352 - pipeline - INFO - Analyzing 1 file(s) for REF in Poor
2026-03-10 10:58:02,382 - pipeline - INFO - Analyzing 2 file(s) for DUT in Moderate
2026-03-10 10:58:02,382 - pipeline - INFO - Analyzing 2 file(s) for DUT in Moderate
2026-03-10 10:58:02,446 - pipeline - INFO - Analyzing 2 file(s) for REF in Moderate
2026-03-10 10:58:02,446 - pipeline - INFO - Analyzing 2 file(s) for REF in Moderate
2026-03-10 10:58:02,509 - pipeline - INFO - Analyzing 2 file(s) for DUT in Poor
2026-03-10 10:58:02,509 - pipeline - INFO - Analyzing 2 file(s) for DUT in Poor
2026-03-10 10:58:02,597 - pipeline - INFO - Analyzing 2 file(s) for REF in Poor
2026-03-10 10:58:02,597 - pipeline - INFO - Analyzing 2 file(s) for REF in Poor
2026-03-10 10:58:02,669 - pipeline - INFO - Analyzing 1 file(s) for DUT in Moderate
2026-03-10 10:58:02,669 - pipeline - INFO - Analyzing 1 file(s) for DUT in Moderate
2026-03-10 10:58:02,708 - pipeline - INFO - Analyzing 1 file(s) for REF in Moderate
2026-03-10 10:58:02,708 - pipeline - INFO - Analyzing 1 file(s) for REF in Moderate
2026-03-10 10:58:02,745 - pipeline - INFO - Analyzing 1 file(s) for DUT in Poor
2026-03-10 10:58:02,745 - pipeline - INFO - Analyzing 1 file(s) for DUT in Poor
2026-03-10 10:58:02,784 - pipeline - INFO - Analyzing 1 file(s) for REF in Poor
2026-03-10 10:58:02,784 - pipeline - INFO - Analyzing 1 file(s) for REF in Poor
2026-03-10 10:58:02,821 - pipeline - INFO - Analyzing 1 file(s) for DUT in Moderate
2026-03-10 10:58:02,821 - pipeline - INFO - Analyzing 1 file(s) for DUT in Moderate
2026-03-10 10:58:02,878 - pipeline - INFO - Analyzing 1 file(s) for REF in Moderate
2026-03-10 10:58:02,878 - pipeline - INFO - Analyzing 1 file(s) for REF in Moderate
2026-03-10 10:58:02,933 - pipeline - INFO - Analyzing 2 file(s) for DUT in Poor
2026-03-10 10:58:02,933 - pipeline - INFO - Analyzing 2 file(s) for DUT in Poor
2026-03-10 10:58:03,006 - pipeline - INFO - Analyzing 2 file(s) for REF in Poor
2026-03-10 10:58:03,006 - pipeline - INFO - Analyzing 2 file(s) for REF in Poor
2026-03-10 10:58:03,079 - pipeline - INFO - Analyzing 1 file(s) for DUT in Moderate
2026-03-10 10:58:03,079 - pipeline - INFO - Analyzing 1 file(s) for DUT in Moderate
2026-03-10 10:58:03,105 - pipeline - INFO - Analyzing 1 file(s) for REF in Moderate
2026-03-10 10:58:03,105 - pipeline - INFO - Analyzing 1 file(s) for REF in Moderate
2026-03-10 10:58:03,133 - pipeline - INFO - Analyzing 2 file(s) for DUT in Poor
2026-03-10 10:58:03,133 - pipeline - INFO - Analyzing 2 file(s) for DUT in Poor
2026-03-10 10:58:03,182 - pipeline - INFO - Analyzing 2 file(s) for REF in Poor
2026-03-10 10:58:03,182 - pipeline - INFO - Analyzing 2 file(s) for REF in Poor
2026-03-10 10:58:03,229 - pipeline - INFO - Analyzing 1 file(s) for DUT in Moderate
2026-03-10 10:58:03,229 - pipeline - INFO - Analyzing 1 file(s) for DUT in Moderate
2026-03-10 10:58:03,283 - pipeline - INFO - Analyzing 1 file(s) for REF in Moderate
2026-03-10 10:58:03,283 - pipeline - INFO - Analyzing 1 file(s) for REF in Moderate
2026-03-10 10:58:03,334 - pipeline - INFO - Analyzing 2 file(s) for DUT in Poor
2026-03-10 10:58:03,334 - pipeline - INFO - Analyzing 2 file(s) for DUT in Poor
2026-03-10 10:58:03,398 - pipeline - INFO - Analyzing 2 file(s) for REF in Poor
2026-03-10 10:58:03,398 - pipeline - INFO - Analyzing 2 file(s) for REF in Poor
2026-03-10 10:58:03,463 - pipeline - INFO - Analyzing 1 file(s) for DUT in Moderate
2026-03-10 10:58:03,463 - pipeline - INFO - Analyzing 1 file(s) for DUT in Moderate
2026-03-10 10:58:03,518 - pipeline - INFO - Analyzing 1 file(s) for REF in Moderate
2026-03-10 10:58:03,518 - pipeline - INFO - Analyzing 1 file(s) for REF in Moderate
2026-03-10 10:58:03,570 - pipeline - INFO - Analyzing 2 file(s) for DUT in Poor
2026-03-10 10:58:03,570 - pipeline - INFO - Analyzing 2 file(s) for DUT in Poor
2026-03-10 10:58:03,637 - pipeline - INFO - Analyzing 2 file(s) for REF in Poor
2026-03-10 10:58:03,637 - pipeline - INFO - Analyzing 2 file(s) for REF in Poor
2026-03-10 10:58:03,705 - pipeline - INFO - Analyzing 3 file(s) for DUT in Moderate
2026-03-10 10:58:03,705 - pipeline - INFO - Analyzing 3 file(s) for DUT in Moderate
2026-03-10 10:58:03,815 - pipeline - INFO - Analyzing 3 file(s) for REF in Moderate
2026-03-10 10:58:03,815 - pipeline - INFO - Analyzing 3 file(s) for REF in Moderate
2026-03-10 10:58:03,932 - pipeline - INFO - Analyzing 2 file(s) for DUT in Poor
2026-03-10 10:58:03,932 - pipeline - INFO - Analyzing 2 file(s) for DUT in Poor
2026-03-10 10:58:04,011 - pipeline - INFO - Analyzing 2 file(s) for REF in Poor
2026-03-10 10:58:04,011 - pipeline - INFO - Analyzing 2 file(s) for REF in Poor
2026-03-10 10:58:04,090 - pipeline - INFO - Analyzing 1 file(s) for DUT in Moderate
2026-03-10 10:58:04,090 - pipeline - INFO - Analyzing 1 file(s) for DUT in Moderate
2026-03-10 10:58:04,139 - pipeline - INFO - Analyzing 1 file(s) for REF in Moderate
2026-03-10 10:58:04,139 - pipeline - INFO - Analyzing 1 file(s) for REF in Moderate
2026-03-10 10:58:04,179 - pipeline - INFO - Analyzing 2 file(s) for DUT in Poor
2026-03-10 10:58:04,179 - pipeline - INFO - Analyzing 2 file(s) for DUT in Poor
2026-03-10 10:58:04,243 - pipeline - INFO - Analyzing 2 file(s) for REF in Poor
2026-03-10 10:58:04,243 - pipeline - INFO - Analyzing 2 file(s) for REF in Poor
2026-03-10 10:58:04,303 - pipeline - INFO - Analyzing 1 file(s) for DUT in Moderate
2026-03-10 10:58:04,303 - pipeline - INFO - Analyzing 1 file(s) for DUT in Moderate
2026-03-10 10:58:04,350 - pipeline - INFO - Analyzing 1 file(s) for REF in Moderate
2026-03-10 10:58:04,350 - pipeline - INFO - Analyzing 1 file(s) for REF in Moderate
2026-03-10 10:58:04,393 - pipeline - INFO - Analyzing 1 file(s) for DUT in Poor
2026-03-10 10:58:04,393 - pipeline - INFO - Analyzing 1 file(s) for DUT in Poor
2026-03-10 10:58:04,441 - pipeline - INFO - Analyzing 1 file(s) for REF in Poor
2026-03-10 10:58:04,441 - pipeline - INFO - Analyzing 1 file(s) for REF in Poor
2026-03-10 10:58:04,484 - pipeline - INFO - Analyzing 1 file(s) for DUT in 5G Auto Data Test Drive
2026-03-10 10:58:04,484 - pipeline - INFO - Analyzing 1 file(s) for DUT in 5G Auto Data Test Drive
2026-03-10 10:58:04,747 - pipeline - INFO - Analyzing 1 file(s) for REF in 5G Auto Data Test Drive
2026-03-10 10:58:04,747 - pipeline - INFO - Analyzing 1 file(s) for REF in 5G Auto Data Test Drive
2026-03-10 10:58:05,005 - pipeline - INFO - Analyzing 1 file(s) for DUT in Good
2026-03-10 10:58:05,005 - pipeline - INFO - Analyzing 1 file(s) for DUT in Good
2026-03-10 10:58:05,057 - pipeline - INFO - Analyzing 1 file(s) for REF in Good
2026-03-10 10:58:05,057 - pipeline - INFO - Analyzing 1 file(s) for REF in Good
2026-03-10 10:58:05,109 - pipeline - INFO - Analyzing 1 file(s) for DUT in Moderate
2026-03-10 10:58:05,109 - pipeline - INFO - Analyzing 1 file(s) for DUT in Moderate
2026-03-10 10:58:05,160 - pipeline - INFO - Analyzing 1 file(s) for REF in Moderate
2026-03-10 10:58:05,160 - pipeline - INFO - Analyzing 1 file(s) for REF in Moderate
2026-03-10 10:58:05,211 - pipeline - INFO - Analyzing 1 file(s) for DUT in Good
2026-03-10 10:58:05,211 - pipeline - INFO - Analyzing 1 file(s) for DUT in Good
2026-03-10 10:58:05,265 - pipeline - INFO - Analyzing 1 file(s) for REF in Good
2026-03-10 10:58:05,265 - pipeline - INFO - Analyzing 1 file(s) for REF in Good
2026-03-10 10:58:05,320 - pipeline - INFO - Analyzing 1 file(s) for DUT in Moderate
2026-03-10 10:58:05,320 - pipeline - INFO - Analyzing 1 file(s) for DUT in Moderate
2026-03-10 10:58:05,374 - pipeline - INFO - Analyzing 1 file(s) for REF in Moderate
2026-03-10 10:58:05,374 - pipeline - INFO - Analyzing 1 file(s) for REF in Moderate
2026-03-10 10:58:05,432 - pipeline - INFO - Analyzing 1 file(s) for DUT in Poor
2026-03-10 10:58:05,432 - pipeline - INFO - Analyzing 1 file(s) for DUT in Poor
2026-03-10 10:58:05,485 - pipeline - INFO - Analyzing 1 file(s) for REF in Poor
2026-03-10 10:58:05,485 - pipeline - INFO - Analyzing 1 file(s) for REF in Poor
2026-03-10 10:58:05,545 - pipeline - INFO - Analyzing 1 file(s) for DUT in Good
2026-03-10 10:58:05,545 - pipeline - INFO - Analyzing 1 file(s) for DUT in Good
2026-03-10 10:58:05,600 - pipeline - INFO - Analyzing 1 file(s) for REF in Good
2026-03-10 10:58:05,600 - pipeline - INFO - Analyzing 1 file(s) for REF in Good
2026-03-10 10:58:05,652 - pipeline - INFO - Analyzing 1 file(s) for DUT in Moderate
2026-03-10 10:58:05,652 - pipeline - INFO - Analyzing 1 file(s) for DUT in Moderate
2026-03-10 10:58:05,707 - pipeline - INFO - Analyzing 1 file(s) for REF in Moderate
2026-03-10 10:58:05,707 - pipeline - INFO - Analyzing 1 file(s) for REF in Moderate
2026-03-10 10:58:05,762 - pipeline - INFO - Analyzing 1 file(s) for DUT in Poor
2026-03-10 10:58:05,762 - pipeline - INFO - Analyzing 1 file(s) for DUT in Poor
2026-03-10 10:58:05,816 - pipeline - INFO - Analyzing 1 file(s) for REF in Poor
2026-03-10 10:58:05,816 - pipeline - INFO - Analyzing 1 file(s) for REF in Poor
2026-03-10 10:58:05,869 - pipeline - INFO - Analyzing 1 file(s) for DUT in Good
2026-03-10 10:58:05,869 - pipeline - INFO - Analyzing 1 file(s) for DUT in Good
2026-03-10 10:58:05,916 - pipeline - INFO - Analyzing 1 file(s) for REF in Good
2026-03-10 10:58:05,916 - pipeline - INFO - Analyzing 1 file(s) for REF in Good
2026-03-10 10:58:05,961 - pipeline - INFO - Analyzing 1 file(s) for DUT in Moderate
2026-03-10 10:58:05,961 - pipeline - INFO - Analyzing 1 file(s) for DUT in Moderate
2026-03-10 10:58:06,045 - pipeline - INFO - Analyzing 1 file(s) for REF in Moderate
2026-03-10 10:58:06,045 - pipeline - INFO - Analyzing 1 file(s) for REF in Moderate
2026-03-10 10:58:06,094 - pipeline - INFO - Analyzing 1 file(s) for DUT in Poor
2026-03-10 10:58:06,094 - pipeline - INFO - Analyzing 1 file(s) for DUT in Poor
2026-03-10 10:58:06,143 - pipeline - INFO - Analyzing 1 file(s) for REF in Poor
2026-03-10 10:58:06,143 - pipeline - INFO - Analyzing 1 file(s) for REF in Poor
2026-03-10 10:58:06,194 - pipeline - INFO - Analyzing 1 file(s) for DUT in Good
2026-03-10 10:58:06,194 - pipeline - INFO - Analyzing 1 file(s) for DUT in Good
2026-03-10 10:58:06,243 - pipeline - INFO - Analyzing 1 file(s) for REF in Good
2026-03-10 10:58:06,243 - pipeline - INFO - Analyzing 1 file(s) for REF in Good
2026-03-10 10:58:06,284 - pipeline - INFO - Analyzing 1 file(s) for DUT in Moderate
2026-03-10 10:58:06,284 - pipeline - INFO - Analyzing 1 file(s) for DUT in Moderate
2026-03-10 10:58:06,335 - pipeline - INFO - Analyzing 1 file(s) for REF in Moderate
2026-03-10 10:58:06,335 - pipeline - INFO - Analyzing 1 file(s) for REF in Moderate
2026-03-10 10:58:06,384 - pipeline - INFO - Analyzing 1 file(s) for DUT in Poor
2026-03-10 10:58:06,384 - pipeline - INFO - Analyzing 1 file(s) for DUT in Poor
2026-03-10 10:58:06,431 - pipeline - INFO - Analyzing 1 file(s) for REF in Poor
2026-03-10 10:58:06,431 - pipeline - INFO - Analyzing 1 file(s) for REF in Poor
2026-03-10 10:58:06,479 - pipeline - INFO - Analyzing 1 file(s) for DUT in Moderate
2026-03-10 10:58:06,479 - pipeline - INFO - Analyzing 1 file(s) for DUT in Moderate
2026-03-10 10:58:06,525 - pipeline - INFO - Analyzing 1 file(s) for REF in Moderate
2026-03-10 10:58:06,525 - pipeline - INFO - Analyzing 1 file(s) for REF in Moderate
2026-03-10 10:58:06,568 - pipeline - INFO - Analyzing 2 file(s) for DUT in Poor
2026-03-10 10:58:06,568 - pipeline - INFO - Analyzing 2 file(s) for DUT in Poor
2026-03-10 10:58:06,656 - pipeline - INFO - Analyzing 2 file(s) for REF in Poor
2026-03-10 10:58:06,656 - pipeline - INFO - Analyzing 2 file(s) for REF in Poor
2026-03-10 10:58:06,737 - pipeline - INFO - Analyzing 1 file(s) for DUT in Moderate
2026-03-10 10:58:06,737 - pipeline - INFO - Analyzing 1 file(s) for DUT in Moderate
2026-03-10 10:58:06,777 - pipeline - INFO - Analyzing 1 file(s) for REF in Moderate
2026-03-10 10:58:06,777 - pipeline - INFO - Analyzing 1 file(s) for REF in Moderate
2026-03-10 10:58:06,815 - pipeline - INFO - Analyzing 1 file(s) for DUT in Poor
2026-03-10 10:58:06,815 - pipeline - INFO - Analyzing 1 file(s) for DUT in Poor
2026-03-10 10:58:06,853 - pipeline - INFO - Analyzing 1 file(s) for REF in Poor
2026-03-10 10:58:06,853 - pipeline - INFO - Analyzing 1 file(s) for REF in Poor
2026-03-10 10:58:06,899 - pipeline - INFO - Analyzing 2 file(s) for DUT in Moderate
2026-03-10 10:58:06,899 - pipeline - INFO - Analyzing 2 file(s) for DUT in Moderate
2026-03-10 10:58:06,982 - pipeline - INFO - Analyzing 2 file(s) for REF in Moderate
2026-03-10 10:58:06,982 - pipeline - INFO - Analyzing 2 file(s) for REF in Moderate
2026-03-10 10:58:07,066 - pipeline - INFO - Analyzing 1 file(s) for DUT in Poor
2026-03-10 10:58:07,066 - pipeline - INFO - Analyzing 1 file(s) for DUT in Poor
2026-03-10 10:58:07,125 - pipeline - INFO - Analyzing 1 file(s) for REF in Poor
2026-03-10 10:58:07,125 - pipeline - INFO - Analyzing 1 file(s) for REF in Poor
2026-03-10 10:58:07,181 - pipeline - INFO - Analyzing 2 file(s) for DUT in Moderate
2026-03-10 10:58:07,181 - pipeline - INFO - Analyzing 2 file(s) for DUT in Moderate
2026-03-10 10:58:07,229 - pipeline - INFO - Analyzing 2 file(s) for REF in Moderate
2026-03-10 10:58:07,229 - pipeline - INFO - Analyzing 2 file(s) for REF in Moderate
2026-03-10 10:58:07,292 - pipeline - INFO - Analyzing 1 file(s) for DUT in Poor
2026-03-10 10:58:07,292 - pipeline - INFO - Analyzing 1 file(s) for DUT in Poor
2026-03-10 10:58:07,327 - pipeline - INFO - Analyzing 1 file(s) for REF in Poor
2026-03-10 10:58:07,327 - pipeline - INFO - Analyzing 1 file(s) for REF in Poor
2026-03-10 10:58:07,357 - pipeline - INFO - Analyzing 1 file(s) for DUT in Mobility Test
2026-03-10 10:58:07,357 - pipeline - INFO - Analyzing 1 file(s) for DUT in Mobility Test
2026-03-10 10:58:07,638 - pipeline - INFO - Analyzing 1 file(s) for REF in Mobility Test
2026-03-10 10:58:07,638 - pipeline - INFO - Analyzing 1 file(s) for REF in Mobility Test
2026-03-10 10:58:07,935 - pipeline - INFO - Analyzing 1 file(s) for DUT in Moderate
2026-03-10 10:58:07,935 - pipeline - INFO - Analyzing 1 file(s) for DUT in Moderate
2026-03-10 10:58:07,991 - pipeline - INFO - Analyzing 1 file(s) for REF in Moderate
2026-03-10 10:58:07,991 - pipeline - INFO - Analyzing 1 file(s) for REF in Moderate
2026-03-10 10:58:08,042 - pipeline - INFO - Analyzing 1 file(s) for DUT in Poor
2026-03-10 10:58:08,042 - pipeline - INFO - Analyzing 1 file(s) for DUT in Poor
2026-03-10 10:58:08,097 - pipeline - INFO - Analyzing 1 file(s) for REF in Poor
2026-03-10 10:58:08,097 - pipeline - INFO - Analyzing 1 file(s) for REF in Poor
2026-03-10 10:58:08,150 - pipeline - INFO - Analyzing 1 file(s) for DUT in Moderate
2026-03-10 10:58:08,150 - pipeline - INFO - Analyzing 1 file(s) for DUT in Moderate
2026-03-10 10:58:08,210 - pipeline - INFO - Analyzing 1 file(s) for REF in Moderate
2026-03-10 10:58:08,210 - pipeline - INFO - Analyzing 1 file(s) for REF in Moderate
2026-03-10 10:58:08,268 - pipeline - INFO - Analyzing 1 file(s) for DUT in Poor
2026-03-10 10:58:08,268 - pipeline - INFO - Analyzing 1 file(s) for DUT in Poor
2026-03-10 10:58:08,322 - pipeline - INFO - Analyzing 1 file(s) for REF in Poor
2026-03-10 10:58:08,322 - pipeline - INFO - Analyzing 1 file(s) for REF in Poor
2026-03-10 10:58:08,377 - pipeline - INFO - Analyzing 3 file(s) for DUT in Moderate
2026-03-10 10:58:08,377 - pipeline - INFO - Analyzing 3 file(s) for DUT in Moderate
2026-03-10 10:58:08,501 - pipeline - INFO - Analyzing 3 file(s) for REF in Moderate
2026-03-10 10:58:08,501 - pipeline - INFO - Analyzing 3 file(s) for REF in Moderate
2026-03-10 10:58:08,621 - pipeline - INFO - Analyzing 1 file(s) for DUT in Poor
2026-03-10 10:58:08,621 - pipeline - INFO - Analyzing 1 file(s) for DUT in Poor
2026-03-10 10:58:08,674 - pipeline - INFO - Analyzing 1 file(s) for REF in Poor
2026-03-10 10:58:08,674 - pipeline - INFO - Analyzing 1 file(s) for REF in Poor
2026-03-10 10:58:08,730 - pipeline - INFO - Analyzing 1 file(s) for DUT in Moderate
2026-03-10 10:58:08,730 - pipeline - INFO - Analyzing 1 file(s) for DUT in Moderate
2026-03-10 10:58:08,784 - pipeline - INFO - Analyzing 1 file(s) for REF in Moderate
2026-03-10 10:58:08,784 - pipeline - INFO - Analyzing 1 file(s) for REF in Moderate
2026-03-10 10:58:08,832 - pipeline - INFO - Analyzing 1 file(s) for DUT in Poor
2026-03-10 10:58:08,832 - pipeline - INFO - Analyzing 1 file(s) for DUT in Poor
2026-03-10 10:58:08,882 - pipeline - INFO - Analyzing 1 file(s) for REF in Poor
2026-03-10 10:58:08,882 - pipeline - INFO - Analyzing 1 file(s) for REF in Poor
2026-03-10 10:58:08,932 - pipeline - INFO - Analyzing 1 file(s) for DUT in Moderate
2026-03-10 10:58:08,932 - pipeline - INFO - Analyzing 1 file(s) for DUT in Moderate
2026-03-10 10:58:08,982 - pipeline - INFO - Analyzing 1 file(s) for REF in Moderate
2026-03-10 10:58:08,982 - pipeline - INFO - Analyzing 1 file(s) for REF in Moderate
2026-03-10 10:58:09,033 - pipeline - INFO - Analyzing 1 file(s) for DUT in Poor
2026-03-10 10:58:09,033 - pipeline - INFO - Analyzing 1 file(s) for DUT in Poor
2026-03-10 10:58:09,084 - pipeline - INFO - Analyzing 1 file(s) for REF in Poor
2026-03-10 10:58:09,084 - pipeline - INFO - Analyzing 1 file(s) for REF in Poor
2026-03-10 10:58:09,133 - pipeline - INFO - Processing directory-level analyses...
2026-03-10 10:58:09,133 - pipeline - INFO - Processing directory-level analyses...
2026-03-10 10:58:09,134 - pipeline - INFO - Analyzing Coverage directory: D:/ReportGenerator/Raw Data\#Huaqin\Seattle\Coverage Performance (Type: coverage_coordinate)
2026-03-10 10:58:09,134 - pipeline - INFO - Analyzing Coverage directory: D:/ReportGenerator/Raw Data\#Huaqin\Seattle\Coverage Performance (Type: coverage_coordinate)
2026-03-10 10:58:09,135 - pipeline - INFO - Analyzing Coverage directory: D:/ReportGenerator/Raw Data\#Huaqin\Seattle\Coverage Performance/5G n41 HPUE Coverage Test (Type: n41_coverage)
2026-03-10 10:58:09,135 - pipeline - INFO - Analyzing Coverage directory: D:/ReportGenerator/Raw Data\#Huaqin\Seattle\Coverage Performance/5G n41 HPUE Coverage Test (Type: n41_coverage)
2026-03-10 10:58:09,851 - pipeline - INFO - Analyzing Coverage directory: D:/ReportGenerator/Raw Data\#Huaqin\Seattle\Coverage Performance/5G VoNR Coverage Test (Type: vonr_coverage_performance)
2026-03-10 10:58:09,851 - pipeline - INFO - Analyzing Coverage directory: D:/ReportGenerator/Raw Data\#Huaqin\Seattle\Coverage Performance/5G VoNR Coverage Test (Type: vonr_coverage_performance)
2026-03-10 10:58:10,848 - pipeline - INFO - Running timeline analysis for: Coverage Performance/5G VoNR Coverage Test
2026-03-10 10:58:10,848 - pipeline - INFO - Running timeline analysis for: Coverage Performance/5G VoNR Coverage Test
2026-03-10 10:58:10,848 - pipeline - INFO - Analyzing Coverage directory: D:/ReportGenerator/Raw Data\#Huaqin\Seattle\Coverage Performance/5G VoNR Coverage Test (Type: coverage_timeline)
2026-03-10 10:58:10,848 - pipeline - INFO - Analyzing Coverage directory: D:/ReportGenerator/Raw Data\#Huaqin\Seattle\Coverage Performance/5G VoNR Coverage Test (Type: coverage_timeline)
2026-03-10 10:58:10,848 - pipeline - INFO - Analyzing Coverage Timeline for: D:/ReportGenerator/Raw Data\#Huaqin\Seattle\Coverage Performance/5G VoNR Coverage Test
2026-03-10 10:58:10,848 - pipeline - INFO - Analyzing Coverage Timeline for: D:/ReportGenerator/Raw Data\#Huaqin\Seattle\Coverage Performance/5G VoNR Coverage Test
2026-03-10 10:58:10,849 - pipeline - INFO - Processing rsrp timeline...
2026-03-10 10:58:10,849 - pipeline - INFO - Processing rsrp timeline...
2026-03-10 10:58:11,277 - pipeline - INFO - Processing sinr timeline...
2026-03-10 10:58:11,277 - pipeline - INFO - Processing sinr timeline...
2026-03-10 10:58:11,698 - pipeline - INFO - Processing txpower timeline...
2026-03-10 10:58:11,698 - pipeline - INFO - Processing txpower timeline...
2026-03-10 10:58:12,121 - pipeline - INFO - Analyzing Coverage directory: D:/ReportGenerator/Raw Data\#Huaqin\Seattle\Coverage Performance/LTE Coverage Test (Type: vonr_coverage_performance)
2026-03-10 10:58:12,121 - pipeline - INFO - Analyzing Coverage directory: D:/ReportGenerator/Raw Data\#Huaqin\Seattle\Coverage Performance/LTE Coverage Test (Type: vonr_coverage_performance)
2026-03-10 10:58:12,122 - pipeline - INFO - Using Seattle_LTE coordinates for LTE Coverage Test
2026-03-10 10:58:12,122 - pipeline - INFO - Using Seattle_LTE coordinates for LTE Coverage Test
2026-03-10 10:58:13,131 - pipeline - INFO - Running timeline analysis for: Coverage Performance/LTE Coverage Test
2026-03-10 10:58:13,131 - pipeline - INFO - Running timeline analysis for: Coverage Performance/LTE Coverage Test
2026-03-10 10:58:13,131 - pipeline - INFO - Analyzing Coverage directory: D:/ReportGenerator/Raw Data\#Huaqin\Seattle\Coverage Performance/LTE Coverage Test (Type: coverage_timeline)
2026-03-10 10:58:13,131 - pipeline - INFO - Analyzing Coverage directory: D:/ReportGenerator/Raw Data\#Huaqin\Seattle\Coverage Performance/LTE Coverage Test (Type: coverage_timeline)
2026-03-10 10:58:13,132 - pipeline - INFO - Using Seattle_LTE coordinates for LTE Coverage Test
2026-03-10 10:58:13,132 - pipeline - INFO - Using Seattle_LTE coordinates for LTE Coverage Test
2026-03-10 10:58:13,132 - pipeline - INFO - Analyzing Coverage Timeline for: D:/ReportGenerator/Raw Data\#Huaqin\Seattle\Coverage Performance/LTE Coverage Test
2026-03-10 10:58:13,132 - pipeline - INFO - Analyzing Coverage Timeline for: D:/ReportGenerator/Raw Data\#Huaqin\Seattle\Coverage Performance/LTE Coverage Test
2026-03-10 10:58:13,133 - pipeline - INFO - Processing rsrp timeline...
2026-03-10 10:58:13,133 - pipeline - INFO - Processing rsrp timeline...
2026-03-10 10:58:13,306 - pipeline - INFO - Processing sinr timeline...
2026-03-10 10:58:13,306 - pipeline - INFO - Processing sinr timeline...
2026-03-10 10:58:13,495 - pipeline - INFO - Processing txpower timeline...
2026-03-10 10:58:13,495 - pipeline - INFO - Processing txpower timeline...
2026-03-10 10:58:13,689 - pipeline - INFO - Analyzing Google Throughput directory: D:/ReportGenerator/Raw Data\#Huaqin\Seattle\Data Performance/5G AUTO DP/5G Auto Data Play-store app Download
2026-03-10 10:58:13,689 - pipeline - INFO - Analyzing Google Throughput directory: D:/ReportGenerator/Raw Data\#Huaqin\Seattle\Data Performance/5G AUTO DP/5G Auto Data Play-store app Download
2026-03-10 10:58:13,689 - pipeline - INFO - Processing Play Store file: _20260309_211736_CH01_TMO_5G DP_Play Store 30MB_SEA L1 DUT_.csv (Size: 30M, Device: DUT, Location: Good)
2026-03-10 10:58:13,689 - pipeline - INFO - Processing Play Store file: _20260309_211736_CH01_TMO_5G DP_Play Store 30MB_SEA L1 DUT_.csv (Size: 30M, Device: DUT, Location: Good)
2026-03-10 10:58:13,711 - pipeline - INFO - Successfully analyzed _20260309_211736_CH01_TMO_5G DP_Play Store 30MB_SEA L1 DUT_.csv: 101.52649122807017
2026-03-10 10:58:13,711 - pipeline - INFO - Successfully analyzed _20260309_211736_CH01_TMO_5G DP_Play Store 30MB_SEA L1 DUT_.csv: 101.52649122807017
2026-03-10 10:58:13,712 - pipeline - INFO - Processing Play Store file: _20260309_211736_CH02_TMO_5G DP_Play Store 30MB_SEA L1 REF_.csv (Size: 30M, Device: REF, Location: Good)
2026-03-10 10:58:13,712 - pipeline - INFO - Processing Play Store file: _20260309_211736_CH02_TMO_5G DP_Play Store 30MB_SEA L1 REF_.csv (Size: 30M, Device: REF, Location: Good)
2026-03-10 10:58:13,735 - pipeline - INFO - Successfully analyzed _20260309_211736_CH02_TMO_5G DP_Play Store 30MB_SEA L1 REF_.csv: 103.63114035087719
2026-03-10 10:58:13,735 - pipeline - INFO - Successfully analyzed _20260309_211736_CH02_TMO_5G DP_Play Store 30MB_SEA L1 REF_.csv: 103.63114035087719
2026-03-10 10:58:13,735 - pipeline - INFO - Processing Play Store file: _20260309_212413_CH01_TMO_5G DP_Play Store 60MB_SEA L1 DUT_.csv (Size: 60M, Device: DUT, Location: Good)
2026-03-10 10:58:13,735 - pipeline - INFO - Processing Play Store file: _20260309_212413_CH01_TMO_5G DP_Play Store 60MB_SEA L1 DUT_.csv (Size: 60M, Device: DUT, Location: Good)
2026-03-10 10:58:13,753 - pipeline - INFO - Successfully analyzed _20260309_212413_CH01_TMO_5G DP_Play Store 60MB_SEA L1 DUT_.csv: 176.77827731092438
2026-03-10 10:58:13,753 - pipeline - INFO - Successfully analyzed _20260309_212413_CH01_TMO_5G DP_Play Store 60MB_SEA L1 DUT_.csv: 176.77827731092438
2026-03-10 10:58:13,754 - pipeline - INFO - Processing Play Store file: _20260309_212413_CH02_TMO_5G DP_Play Store 60MB_SEA L1 REF_.csv (Size: 60M, Device: REF, Location: Good)
2026-03-10 10:58:13,754 - pipeline - INFO - Processing Play Store file: _20260309_212413_CH02_TMO_5G DP_Play Store 60MB_SEA L1 REF_.csv (Size: 60M, Device: REF, Location: Good)
2026-03-10 10:58:13,769 - pipeline - INFO - Successfully analyzed _20260309_212413_CH02_TMO_5G DP_Play Store 60MB_SEA L1 REF_.csv: 206.94995098039215
2026-03-10 10:58:13,769 - pipeline - INFO - Successfully analyzed _20260309_212413_CH02_TMO_5G DP_Play Store 60MB_SEA L1 REF_.csv: 206.94995098039215
2026-03-10 10:58:13,770 - pipeline - INFO - Processing Play Store file: _20260309_213107_CH01_TMO_5G DP_Play Store 100MB_SEA L1 DUT_.csv (Size: 100M, Device: DUT, Location: Good)
2026-03-10 10:58:13,770 - pipeline - INFO - Processing Play Store file: _20260309_213107_CH01_TMO_5G DP_Play Store 100MB_SEA L1 DUT_.csv (Size: 100M, Device: DUT, Location: Good)
2026-03-10 10:58:13,786 - pipeline - INFO - Successfully analyzed _20260309_213107_CH01_TMO_5G DP_Play Store 100MB_SEA L1 DUT_.csv: 275.9479563492063
2026-03-10 10:58:13,786 - pipeline - INFO - Successfully analyzed _20260309_213107_CH01_TMO_5G DP_Play Store 100MB_SEA L1 DUT_.csv: 275.9479563492063
2026-03-10 10:58:13,787 - pipeline - INFO - Processing Play Store file: _20260309_213107_CH02_TMO_5G DP_Play Store 100MB_SEA L1 REF_.csv (Size: 100M, Device: REF, Location: Good)
2026-03-10 10:58:13,787 - pipeline - INFO - Processing Play Store file: _20260309_213107_CH02_TMO_5G DP_Play Store 100MB_SEA L1 REF_.csv (Size: 100M, Device: REF, Location: Good)
2026-03-10 10:58:13,804 - pipeline - INFO - Successfully analyzed _20260309_213107_CH02_TMO_5G DP_Play Store 100MB_SEA L1 REF_.csv: 250.66366987179487
2026-03-10 10:58:13,804 - pipeline - INFO - Successfully analyzed _20260309_213107_CH02_TMO_5G DP_Play Store 100MB_SEA L1 REF_.csv: 250.66366987179487
2026-03-10 10:58:13,804 - pipeline - INFO - Processing Play Store file: _20260301_170456_CH01_TMO_5G AUTO_Play Store 30MB_SEA L2 DUT_.csv (Size: 30M, Device: DUT, Location: Moderate)
2026-03-10 10:58:13,804 - pipeline - INFO - Processing Play Store file: _20260301_170456_CH01_TMO_5G AUTO_Play Store 30MB_SEA L2 DUT_.csv (Size: 30M, Device: DUT, Location: Moderate)
2026-03-10 10:58:13,834 - pipeline - INFO - Successfully analyzed _20260301_170456_CH01_TMO_5G AUTO_Play Store 30MB_SEA L2 DUT_.csv: 50.36797698135199
2026-03-10 10:58:13,834 - pipeline - INFO - Successfully analyzed _20260301_170456_CH01_TMO_5G AUTO_Play Store 30MB_SEA L2 DUT_.csv: 50.36797698135199
2026-03-10 10:58:13,835 - pipeline - INFO - Processing Play Store file: _20260301_170456_CH02_TMO_5G AUTO_Play Store 30MB_SEA L2 REF_.csv (Size: 30M, Device: REF, Location: Moderate)
2026-03-10 10:58:13,835 - pipeline - INFO - Processing Play Store file: _20260301_170456_CH02_TMO_5G AUTO_Play Store 30MB_SEA L2 REF_.csv (Size: 30M, Device: REF, Location: Moderate)
2026-03-10 10:58:13,857 - pipeline - INFO - Successfully analyzed _20260301_170456_CH02_TMO_5G AUTO_Play Store 30MB_SEA L2 REF_.csv: 21.685335990087253
2026-03-10 10:58:13,857 - pipeline - INFO - Successfully analyzed _20260301_170456_CH02_TMO_5G AUTO_Play Store 30MB_SEA L2 REF_.csv: 21.685335990087253
2026-03-10 10:58:13,857 - pipeline - INFO - Processing Play Store file: _20260301_172130_CH01_TMO_5G AUTO_Play Store 60MB_SEA L2 DUT_.csv (Size: 60M, Device: DUT, Location: Moderate)
2026-03-10 10:58:13,857 - pipeline - INFO - Processing Play Store file: _20260301_172130_CH01_TMO_5G AUTO_Play Store 60MB_SEA L2 DUT_.csv (Size: 60M, Device: DUT, Location: Moderate)
2026-03-10 10:58:13,884 - pipeline - INFO - Successfully analyzed _20260301_172130_CH01_TMO_5G AUTO_Play Store 60MB_SEA L2 DUT_.csv: 68.01557486173957
2026-03-10 10:58:13,884 - pipeline - INFO - Successfully analyzed _20260301_172130_CH01_TMO_5G AUTO_Play Store 60MB_SEA L2 DUT_.csv: 68.01557486173957
2026-03-10 10:58:13,884 - pipeline - INFO - Processing Play Store file: _20260301_172130_CH02_TMO_5G AUTO_Play Store 60MB_SEA L2 REF_.csv (Size: 60M, Device: REF, Location: Moderate)
2026-03-10 10:58:13,884 - pipeline - INFO - Processing Play Store file: _20260301_172130_CH02_TMO_5G AUTO_Play Store 60MB_SEA L2 REF_.csv (Size: 60M, Device: REF, Location: Moderate)
2026-03-10 10:58:13,909 - pipeline - INFO - Successfully analyzed _20260301_172130_CH02_TMO_5G AUTO_Play Store 60MB_SEA L2 REF_.csv: 27.65214870054606
2026-03-10 10:58:13,909 - pipeline - INFO - Successfully analyzed _20260301_172130_CH02_TMO_5G AUTO_Play Store 60MB_SEA L2 REF_.csv: 27.65214870054606
2026-03-10 10:58:13,910 - pipeline - INFO - Processing Play Store file: _20260301_174915_CH01_TMO_5G AUTO_Play Store 100MB_SEA L2 DUT_.csv (Size: 100M, Device: DUT, Location: Moderate)
2026-03-10 10:58:13,910 - pipeline - INFO - Processing Play Store file: _20260301_174915_CH01_TMO_5G AUTO_Play Store 100MB_SEA L2 DUT_.csv (Size: 100M, Device: DUT, Location: Moderate)
2026-03-10 10:58:13,934 - pipeline - INFO - Successfully analyzed _20260301_174915_CH01_TMO_5G AUTO_Play Store 100MB_SEA L2 DUT_.csv: 79.26933897391983
2026-03-10 10:58:13,934 - pipeline - INFO - Successfully analyzed _20260301_174915_CH01_TMO_5G AUTO_Play Store 100MB_SEA L2 DUT_.csv: 79.26933897391983
2026-03-10 10:58:13,935 - pipeline - INFO - Processing Play Store file: _20260301_174915_CH02_TMO_5G AUTO_Play Store 100MB_SEA L2 REF_.csv (Size: 100M, Device: REF, Location: Moderate)
2026-03-10 10:58:13,935 - pipeline - INFO - Processing Play Store file: _20260301_174915_CH02_TMO_5G AUTO_Play Store 100MB_SEA L2 REF_.csv (Size: 100M, Device: REF, Location: Moderate)
2026-03-10 10:58:13,958 - pipeline - INFO - Successfully analyzed _20260301_174915_CH02_TMO_5G AUTO_Play Store 100MB_SEA L2 REF_.csv: 34.360031172181216
2026-03-10 10:58:13,958 - pipeline - INFO - Successfully analyzed _20260301_174915_CH02_TMO_5G AUTO_Play Store 100MB_SEA L2 REF_.csv: 34.360031172181216
2026-03-10 10:58:13,959 - pipeline - INFO - Processing Play Store file: _20260305_133728_CH01_TMO_5G AUTO_Play Store 30 MB_SEA L3 DUT_.csv (Size: 30M, Device: DUT, Location: Poor)
2026-03-10 10:58:13,959 - pipeline - INFO - Processing Play Store file: _20260305_133728_CH01_TMO_5G AUTO_Play Store 30 MB_SEA L3 DUT_.csv (Size: 30M, Device: DUT, Location: Poor)
2026-03-10 10:58:13,979 - pipeline - INFO - Successfully analyzed _20260305_133728_CH01_TMO_5G AUTO_Play Store 30 MB_SEA L3 DUT_.csv: 5.628453927791787
2026-03-10 10:58:13,979 - pipeline - INFO - Successfully analyzed _20260305_133728_CH01_TMO_5G AUTO_Play Store 30 MB_SEA L3 DUT_.csv: 5.628453927791787
2026-03-10 10:58:13,980 - pipeline - INFO - Processing Play Store file: _20260305_133728_CH02_TMO_5G AUTO_Play Store 30 MB_SEA L3 REF_.csv (Size: 30M, Device: REF, Location: Poor)
2026-03-10 10:58:13,980 - pipeline - INFO - Processing Play Store file: _20260305_133728_CH02_TMO_5G AUTO_Play Store 30 MB_SEA L3 REF_.csv (Size: 30M, Device: REF, Location: Poor)
2026-03-10 10:58:14,001 - pipeline - INFO - Successfully analyzed _20260305_133728_CH02_TMO_5G AUTO_Play Store 30 MB_SEA L3 REF_.csv: 10.442949336003807
2026-03-10 10:58:14,001 - pipeline - INFO - Successfully analyzed _20260305_133728_CH02_TMO_5G AUTO_Play Store 30 MB_SEA L3 REF_.csv: 10.442949336003807
2026-03-10 10:58:14,002 - pipeline - INFO - Processing Play Store file: _20260305_135026_CH01_TMO_5G AUTO_Play Store 60 MB_SEA L3 DUT_.csv (Size: 60M, Device: DUT, Location: Poor)
2026-03-10 10:58:14,002 - pipeline - INFO - Processing Play Store file: _20260305_135026_CH01_TMO_5G AUTO_Play Store 60 MB_SEA L3 DUT_.csv (Size: 60M, Device: DUT, Location: Poor)
2026-03-10 10:58:14,026 - pipeline - INFO - Successfully analyzed _20260305_135026_CH01_TMO_5G AUTO_Play Store 60 MB_SEA L3 DUT_.csv: 4.197943396036771
2026-03-10 10:58:14,026 - pipeline - INFO - Successfully analyzed _20260305_135026_CH01_TMO_5G AUTO_Play Store 60 MB_SEA L3 DUT_.csv: 4.197943396036771
2026-03-10 10:58:14,026 - pipeline - INFO - Processing Play Store file: _20260305_135026_CH02_TMO_5G AUTO_Play Store 60 MB_SEA L3 REF_.csv (Size: 60M, Device: REF, Location: Poor)
2026-03-10 10:58:14,026 - pipeline - INFO - Processing Play Store file: _20260305_135026_CH02_TMO_5G AUTO_Play Store 60 MB_SEA L3 REF_.csv (Size: 60M, Device: REF, Location: Poor)
2026-03-10 10:58:14,051 - pipeline - INFO - Successfully analyzed _20260305_135026_CH02_TMO_5G AUTO_Play Store 60 MB_SEA L3 REF_.csv: 4.366513168700669
2026-03-10 10:58:14,051 - pipeline - INFO - Successfully analyzed _20260305_135026_CH02_TMO_5G AUTO_Play Store 60 MB_SEA L3 REF_.csv: 4.366513168700669
2026-03-10 10:58:14,052 - pipeline - INFO - Processing Play Store file: _20260305_140649_CH01_TMO_5G AUTO_Play Store 100 MB_SEA L3 DUT_.csv (Size: 100M, Device: DUT, Location: Poor)
2026-03-10 10:58:14,052 - pipeline - INFO - Processing Play Store file: _20260305_140649_CH01_TMO_5G AUTO_Play Store 100 MB_SEA L3 DUT_.csv (Size: 100M, Device: DUT, Location: Poor)
2026-03-10 10:58:14,073 - pipeline - INFO - Successfully analyzed _20260305_140649_CH01_TMO_5G AUTO_Play Store 100 MB_SEA L3 DUT_.csv: 2.900268355969123
2026-03-10 10:58:14,073 - pipeline - INFO - Successfully analyzed _20260305_140649_CH01_TMO_5G AUTO_Play Store 100 MB_SEA L3 DUT_.csv: 2.900268355969123
2026-03-10 10:58:14,074 - pipeline - INFO - Processing Play Store file: _20260305_140649_CH02_TMO_5G AUTO_Play Store 100 MB_SEA L3 REF_.csv (Size: 100M, Device: REF, Location: Poor)
2026-03-10 10:58:14,074 - pipeline - INFO - Processing Play Store file: _20260305_140649_CH02_TMO_5G AUTO_Play Store 100 MB_SEA L3 REF_.csv (Size: 100M, Device: REF, Location: Poor)
2026-03-10 10:58:14,096 - pipeline - INFO - Successfully analyzed _20260305_140649_CH02_TMO_5G AUTO_Play Store 100 MB_SEA L3 REF_.csv: 4.377377698089845
2026-03-10 10:58:14,096 - pipeline - INFO - Successfully analyzed _20260305_140649_CH02_TMO_5G AUTO_Play Store 100 MB_SEA L3 REF_.csv: 4.377377698089845
2026-03-10 10:58:14,097 - pipeline - INFO - Google Throughput analysis directory processing complete. Results found: True
2026-03-10 10:58:14,097 - pipeline - INFO - Google Throughput analysis directory processing complete. Results found: True
2026-03-10 10:58:14,097 - pipeline - INFO - Analyzing MHS Drive directory: D:/ReportGenerator/Raw Data\#Huaqin\Seattle\Data Performance/5G AUTO DP/Mobility Test/5G Auto Data Test MHS Drive
2026-03-10 10:58:14,097 - pipeline - INFO - Analyzing MHS Drive directory: D:/ReportGenerator/Raw Data\#Huaqin\Seattle\Data Performance/5G AUTO DP/Mobility Test/5G Auto Data Test MHS Drive
2026-03-10 10:58:15,073 - pipeline - INFO - Analyzing MHS Drive directory: D:/ReportGenerator/Raw Data\#Huaqin\Seattle\Data Performance/5G AUTO DP/Mobility Test/5G Auto Data Test Drive
2026-03-10 10:58:15,073 - pipeline - INFO - Analyzing MHS Drive directory: D:/ReportGenerator/Raw Data\#Huaqin\Seattle\Data Performance/5G AUTO DP/Mobility Test/5G Auto Data Test Drive
2026-03-10 10:58:16,003 - pipeline - INFO - Analyzing MHS Drive directory: D:/ReportGenerator/Raw Data\#Huaqin\Seattle\Data Performance/5G NSA DP/Mobility Test
2026-03-10 10:58:16,003 - pipeline - INFO - Analyzing MHS Drive directory: D:/ReportGenerator/Raw Data\#Huaqin\Seattle\Data Performance/5G NSA DP/Mobility Test
2026-03-10 10:58:17,084 - pipeline - INFO - Running post-processing (VqLineChart, Coverage extraction)...
2026-03-10 10:58:17,084 - pipeline - INFO - Running post-processing (VqLineChart, Coverage extraction)...
2026-03-10 10:58:17,198 - pipeline - INFO - Checking for CDF Throughput data to export...
2026-03-10 10:58:17,198 - pipeline - INFO - Checking for CDF Throughput data to export...
2026-03-10 10:58:17,241 - pipeline - INFO - Exported 112 CDF throughput JSON files to D:/ReportGenerator/report-generator-app/public/AnalyzeResults\#Huaqin\Seattle\cdf_throughput_data
2026-03-10 10:58:17,241 - pipeline - INFO - Exported 112 CDF throughput JSON files to D:/ReportGenerator/report-generator-app/public/AnalyzeResults\#Huaqin\Seattle\cdf_throughput_data
2026-03-10 10:58:17,252 - pipeline - INFO - Data Performance results exported to D:/ReportGenerator/report-generator-app/public/AnalyzeResults\#Huaqin\Seattle\data_performance_results.json
2026-03-10 10:58:17,252 - pipeline - INFO - Data Performance results exported to D:/ReportGenerator/report-generator-app/public/AnalyzeResults\#Huaqin\Seattle\data_performance_results.json
2026-03-10 10:58:17,259 - pipeline - INFO - Coverage Performance results exported to D:/ReportGenerator/report-generator-app/public/AnalyzeResults\#Huaqin\Seattle\coverage_performance_results.json
2026-03-10 10:58:17,259 - pipeline - INFO - Coverage Performance results exported to D:/ReportGenerator/report-generator-app/public/AnalyzeResults\#Huaqin\Seattle\coverage_performance_results.json
2026-03-10 10:58:17,260 - pipeline - INFO - Processing summary exported to D:/ReportGenerator/report-generator-app/public/AnalyzeResults\#Huaqin\Seattle\processing_summary.json
2026-03-10 10:58:17,260 - pipeline - INFO - Processing summary exported to D:/ReportGenerator/report-generator-app/public/AnalyzeResults\#Huaqin\Seattle\processing_summary.json
2026-03-10 10:58:17,261 - pipeline - INFO - Running final data validation...
2026-03-10 10:58:17,261 - pipeline - INFO - Running final data validation...
2026-03-10 10:58:17,284 - pipeline - WARNING - Summary of Empty collections found in JSON files:
2026-03-10 10:58:17,284 - pipeline - WARNING - Summary of Empty collections found in JSON files:
2026-03-10 10:58:17,284 - pipeline - WARNING -   - data_performance_results.json -> Data Performance -> 5G AUTO DP -> HTTP Multi Stream -> DL -> Good -> DUT -> Throughput -> Outliers -> Empty List
2026-03-10 10:58:17,284 - pipeline - WARNING -   - data_performance_results.json -> Data Performance -> 5G AUTO DP -> HTTP Multi Stream -> DL -> Good -> DUT -> Throughput -> Outliers -> Empty List
2026-03-10 10:58:17,285 - pipeline - WARNING -   - data_performance_results.json -> Data Performance -> 5G AUTO DP -> HTTP Multi Stream -> DL -> Good -> REF -> Throughput -> Outliers -> Empty List
2026-03-10 10:58:17,285 - pipeline - WARNING -   - data_performance_results.json -> Data Performance -> 5G AUTO DP -> HTTP Multi Stream -> DL -> Good -> REF -> Throughput -> Outliers -> Empty List
2026-03-10 10:58:17,285 - pipeline - WARNING -   - data_performance_results.json -> Data Performance -> 5G AUTO DP -> HTTP Multi Stream -> DL -> Moderate -> DUT -> Throughput -> Outliers -> Empty List
2026-03-10 10:58:17,285 - pipeline - WARNING -   - data_performance_results.json -> Data Performance -> 5G AUTO DP -> HTTP Multi Stream -> DL -> Moderate -> DUT -> Throughput -> Outliers -> Empty List
2026-03-10 10:58:17,285 - pipeline - WARNING -   - data_performance_results.json -> Data Performance -> 5G AUTO DP -> HTTP Multi Stream -> DL -> Moderate -> REF -> Throughput -> Outliers -> Empty List
2026-03-10 10:58:17,285 - pipeline - WARNING -   - data_performance_results.json -> Data Performance -> 5G AUTO DP -> HTTP Multi Stream -> DL -> Moderate -> REF -> Throughput -> Outliers -> Empty List
2026-03-10 10:58:17,286 - pipeline - WARNING -   - data_performance_results.json -> Data Performance -> 5G AUTO DP -> HTTP Multi Stream -> DL -> Poor -> DUT -> Throughput -> Outliers -> Empty List
2026-03-10 10:58:17,286 - pipeline - WARNING -   - data_performance_results.json -> Data Performance -> 5G AUTO DP -> HTTP Multi Stream -> DL -> Poor -> DUT -> Throughput -> Outliers -> Empty List
2026-03-10 10:58:17,286 - pipeline - WARNING -   - data_performance_results.json -> Data Performance -> 5G AUTO DP -> HTTP Multi Stream -> DL -> Poor -> REF -> Throughput -> Outliers -> Empty List
2026-03-10 10:58:17,286 - pipeline - WARNING -   - data_performance_results.json -> Data Performance -> 5G AUTO DP -> HTTP Multi Stream -> DL -> Poor -> REF -> Throughput -> Outliers -> Empty List
2026-03-10 10:58:17,286 - pipeline - WARNING -   - data_performance_results.json -> Data Performance -> 5G AUTO DP -> HTTP Multi Stream -> UL -> Good -> REF -> Throughput -> Outliers -> Empty List
2026-03-10 10:58:17,286 - pipeline - WARNING -   - data_performance_results.json -> Data Performance -> 5G AUTO DP -> HTTP Multi Stream -> UL -> Good -> REF -> Throughput -> Outliers -> Empty List
2026-03-10 10:58:17,287 - pipeline - WARNING -   - data_performance_results.json -> Data Performance -> 5G AUTO DP -> HTTP Multi Stream -> UL -> Moderate -> DUT -> Throughput -> Outliers -> Empty List
2026-03-10 10:58:17,287 - pipeline - WARNING -   - data_performance_results.json -> Data Performance -> 5G AUTO DP -> HTTP Multi Stream -> UL -> Moderate -> DUT -> Throughput -> Outliers -> Empty List
2026-03-10 10:58:17,287 - pipeline - WARNING -   - data_performance_results.json -> Data Performance -> 5G AUTO DP -> HTTP Single Stream -> DL -> Good -> DUT -> Throughput -> Outliers -> Empty List
2026-03-10 10:58:17,287 - pipeline - WARNING -   - data_performance_results.json -> Data Performance -> 5G AUTO DP -> HTTP Single Stream -> DL -> Good -> DUT -> Throughput -> Outliers -> Empty List
2026-03-10 10:58:17,287 - pipeline - WARNING -   - data_performance_results.json -> Data Performance -> 5G AUTO DP -> HTTP Single Stream -> DL -> Moderate -> DUT -> Throughput -> Outliers -> Empty List
2026-03-10 10:58:17,287 - pipeline - WARNING -   - data_performance_results.json -> Data Performance -> 5G AUTO DP -> HTTP Single Stream -> DL -> Moderate -> DUT -> Throughput -> Outliers -> Empty List
2026-03-10 10:58:17,287 - pipeline - WARNING -   - data_performance_results.json -> Data Performance -> 5G AUTO DP -> HTTP Single Stream -> DL -> Poor -> REF -> Throughput -> Outliers -> Empty List
2026-03-10 10:58:17,287 - pipeline - WARNING -   - data_performance_results.json -> Data Performance -> 5G AUTO DP -> HTTP Single Stream -> DL -> Poor -> REF -> Throughput -> Outliers -> Empty List
2026-03-10 10:58:17,287 - pipeline - WARNING -   - data_performance_results.json -> Data Performance -> 5G AUTO DP -> Mobile Hotspot Test -> HTTP Multi Stream -> DL -> Poor -> DUT -> Throughput -> Outliers -> Empty List
2026-03-10 10:58:17,287 - pipeline - WARNING -   - data_performance_results.json -> Data Performance -> 5G AUTO DP -> Mobile Hotspot Test -> HTTP Multi Stream -> DL -> Poor -> DUT -> Throughput -> Outliers -> Empty List
2026-03-10 10:58:17,288 - pipeline - WARNING -   - data_performance_results.json -> Data Performance -> 5G AUTO DP -> Mobile Hotspot Test -> HTTP Multi Stream -> DL -> Poor -> REF -> Throughput -> Outliers -> Empty List
2026-03-10 10:58:17,288 - pipeline - WARNING -   - data_performance_results.json -> Data Performance -> 5G AUTO DP -> Mobile Hotspot Test -> HTTP Multi Stream -> DL -> Poor -> REF -> Throughput -> Outliers -> Empty List
2026-03-10 10:58:17,288 - pipeline - WARNING -   - data_performance_results.json -> Data Performance -> 5G AUTO DP -> Mobile Hotspot Test -> HTTP Multi Stream -> UL -> Moderate -> REF -> Throughput -> Outliers -> Empty List
2026-03-10 10:58:17,288 - pipeline - WARNING -   - data_performance_results.json -> Data Performance -> 5G AUTO DP -> Mobile Hotspot Test -> HTTP Multi Stream -> UL -> Moderate -> REF -> Throughput -> Outliers -> Empty List
2026-03-10 10:58:17,288 - pipeline - WARNING -   - data_performance_results.json -> Data Performance -> 5G AUTO DP -> Mobile Hotspot Test -> HTTP Single Stream -> DL -> Moderate -> DUT -> Throughput -> Outliers -> Empty List
2026-03-10 10:58:17,288 - pipeline - WARNING -   - data_performance_results.json -> Data Performance -> 5G AUTO DP -> Mobile Hotspot Test -> HTTP Single Stream -> DL -> Moderate -> DUT -> Throughput -> Outliers -> Empty List
2026-03-10 10:58:17,288 - pipeline - WARNING -   - data_performance_results.json -> Data Performance -> 5G AUTO DP -> Mobile Hotspot Test -> HTTP Single Stream -> DL -> Poor -> REF -> Throughput -> Outliers -> Empty List
2026-03-10 10:58:17,288 - pipeline - WARNING -   - data_performance_results.json -> Data Performance -> 5G AUTO DP -> Mobile Hotspot Test -> HTTP Single Stream -> DL -> Poor -> REF -> Throughput -> Outliers -> Empty List
2026-03-10 10:58:17,289 - pipeline - WARNING -   - data_performance_results.json -> Data Performance -> 5G AUTO DP -> Mobile Hotspot Test -> HTTP Single Stream -> UL -> Moderate -> DUT -> Throughput -> Outliers -> Empty List
2026-03-10 10:58:17,289 - pipeline - WARNING -   - data_performance_results.json -> Data Performance -> 5G AUTO DP -> Mobile Hotspot Test -> HTTP Single Stream -> UL -> Moderate -> DUT -> Throughput -> Outliers -> Empty List
2026-03-10 10:58:17,289 - pipeline - WARNING -   - data_performance_results.json -> Data Performance -> 5G AUTO DP -> Mobile Hotspot Test -> HTTP Single Stream -> UL -> Moderate -> REF -> Throughput -> Outliers -> Empty List
2026-03-10 10:58:17,289 - pipeline - WARNING -   - data_performance_results.json -> Data Performance -> 5G AUTO DP -> Mobile Hotspot Test -> HTTP Single Stream -> UL -> Moderate -> REF -> Throughput -> Outliers -> Empty List
2026-03-10 10:58:17,289 - pipeline - WARNING -   - data_performance_results.json -> Data Performance -> 5G AUTO DP -> Mobile Hotspot Test -> Udp Test -> DL -> UDP Download Task at 200 Mbps for 10 seconds -> Moderate -> DUT -> Throughput -> Outliers -> Empty List
2026-03-10 10:58:17,289 - pipeline - WARNING -   - data_performance_results.json -> Data Performance -> 5G AUTO DP -> Mobile Hotspot Test -> Udp Test -> DL -> UDP Download Task at 200 Mbps for 10 seconds -> Moderate -> DUT -> Throughput -> Outliers -> Empty List
2026-03-10 10:58:17,290 - pipeline - WARNING -   - data_performance_results.json -> Data Performance -> 5G AUTO DP -> Mobile Hotspot Test -> Udp Test -> DL -> UDP Download Task at 200 Mbps for 10 seconds -> Moderate -> REF -> Throughput -> Outliers -> Empty List
2026-03-10 10:58:17,290 - pipeline - WARNING -   - data_performance_results.json -> Data Performance -> 5G AUTO DP -> Mobile Hotspot Test -> Udp Test -> DL -> UDP Download Task at 200 Mbps for 10 seconds -> Moderate -> REF -> Throughput -> Outliers -> Empty List
2026-03-10 10:58:17,290 - pipeline - WARNING -   - data_performance_results.json -> Data Performance -> 5G AUTO DP -> Mobile Hotspot Test -> Udp Test -> DL -> UDP Download Task at 200 Mbps for 10 seconds -> Poor -> DUT -> Throughput -> Outliers -> Empty List
2026-03-10 10:58:17,290 - pipeline - WARNING -   - data_performance_results.json -> Data Performance -> 5G AUTO DP -> Mobile Hotspot Test -> Udp Test -> DL -> UDP Download Task at 200 Mbps for 10 seconds -> Poor -> DUT -> Throughput -> Outliers -> Empty List
2026-03-10 10:58:17,290 - pipeline - WARNING -   - data_performance_results.json -> Data Performance -> 5G AUTO DP -> Mobile Hotspot Test -> Udp Test -> DL -> UDP Download Task at 200 Mbps for 10 seconds -> Poor -> REF -> Throughput -> Outliers -> Empty List
2026-03-10 10:58:17,290 - pipeline - WARNING -   - data_performance_results.json -> Data Performance -> 5G AUTO DP -> Mobile Hotspot Test -> Udp Test -> DL -> UDP Download Task at 200 Mbps for 10 seconds -> Poor -> REF -> Throughput -> Outliers -> Empty List
2026-03-10 10:58:17,291 - pipeline - WARNING -   - data_performance_results.json -> Data Performance -> 5G AUTO DP -> Mobile Hotspot Test -> Udp Test -> DL -> UDP Download Task at 400 Mbps for 10 seconds -> Moderate -> DUT -> Throughput -> Outliers -> Empty List
2026-03-10 10:58:17,291 - pipeline - WARNING -   - data_performance_results.json -> Data Performance -> 5G AUTO DP -> Mobile Hotspot Test -> Udp Test -> DL -> UDP Download Task at 400 Mbps for 10 seconds -> Moderate -> DUT -> Throughput -> Outliers -> Empty List
2026-03-10 10:58:17,291 - pipeline - WARNING -   - data_performance_results.json -> Data Performance -> 5G AUTO DP -> Mobile Hotspot Test -> Udp Test -> DL -> UDP Download Task at 400 Mbps for 10 seconds -> Poor -> REF -> Throughput -> Outliers -> Empty List
2026-03-10 10:58:17,291 - pipeline - WARNING -   - data_performance_results.json -> Data Performance -> 5G AUTO DP -> Mobile Hotspot Test -> Udp Test -> DL -> UDP Download Task at 400 Mbps for 10 seconds -> Poor -> REF -> Throughput -> Outliers -> Empty List
2026-03-10 10:58:17,291 - pipeline - WARNING -   - data_performance_results.json -> Data Performance -> 5G AUTO DP -> Mobile Hotspot Test -> Udp Test -> UL -> UDP Upload Task at 10 Mbps for 10 seconds -> Poor -> REF -> Throughput -> Outliers -> Empty List
2026-03-10 10:58:17,291 - pipeline - WARNING -   - data_performance_results.json -> Data Performance -> 5G AUTO DP -> Mobile Hotspot Test -> Udp Test -> UL -> UDP Upload Task at 10 Mbps for 10 seconds -> Poor -> REF -> Throughput -> Outliers -> Empty List
2026-03-10 10:58:17,292 - pipeline - WARNING -   - data_performance_results.json -> Data Performance -> 5G AUTO DP -> Mobile Hotspot Test -> Udp Test -> UL -> UDP Upload Task at 20 Mbps for 10 seconds -> Poor -> DUT -> Throughput -> Outliers -> Empty List
2026-03-10 10:58:17,292 - pipeline - WARNING -   - data_performance_results.json -> Data Performance -> 5G AUTO DP -> Mobile Hotspot Test -> Udp Test -> UL -> UDP Upload Task at 20 Mbps for 10 seconds -> Poor -> DUT -> Throughput -> Outliers -> Empty List
2026-03-10 10:58:17,292 - pipeline - WARNING -   - data_performance_results.json -> Data Performance -> 5G AUTO DP -> Ping -> Good -> REF -> Ping RTT -> Outliers -> Empty List
2026-03-10 10:58:17,292 - pipeline - WARNING -   - data_performance_results.json -> Data Performance -> 5G AUTO DP -> Ping -> Good -> REF -> Ping RTT -> Outliers -> Empty List
2026-03-10 10:58:17,292 - pipeline - WARNING -   - data_performance_results.json -> Data Performance -> 5G AUTO DP -> Udp Test -> DL -> UDP Download Task at 200 Mbps for 10 seconds -> Good -> DUT -> Throughput -> Outliers -> Empty List
2026-03-10 10:58:17,292 - pipeline - WARNING -   - data_performance_results.json -> Data Performance -> 5G AUTO DP -> Udp Test -> DL -> UDP Download Task at 200 Mbps for 10 seconds -> Good -> DUT -> Throughput -> Outliers -> Empty List
2026-03-10 10:58:17,292 - pipeline - WARNING -   - data_performance_results.json -> Data Performance -> 5G AUTO DP -> Udp Test -> DL -> UDP Download Task at 200 Mbps for 10 seconds -> Good -> REF -> Throughput -> Outliers -> Empty List
2026-03-10 10:58:17,292 - pipeline - WARNING -   - data_performance_results.json -> Data Performance -> 5G AUTO DP -> Udp Test -> DL -> UDP Download Task at 200 Mbps for 10 seconds -> Good -> REF -> Throughput -> Outliers -> Empty List
2026-03-10 10:58:17,293 - pipeline - WARNING -   - data_performance_results.json -> Data Performance -> 5G AUTO DP -> Udp Test -> DL -> UDP Download Task at 200 Mbps for 10 seconds -> Poor -> DUT -> Throughput -> Outliers -> Empty List
2026-03-10 10:58:17,293 - pipeline - WARNING -   - data_performance_results.json -> Data Performance -> 5G AUTO DP -> Udp Test -> DL -> UDP Download Task at 200 Mbps for 10 seconds -> Poor -> DUT -> Throughput -> Outliers -> Empty List
2026-03-10 10:58:17,293 - pipeline - WARNING -   - data_performance_results.json -> Data Performance -> 5G AUTO DP -> Udp Test -> DL -> UDP Download Task at 200 Mbps for 10 seconds -> Poor -> REF -> Throughput -> Outliers -> Empty List
2026-03-10 10:58:17,293 - pipeline - WARNING -   - data_performance_results.json -> Data Performance -> 5G AUTO DP -> Udp Test -> DL -> UDP Download Task at 200 Mbps for 10 seconds -> Poor -> REF -> Throughput -> Outliers -> Empty List
2026-03-10 10:58:17,293 - pipeline - WARNING -   - data_performance_results.json -> Data Performance -> 5G AUTO DP -> Udp Test -> DL -> UDP Download Task at 400 Mbps for 10 seconds -> Good -> DUT -> Throughput -> Outliers -> Empty List
2026-03-10 10:58:17,293 - pipeline - WARNING -   - data_performance_results.json -> Data Performance -> 5G AUTO DP -> Udp Test -> DL -> UDP Download Task at 400 Mbps for 10 seconds -> Good -> DUT -> Throughput -> Outliers -> Empty List
2026-03-10 10:58:17,293 - pipeline - WARNING -   - data_performance_results.json -> Data Performance -> 5G AUTO DP -> Udp Test -> DL -> UDP Download Task at 400 Mbps for 10 seconds -> Good -> REF -> Throughput -> Outliers -> Empty List
2026-03-10 10:58:17,293 - pipeline - WARNING -   - data_performance_results.json -> Data Performance -> 5G AUTO DP -> Udp Test -> DL -> UDP Download Task at 400 Mbps for 10 seconds -> Good -> REF -> Throughput -> Outliers -> Empty List
2026-03-10 10:58:17,294 - pipeline - WARNING -   - data_performance_results.json -> Data Performance -> 5G AUTO DP -> Udp Test -> DL -> UDP Download Task at 400 Mbps for 10 seconds -> Moderate -> REF -> Throughput -> Outliers -> Empty List
2026-03-10 10:58:17,294 - pipeline - WARNING -   - data_performance_results.json -> Data Performance -> 5G AUTO DP -> Udp Test -> DL -> UDP Download Task at 400 Mbps for 10 seconds -> Moderate -> REF -> Throughput -> Outliers -> Empty List
2026-03-10 10:58:17,294 - pipeline - WARNING -   - data_performance_results.json -> Data Performance -> 5G AUTO DP -> Udp Test -> DL -> UDP Download Task at 400 Mbps for 10 seconds -> Poor -> DUT -> Throughput -> Outliers -> Empty List
2026-03-10 10:58:17,294 - pipeline - WARNING -   - data_performance_results.json -> Data Performance -> 5G AUTO DP -> Udp Test -> DL -> UDP Download Task at 400 Mbps for 10 seconds -> Poor -> DUT -> Throughput -> Outliers -> Empty List
2026-03-10 10:58:17,294 - pipeline - WARNING -   - data_performance_results.json -> Data Performance -> 5G AUTO DP -> Udp Test -> DL -> UDP Download Task at 400 Mbps for 10 seconds -> Poor -> REF -> Throughput -> Outliers -> Empty List
2026-03-10 10:58:17,294 - pipeline - WARNING -   - data_performance_results.json -> Data Performance -> 5G AUTO DP -> Udp Test -> DL -> UDP Download Task at 400 Mbps for 10 seconds -> Poor -> REF -> Throughput -> Outliers -> Empty List
2026-03-10 10:58:17,294 - pipeline - WARNING -   - data_performance_results.json -> Data Performance -> 5G NSA DP -> HTTP Multi Stream -> DL -> Moderate -> DUT -> Throughput -> Outliers -> Empty List
2026-03-10 10:58:17,294 - pipeline - WARNING -   - data_performance_results.json -> Data Performance -> 5G NSA DP -> HTTP Multi Stream -> DL -> Moderate -> DUT -> Throughput -> Outliers -> Empty List
2026-03-10 10:58:17,295 - pipeline - WARNING -   - data_performance_results.json -> Data Performance -> 5G NSA DP -> HTTP Multi Stream -> DL -> Moderate -> REF -> Throughput -> Outliers -> Empty List
2026-03-10 10:58:17,295 - pipeline - WARNING -   - data_performance_results.json -> Data Performance -> 5G NSA DP -> HTTP Multi Stream -> DL -> Moderate -> REF -> Throughput -> Outliers -> Empty List
2026-03-10 10:58:17,295 - pipeline - WARNING -   - data_performance_results.json -> Data Performance -> 5G NSA DP -> HTTP Multi Stream -> DL -> Poor -> DUT -> Throughput -> Outliers -> Empty List
2026-03-10 10:58:17,295 - pipeline - WARNING -   - data_performance_results.json -> Data Performance -> 5G NSA DP -> HTTP Multi Stream -> DL -> Poor -> DUT -> Throughput -> Outliers -> Empty List
2026-03-10 10:58:17,295 - pipeline - WARNING -   - data_performance_results.json -> Data Performance -> 5G NSA DP -> HTTP Multi Stream -> DL -> Poor -> REF -> Throughput -> Outliers -> Empty List
2026-03-10 10:58:17,295 - pipeline - WARNING -   - data_performance_results.json -> Data Performance -> 5G NSA DP -> HTTP Multi Stream -> DL -> Poor -> REF -> Throughput -> Outliers -> Empty List
2026-03-10 10:58:17,295 - pipeline - WARNING -   - data_performance_results.json -> Data Performance -> 5G NSA DP -> HTTP Multi Stream -> UL -> Moderate -> DUT -> Throughput -> Outliers -> Empty List
2026-03-10 10:58:17,295 - pipeline - WARNING -   - data_performance_results.json -> Data Performance -> 5G NSA DP -> HTTP Multi Stream -> UL -> Moderate -> DUT -> Throughput -> Outliers -> Empty List
2026-03-10 10:58:17,296 - pipeline - WARNING -   - data_performance_results.json -> Data Performance -> 5G NSA DP -> HTTP Multi Stream -> UL -> Moderate -> REF -> Throughput -> Outliers -> Empty List
2026-03-10 10:58:17,296 - pipeline - WARNING -   - data_performance_results.json -> Data Performance -> 5G NSA DP -> HTTP Multi Stream -> UL -> Moderate -> REF -> Throughput -> Outliers -> Empty List
2026-03-10 10:58:17,296 - pipeline - WARNING -   - data_performance_results.json -> Data Performance -> 5G NSA DP -> HTTP Multi Stream -> UL -> Poor -> REF -> Throughput -> Outliers -> Empty List
2026-03-10 10:58:17,296 - pipeline - WARNING -   - data_performance_results.json -> Data Performance -> 5G NSA DP -> HTTP Multi Stream -> UL -> Poor -> REF -> Throughput -> Outliers -> Empty List
2026-03-10 10:58:17,296 - pipeline - WARNING -   - data_performance_results.json -> Data Performance -> 5G NSA DP -> HTTP Single Stream -> DL -> Moderate -> DUT -> Throughput -> Outliers -> Empty List
2026-03-10 10:58:17,296 - pipeline - WARNING -   - data_performance_results.json -> Data Performance -> 5G NSA DP -> HTTP Single Stream -> DL -> Moderate -> DUT -> Throughput -> Outliers -> Empty List
2026-03-10 10:58:17,296 - pipeline - WARNING -   - data_performance_results.json -> Data Performance -> 5G NSA DP -> HTTP Single Stream -> DL -> Moderate -> REF -> Throughput -> Outliers -> Empty List
2026-03-10 10:58:17,296 - pipeline - WARNING -   - data_performance_results.json -> Data Performance -> 5G NSA DP -> HTTP Single Stream -> DL -> Moderate -> REF -> Throughput -> Outliers -> Empty List
2026-03-10 10:58:17,297 - pipeline - WARNING -   - data_performance_results.json -> Data Performance -> 5G NSA DP -> HTTP Single Stream -> DL -> Poor -> REF -> Throughput -> Outliers -> Empty List
2026-03-10 10:58:17,297 - pipeline - WARNING -   - data_performance_results.json -> Data Performance -> 5G NSA DP -> HTTP Single Stream -> DL -> Poor -> REF -> Throughput -> Outliers -> Empty List
2026-03-10 10:58:17,297 - pipeline - WARNING -   - data_performance_results.json -> Data Performance -> 5G NSA DP -> Udp Test -> DL -> UDP Download Task at 200 Mbps for 10 seconds -> Moderate -> REF -> Throughput -> Outliers -> Empty List
2026-03-10 10:58:17,297 - pipeline - WARNING -   - data_performance_results.json -> Data Performance -> 5G NSA DP -> Udp Test -> DL -> UDP Download Task at 200 Mbps for 10 seconds -> Moderate -> REF -> Throughput -> Outliers -> Empty List
2026-03-10 10:58:17,297 - pipeline - WARNING -   - data_performance_results.json -> Data Performance -> 5G NSA DP -> Udp Test -> DL -> UDP Download Task at 400 Mbps for 10 seconds -> Moderate -> REF -> Throughput -> Outliers -> Empty List
2026-03-10 10:58:17,297 - pipeline - WARNING -   - data_performance_results.json -> Data Performance -> 5G NSA DP -> Udp Test -> DL -> UDP Download Task at 400 Mbps for 10 seconds -> Moderate -> REF -> Throughput -> Outliers -> Empty List
2026-03-10 10:58:17,298 - pipeline - WARNING -   - data_performance_results.json -> Data Performance -> 5G NSA DP -> Udp Test -> DL -> UDP Download Task at 400 Mbps for 10 seconds -> Poor -> DUT -> Throughput -> Outliers -> Empty List
2026-03-10 10:58:17,298 - pipeline - WARNING -   - data_performance_results.json -> Data Performance -> 5G NSA DP -> Udp Test -> DL -> UDP Download Task at 400 Mbps for 10 seconds -> Poor -> DUT -> Throughput -> Outliers -> Empty List
2026-03-10 10:58:17,298 - pipeline - WARNING -   - data_performance_results.json -> Data Performance -> 5G NSA DP -> Udp Test -> DL -> UDP Download Task at 400 Mbps for 10 seconds -> Poor -> REF -> Throughput -> Outliers -> Empty List
2026-03-10 10:58:17,298 - pipeline - WARNING -   - data_performance_results.json -> Data Performance -> 5G NSA DP -> Udp Test -> DL -> UDP Download Task at 400 Mbps for 10 seconds -> Poor -> REF -> Throughput -> Outliers -> Empty List
2026-03-10 10:58:17,298 - pipeline - WARNING -   - data_performance_results.json -> Data Performance -> 5G NSA DP -> Udp Test -> UL -> 5G NSA_UDP Upload Task at 10 Mbps for 10 seconds -> Poor -> REF -> Throughput -> Outliers -> Empty List
2026-03-10 10:58:17,298 - pipeline - WARNING -   - data_performance_results.json -> Data Performance -> 5G NSA DP -> Udp Test -> UL -> 5G NSA_UDP Upload Task at 10 Mbps for 10 seconds -> Poor -> REF -> Throughput -> Outliers -> Empty List
2026-03-10 10:58:17,298 - pipeline - WARNING -   - data_performance_results.json -> Data Performance -> 5G NSA DP -> Udp Test -> UL -> 5G NSA_UDP Upload Task at 20 Mbps for 10 seconds -> Poor -> REF -> Throughput -> Outliers -> Empty List
2026-03-10 10:58:17,298 - pipeline - WARNING -   - data_performance_results.json -> Data Performance -> 5G NSA DP -> Udp Test -> UL -> 5G NSA_UDP Upload Task at 20 Mbps for 10 seconds -> Poor -> REF -> Throughput -> Outliers -> Empty List
2026-03-10 10:58:17,299 - pipeline - INFO - Pipeline execution completed. Results in: D:/ReportGenerator/report-generator-app/public/AnalyzeResults\#Huaqin\Seattle
2026-03-10 10:58:17,299 - pipeline - INFO - Pipeline execution completed. Results in: D:/ReportGenerator/report-generator-app/public/AnalyzeResults\#Huaqin\Seattle
2026-03-10 11:11:05,171 - pipeline - INFO - Project: #Huaqin
2026-03-10 11:11:05,172 - pipeline - INFO - Market: New York
2026-03-10 11:11:05,172 - pipeline - INFO - Reading from: D:/ReportGenerator/Raw Data\#Huaqin\New York
2026-03-10 11:11:05,172 - pipeline - INFO - Writing to: D:/ReportGenerator/report-generator-app/public/AnalyzeResults\#Huaqin\New York
2026-03-10 11:11:05,172 - pipeline - INFO - Starting analysis pipeline...
2026-03-10 11:11:05,176 - pipeline - INFO - Grouping 124 CSV files by directory and device type...
2026-03-10 11:11:05,178 - pipeline - INFO - Created 102 file groups for analysis
2026-03-10 11:11:05,178 - pipeline - INFO - Analyzing 1 file(s) for DUT in 5G Auto Data Web-Kepler
2026-03-10 11:11:05,212 - pipeline - INFO - Analyzing 1 file(s) for REF in 5G Auto Data Web-Kepler
2026-03-10 11:11:05,245 - pipeline - INFO - Analyzing 1 file(s) for DUT in Good
2026-03-10 11:11:05,290 - pipeline - INFO - Analyzing 1 file(s) for REF in Good
2026-03-10 11:11:05,335 - pipeline - INFO - Analyzing 1 file(s) for DUT in Moderate
2026-03-10 11:11:05,377 - pipeline - INFO - Analyzing 1 file(s) for REF in Moderate
2026-03-10 11:11:05,420 - pipeline - INFO - Analyzing 1 file(s) for DUT in Poor
2026-03-10 11:11:05,463 - pipeline - INFO - Analyzing 1 file(s) for REF in Poor
2026-03-10 11:11:05,506 - pipeline - INFO - Analyzing 1 file(s) for DUT in Good
2026-03-10 11:11:05,544 - pipeline - INFO - Analyzing 1 file(s) for REF in Good
2026-03-10 11:11:05,580 - pipeline - INFO - Analyzing 1 file(s) for DUT in Moderate
2026-03-10 11:11:05,618 - pipeline - INFO - Analyzing 1 file(s) for REF in Moderate
2026-03-10 11:11:05,654 - pipeline - INFO - Analyzing 1 file(s) for DUT in Poor
2026-03-10 11:11:05,691 - pipeline - INFO - Analyzing 1 file(s) for REF in Poor
2026-03-10 11:11:05,728 - pipeline - INFO - Analyzing 2 file(s) for DUT in Good
2026-03-10 11:11:05,803 - pipeline - INFO - Analyzing 2 file(s) for REF in Good
2026-03-10 11:11:05,876 - pipeline - INFO - Analyzing 1 file(s) for DUT in Moderate
2026-03-10 11:11:05,932 - pipeline - INFO - Analyzing 1 file(s) for REF in Moderate
2026-03-10 11:11:05,988 - pipeline - INFO - Analyzing 1 file(s) for DUT in Poor
2026-03-10 11:11:06,047 - pipeline - INFO - Analyzing 1 file(s) for REF in Poor
2026-03-10 11:11:06,101 - pipeline - INFO - Analyzing 1 file(s) for DUT in Good
2026-03-10 11:11:06,128 - pipeline - INFO - Analyzing 1 file(s) for REF in Good
2026-03-10 11:11:06,156 - pipeline - INFO - Analyzing 1 file(s) for DUT in Moderate
2026-03-10 11:11:06,186 - pipeline - INFO - Analyzing 1 file(s) for REF in Moderate
2026-03-10 11:11:06,214 - pipeline - INFO - Analyzing 1 file(s) for DUT in Poor
2026-03-10 11:11:06,244 - pipeline - INFO - Analyzing 1 file(s) for REF in Poor
2026-03-10 11:11:06,275 - pipeline - INFO - Analyzing 3 file(s) for DUT in 5G Auto Data Test Drive
2026-03-10 11:11:06,570 - pipeline - INFO - Analyzing 3 file(s) for REF in 5G Auto Data Test Drive
2026-03-10 11:11:06,850 - pipeline - INFO - Analyzing 1 file(s) for DUT in Good
2026-03-10 11:11:06,902 - pipeline - INFO - Analyzing 1 file(s) for REF in Good
2026-03-10 11:11:06,980 - pipeline - INFO - Analyzing 1 file(s) for DUT in Moderate
2026-03-10 11:11:07,039 - pipeline - INFO - Analyzing 1 file(s) for REF in Moderate
2026-03-10 11:11:07,091 - pipeline - INFO - Analyzing 1 file(s) for DUT in Poor
2026-03-10 11:11:07,149 - pipeline - INFO - Analyzing 1 file(s) for REF in Poor
2026-03-10 11:11:07,206 - pipeline - INFO - Analyzing 1 file(s) for DUT in Good
2026-03-10 11:11:07,259 - pipeline - INFO - Analyzing 1 file(s) for REF in Good
2026-03-10 11:11:07,318 - pipeline - INFO - Analyzing 1 file(s) for DUT in Moderate
2026-03-10 11:11:07,379 - pipeline - INFO - Analyzing 1 file(s) for REF in Moderate
2026-03-10 11:11:07,440 - pipeline - INFO - Analyzing 1 file(s) for DUT in Poor
2026-03-10 11:11:07,497 - pipeline - INFO - Analyzing 1 file(s) for REF in Poor
2026-03-10 11:11:07,558 - pipeline - INFO - Analyzing 1 file(s) for DUT in Good
2026-03-10 11:11:07,618 - pipeline - INFO - Analyzing 1 file(s) for REF in Good
2026-03-10 11:11:07,679 - pipeline - INFO - Analyzing 1 file(s) for DUT in Moderate
2026-03-10 11:11:07,749 - pipeline - INFO - Analyzing 1 file(s) for REF in Moderate
2026-03-10 11:11:07,813 - pipeline - INFO - Analyzing 1 file(s) for DUT in Poor
2026-03-10 11:11:07,875 - pipeline - INFO - Analyzing 1 file(s) for REF in Poor
2026-03-10 11:11:07,940 - pipeline - INFO - Analyzing 1 file(s) for DUT in Good
2026-03-10 11:11:07,994 - pipeline - INFO - Analyzing 1 file(s) for REF in Good
2026-03-10 11:11:08,054 - pipeline - INFO - Analyzing 1 file(s) for DUT in Moderate
2026-03-10 11:11:08,116 - pipeline - INFO - Analyzing 1 file(s) for REF in Moderate
2026-03-10 11:11:08,172 - pipeline - INFO - Analyzing 1 file(s) for DUT in Poor
2026-03-10 11:11:08,228 - pipeline - INFO - Analyzing 1 file(s) for REF in Poor
2026-03-10 11:11:08,283 - pipeline - INFO - Analyzing 1 file(s) for DUT in Good
2026-03-10 11:11:08,337 - pipeline - INFO - Analyzing 1 file(s) for REF in Good
2026-03-10 11:11:08,391 - pipeline - INFO - Analyzing 1 file(s) for DUT in Moderate
2026-03-10 11:11:08,445 - pipeline - INFO - Analyzing 1 file(s) for REF in Moderate
2026-03-10 11:11:08,500 - pipeline - INFO - Analyzing 1 file(s) for DUT in Poor
2026-03-10 11:11:08,555 - pipeline - INFO - Analyzing 1 file(s) for REF in Poor
2026-03-10 11:11:08,612 - pipeline - INFO - Analyzing 1 file(s) for DUT in Moderate
2026-03-10 11:11:08,662 - pipeline - INFO - Analyzing 1 file(s) for REF in Moderate
2026-03-10 11:11:08,710 - pipeline - INFO - Analyzing 1 file(s) for DUT in Poor
2026-03-10 11:11:08,758 - pipeline - INFO - Analyzing 1 file(s) for REF in Poor
2026-03-10 11:11:08,806 - pipeline - INFO - Analyzing 1 file(s) for DUT in Moderate
2026-03-10 11:11:08,848 - pipeline - INFO - Analyzing 1 file(s) for REF in Moderate
2026-03-10 11:11:08,890 - pipeline - INFO - Analyzing 1 file(s) for DUT in Poor
2026-03-10 11:11:08,963 - pipeline - INFO - Analyzing 1 file(s) for REF in Poor
2026-03-10 11:11:09,008 - pipeline - INFO - Analyzing 1 file(s) for DUT in Moderate
2026-03-10 11:11:09,078 - pipeline - INFO - Analyzing 1 file(s) for REF in Moderate
2026-03-10 11:11:09,142 - pipeline - INFO - Analyzing 1 file(s) for DUT in Poor
2026-03-10 11:11:09,208 - pipeline - INFO - Analyzing 1 file(s) for REF in Poor
2026-03-10 11:11:09,269 - pipeline - INFO - Analyzing 1 file(s) for DUT in Moderate
2026-03-10 11:11:09,300 - pipeline - INFO - Analyzing 1 file(s) for REF in Moderate
2026-03-10 11:11:09,332 - pipeline - INFO - Analyzing 1 file(s) for DUT in Poor
2026-03-10 11:11:09,364 - pipeline - INFO - Analyzing 1 file(s) for REF in Poor
2026-03-10 11:11:09,399 - pipeline - INFO - Analyzing 3 file(s) for DUT in Mobility Test
2026-03-10 11:11:09,732 - pipeline - INFO - Analyzing 3 file(s) for REF in Mobility Test
2026-03-10 11:11:10,053 - pipeline - INFO - Analyzing 1 file(s) for DUT in Moderate
2026-03-10 11:11:10,113 - pipeline - INFO - Analyzing 1 file(s) for REF in Moderate
2026-03-10 11:11:10,167 - pipeline - INFO - Analyzing 1 file(s) for DUT in Poor
2026-03-10 11:11:10,223 - pipeline - INFO - Analyzing 1 file(s) for REF in Poor
2026-03-10 11:11:10,276 - pipeline - INFO - Analyzing 1 file(s) for DUT in Moderate
2026-03-10 11:11:10,336 - pipeline - INFO - Analyzing 1 file(s) for REF in Moderate
2026-03-10 11:11:10,398 - pipeline - INFO - Analyzing 1 file(s) for DUT in Poor
2026-03-10 11:11:10,457 - pipeline - INFO - Analyzing 1 file(s) for REF in Poor
2026-03-10 11:11:10,522 - pipeline - INFO - Analyzing 1 file(s) for DUT in Moderate
2026-03-10 11:11:10,581 - pipeline - INFO - Analyzing 1 file(s) for REF in Moderate
2026-03-10 11:11:10,640 - pipeline - INFO - Analyzing 1 file(s) for DUT in Poor
2026-03-10 11:11:10,698 - pipeline - INFO - Analyzing 1 file(s) for REF in Poor
2026-03-10 11:11:10,756 - pipeline - INFO - Analyzing 1 file(s) for DUT in Moderate
2026-03-10 11:11:10,836 - pipeline - INFO - Analyzing 1 file(s) for REF in Moderate
2026-03-10 11:11:10,896 - pipeline - INFO - Analyzing 1 file(s) for DUT in Poor
2026-03-10 11:11:10,945 - pipeline - INFO - Analyzing 1 file(s) for REF in Poor
2026-03-10 11:11:10,996 - pipeline - INFO - Analyzing 1 file(s) for DUT in Moderate
2026-03-10 11:11:11,048 - pipeline - INFO - Analyzing 1 file(s) for REF in Moderate
2026-03-10 11:11:11,100 - pipeline - INFO - Analyzing 1 file(s) for DUT in Poor
2026-03-10 11:11:11,152 - pipeline - INFO - Analyzing 1 file(s) for REF in Poor
2026-03-10 11:11:11,202 - pipeline - INFO - Processing directory-level analyses...
2026-03-10 11:11:11,203 - pipeline - INFO - Analyzing Coverage directory: D:/ReportGenerator/Raw Data\#Huaqin\New York\Coverage Performance (Type: coverage_coordinate)
2026-03-10 11:11:11,203 - pipeline - INFO - Analyzing Coverage directory: D:/ReportGenerator/Raw Data\#Huaqin\New York\Coverage Performance/5G n41 HPUE Coverage Test (Type: n41_coverage)
2026-03-10 11:11:11,338 - pipeline - INFO - Analyzing Coverage directory: D:/ReportGenerator/Raw Data\#Huaqin\New York\Coverage Performance/5G VoNR Coverage Test (Type: vonr_coverage_performance)
2026-03-10 11:11:12,283 - pipeline - INFO - Running timeline analysis for: Coverage Performance/5G VoNR Coverage Test
2026-03-10 11:11:12,283 - pipeline - INFO - Analyzing Coverage directory: D:/ReportGenerator/Raw Data\#Huaqin\New York\Coverage Performance/5G VoNR Coverage Test (Type: coverage_timeline)
2026-03-10 11:11:12,284 - pipeline - INFO - Analyzing Coverage Timeline for: D:/ReportGenerator/Raw Data\#Huaqin\New York\Coverage Performance/5G VoNR Coverage Test
2026-03-10 11:11:12,284 - pipeline - INFO - Processing rsrp timeline...
2026-03-10 11:11:12,664 - pipeline - INFO - Processing sinr timeline...
2026-03-10 11:11:13,092 - pipeline - INFO - Processing txpower timeline...
2026-03-10 11:11:13,453 - pipeline - INFO - Analyzing Coverage directory: D:/ReportGenerator/Raw Data\#Huaqin\New York\Coverage Performance/LTE Coverage Test (Type: vonr_coverage_performance)
2026-03-10 11:11:14,024 - pipeline - INFO - Running timeline analysis for: Coverage Performance/LTE Coverage Test
2026-03-10 11:11:14,024 - pipeline - INFO - Analyzing Coverage directory: D:/ReportGenerator/Raw Data\#Huaqin\New York\Coverage Performance/LTE Coverage Test (Type: coverage_timeline)
2026-03-10 11:11:14,024 - pipeline - INFO - Analyzing Coverage Timeline for: D:/ReportGenerator/Raw Data\#Huaqin\New York\Coverage Performance/LTE Coverage Test
2026-03-10 11:11:14,024 - pipeline - INFO - Processing rsrp timeline...
2026-03-10 11:11:14,210 - pipeline - INFO - Processing sinr timeline...
2026-03-10 11:11:14,414 - pipeline - INFO - Processing txpower timeline...
2026-03-10 11:11:14,614 - pipeline - INFO - Analyzing Google Throughput directory: D:/ReportGenerator/Raw Data\#Huaqin\New York\Data Performance/5G AUTO DP/5G Auto Data Play-store app Download
2026-03-10 11:11:14,615 - pipeline - INFO - Processing Play Store file: _20260228_180205_CH01_NJNYC TMO_5G AUTO_Playstore 30M DL_NJNY DUT L1_.csv (Size: 30M, Device: DUT, Location: Good)
2026-03-10 11:11:14,636 - pipeline - INFO - Successfully analyzed _20260228_180205_CH01_NJNYC TMO_5G AUTO_Playstore 30M DL_NJNY DUT L1_.csv: 124.70009965728717
2026-03-10 11:11:14,637 - pipeline - INFO - Processing Play Store file: _20260228_180205_CH02_NJNYC TMO_5G AUTO_Playstore 30M DL_NJNY REF L1_.csv (Size: 30M, Device: REF, Location: Good)
2026-03-10 11:11:14,663 - pipeline - INFO - Successfully analyzed _20260228_180205_CH02_NJNYC TMO_5G AUTO_Playstore 30M DL_NJNY REF L1_.csv: 148.8741798941799
2026-03-10 11:11:14,663 - pipeline - INFO - Processing Play Store file: _20260228_181017_CH01_NJNYC TMO_5G AUTO_Playstore 60M DL_NJNY DUT L1_.csv (Size: 60M, Device: DUT, Location: Good)
2026-03-10 11:11:14,682 - pipeline - INFO - Successfully analyzed _20260228_181017_CH01_NJNYC TMO_5G AUTO_Playstore 60M DL_NJNY DUT L1_.csv: 64.5587914862915
2026-03-10 11:11:14,682 - pipeline - INFO - Processing Play Store file: _20260228_181017_CH02_NJNYC TMO_5G AUTO_Playstore 60M DL_NJNY REF L1_.csv (Size: 60M, Device: REF, Location: Good)
2026-03-10 11:11:14,701 - pipeline - INFO - Successfully analyzed _20260228_181017_CH02_NJNYC TMO_5G AUTO_Playstore 60M DL_NJNY REF L1_.csv: 56.23625236742424
2026-03-10 11:11:14,702 - pipeline - INFO - Processing Play Store file: _20260228_181759_CH01_NJNYC TMO_5G AUTO_Playstore 100M DL_NJNY DUT L1_.csv (Size: 100M, Device: DUT, Location: Good)
2026-03-10 11:11:14,726 - pipeline - INFO - Successfully analyzed _20260228_181759_CH01_NJNYC TMO_5G AUTO_Playstore 100M DL_NJNY DUT L1_.csv: 134.26315737681122
2026-03-10 11:11:14,727 - pipeline - INFO - Processing Play Store file: _20260228_181759_CH02_NJNYC TMO_5G AUTO_Playstore 100M DL_NJNY REF L1_.csv (Size: 100M, Device: REF, Location: Good)
2026-03-10 11:11:14,748 - pipeline - INFO - Successfully analyzed _20260228_181759_CH02_NJNYC TMO_5G AUTO_Playstore 100M DL_NJNY REF L1_.csv: 131.02254464285716
2026-03-10 11:11:14,748 - pipeline - INFO - Processing Play Store file: _20260305_182335_CH01_NJNYC TMO_5G Auto_Playstore 30M_NJNY DUT L2_Retest.csv (Size: 30M, Device: DUT, Location: Moderate)
2026-03-10 11:11:14,766 - pipeline - INFO - Successfully analyzed _20260305_182335_CH01_NJNYC TMO_5G Auto_Playstore 30M_NJNY DUT L2_Retest.csv: 151.14181746031744
2026-03-10 11:11:14,767 - pipeline - INFO - Processing Play Store file: _20260305_182335_CH02_NJNYC TMO_5G Auto_Playstore 30M_NJNY REF L2_Retest.csv (Size: 30M, Device: REF, Location: Moderate)
2026-03-10 11:11:14,784 - pipeline - INFO - Successfully analyzed _20260305_182335_CH02_NJNYC TMO_5G Auto_Playstore 30M_NJNY REF L2_Retest.csv: 148.14939814814815
2026-03-10 11:11:14,784 - pipeline - INFO - Processing Play Store file: _20260305_182944_CH01_NJNYC TMO_5G Auto_Playstore 60M_NJNY DUT L2_Retest.csv (Size: 60M, Device: DUT, Location: Moderate)
2026-03-10 11:11:14,800 - pipeline - INFO - Successfully analyzed _20260305_182944_CH01_NJNYC TMO_5G Auto_Playstore 60M_NJNY DUT L2_Retest.csv: 80.73495421245421
2026-03-10 11:11:14,801 - pipeline - INFO - Processing Play Store file: _20260305_182944_CH02_NJNYC TMO_5G Auto_Playstore 60M_NJNY REF L2_Retest.csv (Size: 60M, Device: REF, Location: Moderate)
2026-03-10 11:11:14,819 - pipeline - INFO - Successfully analyzed _20260305_182944_CH02_NJNYC TMO_5G Auto_Playstore 60M_NJNY REF L2_Retest.csv: 81.30642857142857
2026-03-10 11:11:14,820 - pipeline - INFO - Processing Play Store file: _20260305_183538_CH01_NJNYC TMO_5G Auto_Playstore 100M_NJNY DUT L2_Retest.csv (Size: 100M, Device: DUT, Location: Moderate)
2026-03-10 11:11:14,843 - pipeline - INFO - Successfully analyzed _20260305_183538_CH01_NJNYC TMO_5G Auto_Playstore 100M_NJNY DUT L2_Retest.csv: 103.33156283068783
2026-03-10 11:11:14,844 - pipeline - INFO - Processing Play Store file: _20260305_183538_CH02_NJNYC TMO_5G Auto_Playstore 100M_NJNY REF L2_Retest.csv (Size: 100M, Device: REF, Location: Moderate)
2026-03-10 11:11:14,873 - pipeline - INFO - Successfully analyzed _20260305_183538_CH02_NJNYC TMO_5G Auto_Playstore 100M_NJNY REF L2_Retest.csv: 157.49921663727218
2026-03-10 11:11:14,874 - pipeline - INFO - Processing Play Store file: _20260305_163158_CH01_NJNYC TMO_5G Auto_Playstore 30M_NJNY DUT L3_Retest.csv (Size: 30M, Device: DUT, Location: Poor)
2026-03-10 11:11:14,909 - pipeline - INFO - Successfully analyzed _20260305_163158_CH01_NJNYC TMO_5G Auto_Playstore 30M_NJNY DUT L3_Retest.csv: 55.912072562358276
2026-03-10 11:11:14,909 - pipeline - INFO - Processing Play Store file: _20260305_163158_CH02_NJNYC TMO_5G Auto_Playstore 30M_NJNY REF L3_Retest.csv (Size: 30M, Device: REF, Location: Poor)
2026-03-10 11:11:14,931 - pipeline - INFO - Successfully analyzed _20260305_163158_CH02_NJNYC TMO_5G Auto_Playstore 30M_NJNY REF L3_Retest.csv: 40.53460317460318
2026-03-10 11:11:14,931 - pipeline - INFO - Processing Play Store file: _20260305_164730_CH01_NJNYC TMO_5G Auto_Playstore 60M_NJNY DUT L3_Retest.csv (Size: 60M, Device: DUT, Location: Poor)
2026-03-10 11:11:14,951 - pipeline - INFO - Successfully analyzed _20260305_164730_CH01_NJNYC TMO_5G Auto_Playstore 60M_NJNY DUT L3_Retest.csv: 102.03724606509272
2026-03-10 11:11:14,951 - pipeline - INFO - Processing Play Store file: _20260305_164730_CH02_NJNYC TMO_5G Auto_Playstore 60M_NJNY REF L3_Retest.csv (Size: 60M, Device: REF, Location: Poor)
2026-03-10 11:11:14,969 - pipeline - INFO - Successfully analyzed _20260305_164730_CH02_NJNYC TMO_5G Auto_Playstore 60M_NJNY REF L3_Retest.csv: 101.67057136422945
2026-03-10 11:11:14,970 - pipeline - INFO - Processing Play Store file: _20260305_165716_CH01_NJNYC TMO_5G Auto_Playstore 100M_NJNY DUT L3_Retest.csv (Size: 100M, Device: DUT, Location: Poor)
2026-03-10 11:11:15,021 - pipeline - INFO - Successfully analyzed _20260305_165716_CH01_NJNYC TMO_5G Auto_Playstore 100M_NJNY DUT L3_Retest.csv: 101.82962992573425
2026-03-10 11:11:15,022 - pipeline - INFO - Processing Play Store file: _20260305_165716_CH02_NJNYC TMO_5G Auto_Playstore 100M_NJNY REF L3_Retest.csv (Size: 100M, Device: REF, Location: Poor)
2026-03-10 11:11:15,041 - pipeline - INFO - Successfully analyzed _20260305_165716_CH02_NJNYC TMO_5G Auto_Playstore 100M_NJNY REF L3_Retest.csv: 97.57974355644356
2026-03-10 11:11:15,041 - pipeline - INFO - Google Throughput analysis directory processing complete. Results found: True
2026-03-10 11:11:15,042 - pipeline - INFO - Analyzing MHS Drive directory: D:/ReportGenerator/Raw Data\#Huaqin\New York\Data Performance/5G AUTO DP/Mobility Test/5G Auto Data Test MHS Drive
2026-03-10 11:11:15,042 - pipeline - INFO - Analyzing MHS Drive directory: D:/ReportGenerator/Raw Data\#Huaqin\New York\Data Performance/5G AUTO DP/Mobility Test/5G Auto Data Test Drive
2026-03-10 11:11:16,076 - pipeline - INFO - Analyzing MHS Drive directory: D:/ReportGenerator/Raw Data\#Huaqin\New York\Data Performance/5G NSA DP/Mobility Test
2026-03-10 11:11:17,142 - pipeline - INFO - Running post-processing (VqLineChart, Coverage extraction)...
2026-03-10 11:11:17,251 - pipeline - INFO - Checking for CDF Throughput data to export...
2026-03-10 11:11:17,287 - pipeline - INFO - Exported 80 CDF throughput JSON files to D:/ReportGenerator/report-generator-app/public/AnalyzeResults\#Huaqin\New York\cdf_throughput_data
2026-03-10 11:11:17,293 - pipeline - INFO - Data Performance results exported to D:/ReportGenerator/report-generator-app/public/AnalyzeResults\#Huaqin\New York\data_performance_results.json
2026-03-10 11:11:17,298 - pipeline - INFO - Coverage Performance results exported to D:/ReportGenerator/report-generator-app/public/AnalyzeResults\#Huaqin\New York\coverage_performance_results.json
2026-03-10 11:11:17,299 - pipeline - INFO - Processing summary exported to D:/ReportGenerator/report-generator-app/public/AnalyzeResults\#Huaqin\New York\processing_summary.json
2026-03-10 11:11:17,299 - pipeline - INFO - Running final data validation...
2026-03-10 11:11:17,319 - pipeline - WARNING - Summary of Empty collections found in JSON files:
2026-03-10 11:11:17,319 - pipeline - WARNING -   - data_performance_results.json -> Data Performance -> 5G AUTO DP -> HTTP Multi Stream -> DL -> Good -> REF -> Throughput -> Outliers -> Empty List
2026-03-10 11:11:17,319 - pipeline - WARNING -   - data_performance_results.json -> Data Performance -> 5G AUTO DP -> HTTP Multi Stream -> DL -> Moderate -> DUT -> Throughput -> Outliers -> Empty List
2026-03-10 11:11:17,320 - pipeline - WARNING -   - data_performance_results.json -> Data Performance -> 5G AUTO DP -> HTTP Multi Stream -> DL -> Poor -> DUT -> Throughput -> Outliers -> Empty List
2026-03-10 11:11:17,320 - pipeline - WARNING -   - data_performance_results.json -> Data Performance -> 5G AUTO DP -> HTTP Multi Stream -> UL -> Moderate -> REF -> Throughput -> Outliers -> Empty List
2026-03-10 11:11:17,320 - pipeline - WARNING -   - data_performance_results.json -> Data Performance -> 5G AUTO DP -> HTTP Multi Stream -> UL -> Poor -> DUT -> Throughput -> Outliers -> Empty List
2026-03-10 11:11:17,320 - pipeline - WARNING -   - data_performance_results.json -> Data Performance -> 5G AUTO DP -> HTTP Multi Stream -> UL -> Poor -> REF -> Throughput -> Outliers -> Empty List
2026-03-10 11:11:17,320 - pipeline - WARNING -   - data_performance_results.json -> Data Performance -> 5G AUTO DP -> HTTP Single Stream -> DL -> Good -> DUT -> Throughput -> Outliers -> Empty List
2026-03-10 11:11:17,320 - pipeline - WARNING -   - data_performance_results.json -> Data Performance -> 5G AUTO DP -> HTTP Single Stream -> DL -> Good -> REF -> Throughput -> Outliers -> Empty List
2026-03-10 11:11:17,321 - pipeline - WARNING -   - data_performance_results.json -> Data Performance -> 5G AUTO DP -> HTTP Single Stream -> DL -> Moderate -> DUT -> Throughput -> Outliers -> Empty List
2026-03-10 11:11:17,321 - pipeline - WARNING -   - data_performance_results.json -> Data Performance -> 5G AUTO DP -> HTTP Single Stream -> DL -> Poor -> DUT -> Throughput -> Outliers -> Empty List
2026-03-10 11:11:17,321 - pipeline - WARNING -   - data_performance_results.json -> Data Performance -> 5G AUTO DP -> HTTP Single Stream -> DL -> Poor -> REF -> Throughput -> Outliers -> Empty List
2026-03-10 11:11:17,321 - pipeline - WARNING -   - data_performance_results.json -> Data Performance -> 5G AUTO DP -> HTTP Single Stream -> UL -> Good -> REF -> Throughput -> Outliers -> Empty List
2026-03-10 11:11:17,321 - pipeline - WARNING -   - data_performance_results.json -> Data Performance -> 5G AUTO DP -> Udp Test -> DL -> UDP Download Task at 200 Mbps for 10 seconds -> Moderate -> DUT -> Throughput -> Outliers -> Empty List
2026-03-10 11:11:17,321 - pipeline - WARNING -   - data_performance_results.json -> Data Performance -> 5G AUTO DP -> Udp Test -> DL -> UDP Download Task at 200 Mbps for 10 seconds -> Moderate -> REF -> Throughput -> Outliers -> Empty List
2026-03-10 11:11:17,322 - pipeline - WARNING -   - data_performance_results.json -> Data Performance -> 5G AUTO DP -> Udp Test -> DL -> UDP Download Task at 200 Mbps for 10 seconds -> Poor -> DUT -> Throughput -> Outliers -> Empty List
2026-03-10 11:11:17,322 - pipeline - WARNING -   - data_performance_results.json -> Data Performance -> 5G AUTO DP -> Udp Test -> DL -> UDP Download Task at 200 Mbps for 10 seconds -> Poor -> REF -> Throughput -> Outliers -> Empty List
2026-03-10 11:11:17,322 - pipeline - WARNING -   - data_performance_results.json -> Data Performance -> 5G AUTO DP -> Udp Test -> DL -> UDP Download Task at 400 Mbps for 10 seconds -> Moderate -> DUT -> Throughput -> Outliers -> Empty List
2026-03-10 11:11:17,322 - pipeline - WARNING -   - data_performance_results.json -> Data Performance -> 5G AUTO DP -> Udp Test -> DL -> UDP Download Task at 400 Mbps for 10 seconds -> Moderate -> REF -> Throughput -> Outliers -> Empty List
2026-03-10 11:11:17,322 - pipeline - WARNING -   - data_performance_results.json -> Data Performance -> 5G AUTO DP -> Udp Test -> DL -> UDP Download Task at 400 Mbps for 10 seconds -> Poor -> DUT -> Throughput -> Outliers -> Empty List
2026-03-10 11:11:17,322 - pipeline - WARNING -   - data_performance_results.json -> Data Performance -> 5G AUTO DP -> Udp Test -> DL -> UDP Download Task at 400 Mbps for 10 seconds -> Poor -> REF -> Throughput -> Outliers -> Empty List
2026-03-10 11:11:17,322 - pipeline - WARNING -   - data_performance_results.json -> Data Performance -> 5G AUTO DP -> Udp Test -> UL -> UDP Upload Task at 10 Mbps for 10 seconds -> Good -> DUT -> Throughput -> Outliers -> Empty List
2026-03-10 11:11:17,323 - pipeline - WARNING -   - data_performance_results.json -> Data Performance -> 5G AUTO DP -> Udp Test -> UL -> UDP Upload Task at 10 Mbps for 10 seconds -> Good -> REF -> Throughput -> Outliers -> Empty List
2026-03-10 11:11:17,323 - pipeline - WARNING -   - data_performance_results.json -> Data Performance -> 5G AUTO DP -> Udp Test -> UL -> UDP Upload Task at 10 Mbps for 10 seconds -> Moderate -> REF -> Throughput -> Outliers -> Empty List
2026-03-10 11:11:17,323 - pipeline - WARNING -   - data_performance_results.json -> Data Performance -> 5G AUTO DP -> Udp Test -> UL -> UDP Upload Task at 10 Mbps for 10 seconds -> Poor -> DUT -> Throughput -> Outliers -> Empty List
2026-03-10 11:11:17,323 - pipeline - WARNING -   - data_performance_results.json -> Data Performance -> 5G AUTO DP -> Udp Test -> UL -> UDP Upload Task at 10 Mbps for 10 seconds -> Poor -> REF -> Throughput -> Outliers -> Empty List
2026-03-10 11:11:17,323 - pipeline - WARNING -   - data_performance_results.json -> Data Performance -> 5G AUTO DP -> Udp Test -> UL -> UDP Upload Task at 20 Mbps for 10 seconds -> Moderate -> DUT -> Throughput -> Outliers -> Empty List
2026-03-10 11:11:17,323 - pipeline - WARNING -   - data_performance_results.json -> Data Performance -> 5G AUTO DP -> Udp Test -> UL -> UDP Upload Task at 20 Mbps for 10 seconds -> Poor -> DUT -> Throughput -> Outliers -> Empty List
2026-03-10 11:11:17,324 - pipeline - WARNING -   - data_performance_results.json -> Data Performance -> 5G NSA DP -> HTTP Multi Stream -> DL -> Poor -> DUT -> Throughput -> Outliers -> Empty List
2026-03-10 11:11:17,324 - pipeline - WARNING -   - data_performance_results.json -> Data Performance -> 5G NSA DP -> HTTP Multi Stream -> DL -> Poor -> REF -> Throughput -> Outliers -> Empty List
2026-03-10 11:11:17,324 - pipeline - WARNING -   - data_performance_results.json -> Data Performance -> 5G NSA DP -> HTTP Multi Stream -> UL -> Moderate -> DUT -> Throughput -> Outliers -> Empty List
2026-03-10 11:11:17,324 - pipeline - WARNING -   - data_performance_results.json -> Data Performance -> 5G NSA DP -> HTTP Multi Stream -> UL -> Poor -> DUT -> Throughput -> Outliers -> Empty List
2026-03-10 11:11:17,324 - pipeline - WARNING -   - data_performance_results.json -> Data Performance -> 5G NSA DP -> HTTP Multi Stream -> UL -> Poor -> REF -> Throughput -> Outliers -> Empty List
2026-03-10 11:11:17,324 - pipeline - WARNING -   - data_performance_results.json -> Data Performance -> 5G NSA DP -> HTTP Single Stream -> DL -> Poor -> DUT -> Throughput -> Outliers -> Empty List
2026-03-10 11:11:17,324 - pipeline - WARNING -   - data_performance_results.json -> Data Performance -> 5G NSA DP -> HTTP Single Stream -> DL -> Poor -> REF -> Throughput -> Outliers -> Empty List
2026-03-10 11:11:17,325 - pipeline - WARNING -   - data_performance_results.json -> Data Performance -> 5G NSA DP -> HTTP Single Stream -> UL -> Moderate -> DUT -> Throughput -> Outliers -> Empty List
2026-03-10 11:11:17,325 - pipeline - WARNING -   - data_performance_results.json -> Data Performance -> 5G NSA DP -> Mobility Test -> REF -> DL Throughput -> Outliers -> Empty List
2026-03-10 11:11:17,325 - pipeline - WARNING -   - data_performance_results.json -> Data Performance -> 5G NSA DP -> Udp Test -> DL -> UDP Download Task at 200 Mbps for 10 seconds -> Poor -> REF -> Throughput -> Outliers -> Empty List
2026-03-10 11:11:17,325 - pipeline - WARNING -   - data_performance_results.json -> Data Performance -> 5G NSA DP -> Udp Test -> DL -> UDP Download Task at 400 Mbps for 10 seconds -> Moderate -> DUT -> Throughput -> Outliers -> Empty List
2026-03-10 11:11:17,325 - pipeline - WARNING -   - data_performance_results.json -> Data Performance -> 5G NSA DP -> Udp Test -> DL -> UDP Download Task at 400 Mbps for 10 seconds -> Moderate -> REF -> Throughput -> Outliers -> Empty List
2026-03-10 11:11:17,325 - pipeline - WARNING -   - data_performance_results.json -> Data Performance -> 5G NSA DP -> Udp Test -> DL -> UDP Download Task at 400 Mbps for 10 seconds -> Poor -> DUT -> Throughput -> Outliers -> Empty List
2026-03-10 11:11:17,326 - pipeline - WARNING -   - data_performance_results.json -> Data Performance -> 5G NSA DP -> Udp Test -> DL -> UDP Download Task at 400 Mbps for 10 seconds -> Poor -> REF -> Throughput -> Outliers -> Empty List
2026-03-10 11:11:17,326 - pipeline - WARNING -   - data_performance_results.json -> Data Performance -> 5G NSA DP -> Udp Test -> UL -> 5G NSA_UDP Upload Task at 10 Mbps for 10 seconds -> Moderate -> DUT -> Throughput -> Outliers -> Empty List
2026-03-10 11:11:17,326 - pipeline - WARNING -   - data_performance_results.json -> Data Performance -> 5G NSA DP -> Udp Test -> UL -> 5G NSA_UDP Upload Task at 20 Mbps for 10 seconds -> Moderate -> DUT -> Throughput -> Outliers -> Empty List
2026-03-10 11:11:17,326 - pipeline - WARNING -   - data_performance_results.json -> Data Performance -> 5G NSA DP -> Udp Test -> UL -> 5G NSA_UDP Upload Task at 20 Mbps for 10 seconds -> Poor -> DUT -> Throughput -> Outliers -> Empty List
2026-03-10 11:11:17,327 - pipeline - INFO - Pipeline execution completed. Results in: D:/ReportGenerator/report-generator-app/public/AnalyzeResults\#Huaqin\New York
2026-03-10 11:11:17,330 - pipeline - INFO - Project: #Huaqin
2026-03-10 11:11:17,330 - pipeline - INFO - Project: #Huaqin
2026-03-10 11:11:17,331 - pipeline - INFO - Market: Seattle
2026-03-10 11:11:17,331 - pipeline - INFO - Market: Seattle
2026-03-10 11:11:17,331 - pipeline - INFO - Reading from: D:/ReportGenerator/Raw Data\#Huaqin\Seattle
2026-03-10 11:11:17,331 - pipeline - INFO - Reading from: D:/ReportGenerator/Raw Data\#Huaqin\Seattle
2026-03-10 11:11:17,331 - pipeline - INFO - Writing to: D:/ReportGenerator/report-generator-app/public/AnalyzeResults\#Huaqin\Seattle
2026-03-10 11:11:17,331 - pipeline - INFO - Writing to: D:/ReportGenerator/report-generator-app/public/AnalyzeResults\#Huaqin\Seattle
2026-03-10 11:11:17,332 - pipeline - INFO - Starting analysis pipeline...
2026-03-10 11:11:17,332 - pipeline - INFO - Starting analysis pipeline...
2026-03-10 11:11:17,337 - pipeline - INFO - Grouping 185 CSV files by directory and device type...
2026-03-10 11:11:17,337 - pipeline - INFO - Grouping 185 CSV files by directory and device type...
2026-03-10 11:11:17,339 - pipeline - INFO - Created 140 file groups for analysis
2026-03-10 11:11:17,339 - pipeline - INFO - Created 140 file groups for analysis
2026-03-10 11:11:17,340 - pipeline - INFO - Analyzing 1 file(s) for DUT in 5G Auto Data Web-Kepler
2026-03-10 11:11:17,340 - pipeline - INFO - Analyzing 1 file(s) for DUT in 5G Auto Data Web-Kepler
2026-03-10 11:11:17,374 - pipeline - INFO - Analyzing 1 file(s) for REF in 5G Auto Data Web-Kepler
2026-03-10 11:11:17,374 - pipeline - INFO - Analyzing 1 file(s) for REF in 5G Auto Data Web-Kepler
2026-03-10 11:11:17,407 - pipeline - INFO - Analyzing 1 file(s) for DUT in Good
2026-03-10 11:11:17,407 - pipeline - INFO - Analyzing 1 file(s) for DUT in Good
2026-03-10 11:11:17,453 - pipeline - INFO - Analyzing 1 file(s) for REF in Good
2026-03-10 11:11:17,453 - pipeline - INFO - Analyzing 1 file(s) for REF in Good
2026-03-10 11:11:17,497 - pipeline - INFO - Analyzing 2 file(s) for DUT in Moderate
2026-03-10 11:11:17,497 - pipeline - INFO - Analyzing 2 file(s) for DUT in Moderate
2026-03-10 11:11:17,584 - pipeline - INFO - Analyzing 1 file(s) for REF in Moderate
2026-03-10 11:11:17,584 - pipeline - INFO - Analyzing 1 file(s) for REF in Moderate
2026-03-10 11:11:17,645 - pipeline - INFO - Analyzing 2 file(s) for DUT in Poor
2026-03-10 11:11:17,645 - pipeline - INFO - Analyzing 2 file(s) for DUT in Poor
2026-03-10 11:11:17,712 - pipeline - INFO - Analyzing 2 file(s) for REF in Poor
2026-03-10 11:11:17,712 - pipeline - INFO - Analyzing 2 file(s) for REF in Poor
2026-03-10 11:11:17,782 - pipeline - INFO - Analyzing 1 file(s) for DUT in Good
2026-03-10 11:11:17,782 - pipeline - INFO - Analyzing 1 file(s) for DUT in Good
2026-03-10 11:11:17,857 - pipeline - INFO - Analyzing 1 file(s) for REF in Good
2026-03-10 11:11:17,857 - pipeline - INFO - Analyzing 1 file(s) for REF in Good
2026-03-10 11:11:17,909 - pipeline - INFO - Analyzing 1 file(s) for DUT in Moderate
2026-03-10 11:11:17,909 - pipeline - INFO - Analyzing 1 file(s) for DUT in Moderate
2026-03-10 11:11:17,964 - pipeline - INFO - Analyzing 1 file(s) for REF in Moderate
2026-03-10 11:11:17,964 - pipeline - INFO - Analyzing 1 file(s) for REF in Moderate
2026-03-10 11:11:18,007 - pipeline - INFO - Analyzing 1 file(s) for DUT in Poor
2026-03-10 11:11:18,007 - pipeline - INFO - Analyzing 1 file(s) for DUT in Poor
2026-03-10 11:11:18,033 - pipeline - INFO - Analyzing 1 file(s) for REF in Poor
2026-03-10 11:11:18,033 - pipeline - INFO - Analyzing 1 file(s) for REF in Poor
2026-03-10 11:11:18,110 - pipeline - INFO - Analyzing 1 file(s) for DUT in Good
2026-03-10 11:11:18,110 - pipeline - INFO - Analyzing 1 file(s) for DUT in Good
2026-03-10 11:11:18,171 - pipeline - INFO - Analyzing 1 file(s) for REF in Good
2026-03-10 11:11:18,171 - pipeline - INFO - Analyzing 1 file(s) for REF in Good
2026-03-10 11:11:18,231 - pipeline - INFO - Analyzing 1 file(s) for DUT in Moderate
2026-03-10 11:11:18,231 - pipeline - INFO - Analyzing 1 file(s) for DUT in Moderate
2026-03-10 11:11:18,290 - pipeline - INFO - Analyzing 1 file(s) for REF in Moderate
2026-03-10 11:11:18,290 - pipeline - INFO - Analyzing 1 file(s) for REF in Moderate
2026-03-10 11:11:18,357 - pipeline - INFO - Analyzing 1 file(s) for DUT in Poor
2026-03-10 11:11:18,357 - pipeline - INFO - Analyzing 1 file(s) for DUT in Poor
2026-03-10 11:11:18,418 - pipeline - INFO - Analyzing 1 file(s) for REF in Poor
2026-03-10 11:11:18,418 - pipeline - INFO - Analyzing 1 file(s) for REF in Poor
2026-03-10 11:11:18,478 - pipeline - INFO - Analyzing 1 file(s) for DUT in Good
2026-03-10 11:11:18,478 - pipeline - INFO - Analyzing 1 file(s) for DUT in Good
2026-03-10 11:11:18,505 - pipeline - INFO - Analyzing 1 file(s) for REF in Good
2026-03-10 11:11:18,505 - pipeline - INFO - Analyzing 1 file(s) for REF in Good
2026-03-10 11:11:18,536 - pipeline - INFO - Analyzing 1 file(s) for DUT in Moderate
2026-03-10 11:11:18,536 - pipeline - INFO - Analyzing 1 file(s) for DUT in Moderate
2026-03-10 11:11:18,574 - pipeline - INFO - Analyzing 1 file(s) for REF in Moderate
2026-03-10 11:11:18,574 - pipeline - INFO - Analyzing 1 file(s) for REF in Moderate
2026-03-10 11:11:18,607 - pipeline - INFO - Analyzing 1 file(s) for DUT in Poor
2026-03-10 11:11:18,607 - pipeline - INFO - Analyzing 1 file(s) for DUT in Poor
2026-03-10 11:11:18,640 - pipeline - INFO - Analyzing 1 file(s) for REF in Poor
2026-03-10 11:11:18,640 - pipeline - INFO - Analyzing 1 file(s) for REF in Poor
2026-03-10 11:11:18,672 - pipeline - INFO - Analyzing 2 file(s) for DUT in Moderate
2026-03-10 11:11:18,672 - pipeline - INFO - Analyzing 2 file(s) for DUT in Moderate
2026-03-10 11:11:18,738 - pipeline - INFO - Analyzing 2 file(s) for REF in Moderate
2026-03-10 11:11:18,738 - pipeline - INFO - Analyzing 2 file(s) for REF in Moderate
2026-03-10 11:11:18,803 - pipeline - INFO - Analyzing 2 file(s) for DUT in Poor
2026-03-10 11:11:18,803 - pipeline - INFO - Analyzing 2 file(s) for DUT in Poor
2026-03-10 11:11:18,896 - pipeline - INFO - Analyzing 2 file(s) for REF in Poor
2026-03-10 11:11:18,896 - pipeline - INFO - Analyzing 2 file(s) for REF in Poor
2026-03-10 11:11:18,972 - pipeline - INFO - Analyzing 1 file(s) for DUT in Moderate
2026-03-10 11:11:18,972 - pipeline - INFO - Analyzing 1 file(s) for DUT in Moderate
2026-03-10 11:11:19,012 - pipeline - INFO - Analyzing 1 file(s) for REF in Moderate
2026-03-10 11:11:19,012 - pipeline - INFO - Analyzing 1 file(s) for REF in Moderate
2026-03-10 11:11:19,051 - pipeline - INFO - Analyzing 1 file(s) for DUT in Poor
2026-03-10 11:11:19,051 - pipeline - INFO - Analyzing 1 file(s) for DUT in Poor
2026-03-10 11:11:19,093 - pipeline - INFO - Analyzing 1 file(s) for REF in Poor
2026-03-10 11:11:19,093 - pipeline - INFO - Analyzing 1 file(s) for REF in Poor
2026-03-10 11:11:19,134 - pipeline - INFO - Analyzing 1 file(s) for DUT in Moderate
2026-03-10 11:11:19,134 - pipeline - INFO - Analyzing 1 file(s) for DUT in Moderate
2026-03-10 11:11:19,197 - pipeline - INFO - Analyzing 1 file(s) for REF in Moderate
2026-03-10 11:11:19,197 - pipeline - INFO - Analyzing 1 file(s) for REF in Moderate
2026-03-10 11:11:19,253 - pipeline - INFO - Analyzing 2 file(s) for DUT in Poor
2026-03-10 11:11:19,253 - pipeline - INFO - Analyzing 2 file(s) for DUT in Poor
2026-03-10 11:11:19,327 - pipeline - INFO - Analyzing 2 file(s) for REF in Poor
2026-03-10 11:11:19,327 - pipeline - INFO - Analyzing 2 file(s) for REF in Poor
2026-03-10 11:11:19,402 - pipeline - INFO - Analyzing 1 file(s) for DUT in Moderate
2026-03-10 11:11:19,402 - pipeline - INFO - Analyzing 1 file(s) for DUT in Moderate
2026-03-10 11:11:19,431 - pipeline - INFO - Analyzing 1 file(s) for REF in Moderate
2026-03-10 11:11:19,431 - pipeline - INFO - Analyzing 1 file(s) for REF in Moderate
2026-03-10 11:11:19,460 - pipeline - INFO - Analyzing 2 file(s) for DUT in Poor
2026-03-10 11:11:19,460 - pipeline - INFO - Analyzing 2 file(s) for DUT in Poor
2026-03-10 11:11:19,509 - pipeline - INFO - Analyzing 2 file(s) for REF in Poor
2026-03-10 11:11:19,509 - pipeline - INFO - Analyzing 2 file(s) for REF in Poor
2026-03-10 11:11:19,555 - pipeline - INFO - Analyzing 1 file(s) for DUT in Moderate
2026-03-10 11:11:19,555 - pipeline - INFO - Analyzing 1 file(s) for DUT in Moderate
2026-03-10 11:11:19,609 - pipeline - INFO - Analyzing 1 file(s) for REF in Moderate
2026-03-10 11:11:19,609 - pipeline - INFO - Analyzing 1 file(s) for REF in Moderate
2026-03-10 11:11:19,658 - pipeline - INFO - Analyzing 2 file(s) for DUT in Poor
2026-03-10 11:11:19,658 - pipeline - INFO - Analyzing 2 file(s) for DUT in Poor
2026-03-10 11:11:19,724 - pipeline - INFO - Analyzing 2 file(s) for REF in Poor
2026-03-10 11:11:19,724 - pipeline - INFO - Analyzing 2 file(s) for REF in Poor
2026-03-10 11:11:19,789 - pipeline - INFO - Analyzing 1 file(s) for DUT in Moderate
2026-03-10 11:11:19,789 - pipeline - INFO - Analyzing 1 file(s) for DUT in Moderate
2026-03-10 11:11:19,848 - pipeline - INFO - Analyzing 1 file(s) for REF in Moderate
2026-03-10 11:11:19,848 - pipeline - INFO - Analyzing 1 file(s) for REF in Moderate
2026-03-10 11:11:19,900 - pipeline - INFO - Analyzing 2 file(s) for DUT in Poor
2026-03-10 11:11:19,900 - pipeline - INFO - Analyzing 2 file(s) for DUT in Poor
2026-03-10 11:11:19,968 - pipeline - INFO - Analyzing 2 file(s) for REF in Poor
2026-03-10 11:11:19,968 - pipeline - INFO - Analyzing 2 file(s) for REF in Poor
2026-03-10 11:11:20,036 - pipeline - INFO - Analyzing 3 file(s) for DUT in Moderate
2026-03-10 11:11:20,036 - pipeline - INFO - Analyzing 3 file(s) for DUT in Moderate
2026-03-10 11:11:20,156 - pipeline - INFO - Analyzing 3 file(s) for REF in Moderate
2026-03-10 11:11:20,156 - pipeline - INFO - Analyzing 3 file(s) for REF in Moderate
2026-03-10 11:11:20,274 - pipeline - INFO - Analyzing 2 file(s) for DUT in Poor
2026-03-10 11:11:20,274 - pipeline - INFO - Analyzing 2 file(s) for DUT in Poor
2026-03-10 11:11:20,356 - pipeline - INFO - Analyzing 2 file(s) for REF in Poor
2026-03-10 11:11:20,356 - pipeline - INFO - Analyzing 2 file(s) for REF in Poor
2026-03-10 11:11:20,433 - pipeline - INFO - Analyzing 1 file(s) for DUT in Moderate
2026-03-10 11:11:20,433 - pipeline - INFO - Analyzing 1 file(s) for DUT in Moderate
2026-03-10 11:11:20,484 - pipeline - INFO - Analyzing 1 file(s) for REF in Moderate
2026-03-10 11:11:20,484 - pipeline - INFO - Analyzing 1 file(s) for REF in Moderate
2026-03-10 11:11:20,530 - pipeline - INFO - Analyzing 2 file(s) for DUT in Poor
2026-03-10 11:11:20,530 - pipeline - INFO - Analyzing 2 file(s) for DUT in Poor
2026-03-10 11:11:20,600 - pipeline - INFO - Analyzing 2 file(s) for REF in Poor
2026-03-10 11:11:20,600 - pipeline - INFO - Analyzing 2 file(s) for REF in Poor
2026-03-10 11:11:20,669 - pipeline - INFO - Analyzing 1 file(s) for DUT in Moderate
2026-03-10 11:11:20,669 - pipeline - INFO - Analyzing 1 file(s) for DUT in Moderate
2026-03-10 11:11:20,722 - pipeline - INFO - Analyzing 1 file(s) for REF in Moderate
2026-03-10 11:11:20,722 - pipeline - INFO - Analyzing 1 file(s) for REF in Moderate
2026-03-10 11:11:20,772 - pipeline - INFO - Analyzing 1 file(s) for DUT in Poor
2026-03-10 11:11:20,772 - pipeline - INFO - Analyzing 1 file(s) for DUT in Poor
2026-03-10 11:11:20,832 - pipeline - INFO - Analyzing 1 file(s) for REF in Poor
2026-03-10 11:11:20,832 - pipeline - INFO - Analyzing 1 file(s) for REF in Poor
2026-03-10 11:11:20,882 - pipeline - INFO - Analyzing 1 file(s) for DUT in 5G Auto Data Test Drive
2026-03-10 11:11:20,882 - pipeline - INFO - Analyzing 1 file(s) for DUT in 5G Auto Data Test Drive
2026-03-10 11:11:21,149 - pipeline - INFO - Analyzing 1 file(s) for REF in 5G Auto Data Test Drive
2026-03-10 11:11:21,149 - pipeline - INFO - Analyzing 1 file(s) for REF in 5G Auto Data Test Drive
2026-03-10 11:11:21,464 - pipeline - INFO - Analyzing 1 file(s) for DUT in Good
2026-03-10 11:11:21,464 - pipeline - INFO - Analyzing 1 file(s) for DUT in Good
2026-03-10 11:11:21,517 - pipeline - INFO - Analyzing 1 file(s) for REF in Good
2026-03-10 11:11:21,517 - pipeline - INFO - Analyzing 1 file(s) for REF in Good
2026-03-10 11:11:21,572 - pipeline - INFO - Analyzing 1 file(s) for DUT in Moderate
2026-03-10 11:11:21,572 - pipeline - INFO - Analyzing 1 file(s) for DUT in Moderate
2026-03-10 11:11:21,626 - pipeline - INFO - Analyzing 1 file(s) for REF in Moderate
2026-03-10 11:11:21,626 - pipeline - INFO - Analyzing 1 file(s) for REF in Moderate
2026-03-10 11:11:21,677 - pipeline - INFO - Analyzing 1 file(s) for DUT in Poor
2026-03-10 11:11:21,677 - pipeline - INFO - Analyzing 1 file(s) for DUT in Poor
2026-03-10 11:11:21,729 - pipeline - INFO - Analyzing 1 file(s) for REF in Poor
2026-03-10 11:11:21,729 - pipeline - INFO - Analyzing 1 file(s) for REF in Poor
2026-03-10 11:11:21,784 - pipeline - INFO - Analyzing 1 file(s) for DUT in Good
2026-03-10 11:11:21,784 - pipeline - INFO - Analyzing 1 file(s) for DUT in Good
2026-03-10 11:11:21,839 - pipeline - INFO - Analyzing 1 file(s) for REF in Good
2026-03-10 11:11:21,839 - pipeline - INFO - Analyzing 1 file(s) for REF in Good
2026-03-10 11:11:21,897 - pipeline - INFO - Analyzing 1 file(s) for DUT in Moderate
2026-03-10 11:11:21,897 - pipeline - INFO - Analyzing 1 file(s) for DUT in Moderate
2026-03-10 11:11:21,950 - pipeline - INFO - Analyzing 1 file(s) for REF in Moderate
2026-03-10 11:11:21,950 - pipeline - INFO - Analyzing 1 file(s) for REF in Moderate
2026-03-10 11:11:22,009 - pipeline - INFO - Analyzing 1 file(s) for DUT in Poor
2026-03-10 11:11:22,009 - pipeline - INFO - Analyzing 1 file(s) for DUT in Poor
2026-03-10 11:11:22,064 - pipeline - INFO - Analyzing 1 file(s) for REF in Poor
2026-03-10 11:11:22,064 - pipeline - INFO - Analyzing 1 file(s) for REF in Poor
2026-03-10 11:11:22,123 - pipeline - INFO - Analyzing 1 file(s) for DUT in Good
2026-03-10 11:11:22,123 - pipeline - INFO - Analyzing 1 file(s) for DUT in Good
2026-03-10 11:11:22,179 - pipeline - INFO - Analyzing 1 file(s) for REF in Good
2026-03-10 11:11:22,179 - pipeline - INFO - Analyzing 1 file(s) for REF in Good
2026-03-10 11:11:22,240 - pipeline - INFO - Analyzing 1 file(s) for DUT in Moderate
2026-03-10 11:11:22,240 - pipeline - INFO - Analyzing 1 file(s) for DUT in Moderate
2026-03-10 11:11:22,299 - pipeline - INFO - Analyzing 1 file(s) for REF in Moderate
2026-03-10 11:11:22,299 - pipeline - INFO - Analyzing 1 file(s) for REF in Moderate
2026-03-10 11:11:22,376 - pipeline - INFO - Analyzing 1 file(s) for DUT in Poor
2026-03-10 11:11:22,376 - pipeline - INFO - Analyzing 1 file(s) for DUT in Poor
2026-03-10 11:11:22,437 - pipeline - INFO - Analyzing 1 file(s) for REF in Poor
2026-03-10 11:11:22,437 - pipeline - INFO - Analyzing 1 file(s) for REF in Poor
2026-03-10 11:11:22,498 - pipeline - INFO - Analyzing 1 file(s) for DUT in Good
2026-03-10 11:11:22,498 - pipeline - INFO - Analyzing 1 file(s) for DUT in Good
2026-03-10 11:11:22,551 - pipeline - INFO - Analyzing 1 file(s) for REF in Good
2026-03-10 11:11:22,551 - pipeline - INFO - Analyzing 1 file(s) for REF in Good
2026-03-10 11:11:22,603 - pipeline - INFO - Analyzing 1 file(s) for DUT in Moderate
2026-03-10 11:11:22,603 - pipeline - INFO - Analyzing 1 file(s) for DUT in Moderate
2026-03-10 11:11:22,708 - pipeline - INFO - Analyzing 1 file(s) for REF in Moderate
2026-03-10 11:11:22,708 - pipeline - INFO - Analyzing 1 file(s) for REF in Moderate
2026-03-10 11:11:22,765 - pipeline - INFO - Analyzing 1 file(s) for DUT in Poor
2026-03-10 11:11:22,765 - pipeline - INFO - Analyzing 1 file(s) for DUT in Poor
2026-03-10 11:11:22,817 - pipeline - INFO - Analyzing 1 file(s) for REF in Poor
2026-03-10 11:11:22,817 - pipeline - INFO - Analyzing 1 file(s) for REF in Poor
2026-03-10 11:11:22,872 - pipeline - INFO - Analyzing 1 file(s) for DUT in Good
2026-03-10 11:11:22,872 - pipeline - INFO - Analyzing 1 file(s) for DUT in Good
2026-03-10 11:11:22,926 - pipeline - INFO - Analyzing 1 file(s) for REF in Good
2026-03-10 11:11:22,926 - pipeline - INFO - Analyzing 1 file(s) for REF in Good
2026-03-10 11:11:22,968 - pipeline - INFO - Analyzing 1 file(s) for DUT in Moderate
2026-03-10 11:11:22,968 - pipeline - INFO - Analyzing 1 file(s) for DUT in Moderate
2026-03-10 11:11:23,021 - pipeline - INFO - Analyzing 1 file(s) for REF in Moderate
2026-03-10 11:11:23,021 - pipeline - INFO - Analyzing 1 file(s) for REF in Moderate
2026-03-10 11:11:23,070 - pipeline - INFO - Analyzing 1 file(s) for DUT in Poor
2026-03-10 11:11:23,070 - pipeline - INFO - Analyzing 1 file(s) for DUT in Poor
2026-03-10 11:11:23,118 - pipeline - INFO - Analyzing 1 file(s) for REF in Poor
2026-03-10 11:11:23,118 - pipeline - INFO - Analyzing 1 file(s) for REF in Poor
2026-03-10 11:11:23,168 - pipeline - INFO - Analyzing 1 file(s) for DUT in Moderate
2026-03-10 11:11:23,168 - pipeline - INFO - Analyzing 1 file(s) for DUT in Moderate
2026-03-10 11:11:23,212 - pipeline - INFO - Analyzing 1 file(s) for REF in Moderate
2026-03-10 11:11:23,212 - pipeline - INFO - Analyzing 1 file(s) for REF in Moderate
2026-03-10 11:11:23,257 - pipeline - INFO - Analyzing 2 file(s) for DUT in Poor
2026-03-10 11:11:23,257 - pipeline - INFO - Analyzing 2 file(s) for DUT in Poor
2026-03-10 11:11:23,330 - pipeline - INFO - Analyzing 2 file(s) for REF in Poor
2026-03-10 11:11:23,330 - pipeline - INFO - Analyzing 2 file(s) for REF in Poor
2026-03-10 11:11:23,411 - pipeline - INFO - Analyzing 1 file(s) for DUT in Moderate
2026-03-10 11:11:23,411 - pipeline - INFO - Analyzing 1 file(s) for DUT in Moderate
2026-03-10 11:11:23,448 - pipeline - INFO - Analyzing 1 file(s) for REF in Moderate
2026-03-10 11:11:23,448 - pipeline - INFO - Analyzing 1 file(s) for REF in Moderate
2026-03-10 11:11:23,487 - pipeline - INFO - Analyzing 1 file(s) for DUT in Poor
2026-03-10 11:11:23,487 - pipeline - INFO - Analyzing 1 file(s) for DUT in Poor
2026-03-10 11:11:23,525 - pipeline - INFO - Analyzing 1 file(s) for REF in Poor
2026-03-10 11:11:23,525 - pipeline - INFO - Analyzing 1 file(s) for REF in Poor
2026-03-10 11:11:23,569 - pipeline - INFO - Analyzing 2 file(s) for DUT in Moderate
2026-03-10 11:11:23,569 - pipeline - INFO - Analyzing 2 file(s) for DUT in Moderate
2026-03-10 11:11:23,648 - pipeline - INFO - Analyzing 2 file(s) for REF in Moderate
2026-03-10 11:11:23,648 - pipeline - INFO - Analyzing 2 file(s) for REF in Moderate
2026-03-10 11:11:23,726 - pipeline - INFO - Analyzing 1 file(s) for DUT in Poor
2026-03-10 11:11:23,726 - pipeline - INFO - Analyzing 1 file(s) for DUT in Poor
2026-03-10 11:11:23,786 - pipeline - INFO - Analyzing 1 file(s) for REF in Poor
2026-03-10 11:11:23,786 - pipeline - INFO - Analyzing 1 file(s) for REF in Poor
2026-03-10 11:11:23,844 - pipeline - INFO - Analyzing 2 file(s) for DUT in Moderate
2026-03-10 11:11:23,844 - pipeline - INFO - Analyzing 2 file(s) for DUT in Moderate
2026-03-10 11:11:23,898 - pipeline - INFO - Analyzing 2 file(s) for REF in Moderate
2026-03-10 11:11:23,898 - pipeline - INFO - Analyzing 2 file(s) for REF in Moderate
2026-03-10 11:11:23,960 - pipeline - INFO - Analyzing 1 file(s) for DUT in Poor
2026-03-10 11:11:23,960 - pipeline - INFO - Analyzing 1 file(s) for DUT in Poor
2026-03-10 11:11:23,994 - pipeline - INFO - Analyzing 1 file(s) for REF in Poor
2026-03-10 11:11:23,994 - pipeline - INFO - Analyzing 1 file(s) for REF in Poor
2026-03-10 11:11:24,024 - pipeline - INFO - Analyzing 1 file(s) for DUT in Mobility Test
2026-03-10 11:11:24,024 - pipeline - INFO - Analyzing 1 file(s) for DUT in Mobility Test
2026-03-10 11:11:24,324 - pipeline - INFO - Analyzing 1 file(s) for REF in Mobility Test
2026-03-10 11:11:24,324 - pipeline - INFO - Analyzing 1 file(s) for REF in Mobility Test
2026-03-10 11:11:24,615 - pipeline - INFO - Analyzing 1 file(s) for DUT in Moderate
2026-03-10 11:11:24,615 - pipeline - INFO - Analyzing 1 file(s) for DUT in Moderate
2026-03-10 11:11:24,666 - pipeline - INFO - Analyzing 1 file(s) for REF in Moderate
2026-03-10 11:11:24,666 - pipeline - INFO - Analyzing 1 file(s) for REF in Moderate
2026-03-10 11:11:24,717 - pipeline - INFO - Analyzing 1 file(s) for DUT in Poor
2026-03-10 11:11:24,717 - pipeline - INFO - Analyzing 1 file(s) for DUT in Poor
2026-03-10 11:11:24,774 - pipeline - INFO - Analyzing 1 file(s) for REF in Poor
2026-03-10 11:11:24,774 - pipeline - INFO - Analyzing 1 file(s) for REF in Poor
2026-03-10 11:11:24,832 - pipeline - INFO - Analyzing 1 file(s) for DUT in Moderate
2026-03-10 11:11:24,832 - pipeline - INFO - Analyzing 1 file(s) for DUT in Moderate
2026-03-10 11:11:24,896 - pipeline - INFO - Analyzing 1 file(s) for REF in Moderate
2026-03-10 11:11:24,896 - pipeline - INFO - Analyzing 1 file(s) for REF in Moderate
2026-03-10 11:11:24,956 - pipeline - INFO - Analyzing 1 file(s) for DUT in Poor
2026-03-10 11:11:24,956 - pipeline - INFO - Analyzing 1 file(s) for DUT in Poor
2026-03-10 11:11:25,018 - pipeline - INFO - Analyzing 1 file(s) for REF in Poor
2026-03-10 11:11:25,018 - pipeline - INFO - Analyzing 1 file(s) for REF in Poor
2026-03-10 11:11:25,084 - pipeline - INFO - Analyzing 3 file(s) for DUT in Moderate
2026-03-10 11:11:25,084 - pipeline - INFO - Analyzing 3 file(s) for DUT in Moderate
2026-03-10 11:11:25,272 - pipeline - INFO - Analyzing 3 file(s) for REF in Moderate
2026-03-10 11:11:25,272 - pipeline - INFO - Analyzing 3 file(s) for REF in Moderate
2026-03-10 11:11:25,417 - pipeline - INFO - Analyzing 1 file(s) for DUT in Poor
2026-03-10 11:11:25,417 - pipeline - INFO - Analyzing 1 file(s) for DUT in Poor
2026-03-10 11:11:25,475 - pipeline - INFO - Analyzing 1 file(s) for REF in Poor
2026-03-10 11:11:25,475 - pipeline - INFO - Analyzing 1 file(s) for REF in Poor
2026-03-10 11:11:25,540 - pipeline - INFO - Analyzing 1 file(s) for DUT in Moderate
2026-03-10 11:11:25,540 - pipeline - INFO - Analyzing 1 file(s) for DUT in Moderate
2026-03-10 11:11:25,599 - pipeline - INFO - Analyzing 1 file(s) for REF in Moderate
2026-03-10 11:11:25,599 - pipeline - INFO - Analyzing 1 file(s) for REF in Moderate
2026-03-10 11:11:25,659 - pipeline - INFO - Analyzing 1 file(s) for DUT in Poor
2026-03-10 11:11:25,659 - pipeline - INFO - Analyzing 1 file(s) for DUT in Poor
2026-03-10 11:11:25,717 - pipeline - INFO - Analyzing 1 file(s) for REF in Poor
2026-03-10 11:11:25,717 - pipeline - INFO - Analyzing 1 file(s) for REF in Poor
2026-03-10 11:11:25,796 - pipeline - INFO - Analyzing 1 file(s) for DUT in Moderate
2026-03-10 11:11:25,796 - pipeline - INFO - Analyzing 1 file(s) for DUT in Moderate
2026-03-10 11:11:25,856 - pipeline - INFO - Analyzing 1 file(s) for REF in Moderate
2026-03-10 11:11:25,856 - pipeline - INFO - Analyzing 1 file(s) for REF in Moderate
2026-03-10 11:11:25,913 - pipeline - INFO - Analyzing 1 file(s) for DUT in Poor
2026-03-10 11:11:25,913 - pipeline - INFO - Analyzing 1 file(s) for DUT in Poor
2026-03-10 11:11:25,967 - pipeline - INFO - Analyzing 1 file(s) for REF in Poor
2026-03-10 11:11:25,967 - pipeline - INFO - Analyzing 1 file(s) for REF in Poor
2026-03-10 11:11:26,021 - pipeline - INFO - Processing directory-level analyses...
2026-03-10 11:11:26,021 - pipeline - INFO - Processing directory-level analyses...
2026-03-10 11:11:26,021 - pipeline - INFO - Analyzing Coverage directory: D:/ReportGenerator/Raw Data\#Huaqin\Seattle\Coverage Performance (Type: coverage_coordinate)
2026-03-10 11:11:26,021 - pipeline - INFO - Analyzing Coverage directory: D:/ReportGenerator/Raw Data\#Huaqin\Seattle\Coverage Performance (Type: coverage_coordinate)
2026-03-10 11:11:26,022 - pipeline - INFO - Analyzing Coverage directory: D:/ReportGenerator/Raw Data\#Huaqin\Seattle\Coverage Performance/5G n41 HPUE Coverage Test (Type: n41_coverage)
2026-03-10 11:11:26,022 - pipeline - INFO - Analyzing Coverage directory: D:/ReportGenerator/Raw Data\#Huaqin\Seattle\Coverage Performance/5G n41 HPUE Coverage Test (Type: n41_coverage)
2026-03-10 11:11:26,772 - pipeline - INFO - Analyzing Coverage directory: D:/ReportGenerator/Raw Data\#Huaqin\Seattle\Coverage Performance/5G VoNR Coverage Test (Type: vonr_coverage_performance)
2026-03-10 11:11:26,772 - pipeline - INFO - Analyzing Coverage directory: D:/ReportGenerator/Raw Data\#Huaqin\Seattle\Coverage Performance/5G VoNR Coverage Test (Type: vonr_coverage_performance)
2026-03-10 11:11:27,836 - pipeline - INFO - Running timeline analysis for: Coverage Performance/5G VoNR Coverage Test
2026-03-10 11:11:27,836 - pipeline - INFO - Running timeline analysis for: Coverage Performance/5G VoNR Coverage Test
2026-03-10 11:11:27,836 - pipeline - INFO - Analyzing Coverage directory: D:/ReportGenerator/Raw Data\#Huaqin\Seattle\Coverage Performance/5G VoNR Coverage Test (Type: coverage_timeline)
2026-03-10 11:11:27,836 - pipeline - INFO - Analyzing Coverage directory: D:/ReportGenerator/Raw Data\#Huaqin\Seattle\Coverage Performance/5G VoNR Coverage Test (Type: coverage_timeline)
2026-03-10 11:11:27,837 - pipeline - INFO - Analyzing Coverage Timeline for: D:/ReportGenerator/Raw Data\#Huaqin\Seattle\Coverage Performance/5G VoNR Coverage Test
2026-03-10 11:11:27,837 - pipeline - INFO - Analyzing Coverage Timeline for: D:/ReportGenerator/Raw Data\#Huaqin\Seattle\Coverage Performance/5G VoNR Coverage Test
2026-03-10 11:11:27,837 - pipeline - INFO - Processing rsrp timeline...
2026-03-10 11:11:27,837 - pipeline - INFO - Processing rsrp timeline...
2026-03-10 11:11:28,289 - pipeline - INFO - Processing sinr timeline...
2026-03-10 11:11:28,289 - pipeline - INFO - Processing sinr timeline...
2026-03-10 11:11:28,719 - pipeline - INFO - Processing txpower timeline...
2026-03-10 11:11:28,719 - pipeline - INFO - Processing txpower timeline...
2026-03-10 11:11:29,144 - pipeline - INFO - Analyzing Coverage directory: D:/ReportGenerator/Raw Data\#Huaqin\Seattle\Coverage Performance/LTE Coverage Test (Type: vonr_coverage_performance)
2026-03-10 11:11:29,144 - pipeline - INFO - Analyzing Coverage directory: D:/ReportGenerator/Raw Data\#Huaqin\Seattle\Coverage Performance/LTE Coverage Test (Type: vonr_coverage_performance)
2026-03-10 11:11:29,145 - pipeline - INFO - Using Seattle_LTE coordinates for LTE Coverage Test
2026-03-10 11:11:29,145 - pipeline - INFO - Using Seattle_LTE coordinates for LTE Coverage Test
2026-03-10 11:11:30,204 - pipeline - INFO - Running timeline analysis for: Coverage Performance/LTE Coverage Test
2026-03-10 11:11:30,204 - pipeline - INFO - Running timeline analysis for: Coverage Performance/LTE Coverage Test
2026-03-10 11:11:30,204 - pipeline - INFO - Analyzing Coverage directory: D:/ReportGenerator/Raw Data\#Huaqin\Seattle\Coverage Performance/LTE Coverage Test (Type: coverage_timeline)
2026-03-10 11:11:30,204 - pipeline - INFO - Analyzing Coverage directory: D:/ReportGenerator/Raw Data\#Huaqin\Seattle\Coverage Performance/LTE Coverage Test (Type: coverage_timeline)
2026-03-10 11:11:30,204 - pipeline - INFO - Using Seattle_LTE coordinates for LTE Coverage Test
2026-03-10 11:11:30,204 - pipeline - INFO - Using Seattle_LTE coordinates for LTE Coverage Test
2026-03-10 11:11:30,205 - pipeline - INFO - Analyzing Coverage Timeline for: D:/ReportGenerator/Raw Data\#Huaqin\Seattle\Coverage Performance/LTE Coverage Test
2026-03-10 11:11:30,205 - pipeline - INFO - Analyzing Coverage Timeline for: D:/ReportGenerator/Raw Data\#Huaqin\Seattle\Coverage Performance/LTE Coverage Test
2026-03-10 11:11:30,206 - pipeline - INFO - Processing rsrp timeline...
2026-03-10 11:11:30,206 - pipeline - INFO - Processing rsrp timeline...
2026-03-10 11:11:30,391 - pipeline - INFO - Processing sinr timeline...
2026-03-10 11:11:30,391 - pipeline - INFO - Processing sinr timeline...
2026-03-10 11:11:30,586 - pipeline - INFO - Processing txpower timeline...
2026-03-10 11:11:30,586 - pipeline - INFO - Processing txpower timeline...
2026-03-10 11:11:30,786 - pipeline - INFO - Analyzing Google Throughput directory: D:/ReportGenerator/Raw Data\#Huaqin\Seattle\Data Performance/5G AUTO DP/5G Auto Data Play-store app Download
2026-03-10 11:11:30,786 - pipeline - INFO - Analyzing Google Throughput directory: D:/ReportGenerator/Raw Data\#Huaqin\Seattle\Data Performance/5G AUTO DP/5G Auto Data Play-store app Download
2026-03-10 11:11:30,786 - pipeline - INFO - Processing Play Store file: _20260309_211736_CH01_TMO_5G DP_Play Store 30MB_SEA L1 DUT_.csv (Size: 30M, Device: DUT, Location: Good)
2026-03-10 11:11:30,786 - pipeline - INFO - Processing Play Store file: _20260309_211736_CH01_TMO_5G DP_Play Store 30MB_SEA L1 DUT_.csv (Size: 30M, Device: DUT, Location: Good)
2026-03-10 11:11:30,814 - pipeline - INFO - Successfully analyzed _20260309_211736_CH01_TMO_5G DP_Play Store 30MB_SEA L1 DUT_.csv: 101.52649122807017
2026-03-10 11:11:30,814 - pipeline - INFO - Successfully analyzed _20260309_211736_CH01_TMO_5G DP_Play Store 30MB_SEA L1 DUT_.csv: 101.52649122807017
2026-03-10 11:11:30,815 - pipeline - INFO - Processing Play Store file: _20260309_211736_CH02_TMO_5G DP_Play Store 30MB_SEA L1 REF_.csv (Size: 30M, Device: REF, Location: Good)
2026-03-10 11:11:30,815 - pipeline - INFO - Processing Play Store file: _20260309_211736_CH02_TMO_5G DP_Play Store 30MB_SEA L1 REF_.csv (Size: 30M, Device: REF, Location: Good)
2026-03-10 11:11:30,835 - pipeline - INFO - Successfully analyzed _20260309_211736_CH02_TMO_5G DP_Play Store 30MB_SEA L1 REF_.csv: 103.63114035087719
2026-03-10 11:11:30,835 - pipeline - INFO - Successfully analyzed _20260309_211736_CH02_TMO_5G DP_Play Store 30MB_SEA L1 REF_.csv: 103.63114035087719
2026-03-10 11:11:30,836 - pipeline - INFO - Processing Play Store file: _20260309_212413_CH01_TMO_5G DP_Play Store 60MB_SEA L1 DUT_.csv (Size: 60M, Device: DUT, Location: Good)
2026-03-10 11:11:30,836 - pipeline - INFO - Processing Play Store file: _20260309_212413_CH01_TMO_5G DP_Play Store 60MB_SEA L1 DUT_.csv (Size: 60M, Device: DUT, Location: Good)
2026-03-10 11:11:30,854 - pipeline - INFO - Successfully analyzed _20260309_212413_CH01_TMO_5G DP_Play Store 60MB_SEA L1 DUT_.csv: 176.77827731092438
2026-03-10 11:11:30,854 - pipeline - INFO - Successfully analyzed _20260309_212413_CH01_TMO_5G DP_Play Store 60MB_SEA L1 DUT_.csv: 176.77827731092438
2026-03-10 11:11:30,854 - pipeline - INFO - Processing Play Store file: _20260309_212413_CH02_TMO_5G DP_Play Store 60MB_SEA L1 REF_.csv (Size: 60M, Device: REF, Location: Good)
2026-03-10 11:11:30,854 - pipeline - INFO - Processing Play Store file: _20260309_212413_CH02_TMO_5G DP_Play Store 60MB_SEA L1 REF_.csv (Size: 60M, Device: REF, Location: Good)
2026-03-10 11:11:30,871 - pipeline - INFO - Successfully analyzed _20260309_212413_CH02_TMO_5G DP_Play Store 60MB_SEA L1 REF_.csv: 206.94995098039215
2026-03-10 11:11:30,871 - pipeline - INFO - Successfully analyzed _20260309_212413_CH02_TMO_5G DP_Play Store 60MB_SEA L1 REF_.csv: 206.94995098039215
2026-03-10 11:11:30,871 - pipeline - INFO - Processing Play Store file: _20260309_213107_CH01_TMO_5G DP_Play Store 100MB_SEA L1 DUT_.csv (Size: 100M, Device: DUT, Location: Good)
2026-03-10 11:11:30,871 - pipeline - INFO - Processing Play Store file: _20260309_213107_CH01_TMO_5G DP_Play Store 100MB_SEA L1 DUT_.csv (Size: 100M, Device: DUT, Location: Good)
2026-03-10 11:11:30,889 - pipeline - INFO - Successfully analyzed _20260309_213107_CH01_TMO_5G DP_Play Store 100MB_SEA L1 DUT_.csv: 275.9479563492063
2026-03-10 11:11:30,889 - pipeline - INFO - Successfully analyzed _20260309_213107_CH01_TMO_5G DP_Play Store 100MB_SEA L1 DUT_.csv: 275.9479563492063
2026-03-10 11:11:30,890 - pipeline - INFO - Processing Play Store file: _20260309_213107_CH02_TMO_5G DP_Play Store 100MB_SEA L1 REF_.csv (Size: 100M, Device: REF, Location: Good)
2026-03-10 11:11:30,890 - pipeline - INFO - Processing Play Store file: _20260309_213107_CH02_TMO_5G DP_Play Store 100MB_SEA L1 REF_.csv (Size: 100M, Device: REF, Location: Good)
2026-03-10 11:11:30,908 - pipeline - INFO - Successfully analyzed _20260309_213107_CH02_TMO_5G DP_Play Store 100MB_SEA L1 REF_.csv: 250.66366987179487
2026-03-10 11:11:30,908 - pipeline - INFO - Successfully analyzed _20260309_213107_CH02_TMO_5G DP_Play Store 100MB_SEA L1 REF_.csv: 250.66366987179487
2026-03-10 11:11:30,908 - pipeline - INFO - Processing Play Store file: _20260301_170456_CH01_TMO_5G AUTO_Play Store 30MB_SEA L2 DUT_.csv (Size: 30M, Device: DUT, Location: Moderate)
2026-03-10 11:11:30,908 - pipeline - INFO - Processing Play Store file: _20260301_170456_CH01_TMO_5G AUTO_Play Store 30MB_SEA L2 DUT_.csv (Size: 30M, Device: DUT, Location: Moderate)
2026-03-10 11:11:30,942 - pipeline - INFO - Successfully analyzed _20260301_170456_CH01_TMO_5G AUTO_Play Store 30MB_SEA L2 DUT_.csv: 50.36797698135199
2026-03-10 11:11:30,942 - pipeline - INFO - Successfully analyzed _20260301_170456_CH01_TMO_5G AUTO_Play Store 30MB_SEA L2 DUT_.csv: 50.36797698135199
2026-03-10 11:11:30,942 - pipeline - INFO - Processing Play Store file: _20260301_170456_CH02_TMO_5G AUTO_Play Store 30MB_SEA L2 REF_.csv (Size: 30M, Device: REF, Location: Moderate)
2026-03-10 11:11:30,942 - pipeline - INFO - Processing Play Store file: _20260301_170456_CH02_TMO_5G AUTO_Play Store 30MB_SEA L2 REF_.csv (Size: 30M, Device: REF, Location: Moderate)
2026-03-10 11:11:30,966 - pipeline - INFO - Successfully analyzed _20260301_170456_CH02_TMO_5G AUTO_Play Store 30MB_SEA L2 REF_.csv: 21.685335990087253
2026-03-10 11:11:30,966 - pipeline - INFO - Successfully analyzed _20260301_170456_CH02_TMO_5G AUTO_Play Store 30MB_SEA L2 REF_.csv: 21.685335990087253
2026-03-10 11:11:30,966 - pipeline - INFO - Processing Play Store file: _20260301_172130_CH01_TMO_5G AUTO_Play Store 60MB_SEA L2 DUT_.csv (Size: 60M, Device: DUT, Location: Moderate)
2026-03-10 11:11:30,966 - pipeline - INFO - Processing Play Store file: _20260301_172130_CH01_TMO_5G AUTO_Play Store 60MB_SEA L2 DUT_.csv (Size: 60M, Device: DUT, Location: Moderate)
2026-03-10 11:11:30,994 - pipeline - INFO - Successfully analyzed _20260301_172130_CH01_TMO_5G AUTO_Play Store 60MB_SEA L2 DUT_.csv: 68.01557486173957
2026-03-10 11:11:30,994 - pipeline - INFO - Successfully analyzed _20260301_172130_CH01_TMO_5G AUTO_Play Store 60MB_SEA L2 DUT_.csv: 68.01557486173957
2026-03-10 11:11:30,995 - pipeline - INFO - Processing Play Store file: _20260301_172130_CH02_TMO_5G AUTO_Play Store 60MB_SEA L2 REF_.csv (Size: 60M, Device: REF, Location: Moderate)
2026-03-10 11:11:30,995 - pipeline - INFO - Processing Play Store file: _20260301_172130_CH02_TMO_5G AUTO_Play Store 60MB_SEA L2 REF_.csv (Size: 60M, Device: REF, Location: Moderate)
2026-03-10 11:11:31,022 - pipeline - INFO - Successfully analyzed _20260301_172130_CH02_TMO_5G AUTO_Play Store 60MB_SEA L2 REF_.csv: 27.65214870054606
2026-03-10 11:11:31,022 - pipeline - INFO - Successfully analyzed _20260301_172130_CH02_TMO_5G AUTO_Play Store 60MB_SEA L2 REF_.csv: 27.65214870054606
2026-03-10 11:11:31,023 - pipeline - INFO - Processing Play Store file: _20260301_174915_CH01_TMO_5G AUTO_Play Store 100MB_SEA L2 DUT_.csv (Size: 100M, Device: DUT, Location: Moderate)
2026-03-10 11:11:31,023 - pipeline - INFO - Processing Play Store file: _20260301_174915_CH01_TMO_5G AUTO_Play Store 100MB_SEA L2 DUT_.csv (Size: 100M, Device: DUT, Location: Moderate)
2026-03-10 11:11:31,047 - pipeline - INFO - Successfully analyzed _20260301_174915_CH01_TMO_5G AUTO_Play Store 100MB_SEA L2 DUT_.csv: 79.26933897391983
2026-03-10 11:11:31,047 - pipeline - INFO - Successfully analyzed _20260301_174915_CH01_TMO_5G AUTO_Play Store 100MB_SEA L2 DUT_.csv: 79.26933897391983
2026-03-10 11:11:31,048 - pipeline - INFO - Processing Play Store file: _20260301_174915_CH02_TMO_5G AUTO_Play Store 100MB_SEA L2 REF_.csv (Size: 100M, Device: REF, Location: Moderate)
2026-03-10 11:11:31,048 - pipeline - INFO - Processing Play Store file: _20260301_174915_CH02_TMO_5G AUTO_Play Store 100MB_SEA L2 REF_.csv (Size: 100M, Device: REF, Location: Moderate)
2026-03-10 11:11:31,073 - pipeline - INFO - Successfully analyzed _20260301_174915_CH02_TMO_5G AUTO_Play Store 100MB_SEA L2 REF_.csv: 34.360031172181216
2026-03-10 11:11:31,073 - pipeline - INFO - Successfully analyzed _20260301_174915_CH02_TMO_5G AUTO_Play Store 100MB_SEA L2 REF_.csv: 34.360031172181216
2026-03-10 11:11:31,074 - pipeline - INFO - Processing Play Store file: _20260305_133728_CH01_TMO_5G AUTO_Play Store 30 MB_SEA L3 DUT_.csv (Size: 30M, Device: DUT, Location: Poor)
2026-03-10 11:11:31,074 - pipeline - INFO - Processing Play Store file: _20260305_133728_CH01_TMO_5G AUTO_Play Store 30 MB_SEA L3 DUT_.csv (Size: 30M, Device: DUT, Location: Poor)
2026-03-10 11:11:31,095 - pipeline - INFO - Successfully analyzed _20260305_133728_CH01_TMO_5G AUTO_Play Store 30 MB_SEA L3 DUT_.csv: 5.628453927791787
2026-03-10 11:11:31,095 - pipeline - INFO - Successfully analyzed _20260305_133728_CH01_TMO_5G AUTO_Play Store 30 MB_SEA L3 DUT_.csv: 5.628453927791787
2026-03-10 11:11:31,096 - pipeline - INFO - Processing Play Store file: _20260305_133728_CH02_TMO_5G AUTO_Play Store 30 MB_SEA L3 REF_.csv (Size: 30M, Device: REF, Location: Poor)
2026-03-10 11:11:31,096 - pipeline - INFO - Processing Play Store file: _20260305_133728_CH02_TMO_5G AUTO_Play Store 30 MB_SEA L3 REF_.csv (Size: 30M, Device: REF, Location: Poor)
2026-03-10 11:11:31,118 - pipeline - INFO - Successfully analyzed _20260305_133728_CH02_TMO_5G AUTO_Play Store 30 MB_SEA L3 REF_.csv: 10.442949336003807
2026-03-10 11:11:31,118 - pipeline - INFO - Successfully analyzed _20260305_133728_CH02_TMO_5G AUTO_Play Store 30 MB_SEA L3 REF_.csv: 10.442949336003807
2026-03-10 11:11:31,118 - pipeline - INFO - Processing Play Store file: _20260305_135026_CH01_TMO_5G AUTO_Play Store 60 MB_SEA L3 DUT_.csv (Size: 60M, Device: DUT, Location: Poor)
2026-03-10 11:11:31,118 - pipeline - INFO - Processing Play Store file: _20260305_135026_CH01_TMO_5G AUTO_Play Store 60 MB_SEA L3 DUT_.csv (Size: 60M, Device: DUT, Location: Poor)
2026-03-10 11:11:31,140 - pipeline - INFO - Successfully analyzed _20260305_135026_CH01_TMO_5G AUTO_Play Store 60 MB_SEA L3 DUT_.csv: 4.197943396036771
2026-03-10 11:11:31,140 - pipeline - INFO - Successfully analyzed _20260305_135026_CH01_TMO_5G AUTO_Play Store 60 MB_SEA L3 DUT_.csv: 4.197943396036771
2026-03-10 11:11:31,141 - pipeline - INFO - Processing Play Store file: _20260305_135026_CH02_TMO_5G AUTO_Play Store 60 MB_SEA L3 REF_.csv (Size: 60M, Device: REF, Location: Poor)
2026-03-10 11:11:31,141 - pipeline - INFO - Processing Play Store file: _20260305_135026_CH02_TMO_5G AUTO_Play Store 60 MB_SEA L3 REF_.csv (Size: 60M, Device: REF, Location: Poor)
2026-03-10 11:11:31,165 - pipeline - INFO - Successfully analyzed _20260305_135026_CH02_TMO_5G AUTO_Play Store 60 MB_SEA L3 REF_.csv: 4.366513168700669
2026-03-10 11:11:31,165 - pipeline - INFO - Successfully analyzed _20260305_135026_CH02_TMO_5G AUTO_Play Store 60 MB_SEA L3 REF_.csv: 4.366513168700669
2026-03-10 11:11:31,166 - pipeline - INFO - Processing Play Store file: _20260305_140649_CH01_TMO_5G AUTO_Play Store 100 MB_SEA L3 DUT_.csv (Size: 100M, Device: DUT, Location: Poor)
2026-03-10 11:11:31,166 - pipeline - INFO - Processing Play Store file: _20260305_140649_CH01_TMO_5G AUTO_Play Store 100 MB_SEA L3 DUT_.csv (Size: 100M, Device: DUT, Location: Poor)
2026-03-10 11:11:31,189 - pipeline - INFO - Successfully analyzed _20260305_140649_CH01_TMO_5G AUTO_Play Store 100 MB_SEA L3 DUT_.csv: 2.900268355969123
2026-03-10 11:11:31,189 - pipeline - INFO - Successfully analyzed _20260305_140649_CH01_TMO_5G AUTO_Play Store 100 MB_SEA L3 DUT_.csv: 2.900268355969123
2026-03-10 11:11:31,190 - pipeline - INFO - Processing Play Store file: _20260305_140649_CH02_TMO_5G AUTO_Play Store 100 MB_SEA L3 REF_.csv (Size: 100M, Device: REF, Location: Poor)
2026-03-10 11:11:31,190 - pipeline - INFO - Processing Play Store file: _20260305_140649_CH02_TMO_5G AUTO_Play Store 100 MB_SEA L3 REF_.csv (Size: 100M, Device: REF, Location: Poor)
2026-03-10 11:11:31,214 - pipeline - INFO - Successfully analyzed _20260305_140649_CH02_TMO_5G AUTO_Play Store 100 MB_SEA L3 REF_.csv: 4.377377698089845
2026-03-10 11:11:31,214 - pipeline - INFO - Successfully analyzed _20260305_140649_CH02_TMO_5G AUTO_Play Store 100 MB_SEA L3 REF_.csv: 4.377377698089845
2026-03-10 11:11:31,214 - pipeline - INFO - Google Throughput analysis directory processing complete. Results found: True
2026-03-10 11:11:31,214 - pipeline - INFO - Google Throughput analysis directory processing complete. Results found: True
2026-03-10 11:11:31,214 - pipeline - INFO - Analyzing MHS Drive directory: D:/ReportGenerator/Raw Data\#Huaqin\Seattle\Data Performance/5G AUTO DP/Mobility Test/5G Auto Data Test MHS Drive
2026-03-10 11:11:31,214 - pipeline - INFO - Analyzing MHS Drive directory: D:/ReportGenerator/Raw Data\#Huaqin\Seattle\Data Performance/5G AUTO DP/Mobility Test/5G Auto Data Test MHS Drive
2026-03-10 11:11:32,201 - pipeline - INFO - Analyzing MHS Drive directory: D:/ReportGenerator/Raw Data\#Huaqin\Seattle\Data Performance/5G AUTO DP/Mobility Test/5G Auto Data Test Drive
2026-03-10 11:11:32,201 - pipeline - INFO - Analyzing MHS Drive directory: D:/ReportGenerator/Raw Data\#Huaqin\Seattle\Data Performance/5G AUTO DP/Mobility Test/5G Auto Data Test Drive
2026-03-10 11:11:33,178 - pipeline - INFO - Analyzing MHS Drive directory: D:/ReportGenerator/Raw Data\#Huaqin\Seattle\Data Performance/5G NSA DP/Mobility Test
2026-03-10 11:11:33,178 - pipeline - INFO - Analyzing MHS Drive directory: D:/ReportGenerator/Raw Data\#Huaqin\Seattle\Data Performance/5G NSA DP/Mobility Test
2026-03-10 11:11:34,294 - pipeline - INFO - Running post-processing (VqLineChart, Coverage extraction)...
2026-03-10 11:11:34,294 - pipeline - INFO - Running post-processing (VqLineChart, Coverage extraction)...
2026-03-10 11:11:34,428 - pipeline - INFO - Checking for CDF Throughput data to export...
2026-03-10 11:11:34,428 - pipeline - INFO - Checking for CDF Throughput data to export...
2026-03-10 11:11:34,469 - pipeline - INFO - Exported 112 CDF throughput JSON files to D:/ReportGenerator/report-generator-app/public/AnalyzeResults\#Huaqin\Seattle\cdf_throughput_data
2026-03-10 11:11:34,469 - pipeline - INFO - Exported 112 CDF throughput JSON files to D:/ReportGenerator/report-generator-app/public/AnalyzeResults\#Huaqin\Seattle\cdf_throughput_data
2026-03-10 11:11:34,477 - pipeline - INFO - Data Performance results exported to D:/ReportGenerator/report-generator-app/public/AnalyzeResults\#Huaqin\Seattle\data_performance_results.json
2026-03-10 11:11:34,477 - pipeline - INFO - Data Performance results exported to D:/ReportGenerator/report-generator-app/public/AnalyzeResults\#Huaqin\Seattle\data_performance_results.json
2026-03-10 11:11:34,486 - pipeline - INFO - Coverage Performance results exported to D:/ReportGenerator/report-generator-app/public/AnalyzeResults\#Huaqin\Seattle\coverage_performance_results.json
2026-03-10 11:11:34,486 - pipeline - INFO - Coverage Performance results exported to D:/ReportGenerator/report-generator-app/public/AnalyzeResults\#Huaqin\Seattle\coverage_performance_results.json
2026-03-10 11:11:34,488 - pipeline - INFO - Processing summary exported to D:/ReportGenerator/report-generator-app/public/AnalyzeResults\#Huaqin\Seattle\processing_summary.json
2026-03-10 11:11:34,488 - pipeline - INFO - Processing summary exported to D:/ReportGenerator/report-generator-app/public/AnalyzeResults\#Huaqin\Seattle\processing_summary.json
2026-03-10 11:11:34,489 - pipeline - INFO - Running final data validation...
2026-03-10 11:11:34,489 - pipeline - INFO - Running final data validation...
2026-03-10 11:11:34,512 - pipeline - WARNING - Summary of Empty collections found in JSON files:
2026-03-10 11:11:34,512 - pipeline - WARNING - Summary of Empty collections found in JSON files:
2026-03-10 11:11:34,513 - pipeline - WARNING -   - data_performance_results.json -> Data Performance -> 5G AUTO DP -> HTTP Multi Stream -> DL -> Good -> DUT -> Throughput -> Outliers -> Empty List
2026-03-10 11:11:34,513 - pipeline - WARNING -   - data_performance_results.json -> Data Performance -> 5G AUTO DP -> HTTP Multi Stream -> DL -> Good -> DUT -> Throughput -> Outliers -> Empty List
2026-03-10 11:11:34,513 - pipeline - WARNING -   - data_performance_results.json -> Data Performance -> 5G AUTO DP -> HTTP Multi Stream -> DL -> Good -> REF -> Throughput -> Outliers -> Empty List
2026-03-10 11:11:34,513 - pipeline - WARNING -   - data_performance_results.json -> Data Performance -> 5G AUTO DP -> HTTP Multi Stream -> DL -> Good -> REF -> Throughput -> Outliers -> Empty List
2026-03-10 11:11:34,514 - pipeline - WARNING -   - data_performance_results.json -> Data Performance -> 5G AUTO DP -> HTTP Multi Stream -> DL -> Moderate -> DUT -> Throughput -> Outliers -> Empty List
2026-03-10 11:11:34,514 - pipeline - WARNING -   - data_performance_results.json -> Data Performance -> 5G AUTO DP -> HTTP Multi Stream -> DL -> Moderate -> DUT -> Throughput -> Outliers -> Empty List
2026-03-10 11:11:34,514 - pipeline - WARNING -   - data_performance_results.json -> Data Performance -> 5G AUTO DP -> HTTP Multi Stream -> DL -> Moderate -> REF -> Throughput -> Outliers -> Empty List
2026-03-10 11:11:34,514 - pipeline - WARNING -   - data_performance_results.json -> Data Performance -> 5G AUTO DP -> HTTP Multi Stream -> DL -> Moderate -> REF -> Throughput -> Outliers -> Empty List
2026-03-10 11:11:34,514 - pipeline - WARNING -   - data_performance_results.json -> Data Performance -> 5G AUTO DP -> HTTP Multi Stream -> DL -> Poor -> DUT -> Throughput -> Outliers -> Empty List
2026-03-10 11:11:34,514 - pipeline - WARNING -   - data_performance_results.json -> Data Performance -> 5G AUTO DP -> HTTP Multi Stream -> DL -> Poor -> DUT -> Throughput -> Outliers -> Empty List
2026-03-10 11:11:34,515 - pipeline - WARNING -   - data_performance_results.json -> Data Performance -> 5G AUTO DP -> HTTP Multi Stream -> DL -> Poor -> REF -> Throughput -> Outliers -> Empty List
2026-03-10 11:11:34,515 - pipeline - WARNING -   - data_performance_results.json -> Data Performance -> 5G AUTO DP -> HTTP Multi Stream -> DL -> Poor -> REF -> Throughput -> Outliers -> Empty List
2026-03-10 11:11:34,515 - pipeline - WARNING -   - data_performance_results.json -> Data Performance -> 5G AUTO DP -> HTTP Multi Stream -> UL -> Good -> REF -> Throughput -> Outliers -> Empty List
2026-03-10 11:11:34,515 - pipeline - WARNING -   - data_performance_results.json -> Data Performance -> 5G AUTO DP -> HTTP Multi Stream -> UL -> Good -> REF -> Throughput -> Outliers -> Empty List
2026-03-10 11:11:34,515 - pipeline - WARNING -   - data_performance_results.json -> Data Performance -> 5G AUTO DP -> HTTP Multi Stream -> UL -> Moderate -> DUT -> Throughput -> Outliers -> Empty List
2026-03-10 11:11:34,515 - pipeline - WARNING -   - data_performance_results.json -> Data Performance -> 5G AUTO DP -> HTTP Multi Stream -> UL -> Moderate -> DUT -> Throughput -> Outliers -> Empty List
2026-03-10 11:11:34,515 - pipeline - WARNING -   - data_performance_results.json -> Data Performance -> 5G AUTO DP -> HTTP Single Stream -> DL -> Good -> DUT -> Throughput -> Outliers -> Empty List
2026-03-10 11:11:34,515 - pipeline - WARNING -   - data_performance_results.json -> Data Performance -> 5G AUTO DP -> HTTP Single Stream -> DL -> Good -> DUT -> Throughput -> Outliers -> Empty List
2026-03-10 11:11:34,516 - pipeline - WARNING -   - data_performance_results.json -> Data Performance -> 5G AUTO DP -> HTTP Single Stream -> DL -> Moderate -> DUT -> Throughput -> Outliers -> Empty List
2026-03-10 11:11:34,516 - pipeline - WARNING -   - data_performance_results.json -> Data Performance -> 5G AUTO DP -> HTTP Single Stream -> DL -> Moderate -> DUT -> Throughput -> Outliers -> Empty List
2026-03-10 11:11:34,516 - pipeline - WARNING -   - data_performance_results.json -> Data Performance -> 5G AUTO DP -> HTTP Single Stream -> DL -> Poor -> REF -> Throughput -> Outliers -> Empty List
2026-03-10 11:11:34,516 - pipeline - WARNING -   - data_performance_results.json -> Data Performance -> 5G AUTO DP -> HTTP Single Stream -> DL -> Poor -> REF -> Throughput -> Outliers -> Empty List
2026-03-10 11:11:34,516 - pipeline - WARNING -   - data_performance_results.json -> Data Performance -> 5G AUTO DP -> Mobile Hotspot Test -> HTTP Multi Stream -> DL -> Poor -> DUT -> Throughput -> Outliers -> Empty List
2026-03-10 11:11:34,516 - pipeline - WARNING -   - data_performance_results.json -> Data Performance -> 5G AUTO DP -> Mobile Hotspot Test -> HTTP Multi Stream -> DL -> Poor -> DUT -> Throughput -> Outliers -> Empty List
2026-03-10 11:11:34,516 - pipeline - WARNING -   - data_performance_results.json -> Data Performance -> 5G AUTO DP -> Mobile Hotspot Test -> HTTP Multi Stream -> DL -> Poor -> REF -> Throughput -> Outliers -> Empty List
2026-03-10 11:11:34,516 - pipeline - WARNING -   - data_performance_results.json -> Data Performance -> 5G AUTO DP -> Mobile Hotspot Test -> HTTP Multi Stream -> DL -> Poor -> REF -> Throughput -> Outliers -> Empty List
2026-03-10 11:11:34,516 - pipeline - WARNING -   - data_performance_results.json -> Data Performance -> 5G AUTO DP -> Mobile Hotspot Test -> HTTP Multi Stream -> UL -> Moderate -> REF -> Throughput -> Outliers -> Empty List
2026-03-10 11:11:34,516 - pipeline - WARNING -   - data_performance_results.json -> Data Performance -> 5G AUTO DP -> Mobile Hotspot Test -> HTTP Multi Stream -> UL -> Moderate -> REF -> Throughput -> Outliers -> Empty List
2026-03-10 11:11:34,517 - pipeline - WARNING -   - data_performance_results.json -> Data Performance -> 5G AUTO DP -> Mobile Hotspot Test -> HTTP Single Stream -> DL -> Moderate -> DUT -> Throughput -> Outliers -> Empty List
2026-03-10 11:11:34,517 - pipeline - WARNING -   - data_performance_results.json -> Data Performance -> 5G AUTO DP -> Mobile Hotspot Test -> HTTP Single Stream -> DL -> Moderate -> DUT -> Throughput -> Outliers -> Empty List
2026-03-10 11:11:34,517 - pipeline - WARNING -   - data_performance_results.json -> Data Performance -> 5G AUTO DP -> Mobile Hotspot Test -> HTTP Single Stream -> DL -> Poor -> REF -> Throughput -> Outliers -> Empty List
2026-03-10 11:11:34,517 - pipeline - WARNING -   - data_performance_results.json -> Data Performance -> 5G AUTO DP -> Mobile Hotspot Test -> HTTP Single Stream -> DL -> Poor -> REF -> Throughput -> Outliers -> Empty List
2026-03-10 11:11:34,517 - pipeline - WARNING -   - data_performance_results.json -> Data Performance -> 5G AUTO DP -> Mobile Hotspot Test -> HTTP Single Stream -> UL -> Moderate -> DUT -> Throughput -> Outliers -> Empty List
2026-03-10 11:11:34,517 - pipeline - WARNING -   - data_performance_results.json -> Data Performance -> 5G AUTO DP -> Mobile Hotspot Test -> HTTP Single Stream -> UL -> Moderate -> DUT -> Throughput -> Outliers -> Empty List
2026-03-10 11:11:34,517 - pipeline - WARNING -   - data_performance_results.json -> Data Performance -> 5G AUTO DP -> Mobile Hotspot Test -> HTTP Single Stream -> UL -> Moderate -> REF -> Throughput -> Outliers -> Empty List
2026-03-10 11:11:34,517 - pipeline - WARNING -   - data_performance_results.json -> Data Performance -> 5G AUTO DP -> Mobile Hotspot Test -> HTTP Single Stream -> UL -> Moderate -> REF -> Throughput -> Outliers -> Empty List
2026-03-10 11:11:34,518 - pipeline - WARNING -   - data_performance_results.json -> Data Performance -> 5G AUTO DP -> Mobile Hotspot Test -> Udp Test -> DL -> UDP Download Task at 200 Mbps for 10 seconds -> Moderate -> DUT -> Throughput -> Outliers -> Empty List
2026-03-10 11:11:34,518 - pipeline - WARNING -   - data_performance_results.json -> Data Performance -> 5G AUTO DP -> Mobile Hotspot Test -> Udp Test -> DL -> UDP Download Task at 200 Mbps for 10 seconds -> Moderate -> DUT -> Throughput -> Outliers -> Empty List
2026-03-10 11:11:34,518 - pipeline - WARNING -   - data_performance_results.json -> Data Performance -> 5G AUTO DP -> Mobile Hotspot Test -> Udp Test -> DL -> UDP Download Task at 200 Mbps for 10 seconds -> Moderate -> REF -> Throughput -> Outliers -> Empty List
2026-03-10 11:11:34,518 - pipeline - WARNING -   - data_performance_results.json -> Data Performance -> 5G AUTO DP -> Mobile Hotspot Test -> Udp Test -> DL -> UDP Download Task at 200 Mbps for 10 seconds -> Moderate -> REF -> Throughput -> Outliers -> Empty List
2026-03-10 11:11:34,519 - pipeline - WARNING -   - data_performance_results.json -> Data Performance -> 5G AUTO DP -> Mobile Hotspot Test -> Udp Test -> DL -> UDP Download Task at 200 Mbps for 10 seconds -> Poor -> DUT -> Throughput -> Outliers -> Empty List
2026-03-10 11:11:34,519 - pipeline - WARNING -   - data_performance_results.json -> Data Performance -> 5G AUTO DP -> Mobile Hotspot Test -> Udp Test -> DL -> UDP Download Task at 200 Mbps for 10 seconds -> Poor -> DUT -> Throughput -> Outliers -> Empty List
2026-03-10 11:11:34,519 - pipeline - WARNING -   - data_performance_results.json -> Data Performance -> 5G AUTO DP -> Mobile Hotspot Test -> Udp Test -> DL -> UDP Download Task at 200 Mbps for 10 seconds -> Poor -> REF -> Throughput -> Outliers -> Empty List
2026-03-10 11:11:34,519 - pipeline - WARNING -   - data_performance_results.json -> Data Performance -> 5G AUTO DP -> Mobile Hotspot Test -> Udp Test -> DL -> UDP Download Task at 200 Mbps for 10 seconds -> Poor -> REF -> Throughput -> Outliers -> Empty List
2026-03-10 11:11:34,519 - pipeline - WARNING -   - data_performance_results.json -> Data Performance -> 5G AUTO DP -> Mobile Hotspot Test -> Udp Test -> DL -> UDP Download Task at 400 Mbps for 10 seconds -> Moderate -> DUT -> Throughput -> Outliers -> Empty List
2026-03-10 11:11:34,519 - pipeline - WARNING -   - data_performance_results.json -> Data Performance -> 5G AUTO DP -> Mobile Hotspot Test -> Udp Test -> DL -> UDP Download Task at 400 Mbps for 10 seconds -> Moderate -> DUT -> Throughput -> Outliers -> Empty List
2026-03-10 11:11:34,520 - pipeline - WARNING -   - data_performance_results.json -> Data Performance -> 5G AUTO DP -> Mobile Hotspot Test -> Udp Test -> DL -> UDP Download Task at 400 Mbps for 10 seconds -> Poor -> REF -> Throughput -> Outliers -> Empty List
2026-03-10 11:11:34,520 - pipeline - WARNING -   - data_performance_results.json -> Data Performance -> 5G AUTO DP -> Mobile Hotspot Test -> Udp Test -> DL -> UDP Download Task at 400 Mbps for 10 seconds -> Poor -> REF -> Throughput -> Outliers -> Empty List
2026-03-10 11:11:34,520 - pipeline - WARNING -   - data_performance_results.json -> Data Performance -> 5G AUTO DP -> Mobile Hotspot Test -> Udp Test -> UL -> UDP Upload Task at 10 Mbps for 10 seconds -> Poor -> REF -> Throughput -> Outliers -> Empty List
2026-03-10 11:11:34,520 - pipeline - WARNING -   - data_performance_results.json -> Data Performance -> 5G AUTO DP -> Mobile Hotspot Test -> Udp Test -> UL -> UDP Upload Task at 10 Mbps for 10 seconds -> Poor -> REF -> Throughput -> Outliers -> Empty List
2026-03-10 11:11:34,520 - pipeline - WARNING -   - data_performance_results.json -> Data Performance -> 5G AUTO DP -> Mobile Hotspot Test -> Udp Test -> UL -> UDP Upload Task at 20 Mbps for 10 seconds -> Poor -> DUT -> Throughput -> Outliers -> Empty List
2026-03-10 11:11:34,520 - pipeline - WARNING -   - data_performance_results.json -> Data Performance -> 5G AUTO DP -> Mobile Hotspot Test -> Udp Test -> UL -> UDP Upload Task at 20 Mbps for 10 seconds -> Poor -> DUT -> Throughput -> Outliers -> Empty List
2026-03-10 11:11:34,520 - pipeline - WARNING -   - data_performance_results.json -> Data Performance -> 5G AUTO DP -> Ping -> Good -> REF -> Ping RTT -> Outliers -> Empty List
2026-03-10 11:11:34,520 - pipeline - WARNING -   - data_performance_results.json -> Data Performance -> 5G AUTO DP -> Ping -> Good -> REF -> Ping RTT -> Outliers -> Empty List
2026-03-10 11:11:34,521 - pipeline - WARNING -   - data_performance_results.json -> Data Performance -> 5G AUTO DP -> Udp Test -> DL -> UDP Download Task at 200 Mbps for 10 seconds -> Good -> DUT -> Throughput -> Outliers -> Empty List
2026-03-10 11:11:34,521 - pipeline - WARNING -   - data_performance_results.json -> Data Performance -> 5G AUTO DP -> Udp Test -> DL -> UDP Download Task at 200 Mbps for 10 seconds -> Good -> DUT -> Throughput -> Outliers -> Empty List
2026-03-10 11:11:34,521 - pipeline - WARNING -   - data_performance_results.json -> Data Performance -> 5G AUTO DP -> Udp Test -> DL -> UDP Download Task at 200 Mbps for 10 seconds -> Good -> REF -> Throughput -> Outliers -> Empty List
2026-03-10 11:11:34,521 - pipeline - WARNING -   - data_performance_results.json -> Data Performance -> 5G AUTO DP -> Udp Test -> DL -> UDP Download Task at 200 Mbps for 10 seconds -> Good -> REF -> Throughput -> Outliers -> Empty List
2026-03-10 11:11:34,521 - pipeline - WARNING -   - data_performance_results.json -> Data Performance -> 5G AUTO DP -> Udp Test -> DL -> UDP Download Task at 200 Mbps for 10 seconds -> Poor -> DUT -> Throughput -> Outliers -> Empty List
2026-03-10 11:11:34,521 - pipeline - WARNING -   - data_performance_results.json -> Data Performance -> 5G AUTO DP -> Udp Test -> DL -> UDP Download Task at 200 Mbps for 10 seconds -> Poor -> DUT -> Throughput -> Outliers -> Empty List
2026-03-10 11:11:34,522 - pipeline - WARNING -   - data_performance_results.json -> Data Performance -> 5G AUTO DP -> Udp Test -> DL -> UDP Download Task at 200 Mbps for 10 seconds -> Poor -> REF -> Throughput -> Outliers -> Empty List
2026-03-10 11:11:34,522 - pipeline - WARNING -   - data_performance_results.json -> Data Performance -> 5G AUTO DP -> Udp Test -> DL -> UDP Download Task at 200 Mbps for 10 seconds -> Poor -> REF -> Throughput -> Outliers -> Empty List
2026-03-10 11:11:34,522 - pipeline - WARNING -   - data_performance_results.json -> Data Performance -> 5G AUTO DP -> Udp Test -> DL -> UDP Download Task at 400 Mbps for 10 seconds -> Good -> DUT -> Throughput -> Outliers -> Empty List
2026-03-10 11:11:34,522 - pipeline - WARNING -   - data_performance_results.json -> Data Performance -> 5G AUTO DP -> Udp Test -> DL -> UDP Download Task at 400 Mbps for 10 seconds -> Good -> DUT -> Throughput -> Outliers -> Empty List
2026-03-10 11:11:34,522 - pipeline - WARNING -   - data_performance_results.json -> Data Performance -> 5G AUTO DP -> Udp Test -> DL -> UDP Download Task at 400 Mbps for 10 seconds -> Good -> REF -> Throughput -> Outliers -> Empty List
2026-03-10 11:11:34,522 - pipeline - WARNING -   - data_performance_results.json -> Data Performance -> 5G AUTO DP -> Udp Test -> DL -> UDP Download Task at 400 Mbps for 10 seconds -> Good -> REF -> Throughput -> Outliers -> Empty List
2026-03-10 11:11:34,523 - pipeline - WARNING -   - data_performance_results.json -> Data Performance -> 5G AUTO DP -> Udp Test -> DL -> UDP Download Task at 400 Mbps for 10 seconds -> Moderate -> REF -> Throughput -> Outliers -> Empty List
2026-03-10 11:11:34,523 - pipeline - WARNING -   - data_performance_results.json -> Data Performance -> 5G AUTO DP -> Udp Test -> DL -> UDP Download Task at 400 Mbps for 10 seconds -> Moderate -> REF -> Throughput -> Outliers -> Empty List
2026-03-10 11:11:34,523 - pipeline - WARNING -   - data_performance_results.json -> Data Performance -> 5G AUTO DP -> Udp Test -> DL -> UDP Download Task at 400 Mbps for 10 seconds -> Poor -> DUT -> Throughput -> Outliers -> Empty List
2026-03-10 11:11:34,523 - pipeline - WARNING -   - data_performance_results.json -> Data Performance -> 5G AUTO DP -> Udp Test -> DL -> UDP Download Task at 400 Mbps for 10 seconds -> Poor -> DUT -> Throughput -> Outliers -> Empty List
2026-03-10 11:11:34,523 - pipeline - WARNING -   - data_performance_results.json -> Data Performance -> 5G AUTO DP -> Udp Test -> DL -> UDP Download Task at 400 Mbps for 10 seconds -> Poor -> REF -> Throughput -> Outliers -> Empty List
2026-03-10 11:11:34,523 - pipeline - WARNING -   - data_performance_results.json -> Data Performance -> 5G AUTO DP -> Udp Test -> DL -> UDP Download Task at 400 Mbps for 10 seconds -> Poor -> REF -> Throughput -> Outliers -> Empty List
2026-03-10 11:11:34,524 - pipeline - WARNING -   - data_performance_results.json -> Data Performance -> 5G NSA DP -> HTTP Multi Stream -> DL -> Moderate -> DUT -> Throughput -> Outliers -> Empty List
2026-03-10 11:11:34,524 - pipeline - WARNING -   - data_performance_results.json -> Data Performance -> 5G NSA DP -> HTTP Multi Stream -> DL -> Moderate -> DUT -> Throughput -> Outliers -> Empty List
2026-03-10 11:11:34,524 - pipeline - WARNING -   - data_performance_results.json -> Data Performance -> 5G NSA DP -> HTTP Multi Stream -> DL -> Moderate -> REF -> Throughput -> Outliers -> Empty List
2026-03-10 11:11:34,524 - pipeline - WARNING -   - data_performance_results.json -> Data Performance -> 5G NSA DP -> HTTP Multi Stream -> DL -> Moderate -> REF -> Throughput -> Outliers -> Empty List
2026-03-10 11:11:34,524 - pipeline - WARNING -   - data_performance_results.json -> Data Performance -> 5G NSA DP -> HTTP Multi Stream -> DL -> Poor -> DUT -> Throughput -> Outliers -> Empty List
2026-03-10 11:11:34,524 - pipeline - WARNING -   - data_performance_results.json -> Data Performance -> 5G NSA DP -> HTTP Multi Stream -> DL -> Poor -> DUT -> Throughput -> Outliers -> Empty List
2026-03-10 11:11:34,525 - pipeline - WARNING -   - data_performance_results.json -> Data Performance -> 5G NSA DP -> HTTP Multi Stream -> DL -> Poor -> REF -> Throughput -> Outliers -> Empty List
2026-03-10 11:11:34,525 - pipeline - WARNING -   - data_performance_results.json -> Data Performance -> 5G NSA DP -> HTTP Multi Stream -> DL -> Poor -> REF -> Throughput -> Outliers -> Empty List
2026-03-10 11:11:34,525 - pipeline - WARNING -   - data_performance_results.json -> Data Performance -> 5G NSA DP -> HTTP Multi Stream -> UL -> Moderate -> DUT -> Throughput -> Outliers -> Empty List
2026-03-10 11:11:34,525 - pipeline - WARNING -   - data_performance_results.json -> Data Performance -> 5G NSA DP -> HTTP Multi Stream -> UL -> Moderate -> DUT -> Throughput -> Outliers -> Empty List
2026-03-10 11:11:34,525 - pipeline - WARNING -   - data_performance_results.json -> Data Performance -> 5G NSA DP -> HTTP Multi Stream -> UL -> Moderate -> REF -> Throughput -> Outliers -> Empty List
2026-03-10 11:11:34,525 - pipeline - WARNING -   - data_performance_results.json -> Data Performance -> 5G NSA DP -> HTTP Multi Stream -> UL -> Moderate -> REF -> Throughput -> Outliers -> Empty List
2026-03-10 11:11:34,526 - pipeline - WARNING -   - data_performance_results.json -> Data Performance -> 5G NSA DP -> HTTP Multi Stream -> UL -> Poor -> REF -> Throughput -> Outliers -> Empty List
2026-03-10 11:11:34,526 - pipeline - WARNING -   - data_performance_results.json -> Data Performance -> 5G NSA DP -> HTTP Multi Stream -> UL -> Poor -> REF -> Throughput -> Outliers -> Empty List
2026-03-10 11:11:34,526 - pipeline - WARNING -   - data_performance_results.json -> Data Performance -> 5G NSA DP -> HTTP Single Stream -> DL -> Moderate -> DUT -> Throughput -> Outliers -> Empty List
2026-03-10 11:11:34,526 - pipeline - WARNING -   - data_performance_results.json -> Data Performance -> 5G NSA DP -> HTTP Single Stream -> DL -> Moderate -> DUT -> Throughput -> Outliers -> Empty List
2026-03-10 11:11:34,526 - pipeline - WARNING -   - data_performance_results.json -> Data Performance -> 5G NSA DP -> HTTP Single Stream -> DL -> Moderate -> REF -> Throughput -> Outliers -> Empty List
2026-03-10 11:11:34,526 - pipeline - WARNING -   - data_performance_results.json -> Data Performance -> 5G NSA DP -> HTTP Single Stream -> DL -> Moderate -> REF -> Throughput -> Outliers -> Empty List
2026-03-10 11:11:34,527 - pipeline - WARNING -   - data_performance_results.json -> Data Performance -> 5G NSA DP -> HTTP Single Stream -> DL -> Poor -> REF -> Throughput -> Outliers -> Empty List
2026-03-10 11:11:34,527 - pipeline - WARNING -   - data_performance_results.json -> Data Performance -> 5G NSA DP -> HTTP Single Stream -> DL -> Poor -> REF -> Throughput -> Outliers -> Empty List
2026-03-10 11:11:34,527 - pipeline - WARNING -   - data_performance_results.json -> Data Performance -> 5G NSA DP -> Udp Test -> DL -> UDP Download Task at 200 Mbps for 10 seconds -> Moderate -> REF -> Throughput -> Outliers -> Empty List
2026-03-10 11:11:34,527 - pipeline - WARNING -   - data_performance_results.json -> Data Performance -> 5G NSA DP -> Udp Test -> DL -> UDP Download Task at 200 Mbps for 10 seconds -> Moderate -> REF -> Throughput -> Outliers -> Empty List
2026-03-10 11:11:34,527 - pipeline - WARNING -   - data_performance_results.json -> Data Performance -> 5G NSA DP -> Udp Test -> DL -> UDP Download Task at 400 Mbps for 10 seconds -> Moderate -> REF -> Throughput -> Outliers -> Empty List
2026-03-10 11:11:34,527 - pipeline - WARNING -   - data_performance_results.json -> Data Performance -> 5G NSA DP -> Udp Test -> DL -> UDP Download Task at 400 Mbps for 10 seconds -> Moderate -> REF -> Throughput -> Outliers -> Empty List
2026-03-10 11:11:34,528 - pipeline - WARNING -   - data_performance_results.json -> Data Performance -> 5G NSA DP -> Udp Test -> DL -> UDP Download Task at 400 Mbps for 10 seconds -> Poor -> DUT -> Throughput -> Outliers -> Empty List
2026-03-10 11:11:34,528 - pipeline - WARNING -   - data_performance_results.json -> Data Performance -> 5G NSA DP -> Udp Test -> DL -> UDP Download Task at 400 Mbps for 10 seconds -> Poor -> DUT -> Throughput -> Outliers -> Empty List
2026-03-10 11:11:34,528 - pipeline - WARNING -   - data_performance_results.json -> Data Performance -> 5G NSA DP -> Udp Test -> DL -> UDP Download Task at 400 Mbps for 10 seconds -> Poor -> REF -> Throughput -> Outliers -> Empty List
2026-03-10 11:11:34,528 - pipeline - WARNING -   - data_performance_results.json -> Data Performance -> 5G NSA DP -> Udp Test -> DL -> UDP Download Task at 400 Mbps for 10 seconds -> Poor -> REF -> Throughput -> Outliers -> Empty List
2026-03-10 11:11:34,529 - pipeline - WARNING -   - data_performance_results.json -> Data Performance -> 5G NSA DP -> Udp Test -> UL -> 5G NSA_UDP Upload Task at 10 Mbps for 10 seconds -> Poor -> REF -> Throughput -> Outliers -> Empty List
2026-03-10 11:11:34,529 - pipeline - WARNING -   - data_performance_results.json -> Data Performance -> 5G NSA DP -> Udp Test -> UL -> 5G NSA_UDP Upload Task at 10 Mbps for 10 seconds -> Poor -> REF -> Throughput -> Outliers -> Empty List
2026-03-10 11:11:34,529 - pipeline - WARNING -   - data_performance_results.json -> Data Performance -> 5G NSA DP -> Udp Test -> UL -> 5G NSA_UDP Upload Task at 20 Mbps for 10 seconds -> Poor -> REF -> Throughput -> Outliers -> Empty List
2026-03-10 11:11:34,529 - pipeline - WARNING -   - data_performance_results.json -> Data Performance -> 5G NSA DP -> Udp Test -> UL -> 5G NSA_UDP Upload Task at 20 Mbps for 10 seconds -> Poor -> REF -> Throughput -> Outliers -> Empty List
2026-03-10 11:11:34,529 - pipeline - INFO - Pipeline execution completed. Results in: D:/ReportGenerator/report-generator-app/public/AnalyzeResults\#Huaqin\Seattle
2026-03-10 11:11:34,529 - pipeline - INFO - Pipeline execution completed. Results in: D:/ReportGenerator/report-generator-app/public/AnalyzeResults\#Huaqin\Seattle
