IDX,LID,CI_1,CI_2,Lon,Lat,Time,Measure,[LTE] [L1] [RF] PCI,[LTE] [L1] [RF] RSRP,[LTE] [L1] [RF] RS SINR,[General] Band Classification,[General] Serving Network (In Traffic),[NR5G] [RF] PCI,[NR5G] [RF] RSRP,[NR5G] [RF] SINR,[Call Test] [iPerf] [Throughput] DL Jitter,[Call Test] [iPerf] [Throughput] DL Error Ratio,[Call Test] [iPerf] [Call Average] [Jitter and Error] UL Jitter,[Call Test] [iPerf] [Call Average] [Jitter and Error] UL Error Ratio,[Event] [Data call test detail events] FTP Call Event,[Event] [Data call test detail events] HTTP Call Event,[Call Test] [HTTP Transfer] HTTP Transfer Call Event,[Call Test] [Throughput] Application DL TP,[Call Test] [iPerf] [Call Average] [Throughput] UL Avg TP,[Call Test] [iPerf] [Call Average] [Throughput] DL Avg TP,[Call Test] [Throughput] Application UL TP,[Event] [Data call test detail events] IPERF Call Event,[NR5G] [Throughput] PUSCH TP,[Event] [Data call test detail events] Ping Call Event,[Call Test] [HTTP] Total duration,[Call Test] [PING] Loss Count,[Call Test] [PING] [RTT] RTT
1,1,,,-73.9263833,40.7602417,2026-01-22 19:35:51.000,_20260122_143545_CH01_REF_TMO_Ping_NJ DUT REF_L1.dml,,,,,,,,,,,,,,,,,,,,,,,,,
2,1,,,-73.9263833,40.7602417,2026-01-22 19:35:52.000,_20260122_143545_CH01_REF_TMO_Ping_NJ DUT REF_L1.dml,,,,N41(100)+N71(x),,429,-72.000000,21.170000,,,,,,,,,,,,,,,,,
3,1,,,-73.9263833,40.7602417,2026-01-22 19:35:53.000,_20260122_143545_CH01_REF_TMO_Ping_NJ DUT REF_L1.dml,,,,,,,,,,,,,,,,,,,,,,,,,
4,1,,,-73.9263833,40.7602417,2026-01-22 19:35:54.000,_20260122_143545_CH01_REF_TMO_Ping_NJ DUT REF_L1.dml,,,,,,,,,,,,,,,,,,,,,,,,,
5,1,,,-73.9263833,40.7602417,2026-01-22 19:35:55.000,_20260122_143545_CH01_REF_TMO_Ping_NJ DUT REF_L1.dml,,,,,,,,,,,,,,,,,,,,,,,,,
6,1,,,-73.9263833,40.7602417,2026-01-22 19:35:56.000,_20260122_143545_CH01_REF_TMO_Ping_NJ DUT REF_L1.dml,,,,,,,,,,,,,,,,,,,,,,,,,
7,1,,,-73.9263833,40.7602417,2026-01-22 19:35:57.000,_20260122_143545_CH01_REF_TMO_Ping_NJ DUT REF_L1.dml,,,,,,,,,,,,,,,,,,,,,,,,,
8,1,,,-73.9263833,40.7602417,2026-01-22 19:35:58.000,_20260122_143545_CH01_REF_TMO_Ping_NJ DUT REF_L1.dml,,,,,,,,,,,,,,,,,,,,,,,,,
9,1,,,-73.9263833,40.7602417,2026-01-22 19:35:59.000,_20260122_143545_CH01_REF_TMO_Ping_NJ DUT REF_L1.dml,,,,,,,,,,,,,,,,,,,,,,,,,
10,1,,,-73.9263833,40.7602417,2026-01-22 19:36:00.000,_20260122_143545_CH01_REF_TMO_Ping_NJ DUT REF_L1.dml,,,,,,,,,,,,,,,,,,,,,,,,,
11,1,,,-73.9263833,40.7602417,2026-01-22 19:36:00.755,_20260122_143545_CH01_REF_TMO_Ping_NJ DUT REF_L1.dml,,,,,,,,,,,,,,,,,,,,,,PING MeasureStart,,,
12,1,,,-73.9263833,40.7602417,2026-01-22 19:36:00.755,_20260122_143545_CH01_REF_TMO_Ping_NJ DUT REF_L1.dml,,,,,,,,,,,,,,,,,,,,,,PING START,,,
13,1,,,-73.9263833,40.7602417,2026-01-22 19:36:01.000,_20260122_143545_CH01_REF_TMO_Ping_NJ DUT REF_L1.dml,,,,,,,,,,,,,,,,,,,,,,,,,
14,1,,,-73.9263833,40.7602417,2026-01-22 19:36:02.000,_20260122_143545_CH01_REF_TMO_Ping_NJ DUT REF_L1.dml,,,,,,,,,,,,,,,,,,,,,,,,,
15,1,,,-73.9263833,40.7602417,2026-01-22 19:36:03.000,_20260122_143545_CH01_REF_TMO_Ping_NJ DUT REF_L1.dml,,,,,,,,,,,,,,,,,,,,,,,,,
16,1,,,-73.9263833,40.7602417,2026-01-22 19:36:03.771,_20260122_143545_CH01_REF_TMO_Ping_NJ DUT REF_L1.dml,,,,,,,,,,,,,,,,,,,,,,TIMEOUT_FrontIdle,,,
17,1,,,-73.9263833,40.7602417,2026-01-22 19:36:03.771,_20260122_143545_CH01_REF_TMO_Ping_NJ DUT REF_L1.dml,,,,,,,,,,,,,,,,,,,,,,PING Traffic Start,,,
18,1,,,-73.9263833,40.7602417,2026-01-22 19:36:04.000,_20260122_143545_CH01_REF_TMO_Ping_NJ DUT REF_L1.dml,,,,N41(100),NR SA,429,-71.000000,21.000000,,,,,,,,,,,,,,,,,
19,1,,,-73.9263833,40.7602417,2026-01-22 19:36:04.178,_20260122_143545_CH01_REF_TMO_Ping_NJ DUT REF_L1.dml,,,,,,,,,,,,,,,,,,,,,,,,,27
20,1,,,-73.9263833,40.7602417,2026-01-22 19:36:04.364,_20260122_143545_CH01_REF_TMO_Ping_NJ DUT REF_L1.dml,,,,,,,,,,,,,,,,,,,,,,,,,24
21,1,,,-73.9263833,40.7602417,2026-01-22 19:36:04.567,_20260122_143545_CH01_REF_TMO_Ping_NJ DUT REF_L1.dml,,,,,,,,,,,,,,,,,,,,,,,,,22
22,1,,,-73.9263833,40.7602417,2026-01-22 19:36:04.771,_20260122_143545_CH01_REF_TMO_Ping_NJ DUT REF_L1.dml,,,,,,,,,,,,,,,,,,,,,,,,,21
23,1,,,-73.9263833,40.7602417,2026-01-22 19:36:04.957,_20260122_143545_CH01_REF_TMO_Ping_NJ DUT REF_L1.dml,,,,,,,,,,,,,,,,,,,,,,,,,27
24,1,,,-73.9263833,40.7602417,2026-01-22 19:36:05.000,_20260122_143545_CH01_REF_TMO_Ping_NJ DUT REF_L1.dml,,,,N41(100)+N71(x),NR SA,429,-73.040000,20.610000,,,,,,,,,,,,,,,,,
25,1,,,-73.9263833,40.7602417,2026-01-22 19:36:05.178,_20260122_143545_CH01_REF_TMO_Ping_NJ DUT REF_L1.dml,,,,,,,,,,,,,,,,,,,,,,,,,39
26,1,,,-73.9263833,40.7602417,2026-01-22 19:36:05.380,_20260122_143545_CH01_REF_TMO_Ping_NJ DUT REF_L1.dml,,,,,,,,,,,,,,,,,,,,,,,,,37
27,1,,,-73.9263833,40.7602417,2026-01-22 19:36:05.568,_20260122_143545_CH01_REF_TMO_Ping_NJ DUT REF_L1.dml,,,,,,,,,,,,,,,,,,,,,,,,,27
28,1,,,-73.9263833,40.7602417,2026-01-22 19:36:05.786,_20260122_143545_CH01_REF_TMO_Ping_NJ DUT REF_L1.dml,,,,,,,,,,,,,,,,,,,,,,,,,36
29,1,,,-73.9263833,40.7602417,2026-01-22 19:36:05.974,_20260122_143545_CH01_REF_TMO_Ping_NJ DUT REF_L1.dml,,,,,,,,,,,,,,,,,,,,,,,,,36
30,1,,,-73.9263833,40.7602417,2026-01-22 19:36:06.000,_20260122_143545_CH01_REF_TMO_Ping_NJ DUT REF_L1.dml,,,,N41(100)+N71(15),NR SA,429,-72.680000,21.220000,,,,,,,,,,,,,0.016,,,,
31,1,,,-73.9263833,40.7602417,2026-01-22 19:36:06.177,_20260122_143545_CH01_REF_TMO_Ping_NJ DUT REF_L1.dml,,,,,,,,,,,,,,,,,,,,,,,,,36
32,1,,,-73.9263833,40.7602417,2026-01-22 19:36:06.380,_20260122_143545_CH01_REF_TMO_Ping_NJ DUT REF_L1.dml,,,,,,,,,,,,,,,,,,,,,,,,,36
33,1,,,-73.9263833,40.7602417,2026-01-22 19:36:06.582,_20260122_143545_CH01_REF_TMO_Ping_NJ DUT REF_L1.dml,,,,,,,,,,,,,,,,,,,,,,,,,33
34,1,,,-73.9263833,40.7602417,2026-01-22 19:36:06.786,_20260122_143545_CH01_REF_TMO_Ping_NJ DUT REF_L1.dml,,,,,,,,,,,,,,,,,,,,,,,,,32
35,1,,,-73.9263833,40.7602417,2026-01-22 19:36:06.974,_20260122_143545_CH01_REF_TMO_Ping_NJ DUT REF_L1.dml,,,,,,,,,,,,,,,,,,,,,,,,,30
36,1,,,-73.9263833,40.7602417,2026-01-22 19:36:07.000,_20260122_143545_CH01_REF_TMO_Ping_NJ DUT REF_L1.dml,,,,N41(100)+N71(15),NR SA,429,-72.600000,21.840000,,,,,,,,,,,,,0.008,,,,
37,1,,,-73.9263833,40.7602417,2026-01-22 19:36:07.193,_20260122_143545_CH01_REF_TMO_Ping_NJ DUT REF_L1.dml,,,,,,,,,,,,,,,,,,,,,,,,,34
38,1,,,-73.9263833,40.7602417,2026-01-22 19:36:07.380,_20260122_143545_CH01_REF_TMO_Ping_NJ DUT REF_L1.dml,,,,,,,,,,,,,,,,,,,,,,,,,32
39,1,,,-73.9263833,40.7602417,2026-01-22 19:36:07.583,_20260122_143545_CH01_REF_TMO_Ping_NJ DUT REF_L1.dml,,,,,,,,,,,,,,,,,,,,,,,,,36
40,1,,,-73.9263833,40.7602417,2026-01-22 19:36:07.802,_20260122_143545_CH01_REF_TMO_Ping_NJ DUT REF_L1.dml,,,,,,,,,,,,,,,,,,,,,,,,,41
41,1,,,-73.9263833,40.7602417,2026-01-22 19:36:07.989,_20260122_143545_CH01_REF_TMO_Ping_NJ DUT REF_L1.dml,,,,,,,,,,,,,,,,,,,,,,,,,35
42,1,,,-73.9263833,40.7602417,2026-01-22 19:36:08.000,_20260122_143545_CH01_REF_TMO_Ping_NJ DUT REF_L1.dml,,,,N41(100)+N71(15),NR SA,429,-72.360000,22.260000,,,,,,,,,,,,,0.016,,,,
43,1,,,-73.9263833,40.7602417,2026-01-22 19:36:08.177,_20260122_143545_CH01_REF_TMO_Ping_NJ DUT REF_L1.dml,,,,,,,,,,,,,,,,,,,,,,,,,24
44,1,,,-73.9263833,40.7602417,2026-01-22 19:36:08.380,_20260122_143545_CH01_REF_TMO_Ping_NJ DUT REF_L1.dml,,,,,,,,,,,,,,,,,,,,,,,,,23
45,1,,,-73.9263833,40.7602417,2026-01-22 19:36:08.583,_20260122_143545_CH01_REF_TMO_Ping_NJ DUT REF_L1.dml,,,,,,,,,,,,,,,,,,,,,,,,,22
46,1,,,-73.9263833,40.7602417,2026-01-22 19:36:08.771,_20260122_143545_CH01_REF_TMO_Ping_NJ DUT REF_L1.dml,,,,,,,,,,,,,,,,,,,,,,,,,11
47,1,,,-73.9263833,40.7602417,2026-01-22 19:36:08.974,_20260122_143545_CH01_REF_TMO_Ping_NJ DUT REF_L1.dml,,,,,,,,,,,,,,,,,,,,,,,,,20
48,1,,,-73.9263833,40.7602417,2026-01-22 19:36:09.000,_20260122_143545_CH01_REF_TMO_Ping_NJ DUT REF_L1.dml,,,,N41(100)+N71(15),NR SA,429,-72.180000,21.240000,,,,,,,,,,,,,0.008,,,,
49,1,,,-73.9263833,40.7602417,2026-01-22 19:36:09.832,_20260122_143545_CH01_REF_TMO_Ping_NJ DUT REF_L1.dml,,,,,,,,,,,,,,,,,,,,,,PING Traffic End,,,
50,1,,,-73.9263833,40.7602417,2026-01-22 19:36:10.000,_20260122_143545_CH01_REF_TMO_Ping_NJ DUT REF_L1.dml,,,,N41(100)+N71(15),,429,-73.020000,21.530000,,,,,,,,,,,,,0.008,,,,
51,1,,,-73.9263833,40.7602417,2026-01-22 19:36:11.000,_20260122_143545_CH01_REF_TMO_Ping_NJ DUT REF_L1.dml,,,,N41(100)+N71(15),,429,-72.550000,21.680000,,,,,,,,,,,,,0.000,,,,
52,1,,,-73.9263833,40.7602417,2026-01-22 19:36:12.000,_20260122_143545_CH01_REF_TMO_Ping_NJ DUT REF_L1.dml,,,,N41(100)+N71(15),,429,-72.730000,20.900000,,,,,,,,,,,,,0.000,,,,
53,1,,,-73.9263833,40.7602417,2026-01-22 19:36:12.849,_20260122_143545_CH01_REF_TMO_Ping_NJ DUT REF_L1.dml,,,,,,,,,,,,,,,,,,,,,,TIMEOUT_Idle,,,
54,1,,,-73.9263833,40.7602417,2026-01-22 19:36:12.849,_20260122_143545_CH01_REF_TMO_Ping_NJ DUT REF_L1.dml,,,,,,,,,,,,,,,,,,,,,,,,0,
55,1,,,-73.9263833,40.7602417,2026-01-22 19:36:12.849,_20260122_143545_CH01_REF_TMO_Ping_NJ DUT REF_L1.dml,,,,,,,,,,,,,,,,,,,,,,PING START,,,
56,1,,,-73.9263833,40.7602417,2026-01-22 19:36:13.000,_20260122_143545_CH01_REF_TMO_Ping_NJ DUT REF_L1.dml,,,,N41(100)+N71(15),,429,-73.320000,19.840000,,,,,,,,,,,,,0.008,,,,
57,1,,,-73.9263833,40.7602417,2026-01-22 19:36:14.000,_20260122_143545_CH01_REF_TMO_Ping_NJ DUT REF_L1.dml,,,,N41(100)+N71(15),,429,-70.740000,21.000000,,,,,,,,,,,,,0.000,,,,
58,1,,,-73.9263833,40.7602417,2026-01-22 19:36:15.000,_20260122_143545_CH01_REF_TMO_Ping_NJ DUT REF_L1.dml,,,,N41(100)+N71(15),,429,-70.760000,20.340000,,,,,,,,,,,,,0.000,,,,
59,1,,,-73.9263833,40.7602417,2026-01-22 19:36:15.849,_20260122_143545_CH01_REF_TMO_Ping_NJ DUT REF_L1.dml,,,,,,,,,,,,,,,,,,,,,,TIMEOUT_FrontIdle,,,
60,1,,,-73.9263833,40.7602417,2026-01-22 19:36:15.849,_20260122_143545_CH01_REF_TMO_Ping_NJ DUT REF_L1.dml,,,,,,,,,,,,,,,,,,,,,,PING Traffic Start,,,
61,1,,,-73.9263833,40.7602417,2026-01-22 19:36:16.021,_20260122_143545_CH01_REF_TMO_Ping_NJ DUT REF_L1.dml,,,,,,,,,,,,,,,,,,,,,,,,,20
62,1,,,-73.9263833,40.7602417,2026-01-22 19:36:16.000,_20260122_143545_CH01_REF_TMO_Ping_NJ DUT REF_L1.dml,,,,N41(100)+N71(15),NR SA,429,-72.820000,19.200000,,,,,,,,,,,,,0.000,,,,
63,1,,,-73.9263833,40.7602417,2026-01-22 19:36:16.224,_20260122_143545_CH01_REF_TMO_Ping_NJ DUT REF_L1.dml,,,,,,,,,,,,,,,,,,,,,,,,,20
64,1,,,-73.9263833,40.7602417,2026-01-22 19:36:16.411,_20260122_143545_CH01_REF_TMO_Ping_NJ DUT REF_L1.dml,,,,,,,,,,,,,,,,,,,,,,,,,18
65,1,,,-73.9263833,40.7602417,2026-01-22 19:36:16.646,_20260122_143545_CH01_REF_TMO_Ping_NJ DUT REF_L1.dml,,,,,,,,,,,,,,,,,,,,,,,,,46
66,1,,,-73.9263833,40.7602417,2026-01-22 19:36:16.864,_20260122_143545_CH01_REF_TMO_Ping_NJ DUT REF_L1.dml,,,,,,,,,,,,,,,,,,,,,,,,,53
67,1,,,-73.9263833,40.7602417,2026-01-22 19:36:17.000,_20260122_143545_CH01_REF_TMO_Ping_NJ DUT REF_L1.dml,,,,N41(100)+N71(15),NR SA,429,-73.680000,18.380000,,,,,,,,,,,,,0.008,,,,
68,1,,,-73.9263833,40.7602417,2026-01-22 19:36:17.036,_20260122_143545_CH01_REF_TMO_Ping_NJ DUT REF_L1.dml,,,,,,,,,,,,,,,,,,,,,,,,,36
69,1,,,-73.9263833,40.7602417,2026-01-22 19:36:17.239,_20260122_143545_CH01_REF_TMO_Ping_NJ DUT REF_L1.dml,,,,,,,,,,,,,,,,,,,,,,,,,34
70,1,,,-73.9263833,40.7602417,2026-01-22 19:36:17.442,_20260122_143545_CH01_REF_TMO_Ping_NJ DUT REF_L1.dml,,,,,,,,,,,,,,,,,,,,,,,,,43
71,1,,,-73.9263833,40.7602417,2026-01-22 19:36:17.646,_20260122_143545_CH01_REF_TMO_Ping_NJ DUT REF_L1.dml,,,,,,,,,,,,,,,,,,,,,,,,,33
72,1,,,-73.9263833,40.7602417,2026-01-22 19:36:17.849,_20260122_143545_CH01_REF_TMO_Ping_NJ DUT REF_L1.dml,,,,,,,,,,,,,,,,,,,,,,,,,37
73,1,,,-73.9263833,40.7602417,2026-01-22 19:36:18.000,_20260122_143545_CH01_REF_TMO_Ping_NJ DUT REF_L1.dml,,,,N41(100)+N71(15),NR SA,429,-72.160000,19.560000,,,,,,,,,,,,,0.008,,,,
74,1,,,-73.9263833,40.7602417,2026-01-22 19:36:18.036,_20260122_143545_CH01_REF_TMO_Ping_NJ DUT REF_L1.dml,,,,,,,,,,,,,,,,,,,,,,,,,32
75,1,,,-73.9263833,40.7602417,2026-01-22 19:36:18.239,_20260122_143545_CH01_REF_TMO_Ping_NJ DUT REF_L1.dml,,,,,,,,,,,,,,,,,,,,,,,,,35
76,1,,,-73.9263833,40.7602417,2026-01-22 19:36:18.443,_20260122_143545_CH01_REF_TMO_Ping_NJ DUT REF_L1.dml,,,,,,,,,,,,,,,,,,,,,,,,,28
77,1,,,-73.9263833,40.7602417,2026-01-22 19:36:18.646,_20260122_143545_CH01_REF_TMO_Ping_NJ DUT REF_L1.dml,,,,,,,,,,,,,,,,,,,,,,,,,33
78,1,,,-73.9263833,40.7602417,2026-01-22 19:36:18.817,_20260122_143545_CH01_REF_TMO_Ping_NJ DUT REF_L1.dml,,,,,,,,,,,,,,,,,,,,,,,,,12
79,1,,,-73.9263833,40.7602417,2026-01-22 19:36:19.000,_20260122_143545_CH01_REF_TMO_Ping_NJ DUT REF_L1.dml,,,,N41(100)+N71(15),NR SA,429,-72.310000,20.490000,,,,,,,,,,,,,0.024,,,,
80,1,,,-73.9263833,40.7602417,2026-01-22 19:36:19.036,_20260122_143545_CH01_REF_TMO_Ping_NJ DUT REF_L1.dml,,,,,,,,,,,,,,,,,,,,,,,,,26
81,1,,,-73.9263833,40.7602417,2026-01-22 19:36:19.255,_20260122_143545_CH01_REF_TMO_Ping_NJ DUT REF_L1.dml,,,,,,,,,,,,,,,,,,,,,,,,,33
82,1,,,-73.9263833,40.7602417,2026-01-22 19:36:19.442,_20260122_143545_CH01_REF_TMO_Ping_NJ DUT REF_L1.dml,,,,,,,,,,,,,,,,,,,,,,,,,23
83,1,,,-73.9263833,40.7602417,2026-01-22 19:36:19.630,_20260122_143545_CH01_REF_TMO_Ping_NJ DUT REF_L1.dml,,,,,,,,,,,,,,,,,,,,,,,,,22
84,1,,,-73.9263833,40.7602417,2026-01-22 19:36:19.833,_20260122_143545_CH01_REF_TMO_Ping_NJ DUT REF_L1.dml,,,,,,,,,,,,,,,,,,,,,,,,,21
85,1,,,-73.9263833,40.7602417,2026-01-22 19:36:20.036,_20260122_143545_CH01_REF_TMO_Ping_NJ DUT REF_L1.dml,,,,,,,,,,,,,,,,,,,,,,,,,22
86,1,,,-73.9263833,40.7602417,2026-01-22 19:36:20.000,_20260122_143545_CH01_REF_TMO_Ping_NJ DUT REF_L1.dml,,,,N41(100)+N71(15),NR SA,429,-71.640000,20.840000,,,,,,,,,,,,,0.024,,,,
87,1,,,-73.9263833,40.7602417,2026-01-22 19:36:20.239,_20260122_143545_CH01_REF_TMO_Ping_NJ DUT REF_L1.dml,,,,,,,,,,,,,,,,,,,,,,,,,22
88,1,,,-73.9263833,40.7602417,2026-01-22 19:36:20.442,_20260122_143545_CH01_REF_TMO_Ping_NJ DUT REF_L1.dml,,,,,,,,,,,,,,,,,,,,,,,,,20
89,1,,,-73.9263833,40.7602417,2026-01-22 19:36:20.630,_20260122_143545_CH01_REF_TMO_Ping_NJ DUT REF_L1.dml,,,,,,,,,,,,,,,,,,,,,,,,,19
90,1,,,-73.9263833,40.7602417,2026-01-22 19:36:20.864,_20260122_143545_CH01_REF_TMO_Ping_NJ DUT REF_L1.dml,,,,,,,,,,,,,,,,,,,,,,,,,38
91,1,,,-73.9263833,40.7602417,2026-01-22 19:36:20.896,_20260122_143545_CH01_REF_TMO_Ping_NJ DUT REF_L1.dml,,,,,,,,,,,,,,,,,,,,,,PING Traffic End,,,
92,1,,,-73.9263833,40.7602417,2026-01-22 19:36:21.000,_20260122_143545_CH01_REF_TMO_Ping_NJ DUT REF_L1.dml,,,,N41(100)+N71(15),NR SA,429,-71.440000,21.200000,,,,,,,,,,,,,0.000,,,,
93,1,,,-73.9263833,40.7602417,2026-01-22 19:36:22.000,_20260122_143545_CH01_REF_TMO_Ping_NJ DUT REF_L1.dml,,,,N41(100)+N71(15),,429,-71.240000,21.820000,,,,,,,,,,,,,0.000,,,,
94,1,,,-73.9263833,40.7602417,2026-01-22 19:36:23.000,_20260122_143545_CH01_REF_TMO_Ping_NJ DUT REF_L1.dml,,,,N41(100)+N71(15),,429,-71.100000,22.120000,,,,,,,,,,,,,0.000,,,,
95,1,,,-73.9263833,40.7602417,2026-01-22 19:36:23.911,_20260122_143545_CH01_REF_TMO_Ping_NJ DUT REF_L1.dml,,,,,,,,,,,,,,,,,,,,,,TIMEOUT_Idle,,,
96,1,,,-73.9263833,40.7602417,2026-01-22 19:36:23.911,_20260122_143545_CH01_REF_TMO_Ping_NJ DUT REF_L1.dml,,,,,,,,,,,,,,,,,,,,,,,,0,
97,1,,,-73.9263833,40.7602417,2026-01-22 19:36:23.911,_20260122_143545_CH01_REF_TMO_Ping_NJ DUT REF_L1.dml,,,,,,,,,,,,,,,,,,,,,,PING START,,,
98,1,,,-73.9263833,40.7602417,2026-01-22 19:36:24.000,_20260122_143545_CH01_REF_TMO_Ping_NJ DUT REF_L1.dml,,,,N41(100)+N71(15),,429,-72.400000,21.320000,,,,,,,,,,,,,0.000,,,,
99,1,,,-73.9263833,40.7602417,2026-01-22 19:36:25.000,_20260122_143545_CH01_REF_TMO_Ping_NJ DUT REF_L1.dml,,,,N41(100)+N71(15),,429,-72.000000,22.460000,,,,,,,,,,,,,0.000,,,,
100,1,,,-73.9263833,40.7602417,2026-01-22 19:36:26.000,_20260122_143545_CH01_REF_TMO_Ping_NJ DUT REF_L1.dml,,,,N41(100)+N71(15),,429,-72.980000,22.520000,,,,,,,,,,,,,0.000,,,,
101,1,,,-73.9263833,40.7602417,2026-01-22 19:36:26.927,_20260122_143545_CH01_REF_TMO_Ping_NJ DUT REF_L1.dml,,,,,,,,,,,,,,,,,,,,,,TIMEOUT_FrontIdle,,,
102,1,,,-73.9263833,40.7602417,2026-01-22 19:36:26.927,_20260122_143545_CH01_REF_TMO_Ping_NJ DUT REF_L1.dml,,,,,,,,,,,,,,,,,,,,,,PING Traffic Start,,,
103,1,,,-73.9263833,40.7602417,2026-01-22 19:36:27.000,_20260122_143545_CH01_REF_TMO_Ping_NJ DUT REF_L1.dml,,,,N41(100)+N71(15),NR SA,429,-72.500000,21.200000,,,,,,,,,,,,,0.000,,,,
104,1,,,-73.9263833,40.7602417,2026-01-22 19:36:27.114,_20260122_143545_CH01_REF_TMO_Ping_NJ DUT REF_L1.dml,,,,,,,,,,,,,,,,,,,,,,,,,30
105,1,,,-73.9263833,40.7602417,2026-01-22 19:36:27.317,_20260122_143545_CH01_REF_TMO_Ping_NJ DUT REF_L1.dml,,,,,,,,,,,,,,,,,,,,,,,,,29
106,1,,,-73.9263833,40.7602417,2026-01-22 19:36:27.521,_20260122_143545_CH01_REF_TMO_Ping_NJ DUT REF_L1.dml,,,,,,,,,,,,,,,,,,,,,,,,,28
107,1,,,-73.9263833,40.7602417,2026-01-22 19:36:27.708,_20260122_143545_CH01_REF_TMO_Ping_NJ DUT REF_L1.dml,,,,,,,,,,,,,,,,,,,,,,,,,27
108,1,,,-73.9263833,40.7602417,2026-01-22 19:36:27.911,_20260122_143545_CH01_REF_TMO_Ping_NJ DUT REF_L1.dml,,,,,,,,,,,,,,,,,,,,,,,,,25
109,1,,,-73.9263833,40.7602417,2026-01-22 19:36:28.000,_20260122_143545_CH01_REF_TMO_Ping_NJ DUT REF_L1.dml,,,,N41(100)+N71(15),NR SA,429,-72.260000,21.160000,,,,,,,,,,,,,0.000,,,,
110,1,,,-73.9263833,40.7602417,2026-01-22 19:36:28.114,_20260122_143545_CH01_REF_TMO_Ping_NJ DUT REF_L1.dml,,,,,,,,,,,,,,,,,,,,,,,,,24
111,1,,,-73.9263833,40.7602417,2026-01-22 19:36:28.317,_20260122_143545_CH01_REF_TMO_Ping_NJ DUT REF_L1.dml,,,,,,,,,,,,,,,,,,,,,,,,,24
112,1,,,-73.9263833,40.7602417,2026-01-22 19:36:28.521,_20260122_143545_CH01_REF_TMO_Ping_NJ DUT REF_L1.dml,,,,,,,,,,,,,,,,,,,,,,,,,23
113,1,,,-73.9263833,40.7602417,2026-01-22 19:36:28.724,_20260122_143545_CH01_REF_TMO_Ping_NJ DUT REF_L1.dml,,,,,,,,,,,,,,,,,,,,,,,,,22
114,1,,,-73.9263833,40.7602417,2026-01-22 19:36:28.911,_20260122_143545_CH01_REF_TMO_Ping_NJ DUT REF_L1.dml,,,,,,,,,,,,,,,,,,,,,,,,,21
115,1,,,-73.9263833,40.7602417,2026-01-22 19:36:29.000,_20260122_143545_CH01_REF_TMO_Ping_NJ DUT REF_L1.dml,,,,N41(100)+N71(15),NR SA,429,-72.850000,21.870000,,,,,,,,,,,,,0.016,,,,
116,1,,,-73.9263833,40.7602417,2026-01-22 19:36:29.114,_20260122_143545_CH01_REF_TMO_Ping_NJ DUT REF_L1.dml,,,,,,,,,,,,,,,,,,,,,,,,,21
117,1,,,-73.9263833,40.7602417,2026-01-22 19:36:29.318,_20260122_143545_CH01_REF_TMO_Ping_NJ DUT REF_L1.dml,,,,,,,,,,,,,,,,,,,,,,,,,20
118,1,,,-73.9263833,40.7602417,2026-01-22 19:36:29.521,_20260122_143545_CH01_REF_TMO_Ping_NJ DUT REF_L1.dml,,,,,,,,,,,,,,,,,,,,,,,,,21
119,1,,,-73.9263833,40.7602417,2026-01-22 19:36:29.724,_20260122_143545_CH01_REF_TMO_Ping_NJ DUT REF_L1.dml,,,,,,,,,,,,,,,,,,,,,,,,,20
120,1,,,-73.9263833,40.7602417,2026-01-22 19:36:29.942,_20260122_143545_CH01_REF_TMO_Ping_NJ DUT REF_L1.dml,,,,,,,,,,,,,,,,,,,,,,,,,43
121,1,,,-73.9263833,40.7602417,2026-01-22 19:36:30.000,_20260122_143545_CH01_REF_TMO_Ping_NJ DUT REF_L1.dml,,,,N41(100)+N71(15),NR SA,429,-72.930000,21.270000,,,,,,,,,,,,,0.000,,,,
122,1,,,-73.9263833,40.7602417,2026-01-22 19:36:30.146,_20260122_143545_CH01_REF_TMO_Ping_NJ DUT REF_L1.dml,,,,,,,,,,,,,,,,,,,,,,,,,43
123,1,,,-73.9263833,40.7602417,2026-01-22 19:36:30.332,_20260122_143545_CH01_REF_TMO_Ping_NJ DUT REF_L1.dml,,,,,,,,,,,,,,,,,,,,,,,,,36
124,1,,,-73.9263833,40.7602417,2026-01-22 19:36:30.536,_20260122_143545_CH01_REF_TMO_Ping_NJ DUT REF_L1.dml,,,,,,,,,,,,,,,,,,,,,,,,,35
125,1,,,-73.9263833,40.7602417,2026-01-22 19:36:30.739,_20260122_143545_CH01_REF_TMO_Ping_NJ DUT REF_L1.dml,,,,,,,,,,,,,,,,,,,,,,,,,34
126,1,,,-73.9263833,40.7602417,2026-01-22 19:36:30.943,_20260122_143545_CH01_REF_TMO_Ping_NJ DUT REF_L1.dml,,,,,,,,,,,,,,,,,,,,,,,,,34
127,1,,,-73.9263833,40.7602417,2026-01-22 19:36:31.000,_20260122_143545_CH01_REF_TMO_Ping_NJ DUT REF_L1.dml,,,,N41(100)+N71(15),NR SA,429,-73.120000,20.670000,,,,,,,,,,,,,0.024,,,,
128,1,,,-73.9263833,40.7602417,2026-01-22 19:36:31.130,_20260122_143545_CH01_REF_TMO_Ping_NJ DUT REF_L1.dml,,,,,,,,,,,,,,,,,,,,,,,,,33
129,1,,,-73.9263833,40.7602417,2026-01-22 19:36:31.333,_20260122_143545_CH01_REF_TMO_Ping_NJ DUT REF_L1.dml,,,,,,,,,,,,,,,,,,,,,,,,,32
130,1,,,-73.9263833,40.7602417,2026-01-22 19:36:31.536,_20260122_143545_CH01_REF_TMO_Ping_NJ DUT REF_L1.dml,,,,,,,,,,,,,,,,,,,,,,,,,32
131,1,,,-73.9263833,40.7602417,2026-01-22 19:36:31.739,_20260122_143545_CH01_REF_TMO_Ping_NJ DUT REF_L1.dml,,,,,,,,,,,,,,,,,,,,,,,,,31
132,1,,,-73.9263833,40.7602417,2026-01-22 19:36:31.942,_20260122_143545_CH01_REF_TMO_Ping_NJ DUT REF_L1.dml,,,,,,,,,,,,,,,,,,,,,,,,,30
133,1,,,-73.9263833,40.7602417,2026-01-22 19:36:31.957,_20260122_143545_CH01_REF_TMO_Ping_NJ DUT REF_L1.dml,,,,,,,,,,,,,,,,,,,,,,PING Traffic End,,,
134,1,,,-73.9263833,40.7602417,2026-01-22 19:36:32.000,_20260122_143545_CH01_REF_TMO_Ping_NJ DUT REF_L1.dml,,,,N41(100)+N71(15),NR SA,429,-73.170000,20.980000,,,,,,,,,,,,,0.024,,,,
135,1,,,-73.9263833,40.7602417,2026-01-22 19:36:33.000,_20260122_143545_CH01_REF_TMO_Ping_NJ DUT REF_L1.dml,,,,N41(100)+N71(15),,429,-72.360000,20.720000,,,,,,,,,,,,,,,,,
136,1,,,-73.9263833,40.7602417,2026-01-22 19:36:34.000,_20260122_143545_CH01_REF_TMO_Ping_NJ DUT REF_L1.dml,,,,N41(100)+N71(15),,429,-71.940000,20.280000,,,,,,,,,,,,,0.000,,,,
137,1,,,-73.9263833,40.7602417,2026-01-22 19:36:34.974,_20260122_143545_CH01_REF_TMO_Ping_NJ DUT REF_L1.dml,,,,,,,,,,,,,,,,,,,,,,TIMEOUT_Idle,,,
138,1,,,-73.9263833,40.7602417,2026-01-22 19:36:34.974,_20260122_143545_CH01_REF_TMO_Ping_NJ DUT REF_L1.dml,,,,,,,,,,,,,,,,,,,,,,,,0,
139,1,,,-73.9263833,40.7602417,2026-01-22 19:36:34.974,_20260122_143545_CH01_REF_TMO_Ping_NJ DUT REF_L1.dml,,,,,,,,,,,,,,,,,,,,,,PING START,,,
140,1,,,-73.9263833,40.7602417,2026-01-22 19:36:35.000,_20260122_143545_CH01_REF_TMO_Ping_NJ DUT REF_L1.dml,,,,N41(100)+N71(15),,429,-72.080000,20.860000,,,,,,,,,,,,,0.000,,,,
141,1,,,-73.9263833,40.7602417,2026-01-22 19:36:36.000,_20260122_143545_CH01_REF_TMO_Ping_NJ DUT REF_L1.dml,,,,N41(100)+N71(15),,429,-72.060000,20.660000,,,,,,,,,,,,,0.000,,,,
142,1,,,-73.9263833,40.7602417,2026-01-22 19:36:37.000,_20260122_143545_CH01_REF_TMO_Ping_NJ DUT REF_L1.dml,,,,N41(100)+N71(15),,429,-71.760000,21.880000,,,,,,,,,,,,,0.000,,,,
143,1,,,-73.9263833,40.7602417,2026-01-22 19:36:37.974,_20260122_143545_CH01_REF_TMO_Ping_NJ DUT REF_L1.dml,,,,,,,,,,,,,,,,,,,,,,TIMEOUT_FrontIdle,,,
144,1,,,-73.9263833,40.7602417,2026-01-22 19:36:37.974,_20260122_143545_CH01_REF_TMO_Ping_NJ DUT REF_L1.dml,,,,,,,,,,,,,,,,,,,,,,PING Traffic Start,,,
145,1,,,-73.9263833,40.7602417,2026-01-22 19:36:38.000,_20260122_143545_CH01_REF_TMO_Ping_NJ DUT REF_L1.dml,,,,N41(100)+N71(15),NR SA,429,-71.150000,23.060000,,,,,,,,,,,,,0.000,,,,
146,1,,,-73.9263833,40.7602417,2026-01-22 19:36:38.177,_20260122_143545_CH01_REF_TMO_Ping_NJ DUT REF_L1.dml,,,,,,,,,,,,,,,,,,,,,,,,,38
147,1,,,-73.9263833,40.7602417,2026-01-22 19:36:38.349,_20260122_143545_CH01_REF_TMO_Ping_NJ DUT REF_L1.dml,,,,,,,,,,,,,,,,,,,,,,,,,16
148,1,,,-73.9263833,40.7602417,2026-01-22 19:36:38.553,_20260122_143545_CH01_REF_TMO_Ping_NJ DUT REF_L1.dml,,,,,,,,,,,,,,,,,,,,,,,,,15
149,1,,,-73.9263833,40.7602417,2026-01-22 19:36:38.786,_20260122_143545_CH01_REF_TMO_Ping_NJ DUT REF_L1.dml,,,,,,,,,,,,,,,,,,,,,,,,,35
150,1,,,-73.9263833,40.7602417,2026-01-22 19:36:38.974,_20260122_143545_CH01_REF_TMO_Ping_NJ DUT REF_L1.dml,,,,,,,,,,,,,,,,,,,,,,,,,34
151,1,,,-73.9263833,40.7602417,2026-01-22 19:36:39.000,_20260122_143545_CH01_REF_TMO_Ping_NJ DUT REF_L1.dml,,,,N41(100)+N71(15),NR SA,429,-71.400000,22.020000,,,,,,,,,,,,,0.008,,,,
152,1,,,-73.9263833,40.7602417,2026-01-22 19:36:39.178,_20260122_143545_CH01_REF_TMO_Ping_NJ DUT REF_L1.dml,,,,,,,,,,,,,,,,,,,,,,,,,33
153,1,,,-73.9263833,40.7602417,2026-01-22 19:36:39.380,_20260122_143545_CH01_REF_TMO_Ping_NJ DUT REF_L1.dml,,,,,,,,,,,,,,,,,,,,,,,,,32
154,1,,,-73.9263833,40.7602417,2026-01-22 19:36:39.582,_20260122_143545_CH01_REF_TMO_Ping_NJ DUT REF_L1.dml,,,,,,,,,,,,,,,,,,,,,,,,,30
155,1,,,-73.9263833,40.7602417,2026-01-22 19:36:39.771,_20260122_143545_CH01_REF_TMO_Ping_NJ DUT REF_L1.dml,,,,,,,,,,,,,,,,,,,,,,,,,30
156,1,,,-73.9263833,40.7602417,2026-01-22 19:36:39.989,_20260122_143545_CH01_REF_TMO_Ping_NJ DUT REF_L1.dml,,,,,,,,,,,,,,,,,,,,,,,,,32
157,1,,,-73.9263833,40.7602417,2026-01-22 19:36:40.000,_20260122_143545_CH01_REF_TMO_Ping_NJ DUT REF_L1.dml,,,,N41(100)+N71(15),NR SA,429,-71.780000,21.300000,,,,,,,,,,,,,0.016,,,,
158,1,,,-73.9263833,40.7602417,2026-01-22 19:36:40.178,_20260122_143545_CH01_REF_TMO_Ping_NJ DUT REF_L1.dml,,,,,,,,,,,,,,,,,,,,,,,,,27
159,1,,,-73.9263833,40.7602417,2026-01-22 19:36:40.380,_20260122_143545_CH01_REF_TMO_Ping_NJ DUT REF_L1.dml,,,,,,,,,,,,,,,,,,,,,,,,,27
160,1,,,-73.9263833,40.7602417,2026-01-22 19:36:40.583,_20260122_143545_CH01_REF_TMO_Ping_NJ DUT REF_L1.dml,,,,,,,,,,,,,,,,,,,,,,,,,25
161,1,,,-73.9263833,40.7602417,2026-01-22 19:36:40.771,_20260122_143545_CH01_REF_TMO_Ping_NJ DUT REF_L1.dml,,,,,,,,,,,,,,,,,,,,,,,,,26
162,1,,,-73.9263833,40.7602417,2026-01-22 19:36:40.974,_20260122_143545_CH01_REF_TMO_Ping_NJ DUT REF_L1.dml,,,,,,,,,,,,,,,,,,,,,,,,,23
163,1,,,-73.9263833,40.7602417,2026-01-22 19:36:41.000,_20260122_143545_CH01_REF_TMO_Ping_NJ DUT REF_L1.dml,,,,N41(100)+N71(15),NR SA,429,-72.660000,20.760000,,,,,,,,,,,,,0.016,,,,
164,1,,,-73.9263833,40.7602417,2026-01-22 19:36:41.207,_20260122_143545_CH01_REF_TMO_Ping_NJ DUT REF_L1.dml,,,,,,,,,,,,,,,,,,,,,,,,,22
165,1,,,-73.9263833,40.7602417,2026-01-22 19:36:41.380,_20260122_143545_CH01_REF_TMO_Ping_NJ DUT REF_L1.dml,,,,,,,,,,,,,,,,,,,,,,,,,22
166,1,,,-73.9263833,40.7602417,2026-01-22 19:36:41.582,_20260122_143545_CH01_REF_TMO_Ping_NJ DUT REF_L1.dml,,,,,,,,,,,,,,,,,,,,,,,,,24
167,1,,,-73.9263833,40.7602417,2026-01-22 19:36:41.771,_20260122_143545_CH01_REF_TMO_Ping_NJ DUT REF_L1.dml,,,,,,,,,,,,,,,,,,,,,,,,,20
168,1,,,-73.9263833,40.7602417,2026-01-22 19:36:41.974,_20260122_143545_CH01_REF_TMO_Ping_NJ DUT REF_L1.dml,,,,,,,,,,,,,,,,,,,,,,,,,19
169,1,,,-73.9263833,40.7602417,2026-01-22 19:36:42.000,_20260122_143545_CH01_REF_TMO_Ping_NJ DUT REF_L1.dml,,,,N41(100)+N71(15),NR SA,429,-73.140000,19.740000,,,,,,,,,,,,,0.008,,,,
170,1,,,-73.9263833,40.7602417,2026-01-22 19:36:42.208,_20260122_143545_CH01_REF_TMO_Ping_NJ DUT REF_L1.dml,,,,,,,,,,,,,,,,,,,,,,,,,41
171,1,,,-73.9263833,40.7602417,2026-01-22 19:36:42.396,_20260122_143545_CH01_REF_TMO_Ping_NJ DUT REF_L1.dml,,,,,,,,,,,,,,,,,,,,,,,,,37
172,1,,,-73.9263833,40.7602417,2026-01-22 19:36:42.599,_20260122_143545_CH01_REF_TMO_Ping_NJ DUT REF_L1.dml,,,,,,,,,,,,,,,,,,,,,,,,,36
173,1,,,-73.9263833,40.7602417,2026-01-22 19:36:42.802,_20260122_143545_CH01_REF_TMO_Ping_NJ DUT REF_L1.dml,,,,,,,,,,,,,,,,,,,,,,,,,35
174,1,,,-73.9263833,40.7602417,2026-01-22 19:36:43.005,_20260122_143545_CH01_REF_TMO_Ping_NJ DUT REF_L1.dml,,,,,,,,,,,,,,,,,,,,,,,,,32
175,1,,,-73.9263833,40.7602417,2026-01-22 19:36:43.000,_20260122_143545_CH01_REF_TMO_Ping_NJ DUT REF_L1.dml,,,,N41(100)+N71(15),NR SA,429,-72.800000,19.240000,,,,,,,,,,,,,0.016,,,,
176,1,,,-73.9263833,40.7602417,2026-01-22 19:36:43.036,_20260122_143545_CH01_REF_TMO_Ping_NJ DUT REF_L1.dml,,,,,,,,,,,,,,,,,,,,,,PING Traffic End,,,
177,1,,,-73.9263833,40.7602417,2026-01-22 19:36:44.000,_20260122_143545_CH01_REF_TMO_Ping_NJ DUT REF_L1.dml,,,,N41(100)+N71(15),,429,-73.040000,20.940000,,,,,,,,,,,,,0.000,,,,
178,1,,,-73.9263833,40.7602417,2026-01-22 19:36:45.000,_20260122_143545_CH01_REF_TMO_Ping_NJ DUT REF_L1.dml,,,,N41(100)+N71(15),,429,-72.800000,19.240000,,,,,,,,,,,,,0.000,,,,
179,1,,,-73.9263833,40.7602417,2026-01-22 19:36:46.000,_20260122_143545_CH01_REF_TMO_Ping_NJ DUT REF_L1.dml,,,,N41(100)+N71(15),,429,-71.820000,20.320000,,,,,,,,,,,,,0.000,,,,
180,1,,,-73.9263833,40.7602417,2026-01-22 19:36:46.036,_20260122_143545_CH01_REF_TMO_Ping_NJ DUT REF_L1.dml,,,,,,,,,,,,,,,,,,,,,,TIMEOUT_Idle,,,
181,1,,,-73.9263833,40.7602417,2026-01-22 19:36:46.036,_20260122_143545_CH01_REF_TMO_Ping_NJ DUT REF_L1.dml,,,,,,,,,,,,,,,,,,,,,,,,0,
182,1,,,-73.9263833,40.7602417,2026-01-22 19:36:46.036,_20260122_143545_CH01_REF_TMO_Ping_NJ DUT REF_L1.dml,,,,,,,,,,,,,,,,,,,,,,PING START,,,
183,1,,,-73.9263833,40.7602417,2026-01-22 19:36:47.000,_20260122_143545_CH01_REF_TMO_Ping_NJ DUT REF_L1.dml,,,,N41(100)+N71(15),,429,-71.040000,20.660000,,,,,,,,,,,,,0.000,,,,
184,1,,,-73.9263833,40.7602417,2026-01-22 19:36:48.000,_20260122_143545_CH01_REF_TMO_Ping_NJ DUT REF_L1.dml,,,,N41(100)+N71(15),,429,-71.040000,21.360000,,,,,,,,,,,,,0.000,,,,
185,1,,,-73.9263833,40.7602417,2026-01-22 19:36:49.000,_20260122_143545_CH01_REF_TMO_Ping_NJ DUT REF_L1.dml,,,,N41(100)+N71(15),,429,-70.940000,22.180000,,,,,,,,,,,,,0.000,,,,
186,1,,,-73.9263833,40.7602417,2026-01-22 19:36:49.052,_20260122_143545_CH01_REF_TMO_Ping_NJ DUT REF_L1.dml,,,,,,,,,,,,,,,,,,,,,,TIMEOUT_FrontIdle,,,
187,1,,,-73.9263833,40.7602417,2026-01-22 19:36:49.052,_20260122_143545_CH01_REF_TMO_Ping_NJ DUT REF_L1.dml,,,,,,,,,,,,,,,,,,,,,,PING Traffic Start,,,
188,1,,,-73.9263833,40.7602417,2026-01-22 19:36:49.207,_20260122_143545_CH01_REF_TMO_Ping_NJ DUT REF_L1.dml,,,,,,,,,,,,,,,,,,,,,,,,,32
189,1,,,-73.9263833,40.7602417,2026-01-22 19:36:49.396,_20260122_143545_CH01_REF_TMO_Ping_NJ DUT REF_L1.dml,,,,,,,,,,,,,,,,,,,,,,,,,24
190,1,,,-73.9263833,40.7602417,2026-01-22 19:36:49.614,_20260122_143545_CH01_REF_TMO_Ping_NJ DUT REF_L1.dml,,,,,,,,,,,,,,,,,,,,,,,,,30
191,1,,,-73.9263833,40.7602417,2026-01-22 19:36:49.803,_20260122_143545_CH01_REF_TMO_Ping_NJ DUT REF_L1.dml,,,,,,,,,,,,,,,,,,,,,,,,,25
192,1,,,-73.9263833,40.7602417,2026-01-22 19:36:50.021,_20260122_143545_CH01_REF_TMO_Ping_NJ DUT REF_L1.dml,,,,,,,,,,,,,,,,,,,,,,,,,33
193,1,,,-73.9263833,40.7602417,2026-01-22 19:36:50.000,_20260122_143545_CH01_REF_TMO_Ping_NJ DUT REF_L1.dml,,,,N41(100)+N71(15),NR SA,429,-71.640000,20.800000,,,,,,,,,,,,,0.008,,,,
194,1,,,-73.9263833,40.7602417,2026-01-22 19:36:50.208,_20260122_143545_CH01_REF_TMO_Ping_NJ DUT REF_L1.dml,,,,,,,,,,,,,,,,,,,,,,,,,26
195,1,,,-73.9263833,40.7602417,2026-01-22 19:36:50.427,_20260122_143545_CH01_REF_TMO_Ping_NJ DUT REF_L1.dml,,,,,,,,,,,,,,,,,,,,,,,,,42
196,1,,,-73.9263833,40.7602417,2026-01-22 19:36:50.614,_20260122_143545_CH01_REF_TMO_Ping_NJ DUT REF_L1.dml,,,,,,,,,,,,,,,,,,,,,,,,,35
197,1,,,-73.9263833,40.7602417,2026-01-22 19:36:50.817,_20260122_143545_CH01_REF_TMO_Ping_NJ DUT REF_L1.dml,,,,,,,,,,,,,,,,,,,,,,,,,35
198,1,,,-73.9263833,40.7602417,2026-01-22 19:36:51.021,_20260122_143545_CH01_REF_TMO_Ping_NJ DUT REF_L1.dml,,,,,,,,,,,,,,,,,,,,,,,,,39
199,1,,,-73.9263833,40.7602417,2026-01-22 19:36:51.000,_20260122_143545_CH01_REF_TMO_Ping_NJ DUT REF_L1.dml,,,,N41(100)+N71(15),NR SA,429,-72.420000,20.400000,,,,,,,,,,,,,0.008,,,,
200,1,,,-73.9263833,40.7602417,2026-01-22 19:36:51.207,_20260122_143545_CH01_REF_TMO_Ping_NJ DUT REF_L1.dml,,,,,,,,,,,,,,,,,,,,,,,,,33
201,1,,,-73.9263833,40.7602417,2026-01-22 19:36:51.428,_20260122_143545_CH01_REF_TMO_Ping_NJ DUT REF_L1.dml,,,,,,,,,,,,,,,,,,,,,,,,,35
202,1,,,-73.9263833,40.7602417,2026-01-22 19:36:51.630,_20260122_143545_CH01_REF_TMO_Ping_NJ DUT REF_L1.dml,,,,,,,,,,,,,,,,,,,,,,,,,34
203,1,,,-73.9263833,40.7602417,2026-01-22 19:36:51.818,_20260122_143545_CH01_REF_TMO_Ping_NJ DUT REF_L1.dml,,,,,,,,,,,,,,,,,,,,,,,,,30
204,1,,,-73.9263833,40.7602417,2026-01-22 19:36:52.021,_20260122_143545_CH01_REF_TMO_Ping_NJ DUT REF_L1.dml,,,,,,,,,,,,,,,,,,,,,,,,,29
205,1,,,-73.9263833,40.7602417,2026-01-22 19:36:52.000,_20260122_143545_CH01_REF_TMO_Ping_NJ DUT REF_L1.dml,,,,N41(100)+N71(15),NR SA,429,-72.440000,18.580000,,,,,,,,,,,,,0.016,,,,
206,1,,,-73.9263833,40.7602417,2026-01-22 19:36:52.224,_20260122_143545_CH01_REF_TMO_Ping_NJ DUT REF_L1.dml,,,,,,,,,,,,,,,,,,,,,,,,,32
207,1,,,-73.9263833,40.7602417,2026-01-22 19:36:52.427,_20260122_143545_CH01_REF_TMO_Ping_NJ DUT REF_L1.dml,,,,,,,,,,,,,,,,,,,,,,,,,38
208,1,,,-73.9263833,40.7602417,2026-01-22 19:36:52.630,_20260122_143545_CH01_REF_TMO_Ping_NJ DUT REF_L1.dml,,,,,,,,,,,,,,,,,,,,,,,,,42
209,1,,,-73.9263833,40.7602417,2026-01-22 19:36:52.817,_20260122_143545_CH01_REF_TMO_Ping_NJ DUT REF_L1.dml,,,,,,,,,,,,,,,,,,,,,,,,,25
210,1,,,-73.9263833,40.7602417,2026-01-22 19:36:53.021,_20260122_143545_CH01_REF_TMO_Ping_NJ DUT REF_L1.dml,,,,,,,,,,,,,,,,,,,,,,,,,23
211,1,,,-73.9263833,40.7602417,2026-01-22 19:36:53.000,_20260122_143545_CH01_REF_TMO_Ping_NJ DUT REF_L1.dml,,,,N41(100)+N71(15),NR SA,429,-71.840000,19.640000,,,,,,,,,,,,,0.016,,,,
212,1,,,-73.9263833,40.7602417,2026-01-22 19:36:53.208,_20260122_143545_CH01_REF_TMO_Ping_NJ DUT REF_L1.dml,,,,,,,,,,,,,,,,,,,,,,,,,23
213,1,,,-73.9263833,40.7602417,2026-01-22 19:36:53.458,_20260122_143545_CH01_REF_TMO_Ping_NJ DUT REF_L1.dml,,,,,,,,,,,,,,,,,,,,,,,,,44
214,1,,,-73.9263833,40.7602417,2026-01-22 19:36:53.646,_20260122_143545_CH01_REF_TMO_Ping_NJ DUT REF_L1.dml,,,,,,,,,,,,,,,,,,,,,,,,,19
215,1,,,-73.9263833,40.7602417,2026-01-22 19:36:53.864,_20260122_143545_CH01_REF_TMO_Ping_NJ DUT REF_L1.dml,,,,,,,,,,,,,,,,,,,,,,,,,38
216,1,,,-73.9263833,40.7602417,2026-01-22 19:36:54.000,_20260122_143545_CH01_REF_TMO_Ping_NJ DUT REF_L1.dml,,,,N41(100)+N71(15),NR SA,429,-71.960000,19.860000,,,,,,,,,,,,,0.008,,,,
217,1,,,-73.9263833,40.7602417,2026-01-22 19:36:54.036,_20260122_143545_CH01_REF_TMO_Ping_NJ DUT REF_L1.dml,,,,,,,,,,,,,,,,,,,,,,,,,22
218,1,,,-73.9263833,40.7602417,2026-01-22 19:36:54.114,_20260122_143545_CH01_REF_TMO_Ping_NJ DUT REF_L1.dml,,,,,,,,,,,,,,,,,,,,,,PING Traffic End,,,
219,1,,,-73.9263833,40.7602417,2026-01-22 19:36:55.000,_20260122_143545_CH01_REF_TMO_Ping_NJ DUT REF_L1.dml,,,,N41(100)+N71(15),NR SA,429,-72.200000,20.280000,,,,,,,,,,,,,0.008,,,,
220,1,,,-73.9263833,40.7602417,2026-01-22 19:36:56.000,_20260122_143545_CH01_REF_TMO_Ping_NJ DUT REF_L1.dml,,,,N41(100)+N71(15),,429,-71.600000,20.420000,,,,,,,,,,,,,0.000,,,,
221,1,,,-73.9263833,40.7602417,2026-01-22 19:36:57.000,_20260122_143545_CH01_REF_TMO_Ping_NJ DUT REF_L1.dml,,,,N41(100)+N71(15),,429,-72.540000,19.660000,,,,,,,,,,,,,0.000,,,,
222,1,,,-73.9263833,40.7602417,2026-01-22 19:36:57.130,_20260122_143545_CH01_REF_TMO_Ping_NJ DUT REF_L1.dml,,,,,,,,,,,,,,,,,,,,,,TIMEOUT_Idle,,,
223,1,,,-73.9263833,40.7602417,2026-01-22 19:36:57.130,_20260122_143545_CH01_REF_TMO_Ping_NJ DUT REF_L1.dml,,,,,,,,,,,,,,,,,,,,,,,,0,
224,1,,,-73.9263833,40.7602417,2026-01-22 19:36:57.130,_20260122_143545_CH01_REF_TMO_Ping_NJ DUT REF_L1.dml,,,,,,,,,,,,,,,,,,,,,,PING START,,,
225,1,,,-73.9263833,40.7602417,2026-01-22 19:36:58.000,_20260122_143545_CH01_REF_TMO_Ping_NJ DUT REF_L1.dml,,,,N41(100)+N71(15),,429,-72.880000,20.340000,,,,,,,,,,,,,0.000,,,,
226,1,,,-73.9263833,40.7602417,2026-01-22 19:36:59.000,_20260122_143545_CH01_REF_TMO_Ping_NJ DUT REF_L1.dml,,,,N41(100)+N71(15),,429,-71.740000,19.860000,,,,,,,,,,,,,0.000,,,,
227,1,,,-73.9263833,40.7602417,2026-01-22 19:37:00.000,_20260122_143545_CH01_REF_TMO_Ping_NJ DUT REF_L1.dml,,,,N41(100)+N71(15),,429,-72.100000,20.020000,,,,,,,,,,,,,0.000,,,,
228,1,,,-73.9263833,40.7602417,2026-01-22 19:37:00.130,_20260122_143545_CH01_REF_TMO_Ping_NJ DUT REF_L1.dml,,,,,,,,,,,,,,,,,,,,,,TIMEOUT_FrontIdle,,,
229,1,,,-73.9263833,40.7602417,2026-01-22 19:37:00.130,_20260122_143545_CH01_REF_TMO_Ping_NJ DUT REF_L1.dml,,,,,,,,,,,,,,,,,,,,,,PING Traffic Start,,,
230,1,,,-73.9263833,40.7602417,2026-01-22 19:37:00.302,_20260122_143545_CH01_REF_TMO_Ping_NJ DUT REF_L1.dml,,,,,,,,,,,,,,,,,,,,,,,,,31
231,1,,,-73.9263833,40.7602417,2026-01-22 19:37:00.489,_20260122_143545_CH01_REF_TMO_Ping_NJ DUT REF_L1.dml,,,,,,,,,,,,,,,,,,,,,,,,,29
232,1,,,-73.9263833,40.7602417,2026-01-22 19:37:00.692,_20260122_143545_CH01_REF_TMO_Ping_NJ DUT REF_L1.dml,,,,,,,,,,,,,,,,,,,,,,,,,31
233,1,,,-73.9263833,40.7602417,2026-01-22 19:37:00.896,_20260122_143545_CH01_REF_TMO_Ping_NJ DUT REF_L1.dml,,,,,,,,,,,,,,,,,,,,,,,,,25
234,1,,,-73.9263833,40.7602417,2026-01-22 19:37:01.000,_20260122_143545_CH01_REF_TMO_Ping_NJ DUT REF_L1.dml,,,,N41(100)+N71(15),NR SA,429,-72.020000,20.240000,,,,,,,,,,,,,0.008,,,,
235,1,,,-73.9263833,40.7602417,2026-01-22 19:37:01.099,_20260122_143545_CH01_REF_TMO_Ping_NJ DUT REF_L1.dml,,,,,,,,,,,,,,,,,,,,,,,,,33
236,1,,,-73.9263833,40.7602417,2026-01-22 19:37:01.303,_20260122_143545_CH01_REF_TMO_Ping_NJ DUT REF_L1.dml,,,,,,,,,,,,,,,,,,,,,,,,,23
237,1,,,-73.9263833,40.7602417,2026-01-22 19:37:01.505,_20260122_143545_CH01_REF_TMO_Ping_NJ DUT REF_L1.dml,,,,,,,,,,,,,,,,,,,,,,,,,22
238,1,,,-73.9263833,40.7602417,2026-01-22 19:37:01.692,_20260122_143545_CH01_REF_TMO_Ping_NJ DUT REF_L1.dml,,,,,,,,,,,,,,,,,,,,,,,,,22
239,1,,,-73.9263833,40.7602417,2026-01-22 19:37:01.896,_20260122_143545_CH01_REF_TMO_Ping_NJ DUT REF_L1.dml,,,,,,,,,,,,,,,,,,,,,,,,,20
240,1,,,-73.9263833,40.7602417,2026-01-22 19:37:02.000,_20260122_143545_CH01_REF_TMO_Ping_NJ DUT REF_L1.dml,,,,N41(100)+N71(15),NR SA,429,-71.980000,20.560000,,,,,,,,,,,,,0.008,,,,
241,1,,,-73.9263833,40.7602417,2026-01-22 19:37:02.099,_20260122_143545_CH01_REF_TMO_Ping_NJ DUT REF_L1.dml,,,,,,,,,,,,,,,,,,,,,,,,,29
242,1,,,-73.9263833,40.7602417,2026-01-22 19:37:02.302,_20260122_143545_CH01_REF_TMO_Ping_NJ DUT REF_L1.dml,,,,,,,,,,,,,,,,,,,,,,,,,19
243,1,,,-73.9263833,40.7602417,2026-01-22 19:37:02.521,_20260122_143545_CH01_REF_TMO_Ping_NJ DUT REF_L1.dml,,,,,,,,,,,,,,,,,,,,,,,,,39
244,1,,,-73.9263833,40.7602417,2026-01-22 19:37:02.724,_20260122_143545_CH01_REF_TMO_Ping_NJ DUT REF_L1.dml,,,,,,,,,,,,,,,,,,,,,,,,,43
245,1,,,-73.9263833,40.7602417,2026-01-22 19:37:02.911,_20260122_143545_CH01_REF_TMO_Ping_NJ DUT REF_L1.dml,,,,,,,,,,,,,,,,,,,,,,,,,38
246,1,,,-73.9263833,40.7602417,2026-01-22 19:37:03.000,_20260122_143545_CH01_REF_TMO_Ping_NJ DUT REF_L1.dml,,,,N41(100)+N71(15),NR SA,429,-71.910000,19.360000,,,,,,,,,,,,,0.016,,,,
247,1,,,-73.9263833,40.7602417,2026-01-22 19:37:03.130,_20260122_143545_CH01_REF_TMO_Ping_NJ DUT REF_L1.dml,,,,,,,,,,,,,,,,,,,,,,,,,40
248,1,,,-73.9263833,40.7602417,2026-01-22 19:37:03.317,_20260122_143545_CH01_REF_TMO_Ping_NJ DUT REF_L1.dml,,,,,,,,,,,,,,,,,,,,,,,,,35
249,1,,,-73.9263833,40.7602417,2026-01-22 19:37:03.536,_20260122_143545_CH01_REF_TMO_Ping_NJ DUT REF_L1.dml,,,,,,,,,,,,,,,,,,,,,,,,,48
250,1,,,-73.9263833,40.7602417,2026-01-22 19:37:03.724,_20260122_143545_CH01_REF_TMO_Ping_NJ DUT REF_L1.dml,,,,,,,,,,,,,,,,,,,,,,,,,34
251,1,,,-73.9263833,40.7602417,2026-01-22 19:37:03.928,_20260122_143545_CH01_REF_TMO_Ping_NJ DUT REF_L1.dml,,,,,,,,,,,,,,,,,,,,,,,,,26
252,1,,,-73.9263833,40.7602417,2026-01-22 19:37:04.000,_20260122_143545_CH01_REF_TMO_Ping_NJ DUT REF_L1.dml,,,,N41(100)+N71(15),NR SA,429,-72.140000,19.450000,,,,,,,,,,,,,0.024,,,,
253,1,,,-73.9263833,40.7602417,2026-01-22 19:37:04.114,_20260122_143545_CH01_REF_TMO_Ping_NJ DUT REF_L1.dml,,,,,,,,,,,,,,,,,,,,,,,,,25
254,1,,,-73.9263833,40.7602417,2026-01-22 19:37:04.318,_20260122_143545_CH01_REF_TMO_Ping_NJ DUT REF_L1.dml,,,,,,,,,,,,,,,,,,,,,,,,,24
255,1,,,-73.9263833,40.7602417,2026-01-22 19:37:04.521,_20260122_143545_CH01_REF_TMO_Ping_NJ DUT REF_L1.dml,,,,,,,,,,,,,,,,,,,,,,,,,23
256,1,,,-73.9263833,40.7602417,2026-01-22 19:37:04.724,_20260122_143545_CH01_REF_TMO_Ping_NJ DUT REF_L1.dml,,,,,,,,,,,,,,,,,,,,,,,,,28
257,1,,,-73.9263833,40.7602417,2026-01-22 19:37:04.911,_20260122_143545_CH01_REF_TMO_Ping_NJ DUT REF_L1.dml,,,,,,,,,,,,,,,,,,,,,,,,,21
258,1,,,-73.9263833,40.7602417,2026-01-22 19:37:05.000,_20260122_143545_CH01_REF_TMO_Ping_NJ DUT REF_L1.dml,,,,N41(100)+N71(15),NR SA,429,-72.200000,20.520000,,,,,,,,,,,,,0.008,,,,
259,1,,,-73.9263833,40.7602417,2026-01-22 19:37:05.114,_20260122_143545_CH01_REF_TMO_Ping_NJ DUT REF_L1.dml,,,,,,,,,,,,,,,,,,,,,,,,,22
260,1,,,-73.9263833,40.7602417,2026-01-22 19:37:05.192,_20260122_143545_CH01_REF_TMO_Ping_NJ DUT REF_L1.dml,,,,,,,,,,,,,,,,,,,,,,PING Traffic End,,,
261,1,,,-73.9263833,40.7602417,2026-01-22 19:37:06.000,_20260122_143545_CH01_REF_TMO_Ping_NJ DUT REF_L1.dml,,,,N41(100)+N71(15),NR SA,429,-72.480000,20.280000,,,,,,,,,,,,,0.000,,,,
262,1,,,-73.9263833,40.7602417,2026-01-22 19:37:07.000,_20260122_143545_CH01_REF_TMO_Ping_NJ DUT REF_L1.dml,,,,N41(100)+N71(15),,429,-72.660000,20.180000,,,,,,,,,,,,,,,,,
263,1,,,-73.9263833,40.7602417,2026-01-22 19:37:08.000,_20260122_143545_CH01_REF_TMO_Ping_NJ DUT REF_L1.dml,,,,N41(100)+N71(15),,429,-72.460000,20.920000,,,,,,,,,,,,,0.000,,,,
264,1,,,-73.9263833,40.7602417,2026-01-22 19:37:08.207,_20260122_143545_CH01_REF_TMO_Ping_NJ DUT REF_L1.dml,,,,,,,,,,,,,,,,,,,,,,TIMEOUT_Idle,,,
265,1,,,-73.9263833,40.7602417,2026-01-22 19:37:08.207,_20260122_143545_CH01_REF_TMO_Ping_NJ DUT REF_L1.dml,,,,,,,,,,,,,,,,,,,,,,,,0,
266,1,,,-73.9263833,40.7602417,2026-01-22 19:37:08.207,_20260122_143545_CH01_REF_TMO_Ping_NJ DUT REF_L1.dml,,,,,,,,,,,,,,,,,,,,,,PING START,,,
267,1,,,-73.9263833,40.7602417,2026-01-22 19:37:09.000,_20260122_143545_CH01_REF_TMO_Ping_NJ DUT REF_L1.dml,,,,N41(100)+N71(15),,429,-72.360000,21.280000,,,,,,,,,,,,,,,,,
268,1,,,-73.9263833,40.7602417,2026-01-22 19:37:10.000,_20260122_143545_CH01_REF_TMO_Ping_NJ DUT REF_L1.dml,,,,N41(100)+N71(15),,429,-71.460000,22.440000,,,,,,,,,,,,,0.000,,,,
269,1,,,-73.9263833,40.7602417,2026-01-22 19:37:11.000,_20260122_143545_CH01_REF_TMO_Ping_NJ DUT REF_L1.dml,,,,N41(100)+N71(15),,429,-72.200000,20.400000,,,,,,,,,,,,,0.000,,,,
270,1,,,-73.9263833,40.7602417,2026-01-22 19:37:11.224,_20260122_143545_CH01_REF_TMO_Ping_NJ DUT REF_L1.dml,,,,,,,,,,,,,,,,,,,,,,TIMEOUT_FrontIdle,,,
271,1,,,-73.9263833,40.7602417,2026-01-22 19:37:11.224,_20260122_143545_CH01_REF_TMO_Ping_NJ DUT REF_L1.dml,,,,,,,,,,,,,,,,,,,,,,PING Traffic Start,,,
272,1,,,-73.9263833,40.7602417,2026-01-22 19:37:11.380,_20260122_143545_CH01_REF_TMO_Ping_NJ DUT REF_L1.dml,,,,,,,,,,,,,,,,,,,,,,,,,27
273,1,,,-73.9263833,40.7602417,2026-01-22 19:37:11.582,_20260122_143545_CH01_REF_TMO_Ping_NJ DUT REF_L1.dml,,,,,,,,,,,,,,,,,,,,,,,,,27
274,1,,,-73.9263833,40.7602417,2026-01-22 19:37:11.771,_20260122_143545_CH01_REF_TMO_Ping_NJ DUT REF_L1.dml,,,,,,,,,,,,,,,,,,,,,,,,,26
275,1,,,-73.9263833,40.7602417,2026-01-22 19:37:11.974,_20260122_143545_CH01_REF_TMO_Ping_NJ DUT REF_L1.dml,,,,,,,,,,,,,,,,,,,,,,,,,26
276,1,,,-73.9263833,40.7602417,2026-01-22 19:37:12.000,_20260122_143545_CH01_REF_TMO_Ping_NJ DUT REF_L1.dml,,,,N41(100)+N71(15),NR SA,429,-72.680000,19.400000,,,,,,,,,,,,,0.000,,,,
277,1,,,-73.9263833,40.7602417,2026-01-22 19:37:12.178,_20260122_143545_CH01_REF_TMO_Ping_NJ DUT REF_L1.dml,,,,,,,,,,,,,,,,,,,,,,,,,24
278,1,,,-73.9263833,40.7602417,2026-01-22 19:37:12.380,_20260122_143545_CH01_REF_TMO_Ping_NJ DUT REF_L1.dml,,,,,,,,,,,,,,,,,,,,,,,,,23
279,1,,,-73.9263833,40.7602417,2026-01-22 19:37:12.583,_20260122_143545_CH01_REF_TMO_Ping_NJ DUT REF_L1.dml,,,,,,,,,,,,,,,,,,,,,,,,,22
280,1,,,-73.9263833,40.7602417,2026-01-22 19:37:12.771,_20260122_143545_CH01_REF_TMO_Ping_NJ DUT REF_L1.dml,,,,,,,,,,,,,,,,,,,,,,,,,21
281,1,,,-73.9263833,40.7602417,2026-01-22 19:37:12.974,_20260122_143545_CH01_REF_TMO_Ping_NJ DUT REF_L1.dml,,,,,,,,,,,,,,,,,,,,,,,,,21
282,1,,,-73.9263833,40.7602417,2026-01-22 19:37:13.000,_20260122_143545_CH01_REF_TMO_Ping_NJ DUT REF_L1.dml,,,,N41(100)+N71(15),NR SA,429,-72.460000,18.960000,,,,,,,,,,,,,0.008,,,,
283,1,,,-73.9263833,40.7602417,2026-01-22 19:37:13.177,_20260122_143545_CH01_REF_TMO_Ping_NJ DUT REF_L1.dml,,,,,,,,,,,,,,,,,,,,,,,,,20
284,1,,,-73.9263833,40.7602417,2026-01-22 19:37:13.380,_20260122_143545_CH01_REF_TMO_Ping_NJ DUT REF_L1.dml,,,,,,,,,,,,,,,,,,,,,,,,,19
285,1,,,-73.9263833,40.7602417,2026-01-22 19:37:13.599,_20260122_143545_CH01_REF_TMO_Ping_NJ DUT REF_L1.dml,,,,,,,,,,,,,,,,,,,,,,,,,38
286,1,,,-73.9263833,40.7602417,2026-01-22 19:37:13.803,_20260122_143545_CH01_REF_TMO_Ping_NJ DUT REF_L1.dml,,,,,,,,,,,,,,,,,,,,,,,,,37
287,1,,,-73.9263833,40.7602417,2026-01-22 19:37:14.005,_20260122_143545_CH01_REF_TMO_Ping_NJ DUT REF_L1.dml,,,,,,,,,,,,,,,,,,,,,,,,,36
288,1,,,-73.9263833,40.7602417,2026-01-22 19:37:14.000,_20260122_143545_CH01_REF_TMO_Ping_NJ DUT REF_L1.dml,,,,N41(100)+N71(15),NR SA,429,-73.460000,19.720000,,,,,,,,,,,,,0.008,,,,
289,1,,,-73.9263833,40.7602417,2026-01-22 19:37:14.193,_20260122_143545_CH01_REF_TMO_Ping_NJ DUT REF_L1.dml,,,,,,,,,,,,,,,,,,,,,,,,,34
290,1,,,-73.9263833,40.7602417,2026-01-22 19:37:14.396,_20260122_143545_CH01_REF_TMO_Ping_NJ DUT REF_L1.dml,,,,,,,,,,,,,,,,,,,,,,,,,33
291,1,,,-73.9263833,40.7602417,2026-01-22 19:37:14.599,_20260122_143545_CH01_REF_TMO_Ping_NJ DUT REF_L1.dml,,,,,,,,,,,,,,,,,,,,,,,,,17
292,1,,,-73.9263833,40.7602417,2026-01-22 19:37:14.817,_20260122_143545_CH01_REF_TMO_Ping_NJ DUT REF_L1.dml,,,,,,,,,,,,,,,,,,,,,,,,,36
293,1,,,-73.9263833,40.7602417,2026-01-22 19:37:15.021,_20260122_143545_CH01_REF_TMO_Ping_NJ DUT REF_L1.dml,,,,,,,,,,,,,,,,,,,,,,,,,35
294,1,,,-73.9263833,40.7602417,2026-01-22 19:37:15.000,_20260122_143545_CH01_REF_TMO_Ping_NJ DUT REF_L1.dml,,,,N41(100)+N71(15),NR SA,429,-73.180000,21.360000,,,,,,,,,,,,,0.008,,,,
295,1,,,-73.9263833,40.7602417,2026-01-22 19:37:15.207,_20260122_143545_CH01_REF_TMO_Ping_NJ DUT REF_L1.dml,,,,,,,,,,,,,,,,,,,,,,,,,34
296,1,,,-73.9263833,40.7602417,2026-01-22 19:37:15.411,_20260122_143545_CH01_REF_TMO_Ping_NJ DUT REF_L1.dml,,,,,,,,,,,,,,,,,,,,,,,,,32
297,1,,,-73.9263833,40.7602417,2026-01-22 19:37:15.614,_20260122_143545_CH01_REF_TMO_Ping_NJ DUT REF_L1.dml,,,,,,,,,,,,,,,,,,,,,,,,,31
298,1,,,-73.9263833,40.7602417,2026-01-22 19:37:15.818,_20260122_143545_CH01_REF_TMO_Ping_NJ DUT REF_L1.dml,,,,,,,,,,,,,,,,,,,,,,,,,32
299,1,,,-73.9263833,40.7602417,2026-01-22 19:37:16.021,_20260122_143545_CH01_REF_TMO_Ping_NJ DUT REF_L1.dml,,,,,,,,,,,,,,,,,,,,,,,,,30
300,1,,,-73.9263833,40.7602417,2026-01-22 19:37:16.000,_20260122_143545_CH01_REF_TMO_Ping_NJ DUT REF_L1.dml,,,,N41(100)+N71(15),NR SA,429,-73.420000,20.600000,,,,,,,,,,,,,0.016,,,,
301,1,,,-73.9263833,40.7602417,2026-01-22 19:37:16.207,_20260122_143545_CH01_REF_TMO_Ping_NJ DUT REF_L1.dml,,,,,,,,,,,,,,,,,,,,,,,,,28
302,1,,,-73.9263833,40.7602417,2026-01-22 19:37:16.255,_20260122_143545_CH01_REF_TMO_Ping_NJ DUT REF_L1.dml,,,,,,,,,,,,,,,,,,,,,,PING Traffic End,,,
303,1,,,-73.9263833,40.7602417,2026-01-22 19:37:17.000,_20260122_143545_CH01_REF_TMO_Ping_NJ DUT REF_L1.dml,,,,N41(100)+N71(15),NR SA,429,-73.980000,21.070000,,,,,,,,,,,,,0.008,,,,
304,1,,,-73.9263833,40.7602417,2026-01-22 19:37:18.000,_20260122_143545_CH01_REF_TMO_Ping_NJ DUT REF_L1.dml,,,,N41(100)+N71(15),,429,-73.880000,20.000000,,,,,,,,,,,,,0.000,,,,
305,1,,,-73.9263833,40.7602417,2026-01-22 19:37:19.000,_20260122_143545_CH01_REF_TMO_Ping_NJ DUT REF_L1.dml,,,,N41(100)+N71(15),,429,-74.540000,19.080000,,,,,,,,,,,,,0.000,,,,
306,1,,,-73.9263833,40.7602417,2026-01-22 19:37:19.255,_20260122_143545_CH01_REF_TMO_Ping_NJ DUT REF_L1.dml,,,,,,,,,,,,,,,,,,,,,,TIMEOUT_Idle,,,
307,1,,,-73.9263833,40.7602417,2026-01-22 19:37:19.255,_20260122_143545_CH01_REF_TMO_Ping_NJ DUT REF_L1.dml,,,,,,,,,,,,,,,,,,,,,,,,0,
308,1,,,-73.9263833,40.7602417,2026-01-22 19:37:19.255,_20260122_143545_CH01_REF_TMO_Ping_NJ DUT REF_L1.dml,,,,,,,,,,,,,,,,,,,,,,PING START,,,
309,1,,,-73.9263833,40.7602417,2026-01-22 19:37:20.000,_20260122_143545_CH01_REF_TMO_Ping_NJ DUT REF_L1.dml,,,,N41(100)+N71(15),,429,-74.160000,19.540000,,,,,,,,,,,,,0.000,,,,
310,1,,,-73.9263833,40.7602417,2026-01-22 19:37:21.000,_20260122_143545_CH01_REF_TMO_Ping_NJ DUT REF_L1.dml,,,,N41(100)+N71(15),,429,-73.440000,20.480000,,,,,,,,,,,,,0.000,,,,
311,1,,,-73.9263833,40.7602417,2026-01-22 19:37:22.000,_20260122_143545_CH01_REF_TMO_Ping_NJ DUT REF_L1.dml,,,,N41(100)+N71(15),,429,-73.440000,21.600000,,,,,,,,,,,,,0.000,,,,
312,1,,,-73.9263833,40.7602417,2026-01-22 19:37:22.271,_20260122_143545_CH01_REF_TMO_Ping_NJ DUT REF_L1.dml,,,,,,,,,,,,,,,,,,,,,,TIMEOUT_FrontIdle,,,
313,1,,,-73.9263833,40.7602417,2026-01-22 19:37:22.271,_20260122_143545_CH01_REF_TMO_Ping_NJ DUT REF_L1.dml,,,,,,,,,,,,,,,,,,,,,,PING Traffic Start,,,
314,1,,,-73.9263833,40.7602417,2026-01-22 19:37:22.505,_20260122_143545_CH01_REF_TMO_Ping_NJ DUT REF_L1.dml,,,,,,,,,,,,,,,,,,,,,,,,,28
315,1,,,-73.9263833,40.7602417,2026-01-22 19:37:22.661,_20260122_143545_CH01_REF_TMO_Ping_NJ DUT REF_L1.dml,,,,,,,,,,,,,,,,,,,,,,,,,27
316,1,,,-73.9263833,40.7602417,2026-01-22 19:37:22.864,_20260122_143545_CH01_REF_TMO_Ping_NJ DUT REF_L1.dml,,,,,,,,,,,,,,,,,,,,,,,,,26
317,1,,,-73.9263833,40.7602417,2026-01-22 19:37:23.000,_20260122_143545_CH01_REF_TMO_Ping_NJ DUT REF_L1.dml,,,,N41(100)+N71(15),NR SA,429,-73.520000,21.100000,,,,,,,,,,,,,0.000,,,,
318,1,,,-73.9263833,40.7602417,2026-01-22 19:37:23.053,_20260122_143545_CH01_REF_TMO_Ping_NJ DUT REF_L1.dml,,,,,,,,,,,,,,,,,,,,,,,,,24
319,1,,,-73.9263833,40.7602417,2026-01-22 19:37:23.255,_20260122_143545_CH01_REF_TMO_Ping_NJ DUT REF_L1.dml,,,,,,,,,,,,,,,,,,,,,,,,,24
320,1,,,-73.9263833,40.7602417,2026-01-22 19:37:23.458,_20260122_143545_CH01_REF_TMO_Ping_NJ DUT REF_L1.dml,,,,,,,,,,,,,,,,,,,,,,,,,23
321,1,,,-73.9263833,40.7602417,2026-01-22 19:37:23.661,_20260122_143545_CH01_REF_TMO_Ping_NJ DUT REF_L1.dml,,,,,,,,,,,,,,,,,,,,,,,,,22
322,1,,,-73.9263833,40.7602417,2026-01-22 19:37:23.849,_20260122_143545_CH01_REF_TMO_Ping_NJ DUT REF_L1.dml,,,,,,,,,,,,,,,,,,,,,,,,,19
323,1,,,-73.9263833,40.7602417,2026-01-22 19:37:24.000,_20260122_143545_CH01_REF_TMO_Ping_NJ DUT REF_L1.dml,,,,N41(100)+N71(15),NR SA,429,-72.700000,22.020000,,,,,,,,,,,,,0.016,,,,
324,1,,,-73.9263833,40.7602417,2026-01-22 19:37:24.052,_20260122_143545_CH01_REF_TMO_Ping_NJ DUT REF_L1.dml,,,,,,,,,,,,,,,,,,,,,,,,,19
325,1,,,-73.9263833,40.7602417,2026-01-22 19:37:24.286,_20260122_143545_CH01_REF_TMO_Ping_NJ DUT REF_L1.dml,,,,,,,,,,,,,,,,,,,,,,,,,41
326,1,,,-73.9263833,40.7602417,2026-01-22 19:37:24.474,_20260122_143545_CH01_REF_TMO_Ping_NJ DUT REF_L1.dml,,,,,,,,,,,,,,,,,,,,,,,,,37
327,1,,,-73.9263833,40.7602417,2026-01-22 19:37:24.661,_20260122_143545_CH01_REF_TMO_Ping_NJ DUT REF_L1.dml,,,,,,,,,,,,,,,,,,,,,,,,,17
328,1,,,-73.9263833,40.7602417,2026-01-22 19:37:24.880,_20260122_143545_CH01_REF_TMO_Ping_NJ DUT REF_L1.dml,,,,,,,,,,,,,,,,,,,,,,,,,36
329,1,,,-73.9263833,40.7602417,2026-01-22 19:37:25.000,_20260122_143545_CH01_REF_TMO_Ping_NJ DUT REF_L1.dml,,,,N41(100)+N71(15),NR SA,429,-73.320000,22.320000,,,,,,,,,,,,,0.016,,,,
330,1,,,-73.9263833,40.7602417,2026-01-22 19:37:25.083,_20260122_143545_CH01_REF_TMO_Ping_NJ DUT REF_L1.dml,,,,,,,,,,,,,,,,,,,,,,,,,34
331,1,,,-73.9263833,40.7602417,2026-01-22 19:37:25.271,_20260122_143545_CH01_REF_TMO_Ping_NJ DUT REF_L1.dml,,,,,,,,,,,,,,,,,,,,,,,,,34
332,1,,,-73.9263833,40.7602417,2026-01-22 19:37:25.474,_20260122_143545_CH01_REF_TMO_Ping_NJ DUT REF_L1.dml,,,,,,,,,,,,,,,,,,,,,,,,,33
333,1,,,-73.9263833,40.7602417,2026-01-22 19:37:25.677,_20260122_143545_CH01_REF_TMO_Ping_NJ DUT REF_L1.dml,,,,,,,,,,,,,,,,,,,,,,,,,32
334,1,,,-73.9263833,40.7602417,2026-01-22 19:37:25.880,_20260122_143545_CH01_REF_TMO_Ping_NJ DUT REF_L1.dml,,,,,,,,,,,,,,,,,,,,,,,,,31
335,1,,,-73.9263833,40.7602417,2026-01-22 19:37:26.000,_20260122_143545_CH01_REF_TMO_Ping_NJ DUT REF_L1.dml,,,,N41(100)+N71(15),NR SA,429,-73.200000,21.800000,,,,,,,,,,,,,0.016,,,,
336,1,,,-73.9263833,40.7602417,2026-01-22 19:37:26.082,_20260122_143545_CH01_REF_TMO_Ping_NJ DUT REF_L1.dml,,,,,,,,,,,,,,,,,,,,,,,,,32
337,1,,,-73.9263833,40.7602417,2026-01-22 19:37:26.271,_20260122_143545_CH01_REF_TMO_Ping_NJ DUT REF_L1.dml,,,,,,,,,,,,,,,,,,,,,,,,,27
338,1,,,-73.9263833,40.7602417,2026-01-22 19:37:26.474,_20260122_143545_CH01_REF_TMO_Ping_NJ DUT REF_L1.dml,,,,,,,,,,,,,,,,,,,,,,,,,26
339,1,,,-73.9263833,40.7602417,2026-01-22 19:37:26.678,_20260122_143545_CH01_REF_TMO_Ping_NJ DUT REF_L1.dml,,,,,,,,,,,,,,,,,,,,,,,,,24
340,1,,,-73.9263833,40.7602417,2026-01-22 19:37:26.880,_20260122_143545_CH01_REF_TMO_Ping_NJ DUT REF_L1.dml,,,,,,,,,,,,,,,,,,,,,,,,,23
341,1,,,-73.9263833,40.7602417,2026-01-22 19:37:27.000,_20260122_143545_CH01_REF_TMO_Ping_NJ DUT REF_L1.dml,,,,N41(100)+N71(15),NR SA,429,-73.660000,21.260000,,,,,,,,,,,,,0.008,,,,
342,1,,,-73.9263833,40.7602417,2026-01-22 19:37:27.068,_20260122_143545_CH01_REF_TMO_Ping_NJ DUT REF_L1.dml,,,,,,,,,,,,,,,,,,,,,,,,,23
343,1,,,-73.9263833,40.7602417,2026-01-22 19:37:27.271,_20260122_143545_CH01_REF_TMO_Ping_NJ DUT REF_L1.dml,,,,,,,,,,,,,,,,,,,,,,,,,23
344,1,,,-73.9263833,40.7602417,2026-01-22 19:37:27.332,_20260122_143545_CH01_REF_TMO_Ping_NJ DUT REF_L1.dml,,,,,,,,,,,,,,,,,,,,,,PING Traffic End,,,
345,1,,,-73.9263833,40.7602417,2026-01-22 19:37:28.000,_20260122_143545_CH01_REF_TMO_Ping_NJ DUT REF_L1.dml,,,,N41(100)+N71(15),NR SA,429,-74.340000,20.840000,,,,,,,,,,,,,0.016,,,,
346,1,,,-73.9263833,40.7602417,2026-01-22 19:37:29.000,_20260122_143545_CH01_REF_TMO_Ping_NJ DUT REF_L1.dml,,,,N41(100)+N71(15),,429,-75.440000,20.220000,,,,,,,,,,,,,0.000,,,,
347,1,,,-73.9263833,40.7602417,2026-01-22 19:37:30.000,_20260122_143545_CH01_REF_TMO_Ping_NJ DUT REF_L1.dml,,,,N41(100)+N71(15),,429,-74.380000,19.760000,,,,,,,,,,,,,0.000,,,,
348,1,,,-73.9263833,40.7602417,2026-01-22 19:37:30.349,_20260122_143545_CH01_REF_TMO_Ping_NJ DUT REF_L1.dml,,,,,,,,,,,,,,,,,,,,,,TIMEOUT_Idle,,,
349,1,,,-73.9263833,40.7602417,2026-01-22 19:37:30.349,_20260122_143545_CH01_REF_TMO_Ping_NJ DUT REF_L1.dml,,,,,,,,,,,,,,,,,,,,,,,,0,
350,1,,,-73.9263833,40.7602417,2026-01-22 19:37:30.349,_20260122_143545_CH01_REF_TMO_Ping_NJ DUT REF_L1.dml,,,,,,,,,,,,,,,,,,,,,,PING START,,,
351,1,,,-73.9263833,40.7602417,2026-01-22 19:37:31.000,_20260122_143545_CH01_REF_TMO_Ping_NJ DUT REF_L1.dml,,,,N41(100)+N71(15),,429,-77.600000,17.540000,,,,,,,,,,,,,0.000,,,,
352,1,,,-73.9263833,40.7602417,2026-01-22 19:37:32.000,_20260122_143545_CH01_REF_TMO_Ping_NJ DUT REF_L1.dml,,,,N41(100)+N71(15),,429,-78.440000,17.480000,,,,,,,,,,,,,0.000,,,,
353,1,,,-73.9263833,40.7602417,2026-01-22 19:37:33.000,_20260122_143545_CH01_REF_TMO_Ping_NJ DUT REF_L1.dml,,,,N41(100)+N71(15),,429,-77.400000,18.820000,,,,,,,,,,,,,0.000,,,,
354,1,,,-73.9263833,40.7602417,2026-01-22 19:37:33.364,_20260122_143545_CH01_REF_TMO_Ping_NJ DUT REF_L1.dml,,,,,,,,,,,,,,,,,,,,,,TIMEOUT_FrontIdle,,,
355,1,,,-73.9263833,40.7602417,2026-01-22 19:37:33.364,_20260122_143545_CH01_REF_TMO_Ping_NJ DUT REF_L1.dml,,,,,,,,,,,,,,,,,,,,,,PING Traffic Start,,,
356,1,,,-73.9263833,40.7602417,2026-01-22 19:37:33.552,_20260122_143545_CH01_REF_TMO_Ping_NJ DUT REF_L1.dml,,,,,,,,,,,,,,,,,,,,,,,,,25
357,1,,,-73.9263833,40.7602417,2026-01-22 19:37:33.755,_20260122_143545_CH01_REF_TMO_Ping_NJ DUT REF_L1.dml,,,,,,,,,,,,,,,,,,,,,,,,,24
358,1,,,-73.9263833,40.7602417,2026-01-22 19:37:33.974,_20260122_143545_CH01_REF_TMO_Ping_NJ DUT REF_L1.dml,,,,,,,,,,,,,,,,,,,,,,,,,20
359,1,,,-73.9263833,40.7602417,2026-01-22 19:37:34.000,_20260122_143545_CH01_REF_TMO_Ping_NJ DUT REF_L1.dml,,,,N41(100)+N71(15),NR SA,429,-74.040000,22.800000,,,,,,,,,,,,,0.000,,,,
360,1,,,-73.9263833,40.7602417,2026-01-22 19:37:34.161,_20260122_143545_CH01_REF_TMO_Ping_NJ DUT REF_L1.dml,,,,,,,,,,,,,,,,,,,,,,,,,20
361,1,,,-73.9263833,40.7602417,2026-01-22 19:37:34.364,_20260122_143545_CH01_REF_TMO_Ping_NJ DUT REF_L1.dml,,,,,,,,,,,,,,,,,,,,,,,,,19
362,1,,,-73.9263833,40.7602417,2026-01-22 19:37:34.583,_20260122_143545_CH01_REF_TMO_Ping_NJ DUT REF_L1.dml,,,,,,,,,,,,,,,,,,,,,,,,,38
363,1,,,-73.9263833,40.7602417,2026-01-22 19:37:34.771,_20260122_143545_CH01_REF_TMO_Ping_NJ DUT REF_L1.dml,,,,,,,,,,,,,,,,,,,,,,,,,37
364,1,,,-73.9263833,40.7602417,2026-01-22 19:37:34.974,_20260122_143545_CH01_REF_TMO_Ping_NJ DUT REF_L1.dml,,,,,,,,,,,,,,,,,,,,,,,,,36
365,1,,,-73.9263833,40.7602417,2026-01-22 19:37:35.000,_20260122_143545_CH01_REF_TMO_Ping_NJ DUT REF_L1.dml,,,,N41(100)+N71(15),NR SA,429,-73.440000,21.180000,,,,,,,,,,,,,0.016,,,,
366,1,,,-73.9263833,40.7602417,2026-01-22 19:37:35.161,_20260122_143545_CH01_REF_TMO_Ping_NJ DUT REF_L1.dml,,,,,,,,,,,,,,,,,,,,,,,,,16
367,1,,,-73.9263833,40.7602417,2026-01-22 19:37:35.380,_20260122_143545_CH01_REF_TMO_Ping_NJ DUT REF_L1.dml,,,,,,,,,,,,,,,,,,,,,,,,,34
368,1,,,-73.9263833,40.7602417,2026-01-22 19:37:35.582,_20260122_143545_CH01_REF_TMO_Ping_NJ DUT REF_L1.dml,,,,,,,,,,,,,,,,,,,,,,,,,33
369,1,,,-73.9263833,40.7602417,2026-01-22 19:37:35.771,_20260122_143545_CH01_REF_TMO_Ping_NJ DUT REF_L1.dml,,,,,,,,,,,,,,,,,,,,,,,,,32
370,1,,,-73.9263833,40.7602417,2026-01-22 19:37:35.989,_20260122_143545_CH01_REF_TMO_Ping_NJ DUT REF_L1.dml,,,,,,,,,,,,,,,,,,,,,,,,,39
371,1,,,-73.9263833,40.7602417,2026-01-22 19:37:36.000,_20260122_143545_CH01_REF_TMO_Ping_NJ DUT REF_L1.dml,,,,N41(100)+N71(15),NR SA,429,-73.880000,19.920000,,,,,,,,,,,,,0.008,,,,
372,1,,,-73.9263833,40.7602417,2026-01-22 19:37:36.178,_20260122_143545_CH01_REF_TMO_Ping_NJ DUT REF_L1.dml,,,,,,,,,,,,,,,,,,,,,,,,,29
373,1,,,-73.9263833,40.7602417,2026-01-22 19:37:36.380,_20260122_143545_CH01_REF_TMO_Ping_NJ DUT REF_L1.dml,,,,,,,,,,,,,,,,,,,,,,,,,28
374,1,,,-73.9263833,40.7602417,2026-01-22 19:37:36.568,_20260122_143545_CH01_REF_TMO_Ping_NJ DUT REF_L1.dml,,,,,,,,,,,,,,,,,,,,,,,,,26
375,1,,,-73.9263833,40.7602417,2026-01-22 19:37:36.771,_20260122_143545_CH01_REF_TMO_Ping_NJ DUT REF_L1.dml,,,,,,,,,,,,,,,,,,,,,,,,,25
376,1,,,-73.9263833,40.7602417,2026-01-22 19:37:36.974,_20260122_143545_CH01_REF_TMO_Ping_NJ DUT REF_L1.dml,,,,,,,,,,,,,,,,,,,,,,,,,23
377,1,,,-73.9263833,40.7602417,2026-01-22 19:37:37.000,_20260122_143545_CH01_REF_TMO_Ping_NJ DUT REF_L1.dml,,,,N41(100)+N71(15),NR SA,429,-73.760000,20.500000,,,,,,,,,,,,,0.008,,,,
378,1,,,-73.9263833,40.7602417,2026-01-22 19:37:37.177,_20260122_143545_CH01_REF_TMO_Ping_NJ DUT REF_L1.dml,,,,,,,,,,,,,,,,,,,,,,,,,23
379,1,,,-73.9263833,40.7602417,2026-01-22 19:37:37.380,_20260122_143545_CH01_REF_TMO_Ping_NJ DUT REF_L1.dml,,,,,,,,,,,,,,,,,,,,,,,,,22
380,1,,,-73.9263833,40.7602417,2026-01-22 19:37:37.568,_20260122_143545_CH01_REF_TMO_Ping_NJ DUT REF_L1.dml,,,,,,,,,,,,,,,,,,,,,,,,,20
381,1,,,-73.9263833,40.7602417,2026-01-22 19:37:37.786,_20260122_143545_CH01_REF_TMO_Ping_NJ DUT REF_L1.dml,,,,,,,,,,,,,,,,,,,,,,,,,25
382,1,,,-73.9263833,40.7602417,2026-01-22 19:37:37.974,_20260122_143545_CH01_REF_TMO_Ping_NJ DUT REF_L1.dml,,,,,,,,,,,,,,,,,,,,,,,,,19
383,1,,,-73.9263833,40.7602417,2026-01-22 19:37:38.000,_20260122_143545_CH01_REF_TMO_Ping_NJ DUT REF_L1.dml,,,,N41(100)+N71(15),NR SA,429,-74.200000,19.480000,,,,,,,,,,,,,0.008,,,,
384,1,,,-73.9263833,40.7602417,2026-01-22 19:37:38.208,_20260122_143545_CH01_REF_TMO_Ping_NJ DUT REF_L1.dml,,,,,,,,,,,,,,,,,,,,,,,,,38
385,1,,,-73.9263833,40.7602417,2026-01-22 19:37:38.396,_20260122_143545_CH01_REF_TMO_Ping_NJ DUT REF_L1.dml,,,,,,,,,,,,,,,,,,,,,,,,,37
386,1,,,-73.9263833,40.7602417,2026-01-22 19:37:38.411,_20260122_143545_CH01_REF_TMO_Ping_NJ DUT REF_L1.dml,,,,,,,,,,,,,,,,,,,,,,PING Traffic End,,,
387,1,,,-73.9263833,40.7602417,2026-01-22 19:37:39.000,_20260122_143545_CH01_REF_TMO_Ping_NJ DUT REF_L1.dml,,,,N41(100)+N71(15),NR SA,429,-73.060000,21.280000,,,,,,,,,,,,,0.000,,,,
388,1,,,-73.9263833,40.7602417,2026-01-22 19:37:40.000,_20260122_143545_CH01_REF_TMO_Ping_NJ DUT REF_L1.dml,,,,N41(100)+N71(15),,429,-74.080000,20.240000,,,,,,,,,,,,,0.000,,,,
389,1,,,-73.9263833,40.7602417,2026-01-22 19:37:41.000,_20260122_143545_CH01_REF_TMO_Ping_NJ DUT REF_L1.dml,,,,N41(100)+N71(15),,429,-75.820000,19.340000,,,,,,,,,,,,,0.000,,,,
390,1,,,-73.9263833,40.7602417,2026-01-22 19:37:41.427,_20260122_143545_CH01_REF_TMO_Ping_NJ DUT REF_L1.dml,,,,,,,,,,,,,,,,,,,,,,TIMEOUT_Idle,,,
391,1,,,-73.9263833,40.7602417,2026-01-22 19:37:41.427,_20260122_143545_CH01_REF_TMO_Ping_NJ DUT REF_L1.dml,,,,,,,,,,,,,,,,,,,,,,,,0,
392,1,,,-73.9263833,40.7602417,2026-01-22 19:37:41.427,_20260122_143545_CH01_REF_TMO_Ping_NJ DUT REF_L1.dml,,,,,,,,,,,,,,,,,,,,,,PING START,,,
393,1,,,-73.9263833,40.7602417,2026-01-22 19:37:42.000,_20260122_143545_CH01_REF_TMO_Ping_NJ DUT REF_L1.dml,,,,N41(100)+N71(15),,429,-77.160000,18.480000,,,,,,,,,,,,,0.000,,,,
394,1,,,-73.9263833,40.7602417,2026-01-22 19:37:43.000,_20260122_143545_CH01_REF_TMO_Ping_NJ DUT REF_L1.dml,,,,N41(100)+N71(15),,429,-78.600000,16.800000,,,,,,,,,,,,,0.000,,,,
395,1,,,-73.9263833,40.7602417,2026-01-22 19:37:44.000,_20260122_143545_CH01_REF_TMO_Ping_NJ DUT REF_L1.dml,,,,N41(100)+N71(15),,429,-82.420000,16.680000,,,,,,,,,,,,,,,,,
396,1,,,-73.9263833,40.7602417,2026-01-22 19:37:44.428,_20260122_143545_CH01_REF_TMO_Ping_NJ DUT REF_L1.dml,,,,,,,,,,,,,,,,,,,,,,TIMEOUT_FrontIdle,,,
397,1,,,-73.9263833,40.7602417,2026-01-22 19:37:44.428,_20260122_143545_CH01_REF_TMO_Ping_NJ DUT REF_L1.dml,,,,,,,,,,,,,,,,,,,,,,PING Traffic Start,,,
398,1,,,-73.9263833,40.7602417,2026-01-22 19:37:44.630,_20260122_143545_CH01_REF_TMO_Ping_NJ DUT REF_L1.dml,,,,,,,,,,,,,,,,,,,,,,,,,37
399,1,,,-73.9263833,40.7602417,2026-01-22 19:37:44.817,_20260122_143545_CH01_REF_TMO_Ping_NJ DUT REF_L1.dml,,,,,,,,,,,,,,,,,,,,,,,,,27
400,1,,,-73.9263833,40.7602417,2026-01-22 19:37:45.000,_20260122_143545_CH01_REF_TMO_Ping_NJ DUT REF_L1.dml,,,,N41(100)+N71(15),NR SA,429,-82.500000,17.520000,,,,,,,,,,,,,0.000,,,,
401,1,,,-73.9263833,40.7602417,2026-01-22 19:37:45.021,_20260122_143545_CH01_REF_TMO_Ping_NJ DUT REF_L1.dml,,,,,,,,,,,,,,,,,,,,,,,,,24
402,1,,,-73.9263833,40.7602417,2026-01-22 19:37:45.224,_20260122_143545_CH01_REF_TMO_Ping_NJ DUT REF_L1.dml,,,,,,,,,,,,,,,,,,,,,,,,,31
403,1,,,-73.9263833,40.7602417,2026-01-22 19:37:45.428,_20260122_143545_CH01_REF_TMO_Ping_NJ DUT REF_L1.dml,,,,,,,,,,,,,,,,,,,,,,,,,27
404,1,,,-73.9263833,40.7602417,2026-01-22 19:37:45.646,_20260122_143545_CH01_REF_TMO_Ping_NJ DUT REF_L1.dml,,,,,,,,,,,,,,,,,,,,,,,,,38
405,1,,,-73.9263833,40.7602417,2026-01-22 19:37:45.833,_20260122_143545_CH01_REF_TMO_Ping_NJ DUT REF_L1.dml,,,,,,,,,,,,,,,,,,,,,,,,,37
406,1,,,-73.9263833,40.7602417,2026-01-22 19:37:46.000,_20260122_143545_CH01_REF_TMO_Ping_NJ DUT REF_L1.dml,,,,N41(100)+N71(15),NR SA,429,-81.060000,19.820000,,,,,,,,,,,,,0.000,,,,
407,1,,,-73.9263833,40.7602417,2026-01-22 19:37:46.036,_20260122_143545_CH01_REF_TMO_Ping_NJ DUT REF_L1.dml,,,,,,,,,,,,,,,,,,,,,,,,,36
408,1,,,-73.9263833,40.7602417,2026-01-22 19:37:46.239,_20260122_143545_CH01_REF_TMO_Ping_NJ DUT REF_L1.dml,,,,,,,,,,,,,,,,,,,,,,,,,35
409,1,,,-73.9263833,40.7602417,2026-01-22 19:37:46.442,_20260122_143545_CH01_REF_TMO_Ping_NJ DUT REF_L1.dml,,,,,,,,,,,,,,,,,,,,,,,,,35
410,1,,,-73.9263833,40.7602417,2026-01-22 19:37:46.646,_20260122_143545_CH01_REF_TMO_Ping_NJ DUT REF_L1.dml,,,,,,,,,,,,,,,,,,,,,,,,,45
411,1,,,-73.9263833,40.7602417,2026-01-22 19:37:46.832,_20260122_143545_CH01_REF_TMO_Ping_NJ DUT REF_L1.dml,,,,,,,,,,,,,,,,,,,,,,,,,31
412,1,,,-73.9263833,40.7602417,2026-01-22 19:37:47.000,_20260122_143545_CH01_REF_TMO_Ping_NJ DUT REF_L1.dml,,,,N41(100)+N71(15),NR SA,429,-80.880000,20.640000,,,,,,,,,,,,,0.008,,,,
413,1,,,-73.9263833,40.7602417,2026-01-22 19:37:47.036,_20260122_143545_CH01_REF_TMO_Ping_NJ DUT REF_L1.dml,,,,,,,,,,,,,,,,,,,,,,,,,30
414,1,,,-73.9263833,40.7602417,2026-01-22 19:37:47.239,_20260122_143545_CH01_REF_TMO_Ping_NJ DUT REF_L1.dml,,,,,,,,,,,,,,,,,,,,,,,,,32
415,1,,,-73.9263833,40.7602417,2026-01-22 19:37:47.443,_20260122_143545_CH01_REF_TMO_Ping_NJ DUT REF_L1.dml,,,,,,,,,,,,,,,,,,,,,,,,,32
416,1,,,-73.9263833,40.7602417,2026-01-22 19:37:47.630,_20260122_143545_CH01_REF_TMO_Ping_NJ DUT REF_L1.dml,,,,,,,,,,,,,,,,,,,,,,,,,29
417,1,,,-73.9263833,40.7602417,2026-01-22 19:37:47.849,_20260122_143545_CH01_REF_TMO_Ping_NJ DUT REF_L1.dml,,,,,,,,,,,,,,,,,,,,,,,,,36
418,1,,,-73.9263833,40.7602417,2026-01-22 19:37:48.000,_20260122_143545_CH01_REF_TMO_Ping_NJ DUT REF_L1.dml,,,,N41(100)+N71(15),NR SA,429,-78.680000,22.100000,,,,,,,,,,,,,0.000,,,,
419,1,,,-73.9263833,40.7602417,2026-01-22 19:37:48.036,_20260122_143545_CH01_REF_TMO_Ping_NJ DUT REF_L1.dml,,,,,,,,,,,,,,,,,,,,,,,,,26
420,1,,,-73.9263833,40.7602417,2026-01-22 19:37:48.239,_20260122_143545_CH01_REF_TMO_Ping_NJ DUT REF_L1.dml,,,,,,,,,,,,,,,,,,,,,,,,,27
421,1,,,-73.9263833,40.7602417,2026-01-22 19:37:48.457,_20260122_143545_CH01_REF_TMO_Ping_NJ DUT REF_L1.dml,,,,,,,,,,,,,,,,,,,,,,,,,37
422,1,,,-73.9263833,40.7602417,2026-01-22 19:37:48.646,_20260122_143545_CH01_REF_TMO_Ping_NJ DUT REF_L1.dml,,,,,,,,,,,,,,,,,,,,,,,,,30
423,1,,,-73.9263833,40.7602417,2026-01-22 19:37:48.849,_20260122_143545_CH01_REF_TMO_Ping_NJ DUT REF_L1.dml,,,,,,,,,,,,,,,,,,,,,,,,,32
424,1,,,-73.9263833,40.7602417,2026-01-22 19:37:49.000,_20260122_143545_CH01_REF_TMO_Ping_NJ DUT REF_L1.dml,,,,N41(100)+N71(15),NR SA,429,-78.100000,21.020000,,,,,,,,,,,,,0.008,,,,
425,1,,,-73.9263833,40.7602417,2026-01-22 19:37:49.053,_20260122_143545_CH01_REF_TMO_Ping_NJ DUT REF_L1.dml,,,,,,,,,,,,,,,,,,,,,,,,,32
426,1,,,-73.9263833,40.7602417,2026-01-22 19:37:49.239,_20260122_143545_CH01_REF_TMO_Ping_NJ DUT REF_L1.dml,,,,,,,,,,,,,,,,,,,,,,,,,19
427,1,,,-73.9263833,40.7602417,2026-01-22 19:37:49.458,_20260122_143545_CH01_REF_TMO_Ping_NJ DUT REF_L1.dml,,,,,,,,,,,,,,,,,,,,,,,,,38
428,1,,,-73.9263833,40.7602417,2026-01-22 19:37:49.489,_20260122_143545_CH01_REF_TMO_Ping_NJ DUT REF_L1.dml,,,,,,,,,,,,,,,,,,,,,,PING Traffic End,,,
429,1,,,-73.9263833,40.7602417,2026-01-22 19:37:50.000,_20260122_143545_CH01_REF_TMO_Ping_NJ DUT REF_L1.dml,,,,N41(100)+N71(15),NR SA,429,-78.580000,21.380000,,,,,,,,,,,,,0.008,,,,
430,1,,,-73.9263833,40.7602417,2026-01-22 19:37:51.000,_20260122_143545_CH01_REF_TMO_Ping_NJ DUT REF_L1.dml,,,,N41(100)+N71(15),,429,-78.180000,20.500000,,,,,,,,,,,,,0.008,,,,
431,1,,,-73.9263833,40.7602417,2026-01-22 19:37:52.000,_20260122_143545_CH01_REF_TMO_Ping_NJ DUT REF_L1.dml,,,,N41(100)+N71(15),,429,-78.520000,21.320000,,,,,,,,,,,,,0.000,,,,
432,1,,,-73.9263833,40.7602417,2026-01-22 19:37:52.505,_20260122_143545_CH01_REF_TMO_Ping_NJ DUT REF_L1.dml,,,,,,,,,,,,,,,,,,,,,,TIMEOUT_Idle,,,
433,1,,,-73.9263833,40.7602417,2026-01-22 19:37:52.505,_20260122_143545_CH01_REF_TMO_Ping_NJ DUT REF_L1.dml,,,,,,,,,,,,,,,,,,,,,,,,0,
434,1,,,-73.9263833,40.7602417,2026-01-22 19:37:52.505,_20260122_143545_CH01_REF_TMO_Ping_NJ DUT REF_L1.dml,,,,,,,,,,,,,,,,,,,,,,PING START,,,
435,1,,,-73.9263833,40.7602417,2026-01-22 19:37:53.000,_20260122_143545_CH01_REF_TMO_Ping_NJ DUT REF_L1.dml,,,,N41(100)+N71(15),,429,-73.680000,20.980000,,,,,,,,,,,,,0.000,,,,
436,1,,,-73.9263833,40.7602417,2026-01-22 19:37:54.000,_20260122_143545_CH01_REF_TMO_Ping_NJ DUT REF_L1.dml,,,,N41(100)+N71(15),,429,-72.560000,20.920000,,,,,,,,,,,,,0.000,,,,
437,1,,,-73.9263833,40.7602417,2026-01-22 19:37:55.000,_20260122_143545_CH01_REF_TMO_Ping_NJ DUT REF_L1.dml,,,,N41(100)+N71(15),,429,-72.700000,20.640000,,,,,,,,,,,,,0.000,,,,
438,1,,,-73.9263833,40.7602417,2026-01-22 19:37:55.505,_20260122_143545_CH01_REF_TMO_Ping_NJ DUT REF_L1.dml,,,,,,,,,,,,,,,,,,,,,,TIMEOUT_FrontIdle,,,
439,1,,,-73.9263833,40.7602417,2026-01-22 19:37:55.505,_20260122_143545_CH01_REF_TMO_Ping_NJ DUT REF_L1.dml,,,,,,,,,,,,,,,,,,,,,,PING Traffic Start,,,
440,1,,,-73.9263833,40.7602417,2026-01-22 19:37:55.677,_20260122_143545_CH01_REF_TMO_Ping_NJ DUT REF_L1.dml,,,,,,,,,,,,,,,,,,,,,,,,,23
441,1,,,-73.9263833,40.7602417,2026-01-22 19:37:55.880,_20260122_143545_CH01_REF_TMO_Ping_NJ DUT REF_L1.dml,,,,,,,,,,,,,,,,,,,,,,,,,23
442,1,,,-73.9263833,40.7602417,2026-01-22 19:37:56.000,_20260122_143545_CH01_REF_TMO_Ping_NJ DUT REF_L1.dml,,,,N41(100)+N71(15),NR SA,429,-72.940000,20.520000,,,,,,,,,,,,,0.000,,,,
443,1,,,-73.9263833,40.7602417,2026-01-22 19:37:56.067,_20260122_143545_CH01_REF_TMO_Ping_NJ DUT REF_L1.dml,,,,,,,,,,,,,,,,,,,,,,,,,22
444,1,,,-73.9263833,40.7602417,2026-01-22 19:37:56.271,_20260122_143545_CH01_REF_TMO_Ping_NJ DUT REF_L1.dml,,,,,,,,,,,,,,,,,,,,,,,,,21
445,1,,,-73.9263833,40.7602417,2026-01-22 19:37:56.474,_20260122_143545_CH01_REF_TMO_Ping_NJ DUT REF_L1.dml,,,,,,,,,,,,,,,,,,,,,,,,,20
446,1,,,-73.9263833,40.7602417,2026-01-22 19:37:56.708,_20260122_143545_CH01_REF_TMO_Ping_NJ DUT REF_L1.dml,,,,,,,,,,,,,,,,,,,,,,,,,55
447,1,,,-73.9263833,40.7602417,2026-01-22 19:37:56.896,_20260122_143545_CH01_REF_TMO_Ping_NJ DUT REF_L1.dml,,,,,,,,,,,,,,,,,,,,,,,,,37
448,1,,,-73.9263833,40.7602417,2026-01-22 19:37:57.000,_20260122_143545_CH01_REF_TMO_Ping_NJ DUT REF_L1.dml,,,,N41(100)+N71(15),NR SA,429,-73.280000,19.520000,,,,,,,,,,,,,0.000,,,,
449,1,,,-73.9263833,40.7602417,2026-01-22 19:37:57.083,_20260122_143545_CH01_REF_TMO_Ping_NJ DUT REF_L1.dml,,,,,,,,,,,,,,,,,,,,,,,,,16
450,1,,,-73.9263833,40.7602417,2026-01-22 19:37:57.302,_20260122_143545_CH01_REF_TMO_Ping_NJ DUT REF_L1.dml,,,,,,,,,,,,,,,,,,,,,,,,,36
451,1,,,-73.9263833,40.7602417,2026-01-22 19:37:57.505,_20260122_143545_CH01_REF_TMO_Ping_NJ DUT REF_L1.dml,,,,,,,,,,,,,,,,,,,,,,,,,34
452,1,,,-73.9263833,40.7602417,2026-01-22 19:37:57.692,_20260122_143545_CH01_REF_TMO_Ping_NJ DUT REF_L1.dml,,,,,,,,,,,,,,,,,,,,,,,,,30
453,1,,,-73.9263833,40.7602417,2026-01-22 19:37:57.896,_20260122_143545_CH01_REF_TMO_Ping_NJ DUT REF_L1.dml,,,,,,,,,,,,,,,,,,,,,,,,,35
454,1,,,-73.9263833,40.7602417,2026-01-22 19:37:58.000,_20260122_143545_CH01_REF_TMO_Ping_NJ DUT REF_L1.dml,,,,N41(100)+N71(15),NR SA,429,-72.560000,19.720000,,,,,,,,,,,,,0.008,,,,
455,1,,,-73.9263833,40.7602417,2026-01-22 19:37:58.099,_20260122_143545_CH01_REF_TMO_Ping_NJ DUT REF_L1.dml,,,,,,,,,,,,,,,,,,,,,,,,,28
456,1,,,-73.9263833,40.7602417,2026-01-22 19:37:58.303,_20260122_143545_CH01_REF_TMO_Ping_NJ DUT REF_L1.dml,,,,,,,,,,,,,,,,,,,,,,,,,28
457,1,,,-73.9263833,40.7602417,2026-01-22 19:37:58.489,_20260122_143545_CH01_REF_TMO_Ping_NJ DUT REF_L1.dml,,,,,,,,,,,,,,,,,,,,,,,,,27
458,1,,,-73.9263833,40.7602417,2026-01-22 19:37:58.693,_20260122_143545_CH01_REF_TMO_Ping_NJ DUT REF_L1.dml,,,,,,,,,,,,,,,,,,,,,,,,,26
459,1,,,-73.9263833,40.7602417,2026-01-22 19:37:58.896,_20260122_143545_CH01_REF_TMO_Ping_NJ DUT REF_L1.dml,,,,,,,,,,,,,,,,,,,,,,,,,25
460,1,,,-73.9263833,40.7602417,2026-01-22 19:37:59.000,_20260122_143545_CH01_REF_TMO_Ping_NJ DUT REF_L1.dml,,,,N41(100)+N71(15),NR SA,429,-73.120000,19.320000,,,,,,,,,,,,,0.008,,,,
461,1,,,-73.9263833,40.7602417,2026-01-22 19:37:59.099,_20260122_143545_CH01_REF_TMO_Ping_NJ DUT REF_L1.dml,,,,,,,,,,,,,,,,,,,,,,,,,23
462,1,,,-73.9263833,40.7602417,2026-01-22 19:37:59.302,_20260122_143545_CH01_REF_TMO_Ping_NJ DUT REF_L1.dml,,,,,,,,,,,,,,,,,,,,,,,,,24
463,1,,,-73.9263833,40.7602417,2026-01-22 19:37:59.489,_20260122_143545_CH01_REF_TMO_Ping_NJ DUT REF_L1.dml,,,,,,,,,,,,,,,,,,,,,,,,,23
464,1,,,-73.9263833,40.7602417,2026-01-22 19:37:59.692,_20260122_143545_CH01_REF_TMO_Ping_NJ DUT REF_L1.dml,,,,,,,,,,,,,,,,,,,,,,,,,22
465,1,,,-73.9263833,40.7602417,2026-01-22 19:37:59.896,_20260122_143545_CH01_REF_TMO_Ping_NJ DUT REF_L1.dml,,,,,,,,,,,,,,,,,,,,,,,,,22
466,1,,,-73.9263833,40.7602417,2026-01-22 19:38:00.000,_20260122_143545_CH01_REF_TMO_Ping_NJ DUT REF_L1.dml,,,,N41(100)+N71(15),NR SA,429,-73.560000,19.560000,,,,,,,,,,,,,0.000,,,,
467,1,,,-73.9263833,40.7602417,2026-01-22 19:38:00.099,_20260122_143545_CH01_REF_TMO_Ping_NJ DUT REF_L1.dml,,,,,,,,,,,,,,,,,,,,,,,,,25
468,1,,,-73.9263833,40.7602417,2026-01-22 19:38:00.303,_20260122_143545_CH01_REF_TMO_Ping_NJ DUT REF_L1.dml,,,,,,,,,,,,,,,,,,,,,,,,,21
469,1,,,-73.9263833,40.7602417,2026-01-22 19:38:00.489,_20260122_143545_CH01_REF_TMO_Ping_NJ DUT REF_L1.dml,,,,,,,,,,,,,,,,,,,,,,,,,20
470,1,,,-73.9263833,40.7602417,2026-01-22 19:38:00.552,_20260122_143545_CH01_REF_TMO_Ping_NJ DUT REF_L1.dml,,,,,,,,,,,,,,,,,,,,,,PING Traffic End,,,
471,1,,,-73.9263833,40.7602417,2026-01-22 19:38:01.000,_20260122_143545_CH01_REF_TMO_Ping_NJ DUT REF_L1.dml,,,,N41(100)+N71(15),NR SA,429,-75.460000,18.620000,,,,,,,,,,,,,0.000,,,,
472,1,,,-73.9263833,40.7602417,2026-01-22 19:38:02.000,_20260122_143545_CH01_REF_TMO_Ping_NJ DUT REF_L1.dml,,,,N41(100)+N71(15),,429,-75.520000,18.880000,,,,,,,,,,,,,0.000,,,,
473,1,,,-73.9263833,40.7602417,2026-01-22 19:38:03.000,_20260122_143545_CH01_REF_TMO_Ping_NJ DUT REF_L1.dml,,,,N41(100)+N71(15),,429,-76.620000,19.320000,,,,,,,,,,,,,0.000,,,,
474,1,,,-73.9263833,40.7602417,2026-01-22 19:38:03.553,_20260122_143545_CH01_REF_TMO_Ping_NJ DUT REF_L1.dml,,,,,,,,,,,,,,,,,,,,,,TIMEOUT_Idle,,,
475,1,,,-73.9263833,40.7602417,2026-01-22 19:38:03.553,_20260122_143545_CH01_REF_TMO_Ping_NJ DUT REF_L1.dml,,,,,,,,,,,,,,,,,,,,,,,,0,
476,1,,,-73.9263833,40.7602417,2026-01-22 19:38:03.553,_20260122_143545_CH01_REF_TMO_Ping_NJ DUT REF_L1.dml,,,,,,,,,,,,,,,,,,,,,,PING START,,,
477,1,,,-73.9263833,40.7602417,2026-01-22 19:38:04.000,_20260122_143545_CH01_REF_TMO_Ping_NJ DUT REF_L1.dml,,,,N41(100)+N71(15),,429,-76.700000,20.140000,,,,,,,,,,,,,0.000,,,,
478,1,,,-73.9263833,40.7602417,2026-01-22 19:38:05.000,_20260122_143545_CH01_REF_TMO_Ping_NJ DUT REF_L1.dml,,,,N41(100)+N71(15),,429,-80.800000,19.420000,,,,,,,,,,,,,0.000,,,,
479,1,,,-73.9263833,40.7602417,2026-01-22 19:38:06.000,_20260122_143545_CH01_REF_TMO_Ping_NJ DUT REF_L1.dml,,,,N41(100)+N71(15),,429,-81.000000,19.800000,,,,,,,,,,,,,0.000,,,,
480,1,,,-73.9263833,40.7602417,2026-01-22 19:38:06.553,_20260122_143545_CH01_REF_TMO_Ping_NJ DUT REF_L1.dml,,,,,,,,,,,,,,,,,,,,,,TIMEOUT_FrontIdle,,,
481,1,,,-73.9263833,40.7602417,2026-01-22 19:38:06.553,_20260122_143545_CH01_REF_TMO_Ping_NJ DUT REF_L1.dml,,,,,,,,,,,,,,,,,,,,,,PING Traffic Start,,,
482,1,,,-73.9263833,40.7602417,2026-01-22 19:38:06.755,_20260122_143545_CH01_REF_TMO_Ping_NJ DUT REF_L1.dml,,,,,,,,,,,,,,,,,,,,,,,,,21
483,1,,,-73.9263833,40.7602417,2026-01-22 19:38:06.958,_20260122_143545_CH01_REF_TMO_Ping_NJ DUT REF_L1.dml,,,,,,,,,,,,,,,,,,,,,,,,,20
484,1,,,-73.9263833,40.7602417,2026-01-22 19:38:07.000,_20260122_143545_CH01_REF_TMO_Ping_NJ DUT REF_L1.dml,,,,N41(100)+N71(15),NR SA,429,-80.900000,22.120000,,,,,,,,,,,,,0.000,,,,
485,1,,,-73.9263833,40.7602417,2026-01-22 19:38:07.161,_20260122_143545_CH01_REF_TMO_Ping_NJ DUT REF_L1.dml,,,,,,,,,,,,,,,,,,,,,,,,,18
486,1,,,-73.9263833,40.7602417,2026-01-22 19:38:07.380,_20260122_143545_CH01_REF_TMO_Ping_NJ DUT REF_L1.dml,,,,,,,,,,,,,,,,,,,,,,,,,37
487,1,,,-73.9263833,40.7602417,2026-01-22 19:38:07.582,_20260122_143545_CH01_REF_TMO_Ping_NJ DUT REF_L1.dml,,,,,,,,,,,,,,,,,,,,,,,,,36
488,1,,,-73.9263833,40.7602417,2026-01-22 19:38:07.786,_20260122_143545_CH01_REF_TMO_Ping_NJ DUT REF_L1.dml,,,,,,,,,,,,,,,,,,,,,,,,,34
489,1,,,-73.9263833,40.7602417,2026-01-22 19:38:07.974,_20260122_143545_CH01_REF_TMO_Ping_NJ DUT REF_L1.dml,,,,,,,,,,,,,,,,,,,,,,,,,33
490,1,,,-73.9263833,40.7602417,2026-01-22 19:38:08.000,_20260122_143545_CH01_REF_TMO_Ping_NJ DUT REF_L1.dml,,,,N41(100)+N71(15),NR SA,429,-81.560000,21.140000,,,,,,,,,,,,,0.000,,,,
491,1,,,-73.9263833,40.7602417,2026-01-22 19:38:08.178,_20260122_143545_CH01_REF_TMO_Ping_NJ DUT REF_L1.dml,,,,,,,,,,,,,,,,,,,,,,,,,32
492,1,,,-73.9263833,40.7602417,2026-01-22 19:38:08.380,_20260122_143545_CH01_REF_TMO_Ping_NJ DUT REF_L1.dml,,,,,,,,,,,,,,,,,,,,,,,,,30
493,1,,,-73.9263833,40.7602417,2026-01-22 19:38:08.583,_20260122_143545_CH01_REF_TMO_Ping_NJ DUT REF_L1.dml,,,,,,,,,,,,,,,,,,,,,,,,,29
494,1,,,-73.9263833,40.7602417,2026-01-22 19:38:08.771,_20260122_143545_CH01_REF_TMO_Ping_NJ DUT REF_L1.dml,,,,,,,,,,,,,,,,,,,,,,,,,28
495,1,,,-73.9263833,40.7602417,2026-01-22 19:38:08.974,_20260122_143545_CH01_REF_TMO_Ping_NJ DUT REF_L1.dml,,,,,,,,,,,,,,,,,,,,,,,,,26
496,1,,,-73.9263833,40.7602417,2026-01-22 19:38:09.000,_20260122_143545_CH01_REF_TMO_Ping_NJ DUT REF_L1.dml,,,,N41(100)+N71(15),NR SA,429,-81.000000,19.880000,,,,,,,,,,,,,0.000,,,,
497,1,,,-73.9263833,40.7602417,2026-01-22 19:38:09.177,_20260122_143545_CH01_REF_TMO_Ping_NJ DUT REF_L1.dml,,,,,,,,,,,,,,,,,,,,,,,,,25
498,1,,,-73.9263833,40.7602417,2026-01-22 19:38:09.380,_20260122_143545_CH01_REF_TMO_Ping_NJ DUT REF_L1.dml,,,,,,,,,,,,,,,,,,,,,,,,,24
499,1,,,-73.9263833,40.7602417,2026-01-22 19:38:09.568,_20260122_143545_CH01_REF_TMO_Ping_NJ DUT REF_L1.dml,,,,,,,,,,,,,,,,,,,,,,,,,23
500,1,,,-73.9263833,40.7602417,2026-01-22 19:38:09.771,_20260122_143545_CH01_REF_TMO_Ping_NJ DUT REF_L1.dml,,,,,,,,,,,,,,,,,,,,,,,,,23
501,1,,,-73.9263833,40.7602417,2026-01-22 19:38:09.974,_20260122_143545_CH01_REF_TMO_Ping_NJ DUT REF_L1.dml,,,,,,,,,,,,,,,,,,,,,,,,,22
502,1,,,-73.9263833,40.7602417,2026-01-22 19:38:10.000,_20260122_143545_CH01_REF_TMO_Ping_NJ DUT REF_L1.dml,,,,N41(100)+N71(15),NR SA,429,-80.760000,19.080000,,,,,,,,,,,,,0.008,,,,
503,1,,,-73.9263833,40.7602417,2026-01-22 19:38:10.177,_20260122_143545_CH01_REF_TMO_Ping_NJ DUT REF_L1.dml,,,,,,,,,,,,,,,,,,,,,,,,,21
504,1,,,-73.9263833,40.7602417,2026-01-22 19:38:10.380,_20260122_143545_CH01_REF_TMO_Ping_NJ DUT REF_L1.dml,,,,,,,,,,,,,,,,,,,,,,,,,20
505,1,,,-73.9263833,40.7602417,2026-01-22 19:38:10.582,_20260122_143545_CH01_REF_TMO_Ping_NJ DUT REF_L1.dml,,,,,,,,,,,,,,,,,,,,,,,,,20
506,1,,,-73.9263833,40.7602417,2026-01-22 19:38:10.771,_20260122_143545_CH01_REF_TMO_Ping_NJ DUT REF_L1.dml,,,,,,,,,,,,,,,,,,,,,,,,,19
507,1,,,-73.9263833,40.7602417,2026-01-22 19:38:11.005,_20260122_143545_CH01_REF_TMO_Ping_NJ DUT REF_L1.dml,,,,,,,,,,,,,,,,,,,,,,,,,38
508,1,,,-73.9263833,40.7602417,2026-01-22 19:38:11.000,_20260122_143545_CH01_REF_TMO_Ping_NJ DUT REF_L1.dml,,,,N41(100)+N71(15),NR SA,429,-80.540000,21.200000,,,,,,,,,,,,,0.000,,,,
509,1,,,-73.9263833,40.7602417,2026-01-22 19:38:11.193,_20260122_143545_CH01_REF_TMO_Ping_NJ DUT REF_L1.dml,,,,,,,,,,,,,,,,,,,,,,,,,37
510,1,,,-73.9263833,40.7602417,2026-01-22 19:38:11.396,_20260122_143545_CH01_REF_TMO_Ping_NJ DUT REF_L1.dml,,,,,,,,,,,,,,,,,,,,,,,,,35
511,1,,,-73.9263833,40.7602417,2026-01-22 19:38:11.599,_20260122_143545_CH01_REF_TMO_Ping_NJ DUT REF_L1.dml,,,,,,,,,,,,,,,,,,,,,,,,,34
512,1,,,-73.9263833,40.7602417,2026-01-22 19:38:11.614,_20260122_143545_CH01_REF_TMO_Ping_NJ DUT REF_L1.dml,,,,,,,,,,,,,,,,,,,,,,PING Traffic End,,,
513,1,,,-73.9263833,40.7602417,2026-01-22 19:38:12.000,_20260122_143545_CH01_REF_TMO_Ping_NJ DUT REF_L1.dml,,,,N41(100)+N71(15),NR SA,429,-79.580000,21.220000,,,,,,,,,,,,,0.000,,,,
514,1,,,-73.9263833,40.7602417,2026-01-22 19:38:13.000,_20260122_143545_CH01_REF_TMO_Ping_NJ DUT REF_L1.dml,,,,N41(100)+N71(15),,429,-80.600000,21.520000,,,,,,,,,,,,,0.000,,,,
515,1,,,-73.9263833,40.7602417,2026-01-22 19:38:14.000,_20260122_143545_CH01_REF_TMO_Ping_NJ DUT REF_L1.dml,,,,N41(100)+N71(15),,429,-80.240000,20.760000,,,,,,,,,,,,,0.000,,,,
516,1,,,-73.9263833,40.7602417,2026-01-22 19:38:14.630,_20260122_143545_CH01_REF_TMO_Ping_NJ DUT REF_L1.dml,,,,,,,,,,,,,,,,,,,,,,TIMEOUT_Idle,,,
517,1,,,-73.9263833,40.7602417,2026-01-22 19:38:14.630,_20260122_143545_CH01_REF_TMO_Ping_NJ DUT REF_L1.dml,,,,,,,,,,,,,,,,,,,,,,,,0,
518,1,,,-73.9263833,40.7602417,2026-01-22 19:38:14.630,_20260122_143545_CH01_REF_TMO_Ping_NJ DUT REF_L1.dml,,,,,,,,,,,,,,,,,,,,,,PING START,,,
519,1,,,-73.9263833,40.7602417,2026-01-22 19:38:15.000,_20260122_143545_CH01_REF_TMO_Ping_NJ DUT REF_L1.dml,,,,N41(100)+N71(15),,429,-80.880000,19.400000,,,,,,,,,,,,,0.000,,,,
520,1,,,-73.9263833,40.7602417,2026-01-22 19:38:16.000,_20260122_143545_CH01_REF_TMO_Ping_NJ DUT REF_L1.dml,,,,N41(100)+N71(15),,429,-80.500000,21.540000,,,,,,,,,,,,,0.000,,,,
521,1,,,-73.9263833,40.7602417,2026-01-22 19:38:17.000,_20260122_143545_CH01_REF_TMO_Ping_NJ DUT REF_L1.dml,,,,N41(100)+N71(15),,429,-81.720000,19.760000,,,,,,,,,,,,,0.000,,,,
522,1,,,-73.9263833,40.7602417,2026-01-22 19:38:17.630,_20260122_143545_CH01_REF_TMO_Ping_NJ DUT REF_L1.dml,,,,,,,,,,,,,,,,,,,,,,TIMEOUT_FrontIdle,,,
523,1,,,-73.9263833,40.7602417,2026-01-22 19:38:17.630,_20260122_143545_CH01_REF_TMO_Ping_NJ DUT REF_L1.dml,,,,,,,,,,,,,,,,,,,,,,PING Traffic Start,,,
524,1,,,-73.9263833,40.7602417,2026-01-22 19:38:17.818,_20260122_143545_CH01_REF_TMO_Ping_NJ DUT REF_L1.dml,,,,,,,,,,,,,,,,,,,,,,,,,35
525,1,,,-73.9263833,40.7602417,2026-01-22 19:38:18.000,_20260122_143545_CH01_REF_TMO_Ping_NJ DUT REF_L1.dml,,,,N41(100)+N71(15),NR SA,429,-81.200000,20.660000,,,,,,,,,,,,,0.000,,,,
526,1,,,-73.9263833,40.7602417,2026-01-22 19:38:18.036,_20260122_143545_CH01_REF_TMO_Ping_NJ DUT REF_L1.dml,,,,,,,,,,,,,,,,,,,,,,,,,45
527,1,,,-73.9263833,40.7602417,2026-01-22 19:38:18.224,_20260122_143545_CH01_REF_TMO_Ping_NJ DUT REF_L1.dml,,,,,,,,,,,,,,,,,,,,,,,,,33
528,1,,,-73.9263833,40.7602417,2026-01-22 19:38:18.427,_20260122_143545_CH01_REF_TMO_Ping_NJ DUT REF_L1.dml,,,,,,,,,,,,,,,,,,,,,,,,,27
529,1,,,-73.9263833,40.7602417,2026-01-22 19:38:18.630,_20260122_143545_CH01_REF_TMO_Ping_NJ DUT REF_L1.dml,,,,,,,,,,,,,,,,,,,,,,,,,29
530,1,,,-73.9263833,40.7602417,2026-01-22 19:38:18.832,_20260122_143545_CH01_REF_TMO_Ping_NJ DUT REF_L1.dml,,,,,,,,,,,,,,,,,,,,,,,,,33
531,1,,,-73.9263833,40.7602417,2026-01-22 19:38:19.000,_20260122_143545_CH01_REF_TMO_Ping_NJ DUT REF_L1.dml,,,,N41(100)+N71(15),NR SA,429,-81.260000,20.560000,,,,,,,,,,,,,0.008,,,,
532,1,,,-73.9263833,40.7602417,2026-01-22 19:38:19.036,_20260122_143545_CH01_REF_TMO_Ping_NJ DUT REF_L1.dml,,,,,,,,,,,,,,,,,,,,,,,,,39
533,1,,,-73.9263833,40.7602417,2026-01-22 19:38:19.239,_20260122_143545_CH01_REF_TMO_Ping_NJ DUT REF_L1.dml,,,,,,,,,,,,,,,,,,,,,,,,,42
534,1,,,-73.9263833,40.7602417,2026-01-22 19:38:19.443,_20260122_143545_CH01_REF_TMO_Ping_NJ DUT REF_L1.dml,,,,,,,,,,,,,,,,,,,,,,,,,45
535,1,,,-73.9263833,40.7602417,2026-01-22 19:38:19.646,_20260122_143545_CH01_REF_TMO_Ping_NJ DUT REF_L1.dml,,,,,,,,,,,,,,,,,,,,,,,,,46
536,1,,,-73.9263833,40.7602417,2026-01-22 19:38:19.849,_20260122_143545_CH01_REF_TMO_Ping_NJ DUT REF_L1.dml,,,,,,,,,,,,,,,,,,,,,,,,,41
537,1,,,-73.9263833,40.7602417,2026-01-22 19:38:20.000,_20260122_143545_CH01_REF_TMO_Ping_NJ DUT REF_L1.dml,,,,N41(100)+N71(15),NR SA,429,-81.780000,19.560000,,,,,,,,,,,,,0.008,,,,
538,1,,,-73.9263833,40.7602417,2026-01-22 19:38:20.052,_20260122_143545_CH01_REF_TMO_Ping_NJ DUT REF_L1.dml,,,,,,,,,,,,,,,,,,,,,,,,,41
539,1,,,-73.9263833,40.7602417,2026-01-22 19:38:20.255,_20260122_143545_CH01_REF_TMO_Ping_NJ DUT REF_L1.dml,,,,,,,,,,,,,,,,,,,,,,,,,57
540,1,,,-73.9263833,40.7602417,2026-01-22 19:38:20.457,_20260122_143545_CH01_REF_TMO_Ping_NJ DUT REF_L1.dml,,,,,,,,,,,,,,,,,,,,,,,,,47
541,1,,,-73.9263833,40.7602417,2026-01-22 19:38:20.646,_20260122_143545_CH01_REF_TMO_Ping_NJ DUT REF_L1.dml,,,,,,,,,,,,,,,,,,,,,,,,,38
542,1,,,-73.9263833,40.7602417,2026-01-22 19:38:20.849,_20260122_143545_CH01_REF_TMO_Ping_NJ DUT REF_L1.dml,,,,,,,,,,,,,,,,,,,,,,,,,40
543,1,,,-73.9263833,40.7602417,2026-01-22 19:38:21.000,_20260122_143545_CH01_REF_TMO_Ping_NJ DUT REF_L1.dml,,,,N41(100)+N71(15),NR SA,429,-81.360000,19.840000,,,,,,,,,,,,,0.008,,,,
544,1,,,-73.9263833,40.7602417,2026-01-22 19:38:21.053,_20260122_143545_CH01_REF_TMO_Ping_NJ DUT REF_L1.dml,,,,,,,,,,,,,,,,,,,,,,,,,43
545,1,,,-73.9263833,40.7602417,2026-01-22 19:38:21.239,_20260122_143545_CH01_REF_TMO_Ping_NJ DUT REF_L1.dml,,,,,,,,,,,,,,,,,,,,,,,,,34
546,1,,,-73.9263833,40.7602417,2026-01-22 19:38:21.474,_20260122_143545_CH01_REF_TMO_Ping_NJ DUT REF_L1.dml,,,,,,,,,,,,,,,,,,,,,,,,,37
547,1,,,-73.9263833,40.7602417,2026-01-22 19:38:21.646,_20260122_143545_CH01_REF_TMO_Ping_NJ DUT REF_L1.dml,,,,,,,,,,,,,,,,,,,,,,,,,39
548,1,,,-73.9263833,40.7602417,2026-01-22 19:38:21.849,_20260122_143545_CH01_REF_TMO_Ping_NJ DUT REF_L1.dml,,,,,,,,,,,,,,,,,,,,,,,,,41
549,1,,,-73.9263833,40.7602417,2026-01-22 19:38:22.053,_20260122_143545_CH01_REF_TMO_Ping_NJ DUT REF_L1.dml,,,,,,,,,,,,,,,,,,,,,,,,,45
550,1,,,-73.9263833,40.7602417,2026-01-22 19:38:22.000,_20260122_143545_CH01_REF_TMO_Ping_NJ DUT REF_L1.dml,,,,N41(100)+N71(15),NR SA,429,-81.300000,19.320000,,,,,,,,,,,,,0.008,,,,
551,1,,,-73.9263833,40.7602417,2026-01-22 19:38:22.255,_20260122_143545_CH01_REF_TMO_Ping_NJ DUT REF_L1.dml,,,,,,,,,,,,,,,,,,,,,,,,,36
552,1,,,-73.9263833,40.7602417,2026-01-22 19:38:22.458,_20260122_143545_CH01_REF_TMO_Ping_NJ DUT REF_L1.dml,,,,,,,,,,,,,,,,,,,,,,,,,37
553,1,,,-73.9263833,40.7602417,2026-01-22 19:38:22.646,_20260122_143545_CH01_REF_TMO_Ping_NJ DUT REF_L1.dml,,,,,,,,,,,,,,,,,,,,,,,,,29
554,1,,,-73.9263833,40.7602417,2026-01-22 19:38:22.661,_20260122_143545_CH01_REF_TMO_Ping_NJ DUT REF_L1.dml,,,,,,,,,,,,,,,,,,,,,,PING Traffic End,,,
555,1,,,-73.9263833,40.7602417,2026-01-22 19:38:23.000,_20260122_143545_CH01_REF_TMO_Ping_NJ DUT REF_L1.dml,,,,N41(100)+N71(15),NR SA,429,-80.380000,20.540000,,,,,,,,,,,,,0.016,,,,
556,1,,,-73.9263833,40.7602417,2026-01-22 19:38:24.000,_20260122_143545_CH01_REF_TMO_Ping_NJ DUT REF_L1.dml,,,,N41(100)+N71(15),,429,-80.240000,21.920000,,,,,,,,,,,,,0.000,,,,
557,1,,,-73.9263833,40.7602417,2026-01-22 19:38:25.000,_20260122_143545_CH01_REF_TMO_Ping_NJ DUT REF_L1.dml,,,,N41(100)+N71(15),,429,-80.340000,21.860000,,,,,,,,,,,,,,,,,
558,1,,,-73.9263833,40.7602417,2026-01-22 19:38:25.678,_20260122_143545_CH01_REF_TMO_Ping_NJ DUT REF_L1.dml,,,,,,,,,,,,,,,,,,,,,,TIMEOUT_Idle,,,
559,1,,,-73.9263833,40.7602417,2026-01-22 19:38:25.678,_20260122_143545_CH01_REF_TMO_Ping_NJ DUT REF_L1.dml,,,,,,,,,,,,,,,,,,,,,,,,0,
560,1,,,-73.9263833,40.7602417,2026-01-22 19:38:25.678,_20260122_143545_CH01_REF_TMO_Ping_NJ DUT REF_L1.dml,,,,,,,,,,,,,,,,,,,,,,PING START,,,
561,1,,,-73.9263833,40.7602417,2026-01-22 19:38:26.000,_20260122_143545_CH01_REF_TMO_Ping_NJ DUT REF_L1.dml,,,,N41(100)+N71(15),,429,-81.680000,20.160000,,,,,,,,,,,,,0.000,,,,
562,1,,,-73.9263833,40.7602417,2026-01-22 19:38:27.000,_20260122_143545_CH01_REF_TMO_Ping_NJ DUT REF_L1.dml,,,,N41(100)+N71(15),,429,-81.380000,20.560000,,,,,,,,,,,,,0.000,,,,
563,1,,,-73.9263833,40.7602417,2026-01-22 19:38:28.000,_20260122_143545_CH01_REF_TMO_Ping_NJ DUT REF_L1.dml,,,,N41(100)+N71(15),,429,-81.380000,19.920000,,,,,,,,,,,,,0.000,,,,
564,1,,,-73.9263833,40.7602417,2026-01-22 19:38:28.693,_20260122_143545_CH01_REF_TMO_Ping_NJ DUT REF_L1.dml,,,,,,,,,,,,,,,,,,,,,,TIMEOUT_FrontIdle,,,
565,1,,,-73.9263833,40.7602417,2026-01-22 19:38:28.693,_20260122_143545_CH01_REF_TMO_Ping_NJ DUT REF_L1.dml,,,,,,,,,,,,,,,,,,,,,,PING Traffic Start,,,
566,1,,,-73.9263833,40.7602417,2026-01-22 19:38:28.849,_20260122_143545_CH01_REF_TMO_Ping_NJ DUT REF_L1.dml,,,,,,,,,,,,,,,,,,,,,,,,,44
567,1,,,-73.9263833,40.7602417,2026-01-22 19:38:29.000,_20260122_143545_CH01_REF_TMO_Ping_NJ DUT REF_L1.dml,,,,N41(100)+N71(15),NR SA,429,-81.800000,20.080000,,,,,,,,,,,,,0.000,,,,
568,1,,,-73.9263833,40.7602417,2026-01-22 19:38:29.036,_20260122_143545_CH01_REF_TMO_Ping_NJ DUT REF_L1.dml,,,,,,,,,,,,,,,,,,,,,,,,,38
569,1,,,-73.9263833,40.7602417,2026-01-22 19:38:29.239,_20260122_143545_CH01_REF_TMO_Ping_NJ DUT REF_L1.dml,,,,,,,,,,,,,,,,,,,,,,,,,37
570,1,,,-73.9263833,40.7602417,2026-01-22 19:38:29.457,_20260122_143545_CH01_REF_TMO_Ping_NJ DUT REF_L1.dml,,,,,,,,,,,,,,,,,,,,,,,,,43
571,1,,,-73.9263833,40.7602417,2026-01-22 19:38:29.646,_20260122_143545_CH01_REF_TMO_Ping_NJ DUT REF_L1.dml,,,,,,,,,,,,,,,,,,,,,,,,,34
572,1,,,-73.9263833,40.7602417,2026-01-22 19:38:29.849,_20260122_143545_CH01_REF_TMO_Ping_NJ DUT REF_L1.dml,,,,,,,,,,,,,,,,,,,,,,,,,33
573,1,,,-73.9263833,40.7602417,2026-01-22 19:38:30.000,_20260122_143545_CH01_REF_TMO_Ping_NJ DUT REF_L1.dml,,,,N41(100)+N71(15),NR SA,429,-81.200000,19.940000,,,,,,,,,,,,,0.008,,,,
574,1,,,-73.9263833,40.7602417,2026-01-22 19:38:30.036,_20260122_143545_CH01_REF_TMO_Ping_NJ DUT REF_L1.dml,,,,,,,,,,,,,,,,,,,,,,,,,31
575,1,,,-73.9263833,40.7602417,2026-01-22 19:38:30.239,_20260122_143545_CH01_REF_TMO_Ping_NJ DUT REF_L1.dml,,,,,,,,,,,,,,,,,,,,,,,,,30
576,1,,,-73.9263833,40.7602417,2026-01-22 19:38:30.443,_20260122_143545_CH01_REF_TMO_Ping_NJ DUT REF_L1.dml,,,,,,,,,,,,,,,,,,,,,,,,,29
577,1,,,-73.9263833,40.7602417,2026-01-22 19:38:30.646,_20260122_143545_CH01_REF_TMO_Ping_NJ DUT REF_L1.dml,,,,,,,,,,,,,,,,,,,,,,,,,29
578,1,,,-73.9263833,40.7602417,2026-01-22 19:38:30.833,_20260122_143545_CH01_REF_TMO_Ping_NJ DUT REF_L1.dml,,,,,,,,,,,,,,,,,,,,,,,,,28
579,1,,,-73.9263833,40.7602417,2026-01-22 19:38:31.000,_20260122_143545_CH01_REF_TMO_Ping_NJ DUT REF_L1.dml,,,,N41(100)+N71(15),NR SA,429,-81.420000,20.200000,,,,,,,,,,,,,0.008,,,,
580,1,,,-73.9263833,40.7602417,2026-01-22 19:38:31.036,_20260122_143545_CH01_REF_TMO_Ping_NJ DUT REF_L1.dml,,,,,,,,,,,,,,,,,,,,,,,,,26
581,1,,,-73.9263833,40.7602417,2026-01-22 19:38:31.239,_20260122_143545_CH01_REF_TMO_Ping_NJ DUT REF_L1.dml,,,,,,,,,,,,,,,,,,,,,,,,,25
582,1,,,-73.9263833,40.7602417,2026-01-22 19:38:31.442,_20260122_143545_CH01_REF_TMO_Ping_NJ DUT REF_L1.dml,,,,,,,,,,,,,,,,,,,,,,,,,24
583,1,,,-73.9263833,40.7602417,2026-01-22 19:38:31.646,_20260122_143545_CH01_REF_TMO_Ping_NJ DUT REF_L1.dml,,,,,,,,,,,,,,,,,,,,,,,,,24
584,1,,,-73.9263833,40.7602417,2026-01-22 19:38:31.864,_20260122_143545_CH01_REF_TMO_Ping_NJ DUT REF_L1.dml,,,,,,,,,,,,,,,,,,,,,,,,,43
585,1,,,-73.9263833,40.7602417,2026-01-22 19:38:32.000,_20260122_143545_CH01_REF_TMO_Ping_NJ DUT REF_L1.dml,,,,N41(100)+N71(15),NR SA,429,-82.060000,18.280000,,,,,,,,,,,,,0.008,,,,
586,1,,,-73.9263833,40.7602417,2026-01-22 19:38:32.068,_20260122_143545_CH01_REF_TMO_Ping_NJ DUT REF_L1.dml,,,,,,,,,,,,,,,,,,,,,,,,,41
587,1,,,-73.9263833,40.7602417,2026-01-22 19:38:32.271,_20260122_143545_CH01_REF_TMO_Ping_NJ DUT REF_L1.dml,,,,,,,,,,,,,,,,,,,,,,,,,39
588,1,,,-73.9263833,40.7602417,2026-01-22 19:38:32.458,_20260122_143545_CH01_REF_TMO_Ping_NJ DUT REF_L1.dml,,,,,,,,,,,,,,,,,,,,,,,,,38
589,1,,,-73.9263833,40.7602417,2026-01-22 19:38:32.661,_20260122_143545_CH01_REF_TMO_Ping_NJ DUT REF_L1.dml,,,,,,,,,,,,,,,,,,,,,,,,,37
590,1,,,-73.9263833,40.7602417,2026-01-22 19:38:32.864,_20260122_143545_CH01_REF_TMO_Ping_NJ DUT REF_L1.dml,,,,,,,,,,,,,,,,,,,,,,,,,36
591,1,,,-73.9263833,40.7602417,2026-01-22 19:38:33.000,_20260122_143545_CH01_REF_TMO_Ping_NJ DUT REF_L1.dml,,,,N41(100)+N71(15),NR SA,429,-82.220000,18.660000,,,,,,,,,,,,,0.016,,,,
592,1,,,-73.9263833,40.7602417,2026-01-22 19:38:33.067,_20260122_143545_CH01_REF_TMO_Ping_NJ DUT REF_L1.dml,,,,,,,,,,,,,,,,,,,,,,,,,40
593,1,,,-73.9263833,40.7602417,2026-01-22 19:38:33.255,_20260122_143545_CH01_REF_TMO_Ping_NJ DUT REF_L1.dml,,,,,,,,,,,,,,,,,,,,,,,,,34
594,1,,,-73.9263833,40.7602417,2026-01-22 19:38:33.458,_20260122_143545_CH01_REF_TMO_Ping_NJ DUT REF_L1.dml,,,,,,,,,,,,,,,,,,,,,,,,,32
595,1,,,-73.9263833,40.7602417,2026-01-22 19:38:33.661,_20260122_143545_CH01_REF_TMO_Ping_NJ DUT REF_L1.dml,,,,,,,,,,,,,,,,,,,,,,,,,31
596,1,,,-73.9263833,40.7602417,2026-01-22 19:38:33.724,_20260122_143545_CH01_REF_TMO_Ping_NJ DUT REF_L1.dml,,,,,,,,,,,,,,,,,,,,,,PING Traffic End,,,
597,1,,,-73.9263833,40.7602417,2026-01-22 19:38:34.000,_20260122_143545_CH01_REF_TMO_Ping_NJ DUT REF_L1.dml,,,,N41(100)+N71(15),NR SA,429,-81.820000,20.440000,,,,,,,,,,,,,0.008,,,,
598,1,,,-73.9263833,40.7602417,2026-01-22 19:38:35.000,_20260122_143545_CH01_REF_TMO_Ping_NJ DUT REF_L1.dml,,,,N41(100)+N71(15),,429,-80.300000,21.560000,,,,,,,,,,,,,0.000,,,,
599,1,,,-73.9263833,40.7602417,2026-01-22 19:38:36.000,_20260122_143545_CH01_REF_TMO_Ping_NJ DUT REF_L1.dml,,,,N41(100)+N71(15),,429,-83.120000,18.680000,,,,,,,,,,,,,0.000,,,,
600,1,,,-73.9263833,40.7602417,2026-01-22 19:38:36.739,_20260122_143545_CH01_REF_TMO_Ping_NJ DUT REF_L1.dml,,,,,,,,,,,,,,,,,,,,,,TIMEOUT_Idle,,,
601,1,,,-73.9263833,40.7602417,2026-01-22 19:38:36.739,_20260122_143545_CH01_REF_TMO_Ping_NJ DUT REF_L1.dml,,,,,,,,,,,,,,,,,,,,,,,,0,
602,1,,,-73.9263833,40.7602417,2026-01-22 19:38:36.739,_20260122_143545_CH01_REF_TMO_Ping_NJ DUT REF_L1.dml,,,,,,,,,,,,,,,,,,,,,,PING START,,,
603,1,,,-73.9263833,40.7602417,2026-01-22 19:38:37.000,_20260122_143545_CH01_REF_TMO_Ping_NJ DUT REF_L1.dml,,,,N41(100)+N71(15),,429,-81.580000,19.280000,,,,,,,,,,,,,0.000,,,,
604,1,,,-73.9263833,40.7602417,2026-01-22 19:38:38.000,_20260122_143545_CH01_REF_TMO_Ping_NJ DUT REF_L1.dml,,,,N41(100)+N71(15),,429,-81.220000,20.560000,,,,,,,,,,,,,0.000,,,,
605,1,,,-73.9263833,40.7602417,2026-01-22 19:38:39.000,_20260122_143545_CH01_REF_TMO_Ping_NJ DUT REF_L1.dml,,,,N41(100)+N71(15),,429,-82.560000,20.240000,,,,,,,,,,,,,0.000,,,,
606,1,,,-73.9263833,40.7602417,2026-01-22 19:38:39.755,_20260122_143545_CH01_REF_TMO_Ping_NJ DUT REF_L1.dml,,,,,,,,,,,,,,,,,,,,,,TIMEOUT_FrontIdle,,,
607,1,,,-73.9263833,40.7602417,2026-01-22 19:38:39.755,_20260122_143545_CH01_REF_TMO_Ping_NJ DUT REF_L1.dml,,,,,,,,,,,,,,,,,,,,,,PING Traffic Start,,,
608,1,,,-73.9263833,40.7602417,2026-01-22 19:38:39.943,_20260122_143545_CH01_REF_TMO_Ping_NJ DUT REF_L1.dml,,,,,,,,,,,,,,,,,,,,,,,,,53
609,1,,,-73.9263833,40.7602417,2026-01-22 19:38:40.000,_20260122_143545_CH01_REF_TMO_Ping_NJ DUT REF_L1.dml,,,,N41(100)+N71(15),NR SA,429,-83.200000,18.080000,,,,,,,,,,,,,0.000,,,,
610,1,,,-73.9263833,40.7602417,2026-01-22 19:38:40.130,_20260122_143545_CH01_REF_TMO_Ping_NJ DUT REF_L1.dml,,,,,,,,,,,,,,,,,,,,,,,,,27
611,1,,,-73.9263833,40.7602417,2026-01-22 19:38:40.349,_20260122_143545_CH01_REF_TMO_Ping_NJ DUT REF_L1.dml,,,,,,,,,,,,,,,,,,,,,,,,,41
612,1,,,-73.9263833,40.7602417,2026-01-22 19:38:40.552,_20260122_143545_CH01_REF_TMO_Ping_NJ DUT REF_L1.dml,,,,,,,,,,,,,,,,,,,,,,,,,43
613,1,,,-73.9263833,40.7602417,2026-01-22 19:38:40.739,_20260122_143545_CH01_REF_TMO_Ping_NJ DUT REF_L1.dml,,,,,,,,,,,,,,,,,,,,,,,,,38
614,1,,,-73.9263833,40.7602417,2026-01-22 19:38:40.942,_20260122_143545_CH01_REF_TMO_Ping_NJ DUT REF_L1.dml,,,,,,,,,,,,,,,,,,,,,,,,,37
615,1,,,-73.9263833,40.7602417,2026-01-22 19:38:41.000,_20260122_143545_CH01_REF_TMO_Ping_NJ DUT REF_L1.dml,,,,N41(100)+N71(15),NR SA,429,-81.600000,20.360000,,,,,,,,,,,,,0.008,,,,
616,1,,,-73.9263833,40.7602417,2026-01-22 19:38:41.146,_20260122_143545_CH01_REF_TMO_Ping_NJ DUT REF_L1.dml,,,,,,,,,,,,,,,,,,,,,,,,,34
617,1,,,-73.9263833,40.7602417,2026-01-22 19:38:41.333,_20260122_143545_CH01_REF_TMO_Ping_NJ DUT REF_L1.dml,,,,,,,,,,,,,,,,,,,,,,,,,34
618,1,,,-73.9263833,40.7602417,2026-01-22 19:38:41.536,_20260122_143545_CH01_REF_TMO_Ping_NJ DUT REF_L1.dml,,,,,,,,,,,,,,,,,,,,,,,,,32
619,1,,,-73.9263833,40.7602417,2026-01-22 19:38:41.739,_20260122_143545_CH01_REF_TMO_Ping_NJ DUT REF_L1.dml,,,,,,,,,,,,,,,,,,,,,,,,,33
620,1,,,-73.9263833,40.7602417,2026-01-22 19:38:41.943,_20260122_143545_CH01_REF_TMO_Ping_NJ DUT REF_L1.dml,,,,,,,,,,,,,,,,,,,,,,,,,31
621,1,,,-73.9263833,40.7602417,2026-01-22 19:38:42.000,_20260122_143545_CH01_REF_TMO_Ping_NJ DUT REF_L1.dml,,,,N41(100)+N71(15),NR SA,429,-80.340000,20.460000,,,,,,,,,,,,,0.016,,,,
622,1,,,-73.9263833,40.7602417,2026-01-22 19:38:42.146,_20260122_143545_CH01_REF_TMO_Ping_NJ DUT REF_L1.dml,,,,,,,,,,,,,,,,,,,,,,,,,31
623,1,,,-73.9263833,40.7602417,2026-01-22 19:38:42.332,_20260122_143545_CH01_REF_TMO_Ping_NJ DUT REF_L1.dml,,,,,,,,,,,,,,,,,,,,,,,,,30
624,1,,,-73.9263833,40.7602417,2026-01-22 19:38:42.536,_20260122_143545_CH01_REF_TMO_Ping_NJ DUT REF_L1.dml,,,,,,,,,,,,,,,,,,,,,,,,,29
625,1,,,-73.9263833,40.7602417,2026-01-22 19:38:42.771,_20260122_143545_CH01_REF_TMO_Ping_NJ DUT REF_L1.dml,,,,,,,,,,,,,,,,,,,,,,,,,38
626,1,,,-73.9263833,40.7602417,2026-01-22 19:38:42.943,_20260122_143545_CH01_REF_TMO_Ping_NJ DUT REF_L1.dml,,,,,,,,,,,,,,,,,,,,,,,,,27
627,1,,,-73.9263833,40.7602417,2026-01-22 19:38:43.000,_20260122_143545_CH01_REF_TMO_Ping_NJ DUT REF_L1.dml,,,,N41(100)+N71(15),NR SA,429,-80.780000,21.520000,,,,,,,,,,,,,0.016,,,,
628,1,,,-73.9263833,40.7602417,2026-01-22 19:38:43.146,_20260122_143545_CH01_REF_TMO_Ping_NJ DUT REF_L1.dml,,,,,,,,,,,,,,,,,,,,,,,,,27
629,1,,,-73.9263833,40.7602417,2026-01-22 19:38:43.349,_20260122_143545_CH01_REF_TMO_Ping_NJ DUT REF_L1.dml,,,,,,,,,,,,,,,,,,,,,,,,,25
630,1,,,-73.9263833,40.7602417,2026-01-22 19:38:43.536,_20260122_143545_CH01_REF_TMO_Ping_NJ DUT REF_L1.dml,,,,,,,,,,,,,,,,,,,,,,,,,25
631,1,,,-73.9263833,40.7602417,2026-01-22 19:38:43.739,_20260122_143545_CH01_REF_TMO_Ping_NJ DUT REF_L1.dml,,,,,,,,,,,,,,,,,,,,,,,,,24
632,1,,,-73.9263833,40.7602417,2026-01-22 19:38:43.942,_20260122_143545_CH01_REF_TMO_Ping_NJ DUT REF_L1.dml,,,,,,,,,,,,,,,,,,,,,,,,,23
633,1,,,-73.9263833,40.7602417,2026-01-22 19:38:44.000,_20260122_143545_CH01_REF_TMO_Ping_NJ DUT REF_L1.dml,,,,N41(100)+N71(15),NR SA,429,-80.400000,20.380000,,,,,,,,,,,,,0.016,,,,
634,1,,,-73.9263833,40.7602417,2026-01-22 19:38:44.161,_20260122_143545_CH01_REF_TMO_Ping_NJ DUT REF_L1.dml,,,,,,,,,,,,,,,,,,,,,,,,,46
635,1,,,-73.9263833,40.7602417,2026-01-22 19:38:44.364,_20260122_143545_CH01_REF_TMO_Ping_NJ DUT REF_L1.dml,,,,,,,,,,,,,,,,,,,,,,,,,42
636,1,,,-73.9263833,40.7602417,2026-01-22 19:38:44.568,_20260122_143545_CH01_REF_TMO_Ping_NJ DUT REF_L1.dml,,,,,,,,,,,,,,,,,,,,,,,,,49
637,1,,,-73.9263833,40.7602417,2026-01-22 19:38:44.755,_20260122_143545_CH01_REF_TMO_Ping_NJ DUT REF_L1.dml,,,,,,,,,,,,,,,,,,,,,,,,,40
638,1,,,-73.9263833,40.7602417,2026-01-22 19:38:44.786,_20260122_143545_CH01_REF_TMO_Ping_NJ DUT REF_L1.dml,,,,,,,,,,,,,,,,,,,,,,PING Traffic End,,,
639,1,,,-73.9263833,40.7602417,2026-01-22 19:38:45.000,_20260122_143545_CH01_REF_TMO_Ping_NJ DUT REF_L1.dml,,,,N41(100)+N71(15),NR SA,429,-79.580000,19.240000,,,,,,,,,,,,,0.016,,,,
640,1,,,-73.9263833,40.7602417,2026-01-22 19:38:46.000,_20260122_143545_CH01_REF_TMO_Ping_NJ DUT REF_L1.dml,,,,N41(100)+N71(15),,429,-79.560000,22.240000,,,,,,,,,,,,,0.000,,,,
641,1,,,-73.9263833,40.7602417,2026-01-22 19:38:47.000,_20260122_143545_CH01_REF_TMO_Ping_NJ DUT REF_L1.dml,,,,N41(100)+N71(15),,429,-81.280000,19.660000,,,,,,,,,,,,,0.000,,,,
642,1,,,-73.9263833,40.7602417,2026-01-22 19:38:47.786,_20260122_143545_CH01_REF_TMO_Ping_NJ DUT REF_L1.dml,,,,,,,,,,,,,,,,,,,,,,TIMEOUT_Idle,,,
643,1,,,-73.9263833,40.7602417,2026-01-22 19:38:47.786,_20260122_143545_CH01_REF_TMO_Ping_NJ DUT REF_L1.dml,,,,,,,,,,,,,,,,,,,,,,,,0,
644,1,,,-73.9263833,40.7602417,2026-01-22 19:38:47.786,_20260122_143545_CH01_REF_TMO_Ping_NJ DUT REF_L1.dml,,,,,,,,,,,,,,,,,,,,,,PING START,,,
645,1,,,-73.9263833,40.7602417,2026-01-22 19:38:48.000,_20260122_143545_CH01_REF_TMO_Ping_NJ DUT REF_L1.dml,,,,N41(100)+N71(15),,429,-81.500000,17.680000,,,,,,,,,,,,,0.000,,,,
646,1,,,-73.9263833,40.7602417,2026-01-22 19:38:49.000,_20260122_143545_CH01_REF_TMO_Ping_NJ DUT REF_L1.dml,,,,N41(100)+N71(15),,429,-82.440000,17.520000,,,,,,,,,,,,,0.000,,,,
647,1,,,-73.9263833,40.7602417,2026-01-22 19:38:50.000,_20260122_143545_CH01_REF_TMO_Ping_NJ DUT REF_L1.dml,,,,N41(100)+N71(15),,429,-81.960000,18.200000,,,,,,,,,,,,,0.000,,,,
648,1,,,-73.9263833,40.7602417,2026-01-22 19:38:50.786,_20260122_143545_CH01_REF_TMO_Ping_NJ DUT REF_L1.dml,,,,,,,,,,,,,,,,,,,,,,TIMEOUT_FrontIdle,,,
649,1,,,-73.9263833,40.7602417,2026-01-22 19:38:50.786,_20260122_143545_CH01_REF_TMO_Ping_NJ DUT REF_L1.dml,,,,,,,,,,,,,,,,,,,,,,PING Traffic Start,,,
650,1,,,-73.9263833,40.7602417,2026-01-22 19:38:50.989,_20260122_143545_CH01_REF_TMO_Ping_NJ DUT REF_L1.dml,,,,,,,,,,,,,,,,,,,,,,,,,36
651,1,,,-73.9263833,40.7602417,2026-01-22 19:38:51.000,_20260122_143545_CH01_REF_TMO_Ping_NJ DUT REF_L1.dml,,,,N41(100)+N71(15),NR SA,429,-81.960000,20.420000,,,,,,,,,,,,,0.000,,,,
652,1,,,-73.9263833,40.7602417,2026-01-22 19:38:51.178,_20260122_143545_CH01_REF_TMO_Ping_NJ DUT REF_L1.dml,,,,,,,,,,,,,,,,,,,,,,,,,30
653,1,,,-73.9263833,40.7602417,2026-01-22 19:38:51.380,_20260122_143545_CH01_REF_TMO_Ping_NJ DUT REF_L1.dml,,,,,,,,,,,,,,,,,,,,,,,,,29
654,1,,,-73.9263833,40.7602417,2026-01-22 19:38:51.583,_20260122_143545_CH01_REF_TMO_Ping_NJ DUT REF_L1.dml,,,,,,,,,,,,,,,,,,,,,,,,,28
655,1,,,-73.9263833,40.7602417,2026-01-22 19:38:51.817,_20260122_143545_CH01_REF_TMO_Ping_NJ DUT REF_L1.dml,,,,,,,,,,,,,,,,,,,,,,,,,28
656,1,,,-73.9263833,40.7602417,2026-01-22 19:38:51.974,_20260122_143545_CH01_REF_TMO_Ping_NJ DUT REF_L1.dml,,,,,,,,,,,,,,,,,,,,,,,,,28
657,1,,,-73.9263833,40.7602417,2026-01-22 19:38:52.000,_20260122_143545_CH01_REF_TMO_Ping_NJ DUT REF_L1.dml,,,,N41(100)+N71(15),NR SA,429,-80.760000,20.000000,,,,,,,,,,,,,0.000,,,,
658,1,,,-73.9263833,40.7602417,2026-01-22 19:38:52.178,_20260122_143545_CH01_REF_TMO_Ping_NJ DUT REF_L1.dml,,,,,,,,,,,,,,,,,,,,,,,,,26
659,1,,,-73.9263833,40.7602417,2026-01-22 19:38:52.380,_20260122_143545_CH01_REF_TMO_Ping_NJ DUT REF_L1.dml,,,,,,,,,,,,,,,,,,,,,,,,,25
660,1,,,-73.9263833,40.7602417,2026-01-22 19:38:52.583,_20260122_143545_CH01_REF_TMO_Ping_NJ DUT REF_L1.dml,,,,,,,,,,,,,,,,,,,,,,,,,24
661,1,,,-73.9263833,40.7602417,2026-01-22 19:38:52.786,_20260122_143545_CH01_REF_TMO_Ping_NJ DUT REF_L1.dml,,,,,,,,,,,,,,,,,,,,,,,,,27
662,1,,,-73.9263833,40.7602417,2026-01-22 19:38:52.974,_20260122_143545_CH01_REF_TMO_Ping_NJ DUT REF_L1.dml,,,,,,,,,,,,,,,,,,,,,,,,,23
663,1,,,-73.9263833,40.7602417,2026-01-22 19:38:53.000,_20260122_143545_CH01_REF_TMO_Ping_NJ DUT REF_L1.dml,,,,N41(100)+N71(15),NR SA,429,-81.220000,21.340000,,,,,,,,,,,,,0.000,,,,
664,1,,,-73.9263833,40.7602417,2026-01-22 19:38:53.208,_20260122_143545_CH01_REF_TMO_Ping_NJ DUT REF_L1.dml,,,,,,,,,,,,,,,,,,,,,,,,,44
665,1,,,-73.9263833,40.7602417,2026-01-22 19:38:53.396,_20260122_143545_CH01_REF_TMO_Ping_NJ DUT REF_L1.dml,,,,,,,,,,,,,,,,,,,,,,,,,41
666,1,,,-73.9263833,40.7602417,2026-01-22 19:38:53.599,_20260122_143545_CH01_REF_TMO_Ping_NJ DUT REF_L1.dml,,,,,,,,,,,,,,,,,,,,,,,,,41
667,1,,,-73.9263833,40.7602417,2026-01-22 19:38:53.817,_20260122_143545_CH01_REF_TMO_Ping_NJ DUT REF_L1.dml,,,,,,,,,,,,,,,,,,,,,,,,,48
668,1,,,-73.9263833,40.7602417,2026-01-22 19:38:54.000,_20260122_143545_CH01_REF_TMO_Ping_NJ DUT REF_L1.dml,,,,N41(100)+N71(15),NR SA,429,-79.980000,22.720000,,,,,,,,,,,,,0.008,,,,
669,1,,,-73.9263833,40.7602417,2026-01-22 19:38:54.005,_20260122_143545_CH01_REF_TMO_Ping_NJ DUT REF_L1.dml,,,,,,,,,,,,,,,,,,,,,,,,,41
670,1,,,-73.9263833,40.7602417,2026-01-22 19:38:54.208,_20260122_143545_CH01_REF_TMO_Ping_NJ DUT REF_L1.dml,,,,,,,,,,,,,,,,,,,,,,,,,40
671,1,,,-73.9263833,40.7602417,2026-01-22 19:38:54.396,_20260122_143545_CH01_REF_TMO_Ping_NJ DUT REF_L1.dml,,,,,,,,,,,,,,,,,,,,,,,,,37
672,1,,,-73.9263833,40.7602417,2026-01-22 19:38:54.599,_20260122_143545_CH01_REF_TMO_Ping_NJ DUT REF_L1.dml,,,,,,,,,,,,,,,,,,,,,,,,,35
673,1,,,-73.9263833,40.7602417,2026-01-22 19:38:54.832,_20260122_143545_CH01_REF_TMO_Ping_NJ DUT REF_L1.dml,,,,,,,,,,,,,,,,,,,,,,,,,37
674,1,,,-73.9263833,40.7602417,2026-01-22 19:38:55.005,_20260122_143545_CH01_REF_TMO_Ping_NJ DUT REF_L1.dml,,,,,,,,,,,,,,,,,,,,,,,,,31
675,1,,,-73.9263833,40.7602417,2026-01-22 19:38:55.000,_20260122_143545_CH01_REF_TMO_Ping_NJ DUT REF_L1.dml,,,,N41(100)+N71(15),NR SA,429,-82.000000,20.040000,,,,,,,,,,,,,0.008,,,,
676,1,,,-73.9263833,40.7602417,2026-01-22 19:38:55.207,_20260122_143545_CH01_REF_TMO_Ping_NJ DUT REF_L1.dml,,,,,,,,,,,,,,,,,,,,,,,,,31
677,1,,,-73.9263833,40.7602417,2026-01-22 19:38:55.396,_20260122_143545_CH01_REF_TMO_Ping_NJ DUT REF_L1.dml,,,,,,,,,,,,,,,,,,,,,,,,,29
678,1,,,-73.9263833,40.7602417,2026-01-22 19:38:55.599,_20260122_143545_CH01_REF_TMO_Ping_NJ DUT REF_L1.dml,,,,,,,,,,,,,,,,,,,,,,,,,30
679,1,,,-73.9263833,40.7602417,2026-01-22 19:38:55.803,_20260122_143545_CH01_REF_TMO_Ping_NJ DUT REF_L1.dml,,,,,,,,,,,,,,,,,,,,,,,,,32
680,1,,,-73.9263833,40.7602417,2026-01-22 19:38:55.818,_20260122_143545_CH01_REF_TMO_Ping_NJ DUT REF_L1.dml,,,,,,,,,,,,,,,,,,,,,,PING Traffic End,,,
681,1,,,-73.9263833,40.7602417,2026-01-22 19:38:56.000,_20260122_143545_CH01_REF_TMO_Ping_NJ DUT REF_L1.dml,,,,N41(100)+N71(15),NR SA,429,-83.420000,18.020000,,,,,,,,,,,,,0.016,,,,
682,1,,,-73.9263833,40.7602417,2026-01-22 19:38:57.000,_20260122_143545_CH01_REF_TMO_Ping_NJ DUT REF_L1.dml,,,,N41(100)+N71(15),,429,-82.500000,19.720000,,,,,,,,,,,,,0.000,,,,
683,1,,,-73.9263833,40.7602417,2026-01-22 19:38:58.000,_20260122_143545_CH01_REF_TMO_Ping_NJ DUT REF_L1.dml,,,,N41(100)+N71(15),,429,-83.510000,18.270000,,,,,,,,,,,,,0.000,,,,
684,1,,,-73.9263833,40.7602417,2026-01-22 19:38:58.818,_20260122_143545_CH01_REF_TMO_Ping_NJ DUT REF_L1.dml,,,,,,,,,,,,,,,,,,,,,,TIMEOUT_Idle,,,
685,1,,,-73.9263833,40.7602417,2026-01-22 19:38:58.818,_20260122_143545_CH01_REF_TMO_Ping_NJ DUT REF_L1.dml,,,,,,,,,,,,,,,,,,,,,,,,0,
686,1,,,-73.9263833,40.7602417,2026-01-22 19:38:58.818,_20260122_143545_CH01_REF_TMO_Ping_NJ DUT REF_L1.dml,,,,,,,,,,,,,,,,,,,,,,PING START,,,
687,1,,,-73.9263833,40.7602417,2026-01-22 19:38:59.000,_20260122_143545_CH01_REF_TMO_Ping_NJ DUT REF_L1.dml,,,,N41(100)+N71(15),,429,-81.780000,19.650000,,,,,,,,,,,,,0.008,,,,
688,1,,,-73.9263833,40.7602417,2026-01-22 19:39:00.000,_20260122_143545_CH01_REF_TMO_Ping_NJ DUT REF_L1.dml,,,,N41(100)+N71(15),,429,-81.180000,20.040000,,,,,,,,,,,,,0.000,,,,
689,1,,,-73.9263833,40.7602417,2026-01-22 19:39:01.000,_20260122_143545_CH01_REF_TMO_Ping_NJ DUT REF_L1.dml,,,,N41(100)+N71(15),,429,-81.380000,21.460000,,,,,,,,,,,,,0.000,,,,
690,1,,,-73.9263833,40.7602417,2026-01-22 19:39:01.832,_20260122_143545_CH01_REF_TMO_Ping_NJ DUT REF_L1.dml,,,,,,,,,,,,,,,,,,,,,,TIMEOUT_FrontIdle,,,
691,1,,,-73.9263833,40.7602417,2026-01-22 19:39:01.832,_20260122_143545_CH01_REF_TMO_Ping_NJ DUT REF_L1.dml,,,,,,,,,,,,,,,,,,,,,,PING Traffic Start,,,
692,1,,,-73.9263833,40.7602417,2026-01-22 19:39:02.000,_20260122_143545_CH01_REF_TMO_Ping_NJ DUT REF_L1.dml,,,,N41(100)+N71(15),NR SA,429,-81.120000,22.020000,,,,,,,,,,,,,,,,,
693,1,,,-73.9263833,40.7602417,2026-01-22 19:39:02.021,_20260122_143545_CH01_REF_TMO_Ping_NJ DUT REF_L1.dml,,,,,,,,,,,,,,,,,,,,,,,,,24
694,1,,,-73.9263833,40.7602417,2026-01-22 19:39:02.239,_20260122_143545_CH01_REF_TMO_Ping_NJ DUT REF_L1.dml,,,,,,,,,,,,,,,,,,,,,,,,,49
695,1,,,-73.9263833,40.7602417,2026-01-22 19:39:02.458,_20260122_143545_CH01_REF_TMO_Ping_NJ DUT REF_L1.dml,,,,,,,,,,,,,,,,,,,,,,,,,58
696,1,,,-73.9263833,40.7602417,2026-01-22 19:39:02.646,_20260122_143545_CH01_REF_TMO_Ping_NJ DUT REF_L1.dml,,,,,,,,,,,,,,,,,,,,,,,,,45
697,1,,,-73.9263833,40.7602417,2026-01-22 19:39:02.849,_20260122_143545_CH01_REF_TMO_Ping_NJ DUT REF_L1.dml,,,,,,,,,,,,,,,,,,,,,,,,,48
698,1,,,-73.9263833,40.7602417,2026-01-22 19:39:03.000,_20260122_143545_CH01_REF_TMO_Ping_NJ DUT REF_L1.dml,,,,N41(100)+N71(15),NR SA,429,-80.860000,22.960000,,,,,,,,,,,,,0.000,,,,
699,1,,,-73.9263833,40.7602417,2026-01-22 19:39:03.036,_20260122_143545_CH01_REF_TMO_Ping_NJ DUT REF_L1.dml,,,,,,,,,,,,,,,,,,,,,,,,,40
700,1,,,-73.9263833,40.7602417,2026-01-22 19:39:03.239,_20260122_143545_CH01_REF_TMO_Ping_NJ DUT REF_L1.dml,,,,,,,,,,,,,,,,,,,,,,,,,43
701,1,,,-73.9263833,40.7602417,2026-01-22 19:39:03.443,_20260122_143545_CH01_REF_TMO_Ping_NJ DUT REF_L1.dml,,,,,,,,,,,,,,,,,,,,,,,,,37
702,1,,,-73.9263833,40.7602417,2026-01-22 19:39:03.646,_20260122_143545_CH01_REF_TMO_Ping_NJ DUT REF_L1.dml,,,,,,,,,,,,,,,,,,,,,,,,,35
703,1,,,-73.9263833,40.7602417,2026-01-22 19:39:03.880,_20260122_143545_CH01_REF_TMO_Ping_NJ DUT REF_L1.dml,,,,,,,,,,,,,,,,,,,,,,,,,34
704,1,,,-73.9263833,40.7602417,2026-01-22 19:39:04.000,_20260122_143545_CH01_REF_TMO_Ping_NJ DUT REF_L1.dml,,,,N41(100)+N71(15),NR SA,429,-81.600000,21.280000,,,,,,,,,,,,,0.000,,,,
705,1,,,-73.9263833,40.7602417,2026-01-22 19:39:04.036,_20260122_143545_CH01_REF_TMO_Ping_NJ DUT REF_L1.dml,,,,,,,,,,,,,,,,,,,,,,,,,33
706,1,,,-73.9263833,40.7602417,2026-01-22 19:39:04.239,_20260122_143545_CH01_REF_TMO_Ping_NJ DUT REF_L1.dml,,,,,,,,,,,,,,,,,,,,,,,,,32
707,1,,,-73.9263833,40.7602417,2026-01-22 19:39:04.442,_20260122_143545_CH01_REF_TMO_Ping_NJ DUT REF_L1.dml,,,,,,,,,,,,,,,,,,,,,,,,,30
708,1,,,-73.9263833,40.7602417,2026-01-22 19:39:04.646,_20260122_143545_CH01_REF_TMO_Ping_NJ DUT REF_L1.dml,,,,,,,,,,,,,,,,,,,,,,,,,30
709,1,,,-73.9263833,40.7602417,2026-01-22 19:39:04.849,_20260122_143545_CH01_REF_TMO_Ping_NJ DUT REF_L1.dml,,,,,,,,,,,,,,,,,,,,,,,,,29
710,1,,,-73.9263833,40.7602417,2026-01-22 19:39:05.000,_20260122_143545_CH01_REF_TMO_Ping_NJ DUT REF_L1.dml,,,,N41(100)+N71(15),NR SA,429,-82.040000,20.080000,,,,,,,,,,,,,0.008,,,,
711,1,,,-73.9263833,40.7602417,2026-01-22 19:39:05.036,_20260122_143545_CH01_REF_TMO_Ping_NJ DUT REF_L1.dml,,,,,,,,,,,,,,,,,,,,,,,,,28
712,1,,,-73.9263833,40.7602417,2026-01-22 19:39:05.239,_20260122_143545_CH01_REF_TMO_Ping_NJ DUT REF_L1.dml,,,,,,,,,,,,,,,,,,,,,,,,,26
713,1,,,-73.9263833,40.7602417,2026-01-22 19:39:05.443,_20260122_143545_CH01_REF_TMO_Ping_NJ DUT REF_L1.dml,,,,,,,,,,,,,,,,,,,,,,,,,26
714,1,,,-73.9263833,40.7602417,2026-01-22 19:39:05.646,_20260122_143545_CH01_REF_TMO_Ping_NJ DUT REF_L1.dml,,,,,,,,,,,,,,,,,,,,,,,,,24
715,1,,,-73.9263833,40.7602417,2026-01-22 19:39:05.864,_20260122_143545_CH01_REF_TMO_Ping_NJ DUT REF_L1.dml,,,,,,,,,,,,,,,,,,,,,,,,,51
716,1,,,-73.9263833,40.7602417,2026-01-22 19:39:06.000,_20260122_143545_CH01_REF_TMO_Ping_NJ DUT REF_L1.dml,,,,N41(100)+N71(15),NR SA,429,-82.790000,19.310000,,,,,,,,,,,,,0.000,,,,
717,1,,,-73.9263833,40.7602417,2026-01-22 19:39:06.036,_20260122_143545_CH01_REF_TMO_Ping_NJ DUT REF_L1.dml,,,,,,,,,,,,,,,,,,,,,,,,,21
718,1,,,-73.9263833,40.7602417,2026-01-22 19:39:06.255,_20260122_143545_CH01_REF_TMO_Ping_NJ DUT REF_L1.dml,,,,,,,,,,,,,,,,,,,,,,,,,39
719,1,,,-73.9263833,40.7602417,2026-01-22 19:39:06.457,_20260122_143545_CH01_REF_TMO_Ping_NJ DUT REF_L1.dml,,,,,,,,,,,,,,,,,,,,,,,,,37
720,1,,,-73.9263833,40.7602417,2026-01-22 19:39:06.661,_20260122_143545_CH01_REF_TMO_Ping_NJ DUT REF_L1.dml,,,,,,,,,,,,,,,,,,,,,,,,,36
721,1,,,-73.9263833,40.7602417,2026-01-22 19:39:06.911,_20260122_143545_CH01_REF_TMO_Ping_NJ DUT REF_L1.dml,,,,,,,,,,,,,,,,,,,,,,,,,48
722,1,,,-73.9263833,40.7602417,2026-01-22 19:39:07.000,_20260122_143545_CH01_REF_TMO_Ping_NJ DUT REF_L1.dml,,,,N41(100)+N71(15),NR SA,429,-82.660000,18.320000,,,,,,,,,,,,,0.024,,,,
723,1,,,-73.9263833,40.7602417,2026-01-22 19:39:07.896,_20260122_143545_CH01_REF_TMO_Ping_NJ DUT REF_L1.dml,,,,,,,,,,,,,,,,,,,,,,PING Traffic End,,,
724,1,,,-73.9263833,40.7602417,2026-01-22 19:39:08.000,_20260122_143545_CH01_REF_TMO_Ping_NJ DUT REF_L1.dml,,,,N41(100)+N71(15),,429,-81.780000,18.520000,,,,,,,,,,,,,0.008,,,,
725,1,,,-73.9263833,40.7602417,2026-01-22 19:39:09.000,_20260122_143545_CH01_REF_TMO_Ping_NJ DUT REF_L1.dml,,,,N41(100)+N71(15),,429,-82.060000,19.100000,,,,,,,,,,,,,0.000,,,,
726,1,,,-73.9263833,40.7602417,2026-01-22 19:39:10.000,_20260122_143545_CH01_REF_TMO_Ping_NJ DUT REF_L1.dml,,,,N41(100)+N71(15),,429,-78.380000,20.310000,,,,,,,,,,,,,0.000,,,,
727,1,,,-73.9263833,40.7602417,2026-01-22 19:39:10.896,_20260122_143545_CH01_REF_TMO_Ping_NJ DUT REF_L1.dml,,,,,,,,,,,,,,,,,,,,,,TIMEOUT_Idle,,,
728,1,,,-73.9263833,40.7602417,2026-01-22 19:39:10.896,_20260122_143545_CH01_REF_TMO_Ping_NJ DUT REF_L1.dml,,,,,,,,,,,,,,,,,,,,,,,,0,
729,1,,,-73.9263833,40.7602417,2026-01-22 19:39:10.896,_20260122_143545_CH01_REF_TMO_Ping_NJ DUT REF_L1.dml,,,,,,,,,,,,,,,,,,,,,,PING START,,,
730,1,,,-73.9263833,40.7602417,2026-01-22 19:39:11.000,_20260122_143545_CH01_REF_TMO_Ping_NJ DUT REF_L1.dml,,,,N41(100)+N71(15),,429,-71.530000,20.600000,,,,,,,,,,,,,0.000,,,,
731,1,,,-73.9263833,40.7602417,2026-01-22 19:39:12.000,_20260122_143545_CH01_REF_TMO_Ping_NJ DUT REF_L1.dml,,,,N41(100)+N71(15),,429,-71.660000,21.480000,,,,,,,,,,,,,0.000,,,,
732,1,,,-73.9263833,40.7602417,2026-01-22 19:39:13.000,_20260122_143545_CH01_REF_TMO_Ping_NJ DUT REF_L1.dml,,,,N41(100)+N71(15),,429,-71.790000,21.400000,,,,,,,,,,,,,,,,,
733,1,,,-73.9263833,40.7602417,2026-01-22 19:39:13.911,_20260122_143545_CH01_REF_TMO_Ping_NJ DUT REF_L1.dml,,,,,,,,,,,,,,,,,,,,,,TIMEOUT_FrontIdle,,,
734,1,,,-73.9263833,40.7602417,2026-01-22 19:39:13.911,_20260122_143545_CH01_REF_TMO_Ping_NJ DUT REF_L1.dml,,,,,,,,,,,,,,,,,,,,,,PING Traffic Start,,,
735,1,,,-73.9263833,40.7602417,2026-01-22 19:39:14.000,_20260122_143545_CH01_REF_TMO_Ping_NJ DUT REF_L1.dml,,,,N41(100)+N71(15),NR SA,429,-71.800000,21.390000,,,,,,,,,,,,,0.000,,,,
736,1,,,-73.9263833,40.7602417,2026-01-22 19:39:14.067,_20260122_143545_CH01_REF_TMO_Ping_NJ DUT REF_L1.dml,,,,,,,,,,,,,,,,,,,,,,,,,22
737,1,,,-73.9263833,40.7602417,2026-01-22 19:39:14.286,_20260122_143545_CH01_REF_TMO_Ping_NJ DUT REF_L1.dml,,,,,,,,,,,,,,,,,,,,,,,,,40
738,1,,,-73.9263833,40.7602417,2026-01-22 19:39:14.489,_20260122_143545_CH01_REF_TMO_Ping_NJ DUT REF_L1.dml,,,,,,,,,,,,,,,,,,,,,,,,,39
739,1,,,-73.9263833,40.7602417,2026-01-22 19:39:14.678,_20260122_143545_CH01_REF_TMO_Ping_NJ DUT REF_L1.dml,,,,,,,,,,,,,,,,,,,,,,,,,39
740,1,,,-73.9263833,40.7602417,2026-01-22 19:39:14.880,_20260122_143545_CH01_REF_TMO_Ping_NJ DUT REF_L1.dml,,,,,,,,,,,,,,,,,,,,,,,,,38
741,1,,,-73.9263833,40.7602417,2026-01-22 19:39:15.000,_20260122_143545_CH01_REF_TMO_Ping_NJ DUT REF_L1.dml,,,,N41(100)+N71(15),NR SA,429,-71.620000,21.720000,,,,,,,,,,,,,0.016,,,,
742,1,,,-73.9263833,40.7602417,2026-01-22 19:39:15.083,_20260122_143545_CH01_REF_TMO_Ping_NJ DUT REF_L1.dml,,,,,,,,,,,,,,,,,,,,,,,,,35
743,1,,,-73.9263833,40.7602417,2026-01-22 19:39:15.286,_20260122_143545_CH01_REF_TMO_Ping_NJ DUT REF_L1.dml,,,,,,,,,,,,,,,,,,,,,,,,,35
744,1,,,-73.9263833,40.7602417,2026-01-22 19:39:15.474,_20260122_143545_CH01_REF_TMO_Ping_NJ DUT REF_L1.dml,,,,,,,,,,,,,,,,,,,,,,,,,33
745,1,,,-73.9263833,40.7602417,2026-01-22 19:39:15.677,_20260122_143545_CH01_REF_TMO_Ping_NJ DUT REF_L1.dml,,,,,,,,,,,,,,,,,,,,,,,,,31
746,1,,,-73.9263833,40.7602417,2026-01-22 19:39:15.880,_20260122_143545_CH01_REF_TMO_Ping_NJ DUT REF_L1.dml,,,,,,,,,,,,,,,,,,,,,,,,,31
747,1,,,-73.9263833,40.7602417,2026-01-22 19:39:16.000,_20260122_143545_CH01_REF_TMO_Ping_NJ DUT REF_L1.dml,,,,N41(100)+N71(15),NR SA,429,-72.660000,20.520000,,,,,,,,,,,,,0.016,,,,
748,1,,,-73.9263833,40.7602417,2026-01-22 19:39:16.082,_20260122_143545_CH01_REF_TMO_Ping_NJ DUT REF_L1.dml,,,,,,,,,,,,,,,,,,,,,,,,,26
749,1,,,-73.9263833,40.7602417,2026-01-22 19:39:16.271,_20260122_143545_CH01_REF_TMO_Ping_NJ DUT REF_L1.dml,,,,,,,,,,,,,,,,,,,,,,,,,26
750,1,,,-73.9263833,40.7602417,2026-01-22 19:39:16.474,_20260122_143545_CH01_REF_TMO_Ping_NJ DUT REF_L1.dml,,,,,,,,,,,,,,,,,,,,,,,,,25
751,1,,,-73.9263833,40.7602417,2026-01-22 19:39:16.678,_20260122_143545_CH01_REF_TMO_Ping_NJ DUT REF_L1.dml,,,,,,,,,,,,,,,,,,,,,,,,,25
752,1,,,-73.9263833,40.7602417,2026-01-22 19:39:16.896,_20260122_143545_CH01_REF_TMO_Ping_NJ DUT REF_L1.dml,,,,,,,,,,,,,,,,,,,,,,,,,43
753,1,,,-73.9263833,40.7602417,2026-01-22 19:39:17.000,_20260122_143545_CH01_REF_TMO_Ping_NJ DUT REF_L1.dml,,,,N41(100)+N71(15),NR SA,429,-72.380000,20.580000,,,,,,,,,,,,,0.048,,,,
754,1,,,-73.9263833,40.7602417,2026-01-22 19:39:17.083,_20260122_143545_CH01_REF_TMO_Ping_NJ DUT REF_L1.dml,,,,,,,,,,,,,,,,,,,,,,,,,22
755,1,,,-73.9263833,40.7602417,2026-01-22 19:39:17.302,_20260122_143545_CH01_REF_TMO_Ping_NJ DUT REF_L1.dml,,,,,,,,,,,,,,,,,,,,,,,,,43
756,1,,,-73.9263833,40.7602417,2026-01-22 19:39:17.505,_20260122_143545_CH01_REF_TMO_Ping_NJ DUT REF_L1.dml,,,,,,,,,,,,,,,,,,,,,,,,,39
757,1,,,-73.9263833,40.7602417,2026-01-22 19:39:17.707,_20260122_143545_CH01_REF_TMO_Ping_NJ DUT REF_L1.dml,,,,,,,,,,,,,,,,,,,,,,,,,37
758,1,,,-73.9263833,40.7602417,2026-01-22 19:39:17.896,_20260122_143545_CH01_REF_TMO_Ping_NJ DUT REF_L1.dml,,,,,,,,,,,,,,,,,,,,,,,,,37
759,1,,,-73.9263833,40.7602417,2026-01-22 19:39:18.000,_20260122_143545_CH01_REF_TMO_Ping_NJ DUT REF_L1.dml,,,,N41(100)+N71(15),NR SA,429,-72.360000,20.540000,,,,,,,,,,,,,0.008,,,,
760,1,,,-73.9263833,40.7602417,2026-01-22 19:39:18.099,_20260122_143545_CH01_REF_TMO_Ping_NJ DUT REF_L1.dml,,,,,,,,,,,,,,,,,,,,,,,,,33
761,1,,,-73.9263833,40.7602417,2026-01-22 19:39:18.303,_20260122_143545_CH01_REF_TMO_Ping_NJ DUT REF_L1.dml,,,,,,,,,,,,,,,,,,,,,,,,,36
762,1,,,-73.9263833,40.7602417,2026-01-22 19:39:18.505,_20260122_143545_CH01_REF_TMO_Ping_NJ DUT REF_L1.dml,,,,,,,,,,,,,,,,,,,,,,,,,31
763,1,,,-73.9263833,40.7602417,2026-01-22 19:39:18.692,_20260122_143545_CH01_REF_TMO_Ping_NJ DUT REF_L1.dml,,,,,,,,,,,,,,,,,,,,,,,,,31
764,1,,,-73.9263833,40.7602417,2026-01-22 19:39:18.896,_20260122_143545_CH01_REF_TMO_Ping_NJ DUT REF_L1.dml,,,,,,,,,,,,,,,,,,,,,,,,,29
765,1,,,-73.9263833,40.7602417,2026-01-22 19:39:18.957,_20260122_143545_CH01_REF_TMO_Ping_NJ DUT REF_L1.dml,,,,,,,,,,,,,,,,,,,,,,PING Traffic End,,,
766,1,,,-73.9263833,40.7602417,2026-01-22 19:39:19.000,_20260122_143545_CH01_REF_TMO_Ping_NJ DUT REF_L1.dml,,,,N41(100)+N71(15),NR SA,429,-71.940000,21.100000,,,,,,,,,,,,,0.016,,,,
767,1,,,-73.9263833,40.7602417,2026-01-22 19:39:20.000,_20260122_143545_CH01_REF_TMO_Ping_NJ DUT REF_L1.dml,,,,N41(100)+N71(15),,429,-72.000000,22.020000,,,,,,,,,,,,,0.008,,,,
768,1,,,-73.9263833,40.7602417,2026-01-22 19:39:21.000,_20260122_143545_CH01_REF_TMO_Ping_NJ DUT REF_L1.dml,,,,N41(100)+N71(15),,429,-71.280000,20.880000,,,,,,,,,,,,,0.000,,,,
769,1,,,-73.9263833,40.7602417,2026-01-22 19:39:21.957,_20260122_143545_CH01_REF_TMO_Ping_NJ DUT REF_L1.dml,,,,,,,,,,,,,,,,,,,,,,TIMEOUT_Idle,,,
770,1,,,-73.9263833,40.7602417,2026-01-22 19:39:21.957,_20260122_143545_CH01_REF_TMO_Ping_NJ DUT REF_L1.dml,,,,,,,,,,,,,,,,,,,,,,,,0,
771,1,,,-73.9263833,40.7602417,2026-01-22 19:39:21.957,_20260122_143545_CH01_REF_TMO_Ping_NJ DUT REF_L1.dml,,,,,,,,,,,,,,,,,,,,,,PING START,,,
772,1,,,-73.9263833,40.7602417,2026-01-22 19:39:22.000,_20260122_143545_CH01_REF_TMO_Ping_NJ DUT REF_L1.dml,,,,N41(100)+N71(15),,429,-71.600000,19.740000,,,,,,,,,,,,,0.000,,,,
773,1,,,-73.9263833,40.7602417,2026-01-22 19:39:23.000,_20260122_143545_CH01_REF_TMO_Ping_NJ DUT REF_L1.dml,,,,N41(100)+N71(15),,429,-71.520000,19.860000,,,,,,,,,,,,,0.000,,,,
774,1,,,-73.9263833,40.7602417,2026-01-22 19:39:24.000,_20260122_143545_CH01_REF_TMO_Ping_NJ DUT REF_L1.dml,,,,N41(100)+N71(15),,429,-71.800000,19.480000,,,,,,,,,,,,,0.000,,,,
775,1,,,-73.9263833,40.7602417,2026-01-22 19:39:24.958,_20260122_143545_CH01_REF_TMO_Ping_NJ DUT REF_L1.dml,,,,,,,,,,,,,,,,,,,,,,TIMEOUT_FrontIdle,,,
776,1,,,-73.9263833,40.7602417,2026-01-22 19:39:24.958,_20260122_143545_CH01_REF_TMO_Ping_NJ DUT REF_L1.dml,,,,,,,,,,,,,,,,,,,,,,PING Traffic Start,,,
777,1,,,-73.9263833,40.7602417,2026-01-22 19:39:25.000,_20260122_143545_CH01_REF_TMO_Ping_NJ DUT REF_L1.dml,,,,N41(100)+N71(15),NR SA,429,-71.780000,19.300000,,,,,,,,,,,,,0.000,,,,
778,1,,,-73.9263833,40.7602417,2026-01-22 19:39:25.146,_20260122_143545_CH01_REF_TMO_Ping_NJ DUT REF_L1.dml,,,,,,,,,,,,,,,,,,,,,,,,,37
779,1,,,-73.9263833,40.7602417,2026-01-22 19:39:25.349,_20260122_143545_CH01_REF_TMO_Ping_NJ DUT REF_L1.dml,,,,,,,,,,,,,,,,,,,,,,,,,45
780,1,,,-73.9263833,40.7602417,2026-01-22 19:39:25.536,_20260122_143545_CH01_REF_TMO_Ping_NJ DUT REF_L1.dml,,,,,,,,,,,,,,,,,,,,,,,,,35
781,1,,,-73.9263833,40.7602417,2026-01-22 19:39:25.739,_20260122_143545_CH01_REF_TMO_Ping_NJ DUT REF_L1.dml,,,,,,,,,,,,,,,,,,,,,,,,,33
782,1,,,-73.9263833,40.7602417,2026-01-22 19:39:25.958,_20260122_143545_CH01_REF_TMO_Ping_NJ DUT REF_L1.dml,,,,,,,,,,,,,,,,,,,,,,,,,37
783,1,,,-73.9263833,40.7602417,2026-01-22 19:39:26.000,_20260122_143545_CH01_REF_TMO_Ping_NJ DUT REF_L1.dml,,,,N41(100)+N71(15),NR SA,429,-71.440000,20.190000,,,,,,,,,,,,,0.016,,,,
784,1,,,-73.9263833,40.7602417,2026-01-22 19:39:26.161,_20260122_143545_CH01_REF_TMO_Ping_NJ DUT REF_L1.dml,,,,,,,,,,,,,,,,,,,,,,,,,36
785,1,,,-73.9263833,40.7602417,2026-01-22 19:39:26.364,_20260122_143545_CH01_REF_TMO_Ping_NJ DUT REF_L1.dml,,,,,,,,,,,,,,,,,,,,,,,,,35
786,1,,,-73.9263833,40.7602417,2026-01-22 19:39:26.567,_20260122_143545_CH01_REF_TMO_Ping_NJ DUT REF_L1.dml,,,,,,,,,,,,,,,,,,,,,,,,,40
787,1,,,-73.9263833,40.7602417,2026-01-22 19:39:26.755,_20260122_143545_CH01_REF_TMO_Ping_NJ DUT REF_L1.dml,,,,,,,,,,,,,,,,,,,,,,,,,33
788,1,,,-73.9263833,40.7602417,2026-01-22 19:39:26.957,_20260122_143545_CH01_REF_TMO_Ping_NJ DUT REF_L1.dml,,,,,,,,,,,,,,,,,,,,,,,,,30
789,1,,,-73.9263833,40.7602417,2026-01-22 19:39:27.000,_20260122_143545_CH01_REF_TMO_Ping_NJ DUT REF_L1.dml,,,,N41(100)+N71(15),NR SA,429,-69.860000,21.330000,,,,,,,,,,,,,0.016,,,,
790,1,,,-73.9263833,40.7602417,2026-01-22 19:39:27.161,_20260122_143545_CH01_REF_TMO_Ping_NJ DUT REF_L1.dml,,,,,,,,,,,,,,,,,,,,,,,,,30
791,1,,,-73.9263833,40.7602417,2026-01-22 19:39:27.364,_20260122_143545_CH01_REF_TMO_Ping_NJ DUT REF_L1.dml,,,,,,,,,,,,,,,,,,,,,,,,,32
792,1,,,-73.9263833,40.7602417,2026-01-22 19:39:27.568,_20260122_143545_CH01_REF_TMO_Ping_NJ DUT REF_L1.dml,,,,,,,,,,,,,,,,,,,,,,,,,28
793,1,,,-73.9263833,40.7602417,2026-01-22 19:39:27.755,_20260122_143545_CH01_REF_TMO_Ping_NJ DUT REF_L1.dml,,,,,,,,,,,,,,,,,,,,,,,,,27
794,1,,,-73.9263833,40.7602417,2026-01-22 19:39:27.958,_20260122_143545_CH01_REF_TMO_Ping_NJ DUT REF_L1.dml,,,,,,,,,,,,,,,,,,,,,,,,,25
795,1,,,-73.9263833,40.7602417,2026-01-22 19:39:28.000,_20260122_143545_CH01_REF_TMO_Ping_NJ DUT REF_L1.dml,,,,N41(100)+N71(15),NR SA,429,-70.880000,21.720000,,,,,,,,,,,,,0.008,,,,
796,1,,,-73.9263833,40.7602417,2026-01-22 19:39:28.161,_20260122_143545_CH01_REF_TMO_Ping_NJ DUT REF_L1.dml,,,,,,,,,,,,,,,,,,,,,,,,,24
797,1,,,-73.9263833,40.7602417,2026-01-22 19:39:28.364,_20260122_143545_CH01_REF_TMO_Ping_NJ DUT REF_L1.dml,,,,,,,,,,,,,,,,,,,,,,,,,23
798,1,,,-73.9263833,40.7602417,2026-01-22 19:39:28.582,_20260122_143545_CH01_REF_TMO_Ping_NJ DUT REF_L1.dml,,,,,,,,,,,,,,,,,,,,,,,,,43
799,1,,,-73.9263833,40.7602417,2026-01-22 19:39:28.755,_20260122_143545_CH01_REF_TMO_Ping_NJ DUT REF_L1.dml,,,,,,,,,,,,,,,,,,,,,,,,,22
800,1,,,-73.9263833,40.7602417,2026-01-22 19:39:28.989,_20260122_143545_CH01_REF_TMO_Ping_NJ DUT REF_L1.dml,,,,,,,,,,,,,,,,,,,,,,,,,42
801,1,,,-73.9263833,40.7602417,2026-01-22 19:39:29.000,_20260122_143545_CH01_REF_TMO_Ping_NJ DUT REF_L1.dml,,,,N41(100)+N71(15),NR SA,429,-71.260000,21.760000,,,,,,,,,,,,,0.008,,,,
802,1,,,-73.9263833,40.7602417,2026-01-22 19:39:29.178,_20260122_143545_CH01_REF_TMO_Ping_NJ DUT REF_L1.dml,,,,,,,,,,,,,,,,,,,,,,,,,39
803,1,,,-73.9263833,40.7602417,2026-01-22 19:39:29.380,_20260122_143545_CH01_REF_TMO_Ping_NJ DUT REF_L1.dml,,,,,,,,,,,,,,,,,,,,,,,,,39
804,1,,,-73.9263833,40.7602417,2026-01-22 19:39:29.583,_20260122_143545_CH01_REF_TMO_Ping_NJ DUT REF_L1.dml,,,,,,,,,,,,,,,,,,,,,,,,,37
805,1,,,-73.9263833,40.7602417,2026-01-22 19:39:29.786,_20260122_143545_CH01_REF_TMO_Ping_NJ DUT REF_L1.dml,,,,,,,,,,,,,,,,,,,,,,,,,35
806,1,,,-73.9263833,40.7602417,2026-01-22 19:39:29.989,_20260122_143545_CH01_REF_TMO_Ping_NJ DUT REF_L1.dml,,,,,,,,,,,,,,,,,,,,,,,,,34
807,1,,,-73.9263833,40.7602417,2026-01-22 19:39:30.021,_20260122_143545_CH01_REF_TMO_Ping_NJ DUT REF_L1.dml,,,,,,,,,,,,,,,,,,,,,,PING Traffic End,,,
808,1,,,-73.9263833,40.7602417,2026-01-22 19:39:30.000,_20260122_143545_CH01_REF_TMO_Ping_NJ DUT REF_L1.dml,,,,N41(100)+N71(15),NR SA,429,-70.680000,21.000000,,,,,,,,,,,,,0.016,,,,
809,1,,,-73.9263833,40.7602417,2026-01-22 19:39:31.000,_20260122_143545_CH01_REF_TMO_Ping_NJ DUT REF_L1.dml,,,,N41(100)+N71(15),,429,-71.320000,21.380000,,,,,,,,,,,,,0.000,,,,
810,1,,,-73.9263833,40.7602417,2026-01-22 19:39:32.000,_20260122_143545_CH01_REF_TMO_Ping_NJ DUT REF_L1.dml,,,,N41(100)+N71(15),,429,-71.320000,21.960000,,,,,,,,,,,,,0.000,,,,
811,1,,,-73.9263833,40.7602417,2026-01-22 19:39:33.021,_20260122_143545_CH01_REF_TMO_Ping_NJ DUT REF_L1.dml,,,,,,,,,,,,,,,,,,,,,,TIMEOUT_Idle,,,
812,1,,,-73.9263833,40.7602417,2026-01-22 19:39:33.021,_20260122_143545_CH01_REF_TMO_Ping_NJ DUT REF_L1.dml,,,,,,,,,,,,,,,,,,,,,,,,0,
813,1,,,-73.9263833,40.7602417,2026-01-22 19:39:33.021,_20260122_143545_CH01_REF_TMO_Ping_NJ DUT REF_L1.dml,,,,,,,,,,,,,,,,,,,,,,PING START,,,
814,1,,,-73.9263833,40.7602417,2026-01-22 19:39:33.000,_20260122_143545_CH01_REF_TMO_Ping_NJ DUT REF_L1.dml,,,,N41(100)+N71(15),,429,-70.590000,21.800000,,,,,,,,,,,,,0.000,,,,
815,1,,,-73.9263833,40.7602417,2026-01-22 19:39:34.000,_20260122_143545_CH01_REF_TMO_Ping_NJ DUT REF_L1.dml,,,,N41(100)+N71(15),,429,-70.520000,21.780000,,,,,,,,,,,,,,,,,
816,1,,,-73.9263833,40.7602417,2026-01-22 19:39:35.000,_20260122_143545_CH01_REF_TMO_Ping_NJ DUT REF_L1.dml,,,,N41(100)+N71(15),,429,-70.360000,21.920000,,,,,,,,,,,,,0.000,,,,
817,1,,,-73.9263833,40.7602417,2026-01-22 19:39:36.036,_20260122_143545_CH01_REF_TMO_Ping_NJ DUT REF_L1.dml,,,,,,,,,,,,,,,,,,,,,,TIMEOUT_FrontIdle,,,
818,1,,,-73.9263833,40.7602417,2026-01-22 19:39:36.036,_20260122_143545_CH01_REF_TMO_Ping_NJ DUT REF_L1.dml,,,,,,,,,,,,,,,,,,,,,,PING Traffic Start,,,
819,1,,,-73.9263833,40.7602417,2026-01-22 19:39:36.000,_20260122_143545_CH01_REF_TMO_Ping_NJ DUT REF_L1.dml,,,,N41(100)+N71(15),NR SA,429,-70.960000,21.180000,,,,,,,,,,,,,0.000,,,,
820,1,,,-73.9263833,40.7602417,2026-01-22 19:39:36.239,_20260122_143545_CH01_REF_TMO_Ping_NJ DUT REF_L1.dml,,,,,,,,,,,,,,,,,,,,,,,,,36
821,1,,,-73.9263833,40.7602417,2026-01-22 19:39:36.442,_20260122_143545_CH01_REF_TMO_Ping_NJ DUT REF_L1.dml,,,,,,,,,,,,,,,,,,,,,,,,,34
822,1,,,-73.9263833,40.7602417,2026-01-22 19:39:36.646,_20260122_143545_CH01_REF_TMO_Ping_NJ DUT REF_L1.dml,,,,,,,,,,,,,,,,,,,,,,,,,33
823,1,,,-73.9263833,40.7602417,2026-01-22 19:39:36.832,_20260122_143545_CH01_REF_TMO_Ping_NJ DUT REF_L1.dml,,,,,,,,,,,,,,,,,,,,,,,,,31
824,1,,,-73.9263833,40.7602417,2026-01-22 19:39:37.000,_20260122_143545_CH01_REF_TMO_Ping_NJ DUT REF_L1.dml,,,,N41(100)+N71(15),NR SA,429,-71.660000,21.480000,,,,,,,,,,,,,0.000,,,,
825,1,,,-73.9263833,40.7602417,2026-01-22 19:39:37.083,_20260122_143545_CH01_REF_TMO_Ping_NJ DUT REF_L1.dml,,,,,,,,,,,,,,,,,,,,,,,,,32
826,1,,,-73.9263833,40.7602417,2026-01-22 19:39:37.239,_20260122_143545_CH01_REF_TMO_Ping_NJ DUT REF_L1.dml,,,,,,,,,,,,,,,,,,,,,,,,,30
827,1,,,-73.9263833,40.7602417,2026-01-22 19:39:37.443,_20260122_143545_CH01_REF_TMO_Ping_NJ DUT REF_L1.dml,,,,,,,,,,,,,,,,,,,,,,,,,30
828,1,,,-73.9263833,40.7602417,2026-01-22 19:39:37.646,_20260122_143545_CH01_REF_TMO_Ping_NJ DUT REF_L1.dml,,,,,,,,,,,,,,,,,,,,,,,,,32
829,1,,,-73.9263833,40.7602417,2026-01-22 19:39:37.832,_20260122_143545_CH01_REF_TMO_Ping_NJ DUT REF_L1.dml,,,,,,,,,,,,,,,,,,,,,,,,,27
830,1,,,-73.9263833,40.7602417,2026-01-22 19:39:38.052,_20260122_143545_CH01_REF_TMO_Ping_NJ DUT REF_L1.dml,,,,,,,,,,,,,,,,,,,,,,,,,35
831,1,,,-73.9263833,40.7602417,2026-01-22 19:39:38.000,_20260122_143545_CH01_REF_TMO_Ping_NJ DUT REF_L1.dml,,,,N41(100)+N71(15),NR SA,429,-71.680000,20.860000,,,,,,,,,,,,,0.008,,,,
832,1,,,-73.9263833,40.7602417,2026-01-22 19:39:38.255,_20260122_143545_CH01_REF_TMO_Ping_NJ DUT REF_L1.dml,,,,,,,,,,,,,,,,,,,,,,,,,33
833,1,,,-73.9263833,40.7602417,2026-01-22 19:39:38.457,_20260122_143545_CH01_REF_TMO_Ping_NJ DUT REF_L1.dml,,,,,,,,,,,,,,,,,,,,,,,,,44
834,1,,,-73.9263833,40.7602417,2026-01-22 19:39:38.661,_20260122_143545_CH01_REF_TMO_Ping_NJ DUT REF_L1.dml,,,,,,,,,,,,,,,,,,,,,,,,,43
835,1,,,-73.9263833,40.7602417,2026-01-22 19:39:38.849,_20260122_143545_CH01_REF_TMO_Ping_NJ DUT REF_L1.dml,,,,,,,,,,,,,,,,,,,,,,,,,24
836,1,,,-73.9263833,40.7602417,2026-01-22 19:39:39.000,_20260122_143545_CH01_REF_TMO_Ping_NJ DUT REF_L1.dml,,,,N41(100)+N71(15),NR SA,429,-72.580000,19.880000,,,,,,,,,,,,,0.000,,,,
837,1,,,-73.9263833,40.7602417,2026-01-22 19:39:39.053,_20260122_143545_CH01_REF_TMO_Ping_NJ DUT REF_L1.dml,,,,,,,,,,,,,,,,,,,,,,,,,42
838,1,,,-73.9263833,40.7602417,2026-01-22 19:39:39.255,_20260122_143545_CH01_REF_TMO_Ping_NJ DUT REF_L1.dml,,,,,,,,,,,,,,,,,,,,,,,,,40
839,1,,,-73.9263833,40.7602417,2026-01-22 19:39:39.457,_20260122_143545_CH01_REF_TMO_Ping_NJ DUT REF_L1.dml,,,,,,,,,,,,,,,,,,,,,,,,,38
840,1,,,-73.9263833,40.7602417,2026-01-22 19:39:39.661,_20260122_143545_CH01_REF_TMO_Ping_NJ DUT REF_L1.dml,,,,,,,,,,,,,,,,,,,,,,,,,36
841,1,,,-73.9263833,40.7602417,2026-01-22 19:39:39.864,_20260122_143545_CH01_REF_TMO_Ping_NJ DUT REF_L1.dml,,,,,,,,,,,,,,,,,,,,,,,,,36
842,1,,,-73.9263833,40.7602417,2026-01-22 19:39:40.000,_20260122_143545_CH01_REF_TMO_Ping_NJ DUT REF_L1.dml,,,,N41(100)+N71(15),NR SA,429,-72.190000,19.870000,,,,,,,,,,,,,0.008,,,,
843,1,,,-73.9263833,40.7602417,2026-01-22 19:39:40.082,_20260122_143545_CH01_REF_TMO_Ping_NJ DUT REF_L1.dml,,,,,,,,,,,,,,,,,,,,,,,,,38
844,1,,,-73.9263833,40.7602417,2026-01-22 19:39:40.255,_20260122_143545_CH01_REF_TMO_Ping_NJ DUT REF_L1.dml,,,,,,,,,,,,,,,,,,,,,,,,,33
845,1,,,-73.9263833,40.7602417,2026-01-22 19:39:40.458,_20260122_143545_CH01_REF_TMO_Ping_NJ DUT REF_L1.dml,,,,,,,,,,,,,,,,,,,,,,,,,31
846,1,,,-73.9263833,40.7602417,2026-01-22 19:39:40.661,_20260122_143545_CH01_REF_TMO_Ping_NJ DUT REF_L1.dml,,,,,,,,,,,,,,,,,,,,,,,,,40
847,1,,,-73.9263833,40.7602417,2026-01-22 19:39:40.880,_20260122_143545_CH01_REF_TMO_Ping_NJ DUT REF_L1.dml,,,,,,,,,,,,,,,,,,,,,,,,,40
848,1,,,-73.9263833,40.7602417,2026-01-22 19:39:41.000,_20260122_143545_CH01_REF_TMO_Ping_NJ DUT REF_L1.dml,,,,N41(100)+N71(15),NR SA,429,-71.950000,19.730000,,,,,,,,,,,,,0.008,,,,
849,1,,,-73.9263833,40.7602417,2026-01-22 19:39:41.067,_20260122_143545_CH01_REF_TMO_Ping_NJ DUT REF_L1.dml,,,,,,,,,,,,,,,,,,,,,,,,,37
850,1,,,-73.9263833,40.7602417,2026-01-22 19:39:41.082,_20260122_143545_CH01_REF_TMO_Ping_NJ DUT REF_L1.dml,,,,,,,,,,,,,,,,,,,,,,PING Traffic End,,,
851,1,,,-73.9263833,40.7602417,2026-01-22 19:39:42.000,_20260122_143545_CH01_REF_TMO_Ping_NJ DUT REF_L1.dml,,,,N41(100)+N71(15),NR SA,429,-71.920000,20.360000,,,,,,,,,,,,,0.016,,,,
852,1,,,-73.9263833,40.7602417,2026-01-22 19:39:43.000,_20260122_143545_CH01_REF_TMO_Ping_NJ DUT REF_L1.dml,,,,N41(100)+N71(15),,429,-71.500000,20.740000,,,,,,,,,,,,,0.000,,,,
853,1,,,-73.9263833,40.7602417,2026-01-22 19:39:44.000,_20260122_143545_CH01_REF_TMO_Ping_NJ DUT REF_L1.dml,,,,N41(100)+N71(15),,429,-71.480000,20.360000,,,,,,,,,,,,,0.000,,,,
854,1,,,-73.9263833,40.7602417,2026-01-22 19:39:44.099,_20260122_143545_CH01_REF_TMO_Ping_NJ DUT REF_L1.dml,,,,,,,,,,,,,,,,,,,,,,TIMEOUT_Idle,,,
855,1,,,-73.9263833,40.7602417,2026-01-22 19:39:44.099,_20260122_143545_CH01_REF_TMO_Ping_NJ DUT REF_L1.dml,,,,,,,,,,,,,,,,,,,,,,,,0,
856,1,,,-73.9263833,40.7602417,2026-01-22 19:39:44.099,_20260122_143545_CH01_REF_TMO_Ping_NJ DUT REF_L1.dml,,,,,,,,,,,,,,,,,,,,,,PING MeasureStop,,,
