IDX,LID,CI_1,CI_2,Lon,Lat,Time,Measure,[LTE] [L1] [RF] PCI,[LTE] [L1] [RF] RSRP,[LTE] [L1] [RF] RS SINR,[General] Band Classification,[General] Serving Network (In Traffic),[NR5G] [RF] PCI,[NR5G] [RF] RSRP,[NR5G] [RF] SINR,[Call Test] [iPerf] [Throughput] DL Jitter,[Call Test] [iPerf] [Throughput] DL Error Ratio,[Call Test] [iPerf] [Call Average] [Jitter and Error] UL Jitter,[Call Test] [iPerf] [Call Average] [Jitter and Error] UL Error Ratio,[Event] [Data call test detail events] FTP Call Event,[Event] [Data call test detail events] HTTP Call Event,[Call Test] [HTTP Transfer] HTTP Transfer Call Event,[Call Test] [Throughput] Application DL TP,[Call Test] [iPerf] [Call Average] [Throughput] UL Avg TP,[Call Test] [iPerf] [Call Average] [Throughput] DL Avg TP,[Call Test] [Throughput] Application UL TP,[Event] [Data call test detail events] IPERF Call Event,[NR5G] [Throughput] PUSCH TP,[Event] [Data call test detail events] Ping Call Event,[Call Test] [HTTP] Total duration,[Call Test] [PING] Loss Count,[Call Test] [PING] [RTT] RTT
1,1,,,,,2026-01-24 22:20:26.000,_20260124_172024_CH02_DUT_TMO-AUTO_HTTP MS DL_NJ DUT REF_L3.dml,,,,,,,,,,,,,,,,,,,,,,,,,
2,1,,,-73.9599150,40.8175383,2026-01-24 22:20:27.000,_20260124_172024_CH02_DUT_TMO-AUTO_HTTP MS DL_NJ DUT REF_L3.dml,,,,N41(x),,378,-97.000000,2.000000,,,,,,,,,,,,,,,,,
3,1,,,-73.9599150,40.8175383,2026-01-24 22:20:28.000,_20260124_172024_CH02_DUT_TMO-AUTO_HTTP MS DL_NJ DUT REF_L3.dml,,,,,,,,,,,,,,,,,,,,,,,,,
4,1,,,-73.9599150,40.8175383,2026-01-24 22:20:29.000,_20260124_172024_CH02_DUT_TMO-AUTO_HTTP MS DL_NJ DUT REF_L3.dml,,,,N41(x),,378,-97.000000,2.000000,,,,,,,,,,,,,,,,,
5,1,,,-73.9599150,40.8175383,2026-01-24 22:20:30.000,_20260124_172024_CH02_DUT_TMO-AUTO_HTTP MS DL_NJ DUT REF_L3.dml,,,,N41(x),,378,-97.000000,2.000000,,,,,,,,,,,,,,,,,
6,1,,,-73.9599150,40.8175383,2026-01-24 22:20:31.000,_20260124_172024_CH02_DUT_TMO-AUTO_HTTP MS DL_NJ DUT REF_L3.dml,,,,,,,,,,,,,,,,,,,,,,,,,
7,1,,,-73.9599150,40.8175383,2026-01-24 22:20:32.000,_20260124_172024_CH02_DUT_TMO-AUTO_HTTP MS DL_NJ DUT REF_L3.dml,,,,,,,,,,,,,,,,,,,,,,,,,
8,1,,,-73.9599150,40.8175383,2026-01-24 22:20:33.000,_20260124_172024_CH02_DUT_TMO-AUTO_HTTP MS DL_NJ DUT REF_L3.dml,,,,,,,,,,,,,,,,,,,,,,,,,
9,1,,,-73.9599150,40.8175383,2026-01-24 22:20:34.000,_20260124_172024_CH02_DUT_TMO-AUTO_HTTP MS DL_NJ DUT REF_L3.dml,,,,N41(x),,378,-97.000000,3.000000,,,,,,,,,,,,,,,,,
10,1,,,-73.9599150,40.8175383,2026-01-24 22:20:35.000,_20260124_172024_CH02_DUT_TMO-AUTO_HTTP MS DL_NJ DUT REF_L3.dml,,,,,,,,,,,,,,,,,,,,,,,,,
11,1,,,-73.9599150,40.8175383,2026-01-24 22:20:36.000,_20260124_172024_CH02_DUT_TMO-AUTO_HTTP MS DL_NJ DUT REF_L3.dml,,,,,,,,,,,,,,,,,,,,,,,,,
12,1,,,-73.9599150,40.8175383,2026-01-24 22:20:37.000,_20260124_172024_CH02_DUT_TMO-AUTO_HTTP MS DL_NJ DUT REF_L3.dml,,,,,,,,,,,,,,,,,,,,,,,,,
13,1,,,-73.9599150,40.8175383,2026-01-24 22:20:38.000,_20260124_172024_CH02_DUT_TMO-AUTO_HTTP MS DL_NJ DUT REF_L3.dml,,,,,,,,,,,,,,,,,,,,,,,,,
14,1,,,-73.9599150,40.8175383,2026-01-24 22:20:39.000,_20260124_172024_CH02_DUT_TMO-AUTO_HTTP MS DL_NJ DUT REF_L3.dml,,,,N41(x),,378,-96.500000,1.500000,,,,,,,,,,,,,,,,,
15,1,,,-73.9599150,40.8175383,2026-01-24 22:20:40.000,_20260124_172024_CH02_DUT_TMO-AUTO_HTTP MS DL_NJ DUT REF_L3.dml,,,,N41(x),,378,-96.000000,2.000000,,,,,,,,,,,,,,,,,
16,1,,,-73.9599150,40.8175383,2026-01-24 22:20:41.000,_20260124_172024_CH02_DUT_TMO-AUTO_HTTP MS DL_NJ DUT REF_L3.dml,,,,,,,,,,,,,,,,,,,,,,,,,
17,1,,,-73.9599150,40.8175383,2026-01-24 22:20:42.000,_20260124_172024_CH02_DUT_TMO-AUTO_HTTP MS DL_NJ DUT REF_L3.dml,,,,,,,,,,,,,,,,,,,,,,,,,
18,1,,,-73.9599150,40.8175383,2026-01-24 22:20:43.000,_20260124_172024_CH02_DUT_TMO-AUTO_HTTP MS DL_NJ DUT REF_L3.dml,,,,,,,,,,,,,,,,,,,,,,,,,
19,1,,,-73.9599150,40.8175383,2026-01-24 22:20:44.000,_20260124_172024_CH02_DUT_TMO-AUTO_HTTP MS DL_NJ DUT REF_L3.dml,,,,N41(x),,378,-96.000000,2.000000,,,,,,,,,,,,,,,,,
20,1,,,-73.9599150,40.8175383,2026-01-24 22:20:45.000,_20260124_172024_CH02_DUT_TMO-AUTO_HTTP MS DL_NJ DUT REF_L3.dml,,,,,,,,,,,,,,,,,,,,,,,,,
21,1,,,-73.9599150,40.8175383,2026-01-24 22:20:46.000,_20260124_172024_CH02_DUT_TMO-AUTO_HTTP MS DL_NJ DUT REF_L3.dml,,,,,,,,,,,,,,,,,,,,,,,,,
22,1,,,-73.9599150,40.8175383,2026-01-24 22:20:47.000,_20260124_172024_CH02_DUT_TMO-AUTO_HTTP MS DL_NJ DUT REF_L3.dml,,,,,,,,,,,,,,,,,,,,,,,,,
23,1,,,-73.9599150,40.8175383,2026-01-24 22:20:48.000,_20260124_172024_CH02_DUT_TMO-AUTO_HTTP MS DL_NJ DUT REF_L3.dml,,,,N41(x),,378,-98.000000,1.000000,,,,,,,,,,,,,,,,,
24,1,,,-73.9599150,40.8175383,2026-01-24 22:20:49.000,_20260124_172024_CH02_DUT_TMO-AUTO_HTTP MS DL_NJ DUT REF_L3.dml,,,,,,,,,,,,,,,,,,,,,,,,,
25,1,,,-73.9599150,40.8175383,2026-01-24 22:20:50.000,_20260124_172024_CH02_DUT_TMO-AUTO_HTTP MS DL_NJ DUT REF_L3.dml,,,,,,,,,,,,,,,,,,,,,,,,,
26,1,,,-73.9599150,40.8175383,2026-01-24 22:20:51.000,_20260124_172024_CH02_DUT_TMO-AUTO_HTTP MS DL_NJ DUT REF_L3.dml,,,,,,,,,,,,,,,,,,,,,,,,,
27,1,,,-73.9599150,40.8175383,2026-01-24 22:20:52.000,_20260124_172024_CH02_DUT_TMO-AUTO_HTTP MS DL_NJ DUT REF_L3.dml,,,,N41(x),,378,-97.000000,1.000000,,,,,,,,,,,,,,,,,
28,1,,,-73.9599150,40.8175383,2026-01-24 22:20:53.000,_20260124_172024_CH02_DUT_TMO-AUTO_HTTP MS DL_NJ DUT REF_L3.dml,,,,N41(x),,378,-97.000000,2.000000,,,,,,,,,,,,,,,,,
29,1,,,-73.9599150,40.8175383,2026-01-24 22:20:54.000,_20260124_172024_CH02_DUT_TMO-AUTO_HTTP MS DL_NJ DUT REF_L3.dml,,,,N41(x),,378,-97.000000,1.000000,,,,,,,,,,,,,,,,,
30,1,,,-73.9599150,40.8175383,2026-01-24 22:20:55.000,_20260124_172024_CH02_DUT_TMO-AUTO_HTTP MS DL_NJ DUT REF_L3.dml,,,,,,,,,,,,,,,,,,,,,,,,,
31,1,,,-73.9599150,40.8175383,2026-01-24 22:20:56.000,_20260124_172024_CH02_DUT_TMO-AUTO_HTTP MS DL_NJ DUT REF_L3.dml,,,,,,,,,,,,,,,,,,,,,,,,,
32,1,,,-73.9599150,40.8175383,2026-01-24 22:20:57.000,_20260124_172024_CH02_DUT_TMO-AUTO_HTTP MS DL_NJ DUT REF_L3.dml,,,,,,,,,,,,,,,,,,,,,,,,,
33,1,,,-73.9599150,40.8175383,2026-01-24 22:20:58.000,_20260124_172024_CH02_DUT_TMO-AUTO_HTTP MS DL_NJ DUT REF_L3.dml,,,,,,,,,,,,,,,,,,,,,,,,,
34,1,,,-73.9599150,40.8175383,2026-01-24 22:20:59.000,_20260124_172024_CH02_DUT_TMO-AUTO_HTTP MS DL_NJ DUT REF_L3.dml,,,,N41(x),,378,-96.500000,1.500000,,,,,,,,,,,,,,,,,
35,1,,,-73.9599150,40.8175383,2026-01-24 22:21:00.000,_20260124_172024_CH02_DUT_TMO-AUTO_HTTP MS DL_NJ DUT REF_L3.dml,,,,,,,,,,,,,,,,,,,,,,,,,
36,1,,,-73.9599150,40.8175383,2026-01-24 22:21:01.000,_20260124_172024_CH02_DUT_TMO-AUTO_HTTP MS DL_NJ DUT REF_L3.dml,,,,N41(x),,378,-97.000000,1.000000,,,,,,,,,,,,,,,,,
37,1,,,-73.9599150,40.8175383,2026-01-24 22:21:02.000,_20260124_172024_CH02_DUT_TMO-AUTO_HTTP MS DL_NJ DUT REF_L3.dml,,,,N41(x),,378,-97.000000,0.000000,,,,,,,,,,,,,,,,,
38,1,,,-73.9599150,40.8175383,2026-01-24 22:21:03.000,_20260124_172024_CH02_DUT_TMO-AUTO_HTTP MS DL_NJ DUT REF_L3.dml,,,,N41(x),,378,-97.000000,0.000000,,,,,,,,,,,,,,,,,
39,1,,,-73.9599150,40.8175383,2026-01-24 22:21:04.000,_20260124_172024_CH02_DUT_TMO-AUTO_HTTP MS DL_NJ DUT REF_L3.dml,,,,N41(100)+N41(x),,378,-98.120000,0.120000,,,,,,,,,,,,,,,,,
40,1,,,-73.9599150,40.8175383,2026-01-24 22:21:05.000,_20260124_172024_CH02_DUT_TMO-AUTO_HTTP MS DL_NJ DUT REF_L3.dml,,,,N41(100)+N41(40),,378,-97.860000,0.290000,,,,,,,,,,,,,0.024,,,,
41,1,,,-73.9599150,40.8175383,2026-01-24 22:21:06.000,_20260124_172024_CH02_DUT_TMO-AUTO_HTTP MS DL_NJ DUT REF_L3.dml,,,,N41(100)+N41(40),,378,-97.750000,0.130000,,,,,,,,,,,,,,,,,
42,1,,,-73.9599150,40.8175383,2026-01-24 22:21:07.000,_20260124_172024_CH02_DUT_TMO-AUTO_HTTP MS DL_NJ DUT REF_L3.dml,,,,N41(100)+N41(40),,378,-97.000000,0.380000,,,,,,,,,,,,,0.000,,,,
43,1,,,-73.9599150,40.8175383,2026-01-24 22:21:08.000,_20260124_172024_CH02_DUT_TMO-AUTO_HTTP MS DL_NJ DUT REF_L3.dml,,,,N41(100)+N41(40),,378,-97.000000,1.000000,,,,,,,,,,,,,0.000,,,,
44,1,,,-73.9599150,40.8175383,2026-01-24 22:21:09.000,_20260124_172024_CH02_DUT_TMO-AUTO_HTTP MS DL_NJ DUT REF_L3.dml,,,,N41(100)+N41(40),,378,-97.250000,0.500000,,,,,,,,,,,,,0.000,,,,
45,1,,,-73.9599150,40.8175383,2026-01-24 22:21:10.000,_20260124_172024_CH02_DUT_TMO-AUTO_HTTP MS DL_NJ DUT REF_L3.dml,,,,N41(100)+N41(40),,378,-96.500000,1.670000,,,,,,,,,,,,,0.000,,,,
46,1,,,-73.9599150,40.8175383,2026-01-24 22:21:11.000,_20260124_172024_CH02_DUT_TMO-AUTO_HTTP MS DL_NJ DUT REF_L3.dml,,,,N41(100)+N41(40),,378,-96.430000,2.430000,,,,,,,,,,,,,,,,,
47,1,,,-73.9599150,40.8175383,2026-01-24 22:21:11.684,_20260124_172024_CH02_DUT_TMO-AUTO_HTTP MS DL_NJ DUT REF_L3.dml,,,,,,,,,,,,,,,Download Start Request,,,,,,,,,,
48,1,,,-73.9599150,40.8175383,2026-01-24 22:21:12.000,_20260124_172024_CH02_DUT_TMO-AUTO_HTTP MS DL_NJ DUT REF_L3.dml,,,,N41(100)+N41(40),NR SA,378,-96.730000,2.000000,,,,,,,,,,,,,0.000,,,,
49,1,,,-73.9599150,40.8175383,2026-01-24 22:21:13.000,_20260124_172024_CH02_DUT_TMO-AUTO_HTTP MS DL_NJ DUT REF_L3.dml,,,,N41(100)+N41(40),NR SA,378,-97.000000,1.730000,,,,,,,,,,,,,0.000,,,,
50,1,,,-73.9599150,40.8175383,2026-01-24 22:21:13.106,_20260124_172024_CH02_DUT_TMO-AUTO_HTTP MS DL_NJ DUT REF_L3.dml,,,,,,,,,,,,,,,Download File Size Retrieved,,,,,,,,,,
51,1,,,-73.9599150,40.8175383,2026-01-24 22:21:13.106,_20260124_172024_CH02_DUT_TMO-AUTO_HTTP MS DL_NJ DUT REF_L3.dml,,,,,,,,,,,,,,,Download Started,,,,,,,,,,
52,1,,,-73.9599150,40.8175383,2026-01-24 22:21:14.000,_20260124_172024_CH02_DUT_TMO-AUTO_HTTP MS DL_NJ DUT REF_L3.dml,,,,N41(100)+N41(40),NR SA,378,-97.390000,0.570000,,,,,,,,,,,,,0.720,,,,
53,1,,,-73.9599150,40.8175383,2026-01-24 22:21:15.000,_20260124_172024_CH02_DUT_TMO-AUTO_HTTP MS DL_NJ DUT REF_L3.dml,,,,N41(100)+N41(40),NR SA,378,-97.310000,0.370000,,,,,,,,,,,,,1.256,,,,
54,1,,,-73.9599150,40.8175383,2026-01-24 22:21:16.000,_20260124_172024_CH02_DUT_TMO-AUTO_HTTP MS DL_NJ DUT REF_L3.dml,,,,N41(100)+N41(40),NR SA,378,-97.100000,1.310000,,,,,,,,169.269,,,,,1.056,,,,
55,1,,,-73.9599150,40.8175383,2026-01-24 22:21:17.000,_20260124_172024_CH02_DUT_TMO-AUTO_HTTP MS DL_NJ DUT REF_L3.dml,,,,N41(100)+N41(40),NR SA,378,-96.840000,0.680000,,,,,,,,135.855,,,,,0.968,,,,
56,1,,,-73.9599150,40.8175383,2026-01-24 22:21:18.000,_20260124_172024_CH02_DUT_TMO-AUTO_HTTP MS DL_NJ DUT REF_L3.dml,,,,N41(100)+N41(40),NR SA,378,-97.250000,1.840000,,,,,,,,112.946,,,,,0.984,,,,
57,1,,,-73.9599150,40.8175383,2026-01-24 22:21:19.000,_20260124_172024_CH02_DUT_TMO-AUTO_HTTP MS DL_NJ DUT REF_L3.dml,,,,N41(100)+N41(40),NR SA,378,-97.890000,0.980000,,,,,,,,128.008,,,,,0.912,,,,
58,1,,,-73.9599150,40.8175383,2026-01-24 22:21:20.000,_20260124_172024_CH02_DUT_TMO-AUTO_HTTP MS DL_NJ DUT REF_L3.dml,,,,N41(100)+N41(40),NR SA,378,-97.900000,1.020000,,,,,,,,121.329,,,,,0.936,,,,
59,1,,,-73.9599150,40.8175383,2026-01-24 22:21:21.000,_20260124_172024_CH02_DUT_TMO-AUTO_HTTP MS DL_NJ DUT REF_L3.dml,,,,N41(100)+N41(40),NR SA,378,-97.470000,1.040000,,,,,,,,112.356,,,,,0.760,,,,
60,1,,,-73.9599150,40.8175383,2026-01-24 22:21:22.000,_20260124_172024_CH02_DUT_TMO-AUTO_HTTP MS DL_NJ DUT REF_L3.dml,,,,N41(100)+N41(40),NR SA,378,-97.120000,1.680000,,,,,,,,97.198,,,,,0.880,,,,
61,1,,,-73.9599150,40.8175383,2026-01-24 22:21:23.000,_20260124_172024_CH02_DUT_TMO-AUTO_HTTP MS DL_NJ DUT REF_L3.dml,,,,N41(100)+N41(40),NR SA,378,-96.850000,1.390000,,,,,,,,105.054,,,,,0.864,,,,
62,1,,,-73.9599150,40.8175383,2026-01-24 22:21:24.000,_20260124_172024_CH02_DUT_TMO-AUTO_HTTP MS DL_NJ DUT REF_L3.dml,,,,N41(100)+N41(40),NR SA,378,-97.450000,0.450000,,,,,,,,114.222,,,,,0.888,,,,
63,1,,,-73.9599150,40.8175383,2026-01-24 22:21:25.000,_20260124_172024_CH02_DUT_TMO-AUTO_HTTP MS DL_NJ DUT REF_L3.dml,,,,N41(100)+N41(40),NR SA,378,-97.240000,1.280000,,,,,,,,107.371,,,,,0.912,,,,
64,1,,,-73.9599150,40.8175383,2026-01-24 22:21:26.000,_20260124_172024_CH02_DUT_TMO-AUTO_HTTP MS DL_NJ DUT REF_L3.dml,,,,N41(100)+N41(40),NR SA,378,-97.430000,0.900000,,,,,,,,101.073,,,,,0.960,,,,
65,1,,,-73.9599150,40.8175383,2026-01-24 22:21:27.000,_20260124_172024_CH02_DUT_TMO-AUTO_HTTP MS DL_NJ DUT REF_L3.dml,,,,N41(100)+N41(40),NR SA,378,-97.470000,0.610000,,,,,,,,92.760,,,,,1.000,,,,
66,1,,,-73.9599150,40.8175383,2026-01-24 22:21:28.000,_20260124_172024_CH02_DUT_TMO-AUTO_HTTP MS DL_NJ DUT REF_L3.dml,,,,N41(100)+N41(40),NR SA,378,-97.530000,0.760000,,,,,,,,89.737,,,,,0.864,,,,
67,1,,,-73.9599150,40.8175383,2026-01-24 22:21:29.000,_20260124_172024_CH02_DUT_TMO-AUTO_HTTP MS DL_NJ DUT REF_L3.dml,,,,N41(100)+N41(40),NR SA,378,-97.700000,0.680000,,,,,,,,95.912,,,,,0.984,,,,
68,1,,,-73.9599150,40.8175383,2026-01-24 22:21:30.000,_20260124_172024_CH02_DUT_TMO-AUTO_HTTP MS DL_NJ DUT REF_L3.dml,,,,N41(100)+N41(40),NR SA,378,-97.700000,0.330000,,,,,,,,94.014,,,,,0.920,,,,
69,1,,,-73.9599150,40.8175383,2026-01-24 22:21:31.000,_20260124_172024_CH02_DUT_TMO-AUTO_HTTP MS DL_NJ DUT REF_L3.dml,,,,N41(100)+N41(40),NR SA,378,-97.860000,0.140000,,,,,,,,81.536,,,,,0.920,,,,
70,1,,,-73.9599150,40.8175383,2026-01-24 22:21:32.000,_20260124_172024_CH02_DUT_TMO-AUTO_HTTP MS DL_NJ DUT REF_L3.dml,,,,N41(100)+N41(40),NR SA,378,-97.350000,0.900000,,,,,,,,91.018,,,,,0.928,,,,
71,1,,,-73.9599150,40.8175383,2026-01-24 22:21:33.000,_20260124_172024_CH02_DUT_TMO-AUTO_HTTP MS DL_NJ DUT REF_L3.dml,,,,N41(100)+N41(40),NR SA,378,-98.150000,0.870000,,,,,,,,106.299,,,,,1.008,,,,
72,1,,,-73.9599150,40.8175383,2026-01-24 22:21:34.000,_20260124_172024_CH02_DUT_TMO-AUTO_HTTP MS DL_NJ DUT REF_L3.dml,,,,N41(100)+N41(40),NR SA,378,-97.780000,0.630000,,,,,,,,106.911,,,,,1.168,,,,
73,1,,,-73.9599150,40.8175383,2026-01-24 22:21:35.000,_20260124_172024_CH02_DUT_TMO-AUTO_HTTP MS DL_NJ DUT REF_L3.dml,,,,N41(100)+N41(40),NR SA,378,-97.900000,0.410000,,,,,,,,116.719,,,,,0.968,,,,
74,1,,,-73.9599150,40.8175383,2026-01-24 22:21:36.000,_20260124_172024_CH02_DUT_TMO-AUTO_HTTP MS DL_NJ DUT REF_L3.dml,,,,N41(100)+N41(40),NR SA,378,-97.800000,1.040000,,,,,,,,122.819,,,,,0.984,,,,
75,1,,,-73.9599150,40.8175383,2026-01-24 22:21:37.000,_20260124_172024_CH02_DUT_TMO-AUTO_HTTP MS DL_NJ DUT REF_L3.dml,,,,N41(100)+N41(40),NR SA,378,-97.500000,1.700000,,,,,,,,96.405,,,,,1.096,,,,
76,1,,,-73.9599150,40.8175383,2026-01-24 22:21:38.000,_20260124_172024_CH02_DUT_TMO-AUTO_HTTP MS DL_NJ DUT REF_L3.dml,,,,N41(100)+N41(40),NR SA,378,-97.180000,1.800000,,,,,,,,109.170,,,,,1.064,,,,
77,1,,,-73.9599150,40.8175383,2026-01-24 22:21:39.000,_20260124_172024_CH02_DUT_TMO-AUTO_HTTP MS DL_NJ DUT REF_L3.dml,,,,N41(100)+N41(40),NR SA,378,-97.330000,1.550000,,,,,,,,114.245,,,,,1.008,,,,
78,1,,,-73.9599150,40.8175383,2026-01-24 22:21:40.000,_20260124_172024_CH02_DUT_TMO-AUTO_HTTP MS DL_NJ DUT REF_L3.dml,,,,N41(100)+N41(40),NR SA,378,-97.950000,0.050000,,,,,,,,127.257,,,,,0.976,,,,
79,1,,,-73.9599150,40.8175383,2026-01-24 22:21:41.000,_20260124_172024_CH02_DUT_TMO-AUTO_HTTP MS DL_NJ DUT REF_L3.dml,,,,N41(100)+N41(40),NR SA,378,-97.200000,0.280000,,,,,,,,120.236,,,,,1.024,,,,
80,1,,,-73.9599150,40.8175383,2026-01-24 22:21:42.000,_20260124_172024_CH02_DUT_TMO-AUTO_HTTP MS DL_NJ DUT REF_L3.dml,,,,N41(100)+N41(40),NR SA,378,-97.000000,0.430000,,,,,,,,112.871,,,,,1.024,,,,
81,1,,,-73.9599150,40.8175383,2026-01-24 22:21:43.000,_20260124_172024_CH02_DUT_TMO-AUTO_HTTP MS DL_NJ DUT REF_L3.dml,,,,N41(100)+N41(40),NR SA,378,-97.270000,1.080000,,,,,,,,114.951,,,,,1.000,,,,
82,1,,,-73.9599150,40.8175383,2026-01-24 22:21:44.106,_20260124_172024_CH02_DUT_TMO-AUTO_HTTP MS DL_NJ DUT REF_L3.dml,,,,,,,,,,,,,,,Download End Request,,,,,,,,,,
83,1,,,-73.9599150,40.8175383,2026-01-24 22:21:44.200,_20260124_172024_CH02_DUT_TMO-AUTO_HTTP MS DL_NJ DUT REF_L3.dml,,,,,,,,,,,,,,,Download Ended,,,,,,,,,,
84,1,,,-73.9599150,40.8175383,2026-01-24 22:21:44.000,_20260124_172024_CH02_DUT_TMO-AUTO_HTTP MS DL_NJ DUT REF_L3.dml,,,,N41(100)+N41(40),NR SA,378,-97.200000,0.860000,,,,,,,,101.936,,,,,1.008,,,,
85,1,,,-73.9599150,40.8175383,2026-01-24 22:21:45.000,_20260124_172024_CH02_DUT_TMO-AUTO_HTTP MS DL_NJ DUT REF_L3.dml,,,,N41(100)+N41(40),NR SA,378,-97.390000,0.480000,,,,,,,,96.330,,,,,1.216,,,,
86,1,,,-73.9599150,40.8175383,2026-01-24 22:21:46.000,_20260124_172024_CH02_DUT_TMO-AUTO_HTTP MS DL_NJ DUT REF_L3.dml,,,,N41(100)+N41(40),,378,-96.920000,1.380000,,,,,,,,,,,,,0.000,,,,
87,1,,,-73.9599150,40.8175383,2026-01-24 22:21:47.000,_20260124_172024_CH02_DUT_TMO-AUTO_HTTP MS DL_NJ DUT REF_L3.dml,,,,N41(100)+N41(40),,378,-97.170000,0.620000,,,,,,,,,,,,,,,,,
88,1,,,-73.9599150,40.8175383,2026-01-24 22:21:48.000,_20260124_172024_CH02_DUT_TMO-AUTO_HTTP MS DL_NJ DUT REF_L3.dml,,,,N41(100)+N41(40),,378,-97.000000,0.450000,,,,,,,,,,,,,0.016,,,,
89,1,,,-73.9599150,40.8175383,2026-01-24 22:21:49.000,_20260124_172024_CH02_DUT_TMO-AUTO_HTTP MS DL_NJ DUT REF_L3.dml,,,,N41(100)+N41(40),,378,-97.000000,0.000000,,,,,,,,,,,,,0.080,,,,
90,1,,,-73.9599150,40.8175383,2026-01-24 22:21:50.000,_20260124_172024_CH02_DUT_TMO-AUTO_HTTP MS DL_NJ DUT REF_L3.dml,,,,N41(100)+N41(40),,378,-96.730000,0.910000,,,,,,,,,,,,,0.000,,,,
91,1,,,-73.9599150,40.8175383,2026-01-24 22:21:51.000,_20260124_172024_CH02_DUT_TMO-AUTO_HTTP MS DL_NJ DUT REF_L3.dml,,,,N41(100)+N41(40),,378,-97.000000,0.570000,,,,,,,,,,,,,,,,,
92,1,,,-73.9599150,40.8175383,2026-01-24 22:21:52.000,_20260124_172024_CH02_DUT_TMO-AUTO_HTTP MS DL_NJ DUT REF_L3.dml,,,,N41(100)+N41(40),,378,-97.000000,0.000000,,,,,,,,,,,,,0.000,,,,
93,1,,,-73.9599150,40.8175383,2026-01-24 22:21:53.000,_20260124_172024_CH02_DUT_TMO-AUTO_HTTP MS DL_NJ DUT REF_L3.dml,,,,N41(100)+N41(40),,378,-97.070000,1.290000,,,,,,,,,,,,,0.000,,,,
94,1,,,-73.9599150,40.8175383,2026-01-24 22:21:54.000,_20260124_172024_CH02_DUT_TMO-AUTO_HTTP MS DL_NJ DUT REF_L3.dml,,,,N41(100)+N41(40),,378,-97.000000,1.390000,,,,,,,,,,,,,0.008,,,,
95,1,,,-73.9599150,40.8175383,2026-01-24 22:21:55.000,_20260124_172024_CH02_DUT_TMO-AUTO_HTTP MS DL_NJ DUT REF_L3.dml,,,,N41(100)+N41(40),,378,-97.560000,0.390000,,,,,,,,,,,,,0.016,,,,
96,1,,,-73.9599150,40.8175383,2026-01-24 22:21:56.000,_20260124_172024_CH02_DUT_TMO-AUTO_HTTP MS DL_NJ DUT REF_L3.dml,,,,N41(100)+N41(40),,378,-97.400000,1.000000,,,,,,,,,,,,,,,,,
97,1,,,-73.9599150,40.8175383,2026-01-24 22:21:57.000,_20260124_172024_CH02_DUT_TMO-AUTO_HTTP MS DL_NJ DUT REF_L3.dml,,,,N41(100)+N41(40),,378,-97.500000,0.000000,,,,,,,,,,,,,0.000,,,,
98,1,,,-73.9599150,40.8175383,2026-01-24 22:21:58.000,_20260124_172024_CH02_DUT_TMO-AUTO_HTTP MS DL_NJ DUT REF_L3.dml,,,,N41(x)+N41(x),,378,-97.860000,0.140000,,,,,,,,,,,,,,,,,
99,1,,,-73.9599150,40.8175383,2026-01-24 22:21:59.000,_20260124_172024_CH02_DUT_TMO-AUTO_HTTP MS DL_NJ DUT REF_L3.dml,,,,,,,,,,,,,,,,,,,,,,,,,
100,1,,,-73.9599150,40.8175383,2026-01-24 22:22:00.000,_20260124_172024_CH02_DUT_TMO-AUTO_HTTP MS DL_NJ DUT REF_L3.dml,,,,N41(x),,378,-97.000000,1.000000,,,,,,,,,,,,,,,,,
101,1,,,-73.9599150,40.8175383,2026-01-24 22:22:01.000,_20260124_172024_CH02_DUT_TMO-AUTO_HTTP MS DL_NJ DUT REF_L3.dml,,,,N41(x),,378,-97.000000,1.000000,,,,,,,,,,,,,,,,,
102,1,,,-73.9599150,40.8175383,2026-01-24 22:22:02.000,_20260124_172024_CH02_DUT_TMO-AUTO_HTTP MS DL_NJ DUT REF_L3.dml,,,,N41(x),,378,-97.000000,1.000000,,,,,,,,,,,,,,,,,
103,1,,,-73.9599150,40.8175383,2026-01-24 22:22:03.000,_20260124_172024_CH02_DUT_TMO-AUTO_HTTP MS DL_NJ DUT REF_L3.dml,,,,,,,,,,,,,,,,,,,,,,,,,
104,1,,,-73.9599150,40.8175383,2026-01-24 22:22:04.000,_20260124_172024_CH02_DUT_TMO-AUTO_HTTP MS DL_NJ DUT REF_L3.dml,,,,,,,,,,,,,,,,,,,,,,,,,
105,1,,,-73.9599150,40.8175383,2026-01-24 22:22:05.000,_20260124_172024_CH02_DUT_TMO-AUTO_HTTP MS DL_NJ DUT REF_L3.dml,,,,N41(100)+N41(x),,378,-96.880000,1.790000,,,,,,,,,,,,,,,,,
106,1,,,-73.9599150,40.8175383,2026-01-24 22:22:06.000,_20260124_172024_CH02_DUT_TMO-AUTO_HTTP MS DL_NJ DUT REF_L3.dml,,,,N41(100)+N41(40),,378,-96.640000,1.570000,,,,,,,,,,,,,0.016,,,,
107,1,,,-73.9599150,40.8175383,2026-01-24 22:22:07.000,_20260124_172024_CH02_DUT_TMO-AUTO_HTTP MS DL_NJ DUT REF_L3.dml,,,,N41(100)+N41(40),,378,-96.130000,2.500000,,,,,,,,,,,,,0.000,,,,
108,1,,,-73.9599150,40.8175383,2026-01-24 22:22:08.000,_20260124_172024_CH02_DUT_TMO-AUTO_HTTP MS DL_NJ DUT REF_L3.dml,,,,N41(100)+N41(40),,378,-96.000000,1.670000,,,,,,,,,,,,,0.000,,,,
109,1,,,-73.9599150,40.8175383,2026-01-24 22:22:09.000,_20260124_172024_CH02_DUT_TMO-AUTO_HTTP MS DL_NJ DUT REF_L3.dml,,,,N41(100)+N41(40),,378,-96.800000,0.900000,,,,,,,,,,,,,,,,,
110,1,,,-73.9599150,40.8175383,2026-01-24 22:22:10.000,_20260124_172024_CH02_DUT_TMO-AUTO_HTTP MS DL_NJ DUT REF_L3.dml,,,,N41(100)+N41(40),,378,-95.290000,2.860000,,,,,,,,,,,,,0.000,,,,
111,1,,,-73.9599150,40.8175383,2026-01-24 22:22:11.000,_20260124_172024_CH02_DUT_TMO-AUTO_HTTP MS DL_NJ DUT REF_L3.dml,,,,N41(100)+N41(40),,378,-96.080000,2.330000,,,,,,,,,,,,,0.000,,,,
112,1,,,-73.9599150,40.8175383,2026-01-24 22:22:12.000,_20260124_172024_CH02_DUT_TMO-AUTO_HTTP MS DL_NJ DUT REF_L3.dml,,,,N41(100)+N41(40),,378,-97.000000,1.000000,,,,,,,,,,,,,0.000,,,,
113,1,,,-73.9599150,40.8175383,2026-01-24 22:22:13.000,_20260124_172024_CH02_DUT_TMO-AUTO_HTTP MS DL_NJ DUT REF_L3.dml,,,,N41(100)+N41(40),,378,-97.000000,1.000000,,,,,,,,,,,,,0.000,,,,
114,1,,,-73.9599150,40.8175383,2026-01-24 22:22:14.000,_20260124_172024_CH02_DUT_TMO-AUTO_HTTP MS DL_NJ DUT REF_L3.dml,,,,N41(100)+N41(40),,378,-96.500000,0.670000,,,,,,,,,,,,,0.000,,,,
115,1,,,-73.9599150,40.8175383,2026-01-24 22:22:15.000,_20260124_172024_CH02_DUT_TMO-AUTO_HTTP MS DL_NJ DUT REF_L3.dml,,,,N41(100)+N41(40),,378,-96.290000,1.570000,,,,,,,,,,,,,,,,,
116,1,,,-73.9599150,40.8175383,2026-01-24 22:22:16.000,_20260124_172024_CH02_DUT_TMO-AUTO_HTTP MS DL_NJ DUT REF_L3.dml,,,,N41(100)+N41(40),,378,-97.000000,1.000000,,,,,,,,,,,,,0.000,,,,
117,1,,,-73.9599150,40.8175383,2026-01-24 22:22:17.000,_20260124_172024_CH02_DUT_TMO-AUTO_HTTP MS DL_NJ DUT REF_L3.dml,,,,N41(100)+N41(40),,378,-96.250000,1.000000,,,,,,,,,,,,,0.000,,,,
118,1,,,-73.9599150,40.8175383,2026-01-24 22:22:18.000,_20260124_172024_CH02_DUT_TMO-AUTO_HTTP MS DL_NJ DUT REF_L3.dml,,,,N41(x)+N41(x),,378,-95.000000,4.000000,,,,,,,,,,,,,,,,,
119,1,,,-73.9599150,40.8175383,2026-01-24 22:22:19.000,_20260124_172024_CH02_DUT_TMO-AUTO_HTTP MS DL_NJ DUT REF_L3.dml,,,,N41(x)+N41(x),,378,-97.500000,0.500000,,,,,,,,,,,,,,,,,
120,1,,,-73.9599150,40.8175383,2026-01-24 22:22:20.000,_20260124_172024_CH02_DUT_TMO-AUTO_HTTP MS DL_NJ DUT REF_L3.dml,,,,N41(x),,378,-96.000000,2.000000,,,,,,,,,,,,,,,,,
121,1,,,-73.9599150,40.8175383,2026-01-24 22:22:21.000,_20260124_172024_CH02_DUT_TMO-AUTO_HTTP MS DL_NJ DUT REF_L3.dml,,,,N41(x),,378,-96.000000,2.000000,,,,,,,,,,,,,,,,,
122,1,,,-73.9599150,40.8175383,2026-01-24 22:22:22.000,_20260124_172024_CH02_DUT_TMO-AUTO_HTTP MS DL_NJ DUT REF_L3.dml,,,,,,,,,,,,,,,,,,,,,,,,,
123,1,,,-73.9599150,40.8175383,2026-01-24 22:22:23.000,_20260124_172024_CH02_DUT_TMO-AUTO_HTTP MS DL_NJ DUT REF_L3.dml,,,,N41(x),,378,-96.000000,2.000000,,,,,,,,,,,,,,,,,
124,1,,,-73.9599150,40.8175383,2026-01-24 22:22:24.000,_20260124_172024_CH02_DUT_TMO-AUTO_HTTP MS DL_NJ DUT REF_L3.dml,,,,N41(x),,378,-96.000000,2.000000,,,,,,,,,,,,,,,,,
125,1,,,-73.9599150,40.8175383,2026-01-24 22:22:25.000,_20260124_172024_CH02_DUT_TMO-AUTO_HTTP MS DL_NJ DUT REF_L3.dml,,,,N41(x),,378,-96.000000,1.000000,,,,,,,,,,,,,,,,,
126,1,,,-73.9599150,40.8175383,2026-01-24 22:22:25.137,_20260124_172024_CH02_DUT_TMO-AUTO_HTTP MS DL_NJ DUT REF_L3.dml,,,,,,,,,,,,,,,Download Start Request,,,,,,,,,,
127,1,,,-73.9599150,40.8175383,2026-01-24 22:22:26.000,_20260124_172024_CH02_DUT_TMO-AUTO_HTTP MS DL_NJ DUT REF_L3.dml,,,,N41(100)+N41(x),NR SA,378,-96.250000,2.000000,,,,,,,,,,,,,0.000,,,,
128,1,,,-73.9599150,40.8175383,2026-01-24 22:22:26.527,_20260124_172024_CH02_DUT_TMO-AUTO_HTTP MS DL_NJ DUT REF_L3.dml,,,,,,,,,,,,,,,Download File Size Retrieved,,,,,,,,,,
129,1,,,-73.9599150,40.8175383,2026-01-24 22:22:26.544,_20260124_172024_CH02_DUT_TMO-AUTO_HTTP MS DL_NJ DUT REF_L3.dml,,,,,,,,,,,,,,,Download Started,,,,,,,,,,
130,1,,,-73.9599150,40.8175383,2026-01-24 22:22:27.000,_20260124_172024_CH02_DUT_TMO-AUTO_HTTP MS DL_NJ DUT REF_L3.dml,,,,N41(100)+N41(40),NR SA,378,-96.630000,1.100000,,,,,,,,,,,,,0.440,,,,
131,1,,,-73.9599150,40.8175383,2026-01-24 22:22:28.000,_20260124_172024_CH02_DUT_TMO-AUTO_HTTP MS DL_NJ DUT REF_L3.dml,,,,N41(100)+N41(40),NR SA,378,-96.960000,0.960000,,,,,,,,,,,,,1.448,,,,
132,1,,,-73.9599150,40.8175383,2026-01-24 22:22:29.000,_20260124_172024_CH02_DUT_TMO-AUTO_HTTP MS DL_NJ DUT REF_L3.dml,,,,N41(100)+N41(40),NR SA,378,-96.550000,1.470000,,,,,,,,142.072,,,,,1.336,,,,
133,1,,,-73.9599150,40.8175383,2026-01-24 22:22:30.000,_20260124_172024_CH02_DUT_TMO-AUTO_HTTP MS DL_NJ DUT REF_L3.dml,,,,N41(100)+N41(40),NR SA,378,-97.260000,0.650000,,,,,,,,103.110,,,,,1.080,,,,
134,1,,,-73.9599150,40.8175383,2026-01-24 22:22:31.000,_20260124_172024_CH02_DUT_TMO-AUTO_HTTP MS DL_NJ DUT REF_L3.dml,,,,N41(100)+N41(40),NR SA,378,-96.900000,1.310000,,,,,,,,107.597,,,,,0.872,,,,
135,1,,,-73.9599150,40.8175383,2026-01-24 22:22:32.000,_20260124_172024_CH02_DUT_TMO-AUTO_HTTP MS DL_NJ DUT REF_L3.dml,,,,N41(100)+N41(40),NR SA,378,-97.560000,1.270000,,,,,,,,112.635,,,,,1.120,,,,
136,1,,,-73.9599150,40.8175383,2026-01-24 22:22:33.000,_20260124_172024_CH02_DUT_TMO-AUTO_HTTP MS DL_NJ DUT REF_L3.dml,,,,N41(100)+N41(40),NR SA,378,-97.020000,1.200000,,,,,,,,121.065,,,,,1.048,,,,
137,1,,,-73.9599150,40.8175383,2026-01-24 22:22:34.000,_20260124_172024_CH02_DUT_TMO-AUTO_HTTP MS DL_NJ DUT REF_L3.dml,,,,N41(100)+N41(40),NR SA,378,-97.000000,1.030000,,,,,,,,118.307,,,,,1.112,,,,
138,1,,,-73.9599150,40.8175383,2026-01-24 22:22:35.000,_20260124_172024_CH02_DUT_TMO-AUTO_HTTP MS DL_NJ DUT REF_L3.dml,,,,N41(100)+N41(40),NR SA,378,-96.890000,0.730000,,,,,,,,120.128,,,,,1.000,,,,
139,1,,,-73.9599150,40.8175383,2026-01-24 22:22:36.000,_20260124_172024_CH02_DUT_TMO-AUTO_HTTP MS DL_NJ DUT REF_L3.dml,,,,N41(100)+N41(40),NR SA,378,-97.000000,1.020000,,,,,,,,114.914,,,,,1.096,,,,
140,1,,,-73.9599150,40.8175383,2026-01-24 22:22:37.000,_20260124_172024_CH02_DUT_TMO-AUTO_HTTP MS DL_NJ DUT REF_L3.dml,,,,N41(100)+N41(40),NR SA,378,-97.240000,0.590000,,,,,,,,128.715,,,,,0.976,,,,
141,1,,,-73.9599150,40.8175383,2026-01-24 22:22:38.000,_20260124_172024_CH02_DUT_TMO-AUTO_HTTP MS DL_NJ DUT REF_L3.dml,,,,N41(100)+N41(40),NR SA,378,-96.920000,0.880000,,,,,,,,125.981,,,,,1.088,,,,
142,1,,,-73.9599150,40.8175383,2026-01-24 22:22:39.000,_20260124_172024_CH02_DUT_TMO-AUTO_HTTP MS DL_NJ DUT REF_L3.dml,,,,N41(100)+N41(40),NR SA,378,-97.250000,1.100000,,,,,,,,135.104,,,,,1.104,,,,
143,1,,,-73.9599150,40.8175383,2026-01-24 22:22:40.000,_20260124_172024_CH02_DUT_TMO-AUTO_HTTP MS DL_NJ DUT REF_L3.dml,,,,N41(100)+N41(40),NR SA,378,-97.000000,0.650000,,,,,,,,129.176,,,,,1.000,,,,
144,1,,,-73.9599150,40.8175383,2026-01-24 22:22:41.000,_20260124_172024_CH02_DUT_TMO-AUTO_HTTP MS DL_NJ DUT REF_L3.dml,,,,N41(100)+N41(40),NR SA,378,-96.780000,0.840000,,,,,,,,125.831,,,,,0.792,,,,
145,1,,,-73.9599150,40.8175383,2026-01-24 22:22:42.000,_20260124_172024_CH02_DUT_TMO-AUTO_HTTP MS DL_NJ DUT REF_L3.dml,,,,N41(100)+N41(40),NR SA,378,-96.280000,1.220000,,,,,,,,96.491,,,,,0.768,,,,
146,1,,,-73.9599150,40.8175383,2026-01-24 22:22:43.000,_20260124_172024_CH02_DUT_TMO-AUTO_HTTP MS DL_NJ DUT REF_L3.dml,,,,N41(100)+N41(40),NR SA,378,-96.300000,1.260000,,,,,,,,97.659,,,,,0.816,,,,
147,1,,,-73.9599150,40.8175383,2026-01-24 22:22:44.000,_20260124_172024_CH02_DUT_TMO-AUTO_HTTP MS DL_NJ DUT REF_L3.dml,,,,N41(100)+N41(40),NR SA,378,-96.310000,2.160000,,,,,,,,101.325,,,,,0.976,,,,
148,1,,,-73.9599150,40.8175383,2026-01-24 22:22:45.000,_20260124_172024_CH02_DUT_TMO-AUTO_HTTP MS DL_NJ DUT REF_L3.dml,,,,N41(100)+N41(40),NR SA,378,-95.980000,2.760000,,,,,,,,84.281,,,,,1.040,,,,
149,1,,,-73.9599150,40.8175383,2026-01-24 22:22:46.000,_20260124_172024_CH02_DUT_TMO-AUTO_HTTP MS DL_NJ DUT REF_L3.dml,,,,N41(100)+N41(40),NR SA,378,-96.330000,1.910000,,,,,,,,109.537,,,,,1.160,,,,
150,1,,,-73.9599050,40.8175017,2026-01-24 22:22:47.000,_20260124_172024_CH02_DUT_TMO-AUTO_HTTP MS DL_NJ DUT REF_L3.dml,,,,N41(100)+N41(40),NR SA,378,-96.920000,0.590000,,,,,,,,117.505,,,,,1.104,,,,
151,1,,,-73.9598967,40.8175033,2026-01-24 22:22:48.000,_20260124_172024_CH02_DUT_TMO-AUTO_HTTP MS DL_NJ DUT REF_L3.dml,,,,N41(100)+N41(40),NR SA,378,-97.020000,1.120000,,,,,,,,115.164,,,,,1.032,,,,
152,1,,,-73.9598967,40.8175033,2026-01-24 22:22:49.000,_20260124_172024_CH02_DUT_TMO-AUTO_HTTP MS DL_NJ DUT REF_L3.dml,,,,N41(100)+N41(40),NR SA,378,-97.080000,0.450000,,,,,,,,132.019,,,,,0.880,,,,
153,1,,,-73.9599000,40.8175017,2026-01-24 22:22:50.000,_20260124_172024_CH02_DUT_TMO-AUTO_HTTP MS DL_NJ DUT REF_L3.dml,,,,N41(100)+N41(40),NR SA,378,-97.150000,0.920000,,,,,,,,108.378,,,,,0.904,,,,
154,1,,,-73.9598967,40.8175000,2026-01-24 22:22:51.000,_20260124_172024_CH02_DUT_TMO-AUTO_HTTP MS DL_NJ DUT REF_L3.dml,,,,N41(100)+N41(40),NR SA,378,-96.710000,1.730000,,,,,,,,96.748,,,,,0.960,,,,
155,1,,,-73.9598967,40.8175000,2026-01-24 22:22:52.000,_20260124_172024_CH02_DUT_TMO-AUTO_HTTP MS DL_NJ DUT REF_L3.dml,,,,N41(100)+N41(40),NR SA,378,-97.100000,1.150000,,,,,,,,93.872,,,,,1.160,,,,
156,1,,,-73.9598967,40.8175000,2026-01-24 22:22:53.000,_20260124_172024_CH02_DUT_TMO-AUTO_HTTP MS DL_NJ DUT REF_L3.dml,,,,N41(100)+N41(40),NR SA,378,-97.290000,0.880000,,,,,,,,108.292,,,,,1.144,,,,
157,1,,,-73.9598967,40.8175000,2026-01-24 22:22:54.000,_20260124_172024_CH02_DUT_TMO-AUTO_HTTP MS DL_NJ DUT REF_L3.dml,,,,N41(100)+N41(40),NR SA,378,-97.130000,1.040000,,,,,,,,107.790,,,,,0.960,,,,
158,1,,,-73.9598967,40.8175000,2026-01-24 22:22:55.000,_20260124_172024_CH02_DUT_TMO-AUTO_HTTP MS DL_NJ DUT REF_L3.dml,,,,N41(100)+N41(40),NR SA,378,-96.880000,1.630000,,,,,,,,101.160,,,,,0.816,,,,
159,1,,,-73.9598967,40.8175000,2026-01-24 22:22:56.000,_20260124_172024_CH02_DUT_TMO-AUTO_HTTP MS DL_NJ DUT REF_L3.dml,,,,N41(100)+N41(40),NR SA,378,-97.520000,1.270000,,,,,,,,89.494,,,,,1.080,,,,
160,1,,,-73.9598967,40.8175000,2026-01-24 22:22:57.544,_20260124_172024_CH02_DUT_TMO-AUTO_HTTP MS DL_NJ DUT REF_L3.dml,,,,,,,,,,,,,,,Download End Request,,,,,,,,,,
161,1,,,-73.9598967,40.8175000,2026-01-24 22:22:57.623,_20260124_172024_CH02_DUT_TMO-AUTO_HTTP MS DL_NJ DUT REF_L3.dml,,,,,,,,,,,,,,,Download Ended,,,,,,,,,,
162,1,,,-73.9598967,40.8175000,2026-01-24 22:22:57.000,_20260124_172024_CH02_DUT_TMO-AUTO_HTTP MS DL_NJ DUT REF_L3.dml,,,,N41(100)+N41(40),NR SA,378,-97.250000,1.090000,,,,,,,,123.623,,,,,1.088,,,,
163,1,,,-73.9598967,40.8175000,2026-01-24 22:22:58.000,_20260124_172024_CH02_DUT_TMO-AUTO_HTTP MS DL_NJ DUT REF_L3.dml,,,,N41(100)+N41(40),,378,-97.380000,0.970000,,,,,,,,112.474,,,,,1.120,,,,
164,1,,,-73.9598967,40.8175000,2026-01-24 22:22:59.000,_20260124_172024_CH02_DUT_TMO-AUTO_HTTP MS DL_NJ DUT REF_L3.dml,,,,N41(100)+N41(40),,378,-97.310000,0.560000,,,,,,,,,,,,,,,,,
165,1,,,-73.9598967,40.8175000,2026-01-24 22:23:00.000,_20260124_172024_CH02_DUT_TMO-AUTO_HTTP MS DL_NJ DUT REF_L3.dml,,,,N41(100)+N41(40),,378,-96.860000,2.290000,,,,,,,,,,,,,0.376,,,,
166,1,,,-73.9598967,40.8175000,2026-01-24 22:23:01.000,_20260124_172024_CH02_DUT_TMO-AUTO_HTTP MS DL_NJ DUT REF_L3.dml,,,,N41(100)+N41(40),,378,-96.300000,2.500000,,,,,,,,,,,,,0.000,,,,
167,1,,,-73.9598967,40.8175000,2026-01-24 22:23:02.000,_20260124_172024_CH02_DUT_TMO-AUTO_HTTP MS DL_NJ DUT REF_L3.dml,,,,N41(100)+N41(40),,378,-96.500000,1.500000,,,,,,,,,,,,,0.008,,,,
168,1,,,-73.9598967,40.8175000,2026-01-24 22:23:03.000,_20260124_172024_CH02_DUT_TMO-AUTO_HTTP MS DL_NJ DUT REF_L3.dml,,,,N41(100)+N41(40),,378,-96.000000,-0.250000,,,,,,,,,,,,,0.000,,,,
169,1,,,-73.9598967,40.8175000,2026-01-24 22:23:04.000,_20260124_172024_CH02_DUT_TMO-AUTO_HTTP MS DL_NJ DUT REF_L3.dml,,,,N41(100)+N41(40),,378,-97.000000,2.670000,,,,,,,,,,,,,,,,,
170,1,,,-73.9598967,40.8175000,2026-01-24 22:23:05.000,_20260124_172024_CH02_DUT_TMO-AUTO_HTTP MS DL_NJ DUT REF_L3.dml,,,,N41(100)+N41(40),,378,-96.880000,1.880000,,,,,,,,,,,,,0.004,,,,
171,1,,,-73.9598967,40.8175000,2026-01-24 22:23:06.000,_20260124_172024_CH02_DUT_TMO-AUTO_HTTP MS DL_NJ DUT REF_L3.dml,,,,N41(100)+N41(40),,378,-96.910000,1.640000,,,,,,,,,,,,,0.008,,,,
172,1,,,-73.9598967,40.8175000,2026-01-24 22:23:07.000,_20260124_172024_CH02_DUT_TMO-AUTO_HTTP MS DL_NJ DUT REF_L3.dml,,,,N41(100)+N41(40),,378,-96.610000,1.680000,,,,,,,,,,,,,,,,,
173,1,,,-73.9598967,40.8175000,2026-01-24 22:23:08.000,_20260124_172024_CH02_DUT_TMO-AUTO_HTTP MS DL_NJ DUT REF_L3.dml,,,,N41(100)+N41(40),,378,-97.000000,1.750000,,,,,,,,,,,,,0.008,,,,
174,1,,,-73.9600150,40.8175433,2026-01-24 22:23:09.000,_20260124_172024_CH02_DUT_TMO-AUTO_HTTP MS DL_NJ DUT REF_L3.dml,,,,N41(100)+N41(40),,378,-96.860000,2.430000,,,,,,,,,,,,,0.000,,,,
175,1,,,-73.9600200,40.8175500,2026-01-24 22:23:10.000,_20260124_172024_CH02_DUT_TMO-AUTO_HTTP MS DL_NJ DUT REF_L3.dml,,,,N41(100)+N41(40),,378,-97.000000,1.570000,,,,,,,,,,,,,0.000,,,,
176,1,,,-73.9600167,40.8175583,2026-01-24 22:23:11.000,_20260124_172024_CH02_DUT_TMO-AUTO_HTTP MS DL_NJ DUT REF_L3.dml,,,,N41(100)+N41(40),,378,-97.000000,1.670000,,,,,,,,,,,,,,,,,
177,1,,,-73.9600150,40.8175633,2026-01-24 22:23:12.000,_20260124_172024_CH02_DUT_TMO-AUTO_HTTP MS DL_NJ DUT REF_L3.dml,,,,N41(100)+N41(40),,378,-97.000000,2.250000,,,,,,,,,,,,,0.000,,,,
178,1,,,-73.9600150,40.8175633,2026-01-24 22:23:13.000,_20260124_172024_CH02_DUT_TMO-AUTO_HTTP MS DL_NJ DUT REF_L3.dml,,,,N41(100)+N41(40),,378,-96.900000,1.900000,,,,,,,,,,,,,0.000,,,,
179,1,,,-73.9600150,40.8175633,2026-01-24 22:23:14.000,_20260124_172024_CH02_DUT_TMO-AUTO_HTTP MS DL_NJ DUT REF_L3.dml,,,,N41(100)+N41(40),,378,-97.000000,1.710000,,,,,,,,,,,,,0.008,,,,
180,1,,,-73.9600150,40.8175633,2026-01-24 22:23:15.000,_20260124_172024_CH02_DUT_TMO-AUTO_HTTP MS DL_NJ DUT REF_L3.dml,,,,N41(100)+N41(40),,378,-96.730000,1.470000,,,,,,,,,,,,,,,,,
181,1,,,-73.9600150,40.8175633,2026-01-24 22:23:16.000,_20260124_172024_CH02_DUT_TMO-AUTO_HTTP MS DL_NJ DUT REF_L3.dml,,,,N41(100)+N41(40),,378,-97.000000,2.000000,,,,,,,,,,,,,0.008,,,,
182,1,,,-73.9600150,40.8175633,2026-01-24 22:23:17.000,_20260124_172024_CH02_DUT_TMO-AUTO_HTTP MS DL_NJ DUT REF_L3.dml,,,,N41(100)+N41(40),,378,-96.750000,1.000000,,,,,,,,,,,,,0.000,,,,
183,1,,,-73.9600150,40.8175633,2026-01-24 22:23:18.000,_20260124_172024_CH02_DUT_TMO-AUTO_HTTP MS DL_NJ DUT REF_L3.dml,,,,N41(100)+N41(40),,378,-97.000000,2.000000,,,,,,,,,,,,,0.000,,,,
184,1,,,-73.9600150,40.8175633,2026-01-24 22:23:19.000,_20260124_172024_CH02_DUT_TMO-AUTO_HTTP MS DL_NJ DUT REF_L3.dml,,,,N41(x)+N41(x),,378,-97.000000,2.670000,,,,,,,,,,,,,,,,,
185,1,,,-73.9600150,40.8175633,2026-01-24 22:23:20.000,_20260124_172024_CH02_DUT_TMO-AUTO_HTTP MS DL_NJ DUT REF_L3.dml,,,,,,,,,,,,,,,,,,,,,,,,,
186,1,,,-73.9600150,40.8175633,2026-01-24 22:23:21.000,_20260124_172024_CH02_DUT_TMO-AUTO_HTTP MS DL_NJ DUT REF_L3.dml,,,,,,,,,,,,,,,,,,,,,,,,,
187,1,,,-73.9600150,40.8175633,2026-01-24 22:23:22.000,_20260124_172024_CH02_DUT_TMO-AUTO_HTTP MS DL_NJ DUT REF_L3.dml,,,,N41(x),,378,-97.000000,2.000000,,,,,,,,,,,,,,,,,
188,1,,,-73.9600150,40.8175633,2026-01-24 22:23:23.000,_20260124_172024_CH02_DUT_TMO-AUTO_HTTP MS DL_NJ DUT REF_L3.dml,,,,,,,,,,,,,,,,,,,,,,,,,
189,1,,,-73.9600150,40.8175633,2026-01-24 22:23:24.000,_20260124_172024_CH02_DUT_TMO-AUTO_HTTP MS DL_NJ DUT REF_L3.dml,,,,,,,,,,,,,,,,,,,,,,,,,
190,1,,,-73.9600150,40.8175633,2026-01-24 22:23:25.000,_20260124_172024_CH02_DUT_TMO-AUTO_HTTP MS DL_NJ DUT REF_L3.dml,,,,N41(x),,378,-96.000000,3.000000,,,,,,,,,,,,,,,,,
191,1,,,-73.9600150,40.8175633,2026-01-24 22:23:26.000,_20260124_172024_CH02_DUT_TMO-AUTO_HTTP MS DL_NJ DUT REF_L3.dml,,,,,,,,,,,,,,,,,,,,,,,,,
192,1,,,-73.9600150,40.8175633,2026-01-24 22:23:27.000,_20260124_172024_CH02_DUT_TMO-AUTO_HTTP MS DL_NJ DUT REF_L3.dml,,,,N41(x),,378,-97.000000,1.000000,,,,,,,,,,,,,,,,,
193,1,,,-73.9600150,40.8175633,2026-01-24 22:23:28.000,_20260124_172024_CH02_DUT_TMO-AUTO_HTTP MS DL_NJ DUT REF_L3.dml,,,,,,,,,,,,,,,,,,,,,,,,,
194,1,,,-73.9600150,40.8175633,2026-01-24 22:23:29.000,_20260124_172024_CH02_DUT_TMO-AUTO_HTTP MS DL_NJ DUT REF_L3.dml,,,,,,,,,,,,,,,,,,,,,,,,,
195,1,,,-73.9600150,40.8175633,2026-01-24 22:23:30.000,_20260124_172024_CH02_DUT_TMO-AUTO_HTTP MS DL_NJ DUT REF_L3.dml,,,,N41(x),,378,-97.000000,1.000000,,,,,,,,,,,,,,,,,
196,1,,,-73.9600150,40.8175633,2026-01-24 22:23:31.000,_20260124_172024_CH02_DUT_TMO-AUTO_HTTP MS DL_NJ DUT REF_L3.dml,,,,,,,,,,,,,,,,,,,,,,,,,
197,1,,,-73.9600150,40.8175633,2026-01-24 22:23:32.000,_20260124_172024_CH02_DUT_TMO-AUTO_HTTP MS DL_NJ DUT REF_L3.dml,,,,,,,,,,,,,,,,,,,,,,,,,
198,1,,,-73.9600150,40.8175633,2026-01-24 22:23:33.000,_20260124_172024_CH02_DUT_TMO-AUTO_HTTP MS DL_NJ DUT REF_L3.dml,,,,,,,,,,,,,,,,,,,,,,,,,
199,1,,,-73.9600150,40.8175633,2026-01-24 22:23:34.000,_20260124_172024_CH02_DUT_TMO-AUTO_HTTP MS DL_NJ DUT REF_L3.dml,,,,N41(x),,378,-95.000000,2.000000,,,,,,,,,,,,,,,,,
200,1,,,-73.9600150,40.8175633,2026-01-24 22:23:35.000,_20260124_172024_CH02_DUT_TMO-AUTO_HTTP MS DL_NJ DUT REF_L3.dml,,,,,,,,,,,,,,,,,,,,,,,,,
201,1,,,-73.9600150,40.8175633,2026-01-24 22:23:36.000,_20260124_172024_CH02_DUT_TMO-AUTO_HTTP MS DL_NJ DUT REF_L3.dml,,,,,,,,,,,,,,,,,,,,,,,,,
202,1,,,-73.9600150,40.8175633,2026-01-24 22:23:37.000,_20260124_172024_CH02_DUT_TMO-AUTO_HTTP MS DL_NJ DUT REF_L3.dml,,,,,,,,,,,,,,,,,,,,,,,,,
203,1,,,-73.9600150,40.8175633,2026-01-24 22:23:38.000,_20260124_172024_CH02_DUT_TMO-AUTO_HTTP MS DL_NJ DUT REF_L3.dml,,,,N41(x),,378,-96.000000,3.000000,,,,,,,,,,,,,,,,,
204,1,,,-73.9600150,40.8175633,2026-01-24 22:23:38.575,_20260124_172024_CH02_DUT_TMO-AUTO_HTTP MS DL_NJ DUT REF_L3.dml,,,,,,,,,,,,,,,Download Start Request,,,,,,,,,,
205,1,,,-73.9600150,40.8175633,2026-01-24 22:23:39.000,_20260124_172024_CH02_DUT_TMO-AUTO_HTTP MS DL_NJ DUT REF_L3.dml,,,,N41(x),NR SA,378,-95.000000,3.000000,,,,,,,,,,,,,,,,,
206,1,,,-73.9600150,40.8175633,2026-01-24 22:23:39.934,_20260124_172024_CH02_DUT_TMO-AUTO_HTTP MS DL_NJ DUT REF_L3.dml,,,,,,,,,,,,,,,Download File Size Retrieved,,,,,,,,,,
207,1,,,-73.9600150,40.8175633,2026-01-24 22:23:39.934,_20260124_172024_CH02_DUT_TMO-AUTO_HTTP MS DL_NJ DUT REF_L3.dml,,,,,,,,,,,,,,,Download Started,,,,,,,,,,
208,1,,,-73.9600150,40.8175633,2026-01-24 22:23:40.000,_20260124_172024_CH02_DUT_TMO-AUTO_HTTP MS DL_NJ DUT REF_L3.dml,,,,N41(100)+N41(x),NR SA,378,-96.000000,2.140000,,,,,,,,,,,,,0.000,,,,
209,1,,,-73.9600150,40.8175633,2026-01-24 22:23:41.000,_20260124_172024_CH02_DUT_TMO-AUTO_HTTP MS DL_NJ DUT REF_L3.dml,,,,N41(100)+N41(40),NR SA,378,-96.690000,2.510000,,,,,,,,,,,,,0.480,,,,
210,1,,,-73.9600150,40.8175633,2026-01-24 22:23:42.000,_20260124_172024_CH02_DUT_TMO-AUTO_HTTP MS DL_NJ DUT REF_L3.dml,,,,N41(100)+N41(40),NR SA,378,-97.100000,1.120000,,,,,,,,123.848,,,,,1.120,,,,
211,1,,,-73.9600150,40.8175633,2026-01-24 22:23:43.000,_20260124_172024_CH02_DUT_TMO-AUTO_HTTP MS DL_NJ DUT REF_L3.dml,,,,N41(100)+N41(40),NR SA,378,-97.250000,0.100000,,,,,,,,98.281,,,,,1.048,,,,
212,1,,,-73.9600150,40.8175633,2026-01-24 22:23:44.000,_20260124_172024_CH02_DUT_TMO-AUTO_HTTP MS DL_NJ DUT REF_L3.dml,,,,N41(100)+N41(40),NR SA,378,-96.720000,1.020000,,,,,,,,103.630,,,,,0.936,,,,
213,1,,,-73.9600150,40.8175633,2026-01-24 22:23:45.000,_20260124_172024_CH02_DUT_TMO-AUTO_HTTP MS DL_NJ DUT REF_L3.dml,,,,N41(100)+N41(40),NR SA,378,-96.870000,0.270000,,,,,,,,104.466,,,,,0.912,,,,
214,1,,,-73.9600150,40.8175633,2026-01-24 22:23:46.000,_20260124_172024_CH02_DUT_TMO-AUTO_HTTP MS DL_NJ DUT REF_L3.dml,,,,N41(100)+N41(40),NR SA,378,-96.620000,0.960000,,,,,,,,122.036,,,,,0.952,,,,
215,1,,,-73.9600150,40.8175633,2026-01-24 22:23:47.000,_20260124_172024_CH02_DUT_TMO-AUTO_HTTP MS DL_NJ DUT REF_L3.dml,,,,N41(100)+N41(40),NR SA,378,-96.630000,1.000000,,,,,,,,147.328,,,,,0.984,,,,
216,1,,,-73.9600150,40.8175633,2026-01-24 22:23:48.000,_20260124_172024_CH02_DUT_TMO-AUTO_HTTP MS DL_NJ DUT REF_L3.dml,,,,N41(100)+N41(40),NR SA,378,-96.780000,1.780000,,,,,,,,119.229,,,,,0.872,,,,
217,1,,,-73.9600150,40.8175633,2026-01-24 22:23:49.000,_20260124_172024_CH02_DUT_TMO-AUTO_HTTP MS DL_NJ DUT REF_L3.dml,,,,N41(100)+N41(40),NR SA,378,-96.530000,1.250000,,,,,,,,117.202,,,,,0.912,,,,
218,1,,,-73.9600150,40.8175633,2026-01-24 22:23:50.000,_20260124_172024_CH02_DUT_TMO-AUTO_HTTP MS DL_NJ DUT REF_L3.dml,,,,N41(100)+N41(40),NR SA,378,-96.980000,0.850000,,,,,,,,111.820,,,,,0.992,,,,
219,1,,,-73.9600150,40.8175633,2026-01-24 22:23:51.000,_20260124_172024_CH02_DUT_TMO-AUTO_HTTP MS DL_NJ DUT REF_L3.dml,,,,N41(100)+N41(40),NR SA,378,-96.550000,1.040000,,,,,,,,122.268,,,,,0.840,,,,
220,1,,,-73.9600150,40.8175633,2026-01-24 22:23:52.000,_20260124_172024_CH02_DUT_TMO-AUTO_HTTP MS DL_NJ DUT REF_L3.dml,,,,N41(100)+N41(40),NR SA,378,-96.900000,0.730000,,,,,,,,121.794,,,,,0.800,,,,
221,1,,,-73.9600150,40.8175633,2026-01-24 22:23:53.000,_20260124_172024_CH02_DUT_TMO-AUTO_HTTP MS DL_NJ DUT REF_L3.dml,,,,N41(100)+N41(40),NR SA,378,-96.460000,1.460000,,,,,,,,99.511,,,,,0.768,,,,
222,1,,,-73.9600150,40.8175633,2026-01-24 22:23:54.000,_20260124_172024_CH02_DUT_TMO-AUTO_HTTP MS DL_NJ DUT REF_L3.dml,,,,N41(100)+N41(40),NR SA,378,-96.880000,1.320000,,,,,,,,113.094,,,,,0.968,,,,
223,1,,,-73.9600150,40.8175633,2026-01-24 22:23:55.000,_20260124_172024_CH02_DUT_TMO-AUTO_HTTP MS DL_NJ DUT REF_L3.dml,,,,N41(100)+N41(40),NR SA,378,-97.030000,0.530000,,,,,,,,121.863,,,,,0.992,,,,
224,1,,,-73.9600150,40.8175633,2026-01-24 22:23:56.000,_20260124_172024_CH02_DUT_TMO-AUTO_HTTP MS DL_NJ DUT REF_L3.dml,,,,N41(100)+N41(40),NR SA,378,-97.080000,0.030000,,,,,,,,132.692,,,,,0.976,,,,
225,1,,,-73.9600150,40.8175633,2026-01-24 22:23:57.000,_20260124_172024_CH02_DUT_TMO-AUTO_HTTP MS DL_NJ DUT REF_L3.dml,,,,N41(100)+N41(40),NR SA,378,-97.040000,-0.960000,,,,,,,,158.216,,,,,1.008,,,,
226,1,,,-73.9600150,40.8175633,2026-01-24 22:23:58.000,_20260124_172024_CH02_DUT_TMO-AUTO_HTTP MS DL_NJ DUT REF_L3.dml,,,,N41(100)+N41(40),NR SA,378,-97.530000,-1.390000,,,,,,,,138.076,,,,,0.968,,,,
227,1,,,-73.9600150,40.8175633,2026-01-24 22:23:59.000,_20260124_172024_CH02_DUT_TMO-AUTO_HTTP MS DL_NJ DUT REF_L3.dml,,,,N41(100)+N41(40),NR SA,378,-97.200000,-1.490000,,,,,,,,133.368,,,,,0.960,,,,
228,1,,,-73.9600150,40.8175633,2026-01-24 22:24:00.000,_20260124_172024_CH02_DUT_TMO-AUTO_HTTP MS DL_NJ DUT REF_L3.dml,,,,N41(100)+N41(40),NR SA,378,-96.260000,-0.200000,,,,,,,,110.845,,,,,0.840,,,,
229,1,,,-73.9600150,40.8175633,2026-01-24 22:24:01.000,_20260124_172024_CH02_DUT_TMO-AUTO_HTTP MS DL_NJ DUT REF_L3.dml,,,,N41(100)+N41(40),NR SA,378,-96.690000,0.220000,,,,,,,,126.775,,,,,0.816,,,,
230,1,,,-73.9600150,40.8175633,2026-01-24 22:24:02.000,_20260124_172024_CH02_DUT_TMO-AUTO_HTTP MS DL_NJ DUT REF_L3.dml,,,,N41(100)+N41(40),NR SA,378,-96.980000,-0.700000,,,,,,,,130.741,,,,,1.000,,,,
231,1,,,-73.9600150,40.8175633,2026-01-24 22:24:03.000,_20260124_172024_CH02_DUT_TMO-AUTO_HTTP MS DL_NJ DUT REF_L3.dml,,,,N41(100)+N41(40),NR SA,378,-97.000000,-0.290000,,,,,,,,128.040,,,,,0.832,,,,
232,1,,,-73.9600150,40.8175633,2026-01-24 22:24:04.000,_20260124_172024_CH02_DUT_TMO-AUTO_HTTP MS DL_NJ DUT REF_L3.dml,,,,N41(100)+N41(40),NR SA,378,-96.920000,-0.540000,,,,,,,,117.523,,,,,0.896,,,,
233,1,,,-73.9600150,40.8175633,2026-01-24 22:24:05.000,_20260124_172024_CH02_DUT_TMO-AUTO_HTTP MS DL_NJ DUT REF_L3.dml,,,,N41(100)+N41(40),NR SA,378,-97.080000,-0.660000,,,,,,,,120.975,,,,,0.944,,,,
234,1,,,-73.9600150,40.8175633,2026-01-24 22:24:06.000,_20260124_172024_CH02_DUT_TMO-AUTO_HTTP MS DL_NJ DUT REF_L3.dml,,,,N41(100)+N41(40),NR SA,378,-97.140000,-0.470000,,,,,,,,106.418,,,,,0.952,,,,
235,1,,,-73.9600150,40.8175633,2026-01-24 22:24:07.000,_20260124_172024_CH02_DUT_TMO-AUTO_HTTP MS DL_NJ DUT REF_L3.dml,,,,N41(100)+N41(40),NR SA,378,-97.850000,-1.590000,,,,,,,,97.241,,,,,1.000,,,,
236,1,,,-73.9600150,40.8175633,2026-01-24 22:24:08.000,_20260124_172024_CH02_DUT_TMO-AUTO_HTTP MS DL_NJ DUT REF_L3.dml,,,,N41(100)+N41(40),NR SA,378,-97.210000,0.020000,,,,,,,,120.689,,,,,0.912,,,,
237,1,,,-73.9600150,40.8175633,2026-01-24 22:24:09.000,_20260124_172024_CH02_DUT_TMO-AUTO_HTTP MS DL_NJ DUT REF_L3.dml,,,,N41(100)+N41(40),NR SA,378,-97.080000,-0.210000,,,,,,,,126.078,,,,,1.088,,,,
238,1,,,-73.9600150,40.8175633,2026-01-24 22:24:10.000,_20260124_172024_CH02_DUT_TMO-AUTO_HTTP MS DL_NJ DUT REF_L3.dml,,,,N41(100)+N41(40),NR SA,378,-97.170000,-0.430000,,,,,,,,125.885,,,,,1.056,,,,
239,1,,,-73.9600150,40.8175633,2026-01-24 22:24:11.000,_20260124_172024_CH02_DUT_TMO-AUTO_HTTP MS DL_NJ DUT REF_L3.dml,,,,N41(100)+N41(40),NR SA,378,-97.380000,-0.060000,,,,,,,,,,,,,0.704,,,,
240,1,,,-73.9600150,40.8175633,2026-01-24 22:24:10.934,_20260124_172024_CH02_DUT_TMO-AUTO_HTTP MS DL_NJ DUT REF_L3.dml,,,,,,,,,,,,,,,Download End Request,,,,,,,,,,
241,1,,,-73.9600150,40.8175633,2026-01-24 22:24:11.028,_20260124_172024_CH02_DUT_TMO-AUTO_HTTP MS DL_NJ DUT REF_L3.dml,,,,,,,,,,,,,,,Download Ended,,,,,,,,,,
242,1,,,-73.9600150,40.8175633,2026-01-24 22:24:12.000,_20260124_172024_CH02_DUT_TMO-AUTO_HTTP MS DL_NJ DUT REF_L3.dml,,,,N41(100)+N41(40),,378,-97.290000,-0.840000,,,,,,,,,,,,,1.040,,,,
243,1,,,-73.9600150,40.8175633,2026-01-24 22:24:13.000,_20260124_172024_CH02_DUT_TMO-AUTO_HTTP MS DL_NJ DUT REF_L3.dml,,,,N41(100)+N41(40),,378,-97.590000,-1.520000,,,,,,,,,,,,,0.192,,,,
244,1,,,-73.9600150,40.8175633,2026-01-24 22:24:14.000,_20260124_172024_CH02_DUT_TMO-AUTO_HTTP MS DL_NJ DUT REF_L3.dml,,,,N41(100)+N41(40),,440,-95.720000,0.190000,,,,,,,,,,,,,,,,,
245,1,,,-73.9600150,40.8175633,2026-01-24 22:24:15.000,_20260124_172024_CH02_DUT_TMO-AUTO_HTTP MS DL_NJ DUT REF_L3.dml,,,,N41(100)+N41(40),,440,-94.470000,1.400000,,,,,,,,,,,,,0.072,,,,
246,1,,,-73.9600150,40.8175633,2026-01-24 22:24:16.000,_20260124_172024_CH02_DUT_TMO-AUTO_HTTP MS DL_NJ DUT REF_L3.dml,,,,N41(100)+N41(40),,440,-95.290000,0.140000,,,,,,,,,,,,,0.000,,,,
247,1,,,-73.9600150,40.8175633,2026-01-24 22:24:17.000,_20260124_172024_CH02_DUT_TMO-AUTO_HTTP MS DL_NJ DUT REF_L3.dml,,,,N41(100)+N41(40),,440,-95.430000,-0.140000,,,,,,,,,,,,,0.000,,,,
248,1,,,-73.9600150,40.8175633,2026-01-24 22:24:18.000,_20260124_172024_CH02_DUT_TMO-AUTO_HTTP MS DL_NJ DUT REF_L3.dml,,,,N41(100)+N41(40),,440,-94.250000,0.000000,,,,,,,,,,,,,,,,,
249,1,,,-73.9600150,40.8175633,2026-01-24 22:24:19.000,_20260124_172024_CH02_DUT_TMO-AUTO_HTTP MS DL_NJ DUT REF_L3.dml,,,,N41(100)+N41(40),,440,-92.330000,2.110000,,,,,,,,,,,,,0.000,,,,
250,1,,,-73.9600150,40.8175633,2026-01-24 22:24:20.000,_20260124_172024_CH02_DUT_TMO-AUTO_HTTP MS DL_NJ DUT REF_L3.dml,,,,N41(100)+N41(40),,440,-94.190000,0.650000,,,,,,,,,,,,,,,,,
251,1,,,-73.9600150,40.8175633,2026-01-24 22:24:21.000,_20260124_172024_CH02_DUT_TMO-AUTO_HTTP MS DL_NJ DUT REF_L3.dml,,,,N41(100)+N41(40),,440,-94.500000,1.120000,,,,,,,,,,,,,0.008,,,,
252,1,,,-73.9600150,40.8175633,2026-01-24 22:24:22.000,_20260124_172024_CH02_DUT_TMO-AUTO_HTTP MS DL_NJ DUT REF_L3.dml,,,,N41(100)+N41(40),,440,-95.000000,0.330000,,,,,,,,,,,,,,,,,
253,1,,,-73.9600150,40.8175633,2026-01-24 22:24:23.000,_20260124_172024_CH02_DUT_TMO-AUTO_HTTP MS DL_NJ DUT REF_L3.dml,,,,N41(100)+N41(40),,440,-99.330000,-3.000000,,,,,,,,,,,,,0.000,,,,
254,1,,,-73.9600150,40.8175633,2026-01-24 22:24:24.000,_20260124_172024_CH02_DUT_TMO-AUTO_HTTP MS DL_NJ DUT REF_L3.dml,,,,N41(100)+N41(40),,440,-98.860000,-3.140000,,,,,,,,,,,,,,,,,
255,1,,,-73.9600150,40.8175633,2026-01-24 22:24:25.000,_20260124_172024_CH02_DUT_TMO-AUTO_HTTP MS DL_NJ DUT REF_L3.dml,,,,N41(x),,440,-98.500000,-3.000000,,,,,,,,,,,,,,,,,
256,1,,,-73.9600150,40.8175633,2026-01-24 22:24:26.000,_20260124_172024_CH02_DUT_TMO-AUTO_HTTP MS DL_NJ DUT REF_L3.dml,,,,N41(x),,378,-97.000000,1.500000,,,,,,,,,,,,,,,,,
257,1,,,-73.9600150,40.8175633,2026-01-24 22:24:27.000,_20260124_172024_CH02_DUT_TMO-AUTO_HTTP MS DL_NJ DUT REF_L3.dml,,,,N41(x),,378,-97.000000,2.000000,,,,,,,,,,,,,,,,,
258,1,,,-73.9600150,40.8175633,2026-01-24 22:24:28.000,_20260124_172024_CH02_DUT_TMO-AUTO_HTTP MS DL_NJ DUT REF_L3.dml,,,,N41(x),,378,-97.000000,2.000000,,,,,,,,,,,,,,,,,
259,1,,,-73.9600150,40.8175633,2026-01-24 22:24:29.000,_20260124_172024_CH02_DUT_TMO-AUTO_HTTP MS DL_NJ DUT REF_L3.dml,,,,N41(x),,378,-97.000000,1.000000,,,,,,,,,,,,,,,,,
260,1,,,-73.9600150,40.8175633,2026-01-24 22:24:30.000,_20260124_172024_CH02_DUT_TMO-AUTO_HTTP MS DL_NJ DUT REF_L3.dml,,,,,,,,,,,,,,,,,,,,,,,,,
261,1,,,-73.9600150,40.8175633,2026-01-24 22:24:31.000,_20260124_172024_CH02_DUT_TMO-AUTO_HTTP MS DL_NJ DUT REF_L3.dml,,,,N41(x),,378,-97.000000,1.000000,,,,,,,,,,,,,,,,,
262,1,,,-73.9600150,40.8175633,2026-01-24 22:24:32.000,_20260124_172024_CH02_DUT_TMO-AUTO_HTTP MS DL_NJ DUT REF_L3.dml,,,,N41(x),,378,-97.000000,1.000000,,,,,,,,,,,,,,,,,
263,1,,,-73.9600150,40.8175633,2026-01-24 22:24:33.000,_20260124_172024_CH02_DUT_TMO-AUTO_HTTP MS DL_NJ DUT REF_L3.dml,,,,N41(x),,378,-97.000000,2.000000,,,,,,,,,,,,,,,,,
264,1,,,-73.9600150,40.8175633,2026-01-24 22:24:34.000,_20260124_172024_CH02_DUT_TMO-AUTO_HTTP MS DL_NJ DUT REF_L3.dml,,,,N41(x),,378,-96.000000,2.000000,,,,,,,,,,,,,,,,,
265,1,,,-73.9600150,40.8175633,2026-01-24 22:24:35.000,_20260124_172024_CH02_DUT_TMO-AUTO_HTTP MS DL_NJ DUT REF_L3.dml,,,,,,,,,,,,,,,,,,,,,,,,,
266,1,,,-73.9600150,40.8175633,2026-01-24 22:24:36.000,_20260124_172024_CH02_DUT_TMO-AUTO_HTTP MS DL_NJ DUT REF_L3.dml,,,,N41(x),,378,-96.330000,1.000000,,,,,,,,,,,,,,,,,
267,1,,,-73.9600150,40.8175633,2026-01-24 22:24:37.000,_20260124_172024_CH02_DUT_TMO-AUTO_HTTP MS DL_NJ DUT REF_L3.dml,,,,N41(x),,378,-96.000000,2.000000,,,,,,,,,,,,,,,,,
268,1,,,-73.9600150,40.8175633,2026-01-24 22:24:38.000,_20260124_172024_CH02_DUT_TMO-AUTO_HTTP MS DL_NJ DUT REF_L3.dml,,,,N41(x),,378,-96.000000,2.500000,,,,,,,,,,,,,,,,,
269,1,,,-73.9600150,40.8175633,2026-01-24 22:24:39.000,_20260124_172024_CH02_DUT_TMO-AUTO_HTTP MS DL_NJ DUT REF_L3.dml,,,,,,,,,,,,,,,,,,,,,,,,,
270,1,,,-73.9600150,40.8175633,2026-01-24 22:24:40.000,_20260124_172024_CH02_DUT_TMO-AUTO_HTTP MS DL_NJ DUT REF_L3.dml,,,,N41(x),,378,-96.000000,3.000000,,,,,,,,,,,,,,,,,
271,1,,,-73.9600150,40.8175633,2026-01-24 22:24:41.000,_20260124_172024_CH02_DUT_TMO-AUTO_HTTP MS DL_NJ DUT REF_L3.dml,,,,N41(x),,378,-97.000000,1.500000,,,,,,,,,,,,,,,,,
272,1,,,-73.9600150,40.8175633,2026-01-24 22:24:42.000,_20260124_172024_CH02_DUT_TMO-AUTO_HTTP MS DL_NJ DUT REF_L3.dml,,,,,,,,,,,,,,,,,,,,,,,,,
273,1,,,-73.9600150,40.8175633,2026-01-24 22:24:43.000,_20260124_172024_CH02_DUT_TMO-AUTO_HTTP MS DL_NJ DUT REF_L3.dml,,,,,,,,,,,,,,,,,,,,,,,,,
274,1,,,-73.9600150,40.8175633,2026-01-24 22:24:44.000,_20260124_172024_CH02_DUT_TMO-AUTO_HTTP MS DL_NJ DUT REF_L3.dml,,,,,,,,,,,,,,,,,,,,,,,,,
275,1,,,-73.9600150,40.8175633,2026-01-24 22:24:45.000,_20260124_172024_CH02_DUT_TMO-AUTO_HTTP MS DL_NJ DUT REF_L3.dml,,,,N41(x),,378,-97.000000,2.000000,,,,,,,,,,,,,,,,,
276,1,,,-73.9600150,40.8175633,2026-01-24 22:24:46.000,_20260124_172024_CH02_DUT_TMO-AUTO_HTTP MS DL_NJ DUT REF_L3.dml,,,,N41(x),,378,-97.000000,2.000000,,,,,,,,,,,,,,,,,
277,1,,,-73.9600150,40.8175633,2026-01-24 22:24:47.000,_20260124_172024_CH02_DUT_TMO-AUTO_HTTP MS DL_NJ DUT REF_L3.dml,,,,,,,,,,,,,,,,,,,,,,,,,
278,1,,,-73.9600150,40.8175633,2026-01-24 22:24:48.000,_20260124_172024_CH02_DUT_TMO-AUTO_HTTP MS DL_NJ DUT REF_L3.dml,,,,,,,,,,,,,,,,,,,,,,,,,
279,1,,,-73.9600150,40.8175633,2026-01-24 22:24:49.000,_20260124_172024_CH02_DUT_TMO-AUTO_HTTP MS DL_NJ DUT REF_L3.dml,,,,,,,,,,,,,,,,,,,,,,,,,
280,1,,,-73.9600150,40.8175633,2026-01-24 22:24:50.000,_20260124_172024_CH02_DUT_TMO-AUTO_HTTP MS DL_NJ DUT REF_L3.dml,,,,N41(x),,378,-96.000000,2.000000,,,,,,,,,,,,,,,,,
281,1,,,-73.9600150,40.8175633,2026-01-24 22:24:51.000,_20260124_172024_CH02_DUT_TMO-AUTO_HTTP MS DL_NJ DUT REF_L3.dml,,,,,,,,,,,,,,,,,,,,,,,,,
282,1,,,-73.9601300,40.8175850,2026-01-24 22:24:52.000,_20260124_172024_CH02_DUT_TMO-AUTO_HTTP MS DL_NJ DUT REF_L3.dml,,,,,,,,,,,,,,,,,,,,,,,,,
283,1,,,-73.9601300,40.8175850,2026-01-24 22:24:51.950,_20260124_172024_CH02_DUT_TMO-AUTO_HTTP MS DL_NJ DUT REF_L3.dml,,,,,,,,,,,,,,,Download Start Request,,,,,,,,,,
284,1,,,-73.9601300,40.8175850,2026-01-24 22:24:53.000,_20260124_172024_CH02_DUT_TMO-AUTO_HTTP MS DL_NJ DUT REF_L3.dml,,,,N41(100)+N41(x),NR SA,378,-96.500000,1.620000,,,,,,,,,,,,,0.000,,,,
285,1,,,-73.9601483,40.8175950,2026-01-24 22:24:53.325,_20260124_172024_CH02_DUT_TMO-AUTO_HTTP MS DL_NJ DUT REF_L3.dml,,,,,,,,,,,,,,,Download File Size Retrieved,,,,,,,,,,
286,1,,,-73.9601483,40.8175950,2026-01-24 22:24:53.325,_20260124_172024_CH02_DUT_TMO-AUTO_HTTP MS DL_NJ DUT REF_L3.dml,,,,,,,,,,,,,,,Download Started,,,,,,,,,,
287,1,,,-73.9601483,40.8175950,2026-01-24 22:24:54.000,_20260124_172024_CH02_DUT_TMO-AUTO_HTTP MS DL_NJ DUT REF_L3.dml,,,,N41(100)+N41(40),NR SA,378,-96.680000,2.080000,,,,,,,,,,,,,0.568,,,,
288,1,,,-73.9601450,40.8176017,2026-01-24 22:24:55.000,_20260124_172024_CH02_DUT_TMO-AUTO_HTTP MS DL_NJ DUT REF_L3.dml,,,,N41(100)+N41(40),NR SA,378,-97.000000,1.230000,,,,,,,,,,,,,0.744,,,,
289,1,,,-73.9601450,40.8176017,2026-01-24 22:24:56.000,_20260124_172024_CH02_DUT_TMO-AUTO_HTTP MS DL_NJ DUT REF_L3.dml,,,,N41(100)+N41(40),NR SA,378,-97.250000,1.350000,,,,,,,,146.960,,,,,1.096,,,,
290,1,,,-73.9601450,40.8176017,2026-01-24 22:24:57.000,_20260124_172024_CH02_DUT_TMO-AUTO_HTTP MS DL_NJ DUT REF_L3.dml,,,,N41(100)+N41(40),NR SA,378,-97.000000,1.100000,,,,,,,,107.221,,,,,1.160,,,,
291,1,,,-73.9601450,40.8176017,2026-01-24 22:24:58.000,_20260124_172024_CH02_DUT_TMO-AUTO_HTTP MS DL_NJ DUT REF_L3.dml,,,,N41(100)+N41(40),NR SA,378,-97.020000,1.400000,,,,,,,,129.810,,,,,0.936,,,,
292,1,,,-73.9601450,40.8176017,2026-01-24 22:24:59.000,_20260124_172024_CH02_DUT_TMO-AUTO_HTTP MS DL_NJ DUT REF_L3.dml,,,,N41(100)+N41(40),NR SA,378,-97.040000,0.750000,,,,,,,,124.898,,,,,0.936,,,,
293,1,,,-73.9601450,40.8176017,2026-01-24 22:25:00.000,_20260124_172024_CH02_DUT_TMO-AUTO_HTTP MS DL_NJ DUT REF_L3.dml,,,,N41(100)+N41(40),NR SA,378,-97.270000,1.370000,,,,,,,,125.992,,,,,0.952,,,,
294,1,,,-73.9601450,40.8176017,2026-01-24 22:25:01.000,_20260124_172024_CH02_DUT_TMO-AUTO_HTTP MS DL_NJ DUT REF_L3.dml,,,,N41(100)+N41(40),NR SA,378,-96.850000,1.190000,,,,,,,,126.764,,,,,0.832,,,,
295,1,,,-73.9601450,40.8176017,2026-01-24 22:25:02.000,_20260124_172024_CH02_DUT_TMO-AUTO_HTTP MS DL_NJ DUT REF_L3.dml,,,,N41(100)+N41(40),NR SA,378,-96.980000,1.360000,,,,,,,,104.426,,,,,1.040,,,,
296,1,,,-73.9601450,40.8176017,2026-01-24 22:25:03.000,_20260124_172024_CH02_DUT_TMO-AUTO_HTTP MS DL_NJ DUT REF_L3.dml,,,,N41(100)+N41(40),NR SA,378,-96.390000,1.590000,,,,,,,,134.907,,,,,0.880,,,,
297,1,,,-73.9601450,40.8176017,2026-01-24 22:25:04.000,_20260124_172024_CH02_DUT_TMO-AUTO_HTTP MS DL_NJ DUT REF_L3.dml,,,,N41(100)+N41(40),NR SA,378,-96.730000,1.350000,,,,,,,,98.774,,,,,1.016,,,,
298,1,,,-73.9601450,40.8176017,2026-01-24 22:25:05.000,_20260124_172024_CH02_DUT_TMO-AUTO_HTTP MS DL_NJ DUT REF_L3.dml,,,,N41(100)+N41(40),NR SA,378,-96.780000,1.410000,,,,,,,,124.481,,,,,0.904,,,,
299,1,,,-73.9601450,40.8176017,2026-01-24 22:25:06.000,_20260124_172024_CH02_DUT_TMO-AUTO_HTTP MS DL_NJ DUT REF_L3.dml,,,,N41(100)+N41(40),NR SA,378,-96.640000,0.770000,,,,,,,,138.536,,,,,0.760,,,,
300,1,,,-73.9601450,40.8176017,2026-01-24 22:25:07.000,_20260124_172024_CH02_DUT_TMO-AUTO_HTTP MS DL_NJ DUT REF_L3.dml,,,,N41(100)+N41(40),NR SA,378,-96.770000,1.810000,,,,,,,,84.625,,,,,0.960,,,,
301,1,,,-73.9601450,40.8176017,2026-01-24 22:25:08.000,_20260124_172024_CH02_DUT_TMO-AUTO_HTTP MS DL_NJ DUT REF_L3.dml,,,,N41(100)+N41(40),NR SA,378,-96.270000,1.730000,,,,,,,,112.533,,,,,1.160,,,,
302,1,,,-73.9601450,40.8176017,2026-01-24 22:25:09.000,_20260124_172024_CH02_DUT_TMO-AUTO_HTTP MS DL_NJ DUT REF_L3.dml,,,,N41(100)+N41(40),NR SA,378,-96.870000,1.390000,,,,,,,,112.973,,,,,1.008,,,,
303,1,,,-73.9601450,40.8176017,2026-01-24 22:25:10.000,_20260124_172024_CH02_DUT_TMO-AUTO_HTTP MS DL_NJ DUT REF_L3.dml,,,,N41(100)+N41(40),NR SA,378,-96.550000,2.160000,,,,,,,,130.130,,,,,1.008,,,,
304,1,,,-73.9601450,40.8176017,2026-01-24 22:25:11.000,_20260124_172024_CH02_DUT_TMO-AUTO_HTTP MS DL_NJ DUT REF_L3.dml,,,,N41(100)+N41(40),NR SA,378,-96.330000,2.040000,,,,,,,,116.667,,,,,1.000,,,,
305,1,,,-73.9601450,40.8176017,2026-01-24 22:25:12.000,_20260124_172024_CH02_DUT_TMO-AUTO_HTTP MS DL_NJ DUT REF_L3.dml,,,,N41(100)+N41(40),NR SA,378,-96.630000,1.460000,,,,,,,,112.587,,,,,1.200,,,,
306,1,,,-73.9601450,40.8176017,2026-01-24 22:25:13.000,_20260124_172024_CH02_DUT_TMO-AUTO_HTTP MS DL_NJ DUT REF_L3.dml,,,,N41(100)+N41(40),NR SA,378,-96.850000,1.400000,,,,,,,,136.466,,,,,1.104,,,,
307,1,,,-73.9601450,40.8176017,2026-01-24 22:25:14.000,_20260124_172024_CH02_DUT_TMO-AUTO_HTTP MS DL_NJ DUT REF_L3.dml,,,,N41(100)+N41(40),NR SA,378,-96.620000,2.050000,,,,,,,,129.293,,,,,0.984,,,,
308,1,,,-73.9601450,40.8176017,2026-01-24 22:25:15.000,_20260124_172024_CH02_DUT_TMO-AUTO_HTTP MS DL_NJ DUT REF_L3.dml,,,,N41(100)+N41(40),NR SA,378,-96.870000,1.530000,,,,,,,,118.296,,,,,1.144,,,,
309,1,,,-73.9601450,40.8176017,2026-01-24 22:25:16.000,_20260124_172024_CH02_DUT_TMO-AUTO_HTTP MS DL_NJ DUT REF_L3.dml,,,,N41(100)+N41(40),NR SA,378,-96.870000,2.380000,,,,,,,,127.933,,,,,1.056,,,,
310,1,,,-73.9601450,40.8176017,2026-01-24 22:25:17.000,_20260124_172024_CH02_DUT_TMO-AUTO_HTTP MS DL_NJ DUT REF_L3.dml,,,,N41(100)+N41(40),NR SA,378,-96.290000,2.710000,,,,,,,,98.605,,,,,1.200,,,,
311,1,,,-73.9601450,40.8176017,2026-01-24 22:25:18.000,_20260124_172024_CH02_DUT_TMO-AUTO_HTTP MS DL_NJ DUT REF_L3.dml,,,,N41(100)+N41(40),NR SA,378,-96.810000,2.020000,,,,,,,,115.489,,,,,1.144,,,,
312,1,,,-73.9601450,40.8176017,2026-01-24 22:25:19.000,_20260124_172024_CH02_DUT_TMO-AUTO_HTTP MS DL_NJ DUT REF_L3.dml,,,,N41(100)+N41(40),NR SA,378,-97.430000,1.470000,,,,,,,,117.223,,,,,0.864,,,,
313,1,,,-73.9601450,40.8176017,2026-01-24 22:25:20.000,_20260124_172024_CH02_DUT_TMO-AUTO_HTTP MS DL_NJ DUT REF_L3.dml,,,,N41(100)+N41(40),NR SA,378,-96.980000,1.210000,,,,,,,,120.490,,,,,1.096,,,,
314,1,,,-73.9601450,40.8176017,2026-01-24 22:25:21.000,_20260124_172024_CH02_DUT_TMO-AUTO_HTTP MS DL_NJ DUT REF_L3.dml,,,,N41(100)+N41(40),NR SA,378,-96.080000,2.250000,,,,,,,,135.808,,,,,1.096,,,,
315,1,,,-73.9601450,40.8176017,2026-01-24 22:25:22.000,_20260124_172024_CH02_DUT_TMO-AUTO_HTTP MS DL_NJ DUT REF_L3.dml,,,,N41(100)+N41(40),NR SA,378,-96.820000,2.140000,,,,,,,,127.579,,,,,0.904,,,,
316,1,,,-73.9601450,40.8176017,2026-01-24 22:25:23.000,_20260124_172024_CH02_DUT_TMO-AUTO_HTTP MS DL_NJ DUT REF_L3.dml,,,,N41(100)+N41(40),NR SA,378,-96.530000,2.220000,,,,,,,,107.018,,,,,1.008,,,,
317,1,,,-73.9601450,40.8176017,2026-01-24 22:25:24.325,_20260124_172024_CH02_DUT_TMO-AUTO_HTTP MS DL_NJ DUT REF_L3.dml,,,,,,,,,,,,,,,Download End Request,,,,,,,,,,
318,1,,,-73.9601450,40.8176017,2026-01-24 22:25:24.419,_20260124_172024_CH02_DUT_TMO-AUTO_HTTP MS DL_NJ DUT REF_L3.dml,,,,,,,,,,,,,,,Download Ended,,,,,,,,,,
319,1,,,-73.9601450,40.8176017,2026-01-24 22:25:24.000,_20260124_172024_CH02_DUT_TMO-AUTO_HTTP MS DL_NJ DUT REF_L3.dml,,,,N41(100)+N41(40),NR SA,378,-96.420000,2.750000,,,,,,,,107.811,,,,,1.088,,,,
320,1,,,-73.9601450,40.8176017,2026-01-24 22:25:25.000,_20260124_172024_CH02_DUT_TMO-AUTO_HTTP MS DL_NJ DUT REF_L3.dml,,,,N41(100)+N41(40),NR SA,378,-96.870000,2.050000,,,,,,,,,,,,,1.264,,,,
321,1,,,-73.9601450,40.8176017,2026-01-24 22:25:26.000,_20260124_172024_CH02_DUT_TMO-AUTO_HTTP MS DL_NJ DUT REF_L3.dml,,,,N41(100)+N41(40),,378,-96.400000,2.600000,,,,,,,,,,,,,,,,,
322,1,,,-73.9601450,40.8176017,2026-01-24 22:25:27.000,_20260124_172024_CH02_DUT_TMO-AUTO_HTTP MS DL_NJ DUT REF_L3.dml,,,,N41(100)+N41(40),,378,-96.620000,2.500000,,,,,,,,,,,,,0.384,,,,
323,1,,,-73.9601450,40.8176017,2026-01-24 22:25:28.000,_20260124_172024_CH02_DUT_TMO-AUTO_HTTP MS DL_NJ DUT REF_L3.dml,,,,N41(100)+N41(40),,378,-96.150000,2.700000,,,,,,,,,,,,,,,,,
324,1,,,-73.9601450,40.8176017,2026-01-24 22:25:29.000,_20260124_172024_CH02_DUT_TMO-AUTO_HTTP MS DL_NJ DUT REF_L3.dml,,,,N41(100)+N41(40),,378,-96.430000,2.400000,,,,,,,,,,,,,0.016,,,,
325,1,,,-73.9601450,40.8176017,2026-01-24 22:25:30.000,_20260124_172024_CH02_DUT_TMO-AUTO_HTTP MS DL_NJ DUT REF_L3.dml,,,,N41(100)+N41(40),,378,-96.790000,2.000000,,,,,,,,,,,,,,,,,
326,1,,,-73.9601450,40.8176017,2026-01-24 22:25:31.000,_20260124_172024_CH02_DUT_TMO-AUTO_HTTP MS DL_NJ DUT REF_L3.dml,,,,N41(100)+N41(40),,378,-97.000000,1.470000,,,,,,,,,,,,,0.000,,,,
327,1,,,-73.9601450,40.8176017,2026-01-24 22:25:32.000,_20260124_172024_CH02_DUT_TMO-AUTO_HTTP MS DL_NJ DUT REF_L3.dml,,,,N41(100)+N41(40),,378,-96.670000,2.330000,,,,,,,,,,,,,0.000,,,,
328,1,,,-73.9601450,40.8176017,2026-01-24 22:25:33.000,_20260124_172024_CH02_DUT_TMO-AUTO_HTTP MS DL_NJ DUT REF_L3.dml,,,,N41(100)+N41(40),,378,-96.830000,2.000000,,,,,,,,,,,,,0.000,,,,
329,1,,,-73.9601450,40.8176017,2026-01-24 22:25:34.000,_20260124_172024_CH02_DUT_TMO-AUTO_HTTP MS DL_NJ DUT REF_L3.dml,,,,N41(100)+N41(40),,378,-96.000000,3.000000,,,,,,,,,,,,,0.000,,,,
330,1,,,-73.9601450,40.8176017,2026-01-24 22:25:35.000,_20260124_172024_CH02_DUT_TMO-AUTO_HTTP MS DL_NJ DUT REF_L3.dml,,,,N41(100)+N41(40),,378,-96.480000,2.310000,,,,,,,,,,,,,0.008,,,,
331,1,,,-73.9601450,40.8176017,2026-01-24 22:25:36.000,_20260124_172024_CH02_DUT_TMO-AUTO_HTTP MS DL_NJ DUT REF_L3.dml,,,,N41(100)+N41(40),,378,-97.000000,0.430000,,,,,,,,,,,,,,,,,
332,1,,,-73.9601450,40.8176017,2026-01-24 22:25:37.000,_20260124_172024_CH02_DUT_TMO-AUTO_HTTP MS DL_NJ DUT REF_L3.dml,,,,N41(x)+N41(x),,378,-97.000000,1.430000,,,,,,,,,,,,,0.016,,,,
333,1,,,-73.9601450,40.8176017,2026-01-24 22:25:38.000,_20260124_172024_CH02_DUT_TMO-AUTO_HTTP MS DL_NJ DUT REF_L3.dml,,,,N41(x)+N41(x),,378,-96.330000,3.000000,,,,,,,,,,,,,,,,,
334,1,,,-73.9601450,40.8176017,2026-01-24 22:25:39.000,_20260124_172024_CH02_DUT_TMO-AUTO_HTTP MS DL_NJ DUT REF_L3.dml,,,,,,,,,,,,,,,,,,,,,,,,,
335,1,,,-73.9601450,40.8176017,2026-01-24 22:25:40.000,_20260124_172024_CH02_DUT_TMO-AUTO_HTTP MS DL_NJ DUT REF_L3.dml,,,,N41(x),,378,-96.000000,2.000000,,,,,,,,,,,,,,,,,
336,1,,,-73.9601450,40.8176017,2026-01-24 22:25:41.000,_20260124_172024_CH02_DUT_TMO-AUTO_HTTP MS DL_NJ DUT REF_L3.dml,,,,,,,,,,,,,,,,,,,,,,,,,
337,1,,,-73.9601450,40.8176017,2026-01-24 22:25:42.000,_20260124_172024_CH02_DUT_TMO-AUTO_HTTP MS DL_NJ DUT REF_L3.dml,,,,,,,,,,,,,,,,,,,,,,,,,
338,1,,,-73.9601450,40.8176017,2026-01-24 22:25:43.000,_20260124_172024_CH02_DUT_TMO-AUTO_HTTP MS DL_NJ DUT REF_L3.dml,,,,,,,,,,,,,,,,,,,,,,,,,
339,1,,,-73.9601450,40.8176017,2026-01-24 22:25:44.000,_20260124_172024_CH02_DUT_TMO-AUTO_HTTP MS DL_NJ DUT REF_L3.dml,,,,N41(x),,378,-96.000000,3.000000,,,,,,,,,,,,,,,,,
340,1,,,-73.9601450,40.8176017,2026-01-24 22:25:45.000,_20260124_172024_CH02_DUT_TMO-AUTO_HTTP MS DL_NJ DUT REF_L3.dml,,,,,,,,,,,,,,,,,,,,,,,,,
341,1,,,-73.9601450,40.8176017,2026-01-24 22:25:46.000,_20260124_172024_CH02_DUT_TMO-AUTO_HTTP MS DL_NJ DUT REF_L3.dml,,,,,,,,,,,,,,,,,,,,,,,,,
342,1,,,-73.9601450,40.8176017,2026-01-24 22:25:47.000,_20260124_172024_CH02_DUT_TMO-AUTO_HTTP MS DL_NJ DUT REF_L3.dml,,,,N41(x),,378,-97.000000,3.000000,,,,,,,,,,,,,,,,,
343,1,,,-73.9601450,40.8176017,2026-01-24 22:25:48.000,_20260124_172024_CH02_DUT_TMO-AUTO_HTTP MS DL_NJ DUT REF_L3.dml,,,,,,,,,,,,,,,,,,,,,,,,,
344,1,,,-73.9601450,40.8176017,2026-01-24 22:25:49.000,_20260124_172024_CH02_DUT_TMO-AUTO_HTTP MS DL_NJ DUT REF_L3.dml,,,,,,,,,,,,,,,,,,,,,,,,,
345,1,,,-73.9601450,40.8176017,2026-01-24 22:25:50.000,_20260124_172024_CH02_DUT_TMO-AUTO_HTTP MS DL_NJ DUT REF_L3.dml,,,,,,,,,,,,,,,,,,,,,,,,,
346,1,,,-73.9601450,40.8176017,2026-01-24 22:25:51.000,_20260124_172024_CH02_DUT_TMO-AUTO_HTTP MS DL_NJ DUT REF_L3.dml,,,,N41(x),,378,-96.000000,3.000000,,,,,,,,,,,,,,,,,
347,1,,,-73.9601450,40.8176017,2026-01-24 22:25:52.000,_20260124_172024_CH02_DUT_TMO-AUTO_HTTP MS DL_NJ DUT REF_L3.dml,,,,,,,,,,,,,,,,,,,,,,,,,
348,1,,,-73.9601450,40.8176017,2026-01-24 22:25:53.000,_20260124_172024_CH02_DUT_TMO-AUTO_HTTP MS DL_NJ DUT REF_L3.dml,,,,,,,,,,,,,,,,,,,,,,,,,
349,1,,,-73.9601450,40.8176017,2026-01-24 22:25:54.000,_20260124_172024_CH02_DUT_TMO-AUTO_HTTP MS DL_NJ DUT REF_L3.dml,,,,N41(100)+N41(40),,378,-96.710000,2.170000,,,,,,,,,,,,,,,,,
350,1,,,-73.9601450,40.8176017,2026-01-24 22:25:55.000,_20260124_172024_CH02_DUT_TMO-AUTO_HTTP MS DL_NJ DUT REF_L3.dml,,,,N41(100)+N41(40),,378,-97.000000,2.500000,,,,,,,,,,,,,,,,,
351,1,,,-73.9601450,40.8176017,2026-01-24 22:25:56.000,_20260124_172024_CH02_DUT_TMO-AUTO_HTTP MS DL_NJ DUT REF_L3.dml,,,,N41(100)+N41(40),,378,-96.870000,3.000000,,,,,,,,,,,,,0.008,,,,
352,1,,,-73.9601450,40.8176017,2026-01-24 22:25:57.000,_20260124_172024_CH02_DUT_TMO-AUTO_HTTP MS DL_NJ DUT REF_L3.dml,,,,N41(100)+N41(40),,378,-96.800000,2.400000,,,,,,,,,,,,,0.000,,,,
353,1,,,-73.9601450,40.8176017,2026-01-24 22:25:58.000,_20260124_172024_CH02_DUT_TMO-AUTO_HTTP MS DL_NJ DUT REF_L3.dml,,,,N41(100)+N41(40),,378,-97.130000,2.000000,,,,,,,,,,,,,0.000,,,,
354,1,,,-73.9601450,40.8176017,2026-01-24 22:25:59.000,_20260124_172024_CH02_DUT_TMO-AUTO_HTTP MS DL_NJ DUT REF_L3.dml,,,,N41(100)+N41(40),,378,-96.130000,2.870000,,,,,,,,,,,,,0.000,,,,
355,1,,,-73.9601450,40.8176017,2026-01-24 22:26:00.000,_20260124_172024_CH02_DUT_TMO-AUTO_HTTP MS DL_NJ DUT REF_L3.dml,,,,N41(100)+N41(40),,378,-96.000000,3.670000,,,,,,,,,,,,,0.000,,,,
356,1,,,-73.9601450,40.8176017,2026-01-24 22:26:01.000,_20260124_172024_CH02_DUT_TMO-AUTO_HTTP MS DL_NJ DUT REF_L3.dml,,,,N41(100)+N41(40),,378,-96.000000,3.430000,,,,,,,,,,,,,0.000,,,,
357,1,,,-73.9601450,40.8176017,2026-01-24 22:26:02.000,_20260124_172024_CH02_DUT_TMO-AUTO_HTTP MS DL_NJ DUT REF_L3.dml,,,,N41(100)+N41(40),,378,-96.000000,3.000000,,,,,,,,,,,,,,,,,
358,1,,,-73.9601450,40.8176017,2026-01-24 22:26:03.000,_20260124_172024_CH02_DUT_TMO-AUTO_HTTP MS DL_NJ DUT REF_L3.dml,,,,N41(100)+N41(40),,378,-95.500000,3.500000,,,,,,,,,,,,,0.000,,,,
359,1,,,-73.9601450,40.8176017,2026-01-24 22:26:04.000,_20260124_172024_CH02_DUT_TMO-AUTO_HTTP MS DL_NJ DUT REF_L3.dml,,,,N41(x)+N41(x),,378,-96.000000,3.500000,,,,,,,,,,,,,0.000,,,,
360,1,,,-73.9601450,40.8176017,2026-01-24 22:26:05.000,_20260124_172024_CH02_DUT_TMO-AUTO_HTTP MS DL_NJ DUT REF_L3.dml,,,,,,,,,,,,,,,,,,,,,,,,,
361,1,,,-73.9601450,40.8176017,2026-01-24 22:26:05.356,_20260124_172024_CH02_DUT_TMO-AUTO_HTTP MS DL_NJ DUT REF_L3.dml,,,,,,,,,,,,,,,Download Start Request,,,,,,,,,,
362,1,,,-73.9601450,40.8176017,2026-01-24 22:26:06.000,_20260124_172024_CH02_DUT_TMO-AUTO_HTTP MS DL_NJ DUT REF_L3.dml,,,,,NR SA,,,,,,,,,,,,,,,,,,,,
363,1,,,-73.9601450,40.8176017,2026-01-24 22:26:06.700,_20260124_172024_CH02_DUT_TMO-AUTO_HTTP MS DL_NJ DUT REF_L3.dml,,,,,,,,,,,,,,,Download File Size Retrieved,,,,,,,,,,
364,1,,,-73.9601450,40.8176017,2026-01-24 22:26:06.700,_20260124_172024_CH02_DUT_TMO-AUTO_HTTP MS DL_NJ DUT REF_L3.dml,,,,,,,,,,,,,,,Download Started,,,,,,,,,,
365,1,,,-73.9601450,40.8176017,2026-01-24 22:26:07.000,_20260124_172024_CH02_DUT_TMO-AUTO_HTTP MS DL_NJ DUT REF_L3.dml,,,,N41(100)+N41(40),NR SA,378,-96.000000,3.490000,,,,,,,,,,,,,0.656,,,,
366,1,,,-73.9601450,40.8176017,2026-01-24 22:26:08.000,_20260124_172024_CH02_DUT_TMO-AUTO_HTTP MS DL_NJ DUT REF_L3.dml,,,,N41(100)+N41(40),NR SA,378,-96.430000,2.790000,,,,,,,,,,,,,1.376,,,,
367,1,,,-73.9601450,40.8176017,2026-01-24 22:26:09.000,_20260124_172024_CH02_DUT_TMO-AUTO_HTTP MS DL_NJ DUT REF_L3.dml,,,,N41(100)+N41(40),NR SA,378,-96.210000,2.790000,,,,,,,,158.184,,,,,1.144,,,,
368,1,,,-73.9601450,40.8176017,2026-01-24 22:26:10.000,_20260124_172024_CH02_DUT_TMO-AUTO_HTTP MS DL_NJ DUT REF_L3.dml,,,,N41(100)+N41(40),NR SA,378,-96.250000,3.040000,,,,,,,,119.281,,,,,0.720,,,,
369,1,,,-73.9601450,40.8176017,2026-01-24 22:26:11.000,_20260124_172024_CH02_DUT_TMO-AUTO_HTTP MS DL_NJ DUT REF_L3.dml,,,,N41(100)+N41(40),NR SA,378,-96.620000,2.690000,,,,,,,,98.871,,,,,0.816,,,,
370,1,,,-73.9601450,40.8176017,2026-01-24 22:26:12.000,_20260124_172024_CH02_DUT_TMO-AUTO_HTTP MS DL_NJ DUT REF_L3.dml,,,,N41(100)+N41(40),NR SA,378,-96.500000,2.960000,,,,,,,,84.602,,,,,0.936,,,,
371,1,,,-73.9601450,40.8176017,2026-01-24 22:26:13.000,_20260124_172024_CH02_DUT_TMO-AUTO_HTTP MS DL_NJ DUT REF_L3.dml,,,,N41(100)+N41(40),NR SA,378,-96.550000,2.640000,,,,,,,,101.572,,,,,0.936,,,,
372,1,,,-73.9601450,40.8176017,2026-01-24 22:26:14.000,_20260124_172024_CH02_DUT_TMO-AUTO_HTTP MS DL_NJ DUT REF_L3.dml,,,,N41(100)+N41(40),NR SA,378,-96.290000,2.940000,,,,,,,,109.151,,,,,0.968,,,,
373,1,,,-73.9601450,40.8176017,2026-01-24 22:26:15.000,_20260124_172024_CH02_DUT_TMO-AUTO_HTTP MS DL_NJ DUT REF_L3.dml,,,,N41(100)+N41(40),NR SA,378,-96.700000,2.980000,,,,,,,,108.851,,,,,1.016,,,,
374,1,,,-73.9601450,40.8176017,2026-01-24 22:26:16.000,_20260124_172024_CH02_DUT_TMO-AUTO_HTTP MS DL_NJ DUT REF_L3.dml,,,,N41(100)+N41(40),NR SA,378,-96.570000,2.630000,,,,,,,,124.566,,,,,0.968,,,,
375,1,,,-73.9601450,40.8176017,2026-01-24 22:26:17.000,_20260124_172024_CH02_DUT_TMO-AUTO_HTTP MS DL_NJ DUT REF_L3.dml,,,,N41(100)+N41(40),NR SA,378,-96.920000,2.080000,,,,,,,,110.641,,,,,1.088,,,,
376,1,,,-73.9601450,40.8176017,2026-01-24 22:26:18.000,_20260124_172024_CH02_DUT_TMO-AUTO_HTTP MS DL_NJ DUT REF_L3.dml,,,,N41(100)+N41(40),NR SA,378,-96.850000,2.490000,,,,,,,,121.425,,,,,1.024,,,,
377,1,,,-73.9601450,40.8176017,2026-01-24 22:26:19.000,_20260124_172024_CH02_DUT_TMO-AUTO_HTTP MS DL_NJ DUT REF_L3.dml,,,,N41(100)+N41(40),NR SA,378,-96.900000,3.350000,,,,,,,,126.078,,,,,0.976,,,,
378,1,,,-73.9601450,40.8176017,2026-01-24 22:26:20.000,_20260124_172024_CH02_DUT_TMO-AUTO_HTTP MS DL_NJ DUT REF_L3.dml,,,,N41(100)+N41(40),NR SA,378,-96.420000,3.240000,,,,,,,,116.451,,,,,0.920,,,,
379,1,,,-73.9601450,40.8176017,2026-01-24 22:26:21.000,_20260124_172024_CH02_DUT_TMO-AUTO_HTTP MS DL_NJ DUT REF_L3.dml,,,,N41(100)+N41(40),NR SA,378,-96.450000,2.860000,,,,,,,,125.370,,,,,0.968,,,,
380,1,,,-73.9601450,40.8176017,2026-01-24 22:26:22.000,_20260124_172024_CH02_DUT_TMO-AUTO_HTTP MS DL_NJ DUT REF_L3.dml,,,,N41(100)+N41(40),NR SA,378,-96.380000,2.850000,,,,,,,,98.838,,,,,1.096,,,,
381,1,,,-73.9601450,40.8176017,2026-01-24 22:26:23.000,_20260124_172024_CH02_DUT_TMO-AUTO_HTTP MS DL_NJ DUT REF_L3.dml,,,,N41(100)+N41(40),NR SA,378,-96.980000,2.210000,,,,,,,,126.625,,,,,1.136,,,,
382,1,,,-73.9601450,40.8176017,2026-01-24 22:26:24.000,_20260124_172024_CH02_DUT_TMO-AUTO_HTTP MS DL_NJ DUT REF_L3.dml,,,,N41(100)+N41(40),NR SA,378,-97.020000,2.020000,,,,,,,,102.226,,,,,1.088,,,,
383,1,,,-73.9601450,40.8176017,2026-01-24 22:26:25.000,_20260124_172024_CH02_DUT_TMO-AUTO_HTTP MS DL_NJ DUT REF_L3.dml,,,,N41(100)+N41(40),NR SA,378,-96.680000,2.980000,,,,,,,,123.821,,,,,1.112,,,,
384,1,,,-73.9601450,40.8176017,2026-01-24 22:26:26.000,_20260124_172024_CH02_DUT_TMO-AUTO_HTTP MS DL_NJ DUT REF_L3.dml,,,,N41(100)+N41(40),NR SA,378,-96.760000,2.630000,,,,,,,,118.328,,,,,1.184,,,,
385,1,,,-73.9601450,40.8176017,2026-01-24 22:26:27.000,_20260124_172024_CH02_DUT_TMO-AUTO_HTTP MS DL_NJ DUT REF_L3.dml,,,,N41(100)+N41(40),NR SA,378,-96.540000,2.170000,,,,,,,,112.324,,,,,1.112,,,,
386,1,,,-73.9601450,40.8176017,2026-01-24 22:26:28.000,_20260124_172024_CH02_DUT_TMO-AUTO_HTTP MS DL_NJ DUT REF_L3.dml,,,,N41(100)+N41(40),NR SA,378,-96.450000,2.680000,,,,,,,,112.485,,,,,1.192,,,,
387,1,,,-73.9601450,40.8176017,2026-01-24 22:26:29.000,_20260124_172024_CH02_DUT_TMO-AUTO_HTTP MS DL_NJ DUT REF_L3.dml,,,,N41(100)+N41(40),NR SA,378,-96.690000,2.360000,,,,,,,,103.902,,,,,1.088,,,,
388,1,,,-73.9601450,40.8176017,2026-01-24 22:26:30.000,_20260124_172024_CH02_DUT_TMO-AUTO_HTTP MS DL_NJ DUT REF_L3.dml,,,,N41(100)+N41(40),NR SA,378,-97.120000,2.040000,,,,,,,,115.315,,,,,1.168,,,,
389,1,,,-73.9601450,40.8176017,2026-01-24 22:26:31.000,_20260124_172024_CH02_DUT_TMO-AUTO_HTTP MS DL_NJ DUT REF_L3.dml,,,,N41(100)+N41(40),NR SA,378,-97.130000,2.170000,,,,,,,,103.523,,,,,1.176,,,,
390,1,,,-73.9601450,40.8176017,2026-01-24 22:26:32.000,_20260124_172024_CH02_DUT_TMO-AUTO_HTTP MS DL_NJ DUT REF_L3.dml,,,,N41(100)+N41(40),NR SA,378,-96.980000,2.650000,,,,,,,,140.110,,,,,1.184,,,,
391,1,,,-73.9601450,40.8176017,2026-01-24 22:26:33.000,_20260124_172024_CH02_DUT_TMO-AUTO_HTTP MS DL_NJ DUT REF_L3.dml,,,,N41(100)+N41(40),NR SA,378,-96.840000,2.860000,,,,,,,,131.899,,,,,1.240,,,,
392,1,,,-73.9601450,40.8176017,2026-01-24 22:26:34.000,_20260124_172024_CH02_DUT_TMO-AUTO_HTTP MS DL_NJ DUT REF_L3.dml,,,,N41(100)+N41(40),NR SA,378,-96.820000,2.270000,,,,,,,,123.360,,,,,1.128,,,,
393,1,,,-73.9601450,40.8176017,2026-01-24 22:26:35.000,_20260124_172024_CH02_DUT_TMO-AUTO_HTTP MS DL_NJ DUT REF_L3.dml,,,,N41(100)+N41(40),NR SA,378,-96.750000,2.780000,,,,,,,,128.899,,,,,0.816,,,,
394,1,,,-73.9601450,40.8176017,2026-01-24 22:26:36.000,_20260124_172024_CH02_DUT_TMO-AUTO_HTTP MS DL_NJ DUT REF_L3.dml,,,,N41(100)+N41(40),NR SA,378,-97.000000,1.560000,,,,,,,,96.800,,,,,1.056,,,,
395,1,,,-73.9601450,40.8176017,2026-01-24 22:26:37.700,_20260124_172024_CH02_DUT_TMO-AUTO_HTTP MS DL_NJ DUT REF_L3.dml,,,,,,,,,,,,,,,Download End Request,,,,,,,,,,
396,1,,,-73.9601450,40.8176017,2026-01-24 22:26:37.794,_20260124_172024_CH02_DUT_TMO-AUTO_HTTP MS DL_NJ DUT REF_L3.dml,,,,,,,,,,,,,,,Download Ended,,,,,,,,,,
397,1,,,-73.9601450,40.8176017,2026-01-24 22:26:37.000,_20260124_172024_CH02_DUT_TMO-AUTO_HTTP MS DL_NJ DUT REF_L3.dml,,,,N41(100)+N41(40),NR SA,378,-96.700000,2.550000,,,,,,,,98.528,,,,,1.272,,,,
398,1,,,-73.9601450,40.8176017,2026-01-24 22:26:38.000,_20260124_172024_CH02_DUT_TMO-AUTO_HTTP MS DL_NJ DUT REF_L3.dml,,,,N41(100)+N41(40),,378,-96.180000,2.670000,,,,,,,,141.720,,,,,1.496,,,,
399,1,,,-73.9601450,40.8176017,2026-01-24 22:26:39.000,_20260124_172024_CH02_DUT_TMO-AUTO_HTTP MS DL_NJ DUT REF_L3.dml,,,,N41(100)+N41(40),,378,-96.810000,1.690000,,,,,,,,,,,,,,,,,
400,1,,,-73.9601450,40.8176017,2026-01-24 22:26:40.000,_20260124_172024_CH02_DUT_TMO-AUTO_HTTP MS DL_NJ DUT REF_L3.dml,,,,N41(100)+N41(40),,378,-96.670000,2.670000,,,,,,,,,,,,,0.256,,,,
401,1,,,-73.9601450,40.8176017,2026-01-24 22:26:41.000,_20260124_172024_CH02_DUT_TMO-AUTO_HTTP MS DL_NJ DUT REF_L3.dml,,,,N41(100)+N41(40),,378,-96.000000,2.500000,,,,,,,,,,,,,0.000,,,,
402,1,,,-73.9601450,40.8176017,2026-01-24 22:26:42.000,_20260124_172024_CH02_DUT_TMO-AUTO_HTTP MS DL_NJ DUT REF_L3.dml,,,,N41(100)+N41(40),,378,-97.290000,2.060000,,,,,,,,,,,,,0.056,,,,
403,1,,,-73.9601450,40.8176017,2026-01-24 22:26:43.000,_20260124_172024_CH02_DUT_TMO-AUTO_HTTP MS DL_NJ DUT REF_L3.dml,,,,N41(100)+N41(40),,378,-96.180000,3.200000,,,,,,,,,,,,,,,,,
404,1,,,-73.9601450,40.8176017,2026-01-24 22:26:44.000,_20260124_172024_CH02_DUT_TMO-AUTO_HTTP MS DL_NJ DUT REF_L3.dml,,,,N41(100)+N41(40),,378,-96.830000,2.330000,,,,,,,,,,,,,0.008,,,,
405,1,,,-73.9601450,40.8176017,2026-01-24 22:26:45.000,_20260124_172024_CH02_DUT_TMO-AUTO_HTTP MS DL_NJ DUT REF_L3.dml,,,,N41(100)+N41(40),,378,-95.500000,3.000000,,,,,,,,,,,,,0.000,,,,
406,1,,,-73.9601450,40.8176017,2026-01-24 22:26:46.000,_20260124_172024_CH02_DUT_TMO-AUTO_HTTP MS DL_NJ DUT REF_L3.dml,,,,N41(100)+N41(40),,378,-96.000000,2.000000,,,,,,,,,,,,,0.000,,,,
407,1,,,-73.9601450,40.8176017,2026-01-24 22:26:47.000,_20260124_172024_CH02_DUT_TMO-AUTO_HTTP MS DL_NJ DUT REF_L3.dml,,,,N41(100)+N41(40),,378,-97.000000,1.830000,,,,,,,,,,,,,0.000,,,,
408,1,,,-73.9601450,40.8176017,2026-01-24 22:26:48.000,_20260124_172024_CH02_DUT_TMO-AUTO_HTTP MS DL_NJ DUT REF_L3.dml,,,,N41(100)+N41(40),,378,-96.290000,2.430000,,,,,,,,,,,,,,,,,
409,1,,,-73.9601450,40.8176017,2026-01-24 22:26:49.000,_20260124_172024_CH02_DUT_TMO-AUTO_HTTP MS DL_NJ DUT REF_L3.dml,,,,N41(100)+N41(40),,378,-96.370000,2.590000,,,,,,,,,,,,,0.000,,,,
410,1,,,-73.9601450,40.8176017,2026-01-24 22:26:50.000,_20260124_172024_CH02_DUT_TMO-AUTO_HTTP MS DL_NJ DUT REF_L3.dml,,,,N41(100)+N41(40),,378,-96.350000,2.430000,,,,,,,,,,,,,,,,,
411,1,,,-73.9601450,40.8176017,2026-01-24 22:26:51.000,_20260124_172024_CH02_DUT_TMO-AUTO_HTTP MS DL_NJ DUT REF_L3.dml,,,,N41(100)+N41(40),,378,-96.500000,2.500000,,,,,,,,,,,,,0.016,,,,
412,1,,,-73.9601450,40.8176017,2026-01-24 22:26:52.000,_20260124_172024_CH02_DUT_TMO-AUTO_HTTP MS DL_NJ DUT REF_L3.dml,,,,,,,,,,,,,,,,,,,,,0.000,,,,
413,1,,,-73.9601450,40.8176017,2026-01-24 22:26:53.000,_20260124_172024_CH02_DUT_TMO-AUTO_HTTP MS DL_NJ DUT REF_L3.dml,,,,N41(x),,378,-95.500000,3.500000,,,,,,,,,,,,,,,,,
414,1,,,-73.9601450,40.8176017,2026-01-24 22:26:54.000,_20260124_172024_CH02_DUT_TMO-AUTO_HTTP MS DL_NJ DUT REF_L3.dml,,,,N41(x),,378,-96.000000,3.000000,,,,,,,,,,,,,,,,,
415,1,,,-73.9601450,40.8176017,2026-01-24 22:26:55.000,_20260124_172024_CH02_DUT_TMO-AUTO_HTTP MS DL_NJ DUT REF_L3.dml,,,,,,,,,,,,,,,,,,,,,,,,,
416,1,,,-73.9601450,40.8176017,2026-01-24 22:26:56.000,_20260124_172024_CH02_DUT_TMO-AUTO_HTTP MS DL_NJ DUT REF_L3.dml,,,,,,,,,,,,,,,,,,,,,,,,,
417,1,,,-73.9601450,40.8176017,2026-01-24 22:26:57.000,_20260124_172024_CH02_DUT_TMO-AUTO_HTTP MS DL_NJ DUT REF_L3.dml,,,,,,,,,,,,,,,,,,,,,,,,,
418,1,,,-73.9601450,40.8176017,2026-01-24 22:26:58.000,_20260124_172024_CH02_DUT_TMO-AUTO_HTTP MS DL_NJ DUT REF_L3.dml,,,,N41(x),,378,-97.000000,1.000000,,,,,,,,,,,,,,,,,
419,1,,,-73.9601450,40.8176017,2026-01-24 22:26:59.000,_20260124_172024_CH02_DUT_TMO-AUTO_HTTP MS DL_NJ DUT REF_L3.dml,,,,N41(x),,378,-97.000000,2.000000,,,,,,,,,,,,,,,,,
420,1,,,-73.9601450,40.8176017,2026-01-24 22:27:00.000,_20260124_172024_CH02_DUT_TMO-AUTO_HTTP MS DL_NJ DUT REF_L3.dml,,,,N41(x),,378,-97.000000,2.000000,,,,,,,,,,,,,,,,,
421,1,,,-73.9601450,40.8176017,2026-01-24 22:27:01.000,_20260124_172024_CH02_DUT_TMO-AUTO_HTTP MS DL_NJ DUT REF_L3.dml,,,,,,,,,,,,,,,,,,,,,,,,,
422,1,,,-73.9601450,40.8176017,2026-01-24 22:27:02.000,_20260124_172024_CH02_DUT_TMO-AUTO_HTTP MS DL_NJ DUT REF_L3.dml,,,,N41(x),,378,-97.000000,2.000000,,,,,,,,,,,,,,,,,
423,1,,,-73.9601450,40.8176017,2026-01-24 22:27:03.000,_20260124_172024_CH02_DUT_TMO-AUTO_HTTP MS DL_NJ DUT REF_L3.dml,,,,N41(x),,378,-96.000000,3.000000,,,,,,,,,,,,,,,,,
424,1,,,-73.9601450,40.8176017,2026-01-24 22:27:04.000,_20260124_172024_CH02_DUT_TMO-AUTO_HTTP MS DL_NJ DUT REF_L3.dml,,,,,,,,,,,,,,,,,,,,,,,,,
425,1,,,-73.9601450,40.8176017,2026-01-24 22:27:05.000,_20260124_172024_CH02_DUT_TMO-AUTO_HTTP MS DL_NJ DUT REF_L3.dml,,,,,,,,,,,,,,,,,,,,,,,,,
426,1,,,-73.9601450,40.8176017,2026-01-24 22:27:06.000,_20260124_172024_CH02_DUT_TMO-AUTO_HTTP MS DL_NJ DUT REF_L3.dml,,,,,,,,,,,,,,,,,,,,,,,,,
427,1,,,-73.9601450,40.8176017,2026-01-24 22:27:07.000,_20260124_172024_CH02_DUT_TMO-AUTO_HTTP MS DL_NJ DUT REF_L3.dml,,,,N41(x),,378,-96.000000,2.000000,,,,,,,,,,,,,,,,,
428,1,,,-73.9601450,40.8176017,2026-01-24 22:27:08.000,_20260124_172024_CH02_DUT_TMO-AUTO_HTTP MS DL_NJ DUT REF_L3.dml,,,,,,,,,,,,,,,,,,,,,,,,,
429,1,,,-73.9601450,40.8176017,2026-01-24 22:27:09.000,_20260124_172024_CH02_DUT_TMO-AUTO_HTTP MS DL_NJ DUT REF_L3.dml,,,,,,,,,,,,,,,,,,,,,,,,,
430,1,,,-73.9601450,40.8176017,2026-01-24 22:27:10.000,_20260124_172024_CH02_DUT_TMO-AUTO_HTTP MS DL_NJ DUT REF_L3.dml,,,,N41(100)+N41(40),,378,-96.400000,2.530000,,,,,,,,,,,,,,,,,
431,1,,,-73.9601450,40.8176017,2026-01-24 22:27:11.000,_20260124_172024_CH02_DUT_TMO-AUTO_HTTP MS DL_NJ DUT REF_L3.dml,,,,N41(100)+N41(40),,378,-97.330000,2.110000,,,,,,,,,,,,,0.016,,,,
432,1,,,-73.9601450,40.8176017,2026-01-24 22:27:12.000,_20260124_172024_CH02_DUT_TMO-AUTO_HTTP MS DL_NJ DUT REF_L3.dml,,,,N41(100)+N41(40),,378,-96.500000,2.330000,,,,,,,,,,,,,0.000,,,,
433,1,,,-73.9601450,40.8176017,2026-01-24 22:27:13.000,_20260124_172024_CH02_DUT_TMO-AUTO_HTTP MS DL_NJ DUT REF_L3.dml,,,,N41(100)+N41(40),,378,-96.620000,1.750000,,,,,,,,,,,,,,,,,
434,1,,,-73.9601450,40.8176017,2026-01-24 22:27:14.000,_20260124_172024_CH02_DUT_TMO-AUTO_HTTP MS DL_NJ DUT REF_L3.dml,,,,N41(100)+N41(40),,378,-97.000000,1.500000,,,,,,,,,,,,,0.008,,,,
435,1,,,-73.9601450,40.8176017,2026-01-24 22:27:15.000,_20260124_172024_CH02_DUT_TMO-AUTO_HTTP MS DL_NJ DUT REF_L3.dml,,,,N41(100)+N41(40),,378,-97.140000,1.710000,,,,,,,,,,,,,0.000,,,,
436,1,,,-73.9601450,40.8176017,2026-01-24 22:27:16.000,_20260124_172024_CH02_DUT_TMO-AUTO_HTTP MS DL_NJ DUT REF_L3.dml,,,,N41(100)+N41(40),,378,-97.000000,2.000000,,,,,,,,,,,,,,,,,
437,1,,,-73.9601450,40.8176017,2026-01-24 22:27:17.000,_20260124_172024_CH02_DUT_TMO-AUTO_HTTP MS DL_NJ DUT REF_L3.dml,,,,N41(100)+N41(40),,378,-97.000000,1.380000,,,,,,,,,,,,,0.000,,,,
438,1,,,-73.9601450,40.8176017,2026-01-24 22:27:18.000,_20260124_172024_CH02_DUT_TMO-AUTO_HTTP MS DL_NJ DUT REF_L3.dml,,,,N41(100)+N41(40),,378,-97.080000,1.310000,,,,,,,,,,,,,,,,,
439,1,,,-73.9601450,40.8176017,2026-01-24 22:27:18.715,_20260124_172024_CH02_DUT_TMO-AUTO_HTTP MS DL_NJ DUT REF_L3.dml,,,,,,,,,,,,,,,Download Start Request,,,,,,,,,,
440,1,,,-73.9601450,40.8176017,2026-01-24 22:27:19.000,_20260124_172024_CH02_DUT_TMO-AUTO_HTTP MS DL_NJ DUT REF_L3.dml,,,,N41(100)+N41(40),NR SA,378,-97.170000,1.500000,,,,,,,,,,,,,0.008,,,,
441,1,,,-73.9601450,40.8176017,2026-01-24 22:27:19.950,_20260124_172024_CH02_DUT_TMO-AUTO_HTTP MS DL_NJ DUT REF_L3.dml,,,,,,,,,,,,,,,Download File Size Retrieved,,,,,,,,,,
442,1,,,-73.9601450,40.8176017,2026-01-24 22:27:19.950,_20260124_172024_CH02_DUT_TMO-AUTO_HTTP MS DL_NJ DUT REF_L3.dml,,,,,,,,,,,,,,,Download Started,,,,,,,,,,
443,1,,,-73.9601450,40.8176017,2026-01-24 22:27:20.000,_20260124_172024_CH02_DUT_TMO-AUTO_HTTP MS DL_NJ DUT REF_L3.dml,,,,N41(100)+N41(40),NR SA,378,-97.400000,0.900000,,,,,,,,,,,,,0.000,,,,
444,1,,,-73.9601450,40.8176017,2026-01-24 22:27:21.000,_20260124_172024_CH02_DUT_TMO-AUTO_HTTP MS DL_NJ DUT REF_L3.dml,,,,N41(100)+N41(40),NR SA,378,-96.580000,1.880000,,,,,,,,,,,,,0.384,,,,
445,1,,,-73.9601450,40.8176017,2026-01-24 22:27:22.000,_20260124_172024_CH02_DUT_TMO-AUTO_HTTP MS DL_NJ DUT REF_L3.dml,,,,N41(100)+N41(40),NR SA,378,-96.760000,2.120000,,,,,,,,140.356,,,,,1.168,,,,
446,1,,,-73.9601450,40.8176017,2026-01-24 22:27:23.000,_20260124_172024_CH02_DUT_TMO-AUTO_HTTP MS DL_NJ DUT REF_L3.dml,,,,N41(100)+N41(40),NR SA,378,-96.770000,2.470000,,,,,,,,113.358,,,,,1.024,,,,
447,1,,,-73.9601450,40.8176017,2026-01-24 22:27:24.000,_20260124_172024_CH02_DUT_TMO-AUTO_HTTP MS DL_NJ DUT REF_L3.dml,,,,N41(100)+N41(40),NR SA,378,-96.900000,2.080000,,,,,,,,120.229,,,,,1.112,,,,
448,1,,,-73.9601450,40.8176017,2026-01-24 22:27:25.000,_20260124_172024_CH02_DUT_TMO-AUTO_HTTP MS DL_NJ DUT REF_L3.dml,,,,N41(100)+N41(40),NR SA,378,-96.670000,1.880000,,,,,,,,123.184,,,,,1.104,,,,
449,1,,,-73.9601450,40.8176017,2026-01-24 22:27:26.000,_20260124_172024_CH02_DUT_TMO-AUTO_HTTP MS DL_NJ DUT REF_L3.dml,,,,N41(100)+N41(40),NR SA,378,-97.610000,1.020000,,,,,,,,106.096,,,,,1.264,,,,
450,1,,,-73.9601450,40.8176017,2026-01-24 22:27:27.000,_20260124_172024_CH02_DUT_TMO-AUTO_HTTP MS DL_NJ DUT REF_L3.dml,,,,N41(100)+N41(40),NR SA,378,-97.690000,0.710000,,,,,,,,117.385,,,,,0.936,,,,
451,1,,,-73.9601450,40.8176017,2026-01-24 22:27:28.000,_20260124_172024_CH02_DUT_TMO-AUTO_HTTP MS DL_NJ DUT REF_L3.dml,,,,N41(100)+N41(40),NR SA,378,-97.900000,0.220000,,,,,,,,100.161,,,,,0.992,,,,
452,1,,,-73.9601450,40.8176017,2026-01-24 22:27:29.000,_20260124_172024_CH02_DUT_TMO-AUTO_HTTP MS DL_NJ DUT REF_L3.dml,,,,N41(100)+N41(40),NR SA,378,-97.710000,0.940000,,,,,,,,104.927,,,,,1.144,,,,
453,1,,,-73.9601450,40.8176017,2026-01-24 22:27:30.000,_20260124_172024_CH02_DUT_TMO-AUTO_HTTP MS DL_NJ DUT REF_L3.dml,,,,N41(100)+N41(40),NR SA,378,-96.500000,2.320000,,,,,,,,114.933,,,,,1.200,,,,
454,1,,,-73.9601450,40.8176017,2026-01-24 22:27:31.000,_20260124_172024_CH02_DUT_TMO-AUTO_HTTP MS DL_NJ DUT REF_L3.dml,,,,N41(100)+N41(40),NR SA,378,-97.000000,2.270000,,,,,,,,89.697,,,,,0.952,,,,
455,1,,,-73.9601450,40.8176017,2026-01-24 22:27:32.000,_20260124_172024_CH02_DUT_TMO-AUTO_HTTP MS DL_NJ DUT REF_L3.dml,,,,N41(100)+N41(40),NR SA,378,-97.000000,2.080000,,,,,,,,117.662,,,,,1.272,,,,
456,1,,,-73.9601450,40.8176017,2026-01-24 22:27:33.000,_20260124_172024_CH02_DUT_TMO-AUTO_HTTP MS DL_NJ DUT REF_L3.dml,,,,N41(100)+N41(40),NR SA,378,-96.510000,2.160000,,,,,,,,127.868,,,,,1.288,,,,
457,1,,,-73.9601450,40.8176017,2026-01-24 22:27:34.000,_20260124_172024_CH02_DUT_TMO-AUTO_HTTP MS DL_NJ DUT REF_L3.dml,,,,N41(100)+N41(40),NR SA,378,-96.570000,2.330000,,,,,,,,99.139,,,,,1.352,,,,
458,1,,,-73.9601450,40.8176017,2026-01-24 22:27:35.000,_20260124_172024_CH02_DUT_TMO-AUTO_HTTP MS DL_NJ DUT REF_L3.dml,,,,N41(100)+N41(40),NR SA,378,-96.590000,2.350000,,,,,,,,119.335,,,,,1.336,,,,
459,1,,,-73.9601450,40.8176017,2026-01-24 22:27:36.000,_20260124_172024_CH02_DUT_TMO-AUTO_HTTP MS DL_NJ DUT REF_L3.dml,,,,N41(100)+N41(40),NR SA,378,-97.000000,2.980000,,,,,,,,103.448,,,,,1.032,,,,
460,1,,,-73.9601450,40.8176017,2026-01-24 22:27:37.000,_20260124_172024_CH02_DUT_TMO-AUTO_HTTP MS DL_NJ DUT REF_L3.dml,,,,N41(100)+N41(40),NR SA,378,-96.860000,2.640000,,,,,,,,85.985,,,,,1.176,,,,
461,1,,,-73.9601450,40.8176017,2026-01-24 22:27:38.000,_20260124_172024_CH02_DUT_TMO-AUTO_HTTP MS DL_NJ DUT REF_L3.dml,,,,N41(100)+N41(40),NR SA,378,-97.000000,2.690000,,,,,,,,101.048,,,,,0.944,,,,
462,1,,,-73.9601450,40.8176017,2026-01-24 22:27:39.000,_20260124_172024_CH02_DUT_TMO-AUTO_HTTP MS DL_NJ DUT REF_L3.dml,,,,N41(100)+N41(40),NR SA,378,-96.590000,3.390000,,,,,,,,116.691,,,,,0.944,,,,
463,1,,,-73.9601450,40.8176017,2026-01-24 22:27:40.000,_20260124_172024_CH02_DUT_TMO-AUTO_HTTP MS DL_NJ DUT REF_L3.dml,,,,N41(100)+N41(40),NR SA,378,-97.200000,2.200000,,,,,,,,104.559,,,,,1.048,,,,
464,1,,,-73.9601450,40.8176017,2026-01-24 22:27:41.000,_20260124_172024_CH02_DUT_TMO-AUTO_HTTP MS DL_NJ DUT REF_L3.dml,,,,N41(100)+N41(40),NR SA,378,-97.000000,2.000000,,,,,,,,97.305,,,,,0.968,,,,
465,1,,,-73.9601450,40.8176017,2026-01-24 22:27:42.000,_20260124_172024_CH02_DUT_TMO-AUTO_HTTP MS DL_NJ DUT REF_L3.dml,,,,N41(100)+N41(40),NR SA,378,-97.180000,2.240000,,,,,,,,,,,,,0.952,,,,
466,1,,,-73.9601450,40.8176017,2026-01-24 22:27:43.000,_20260124_172024_CH02_DUT_TMO-AUTO_HTTP MS DL_NJ DUT REF_L3.dml,,,,N41(100)+N41(40),NR SA,378,-96.720000,2.830000,,,,,,,,93.990,,,,,0.984,,,,
467,1,,,-73.9601450,40.8176017,2026-01-24 22:27:44.000,_20260124_172024_CH02_DUT_TMO-AUTO_HTTP MS DL_NJ DUT REF_L3.dml,,,,N41(100)+N41(40),NR SA,378,-96.880000,2.080000,,,,,,,,92.128,,,,,0.952,,,,
468,1,,,-73.9601450,40.8176017,2026-01-24 22:27:45.000,_20260124_172024_CH02_DUT_TMO-AUTO_HTTP MS DL_NJ DUT REF_L3.dml,,,,N41(100)+N41(40),NR SA,378,-97.000000,2.230000,,,,,,,,94.443,,,,,0.880,,,,
469,1,,,-73.9601450,40.8176017,2026-01-24 22:27:46.000,_20260124_172024_CH02_DUT_TMO-AUTO_HTTP MS DL_NJ DUT REF_L3.dml,,,,N41(100)+N41(40),NR SA,378,-97.670000,1.910000,,,,,,,,81.690,,,,,0.816,,,,
470,1,,,-73.9601450,40.8176017,2026-01-24 22:27:47.000,_20260124_172024_CH02_DUT_TMO-AUTO_HTTP MS DL_NJ DUT REF_L3.dml,,,,N41(100)+N41(40),NR SA,378,-96.860000,2.680000,,,,,,,,106.889,,,,,0.976,,,,
471,1,,,-73.9601450,40.8176017,2026-01-24 22:27:48.000,_20260124_172024_CH02_DUT_TMO-AUTO_HTTP MS DL_NJ DUT REF_L3.dml,,,,N41(100)+N41(40),NR SA,378,-97.000000,2.470000,,,,,,,,70.345,,,,,0.984,,,,
472,1,,,-73.9601450,40.8176017,2026-01-24 22:27:49.000,_20260124_172024_CH02_DUT_TMO-AUTO_HTTP MS DL_NJ DUT REF_L3.dml,,,,N41(100)+N41(40),NR SA,378,-96.660000,2.780000,,,,,,,,63.292,,,,,0.712,,,,
473,1,,,-73.9601450,40.8176017,2026-01-24 22:27:50.000,_20260124_172024_CH02_DUT_TMO-AUTO_HTTP MS DL_NJ DUT REF_L3.dml,,,,N41(100)+N41(40),NR SA,378,-96.690000,2.150000,,,,,,,,,,,,,0.776,,,,
474,1,,,-73.9601450,40.8176017,2026-01-24 22:27:50.950,_20260124_172024_CH02_DUT_TMO-AUTO_HTTP MS DL_NJ DUT REF_L3.dml,,,,,,,,,,,,,,,Download End Request,,,,,,,,,,
475,1,,,-73.9601450,40.8176017,2026-01-24 22:27:51.044,_20260124_172024_CH02_DUT_TMO-AUTO_HTTP MS DL_NJ DUT REF_L3.dml,,,,,,,,,,,,,,,Download Ended,,,,,,,,,,
476,1,,,-73.9601450,40.8176017,2026-01-24 22:27:51.000,_20260124_172024_CH02_DUT_TMO-AUTO_HTTP MS DL_NJ DUT REF_L3.dml,,,,N41(100)+N41(40),NR SA,378,-96.910000,2.110000,,,,,,,,,,,,,0.968,,,,
477,1,,,-73.9601450,40.8176017,2026-01-24 22:27:52.000,_20260124_172024_CH02_DUT_TMO-AUTO_HTTP MS DL_NJ DUT REF_L3.dml,,,,N41(100)+N41(40),NR SA,378,-96.720000,2.380000,,,,,,,,,,,,,1.056,,,,
478,1,,,-73.9601450,40.8176017,2026-01-24 22:27:53.000,_20260124_172024_CH02_DUT_TMO-AUTO_HTTP MS DL_NJ DUT REF_L3.dml,,,,N41(100)+N41(40),,378,-97.000000,2.290000,,,,,,,,,,,,,0.480,,,,
479,1,,,-73.9601450,40.8176017,2026-01-24 22:27:54.000,_20260124_172024_CH02_DUT_TMO-AUTO_HTTP MS DL_NJ DUT REF_L3.dml,,,,N41(100)+N41(40),,378,-96.960000,2.610000,,,,,,,,,,,,,,,,,
480,1,,,-73.9601450,40.8176017,2026-01-24 22:27:55.000,_20260124_172024_CH02_DUT_TMO-AUTO_HTTP MS DL_NJ DUT REF_L3.dml,,,,N41(100)+N41(40),,378,-96.500000,3.250000,,,,,,,,,,,,,0.016,,,,
481,1,,,-73.9601450,40.8176017,2026-01-24 22:27:56.000,_20260124_172024_CH02_DUT_TMO-AUTO_HTTP MS DL_NJ DUT REF_L3.dml,,,,N41(100)+N41(40),,378,-96.570000,3.000000,,,,,,,,,,,,,0.008,,,,
482,1,,,-73.9601450,40.8176017,2026-01-24 22:27:57.000,_20260124_172024_CH02_DUT_TMO-AUTO_HTTP MS DL_NJ DUT REF_L3.dml,,,,N41(100)+N41(40),,378,-96.270000,3.180000,,,,,,,,,,,,,0.000,,,,
483,1,,,-73.9601450,40.8176017,2026-01-24 22:27:58.000,_20260124_172024_CH02_DUT_TMO-AUTO_HTTP MS DL_NJ DUT REF_L3.dml,,,,N41(100)+N41(40),,378,-97.500000,2.000000,,,,,,,,,,,,,,,,,
484,1,,,-73.9601450,40.8176017,2026-01-24 22:27:59.000,_20260124_172024_CH02_DUT_TMO-AUTO_HTTP MS DL_NJ DUT REF_L3.dml,,,,N41(100)+N41(40),,378,-97.120000,1.410000,,,,,,,,,,,,,0.000,,,,
485,1,,,-73.9601450,40.8176017,2026-01-24 22:28:00.000,_20260124_172024_CH02_DUT_TMO-AUTO_HTTP MS DL_NJ DUT REF_L3.dml,,,,N41(100)+N41(40),,378,-97.340000,1.080000,,,,,,,,,,,,,0.000,,,,
486,1,,,-73.9601450,40.8176017,2026-01-24 22:28:01.000,_20260124_172024_CH02_DUT_TMO-AUTO_HTTP MS DL_NJ DUT REF_L3.dml,,,,N41(100)+N41(40),,378,-97.300000,1.700000,,,,,,,,,,,,,0.016,,,,
487,1,,,-73.9601450,40.8176017,2026-01-24 22:28:02.000,_20260124_172024_CH02_DUT_TMO-AUTO_HTTP MS DL_NJ DUT REF_L3.dml,,,,N41(100)+N41(40),,378,-96.670000,2.330000,,,,,,,,,,,,,0.000,,,,
488,1,,,-73.9601450,40.8176017,2026-01-24 22:28:03.000,_20260124_172024_CH02_DUT_TMO-AUTO_HTTP MS DL_NJ DUT REF_L3.dml,,,,N41(100)+N41(40),,378,-96.670000,2.420000,,,,,,,,,,,,,0.000,,,,
489,1,,,-73.9601450,40.8176017,2026-01-24 22:28:04.000,_20260124_172024_CH02_DUT_TMO-AUTO_HTTP MS DL_NJ DUT REF_L3.dml,,,,N41(100)+N41(40),,378,-96.700000,2.200000,,,,,,,,,,,,,,,,,
490,1,,,-73.9601450,40.8176017,2026-01-24 22:28:05.000,_20260124_172024_CH02_DUT_TMO-AUTO_HTTP MS DL_NJ DUT REF_L3.dml,,,,N41(x)+N41(x),,378,-97.000000,3.000000,,,,,,,,,,,,,0.000,,,,
491,1,,,-73.9601450,40.8176017,2026-01-24 22:28:06.000,_20260124_172024_CH02_DUT_TMO-AUTO_HTTP MS DL_NJ DUT REF_L3.dml,,,,N41(x)+N41(x),,378,-97.000000,1.500000,,,,,,,,,,,,,,,,,
492,1,,,-73.9601450,40.8176017,2026-01-24 22:28:07.000,_20260124_172024_CH02_DUT_TMO-AUTO_HTTP MS DL_NJ DUT REF_L3.dml,,,,,,,,,,,,,,,,,,,,,,,,,
493,1,,,-73.9601450,40.8176017,2026-01-24 22:28:08.000,_20260124_172024_CH02_DUT_TMO-AUTO_HTTP MS DL_NJ DUT REF_L3.dml,,,,N41(x),,378,-96.000000,3.000000,,,,,,,,,,,,,,,,,
494,1,,,-73.9601450,40.8176017,2026-01-24 22:28:09.000,_20260124_172024_CH02_DUT_TMO-AUTO_HTTP MS DL_NJ DUT REF_L3.dml,,,,,,,,,,,,,,,,,,,,,,,,,
495,1,,,-73.9601450,40.8176017,2026-01-24 22:28:10.000,_20260124_172024_CH02_DUT_TMO-AUTO_HTTP MS DL_NJ DUT REF_L3.dml,,,,N41(x),,378,-97.000000,2.000000,,,,,,,,,,,,,,,,,
496,1,,,-73.9601450,40.8176017,2026-01-24 22:28:11.000,_20260124_172024_CH02_DUT_TMO-AUTO_HTTP MS DL_NJ DUT REF_L3.dml,,,,N41(100)+N41(x),,378,-96.530000,2.660000,,,,,,,,,,,,,,,,,
497,1,,,-73.9601450,40.8176017,2026-01-24 22:28:12.000,_20260124_172024_CH02_DUT_TMO-AUTO_HTTP MS DL_NJ DUT REF_L3.dml,,,,N41(100)+N41(40),,378,-96.240000,2.350000,,,,,,,,,,,,,0.112,,,,
498,1,,,-73.9601450,40.8176017,2026-01-24 22:28:13.000,_20260124_172024_CH02_DUT_TMO-AUTO_HTTP MS DL_NJ DUT REF_L3.dml,,,,N41(100)+N41(40),,378,-95.750000,3.330000,,,,,,,,,,,,,0.000,,,,
499,1,,,-73.9601450,40.8176017,2026-01-24 22:28:14.000,_20260124_172024_CH02_DUT_TMO-AUTO_HTTP MS DL_NJ DUT REF_L3.dml,,,,N41(100)+N41(40),,378,-97.000000,1.430000,,,,,,,,,,,,,0.000,,,,
500,1,,,-73.9601450,40.8176017,2026-01-24 22:28:15.000,_20260124_172024_CH02_DUT_TMO-AUTO_HTTP MS DL_NJ DUT REF_L3.dml,,,,N41(100)+N41(40),,378,-97.000000,1.500000,,,,,,,,,,,,,0.000,,,,
501,1,,,-73.9601450,40.8176017,2026-01-24 22:28:16.000,_20260124_172024_CH02_DUT_TMO-AUTO_HTTP MS DL_NJ DUT REF_L3.dml,,,,N41(100)+N41(40),,378,-97.000000,1.330000,,,,,,,,,,,,,0.000,,,,
502,1,,,-73.9601450,40.8176017,2026-01-24 22:28:17.000,_20260124_172024_CH02_DUT_TMO-AUTO_HTTP MS DL_NJ DUT REF_L3.dml,,,,N41(100)+N41(40),,378,-96.570000,1.430000,,,,,,,,,,,,,,,,,
503,1,,,-73.9601450,40.8176017,2026-01-24 22:28:18.000,_20260124_172024_CH02_DUT_TMO-AUTO_HTTP MS DL_NJ DUT REF_L3.dml,,,,N41(100)+N41(40),,378,-97.550000,0.320000,,,,,,,,,,,,,,,,,
504,1,,,-73.9601450,40.8176017,2026-01-24 22:28:19.000,_20260124_172024_CH02_DUT_TMO-AUTO_HTTP MS DL_NJ DUT REF_L3.dml,,,,N41(100)+N41(40),,378,-96.920000,1.540000,,,,,,,,,,,,,0.008,,,,
505,1,,,-73.9601450,40.8176017,2026-01-24 22:28:20.000,_20260124_172024_CH02_DUT_TMO-AUTO_HTTP MS DL_NJ DUT REF_L3.dml,,,,N41(100)+N41(40),,378,-95.750000,1.130000,,,,,,,,,,,,,0.008,,,,
506,1,,,-73.9601450,40.8176017,2026-01-24 22:28:21.000,_20260124_172024_CH02_DUT_TMO-AUTO_HTTP MS DL_NJ DUT REF_L3.dml,,,,N41(100)+N41(40),,378,-97.000000,0.210000,,,,,,,,,,,,,,,,,
507,1,,,-73.9601450,40.8176017,2026-01-24 22:28:22.000,_20260124_172024_CH02_DUT_TMO-AUTO_HTTP MS DL_NJ DUT REF_L3.dml,,,,N41(100)+N41(40),,378,-97.220000,0.940000,,,,,,,,,,,,,0.000,,,,
508,1,,,-73.9601450,40.8176017,2026-01-24 22:28:23.000,_20260124_172024_CH02_DUT_TMO-AUTO_HTTP MS DL_NJ DUT REF_L3.dml,,,,N41(100)+N41(40),,378,-96.450000,1.450000,,,,,,,,,,,,,0.000,,,,
509,1,,,-73.9601450,40.8176017,2026-01-24 22:28:24.000,_20260124_172024_CH02_DUT_TMO-AUTO_HTTP MS DL_NJ DUT REF_L3.dml,,,,N41(x)+N41(x),,378,-96.670000,2.000000,,,,,,,,,,,,,0.000,,,,
510,1,,,-73.9601450,40.8176017,2026-01-24 22:28:25.000,_20260124_172024_CH02_DUT_TMO-AUTO_HTTP MS DL_NJ DUT REF_L3.dml,,,,N41(x)+N41(x),,378,-95.330000,2.330000,,,,,,,,,,,,,,,,,
511,1,,,-73.9601450,40.8176017,2026-01-24 22:28:26.000,_20260124_172024_CH02_DUT_TMO-AUTO_HTTP MS DL_NJ DUT REF_L3.dml,,,,N41(x),,378,-96.000000,2.000000,,,,,,,,,,,,,,,,,
512,1,,,-73.9601450,40.8176017,2026-01-24 22:28:27.000,_20260124_172024_CH02_DUT_TMO-AUTO_HTTP MS DL_NJ DUT REF_L3.dml,,,,,,,,,,,,,,,,,,,,,,,,,
513,1,,,-73.9601450,40.8176017,2026-01-24 22:28:28.000,_20260124_172024_CH02_DUT_TMO-AUTO_HTTP MS DL_NJ DUT REF_L3.dml,,,,,,,,,,,,,,,,,,,,,,,,,
514,1,,,-73.9601450,40.8176017,2026-01-24 22:28:29.000,_20260124_172024_CH02_DUT_TMO-AUTO_HTTP MS DL_NJ DUT REF_L3.dml,,,,,,,,,,,,,,,,,,,,,,,,,
515,1,,,-73.9601450,40.8176017,2026-01-24 22:28:30.000,_20260124_172024_CH02_DUT_TMO-AUTO_HTTP MS DL_NJ DUT REF_L3.dml,,,,N41(x),,378,-96.000000,2.000000,,,,,,,,,,,,,,,,,
516,1,,,-73.9601450,40.8176017,2026-01-24 22:28:31.000,_20260124_172024_CH02_DUT_TMO-AUTO_HTTP MS DL_NJ DUT REF_L3.dml,,,,N41(x),,378,-96.000000,3.000000,,,,,,,,,,,,,,,,,
517,1,,,-73.9601450,40.8176017,2026-01-24 22:28:32.000,_20260124_172024_CH02_DUT_TMO-AUTO_HTTP MS DL_NJ DUT REF_L3.dml,,,,,,,,,,,,,,,,,,,,,,,,,
518,1,,,-73.9601450,40.8176017,2026-01-24 22:28:31.965,_20260124_172024_CH02_DUT_TMO-AUTO_HTTP MS DL_NJ DUT REF_L3.dml,,,,,,,,,,,,,,,Download Start Request,,,,,,,,,,
519,1,,,-73.9601450,40.8176017,2026-01-24 22:28:33.000,_20260124_172024_CH02_DUT_TMO-AUTO_HTTP MS DL_NJ DUT REF_L3.dml,,,,N41(100)+N41(x),NR SA,378,-96.450000,1.270000,,,,,,,,,,,,,,,,,
520,1,,,-73.9601450,40.8176017,2026-01-24 22:28:33.263,_20260124_172024_CH02_DUT_TMO-AUTO_HTTP MS DL_NJ DUT REF_L3.dml,,,,,,,,,,,,,,,Download File Size Retrieved,,,,,,,,,,
521,1,,,-73.9601450,40.8176017,2026-01-24 22:28:33.263,_20260124_172024_CH02_DUT_TMO-AUTO_HTTP MS DL_NJ DUT REF_L3.dml,,,,,,,,,,,,,,,Download Started,,,,,,,,,,
522,1,,,-73.9601450,40.8176017,2026-01-24 22:28:34.000,_20260124_172024_CH02_DUT_TMO-AUTO_HTTP MS DL_NJ DUT REF_L3.dml,,,,N41(100)+N41(40),NR SA,378,-96.490000,1.590000,,,,,,,,,,,,,0.704,,,,
523,1,,,-73.9601450,40.8176017,2026-01-24 22:28:35.000,_20260124_172024_CH02_DUT_TMO-AUTO_HTTP MS DL_NJ DUT REF_L3.dml,,,,N41(100)+N41(40),NR SA,378,-96.080000,1.120000,,,,,,,,,,,,,1.296,,,,
524,1,,,-73.9601450,40.8176017,2026-01-24 22:28:36.000,_20260124_172024_CH02_DUT_TMO-AUTO_HTTP MS DL_NJ DUT REF_L3.dml,,,,N41(100)+N41(40),NR SA,378,-96.590000,1.040000,,,,,,,,89.422,,,,,1.176,,,,
525,1,,,-73.9601450,40.8176017,2026-01-24 22:28:37.000,_20260124_172024_CH02_DUT_TMO-AUTO_HTTP MS DL_NJ DUT REF_L3.dml,,,,N41(100)+N41(40),NR SA,378,-95.960000,1.870000,,,,,,,,82.476,,,,,0.992,,,,
526,1,,,-73.9601450,40.8176017,2026-01-24 22:28:38.000,_20260124_172024_CH02_DUT_TMO-AUTO_HTTP MS DL_NJ DUT REF_L3.dml,,,,N41(100)+N41(40),NR SA,378,-96.180000,0.960000,,,,,,,,96.329,,,,,0.976,,,,
527,1,,,-73.9601450,40.8176017,2026-01-24 22:28:39.000,_20260124_172024_CH02_DUT_TMO-AUTO_HTTP MS DL_NJ DUT REF_L3.dml,,,,N41(100)+N41(40),NR SA,378,-96.080000,1.520000,,,,,,,,109.526,,,,,0.880,,,,
528,1,,,-73.9601450,40.8176017,2026-01-24 22:28:40.000,_20260124_172024_CH02_DUT_TMO-AUTO_HTTP MS DL_NJ DUT REF_L3.dml,,,,N41(100)+N41(40),NR SA,378,-96.330000,1.510000,,,,,,,,77.141,,,,,0.848,,,,
529,1,,,-73.9601450,40.8176017,2026-01-24 22:28:41.000,_20260124_172024_CH02_DUT_TMO-AUTO_HTTP MS DL_NJ DUT REF_L3.dml,,,,N41(100)+N41(40),NR SA,378,-95.850000,1.970000,,,,,,,,88.062,,,,,0.680,,,,
530,1,,,-73.9601450,40.8176017,2026-01-24 22:28:42.000,_20260124_172024_CH02_DUT_TMO-AUTO_HTTP MS DL_NJ DUT REF_L3.dml,,,,N41(100)+N41(40),NR SA,378,-96.800000,1.150000,,,,,,,,70.029,,,,,0.984,,,,
531,1,,,-73.9601450,40.8176017,2026-01-24 22:28:43.000,_20260124_172024_CH02_DUT_TMO-AUTO_HTTP MS DL_NJ DUT REF_L3.dml,,,,N41(100)+N41(40),NR SA,378,-96.080000,1.830000,,,,,,,,93.674,,,,,0.776,,,,
532,1,,,-73.9600450,40.8175500,2026-01-24 22:28:44.000,_20260124_172024_CH02_DUT_TMO-AUTO_HTTP MS DL_NJ DUT REF_L3.dml,,,,N41(100)+N41(40),NR SA,378,-96.270000,1.550000,,,,,,,,86.297,,,,,0.952,,,,
533,1,,,-73.9600417,40.8175500,2026-01-24 22:28:45.000,_20260124_172024_CH02_DUT_TMO-AUTO_HTTP MS DL_NJ DUT REF_L3.dml,,,,N41(100)+N41(40),NR SA,378,-95.750000,1.650000,,,,,,,,95.345,,,,,1.000,,,,
534,1,,,-73.9600417,40.8175500,2026-01-24 22:28:46.000,_20260124_172024_CH02_DUT_TMO-AUTO_HTTP MS DL_NJ DUT REF_L3.dml,,,,N41(100)+N41(40),NR SA,378,-96.300000,1.570000,,,,,,,,92.566,,,,,0.848,,,,
535,1,,,-73.9600417,40.8175500,2026-01-24 22:28:47.000,_20260124_172024_CH02_DUT_TMO-AUTO_HTTP MS DL_NJ DUT REF_L3.dml,,,,N41(100)+N41(40),NR SA,378,-96.730000,1.240000,,,,,,,,78.117,,,,,0.952,,,,
536,1,,,-73.9600417,40.8175500,2026-01-24 22:28:48.000,_20260124_172024_CH02_DUT_TMO-AUTO_HTTP MS DL_NJ DUT REF_L3.dml,,,,N41(100)+N41(40),NR SA,378,-96.070000,1.260000,,,,,,,,105.924,,,,,1.112,,,,
537,1,,,-73.9600417,40.8175500,2026-01-24 22:28:49.000,_20260124_172024_CH02_DUT_TMO-AUTO_HTTP MS DL_NJ DUT REF_L3.dml,,,,N41(100)+N41(40),NR SA,378,-95.630000,1.890000,,,,,,,,95.965,,,,,1.216,,,,
538,1,,,-73.9600417,40.8175500,2026-01-24 22:28:50.000,_20260124_172024_CH02_DUT_TMO-AUTO_HTTP MS DL_NJ DUT REF_L3.dml,,,,N41(100)+N41(40),NR SA,378,-96.040000,1.420000,,,,,,,,99.546,,,,,0.928,,,,
539,1,,,-73.9600417,40.8175500,2026-01-24 22:28:51.000,_20260124_172024_CH02_DUT_TMO-AUTO_HTTP MS DL_NJ DUT REF_L3.dml,,,,N41(100)+N41(40),NR SA,378,-96.090000,0.700000,,,,,,,,120.568,,,,,1.064,,,,
540,1,,,-73.9600417,40.8175500,2026-01-24 22:28:52.000,_20260124_172024_CH02_DUT_TMO-AUTO_HTTP MS DL_NJ DUT REF_L3.dml,,,,N41(100)+N41(40),NR SA,378,-96.390000,0.800000,,,,,,,,100.929,,,,,1.040,,,,
541,1,,,-73.9600417,40.8175500,2026-01-24 22:28:53.000,_20260124_172024_CH02_DUT_TMO-AUTO_HTTP MS DL_NJ DUT REF_L3.dml,,,,N41(100)+N41(40),NR SA,378,-97.060000,1.020000,,,,,,,,95.665,,,,,1.048,,,,
542,1,,,-73.9600417,40.8175500,2026-01-24 22:28:54.000,_20260124_172024_CH02_DUT_TMO-AUTO_HTTP MS DL_NJ DUT REF_L3.dml,,,,N41(100)+N41(40),NR SA,378,-97.120000,0.650000,,,,,,,,97.273,,,,,1.056,,,,
543,1,,,-73.9600417,40.8175500,2026-01-24 22:28:55.000,_20260124_172024_CH02_DUT_TMO-AUTO_HTTP MS DL_NJ DUT REF_L3.dml,,,,N41(100)+N41(40),NR SA,378,-97.060000,0.640000,,,,,,,,82.630,,,,,1.008,,,,
544,1,,,-73.9600917,40.8175467,2026-01-24 22:28:56.000,_20260124_172024_CH02_DUT_TMO-AUTO_HTTP MS DL_NJ DUT REF_L3.dml,,,,N41(100)+N41(40),NR SA,378,-96.670000,0.330000,,,,,,,,85.685,,,,,0.856,,,,
545,1,,,-73.9601017,40.8175517,2026-01-24 22:28:57.000,_20260124_172024_CH02_DUT_TMO-AUTO_HTTP MS DL_NJ DUT REF_L3.dml,,,,N41(100)+N41(40),NR SA,378,-96.800000,0.780000,,,,,,,,91.570,,,,,0.928,,,,
546,1,,,-73.9601167,40.8175583,2026-01-24 22:28:58.000,_20260124_172024_CH02_DUT_TMO-AUTO_HTTP MS DL_NJ DUT REF_L3.dml,,,,N41(100)+N41(40),NR SA,378,-96.500000,0.500000,,,,,,,,93.939,,,,,0.936,,,,
547,1,,,-73.9601250,40.8175633,2026-01-24 22:28:59.000,_20260124_172024_CH02_DUT_TMO-AUTO_HTTP MS DL_NJ DUT REF_L3.dml,,,,N41(100)+N41(40),NR SA,378,-96.980000,0.530000,,,,,,,,103.480,,,,,0.936,,,,
548,1,,,-73.9601250,40.8175633,2026-01-24 22:29:00.000,_20260124_172024_CH02_DUT_TMO-AUTO_HTTP MS DL_NJ DUT REF_L3.dml,,,,N41(100)+N41(40),NR SA,378,-96.460000,0.670000,,,,,,,,71.427,,,,,1.000,,,,
549,1,,,-73.9601250,40.8175633,2026-01-24 22:29:01.000,_20260124_172024_CH02_DUT_TMO-AUTO_HTTP MS DL_NJ DUT REF_L3.dml,,,,N41(100)+N41(40),NR SA,378,-96.780000,-1.000000,,,,,,,,,,,,,0.752,,,,
550,1,,,-73.9601250,40.8175633,2026-01-24 22:29:02.000,_20260124_172024_CH02_DUT_TMO-AUTO_HTTP MS DL_NJ DUT REF_L3.dml,,,,N41(100)+N41(40),NR SA,378,-97.170000,-0.620000,,,,,,,,66.550,,,,,0.856,,,,
551,1,,,-73.9601250,40.8175633,2026-01-24 22:29:03.000,_20260124_172024_CH02_DUT_TMO-AUTO_HTTP MS DL_NJ DUT REF_L3.dml,,,,N41(100)+N41(40),NR SA,378,-97.690000,-1.390000,,,,,,,,87.037,,,,,0.816,,,,
552,1,,,-73.9601250,40.8175633,2026-01-24 22:29:04.262,_20260124_172024_CH02_DUT_TMO-AUTO_HTTP MS DL_NJ DUT REF_L3.dml,,,,,,,,,,,,,,,Download End Request,,,,,,,,,,
553,1,,,-73.9601250,40.8175633,2026-01-24 22:29:04.340,_20260124_172024_CH02_DUT_TMO-AUTO_HTTP MS DL_NJ DUT REF_L3.dml,,,,,,,,,,,,,,,Download Ended,,,,,,,,,,
554,1,,,-73.9601250,40.8175633,2026-01-24 22:29:04.000,_20260124_172024_CH02_DUT_TMO-AUTO_HTTP MS DL_NJ DUT REF_L3.dml,,,,N41(100)+N41(40),NR SA,378,-97.750000,-0.860000,,,,,,,,,,,,,0.848,,,,
555,1,,,-73.9601250,40.8175633,2026-01-24 22:29:05.000,_20260124_172024_CH02_DUT_TMO-AUTO_HTTP MS DL_NJ DUT REF_L3.dml,,,,N41(100)+N41(40),,378,-96.080000,1.160000,,,,,,,,,,,,,0.872,,,,
556,1,,,-73.9601250,40.8175633,2026-01-24 22:29:06.000,_20260124_172024_CH02_DUT_TMO-AUTO_HTTP MS DL_NJ DUT REF_L3.dml,,,,N41(100)+N41(40),,378,-97.000000,0.000000,,,,,,,,,,,,,,,,,
557,1,,,-73.9601250,40.8175633,2026-01-24 22:29:07.000,_20260124_172024_CH02_DUT_TMO-AUTO_HTTP MS DL_NJ DUT REF_L3.dml,,,,N41(100)+N41(40),,378,-96.330000,0.500000,,,,,,,,,,,,,0.000,,,,
558,1,,,-73.9601250,40.8175633,2026-01-24 22:29:08.000,_20260124_172024_CH02_DUT_TMO-AUTO_HTTP MS DL_NJ DUT REF_L3.dml,,,,N41(100)+N41(40),,378,-96.550000,0.450000,,,,,,,,,,,,,0.000,,,,
559,1,,,-73.9601250,40.8175633,2026-01-24 22:29:09.000,_20260124_172024_CH02_DUT_TMO-AUTO_HTTP MS DL_NJ DUT REF_L3.dml,,,,N41(100)+N41(40),,378,-97.290000,0.840000,,,,,,,,,,,,,,,,,
560,1,,,-73.9601250,40.8175633,2026-01-24 22:29:10.000,_20260124_172024_CH02_DUT_TMO-AUTO_HTTP MS DL_NJ DUT REF_L3.dml,,,,N41(100)+N41(40),,378,-96.780000,1.780000,,,,,,,,,,,,,0.016,,,,
561,1,,,-73.9601250,40.8175633,2026-01-24 22:29:11.000,_20260124_172024_CH02_DUT_TMO-AUTO_HTTP MS DL_NJ DUT REF_L3.dml,,,,N41(100)+N41(40),,378,-97.000000,0.800000,,,,,,,,,,,,,,,,,
562,1,,,-73.9601250,40.8175633,2026-01-24 22:29:12.000,_20260124_172024_CH02_DUT_TMO-AUTO_HTTP MS DL_NJ DUT REF_L3.dml,,,,N41(100)+N41(40),,378,-97.690000,-0.060000,,,,,,,,,,,,,0.000,,,,
563,1,,,-73.9601250,40.8175633,2026-01-24 22:29:13.000,_20260124_172024_CH02_DUT_TMO-AUTO_HTTP MS DL_NJ DUT REF_L3.dml,,,,N41(100)+N41(40),,378,-97.000000,3.000000,,,,,,,,,,,,,0.008,,,,
564,1,,,-73.9601250,40.8175633,2026-01-24 22:29:14.000,_20260124_172024_CH02_DUT_TMO-AUTO_HTTP MS DL_NJ DUT REF_L3.dml,,,,N41(100)+N41(40),,378,-96.000000,0.000000,,,,,,,,,,,,,0.000,,,,
565,1,,,-73.9601250,40.8175633,2026-01-24 22:29:15.000,_20260124_172024_CH02_DUT_TMO-AUTO_HTTP MS DL_NJ DUT REF_L3.dml,,,,N41(100)+N41(40),,378,-97.270000,1.000000,,,,,,,,,,,,,,,,,
566,1,,,-73.9601517,40.8175783,2026-01-24 22:29:16.000,_20260124_172024_CH02_DUT_TMO-AUTO_HTTP MS DL_NJ DUT REF_L3.dml,,,,N41(100)+N41(40),,378,-97.000000,0.620000,,,,,,,,,,,,,0.008,,,,
567,1,,,-73.9601567,40.8175767,2026-01-24 22:29:17.000,_20260124_172024_CH02_DUT_TMO-AUTO_HTTP MS DL_NJ DUT REF_L3.dml,,,,N41(100)+N41(40),,378,-97.000000,0.770000,,,,,,,,,,,,,0.000,,,,
568,1,,,-73.9601583,40.8175783,2026-01-24 22:29:18.000,_20260124_172024_CH02_DUT_TMO-AUTO_HTTP MS DL_NJ DUT REF_L3.dml,,,,N41(100)+N41(40),,378,-97.250000,-0.130000,,,,,,,,,,,,,0.000,,,,
569,1,,,-73.9601583,40.8175783,2026-01-24 22:29:19.000,_20260124_172024_CH02_DUT_TMO-AUTO_HTTP MS DL_NJ DUT REF_L3.dml,,,,N41(100)+N41(40),,378,-96.830000,0.280000,,,,,,,,,,,,,,,,,
570,1,,,-73.9601583,40.8175783,2026-01-24 22:29:20.000,_20260124_172024_CH02_DUT_TMO-AUTO_HTTP MS DL_NJ DUT REF_L3.dml,,,,N41(100)+N41(40),,378,-96.330000,0.670000,,,,,,,,,,,,,0.008,,,,
571,1,,,-73.9601583,40.8175783,2026-01-24 22:29:21.000,_20260124_172024_CH02_DUT_TMO-AUTO_HTTP MS DL_NJ DUT REF_L3.dml,,,,N41(100)+N41(40),,378,-97.000000,0.500000,,,,,,,,,,,,,0.000,,,,
572,1,,,-73.9601583,40.8175783,2026-01-24 22:29:22.000,_20260124_172024_CH02_DUT_TMO-AUTO_HTTP MS DL_NJ DUT REF_L3.dml,,,,N41(100)+N41(40),,378,-97.000000,0.330000,,,,,,,,,,,,,0.000,,,,
573,1,,,-73.9601583,40.8175783,2026-01-24 22:29:23.000,_20260124_172024_CH02_DUT_TMO-AUTO_HTTP MS DL_NJ DUT REF_L3.dml,,,,N41(100)+N41(40),,378,-97.000000,0.250000,,,,,,,,,,,,,,,,,
574,1,,,-73.9601583,40.8175783,2026-01-24 22:29:24.000,_20260124_172024_CH02_DUT_TMO-AUTO_HTTP MS DL_NJ DUT REF_L3.dml,,,,N41(100)+N41(40),,378,-97.360000,-0.070000,,,,,,,,,,,,,0.000,,,,
575,1,,,-73.9601583,40.8175783,2026-01-24 22:29:25.000,_20260124_172024_CH02_DUT_TMO-AUTO_HTTP MS DL_NJ DUT REF_L3.dml,,,,N41(x)+N41(x),,378,-97.000000,-0.190000,,,,,,,,,,,,,,,,,
576,1,,,-73.9601583,40.8175783,2026-01-24 22:29:26.000,_20260124_172024_CH02_DUT_TMO-AUTO_HTTP MS DL_NJ DUT REF_L3.dml,,,,,,,,,,,,,,,,,,,,,,,,,
577,1,,,-73.9601583,40.8175783,2026-01-24 22:29:27.000,_20260124_172024_CH02_DUT_TMO-AUTO_HTTP MS DL_NJ DUT REF_L3.dml,,,,,,,,,,,,,,,,,,,,,,,,,
578,1,,,-73.9601583,40.8175783,2026-01-24 22:29:28.000,_20260124_172024_CH02_DUT_TMO-AUTO_HTTP MS DL_NJ DUT REF_L3.dml,,,,N41(x),,378,-96.000000,0.000000,,,,,,,,,,,,,,,,,
579,1,,,-73.9601583,40.8175783,2026-01-24 22:29:29.000,_20260124_172024_CH02_DUT_TMO-AUTO_HTTP MS DL_NJ DUT REF_L3.dml,,,,N41(x),,378,-96.000000,1.000000,,,,,,,,,,,,,,,,,
580,1,,,-73.9601583,40.8175783,2026-01-24 22:29:30.000,_20260124_172024_CH02_DUT_TMO-AUTO_HTTP MS DL_NJ DUT REF_L3.dml,,,,N41(x),,378,-96.000000,1.000000,,,,,,,,,,,,,,,,,
581,1,,,-73.9601583,40.8175783,2026-01-24 22:29:31.000,_20260124_172024_CH02_DUT_TMO-AUTO_HTTP MS DL_NJ DUT REF_L3.dml,,,,N41(x),,378,-96.000000,1.000000,,,,,,,,,,,,,,,,,
582,1,,,-73.9601583,40.8175783,2026-01-24 22:29:32.000,_20260124_172024_CH02_DUT_TMO-AUTO_HTTP MS DL_NJ DUT REF_L3.dml,,,,,,,,,,,,,,,,,,,,,,,,,
583,1,,,-73.9601583,40.8175783,2026-01-24 22:29:33.000,_20260124_172024_CH02_DUT_TMO-AUTO_HTTP MS DL_NJ DUT REF_L3.dml,,,,N41(x),,378,-96.000000,0.000000,,,,,,,,,,,,,,,,,
584,1,,,-73.9601583,40.8175783,2026-01-24 22:29:34.000,_20260124_172024_CH02_DUT_TMO-AUTO_HTTP MS DL_NJ DUT REF_L3.dml,,,,,,,,,,,,,,,,,,,,,,,,,
585,1,,,-73.9601583,40.8175783,2026-01-24 22:29:35.000,_20260124_172024_CH02_DUT_TMO-AUTO_HTTP MS DL_NJ DUT REF_L3.dml,,,,,,,,,,,,,,,,,,,,,,,,,
586,1,,,-73.9601583,40.8175783,2026-01-24 22:29:36.000,_20260124_172024_CH02_DUT_TMO-AUTO_HTTP MS DL_NJ DUT REF_L3.dml,,,,,,,,,,,,,,,,,,,,,,,,,
587,1,,,-73.9601583,40.8175783,2026-01-24 22:29:37.000,_20260124_172024_CH02_DUT_TMO-AUTO_HTTP MS DL_NJ DUT REF_L3.dml,,,,N41(x),,378,-96.000000,2.000000,,,,,,,,,,,,,,,,,
588,1,,,-73.9601583,40.8175783,2026-01-24 22:29:38.000,_20260124_172024_CH02_DUT_TMO-AUTO_HTTP MS DL_NJ DUT REF_L3.dml,,,,,,,,,,,,,,,,,,,,,,,,,
589,1,,,-73.9601583,40.8175783,2026-01-24 22:29:39.000,_20260124_172024_CH02_DUT_TMO-AUTO_HTTP MS DL_NJ DUT REF_L3.dml,,,,,,,,,,,,,,,,,,,,,,,,,
590,1,,,-73.9601583,40.8175783,2026-01-24 22:29:40.000,_20260124_172024_CH02_DUT_TMO-AUTO_HTTP MS DL_NJ DUT REF_L3.dml,,,,N41(x),,378,-96.000000,0.000000,,,,,,,,,,,,,,,,,
591,1,,,-73.9601583,40.8175783,2026-01-24 22:29:41.000,_20260124_172024_CH02_DUT_TMO-AUTO_HTTP MS DL_NJ DUT REF_L3.dml,,,,,,,,,,,,,,,,,,,,,,,,,
592,1,,,-73.9601583,40.8175783,2026-01-24 22:29:42.000,_20260124_172024_CH02_DUT_TMO-AUTO_HTTP MS DL_NJ DUT REF_L3.dml,,,,,,,,,,,,,,,,,,,,,,,,,
593,1,,,-73.9601583,40.8175783,2026-01-24 22:29:43.000,_20260124_172024_CH02_DUT_TMO-AUTO_HTTP MS DL_NJ DUT REF_L3.dml,,,,,,,,,,,,,,,,,,,,,,,,,
594,1,,,-73.9601583,40.8175783,2026-01-24 22:29:44.000,_20260124_172024_CH02_DUT_TMO-AUTO_HTTP MS DL_NJ DUT REF_L3.dml,,,,N41(x),,378,-97.000000,0.000000,,,,,,,,,,,,,,,,,
595,1,,,-73.9601583,40.8175783,2026-01-24 22:29:45.000,_20260124_172024_CH02_DUT_TMO-AUTO_HTTP MS DL_NJ DUT REF_L3.dml,,,,,,,,,,,,,,,,,,,,,,,,,
596,1,,,-73.9601583,40.8175783,2026-01-24 22:29:45.278,_20260124_172024_CH02_DUT_TMO-AUTO_HTTP MS DL_NJ DUT REF_L3.dml,,,,,,,,,,,,,,,Download Start Request,,,,,,,,,,
597,1,,,-73.9601583,40.8175783,2026-01-24 22:29:46.000,_20260124_172024_CH02_DUT_TMO-AUTO_HTTP MS DL_NJ DUT REF_L3.dml,,,,N41(100),NR SA,378,-96.000000,1.000000,,,,,,,,,,,,,,,,,
598,1,,,-73.9601583,40.8175783,2026-01-24 22:29:46.684,_20260124_172024_CH02_DUT_TMO-AUTO_HTTP MS DL_NJ DUT REF_L3.dml,,,,,,,,,,,,,,,Download File Size Retrieved,,,,,,,,,,
599,1,,,-73.9601583,40.8175783,2026-01-24 22:29:46.684,_20260124_172024_CH02_DUT_TMO-AUTO_HTTP MS DL_NJ DUT REF_L3.dml,,,,,,,,,,,,,,,Download Started,,,,,,,,,,
600,1,,,-73.9601583,40.8175783,2026-01-24 22:29:47.000,_20260124_172024_CH02_DUT_TMO-AUTO_HTTP MS DL_NJ DUT REF_L3.dml,,,,N41(100)+N41(x),NR SA,378,-96.280000,0.880000,,,,,,,,,,,,,0.504,,,,
601,1,,,-73.9601583,40.8175783,2026-01-24 22:29:48.000,_20260124_172024_CH02_DUT_TMO-AUTO_HTTP MS DL_NJ DUT REF_L3.dml,,,,N41(100)+N41(40),NR SA,378,-96.230000,0.680000,,,,,,,,,,,,,1.160,,,,
602,1,,,-73.9601583,40.8175783,2026-01-24 22:29:49.000,_20260124_172024_CH02_DUT_TMO-AUTO_HTTP MS DL_NJ DUT REF_L3.dml,,,,N41(100)+N41(40),NR SA,378,-95.920000,1.160000,,,,,,,,165.083,,,,,1.024,,,,
603,1,,,-73.9601583,40.8175783,2026-01-24 22:29:50.000,_20260124_172024_CH02_DUT_TMO-AUTO_HTTP MS DL_NJ DUT REF_L3.dml,,,,N41(100)+N41(40),NR SA,378,-96.340000,1.530000,,,,,,,,127.320,,,,,0.936,,,,
604,1,,,-73.9601583,40.8175783,2026-01-24 22:29:51.000,_20260124_172024_CH02_DUT_TMO-AUTO_HTTP MS DL_NJ DUT REF_L3.dml,,,,N41(100)+N41(40),NR SA,378,-96.270000,0.760000,,,,,,,,115.615,,,,,0.808,,,,
605,1,,,-73.9601583,40.8175783,2026-01-24 22:29:52.000,_20260124_172024_CH02_DUT_TMO-AUTO_HTTP MS DL_NJ DUT REF_L3.dml,,,,N41(100)+N41(40),NR SA,378,-96.130000,0.940000,,,,,,,,98.946,,,,,0.856,,,,
606,1,,,-73.9601583,40.8175783,2026-01-24 22:29:53.000,_20260124_172024_CH02_DUT_TMO-AUTO_HTTP MS DL_NJ DUT REF_L3.dml,,,,N41(100)+N41(40),NR SA,378,-96.720000,0.120000,,,,,,,,91.222,,,,,0.752,,,,
607,1,,,-73.9601583,40.8175783,2026-01-24 22:29:54.000,_20260124_172024_CH02_DUT_TMO-AUTO_HTTP MS DL_NJ DUT REF_L3.dml,,,,N41(100)+N41(40),NR SA,378,-95.940000,1.770000,,,,,,,,71.982,,,,,0.680,,,,
608,1,,,-73.9601583,40.8175783,2026-01-24 22:29:55.000,_20260124_172024_CH02_DUT_TMO-AUTO_HTTP MS DL_NJ DUT REF_L3.dml,,,,N41(100)+N41(40),NR SA,378,-95.620000,1.820000,,,,,,,,71.309,,,,,0.784,,,,
609,1,,,-73.9601583,40.8175783,2026-01-24 22:29:56.000,_20260124_172024_CH02_DUT_TMO-AUTO_HTTP MS DL_NJ DUT REF_L3.dml,,,,N41(100)+N41(40),NR SA,378,-96.560000,1.100000,,,,,,,,77.077,,,,,0.752,,,,
610,1,,,-73.9601583,40.8175783,2026-01-24 22:29:57.000,_20260124_172024_CH02_DUT_TMO-AUTO_HTTP MS DL_NJ DUT REF_L3.dml,,,,N41(100)+N41(40),NR SA,378,-96.800000,1.260000,,,,,,,,79.139,,,,,0.920,,,,
611,1,,,-73.9601583,40.8175783,2026-01-24 22:29:58.000,_20260124_172024_CH02_DUT_TMO-AUTO_HTTP MS DL_NJ DUT REF_L3.dml,,,,N41(100)+N41(40),NR SA,378,-96.570000,0.640000,,,,,,,,93.657,,,,,0.808,,,,
612,1,,,-73.9601583,40.8175783,2026-01-24 22:29:59.000,_20260124_172024_CH02_DUT_TMO-AUTO_HTTP MS DL_NJ DUT REF_L3.dml,,,,N41(100)+N41(40),NR SA,378,-96.920000,0.430000,,,,,,,,74.000,,,,,0.984,,,,
613,1,,,-73.9601583,40.8175783,2026-01-24 22:30:00.000,_20260124_172024_CH02_DUT_TMO-AUTO_HTTP MS DL_NJ DUT REF_L3.dml,,,,N41(100)+N41(40),NR SA,378,-96.270000,0.960000,,,,,,,,90.938,,,,,1.128,,,,
614,1,,,-73.9601583,40.8175783,2026-01-24 22:30:01.000,_20260124_172024_CH02_DUT_TMO-AUTO_HTTP MS DL_NJ DUT REF_L3.dml,,,,N41(100)+N41(40),NR SA,378,-96.580000,0.600000,,,,,,,,96.491,,,,,1.048,,,,
615,1,,,-73.9601583,40.8175783,2026-01-24 22:30:02.000,_20260124_172024_CH02_DUT_TMO-AUTO_HTTP MS DL_NJ DUT REF_L3.dml,,,,N41(100)+N41(40),NR SA,378,-96.020000,0.780000,,,,,,,,94.752,,,,,0.912,,,,
616,1,,,-73.9601583,40.8175783,2026-01-24 22:30:03.000,_20260124_172024_CH02_DUT_TMO-AUTO_HTTP MS DL_NJ DUT REF_L3.dml,,,,N41(100)+N41(40),NR SA,378,-96.420000,0.940000,,,,,,,,94.915,,,,,1.104,,,,
617,1,,,-73.9601583,40.8175783,2026-01-24 22:30:04.000,_20260124_172024_CH02_DUT_TMO-AUTO_HTTP MS DL_NJ DUT REF_L3.dml,,,,N41(100)+N41(40),NR SA,378,-96.820000,0.800000,,,,,,,,107.896,,,,,1.008,,,,
618,1,,,-73.9601583,40.8175783,2026-01-24 22:30:05.000,_20260124_172024_CH02_DUT_TMO-AUTO_HTTP MS DL_NJ DUT REF_L3.dml,,,,N41(100)+N41(40),NR SA,378,-95.860000,1.020000,,,,,,,,86.297,,,,,1.264,,,,
619,1,,,-73.9601583,40.8175783,2026-01-24 22:30:06.000,_20260124_172024_CH02_DUT_TMO-AUTO_HTTP MS DL_NJ DUT REF_L3.dml,,,,N41(100)+N41(40),NR SA,378,-96.380000,1.370000,,,,,,,,120.847,,,,,1.072,,,,
620,1,,,-73.9601317,40.8175433,2026-01-24 22:30:07.000,_20260124_172024_CH02_DUT_TMO-AUTO_HTTP MS DL_NJ DUT REF_L3.dml,,,,N41(100)+N41(40),NR SA,378,-96.590000,0.680000,,,,,,,,93.253,,,,,1.112,,,,
621,1,,,-73.9601500,40.8175500,2026-01-24 22:30:08.000,_20260124_172024_CH02_DUT_TMO-AUTO_HTTP MS DL_NJ DUT REF_L3.dml,,,,N41(100)+N41(40),NR SA,378,-96.430000,1.050000,,,,,,,,106.055,,,,,1.128,,,,
622,1,,,-73.9601633,40.8175500,2026-01-24 22:30:09.000,_20260124_172024_CH02_DUT_TMO-AUTO_HTTP MS DL_NJ DUT REF_L3.dml,,,,N41(100)+N41(40),NR SA,378,-96.300000,0.960000,,,,,,,,122.366,,,,,1.008,,,,
623,1,,,-73.9601633,40.8175500,2026-01-24 22:30:10.000,_20260124_172024_CH02_DUT_TMO-AUTO_HTTP MS DL_NJ DUT REF_L3.dml,,,,N41(100)+N41(40),NR SA,378,-96.930000,0.830000,,,,,,,,101.936,,,,,1.072,,,,
624,1,,,-73.9601600,40.8175500,2026-01-24 22:30:11.000,_20260124_172024_CH02_DUT_TMO-AUTO_HTTP MS DL_NJ DUT REF_L3.dml,,,,N41(100)+N41(40),NR SA,378,-96.750000,0.460000,,,,,,,,88.236,,,,,1.080,,,,
625,1,,,-73.9601600,40.8175500,2026-01-24 22:30:12.000,_20260124_172024_CH02_DUT_TMO-AUTO_HTTP MS DL_NJ DUT REF_L3.dml,,,,N41(100)+N41(40),NR SA,378,-96.200000,1.080000,,,,,,,,105.892,,,,,1.200,,,,
626,1,,,-73.9601600,40.8175500,2026-01-24 22:30:13.000,_20260124_172024_CH02_DUT_TMO-AUTO_HTTP MS DL_NJ DUT REF_L3.dml,,,,N41(100)+N41(40),NR SA,378,-95.980000,1.410000,,,,,,,,114.300,,,,,1.112,,,,
627,1,,,-73.9601600,40.8175500,2026-01-24 22:30:14.000,_20260124_172024_CH02_DUT_TMO-AUTO_HTTP MS DL_NJ DUT REF_L3.dml,,,,N41(100)+N41(40),NR SA,378,-96.720000,0.640000,,,,,,,,121.815,,,,,1.104,,,,
628,1,,,-73.9601600,40.8175500,2026-01-24 22:30:15.000,_20260124_172024_CH02_DUT_TMO-AUTO_HTTP MS DL_NJ DUT REF_L3.dml,,,,N41(100)+N41(40),NR SA,378,-96.840000,0.690000,,,,,,,,109.044,,,,,0.992,,,,
629,1,,,-73.9601600,40.8175500,2026-01-24 22:30:16.000,_20260124_172024_CH02_DUT_TMO-AUTO_HTTP MS DL_NJ DUT REF_L3.dml,,,,N41(100)+N41(40),NR SA,378,-96.350000,1.060000,,,,,,,,90.520,,,,,1.200,,,,
630,1,,,-73.9601600,40.8175500,2026-01-24 22:30:17.684,_20260124_172024_CH02_DUT_TMO-AUTO_HTTP MS DL_NJ DUT REF_L3.dml,,,,,,,,,,,,,,,Download End Request,,,,,,,,,,
631,1,,,-73.9601600,40.8175500,2026-01-24 22:30:17.794,_20260124_172024_CH02_DUT_TMO-AUTO_HTTP MS DL_NJ DUT REF_L3.dml,,,,,,,,,,,,,,,Download Ended,,,,,,,,,,
632,1,,,-73.9601600,40.8175500,2026-01-24 22:30:17.000,_20260124_172024_CH02_DUT_TMO-AUTO_HTTP MS DL_NJ DUT REF_L3.dml,,,,N41(100)+N41(40),NR SA,378,-96.630000,1.020000,,,,,,,,118.703,,,,,1.048,,,,
633,1,,,-73.9601600,40.8175500,2026-01-24 22:30:18.000,_20260124_172024_CH02_DUT_TMO-AUTO_HTTP MS DL_NJ DUT REF_L3.dml,,,,N41(100)+N41(40),,378,-96.930000,0.760000,,,,,,,,103.741,,,,,0.952,,,,
634,1,,,-73.9601600,40.8175500,2026-01-24 22:30:19.000,_20260124_172024_CH02_DUT_TMO-AUTO_HTTP MS DL_NJ DUT REF_L3.dml,,,,N41(100)+N41(40),,378,-97.810000,0.810000,,,,,,,,,,,,,,,,,
635,1,,,-73.9601600,40.8175500,2026-01-24 22:30:20.000,_20260124_172024_CH02_DUT_TMO-AUTO_HTTP MS DL_NJ DUT REF_L3.dml,,,,N41(100)+N41(40),,378,-97.000000,0.380000,,,,,,,,,,,,,0.184,,,,
636,1,,,-73.9601600,40.8175500,2026-01-24 22:30:21.000,_20260124_172024_CH02_DUT_TMO-AUTO_HTTP MS DL_NJ DUT REF_L3.dml,,,,N41(100)+N41(40),,378,-97.290000,0.670000,,,,,,,,,,,,,0.000,,,,
637,1,,,-73.9601600,40.8175500,2026-01-24 22:30:22.000,_20260124_172024_CH02_DUT_TMO-AUTO_HTTP MS DL_NJ DUT REF_L3.dml,,,,N41(100)+N41(40),,378,-97.620000,0.230000,,,,,,,,,,,,,0.072,,,,
638,1,,,-73.9601600,40.8175500,2026-01-24 22:30:23.000,_20260124_172024_CH02_DUT_TMO-AUTO_HTTP MS DL_NJ DUT REF_L3.dml,,,,N41(100)+N41(40),,378,-97.710000,0.210000,,,,,,,,,,,,,,,,,
639,1,,,-73.9601600,40.8175500,2026-01-24 22:30:24.000,_20260124_172024_CH02_DUT_TMO-AUTO_HTTP MS DL_NJ DUT REF_L3.dml,,,,N41(100)+N41(40),,378,-96.640000,0.360000,,,,,,,,,,,,,0.016,,,,
640,1,,,-73.9601600,40.8175500,2026-01-24 22:30:25.000,_20260124_172024_CH02_DUT_TMO-AUTO_HTTP MS DL_NJ DUT REF_L3.dml,,,,N41(100)+N41(40),,378,-97.000000,0.570000,,,,,,,,,,,,,0.000,,,,
641,1,,,-73.9601600,40.8175500,2026-01-24 22:30:26.000,_20260124_172024_CH02_DUT_TMO-AUTO_HTTP MS DL_NJ DUT REF_L3.dml,,,,N41(100)+N41(40),,378,-97.000000,0.130000,,,,,,,,,,,,,0.000,,,,
642,1,,,-73.9601600,40.8175500,2026-01-24 22:30:27.000,_20260124_172024_CH02_DUT_TMO-AUTO_HTTP MS DL_NJ DUT REF_L3.dml,,,,N41(100)+N41(40),,378,-96.380000,1.250000,,,,,,,,,,,,,0.000,,,,
643,1,,,-73.9601600,40.8175500,2026-01-24 22:30:28.000,_20260124_172024_CH02_DUT_TMO-AUTO_HTTP MS DL_NJ DUT REF_L3.dml,,,,N41(100)+N41(40),,378,-96.000000,1.770000,,,,,,,,,,,,,,,,,
644,1,,,-73.9601600,40.8175500,2026-01-24 22:30:29.000,_20260124_172024_CH02_DUT_TMO-AUTO_HTTP MS DL_NJ DUT REF_L3.dml,,,,N41(100)+N41(40),,378,-96.570000,0.700000,,,,,,,,,,,,,0.000,,,,
645,1,,,-73.9601600,40.8175500,2026-01-24 22:30:30.000,_20260124_172024_CH02_DUT_TMO-AUTO_HTTP MS DL_NJ DUT REF_L3.dml,,,,N41(100)+N41(40),,378,-96.670000,0.830000,,,,,,,,,,,,,,,,,
646,1,,,-73.9601600,40.8175500,2026-01-24 22:30:31.000,_20260124_172024_CH02_DUT_TMO-AUTO_HTTP MS DL_NJ DUT REF_L3.dml,,,,N41(x)+N41(x),,378,-96.800000,0.800000,,,,,,,,,,,,,0.008,,,,
647,1,,,-73.9601600,40.8175500,2026-01-24 22:30:32.000,_20260124_172024_CH02_DUT_TMO-AUTO_HTTP MS DL_NJ DUT REF_L3.dml,,,,N41(x),,378,-96.000000,2.000000,,,,,,,,,,,,,,,,,
648,1,,,-73.9601600,40.8175500,2026-01-24 22:30:33.000,_20260124_172024_CH02_DUT_TMO-AUTO_HTTP MS DL_NJ DUT REF_L3.dml,,,,N41(x),,378,-95.500000,1.500000,,,,,,,,,,,,,,,,,
649,1,,,-73.9601600,40.8175500,2026-01-24 22:30:34.000,_20260124_172024_CH02_DUT_TMO-AUTO_HTTP MS DL_NJ DUT REF_L3.dml,,,,N41(x),,378,-96.000000,1.000000,,,,,,,,,,,,,,,,,
650,1,,,-73.9601600,40.8175500,2026-01-24 22:30:35.000,_20260124_172024_CH02_DUT_TMO-AUTO_HTTP MS DL_NJ DUT REF_L3.dml,,,,N41(x),,378,-96.000000,1.000000,,,,,,,,,,,,,,,,,
651,1,,,-73.9601600,40.8175500,2026-01-24 22:30:36.000,_20260124_172024_CH02_DUT_TMO-AUTO_HTTP MS DL_NJ DUT REF_L3.dml,,,,,,,,,,,,,,,,,,,,,,,,,
652,1,,,-73.9601600,40.8175500,2026-01-24 22:30:37.000,_20260124_172024_CH02_DUT_TMO-AUTO_HTTP MS DL_NJ DUT REF_L3.dml,,,,N41(x),,378,-96.000000,1.000000,,,,,,,,,,,,,,,,,
653,1,,,-73.9601600,40.8175500,2026-01-24 22:30:38.000,_20260124_172024_CH02_DUT_TMO-AUTO_HTTP MS DL_NJ DUT REF_L3.dml,,,,,,,,,,,,,,,,,,,,,,,,,
654,1,,,-73.9601600,40.8175500,2026-01-24 22:30:39.000,_20260124_172024_CH02_DUT_TMO-AUTO_HTTP MS DL_NJ DUT REF_L3.dml,,,,,,,,,,,,,,,,,,,,,,,,,
655,1,,,-73.9601600,40.8175500,2026-01-24 22:30:40.000,_20260124_172024_CH02_DUT_TMO-AUTO_HTTP MS DL_NJ DUT REF_L3.dml,,,,,,,,,,,,,,,,,,,,,,,,,
656,1,,,-73.9601600,40.8175500,2026-01-24 22:30:41.000,_20260124_172024_CH02_DUT_TMO-AUTO_HTTP MS DL_NJ DUT REF_L3.dml,,,,N41(x),,378,-95.000000,1.000000,,,,,,,,,,,,,,,,,
657,1,,,-73.9601600,40.8175500,2026-01-24 22:30:42.000,_20260124_172024_CH02_DUT_TMO-AUTO_HTTP MS DL_NJ DUT REF_L3.dml,,,,N41(x),,378,-95.000000,1.000000,,,,,,,,,,,,,,,,,
658,1,,,-73.9601600,40.8175500,2026-01-24 22:30:43.000,_20260124_172024_CH02_DUT_TMO-AUTO_HTTP MS DL_NJ DUT REF_L3.dml,,,,,,,,,,,,,,,,,,,,,,,,,
659,1,,,-73.9601600,40.8175500,2026-01-24 22:30:44.000,_20260124_172024_CH02_DUT_TMO-AUTO_HTTP MS DL_NJ DUT REF_L3.dml,,,,,,,,,,,,,,,,,,,,,,,,,
660,1,,,-73.9601600,40.8175500,2026-01-24 22:30:45.000,_20260124_172024_CH02_DUT_TMO-AUTO_HTTP MS DL_NJ DUT REF_L3.dml,,,,,,,,,,,,,,,,,,,,,,,,,
661,1,,,-73.9601600,40.8175500,2026-01-24 22:30:46.000,_20260124_172024_CH02_DUT_TMO-AUTO_HTTP MS DL_NJ DUT REF_L3.dml,,,,N41(x),,378,-94.000000,3.000000,,,,,,,,,,,,,,,,,
662,1,,,-73.9601600,40.8175500,2026-01-24 22:30:47.000,_20260124_172024_CH02_DUT_TMO-AUTO_HTTP MS DL_NJ DUT REF_L3.dml,,,,,,,,,,,,,,,,,,,,,,,,,
663,1,,,-73.9601600,40.8175500,2026-01-24 22:30:48.000,_20260124_172024_CH02_DUT_TMO-AUTO_HTTP MS DL_NJ DUT REF_L3.dml,,,,,,,,,,,,,,,,,,,,,,,,,
664,1,,,-73.9601600,40.8175500,2026-01-24 22:30:49.000,_20260124_172024_CH02_DUT_TMO-AUTO_HTTP MS DL_NJ DUT REF_L3.dml,,,,,,,,,,,,,,,,,,,,,,,,,
665,1,,,-73.9601600,40.8175500,2026-01-24 22:30:50.000,_20260124_172024_CH02_DUT_TMO-AUTO_HTTP MS DL_NJ DUT REF_L3.dml,,,,,,,,,,,,,,,,,,,,,,,,,
666,1,,,-73.9601600,40.8175500,2026-01-24 22:30:51.000,_20260124_172024_CH02_DUT_TMO-AUTO_HTTP MS DL_NJ DUT REF_L3.dml,,,,N41(x),,378,-96.000000,0.500000,,,,,,,,,,,,,,,,,
667,1,,,-73.9601600,40.8175500,2026-01-24 22:30:52.000,_20260124_172024_CH02_DUT_TMO-AUTO_HTTP MS DL_NJ DUT REF_L3.dml,,,,N41(x),,378,-96.000000,1.000000,,,,,,,,,,,,,,,,,
668,1,,,-73.9601600,40.8175500,2026-01-24 22:30:53.000,_20260124_172024_CH02_DUT_TMO-AUTO_HTTP MS DL_NJ DUT REF_L3.dml,,,,N41(x),,378,-95.000000,1.000000,,,,,,,,,,,,,,,,,
669,1,,,-73.9601600,40.8175500,2026-01-24 22:30:54.000,_20260124_172024_CH02_DUT_TMO-AUTO_HTTP MS DL_NJ DUT REF_L3.dml,,,,,,,,,,,,,,,,,,,,,,,,,
670,1,,,-73.9601600,40.8175500,2026-01-24 22:30:55.000,_20260124_172024_CH02_DUT_TMO-AUTO_HTTP MS DL_NJ DUT REF_L3.dml,,,,N41(x),,378,-95.000000,1.000000,,,,,,,,,,,,,,,,,
671,1,,,-73.9601600,40.8175500,2026-01-24 22:30:56.000,_20260124_172024_CH02_DUT_TMO-AUTO_HTTP MS DL_NJ DUT REF_L3.dml,,,,N41(x),,378,-95.000000,1.000000,,,,,,,,,,,,,,,,,
672,1,,,-73.9601600,40.8175500,2026-01-24 22:30:57.000,_20260124_172024_CH02_DUT_TMO-AUTO_HTTP MS DL_NJ DUT REF_L3.dml,,,,N41(x),,378,-95.000000,2.000000,,,,,,,,,,,,,,,,,
673,1,,,-73.9601600,40.8175500,2026-01-24 22:30:58.000,_20260124_172024_CH02_DUT_TMO-AUTO_HTTP MS DL_NJ DUT REF_L3.dml,,,,N41(x),,378,-95.000000,3.000000,,,,,,,,,,,,,,,,,
674,1,,,-73.9601600,40.8175500,2026-01-24 22:30:58.700,_20260124_172024_CH02_DUT_TMO-AUTO_HTTP MS DL_NJ DUT REF_L3.dml,,,,,,,,,,,,,,,Download Start Request,,,,,,,,,,
675,1,,,-73.9601600,40.8175500,2026-01-24 22:30:59.000,_20260124_172024_CH02_DUT_TMO-AUTO_HTTP MS DL_NJ DUT REF_L3.dml,,,,,NR SA,,,,,,,,,,,,,,,,,,,,
676,1,,,-73.9601600,40.8175500,2026-01-24 22:31:00.000,_20260124_172024_CH02_DUT_TMO-AUTO_HTTP MS DL_NJ DUT REF_L3.dml,,,,N41(100)+N41(x),NR SA,378,-95.330000,1.580000,,,,,,,,,,,,,0.000,,,,
677,1,,,-73.9601600,40.8175500,2026-01-24 22:31:00.356,_20260124_172024_CH02_DUT_TMO-AUTO_HTTP MS DL_NJ DUT REF_L3.dml,,,,,,,,,,,,,,,Download File Size Retrieved,,,,,,,,,,
678,1,,,-73.9601600,40.8175500,2026-01-24 22:31:00.356,_20260124_172024_CH02_DUT_TMO-AUTO_HTTP MS DL_NJ DUT REF_L3.dml,,,,,,,,,,,,,,,Download Started,,,,,,,,,,
679,1,,,-73.9601600,40.8175500,2026-01-24 22:31:01.000,_20260124_172024_CH02_DUT_TMO-AUTO_HTTP MS DL_NJ DUT REF_L3.dml,,,,N41(100)+N41(40),NR SA,378,-96.170000,1.210000,,,,,,,,,,,,,0.392,,,,
680,1,,,-73.9601600,40.8175500,2026-01-24 22:31:02.000,_20260124_172024_CH02_DUT_TMO-AUTO_HTTP MS DL_NJ DUT REF_L3.dml,,,,N41(100)+N41(40),NR SA,378,-95.570000,1.610000,,,,,,,,,,,,,1.128,,,,
681,1,,,-73.9601600,40.8175500,2026-01-24 22:31:03.000,_20260124_172024_CH02_DUT_TMO-AUTO_HTTP MS DL_NJ DUT REF_L3.dml,,,,N41(100)+N41(40),NR SA,378,-95.140000,1.820000,,,,,,,,163.349,,,,,1.032,,,,
682,1,,,-73.9601600,40.8175500,2026-01-24 22:31:04.000,_20260124_172024_CH02_DUT_TMO-AUTO_HTTP MS DL_NJ DUT REF_L3.dml,,,,N41(100)+N41(40),NR SA,378,-94.940000,2.410000,,,,,,,,100.976,,,,,1.000,,,,
683,1,,,-73.9601600,40.8175500,2026-01-24 22:31:05.000,_20260124_172024_CH02_DUT_TMO-AUTO_HTTP MS DL_NJ DUT REF_L3.dml,,,,N41(100)+N41(40),NR SA,378,-95.730000,2.060000,,,,,,,,88.976,,,,,0.888,,,,
684,1,,,-73.9601600,40.8175500,2026-01-24 22:31:06.000,_20260124_172024_CH02_DUT_TMO-AUTO_HTTP MS DL_NJ DUT REF_L3.dml,,,,N41(100)+N41(40),NR SA,378,-96.130000,1.000000,,,,,,,,76.249,,,,,0.904,,,,
685,1,,,-73.9601600,40.8175500,2026-01-24 22:31:07.000,_20260124_172024_CH02_DUT_TMO-AUTO_HTTP MS DL_NJ DUT REF_L3.dml,,,,N41(100)+N41(40),NR SA,378,-95.880000,1.530000,,,,,,,,82.866,,,,,0.880,,,,
686,1,,,-73.9601600,40.8175500,2026-01-24 22:31:08.000,_20260124_172024_CH02_DUT_TMO-AUTO_HTTP MS DL_NJ DUT REF_L3.dml,,,,N41(100)+N41(40),NR SA,378,-95.560000,1.380000,,,,,,,,90.530,,,,,0.736,,,,
687,1,,,-73.9601600,40.8175500,2026-01-24 22:31:09.000,_20260124_172024_CH02_DUT_TMO-AUTO_HTTP MS DL_NJ DUT REF_L3.dml,,,,N41(100)+N41(40),NR SA,378,-96.620000,0.570000,,,,,,,,112.860,,,,,0.944,,,,
688,1,,,-73.9601600,40.8175500,2026-01-24 22:31:12.000,_20260124_172024_CH02_DUT_TMO-AUTO_HTTP MS DL_NJ DUT REF_L3.dml,,,,N41(100)+N41(40),NR SA,378,-95.200000,2.750000,,,,,,,,,,,,,,,,,
689,1,,,-73.9601600,40.8175500,2026-01-24 22:31:13.000,_20260124_172024_CH02_DUT_TMO-AUTO_HTTP MS DL_NJ DUT REF_L3.dml,,,,N41(100)+N41(40),NR SA,378,-95.750000,1.510000,,,,,,,,,,,,,0.976,,,,
690,1,,,-73.9601600,40.8175500,2026-01-24 22:31:14.000,_20260124_172024_CH02_DUT_TMO-AUTO_HTTP MS DL_NJ DUT REF_L3.dml,,,,N41(100)+N41(40),NR SA,378,-96.300000,1.080000,,,,,,,,,,,,,1.040,,,,
691,1,,,-73.9601600,40.8175500,2026-01-24 22:31:15.000,_20260124_172024_CH02_DUT_TMO-AUTO_HTTP MS DL_NJ DUT REF_L3.dml,,,,N41(100)+N41(40),NR SA,378,-96.450000,1.470000,,,,,,,,106.911,,,,,0.864,,,,
692,1,,,-73.9601600,40.8175500,2026-01-24 22:31:16.000,_20260124_172024_CH02_DUT_TMO-AUTO_HTTP MS DL_NJ DUT REF_L3.dml,,,,N41(100)+N41(40),NR SA,378,-96.020000,1.560000,,,,,,,,125.050,,,,,0.936,,,,
693,1,,,-73.9601600,40.8175500,2026-01-24 22:31:17.000,_20260124_172024_CH02_DUT_TMO-AUTO_HTTP MS DL_NJ DUT REF_L3.dml,,,,N41(100)+N41(40),NR SA,378,-96.440000,0.320000,,,,,,,,111.251,,,,,1.016,,,,
694,1,,,-73.9601600,40.8175500,2026-01-24 22:31:18.000,_20260124_172024_CH02_DUT_TMO-AUTO_HTTP MS DL_NJ DUT REF_L3.dml,,,,N41(100)+N41(40),NR SA,378,-96.430000,0.920000,,,,,,,,109.903,,,,,0.960,,,,
695,1,,,-73.9601600,40.8175500,2026-01-24 22:31:19.000,_20260124_172024_CH02_DUT_TMO-AUTO_HTTP MS DL_NJ DUT REF_L3.dml,,,,N41(100)+N41(40),NR SA,378,-96.380000,0.870000,,,,,,,,132.755,,,,,1.032,,,,
696,1,,,-73.9600383,40.8175467,2026-01-24 22:31:20.000,_20260124_172024_CH02_DUT_TMO-AUTO_HTTP MS DL_NJ DUT REF_L3.dml,,,,N41(100)+N41(40),NR SA,378,-96.810000,1.710000,,,,,,,,132.174,,,,,1.096,,,,
697,1,,,-73.9600367,40.8175567,2026-01-24 22:31:21.000,_20260124_172024_CH02_DUT_TMO-AUTO_HTTP MS DL_NJ DUT REF_L3.dml,,,,N41(100)+N41(40),NR SA,378,-96.270000,1.960000,,,,,,,,120.270,,,,,1.104,,,,
698,1,,,-73.9600367,40.8175617,2026-01-24 22:31:22.000,_20260124_172024_CH02_DUT_TMO-AUTO_HTTP MS DL_NJ DUT REF_L3.dml,,,,N41(100)+N41(40),NR SA,378,-96.440000,2.060000,,,,,,,,92.163,,,,,0.848,,,,
699,1,,,-73.9600333,40.8175667,2026-01-24 22:31:23.000,_20260124_172024_CH02_DUT_TMO-AUTO_HTTP MS DL_NJ DUT REF_L3.dml,,,,N41(100)+N41(40),NR SA,378,-96.300000,1.360000,,,,,,,,111.988,,,,,0.768,,,,
700,1,,,-73.9600333,40.8175667,2026-01-24 22:31:24.000,_20260124_172024_CH02_DUT_TMO-AUTO_HTTP MS DL_NJ DUT REF_L3.dml,,,,N41(100)+N41(40),NR SA,378,-96.520000,0.960000,,,,,,,,109.666,,,,,0.864,,,,
701,1,,,-73.9600333,40.8175667,2026-01-24 22:31:25.000,_20260124_172024_CH02_DUT_TMO-AUTO_HTTP MS DL_NJ DUT REF_L3.dml,,,,N41(100)+N41(40),NR SA,378,-95.750000,1.290000,,,,,,,,119.721,,,,,0.952,,,,
702,1,,,-73.9600333,40.8175667,2026-01-24 22:31:26.000,_20260124_172024_CH02_DUT_TMO-AUTO_HTTP MS DL_NJ DUT REF_L3.dml,,,,N41(100)+N41(40),NR SA,378,-95.590000,1.940000,,,,,,,,105.035,,,,,1.064,,,,
703,1,,,-73.9600333,40.8175667,2026-01-24 22:31:27.000,_20260124_172024_CH02_DUT_TMO-AUTO_HTTP MS DL_NJ DUT REF_L3.dml,,,,N41(100)+N41(40),NR SA,378,-96.230000,1.810000,,,,,,,,112.238,,,,,1.064,,,,
704,1,,,-73.9600333,40.8175667,2026-01-24 22:31:28.000,_20260124_172024_CH02_DUT_TMO-AUTO_HTTP MS DL_NJ DUT REF_L3.dml,,,,N41(100)+N41(40),NR SA,378,-95.860000,0.440000,,,,,,,,109.333,,,,,1.000,,,,
705,1,,,-73.9600333,40.8175667,2026-01-24 22:31:29.000,_20260124_172024_CH02_DUT_TMO-AUTO_HTTP MS DL_NJ DUT REF_L3.dml,,,,N41(100)+N41(40),NR SA,378,-96.030000,1.640000,,,,,,,,91.896,,,,,0.984,,,,
706,1,,,-73.9600333,40.8175667,2026-01-24 22:31:30.000,_20260124_172024_CH02_DUT_TMO-AUTO_HTTP MS DL_NJ DUT REF_L3.dml,,,,N41(100)+N41(40),NR SA,378,-96.730000,1.380000,,,,,,,,127.707,,,,,0.984,,,,
707,1,,,-73.9600333,40.8175667,2026-01-24 22:31:31.356,_20260124_172024_CH02_DUT_TMO-AUTO_HTTP MS DL_NJ DUT REF_L3.dml,,,,,,,,,,,,,,,Download End Request,,,,,,,,,,
708,1,,,-73.9600333,40.8175667,2026-01-24 22:31:31.450,_20260124_172024_CH02_DUT_TMO-AUTO_HTTP MS DL_NJ DUT REF_L3.dml,,,,,,,,,,,,,,,Download Ended,,,,,,,,,,
709,1,,,-73.9600333,40.8175667,2026-01-24 22:31:31.000,_20260124_172024_CH02_DUT_TMO-AUTO_HTTP MS DL_NJ DUT REF_L3.dml,,,,N41(100)+N41(40),NR SA,378,-96.850000,0.410000,,,,,,,,,,,,,1.096,,,,
710,1,,,-73.9600333,40.8175667,2026-01-24 22:31:32.000,_20260124_172024_CH02_DUT_TMO-AUTO_HTTP MS DL_NJ DUT REF_L3.dml,,,,N41(100)+N41(40),,378,-97.020000,0.150000,,,,,,,,,,,,,1.040,,,,
711,1,,,-73.9600333,40.8175667,2026-01-24 22:31:33.000,_20260124_172024_CH02_DUT_TMO-AUTO_HTTP MS DL_NJ DUT REF_L3.dml,,,,N41(100)+N41(40),,378,-97.000000,-0.170000,,,,,,,,,,,,,0.512,,,,
712,1,,,-73.9600333,40.8175667,2026-01-24 22:31:34.000,_20260124_172024_CH02_DUT_TMO-AUTO_HTTP MS DL_NJ DUT REF_L3.dml,,,,N41(100)+N41(40),,378,-97.000000,0.050000,,,,,,,,,,,,,0.000,,,,
713,1,,,-73.9600333,40.8175667,2026-01-24 22:31:35.000,_20260124_172024_CH02_DUT_TMO-AUTO_HTTP MS DL_NJ DUT REF_L3.dml,,,,N41(100)+N41(40),,378,-96.710000,0.710000,,,,,,,,,,,,,,,,,
714,1,,,-73.9600333,40.8175667,2026-01-24 22:31:36.000,_20260124_172024_CH02_DUT_TMO-AUTO_HTTP MS DL_NJ DUT REF_L3.dml,,,,N41(100)+N41(40),,378,-96.280000,1.840000,,,,,,,,,,,,,0.064,,,,
715,1,,,-73.9600333,40.8175667,2026-01-24 22:31:37.000,_20260124_172024_CH02_DUT_TMO-AUTO_HTTP MS DL_NJ DUT REF_L3.dml,,,,N41(100)+N41(40),,378,-96.660000,1.060000,,,,,,,,,,,,,0.008,,,,
716,1,,,-73.9600333,40.8175667,2026-01-24 22:31:38.000,_20260124_172024_CH02_DUT_TMO-AUTO_HTTP MS DL_NJ DUT REF_L3.dml,,,,N41(100)+N41(40),,378,-96.750000,0.000000,,,,,,,,,,,,,0.008,,,,
717,1,,,-73.9600333,40.8175667,2026-01-24 22:31:39.000,_20260124_172024_CH02_DUT_TMO-AUTO_HTTP MS DL_NJ DUT REF_L3.dml,,,,N41(100)+N41(40),,378,-96.500000,0.880000,,,,,,,,,,,,,0.000,,,,
718,1,,,-73.9600333,40.8175667,2026-01-24 22:31:40.000,_20260124_172024_CH02_DUT_TMO-AUTO_HTTP MS DL_NJ DUT REF_L3.dml,,,,N41(100)+N41(40),,378,-97.000000,1.750000,,,,,,,,,,,,,0.000,,,,
719,1,,,-73.9600333,40.8175667,2026-01-24 22:31:41.000,_20260124_172024_CH02_DUT_TMO-AUTO_HTTP MS DL_NJ DUT REF_L3.dml,,,,N41(100)+N41(40),,378,-97.000000,0.330000,,,,,,,,,,,,,,,,,
720,1,,,-73.9600333,40.8175667,2026-01-24 22:31:42.000,_20260124_172024_CH02_DUT_TMO-AUTO_HTTP MS DL_NJ DUT REF_L3.dml,,,,N41(100)+N41(40),,378,-96.670000,1.170000,,,,,,,,,,,,,0.008,,,,
721,1,,,-73.9600333,40.8175667,2026-01-24 22:31:43.000,_20260124_172024_CH02_DUT_TMO-AUTO_HTTP MS DL_NJ DUT REF_L3.dml,,,,N41(100)+N41(40),,378,-96.810000,1.100000,,,,,,,,,,,,,,,,,
722,1,,,-73.9599500,40.8174900,2026-01-24 22:31:44.000,_20260124_172024_CH02_DUT_TMO-AUTO_HTTP MS DL_NJ DUT REF_L3.dml,,,,N41(x)+N41(x),,378,-96.380000,1.560000,,,,,,,,,,,,,,,,,
723,1,,,-73.9599367,40.8174683,2026-01-24 22:31:45.000,_20260124_172024_CH02_DUT_TMO-AUTO_HTTP MS DL_NJ DUT REF_L3.dml,,,,N41(x)+N41(x),,378,-95.670000,3.000000,,,,,,,,,,,,,,,,,
724,1,,,-73.9599250,40.8174583,2026-01-24 22:31:46.000,_20260124_172024_CH02_DUT_TMO-AUTO_HTTP MS DL_NJ DUT REF_L3.dml,,,,N41(x),,378,-96.000000,2.000000,,,,,,,,,,,,,,,,,
725,1,,,-73.9599200,40.8174567,2026-01-24 22:31:47.000,_20260124_172024_CH02_DUT_TMO-AUTO_HTTP MS DL_NJ DUT REF_L3.dml,,,,N41(x),,378,-96.000000,1.000000,,,,,,,,,,,,,,,,,
726,1,,,-73.9599167,40.8174600,2026-01-24 22:31:48.000,_20260124_172024_CH02_DUT_TMO-AUTO_HTTP MS DL_NJ DUT REF_L3.dml,,,,N41(x),,378,-96.000000,1.000000,,,,,,,,,,,,,,,,,
727,1,,,-73.9599150,40.8174583,2026-01-24 22:31:49.000,_20260124_172024_CH02_DUT_TMO-AUTO_HTTP MS DL_NJ DUT REF_L3.dml,,,,,,,,,,,,,,,,,,,,,,,,,
728,1,,,-73.9599150,40.8174583,2026-01-24 22:31:50.000,_20260124_172024_CH02_DUT_TMO-AUTO_HTTP MS DL_NJ DUT REF_L3.dml,,,,,,,,,,,,,,,,,,,,,,,,,
729,1,,,-73.9599150,40.8174583,2026-01-24 22:31:51.000,_20260124_172024_CH02_DUT_TMO-AUTO_HTTP MS DL_NJ DUT REF_L3.dml,,,,,,,,,,,,,,,,,,,,,,,,,
730,1,,,-73.9599150,40.8174583,2026-01-24 22:31:52.000,_20260124_172024_CH02_DUT_TMO-AUTO_HTTP MS DL_NJ DUT REF_L3.dml,,,,N41(x),,378,-95.000000,4.000000,,,,,,,,,,,,,,,,,
731,1,,,-73.9599150,40.8174583,2026-01-24 22:31:53.000,_20260124_172024_CH02_DUT_TMO-AUTO_HTTP MS DL_NJ DUT REF_L3.dml,,,,,,,,,,,,,,,,,,,,,,,,,
732,1,,,-73.9599150,40.8174583,2026-01-24 22:31:54.000,_20260124_172024_CH02_DUT_TMO-AUTO_HTTP MS DL_NJ DUT REF_L3.dml,,,,N41(x),,378,-95.000000,3.000000,,,,,,,,,,,,,,,,,
733,1,,,-73.9599150,40.8174583,2026-01-24 22:31:55.000,_20260124_172024_CH02_DUT_TMO-AUTO_HTTP MS DL_NJ DUT REF_L3.dml,,,,N41(x),,378,-95.000000,3.000000,,,,,,,,,,,,,,,,,
734,1,,,-73.9599150,40.8174583,2026-01-24 22:31:56.000,_20260124_172024_CH02_DUT_TMO-AUTO_HTTP MS DL_NJ DUT REF_L3.dml,,,,N41(x),,378,-96.000000,3.000000,,,,,,,,,,,,,,,,,
735,1,,,-73.9599150,40.8174583,2026-01-24 22:31:57.000,_20260124_172024_CH02_DUT_TMO-AUTO_HTTP MS DL_NJ DUT REF_L3.dml,,,,,,,,,,,,,,,,,,,,,,,,,
736,1,,,-73.9599150,40.8174583,2026-01-24 22:31:58.000,_20260124_172024_CH02_DUT_TMO-AUTO_HTTP MS DL_NJ DUT REF_L3.dml,,,,,,,,,,,,,,,,,,,,,,,,,
737,1,,,-73.9599150,40.8174583,2026-01-24 22:31:59.000,_20260124_172024_CH02_DUT_TMO-AUTO_HTTP MS DL_NJ DUT REF_L3.dml,,,,,,,,,,,,,,,,,,,,,,,,,
738,1,,,-73.9599150,40.8174583,2026-01-24 22:32:00.000,_20260124_172024_CH02_DUT_TMO-AUTO_HTTP MS DL_NJ DUT REF_L3.dml,,,,,,,,,,,,,,,,,,,,,,,,,
739,1,,,-73.9599150,40.8174583,2026-01-24 22:32:01.000,_20260124_172024_CH02_DUT_TMO-AUTO_HTTP MS DL_NJ DUT REF_L3.dml,,,,N41(x),,378,-95.000000,1.000000,,,,,,,,,,,,,,,,,
740,1,,,-73.9599150,40.8174583,2026-01-24 22:32:02.000,_20260124_172024_CH02_DUT_TMO-AUTO_HTTP MS DL_NJ DUT REF_L3.dml,,,,,,,,,,,,,,,,,,,,,,,,,
741,1,,,-73.9599150,40.8174583,2026-01-24 22:32:03.000,_20260124_172024_CH02_DUT_TMO-AUTO_HTTP MS DL_NJ DUT REF_L3.dml,,,,,,,,,,,,,,,,,,,,,,,,,
742,1,,,-73.9599150,40.8174583,2026-01-24 22:32:04.000,_20260124_172024_CH02_DUT_TMO-AUTO_HTTP MS DL_NJ DUT REF_L3.dml,,,,N41(x),,378,-96.000000,1.000000,,,,,,,,,,,,,,,,,
743,1,,,-73.9599150,40.8174583,2026-01-24 22:32:05.000,_20260124_172024_CH02_DUT_TMO-AUTO_HTTP MS DL_NJ DUT REF_L3.dml,,,,N41(x),,378,-96.000000,1.000000,,,,,,,,,,,,,,,,,
744,1,,,-73.9599150,40.8174583,2026-01-24 22:32:06.000,_20260124_172024_CH02_DUT_TMO-AUTO_HTTP MS DL_NJ DUT REF_L3.dml,,,,N41(x),,378,-96.000000,1.000000,,,,,,,,,,,,,,,,,
745,1,,,-73.9599150,40.8174583,2026-01-24 22:32:07.000,_20260124_172024_CH02_DUT_TMO-AUTO_HTTP MS DL_NJ DUT REF_L3.dml,,,,,,,,,,,,,,,,,,,,,,,,,
746,1,,,-73.9599150,40.8174583,2026-01-24 22:32:08.000,_20260124_172024_CH02_DUT_TMO-AUTO_HTTP MS DL_NJ DUT REF_L3.dml,,,,N41(x),,378,-96.000000,1.000000,,,,,,,,,,,,,,,,,
747,1,,,-73.9599150,40.8174583,2026-01-24 22:32:09.000,_20260124_172024_CH02_DUT_TMO-AUTO_HTTP MS DL_NJ DUT REF_L3.dml,,,,N41(x),,378,-96.000000,1.000000,,,,,,,,,,,,,,,,,
748,1,,,-73.9599150,40.8174583,2026-01-24 22:32:10.000,_20260124_172024_CH02_DUT_TMO-AUTO_HTTP MS DL_NJ DUT REF_L3.dml,,,,N41(x),,378,-96.000000,1.000000,,,,,,,,,,,,,,,,,
749,1,,,-73.9599150,40.8174583,2026-01-24 22:32:11.000,_20260124_172024_CH02_DUT_TMO-AUTO_HTTP MS DL_NJ DUT REF_L3.dml,,,,N41(x),,378,-96.000000,2.000000,,,,,,,,,,,,,,,,,
750,1,,,-73.9599150,40.8174583,2026-01-24 22:32:12.000,_20260124_172024_CH02_DUT_TMO-AUTO_HTTP MS DL_NJ DUT REF_L3.dml,,,,,,,,,,,,,,,,,,,,,,,,,
751,1,,,-73.9599150,40.8174583,2026-01-24 22:32:12.372,_20260124_172024_CH02_DUT_TMO-AUTO_HTTP MS DL_NJ DUT REF_L3.dml,,,,,,,,,,,,,,,Download Start Request,,,,,,,,,,
752,1,,,-73.9599150,40.8174583,2026-01-24 22:32:13.000,_20260124_172024_CH02_DUT_TMO-AUTO_HTTP MS DL_NJ DUT REF_L3.dml,,,,N41(x),NR SA,378,-96.000000,2.000000,,,,,,,,,,,,,,,,,
753,1,,,-73.9599150,40.8174583,2026-01-24 22:32:13.856,_20260124_172024_CH02_DUT_TMO-AUTO_HTTP MS DL_NJ DUT REF_L3.dml,,,,,,,,,,,,,,,Download File Size Retrieved,,,,,,,,,,
754,1,,,-73.9599150,40.8174583,2026-01-24 22:32:13.856,_20260124_172024_CH02_DUT_TMO-AUTO_HTTP MS DL_NJ DUT REF_L3.dml,,,,,,,,,,,,,,,Download Started,,,,,,,,,,
755,1,,,-73.9599150,40.8174583,2026-01-24 22:32:14.000,_20260124_172024_CH02_DUT_TMO-AUTO_HTTP MS DL_NJ DUT REF_L3.dml,,,,N41(100)+N41(x),NR SA,378,-96.410000,1.050000,,,,,,,,,,,,,,,,,
756,1,,,-73.9599550,40.8174600,2026-01-24 22:32:15.000,_20260124_172024_CH02_DUT_TMO-AUTO_HTTP MS DL_NJ DUT REF_L3.dml,,,,N41(100)+N41(40),NR SA,378,-96.420000,0.960000,,,,,,,,,,,,,0.504,,,,
757,1,,,-73.9599733,40.8174450,2026-01-24 22:32:16.000,_20260124_172024_CH02_DUT_TMO-AUTO_HTTP MS DL_NJ DUT REF_L3.dml,,,,N41(100)+N41(40),NR SA,378,-96.880000,1.260000,,,,,,,,132.788,,,,,1.264,,,,
758,1,,,-73.9599883,40.8174317,2026-01-24 22:32:17.000,_20260124_172024_CH02_DUT_TMO-AUTO_HTTP MS DL_NJ DUT REF_L3.dml,,,,N41(100)+N41(40),NR SA,378,-97.220000,0.880000,,,,,,,,116.376,,,,,1.440,,,,
759,1,,,-73.9600033,40.8174400,2026-01-24 22:32:18.000,_20260124_172024_CH02_DUT_TMO-AUTO_HTTP MS DL_NJ DUT REF_L3.dml,,,,N41(100)+N41(40),NR SA,378,-96.690000,1.230000,,,,,,,,106.653,,,,,1.024,,,,
760,1,,,-73.9600033,40.8174400,2026-01-24 22:32:19.000,_20260124_172024_CH02_DUT_TMO-AUTO_HTTP MS DL_NJ DUT REF_L3.dml,,,,N41(100)+N41(40),NR SA,378,-97.280000,0.830000,,,,,,,,99.594,,,,,0.872,,,,
761,1,,,-73.9600033,40.8174400,2026-01-24 22:32:20.000,_20260124_172024_CH02_DUT_TMO-AUTO_HTTP MS DL_NJ DUT REF_L3.dml,,,,N41(100)+N41(40),NR SA,378,-96.700000,1.800000,,,,,,,,103.164,,,,,0.968,,,,
762,1,,,-73.9600033,40.8174400,2026-01-24 22:32:21.000,_20260124_172024_CH02_DUT_TMO-AUTO_HTTP MS DL_NJ DUT REF_L3.dml,,,,N41(100)+N41(40),NR SA,378,-96.860000,1.590000,,,,,,,,97.016,,,,,0.928,,,,
763,1,,,-73.9600033,40.8174400,2026-01-24 22:32:22.000,_20260124_172024_CH02_DUT_TMO-AUTO_HTTP MS DL_NJ DUT REF_L3.dml,,,,N41(100)+N41(40),NR SA,378,-96.780000,1.520000,,,,,,,,101.358,,,,,0.848,,,,
764,1,,,-73.9600033,40.8174400,2026-01-24 22:32:23.000,_20260124_172024_CH02_DUT_TMO-AUTO_HTTP MS DL_NJ DUT REF_L3.dml,,,,N41(100)+N41(40),NR SA,378,-96.760000,1.310000,,,,,,,,102.408,,,,,0.880,,,,
765,1,,,-73.9600033,40.8174400,2026-01-24 22:32:24.000,_20260124_172024_CH02_DUT_TMO-AUTO_HTTP MS DL_NJ DUT REF_L3.dml,,,,N41(100)+N41(40),NR SA,378,-97.070000,0.610000,,,,,,,,104.469,,,,,1.152,,,,
766,1,,,-73.9600033,40.8174400,2026-01-24 22:32:25.000,_20260124_172024_CH02_DUT_TMO-AUTO_HTTP MS DL_NJ DUT REF_L3.dml,,,,N41(100)+N41(40),NR SA,378,-97.060000,1.020000,,,,,,,,113.467,,,,,1.024,,,,
767,1,,,-73.9600033,40.8174400,2026-01-24 22:32:26.000,_20260124_172024_CH02_DUT_TMO-AUTO_HTTP MS DL_NJ DUT REF_L3.dml,,,,N41(100)+N41(40),NR SA,378,-96.290000,1.960000,,,,,,,,124.159,,,,,1.024,,,,
768,1,,,-73.9600033,40.8174400,2026-01-24 22:32:27.000,_20260124_172024_CH02_DUT_TMO-AUTO_HTTP MS DL_NJ DUT REF_L3.dml,,,,N41(100)+N41(40),NR SA,378,-96.290000,1.350000,,,,,,,,144.548,,,,,1.184,,,,
769,1,,,-73.9600033,40.8174400,2026-01-24 22:32:28.000,_20260124_172024_CH02_DUT_TMO-AUTO_HTTP MS DL_NJ DUT REF_L3.dml,,,,N41(100)+N41(40),NR SA,378,-96.870000,0.380000,,,,,,,,150.830,,,,,1.176,,,,
770,1,,,-73.9600033,40.8174400,2026-01-24 22:32:29.000,_20260124_172024_CH02_DUT_TMO-AUTO_HTTP MS DL_NJ DUT REF_L3.dml,,,,N41(100)+N41(40),NR SA,378,-96.290000,0.880000,,,,,,,,124.895,,,,,0.960,,,,
771,1,,,-73.9600033,40.8174400,2026-01-24 22:32:30.000,_20260124_172024_CH02_DUT_TMO-AUTO_HTTP MS DL_NJ DUT REF_L3.dml,,,,N41(100)+N41(40),NR SA,378,-96.810000,0.910000,,,,,,,,125.553,,,,,0.904,,,,
772,1,,,-73.9600033,40.8174400,2026-01-24 22:32:31.000,_20260124_172024_CH02_DUT_TMO-AUTO_HTTP MS DL_NJ DUT REF_L3.dml,,,,N41(100)+N41(40),NR SA,378,-96.580000,1.110000,,,,,,,,116.291,,,,,0.912,,,,
773,1,,,-73.9600033,40.8174400,2026-01-24 22:32:32.000,_20260124_172024_CH02_DUT_TMO-AUTO_HTTP MS DL_NJ DUT REF_L3.dml,,,,N41(100)+N41(40),NR SA,378,-96.370000,1.630000,,,,,,,,132.810,,,,,1.176,,,,
774,1,,,-73.9600033,40.8174400,2026-01-24 22:32:33.000,_20260124_172024_CH02_DUT_TMO-AUTO_HTTP MS DL_NJ DUT REF_L3.dml,,,,N41(100)+N41(40),NR SA,378,-96.000000,1.650000,,,,,,,,144.816,,,,,1.208,,,,
775,1,,,-73.9600033,40.8174400,2026-01-24 22:32:34.000,_20260124_172024_CH02_DUT_TMO-AUTO_HTTP MS DL_NJ DUT REF_L3.dml,,,,N41(100)+N41(40),NR SA,378,-96.600000,1.360000,,,,,,,,142.297,,,,,1.152,,,,
776,1,,,-73.9600033,40.8174400,2026-01-24 22:32:35.000,_20260124_172024_CH02_DUT_TMO-AUTO_HTTP MS DL_NJ DUT REF_L3.dml,,,,N41(100)+N41(40),NR SA,378,-96.760000,0.950000,,,,,,,,132.960,,,,,0.816,,,,
777,1,,,-73.9600033,40.8174400,2026-01-24 22:32:36.000,_20260124_172024_CH02_DUT_TMO-AUTO_HTTP MS DL_NJ DUT REF_L3.dml,,,,N41(100)+N41(40),NR SA,378,-96.340000,0.980000,,,,,,,,122.294,,,,,1.120,,,,
778,1,,,-73.9600033,40.8174400,2026-01-24 22:32:37.000,_20260124_172024_CH02_DUT_TMO-AUTO_HTTP MS DL_NJ DUT REF_L3.dml,,,,N41(100)+N41(40),NR SA,378,-97.330000,0.290000,,,,,,,,122.583,,,,,1.056,,,,
779,1,,,-73.9600033,40.8174400,2026-01-24 22:32:38.000,_20260124_172024_CH02_DUT_TMO-AUTO_HTTP MS DL_NJ DUT REF_L3.dml,,,,N41(100)+N41(40),NR SA,378,-96.750000,1.100000,,,,,,,,123.291,,,,,1.136,,,,
780,1,,,-73.9600033,40.8174400,2026-01-24 22:32:39.000,_20260124_172024_CH02_DUT_TMO-AUTO_HTTP MS DL_NJ DUT REF_L3.dml,,,,N41(100)+N41(40),NR SA,378,-95.880000,1.410000,,,,,,,,135.730,,,,,1.336,,,,
781,1,,,-73.9600033,40.8174400,2026-01-24 22:32:40.000,_20260124_172024_CH02_DUT_TMO-AUTO_HTTP MS DL_NJ DUT REF_L3.dml,,,,N41(100)+N41(40),NR SA,378,-96.650000,0.780000,,,,,,,,137.641,,,,,1.168,,,,
782,1,,,-73.9600033,40.8174400,2026-01-24 22:32:41.000,_20260124_172024_CH02_DUT_TMO-AUTO_HTTP MS DL_NJ DUT REF_L3.dml,,,,N41(100)+N41(40),NR SA,378,-96.650000,1.280000,,,,,,,,120.145,,,,,1.168,,,,
783,1,,,-73.9600033,40.8174400,2026-01-24 22:32:42.000,_20260124_172024_CH02_DUT_TMO-AUTO_HTTP MS DL_NJ DUT REF_L3.dml,,,,N41(100)+N41(40),NR SA,378,-96.510000,1.210000,,,,,,,,111.788,,,,,0.968,,,,
784,1,,,-73.9600033,40.8174400,2026-01-24 22:32:43.000,_20260124_172024_CH02_DUT_TMO-AUTO_HTTP MS DL_NJ DUT REF_L3.dml,,,,N41(100)+N41(40),NR SA,378,-97.020000,1.220000,,,,,,,,106.921,,,,,0.992,,,,
785,1,,,-73.9600033,40.8174400,2026-01-24 22:32:44.856,_20260124_172024_CH02_DUT_TMO-AUTO_HTTP MS DL_NJ DUT REF_L3.dml,,,,,,,,,,,,,,,Download End Request,,,,,,,,,,
786,1,,,-73.9600033,40.8174400,2026-01-24 22:32:44.965,_20260124_172024_CH02_DUT_TMO-AUTO_HTTP MS DL_NJ DUT REF_L3.dml,,,,,,,,,,,,,,,Download Ended,,,,,,,,,,
787,1,,,-73.9600033,40.8174400,2026-01-24 22:32:44.000,_20260124_172024_CH02_DUT_TMO-AUTO_HTTP MS DL_NJ DUT REF_L3.dml,,,,N41(100)+N41(40),NR SA,378,-96.500000,1.960000,,,,,,,,112.656,,,,,0.832,,,,
788,1,,,-73.9600033,40.8174400,2026-01-24 22:32:45.000,_20260124_172024_CH02_DUT_TMO-AUTO_HTTP MS DL_NJ DUT REF_L3.dml,,,,N41(100)+N41(40),,378,-96.310000,1.590000,,,,,,,,,,,,,0.992,,,,
789,1,,,-73.9600033,40.8174400,2026-01-24 22:32:46.000,_20260124_172024_CH02_DUT_TMO-AUTO_HTTP MS DL_NJ DUT REF_L3.dml,,,,N41(100)+N41(40),,378,-96.950000,0.600000,,,,,,,,,,,,,0.976,,,,
790,1,,,-73.9600033,40.8174400,2026-01-24 22:32:47.000,_20260124_172024_CH02_DUT_TMO-AUTO_HTTP MS DL_NJ DUT REF_L3.dml,,,,N41(100)+N41(40),,378,-96.460000,1.460000,,,,,,,,,,,,,0.184,,,,
791,1,,,-73.9600033,40.8174400,2026-01-24 22:32:48.000,_20260124_172024_CH02_DUT_TMO-AUTO_HTTP MS DL_NJ DUT REF_L3.dml,,,,N41(100)+N41(40),,378,-96.040000,2.170000,,,,,,,,,,,,,,,,,
792,1,,,-73.9600033,40.8174400,2026-01-24 22:32:49.000,_20260124_172024_CH02_DUT_TMO-AUTO_HTTP MS DL_NJ DUT REF_L3.dml,,,,N41(100)+N41(40),,378,-96.840000,1.720000,,,,,,,,,,,,,,,,,
793,1,,,-73.9600033,40.8174400,2026-01-24 22:32:50.000,_20260124_172024_CH02_DUT_TMO-AUTO_HTTP MS DL_NJ DUT REF_L3.dml,,,,N41(100)+N41(40),,378,-96.950000,1.740000,,,,,,,,,,,,,0.016,,,,
794,1,,,-73.9600033,40.8174400,2026-01-24 22:32:51.000,_20260124_172024_CH02_DUT_TMO-AUTO_HTTP MS DL_NJ DUT REF_L3.dml,,,,N41(100)+N41(40),,378,-97.000000,0.140000,,,,,,,,,,,,,0.000,,,,
795,1,,,-73.9600033,40.8174400,2026-01-24 22:32:52.000,_20260124_172024_CH02_DUT_TMO-AUTO_HTTP MS DL_NJ DUT REF_L3.dml,,,,N41(100)+N41(40),,378,-96.130000,1.620000,,,,,,,,,,,,,0.000,,,,
796,1,,,-73.9600033,40.8174400,2026-01-24 22:32:53.000,_20260124_172024_CH02_DUT_TMO-AUTO_HTTP MS DL_NJ DUT REF_L3.dml,,,,N41(100)+N41(40),,378,-97.000000,1.000000,,,,,,,,,,,,,,,,,
797,1,,,-73.9600033,40.8174400,2026-01-24 22:32:54.000,_20260124_172024_CH02_DUT_TMO-AUTO_HTTP MS DL_NJ DUT REF_L3.dml,,,,N41(100)+N41(40),,378,-96.750000,1.750000,,,,,,,,,,,,,0.000,,,,
798,1,,,-73.9600033,40.8174400,2026-01-24 22:32:55.000,_20260124_172024_CH02_DUT_TMO-AUTO_HTTP MS DL_NJ DUT REF_L3.dml,,,,N41(100)+N41(40),,378,-96.210000,1.170000,,,,,,,,,,,,,0.000,,,,
799,1,,,-73.9600033,40.8174400,2026-01-24 22:32:56.000,_20260124_172024_CH02_DUT_TMO-AUTO_HTTP MS DL_NJ DUT REF_L3.dml,,,,N41(100)+N41(40),,378,-95.840000,1.970000,,,,,,,,,,,,,0.008,,,,
800,1,,,-73.9600033,40.8174400,2026-01-24 22:32:57.000,_20260124_172024_CH02_DUT_TMO-AUTO_HTTP MS DL_NJ DUT REF_L3.dml,,,,N41(100)+N41(40),,378,-96.410000,1.040000,,,,,,,,,,,,,0.008,,,,
801,1,,,-73.9600033,40.8174400,2026-01-24 22:32:58.000,_20260124_172024_CH02_DUT_TMO-AUTO_HTTP MS DL_NJ DUT REF_L3.dml,,,,N41(x)+N41(x),,378,-97.000000,1.000000,,,,,,,,,,,,,,,,,
802,1,,,-73.9600033,40.8174400,2026-01-24 22:32:59.000,_20260124_172024_CH02_DUT_TMO-AUTO_HTTP MS DL_NJ DUT REF_L3.dml,,,,N41(x),,378,-96.500000,1.330000,,,,,,,,,,,,,,,,,
803,1,,,-73.9600033,40.8174400,2026-01-24 22:33:00.000,_20260124_172024_CH02_DUT_TMO-AUTO_HTTP MS DL_NJ DUT REF_L3.dml,,,,N41(x),,378,-96.000000,2.000000,,,,,,,,,,,,,,,,,
804,1,,,-73.9600033,40.8174400,2026-01-24 22:33:01.000,_20260124_172024_CH02_DUT_TMO-AUTO_HTTP MS DL_NJ DUT REF_L3.dml,,,,N41(x),,378,-96.000000,1.000000,,,,,,,,,,,,,,,,,
805,1,,,-73.9600033,40.8174400,2026-01-24 22:33:02.000,_20260124_172024_CH02_DUT_TMO-AUTO_HTTP MS DL_NJ DUT REF_L3.dml,,,,,,,,,,,,,,,,,,,,,,,,,
806,1,,,-73.9600033,40.8174400,2026-01-24 22:33:03.000,_20260124_172024_CH02_DUT_TMO-AUTO_HTTP MS DL_NJ DUT REF_L3.dml,,,,N41(x),,378,-97.000000,2.000000,,,,,,,,,,,,,,,,,
807,1,,,-73.9600033,40.8174400,2026-01-24 22:33:04.000,_20260124_172024_CH02_DUT_TMO-AUTO_HTTP MS DL_NJ DUT REF_L3.dml,,,,N41(x),,378,-96.000000,2.000000,,,,,,,,,,,,,,,,,
808,1,,,-73.9600033,40.8174400,2026-01-24 22:33:05.000,_20260124_172024_CH02_DUT_TMO-AUTO_HTTP MS DL_NJ DUT REF_L3.dml,,,,,,,,,,,,,,,,,,,,,,,,,
809,1,,,-73.9600033,40.8174400,2026-01-24 22:33:06.000,_20260124_172024_CH02_DUT_TMO-AUTO_HTTP MS DL_NJ DUT REF_L3.dml,,,,,,,,,,,,,,,,,,,,,,,,,
810,1,,,-73.9600033,40.8174400,2026-01-24 22:33:07.000,_20260124_172024_CH02_DUT_TMO-AUTO_HTTP MS DL_NJ DUT REF_L3.dml,,,,,,,,,,,,,,,,,,,,,,,,,
811,1,,,-73.9600033,40.8174400,2026-01-24 22:33:08.000,_20260124_172024_CH02_DUT_TMO-AUTO_HTTP MS DL_NJ DUT REF_L3.dml,,,,N41(x),,378,-96.000000,1.000000,,,,,,,,,,,,,,,,,
812,1,,,-73.9600033,40.8174400,2026-01-24 22:33:09.000,_20260124_172024_CH02_DUT_TMO-AUTO_HTTP MS DL_NJ DUT REF_L3.dml,,,,,,,,,,,,,,,,,,,,,,,,,
813,1,,,-73.9600033,40.8174400,2026-01-24 22:33:10.000,_20260124_172024_CH02_DUT_TMO-AUTO_HTTP MS DL_NJ DUT REF_L3.dml,,,,,,,,,,,,,,,,,,,,,,,,,
814,1,,,-73.9600033,40.8174400,2026-01-24 22:33:11.000,_20260124_172024_CH02_DUT_TMO-AUTO_HTTP MS DL_NJ DUT REF_L3.dml,,,,,,,,,,,,,,,,,,,,,,,,,
815,1,,,-73.9600033,40.8174400,2026-01-24 22:33:12.000,_20260124_172024_CH02_DUT_TMO-AUTO_HTTP MS DL_NJ DUT REF_L3.dml,,,,N41(x),,378,-96.000000,2.000000,,,,,,,,,,,,,,,,,
816,1,,,-73.9600033,40.8174400,2026-01-24 22:33:13.000,_20260124_172024_CH02_DUT_TMO-AUTO_HTTP MS DL_NJ DUT REF_L3.dml,,,,N41(x),,378,-96.000000,2.000000,,,,,,,,,,,,,,,,,
817,1,,,-73.9600033,40.8174400,2026-01-24 22:33:14.000,_20260124_172024_CH02_DUT_TMO-AUTO_HTTP MS DL_NJ DUT REF_L3.dml,,,,,,,,,,,,,,,,,,,,,,,,,
818,1,,,-73.9600033,40.8174400,2026-01-24 22:33:15.000,_20260124_172024_CH02_DUT_TMO-AUTO_HTTP MS DL_NJ DUT REF_L3.dml,,,,,,,,,,,,,,,,,,,,,,,,,
819,1,,,-73.9600033,40.8174400,2026-01-24 22:33:16.000,_20260124_172024_CH02_DUT_TMO-AUTO_HTTP MS DL_NJ DUT REF_L3.dml,,,,N41(100)+N41(x),,378,-96.920000,1.150000,,,,,,,,,,,,,0.000,,,,
820,1,,,-73.9600033,40.8174400,2026-01-24 22:33:17.000,_20260124_172024_CH02_DUT_TMO-AUTO_HTTP MS DL_NJ DUT REF_L3.dml,,,,N41(100)+N41(40),,378,-96.000000,2.570000,,,,,,,,,,,,,0.016,,,,
821,1,,,-73.9600033,40.8174400,2026-01-24 22:33:18.000,_20260124_172024_CH02_DUT_TMO-AUTO_HTTP MS DL_NJ DUT REF_L3.dml,,,,N41(100)+N41(40),,378,-96.000000,2.380000,,,,,,,,,,,,,0.000,,,,
822,1,,,-73.9600033,40.8174400,2026-01-24 22:33:19.000,_20260124_172024_CH02_DUT_TMO-AUTO_HTTP MS DL_NJ DUT REF_L3.dml,,,,N41(100)+N41(40),,378,-96.000000,2.330000,,,,,,,,,,,,,,,,,
823,1,,,-73.9600033,40.8174400,2026-01-24 22:33:20.000,_20260124_172024_CH02_DUT_TMO-AUTO_HTTP MS DL_NJ DUT REF_L3.dml,,,,N41(100)+N41(40),,378,-96.300000,1.600000,,,,,,,,,,,,,0.000,,,,
824,1,,,-73.9600033,40.8174400,2026-01-24 22:33:21.000,_20260124_172024_CH02_DUT_TMO-AUTO_HTTP MS DL_NJ DUT REF_L3.dml,,,,N41(100)+N41(40),,378,-97.000000,2.000000,,,,,,,,,,,,,0.000,,,,
825,1,,,-73.9600033,40.8174400,2026-01-24 22:33:22.000,_20260124_172024_CH02_DUT_TMO-AUTO_HTTP MS DL_NJ DUT REF_L3.dml,,,,N41(100)+N41(40),,378,-97.000000,1.820000,,,,,,,,,,,,,0.000,,,,
826,1,,,-73.9600033,40.8174400,2026-01-24 22:33:23.000,_20260124_172024_CH02_DUT_TMO-AUTO_HTTP MS DL_NJ DUT REF_L3.dml,,,,N41(100)+N41(40),,378,-96.730000,1.210000,,,,,,,,,,,,,0.008,,,,
827,1,,,-73.9599933,40.8175333,2026-01-24 22:33:24.000,_20260124_172024_CH02_DUT_TMO-AUTO_HTTP MS DL_NJ DUT REF_L3.dml,,,,N41(100)+N41(40),,378,-96.670000,1.250000,,,,,,,,,,,,,,,,,
828,1,,,-73.9599817,40.8175300,2026-01-24 22:33:25.000,_20260124_172024_CH02_DUT_TMO-AUTO_HTTP MS DL_NJ DUT REF_L3.dml,,,,N41(100)+N41(40),,378,-96.830000,1.330000,,,,,,,,,,,,,0.008,,,,
829,1,,,-73.9599700,40.8175217,2026-01-24 22:33:25.872,_20260124_172024_CH02_DUT_TMO-AUTO_HTTP MS DL_NJ DUT REF_L3.dml,,,,,,,,,,,,,,,Download Start Request,,,,,,,,,,
830,1,,,-73.9599700,40.8175217,2026-01-24 22:33:26.000,_20260124_172024_CH02_DUT_TMO-AUTO_HTTP MS DL_NJ DUT REF_L3.dml,,,,N41(100)+N41(40),NR SA,378,-96.880000,0.880000,,,,,,,,,,,,,0.000,,,,
831,1,,,-73.9599483,40.8174917,2026-01-24 22:33:27.000,_20260124_172024_CH02_DUT_TMO-AUTO_HTTP MS DL_NJ DUT REF_L3.dml,,,,N41(100)+N41(40),NR SA,378,-96.000000,2.000000,,,,,,,,,,,,,0.000,,,,
832,1,,,-73.9599483,40.8174917,2026-01-24 22:33:27.075,_20260124_172024_CH02_DUT_TMO-AUTO_HTTP MS DL_NJ DUT REF_L3.dml,,,,,,,,,,,,,,,Download File Size Retrieved,,,,,,,,,,
833,1,,,-73.9599483,40.8174917,2026-01-24 22:33:27.075,_20260124_172024_CH02_DUT_TMO-AUTO_HTTP MS DL_NJ DUT REF_L3.dml,,,,,,,,,,,,,,,Download Started,,,,,,,,,,
834,1,,,-73.9599483,40.8174917,2026-01-24 22:33:28.000,_20260124_172024_CH02_DUT_TMO-AUTO_HTTP MS DL_NJ DUT REF_L3.dml,,,,N41(100)+N41(40),NR SA,378,-96.540000,2.210000,,,,,,,,,,,,,0.360,,,,
835,1,,,-73.9599483,40.8174917,2026-01-24 22:33:29.000,_20260124_172024_CH02_DUT_TMO-AUTO_HTTP MS DL_NJ DUT REF_L3.dml,,,,N41(100)+N41(40),NR SA,378,-95.980000,1.780000,,,,,,,,,,,,,1.656,,,,
836,1,,,-73.9599483,40.8174917,2026-01-24 22:33:30.000,_20260124_172024_CH02_DUT_TMO-AUTO_HTTP MS DL_NJ DUT REF_L3.dml,,,,N41(100)+N41(40),NR SA,378,-96.410000,1.540000,,,,,,,,119.580,,,,,1.192,,,,
837,1,,,-73.9599483,40.8174917,2026-01-24 22:33:31.000,_20260124_172024_CH02_DUT_TMO-AUTO_HTTP MS DL_NJ DUT REF_L3.dml,,,,N41(100)+N41(40),NR SA,378,-95.860000,1.480000,,,,,,,,84.451,,,,,1.208,,,,
838,1,,,-73.9599483,40.8174917,2026-01-24 22:33:32.000,_20260124_172024_CH02_DUT_TMO-AUTO_HTTP MS DL_NJ DUT REF_L3.dml,,,,N41(100)+N41(40),NR SA,378,-95.810000,1.810000,,,,,,,,100.907,,,,,1.336,,,,
839,1,,,-73.9599483,40.8174917,2026-01-24 22:33:33.000,_20260124_172024_CH02_DUT_TMO-AUTO_HTTP MS DL_NJ DUT REF_L3.dml,,,,N41(100)+N41(40),NR SA,378,-96.040000,2.130000,,,,,,,,132.907,,,,,1.136,,,,
840,1,,,-73.9599483,40.8174917,2026-01-24 22:33:34.000,_20260124_172024_CH02_DUT_TMO-AUTO_HTTP MS DL_NJ DUT REF_L3.dml,,,,N41(100)+N41(40),NR SA,378,-95.450000,2.040000,,,,,,,,111.702,,,,,1.200,,,,
841,1,,,-73.9599483,40.8174917,2026-01-24 22:33:35.000,_20260124_172024_CH02_DUT_TMO-AUTO_HTTP MS DL_NJ DUT REF_L3.dml,,,,N41(100)+N41(40),NR SA,378,-96.190000,1.710000,,,,,,,,105.195,,,,,0.992,,,,
842,1,,,-73.9599483,40.8174917,2026-01-24 22:33:36.000,_20260124_172024_CH02_DUT_TMO-AUTO_HTTP MS DL_NJ DUT REF_L3.dml,,,,N41(100)+N41(40),NR SA,378,-96.640000,1.700000,,,,,,,,89.812,,,,,1.064,,,,
843,1,,,-73.9599483,40.8174917,2026-01-24 22:33:37.000,_20260124_172024_CH02_DUT_TMO-AUTO_HTTP MS DL_NJ DUT REF_L3.dml,,,,N41(100)+N41(40),NR SA,378,-96.620000,1.440000,,,,,,,,95.912,,,,,1.056,,,,
844,1,,,-73.9599583,40.8174433,2026-01-24 22:33:38.000,_20260124_172024_CH02_DUT_TMO-AUTO_HTTP MS DL_NJ DUT REF_L3.dml,,,,N41(100)+N41(40),NR SA,378,-96.620000,1.320000,,,,,,,,101.566,,,,,1.096,,,,
845,1,,,-73.9599650,40.8174367,2026-01-24 22:33:39.000,_20260124_172024_CH02_DUT_TMO-AUTO_HTTP MS DL_NJ DUT REF_L3.dml,,,,N41(100)+N41(40),NR SA,378,-96.760000,1.060000,,,,,,,,98.365,,,,,1.160,,,,
846,1,,,-73.9599633,40.8174333,2026-01-24 22:33:40.000,_20260124_172024_CH02_DUT_TMO-AUTO_HTTP MS DL_NJ DUT REF_L3.dml,,,,N41(100)+N41(40),NR SA,378,-96.530000,1.250000,,,,,,,,113.960,,,,,1.120,,,,
847,1,,,-73.9599683,40.8174250,2026-01-24 22:33:41.000,_20260124_172024_CH02_DUT_TMO-AUTO_HTTP MS DL_NJ DUT REF_L3.dml,,,,N41(100)+N41(40),NR SA,378,-96.000000,2.230000,,,,,,,,116.087,,,,,1.088,,,,
848,1,,,-73.9599683,40.8174250,2026-01-24 22:33:42.000,_20260124_172024_CH02_DUT_TMO-AUTO_HTTP MS DL_NJ DUT REF_L3.dml,,,,N41(100)+N41(40),NR SA,378,-96.220000,1.430000,,,,,,,,116.655,,,,,1.368,,,,
849,1,,,-73.9599683,40.8174250,2026-01-24 22:33:43.000,_20260124_172024_CH02_DUT_TMO-AUTO_HTTP MS DL_NJ DUT REF_L3.dml,,,,N41(100)+N41(40),NR SA,378,-96.190000,1.910000,,,,,,,,133.603,,,,,1.456,,,,
850,1,,,-73.9599800,40.8173967,2026-01-24 22:33:44.000,_20260124_172024_CH02_DUT_TMO-AUTO_HTTP MS DL_NJ DUT REF_L3.dml,,,,N41(100)+N41(40),NR SA,378,-96.000000,1.600000,,,,,,,,121.683,,,,,1.336,,,,
851,1,,,-73.9599833,40.8173900,2026-01-24 22:33:45.000,_20260124_172024_CH02_DUT_TMO-AUTO_HTTP MS DL_NJ DUT REF_L3.dml,,,,N41(100)+N41(40),NR SA,378,-96.200000,2.020000,,,,,,,,105.485,,,,,1.088,,,,
852,1,,,-73.9599850,40.8173850,2026-01-24 22:33:46.000,_20260124_172024_CH02_DUT_TMO-AUTO_HTTP MS DL_NJ DUT REF_L3.dml,,,,N41(100)+N41(40),NR SA,378,-96.140000,1.820000,,,,,,,,114.436,,,,,1.104,,,,
853,1,,,-73.9599783,40.8173633,2026-01-24 22:33:47.000,_20260124_172024_CH02_DUT_TMO-AUTO_HTTP MS DL_NJ DUT REF_L3.dml,,,,N41(100)+N41(40),NR SA,378,-96.020000,1.500000,,,,,,,,108.454,,,,,1.248,,,,
854,1,,,-73.9599717,40.8173517,2026-01-24 22:33:48.000,_20260124_172024_CH02_DUT_TMO-AUTO_HTTP MS DL_NJ DUT REF_L3.dml,,,,N41(100)+N41(40),NR SA,378,-96.000000,1.940000,,,,,,,,140.464,,,,,1.200,,,,
855,1,,,-73.9599617,40.8173383,2026-01-24 22:33:49.000,_20260124_172024_CH02_DUT_TMO-AUTO_HTTP MS DL_NJ DUT REF_L3.dml,,,,N41(100)+N41(40),NR SA,378,-96.170000,1.540000,,,,,,,,149.833,,,,,1.352,,,,
856,1,,,-73.9599567,40.8173217,2026-01-24 22:33:50.000,_20260124_172024_CH02_DUT_TMO-AUTO_HTTP MS DL_NJ DUT REF_L3.dml,,,,N41(100)+N41(40),NR SA,378,-96.930000,1.020000,,,,,,,,114.993,,,,,1.008,,,,
857,1,,,-73.9599583,40.8173150,2026-01-24 22:33:51.000,_20260124_172024_CH02_DUT_TMO-AUTO_HTTP MS DL_NJ DUT REF_L3.dml,,,,N41(100)+N41(40),NR SA,378,-96.700000,0.860000,,,,,,,,120.160,,,,,1.136,,,,
858,1,,,-73.9599617,40.8173133,2026-01-24 22:33:52.000,_20260124_172024_CH02_DUT_TMO-AUTO_HTTP MS DL_NJ DUT REF_L3.dml,,,,N41(100)+N41(40),NR SA,378,-96.820000,1.260000,,,,,,,,116.453,,,,,1.224,,,,
859,1,,,-73.9599617,40.8173083,2026-01-24 22:33:53.000,_20260124_172024_CH02_DUT_TMO-AUTO_HTTP MS DL_NJ DUT REF_L3.dml,,,,N41(100)+N41(40),NR SA,378,-96.220000,2.140000,,,,,,,,121.375,,,,,1.128,,,,
860,1,,,-73.9599617,40.8173083,2026-01-24 22:33:54.000,_20260124_172024_CH02_DUT_TMO-AUTO_HTTP MS DL_NJ DUT REF_L3.dml,,,,N41(100)+N41(40),NR SA,378,-96.290000,0.980000,,,,,,,,111.917,,,,,0.976,,,,
861,1,,,-73.9599617,40.8173083,2026-01-24 22:33:55.000,_20260124_172024_CH02_DUT_TMO-AUTO_HTTP MS DL_NJ DUT REF_L3.dml,,,,N41(100)+N41(40),NR SA,378,-96.120000,1.440000,,,,,,,,85.910,,,,,0.864,,,,
862,1,,,-73.9599617,40.8173083,2026-01-24 22:33:56.000,_20260124_172024_CH02_DUT_TMO-AUTO_HTTP MS DL_NJ DUT REF_L3.dml,,,,N41(100)+N41(40),NR SA,378,-96.690000,1.140000,,,,,,,,79.763,,,,,0.976,,,,
863,1,,,-73.9599617,40.8173083,2026-01-24 22:33:57.000,_20260124_172024_CH02_DUT_TMO-AUTO_HTTP MS DL_NJ DUT REF_L3.dml,,,,N41(100)+N41(40),NR SA,378,-96.530000,0.650000,,,,,,,,80.996,,,,,0.920,,,,
864,1,,,-73.9599617,40.8173083,2026-01-24 22:33:58.075,_20260124_172024_CH02_DUT_TMO-AUTO_HTTP MS DL_NJ DUT REF_L3.dml,,,,,,,,,,,,,,,Download End Request,,,,,,,,,,
865,1,,,-73.9599617,40.8173083,2026-01-24 22:33:58.153,_20260124_172024_CH02_DUT_TMO-AUTO_HTTP MS DL_NJ DUT REF_L3.dml,,,,,,,,,,,,,,,Download Ended,,,,,,,,,,
866,1,,,-73.9599617,40.8173083,2026-01-24 22:33:58.000,_20260124_172024_CH02_DUT_TMO-AUTO_HTTP MS DL_NJ DUT REF_L3.dml,,,,N41(100)+N41(40),NR SA,378,-96.750000,0.320000,,,,,,,,83.736,,,,,1.000,,,,
867,1,,,-73.9599617,40.8173083,2026-01-24 22:33:59.000,_20260124_172024_CH02_DUT_TMO-AUTO_HTTP MS DL_NJ DUT REF_L3.dml,,,,N41(100)+N41(40),NR SA,378,-96.050000,1.030000,,,,,,,,,,,,,0.984,,,,
868,1,,,-73.9599617,40.8173083,2026-01-24 22:34:00.000,_20260124_172024_CH02_DUT_TMO-AUTO_HTTP MS DL_NJ DUT REF_L3.dml,,,,N41(100)+N41(40),,378,-96.710000,0.890000,,,,,,,,,,,,,0.424,,,,
869,1,,,-73.9599617,40.8173083,2026-01-24 22:34:01.000,_20260124_172024_CH02_DUT_TMO-AUTO_HTTP MS DL_NJ DUT REF_L3.dml,,,,N41(100)+N41(40),,378,-96.780000,0.780000,,,,,,,,,,,,,0.000,,,,
870,1,,,-73.9599617,40.8173083,2026-01-24 22:34:02.000,_20260124_172024_CH02_DUT_TMO-AUTO_HTTP MS DL_NJ DUT REF_L3.dml,,,,N41(100)+N41(40),,378,-95.750000,1.690000,,,,,,,,,,,,,,,,,
871,1,,,-73.9599617,40.8173083,2026-01-24 22:34:03.000,_20260124_172024_CH02_DUT_TMO-AUTO_HTTP MS DL_NJ DUT REF_L3.dml,,,,N41(100)+N41(40),,378,-96.330000,1.330000,,,,,,,,,,,,,0.048,,,,
872,1,,,-73.9599617,40.8173083,2026-01-24 22:34:04.000,_20260124_172024_CH02_DUT_TMO-AUTO_HTTP MS DL_NJ DUT REF_L3.dml,,,,N41(100)+N41(40),,378,-96.640000,1.210000,,,,,,,,,,,,,0.000,,,,
873,1,,,-73.9599617,40.8173083,2026-01-24 22:34:05.000,_20260124_172024_CH02_DUT_TMO-AUTO_HTTP MS DL_NJ DUT REF_L3.dml,,,,N41(100)+N41(40),,378,-96.500000,2.100000,,,,,,,,,,,,,0.000,,,,
874,1,,,-73.9599617,40.8173083,2026-01-24 22:34:06.000,_20260124_172024_CH02_DUT_TMO-AUTO_HTTP MS DL_NJ DUT REF_L3.dml,,,,N41(100)+N41(40),,378,-96.490000,1.200000,,,,,,,,,,,,,0.000,,,,
875,1,,,-73.9599617,40.8173083,2026-01-24 22:34:07.000,_20260124_172024_CH02_DUT_TMO-AUTO_HTTP MS DL_NJ DUT REF_L3.dml,,,,N41(100)+N41(40),,378,-95.940000,1.870000,,,,,,,,,,,,,,,,,
876,1,,,-73.9599617,40.8173083,2026-01-24 22:34:08.000,_20260124_172024_CH02_DUT_TMO-AUTO_HTTP MS DL_NJ DUT REF_L3.dml,,,,N41(100)+N41(40),,378,-96.000000,0.000000,,,,,,,,,,,,,0.008,,,,
877,1,,,-73.9599617,40.8173083,2026-01-24 22:34:09.000,_20260124_172024_CH02_DUT_TMO-AUTO_HTTP MS DL_NJ DUT REF_L3.dml,,,,N41(100)+N41(40),,378,-96.250000,1.250000,,,,,,,,,,,,,,,,,
878,1,,,-73.9599617,40.8173083,2026-01-24 22:34:10.000,_20260124_172024_CH02_DUT_TMO-AUTO_HTTP MS DL_NJ DUT REF_L3.dml,,,,N41(100)+N41(40),,378,-95.330000,1.670000,,,,,,,,,,,,,0.000,,,,
879,1,,,-73.9599617,40.8173083,2026-01-24 22:34:11.000,_20260124_172024_CH02_DUT_TMO-AUTO_HTTP MS DL_NJ DUT REF_L3.dml,,,,N41(x)+N41(x),,378,-96.080000,1.460000,,,,,,,,,,,,,,,,,
880,1,,,-73.9599617,40.8173083,2026-01-24 22:34:12.000,_20260124_172024_CH02_DUT_TMO-AUTO_HTTP MS DL_NJ DUT REF_L3.dml,,,,N41(x),,378,-97.000000,2.000000,,,,,,,,,,,,,,,,,
881,1,,,-73.9599617,40.8173083,2026-01-24 22:34:13.000,_20260124_172024_CH02_DUT_TMO-AUTO_HTTP MS DL_NJ DUT REF_L3.dml,,,,N41(x),,378,-96.000000,2.000000,,,,,,,,,,,,,,,,,
882,1,,,-73.9599617,40.8173083,2026-01-24 22:34:14.000,_20260124_172024_CH02_DUT_TMO-AUTO_HTTP MS DL_NJ DUT REF_L3.dml,,,,N41(x),,378,-96.000000,1.000000,,,,,,,,,,,,,,,,,
883,1,,,-73.9599617,40.8173083,2026-01-24 22:34:15.000,_20260124_172024_CH02_DUT_TMO-AUTO_HTTP MS DL_NJ DUT REF_L3.dml,,,,,,,,,,,,,,,,,,,,,,,,,
884,1,,,-73.9599617,40.8173083,2026-01-24 22:34:16.000,_20260124_172024_CH02_DUT_TMO-AUTO_HTTP MS DL_NJ DUT REF_L3.dml,,,,,,,,,,,,,,,,,,,,,,,,,
885,1,,,-73.9599617,40.8173083,2026-01-24 22:34:17.000,_20260124_172024_CH02_DUT_TMO-AUTO_HTTP MS DL_NJ DUT REF_L3.dml,,,,,,,,,,,,,,,,,,,,,,,,,
886,1,,,-73.9599617,40.8173083,2026-01-24 22:34:18.000,_20260124_172024_CH02_DUT_TMO-AUTO_HTTP MS DL_NJ DUT REF_L3.dml,,,,N41(x),,378,-97.000000,1.000000,,,,,,,,,,,,,,,,,
887,1,,,-73.9599617,40.8173083,2026-01-24 22:34:19.000,_20260124_172024_CH02_DUT_TMO-AUTO_HTTP MS DL_NJ DUT REF_L3.dml,,,,N41(x),,378,-96.000000,1.000000,,,,,,,,,,,,,,,,,
888,1,,,-73.9599617,40.8173083,2026-01-24 22:34:20.000,_20260124_172024_CH02_DUT_TMO-AUTO_HTTP MS DL_NJ DUT REF_L3.dml,,,,,,,,,,,,,,,,,,,,,,,,,
889,1,,,-73.9599617,40.8173083,2026-01-24 22:34:21.000,_20260124_172024_CH02_DUT_TMO-AUTO_HTTP MS DL_NJ DUT REF_L3.dml,,,,,,,,,,,,,,,,,,,,,,,,,
890,1,,,-73.9599617,40.8173083,2026-01-24 22:34:22.000,_20260124_172024_CH02_DUT_TMO-AUTO_HTTP MS DL_NJ DUT REF_L3.dml,,,,,,,,,,,,,,,,,,,,,,,,,
891,1,,,-73.9599617,40.8173083,2026-01-24 22:34:23.000,_20260124_172024_CH02_DUT_TMO-AUTO_HTTP MS DL_NJ DUT REF_L3.dml,,,,N41(x),,378,-96.000000,2.000000,,,,,,,,,,,,,,,,,
892,1,,,-73.9599617,40.8173083,2026-01-24 22:34:24.000,_20260124_172024_CH02_DUT_TMO-AUTO_HTTP MS DL_NJ DUT REF_L3.dml,,,,,,,,,,,,,,,,,,,,,,,,,
893,1,,,-73.9599617,40.8173083,2026-01-24 22:34:25.000,_20260124_172024_CH02_DUT_TMO-AUTO_HTTP MS DL_NJ DUT REF_L3.dml,,,,,,,,,,,,,,,,,,,,,,,,,
894,1,,,-73.9599617,40.8173083,2026-01-24 22:34:26.000,_20260124_172024_CH02_DUT_TMO-AUTO_HTTP MS DL_NJ DUT REF_L3.dml,,,,,,,,,,,,,,,,,,,,,,,,,
895,1,,,-73.9599617,40.8173083,2026-01-24 22:34:27.000,_20260124_172024_CH02_DUT_TMO-AUTO_HTTP MS DL_NJ DUT REF_L3.dml,,,,N41(x),,378,-96.000000,1.000000,,,,,,,,,,,,,,,,,
896,1,,,-73.9599617,40.8173083,2026-01-24 22:34:28.000,_20260124_172024_CH02_DUT_TMO-AUTO_HTTP MS DL_NJ DUT REF_L3.dml,,,,N41(x),,378,-96.000000,2.000000,,,,,,,,,,,,,,,,,
897,1,,,-73.9599617,40.8173083,2026-01-24 22:34:29.000,_20260124_172024_CH02_DUT_TMO-AUTO_HTTP MS DL_NJ DUT REF_L3.dml,,,,,,,,,,,,,,,,,,,,,,,,,
898,1,,,-73.9599617,40.8173083,2026-01-24 22:34:30.000,_20260124_172024_CH02_DUT_TMO-AUTO_HTTP MS DL_NJ DUT REF_L3.dml,,,,N41(x),,378,-96.000000,2.000000,,,,,,,,,,,,,,,,,
899,1,,,-73.9599617,40.8173083,2026-01-24 22:34:31.000,_20260124_172024_CH02_DUT_TMO-AUTO_HTTP MS DL_NJ DUT REF_L3.dml,,,,,,,,,,,,,,,,,,,,,,,,,
900,1,,,-73.9599617,40.8173083,2026-01-24 22:34:32.000,_20260124_172024_CH02_DUT_TMO-AUTO_HTTP MS DL_NJ DUT REF_L3.dml,,,,,,,,,,,,,,,,,,,,,,,,,
901,1,,,-73.9599617,40.8173083,2026-01-24 22:34:33.000,_20260124_172024_CH02_DUT_TMO-AUTO_HTTP MS DL_NJ DUT REF_L3.dml,,,,,,,,,,,,,,,,,,,,,,,,,
902,1,,,-73.9599617,40.8173083,2026-01-24 22:34:34.000,_20260124_172024_CH02_DUT_TMO-AUTO_HTTP MS DL_NJ DUT REF_L3.dml,,,,N41(x),,378,-96.000000,2.000000,,,,,,,,,,,,,,,,,
903,1,,,-73.9599617,40.8173083,2026-01-24 22:34:35.000,_20260124_172024_CH02_DUT_TMO-AUTO_HTTP MS DL_NJ DUT REF_L3.dml,,,,,,,,,,,,,,,,,,,,,,,,,
904,1,,,-73.9599617,40.8173083,2026-01-24 22:34:36.000,_20260124_172024_CH02_DUT_TMO-AUTO_HTTP MS DL_NJ DUT REF_L3.dml,,,,,,,,,,,,,,,,,,,,,,,,,
905,1,,,-73.9599617,40.8173083,2026-01-24 22:34:37.000,_20260124_172024_CH02_DUT_TMO-AUTO_HTTP MS DL_NJ DUT REF_L3.dml,,,,N41(x),,378,-96.000000,2.000000,,,,,,,,,,,,,,,,,
906,1,,,-73.9599617,40.8173083,2026-01-24 22:34:38.000,_20260124_172024_CH02_DUT_TMO-AUTO_HTTP MS DL_NJ DUT REF_L3.dml,,,,,,,,,,,,,,,,,,,,,,,,,
907,1,,,-73.9599617,40.8173083,2026-01-24 22:34:39.000,_20260124_172024_CH02_DUT_TMO-AUTO_HTTP MS DL_NJ DUT REF_L3.dml,,,,N41(x),,378,-96.000000,1.000000,,,,,,,,,,,,,,,,,
908,1,,,-73.9599617,40.8173083,2026-01-24 22:34:39.106,_20260124_172024_CH02_DUT_TMO-AUTO_HTTP MS DL_NJ DUT REF_L3.dml,,,,,,,,,,,,,,,Download Start Request,,,,,,,,,,
909,1,,,-73.9599617,40.8173083,2026-01-24 22:34:40.000,_20260124_172024_CH02_DUT_TMO-AUTO_HTTP MS DL_NJ DUT REF_L3.dml,,,,N41(100)+N41(50),NR SA,378,-96.400000,0.600000,,,,,,,,,,,,,0.000,,,,
910,1,,,-73.9599617,40.8173083,2026-01-24 22:34:40.465,_20260124_172024_CH02_DUT_TMO-AUTO_HTTP MS DL_NJ DUT REF_L3.dml,,,,,,,,,,,,,,,Download File Size Retrieved,,,,,,,,,,
911,1,,,-73.9599617,40.8173083,2026-01-24 22:34:40.465,_20260124_172024_CH02_DUT_TMO-AUTO_HTTP MS DL_NJ DUT REF_L3.dml,,,,,,,,,,,,,,,Download Started,,,,,,,,,,
912,1,,,-73.9599617,40.8173083,2026-01-24 22:34:41.000,_20260124_172024_CH02_DUT_TMO-AUTO_HTTP MS DL_NJ DUT REF_L3.dml,,,,N41(100)+N41(40),NR SA,378,-96.370000,0.980000,,,,,,,,,,,,,0.576,,,,
913,1,,,-73.9599617,40.8173083,2026-01-24 22:34:42.000,_20260124_172024_CH02_DUT_TMO-AUTO_HTTP MS DL_NJ DUT REF_L3.dml,,,,N41(100)+N41(40),NR SA,378,-96.520000,0.740000,,,,,,,,,,,,,1.728,,,,
914,1,,,-73.9599617,40.8173083,2026-01-24 22:34:43.000,_20260124_172024_CH02_DUT_TMO-AUTO_HTTP MS DL_NJ DUT REF_L3.dml,,,,N41(100)+N41(40),NR SA,378,-96.470000,0.490000,,,,,,,,113.004,,,,,1.256,,,,
915,1,,,-73.9599617,40.8173083,2026-01-24 22:34:44.000,_20260124_172024_CH02_DUT_TMO-AUTO_HTTP MS DL_NJ DUT REF_L3.dml,,,,N41(100)+N41(40),NR SA,378,-96.900000,0.380000,,,,,,,,140.411,,,,,0.992,,,,
916,1,,,-73.9599617,40.8173083,2026-01-24 22:34:45.000,_20260124_172024_CH02_DUT_TMO-AUTO_HTTP MS DL_NJ DUT REF_L3.dml,,,,N41(100)+N41(40),NR SA,378,-96.270000,0.780000,,,,,,,,136.946,,,,,0.920,,,,
917,1,,,-73.9599617,40.8173083,2026-01-24 22:34:46.000,_20260124_172024_CH02_DUT_TMO-AUTO_HTTP MS DL_NJ DUT REF_L3.dml,,,,N41(100)+N41(40),NR SA,378,-96.660000,0.320000,,,,,,,,133.101,,,,,1.128,,,,
918,1,,,-73.9599617,40.8173083,2026-01-24 22:34:47.000,_20260124_172024_CH02_DUT_TMO-AUTO_HTTP MS DL_NJ DUT REF_L3.dml,,,,N41(100)+N41(40),NR SA,378,-96.640000,0.550000,,,,,,,,129.218,,,,,1.136,,,,
919,1,,,-73.9599617,40.8173083,2026-01-24 22:34:48.000,_20260124_172024_CH02_DUT_TMO-AUTO_HTTP MS DL_NJ DUT REF_L3.dml,,,,N41(100)+N41(40),NR SA,378,-96.720000,0.320000,,,,,,,,123.596,,,,,0.800,,,,
920,1,,,-73.9599617,40.8173083,2026-01-24 22:34:49.000,_20260124_172024_CH02_DUT_TMO-AUTO_HTTP MS DL_NJ DUT REF_L3.dml,,,,N41(100)+N41(40),NR SA,378,-96.820000,0.820000,,,,,,,,86.275,,,,,0.720,,,,
921,1,,,-73.9599617,40.8173083,2026-01-24 22:34:50.000,_20260124_172024_CH02_DUT_TMO-AUTO_HTTP MS DL_NJ DUT REF_L3.dml,,,,N41(100)+N41(40),NR SA,378,-96.160000,1.630000,,,,,,,,86.982,,,,,1.064,,,,
922,1,,,-73.9599617,40.8173083,2026-01-24 22:34:51.000,_20260124_172024_CH02_DUT_TMO-AUTO_HTTP MS DL_NJ DUT REF_L3.dml,,,,N41(100)+N41(40),NR SA,378,-96.260000,1.520000,,,,,,,,85.524,,,,,0.712,,,,
923,1,,,-73.9599617,40.8173083,2026-01-24 22:34:52.000,_20260124_172024_CH02_DUT_TMO-AUTO_HTTP MS DL_NJ DUT REF_L3.dml,,,,N41(100)+N41(40),NR SA,378,-96.760000,1.620000,,,,,,,,80.036,,,,,0.640,,,,
924,1,,,-73.9599617,40.8173083,2026-01-24 22:34:53.000,_20260124_172024_CH02_DUT_TMO-AUTO_HTTP MS DL_NJ DUT REF_L3.dml,,,,N41(100)+N41(40),NR SA,378,-96.820000,0.430000,,,,,,,,85.781,,,,,0.792,,,,
925,1,,,-73.9599617,40.8173083,2026-01-24 22:34:54.000,_20260124_172024_CH02_DUT_TMO-AUTO_HTTP MS DL_NJ DUT REF_L3.dml,,,,N41(100)+N41(40),NR SA,378,-96.580000,1.000000,,,,,,,,74.333,,,,,0.880,,,,
926,1,,,-73.9599617,40.8173083,2026-01-24 22:34:55.000,_20260124_172024_CH02_DUT_TMO-AUTO_HTTP MS DL_NJ DUT REF_L3.dml,,,,N41(100)+N41(40),NR SA,378,-96.440000,0.950000,,,,,,,,86.930,,,,,0.896,,,,
927,1,,,-73.9599617,40.8173083,2026-01-24 22:34:56.000,_20260124_172024_CH02_DUT_TMO-AUTO_HTTP MS DL_NJ DUT REF_L3.dml,,,,N41(100)+N41(40),NR SA,378,-95.550000,1.350000,,,,,,,,104.659,,,,,1.040,,,,
928,1,,,-73.9599617,40.8173083,2026-01-24 22:34:57.000,_20260124_172024_CH02_DUT_TMO-AUTO_HTTP MS DL_NJ DUT REF_L3.dml,,,,N41(100)+N41(40),NR SA,378,-96.610000,0.270000,,,,,,,,97.058,,,,,1.248,,,,
929,1,,,-73.9599617,40.8173083,2026-01-24 22:34:58.000,_20260124_172024_CH02_DUT_TMO-AUTO_HTTP MS DL_NJ DUT REF_L3.dml,,,,N41(100)+N41(40),NR SA,378,-96.570000,0.760000,,,,,,,,113.892,,,,,1.032,,,,
930,1,,,-73.9599617,40.8173083,2026-01-24 22:34:59.000,_20260124_172024_CH02_DUT_TMO-AUTO_HTTP MS DL_NJ DUT REF_L3.dml,,,,N41(100)+N41(40),NR SA,378,-96.060000,2.280000,,,,,,,,129.186,,,,,1.048,,,,
931,1,,,-73.9599617,40.8173083,2026-01-24 22:35:00.000,_20260124_172024_CH02_DUT_TMO-AUTO_HTTP MS DL_NJ DUT REF_L3.dml,,,,N41(100)+N41(40),NR SA,378,-96.630000,1.250000,,,,,,,,124.090,,,,,1.104,,,,
932,1,,,-73.9599617,40.8173083,2026-01-24 22:35:01.000,_20260124_172024_CH02_DUT_TMO-AUTO_HTTP MS DL_NJ DUT REF_L3.dml,,,,N41(100)+N41(40),NR SA,378,-96.480000,1.090000,,,,,,,,113.439,,,,,1.032,,,,
933,1,,,-73.9599617,40.8173083,2026-01-24 22:35:02.000,_20260124_172024_CH02_DUT_TMO-AUTO_HTTP MS DL_NJ DUT REF_L3.dml,,,,N41(100)+N41(40),NR SA,378,-96.710000,1.400000,,,,,,,,118.971,,,,,1.008,,,,
934,1,,,-73.9599617,40.8173083,2026-01-24 22:35:03.000,_20260124_172024_CH02_DUT_TMO-AUTO_HTTP MS DL_NJ DUT REF_L3.dml,,,,N41(100)+N41(40),NR SA,378,-96.680000,0.600000,,,,,,,,117.373,,,,,0.856,,,,
935,1,,,-73.9599617,40.8173083,2026-01-24 22:35:04.000,_20260124_172024_CH02_DUT_TMO-AUTO_HTTP MS DL_NJ DUT REF_L3.dml,,,,N41(100)+N41(40),NR SA,378,-96.840000,0.580000,,,,,,,,109.430,,,,,0.896,,,,
936,1,,,-73.9599617,40.8173083,2026-01-24 22:35:05.000,_20260124_172024_CH02_DUT_TMO-AUTO_HTTP MS DL_NJ DUT REF_L3.dml,,,,N41(100)+N41(40),NR SA,378,-96.570000,0.410000,,,,,,,,104.499,,,,,0.824,,,,
937,1,,,-73.9599617,40.8173083,2026-01-24 22:35:06.000,_20260124_172024_CH02_DUT_TMO-AUTO_HTTP MS DL_NJ DUT REF_L3.dml,,,,N41(100)+N41(40),NR SA,378,-96.680000,0.320000,,,,,,,,91.592,,,,,0.896,,,,
938,1,,,-73.9599617,40.8173083,2026-01-24 22:35:07.000,_20260124_172024_CH02_DUT_TMO-AUTO_HTTP MS DL_NJ DUT REF_L3.dml,,,,N41(100)+N41(40),NR SA,378,-96.940000,0.450000,,,,,,,,92.481,,,,,0.808,,,,
939,1,,,-73.9599617,40.8173083,2026-01-24 22:35:08.000,_20260124_172024_CH02_DUT_TMO-AUTO_HTTP MS DL_NJ DUT REF_L3.dml,,,,N41(100)+N41(40),NR SA,378,-96.380000,1.320000,,,,,,,,81.476,,,,,1.024,,,,
940,1,,,-73.9599617,40.8173083,2026-01-24 22:35:09.000,_20260124_172024_CH02_DUT_TMO-AUTO_HTTP MS DL_NJ DUT REF_L3.dml,,,,N41(100)+N41(40),NR SA,378,-96.650000,0.610000,,,,,,,,115.377,,,,,1.128,,,,
941,1,,,-73.9599617,40.8173083,2026-01-24 22:35:10.000,_20260124_172024_CH02_DUT_TMO-AUTO_HTTP MS DL_NJ DUT REF_L3.dml,,,,N41(100)+N41(40),NR SA,378,-96.490000,0.470000,,,,,,,,137.743,,,,,1.216,,,,
942,1,,,-73.9599617,40.8173083,2026-01-24 22:35:11.465,_20260124_172024_CH02_DUT_TMO-AUTO_HTTP MS DL_NJ DUT REF_L3.dml,,,,,,,,,,,,,,,Download End Request,,,,,,,,,,
943,1,,,-73.9599617,40.8173083,2026-01-24 22:35:11.544,_20260124_172024_CH02_DUT_TMO-AUTO_HTTP MS DL_NJ DUT REF_L3.dml,,,,,,,,,,,,,,,Download Ended,,,,,,,,,,
944,1,,,-73.9599617,40.8173083,2026-01-24 22:35:11.000,_20260124_172024_CH02_DUT_TMO-AUTO_HTTP MS DL_NJ DUT REF_L3.dml,,,,N41(100)+N41(40),NR SA,378,-96.650000,0.870000,,,,,,,,134.804,,,,,1.048,,,,
945,1,,,-73.9599617,40.8173083,2026-01-24 22:35:12.000,_20260124_172024_CH02_DUT_TMO-AUTO_HTTP MS DL_NJ DUT REF_L3.dml,,,,N41(100)+N41(40),,378,-96.690000,0.550000,,,,,,,,127.782,,,,,1.392,,,,
946,1,,,-73.9599617,40.8173083,2026-01-24 22:35:13.000,_20260124_172024_CH02_DUT_TMO-AUTO_HTTP MS DL_NJ DUT REF_L3.dml,,,,N41(100)+N41(40),,378,-96.500000,0.500000,,,,,,,,,,,,,,,,,
947,1,,,-73.9599617,40.8173083,2026-01-24 22:35:14.000,_20260124_172024_CH02_DUT_TMO-AUTO_HTTP MS DL_NJ DUT REF_L3.dml,,,,N41(100)+N41(40),,378,-96.570000,1.000000,,,,,,,,,,,,,0.008,,,,
948,1,,,-73.9599617,40.8173083,2026-01-24 22:35:15.000,_20260124_172024_CH02_DUT_TMO-AUTO_HTTP MS DL_NJ DUT REF_L3.dml,,,,N41(100)+N41(40),,378,-96.760000,0.680000,,,,,,,,,,,,,,,,,
949,1,,,-73.9599617,40.8173083,2026-01-24 22:35:16.000,_20260124_172024_CH02_DUT_TMO-AUTO_HTTP MS DL_NJ DUT REF_L3.dml,,,,N41(100)+N41(40),,378,-96.420000,2.160000,,,,,,,,,,,,,0.016,,,,
950,1,,,-73.9599617,40.8173083,2026-01-24 22:35:17.000,_20260124_172024_CH02_DUT_TMO-AUTO_HTTP MS DL_NJ DUT REF_L3.dml,,,,N41(100)+N41(40),,378,-96.430000,1.430000,,,,,,,,,,,,,,,,,
951,1,,,-73.9599617,40.8173083,2026-01-24 22:35:18.000,_20260124_172024_CH02_DUT_TMO-AUTO_HTTP MS DL_NJ DUT REF_L3.dml,,,,N41(100)+N41(40),,378,-96.000000,1.140000,,,,,,,,,,,,,0.000,,,,
952,1,,,-73.9599617,40.8173083,2026-01-24 22:35:19.000,_20260124_172024_CH02_DUT_TMO-AUTO_HTTP MS DL_NJ DUT REF_L3.dml,,,,N41(100)+N41(40),,378,-96.000000,1.000000,,,,,,,,,,,,,,,,,
953,1,,,-73.9599617,40.8173083,2026-01-24 22:35:20.000,_20260124_172024_CH02_DUT_TMO-AUTO_HTTP MS DL_NJ DUT REF_L3.dml,,,,N41(100)+N41(40),,378,-96.230000,1.690000,,,,,,,,,,,,,0.000,,,,
954,1,,,-73.9599617,40.8173083,2026-01-24 22:35:21.000,_20260124_172024_CH02_DUT_TMO-AUTO_HTTP MS DL_NJ DUT REF_L3.dml,,,,N41(100)+N41(40),,378,-97.000000,1.000000,,,,,,,,,,,,,0.000,,,,
955,1,,,-73.9599617,40.8173083,2026-01-24 22:35:22.000,_20260124_172024_CH02_DUT_TMO-AUTO_HTTP MS DL_NJ DUT REF_L3.dml,,,,N41(100)+N41(40),,378,-95.740000,1.410000,,,,,,,,,,,,,,,,,
956,1,,,-73.9599617,40.8173083,2026-01-24 22:35:23.000,_20260124_172024_CH02_DUT_TMO-AUTO_HTTP MS DL_NJ DUT REF_L3.dml,,,,N41(100)+N41(40),,378,-96.800000,0.270000,,,,,,,,,,,,,0.008,,,,
957,1,,,-73.9599617,40.8173083,2026-01-24 22:35:24.000,_20260124_172024_CH02_DUT_TMO-AUTO_HTTP MS DL_NJ DUT REF_L3.dml,,,,N41(x)+N41(x),,378,-96.000000,1.000000,,,,,,,,,,,,,0.000,,,,
958,1,,,-73.9599617,40.8173083,2026-01-24 22:35:25.000,_20260124_172024_CH02_DUT_TMO-AUTO_HTTP MS DL_NJ DUT REF_L3.dml,,,,N41(x),,378,-97.000000,1.000000,,,,,,,,,,,,,,,,,
959,1,,,-73.9599617,40.8173083,2026-01-24 22:35:26.000,_20260124_172024_CH02_DUT_TMO-AUTO_HTTP MS DL_NJ DUT REF_L3.dml,,,,,,,,,,,,,,,,,,,,,,,,,
960,1,,,-73.9599617,40.8173083,2026-01-24 22:35:27.000,_20260124_172024_CH02_DUT_TMO-AUTO_HTTP MS DL_NJ DUT REF_L3.dml,,,,N41(x),,378,-97.000000,2.000000,,,,,,,,,,,,,,,,,
961,1,,,-73.9599617,40.8173083,2026-01-24 22:35:28.000,_20260124_172024_CH02_DUT_TMO-AUTO_HTTP MS DL_NJ DUT REF_L3.dml,,,,,,,,,,,,,,,,,,,,,,,,,
962,1,,,-73.9599617,40.8173083,2026-01-24 22:35:29.000,_20260124_172024_CH02_DUT_TMO-AUTO_HTTP MS DL_NJ DUT REF_L3.dml,,,,N41(x),,378,-96.000000,2.000000,,,,,,,,,,,,,,,,,
963,1,,,-73.9599617,40.8173083,2026-01-24 22:35:30.000,_20260124_172024_CH02_DUT_TMO-AUTO_HTTP MS DL_NJ DUT REF_L3.dml,,,,,,,,,,,,,,,,,,,,,,,,,
964,1,,,-73.9599617,40.8173083,2026-01-24 22:35:31.000,_20260124_172024_CH02_DUT_TMO-AUTO_HTTP MS DL_NJ DUT REF_L3.dml,,,,,,,,,,,,,,,,,,,,,,,,,
965,1,,,-73.9599617,40.8173083,2026-01-24 22:35:32.000,_20260124_172024_CH02_DUT_TMO-AUTO_HTTP MS DL_NJ DUT REF_L3.dml,,,,N41(x),,378,-98.000000,1.000000,,,,,,,,,,,,,,,,,
966,1,,,-73.9599617,40.8173083,2026-01-24 22:35:33.000,_20260124_172024_CH02_DUT_TMO-AUTO_HTTP MS DL_NJ DUT REF_L3.dml,,,,,,,,,,,,,,,,,,,,,,,,,
967,1,,,-73.9599617,40.8173083,2026-01-24 22:35:34.000,_20260124_172024_CH02_DUT_TMO-AUTO_HTTP MS DL_NJ DUT REF_L3.dml,,,,,,,,,,,,,,,,,,,,,,,,,
968,1,,,-73.9599617,40.8173083,2026-01-24 22:35:35.000,_20260124_172024_CH02_DUT_TMO-AUTO_HTTP MS DL_NJ DUT REF_L3.dml,,,,,,,,,,,,,,,,,,,,,,,,,
969,1,,,-73.9599667,40.8174017,2026-01-24 22:35:36.000,_20260124_172024_CH02_DUT_TMO-AUTO_HTTP MS DL_NJ DUT REF_L3.dml,,,,N41(x),,378,-97.000000,0.000000,,,,,,,,,,,,,,,,,
970,1,,,-73.9599633,40.8174067,2026-01-24 22:35:37.000,_20260124_172024_CH02_DUT_TMO-AUTO_HTTP MS DL_NJ DUT REF_L3.dml,,,,,,,,,,,,,,,,,,,,,,,,,
971,1,,,-73.9599600,40.8174067,2026-01-24 22:35:38.000,_20260124_172024_CH02_DUT_TMO-AUTO_HTTP MS DL_NJ DUT REF_L3.dml,,,,,,,,,,,,,,,,,,,,,,,,,
972,1,,,-73.9599567,40.8174083,2026-01-24 22:35:39.000,_20260124_172024_CH02_DUT_TMO-AUTO_HTTP MS DL_NJ DUT REF_L3.dml,,,,,,,,,,,,,,,,,,,,,,,,,
973,1,,,-73.9599567,40.8174083,2026-01-24 22:35:40.000,_20260124_172024_CH02_DUT_TMO-AUTO_HTTP MS DL_NJ DUT REF_L3.dml,,,,N41(x),,378,-95.000000,2.000000,,,,,,,,,,,,,,,,,
974,1,,,-73.9599567,40.8174083,2026-01-24 22:35:41.000,_20260124_172024_CH02_DUT_TMO-AUTO_HTTP MS DL_NJ DUT REF_L3.dml,,,,,,,,,,,,,,,,,,,,,,,,,
975,1,,,-73.9599567,40.8174083,2026-01-24 22:35:42.000,_20260124_172024_CH02_DUT_TMO-AUTO_HTTP MS DL_NJ DUT REF_L3.dml,,,,,,,,,,,,,,,,,,,,,,,,,
976,1,,,-73.9599567,40.8174083,2026-01-24 22:35:43.000,_20260124_172024_CH02_DUT_TMO-AUTO_HTTP MS DL_NJ DUT REF_L3.dml,,,,,,,,,,,,,,,,,,,,,,,,,
977,1,,,-73.9599567,40.8174083,2026-01-24 22:35:44.000,_20260124_172024_CH02_DUT_TMO-AUTO_HTTP MS DL_NJ DUT REF_L3.dml,,,,N41(x),,378,-96.000000,1.000000,,,,,,,,,,,,,,,,,
978,1,,,-73.9599567,40.8174083,2026-01-24 22:35:45.000,_20260124_172024_CH02_DUT_TMO-AUTO_HTTP MS DL_NJ DUT REF_L3.dml,,,,,,,,,,,,,,,,,,,,,,,,,
979,1,,,-73.9599567,40.8174083,2026-01-24 22:35:46.000,_20260124_172024_CH02_DUT_TMO-AUTO_HTTP MS DL_NJ DUT REF_L3.dml,,,,,,,,,,,,,,,,,,,,,,,,,
980,1,,,-73.9599567,40.8174083,2026-01-24 22:35:47.000,_20260124_172024_CH02_DUT_TMO-AUTO_HTTP MS DL_NJ DUT REF_L3.dml,,,,,,,,,,,,,,,,,,,,,,,,,
981,1,,,-73.9599450,40.8174350,2026-01-24 22:35:48.000,_20260124_172024_CH02_DUT_TMO-AUTO_HTTP MS DL_NJ DUT REF_L3.dml,,,,N41(x),,378,-95.000000,1.000000,,,,,,,,,,,,,,,,,
982,1,,,-73.9599483,40.8174433,2026-01-24 22:35:49.000,_20260124_172024_CH02_DUT_TMO-AUTO_HTTP MS DL_NJ DUT REF_L3.dml,,,,N41(x),,378,-95.000000,2.000000,,,,,,,,,,,,,,,,,
983,1,,,-73.9599583,40.8174467,2026-01-24 22:35:50.000,_20260124_172024_CH02_DUT_TMO-AUTO_HTTP MS DL_NJ DUT REF_L3.dml,,,,N41(x),,378,-95.000000,2.000000,,,,,,,,,,,,,,,,,
984,1,,,-73.9599550,40.8174483,2026-01-24 22:35:51.000,_20260124_172024_CH02_DUT_TMO-AUTO_HTTP MS DL_NJ DUT REF_L3.dml,,,,,,,,,,,,,,,,,,,,,,,,,
985,1,,,-73.9599550,40.8174483,2026-01-24 22:35:52.000,_20260124_172024_CH02_DUT_TMO-AUTO_HTTP MS DL_NJ DUT REF_L3.dml,,,,N41(x),,378,-96.000000,2.000000,,,,,,,,,,,,,,,,,
986,1,,,-73.9599550,40.8174483,2026-01-24 22:35:52.481,_20260124_172024_CH02_DUT_TMO-AUTO_HTTP MS DL_NJ DUT REF_L3.dml,,,,,,,,,,,,,,,Download Start Request,,,,,,,,,,
987,1,,,-73.9599550,40.8174483,2026-01-24 22:35:53.000,_20260124_172024_CH02_DUT_TMO-AUTO_HTTP MS DL_NJ DUT REF_L3.dml,,,,,NR SA,,,,,,,,,,,,,,,,,,,,
988,1,,,-73.9599550,40.8174483,2026-01-24 22:35:53.825,_20260124_172024_CH02_DUT_TMO-AUTO_HTTP MS DL_NJ DUT REF_L3.dml,,,,,,,,,,,,,,,Download File Size Retrieved,,,,,,,,,,
989,1,,,-73.9599550,40.8174483,2026-01-24 22:35:53.840,_20260124_172024_CH02_DUT_TMO-AUTO_HTTP MS DL_NJ DUT REF_L3.dml,,,,,,,,,,,,,,,Download Started,,,,,,,,,,
990,1,,,-73.9599550,40.8174483,2026-01-24 22:35:54.000,_20260124_172024_CH02_DUT_TMO-AUTO_HTTP MS DL_NJ DUT REF_L3.dml,,,,N41(100)+N41(x),NR SA,378,-96.970000,0.720000,,,,,,,,,,,,,,,,,
991,1,,,-73.9599550,40.8174483,2026-01-24 22:35:55.000,_20260124_172024_CH02_DUT_TMO-AUTO_HTTP MS DL_NJ DUT REF_L3.dml,,,,N41(100)+N41(40),NR SA,378,-96.020000,1.760000,,,,,,,,,,,,,0.568,,,,
992,1,,,-73.9599550,40.8174483,2026-01-24 22:35:56.000,_20260124_172024_CH02_DUT_TMO-AUTO_HTTP MS DL_NJ DUT REF_L3.dml,,,,N41(100)+N41(40),NR SA,378,-96.710000,1.200000,,,,,,,,88.118,,,,,1.072,,,,
993,1,,,-73.9599550,40.8174483,2026-01-24 22:35:57.000,_20260124_172024_CH02_DUT_TMO-AUTO_HTTP MS DL_NJ DUT REF_L3.dml,,,,N41(100)+N41(40),NR SA,378,-96.180000,2.060000,,,,,,,,90.305,,,,,0.992,,,,
994,1,,,-73.9599550,40.8174483,2026-01-24 22:35:58.000,_20260124_172024_CH02_DUT_TMO-AUTO_HTTP MS DL_NJ DUT REF_L3.dml,,,,N41(100)+N41(40),NR SA,378,-96.390000,1.610000,,,,,,,,128.222,,,,,0.912,,,,
995,1,,,-73.9599550,40.8174483,2026-01-24 22:35:59.000,_20260124_172024_CH02_DUT_TMO-AUTO_HTTP MS DL_NJ DUT REF_L3.dml,,,,N41(100)+N41(40),NR SA,378,-96.670000,1.140000,,,,,,,,119.292,,,,,0.872,,,,
996,1,,,-73.9599550,40.8174483,2026-01-24 22:36:00.000,_20260124_172024_CH02_DUT_TMO-AUTO_HTTP MS DL_NJ DUT REF_L3.dml,,,,N41(100)+N41(40),NR SA,378,-96.550000,1.250000,,,,,,,,105.120,,,,,0.840,,,,
997,1,,,-73.9599550,40.8174483,2026-01-24 22:36:01.000,_20260124_172024_CH02_DUT_TMO-AUTO_HTTP MS DL_NJ DUT REF_L3.dml,,,,N41(100)+N41(40),NR SA,378,-96.050000,1.500000,,,,,,,,99.985,,,,,0.816,,,,
998,1,,,-73.9599550,40.8174483,2026-01-24 22:36:02.000,_20260124_172024_CH02_DUT_TMO-AUTO_HTTP MS DL_NJ DUT REF_L3.dml,,,,N41(100)+N41(40),NR SA,378,-96.480000,0.850000,,,,,,,,95.801,,,,,0.880,,,,
999,1,,,-73.9599417,40.8174883,2026-01-24 22:36:03.000,_20260124_172024_CH02_DUT_TMO-AUTO_HTTP MS DL_NJ DUT REF_L3.dml,,,,N41(100)+N41(40),NR SA,378,-96.730000,1.520000,,,,,,,,85.196,,,,,0.808,,,,
1000,1,,,-73.9599450,40.8174900,2026-01-24 22:36:04.000,_20260124_172024_CH02_DUT_TMO-AUTO_HTTP MS DL_NJ DUT REF_L3.dml,,,,N41(100)+N41(40),NR SA,378,-96.470000,0.780000,,,,,,,,75.448,,,,,0.856,,,,
1001,1,,,-73.9599483,40.8174900,2026-01-24 22:36:05.000,_20260124_172024_CH02_DUT_TMO-AUTO_HTTP MS DL_NJ DUT REF_L3.dml,,,,N41(100)+N41(40),NR SA,378,-96.100000,2.250000,,,,,,,,93.275,,,,,0.968,,,,
1002,1,,,-73.9599517,40.8174900,2026-01-24 22:36:06.000,_20260124_172024_CH02_DUT_TMO-AUTO_HTTP MS DL_NJ DUT REF_L3.dml,,,,N41(100)+N41(40),NR SA,378,-96.440000,1.480000,,,,,,,,86.628,,,,,0.840,,,,
1003,1,,,-73.9599517,40.8174900,2026-01-24 22:36:07.000,_20260124_172024_CH02_DUT_TMO-AUTO_HTTP MS DL_NJ DUT REF_L3.dml,,,,N41(100)+N41(40),NR SA,378,-96.240000,1.390000,,,,,,,,70.731,,,,,0.872,,,,
1004,1,,,-73.9599517,40.8174900,2026-01-24 22:36:08.000,_20260124_172024_CH02_DUT_TMO-AUTO_HTTP MS DL_NJ DUT REF_L3.dml,,,,N41(100)+N41(40),NR SA,378,-96.410000,1.520000,,,,,,,,98.245,,,,,0.864,,,,
1005,1,,,-73.9599517,40.8174900,2026-01-24 22:36:09.000,_20260124_172024_CH02_DUT_TMO-AUTO_HTTP MS DL_NJ DUT REF_L3.dml,,,,N41(100)+N41(40),NR SA,378,-96.180000,1.550000,,,,,,,,67.886,,,,,0.712,,,,
1006,1,,,-73.9599517,40.8174900,2026-01-24 22:36:10.000,_20260124_172024_CH02_DUT_TMO-AUTO_HTTP MS DL_NJ DUT REF_L3.dml,,,,N41(100)+N41(40),NR SA,378,-96.410000,0.970000,,,,,,,,55.564,,,,,0.760,,,,
1007,1,,,-73.9599517,40.8174900,2026-01-24 22:36:11.000,_20260124_172024_CH02_DUT_TMO-AUTO_HTTP MS DL_NJ DUT REF_L3.dml,,,,N41(100)+N41(40),NR SA,378,-96.320000,1.400000,,,,,,,,77.741,,,,,0.680,,,,
1008,1,,,-73.9599517,40.8174900,2026-01-24 22:36:12.000,_20260124_172024_CH02_DUT_TMO-AUTO_HTTP MS DL_NJ DUT REF_L3.dml,,,,N41(100)+N41(40),NR SA,378,-96.570000,1.260000,,,,,,,,95.527,,,,,0.800,,,,
1009,1,,,-73.9599517,40.8174900,2026-01-24 22:36:13.000,_20260124_172024_CH02_DUT_TMO-AUTO_HTTP MS DL_NJ DUT REF_L3.dml,,,,N41(100)+N41(40),NR SA,378,-96.450000,1.650000,,,,,,,,105.440,,,,,1.000,,,,
1010,1,,,-73.9599517,40.8174900,2026-01-24 22:36:14.000,_20260124_172024_CH02_DUT_TMO-AUTO_HTTP MS DL_NJ DUT REF_L3.dml,,,,N41(100)+N41(40),NR SA,378,-96.720000,0.670000,,,,,,,,89.180,,,,,1.048,,,,
1011,1,,,-73.9599517,40.8174900,2026-01-24 22:36:15.000,_20260124_172024_CH02_DUT_TMO-AUTO_HTTP MS DL_NJ DUT REF_L3.dml,,,,N41(100)+N41(40),NR SA,378,-96.250000,0.370000,,,,,,,,106.010,,,,,0.952,,,,
1012,1,,,-73.9599517,40.8174900,2026-01-24 22:36:16.000,_20260124_172024_CH02_DUT_TMO-AUTO_HTTP MS DL_NJ DUT REF_L3.dml,,,,N41(100)+N41(40),NR SA,378,-96.130000,1.400000,,,,,,,,106.986,,,,,1.008,,,,
1013,1,,,-73.9599517,40.8174900,2026-01-24 22:36:17.000,_20260124_172024_CH02_DUT_TMO-AUTO_HTTP MS DL_NJ DUT REF_L3.dml,,,,N41(100)+N41(40),NR SA,378,-96.510000,1.030000,,,,,,,,,,,,,0.960,,,,
1014,1,,,-73.9599517,40.8174900,2026-01-24 22:36:18.000,_20260124_172024_CH02_DUT_TMO-AUTO_HTTP MS DL_NJ DUT REF_L3.dml,,,,N41(100)+N41(40),NR SA,378,-96.730000,0.370000,,,,,,,,116.300,,,,,1.048,,,,
1015,1,,,-73.9599517,40.8174900,2026-01-24 22:36:19.000,_20260124_172024_CH02_DUT_TMO-AUTO_HTTP MS DL_NJ DUT REF_L3.dml,,,,N41(100)+N41(40),NR SA,378,-96.630000,0.410000,,,,,,,,,,,,,1.080,,,,
1016,1,,,-73.9599517,40.8174900,2026-01-24 22:36:20.000,_20260124_172024_CH02_DUT_TMO-AUTO_HTTP MS DL_NJ DUT REF_L3.dml,,,,N41(100)+N41(40),NR SA,378,-96.290000,1.080000,,,,,,,,104.331,,,,,0.944,,,,
1017,1,,,-73.9599517,40.8174900,2026-01-24 22:36:21.000,_20260124_172024_CH02_DUT_TMO-AUTO_HTTP MS DL_NJ DUT REF_L3.dml,,,,N41(100)+N41(40),NR SA,378,-96.430000,0.570000,,,,,,,,97.978,,,,,1.024,,,,
1018,1,,,-73.9599517,40.8174900,2026-01-24 22:36:22.000,_20260124_172024_CH02_DUT_TMO-AUTO_HTTP MS DL_NJ DUT REF_L3.dml,,,,N41(100)+N41(40),NR SA,378,-96.240000,0.450000,,,,,,,,109.304,,,,,0.904,,,,
1019,1,,,-73.9599517,40.8174900,2026-01-24 22:36:23.000,_20260124_172024_CH02_DUT_TMO-AUTO_HTTP MS DL_NJ DUT REF_L3.dml,,,,N41(100)+N41(40),NR SA,378,-96.910000,0.020000,,,,,,,,121.580,,,,,1.040,,,,
1020,1,,,-73.9599517,40.8174900,2026-01-24 22:36:24.840,_20260124_172024_CH02_DUT_TMO-AUTO_HTTP MS DL_NJ DUT REF_L3.dml,,,,,,,,,,,,,,,Download End Request,,,,,,,,,,
1021,1,,,-73.9599517,40.8174900,2026-01-24 22:36:24.950,_20260124_172024_CH02_DUT_TMO-AUTO_HTTP MS DL_NJ DUT REF_L3.dml,,,,,,,,,,,,,,,Download Ended,,,,,,,,,,
1022,1,,,-73.9599517,40.8174900,2026-01-24 22:36:24.000,_20260124_172024_CH02_DUT_TMO-AUTO_HTTP MS DL_NJ DUT REF_L3.dml,,,,N41(100)+N41(40),NR SA,378,-96.140000,0.950000,,,,,,,,,,,,,1.048,,,,
1023,1,,,-73.9599517,40.8174900,2026-01-24 22:36:25.000,_20260124_172024_CH02_DUT_TMO-AUTO_HTTP MS DL_NJ DUT REF_L3.dml,,,,N41(100)+N41(40),,378,-96.750000,0.750000,,,,,,,,,,,,,0.832,,,,
1024,1,,,-73.9599517,40.8174900,2026-01-24 22:36:26.000,_20260124_172024_CH02_DUT_TMO-AUTO_HTTP MS DL_NJ DUT REF_L3.dml,,,,N41(100)+N41(40),,378,-96.440000,2.440000,,,,,,,,,,,,,1.048,,,,
1025,1,,,-73.9599517,40.8174900,2026-01-24 22:36:27.000,_20260124_172024_CH02_DUT_TMO-AUTO_HTTP MS DL_NJ DUT REF_L3.dml,,,,N41(100)+N41(40),,378,-96.670000,1.170000,,,,,,,,,,,,,0.096,,,,
1026,1,,,-73.9599517,40.8174900,2026-01-24 22:36:28.000,_20260124_172024_CH02_DUT_TMO-AUTO_HTTP MS DL_NJ DUT REF_L3.dml,,,,N41(100)+N41(40),,378,-96.000000,2.000000,,,,,,,,,,,,,,,,,
1027,1,,,-73.9599517,40.8174900,2026-01-24 22:36:29.000,_20260124_172024_CH02_DUT_TMO-AUTO_HTTP MS DL_NJ DUT REF_L3.dml,,,,N41(100)+N41(40),,378,-96.200000,1.270000,,,,,,,,,,,,,0.152,,,,
1028,1,,,-73.9599517,40.8174900,2026-01-24 22:36:30.000,_20260124_172024_CH02_DUT_TMO-AUTO_HTTP MS DL_NJ DUT REF_L3.dml,,,,N41(100)+N41(40),,378,-97.000000,1.000000,,,,,,,,,,,,,0.000,,,,
1029,1,,,-73.9599517,40.8174900,2026-01-24 22:36:31.000,_20260124_172024_CH02_DUT_TMO-AUTO_HTTP MS DL_NJ DUT REF_L3.dml,,,,N41(100)+N41(40),,378,-96.710000,1.210000,,,,,,,,,,,,,0.000,,,,
1030,1,,,-73.9599517,40.8174900,2026-01-24 22:36:32.000,_20260124_172024_CH02_DUT_TMO-AUTO_HTTP MS DL_NJ DUT REF_L3.dml,,,,N41(100)+N41(40),,378,-96.320000,0.440000,,,,,,,,,,,,,0.000,,,,
1031,1,,,-73.9599517,40.8174900,2026-01-24 22:36:33.000,_20260124_172024_CH02_DUT_TMO-AUTO_HTTP MS DL_NJ DUT REF_L3.dml,,,,N41(100)+N41(40),,378,-95.940000,1.180000,,,,,,,,,,,,,0.008,,,,
1032,1,,,-73.9599517,40.8174900,2026-01-24 22:36:34.000,_20260124_172024_CH02_DUT_TMO-AUTO_HTTP MS DL_NJ DUT REF_L3.dml,,,,N41(100)+N41(40),,378,-95.710000,1.290000,,,,,,,,,,,,,0.000,,,,
1033,1,,,-73.9599517,40.8174900,2026-01-24 22:36:35.000,_20260124_172024_CH02_DUT_TMO-AUTO_HTTP MS DL_NJ DUT REF_L3.dml,,,,N41(100)+N41(40),,378,-96.000000,1.800000,,,,,,,,,,,,,,,,,
1034,1,,,-73.9599517,40.8174900,2026-01-24 22:36:36.000,_20260124_172024_CH02_DUT_TMO-AUTO_HTTP MS DL_NJ DUT REF_L3.dml,,,,N41(100)+N41(40),,378,-96.750000,0.750000,,,,,,,,,,,,,0.000,,,,
1035,1,,,-73.9599517,40.8174900,2026-01-24 22:36:37.000,_20260124_172024_CH02_DUT_TMO-AUTO_HTTP MS DL_NJ DUT REF_L3.dml,,,,N41(100)+N41(40),,378,-96.750000,0.380000,,,,,,,,,,,,,0.000,,,,
1036,1,,,-73.9599517,40.8174900,2026-01-24 22:36:38.000,_20260124_172024_CH02_DUT_TMO-AUTO_HTTP MS DL_NJ DUT REF_L3.dml,,,,N41(x)+N41(x),,378,-96.000000,1.000000,,,,,,,,,,,,,0.000,,,,
1037,1,,,-73.9599517,40.8174900,2026-01-24 22:36:39.000,_20260124_172024_CH02_DUT_TMO-AUTO_HTTP MS DL_NJ DUT REF_L3.dml,,,,N41(x),,378,-96.000000,1.170000,,,,,,,,,,,,,,,,,
1038,1,,,-73.9599517,40.8174900,2026-01-24 22:36:40.000,_20260124_172024_CH02_DUT_TMO-AUTO_HTTP MS DL_NJ DUT REF_L3.dml,,,,N41(x),,378,-96.000000,1.000000,,,,,,,,,,,,,,,,,
1039,1,,,-73.9599517,40.8174900,2026-01-24 22:36:41.000,_20260124_172024_CH02_DUT_TMO-AUTO_HTTP MS DL_NJ DUT REF_L3.dml,,,,,,,,,,,,,,,,,,,,,,,,,
1040,1,,,-73.9599517,40.8174900,2026-01-24 22:36:42.000,_20260124_172024_CH02_DUT_TMO-AUTO_HTTP MS DL_NJ DUT REF_L3.dml,,,,N41(x),,378,-96.000000,1.000000,,,,,,,,,,,,,,,,,
1041,1,,,-73.9599517,40.8174900,2026-01-24 22:36:43.000,_20260124_172024_CH02_DUT_TMO-AUTO_HTTP MS DL_NJ DUT REF_L3.dml,,,,N41(x),,378,-96.000000,2.000000,,,,,,,,,,,,,,,,,
1042,1,,,-73.9599517,40.8174900,2026-01-24 22:36:44.000,_20260124_172024_CH02_DUT_TMO-AUTO_HTTP MS DL_NJ DUT REF_L3.dml,,,,,,,,,,,,,,,,,,,,,,,,,
1043,1,,,-73.9599517,40.8174900,2026-01-24 22:36:45.000,_20260124_172024_CH02_DUT_TMO-AUTO_HTTP MS DL_NJ DUT REF_L3.dml,,,,,,,,,,,,,,,,,,,,,,,,,
1044,1,,,-73.9599517,40.8174900,2026-01-24 22:36:46.000,_20260124_172024_CH02_DUT_TMO-AUTO_HTTP MS DL_NJ DUT REF_L3.dml,,,,,,,,,,,,,,,,,,,,,,,,,
1045,1,,,-73.9599517,40.8174900,2026-01-24 22:36:47.000,_20260124_172024_CH02_DUT_TMO-AUTO_HTTP MS DL_NJ DUT REF_L3.dml,,,,N41(x),,378,-95.000000,2.000000,,,,,,,,,,,,,,,,,
1046,1,,,-73.9599517,40.8174900,2026-01-24 22:36:48.000,_20260124_172024_CH02_DUT_TMO-AUTO_HTTP MS DL_NJ DUT REF_L3.dml,,,,,,,,,,,,,,,,,,,,,,,,,
1047,1,,,-73.9599517,40.8174900,2026-01-24 22:36:49.000,_20260124_172024_CH02_DUT_TMO-AUTO_HTTP MS DL_NJ DUT REF_L3.dml,,,,,,,,,,,,,,,,,,,,,,,,,
1048,1,,,-73.9599517,40.8174900,2026-01-24 22:36:50.000,_20260124_172024_CH02_DUT_TMO-AUTO_HTTP MS DL_NJ DUT REF_L3.dml,,,,N41(x),,378,-96.000000,2.000000,,,,,,,,,,,,,,,,,
1049,1,,,-73.9599517,40.8174900,2026-01-24 22:36:51.000,_20260124_172024_CH02_DUT_TMO-AUTO_HTTP MS DL_NJ DUT REF_L3.dml,,,,,,,,,,,,,,,,,,,,,,,,,
1050,1,,,-73.9599517,40.8174900,2026-01-24 22:36:52.000,_20260124_172024_CH02_DUT_TMO-AUTO_HTTP MS DL_NJ DUT REF_L3.dml,,,,N41(x),,378,-96.000000,2.000000,,,,,,,,,,,,,,,,,
1051,1,,,-73.9599517,40.8174900,2026-01-24 22:36:53.000,_20260124_172024_CH02_DUT_TMO-AUTO_HTTP MS DL_NJ DUT REF_L3.dml,,,,N41(x),,378,-96.000000,2.000000,,,,,,,,,,,,,,,,,
1052,1,,,-73.9599517,40.8174900,2026-01-24 22:36:54.000,_20260124_172024_CH02_DUT_TMO-AUTO_HTTP MS DL_NJ DUT REF_L3.dml,,,,,,,,,,,,,,,,,,,,,,,,,
1053,1,,,-73.9599517,40.8174900,2026-01-24 22:36:55.000,_20260124_172024_CH02_DUT_TMO-AUTO_HTTP MS DL_NJ DUT REF_L3.dml,,,,,,,,,,,,,,,,,,,,,,,,,
1054,1,,,-73.9599517,40.8174900,2026-01-24 22:36:56.000,_20260124_172024_CH02_DUT_TMO-AUTO_HTTP MS DL_NJ DUT REF_L3.dml,,,,,,,,,,,,,,,,,,,,,,,,,
1055,1,,,-73.9599517,40.8174900,2026-01-24 22:36:57.000,_20260124_172024_CH02_DUT_TMO-AUTO_HTTP MS DL_NJ DUT REF_L3.dml,,,,N41(x),,378,-96.000000,2.000000,,,,,,,,,,,,,,,,,
1056,1,,,-73.9599517,40.8174900,2026-01-24 22:36:58.000,_20260124_172024_CH02_DUT_TMO-AUTO_HTTP MS DL_NJ DUT REF_L3.dml,,,,,,,,,,,,,,,,,,,,,,,,,
1057,1,,,-73.9599517,40.8174900,2026-01-24 22:36:59.000,_20260124_172024_CH02_DUT_TMO-AUTO_HTTP MS DL_NJ DUT REF_L3.dml,,,,,,,,,,,,,,,,,,,,,,,,,
1058,1,,,-73.9599517,40.8174900,2026-01-24 22:37:00.000,_20260124_172024_CH02_DUT_TMO-AUTO_HTTP MS DL_NJ DUT REF_L3.dml,,,,,,,,,,,,,,,,,,,,,,,,,
1059,1,,,-73.9599517,40.8174900,2026-01-24 22:37:01.000,_20260124_172024_CH02_DUT_TMO-AUTO_HTTP MS DL_NJ DUT REF_L3.dml,,,,N41(x),,378,-96.000000,0.000000,,,,,,,,,,,,,,,,,
1060,1,,,-73.9599517,40.8174900,2026-01-24 22:37:02.000,_20260124_172024_CH02_DUT_TMO-AUTO_HTTP MS DL_NJ DUT REF_L3.dml,,,,N41(x),,378,-97.000000,0.000000,,,,,,,,,,,,,,,,,
1061,1,,,-73.9599517,40.8174900,2026-01-24 22:37:03.000,_20260124_172024_CH02_DUT_TMO-AUTO_HTTP MS DL_NJ DUT REF_L3.dml,,,,N41(x),,378,-97.000000,0.000000,,,,,,,,,,,,,,,,,
1062,1,,,-73.9599517,40.8174900,2026-01-24 22:37:04.000,_20260124_172024_CH02_DUT_TMO-AUTO_HTTP MS DL_NJ DUT REF_L3.dml,,,,,,,,,,,,,,,,,,,,,,,,,
1063,1,,,-73.9599517,40.8174900,2026-01-24 22:37:05.000,_20260124_172024_CH02_DUT_TMO-AUTO_HTTP MS DL_NJ DUT REF_L3.dml,,,,,,,,,,,,,,,,,,,,,,,,,
1064,1,,,-73.9599517,40.8174900,2026-01-24 22:37:05.873,_20260124_172024_CH02_DUT_TMO-AUTO_HTTP MS DL_NJ DUT REF_L3.dml,,,,,,,,,,,,,,,Download Start Request,,,,,,,,,,
1065,1,,,-73.9599517,40.8174900,2026-01-24 22:37:06.000,_20260124_172024_CH02_DUT_TMO-AUTO_HTTP MS DL_NJ DUT REF_L3.dml,,,,,NR SA,,,,,,,,,,,,,,,,,,,,
1066,1,,,-73.9599517,40.8174900,2026-01-24 22:37:07.000,_20260124_172024_CH02_DUT_TMO-AUTO_HTTP MS DL_NJ DUT REF_L3.dml,,,,N41(100)+N41(x),NR SA,378,-95.290000,1.930000,,,,,,,,,,,,,,,,,
1067,1,,,-73.9599517,40.8174900,2026-01-24 22:37:07.215,_20260124_172024_CH02_DUT_TMO-AUTO_HTTP MS DL_NJ DUT REF_L3.dml,,,,,,,,,,,,,,,Download File Size Retrieved,,,,,,,,,,
1068,1,,,-73.9599517,40.8174900,2026-01-24 22:37:07.215,_20260124_172024_CH02_DUT_TMO-AUTO_HTTP MS DL_NJ DUT REF_L3.dml,,,,,,,,,,,,,,,Download Started,,,,,,,,,,
1069,1,,,-73.9599517,40.8174900,2026-01-24 22:37:08.000,_20260124_172024_CH02_DUT_TMO-AUTO_HTTP MS DL_NJ DUT REF_L3.dml,,,,N41(100)+N41(40),NR SA,378,-95.730000,2.180000,,,,,,,,,,,,,0.656,,,,
1070,1,,,-73.9599517,40.8174900,2026-01-24 22:37:09.000,_20260124_172024_CH02_DUT_TMO-AUTO_HTTP MS DL_NJ DUT REF_L3.dml,,,,N41(100)+N41(40),NR SA,378,-95.670000,1.750000,,,,,,,,,,,,,1.232,,,,
1071,1,,,-73.9599517,40.8174900,2026-01-24 22:37:10.000,_20260124_172024_CH02_DUT_TMO-AUTO_HTTP MS DL_NJ DUT REF_L3.dml,,,,N41(100)+N41(40),NR SA,378,-95.550000,2.160000,,,,,,,,136.875,,,,,0.920,,,,
1072,1,,,-73.9599517,40.8174900,2026-01-24 22:37:11.000,_20260124_172024_CH02_DUT_TMO-AUTO_HTTP MS DL_NJ DUT REF_L3.dml,,,,N41(100)+N41(40),NR SA,378,-95.670000,2.350000,,,,,,,,128.833,,,,,0.992,,,,
1073,1,,,-73.9599317,40.8174417,2026-01-24 22:37:12.000,_20260124_172024_CH02_DUT_TMO-AUTO_HTTP MS DL_NJ DUT REF_L3.dml,,,,N41(100)+N41(40),NR SA,378,-96.220000,1.430000,,,,,,,,119.927,,,,,1.024,,,,
1074,1,,,-73.9599250,40.8174417,2026-01-24 22:37:13.000,_20260124_172024_CH02_DUT_TMO-AUTO_HTTP MS DL_NJ DUT REF_L3.dml,,,,N41(100)+N41(40),NR SA,378,-95.350000,2.020000,,,,,,,,145.653,,,,,1.056,,,,
1075,1,,,-73.9599117,40.8174383,2026-01-24 22:37:14.000,_20260124_172024_CH02_DUT_TMO-AUTO_HTTP MS DL_NJ DUT REF_L3.dml,,,,N41(100)+N41(40),NR SA,378,-96.070000,1.820000,,,,,,,,132.939,,,,,0.960,,,,
1076,1,,,-73.9599117,40.8174383,2026-01-24 22:37:15.000,_20260124_172024_CH02_DUT_TMO-AUTO_HTTP MS DL_NJ DUT REF_L3.dml,,,,N41(100)+N41(40),NR SA,378,-95.880000,1.140000,,,,,,,,133.438,,,,,0.960,,,,
1077,1,,,-73.9599117,40.8174383,2026-01-24 22:37:16.000,_20260124_172024_CH02_DUT_TMO-AUTO_HTTP MS DL_NJ DUT REF_L3.dml,,,,N41(100)+N41(40),NR SA,378,-96.560000,0.870000,,,,,,,,103.541,,,,,0.888,,,,
1078,1,,,-73.9599117,40.8174383,2026-01-24 22:37:17.000,_20260124_172024_CH02_DUT_TMO-AUTO_HTTP MS DL_NJ DUT REF_L3.dml,,,,N41(100)+N41(40),NR SA,378,-96.650000,0.960000,,,,,,,,100.528,,,,,0.968,,,,
1079,1,,,-73.9599117,40.8174383,2026-01-24 22:37:18.000,_20260124_172024_CH02_DUT_TMO-AUTO_HTTP MS DL_NJ DUT REF_L3.dml,,,,N41(100)+N41(40),NR SA,378,-96.160000,1.380000,,,,,,,,110.448,,,,,0.928,,,,
1080,1,,,-73.9599117,40.8174383,2026-01-24 22:37:19.000,_20260124_172024_CH02_DUT_TMO-AUTO_HTTP MS DL_NJ DUT REF_L3.dml,,,,N41(100)+N41(40),NR SA,378,-95.790000,1.310000,,,,,,,,102.843,,,,,0.864,,,,
1081,1,,,-73.9599117,40.8174383,2026-01-24 22:37:20.000,_20260124_172024_CH02_DUT_TMO-AUTO_HTTP MS DL_NJ DUT REF_L3.dml,,,,N41(100)+N41(40),NR SA,378,-96.680000,0.320000,,,,,,,,86.650,,,,,0.856,,,,
1082,1,,,-73.9599117,40.8174383,2026-01-24 22:37:21.000,_20260124_172024_CH02_DUT_TMO-AUTO_HTTP MS DL_NJ DUT REF_L3.dml,,,,N41(100)+N41(40),NR SA,378,-96.360000,1.490000,,,,,,,,88.705,,,,,0.848,,,,
1083,1,,,-73.9599117,40.8174383,2026-01-24 22:37:22.000,_20260124_172024_CH02_DUT_TMO-AUTO_HTTP MS DL_NJ DUT REF_L3.dml,,,,N41(100)+N41(40),NR SA,378,-96.300000,1.250000,,,,,,,,94.173,,,,,1.200,,,,
1084,1,,,-73.9599117,40.8174383,2026-01-24 22:37:23.000,_20260124_172024_CH02_DUT_TMO-AUTO_HTTP MS DL_NJ DUT REF_L3.dml,,,,N41(100)+N41(40),NR SA,378,-96.440000,0.560000,,,,,,,,122.058,,,,,1.152,,,,
1085,1,,,-73.9599117,40.8174383,2026-01-24 22:37:24.000,_20260124_172024_CH02_DUT_TMO-AUTO_HTTP MS DL_NJ DUT REF_L3.dml,,,,N41(100)+N41(40),NR SA,378,-96.260000,0.260000,,,,,,,,119.633,,,,,1.032,,,,
1086,1,,,-73.9599117,40.8174383,2026-01-24 22:37:25.000,_20260124_172024_CH02_DUT_TMO-AUTO_HTTP MS DL_NJ DUT REF_L3.dml,,,,N41(100)+N41(40),NR SA,378,-96.750000,0.570000,,,,,,,,136.744,,,,,0.968,,,,
1087,1,,,-73.9599117,40.8174383,2026-01-24 22:37:26.000,_20260124_172024_CH02_DUT_TMO-AUTO_HTTP MS DL_NJ DUT REF_L3.dml,,,,N41(100)+N41(40),NR SA,378,-96.650000,0.770000,,,,,,,,143.030,,,,,0.960,,,,
1088,1,,,-73.9599117,40.8174383,2026-01-24 22:37:27.000,_20260124_172024_CH02_DUT_TMO-AUTO_HTTP MS DL_NJ DUT REF_L3.dml,,,,N41(100)+N41(40),NR SA,378,-96.840000,-0.080000,,,,,,,,108.690,,,,,0.984,,,,
1089,1,,,-73.9599117,40.8174383,2026-01-24 22:37:28.000,_20260124_172024_CH02_DUT_TMO-AUTO_HTTP MS DL_NJ DUT REF_L3.dml,,,,N41(100)+N41(40),NR SA,378,-96.790000,-0.450000,,,,,,,,124.974,,,,,0.808,,,,
1090,1,,,-73.9599117,40.8174383,2026-01-24 22:37:29.000,_20260124_172024_CH02_DUT_TMO-AUTO_HTTP MS DL_NJ DUT REF_L3.dml,,,,N41(100)+N41(40),NR SA,378,-96.500000,0.500000,,,,,,,,120.536,,,,,0.952,,,,
1091,1,,,-73.9599117,40.8174383,2026-01-24 22:37:30.000,_20260124_172024_CH02_DUT_TMO-AUTO_HTTP MS DL_NJ DUT REF_L3.dml,,,,N41(100)+N41(40),NR SA,378,-97.250000,-1.540000,,,,,,,,120.683,,,,,0.864,,,,
1092,1,,,-73.9599117,40.8174383,2026-01-24 22:37:31.000,_20260124_172024_CH02_DUT_TMO-AUTO_HTTP MS DL_NJ DUT REF_L3.dml,,,,N41(100)+N41(40),NR SA,378,-97.180000,-0.720000,,,,,,,,101.502,,,,,0.800,,,,
1093,1,,,-73.9599117,40.8174383,2026-01-24 22:37:32.000,_20260124_172024_CH02_DUT_TMO-AUTO_HTTP MS DL_NJ DUT REF_L3.dml,,,,N41(100)+N41(40),NR SA,378,-97.040000,-1.150000,,,,,,,,107.457,,,,,0.984,,,,
1094,1,,,-73.9599117,40.8174383,2026-01-24 22:37:33.000,_20260124_172024_CH02_DUT_TMO-AUTO_HTTP MS DL_NJ DUT REF_L3.dml,,,,N41(100)+N41(40),NR SA,378,-96.610000,-0.670000,,,,,,,,103.352,,,,,1.112,,,,
1095,1,,,-73.9599117,40.8174383,2026-01-24 22:37:34.000,_20260124_172024_CH02_DUT_TMO-AUTO_HTTP MS DL_NJ DUT REF_L3.dml,,,,N41(100)+N41(40),NR SA,378,-96.860000,-1.570000,,,,,,,,130.321,,,,,0.896,,,,
1096,1,,,-73.9599117,40.8174383,2026-01-24 22:37:35.000,_20260124_172024_CH02_DUT_TMO-AUTO_HTTP MS DL_NJ DUT REF_L3.dml,,,,N41(100)+N41(40),NR SA,378,-97.030000,-1.720000,,,,,,,,114.647,,,,,0.896,,,,
1097,1,,,-73.9599117,40.8174383,2026-01-24 22:37:36.000,_20260124_172024_CH02_DUT_TMO-AUTO_HTTP MS DL_NJ DUT REF_L3.dml,,,,N41(100)+N41(40),NR SA,378,-97.000000,-0.780000,,,,,,,,102.097,,,,,0.824,,,,
1098,1,,,-73.9599117,40.8174383,2026-01-24 22:37:37.000,_20260124_172024_CH02_DUT_TMO-AUTO_HTTP MS DL_NJ DUT REF_L3.dml,,,,N41(100)+N41(40),NR SA,378,-97.100000,-2.620000,,,,,,,,78.792,,,,,1.040,,,,
1099,1,,,-73.9599117,40.8174383,2026-01-24 22:37:38.215,_20260124_172024_CH02_DUT_TMO-AUTO_HTTP MS DL_NJ DUT REF_L3.dml,,,,,,,,,,,,,,,Download End Request,,,,,,,,,,
1100,1,,,-73.9599117,40.8174383,2026-01-24 22:37:38.000,_20260124_172024_CH02_DUT_TMO-AUTO_HTTP MS DL_NJ DUT REF_L3.dml,,,,N41(100)+N41(40),NR SA,378,-97.020000,-2.590000,,,,,,,,114.329,,,,,0.896,,,,
1101,1,,,-73.9599117,40.8174383,2026-01-24 22:37:38.309,_20260124_172024_CH02_DUT_TMO-AUTO_HTTP MS DL_NJ DUT REF_L3.dml,,,,,,,,,,,,,,,Download Ended,,,,,,,,,,
1102,1,,,-73.9599117,40.8174383,2026-01-24 22:37:39.000,_20260124_172024_CH02_DUT_TMO-AUTO_HTTP MS DL_NJ DUT REF_L3.dml,,,,N41(100)+N41(40),NR SA,378,-96.380000,0.350000,,,,,,,,,,,,,,,,,
1103,1,,,-73.9599117,40.8174383,2026-01-24 22:37:40.000,_20260124_172024_CH02_DUT_TMO-AUTO_HTTP MS DL_NJ DUT REF_L3.dml,,,,N41(100)+N41(40),,378,-97.000000,0.000000,,,,,,,,,,,,,0.592,,,,
1104,1,,,-73.9599117,40.8174383,2026-01-24 22:37:41.000,_20260124_172024_CH02_DUT_TMO-AUTO_HTTP MS DL_NJ DUT REF_L3.dml,,,,N41(100)+N41(40),,378,-97.170000,-2.670000,,,,,,,,,,,,,0.000,,,,
1105,1,,,-73.9599117,40.8174383,2026-01-24 22:37:42.000,_20260124_172024_CH02_DUT_TMO-AUTO_HTTP MS DL_NJ DUT REF_L3.dml,,,,N41(100)+N41(40),,378,-97.000000,-2.820000,,,,,,,,,,,,,,,,,
1106,1,,,-73.9599117,40.8174383,2026-01-24 22:37:43.000,_20260124_172024_CH02_DUT_TMO-AUTO_HTTP MS DL_NJ DUT REF_L3.dml,,,,N41(100)+N41(40),,378,-97.130000,-3.000000,,,,,,,,,,,,,,,,,
1107,1,,,-73.9599117,40.8174383,2026-01-24 22:37:44.000,_20260124_172024_CH02_DUT_TMO-AUTO_HTTP MS DL_NJ DUT REF_L3.dml,,,,N41(100)+N41(40),,378,-96.840000,-2.510000,,,,,,,,,,,,,,,,,
1108,1,,,-73.9599117,40.8174383,2026-01-24 22:37:45.000,_20260124_172024_CH02_DUT_TMO-AUTO_HTTP MS DL_NJ DUT REF_L3.dml,,,,N41(100)+N41(40),,378,-97.000000,-2.830000,,,,,,,,,,,,,0.000,,,,
1109,1,,,-73.9599117,40.8174383,2026-01-24 22:37:46.000,_20260124_172024_CH02_DUT_TMO-AUTO_HTTP MS DL_NJ DUT REF_L3.dml,,,,N41(100)+N41(40),,378,-97.000000,-3.000000,,,,,,,,,,,,,0.000,,,,
1110,1,,,-73.9599117,40.8174383,2026-01-24 22:37:47.000,_20260124_172024_CH02_DUT_TMO-AUTO_HTTP MS DL_NJ DUT REF_L3.dml,,,,N41(100)+N41(40),,378,-96.140000,-2.000000,,,,,,,,,,,,,0.000,,,,
1111,1,,,-73.9599417,40.8175350,2026-01-24 22:37:48.000,_20260124_172024_CH02_DUT_TMO-AUTO_HTTP MS DL_NJ DUT REF_L3.dml,,,,N41(100)+N41(40),,378,-96.500000,-2.430000,,,,,,,,,,,,,0.000,,,,
1112,1,,,-73.9599417,40.8175350,2026-01-24 22:37:49.000,_20260124_172024_CH02_DUT_TMO-AUTO_HTTP MS DL_NJ DUT REF_L3.dml,,,,N41(100)+N41(40),,378,-96.000000,-1.670000,,,,,,,,,,,,,,,,,
1113,1,,,-73.9599433,40.8175383,2026-01-24 22:37:50.000,_20260124_172024_CH02_DUT_TMO-AUTO_HTTP MS DL_NJ DUT REF_L3.dml,,,,N41(100)+N41(40),,378,-97.200000,-2.800000,,,,,,,,,,,,,,,,,
1114,1,,,-73.9599417,40.8175417,2026-01-24 22:37:51.000,_20260124_172024_CH02_DUT_TMO-AUTO_HTTP MS DL_NJ DUT REF_L3.dml,,,,N41(100)+N41(40),,378,-96.690000,-2.100000,,,,,,,,,,,,,0.016,,,,
1115,1,,,-73.9599417,40.8175417,2026-01-24 22:37:52.000,_20260124_172024_CH02_DUT_TMO-AUTO_HTTP MS DL_NJ DUT REF_L3.dml,,,,N41(x)+N41(x),,440,-95.750000,-1.750000,,,,,,,,,,,,,,,,,
1116,1,,,-73.9599417,40.8175417,2026-01-24 22:37:53.000,_20260124_172024_CH02_DUT_TMO-AUTO_HTTP MS DL_NJ DUT REF_L3.dml,,,,N41(x),,440,-95.000000,0.000000,,,,,,,,,,,,,,,,,
1117,1,,,-73.9599417,40.8175417,2026-01-24 22:37:54.000,_20260124_172024_CH02_DUT_TMO-AUTO_HTTP MS DL_NJ DUT REF_L3.dml,,,,N41(x),,440,-95.000000,0.000000,,,,,,,,,,,,,,,,,
1118,1,,,-73.9599417,40.8175417,2026-01-24 22:37:55.000,_20260124_172024_CH02_DUT_TMO-AUTO_HTTP MS DL_NJ DUT REF_L3.dml,,,,,,,,,,,,,,,,,,,,,,,,,
1119,1,,,-73.9599417,40.8175417,2026-01-24 22:37:56.000,_20260124_172024_CH02_DUT_TMO-AUTO_HTTP MS DL_NJ DUT REF_L3.dml,,,,N41(x),,440,-95.000000,0.000000,,,,,,,,,,,,,,,,,
1120,1,,,-73.9599417,40.8175417,2026-01-24 22:37:57.000,_20260124_172024_CH02_DUT_TMO-AUTO_HTTP MS DL_NJ DUT REF_L3.dml,,,,N41(x),,440,-95.000000,0.000000,,,,,,,,,,,,,,,,,
1121,1,,,-73.9599417,40.8175417,2026-01-24 22:37:58.000,_20260124_172024_CH02_DUT_TMO-AUTO_HTTP MS DL_NJ DUT REF_L3.dml,,,,N41(x),,440,-95.000000,0.000000,,,,,,,,,,,,,,,,,
1122,1,,,-73.9599417,40.8175417,2026-01-24 22:37:59.000,_20260124_172024_CH02_DUT_TMO-AUTO_HTTP MS DL_NJ DUT REF_L3.dml,,,,,,,,,,,,,,,,,,,,,,,,,
1123,1,,,-73.9599417,40.8175417,2026-01-24 22:38:00.000,_20260124_172024_CH02_DUT_TMO-AUTO_HTTP MS DL_NJ DUT REF_L3.dml,,,,N41(x),,440,-93.000000,1.000000,,,,,,,,,,,,,,,,,
1124,1,,,-73.9599417,40.8175417,2026-01-24 22:38:01.000,_20260124_172024_CH02_DUT_TMO-AUTO_HTTP MS DL_NJ DUT REF_L3.dml,,,,N41(x),,440,-93.000000,1.000000,,,,,,,,,,,,,,,,,
1125,1,,,-73.9599417,40.8175417,2026-01-24 22:38:02.000,_20260124_172024_CH02_DUT_TMO-AUTO_HTTP MS DL_NJ DUT REF_L3.dml,,,,N41(x),,440,-92.000000,3.000000,,,,,,,,,,,,,,,,,
1126,1,,,-73.9599417,40.8175417,2026-01-24 22:38:03.000,_20260124_172024_CH02_DUT_TMO-AUTO_HTTP MS DL_NJ DUT REF_L3.dml,,,,N41(x),,440,-93.000000,2.000000,,,,,,,,,,,,,,,,,
1127,1,,,-73.9599417,40.8175417,2026-01-24 22:38:04.000,_20260124_172024_CH02_DUT_TMO-AUTO_HTTP MS DL_NJ DUT REF_L3.dml,,,,,,,,,,,,,,,,,,,,,,,,,
1128,1,,,-73.9599417,40.8175417,2026-01-24 22:38:05.000,_20260124_172024_CH02_DUT_TMO-AUTO_HTTP MS DL_NJ DUT REF_L3.dml,,,,N41(x),,440,-93.000000,2.500000,,,,,,,,,,,,,,,,,
1129,1,,,-73.9599417,40.8175417,2026-01-24 22:38:06.000,_20260124_172024_CH02_DUT_TMO-AUTO_HTTP MS DL_NJ DUT REF_L3.dml,,,,N41(x),,440,-93.000000,1.000000,,,,,,,,,,,,,,,,,
1130,1,,,-73.9599417,40.8175417,2026-01-24 22:38:07.000,_20260124_172024_CH02_DUT_TMO-AUTO_HTTP MS DL_NJ DUT REF_L3.dml,,,,N41(x),,440,-96.000000,-1.000000,,,,,,,,,,,,,,,,,
1131,1,,,-73.9599417,40.8175417,2026-01-24 22:38:08.000,_20260124_172024_CH02_DUT_TMO-AUTO_HTTP MS DL_NJ DUT REF_L3.dml,,,,,,,,,,,,,,,,,,,,,,,,,
1132,1,,,-73.9599417,40.8175417,2026-01-24 22:38:09.000,_20260124_172024_CH02_DUT_TMO-AUTO_HTTP MS DL_NJ DUT REF_L3.dml,,,,N41(x),,440,-94.000000,0.000000,,,,,,,,,,,,,,,,,
1133,1,,,-73.9599417,40.8175417,2026-01-24 22:38:10.000,_20260124_172024_CH02_DUT_TMO-AUTO_HTTP MS DL_NJ DUT REF_L3.dml,,,,N41(x),,440,-95.000000,0.000000,,,,,,,,,,,,,,,,,
1134,1,,,-73.9599417,40.8175417,2026-01-24 22:38:11.000,_20260124_172024_CH02_DUT_TMO-AUTO_HTTP MS DL_NJ DUT REF_L3.dml,,,,N41(x),,440,-94.000000,0.000000,,,,,,,,,,,,,,,,,
1135,1,,,-73.9599417,40.8175417,2026-01-24 22:38:12.000,_20260124_172024_CH02_DUT_TMO-AUTO_HTTP MS DL_NJ DUT REF_L3.dml,,,,N41(x),,440,-96.000000,0.000000,,,,,,,,,,,,,,,,,
1136,1,,,-73.9599417,40.8175417,2026-01-24 22:38:13.000,_20260124_172024_CH02_DUT_TMO-AUTO_HTTP MS DL_NJ DUT REF_L3.dml,,,,,,,,,,,,,,,,,,,,,,,,,
1137,1,,,-73.9599417,40.8175417,2026-01-24 22:38:14.000,_20260124_172024_CH02_DUT_TMO-AUTO_HTTP MS DL_NJ DUT REF_L3.dml,,,,N41(x),,440,-95.000000,0.000000,,,,,,,,,,,,,,,,,
1138,1,,,-73.9599417,40.8175417,2026-01-24 22:38:15.000,_20260124_172024_CH02_DUT_TMO-AUTO_HTTP MS DL_NJ DUT REF_L3.dml,,,,N41(x),,440,-96.000000,0.000000,,,,,,,,,,,,,,,,,
1139,1,,,-73.9599417,40.8175417,2026-01-24 22:38:16.000,_20260124_172024_CH02_DUT_TMO-AUTO_HTTP MS DL_NJ DUT REF_L3.dml,,,,N41(x),,440,-97.500000,-1.500000,,,,,,,,,,,,,,,,,
1140,1,,,-73.9599417,40.8175417,2026-01-24 22:38:17.000,_20260124_172024_CH02_DUT_TMO-AUTO_HTTP MS DL_NJ DUT REF_L3.dml,,,,,,,,,,,,,,,,,,,,,,,,,
1141,1,,,-73.9599417,40.8175417,2026-01-24 22:38:18.000,_20260124_172024_CH02_DUT_TMO-AUTO_HTTP MS DL_NJ DUT REF_L3.dml,,,,N41(x),,440,-98.000000,-2.000000,,,,,,,,,,,,,,,,,
1142,1,,,-73.9599417,40.8175417,2026-01-24 22:38:19.000,_20260124_172024_CH02_DUT_TMO-AUTO_HTTP MS DL_NJ DUT REF_L3.dml,,,,N41(x),,440,-99.000000,-2.000000,,,,,,,,,,,,,,,,,
1143,1,,,-73.9599417,40.8175417,2026-01-24 22:38:19.231,_20260124_172024_CH02_DUT_TMO-AUTO_HTTP MS DL_NJ DUT REF_L3.dml,,,,,,,,,,,,,,,Download Start Request,,,,,,,,,,
1144,1,,,-73.9599417,40.8175417,2026-01-24 22:38:20.000,_20260124_172024_CH02_DUT_TMO-AUTO_HTTP MS DL_NJ DUT REF_L3.dml,,,,N41(100)+N41(50),NR SA,440,-100.000000,-2.500000,,,,,,,,,,,,,,,,,
1145,1,,,-73.9599417,40.8175417,2026-01-24 22:38:20.794,_20260124_172024_CH02_DUT_TMO-AUTO_HTTP MS DL_NJ DUT REF_L3.dml,,,,,,,,,,,,,,,Download File Size Retrieved,,,,,,,,,,
1146,1,,,-73.9599417,40.8175417,2026-01-24 22:38:20.794,_20260124_172024_CH02_DUT_TMO-AUTO_HTTP MS DL_NJ DUT REF_L3.dml,,,,,,,,,,,,,,,Download Started,,,,,,,,,,
1147,1,,,-73.9599417,40.8175417,2026-01-24 22:38:21.000,_20260124_172024_CH02_DUT_TMO-AUTO_HTTP MS DL_NJ DUT REF_L3.dml,,,,N41(100)+N41(40),NR SA,440,-99.440000,-2.380000,,,,,,,,,,,,,0.504,,,,
1148,1,,,-73.9599417,40.8175417,2026-01-24 22:38:22.000,_20260124_172024_CH02_DUT_TMO-AUTO_HTTP MS DL_NJ DUT REF_L3.dml,,,,N41(100)+N41(40),NR SA,440,-99.830000,-4.510000,,,,,,,,,,,,,1.768,,,,
1149,1,,,-73.9599417,40.8175417,2026-01-24 22:38:23.000,_20260124_172024_CH02_DUT_TMO-AUTO_HTTP MS DL_NJ DUT REF_L3.dml,,,,N41(100)+N41(40),NR SA,440,-99.330000,-3.960000,,,,,,,,90.873,,,,,1.360,,,,
1150,1,,,-73.9599417,40.8175417,2026-01-24 22:38:24.000,_20260124_172024_CH02_DUT_TMO-AUTO_HTTP MS DL_NJ DUT REF_L3.dml,,,,N41(100)+N41(40),NR SA,440,-100.270000,-4.670000,,,,,,,,45.654,,,,,0.984,,,,
1151,1,,,-73.9599417,40.8175417,2026-01-24 22:38:25.000,_20260124_172024_CH02_DUT_TMO-AUTO_HTTP MS DL_NJ DUT REF_L3.dml,,,,N41(100)+N41(40),NR SA,440,-100.020000,-3.850000,,,,,,,,30.531,,,,,0.920,,,,
1152,1,,,-73.9599417,40.8175417,2026-01-24 22:38:26.000,_20260124_172024_CH02_DUT_TMO-AUTO_HTTP MS DL_NJ DUT REF_L3.dml,,,,N41(100)+N41(40),NR SA,378,-101.360000,-4.700000,,,,,,,,17.974,,,,,,,,,
1153,1,,,-73.9599417,40.8175417,2026-01-24 22:38:27.000,_20260124_172024_CH02_DUT_TMO-AUTO_HTTP MS DL_NJ DUT REF_L3.dml,,,,N41(100)+N41(40),NR SA,378,-97.690000,0.250000,,,,,,,,39.428,,,,,0.784,,,,
1154,1,,,-73.9599417,40.8175417,2026-01-24 22:38:28.000,_20260124_172024_CH02_DUT_TMO-AUTO_HTTP MS DL_NJ DUT REF_L3.dml,,,,N41(100)+N41(40),NR SA,378,-97.180000,0.690000,,,,,,,,69.348,,,,,1.072,,,,
1155,1,,,-73.9599417,40.8175417,2026-01-24 22:38:29.000,_20260124_172024_CH02_DUT_TMO-AUTO_HTTP MS DL_NJ DUT REF_L3.dml,,,,N41(100)+N41(40),NR SA,378,-96.430000,1.670000,,,,,,,,90.916,,,,,1.064,,,,
1156,1,,,-73.9599417,40.8175417,2026-01-24 22:38:30.000,_20260124_172024_CH02_DUT_TMO-AUTO_HTTP MS DL_NJ DUT REF_L3.dml,,,,N41(100)+N41(40),NR SA,378,-96.770000,1.380000,,,,,,,,82.040,,,,,0.960,,,,
1157,1,,,-73.9599417,40.8175417,2026-01-24 22:38:31.000,_20260124_172024_CH02_DUT_TMO-AUTO_HTTP MS DL_NJ DUT REF_L3.dml,,,,N41(100)+N41(40),NR SA,378,-97.130000,0.270000,,,,,,,,65.413,,,,,0.848,,,,
1158,1,,,-73.9599417,40.8175417,2026-01-24 22:38:32.000,_20260124_172024_CH02_DUT_TMO-AUTO_HTTP MS DL_NJ DUT REF_L3.dml,,,,N41(100)+N41(40),NR SA,378,-96.660000,1.460000,,,,,,,,76.305,,,,,0.888,,,,
1159,1,,,-73.9599417,40.8175417,2026-01-24 22:38:33.000,_20260124_172024_CH02_DUT_TMO-AUTO_HTTP MS DL_NJ DUT REF_L3.dml,,,,N41(100)+N41(40),NR SA,378,-96.260000,2.350000,,,,,,,,80.539,,,,,1.040,,,,
1160,1,,,-73.9599417,40.8175417,2026-01-24 22:38:34.000,_20260124_172024_CH02_DUT_TMO-AUTO_HTTP MS DL_NJ DUT REF_L3.dml,,,,N41(100)+N41(40),NR SA,378,-96.520000,0.780000,,,,,,,,89.655,,,,,0.984,,,,
1161,1,,,-73.9599417,40.8175417,2026-01-24 22:38:35.000,_20260124_172024_CH02_DUT_TMO-AUTO_HTTP MS DL_NJ DUT REF_L3.dml,,,,N41(100)+N41(40),NR SA,378,-96.640000,0.400000,,,,,,,,91.877,,,,,1.000,,,,
1162,1,,,-73.9599417,40.8175417,2026-01-24 22:38:36.000,_20260124_172024_CH02_DUT_TMO-AUTO_HTTP MS DL_NJ DUT REF_L3.dml,,,,N41(100)+N41(40),NR SA,378,-96.200000,1.350000,,,,,,,,97.777,,,,,1.072,,,,
1163,1,,,-73.9599417,40.8175417,2026-01-24 22:38:37.000,_20260124_172024_CH02_DUT_TMO-AUTO_HTTP MS DL_NJ DUT REF_L3.dml,,,,N41(100)+N41(40),NR SA,378,-96.100000,3.000000,,,,,,,,89.952,,,,,0.952,,,,
1164,1,,,-73.9599417,40.8175417,2026-01-24 22:38:38.000,_20260124_172024_CH02_DUT_TMO-AUTO_HTTP MS DL_NJ DUT REF_L3.dml,,,,N41(100)+N41(40),NR SA,378,-96.650000,1.120000,,,,,,,,91.592,,,,,1.048,,,,
1165,1,,,-73.9599417,40.8175417,2026-01-24 22:38:39.000,_20260124_172024_CH02_DUT_TMO-AUTO_HTTP MS DL_NJ DUT REF_L3.dml,,,,N41(100)+N41(40),NR SA,378,-96.410000,2.290000,,,,,,,,87.720,,,,,1.064,,,,
1166,1,,,-73.9599417,40.8175417,2026-01-24 22:38:40.000,_20260124_172024_CH02_DUT_TMO-AUTO_HTTP MS DL_NJ DUT REF_L3.dml,,,,N41(100)+N41(40),NR SA,378,-96.690000,1.360000,,,,,,,,101.695,,,,,1.152,,,,
1167,1,,,-73.9599417,40.8175417,2026-01-24 22:38:41.000,_20260124_172024_CH02_DUT_TMO-AUTO_HTTP MS DL_NJ DUT REF_L3.dml,,,,N41(100)+N41(40),NR SA,378,-96.710000,1.260000,,,,,,,,100.614,,,,,0.960,,,,
1168,1,,,-73.9599000,40.8175133,2026-01-24 22:38:42.000,_20260124_172024_CH02_DUT_TMO-AUTO_HTTP MS DL_NJ DUT REF_L3.dml,,,,N41(100)+N41(40),NR SA,378,-96.350000,2.390000,,,,,,,,87.175,,,,,0.920,,,,
1169,1,,,-73.9599100,40.8175217,2026-01-24 22:38:43.000,_20260124_172024_CH02_DUT_TMO-AUTO_HTTP MS DL_NJ DUT REF_L3.dml,,,,N41(100)+N41(40),NR SA,378,-96.560000,1.420000,,,,,,,,92.128,,,,,1.160,,,,
1170,1,,,-73.9599117,40.8175283,2026-01-24 22:38:44.000,_20260124_172024_CH02_DUT_TMO-AUTO_HTTP MS DL_NJ DUT REF_L3.dml,,,,N41(100)+N41(40),NR SA,378,-96.420000,2.090000,,,,,,,,124.326,,,,,1.152,,,,
1171,1,,,-73.9599117,40.8175233,2026-01-24 22:38:45.000,_20260124_172024_CH02_DUT_TMO-AUTO_HTTP MS DL_NJ DUT REF_L3.dml,,,,N41(100)+N41(40),NR SA,378,-96.690000,1.670000,,,,,,,,137.720,,,,,1.208,,,,
1172,1,,,-73.9599117,40.8175233,2026-01-24 22:38:46.000,_20260124_172024_CH02_DUT_TMO-AUTO_HTTP MS DL_NJ DUT REF_L3.dml,,,,N41(100)+N41(40),NR SA,378,-96.460000,2.020000,,,,,,,,107.992,,,,,1.096,,,,
1173,1,,,-73.9599117,40.8175233,2026-01-24 22:38:47.000,_20260124_172024_CH02_DUT_TMO-AUTO_HTTP MS DL_NJ DUT REF_L3.dml,,,,N41(100)+N41(40),NR SA,378,-96.760000,1.530000,,,,,,,,124.015,,,,,1.344,,,,
1174,1,,,-73.9599117,40.8175233,2026-01-24 22:38:48.000,_20260124_172024_CH02_DUT_TMO-AUTO_HTTP MS DL_NJ DUT REF_L3.dml,,,,N41(100)+N41(40),NR SA,378,-96.300000,2.050000,,,,,,,,126.507,,,,,1.200,,,,
1175,1,,,-73.9599117,40.8175233,2026-01-24 22:38:49.000,_20260124_172024_CH02_DUT_TMO-AUTO_HTTP MS DL_NJ DUT REF_L3.dml,,,,N41(100)+N41(40),NR SA,378,-97.020000,1.190000,,,,,,,,102.584,,,,,1.064,,,,
1176,1,,,-73.9599117,40.8175233,2026-01-24 22:38:50.000,_20260124_172024_CH02_DUT_TMO-AUTO_HTTP MS DL_NJ DUT REF_L3.dml,,,,N41(100)+N41(40),NR SA,378,-96.340000,1.000000,,,,,,,,89.941,,,,,1.032,,,,
1177,1,,,-73.9599117,40.8175233,2026-01-24 22:38:51.000,_20260124_172024_CH02_DUT_TMO-AUTO_HTTP MS DL_NJ DUT REF_L3.dml,,,,N41(100)+N41(40),NR SA,378,-96.560000,1.150000,,,,,,,,104.389,,,,,1.280,,,,
1178,1,,,-73.9599117,40.8175233,2026-01-24 22:38:51.794,_20260124_172024_CH02_DUT_TMO-AUTO_HTTP MS DL_NJ DUT REF_L3.dml,,,,,,,,,,,,,,,Download End Request,,,,,,,,,,
1179,1,,,-73.9599117,40.8175233,2026-01-24 22:38:51.887,_20260124_172024_CH02_DUT_TMO-AUTO_HTTP MS DL_NJ DUT REF_L3.dml,,,,,,,,,,,,,,,Download Ended,,,,,,,,,,
1180,1,,,-73.9599117,40.8175233,2026-01-24 22:38:52.000,_20260124_172024_CH02_DUT_TMO-AUTO_HTTP MS DL_NJ DUT REF_L3.dml,,,,N41(100)+N41(40),,378,-96.760000,1.780000,,,,,,,,124.631,,,,,1.416,,,,
1181,1,,,-73.9599117,40.8175233,2026-01-24 22:38:53.000,_20260124_172024_CH02_DUT_TMO-AUTO_HTTP MS DL_NJ DUT REF_L3.dml,,,,N41(100)+N41(40),,378,-96.210000,1.540000,,,,,,,,,,,,,,,,,
1182,1,,,-73.9599117,40.8175233,2026-01-24 22:38:54.000,_20260124_172024_CH02_DUT_TMO-AUTO_HTTP MS DL_NJ DUT REF_L3.dml,,,,N41(100)+N41(40),,378,-96.120000,2.440000,,,,,,,,,,,,,0.728,,,,
1183,1,,,-73.9599117,40.8175233,2026-01-24 22:38:55.000,_20260124_172024_CH02_DUT_TMO-AUTO_HTTP MS DL_NJ DUT REF_L3.dml,,,,N41(100)+N41(40),,378,-96.000000,2.000000,,,,,,,,,,,,,0.000,,,,
1184,1,,,-73.9599117,40.8175233,2026-01-24 22:38:56.000,_20260124_172024_CH02_DUT_TMO-AUTO_HTTP MS DL_NJ DUT REF_L3.dml,,,,N41(100)+N41(40),,378,-96.790000,2.120000,,,,,,,,,,,,,0.008,,,,
1185,1,,,-73.9599117,40.8175233,2026-01-24 22:38:57.000,_20260124_172024_CH02_DUT_TMO-AUTO_HTTP MS DL_NJ DUT REF_L3.dml,,,,N41(100)+N41(40),,378,-96.000000,1.000000,,,,,,,,,,,,,0.120,,,,
1186,1,,,-73.9599117,40.8175233,2026-01-24 22:38:58.000,_20260124_172024_CH02_DUT_TMO-AUTO_HTTP MS DL_NJ DUT REF_L3.dml,,,,N41(100)+N41(40),,378,-95.670000,3.670000,,,,,,,,,,,,,,,,,
1187,1,,,-73.9599117,40.8175233,2026-01-24 22:38:59.000,_20260124_172024_CH02_DUT_TMO-AUTO_HTTP MS DL_NJ DUT REF_L3.dml,,,,N41(100)+N41(40),,378,-95.600000,2.600000,,,,,,,,,,,,,0.000,,,,
1188,1,,,-73.9599117,40.8175233,2026-01-24 22:39:00.000,_20260124_172024_CH02_DUT_TMO-AUTO_HTTP MS DL_NJ DUT REF_L3.dml,,,,N41(100)+N41(40),,378,-97.000000,1.000000,,,,,,,,,,,,,0.000,,,,
1189,1,,,-73.9599117,40.8175233,2026-01-24 22:39:01.000,_20260124_172024_CH02_DUT_TMO-AUTO_HTTP MS DL_NJ DUT REF_L3.dml,,,,N41(100)+N41(40),,378,-97.000000,0.000000,,,,,,,,,,,,,0.000,,,,
1190,1,,,-73.9599117,40.8175233,2026-01-24 22:39:02.000,_20260124_172024_CH02_DUT_TMO-AUTO_HTTP MS DL_NJ DUT REF_L3.dml,,,,N41(100)+N41(40),,378,-96.720000,1.000000,,,,,,,,,,,,,,,,,
1191,1,,,-73.9599117,40.8175233,2026-01-24 22:39:03.000,_20260124_172024_CH02_DUT_TMO-AUTO_HTTP MS DL_NJ DUT REF_L3.dml,,,,N41(100)+N41(40),,378,-97.000000,0.000000,,,,,,,,,,,,,0.000,,,,
1192,1,,,-73.9599117,40.8175233,2026-01-24 22:39:04.000,_20260124_172024_CH02_DUT_TMO-AUTO_HTTP MS DL_NJ DUT REF_L3.dml,,,,N41(100)+N41(40),,378,-96.700000,1.050000,,,,,,,,,,,,,,,,,
1193,1,,,-73.9599117,40.8175233,2026-01-24 22:39:05.000,_20260124_172024_CH02_DUT_TMO-AUTO_HTTP MS DL_NJ DUT REF_L3.dml,,,,N41(100)+N41(40),,378,-97.000000,0.000000,,,,,,,,,,,,,0.000,,,,
1194,1,,,-73.9599117,40.8175233,2026-01-24 22:39:06.000,_20260124_172024_CH02_DUT_TMO-AUTO_HTTP MS DL_NJ DUT REF_L3.dml,,,,N41(x)+N41(x),,378,-95.750000,1.500000,,,,,,,,,,,,,,,,,
1195,1,,,-73.9599117,40.8175233,2026-01-24 22:39:07.000,_20260124_172024_CH02_DUT_TMO-AUTO_HTTP MS DL_NJ DUT REF_L3.dml,,,,,,,,,,,,,,,,,,,,,,,,,
1196,1,,,-73.9599117,40.8175233,2026-01-24 22:39:08.000,_20260124_172024_CH02_DUT_TMO-AUTO_HTTP MS DL_NJ DUT REF_L3.dml,,,,,,,,,,,,,,,,,,,,,,,,,
1197,1,,,-73.9599117,40.8175233,2026-01-24 22:39:09.000,_20260124_172024_CH02_DUT_TMO-AUTO_HTTP MS DL_NJ DUT REF_L3.dml,,,,N41(x),,378,-96.000000,1.000000,,,,,,,,,,,,,,,,,
1198,1,,,-73.9599117,40.8175233,2026-01-24 22:39:10.000,_20260124_172024_CH02_DUT_TMO-AUTO_HTTP MS DL_NJ DUT REF_L3.dml,,,,N41(x),,378,-96.000000,1.000000,,,,,,,,,,,,,,,,,
1199,1,,,-73.9599117,40.8175233,2026-01-24 22:39:11.000,_20260124_172024_CH02_DUT_TMO-AUTO_HTTP MS DL_NJ DUT REF_L3.dml,,,,N41(x),,378,-96.000000,1.000000,,,,,,,,,,,,,,,,,
1200,1,,,-73.9599117,40.8175233,2026-01-24 22:39:12.000,_20260124_172024_CH02_DUT_TMO-AUTO_HTTP MS DL_NJ DUT REF_L3.dml,,,,,,,,,,,,,,,,,,,,,,,,,
1201,1,,,-73.9599117,40.8175233,2026-01-24 22:39:13.000,_20260124_172024_CH02_DUT_TMO-AUTO_HTTP MS DL_NJ DUT REF_L3.dml,,,,,,,,,,,,,,,,,,,,,,,,,
1202,1,,,-73.9599117,40.8175233,2026-01-24 22:39:14.000,_20260124_172024_CH02_DUT_TMO-AUTO_HTTP MS DL_NJ DUT REF_L3.dml,,,,,,,,,,,,,,,,,,,,,,,,,
1203,1,,,-73.9599117,40.8175233,2026-01-24 22:39:15.000,_20260124_172024_CH02_DUT_TMO-AUTO_HTTP MS DL_NJ DUT REF_L3.dml,,,,N41(x),,378,-97.000000,1.000000,,,,,,,,,,,,,,,,,
1204,1,,,-73.9599117,40.8175233,2026-01-24 22:39:16.000,_20260124_172024_CH02_DUT_TMO-AUTO_HTTP MS DL_NJ DUT REF_L3.dml,,,,N41(x),,378,-96.000000,1.000000,,,,,,,,,,,,,,,,,
1205,1,,,-73.9599117,40.8175233,2026-01-24 22:39:17.000,_20260124_172024_CH02_DUT_TMO-AUTO_HTTP MS DL_NJ DUT REF_L3.dml,,,,,,,,,,,,,,,,,,,,,,,,,
1206,1,,,-73.9599117,40.8175233,2026-01-24 22:39:18.000,_20260124_172024_CH02_DUT_TMO-AUTO_HTTP MS DL_NJ DUT REF_L3.dml,,,,N41(x),,378,-96.000000,2.000000,,,,,,,,,,,,,,,,,
1207,1,,,-73.9599117,40.8175233,2026-01-24 22:39:19.000,_20260124_172024_CH02_DUT_TMO-AUTO_HTTP MS DL_NJ DUT REF_L3.dml,,,,N41(x),,378,-95.000000,2.000000,,,,,,,,,,,,,,,,,
1208,1,,,-73.9599117,40.8175233,2026-01-24 22:39:20.000,_20260124_172024_CH02_DUT_TMO-AUTO_HTTP MS DL_NJ DUT REF_L3.dml,,,,,,,,,,,,,,,,,,,,,,,,,
1209,1,,,-73.9599117,40.8175233,2026-01-24 22:39:21.000,_20260124_172024_CH02_DUT_TMO-AUTO_HTTP MS DL_NJ DUT REF_L3.dml,,,,,,,,,,,,,,,,,,,,,,,,,
1210,1,,,-73.9599117,40.8175233,2026-01-24 22:39:22.000,_20260124_172024_CH02_DUT_TMO-AUTO_HTTP MS DL_NJ DUT REF_L3.dml,,,,,,,,,,,,,,,,,,,,,,,,,
1211,1,,,-73.9599117,40.8175233,2026-01-24 22:39:23.000,_20260124_172024_CH02_DUT_TMO-AUTO_HTTP MS DL_NJ DUT REF_L3.dml,,,,N41(x),,378,-95.000000,1.000000,,,,,,,,,,,,,,,,,
1212,1,,,-73.9599117,40.8175233,2026-01-24 22:39:24.000,_20260124_172024_CH02_DUT_TMO-AUTO_HTTP MS DL_NJ DUT REF_L3.dml,,,,,,,,,,,,,,,,,,,,,,,,,
1213,1,,,-73.9599117,40.8175233,2026-01-24 22:39:25.000,_20260124_172024_CH02_DUT_TMO-AUTO_HTTP MS DL_NJ DUT REF_L3.dml,,,,,,,,,,,,,,,,,,,,,,,,,
1214,1,,,-73.9599117,40.8175233,2026-01-24 22:39:26.000,_20260124_172024_CH02_DUT_TMO-AUTO_HTTP MS DL_NJ DUT REF_L3.dml,,,,,,,,,,,,,,,,,,,,,,,,,
1215,1,,,-73.9599117,40.8175233,2026-01-24 22:39:27.000,_20260124_172024_CH02_DUT_TMO-AUTO_HTTP MS DL_NJ DUT REF_L3.dml,,,,,,,,,,,,,,,,,,,,,,,,,
1216,1,,,-73.9599117,40.8175233,2026-01-24 22:39:28.000,_20260124_172024_CH02_DUT_TMO-AUTO_HTTP MS DL_NJ DUT REF_L3.dml,,,,N41(x),,378,-96.000000,2.000000,,,,,,,,,,,,,,,,,
1217,1,,,-73.9599117,40.8175233,2026-01-24 22:39:29.000,_20260124_172024_CH02_DUT_TMO-AUTO_HTTP MS DL_NJ DUT REF_L3.dml,,,,N41(x),,378,-96.000000,2.000000,,,,,,,,,,,,,,,,,
1218,1,,,-73.9599117,40.8175233,2026-01-24 22:39:30.000,_20260124_172024_CH02_DUT_TMO-AUTO_HTTP MS DL_NJ DUT REF_L3.dml,,,,N41(x),,378,-95.000000,3.000000,,,,,,,,,,,,,,,,,
1219,1,,,-73.9599117,40.8175233,2026-01-24 22:39:31.000,_20260124_172024_CH02_DUT_TMO-AUTO_HTTP MS DL_NJ DUT REF_L3.dml,,,,,,,,,,,,,,,,,,,,,,,,,
1220,1,,,-73.9599117,40.8175233,2026-01-24 22:39:32.000,_20260124_172024_CH02_DUT_TMO-AUTO_HTTP MS DL_NJ DUT REF_L3.dml,,,,N41(x),,378,-95.000000,3.000000,,,,,,,,,,,,,,,,,
1221,1,,,-73.9599117,40.8175233,2026-01-24 22:39:32.825,_20260124_172024_CH02_DUT_TMO-AUTO_HTTP MS DL_NJ DUT REF_L3.dml,,,,,,,,,,,,,,,Download Start Request,,,,,,,,,,
1222,1,,,-73.9599117,40.8175233,2026-01-24 22:39:33.000,_20260124_172024_CH02_DUT_TMO-AUTO_HTTP MS DL_NJ DUT REF_L3.dml,,,,,NR SA,,,,,,,,,,,,,,,,,,,,
1223,1,,,-73.9599117,40.8175233,2026-01-24 22:39:34.000,_20260124_172024_CH02_DUT_TMO-AUTO_HTTP MS DL_NJ DUT REF_L3.dml,,,,N41(100)+N41(x),NR SA,378,-96.720000,2.000000,,,,,,,,,,,,,0.000,,,,
1224,1,,,-73.9599117,40.8175233,2026-01-24 22:39:34.153,_20260124_172024_CH02_DUT_TMO-AUTO_HTTP MS DL_NJ DUT REF_L3.dml,,,,,,,,,,,,,,,Download File Size Retrieved,,,,,,,,,,
1225,1,,,-73.9599117,40.8175233,2026-01-24 22:39:34.153,_20260124_172024_CH02_DUT_TMO-AUTO_HTTP MS DL_NJ DUT REF_L3.dml,,,,,,,,,,,,,,,Download Started,,,,,,,,,,
1226,1,,,-73.9599117,40.8175233,2026-01-24 22:39:35.000,_20260124_172024_CH02_DUT_TMO-AUTO_HTTP MS DL_NJ DUT REF_L3.dml,,,,N41(100)+N41(40),NR SA,378,-97.000000,0.850000,,,,,,,,,,,,,0.600,,,,
1227,1,,,-73.9599117,40.8175233,2026-01-24 22:39:36.000,_20260124_172024_CH02_DUT_TMO-AUTO_HTTP MS DL_NJ DUT REF_L3.dml,,,,N41(100)+N41(40),NR SA,378,-97.060000,0.880000,,,,,,,,,,,,,1.128,,,,
1228,1,,,-73.9599117,40.8175233,2026-01-24 22:39:37.000,_20260124_172024_CH02_DUT_TMO-AUTO_HTTP MS DL_NJ DUT REF_L3.dml,,,,N41(100)+N41(40),NR SA,378,-97.480000,1.280000,,,,,,,,213.338,,,,,1.008,,,,
1229,1,,,-73.9599117,40.8175233,2026-01-24 22:39:38.000,_20260124_172024_CH02_DUT_TMO-AUTO_HTTP MS DL_NJ DUT REF_L3.dml,,,,N41(100)+N41(40),NR SA,378,-97.100000,1.350000,,,,,,,,141.697,,,,,0.912,,,,
1230,1,,,-73.9599117,40.8175233,2026-01-24 22:39:39.000,_20260124_172024_CH02_DUT_TMO-AUTO_HTTP MS DL_NJ DUT REF_L3.dml,,,,N41(100)+N41(40),NR SA,378,-97.040000,1.670000,,,,,,,,118.863,,,,,0.920,,,,
1231,1,,,-73.9599117,40.8175233,2026-01-24 22:39:40.000,_20260124_172024_CH02_DUT_TMO-AUTO_HTTP MS DL_NJ DUT REF_L3.dml,,,,N41(100)+N41(40),NR SA,378,-97.090000,1.980000,,,,,,,,116.987,,,,,1.088,,,,
1232,1,,,-73.9599117,40.8175233,2026-01-24 22:39:41.000,_20260124_172024_CH02_DUT_TMO-AUTO_HTTP MS DL_NJ DUT REF_L3.dml,,,,N41(100)+N41(40),NR SA,378,-96.970000,1.970000,,,,,,,,127.633,,,,,0.960,,,,
1233,1,,,-73.9599117,40.8175233,2026-01-24 22:39:42.000,_20260124_172024_CH02_DUT_TMO-AUTO_HTTP MS DL_NJ DUT REF_L3.dml,,,,N41(100)+N41(40),NR SA,378,-97.000000,1.940000,,,,,,,,111.664,,,,,0.928,,,,
1234,1,,,-73.9599117,40.8175233,2026-01-24 22:39:43.000,_20260124_172024_CH02_DUT_TMO-AUTO_HTTP MS DL_NJ DUT REF_L3.dml,,,,N41(100)+N41(40),NR SA,378,-97.070000,1.370000,,,,,,,,101.015,,,,,0.912,,,,
1235,1,,,-73.9599117,40.8175233,2026-01-24 22:39:44.000,_20260124_172024_CH02_DUT_TMO-AUTO_HTTP MS DL_NJ DUT REF_L3.dml,,,,N41(100)+N41(40),NR SA,378,-97.060000,1.360000,,,,,,,,108.883,,,,,0.912,,,,
1236,1,,,-73.9599117,40.8175233,2026-01-24 22:39:45.000,_20260124_172024_CH02_DUT_TMO-AUTO_HTTP MS DL_NJ DUT REF_L3.dml,,,,N41(100)+N41(40),NR SA,378,-96.900000,1.510000,,,,,,,,109.376,,,,,1.088,,,,
1237,1,,,-73.9599117,40.8175233,2026-01-24 22:39:46.000,_20260124_172024_CH02_DUT_TMO-AUTO_HTTP MS DL_NJ DUT REF_L3.dml,,,,N41(100)+N41(40),NR SA,378,-97.230000,0.900000,,,,,,,,94.615,,,,,1.184,,,,
1238,1,,,-73.9599117,40.8175233,2026-01-24 22:39:47.000,_20260124_172024_CH02_DUT_TMO-AUTO_HTTP MS DL_NJ DUT REF_L3.dml,,,,N41(100)+N41(40),NR SA,378,-96.940000,1.680000,,,,,,,,105.013,,,,,0.952,,,,
1239,1,,,-73.9599117,40.8175233,2026-01-24 22:39:48.000,_20260124_172024_CH02_DUT_TMO-AUTO_HTTP MS DL_NJ DUT REF_L3.dml,,,,N41(100)+N41(40),NR SA,378,-96.670000,1.580000,,,,,,,,102.151,,,,,0.888,,,,
1240,1,,,-73.9599117,40.8175233,2026-01-24 22:39:49.000,_20260124_172024_CH02_DUT_TMO-AUTO_HTTP MS DL_NJ DUT REF_L3.dml,,,,N41(100)+N41(40),NR SA,378,-96.920000,1.250000,,,,,,,,112.764,,,,,1.040,,,,
1241,1,,,-73.9599117,40.8175233,2026-01-24 22:39:50.000,_20260124_172024_CH02_DUT_TMO-AUTO_HTTP MS DL_NJ DUT REF_L3.dml,,,,N41(100)+N41(40),NR SA,378,-96.460000,1.960000,,,,,,,,125.759,,,,,1.248,,,,
1242,1,,,-73.9599117,40.8175233,2026-01-24 22:39:51.000,_20260124_172024_CH02_DUT_TMO-AUTO_HTTP MS DL_NJ DUT REF_L3.dml,,,,N41(100)+N41(40),NR SA,378,-96.960000,1.120000,,,,,,,,127.535,,,,,1.080,,,,
1243,1,,,-73.9599117,40.8175233,2026-01-24 22:39:52.000,_20260124_172024_CH02_DUT_TMO-AUTO_HTTP MS DL_NJ DUT REF_L3.dml,,,,N41(100)+N41(40),NR SA,378,-97.400000,0.490000,,,,,,,,146.371,,,,,1.152,,,,
1244,1,,,-73.9599117,40.8175233,2026-01-24 22:39:53.000,_20260124_172024_CH02_DUT_TMO-AUTO_HTTP MS DL_NJ DUT REF_L3.dml,,,,N41(100)+N41(40),NR SA,378,-97.000000,1.180000,,,,,,,,129.455,,,,,1.008,,,,
1245,1,,,-73.9599117,40.8175233,2026-01-24 22:39:54.000,_20260124_172024_CH02_DUT_TMO-AUTO_HTTP MS DL_NJ DUT REF_L3.dml,,,,N41(100)+N41(40),NR SA,378,-97.040000,0.960000,,,,,,,,110.095,,,,,0.936,,,,
1246,1,,,-73.9598100,40.8174700,2026-01-24 22:39:55.000,_20260124_172024_CH02_DUT_TMO-AUTO_HTTP MS DL_NJ DUT REF_L3.dml,,,,N41(100)+N41(40),NR SA,378,-96.850000,0.880000,,,,,,,,110.823,,,,,0.928,,,,
1247,1,,,-73.9598100,40.8174700,2026-01-24 22:39:56.000,_20260124_172024_CH02_DUT_TMO-AUTO_HTTP MS DL_NJ DUT REF_L3.dml,,,,N41(100)+N41(40),NR SA,378,-97.180000,0.910000,,,,,,,,108.876,,,,,0.848,,,,
1248,1,,,-73.9597850,40.8174800,2026-01-24 22:39:57.000,_20260124_172024_CH02_DUT_TMO-AUTO_HTTP MS DL_NJ DUT REF_L3.dml,,,,N41(100)+N41(40),NR SA,378,-96.860000,1.330000,,,,,,,,108.236,,,,,0.848,,,,
1249,1,,,-73.9597850,40.8174800,2026-01-24 22:39:58.000,_20260124_172024_CH02_DUT_TMO-AUTO_HTTP MS DL_NJ DUT REF_L3.dml,,,,N41(100)+N41(40),NR SA,378,-96.880000,1.410000,,,,,,,,114.125,,,,,1.136,,,,
1250,1,,,-73.9597850,40.8174800,2026-01-24 22:39:59.000,_20260124_172024_CH02_DUT_TMO-AUTO_HTTP MS DL_NJ DUT REF_L3.dml,,,,N41(100)+N41(40),NR SA,378,-96.620000,1.460000,,,,,,,,106.535,,,,,1.032,,,,
1251,1,,,-73.9597850,40.8174800,2026-01-24 22:40:00.000,_20260124_172024_CH02_DUT_TMO-AUTO_HTTP MS DL_NJ DUT REF_L3.dml,,,,N41(100)+N41(40),NR SA,378,-96.940000,1.030000,,,,,,,,137.656,,,,,1.008,,,,
1252,1,,,-73.9597850,40.8174800,2026-01-24 22:40:05.184,_20260124_172024_CH02_DUT_TMO-AUTO_HTTP MS DL_NJ DUT REF_L3.dml,,,,,,,,,,,,,,,Download End Request,,,,,,,,,,
1253,1,,,-73.9597850,40.8174800,2026-01-24 22:40:01.000,_20260124_172024_CH02_DUT_TMO-AUTO_HTTP MS DL_NJ DUT REF_L3.dml,,,,N41(100)+N41(40),NR SA,378,-97.030000,1.320000,,,,,,,,128.554,,,,,1.080,,,,
1254,1,,,-73.9597850,40.8174800,2026-01-24 22:40:02.000,_20260124_172024_CH02_DUT_TMO-AUTO_HTTP MS DL_NJ DUT REF_L3.dml,,,,N41(100)+N41(40),NR SA,378,-96.360000,1.700000,,,,,,,,,,,,,,,,,
1255,1,,,-73.9597850,40.8174800,2026-01-24 22:40:05.919,_20260124_172024_CH02_DUT_TMO-AUTO_HTTP MS DL_NJ DUT REF_L3.dml,,,,,,,,,,,,,,,Download Ended,,,,,,,,,,
1256,1,,,-73.9597850,40.8174800,2026-01-24 22:40:03.000,_20260124_172024_CH02_DUT_TMO-AUTO_HTTP MS DL_NJ DUT REF_L3.dml,,,,N41(100)+N41(40),NR SA,378,-96.830000,1.370000,,,,,,,,,,,,,1.080,,,,
1257,1,,,-73.9597850,40.8174800,2026-01-24 22:40:04.000,_20260124_172024_CH02_DUT_TMO-AUTO_HTTP MS DL_NJ DUT REF_L3.dml,,,,N41(100)+N41(40),,378,-97.460000,0.610000,,,,,,,,,,,,,0.912,,,,
1258,1,,,-73.9597850,40.8174800,2026-01-24 22:40:05.000,_20260124_172024_CH02_DUT_TMO-AUTO_HTTP MS DL_NJ DUT REF_L3.dml,,,,N41(100)+N41(40),,378,-96.650000,1.160000,,,,,,,,,,,,,1.024,,,,
1259,1,,,-73.9597850,40.8174800,2026-01-24 22:40:06.000,_20260124_172024_CH02_DUT_TMO-AUTO_HTTP MS DL_NJ DUT REF_L3.dml,,,,N41(100)+N41(40),,378,-96.630000,1.080000,,,,,,,,,,,,,0.896,,,,
1260,1,,,-73.9597850,40.8174800,2026-01-24 22:40:07.000,_20260124_172024_CH02_DUT_TMO-AUTO_HTTP MS DL_NJ DUT REF_L3.dml,,,,N41(100)+N41(40),,378,-96.560000,0.750000,,,,,,,,,,,,,,,,,
1261,1,,,-73.9597850,40.8174800,2026-01-24 22:40:08.000,_20260124_172024_CH02_DUT_TMO-AUTO_HTTP MS DL_NJ DUT REF_L3.dml,,,,N41(100)+N41(40),,378,-95.500000,2.500000,,,,,,,,,,,,,0.904,,,,
1262,1,,,-73.9597850,40.8174800,2026-01-24 22:40:09.000,_20260124_172024_CH02_DUT_TMO-AUTO_HTTP MS DL_NJ DUT REF_L3.dml,,,,N41(100)+N41(40),,378,-96.250000,1.750000,,,,,,,,,,,,,0.000,,,,
1263,1,,,-73.9597850,40.8174800,2026-01-24 22:40:10.000,_20260124_172024_CH02_DUT_TMO-AUTO_HTTP MS DL_NJ DUT REF_L3.dml,,,,N41(100)+N41(40),,378,-96.310000,1.410000,,,,,,,,,,,,,0.056,,,,
1264,1,,,-73.9597850,40.8174800,2026-01-24 22:40:11.000,_20260124_172024_CH02_DUT_TMO-AUTO_HTTP MS DL_NJ DUT REF_L3.dml,,,,N41(100)+N41(40),,378,-95.970000,1.440000,,,,,,,,,,,,,0.056,,,,
1265,1,,,-73.9597850,40.8174800,2026-01-24 22:40:12.000,_20260124_172024_CH02_DUT_TMO-AUTO_HTTP MS DL_NJ DUT REF_L3.dml,,,,N41(100)+N41(40),,378,-96.670000,1.000000,,,,,,,,,,,,,,,,,
1266,1,,,-73.9597850,40.8174800,2026-01-24 22:40:13.000,_20260124_172024_CH02_DUT_TMO-AUTO_HTTP MS DL_NJ DUT REF_L3.dml,,,,N41(100)+N41(40),,378,-95.670000,2.330000,,,,,,,,,,,,,0.000,,,,
1267,1,,,-73.9597850,40.8174800,2026-01-24 22:40:14.000,_20260124_172024_CH02_DUT_TMO-AUTO_HTTP MS DL_NJ DUT REF_L3.dml,,,,N41(100)+N41(40),,378,-96.000000,1.830000,,,,,,,,,,,,,0.000,,,,
1268,1,,,-73.9597850,40.8174800,2026-01-24 22:40:15.000,_20260124_172024_CH02_DUT_TMO-AUTO_HTTP MS DL_NJ DUT REF_L3.dml,,,,N41(100)+N41(40),,378,-96.290000,1.000000,,,,,,,,,,,,,0.000,,,,
1269,1,,,-73.9597850,40.8174800,2026-01-24 22:40:16.000,_20260124_172024_CH02_DUT_TMO-AUTO_HTTP MS DL_NJ DUT REF_L3.dml,,,,N41(100)+N41(40),,378,-96.290000,1.930000,,,,,,,,,,,,,0.000,,,,
1270,1,,,-73.9597850,40.8174800,2026-01-24 22:40:17.000,_20260124_172024_CH02_DUT_TMO-AUTO_HTTP MS DL_NJ DUT REF_L3.dml,,,,N41(100)+N41(40),,378,-95.770000,2.270000,,,,,,,,,,,,,0.000,,,,
1271,1,,,-73.9597850,40.8174800,2026-01-24 22:40:18.000,_20260124_172024_CH02_DUT_TMO-AUTO_HTTP MS DL_NJ DUT REF_L3.dml,,,,N41(100)+N41(40),,378,-95.870000,2.030000,,,,,,,,,,,,,,,,,
1272,1,,,-73.9597850,40.8174800,2026-01-24 22:40:19.000,_20260124_172024_CH02_DUT_TMO-AUTO_HTTP MS DL_NJ DUT REF_L3.dml,,,,N41(100)+N41(40),,378,-96.420000,1.250000,,,,,,,,,,,,,0.008,,,,
1273,1,,,-73.9597850,40.8174800,2026-01-24 22:40:20.000,_20260124_172024_CH02_DUT_TMO-AUTO_HTTP MS DL_NJ DUT REF_L3.dml,,,,N41(x)+N41(x),,378,-96.000000,2.250000,,,,,,,,,,,,,,,,,
1274,1,,,-73.9598100,40.8174683,2026-01-24 22:40:21.000,_20260124_172024_CH02_DUT_TMO-AUTO_HTTP MS DL_NJ DUT REF_L3.dml,,,,,,,,,,,,,,,,,,,,,,,,,
1275,1,,,-73.9598200,40.8174617,2026-01-24 22:40:22.000,_20260124_172024_CH02_DUT_TMO-AUTO_HTTP MS DL_NJ DUT REF_L3.dml,,,,N41(x),,378,-96.000000,2.000000,,,,,,,,,,,,,,,,,
1276,1,,,-73.9598217,40.8174583,2026-01-24 22:40:23.000,_20260124_172024_CH02_DUT_TMO-AUTO_HTTP MS DL_NJ DUT REF_L3.dml,,,,N41(x),,378,-96.000000,2.000000,,,,,,,,,,,,,,,,,
1277,1,,,-73.9598233,40.8174550,2026-01-24 22:40:24.000,_20260124_172024_CH02_DUT_TMO-AUTO_HTTP MS DL_NJ DUT REF_L3.dml,,,,N41(x),,378,-96.000000,2.000000,,,,,,,,,,,,,,,,,
1278,1,,,-73.9598233,40.8174550,2026-01-24 22:40:25.000,_20260124_172024_CH02_DUT_TMO-AUTO_HTTP MS DL_NJ DUT REF_L3.dml,,,,,,,,,,,,,,,,,,,,,,,,,
1279,1,,,-73.9598233,40.8174550,2026-01-24 22:40:26.000,_20260124_172024_CH02_DUT_TMO-AUTO_HTTP MS DL_NJ DUT REF_L3.dml,,,,N41(x),,378,-96.000000,2.000000,,,,,,,,,,,,,,,,,
1280,1,,,-73.9598233,40.8174550,2026-01-24 22:40:27.000,_20260124_172024_CH02_DUT_TMO-AUTO_HTTP MS DL_NJ DUT REF_L3.dml,,,,N41(x),,378,-96.000000,3.000000,,,,,,,,,,,,,,,,,
1281,1,,,-73.9598233,40.8174550,2026-01-24 22:40:28.000,_20260124_172024_CH02_DUT_TMO-AUTO_HTTP MS DL_NJ DUT REF_L3.dml,,,,N41(x),,378,-96.000000,2.000000,,,,,,,,,,,,,,,,,
1282,1,,,-73.9598233,40.8174550,2026-01-24 22:40:29.000,_20260124_172024_CH02_DUT_TMO-AUTO_HTTP MS DL_NJ DUT REF_L3.dml,,,,,,,,,,,,,,,,,,,,,,,,,
1283,1,,,-73.9598233,40.8174550,2026-01-24 22:40:30.000,_20260124_172024_CH02_DUT_TMO-AUTO_HTTP MS DL_NJ DUT REF_L3.dml,,,,,,,,,,,,,,,,,,,,,,,,,
1284,1,,,-73.9598233,40.8174550,2026-01-24 22:40:31.000,_20260124_172024_CH02_DUT_TMO-AUTO_HTTP MS DL_NJ DUT REF_L3.dml,,,,,,,,,,,,,,,,,,,,,,,,,
1285,1,,,-73.9598233,40.8174550,2026-01-24 22:40:32.000,_20260124_172024_CH02_DUT_TMO-AUTO_HTTP MS DL_NJ DUT REF_L3.dml,,,,N41(x),,378,-96.000000,0.000000,,,,,,,,,,,,,,,,,
1286,1,,,-73.9598233,40.8174550,2026-01-24 22:40:33.000,_20260124_172024_CH02_DUT_TMO-AUTO_HTTP MS DL_NJ DUT REF_L3.dml,,,,,,,,,,,,,,,,,,,,,,,,,
1287,1,,,-73.9598233,40.8174550,2026-01-24 22:40:34.000,_20260124_172024_CH02_DUT_TMO-AUTO_HTTP MS DL_NJ DUT REF_L3.dml,,,,,,,,,,,,,,,,,,,,,,,,,
1288,1,,,-73.9598233,40.8174550,2026-01-24 22:40:35.000,_20260124_172024_CH02_DUT_TMO-AUTO_HTTP MS DL_NJ DUT REF_L3.dml,,,,,,,,,,,,,,,,,,,,,,,,,
1289,1,,,-73.9598233,40.8174550,2026-01-24 22:40:36.000,_20260124_172024_CH02_DUT_TMO-AUTO_HTTP MS DL_NJ DUT REF_L3.dml,,,,N41(x),,378,-97.000000,-2.000000,,,,,,,,,,,,,,,,,
1290,1,,,-73.9598233,40.8174550,2026-01-24 22:40:37.000,_20260124_172024_CH02_DUT_TMO-AUTO_HTTP MS DL_NJ DUT REF_L3.dml,,,,N41(x),,378,-97.000000,-2.000000,,,,,,,,,,,,,,,,,
1291,1,,,-73.9598233,40.8174550,2026-01-24 22:40:38.000,_20260124_172024_CH02_DUT_TMO-AUTO_HTTP MS DL_NJ DUT REF_L3.dml,,,,N41(x),,378,-97.000000,-3.000000,,,,,,,,,,,,,,,,,
1292,1,,,-73.9598233,40.8174550,2026-01-24 22:40:39.000,_20260124_172024_CH02_DUT_TMO-AUTO_HTTP MS DL_NJ DUT REF_L3.dml,,,,,,,,,,,,,,,,,,,,,,,,,
1293,1,,,-73.9598233,40.8174550,2026-01-24 22:40:40.000,_20260124_172024_CH02_DUT_TMO-AUTO_HTTP MS DL_NJ DUT REF_L3.dml,,,,N41(x),,378,-97.000000,-1.000000,,,,,,,,,,,,,,,,,
1294,1,,,-73.9598233,40.8174550,2026-01-24 22:40:41.000,_20260124_172024_CH02_DUT_TMO-AUTO_HTTP MS DL_NJ DUT REF_L3.dml,,,,N41(x),,378,-96.000000,-2.000000,,,,,,,,,,,,,,,,,
1295,1,,,-73.9598233,40.8174550,2026-01-24 22:40:42.000,_20260124_172024_CH02_DUT_TMO-AUTO_HTTP MS DL_NJ DUT REF_L3.dml,,,,,,,,,,,,,,,,,,,,,,,,,
1296,1,,,-73.9598233,40.8174550,2026-01-24 22:40:43.000,_20260124_172024_CH02_DUT_TMO-AUTO_HTTP MS DL_NJ DUT REF_L3.dml,,,,,,,,,,,,,,,,,,,,,,,,,
1297,1,,,-73.9598233,40.8174550,2026-01-24 22:40:44.000,_20260124_172024_CH02_DUT_TMO-AUTO_HTTP MS DL_NJ DUT REF_L3.dml,,,,,,,,,,,,,,,,,,,,,,,,,
1298,1,,,-73.9598233,40.8174550,2026-01-24 22:40:45.000,_20260124_172024_CH02_DUT_TMO-AUTO_HTTP MS DL_NJ DUT REF_L3.dml,,,,,,,,,,,,,,,,,,,,,,,,,
1299,1,,,-73.9598233,40.8174550,2026-01-24 22:40:46.000,_20260124_172024_CH02_DUT_TMO-AUTO_HTTP MS DL_NJ DUT REF_L3.dml,,,,N41(x),,378,-96.000000,0.000000,,,,,,,,,,,,,,,,,
1300,1,,,-73.9598233,40.8174550,2026-01-24 22:40:46.215,_20260124_172024_CH02_DUT_TMO-AUTO_HTTP MS DL_NJ DUT REF_L3.dml,,,,,,,,,,,,,,,Download Start Request,,,,,,,,,,
1301,1,,,-73.9598233,40.8174550,2026-01-24 22:40:47.000,_20260124_172024_CH02_DUT_TMO-AUTO_HTTP MS DL_NJ DUT REF_L3.dml,,,,N41(100),NR SA,378,-96.000000,2.000000,,,,,,,,,,,,,0.000,,,,
1302,1,,,-73.9598233,40.8174550,2026-01-24 22:40:47.498,_20260124_172024_CH02_DUT_TMO-AUTO_HTTP MS DL_NJ DUT REF_L3.dml,,,,,,,,,,,,,,,Download File Size Retrieved,,,,,,,,,,
1303,1,,,-73.9598233,40.8174550,2026-01-24 22:40:47.498,_20260124_172024_CH02_DUT_TMO-AUTO_HTTP MS DL_NJ DUT REF_L3.dml,,,,,,,,,,,,,,,Download Started,,,,,,,,,,
1304,1,,,-73.9598233,40.8174550,2026-01-24 22:40:48.000,_20260124_172024_CH02_DUT_TMO-AUTO_HTTP MS DL_NJ DUT REF_L3.dml,,,,N41(100)+N41(40),NR SA,378,-96.550000,0.370000,,,,,,,,,,,,,0.608,,,,
1305,1,,,-73.9598233,40.8174550,2026-01-24 22:40:49.000,_20260124_172024_CH02_DUT_TMO-AUTO_HTTP MS DL_NJ DUT REF_L3.dml,,,,N41(100)+N41(40),NR SA,378,-96.310000,1.650000,,,,,,,,,,,,,0.760,,,,
1306,1,,,-73.9598233,40.8174550,2026-01-24 22:40:50.000,_20260124_172024_CH02_DUT_TMO-AUTO_HTTP MS DL_NJ DUT REF_L3.dml,,,,N41(100)+N41(40),NR SA,378,-96.790000,0.960000,,,,,,,,201.750,,,,,0.920,,,,
1307,1,,,-73.9598233,40.8174550,2026-01-24 22:40:51.000,_20260124_172024_CH02_DUT_TMO-AUTO_HTTP MS DL_NJ DUT REF_L3.dml,,,,N41(100)+N41(40),NR SA,378,-96.700000,1.150000,,,,,,,,173.943,,,,,0.856,,,,
1308,1,,,-73.9598233,40.8174550,2026-01-24 22:40:52.000,_20260124_172024_CH02_DUT_TMO-AUTO_HTTP MS DL_NJ DUT REF_L3.dml,,,,N41(100)+N41(40),NR SA,378,-96.290000,1.400000,,,,,,,,133.459,,,,,1.200,,,,
1309,1,,,-73.9598233,40.8174550,2026-01-24 22:40:53.000,_20260124_172024_CH02_DUT_TMO-AUTO_HTTP MS DL_NJ DUT REF_L3.dml,,,,N41(100)+N41(40),NR SA,378,-97.270000,0.780000,,,,,,,,166.466,,,,,0.872,,,,
1310,1,,,-73.9598233,40.8174550,2026-01-24 22:40:54.000,_20260124_172024_CH02_DUT_TMO-AUTO_HTTP MS DL_NJ DUT REF_L3.dml,,,,N41(100)+N41(40),NR SA,378,-96.740000,1.280000,,,,,,,,132.692,,,,,0.768,,,,
1311,1,,,-73.9598233,40.8174550,2026-01-24 22:40:55.000,_20260124_172024_CH02_DUT_TMO-AUTO_HTTP MS DL_NJ DUT REF_L3.dml,,,,N41(100)+N41(40),NR SA,378,-96.500000,1.210000,,,,,,,,102.333,,,,,0.784,,,,
1312,1,,,-73.9598233,40.8174550,2026-01-24 22:40:56.000,_20260124_172024_CH02_DUT_TMO-AUTO_HTTP MS DL_NJ DUT REF_L3.dml,,,,N41(100)+N41(40),NR SA,378,-97.530000,-0.140000,,,,,,,,101.165,,,,,0.720,,,,
1313,1,,,-73.9598233,40.8174550,2026-01-24 22:40:57.000,_20260124_172024_CH02_DUT_TMO-AUTO_HTTP MS DL_NJ DUT REF_L3.dml,,,,N41(100)+N41(40),NR SA,378,-97.200000,0.300000,,,,,,,,91.999,,,,,0.896,,,,
1314,1,,,-73.9598233,40.8174550,2026-01-24 22:40:58.000,_20260124_172024_CH02_DUT_TMO-AUTO_HTTP MS DL_NJ DUT REF_L3.dml,,,,N41(100)+N41(40),NR SA,378,-96.860000,1.120000,,,,,,,,91.442,,,,,0.936,,,,
1315,1,,,-73.9598233,40.8174550,2026-01-24 22:40:59.000,_20260124_172024_CH02_DUT_TMO-AUTO_HTTP MS DL_NJ DUT REF_L3.dml,,,,N41(100)+N41(40),NR SA,378,-96.560000,1.250000,,,,,,,,107.983,,,,,0.904,,,,
1316,1,,,-73.9598233,40.8174550,2026-01-24 22:41:00.000,_20260124_172024_CH02_DUT_TMO-AUTO_HTTP MS DL_NJ DUT REF_L3.dml,,,,N41(100)+N41(40),NR SA,378,-96.720000,0.600000,,,,,,,,98.558,,,,,0.888,,,,
1317,1,,,-73.9598233,40.8174550,2026-01-24 22:41:01.000,_20260124_172024_CH02_DUT_TMO-AUTO_HTTP MS DL_NJ DUT REF_L3.dml,,,,N41(100)+N41(40),NR SA,378,-96.920000,0.460000,,,,,,,,109.794,,,,,0.816,,,,
1318,1,,,-73.9598233,40.8174550,2026-01-24 22:41:02.000,_20260124_172024_CH02_DUT_TMO-AUTO_HTTP MS DL_NJ DUT REF_L3.dml,,,,N41(100)+N41(40),NR SA,378,-97.020000,0.400000,,,,,,,,100.275,,,,,0.992,,,,
1319,1,,,-73.9598233,40.8174550,2026-01-24 22:41:03.000,_20260124_172024_CH02_DUT_TMO-AUTO_HTTP MS DL_NJ DUT REF_L3.dml,,,,N41(100)+N41(40),NR SA,378,-97.000000,0.790000,,,,,,,,115.627,,,,,0.888,,,,
1320,1,,,-73.9598233,40.8174550,2026-01-24 22:41:04.000,_20260124_172024_CH02_DUT_TMO-AUTO_HTTP MS DL_NJ DUT REF_L3.dml,,,,N41(100)+N41(40),NR SA,378,-97.000000,0.670000,,,,,,,,85.254,,,,,0.936,,,,
1321,1,,,-73.9598233,40.8174550,2026-01-24 22:41:05.000,_20260124_172024_CH02_DUT_TMO-AUTO_HTTP MS DL_NJ DUT REF_L3.dml,,,,N41(100)+N41(40),NR SA,378,-96.700000,1.480000,,,,,,,,107.640,,,,,1.104,,,,
1322,1,,,-73.9598233,40.8174550,2026-01-24 22:41:06.000,_20260124_172024_CH02_DUT_TMO-AUTO_HTTP MS DL_NJ DUT REF_L3.dml,,,,N41(100)+N41(40),NR SA,378,-97.150000,0.610000,,,,,,,,136.755,,,,,1.096,,,,
1323,1,,,-73.9598233,40.8174550,2026-01-24 22:41:07.000,_20260124_172024_CH02_DUT_TMO-AUTO_HTTP MS DL_NJ DUT REF_L3.dml,,,,N41(100)+N41(40),NR SA,378,-97.060000,0.900000,,,,,,,,112.646,,,,,1.128,,,,
1324,1,,,-73.9598233,40.8174550,2026-01-24 22:41:08.000,_20260124_172024_CH02_DUT_TMO-AUTO_HTTP MS DL_NJ DUT REF_L3.dml,,,,N41(100)+N41(40),NR SA,378,-97.170000,0.670000,,,,,,,,96.609,,,,,,,,,
1325,1,,,-73.9598233,40.8174550,2026-01-24 22:41:09.000,_20260124_172024_CH02_DUT_TMO-AUTO_HTTP MS DL_NJ DUT REF_L3.dml,,,,N41(100)+N41(40),NR SA,378,-96.710000,1.150000,,,,,,,,,,,,,0.800,,,,
1326,1,,,-73.9598233,40.8174550,2026-01-24 22:41:10.000,_20260124_172024_CH02_DUT_TMO-AUTO_HTTP MS DL_NJ DUT REF_L3.dml,,,,N41(100)+N41(40),NR SA,378,-97.000000,0.870000,,,,,,,,87.293,,,,,1.008,,,,
1327,1,,,-73.9598233,40.8174550,2026-01-24 22:41:11.000,_20260124_172024_CH02_DUT_TMO-AUTO_HTTP MS DL_NJ DUT REF_L3.dml,,,,N41(100)+N41(40),NR SA,378,-97.380000,0.620000,,,,,,,,,,,,,0.824,,,,
1328,1,,,-73.9598233,40.8174550,2026-01-24 22:41:12.000,_20260124_172024_CH02_DUT_TMO-AUTO_HTTP MS DL_NJ DUT REF_L3.dml,,,,N41(100)+N41(40),NR SA,378,-96.930000,0.830000,,,,,,,,113.315,,,,,0.736,,,,
1329,1,,,-73.9598233,40.8174550,2026-01-24 22:41:13.000,_20260124_172024_CH02_DUT_TMO-AUTO_HTTP MS DL_NJ DUT REF_L3.dml,,,,N41(100)+N41(40),NR SA,378,-97.270000,0.440000,,,,,,,,,,,,,1.160,,,,
1330,1,,,-73.9598233,40.8174550,2026-01-24 22:41:14.000,_20260124_172024_CH02_DUT_TMO-AUTO_HTTP MS DL_NJ DUT REF_L3.dml,,,,N41(100)+N41(40),NR SA,378,-96.800000,1.260000,,,,,,,,106.139,,,,,0.936,,,,
1331,1,,,-73.9598233,40.8174550,2026-01-24 22:41:15.000,_20260124_172024_CH02_DUT_TMO-AUTO_HTTP MS DL_NJ DUT REF_L3.dml,,,,N41(100)+N41(40),NR SA,378,-97.250000,0.570000,,,,,,,,108.122,,,,,0.928,,,,
1332,1,,,-73.9598233,40.8174550,2026-01-24 22:41:16.000,_20260124_172024_CH02_DUT_TMO-AUTO_HTTP MS DL_NJ DUT REF_L3.dml,,,,N41(100)+N41(40),NR SA,378,-97.020000,1.200000,,,,,,,,107.232,,,,,1.080,,,,
1333,1,,,-73.9598233,40.8174550,2026-01-24 22:41:17.000,_20260124_172024_CH02_DUT_TMO-AUTO_HTTP MS DL_NJ DUT REF_L3.dml,,,,N41(100)+N41(40),NR SA,378,-96.650000,1.170000,,,,,,,,,,,,,0.960,,,,
1334,1,,,-73.9598233,40.8174550,2026-01-24 22:41:18.497,_20260124_172024_CH02_DUT_TMO-AUTO_HTTP MS DL_NJ DUT REF_L3.dml,,,,,,,,,,,,,,,Download End Request,,,,,,,,,,
1335,1,,,-73.9598233,40.8174550,2026-01-24 22:41:18.622,_20260124_172024_CH02_DUT_TMO-AUTO_HTTP MS DL_NJ DUT REF_L3.dml,,,,,,,,,,,,,,,Download Ended,,,,,,,,,,
1336,1,,,-73.9598233,40.8174550,2026-01-24 22:41:18.000,_20260124_172024_CH02_DUT_TMO-AUTO_HTTP MS DL_NJ DUT REF_L3.dml,,,,N41(100)+N41(40),NR SA,378,-97.000000,0.940000,,,,,,,,,,,,,1.048,,,,
1337,1,,,-73.9598233,40.8174550,2026-01-24 22:41:19.000,_20260124_172024_CH02_DUT_TMO-AUTO_HTTP MS DL_NJ DUT REF_L3.dml,,,,N41(100)+N41(40),,378,-97.060000,0.530000,,,,,,,,,,,,,0.968,,,,
1338,1,,,-73.9598233,40.8174550,2026-01-24 22:41:20.000,_20260124_172024_CH02_DUT_TMO-AUTO_HTTP MS DL_NJ DUT REF_L3.dml,,,,N41(100)+N41(40),,378,-97.130000,0.650000,,,,,,,,,,,,,,,,,
1339,1,,,-73.9598233,40.8174550,2026-01-24 22:41:21.000,_20260124_172024_CH02_DUT_TMO-AUTO_HTTP MS DL_NJ DUT REF_L3.dml,,,,N41(100)+N41(40),,378,-96.860000,1.290000,,,,,,,,,,,,,0.064,,,,
1340,1,,,-73.9598233,40.8174550,2026-01-24 22:41:22.000,_20260124_172024_CH02_DUT_TMO-AUTO_HTTP MS DL_NJ DUT REF_L3.dml,,,,N41(100)+N41(40),,378,-96.600000,0.800000,,,,,,,,,,,,,0.000,,,,
1341,1,,,-73.9598233,40.8174550,2026-01-24 22:41:23.000,_20260124_172024_CH02_DUT_TMO-AUTO_HTTP MS DL_NJ DUT REF_L3.dml,,,,N41(100)+N41(40),,378,-96.860000,0.570000,,,,,,,,,,,,,0.000,,,,
1342,1,,,-73.9598233,40.8174550,2026-01-24 22:41:24.000,_20260124_172024_CH02_DUT_TMO-AUTO_HTTP MS DL_NJ DUT REF_L3.dml,,,,N41(100)+N41(40),,378,-96.790000,0.710000,,,,,,,,,,,,,,,,,
1343,1,,,-73.9598233,40.8174550,2026-01-24 22:41:25.000,_20260124_172024_CH02_DUT_TMO-AUTO_HTTP MS DL_NJ DUT REF_L3.dml,,,,N41(100)+N41(40),,378,-97.000000,0.140000,,,,,,,,,,,,,0.000,,,,
1344,1,,,-73.9598233,40.8174550,2026-01-24 22:41:26.000,_20260124_172024_CH02_DUT_TMO-AUTO_HTTP MS DL_NJ DUT REF_L3.dml,,,,N41(100)+N41(40),,378,-96.520000,0.550000,,,,,,,,,,,,,0.000,,,,
1345,1,,,-73.9598233,40.8174550,2026-01-24 22:41:27.000,_20260124_172024_CH02_DUT_TMO-AUTO_HTTP MS DL_NJ DUT REF_L3.dml,,,,N41(100)+N41(40),,378,-96.850000,1.050000,,,,,,,,,,,,,0.008,,,,
1346,1,,,-73.9598233,40.8174550,2026-01-24 22:41:28.000,_20260124_172024_CH02_DUT_TMO-AUTO_HTTP MS DL_NJ DUT REF_L3.dml,,,,N41(100)+N41(40),,378,-96.910000,1.820000,,,,,,,,,,,,,0.008,,,,
1347,1,,,-73.9598233,40.8174550,2026-01-24 22:41:29.000,_20260124_172024_CH02_DUT_TMO-AUTO_HTTP MS DL_NJ DUT REF_L3.dml,,,,N41(100)+N41(40),,378,-96.000000,1.000000,,,,,,,,,,,,,,,,,
1348,1,,,-73.9598233,40.8174550,2026-01-24 22:41:30.000,_20260124_172024_CH02_DUT_TMO-AUTO_HTTP MS DL_NJ DUT REF_L3.dml,,,,N41(100)+N41(40),,378,-96.860000,1.140000,,,,,,,,,,,,,0.000,,,,
1349,1,,,-73.9598233,40.8174550,2026-01-24 22:41:31.000,_20260124_172024_CH02_DUT_TMO-AUTO_HTTP MS DL_NJ DUT REF_L3.dml,,,,N41(100)+N41(40),,378,-96.780000,1.110000,,,,,,,,,,,,,0.000,,,,
1350,1,,,-73.9598233,40.8174550,2026-01-24 22:41:32.000,_20260124_172024_CH02_DUT_TMO-AUTO_HTTP MS DL_NJ DUT REF_L3.dml,,,,N41(x)+N41(x),,378,-96.000000,1.000000,,,,,,,,,,,,,0.000,,,,
1351,1,,,-73.9598233,40.8174550,2026-01-24 22:41:33.000,_20260124_172024_CH02_DUT_TMO-AUTO_HTTP MS DL_NJ DUT REF_L3.dml,,,,N41(x)+N41(x),,378,-96.000000,1.670000,,,,,,,,,,,,,,,,,
1352,1,,,-73.9598233,40.8174550,2026-01-24 22:41:34.000,_20260124_172024_CH02_DUT_TMO-AUTO_HTTP MS DL_NJ DUT REF_L3.dml,,,,,,,,,,,,,,,,,,,,,,,,,
1353,1,,,-73.9598233,40.8174550,2026-01-24 22:41:35.000,_20260124_172024_CH02_DUT_TMO-AUTO_HTTP MS DL_NJ DUT REF_L3.dml,,,,N41(x),,378,-96.000000,2.000000,,,,,,,,,,,,,,,,,
1354,1,,,-73.9598233,40.8174550,2026-01-24 22:41:36.000,_20260124_172024_CH02_DUT_TMO-AUTO_HTTP MS DL_NJ DUT REF_L3.dml,,,,N41(x),,378,-96.000000,1.750000,,,,,,,,,,,,,,,,,
1355,1,,,-73.9599183,40.8173983,2026-01-24 22:41:37.000,_20260124_172024_CH02_DUT_TMO-AUTO_HTTP MS DL_NJ DUT REF_L3.dml,,,,N41(x),,378,-97.000000,1.500000,,,,,,,,,,,,,,,,,
1356,1,,,-73.9599183,40.8173983,2026-01-24 22:41:38.000,_20260124_172024_CH02_DUT_TMO-AUTO_HTTP MS DL_NJ DUT REF_L3.dml,,,,N41(x),,378,-97.000000,1.000000,,,,,,,,,,,,,,,,,
1357,1,,,-73.9599133,40.8173900,2026-01-24 22:41:39.000,_20260124_172024_CH02_DUT_TMO-AUTO_HTTP MS DL_NJ DUT REF_L3.dml,,,,,,,,,,,,,,,,,,,,,,,,,
1358,1,,,-73.9599233,40.8173900,2026-01-24 22:41:40.000,_20260124_172024_CH02_DUT_TMO-AUTO_HTTP MS DL_NJ DUT REF_L3.dml,,,,N41(x),,378,-96.670000,1.330000,,,,,,,,,,,,,,,,,
1359,1,,,-73.9599233,40.8173900,2026-01-24 22:41:41.000,_20260124_172024_CH02_DUT_TMO-AUTO_HTTP MS DL_NJ DUT REF_L3.dml,,,,,,,,,,,,,,,,,,,,,,,,,
1360,1,,,-73.9599233,40.8173900,2026-01-24 22:41:42.000,_20260124_172024_CH02_DUT_TMO-AUTO_HTTP MS DL_NJ DUT REF_L3.dml,,,,N41(x),,378,-96.000000,2.500000,,,,,,,,,,,,,,,,,
1361,1,,,-73.9599233,40.8173900,2026-01-24 22:41:43.000,_20260124_172024_CH02_DUT_TMO-AUTO_HTTP MS DL_NJ DUT REF_L3.dml,,,,,,,,,,,,,,,,,,,,,,,,,
1362,1,,,-73.9599233,40.8173900,2026-01-24 22:41:44.000,_20260124_172024_CH02_DUT_TMO-AUTO_HTTP MS DL_NJ DUT REF_L3.dml,,,,N41(x),,378,-96.000000,2.000000,,,,,,,,,,,,,,,,,
1363,1,,,-73.9599233,40.8173900,2026-01-24 22:41:45.000,_20260124_172024_CH02_DUT_TMO-AUTO_HTTP MS DL_NJ DUT REF_L3.dml,,,,,,,,,,,,,,,,,,,,,,,,,
1364,1,,,-73.9599233,40.8173900,2026-01-24 22:41:46.000,_20260124_172024_CH02_DUT_TMO-AUTO_HTTP MS DL_NJ DUT REF_L3.dml,,,,N41(x),,378,-96.000000,1.500000,,,,,,,,,,,,,,,,,
1365,1,,,-73.9599233,40.8173900,2026-01-24 22:41:47.000,_20260124_172024_CH02_DUT_TMO-AUTO_HTTP MS DL_NJ DUT REF_L3.dml,,,,N41(x),,378,-96.000000,1.000000,,,,,,,,,,,,,,,,,
1366,1,,,-73.9599233,40.8173900,2026-01-24 22:41:48.000,_20260124_172024_CH02_DUT_TMO-AUTO_HTTP MS DL_NJ DUT REF_L3.dml,,,,,,,,,,,,,,,,,,,,,,,,,
1367,1,,,-73.9599233,40.8173900,2026-01-24 22:41:49.000,_20260124_172024_CH02_DUT_TMO-AUTO_HTTP MS DL_NJ DUT REF_L3.dml,,,,N41(x),,378,-96.000000,1.000000,,,,,,,,,,,,,,,,,
1368,1,,,-73.9599233,40.8173900,2026-01-24 22:41:50.000,_20260124_172024_CH02_DUT_TMO-AUTO_HTTP MS DL_NJ DUT REF_L3.dml,,,,N41(x),,378,-96.000000,2.000000,,,,,,,,,,,,,,,,,
1369,1,,,-73.9599233,40.8173900,2026-01-24 22:41:51.000,_20260124_172024_CH02_DUT_TMO-AUTO_HTTP MS DL_NJ DUT REF_L3.dml,,,,N41(100)+N41(40),,378,-96.660000,1.690000,,,,,,,,,,,,,,,,,
1370,1,,,-73.9599233,40.8173900,2026-01-24 22:41:52.000,_20260124_172024_CH02_DUT_TMO-AUTO_HTTP MS DL_NJ DUT REF_L3.dml,,,,N41(100)+N41(40),,378,-96.000000,1.790000,,,,,,,,,,,,,0.280,,,,
1371,1,,,-73.9599233,40.8173900,2026-01-24 22:41:53.000,_20260124_172024_CH02_DUT_TMO-AUTO_HTTP MS DL_NJ DUT REF_L3.dml,,,,N41(100)+N41(40),,378,-96.250000,1.500000,,,,,,,,,,,,,0.000,,,,
1372,1,,,-73.9599233,40.8173900,2026-01-24 22:41:54.000,_20260124_172024_CH02_DUT_TMO-AUTO_HTTP MS DL_NJ DUT REF_L3.dml,,,,N41(100)+N41(40),,378,-96.000000,2.000000,,,,,,,,,,,,,,,,,
1373,1,,,-73.9599233,40.8173900,2026-01-24 22:41:55.000,_20260124_172024_CH02_DUT_TMO-AUTO_HTTP MS DL_NJ DUT REF_L3.dml,,,,N41(100)+N41(40),,378,-96.000000,1.000000,,,,,,,,,,,,,0.000,,,,
1374,1,,,-73.9599233,40.8173900,2026-01-24 22:41:56.000,_20260124_172024_CH02_DUT_TMO-AUTO_HTTP MS DL_NJ DUT REF_L3.dml,,,,N41(100)+N41(40),,378,-96.500000,1.500000,,,,,,,,,,,,,0.008,,,,
1375,1,,,-73.9599233,40.8173900,2026-01-24 22:41:57.000,_20260124_172024_CH02_DUT_TMO-AUTO_HTTP MS DL_NJ DUT REF_L3.dml,,,,N41(100)+N41(40),,378,-96.200000,1.600000,,,,,,,,,,,,,,,,,
1376,1,,,-73.9599233,40.8173900,2026-01-24 22:41:58.000,_20260124_172024_CH02_DUT_TMO-AUTO_HTTP MS DL_NJ DUT REF_L3.dml,,,,N41(100)+N41(40),,378,-96.710000,1.000000,,,,,,,,,,,,,0.000,,,,
1377,1,,,-73.9599233,40.8173900,2026-01-24 22:41:59.000,_20260124_172024_CH02_DUT_TMO-AUTO_HTTP MS DL_NJ DUT REF_L3.dml,,,,N41(100)+N41(40),,378,-96.400000,1.800000,,,,,,,,,,,,,0.000,,,,
1378,1,,,-73.9599233,40.8173900,2026-01-24 22:41:59.512,_20260124_172024_CH02_DUT_TMO-AUTO_HTTP MS DL_NJ DUT REF_L3.dml,,,,,,,,,,,,,,,Download Start Request,,,,,,,,,,
1379,1,,,-73.9599233,40.8173900,2026-01-24 22:42:00.000,_20260124_172024_CH02_DUT_TMO-AUTO_HTTP MS DL_NJ DUT REF_L3.dml,,,,N41(100)+N41(40),NR SA,378,-96.750000,1.750000,,,,,,,,,,,,,,,,,
1380,1,,,-73.9599233,40.8173900,2026-01-24 22:42:00.715,_20260124_172024_CH02_DUT_TMO-AUTO_HTTP MS DL_NJ DUT REF_L3.dml,,,,,,,,,,,,,,,Download File Size Retrieved,,,,,,,,,,
1381,1,,,-73.9599233,40.8173900,2026-01-24 22:42:00.715,_20260124_172024_CH02_DUT_TMO-AUTO_HTTP MS DL_NJ DUT REF_L3.dml,,,,,,,,,,,,,,,Download Started,,,,,,,,,,
1382,1,,,-73.9599233,40.8173900,2026-01-24 22:42:01.000,_20260124_172024_CH02_DUT_TMO-AUTO_HTTP MS DL_NJ DUT REF_L3.dml,,,,N41(100)+N41(40),NR SA,378,-97.040000,1.780000,,,,,,,,,,,,,0.108,,,,
1383,1,,,-73.9599233,40.8173900,2026-01-24 22:42:02.000,_20260124_172024_CH02_DUT_TMO-AUTO_HTTP MS DL_NJ DUT REF_L3.dml,,,,N41(100)+N41(40),NR SA,378,-96.760000,1.540000,,,,,,,,,,,,,0.960,,,,
1384,1,,,-73.9599233,40.8173900,2026-01-24 22:42:03.000,_20260124_172024_CH02_DUT_TMO-AUTO_HTTP MS DL_NJ DUT REF_L3.dml,,,,N41(100)+N41(40),NR SA,378,-96.770000,1.350000,,,,,,,,149.554,,,,,1.208,,,,
1385,1,,,-73.9599233,40.8173900,2026-01-24 22:42:04.000,_20260124_172024_CH02_DUT_TMO-AUTO_HTTP MS DL_NJ DUT REF_L3.dml,,,,N41(100)+N41(40),NR SA,378,-96.730000,1.020000,,,,,,,,137.409,,,,,1.056,,,,
1386,1,,,-73.9599233,40.8173900,2026-01-24 22:42:05.000,_20260124_172024_CH02_DUT_TMO-AUTO_HTTP MS DL_NJ DUT REF_L3.dml,,,,N41(100)+N41(40),NR SA,378,-96.630000,0.650000,,,,,,,,117.481,,,,,0.792,,,,
1387,1,,,-73.9599233,40.8173900,2026-01-24 22:42:06.000,_20260124_172024_CH02_DUT_TMO-AUTO_HTTP MS DL_NJ DUT REF_L3.dml,,,,N41(100)+N41(40),NR SA,378,-96.200000,1.560000,,,,,,,,135.222,,,,,0.936,,,,
1388,1,,,-73.9599233,40.8173900,2026-01-24 22:42:07.000,_20260124_172024_CH02_DUT_TMO-AUTO_HTTP MS DL_NJ DUT REF_L3.dml,,,,N41(100)+N41(40),NR SA,378,-96.980000,0.730000,,,,,,,,131.054,,,,,1.008,,,,
1389,1,,,-73.9599233,40.8173900,2026-01-24 22:42:08.000,_20260124_172024_CH02_DUT_TMO-AUTO_HTTP MS DL_NJ DUT REF_L3.dml,,,,N41(100)+N41(40),NR SA,378,-96.530000,1.710000,,,,,,,,129.251,,,,,0.952,,,,
1390,1,,,-73.9599233,40.8173900,2026-01-24 22:42:09.000,_20260124_172024_CH02_DUT_TMO-AUTO_HTTP MS DL_NJ DUT REF_L3.dml,,,,N41(100)+N41(40),NR SA,378,-96.590000,1.820000,,,,,,,,144.055,,,,,0.984,,,,
1391,1,,,-73.9599233,40.8173900,2026-01-24 22:42:10.000,_20260124_172024_CH02_DUT_TMO-AUTO_HTTP MS DL_NJ DUT REF_L3.dml,,,,N41(100)+N41(40),NR SA,378,-96.740000,1.500000,,,,,,,,97.776,,,,,0.912,,,,
1392,1,,,-73.9599233,40.8173900,2026-01-24 22:42:11.000,_20260124_172024_CH02_DUT_TMO-AUTO_HTTP MS DL_NJ DUT REF_L3.dml,,,,N41(100)+N41(40),NR SA,378,-96.300000,1.740000,,,,,,,,116.518,,,,,0.928,,,,
1393,1,,,-73.9599233,40.8173900,2026-01-24 22:42:12.000,_20260124_172024_CH02_DUT_TMO-AUTO_HTTP MS DL_NJ DUT REF_L3.dml,,,,N41(100)+N41(40),NR SA,378,-96.270000,2.350000,,,,,,,,112.820,,,,,0.936,,,,
1394,1,,,-73.9599233,40.8173900,2026-01-24 22:42:13.000,_20260124_172024_CH02_DUT_TMO-AUTO_HTTP MS DL_NJ DUT REF_L3.dml,,,,N41(100)+N41(40),NR SA,378,-96.730000,1.450000,,,,,,,,119.228,,,,,0.872,,,,
1395,1,,,-73.9599233,40.8173900,2026-01-24 22:42:14.000,_20260124_172024_CH02_DUT_TMO-AUTO_HTTP MS DL_NJ DUT REF_L3.dml,,,,N41(100)+N41(40),NR SA,378,-96.930000,1.260000,,,,,,,,115.358,,,,,0.920,,,,
1396,1,,,-73.9599233,40.8173900,2026-01-24 22:42:15.000,_20260124_172024_CH02_DUT_TMO-AUTO_HTTP MS DL_NJ DUT REF_L3.dml,,,,N41(100)+N41(40),NR SA,378,-96.140000,1.710000,,,,,,,,91.645,,,,,0.816,,,,
1397,1,,,-73.9599233,40.8173900,2026-01-24 22:42:16.000,_20260124_172024_CH02_DUT_TMO-AUTO_HTTP MS DL_NJ DUT REF_L3.dml,,,,N41(100)+N41(40),NR SA,378,-96.700000,1.550000,,,,,,,,88.494,,,,,1.000,,,,
1398,1,,,-73.9599233,40.8173900,2026-01-24 22:42:17.000,_20260124_172024_CH02_DUT_TMO-AUTO_HTTP MS DL_NJ DUT REF_L3.dml,,,,N41(100)+N41(40),NR SA,378,-96.830000,0.890000,,,,,,,,118.896,,,,,0.952,,,,
1399,1,,,-73.9599233,40.8173900,2026-01-24 22:42:18.000,_20260124_172024_CH02_DUT_TMO-AUTO_HTTP MS DL_NJ DUT REF_L3.dml,,,,N41(100)+N41(40),NR SA,378,-96.480000,2.090000,,,,,,,,100.114,,,,,0.992,,,,
1400,1,,,-73.9599233,40.8173900,2026-01-24 22:42:19.000,_20260124_172024_CH02_DUT_TMO-AUTO_HTTP MS DL_NJ DUT REF_L3.dml,,,,N41(100)+N41(40),NR SA,378,-95.980000,1.840000,,,,,,,,112.528,,,,,0.976,,,,
1401,1,,,-73.9599233,40.8173900,2026-01-24 22:42:20.000,_20260124_172024_CH02_DUT_TMO-AUTO_HTTP MS DL_NJ DUT REF_L3.dml,,,,N41(100)+N41(40),NR SA,378,-96.960000,1.330000,,,,,,,,108.829,,,,,1.152,,,,
1402,1,,,-73.9599233,40.8173900,2026-01-24 22:42:21.000,_20260124_172024_CH02_DUT_TMO-AUTO_HTTP MS DL_NJ DUT REF_L3.dml,,,,N41(100)+N41(40),NR SA,378,-96.980000,0.670000,,,,,,,,123.076,,,,,1.072,,,,
1403,1,,,-73.9599233,40.8173900,2026-01-24 22:42:22.000,_20260124_172024_CH02_DUT_TMO-AUTO_HTTP MS DL_NJ DUT REF_L3.dml,,,,N41(100)+N41(40),NR SA,378,-97.100000,0.670000,,,,,,,,116.280,,,,,1.008,,,,
1404,1,,,-73.9599233,40.8173900,2026-01-24 22:42:23.000,_20260124_172024_CH02_DUT_TMO-AUTO_HTTP MS DL_NJ DUT REF_L3.dml,,,,N41(100)+N41(40),NR SA,378,-96.860000,1.310000,,,,,,,,117.813,,,,,1.064,,,,
1405,1,,,-73.9599233,40.8173900,2026-01-24 22:42:24.000,_20260124_172024_CH02_DUT_TMO-AUTO_HTTP MS DL_NJ DUT REF_L3.dml,,,,N41(100)+N41(40),NR SA,378,-96.020000,2.160000,,,,,,,,134.804,,,,,1.136,,,,
1406,1,,,-73.9599233,40.8173900,2026-01-24 22:42:25.000,_20260124_172024_CH02_DUT_TMO-AUTO_HTTP MS DL_NJ DUT REF_L3.dml,,,,N41(100)+N41(40),NR SA,378,-96.550000,1.610000,,,,,,,,136.704,,,,,1.192,,,,
1407,1,,,-73.9599233,40.8173900,2026-01-24 22:42:26.000,_20260124_172024_CH02_DUT_TMO-AUTO_HTTP MS DL_NJ DUT REF_L3.dml,,,,N41(100)+N41(40),NR SA,378,-97.430000,0.770000,,,,,,,,153.975,,,,,0.992,,,,
1408,1,,,-73.9599233,40.8173900,2026-01-24 22:42:27.000,_20260124_172024_CH02_DUT_TMO-AUTO_HTTP MS DL_NJ DUT REF_L3.dml,,,,N41(100)+N41(40),NR SA,378,-97.610000,1.140000,,,,,,,,142.051,,,,,1.048,,,,
1409,1,,,-73.9599233,40.8173900,2026-01-24 22:42:28.000,_20260124_172024_CH02_DUT_TMO-AUTO_HTTP MS DL_NJ DUT REF_L3.dml,,,,N41(100)+N41(40),NR SA,378,-97.570000,0.830000,,,,,,,,139.607,,,,,0.920,,,,
1410,1,,,-73.9599233,40.8173900,2026-01-24 22:42:29.000,_20260124_172024_CH02_DUT_TMO-AUTO_HTTP MS DL_NJ DUT REF_L3.dml,,,,N41(100)+N41(40),NR SA,378,-97.750000,1.150000,,,,,,,,101.754,,,,,0.944,,,,
1411,1,,,-73.9599233,40.8173900,2026-01-24 22:42:30.000,_20260124_172024_CH02_DUT_TMO-AUTO_HTTP MS DL_NJ DUT REF_L3.dml,,,,N41(100)+N41(40),NR SA,378,-97.660000,0.700000,,,,,,,,,,,,,0.952,,,,
1412,1,,,-73.9599233,40.8173900,2026-01-24 22:42:31.715,_20260124_172024_CH02_DUT_TMO-AUTO_HTTP MS DL_NJ DUT REF_L3.dml,,,,,,,,,,,,,,,Download End Request,,,,,,,,,,
1413,1,,,-73.9599233,40.8173900,2026-01-24 22:42:31.000,_20260124_172024_CH02_DUT_TMO-AUTO_HTTP MS DL_NJ DUT REF_L3.dml,,,,N41(100)+N41(40),NR SA,378,-97.830000,0.310000,,,,,,,,131.813,,,,,1.032,,,,
1414,1,,,-73.9599233,40.8173900,2026-01-24 22:42:31.794,_20260124_172024_CH02_DUT_TMO-AUTO_HTTP MS DL_NJ DUT REF_L3.dml,,,,,,,,,,,,,,,Download Ended,,,,,,,,,,
1415,1,,,-73.9599233,40.8173900,2026-01-24 22:42:32.000,_20260124_172024_CH02_DUT_TMO-AUTO_HTTP MS DL_NJ DUT REF_L3.dml,,,,N41(100)+N41(40),,378,-97.820000,0.270000,,,,,,,,,,,,,0.992,,,,
1416,1,,,-73.9599233,40.8173900,2026-01-24 22:42:33.000,_20260124_172024_CH02_DUT_TMO-AUTO_HTTP MS DL_NJ DUT REF_L3.dml,,,,N41(100)+N41(40),,378,-97.860000,0.480000,,,,,,,,,,,,,,,,,
1417,1,,,-73.9599233,40.8173900,2026-01-24 22:42:34.000,_20260124_172024_CH02_DUT_TMO-AUTO_HTTP MS DL_NJ DUT REF_L3.dml,,,,N41(100)+N41(40),,378,-98.000000,0.250000,,,,,,,,,,,,,0.600,,,,
1418,1,,,-73.9599233,40.8173900,2026-01-24 22:42:35.000,_20260124_172024_CH02_DUT_TMO-AUTO_HTTP MS DL_NJ DUT REF_L3.dml,,,,N41(100)+N41(40),,378,-97.070000,1.730000,,,,,,,,,,,,,0.000,,,,
1419,1,,,-73.9599233,40.8173900,2026-01-24 22:42:36.000,_20260124_172024_CH02_DUT_TMO-AUTO_HTTP MS DL_NJ DUT REF_L3.dml,,,,N41(100)+N41(40),,378,-97.400000,1.000000,,,,,,,,,,,,,0.048,,,,
1420,1,,,-73.9599233,40.8173900,2026-01-24 22:42:37.000,_20260124_172024_CH02_DUT_TMO-AUTO_HTTP MS DL_NJ DUT REF_L3.dml,,,,N41(100)+N41(40),,378,-97.920000,0.380000,,,,,,,,,,,,,0.000,,,,
1421,1,,,-73.9599233,40.8173900,2026-01-24 22:42:38.000,_20260124_172024_CH02_DUT_TMO-AUTO_HTTP MS DL_NJ DUT REF_L3.dml,,,,N41(100)+N41(40),,378,-97.100000,0.900000,,,,,,,,,,,,,,,,,
1422,1,,,-73.9599233,40.8173900,2026-01-24 22:42:39.000,_20260124_172024_CH02_DUT_TMO-AUTO_HTTP MS DL_NJ DUT REF_L3.dml,,,,N41(100)+N41(40),,378,-97.570000,1.140000,,,,,,,,,,,,,0.000,,,,
1423,1,,,-73.9599233,40.8173900,2026-01-24 22:42:40.000,_20260124_172024_CH02_DUT_TMO-AUTO_HTTP MS DL_NJ DUT REF_L3.dml,,,,N41(100)+N41(40),,378,-97.270000,1.490000,,,,,,,,,,,,,,,,,
1424,1,,,-73.9599233,40.8173900,2026-01-24 22:42:41.000,_20260124_172024_CH02_DUT_TMO-AUTO_HTTP MS DL_NJ DUT REF_L3.dml,,,,N41(100)+N41(40),,378,-97.290000,1.000000,,,,,,,,,,,,,0.008,,,,
1425,1,,,-73.9599233,40.8173900,2026-01-24 22:42:42.000,_20260124_172024_CH02_DUT_TMO-AUTO_HTTP MS DL_NJ DUT REF_L3.dml,,,,N41(100)+N41(40),,378,-97.360000,1.210000,,,,,,,,,,,,,0.000,,,,
1426,1,,,-73.9599233,40.8173900,2026-01-24 22:42:43.000,_20260124_172024_CH02_DUT_TMO-AUTO_HTTP MS DL_NJ DUT REF_L3.dml,,,,N41(100)+N41(40),,378,-97.000000,2.000000,,,,,,,,,,,,,,,,,
1427,1,,,-73.9599233,40.8173900,2026-01-24 22:42:44.000,_20260124_172024_CH02_DUT_TMO-AUTO_HTTP MS DL_NJ DUT REF_L3.dml,,,,N41(100)+N41(40),,378,-97.000000,1.000000,,,,,,,,,,,,,0.000,,,,
1428,1,,,-73.9599233,40.8173900,2026-01-24 22:42:45.000,_20260124_172024_CH02_DUT_TMO-AUTO_HTTP MS DL_NJ DUT REF_L3.dml,,,,N41(x)+N41(x),,378,-97.000000,1.140000,,,,,,,,,,,,,0.000,,,,
1429,1,,,-73.9599233,40.8173900,2026-01-24 22:42:46.000,_20260124_172024_CH02_DUT_TMO-AUTO_HTTP MS DL_NJ DUT REF_L3.dml,,,,N41(x),,378,-96.000000,2.500000,,,,,,,,,,,,,,,,,
1430,1,,,-73.9599233,40.8173900,2026-01-24 22:42:47.000,_20260124_172024_CH02_DUT_TMO-AUTO_HTTP MS DL_NJ DUT REF_L3.dml,,,,,,,,,,,,,,,,,,,,,,,,,
1431,1,,,-73.9599233,40.8173900,2026-01-24 22:42:48.000,_20260124_172024_CH02_DUT_TMO-AUTO_HTTP MS DL_NJ DUT REF_L3.dml,,,,N41(x),,378,-96.000000,2.000000,,,,,,,,,,,,,,,,,
1432,1,,,-73.9599233,40.8173900,2026-01-24 22:42:49.000,_20260124_172024_CH02_DUT_TMO-AUTO_HTTP MS DL_NJ DUT REF_L3.dml,,,,,,,,,,,,,,,,,,,,,,,,,
1433,1,,,-73.9599233,40.8173900,2026-01-24 22:42:50.000,_20260124_172024_CH02_DUT_TMO-AUTO_HTTP MS DL_NJ DUT REF_L3.dml,,,,,,,,,,,,,,,,,,,,,,,,,
1434,1,,,-73.9599233,40.8173900,2026-01-24 22:42:51.000,_20260124_172024_CH02_DUT_TMO-AUTO_HTTP MS DL_NJ DUT REF_L3.dml,,,,N41(x),,378,-97.000000,1.000000,,,,,,,,,,,,,,,,,
1435,1,,,-73.9599233,40.8173900,2026-01-24 22:42:52.000,_20260124_172024_CH02_DUT_TMO-AUTO_HTTP MS DL_NJ DUT REF_L3.dml,,,,,,,,,,,,,,,,,,,,,,,,,
1436,1,,,-73.9599233,40.8173900,2026-01-24 22:42:53.000,_20260124_172024_CH02_DUT_TMO-AUTO_HTTP MS DL_NJ DUT REF_L3.dml,,,,N41(x),,378,-96.000000,1.000000,,,,,,,,,,,,,,,,,
1437,1,,,-73.9599233,40.8173900,2026-01-24 22:42:54.000,_20260124_172024_CH02_DUT_TMO-AUTO_HTTP MS DL_NJ DUT REF_L3.dml,,,,N41(x),,378,-97.000000,1.000000,,,,,,,,,,,,,,,,,
1438,1,,,-73.9599233,40.8173900,2026-01-24 22:42:55.000,_20260124_172024_CH02_DUT_TMO-AUTO_HTTP MS DL_NJ DUT REF_L3.dml,,,,N41(x),,378,-96.000000,2.000000,,,,,,,,,,,,,,,,,
1439,1,,,-73.9599233,40.8173900,2026-01-24 22:42:56.000,_20260124_172024_CH02_DUT_TMO-AUTO_HTTP MS DL_NJ DUT REF_L3.dml,,,,,,,,,,,,,,,,,,,,,,,,,
1440,1,,,-73.9599233,40.8173900,2026-01-24 22:42:57.000,_20260124_172024_CH02_DUT_TMO-AUTO_HTTP MS DL_NJ DUT REF_L3.dml,,,,,,,,,,,,,,,,,,,,,,,,,
1441,1,,,-73.9599233,40.8173900,2026-01-24 22:42:58.000,_20260124_172024_CH02_DUT_TMO-AUTO_HTTP MS DL_NJ DUT REF_L3.dml,,,,,,,,,,,,,,,,,,,,,,,,,
1442,1,,,-73.9599233,40.8173900,2026-01-24 22:42:59.000,_20260124_172024_CH02_DUT_TMO-AUTO_HTTP MS DL_NJ DUT REF_L3.dml,,,,N41(x),,378,-96.000000,2.000000,,,,,,,,,,,,,,,,,
1443,1,,,-73.9599233,40.8173900,2026-01-24 22:43:00.000,_20260124_172024_CH02_DUT_TMO-AUTO_HTTP MS DL_NJ DUT REF_L3.dml,,,,N41(x),,378,-96.000000,2.000000,,,,,,,,,,,,,,,,,
1444,1,,,-73.9599233,40.8173900,2026-01-24 22:43:01.000,_20260124_172024_CH02_DUT_TMO-AUTO_HTTP MS DL_NJ DUT REF_L3.dml,,,,,,,,,,,,,,,,,,,,,,,,,
1445,1,,,-73.9599233,40.8173900,2026-01-24 22:43:02.000,_20260124_172024_CH02_DUT_TMO-AUTO_HTTP MS DL_NJ DUT REF_L3.dml,,,,N41(x),,378,-96.000000,2.000000,,,,,,,,,,,,,,,,,
1446,1,,,-73.9599233,40.8173900,2026-01-24 22:43:03.000,_20260124_172024_CH02_DUT_TMO-AUTO_HTTP MS DL_NJ DUT REF_L3.dml,,,,N41(x),,378,-96.000000,2.000000,,,,,,,,,,,,,,,,,
1447,1,,,-73.9599233,40.8173900,2026-01-24 22:43:04.000,_20260124_172024_CH02_DUT_TMO-AUTO_HTTP MS DL_NJ DUT REF_L3.dml,,,,N41(x),,378,-96.000000,3.000000,,,,,,,,,,,,,,,,,
1448,1,,,-73.9599233,40.8173900,2026-01-24 22:43:05.000,_20260124_172024_CH02_DUT_TMO-AUTO_HTTP MS DL_NJ DUT REF_L3.dml,,,,,,,,,,,,,,,,,,,,,,,,,
1449,1,,,-73.9599233,40.8173900,2026-01-24 22:43:06.000,_20260124_172024_CH02_DUT_TMO-AUTO_HTTP MS DL_NJ DUT REF_L3.dml,,,,,,,,,,,,,,,,,,,,,,,,,
1450,1,,,-73.9599233,40.8173900,2026-01-24 22:43:07.000,_20260124_172024_CH02_DUT_TMO-AUTO_HTTP MS DL_NJ DUT REF_L3.dml,,,,,,,,,,,,,,,,,,,,,,,,,
1451,1,,,-73.9599233,40.8173900,2026-01-24 22:43:08.000,_20260124_172024_CH02_DUT_TMO-AUTO_HTTP MS DL_NJ DUT REF_L3.dml,,,,N41(x),,378,-95.000000,2.000000,,,,,,,,,,,,,,,,,
1452,1,,,-73.9599233,40.8173900,2026-01-24 22:43:09.000,_20260124_172024_CH02_DUT_TMO-AUTO_HTTP MS DL_NJ DUT REF_L3.dml,,,,N41(x),,378,-95.000000,2.000000,,,,,,,,,,,,,,,,,
1453,1,,,-73.9599233,40.8173900,2026-01-24 22:43:10.000,_20260124_172024_CH02_DUT_TMO-AUTO_HTTP MS DL_NJ DUT REF_L3.dml,,,,,,,,,,,,,,,,,,,,,,,,,
1454,1,,,-73.9599233,40.8173900,2026-01-24 22:43:11.000,_20260124_172024_CH02_DUT_TMO-AUTO_HTTP MS DL_NJ DUT REF_L3.dml,,,,N41(x),,378,-95.000000,2.000000,,,,,,,,,,,,,,,,,
1455,1,,,-73.9599233,40.8173900,2026-01-24 22:43:12.000,_20260124_172024_CH02_DUT_TMO-AUTO_HTTP MS DL_NJ DUT REF_L3.dml,,,,N41(x),,378,-96.000000,1.000000,,,,,,,,,,,,,,,,,
1456,1,,,-73.9599233,40.8173900,2026-01-24 22:43:12.747,_20260124_172024_CH02_DUT_TMO-AUTO_HTTP MS DL_NJ DUT REF_L3.dml,,,,,,,,,,,,,,,Download Start Request,,,,,,,,,,
1457,1,,,-73.9599233,40.8173900,2026-01-24 22:43:13.000,_20260124_172024_CH02_DUT_TMO-AUTO_HTTP MS DL_NJ DUT REF_L3.dml,,,,N41(x),NR SA,378,-96.000000,2.000000,,,,,,,,,,,,,,,,,
1458,1,,,-73.9599233,40.8173900,2026-01-24 22:43:14.000,_20260124_172024_CH02_DUT_TMO-AUTO_HTTP MS DL_NJ DUT REF_L3.dml,,,,N41(100)+N41(x),NR SA,378,-96.190000,1.460000,,,,,,,,,,,,,,,,,
1459,1,,,-73.9599233,40.8173900,2026-01-24 22:43:14.059,_20260124_172024_CH02_DUT_TMO-AUTO_HTTP MS DL_NJ DUT REF_L3.dml,,,,,,,,,,,,,,,Download File Size Retrieved,,,,,,,,,,
1460,1,,,-73.9599233,40.8173900,2026-01-24 22:43:14.059,_20260124_172024_CH02_DUT_TMO-AUTO_HTTP MS DL_NJ DUT REF_L3.dml,,,,,,,,,,,,,,,Download Started,,,,,,,,,,
1461,1,,,-73.9599233,40.8173900,2026-01-24 22:43:15.000,_20260124_172024_CH02_DUT_TMO-AUTO_HTTP MS DL_NJ DUT REF_L3.dml,,,,N41(100)+N41(40),NR SA,378,-96.240000,1.110000,,,,,,,,,,,,,0.728,,,,
1462,1,,,-73.9599233,40.8173900,2026-01-24 22:43:16.000,_20260124_172024_CH02_DUT_TMO-AUTO_HTTP MS DL_NJ DUT REF_L3.dml,,,,N41(100)+N41(40),NR SA,378,-96.480000,0.600000,,,,,,,,,,,,,1.544,,,,
1463,1,,,-73.9599233,40.8173900,2026-01-24 22:43:17.000,_20260124_172024_CH02_DUT_TMO-AUTO_HTTP MS DL_NJ DUT REF_L3.dml,,,,N41(100)+N41(40),NR SA,378,-96.220000,0.880000,,,,,,,,95.954,,,,,,,,,
1464,1,,,-73.9599483,40.8173017,2026-01-24 22:43:18.000,_20260124_172024_CH02_DUT_TMO-AUTO_HTTP MS DL_NJ DUT REF_L3.dml,,,,N41(100)+N41(40),NR SA,378,-96.290000,1.410000,,,,,,,,100.704,,,,,1.216,,,,
1465,1,,,-73.9599483,40.8172983,2026-01-24 22:43:19.000,_20260124_172024_CH02_DUT_TMO-AUTO_HTTP MS DL_NJ DUT REF_L3.dml,,,,N41(100)+N41(40),NR SA,378,-96.680000,1.060000,,,,,,,,93.760,,,,,1.384,,,,
1466,1,,,-73.9599483,40.8172983,2026-01-24 22:43:20.000,_20260124_172024_CH02_DUT_TMO-AUTO_HTTP MS DL_NJ DUT REF_L3.dml,,,,N41(100)+N41(40),NR SA,378,-95.550000,2.270000,,,,,,,,117.620,,,,,1.120,,,,
1467,1,,,-73.9599450,40.8173000,2026-01-24 22:43:21.000,_20260124_172024_CH02_DUT_TMO-AUTO_HTTP MS DL_NJ DUT REF_L3.dml,,,,N41(100)+N41(40),NR SA,378,-95.760000,1.950000,,,,,,,,94.893,,,,,1.072,,,,
1468,1,,,-73.9599450,40.8173000,2026-01-24 22:43:22.000,_20260124_172024_CH02_DUT_TMO-AUTO_HTTP MS DL_NJ DUT REF_L3.dml,,,,N41(100)+N41(40),NR SA,378,-96.700000,0.520000,,,,,,,,106.600,,,,,1.024,,,,
1469,1,,,-73.9599450,40.8173000,2026-01-24 22:43:23.000,_20260124_172024_CH02_DUT_TMO-AUTO_HTTP MS DL_NJ DUT REF_L3.dml,,,,N41(100)+N41(40),NR SA,378,-96.080000,1.730000,,,,,,,,86.576,,,,,1.296,,,,
1470,1,,,-73.9599450,40.8173000,2026-01-24 22:43:24.000,_20260124_172024_CH02_DUT_TMO-AUTO_HTTP MS DL_NJ DUT REF_L3.dml,,,,N41(100)+N41(40),NR SA,378,-96.220000,1.690000,,,,,,,,111.434,,,,,1.192,,,,
1471,1,,,-73.9599450,40.8173000,2026-01-24 22:43:25.000,_20260124_172024_CH02_DUT_TMO-AUTO_HTTP MS DL_NJ DUT REF_L3.dml,,,,N41(100)+N41(40),NR SA,378,-96.670000,0.800000,,,,,,,,104.353,,,,,0.976,,,,
1472,1,,,-73.9599450,40.8173000,2026-01-24 22:43:26.000,_20260124_172024_CH02_DUT_TMO-AUTO_HTTP MS DL_NJ DUT REF_L3.dml,,,,N41(100)+N41(40),NR SA,378,-96.430000,1.390000,,,,,,,,91.880,,,,,1.272,,,,
1473,1,,,-73.9599450,40.8173000,2026-01-24 22:43:27.000,_20260124_172024_CH02_DUT_TMO-AUTO_HTTP MS DL_NJ DUT REF_L3.dml,,,,N41(100)+N41(40),NR SA,378,-96.040000,1.710000,,,,,,,,103.444,,,,,1.136,,,,
1474,1,,,-73.9599450,40.8173000,2026-01-24 22:43:28.000,_20260124_172024_CH02_DUT_TMO-AUTO_HTTP MS DL_NJ DUT REF_L3.dml,,,,N41(100)+N41(40),NR SA,378,-96.280000,1.700000,,,,,,,,97.541,,,,,1.032,,,,
1475,1,,,-73.9599450,40.8173000,2026-01-24 22:43:29.000,_20260124_172024_CH02_DUT_TMO-AUTO_HTTP MS DL_NJ DUT REF_L3.dml,,,,N41(100)+N41(40),NR SA,378,-96.600000,1.510000,,,,,,,,91.806,,,,,1.096,,,,
1476,1,,,-73.9599450,40.8173000,2026-01-24 22:43:30.000,_20260124_172024_CH02_DUT_TMO-AUTO_HTTP MS DL_NJ DUT REF_L3.dml,,,,N41(100)+N41(40),NR SA,378,-96.350000,1.840000,,,,,,,,106.996,,,,,1.144,,,,
1477,1,,,-73.9599450,40.8173000,2026-01-24 22:43:31.000,_20260124_172024_CH02_DUT_TMO-AUTO_HTTP MS DL_NJ DUT REF_L3.dml,,,,N41(100)+N41(40),NR SA,378,-96.430000,1.390000,,,,,,,,103.855,,,,,1.208,,,,
1478,1,,,-73.9599450,40.8173000,2026-01-24 22:43:32.000,_20260124_172024_CH02_DUT_TMO-AUTO_HTTP MS DL_NJ DUT REF_L3.dml,,,,N41(100)+N41(40),NR SA,378,-96.240000,1.650000,,,,,,,,114.189,,,,,1.096,,,,
1479,1,,,-73.9599450,40.8173000,2026-01-24 22:43:33.000,_20260124_172024_CH02_DUT_TMO-AUTO_HTTP MS DL_NJ DUT REF_L3.dml,,,,N41(100)+N41(40),NR SA,378,-96.660000,0.940000,,,,,,,,103.094,,,,,0.904,,,,
1480,1,,,-73.9599450,40.8173000,2026-01-24 22:43:34.000,_20260124_172024_CH02_DUT_TMO-AUTO_HTTP MS DL_NJ DUT REF_L3.dml,,,,N41(100)+N41(40),NR SA,378,-96.550000,1.250000,,,,,,,,118.402,,,,,1.096,,,,
1481,1,,,-73.9599450,40.8173000,2026-01-24 22:43:35.000,_20260124_172024_CH02_DUT_TMO-AUTO_HTTP MS DL_NJ DUT REF_L3.dml,,,,N41(100)+N41(40),NR SA,378,-95.970000,2.150000,,,,,,,,123.655,,,,,0.976,,,,
1482,1,,,-73.9599450,40.8173000,2026-01-24 22:43:36.000,_20260124_172024_CH02_DUT_TMO-AUTO_HTTP MS DL_NJ DUT REF_L3.dml,,,,N41(100)+N41(40),NR SA,378,-96.480000,1.430000,,,,,,,,107.682,,,,,,,,,
1483,1,,,-73.9599450,40.8173000,2026-01-24 22:43:37.000,_20260124_172024_CH02_DUT_TMO-AUTO_HTTP MS DL_NJ DUT REF_L3.dml,,,,N41(100)+N41(40),NR SA,378,-96.300000,1.280000,,,,,,,,102.759,,,,,1.152,,,,
1484,1,,,-73.9599450,40.8173000,2026-01-24 22:43:38.000,_20260124_172024_CH02_DUT_TMO-AUTO_HTTP MS DL_NJ DUT REF_L3.dml,,,,N41(100)+N41(40),NR SA,378,-96.940000,0.470000,,,,,,,,126.806,,,,,1.168,,,,
1485,1,,,-73.9599450,40.8173000,2026-01-24 22:43:39.000,_20260124_172024_CH02_DUT_TMO-AUTO_HTTP MS DL_NJ DUT REF_L3.dml,,,,N41(100)+N41(40),NR SA,378,-96.760000,0.880000,,,,,,,,134.656,,,,,1.256,,,,
1486,1,,,-73.9599450,40.8173000,2026-01-24 22:43:40.000,_20260124_172024_CH02_DUT_TMO-AUTO_HTTP MS DL_NJ DUT REF_L3.dml,,,,N41(100)+N41(40),NR SA,378,-96.300000,1.070000,,,,,,,,140.044,,,,,0.856,,,,
1487,1,,,-73.9599450,40.8173000,2026-01-24 22:43:41.000,_20260124_172024_CH02_DUT_TMO-AUTO_HTTP MS DL_NJ DUT REF_L3.dml,,,,N41(100)+N41(40),NR SA,378,-96.270000,1.350000,,,,,,,,85.181,,,,,0.960,,,,
1488,1,,,-73.9599450,40.8173000,2026-01-24 22:43:42.000,_20260124_172024_CH02_DUT_TMO-AUTO_HTTP MS DL_NJ DUT REF_L3.dml,,,,N41(100)+N41(40),NR SA,378,-96.500000,0.650000,,,,,,,,85.676,,,,,1.072,,,,
1489,1,,,-73.9599450,40.8173000,2026-01-24 22:43:43.000,_20260124_172024_CH02_DUT_TMO-AUTO_HTTP MS DL_NJ DUT REF_L3.dml,,,,N41(100)+N41(40),NR SA,378,-96.240000,1.440000,,,,,,,,85.287,,,,,1.136,,,,
1490,1,,,-73.9599450,40.8173000,2026-01-24 22:43:44.000,_20260124_172024_CH02_DUT_TMO-AUTO_HTTP MS DL_NJ DUT REF_L3.dml,,,,N41(100)+N41(40),NR SA,378,-96.600000,1.560000,,,,,,,,96.083,,,,,1.200,,,,
1491,1,,,-73.9599450,40.8173000,2026-01-24 22:43:45.059,_20260124_172024_CH02_DUT_TMO-AUTO_HTTP MS DL_NJ DUT REF_L3.dml,,,,,,,,,,,,,,,Download End Request,,,,,,,,,,
1492,1,,,-73.9599450,40.8173000,2026-01-24 22:43:45.122,_20260124_172024_CH02_DUT_TMO-AUTO_HTTP MS DL_NJ DUT REF_L3.dml,,,,,,,,,,,,,,,Download Ended,,,,,,,,,,
1493,1,,,-73.9599450,40.8173000,2026-01-24 22:43:45.000,_20260124_172024_CH02_DUT_TMO-AUTO_HTTP MS DL_NJ DUT REF_L3.dml,,,,N41(100)+N41(40),NR SA,378,-96.510000,1.530000,,,,,,,,108.540,,,,,1.072,,,,
1494,1,,,-73.9599450,40.8173000,2026-01-24 22:43:46.000,_20260124_172024_CH02_DUT_TMO-AUTO_HTTP MS DL_NJ DUT REF_L3.dml,,,,N41(100)+N41(40),,378,-96.000000,1.830000,,,,,,,,,,,,,1.200,,,,
1495,1,,,-73.9599450,40.8173000,2026-01-24 22:43:47.000,_20260124_172024_CH02_DUT_TMO-AUTO_HTTP MS DL_NJ DUT REF_L3.dml,,,,N41(100)+N41(40),,378,-96.670000,0.830000,,,,,,,,,,,,,0.008,,,,
1496,1,,,-73.9599450,40.8173000,2026-01-24 22:43:48.000,_20260124_172024_CH02_DUT_TMO-AUTO_HTTP MS DL_NJ DUT REF_L3.dml,,,,N41(100)+N41(40),,378,-96.170000,1.330000,,,,,,,,,,,,,,,,,
1497,1,,,-73.9599450,40.8173000,2026-01-24 22:43:49.000,_20260124_172024_CH02_DUT_TMO-AUTO_HTTP MS DL_NJ DUT REF_L3.dml,,,,N41(100)+N41(40),,378,-96.000000,2.170000,,,,,,,,,,,,,0.036,,,,
1498,1,,,-73.9599450,40.8173000,2026-01-24 22:43:50.000,_20260124_172024_CH02_DUT_TMO-AUTO_HTTP MS DL_NJ DUT REF_L3.dml,,,,N41(100)+N41(40),,378,-95.830000,2.310000,,,,,,,,,,,,,,,,,
1499,1,,,-73.9599450,40.8173000,2026-01-24 22:43:51.000,_20260124_172024_CH02_DUT_TMO-AUTO_HTTP MS DL_NJ DUT REF_L3.dml,,,,N41(100)+N41(40),,378,-96.830000,1.500000,,,,,,,,,,,,,0.008,,,,
1500,1,,,-73.9599450,40.8173000,2026-01-24 22:43:52.000,_20260124_172024_CH02_DUT_TMO-AUTO_HTTP MS DL_NJ DUT REF_L3.dml,,,,N41(100)+N41(40),,378,-96.330000,1.330000,,,,,,,,,,,,,0.000,,,,
1501,1,,,-73.9599450,40.8173000,2026-01-24 22:43:53.000,_20260124_172024_CH02_DUT_TMO-AUTO_HTTP MS DL_NJ DUT REF_L3.dml,,,,N41(100)+N41(40),,378,-97.000000,1.000000,,,,,,,,,,,,,0.000,,,,
1502,1,,,-73.9599450,40.8173000,2026-01-24 22:43:54.000,_20260124_172024_CH02_DUT_TMO-AUTO_HTTP MS DL_NJ DUT REF_L3.dml,,,,N41(100)+N41(40),,378,-97.000000,1.000000,,,,,,,,,,,,,,,,,
1503,1,,,-73.9599450,40.8173000,2026-01-24 22:43:55.000,_20260124_172024_CH02_DUT_TMO-AUTO_HTTP MS DL_NJ DUT REF_L3.dml,,,,N41(100)+N41(40),,378,-97.000000,1.000000,,,,,,,,,,,,,0.000,,,,
1504,1,,,-73.9599450,40.8173000,2026-01-24 22:43:56.000,_20260124_172024_CH02_DUT_TMO-AUTO_HTTP MS DL_NJ DUT REF_L3.dml,,,,N41(100)+N41(40),,378,-96.920000,0.500000,,,,,,,,,,,,,0.000,,,,
1505,1,,,-73.9599450,40.8173000,2026-01-24 22:43:57.000,_20260124_172024_CH02_DUT_TMO-AUTO_HTTP MS DL_NJ DUT REF_L3.dml,,,,N41(100)+N41(40),,378,-96.680000,0.730000,,,,,,,,,,,,,0.000,,,,
1506,1,,,-73.9599450,40.8173000,2026-01-24 22:43:58.000,_20260124_172024_CH02_DUT_TMO-AUTO_HTTP MS DL_NJ DUT REF_L3.dml,,,,N41(100)+N41(40),,378,-96.680000,0.680000,,,,,,,,,,,,,0.008,,,,
1507,1,,,-73.9599450,40.8173000,2026-01-24 22:43:59.000,_20260124_172024_CH02_DUT_TMO-AUTO_HTTP MS DL_NJ DUT REF_L3.dml,,,,N41(100)+N41(40),,378,-96.700000,0.210000,,,,,,,,,,,,,0.008,,,,
1508,1,,,-73.9599450,40.8173000,2026-01-24 22:44:00.000,_20260124_172024_CH02_DUT_TMO-AUTO_HTTP MS DL_NJ DUT REF_L3.dml,,,,N41(x)+N41(x),,378,-96.800000,0.400000,,,,,,,,,,,,,0.000,,,,
1509,1,,,-73.9599450,40.8173000,2026-01-24 22:44:01.000,_20260124_172024_CH02_DUT_TMO-AUTO_HTTP MS DL_NJ DUT REF_L3.dml,,,,N41(x),,378,-95.500000,1.000000,,,,,,,,,,,,,,,,,
1510,1,,,-73.9599450,40.8173000,2026-01-24 22:44:02.000,_20260124_172024_CH02_DUT_TMO-AUTO_HTTP MS DL_NJ DUT REF_L3.dml,,,,N41(x),,378,-95.000000,1.000000,,,,,,,,,,,,,,,,,
1511,1,,,-73.9599517,40.8172767,2026-01-24 22:44:03.000,_20260124_172024_CH02_DUT_TMO-AUTO_HTTP MS DL_NJ DUT REF_L3.dml,,,,N41(x),,378,-95.000000,1.000000,,,,,,,,,,,,,,,,,
1512,1,,,-73.9599500,40.8172767,2026-01-24 22:44:04.000,_20260124_172024_CH02_DUT_TMO-AUTO_HTTP MS DL_NJ DUT REF_L3.dml,,,,N41(x),,378,-95.000000,1.000000,,,,,,,,,,,,,,,,,
1513,1,,,-73.9599467,40.8172750,2026-01-24 22:44:05.000,_20260124_172024_CH02_DUT_TMO-AUTO_HTTP MS DL_NJ DUT REF_L3.dml,,,,,,,,,,,,,,,,,,,,,,,,,
1514,1,,,-73.9599417,40.8172733,2026-01-24 22:44:06.000,_20260124_172024_CH02_DUT_TMO-AUTO_HTTP MS DL_NJ DUT REF_L3.dml,,,,N41(x),,378,-96.000000,1.000000,,,,,,,,,,,,,,,,,
1515,1,,,-73.9599417,40.8172733,2026-01-24 22:44:07.000,_20260124_172024_CH02_DUT_TMO-AUTO_HTTP MS DL_NJ DUT REF_L3.dml,,,,N41(x),,378,-95.000000,2.000000,,,,,,,,,,,,,,,,,
1516,1,,,-73.9599417,40.8172733,2026-01-24 22:44:08.000,_20260124_172024_CH02_DUT_TMO-AUTO_HTTP MS DL_NJ DUT REF_L3.dml,,,,N41(x),,378,-95.000000,2.000000,,,,,,,,,,,,,,,,,
1517,1,,,-73.9599417,40.8172733,2026-01-24 22:44:09.000,_20260124_172024_CH02_DUT_TMO-AUTO_HTTP MS DL_NJ DUT REF_L3.dml,,,,,,,,,,,,,,,,,,,,,,,,,
1518,1,,,-73.9599417,40.8172733,2026-01-24 22:44:10.000,_20260124_172024_CH02_DUT_TMO-AUTO_HTTP MS DL_NJ DUT REF_L3.dml,,,,,,,,,,,,,,,,,,,,,,,,,
1519,1,,,-73.9599417,40.8172733,2026-01-24 22:44:11.000,_20260124_172024_CH02_DUT_TMO-AUTO_HTTP MS DL_NJ DUT REF_L3.dml,,,,,,,,,,,,,,,,,,,,,,,,,
1520,1,,,-73.9599417,40.8172733,2026-01-24 22:44:12.000,_20260124_172024_CH02_DUT_TMO-AUTO_HTTP MS DL_NJ DUT REF_L3.dml,,,,N41(x),,378,-97.000000,0.000000,,,,,,,,,,,,,,,,,
1521,1,,,-73.9599417,40.8172733,2026-01-24 22:44:13.000,_20260124_172024_CH02_DUT_TMO-AUTO_HTTP MS DL_NJ DUT REF_L3.dml,,,,N41(x),,378,-96.000000,0.000000,,,,,,,,,,,,,,,,,
1522,1,,,-73.9599417,40.8172733,2026-01-24 22:44:14.000,_20260124_172024_CH02_DUT_TMO-AUTO_HTTP MS DL_NJ DUT REF_L3.dml,,,,,,,,,,,,,,,,,,,,,,,,,
1523,1,,,-73.9599417,40.8172733,2026-01-24 22:44:15.000,_20260124_172024_CH02_DUT_TMO-AUTO_HTTP MS DL_NJ DUT REF_L3.dml,,,,N41(x),,378,-95.000000,1.000000,,,,,,,,,,,,,,,,,
1524,1,,,-73.9599417,40.8172733,2026-01-24 22:44:16.000,_20260124_172024_CH02_DUT_TMO-AUTO_HTTP MS DL_NJ DUT REF_L3.dml,,,,N41(x),,378,-95.000000,2.000000,,,,,,,,,,,,,,,,,
1525,1,,,-73.9599417,40.8172733,2026-01-24 22:44:17.000,_20260124_172024_CH02_DUT_TMO-AUTO_HTTP MS DL_NJ DUT REF_L3.dml,,,,N41(x),,378,-95.000000,2.000000,,,,,,,,,,,,,,,,,
1526,1,,,-73.9599417,40.8172733,2026-01-24 22:44:18.000,_20260124_172024_CH02_DUT_TMO-AUTO_HTTP MS DL_NJ DUT REF_L3.dml,,,,N41(x),,378,-95.000000,2.000000,,,,,,,,,,,,,,,,,
1527,1,,,-73.9599417,40.8172733,2026-01-24 22:44:19.000,_20260124_172024_CH02_DUT_TMO-AUTO_HTTP MS DL_NJ DUT REF_L3.dml,,,,,,,,,,,,,,,,,,,,,,,,,
1528,1,,,-73.9599417,40.8172733,2026-01-24 22:44:20.000,_20260124_172024_CH02_DUT_TMO-AUTO_HTTP MS DL_NJ DUT REF_L3.dml,,,,,,,,,,,,,,,,,,,,,,,,,
1529,1,,,-73.9599417,40.8172733,2026-01-24 22:44:21.000,_20260124_172024_CH02_DUT_TMO-AUTO_HTTP MS DL_NJ DUT REF_L3.dml,,,,,,,,,,,,,,,,,,,,,,,,,
1530,1,,,-73.9599417,40.8172733,2026-01-24 22:44:22.000,_20260124_172024_CH02_DUT_TMO-AUTO_HTTP MS DL_NJ DUT REF_L3.dml,,,,,,,,,,,,,,,,,,,,,,,,,
1531,1,,,-73.9599417,40.8172733,2026-01-24 22:44:23.000,_20260124_172024_CH02_DUT_TMO-AUTO_HTTP MS DL_NJ DUT REF_L3.dml,,,,,,,,,,,,,,,,,,,,,,,,,
1532,1,,,-73.9599417,40.8172733,2026-01-24 22:44:24.000,_20260124_172024_CH02_DUT_TMO-AUTO_HTTP MS DL_NJ DUT REF_L3.dml,,,,N41(x),,378,-97.000000,1.000000,,,,,,,,,,,,,,,,,
1533,1,,,-73.9599417,40.8172733,2026-01-24 22:44:25.000,_20260124_172024_CH02_DUT_TMO-AUTO_HTTP MS DL_NJ DUT REF_L3.dml,,,,,,,,,,,,,,,,,,,,,,,,,
1534,1,,,-73.9599417,40.8172733,2026-01-24 22:44:26.090,_20260124_172024_CH02_DUT_TMO-AUTO_HTTP MS DL_NJ DUT REF_L3.dml,,,,,,,,,,,,,,,Download Start Request,,,,,,,,,,
1535,1,,,-73.9599417,40.8172733,2026-01-24 22:44:26.000,_20260124_172024_CH02_DUT_TMO-AUTO_HTTP MS DL_NJ DUT REF_L3.dml,,,,N41(x),NR SA,378,-96.000000,2.000000,,,,,,,,,,,,,,,,,
1536,1,,,-73.9599417,40.8172733,2026-01-24 22:44:27.000,_20260124_172024_CH02_DUT_TMO-AUTO_HTTP MS DL_NJ DUT REF_L3.dml,,,,N41(100)+N41(x),NR SA,378,-96.000000,1.180000,,,,,,,,,,,,,,,,,
1537,1,,,-73.9599417,40.8172733,2026-01-24 22:44:27.388,_20260124_172024_CH02_DUT_TMO-AUTO_HTTP MS DL_NJ DUT REF_L3.dml,,,,,,,,,,,,,,,Download File Size Retrieved,,,,,,,,,,
1538,1,,,-73.9599417,40.8172733,2026-01-24 22:44:27.388,_20260124_172024_CH02_DUT_TMO-AUTO_HTTP MS DL_NJ DUT REF_L3.dml,,,,,,,,,,,,,,,Download Started,,,,,,,,,,
1539,1,,,-73.9599417,40.8172733,2026-01-24 22:44:28.000,_20260124_172024_CH02_DUT_TMO-AUTO_HTTP MS DL_NJ DUT REF_L3.dml,,,,N41(100)+N41(40),NR SA,378,-96.130000,0.800000,,,,,,,,,,,,,0.576,,,,
1540,1,,,-73.9599417,40.8172733,2026-01-24 22:44:29.000,_20260124_172024_CH02_DUT_TMO-AUTO_HTTP MS DL_NJ DUT REF_L3.dml,,,,N41(100)+N41(40),NR SA,378,-97.020000,0.250000,,,,,,,,,,,,,1.296,,,,
1541,1,,,-73.9599417,40.8172733,2026-01-24 22:44:30.000,_20260124_172024_CH02_DUT_TMO-AUTO_HTTP MS DL_NJ DUT REF_L3.dml,,,,N41(100)+N41(40),NR SA,378,-96.850000,0.520000,,,,,,,,183.954,,,,,1.152,,,,
1542,1,,,-73.9599417,40.8172733,2026-01-24 22:44:31.000,_20260124_172024_CH02_DUT_TMO-AUTO_HTTP MS DL_NJ DUT REF_L3.dml,,,,N41(100)+N41(40),NR SA,378,-95.830000,1.200000,,,,,,,,137.784,,,,,0.824,,,,
1543,1,,,-73.9599417,40.8172733,2026-01-24 22:44:32.000,_20260124_172024_CH02_DUT_TMO-AUTO_HTTP MS DL_NJ DUT REF_L3.dml,,,,N41(100)+N41(40),NR SA,378,-95.860000,2.220000,,,,,,,,115.026,,,,,1.064,,,,
1544,1,,,-73.9599417,40.8172733,2026-01-24 22:44:33.000,_20260124_172024_CH02_DUT_TMO-AUTO_HTTP MS DL_NJ DUT REF_L3.dml,,,,N41(100)+N41(40),NR SA,378,-96.000000,2.490000,,,,,,,,106.289,,,,,0.864,,,,
1545,1,,,-73.9599417,40.8172733,2026-01-24 22:44:34.000,_20260124_172024_CH02_DUT_TMO-AUTO_HTTP MS DL_NJ DUT REF_L3.dml,,,,N41(100)+N41(40),NR SA,378,-95.740000,2.900000,,,,,,,,108.583,,,,,0.840,,,,
1546,1,,,-73.9599417,40.8172733,2026-01-24 22:44:35.000,_20260124_172024_CH02_DUT_TMO-AUTO_HTTP MS DL_NJ DUT REF_L3.dml,,,,N41(100)+N41(40),NR SA,378,-96.700000,1.230000,,,,,,,,112.003,,,,,1.048,,,,
1547,1,,,-73.9599417,40.8172733,2026-01-24 22:44:36.000,_20260124_172024_CH02_DUT_TMO-AUTO_HTTP MS DL_NJ DUT REF_L3.dml,,,,N41(100)+N41(40),NR SA,378,-96.550000,1.450000,,,,,,,,125.027,,,,,0.960,,,,
1548,1,,,-73.9599417,40.8172733,2026-01-24 22:44:37.000,_20260124_172024_CH02_DUT_TMO-AUTO_HTTP MS DL_NJ DUT REF_L3.dml,,,,N41(100)+N41(40),NR SA,378,-95.100000,2.360000,,,,,,,,114.736,,,,,0.976,,,,
1549,1,,,-73.9599417,40.8172733,2026-01-24 22:44:38.000,_20260124_172024_CH02_DUT_TMO-AUTO_HTTP MS DL_NJ DUT REF_L3.dml,,,,N41(100)+N41(40),NR SA,378,-95.200000,2.470000,,,,,,,,142.823,,,,,0.976,,,,
1550,1,,,-73.9599417,40.8172733,2026-01-24 22:44:39.000,_20260124_172024_CH02_DUT_TMO-AUTO_HTTP MS DL_NJ DUT REF_L3.dml,,,,N41(100)+N41(40),NR SA,378,-95.760000,1.780000,,,,,,,,124.676,,,,,0.944,,,,
1551,1,,,-73.9599417,40.8172733,2026-01-24 22:44:40.000,_20260124_172024_CH02_DUT_TMO-AUTO_HTTP MS DL_NJ DUT REF_L3.dml,,,,N41(100)+N41(40),NR SA,378,-96.310000,1.080000,,,,,,,,120.929,,,,,0.944,,,,
1552,1,,,-73.9599417,40.8172733,2026-01-24 22:44:41.000,_20260124_172024_CH02_DUT_TMO-AUTO_HTTP MS DL_NJ DUT REF_L3.dml,,,,N41(100)+N41(40),NR SA,378,-96.580000,1.020000,,,,,,,,99.417,,,,,0.840,,,,
1553,1,,,-73.9599417,40.8172733,2026-01-24 22:44:42.000,_20260124_172024_CH02_DUT_TMO-AUTO_HTTP MS DL_NJ DUT REF_L3.dml,,,,N41(100)+N41(40),NR SA,378,-96.170000,1.930000,,,,,,,,103.716,,,,,0.912,,,,
1554,1,,,-73.9599417,40.8172733,2026-01-24 22:44:43.000,_20260124_172024_CH02_DUT_TMO-AUTO_HTTP MS DL_NJ DUT REF_L3.dml,,,,N41(100)+N41(40),NR SA,378,-95.670000,2.080000,,,,,,,,84.549,,,,,0.968,,,,
1555,1,,,-73.9599417,40.8172733,2026-01-24 22:44:44.000,_20260124_172024_CH02_DUT_TMO-AUTO_HTTP MS DL_NJ DUT REF_L3.dml,,,,N41(100)+N41(40),NR SA,378,-95.180000,2.450000,,,,,,,,109.119,,,,,0.920,,,,
1556,1,,,-73.9599417,40.8172733,2026-01-24 22:44:45.000,_20260124_172024_CH02_DUT_TMO-AUTO_HTTP MS DL_NJ DUT REF_L3.dml,,,,N41(100)+N41(40),NR SA,378,-95.150000,1.930000,,,,,,,,101.733,,,,,0.960,,,,
1557,1,,,-73.9599417,40.8172733,2026-01-24 22:44:46.000,_20260124_172024_CH02_DUT_TMO-AUTO_HTTP MS DL_NJ DUT REF_L3.dml,,,,N41(100)+N41(40),NR SA,378,-95.370000,2.960000,,,,,,,,109.194,,,,,0.848,,,,
1558,1,,,-73.9599417,40.8172733,2026-01-24 22:44:47.000,_20260124_172024_CH02_DUT_TMO-AUTO_HTTP MS DL_NJ DUT REF_L3.dml,,,,N41(100)+N41(40),NR SA,378,-95.730000,2.730000,,,,,,,,100.168,,,,,0.912,,,,
1559,1,,,-73.9599417,40.8172733,2026-01-24 22:44:48.000,_20260124_172024_CH02_DUT_TMO-AUTO_HTTP MS DL_NJ DUT REF_L3.dml,,,,N41(100)+N41(40),NR SA,378,-96.290000,1.560000,,,,,,,,83.123,,,,,0.912,,,,
1560,1,,,-73.9599417,40.8172733,2026-01-24 22:44:49.000,_20260124_172024_CH02_DUT_TMO-AUTO_HTTP MS DL_NJ DUT REF_L3.dml,,,,N41(100)+N41(40),NR SA,378,-95.720000,1.980000,,,,,,,,93.736,,,,,0.984,,,,
1561,1,,,-73.9599417,40.8172733,2026-01-24 22:44:50.000,_20260124_172024_CH02_DUT_TMO-AUTO_HTTP MS DL_NJ DUT REF_L3.dml,,,,N41(100)+N41(40),NR SA,378,-95.440000,3.020000,,,,,,,,100.382,,,,,1.040,,,,
1562,1,,,-73.9599417,40.8172733,2026-01-24 22:44:51.000,_20260124_172024_CH02_DUT_TMO-AUTO_HTTP MS DL_NJ DUT REF_L3.dml,,,,N41(100)+N41(40),NR SA,378,-96.350000,1.690000,,,,,,,,120.782,,,,,0.872,,,,
1563,1,,,-73.9599417,40.8172733,2026-01-24 22:44:52.000,_20260124_172024_CH02_DUT_TMO-AUTO_HTTP MS DL_NJ DUT REF_L3.dml,,,,N41(100)+N41(40),NR SA,378,-95.870000,2.000000,,,,,,,,94.529,,,,,0.864,,,,
1564,1,,,-73.9599417,40.8172733,2026-01-24 22:44:53.000,_20260124_172024_CH02_DUT_TMO-AUTO_HTTP MS DL_NJ DUT REF_L3.dml,,,,N41(100)+N41(40),NR SA,378,-95.530000,2.650000,,,,,,,,105.013,,,,,0.928,,,,
1565,1,,,-73.9599417,40.8172733,2026-01-24 22:44:54.000,_20260124_172024_CH02_DUT_TMO-AUTO_HTTP MS DL_NJ DUT REF_L3.dml,,,,N41(100)+N41(40),NR SA,378,-96.650000,1.120000,,,,,,,,105.839,,,,,1.104,,,,
1566,1,,,-73.9599417,40.8172733,2026-01-24 22:44:55.000,_20260124_172024_CH02_DUT_TMO-AUTO_HTTP MS DL_NJ DUT REF_L3.dml,,,,N41(100)+N41(40),NR SA,378,-96.770000,0.860000,,,,,,,,116.408,,,,,1.008,,,,
1567,1,,,-73.9599417,40.8172733,2026-01-24 22:44:56.000,_20260124_172024_CH02_DUT_TMO-AUTO_HTTP MS DL_NJ DUT REF_L3.dml,,,,N41(100)+N41(40),NR SA,378,-96.140000,1.260000,,,,,,,,121.243,,,,,1.112,,,,
1568,1,,,-73.9599417,40.8172733,2026-01-24 22:44:57.000,_20260124_172024_CH02_DUT_TMO-AUTO_HTTP MS DL_NJ DUT REF_L3.dml,,,,N41(100)+N41(40),NR SA,378,-96.250000,1.540000,,,,,,,,134.364,,,,,1.344,,,,
1569,1,,,-73.9599417,40.8172733,2026-01-24 22:44:58.000,_20260124_172024_CH02_DUT_TMO-AUTO_HTTP MS DL_NJ DUT REF_L3.dml,,,,N41(100)+N41(40),NR SA,378,-96.700000,0.720000,,,,,,,,143.048,,,,,1.320,,,,
1570,1,,,-73.9599417,40.8172733,2026-01-24 22:44:58.387,_20260124_172024_CH02_DUT_TMO-AUTO_HTTP MS DL_NJ DUT REF_L3.dml,,,,,,,,,,,,,,,Download End Request,,,,,,,,,,
1571,1,,,-73.9599417,40.8172733,2026-01-24 22:44:58.465,_20260124_172024_CH02_DUT_TMO-AUTO_HTTP MS DL_NJ DUT REF_L3.dml,,,,,,,,,,,,,,,Download Ended,,,,,,,,,,
1572,1,,,-73.9599417,40.8172733,2026-01-24 22:44:59.000,_20260124_172024_CH02_DUT_TMO-AUTO_HTTP MS DL_NJ DUT REF_L3.dml,,,,N41(100)+N41(40),NR SA,378,-96.710000,0.420000,,,,,,,,138.974,,,,,1.496,,,,
1573,1,,,-73.9599417,40.8172733,2026-01-24 22:45:00.000,_20260124_172024_CH02_DUT_TMO-AUTO_HTTP MS DL_NJ DUT REF_L3.dml,,,,N41(100)+N41(40),,378,-95.830000,1.500000,,,,,,,,,,,,,,,,,
1574,1,,,-73.9599417,40.8172733,2026-01-24 22:45:01.000,_20260124_172024_CH02_DUT_TMO-AUTO_HTTP MS DL_NJ DUT REF_L3.dml,,,,N41(100)+N41(40),,378,-95.620000,1.120000,,,,,,,,,,,,,0.040,,,,
1575,1,,,-73.9599417,40.8172733,2026-01-24 22:45:02.000,_20260124_172024_CH02_DUT_TMO-AUTO_HTTP MS DL_NJ DUT REF_L3.dml,,,,N41(100)+N41(40),,378,-96.660000,0.970000,,,,,,,,,,,,,0.000,,,,
1576,1,,,-73.9599417,40.8172733,2026-01-24 22:45:03.000,_20260124_172024_CH02_DUT_TMO-AUTO_HTTP MS DL_NJ DUT REF_L3.dml,,,,N41(100)+N41(40),,378,-96.300000,1.030000,,,,,,,,,,,,,0.080,,,,
