IDX,LID,CI_1,CI_2,Lon,Lat,Time,Measure,[Mobile Info] IMEI,[General] Serving Network,[General] [GPS] Latitude,[General] [GPS] Longitude,[General] Band Classification (formal),[NR5G] [System] NR-ARFCN,[NR5G] [RF] PCI,[NR5G] [RF] RSRP,[NR5G] [Power] Tx power (PUSCH Actual),[NR5G] [PCC] [PDSCH] [MIMO] Num of Layer (Mode),[NR5G] [PCC] [Quality Report] RI (Rank Index) (Mode),[NR5G] [RF] SINR,[NR5G] [PCC] [PUSCH] [TB  RB] BLER,[NR5G] [PCC] [PUSCH] [Modulation] MCS (Avg),[General] [GPS] Accumulated Distance,[NR5G] [Quality Report] [CQI] WB CQI (Avg),[Call Test] [Throughput] Application DL TP,[Call Test] [Throughput] Application UL TP,[Call Test] [Voice Quality] [Per Rx Clip] MOS Value,[Packet Data] [SIP] Request Method,[Packet Data] [SIP] Status,[Packet Data] [SIP] 200 OK - Method,[Event] Voice Call Event,[Mobile Info] [Android] Latitude,[Mobile Info] [Android] Longitude
1,1,,,,,2025-09-29 20:58:55.000,_20250929_135852_CH08_TMO_5G Auto_VoNR Coverage Test_REF4 Mobile_5G Auto VoNR Coverage Test.dml,,,,,,,,,,,,,,,,,,,,,,,,47.128325,-122.356686
2,1,,,-122.3566800,47.1283500,2025-09-29 20:58:56.000,_20250929_135852_CH08_TMO_5G Auto_VoNR Coverage Test_REF4 Mobile_5G Auto VoNR Coverage Test.dml,,NR SA,47.128350,-122.356680,n71A,125290,587,-56.340000,,,Rank 1 (RI0),21.720000,,,,,,,,,,,,47.128325,-122.356686
3,1,,,-122.3566800,47.1283500,2025-09-29 20:58:57.000,_20250929_135852_CH08_TMO_5G Auto_VoNR Coverage Test_REF4 Mobile_5G Auto VoNR Coverage Test.dml,,NR SA,47.128350,-122.356680,n71A,125290,587,-57.820000,11.000000,1,Rank 1 (RI0),20.690000,,3.833333,0.000000,15.000000,,,,,,,,47.128325,-122.356686
4,1,,,-122.3566800,47.1283500,2025-09-29 20:58:58.000,_20250929_135852_CH08_TMO_5G Auto_VoNR Coverage Test_REF4 Mobile_5G Auto VoNR Coverage Test.dml,,NR SA,47.128350,-122.356680,n71A,125290,587,-59.100000,2.500000,1,Rank 1 (RI0),21.040000,,11.600000,0.000000,13.500000,,,,,,,,47.128325,-122.356686
5,1,,,-122.3566800,47.1283500,2025-09-29 20:58:59.000,_20250929_135852_CH08_TMO_5G Auto_VoNR Coverage Test_REF4 Mobile_5G Auto VoNR Coverage Test.dml,,NR SA,47.128350,-122.356680,n71A,125290,587,-59.490000,,,Rank 1 (RI0),19.770000,,,0.000000,,,,,,,,,47.128325,-122.356686
6,1,,,-122.3566800,47.1283500,2025-09-29 20:59:00.000,_20250929_135852_CH08_TMO_5G Auto_VoNR Coverage Test_REF4 Mobile_5G Auto VoNR Coverage Test.dml,,NR SA,47.128350,-122.356680,n71A,125290,587,-59.560000,,,Rank 1 (RI0),18.240000,,,0.000000,,,,,,,,,47.128325,-122.356686
7,1,,,-122.3566800,47.1283500,2025-09-29 20:59:01.000,_20250929_135852_CH08_TMO_5G Auto_VoNR Coverage Test_REF4 Mobile_5G Auto VoNR Coverage Test.dml,,NR SA,47.128350,-122.356680,n71A,125290,587,-62.200000,,,Rank 1 (RI0),15.860000,,,0.000000,,,,,,,,,47.128325,-122.356686
8,1,,,-122.3566800,47.1283500,2025-09-29 20:59:02.000,_20250929_135852_CH08_TMO_5G Auto_VoNR Coverage Test_REF4 Mobile_5G Auto VoNR Coverage Test.dml,,NR SA,47.128350,-122.356680,n71A,125290,587,-63.190000,,,Rank 1 (RI0),14.790000,,,0.000000,,,,,,,,,47.128325,-122.356686
9,1,,,-122.3566800,47.1283500,2025-09-29 20:59:03.000,_20250929_135852_CH08_TMO_5G Auto_VoNR Coverage Test_REF4 Mobile_5G Auto VoNR Coverage Test.dml,,NR SA,47.128350,-122.356680,n71A,125290,587,-63.420000,,,Rank 1 (RI0),14.570000,,,0.000000,,,,,,,,,47.128325,-122.356686
10,1,,,-122.3566800,47.1283500,2025-09-29 20:59:04.000,_20250929_135852_CH08_TMO_5G Auto_VoNR Coverage Test_REF4 Mobile_5G Auto VoNR Coverage Test.dml,,NR SA,47.128350,-122.356680,n71A,125290,587,-62.920000,,,Rank 1 (RI0),15.190000,,,0.000000,,,,,,,,,47.128325,-122.356686
11,1,,,-122.3566800,47.1283500,2025-09-29 20:59:05.000,_20250929_135852_CH08_TMO_5G Auto_VoNR Coverage Test_REF4 Mobile_5G Auto VoNR Coverage Test.dml,,NR SA,47.128350,-122.356680,n71A,125290,587,-63.060000,,,Rank 1 (RI0),16.280000,,,0.000000,,,,,,,,,47.128325,-122.356686
12,1,,,-122.3566800,47.1283500,2025-09-29 20:59:06.383,_20250929_135852_CH08_TMO_5G Auto_VoNR Coverage Test_REF4 Mobile_5G Auto VoNR Coverage Test.dml,,,,,,,,,,,,,,,,,,,,,,,[Tool] Voice - Call Scheduling Start(Orig),,
13,1,,,-122.3566800,47.1283500,2025-09-29 20:59:06.383,_20250929_135852_CH08_TMO_5G Auto_VoNR Coverage Test_REF4 Mobile_5G Auto VoNR Coverage Test.dml,,,,,,,,,,,,,,,,,,,,,,,[UE]   Voice - Orig Success,,
14,1,,,-122.3566800,47.1283500,2025-09-29 20:59:06.398,_20250929_135852_CH08_TMO_5G Auto_VoNR Coverage Test_REF4 Mobile_5G Auto VoNR Coverage Test.dml,,,,,,,,,,,,,,,,,,,,,,,[Tool] Voice - Orig Request,,
15,1,,,-122.3566800,47.1283500,2025-09-29 20:59:06.000,_20250929_135852_CH08_TMO_5G Auto_VoNR Coverage Test_REF4 Mobile_5G Auto VoNR Coverage Test.dml,,NR SA,47.128350,-122.356680,n71A,125290,587,-62.960000,,,Rank 1 (RI0),17.190000,,,0.000000,,,,,,,,,47.128325,-122.356686
16,1,,,-122.3566800,47.1283500,2025-09-29 20:59:06.812,_20250929_135852_CH08_TMO_5G Auto_VoNR Coverage Test_REF4 Mobile_5G Auto VoNR Coverage Test.dml,,,,,,,,,,,,,,,,,,,,INVITE,,,,,
17,1,,,-122.3566800,47.1283500,2025-09-29 20:59:07.000,_20250929_135852_CH08_TMO_5G Auto_VoNR Coverage Test_REF4 Mobile_5G Auto VoNR Coverage Test.dml,,NR SA,47.128350,-122.356680,n71A,125290,587,-62.500000,3.800000,1,Rank 1 (RI0),16.480000,,13.105263,0.000000,11.500000,,,,,,,,47.128325,-122.356686
18,1,,,-122.3566800,47.1283500,2025-09-29 20:59:08.000,_20250929_135852_CH08_TMO_5G Auto_VoNR Coverage Test_REF4 Mobile_5G Auto VoNR Coverage Test.dml,,NR SA,47.128350,-122.356680,n71A,125290,587,-63.660000,3.500000,2,Rank 2 (RI1),18.910000,13.656039,16.382022,0.000000,11.800000,5.242,10.485,,,,,,47.128326,-122.356683
19,1,,,-122.3566800,47.1283500,2025-09-29 20:59:08.017,_20250929_135852_CH08_TMO_5G Auto_VoNR Coverage Test_REF4 Mobile_5G Auto VoNR Coverage Test.dml,,,,,,,,,,,,,,,,,,,,,200 OK,,,,
20,1,,,-122.3566800,47.1283500,2025-09-29 20:59:08.569,_20250929_135852_CH08_TMO_5G Auto_VoNR Coverage Test_REF4 Mobile_5G Auto VoNR Coverage Test.dml,,,,,,,,,,,,,,,,,,,,,,,[UE]   Voice - Setup Success,,
21,1,,,-122.3566800,47.1283500,2025-09-29 20:59:09.000,_20250929_135852_CH08_TMO_5G Auto_VoNR Coverage Test_REF4 Mobile_5G Auto VoNR Coverage Test.dml,,NR SA,47.128350,-122.356680,n71A,125290,587,-61.490000,2.500000,2,Rank 2 (RI1),22.250000,5.024549,15.288360,0.000000,10.200000,9.437,10.485,,,,,,47.128325,-122.356672
22,1,,,-122.3566800,47.1283500,2025-09-29 20:59:10.000,_20250929_135852_CH08_TMO_5G Auto_VoNR Coverage Test_REF4 Mobile_5G Auto VoNR Coverage Test.dml,,NR SA,47.128350,-122.356680,n71A,125290,587,-60.420000,10.900000,2,Rank 2 (RI1),22.680000,1.697606,15.242647,0.000000,10.400000,,,,,,,,47.128318,-122.356657
23,1,,,-122.3566800,47.1283500,2025-09-29 20:59:11.000,_20250929_135852_CH08_TMO_5G Auto_VoNR Coverage Test_REF4 Mobile_5G Auto VoNR Coverage Test.dml,,NR SA,47.128350,-122.356680,n71A,125290,587,-61.370000,8.300000,2,Rank 2 (RI1),20.560000,4.823652,15.750636,0.000000,10.500000,15.728,9.437,,,,,,47.128301,-122.356639
24,1,,,-122.3566600,47.1283200,2025-09-29 20:59:12.000,_20250929_135852_CH08_TMO_5G Auto_VoNR Coverage Test_REF4 Mobile_5G Auto VoNR Coverage Test.dml,,NR SA,47.128320,-122.356660,n71A,125290,587,-61.480000,-0.100000,2,Rank 2 (RI1),19.940000,1.464684,14.133652,0.000000,9.900000,9.437,10.485,,,,,,47.128274,-122.356630
25,1,,,-122.3566533,47.1283100,2025-09-29 20:59:13.000,_20250929_135852_CH08_TMO_5G Auto_VoNR Coverage Test_REF4 Mobile_5G Auto VoNR Coverage Test.dml,,NR SA,47.128310,-122.356653,n71A,125290,587,-62.140000,11.400000,2,Rank 2 (RI1),20.780000,2.491728,14.949875,0.000000,10.100000,10.485,9.437,,,,,,47.128252,-122.356629
26,1,,,-122.3566483,47.1282967,2025-09-29 20:59:14.000,_20250929_135852_CH08_TMO_5G Auto_VoNR Coverage Test_REF4 Mobile_5G Auto VoNR Coverage Test.dml,,NR SA,47.128297,-122.356648,n71A,125290,587,-61.970000,1.800000,2,Rank 2 (RI1),21.840000,2.825264,15.973190,0.000000,10.600000,9.437,10.485,,,,,,47.128236,-122.356638
27,1,,,-122.3566467,47.1282783,2025-09-29 20:59:15.000,_20250929_135852_CH08_TMO_5G Auto_VoNR Coverage Test_REF4 Mobile_5G Auto VoNR Coverage Test.dml,,NR SA,47.128278,-122.356647,n71A,125290,587,-63.550000,2.900000,2,Rank 2 (RI1),20.140000,4.283818,15.733850,0.000000,10.500000,10.485,9.437,,,,,,47.128212,-122.356642
28,1,,,-122.3566483,47.1282567,2025-09-29 20:59:16.000,_20250929_135852_CH08_TMO_5G Auto_VoNR Coverage Test_REF4 Mobile_5G Auto VoNR Coverage Test.dml,,NR SA,47.128257,-122.356648,n71A,125290,587,-62.690000,12.100000,2,Rank 2 (RI1),20.000000,3.754994,13.641304,0.000000,10.500000,10.485,10.485,,,,,,47.128191,-122.356643
29,1,,,-122.3566483,47.1282367,2025-09-29 20:59:17.000,_20250929_135852_CH08_TMO_5G Auto_VoNR Coverage Test_REF4 Mobile_5G Auto VoNR Coverage Test.dml,,NR SA,47.128237,-122.356648,n71A,125290,587,-64.060000,0.200000,2,Rank 2 (RI1),19.990000,0.920358,14.900000,0.000000,10.700000,9.437,9.437,,,,,,47.128170,-122.356650
30,1,,,-122.3566517,47.1282217,2025-09-29 20:59:18.000,_20250929_135852_CH08_TMO_5G Auto_VoNR Coverage Test_REF4 Mobile_5G Auto VoNR Coverage Test.dml,,NR SA,47.128222,-122.356652,n71A,125290,587,-64.850000,11.600000,2,Rank 2 (RI1),17.880000,0.862054,17.247148,0.000000,9.900000,10.485,10.485,,,,,,47.128153,-122.356658
31,1,,,-122.3566583,47.1282033,2025-09-29 20:59:19.000,_20250929_135852_CH08_TMO_5G Auto_VoNR Coverage Test_REF4 Mobile_5G Auto VoNR Coverage Test.dml,,NR SA,47.128203,-122.356658,n71A,125290,587,-68.460000,13.200000,2,Rank 2 (RI1),13.970000,1.352068,17.746269,0.000000,10.100000,9.437,9.437,,,,,,47.128136,-122.356669
32,1,,,-122.3566717,47.1281867,2025-09-29 20:59:20.000,_20250929_135852_CH08_TMO_5G Auto_VoNR Coverage Test_REF4 Mobile_5G Auto VoNR Coverage Test.dml,,NR SA,47.128187,-122.356672,n71A,125290,587,-65.300000,9.700000,2,Rank 2 (RI1),17.760000,8.468120,17.646388,0.000000,10.000000,10.485,10.485,,,,,,47.128121,-122.356691
33,1,,,-122.3566917,47.1281700,2025-09-29 20:59:21.000,_20250929_135852_CH08_TMO_5G Auto_VoNR Coverage Test_REF4 Mobile_5G Auto VoNR Coverage Test.dml,,NR SA,47.128170,-122.356692,n71A,125290,587,-65.010000,13.900000,2,Rank 2 (RI1),18.620000,1.192211,17.683849,0.000000,10.900000,9.437,9.437,,,,,,47.128107,-122.356726
34,1,,,-122.3567167,47.1281600,2025-09-29 20:59:22.000,_20250929_135852_CH08_TMO_5G Auto_VoNR Coverage Test_REF4 Mobile_5G Auto VoNR Coverage Test.dml,,NR SA,47.128160,-122.356717,n71A,125290,587,-65.880000,11.300000,2,Rank 2 (RI1),16.890000,5.692585,16.723735,0.000000,10.900000,10.485,10.485,,,,,,47.128102,-122.356768
35,1,,,-122.3567550,47.1281550,2025-09-29 20:59:23.000,_20250929_135852_CH08_TMO_5G Auto_VoNR Coverage Test_REF4 Mobile_5G Auto VoNR Coverage Test.dml,,NR SA,47.128155,-122.356755,n71A,125290,587,-65.860000,13.500000,1,Rank 1 (RI0),17.760000,1.362201,14.463259,0.000000,13.400000,9.437,10.485,,,,,,47.128104,-122.356821
36,1,,,-122.3568050,47.1281550,2025-09-29 20:59:24.000,_20250929_135852_CH08_TMO_5G Auto_VoNR Coverage Test_REF4 Mobile_5G Auto VoNR Coverage Test.dml,,NR SA,47.128155,-122.356805,n71A,125290,587,-68.160000,14.000000,2,Rank 2 (RI1),14.000000,3.160623,16.426415,0.000000,11.000000,10.485,9.437,,,,,,47.128102,-122.356878
37,1,,,-122.3568633,47.1281550,2025-09-29 20:59:25.000,_20250929_135852_CH08_TMO_5G Auto_VoNR Coverage Test_REF4 Mobile_5G Auto VoNR Coverage Test.dml,,NR SA,47.128155,-122.356863,n71A,125290,587,-69.350000,6.900000,2,Rank 2 (RI1),12.300000,2.094194,15.234694,0.000000,10.900000,9.437,10.485,,,,,,47.128103,-122.356933
38,1,,,-122.3569217,47.1281567,2025-09-29 20:59:26.000,_20250929_135852_CH08_TMO_5G Auto_VoNR Coverage Test_REF4 Mobile_5G Auto VoNR Coverage Test.dml,,NR SA,47.128157,-122.356922,n71A,125290,587,-67.400000,12.700000,1,Rank 2 (RI1),14.350000,2.663155,16.943723,0.000000,12.000000,10.485,9.437,,,,,,47.128103,-122.356985
39,1,,,-122.3569767,47.1281583,2025-09-29 20:59:27.000,_20250929_135852_CH08_TMO_5G Auto_VoNR Coverage Test_REF4 Mobile_5G Auto VoNR Coverage Test.dml,,NR SA,47.128158,-122.356977,n71A,125290,587,-67.320000,15.700000,2,Rank 2 (RI1),15.330000,6.341039,17.746888,0.000000,12.000000,10.485,10.485,,,,,,47.128105,-122.357012
40,1,,,-122.3570267,47.1281583,2025-09-29 20:59:28.000,_20250929_135852_CH08_TMO_5G Auto_VoNR Coverage Test_REF4 Mobile_5G Auto VoNR Coverage Test.dml,,NR SA,47.128158,-122.357027,n71A,125290,587,-66.770000,15.100000,2,Rank 2 (RI1),15.580000,4.716943,17.659483,0.000000,10.200000,9.437,9.437,,,,,,47.128102,-122.357046
41,1,,,-122.3570667,47.1281583,2025-09-29 20:59:29.000,_20250929_135852_CH08_TMO_5G Auto_VoNR Coverage Test_REF4 Mobile_5G Auto VoNR Coverage Test.dml,,NR SA,47.128158,-122.357067,n71A,125290,587,-64.850000,11.000000,2,Rank 2 (RI1),19.270000,4.146005,16.164659,0.100000,9.100000,10.485,10.485,,,,,,47.128102,-122.357078
42,1,,,-122.3571017,47.1281617,2025-09-29 20:59:30.039,_20250929_135852_CH08_TMO_5G Auto_VoNR Coverage Test_REF4 Mobile_5G Auto VoNR Coverage Test.dml,,,,,,,,,,,,,,,,,,,4.336838,,,,,,
43,1,,,-122.3571017,47.1281617,2025-09-29 20:59:30.000,_20250929_135852_CH08_TMO_5G Auto_VoNR Coverage Test_REF4 Mobile_5G Auto VoNR Coverage Test.dml,,NR SA,47.128162,-122.357102,n71A,125290,587,-65.070000,9.700000,2,Rank 2 (RI1),17.710000,4.345860,16.911647,0.100000,9.000000,9.437,9.437,,,,,,47.128099,-122.357109
44,1,,,-122.3571317,47.1281617,2025-09-29 20:59:31.000,_20250929_135852_CH08_TMO_5G Auto_VoNR Coverage Test_REF4 Mobile_5G Auto VoNR Coverage Test.dml,,NR SA,47.128162,-122.357132,n71A,125290,587,-65.370000,7.700000,2,Rank 2 (RI1),18.200000,1.773519,15.111801,0.100000,11.100000,10.485,10.485,,,,,,47.128099,-122.357130
45,1,,,-122.3571533,47.1281633,2025-09-29 20:59:32.000,_20250929_135852_CH08_TMO_5G Auto_VoNR Coverage Test_REF4 Mobile_5G Auto VoNR Coverage Test.dml,,NR SA,47.128163,-122.357153,n71A,125290,587,-65.580000,16.300000,1,Rank 1 (RI0),17.020000,0.860467,15.616071,0.100000,14.000000,9.437,9.437,,,,,,47.128099,-122.357146
46,1,,,-122.3571717,47.1281650,2025-09-29 20:59:33.000,_20250929_135852_CH08_TMO_5G Auto_VoNR Coverage Test_REF4 Mobile_5G Auto VoNR Coverage Test.dml,,NR SA,47.128165,-122.357172,n71A,125290,587,-66.010000,4.700000,2,Rank 2 (RI1),18.810000,2.837287,14.930091,0.100000,10.200000,10.485,10.485,,,,,,47.128099,-122.357155
47,1,,,-122.3571817,47.1281667,2025-09-29 20:59:34.000,_20250929_135852_CH08_TMO_5G Auto_VoNR Coverage Test_REF4 Mobile_5G Auto VoNR Coverage Test.dml,,NR SA,47.128167,-122.357182,n71A,125290,587,-64.480000,7.300000,1,Rank 1 (RI0),20.270000,0.324330,15.626230,0.100000,13.300000,9.437,9.437,,,,,,47.128098,-122.357160
48,1,,,-122.3571817,47.1281683,2025-09-29 20:59:35.000,_20250929_135852_CH08_TMO_5G Auto_VoNR Coverage Test_REF4 Mobile_5G Auto VoNR Coverage Test.dml,,NR SA,47.128168,-122.357182,n71A,125290,587,-64.080000,11.100000,2,Rank 2 (RI1),20.530000,0.451017,17.793478,0.100000,10.400000,10.485,10.485,,,,,,47.128098,-122.357161
49,1,,,-122.3571783,47.1281700,2025-09-29 20:59:36.000,_20250929_135852_CH08_TMO_5G Auto_VoNR Coverage Test_REF4 Mobile_5G Auto VoNR Coverage Test.dml,,NR SA,47.128170,-122.357178,n71A,125290,587,-64.480000,4.400000,2,Rank 2 (RI1),20.500000,0.622984,15.112628,0.100000,11.700000,9.437,10.485,,,,,,47.128098,-122.357161
50,1,,,-122.3571750,47.1281717,2025-09-29 20:59:37.000,_20250929_135852_CH08_TMO_5G Auto_VoNR Coverage Test_REF4 Mobile_5G Auto VoNR Coverage Test.dml,,NR SA,47.128172,-122.357175,n71A,125290,587,-64.250000,14.000000,2,Rank 2 (RI1),20.850000,5.399065,16.897163,0.100000,9.600000,10.485,9.437,,,,,,47.128098,-122.357161
51,1,,,-122.3571750,47.1281717,2025-09-29 20:59:38.000,_20250929_135852_CH08_TMO_5G Auto_VoNR Coverage Test_REF4 Mobile_5G Auto VoNR Coverage Test.dml,,NR SA,47.128172,-122.357175,n71A,125290,587,-63.530000,9.800000,2,Rank 2 (RI1),21.150000,1.603296,15.262136,0.100000,11.400000,9.437,10.485,,,,,,47.128098,-122.357161
52,1,,,-122.3571750,47.1281717,2025-09-29 20:59:39.000,_20250929_135852_CH08_TMO_5G Auto_VoNR Coverage Test_REF4 Mobile_5G Auto VoNR Coverage Test.dml,,NR SA,47.128172,-122.357175,n71A,125290,587,-64.010000,10.500000,2,Rank 2 (RI1),21.500000,2.444514,13.686007,0.100000,10.300000,10.485,9.437,,,,,,47.128098,-122.357161
53,1,,,-122.3571750,47.1281717,2025-09-29 20:59:40.000,_20250929_135852_CH08_TMO_5G Auto_VoNR Coverage Test_REF4 Mobile_5G Auto VoNR Coverage Test.dml,,NR SA,47.128172,-122.357175,n71A,125290,587,-63.710000,13.000000,2,Rank 2 (RI1),20.690000,0.463684,16.946281,0.100000,10.200000,10.485,10.485,,,,,,47.128098,-122.357161
54,1,,,-122.3571750,47.1281717,2025-09-29 20:59:41.000,_20250929_135852_CH08_TMO_5G Auto_VoNR Coverage Test_REF4 Mobile_5G Auto VoNR Coverage Test.dml,,NR SA,47.128172,-122.357175,n71A,125290,587,-63.780000,10.500000,2,Rank 2 (RI1),20.080000,0.673661,17.423729,0.100000,10.600000,9.437,9.437,,,,,,47.128098,-122.357161
55,1,,,-122.3571750,47.1281717,2025-09-29 20:59:42.000,_20250929_135852_CH08_TMO_5G Auto_VoNR Coverage Test_REF4 Mobile_5G Auto VoNR Coverage Test.dml,,NR SA,47.128172,-122.357175,n71A,125290,587,-64.790000,12.300000,1,Rank 1 (RI0),18.400000,1.025539,15.767857,0.100000,11.900000,10.485,10.485,,,,,,47.128098,-122.357161
56,1,,,-122.3571750,47.1281717,2025-09-29 20:59:43.000,_20250929_135852_CH08_TMO_5G Auto_VoNR Coverage Test_REF4 Mobile_5G Auto VoNR Coverage Test.dml,,NR SA,47.128172,-122.357175,n71A,125290,587,-66.610000,15.300000,2,Rank 2 (RI1),14.730000,0.763666,18.225664,0.100000,10.500000,9.437,9.437,,,,,,47.128098,-122.357161
57,1,,,-122.3571750,47.1281717,2025-09-29 20:59:44.000,_20250929_135852_CH08_TMO_5G Auto_VoNR Coverage Test_REF4 Mobile_5G Auto VoNR Coverage Test.dml,,NR SA,47.128172,-122.357175,n71A,125290,587,-66.790000,9.800000,2,Rank 2 (RI1),14.400000,1.192082,17.643902,0.100000,11.700000,10.485,10.485,,,,,,47.128098,-122.357161
58,1,,,-122.3571750,47.1281717,2025-09-29 20:59:45.000,_20250929_135852_CH08_TMO_5G Auto_VoNR Coverage Test_REF4 Mobile_5G Auto VoNR Coverage Test.dml,,NR SA,47.128172,-122.357175,n71A,125290,587,-67.400000,12.600000,2,Rank 2 (RI1),13.720000,,15.582375,0.100000,12.000000,9.437,9.437,,,,,,47.128098,-122.357161
59,1,,,-122.3571750,47.1281717,2025-09-29 20:59:46.000,_20250929_135852_CH08_TMO_5G Auto_VoNR Coverage Test_REF4 Mobile_5G Auto VoNR Coverage Test.dml,,NR SA,47.128172,-122.357175,n71A,125290,587,-67.050000,13.900000,2,Rank 2 (RI1),16.510000,3.306721,18.044177,0.100000,11.200000,10.485,10.485,,,,,,47.128098,-122.357161
60,1,,,-122.3571750,47.1281717,2025-09-29 20:59:47.000,_20250929_135852_CH08_TMO_5G Auto_VoNR Coverage Test_REF4 Mobile_5G Auto VoNR Coverage Test.dml,,NR SA,47.128172,-122.357175,n71A,125290,587,-67.950000,10.600000,2,Rank 2 (RI1),13.330000,0.559134,15.465241,0.100000,9.700000,9.437,9.437,,,,,,47.128098,-122.357161
61,1,,,-122.3571750,47.1281717,2025-09-29 20:59:48.000,_20250929_135852_CH08_TMO_5G Auto_VoNR Coverage Test_REF4 Mobile_5G Auto VoNR Coverage Test.dml,,NR SA,47.128172,-122.357175,n71A,125290,587,-66.160000,16.600000,1,Rank 1 (RI0),15.030000,2.513571,14.507177,0.100000,12.400000,10.485,10.485,,,,,,47.128097,-122.357167
62,1,,,-122.3571750,47.1281717,2025-09-29 20:59:49.000,_20250929_135852_CH08_TMO_5G Auto_VoNR Coverage Test_REF4 Mobile_5G Auto VoNR Coverage Test.dml,,NR SA,47.128172,-122.357175,n71A,125290,587,-63.920000,14.100000,1,Rank 1 (RI0),16.540000,1.715096,15.632458,0.100000,13.900000,9.437,10.485,,,,,,47.128097,-122.357167
63,1,,,-122.3571750,47.1281717,2025-09-29 20:59:50.007,_20250929_135852_CH08_TMO_5G Auto_VoNR Coverage Test_REF4 Mobile_5G Auto VoNR Coverage Test.dml,,,,,,,,,,,,,,,,,,,4.425199,,,,,,
64,1,,,-122.3571750,47.1281717,2025-09-29 20:59:50.000,_20250929_135852_CH08_TMO_5G Auto_VoNR Coverage Test_REF4 Mobile_5G Auto VoNR Coverage Test.dml,,NR SA,47.128172,-122.357175,n71A,125290,587,-63.650000,17.300000,1,Rank 1 (RI0),16.740000,1.130636,16.523256,0.100000,14.200000,10.485,9.437,,,,,,47.128097,-122.357169
65,1,,,-122.3571750,47.1281717,2025-09-29 20:59:51.000,_20250929_135852_CH08_TMO_5G Auto_VoNR Coverage Test_REF4 Mobile_5G Auto VoNR Coverage Test.dml,,NR SA,47.128172,-122.357175,n71A,125290,587,-63.550000,14.500000,1,Rank 1 (RI0),18.330000,0.979361,16.292632,0.100000,11.900000,9.437,10.485,,,,,,47.128097,-122.357172
66,1,,,-122.3571750,47.1281717,2025-09-29 20:59:52.000,_20250929_135852_CH08_TMO_5G Auto_VoNR Coverage Test_REF4 Mobile_5G Auto VoNR Coverage Test.dml,,NR SA,47.128172,-122.357175,n71A,125290,587,-64.760000,14.000000,2,Rank 2 (RI1),18.040000,2.495688,16.788764,0.100000,8.100000,10.485,9.437,,,,,,47.128097,-122.357174
67,1,,,-122.3571750,47.1281717,2025-09-29 20:59:53.000,_20250929_135852_CH08_TMO_5G Auto_VoNR Coverage Test_REF4 Mobile_5G Auto VoNR Coverage Test.dml,,NR SA,47.128172,-122.357175,n71A,125290,587,-64.880000,8.900000,2,Rank 2 (RI1),17.530000,2.250956,14.445087,0.100000,8.200000,10.485,10.485,,,,,,47.128097,-122.357174
68,1,,,-122.3571750,47.1281717,2025-09-29 20:59:54.000,_20250929_135852_CH08_TMO_5G Auto_VoNR Coverage Test_REF4 Mobile_5G Auto VoNR Coverage Test.dml,,NR SA,47.128172,-122.357175,n71A,125290,587,-65.060000,11.700000,2,Rank 2 (RI1),16.940000,1.609655,16.060241,0.100000,9.100000,9.437,9.437,,,,,,47.128097,-122.357174
69,1,,,-122.3571750,47.1281717,2025-09-29 20:59:55.000,_20250929_135852_CH08_TMO_5G Auto_VoNR Coverage Test_REF4 Mobile_5G Auto VoNR Coverage Test.dml,,NR SA,47.128172,-122.357175,n71A,125290,587,-65.300000,15.200000,2,Rank 2 (RI1),17.810000,0.017475,15.525000,0.100000,8.200000,9.437,10.485,,,,,,47.128097,-122.357174
70,1,,,-122.3571750,47.1281717,2025-09-29 20:59:56.000,_20250929_135852_CH08_TMO_5G Auto_VoNR Coverage Test_REF4 Mobile_5G Auto VoNR Coverage Test.dml,,NR SA,47.128172,-122.357175,n71A,125290,587,-65.540000,11.800000,2,Rank 2 (RI1),18.140000,1.836035,16.862745,0.100000,8.000000,10.485,9.437,,,,,,47.128097,-122.357174
71,1,,,-122.3571750,47.1281717,2025-09-29 20:59:57.000,_20250929_135852_CH08_TMO_5G Auto_VoNR Coverage Test_REF4 Mobile_5G Auto VoNR Coverage Test.dml,,NR SA,47.128172,-122.357175,n71A,125290,587,-65.220000,17.000000,1,Rank 1 (RI0),17.600000,1.889587,15.510870,0.100000,14.100000,10.485,10.485,,,,,,47.128097,-122.357174
72,1,,,-122.3571750,47.1281717,2025-09-29 20:59:58.000,_20250929_135852_CH08_TMO_5G Auto_VoNR Coverage Test_REF4 Mobile_5G Auto VoNR Coverage Test.dml,,NR SA,47.128172,-122.357175,n71A,125290,587,-65.140000,10.000000,2,Rank 2 (RI1),17.600000,2.026133,15.330033,0.100000,10.900000,9.437,9.437,,,,,,47.128097,-122.357174
73,1,,,-122.3571750,47.1281717,2025-09-29 20:59:59.000,_20250929_135852_CH08_TMO_5G Auto_VoNR Coverage Test_REF4 Mobile_5G Auto VoNR Coverage Test.dml,,NR SA,47.128172,-122.357175,n71A,125290,587,-65.100000,14.500000,2,Rank 2 (RI1),17.020000,1.284337,16.432653,0.100000,10.100000,10.485,10.485,,,,,,47.128097,-122.357174
74,1,,,-122.3571750,47.1281717,2025-09-29 21:00:00.000,_20250929_135852_CH08_TMO_5G Auto_VoNR Coverage Test_REF4 Mobile_5G Auto VoNR Coverage Test.dml,,NR SA,47.128172,-122.357175,n71A,125290,587,-65.260000,14.200000,2,Rank 2 (RI1),16.930000,1.603427,16.321429,0.100000,9.800000,9.437,9.437,,,,,,47.128097,-122.357174
75,1,,,-122.3571750,47.1281717,2025-09-29 21:00:01.000,_20250929_135852_CH08_TMO_5G Auto_VoNR Coverage Test_REF4 Mobile_5G Auto VoNR Coverage Test.dml,,NR SA,47.128172,-122.357175,n71A,125290,587,-64.820000,11.400000,2,Rank 2 (RI1),17.090000,1.767483,17.833992,0.100000,11.000000,10.485,10.485,,,,,,47.128097,-122.357174
76,1,,,-122.3571750,47.1281717,2025-09-29 21:00:02.000,_20250929_135852_CH08_TMO_5G Auto_VoNR Coverage Test_REF4 Mobile_5G Auto VoNR Coverage Test.dml,,NR SA,47.128172,-122.357175,n71A,125290,587,-65.720000,12.300000,2,Rank 2 (RI1),16.530000,4.796565,16.052778,0.100000,11.100000,9.437,9.437,,,,,,47.128097,-122.357174
77,1,,,-122.3571750,47.1281717,2025-09-29 21:00:03.000,_20250929_135852_CH08_TMO_5G Auto_VoNR Coverage Test_REF4 Mobile_5G Auto VoNR Coverage Test.dml,,NR SA,47.128172,-122.357175,n71A,125290,587,-65.860000,11.700000,1,Rank 2 (RI1),14.700000,1.585742,14.504225,0.100000,11.400000,9.437,10.485,,,,,,47.128098,-122.357177
78,1,,,-122.3571750,47.1281717,2025-09-29 21:00:04.000,_20250929_135852_CH08_TMO_5G Auto_VoNR Coverage Test_REF4 Mobile_5G Auto VoNR Coverage Test.dml,,NR SA,47.128172,-122.357175,n71A,125290,587,-65.790000,5.700000,2,Rank 2 (RI1),15.360000,0.103027,15.421769,0.100000,11.600000,10.485,10.485,,,,,,47.128101,-122.357195
79,1,,,-122.3571750,47.1281717,2025-09-29 21:00:05.000,_20250929_135852_CH08_TMO_5G Auto_VoNR Coverage Test_REF4 Mobile_5G Auto VoNR Coverage Test.dml,,NR SA,47.128172,-122.357175,n71A,125290,587,-67.680000,12.400000,2,Rank 2 (RI1),12.670000,1.248468,16.093190,0.100000,10.900000,10.485,9.437,,,,,,47.128119,-122.357227
80,1,,,-122.3571800,47.1281983,2025-09-29 21:00:06.000,_20250929_135852_CH08_TMO_5G Auto_VoNR Coverage Test_REF4 Mobile_5G Auto VoNR Coverage Test.dml,,NR SA,47.128198,-122.357180,n71A,125290,587,-65.190000,10.100000,2,Rank 2 (RI1),16.200000,0.564396,14.492114,0.100000,10.700000,9.437,10.485,,,,,,47.128160,-122.357257
81,1,,,-122.3572017,47.1282167,2025-09-29 21:00:07.000,_20250929_135852_CH08_TMO_5G Auto_VoNR Coverage Test_REF4 Mobile_5G Auto VoNR Coverage Test.dml,,NR SA,47.128217,-122.357202,n71A,125290,587,-65.220000,11.200000,2,Rank 2 (RI1),16.010000,2.274526,17.257028,0.100000,10.000000,10.485,9.437,,,,,,47.128160,-122.357257
82,1,,,-122.3572233,47.1282500,2025-09-29 21:00:08.000,_20250929_135852_CH08_TMO_5G Auto_VoNR Coverage Test_REF4 Mobile_5G Auto VoNR Coverage Test.dml,,NR SA,47.128250,-122.357223,n71A,125290,587,-66.470000,6.900000,2,Rank 2 (RI1),16.130000,0.984205,14.345238,0.100000,10.200000,9.437,10.485,,,,,,47.128301,-122.357279
83,1,,,-122.3572400,47.1283033,2025-09-29 21:00:09.000,_20250929_135852_CH08_TMO_5G Auto_VoNR Coverage Test_REF4 Mobile_5G Auto VoNR Coverage Test.dml,,NR SA,47.128303,-122.357240,n71A,125290,587,-64.350000,3.800000,1,Rank 1 (RI0),20.090000,3.364813,15.060071,0.100000,13.200000,10.485,9.437,,,,,,47.128411,-122.357283
84,1,,,-122.3572367,47.1284117,2025-09-29 21:00:10.116,_20250929_135852_CH08_TMO_5G Auto_VoNR Coverage Test_REF4 Mobile_5G Auto VoNR Coverage Test.dml,,,,,,,,,,,,,,,,,,,4.351139,,,,,,
85,1,,,-122.3572367,47.1284117,2025-09-29 21:00:10.000,_20250929_135852_CH08_TMO_5G Auto_VoNR Coverage Test_REF4 Mobile_5G Auto VoNR Coverage Test.dml,,NR SA,47.128412,-122.357237,n71A,125290,587,-60.040000,-0.900000,2,Rank 2 (RI1),23.950000,4.748693,14.907749,0.100000,11.100000,9.437,10.485,,,,,,47.128542,-122.357280
86,1,,,-122.3572317,47.1285433,2025-09-29 21:00:11.000,_20250929_135852_CH08_TMO_5G Auto_VoNR Coverage Test_REF4 Mobile_5G Auto VoNR Coverage Test.dml,,NR SA,47.128543,-122.357232,n71A,125290,587,-59.720000,12.000000,1,Rank 1 (RI0),23.620000,4.207244,14.526012,0.100000,14.000000,10.485,9.437,,,,,,47.128692,-122.357281
87,1,,,-122.3572317,47.1286850,2025-09-29 21:00:12.000,_20250929_135852_CH08_TMO_5G Auto_VoNR Coverage Test_REF4 Mobile_5G Auto VoNR Coverage Test.dml,,NR SA,47.128685,-122.357232,n71A,125290,587,-60.220000,8.600000,2,Rank 2 (RI1),22.170000,3.594684,14.223642,0.100000,11.700000,9.437,10.485,,,,,,47.128840,-122.357286
88,1,,,-122.3572367,47.1288433,2025-09-29 21:00:13.000,_20250929_135852_CH08_TMO_5G Auto_VoNR Coverage Test_REF4 Mobile_5G Auto VoNR Coverage Test.dml,,NR SA,47.128843,-122.357237,n71A,125290,587,-62.230000,4.500000,2,Rank 2 (RI1),19.620000,5.261477,13.563584,0.100000,11.800000,10.485,9.437,,,,,,47.128997,-122.357297
89,1,,,-122.3572467,47.1290083,2025-09-29 21:00:14.000,_20250929_135852_CH08_TMO_5G Auto_VoNR Coverage Test_REF4 Mobile_5G Auto VoNR Coverage Test.dml,,NR SA,47.129008,-122.357247,n71A,125290,587,-63.360000,12.600000,1,Rank 1 (RI0),20.400000,2.894838,14.046961,0.200000,13.700000,10.485,10.485,,,,,,47.129159,-122.357309
90,1,,,-122.3572583,47.1291717,2025-09-29 21:00:15.000,_20250929_135852_CH08_TMO_5G Auto_VoNR Coverage Test_REF4 Mobile_5G Auto VoNR Coverage Test.dml,,NR SA,47.129172,-122.357258,n71A,125290,587,-62.710000,5.000000,1,Rank 1 (RI0),20.910000,1.788537,13.431611,0.200000,12.100000,9.437,9.437,,,,,,47.129159,-122.357309
91,1,,,-122.3572667,47.1293367,2025-09-29 21:00:16.000,_20250929_135852_CH08_TMO_5G Auto_VoNR Coverage Test_REF4 Mobile_5G Auto VoNR Coverage Test.dml,,NR SA,47.129337,-122.357267,n71A,125290,587,-60.860000,5.900000,2,Rank 2 (RI1),21.790000,4.734428,14.282828,0.200000,11.600000,10.485,10.485,,,,,,47.129490,-122.357319
92,1,,,-122.3572717,47.1294983,2025-09-29 21:00:17.000,_20250929_135852_CH08_TMO_5G Auto_VoNR Coverage Test_REF4 Mobile_5G Auto VoNR Coverage Test.dml,,NR SA,47.129498,-122.357272,n71A,125290,587,-64.390000,9.900000,2,Rank 2 (RI1),20.980000,3.026079,13.000000,0.200000,9.600000,9.437,10.485,,,,,,47.129654,-122.357317
93,1,,,-122.3572767,47.1296600,2025-09-29 21:00:18.000,_20250929_135852_CH08_TMO_5G Auto_VoNR Coverage Test_REF4 Mobile_5G Auto VoNR Coverage Test.dml,,NR SA,47.129660,-122.357277,n71A,125290,587,-63.280000,1.500000,2,Rank 2 (RI1),23.340000,0.027647,13.123377,0.200000,9.600000,10.485,9.437,,,,,,47.129810,-122.357315
94,1,,,-122.3572800,47.1298183,2025-09-29 21:00:19.000,_20250929_135852_CH08_TMO_5G Auto_VoNR Coverage Test_REF4 Mobile_5G Auto VoNR Coverage Test.dml,,NR SA,47.129818,-122.357280,n71A,125290,587,-62.860000,11.400000,1,Rank 1 (RI0),24.300000,1.201386,17.810606,0.200000,13.200000,9.437,10.485,,,,,,47.129969,-122.357320
95,1,,,-122.3572883,47.1299733,2025-09-29 21:00:20.000,_20250929_135852_CH08_TMO_5G Auto_VoNR Coverage Test_REF4 Mobile_5G Auto VoNR Coverage Test.dml,,NR SA,47.129973,-122.357288,n71A,125290,587,-64.250000,13.400000,2,Rank 2 (RI1),25.590000,3.561053,14.423333,0.300000,11.000000,10.485,9.437,,,,,,47.130129,-122.357328
96,1,,,-122.3573000,47.1301317,2025-09-29 21:00:21.000,_20250929_135852_CH08_TMO_5G Auto_VoNR Coverage Test_REF4 Mobile_5G Auto VoNR Coverage Test.dml,,NR SA,47.130132,-122.357300,n71A,125290,587,-61.160000,10.100000,1,Rank 1 (RI0),27.980000,3.750832,14.233766,0.300000,14.400000,10.485,10.485,,,,,,47.130291,-122.357332
97,1,,,-122.3573067,47.1302900,2025-09-29 21:00:22.000,_20250929_135852_CH08_TMO_5G Auto_VoNR Coverage Test_REF4 Mobile_5G Auto VoNR Coverage Test.dml,,NR SA,47.130290,-122.357307,n71A,125290,587,-60.880000,8.100000,1,Rank 1 (RI0),27.440000,2.664953,14.612378,0.300000,14.800000,9.437,9.437,,,,,,47.130291,-122.357332
98,1,,,-122.3573133,47.1304483,2025-09-29 21:00:23.000,_20250929_135852_CH08_TMO_5G Auto_VoNR Coverage Test_REF4 Mobile_5G Auto VoNR Coverage Test.dml,,NR SA,47.130448,-122.357313,n71A,125290,587,-60.480000,8.600000,1,Rank 1 (RI0),27.740000,,13.131653,0.300000,13.600000,9.437,10.485,,,,,,47.130449,-122.357330
99,1,,,-122.3573167,47.1306050,2025-09-29 21:00:24.000,_20250929_135852_CH08_TMO_5G Auto_VoNR Coverage Test_REF4 Mobile_5G Auto VoNR Coverage Test.dml,,NR SA,47.130605,-122.357317,n71A,125290,587,-61.590000,8.200000,1,Rank 1 (RI0),26.760000,1.588699,14.528024,0.300000,13.800000,10.485,9.437,,,,,,47.130604,-122.357333
100,1,,,-122.3573233,47.1307600,2025-09-29 21:00:25.000,_20250929_135852_CH08_TMO_5G Auto_VoNR Coverage Test_REF4 Mobile_5G Auto VoNR Coverage Test.dml,,NR SA,47.130760,-122.357323,n71A,125290,587,-63.290000,13.900000,2,Rank 2 (RI1),26.020000,5.265555,14.747253,0.300000,10.900000,9.437,10.485,,,,,,47.130908,-122.357355
101,1,,,-122.3573367,47.1309117,2025-09-29 21:00:26.000,_20250929_135852_CH08_TMO_5G Auto_VoNR Coverage Test_REF4 Mobile_5G Auto VoNR Coverage Test.dml,,NR SA,47.130912,-122.357337,n71A,125290,587,-62.410000,8.800000,1,Rank 1 (RI0),26.310000,0.969834,13.705056,0.400000,15.000000,10.485,9.437,,,,,,47.131060,-122.357369
102,1,,,-122.3573533,47.1310633,2025-09-29 21:00:27.000,_20250929_135852_CH08_TMO_5G Auto_VoNR Coverage Test_REF4 Mobile_5G Auto VoNR Coverage Test.dml,,NR SA,47.131063,-122.357353,n71A,125290,587,-63.070000,6.200000,1,Rank 1 (RI0),26.480000,2.257681,14.754209,0.400000,15.000000,10.485,10.485,,,,,,47.131206,-122.357373
103,1,,,-122.3573667,47.1312133,2025-09-29 21:00:28.000,_20250929_135852_CH08_TMO_5G Auto_VoNR Coverage Test_REF4 Mobile_5G Auto VoNR Coverage Test.dml,,NR SA,47.131213,-122.357367,n71A,125290,587,-64.400000,11.400000,1,Rank 1 (RI0),24.810000,5.926638,14.485632,0.400000,14.400000,9.437,9.437,,,,,,47.131206,-122.357373
104,1,,,-122.3573717,47.1313633,2025-09-29 21:00:29.000,_20250929_135852_CH08_TMO_5G Auto_VoNR Coverage Test_REF4 Mobile_5G Auto VoNR Coverage Test.dml,,NR SA,47.131363,-122.357372,n71A,125290,587,-64.920000,11.000000,1,Rank 1 (RI0),24.530000,2.676976,13.759760,0.400000,14.000000,10.485,10.485,,,,,,47.131358,-122.357373
105,1,,,-122.3573750,47.1315117,2025-09-29 21:00:30.054,_20250929_135852_CH08_TMO_5G Auto_VoNR Coverage Test_REF4 Mobile_5G Auto VoNR Coverage Test.dml,,,,,,,,,,,,,,,,,,,4.223736,,,,,,
106,1,,,-122.3573750,47.1315117,2025-09-29 21:00:30.000,_20250929_135852_CH08_TMO_5G Auto_VoNR Coverage Test_REF4 Mobile_5G Auto VoNR Coverage Test.dml,,NR SA,47.131512,-122.357375,n71A,125290,587,-64.710000,10.000000,1,Rank 1 (RI0),23.720000,2.913352,15.126154,0.400000,13.000000,9.437,10.485,,,,,,47.131510,-122.357371
107,1,,,-122.3573783,47.1316650,2025-09-29 21:00:31.000,_20250929_135852_CH08_TMO_5G Auto_VoNR Coverage Test_REF4 Mobile_5G Auto VoNR Coverage Test.dml,,NR SA,47.131665,-122.357378,n71A,125290,587,-66.780000,5.800000,1,Rank 1 (RI0),23.440000,0.680794,15.186495,0.400000,14.000000,10.485,9.437,,,,,,47.131666,-122.357373
108,1,,,-122.3573800,47.1318200,2025-09-29 21:00:32.000,_20250929_135852_CH08_TMO_5G Auto_VoNR Coverage Test_REF4 Mobile_5G Auto VoNR Coverage Test.dml,,NR SA,47.131820,-122.357380,n71A,125290,587,-66.030000,11.700000,1,Rank 1 (RI0),23.580000,,14.528205,0.500000,13.200000,9.437,10.485,,,,,,47.131993,-122.357379
109,1,,,-122.3573850,47.1319800,2025-09-29 21:00:33.000,_20250929_135852_CH08_TMO_5G Auto_VoNR Coverage Test_REF4 Mobile_5G Auto VoNR Coverage Test.dml,,NR SA,47.131980,-122.357385,n71A,125290,587,-66.410000,13.300000,1,Rank 1 (RI0),22.950000,1.909225,18.019417,0.500000,13.700000,10.485,9.437,,,,,,47.132161,-122.357381
110,1,,,-122.3573883,47.1321483,2025-09-29 21:00:34.000,_20250929_135852_CH08_TMO_5G Auto_VoNR Coverage Test_REF4 Mobile_5G Auto VoNR Coverage Test.dml,,NR SA,47.132148,-122.357388,n71A,125290,587,-66.420000,8.100000,2,Rank 2 (RI1),23.220000,2.143073,18.454918,0.500000,9.400000,9.437,10.485,,,,,,47.132331,-122.357383
111,1,,,-122.3573900,47.1323233,2025-09-29 21:00:35.000,_20250929_135852_CH08_TMO_5G Auto_VoNR Coverage Test_REF4 Mobile_5G Auto VoNR Coverage Test.dml,,NR SA,47.132323,-122.357390,n71A,125290,587,-70.000000,17.000000,1,Rank 1 (RI0),21.640000,0.665694,16.689320,0.500000,11.600000,10.485,9.437,,,,,,47.132511,-122.357384
112,1,,,-122.3573883,47.1325050,2025-09-29 21:00:36.000,_20250929_135852_CH08_TMO_5G Auto_VoNR Coverage Test_REF4 Mobile_5G Auto VoNR Coverage Test.dml,,NR SA,47.132505,-122.357388,n71A,125290,587,-72.480000,10.100000,1,Rank 1 (RI0),21.060000,0.628596,17.220280,0.500000,12.200000,9.437,10.485,,,,,,47.132511,-122.357384
113,1,,,-122.3573883,47.1326883,2025-09-29 21:00:37.000,_20250929_135852_CH08_TMO_5G Auto_VoNR Coverage Test_REF4 Mobile_5G Auto VoNR Coverage Test.dml,,NR SA,47.132688,-122.357388,n71A,125290,587,-71.850000,11.500000,2,Rank 2 (RI1),21.300000,1.112189,16.919872,0.600000,10.200000,10.485,9.437,,,,,,47.132693,-122.357385
114,1,,,-122.3573850,47.1328717,2025-09-29 21:00:38.000,_20250929_135852_CH08_TMO_5G Auto_VoNR Coverage Test_REF4 Mobile_5G Auto VoNR Coverage Test.dml,,NR SA,47.132872,-122.357385,n71A,125290,587,-73.580000,16.200000,1,Rank 1 (RI0),20.530000,0.118068,15.270548,0.600000,13.500000,10.485,10.485,,,,,,47.132876,-122.357384
115,1,,,-122.3573817,47.1330533,2025-09-29 21:00:39.000,_20250929_135852_CH08_TMO_5G Auto_VoNR Coverage Test_REF4 Mobile_5G Auto VoNR Coverage Test.dml,,NR SA,47.133053,-122.357382,n71A,125290,587,-75.090000,13.900000,1,Rank 1 (RI0),17.620000,0.179931,15.790274,0.600000,15.000000,9.437,9.437,,,,,,47.133057,-122.357383
116,1,,,-122.3573783,47.1332350,2025-09-29 21:00:40.000,_20250929_135852_CH08_TMO_5G Auto_VoNR Coverage Test_REF4 Mobile_5G Auto VoNR Coverage Test.dml,,NR SA,47.133235,-122.357378,n71A,125290,587,-75.290000,18.100000,1,Rank 1 (RI0),18.860000,0.065201,15.346591,0.600000,15.000000,10.485,10.485,,,,,,47.133415,-122.357381
117,1,,,-122.3573767,47.1334150,2025-09-29 21:00:41.000,_20250929_135852_CH08_TMO_5G Auto_VoNR Coverage Test_REF4 Mobile_5G Auto VoNR Coverage Test.dml,,NR SA,47.133415,-122.357377,n71A,125290,587,-78.420000,20.700000,2,Rank 2 (RI1),17.560000,0.215541,13.435644,0.600000,11.100000,9.437,9.437,,,,,,47.133415,-122.357381
118,1,,,-122.3573767,47.1336000,2025-09-29 21:00:42.000,_20250929_135852_CH08_TMO_5G Auto_VoNR Coverage Test_REF4 Mobile_5G Auto VoNR Coverage Test.dml,,NR SA,47.133600,-122.357377,n71A,125290,587,-75.990000,18.300000,2,Rank 2 (RI1),19.200000,0.534404,15.704023,0.700000,9.800000,10.485,10.485,,,,,,47.133598,-122.357382
119,1,,,-122.3573800,47.1337833,2025-09-29 21:00:43.000,_20250929_135852_CH08_TMO_5G Auto_VoNR Coverage Test_REF4 Mobile_5G Auto VoNR Coverage Test.dml,,NR SA,47.133783,-122.357380,n71A,125290,587,-73.170000,20.400000,1,Rank 1 (RI0),19.910000,0.022178,15.587537,0.700000,13.000000,9.437,9.437,,,,,,47.133782,-122.357382
120,1,,,-122.3573850,47.1339650,2025-09-29 21:00:44.000,_20250929_135852_CH08_TMO_5G Auto_VoNR Coverage Test_REF4 Mobile_5G Auto VoNR Coverage Test.dml,,NR SA,47.133965,-122.357385,n71A,125290,587,-73.510000,20.100000,1,Rank 1 (RI0),19.110000,0.321761,16.425466,0.700000,14.900000,10.485,10.485,,,,,,47.133965,-122.357381
121,1,,,-122.3573867,47.1341433,2025-09-29 21:00:45.000,_20250929_135852_CH08_TMO_5G Auto_VoNR Coverage Test_REF4 Mobile_5G Auto VoNR Coverage Test.dml,,NR SA,47.134143,-122.357387,n71A,125290,587,-74.000000,19.000000,1,Rank 1 (RI0),19.120000,0.842904,15.977716,0.700000,15.000000,9.437,10.485,,,,,,47.134145,-122.357378
122,1,,,-122.3573867,47.1343150,2025-09-29 21:00:46.000,_20250929_135852_CH08_TMO_5G Auto_VoNR Coverage Test_REF4 Mobile_5G Auto VoNR Coverage Test.dml,,NR SA,47.134315,-122.357387,n71A,125290,587,-76.690000,20.700000,1,Rank 1 (RI0),18.020000,1.928198,13.887588,0.700000,12.400000,10.485,9.437,,,,,,47.134318,-122.357375
123,1,,,-122.3573867,47.1344817,2025-09-29 21:00:47.000,_20250929_135852_CH08_TMO_5G Auto_VoNR Coverage Test_REF4 Mobile_5G Auto VoNR Coverage Test.dml,,NR SA,47.134482,-122.357387,n71A,125290,587,-77.150000,21.000000,1,Rank 1 (RI0),17.610000,2.177804,8.793881,0.800000,14.600000,9.437,10.485,,,,,,47.134485,-122.357371
124,1,,,-122.3573883,47.1346450,2025-09-29 21:00:48.000,_20250929_135852_CH08_TMO_5G Auto_VoNR Coverage Test_REF4 Mobile_5G Auto VoNR Coverage Test.dml,,NR SA,47.134645,-122.357388,n71A,125290,587,-76.930000,19.800000,1,Rank 1 (RI0),17.560000,1.087727,12.961945,0.800000,15.000000,10.485,9.437,,,,,,47.134650,-122.357369
125,1,,,-122.3573883,47.1348083,2025-09-29 21:00:49.000,_20250929_135852_CH08_TMO_5G Auto_VoNR Coverage Test_REF4 Mobile_5G Auto VoNR Coverage Test.dml,,NR SA,47.134808,-122.357388,n71A,125290,587,-75.460000,20.900000,1,Rank 1 (RI0),19.300000,2.682565,14.825714,0.800000,13.200000,9.437,10.485,,,,,,47.134973,-122.357366
126,1,,,-122.3573867,47.1349667,2025-09-29 21:00:50.100,_20250929_135852_CH08_TMO_5G Auto_VoNR Coverage Test_REF4 Mobile_5G Auto VoNR Coverage Test.dml,,,,,,,,,,,,,,,,,,,4.318345,,,,,,
127,1,,,-122.3573867,47.1349667,2025-09-29 21:00:50.000,_20250929_135852_CH08_TMO_5G Auto_VoNR Coverage Test_REF4 Mobile_5G Auto VoNR Coverage Test.dml,,NR SA,47.134967,-122.357387,n71A,125290,587,-76.840000,19.500000,1,Rank 1 (RI0),18.180000,2.160885,16.319876,0.800000,14.800000,10.485,9.437,,,,,,47.134973,-122.357366
128,1,,,-122.3573867,47.1351233,2025-09-29 21:00:51.000,_20250929_135852_CH08_TMO_5G Auto_VoNR Coverage Test_REF4 Mobile_5G Auto VoNR Coverage Test.dml,,NR SA,47.135123,-122.357387,n71A,125290,587,-77.080000,19.200000,1,Rank 1 (RI0),18.360000,2.040038,14.711670,0.800000,14.400000,9.437,10.485,,,,,,47.135281,-122.357364
129,1,,,-122.3573850,47.1352783,2025-09-29 21:00:52.000,_20250929_135852_CH08_TMO_5G Auto_VoNR Coverage Test_REF4 Mobile_5G Auto VoNR Coverage Test.dml,,NR SA,47.135278,-122.357385,n71A,125290,587,-78.360000,20.700000,1,Rank 1 (RI0),17.050000,2.560913,13.432653,0.900000,13.900000,10.485,9.437,,,,,,47.135281,-122.357364
130,1,,,-122.3573850,47.1354300,2025-09-29 21:00:53.000,_20250929_135852_CH08_TMO_5G Auto_VoNR Coverage Test_REF4 Mobile_5G Auto VoNR Coverage Test.dml,,NR SA,47.135430,-122.357385,n71A,125290,587,-80.740000,19.500000,1,Rank 1 (RI0),15.160000,1.943010,15.456583,0.900000,13.500000,10.485,10.485,,,,,,47.135583,-122.357360
131,1,,,-122.3573850,47.1355800,2025-09-29 21:00:54.000,_20250929_135852_CH08_TMO_5G Auto_VoNR Coverage Test_REF4 Mobile_5G Auto VoNR Coverage Test.dml,,NR SA,47.135580,-122.357385,n71A,125290,587,-79.450000,19.200000,1,Rank 1 (RI0),15.850000,1.644210,15.473684,0.900000,13.700000,9.437,9.437,,,,,,47.135583,-122.357360
132,1,,,-122.3573833,47.1357283,2025-09-29 21:00:55.000,_20250929_135852_CH08_TMO_5G Auto_VoNR Coverage Test_REF4 Mobile_5G Auto VoNR Coverage Test.dml,,NR SA,47.135728,-122.357383,n71A,125290,587,-79.850000,20.700000,1,Rank 1 (RI0),15.640000,1.662871,13.742678,0.900000,15.000000,10.485,10.485,,,,,,47.135878,-122.357358
133,1,,,-122.3573833,47.1358767,2025-09-29 21:00:56.000,_20250929_135852_CH08_TMO_5G Auto_VoNR Coverage Test_REF4 Mobile_5G Auto VoNR Coverage Test.dml,,NR SA,47.135877,-122.357383,n71A,125290,587,-80.300000,20.300000,1,Rank 1 (RI0),15.490000,2.994003,12.345098,0.900000,14.800000,9.437,9.437,,,,,,47.135878,-122.357358
134,1,,,-122.3573850,47.1360267,2025-09-29 21:00:57.000,_20250929_135852_CH08_TMO_5G Auto_VoNR Coverage Test_REF4 Mobile_5G Auto VoNR Coverage Test.dml,,NR SA,47.136027,-122.357385,n71A,125290,587,-78.120000,21.000000,1,Rank 1 (RI0),16.460000,2.187426,11.645907,0.900000,15.000000,10.485,10.485,,,,,,47.136029,-122.357360
135,1,,,-122.3573850,47.1361800,2025-09-29 21:00:58.000,_20250929_135852_CH08_TMO_5G Auto_VoNR Coverage Test_REF4 Mobile_5G Auto VoNR Coverage Test.dml,,NR SA,47.136180,-122.357385,n71A,125290,587,-77.670000,19.800000,1,Rank 1 (RI0),16.720000,0.689845,14.524793,1.000000,14.800000,9.437,10.485,,,,,,47.136180,-122.357359
136,1,,,-122.3573867,47.1363300,2025-09-29 21:00:59.000,_20250929_135852_CH08_TMO_5G Auto_VoNR Coverage Test_REF4 Mobile_5G Auto VoNR Coverage Test.dml,,NR SA,47.136330,-122.357387,n71A,125290,587,-80.000000,20.400000,1,Rank 1 (RI0),14.730000,2.210478,13.339109,1.000000,15.000000,10.485,9.437,,,,,,47.136332,-122.357357
137,1,,,-122.3573867,47.1364800,2025-09-29 21:01:00.000,_20250929_135852_CH08_TMO_5G Auto_VoNR Coverage Test_REF4 Mobile_5G Auto VoNR Coverage Test.dml,,NR SA,47.136480,-122.357387,n71A,125290,587,-81.070000,21.000000,1,Rank 1 (RI0),15.670000,0.743211,10.347222,1.000000,15.000000,9.437,10.485,,,,,,47.136482,-122.357356
138,1,,,-122.3573833,47.1366333,2025-09-29 21:01:01.000,_20250929_135852_CH08_TMO_5G Auto_VoNR Coverage Test_REF4 Mobile_5G Auto VoNR Coverage Test.dml,,NR SA,47.136633,-122.357383,n71A,125290,587,-80.790000,20.100000,1,Rank 1 (RI0),15.240000,2.406171,12.498915,1.000000,14.400000,10.485,9.437,,,,,,47.136632,-122.357354
139,1,,,-122.3573800,47.1367867,2025-09-29 21:01:02.000,_20250929_135852_CH08_TMO_5G Auto_VoNR Coverage Test_REF4 Mobile_5G Auto VoNR Coverage Test.dml,,NR SA,47.136787,-122.357380,n71A,125290,587,-80.490000,19.200000,1,Rank 1 (RI0),15.560000,2.172501,14.585185,1.000000,14.400000,9.437,10.485,,,,,,47.136789,-122.357351
140,1,,,-122.3573800,47.1369400,2025-09-29 21:01:03.000,_20250929_135852_CH08_TMO_5G Auto_VoNR Coverage Test_REF4 Mobile_5G Auto VoNR Coverage Test.dml,,NR SA,47.136940,-122.357380,n71A,125290,587,-78.760000,20.900000,1,Rank 1 (RI0),17.420000,0.500709,12.863326,1.000000,14.100000,10.485,9.437,,,,,,47.136944,-122.357349
141,1,,,-122.3573767,47.1370900,2025-09-29 21:01:04.000,_20250929_135852_CH08_TMO_5G Auto_VoNR Coverage Test_REF4 Mobile_5G Auto VoNR Coverage Test.dml,,NR SA,47.137090,-122.357377,n71A,125290,587,-77.250000,18.900000,1,Rank 1 (RI0),17.460000,2.328414,14.981087,1.100000,12.600000,9.437,10.485,,,,,,47.137236,-122.357344
142,1,,,-122.3573717,47.1372350,2025-09-29 21:01:05.000,_20250929_135852_CH08_TMO_5G Auto_VoNR Coverage Test_REF4 Mobile_5G Auto VoNR Coverage Test.dml,,NR SA,47.137235,-122.357372,n71A,125290,587,-77.580000,20.700000,1,Rank 1 (RI0),17.330000,3.106199,16.797546,1.100000,14.400000,10.485,9.437,,,,,,47.137236,-122.357344
143,1,,,-122.3573683,47.1373733,2025-09-29 21:01:06.000,_20250929_135852_CH08_TMO_5G Auto_VoNR Coverage Test_REF4 Mobile_5G Auto VoNR Coverage Test.dml,,NR SA,47.137373,-122.357368,n71A,125290,587,-77.980000,19.000000,1,Rank 1 (RI0),17.020000,0.423743,16.655290,1.100000,14.600000,10.485,10.485,,,,,,47.137373,-122.357341
144,1,,,-122.3573667,47.1375100,2025-09-29 21:01:07.000,_20250929_135852_CH08_TMO_5G Auto_VoNR Coverage Test_REF4 Mobile_5G Auto VoNR Coverage Test.dml,,NR SA,47.137510,-122.357367,n71A,125290,587,-76.510000,20.200000,1,Rank 1 (RI0),17.970000,7.807681,15.437037,1.100000,14.700000,9.437,9.437,,,,,,47.137508,-122.357341
145,1,,,-122.3573667,47.1376433,2025-09-29 21:01:08.000,_20250929_135852_CH08_TMO_5G Auto_VoNR Coverage Test_REF4 Mobile_5G Auto VoNR Coverage Test.dml,,NR SA,47.137643,-122.357367,n71A,125290,587,-76.080000,20.700000,1,Rank 1 (RI0),17.120000,2.168060,13.363839,1.100000,15.000000,9.437,10.485,,,,,,47.137644,-122.357339
146,1,,,-122.3573650,47.1377750,2025-09-29 21:01:09.000,_20250929_135852_CH08_TMO_5G Auto_VoNR Coverage Test_REF4 Mobile_5G Auto VoNR Coverage Test.dml,,NR SA,47.137775,-122.357365,n71A,125290,587,-77.080000,18.900000,1,Rank 1 (RI0),16.690000,0.310038,14.139175,1.100000,14.600000,10.485,9.437,,,,,,47.137773,-122.357339
147,1,,,-122.3573633,47.1379050,2025-09-29 21:01:10.133,_20250929_135852_CH08_TMO_5G Auto_VoNR Coverage Test_REF4 Mobile_5G Auto VoNR Coverage Test.dml,,,,,,,,,,,,,,,,,,,4.080748,,,,,,
148,1,,,-122.3573633,47.1379050,2025-09-29 21:01:10.000,_20250929_135852_CH08_TMO_5G Auto_VoNR Coverage Test_REF4 Mobile_5G Auto VoNR Coverage Test.dml,,NR SA,47.137905,-122.357363,n71A,125290,587,-77.170000,19.200000,1,Rank 1 (RI0),15.830000,0.769643,14.585165,1.100000,15.000000,10.485,10.485,,,,,,47.137902,-122.357338
149,1,,,-122.3573633,47.1380333,2025-09-29 21:01:11.000,_20250929_135852_CH08_TMO_5G Auto_VoNR Coverage Test_REF4 Mobile_5G Auto VoNR Coverage Test.dml,,NR SA,47.138033,-122.357363,n71A,125290,587,-78.590000,20.700000,1,Rank 1 (RI0),15.670000,0.321761,14.534146,1.200000,14.400000,9.437,10.485,,,,,,47.138032,-122.357339
150,1,,,-122.3573600,47.1381583,2025-09-29 21:01:12.000,_20250929_135852_CH08_TMO_5G Auto_VoNR Coverage Test_REF4 Mobile_5G Auto VoNR Coverage Test.dml,,NR SA,47.138158,-122.357360,n71A,125290,587,-81.290000,19.200000,1,Rank 1 (RI0),14.070000,2.789779,16.208122,1.200000,14.700000,10.485,9.437,,,,,,47.138159,-122.357340
151,1,,,-122.3573583,47.1382850,2025-09-29 21:01:13.000,_20250929_135852_CH08_TMO_5G Auto_VoNR Coverage Test_REF4 Mobile_5G Auto VoNR Coverage Test.dml,,NR SA,47.138285,-122.357358,n71A,125290,587,-81.470000,19.500000,1,Rank 1 (RI0),13.120000,1.483995,13.663136,1.200000,14.200000,9.437,10.485,,,,,,47.138287,-122.357342
152,1,,,-122.3573617,47.1384150,2025-09-29 21:01:14.000,_20250929_135852_CH08_TMO_5G Auto_VoNR Coverage Test_REF4 Mobile_5G Auto VoNR Coverage Test.dml,,NR SA,47.138415,-122.357362,n71A,125290,587,-84.890000,21.000000,1,Rank 1 (RI0),9.790000,1.493470,11.964509,1.200000,13.900000,10.485,9.437,,,,,,47.138427,-122.357344
153,1,,,-122.3573650,47.1385583,2025-09-29 21:01:15.000,_20250929_135852_CH08_TMO_5G Auto_VoNR Coverage Test_REF4 Mobile_5G Auto VoNR Coverage Test.dml,,NR SA,47.138558,-122.357365,n71A,125290,587,-85.060000,20.700000,1,Rank 1 (RI0),9.420000,1.034843,13.268085,1.200000,13.300000,9.437,10.485,,,,,,47.138576,-122.357345
154,1,,,-122.3573667,47.1387133,2025-09-29 21:01:16.000,_20250929_135852_CH08_TMO_5G Auto_VoNR Coverage Test_REF4 Mobile_5G Auto VoNR Coverage Test.dml,,NR SA,47.138713,-122.357367,n71A,125290,587,-83.150000,20.700000,1,Rank 1 (RI0),10.490000,1.417707,12.771739,1.200000,12.700000,10.485,9.437,,,,,,47.138730,-122.357345
155,1,,,-122.3573617,47.1388750,2025-09-29 21:01:17.000,_20250929_135852_CH08_TMO_5G Auto_VoNR Coverage Test_REF4 Mobile_5G Auto VoNR Coverage Test.dml,,NR SA,47.138875,-122.357362,n71A,125290,587,-82.850000,20.700000,1,Rank 1 (RI0),9.430000,4.671765,11.863821,1.300000,12.000000,9.437,10.485,,,,,,47.139056,-122.357335
156,1,,,-122.3573550,47.1390400,2025-09-29 21:01:18.000,_20250929_135852_CH08_TMO_5G Auto_VoNR Coverage Test_REF4 Mobile_5G Auto VoNR Coverage Test.dml,,NR SA,47.139040,-122.357355,n71A,125290,587,-84.280000,21.300000,1,Rank 1 (RI0),10.060000,3.139593,9.376978,1.300000,12.400000,10.485,9.437,,,,,,47.139056,-122.357335
157,1,,,-122.3573517,47.1392067,2025-09-29 21:01:19.000,_20250929_135852_CH08_TMO_5G Auto_VoNR Coverage Test_REF4 Mobile_5G Auto VoNR Coverage Test.dml,,NR SA,47.139207,-122.357352,n71A,125290,587,-85.730000,21.100000,1,Rank 1 (RI0),9.250000,2.966933,9.426087,1.300000,11.700000,9.437,10.485,,,,,,47.139226,-122.357334
158,1,,,-122.3573517,47.1393767,2025-09-29 21:01:20.000,_20250929_135852_CH08_TMO_5G Auto_VoNR Coverage Test_REF4 Mobile_5G Auto VoNR Coverage Test.dml,,NR SA,47.139377,-122.357352,n71A,125290,587,-86.580000,21.100000,1,Rank 1 (RI0),8.880000,2.769920,8.461749,1.300000,12.300000,10.485,9.437,,,,,,47.139398,-122.357333
159,1,,,-122.3573517,47.1395500,2025-09-29 21:01:21.000,_20250929_135852_CH08_TMO_5G Auto_VoNR Coverage Test_REF4 Mobile_5G Auto VoNR Coverage Test.dml,,NR SA,47.139550,-122.357352,n71A,125290,587,-85.780000,21.000000,1,Rank 1 (RI0),9.960000,1.209679,9.242021,1.300000,11.600000,9.437,10.485,,,,,,47.139572,-122.357337
160,1,,,-122.3573533,47.1397217,2025-09-29 21:01:22.000,_20250929_135852_CH08_TMO_5G Auto_VoNR Coverage Test_REF4 Mobile_5G Auto VoNR Coverage Test.dml,,NR SA,47.139722,-122.357353,n71A,125290,587,-84.690000,21.100000,1,Rank 1 (RI0),10.030000,2.116873,8.981241,1.300000,11.300000,10.485,9.437,,,,,,47.139742,-122.357338
161,1,,,-122.3573567,47.1398933,2025-09-29 21:01:23.000,_20250929_135852_CH08_TMO_5G Auto_VoNR Coverage Test_REF4 Mobile_5G Auto VoNR Coverage Test.dml,,NR SA,47.139893,-122.357357,n71A,125290,587,-85.060000,21.400000,1,Rank 1 (RI0),10.360000,3.336626,7.077869,1.400000,12.400000,9.437,10.485,,,,,,47.139912,-122.357339
162,1,,,-122.3573583,47.1400700,2025-09-29 21:01:24.000,_20250929_135852_CH08_TMO_5G Auto_VoNR Coverage Test_REF4 Mobile_5G Auto VoNR Coverage Test.dml,,NR SA,47.140070,-122.357358,n71A,125290,587,-85.430000,21.800000,1,Rank 1 (RI0),10.210000,2.301540,7.252703,1.400000,11.700000,10.485,9.437,,,,,,47.140262,-122.357345
163,1,,,-122.3573617,47.1402500,2025-09-29 21:01:25.000,_20250929_135852_CH08_TMO_5G Auto_VoNR Coverage Test_REF4 Mobile_5G Auto VoNR Coverage Test.dml,,NR SA,47.140250,-122.357362,n71A,125290,587,-85.050000,22.300000,1,Rank 1 (RI0),10.300000,3.914981,6.069231,1.400000,11.000000,9.437,9.437,,,,,,47.140262,-122.357345
164,1,,,-122.3573633,47.1404317,2025-09-29 21:01:26.000,_20250929_135852_CH08_TMO_5G Auto_VoNR Coverage Test_REF4 Mobile_5G Auto VoNR Coverage Test.dml,,NR SA,47.140432,-122.357363,n71A,125290,587,-85.890000,22.400000,1,Rank 1 (RI0),10.460000,3.723551,5.037859,1.400000,11.100000,10.485,10.485,,,,,,47.140625,-122.357349
165,1,,,-122.3573633,47.1406133,2025-09-29 21:01:27.000,_20250929_135852_CH08_TMO_5G Auto_VoNR Coverage Test_REF4 Mobile_5G Auto VoNR Coverage Test.dml,,NR SA,47.140613,-122.357363,n71A,125290,587,-84.450000,22.300000,1,Rank 1 (RI0),10.760000,1.653262,5.427215,1.400000,10.700000,9.437,9.437,,,,,,47.140801,-122.357347
166,1,,,-122.3573650,47.1407933,2025-09-29 21:01:28.000,_20250929_135852_CH08_TMO_5G Auto_VoNR Coverage Test_REF4 Mobile_5G Auto VoNR Coverage Test.dml,,NR SA,47.140793,-122.357365,n71A,125290,587,-88.100000,22.200000,1,Rank 1 (RI0),4.780000,2.140719,5.648780,1.500000,8.900000,9.437,10.485,,,,,,47.140801,-122.357347
167,1,,,-122.3573667,47.1409717,2025-09-29 21:01:29.000,_20250929_135852_CH08_TMO_5G Auto_VoNR Coverage Test_REF4 Mobile_5G Auto VoNR Coverage Test.dml,,NR SA,47.140972,-122.357367,n71A,125290,587,-88.720000,22.900000,1,Rank 1 (RI0),5.790000,0.537825,4.798331,1.500000,7.400000,8.388,9.437,,,,,,47.140979,-122.357351
168,1,,,-122.3573700,47.1411500,2025-09-29 21:01:30.116,_20250929_135852_CH08_TMO_5G Auto_VoNR Coverage Test_REF4 Mobile_5G Auto VoNR Coverage Test.dml,,,,,,,,,,,,,,,,,,,4.274999,,,,,,
169,1,,,-122.3573700,47.1411500,2025-09-29 21:01:30.000,_20250929_135852_CH08_TMO_5G Auto_VoNR Coverage Test_REF4 Mobile_5G Auto VoNR Coverage Test.dml,,NR SA,47.141150,-122.357370,n71A,125290,587,-88.640000,21.900000,1,Rank 1 (RI0),6.640000,2.123930,5.157895,1.500000,7.700000,5.242,10.485,,,,,,47.141333,-122.357355
170,1,,,-122.3573717,47.1413300,2025-09-29 21:01:31.000,_20250929_135852_CH08_TMO_5G Auto_VoNR Coverage Test_REF4 Mobile_5G Auto VoNR Coverage Test.dml,,NR SA,47.141330,-122.357372,n71A,125290,587,-87.560000,22.300000,1,Rank 1 (RI0),6.410000,2.246651,5.117260,1.500000,8.200000,5.242,9.437,,,,,,47.141333,-122.357355
171,1,,,-122.3573717,47.1415117,2025-09-29 21:01:32.000,_20250929_135852_CH08_TMO_5G Auto_VoNR Coverage Test_REF4 Mobile_5G Auto VoNR Coverage Test.dml,,NR SA,47.141512,-122.357372,n71A,125290,587,-85.860000,21.900000,1,Rank 1 (RI0),7.590000,3.524890,5.656331,1.500000,7.500000,6.291,6.291,,,,,,47.141514,-122.357356
172,1,,,-122.3573717,47.1416933,2025-09-29 21:01:33.000,_20250929_135852_CH08_TMO_5G Auto_VoNR Coverage Test_REF4 Mobile_5G Auto VoNR Coverage Test.dml,,NR SA,47.141693,-122.357372,n71A,125290,587,-91.550000,23.000000,1,Rank 1 (RI0),3.270000,0.647811,2.751032,1.600000,6.300000,8.388,0.000,,,,,,47.141879,-122.357351
173,1,,,-122.3573700,47.1418767,2025-09-29 21:01:34.000,_20250929_135852_CH08_TMO_5G Auto_VoNR Coverage Test_REF4 Mobile_5G Auto VoNR Coverage Test.dml,,NR SA,47.141877,-122.357370,n71A,125290,587,-101.250000,23.000000,1,Rank 1 (RI0),-0.980000,1.288033,2.364979,1.600000,3.700000,3.145,0.000,,,,,,47.142064,-122.357348
174,1,,,-122.3573683,47.1420600,2025-09-29 21:01:35.000,_20250929_135852_CH08_TMO_5G Auto_VoNR Coverage Test_REF4 Mobile_5G Auto VoNR Coverage Test.dml,,NR SA,47.142060,-122.357368,n71A,125290,587,-100.680000,23.000000,1,Rank 1 (RI0),0.370000,0.826941,1.973501,1.600000,4.800000,0.000,15.728,,,,,,47.142064,-122.357348
175,1,,,-122.3573650,47.1422433,2025-09-29 21:01:36.000,_20250929_135852_CH08_TMO_5G Auto_VoNR Coverage Test_REF4 Mobile_5G Auto VoNR Coverage Test.dml,,NR SA,47.142243,-122.357365,n71A,125290,587,-97.650000,23.000000,1,Rank 1 (RI0),3.170000,3.263579,3.695707,1.600000,6.400000,7.340,0.000,,,,,,47.142246,-122.357341
176,1,,,-122.3573600,47.1424233,2025-09-29 21:01:37.000,_20250929_135852_CH08_TMO_5G Auto_VoNR Coverage Test_REF4 Mobile_5G Auto VoNR Coverage Test.dml,,NR SA,47.142423,-122.357360,n71A,125290,587,-95.030000,22.600000,1,Rank 1 (RI0),4.320000,1.265459,4.351878,1.600000,7.100000,6.291,0.000,,,,,,47.142426,-122.357339
177,1,,,-122.3573567,47.1426033,2025-09-29 21:01:38.000,_20250929_135852_CH08_TMO_5G Auto_VoNR Coverage Test_REF4 Mobile_5G Auto VoNR Coverage Test.dml,,NR SA,47.142603,-122.357357,n71A,125290,587,-95.490000,22.700000,1,Rank 1 (RI0),2.530000,1.189481,4.916556,1.700000,7.100000,5.242,0.000,,,,,,47.142605,-122.357335
178,1,,,-122.3573533,47.1427817,2025-09-29 21:01:39.000,_20250929_135852_CH08_TMO_5G Auto_VoNR Coverage Test_REF4 Mobile_5G Auto VoNR Coverage Test.dml,,NR SA,47.142782,-122.357353,n71A,125290,587,-96.090000,21.900000,1,Rank 1 (RI0),-0.190000,0.158416,5.292047,1.700000,5.900000,3.145,0.000,,,,,,47.142783,-122.357331
179,1,,,-122.3573533,47.1429600,2025-09-29 21:01:40.000,_20250929_135852_CH08_TMO_5G Auto_VoNR Coverage Test_REF4 Mobile_5G Auto VoNR Coverage Test.dml,,NR SA,47.142960,-122.357353,n71A,125290,587,-96.710000,22.000000,1,Rank 1 (RI0),0.870000,0.808154,5.200531,1.700000,5.400000,6.291,17.825,,,,,,47.143142,-122.357323
180,1,,,-122.3573533,47.1431400,2025-09-29 21:01:41.000,_20250929_135852_CH08_TMO_5G Auto_VoNR Coverage Test_REF4 Mobile_5G Auto VoNR Coverage Test.dml,,NR SA,47.143140,-122.357353,n71A,125290,587,-98.810000,23.000000,1,Rank 1 (RI0),-2.030000,0.139573,3.119134,1.700000,4.500000,7.340,0.000,,,,,,47.143142,-122.357323
181,1,,,-122.3573550,47.1433167,2025-09-29 21:01:42.000,_20250929_135852_CH08_TMO_5G Auto_VoNR Coverage Test_REF4 Mobile_5G Auto VoNR Coverage Test.dml,,NR SA,47.143317,-122.357355,n71A,125290,587,-100.680000,23.000000,1,Rank 1 (RI0),-3.740000,,2.396061,1.700000,3.400000,1.048,0.000,,,,,,47.143494,-122.357321
182,1,,,-122.3573567,47.1434950,2025-09-29 21:01:43.000,_20250929_135852_CH08_TMO_5G Auto_VoNR Coverage Test_REF4 Mobile_5G Auto VoNR Coverage Test.dml,,NR SA,47.143495,-122.357357,n71A,125290,587,-101.530000,23.000000,1,Rank 1 (RI0),-4.260000,,1.537757,1.800000,2.800000,1.048,0.000,,,,,,47.143494,-122.357321
183,1,,,-122.3573567,47.1436700,2025-09-29 21:01:44.000,_20250929_135852_CH08_TMO_5G Auto_VoNR Coverage Test_REF4 Mobile_5G Auto VoNR Coverage Test.dml,,NR SA,47.143670,-122.357357,n71A,125290,587,-101.390000,23.000000,1,Rank 1 (RI0),-2.880000,,0.540832,1.800000,2.700000,3.145,0.000,,,,,,47.143671,-122.357314
184,1,,,-122.3573583,47.1438433,2025-09-29 21:01:45.000,_20250929_135852_CH08_TMO_5G Auto_VoNR Coverage Test_REF4 Mobile_5G Auto VoNR Coverage Test.dml,,NR SA,47.143843,-122.357358,n71A,125290,587,-104.410000,23.000000,1,Rank 1 (RI0),-7.160000,11.283691,3.938776,1.800000,2.900000,3.145,0.000,,,,,,47.143848,-122.357313
185,1,,,-122.3573583,47.1440183,2025-09-29 21:01:46.000,_20250929_135852_CH08_TMO_5G Auto_VoNR Coverage Test_REF4 Mobile_5G Auto VoNR Coverage Test.dml,,NR SA,47.144018,-122.357358,n71A,125290,587,-105.620000,23.700000,1,Rank 1 (RI0),-7.990000,27.913721,1.843750,1.800000,2.400000,1.048,0.000,,,,,,47.144025,-122.357312
186,1,,,-122.3573583,47.1441933,2025-09-29 21:01:47.000,_20250929_135852_CH08_TMO_5G Auto_VoNR Coverage Test_REF4 Mobile_5G Auto VoNR Coverage Test.dml,,NR SA,47.144193,-122.357358,n71A,125290,587,-107.040000,23.100000,1,Rank 1 (RI0),-8.930000,19.044559,5.706897,1.800000,1.900000,0.000,0.000,,,,,,47.144199,-122.357315
187,1,,,-122.3573583,47.1443667,2025-09-29 21:01:48.000,_20250929_135852_CH08_TMO_5G Auto_VoNR Coverage Test_REF4 Mobile_5G Auto VoNR Coverage Test.dml,,NR SA,47.144367,-122.357358,n71A,125290,587,-103.980000,23.800000,1,Rank 1 (RI0),-7.520000,1.347136,1.395706,1.900000,3.300000,0.000,0.000,,,,,,47.144547,-122.357310
188,1,,,-122.3573550,47.1445383,2025-09-29 21:01:49.000,_20250929_135852_CH08_TMO_5G Auto_VoNR Coverage Test_REF4 Mobile_5G Auto VoNR Coverage Test.dml,,NR SA,47.144538,-122.357355,n71A,125290,587,-101.630000,22.800000,1,Rank 1 (RI0),-6.800000,2.129242,1.614286,1.900000,3.000000,1.048,0.000,,,,,,47.144721,-122.357306
189,1,,,-122.3573517,47.1447117,2025-09-29 21:01:50.350,_20250929_135852_CH08_TMO_5G Auto_VoNR Coverage Test_REF4 Mobile_5G Auto VoNR Coverage Test.dml,,,,,,,,,,,,,,,,,,,4.001716,,,,,,
190,1,,,-122.3573517,47.1447117,2025-09-29 21:01:50.000,_20250929_135852_CH08_TMO_5G Auto_VoNR Coverage Test_REF4 Mobile_5G Auto VoNR Coverage Test.dml,,NR SA,47.144712,-122.357352,n71A,125290,587,-101.740000,23.400000,1,Rank 1 (RI0),-8.450000,59.935198,7.745763,1.900000,1.500000,1.048,0.000,,,,,,47.144891,-122.357300
191,1,,,-122.3573483,47.1448850,2025-09-29 21:01:51.000,_20250929_135852_CH08_TMO_5G Auto_VoNR Coverage Test_REF4 Mobile_5G Auto VoNR Coverage Test.dml,,NR SA,47.144885,-122.357348,n71A,125290,587,-100.990000,23.700000,1,Rank 1 (RI0),-9.530000,34.540417,3.812500,1.900000,1.700000,0.000,0.000,,,,,,47.145054,-122.357296
192,1,,,-122.3573467,47.1450583,2025-09-29 21:01:52.000,_20250929_135852_CH08_TMO_5G Auto_VoNR Coverage Test_REF4 Mobile_5G Auto VoNR Coverage Test.dml,,NR SA,47.145058,-122.357347,n71A,125290,587,-101.190000,23.700000,1,Rank 1 (RI0),-10.360000,46.655574,3.676471,1.900000,1.800000,0.000,0.000,,,,,,47.145228,-122.357295
193,1,,,-122.3573450,47.1452300,2025-09-29 21:01:53.000,_20250929_135852_CH08_TMO_5G Auto_VoNR Coverage Test_REF4 Mobile_5G Auto VoNR Coverage Test.dml,,NR SA,47.145230,-122.357345,n71A,125290,587,-102.100000,24.000000,1,Rank 1 (RI0),-9.270000,27.631167,2.504762,2.000000,2.700000,,,,,,,,47.145405,-122.357298
194,1,,,-122.3573433,47.1454067,2025-09-29 21:01:54.000,_20250929_135852_CH08_TMO_5G Auto_VoNR Coverage Test_REF4 Mobile_5G Auto VoNR Coverage Test.dml,,NR SA,47.145407,-122.357343,n71A,125290,587,-102.900000,24.000000,1,Rank 1 (RI0),-9.850000,5.851417,3.561644,2.000000,1.700000,,,,,,,,47.145587,-122.357298
195,1,,,-122.3573433,47.1455883,2025-09-29 21:01:55.000,_20250929_135852_CH08_TMO_5G Auto_VoNR Coverage Test_REF4 Mobile_5G Auto VoNR Coverage Test.dml,,NR SA,47.145588,-122.357343,n71A,125290,587,-103.130000,24.000000,1,Rank 1 (RI0),-9.490000,43.076923,3.000000,2.000000,2.900000,,,,,,,,47.145769,-122.357296
196,1,,,-122.3573417,47.1457683,2025-09-29 21:01:56.000,_20250929_135852_CH08_TMO_5G Auto_VoNR Coverage Test_REF4 Mobile_5G Auto VoNR Coverage Test.dml,,NR SA,47.145768,-122.357342,n71A,125290,587,-103.250000,24.000000,1,Rank 1 (RI0),-8.840000,31.000000,3.000000,2.000000,2.500000,,,,,,,,47.145941,-122.357296
197,1,,,-122.3573400,47.1459450,2025-09-29 21:01:57.000,_20250929_135852_CH08_TMO_5G Auto_VoNR Coverage Test_REF4 Mobile_5G Auto VoNR Coverage Test.dml,,NR SA,47.145945,-122.357340,n71A,125290,587,-103.920000,24.000000,2,Rank 1 (RI0),-9.220000,48.275862,3.000000,2.000000,2.400000,,,,,,,,47.146106,-122.357296
198,1,,,-122.3573350,47.1461117,2025-09-29 21:01:58.000,_20250929_135852_CH08_TMO_5G Auto_VoNR Coverage Test_REF4 Mobile_5G Auto VoNR Coverage Test.dml,,NR SA,47.146112,-122.357335,n71A,125290,587,-102.980000,24.000000,1,Rank 1 (RI0),-9.550000,20.390295,4.531250,2.100000,3.000000,,,,,,,,47.146263,-122.357293
199,1,,,-122.3573267,47.1462717,2025-09-29 21:01:59.000,_20250929_135852_CH08_TMO_5G Auto_VoNR Coverage Test_REF4 Mobile_5G Auto VoNR Coverage Test.dml,,NR SA,47.146272,-122.357327,n71A,125290,587,-102.810000,24.000000,1,Rank 1 (RI0),-8.880000,25.467860,2.987952,2.100000,2.100000,,,,,,,,47.146263,-122.357293
200,1,,,-122.3573200,47.1464250,2025-09-29 21:02:00.000,_20250929_135852_CH08_TMO_5G Auto_VoNR Coverage Test_REF4 Mobile_5G Auto VoNR Coverage Test.dml,,NR SA,47.146425,-122.357320,n71A,125290,587,-102.670000,24.000000,1,Rank 1 (RI0),-8.960000,23.360296,4.006098,2.100000,3.100000,,,,,,,,47.146567,-122.357289
201,1,,,-122.3573133,47.1465767,2025-09-29 21:02:01.000,_20250929_135852_CH08_TMO_5G Auto_VoNR Coverage Test_REF4 Mobile_5G Auto VoNR Coverage Test.dml,,NR SA,47.146577,-122.357313,n71A,125290,587,-102.700000,24.000000,1,Rank 1 (RI0),-10.140000,40.866388,2.986486,2.100000,2.400000,,,,,,,,47.146567,-122.357289
202,1,,,-122.3573067,47.1467283,2025-09-29 21:02:02.000,_20250929_135852_CH08_TMO_5G Auto_VoNR Coverage Test_REF4 Mobile_5G Auto VoNR Coverage Test.dml,,NR SA,47.146728,-122.357307,n71A,125290,587,-101.700000,23.600000,1,Rank 1 (RI0),-9.980000,6.352459,1.588589,2.100000,2.300000,,,,,,,,47.146720,-122.357282
203,1,,,-122.3573017,47.1468833,2025-09-29 21:02:03.000,_20250929_135852_CH08_TMO_5G Auto_VoNR Coverage Test_REF4 Mobile_5G Auto VoNR Coverage Test.dml,,NR SA,47.146883,-122.357302,n71A,125290,587,-101.340000,23.000000,1,Rank 1 (RI0),-8.730000,,0.395753,2.100000,2.300000,,,,,,,,47.146881,-122.357276
204,1,,,-122.3572950,47.1470400,2025-09-29 21:02:04.000,_20250929_135852_CH08_TMO_5G Auto_VoNR Coverage Test_REF4 Mobile_5G Auto VoNR Coverage Test.dml,,NR SA,47.147040,-122.357295,n71A,125290,587,-101.690000,23.000000,2,Rank 2 (RI1),-8.550000,8.102079,2.323308,2.200000,2.600000,,,,,,,,47.147039,-122.357270
205,1,,,-122.3572883,47.1471950,2025-09-29 21:02:05.000,_20250929_135852_CH08_TMO_5G Auto_VoNR Coverage Test_REF4 Mobile_5G Auto VoNR Coverage Test.dml,,NR SA,47.147195,-122.357288,n71A,125290,587,-100.970000,23.000000,1,Rank 1 (RI0),-10.270000,56.613757,6.873239,2.200000,2.000000,,,,,,,,47.147189,-122.357266
206,1,,,-122.3572817,47.1473467,2025-09-29 21:02:06.000,_20250929_135852_CH08_TMO_5G Auto_VoNR Coverage Test_REF4 Mobile_5G Auto VoNR Coverage Test.dml,,NR SA,47.147347,-122.357282,n71A,125290,587,-98.860000,23.600000,1,Rank 1 (RI0),-10.630000,46.846660,3.487179,2.200000,3.600000,,,,,,,,47.147335,-122.357260
207,1,,,-122.3572733,47.1474933,2025-09-29 21:02:07.000,_20250929_135852_CH08_TMO_5G Auto_VoNR Coverage Test_REF4 Mobile_5G Auto VoNR Coverage Test.dml,,NR SA,47.147493,-122.357273,n71A,125290,587,-99.150000,23.400000,2,Rank 2 (RI1),-10.250000,3.514713,1.823755,2.200000,2.400000,,,,,,,,47.147477,-122.357255
208,1,,,-122.3572650,47.1476350,2025-09-29 21:02:08.000,_20250929_135852_CH08_TMO_5G Auto_VoNR Coverage Test_REF4 Mobile_5G Auto VoNR Coverage Test.dml,,NR SA,47.147635,-122.357265,n71A,125290,587,-100.020000,23.000000,1,Rank 2 (RI1),-10.610000,,1.215385,2.200000,1.800000,,,,,,,,47.147613,-122.357252
209,1,,,-122.3572583,47.1477667,2025-09-29 21:02:09.000,_20250929_135852_CH08_TMO_5G Auto_VoNR Coverage Test_REF4 Mobile_5G Auto VoNR Coverage Test.dml,,NR SA,47.147767,-122.357258,n71A,125290,587,-101.470000,23.000000,1,Rank 1 (RI0),-10.500000,0.692464,0.284768,2.200000,2.500000,,,,,,,,47.147744,-122.357252
210,1,,,-122.3572550,47.1478867,2025-09-29 21:02:10.304,_20250929_135852_CH08_TMO_5G Auto_VoNR Coverage Test_REF4 Mobile_5G Auto VoNR Coverage Test.dml,,,,,,,,,,,,,,,,,,,2.551101,,,,,,
211,1,,,-122.3572550,47.1478867,2025-09-29 21:02:10.000,_20250929_135852_CH08_TMO_5G Auto_VoNR Coverage Test_REF4 Mobile_5G Auto VoNR Coverage Test.dml,,NR SA,47.147887,-122.357255,n71A,125290,587,-102.430000,23.000000,1,Rank 1 (RI0),-10.590000,4.115895,1.135714,2.300000,2.300000,,,,,,,,47.147860,-122.357252
212,1,,,-122.3572500,47.1479950,2025-09-29 21:02:11.000,_20250929_135852_CH08_TMO_5G Auto_VoNR Coverage Test_REF4 Mobile_5G Auto VoNR Coverage Test.dml,,NR SA,47.147995,-122.357250,n71A,125290,587,-101.670000,23.100000,1,Rank 1 (RI0),-10.840000,19.731993,1.272251,2.300000,3.000000,,,,,,,,47.148067,-122.357246
213,1,,,-122.3572467,47.1480983,2025-09-29 21:02:12.000,_20250929_135852_CH08_TMO_5G Auto_VoNR Coverage Test_REF4 Mobile_5G Auto VoNR Coverage Test.dml,,NR SA,47.148098,-122.357247,,,,,,,,,,,2.300000,,,,,,,,,47.148170,-122.357238
214,1,,,-122.3572433,47.1481950,2025-09-29 21:02:13.000,_20250929_135852_CH08_TMO_5G Auto_VoNR Coverage Test_REF4 Mobile_5G Auto VoNR Coverage Test.dml,,NR SA,47.148195,-122.357243,,,,,,,,,,,2.300000,,,,,,,,,47.148268,-122.357231
215,1,,,-122.3572383,47.1482917,2025-09-29 21:02:14.000,_20250929_135852_CH08_TMO_5G Auto_VoNR Coverage Test_REF4 Mobile_5G Auto VoNR Coverage Test.dml,,NR SA,47.148292,-122.357238,,,,,,,,,,,2.300000,,,,,,,,,47.148365,-122.357223
216,1,,,-122.3572333,47.1483867,2025-09-29 21:02:15.000,_20250929_135852_CH08_TMO_5G Auto_VoNR Coverage Test_REF4 Mobile_5G Auto VoNR Coverage Test.dml,,NR SA,47.148387,-122.357233,,,,,,,,,,,2.300000,,,,,,,,,47.148457,-122.357214
217,1,,,-122.3572300,47.1484783,2025-09-29 21:02:16.000,_20250929_135852_CH08_TMO_5G Auto_VoNR Coverage Test_REF4 Mobile_5G Auto VoNR Coverage Test.dml,,NR SA,47.148478,-122.357230,,,,,,,,,,,2.300000,,,,,,,,,47.148457,-122.357214
218,1,,,-122.3572250,47.1485667,2025-09-29 21:02:17.000,_20250929_135852_CH08_TMO_5G Auto_VoNR Coverage Test_REF4 Mobile_5G Auto VoNR Coverage Test.dml,,NR SA,47.148567,-122.357225,,,,,,,,,,,2.300000,,,,,,,,,47.148635,-122.357209
219,1,,,-122.3572200,47.1486567,2025-09-29 21:02:18.000,_20250929_135852_CH08_TMO_5G Auto_VoNR Coverage Test_REF4 Mobile_5G Auto VoNR Coverage Test.dml,,NR SA,47.148657,-122.357220,,,,,,,,,,,2.300000,,,,,,,,,47.148722,-122.357206
220,1,,,-122.3572167,47.1487450,2025-09-29 21:02:19.000,_20250929_135852_CH08_TMO_5G Auto_VoNR Coverage Test_REF4 Mobile_5G Auto VoNR Coverage Test.dml,,NR SA,47.148745,-122.357217,,,,,,,,,,,2.300000,,,,,,,,,47.148807,-122.357207
221,1,,,-122.3572133,47.1488317,2025-09-29 21:02:20.000,_20250929_135852_CH08_TMO_5G Auto_VoNR Coverage Test_REF4 Mobile_5G Auto VoNR Coverage Test.dml,,NR SA,47.148832,-122.357213,,,,,,,,,,,2.400000,,,,,,,,,47.148894,-122.357208
222,1,,,-122.3572100,47.1489183,2025-09-29 21:02:21.000,_20250929_135852_CH08_TMO_5G Auto_VoNR Coverage Test_REF4 Mobile_5G Auto VoNR Coverage Test.dml,,NR SA,47.148918,-122.357210,,,,,,,,,,,2.400000,,,,,,,,,47.148977,-122.357208
223,1,,,-122.3572100,47.1490050,2025-09-29 21:02:22.000,_20250929_135852_CH08_TMO_5G Auto_VoNR Coverage Test_REF4 Mobile_5G Auto VoNR Coverage Test.dml,,NR SA,47.149005,-122.357210,,,,,,,,,,,2.400000,,,,,,,,,47.149063,-122.357206
224,1,,,-122.3572100,47.1490967,2025-09-29 21:02:23.000,_20250929_135852_CH08_TMO_5G Auto_VoNR Coverage Test_REF4 Mobile_5G Auto VoNR Coverage Test.dml,,NR SA,47.149097,-122.357210,,,,,,,,,,,2.400000,,,,,,,,,47.149154,-122.357206
225,1,,,-122.3572133,47.1491883,2025-09-29 21:02:24.000,_20250929_135852_CH08_TMO_5G Auto_VoNR Coverage Test_REF4 Mobile_5G Auto VoNR Coverage Test.dml,,NR SA,47.149188,-122.357213,,,,,,,,,,,2.400000,,,,,,,,,47.149237,-122.357207
226,1,,,-122.3572117,47.1492767,2025-09-29 21:02:25.000,_20250929_135852_CH08_TMO_5G Auto_VoNR Coverage Test_REF4 Mobile_5G Auto VoNR Coverage Test.dml,,NR SA,47.149277,-122.357212,,,,,,,,,,,2.400000,,,,,,,,,47.149322,-122.357200
227,1,,,-122.3572117,47.1493600,2025-09-29 21:02:26.000,_20250929_135852_CH08_TMO_5G Auto_VoNR Coverage Test_REF4 Mobile_5G Auto VoNR Coverage Test.dml,,NR SA,47.149360,-122.357212,,,,,,,,,,,2.400000,,,,,,,,,47.149398,-122.357202
228,1,,,-122.3572117,47.1494400,2025-09-29 21:02:27.000,_20250929_135852_CH08_TMO_5G Auto_VoNR Coverage Test_REF4 Mobile_5G Auto VoNR Coverage Test.dml,,NR SA,47.149440,-122.357212,,,,,,,,,,,2.400000,,,,,,,,,47.149477,-122.357196
229,1,,,-122.3572100,47.1495150,2025-09-29 21:02:28.000,_20250929_135852_CH08_TMO_5G Auto_VoNR Coverage Test_REF4 Mobile_5G Auto VoNR Coverage Test.dml,,NR SA,47.149515,-122.357210,,,,,,,,,,,2.400000,,,,,,,,,47.149553,-122.357189
230,1,,,-122.3572083,47.1495883,2025-09-29 21:02:29.000,_20250929_135852_CH08_TMO_5G Auto_VoNR Coverage Test_REF4 Mobile_5G Auto VoNR Coverage Test.dml,,NR SA,47.149588,-122.357208,,,,,,,,,,,2.400000,,,,,,,,,47.149622,-122.357182
231,1,,,-122.3572067,47.1496550,2025-09-29 21:02:29.835,_20250929_135852_CH08_TMO_5G Auto_VoNR Coverage Test_REF4 Mobile_5G Auto VoNR Coverage Test.dml,,,,,,,,,,,,,,,,,,,1.010000,,,,,,
232,1,,,-122.3572067,47.1496550,2025-09-29 21:02:30.000,_20250929_135852_CH08_TMO_5G Auto_VoNR Coverage Test_REF4 Mobile_5G Auto VoNR Coverage Test.dml,,NR SA,47.149655,-122.357207,,,,,,,,,,,2.500000,,,,,,,,,47.149691,-122.357177
233,1,,,-122.3572067,47.1497200,2025-09-29 21:02:31.000,_20250929_135852_CH08_TMO_5G Auto_VoNR Coverage Test_REF4 Mobile_5G Auto VoNR Coverage Test.dml,,NR SA,47.149720,-122.357207,,,,,,,,,,,2.500000,,,,,,,,,47.149753,-122.357179
234,1,,,-122.3572050,47.1497800,2025-09-29 21:02:32.000,_20250929_135852_CH08_TMO_5G Auto_VoNR Coverage Test_REF4 Mobile_5G Auto VoNR Coverage Test.dml,,NR SA,47.149780,-122.357205,,,,,,,,,,,2.500000,,,,,,,,,47.149811,-122.357178
235,1,,,-122.3572033,47.1498350,2025-09-29 21:02:33.000,_20250929_135852_CH08_TMO_5G Auto_VoNR Coverage Test_REF4 Mobile_5G Auto VoNR Coverage Test.dml,,NR SA,47.149835,-122.357203,,,,,,,,,,,2.500000,,,,,,,,,47.149856,-122.357177
236,1,,,-122.3572017,47.1498800,2025-09-29 21:02:34.000,_20250929_135852_CH08_TMO_5G Auto_VoNR Coverage Test_REF4 Mobile_5G Auto VoNR Coverage Test.dml,,NR SA,47.149880,-122.357202,,,,,,,,,,,2.500000,,,,,,,,,47.149894,-122.357177
237,1,,,-122.3572017,47.1499200,2025-09-29 21:02:35.000,_20250929_135852_CH08_TMO_5G Auto_VoNR Coverage Test_REF4 Mobile_5G Auto VoNR Coverage Test.dml,,NR SA,47.149920,-122.357202,,,,,,,,,,,2.500000,,,,,,,,,47.149922,-122.357177
238,1,,,-122.3572017,47.1499500,2025-09-29 21:02:36.000,_20250929_135852_CH08_TMO_5G Auto_VoNR Coverage Test_REF4 Mobile_5G Auto VoNR Coverage Test.dml,,NR SA,47.149950,-122.357202,,,,,,,,,,,2.500000,,,,,,,,,47.149942,-122.357178
239,1,,,-122.3572017,47.1499733,2025-09-29 21:02:37.000,_20250929_135852_CH08_TMO_5G Auto_VoNR Coverage Test_REF4 Mobile_5G Auto VoNR Coverage Test.dml,,NR SA,47.149973,-122.357202,,,,,,,,,,,2.500000,,,,,,,,,47.149954,-122.357178
240,1,,,-122.3572017,47.1499900,2025-09-29 21:02:38.000,_20250929_135852_CH08_TMO_5G Auto_VoNR Coverage Test_REF4 Mobile_5G Auto VoNR Coverage Test.dml,,NR SA,47.149990,-122.357202,,,,,,,,,,,2.500000,,,,,,,,,47.149965,-122.357180
241,1,,,-122.3572017,47.1500000,2025-09-29 21:02:39.000,_20250929_135852_CH08_TMO_5G Auto_VoNR Coverage Test_REF4 Mobile_5G Auto VoNR Coverage Test.dml,,NR SA,47.150000,-122.357202,,,,,,,,,,,2.500000,,,,,,,,,47.149971,-122.357180
242,1,,,-122.3572033,47.1500083,2025-09-29 21:02:40.000,_20250929_135852_CH08_TMO_5G Auto_VoNR Coverage Test_REF4 Mobile_5G Auto VoNR Coverage Test.dml,,NR SA,47.150008,-122.357203,,,,,,,,,,,2.500000,,,,,,,,,47.149974,-122.357182
243,1,,,-122.3572033,47.1500100,2025-09-29 21:02:41.000,_20250929_135852_CH08_TMO_5G Auto_VoNR Coverage Test_REF4 Mobile_5G Auto VoNR Coverage Test.dml,,NR SA,47.150010,-122.357203,,,,,,,,,,,2.500000,,,,,,,,,47.149973,-122.357183
244,1,,,-122.3572033,47.1500100,2025-09-29 21:02:41.897,_20250929_135852_CH08_TMO_5G Auto_VoNR Coverage Test_REF4 Mobile_5G Auto VoNR Coverage Test.dml,,,,,,,,,,,,,,,,,,,,,,,[UE]   Voice - Release Call Success,,
245,1,,,-122.3572033,47.1500100,2025-09-29 21:02:41.897,_20250929_135852_CH08_TMO_5G Auto_VoNR Coverage Test_REF4 Mobile_5G Auto VoNR Coverage Test.dml,,,,,,,,,,,,,,,,,,,,,,,[Tool] Voice - Call Result : Drop,,
246,1,,,-122.3572033,47.1500100,2025-09-29 21:02:42.000,_20250929_135852_CH08_TMO_5G Auto_VoNR Coverage Test_REF4 Mobile_5G Auto VoNR Coverage Test.dml,,NR SA,47.150010,-122.357203,,,,,,,,,,,2.500000,,,,,,,,,47.149973,-122.357183
247,1,,,-122.3572000,47.1500100,2025-09-29 21:02:43.000,_20250929_135852_CH08_TMO_5G Auto_VoNR Coverage Test_REF4 Mobile_5G Auto VoNR Coverage Test.dml,,NR SA,47.150010,-122.357200,,,,,,,,,,,2.500000,,,,,,,,,47.149973,-122.357183
248,1,,,-122.3572000,47.1500100,2025-09-29 21:02:44.000,_20250929_135852_CH08_TMO_5G Auto_VoNR Coverage Test_REF4 Mobile_5G Auto VoNR Coverage Test.dml,,NR SA,47.150010,-122.357200,,,,,,,,,,,2.500000,,,,,,,,,47.149973,-122.357183
249,1,,,-122.3572000,47.1500100,2025-09-29 21:02:45.000,_20250929_135852_CH08_TMO_5G Auto_VoNR Coverage Test_REF4 Mobile_5G Auto VoNR Coverage Test.dml,,NR SA,47.150010,-122.357200,,,,,,,,,,,2.500000,,,,,,,,,47.149973,-122.357183
250,1,,,-122.3572000,47.1500100,2025-09-29 21:02:46.000,_20250929_135852_CH08_TMO_5G Auto_VoNR Coverage Test_REF4 Mobile_5G Auto VoNR Coverage Test.dml,,NR SA,47.150010,-122.357200,,,,,,,,,,,2.500000,,,,,,,,,47.149973,-122.357183
251,1,,,-122.3572000,47.1500100,2025-09-29 21:02:47.000,_20250929_135852_CH08_TMO_5G Auto_VoNR Coverage Test_REF4 Mobile_5G Auto VoNR Coverage Test.dml,,NR SA,47.150010,-122.357200,,,,,,,,,,,2.500000,,,,,,,,,47.149975,-122.357184
252,1,,,-122.3572000,47.1500250,2025-09-29 21:02:48.000,_20250929_135852_CH08_TMO_5G Auto_VoNR Coverage Test_REF4 Mobile_5G Auto VoNR Coverage Test.dml,,NR SA,47.150025,-122.357200,,,,,,,,,,,2.500000,,,,,,,,,47.149977,-122.357184
253,1,,,-122.3572000,47.1500250,2025-09-29 21:02:49.000,_20250929_135852_CH08_TMO_5G Auto_VoNR Coverage Test_REF4 Mobile_5G Auto VoNR Coverage Test.dml,,NR SA,47.150025,-122.357200,,,,,,,,,,,2.500000,,,,,,,,,47.149982,-122.357184
254,1,,,-122.3571967,47.1500267,2025-09-29 21:02:50.000,_20250929_135852_CH08_TMO_5G Auto_VoNR Coverage Test_REF4 Mobile_5G Auto VoNR Coverage Test.dml,,NR SA,47.150027,-122.357197,,,,,,,,,,,2.500000,,,,,,,,,47.149982,-122.357184
255,1,,,-122.3571967,47.1500250,2025-09-29 21:02:51.000,_20250929_135852_CH08_TMO_5G Auto_VoNR Coverage Test_REF4 Mobile_5G Auto VoNR Coverage Test.dml,,NR SA,47.150025,-122.357197,,,,,,,,,,,2.500000,,,,,,,,,47.149982,-122.357184
256,1,,,-122.3571933,47.1500250,2025-09-29 21:02:52.000,_20250929_135852_CH08_TMO_5G Auto_VoNR Coverage Test_REF4 Mobile_5G Auto VoNR Coverage Test.dml,,NR SA,47.150025,-122.357193,,,,,,,,,,,2.500000,,,,,,,,,47.149982,-122.357184
257,1,,,-122.3571933,47.1500250,2025-09-29 21:02:53.000,_20250929_135852_CH08_TMO_5G Auto_VoNR Coverage Test_REF4 Mobile_5G Auto VoNR Coverage Test.dml,,NR SA,47.150025,-122.357193,,,,,,,,,,,2.500000,,,,,,,,,47.149982,-122.357184
258,1,,,-122.3571933,47.1500250,2025-09-29 21:02:54.000,_20250929_135852_CH08_TMO_5G Auto_VoNR Coverage Test_REF4 Mobile_5G Auto VoNR Coverage Test.dml,,NR SA,47.150025,-122.357193,,,,,,,,,,,2.500000,,,,,,,,,47.149982,-122.357184
259,1,,,-122.3571933,47.1500250,2025-09-29 21:02:55.000,_20250929_135852_CH08_TMO_5G Auto_VoNR Coverage Test_REF4 Mobile_5G Auto VoNR Coverage Test.dml,,NR SA,47.150025,-122.357193,,,,,,,,,,,2.500000,,,,,,,,,47.149982,-122.357184
260,1,,,-122.3571933,47.1500250,2025-09-29 21:02:56.000,_20250929_135852_CH08_TMO_5G Auto_VoNR Coverage Test_REF4 Mobile_5G Auto VoNR Coverage Test.dml,,NR SA,47.150025,-122.357193,,,,,,,,,,,2.500000,,,,,,,,,47.149982,-122.357184
261,1,,,-122.3571933,47.1500250,2025-09-29 21:02:57.000,_20250929_135852_CH08_TMO_5G Auto_VoNR Coverage Test_REF4 Mobile_5G Auto VoNR Coverage Test.dml,,NR SA,47.150025,-122.357193,,,,,,,,,,,2.500000,,,,,,,,,47.149982,-122.357184
262,1,,,-122.3571933,47.1500250,2025-09-29 21:02:58.000,_20250929_135852_CH08_TMO_5G Auto_VoNR Coverage Test_REF4 Mobile_5G Auto VoNR Coverage Test.dml,,NR SA,47.150025,-122.357193,,,,,,,,,,,2.500000,,,,,,,,,47.149982,-122.357184
263,1,,,-122.3571933,47.1500250,2025-09-29 21:02:59.000,_20250929_135852_CH08_TMO_5G Auto_VoNR Coverage Test_REF4 Mobile_5G Auto VoNR Coverage Test.dml,,NR SA,47.150025,-122.357193,,,,,,,,,,,2.500000,,,,,,,,,47.149982,-122.357184
264,1,,,-122.3571933,47.1500250,2025-09-29 21:03:00.000,_20250929_135852_CH08_TMO_5G Auto_VoNR Coverage Test_REF4 Mobile_5G Auto VoNR Coverage Test.dml,,NR SA,47.150025,-122.357193,,,,,,,,,,,2.500000,,,,,,,,,47.149982,-122.357184
265,1,,,-122.3571933,47.1500250,2025-09-29 21:03:01.000,_20250929_135852_CH08_TMO_5G Auto_VoNR Coverage Test_REF4 Mobile_5G Auto VoNR Coverage Test.dml,,NR SA,47.150025,-122.357193,,,,,,,,,,,2.500000,,,,,,,,,47.149982,-122.357184
266,1,,,-122.3571933,47.1500250,2025-09-29 21:03:02.000,_20250929_135852_CH08_TMO_5G Auto_VoNR Coverage Test_REF4 Mobile_5G Auto VoNR Coverage Test.dml,,NR SA,47.150025,-122.357193,,,,,,,,,,,2.500000,,,,,,,,,47.149982,-122.357184
267,1,,,-122.3571933,47.1500250,2025-09-29 21:03:03.000,_20250929_135852_CH08_TMO_5G Auto_VoNR Coverage Test_REF4 Mobile_5G Auto VoNR Coverage Test.dml,,NR SA,47.150025,-122.357193,,,,,,,,,,,2.500000,,,,,,,,,47.149982,-122.357184
268,1,,,-122.3571933,47.1500250,2025-09-29 21:03:04.000,_20250929_135852_CH08_TMO_5G Auto_VoNR Coverage Test_REF4 Mobile_5G Auto VoNR Coverage Test.dml,,NR SA,47.150025,-122.357193,,,,,,,,,,,2.500000,,,,,,,,,47.149982,-122.357184
269,1,,,-122.3571933,47.1500250,2025-09-29 21:03:05.000,_20250929_135852_CH08_TMO_5G Auto_VoNR Coverage Test_REF4 Mobile_5G Auto VoNR Coverage Test.dml,,NR SA,47.150025,-122.357193,,,,,,,,,,,2.500000,,,,,,,,,47.149982,-122.357184
270,1,,,-122.3571933,47.1500250,2025-09-29 21:03:06.000,_20250929_135852_CH08_TMO_5G Auto_VoNR Coverage Test_REF4 Mobile_5G Auto VoNR Coverage Test.dml,,NR SA,47.150025,-122.357193,,,,,,,,,,,2.500000,,,,,,,,,47.149982,-122.357184
271,1,,,-122.3571933,47.1500250,2025-09-29 21:03:07.000,_20250929_135852_CH08_TMO_5G Auto_VoNR Coverage Test_REF4 Mobile_5G Auto VoNR Coverage Test.dml,,NR SA,47.150025,-122.357193,,,,,,,,,,,2.500000,,,,,,,,,47.149982,-122.357184
272,1,,,-122.3571933,47.1500250,2025-09-29 21:03:08.000,_20250929_135852_CH08_TMO_5G Auto_VoNR Coverage Test_REF4 Mobile_5G Auto VoNR Coverage Test.dml,,NR SA,47.150025,-122.357193,,,,,,,,,,,2.500000,,,,,,,,,47.149982,-122.357184
273,1,,,-122.3571933,47.1500250,2025-09-29 21:03:09.000,_20250929_135852_CH08_TMO_5G Auto_VoNR Coverage Test_REF4 Mobile_5G Auto VoNR Coverage Test.dml,,NR SA,47.150025,-122.357193,,,,,,,,,,,2.500000,,,,,,,,,47.149982,-122.357184
274,1,,,-122.3571933,47.1500250,2025-09-29 21:03:10.000,_20250929_135852_CH08_TMO_5G Auto_VoNR Coverage Test_REF4 Mobile_5G Auto VoNR Coverage Test.dml,,NR SA,47.150025,-122.357193,,,,,,,,,,,2.500000,,,,,,,,,47.149982,-122.357184
275,1,,,-122.3571933,47.1500250,2025-09-29 21:03:11.000,_20250929_135852_CH08_TMO_5G Auto_VoNR Coverage Test_REF4 Mobile_5G Auto VoNR Coverage Test.dml,,NR SA,47.150025,-122.357193,,,,,,,,,,,2.500000,,,,,,,,,47.149982,-122.357184
276,1,,,-122.3571933,47.1500250,2025-09-29 21:03:12.000,_20250929_135852_CH08_TMO_5G Auto_VoNR Coverage Test_REF4 Mobile_5G Auto VoNR Coverage Test.dml,,NR SA,47.150025,-122.357193,,,,,,,,,,,2.500000,,,,,,,,,47.149982,-122.357184
277,1,,,-122.3571933,47.1500250,2025-09-29 21:03:13.000,_20250929_135852_CH08_TMO_5G Auto_VoNR Coverage Test_REF4 Mobile_5G Auto VoNR Coverage Test.dml,,NR SA,47.150025,-122.357193,,,,,,,,,,,2.500000,,,,,,,,,47.149982,-122.357184
278,1,,,-122.3571933,47.1500250,2025-09-29 21:03:14.000,_20250929_135852_CH08_TMO_5G Auto_VoNR Coverage Test_REF4 Mobile_5G Auto VoNR Coverage Test.dml,,NR SA,47.150025,-122.357193,,,,,,,,,,,2.500000,,,,,,,,,47.149983,-122.357184
279,1,,,-122.3571933,47.1500250,2025-09-29 21:03:15.000,_20250929_135852_CH08_TMO_5G Auto_VoNR Coverage Test_REF4 Mobile_5G Auto VoNR Coverage Test.dml,,NR SA,47.150025,-122.357193,,,,,,,,,,,2.500000,,,,,,,,,47.149983,-122.357184
280,1,,,-122.3571933,47.1500250,2025-09-29 21:03:16.000,_20250929_135852_CH08_TMO_5G Auto_VoNR Coverage Test_REF4 Mobile_5G Auto VoNR Coverage Test.dml,,NR SA,47.150025,-122.357193,,,,,,,,,,,2.500000,,,,,,,,,47.149983,-122.357184
281,1,,,-122.3571933,47.1500250,2025-09-29 21:03:17.000,_20250929_135852_CH08_TMO_5G Auto_VoNR Coverage Test_REF4 Mobile_5G Auto VoNR Coverage Test.dml,,NR SA,47.150025,-122.357193,,,,,,,,,,,2.500000,,,,,,,,,47.149983,-122.357184
282,1,,,-122.3571933,47.1500250,2025-09-29 21:03:18.000,_20250929_135852_CH08_TMO_5G Auto_VoNR Coverage Test_REF4 Mobile_5G Auto VoNR Coverage Test.dml,,NR SA,47.150025,-122.357193,,,,,,,,,,,2.500000,,,,,,,,,47.149983,-122.357184
283,1,,,-122.3571933,47.1500250,2025-09-29 21:03:19.000,_20250929_135852_CH08_TMO_5G Auto_VoNR Coverage Test_REF4 Mobile_5G Auto VoNR Coverage Test.dml,,NR SA,47.150025,-122.357193,,,,,,,,,,,2.500000,,,,,,,,,47.149983,-122.357184
284,1,,,-122.3571933,47.1500250,2025-09-29 21:03:20.000,_20250929_135852_CH08_TMO_5G Auto_VoNR Coverage Test_REF4 Mobile_5G Auto VoNR Coverage Test.dml,,NR SA,47.150025,-122.357193,,,,,,,,,,,2.500000,,,,,,,,,47.149983,-122.357184
285,1,,,-122.3571933,47.1500250,2025-09-29 21:03:21.000,_20250929_135852_CH08_TMO_5G Auto_VoNR Coverage Test_REF4 Mobile_5G Auto VoNR Coverage Test.dml,,NR SA,47.150025,-122.357193,,,,,,,,,,,2.500000,,,,,,,,,47.149983,-122.357184
286,1,,,-122.3571933,47.1500250,2025-09-29 21:03:22.000,_20250929_135852_CH08_TMO_5G Auto_VoNR Coverage Test_REF4 Mobile_5G Auto VoNR Coverage Test.dml,,NR SA,47.150025,-122.357193,,,,,,,,,,,2.500000,,,,,,,,,47.149983,-122.357184
287,1,,,-122.3571933,47.1500250,2025-09-29 21:03:23.000,_20250929_135852_CH08_TMO_5G Auto_VoNR Coverage Test_REF4 Mobile_5G Auto VoNR Coverage Test.dml,,NR SA,47.150025,-122.357193,,,,,,,,,,,2.500000,,,,,,,,,47.149983,-122.357184
288,1,,,-122.3571933,47.1500250,2025-09-29 21:03:24.000,_20250929_135852_CH08_TMO_5G Auto_VoNR Coverage Test_REF4 Mobile_5G Auto VoNR Coverage Test.dml,,NR SA,47.150025,-122.357193,,,,,,,,,,,2.500000,,,,,,,,,47.149983,-122.357184
289,1,,,-122.3571933,47.1500250,2025-09-29 21:03:25.000,_20250929_135852_CH08_TMO_5G Auto_VoNR Coverage Test_REF4 Mobile_5G Auto VoNR Coverage Test.dml,,NR SA,47.150025,-122.357193,,,,,,,,,,,2.500000,,,,,,,,,47.149983,-122.357184
290,1,,,-122.3571933,47.1500250,2025-09-29 21:03:26.000,_20250929_135852_CH08_TMO_5G Auto_VoNR Coverage Test_REF4 Mobile_5G Auto VoNR Coverage Test.dml,,NR SA,47.150025,-122.357193,,,,,,,,,,,2.500000,,,,,,,,,47.149983,-122.357184
291,1,,,-122.3571933,47.1500250,2025-09-29 21:03:27.000,_20250929_135852_CH08_TMO_5G Auto_VoNR Coverage Test_REF4 Mobile_5G Auto VoNR Coverage Test.dml,,NR SA,47.150025,-122.357193,,,,,,,,,,,2.500000,,,,,,,,,47.149983,-122.357184
292,1,,,-122.3571933,47.1500250,2025-09-29 21:03:28.000,_20250929_135852_CH08_TMO_5G Auto_VoNR Coverage Test_REF4 Mobile_5G Auto VoNR Coverage Test.dml,,NR SA,47.150025,-122.357193,,,,,,,,,,,2.500000,,,,,,,,,47.149983,-122.357184
293,1,,,-122.3571933,47.1500250,2025-09-29 21:03:29.000,_20250929_135852_CH08_TMO_5G Auto_VoNR Coverage Test_REF4 Mobile_5G Auto VoNR Coverage Test.dml,,NR SA,47.150025,-122.357193,,,,,,,,,,,2.500000,,,,,,,,,47.149983,-122.357184
294,1,,,-122.3571933,47.1500250,2025-09-29 21:03:30.000,_20250929_135852_CH08_TMO_5G Auto_VoNR Coverage Test_REF4 Mobile_5G Auto VoNR Coverage Test.dml,,NR SA,47.150025,-122.357193,,,,,,,,,,,2.500000,,,,,,,,,47.149983,-122.357184
295,1,,,-122.3571933,47.1500250,2025-09-29 21:03:31.000,_20250929_135852_CH08_TMO_5G Auto_VoNR Coverage Test_REF4 Mobile_5G Auto VoNR Coverage Test.dml,,NR SA,47.150025,-122.357193,,,,,,,,,,,2.500000,,,,,,,,,47.149983,-122.357184
296,1,,,-122.3571933,47.1500250,2025-09-29 21:03:32.000,_20250929_135852_CH08_TMO_5G Auto_VoNR Coverage Test_REF4 Mobile_5G Auto VoNR Coverage Test.dml,,NR SA,47.150025,-122.357193,,,,,,,,,,,2.500000,,,,,,,,,47.149983,-122.357184
297,1,,,-122.3571933,47.1500250,2025-09-29 21:03:33.000,_20250929_135852_CH08_TMO_5G Auto_VoNR Coverage Test_REF4 Mobile_5G Auto VoNR Coverage Test.dml,,NR SA,47.150025,-122.357193,,,,,,,,,,,2.500000,,,,,,,,,47.149983,-122.357184
298,1,,,-122.3571933,47.1500250,2025-09-29 21:03:34.000,_20250929_135852_CH08_TMO_5G Auto_VoNR Coverage Test_REF4 Mobile_5G Auto VoNR Coverage Test.dml,,NR SA,47.150025,-122.357193,,,,,,,,,,,2.500000,,,,,,,,,47.149983,-122.357184
299,1,,,-122.3571933,47.1500250,2025-09-29 21:03:35.000,_20250929_135852_CH08_TMO_5G Auto_VoNR Coverage Test_REF4 Mobile_5G Auto VoNR Coverage Test.dml,,NR SA,47.150025,-122.357193,,,,,,,,,,,2.500000,,,,,,,,,47.149983,-122.357184
300,1,,,-122.3571933,47.1500250,2025-09-29 21:03:36.000,_20250929_135852_CH08_TMO_5G Auto_VoNR Coverage Test_REF4 Mobile_5G Auto VoNR Coverage Test.dml,,NR SA,47.150025,-122.357193,,,,,,,,,,,2.500000,,,,,,,,,47.149983,-122.357184
301,1,,,-122.3571933,47.1500250,2025-09-29 21:03:37.000,_20250929_135852_CH08_TMO_5G Auto_VoNR Coverage Test_REF4 Mobile_5G Auto VoNR Coverage Test.dml,,NR SA,47.150025,-122.357193,,,,,,,,,,,2.500000,,,,,,,,,47.149987,-122.357184
302,1,,,-122.3571933,47.1500250,2025-09-29 21:03:38.000,_20250929_135852_CH08_TMO_5G Auto_VoNR Coverage Test_REF4 Mobile_5G Auto VoNR Coverage Test.dml,,NR SA,47.150025,-122.357193,,,,,,,,,,,2.500000,,,,,,,,,47.149999,-122.357186
303,1,,,-122.3571933,47.1500250,2025-09-29 21:03:39.000,_20250929_135852_CH08_TMO_5G Auto_VoNR Coverage Test_REF4 Mobile_5G Auto VoNR Coverage Test.dml,,NR SA,47.150025,-122.357193,,,,,,,,,,,2.500000,,,,,,,,,47.150024,-122.357186
304,1,,,-122.3571933,47.1500250,2025-09-29 21:03:40.000,_20250929_135852_CH08_TMO_5G Auto_VoNR Coverage Test_REF4 Mobile_5G Auto VoNR Coverage Test.dml,,NR SA,47.150025,-122.357193,,,,,,,,,,,2.500000,,,,,,,,,47.150068,-122.357190
305,1,,,-122.3572033,47.1500300,2025-09-29 21:03:41.000,_20250929_135852_CH08_TMO_5G Auto_VoNR Coverage Test_REF4 Mobile_5G Auto VoNR Coverage Test.dml,,NR SA,47.150030,-122.357203,,,,,,,,,,,2.500000,,,,,,,,,47.150119,-122.357194
306,1,,,-122.3572033,47.1500300,2025-09-29 21:03:42.000,_20250929_135852_CH08_TMO_5G Auto_VoNR Coverage Test_REF4 Mobile_5G Auto VoNR Coverage Test.dml,,NR SA,47.150030,-122.357203,,,,,,,,,,,2.500000,,,,,,,,,47.150119,-122.357194
307,1,,,-122.3572133,47.1500917,2025-09-29 21:03:43.000,_20250929_135852_CH08_TMO_5G Auto_VoNR Coverage Test_REF4 Mobile_5G Auto VoNR Coverage Test.dml,,NR SA,47.150092,-122.357213,,,,,,,,,,,2.500000,,,,,,,,,47.150245,-122.357200
308,1,,,-122.3572100,47.1501600,2025-09-29 21:03:44.000,_20250929_135852_CH08_TMO_5G Auto_VoNR Coverage Test_REF4 Mobile_5G Auto VoNR Coverage Test.dml,,NR SA,47.150160,-122.357210,,,,,,,,,,,2.500000,,,,,,,,,47.150303,-122.357204
309,1,,,-122.3572100,47.1502250,2025-09-29 21:03:45.000,_20250929_135852_CH08_TMO_5G Auto_VoNR Coverage Test_REF4 Mobile_5G Auto VoNR Coverage Test.dml,,NR SA,47.150225,-122.357210,,,,,,,,,,,2.500000,,,,,,,,,47.150367,-122.357213
310,1,,,-122.3572133,47.1502900,2025-09-29 21:03:46.000,_20250929_135852_CH08_TMO_5G Auto_VoNR Coverage Test_REF4 Mobile_5G Auto VoNR Coverage Test.dml,,NR SA,47.150290,-122.357213,,,,,,,,,,,2.500000,,,,,,,,,47.150434,-122.357229
311,1,,,-122.3572217,47.1503567,2025-09-29 21:03:47.000,_20250929_135852_CH08_TMO_5G Auto_VoNR Coverage Test_REF4 Mobile_5G Auto VoNR Coverage Test.dml,,NR SA,47.150357,-122.357222,,,,,,,,,,,2.500000,,,,,,,,,47.150495,-122.357236
312,1,,,-122.3572317,47.1504150,2025-09-29 21:03:48.000,_20250929_135852_CH08_TMO_5G Auto_VoNR Coverage Test_REF4 Mobile_5G Auto VoNR Coverage Test.dml,,NR SA,47.150415,-122.357232,,,,,,,,,,,2.500000,,,,,,,,,47.150535,-122.357239
313,1,,,-122.3572350,47.1504617,2025-09-29 21:03:49.000,_20250929_135852_CH08_TMO_5G Auto_VoNR Coverage Test_REF4 Mobile_5G Auto VoNR Coverage Test.dml,,NR SA,47.150462,-122.357235,,,,,,,,,,,2.500000,,,,,,,,,47.150557,-122.357236
314,1,,,-122.3572367,47.1504933,2025-09-29 21:03:50.000,_20250929_135852_CH08_TMO_5G Auto_VoNR Coverage Test_REF4 Mobile_5G Auto VoNR Coverage Test.dml,,NR SA,47.150493,-122.357237,,,,,,,,,,,2.500000,,,,,,,,,47.150569,-122.357237
315,1,,,-122.3572400,47.1505117,2025-09-29 21:03:51.000,_20250929_135852_CH08_TMO_5G Auto_VoNR Coverage Test_REF4 Mobile_5G Auto VoNR Coverage Test.dml,,NR SA,47.150512,-122.357240,,,,,,,,,,,2.500000,,,,,,,,,47.150573,-122.357237
316,1,,,-122.3572467,47.1505183,2025-09-29 21:03:52.000,_20250929_135852_CH08_TMO_5G Auto_VoNR Coverage Test_REF4 Mobile_5G Auto VoNR Coverage Test.dml,,NR SA,47.150518,-122.357247,,,,,,,,,,,2.500000,,,,,,,,,47.150573,-122.357237
317,1,,,-122.3572467,47.1505183,2025-09-29 21:03:53.000,_20250929_135852_CH08_TMO_5G Auto_VoNR Coverage Test_REF4 Mobile_5G Auto VoNR Coverage Test.dml,,NR SA,47.150518,-122.357247,,,,,,,,,,,2.500000,,,,,,,,,47.150573,-122.357237
318,1,,,-122.3572483,47.1505100,2025-09-29 21:03:54.000,_20250929_135852_CH08_TMO_5G Auto_VoNR Coverage Test_REF4 Mobile_5G Auto VoNR Coverage Test.dml,,NR SA,47.150510,-122.357248,,,,,,,,,,,2.500000,,,,,,,,,47.150573,-122.357237
319,1,,,-122.3572483,47.1505100,2025-09-29 21:03:55.000,_20250929_135852_CH08_TMO_5G Auto_VoNR Coverage Test_REF4 Mobile_5G Auto VoNR Coverage Test.dml,,NR SA,47.150510,-122.357248,,,,,,,,,,,2.500000,,,,,,,,,47.150573,-122.357237
320,1,,,-122.3572483,47.1505100,2025-09-29 21:03:56.000,_20250929_135852_CH08_TMO_5G Auto_VoNR Coverage Test_REF4 Mobile_5G Auto VoNR Coverage Test.dml,,NR SA,47.150510,-122.357248,,,,,,,,,,,2.500000,,,,,,,,,47.150573,-122.357237
321,1,,,-122.3572500,47.1505083,2025-09-29 21:03:57.000,_20250929_135852_CH08_TMO_5G Auto_VoNR Coverage Test_REF4 Mobile_5G Auto VoNR Coverage Test.dml,,NR SA,47.150508,-122.357250,,,,,,,,,,,2.500000,,,,,,,,,47.150573,-122.357237
322,1,,,-122.3572500,47.1505083,2025-09-29 21:03:58.000,_20250929_135852_CH08_TMO_5G Auto_VoNR Coverage Test_REF4 Mobile_5G Auto VoNR Coverage Test.dml,,NR SA,47.150508,-122.357250,,,,,,,,,,,2.500000,,,,,,,,,47.150573,-122.357237
323,1,,,-122.3572500,47.1505083,2025-09-29 21:03:59.000,_20250929_135852_CH08_TMO_5G Auto_VoNR Coverage Test_REF4 Mobile_5G Auto VoNR Coverage Test.dml,,NR SA,47.150508,-122.357250,,,,,,,,,,,2.500000,,,,,,,,,47.150573,-122.357237
324,1,,,-122.3572500,47.1505083,2025-09-29 21:04:00.000,_20250929_135852_CH08_TMO_5G Auto_VoNR Coverage Test_REF4 Mobile_5G Auto VoNR Coverage Test.dml,,NR SA,47.150508,-122.357250,,,,,,,,,,,2.500000,,,,,,,,,47.150573,-122.357237
325,1,,,-122.3572500,47.1505083,2025-09-29 21:04:01.000,_20250929_135852_CH08_TMO_5G Auto_VoNR Coverage Test_REF4 Mobile_5G Auto VoNR Coverage Test.dml,,NR SA,47.150508,-122.357250,,,,,,,,,,,2.500000,,,,,,,,,47.150575,-122.357236
326,1,,,-122.3572500,47.1505083,2025-09-29 21:04:03.000,_20250929_135852_CH08_TMO_5G Auto_VoNR Coverage Test_REF4 Mobile_5G Auto VoNR Coverage Test.dml,,NR SA,47.150508,-122.357250,,,,,,,,,,,2.500000,,,,,,,,,47.150575,-122.357236
327,1,,,-122.3572500,47.1505083,2025-09-29 21:04:04.000,_20250929_135852_CH08_TMO_5G Auto_VoNR Coverage Test_REF4 Mobile_5G Auto VoNR Coverage Test.dml,,NR SA,47.150508,-122.357250,,,,,,,,,,,2.500000,,,,,,,,,47.150575,-122.357236
328,1,,,-122.3572500,47.1505083,2025-09-29 21:04:05.000,_20250929_135852_CH08_TMO_5G Auto_VoNR Coverage Test_REF4 Mobile_5G Auto VoNR Coverage Test.dml,,NR SA,47.150508,-122.357250,,,,,,,,,,,2.500000,,,,,,,,,47.150575,-122.357236
329,1,,,-122.3572500,47.1505083,2025-09-29 21:04:06.000,_20250929_135852_CH08_TMO_5G Auto_VoNR Coverage Test_REF4 Mobile_5G Auto VoNR Coverage Test.dml,,NR SA,47.150508,-122.357250,,,,,,,,,,,2.500000,,,,,,,,,47.150575,-122.357236
330,1,,,-122.3572500,47.1505083,2025-09-29 21:04:07.000,_20250929_135852_CH08_TMO_5G Auto_VoNR Coverage Test_REF4 Mobile_5G Auto VoNR Coverage Test.dml,,NR SA,47.150508,-122.357250,,,,,,,,,,,2.500000,,,,,,,,,47.150575,-122.357236
331,1,,,-122.3572500,47.1505083,2025-09-29 21:04:08.000,_20250929_135852_CH08_TMO_5G Auto_VoNR Coverage Test_REF4 Mobile_5G Auto VoNR Coverage Test.dml,,NR SA,47.150508,-122.357250,,,,,,,,,,,2.500000,,,,,,,,,47.150575,-122.357236
332,1,,,-122.3572500,47.1505083,2025-09-29 21:04:09.000,_20250929_135852_CH08_TMO_5G Auto_VoNR Coverage Test_REF4 Mobile_5G Auto VoNR Coverage Test.dml,,NR SA,47.150508,-122.357250,,,,,,,,,,,2.500000,,,,,,,,,47.150575,-122.357236
333,1,,,-122.3572500,47.1505083,2025-09-29 21:04:10.000,_20250929_135852_CH08_TMO_5G Auto_VoNR Coverage Test_REF4 Mobile_5G Auto VoNR Coverage Test.dml,,NR SA,47.150508,-122.357250,,,,,,,,,,,2.500000,,,,,,,,,47.150576,-122.357236
334,1,,,-122.3572500,47.1505083,2025-09-29 21:04:11.000,_20250929_135852_CH08_TMO_5G Auto_VoNR Coverage Test_REF4 Mobile_5G Auto VoNR Coverage Test.dml,,NR SA,47.150508,-122.357250,,,,,,,,,,,2.500000,,,,,,,,,47.150577,-122.357235
335,1,,,-122.3572500,47.1505083,2025-09-29 21:04:12.000,_20250929_135852_CH08_TMO_5G Auto_VoNR Coverage Test_REF4 Mobile_5G Auto VoNR Coverage Test.dml,,NR SA,47.150508,-122.357250,,,,,,,,,,,2.500000,,,,,,,,,47.150577,-122.357235
336,1,,,-122.3572500,47.1505083,2025-09-29 21:04:13.000,_20250929_135852_CH08_TMO_5G Auto_VoNR Coverage Test_REF4 Mobile_5G Auto VoNR Coverage Test.dml,,NR SA,47.150508,-122.357250,,,,,,,,,,,2.500000,,,,,,,,,47.150577,-122.357235
337,1,,,-122.3572500,47.1505083,2025-09-29 21:04:14.000,_20250929_135852_CH08_TMO_5G Auto_VoNR Coverage Test_REF4 Mobile_5G Auto VoNR Coverage Test.dml,,NR SA,47.150508,-122.357250,,,,,,,,,,,2.500000,,,,,,,,,47.150577,-122.357235
338,1,,,-122.3572500,47.1505083,2025-09-29 21:04:15.000,_20250929_135852_CH08_TMO_5G Auto_VoNR Coverage Test_REF4 Mobile_5G Auto VoNR Coverage Test.dml,,NR SA,47.150508,-122.357250,,,,,,,,,,,2.500000,,,,,,,,,47.150577,-122.357235
339,1,,,-122.3572500,47.1505083,2025-09-29 21:04:16.000,_20250929_135852_CH08_TMO_5G Auto_VoNR Coverage Test_REF4 Mobile_5G Auto VoNR Coverage Test.dml,,NR SA,47.150508,-122.357250,,,,,,,,,,,2.500000,,,,,,,,,47.150577,-122.357235
340,1,,,-122.3572500,47.1505083,2025-09-29 21:04:17.000,_20250929_135852_CH08_TMO_5G Auto_VoNR Coverage Test_REF4 Mobile_5G Auto VoNR Coverage Test.dml,,NR SA,47.150508,-122.357250,,,,,,,,,,,2.500000,,,,,,,,,47.150577,-122.357235
341,1,,,-122.3572500,47.1505083,2025-09-29 21:04:18.000,_20250929_135852_CH08_TMO_5G Auto_VoNR Coverage Test_REF4 Mobile_5G Auto VoNR Coverage Test.dml,,NR SA,47.150508,-122.357250,,,,,,,,,,,2.500000,,,,,,,,,47.150577,-122.357235
342,1,,,-122.3572500,47.1505083,2025-09-29 21:04:19.000,_20250929_135852_CH08_TMO_5G Auto_VoNR Coverage Test_REF4 Mobile_5G Auto VoNR Coverage Test.dml,,NR SA,47.150508,-122.357250,,,,,,,,,,,2.500000,,,,,,,,,47.150577,-122.357235
343,1,,,-122.3572500,47.1505083,2025-09-29 21:04:20.000,_20250929_135852_CH08_TMO_5G Auto_VoNR Coverage Test_REF4 Mobile_5G Auto VoNR Coverage Test.dml,,NR SA,47.150508,-122.357250,,,,,,,,,,,2.500000,,,,,,,,,47.150577,-122.357235
344,1,,,-122.3572500,47.1505083,2025-09-29 21:04:21.000,_20250929_135852_CH08_TMO_5G Auto_VoNR Coverage Test_REF4 Mobile_5G Auto VoNR Coverage Test.dml,,NR SA,47.150508,-122.357250,,,,,,,,,,,2.500000,,,,,,,,,47.150577,-122.357235
345,1,,,-122.3572500,47.1505083,2025-09-29 21:04:22.000,_20250929_135852_CH08_TMO_5G Auto_VoNR Coverage Test_REF4 Mobile_5G Auto VoNR Coverage Test.dml,,NR SA,47.150508,-122.357250,,,,,,,,,,,2.500000,,,,,,,,,47.150577,-122.357235
346,1,,,-122.3572500,47.1505083,2025-09-29 21:04:23.000,_20250929_135852_CH08_TMO_5G Auto_VoNR Coverage Test_REF4 Mobile_5G Auto VoNR Coverage Test.dml,,NR SA,47.150508,-122.357250,,,,,,,,,,,2.500000,,,,,,,,,47.150577,-122.357235
347,1,,,-122.3572500,47.1505083,2025-09-29 21:04:24.000,_20250929_135852_CH08_TMO_5G Auto_VoNR Coverage Test_REF4 Mobile_5G Auto VoNR Coverage Test.dml,,NR SA,47.150508,-122.357250,,,,,,,,,,,2.500000,,,,,,,,,47.150577,-122.357235
348,1,,,-122.3572500,47.1505083,2025-09-29 21:04:25.000,_20250929_135852_CH08_TMO_5G Auto_VoNR Coverage Test_REF4 Mobile_5G Auto VoNR Coverage Test.dml,,NR SA,47.150508,-122.357250,,,,,,,,,,,2.500000,,,,,,,,,47.150577,-122.357235
349,1,,,-122.3572500,47.1505083,2025-09-29 21:04:26.000,_20250929_135852_CH08_TMO_5G Auto_VoNR Coverage Test_REF4 Mobile_5G Auto VoNR Coverage Test.dml,,NR SA,47.150508,-122.357250,,,,,,,,,,,2.500000,,,,,,,,,47.150577,-122.357235
350,1,,,-122.3572500,47.1505083,2025-09-29 21:04:27.000,_20250929_135852_CH08_TMO_5G Auto_VoNR Coverage Test_REF4 Mobile_5G Auto VoNR Coverage Test.dml,,NR SA,47.150508,-122.357250,,,,,,,,,,,2.500000,,,,,,,,,47.150577,-122.357235
351,1,,,-122.3572500,47.1505083,2025-09-29 21:04:28.000,_20250929_135852_CH08_TMO_5G Auto_VoNR Coverage Test_REF4 Mobile_5G Auto VoNR Coverage Test.dml,,NR SA,47.150508,-122.357250,,,,,,,,,,,2.500000,,,,,,,,,47.150577,-122.357235
352,1,,,-122.3572500,47.1505083,2025-09-29 21:04:29.000,_20250929_135852_CH08_TMO_5G Auto_VoNR Coverage Test_REF4 Mobile_5G Auto VoNR Coverage Test.dml,,NR SA,47.150508,-122.357250,,,,,,,,,,,2.500000,,,,,,,,,47.150577,-122.357235
353,1,,,-122.3572500,47.1505083,2025-09-29 21:04:30.000,_20250929_135852_CH08_TMO_5G Auto_VoNR Coverage Test_REF4 Mobile_5G Auto VoNR Coverage Test.dml,,NR SA,47.150508,-122.357250,,,,,,,,,,,2.500000,,,,,,,,,47.150577,-122.357235
354,1,,,-122.3572500,47.1505083,2025-09-29 21:04:31.000,_20250929_135852_CH08_TMO_5G Auto_VoNR Coverage Test_REF4 Mobile_5G Auto VoNR Coverage Test.dml,,NR SA,47.150508,-122.357250,,,,,,,,,,,2.500000,,,,,,,,,47.150577,-122.357235
355,1,,,-122.3572500,47.1505083,2025-09-29 21:04:32.000,_20250929_135852_CH08_TMO_5G Auto_VoNR Coverage Test_REF4 Mobile_5G Auto VoNR Coverage Test.dml,,NR SA,47.150508,-122.357250,,,,,,,,,,,2.500000,,,,,,,,,47.150577,-122.357235
356,1,,,-122.3572500,47.1505083,2025-09-29 21:04:33.000,_20250929_135852_CH08_TMO_5G Auto_VoNR Coverage Test_REF4 Mobile_5G Auto VoNR Coverage Test.dml,,NR SA,47.150508,-122.357250,,,,,,,,,,,2.500000,,,,,,,,,47.150577,-122.357235
357,1,,,-122.3572500,47.1505083,2025-09-29 21:04:34.000,_20250929_135852_CH08_TMO_5G Auto_VoNR Coverage Test_REF4 Mobile_5G Auto VoNR Coverage Test.dml,,NR SA,47.150508,-122.357250,,,,,,,,,,,2.500000,,,,,,,,,47.150577,-122.357235
358,1,,,-122.3572500,47.1505083,2025-09-29 21:04:35.000,_20250929_135852_CH08_TMO_5G Auto_VoNR Coverage Test_REF4 Mobile_5G Auto VoNR Coverage Test.dml,,NR SA,47.150508,-122.357250,,,,,,,,,,,2.500000,,,,,,,,,47.150577,-122.357235
359,1,,,-122.3572500,47.1505083,2025-09-29 21:04:36.000,_20250929_135852_CH08_TMO_5G Auto_VoNR Coverage Test_REF4 Mobile_5G Auto VoNR Coverage Test.dml,,NR SA,47.150508,-122.357250,,,,,,,,,,,2.500000,,,,,,,,,47.150577,-122.357235
360,1,,,-122.3572500,47.1505083,2025-09-29 21:04:37.000,_20250929_135852_CH08_TMO_5G Auto_VoNR Coverage Test_REF4 Mobile_5G Auto VoNR Coverage Test.dml,,NR SA,47.150508,-122.357250,,,,,,,,,,,2.500000,,,,,,,,,47.150577,-122.357235
361,1,,,-122.3572500,47.1505083,2025-09-29 21:04:38.000,_20250929_135852_CH08_TMO_5G Auto_VoNR Coverage Test_REF4 Mobile_5G Auto VoNR Coverage Test.dml,,NR SA,47.150508,-122.357250,,,,,,,,,,,2.500000,,,,,,,,,47.150577,-122.357235
362,1,,,-122.3572500,47.1505083,2025-09-29 21:04:39.000,_20250929_135852_CH08_TMO_5G Auto_VoNR Coverage Test_REF4 Mobile_5G Auto VoNR Coverage Test.dml,,NR SA,47.150508,-122.357250,,,,,,,,,,,2.500000,,,,,,,,,47.150577,-122.357235
363,1,,,-122.3572500,47.1505083,2025-09-29 21:04:40.000,_20250929_135852_CH08_TMO_5G Auto_VoNR Coverage Test_REF4 Mobile_5G Auto VoNR Coverage Test.dml,,NR SA,47.150508,-122.357250,,,,,,,,,,,2.500000,,,,,,,,,47.150577,-122.357235
364,1,,,-122.3572500,47.1505083,2025-09-29 21:04:41.000,_20250929_135852_CH08_TMO_5G Auto_VoNR Coverage Test_REF4 Mobile_5G Auto VoNR Coverage Test.dml,,NR SA,47.150508,-122.357250,,,,,,,,,,,2.500000,,,,,,,,,47.150577,-122.357235
365,1,,,-122.3572500,47.1505083,2025-09-29 21:04:42.000,_20250929_135852_CH08_TMO_5G Auto_VoNR Coverage Test_REF4 Mobile_5G Auto VoNR Coverage Test.dml,,NR SA,47.150508,-122.357250,,,,,,,,,,,2.500000,,,,,,,,,47.150577,-122.357235
366,1,,,-122.3572500,47.1505083,2025-09-29 21:04:43.000,_20250929_135852_CH08_TMO_5G Auto_VoNR Coverage Test_REF4 Mobile_5G Auto VoNR Coverage Test.dml,,NR SA,47.150508,-122.357250,,,,,,,,,,,2.500000,,,,,,,,,47.150577,-122.357235
367,1,,,-122.3572500,47.1505083,2025-09-29 21:04:44.000,_20250929_135852_CH08_TMO_5G Auto_VoNR Coverage Test_REF4 Mobile_5G Auto VoNR Coverage Test.dml,,NR SA,47.150508,-122.357250,,,,,,,,,,,2.500000,,,,,,,,,47.150577,-122.357235
368,1,,,-122.3572500,47.1505083,2025-09-29 21:04:45.000,_20250929_135852_CH08_TMO_5G Auto_VoNR Coverage Test_REF4 Mobile_5G Auto VoNR Coverage Test.dml,,NR SA,47.150508,-122.357250,,,,,,,,,,,2.500000,,,,,,,,,47.150577,-122.357235
369,1,,,-122.3572500,47.1505083,2025-09-29 21:04:46.475,_20250929_135852_CH08_TMO_5G Auto_VoNR Coverage Test_REF4 Mobile_5G Auto VoNR Coverage Test.dml,,,,,,,,,,,,,,,,,,,,,,,[Tool] Voice - Call Scheduling End,,
370,1,,,-122.3572500,47.1505083,2025-09-29 21:04:46.475,_20250929_135852_CH08_TMO_5G Auto_VoNR Coverage Test_REF4 Mobile_5G Auto VoNR Coverage Test.dml,,,,,,,,,,,,,,,,,,,,,,,[Tool] Voice - Release Call Request,,
371,1,,,-122.3572500,47.1505083,2025-09-29 21:04:46.000,_20250929_135852_CH08_TMO_5G Auto_VoNR Coverage Test_REF4 Mobile_5G Auto VoNR Coverage Test.dml,,NR SA,47.150508,-122.357250,,,,,,,,,,,2.500000,,,,,,,,,47.150577,-122.357235
