IDX,LID,CI_1,CI_2,Lon,Lat,Time,Measure,[Call Test] Call Start Network,[Call Test] Call Type,[Call Test] Call Result,[Call Test] Call Middle Network,[Call Test] Call End Network,[Call Test] Mobile ChipSet,[Call Test] [VoNR VoLTE] [Duration] SIP Setup Duration (Invite~200OK),[Call Test] [Misc] [Mobile] IMEI,[Call Test] [Throughput] Application DL TP,[General] Serving Network (In Traffic),[Call Test] [HTTP Transfer] HTTP Transfer Call Event,[Call Test] [KR PS-LTE] [SMS] [Timestamp] SIP Message,[Packet Data] [SIP] UL/DL,[Packet Data] [SIP] Request Method,[Packet Data] [SIP] Status,[Packet Data] [SIP] 200 OK - Method,[Call Test] [Voice or Video Call] Call Result,[Call Test] [Voice or Video Call] Orig/Term,[Call Test] [Voice or Video Call] Result & Reason,[LTE] [L1] [RF] PCI,[LTE] [L1] [RF] RSRP,[Event] Total Call Result,[Event] Voice Call Event,[Event] [Event Occurrence Count] Call Completed #,[Event] [Event Occurrence Count] Outgoing Call Setup Fail #,[Event] [Event Occurrence Count] Call Dropped #,[Event] [Event Occurrence Count] Call Start #,[Call Test] [Voice or Video Call] [Duration] Traffic Duration (LoggingTool),[NR5G] [RF] PCI,[Call Test] [Voice Quality] [Per Rx Clip] [RF Quality] 5G RSRP,[Call Test] [Voice Quality] [Sampled Values] MOS (POLQA),[WiFi] On Off,[WiFi] Connect State,[WiFi] [Serving AP] RSSI,[WiFi] [Serving AP] Frequency,[WiFi] [Serving AP] Link Speed,[Call Test] [VoNR VoLTE] [Handover] Rx RTP Delay (Control Plane),[Call Test] [Voice or Video Call] Call Type,[Event] [Event Occurrence Count] Handover OK #,[Mobile Info] [Android] [Radio] Network Type (Data Svc)
1,1,,,-121.9331852,47.5260322,2026-01-27 02:02:48.000,_20260126_180244_CH02_TMO_5GNR_WFC_REF_TC-172-R1.dml,,,,,,,,,,,,,,,,,,,,,,,,,,,,,,,,On,Connected,-63.500000,2437,17,,,,IWLAN
2,1,,,-121.9331852,47.5260322,2026-01-27 02:02:49.000,_20260126_180244_CH02_TMO_5GNR_WFC_REF_TC-172-R1.dml,,,,,,,,,,,,,,,,,,,,,,,,,,,,,594,,,On,Connected,-64.000000,2437,17,,,,IWLAN
3,1,,,-121.9331852,47.5260322,2026-01-27 02:02:50.000,_20260126_180244_CH02_TMO_5GNR_WFC_REF_TC-172-R1.dml,,,,,,,,,,,,,,,,,,,,0,,,,,,,,,594,,,On,Connected,-64.000000,2437,17,,,,IWLAN
4,1,,,-121.9331852,47.5260322,2026-01-27 02:02:51.000,_20260126_180244_CH02_TMO_5GNR_WFC_REF_TC-172-R1.dml,,,,,,,,,,,,,,,,,,,,0,,,,,,,,,594,,,On,Connected,-63.000000,2437,17,,,,IWLAN
5,1,,,-121.9331852,47.5260322,2026-01-27 02:02:52.000,_20260126_180244_CH02_TMO_5GNR_WFC_REF_TC-172-R1.dml,,,,,,,,,,,,,,,,,,,,0,,,,,,,,,594,,,On,Connected,-63.000000,2437,17,,,,IWLAN
6,1,,,-121.9331852,47.5260322,2026-01-27 02:02:53.000,_20260126_180244_CH02_TMO_5GNR_WFC_REF_TC-172-R1.dml,,,,,,,,,,,,,,,,,,,,0,,,,,,,,,594,,,On,Connected,-63.000000,2437,17,,,,IWLAN
7,1,,,-121.9331852,47.5260322,2026-01-27 02:02:54.000,_20260126_180244_CH02_TMO_5GNR_WFC_REF_TC-172-R1.dml,,,,,,,,,,,,,,,,,,,,0,,,,,,,,,594,,,On,Connected,-61.000000,2437,17,,,,IWLAN
8,1,,,-121.9331852,47.5260322,2026-01-27 02:02:55.000,_20260126_180244_CH02_TMO_5GNR_WFC_REF_TC-172-R1.dml,,,,,,,,,,,,,,,,,,,,0,,,,,,,,,594,,,On,Connected,-61.000000,2437,17,,,,IWLAN
9,1,,,-121.9331852,47.5260322,2026-01-27 02:02:56.000,_20260126_180244_CH02_TMO_5GNR_WFC_REF_TC-172-R1.dml,,,,,,,,,,,,,,,,,,,,0,,,,,,,,,594,,,On,Connected,-61.000000,2437,17,,,,IWLAN
10,1,,,-121.9331852,47.5260322,2026-01-27 02:02:57.000,_20260126_180244_CH02_TMO_5GNR_WFC_REF_TC-172-R1.dml,,,,,,,,,,,,,,,,,,,,0,,,,,,,,,594,,,On,Connected,-62.000000,2437,17,,,,IWLAN
11,1,,,-121.9331852,47.5260322,2026-01-27 02:02:57.512,_20260126_180244_CH02_TMO_5GNR_WFC_REF_TC-172-R1.dml,,,,,,,,,,,,,,,,,,,,,,,[Tool] Voice - Call Scheduling Start(Orig),,,,,,,,,,,,,,,,,
12,1,,,-121.9331852,47.5260322,2026-01-27 02:02:57.512,_20260126_180244_CH02_TMO_5GNR_WFC_REF_TC-172-R1.dml,,,,,,,,,,,,,,,,,,,,,,,[UE]   Voice - Orig Success,,,,,,,,,,,,,,,,,
13,1,,,-121.9331852,47.5260322,2026-01-27 02:02:57.512,_20260126_180244_CH02_TMO_5GNR_WFC_REF_TC-172-R1.dml,,,,,,,,,,,,,,,,,,,,,,,[Tool] Voice - Orig Request,,,,,,,,,,,,,,,,,
14,1,,,-121.9331852,47.5260322,2026-01-27 02:02:58.000,_20260126_180244_CH02_TMO_5GNR_WFC_REF_TC-172-R1.dml,,,,,,,,,,,,,,,,,,,,0,,,,,,,,,594,,,On,Connected,-62.000000,2437,17,,,,IWLAN
15,1,,,-121.9331852,47.5260322,2026-01-27 02:02:59.000,_20260126_180244_CH02_TMO_5GNR_WFC_REF_TC-172-R1.dml,,,,,,,,,,,,,,,,,,,,0,,,,,,,,,594,,,On,Connected,-62.000000,2437,17,,,,IWLAN
16,1,,,-121.9331852,47.5260322,2026-01-27 02:03:00.231,_20260126_180244_CH02_TMO_5GNR_WFC_REF_TC-172-R1.dml,,,,,,,,,,,,,,,,,,,,,,,[UE]   Voice - Setup Success,,,,,,,,,,,,,,,,,
17,1,,,-121.9331852,47.5260322,2026-01-27 02:03:00.000,_20260126_180244_CH02_TMO_5GNR_WFC_REF_TC-172-R1.dml,,,,,,,,,,NR NSA,,,,,,,,,,0,,,,,,,,,594,,,On,Connected,-67.000000,2437,28,,,,IWLAN
18,1,,,-121.9331852,47.5260322,2026-01-27 02:03:01.000,_20260126_180244_CH02_TMO_5GNR_WFC_REF_TC-172-R1.dml,,,,,,,,,,NR NSA,,,,,,,,,,0,,,,,,,,,594,,,On,Connected,-67.000000,2437,28,,,,IWLAN
19,1,,,-121.9331852,47.5260322,2026-01-27 02:03:02.000,_20260126_180244_CH02_TMO_5GNR_WFC_REF_TC-172-R1.dml,,,,,,,,,,NR NSA,,,,,,,,,,0,,,,,,,,,594,,,On,Connected,-67.000000,2437,28,,,,IWLAN
20,1,,,-121.9331852,47.5260322,2026-01-27 02:03:03.000,_20260126_180244_CH02_TMO_5GNR_WFC_REF_TC-172-R1.dml,,,,,,,,,,NR NSA,,,,,,,,,,0,,,,,,,,,594,,,On,Connected,-67.000000,2437,32,,,,IWLAN
21,1,,,-121.9331852,47.5260322,2026-01-27 02:03:04.000,_20260126_180244_CH02_TMO_5GNR_WFC_REF_TC-172-R1.dml,,,,,,,,,,NR NSA,,,,,,,,,,0,,,,,,,,,594,,,On,Connected,-67.000000,2437,32,,,,IWLAN
22,1,,,-121.9331852,47.5260322,2026-01-27 02:03:05.000,_20260126_180244_CH02_TMO_5GNR_WFC_REF_TC-172-R1.dml,,,,,,,,,,NR NSA,,,,,,,,,,0,,,,,,,,,594,,,On,Connected,-67.000000,2437,32,,,,IWLAN
23,1,,,-121.9331852,47.5260322,2026-01-27 02:03:06.000,_20260126_180244_CH02_TMO_5GNR_WFC_REF_TC-172-R1.dml,,,,,,,,,,NR NSA,,,,,,,,,,0,,,,,,,,,594,,,On,Connected,-68.000000,2437,44,,,,IWLAN
24,1,,,-121.9331852,47.5260322,2026-01-27 02:03:07.000,_20260126_180244_CH02_TMO_5GNR_WFC_REF_TC-172-R1.dml,,,,,,,,,,NR NSA,,,,,,,,,,0,,,,,,,,,594,,,On,Connected,-68.000000,2437,44,,,,IWLAN
25,1,,,-121.9331852,47.5260322,2026-01-27 02:03:08.000,_20260126_180244_CH02_TMO_5GNR_WFC_REF_TC-172-R1.dml,,,,,,,,,,NR NSA,,,,,,,,,,0,,,,,,,,,594,,,On,Connected,-68.000000,2437,44,,,,IWLAN
26,1,,,-121.9331852,47.5260322,2026-01-27 02:03:09.000,_20260126_180244_CH02_TMO_5GNR_WFC_REF_TC-172-R1.dml,,,,,,,,,,NR NSA,,,,,,,,,,0,,,,,,,,,594,,,On,Connected,-68.000000,2437,32,,,,IWLAN
27,1,,,-121.9331852,47.5260322,2026-01-27 02:03:10.000,_20260126_180244_CH02_TMO_5GNR_WFC_REF_TC-172-R1.dml,,,,,,,,,,NR NSA,,,,,,,,,,0,,,,,,,,,594,,,On,Connected,-68.000000,2437,32,,,,IWLAN
28,1,,,-121.9331852,47.5260322,2026-01-27 02:03:11.000,_20260126_180244_CH02_TMO_5GNR_WFC_REF_TC-172-R1.dml,,,,,,,,,,NR NSA,,,,,,,,,,0,,,,,,,,,594,,,On,Connected,-68.000000,2437,32,,,,IWLAN
29,1,,,-121.9331852,47.5260322,2026-01-27 02:03:12.000,_20260126_180244_CH02_TMO_5GNR_WFC_REF_TC-172-R1.dml,,,,,,,,,,NR NSA,,,,,,,,,,0,,,,,,,,,594,,,On,Connected,-68.000000,2437,32,,,,IWLAN
30,1,,,-121.9331852,47.5260322,2026-01-27 02:03:13.000,_20260126_180244_CH02_TMO_5GNR_WFC_REF_TC-172-R1.dml,,,,,,,,,,NR NSA,,,,,,,,,,0,,,,,,,,,594,,,On,Connected,-68.000000,2437,32,,,,IWLAN
31,1,,,-121.9331852,47.5260322,2026-01-27 02:03:14.000,_20260126_180244_CH02_TMO_5GNR_WFC_REF_TC-172-R1.dml,,,,,,,,,,NR NSA,,,,,,,,,,0,,,,,,,,,594,,,On,Connected,-68.000000,2437,32,,,,IWLAN
32,1,,,-121.9331852,47.5260322,2026-01-27 02:03:15.000,_20260126_180244_CH02_TMO_5GNR_WFC_REF_TC-172-R1.dml,,,,,,,,,,NR NSA,,,,,,,,,,0,,,,,,,,,594,,,On,Connected,-67.000000,2437,32,,,,IWLAN
33,1,,,-121.9331852,47.5260322,2026-01-27 02:03:16.000,_20260126_180244_CH02_TMO_5GNR_WFC_REF_TC-172-R1.dml,,,,,,,,,,NR NSA,,,,,,,,,,0,,,,,,,,,594,,,On,Connected,-67.000000,2437,32,,,,IWLAN
34,1,,,-121.9331852,47.5260322,2026-01-27 02:03:17.000,_20260126_180244_CH02_TMO_5GNR_WFC_REF_TC-172-R1.dml,,,,,,,,,,NR NSA,,,,,,,,,,0,,,,,,,,,594,,,On,Connected,-67.000000,2437,32,,,,IWLAN
35,1,,,-121.9331852,47.5260322,2026-01-27 02:03:18.000,_20260126_180244_CH02_TMO_5GNR_WFC_REF_TC-172-R1.dml,,,,,,,,,,NR NSA,,,,,,,,,,0,,,,,,,,,594,,,On,Connected,-68.000000,2437,48,,,,IWLAN
36,1,,,-121.9331852,47.5260322,2026-01-27 02:03:19.000,_20260126_180244_CH02_TMO_5GNR_WFC_REF_TC-172-R1.dml,,,,,,,,,,NR NSA,,,,,,,,,,0,,,,,,,,,594,,,On,Connected,-68.000000,2437,48,,,,IWLAN
37,1,,,-121.9331852,47.5260322,2026-01-27 02:03:20.000,_20260126_180244_CH02_TMO_5GNR_WFC_REF_TC-172-R1.dml,,,,,,,,,,NR NSA,,,,,,,,,,0,,,,,,,,,594,,,On,Connected,-68.000000,2437,48,,,,IWLAN
38,1,,,-121.9331852,47.5260322,2026-01-27 02:03:21.000,_20260126_180244_CH02_TMO_5GNR_WFC_REF_TC-172-R1.dml,,,,,,,,,,NR NSA,,,,,,,,,,0,,,,,,,,,594,,,On,Connected,-68.000000,2437,28,,,,IWLAN
39,1,,,-121.9331852,47.5260322,2026-01-27 02:03:22.000,_20260126_180244_CH02_TMO_5GNR_WFC_REF_TC-172-R1.dml,,,,,,,,,,NR NSA,,,,,,,,,,0,,,,,,,,,594,,,On,Connected,-68.000000,2437,28,,,,IWLAN
40,1,,,-121.9331852,47.5260322,2026-01-27 02:03:23.000,_20260126_180244_CH02_TMO_5GNR_WFC_REF_TC-172-R1.dml,,,,,,,,,,NR NSA,,,,,,,,,,0,,,,,,,,,594,,,On,Connected,-68.000000,2437,28,,,,IWLAN
41,1,,,-121.9331852,47.5260322,2026-01-27 02:03:24.000,_20260126_180244_CH02_TMO_5GNR_WFC_REF_TC-172-R1.dml,,,,,,,,,,NR NSA,,,,,,,,,,0,,,,,,,,,594,,,On,Connected,-69.000000,2437,32,,,,IWLAN
42,1,,,-121.9331852,47.5260322,2026-01-27 02:03:25.000,_20260126_180244_CH02_TMO_5GNR_WFC_REF_TC-172-R1.dml,,,,,,,,,,NR NSA,,,,,,,,,,0,,,,,,,,,594,,,On,Connected,-69.000000,2437,32,,,,IWLAN
43,1,,,-121.9331852,47.5260322,2026-01-27 02:03:26.000,_20260126_180244_CH02_TMO_5GNR_WFC_REF_TC-172-R1.dml,,,,,,,,,,NR NSA,,,,,,,,,,0,,,,,,,,,594,,,On,Connected,-69.000000,2437,32,,,,IWLAN
44,1,,,-121.9331852,47.5260322,2026-01-27 02:03:27.000,_20260126_180244_CH02_TMO_5GNR_WFC_REF_TC-172-R1.dml,,,,,,,,,,NR NSA,,,,,,,,,,0,,,,,,,,,594,,,On,Connected,-68.000000,2437,28,,,,IWLAN
45,1,,,-121.9331852,47.5260322,2026-01-27 02:03:28.000,_20260126_180244_CH02_TMO_5GNR_WFC_REF_TC-172-R1.dml,,,,,,,,,,NR NSA,,,,,,,,,,0,,,,,,,,,594,,,On,Connected,-68.000000,2437,28,,,,IWLAN
46,1,,,-121.9331852,47.5260322,2026-01-27 02:03:29.000,_20260126_180244_CH02_TMO_5GNR_WFC_REF_TC-172-R1.dml,,,,,,,,,,LTE,,,,,,,,,,0,,,,,,,,,594,,,On,Connected,-68.000000,2437,28,,,,IWLAN
47,1,,,-121.9331852,47.5260322,2026-01-27 02:03:30.000,_20260126_180244_CH02_TMO_5GNR_WFC_REF_TC-172-R1.dml,,,,,,,,,,LTE,,,,,,,,,,0,,,,,,,,,594,,,On,Connected,-68.000000,2437,28,,,,IWLAN
48,1,,,-121.9331852,47.5260322,2026-01-27 02:03:31.000,_20260126_180244_CH02_TMO_5GNR_WFC_REF_TC-172-R1.dml,,,,,,,,,,LTE,,,,,,,,,,0,,,,,,,,,594,,,On,Connected,-68.000000,2437,28,,,,IWLAN
49,1,,,-121.9331852,47.5260322,2026-01-27 02:03:32.000,_20260126_180244_CH02_TMO_5GNR_WFC_REF_TC-172-R1.dml,,,,,,,,,,LTE,,,,,,,,,,0,,,,,,,,,594,,,On,Connected,-62.000000,2437,29,,,,IWLAN
50,1,,,-121.9331852,47.5260322,2026-01-27 02:03:33.000,_20260126_180244_CH02_TMO_5GNR_WFC_REF_TC-172-R1.dml,,,,,,,,,,NR NSA,,,,,,,,,,0,,,,,,,,,594,,,On,Connected,-62.000000,2437,29,,,,IWLAN
51,1,,,-121.9331852,47.5260322,2026-01-27 02:03:34.000,_20260126_180244_CH02_TMO_5GNR_WFC_REF_TC-172-R1.dml,,,,,,,,,,NR NSA,,,,,,,,,,0,,,,,,,,,594,,,On,Connected,-62.000000,2437,29,,,,IWLAN
52,1,,,-121.9331852,47.5260322,2026-01-27 02:03:35.000,_20260126_180244_CH02_TMO_5GNR_WFC_REF_TC-172-R1.dml,,,,,,,,,,NR NSA,,,,,,,,,,0,,,,,,,,,594,,,On,Connected,-63.000000,2437,29,,,,IWLAN
53,1,,,-121.9331852,47.5260322,2026-01-27 02:03:36.000,_20260126_180244_CH02_TMO_5GNR_WFC_REF_TC-172-R1.dml,,,,,,,,,,NR NSA,,,,,,,,,,0,,,,,,,,,594,,,On,Connected,-63.000000,2437,29,,,,IWLAN
54,1,,,-121.9331852,47.5260322,2026-01-27 02:03:37.000,_20260126_180244_CH02_TMO_5GNR_WFC_REF_TC-172-R1.dml,,,,,,,,,,NR NSA,,,,,,,,,,0,,,,,,,,,594,,,On,Connected,-63.000000,2437,29,,,,IWLAN
55,1,,,-121.9331852,47.5260322,2026-01-27 02:03:38.000,_20260126_180244_CH02_TMO_5GNR_WFC_REF_TC-172-R1.dml,,,,,,,,,,NR NSA,,,,,,,,,,0,,,,,,,,,594,,,On,Connected,-68.000000,2437,22,,,,IWLAN
56,1,,,-121.9331852,47.5260322,2026-01-27 02:03:39.000,_20260126_180244_CH02_TMO_5GNR_WFC_REF_TC-172-R1.dml,,,,,,,,,,NR NSA,,,,,,,,,,0,,,,,,,,,594,,,On,Connected,-68.000000,2437,22,,,,IWLAN
57,1,,,-121.9331852,47.5260322,2026-01-27 02:03:40.000,_20260126_180244_CH02_TMO_5GNR_WFC_REF_TC-172-R1.dml,,,,,,,,,,NR NSA,,,,,,,,,,0,,,,,,,,,594,,,On,Connected,-68.000000,2437,22,,,,IWLAN
58,1,,,-121.9331852,47.5260322,2026-01-27 02:03:41.000,_20260126_180244_CH02_TMO_5GNR_WFC_REF_TC-172-R1.dml,,,,,,,,,,NR NSA,,,,,,,,,,0,,,,,,,,,594,,,On,Connected,-68.000000,2437,29,,,,IWLAN
59,1,,,-121.9331852,47.5260322,2026-01-27 02:03:42.000,_20260126_180244_CH02_TMO_5GNR_WFC_REF_TC-172-R1.dml,,,,,,,,,,NR NSA,,,,,,,,,,0,,,,,,,,,594,,,On,Connected,-68.000000,2437,29,,,,IWLAN
60,1,,,-121.9331852,47.5260322,2026-01-27 02:03:43.000,_20260126_180244_CH02_TMO_5GNR_WFC_REF_TC-172-R1.dml,,,,,,,,,,NR NSA,,,,,,,,,,0,,,,,,,,,594,,,On,Connected,-68.000000,2437,29,,,,IWLAN
61,1,,,-121.9331852,47.5260322,2026-01-27 02:03:44.000,_20260126_180244_CH02_TMO_5GNR_WFC_REF_TC-172-R1.dml,,,,,,,,,,NR NSA,,,,,,,,,,0,,,,,,,,,594,,,On,Connected,-65.000000,2437,22,,,,IWLAN
62,1,,,-121.9331852,47.5260322,2026-01-27 02:03:45.000,_20260126_180244_CH02_TMO_5GNR_WFC_REF_TC-172-R1.dml,,,,,,,,,,NR NSA,,,,,,,,,,0,,,,,,,,,594,,,On,Connected,-65.000000,2437,22,,,,IWLAN
63,1,,,-121.9331852,47.5260322,2026-01-27 02:03:46.000,_20260126_180244_CH02_TMO_5GNR_WFC_REF_TC-172-R1.dml,,,,,,,,,,NR NSA,,,,,,,,,,0,,,,,,,,,594,,,On,Connected,-65.000000,2437,22,,,,IWLAN
64,1,,,-121.9331852,47.5260322,2026-01-27 02:03:47.000,_20260126_180244_CH02_TMO_5GNR_WFC_REF_TC-172-R1.dml,,,,,,,,,,LTE,,,,,,,,,,0,,,,,,,,,594,,,On,Connected,-65.000000,2437,28,,,,IWLAN
65,1,,,-121.9331852,47.5260322,2026-01-27 02:03:48.000,_20260126_180244_CH02_TMO_5GNR_WFC_REF_TC-172-R1.dml,,,,,,,,,,NR SA,,,,,,,,,,0,,,,,,,,,,,,On,Connected,-65.000000,2437,28,,,,IWLAN
66,1,,,-121.9331852,47.5260322,2026-01-27 02:03:49.000,_20260126_180244_CH02_TMO_5GNR_WFC_REF_TC-172-R1.dml,,,,,,,,,,NR SA,,,,,,,,,,0,,,,,,,,,,,,On,Connected,-65.000000,2437,28,,,,IWLAN
67,1,,,-121.9331852,47.5260322,2026-01-27 02:03:50.000,_20260126_180244_CH02_TMO_5GNR_WFC_REF_TC-172-R1.dml,,,,,,,,,,NR SA,,,,,,,,,,0,,,,,,,,,,,,On,Connected,-66.000000,2437,29,,,,IWLAN
68,1,,,-121.9331852,47.5260322,2026-01-27 02:03:51.000,_20260126_180244_CH02_TMO_5GNR_WFC_REF_TC-172-R1.dml,,,,,,,,,,NR SA,,,,,,,,,,0,,,,,,,,,,,,On,Connected,-66.000000,2437,29,,,,IWLAN
69,1,,,-121.9331852,47.5260322,2026-01-27 02:03:52.000,_20260126_180244_CH02_TMO_5GNR_WFC_REF_TC-172-R1.dml,,,,,,,,,,NR NSA,,,,,,,,,,0,,,,,,,,,594,,,On,Connected,-66.000000,2437,29,,,,IWLAN
70,1,,,-121.9331852,47.5260322,2026-01-27 02:03:53.000,_20260126_180244_CH02_TMO_5GNR_WFC_REF_TC-172-R1.dml,,,,,,,,,,NR SA,,,,,,,,,,0,,,,,,,,,,,,On,Connected,-66.000000,2437,24,,,,IWLAN
71,1,,,-121.9331852,47.5260322,2026-01-27 02:03:54.000,_20260126_180244_CH02_TMO_5GNR_WFC_REF_TC-172-R1.dml,,,,,,,,,,NR NSA,,,,,,,,,,0,,,,,,,,,594,,,On,Connected,-66.000000,2437,24,,,,IWLAN
72,1,,,-121.9331852,47.5260322,2026-01-27 02:03:55.000,_20260126_180244_CH02_TMO_5GNR_WFC_REF_TC-172-R1.dml,,,,,,,,,,NR NSA,,,,,,,,,,0,,,,,,,,,594,,,On,Connected,-66.000000,2437,24,,,,IWLAN
73,1,,,-121.9331852,47.5260322,2026-01-27 02:03:56.000,_20260126_180244_CH02_TMO_5GNR_WFC_REF_TC-172-R1.dml,,,,,,,,,,NR NSA,,,,,,,,,,0,,,,,,,,,594,,,On,Connected,-65.000000,2437,48,,,,IWLAN
74,1,,,-121.9331852,47.5260322,2026-01-27 02:03:57.000,_20260126_180244_CH02_TMO_5GNR_WFC_REF_TC-172-R1.dml,,,,,,,,,,NR NSA,,,,,,,,,,0,,,,,,,,,594,,,On,Connected,-65.000000,2437,48,,,,IWLAN
75,1,,,-121.9331852,47.5260322,2026-01-27 02:03:58.000,_20260126_180244_CH02_TMO_5GNR_WFC_REF_TC-172-R1.dml,,,,,,,,,,NR NSA,,,,,,,,,,0,,,,,,,,,594,,,On,Connected,-65.000000,2437,48,,,,IWLAN
76,1,,,-121.9331852,47.5260322,2026-01-27 02:03:59.000,_20260126_180244_CH02_TMO_5GNR_WFC_REF_TC-172-R1.dml,,,,,,,,,,NR SA,,,,,,,,,,0,,,,,,,,,594,,,On,Connected,-62.000000,2437,32,,,,IWLAN
77,1,,,-121.9331852,47.5260322,2026-01-27 02:04:00.000,_20260126_180244_CH02_TMO_5GNR_WFC_REF_TC-172-R1.dml,,,,,,,,,,NR SA,,,,,,,,,,0,,,,,,,,,594,,,On,Connected,-62.000000,2437,32,,,,IWLAN
78,1,,,-121.9331852,47.5260322,2026-01-27 02:04:01.000,_20260126_180244_CH02_TMO_5GNR_WFC_REF_TC-172-R1.dml,,,,,,,,,,NR NSA,,,,,,,,,,0,,,,,,,,,594,,,On,Connected,-62.000000,2437,32,,,,IWLAN
79,1,,,-121.9331852,47.5260322,2026-01-27 02:04:02.000,_20260126_180244_CH02_TMO_5GNR_WFC_REF_TC-172-R1.dml,,,,,,,,,,NR SA,,,,,,,,,,0,,,,,,,,,594,,,On,Connected,-63.000000,2437,44,,,,IWLAN
80,1,,,-121.9331852,47.5260322,2026-01-27 02:04:03.000,_20260126_180244_CH02_TMO_5GNR_WFC_REF_TC-172-R1.dml,,,,,,,,,,NR NSA,,,,,,,,,,0,,,,,,,,,594,,,On,Connected,-63.000000,2437,44,,,,IWLAN
81,1,,,-121.9331852,47.5260322,2026-01-27 02:04:04.000,_20260126_180244_CH02_TMO_5GNR_WFC_REF_TC-172-R1.dml,,,,,,,,,,NR NSA,,,,,,,,,,0,,,,,,,,,594,,,On,Connected,-63.000000,2437,32,,,,IWLAN
82,1,,,-121.9331852,47.5260322,2026-01-27 02:04:05.000,_20260126_180244_CH02_TMO_5GNR_WFC_REF_TC-172-R1.dml,,,,,,,,,,NR NSA,,,,,,,,,,0,,,,,,,,,594,,,On,Connected,-63.000000,2437,32,,,,IWLAN
83,1,,,-121.9331852,47.5260322,2026-01-27 02:04:06.000,_20260126_180244_CH02_TMO_5GNR_WFC_REF_TC-172-R1.dml,,,,,,,,,,NR SA,,,,,,,,,,0,,,,,,,,,594,,,On,Connected,-63.000000,2437,32,,,,IWLAN
84,1,,,-121.9331852,47.5260322,2026-01-27 02:04:07.000,_20260126_180244_CH02_TMO_5GNR_WFC_REF_TC-172-R1.dml,,,,,,,,,,NR SA,,,,,,,,,,0,,,,,,,,,594,,,On,Connected,-63.000000,2437,32,,,,IWLAN
85,1,,,-121.9331852,47.5260322,2026-01-27 02:04:08.000,_20260126_180244_CH02_TMO_5GNR_WFC_REF_TC-172-R1.dml,,,,,,,,,,NR NSA,,,,,,,,,,0,,,,,,,,,594,,,On,Connected,-63.000000,2437,32,,,,IWLAN
86,1,,,-121.9331852,47.5260322,2026-01-27 02:04:09.000,_20260126_180244_CH02_TMO_5GNR_WFC_REF_TC-172-R1.dml,,,,,,,,,,NR NSA,,,,,,,,,,0,,,,,,,,,594,,,On,Connected,-63.000000,2437,32,,,,IWLAN
87,1,,,-121.9331852,47.5260322,2026-01-27 02:04:10.000,_20260126_180244_CH02_TMO_5GNR_WFC_REF_TC-172-R1.dml,,,,,,,,,,NR NSA,,,,,,,,,,0,,,,,,,,,594,,,On,Connected,-63.000000,2437,48,,,,IWLAN
88,1,,,-121.9331852,47.5260322,2026-01-27 02:04:11.000,_20260126_180244_CH02_TMO_5GNR_WFC_REF_TC-172-R1.dml,,,,,,,,,,NR NSA,,,,,,,,,,0,,,,,,,,,594,,,On,Connected,-63.000000,2437,48,,,,IWLAN
89,1,,,-121.9331852,47.5260322,2026-01-27 02:04:12.000,_20260126_180244_CH02_TMO_5GNR_WFC_REF_TC-172-R1.dml,,,,,,,,,,NR NSA,,,,,,,,,,0,,,,,,,,,594,,,On,Connected,-63.000000,2437,48,,,,IWLAN
90,1,,,-121.9331852,47.5260322,2026-01-27 02:04:13.000,_20260126_180244_CH02_TMO_5GNR_WFC_REF_TC-172-R1.dml,,,,,,,,,,NR NSA,,,,,,,,,,0,,,,,,,,,594,,,On,Connected,-64.000000,2437,28,,,,IWLAN
91,1,,,-121.9331852,47.5260322,2026-01-27 02:04:14.000,_20260126_180244_CH02_TMO_5GNR_WFC_REF_TC-172-R1.dml,,,,,,,,,,NR NSA,,,,,,,,,,0,,,,,,,,,594,,,On,Connected,-64.000000,2437,28,,,,IWLAN
92,1,,,-121.9331852,47.5260322,2026-01-27 02:04:15.000,_20260126_180244_CH02_TMO_5GNR_WFC_REF_TC-172-R1.dml,,,,,,,,,,NR NSA,,,,,,,,,,0,,,,,,,,,594,,,On,Connected,-64.000000,2437,28,,,,IWLAN
93,1,,,-121.9331852,47.5260322,2026-01-27 02:04:16.000,_20260126_180244_CH02_TMO_5GNR_WFC_REF_TC-172-R1.dml,,,,,,,,,,NR NSA,,,,,,,,,,0,,,,,,,,,594,,,On,Connected,-67.000000,2437,14,,,,IWLAN
94,1,,,-121.9331852,47.5260322,2026-01-27 02:04:17.000,_20260126_180244_CH02_TMO_5GNR_WFC_REF_TC-172-R1.dml,,,,,,,,,,NR NSA,,,,,,,,,,0,,,,,,,,,594,,,On,Connected,-67.000000,2437,14,,,,IWLAN
95,1,,,-121.9331852,47.5260322,2026-01-27 02:04:16.382,_20260126_180244_CH02_TMO_5GNR_WFC_REF_TC-172-R1.dml,,,,,,,,,,,,,UL,REGISTER,,,,,,,,,,,,,,,,,,,,,,,,,,
96,1,,,-121.9331852,47.5260322,2026-01-27 02:04:18.000,_20260126_180244_CH02_TMO_5GNR_WFC_REF_TC-172-R1.dml,,,,,,,,,,NR NSA,,,,,,,,,,0,,,,,,,,,594,,,On,Connected,-67.000000,2437,14,,,,IWLAN
97,1,,,-121.9331852,47.5260322,2026-01-27 02:04:19.000,_20260126_180244_CH02_TMO_5GNR_WFC_REF_TC-172-R1.dml,,,,,,,,,,NR NSA,,,,,,,,,,0,,,,,,,,,594,,,On,Connected,-70.000000,2437,14,,,,NR (NR_SA)
98,1,,,-121.9331852,47.5260322,2026-01-27 02:04:20.000,_20260126_180244_CH02_TMO_5GNR_WFC_REF_TC-172-R1.dml,,,,,,,,,,NR NSA,,,,,,,,,,0,,,,,,,,,594,,,On,Connected,-70.000000,2437,14,,,,NR (NR_SA)
99,1,,,-121.9331852,47.5260322,2026-01-27 02:04:21.000,_20260126_180244_CH02_TMO_5GNR_WFC_REF_TC-172-R1.dml,,,,,,,,,,NR NSA,,,,,,,,,,0,,,,,,,,,594,,,On,Connected,-70.000000,2437,14,,,,NR (NR_SA)
100,1,,,-121.9331852,47.5260322,2026-01-27 02:04:22.000,_20260126_180244_CH02_TMO_5GNR_WFC_REF_TC-172-R1.dml,,,,,,,,,,NR NSA,,,,,,,,,,0,,,,,,,,,594,,,On,Connected,-66.000000,2437,14,,,,NR (NR_SA)
101,1,,,-121.9331852,47.5260322,2026-01-27 02:04:23.000,_20260126_180244_CH02_TMO_5GNR_WFC_REF_TC-172-R1.dml,,,,,,,,,,NR NSA,,,,,,,,,,0,,,,,,,,,594,,,On,Connected,-66.000000,2437,14,,,,NR (NR_SA)
102,1,,,-121.9331852,47.5260322,2026-01-27 02:04:24.000,_20260126_180244_CH02_TMO_5GNR_WFC_REF_TC-172-R1.dml,,,,,,,,,,NR NSA,,,,,,,,,,0,,,,,,,,,594,,,On,Connected,-66.000000,2437,14,,,,NR (NR_SA)
103,1,,,-121.9331852,47.5260322,2026-01-27 02:04:25.000,_20260126_180244_CH02_TMO_5GNR_WFC_REF_TC-172-R1.dml,,,,,,,,,,NR NSA,,,,,,,,,,0,,,,,,,,,594,,,On,Connected,-65.000000,2437,14,,,,NR (NR_SA)
104,1,,,-121.9331852,47.5260322,2026-01-27 02:04:26.000,_20260126_180244_CH02_TMO_5GNR_WFC_REF_TC-172-R1.dml,,,,,,,,,,NR NSA,,,,,,,,,,0,,,,,,,,,594,,,On,Connected,-65.000000,2437,14,,,,NR (NR_SA)
105,1,,,-121.9331852,47.5260322,2026-01-27 02:04:27.000,_20260126_180244_CH02_TMO_5GNR_WFC_REF_TC-172-R1.dml,,,,,,,,,,NR NSA,,,,,,,,,,0,,,,,,,,,594,,,On,Connected,-65.000000,2437,14,,,,NR (NR_SA)
106,1,,,-121.9331852,47.5260322,2026-01-27 02:04:28.000,_20260126_180244_CH02_TMO_5GNR_WFC_REF_TC-172-R1.dml,,,,,,,,,,NR NSA,,,,,,,,,,0,,,,,,,,,594,,,On,Connected,-64.000000,2437,14,,,,IWLAN
107,1,,,-121.9331852,47.5260322,2026-01-27 02:04:29.000,_20260126_180244_CH02_TMO_5GNR_WFC_REF_TC-172-R1.dml,,,,,,,,,,NR NSA,,,,,,,,,,0,,,,,,,,,594,,,On,Connected,-64.000000,2437,14,,,,IWLAN
108,1,,,-121.9331852,47.5260322,2026-01-27 02:04:30.000,_20260126_180244_CH02_TMO_5GNR_WFC_REF_TC-172-R1.dml,,,,,,,,,,NR NSA,,,,,,,,,,0,,,,,,,,,594,,,On,Connected,-64.000000,2437,14,,,,IWLAN
109,1,,,-121.9331852,47.5260322,2026-01-27 02:04:31.000,_20260126_180244_CH02_TMO_5GNR_WFC_REF_TC-172-R1.dml,,,,,,,,,,NR NSA,,,,,,,,,,0,,,,,,,,,594,,,On,Connected,-65.000000,2437,14,,,,IWLAN
110,1,,,-121.9331852,47.5260322,2026-01-27 02:04:32.000,_20260126_180244_CH02_TMO_5GNR_WFC_REF_TC-172-R1.dml,,,,,,,,,,NR NSA,,,,,,,,,,0,,,,,,,,,594,,,On,Connected,-65.000000,2437,14,,,,IWLAN
111,1,,,-121.9331852,47.5260322,2026-01-27 02:04:33.000,_20260126_180244_CH02_TMO_5GNR_WFC_REF_TC-172-R1.dml,,,,,,,,,,NR NSA,,,,,,,,,,0,,,,,,,,,594,,,On,Connected,-65.000000,2437,14,,,,IWLAN
112,1,,,-121.9331852,47.5260322,2026-01-27 02:04:34.000,_20260126_180244_CH02_TMO_5GNR_WFC_REF_TC-172-R1.dml,,,,,,,,,,NR NSA,,,,,,,,,,0,,,,,,,,,594,,,On,Connected,-64.000000,2437,14,,,,IWLAN
113,1,,,-121.9331852,47.5260322,2026-01-27 02:04:35.000,_20260126_180244_CH02_TMO_5GNR_WFC_REF_TC-172-R1.dml,,,,,,,,,,NR NSA,,,,,,,,,,0,,,,,,,,,594,,,On,Connected,-64.000000,2437,14,,,,IWLAN
114,1,,,-121.9331852,47.5260322,2026-01-27 02:04:36.000,_20260126_180244_CH02_TMO_5GNR_WFC_REF_TC-172-R1.dml,,,,,,,,,,NR NSA,,,,,,,,,,0,,,,,,,,,594,,,On,Connected,-55.000000,2437,14,,,,IWLAN
115,1,,,-121.9331852,47.5260322,2026-01-27 02:04:37.000,_20260126_180244_CH02_TMO_5GNR_WFC_REF_TC-172-R1.dml,,,,,,,,,,NR NSA,,,,,,,,,,0,,,,,,,,,594,,,On,Connected,-55.000000,2437,14,,,,IWLAN
116,1,,,-121.9331852,47.5260322,2026-01-27 02:04:38.000,_20260126_180244_CH02_TMO_5GNR_WFC_REF_TC-172-R1.dml,,,,,,,,,,NR NSA,,,,,,,,,,0,,,,,,,,,594,,,On,Connected,-55.000000,2437,14,,,,IWLAN
117,1,,,-121.9331852,47.5260322,2026-01-27 02:04:39.000,_20260126_180244_CH02_TMO_5GNR_WFC_REF_TC-172-R1.dml,,,,,,,,,,NR NSA,,,,,,,,,,0,,,,,,,,,594,,,On,Connected,-58.000000,2437,14,,,,IWLAN
118,1,,,-121.9331852,47.5260322,2026-01-27 02:04:40.000,_20260126_180244_CH02_TMO_5GNR_WFC_REF_TC-172-R1.dml,,,,,,,,,,NR NSA,,,,,,,,,,0,,,,,,,,,594,,,On,Connected,-58.000000,2437,14,,,,IWLAN
119,1,,,-121.9331852,47.5260322,2026-01-27 02:04:41.000,_20260126_180244_CH02_TMO_5GNR_WFC_REF_TC-172-R1.dml,,,,,,,,,,NR NSA,,,,,,,,,,0,,,,,,,,,594,,,On,Connected,-58.000000,2437,14,,,,IWLAN
120,1,,,-121.9331852,47.5260322,2026-01-27 02:04:42.000,_20260126_180244_CH02_TMO_5GNR_WFC_REF_TC-172-R1.dml,,,,,,,,,,NR NSA,,,,,,,,,,0,,,,,,,,,594,,,On,Connected,-58.000000,2437,14,,,,IWLAN
121,1,,,-121.9331852,47.5260322,2026-01-27 02:04:43.000,_20260126_180244_CH02_TMO_5GNR_WFC_REF_TC-172-R1.dml,,,,,,,,,,NR NSA,,,,,,,,,,0,,,,,,,,,594,,,On,Connected,-58.000000,2437,14,,,,IWLAN
122,1,,,-121.9331852,47.5260322,2026-01-27 02:04:44.000,_20260126_180244_CH02_TMO_5GNR_WFC_REF_TC-172-R1.dml,,,,,,,,,,NR NSA,,,,,,,,,,0,,,,,,,,,594,,,On,Connected,-58.000000,2437,14,,,,IWLAN
123,1,,,-121.9331852,47.5260322,2026-01-27 02:04:45.000,_20260126_180244_CH02_TMO_5GNR_WFC_REF_TC-172-R1.dml,,,,,,,,,,NR NSA,,,,,,,,,,0,,,,,,,,,594,,,On,Connected,-57.000000,2437,14,,,,IWLAN
124,1,,,-121.9331852,47.5260322,2026-01-27 02:04:46.000,_20260126_180244_CH02_TMO_5GNR_WFC_REF_TC-172-R1.dml,,,,,,,,,,NR NSA,,,,,,,,,,0,,,,,,,,,594,,,On,Connected,-57.000000,2437,14,,,,IWLAN
125,1,,,-121.9331852,47.5260322,2026-01-27 02:04:47.000,_20260126_180244_CH02_TMO_5GNR_WFC_REF_TC-172-R1.dml,,,,,,,,,,NR NSA,,,,,,,,,,0,,,,,,,,,594,,,On,Connected,-57.000000,2437,14,,,,IWLAN
126,1,,,-121.9331852,47.5260322,2026-01-27 02:04:48.000,_20260126_180244_CH02_TMO_5GNR_WFC_REF_TC-172-R1.dml,,,,,,,,,,NR NSA,,,,,,,,,,0,,,,,,,,,594,,,On,Connected,-59.000000,2437,14,,,,IWLAN
127,1,,,-121.9331852,47.5260322,2026-01-27 02:04:49.000,_20260126_180244_CH02_TMO_5GNR_WFC_REF_TC-172-R1.dml,,,,,,,,,,NR NSA,,,,,,,,,,0,,,,,,,,,594,,,On,Connected,-59.000000,2437,14,,,,IWLAN
128,1,,,-121.9331852,47.5260322,2026-01-27 02:04:50.000,_20260126_180244_CH02_TMO_5GNR_WFC_REF_TC-172-R1.dml,,,,,,,,,,NR NSA,,,,,,,,,,0,,,,,,,,,594,,,On,Connected,-59.000000,2437,14,,,,IWLAN
129,1,,,-121.9331852,47.5260322,2026-01-27 02:04:51.000,_20260126_180244_CH02_TMO_5GNR_WFC_REF_TC-172-R1.dml,,,,,,,,,,NR NSA,,,,,,,,,,0,,,,,,,,,594,,,On,Connected,-62.000000,2437,14,,,,IWLAN
130,1,,,-121.9331852,47.5260322,2026-01-27 02:04:52.000,_20260126_180244_CH02_TMO_5GNR_WFC_REF_TC-172-R1.dml,,,,,,,,,,NR NSA,,,,,,,,,,0,,,,,,,,,594,,,On,Connected,-62.000000,2437,14,,,,IWLAN
131,1,,,-121.9331852,47.5260322,2026-01-27 02:04:53.000,_20260126_180244_CH02_TMO_5GNR_WFC_REF_TC-172-R1.dml,,,,,,,,,,NR NSA,,,,,,,,,,0,,,,,,,,,594,,,On,Connected,-62.000000,2437,14,,,,IWLAN
132,1,,,-121.9331852,47.5260322,2026-01-27 02:04:54.000,_20260126_180244_CH02_TMO_5GNR_WFC_REF_TC-172-R1.dml,,,,,,,,,,NR NSA,,,,,,,,,,0,,,,,,,,,594,,,On,Connected,-68.000000,2437,14,,,,IWLAN
133,1,,,-121.9331852,47.5260322,2026-01-27 02:04:55.000,_20260126_180244_CH02_TMO_5GNR_WFC_REF_TC-172-R1.dml,,,,,,,,,,NR SA,,,,,,,,,,0,,,,,,,,,594,,,On,Connected,-68.000000,2437,14,,,,IWLAN
134,1,,,-121.9331852,47.5260322,2026-01-27 02:04:56.000,_20260126_180244_CH02_TMO_5GNR_WFC_REF_TC-172-R1.dml,,,,,,,,,,NR SA,,,,,,,,,,0,,,,,,,,,594,,,On,Connected,-68.000000,2437,14,,,,IWLAN
135,1,,,-121.9331852,47.5260322,2026-01-27 02:04:57.000,_20260126_180244_CH02_TMO_5GNR_WFC_REF_TC-172-R1.dml,,,,,,,,,,NR SA,,,,,,,,,,0,,,,,,,,,594,,,On,Connected,-67.000000,2437,14,,,,IWLAN
136,1,,,-121.9331852,47.5260322,2026-01-27 02:04:58.000,_20260126_180244_CH02_TMO_5GNR_WFC_REF_TC-172-R1.dml,,,,,,,,,,NR SA,,,,,,,,,,0,,,,,,,,,594,,,On,Connected,-67.000000,2437,14,,,,IWLAN
137,1,,,-121.9331852,47.5260322,2026-01-27 02:04:59.000,_20260126_180244_CH02_TMO_5GNR_WFC_REF_TC-172-R1.dml,,,,,,,,,,NR SA,,,,,,,,,,0,,,,,,,,,594,,,On,Connected,-67.000000,2437,14,,,,IWLAN
138,1,,,-121.9331852,47.5260322,2026-01-27 02:05:00.000,_20260126_180244_CH02_TMO_5GNR_WFC_REF_TC-172-R1.dml,,,,,,,,,,NR SA,,,,,,,,,,0,,,,,,,,,594,,,On,Connected,-65.000000,2437,14,,,,IWLAN
139,1,,,-121.9331852,47.5260322,2026-01-27 02:05:01.000,_20260126_180244_CH02_TMO_5GNR_WFC_REF_TC-172-R1.dml,,,,,,,,,,NR SA,,,,,,,,,,0,,,,,,,,,594,,,On,Connected,-65.000000,2437,14,,,,IWLAN
140,1,,,-121.9331852,47.5260322,2026-01-27 02:05:02.000,_20260126_180244_CH02_TMO_5GNR_WFC_REF_TC-172-R1.dml,,,,,,,,,,NR SA,,,,,,,,,,0,,,,,,,,,594,,,On,Connected,-65.000000,2437,14,,,,IWLAN
141,1,,,-121.9331852,47.5260322,2026-01-27 02:05:03.000,_20260126_180244_CH02_TMO_5GNR_WFC_REF_TC-172-R1.dml,,,,,,,,,,NR SA,,,,,,,,,,0,,,,,,,,,594,,,On,Connected,-70.000000,2437,14,,,,IWLAN
142,1,,,-121.9331852,47.5260322,2026-01-27 02:05:04.000,_20260126_180244_CH02_TMO_5GNR_WFC_REF_TC-172-R1.dml,,,,,,,,,,NR SA,,,,,,,,,,0,,,,,,,,,594,,,On,Connected,-70.000000,2437,14,,,,IWLAN
143,1,,,-121.9331852,47.5260322,2026-01-27 02:05:05.000,_20260126_180244_CH02_TMO_5GNR_WFC_REF_TC-172-R1.dml,,,,,,,,,,NR SA,,,,,,,,,,0,,,,,,,,,594,,,On,Connected,-70.000000,2437,14,,,,IWLAN
144,1,,,-121.9331852,47.5260322,2026-01-27 02:05:06.000,_20260126_180244_CH02_TMO_5GNR_WFC_REF_TC-172-R1.dml,,,,,,,,,,NR SA,,,,,,,,,,0,,,,,,,,,594,,,On,Connected,-70.000000,2437,14,,,,IWLAN
145,1,,,-121.9331852,47.5260322,2026-01-27 02:05:07.000,_20260126_180244_CH02_TMO_5GNR_WFC_REF_TC-172-R1.dml,,,,,,,,,,NR SA,,,,,,,,,,0,,,,,,,,,594,,,On,Connected,-70.000000,2437,14,,,,IWLAN
146,1,,,-121.9331852,47.5260322,2026-01-27 02:05:08.000,_20260126_180244_CH02_TMO_5GNR_WFC_REF_TC-172-R1.dml,,,,,,,,,,NR SA,,,,,,,,,,0,,,,,,,,,594,,,On,Connected,-70.000000,2437,14,,,,IWLAN
147,1,,,-121.9331852,47.5260322,2026-01-27 02:05:09.000,_20260126_180244_CH02_TMO_5GNR_WFC_REF_TC-172-R1.dml,,,,,,,,,,NR SA,,,,,,,,,,0,,,,,,,,,594,,,On,Connected,-67.000000,2437,14,,,,IWLAN
148,1,,,-121.9331852,47.5260322,2026-01-27 02:05:10.000,_20260126_180244_CH02_TMO_5GNR_WFC_REF_TC-172-R1.dml,,,,,,,,,,NR SA,,,,,,,,,,0,,,,,,,,,594,,,On,Connected,-67.000000,2437,14,,,,IWLAN
149,1,,,-121.9331852,47.5260322,2026-01-27 02:05:11.000,_20260126_180244_CH02_TMO_5GNR_WFC_REF_TC-172-R1.dml,,,,,,,,,,NR SA,,,,,,,,,,0,,,,,,,,,594,,,On,Connected,-67.000000,2437,14,,,,IWLAN
150,1,,,-121.9331852,47.5260322,2026-01-27 02:05:12.000,_20260126_180244_CH02_TMO_5GNR_WFC_REF_TC-172-R1.dml,,,,,,,,,,NR SA,,,,,,,,,,0,,,,,,,,,594,,,On,Connected,-71.000000,2437,14,,,,IWLAN
151,1,,,-121.9331852,47.5260322,2026-01-27 02:05:13.000,_20260126_180244_CH02_TMO_5GNR_WFC_REF_TC-172-R1.dml,,,,,,,,,,NR SA,,,,,,,,,,0,,,,,,,,,594,,,On,Connected,-71.000000,2437,14,,,,NR (NR_SA)
152,1,,,-121.9331852,47.5260322,2026-01-27 02:05:14.000,_20260126_180244_CH02_TMO_5GNR_WFC_REF_TC-172-R1.dml,,,,,,,,,,NR SA,,,,,,,,,,0,,,,,,,,,594,,,On,Connected,-71.000000,2437,14,,,,NR (NR_SA)
153,1,,,-121.9331852,47.5260322,2026-01-27 02:05:15.000,_20260126_180244_CH02_TMO_5GNR_WFC_REF_TC-172-R1.dml,,,,,,,,,,NR SA,,,,,,,,,,0,,,,,,,,,594,,,On,Connected,-65.000000,2437,14,,,,NR (NR_SA)
154,1,,,-121.9331852,47.5260322,2026-01-27 02:05:16.000,_20260126_180244_CH02_TMO_5GNR_WFC_REF_TC-172-R1.dml,,,,,,,,,,NR SA,,,,,,,,,,0,,,,,,,,,594,,,On,Connected,-65.000000,2437,14,,,,NR (NR_SA)
155,1,,,-121.9331852,47.5260322,2026-01-27 02:05:17.000,_20260126_180244_CH02_TMO_5GNR_WFC_REF_TC-172-R1.dml,,,,,,,,,,NR SA,,,,,,,,,,0,,,,,,,,,594,,,On,Connected,-65.000000,2437,14,,,,NR (NR_SA)
156,1,,,-121.9331852,47.5260322,2026-01-27 02:05:18.000,_20260126_180244_CH02_TMO_5GNR_WFC_REF_TC-172-R1.dml,,,,,,,,,,NR SA,,,,,,,,,,0,,,,,,,,,594,,,On,Connected,-65.000000,2437,14,,,,NR (NR_SA)
157,1,,,-121.9331852,47.5260322,2026-01-27 02:05:19.000,_20260126_180244_CH02_TMO_5GNR_WFC_REF_TC-172-R1.dml,,,,,,,,,,NR SA,,,,,,,,,,0,,,,,,,,,594,,,On,Connected,-65.000000,2437,14,,,,NR (NR_SA)
158,1,,,-121.9331852,47.5260322,2026-01-27 02:05:20.000,_20260126_180244_CH02_TMO_5GNR_WFC_REF_TC-172-R1.dml,,,,,,,,,,NR SA,,,,,,,,,,0,,,,,,,,,594,,,On,Connected,-65.000000,2437,14,,,,NR (NR_SA)
159,1,,,-121.9331852,47.5260322,2026-01-27 02:05:21.000,_20260126_180244_CH02_TMO_5GNR_WFC_REF_TC-172-R1.dml,,,,,,,,,,NR SA,,,,,,,,,,0,,,,,,,,,594,,,On,Connected,-63.000000,2437,14,,,,NR (NR_SA)
160,1,,,-121.9331852,47.5260322,2026-01-27 02:05:22.000,_20260126_180244_CH02_TMO_5GNR_WFC_REF_TC-172-R1.dml,,,,,,,,,,NR SA,,,,,,,,,,0,,,,,,,,,594,,,On,Connected,-63.000000,2437,14,,,,NR (NR_SA)
161,1,,,-121.9331852,47.5260322,2026-01-27 02:05:23.000,_20260126_180244_CH02_TMO_5GNR_WFC_REF_TC-172-R1.dml,,,,,,,,,,NR SA,,,,,,,,,,0,,,,,,,,,594,,,On,Connected,-63.000000,2437,14,,,,NR (NR_SA)
162,1,,,-121.9331852,47.5260322,2026-01-27 02:05:25.000,_20260126_180244_CH02_TMO_5GNR_WFC_REF_TC-172-R1.dml,,,,,,,,,,NR SA,,,,,,,,,,0,,,,,,,,,594,,,On,Connected,-63.000000,2437,14,,,,NR (NR_SA)
163,1,,,-121.9331852,47.5260322,2026-01-27 02:05:27.000,_20260126_180244_CH02_TMO_5GNR_WFC_REF_TC-172-R1.dml,,,,,,,,,,NR SA,,,,,,,,,,0,,,,,,,,,594,,,On,Connected,-63.000000,2437,14,,,,NR (NR_SA)
164,1,,,-121.9331852,47.5260322,2026-01-27 02:05:28.000,_20260126_180244_CH02_TMO_5GNR_WFC_REF_TC-172-R1.dml,,,,,,,,,,NR SA,,,,,,,,,,0,,,,,,,,,594,,,On,Connected,-63.000000,2437,14,,,,NR (NR_SA)
165,1,,,-121.9331852,47.5260322,2026-01-27 02:05:29.000,_20260126_180244_CH02_TMO_5GNR_WFC_REF_TC-172-R1.dml,,,,,,,,,,NR SA,,,,,,,,,,0,,,,,,,,,594,,,On,Connected,-63.000000,2437,14,,,,NR (NR_SA)
166,1,,,-121.9331852,47.5260322,2026-01-27 02:05:30.000,_20260126_180244_CH02_TMO_5GNR_WFC_REF_TC-172-R1.dml,,,,,,,,,,NR SA,,,,,,,,,,0,,,,,,,,,594,,,On,Connected,-63.000000,2437,14,,,,NR (NR_SA)
167,1,,,-121.9331852,47.5260322,2026-01-27 02:05:31.000,_20260126_180244_CH02_TMO_5GNR_WFC_REF_TC-172-R1.dml,,,,,,,,,,NR SA,,,,,,,,,,0,,,,,,,,,594,,,On,Connected,-62.000000,2437,14,,,,NR (NR_SA)
168,1,,,-121.9331852,47.5260322,2026-01-27 02:05:32.000,_20260126_180244_CH02_TMO_5GNR_WFC_REF_TC-172-R1.dml,,,,,,,,,,NR SA,,,,,,,,,,0,,,,,,,,,594,,,On,Connected,-62.000000,2437,14,,,,NR (NR_SA)
169,1,,,-121.9331852,47.5260322,2026-01-27 02:05:33.000,_20260126_180244_CH02_TMO_5GNR_WFC_REF_TC-172-R1.dml,,,,,,,,,,NR SA,,,,,,,,,,0,,,,,,,,,594,,,On,Connected,-62.000000,2437,14,,,,NR (NR_SA)
170,1,,,-121.9331852,47.5260322,2026-01-27 02:05:34.000,_20260126_180244_CH02_TMO_5GNR_WFC_REF_TC-172-R1.dml,,,,,,,,,,NR SA,,,,,,,,,,0,,,,,,,,,594,,,On,Connected,-63.000000,2437,14,,,,NR (NR_SA)
171,1,,,-121.9331852,47.5260322,2026-01-27 02:05:35.000,_20260126_180244_CH02_TMO_5GNR_WFC_REF_TC-172-R1.dml,,,,,,,,,,NR SA,,,,,,,,,,0,,,,,,,,,594,,,On,Connected,-63.000000,2437,14,,,,NR (NR_SA)
172,1,,,-121.9331852,47.5260322,2026-01-27 02:05:36.000,_20260126_180244_CH02_TMO_5GNR_WFC_REF_TC-172-R1.dml,,,,,,,,,,NR SA,,,,,,,,,,0,,,,,,,,,594,,,On,Connected,-63.000000,2437,14,,,,NR (NR_SA)
173,1,,,-121.9331852,47.5260322,2026-01-27 02:05:37.000,_20260126_180244_CH02_TMO_5GNR_WFC_REF_TC-172-R1.dml,,,,,,,,,,NR SA,,,,,,,,,,0,,,,,,,,,594,,,On,Connected,-65.000000,2437,14,,,,NR (NR_SA)
174,1,,,-121.9331852,47.5260322,2026-01-27 02:05:38.000,_20260126_180244_CH02_TMO_5GNR_WFC_REF_TC-172-R1.dml,,,,,,,,,,NR SA,,,,,,,,,,0,,,,,,,,,594,,,On,Connected,-65.000000,2437,14,,,,NR (NR_SA)
175,1,,,-121.9331852,47.5260322,2026-01-27 02:05:39.000,_20260126_180244_CH02_TMO_5GNR_WFC_REF_TC-172-R1.dml,,,,,,,,,,NR SA,,,,,,,,,,0,,,,,,,,,594,,,On,Connected,-65.000000,2437,14,,,,NR (NR_SA)
176,1,,,-121.9331852,47.5260322,2026-01-27 02:05:40.000,_20260126_180244_CH02_TMO_5GNR_WFC_REF_TC-172-R1.dml,,,,,,,,,,NR SA,,,,,,,,,,0,,,,,,,,,594,,,On,Connected,-62.000000,2437,14,,,,NR (NR_SA)
177,1,,,-121.9331852,47.5260322,2026-01-27 02:05:41.000,_20260126_180244_CH02_TMO_5GNR_WFC_REF_TC-172-R1.dml,,,,,,,,,,NR SA,,,,,,,,,,0,,,,,,,,,594,,,On,Connected,-62.000000,2437,14,,,,NR (NR_SA)
178,1,,,-121.9331852,47.5260322,2026-01-27 02:05:42.000,_20260126_180244_CH02_TMO_5GNR_WFC_REF_TC-172-R1.dml,,,,,,,,,,NR SA,,,,,,,,,,0,,,,,,,,,594,,,On,Connected,-62.000000,2437,14,,,,NR (NR_SA)
179,1,,,-121.9331852,47.5260322,2026-01-27 02:05:43.000,_20260126_180244_CH02_TMO_5GNR_WFC_REF_TC-172-R1.dml,,,,,,,,,,NR SA,,,,,,,,,,0,,,,,,,,,594,,,On,Connected,-63.000000,2437,14,,,,NR (NR_SA)
180,1,,,-121.9331852,47.5260322,2026-01-27 02:05:44.000,_20260126_180244_CH02_TMO_5GNR_WFC_REF_TC-172-R1.dml,,,,,,,,,,NR SA,,,,,,,,,,0,,,,,,,,,594,,,On,Connected,-63.000000,2437,14,,,,NR (NR_SA)
181,1,,,-121.9331852,47.5260322,2026-01-27 02:05:45.000,_20260126_180244_CH02_TMO_5GNR_WFC_REF_TC-172-R1.dml,,,,,,,,,,NR SA,,,,,,,,,,0,,,,,,,,,594,,,On,Connected,-63.000000,2437,14,,,,NR (NR_SA)
182,1,,,-121.9331852,47.5260322,2026-01-27 02:05:46.000,_20260126_180244_CH02_TMO_5GNR_WFC_REF_TC-172-R1.dml,,,,,,,,,,NR SA,,,,,,,,,,0,,,,,,,,,594,,,On,Connected,-66.000000,2437,14,,,,NR (NR_SA)
183,1,,,-121.9331852,47.5260322,2026-01-27 02:05:47.000,_20260126_180244_CH02_TMO_5GNR_WFC_REF_TC-172-R1.dml,,,,,,,,,,NR SA,,,,,,,,,,0,,,,,,,,,594,,,On,Connected,-66.000000,2437,14,,,,NR (NR_SA)
184,1,,,-121.9331852,47.5260322,2026-01-27 02:05:48.000,_20260126_180244_CH02_TMO_5GNR_WFC_REF_TC-172-R1.dml,,,,,,,,,,NR SA,,,,,,,,,,0,,,,,,,,,594,,,On,Connected,-66.000000,2437,14,,,,NR (NR_SA)
185,1,,,-121.9331852,47.5260322,2026-01-27 02:05:49.000,_20260126_180244_CH02_TMO_5GNR_WFC_REF_TC-172-R1.dml,,,,,,,,,,NR SA,,,,,,,,,,0,,,,,,,,,594,,,On,Connected,-65.000000,2437,14,,,,NR (NR_SA)
186,1,,,-121.9331852,47.5260322,2026-01-27 02:05:50.000,_20260126_180244_CH02_TMO_5GNR_WFC_REF_TC-172-R1.dml,,,,,,,,,,NR SA,,,,,,,,,,0,,,,,,,,,594,,,,Connected,,,,,,,NR (NR_SA)
187,1,,,-121.9331852,47.5260322,2026-01-27 02:05:51.000,_20260126_180244_CH02_TMO_5GNR_WFC_REF_TC-172-R1.dml,,,,,,,,,,NR SA,,,,,,,,,,0,,,,,,,,,594,,,On,Connected,-65.000000,2437,14,,,,NR (NR_SA)
188,1,,,-121.9331852,47.5260322,2026-01-27 02:05:52.000,_20260126_180244_CH02_TMO_5GNR_WFC_REF_TC-172-R1.dml,,,,,,,,,,NR SA,,,,,,,,,,0,,,,,,,,,594,,,On,Connected,-65.000000,2437,14,,,,NR (NR_SA)
189,1,,,-121.9331852,47.5260322,2026-01-27 02:05:53.000,_20260126_180244_CH02_TMO_5GNR_WFC_REF_TC-172-R1.dml,,,,,,,,,,NR SA,,,,,,,,,,0,,,,,,,,,594,,,On,Connected,-65.000000,2437,14,,,,NR (NR_SA)
190,1,,,-121.9331852,47.5260322,2026-01-27 02:05:54.000,_20260126_180244_CH02_TMO_5GNR_WFC_REF_TC-172-R1.dml,,,,,,,,,,NR SA,,,,,,,,,,0,,,,,,,,,594,,,On,Connected,-65.000000,2437,14,,,,NR (NR_SA)
191,1,,,-121.9331852,47.5260322,2026-01-27 02:05:55.000,_20260126_180244_CH02_TMO_5GNR_WFC_REF_TC-172-R1.dml,,,,,,,,,,NR SA,,,,,,,,,,0,,,,,,,,,594,,,On,Connected,-65.000000,2437,14,,,,NR (NR_SA)
192,1,,,-121.9331852,47.5260322,2026-01-27 02:05:56.000,_20260126_180244_CH02_TMO_5GNR_WFC_REF_TC-172-R1.dml,,,,,,,,,,NR SA,,,,,,,,,,0,,,,,,,,,594,,,On,Connected,-65.000000,2437,14,,,,NR (NR_SA)
193,1,,,-121.9331852,47.5260322,2026-01-27 02:05:57.000,_20260126_180244_CH02_TMO_5GNR_WFC_REF_TC-172-R1.dml,,,,,,,,,,NR SA,,,,,,,,,,0,,,,,,,,,594,,,On,Connected,-65.000000,2437,14,,,,NR (NR_SA)
194,1,,,-121.9331852,47.5260322,2026-01-27 02:05:58.000,_20260126_180244_CH02_TMO_5GNR_WFC_REF_TC-172-R1.dml,,,,,,,,,,NR SA,,,,,,,,,,0,,,,,,,,,594,,,On,Connected,-65.000000,2437,14,,,,NR (NR_SA)
195,1,,,-121.9331852,47.5260322,2026-01-27 02:05:59.000,_20260126_180244_CH02_TMO_5GNR_WFC_REF_TC-172-R1.dml,,,,,,,,,,NR SA,,,,,,,,,,0,,,,,,,,,594,,,On,Connected,-60.000000,2437,14,,,,NR (NR_SA)
196,1,,,-121.9331852,47.5260322,2026-01-27 02:06:00.000,_20260126_180244_CH02_TMO_5GNR_WFC_REF_TC-172-R1.dml,,,,,,,,,,NR SA,,,,,,,,,,0,,,,,,,,,594,,,On,Connected,-60.000000,2437,14,,,,NR (NR_SA)
197,1,,,-121.9331852,47.5260322,2026-01-27 02:06:01.000,_20260126_180244_CH02_TMO_5GNR_WFC_REF_TC-172-R1.dml,,,,,,,,,,NR SA,,,,,,,,,,0,,,,,,,,,594,,,On,Connected,-60.000000,2437,14,,,,NR (NR_SA)
198,1,,,-121.9331852,47.5260322,2026-01-27 02:06:02.000,_20260126_180244_CH02_TMO_5GNR_WFC_REF_TC-172-R1.dml,,,,,,,,,,NR SA,,,,,,,,,,0,,,,,,,,,594,,,On,Connected,-63.000000,2437,14,,,,NR (NR_SA)
199,1,,,-121.9331852,47.5260322,2026-01-27 02:06:03.000,_20260126_180244_CH02_TMO_5GNR_WFC_REF_TC-172-R1.dml,,,,,,,,,,NR SA,,,,,,,,,,0,,,,,,,,,594,,,On,Connected,-63.000000,2437,14,,,,NR (NR_SA)
200,1,,,-121.9331852,47.5260322,2026-01-27 02:06:04.000,_20260126_180244_CH02_TMO_5GNR_WFC_REF_TC-172-R1.dml,,,,,,,,,,NR SA,,,,,,,,,,0,,,,,,,,,594,,,On,Connected,-63.000000,2437,14,,,,NR (NR_SA)
201,1,,,-121.9331852,47.5260322,2026-01-27 02:06:05.000,_20260126_180244_CH02_TMO_5GNR_WFC_REF_TC-172-R1.dml,,,,,,,,,,NR SA,,,,,,,,,,0,,,,,,,,,594,,,On,Connected,-62.000000,2437,14,,,,NR (NR_SA)
202,1,,,-121.9331852,47.5260322,2026-01-27 02:06:06.000,_20260126_180244_CH02_TMO_5GNR_WFC_REF_TC-172-R1.dml,,,,,,,,,,NR SA,,,,,,,,,,0,,,,,,,,,594,,,On,Connected,-62.000000,2437,14,,,,NR (NR_SA)
203,1,,,-121.9331852,47.5260322,2026-01-27 02:06:07.000,_20260126_180244_CH02_TMO_5GNR_WFC_REF_TC-172-R1.dml,,,,,,,,,,NR SA,,,,,,,,,,0,,,,,,,,,594,,,On,Connected,-62.000000,2437,14,,,,NR (NR_SA)
204,1,,,-121.9331852,47.5260322,2026-01-27 02:06:08.000,_20260126_180244_CH02_TMO_5GNR_WFC_REF_TC-172-R1.dml,,,,,,,,,,NR SA,,,,,,,,,,0,,,,,,,,,594,,,On,Connected,-63.000000,2437,14,,,,NR (NR_SA)
205,1,,,-121.9331852,47.5260322,2026-01-27 02:06:09.000,_20260126_180244_CH02_TMO_5GNR_WFC_REF_TC-172-R1.dml,,,,,,,,,,NR SA,,,,,,,,,,0,,,,,,,,,594,,,On,Connected,-63.000000,2437,14,,,,NR (NR_SA)
206,1,,,-121.9331852,47.5260322,2026-01-27 02:06:10.000,_20260126_180244_CH02_TMO_5GNR_WFC_REF_TC-172-R1.dml,,,,,,,,,,NR SA,,,,,,,,,,0,,,,,,,,,594,,,On,Connected,-63.000000,2437,14,,,,NR (NR_SA)
207,1,,,-121.9331852,47.5260322,2026-01-27 02:06:11.000,_20260126_180244_CH02_TMO_5GNR_WFC_REF_TC-172-R1.dml,,,,,,,,,,NR SA,,,,,,,,,,0,,,,,,,,,594,,,On,Connected,-64.000000,2437,14,,,,NR (NR_SA)
208,1,,,-121.9331852,47.5260322,2026-01-27 02:06:12.000,_20260126_180244_CH02_TMO_5GNR_WFC_REF_TC-172-R1.dml,,,,,,,,,,NR SA,,,,,,,,,,0,,,,,,,,,594,,,On,Connected,-64.000000,2437,14,,,,NR (NR_SA)
209,1,,,-121.9331852,47.5260322,2026-01-27 02:06:13.000,_20260126_180244_CH02_TMO_5GNR_WFC_REF_TC-172-R1.dml,,,,,,,,,,NR SA,,,,,,,,,,0,,,,,,,,,594,,,On,Connected,-64.000000,2437,14,,,,NR (NR_SA)
210,1,,,-121.9331852,47.5260322,2026-01-27 02:06:14.000,_20260126_180244_CH02_TMO_5GNR_WFC_REF_TC-172-R1.dml,,,,,,,,,,NR SA,,,,,,,,,,0,,,,,,,,,594,,,On,Connected,-64.000000,2437,14,,,,NR (NR_SA)
211,1,,,-121.9331852,47.5260322,2026-01-27 02:06:15.000,_20260126_180244_CH02_TMO_5GNR_WFC_REF_TC-172-R1.dml,,,,,,,,,,NR SA,,,,,,,,,,0,,,,,,,,,594,,,On,Connected,-64.000000,2437,14,,,,NR (NR_SA)
212,1,,,-121.9331852,47.5260322,2026-01-27 02:06:16.000,_20260126_180244_CH02_TMO_5GNR_WFC_REF_TC-172-R1.dml,,,,,,,,,,NR SA,,,,,,,,,,0,,,,,,,,,594,,,On,Connected,-64.000000,2437,14,,,,NR (NR_SA)
213,1,,,-121.9331852,47.5260322,2026-01-27 02:06:17.000,_20260126_180244_CH02_TMO_5GNR_WFC_REF_TC-172-R1.dml,,,,,,,,,,NR SA,,,,,,,,,,0,,,,,,,,,594,,,On,Connected,-65.000000,2437,14,,,,NR (NR_SA)
214,1,,,-121.9331852,47.5260322,2026-01-27 02:06:18.000,_20260126_180244_CH02_TMO_5GNR_WFC_REF_TC-172-R1.dml,,,,,,,,,,NR SA,,,,,,,,,,0,,,,,,,,,594,,,On,Connected,-65.000000,2437,14,,,,NR (NR_SA)
215,1,,,-121.9331852,47.5260322,2026-01-27 02:06:19.000,_20260126_180244_CH02_TMO_5GNR_WFC_REF_TC-172-R1.dml,,,,,,,,,,NR SA,,,,,,,,,,0,,,,,,,,,594,,,On,Connected,-65.000000,2437,14,,,,NR (NR_SA)
216,1,,,-121.9331852,47.5260322,2026-01-27 02:06:20.000,_20260126_180244_CH02_TMO_5GNR_WFC_REF_TC-172-R1.dml,,,,,,,,,,NR SA,,,,,,,,,,0,,,,,,,,,594,,,On,Connected,-66.000000,2437,14,,,,NR (NR_SA)
217,1,,,-121.9331852,47.5260322,2026-01-27 02:06:21.000,_20260126_180244_CH02_TMO_5GNR_WFC_REF_TC-172-R1.dml,,,,,,,,,,NR SA,,,,,,,,,,0,,,,,,,,,594,,,On,Connected,-66.000000,2437,14,,,,NR (NR_SA)
218,1,,,-121.9331852,47.5260322,2026-01-27 02:06:22.000,_20260126_180244_CH02_TMO_5GNR_WFC_REF_TC-172-R1.dml,,,,,,,,,,NR SA,,,,,,,,,,0,,,,,,,,,594,,,On,Connected,-66.000000,2437,14,,,,NR (NR_SA)
219,1,,,-121.9331852,47.5260322,2026-01-27 02:06:23.000,_20260126_180244_CH02_TMO_5GNR_WFC_REF_TC-172-R1.dml,,,,,,,,,,NR SA,,,,,,,,,,0,,,,,,,,,594,,,On,Connected,-71.000000,2437,14,,,,NR (NR_SA)
220,1,,,-121.9331852,47.5260322,2026-01-27 02:06:24.000,_20260126_180244_CH02_TMO_5GNR_WFC_REF_TC-172-R1.dml,,,,,,,,,,NR SA,,,,,,,,,,0,,,,,,,,,594,,,On,Connected,-71.000000,2437,14,,,,NR (NR_SA)
221,1,,,-121.9331852,47.5260322,2026-01-27 02:06:25.000,_20260126_180244_CH02_TMO_5GNR_WFC_REF_TC-172-R1.dml,,,,,,,,,,NR SA,,,,,,,,,,0,,,,,,,,,594,,,On,Connected,-71.000000,2437,14,,,,NR (NR_SA)
222,1,,,-121.9331852,47.5260322,2026-01-27 02:06:26.000,_20260126_180244_CH02_TMO_5GNR_WFC_REF_TC-172-R1.dml,,,,,,,,,,NR SA,,,,,,,,,,0,,,,,,,,,594,,,On,Connected,-71.000000,2437,14,,,,NR (NR_SA)
223,1,,,-121.9331852,47.5260322,2026-01-27 02:06:27.000,_20260126_180244_CH02_TMO_5GNR_WFC_REF_TC-172-R1.dml,,,,,,,,,,NR SA,,,,,,,,,,0,,,,,,,,,594,,,On,Connected,-71.000000,2437,14,,,,NR (NR_SA)
224,1,,,-121.9331852,47.5260322,2026-01-27 02:06:28.000,_20260126_180244_CH02_TMO_5GNR_WFC_REF_TC-172-R1.dml,,,,,,,,,,NR SA,,,,,,,,,,0,,,,,,,,,594,,,On,Connected,-71.000000,2437,14,,,,NR (NR_SA)
225,1,,,-121.9331852,47.5260322,2026-01-27 02:06:29.000,_20260126_180244_CH02_TMO_5GNR_WFC_REF_TC-172-R1.dml,,,,,,,,,,NR SA,,,,,,,,,,0,,,,,,,,,594,,,On,Connected,-70.000000,2437,14,,,,NR (NR_SA)
226,1,,,-121.9331852,47.5260322,2026-01-27 02:06:30.000,_20260126_180244_CH02_TMO_5GNR_WFC_REF_TC-172-R1.dml,,,,,,,,,,NR SA,,,,,,,,,,0,,,,,,,,,594,,,On,Connected,-70.000000,2437,14,,,,NR (NR_SA)
227,1,,,-121.9331852,47.5260322,2026-01-27 02:06:31.000,_20260126_180244_CH02_TMO_5GNR_WFC_REF_TC-172-R1.dml,,,,,,,,,,NR SA,,,,,,,,,,0,,,,,,,,,594,,,On,Connected,-70.000000,2437,14,,,,NR (NR_SA)
228,1,,,-121.9331852,47.5260322,2026-01-27 02:06:32.000,_20260126_180244_CH02_TMO_5GNR_WFC_REF_TC-172-R1.dml,,,,,,,,,,NR SA,,,,,,,,,,0,,,,,,,,,594,,,On,Connected,-65.000000,2437,14,,,,NR (NR_SA)
229,1,,,-121.9331852,47.5260322,2026-01-27 02:06:33.000,_20260126_180244_CH02_TMO_5GNR_WFC_REF_TC-172-R1.dml,,,,,,,,,,NR SA,,,,,,,,,,0,,,,,,,,,594,,,On,Connected,-65.000000,2437,14,,,,NR (NR_SA)
230,1,,,-121.9331852,47.5260322,2026-01-27 02:06:34.000,_20260126_180244_CH02_TMO_5GNR_WFC_REF_TC-172-R1.dml,,,,,,,,,,NR SA,,,,,,,,,,0,,,,,,,,,594,,,On,Connected,-65.000000,2437,14,,,,NR (NR_SA)
231,1,,,-121.9331852,47.5260322,2026-01-27 02:06:35.000,_20260126_180244_CH02_TMO_5GNR_WFC_REF_TC-172-R1.dml,,,,,,,,,,NR SA,,,,,,,,,,0,,,,,,,,,594,,,On,Connected,-67.000000,2437,14,,,,NR (NR_SA)
232,1,,,-121.9331852,47.5260322,2026-01-27 02:06:36.000,_20260126_180244_CH02_TMO_5GNR_WFC_REF_TC-172-R1.dml,,,,,,,,,,NR SA,,,,,,,,,,0,,,,,,,,,594,,,On,Connected,-67.000000,2437,14,,,,NR (NR_SA)
233,1,,,-121.9331852,47.5260322,2026-01-27 02:06:37.000,_20260126_180244_CH02_TMO_5GNR_WFC_REF_TC-172-R1.dml,,,,,,,,,,NR SA,,,,,,,,,,0,,,,,,,,,594,,,On,Connected,-67.000000,2437,14,,,,NR (NR_SA)
234,1,,,-121.9331852,47.5260322,2026-01-27 02:06:38.000,_20260126_180244_CH02_TMO_5GNR_WFC_REF_TC-172-R1.dml,,,,,,,,,,NR SA,,,,,,,,,,0,,,,,,,,,594,,,On,Connected,-65.000000,2437,14,,,,NR (NR_SA)
235,1,,,-121.9331852,47.5260322,2026-01-27 02:06:39.000,_20260126_180244_CH02_TMO_5GNR_WFC_REF_TC-172-R1.dml,,,,,,,,,,NR SA,,,,,,,,,,0,,,,,,,,,594,,,On,Connected,-65.000000,2437,14,,,,NR (NR_SA)
236,1,,,-121.9331852,47.5260322,2026-01-27 02:06:40.000,_20260126_180244_CH02_TMO_5GNR_WFC_REF_TC-172-R1.dml,,,,,,,,,,NR SA,,,,,,,,,,0,,,,,,,,,594,,,On,Connected,-65.000000,2437,14,,,,NR (NR_SA)
237,1,,,-121.9331852,47.5260322,2026-01-27 02:06:41.000,_20260126_180244_CH02_TMO_5GNR_WFC_REF_TC-172-R1.dml,,,,,,,,,,NR SA,,,,,,,,,,0,,,,,,,,,594,,,On,Connected,-64.000000,2437,14,,,,NR (NR_SA)
238,1,,,-121.9331852,47.5260322,2026-01-27 02:06:42.000,_20260126_180244_CH02_TMO_5GNR_WFC_REF_TC-172-R1.dml,,,,,,,,,,NR SA,,,,,,,,,,0,,,,,,,,,594,,,On,Connected,-64.000000,2437,14,,,,NR (NR_SA)
239,1,,,-121.9331852,47.5260322,2026-01-27 02:06:43.000,_20260126_180244_CH02_TMO_5GNR_WFC_REF_TC-172-R1.dml,,,,,,,,,,NR SA,,,,,,,,,,0,,,,,,,,,594,,,On,Connected,-64.000000,2437,14,,,,NR (NR_SA)
240,1,,,-121.9331852,47.5260322,2026-01-27 02:06:44.000,_20260126_180244_CH02_TMO_5GNR_WFC_REF_TC-172-R1.dml,,,,,,,,,,NR SA,,,,,,,,,,0,,,,,,,,,594,,,On,Connected,-65.000000,2437,14,,,,NR (NR_SA)
241,1,,,-121.9331852,47.5260322,2026-01-27 02:06:45.000,_20260126_180244_CH02_TMO_5GNR_WFC_REF_TC-172-R1.dml,,,,,,,,,,NR SA,,,,,,,,,,0,,,,,,,,,594,,,On,Connected,-65.000000,2437,14,,,,NR (NR_SA)
242,1,,,-121.9331852,47.5260322,2026-01-27 02:06:46.000,_20260126_180244_CH02_TMO_5GNR_WFC_REF_TC-172-R1.dml,,,,,,,,,,NR SA,,,,,,,,,,0,,,,,,,,,594,,,On,Connected,-65.000000,2437,14,,,,NR (NR_SA)
243,1,,,-121.9331852,47.5260322,2026-01-27 02:06:47.000,_20260126_180244_CH02_TMO_5GNR_WFC_REF_TC-172-R1.dml,,,,,,,,,,NR SA,,,,,,,,,,0,,,,,,,,,594,,,On,Connected,-66.000000,2437,14,,,,NR (NR_SA)
244,1,,,-121.9331852,47.5260322,2026-01-27 02:06:48.000,_20260126_180244_CH02_TMO_5GNR_WFC_REF_TC-172-R1.dml,,,,,,,,,,NR SA,,,,,,,,,,0,,,,,,,,,594,,,On,Connected,-66.000000,2437,14,,,,NR (NR_SA)
245,1,,,-121.9331852,47.5260322,2026-01-27 02:06:49.000,_20260126_180244_CH02_TMO_5GNR_WFC_REF_TC-172-R1.dml,,,,,,,,,,NR SA,,,,,,,,,,0,,,,,,,,,594,,,On,Connected,-66.000000,2437,14,,,,NR (NR_SA)
246,1,,,-121.9331852,47.5260322,2026-01-27 02:06:50.000,_20260126_180244_CH02_TMO_5GNR_WFC_REF_TC-172-R1.dml,,,,,,,,,,NR SA,,,,,,,,,,0,,,,,,,,,594,,,On,Connected,-65.000000,2437,14,,,,NR (NR_SA)
247,1,,,-121.9331852,47.5260322,2026-01-27 02:06:51.000,_20260126_180244_CH02_TMO_5GNR_WFC_REF_TC-172-R1.dml,,,,,,,,,,NR SA,,,,,,,,,,0,,,,,,,,,594,,,On,Connected,-65.000000,2437,14,,,,NR (NR_SA)
248,1,,,-121.9331852,47.5260322,2026-01-27 02:06:52.000,_20260126_180244_CH02_TMO_5GNR_WFC_REF_TC-172-R1.dml,,,,,,,,,,NR SA,,,,,,,,,,0,,,,,,,,,594,,,On,Connected,-65.000000,2437,14,,,,NR (NR_SA)
249,1,,,-121.9331852,47.5260322,2026-01-27 02:06:53.000,_20260126_180244_CH02_TMO_5GNR_WFC_REF_TC-172-R1.dml,,,,,,,,,,NR SA,,,,,,,,,,0,,,,,,,,,594,,,On,Connected,-65.000000,2437,14,,,,NR (NR_SA)
250,1,,,-121.9331852,47.5260322,2026-01-27 02:06:54.000,_20260126_180244_CH02_TMO_5GNR_WFC_REF_TC-172-R1.dml,,,,,,,,,,NR SA,,,,,,,,,,0,,,,,,,,,594,,,On,Connected,-65.000000,2437,14,,,,NR (NR_SA)
251,1,,,-121.9331852,47.5260322,2026-01-27 02:06:55.000,_20260126_180244_CH02_TMO_5GNR_WFC_REF_TC-172-R1.dml,,,,,,,,,,NR SA,,,,,,,,,,0,,,,,,,,,594,,,On,Connected,-65.000000,2437,14,,,,NR (NR_SA)
252,1,,,-121.9331852,47.5260322,2026-01-27 02:06:56.000,_20260126_180244_CH02_TMO_5GNR_WFC_REF_TC-172-R1.dml,,,,,,,,,,NR SA,,,,,,,,,,0,,,,,,,,,594,,,On,Connected,-63.000000,2437,14,,,,NR (NR_SA)
253,1,,,-121.9331852,47.5260322,2026-01-27 02:06:57.000,_20260126_180244_CH02_TMO_5GNR_WFC_REF_TC-172-R1.dml,,,,,,,,,,NR SA,,,,,,,,,,0,,,,,,,,,594,,,On,Connected,-63.000000,2437,14,,,,NR (NR_SA)
254,1,,,-121.9331852,47.5260322,2026-01-27 02:06:58.000,_20260126_180244_CH02_TMO_5GNR_WFC_REF_TC-172-R1.dml,,,,,,,,,,NR SA,,,,,,,,,,0,,,,,,,,,594,,,On,Connected,-63.000000,2437,14,,,,NR (NR_SA)
255,1,,,-121.9331852,47.5260322,2026-01-27 02:06:59.000,_20260126_180244_CH02_TMO_5GNR_WFC_REF_TC-172-R1.dml,,,,,,,,,,NR SA,,,,,,,,,,0,,,,,,,,,594,,,On,Connected,-67.000000,2437,14,,,,NR (NR_SA)
256,1,,,-121.9331852,47.5260322,2026-01-27 02:07:00.000,_20260126_180244_CH02_TMO_5GNR_WFC_REF_TC-172-R1.dml,,,,,,,,,,NR SA,,,,,,,,,,0,,,,,,,,,594,,,On,Connected,-67.000000,2437,14,,,,NR (NR_SA)
257,1,,,-121.9331852,47.5260322,2026-01-27 02:07:01.000,_20260126_180244_CH02_TMO_5GNR_WFC_REF_TC-172-R1.dml,,,,,,,,,,NR SA,,,,,,,,,,0,,,,,,,,,594,,,On,Connected,-67.000000,2437,14,,,,NR (NR_SA)
258,1,,,-121.9331852,47.5260322,2026-01-27 02:07:02.000,_20260126_180244_CH02_TMO_5GNR_WFC_REF_TC-172-R1.dml,,,,,,,,,,NR SA,,,,,,,,,,0,,,,,,,,,594,,,On,Connected,-66.000000,2437,14,,,,NR (NR_SA)
259,1,,,-121.9331852,47.5260322,2026-01-27 02:07:03.000,_20260126_180244_CH02_TMO_5GNR_WFC_REF_TC-172-R1.dml,,,,,,,,,,NR SA,,,,,,,,,,0,,,,,,,,,594,,,On,Connected,-66.000000,2437,14,,,,NR (NR_SA)
260,1,,,-121.9331852,47.5260322,2026-01-27 02:07:04.000,_20260126_180244_CH02_TMO_5GNR_WFC_REF_TC-172-R1.dml,,,,,,,,,,NR SA,,,,,,,,,,0,,,,,,,,,594,,,On,Connected,-66.000000,2437,14,,,,NR (NR_SA)
261,1,,,-121.9331852,47.5260322,2026-01-27 02:07:05.000,_20260126_180244_CH02_TMO_5GNR_WFC_REF_TC-172-R1.dml,,,,,,,,,,NR SA,,,,,,,,,,0,,,,,,,,,594,,,On,Connected,-66.000000,2437,14,,,,NR (NR_SA)
262,1,,,-121.9331852,47.5260322,2026-01-27 02:07:06.000,_20260126_180244_CH02_TMO_5GNR_WFC_REF_TC-172-R1.dml,,,,,,,,,,NR SA,,,,,,,,,,0,,,,,,,,,594,,,On,Connected,-66.000000,2437,14,,,,NR (NR_SA)
263,1,,,-121.9331852,47.5260322,2026-01-27 02:07:07.000,_20260126_180244_CH02_TMO_5GNR_WFC_REF_TC-172-R1.dml,,,,,,,,,,NR SA,,,,,,,,,,0,,,,,,,,,594,,,On,Connected,-66.000000,2437,14,,,,NR (NR_SA)
264,1,,,-121.9331852,47.5260322,2026-01-27 02:07:08.000,_20260126_180244_CH02_TMO_5GNR_WFC_REF_TC-172-R1.dml,,,,,,,,,,NR SA,,,,,,,,,,0,,,,,,,,,594,,,On,Connected,-67.000000,2437,14,,,,NR (NR_SA)
265,1,,,-121.9331852,47.5260322,2026-01-27 02:07:09.000,_20260126_180244_CH02_TMO_5GNR_WFC_REF_TC-172-R1.dml,,,,,,,,,,NR SA,,,,,,,,,,0,,,,,,,,,594,,,On,Connected,-67.000000,2437,14,,,,NR (NR_SA)
266,1,,,-121.9331852,47.5260322,2026-01-27 02:07:10.000,_20260126_180244_CH02_TMO_5GNR_WFC_REF_TC-172-R1.dml,,,,,,,,,,NR SA,,,,,,,,,,0,,,,,,,,,594,,,On,Connected,-67.000000,2437,14,,,,NR (NR_SA)
267,1,,,-121.9331852,47.5260322,2026-01-27 02:07:11.000,_20260126_180244_CH02_TMO_5GNR_WFC_REF_TC-172-R1.dml,,,,,,,,,,NR SA,,,,,,,,,,0,,,,,,,,,594,,,On,Connected,-63.000000,2437,14,,,,NR (NR_SA)
268,1,,,-121.9331852,47.5260322,2026-01-27 02:07:12.000,_20260126_180244_CH02_TMO_5GNR_WFC_REF_TC-172-R1.dml,,,,,,,,,,NR SA,,,,,,,,,,0,,,,,,,,,594,,,On,Connected,-63.000000,2437,14,,,,NR (NR_SA)
269,1,,,-121.9331852,47.5260322,2026-01-27 02:07:13.000,_20260126_180244_CH02_TMO_5GNR_WFC_REF_TC-172-R1.dml,,,,,,,,,,NR SA,,,,,,,,,,0,,,,,,,,,594,,,On,Connected,-63.000000,2437,14,,,,NR (NR_SA)
270,1,,,-121.9331852,47.5260322,2026-01-27 02:07:14.000,_20260126_180244_CH02_TMO_5GNR_WFC_REF_TC-172-R1.dml,,,,,,,,,,NR SA,,,,,,,,,,0,,,,,,,,,594,,,On,Connected,-57.000000,2437,14,,,,NR (NR_SA)
271,1,,,-121.9331852,47.5260322,2026-01-27 02:07:15.000,_20260126_180244_CH02_TMO_5GNR_WFC_REF_TC-172-R1.dml,,,,,,,,,,NR SA,,,,,,,,,,0,,,,,,,,,594,,,On,Connected,-57.000000,2437,14,,,,NR (NR_SA)
272,1,,,-121.9331852,47.5260322,2026-01-27 02:07:16.000,_20260126_180244_CH02_TMO_5GNR_WFC_REF_TC-172-R1.dml,,,,,,,,,,NR SA,,,,,,,,,,0,,,,,,,,,594,,,On,Connected,-57.000000,2437,14,,,,NR (NR_SA)
273,1,,,-121.9331852,47.5260322,2026-01-27 02:07:17.000,_20260126_180244_CH02_TMO_5GNR_WFC_REF_TC-172-R1.dml,,,,,,,,,,NR SA,,,,,,,,,,0,,,,,,,,,594,,,On,Connected,-57.000000,2437,14,,,,NR (NR_SA)
274,1,,,-121.9331852,47.5260322,2026-01-27 02:07:18.000,_20260126_180244_CH02_TMO_5GNR_WFC_REF_TC-172-R1.dml,,,,,,,,,,NR SA,,,,,,,,,,0,,,,,,,,,594,,,On,Connected,-57.000000,2437,14,,,,NR (NR_SA)
275,1,,,-121.9331852,47.5260322,2026-01-27 02:07:19.000,_20260126_180244_CH02_TMO_5GNR_WFC_REF_TC-172-R1.dml,,,,,,,,,,NR SA,,,,,,,,,,0,,,,,,,,,594,,,On,Connected,-57.000000,2437,14,,,,NR (NR_SA)
276,1,,,-121.9331852,47.5260322,2026-01-27 02:07:20.000,_20260126_180244_CH02_TMO_5GNR_WFC_REF_TC-172-R1.dml,,,,,,,,,,NR SA,,,,,,,,,,0,,,,,,,,,594,,,On,Connected,-60.000000,2437,14,,,,NR (NR_SA)
277,1,,,-121.9331852,47.5260322,2026-01-27 02:07:21.000,_20260126_180244_CH02_TMO_5GNR_WFC_REF_TC-172-R1.dml,,,,,,,,,,NR SA,,,,,,,,,,0,,,,,,,,,594,,,On,Connected,-60.000000,2437,14,,,,NR (NR_SA)
278,1,,,-121.9331852,47.5260322,2026-01-27 02:07:22.000,_20260126_180244_CH02_TMO_5GNR_WFC_REF_TC-172-R1.dml,,,,,,,,,,NR SA,,,,,,,,,,0,,,,,,,,,594,,,On,Connected,-60.000000,2437,14,,,,NR (NR_SA)
279,1,,,-121.9331852,47.5260322,2026-01-27 02:07:23.000,_20260126_180244_CH02_TMO_5GNR_WFC_REF_TC-172-R1.dml,,,,,,,,,,NR SA,,,,,,,,,,0,,,,,,,,,594,,,On,Connected,-66.000000,2437,14,,,,IWLAN
280,1,,,-121.9331852,47.5260322,2026-01-27 02:07:24.000,_20260126_180244_CH02_TMO_5GNR_WFC_REF_TC-172-R1.dml,,,,,,,,,,NR SA,,,,,,,,,,0,,,,,,,,,594,,,On,Connected,-66.000000,2437,14,,,,IWLAN
281,1,,,-121.9331852,47.5260322,2026-01-27 02:07:25.000,_20260126_180244_CH02_TMO_5GNR_WFC_REF_TC-172-R1.dml,,,,,,,,,,NR SA,,,,,,,,,,0,,,,,,,,,594,,,On,Connected,-66.000000,2437,14,,,,IWLAN
282,1,,,-121.9331852,47.5260322,2026-01-27 02:07:26.000,_20260126_180244_CH02_TMO_5GNR_WFC_REF_TC-172-R1.dml,,,,,,,,,,NR SA,,,,,,,,,,0,,,,,,,,,594,,,On,Connected,-67.000000,2437,14,,,,IWLAN
283,1,,,-121.9331852,47.5260322,2026-01-27 02:07:27.000,_20260126_180244_CH02_TMO_5GNR_WFC_REF_TC-172-R1.dml,,,,,,,,,,NR SA,,,,,,,,,,0,,,,,,,,,594,,,On,Connected,-67.000000,2437,14,,,,IWLAN
284,1,,,-121.9331852,47.5260322,2026-01-27 02:07:28.000,_20260126_180244_CH02_TMO_5GNR_WFC_REF_TC-172-R1.dml,,,,,,,,,,NR SA,,,,,,,,,,0,,,,,,,,,594,,,On,Connected,-67.000000,2437,14,,,,IWLAN
285,1,,,-121.9331852,47.5260322,2026-01-27 02:07:29.000,_20260126_180244_CH02_TMO_5GNR_WFC_REF_TC-172-R1.dml,,,,,,,,,,NR SA,,,,,,,,,,0,,,,,,,,,594,,,On,Connected,-68.000000,2437,14,,,,IWLAN
286,1,,,-121.9331852,47.5260322,2026-01-27 02:07:30.000,_20260126_180244_CH02_TMO_5GNR_WFC_REF_TC-172-R1.dml,,,,,,,,,,NR SA,,,,,,,,,,0,,,,,,,,,594,,,On,Connected,-68.000000,2437,14,,,,IWLAN
287,1,,,-121.9331852,47.5260322,2026-01-27 02:07:31.000,_20260126_180244_CH02_TMO_5GNR_WFC_REF_TC-172-R1.dml,,,,,,,,,,NR SA,,,,,,,,,,0,,,,,,,,,594,,,On,Connected,-68.000000,2437,14,,,,IWLAN
288,1,,,-121.9331852,47.5260322,2026-01-27 02:07:32.000,_20260126_180244_CH02_TMO_5GNR_WFC_REF_TC-172-R1.dml,,,,,,,,,,NR SA,,,,,,,,,,0,,,,,,,,,594,,,On,Connected,-65.000000,2437,14,,,,IWLAN
289,1,,,-121.9331852,47.5260322,2026-01-27 02:07:33.000,_20260126_180244_CH02_TMO_5GNR_WFC_REF_TC-172-R1.dml,,,,,,,,,,NR SA,,,,,,,,,,0,,,,,,,,,594,,,On,Connected,-65.000000,2437,14,,,,IWLAN
290,1,,,-121.9331852,47.5260322,2026-01-27 02:07:34.000,_20260126_180244_CH02_TMO_5GNR_WFC_REF_TC-172-R1.dml,,,,,,,,,,NR SA,,,,,,,,,,0,,,,,,,,,594,,,On,Connected,-65.000000,2437,14,,,,IWLAN
291,1,,,-121.9331852,47.5260322,2026-01-27 02:07:35.000,_20260126_180244_CH02_TMO_5GNR_WFC_REF_TC-172-R1.dml,,,,,,,,,,NR SA,,,,,,,,,,0,,,,,,,,,594,,,On,Connected,-66.000000,2437,14,,,,IWLAN
292,1,,,-121.9331852,47.5260322,2026-01-27 02:07:36.000,_20260126_180244_CH02_TMO_5GNR_WFC_REF_TC-172-R1.dml,,,,,,,,,,NR SA,,,,,,,,,,0,,,,,,,,,594,,,On,Connected,-66.000000,2437,14,,,,IWLAN
293,1,,,-121.9331852,47.5260322,2026-01-27 02:07:37.000,_20260126_180244_CH02_TMO_5GNR_WFC_REF_TC-172-R1.dml,,,,,,,,,,NR SA,,,,,,,,,,0,,,,,,,,,594,,,On,Connected,-66.000000,2437,14,,,,IWLAN
294,1,,,-121.9331852,47.5260322,2026-01-27 02:07:38.000,_20260126_180244_CH02_TMO_5GNR_WFC_REF_TC-172-R1.dml,,,,,,,,,,NR SA,,,,,,,,,,0,,,,,,,,,594,,,On,Connected,-67.000000,2437,14,,,,IWLAN
295,1,,,-121.9331852,47.5260322,2026-01-27 02:07:39.000,_20260126_180244_CH02_TMO_5GNR_WFC_REF_TC-172-R1.dml,,,,,,,,,,NR SA,,,,,,,,,,0,,,,,,,,,,,,On,Connected,-67.000000,2437,14,,,,IWLAN
296,1,,,-121.9331852,47.5260322,2026-01-27 02:07:40.000,_20260126_180244_CH02_TMO_5GNR_WFC_REF_TC-172-R1.dml,,,,,,,,,,NR SA,,,,,,,,,,0,,,,,,,,,594,,,On,Connected,-67.000000,2437,14,,,,IWLAN
297,1,,,-121.9331852,47.5260322,2026-01-27 02:07:41.000,_20260126_180244_CH02_TMO_5GNR_WFC_REF_TC-172-R1.dml,,,,,,,,,,NR SA,,,,,,,,,,0,,,,,,,,,594,,,On,Connected,-69.000000,2437,14,,,,IWLAN
298,1,,,-121.9331852,47.5260322,2026-01-27 02:07:42.000,_20260126_180244_CH02_TMO_5GNR_WFC_REF_TC-172-R1.dml,,,,,,,,,,NR SA,,,,,,,,,,0,,,,,,,,,594,,,On,Connected,-69.000000,2437,14,,,,IWLAN
299,1,,,-121.9331852,47.5260322,2026-01-27 02:07:43.000,_20260126_180244_CH02_TMO_5GNR_WFC_REF_TC-172-R1.dml,,,,,,,,,,NR SA,,,,,,,,,,0,,,,,,,,,594,,,On,Connected,-69.000000,2437,14,,,,IWLAN
300,1,,,-121.9331852,47.5260322,2026-01-27 02:07:44.000,_20260126_180244_CH02_TMO_5GNR_WFC_REF_TC-172-R1.dml,,,,,,,,,,NR SA,,,,,,,,,,0,,,,,,,,,594,,,On,Connected,-70.000000,2437,14,,,,IWLAN
301,1,,,-121.9331852,47.5260322,2026-01-27 02:07:45.000,_20260126_180244_CH02_TMO_5GNR_WFC_REF_TC-172-R1.dml,,,,,,,,,,NR SA,,,,,,,,,,0,,,,,,,,,594,,,On,Connected,-70.000000,2437,14,,,,IWLAN
302,1,,,-121.9331852,47.5260322,2026-01-27 02:07:46.000,_20260126_180244_CH02_TMO_5GNR_WFC_REF_TC-172-R1.dml,,,,,,,,,,NR SA,,,,,,,,,,0,,,,,,,,,594,,,On,Connected,-70.000000,2437,14,,,,IWLAN
303,1,,,-121.9331852,47.5260322,2026-01-27 02:07:47.000,_20260126_180244_CH02_TMO_5GNR_WFC_REF_TC-172-R1.dml,,,,,,,,,,NR SA,,,,,,,,,,0,,,,,,,,,594,,,On,Connected,-69.000000,2437,14,,,,IWLAN
304,1,,,-121.9331852,47.5260322,2026-01-27 02:07:48.000,_20260126_180244_CH02_TMO_5GNR_WFC_REF_TC-172-R1.dml,,,,,,,,,,NR SA,,,,,,,,,,0,,,,,,,,,594,,,On,Connected,-69.000000,2437,14,,,,IWLAN
305,1,,,-121.9331852,47.5260322,2026-01-27 02:07:49.000,_20260126_180244_CH02_TMO_5GNR_WFC_REF_TC-172-R1.dml,,,,,,,,,,NR SA,,,,,,,,,,0,,,,,,,,,594,,,On,Connected,-69.000000,2437,14,,,,IWLAN
306,1,,,-121.9331852,47.5260322,2026-01-27 02:07:50.000,_20260126_180244_CH02_TMO_5GNR_WFC_REF_TC-172-R1.dml,,,,,,,,,,NR SA,,,,,,,,,,0,,,,,,,,,594,,,On,Connected,-64.000000,2437,14,,,,IWLAN
307,1,,,-121.9331852,47.5260322,2026-01-27 02:07:51.000,_20260126_180244_CH02_TMO_5GNR_WFC_REF_TC-172-R1.dml,,,,,,,,,,NR SA,,,,,,,,,,0,,,,,,,,,594,,,On,Connected,-64.000000,2437,14,,,,IWLAN
308,1,,,-121.9331852,47.5260322,2026-01-27 02:07:52.000,_20260126_180244_CH02_TMO_5GNR_WFC_REF_TC-172-R1.dml,,,,,,,,,,NR SA,,,,,,,,,,0,,,,,,,,,594,,,On,Connected,-64.000000,2437,14,,,,IWLAN
309,1,,,-121.9331852,47.5260322,2026-01-27 02:07:53.000,_20260126_180244_CH02_TMO_5GNR_WFC_REF_TC-172-R1.dml,,,,,,,,,,NR SA,,,,,,,,,,0,,,,,,,,,594,,,On,Connected,-66.000000,2437,14,,,,IWLAN
310,1,,,-121.9331852,47.5260322,2026-01-27 02:07:54.000,_20260126_180244_CH02_TMO_5GNR_WFC_REF_TC-172-R1.dml,,,,,,,,,,NR SA,,,,,,,,,,0,,,,,,,,,594,,,On,Connected,-66.000000,2437,14,,,,IWLAN
311,1,,,-121.9331852,47.5260322,2026-01-27 02:07:55.000,_20260126_180244_CH02_TMO_5GNR_WFC_REF_TC-172-R1.dml,,,,,,,,,,NR SA,,,,,,,,,,0,,,,,,,,,594,,,On,Connected,-66.000000,2437,14,,,,IWLAN
312,1,,,-121.9331852,47.5260322,2026-01-27 02:07:56.000,_20260126_180244_CH02_TMO_5GNR_WFC_REF_TC-172-R1.dml,,,,,,,,,,NR SA,,,,,,,,,,0,,,,,,,,,594,,,On,Connected,-69.000000,2437,14,,,,IWLAN
313,1,,,-121.9331852,47.5260322,2026-01-27 02:07:57.000,_20260126_180244_CH02_TMO_5GNR_WFC_REF_TC-172-R1.dml,,,,,,,,,,NR SA,,,,,,,,,,0,,,,,,,,,594,,,On,Connected,-69.000000,2437,14,,,,IWLAN
314,1,,,-121.9331852,47.5260322,2026-01-27 02:07:58.000,_20260126_180244_CH02_TMO_5GNR_WFC_REF_TC-172-R1.dml,,,,,,,,,,NR SA,,,,,,,,,,0,,,,,,,,,594,,,On,Connected,-69.000000,2437,14,,,,IWLAN
315,1,,,-121.9331852,47.5260322,2026-01-27 02:07:59.000,_20260126_180244_CH02_TMO_5GNR_WFC_REF_TC-172-R1.dml,,,,,,,,,,NR SA,,,,,,,,,,0,,,,,,,,,594,,,On,Connected,-68.000000,2437,14,,,,IWLAN
316,1,,,-121.9331852,47.5260322,2026-01-27 02:08:00.000,_20260126_180244_CH02_TMO_5GNR_WFC_REF_TC-172-R1.dml,,,,,,,,,,NR SA,,,,,,,,,,0,,,,,,,,,594,,,On,Connected,-68.000000,2437,14,,,,IWLAN
317,1,,,-121.9331852,47.5260322,2026-01-27 02:08:01.000,_20260126_180244_CH02_TMO_5GNR_WFC_REF_TC-172-R1.dml,,,,,,,,,,NR SA,,,,,,,,,,0,,,,,,,,,594,,,On,Connected,-68.000000,2437,14,,,,IWLAN
318,1,,,-121.9331852,47.5260322,2026-01-27 02:08:02.000,_20260126_180244_CH02_TMO_5GNR_WFC_REF_TC-172-R1.dml,,,,,,,,,,NR SA,,,,,,,,,,0,,,,,,,,,594,,,On,Connected,-64.000000,2437,14,,,,IWLAN
319,1,,,-121.9331852,47.5260322,2026-01-27 02:08:03.000,_20260126_180244_CH02_TMO_5GNR_WFC_REF_TC-172-R1.dml,,,,,,,,,,NR SA,,,,,,,,,,0,,,,,,,,,594,,,On,Connected,-64.000000,2437,14,,,,IWLAN
320,1,,,-121.9331852,47.5260322,2026-01-27 02:08:04.000,_20260126_180244_CH02_TMO_5GNR_WFC_REF_TC-172-R1.dml,,,,,,,,,,NR SA,,,,,,,,,,0,,,,,,,,,594,,,On,Connected,-64.000000,2437,14,,,,IWLAN
321,1,,,-121.9331852,47.5260322,2026-01-27 02:08:05.000,_20260126_180244_CH02_TMO_5GNR_WFC_REF_TC-172-R1.dml,,,,,,,,,,NR SA,,,,,,,,,,0,,,,,,,,,594,,,On,Connected,-63.000000,2437,14,,,,IWLAN
322,1,,,-121.9331852,47.5260322,2026-01-27 02:08:06.000,_20260126_180244_CH02_TMO_5GNR_WFC_REF_TC-172-R1.dml,,,,,,,,,,NR SA,,,,,,,,,,0,,,,,,,,,594,,,On,Connected,-63.000000,2437,14,,,,IWLAN
323,1,,,-121.9331852,47.5260322,2026-01-27 02:08:07.000,_20260126_180244_CH02_TMO_5GNR_WFC_REF_TC-172-R1.dml,,,,,,,,,,NR SA,,,,,,,,,,0,,,,,,,,,594,,,On,Connected,-63.000000,2437,14,,,,IWLAN
324,1,,,-121.9331852,47.5260322,2026-01-27 02:08:08.000,_20260126_180244_CH02_TMO_5GNR_WFC_REF_TC-172-R1.dml,,,,,,,,,,NR SA,,,,,,,,,,0,,,,,,,,,594,,,On,Connected,-63.000000,2437,14,,,,IWLAN
325,1,,,-121.9331852,47.5260322,2026-01-27 02:08:08.352,_20260126_180244_CH02_TMO_5GNR_WFC_REF_TC-172-R1.dml,,,,,,,,,,,,,UL,REGISTER,,,,,,,,,,,,,,,,,,,,,,,,,,
326,1,,,-121.9331852,47.5260322,2026-01-27 02:08:09.000,_20260126_180244_CH02_TMO_5GNR_WFC_REF_TC-172-R1.dml,,,,,,,,,,NR SA,,,,,,,,,,0,,,,,,,,,594,,,On,Connected,-63.000000,2437,14,,,,NR (NR_SA)
327,1,,,-121.9331852,47.5260322,2026-01-27 02:08:10.000,_20260126_180244_CH02_TMO_5GNR_WFC_REF_TC-172-R1.dml,,,,,,,,,,NR SA,,,,,,,,,,0,,,,,,,,,594,,,On,Connected,-63.000000,2437,14,,,,NR (NR_SA)
328,1,,,-121.9331852,47.5260322,2026-01-27 02:08:11.000,_20260126_180244_CH02_TMO_5GNR_WFC_REF_TC-172-R1.dml,,,,,,,,,,NR SA,,,,,,,,,,0,,,,,,,,,594,,,On,Connected,-63.000000,2437,14,,,,NR (NR_SA)
329,1,,,-121.9331852,47.5260322,2026-01-27 02:08:12.000,_20260126_180244_CH02_TMO_5GNR_WFC_REF_TC-172-R1.dml,,,,,,,,,,NR SA,,,,,,,,,,0,,,,,,,,,594,,,On,Connected,-63.000000,2437,14,,,,NR (NR_SA)
330,1,,,-121.9331852,47.5260322,2026-01-27 02:08:13.000,_20260126_180244_CH02_TMO_5GNR_WFC_REF_TC-172-R1.dml,,,,,,,,,,NR SA,,,,,,,,,,0,,,,,,,,,594,,,On,Connected,-63.000000,2437,14,,,,NR (NR_SA)
331,1,,,-121.9331852,47.5260322,2026-01-27 02:08:14.000,_20260126_180244_CH02_TMO_5GNR_WFC_REF_TC-172-R1.dml,,,,,,,,,,NR SA,,,,,,,,,,0,,,,,,,,,594,,,On,Connected,-63.000000,2437,14,,,,NR (NR_SA)
332,1,,,-121.9331852,47.5260322,2026-01-27 02:08:15.000,_20260126_180244_CH02_TMO_5GNR_WFC_REF_TC-172-R1.dml,,,,,,,,,,NR SA,,,,,,,,,,0,,,,,,,,,594,,,On,Connected,-63.000000,2437,14,,,,NR (NR_SA)
333,1,,,-121.9331852,47.5260322,2026-01-27 02:08:16.000,_20260126_180244_CH02_TMO_5GNR_WFC_REF_TC-172-R1.dml,,,,,,,,,,NR SA,,,,,,,,,,0,,,,,,,,,594,,,On,Connected,-63.000000,2437,14,,,,NR (NR_SA)
334,1,,,-121.9331852,47.5260322,2026-01-27 02:08:17.000,_20260126_180244_CH02_TMO_5GNR_WFC_REF_TC-172-R1.dml,,,,,,,,,,NR SA,,,,,,,,,,0,,,,,,,,,594,,,On,Connected,-66.000000,2437,14,,,,NR (NR_SA)
335,1,,,-121.9331852,47.5260322,2026-01-27 02:08:18.000,_20260126_180244_CH02_TMO_5GNR_WFC_REF_TC-172-R1.dml,,,,,,,,,,NR SA,,,,,,,,,,0,,,,,,,,,594,,,On,Connected,-66.000000,2437,14,,,,NR (NR_SA)
336,1,,,-121.9331852,47.5260322,2026-01-27 02:08:19.000,_20260126_180244_CH02_TMO_5GNR_WFC_REF_TC-172-R1.dml,,,,,,,,,,NR SA,,,,,,,,,,0,,,,,,,,,594,,,On,Connected,-66.000000,2437,14,,,,IWLAN
337,1,,,-121.9331852,47.5260322,2026-01-27 02:08:20.000,_20260126_180244_CH02_TMO_5GNR_WFC_REF_TC-172-R1.dml,,,,,,,,,,NR SA,,,,,,,,,,0,,,,,,,,,594,,,On,Connected,-64.000000,2437,14,,,,IWLAN
338,1,,,-121.9331852,47.5260322,2026-01-27 02:08:21.000,_20260126_180244_CH02_TMO_5GNR_WFC_REF_TC-172-R1.dml,,,,,,,,,,NR SA,,,,,,,,,,0,,,,,,,,,594,,,On,Connected,-64.000000,2437,14,,,,IWLAN
339,1,,,-121.9331852,47.5260322,2026-01-27 02:08:22.000,_20260126_180244_CH02_TMO_5GNR_WFC_REF_TC-172-R1.dml,,,,,,,,,,NR SA,,,,,,,,,,0,,,,,,,,,594,,,On,Connected,-64.000000,2437,14,,,,IWLAN
340,1,,,-121.9331852,47.5260322,2026-01-27 02:08:23.000,_20260126_180244_CH02_TMO_5GNR_WFC_REF_TC-172-R1.dml,,,,,,,,,,NR SA,,,,,,,,,,0,,,,,,,,,594,,,On,Connected,-63.000000,2437,14,,,,IWLAN
341,1,,,-121.9331852,47.5260322,2026-01-27 02:08:24.000,_20260126_180244_CH02_TMO_5GNR_WFC_REF_TC-172-R1.dml,,,,,,,,,,NR SA,,,,,,,,,,0,,,,,,,,,594,,,On,Connected,-63.000000,2437,14,,,,IWLAN
342,1,,,-121.9331852,47.5260322,2026-01-27 02:08:25.000,_20260126_180244_CH02_TMO_5GNR_WFC_REF_TC-172-R1.dml,,,,,,,,,,NR SA,,,,,,,,,,0,,,,,,,,,594,,,On,Connected,-63.000000,2437,14,,,,IWLAN
343,1,,,-121.9331852,47.5260322,2026-01-27 02:08:26.000,_20260126_180244_CH02_TMO_5GNR_WFC_REF_TC-172-R1.dml,,,,,,,,,,NR SA,,,,,,,,,,0,,,,,,,,,594,,,On,Connected,-63.000000,2437,14,,,,IWLAN
344,1,,,-121.9331852,47.5260322,2026-01-27 02:08:27.000,_20260126_180244_CH02_TMO_5GNR_WFC_REF_TC-172-R1.dml,,,,,,,,,,NR SA,,,,,,,,,,0,,,,,,,,,594,,,On,Connected,-63.000000,2437,14,,,,IWLAN
345,1,,,-121.9331852,47.5260322,2026-01-27 02:08:28.000,_20260126_180244_CH02_TMO_5GNR_WFC_REF_TC-172-R1.dml,,,,,,,,,,NR SA,,,,,,,,,,0,,,,,,,,,594,,,On,Connected,-63.000000,2437,14,,,,IWLAN
346,1,,,-121.9331852,47.5260322,2026-01-27 02:08:29.000,_20260126_180244_CH02_TMO_5GNR_WFC_REF_TC-172-R1.dml,,,,,,,,,,NR SA,,,,,,,,,,0,,,,,,,,,594,,,On,Connected,-64.000000,2437,14,,,,IWLAN
347,1,,,-121.9331852,47.5260322,2026-01-27 02:08:30.000,_20260126_180244_CH02_TMO_5GNR_WFC_REF_TC-172-R1.dml,,,,,,,,,,NR SA,,,,,,,,,,0,,,,,,,,,594,,,On,Connected,-64.000000,2437,14,,,,IWLAN
348,1,,,-121.9331852,47.5260322,2026-01-27 02:08:31.000,_20260126_180244_CH02_TMO_5GNR_WFC_REF_TC-172-R1.dml,,,,,,,,,,NR SA,,,,,,,,,,0,,,,,,,,,594,,,On,Connected,-64.000000,2437,14,,,,IWLAN
349,1,,,-121.9331852,47.5260322,2026-01-27 02:08:32.000,_20260126_180244_CH02_TMO_5GNR_WFC_REF_TC-172-R1.dml,,,,,,,,,,NR SA,,,,,,,,,,0,,,,,,,,,594,,,On,Connected,-64.000000,2437,14,,,,IWLAN
350,1,,,-121.9331852,47.5260322,2026-01-27 02:08:33.000,_20260126_180244_CH02_TMO_5GNR_WFC_REF_TC-172-R1.dml,,,,,,,,,,NR SA,,,,,,,,,,0,,,,,,,,,594,,,On,Connected,-64.000000,2437,14,,,,IWLAN
351,1,,,-121.9331852,47.5260322,2026-01-27 02:08:34.000,_20260126_180244_CH02_TMO_5GNR_WFC_REF_TC-172-R1.dml,,,,,,,,,,NR SA,,,,,,,,,,0,,,,,,,,,594,,,On,Connected,-64.000000,2437,14,,,,IWLAN
352,1,,,-121.9331852,47.5260322,2026-01-27 02:08:35.000,_20260126_180244_CH02_TMO_5GNR_WFC_REF_TC-172-R1.dml,,,,,,,,,,NR SA,,,,,,,,,,0,,,,,,,,,594,,,On,Connected,-64.000000,2437,14,,,,IWLAN
353,1,,,-121.9331852,47.5260322,2026-01-27 02:08:36.000,_20260126_180244_CH02_TMO_5GNR_WFC_REF_TC-172-R1.dml,,,,,,,,,,NR SA,,,,,,,,,,0,,,,,,,,,594,,,On,Connected,-64.000000,2437,14,,,,IWLAN
354,1,,,-121.9331852,47.5260322,2026-01-27 02:08:37.000,_20260126_180244_CH02_TMO_5GNR_WFC_REF_TC-172-R1.dml,,,,,,,,,,NR SA,,,,,,,,,,0,,,,,,,,,594,,,On,Connected,-64.000000,2437,14,,,,IWLAN
355,1,,,-121.9331852,47.5260322,2026-01-27 02:08:38.000,_20260126_180244_CH02_TMO_5GNR_WFC_REF_TC-172-R1.dml,,,,,,,,,,NR SA,,,,,,,,,,0,,,,,,,,,594,,,On,Connected,-66.000000,2437,14,,,,IWLAN
356,1,,,-121.9331852,47.5260322,2026-01-27 02:08:39.000,_20260126_180244_CH02_TMO_5GNR_WFC_REF_TC-172-R1.dml,,,,,,,,,,NR SA,,,,,,,,,,0,,,,,,,,,594,,,On,Connected,-66.000000,2437,14,,,,IWLAN
357,1,,,-121.9331852,47.5260322,2026-01-27 02:08:40.000,_20260126_180244_CH02_TMO_5GNR_WFC_REF_TC-172-R1.dml,,,,,,,,,,NR SA,,,,,,,,,,0,,,,,,,,,594,,,On,Connected,-66.000000,2437,14,,,,IWLAN
358,1,,,-121.9331852,47.5260322,2026-01-27 02:08:41.000,_20260126_180244_CH02_TMO_5GNR_WFC_REF_TC-172-R1.dml,,,,,,,,,,NR SA,,,,,,,,,,0,,,,,,,,,594,,,On,Connected,-61.000000,2437,14,,,,IWLAN
359,1,,,-121.9331852,47.5260322,2026-01-27 02:08:42.000,_20260126_180244_CH02_TMO_5GNR_WFC_REF_TC-172-R1.dml,,,,,,,,,,NR NSA,,,,,,,,,,0,,,,,,,,,594,,,On,Connected,-61.000000,2437,14,,,,IWLAN
360,1,,,-121.9331852,47.5260322,2026-01-27 02:08:43.000,_20260126_180244_CH02_TMO_5GNR_WFC_REF_TC-172-R1.dml,,,,,,,,,,NR NSA,,,,,,,,,,0,,,,,,,,,594,,,On,Connected,-61.000000,2437,14,,,,IWLAN
361,1,,,-121.9331852,47.5260322,2026-01-27 02:08:44.000,_20260126_180244_CH02_TMO_5GNR_WFC_REF_TC-172-R1.dml,,,,,,,,,,NR NSA,,,,,,,,,,0,,,,,,,,,594,,,On,Connected,-63.000000,2437,14,,,,IWLAN
362,1,,,-121.9331852,47.5260322,2026-01-27 02:08:45.000,_20260126_180244_CH02_TMO_5GNR_WFC_REF_TC-172-R1.dml,,,,,,,,,,NR NSA,,,,,,,,,,0,,,,,,,,,594,,,On,Connected,-63.000000,2437,14,,,,IWLAN
363,1,,,-121.9331852,47.5260322,2026-01-27 02:08:46.000,_20260126_180244_CH02_TMO_5GNR_WFC_REF_TC-172-R1.dml,,,,,,,,,,NR NSA,,,,,,,,,,0,,,,,,,,,594,,,On,Connected,-63.000000,2437,14,,,,IWLAN
364,1,,,-121.9331852,47.5260322,2026-01-27 02:08:47.000,_20260126_180244_CH02_TMO_5GNR_WFC_REF_TC-172-R1.dml,,,,,,,,,,NR NSA,,,,,,,,,,0,,,,,,,,,594,,,On,Connected,-62.000000,2437,14,,,,IWLAN
365,1,,,-121.9331852,47.5260322,2026-01-27 02:08:48.000,_20260126_180244_CH02_TMO_5GNR_WFC_REF_TC-172-R1.dml,,,,,,,,,,NR NSA,,,,,,,,,,0,,,,,,,,,594,,,On,Connected,-62.000000,2437,14,,,,IWLAN
366,1,,,-121.9331852,47.5260322,2026-01-27 02:08:49.000,_20260126_180244_CH02_TMO_5GNR_WFC_REF_TC-172-R1.dml,,,,,,,,,,NR NSA,,,,,,,,,,0,,,,,,,,,594,,,On,Connected,-62.000000,2437,14,,,,IWLAN
367,1,,,-121.9331852,47.5260322,2026-01-27 02:08:50.000,_20260126_180244_CH02_TMO_5GNR_WFC_REF_TC-172-R1.dml,,,,,,,,,,NR SA,,,,,,,,,,0,,,,,,,,,594,,,On,Connected,-58.000000,2437,14,,,,IWLAN
368,1,,,-121.9331852,47.5260322,2026-01-27 02:08:51.000,_20260126_180244_CH02_TMO_5GNR_WFC_REF_TC-172-R1.dml,,,,,,,,,,NR SA,,,,,,,,,,0,,,,,,,,,594,,,,Connected,,,,,,,IWLAN
369,1,,,-121.9331852,47.5260322,2026-01-27 02:08:52.000,_20260126_180244_CH02_TMO_5GNR_WFC_REF_TC-172-R1.dml,,,,,,,,,,NR SA,,,,,,,,,,0,,,,,,,,,594,,,On,Connected,-58.000000,2437,14,,,,IWLAN
370,1,,,-121.9331852,47.5260322,2026-01-27 02:08:53.000,_20260126_180244_CH02_TMO_5GNR_WFC_REF_TC-172-R1.dml,,,,,,,,,,NR SA,,,,,,,,,,0,,,,,,,,,594,,,On,Connected,-58.000000,2437,14,,,,IWLAN
371,1,,,-121.9331852,47.5260322,2026-01-27 02:08:54.000,_20260126_180244_CH02_TMO_5GNR_WFC_REF_TC-172-R1.dml,,,,,,,,,,NR SA,,,,,,,,,,0,,,,,,,,,594,,,On,Connected,-61.000000,2437,14,,,,IWLAN
372,1,,,-121.9331852,47.5260322,2026-01-27 02:08:55.000,_20260126_180244_CH02_TMO_5GNR_WFC_REF_TC-172-R1.dml,,,,,,,,,,NR SA,,,,,,,,,,0,,,,,,,,,594,,,On,Connected,-61.000000,2437,14,,,,IWLAN
373,1,,,-121.9331852,47.5260322,2026-01-27 02:08:56.000,_20260126_180244_CH02_TMO_5GNR_WFC_REF_TC-172-R1.dml,,,,,,,,,,NR SA,,,,,,,,,,0,,,,,,,,,594,,,On,Connected,-61.000000,2437,14,,,,IWLAN
374,1,,,-121.9331852,47.5260322,2026-01-27 02:08:57.000,_20260126_180244_CH02_TMO_5GNR_WFC_REF_TC-172-R1.dml,,,,,,,,,,NR SA,,,,,,,,,,0,,,,,,,,,594,,,On,Connected,-68.000000,2437,14,,,,IWLAN
375,1,,,-121.9331852,47.5260322,2026-01-27 02:08:58.000,_20260126_180244_CH02_TMO_5GNR_WFC_REF_TC-172-R1.dml,,,,,,,,,,NR SA,,,,,,,,,,0,,,,,,,,,594,,,On,Connected,-68.000000,2437,14,,,,IWLAN
376,1,,,-121.9331852,47.5260322,2026-01-27 02:08:59.000,_20260126_180244_CH02_TMO_5GNR_WFC_REF_TC-172-R1.dml,,,,,,,,,,NR SA,,,,,,,,,,0,,,,,,,,,594,,,On,Connected,-68.000000,2437,14,,,,IWLAN
377,1,,,-121.9331852,47.5260322,2026-01-27 02:09:00.000,_20260126_180244_CH02_TMO_5GNR_WFC_REF_TC-172-R1.dml,,,,,,,,,,NR SA,,,,,,,,,,0,,,,,,,,,594,,,On,Connected,-67.000000,2437,14,,,,IWLAN
378,1,,,-121.9331852,47.5260322,2026-01-27 02:09:01.000,_20260126_180244_CH02_TMO_5GNR_WFC_REF_TC-172-R1.dml,,,,,,,,,,NR SA,,,,,,,,,,0,,,,,,,,,594,,,On,Connected,-67.000000,2437,14,,,,IWLAN
379,1,,,-121.9331852,47.5260322,2026-01-27 02:09:02.000,_20260126_180244_CH02_TMO_5GNR_WFC_REF_TC-172-R1.dml,,,,,,,,,,NR SA,,,,,,,,,,0,,,,,,,,,594,,,On,Connected,-67.000000,2437,14,,,,IWLAN
380,1,,,-121.9331852,47.5260322,2026-01-27 02:09:03.000,_20260126_180244_CH02_TMO_5GNR_WFC_REF_TC-172-R1.dml,,,,,,,,,,NR SA,,,,,,,,,,0,,,,,,,,,594,,,On,Connected,-70.000000,2437,14,,,,IWLAN
381,1,,,-121.9331852,47.5260322,2026-01-27 02:09:04.000,_20260126_180244_CH02_TMO_5GNR_WFC_REF_TC-172-R1.dml,,,,,,,,,,NR SA,,,,,,,,,,0,,,,,,,,,594,,,On,Connected,-70.000000,2437,14,,,,IWLAN
382,1,,,-121.9331852,47.5260322,2026-01-27 02:09:05.000,_20260126_180244_CH02_TMO_5GNR_WFC_REF_TC-172-R1.dml,,,,,,,,,,NR SA,,,,,,,,,,0,,,,,,,,,594,,,On,Connected,-70.000000,2437,14,,,,IWLAN
383,1,,,-121.9331852,47.5260322,2026-01-27 02:09:06.000,_20260126_180244_CH02_TMO_5GNR_WFC_REF_TC-172-R1.dml,,,,,,,,,,NR SA,,,,,,,,,,0,,,,,,,,,594,,,On,Connected,-71.000000,2437,14,,,,IWLAN
384,1,,,-121.9331852,47.5260322,2026-01-27 02:09:07.000,_20260126_180244_CH02_TMO_5GNR_WFC_REF_TC-172-R1.dml,,,,,,,,,,NR SA,,,,,,,,,,0,,,,,,,,,594,,,On,Connected,-71.000000,2437,14,,,,IWLAN
385,1,,,-121.9331852,47.5260322,2026-01-27 02:09:08.000,_20260126_180244_CH02_TMO_5GNR_WFC_REF_TC-172-R1.dml,,,,,,,,,,NR SA,,,,,,,,,,0,,,,,,,,,594,,,On,Connected,-71.000000,2437,14,,,,IWLAN
386,1,,,-121.9331852,47.5260322,2026-01-27 02:09:09.000,_20260126_180244_CH02_TMO_5GNR_WFC_REF_TC-172-R1.dml,,,,,,,,,,NR SA,,,,,,,,,,0,,,,,,,,,594,,,On,Connected,-69.000000,2437,14,,,,IWLAN
387,1,,,-121.9331852,47.5260322,2026-01-27 02:09:10.000,_20260126_180244_CH02_TMO_5GNR_WFC_REF_TC-172-R1.dml,,,,,,,,,,NR SA,,,,,,,,,,0,,,,,,,,,594,,,On,Connected,-69.000000,2437,14,,,,IWLAN
388,1,,,-121.9331852,47.5260322,2026-01-27 02:09:11.000,_20260126_180244_CH02_TMO_5GNR_WFC_REF_TC-172-R1.dml,,,,,,,,,,NR SA,,,,,,,,,,0,,,,,,,,,594,,,On,Connected,-69.000000,2437,14,,,,IWLAN
389,1,,,-121.9331852,47.5260322,2026-01-27 02:09:12.000,_20260126_180244_CH02_TMO_5GNR_WFC_REF_TC-172-R1.dml,,,,,,,,,,NR SA,,,,,,,,,,0,,,,,,,,,594,,,On,Connected,-69.000000,2437,14,,,,IWLAN
390,1,,,-121.9331852,47.5260322,2026-01-27 02:09:13.000,_20260126_180244_CH02_TMO_5GNR_WFC_REF_TC-172-R1.dml,,,,,,,,,,NR SA,,,,,,,,,,0,,,,,,,,,594,,,On,Connected,-69.000000,2437,14,,,,IWLAN
391,1,,,-121.9331852,47.5260322,2026-01-27 02:09:14.000,_20260126_180244_CH02_TMO_5GNR_WFC_REF_TC-172-R1.dml,,,,,,,,,,NR SA,,,,,,,,,,0,,,,,,,,,594,,,On,Connected,-69.000000,2437,14,,,,IWLAN
392,1,,,-121.9331852,47.5260322,2026-01-27 02:09:15.000,_20260126_180244_CH02_TMO_5GNR_WFC_REF_TC-172-R1.dml,,,,,,,,,,NR SA,,,,,,,,,,0,,,,,,,,,594,,,On,Connected,-66.000000,2437,14,,,,IWLAN
393,1,,,-121.9331852,47.5260322,2026-01-27 02:09:16.000,_20260126_180244_CH02_TMO_5GNR_WFC_REF_TC-172-R1.dml,,,,,,,,,,NR SA,,,,,,,,,,0,,,,,,,,,594,,,On,Connected,-66.000000,2437,14,,,,IWLAN
394,1,,,-121.9331852,47.5260322,2026-01-27 02:09:17.000,_20260126_180244_CH02_TMO_5GNR_WFC_REF_TC-172-R1.dml,,,,,,,,,,NR SA,,,,,,,,,,0,,,,,,,,,594,,,On,Connected,-66.000000,2437,14,,,,IWLAN
395,1,,,-121.9331852,47.5260322,2026-01-27 02:09:18.000,_20260126_180244_CH02_TMO_5GNR_WFC_REF_TC-172-R1.dml,,,,,,,,,,NR SA,,,,,,,,,,0,,,,,,,,,594,,,On,Connected,-68.000000,2437,14,,,,IWLAN
396,1,,,-121.9331852,47.5260322,2026-01-27 02:09:19.000,_20260126_180244_CH02_TMO_5GNR_WFC_REF_TC-172-R1.dml,,,,,,,,,,NR SA,,,,,,,,,,0,,,,,,,,,594,,,On,Connected,-68.000000,2437,14,,,,IWLAN
397,1,,,-121.9331852,47.5260322,2026-01-27 02:09:20.000,_20260126_180244_CH02_TMO_5GNR_WFC_REF_TC-172-R1.dml,,,,,,,,,,NR SA,,,,,,,,,,0,,,,,,,,,594,,,On,Connected,-68.000000,2437,14,,,,IWLAN
398,1,,,-121.9331852,47.5260322,2026-01-27 02:09:21.000,_20260126_180244_CH02_TMO_5GNR_WFC_REF_TC-172-R1.dml,,,,,,,,,,NR SA,,,,,,,,,,0,,,,,,,,,594,,,On,Connected,-63.000000,2437,14,,,,IWLAN
399,1,,,-121.9331852,47.5260322,2026-01-27 02:09:22.000,_20260126_180244_CH02_TMO_5GNR_WFC_REF_TC-172-R1.dml,,,,,,,,,,NR SA,,,,,,,,,,0,,,,,,,,,594,,,On,Connected,-63.000000,2437,14,,,,IWLAN
400,1,,,-121.9331852,47.5260322,2026-01-27 02:09:23.000,_20260126_180244_CH02_TMO_5GNR_WFC_REF_TC-172-R1.dml,,,,,,,,,,NR SA,,,,,,,,,,0,,,,,,,,,594,,,On,Connected,-63.000000,2437,14,,,,IWLAN
401,1,,,-121.9331852,47.5260322,2026-01-27 02:09:24.000,_20260126_180244_CH02_TMO_5GNR_WFC_REF_TC-172-R1.dml,,,,,,,,,,NR SA,,,,,,,,,,0,,,,,,,,,594,,,On,Connected,-60.000000,2437,14,,,,IWLAN
402,1,,,-121.9331852,47.5260322,2026-01-27 02:09:25.000,_20260126_180244_CH02_TMO_5GNR_WFC_REF_TC-172-R1.dml,,,,,,,,,,NR SA,,,,,,,,,,0,,,,,,,,,594,,,On,Connected,-60.000000,2437,14,,,,IWLAN
403,1,,,-121.9331852,47.5260322,2026-01-27 02:09:26.000,_20260126_180244_CH02_TMO_5GNR_WFC_REF_TC-172-R1.dml,,,,,,,,,,NR SA,,,,,,,,,,0,,,,,,,,,594,,,On,Connected,-60.000000,2437,14,,,,IWLAN
404,1,,,-121.9331852,47.5260322,2026-01-27 02:09:27.000,_20260126_180244_CH02_TMO_5GNR_WFC_REF_TC-172-R1.dml,,,,,,,,,,NR SA,,,,,,,,,,0,,,,,,,,,594,,,On,Connected,-66.000000,2437,14,,,,IWLAN
405,1,,,-121.9331852,47.5260322,2026-01-27 02:09:28.000,_20260126_180244_CH02_TMO_5GNR_WFC_REF_TC-172-R1.dml,,,,,,,,,,NR SA,,,,,,,,,,0,,,,,,,,,594,,,On,Connected,-66.000000,2437,14,,,,IWLAN
406,1,,,-121.9331852,47.5260322,2026-01-27 02:09:29.000,_20260126_180244_CH02_TMO_5GNR_WFC_REF_TC-172-R1.dml,,,,,,,,,,NR SA,,,,,,,,,,0,,,,,,,,,594,,,On,Connected,-66.000000,2437,14,,,,IWLAN
407,1,,,-121.9331852,47.5260322,2026-01-27 02:09:30.000,_20260126_180244_CH02_TMO_5GNR_WFC_REF_TC-172-R1.dml,,,,,,,,,,NR SA,,,,,,,,,,0,,,,,,,,,594,,,On,Connected,-68.000000,2437,14,,,,IWLAN
408,1,,,-121.9331852,47.5260322,2026-01-27 02:09:31.000,_20260126_180244_CH02_TMO_5GNR_WFC_REF_TC-172-R1.dml,,,,,,,,,,NR SA,,,,,,,,,,0,,,,,,,,,594,,,On,Connected,-68.000000,2437,14,,,,IWLAN
409,1,,,-121.9331852,47.5260322,2026-01-27 02:09:32.000,_20260126_180244_CH02_TMO_5GNR_WFC_REF_TC-172-R1.dml,,,,,,,,,,NR SA,,,,,,,,,,0,,,,,,,,,594,,,On,Connected,-68.000000,2437,14,,,,IWLAN
410,1,,,-121.9331852,47.5260322,2026-01-27 02:09:33.000,_20260126_180244_CH02_TMO_5GNR_WFC_REF_TC-172-R1.dml,,,,,,,,,,NR SA,,,,,,,,,,0,,,,,,,,,594,,,On,Connected,-70.000000,2437,14,,,,IWLAN
411,1,,,-121.9331852,47.5260322,2026-01-27 02:09:34.000,_20260126_180244_CH02_TMO_5GNR_WFC_REF_TC-172-R1.dml,,,,,,,,,,NR SA,,,,,,,,,,0,,,,,,,,,594,,,On,Connected,-70.000000,2437,14,,,,IWLAN
412,1,,,-121.9331852,47.5260322,2026-01-27 02:09:35.000,_20260126_180244_CH02_TMO_5GNR_WFC_REF_TC-172-R1.dml,,,,,,,,,,NR SA,,,,,,,,,,0,,,,,,,,,594,,,On,Connected,-70.000000,2437,14,,,,IWLAN
413,1,,,-121.9331852,47.5260322,2026-01-27 02:09:36.000,_20260126_180244_CH02_TMO_5GNR_WFC_REF_TC-172-R1.dml,,,,,,,,,,NR SA,,,,,,,,,,0,,,,,,,,,594,,,On,Connected,-68.000000,2437,14,,,,IWLAN
414,1,,,-121.9331852,47.5260322,2026-01-27 02:09:37.000,_20260126_180244_CH02_TMO_5GNR_WFC_REF_TC-172-R1.dml,,,,,,,,,,NR SA,,,,,,,,,,0,,,,,,,,,594,,,On,Connected,-68.000000,2437,14,,,,IWLAN
415,1,,,-121.9331852,47.5260322,2026-01-27 02:09:38.000,_20260126_180244_CH02_TMO_5GNR_WFC_REF_TC-172-R1.dml,,,,,,,,,,NR SA,,,,,,,,,,0,,,,,,,,,594,,,On,Connected,-68.000000,2437,14,,,,IWLAN
416,1,,,-121.9331852,47.5260322,2026-01-27 02:09:39.000,_20260126_180244_CH02_TMO_5GNR_WFC_REF_TC-172-R1.dml,,,,,,,,,,NR SA,,,,,,,,,,0,,,,,,,,,594,,,On,Connected,-70.000000,2437,14,,,,IWLAN
417,1,,,-121.9331852,47.5260322,2026-01-27 02:09:40.000,_20260126_180244_CH02_TMO_5GNR_WFC_REF_TC-172-R1.dml,,,,,,,,,,NR SA,,,,,,,,,,0,,,,,,,,,594,,,On,Connected,-70.000000,2437,14,,,,IWLAN
418,1,,,-121.9331852,47.5260322,2026-01-27 02:09:41.000,_20260126_180244_CH02_TMO_5GNR_WFC_REF_TC-172-R1.dml,,,,,,,,,,NR SA,,,,,,,,,,0,,,,,,,,,594,,,On,Connected,-70.000000,2437,14,,,,IWLAN
419,1,,,-121.9331852,47.5260322,2026-01-27 02:09:42.000,_20260126_180244_CH02_TMO_5GNR_WFC_REF_TC-172-R1.dml,,,,,,,,,,NR SA,,,,,,,,,,0,,,,,,,,,594,,,On,Connected,-71.000000,2437,14,,,,IWLAN
420,1,,,-121.9331852,47.5260322,2026-01-27 02:09:43.000,_20260126_180244_CH02_TMO_5GNR_WFC_REF_TC-172-R1.dml,,,,,,,,,,NR SA,,,,,,,,,,0,,,,,,,,,594,,,On,Connected,-71.000000,2437,14,,,,IWLAN
421,1,,,-121.9331852,47.5260322,2026-01-27 02:09:44.000,_20260126_180244_CH02_TMO_5GNR_WFC_REF_TC-172-R1.dml,,,,,,,,,,NR SA,,,,,,,,,,0,,,,,,,,,594,,,On,Connected,-71.000000,2437,14,,,,IWLAN
422,1,,,-121.9331852,47.5260322,2026-01-27 02:09:45.000,_20260126_180244_CH02_TMO_5GNR_WFC_REF_TC-172-R1.dml,,,,,,,,,,NR SA,,,,,,,,,,0,,,,,,,,,594,,,On,Connected,-69.000000,2437,14,,,,IWLAN
423,1,,,-121.9331852,47.5260322,2026-01-27 02:09:46.000,_20260126_180244_CH02_TMO_5GNR_WFC_REF_TC-172-R1.dml,,,,,,,,,,NR SA,,,,,,,,,,0,,,,,,,,,594,,,On,Connected,-69.000000,2437,14,,,,IWLAN
424,1,,,-121.9331852,47.5260322,2026-01-27 02:09:47.000,_20260126_180244_CH02_TMO_5GNR_WFC_REF_TC-172-R1.dml,,,,,,,,,,NR SA,,,,,,,,,,0,,,,,,,,,594,,,On,Connected,-69.000000,2437,14,,,,IWLAN
425,1,,,-121.9331852,47.5260322,2026-01-27 02:09:48.000,_20260126_180244_CH02_TMO_5GNR_WFC_REF_TC-172-R1.dml,,,,,,,,,,NR SA,,,,,,,,,,0,,,,,,,,,594,,,On,Connected,-71.000000,2437,14,,,,IWLAN
426,1,,,-121.9331852,47.5260322,2026-01-27 02:09:49.000,_20260126_180244_CH02_TMO_5GNR_WFC_REF_TC-172-R1.dml,,,,,,,,,,NR SA,,,,,,,,,,0,,,,,,,,,594,,,On,Connected,-71.000000,2437,14,,,,IWLAN
427,1,,,-121.9331852,47.5260322,2026-01-27 02:09:50.000,_20260126_180244_CH02_TMO_5GNR_WFC_REF_TC-172-R1.dml,,,,,,,,,,NR SA,,,,,,,,,,0,,,,,,,,,594,,,On,Connected,-71.000000,2437,14,,,,IWLAN
428,1,,,-121.9331852,47.5260322,2026-01-27 02:09:51.000,_20260126_180244_CH02_TMO_5GNR_WFC_REF_TC-172-R1.dml,,,,,,,,,,NR SA,,,,,,,,,,0,,,,,,,,,594,,,On,Connected,-70.000000,2437,14,,,,IWLAN
429,1,,,-121.9331852,47.5260322,2026-01-27 02:09:52.000,_20260126_180244_CH02_TMO_5GNR_WFC_REF_TC-172-R1.dml,,,,,,,,,,NR SA,,,,,,,,,,0,,,,,,,,,594,,,On,Connected,-70.000000,2437,14,,,,IWLAN
430,1,,,-121.9331852,47.5260322,2026-01-27 02:09:53.000,_20260126_180244_CH02_TMO_5GNR_WFC_REF_TC-172-R1.dml,,,,,,,,,,NR SA,,,,,,,,,,0,,,,,,,,,594,,,On,Connected,-70.000000,2437,14,,,,IWLAN
431,1,,,-121.9331852,47.5260322,2026-01-27 02:09:54.000,_20260126_180244_CH02_TMO_5GNR_WFC_REF_TC-172-R1.dml,,,,,,,,,,NR SA,,,,,,,,,,0,,,,,,,,,594,,,On,Connected,-71.000000,2437,14,,,,IWLAN
432,1,,,-121.9331852,47.5260322,2026-01-27 02:09:55.000,_20260126_180244_CH02_TMO_5GNR_WFC_REF_TC-172-R1.dml,,,,,,,,,,NR SA,,,,,,,,,,0,,,,,,,,,594,,,On,Connected,-71.000000,2437,14,,,,IWLAN
433,1,,,-121.9331852,47.5260322,2026-01-27 02:09:56.000,_20260126_180244_CH02_TMO_5GNR_WFC_REF_TC-172-R1.dml,,,,,,,,,,NR SA,,,,,,,,,,0,,,,,,,,,594,,,On,Connected,-71.000000,2437,14,,,,IWLAN
434,1,,,-121.9331852,47.5260322,2026-01-27 02:09:57.000,_20260126_180244_CH02_TMO_5GNR_WFC_REF_TC-172-R1.dml,,,,,,,,,,NR SA,,,,,,,,,,0,,,,,,,,,594,,,On,Connected,-70.000000,2437,14,,,,IWLAN
435,1,,,-121.9331852,47.5260322,2026-01-27 02:09:58.000,_20260126_180244_CH02_TMO_5GNR_WFC_REF_TC-172-R1.dml,,,,,,,,,,NR SA,,,,,,,,,,0,,,,,,,,,594,,,On,Connected,-70.000000,2437,14,,,,IWLAN
436,1,,,-121.9331852,47.5260322,2026-01-27 02:09:59.000,_20260126_180244_CH02_TMO_5GNR_WFC_REF_TC-172-R1.dml,,,,,,,,,,NR SA,,,,,,,,,,0,,,,,,,,,594,,,On,Connected,-70.000000,2437,14,,,,IWLAN
437,1,,,-121.9331852,47.5260322,2026-01-27 02:10:00.000,_20260126_180244_CH02_TMO_5GNR_WFC_REF_TC-172-R1.dml,,,,,,,,,,NR SA,,,,,,,,,,0,,,,,,,,,594,,,On,Connected,-68.000000,2437,14,,,,IWLAN
438,1,,,-121.9331852,47.5260322,2026-01-27 02:10:01.000,_20260126_180244_CH02_TMO_5GNR_WFC_REF_TC-172-R1.dml,,,,,,,,,,NR SA,,,,,,,,,,0,,,,,,,,,594,,,On,Connected,-68.000000,2437,14,,,,IWLAN
439,1,,,-121.9331852,47.5260322,2026-01-27 02:10:02.000,_20260126_180244_CH02_TMO_5GNR_WFC_REF_TC-172-R1.dml,,,,,,,,,,NR SA,,,,,,,,,,0,,,,,,,,,594,,,On,Connected,-68.000000,2437,14,,,,IWLAN
440,1,,,-121.9331852,47.5260322,2026-01-27 02:10:03.000,_20260126_180244_CH02_TMO_5GNR_WFC_REF_TC-172-R1.dml,,,,,,,,,,NR SA,,,,,,,,,,0,,,,,,,,,594,,,On,Connected,-68.000000,2437,14,,,,IWLAN
441,1,,,-121.9331852,47.5260322,2026-01-27 02:10:04.000,_20260126_180244_CH02_TMO_5GNR_WFC_REF_TC-172-R1.dml,,,,,,,,,,NR SA,,,,,,,,,,0,,,,,,,,,594,,,On,Connected,-68.000000,2437,14,,,,IWLAN
442,1,,,-121.9331852,47.5260322,2026-01-27 02:10:05.000,_20260126_180244_CH02_TMO_5GNR_WFC_REF_TC-172-R1.dml,,,,,,,,,,NR SA,,,,,,,,,,0,,,,,,,,,594,,,On,Connected,-68.000000,2437,14,,,,IWLAN
443,1,,,-121.9331852,47.5260322,2026-01-27 02:10:06.000,_20260126_180244_CH02_TMO_5GNR_WFC_REF_TC-172-R1.dml,,,,,,,,,,NR SA,,,,,,,,,,0,,,,,,,,,594,,,On,Connected,-70.000000,2437,14,,,,IWLAN
444,1,,,-121.9331852,47.5260322,2026-01-27 02:10:07.000,_20260126_180244_CH02_TMO_5GNR_WFC_REF_TC-172-R1.dml,,,,,,,,,,NR SA,,,,,,,,,,0,,,,,,,,,594,,,On,Connected,-70.000000,2437,14,,,,IWLAN
445,1,,,-121.9331852,47.5260322,2026-01-27 02:10:08.000,_20260126_180244_CH02_TMO_5GNR_WFC_REF_TC-172-R1.dml,,,,,,,,,,NR SA,,,,,,,,,,0,,,,,,,,,594,,,On,Connected,-70.000000,2437,14,,,,IWLAN
446,1,,,-121.9331852,47.5260322,2026-01-27 02:10:09.000,_20260126_180244_CH02_TMO_5GNR_WFC_REF_TC-172-R1.dml,,,,,,,,,,NR SA,,,,,,,,,,0,,,,,,,,,594,,,On,Connected,-71.000000,2437,14,,,,IWLAN
447,1,,,-121.9331852,47.5260322,2026-01-27 02:10:10.000,_20260126_180244_CH02_TMO_5GNR_WFC_REF_TC-172-R1.dml,,,,,,,,,,NR SA,,,,,,,,,,0,,,,,,,,,594,,,On,Connected,-71.000000,2437,14,,,,IWLAN
448,1,,,-121.9331852,47.5260322,2026-01-27 02:10:11.000,_20260126_180244_CH02_TMO_5GNR_WFC_REF_TC-172-R1.dml,,,,,,,,,,NR SA,,,,,,,,,,0,,,,,,,,,594,,,On,Connected,-71.000000,2437,14,,,,IWLAN
449,1,,,-121.9331852,47.5260322,2026-01-27 02:10:12.000,_20260126_180244_CH02_TMO_5GNR_WFC_REF_TC-172-R1.dml,,,,,,,,,,NR SA,,,,,,,,,,0,,,,,,,,,594,,,On,Connected,-70.000000,2437,14,,,,IWLAN
450,1,,,-121.9331852,47.5260322,2026-01-27 02:10:13.000,_20260126_180244_CH02_TMO_5GNR_WFC_REF_TC-172-R1.dml,,,,,,,,,,NR SA,,,,,,,,,,0,,,,,,,,,594,,,On,Connected,-70.000000,2437,14,,,,IWLAN
451,1,,,-121.9331852,47.5260322,2026-01-27 02:10:14.000,_20260126_180244_CH02_TMO_5GNR_WFC_REF_TC-172-R1.dml,,,,,,,,,,NR SA,,,,,,,,,,0,,,,,,,,,594,,,On,Connected,-70.000000,2437,14,,,,IWLAN
452,1,,,-121.9331852,47.5260322,2026-01-27 02:10:15.000,_20260126_180244_CH02_TMO_5GNR_WFC_REF_TC-172-R1.dml,,,,,,,,,,NR SA,,,,,,,,,,0,,,,,,,,,594,,,On,Connected,-63.000000,2437,14,,,,IWLAN
453,1,,,-121.9331852,47.5260322,2026-01-27 02:10:16.000,_20260126_180244_CH02_TMO_5GNR_WFC_REF_TC-172-R1.dml,,,,,,,,,,NR SA,,,,,,,,,,0,,,,,,,,,594,,,On,Connected,-63.000000,2437,14,,,,IWLAN
454,1,,,-121.9331852,47.5260322,2026-01-27 02:10:17.000,_20260126_180244_CH02_TMO_5GNR_WFC_REF_TC-172-R1.dml,,,,,,,,,,NR SA,,,,,,,,,,0,,,,,,,,,594,,,On,Connected,-63.000000,2437,14,,,,IWLAN
455,1,,,-121.9331852,47.5260322,2026-01-27 02:10:18.000,_20260126_180244_CH02_TMO_5GNR_WFC_REF_TC-172-R1.dml,,,,,,,,,,NR SA,,,,,,,,,,0,,,,,,,,,594,,,On,Connected,-66.000000,2437,14,,,,IWLAN
456,1,,,-121.9331852,47.5260322,2026-01-27 02:10:19.000,_20260126_180244_CH02_TMO_5GNR_WFC_REF_TC-172-R1.dml,,,,,,,,,,NR SA,,,,,,,,,,0,,,,,,,,,594,,,On,Connected,-66.000000,2437,14,,,,IWLAN
457,1,,,-121.9331852,47.5260322,2026-01-27 02:10:20.000,_20260126_180244_CH02_TMO_5GNR_WFC_REF_TC-172-R1.dml,,,,,,,,,,NR SA,,,,,,,,,,0,,,,,,,,,594,,,On,Connected,-66.000000,2437,14,,,,NR (NR_SA)
458,1,,,-121.9331852,47.5260322,2026-01-27 02:10:21.000,_20260126_180244_CH02_TMO_5GNR_WFC_REF_TC-172-R1.dml,,,,,,,,,,NR SA,,,,,,,,,,0,,,,,,,,,594,,,On,Connected,-66.000000,2437,14,,,,NR (NR_SA)
459,1,,,-121.9331852,47.5260322,2026-01-27 02:10:22.000,_20260126_180244_CH02_TMO_5GNR_WFC_REF_TC-172-R1.dml,,,,,,,,,,NR SA,,,,,,,,,,0,,,,,,,,,594,,,On,Connected,-66.000000,2437,14,,,,NR (NR_SA)
460,1,,,-121.9331852,47.5260322,2026-01-27 02:10:23.000,_20260126_180244_CH02_TMO_5GNR_WFC_REF_TC-172-R1.dml,,,,,,,,,,NR SA,,,,,,,,,,0,,,,,,,,,594,,,On,Connected,-66.000000,2437,14,,,,NR (NR_SA)
461,1,,,-121.9331852,47.5260322,2026-01-27 02:10:24.000,_20260126_180244_CH02_TMO_5GNR_WFC_REF_TC-172-R1.dml,,,,,,,,,,NR SA,,,,,,,,,,0,,,,,,,,,594,,,On,Connected,-66.000000,2437,14,,,,NR (NR_SA)
462,1,,,-121.9331852,47.5260322,2026-01-27 02:10:25.000,_20260126_180244_CH02_TMO_5GNR_WFC_REF_TC-172-R1.dml,,,,,,,,,,NR SA,,,,,,,,,,0,,,,,,,,,594,,,On,Connected,-66.000000,2437,14,,,,NR (NR_SA)
463,1,,,-121.9331852,47.5260322,2026-01-27 02:10:26.000,_20260126_180244_CH02_TMO_5GNR_WFC_REF_TC-172-R1.dml,,,,,,,,,,NR SA,,,,,,,,,,0,,,,,,,,,594,,,On,Connected,-66.000000,2437,14,,,,NR (NR_SA)
464,1,,,-121.9331852,47.5260322,2026-01-27 02:10:27.000,_20260126_180244_CH02_TMO_5GNR_WFC_REF_TC-172-R1.dml,,,,,,,,,,NR SA,,,,,,,,,,0,,,,,,,,,594,,,On,Connected,-66.000000,2437,14,,,,NR (NR_SA)
465,1,,,-121.9331852,47.5260322,2026-01-27 02:10:28.000,_20260126_180244_CH02_TMO_5GNR_WFC_REF_TC-172-R1.dml,,,,,,,,,,NR SA,,,,,,,,,,0,,,,,,,,,594,,,On,Connected,-66.000000,2437,14,,,,NR (NR_SA)
466,1,,,-121.9331852,47.5260322,2026-01-27 02:10:29.000,_20260126_180244_CH02_TMO_5GNR_WFC_REF_TC-172-R1.dml,,,,,,,,,,NR SA,,,,,,,,,,0,,,,,,,,,594,,,On,Connected,-66.000000,2437,14,,,,NR (NR_SA)
467,1,,,-121.9331852,47.5260322,2026-01-27 02:10:30.000,_20260126_180244_CH02_TMO_5GNR_WFC_REF_TC-172-R1.dml,,,,,,,,,,NR SA,,,,,,,,,,0,,,,,,,,,594,,,On,Connected,-67.000000,2437,14,,,,NR (NR_SA)
468,1,,,-121.9331852,47.5260322,2026-01-27 02:10:31.000,_20260126_180244_CH02_TMO_5GNR_WFC_REF_TC-172-R1.dml,,,,,,,,,,NR SA,,,,,,,,,,0,,,,,,,,,594,,,On,Connected,-67.000000,2437,14,,,,NR (NR_SA)
469,1,,,-121.9331852,47.5260322,2026-01-27 02:10:32.000,_20260126_180244_CH02_TMO_5GNR_WFC_REF_TC-172-R1.dml,,,,,,,,,,NR SA,,,,,,,,,,0,,,,,,,,,594,,,On,Connected,-67.000000,2437,14,,,,NR (NR_SA)
470,1,,,-121.9331852,47.5260322,2026-01-27 02:10:33.000,_20260126_180244_CH02_TMO_5GNR_WFC_REF_TC-172-R1.dml,,,,,,,,,,NR SA,,,,,,,,,,0,,,,,,,,,594,,,On,Connected,-63.000000,2437,14,,,,NR (NR_SA)
471,1,,,-121.9331852,47.5260322,2026-01-27 02:10:34.000,_20260126_180244_CH02_TMO_5GNR_WFC_REF_TC-172-R1.dml,,,,,,,,,,NR SA,,,,,,,,,,0,,,,,,,,,594,,,On,Connected,-63.000000,2437,14,,,,NR (NR_SA)
472,1,,,-121.9331852,47.5260322,2026-01-27 02:10:35.000,_20260126_180244_CH02_TMO_5GNR_WFC_REF_TC-172-R1.dml,,,,,,,,,,NR SA,,,,,,,,,,0,,,,,,,,,594,,,On,Connected,-63.000000,2437,14,,,,NR (NR_SA)
473,1,,,-121.9331852,47.5260322,2026-01-27 02:10:36.000,_20260126_180244_CH02_TMO_5GNR_WFC_REF_TC-172-R1.dml,,,,,,,,,,NR SA,,,,,,,,,,0,,,,,,,,,594,,,On,Connected,-62.000000,2437,14,,,,NR (NR_SA)
474,1,,,-121.9331852,47.5260322,2026-01-27 02:10:37.000,_20260126_180244_CH02_TMO_5GNR_WFC_REF_TC-172-R1.dml,,,,,,,,,,NR SA,,,,,,,,,,0,,,,,,,,,594,,,On,Connected,-62.000000,2437,14,,,,NR (NR_SA)
475,1,,,-121.9331852,47.5260322,2026-01-27 02:10:38.000,_20260126_180244_CH02_TMO_5GNR_WFC_REF_TC-172-R1.dml,,,,,,,,,,NR SA,,,,,,,,,,0,,,,,,,,,594,,,On,Connected,-62.000000,2437,14,,,,NR (NR_SA)
476,1,,,-121.9331852,47.5260322,2026-01-27 02:10:39.000,_20260126_180244_CH02_TMO_5GNR_WFC_REF_TC-172-R1.dml,,,,,,,,,,NR SA,,,,,,,,,,0,,,,,,,,,594,,,On,Connected,-61.000000,2437,14,,,,NR (NR_SA)
477,1,,,-121.9331852,47.5260322,2026-01-27 02:10:40.000,_20260126_180244_CH02_TMO_5GNR_WFC_REF_TC-172-R1.dml,,,,,,,,,,NR SA,,,,,,,,,,0,,,,,,,,,594,,,On,Connected,-61.000000,2437,14,,,,NR (NR_SA)
478,1,,,-121.9331852,47.5260322,2026-01-27 02:10:41.000,_20260126_180244_CH02_TMO_5GNR_WFC_REF_TC-172-R1.dml,,,,,,,,,,NR SA,,,,,,,,,,0,,,,,,,,,594,,,On,Connected,-61.000000,2437,14,,,,NR (NR_SA)
479,1,,,-121.9331852,47.5260322,2026-01-27 02:10:42.000,_20260126_180244_CH02_TMO_5GNR_WFC_REF_TC-172-R1.dml,,,,,,,,,,NR SA,,,,,,,,,,0,,,,,,,,,594,,,On,Connected,-60.000000,2437,14,,,,NR (NR_SA)
480,1,,,-121.9331852,47.5260322,2026-01-27 02:10:43.000,_20260126_180244_CH02_TMO_5GNR_WFC_REF_TC-172-R1.dml,,,,,,,,,,NR SA,,,,,,,,,,0,,,,,,,,,594,,,On,Connected,-60.000000,2437,14,,,,NR (NR_SA)
481,1,,,-121.9331852,47.5260322,2026-01-27 02:10:44.000,_20260126_180244_CH02_TMO_5GNR_WFC_REF_TC-172-R1.dml,,,,,,,,,,NR SA,,,,,,,,,,0,,,,,,,,,594,,,On,Connected,-60.000000,2437,14,,,,NR (NR_SA)
482,1,,,-121.9331852,47.5260322,2026-01-27 02:10:45.000,_20260126_180244_CH02_TMO_5GNR_WFC_REF_TC-172-R1.dml,,,,,,,,,,NR SA,,,,,,,,,,0,,,,,,,,,594,,,On,Connected,-63.000000,2437,14,,,,NR (NR_SA)
483,1,,,-121.9331852,47.5260322,2026-01-27 02:10:46.000,_20260126_180244_CH02_TMO_5GNR_WFC_REF_TC-172-R1.dml,,,,,,,,,,NR SA,,,,,,,,,,0,,,,,,,,,594,,,On,Connected,-63.000000,2437,14,,,,NR (NR_SA)
484,1,,,-121.9331852,47.5260322,2026-01-27 02:10:47.000,_20260126_180244_CH02_TMO_5GNR_WFC_REF_TC-172-R1.dml,,,,,,,,,,NR SA,,,,,,,,,,0,,,,,,,,,594,,,On,Connected,-63.000000,2437,14,,,,NR (NR_SA)
485,1,,,-121.9331852,47.5260322,2026-01-27 02:10:48.000,_20260126_180244_CH02_TMO_5GNR_WFC_REF_TC-172-R1.dml,,,,,,,,,,NR SA,,,,,,,,,,0,,,,,,,,,594,,,On,Connected,-61.000000,2437,14,,,,NR (NR_SA)
486,1,,,-121.9331852,47.5260322,2026-01-27 02:10:49.000,_20260126_180244_CH02_TMO_5GNR_WFC_REF_TC-172-R1.dml,,,,,,,,,,NR SA,,,,,,,,,,0,,,,,,,,,594,,,On,Connected,-61.000000,2437,14,,,,NR (NR_SA)
487,1,,,-121.9331852,47.5260322,2026-01-27 02:10:50.000,_20260126_180244_CH02_TMO_5GNR_WFC_REF_TC-172-R1.dml,,,,,,,,,,NR SA,,,,,,,,,,0,,,,,,,,,594,,,On,Connected,-61.000000,2437,14,,,,NR (NR_SA)
488,1,,,-121.9331852,47.5260322,2026-01-27 02:10:51.000,_20260126_180244_CH02_TMO_5GNR_WFC_REF_TC-172-R1.dml,,,,,,,,,,NR SA,,,,,,,,,,0,,,,,,,,,594,,,On,Connected,-59.000000,2437,14,,,,NR (NR_SA)
489,1,,,-121.9331852,47.5260322,2026-01-27 02:10:52.000,_20260126_180244_CH02_TMO_5GNR_WFC_REF_TC-172-R1.dml,,,,,,,,,,NR SA,,,,,,,,,,0,,,,,,,,,594,,,On,Connected,-59.000000,2437,14,,,,NR (NR_SA)
490,1,,,-121.9331852,47.5260322,2026-01-27 02:10:53.000,_20260126_180244_CH02_TMO_5GNR_WFC_REF_TC-172-R1.dml,,,,,,,,,,NR SA,,,,,,,,,,0,,,,,,,,,594,,,On,Connected,-59.000000,2437,14,,,,NR (NR_SA)
491,1,,,-121.9331852,47.5260322,2026-01-27 02:10:54.000,_20260126_180244_CH02_TMO_5GNR_WFC_REF_TC-172-R1.dml,,,,,,,,,,NR SA,,,,,,,,,,0,,,,,,,,,594,,,On,Connected,-59.000000,2437,14,,,,NR (NR_SA)
492,1,,,-121.9331852,47.5260322,2026-01-27 02:10:55.000,_20260126_180244_CH02_TMO_5GNR_WFC_REF_TC-172-R1.dml,,,,,,,,,,NR SA,,,,,,,,,,0,,,,,,,,,594,,,On,Connected,-59.000000,2437,14,,,,NR (NR_SA)
493,1,,,-121.9331852,47.5260322,2026-01-27 02:10:56.000,_20260126_180244_CH02_TMO_5GNR_WFC_REF_TC-172-R1.dml,,,,,,,,,,NR SA,,,,,,,,,,0,,,,,,,,,594,,,On,Connected,-59.000000,2437,14,,,,NR (NR_SA)
494,1,,,-121.9331852,47.5260322,2026-01-27 02:10:57.000,_20260126_180244_CH02_TMO_5GNR_WFC_REF_TC-172-R1.dml,,,,,,,,,,NR SA,,,,,,,,,,0,,,,,,,,,594,,,On,Connected,-60.000000,2437,14,,,,NR (NR_SA)
495,1,,,-121.9331852,47.5260322,2026-01-27 02:10:58.000,_20260126_180244_CH02_TMO_5GNR_WFC_REF_TC-172-R1.dml,,,,,,,,,,NR SA,,,,,,,,,,0,,,,,,,,,594,,,On,Connected,-60.000000,2437,14,,,,NR (NR_SA)
496,1,,,-121.9331852,47.5260322,2026-01-27 02:10:59.000,_20260126_180244_CH02_TMO_5GNR_WFC_REF_TC-172-R1.dml,,,,,,,,,,NR SA,,,,,,,,,,0,,,,,,,,,594,,,On,Connected,-60.000000,2437,14,,,,NR (NR_SA)
497,1,,,-121.9331852,47.5260322,2026-01-27 02:11:00.000,_20260126_180244_CH02_TMO_5GNR_WFC_REF_TC-172-R1.dml,,,,,,,,,,NR SA,,,,,,,,,,0,,,,,,,,,594,,,On,Connected,-60.000000,2437,14,,,,NR (NR_SA)
498,1,,,-121.9331852,47.5260322,2026-01-27 02:11:01.000,_20260126_180244_CH02_TMO_5GNR_WFC_REF_TC-172-R1.dml,,,,,,,,,,NR SA,,,,,,,,,,0,,,,,,,,,594,,,On,Connected,-60.000000,2437,14,,,,NR (NR_SA)
499,1,,,-121.9331852,47.5260322,2026-01-27 02:11:02.000,_20260126_180244_CH02_TMO_5GNR_WFC_REF_TC-172-R1.dml,,,,,,,,,,NR SA,,,,,,,,,,0,,,,,,,,,594,,,On,Connected,-60.000000,2437,14,,,,NR (NR_SA)
500,1,,,-121.9331852,47.5260322,2026-01-27 02:11:03.000,_20260126_180244_CH02_TMO_5GNR_WFC_REF_TC-172-R1.dml,,,,,,,,,,NR SA,,,,,,,,,,0,,,,,,,,,594,,,On,Connected,-69.000000,2437,14,,,,NR (NR_SA)
501,1,,,-121.9331852,47.5260322,2026-01-27 02:11:04.000,_20260126_180244_CH02_TMO_5GNR_WFC_REF_TC-172-R1.dml,,,,,,,,,,NR SA,,,,,,,,,,0,,,,,,,,,594,,,On,Connected,-69.000000,2437,14,,,,NR (NR_SA)
502,1,,,-121.9331852,47.5260322,2026-01-27 02:11:05.000,_20260126_180244_CH02_TMO_5GNR_WFC_REF_TC-172-R1.dml,,,,,,,,,,NR SA,,,,,,,,,,0,,,,,,,,,594,,,On,Connected,-69.000000,2437,14,,,,NR (NR_SA)
503,1,,,-121.9331852,47.5260322,2026-01-27 02:11:06.000,_20260126_180244_CH02_TMO_5GNR_WFC_REF_TC-172-R1.dml,,,,,,,,,,NR SA,,,,,,,,,,0,,,,,,,,,594,,,On,Connected,-71.000000,2437,14,,,,NR (NR_SA)
504,1,,,-121.9331852,47.5260322,2026-01-27 02:11:07.000,_20260126_180244_CH02_TMO_5GNR_WFC_REF_TC-172-R1.dml,,,,,,,,,,NR SA,,,,,,,,,,0,,,,,,,,,594,,,On,Connected,-71.000000,2437,14,,,,NR (NR_SA)
505,1,,,-121.9331852,47.5260322,2026-01-27 02:11:08.000,_20260126_180244_CH02_TMO_5GNR_WFC_REF_TC-172-R1.dml,,,,,,,,,,NR SA,,,,,,,,,,0,,,,,,,,,594,,,On,Connected,-71.000000,2437,14,,,,NR (NR_SA)
506,1,,,-121.9331852,47.5260322,2026-01-27 02:11:09.000,_20260126_180244_CH02_TMO_5GNR_WFC_REF_TC-172-R1.dml,,,,,,,,,,NR SA,,,,,,,,,,0,,,,,,,,,594,,,On,Connected,-64.000000,2437,14,,,,NR (NR_SA)
507,1,,,-121.9331852,47.5260322,2026-01-27 02:11:10.000,_20260126_180244_CH02_TMO_5GNR_WFC_REF_TC-172-R1.dml,,,,,,,,,,NR SA,,,,,,,,,,0,,,,,,,,,594,,,On,Connected,-64.000000,2437,14,,,,NR (NR_SA)
508,1,,,-121.9331852,47.5260322,2026-01-27 02:11:11.000,_20260126_180244_CH02_TMO_5GNR_WFC_REF_TC-172-R1.dml,,,,,,,,,,NR SA,,,,,,,,,,0,,,,,,,,,594,,,On,Connected,-64.000000,2437,14,,,,NR (NR_SA)
509,1,,,-121.9331852,47.5260322,2026-01-27 02:11:12.000,_20260126_180244_CH02_TMO_5GNR_WFC_REF_TC-172-R1.dml,,,,,,,,,,NR SA,,,,,,,,,,0,,,,,,,,,594,,,On,Connected,-61.000000,2437,14,,,,NR (NR_SA)
510,1,,,-121.9331852,47.5260322,2026-01-27 02:11:13.000,_20260126_180244_CH02_TMO_5GNR_WFC_REF_TC-172-R1.dml,,,,,,,,,,NR SA,,,,,,,,,,0,,,,,,,,,594,,,On,Connected,-61.000000,2437,14,,,,NR (NR_SA)
511,1,,,-121.9331852,47.5260322,2026-01-27 02:11:14.000,_20260126_180244_CH02_TMO_5GNR_WFC_REF_TC-172-R1.dml,,,,,,,,,,NR SA,,,,,,,,,,0,,,,,,,,,594,,,On,Connected,-61.000000,2437,14,,,,NR (NR_SA)
512,1,,,-121.9331852,47.5260322,2026-01-27 02:11:15.000,_20260126_180244_CH02_TMO_5GNR_WFC_REF_TC-172-R1.dml,,,,,,,,,,NR SA,,,,,,,,,,0,,,,,,,,,594,,,On,Connected,-62.000000,2437,14,,,,NR (NR_SA)
513,1,,,-121.9331852,47.5260322,2026-01-27 02:11:16.000,_20260126_180244_CH02_TMO_5GNR_WFC_REF_TC-172-R1.dml,,,,,,,,,,NR SA,,,,,,,,,,0,,,,,,,,,594,,,On,Connected,-62.000000,2437,14,,,,NR (NR_SA)
514,1,,,-121.9331852,47.5260322,2026-01-27 02:11:17.000,_20260126_180244_CH02_TMO_5GNR_WFC_REF_TC-172-R1.dml,,,,,,,,,,NR SA,,,,,,,,,,0,,,,,,,,,594,,,On,Connected,-62.000000,2437,14,,,,NR (NR_SA)
515,1,,,-121.9331852,47.5260322,2026-01-27 02:11:18.000,_20260126_180244_CH02_TMO_5GNR_WFC_REF_TC-172-R1.dml,,,,,,,,,,NR SA,,,,,,,,,,0,,,,,,,,,594,,,On,Connected,-61.000000,2437,14,,,,NR (NR_SA)
516,1,,,-121.9331852,47.5260322,2026-01-27 02:11:19.000,_20260126_180244_CH02_TMO_5GNR_WFC_REF_TC-172-R1.dml,,,,,,,,,,NR SA,,,,,,,,,,0,,,,,,,,,594,,,On,Connected,-61.000000,2437,14,,,,NR (NR_SA)
517,1,,,-121.9331852,47.5260322,2026-01-27 02:11:20.000,_20260126_180244_CH02_TMO_5GNR_WFC_REF_TC-172-R1.dml,,,,,,,,,,NR SA,,,,,,,,,,0,,,,,,,,,594,,,On,Connected,-61.000000,2437,14,,,,NR (NR_SA)
518,1,,,-121.9331852,47.5260322,2026-01-27 02:11:21.000,_20260126_180244_CH02_TMO_5GNR_WFC_REF_TC-172-R1.dml,,,,,,,,,,NR SA,,,,,,,,,,0,,,,,,,,,594,,,On,Connected,-59.000000,2437,14,,,,NR (NR_SA)
519,1,,,-121.9331852,47.5260322,2026-01-27 02:11:22.000,_20260126_180244_CH02_TMO_5GNR_WFC_REF_TC-172-R1.dml,,,,,,,,,,NR SA,,,,,,,,,,0,,,,,,,,,594,,,On,Connected,-59.000000,2437,14,,,,NR (NR_SA)
520,1,,,-121.9331852,47.5260322,2026-01-27 02:11:23.000,_20260126_180244_CH02_TMO_5GNR_WFC_REF_TC-172-R1.dml,,,,,,,,,,NR SA,,,,,,,,,,0,,,,,,,,,594,,,On,Connected,-59.000000,2437,14,,,,NR (NR_SA)
521,1,,,-121.9331852,47.5260322,2026-01-27 02:11:24.000,_20260126_180244_CH02_TMO_5GNR_WFC_REF_TC-172-R1.dml,,,,,,,,,,NR SA,,,,,,,,,,0,,,,,,,,,594,,,On,Connected,-57.000000,2437,14,,,,NR (NR_SA)
522,1,,,-121.9331852,47.5260322,2026-01-27 02:11:25.000,_20260126_180244_CH02_TMO_5GNR_WFC_REF_TC-172-R1.dml,,,,,,,,,,NR SA,,,,,,,,,,0,,,,,,,,,594,,,On,Connected,-57.000000,2437,14,,,,NR (NR_SA)
523,1,,,-121.9331852,47.5260322,2026-01-27 02:11:26.000,_20260126_180244_CH02_TMO_5GNR_WFC_REF_TC-172-R1.dml,,,,,,,,,,NR SA,,,,,,,,,,0,,,,,,,,,594,,,On,Connected,-57.000000,2437,14,,,,NR (NR_SA)
524,1,,,-121.9331852,47.5260322,2026-01-27 02:11:27.000,_20260126_180244_CH02_TMO_5GNR_WFC_REF_TC-172-R1.dml,,,,,,,,,,NR SA,,,,,,,,,,0,,,,,,,,,594,,,On,Connected,-58.000000,2437,14,,,,NR (NR_SA)
525,1,,,-121.9331852,47.5260322,2026-01-27 02:11:28.000,_20260126_180244_CH02_TMO_5GNR_WFC_REF_TC-172-R1.dml,,,,,,,,,,NR SA,,,,,,,,,,0,,,,,,,,,594,,,On,Connected,-58.000000,2437,14,,,,NR (NR_SA)
526,1,,,-121.9331852,47.5260322,2026-01-27 02:11:29.000,_20260126_180244_CH02_TMO_5GNR_WFC_REF_TC-172-R1.dml,,,,,,,,,,NR SA,,,,,,,,,,0,,,,,,,,,594,,,On,Connected,-58.000000,2437,14,,,,NR (NR_SA)
527,1,,,-121.9331852,47.5260322,2026-01-27 02:11:30.000,_20260126_180244_CH02_TMO_5GNR_WFC_REF_TC-172-R1.dml,,,,,,,,,,NR SA,,,,,,,,,,0,,,,,,,,,594,,,On,Connected,-61.000000,2437,14,,,,NR (NR_SA)
528,1,,,-121.9331852,47.5260322,2026-01-27 02:11:31.000,_20260126_180244_CH02_TMO_5GNR_WFC_REF_TC-172-R1.dml,,,,,,,,,,NR SA,,,,,,,,,,0,,,,,,,,,594,,,On,Connected,-61.000000,2437,14,,,,NR (NR_SA)
529,1,,,-121.9331852,47.5260322,2026-01-27 02:11:32.000,_20260126_180244_CH02_TMO_5GNR_WFC_REF_TC-172-R1.dml,,,,,,,,,,NR SA,,,,,,,,,,0,,,,,,,,,594,,,On,Connected,-61.000000,2437,14,,,,NR (NR_SA)
530,1,,,-121.9331852,47.5260322,2026-01-27 02:11:33.000,_20260126_180244_CH02_TMO_5GNR_WFC_REF_TC-172-R1.dml,,,,,,,,,,NR SA,,,,,,,,,,0,,,,,,,,,594,,,On,Connected,-61.000000,2437,14,,,,NR (NR_SA)
531,1,,,-121.9331852,47.5260322,2026-01-27 02:11:34.000,_20260126_180244_CH02_TMO_5GNR_WFC_REF_TC-172-R1.dml,,,,,,,,,,NR SA,,,,,,,,,,0,,,,,,,,,594,,,On,Connected,-61.000000,2437,14,,,,NR (NR_SA)
532,1,,,-121.9331852,47.5260322,2026-01-27 02:11:35.000,_20260126_180244_CH02_TMO_5GNR_WFC_REF_TC-172-R1.dml,,,,,,,,,,NR SA,,,,,,,,,,0,,,,,,,,,594,,,On,Connected,-61.000000,2437,14,,,,NR (NR_SA)
533,1,,,-121.9331852,47.5260322,2026-01-27 02:11:36.000,_20260126_180244_CH02_TMO_5GNR_WFC_REF_TC-172-R1.dml,,,,,,,,,,NR SA,,,,,,,,,,0,,,,,,,,,594,,,On,Connected,-58.000000,2437,14,,,,NR (NR_SA)
534,1,,,-121.9331852,47.5260322,2026-01-27 02:11:37.000,_20260126_180244_CH02_TMO_5GNR_WFC_REF_TC-172-R1.dml,,,,,,,,,,NR SA,,,,,,,,,,0,,,,,,,,,594,,,On,Connected,-58.000000,2437,14,,,,NR (NR_SA)
535,1,,,-121.9331852,47.5260322,2026-01-27 02:11:38.000,_20260126_180244_CH02_TMO_5GNR_WFC_REF_TC-172-R1.dml,,,,,,,,,,NR SA,,,,,,,,,,0,,,,,,,,,594,,,On,Connected,-58.000000,2437,14,,,,NR (NR_SA)
536,1,,,-121.9331852,47.5260322,2026-01-27 02:11:39.000,_20260126_180244_CH02_TMO_5GNR_WFC_REF_TC-172-R1.dml,,,,,,,,,,NR SA,,,,,,,,,,0,,,,,,,,,594,,,On,Connected,-61.000000,2437,14,,,,NR (NR_SA)
537,1,,,-121.9331852,47.5260322,2026-01-27 02:11:40.000,_20260126_180244_CH02_TMO_5GNR_WFC_REF_TC-172-R1.dml,,,,,,,,,,NR SA,,,,,,,,,,0,,,,,,,,,594,,,On,Connected,-61.000000,2437,14,,,,NR (NR_SA)
538,1,,,-121.9331852,47.5260322,2026-01-27 02:11:41.000,_20260126_180244_CH02_TMO_5GNR_WFC_REF_TC-172-R1.dml,,,,,,,,,,NR SA,,,,,,,,,,0,,,,,,,,,594,,,On,Connected,-61.000000,2437,14,,,,NR (NR_SA)
539,1,,,-121.9331852,47.5260322,2026-01-27 02:11:42.000,_20260126_180244_CH02_TMO_5GNR_WFC_REF_TC-172-R1.dml,,,,,,,,,,NR SA,,,,,,,,,,0,,,,,,,,,594,,,On,Connected,-60.000000,2437,14,,,,NR (NR_SA)
540,1,,,-121.9331852,47.5260322,2026-01-27 02:11:43.000,_20260126_180244_CH02_TMO_5GNR_WFC_REF_TC-172-R1.dml,,,,,,,,,,NR SA,,,,,,,,,,0,,,,,,,,,594,,,On,Connected,-60.000000,2437,14,,,,NR (NR_SA)
541,1,,,-121.9331852,47.5260322,2026-01-27 02:11:44.000,_20260126_180244_CH02_TMO_5GNR_WFC_REF_TC-172-R1.dml,,,,,,,,,,NR SA,,,,,,,,,,0,,,,,,,,,594,,,On,Connected,-60.000000,2437,14,,,,NR (NR_SA)
542,1,,,-121.9331852,47.5260322,2026-01-27 02:11:45.000,_20260126_180244_CH02_TMO_5GNR_WFC_REF_TC-172-R1.dml,,,,,,,,,,NR SA,,,,,,,,,,0,,,,,,,,,594,,,On,Connected,-60.000000,2437,14,,,,NR (NR_SA)
543,1,,,-121.9331852,47.5260322,2026-01-27 02:11:46.000,_20260126_180244_CH02_TMO_5GNR_WFC_REF_TC-172-R1.dml,,,,,,,,,,NR SA,,,,,,,,,,0,,,,,,,,,594,,,On,Connected,-60.000000,2437,14,,,,NR (NR_SA)
544,1,,,-121.9331852,47.5260322,2026-01-27 02:11:47.000,_20260126_180244_CH02_TMO_5GNR_WFC_REF_TC-172-R1.dml,,,,,,,,,,NR SA,,,,,,,,,,0,,,,,,,,,594,,,On,Connected,-60.000000,2437,14,,,,NR (NR_SA)
545,1,,,-121.9331852,47.5260322,2026-01-27 02:11:48.000,_20260126_180244_CH02_TMO_5GNR_WFC_REF_TC-172-R1.dml,,,,,,,,,,NR SA,,,,,,,,,,0,,,,,,,,,594,,,On,Connected,-60.000000,2437,14,,,,NR (NR_SA)
546,1,,,-121.9331852,47.5260322,2026-01-27 02:11:49.000,_20260126_180244_CH02_TMO_5GNR_WFC_REF_TC-172-R1.dml,,,,,,,,,,NR SA,,,,,,,,,,0,,,,,,,,,594,,,On,Connected,-62.000000,2437,14,,,,NR (NR_SA)
547,1,,,-121.9331852,47.5260322,2026-01-27 02:11:50.000,_20260126_180244_CH02_TMO_5GNR_WFC_REF_TC-172-R1.dml,,,,,,,,,,NR SA,,,,,,,,,,0,,,,,,,,,594,,,On,Connected,-62.000000,2437,14,,,,NR (NR_SA)
548,1,,,-121.9331852,47.5260322,2026-01-27 02:11:51.000,_20260126_180244_CH02_TMO_5GNR_WFC_REF_TC-172-R1.dml,,,,,,,,,,NR SA,,,,,,,,,,0,,,,,,,,,594,,,On,Connected,-62.000000,2437,14,,,,NR (NR_SA)
549,1,,,-121.9331852,47.5260322,2026-01-27 02:11:52.000,_20260126_180244_CH02_TMO_5GNR_WFC_REF_TC-172-R1.dml,,,,,,,,,,NR SA,,,,,,,,,,0,,,,,,,,,594,,,On,Connected,-68.000000,2437,14,,,,NR (NR_SA)
550,1,,,-121.9331852,47.5260322,2026-01-27 02:11:53.000,_20260126_180244_CH02_TMO_5GNR_WFC_REF_TC-172-R1.dml,,,,,,,,,,NR SA,,,,,,,,,,0,,,,,,,,,594,,,On,Connected,-68.000000,2437,14,,,,NR (NR_SA)
551,1,,,-121.9331852,47.5260322,2026-01-27 02:11:54.000,_20260126_180244_CH02_TMO_5GNR_WFC_REF_TC-172-R1.dml,,,,,,,,,,NR SA,,,,,,,,,,0,,,,,,,,,594,,,On,Connected,-68.000000,2437,14,,,,NR (NR_SA)
552,1,,,-121.9331852,47.5260322,2026-01-27 02:11:55.000,_20260126_180244_CH02_TMO_5GNR_WFC_REF_TC-172-R1.dml,,,,,,,,,,NR SA,,,,,,,,,,0,,,,,,,,,594,,,On,Connected,-67.000000,2437,14,,,,NR (NR_SA)
553,1,,,-121.9331852,47.5260322,2026-01-27 02:11:56.000,_20260126_180244_CH02_TMO_5GNR_WFC_REF_TC-172-R1.dml,,,,,,,,,,NR SA,,,,,,,,,,0,,,,,,,,,594,,,On,Connected,-67.000000,2437,14,,,,NR (NR_SA)
554,1,,,-121.9331852,47.5260322,2026-01-27 02:11:57.000,_20260126_180244_CH02_TMO_5GNR_WFC_REF_TC-172-R1.dml,,,,,,,,,,NR SA,,,,,,,,,,0,,,,,,,,,594,,,On,Connected,-67.000000,2437,14,,,,NR (NR_SA)
555,1,,,-121.9331852,47.5260322,2026-01-27 02:11:58.000,_20260126_180244_CH02_TMO_5GNR_WFC_REF_TC-172-R1.dml,,,,,,,,,,NR SA,,,,,,,,,,0,,,,,,,,,594,,,On,Connected,-67.000000,2437,14,,,,NR (NR_SA)
556,1,,,-121.9331852,47.5260322,2026-01-27 02:11:59.000,_20260126_180244_CH02_TMO_5GNR_WFC_REF_TC-172-R1.dml,,,,,,,,,,NR SA,,,,,,,,,,0,,,,,,,,,594,,,On,Connected,-67.000000,2437,14,,,,NR (NR_SA)
557,1,,,-121.9331852,47.5260322,2026-01-27 02:12:00.000,_20260126_180244_CH02_TMO_5GNR_WFC_REF_TC-172-R1.dml,,,,,,,,,,NR SA,,,,,,,,,,0,,,,,,,,,594,,,On,Connected,-67.000000,2437,14,,,,NR (NR_SA)
558,1,,,-121.9331852,47.5260322,2026-01-27 02:12:01.000,_20260126_180244_CH02_TMO_5GNR_WFC_REF_TC-172-R1.dml,,,,,,,,,,NR SA,,,,,,,,,,0,,,,,,,,,594,,,On,Connected,-71.000000,2437,14,,,,NR (NR_SA)
559,1,,,-121.9331852,47.5260322,2026-01-27 02:12:02.000,_20260126_180244_CH02_TMO_5GNR_WFC_REF_TC-172-R1.dml,,,,,,,,,,NR SA,,,,,,,,,,0,,,,,,,,,594,,,On,Connected,-71.000000,2437,14,,,,NR (NR_SA)
560,1,,,-121.9331852,47.5260322,2026-01-27 02:12:03.000,_20260126_180244_CH02_TMO_5GNR_WFC_REF_TC-172-R1.dml,,,,,,,,,,NR SA,,,,,,,,,,0,,,,,,,,,594,,,On,Connected,-71.000000,2437,14,,,,NR (NR_SA)
561,1,,,-121.9331852,47.5260322,2026-01-27 02:12:04.000,_20260126_180244_CH02_TMO_5GNR_WFC_REF_TC-172-R1.dml,,,,,,,,,,NR SA,,,,,,,,,,0,,,,,,,,,594,,,On,Connected,-74.000000,2437,14,,,,NR (NR_SA)
562,1,,,-121.9331852,47.5260322,2026-01-27 02:12:05.000,_20260126_180244_CH02_TMO_5GNR_WFC_REF_TC-172-R1.dml,,,,,,,,,,NR NSA,,,,,,,,,,0,,,,,,,,,594,,,On,Connected,-74.000000,2437,14,,,,NR (NR_SA)
563,1,,,-121.9331852,47.5260322,2026-01-27 02:12:06.000,_20260126_180244_CH02_TMO_5GNR_WFC_REF_TC-172-R1.dml,,,,,,,,,,NR NSA,,,,,,,,,,0,,,,,,,,,594,,,On,Connected,-74.000000,2437,14,,,,NR (NR_SA)
564,1,,,-121.9331852,47.5260322,2026-01-27 02:12:07.000,_20260126_180244_CH02_TMO_5GNR_WFC_REF_TC-172-R1.dml,,,,,,,,,,NR NSA,,,,,,,,,,0,,,,,,,,,594,,,On,Connected,-59.000000,2437,14,,,,NR (NR_SA)
565,1,,,-121.9331852,47.5260322,2026-01-27 02:12:08.000,_20260126_180244_CH02_TMO_5GNR_WFC_REF_TC-172-R1.dml,,,,,,,,,,NR SA,,,,,,,,,,0,,,,,,,,,594,,,On,Connected,-59.000000,2437,14,,,,NR (NR_SA)
566,1,,,-121.9331852,47.5260322,2026-01-27 02:12:09.000,_20260126_180244_CH02_TMO_5GNR_WFC_REF_TC-172-R1.dml,,,,,,,,,,NR SA,,,,,,,,,,0,,,,,,,,,594,,,On,Connected,-59.000000,2437,14,,,,NR (NR_SA)
567,1,,,-121.9331852,47.5260322,2026-01-27 02:12:10.000,_20260126_180244_CH02_TMO_5GNR_WFC_REF_TC-172-R1.dml,,,,,,,,,,NR SA,,,,,,,,,,0,,,,,,,,,594,,,On,Connected,-60.000000,2437,14,,,,NR (NR_SA)
568,1,,,-121.9331852,47.5260322,2026-01-27 02:12:11.000,_20260126_180244_CH02_TMO_5GNR_WFC_REF_TC-172-R1.dml,,,,,,,,,,NR SA,,,,,,,,,,0,,,,,,,,,594,,,On,Connected,-60.000000,2437,14,,,,NR (NR_SA)
569,1,,,-121.9331852,47.5260322,2026-01-27 02:12:12.000,_20260126_180244_CH02_TMO_5GNR_WFC_REF_TC-172-R1.dml,,,,,,,,,,NR SA,,,,,,,,,,0,,,,,,,,,594,,,On,Connected,-60.000000,2437,14,,,,NR (NR_SA)
570,1,,,-121.9331852,47.5260322,2026-01-27 02:12:13.000,_20260126_180244_CH02_TMO_5GNR_WFC_REF_TC-172-R1.dml,,,,,,,,,,NR SA,,,,,,,,,,0,,,,,,,,,594,,,On,Connected,-62.000000,2437,14,,,,NR (NR_SA)
571,1,,,-121.9331852,47.5260322,2026-01-27 02:12:14.000,_20260126_180244_CH02_TMO_5GNR_WFC_REF_TC-172-R1.dml,,,,,,,,,,NR SA,,,,,,,,,,0,,,,,,,,,594,,,On,Connected,-62.000000,2437,14,,,,NR (NR_SA)
572,1,,,-121.9331852,47.5260322,2026-01-27 02:12:15.000,_20260126_180244_CH02_TMO_5GNR_WFC_REF_TC-172-R1.dml,,,,,,,,,,NR SA,,,,,,,,,,0,,,,,,,,,594,,,On,Connected,-62.000000,2437,14,,,,NR (NR_SA)
573,1,,,-121.9331852,47.5260322,2026-01-27 02:12:16.000,_20260126_180244_CH02_TMO_5GNR_WFC_REF_TC-172-R1.dml,,,,,,,,,,NR SA,,,,,,,,,,0,,,,,,,,,594,,,On,Connected,-64.000000,2437,14,,,,NR (NR_SA)
574,1,,,-121.9331852,47.5260322,2026-01-27 02:12:17.000,_20260126_180244_CH02_TMO_5GNR_WFC_REF_TC-172-R1.dml,,,,,,,,,,NR SA,,,,,,,,,,0,,,,,,,,,594,,,,Connected,,,,,,,NR (NR_SA)
575,1,,,-121.9331852,47.5260322,2026-01-27 02:12:18.000,_20260126_180244_CH02_TMO_5GNR_WFC_REF_TC-172-R1.dml,,,,,,,,,,NR SA,,,,,,,,,,0,,,,,,,,,594,,,On,Connected,-64.000000,2437,14,,,,NR (NR_SA)
576,1,,,-121.9331852,47.5260322,2026-01-27 02:12:19.000,_20260126_180244_CH02_TMO_5GNR_WFC_REF_TC-172-R1.dml,,,,,,,,,,NR SA,,,,,,,,,,0,,,,,,,,,594,,,On,Connected,-64.000000,2437,14,,,,NR (NR_SA)
577,1,,,-121.9331852,47.5260322,2026-01-27 02:12:20.000,_20260126_180244_CH02_TMO_5GNR_WFC_REF_TC-172-R1.dml,,,,,,,,,,NR SA,,,,,,,,,,0,,,,,,,,,594,,,On,Connected,-67.000000,2437,14,,,,NR (NR_SA)
578,1,,,-121.9331852,47.5260322,2026-01-27 02:12:21.000,_20260126_180244_CH02_TMO_5GNR_WFC_REF_TC-172-R1.dml,,,,,,,,,,NR SA,,,,,,,,,,0,,,,,,,,,594,,,On,Connected,-67.000000,2437,14,,,,NR (NR_SA)
579,1,,,-121.9331852,47.5260322,2026-01-27 02:12:22.000,_20260126_180244_CH02_TMO_5GNR_WFC_REF_TC-172-R1.dml,,,,,,,,,,NR SA,,,,,,,,,,0,,,,,,,,,594,,,,Connected,,,,,,,NR (NR_SA)
580,1,,,-121.9331852,47.5260322,2026-01-27 02:12:23.000,_20260126_180244_CH02_TMO_5GNR_WFC_REF_TC-172-R1.dml,,,,,,,,,,NR SA,,,,,,,,,,0,,,,,,,,,594,,,On,Connected,-64.000000,2437,14,,,,NR (NR_SA)
581,1,,,-121.9331852,47.5260322,2026-01-27 02:12:24.000,_20260126_180244_CH02_TMO_5GNR_WFC_REF_TC-172-R1.dml,,,,,,,,,,NR SA,,,,,,,,,,0,,,,,,,,,594,,,On,Connected,-64.000000,2437,14,,,,NR (NR_SA)
582,1,,,-121.9331852,47.5260322,2026-01-27 02:12:25.000,_20260126_180244_CH02_TMO_5GNR_WFC_REF_TC-172-R1.dml,,,,,,,,,,NR SA,,,,,,,,,,0,,,,,,,,,594,,,On,Connected,-64.000000,2437,14,,,,NR (NR_SA)
583,1,,,-121.9331852,47.5260322,2026-01-27 02:12:26.000,_20260126_180244_CH02_TMO_5GNR_WFC_REF_TC-172-R1.dml,,,,,,,,,,NR SA,,,,,,,,,,0,,,,,,,,,594,,,On,Connected,-64.000000,2437,14,,,,NR (NR_SA)
584,1,,,-121.9331852,47.5260322,2026-01-27 02:12:27.000,_20260126_180244_CH02_TMO_5GNR_WFC_REF_TC-172-R1.dml,,,,,,,,,,NR SA,,,,,,,,,,0,,,,,,,,,594,,,On,Connected,-64.000000,2437,14,,,,NR (NR_SA)
585,1,,,-121.9331852,47.5260322,2026-01-27 02:12:28.000,_20260126_180244_CH02_TMO_5GNR_WFC_REF_TC-172-R1.dml,,,,,,,,,,NR SA,,,,,,,,,,0,,,,,,,,,594,,,On,Connected,-64.000000,2437,14,,,,NR (NR_SA)
586,1,,,-121.9331852,47.5260322,2026-01-27 02:12:29.000,_20260126_180244_CH02_TMO_5GNR_WFC_REF_TC-172-R1.dml,,,,,,,,,,NR SA,,,,,,,,,,0,,,,,,,,,594,,,On,Connected,-64.000000,2437,14,,,,NR (NR_SA)
587,1,,,-121.9331852,47.5260322,2026-01-27 02:12:30.000,_20260126_180244_CH02_TMO_5GNR_WFC_REF_TC-172-R1.dml,,,,,,,,,,NR SA,,,,,,,,,,0,,,,,,,,,594,,,On,Connected,-64.000000,2437,14,,,,NR (NR_SA)
588,1,,,-121.9331852,47.5260322,2026-01-27 02:12:31.000,_20260126_180244_CH02_TMO_5GNR_WFC_REF_TC-172-R1.dml,,,,,,,,,,NR SA,,,,,,,,,,0,,,,,,,,,594,,,On,Connected,-64.000000,2437,14,,,,NR (NR_SA)
589,1,,,-121.9331852,47.5260322,2026-01-27 02:12:32.000,_20260126_180244_CH02_TMO_5GNR_WFC_REF_TC-172-R1.dml,,,,,,,,,,NR SA,,,,,,,,,,0,,,,,,,,,594,,,On,Connected,-61.000000,2437,14,,,,NR (NR_SA)
590,1,,,-121.9331852,47.5260322,2026-01-27 02:12:33.000,_20260126_180244_CH02_TMO_5GNR_WFC_REF_TC-172-R1.dml,,,,,,,,,,NR SA,,,,,,,,,,0,,,,,,,,,594,,,On,Connected,-61.000000,2437,14,,,,NR (NR_SA)
591,1,,,-121.9331852,47.5260322,2026-01-27 02:12:34.000,_20260126_180244_CH02_TMO_5GNR_WFC_REF_TC-172-R1.dml,,,,,,,,,,NR SA,,,,,,,,,,0,,,,,,,,,594,,,On,Connected,-61.000000,2437,14,,,,NR (NR_SA)
592,1,,,-121.9331852,47.5260322,2026-01-27 02:12:35.000,_20260126_180244_CH02_TMO_5GNR_WFC_REF_TC-172-R1.dml,,,,,,,,,,NR SA,,,,,,,,,,0,,,,,,,,,594,,,On,Connected,-58.000000,2437,14,,,,NR (NR_SA)
593,1,,,-121.9331852,47.5260322,2026-01-27 02:12:36.000,_20260126_180244_CH02_TMO_5GNR_WFC_REF_TC-172-R1.dml,,,,,,,,,,NR SA,,,,,,,,,,0,,,,,,,,,594,,,On,Connected,-58.000000,2437,14,,,,NR (NR_SA)
594,1,,,-121.9331852,47.5260322,2026-01-27 02:12:37.000,_20260126_180244_CH02_TMO_5GNR_WFC_REF_TC-172-R1.dml,,,,,,,,,,NR SA,,,,,,,,,,0,,,,,,,,,594,,,On,Connected,-58.000000,2437,14,,,,NR (NR_SA)
595,1,,,-121.9331852,47.5260322,2026-01-27 02:12:38.000,_20260126_180244_CH02_TMO_5GNR_WFC_REF_TC-172-R1.dml,,,,,,,,,,NR SA,,,,,,,,,,0,,,,,,,,,594,,,On,Connected,-58.000000,2437,14,,,,NR (NR_SA)
596,1,,,-121.9331852,47.5260322,2026-01-27 02:12:39.000,_20260126_180244_CH02_TMO_5GNR_WFC_REF_TC-172-R1.dml,,,,,,,,,,NR SA,,,,,,,,,,0,,,,,,,,,594,,,On,Connected,-58.000000,2437,14,,,,NR (NR_SA)
597,1,,,-121.9331852,47.5260322,2026-01-27 02:12:40.000,_20260126_180244_CH02_TMO_5GNR_WFC_REF_TC-172-R1.dml,,,,,,,,,,NR SA,,,,,,,,,,0,,,,,,,,,594,,,On,Connected,-58.000000,2437,14,,,,NR (NR_SA)
598,1,,,-121.9331852,47.5260322,2026-01-27 02:12:41.000,_20260126_180244_CH02_TMO_5GNR_WFC_REF_TC-172-R1.dml,,,,,,,,,,NR SA,,,,,,,,,,0,,,,,,,,,594,,,On,Connected,-63.000000,2437,14,,,,NR (NR_SA)
599,1,,,-121.9331852,47.5260322,2026-01-27 02:12:42.000,_20260126_180244_CH02_TMO_5GNR_WFC_REF_TC-172-R1.dml,,,,,,,,,,NR SA,,,,,,,,,,0,,,,,,,,,594,,,On,Connected,-63.000000,2437,14,,,,NR (NR_SA)
600,1,,,-121.9331852,47.5260322,2026-01-27 02:12:43.000,_20260126_180244_CH02_TMO_5GNR_WFC_REF_TC-172-R1.dml,,,,,,,,,,NR SA,,,,,,,,,,0,,,,,,,,,594,,,On,Connected,-63.000000,2437,14,,,,NR (NR_SA)
601,1,,,-121.9331852,47.5260322,2026-01-27 02:12:44.000,_20260126_180244_CH02_TMO_5GNR_WFC_REF_TC-172-R1.dml,,,,,,,,,,NR SA,,,,,,,,,,0,,,,,,,,,594,,,On,Connected,-64.000000,2437,14,,,,NR (NR_SA)
602,1,,,-121.9331852,47.5260322,2026-01-27 02:12:45.000,_20260126_180244_CH02_TMO_5GNR_WFC_REF_TC-172-R1.dml,,,,,,,,,,NR SA,,,,,,,,,,0,,,,,,,,,594,,,On,Connected,-64.000000,2437,14,,,,NR (NR_SA)
603,1,,,-121.9331852,47.5260322,2026-01-27 02:12:46.000,_20260126_180244_CH02_TMO_5GNR_WFC_REF_TC-172-R1.dml,,,,,,,,,,NR SA,,,,,,,,,,0,,,,,,,,,594,,,On,Connected,-64.000000,2437,14,,,,NR (NR_SA)
604,1,,,-121.9331852,47.5260322,2026-01-27 02:12:47.000,_20260126_180244_CH02_TMO_5GNR_WFC_REF_TC-172-R1.dml,,,,,,,,,,NR SA,,,,,,,,,,0,,,,,,,,,594,,,On,Connected,-61.000000,2437,14,,,,NR (NR_SA)
605,1,,,-121.9331852,47.5260322,2026-01-27 02:12:48.000,_20260126_180244_CH02_TMO_5GNR_WFC_REF_TC-172-R1.dml,,,,,,,,,,NR SA,,,,,,,,,,0,,,,,,,,,594,,,On,Connected,-61.000000,2437,14,,,,NR (NR_SA)
606,1,,,-121.9331852,47.5260322,2026-01-27 02:12:49.000,_20260126_180244_CH02_TMO_5GNR_WFC_REF_TC-172-R1.dml,,,,,,,,,,NR SA,,,,,,,,,,0,,,,,,,,,594,,,On,Connected,-61.000000,2437,14,,,,NR (NR_SA)
607,1,,,-121.9331852,47.5260322,2026-01-27 02:12:50.000,_20260126_180244_CH02_TMO_5GNR_WFC_REF_TC-172-R1.dml,,,,,,,,,,NR SA,,,,,,,,,,0,,,,,,,,,594,,,On,Connected,-63.000000,2437,14,,,,NR (NR_SA)
608,1,,,-121.9331852,47.5260322,2026-01-27 02:12:51.000,_20260126_180244_CH02_TMO_5GNR_WFC_REF_TC-172-R1.dml,,,,,,,,,,NR SA,,,,,,,,,,0,,,,,,,,,594,,,On,Connected,-63.000000,2437,14,,,,NR (NR_SA)
609,1,,,-121.9331852,47.5260322,2026-01-27 02:12:52.000,_20260126_180244_CH02_TMO_5GNR_WFC_REF_TC-172-R1.dml,,,,,,,,,,NR SA,,,,,,,,,,0,,,,,,,,,594,,,On,Connected,-63.000000,2437,14,,,,NR (NR_SA)
610,1,,,-121.9331852,47.5260322,2026-01-27 02:12:53.000,_20260126_180244_CH02_TMO_5GNR_WFC_REF_TC-172-R1.dml,,,,,,,,,,NR SA,,,,,,,,,,0,,,,,,,,,594,,,On,Connected,-65.000000,2437,14,,,,NR (NR_SA)
611,1,,,-121.9331852,47.5260322,2026-01-27 02:12:54.000,_20260126_180244_CH02_TMO_5GNR_WFC_REF_TC-172-R1.dml,,,,,,,,,,NR SA,,,,,,,,,,0,,,,,,,,,594,,,On,Connected,-65.000000,2437,14,,,,NR (NR_SA)
612,1,,,-121.9331852,47.5260322,2026-01-27 02:12:55.000,_20260126_180244_CH02_TMO_5GNR_WFC_REF_TC-172-R1.dml,,,,,,,,,,NR SA,,,,,,,,,,0,,,,,,,,,594,,,On,Connected,-65.000000,2437,14,,,,NR (NR_SA)
613,1,,,-121.9331852,47.5260322,2026-01-27 02:12:56.000,_20260126_180244_CH02_TMO_5GNR_WFC_REF_TC-172-R1.dml,,,,,,,,,,NR SA,,,,,,,,,,0,,,,,,,,,594,,,On,Connected,-67.000000,2437,14,,,,NR (NR_SA)
614,1,,,-121.9331852,47.5260322,2026-01-27 02:12:57.000,_20260126_180244_CH02_TMO_5GNR_WFC_REF_TC-172-R1.dml,,,,,,,,,,NR SA,,,,,,,,,,0,,,,,,,,,594,,,On,Connected,-67.000000,2437,14,,,,NR (NR_SA)
615,1,,,-121.9331852,47.5260322,2026-01-27 02:12:58.000,_20260126_180244_CH02_TMO_5GNR_WFC_REF_TC-172-R1.dml,,,,,,,,,,NR SA,,,,,,,,,,0,,,,,,,,,594,,,On,Connected,-67.000000,2437,14,,,,NR (NR_SA)
616,1,,,-121.9331852,47.5260322,2026-01-27 02:12:59.000,_20260126_180244_CH02_TMO_5GNR_WFC_REF_TC-172-R1.dml,,,,,,,,,,NR SA,,,,,,,,,,0,,,,,,,,,594,,,On,Connected,-69.000000,2437,14,,,,NR (NR_SA)
617,1,,,-121.9331852,47.5260322,2026-01-27 02:13:00.000,_20260126_180244_CH02_TMO_5GNR_WFC_REF_TC-172-R1.dml,,,,,,,,,,NR SA,,,,,,,,,,0,,,,,,,,,594,,,On,Connected,-69.000000,2437,14,,,,NR (NR_SA)
618,1,,,-121.9331852,47.5260322,2026-01-27 02:13:01.000,_20260126_180244_CH02_TMO_5GNR_WFC_REF_TC-172-R1.dml,,,,,,,,,,NR SA,,,,,,,,,,0,,,,,,,,,594,,,On,Connected,-69.000000,2437,14,,,,NR (NR_SA)
619,1,,,-121.9331852,47.5260322,2026-01-27 02:13:02.000,_20260126_180244_CH02_TMO_5GNR_WFC_REF_TC-172-R1.dml,,,,,,,,,,NR SA,,,,,,,,,,0,,,,,,,,,594,,,On,Connected,-72.000000,2437,14,,,,NR (NR_SA)
620,1,,,-121.9331852,47.5260322,2026-01-27 02:13:03.000,_20260126_180244_CH02_TMO_5GNR_WFC_REF_TC-172-R1.dml,,,,,,,,,,NR SA,,,,,,,,,,0,,,,,,,,,594,,,On,Connected,-72.000000,2437,14,,,,NR (NR_SA)
621,1,,,-121.9331852,47.5260322,2026-01-27 02:13:04.000,_20260126_180244_CH02_TMO_5GNR_WFC_REF_TC-172-R1.dml,,,,,,,,,,NR SA,,,,,,,,,,0,,,,,,,,,594,,,On,Connected,-72.000000,2437,14,,,,NR (NR_SA)
622,1,,,-121.9331852,47.5260322,2026-01-27 02:13:05.000,_20260126_180244_CH02_TMO_5GNR_WFC_REF_TC-172-R1.dml,,,,,,,,,,NR SA,,,,,,,,,,0,,,,,,,,,594,,,On,Connected,-72.000000,2437,14,,,,NR (NR_SA)
623,1,,,-121.9331852,47.5260322,2026-01-27 02:13:06.000,_20260126_180244_CH02_TMO_5GNR_WFC_REF_TC-172-R1.dml,,,,,,,,,,NR SA,,,,,,,,,,0,,,,,,,,,594,,,On,Connected,-72.000000,2437,14,,,,NR (NR_SA)
624,1,,,-121.9331852,47.5260322,2026-01-27 02:13:07.000,_20260126_180244_CH02_TMO_5GNR_WFC_REF_TC-172-R1.dml,,,,,,,,,,NR SA,,,,,,,,,,0,,,,,,,,,594,,,On,Connected,-72.000000,2437,14,,,,NR (NR_SA)
625,1,,,-121.9331852,47.5260322,2026-01-27 02:13:08.000,_20260126_180244_CH02_TMO_5GNR_WFC_REF_TC-172-R1.dml,,,,,,,,,,NR SA,,,,,,,,,,0,,,,,,,,,594,,,On,Connected,-70.000000,2437,14,,,,NR (NR_SA)
626,1,,,-121.9331852,47.5260322,2026-01-27 02:13:09.000,_20260126_180244_CH02_TMO_5GNR_WFC_REF_TC-172-R1.dml,,,,,,,,,,NR SA,,,,,,,,,,0,,,,,,,,,594,,,On,Connected,-70.000000,2437,14,,,,NR (NR_SA)
627,1,,,-121.9331852,47.5260322,2026-01-27 02:13:10.000,_20260126_180244_CH02_TMO_5GNR_WFC_REF_TC-172-R1.dml,,,,,,,,,,NR SA,,,,,,,,,,0,,,,,,,,,594,,,On,Connected,-70.000000,2437,14,,,,NR (NR_SA)
628,1,,,-121.9331852,47.5260322,2026-01-27 02:13:11.000,_20260126_180244_CH02_TMO_5GNR_WFC_REF_TC-172-R1.dml,,,,,,,,,,NR SA,,,,,,,,,,0,,,,,,,,,594,,,On,Connected,-69.000000,2437,14,,,,NR (NR_SA)
629,1,,,-121.9331852,47.5260322,2026-01-27 02:13:12.000,_20260126_180244_CH02_TMO_5GNR_WFC_REF_TC-172-R1.dml,,,,,,,,,,NR SA,,,,,,,,,,0,,,,,,,,,594,,,On,Connected,-69.000000,2437,14,,,,NR (NR_SA)
630,1,,,-121.9331852,47.5260322,2026-01-27 02:13:13.000,_20260126_180244_CH02_TMO_5GNR_WFC_REF_TC-172-R1.dml,,,,,,,,,,NR SA,,,,,,,,,,0,,,,,,,,,594,,,On,Connected,-69.000000,2437,14,,,,NR (NR_SA)
631,1,,,-121.9331852,47.5260322,2026-01-27 02:13:14.000,_20260126_180244_CH02_TMO_5GNR_WFC_REF_TC-172-R1.dml,,,,,,,,,,NR SA,,,,,,,,,,0,,,,,,,,,594,,,On,Connected,-69.000000,2437,14,,,,NR (NR_SA)
632,1,,,-121.9331852,47.5260322,2026-01-27 02:13:15.000,_20260126_180244_CH02_TMO_5GNR_WFC_REF_TC-172-R1.dml,,,,,,,,,,NR SA,,,,,,,,,,0,,,,,,,,,594,,,On,Connected,-69.000000,2437,14,,,,NR (NR_SA)
633,1,,,-121.9331852,47.5260322,2026-01-27 02:13:16.000,_20260126_180244_CH02_TMO_5GNR_WFC_REF_TC-172-R1.dml,,,,,,,,,,NR SA,,,,,,,,,,0,,,,,,,,,594,,,On,Connected,-69.000000,2437,14,,,,NR (NR_SA)
634,1,,,-121.9331852,47.5260322,2026-01-27 02:13:17.000,_20260126_180244_CH02_TMO_5GNR_WFC_REF_TC-172-R1.dml,,,,,,,,,,NR SA,,,,,,,,,,0,,,,,,,,,594,,,On,Connected,-68.000000,2437,14,,,,NR (NR_SA)
635,1,,,-121.9331852,47.5260322,2026-01-27 02:13:18.000,_20260126_180244_CH02_TMO_5GNR_WFC_REF_TC-172-R1.dml,,,,,,,,,,NR SA,,,,,,,,,,0,,,,,,,,,594,,,On,Connected,-68.000000,2437,14,,,,NR (NR_SA)
636,1,,,-121.9331852,47.5260322,2026-01-27 02:13:19.000,_20260126_180244_CH02_TMO_5GNR_WFC_REF_TC-172-R1.dml,,,,,,,,,,NR SA,,,,,,,,,,0,,,,,,,,,594,,,On,Connected,-68.000000,2437,14,,,,NR (NR_SA)
637,1,,,-121.9331852,47.5260322,2026-01-27 02:13:20.000,_20260126_180244_CH02_TMO_5GNR_WFC_REF_TC-172-R1.dml,,,,,,,,,,NR SA,,,,,,,,,,0,,,,,,,,,594,,,On,Connected,-66.000000,2437,14,,,,NR (NR_SA)
638,1,,,-121.9331852,47.5260322,2026-01-27 02:13:21.000,_20260126_180244_CH02_TMO_5GNR_WFC_REF_TC-172-R1.dml,,,,,,,,,,NR SA,,,,,,,,,,0,,,,,,,,,594,,,On,Connected,-66.000000,2437,14,,,,NR (NR_SA)
639,1,,,-121.9331852,47.5260322,2026-01-27 02:13:22.000,_20260126_180244_CH02_TMO_5GNR_WFC_REF_TC-172-R1.dml,,,,,,,,,,NR SA,,,,,,,,,,0,,,,,,,,,594,,,On,Connected,-66.000000,2437,14,,,,NR (NR_SA)
640,1,,,-121.9331852,47.5260322,2026-01-27 02:13:23.000,_20260126_180244_CH02_TMO_5GNR_WFC_REF_TC-172-R1.dml,,,,,,,,,,NR SA,,,,,,,,,,0,,,,,,,,,594,,,On,Connected,-71.000000,2437,14,,,,NR (NR_SA)
641,1,,,-121.9331852,47.5260322,2026-01-27 02:13:24.000,_20260126_180244_CH02_TMO_5GNR_WFC_REF_TC-172-R1.dml,,,,,,,,,,NR SA,,,,,,,,,,0,,,,,,,,,594,,,On,Connected,-71.000000,2437,14,,,,NR (NR_SA)
642,1,,,-121.9331852,47.5260322,2026-01-27 02:13:25.000,_20260126_180244_CH02_TMO_5GNR_WFC_REF_TC-172-R1.dml,,,,,,,,,,NR SA,,,,,,,,,,0,,,,,,,,,594,,,On,Connected,-71.000000,2437,14,,,,NR (NR_SA)
643,1,,,-121.9331852,47.5260322,2026-01-27 02:13:26.000,_20260126_180244_CH02_TMO_5GNR_WFC_REF_TC-172-R1.dml,,,,,,,,,,NR SA,,,,,,,,,,0,,,,,,,,,594,,,On,Connected,-65.000000,2437,14,,,,NR (NR_SA)
644,1,,,-121.9331852,47.5260322,2026-01-27 02:13:27.000,_20260126_180244_CH02_TMO_5GNR_WFC_REF_TC-172-R1.dml,,,,,,,,,,NR SA,,,,,,,,,,0,,,,,,,,,594,,,On,Connected,-65.000000,2437,14,,,,NR (NR_SA)
645,1,,,-121.9331852,47.5260322,2026-01-27 02:13:28.000,_20260126_180244_CH02_TMO_5GNR_WFC_REF_TC-172-R1.dml,,,,,,,,,,NR SA,,,,,,,,,,0,,,,,,,,,594,,,On,Connected,-65.000000,2437,14,,,,NR (NR_SA)
646,1,,,-121.9331852,47.5260322,2026-01-27 02:13:29.000,_20260126_180244_CH02_TMO_5GNR_WFC_REF_TC-172-R1.dml,,,,,,,,,,NR SA,,,,,,,,,,0,,,,,,,,,594,,,On,Connected,-65.000000,2437,14,,,,NR (NR_SA)
647,1,,,-121.9331852,47.5260322,2026-01-27 02:13:30.000,_20260126_180244_CH02_TMO_5GNR_WFC_REF_TC-172-R1.dml,,,,,,,,,,NR SA,,,,,,,,,,0,,,,,,,,,594,,,On,Connected,-65.000000,2437,14,,,,NR (NR_SA)
648,1,,,-121.9331852,47.5260322,2026-01-27 02:13:31.000,_20260126_180244_CH02_TMO_5GNR_WFC_REF_TC-172-R1.dml,,,,,,,,,,NR SA,,,,,,,,,,0,,,,,,,,,594,,,On,Connected,-65.000000,2437,14,,,,NR (NR_SA)
649,1,,,-121.9331852,47.5260322,2026-01-27 02:13:32.000,_20260126_180244_CH02_TMO_5GNR_WFC_REF_TC-172-R1.dml,,,,,,,,,,NR SA,,,,,,,,,,0,,,,,,,,,594,,,On,Connected,-67.000000,2437,14,,,,NR (NR_SA)
650,1,,,-121.9331852,47.5260322,2026-01-27 02:13:33.000,_20260126_180244_CH02_TMO_5GNR_WFC_REF_TC-172-R1.dml,,,,,,,,,,NR SA,,,,,,,,,,0,,,,,,,,,594,,,On,Connected,-67.000000,2437,14,,,,NR (NR_SA)
651,1,,,-121.9331852,47.5260322,2026-01-27 02:13:34.000,_20260126_180244_CH02_TMO_5GNR_WFC_REF_TC-172-R1.dml,,,,,,,,,,NR SA,,,,,,,,,,0,,,,,,,,,594,,,On,Connected,-67.000000,2437,14,,,,NR (NR_SA)
652,1,,,-121.9331852,47.5260322,2026-01-27 02:13:35.000,_20260126_180244_CH02_TMO_5GNR_WFC_REF_TC-172-R1.dml,,,,,,,,,,NR SA,,,,,,,,,,0,,,,,,,,,594,,,On,Connected,-67.000000,2437,14,,,,NR (NR_SA)
653,1,,,-121.9331852,47.5260322,2026-01-27 02:13:36.000,_20260126_180244_CH02_TMO_5GNR_WFC_REF_TC-172-R1.dml,,,,,,,,,,NR SA,,,,,,,,,,0,,,,,,,,,594,,,On,Connected,-67.000000,2437,14,,,,NR (NR_SA)
654,1,,,-121.9331852,47.5260322,2026-01-27 02:13:37.000,_20260126_180244_CH02_TMO_5GNR_WFC_REF_TC-172-R1.dml,,,,,,,,,,NR SA,,,,,,,,,,0,,,,,,,,,594,,,On,Connected,-67.000000,2437,14,,,,NR (NR_SA)
655,1,,,-121.9331852,47.5260322,2026-01-27 02:13:38.000,_20260126_180244_CH02_TMO_5GNR_WFC_REF_TC-172-R1.dml,,,,,,,,,,NR SA,,,,,,,,,,0,,,,,,,,,594,,,On,Connected,-66.000000,2437,14,,,,NR (NR_SA)
656,1,,,-121.9331852,47.5260322,2026-01-27 02:13:39.000,_20260126_180244_CH02_TMO_5GNR_WFC_REF_TC-172-R1.dml,,,,,,,,,,NR SA,,,,,,,,,,0,,,,,,,,,594,,,On,Connected,-66.000000,2437,14,,,,NR (NR_SA)
657,1,,,-121.9331852,47.5260322,2026-01-27 02:13:40.000,_20260126_180244_CH02_TMO_5GNR_WFC_REF_TC-172-R1.dml,,,,,,,,,,NR SA,,,,,,,,,,0,,,,,,,,,594,,,On,Connected,-66.000000,2437,14,,,,NR (NR_SA)
658,1,,,-121.9331852,47.5260322,2026-01-27 02:13:41.000,_20260126_180244_CH02_TMO_5GNR_WFC_REF_TC-172-R1.dml,,,,,,,,,,NR SA,,,,,,,,,,0,,,,,,,,,594,,,On,Connected,-65.000000,2437,14,,,,NR (NR_SA)
659,1,,,-121.9331852,47.5260322,2026-01-27 02:13:42.000,_20260126_180244_CH02_TMO_5GNR_WFC_REF_TC-172-R1.dml,,,,,,,,,,NR SA,,,,,,,,,,0,,,,,,,,,594,,,On,Connected,-65.000000,2437,14,,,,NR (NR_SA)
660,1,,,-121.9331852,47.5260322,2026-01-27 02:13:43.000,_20260126_180244_CH02_TMO_5GNR_WFC_REF_TC-172-R1.dml,,,,,,,,,,NR SA,,,,,,,,,,0,,,,,,,,,594,,,On,Connected,-65.000000,2437,14,,,,NR (NR_SA)
661,1,,,-121.9331852,47.5260322,2026-01-27 02:13:44.000,_20260126_180244_CH02_TMO_5GNR_WFC_REF_TC-172-R1.dml,,,,,,,,,,NR SA,,,,,,,,,,0,,,,,,,,,594,,,On,Connected,-60.000000,2437,14,,,,NR (NR_SA)
662,1,,,-121.9331852,47.5260322,2026-01-27 02:13:45.000,_20260126_180244_CH02_TMO_5GNR_WFC_REF_TC-172-R1.dml,,,,,,,,,,NR SA,,,,,,,,,,0,,,,,,,,,594,,,On,Connected,-60.000000,2437,14,,,,NR (NR_SA)
663,1,,,-121.9331852,47.5260322,2026-01-27 02:13:46.000,_20260126_180244_CH02_TMO_5GNR_WFC_REF_TC-172-R1.dml,,,,,,,,,,NR SA,,,,,,,,,,0,,,,,,,,,594,,,On,Connected,-60.000000,2437,14,,,,NR (NR_SA)
664,1,,,-121.9331852,47.5260322,2026-01-27 02:13:47.000,_20260126_180244_CH02_TMO_5GNR_WFC_REF_TC-172-R1.dml,,,,,,,,,,NR SA,,,,,,,,,,0,,,,,,,,,594,,,On,Connected,-61.000000,2437,14,,,,NR (NR_SA)
665,1,,,-121.9331852,47.5260322,2026-01-27 02:13:48.000,_20260126_180244_CH02_TMO_5GNR_WFC_REF_TC-172-R1.dml,,,,,,,,,,NR SA,,,,,,,,,,0,,,,,,,,,594,,,On,Connected,-61.000000,2437,14,,,,NR (NR_SA)
666,1,,,-121.9331852,47.5260322,2026-01-27 02:13:49.000,_20260126_180244_CH02_TMO_5GNR_WFC_REF_TC-172-R1.dml,,,,,,,,,,NR SA,,,,,,,,,,0,,,,,,,,,594,,,On,Connected,-61.000000,2437,14,,,,NR (NR_SA)
667,1,,,-121.9331852,47.5260322,2026-01-27 02:13:50.000,_20260126_180244_CH02_TMO_5GNR_WFC_REF_TC-172-R1.dml,,,,,,,,,,NR SA,,,,,,,,,,0,,,,,,,,,594,,,On,Connected,-61.000000,2437,14,,,,NR (NR_SA)
668,1,,,-121.9331852,47.5260322,2026-01-27 02:13:51.000,_20260126_180244_CH02_TMO_5GNR_WFC_REF_TC-172-R1.dml,,,,,,,,,,NR SA,,,,,,,,,,0,,,,,,,,,594,,,On,Connected,-61.000000,2437,14,,,,NR (NR_SA)
669,1,,,-121.9331852,47.5260322,2026-01-27 02:13:52.000,_20260126_180244_CH02_TMO_5GNR_WFC_REF_TC-172-R1.dml,,,,,,,,,,NR SA,,,,,,,,,,0,,,,,,,,,594,,,On,Connected,-61.000000,2437,14,,,,NR (NR_SA)
670,1,,,-121.9331852,47.5260322,2026-01-27 02:13:53.000,_20260126_180244_CH02_TMO_5GNR_WFC_REF_TC-172-R1.dml,,,,,,,,,,NR SA,,,,,,,,,,0,,,,,,,,,594,,,On,Connected,-62.000000,2437,14,,,,NR (NR_SA)
671,1,,,-121.9331852,47.5260322,2026-01-27 02:13:54.000,_20260126_180244_CH02_TMO_5GNR_WFC_REF_TC-172-R1.dml,,,,,,,,,,NR SA,,,,,,,,,,0,,,,,,,,,594,,,On,Connected,-62.000000,2437,14,,,,NR (NR_SA)
672,1,,,-121.9331852,47.5260322,2026-01-27 02:13:55.000,_20260126_180244_CH02_TMO_5GNR_WFC_REF_TC-172-R1.dml,,,,,,,,,,NR SA,,,,,,,,,,0,,,,,,,,,594,,,On,Connected,-62.000000,2437,14,,,,NR (NR_SA)
673,1,,,-121.9331852,47.5260322,2026-01-27 02:13:56.000,_20260126_180244_CH02_TMO_5GNR_WFC_REF_TC-172-R1.dml,,,,,,,,,,NR SA,,,,,,,,,,0,,,,,,,,,594,,,On,Connected,-61.000000,2437,14,,,,NR (NR_SA)
674,1,,,-121.9331852,47.5260322,2026-01-27 02:13:57.000,_20260126_180244_CH02_TMO_5GNR_WFC_REF_TC-172-R1.dml,,,,,,,,,,NR SA,,,,,,,,,,0,,,,,,,,,594,,,On,Connected,-61.000000,2437,14,,,,NR (NR_SA)
675,1,,,-121.9331852,47.5260322,2026-01-27 02:13:58.000,_20260126_180244_CH02_TMO_5GNR_WFC_REF_TC-172-R1.dml,,,,,,,,,,NR SA,,,,,,,,,,0,,,,,,,,,594,,,On,Connected,-61.000000,2437,14,,,,NR (NR_SA)
676,1,,,-121.9331852,47.5260322,2026-01-27 02:13:59.000,_20260126_180244_CH02_TMO_5GNR_WFC_REF_TC-172-R1.dml,,,,,,,,,,NR SA,,,,,,,,,,0,,,,,,,,,594,,,On,Connected,-61.000000,2437,14,,,,NR (NR_SA)
677,1,,,-121.9331852,47.5260322,2026-01-27 02:14:00.000,_20260126_180244_CH02_TMO_5GNR_WFC_REF_TC-172-R1.dml,,,,,,,,,,NR SA,,,,,,,,,,0,,,,,,,,,594,,,On,Connected,-61.000000,2437,14,,,,NR (NR_SA)
678,1,,,-121.9331852,47.5260322,2026-01-27 02:14:01.000,_20260126_180244_CH02_TMO_5GNR_WFC_REF_TC-172-R1.dml,,,,,,,,,,NR SA,,,,,,,,,,0,,,,,,,,,594,,,On,Connected,-61.000000,2437,14,,,,NR (NR_SA)
679,1,,,-121.9331852,47.5260322,2026-01-27 02:14:02.000,_20260126_180244_CH02_TMO_5GNR_WFC_REF_TC-172-R1.dml,,,,,,,,,,NR SA,,,,,,,,,,0,,,,,,,,,594,,,On,Connected,-60.000000,2437,14,,,,NR (NR_SA)
680,1,,,-121.9331852,47.5260322,2026-01-27 02:14:03.000,_20260126_180244_CH02_TMO_5GNR_WFC_REF_TC-172-R1.dml,,,,,,,,,,NR SA,,,,,,,,,,0,,,,,,,,,594,,,On,Connected,-60.000000,2437,14,,,,NR (NR_SA)
681,1,,,-121.9331852,47.5260322,2026-01-27 02:14:04.000,_20260126_180244_CH02_TMO_5GNR_WFC_REF_TC-172-R1.dml,,,,,,,,,,NR SA,,,,,,,,,,0,,,,,,,,,594,,,On,Connected,-60.000000,2437,14,,,,NR (NR_SA)
682,1,,,-121.9331852,47.5260322,2026-01-27 02:14:05.000,_20260126_180244_CH02_TMO_5GNR_WFC_REF_TC-172-R1.dml,,,,,,,,,,NR SA,,,,,,,,,,0,,,,,,,,,594,,,On,Connected,-60.000000,2437,14,,,,NR (NR_SA)
683,1,,,-121.9331852,47.5260322,2026-01-27 02:14:06.000,_20260126_180244_CH02_TMO_5GNR_WFC_REF_TC-172-R1.dml,,,,,,,,,,NR SA,,,,,,,,,,0,,,,,,,,,594,,,On,Connected,-60.000000,2437,14,,,,NR (NR_SA)
684,1,,,-121.9331852,47.5260322,2026-01-27 02:14:07.000,_20260126_180244_CH02_TMO_5GNR_WFC_REF_TC-172-R1.dml,,,,,,,,,,NR SA,,,,,,,,,,0,,,,,,,,,594,,,On,Connected,-60.000000,2437,14,,,,NR (NR_SA)
685,1,,,-121.9331852,47.5260322,2026-01-27 02:14:08.000,_20260126_180244_CH02_TMO_5GNR_WFC_REF_TC-172-R1.dml,,,,,,,,,,NR SA,,,,,,,,,,0,,,,,,,,,594,,,On,Connected,-60.000000,2437,14,,,,NR (NR_SA)
686,1,,,-121.9331852,47.5260322,2026-01-27 02:14:09.000,_20260126_180244_CH02_TMO_5GNR_WFC_REF_TC-172-R1.dml,,,,,,,,,,NR SA,,,,,,,,,,0,,,,,,,,,594,,,On,Connected,-60.000000,2437,14,,,,NR (NR_SA)
687,1,,,-121.9331852,47.5260322,2026-01-27 02:14:10.000,_20260126_180244_CH02_TMO_5GNR_WFC_REF_TC-172-R1.dml,,,,,,,,,,NR SA,,,,,,,,,,0,,,,,,,,,594,,,On,Connected,-60.000000,2437,14,,,,NR (NR_SA)
688,1,,,-121.9331852,47.5260322,2026-01-27 02:14:11.000,_20260126_180244_CH02_TMO_5GNR_WFC_REF_TC-172-R1.dml,,,,,,,,,,NR SA,,,,,,,,,,0,,,,,,,,,594,,,On,Connected,-60.000000,2437,14,,,,NR (NR_SA)
689,1,,,-121.9331852,47.5260322,2026-01-27 02:14:12.000,_20260126_180244_CH02_TMO_5GNR_WFC_REF_TC-172-R1.dml,,,,,,,,,,NR SA,,,,,,,,,,0,,,,,,,,,594,,,On,Connected,-60.000000,2437,14,,,,NR (NR_SA)
690,1,,,-121.9331852,47.5260322,2026-01-27 02:14:13.000,_20260126_180244_CH02_TMO_5GNR_WFC_REF_TC-172-R1.dml,,,,,,,,,,NR SA,,,,,,,,,,0,,,,,,,,,594,,,On,Connected,-60.000000,2437,14,,,,NR (NR_SA)
691,1,,,-121.9331852,47.5260322,2026-01-27 02:14:14.000,_20260126_180244_CH02_TMO_5GNR_WFC_REF_TC-172-R1.dml,,,,,,,,,,NR SA,,,,,,,,,,0,,,,,,,,,594,,,On,Connected,-60.000000,2437,14,,,,NR (NR_SA)
692,1,,,-121.9331852,47.5260322,2026-01-27 02:14:15.000,_20260126_180244_CH02_TMO_5GNR_WFC_REF_TC-172-R1.dml,,,,,,,,,,NR SA,,,,,,,,,,0,,,,,,,,,594,,,On,Connected,-60.000000,2437,14,,,,NR (NR_SA)
693,1,,,-121.9331852,47.5260322,2026-01-27 02:14:16.000,_20260126_180244_CH02_TMO_5GNR_WFC_REF_TC-172-R1.dml,,,,,,,,,,NR SA,,,,,,,,,,0,,,,,,,,,594,,,On,Connected,-60.000000,2437,14,,,,NR (NR_SA)
694,1,,,-121.9331852,47.5260322,2026-01-27 02:14:17.000,_20260126_180244_CH02_TMO_5GNR_WFC_REF_TC-172-R1.dml,,,,,,,,,,NR SA,,,,,,,,,,0,,,,,,,,,594,,,On,Connected,-60.000000,2437,14,,,,NR (NR_SA)
695,1,,,-121.9331852,47.5260322,2026-01-27 02:14:18.000,_20260126_180244_CH02_TMO_5GNR_WFC_REF_TC-172-R1.dml,,,,,,,,,,NR SA,,,,,,,,,,0,,,,,,,,,594,,,On,Connected,-60.000000,2437,14,,,,NR (NR_SA)
696,1,,,-121.9331852,47.5260322,2026-01-27 02:14:19.000,_20260126_180244_CH02_TMO_5GNR_WFC_REF_TC-172-R1.dml,,,,,,,,,,NR SA,,,,,,,,,,0,,,,,,,,,594,,,On,Connected,-60.000000,2437,14,,,,NR (NR_SA)
697,1,,,-121.9331852,47.5260322,2026-01-27 02:14:20.000,_20260126_180244_CH02_TMO_5GNR_WFC_REF_TC-172-R1.dml,,,,,,,,,,NR SA,,,,,,,,,,0,,,,,,,,,594,,,On,Connected,-66.000000,2437,14,,,,NR (NR_SA)
698,1,,,-121.9331852,47.5260322,2026-01-27 02:14:21.000,_20260126_180244_CH02_TMO_5GNR_WFC_REF_TC-172-R1.dml,,,,,,,,,,NR SA,,,,,,,,,,0,,,,,,,,,594,,,On,Connected,-66.000000,2437,14,,,,NR (NR_SA)
699,1,,,-121.9331852,47.5260322,2026-01-27 02:14:22.000,_20260126_180244_CH02_TMO_5GNR_WFC_REF_TC-172-R1.dml,,,,,,,,,,NR SA,,,,,,,,,,0,,,,,,,,,594,,,On,Connected,-66.000000,2437,14,,,,NR (NR_SA)
700,1,,,-121.9331852,47.5260322,2026-01-27 02:14:23.000,_20260126_180244_CH02_TMO_5GNR_WFC_REF_TC-172-R1.dml,,,,,,,,,,NR SA,,,,,,,,,,0,,,,,,,,,594,,,On,Connected,-64.000000,2437,14,,,,NR (NR_SA)
701,1,,,-121.9331852,47.5260322,2026-01-27 02:14:24.000,_20260126_180244_CH02_TMO_5GNR_WFC_REF_TC-172-R1.dml,,,,,,,,,,NR SA,,,,,,,,,,0,,,,,,,,,594,,,On,Connected,-64.000000,2437,14,,,,NR (NR_SA)
702,1,,,-121.9331852,47.5260322,2026-01-27 02:14:25.000,_20260126_180244_CH02_TMO_5GNR_WFC_REF_TC-172-R1.dml,,,,,,,,,,NR SA,,,,,,,,,,0,,,,,,,,,594,,,On,Connected,-64.000000,2437,14,,,,NR (NR_SA)
703,1,,,-121.9331852,47.5260322,2026-01-27 02:14:26.000,_20260126_180244_CH02_TMO_5GNR_WFC_REF_TC-172-R1.dml,,,,,,,,,,NR SA,,,,,,,,,,0,,,,,,,,,594,,,On,Connected,-63.000000,2437,14,,,,NR (NR_SA)
704,1,,,-121.9331852,47.5260322,2026-01-27 02:14:27.000,_20260126_180244_CH02_TMO_5GNR_WFC_REF_TC-172-R1.dml,,,,,,,,,,NR SA,,,,,,,,,,0,,,,,,,,,594,,,On,Connected,-63.000000,2437,14,,,,NR (NR_SA)
705,1,,,-121.9331852,47.5260322,2026-01-27 02:14:28.000,_20260126_180244_CH02_TMO_5GNR_WFC_REF_TC-172-R1.dml,,,,,,,,,,NR SA,,,,,,,,,,0,,,,,,,,,594,,,On,Connected,-63.000000,2437,14,,,,NR (NR_SA)
706,1,,,-121.9331852,47.5260322,2026-01-27 02:14:29.000,_20260126_180244_CH02_TMO_5GNR_WFC_REF_TC-172-R1.dml,,,,,,,,,,NR SA,,,,,,,,,,0,,,,,,,,,594,,,On,Connected,-63.000000,2437,14,,,,NR (NR_SA)
707,1,,,-121.9331852,47.5260322,2026-01-27 02:14:30.000,_20260126_180244_CH02_TMO_5GNR_WFC_REF_TC-172-R1.dml,,,,,,,,,,NR SA,,,,,,,,,,0,,,,,,,,,594,,,On,Connected,-63.000000,2437,14,,,,NR (NR_SA)
708,1,,,-121.9331852,47.5260322,2026-01-27 02:14:31.000,_20260126_180244_CH02_TMO_5GNR_WFC_REF_TC-172-R1.dml,,,,,,,,,,NR SA,,,,,,,,,,0,,,,,,,,,594,,,On,Connected,-63.000000,2437,14,,,,NR (NR_SA)
709,1,,,-121.9331852,47.5260322,2026-01-27 02:14:32.000,_20260126_180244_CH02_TMO_5GNR_WFC_REF_TC-172-R1.dml,,,,,,,,,,NR SA,,,,,,,,,,0,,,,,,,,,594,,,On,Connected,-63.000000,2437,14,,,,NR (NR_SA)
710,1,,,-121.9331852,47.5260322,2026-01-27 02:14:33.000,_20260126_180244_CH02_TMO_5GNR_WFC_REF_TC-172-R1.dml,,,,,,,,,,NR SA,,,,,,,,,,0,,,,,,,,,594,,,On,Connected,-63.000000,2437,14,,,,NR (NR_SA)
711,1,,,-121.9331852,47.5260322,2026-01-27 02:14:34.000,_20260126_180244_CH02_TMO_5GNR_WFC_REF_TC-172-R1.dml,,,,,,,,,,NR SA,,,,,,,,,,0,,,,,,,,,594,,,On,Connected,-63.000000,2437,14,,,,NR (NR_SA)
712,1,,,-121.9331852,47.5260322,2026-01-27 02:14:35.000,_20260126_180244_CH02_TMO_5GNR_WFC_REF_TC-172-R1.dml,,,,,,,,,,NR SA,,,,,,,,,,0,,,,,,,,,594,,,On,Connected,-63.000000,2437,14,,,,NR (NR_SA)
713,1,,,-121.9331852,47.5260322,2026-01-27 02:14:36.000,_20260126_180244_CH02_TMO_5GNR_WFC_REF_TC-172-R1.dml,,,,,,,,,,NR SA,,,,,,,,,,0,,,,,,,,,594,,,On,Connected,-63.000000,2437,14,,,,NR (NR_SA)
714,1,,,-121.9331852,47.5260322,2026-01-27 02:14:37.000,_20260126_180244_CH02_TMO_5GNR_WFC_REF_TC-172-R1.dml,,,,,,,,,,NR SA,,,,,,,,,,0,,,,,,,,,594,,,On,Connected,-63.000000,2437,14,,,,NR (NR_SA)
715,1,,,-121.9331852,47.5260322,2026-01-27 02:14:38.000,_20260126_180244_CH02_TMO_5GNR_WFC_REF_TC-172-R1.dml,,,,,,,,,,NR SA,,,,,,,,,,0,,,,,,,,,594,,,On,Connected,-63.000000,2437,14,,,,NR (NR_SA)
716,1,,,-121.9331852,47.5260322,2026-01-27 02:14:39.000,_20260126_180244_CH02_TMO_5GNR_WFC_REF_TC-172-R1.dml,,,,,,,,,,NR SA,,,,,,,,,,0,,,,,,,,,594,,,On,Connected,-63.000000,2437,14,,,,NR (NR_SA)
717,1,,,-121.9331852,47.5260322,2026-01-27 02:14:40.000,_20260126_180244_CH02_TMO_5GNR_WFC_REF_TC-172-R1.dml,,,,,,,,,,NR SA,,,,,,,,,,0,,,,,,,,,594,,,On,Connected,-63.000000,2437,14,,,,NR (NR_SA)
718,1,,,-121.9331852,47.5260322,2026-01-27 02:14:41.000,_20260126_180244_CH02_TMO_5GNR_WFC_REF_TC-172-R1.dml,,,,,,,,,,NR SA,,,,,,,,,,0,,,,,,,,,594,,,On,Connected,-63.000000,2437,14,,,,NR (NR_SA)
719,1,,,-121.9331852,47.5260322,2026-01-27 02:14:42.000,_20260126_180244_CH02_TMO_5GNR_WFC_REF_TC-172-R1.dml,,,,,,,,,,NR NSA,,,,,,,,,,0,,,,,,,,,594,,,On,Connected,-68.000000,2437,14,,,,NR (NR_SA)
720,1,,,-121.9331852,47.5260322,2026-01-27 02:14:43.000,_20260126_180244_CH02_TMO_5GNR_WFC_REF_TC-172-R1.dml,,,,,,,,,,NR NSA,,,,,,,,,,0,,,,,,,,,594,,,On,Connected,-68.000000,2437,14,,,,NR (NR_SA)
721,1,,,-121.9331852,47.5260322,2026-01-27 02:14:44.000,_20260126_180244_CH02_TMO_5GNR_WFC_REF_TC-172-R1.dml,,,,,,,,,,NR NSA,,,,,,,,,,0,,,,,,,,,594,,,On,Connected,-68.000000,2437,14,,,,NR (NR_SA)
722,1,,,-121.9331852,47.5260322,2026-01-27 02:14:45.000,_20260126_180244_CH02_TMO_5GNR_WFC_REF_TC-172-R1.dml,,,,,,,,,,NR NSA,,,,,,,,,,0,,,,,,,,,594,,,On,Connected,-67.000000,2437,14,,,,NR (NR_SA)
723,1,,,-121.9331852,47.5260322,2026-01-27 02:14:46.000,_20260126_180244_CH02_TMO_5GNR_WFC_REF_TC-172-R1.dml,,,,,,,,,,NR NSA,,,,,,,,,,0,,,,,,,,,594,,,On,Connected,-67.000000,2437,14,,,,NR (NR_SA)
724,1,,,-121.9331852,47.5260322,2026-01-27 02:14:47.000,_20260126_180244_CH02_TMO_5GNR_WFC_REF_TC-172-R1.dml,,,,,,,,,,NR NSA,,,,,,,,,,0,,,,,,,,,594,,,On,Connected,-67.000000,2437,14,,,,NR (NR_SA)
725,1,,,-121.9331852,47.5260322,2026-01-27 02:14:48.000,_20260126_180244_CH02_TMO_5GNR_WFC_REF_TC-172-R1.dml,,,,,,,,,,NR NSA,,,,,,,,,,0,,,,,,,,,594,,,On,Connected,-61.000000,2437,14,,,,NR (NR_SA)
726,1,,,-121.9331852,47.5260322,2026-01-27 02:14:49.000,_20260126_180244_CH02_TMO_5GNR_WFC_REF_TC-172-R1.dml,,,,,,,,,,NR NSA,,,,,,,,,,0,,,,,,,,,594,,,On,Connected,-61.000000,2437,14,,,,NR (NR_SA)
727,1,,,-121.9331852,47.5260322,2026-01-27 02:14:50.000,_20260126_180244_CH02_TMO_5GNR_WFC_REF_TC-172-R1.dml,,,,,,,,,,NR NSA,,,,,,,,,,0,,,,,,,,,594,,,On,Connected,-61.000000,2437,14,,,,NR (NR_SA)
728,1,,,-121.9331852,47.5260322,2026-01-27 02:14:51.000,_20260126_180244_CH02_TMO_5GNR_WFC_REF_TC-172-R1.dml,,,,,,,,,,NR NSA,,,,,,,,,,0,,,,,,,,,594,,,On,Connected,-58.000000,2437,14,,,,NR (NR_SA)
729,1,,,-121.9331852,47.5260322,2026-01-27 02:14:52.000,_20260126_180244_CH02_TMO_5GNR_WFC_REF_TC-172-R1.dml,,,,,,,,,,NR NSA,,,,,,,,,,0,,,,,,,,,594,,,On,Connected,-58.000000,2437,14,,,,NR (NR_SA)
730,1,,,-121.9331852,47.5260322,2026-01-27 02:14:53.000,_20260126_180244_CH02_TMO_5GNR_WFC_REF_TC-172-R1.dml,,,,,,,,,,NR NSA,,,,,,,,,,0,,,,,,,,,594,,,On,Connected,-58.000000,2437,14,,,,NR (NR_SA)
731,1,,,-121.9331852,47.5260322,2026-01-27 02:14:54.000,_20260126_180244_CH02_TMO_5GNR_WFC_REF_TC-172-R1.dml,,,,,,,,,,NR NSA,,,,,,,,,,0,,,,,,,,,594,,,On,Connected,-62.000000,2437,14,,,,NR (NR_SA)
732,1,,,-121.9331852,47.5260322,2026-01-27 02:14:55.000,_20260126_180244_CH02_TMO_5GNR_WFC_REF_TC-172-R1.dml,,,,,,,,,,NR NSA,,,,,,,,,,0,,,,,,,,,594,,,On,Connected,-62.000000,2437,14,,,,NR (NR_SA)
733,1,,,-121.9331852,47.5260322,2026-01-27 02:14:56.000,_20260126_180244_CH02_TMO_5GNR_WFC_REF_TC-172-R1.dml,,,,,,,,,,NR NSA,,,,,,,,,,0,,,,,,,,,594,,,On,Connected,-62.000000,2437,14,,,,NR (NR_SA)
734,1,,,-121.9331852,47.5260322,2026-01-27 02:14:57.000,_20260126_180244_CH02_TMO_5GNR_WFC_REF_TC-172-R1.dml,,,,,,,,,,NR NSA,,,,,,,,,,0,,,,,,,,,594,,,On,Connected,-63.000000,2437,14,,,,NR (NR_SA)
735,1,,,-121.9331852,47.5260322,2026-01-27 02:14:58.000,_20260126_180244_CH02_TMO_5GNR_WFC_REF_TC-172-R1.dml,,,,,,,,,,NR NSA,,,,,,,,,,0,,,,,,,,,594,,,On,Connected,-63.000000,2437,14,,,,NR (NR_SA)
736,1,,,-121.9331852,47.5260322,2026-01-27 02:14:59.000,_20260126_180244_CH02_TMO_5GNR_WFC_REF_TC-172-R1.dml,,,,,,,,,,NR NSA,,,,,,,,,,0,,,,,,,,,594,,,On,Connected,-63.000000,2437,14,,,,NR (NR_SA)
737,1,,,-121.9331852,47.5260322,2026-01-27 02:15:00.000,_20260126_180244_CH02_TMO_5GNR_WFC_REF_TC-172-R1.dml,,,,,,,,,,NR NSA,,,,,,,,,,0,,,,,,,,,594,,,On,Connected,-63.000000,2437,14,,,,NR (NR_SA)
738,1,,,-121.9331852,47.5260322,2026-01-27 02:15:01.000,_20260126_180244_CH02_TMO_5GNR_WFC_REF_TC-172-R1.dml,,,,,,,,,,NR NSA,,,,,,,,,,0,,,,,,,,,594,,,On,Connected,-63.000000,2437,14,,,,NR (NR_SA)
739,1,,,-121.9331852,47.5260322,2026-01-27 02:15:02.000,_20260126_180244_CH02_TMO_5GNR_WFC_REF_TC-172-R1.dml,,,,,,,,,,NR NSA,,,,,,,,,,0,,,,,,,,,594,,,On,Connected,-63.000000,2437,14,,,,NR (NR_SA)
740,1,,,-121.9331852,47.5260322,2026-01-27 02:15:03.000,_20260126_180244_CH02_TMO_5GNR_WFC_REF_TC-172-R1.dml,,,,,,,,,,NR NSA,,,,,,,,,,0,,,,,,,,,594,,,On,Connected,-61.000000,2437,14,,,,NR (NR_SA)
741,1,,,-121.9331852,47.5260322,2026-01-27 02:15:04.000,_20260126_180244_CH02_TMO_5GNR_WFC_REF_TC-172-R1.dml,,,,,,,,,,NR NSA,,,,,,,,,,0,,,,,,,,,594,,,On,Connected,-61.000000,2437,14,,,,NR (NR_SA)
742,1,,,-121.9331852,47.5260322,2026-01-27 02:15:05.000,_20260126_180244_CH02_TMO_5GNR_WFC_REF_TC-172-R1.dml,,,,,,,,,,NR NSA,,,,,,,,,,0,,,,,,,,,594,,,On,Connected,-61.000000,2437,14,,,,NR (NR_SA)
743,1,,,-121.9331852,47.5260322,2026-01-27 02:15:06.000,_20260126_180244_CH02_TMO_5GNR_WFC_REF_TC-172-R1.dml,,,,,,,,,,NR NSA,,,,,,,,,,0,,,,,,,,,594,,,On,Connected,-63.000000,2437,14,,,,NR (NR_SA)
744,1,,,-121.9331852,47.5260322,2026-01-27 02:15:07.000,_20260126_180244_CH02_TMO_5GNR_WFC_REF_TC-172-R1.dml,,,,,,,,,,NR NSA,,,,,,,,,,0,,,,,,,,,594,,,On,Connected,-63.000000,2437,14,,,,NR (NR_SA)
745,1,,,-121.9331852,47.5260322,2026-01-27 02:15:08.000,_20260126_180244_CH02_TMO_5GNR_WFC_REF_TC-172-R1.dml,,,,,,,,,,NR NSA,,,,,,,,,,0,,,,,,,,,594,,,On,Connected,-63.000000,2437,14,,,,NR (NR_SA)
746,1,,,-121.9331852,47.5260322,2026-01-27 02:15:09.000,_20260126_180244_CH02_TMO_5GNR_WFC_REF_TC-172-R1.dml,,,,,,,,,,NR NSA,,,,,,,,,,0,,,,,,,,,594,,,On,Connected,-64.000000,2437,14,,,,NR (NR_SA)
747,1,,,-121.9331852,47.5260322,2026-01-27 02:15:10.000,_20260126_180244_CH02_TMO_5GNR_WFC_REF_TC-172-R1.dml,,,,,,,,,,NR NSA,,,,,,,,,,0,,,,,,,,,594,,,On,Connected,-64.000000,2437,14,,,,NR (NR_SA)
748,1,,,-121.9331852,47.5260322,2026-01-27 02:15:11.000,_20260126_180244_CH02_TMO_5GNR_WFC_REF_TC-172-R1.dml,,,,,,,,,,NR NSA,,,,,,,,,,0,,,,,,,,,594,,,On,Connected,-64.000000,2437,14,,,,NR (NR_SA)
749,1,,,-121.9331852,47.5260322,2026-01-27 02:15:12.000,_20260126_180244_CH02_TMO_5GNR_WFC_REF_TC-172-R1.dml,,,,,,,,,,NR NSA,,,,,,,,,,0,,,,,,,,,594,,,On,Connected,-59.000000,2437,14,,,,NR (NR_SA)
750,1,,,-121.9331852,47.5260322,2026-01-27 02:15:13.000,_20260126_180244_CH02_TMO_5GNR_WFC_REF_TC-172-R1.dml,,,,,,,,,,NR NSA,,,,,,,,,,0,,,,,,,,,594,,,On,Connected,-59.000000,2437,14,,,,NR (NR_SA)
751,1,,,-121.9331852,47.5260322,2026-01-27 02:15:14.000,_20260126_180244_CH02_TMO_5GNR_WFC_REF_TC-172-R1.dml,,,,,,,,,,NR NSA,,,,,,,,,,0,,,,,,,,,594,,,On,Connected,-59.000000,2437,14,,,,NR (NR_SA)
752,1,,,-121.9331852,47.5260322,2026-01-27 02:15:15.000,_20260126_180244_CH02_TMO_5GNR_WFC_REF_TC-172-R1.dml,,,,,,,,,,NR NSA,,,,,,,,,,0,,,,,,,,,594,,,On,Connected,-59.000000,2437,14,,,,NR (NR_SA)
753,1,,,-121.9331852,47.5260322,2026-01-27 02:15:16.000,_20260126_180244_CH02_TMO_5GNR_WFC_REF_TC-172-R1.dml,,,,,,,,,,NR NSA,,,,,,,,,,0,,,,,,,,,594,,,On,Connected,-59.000000,2437,14,,,,NR (NR_SA)
754,1,,,-121.9331852,47.5260322,2026-01-27 02:15:17.000,_20260126_180244_CH02_TMO_5GNR_WFC_REF_TC-172-R1.dml,,,,,,,,,,NR NSA,,,,,,,,,,0,,,,,,,,,594,,,On,Connected,-58.000000,2437,14,,,,NR (NR_SA)
755,1,,,-121.9331852,47.5260322,2026-01-27 02:15:18.000,_20260126_180244_CH02_TMO_5GNR_WFC_REF_TC-172-R1.dml,,,,,,,,,,NR NSA,,,,,,,,,,0,,,,,,,,,594,,,On,Connected,-58.000000,2437,14,,,,NR (NR_SA)
756,1,,,-121.9331852,47.5260322,2026-01-27 02:15:19.000,_20260126_180244_CH02_TMO_5GNR_WFC_REF_TC-172-R1.dml,,,,,,,,,,NR NSA,,,,,,,,,,0,,,,,,,,,594,,,On,Connected,-58.000000,2437,14,,,,NR (NR_SA)
757,1,,,-121.9331852,47.5260322,2026-01-27 02:15:20.000,_20260126_180244_CH02_TMO_5GNR_WFC_REF_TC-172-R1.dml,,,,,,,,,,NR NSA,,,,,,,,,,0,,,,,,,,,594,,,On,Connected,-57.000000,2437,14,,,,NR (NR_SA)
758,1,,,-121.9331852,47.5260322,2026-01-27 02:15:21.000,_20260126_180244_CH02_TMO_5GNR_WFC_REF_TC-172-R1.dml,,,,,,,,,,NR NSA,,,,,,,,,,0,,,,,,,,,594,,,On,Connected,-57.000000,2437,14,,,,NR (NR_SA)
759,1,,,-121.9331852,47.5260322,2026-01-27 02:15:22.000,_20260126_180244_CH02_TMO_5GNR_WFC_REF_TC-172-R1.dml,,,,,,,,,,NR NSA,,,,,,,,,,0,,,,,,,,,594,,,On,Connected,-57.000000,2437,14,,,,NR (NR_SA)
760,1,,,-121.9331852,47.5260322,2026-01-27 02:15:23.000,_20260126_180244_CH02_TMO_5GNR_WFC_REF_TC-172-R1.dml,,,,,,,,,,NR NSA,,,,,,,,,,0,,,,,,,,,594,,,On,Connected,-57.000000,2437,14,,,,NR (NR_SA)
761,1,,,-121.9331852,47.5260322,2026-01-27 02:15:24.000,_20260126_180244_CH02_TMO_5GNR_WFC_REF_TC-172-R1.dml,,,,,,,,,,NR NSA,,,,,,,,,,0,,,,,,,,,594,,,On,Connected,-57.000000,2437,14,,,,NR (NR_SA)
762,1,,,-121.9331852,47.5260322,2026-01-27 02:15:25.000,_20260126_180244_CH02_TMO_5GNR_WFC_REF_TC-172-R1.dml,,,,,,,,,,NR NSA,,,,,,,,,,0,,,,,,,,,594,,,On,Connected,-57.000000,2437,14,,,,NR (NR_SA)
763,1,,,-121.9331852,47.5260322,2026-01-27 02:15:26.000,_20260126_180244_CH02_TMO_5GNR_WFC_REF_TC-172-R1.dml,,,,,,,,,,NR NSA,,,,,,,,,,0,,,,,,,,,594,,,On,Connected,-57.000000,2437,14,,,,NR (NR_SA)
764,1,,,-121.9331852,47.5260322,2026-01-27 02:15:27.000,_20260126_180244_CH02_TMO_5GNR_WFC_REF_TC-172-R1.dml,,,,,,,,,,NR NSA,,,,,,,,,,0,,,,,,,,,594,,,On,Connected,-57.000000,2437,14,,,,NR (NR_SA)
765,1,,,-121.9331852,47.5260322,2026-01-27 02:15:28.000,_20260126_180244_CH02_TMO_5GNR_WFC_REF_TC-172-R1.dml,,,,,,,,,,NR NSA,,,,,,,,,,0,,,,,,,,,594,,,On,Connected,-57.000000,2437,14,,,,NR (NR_SA)
766,1,,,-121.9331852,47.5260322,2026-01-27 02:15:29.000,_20260126_180244_CH02_TMO_5GNR_WFC_REF_TC-172-R1.dml,,,,,,,,,,NR NSA,,,,,,,,,,0,,,,,,,,,594,,,On,Connected,-62.000000,2437,14,,,,NR (NR_SA)
767,1,,,-121.9331852,47.5260322,2026-01-27 02:15:30.000,_20260126_180244_CH02_TMO_5GNR_WFC_REF_TC-172-R1.dml,,,,,,,,,,NR NSA,,,,,,,,,,0,,,,,,,,,594,,,On,Connected,-62.000000,2437,14,,,,NR (NR_SA)
768,1,,,-121.9331852,47.5260322,2026-01-27 02:15:31.000,_20260126_180244_CH02_TMO_5GNR_WFC_REF_TC-172-R1.dml,,,,,,,,,,NR NSA,,,,,,,,,,0,,,,,,,,,594,,,On,Connected,-62.000000,2437,14,,,,NR (NR_SA)
769,1,,,-121.9331852,47.5260322,2026-01-27 02:15:32.000,_20260126_180244_CH02_TMO_5GNR_WFC_REF_TC-172-R1.dml,,,,,,,,,,NR NSA,,,,,,,,,,0,,,,,,,,,594,,,On,Connected,-66.000000,2437,14,,,,NR (NR_SA)
770,1,,,-121.9331852,47.5260322,2026-01-27 02:15:33.000,_20260126_180244_CH02_TMO_5GNR_WFC_REF_TC-172-R1.dml,,,,,,,,,,NR NSA,,,,,,,,,,0,,,,,,,,,594,,,On,Connected,-66.000000,2437,14,,,,NR (NR_SA)
771,1,,,-121.9331852,47.5260322,2026-01-27 02:15:33.771,_20260126_180244_CH02_TMO_5GNR_WFC_REF_TC-172-R1.dml,,,,,,,,,,,,,,,,,,,,,,Forced stop,[Tool] Voice - Call Result : EndByUser,,,,,,,,,,,,,,,,,
772,1,,,-121.9331852,47.5260322,2026-01-27 02:15:33.771,_20260126_180244_CH02_TMO_5GNR_WFC_REF_TC-172-R1.dml,,,,,,,,,,,,,,,,,,,,,,,[Tool] Voice - Call Scheduling End,,,,,,,,,,,,,,,,,
773,1,,,-121.9331852,47.5260322,2026-01-27 02:15:33.771,_20260126_180244_CH02_TMO_5GNR_WFC_REF_TC-172-R1.dml,,,,,,,,,,,,,,,,,,,,,,,[Tool] Voice - Release Call Request,,,,,,,,,,,,,,,,,
774,1,,,-121.9331852,47.5260322,2026-01-27 02:15:33.771,_20260126_180244_CH02_TMO_5GNR_WFC_REF_TC-172-R1.dml,,,,,,,,,,,,,,,,,,,,,,,[Tool] Voice - Release Call Request,,,,,,,,,,,,,,,,,
775,1,,,-121.9331852,47.5260322,2026-01-27 02:15:33.788,_20260126_180244_CH02_TMO_5GNR_WFC_REF_TC-172-R1.dml,,,,,,,,,,,,,,,,,,,,,,,[Tool] Voice - Release Call Request,,,,,,,,,,,,,,,,,
776,1,,,-121.9331852,47.5260322,2026-01-27 02:15:33.780,_20260126_180244_CH02_TMO_5GNR_WFC_REF_TC-172-R1.dml,,,,,,,,,,,,,UL,BYE,,,,,,,,,,,,,,,,,,,,,,,,,,
