IDX,LID,CI_1,CI_2,Lon,Lat,Time,Measure,[Call Test] Call Start Network,[Call Test] Call Type,[Call Test] Call Result,[Call Test] Call Middle Network,[Call Test] Call End Network,[Call Test] Mobile ChipSet,[Call Test] [VoNR VoLTE] [Duration] SIP Setup Duration (Invite~200OK),[Call Test] [Misc] [Mobile] IMEI,[Call Test] [Throughput] Application DL TP,[General] Serving Network (In Traffic),[Call Test] [HTTP Transfer] HTTP Transfer Call Event,[Call Test] [KR PS-LTE] [SMS] [Timestamp] SIP Message,[Packet Data] [SIP] UL/DL,[Packet Data] [SIP] Request Method,[Packet Data] [SIP] Status,[Packet Data] [SIP] 200 OK - Method,[Call Test] [Voice or Video Call] Call Result,[Call Test] [Voice or Video Call] Orig/Term,[Call Test] [Voice or Video Call] Result & Reason,[LTE] [L1] [RF] PCI,[LTE] [L1] [RF] RSRP,[Event] Total Call Result,[Event] Voice Call Event,[Event] [Event Occurrence Count] Call Completed #,[Event] [Event Occurrence Count] Outgoing Call Setup Fail #,[Event] [Event Occurrence Count] Call Dropped #,[Event] [Event Occurrence Count] Call Start #,[Call Test] [Voice or Video Call] [Duration] Traffic Duration (LoggingTool),[NR5G] [RF] PCI,[Call Test] [Voice Quality] [Per Rx Clip] [RF Quality] 5G RSRP,[Call Test] [Voice Quality] [Sampled Values] MOS (POLQA),[WiFi] On Off,[WiFi] Connect State,[WiFi] [Serving AP] RSSI,[WiFi] [Serving AP] Frequency,[WiFi] [Serving AP] Link Speed,[Call Test] [VoNR VoLTE] [Handover] Rx RTP Delay (Control Plane),[Call Test] [Voice or Video Call] Call Type,[Event] [Event Occurrence Count] Handover OK #,[Mobile Info] [Android] [Radio] Network Type (Data Svc)
1,1,,,-121.9314830,47.5244923,2026-01-22 22:00:03.000,_20260122_135959_CH01_TMO_5GNR_WFC_MO-DUT-1_TC-151.dml,,,,,,,,,,,,,,,,,,,,,,,,,,,,,,,,On,Connected,-62.000000,2462,48,,,,
2,1,,,-121.9314830,47.5244923,2026-01-22 22:00:04.000,_20260122_135959_CH01_TMO_5GNR_WFC_MO-DUT-1_TC-151.dml,,,,,,,,,,,,,,,,,,,,,,,,,,,,,594,,,On,Connected,-62.000000,2462,48,,,,IWLAN
3,1,,,-121.9314830,47.5244923,2026-01-22 22:00:05.000,_20260122_135959_CH01_TMO_5GNR_WFC_MO-DUT-1_TC-151.dml,,,,,,,,,,,,,,,,,,,,,,,,,,,,,594,,,On,Connected,-60.000000,2462,64,,,,IWLAN
4,1,,,-121.9314830,47.5244923,2026-01-22 22:00:06.000,_20260122_135959_CH01_TMO_5GNR_WFC_MO-DUT-1_TC-151.dml,,,,,,,,,,,,,,,,,,,,,,,,,,,,,594,,,On,Connected,-60.000000,2462,64,,,,IWLAN
5,1,,,-121.9314830,47.5244923,2026-01-22 22:00:07.000,_20260122_135959_CH01_TMO_5GNR_WFC_MO-DUT-1_TC-151.dml,,,,,,,,,,,,,,,,,,,,,,,,,,,,,594,,,On,Connected,-60.000000,2462,64,,,,IWLAN
6,1,,,-121.9314830,47.5244923,2026-01-22 22:00:08.000,_20260122_135959_CH01_TMO_5GNR_WFC_MO-DUT-1_TC-151.dml,,,,,,,,,,,,,,,,,,,,,,,,,,,,,594,,,On,Connected,-60.000000,2462,48,,,,IWLAN
7,1,,,-121.9314830,47.5244923,2026-01-22 22:00:09.000,_20260122_135959_CH01_TMO_5GNR_WFC_MO-DUT-1_TC-151.dml,,,,,,,,,,,,,,,,,,,,,,,,,,,,,594,,,On,Connected,-60.000000,2462,48,,,,IWLAN
8,1,,,-121.9314830,47.5244923,2026-01-22 22:00:10.000,_20260122_135959_CH01_TMO_5GNR_WFC_MO-DUT-1_TC-151.dml,,,,,,,,,,,,,,,,,,,,,,,,,,,,,594,,,On,Connected,-60.000000,2462,48,,,,IWLAN
9,1,,,-121.9314830,47.5244923,2026-01-22 22:00:11.000,_20260122_135959_CH01_TMO_5GNR_WFC_MO-DUT-1_TC-151.dml,,,,,,,,,,,,,,,,,,,,,,,,,,,,,594,,,On,Connected,-63.000000,2462,48,,,,IWLAN
10,1,,,-121.9314830,47.5244923,2026-01-22 22:00:12.000,_20260122_135959_CH01_TMO_5GNR_WFC_MO-DUT-1_TC-151.dml,,,,,,,,,,,,,,,,,,,,,,,,,,,,,594,,,On,Connected,-63.000000,2462,48,,,,IWLAN
11,1,,,-121.9314830,47.5244923,2026-01-22 22:00:12.505,_20260122_135959_CH01_TMO_5GNR_WFC_MO-DUT-1_TC-151.dml,,,,,,,,,,,,,,,,,,,,,,,[Tool] Voice - Call Scheduling Start(Orig),,,,,,,,,,,,,,,,,
12,1,,,-121.9314830,47.5244923,2026-01-22 22:00:12.505,_20260122_135959_CH01_TMO_5GNR_WFC_MO-DUT-1_TC-151.dml,,,,,,,,,,,,,,,,,,,,,,,[UE]   Voice - Orig Success,,,,,,,,,,,,,,,,,
13,1,,,-121.9314830,47.5244923,2026-01-22 22:00:12.521,_20260122_135959_CH01_TMO_5GNR_WFC_MO-DUT-1_TC-151.dml,,,,,,,,,,,,,,,,,,,,,,,[Tool] Voice - Orig Request,,,,,,,,,,,,,,,,,
14,1,,,-121.9314830,47.5244923,2026-01-22 22:00:13.000,_20260122_135959_CH01_TMO_5GNR_WFC_MO-DUT-1_TC-151.dml,,,,,,,,,,,,,,,,,,,,,,,,,,,,,594,,,,Connected,,,,,,,IWLAN
15,1,,,-121.9314830,47.5244923,2026-01-22 22:00:14.000,_20260122_135959_CH01_TMO_5GNR_WFC_MO-DUT-1_TC-151.dml,,,,,,,,,,,,,,,,,,,,,,,,,,,,,594,,,On,Connected,-61.000000,2462,48,,,,IWLAN
16,1,,,-121.9314830,47.5244923,2026-01-22 22:00:15.000,_20260122_135959_CH01_TMO_5GNR_WFC_MO-DUT-1_TC-151.dml,,,,,,,,,,,,,,,,,,,,,,,,,,,,,594,,,On,Connected,-59.000000,2462,48,,,,IWLAN
17,1,,,-121.9314830,47.5244923,2026-01-22 22:00:16.000,_20260122_135959_CH01_TMO_5GNR_WFC_MO-DUT-1_TC-151.dml,,,,,,,,,,,,,,,,,,,,,,,,,,,,,594,,,,Connected,,,,,,,IWLAN
18,1,,,-121.9314830,47.5244923,2026-01-22 22:00:17.177,_20260122_135959_CH01_TMO_5GNR_WFC_MO-DUT-1_TC-151.dml,,,,,,,,,,,,,,,,,,,,,,,[UE]   Voice - Setup Success,,,,,,,,,,,,,,,,,
19,1,,,-121.9314830,47.5244923,2026-01-22 22:00:17.000,_20260122_135959_CH01_TMO_5GNR_WFC_MO-DUT-1_TC-151.dml,,,,,,,,,,NR SA,,,,,,,,,,,,,,,,,,,594,,,On,Connected,-59.000000,2462,28,,,,IWLAN
20,1,,,-121.9314830,47.5244923,2026-01-22 22:00:18.000,_20260122_135959_CH01_TMO_5GNR_WFC_MO-DUT-1_TC-151.dml,,,,,,,,,,NR SA,,,,,,,,,,,,,,,,,,,594,,3.808918,,Connected,,,,,,,IWLAN
21,1,,,-121.9314830,47.5244923,2026-01-22 22:00:19.000,_20260122_135959_CH01_TMO_5GNR_WFC_MO-DUT-1_TC-151.dml,,,,,,,,,,NR SA,,,,,,,,,,,,,,,,,,,594,,3.808918,On,Connected,-59.000000,2462,28,,,,IWLAN
22,1,,,-121.9314830,47.5244923,2026-01-22 22:00:20.000,_20260122_135959_CH01_TMO_5GNR_WFC_MO-DUT-1_TC-151.dml,,,,,,,,,,NR SA,,,,,,,,,,,,,,,,,,,594,,3.808918,On,Connected,-64.000000,2462,64,,,,IWLAN
23,1,,,-121.9314830,47.5244923,2026-01-22 22:00:21.000,_20260122_135959_CH01_TMO_5GNR_WFC_MO-DUT-1_TC-151.dml,,,,,,,,,,NR SA,,,,,,,,,,,,,,,,,,,594,,3.808918,On,Connected,-64.000000,2462,64,,,,IWLAN
24,1,,,-121.9314830,47.5244923,2026-01-22 22:00:22.000,_20260122_135959_CH01_TMO_5GNR_WFC_MO-DUT-1_TC-151.dml,,,,,,,,,,NR SA,,,,,,,,,,,,,,,,,,,594,,3.808918,On,Connected,-64.000000,2462,64,,,,IWLAN
25,1,,,-121.9314830,47.5244923,2026-01-22 22:00:23.000,_20260122_135959_CH01_TMO_5GNR_WFC_MO-DUT-1_TC-151.dml,,,,,,,,,,NR SA,,,,,,,,,,,,,,,,,,,594,,3.808918,On,Connected,-65.000000,2462,48,,,,
26,1,,,-121.9314830,47.5244923,2026-01-22 22:00:24.000,_20260122_135959_CH01_TMO_5GNR_WFC_MO-DUT-1_TC-151.dml,,,,,,,,,,NR SA,,,,,,,,,,,,,,,,,,,594,,3.808918,On,Connected,-65.000000,2462,48,,,,IWLAN
27,1,,,-121.9314830,47.5244923,2026-01-22 22:00:25.000,_20260122_135959_CH01_TMO_5GNR_WFC_MO-DUT-1_TC-151.dml,,,,,,,,,,NR SA,,,,,,,,,,,,,,,,,,,594,,3.808918,,Connected,,,,,,,IWLAN
28,1,,,-121.9314830,47.5244923,2026-01-22 22:00:26.000,_20260122_135959_CH01_TMO_5GNR_WFC_MO-DUT-1_TC-151.dml,,,,,,,,,,NR SA,,,,,,,,,,,,,,,,,,,594,,3.808918,On,Connected,-65.500000,2462,32,,,,IWLAN
29,1,,,-121.9314830,47.5244923,2026-01-22 22:00:27.000,_20260122_135959_CH01_TMO_5GNR_WFC_MO-DUT-1_TC-151.dml,,,,,,,,,,NR SA,,,,,,,,,,,,,,,,,,,594,,3.808918,,Connected,,,,,,,
30,1,,,-121.9314830,47.5244923,2026-01-22 22:00:27.755,_20260122_135959_CH01_TMO_5GNR_WFC_MO-DUT-1_TC-151.dml,,,,,,,,,,,,,,,,,,,,,,,,,,,,,,-62.247386,,,,,,,,,,
31,1,,,-121.9314830,47.5244923,2026-01-22 22:00:28.000,_20260122_135959_CH01_TMO_5GNR_WFC_MO-DUT-1_TC-151.dml,,,,,,,,,,NR SA,,,,,,,,,,,,,,,,,,,594,,,On,Connected,-66.000000,2462,32,,,,IWLAN
32,1,,,-121.9314830,47.5244923,2026-01-22 22:00:29.000,_20260122_135959_CH01_TMO_5GNR_WFC_MO-DUT-1_TC-151.dml,,,,,,,,,,NR SA,,,,,,,,,,,,,,,,,,,594,,,On,Connected,-65.000000,2462,48,,,,IWLAN
33,1,,,-121.9314830,47.5244923,2026-01-22 22:00:30.000,_20260122_135959_CH01_TMO_5GNR_WFC_MO-DUT-1_TC-151.dml,,,,,,,,,,NR SA,,,,,,,,,,,,,,,,,,,594,,,On,Connected,-65.000000,2462,48,,,,IWLAN
34,1,,,-121.9314830,47.5244923,2026-01-22 22:00:31.000,_20260122_135959_CH01_TMO_5GNR_WFC_MO-DUT-1_TC-151.dml,,,,,,,,,,NR SA,,,,,,,,,,,,,,,,,,,594,,,On,Connected,-65.000000,2462,48,,,,IWLAN
35,1,,,-121.9314830,47.5244923,2026-01-22 22:00:32.000,_20260122_135959_CH01_TMO_5GNR_WFC_MO-DUT-1_TC-151.dml,,,,,,,,,,NR SA,,,,,,,,,,,,,,,,,,,594,,,,Connected,,,,,,,IWLAN
36,1,,,-121.9314830,47.5244923,2026-01-22 22:00:33.000,_20260122_135959_CH01_TMO_5GNR_WFC_MO-DUT-1_TC-151.dml,,,,,,,,,,NR SA,,,,,,,,,,,,,,,,,,,594,,,On,Connected,-65.000000,2462,48,,,,IWLAN
37,1,,,-121.9314830,47.5244923,2026-01-22 22:00:34.000,_20260122_135959_CH01_TMO_5GNR_WFC_MO-DUT-1_TC-151.dml,,,,,,,,,,NR SA,,,,,,,,,,,,,,,,,,,594,,,,Connected,,,,,,,
38,1,,,-121.9314830,47.5244923,2026-01-22 22:00:35.000,_20260122_135959_CH01_TMO_5GNR_WFC_MO-DUT-1_TC-151.dml,,,,,,,,,,NR SA,,,,,,,,,,,,,,,,,,,594,,,On,Connected,-65.500000,2462,28,,,,IWLAN
39,1,,,-121.9314830,47.5244923,2026-01-22 22:00:36.000,_20260122_135959_CH01_TMO_5GNR_WFC_MO-DUT-1_TC-151.dml,,,,,,,,,,NR SA,,,,,,,,,,,,,,,,,,,594,,,On,Connected,-66.000000,2462,28,,,,IWLAN
40,1,,,-121.9314830,47.5244923,2026-01-22 22:00:37.000,_20260122_135959_CH01_TMO_5GNR_WFC_MO-DUT-1_TC-151.dml,,,,,,,,,,NR SA,,,,,,,,,,,,,,,,,,,594,,3.474961,On,Connected,-66.000000,2462,28,,,,IWLAN
41,1,,,-121.9314830,47.5244923,2026-01-22 22:00:38.000,_20260122_135959_CH01_TMO_5GNR_WFC_MO-DUT-1_TC-151.dml,,,,,,,,,,NR SA,,,,,,,,,,,,,,,,,,,594,,3.474961,On,Connected,-64.000000,2462,48,,,,IWLAN
42,1,,,-121.9314830,47.5244923,2026-01-22 22:00:39.000,_20260122_135959_CH01_TMO_5GNR_WFC_MO-DUT-1_TC-151.dml,,,,,,,,,,NR SA,,,,,,,,,,,,,,,,,,,594,,3.474961,,Connected,,,,,,,IWLAN
43,1,,,-121.9314830,47.5244923,2026-01-22 22:00:40.000,_20260122_135959_CH01_TMO_5GNR_WFC_MO-DUT-1_TC-151.dml,,,,,,,,,,NR SA,,,,,,,,,,,,,,,,,,,594,,3.474961,On,Connected,-64.000000,2462,48,,,,IWLAN
44,1,,,-121.9314830,47.5244923,2026-01-22 22:00:41.000,_20260122_135959_CH01_TMO_5GNR_WFC_MO-DUT-1_TC-151.dml,,,,,,,,,,NR SA,,,,,,,,,,,,,,,,,,,594,,3.474961,,Connected,,,,,,,
45,1,,,-121.9314830,47.5244923,2026-01-22 22:00:42.000,_20260122_135959_CH01_TMO_5GNR_WFC_MO-DUT-1_TC-151.dml,,,,,,,,,,NR SA,,,,,,,,,,,,,,,,,,,594,,3.474961,On,Connected,-65.000000,2462,48,,,,IWLAN
46,1,,,-121.9314830,47.5244923,2026-01-22 22:00:43.000,_20260122_135959_CH01_TMO_5GNR_WFC_MO-DUT-1_TC-151.dml,,,,,,,,,,NR SA,,,,,,,,,,,,,,,,,,,594,,3.474961,,Connected,,,,,,,
47,1,,,-121.9314830,47.5244923,2026-01-22 22:00:44.000,_20260122_135959_CH01_TMO_5GNR_WFC_MO-DUT-1_TC-151.dml,,,,,,,,,,NR SA,,,,,,,,,,,,,,,,,,,594,,3.474961,On,Connected,-65.000000,2462,64,,,,IWLAN
48,1,,,-121.9314830,47.5244923,2026-01-22 22:00:45.000,_20260122_135959_CH01_TMO_5GNR_WFC_MO-DUT-1_TC-151.dml,,,,,,,,,,NR SA,,,,,,,,,,,,,,,,,,,594,,3.474961,On,Connected,-65.000000,2462,64,,,,IWLAN
49,1,,,-121.9314830,47.5244923,2026-01-22 22:00:46.000,_20260122_135959_CH01_TMO_5GNR_WFC_MO-DUT-1_TC-151.dml,,,,,,,,,,NR SA,,,,,,,,,,,,,,,,,,,594,,3.474961,On,Connected,-65.000000,2462,64,,,,IWLAN
50,1,,,-121.9314830,47.5244923,2026-01-22 22:00:47.000,_20260122_135959_CH01_TMO_5GNR_WFC_MO-DUT-1_TC-151.dml,,,,,,,,,,NR SA,,,,,,,,,,,,,,,,,,,594,,,On,Connected,-62.000000,2462,48,,,,IWLAN
51,1,,,-121.9314830,47.5244923,2026-01-22 22:00:48.053,_20260122_135959_CH01_TMO_5GNR_WFC_MO-DUT-1_TC-151.dml,,,,,,,,,,,,,,,,,,,,,,,,,,,,,,-62.915000,,,,,,,,,,
52,1,,,-121.9314830,47.5244923,2026-01-22 22:00:48.000,_20260122_135959_CH01_TMO_5GNR_WFC_MO-DUT-1_TC-151.dml,,,,,,,,,,NR SA,,,,,,,,,,,,,,,,,,,594,,,,Connected,,,,,,,
53,1,,,-121.9314830,47.5244923,2026-01-22 22:00:49.000,_20260122_135959_CH01_TMO_5GNR_WFC_MO-DUT-1_TC-151.dml,,,,,,,,,,NR SA,,,,,,,,,,,,,,,,,,,594,,,On,Connected,-62.000000,2462,48,,,,IWLAN
54,1,,,-121.9314830,47.5244923,2026-01-22 22:00:50.000,_20260122_135959_CH01_TMO_5GNR_WFC_MO-DUT-1_TC-151.dml,,,,,,,,,,NR SA,,,,,,,,,,,,,,,,,,,594,,,,Connected,,,,,,,
55,1,,,-121.9314830,47.5244923,2026-01-22 22:00:51.000,_20260122_135959_CH01_TMO_5GNR_WFC_MO-DUT-1_TC-151.dml,,,,,,,,,,NR SA,,,,,,,,,,,,,,,,,,,594,,,On,Connected,-64.000000,2462,65,,,,IWLAN
56,1,,,-121.9314830,47.5244923,2026-01-22 22:00:52.000,_20260122_135959_CH01_TMO_5GNR_WFC_MO-DUT-1_TC-151.dml,,,,,,,,,,NR SA,,,,,,,,,,,,,,,,,,,594,,,On,Connected,-64.000000,2462,65,,,,IWLAN
57,1,,,-121.9314830,47.5244923,2026-01-22 22:00:53.000,_20260122_135959_CH01_TMO_5GNR_WFC_MO-DUT-1_TC-151.dml,,,,,,,,,,NR SA,,,,,,,,,,,,,,,,,,,594,,,,Connected,,,,,,,IWLAN
58,1,,,-121.9314830,47.5244923,2026-01-22 22:00:54.000,_20260122_135959_CH01_TMO_5GNR_WFC_MO-DUT-1_TC-151.dml,,,,,,,,,,NR SA,,,,,,,,,,,,,,,,,,,594,,,On,Connected,-64.000000,2462,49,,,,IWLAN
59,1,,,-121.9314830,47.5244923,2026-01-22 22:00:55.000,_20260122_135959_CH01_TMO_5GNR_WFC_MO-DUT-1_TC-151.dml,,,,,,,,,,NR SA,,,,,,,,,,,,,,,,,,,594,,,,Connected,,,,,,,IWLAN
60,1,,,-121.9314830,47.5244923,2026-01-22 22:00:56.000,_20260122_135959_CH01_TMO_5GNR_WFC_MO-DUT-1_TC-151.dml,,,,,,,,,,NR SA,,,,,,,,,,,,,,,,,,,594,,,On,Connected,-64.000000,2462,48,,,,IWLAN
61,1,,,-121.9314830,47.5244923,2026-01-22 22:00:57.000,_20260122_135959_CH01_TMO_5GNR_WFC_MO-DUT-1_TC-151.dml,,,,,,,,,,NR SA,,,,,,,,,,,,,,,,,,,594,,,,Connected,,,,,,,
62,1,,,-121.9314830,47.5244923,2026-01-22 22:00:58.000,_20260122_135959_CH01_TMO_5GNR_WFC_MO-DUT-1_TC-151.dml,,,,,,,,,,NR SA,,,,,,,,,,,,,,,,,,,594,,3.705502,On,Connected,-64.000000,2462,48,,,,IWLAN
63,1,,,-121.9314830,47.5244923,2026-01-22 22:00:59.000,_20260122_135959_CH01_TMO_5GNR_WFC_MO-DUT-1_TC-151.dml,,,,,,,,,,NR SA,,,,,,,,,,,,,,,,,,,594,,3.705502,,Connected,,,,,,,
64,1,,,-121.9314830,47.5244923,2026-01-22 22:01:00.000,_20260122_135959_CH01_TMO_5GNR_WFC_MO-DUT-1_TC-151.dml,,,,,,,,,,NR SA,,,,,,,,,,,,,,,,,,,594,,3.705502,On,Connected,-65.000000,2462,48,,,,IWLAN
65,1,,,-121.9314830,47.5244923,2026-01-22 22:01:01.000,_20260122_135959_CH01_TMO_5GNR_WFC_MO-DUT-1_TC-151.dml,,,,,,,,,,NR SA,,,,,,,,,,,,,,,,,,,594,,3.705502,On,Connected,-65.000000,2462,48,,,,IWLAN
66,1,,,-121.9314830,47.5244923,2026-01-22 22:01:02.000,_20260122_135959_CH01_TMO_5GNR_WFC_MO-DUT-1_TC-151.dml,,,,,,,,,,NR SA,,,,,,,,,,,,,,,,,,,594,,3.705502,,Connected,,,,,,,IWLAN
67,1,,,-121.9314830,47.5244923,2026-01-22 22:01:03.000,_20260122_135959_CH01_TMO_5GNR_WFC_MO-DUT-1_TC-151.dml,,,,,,,,,,NR SA,,,,,,,,,,,,,,,,,,,594,,3.705502,On,Connected,-64.000000,2462,48,,,,
68,1,,,-121.9314830,47.5244923,2026-01-22 22:01:04.000,_20260122_135959_CH01_TMO_5GNR_WFC_MO-DUT-1_TC-151.dml,,,,,,,,,,NR SA,,,,,,,,,,,,,,,,,,,594,,3.705502,On,Connected,-64.000000,2462,48,,,,IWLAN
69,1,,,-121.9314830,47.5244923,2026-01-22 22:01:05.000,_20260122_135959_CH01_TMO_5GNR_WFC_MO-DUT-1_TC-151.dml,,,,,,,,,,NR SA,,,,,,,,,,,,,,,,,,,594,,3.705502,On,Connected,-64.000000,2462,48,,,,IWLAN
70,1,,,-121.9314830,47.5244923,2026-01-22 22:01:06.000,_20260122_135959_CH01_TMO_5GNR_WFC_MO-DUT-1_TC-151.dml,,,,,,,,,,NR SA,,,,,,,,,,,,,,,,,,,594,,3.705502,On,Connected,-64.000000,2462,48,,,,IWLAN
71,1,,,-121.9314830,47.5244923,2026-01-22 22:01:07.000,_20260122_135959_CH01_TMO_5GNR_WFC_MO-DUT-1_TC-151.dml,,,,,,,,,,NR SA,,,,,,,,,,,,,,,,,,,594,,3.705502,On,Connected,-64.000000,2462,48,,,,IWLAN
72,1,,,-121.9314830,47.5244923,2026-01-22 22:01:07.739,_20260122_135959_CH01_TMO_5GNR_WFC_MO-DUT-1_TC-151.dml,,,,,,,,,,,,,,,,,,,,,,,,,,,,,,-63.490357,,,,,,,,,,
73,1,,,-121.9314830,47.5244923,2026-01-22 22:01:08.000,_20260122_135959_CH01_TMO_5GNR_WFC_MO-DUT-1_TC-151.dml,,,,,,,,,,NR SA,,,,,,,,,,,,,,,,,,,594,,,On,Connected,-64.000000,2462,48,,,,IWLAN
74,1,,,-121.9314830,47.5244923,2026-01-22 22:01:09.000,_20260122_135959_CH01_TMO_5GNR_WFC_MO-DUT-1_TC-151.dml,,,,,,,,,,NR SA,,,,,,,,,,,,,,,,,,,594,,,On,Connected,-65.000000,2462,48,,,,IWLAN
75,1,,,-121.9314830,47.5244923,2026-01-22 22:01:10.000,_20260122_135959_CH01_TMO_5GNR_WFC_MO-DUT-1_TC-151.dml,,,,,,,,,,NR SA,,,,,,,,,,,,,,,,,,,594,,,On,Connected,-65.000000,2462,48,,,,
76,1,,,-121.9314830,47.5244923,2026-01-22 22:01:11.000,_20260122_135959_CH01_TMO_5GNR_WFC_MO-DUT-1_TC-151.dml,,,,,,,,,,NR SA,,,,,,,,,,,,,,,,,,,594,,,On,Connected,-65.000000,2462,48,,,,IWLAN
77,1,,,-121.9314830,47.5244923,2026-01-22 22:01:12.000,_20260122_135959_CH01_TMO_5GNR_WFC_MO-DUT-1_TC-151.dml,,,,,,,,,,NR SA,,,,,,,,,,,,,,,,,,,594,,,On,Connected,-65.000000,2462,28,,,,IWLAN
78,1,,,-121.9314830,47.5244923,2026-01-22 22:01:13.000,_20260122_135959_CH01_TMO_5GNR_WFC_MO-DUT-1_TC-151.dml,,,,,,,,,,NR SA,,,,,,,,,,,,,,,,,,,594,,,On,Connected,-65.000000,2462,28,,,,IWLAN
79,1,,,-121.9314830,47.5244923,2026-01-22 22:01:14.000,_20260122_135959_CH01_TMO_5GNR_WFC_MO-DUT-1_TC-151.dml,,,,,,,,,,NR SA,,,,,,,,,,,,,,,,,,,594,,,On,Connected,-65.000000,2462,28,,,,IWLAN
80,1,,,-121.9314830,47.5244923,2026-01-22 22:01:15.000,_20260122_135959_CH01_TMO_5GNR_WFC_MO-DUT-1_TC-151.dml,,,,,,,,,,NR SA,,,,,,,,,,,,,,,,,,,594,,,On,Connected,-65.000000,2462,58,,,,IWLAN
81,1,,,-121.9314830,47.5244923,2026-01-22 22:01:16.000,_20260122_135959_CH01_TMO_5GNR_WFC_MO-DUT-1_TC-151.dml,,,,,,,,,,NR SA,,,,,,,,,,,,,,,,,,,594,,,On,Connected,-65.000000,2462,58,,,,IWLAN
82,1,,,-121.9314830,47.5244923,2026-01-22 22:01:17.000,_20260122_135959_CH01_TMO_5GNR_WFC_MO-DUT-1_TC-151.dml,,,,,,,,,,NR SA,,,,,,,,,,,,,,,,,,,594,,,On,Connected,-65.000000,2462,58,,,,IWLAN
83,1,,,-121.9314830,47.5244923,2026-01-22 22:01:18.000,_20260122_135959_CH01_TMO_5GNR_WFC_MO-DUT-1_TC-151.dml,,,,,,,,,,NR SA,,,,,,,,,,,,,,,,,,,594,,3.883004,On,Connected,-65.000000,2462,58,,,,IWLAN
84,1,,,-121.9314830,47.5244923,2026-01-22 22:01:19.000,_20260122_135959_CH01_TMO_5GNR_WFC_MO-DUT-1_TC-151.dml,,,,,,,,,,NR SA,,,,,,,,,,,,,,,,,,,594,,3.883004,On,Connected,-65.000000,2462,58,,,,IWLAN
85,1,,,-121.9314830,47.5244923,2026-01-22 22:01:20.000,_20260122_135959_CH01_TMO_5GNR_WFC_MO-DUT-1_TC-151.dml,,,,,,,,,,NR SA,,,,,,,,,,,,,,,,,,,594,,3.883004,On,Connected,-65.000000,2462,58,,,,IWLAN
86,1,,,-121.9314830,47.5244923,2026-01-22 22:01:21.000,_20260122_135959_CH01_TMO_5GNR_WFC_MO-DUT-1_TC-151.dml,,,,,,,,,,NR SA,,,,,,,,,,,,,,,,,,,594,,3.883004,On,Connected,-66.000000,2462,48,,,,IWLAN
87,1,,,-121.9314830,47.5244923,2026-01-22 22:01:22.000,_20260122_135959_CH01_TMO_5GNR_WFC_MO-DUT-1_TC-151.dml,,,,,,,,,,NR SA,,,,,,,,,,,,,,,,,,,594,,3.883004,On,Connected,-66.000000,2462,48,,,,
88,1,,,-121.9314830,47.5244923,2026-01-22 22:01:23.000,_20260122_135959_CH01_TMO_5GNR_WFC_MO-DUT-1_TC-151.dml,,,,,,,,,,NR SA,,,,,,,,,,,,,,,,,,,594,,3.883004,On,Connected,-66.000000,2462,48,,,,IWLAN
89,1,,,-121.9314830,47.5244923,2026-01-22 22:01:24.000,_20260122_135959_CH01_TMO_5GNR_WFC_MO-DUT-1_TC-151.dml,,,,,,,,,,NR SA,,,,,,,,,,,,,,,,,,,594,,3.883004,On,Connected,-66.000000,2462,44,,,,IWLAN
90,1,,,-121.9314830,47.5244923,2026-01-22 22:01:25.000,_20260122_135959_CH01_TMO_5GNR_WFC_MO-DUT-1_TC-151.dml,,,,,,,,,,NR SA,,,,,,,,,,,,,,,,,,,594,,3.883004,On,Connected,-66.000000,2462,44,,,,IWLAN
91,1,,,-121.9314830,47.5244923,2026-01-22 22:01:26.000,_20260122_135959_CH01_TMO_5GNR_WFC_MO-DUT-1_TC-151.dml,,,,,,,,,,NR SA,,,,,,,,,,,,,,,,,,,594,,3.883004,On,Connected,-66.000000,2462,44,,,,IWLAN
92,1,,,-121.9314830,47.5244923,2026-01-22 22:01:27.000,_20260122_135959_CH01_TMO_5GNR_WFC_MO-DUT-1_TC-151.dml,,,,,,,,,,NR SA,,,,,,,,,,,,,,,,,,,594,,3.883004,On,Connected,-65.000000,2462,44,,,,IWLAN
93,1,,,-121.9314830,47.5244923,2026-01-22 22:01:27.739,_20260122_135959_CH01_TMO_5GNR_WFC_MO-DUT-1_TC-151.dml,,,,,,,,,,,,,,,,,,,,,,,,,,,,,,-64.093571,,,,,,,,,,
94,1,,,-121.9314830,47.5244923,2026-01-22 22:01:28.000,_20260122_135959_CH01_TMO_5GNR_WFC_MO-DUT-1_TC-151.dml,,,,,,,,,,NR SA,,,,,,,,,,,,,,,,,,,594,,,On,Connected,-65.000000,2462,44,,,,IWLAN
95,1,,,-121.9314830,47.5244923,2026-01-22 22:01:29.000,_20260122_135959_CH01_TMO_5GNR_WFC_MO-DUT-1_TC-151.dml,,,,,,,,,,NR SA,,,,,,,,,,,,,,,,,,,594,,,On,Connected,-65.000000,2462,44,,,,IWLAN
96,1,,,-121.9314830,47.5244923,2026-01-22 22:01:30.000,_20260122_135959_CH01_TMO_5GNR_WFC_MO-DUT-1_TC-151.dml,,,,,,,,,,NR SA,,,,,,,,,,,,,,,,,,,594,,,On,Connected,-63.000000,2462,28,,,,IWLAN
97,1,,,-121.9314830,47.5244923,2026-01-22 22:01:31.000,_20260122_135959_CH01_TMO_5GNR_WFC_MO-DUT-1_TC-151.dml,,,,,,,,,,NR SA,,,,,,,,,,,,,,,,,,,594,,,On,Connected,-63.000000,2462,28,,,,
98,1,,,-121.9314830,47.5244923,2026-01-22 22:01:32.000,_20260122_135959_CH01_TMO_5GNR_WFC_MO-DUT-1_TC-151.dml,,,,,,,,,,NR SA,,,,,,,,,,,,,,,,,,,594,,,On,Connected,-63.000000,2462,28,,,,IWLAN
99,1,,,-121.9314830,47.5244923,2026-01-22 22:01:33.000,_20260122_135959_CH01_TMO_5GNR_WFC_MO-DUT-1_TC-151.dml,,,,,,,,,,NR SA,,,,,,,,,,,,,,,,,,,594,,,On,Connected,-64.000000,2462,32,,,,IWLAN
100,1,,,-121.9314830,47.5244923,2026-01-22 22:01:34.000,_20260122_135959_CH01_TMO_5GNR_WFC_MO-DUT-1_TC-151.dml,,,,,,,,,,NR SA,,,,,,,,,,,,,,,,,,,594,,,On,Connected,-64.000000,2462,32,,,,IWLAN
101,1,,,-121.9314830,47.5244923,2026-01-22 22:01:35.000,_20260122_135959_CH01_TMO_5GNR_WFC_MO-DUT-1_TC-151.dml,,,,,,,,,,NR SA,,,,,,,,,,,,,,,,,,,594,,,On,Connected,-64.000000,2462,32,,,,IWLAN
102,1,,,-121.9314830,47.5244923,2026-01-22 22:01:36.000,_20260122_135959_CH01_TMO_5GNR_WFC_MO-DUT-1_TC-151.dml,,,,,,,,,,NR SA,,,,,,,,,,,,,,,,,,,594,,,On,Connected,-62.000000,2462,48,,,,
103,1,,,-121.9314830,47.5244923,2026-01-22 22:01:37.000,_20260122_135959_CH01_TMO_5GNR_WFC_MO-DUT-1_TC-151.dml,,,,,,,,,,NR SA,,,,,,,,,,,,,,,,,,,594,,3.573246,On,Connected,-62.000000,2462,48,,,,IWLAN
104,1,,,-121.9314830,47.5244923,2026-01-22 22:01:38.000,_20260122_135959_CH01_TMO_5GNR_WFC_MO-DUT-1_TC-151.dml,,,,,,,,,,NR SA,,,,,,,,,,,,,,,,,,,594,,3.573246,On,Connected,-62.000000,2462,48,,,,
105,1,,,-121.9314830,47.5244923,2026-01-22 22:01:39.000,_20260122_135959_CH01_TMO_5GNR_WFC_MO-DUT-1_TC-151.dml,,,,,,,,,,NR SA,,,,,,,,,,,,,,,,,,,594,,3.573246,On,Connected,-63.000000,2462,44,,,,IWLAN
106,1,,,-121.9314830,47.5244923,2026-01-22 22:01:40.000,_20260122_135959_CH01_TMO_5GNR_WFC_MO-DUT-1_TC-151.dml,,,,,,,,,,NR SA,,,,,,,,,,,,,,,,,,,594,,3.573246,On,Connected,-63.000000,2462,44,,,,IWLAN
107,1,,,-121.9314830,47.5244923,2026-01-22 22:01:41.000,_20260122_135959_CH01_TMO_5GNR_WFC_MO-DUT-1_TC-151.dml,,,,,,,,,,NR SA,,,,,,,,,,,,,,,,,,,594,,3.573246,On,Connected,-63.000000,2462,44,,,,IWLAN
108,1,,,-121.9314830,47.5244923,2026-01-22 22:01:42.000,_20260122_135959_CH01_TMO_5GNR_WFC_MO-DUT-1_TC-151.dml,,,,,,,,,,NR SA,,,,,,,,,,,,,,,,,,,594,,3.573246,On,Connected,-64.000000,2462,58,,,,IWLAN
109,1,,,-121.9314830,47.5244923,2026-01-22 22:01:43.000,_20260122_135959_CH01_TMO_5GNR_WFC_MO-DUT-1_TC-151.dml,,,,,,,,,,NR SA,,,,,,,,,,,,,,,,,,,594,,3.573246,On,Connected,-64.000000,2462,58,,,,
110,1,,,-121.9314830,47.5244923,2026-01-22 22:01:44.000,_20260122_135959_CH01_TMO_5GNR_WFC_MO-DUT-1_TC-151.dml,,,,,,,,,,NR SA,,,,,,,,,,,,,,,,,,,594,,3.573246,On,Connected,-64.000000,2462,58,,,,IWLAN
111,1,,,-121.9314830,47.5244923,2026-01-22 22:01:45.000,_20260122_135959_CH01_TMO_5GNR_WFC_MO-DUT-1_TC-151.dml,,,,,,,,,,NR SA,,,,,,,,,,,,,,,,,,,594,,3.573246,On,Connected,-64.000000,2462,48,,,,IWLAN
112,1,,,-121.9314830,47.5244923,2026-01-22 22:01:46.000,_20260122_135959_CH01_TMO_5GNR_WFC_MO-DUT-1_TC-151.dml,,,,,,,,,,NR SA,,,,,,,,,,,,,,,,,,,594,,3.573246,On,Connected,-64.000000,2462,48,,,,IWLAN
113,1,,,-121.9314830,47.5244923,2026-01-22 22:01:47.000,_20260122_135959_CH01_TMO_5GNR_WFC_MO-DUT-1_TC-151.dml,,,,,,,,,,NR SA,,,,,,,,,,,,,,,,,,,594,,3.573246,On,Connected,-64.000000,2462,48,,,,
114,1,,,-121.9314830,47.5244923,2026-01-22 22:01:47.411,_20260122_135959_CH01_TMO_5GNR_WFC_MO-DUT-1_TC-151.dml,,,,,,,,,,,,,,,,,,,,,,,[Tool] Voice - Release Call Request,,,,,,,,,,,,,,,,,
115,1,,,-121.9314830,47.5244923,2026-01-22 22:01:47.739,_20260122_135959_CH01_TMO_5GNR_WFC_MO-DUT-1_TC-151.dml,,,,,,,,,,,,,,,,,,,,,,,,,,,,,,-65.986778,,,,,,,,,,
116,1,,,-121.9314830,47.5244923,2026-01-22 22:01:47.911,_20260122_135959_CH01_TMO_5GNR_WFC_MO-DUT-1_TC-151.dml,,,,,,,,,,,,,,,,,,,,,,Complete,[Tool] Voice - Call Result : Complete,,,,,,,,,,,,,,,,,
117,1,,,-121.9314830,47.5244923,2026-01-22 22:01:47.911,_20260122_135959_CH01_TMO_5GNR_WFC_MO-DUT-1_TC-151.dml,,,,,,,,,,,,,,,,,,,,,,,[UE]   Voice - Release Call Success,,,,,,,,,,,,,,,,,
118,1,,,-121.9314830,47.5244923,2026-01-22 22:01:48.000,_20260122_135959_CH01_TMO_5GNR_WFC_MO-DUT-1_TC-151.dml,,,,,,,,,,,,,,,,,,,,,,,,1,,,,,594,,,On,Connected,-64.000000,2462,48,,,,IWLAN
119,1,,,-121.9314830,47.5244923,2026-01-22 22:01:48.818,_20260122_135959_CH01_TMO_5GNR_WFC_MO-DUT-1_TC-151.dml,,,,,,,,,,,,,,,,,,,,,,,[UE]   Voice - Release Call Success,,,,,,,,,,,,,,,,,
120,1,,,-121.9314830,47.5244923,2026-01-22 22:01:49.000,_20260122_135959_CH01_TMO_5GNR_WFC_MO-DUT-1_TC-151.dml,,,,,,,,,,,,,,,,,,,,,,,,,,,,,594,,,On,Connected,-64.000000,2462,48,,,,IWLAN
121,1,,,-121.9314830,47.5244923,2026-01-22 22:01:50.000,_20260122_135959_CH01_TMO_5GNR_WFC_MO-DUT-1_TC-151.dml,,,,,,,,,,,,,,,,,,,,,,,,,,,,,594,,,On,Connected,-64.000000,2462,48,,,,IWLAN
122,1,,,-121.9314830,47.5244923,2026-01-22 22:01:51.000,_20260122_135959_CH01_TMO_5GNR_WFC_MO-DUT-1_TC-151.dml,,,,,,,,,,,,,,,,,,,,,,,,,,,,,594,,,On,Connected,-60.000000,2462,48,,,,IWLAN
123,1,,,-121.9314830,47.5244923,2026-01-22 22:01:52.000,_20260122_135959_CH01_TMO_5GNR_WFC_MO-DUT-1_TC-151.dml,,,,,,,,,,,,,,,,,,,,,,,,,,,,,594,,,On,Connected,-60.000000,2462,48,,,,
124,1,,,-121.9314830,47.5244923,2026-01-22 22:01:53.000,_20260122_135959_CH01_TMO_5GNR_WFC_MO-DUT-1_TC-151.dml,,,,,,,,,,,,,,,,,,,,,,,,,,,,,594,,,On,Connected,-60.000000,2462,48,,,,IWLAN
125,1,,,-121.9314830,47.5244923,2026-01-22 22:01:54.000,_20260122_135959_CH01_TMO_5GNR_WFC_MO-DUT-1_TC-151.dml,,,,,,,,,,,,,,,,,,,,,,,,,,,,,594,,,On,Connected,-56.000000,2462,48,,,,
126,1,,,-121.9314830,47.5244923,2026-01-22 22:01:55.000,_20260122_135959_CH01_TMO_5GNR_WFC_MO-DUT-1_TC-151.dml,,,,,,,,,,,,,,,,,,,,,,,,,,,,,594,,,On,Connected,-56.000000,2462,48,,,,IWLAN
127,1,,,-121.9314830,47.5244923,2026-01-22 22:01:56.000,_20260122_135959_CH01_TMO_5GNR_WFC_MO-DUT-1_TC-151.dml,,,,,,,,,,,,,,,,,,,,,,,,,,,,,594,,,On,Connected,-56.000000,2462,48,,,,
128,1,,,-121.9314830,47.5244923,2026-01-22 22:01:57.000,_20260122_135959_CH01_TMO_5GNR_WFC_MO-DUT-1_TC-151.dml,,,,,,,,,,,,,,,,,,,,,,,,,,,,,594,,,On,Connected,-56.000000,2462,64,,,,IWLAN
129,1,,,-121.9314830,47.5244923,2026-01-22 22:01:58.000,_20260122_135959_CH01_TMO_5GNR_WFC_MO-DUT-1_TC-151.dml,,,,,,,,,,,,,,,,,,,,,,,,,,,,,594,,,On,Connected,-56.000000,2462,64,,,,IWLAN
130,1,,,-121.9314830,47.5244923,2026-01-22 22:01:59.000,_20260122_135959_CH01_TMO_5GNR_WFC_MO-DUT-1_TC-151.dml,,,,,,,,,,,,,,,,,,,,,,,,,,,,,594,,,On,Connected,-56.000000,2462,64,,,,IWLAN
131,1,,,-121.9314830,47.5244923,2026-01-22 22:02:00.000,_20260122_135959_CH01_TMO_5GNR_WFC_MO-DUT-1_TC-151.dml,,,,,,,,,,,,,,,,,,,,,,,,,,,,,594,,,On,Connected,-55.000000,2462,48,,,,IWLAN
132,1,,,-121.9314830,47.5244923,2026-01-22 22:02:01.000,_20260122_135959_CH01_TMO_5GNR_WFC_MO-DUT-1_TC-151.dml,,,,,,,,,,,,,,,,,,,,,,,,,,,,,594,,,On,Connected,-55.000000,2462,48,,,,
133,1,,,-121.9314830,47.5244923,2026-01-22 22:02:02.000,_20260122_135959_CH01_TMO_5GNR_WFC_MO-DUT-1_TC-151.dml,,,,,,,,,,,,,,,,,,,,,,,,,,,,,594,,,On,Connected,-55.000000,2462,48,,,,IWLAN
134,1,,,-121.9314830,47.5244923,2026-01-22 22:02:03.000,_20260122_135959_CH01_TMO_5GNR_WFC_MO-DUT-1_TC-151.dml,,,,,,,,,,,,,,,,,,,,,,,,,,,,,594,,,On,Connected,-56.000000,2462,48,,,,
135,1,,,-121.9314830,47.5244923,2026-01-22 22:02:04.000,_20260122_135959_CH01_TMO_5GNR_WFC_MO-DUT-1_TC-151.dml,,,,,,,,,,,,,,,,,,,,,,,,,,,,,594,,,On,Connected,-56.000000,2462,48,,,,IWLAN
136,1,,,-121.9314830,47.5244923,2026-01-22 22:02:05.000,_20260122_135959_CH01_TMO_5GNR_WFC_MO-DUT-1_TC-151.dml,,,,,,,,,,,,,,,,,,,,,,,,,,,,,594,,,On,Connected,-56.000000,2462,48,,,,IWLAN
137,1,,,-121.9314830,47.5244923,2026-01-22 22:02:06.000,_20260122_135959_CH01_TMO_5GNR_WFC_MO-DUT-1_TC-151.dml,,,,,,,,,,,,,,,,,,,,,,,,,,,,,594,,,On,Connected,-56.000000,2462,48,,,,IWLAN
138,1,,,-121.9314830,47.5244923,2026-01-22 22:02:07.000,_20260122_135959_CH01_TMO_5GNR_WFC_MO-DUT-1_TC-151.dml,,,,,,,,,,,,,,,,,,,,,,,,,,,,,594,,,On,Connected,-56.000000,2462,48,,,,IWLAN
139,1,,,-121.9314830,47.5244923,2026-01-22 22:02:08.000,_20260122_135959_CH01_TMO_5GNR_WFC_MO-DUT-1_TC-151.dml,,,,,,,,,,,,,,,,,,,,,,,,,,,,,594,,,On,Connected,-56.000000,2462,48,,,,IWLAN
140,1,,,-121.9314830,47.5244923,2026-01-22 22:02:09.000,_20260122_135959_CH01_TMO_5GNR_WFC_MO-DUT-1_TC-151.dml,,,,,,,,,,,,,,,,,,,,,,,,,,,,,594,,,On,Connected,-55.000000,2462,48,,,,IWLAN
141,1,,,-121.9314830,47.5244923,2026-01-22 22:02:10.000,_20260122_135959_CH01_TMO_5GNR_WFC_MO-DUT-1_TC-151.dml,,,,,,,,,,,,,,,,,,,,,,,,,,,,,594,,,On,Connected,-55.000000,2462,48,,,,
142,1,,,-121.9314830,47.5244923,2026-01-22 22:02:11.000,_20260122_135959_CH01_TMO_5GNR_WFC_MO-DUT-1_TC-151.dml,,,,,,,,,,,,,,,,,,,,,,,,,,,,,594,,,On,Connected,-55.000000,2462,48,,,,IWLAN
143,1,,,-121.9314830,47.5244923,2026-01-22 22:02:12.000,_20260122_135959_CH01_TMO_5GNR_WFC_MO-DUT-1_TC-151.dml,,,,,,,,,,,,,,,,,,,,,,,,,,,,,594,,,On,Connected,-56.000000,2462,48,,,,IWLAN
144,1,,,-121.9314830,47.5244923,2026-01-22 22:02:13.000,_20260122_135959_CH01_TMO_5GNR_WFC_MO-DUT-1_TC-151.dml,,,,,,,,,,,,,,,,,,,,,,,,,,,,,594,,,On,Connected,-56.000000,2462,48,,,,IWLAN
145,1,,,-121.9314830,47.5244923,2026-01-22 22:02:14.000,_20260122_135959_CH01_TMO_5GNR_WFC_MO-DUT-1_TC-151.dml,,,,,,,,,,,,,,,,,,,,,,,,,,,,,594,,,On,Connected,-56.000000,2462,48,,,,IWLAN
146,1,,,-121.9314830,47.5244923,2026-01-22 22:02:15.000,_20260122_135959_CH01_TMO_5GNR_WFC_MO-DUT-1_TC-151.dml,,,,,,,,,,,,,,,,,,,,,,,,,,,,,594,,,On,Connected,-55.000000,2462,48,,,,IWLAN
147,1,,,-121.9314830,47.5244923,2026-01-22 22:02:15.880,_20260122_135959_CH01_TMO_5GNR_WFC_MO-DUT-1_TC-151.dml,,,,,,,,,,,,,,,,,,,,,,,[Tool] Voice - Release Call Request,,,,,,,,,,,,,,,,,
148,1,,,-121.9314830,47.5244923,2026-01-22 22:02:16.000,_20260122_135959_CH01_TMO_5GNR_WFC_MO-DUT-1_TC-151.dml,,,,,,,,,,,,,,,,,,,,,,,,,,,,,594,,,On,Connected,-55.000000,2462,48,,,,IWLAN
149,1,,,-121.9314830,47.5244923,2026-01-22 22:02:17.000,_20260122_135959_CH01_TMO_5GNR_WFC_MO-DUT-1_TC-151.dml,,,,,,,,,,,,,,,,,,,,,,,,,,,,,594,,,On,Connected,-55.000000,2462,48,,,,
150,1,,,-121.9314830,47.5244923,2026-01-22 22:02:17.911,_20260122_135959_CH01_TMO_5GNR_WFC_MO-DUT-1_TC-151.dml,,,,,,,,,,,,,,,,,,,,,,,[Tool] Voice - Call Scheduling End,,,,,,,,,,,,,,,,,
151,1,,,-121.9314830,47.5244923,2026-01-22 22:02:17.911,_20260122_135959_CH01_TMO_5GNR_WFC_MO-DUT-1_TC-151.dml,NR SA,Voice,Complete,NR SA,NR SA,,,,,,,,,,,,Complete,Origination,Complete,,,,,,,,,90.234000,,,,,,,,,,EPSFB,,
152,1,,,-121.9314830,47.5244923,2026-01-22 22:02:17.911,_20260122_135959_CH01_TMO_5GNR_WFC_MO-DUT-1_TC-151.dml,,,,,,,,,,,,,,,,,,,,,,,[Tool] Voice - Release Call Request,,,,,,,,,,,,,,,,,
153,1,,,-121.9314830,47.5244923,2026-01-22 22:02:18.428,_20260122_135959_CH01_TMO_5GNR_WFC_MO-DUT-1_TC-151.dml,,,,,,,,,,,,,,,,,,,,,,,[Tool] Voice - Call Scheduling Start(Orig),,,,,,,,,,,,,,,,,
154,1,,,-121.9314830,47.5244923,2026-01-22 22:02:18.428,_20260122_135959_CH01_TMO_5GNR_WFC_MO-DUT-1_TC-151.dml,,,,,,,,,,,,,,,,,,,,,,,[UE]   Voice - Orig Success,,,,,,,,,,,,,,,,,
155,1,,,-121.9314830,47.5244923,2026-01-22 22:02:18.000,_20260122_135959_CH01_TMO_5GNR_WFC_MO-DUT-1_TC-151.dml,,,,,,,,,,,,,,,,,,,,,,,,,,,,,594,,,On,Connected,-56.000000,2462,48,,,,IWLAN
156,1,,,-121.9314830,47.5244923,2026-01-22 22:02:18.442,_20260122_135959_CH01_TMO_5GNR_WFC_MO-DUT-1_TC-151.dml,,,,,,,,,,,,,,,,,,,,,,,[Tool] Voice - Orig Request,,,,,,,,,,,,,,,,,
157,1,,,-121.9314830,47.5244923,2026-01-22 22:02:19.000,_20260122_135959_CH01_TMO_5GNR_WFC_MO-DUT-1_TC-151.dml,,,,,,,,,,,,,,,,,,,,,,,,,,,,,594,,,On,Connected,-56.000000,2462,48,,,,
158,1,,,-121.9314830,47.5244923,2026-01-22 22:02:20.000,_20260122_135959_CH01_TMO_5GNR_WFC_MO-DUT-1_TC-151.dml,,,,,,,,,,,,,,,,,,,,,,,,,,,,,594,,,On,Connected,-56.000000,2462,48,,,,IWLAN
159,1,,,-121.9314830,47.5244923,2026-01-22 22:02:21.000,_20260122_135959_CH01_TMO_5GNR_WFC_MO-DUT-1_TC-151.dml,,,,,,,,,,,,,,,,,,,,,,,,,,,,,594,,,On,Connected,-57.000000,2462,48,,,,IWLAN
160,1,,,-121.9314830,47.5244923,2026-01-22 22:02:21.707,_20260122_135959_CH01_TMO_5GNR_WFC_MO-DUT-1_TC-151.dml,,,,,,,,,,,,,,,,,,,,,,,[UE]   Voice - Setup Success,,,,,,,,,,,,,,,,,
161,1,,,-121.9314830,47.5244923,2026-01-22 22:02:22.000,_20260122_135959_CH01_TMO_5GNR_WFC_MO-DUT-1_TC-151.dml,,,,,,,,,,NR SA,,,,,,,,,,,,,,,,,,,594,,3.865277,On,Connected,-57.000000,2462,48,,,,IWLAN
162,1,,,-121.9314830,47.5244923,2026-01-22 22:02:23.000,_20260122_135959_CH01_TMO_5GNR_WFC_MO-DUT-1_TC-151.dml,,,,,,,,,,NR SA,,,,,,,,,,,,,,,,,,,594,,3.865277,On,Connected,-57.000000,2462,48,,,,IWLAN
163,1,,,-121.9314830,47.5244923,2026-01-22 22:02:24.000,_20260122_135959_CH01_TMO_5GNR_WFC_MO-DUT-1_TC-151.dml,,,,,,,,,,NR SA,,,,,,,,,,,,,,,,,,,594,,3.865277,On,Connected,-63.000000,2462,48,,,,IWLAN
164,1,,,-121.9314830,47.5244923,2026-01-22 22:02:25.000,_20260122_135959_CH01_TMO_5GNR_WFC_MO-DUT-1_TC-151.dml,,,,,,,,,,NR SA,,,,,,,,,,,,,,,,,,,594,,3.865277,On,Connected,-63.000000,2462,48,,,,IWLAN
165,1,,,-121.9314830,47.5244923,2026-01-22 22:02:26.000,_20260122_135959_CH01_TMO_5GNR_WFC_MO-DUT-1_TC-151.dml,,,,,,,,,,NR SA,,,,,,,,,,,,,,,,,,,594,,3.865277,On,Connected,-63.000000,2462,48,,,,
166,1,,,-121.9314830,47.5244923,2026-01-22 22:02:27.000,_20260122_135959_CH01_TMO_5GNR_WFC_MO-DUT-1_TC-151.dml,,,,,,,,,,NR SA,,,,,,,,,,,,,,,,,,,594,,3.865277,On,Connected,-64.000000,2462,44,,,,IWLAN
167,1,,,-121.9314830,47.5244923,2026-01-22 22:02:28.000,_20260122_135959_CH01_TMO_5GNR_WFC_MO-DUT-1_TC-151.dml,,,,,,,,,,NR SA,,,,,,,,,,,,,,,,,,,594,,3.865277,On,Connected,-64.000000,2462,44,,,,IWLAN
168,1,,,-121.9314830,47.5244923,2026-01-22 22:02:29.000,_20260122_135959_CH01_TMO_5GNR_WFC_MO-DUT-1_TC-151.dml,,,,,,,,,,NR SA,,,,,,,,,,,,,,,,,,,594,,3.865277,On,Connected,-64.000000,2462,44,,,,IWLAN
169,1,,,-121.9314830,47.5244923,2026-01-22 22:02:30.000,_20260122_135959_CH01_TMO_5GNR_WFC_MO-DUT-1_TC-151.dml,,,,,,,,,,NR SA,,,,,,,,,,,,,,,,,,,594,,3.865277,On,Connected,-63.000000,2462,48,,,,IWLAN
170,1,,,-121.9314830,47.5244923,2026-01-22 22:02:31.000,_20260122_135959_CH01_TMO_5GNR_WFC_MO-DUT-1_TC-151.dml,,,,,,,,,,NR SA,,,,,,,,,,,,,,,,,,,594,,3.865277,On,Connected,-63.000000,2462,48,,,,IWLAN
171,1,,,-121.9314830,47.5244923,2026-01-22 22:02:32.255,_20260122_135959_CH01_TMO_5GNR_WFC_MO-DUT-1_TC-151.dml,,,,,,,,,,,,,,,,,,,,,,,,,,,,,,-67.434643,,,,,,,,,,
172,1,,,-121.9314830,47.5244923,2026-01-22 22:02:32.000,_20260122_135959_CH01_TMO_5GNR_WFC_MO-DUT-1_TC-151.dml,,,,,,,,,,NR SA,,,,,,,,,,,,,,,,,,,594,,,On,Connected,-63.000000,2462,48,,,,IWLAN
173,1,,,-121.9314830,47.5244923,2026-01-22 22:02:33.000,_20260122_135959_CH01_TMO_5GNR_WFC_MO-DUT-1_TC-151.dml,,,,,,,,,,NR SA,,,,,,,,,,,,,,,,,,,594,,,On,Connected,-63.000000,2462,48,,,,
174,1,,,-121.9314830,47.5244923,2026-01-22 22:02:34.000,_20260122_135959_CH01_TMO_5GNR_WFC_MO-DUT-1_TC-151.dml,,,,,,,,,,NR SA,,,,,,,,,,,,,,,,,,,594,,,On,Connected,-63.000000,2462,68,,,,IWLAN
175,1,,,-121.9314830,47.5244923,2026-01-22 22:02:35.000,_20260122_135959_CH01_TMO_5GNR_WFC_MO-DUT-1_TC-151.dml,,,,,,,,,,NR SA,,,,,,,,,,,,,,,,,,,594,,,On,Connected,-63.000000,2462,68,,,,
176,1,,,-121.9314830,47.5244923,2026-01-22 22:02:36.000,_20260122_135959_CH01_TMO_5GNR_WFC_MO-DUT-1_TC-151.dml,,,,,,,,,,NR SA,,,,,,,,,,,,,,,,,,,594,,,On,Connected,-63.000000,2462,68,,,,IWLAN
177,1,,,-121.9314830,47.5244923,2026-01-22 22:02:37.000,_20260122_135959_CH01_TMO_5GNR_WFC_MO-DUT-1_TC-151.dml,,,,,,,,,,NR SA,,,,,,,,,,,,,,,,,,,594,,,On,Connected,-64.000000,2462,49,,,,IWLAN
178,1,,,-121.9314830,47.5244923,2026-01-22 22:02:38.000,_20260122_135959_CH01_TMO_5GNR_WFC_MO-DUT-1_TC-151.dml,,,,,,,,,,NR SA,,,,,,,,,,,,,,,,,,,594,,,On,Connected,-64.000000,2462,49,,,,IWLAN
179,1,,,-121.9314830,47.5244923,2026-01-22 22:02:39.000,_20260122_135959_CH01_TMO_5GNR_WFC_MO-DUT-1_TC-151.dml,,,,,,,,,,NR SA,,,,,,,,,,,,,,,,,,,594,,,On,Connected,-64.000000,2462,49,,,,IWLAN
180,1,,,-121.9314830,47.5244923,2026-01-22 22:02:40.000,_20260122_135959_CH01_TMO_5GNR_WFC_MO-DUT-1_TC-151.dml,,,,,,,,,,NR SA,,,,,,,,,,,,,,,,,,,594,,,On,Connected,-65.000000,2462,48,,,,IWLAN
181,1,,,-121.9314830,47.5244923,2026-01-22 22:02:41.000,_20260122_135959_CH01_TMO_5GNR_WFC_MO-DUT-1_TC-151.dml,,,,,,,,,,NR SA,,,,,,,,,,,,,,,,,,,594,,,On,Connected,-65.000000,2462,48,,,,IWLAN
182,1,,,-121.9314830,47.5244923,2026-01-22 22:02:42.000,_20260122_135959_CH01_TMO_5GNR_WFC_MO-DUT-1_TC-151.dml,,,,,,,,,,NR SA,,,,,,,,,,,,,,,,,,,594,,3.861619,On,Connected,-65.000000,2462,48,,,,
183,1,,,-121.9314830,47.5244923,2026-01-22 22:02:43.000,_20260122_135959_CH01_TMO_5GNR_WFC_MO-DUT-1_TC-151.dml,,,,,,,,,,NR SA,,,,,,,,,,,,,,,,,,,594,,3.861619,On,Connected,-65.000000,2462,32,,,,IWLAN
184,1,,,-121.9314830,47.5244923,2026-01-22 22:02:44.000,_20260122_135959_CH01_TMO_5GNR_WFC_MO-DUT-1_TC-151.dml,,,,,,,,,,NR SA,,,,,,,,,,,,,,,,,,,594,,3.861619,On,Connected,-65.000000,2462,32,,,,IWLAN
185,1,,,-121.9314830,47.5244923,2026-01-22 22:02:45.000,_20260122_135959_CH01_TMO_5GNR_WFC_MO-DUT-1_TC-151.dml,,,,,,,,,,NR SA,,,,,,,,,,,,,,,,,,,594,,3.861619,On,Connected,-65.000000,2462,32,,,,IWLAN
186,1,,,-121.9314830,47.5244923,2026-01-22 22:02:46.000,_20260122_135959_CH01_TMO_5GNR_WFC_MO-DUT-1_TC-151.dml,,,,,,,,,,NR SA,,,,,,,,,,,,,,,,,,,594,,3.861619,On,Connected,-64.000000,2462,32,,,,IWLAN
187,1,,,-121.9314830,47.5244923,2026-01-22 22:02:47.000,_20260122_135959_CH01_TMO_5GNR_WFC_MO-DUT-1_TC-151.dml,,,,,,,,,,NR SA,,,,,,,,,,,,,,,,,,,594,,3.861619,On,Connected,-64.000000,2462,32,,,,IWLAN
188,1,,,-121.9314830,47.5244923,2026-01-22 22:02:48.000,_20260122_135959_CH01_TMO_5GNR_WFC_MO-DUT-1_TC-151.dml,,,,,,,,,,NR SA,,,,,,,,,,,,,,,,,,,594,,3.861619,On,Connected,-64.000000,2462,32,,,,IWLAN
189,1,,,-121.9314830,47.5244923,2026-01-22 22:02:49.000,_20260122_135959_CH01_TMO_5GNR_WFC_MO-DUT-1_TC-151.dml,,,,,,,,,,NR SA,,,,,,,,,,,,,,,,,,,594,,3.861619,On,Connected,-63.000000,2462,66,,,,IWLAN
190,1,,,-121.9314830,47.5244923,2026-01-22 22:02:50.000,_20260122_135959_CH01_TMO_5GNR_WFC_MO-DUT-1_TC-151.dml,,,,,,,,,,NR SA,,,,,,,,,,,,,,,,,,,594,,3.861619,On,Connected,-63.000000,2462,66,,,,IWLAN
191,1,,,-121.9314830,47.5244923,2026-01-22 22:02:51.000,_20260122_135959_CH01_TMO_5GNR_WFC_MO-DUT-1_TC-151.dml,,,,,,,,,,NR SA,,,,,,,,,,,,,,,,,,,594,,3.861619,On,Connected,-63.000000,2462,66,,,,
192,1,,,-121.9314830,47.5244923,2026-01-22 22:02:52.000,_20260122_135959_CH01_TMO_5GNR_WFC_MO-DUT-1_TC-151.dml,,,,,,,,,,NR SA,,,,,,,,,,,,,,,,,,,594,,,On,Connected,-63.000000,2462,69,,,,IWLAN
193,1,,,-121.9314830,47.5244923,2026-01-22 22:02:52.255,_20260122_135959_CH01_TMO_5GNR_WFC_MO-DUT-1_TC-151.dml,,,,,,,,,,,,,,,,,,,,,,,,,,,,,,-67.194767,,,,,,,,,,
194,1,,,-121.9314830,47.5244923,2026-01-22 22:02:53.000,_20260122_135959_CH01_TMO_5GNR_WFC_MO-DUT-1_TC-151.dml,,,,,,,,,,NR SA,,,,,,,,,,,,,,,,,,,594,,,On,Connected,-63.000000,2462,69,,,,IWLAN
195,1,,,-121.9314830,47.5244923,2026-01-22 22:02:54.000,_20260122_135959_CH01_TMO_5GNR_WFC_MO-DUT-1_TC-151.dml,,,,,,,,,,NR SA,,,,,,,,,,,,,,,,,,,594,,,On,Connected,-63.000000,2462,69,,,,IWLAN
196,1,,,-121.9314830,47.5244923,2026-01-22 22:02:55.000,_20260122_135959_CH01_TMO_5GNR_WFC_MO-DUT-1_TC-151.dml,,,,,,,,,,NR SA,,,,,,,,,,,,,,,,,,,594,,,On,Connected,-63.000000,2462,65,,,,IWLAN
197,1,,,-121.9314830,47.5244923,2026-01-22 22:02:56.000,_20260122_135959_CH01_TMO_5GNR_WFC_MO-DUT-1_TC-151.dml,,,,,,,,,,NR SA,,,,,,,,,,,,,,,,,,,594,,,On,Connected,-63.000000,2462,65,,,,IWLAN
198,1,,,-121.9314830,47.5244923,2026-01-22 22:02:57.000,_20260122_135959_CH01_TMO_5GNR_WFC_MO-DUT-1_TC-151.dml,,,,,,,,,,NR SA,,,,,,,,,,,,,,,,,,,594,,,On,Connected,-64.000000,2462,65,,,,IWLAN
199,1,,,-121.9314830,47.5244923,2026-01-22 22:02:58.000,_20260122_135959_CH01_TMO_5GNR_WFC_MO-DUT-1_TC-151.dml,,,,,,,,,,NR SA,,,,,,,,,,,,,,,,,,,594,,,On,Connected,-64.000000,2462,65,,,,IWLAN
200,1,,,-121.9314830,47.5244923,2026-01-22 22:02:59.000,_20260122_135959_CH01_TMO_5GNR_WFC_MO-DUT-1_TC-151.dml,,,,,,,,,,NR SA,,,,,,,,,,,,,,,,,,,594,,,On,Connected,-64.000000,2462,65,,,,IWLAN
201,1,,,-121.9314830,47.5244923,2026-01-22 22:03:00.000,_20260122_135959_CH01_TMO_5GNR_WFC_MO-DUT-1_TC-151.dml,,,,,,,,,,NR SA,,,,,,,,,,,,,,,,,,,594,,,On,Connected,-64.000000,2462,65,,,,IWLAN
202,1,,,-121.9314830,47.5244923,2026-01-22 22:03:01.000,_20260122_135959_CH01_TMO_5GNR_WFC_MO-DUT-1_TC-151.dml,,,,,,,,,,NR SA,,,,,,,,,,,,,,,,,,,594,,,On,Connected,-63.000000,2462,65,,,,IWLAN
203,1,,,-121.9314830,47.5244923,2026-01-22 22:03:02.000,_20260122_135959_CH01_TMO_5GNR_WFC_MO-DUT-1_TC-151.dml,,,,,,,,,,NR SA,,,,,,,,,,,,,,,,,,,594,,3.753523,On,Connected,-63.000000,2462,65,,,,IWLAN
204,1,,,-121.9314830,47.5244923,2026-01-22 22:03:03.000,_20260122_135959_CH01_TMO_5GNR_WFC_MO-DUT-1_TC-151.dml,,,,,,,,,,NR SA,,,,,,,,,,,,,,,,,,,594,,3.753523,On,Connected,-60.000000,2462,48,,,,IWLAN
205,1,,,-121.9314830,47.5244923,2026-01-22 22:03:04.000,_20260122_135959_CH01_TMO_5GNR_WFC_MO-DUT-1_TC-151.dml,,,,,,,,,,NR SA,,,,,,,,,,,,,,,,,,,594,,3.753523,On,Connected,-60.000000,2462,48,,,,IWLAN
206,1,,,-121.9314830,47.5244923,2026-01-22 22:03:05.000,_20260122_135959_CH01_TMO_5GNR_WFC_MO-DUT-1_TC-151.dml,,,,,,,,,,NR SA,,,,,,,,,,,,,,,,,,,594,,3.753523,On,Connected,-60.000000,2462,48,,,,IWLAN
207,1,,,-121.9314830,47.5244923,2026-01-22 22:03:06.000,_20260122_135959_CH01_TMO_5GNR_WFC_MO-DUT-1_TC-151.dml,,,,,,,,,,NR SA,,,,,,,,,,,,,,,,,,,594,,3.753523,On,Connected,-63.000000,2462,65,,,,IWLAN
208,1,,,-121.9314830,47.5244923,2026-01-22 22:03:07.000,_20260122_135959_CH01_TMO_5GNR_WFC_MO-DUT-1_TC-151.dml,,,,,,,,,,NR SA,,,,,,,,,,,,,,,,,,,594,,3.753523,On,Connected,-63.000000,2462,65,,,,IWLAN
209,1,,,-121.9314830,47.5244923,2026-01-22 22:03:08.000,_20260122_135959_CH01_TMO_5GNR_WFC_MO-DUT-1_TC-151.dml,,,,,,,,,,NR SA,,,,,,,,,,,,,,,,,,,594,,3.753523,On,Connected,-63.000000,2462,65,,,,IWLAN
210,1,,,-121.9314830,47.5244923,2026-01-22 22:03:09.000,_20260122_135959_CH01_TMO_5GNR_WFC_MO-DUT-1_TC-151.dml,,,,,,,,,,NR SA,,,,,,,,,,,,,,,,,,,594,,3.753523,On,Connected,-63.000000,2462,48,,,,IWLAN
211,1,,,-121.9314830,47.5244923,2026-01-22 22:03:10.000,_20260122_135959_CH01_TMO_5GNR_WFC_MO-DUT-1_TC-151.dml,,,,,,,,,,NR SA,,,,,,,,,,,,,,,,,,,594,,3.753523,On,Connected,-63.000000,2462,48,,,,IWLAN
212,1,,,-121.9314830,47.5244923,2026-01-22 22:03:11.000,_20260122_135959_CH01_TMO_5GNR_WFC_MO-DUT-1_TC-151.dml,,,,,,,,,,NR SA,,,,,,,,,,,,,,,,,,,594,,3.753523,On,Connected,-63.000000,2462,48,,,,IWLAN
213,1,,,-121.9314830,47.5244923,2026-01-22 22:03:12.000,_20260122_135959_CH01_TMO_5GNR_WFC_MO-DUT-1_TC-151.dml,,,,,,,,,,NR SA,,,,,,,,,,,,,,,,,,,594,,,On,Connected,-62.000000,2462,44,,,,IWLAN
214,1,,,-121.9314830,47.5244923,2026-01-22 22:03:12.255,_20260122_135959_CH01_TMO_5GNR_WFC_MO-DUT-1_TC-151.dml,,,,,,,,,,,,,,,,,,,,,,,,,,,,,,-68.703721,,,,,,,,,,
215,1,,,-121.9314830,47.5244923,2026-01-22 22:03:13.000,_20260122_135959_CH01_TMO_5GNR_WFC_MO-DUT-1_TC-151.dml,,,,,,,,,,NR SA,,,,,,,,,,,,,,,,,,,594,,,On,Connected,-62.000000,2462,44,,,,IWLAN
216,1,,,-121.9314830,47.5244923,2026-01-22 22:03:14.000,_20260122_135959_CH01_TMO_5GNR_WFC_MO-DUT-1_TC-151.dml,,,,,,,,,,NR SA,,,,,,,,,,,,,,,,,,,594,,,On,Connected,-62.000000,2462,44,,,,IWLAN
217,1,,,-121.9314830,47.5244923,2026-01-22 22:03:15.000,_20260122_135959_CH01_TMO_5GNR_WFC_MO-DUT-1_TC-151.dml,,,,,,,,,,NR SA,,,,,,,,,,,,,,,,,,,594,,,On,Connected,-62.000000,2462,58,,,,IWLAN
218,1,,,-121.9314830,47.5244923,2026-01-22 22:03:16.000,_20260122_135959_CH01_TMO_5GNR_WFC_MO-DUT-1_TC-151.dml,,,,,,,,,,NR SA,,,,,,,,,,,,,,,,,,,594,,,On,Connected,-62.000000,2462,58,,,,IWLAN
219,1,,,-121.9314830,47.5244923,2026-01-22 22:03:17.000,_20260122_135959_CH01_TMO_5GNR_WFC_MO-DUT-1_TC-151.dml,,,,,,,,,,NR SA,,,,,,,,,,,,,,,,,,,594,,,On,Connected,-62.000000,2462,58,,,,IWLAN
220,1,,,-121.9314830,47.5244923,2026-01-22 22:03:18.000,_20260122_135959_CH01_TMO_5GNR_WFC_MO-DUT-1_TC-151.dml,,,,,,,,,,NR SA,,,,,,,,,,,,,,,,,,,594,,,On,Connected,-65.000000,2462,44,,,,IWLAN
221,1,,,-121.9314830,47.5244923,2026-01-22 22:03:19.000,_20260122_135959_CH01_TMO_5GNR_WFC_MO-DUT-1_TC-151.dml,,,,,,,,,,NR SA,,,,,,,,,,,,,,,,,,,594,,,On,Connected,-65.000000,2462,44,,,,IWLAN
222,1,,,-121.9314830,47.5244923,2026-01-22 22:03:20.000,_20260122_135959_CH01_TMO_5GNR_WFC_MO-DUT-1_TC-151.dml,,,,,,,,,,NR SA,,,,,,,,,,,,,,,,,,,594,,,On,Connected,-65.000000,2462,44,,,,IWLAN
223,1,,,-121.9314830,47.5244923,2026-01-22 22:03:21.000,_20260122_135959_CH01_TMO_5GNR_WFC_MO-DUT-1_TC-151.dml,,,,,,,,,,NR SA,,,,,,,,,,,,,,,,,,,594,,,On,Connected,-64.000000,2462,58,,,,IWLAN
224,1,,,-121.9314830,47.5244923,2026-01-22 22:03:22.000,_20260122_135959_CH01_TMO_5GNR_WFC_MO-DUT-1_TC-151.dml,,,,,,,,,,NR SA,,,,,,,,,,,,,,,,,,,594,,3.849259,,Connected,,,,,,,IWLAN
225,1,,,-121.9314830,47.5244923,2026-01-22 22:03:23.000,_20260122_135959_CH01_TMO_5GNR_WFC_MO-DUT-1_TC-151.dml,,,,,,,,,,NR SA,,,,,,,,,,,,,,,,,,,594,,3.849259,On,Connected,-64.000000,2462,58,,,,IWLAN
226,1,,,-121.9314830,47.5244923,2026-01-22 22:03:24.000,_20260122_135959_CH01_TMO_5GNR_WFC_MO-DUT-1_TC-151.dml,,,,,,,,,,NR SA,,,,,,,,,,,,,,,,,,,594,,3.849259,On,Connected,-65.000000,2462,48,,,,IWLAN
227,1,,,-121.9314830,47.5244923,2026-01-22 22:03:25.000,_20260122_135959_CH01_TMO_5GNR_WFC_MO-DUT-1_TC-151.dml,,,,,,,,,,NR SA,,,,,,,,,,,,,,,,,,,594,,3.849259,On,Connected,-65.000000,2462,48,,,,IWLAN
228,1,,,-121.9314830,47.5244923,2026-01-22 22:03:26.000,_20260122_135959_CH01_TMO_5GNR_WFC_MO-DUT-1_TC-151.dml,,,,,,,,,,NR SA,,,,,,,,,,,,,,,,,,,594,,3.849259,On,Connected,-65.000000,2462,48,,,,IWLAN
229,1,,,-121.9314830,47.5244923,2026-01-22 22:03:27.000,_20260122_135959_CH01_TMO_5GNR_WFC_MO-DUT-1_TC-151.dml,,,,,,,,,,NR SA,,,,,,,,,,,,,,,,,,,594,,3.849259,On,Connected,-64.000000,2462,32,,,,IWLAN
230,1,,,-121.9314830,47.5244923,2026-01-22 22:03:28.000,_20260122_135959_CH01_TMO_5GNR_WFC_MO-DUT-1_TC-151.dml,,,,,,,,,,NR SA,,,,,,,,,,,,,,,,,,,594,,3.849259,On,Connected,-64.000000,2462,32,,,,IWLAN
231,1,,,-121.9314830,47.5244923,2026-01-22 22:03:29.000,_20260122_135959_CH01_TMO_5GNR_WFC_MO-DUT-1_TC-151.dml,,,,,,,,,,NR SA,,,,,,,,,,,,,,,,,,,594,,3.849259,On,Connected,-64.000000,2462,32,,,,IWLAN
232,1,,,-121.9314830,47.5244923,2026-01-22 22:03:30.000,_20260122_135959_CH01_TMO_5GNR_WFC_MO-DUT-1_TC-151.dml,,,,,,,,,,NR SA,,,,,,,,,,,,,,,,,,,594,,3.849259,,Connected,,,,,,,IWLAN
233,1,,,-121.9314830,47.5244923,2026-01-22 22:03:31.000,_20260122_135959_CH01_TMO_5GNR_WFC_MO-DUT-1_TC-151.dml,,,,,,,,,,NR SA,,,,,,,,,,,,,,,,,,,594,,3.849259,On,Connected,-64.000000,2462,32,,,,IWLAN
234,1,,,-121.9314830,47.5244923,2026-01-22 22:03:32.000,_20260122_135959_CH01_TMO_5GNR_WFC_MO-DUT-1_TC-151.dml,,,,,,,,,,NR SA,,,,,,,,,,,,,,,,,,,594,,,On,Connected,-64.000000,2462,32,,,,IWLAN
235,1,,,-121.9314830,47.5244923,2026-01-22 22:03:32.255,_20260122_135959_CH01_TMO_5GNR_WFC_MO-DUT-1_TC-151.dml,,,,,,,,,,,,,,,,,,,,,,,,,,,,,,-68.312556,,,,,,,,,,
236,1,,,-121.9314830,47.5244923,2026-01-22 22:03:33.000,_20260122_135959_CH01_TMO_5GNR_WFC_MO-DUT-1_TC-151.dml,,,,,,,,,,NR SA,,,,,,,,,,,,,,,,,,,594,,,On,Connected,-64.000000,2462,32,,,,IWLAN
237,1,,,-121.9314830,47.5244923,2026-01-22 22:03:34.000,_20260122_135959_CH01_TMO_5GNR_WFC_MO-DUT-1_TC-151.dml,,,,,,,,,,NR SA,,,,,,,,,,,,,,,,,,,594,,,On,Connected,-64.000000,2462,32,,,,IWLAN
238,1,,,-121.9314830,47.5244923,2026-01-22 22:03:35.000,_20260122_135959_CH01_TMO_5GNR_WFC_MO-DUT-1_TC-151.dml,,,,,,,,,,NR SA,,,,,,,,,,,,,,,,,,,594,,,On,Connected,-64.000000,2462,32,,,,IWLAN
239,1,,,-121.9314830,47.5244923,2026-01-22 22:03:36.000,_20260122_135959_CH01_TMO_5GNR_WFC_MO-DUT-1_TC-151.dml,,,,,,,,,,NR SA,,,,,,,,,,,,,,,,,,,594,,,On,Connected,-64.000000,2462,65,,,,IWLAN
240,1,,,-121.9314830,47.5244923,2026-01-22 22:03:37.000,_20260122_135959_CH01_TMO_5GNR_WFC_MO-DUT-1_TC-151.dml,,,,,,,,,,NR SA,,,,,,,,,,,,,,,,,,,594,,,On,Connected,-64.000000,2462,65,,,,IWLAN
241,1,,,-121.9314830,47.5244923,2026-01-22 22:03:38.000,_20260122_135959_CH01_TMO_5GNR_WFC_MO-DUT-1_TC-151.dml,,,,,,,,,,NR SA,,,,,,,,,,,,,,,,,,,594,,,On,Connected,-64.000000,2462,65,,,,IWLAN
242,1,,,-121.9314830,47.5244923,2026-01-22 22:03:39.000,_20260122_135959_CH01_TMO_5GNR_WFC_MO-DUT-1_TC-151.dml,,,,,,,,,,NR SA,,,,,,,,,,,,,,,,,,,594,,,,Connected,,,,,,,IWLAN
243,1,,,-121.9314830,47.5244923,2026-01-22 22:03:40.000,_20260122_135959_CH01_TMO_5GNR_WFC_MO-DUT-1_TC-151.dml,,,,,,,,,,NR SA,,,,,,,,,,,,,,,,,,,594,,,On,Connected,-64.000000,2462,48,,,,IWLAN
244,1,,,-121.9314830,47.5244923,2026-01-22 22:03:41.000,_20260122_135959_CH01_TMO_5GNR_WFC_MO-DUT-1_TC-151.dml,,,,,,,,,,NR SA,,,,,,,,,,,,,,,,,,,594,,,On,Connected,-64.000000,2462,48,,,,IWLAN
245,1,,,-121.9314830,47.5244923,2026-01-22 22:03:42.000,_20260122_135959_CH01_TMO_5GNR_WFC_MO-DUT-1_TC-151.dml,,,,,,,,,,NR SA,,,,,,,,,,,,,,,,,,,594,,3.857877,On,Connected,-64.000000,2462,49,,,,IWLAN
246,1,,,-121.9314830,47.5244923,2026-01-22 22:03:43.000,_20260122_135959_CH01_TMO_5GNR_WFC_MO-DUT-1_TC-151.dml,,,,,,,,,,NR SA,,,,,,,,,,,,,,,,,,,594,,3.857877,On,Connected,-64.000000,2462,49,,,,IWLAN
247,1,,,-121.9314830,47.5244923,2026-01-22 22:03:44.000,_20260122_135959_CH01_TMO_5GNR_WFC_MO-DUT-1_TC-151.dml,,,,,,,,,,NR SA,,,,,,,,,,,,,,,,,,,594,,3.857877,,Connected,,,,,,,IWLAN
248,1,,,-121.9314830,47.5244923,2026-01-22 22:03:45.000,_20260122_135959_CH01_TMO_5GNR_WFC_MO-DUT-1_TC-151.dml,,,,,,,,,,NR SA,,,,,,,,,,,,,,,,,,,594,,3.857877,On,Connected,-64.000000,2462,48,,,,IWLAN
249,1,,,-121.9314830,47.5244923,2026-01-22 22:03:46.000,_20260122_135959_CH01_TMO_5GNR_WFC_MO-DUT-1_TC-151.dml,,,,,,,,,,NR SA,,,,,,,,,,,,,,,,,,,594,,3.857877,,Connected,,,,,,,IWLAN
250,1,,,-121.9314830,47.5244923,2026-01-22 22:03:47.000,_20260122_135959_CH01_TMO_5GNR_WFC_MO-DUT-1_TC-151.dml,,,,,,,,,,NR SA,,,,,,,,,,,,,,,,,,,594,,3.857877,On,Connected,-64.000000,2462,48,,,,IWLAN
251,1,,,-121.9314830,47.5244923,2026-01-22 22:03:48.000,_20260122_135959_CH01_TMO_5GNR_WFC_MO-DUT-1_TC-151.dml,,,,,,,,,,NR SA,,,,,,,,,,,,,,,,,,,594,,3.857877,On,Connected,-65.000000,2462,32,,,,IWLAN
252,1,,,-121.9314830,47.5244923,2026-01-22 22:03:49.000,_20260122_135959_CH01_TMO_5GNR_WFC_MO-DUT-1_TC-151.dml,,,,,,,,,,NR SA,,,,,,,,,,,,,,,,,,,594,,3.857877,On,Connected,-65.000000,2462,32,,,,IWLAN
253,1,,,-121.9314830,47.5244923,2026-01-22 22:03:50.000,_20260122_135959_CH01_TMO_5GNR_WFC_MO-DUT-1_TC-151.dml,,,,,,,,,,NR SA,,,,,,,,,,,,,,,,,,,594,,3.857877,On,Connected,-65.000000,2462,32,,,,IWLAN
254,1,,,-121.9314830,47.5244923,2026-01-22 22:03:51.000,_20260122_135959_CH01_TMO_5GNR_WFC_MO-DUT-1_TC-151.dml,,,,,,,,,,NR SA,,,,,,,,,,,,,,,,,,,594,,3.857877,On,Connected,-65.000000,2462,48,,,,IWLAN
255,1,,,-121.9314830,47.5244923,2026-01-22 22:03:51.724,_20260122_135959_CH01_TMO_5GNR_WFC_MO-DUT-1_TC-151.dml,,,,,,,,,,,,,,,,,,,,,,,[Tool] Voice - Release Call Request,,,,,,,,,,,,,,,,,
256,1,,,-121.9314830,47.5244923,2026-01-22 22:03:52.224,_20260122_135959_CH01_TMO_5GNR_WFC_MO-DUT-1_TC-151.dml,,,,,,,,,,,,,,,,,,,,,,Complete,[Tool] Voice - Call Result : Complete,,,,,,,,,,,,,,,,,
257,1,,,-121.9314830,47.5244923,2026-01-22 22:03:52.224,_20260122_135959_CH01_TMO_5GNR_WFC_MO-DUT-1_TC-151.dml,,,,,,,,,,,,,,,,,,,,,,,[UE]   Voice - Release Call Success,,,,,,,,,,,,,,,,,
258,1,,,-121.9314830,47.5244923,2026-01-22 22:03:52.255,_20260122_135959_CH01_TMO_5GNR_WFC_MO-DUT-1_TC-151.dml,,,,,,,,,,,,,,,,,,,,,,,,,,,,,,-65.601786,,,,,,,,,,
259,1,,,-121.9314830,47.5244923,2026-01-22 22:03:52.000,_20260122_135959_CH01_TMO_5GNR_WFC_MO-DUT-1_TC-151.dml,,,,,,,,,,,,,,,,,,,,,,,,1,,,,,594,,,On,Connected,-65.000000,2462,48,,,,IWLAN
260,1,,,-121.9314830,47.5244923,2026-01-22 22:03:53.099,_20260122_135959_CH01_TMO_5GNR_WFC_MO-DUT-1_TC-151.dml,,,,,,,,,,,,,,,,,,,,,,,[UE]   Voice - Release Call Success,,,,,,,,,,,,,,,,,
261,1,,,-121.9314830,47.5244923,2026-01-22 22:03:53.000,_20260122_135959_CH01_TMO_5GNR_WFC_MO-DUT-1_TC-151.dml,,,,,,,,,,,,,,,,,,,,,,,,,,,,,594,,,,Connected,,,,,,,
262,1,,,-121.9314830,47.5244923,2026-01-22 22:03:54.000,_20260122_135959_CH01_TMO_5GNR_WFC_MO-DUT-1_TC-151.dml,,,,,,,,,,,,,,,,,,,,,,,,,,,,,594,,,On,Connected,-63.500000,2462,64,,,,IWLAN
263,1,,,-121.9314830,47.5244923,2026-01-22 22:03:55.000,_20260122_135959_CH01_TMO_5GNR_WFC_MO-DUT-1_TC-151.dml,,,,,,,,,,,,,,,,,,,,,,,,,,,,,594,,,,Connected,,,,,,,IWLAN
264,1,,,-121.9314830,47.5244923,2026-01-22 22:03:56.000,_20260122_135959_CH01_TMO_5GNR_WFC_MO-DUT-1_TC-151.dml,,,,,,,,,,,,,,,,,,,,,,,,,,,,,594,,,On,Connected,-62.000000,2462,64,,,,IWLAN
265,1,,,-121.9314830,47.5244923,2026-01-22 22:03:57.000,_20260122_135959_CH01_TMO_5GNR_WFC_MO-DUT-1_TC-151.dml,,,,,,,,,,,,,,,,,,,,,,,,,,,,,594,,,On,Connected,-59.000000,2462,48,,,,IWLAN
266,1,,,-121.9314830,47.5244923,2026-01-22 22:03:58.000,_20260122_135959_CH01_TMO_5GNR_WFC_MO-DUT-1_TC-151.dml,,,,,,,,,,,,,,,,,,,,,,,,,,,,,594,,,On,Connected,-59.000000,2462,48,,,,IWLAN
267,1,,,-121.9314830,47.5244923,2026-01-22 22:03:59.000,_20260122_135959_CH01_TMO_5GNR_WFC_MO-DUT-1_TC-151.dml,,,,,,,,,,,,,,,,,,,,,,,,,,,,,594,,,On,Connected,-59.000000,2462,48,,,,IWLAN
268,1,,,-121.9314830,47.5244923,2026-01-22 22:04:00.000,_20260122_135959_CH01_TMO_5GNR_WFC_MO-DUT-1_TC-151.dml,,,,,,,,,,,,,,,,,,,,,,,,,,,,,594,,,,Connected,,,,,,,IWLAN
269,1,,,-121.9314830,47.5244923,2026-01-22 22:04:01.000,_20260122_135959_CH01_TMO_5GNR_WFC_MO-DUT-1_TC-151.dml,,,,,,,,,,,,,,,,,,,,,,,,,,,,,594,,,On,Connected,-58.000000,2462,48,,,,IWLAN
270,1,,,-121.9314830,47.5244923,2026-01-22 22:04:02.000,_20260122_135959_CH01_TMO_5GNR_WFC_MO-DUT-1_TC-151.dml,,,,,,,,,,,,,,,,,,,,,,,,,,,,,594,,,,Connected,,,,,,,
271,1,,,-121.9314830,47.5244923,2026-01-22 22:04:03.000,_20260122_135959_CH01_TMO_5GNR_WFC_MO-DUT-1_TC-151.dml,,,,,,,,,,,,,,,,,,,,,,,,,,,,,594,,,On,Connected,-58.000000,2462,48,,,,IWLAN
272,1,,,-121.9314830,47.5244923,2026-01-22 22:04:04.000,_20260122_135959_CH01_TMO_5GNR_WFC_MO-DUT-1_TC-151.dml,,,,,,,,,,,,,,,,,,,,,,,,,,,,,594,,,On,Connected,-58.000000,2462,48,,,,IWLAN
273,1,,,-121.9314830,47.5244923,2026-01-22 22:04:05.000,_20260122_135959_CH01_TMO_5GNR_WFC_MO-DUT-1_TC-151.dml,,,,,,,,,,,,,,,,,,,,,,,,,,,,,594,,,,Connected,,,,,,,IWLAN
274,1,,,-121.9314830,47.5244923,2026-01-22 22:04:06.000,_20260122_135959_CH01_TMO_5GNR_WFC_MO-DUT-1_TC-151.dml,,,,,,,,,,,,,,,,,,,,,,,,,,,,,594,,,On,Connected,-58.000000,2462,48,,,,IWLAN
275,1,,,-121.9314830,47.5244923,2026-01-22 22:04:07.000,_20260122_135959_CH01_TMO_5GNR_WFC_MO-DUT-1_TC-151.dml,,,,,,,,,,,,,,,,,,,,,,,,,,,,,594,,,,Connected,,,,,,,IWLAN
276,1,,,-121.9314830,47.5244923,2026-01-22 22:04:08.000,_20260122_135959_CH01_TMO_5GNR_WFC_MO-DUT-1_TC-151.dml,,,,,,,,,,,,,,,,,,,,,,,,,,,,,594,,,On,Connected,-58.000000,2462,48,,,,IWLAN
277,1,,,-121.9314830,47.5244923,2026-01-22 22:04:09.000,_20260122_135959_CH01_TMO_5GNR_WFC_MO-DUT-1_TC-151.dml,,,,,,,,,,,,,,,,,,,,,,,,,,,,,594,,,,Connected,,,,,,,IWLAN
278,1,,,-121.9314830,47.5244923,2026-01-22 22:04:10.000,_20260122_135959_CH01_TMO_5GNR_WFC_MO-DUT-1_TC-151.dml,,,,,,,,,,,,,,,,,,,,,,,,,,,,,594,,,On,Connected,-62.000000,2462,48,,,,IWLAN
279,1,,,-121.9314830,47.5244923,2026-01-22 22:04:11.000,_20260122_135959_CH01_TMO_5GNR_WFC_MO-DUT-1_TC-151.dml,,,,,,,,,,,,,,,,,,,,,,,,,,,,,594,,,,Connected,,,,,,,
280,1,,,-121.9314830,47.5244923,2026-01-22 22:04:12.000,_20260122_135959_CH01_TMO_5GNR_WFC_MO-DUT-1_TC-151.dml,,,,,,,,,,,,,,,,,,,,,,,,,,,,,594,,,On,Connected,-61.000000,2462,48,,,,IWLAN
281,1,,,-121.9314830,47.5244923,2026-01-22 22:04:13.000,_20260122_135959_CH01_TMO_5GNR_WFC_MO-DUT-1_TC-151.dml,,,,,,,,,,,,,,,,,,,,,,,,,,,,,594,,,On,Connected,-60.000000,2462,48,,,,IWLAN
282,1,,,-121.9314830,47.5244923,2026-01-22 22:04:14.000,_20260122_135959_CH01_TMO_5GNR_WFC_MO-DUT-1_TC-151.dml,,,,,,,,,,,,,,,,,,,,,,,,,,,,,594,,,On,Connected,-60.000000,2462,48,,,,IWLAN
283,1,,,-121.9314830,47.5244923,2026-01-22 22:04:15.000,_20260122_135959_CH01_TMO_5GNR_WFC_MO-DUT-1_TC-151.dml,,,,,,,,,,,,,,,,,,,,,,,,,,,,,594,,,On,Connected,-61.000000,2462,48,,,,IWLAN
284,1,,,-121.9314830,47.5244923,2026-01-22 22:04:16.000,_20260122_135959_CH01_TMO_5GNR_WFC_MO-DUT-1_TC-151.dml,,,,,,,,,,,,,,,,,,,,,,,,,,,,,594,,,,Connected,,,,,,,IWLAN
285,1,,,-121.9314830,47.5244923,2026-01-22 22:04:17.000,_20260122_135959_CH01_TMO_5GNR_WFC_MO-DUT-1_TC-151.dml,,,,,,,,,,,,,,,,,,,,,,,,,,,,,594,,,On,Connected,-61.000000,2462,48,,,,IWLAN
286,1,,,-121.9314830,47.5244923,2026-01-22 22:04:18.000,_20260122_135959_CH01_TMO_5GNR_WFC_MO-DUT-1_TC-151.dml,,,,,,,,,,,,,,,,,,,,,,,,,,,,,594,,,,Connected,,,,,,,
287,1,,,-121.9314830,47.5244923,2026-01-22 22:04:19.000,_20260122_135959_CH01_TMO_5GNR_WFC_MO-DUT-1_TC-151.dml,,,,,,,,,,,,,,,,,,,,,,,,,,,,,594,,,On,Connected,-61.000000,2462,48,,,,IWLAN
288,1,,,-121.9314830,47.5244923,2026-01-22 22:04:20.193,_20260122_135959_CH01_TMO_5GNR_WFC_MO-DUT-1_TC-151.dml,,,,,,,,,,,,,,,,,,,,,,,[Tool] Voice - Release Call Request,,,,,,,,,,,,,,,,,
289,1,,,-121.9314830,47.5244923,2026-01-22 22:04:20.000,_20260122_135959_CH01_TMO_5GNR_WFC_MO-DUT-1_TC-151.dml,,,,,,,,,,,,,,,,,,,,,,,,,,,,,594,,,On,Connected,-61.000000,2462,48,,,,IWLAN
290,1,,,-121.9314830,47.5244923,2026-01-22 22:04:21.000,_20260122_135959_CH01_TMO_5GNR_WFC_MO-DUT-1_TC-151.dml,,,,,,,,,,,,,,,,,,,,,,,,,,,,,594,,,,Connected,,,,,,,IWLAN
291,1,,,-121.9314830,47.5244923,2026-01-22 22:04:22.224,_20260122_135959_CH01_TMO_5GNR_WFC_MO-DUT-1_TC-151.dml,,,,,,,,,,,,,,,,,,,,,,,[Tool] Voice - Call Scheduling End,,,,,,,,,,,,,,,,,
292,1,,,-121.9314830,47.5244923,2026-01-22 22:04:22.224,_20260122_135959_CH01_TMO_5GNR_WFC_MO-DUT-1_TC-151.dml,NR SA,Voice,Complete,NR SA,NR SA,,,,,,,,,,,,Complete,Origination,Complete,,,,,,,,,90.016000,,,,,,,,,,EPSFB,,
293,1,,,-121.9314830,47.5244923,2026-01-22 22:04:22.224,_20260122_135959_CH01_TMO_5GNR_WFC_MO-DUT-1_TC-151.dml,,,,,,,,,,,,,,,,,,,,,,,[Tool] Voice - Release Call Request,,,,,,,,,,,,,,,,,
294,1,,,-121.9314830,47.5244923,2026-01-22 22:04:22.000,_20260122_135959_CH01_TMO_5GNR_WFC_MO-DUT-1_TC-151.dml,,,,,,,,,,,,,,,,,,,,,,,,,,,,,594,,,On,Connected,-63.000000,2462,48,,,,IWLAN
295,1,,,-121.9314830,47.5244923,2026-01-22 22:04:22.724,_20260122_135959_CH01_TMO_5GNR_WFC_MO-DUT-1_TC-151.dml,,,,,,,,,,,,,,,,,,,,,,,[Tool] Voice - Call Scheduling Start(Orig),,,,,,,,,,,,,,,,,
296,1,,,-121.9314830,47.5244923,2026-01-22 22:04:22.724,_20260122_135959_CH01_TMO_5GNR_WFC_MO-DUT-1_TC-151.dml,,,,,,,,,,,,,,,,,,,,,,,[UE]   Voice - Orig Success,,,,,,,,,,,,,,,,,
297,1,,,-121.9314830,47.5244923,2026-01-22 22:04:22.755,_20260122_135959_CH01_TMO_5GNR_WFC_MO-DUT-1_TC-151.dml,,,,,,,,,,,,,,,,,,,,,,,[Tool] Voice - Orig Request,,,,,,,,,,,,,,,,,
298,1,,,-121.9314830,47.5244923,2026-01-22 22:04:23.000,_20260122_135959_CH01_TMO_5GNR_WFC_MO-DUT-1_TC-151.dml,,,,,,,,,,,,,,,,,,,,,,,,,,,,,594,,,,Connected,,,,,,,
299,1,,,-121.9314830,47.5244923,2026-01-22 22:04:24.000,_20260122_135959_CH01_TMO_5GNR_WFC_MO-DUT-1_TC-151.dml,,,,,,,,,,,,,,,,,,,,,,,,,,,,,594,,,On,Connected,-63.000000,2462,48,,,,IWLAN
300,1,,,-121.9314830,47.5244923,2026-01-22 22:04:25.000,_20260122_135959_CH01_TMO_5GNR_WFC_MO-DUT-1_TC-151.dml,,,,,,,,,,,,,,,,,,,,,,,,,,,,,594,,,,Connected,,,,,,,
301,1,,,-121.9314830,47.5244923,2026-01-22 22:04:25.911,_20260122_135959_CH01_TMO_5GNR_WFC_MO-DUT-1_TC-151.dml,,,,,,,,,,,,,,,,,,,,,,,[UE]   Voice - Setup Success,,,,,,,,,,,,,,,,,
302,1,,,-121.9314830,47.5244923,2026-01-22 22:04:26.000,_20260122_135959_CH01_TMO_5GNR_WFC_MO-DUT-1_TC-151.dml,,,,,,,,,,NR SA,,,,,,,,,,,,,,,,,,,594,,3.849635,On,Connected,-63.000000,2462,48,,,,IWLAN
303,1,,,-121.9314830,47.5244923,2026-01-22 22:04:27.000,_20260122_135959_CH01_TMO_5GNR_WFC_MO-DUT-1_TC-151.dml,,,,,,,,,,NR SA,,,,,,,,,,,,,,,,,,,594,,3.849635,,Connected,,,,,,,
304,1,,,-121.9314830,47.5244923,2026-01-22 22:04:28.000,_20260122_135959_CH01_TMO_5GNR_WFC_MO-DUT-1_TC-151.dml,,,,,,,,,,NR SA,,,,,,,,,,,,,,,,,,,594,,3.849635,On,Connected,-64.000000,2462,28,,,,IWLAN
305,1,,,-121.9314830,47.5244923,2026-01-22 22:04:29.000,_20260122_135959_CH01_TMO_5GNR_WFC_MO-DUT-1_TC-151.dml,,,,,,,,,,NR SA,,,,,,,,,,,,,,,,,,,594,,3.849635,On,Connected,-64.000000,2462,28,,,,IWLAN
306,1,,,-121.9314830,47.5244923,2026-01-22 22:04:30.000,_20260122_135959_CH01_TMO_5GNR_WFC_MO-DUT-1_TC-151.dml,,,,,,,,,,NR SA,,,,,,,,,,,,,,,,,,,594,,3.849635,,Connected,,,,,,,IWLAN
307,1,,,-121.9314830,47.5244923,2026-01-22 22:04:31.000,_20260122_135959_CH01_TMO_5GNR_WFC_MO-DUT-1_TC-151.dml,,,,,,,,,,NR SA,,,,,,,,,,,,,,,,,,,594,,3.849635,On,Connected,-68.000000,2462,48,,,,IWLAN
308,1,,,-121.9314830,47.5244923,2026-01-22 22:04:32.000,_20260122_135959_CH01_TMO_5GNR_WFC_MO-DUT-1_TC-151.dml,,,,,,,,,,NR SA,,,,,,,,,,,,,,,,,,,,,3.849635,,Connected,,,,,,,
309,1,,,-121.9314830,47.5244923,2026-01-22 22:04:33.000,_20260122_135959_CH01_TMO_5GNR_WFC_MO-DUT-1_TC-151.dml,,,,,,,,,,NR SA,,,,,,,,,,,,,,,,,,,594,,3.849635,On,Connected,-67.000000,2462,32,,,,IWLAN
310,1,,,-121.9314830,47.5244923,2026-01-22 22:04:34.000,_20260122_135959_CH01_TMO_5GNR_WFC_MO-DUT-1_TC-151.dml,,,,,,,,,,NR SA,,,,,,,,,,,,,,,,,,,,,3.849635,,Connected,,,,,,,
311,1,,,-121.9314830,47.5244923,2026-01-22 22:04:35.000,_20260122_135959_CH01_TMO_5GNR_WFC_MO-DUT-1_TC-151.dml,,,,,,,,,,NR SA,,,,,,,,,,,,,,,,,,,594,,3.849635,On,Connected,-66.000000,2462,32,,,,IWLAN
312,1,,,-121.9314830,47.5244923,2026-01-22 22:04:36.000,_20260122_135959_CH01_TMO_5GNR_WFC_MO-DUT-1_TC-151.dml,,,,,,,,,,NR SA,,,,,,,,,,,,,,,,,,,,,,On,Connected,-65.500000,2462,32,,,,IWLAN
313,1,,,-121.9314830,47.5244923,2026-01-22 22:04:36.677,_20260122_135959_CH01_TMO_5GNR_WFC_MO-DUT-1_TC-151.dml,,,,,,,,,,,,,,,,,,,,,,,,,,,,,,-64.929643,,,,,,,,,,
314,1,,,-121.9314830,47.5244923,2026-01-22 22:04:37.000,_20260122_135959_CH01_TMO_5GNR_WFC_MO-DUT-1_TC-151.dml,,,,,,,,,,NR SA,,,,,,,,,,,,,,,,,,,594,,,,Connected,,,,,,,IWLAN
315,1,,,-121.9314830,47.5244923,2026-01-22 22:04:38.000,_20260122_135959_CH01_TMO_5GNR_WFC_MO-DUT-1_TC-151.dml,,,,,,,,,,NR SA,,,,,,,,,,,,,,,,,,,,,,On,Connected,-65.000000,2462,32,,,,IWLAN
316,1,,,-121.9314830,47.5244923,2026-01-22 22:04:39.000,_20260122_135959_CH01_TMO_5GNR_WFC_MO-DUT-1_TC-151.dml,,,,,,,,,,NR SA,,,,,,,,,,,,,,,,,,,594,,,,Connected,,,,,,,IWLAN
317,1,,,-121.9314830,47.5244923,2026-01-22 22:04:40.000,_20260122_135959_CH01_TMO_5GNR_WFC_MO-DUT-1_TC-151.dml,,,,,,,,,,NR SA,,,,,,,,,,,,,,,,,,,,,,On,Connected,-66.000000,2462,32,,,,IWLAN
318,1,,,-121.9314830,47.5244923,2026-01-22 22:04:41.000,_20260122_135959_CH01_TMO_5GNR_WFC_MO-DUT-1_TC-151.dml,,,,,,,,,,NR SA,,,,,,,,,,,,,,,,,,,594,,,,Connected,,,,,,,
319,1,,,-121.9314830,47.5244923,2026-01-22 22:04:42.000,_20260122_135959_CH01_TMO_5GNR_WFC_MO-DUT-1_TC-151.dml,,,,,,,,,,NR SA,,,,,,,,,,,,,,,,,,,,,,On,Connected,-66.000000,2462,32,,,,IWLAN
320,1,,,-121.9314830,47.5244923,2026-01-22 22:04:43.000,_20260122_135959_CH01_TMO_5GNR_WFC_MO-DUT-1_TC-151.dml,,,,,,,,,,NR SA,,,,,,,,,,,,,,,,,,,594,,,On,Connected,-66.000000,2462,49,,,,IWLAN
321,1,,,-121.9314830,47.5244923,2026-01-22 22:04:44.000,_20260122_135959_CH01_TMO_5GNR_WFC_MO-DUT-1_TC-151.dml,,,,,,,,,,NR SA,,,,,,,,,,,,,,,,,,,,,,,Connected,,,,,,,IWLAN
322,1,,,-121.9314830,47.5244923,2026-01-22 22:04:45.000,_20260122_135959_CH01_TMO_5GNR_WFC_MO-DUT-1_TC-151.dml,,,,,,,,,,NR SA,,,,,,,,,,,,,,,,,,,594,,,On,Connected,-66.000000,2462,49,,,,IWLAN
323,1,,,-121.9314830,47.5244923,2026-01-22 22:04:46.000,_20260122_135959_CH01_TMO_5GNR_WFC_MO-DUT-1_TC-151.dml,,,,,,,,,,NR SA,,,,,,,,,,,,,,,,,,,,,3.836987,,Connected,,,,,,,IWLAN
324,1,,,-121.9314830,47.5244923,2026-01-22 22:04:47.000,_20260122_135959_CH01_TMO_5GNR_WFC_MO-DUT-1_TC-151.dml,,,,,,,,,,NR SA,,,,,,,,,,,,,,,,,,,594,,3.836987,On,Connected,-66.000000,2462,49,,,,IWLAN
325,1,,,-121.9314830,47.5244923,2026-01-22 22:04:48.000,_20260122_135959_CH01_TMO_5GNR_WFC_MO-DUT-1_TC-151.dml,,,,,,,,,,NR SA,,,,,,,,,,,,,,,,,,,,,3.836987,,Connected,,,,,,,
326,1,,,-121.9314830,47.5244923,2026-01-22 22:04:49.000,_20260122_135959_CH01_TMO_5GNR_WFC_MO-DUT-1_TC-151.dml,,,,,,,,,,NR SA,,,,,,,,,,,,,,,,,,,594,,3.836987,On,Connected,-65.000000,2462,49,,,,IWLAN
327,1,,,-121.9314830,47.5244923,2026-01-22 22:04:50.000,_20260122_135959_CH01_TMO_5GNR_WFC_MO-DUT-1_TC-151.dml,,,,,,,,,,NR SA,,,,,,,,,,,,,,,,,,,,,3.836987,,Connected,,,,,,,
328,1,,,-121.9314830,47.5244923,2026-01-22 22:04:51.000,_20260122_135959_CH01_TMO_5GNR_WFC_MO-DUT-1_TC-151.dml,,,,,,,,,,NR SA,,,,,,,,,,,,,,,,,,,594,,3.836987,On,Connected,-65.000000,2462,49,,,,IWLAN
329,1,,,-121.9314830,47.5244923,2026-01-22 22:04:52.000,_20260122_135959_CH01_TMO_5GNR_WFC_MO-DUT-1_TC-151.dml,,,,,,,,,,NR SA,,,,,,,,,,,,,,,,,,,594,,3.836987,On,Connected,-65.000000,2462,65,,,,IWLAN
330,1,,,-121.9314830,47.5244923,2026-01-22 22:04:53.000,_20260122_135959_CH01_TMO_5GNR_WFC_MO-DUT-1_TC-151.dml,,,,,,,,,,NR SA,,,,,,,,,,,,,,,,,,,,,3.836987,,Connected,,,,,,,
331,1,,,-121.9314830,47.5244923,2026-01-22 22:04:54.000,_20260122_135959_CH01_TMO_5GNR_WFC_MO-DUT-1_TC-151.dml,,,,,,,,,,NR SA,,,,,,,,,,,,,,,,,,,594,,3.836987,On,Connected,-65.000000,2462,65,,,,IWLAN
332,1,,,-121.9314830,47.5244923,2026-01-22 22:04:55.000,_20260122_135959_CH01_TMO_5GNR_WFC_MO-DUT-1_TC-151.dml,,,,,,,,,,NR SA,,,,,,,,,,,,,,,,,,,,,3.836987,On,Connected,-65.000000,2462,65,,,,IWLAN
333,1,,,-121.9314830,47.5244923,2026-01-22 22:04:56.000,_20260122_135959_CH01_TMO_5GNR_WFC_MO-DUT-1_TC-151.dml,,,,,,,,,,NR SA,,,,,,,,,,,,,,,,,,,594,,,On,Connected,-65.000000,2462,65,,,,IWLAN
334,1,,,-121.9314830,47.5244923,2026-01-22 22:04:56.678,_20260122_135959_CH01_TMO_5GNR_WFC_MO-DUT-1_TC-151.dml,,,,,,,,,,,,,,,,,,,,,,,,,,,,,,-67.388333,,,,,,,,,,
335,1,,,-121.9314830,47.5244923,2026-01-22 22:04:57.000,_20260122_135959_CH01_TMO_5GNR_WFC_MO-DUT-1_TC-151.dml,,,,,,,,,,NR SA,,,,,,,,,,,,,,,,,,,,,,On,Connected,-65.000000,2462,65,,,,IWLAN
336,1,,,-121.9314830,47.5244923,2026-01-22 22:04:58.000,_20260122_135959_CH01_TMO_5GNR_WFC_MO-DUT-1_TC-151.dml,,,,,,,,,,NR SA,,,,,,,,,,,,,,,,,,,594,,,On,Connected,-64.000000,2462,44,,,,IWLAN
337,1,,,-121.9314830,47.5244923,2026-01-22 22:04:59.000,_20260122_135959_CH01_TMO_5GNR_WFC_MO-DUT-1_TC-151.dml,,,,,,,,,,NR SA,,,,,,,,,,,,,,,,,,,,,,On,Connected,-64.000000,2462,44,,,,IWLAN
338,1,,,-121.9314830,47.5244923,2026-01-22 22:05:00.000,_20260122_135959_CH01_TMO_5GNR_WFC_MO-DUT-1_TC-151.dml,,,,,,,,,,NR SA,,,,,,,,,,,,,,,,,,,594,,,On,Connected,-64.000000,2462,44,,,,IWLAN
339,1,,,-121.9314830,47.5244923,2026-01-22 22:05:01.000,_20260122_135959_CH01_TMO_5GNR_WFC_MO-DUT-1_TC-151.dml,,,,,,,,,,NR SA,,,,,,,,,,,,,,,,,,,594,,,On,Connected,-65.000000,2462,32,,,,IWLAN
340,1,,,-121.9314830,47.5244923,2026-01-22 22:05:02.000,_20260122_135959_CH01_TMO_5GNR_WFC_MO-DUT-1_TC-151.dml,,,,,,,,,,NR SA,,,,,,,,,,,,,,,,,,,594,,,On,Connected,-65.000000,2462,32,,,,IWLAN
341,1,,,-121.9314830,47.5244923,2026-01-22 22:05:03.000,_20260122_135959_CH01_TMO_5GNR_WFC_MO-DUT-1_TC-151.dml,,,,,,,,,,NR SA,,,,,,,,,,,,,,,,,,,594,,,On,Connected,-65.000000,2462,32,,,,IWLAN
342,1,,,-121.9314830,47.5244923,2026-01-22 22:05:04.000,_20260122_135959_CH01_TMO_5GNR_WFC_MO-DUT-1_TC-151.dml,,,,,,,,,,NR SA,,,,,,,,,,,,,,,,,,,594,,,On,Connected,-66.000000,2462,48,,,,IWLAN
343,1,,,-121.9314830,47.5244923,2026-01-22 22:05:05.000,_20260122_135959_CH01_TMO_5GNR_WFC_MO-DUT-1_TC-151.dml,,,,,,,,,,NR SA,,,,,,,,,,,,,,,,,,,594,,,On,Connected,-66.000000,2462,48,,,,
344,1,,,-121.9314830,47.5244923,2026-01-22 22:05:06.000,_20260122_135959_CH01_TMO_5GNR_WFC_MO-DUT-1_TC-151.dml,,,,,,,,,,NR SA,,,,,,,,,,,,,,,,,,,594,,,On,Connected,-66.000000,2462,48,,,,IWLAN
345,1,,,-121.9314830,47.5244923,2026-01-22 22:05:07.000,_20260122_135959_CH01_TMO_5GNR_WFC_MO-DUT-1_TC-151.dml,,,,,,,,,,NR SA,,,,,,,,,,,,,,,,,,,594,,3.620894,On,Connected,-65.000000,2462,28,,,,IWLAN
346,1,,,-121.9314830,47.5244923,2026-01-22 22:05:08.000,_20260122_135959_CH01_TMO_5GNR_WFC_MO-DUT-1_TC-151.dml,,,,,,,,,,NR SA,,,,,,,,,,,,,,,,,,,594,,3.620894,On,Connected,-65.000000,2462,28,,,,IWLAN
347,1,,,-121.9314830,47.5244923,2026-01-22 22:05:09.000,_20260122_135959_CH01_TMO_5GNR_WFC_MO-DUT-1_TC-151.dml,,,,,,,,,,NR SA,,,,,,,,,,,,,,,,,,,594,,3.620894,On,Connected,-65.000000,2462,28,,,,IWLAN
348,1,,,-121.9314830,47.5244923,2026-01-22 22:05:10.000,_20260122_135959_CH01_TMO_5GNR_WFC_MO-DUT-1_TC-151.dml,,,,,,,,,,NR SA,,,,,,,,,,,,,,,,,,,594,,3.620894,On,Connected,-65.000000,2462,32,,,,IWLAN
349,1,,,-121.9314830,47.5244923,2026-01-22 22:05:11.000,_20260122_135959_CH01_TMO_5GNR_WFC_MO-DUT-1_TC-151.dml,,,,,,,,,,NR SA,,,,,,,,,,,,,,,,,,,594,,3.620894,On,Connected,-65.000000,2462,32,,,,IWLAN
350,1,,,-121.9314830,47.5244923,2026-01-22 22:05:12.000,_20260122_135959_CH01_TMO_5GNR_WFC_MO-DUT-1_TC-151.dml,,,,,,,,,,NR SA,,,,,,,,,,,,,,,,,,,594,,3.620894,On,Connected,-65.000000,2462,32,,,,IWLAN
351,1,,,-121.9314830,47.5244923,2026-01-22 22:05:13.000,_20260122_135959_CH01_TMO_5GNR_WFC_MO-DUT-1_TC-151.dml,,,,,,,,,,NR SA,,,,,,,,,,,,,,,,,,,594,,3.620894,On,Connected,-65.000000,2462,32,,,,IWLAN
352,1,,,-121.9314830,47.5244923,2026-01-22 22:05:14.000,_20260122_135959_CH01_TMO_5GNR_WFC_MO-DUT-1_TC-151.dml,,,,,,,,,,NR SA,,,,,,,,,,,,,,,,,,,594,,3.620894,On,Connected,-65.000000,2462,32,,,,IWLAN
353,1,,,-121.9314830,47.5244923,2026-01-22 22:05:15.000,_20260122_135959_CH01_TMO_5GNR_WFC_MO-DUT-1_TC-151.dml,,,,,,,,,,NR SA,,,,,,,,,,,,,,,,,,,594,,3.620894,On,Connected,-65.000000,2462,32,,,,IWLAN
354,1,,,-121.9314830,47.5244923,2026-01-22 22:05:16.000,_20260122_135959_CH01_TMO_5GNR_WFC_MO-DUT-1_TC-151.dml,,,,,,,,,,NR SA,,,,,,,,,,,,,,,,,,,594,,,On,Connected,-65.000000,2462,44,,,,IWLAN
355,1,,,-121.9314830,47.5244923,2026-01-22 22:05:16.755,_20260122_135959_CH01_TMO_5GNR_WFC_MO-DUT-1_TC-151.dml,,,,,,,,,,,,,,,,,,,,,,,,,,,,,,-68.260476,,,,,,,,,,
356,1,,,-121.9314830,47.5244923,2026-01-22 22:05:17.000,_20260122_135959_CH01_TMO_5GNR_WFC_MO-DUT-1_TC-151.dml,,,,,,,,,,NR SA,,,,,,,,,,,,,,,,,,,594,,,On,Connected,-65.000000,2462,44,,,,IWLAN
357,1,,,-121.9314830,47.5244923,2026-01-22 22:05:18.000,_20260122_135959_CH01_TMO_5GNR_WFC_MO-DUT-1_TC-151.dml,,,,,,,,,,NR SA,,,,,,,,,,,,,,,,,,,594,,,On,Connected,-65.000000,2462,44,,,,IWLAN
358,1,,,-121.9314830,47.5244923,2026-01-22 22:05:19.000,_20260122_135959_CH01_TMO_5GNR_WFC_MO-DUT-1_TC-151.dml,,,,,,,,,,NR SA,,,,,,,,,,,,,,,,,,,594,,,On,Connected,-65.000000,2462,58,,,,IWLAN
359,1,,,-121.9314830,47.5244923,2026-01-22 22:05:20.000,_20260122_135959_CH01_TMO_5GNR_WFC_MO-DUT-1_TC-151.dml,,,,,,,,,,NR SA,,,,,,,,,,,,,,,,,,,594,,,On,Connected,-65.000000,2462,58,,,,IWLAN
360,1,,,-121.9314830,47.5244923,2026-01-22 22:05:21.000,_20260122_135959_CH01_TMO_5GNR_WFC_MO-DUT-1_TC-151.dml,,,,,,,,,,NR SA,,,,,,,,,,,,,,,,,,,594,,,On,Connected,-65.000000,2462,58,,,,IWLAN
361,1,,,-121.9314830,47.5244923,2026-01-22 22:05:22.000,_20260122_135959_CH01_TMO_5GNR_WFC_MO-DUT-1_TC-151.dml,,,,,,,,,,NR SA,,,,,,,,,,,,,,,,,,,594,,,On,Connected,-65.000000,2462,49,,,,
362,1,,,-121.9314830,47.5244923,2026-01-22 22:05:23.000,_20260122_135959_CH01_TMO_5GNR_WFC_MO-DUT-1_TC-151.dml,,,,,,,,,,NR SA,,,,,,,,,,,,,,,,,,,594,,,On,Connected,-65.000000,2462,49,,,,IWLAN
363,1,,,-121.9314830,47.5244923,2026-01-22 22:05:24.000,_20260122_135959_CH01_TMO_5GNR_WFC_MO-DUT-1_TC-151.dml,,,,,,,,,,NR SA,,,,,,,,,,,,,,,,,,,594,,,On,Connected,-65.000000,2462,49,,,,IWLAN
364,1,,,-121.9314830,47.5244923,2026-01-22 22:05:25.000,_20260122_135959_CH01_TMO_5GNR_WFC_MO-DUT-1_TC-151.dml,,,,,,,,,,NR SA,,,,,,,,,,,,,,,,,,,594,,,On,Connected,-66.000000,2462,65,,,,IWLAN
365,1,,,-121.9314830,47.5244923,2026-01-22 22:05:26.000,_20260122_135959_CH01_TMO_5GNR_WFC_MO-DUT-1_TC-151.dml,,,,,,,,,,NR SA,,,,,,,,,,,,,,,,,,,594,,3.496212,On,Connected,-66.000000,2462,65,,,,IWLAN
366,1,,,-121.9314830,47.5244923,2026-01-22 22:05:27.000,_20260122_135959_CH01_TMO_5GNR_WFC_MO-DUT-1_TC-151.dml,,,,,,,,,,NR SA,,,,,,,,,,,,,,,,,,,594,,3.496212,On,Connected,-66.000000,2462,65,,,,IWLAN
367,1,,,-121.9314830,47.5244923,2026-01-22 22:05:28.000,_20260122_135959_CH01_TMO_5GNR_WFC_MO-DUT-1_TC-151.dml,,,,,,,,,,NR SA,,,,,,,,,,,,,,,,,,,594,,3.496212,On,Connected,-65.000000,2462,49,,,,IWLAN
368,1,,,-121.9314830,47.5244923,2026-01-22 22:05:29.000,_20260122_135959_CH01_TMO_5GNR_WFC_MO-DUT-1_TC-151.dml,,,,,,,,,,NR SA,,,,,,,,,,,,,,,,,,,594,,3.496212,On,Connected,-65.000000,2462,49,,,,
369,1,,,-121.9314830,47.5244923,2026-01-22 22:05:30.000,_20260122_135959_CH01_TMO_5GNR_WFC_MO-DUT-1_TC-151.dml,,,,,,,,,,NR SA,,,,,,,,,,,,,,,,,,,594,,3.496212,On,Connected,-65.000000,2462,49,,,,IWLAN
370,1,,,-121.9314830,47.5244923,2026-01-22 22:05:31.000,_20260122_135959_CH01_TMO_5GNR_WFC_MO-DUT-1_TC-151.dml,,,,,,,,,,NR SA,,,,,,,,,,,,,,,,,,,594,,3.496212,On,Connected,-65.000000,2462,49,,,,IWLAN
371,1,,,-121.9314830,47.5244923,2026-01-22 22:05:32.000,_20260122_135959_CH01_TMO_5GNR_WFC_MO-DUT-1_TC-151.dml,,,,,,,,,,NR SA,,,,,,,,,,,,,,,,,,,594,,3.496212,On,Connected,-65.000000,2462,49,,,,IWLAN
372,1,,,-121.9314830,47.5244923,2026-01-22 22:05:33.000,_20260122_135959_CH01_TMO_5GNR_WFC_MO-DUT-1_TC-151.dml,,,,,,,,,,NR SA,,,,,,,,,,,,,,,,,,,594,,3.496212,On,Connected,-65.000000,2462,49,,,,IWLAN
373,1,,,-121.9314830,47.5244923,2026-01-22 22:05:34.000,_20260122_135959_CH01_TMO_5GNR_WFC_MO-DUT-1_TC-151.dml,,,,,,,,,,NR SA,,,,,,,,,,,,,,,,,,,594,,3.496212,On,Connected,-65.000000,2462,48,,,,IWLAN
374,1,,,-121.9314830,47.5244923,2026-01-22 22:05:35.000,_20260122_135959_CH01_TMO_5GNR_WFC_MO-DUT-1_TC-151.dml,,,,,,,,,,NR SA,,,,,,,,,,,,,,,,,,,594,,3.496212,On,Connected,-65.000000,2462,48,,,,IWLAN
375,1,,,-121.9314830,47.5244923,2026-01-22 22:05:36.000,_20260122_135959_CH01_TMO_5GNR_WFC_MO-DUT-1_TC-151.dml,,,,,,,,,,NR SA,,,,,,,,,,,,,,,,,,,594,,,On,Connected,-65.000000,2462,48,,,,
376,1,,,-121.9314830,47.5244923,2026-01-22 22:05:36.661,_20260122_135959_CH01_TMO_5GNR_WFC_MO-DUT-1_TC-151.dml,,,,,,,,,,,,,,,,,,,,,,,,,,,,,,-68.937326,,,,,,,,,,
377,1,,,-121.9314830,47.5244923,2026-01-22 22:05:37.000,_20260122_135959_CH01_TMO_5GNR_WFC_MO-DUT-1_TC-151.dml,,,,,,,,,,NR SA,,,,,,,,,,,,,,,,,,,594,,,On,Connected,-65.000000,2462,48,,,,IWLAN
378,1,,,-121.9314830,47.5244923,2026-01-22 22:05:38.000,_20260122_135959_CH01_TMO_5GNR_WFC_MO-DUT-1_TC-151.dml,,,,,,,,,,NR SA,,,,,,,,,,,,,,,,,,,594,,,On,Connected,-65.000000,2462,48,,,,
379,1,,,-121.9314830,47.5244923,2026-01-22 22:05:39.000,_20260122_135959_CH01_TMO_5GNR_WFC_MO-DUT-1_TC-151.dml,,,,,,,,,,NR SA,,,,,,,,,,,,,,,,,,,594,,,On,Connected,-65.000000,2462,48,,,,IWLAN
380,1,,,-121.9314830,47.5244923,2026-01-22 22:05:40.000,_20260122_135959_CH01_TMO_5GNR_WFC_MO-DUT-1_TC-151.dml,,,,,,,,,,NR SA,,,,,,,,,,,,,,,,,,,594,,,On,Connected,-64.000000,2462,32,,,,IWLAN
381,1,,,-121.9314830,47.5244923,2026-01-22 22:05:41.000,_20260122_135959_CH01_TMO_5GNR_WFC_MO-DUT-1_TC-151.dml,,,,,,,,,,NR SA,,,,,,,,,,,,,,,,,,,594,,,On,Connected,-64.000000,2462,32,,,,IWLAN
382,1,,,-121.9314830,47.5244923,2026-01-22 22:05:42.000,_20260122_135959_CH01_TMO_5GNR_WFC_MO-DUT-1_TC-151.dml,,,,,,,,,,NR SA,,,,,,,,,,,,,,,,,,,594,,,On,Connected,-64.000000,2462,32,,,,IWLAN
383,1,,,-121.9314830,47.5244923,2026-01-22 22:05:43.000,_20260122_135959_CH01_TMO_5GNR_WFC_MO-DUT-1_TC-151.dml,,,,,,,,,,NR SA,,,,,,,,,,,,,,,,,,,594,,,On,Connected,-65.000000,2462,44,,,,IWLAN
384,1,,,-121.9314830,47.5244923,2026-01-22 22:05:44.000,_20260122_135959_CH01_TMO_5GNR_WFC_MO-DUT-1_TC-151.dml,,,,,,,,,,NR SA,,,,,,,,,,,,,,,,,,,594,,,On,Connected,-65.000000,2462,44,,,,IWLAN
385,1,,,-121.9314830,47.5244923,2026-01-22 22:05:45.000,_20260122_135959_CH01_TMO_5GNR_WFC_MO-DUT-1_TC-151.dml,,,,,,,,,,NR SA,,,,,,,,,,,,,,,,,,,594,,,On,Connected,-65.000000,2462,44,,,,
386,1,,,-121.9314830,47.5244923,2026-01-22 22:05:46.000,_20260122_135959_CH01_TMO_5GNR_WFC_MO-DUT-1_TC-151.dml,,,,,,,,,,NR SA,,,,,,,,,,,,,,,,,,,594,,3.856424,On,Connected,-64.000000,2462,32,,,,IWLAN
387,1,,,-121.9314830,47.5244923,2026-01-22 22:05:47.000,_20260122_135959_CH01_TMO_5GNR_WFC_MO-DUT-1_TC-151.dml,,,,,,,,,,NR SA,,,,,,,,,,,,,,,,,,,594,,3.856424,On,Connected,-64.000000,2462,32,,,,IWLAN
388,1,,,-121.9314830,47.5244923,2026-01-22 22:05:48.000,_20260122_135959_CH01_TMO_5GNR_WFC_MO-DUT-1_TC-151.dml,,,,,,,,,,NR SA,,,,,,,,,,,,,,,,,,,594,,3.856424,On,Connected,-64.000000,2462,32,,,,IWLAN
389,1,,,-121.9314830,47.5244923,2026-01-22 22:05:49.000,_20260122_135959_CH01_TMO_5GNR_WFC_MO-DUT-1_TC-151.dml,,,,,,,,,,NR SA,,,,,,,,,,,,,,,,,,,594,,3.856424,On,Connected,-65.000000,2462,48,,,,IWLAN
390,1,,,-121.9314830,47.5244923,2026-01-22 22:05:50.000,_20260122_135959_CH01_TMO_5GNR_WFC_MO-DUT-1_TC-151.dml,,,,,,,,,,NR SA,,,,,,,,,,,,,,,,,,,594,,3.856424,On,Connected,-65.000000,2462,48,,,,
391,1,,,-121.9314830,47.5244923,2026-01-22 22:05:51.000,_20260122_135959_CH01_TMO_5GNR_WFC_MO-DUT-1_TC-151.dml,,,,,,,,,,NR SA,,,,,,,,,,,,,,,,,,,594,,3.856424,On,Connected,-65.000000,2462,48,,,,IWLAN
392,1,,,-121.9314830,47.5244923,2026-01-22 22:05:52.000,_20260122_135959_CH01_TMO_5GNR_WFC_MO-DUT-1_TC-151.dml,,,,,,,,,,NR SA,,,,,,,,,,,,,,,,,,,594,,3.856424,On,Connected,-64.000000,2462,48,,,,IWLAN
393,1,,,-121.9314830,47.5244923,2026-01-22 22:05:53.000,_20260122_135959_CH01_TMO_5GNR_WFC_MO-DUT-1_TC-151.dml,,,,,,,,,,NR SA,,,,,,,,,,,,,,,,,,,594,,3.856424,On,Connected,-64.000000,2462,48,,,,
394,1,,,-121.9314830,47.5244923,2026-01-22 22:05:54.000,_20260122_135959_CH01_TMO_5GNR_WFC_MO-DUT-1_TC-151.dml,,,,,,,,,,NR SA,,,,,,,,,,,,,,,,,,,594,,3.856424,On,Connected,-64.000000,2462,48,,,,IWLAN
395,1,,,-121.9314830,47.5244923,2026-01-22 22:05:55.000,_20260122_135959_CH01_TMO_5GNR_WFC_MO-DUT-1_TC-151.dml,,,,,,,,,,NR SA,,,,,,,,,,,,,,,,,,,594,,3.856424,On,Connected,-65.000000,2462,32,,,,IWLAN
396,1,,,-121.9314830,47.5244923,2026-01-22 22:05:56.000,_20260122_135959_CH01_TMO_5GNR_WFC_MO-DUT-1_TC-151.dml,,,,,,,,,,NR SA,,,,,,,,,,,,,,,,,,,594,,3.856424,On,Connected,-65.000000,2462,32,,,,
397,1,,,-121.9314830,47.5244923,2026-01-22 22:05:56.317,_20260122_135959_CH01_TMO_5GNR_WFC_MO-DUT-1_TC-151.dml,,,,,,,,,,,,,,,,,,,,,,,[Tool] Voice - Release Call Request,,,,,,,,,,,,,,,,,
398,1,,,-121.9314830,47.5244923,2026-01-22 22:05:56.661,_20260122_135959_CH01_TMO_5GNR_WFC_MO-DUT-1_TC-151.dml,,,,,,,,,,,,,,,,,,,,,,,,,,,,,,-68.468256,,,,,,,,,,
399,1,,,-121.9314830,47.5244923,2026-01-22 22:05:56.818,_20260122_135959_CH01_TMO_5GNR_WFC_MO-DUT-1_TC-151.dml,,,,,,,,,,,,,,,,,,,,,,Complete,[Tool] Voice - Call Result : Complete,,,,,,,,,,,,,,,,,
400,1,,,-121.9314830,47.5244923,2026-01-22 22:05:56.818,_20260122_135959_CH01_TMO_5GNR_WFC_MO-DUT-1_TC-151.dml,,,,,,,,,,,,,,,,,,,,,,,[UE]   Voice - Release Call Success,,,,,,,,,,,,,,,,,
401,1,,,-121.9314830,47.5244923,2026-01-22 22:05:57.000,_20260122_135959_CH01_TMO_5GNR_WFC_MO-DUT-1_TC-151.dml,,,,,,,,,,,,,,,,,,,,,,,,1,,,,,594,,,On,Connected,-65.000000,2462,32,,,,IWLAN
402,1,,,-121.9314830,47.5244923,2026-01-22 22:05:57.755,_20260122_135959_CH01_TMO_5GNR_WFC_MO-DUT-1_TC-151.dml,,,,,,,,,,,,,,,,,,,,,,,[UE]   Voice - Release Call Success,,,,,,,,,,,,,,,,,
403,1,,,-121.9314830,47.5244923,2026-01-22 22:05:58.000,_20260122_135959_CH01_TMO_5GNR_WFC_MO-DUT-1_TC-151.dml,,,,,,,,,,,,,,,,,,,,,,,,,,,,,594,,,On,Connected,-65.000000,2462,44,,,,
404,1,,,-121.9314830,47.5244923,2026-01-22 22:05:59.000,_20260122_135959_CH01_TMO_5GNR_WFC_MO-DUT-1_TC-151.dml,,,,,,,,,,,,,,,,,,,,,,,,,,,,,594,,,On,Connected,-65.000000,2462,44,,,,IWLAN
405,1,,,-121.9314830,47.5244923,2026-01-22 22:06:00.000,_20260122_135959_CH01_TMO_5GNR_WFC_MO-DUT-1_TC-151.dml,,,,,,,,,,,,,,,,,,,,,,,,,,,,,594,,,On,Connected,-65.000000,2462,44,,,,IWLAN
406,1,,,-121.9314830,47.5244923,2026-01-22 22:06:01.000,_20260122_135959_CH01_TMO_5GNR_WFC_MO-DUT-1_TC-151.dml,,,,,,,,,,,,,,,,,,,,,,,,,,,,,594,,,On,Connected,-60.000000,2462,44,,,,IWLAN
407,1,,,-121.9314830,47.5244923,2026-01-22 22:06:02.000,_20260122_135959_CH01_TMO_5GNR_WFC_MO-DUT-1_TC-151.dml,,,,,,,,,,,,,,,,,,,,,,,,,,,,,594,,,On,Connected,-60.000000,2462,44,,,,
408,1,,,-121.9314830,47.5244923,2026-01-22 22:06:03.000,_20260122_135959_CH01_TMO_5GNR_WFC_MO-DUT-1_TC-151.dml,,,,,,,,,,,,,,,,,,,,,,,,,,,,,594,,,On,Connected,-60.000000,2462,44,,,,IWLAN
409,1,,,-121.9314830,47.5244923,2026-01-22 22:06:04.000,_20260122_135959_CH01_TMO_5GNR_WFC_MO-DUT-1_TC-151.dml,,,,,,,,,,,,,,,,,,,,,,,,,,,,,594,,,On,Connected,-58.000000,2462,44,,,,IWLAN
410,1,,,-121.9314830,47.5244923,2026-01-22 22:06:05.000,_20260122_135959_CH01_TMO_5GNR_WFC_MO-DUT-1_TC-151.dml,,,,,,,,,,,,,,,,,,,,,,,,,,,,,594,,,On,Connected,-58.000000,2462,44,,,,IWLAN
411,1,,,-121.9314830,47.5244923,2026-01-22 22:06:06.000,_20260122_135959_CH01_TMO_5GNR_WFC_MO-DUT-1_TC-151.dml,,,,,,,,,,,,,,,,,,,,,,,,,,,,,594,,,On,Connected,-58.000000,2462,44,,,,IWLAN
412,1,,,-121.9314830,47.5244923,2026-01-22 22:06:07.000,_20260122_135959_CH01_TMO_5GNR_WFC_MO-DUT-1_TC-151.dml,,,,,,,,,,,,,,,,,,,,,,,,,,,,,594,,,On,Connected,-57.000000,2462,44,,,,IWLAN
413,1,,,-121.9314830,47.5244923,2026-01-22 22:06:08.000,_20260122_135959_CH01_TMO_5GNR_WFC_MO-DUT-1_TC-151.dml,,,,,,,,,,,,,,,,,,,,,,,,,,,,,594,,,On,Connected,-57.000000,2462,44,,,,IWLAN
414,1,,,-121.9314830,47.5244923,2026-01-22 22:06:09.000,_20260122_135959_CH01_TMO_5GNR_WFC_MO-DUT-1_TC-151.dml,,,,,,,,,,,,,,,,,,,,,,,,,,,,,594,,,On,Connected,-57.000000,2462,44,,,,IWLAN
415,1,,,-121.9314830,47.5244923,2026-01-22 22:06:10.000,_20260122_135959_CH01_TMO_5GNR_WFC_MO-DUT-1_TC-151.dml,,,,,,,,,,,,,,,,,,,,,,,,,,,,,594,,,On,Connected,-57.000000,2462,58,,,,IWLAN
416,1,,,-121.9314830,47.5244923,2026-01-22 22:06:11.000,_20260122_135959_CH01_TMO_5GNR_WFC_MO-DUT-1_TC-151.dml,,,,,,,,,,,,,,,,,,,,,,,,,,,,,594,,,On,Connected,-57.000000,2462,58,,,,IWLAN
417,1,,,-121.9314830,47.5244923,2026-01-22 22:06:12.000,_20260122_135959_CH01_TMO_5GNR_WFC_MO-DUT-1_TC-151.dml,,,,,,,,,,,,,,,,,,,,,,,,,,,,,594,,,On,Connected,-57.000000,2462,58,,,,IWLAN
418,1,,,-121.9314830,47.5244923,2026-01-22 22:06:13.000,_20260122_135959_CH01_TMO_5GNR_WFC_MO-DUT-1_TC-151.dml,,,,,,,,,,,,,,,,,,,,,,,,,,,,,594,,,On,Connected,-58.000000,2462,48,,,,IWLAN
419,1,,,-121.9314830,47.5244923,2026-01-22 22:06:14.000,_20260122_135959_CH01_TMO_5GNR_WFC_MO-DUT-1_TC-151.dml,,,,,,,,,,,,,,,,,,,,,,,,,,,,,594,,,On,Connected,-58.000000,2462,48,,,,IWLAN
420,1,,,-121.9314830,47.5244923,2026-01-22 22:06:15.000,_20260122_135959_CH01_TMO_5GNR_WFC_MO-DUT-1_TC-151.dml,,,,,,,,,,,,,,,,,,,,,,,,,,,,,594,,,On,Connected,-58.000000,2462,48,,,,IWLAN
421,1,,,-121.9314830,47.5244923,2026-01-22 22:06:16.000,_20260122_135959_CH01_TMO_5GNR_WFC_MO-DUT-1_TC-151.dml,,,,,,,,,,,,,,,,,,,,,,,,,,,,,594,,,On,Connected,-57.000000,2462,44,,,,IWLAN
422,1,,,-121.9314830,47.5244923,2026-01-22 22:06:17.000,_20260122_135959_CH01_TMO_5GNR_WFC_MO-DUT-1_TC-151.dml,,,,,,,,,,,,,,,,,,,,,,,,,,,,,594,,,On,Connected,-57.000000,2462,44,,,,IWLAN
423,1,,,-121.9314830,47.5244923,2026-01-22 22:06:18.000,_20260122_135959_CH01_TMO_5GNR_WFC_MO-DUT-1_TC-151.dml,,,,,,,,,,,,,,,,,,,,,,,,,,,,,594,,,On,Connected,-57.000000,2462,44,,,,IWLAN
424,1,,,-121.9314830,47.5244923,2026-01-22 22:06:19.000,_20260122_135959_CH01_TMO_5GNR_WFC_MO-DUT-1_TC-151.dml,,,,,,,,,,,,,,,,,,,,,,,,,,,,,594,,,On,Connected,-58.000000,2462,48,,,,IWLAN
425,1,,,-121.9314830,47.5244923,2026-01-22 22:06:20.000,_20260122_135959_CH01_TMO_5GNR_WFC_MO-DUT-1_TC-151.dml,,,,,,,,,,,,,,,,,,,,,,,,,,,,,594,,,On,Connected,-58.000000,2462,48,,,,IWLAN
426,1,,,-121.9314830,47.5244923,2026-01-22 22:06:21.000,_20260122_135959_CH01_TMO_5GNR_WFC_MO-DUT-1_TC-151.dml,,,,,,,,,,,,,,,,,,,,,,,,,,,,,594,,,On,Connected,-58.000000,2462,48,,,,IWLAN
427,1,,,-121.9314830,47.5244923,2026-01-22 22:06:22.000,_20260122_135959_CH01_TMO_5GNR_WFC_MO-DUT-1_TC-151.dml,,,,,,,,,,,,,,,,,,,,,,,,,,,,,594,,,On,Connected,-58.000000,2462,44,,,,IWLAN
428,1,,,-121.9314830,47.5244923,2026-01-22 22:06:23.000,_20260122_135959_CH01_TMO_5GNR_WFC_MO-DUT-1_TC-151.dml,,,,,,,,,,,,,,,,,,,,,,,,,,,,,594,,,On,Connected,-58.000000,2462,44,,,,IWLAN
429,1,,,-121.9314830,47.5244923,2026-01-22 22:06:24.000,_20260122_135959_CH01_TMO_5GNR_WFC_MO-DUT-1_TC-151.dml,,,,,,,,,,,,,,,,,,,,,,,,,,,,,594,,,On,Connected,-58.000000,2462,44,,,,IWLAN
430,1,,,-121.9314830,47.5244923,2026-01-22 22:06:24.411,_20260122_135959_CH01_TMO_5GNR_WFC_MO-DUT-1_TC-151.dml,,,,,,,,,,,,,,,,,,,,,,,[Tool] Voice - Release Call Request,,,,,,,,,,,,,,,,,
431,1,,,-121.9314830,47.5244923,2026-01-22 22:06:25.000,_20260122_135959_CH01_TMO_5GNR_WFC_MO-DUT-1_TC-151.dml,,,,,,,,,,,,,,,,,,,,,,,,,,,,,594,,,On,Connected,-58.000000,2462,58,,,,IWLAN
432,1,,,-121.9314830,47.5244923,2026-01-22 22:06:26.000,_20260122_135959_CH01_TMO_5GNR_WFC_MO-DUT-1_TC-151.dml,,,,,,,,,,,,,,,,,,,,,,,,,,,,,594,,,,Connected,,,,,,,IWLAN
433,1,,,-121.9314830,47.5244923,2026-01-22 22:06:26.957,_20260122_135959_CH01_TMO_5GNR_WFC_MO-DUT-1_TC-151.dml,,,,,,,,,,,,,,,,,,,,,,,[Tool] Voice - Call Scheduling End,,,,,,,,,,,,,,,,,
434,1,,,-121.9314830,47.5244923,2026-01-22 22:06:26.957,_20260122_135959_CH01_TMO_5GNR_WFC_MO-DUT-1_TC-151.dml,NR SA,Voice,Complete,NR SA,NR SA,,,,,,,,,,,,Complete,Origination,Complete,,,,,,,,,90.407000,,,,,,,,,,EPSFB,,
435,1,,,-121.9314830,47.5244923,2026-01-22 22:06:26.957,_20260122_135959_CH01_TMO_5GNR_WFC_MO-DUT-1_TC-151.dml,,,,,,,,,,,,,,,,,,,,,,,[Tool] Voice - Release Call Request,,,,,,,,,,,,,,,,,
436,1,,,-121.9314830,47.5244923,2026-01-22 22:06:27.000,_20260122_135959_CH01_TMO_5GNR_WFC_MO-DUT-1_TC-151.dml,,,,,,,,,,,,,,,,,,,,,,,,,,,,,594,,,On,Connected,-58.000000,2462,58,,,,IWLAN
437,1,,,-121.9314830,47.5244923,2026-01-22 22:06:27.474,_20260122_135959_CH01_TMO_5GNR_WFC_MO-DUT-1_TC-151.dml,,,,,,,,,,,,,,,,,,,,,,,[Tool] Voice - Call Scheduling Start(Orig),,,,,,,,,,,,,,,,,
438,1,,,-121.9314830,47.5244923,2026-01-22 22:06:27.474,_20260122_135959_CH01_TMO_5GNR_WFC_MO-DUT-1_TC-151.dml,,,,,,,,,,,,,,,,,,,,,,,[UE]   Voice - Orig Success,,,,,,,,,,,,,,,,,
439,1,,,-121.9314830,47.5244923,2026-01-22 22:06:27.489,_20260122_135959_CH01_TMO_5GNR_WFC_MO-DUT-1_TC-151.dml,,,,,,,,,,,,,,,,,,,,,,,[Tool] Voice - Orig Request,,,,,,,,,,,,,,,,,
440,1,,,-121.9314830,47.5244923,2026-01-22 22:06:28.000,_20260122_135959_CH01_TMO_5GNR_WFC_MO-DUT-1_TC-151.dml,,,,,,,,,,,,,,,,,,,,,,,,,,,,,594,,,On,Connected,-58.000000,2462,44,,,,IWLAN
441,1,,,-121.9314830,47.5244923,2026-01-22 22:06:29.000,_20260122_135959_CH01_TMO_5GNR_WFC_MO-DUT-1_TC-151.dml,,,,,,,,,,,,,,,,,,,,,,,,,,,,,594,,,On,Connected,-58.000000,2462,44,,,,IWLAN
442,1,,,-121.9314830,47.5244923,2026-01-22 22:06:30.000,_20260122_135959_CH01_TMO_5GNR_WFC_MO-DUT-1_TC-151.dml,,,,,,,,,,,,,,,,,,,,,,,,,,,,,594,,,On,Connected,-58.000000,2462,44,,,,IWLAN
443,1,,,-121.9314830,47.5244923,2026-01-22 22:06:30.739,_20260122_135959_CH01_TMO_5GNR_WFC_MO-DUT-1_TC-151.dml,,,,,,,,,,,,,,,,,,,,,,,[UE]   Voice - Setup Success,,,,,,,,,,,,,,,,,
444,1,,,-121.9314830,47.5244923,2026-01-22 22:06:31.000,_20260122_135959_CH01_TMO_5GNR_WFC_MO-DUT-1_TC-151.dml,,,,,,,,,,NR SA,,,,,,,,,,,,,,,,,,,594,,3.673470,On,Connected,-58.000000,2462,44,,,,IWLAN
445,1,,,-121.9314830,47.5244923,2026-01-22 22:06:32.000,_20260122_135959_CH01_TMO_5GNR_WFC_MO-DUT-1_TC-151.dml,,,,,,,,,,NR SA,,,,,,,,,,,,,,,,,,,594,,3.673470,On,Connected,-58.000000,2462,44,,,,IWLAN
446,1,,,-121.9314830,47.5244923,2026-01-22 22:06:33.000,_20260122_135959_CH01_TMO_5GNR_WFC_MO-DUT-1_TC-151.dml,,,,,,,,,,NR SA,,,,,,,,,,,,,,,,,,,594,,3.673470,On,Connected,-58.000000,2462,44,,,,IWLAN
447,1,,,-121.9314830,47.5244923,2026-01-22 22:06:34.000,_20260122_135959_CH01_TMO_5GNR_WFC_MO-DUT-1_TC-151.dml,,,,,,,,,,NR SA,,,,,,,,,,,,,,,,,,,594,,3.673470,On,Connected,-62.000000,2462,32,,,,IWLAN
448,1,,,-121.9314830,47.5244923,2026-01-22 22:06:35.000,_20260122_135959_CH01_TMO_5GNR_WFC_MO-DUT-1_TC-151.dml,,,,,,,,,,NR SA,,,,,,,,,,,,,,,,,,,594,,3.673470,,Connected,,,,,,,IWLAN
449,1,,,-121.9314830,47.5244923,2026-01-22 22:06:36.000,_20260122_135959_CH01_TMO_5GNR_WFC_MO-DUT-1_TC-151.dml,,,,,,,,,,NR SA,,,,,,,,,,,,,,,,,,,594,,3.673470,On,Connected,-62.000000,2462,32,,,,IWLAN
450,1,,,-121.9314830,47.5244923,2026-01-22 22:06:37.000,_20260122_135959_CH01_TMO_5GNR_WFC_MO-DUT-1_TC-151.dml,,,,,,,,,,NR SA,,,,,,,,,,,,,,,,,,,594,,3.673470,On,Connected,-64.000000,2462,49,,,,IWLAN
451,1,,,-121.9314830,47.5244923,2026-01-22 22:06:38.000,_20260122_135959_CH01_TMO_5GNR_WFC_MO-DUT-1_TC-151.dml,,,,,,,,,,NR SA,,,,,,,,,,,,,,,,,,,594,,3.673470,On,Connected,-64.000000,2462,49,,,,IWLAN
452,1,,,-121.9314830,47.5244923,2026-01-22 22:06:39.000,_20260122_135959_CH01_TMO_5GNR_WFC_MO-DUT-1_TC-151.dml,,,,,,,,,,NR SA,,,,,,,,,,,,,,,,,,,594,,3.673470,On,Connected,-64.000000,2462,49,,,,IWLAN
453,1,,,-121.9314830,47.5244923,2026-01-22 22:06:40.000,_20260122_135959_CH01_TMO_5GNR_WFC_MO-DUT-1_TC-151.dml,,,,,,,,,,NR SA,,,,,,,,,,,,,,,,,,,594,,3.673470,On,Connected,-64.000000,2462,65,,,,IWLAN
454,1,,,-121.9314830,47.5244923,2026-01-22 22:06:41.000,_20260122_135959_CH01_TMO_5GNR_WFC_MO-DUT-1_TC-151.dml,,,,,,,,,,NR SA,,,,,,,,,,,,,,,,,,,594,,,On,Connected,-64.000000,2462,65,,,,IWLAN
455,1,,,-121.9314830,47.5244923,2026-01-22 22:06:41.958,_20260122_135959_CH01_TMO_5GNR_WFC_MO-DUT-1_TC-151.dml,,,,,,,,,,,,,,,,,,,,,,,,,,,,,,-67.772111,,,,,,,,,,
456,1,,,-121.9314830,47.5244923,2026-01-22 22:06:42.000,_20260122_135959_CH01_TMO_5GNR_WFC_MO-DUT-1_TC-151.dml,,,,,,,,,,NR SA,,,,,,,,,,,,,,,,,,,594,,,,Connected,,,,,,,IWLAN
457,1,,,-121.9314830,47.5244923,2026-01-22 22:06:43.000,_20260122_135959_CH01_TMO_5GNR_WFC_MO-DUT-1_TC-151.dml,,,,,,,,,,NR SA,,,,,,,,,,,,,,,,,,,594,,,On,Connected,-63.500000,2462,49,,,,IWLAN
458,1,,,-121.9314830,47.5244923,2026-01-22 22:06:44.000,_20260122_135959_CH01_TMO_5GNR_WFC_MO-DUT-1_TC-151.dml,,,,,,,,,,NR SA,,,,,,,,,,,,,,,,,,,594,,,On,Connected,-63.000000,2462,49,,,,IWLAN
459,1,,,-121.9314830,47.5244923,2026-01-22 22:06:45.000,_20260122_135959_CH01_TMO_5GNR_WFC_MO-DUT-1_TC-151.dml,,,,,,,,,,NR SA,,,,,,,,,,,,,,,,,,,594,,,On,Connected,-63.000000,2462,49,,,,IWLAN
460,1,,,-121.9314830,47.5244923,2026-01-22 22:06:46.000,_20260122_135959_CH01_TMO_5GNR_WFC_MO-DUT-1_TC-151.dml,,,,,,,,,,NR SA,,,,,,,,,,,,,,,,,,,594,,,On,Connected,-63.000000,2462,49,,,,IWLAN
461,1,,,-121.9314830,47.5244923,2026-01-22 22:06:47.000,_20260122_135959_CH01_TMO_5GNR_WFC_MO-DUT-1_TC-151.dml,,,,,,,,,,NR SA,,,,,,,,,,,,,,,,,,,594,,,On,Connected,-63.000000,2462,49,,,,IWLAN
462,1,,,-121.9314830,47.5244923,2026-01-22 22:06:48.000,_20260122_135959_CH01_TMO_5GNR_WFC_MO-DUT-1_TC-151.dml,,,,,,,,,,NR SA,,,,,,,,,,,,,,,,,,,594,,,On,Connected,-63.000000,2462,49,,,,IWLAN
463,1,,,-121.9314830,47.5244923,2026-01-22 22:06:49.000,_20260122_135959_CH01_TMO_5GNR_WFC_MO-DUT-1_TC-151.dml,,,,,,,,,,NR SA,,,,,,,,,,,,,,,,,,,594,,,,Connected,,,,,,,IWLAN
464,1,,,-121.9314830,47.5244923,2026-01-22 22:06:50.000,_20260122_135959_CH01_TMO_5GNR_WFC_MO-DUT-1_TC-151.dml,,,,,,,,,,NR SA,,,,,,,,,,,,,,,,,,,594,,,On,Connected,-63.000000,2462,32,,,,IWLAN
465,1,,,-121.9314830,47.5244923,2026-01-22 22:06:51.000,_20260122_135959_CH01_TMO_5GNR_WFC_MO-DUT-1_TC-151.dml,,,,,,,,,,NR SA,,,,,,,,,,,,,,,,,,,594,,3.505844,On,Connected,-63.000000,2462,32,,,,IWLAN
466,1,,,-121.9314830,47.5244923,2026-01-22 22:06:52.000,_20260122_135959_CH01_TMO_5GNR_WFC_MO-DUT-1_TC-151.dml,,,,,,,,,,NR SA,,,,,,,,,,,,,,,,,,,594,,3.505844,On,Connected,-62.000000,2462,32,,,,IWLAN
467,1,,,-121.9314830,47.5244923,2026-01-22 22:06:53.000,_20260122_135959_CH01_TMO_5GNR_WFC_MO-DUT-1_TC-151.dml,,,,,,,,,,NR SA,,,,,,,,,,,,,,,,,,,594,,3.505844,On,Connected,-62.000000,2462,32,,,,IWLAN
468,1,,,-121.9314830,47.5244923,2026-01-22 22:06:54.000,_20260122_135959_CH01_TMO_5GNR_WFC_MO-DUT-1_TC-151.dml,,,,,,,,,,NR SA,,,,,,,,,,,,,,,,,,,594,,3.505844,On,Connected,-62.000000,2462,32,,,,IWLAN
469,1,,,-121.9314830,47.5244923,2026-01-22 22:06:55.000,_20260122_135959_CH01_TMO_5GNR_WFC_MO-DUT-1_TC-151.dml,,,,,,,,,,NR SA,,,,,,,,,,,,,,,,,,,594,,3.505844,On,Connected,-63.000000,2462,32,,,,IWLAN
470,1,,,-121.9314830,47.5244923,2026-01-22 22:06:56.000,_20260122_135959_CH01_TMO_5GNR_WFC_MO-DUT-1_TC-151.dml,,,,,,,,,,NR SA,,,,,,,,,,,,,,,,,,,594,,3.505844,On,Connected,-63.000000,2462,32,,,,IWLAN
471,1,,,-121.9314830,47.5244923,2026-01-22 22:06:57.000,_20260122_135959_CH01_TMO_5GNR_WFC_MO-DUT-1_TC-151.dml,,,,,,,,,,NR SA,,,,,,,,,,,,,,,,,,,594,,3.505844,On,Connected,-63.000000,2462,32,,,,IWLAN
472,1,,,-121.9314830,47.5244923,2026-01-22 22:06:58.000,_20260122_135959_CH01_TMO_5GNR_WFC_MO-DUT-1_TC-151.dml,,,,,,,,,,NR SA,,,,,,,,,,,,,,,,,,,594,,3.505844,,Connected,,,,,,,IWLAN
473,1,,,-121.9314830,47.5244923,2026-01-22 22:06:59.000,_20260122_135959_CH01_TMO_5GNR_WFC_MO-DUT-1_TC-151.dml,,,,,,,,,,NR SA,,,,,,,,,,,,,,,,,,,594,,3.505844,On,Connected,-64.000000,2462,48,,,,IWLAN
474,1,,,-121.9314830,47.5244923,2026-01-22 22:07:00.000,_20260122_135959_CH01_TMO_5GNR_WFC_MO-DUT-1_TC-151.dml,,,,,,,,,,NR SA,,,,,,,,,,,,,,,,,,,594,,3.505844,On,Connected,-64.000000,2462,48,,,,IWLAN
475,1,,,-121.9314830,47.5244923,2026-01-22 22:07:01.000,_20260122_135959_CH01_TMO_5GNR_WFC_MO-DUT-1_TC-151.dml,,,,,,,,,,NR SA,,,,,,,,,,,,,,,,,,,594,,,On,Connected,-66.000000,2462,32,,,,IWLAN
476,1,,,-121.9314830,47.5244923,2026-01-22 22:07:01.771,_20260122_135959_CH01_TMO_5GNR_WFC_MO-DUT-1_TC-151.dml,,,,,,,,,,,,,,,,,,,,,,,,,,,,,,-66.341778,,,,,,,,,,
477,1,,,-121.9314830,47.5244923,2026-01-22 22:07:02.000,_20260122_135959_CH01_TMO_5GNR_WFC_MO-DUT-1_TC-151.dml,,,,,,,,,,NR SA,,,,,,,,,,,,,,,,,,,594,,,On,Connected,-66.000000,2462,32,,,,IWLAN
478,1,,,-121.9314830,47.5244923,2026-01-22 22:07:03.000,_20260122_135959_CH01_TMO_5GNR_WFC_MO-DUT-1_TC-151.dml,,,,,,,,,,NR SA,,,,,,,,,,,,,,,,,,,594,,,,Connected,,,,,,,
479,1,,,-121.9314830,47.5244923,2026-01-22 22:07:04.000,_20260122_135959_CH01_TMO_5GNR_WFC_MO-DUT-1_TC-151.dml,,,,,,,,,,NR SA,,,,,,,,,,,,,,,,,,,594,,,On,Connected,-64.500000,2462,32,,,,IWLAN
480,1,,,-121.9314830,47.5244923,2026-01-22 22:07:05.000,_20260122_135959_CH01_TMO_5GNR_WFC_MO-DUT-1_TC-151.dml,,,,,,,,,,NR SA,,,,,,,,,,,,,,,,,,,594,,,On,Connected,-63.000000,2462,32,,,,IWLAN
481,1,,,-121.9314830,47.5244923,2026-01-22 22:07:06.000,_20260122_135959_CH01_TMO_5GNR_WFC_MO-DUT-1_TC-151.dml,,,,,,,,,,NR SA,,,,,,,,,,,,,,,,,,,594,,,On,Connected,-63.000000,2462,32,,,,IWLAN
482,1,,,-121.9314830,47.5244923,2026-01-22 22:07:07.000,_20260122_135959_CH01_TMO_5GNR_WFC_MO-DUT-1_TC-151.dml,,,,,,,,,,NR SA,,,,,,,,,,,,,,,,,,,594,,,On,Connected,-64.000000,2462,32,,,,IWLAN
483,1,,,-121.9314830,47.5244923,2026-01-22 22:07:08.000,_20260122_135959_CH01_TMO_5GNR_WFC_MO-DUT-1_TC-151.dml,,,,,,,,,,NR SA,,,,,,,,,,,,,,,,,,,594,,,On,Connected,-64.000000,2462,32,,,,IWLAN
484,1,,,-121.9314830,47.5244923,2026-01-22 22:07:09.000,_20260122_135959_CH01_TMO_5GNR_WFC_MO-DUT-1_TC-151.dml,,,,,,,,,,NR SA,,,,,,,,,,,,,,,,,,,594,,,On,Connected,-64.000000,2462,32,,,,IWLAN
485,1,,,-121.9314830,47.5244923,2026-01-22 22:07:10.000,_20260122_135959_CH01_TMO_5GNR_WFC_MO-DUT-1_TC-151.dml,,,,,,,,,,NR SA,,,,,,,,,,,,,,,,,,,594,,,On,Connected,-64.000000,2462,48,,,,IWLAN
486,1,,,-121.9314830,47.5244923,2026-01-22 22:07:11.000,_20260122_135959_CH01_TMO_5GNR_WFC_MO-DUT-1_TC-151.dml,,,,,,,,,,NR SA,,,,,,,,,,,,,,,,,,,594,,3.914027,On,Connected,-64.000000,2462,48,,,,IWLAN
487,1,,,-121.9314830,47.5244923,2026-01-22 22:07:12.000,_20260122_135959_CH01_TMO_5GNR_WFC_MO-DUT-1_TC-151.dml,,,,,,,,,,NR SA,,,,,,,,,,,,,,,,,,,594,,3.914027,,Connected,,,,,,,
488,1,,,-121.9314830,47.5244923,2026-01-22 22:07:13.000,_20260122_135959_CH01_TMO_5GNR_WFC_MO-DUT-1_TC-151.dml,,,,,,,,,,NR SA,,,,,,,,,,,,,,,,,,,594,,3.914027,On,Connected,-64.000000,2462,48,,,,IWLAN
489,1,,,-121.9314830,47.5244923,2026-01-22 22:07:14.000,_20260122_135959_CH01_TMO_5GNR_WFC_MO-DUT-1_TC-151.dml,,,,,,,,,,NR SA,,,,,,,,,,,,,,,,,,,594,,3.914027,,Connected,,,,,,,
490,1,,,-121.9314830,47.5244923,2026-01-22 22:07:15.000,_20260122_135959_CH01_TMO_5GNR_WFC_MO-DUT-1_TC-151.dml,,,,,,,,,,NR SA,,,,,,,,,,,,,,,,,,,594,,3.914027,On,Connected,-64.000000,2462,48,,,,IWLAN
491,1,,,-121.9314830,47.5244923,2026-01-22 22:07:16.000,_20260122_135959_CH01_TMO_5GNR_WFC_MO-DUT-1_TC-151.dml,,,,,,,,,,NR SA,,,,,,,,,,,,,,,,,,,594,,3.914027,On,Connected,-64.000000,2462,65,,,,IWLAN
492,1,,,-121.9314830,47.5244923,2026-01-22 22:07:17.000,_20260122_135959_CH01_TMO_5GNR_WFC_MO-DUT-1_TC-151.dml,,,,,,,,,,NR SA,,,,,,,,,,,,,,,,,,,594,,3.914027,,Connected,,,,,,,IWLAN
493,1,,,-121.9314830,47.5244923,2026-01-22 22:07:18.000,_20260122_135959_CH01_TMO_5GNR_WFC_MO-DUT-1_TC-151.dml,,,,,,,,,,NR SA,,,,,,,,,,,,,,,,,,,594,,3.914027,On,Connected,-64.000000,2462,65,,,,IWLAN
494,1,,,-121.9314830,47.5244923,2026-01-22 22:07:19.000,_20260122_135959_CH01_TMO_5GNR_WFC_MO-DUT-1_TC-151.dml,,,,,,,,,,NR SA,,,,,,,,,,,,,,,,,,,594,,3.914027,,Connected,,,,,,,IWLAN
495,1,,,-121.9314830,47.5244923,2026-01-22 22:07:20.000,_20260122_135959_CH01_TMO_5GNR_WFC_MO-DUT-1_TC-151.dml,,,,,,,,,,NR SA,,,,,,,,,,,,,,,,,,,594,,3.914027,On,Connected,-64.000000,2462,48,,,,IWLAN
496,1,,,-121.9314830,47.5244923,2026-01-22 22:07:21.000,_20260122_135959_CH01_TMO_5GNR_WFC_MO-DUT-1_TC-151.dml,,,,,,,,,,NR SA,,,,,,,,,,,,,,,,,,,594,,,,Connected,,,,,,,
497,1,,,-121.9314830,47.5244923,2026-01-22 22:07:22.364,_20260122_135959_CH01_TMO_5GNR_WFC_MO-DUT-1_TC-151.dml,,,,,,,,,,,,,,,,,,,,,,,,,,,,,,-69.581778,,,,,,,,,,
498,1,,,-121.9314830,47.5244923,2026-01-22 22:07:22.000,_20260122_135959_CH01_TMO_5GNR_WFC_MO-DUT-1_TC-151.dml,,,,,,,,,,NR SA,,,,,,,,,,,,,,,,,,,594,,,On,Connected,-64.000000,2462,28,,,,IWLAN
499,1,,,-121.9314830,47.5244923,2026-01-22 22:07:23.000,_20260122_135959_CH01_TMO_5GNR_WFC_MO-DUT-1_TC-151.dml,,,,,,,,,,NR SA,,,,,,,,,,,,,,,,,,,594,,,On,Connected,-64.000000,2462,28,,,,IWLAN
500,1,,,-121.9314830,47.5244923,2026-01-22 22:07:24.000,_20260122_135959_CH01_TMO_5GNR_WFC_MO-DUT-1_TC-151.dml,,,,,,,,,,NR SA,,,,,,,,,,,,,,,,,,,594,,,On,Connected,-64.000000,2462,28,,,,IWLAN
501,1,,,-121.9314830,47.5244923,2026-01-22 22:07:25.000,_20260122_135959_CH01_TMO_5GNR_WFC_MO-DUT-1_TC-151.dml,,,,,,,,,,NR SA,,,,,,,,,,,,,,,,,,,594,,,On,Connected,-64.000000,2462,44,,,,IWLAN
502,1,,,-121.9314830,47.5244923,2026-01-22 22:07:26.000,_20260122_135959_CH01_TMO_5GNR_WFC_MO-DUT-1_TC-151.dml,,,,,,,,,,NR SA,,,,,,,,,,,,,,,,,,,594,,,,Connected,,,,,,,IWLAN
503,1,,,-121.9314830,47.5244923,2026-01-22 22:07:27.000,_20260122_135959_CH01_TMO_5GNR_WFC_MO-DUT-1_TC-151.dml,,,,,,,,,,NR SA,,,,,,,,,,,,,,,,,,,594,,,On,Connected,-64.000000,2462,44,,,,IWLAN
504,1,,,-121.9314830,47.5244923,2026-01-22 22:07:28.000,_20260122_135959_CH01_TMO_5GNR_WFC_MO-DUT-1_TC-151.dml,,,,,,,,,,NR SA,,,,,,,,,,,,,,,,,,,594,,,,Connected,,,,,,,IWLAN
505,1,,,-121.9314830,47.5244923,2026-01-22 22:07:29.000,_20260122_135959_CH01_TMO_5GNR_WFC_MO-DUT-1_TC-151.dml,,,,,,,,,,NR SA,,,,,,,,,,,,,,,,,,,594,,,On,Connected,-64.000000,2462,44,,,,IWLAN
506,1,,,-121.9314830,47.5244923,2026-01-22 22:07:30.000,_20260122_135959_CH01_TMO_5GNR_WFC_MO-DUT-1_TC-151.dml,,,,,,,,,,NR SA,,,,,,,,,,,,,,,,,,,594,,,,Connected,,,,,,,
507,1,,,-121.9314830,47.5244923,2026-01-22 22:07:31.000,_20260122_135959_CH01_TMO_5GNR_WFC_MO-DUT-1_TC-151.dml,,,,,,,,,,NR SA,,,,,,,,,,,,,,,,,,,594,,3.951203,On,Connected,-64.000000,2462,44,,,,IWLAN
508,1,,,-121.9314830,47.5244923,2026-01-22 22:07:32.000,_20260122_135959_CH01_TMO_5GNR_WFC_MO-DUT-1_TC-151.dml,,,,,,,,,,NR SA,,,,,,,,,,,,,,,,,,,594,,3.951203,On,Connected,-64.000000,2462,32,,,,IWLAN
509,1,,,-121.9314830,47.5244923,2026-01-22 22:07:33.000,_20260122_135959_CH01_TMO_5GNR_WFC_MO-DUT-1_TC-151.dml,,,,,,,,,,NR SA,,,,,,,,,,,,,,,,,,,594,,3.951203,,Connected,,,,,,,IWLAN
510,1,,,-121.9314830,47.5244923,2026-01-22 22:07:34.000,_20260122_135959_CH01_TMO_5GNR_WFC_MO-DUT-1_TC-151.dml,,,,,,,,,,NR SA,,,,,,,,,,,,,,,,,,,594,,3.951203,On,Connected,-64.000000,2462,32,,,,IWLAN
511,1,,,-121.9314830,47.5244923,2026-01-22 22:07:35.000,_20260122_135959_CH01_TMO_5GNR_WFC_MO-DUT-1_TC-151.dml,,,,,,,,,,NR SA,,,,,,,,,,,,,,,,,,,594,,3.951203,,Connected,,,,,,,IWLAN
512,1,,,-121.9314830,47.5244923,2026-01-22 22:07:36.000,_20260122_135959_CH01_TMO_5GNR_WFC_MO-DUT-1_TC-151.dml,,,,,,,,,,NR SA,,,,,,,,,,,,,,,,,,,594,,3.951203,On,Connected,-64.000000,2462,32,,,,IWLAN
513,1,,,-121.9314830,47.5244923,2026-01-22 22:07:37.000,_20260122_135959_CH01_TMO_5GNR_WFC_MO-DUT-1_TC-151.dml,,,,,,,,,,NR SA,,,,,,,,,,,,,,,,,,,594,,3.951203,,Connected,,,,,,,
514,1,,,-121.9314830,47.5244923,2026-01-22 22:07:38.000,_20260122_135959_CH01_TMO_5GNR_WFC_MO-DUT-1_TC-151.dml,,,,,,,,,,NR SA,,,,,,,,,,,,,,,,,,,594,,3.951203,On,Connected,-64.000000,2462,32,,,,IWLAN
515,1,,,-121.9314830,47.5244923,2026-01-22 22:07:39.000,_20260122_135959_CH01_TMO_5GNR_WFC_MO-DUT-1_TC-151.dml,,,,,,,,,,NR SA,,,,,,,,,,,,,,,,,,,594,,3.951203,On,Connected,-64.000000,2462,32,,,,IWLAN
516,1,,,-121.9314830,47.5244923,2026-01-22 22:07:40.000,_20260122_135959_CH01_TMO_5GNR_WFC_MO-DUT-1_TC-151.dml,,,,,,,,,,NR SA,,,,,,,,,,,,,,,,,,,594,,3.951203,On,Connected,-65.000000,2462,48,,,,IWLAN
517,1,,,-121.9314830,47.5244923,2026-01-22 22:07:41.000,_20260122_135959_CH01_TMO_5GNR_WFC_MO-DUT-1_TC-151.dml,,,,,,,,,,NR SA,,,,,,,,,,,,,,,,,,,594,,,On,Connected,-65.000000,2462,48,,,,IWLAN
518,1,,,-121.9314830,47.5244923,2026-01-22 22:07:41.646,_20260122_135959_CH01_TMO_5GNR_WFC_MO-DUT-1_TC-151.dml,,,,,,,,,,,,,,,,,,,,,,,,,,,,,,-66.518488,,,,,,,,,,
519,1,,,-121.9314830,47.5244923,2026-01-22 22:07:42.000,_20260122_135959_CH01_TMO_5GNR_WFC_MO-DUT-1_TC-151.dml,,,,,,,,,,NR SA,,,,,,,,,,,,,,,,,,,594,,,,Connected,,,,,,,IWLAN
520,1,,,-121.9314830,47.5244923,2026-01-22 22:07:43.000,_20260122_135959_CH01_TMO_5GNR_WFC_MO-DUT-1_TC-151.dml,,,,,,,,,,NR SA,,,,,,,,,,,,,,,,,,,594,,,On,Connected,-65.000000,2462,32,,,,IWLAN
521,1,,,-121.9314830,47.5244923,2026-01-22 22:07:44.000,_20260122_135959_CH01_TMO_5GNR_WFC_MO-DUT-1_TC-151.dml,,,,,,,,,,NR SA,,,,,,,,,,,,,,,,,,,594,,,,Connected,,,,,,,
522,1,,,-121.9314830,47.5244923,2026-01-22 22:07:45.000,_20260122_135959_CH01_TMO_5GNR_WFC_MO-DUT-1_TC-151.dml,,,,,,,,,,NR SA,,,,,,,,,,,,,,,,,,,594,,,On,Connected,-65.000000,2462,32,,,,IWLAN
523,1,,,-121.9314830,47.5244923,2026-01-22 22:07:46.000,_20260122_135959_CH01_TMO_5GNR_WFC_MO-DUT-1_TC-151.dml,,,,,,,,,,NR SA,,,,,,,,,,,,,,,,,,,594,,,,Connected,,,,,,,
524,1,,,-121.9314830,47.5244923,2026-01-22 22:07:47.000,_20260122_135959_CH01_TMO_5GNR_WFC_MO-DUT-1_TC-151.dml,,,,,,,,,,NR SA,,,,,,,,,,,,,,,,,,,594,,,On,Connected,-64.000000,2462,32,,,,IWLAN
525,1,,,-121.9314830,47.5244923,2026-01-22 22:07:48.000,_20260122_135959_CH01_TMO_5GNR_WFC_MO-DUT-1_TC-151.dml,,,,,,,,,,NR SA,,,,,,,,,,,,,,,,,,,594,,,On,Connected,-64.000000,2462,32,,,,IWLAN
526,1,,,-121.9314830,47.5244923,2026-01-22 22:07:49.000,_20260122_135959_CH01_TMO_5GNR_WFC_MO-DUT-1_TC-151.dml,,,,,,,,,,NR SA,,,,,,,,,,,,,,,,,,,594,,,,Connected,,,,,,,IWLAN
527,1,,,-121.9314830,47.5244923,2026-01-22 22:07:50.000,_20260122_135959_CH01_TMO_5GNR_WFC_MO-DUT-1_TC-151.dml,,,,,,,,,,NR SA,,,,,,,,,,,,,,,,,,,594,,,On,Connected,-64.000000,2462,48,,,,IWLAN
528,1,,,-121.9314830,47.5244923,2026-01-22 22:07:51.000,_20260122_135959_CH01_TMO_5GNR_WFC_MO-DUT-1_TC-151.dml,,,,,,,,,,NR SA,,,,,,,,,,,,,,,,,,,594,,3.859857,,Connected,,,,,,,IWLAN
529,1,,,-121.9314830,47.5244923,2026-01-22 22:07:52.000,_20260122_135959_CH01_TMO_5GNR_WFC_MO-DUT-1_TC-151.dml,,,,,,,,,,NR SA,,,,,,,,,,,,,,,,,,,594,,3.859857,On,Connected,-64.000000,2462,48,,,,IWLAN
530,1,,,-121.9314830,47.5244923,2026-01-22 22:07:53.000,_20260122_135959_CH01_TMO_5GNR_WFC_MO-DUT-1_TC-151.dml,,,,,,,,,,NR SA,,,,,,,,,,,,,,,,,,,594,,3.859857,,Connected,,,,,,,
531,1,,,-121.9314830,47.5244923,2026-01-22 22:07:54.000,_20260122_135959_CH01_TMO_5GNR_WFC_MO-DUT-1_TC-151.dml,,,,,,,,,,NR SA,,,,,,,,,,,,,,,,,,,594,,3.859857,On,Connected,-64.000000,2462,48,,,,IWLAN
532,1,,,-121.9314830,47.5244923,2026-01-22 22:07:55.000,_20260122_135959_CH01_TMO_5GNR_WFC_MO-DUT-1_TC-151.dml,,,,,,,,,,NR SA,,,,,,,,,,,,,,,,,,,594,,3.859857,On,Connected,-64.000000,2462,48,,,,IWLAN
533,1,,,-121.9314830,47.5244923,2026-01-22 22:07:56.000,_20260122_135959_CH01_TMO_5GNR_WFC_MO-DUT-1_TC-151.dml,,,,,,,,,,NR SA,,,,,,,,,,,,,,,,,,,594,,3.859857,,Connected,,,,,,,IWLAN
534,1,,,-121.9314830,47.5244923,2026-01-22 22:07:57.000,_20260122_135959_CH01_TMO_5GNR_WFC_MO-DUT-1_TC-151.dml,,,,,,,,,,NR SA,,,,,,,,,,,,,,,,,,,594,,3.859857,On,Connected,-64.000000,2462,48,,,,
535,1,,,-121.9314830,47.5244923,2026-01-22 22:07:58.000,_20260122_135959_CH01_TMO_5GNR_WFC_MO-DUT-1_TC-151.dml,,,,,,,,,,NR SA,,,,,,,,,,,,,,,,,,,594,,3.859857,On,Connected,-64.000000,2462,48,,,,IWLAN
536,1,,,-121.9314830,47.5244923,2026-01-22 22:07:59.000,_20260122_135959_CH01_TMO_5GNR_WFC_MO-DUT-1_TC-151.dml,,,,,,,,,,NR SA,,,,,,,,,,,,,,,,,,,594,,3.859857,On,Connected,-64.000000,2462,48,,,,IWLAN
537,1,,,-121.9314830,47.5244923,2026-01-22 22:08:00.000,_20260122_135959_CH01_TMO_5GNR_WFC_MO-DUT-1_TC-151.dml,,,,,,,,,,NR SA,,,,,,,,,,,,,,,,,,,594,,3.859857,On,Connected,-64.000000,2462,48,,,,IWLAN
538,1,,,-121.9314830,47.5244923,2026-01-22 22:08:01.178,_20260122_135959_CH01_TMO_5GNR_WFC_MO-DUT-1_TC-151.dml,,,,,,,,,,,,,,,,,,,,,,,[Tool] Voice - Release Call Request,,,,,,,,,,,,,,,,,
539,1,,,-121.9314830,47.5244923,2026-01-22 22:08:01.000,_20260122_135959_CH01_TMO_5GNR_WFC_MO-DUT-1_TC-151.dml,,,,,,,,,,NR SA,,,,,,,,,,,,,,,,,,,594,,,On,Connected,-64.000000,2462,48,,,,IWLAN
540,1,,,-121.9314830,47.5244923,2026-01-22 22:08:01.599,_20260122_135959_CH01_TMO_5GNR_WFC_MO-DUT-1_TC-151.dml,,,,,,,,,,,,,,,,,,,,,,,,,,,,,,-66.822444,,,,,,,,,,
541,1,,,-121.9314830,47.5244923,2026-01-22 22:08:01.692,_20260122_135959_CH01_TMO_5GNR_WFC_MO-DUT-1_TC-151.dml,,,,,,,,,,,,,,,,,,,,,,Complete,[Tool] Voice - Call Result : Complete,,,,,,,,,,,,,,,,,
542,1,,,-121.9314830,47.5244923,2026-01-22 22:08:01.692,_20260122_135959_CH01_TMO_5GNR_WFC_MO-DUT-1_TC-151.dml,,,,,,,,,,,,,,,,,,,,,,,[UE]   Voice - Release Call Success,,,,,,,,,,,,,,,,,
543,1,,,-121.9314830,47.5244923,2026-01-22 22:08:02.000,_20260122_135959_CH01_TMO_5GNR_WFC_MO-DUT-1_TC-151.dml,,,,,,,,,,,,,,,,,,,,,,,,1,,,,,594,,,On,Connected,-64.000000,2462,48,,,,IWLAN
544,1,,,-121.9314830,47.5244923,2026-01-22 22:08:02.678,_20260122_135959_CH01_TMO_5GNR_WFC_MO-DUT-1_TC-151.dml,,,,,,,,,,,,,,,,,,,,,,,[UE]   Voice - Release Call Success,,,,,,,,,,,,,,,,,
545,1,,,-121.9314830,47.5244923,2026-01-22 22:08:03.000,_20260122_135959_CH01_TMO_5GNR_WFC_MO-DUT-1_TC-151.dml,,,,,,,,,,,,,,,,,,,,,,,,,,,,,594,,,On,Connected,-64.000000,2462,48,,,,IWLAN
546,1,,,-121.9314830,47.5244923,2026-01-22 22:08:04.000,_20260122_135959_CH01_TMO_5GNR_WFC_MO-DUT-1_TC-151.dml,,,,,,,,,,,,,,,,,,,,,,,,,,,,,594,,,On,Connected,-64.000000,2462,48,,,,IWLAN
547,1,,,-121.9314830,47.5244923,2026-01-22 22:08:05.000,_20260122_135959_CH01_TMO_5GNR_WFC_MO-DUT-1_TC-151.dml,,,,,,,,,,,,,,,,,,,,,,,,,,,,,594,,,On,Connected,-64.000000,2462,44,,,,IWLAN
548,1,,,-121.9314830,47.5244923,2026-01-22 22:08:06.000,_20260122_135959_CH01_TMO_5GNR_WFC_MO-DUT-1_TC-151.dml,,,,,,,,,,,,,,,,,,,,,,,,,,,,,594,,,On,Connected,-64.000000,2462,44,,,,IWLAN
549,1,,,-121.9314830,47.5244923,2026-01-22 22:08:07.000,_20260122_135959_CH01_TMO_5GNR_WFC_MO-DUT-1_TC-151.dml,,,,,,,,,,,,,,,,,,,,,,,,,,,,,594,,,On,Connected,-64.000000,2462,44,,,,IWLAN
550,1,,,-121.9314830,47.5244923,2026-01-22 22:08:08.000,_20260122_135959_CH01_TMO_5GNR_WFC_MO-DUT-1_TC-151.dml,,,,,,,,,,,,,,,,,,,,,,,,,,,,,594,,,On,Connected,-63.000000,2462,44,,,,IWLAN
551,1,,,-121.9314830,47.5244923,2026-01-22 22:08:09.000,_20260122_135959_CH01_TMO_5GNR_WFC_MO-DUT-1_TC-151.dml,,,,,,,,,,,,,,,,,,,,,,,,,,,,,594,,,On,Connected,-63.000000,2462,44,,,,IWLAN
552,1,,,-121.9314830,47.5244923,2026-01-22 22:08:10.000,_20260122_135959_CH01_TMO_5GNR_WFC_MO-DUT-1_TC-151.dml,,,,,,,,,,,,,,,,,,,,,,,,,,,,,594,,,On,Connected,-63.000000,2462,44,,,,
553,1,,,-121.9314830,47.5244923,2026-01-22 22:08:11.000,_20260122_135959_CH01_TMO_5GNR_WFC_MO-DUT-1_TC-151.dml,,,,,,,,,,,,,,,,,,,,,,,,,,,,,594,,,On,Connected,-64.000000,2462,44,,,,IWLAN
554,1,,,-121.9314830,47.5244923,2026-01-22 22:08:12.000,_20260122_135959_CH01_TMO_5GNR_WFC_MO-DUT-1_TC-151.dml,,,,,,,,,,,,,,,,,,,,,,,,,,,,,594,,,On,Connected,-64.000000,2462,44,,,,IWLAN
555,1,,,-121.9314830,47.5244923,2026-01-22 22:08:13.000,_20260122_135959_CH01_TMO_5GNR_WFC_MO-DUT-1_TC-151.dml,,,,,,,,,,,,,,,,,,,,,,,,,,,,,594,,,On,Connected,-64.000000,2462,44,,,,IWLAN
556,1,,,-121.9314830,47.5244923,2026-01-22 22:08:14.000,_20260122_135959_CH01_TMO_5GNR_WFC_MO-DUT-1_TC-151.dml,,,,,,,,,,,,,,,,,,,,,,,,,,,,,594,,,On,Connected,-63.000000,2462,48,,,,
557,1,,,-121.9314830,47.5244923,2026-01-22 22:08:15.000,_20260122_135959_CH01_TMO_5GNR_WFC_MO-DUT-1_TC-151.dml,,,,,,,,,,,,,,,,,,,,,,,,,,,,,594,,,On,Connected,-63.000000,2462,48,,,,IWLAN
558,1,,,-121.9314830,47.5244923,2026-01-22 22:08:16.000,_20260122_135959_CH01_TMO_5GNR_WFC_MO-DUT-1_TC-151.dml,,,,,,,,,,,,,,,,,,,,,,,,,,,,,594,,,On,Connected,-63.000000,2462,48,,,,
559,1,,,-121.9314830,47.5244923,2026-01-22 22:08:17.000,_20260122_135959_CH01_TMO_5GNR_WFC_MO-DUT-1_TC-151.dml,,,,,,,,,,,,,,,,,,,,,,,,,,,,,594,,,On,Connected,-61.000000,2462,48,,,,IWLAN
560,1,,,-121.9314830,47.5244923,2026-01-22 22:08:18.000,_20260122_135959_CH01_TMO_5GNR_WFC_MO-DUT-1_TC-151.dml,,,,,,,,,,,,,,,,,,,,,,,,,,,,,594,,,On,Connected,-61.000000,2462,48,,,,
561,1,,,-121.9314830,47.5244923,2026-01-22 22:08:19.000,_20260122_135959_CH01_TMO_5GNR_WFC_MO-DUT-1_TC-151.dml,,,,,,,,,,,,,,,,,,,,,,,,,,,,,594,,,On,Connected,-61.000000,2462,48,,,,IWLAN
562,1,,,-121.9314830,47.5244923,2026-01-22 22:08:20.000,_20260122_135959_CH01_TMO_5GNR_WFC_MO-DUT-1_TC-151.dml,,,,,,,,,,,,,,,,,,,,,,,,,,,,,594,,,On,Connected,-61.000000,2462,32,,,,IWLAN
563,1,,,-121.9314830,47.5244923,2026-01-22 22:08:21.000,_20260122_135959_CH01_TMO_5GNR_WFC_MO-DUT-1_TC-151.dml,,,,,,,,,,,,,,,,,,,,,,,,,,,,,594,,,On,Connected,-61.000000,2462,32,,,,IWLAN
564,1,,,-121.9314830,47.5244923,2026-01-22 22:08:22.000,_20260122_135959_CH01_TMO_5GNR_WFC_MO-DUT-1_TC-151.dml,,,,,,,,,,,,,,,,,,,,,,,,,,,,,594,,,On,Connected,-61.000000,2462,32,,,,IWLAN
565,1,,,-121.9314830,47.5244923,2026-01-22 22:08:23.000,_20260122_135959_CH01_TMO_5GNR_WFC_MO-DUT-1_TC-151.dml,,,,,,,,,,,,,,,,,,,,,,,,,,,,,594,,,On,Connected,-61.000000,2462,48,,,,IWLAN
566,1,,,-121.9314830,47.5244923,2026-01-22 22:08:24.000,_20260122_135959_CH01_TMO_5GNR_WFC_MO-DUT-1_TC-151.dml,,,,,,,,,,,,,,,,,,,,,,,,,,,,,594,,,On,Connected,-61.000000,2462,48,,,,IWLAN
567,1,,,-121.9314830,47.5244923,2026-01-22 22:08:25.000,_20260122_135959_CH01_TMO_5GNR_WFC_MO-DUT-1_TC-151.dml,,,,,,,,,,,,,,,,,,,,,,,,,,,,,594,,,On,Connected,-61.000000,2462,48,,,,IWLAN
568,1,,,-121.9314830,47.5244923,2026-01-22 22:08:26.000,_20260122_135959_CH01_TMO_5GNR_WFC_MO-DUT-1_TC-151.dml,,,,,,,,,,,,,,,,,,,,,,,,,,,,,594,,,On,Connected,-61.000000,2462,48,,,,IWLAN
569,1,,,-121.9314830,47.5244923,2026-01-22 22:08:27.000,_20260122_135959_CH01_TMO_5GNR_WFC_MO-DUT-1_TC-151.dml,,,,,,,,,,,,,,,,,,,,,,,,,,,,,594,,,On,Connected,-61.000000,2462,48,,,,IWLAN
570,1,,,-121.9314830,47.5244923,2026-01-22 22:08:28.000,_20260122_135959_CH01_TMO_5GNR_WFC_MO-DUT-1_TC-151.dml,,,,,,,,,,,,,,,,,,,,,,,,,,,,,594,,,On,Connected,-61.000000,2462,48,,,,IWLAN
571,1,,,-121.9314830,47.5244923,2026-01-22 22:08:29.442,_20260122_135959_CH01_TMO_5GNR_WFC_MO-DUT-1_TC-151.dml,,,,,,,,,,,,,,,,,,,,,,,[Tool] Voice - Release Call Request,,,,,,,,,,,,,,,,,
572,1,,,-121.9314830,47.5244923,2026-01-22 22:08:29.000,_20260122_135959_CH01_TMO_5GNR_WFC_MO-DUT-1_TC-151.dml,,,,,,,,,,,,,,,,,,,,,,,,,,,,,594,,,On,Connected,-61.000000,2462,48,,,,IWLAN
573,1,,,-121.9314830,47.5244923,2026-01-22 22:08:30.000,_20260122_135959_CH01_TMO_5GNR_WFC_MO-DUT-1_TC-151.dml,,,,,,,,,,,,,,,,,,,,,,,,,,,,,594,,,On,Connected,-61.000000,2462,48,,,,IWLAN
574,1,,,-121.9314830,47.5244923,2026-01-22 22:08:31.000,_20260122_135959_CH01_TMO_5GNR_WFC_MO-DUT-1_TC-151.dml,,,,,,,,,,,,,,,,,,,,,,,,,,,,,594,,,On,Connected,-61.000000,2462,48,,,,IWLAN
575,1,,,-121.9314830,47.5244923,2026-01-22 22:08:31.958,_20260122_135959_CH01_TMO_5GNR_WFC_MO-DUT-1_TC-151.dml,,,,,,,,,,,,,,,,,,,,,,,[Tool] Voice - Call Scheduling End,,,,,,,,,,,,,,,,,
576,1,,,-121.9314830,47.5244923,2026-01-22 22:08:31.958,_20260122_135959_CH01_TMO_5GNR_WFC_MO-DUT-1_TC-151.dml,NR SA,Voice,Complete,NR SA,NR SA,,,,,,,,,,,,Complete,Origination,Complete,,,,,,,,,90.438000,,,,,,,,,,EPSFB,,
577,1,,,-121.9314830,47.5244923,2026-01-22 22:08:31.958,_20260122_135959_CH01_TMO_5GNR_WFC_MO-DUT-1_TC-151.dml,,,,,,,,,,,,,,,,,,,,,,,[Tool] Voice - Release Call Request,,,,,,,,,,,,,,,,,
578,1,,,-121.9314830,47.5244923,2026-01-22 22:08:32.000,_20260122_135959_CH01_TMO_5GNR_WFC_MO-DUT-1_TC-151.dml,,,,,,,,,,,,,,,,,,,,,,,,,,,,,594,,,On,Connected,-61.000000,2462,64,,,,IWLAN
579,1,,,-121.9314830,47.5244923,2026-01-22 22:08:32.457,_20260122_135959_CH01_TMO_5GNR_WFC_MO-DUT-1_TC-151.dml,,,,,,,,,,,,,,,,,,,,,,,[Tool] Voice - Call Scheduling Start(Orig),,,,,,,,,,,,,,,,,
580,1,,,-121.9314830,47.5244923,2026-01-22 22:08:32.457,_20260122_135959_CH01_TMO_5GNR_WFC_MO-DUT-1_TC-151.dml,,,,,,,,,,,,,,,,,,,,,,,[UE]   Voice - Orig Success,,,,,,,,,,,,,,,,,
581,1,,,-121.9314830,47.5244923,2026-01-22 22:08:32.474,_20260122_135959_CH01_TMO_5GNR_WFC_MO-DUT-1_TC-151.dml,,,,,,,,,,,,,,,,,,,,,,,[Tool] Voice - Orig Request,,,,,,,,,,,,,,,,,
582,1,,,-121.9314830,47.5244923,2026-01-22 22:08:33.000,_20260122_135959_CH01_TMO_5GNR_WFC_MO-DUT-1_TC-151.dml,,,,,,,,,,,,,,,,,,,,,,,,,,,,,594,,,On,Connected,-61.000000,2462,64,,,,
583,1,,,-121.9314830,47.5244923,2026-01-22 22:08:34.000,_20260122_135959_CH01_TMO_5GNR_WFC_MO-DUT-1_TC-151.dml,,,,,,,,,,,,,,,,,,,,,,,,,,,,,594,,,On,Connected,-61.000000,2462,64,,,,IWLAN
584,1,,,-121.9314830,47.5244923,2026-01-22 22:08:35.000,_20260122_135959_CH01_TMO_5GNR_WFC_MO-DUT-1_TC-151.dml,,,,,,,,,,,,,,,,,,,,,,,,,,,,,594,,,On,Connected,-61.000000,2462,32,,,,IWLAN
585,1,,,-121.9314830,47.5244923,2026-01-22 22:08:36.099,_20260122_135959_CH01_TMO_5GNR_WFC_MO-DUT-1_TC-151.dml,,,,,,,,,,,,,,,,,,,,,,,[UE]   Voice - Setup Success,,,,,,,,,,,,,,,,,
586,1,,,-121.9314830,47.5244923,2026-01-22 22:08:36.000,_20260122_135959_CH01_TMO_5GNR_WFC_MO-DUT-1_TC-151.dml,,,,,,,,,,NR SA,,,,,,,,,,,,,,,,,,,594,,3.565998,On,Connected,-61.000000,2462,32,,,,IWLAN
587,1,,,-121.9314830,47.5244923,2026-01-22 22:08:37.000,_20260122_135959_CH01_TMO_5GNR_WFC_MO-DUT-1_TC-151.dml,,,,,,,,,,NR SA,,,,,,,,,,,,,,,,,,,594,,3.565998,On,Connected,-61.000000,2462,32,,,,IWLAN
588,1,,,-121.9314830,47.5244923,2026-01-22 22:08:38.000,_20260122_135959_CH01_TMO_5GNR_WFC_MO-DUT-1_TC-151.dml,,,,,,,,,,NR SA,,,,,,,,,,,,,,,,,,,594,,3.565998,On,Connected,-61.000000,2462,64,,,,IWLAN
589,1,,,-121.9314830,47.5244923,2026-01-22 22:08:39.000,_20260122_135959_CH01_TMO_5GNR_WFC_MO-DUT-1_TC-151.dml,,,,,,,,,,NR SA,,,,,,,,,,,,,,,,,,,594,,3.565998,On,Connected,-61.000000,2462,64,,,,IWLAN
590,1,,,-121.9314830,47.5244923,2026-01-22 22:08:40.000,_20260122_135959_CH01_TMO_5GNR_WFC_MO-DUT-1_TC-151.dml,,,,,,,,,,NR SA,,,,,,,,,,,,,,,,,,,594,,3.565998,On,Connected,-61.000000,2462,64,,,,IWLAN
591,1,,,-121.9314830,47.5244923,2026-01-22 22:08:41.000,_20260122_135959_CH01_TMO_5GNR_WFC_MO-DUT-1_TC-151.dml,,,,,,,,,,NR SA,,,,,,,,,,,,,,,,,,,594,,3.565998,On,Connected,-64.000000,2462,32,,,,
592,1,,,-121.9314830,47.5244923,2026-01-22 22:08:42.000,_20260122_135959_CH01_TMO_5GNR_WFC_MO-DUT-1_TC-151.dml,,,,,,,,,,NR SA,,,,,,,,,,,,,,,,,,,594,,3.565998,On,Connected,-64.000000,2462,32,,,,IWLAN
593,1,,,-121.9314830,47.5244923,2026-01-22 22:08:43.000,_20260122_135959_CH01_TMO_5GNR_WFC_MO-DUT-1_TC-151.dml,,,,,,,,,,NR SA,,,,,,,,,,,,,,,,,,,594,,3.565998,On,Connected,-64.000000,2462,32,,,,IWLAN
594,1,,,-121.9314830,47.5244923,2026-01-22 22:08:44.000,_20260122_135959_CH01_TMO_5GNR_WFC_MO-DUT-1_TC-151.dml,,,,,,,,,,NR SA,,,,,,,,,,,,,,,,,,,594,,3.565998,On,Connected,-64.000000,2462,32,,,,IWLAN
595,1,,,-121.9314830,47.5244923,2026-01-22 22:08:45.000,_20260122_135959_CH01_TMO_5GNR_WFC_MO-DUT-1_TC-151.dml,,,,,,,,,,NR SA,,,,,,,,,,,,,,,,,,,594,,3.565998,On,Connected,-64.000000,2462,32,,,,IWLAN
596,1,,,-121.9314830,47.5244923,2026-01-22 22:08:46.000,_20260122_135959_CH01_TMO_5GNR_WFC_MO-DUT-1_TC-151.dml,,,,,,,,,,NR SA,,,,,,,,,,,,,,,,,,,594,,,On,Connected,-64.000000,2462,32,,,,IWLAN
597,1,,,-121.9314830,47.5244923,2026-01-22 22:08:46.582,_20260122_135959_CH01_TMO_5GNR_WFC_MO-DUT-1_TC-151.dml,,,,,,,,,,,,,,,,,,,,,,,,,,,,,,-68.798667,,,,,,,,,,
598,1,,,-121.9314830,47.5244923,2026-01-22 22:08:47.000,_20260122_135959_CH01_TMO_5GNR_WFC_MO-DUT-1_TC-151.dml,,,,,,,,,,NR SA,,,,,,,,,,,,,,,,,,,594,,,On,Connected,-66.000000,2462,32,,,,IWLAN
599,1,,,-121.9314830,47.5244923,2026-01-22 22:08:48.000,_20260122_135959_CH01_TMO_5GNR_WFC_MO-DUT-1_TC-151.dml,,,,,,,,,,NR SA,,,,,,,,,,,,,,,,,,,594,,,On,Connected,-66.000000,2462,32,,,,
600,1,,,-121.9314830,47.5244923,2026-01-22 22:08:49.000,_20260122_135959_CH01_TMO_5GNR_WFC_MO-DUT-1_TC-151.dml,,,,,,,,,,NR SA,,,,,,,,,,,,,,,,,,,594,,,On,Connected,-66.000000,2462,32,,,,IWLAN
601,1,,,-121.9314830,47.5244923,2026-01-22 22:08:50.000,_20260122_135959_CH01_TMO_5GNR_WFC_MO-DUT-1_TC-151.dml,,,,,,,,,,NR SA,,,,,,,,,,,,,,,,,,,594,,,On,Connected,-65.000000,2462,44,,,,
602,1,,,-121.9314830,47.5244923,2026-01-22 22:08:51.000,_20260122_135959_CH01_TMO_5GNR_WFC_MO-DUT-1_TC-151.dml,,,,,,,,,,NR SA,,,,,,,,,,,,,,,,,,,594,,,On,Connected,-65.000000,2462,44,,,,IWLAN
603,1,,,-121.9314830,47.5244923,2026-01-22 22:08:52.000,_20260122_135959_CH01_TMO_5GNR_WFC_MO-DUT-1_TC-151.dml,,,,,,,,,,NR SA,,,,,,,,,,,,,,,,,,,594,,,On,Connected,-65.000000,2462,44,,,,IWLAN
604,1,,,-121.9314830,47.5244923,2026-01-22 22:08:53.000,_20260122_135959_CH01_TMO_5GNR_WFC_MO-DUT-1_TC-151.dml,,,,,,,,,,NR SA,,,,,,,,,,,,,,,,,,,594,,,On,Connected,-66.000000,2462,32,,,,IWLAN
605,1,,,-121.9314830,47.5244923,2026-01-22 22:08:54.000,_20260122_135959_CH01_TMO_5GNR_WFC_MO-DUT-1_TC-151.dml,,,,,,,,,,NR SA,,,,,,,,,,,,,,,,,,,594,,,On,Connected,-66.000000,2462,32,,,,IWLAN
606,1,,,-121.9314830,47.5244923,2026-01-22 22:08:55.000,_20260122_135959_CH01_TMO_5GNR_WFC_MO-DUT-1_TC-151.dml,,,,,,,,,,NR SA,,,,,,,,,,,,,,,,,,,594,,,On,Connected,-66.000000,2462,32,,,,IWLAN
607,1,,,-121.9314830,47.5244923,2026-01-22 22:08:56.000,_20260122_135959_CH01_TMO_5GNR_WFC_MO-DUT-1_TC-151.dml,,,,,,,,,,NR SA,,,,,,,,,,,,,,,,,,,594,,3.649140,On,Connected,-65.000000,2462,48,,,,IWLAN
608,1,,,-121.9314830,47.5244923,2026-01-22 22:08:57.000,_20260122_135959_CH01_TMO_5GNR_WFC_MO-DUT-1_TC-151.dml,,,,,,,,,,NR SA,,,,,,,,,,,,,,,,,,,594,,3.649140,On,Connected,-65.000000,2462,48,,,,IWLAN
609,1,,,-121.9314830,47.5244923,2026-01-22 22:08:58.000,_20260122_135959_CH01_TMO_5GNR_WFC_MO-DUT-1_TC-151.dml,,,,,,,,,,NR SA,,,,,,,,,,,,,,,,,,,594,,3.649140,On,Connected,-65.000000,2462,48,,,,IWLAN
610,1,,,-121.9314830,47.5244923,2026-01-22 22:08:59.000,_20260122_135959_CH01_TMO_5GNR_WFC_MO-DUT-1_TC-151.dml,,,,,,,,,,NR SA,,,,,,,,,,,,,,,,,,,594,,3.649140,On,Connected,-64.000000,2462,32,,,,IWLAN
611,1,,,-121.9314830,47.5244923,2026-01-22 22:09:00.000,_20260122_135959_CH01_TMO_5GNR_WFC_MO-DUT-1_TC-151.dml,,,,,,,,,,NR SA,,,,,,,,,,,,,,,,,,,594,,3.649140,On,Connected,-64.000000,2462,32,,,,IWLAN
612,1,,,-121.9314830,47.5244923,2026-01-22 22:09:01.000,_20260122_135959_CH01_TMO_5GNR_WFC_MO-DUT-1_TC-151.dml,,,,,,,,,,NR SA,,,,,,,,,,,,,,,,,,,594,,3.649140,On,Connected,-64.000000,2462,32,,,,IWLAN
613,1,,,-121.9314830,47.5244923,2026-01-22 22:09:02.000,_20260122_135959_CH01_TMO_5GNR_WFC_MO-DUT-1_TC-151.dml,,,,,,,,,,NR SA,,,,,,,,,,,,,,,,,,,594,,3.649140,On,Connected,-63.000000,2462,48,,,,IWLAN
614,1,,,-121.9314830,47.5244923,2026-01-22 22:09:03.000,_20260122_135959_CH01_TMO_5GNR_WFC_MO-DUT-1_TC-151.dml,,,,,,,,,,NR SA,,,,,,,,,,,,,,,,,,,594,,3.649140,On,Connected,-63.000000,2462,48,,,,IWLAN
615,1,,,-121.9314830,47.5244923,2026-01-22 22:09:04.000,_20260122_135959_CH01_TMO_5GNR_WFC_MO-DUT-1_TC-151.dml,,,,,,,,,,NR SA,,,,,,,,,,,,,,,,,,,594,,3.649140,On,Connected,-63.000000,2462,48,,,,
616,1,,,-121.9314830,47.5244923,2026-01-22 22:09:05.000,_20260122_135959_CH01_TMO_5GNR_WFC_MO-DUT-1_TC-151.dml,,,,,,,,,,NR SA,,,,,,,,,,,,,,,,,,,594,,3.649140,On,Connected,-63.000000,2462,64,,,,IWLAN
617,1,,,-121.9314830,47.5244923,2026-01-22 22:09:06.000,_20260122_135959_CH01_TMO_5GNR_WFC_MO-DUT-1_TC-151.dml,,,,,,,,,,NR SA,,,,,,,,,,,,,,,,,,,594,,,On,Connected,-63.000000,2462,64,,,,
618,1,,,-121.9314830,47.5244923,2026-01-22 22:09:06.536,_20260122_135959_CH01_TMO_5GNR_WFC_MO-DUT-1_TC-151.dml,,,,,,,,,,,,,,,,,,,,,,,,,,,,,,-68.502907,,,,,,,,,,
619,1,,,-121.9314830,47.5244923,2026-01-22 22:09:07.000,_20260122_135959_CH01_TMO_5GNR_WFC_MO-DUT-1_TC-151.dml,,,,,,,,,,NR SA,,,,,,,,,,,,,,,,,,,594,,,On,Connected,-63.000000,2462,64,,,,IWLAN
620,1,,,-121.9314830,47.5244923,2026-01-22 22:09:08.000,_20260122_135959_CH01_TMO_5GNR_WFC_MO-DUT-1_TC-151.dml,,,,,,,,,,NR SA,,,,,,,,,,,,,,,,,,,594,,,On,Connected,-63.000000,2462,48,,,,IWLAN
621,1,,,-121.9314830,47.5244923,2026-01-22 22:09:09.000,_20260122_135959_CH01_TMO_5GNR_WFC_MO-DUT-1_TC-151.dml,,,,,,,,,,NR SA,,,,,,,,,,,,,,,,,,,594,,,On,Connected,-63.000000,2462,48,,,,IWLAN
622,1,,,-121.9314830,47.5244923,2026-01-22 22:09:10.000,_20260122_135959_CH01_TMO_5GNR_WFC_MO-DUT-1_TC-151.dml,,,,,,,,,,NR SA,,,,,,,,,,,,,,,,,,,594,,,On,Connected,-63.000000,2462,48,,,,IWLAN
623,1,,,-121.9314830,47.5244923,2026-01-22 22:09:11.000,_20260122_135959_CH01_TMO_5GNR_WFC_MO-DUT-1_TC-151.dml,,,,,,,,,,NR SA,,,,,,,,,,,,,,,,,,,594,,,On,Connected,-63.000000,2462,28,,,,IWLAN
624,1,,,-121.9314830,47.5244923,2026-01-22 22:09:12.000,_20260122_135959_CH01_TMO_5GNR_WFC_MO-DUT-1_TC-151.dml,,,,,,,,,,NR SA,,,,,,,,,,,,,,,,,,,594,,,On,Connected,-63.000000,2462,28,,,,IWLAN
625,1,,,-121.9314830,47.5244923,2026-01-22 22:09:13.000,_20260122_135959_CH01_TMO_5GNR_WFC_MO-DUT-1_TC-151.dml,,,,,,,,,,NR SA,,,,,,,,,,,,,,,,,,,594,,,On,Connected,-63.000000,2462,28,,,,
626,1,,,-121.9314830,47.5244923,2026-01-22 22:09:14.000,_20260122_135959_CH01_TMO_5GNR_WFC_MO-DUT-1_TC-151.dml,,,,,,,,,,NR SA,,,,,,,,,,,,,,,,,,,594,,,On,Connected,-63.000000,2462,48,,,,IWLAN
627,1,,,-121.9314830,47.5244923,2026-01-22 22:09:15.000,_20260122_135959_CH01_TMO_5GNR_WFC_MO-DUT-1_TC-151.dml,,,,,,,,,,NR SA,,,,,,,,,,,,,,,,,,,594,,,On,Connected,-63.000000,2462,48,,,,IWLAN
628,1,,,-121.9314830,47.5244923,2026-01-22 22:09:16.000,_20260122_135959_CH01_TMO_5GNR_WFC_MO-DUT-1_TC-151.dml,,,,,,,,,,NR SA,,,,,,,,,,,,,,,,,,,594,,,On,Connected,-63.000000,2462,48,,,,IWLAN
629,1,,,-121.9314830,47.5244923,2026-01-22 22:09:17.000,_20260122_135959_CH01_TMO_5GNR_WFC_MO-DUT-1_TC-151.dml,,,,,,,,,,NR SA,,,,,,,,,,,,,,,,,,,594,,3.878620,On,Connected,-63.000000,2462,48,,,,IWLAN
630,1,,,-121.9314830,47.5244923,2026-01-22 22:09:18.000,_20260122_135959_CH01_TMO_5GNR_WFC_MO-DUT-1_TC-151.dml,,,,,,,,,,NR SA,,,,,,,,,,,,,,,,,,,594,,3.878620,On,Connected,-63.000000,2462,48,,,,IWLAN
631,1,,,-121.9314830,47.5244923,2026-01-22 22:09:19.000,_20260122_135959_CH01_TMO_5GNR_WFC_MO-DUT-1_TC-151.dml,,,,,,,,,,NR SA,,,,,,,,,,,,,,,,,,,594,,3.878620,On,Connected,-63.000000,2462,48,,,,IWLAN
632,1,,,-121.9314830,47.5244923,2026-01-22 22:09:20.000,_20260122_135959_CH01_TMO_5GNR_WFC_MO-DUT-1_TC-151.dml,,,,,,,,,,NR SA,,,,,,,,,,,,,,,,,,,594,,3.878620,On,Connected,-63.000000,2462,48,,,,IWLAN
633,1,,,-121.9314830,47.5244923,2026-01-22 22:09:21.000,_20260122_135959_CH01_TMO_5GNR_WFC_MO-DUT-1_TC-151.dml,,,,,,,,,,NR SA,,,,,,,,,,,,,,,,,,,594,,3.878620,On,Connected,-63.000000,2462,48,,,,IWLAN
634,1,,,-121.9314830,47.5244923,2026-01-22 22:09:22.000,_20260122_135959_CH01_TMO_5GNR_WFC_MO-DUT-1_TC-151.dml,,,,,,,,,,NR SA,,,,,,,,,,,,,,,,,,,594,,3.878620,On,Connected,-63.000000,2462,48,,,,IWLAN
635,1,,,-121.9314830,47.5244923,2026-01-22 22:09:23.000,_20260122_135959_CH01_TMO_5GNR_WFC_MO-DUT-1_TC-151.dml,,,,,,,,,,NR SA,,,,,,,,,,,,,,,,,,,594,,3.878620,On,Connected,-62.000000,2462,44,,,,IWLAN
636,1,,,-121.9314830,47.5244923,2026-01-22 22:09:24.000,_20260122_135959_CH01_TMO_5GNR_WFC_MO-DUT-1_TC-151.dml,,,,,,,,,,NR SA,,,,,,,,,,,,,,,,,,,594,,3.878620,On,Connected,-62.000000,2462,44,,,,IWLAN
637,1,,,-121.9314830,47.5244923,2026-01-22 22:09:25.000,_20260122_135959_CH01_TMO_5GNR_WFC_MO-DUT-1_TC-151.dml,,,,,,,,,,NR SA,,,,,,,,,,,,,,,,,,,594,,3.878620,On,Connected,-62.000000,2462,44,,,,IWLAN
638,1,,,-121.9314830,47.5244923,2026-01-22 22:09:26.000,_20260122_135959_CH01_TMO_5GNR_WFC_MO-DUT-1_TC-151.dml,,,,,,,,,,NR SA,,,,,,,,,,,,,,,,,,,594,,3.878620,On,Connected,-62.000000,2462,64,,,,IWLAN
639,1,,,-121.9314830,47.5244923,2026-01-22 22:09:26.552,_20260122_135959_CH01_TMO_5GNR_WFC_MO-DUT-1_TC-151.dml,,,,,,,,,,,,,,,,,,,,,,,,,,,,,,-67.646429,,,,,,,,,,
640,1,,,-121.9314830,47.5244923,2026-01-22 22:09:27.000,_20260122_135959_CH01_TMO_5GNR_WFC_MO-DUT-1_TC-151.dml,,,,,,,,,,NR SA,,,,,,,,,,,,,,,,,,,594,,,On,Connected,-62.000000,2462,64,,,,IWLAN
641,1,,,-121.9314830,47.5244923,2026-01-22 22:09:28.000,_20260122_135959_CH01_TMO_5GNR_WFC_MO-DUT-1_TC-151.dml,,,,,,,,,,NR SA,,,,,,,,,,,,,,,,,,,594,,,On,Connected,-62.000000,2462,64,,,,IWLAN
642,1,,,-121.9314830,47.5244923,2026-01-22 22:09:29.000,_20260122_135959_CH01_TMO_5GNR_WFC_MO-DUT-1_TC-151.dml,,,,,,,,,,NR SA,,,,,,,,,,,,,,,,,,,594,,,On,Connected,-62.000000,2462,48,,,,IWLAN
643,1,,,-121.9314830,47.5244923,2026-01-22 22:09:30.000,_20260122_135959_CH01_TMO_5GNR_WFC_MO-DUT-1_TC-151.dml,,,,,,,,,,NR SA,,,,,,,,,,,,,,,,,,,594,,,On,Connected,-62.000000,2462,48,,,,IWLAN
644,1,,,-121.9314830,47.5244923,2026-01-22 22:09:31.000,_20260122_135959_CH01_TMO_5GNR_WFC_MO-DUT-1_TC-151.dml,,,,,,,,,,NR SA,,,,,,,,,,,,,,,,,,,594,,,On,Connected,-62.000000,2462,48,,,,IWLAN
645,1,,,-121.9314830,47.5244923,2026-01-22 22:09:32.000,_20260122_135959_CH01_TMO_5GNR_WFC_MO-DUT-1_TC-151.dml,,,,,,,,,,NR SA,,,,,,,,,,,,,,,,,,,594,,,On,Connected,-62.000000,2462,48,,,,IWLAN
646,1,,,-121.9314830,47.5244923,2026-01-22 22:09:33.000,_20260122_135959_CH01_TMO_5GNR_WFC_MO-DUT-1_TC-151.dml,,,,,,,,,,NR SA,,,,,,,,,,,,,,,,,,,594,,,On,Connected,-62.000000,2462,48,,,,IWLAN
647,1,,,-121.9314830,47.5244923,2026-01-22 22:09:34.000,_20260122_135959_CH01_TMO_5GNR_WFC_MO-DUT-1_TC-151.dml,,,,,,,,,,NR SA,,,,,,,,,,,,,,,,,,,594,,,On,Connected,-62.000000,2462,48,,,,IWLAN
648,1,,,-121.9314830,47.5244923,2026-01-22 22:09:35.000,_20260122_135959_CH01_TMO_5GNR_WFC_MO-DUT-1_TC-151.dml,,,,,,,,,,NR SA,,,,,,,,,,,,,,,,,,,594,,,On,Connected,-63.000000,2462,48,,,,IWLAN
649,1,,,-121.9314830,47.5244923,2026-01-22 22:09:36.000,_20260122_135959_CH01_TMO_5GNR_WFC_MO-DUT-1_TC-151.dml,,,,,,,,,,NR SA,,,,,,,,,,,,,,,,,,,594,,3.771616,On,Connected,-63.000000,2462,48,,,,IWLAN
650,1,,,-121.9314830,47.5244923,2026-01-22 22:09:37.000,_20260122_135959_CH01_TMO_5GNR_WFC_MO-DUT-1_TC-151.dml,,,,,,,,,,NR SA,,,,,,,,,,,,,,,,,,,594,,3.771616,On,Connected,-63.000000,2462,48,,,,IWLAN
651,1,,,-121.9314830,47.5244923,2026-01-22 22:09:38.000,_20260122_135959_CH01_TMO_5GNR_WFC_MO-DUT-1_TC-151.dml,,,,,,,,,,NR SA,,,,,,,,,,,,,,,,,,,594,,3.771616,,Connected,,,,,,,IWLAN
652,1,,,-121.9314830,47.5244923,2026-01-22 22:09:39.000,_20260122_135959_CH01_TMO_5GNR_WFC_MO-DUT-1_TC-151.dml,,,,,,,,,,NR SA,,,,,,,,,,,,,,,,,,,594,,3.771616,On,Connected,-64.000000,2462,48,,,,IWLAN
653,1,,,-121.9314830,47.5244923,2026-01-22 22:09:40.000,_20260122_135959_CH01_TMO_5GNR_WFC_MO-DUT-1_TC-151.dml,,,,,,,,,,NR SA,,,,,,,,,,,,,,,,,,,594,,3.771616,On,Connected,-64.000000,2462,48,,,,IWLAN
654,1,,,-121.9314830,47.5244923,2026-01-22 22:09:41.000,_20260122_135959_CH01_TMO_5GNR_WFC_MO-DUT-1_TC-151.dml,,,,,,,,,,NR SA,,,,,,,,,,,,,,,,,,,594,,3.771616,On,Connected,-63.000000,2462,44,,,,IWLAN
655,1,,,-121.9314830,47.5244923,2026-01-22 22:09:42.000,_20260122_135959_CH01_TMO_5GNR_WFC_MO-DUT-1_TC-151.dml,,,,,,,,,,NR SA,,,,,,,,,,,,,,,,,,,594,,3.771616,On,Connected,-63.000000,2462,44,,,,IWLAN
656,1,,,-121.9314830,47.5244923,2026-01-22 22:09:43.000,_20260122_135959_CH01_TMO_5GNR_WFC_MO-DUT-1_TC-151.dml,,,,,,,,,,NR SA,,,,,,,,,,,,,,,,,,,594,,3.771616,On,Connected,-63.000000,2462,44,,,,IWLAN
657,1,,,-121.9314830,47.5244923,2026-01-22 22:09:44.000,_20260122_135959_CH01_TMO_5GNR_WFC_MO-DUT-1_TC-151.dml,,,,,,,,,,NR SA,,,,,,,,,,,,,,,,,,,594,,3.771616,On,Connected,-64.000000,2462,44,,,,IWLAN
658,1,,,-121.9314830,47.5244923,2026-01-22 22:09:45.000,_20260122_135959_CH01_TMO_5GNR_WFC_MO-DUT-1_TC-151.dml,,,,,,,,,,NR SA,,,,,,,,,,,,,,,,,,,594,,3.771616,On,Connected,-64.000000,2462,44,,,,IWLAN
659,1,,,-121.9314830,47.5244923,2026-01-22 22:09:46.000,_20260122_135959_CH01_TMO_5GNR_WFC_MO-DUT-1_TC-151.dml,,,,,,,,,,NR SA,,,,,,,,,,,,,,,,,,,594,,,On,Connected,-64.000000,2462,44,,,,IWLAN
660,1,,,-121.9314830,47.5244923,2026-01-22 22:09:46.553,_20260122_135959_CH01_TMO_5GNR_WFC_MO-DUT-1_TC-151.dml,,,,,,,,,,,,,,,,,,,,,,,,,,,,,,-68.685000,,,,,,,,,,
661,1,,,-121.9314830,47.5244923,2026-01-22 22:09:47.000,_20260122_135959_CH01_TMO_5GNR_WFC_MO-DUT-1_TC-151.dml,,,,,,,,,,NR SA,,,,,,,,,,,,,,,,,,,594,,,On,Connected,-62.000000,2462,48,,,,IWLAN
662,1,,,-121.9314830,47.5244923,2026-01-22 22:09:48.000,_20260122_135959_CH01_TMO_5GNR_WFC_MO-DUT-1_TC-151.dml,,,,,,,,,,NR SA,,,,,,,,,,,,,,,,,,,594,,,On,Connected,-62.000000,2462,48,,,,IWLAN
663,1,,,-121.9314830,47.5244923,2026-01-22 22:09:49.000,_20260122_135959_CH01_TMO_5GNR_WFC_MO-DUT-1_TC-151.dml,,,,,,,,,,NR SA,,,,,,,,,,,,,,,,,,,594,,,On,Connected,-62.000000,2462,48,,,,IWLAN
664,1,,,-121.9314830,47.5244923,2026-01-22 22:09:50.000,_20260122_135959_CH01_TMO_5GNR_WFC_MO-DUT-1_TC-151.dml,,,,,,,,,,NR SA,,,,,,,,,,,,,,,,,,,594,,,On,Connected,-63.000000,2462,48,,,,IWLAN
665,1,,,-121.9314830,47.5244923,2026-01-22 22:09:51.000,_20260122_135959_CH01_TMO_5GNR_WFC_MO-DUT-1_TC-151.dml,,,,,,,,,,NR SA,,,,,,,,,,,,,,,,,,,594,,,On,Connected,-63.000000,2462,48,,,,IWLAN
666,1,,,-121.9314830,47.5244923,2026-01-22 22:09:52.000,_20260122_135959_CH01_TMO_5GNR_WFC_MO-DUT-1_TC-151.dml,,,,,,,,,,NR SA,,,,,,,,,,,,,,,,,,,594,,,On,Connected,-63.000000,2462,48,,,,IWLAN
667,1,,,-121.9314830,47.5244923,2026-01-22 22:09:53.000,_20260122_135959_CH01_TMO_5GNR_WFC_MO-DUT-1_TC-151.dml,,,,,,,,,,NR SA,,,,,,,,,,,,,,,,,,,594,,,On,Connected,-64.000000,2462,44,,,,IWLAN
668,1,,,-121.9314830,47.5244923,2026-01-22 22:09:54.000,_20260122_135959_CH01_TMO_5GNR_WFC_MO-DUT-1_TC-151.dml,,,,,,,,,,NR SA,,,,,,,,,,,,,,,,,,,594,,,,Connected,,,,,,,IWLAN
669,1,,,-121.9314830,47.5244923,2026-01-22 22:09:55.000,_20260122_135959_CH01_TMO_5GNR_WFC_MO-DUT-1_TC-151.dml,,,,,,,,,,NR SA,,,,,,,,,,,,,,,,,,,594,,,On,Connected,-64.000000,2462,44,,,,IWLAN
670,1,,,-121.9314830,47.5244923,2026-01-22 22:09:56.000,_20260122_135959_CH01_TMO_5GNR_WFC_MO-DUT-1_TC-151.dml,,,,,,,,,,NR SA,,,,,,,,,,,,,,,,,,,594,,3.663149,On,Connected,-62.000000,2462,48,,,,IWLAN
671,1,,,-121.9314830,47.5244923,2026-01-22 22:09:57.000,_20260122_135959_CH01_TMO_5GNR_WFC_MO-DUT-1_TC-151.dml,,,,,,,,,,NR SA,,,,,,,,,,,,,,,,,,,594,,3.663149,On,Connected,-62.000000,2462,48,,,,IWLAN
672,1,,,-121.9314830,47.5244923,2026-01-22 22:09:58.000,_20260122_135959_CH01_TMO_5GNR_WFC_MO-DUT-1_TC-151.dml,,,,,,,,,,NR SA,,,,,,,,,,,,,,,,,,,594,,3.663149,On,Connected,-62.000000,2462,48,,,,IWLAN
673,1,,,-121.9314830,47.5244923,2026-01-22 22:09:59.000,_20260122_135959_CH01_TMO_5GNR_WFC_MO-DUT-1_TC-151.dml,,,,,,,,,,NR SA,,,,,,,,,,,,,,,,,,,594,,3.663149,On,Connected,-63.000000,2462,28,,,,IWLAN
674,1,,,-121.9314830,47.5244923,2026-01-22 22:10:00.000,_20260122_135959_CH01_TMO_5GNR_WFC_MO-DUT-1_TC-151.dml,,,,,,,,,,NR SA,,,,,,,,,,,,,,,,,,,594,,3.663149,On,Connected,-63.000000,2462,28,,,,IWLAN
675,1,,,-121.9314830,47.5244923,2026-01-22 22:10:01.000,_20260122_135959_CH01_TMO_5GNR_WFC_MO-DUT-1_TC-151.dml,,,,,,,,,,NR SA,,,,,,,,,,,,,,,,,,,594,,3.663149,On,Connected,-63.000000,2462,28,,,,IWLAN
676,1,,,-121.9314830,47.5244923,2026-01-22 22:10:02.000,_20260122_135959_CH01_TMO_5GNR_WFC_MO-DUT-1_TC-151.dml,,,,,,,,,,NR SA,,,,,,,,,,,,,,,,,,,594,,3.663149,On,Connected,-63.000000,2462,32,,,,IWLAN
677,1,,,-121.9314830,47.5244923,2026-01-22 22:10:03.000,_20260122_135959_CH01_TMO_5GNR_WFC_MO-DUT-1_TC-151.dml,,,,,,,,,,NR SA,,,,,,,,,,,,,,,,,,,594,,3.663149,On,Connected,-63.000000,2462,32,,,,IWLAN
678,1,,,-121.9314830,47.5244923,2026-01-22 22:10:04.000,_20260122_135959_CH01_TMO_5GNR_WFC_MO-DUT-1_TC-151.dml,,,,,,,,,,NR SA,,,,,,,,,,,,,,,,,,,594,,3.663149,On,Connected,-63.000000,2462,32,,,,IWLAN
679,1,,,-121.9314830,47.5244923,2026-01-22 22:10:05.000,_20260122_135959_CH01_TMO_5GNR_WFC_MO-DUT-1_TC-151.dml,,,,,,,,,,NR SA,,,,,,,,,,,,,,,,,,,594,,3.663149,On,Connected,-63.000000,2462,48,,,,IWLAN
680,1,,,-121.9314830,47.5244923,2026-01-22 22:10:06.000,_20260122_135959_CH01_TMO_5GNR_WFC_MO-DUT-1_TC-151.dml,,,,,,,,,,NR SA,,,,,,,,,,,,,,,,,,,594,,,On,Connected,-63.000000,2462,48,,,,IWLAN
681,1,,,-121.9314830,47.5244923,2026-01-22 22:10:06.380,_20260122_135959_CH01_TMO_5GNR_WFC_MO-DUT-1_TC-151.dml,,,,,,,,,,,,,,,,,,,,,,,[Tool] Voice - Release Call Request,,,,,,,,,,,,,,,,,
682,1,,,-121.9314830,47.5244923,2026-01-22 22:10:06.536,_20260122_135959_CH01_TMO_5GNR_WFC_MO-DUT-1_TC-151.dml,,,,,,,,,,,,,,,,,,,,,,,,,,,,,,-68.932556,,,,,,,,,,
683,1,,,-121.9314830,47.5244923,2026-01-22 22:10:06.911,_20260122_135959_CH01_TMO_5GNR_WFC_MO-DUT-1_TC-151.dml,,,,,,,,,,,,,,,,,,,,,,Complete,[Tool] Voice - Call Result : Complete,,,,,,,,,,,,,,,,,
684,1,,,-121.9314830,47.5244923,2026-01-22 22:10:06.911,_20260122_135959_CH01_TMO_5GNR_WFC_MO-DUT-1_TC-151.dml,,,,,,,,,,,,,,,,,,,,,,,[UE]   Voice - Release Call Success,,,,,,,,,,,,,,,,,
685,1,,,-121.9314830,47.5244923,2026-01-22 22:10:07.000,_20260122_135959_CH01_TMO_5GNR_WFC_MO-DUT-1_TC-151.dml,,,,,,,,,,,,,,,,,,,,,,,,1,,,,,594,,,On,Connected,-63.000000,2462,48,,,,IWLAN
686,1,,,-121.9314830,47.5244923,2026-01-22 22:10:07.927,_20260122_135959_CH01_TMO_5GNR_WFC_MO-DUT-1_TC-151.dml,,,,,,,,,,,,,,,,,,,,,,,[UE]   Voice - Release Call Success,,,,,,,,,,,,,,,,,
687,1,,,-121.9314830,47.5244923,2026-01-22 22:10:08.000,_20260122_135959_CH01_TMO_5GNR_WFC_MO-DUT-1_TC-151.dml,,,,,,,,,,,,,,,,,,,,,,,,,,,,,594,,,,Connected,,,,,,,
688,1,,,-121.9314830,47.5244923,2026-01-22 22:10:09.000,_20260122_135959_CH01_TMO_5GNR_WFC_MO-DUT-1_TC-151.dml,,,,,,,,,,,,,,,,,,,,,,,,,,,,,594,,,On,Connected,-62.000000,2462,48,,,,IWLAN
689,1,,,-121.9314830,47.5244923,2026-01-22 22:10:10.000,_20260122_135959_CH01_TMO_5GNR_WFC_MO-DUT-1_TC-151.dml,,,,,,,,,,,,,,,,,,,,,,,,,,,,,594,,,,Connected,,,,,,,
690,1,,,-121.9314830,47.5244923,2026-01-22 22:10:11.000,_20260122_135959_CH01_TMO_5GNR_WFC_MO-DUT-1_TC-151.dml,,,,,,,,,,,,,,,,,,,,,,,,,,,,,594,,,On,Connected,-60.000000,2462,48,,,,IWLAN
691,1,,,-121.9314830,47.5244923,2026-01-22 22:10:12.000,_20260122_135959_CH01_TMO_5GNR_WFC_MO-DUT-1_TC-151.dml,,,,,,,,,,,,,,,,,,,,,,,,,,,,,594,,,On,Connected,-58.000000,2462,48,,,,IWLAN
692,1,,,-121.9314830,47.5244923,2026-01-22 22:10:13.000,_20260122_135959_CH01_TMO_5GNR_WFC_MO-DUT-1_TC-151.dml,,,,,,,,,,,,,,,,,,,,,,,,,,,,,594,,,On,Connected,-58.000000,2462,48,,,,IWLAN
693,1,,,-121.9314830,47.5244923,2026-01-22 22:10:14.000,_20260122_135959_CH01_TMO_5GNR_WFC_MO-DUT-1_TC-151.dml,,,,,,,,,,,,,,,,,,,,,,,,,,,,,594,,,On,Connected,-58.000000,2462,48,,,,IWLAN
694,1,,,-121.9314830,47.5244923,2026-01-22 22:10:15.000,_20260122_135959_CH01_TMO_5GNR_WFC_MO-DUT-1_TC-151.dml,,,,,,,,,,,,,,,,,,,,,,,,,,,,,594,,,On,Connected,-58.000000,2462,48,,,,IWLAN
695,1,,,-121.9314830,47.5244923,2026-01-22 22:10:16.000,_20260122_135959_CH01_TMO_5GNR_WFC_MO-DUT-1_TC-151.dml,,,,,,,,,,,,,,,,,,,,,,,,,,,,,594,,,On,Connected,-58.000000,2462,48,,,,IWLAN
696,1,,,-121.9314830,47.5244923,2026-01-22 22:10:17.000,_20260122_135959_CH01_TMO_5GNR_WFC_MO-DUT-1_TC-151.dml,,,,,,,,,,,,,,,,,,,,,,,,,,,,,594,,,,Connected,,,,,,,IWLAN
697,1,,,-121.9314830,47.5244923,2026-01-22 22:10:18.000,_20260122_135959_CH01_TMO_5GNR_WFC_MO-DUT-1_TC-151.dml,,,,,,,,,,,,,,,,,,,,,,,,,,,,,594,,,On,Connected,-55.000000,2462,48,,,,IWLAN
698,1,,,-121.9314830,47.5244923,2026-01-22 22:10:19.000,_20260122_135959_CH01_TMO_5GNR_WFC_MO-DUT-1_TC-151.dml,,,,,,,,,,,,,,,,,,,,,,,,,,,,,594,,,On,Connected,-55.000000,2462,48,,,,IWLAN
699,1,,,-121.9314830,47.5244923,2026-01-22 22:10:20.000,_20260122_135959_CH01_TMO_5GNR_WFC_MO-DUT-1_TC-151.dml,,,,,,,,,,,,,,,,,,,,,,,,,,,,,594,,,On,Connected,-55.000000,2462,48,,,,IWLAN
700,1,,,-121.9314830,47.5244923,2026-01-22 22:10:21.000,_20260122_135959_CH01_TMO_5GNR_WFC_MO-DUT-1_TC-151.dml,,,,,,,,,,,,,,,,,,,,,,,,,,,,,594,,,On,Connected,-55.000000,2462,48,,,,IWLAN
701,1,,,-121.9314830,47.5244923,2026-01-22 22:10:22.000,_20260122_135959_CH01_TMO_5GNR_WFC_MO-DUT-1_TC-151.dml,,,,,,,,,,,,,,,,,,,,,,,,,,,,,594,,,On,Connected,-55.000000,2462,48,,,,IWLAN
702,1,,,-121.9314830,47.5244923,2026-01-22 22:10:23.000,_20260122_135959_CH01_TMO_5GNR_WFC_MO-DUT-1_TC-151.dml,,,,,,,,,,,,,,,,,,,,,,,,,,,,,594,,,On,Connected,-55.000000,2462,64,,,,IWLAN
703,1,,,-121.9314830,47.5244923,2026-01-22 22:10:24.000,_20260122_135959_CH01_TMO_5GNR_WFC_MO-DUT-1_TC-151.dml,,,,,,,,,,,,,,,,,,,,,,,,,,,,,594,,,,Connected,,,,,,,
704,1,,,-121.9314830,47.5244923,2026-01-22 22:10:25.000,_20260122_135959_CH01_TMO_5GNR_WFC_MO-DUT-1_TC-151.dml,,,,,,,,,,,,,,,,,,,,,,,,,,,,,594,,,On,Connected,-55.000000,2462,64,,,,IWLAN
705,1,,,-121.9314830,47.5244923,2026-01-22 22:10:26.000,_20260122_135959_CH01_TMO_5GNR_WFC_MO-DUT-1_TC-151.dml,,,,,,,,,,,,,,,,,,,,,,,,,,,,,594,,,,Connected,,,,,,,
706,1,,,-121.9314830,47.5244923,2026-01-22 22:10:27.000,_20260122_135959_CH01_TMO_5GNR_WFC_MO-DUT-1_TC-151.dml,,,,,,,,,,,,,,,,,,,,,,,,,,,,,594,,,On,Connected,-54.000000,2462,48,,,,IWLAN
707,1,,,-121.9314830,47.5244923,2026-01-22 22:10:28.000,_20260122_135959_CH01_TMO_5GNR_WFC_MO-DUT-1_TC-151.dml,,,,,,,,,,,,,,,,,,,,,,,,,,,,,594,,,On,Connected,-54.000000,2462,48,,,,IWLAN
708,1,,,-121.9314830,47.5244923,2026-01-22 22:10:29.000,_20260122_135959_CH01_TMO_5GNR_WFC_MO-DUT-1_TC-151.dml,,,,,,,,,,,,,,,,,,,,,,,,,,,,,594,,,,Connected,,,,,,,IWLAN
709,1,,,-121.9314830,47.5244923,2026-01-22 22:10:30.000,_20260122_135959_CH01_TMO_5GNR_WFC_MO-DUT-1_TC-151.dml,,,,,,,,,,,,,,,,,,,,,,,,,,,,,594,,,On,Connected,-55.000000,2462,48,,,,IWLAN
710,1,,,-121.9314830,47.5244923,2026-01-22 22:10:31.000,_20260122_135959_CH01_TMO_5GNR_WFC_MO-DUT-1_TC-151.dml,,,,,,,,,,,,,,,,,,,,,,,,,,,,,594,,,,Connected,,,,,,,IWLAN
711,1,,,-121.9314830,47.5244923,2026-01-22 22:10:32.000,_20260122_135959_CH01_TMO_5GNR_WFC_MO-DUT-1_TC-151.dml,,,,,,,,,,,,,,,,,,,,,,,,,,,,,594,,,On,Connected,-55.000000,2462,48,,,,IWLAN
712,1,,,-121.9314830,47.5244923,2026-01-22 22:10:33.000,_20260122_135959_CH01_TMO_5GNR_WFC_MO-DUT-1_TC-151.dml,,,,,,,,,,,,,,,,,,,,,,,,,,,,,594,,,,Connected,,,,,,,
713,1,,,-121.9314830,47.5244923,2026-01-22 22:10:34.000,_20260122_135959_CH01_TMO_5GNR_WFC_MO-DUT-1_TC-151.dml,,,,,,,,,,,,,,,,,,,,,,,,,,,,,594,,,On,Connected,-55.000000,2462,48,,,,IWLAN
714,1,,,-121.9314830,47.5244923,2026-01-22 22:10:34.458,_20260122_135959_CH01_TMO_5GNR_WFC_MO-DUT-1_TC-151.dml,,,,,,,,,,,,,,,,,,,,,,,[Tool] Voice - Release Call Request,,,,,,,,,,,,,,,,,
715,1,,,-121.9314830,47.5244923,2026-01-22 22:10:35.000,_20260122_135959_CH01_TMO_5GNR_WFC_MO-DUT-1_TC-151.dml,,,,,,,,,,,,,,,,,,,,,,,,,,,,,594,,,On,Connected,-55.000000,2462,48,,,,IWLAN
716,1,,,-121.9314830,47.5244923,2026-01-22 22:10:36.000,_20260122_135959_CH01_TMO_5GNR_WFC_MO-DUT-1_TC-151.dml,,,,,,,,,,,,,,,,,,,,,,,,,,,,,594,,,,Connected,,,,,,,IWLAN
717,1,,,-121.9314830,47.5244923,2026-01-22 22:10:37.021,_20260122_135959_CH01_TMO_5GNR_WFC_MO-DUT-1_TC-151.dml,,,,,,,,,,,,,,,,,,,,,,,[Tool] Voice - Call Scheduling End,,,,,,,,,,,,,,,,,
718,1,,,-121.9314830,47.5244923,2026-01-22 22:10:37.021,_20260122_135959_CH01_TMO_5GNR_WFC_MO-DUT-1_TC-151.dml,NR SA,Voice,Complete,NR SA,NR SA,,,,,,,,,,,,Complete,Origination,Complete,,,,,,,,,90.281000,,,,,,,,,,EPSFB,,
719,1,,,-121.9314830,47.5244923,2026-01-22 22:10:37.021,_20260122_135959_CH01_TMO_5GNR_WFC_MO-DUT-1_TC-151.dml,,,,,,,,,,,,,,,,,,,,,,,[Tool] Voice - Release Call Request,,,,,,,,,,,,,,,,,
720,1,,,-121.9314830,47.5244923,2026-01-22 22:10:37.000,_20260122_135959_CH01_TMO_5GNR_WFC_MO-DUT-1_TC-151.dml,,,,,,,,,,,,,,,,,,,,,,,,,,,,,594,,,On,Connected,-55.000000,2462,48,,,,IWLAN
721,1,,,-121.9314830,47.5244923,2026-01-22 22:10:38.000,_20260122_135959_CH01_TMO_5GNR_WFC_MO-DUT-1_TC-151.dml,,,,,,,,,,,,,,,,,,,,,,,,,,,,,594,,,,Connected,,,,,,,IWLAN
