IDX,LID,CI_1,CI_2,Lon,Lat,Time,Measure,[LTE] [L1] [RF] PCI,[LTE] [L1] [RF] RSRP,[LTE] [L1] [RF] RS SINR,[General] Band Classification,[General] Serving Network (In Traffic),[NR5G] [RF] PCI,[NR5G] [RF] RSRP,[NR5G] [RF] SINR,[Call Test] [iPerf] [Throughput] DL Jitter,[Call Test] [iPerf] [Throughput] DL Error Ratio,[Call Test] [iPerf] [Call Average] [Jitter and Error] UL Jitter,[Call Test] [iPerf] [Call Average] [Jitter and Error] UL Error Ratio,[Event] [Data call test detail events] FTP Call Event,[Event] [Data call test detail events] HTTP Call Event,[Call Test] [HTTP Transfer] HTTP Transfer Call Event,[Call Test] [Throughput] Application DL TP,[Call Test] [iPerf] [Call Average] [Throughput] UL Avg TP,[Call Test] [iPerf] [Call Average] [Throughput] DL Avg TP,[Call Test] [Throughput] Application UL TP,[Event] [Data call test detail events] IPERF Call Event,[NR5G] [Throughput] PUSCH TP,[Event] [Data call test detail events] Ping Call Event,[Call Test] [HTTP] Total duration,[Call Test] [PING] Loss Count,[Call Test] [PING] [RTT] RTT
1,1,,,-73.9875783,40.7623883,2026-01-27 21:54:56.000,_20260127_165441_CH01_REF_TMO-NSA_PING_NJ NY_L2.dml,,,,,,,,,,,,,,,,,,,,,,,,,
2,1,,,-73.9876450,40.7624183,2026-01-27 21:54:57.000,_20260127_165441_CH01_REF_TMO-NSA_PING_NJ NY_L2.dml,,,,,,,,,,,,,,,,,,,,,,,,,
3,1,,,-73.9876650,40.7624267,2026-01-27 21:54:58.000,_20260127_165441_CH01_REF_TMO-NSA_PING_NJ NY_L2.dml,,,,N41(100),,371,-72.000000,22.000000,,,,,,,,,,,,,,,,,
4,1,,,-73.9877283,40.7624300,2026-01-27 21:55:00.000,_20260127_165441_CH01_REF_TMO-NSA_PING_NJ NY_L2.dml,,,,,,,,,,,,,,,,,,,,,,,,,
5,1,,,-73.9877300,40.7624100,2026-01-27 21:55:01.000,_20260127_165441_CH01_REF_TMO-NSA_PING_NJ NY_L2.dml,,,,,,,,,,,,,,,,,,,,,,,,,
6,1,,,-73.9877617,40.7623867,2026-01-27 21:55:02.000,_20260127_165441_CH01_REF_TMO-NSA_PING_NJ NY_L2.dml,,,,,,,,,,,,,,,,,,,,,,,,,
7,1,,,-73.9877850,40.7623617,2026-01-27 21:55:03.000,_20260127_165441_CH01_REF_TMO-NSA_PING_NJ NY_L2.dml,,,,,,,,,,,,,,,,,,,,,,,,,
8,1,,,-73.9878083,40.7623367,2026-01-27 21:55:04.000,_20260127_165441_CH01_REF_TMO-NSA_PING_NJ NY_L2.dml,,,,,,,,,,,,,,,,,,,,,,,,,
9,1,,,-73.9878017,40.7623400,2026-01-27 21:55:05.000,_20260127_165441_CH01_REF_TMO-NSA_PING_NJ NY_L2.dml,,,,,,,,,,,,,,,,,,,,,,,,,
10,1,,,-73.9878250,40.7623150,2026-01-27 21:55:05.411,_20260127_165441_CH01_REF_TMO-NSA_PING_NJ NY_L2.dml,,,,,,,,,,,,,,,,,,,,,,PING MeasureStart,,,
11,1,,,-73.9878250,40.7623150,2026-01-27 21:55:05.411,_20260127_165441_CH01_REF_TMO-NSA_PING_NJ NY_L2.dml,,,,,,,,,,,,,,,,,,,,,,PING START,,,
12,1,,,-73.9878250,40.7623150,2026-01-27 21:55:06.000,_20260127_165441_CH01_REF_TMO-NSA_PING_NJ NY_L2.dml,,,,,,,,,,,,,,,,,,,,,,,,,
13,1,,,-73.9878350,40.7623050,2026-01-27 21:55:07.000,_20260127_165441_CH01_REF_TMO-NSA_PING_NJ NY_L2.dml,,,,,,,,,,,,,,,,,,,,,,,,,
14,1,,,-73.9878367,40.7623033,2026-01-27 21:55:08.000,_20260127_165441_CH01_REF_TMO-NSA_PING_NJ NY_L2.dml,,,,,,,,,,,,,,,,,,,,,,,,,
15,1,,,-73.9878350,40.7623050,2026-01-27 21:55:08.411,_20260127_165441_CH01_REF_TMO-NSA_PING_NJ NY_L2.dml,,,,,,,,,,,,,,,,,,,,,,TIMEOUT_FrontIdle,,,
16,1,,,-73.9878350,40.7623050,2026-01-27 21:55:08.411,_20260127_165441_CH01_REF_TMO-NSA_PING_NJ NY_L2.dml,,,,,,,,,,,,,,,,,,,,,,PING Traffic Start,,,
17,1,,,-73.9878350,40.7623050,2026-01-27 21:55:08.881,_20260127_165441_CH01_REF_TMO-NSA_PING_NJ NY_L2.dml,,,,,,,,,,,,,,,,,,,,,,,,,40
18,1,,,-73.9878350,40.7623050,2026-01-27 21:55:09.000,_20260127_165441_CH01_REF_TMO-NSA_PING_NJ NY_L2.dml,,,,N41(100)+N71(x),NR SA,371,-75.470000,21.470000,,,,,,,,,,,,,,,,,
19,1,,,-73.9878350,40.7623050,2026-01-27 21:55:09.084,_20260127_165441_CH01_REF_TMO-NSA_PING_NJ NY_L2.dml,,,,,,,,,,,,,,,,,,,,,,,,,45
20,1,,,-73.9878350,40.7623050,2026-01-27 21:55:09.271,_20260127_165441_CH01_REF_TMO-NSA_PING_NJ NY_L2.dml,,,,,,,,,,,,,,,,,,,,,,,,,37
21,1,,,-73.9878450,40.7622967,2026-01-27 21:55:09.475,_20260127_165441_CH01_REF_TMO-NSA_PING_NJ NY_L2.dml,,,,,,,,,,,,,,,,,,,,,,,,,37
22,1,,,-73.9878450,40.7622967,2026-01-27 21:55:09.677,_20260127_165441_CH01_REF_TMO-NSA_PING_NJ NY_L2.dml,,,,,,,,,,,,,,,,,,,,,,,,,35
23,1,,,-73.9878450,40.7622967,2026-01-27 21:55:09.881,_20260127_165441_CH01_REF_TMO-NSA_PING_NJ NY_L2.dml,,,,,,,,,,,,,,,,,,,,,,,,,35
24,1,,,-73.9878450,40.7622967,2026-01-27 21:55:10.069,_20260127_165441_CH01_REF_TMO-NSA_PING_NJ NY_L2.dml,,,,,,,,,,,,,,,,,,,,,,,,,33
25,1,,,-73.9878450,40.7622967,2026-01-27 21:55:10.000,_20260127_165441_CH01_REF_TMO-NSA_PING_NJ NY_L2.dml,,,,N41(100)+N71(15),NR SA,371,-75.840000,20.900000,,,,,,,,,,,,,0.040,,,,
26,1,,,-73.9878450,40.7622967,2026-01-27 21:55:10.286,_20260127_165441_CH01_REF_TMO-NSA_PING_NJ NY_L2.dml,,,,,,,,,,,,,,,,,,,,,,,,,38
27,1,,,-73.9878483,40.7622933,2026-01-27 21:55:10.475,_20260127_165441_CH01_REF_TMO-NSA_PING_NJ NY_L2.dml,,,,,,,,,,,,,,,,,,,,,,,,,32
28,1,,,-73.9878483,40.7622933,2026-01-27 21:55:10.678,_20260127_165441_CH01_REF_TMO-NSA_PING_NJ NY_L2.dml,,,,,,,,,,,,,,,,,,,,,,,,,30
29,1,,,-73.9878483,40.7622933,2026-01-27 21:55:10.896,_20260127_165441_CH01_REF_TMO-NSA_PING_NJ NY_L2.dml,,,,,,,,,,,,,,,,,,,,,,,,,50
30,1,,,-73.9878483,40.7622933,2026-01-27 21:55:11.000,_20260127_165441_CH01_REF_TMO-NSA_PING_NJ NY_L2.dml,,,,N41(100)+N71(15),NR SA,371,-76.320000,20.960000,,,,,,,,,,,,,0.016,,,,
31,1,,,-73.9878483,40.7622933,2026-01-27 21:55:11.100,_20260127_165441_CH01_REF_TMO-NSA_PING_NJ NY_L2.dml,,,,,,,,,,,,,,,,,,,,,,,,,49
32,1,,,-73.9878483,40.7622933,2026-01-27 21:55:11.286,_20260127_165441_CH01_REF_TMO-NSA_PING_NJ NY_L2.dml,,,,,,,,,,,,,,,,,,,,,,,,,28
33,1,,,-73.9878550,40.7622883,2026-01-27 21:55:11.506,_20260127_165441_CH01_REF_TMO-NSA_PING_NJ NY_L2.dml,,,,,,,,,,,,,,,,,,,,,,,,,47
34,1,,,-73.9878550,40.7622883,2026-01-27 21:55:11.709,_20260127_165441_CH01_REF_TMO-NSA_PING_NJ NY_L2.dml,,,,,,,,,,,,,,,,,,,,,,,,,46
35,1,,,-73.9878550,40.7622883,2026-01-27 21:55:11.911,_20260127_165441_CH01_REF_TMO-NSA_PING_NJ NY_L2.dml,,,,,,,,,,,,,,,,,,,,,,,,,55
36,1,,,-73.9878550,40.7622883,2026-01-27 21:55:12.000,_20260127_165441_CH01_REF_TMO-NSA_PING_NJ NY_L2.dml,,,,N41(100)+N71(15),NR SA,371,-76.280000,20.700000,,,,,,,,,,,,,0.008,,,,
37,1,,,-73.9878550,40.7622883,2026-01-27 21:55:12.069,_20260127_165441_CH01_REF_TMO-NSA_PING_NJ NY_L2.dml,,,,,,,,,,,,,,,,,,,,,,,,,24
38,1,,,-73.9878550,40.7622883,2026-01-27 21:55:12.303,_20260127_165441_CH01_REF_TMO-NSA_PING_NJ NY_L2.dml,,,,,,,,,,,,,,,,,,,,,,,,,44
39,1,,,-73.9878600,40.7622850,2026-01-27 21:55:12.506,_20260127_165441_CH01_REF_TMO-NSA_PING_NJ NY_L2.dml,,,,,,,,,,,,,,,,,,,,,,,,,43
40,1,,,-73.9878600,40.7622850,2026-01-27 21:55:12.709,_20260127_165441_CH01_REF_TMO-NSA_PING_NJ NY_L2.dml,,,,,,,,,,,,,,,,,,,,,,,,,42
41,1,,,-73.9878600,40.7622850,2026-01-27 21:55:12.911,_20260127_165441_CH01_REF_TMO-NSA_PING_NJ NY_L2.dml,,,,,,,,,,,,,,,,,,,,,,,,,41
42,1,,,-73.9878600,40.7622850,2026-01-27 21:55:13.000,_20260127_165441_CH01_REF_TMO-NSA_PING_NJ NY_L2.dml,,,,N41(100)+N71(15),NR SA,371,-78.020000,19.260000,,,,,,,,,,,,,0.016,,,,
43,1,,,-73.9878600,40.7622850,2026-01-27 21:55:13.100,_20260127_165441_CH01_REF_TMO-NSA_PING_NJ NY_L2.dml,,,,,,,,,,,,,,,,,,,,,,,,,40
44,1,,,-73.9878650,40.7622817,2026-01-27 21:55:13.302,_20260127_165441_CH01_REF_TMO-NSA_PING_NJ NY_L2.dml,,,,,,,,,,,,,,,,,,,,,,,,,39
45,1,,,-73.9878650,40.7622817,2026-01-27 21:55:13.506,_20260127_165441_CH01_REF_TMO-NSA_PING_NJ NY_L2.dml,,,,,,,,,,,,,,,,,,,,,,,,,38
46,1,,,-73.9878650,40.7622817,2026-01-27 21:55:13.694,_20260127_165441_CH01_REF_TMO-NSA_PING_NJ NY_L2.dml,,,,,,,,,,,,,,,,,,,,,,,,,38
47,1,,,-73.9878650,40.7622817,2026-01-27 21:55:14.000,_20260127_165441_CH01_REF_TMO-NSA_PING_NJ NY_L2.dml,,,,N41(100)+N71(15),NR SA,371,-77.880000,19.640000,,,,,,,,,,,,,0.016,,,,
48,1,,,-73.9878683,40.7622783,2026-01-27 21:55:14.475,_20260127_165441_CH01_REF_TMO-NSA_PING_NJ NY_L2.dml,,,,,,,,,,,,,,,,,,,,,,PING Traffic End,,,
49,1,,,-73.9878683,40.7622783,2026-01-27 21:55:15.000,_20260127_165441_CH01_REF_TMO-NSA_PING_NJ NY_L2.dml,,,,N41(100)+N71(15),,371,-76.940000,20.420000,,,,,,,,,,,,,0.000,,,,
50,1,,,-73.9878733,40.7622767,2026-01-27 21:55:16.000,_20260127_165441_CH01_REF_TMO-NSA_PING_NJ NY_L2.dml,,,,N41(100)+N71(15),,371,-77.370000,20.500000,,,,,,,,,,,,,0.000,,,,
51,1,,,-73.9878733,40.7622850,2026-01-27 21:55:17.000,_20260127_165441_CH01_REF_TMO-NSA_PING_NJ NY_L2.dml,,,,N41(100)+N71(15),,371,-76.380000,21.440000,,,,,,,,,,,,,,,,,
52,1,,,-73.9878733,40.7622850,2026-01-27 21:55:17.475,_20260127_165441_CH01_REF_TMO-NSA_PING_NJ NY_L2.dml,,,,,,,,,,,,,,,,,,,,,,TIMEOUT_Idle,,,
53,1,,,-73.9878733,40.7622850,2026-01-27 21:55:17.475,_20260127_165441_CH01_REF_TMO-NSA_PING_NJ NY_L2.dml,,,,,,,,,,,,,,,,,,,,,,,,0,
54,1,,,-73.9878733,40.7622850,2026-01-27 21:55:17.475,_20260127_165441_CH01_REF_TMO-NSA_PING_NJ NY_L2.dml,,,,,,,,,,,,,,,,,,,,,,PING START,,,
55,1,,,-73.9878733,40.7622850,2026-01-27 21:55:18.000,_20260127_165441_CH01_REF_TMO-NSA_PING_NJ NY_L2.dml,,,,N41(100)+N71(15),,371,-76.560000,20.860000,,,,,,,,,,,,,0.000,,,,
56,1,,,-73.9878733,40.7622817,2026-01-27 21:55:19.000,_20260127_165441_CH01_REF_TMO-NSA_PING_NJ NY_L2.dml,,,,N41(100)+N71(15),,371,-77.080000,20.700000,,,,,,,,,,,,,0.000,,,,
57,1,,,-73.9878717,40.7622883,2026-01-27 21:55:20.000,_20260127_165441_CH01_REF_TMO-NSA_PING_NJ NY_L2.dml,,,,N41(100)+N71(15),,371,-76.140000,21.860000,,,,,,,,,,,,,0.000,,,,
58,1,,,-73.9878717,40.7622900,2026-01-27 21:55:20.475,_20260127_165441_CH01_REF_TMO-NSA_PING_NJ NY_L2.dml,,,,,,,,,,,,,,,,,,,,,,TIMEOUT_FrontIdle,,,
59,1,,,-73.9878717,40.7622900,2026-01-27 21:55:20.475,_20260127_165441_CH01_REF_TMO-NSA_PING_NJ NY_L2.dml,,,,,,,,,,,,,,,,,,,,,,PING Traffic Start,,,
60,1,,,-73.9878717,40.7622900,2026-01-27 21:55:20.661,_20260127_165441_CH01_REF_TMO-NSA_PING_NJ NY_L2.dml,,,,,,,,,,,,,,,,,,,,,,,,,33
61,1,,,-73.9878717,40.7622900,2026-01-27 21:55:20.865,_20260127_165441_CH01_REF_TMO-NSA_PING_NJ NY_L2.dml,,,,,,,,,,,,,,,,,,,,,,,,,33
62,1,,,-73.9878717,40.7622900,2026-01-27 21:55:21.000,_20260127_165441_CH01_REF_TMO-NSA_PING_NJ NY_L2.dml,,,,N41(100)+N71(15),NR SA,371,-76.940000,20.580000,,,,,,,,,,,,,0.000,,,,
63,1,,,-73.9878717,40.7622900,2026-01-27 21:55:21.052,_20260127_165441_CH01_REF_TMO-NSA_PING_NJ NY_L2.dml,,,,,,,,,,,,,,,,,,,,,,,,,31
64,1,,,-73.9878717,40.7622900,2026-01-27 21:55:21.256,_20260127_165441_CH01_REF_TMO-NSA_PING_NJ NY_L2.dml,,,,,,,,,,,,,,,,,,,,,,,,,29
65,1,,,-73.9878717,40.7622917,2026-01-27 21:55:21.475,_20260127_165441_CH01_REF_TMO-NSA_PING_NJ NY_L2.dml,,,,,,,,,,,,,,,,,,,,,,,,,50
66,1,,,-73.9878717,40.7622917,2026-01-27 21:55:21.678,_20260127_165441_CH01_REF_TMO-NSA_PING_NJ NY_L2.dml,,,,,,,,,,,,,,,,,,,,,,,,,54
67,1,,,-73.9878717,40.7622917,2026-01-27 21:55:21.850,_20260127_165441_CH01_REF_TMO-NSA_PING_NJ NY_L2.dml,,,,,,,,,,,,,,,,,,,,,,,,,26
68,1,,,-73.9878717,40.7622917,2026-01-27 21:55:22.000,_20260127_165441_CH01_REF_TMO-NSA_PING_NJ NY_L2.dml,,,,N41(100)+N71(15),NR SA,371,-77.640000,19.780000,,,,,,,,,,,,,0.008,,,,
69,1,,,-73.9878717,40.7622917,2026-01-27 21:55:22.036,_20260127_165441_CH01_REF_TMO-NSA_PING_NJ NY_L2.dml,,,,,,,,,,,,,,,,,,,,,,,,,27
70,1,,,-73.9878717,40.7622917,2026-01-27 21:55:22.271,_20260127_165441_CH01_REF_TMO-NSA_PING_NJ NY_L2.dml,,,,,,,,,,,,,,,,,,,,,,,,,46
71,1,,,-73.9878733,40.7622933,2026-01-27 21:55:22.459,_20260127_165441_CH01_REF_TMO-NSA_PING_NJ NY_L2.dml,,,,,,,,,,,,,,,,,,,,,,,,,45
72,1,,,-73.9878733,40.7622933,2026-01-27 21:55:22.646,_20260127_165441_CH01_REF_TMO-NSA_PING_NJ NY_L2.dml,,,,,,,,,,,,,,,,,,,,,,,,,22
73,1,,,-73.9878733,40.7622933,2026-01-27 21:55:22.881,_20260127_165441_CH01_REF_TMO-NSA_PING_NJ NY_L2.dml,,,,,,,,,,,,,,,,,,,,,,,,,61
74,1,,,-73.9878733,40.7622933,2026-01-27 21:55:23.000,_20260127_165441_CH01_REF_TMO-NSA_PING_NJ NY_L2.dml,,,,N41(100)+N71(15),NR SA,371,-78.110000,19.640000,,,,,,,,,,,,,0.008,,,,
75,1,,,-73.9878733,40.7622933,2026-01-27 21:55:23.053,_20260127_165441_CH01_REF_TMO-NSA_PING_NJ NY_L2.dml,,,,,,,,,,,,,,,,,,,,,,,,,40
76,1,,,-73.9878733,40.7622933,2026-01-27 21:55:23.286,_20260127_165441_CH01_REF_TMO-NSA_PING_NJ NY_L2.dml,,,,,,,,,,,,,,,,,,,,,,,,,66
77,1,,,-73.9878733,40.7622950,2026-01-27 21:55:23.459,_20260127_165441_CH01_REF_TMO-NSA_PING_NJ NY_L2.dml,,,,,,,,,,,,,,,,,,,,,,,,,40
78,1,,,-73.9878733,40.7622950,2026-01-27 21:55:23.646,_20260127_165441_CH01_REF_TMO-NSA_PING_NJ NY_L2.dml,,,,,,,,,,,,,,,,,,,,,,,,,37
79,1,,,-73.9878733,40.7622950,2026-01-27 21:55:23.865,_20260127_165441_CH01_REF_TMO-NSA_PING_NJ NY_L2.dml,,,,,,,,,,,,,,,,,,,,,,,,,36
80,1,,,-73.9878733,40.7622950,2026-01-27 21:55:24.000,_20260127_165441_CH01_REF_TMO-NSA_PING_NJ NY_L2.dml,,,,N41(100)+N71(15),NR SA,371,-77.890000,19.620000,,,,,,,,,,,,,0.032,,,,
81,1,,,-73.9878733,40.7622950,2026-01-27 21:55:24.052,_20260127_165441_CH01_REF_TMO-NSA_PING_NJ NY_L2.dml,,,,,,,,,,,,,,,,,,,,,,,,,39
82,1,,,-73.9878733,40.7622950,2026-01-27 21:55:24.256,_20260127_165441_CH01_REF_TMO-NSA_PING_NJ NY_L2.dml,,,,,,,,,,,,,,,,,,,,,,,,,36
83,1,,,-73.9878750,40.7622967,2026-01-27 21:55:24.459,_20260127_165441_CH01_REF_TMO-NSA_PING_NJ NY_L2.dml,,,,,,,,,,,,,,,,,,,,,,,,,35
84,1,,,-73.9878750,40.7622967,2026-01-27 21:55:24.646,_20260127_165441_CH01_REF_TMO-NSA_PING_NJ NY_L2.dml,,,,,,,,,,,,,,,,,,,,,,,,,32
85,1,,,-73.9878750,40.7622967,2026-01-27 21:55:24.850,_20260127_165441_CH01_REF_TMO-NSA_PING_NJ NY_L2.dml,,,,,,,,,,,,,,,,,,,,,,,,,32
86,1,,,-73.9878750,40.7622967,2026-01-27 21:55:25.000,_20260127_165441_CH01_REF_TMO-NSA_PING_NJ NY_L2.dml,,,,N41(100)+N71(15),NR SA,371,-77.820000,18.900000,,,,,,,,,,,,,0.008,,,,
87,1,,,-73.9878750,40.7622967,2026-01-27 21:55:25.053,_20260127_165441_CH01_REF_TMO-NSA_PING_NJ NY_L2.dml,,,,,,,,,,,,,,,,,,,,,,,,,32
88,1,,,-73.9878750,40.7622967,2026-01-27 21:55:25.271,_20260127_165441_CH01_REF_TMO-NSA_PING_NJ NY_L2.dml,,,,,,,,,,,,,,,,,,,,,,,,,32
89,1,,,-73.9878750,40.7622983,2026-01-27 21:55:25.475,_20260127_165441_CH01_REF_TMO-NSA_PING_NJ NY_L2.dml,,,,,,,,,,,,,,,,,,,,,,,,,49
90,1,,,-73.9878750,40.7622983,2026-01-27 21:55:25.521,_20260127_165441_CH01_REF_TMO-NSA_PING_NJ NY_L2.dml,,,,,,,,,,,,,,,,,,,,,,PING Traffic End,,,
91,1,,,-73.9878750,40.7622983,2026-01-27 21:55:26.000,_20260127_165441_CH01_REF_TMO-NSA_PING_NJ NY_L2.dml,,,,N41(100)+N71(15),NR SA,371,-77.720000,19.740000,,,,,,,,,,,,,0.008,,,,
92,1,,,-73.9878767,40.7622983,2026-01-27 21:55:27.000,_20260127_165441_CH01_REF_TMO-NSA_PING_NJ NY_L2.dml,,,,N41(100)+N71(15),,371,-76.440000,20.380000,,,,,,,,,,,,,0.000,,,,
93,1,,,-73.9878783,40.7623000,2026-01-27 21:55:28.000,_20260127_165441_CH01_REF_TMO-NSA_PING_NJ NY_L2.dml,,,,N41(100)+N71(15),,371,-76.500000,20.380000,,,,,,,,,,,,,0.000,,,,
94,1,,,-73.9878783,40.7623000,2026-01-27 21:55:28.521,_20260127_165441_CH01_REF_TMO-NSA_PING_NJ NY_L2.dml,,,,,,,,,,,,,,,,,,,,,,TIMEOUT_Idle,,,
95,1,,,-73.9878783,40.7623000,2026-01-27 21:55:28.521,_20260127_165441_CH01_REF_TMO-NSA_PING_NJ NY_L2.dml,,,,,,,,,,,,,,,,,,,,,,,,0,
96,1,,,-73.9878783,40.7623000,2026-01-27 21:55:28.521,_20260127_165441_CH01_REF_TMO-NSA_PING_NJ NY_L2.dml,,,,,,,,,,,,,,,,,,,,,,PING START,,,
97,1,,,-73.9878783,40.7623000,2026-01-27 21:55:29.000,_20260127_165441_CH01_REF_TMO-NSA_PING_NJ NY_L2.dml,,,,N41(100)+N71(15),,371,-75.660000,20.960000,,,,,,,,,,,,,0.000,,,,
98,1,,,-73.9878783,40.7623000,2026-01-27 21:55:30.000,_20260127_165441_CH01_REF_TMO-NSA_PING_NJ NY_L2.dml,,,,N41(100)+N71(15),,371,-76.380000,19.700000,,,,,,,,,,,,,0.000,,,,
99,1,,,-73.9878783,40.7623000,2026-01-27 21:55:31.000,_20260127_165441_CH01_REF_TMO-NSA_PING_NJ NY_L2.dml,,,,N41(100)+N71(15),,371,-76.000000,20.550000,,,,,,,,,,,,,,,,,
100,1,,,-73.9878783,40.7623000,2026-01-27 21:55:31.536,_20260127_165441_CH01_REF_TMO-NSA_PING_NJ NY_L2.dml,,,,,,,,,,,,,,,,,,,,,,TIMEOUT_FrontIdle,,,
101,1,,,-73.9878783,40.7623000,2026-01-27 21:55:31.536,_20260127_165441_CH01_REF_TMO-NSA_PING_NJ NY_L2.dml,,,,,,,,,,,,,,,,,,,,,,PING Traffic Start,,,
102,1,,,-73.9878783,40.7623000,2026-01-27 21:55:31.694,_20260127_165441_CH01_REF_TMO-NSA_PING_NJ NY_L2.dml,,,,,,,,,,,,,,,,,,,,,,,,,33
103,1,,,-73.9878783,40.7623000,2026-01-27 21:55:31.896,_20260127_165441_CH01_REF_TMO-NSA_PING_NJ NY_L2.dml,,,,,,,,,,,,,,,,,,,,,,,,,32
104,1,,,-73.9878783,40.7623000,2026-01-27 21:55:32.000,_20260127_165441_CH01_REF_TMO-NSA_PING_NJ NY_L2.dml,,,,N41(100)+N71(15),NR SA,371,-75.440000,21.420000,,,,,,,,,,,,,0.008,,,,
105,1,,,-73.9878783,40.7623000,2026-01-27 21:55:32.084,_20260127_165441_CH01_REF_TMO-NSA_PING_NJ NY_L2.dml,,,,,,,,,,,,,,,,,,,,,,,,,30
106,1,,,-73.9878783,40.7623000,2026-01-27 21:55:32.319,_20260127_165441_CH01_REF_TMO-NSA_PING_NJ NY_L2.dml,,,,,,,,,,,,,,,,,,,,,,,,,50
107,1,,,-73.9878783,40.7623000,2026-01-27 21:55:32.506,_20260127_165441_CH01_REF_TMO-NSA_PING_NJ NY_L2.dml,,,,,,,,,,,,,,,,,,,,,,,,,29
108,1,,,-73.9878783,40.7623000,2026-01-27 21:55:32.725,_20260127_165441_CH01_REF_TMO-NSA_PING_NJ NY_L2.dml,,,,,,,,,,,,,,,,,,,,,,,,,48
109,1,,,-73.9878783,40.7623000,2026-01-27 21:55:32.928,_20260127_165441_CH01_REF_TMO-NSA_PING_NJ NY_L2.dml,,,,,,,,,,,,,,,,,,,,,,,,,47
110,1,,,-73.9878783,40.7623000,2026-01-27 21:55:33.000,_20260127_165441_CH01_REF_TMO-NSA_PING_NJ NY_L2.dml,,,,N41(100)+N71(15),NR SA,371,-75.460000,21.740000,,,,,,,,,,,,,0.008,,,,
111,1,,,-73.9878783,40.7623000,2026-01-27 21:55:33.115,_20260127_165441_CH01_REF_TMO-NSA_PING_NJ NY_L2.dml,,,,,,,,,,,,,,,,,,,,,,,,,46
112,1,,,-73.9878783,40.7623000,2026-01-27 21:55:33.319,_20260127_165441_CH01_REF_TMO-NSA_PING_NJ NY_L2.dml,,,,,,,,,,,,,,,,,,,,,,,,,46
113,1,,,-73.9878783,40.7623000,2026-01-27 21:55:33.521,_20260127_165441_CH01_REF_TMO-NSA_PING_NJ NY_L2.dml,,,,,,,,,,,,,,,,,,,,,,,,,45
114,1,,,-73.9878783,40.7623000,2026-01-27 21:55:33.709,_20260127_165441_CH01_REF_TMO-NSA_PING_NJ NY_L2.dml,,,,,,,,,,,,,,,,,,,,,,,,,44
115,1,,,-73.9878783,40.7623000,2026-01-27 21:55:33.927,_20260127_165441_CH01_REF_TMO-NSA_PING_NJ NY_L2.dml,,,,,,,,,,,,,,,,,,,,,,,,,43
116,1,,,-73.9878783,40.7623000,2026-01-27 21:55:34.000,_20260127_165441_CH01_REF_TMO-NSA_PING_NJ NY_L2.dml,,,,N41(100)+N71(15),NR SA,371,-76.180000,19.520000,,,,,,,,,,,,,0.008,,,,
117,1,,,-73.9878783,40.7623000,2026-01-27 21:55:34.131,_20260127_165441_CH01_REF_TMO-NSA_PING_NJ NY_L2.dml,,,,,,,,,,,,,,,,,,,,,,,,,48
118,1,,,-73.9878783,40.7623000,2026-01-27 21:55:34.319,_20260127_165441_CH01_REF_TMO-NSA_PING_NJ NY_L2.dml,,,,,,,,,,,,,,,,,,,,,,,,,41
119,1,,,-73.9878783,40.7623000,2026-01-27 21:55:34.521,_20260127_165441_CH01_REF_TMO-NSA_PING_NJ NY_L2.dml,,,,,,,,,,,,,,,,,,,,,,,,,40
120,1,,,-73.9878783,40.7623000,2026-01-27 21:55:34.725,_20260127_165441_CH01_REF_TMO-NSA_PING_NJ NY_L2.dml,,,,,,,,,,,,,,,,,,,,,,,,,39
121,1,,,-73.9878783,40.7623000,2026-01-27 21:55:34.927,_20260127_165441_CH01_REF_TMO-NSA_PING_NJ NY_L2.dml,,,,,,,,,,,,,,,,,,,,,,,,,38
122,1,,,-73.9878783,40.7623000,2026-01-27 21:55:35.000,_20260127_165441_CH01_REF_TMO-NSA_PING_NJ NY_L2.dml,,,,N41(100)+N71(15),NR SA,371,-76.080000,20.120000,,,,,,,,,,,,,0.008,,,,
123,1,,,-73.9878783,40.7623000,2026-01-27 21:55:35.115,_20260127_165441_CH01_REF_TMO-NSA_PING_NJ NY_L2.dml,,,,,,,,,,,,,,,,,,,,,,,,,36
124,1,,,-73.9878783,40.7623000,2026-01-27 21:55:35.319,_20260127_165441_CH01_REF_TMO-NSA_PING_NJ NY_L2.dml,,,,,,,,,,,,,,,,,,,,,,,,,36
125,1,,,-73.9878783,40.7623000,2026-01-27 21:55:35.521,_20260127_165441_CH01_REF_TMO-NSA_PING_NJ NY_L2.dml,,,,,,,,,,,,,,,,,,,,,,,,,34
126,1,,,-73.9878783,40.7623000,2026-01-27 21:55:35.709,_20260127_165441_CH01_REF_TMO-NSA_PING_NJ NY_L2.dml,,,,,,,,,,,,,,,,,,,,,,,,,33
127,1,,,-73.9878783,40.7623000,2026-01-27 21:55:35.911,_20260127_165441_CH01_REF_TMO-NSA_PING_NJ NY_L2.dml,,,,,,,,,,,,,,,,,,,,,,,,,32
128,1,,,-73.9878783,40.7623000,2026-01-27 21:55:36.000,_20260127_165441_CH01_REF_TMO-NSA_PING_NJ NY_L2.dml,,,,N41(100)+N71(15),NR SA,371,-77.580000,18.400000,,,,,,,,,,,,,0.008,,,,
129,1,,,-73.9878783,40.7623000,2026-01-27 21:55:36.115,_20260127_165441_CH01_REF_TMO-NSA_PING_NJ NY_L2.dml,,,,,,,,,,,,,,,,,,,,,,,,,32
130,1,,,-73.9878783,40.7623000,2026-01-27 21:55:36.319,_20260127_165441_CH01_REF_TMO-NSA_PING_NJ NY_L2.dml,,,,,,,,,,,,,,,,,,,,,,,,,31
131,1,,,-73.9878783,40.7623000,2026-01-27 21:55:36.552,_20260127_165441_CH01_REF_TMO-NSA_PING_NJ NY_L2.dml,,,,,,,,,,,,,,,,,,,,,,,,,50
132,1,,,-73.9878783,40.7623000,2026-01-27 21:55:36.584,_20260127_165441_CH01_REF_TMO-NSA_PING_NJ NY_L2.dml,,,,,,,,,,,,,,,,,,,,,,PING Traffic End,,,
133,1,,,-73.9878783,40.7623000,2026-01-27 21:55:37.000,_20260127_165441_CH01_REF_TMO-NSA_PING_NJ NY_L2.dml,,,,N41(100)+N71(15),NR SA,371,-76.840000,17.220000,,,,,,,,,,,,,0.008,,,,
134,1,,,-73.9878783,40.7623000,2026-01-27 21:55:38.000,_20260127_165441_CH01_REF_TMO-NSA_PING_NJ NY_L2.dml,,,,N41(100)+N71(15),,371,-74.610000,19.560000,,,,,,,,,,,,,0.008,,,,
135,1,,,-73.9878783,40.7623000,2026-01-27 21:55:39.000,_20260127_165441_CH01_REF_TMO-NSA_PING_NJ NY_L2.dml,,,,N41(100)+N71(15),,371,-75.260000,17.740000,,,,,,,,,,,,,0.000,,,,
136,1,,,-73.9878783,40.7623000,2026-01-27 21:55:39.600,_20260127_165441_CH01_REF_TMO-NSA_PING_NJ NY_L2.dml,,,,,,,,,,,,,,,,,,,,,,TIMEOUT_Idle,,,
137,1,,,-73.9878783,40.7623000,2026-01-27 21:55:39.600,_20260127_165441_CH01_REF_TMO-NSA_PING_NJ NY_L2.dml,,,,,,,,,,,,,,,,,,,,,,,,0,
138,1,,,-73.9878783,40.7623000,2026-01-27 21:55:39.600,_20260127_165441_CH01_REF_TMO-NSA_PING_NJ NY_L2.dml,,,,,,,,,,,,,,,,,,,,,,PING START,,,
139,1,,,-73.9878783,40.7623000,2026-01-27 21:55:40.000,_20260127_165441_CH01_REF_TMO-NSA_PING_NJ NY_L2.dml,,,,N41(100)+N71(15),,371,-75.540000,17.860000,,,,,,,,,,,,,0.000,,,,
140,1,,,-73.9878783,40.7623000,2026-01-27 21:55:41.000,_20260127_165441_CH01_REF_TMO-NSA_PING_NJ NY_L2.dml,,,,N41(100)+N71(15),,371,-75.100000,18.200000,,,,,,,,,,,,,0.000,,,,
141,1,,,-73.9878783,40.7623000,2026-01-27 21:55:42.000,_20260127_165441_CH01_REF_TMO-NSA_PING_NJ NY_L2.dml,,,,N41(100)+N71(15),,371,-75.860000,17.340000,,,,,,,,,,,,,0.000,,,,
142,1,,,-73.9878783,40.7623000,2026-01-27 21:55:42.615,_20260127_165441_CH01_REF_TMO-NSA_PING_NJ NY_L2.dml,,,,,,,,,,,,,,,,,,,,,,TIMEOUT_FrontIdle,,,
143,1,,,-73.9878783,40.7623000,2026-01-27 21:55:42.615,_20260127_165441_CH01_REF_TMO-NSA_PING_NJ NY_L2.dml,,,,,,,,,,,,,,,,,,,,,,PING Traffic Start,,,
144,1,,,-73.9878783,40.7623000,2026-01-27 21:55:42.756,_20260127_165441_CH01_REF_TMO-NSA_PING_NJ NY_L2.dml,,,,,,,,,,,,,,,,,,,,,,,,,39
145,1,,,-73.9878783,40.7623000,2026-01-27 21:55:42.959,_20260127_165441_CH01_REF_TMO-NSA_PING_NJ NY_L2.dml,,,,,,,,,,,,,,,,,,,,,,,,,32
146,1,,,-73.9878783,40.7623000,2026-01-27 21:55:43.000,_20260127_165441_CH01_REF_TMO-NSA_PING_NJ NY_L2.dml,,,,N41(100)+N71(15),NR SA,371,-75.020000,18.820000,,,,,,,,,,,,,0.000,,,,
147,1,,,-73.9878783,40.7623000,2026-01-27 21:55:43.146,_20260127_165441_CH01_REF_TMO-NSA_PING_NJ NY_L2.dml,,,,,,,,,,,,,,,,,,,,,,,,,28
148,1,,,-73.9878783,40.7623000,2026-01-27 21:55:43.381,_20260127_165441_CH01_REF_TMO-NSA_PING_NJ NY_L2.dml,,,,,,,,,,,,,,,,,,,,,,,,,49
149,1,,,-73.9878783,40.7623000,2026-01-27 21:55:43.584,_20260127_165441_CH01_REF_TMO-NSA_PING_NJ NY_L2.dml,,,,,,,,,,,,,,,,,,,,,,,,,48
150,1,,,-73.9878783,40.7623000,2026-01-27 21:55:43.756,_20260127_165441_CH01_REF_TMO-NSA_PING_NJ NY_L2.dml,,,,,,,,,,,,,,,,,,,,,,,,,28
151,1,,,-73.9878783,40.7623000,2026-01-27 21:55:44.006,_20260127_165441_CH01_REF_TMO-NSA_PING_NJ NY_L2.dml,,,,,,,,,,,,,,,,,,,,,,,,,65
152,1,,,-73.9878783,40.7623000,2026-01-27 21:55:44.000,_20260127_165441_CH01_REF_TMO-NSA_PING_NJ NY_L2.dml,,,,N41(100)+N71(15),NR SA,371,-75.680000,18.770000,,,,,,,,,,,,,0.024,,,,
153,1,,,-73.9878783,40.7623000,2026-01-27 21:55:44.178,_20260127_165441_CH01_REF_TMO-NSA_PING_NJ NY_L2.dml,,,,,,,,,,,,,,,,,,,,,,,,,47
154,1,,,-73.9878783,40.7623000,2026-01-27 21:55:44.396,_20260127_165441_CH01_REF_TMO-NSA_PING_NJ NY_L2.dml,,,,,,,,,,,,,,,,,,,,,,,,,64
155,1,,,-73.9878783,40.7623000,2026-01-27 21:55:44.569,_20260127_165441_CH01_REF_TMO-NSA_PING_NJ NY_L2.dml,,,,,,,,,,,,,,,,,,,,,,,,,25
156,1,,,-73.9878783,40.7623000,2026-01-27 21:55:44.756,_20260127_165441_CH01_REF_TMO-NSA_PING_NJ NY_L2.dml,,,,,,,,,,,,,,,,,,,,,,,,,20
157,1,,,-73.9878783,40.7623000,2026-01-27 21:55:45.006,_20260127_165441_CH01_REF_TMO-NSA_PING_NJ NY_L2.dml,,,,,,,,,,,,,,,,,,,,,,,,,43
158,1,,,-73.9878783,40.7623000,2026-01-27 21:55:45.000,_20260127_165441_CH01_REF_TMO-NSA_PING_NJ NY_L2.dml,,,,N41(100)+N71(15),NR SA,371,-76.310000,17.260000,,,,,,,,,,,,,,,,,
159,1,,,-73.9878783,40.7623000,2026-01-27 21:55:45.177,_20260127_165441_CH01_REF_TMO-NSA_PING_NJ NY_L2.dml,,,,,,,,,,,,,,,,,,,,,,,,,43
160,1,,,-73.9878783,40.7623000,2026-01-27 21:55:45.381,_20260127_165441_CH01_REF_TMO-NSA_PING_NJ NY_L2.dml,,,,,,,,,,,,,,,,,,,,,,,,,41
161,1,,,-73.9878783,40.7623000,2026-01-27 21:55:45.569,_20260127_165441_CH01_REF_TMO-NSA_PING_NJ NY_L2.dml,,,,,,,,,,,,,,,,,,,,,,,,,42
162,1,,,-73.9878783,40.7623000,2026-01-27 21:55:45.771,_20260127_165441_CH01_REF_TMO-NSA_PING_NJ NY_L2.dml,,,,,,,,,,,,,,,,,,,,,,,,,39
163,1,,,-73.9878783,40.7623000,2026-01-27 21:55:45.990,_20260127_165441_CH01_REF_TMO-NSA_PING_NJ NY_L2.dml,,,,,,,,,,,,,,,,,,,,,,,,,40
164,1,,,-73.9878783,40.7623000,2026-01-27 21:55:46.000,_20260127_165441_CH01_REF_TMO-NSA_PING_NJ NY_L2.dml,,,,N41(100)+N71(15),NR SA,371,-75.600000,18.120000,,,,,,,,,,,,,0.008,,,,
165,1,,,-73.9878783,40.7623000,2026-01-27 21:55:46.177,_20260127_165441_CH01_REF_TMO-NSA_PING_NJ NY_L2.dml,,,,,,,,,,,,,,,,,,,,,,,,,36
166,1,,,-73.9879000,40.7623167,2026-01-27 21:55:46.381,_20260127_165441_CH01_REF_TMO-NSA_PING_NJ NY_L2.dml,,,,,,,,,,,,,,,,,,,,,,,,,38
167,1,,,-73.9879000,40.7623167,2026-01-27 21:55:46.584,_20260127_165441_CH01_REF_TMO-NSA_PING_NJ NY_L2.dml,,,,,,,,,,,,,,,,,,,,,,,,,35
168,1,,,-73.9879000,40.7623167,2026-01-27 21:55:46.771,_20260127_165441_CH01_REF_TMO-NSA_PING_NJ NY_L2.dml,,,,,,,,,,,,,,,,,,,,,,,,,36
169,1,,,-73.9879000,40.7623167,2026-01-27 21:55:46.975,_20260127_165441_CH01_REF_TMO-NSA_PING_NJ NY_L2.dml,,,,,,,,,,,,,,,,,,,,,,,,,35
170,1,,,-73.9879000,40.7623167,2026-01-27 21:55:47.000,_20260127_165441_CH01_REF_TMO-NSA_PING_NJ NY_L2.dml,,,,N41(100)+N71(15),NR SA,371,-76.420000,17.020000,,,,,,,,,,,,,0.008,,,,
171,1,,,-73.9879000,40.7623167,2026-01-27 21:55:47.178,_20260127_165441_CH01_REF_TMO-NSA_PING_NJ NY_L2.dml,,,,,,,,,,,,,,,,,,,,,,,,,31
172,1,,,-73.9878967,40.7623300,2026-01-27 21:55:47.381,_20260127_165441_CH01_REF_TMO-NSA_PING_NJ NY_L2.dml,,,,,,,,,,,,,,,,,,,,,,,,,33
173,1,,,-73.9878967,40.7623300,2026-01-27 21:55:47.584,_20260127_165441_CH01_REF_TMO-NSA_PING_NJ NY_L2.dml,,,,,,,,,,,,,,,,,,,,,,,,,32
174,1,,,-73.9878967,40.7623300,2026-01-27 21:55:47.646,_20260127_165441_CH01_REF_TMO-NSA_PING_NJ NY_L2.dml,,,,,,,,,,,,,,,,,,,,,,PING Traffic End,,,
175,1,,,-73.9878967,40.7623300,2026-01-27 21:55:48.000,_20260127_165441_CH01_REF_TMO-NSA_PING_NJ NY_L2.dml,,,,N41(100)+N71(15),NR SA,371,-75.340000,18.180000,,,,,,,,,,,,,0.008,,,,
176,1,,,-73.9878950,40.7623383,2026-01-27 21:55:49.000,_20260127_165441_CH01_REF_TMO-NSA_PING_NJ NY_L2.dml,,,,N41(100)+N71(15),,371,-75.600000,18.260000,,,,,,,,,,,,,0.000,,,,
177,1,,,-73.9878933,40.7623467,2026-01-27 21:55:50.000,_20260127_165441_CH01_REF_TMO-NSA_PING_NJ NY_L2.dml,,,,N41(100)+N71(15),,371,-75.680000,17.740000,,,,,,,,,,,,,0.000,,,,
178,1,,,-73.9878917,40.7623517,2026-01-27 21:55:50.661,_20260127_165441_CH01_REF_TMO-NSA_PING_NJ NY_L2.dml,,,,,,,,,,,,,,,,,,,,,,TIMEOUT_Idle,,,
179,1,,,-73.9878917,40.7623517,2026-01-27 21:55:50.661,_20260127_165441_CH01_REF_TMO-NSA_PING_NJ NY_L2.dml,,,,,,,,,,,,,,,,,,,,,,,,0,
180,1,,,-73.9878917,40.7623517,2026-01-27 21:55:50.661,_20260127_165441_CH01_REF_TMO-NSA_PING_NJ NY_L2.dml,,,,,,,,,,,,,,,,,,,,,,PING START,,,
181,1,,,-73.9878917,40.7623517,2026-01-27 21:55:51.000,_20260127_165441_CH01_REF_TMO-NSA_PING_NJ NY_L2.dml,,,,N41(100)+N71(15),,371,-74.980000,18.510000,,,,,,,,,,,,,,,,,
182,1,,,-73.9878917,40.7623583,2026-01-27 21:55:52.000,_20260127_165441_CH01_REF_TMO-NSA_PING_NJ NY_L2.dml,,,,N41(100)+N71(15),,371,-75.430000,18.300000,,,,,,,,,,,,,0.000,,,,
183,1,,,-73.9878900,40.7623617,2026-01-27 21:55:53.000,_20260127_165441_CH01_REF_TMO-NSA_PING_NJ NY_L2.dml,,,,N41(100)+N71(15),,371,-77.580000,16.600000,,,,,,,,,,,,,0.000,,,,
184,1,,,-73.9878900,40.7623667,2026-01-27 21:55:53.661,_20260127_165441_CH01_REF_TMO-NSA_PING_NJ NY_L2.dml,,,,,,,,,,,,,,,,,,,,,,TIMEOUT_FrontIdle,,,
185,1,,,-73.9878900,40.7623667,2026-01-27 21:55:53.661,_20260127_165441_CH01_REF_TMO-NSA_PING_NJ NY_L2.dml,,,,,,,,,,,,,,,,,,,,,,PING Traffic Start,,,
186,1,,,-73.9878900,40.7623667,2026-01-27 21:55:53.850,_20260127_165441_CH01_REF_TMO-NSA_PING_NJ NY_L2.dml,,,,,,,,,,,,,,,,,,,,,,,,,39
187,1,,,-73.9878900,40.7623667,2026-01-27 21:55:54.052,_20260127_165441_CH01_REF_TMO-NSA_PING_NJ NY_L2.dml,,,,,,,,,,,,,,,,,,,,,,,,,37
188,1,,,-73.9878900,40.7623667,2026-01-27 21:55:54.000,_20260127_165441_CH01_REF_TMO-NSA_PING_NJ NY_L2.dml,,,,N41(100)+N71(15),NR SA,371,-73.880000,20.060000,,,,,,,,,,,,,0.000,,,,
189,1,,,-73.9878900,40.7623667,2026-01-27 21:55:54.256,_20260127_165441_CH01_REF_TMO-NSA_PING_NJ NY_L2.dml,,,,,,,,,,,,,,,,,,,,,,,,,37
190,1,,,-73.9878900,40.7623700,2026-01-27 21:55:54.459,_20260127_165441_CH01_REF_TMO-NSA_PING_NJ NY_L2.dml,,,,,,,,,,,,,,,,,,,,,,,,,36
191,1,,,-73.9878900,40.7623700,2026-01-27 21:55:54.661,_20260127_165441_CH01_REF_TMO-NSA_PING_NJ NY_L2.dml,,,,,,,,,,,,,,,,,,,,,,,,,36
192,1,,,-73.9878900,40.7623700,2026-01-27 21:55:54.850,_20260127_165441_CH01_REF_TMO-NSA_PING_NJ NY_L2.dml,,,,,,,,,,,,,,,,,,,,,,,,,35
193,1,,,-73.9878900,40.7623700,2026-01-27 21:55:55.000,_20260127_165441_CH01_REF_TMO-NSA_PING_NJ NY_L2.dml,,,,N41(100)+N71(15),NR SA,371,-76.820000,16.880000,,,,,,,,,,,,,0.016,,,,
194,1,,,-73.9878900,40.7623700,2026-01-27 21:55:55.053,_20260127_165441_CH01_REF_TMO-NSA_PING_NJ NY_L2.dml,,,,,,,,,,,,,,,,,,,,,,,,,34
195,1,,,-73.9878900,40.7623700,2026-01-27 21:55:55.256,_20260127_165441_CH01_REF_TMO-NSA_PING_NJ NY_L2.dml,,,,,,,,,,,,,,,,,,,,,,,,,33
196,1,,,-73.9878900,40.7623733,2026-01-27 21:55:55.444,_20260127_165441_CH01_REF_TMO-NSA_PING_NJ NY_L2.dml,,,,,,,,,,,,,,,,,,,,,,,,,31
197,1,,,-73.9878900,40.7623733,2026-01-27 21:55:55.661,_20260127_165441_CH01_REF_TMO-NSA_PING_NJ NY_L2.dml,,,,,,,,,,,,,,,,,,,,,,,,,31
198,1,,,-73.9878900,40.7623733,2026-01-27 21:55:55.881,_20260127_165441_CH01_REF_TMO-NSA_PING_NJ NY_L2.dml,,,,,,,,,,,,,,,,,,,,,,,,,50
199,1,,,-73.9878900,40.7623733,2026-01-27 21:55:56.000,_20260127_165441_CH01_REF_TMO-NSA_PING_NJ NY_L2.dml,,,,N41(100)+N71(15),NR SA,371,-76.200000,17.960000,,,,,,,,,,,,,0.016,,,,
200,1,,,-73.9878900,40.7623733,2026-01-27 21:55:56.084,_20260127_165441_CH01_REF_TMO-NSA_PING_NJ NY_L2.dml,,,,,,,,,,,,,,,,,,,,,,,,,49
201,1,,,-73.9878900,40.7623733,2026-01-27 21:55:56.271,_20260127_165441_CH01_REF_TMO-NSA_PING_NJ NY_L2.dml,,,,,,,,,,,,,,,,,,,,,,,,,48
202,1,,,-73.9878917,40.7623767,2026-01-27 21:55:56.475,_20260127_165441_CH01_REF_TMO-NSA_PING_NJ NY_L2.dml,,,,,,,,,,,,,,,,,,,,,,,,,47
203,1,,,-73.9878917,40.7623767,2026-01-27 21:55:56.678,_20260127_165441_CH01_REF_TMO-NSA_PING_NJ NY_L2.dml,,,,,,,,,,,,,,,,,,,,,,,,,46
204,1,,,-73.9878917,40.7623767,2026-01-27 21:55:56.881,_20260127_165441_CH01_REF_TMO-NSA_PING_NJ NY_L2.dml,,,,,,,,,,,,,,,,,,,,,,,,,45
205,1,,,-73.9878917,40.7623767,2026-01-27 21:55:57.000,_20260127_165441_CH01_REF_TMO-NSA_PING_NJ NY_L2.dml,,,,N41(100)+N71(15),NR SA,371,-75.380000,18.550000,,,,,,,,,,,,,0.016,,,,
206,1,,,-73.9878917,40.7623767,2026-01-27 21:55:57.069,_20260127_165441_CH01_REF_TMO-NSA_PING_NJ NY_L2.dml,,,,,,,,,,,,,,,,,,,,,,,,,44
207,1,,,-73.9878917,40.7623767,2026-01-27 21:55:57.286,_20260127_165441_CH01_REF_TMO-NSA_PING_NJ NY_L2.dml,,,,,,,,,,,,,,,,,,,,,,,,,44
208,1,,,-73.9878917,40.7623800,2026-01-27 21:55:57.475,_20260127_165441_CH01_REF_TMO-NSA_PING_NJ NY_L2.dml,,,,,,,,,,,,,,,,,,,,,,,,,43
209,1,,,-73.9878917,40.7623800,2026-01-27 21:55:57.677,_20260127_165441_CH01_REF_TMO-NSA_PING_NJ NY_L2.dml,,,,,,,,,,,,,,,,,,,,,,,,,42
210,1,,,-73.9878917,40.7623800,2026-01-27 21:55:57.881,_20260127_165441_CH01_REF_TMO-NSA_PING_NJ NY_L2.dml,,,,,,,,,,,,,,,,,,,,,,,,,43
211,1,,,-73.9878917,40.7623800,2026-01-27 21:55:58.000,_20260127_165441_CH01_REF_TMO-NSA_PING_NJ NY_L2.dml,,,,N41(100)+N71(15),NR SA,371,-75.980000,17.980000,,,,,,,,,,,,,0.016,,,,
212,1,,,-73.9878917,40.7623800,2026-01-27 21:55:58.084,_20260127_165441_CH01_REF_TMO-NSA_PING_NJ NY_L2.dml,,,,,,,,,,,,,,,,,,,,,,,,,40
213,1,,,-73.9878917,40.7623800,2026-01-27 21:55:58.286,_20260127_165441_CH01_REF_TMO-NSA_PING_NJ NY_L2.dml,,,,,,,,,,,,,,,,,,,,,,,,,41
214,1,,,-73.9878933,40.7623817,2026-01-27 21:55:58.490,_20260127_165441_CH01_REF_TMO-NSA_PING_NJ NY_L2.dml,,,,,,,,,,,,,,,,,,,,,,,,,37
215,1,,,-73.9878933,40.7623817,2026-01-27 21:55:58.678,_20260127_165441_CH01_REF_TMO-NSA_PING_NJ NY_L2.dml,,,,,,,,,,,,,,,,,,,,,,,,,39
216,1,,,-73.9878933,40.7623817,2026-01-27 21:55:58.709,_20260127_165441_CH01_REF_TMO-NSA_PING_NJ NY_L2.dml,,,,,,,,,,,,,,,,,,,,,,PING Traffic End,,,
217,1,,,-73.9878933,40.7623817,2026-01-27 21:55:59.000,_20260127_165441_CH01_REF_TMO-NSA_PING_NJ NY_L2.dml,,,,N41(100)+N71(15),NR SA,371,-75.870000,18.080000,,,,,,,,,,,,,0.016,,,,
218,1,,,-73.9878933,40.7623833,2026-01-27 21:56:00.000,_20260127_165441_CH01_REF_TMO-NSA_PING_NJ NY_L2.dml,,,,N41(100)+N71(15),,371,-75.520000,18.540000,,,,,,,,,,,,,0.080,,,,
219,1,,,-73.9878950,40.7623850,2026-01-27 21:56:01.000,_20260127_165441_CH01_REF_TMO-NSA_PING_NJ NY_L2.dml,,,,N41(100)+N71(15),,371,-76.360000,17.300000,,,,,,,,,,,,,0.000,,,,
220,1,,,-73.9878950,40.7623867,2026-01-27 21:56:01.725,_20260127_165441_CH01_REF_TMO-NSA_PING_NJ NY_L2.dml,,,,,,,,,,,,,,,,,,,,,,TIMEOUT_Idle,,,
221,1,,,-73.9878950,40.7623867,2026-01-27 21:56:01.725,_20260127_165441_CH01_REF_TMO-NSA_PING_NJ NY_L2.dml,,,,,,,,,,,,,,,,,,,,,,,,0,
222,1,,,-73.9878950,40.7623867,2026-01-27 21:56:01.725,_20260127_165441_CH01_REF_TMO-NSA_PING_NJ NY_L2.dml,,,,,,,,,,,,,,,,,,,,,,PING START,,,
223,1,,,-73.9878950,40.7623867,2026-01-27 21:56:02.000,_20260127_165441_CH01_REF_TMO-NSA_PING_NJ NY_L2.dml,,,,N41(100)+N71(15),,371,-75.760000,18.420000,,,,,,,,,,,,,0.008,,,,
224,1,,,-73.9878950,40.7623883,2026-01-27 21:56:03.000,_20260127_165441_CH01_REF_TMO-NSA_PING_NJ NY_L2.dml,,,,N41(100)+N71(15),,371,-76.740000,16.480000,,,,,,,,,,,,,0.008,,,,
225,1,,,-73.9878950,40.7623883,2026-01-27 21:56:04.000,_20260127_165441_CH01_REF_TMO-NSA_PING_NJ NY_L2.dml,,,,N41(100)+N71(15),,371,-77.520000,16.020000,,,,,,,,,,,,,0.000,,,,
226,1,,,-73.9878950,40.7623900,2026-01-27 21:56:04.740,_20260127_165441_CH01_REF_TMO-NSA_PING_NJ NY_L2.dml,,,,,,,,,,,,,,,,,,,,,,TIMEOUT_FrontIdle,,,
227,1,,,-73.9878950,40.7623900,2026-01-27 21:56:04.740,_20260127_165441_CH01_REF_TMO-NSA_PING_NJ NY_L2.dml,,,,,,,,,,,,,,,,,,,,,,PING Traffic Start,,,
228,1,,,-73.9878950,40.7623900,2026-01-27 21:56:05.000,_20260127_165441_CH01_REF_TMO-NSA_PING_NJ NY_L2.dml,,,,N41(100)+N71(15),NR SA,371,-76.860000,17.080000,,,,,,,,,,,,,0.264,,,,
229,1,,,-73.9878950,40.7623900,2026-01-27 21:56:05.021,_20260127_165441_CH01_REF_TMO-NSA_PING_NJ NY_L2.dml,,,,,,,,,,,,,,,,,,,,,,,,,24
230,1,,,-73.9878950,40.7623900,2026-01-27 21:56:05.240,_20260127_165441_CH01_REF_TMO-NSA_PING_NJ NY_L2.dml,,,,,,,,,,,,,,,,,,,,,,,,,38
231,1,,,-73.9878950,40.7623900,2026-01-27 21:56:05.427,_20260127_165441_CH01_REF_TMO-NSA_PING_NJ NY_L2.dml,,,,,,,,,,,,,,,,,,,,,,,,,17
232,1,,,-73.9878950,40.7623900,2026-01-27 21:56:05.646,_20260127_165441_CH01_REF_TMO-NSA_PING_NJ NY_L2.dml,,,,,,,,,,,,,,,,,,,,,,,,,34
233,1,,,-73.9878950,40.7623900,2026-01-27 21:56:05.850,_20260127_165441_CH01_REF_TMO-NSA_PING_NJ NY_L2.dml,,,,,,,,,,,,,,,,,,,,,,,,,32
234,1,,,-73.9878950,40.7623900,2026-01-27 21:56:06.000,_20260127_165441_CH01_REF_TMO-NSA_PING_NJ NY_L2.dml,,,,N41(100)+N71(15),NR SA,371,-76.470000,17.000000,,,,,,,,,,,,,0.384,,,,
235,1,,,-73.9878950,40.7623900,2026-01-27 21:56:06.036,_20260127_165441_CH01_REF_TMO-NSA_PING_NJ NY_L2.dml,,,,,,,,,,,,,,,,,,,,,,,,,30
236,1,,,-73.9878950,40.7623900,2026-01-27 21:56:06.225,_20260127_165441_CH01_REF_TMO-NSA_PING_NJ NY_L2.dml,,,,,,,,,,,,,,,,,,,,,,,,,28
237,1,,,-73.9878950,40.7623900,2026-01-27 21:56:06.444,_20260127_165441_CH01_REF_TMO-NSA_PING_NJ NY_L2.dml,,,,,,,,,,,,,,,,,,,,,,,,,43
238,1,,,-73.9878950,40.7623900,2026-01-27 21:56:06.631,_20260127_165441_CH01_REF_TMO-NSA_PING_NJ NY_L2.dml,,,,,,,,,,,,,,,,,,,,,,,,,25
239,1,,,-73.9878950,40.7623900,2026-01-27 21:56:06.850,_20260127_165441_CH01_REF_TMO-NSA_PING_NJ NY_L2.dml,,,,,,,,,,,,,,,,,,,,,,,,,42
240,1,,,-73.9878950,40.7623900,2026-01-27 21:56:07.000,_20260127_165441_CH01_REF_TMO-NSA_PING_NJ NY_L2.dml,,,,N41(100)+N71(15),NR SA,371,-75.830000,18.040000,,,,,,,,,,,,,0.464,,,,
241,1,,,-73.9878950,40.7623900,2026-01-27 21:56:07.052,_20260127_165441_CH01_REF_TMO-NSA_PING_NJ NY_L2.dml,,,,,,,,,,,,,,,,,,,,,,,,,42
242,1,,,-73.9878950,40.7623900,2026-01-27 21:56:07.256,_20260127_165441_CH01_REF_TMO-NSA_PING_NJ NY_L2.dml,,,,,,,,,,,,,,,,,,,,,,,,,42
243,1,,,-73.9878900,40.7623950,2026-01-27 21:56:07.444,_20260127_165441_CH01_REF_TMO-NSA_PING_NJ NY_L2.dml,,,,,,,,,,,,,,,,,,,,,,,,,23
244,1,,,-73.9878900,40.7623950,2026-01-27 21:56:07.646,_20260127_165441_CH01_REF_TMO-NSA_PING_NJ NY_L2.dml,,,,,,,,,,,,,,,,,,,,,,,,,41
245,1,,,-73.9878900,40.7623950,2026-01-27 21:56:07.850,_20260127_165441_CH01_REF_TMO-NSA_PING_NJ NY_L2.dml,,,,,,,,,,,,,,,,,,,,,,,,,40
246,1,,,-73.9878900,40.7623950,2026-01-27 21:56:08.000,_20260127_165441_CH01_REF_TMO-NSA_PING_NJ NY_L2.dml,,,,N41(100)+N71(15),NR SA,371,-76.100000,17.220000,,,,,,,,,,,,,0.016,,,,
247,1,,,-73.9878900,40.7623950,2026-01-27 21:56:08.053,_20260127_165441_CH01_REF_TMO-NSA_PING_NJ NY_L2.dml,,,,,,,,,,,,,,,,,,,,,,,,,41
248,1,,,-73.9878900,40.7623950,2026-01-27 21:56:08.240,_20260127_165441_CH01_REF_TMO-NSA_PING_NJ NY_L2.dml,,,,,,,,,,,,,,,,,,,,,,,,,40
249,1,,,-73.9878800,40.7624000,2026-01-27 21:56:08.427,_20260127_165441_CH01_REF_TMO-NSA_PING_NJ NY_L2.dml,,,,,,,,,,,,,,,,,,,,,,,,,20
250,1,,,-73.9878800,40.7624000,2026-01-27 21:56:08.646,_20260127_165441_CH01_REF_TMO-NSA_PING_NJ NY_L2.dml,,,,,,,,,,,,,,,,,,,,,,,,,39
251,1,,,-73.9878800,40.7624000,2026-01-27 21:56:08.865,_20260127_165441_CH01_REF_TMO-NSA_PING_NJ NY_L2.dml,,,,,,,,,,,,,,,,,,,,,,,,,25
252,1,,,-73.9878800,40.7624000,2026-01-27 21:56:09.000,_20260127_165441_CH01_REF_TMO-NSA_PING_NJ NY_L2.dml,,,,N41(100)+N71(15),NR SA,371,-76.180000,16.840000,,,,,,,,,,,,,0.088,,,,
253,1,,,-73.9878800,40.7624000,2026-01-27 21:56:09.052,_20260127_165441_CH01_REF_TMO-NSA_PING_NJ NY_L2.dml,,,,,,,,,,,,,,,,,,,,,,,,,36
254,1,,,-73.9878800,40.7624000,2026-01-27 21:56:09.240,_20260127_165441_CH01_REF_TMO-NSA_PING_NJ NY_L2.dml,,,,,,,,,,,,,,,,,,,,,,,,,30
255,1,,,-73.9878800,40.7624000,2026-01-27 21:56:09.444,_20260127_165441_CH01_REF_TMO-NSA_PING_NJ NY_L2.dml,,,,,,,,,,,,,,,,,,,,,,,,,30
256,1,,,-73.9878633,40.7624083,2026-01-27 21:56:09.646,_20260127_165441_CH01_REF_TMO-NSA_PING_NJ NY_L2.dml,,,,,,,,,,,,,,,,,,,,,,,,,24
257,1,,,-73.9878633,40.7624083,2026-01-27 21:56:09.850,_20260127_165441_CH01_REF_TMO-NSA_PING_NJ NY_L2.dml,,,,,,,,,,,,,,,,,,,,,,,,,17
258,1,,,-73.9878633,40.7624083,2026-01-27 21:56:10.000,_20260127_165441_CH01_REF_TMO-NSA_PING_NJ NY_L2.dml,,,,N41(100)+N71(15),NR SA,371,-76.530000,16.130000,,,,,,,,,,,,,0.168,,,,
259,1,,,-73.9878500,40.7624150,2026-01-27 21:56:10.786,_20260127_165441_CH01_REF_TMO-NSA_PING_NJ NY_L2.dml,,,,,,,,,,,,,,,,,,,,,,PING Traffic End,,,
260,1,,,-73.9878500,40.7624150,2026-01-27 21:56:11.000,_20260127_165441_CH01_REF_TMO-NSA_PING_NJ NY_L2.dml,,,,N41(100)+N71(15),,371,-75.670000,18.620000,,,,,,,,,,,,,0.184,,,,
261,1,,,-73.9878350,40.7624217,2026-01-27 21:56:12.000,_20260127_165441_CH01_REF_TMO-NSA_PING_NJ NY_L2.dml,,,,N41(100)+N71(15),,371,-75.900000,18.160000,,,,,,,,,,,,,0.192,,,,
262,1,,,-73.9878200,40.7624300,2026-01-27 21:56:13.000,_20260127_165441_CH01_REF_TMO-NSA_PING_NJ NY_L2.dml,,,,N41(100)+N71(15),,371,-76.800000,16.980000,,,,,,,,,,,,,0.176,,,,
263,1,,,-73.9878083,40.7624367,2026-01-27 21:56:13.786,_20260127_165441_CH01_REF_TMO-NSA_PING_NJ NY_L2.dml,,,,,,,,,,,,,,,,,,,,,,TIMEOUT_Idle,,,
264,1,,,-73.9878083,40.7624367,2026-01-27 21:56:13.786,_20260127_165441_CH01_REF_TMO-NSA_PING_NJ NY_L2.dml,,,,,,,,,,,,,,,,,,,,,,,,0,
265,1,,,-73.9878083,40.7624367,2026-01-27 21:56:13.786,_20260127_165441_CH01_REF_TMO-NSA_PING_NJ NY_L2.dml,,,,,,,,,,,,,,,,,,,,,,PING START,,,
266,1,,,-73.9878083,40.7624367,2026-01-27 21:56:14.000,_20260127_165441_CH01_REF_TMO-NSA_PING_NJ NY_L2.dml,,,,N41(100)+N71(15),,371,-77.980000,16.420000,,,,,,,,,,,,,0.144,,,,
267,1,,,-73.9877983,40.7624400,2026-01-27 21:56:15.000,_20260127_165441_CH01_REF_TMO-NSA_PING_NJ NY_L2.dml,,,,N41(100)+N71(15),,371,-77.300000,16.900000,,,,,,,,,,,,,0.200,,,,
268,1,,,-73.9877883,40.7624467,2026-01-27 21:56:16.000,_20260127_165441_CH01_REF_TMO-NSA_PING_NJ NY_L2.dml,,,,N41(100)+N71(15),,371,-78.120000,16.080000,,,,,,,,,,,,,0.160,,,,
269,1,,,-73.9877783,40.7624517,2026-01-27 21:56:16.786,_20260127_165441_CH01_REF_TMO-NSA_PING_NJ NY_L2.dml,,,,,,,,,,,,,,,,,,,,,,TIMEOUT_FrontIdle,,,
270,1,,,-73.9877783,40.7624517,2026-01-27 21:56:16.786,_20260127_165441_CH01_REF_TMO-NSA_PING_NJ NY_L2.dml,,,,,,,,,,,,,,,,,,,,,,PING Traffic Start,,,
271,1,,,-73.9877783,40.7624517,2026-01-27 21:56:16.911,_20260127_165441_CH01_REF_TMO-NSA_PING_NJ NY_L2.dml,,,,,,,,,,,,,,,,,,,,,,,,,23
272,1,,,-73.9877783,40.7624517,2026-01-27 21:56:17.000,_20260127_165441_CH01_REF_TMO-NSA_PING_NJ NY_L2.dml,,,,N41(100)+N71(15),NR SA,371,-75.280000,18.320000,,,,,,,,,,,,,0.152,,,,
273,1,,,-73.9877783,40.7624517,2026-01-27 21:56:17.115,_20260127_165441_CH01_REF_TMO-NSA_PING_NJ NY_L2.dml,,,,,,,,,,,,,,,,,,,,,,,,,23
274,1,,,-73.9877783,40.7624517,2026-01-27 21:56:17.319,_20260127_165441_CH01_REF_TMO-NSA_PING_NJ NY_L2.dml,,,,,,,,,,,,,,,,,,,,,,,,,28
275,1,,,-73.9877717,40.7624567,2026-01-27 21:56:17.506,_20260127_165441_CH01_REF_TMO-NSA_PING_NJ NY_L2.dml,,,,,,,,,,,,,,,,,,,,,,,,,22
276,1,,,-73.9877717,40.7624567,2026-01-27 21:56:17.725,_20260127_165441_CH01_REF_TMO-NSA_PING_NJ NY_L2.dml,,,,,,,,,,,,,,,,,,,,,,,,,26
277,1,,,-73.9877717,40.7624567,2026-01-27 21:56:17.911,_20260127_165441_CH01_REF_TMO-NSA_PING_NJ NY_L2.dml,,,,,,,,,,,,,,,,,,,,,,,,,26
278,1,,,-73.9877717,40.7624567,2026-01-27 21:56:18.000,_20260127_165441_CH01_REF_TMO-NSA_PING_NJ NY_L2.dml,,,,N41(100)+N71(15),NR SA,371,-78.840000,16.000000,,,,,,,,,,,,,0.136,,,,
279,1,,,-73.9877717,40.7624567,2026-01-27 21:56:18.115,_20260127_165441_CH01_REF_TMO-NSA_PING_NJ NY_L2.dml,,,,,,,,,,,,,,,,,,,,,,,,,25
280,1,,,-73.9877717,40.7624567,2026-01-27 21:56:18.334,_20260127_165441_CH01_REF_TMO-NSA_PING_NJ NY_L2.dml,,,,,,,,,,,,,,,,,,,,,,,,,25
281,1,,,-73.9877650,40.7624617,2026-01-27 21:56:18.552,_20260127_165441_CH01_REF_TMO-NSA_PING_NJ NY_L2.dml,,,,,,,,,,,,,,,,,,,,,,,,,25
282,1,,,-73.9877650,40.7624617,2026-01-27 21:56:18.786,_20260127_165441_CH01_REF_TMO-NSA_PING_NJ NY_L2.dml,,,,,,,,,,,,,,,,,,,,,,,,,25
283,1,,,-73.9877650,40.7624617,2026-01-27 21:56:18.975,_20260127_165441_CH01_REF_TMO-NSA_PING_NJ NY_L2.dml,,,,,,,,,,,,,,,,,,,,,,,,,25
284,1,,,-73.9877650,40.7624617,2026-01-27 21:56:19.000,_20260127_165441_CH01_REF_TMO-NSA_PING_NJ NY_L2.dml,,,,N41(100)+N71(15),NR SA,371,-78.980000,17.160000,,,,,,,,,,,,,0.136,,,,
285,1,,,-73.9877650,40.7624617,2026-01-27 21:56:19.161,_20260127_165441_CH01_REF_TMO-NSA_PING_NJ NY_L2.dml,,,,,,,,,,,,,,,,,,,,,,,,,24
286,1,,,-73.9877650,40.7624617,2026-01-27 21:56:19.334,_20260127_165441_CH01_REF_TMO-NSA_PING_NJ NY_L2.dml,,,,,,,,,,,,,,,,,,,,,,,,,29
287,1,,,-73.9877583,40.7624650,2026-01-27 21:56:19.521,_20260127_165441_CH01_REF_TMO-NSA_PING_NJ NY_L2.dml,,,,,,,,,,,,,,,,,,,,,,,,,28
288,1,,,-73.9877583,40.7624650,2026-01-27 21:56:19.896,_20260127_165441_CH01_REF_TMO-NSA_PING_NJ NY_L2.dml,,,,,,,,,,,,,,,,,,,,,,,,,26
289,1,,,-73.9877583,40.7624650,2026-01-27 21:56:20.000,_20260127_165441_CH01_REF_TMO-NSA_PING_NJ NY_L2.dml,,,,N41(100)+N71(15),NR SA,371,-79.650000,15.560000,,,,,,,,,,,,,0.136,,,,
290,1,,,-73.9877583,40.7624650,2026-01-27 21:56:20.303,_20260127_165441_CH01_REF_TMO-NSA_PING_NJ NY_L2.dml,,,,,,,,,,,,,,,,,,,,,,,,,24
291,1,,,-73.9877583,40.7624650,2026-01-27 21:56:20.428,_20260127_165441_CH01_REF_TMO-NSA_PING_NJ NY_L2.dml,,,,,,,,,,,,,,,,,,,,,,,,,34
292,1,,,-73.9877583,40.7624650,2026-01-27 21:56:20.569,_20260127_165441_CH01_REF_TMO-NSA_PING_NJ NY_L2.dml,,,,,,,,,,,,,,,,,,,,,,,,,26
293,1,,,-73.9877583,40.7624650,2026-01-27 21:56:20.584,_20260127_165441_CH01_REF_TMO-NSA_PING_NJ NY_L2.dml,,,,,,,,,,,,,,,,,,,,,,,,,35
294,1,,,-73.9877533,40.7624683,2026-01-27 21:56:20.850,_20260127_165441_CH01_REF_TMO-NSA_PING_NJ NY_L2.dml,,,,,,,,,,,,,,,,,,,,,,,,,40
295,1,,,-73.9877533,40.7624683,2026-01-27 21:56:21.000,_20260127_165441_CH01_REF_TMO-NSA_PING_NJ NY_L2.dml,,,,N41(100)+N71(15),NR SA,371,-80.820000,15.110000,,,,,,,,,,,,,0.144,,,,
296,1,,,-73.9877533,40.7624683,2026-01-27 21:56:21.069,_20260127_165441_CH01_REF_TMO-NSA_PING_NJ NY_L2.dml,,,,,,,,,,,,,,,,,,,,,,,,,34
297,1,,,-73.9877533,40.7624683,2026-01-27 21:56:21.896,_20260127_165441_CH01_REF_TMO-NSA_PING_NJ NY_L2.dml,,,,,,,,,,,,,,,,,,,,,,,,,19
298,1,,,-73.9877533,40.7624683,2026-01-27 21:56:21.944,_20260127_165441_CH01_REF_TMO-NSA_PING_NJ NY_L2.dml,,,,,,,,,,,,,,,,,,,,,,,,,33
299,1,,,-73.9877533,40.7624683,2026-01-27 21:56:21.944,_20260127_165441_CH01_REF_TMO-NSA_PING_NJ NY_L2.dml,,,,,,,,,,,,,,,,,,,,,,,,,39
300,1,,,-73.9877533,40.7624683,2026-01-27 21:56:21.944,_20260127_165441_CH01_REF_TMO-NSA_PING_NJ NY_L2.dml,,,,,,,,,,,,,,,,,,,,,,,,,23
301,1,,,-73.9877533,40.7624683,2026-01-27 21:56:22.000,_20260127_165441_CH01_REF_TMO-NSA_PING_NJ NY_L2.dml,,,,N41(100)+N71(15),NR SA,371,-78.310000,16.690000,,,,,,,,,,,,,0.120,,,,
302,1,,,-73.9877450,40.7624750,2026-01-27 21:56:22.881,_20260127_165441_CH01_REF_TMO-NSA_PING_NJ NY_L2.dml,,,,,,,,,,,,,,,,,,,,,,PING Traffic End,,,
303,1,,,-73.9877450,40.7624750,2026-01-27 21:56:23.000,_20260127_165441_CH01_REF_TMO-NSA_PING_NJ NY_L2.dml,,,,N41(100)+N71(15),,371,-78.600000,16.960000,,,,,,,,,,,,,0.160,,,,
304,1,,,-73.9877400,40.7624783,2026-01-27 21:56:24.000,_20260127_165441_CH01_REF_TMO-NSA_PING_NJ NY_L2.dml,,,,N41(100)+N71(15),,371,-80.340000,15.760000,,,,,,,,,,,,,0.016,,,,
305,1,,,-73.9877367,40.7624800,2026-01-27 21:56:25.000,_20260127_165441_CH01_REF_TMO-NSA_PING_NJ NY_L2.dml,,,,N41(100)+N71(15),,371,-81.020000,14.900000,,,,,,,,,,,,,0.024,,,,
306,1,,,-73.9877333,40.7624833,2026-01-27 21:56:25.896,_20260127_165441_CH01_REF_TMO-NSA_PING_NJ NY_L2.dml,,,,,,,,,,,,,,,,,,,,,,TIMEOUT_Idle,,,
307,1,,,-73.9877333,40.7624833,2026-01-27 21:56:25.896,_20260127_165441_CH01_REF_TMO-NSA_PING_NJ NY_L2.dml,,,,,,,,,,,,,,,,,,,,,,,,0,
308,1,,,-73.9877333,40.7624833,2026-01-27 21:56:25.896,_20260127_165441_CH01_REF_TMO-NSA_PING_NJ NY_L2.dml,,,,,,,,,,,,,,,,,,,,,,PING START,,,
309,1,,,-73.9877333,40.7624833,2026-01-27 21:56:26.000,_20260127_165441_CH01_REF_TMO-NSA_PING_NJ NY_L2.dml,,,,N41(100)+N71(15),,371,-81.490000,14.760000,,,,,,,,,,,,,0.024,,,,
310,1,,,-73.9877300,40.7624850,2026-01-27 21:56:27.000,_20260127_165441_CH01_REF_TMO-NSA_PING_NJ NY_L2.dml,,,,N41(100)+N71(15),,371,-80.050000,14.660000,,,,,,,,,,,,,0.000,,,,
311,1,,,-73.9877267,40.7624867,2026-01-27 21:56:28.000,_20260127_165441_CH01_REF_TMO-NSA_PING_NJ NY_L2.dml,,,,N41(100)+N71(15),,371,-82.440000,12.300000,,,,,,,,,,,,,0.008,,,,
312,1,,,-73.9877233,40.7624883,2026-01-27 21:56:28.896,_20260127_165441_CH01_REF_TMO-NSA_PING_NJ NY_L2.dml,,,,,,,,,,,,,,,,,,,,,,TIMEOUT_FrontIdle,,,
313,1,,,-73.9877233,40.7624883,2026-01-27 21:56:28.896,_20260127_165441_CH01_REF_TMO-NSA_PING_NJ NY_L2.dml,,,,,,,,,,,,,,,,,,,,,,PING Traffic Start,,,
314,1,,,-73.9877233,40.7624883,2026-01-27 21:56:29.000,_20260127_165441_CH01_REF_TMO-NSA_PING_NJ NY_L2.dml,,,,N41(100)+N71(15),NR SA,371,-82.620000,13.730000,,,,,,,,,,,,,0.000,,,,
315,1,,,-73.9877233,40.7624883,2026-01-27 21:56:29.069,_20260127_165441_CH01_REF_TMO-NSA_PING_NJ NY_L2.dml,,,,,,,,,,,,,,,,,,,,,,,,,37
316,1,,,-73.9877233,40.7624883,2026-01-27 21:56:29.271,_20260127_165441_CH01_REF_TMO-NSA_PING_NJ NY_L2.dml,,,,,,,,,,,,,,,,,,,,,,,,,36
317,1,,,-73.9877217,40.7624900,2026-01-27 21:56:29.490,_20260127_165441_CH01_REF_TMO-NSA_PING_NJ NY_L2.dml,,,,,,,,,,,,,,,,,,,,,,,,,38
318,1,,,-73.9877217,40.7624900,2026-01-27 21:56:29.677,_20260127_165441_CH01_REF_TMO-NSA_PING_NJ NY_L2.dml,,,,,,,,,,,,,,,,,,,,,,,,,41
319,1,,,-73.9877217,40.7624900,2026-01-27 21:56:29.881,_20260127_165441_CH01_REF_TMO-NSA_PING_NJ NY_L2.dml,,,,,,,,,,,,,,,,,,,,,,,,,35
320,1,,,-73.9877217,40.7624900,2026-01-27 21:56:30.000,_20260127_165441_CH01_REF_TMO-NSA_PING_NJ NY_L2.dml,,,,N41(100)+N71(15),NR SA,371,-79.300000,16.000000,,,,,,,,,,,,,0.008,,,,
321,1,,,-73.9877217,40.7624900,2026-01-27 21:56:30.084,_20260127_165441_CH01_REF_TMO-NSA_PING_NJ NY_L2.dml,,,,,,,,,,,,,,,,,,,,,,,,,36
322,1,,,-73.9877217,40.7624900,2026-01-27 21:56:30.286,_20260127_165441_CH01_REF_TMO-NSA_PING_NJ NY_L2.dml,,,,,,,,,,,,,,,,,,,,,,,,,36
323,1,,,-73.9877200,40.7624900,2026-01-27 21:56:30.475,_20260127_165441_CH01_REF_TMO-NSA_PING_NJ NY_L2.dml,,,,,,,,,,,,,,,,,,,,,,,,,34
324,1,,,-73.9877200,40.7624900,2026-01-27 21:56:30.677,_20260127_165441_CH01_REF_TMO-NSA_PING_NJ NY_L2.dml,,,,,,,,,,,,,,,,,,,,,,,,,30
325,1,,,-73.9877200,40.7624900,2026-01-27 21:56:30.881,_20260127_165441_CH01_REF_TMO-NSA_PING_NJ NY_L2.dml,,,,,,,,,,,,,,,,,,,,,,,,,30
326,1,,,-73.9877200,40.7624900,2026-01-27 21:56:31.000,_20260127_165441_CH01_REF_TMO-NSA_PING_NJ NY_L2.dml,,,,N41(100)+N71(15),NR SA,371,-81.240000,14.720000,,,,,,,,,,,,,0.016,,,,
327,1,,,-73.9877200,40.7624900,2026-01-27 21:56:31.100,_20260127_165441_CH01_REF_TMO-NSA_PING_NJ NY_L2.dml,,,,,,,,,,,,,,,,,,,,,,,,,50
328,1,,,-73.9877200,40.7624900,2026-01-27 21:56:31.271,_20260127_165441_CH01_REF_TMO-NSA_PING_NJ NY_L2.dml,,,,,,,,,,,,,,,,,,,,,,,,,26
329,1,,,-73.9877183,40.7624917,2026-01-27 21:56:31.506,_20260127_165441_CH01_REF_TMO-NSA_PING_NJ NY_L2.dml,,,,,,,,,,,,,,,,,,,,,,,,,48
330,1,,,-73.9877183,40.7624917,2026-01-27 21:56:31.694,_20260127_165441_CH01_REF_TMO-NSA_PING_NJ NY_L2.dml,,,,,,,,,,,,,,,,,,,,,,,,,45
331,1,,,-73.9877183,40.7624917,2026-01-27 21:56:31.911,_20260127_165441_CH01_REF_TMO-NSA_PING_NJ NY_L2.dml,,,,,,,,,,,,,,,,,,,,,,,,,54
332,1,,,-73.9877183,40.7624917,2026-01-27 21:56:32.000,_20260127_165441_CH01_REF_TMO-NSA_PING_NJ NY_L2.dml,,,,N41(100)+N71(15),NR SA,371,-78.640000,15.920000,,,,,,,,,,,,,0.016,,,,
333,1,,,-73.9877183,40.7624917,2026-01-27 21:56:32.069,_20260127_165441_CH01_REF_TMO-NSA_PING_NJ NY_L2.dml,,,,,,,,,,,,,,,,,,,,,,,,,25
334,1,,,-73.9877183,40.7624917,2026-01-27 21:56:32.302,_20260127_165441_CH01_REF_TMO-NSA_PING_NJ NY_L2.dml,,,,,,,,,,,,,,,,,,,,,,,,,42
335,1,,,-73.9877183,40.7624900,2026-01-27 21:56:32.506,_20260127_165441_CH01_REF_TMO-NSA_PING_NJ NY_L2.dml,,,,,,,,,,,,,,,,,,,,,,,,,46
336,1,,,-73.9877183,40.7624900,2026-01-27 21:56:32.709,_20260127_165441_CH01_REF_TMO-NSA_PING_NJ NY_L2.dml,,,,,,,,,,,,,,,,,,,,,,,,,45
337,1,,,-73.9877183,40.7624900,2026-01-27 21:56:32.911,_20260127_165441_CH01_REF_TMO-NSA_PING_NJ NY_L2.dml,,,,,,,,,,,,,,,,,,,,,,,,,42
338,1,,,-73.9877183,40.7624900,2026-01-27 21:56:33.000,_20260127_165441_CH01_REF_TMO-NSA_PING_NJ NY_L2.dml,,,,N41(100)+N71(15),NR SA,371,-81.480000,13.340000,,,,,,,,,,,,,0.016,,,,
339,1,,,-73.9877183,40.7624900,2026-01-27 21:56:33.115,_20260127_165441_CH01_REF_TMO-NSA_PING_NJ NY_L2.dml,,,,,,,,,,,,,,,,,,,,,,,,,60
340,1,,,-73.9877183,40.7624900,2026-01-27 21:56:33.303,_20260127_165441_CH01_REF_TMO-NSA_PING_NJ NY_L2.dml,,,,,,,,,,,,,,,,,,,,,,,,,41
341,1,,,-73.9877183,40.7624883,2026-01-27 21:56:33.521,_20260127_165441_CH01_REF_TMO-NSA_PING_NJ NY_L2.dml,,,,,,,,,,,,,,,,,,,,,,,,,58
342,1,,,-73.9877183,40.7624883,2026-01-27 21:56:33.709,_20260127_165441_CH01_REF_TMO-NSA_PING_NJ NY_L2.dml,,,,,,,,,,,,,,,,,,,,,,,,,44
343,1,,,-73.9877183,40.7624883,2026-01-27 21:56:33.911,_20260127_165441_CH01_REF_TMO-NSA_PING_NJ NY_L2.dml,,,,,,,,,,,,,,,,,,,,,,,,,38
344,1,,,-73.9877183,40.7624883,2026-01-27 21:56:33.959,_20260127_165441_CH01_REF_TMO-NSA_PING_NJ NY_L2.dml,,,,,,,,,,,,,,,,,,,,,,PING Traffic End,,,
345,1,,,-73.9877183,40.7624883,2026-01-27 21:56:34.000,_20260127_165441_CH01_REF_TMO-NSA_PING_NJ NY_L2.dml,,,,N41(100)+N71(15),NR SA,371,-82.350000,14.970000,,,,,,,,,,,,,0.024,,,,
346,1,,,-73.9877200,40.7624850,2026-01-27 21:56:35.000,_20260127_165441_CH01_REF_TMO-NSA_PING_NJ NY_L2.dml,,,,N41(100)+N71(15),,371,-84.720000,13.360000,,,,,,,,,,,,,0.008,,,,
347,1,,,-73.9877200,40.7624850,2026-01-27 21:56:36.000,_20260127_165441_CH01_REF_TMO-NSA_PING_NJ NY_L2.dml,,,,N41(100)+N71(15),,371,-83.280000,15.020000,,,,,,,,,,,,,0.000,,,,
348,1,,,-73.9877200,40.7624850,2026-01-27 21:56:36.975,_20260127_165441_CH01_REF_TMO-NSA_PING_NJ NY_L2.dml,,,,,,,,,,,,,,,,,,,,,,TIMEOUT_Idle,,,
349,1,,,-73.9877200,40.7624850,2026-01-27 21:56:36.975,_20260127_165441_CH01_REF_TMO-NSA_PING_NJ NY_L2.dml,,,,,,,,,,,,,,,,,,,,,,,,0,
350,1,,,-73.9877200,40.7624850,2026-01-27 21:56:36.975,_20260127_165441_CH01_REF_TMO-NSA_PING_NJ NY_L2.dml,,,,,,,,,,,,,,,,,,,,,,PING START,,,
351,1,,,-73.9877200,40.7624850,2026-01-27 21:56:37.000,_20260127_165441_CH01_REF_TMO-NSA_PING_NJ NY_L2.dml,,,,N41(100)+N71(15),,371,-81.180000,17.240000,,,,,,,,,,,,,0.000,,,,
352,1,,,-73.9877200,40.7624850,2026-01-27 21:56:38.000,_20260127_165441_CH01_REF_TMO-NSA_PING_NJ NY_L2.dml,,,,N41(100)+N71(15),,371,-78.540000,16.220000,,,,,,,,,,,,,0.000,,,,
353,1,,,-73.9877200,40.7624850,2026-01-27 21:56:39.000,_20260127_165441_CH01_REF_TMO-NSA_PING_NJ NY_L2.dml,,,,N41(100)+N71(15),,371,-80.060000,14.700000,,,,,,,,,,,,,0.000,,,,
354,1,,,-73.9877200,40.7624850,2026-01-27 21:56:39.975,_20260127_165441_CH01_REF_TMO-NSA_PING_NJ NY_L2.dml,,,,,,,,,,,,,,,,,,,,,,TIMEOUT_FrontIdle,,,
355,1,,,-73.9877200,40.7624850,2026-01-27 21:56:39.975,_20260127_165441_CH01_REF_TMO-NSA_PING_NJ NY_L2.dml,,,,,,,,,,,,,,,,,,,,,,PING Traffic Start,,,
356,1,,,-73.9877200,40.7624850,2026-01-27 21:56:40.000,_20260127_165441_CH01_REF_TMO-NSA_PING_NJ NY_L2.dml,,,,N41(100)+N71(15),NR SA,371,-81.490000,14.400000,,,,,,,,,,,,,,,,,
357,1,,,-73.9877200,40.7624850,2026-01-27 21:56:40.161,_20260127_165441_CH01_REF_TMO-NSA_PING_NJ NY_L2.dml,,,,,,,,,,,,,,,,,,,,,,,,,64
358,1,,,-73.9877200,40.7624850,2026-01-27 21:56:40.350,_20260127_165441_CH01_REF_TMO-NSA_PING_NJ NY_L2.dml,,,,,,,,,,,,,,,,,,,,,,,,,43
359,1,,,-73.9877250,40.7624733,2026-01-27 21:56:40.569,_20260127_165441_CH01_REF_TMO-NSA_PING_NJ NY_L2.dml,,,,,,,,,,,,,,,,,,,,,,,,,64
360,1,,,-73.9877250,40.7624733,2026-01-27 21:56:40.740,_20260127_165441_CH01_REF_TMO-NSA_PING_NJ NY_L2.dml,,,,,,,,,,,,,,,,,,,,,,,,,47
361,1,,,-73.9877250,40.7624733,2026-01-27 21:56:40.944,_20260127_165441_CH01_REF_TMO-NSA_PING_NJ NY_L2.dml,,,,,,,,,,,,,,,,,,,,,,,,,38
362,1,,,-73.9877250,40.7624733,2026-01-27 21:56:41.000,_20260127_165441_CH01_REF_TMO-NSA_PING_NJ NY_L2.dml,,,,N41(100)+N71(15),NR SA,371,-80.770000,13.440000,,,,,,,,,,,,,0.024,,,,
363,1,,,-73.9877250,40.7624733,2026-01-27 21:56:41.146,_20260127_165441_CH01_REF_TMO-NSA_PING_NJ NY_L2.dml,,,,,,,,,,,,,,,,,,,,,,,,,37
364,1,,,-73.9877250,40.7624733,2026-01-27 21:56:41.334,_20260127_165441_CH01_REF_TMO-NSA_PING_NJ NY_L2.dml,,,,,,,,,,,,,,,,,,,,,,,,,36
365,1,,,-73.9877250,40.7624700,2026-01-27 21:56:41.536,_20260127_165441_CH01_REF_TMO-NSA_PING_NJ NY_L2.dml,,,,,,,,,,,,,,,,,,,,,,,,,37
366,1,,,-73.9877250,40.7624700,2026-01-27 21:56:41.740,_20260127_165441_CH01_REF_TMO-NSA_PING_NJ NY_L2.dml,,,,,,,,,,,,,,,,,,,,,,,,,37
367,1,,,-73.9877250,40.7624700,2026-01-27 21:56:41.944,_20260127_165441_CH01_REF_TMO-NSA_PING_NJ NY_L2.dml,,,,,,,,,,,,,,,,,,,,,,,,,36
368,1,,,-73.9877250,40.7624700,2026-01-27 21:56:42.000,_20260127_165441_CH01_REF_TMO-NSA_PING_NJ NY_L2.dml,,,,N41(100)+N71(15),NR SA,371,-79.120000,15.180000,,,,,,,,,,,,,0.016,,,,
369,1,,,-73.9877250,40.7624700,2026-01-27 21:56:42.146,_20260127_165441_CH01_REF_TMO-NSA_PING_NJ NY_L2.dml,,,,,,,,,,,,,,,,,,,,,,,,,35
370,1,,,-73.9877250,40.7624700,2026-01-27 21:56:42.334,_20260127_165441_CH01_REF_TMO-NSA_PING_NJ NY_L2.dml,,,,,,,,,,,,,,,,,,,,,,,,,32
371,1,,,-73.9877250,40.7624650,2026-01-27 21:56:42.536,_20260127_165441_CH01_REF_TMO-NSA_PING_NJ NY_L2.dml,,,,,,,,,,,,,,,,,,,,,,,,,35
372,1,,,-73.9877250,40.7624650,2026-01-27 21:56:42.725,_20260127_165441_CH01_REF_TMO-NSA_PING_NJ NY_L2.dml,,,,,,,,,,,,,,,,,,,,,,,,,30
373,1,,,-73.9877250,40.7624650,2026-01-27 21:56:42.928,_20260127_165441_CH01_REF_TMO-NSA_PING_NJ NY_L2.dml,,,,,,,,,,,,,,,,,,,,,,,,,30
374,1,,,-73.9877250,40.7624650,2026-01-27 21:56:43.000,_20260127_165441_CH01_REF_TMO-NSA_PING_NJ NY_L2.dml,,,,N41(100)+N71(15),NR SA,371,-80.540000,13.420000,,,,,,,,,,,,,0.016,,,,
375,1,,,-73.9877250,40.7624650,2026-01-27 21:56:43.161,_20260127_165441_CH01_REF_TMO-NSA_PING_NJ NY_L2.dml,,,,,,,,,,,,,,,,,,,,,,,,,49
376,1,,,-73.9877250,40.7624650,2026-01-27 21:56:43.350,_20260127_165441_CH01_REF_TMO-NSA_PING_NJ NY_L2.dml,,,,,,,,,,,,,,,,,,,,,,,,,47
377,1,,,-73.9877267,40.7624617,2026-01-27 21:56:43.569,_20260127_165441_CH01_REF_TMO-NSA_PING_NJ NY_L2.dml,,,,,,,,,,,,,,,,,,,,,,,,,45
378,1,,,-73.9877267,40.7624617,2026-01-27 21:56:43.756,_20260127_165441_CH01_REF_TMO-NSA_PING_NJ NY_L2.dml,,,,,,,,,,,,,,,,,,,,,,,,,47
379,1,,,-73.9877267,40.7624617,2026-01-27 21:56:43.959,_20260127_165441_CH01_REF_TMO-NSA_PING_NJ NY_L2.dml,,,,,,,,,,,,,,,,,,,,,,,,,46
380,1,,,-73.9877267,40.7624617,2026-01-27 21:56:44.000,_20260127_165441_CH01_REF_TMO-NSA_PING_NJ NY_L2.dml,,,,N41(100)+N71(15),NR SA,371,-79.880000,15.440000,,,,,,,,,,,,,0.016,,,,
381,1,,,-73.9877267,40.7624617,2026-01-27 21:56:44.146,_20260127_165441_CH01_REF_TMO-NSA_PING_NJ NY_L2.dml,,,,,,,,,,,,,,,,,,,,,,,,,24
382,1,,,-73.9877267,40.7624617,2026-01-27 21:56:44.350,_20260127_165441_CH01_REF_TMO-NSA_PING_NJ NY_L2.dml,,,,,,,,,,,,,,,,,,,,,,,,,44
383,1,,,-73.9877267,40.7624600,2026-01-27 21:56:44.569,_20260127_165441_CH01_REF_TMO-NSA_PING_NJ NY_L2.dml,,,,,,,,,,,,,,,,,,,,,,,,,43
384,1,,,-73.9877267,40.7624600,2026-01-27 21:56:44.865,_20260127_165441_CH01_REF_TMO-NSA_PING_NJ NY_L2.dml,,,,,,,,,,,,,,,,,,,,,,,,,40
385,1,,,-73.9877267,40.7624600,2026-01-27 21:56:44.959,_20260127_165441_CH01_REF_TMO-NSA_PING_NJ NY_L2.dml,,,,,,,,,,,,,,,,,,,,,,,,,41
386,1,,,-73.9877267,40.7624600,2026-01-27 21:56:45.006,_20260127_165441_CH01_REF_TMO-NSA_PING_NJ NY_L2.dml,,,,,,,,,,,,,,,,,,,,,,PING Traffic End,,,
387,1,,,-73.9877267,40.7624600,2026-01-27 21:56:45.000,_20260127_165441_CH01_REF_TMO-NSA_PING_NJ NY_L2.dml,,,,N41(100)+N71(15),NR SA,371,-80.320000,14.760000,,,,,,,,,,,,,0.016,,,,
388,1,,,-73.9877283,40.7624567,2026-01-27 21:56:46.000,_20260127_165441_CH01_REF_TMO-NSA_PING_NJ NY_L2.dml,,,,N41(100)+N71(15),,371,-79.100000,14.040000,,,,,,,,,,,,,0.000,,,,
389,1,,,-73.9877283,40.7624550,2026-01-27 21:56:47.000,_20260127_165441_CH01_REF_TMO-NSA_PING_NJ NY_L2.dml,,,,N41(100)+N71(15),,371,-79.840000,14.610000,,,,,,,,,,,,,,,,,
390,1,,,-73.9877267,40.7624600,2026-01-27 21:56:48.000,_20260127_165441_CH01_REF_TMO-NSA_PING_NJ NY_L2.dml,,,,N41(100)+N71(15),,371,-82.500000,13.420000,,,,,,,,,,,,,0.000,,,,
391,1,,,-73.9877267,40.7624600,2026-01-27 21:56:48.006,_20260127_165441_CH01_REF_TMO-NSA_PING_NJ NY_L2.dml,,,,,,,,,,,,,,,,,,,,,,TIMEOUT_Idle,,,
392,1,,,-73.9877267,40.7624600,2026-01-27 21:56:48.006,_20260127_165441_CH01_REF_TMO-NSA_PING_NJ NY_L2.dml,,,,,,,,,,,,,,,,,,,,,,,,0,
393,1,,,-73.9877267,40.7624600,2026-01-27 21:56:48.006,_20260127_165441_CH01_REF_TMO-NSA_PING_NJ NY_L2.dml,,,,,,,,,,,,,,,,,,,,,,PING START,,,
394,1,,,-73.9877267,40.7624633,2026-01-27 21:56:49.000,_20260127_165441_CH01_REF_TMO-NSA_PING_NJ NY_L2.dml,,,,N41(100)+N71(15),,371,-80.380000,13.680000,,,,,,,,,,,,,0.000,,,,
395,1,,,-73.9877250,40.7624650,2026-01-27 21:56:50.000,_20260127_165441_CH01_REF_TMO-NSA_PING_NJ NY_L2.dml,,,,N41(100)+N71(15),,371,-78.420000,16.660000,,,,,,,,,,,,,0.000,,,,
396,1,,,-73.9877250,40.7624650,2026-01-27 21:56:51.021,_20260127_165441_CH01_REF_TMO-NSA_PING_NJ NY_L2.dml,,,,,,,,,,,,,,,,,,,,,,TIMEOUT_FrontIdle,,,
397,1,,,-73.9877250,40.7624650,2026-01-27 21:56:51.021,_20260127_165441_CH01_REF_TMO-NSA_PING_NJ NY_L2.dml,,,,,,,,,,,,,,,,,,,,,,PING Traffic Start,,,
398,1,,,-73.9877250,40.7624650,2026-01-27 21:56:51.000,_20260127_165441_CH01_REF_TMO-NSA_PING_NJ NY_L2.dml,,,,N41(100)+N71(15),NR SA,371,-78.680000,16.340000,,,,,,,,,,,,,0.000,,,,
399,1,,,-73.9877250,40.7624650,2026-01-27 21:56:51.161,_20260127_165441_CH01_REF_TMO-NSA_PING_NJ NY_L2.dml,,,,,,,,,,,,,,,,,,,,,,,,,44
400,1,,,-73.9877250,40.7624650,2026-01-27 21:56:51.365,_20260127_165441_CH01_REF_TMO-NSA_PING_NJ NY_L2.dml,,,,,,,,,,,,,,,,,,,,,,,,,37
401,1,,,-73.9877250,40.7624650,2026-01-27 21:56:51.569,_20260127_165441_CH01_REF_TMO-NSA_PING_NJ NY_L2.dml,,,,,,,,,,,,,,,,,,,,,,,,,41
402,1,,,-73.9877250,40.7624650,2026-01-27 21:56:51.756,_20260127_165441_CH01_REF_TMO-NSA_PING_NJ NY_L2.dml,,,,,,,,,,,,,,,,,,,,,,,,,35
403,1,,,-73.9877250,40.7624650,2026-01-27 21:56:51.959,_20260127_165441_CH01_REF_TMO-NSA_PING_NJ NY_L2.dml,,,,,,,,,,,,,,,,,,,,,,,,,40
404,1,,,-73.9877250,40.7624650,2026-01-27 21:56:52.000,_20260127_165441_CH01_REF_TMO-NSA_PING_NJ NY_L2.dml,,,,N41(100)+N71(15),NR SA,371,-76.200000,18.520000,,,,,,,,,,,,,0.000,,,,
405,1,,,-73.9877250,40.7624650,2026-01-27 21:56:52.146,_20260127_165441_CH01_REF_TMO-NSA_PING_NJ NY_L2.dml,,,,,,,,,,,,,,,,,,,,,,,,,32
406,1,,,-73.9877250,40.7624650,2026-01-27 21:56:52.365,_20260127_165441_CH01_REF_TMO-NSA_PING_NJ NY_L2.dml,,,,,,,,,,,,,,,,,,,,,,,,,33
407,1,,,-73.9877250,40.7624667,2026-01-27 21:56:52.553,_20260127_165441_CH01_REF_TMO-NSA_PING_NJ NY_L2.dml,,,,,,,,,,,,,,,,,,,,,,,,,30
408,1,,,-73.9877250,40.7624667,2026-01-27 21:56:52.786,_20260127_165441_CH01_REF_TMO-NSA_PING_NJ NY_L2.dml,,,,,,,,,,,,,,,,,,,,,,,,,50
409,1,,,-73.9877250,40.7624667,2026-01-27 21:56:52.975,_20260127_165441_CH01_REF_TMO-NSA_PING_NJ NY_L2.dml,,,,,,,,,,,,,,,,,,,,,,,,,47
410,1,,,-73.9877250,40.7624667,2026-01-27 21:56:53.000,_20260127_165441_CH01_REF_TMO-NSA_PING_NJ NY_L2.dml,,,,N41(100)+N71(15),NR SA,371,-77.820000,17.160000,,,,,,,,,,,,,0.016,,,,
411,1,,,-73.9877250,40.7624667,2026-01-27 21:56:53.161,_20260127_165441_CH01_REF_TMO-NSA_PING_NJ NY_L2.dml,,,,,,,,,,,,,,,,,,,,,,,,,46
412,1,,,-73.9877250,40.7624667,2026-01-27 21:56:53.365,_20260127_165441_CH01_REF_TMO-NSA_PING_NJ NY_L2.dml,,,,,,,,,,,,,,,,,,,,,,,,,25
413,1,,,-73.9877267,40.7624633,2026-01-27 21:56:53.584,_20260127_165441_CH01_REF_TMO-NSA_PING_NJ NY_L2.dml,,,,,,,,,,,,,,,,,,,,,,,,,47
414,1,,,-73.9877267,40.7624633,2026-01-27 21:56:53.756,_20260127_165441_CH01_REF_TMO-NSA_PING_NJ NY_L2.dml,,,,,,,,,,,,,,,,,,,,,,,,,25
415,1,,,-73.9877267,40.7624633,2026-01-27 21:56:54.006,_20260127_165441_CH01_REF_TMO-NSA_PING_NJ NY_L2.dml,,,,,,,,,,,,,,,,,,,,,,,,,65
416,1,,,-73.9877267,40.7624633,2026-01-27 21:56:54.000,_20260127_165441_CH01_REF_TMO-NSA_PING_NJ NY_L2.dml,,,,N41(100)+N71(15),NR SA,371,-76.830000,18.660000,,,,,,,,,,,,,0.016,,,,
417,1,,,-73.9877267,40.7624633,2026-01-27 21:56:54.146,_20260127_165441_CH01_REF_TMO-NSA_PING_NJ NY_L2.dml,,,,,,,,,,,,,,,,,,,,,,,,,23
418,1,,,-73.9877267,40.7624633,2026-01-27 21:56:54.365,_20260127_165441_CH01_REF_TMO-NSA_PING_NJ NY_L2.dml,,,,,,,,,,,,,,,,,,,,,,,,,25
419,1,,,-73.9877267,40.7624617,2026-01-27 21:56:54.569,_20260127_165441_CH01_REF_TMO-NSA_PING_NJ NY_L2.dml,,,,,,,,,,,,,,,,,,,,,,,,,38
420,1,,,-73.9877267,40.7624617,2026-01-27 21:56:54.771,_20260127_165441_CH01_REF_TMO-NSA_PING_NJ NY_L2.dml,,,,,,,,,,,,,,,,,,,,,,,,,39
421,1,,,-73.9877267,40.7624617,2026-01-27 21:56:54.975,_20260127_165441_CH01_REF_TMO-NSA_PING_NJ NY_L2.dml,,,,,,,,,,,,,,,,,,,,,,,,,41
422,1,,,-73.9877267,40.7624617,2026-01-27 21:56:55.000,_20260127_165441_CH01_REF_TMO-NSA_PING_NJ NY_L2.dml,,,,N41(100)+N71(15),NR SA,371,-77.140000,18.450000,,,,,,,,,,,,,0.024,,,,
423,1,,,-73.9877267,40.7624617,2026-01-27 21:56:55.177,_20260127_165441_CH01_REF_TMO-NSA_PING_NJ NY_L2.dml,,,,,,,,,,,,,,,,,,,,,,,,,39
424,1,,,-73.9877267,40.7624617,2026-01-27 21:56:55.381,_20260127_165441_CH01_REF_TMO-NSA_PING_NJ NY_L2.dml,,,,,,,,,,,,,,,,,,,,,,,,,39
425,1,,,-73.9877267,40.7624600,2026-01-27 21:56:55.584,_20260127_165441_CH01_REF_TMO-NSA_PING_NJ NY_L2.dml,,,,,,,,,,,,,,,,,,,,,,,,,38
426,1,,,-73.9877267,40.7624600,2026-01-27 21:56:55.786,_20260127_165441_CH01_REF_TMO-NSA_PING_NJ NY_L2.dml,,,,,,,,,,,,,,,,,,,,,,,,,37
427,1,,,-73.9877267,40.7624600,2026-01-27 21:56:55.990,_20260127_165441_CH01_REF_TMO-NSA_PING_NJ NY_L2.dml,,,,,,,,,,,,,,,,,,,,,,,,,36
428,1,,,-73.9877267,40.7624600,2026-01-27 21:56:56.000,_20260127_165441_CH01_REF_TMO-NSA_PING_NJ NY_L2.dml,,,,N41(100)+N71(15),NR SA,371,-78.470000,16.380000,,,,,,,,,,,,,0.024,,,,
429,1,,,-73.9877267,40.7624600,2026-01-27 21:56:56.069,_20260127_165441_CH01_REF_TMO-NSA_PING_NJ NY_L2.dml,,,,,,,,,,,,,,,,,,,,,,PING Traffic End,,,
430,1,,,-73.9877283,40.7624567,2026-01-27 21:56:57.000,_20260127_165441_CH01_REF_TMO-NSA_PING_NJ NY_L2.dml,,,,N41(100)+N71(15),,371,-82.070000,13.750000,,,,,,,,,,,,,0.008,,,,
431,1,,,-73.9877283,40.7624550,2026-01-27 21:56:58.000,_20260127_165441_CH01_REF_TMO-NSA_PING_NJ NY_L2.dml,,,,N41(100)+N71(15),,371,-84.360000,12.980000,,,,,,,,,,,,,0.000,,,,
432,1,,,-73.9877283,40.7624550,2026-01-27 21:56:59.000,_20260127_165441_CH01_REF_TMO-NSA_PING_NJ NY_L2.dml,,,,N41(100)+N71(15),,371,-83.760000,13.420000,,,,,,,,,,,,,0.000,,,,
433,1,,,-73.9877283,40.7624550,2026-01-27 21:56:59.084,_20260127_165441_CH01_REF_TMO-NSA_PING_NJ NY_L2.dml,,,,,,,,,,,,,,,,,,,,,,TIMEOUT_Idle,,,
434,1,,,-73.9877283,40.7624550,2026-01-27 21:56:59.084,_20260127_165441_CH01_REF_TMO-NSA_PING_NJ NY_L2.dml,,,,,,,,,,,,,,,,,,,,,,,,0,
435,1,,,-73.9877283,40.7624550,2026-01-27 21:56:59.084,_20260127_165441_CH01_REF_TMO-NSA_PING_NJ NY_L2.dml,,,,,,,,,,,,,,,,,,,,,,PING START,,,
436,1,,,-73.9877283,40.7624550,2026-01-27 21:57:00.000,_20260127_165441_CH01_REF_TMO-NSA_PING_NJ NY_L2.dml,,,,N41(100)+N71(15),,371,-81.500000,13.900000,,,,,,,,,,,,,0.000,,,,
437,1,,,-73.9877283,40.7624550,2026-01-27 21:57:01.000,_20260127_165441_CH01_REF_TMO-NSA_PING_NJ NY_L2.dml,,,,N41(100)+N71(15),,371,-85.800000,12.240000,,,,,,,,,,,,,0.000,,,,
438,1,,,-73.9877283,40.7624550,2026-01-27 21:57:02.000,_20260127_165441_CH01_REF_TMO-NSA_PING_NJ NY_L2.dml,,,,N41(100)+N71(15),,371,-80.980000,15.520000,,,,,,,,,,,,,0.024,,,,
439,1,,,-73.9877283,40.7624550,2026-01-27 21:57:02.100,_20260127_165441_CH01_REF_TMO-NSA_PING_NJ NY_L2.dml,,,,,,,,,,,,,,,,,,,,,,TIMEOUT_FrontIdle,,,
440,1,,,-73.9877283,40.7624550,2026-01-27 21:57:02.100,_20260127_165441_CH01_REF_TMO-NSA_PING_NJ NY_L2.dml,,,,,,,,,,,,,,,,,,,,,,PING Traffic Start,,,
441,1,,,-73.9877283,40.7624550,2026-01-27 21:57:02.240,_20260127_165441_CH01_REF_TMO-NSA_PING_NJ NY_L2.dml,,,,,,,,,,,,,,,,,,,,,,,,,29
442,1,,,-73.9877283,40.7624550,2026-01-27 21:57:02.459,_20260127_165441_CH01_REF_TMO-NSA_PING_NJ NY_L2.dml,,,,,,,,,,,,,,,,,,,,,,,,,47
443,1,,,-73.9877283,40.7624550,2026-01-27 21:57:02.646,_20260127_165441_CH01_REF_TMO-NSA_PING_NJ NY_L2.dml,,,,,,,,,,,,,,,,,,,,,,,,,27
444,1,,,-73.9877283,40.7624550,2026-01-27 21:57:02.865,_20260127_165441_CH01_REF_TMO-NSA_PING_NJ NY_L2.dml,,,,,,,,,,,,,,,,,,,,,,,,,47
445,1,,,-73.9877283,40.7624550,2026-01-27 21:57:03.000,_20260127_165441_CH01_REF_TMO-NSA_PING_NJ NY_L2.dml,,,,N41(100)+N71(15),NR SA,371,-79.760000,18.040000,,,,,,,,,,,,,0.000,,,,
446,1,,,-73.9877283,40.7624550,2026-01-27 21:57:03.052,_20260127_165441_CH01_REF_TMO-NSA_PING_NJ NY_L2.dml,,,,,,,,,,,,,,,,,,,,,,,,,47
447,1,,,-73.9877283,40.7624550,2026-01-27 21:57:03.256,_20260127_165441_CH01_REF_TMO-NSA_PING_NJ NY_L2.dml,,,,,,,,,,,,,,,,,,,,,,,,,46
448,1,,,-73.9877283,40.7624550,2026-01-27 21:57:03.428,_20260127_165441_CH01_REF_TMO-NSA_PING_NJ NY_L2.dml,,,,,,,,,,,,,,,,,,,,,,,,,25
449,1,,,-73.9877283,40.7624550,2026-01-27 21:57:03.661,_20260127_165441_CH01_REF_TMO-NSA_PING_NJ NY_L2.dml,,,,,,,,,,,,,,,,,,,,,,,,,51
450,1,,,-73.9877283,40.7624550,2026-01-27 21:57:03.865,_20260127_165441_CH01_REF_TMO-NSA_PING_NJ NY_L2.dml,,,,,,,,,,,,,,,,,,,,,,,,,41
451,1,,,-73.9877283,40.7624550,2026-01-27 21:57:04.000,_20260127_165441_CH01_REF_TMO-NSA_PING_NJ NY_L2.dml,,,,N41(100)+N71(15),NR SA,371,-80.480000,16.500000,,,,,,,,,,,,,0.016,,,,
452,1,,,-73.9877283,40.7624550,2026-01-27 21:57:04.052,_20260127_165441_CH01_REF_TMO-NSA_PING_NJ NY_L2.dml,,,,,,,,,,,,,,,,,,,,,,,,,40
453,1,,,-73.9877283,40.7624550,2026-01-27 21:57:04.256,_20260127_165441_CH01_REF_TMO-NSA_PING_NJ NY_L2.dml,,,,,,,,,,,,,,,,,,,,,,,,,41
454,1,,,-73.9877283,40.7624550,2026-01-27 21:57:04.444,_20260127_165441_CH01_REF_TMO-NSA_PING_NJ NY_L2.dml,,,,,,,,,,,,,,,,,,,,,,,,,37
455,1,,,-73.9877283,40.7624550,2026-01-27 21:57:04.646,_20260127_165441_CH01_REF_TMO-NSA_PING_NJ NY_L2.dml,,,,,,,,,,,,,,,,,,,,,,,,,36
456,1,,,-73.9877283,40.7624550,2026-01-27 21:57:04.865,_20260127_165441_CH01_REF_TMO-NSA_PING_NJ NY_L2.dml,,,,,,,,,,,,,,,,,,,,,,,,,38
457,1,,,-73.9877283,40.7624550,2026-01-27 21:57:05.000,_20260127_165441_CH01_REF_TMO-NSA_PING_NJ NY_L2.dml,,,,N41(100)+N71(15),NR SA,371,-79.200000,17.220000,,,,,,,,,,,,,0.016,,,,
458,1,,,-73.9877283,40.7624550,2026-01-27 21:57:05.053,_20260127_165441_CH01_REF_TMO-NSA_PING_NJ NY_L2.dml,,,,,,,,,,,,,,,,,,,,,,,,,35
459,1,,,-73.9877283,40.7624550,2026-01-27 21:57:05.256,_20260127_165441_CH01_REF_TMO-NSA_PING_NJ NY_L2.dml,,,,,,,,,,,,,,,,,,,,,,,,,35
460,1,,,-73.9877283,40.7624550,2026-01-27 21:57:05.459,_20260127_165441_CH01_REF_TMO-NSA_PING_NJ NY_L2.dml,,,,,,,,,,,,,,,,,,,,,,,,,35
461,1,,,-73.9877283,40.7624550,2026-01-27 21:57:05.661,_20260127_165441_CH01_REF_TMO-NSA_PING_NJ NY_L2.dml,,,,,,,,,,,,,,,,,,,,,,,,,34
462,1,,,-73.9877283,40.7624550,2026-01-27 21:57:05.865,_20260127_165441_CH01_REF_TMO-NSA_PING_NJ NY_L2.dml,,,,,,,,,,,,,,,,,,,,,,,,,33
463,1,,,-73.9877283,40.7624550,2026-01-27 21:57:06.000,_20260127_165441_CH01_REF_TMO-NSA_PING_NJ NY_L2.dml,,,,N41(100)+N71(15),NR SA,371,-77.740000,18.320000,,,,,,,,,,,,,0.016,,,,
464,1,,,-73.9877283,40.7624550,2026-01-27 21:57:06.052,_20260127_165441_CH01_REF_TMO-NSA_PING_NJ NY_L2.dml,,,,,,,,,,,,,,,,,,,,,,,,,29
465,1,,,-73.9877283,40.7624550,2026-01-27 21:57:06.256,_20260127_165441_CH01_REF_TMO-NSA_PING_NJ NY_L2.dml,,,,,,,,,,,,,,,,,,,,,,,,,29
466,1,,,-73.9877283,40.7624550,2026-01-27 21:57:06.475,_20260127_165441_CH01_REF_TMO-NSA_PING_NJ NY_L2.dml,,,,,,,,,,,,,,,,,,,,,,,,,50
467,1,,,-73.9877283,40.7624550,2026-01-27 21:57:06.694,_20260127_165441_CH01_REF_TMO-NSA_PING_NJ NY_L2.dml,,,,,,,,,,,,,,,,,,,,,,,,,47
468,1,,,-73.9877283,40.7624550,2026-01-27 21:57:06.881,_20260127_165441_CH01_REF_TMO-NSA_PING_NJ NY_L2.dml,,,,,,,,,,,,,,,,,,,,,,,,,48
469,1,,,-73.9877283,40.7624550,2026-01-27 21:57:07.000,_20260127_165441_CH01_REF_TMO-NSA_PING_NJ NY_L2.dml,,,,N41(100)+N71(15),NR SA,371,-82.660000,13.820000,,,,,,,,,,,,,0.008,,,,
470,1,,,-73.9877283,40.7624550,2026-01-27 21:57:07.069,_20260127_165441_CH01_REF_TMO-NSA_PING_NJ NY_L2.dml,,,,,,,,,,,,,,,,,,,,,,,,,45
471,1,,,-73.9877283,40.7624550,2026-01-27 21:57:07.146,_20260127_165441_CH01_REF_TMO-NSA_PING_NJ NY_L2.dml,,,,,,,,,,,,,,,,,,,,,,PING Traffic End,,,
472,1,,,-73.9877283,40.7624550,2026-01-27 21:57:08.000,_20260127_165441_CH01_REF_TMO-NSA_PING_NJ NY_L2.dml,,,,N41(100)+N71(15),NR SA,371,-80.450000,15.620000,,,,,,,,,,,,,0.016,,,,
473,1,,,-73.9877283,40.7624550,2026-01-27 21:57:09.000,_20260127_165441_CH01_REF_TMO-NSA_PING_NJ NY_L2.dml,,,,N41(100)+N71(15),,371,-79.100000,16.550000,,,,,,,,,,,,,0.008,,,,
474,1,,,-73.9877283,40.7624550,2026-01-27 21:57:10.000,_20260127_165441_CH01_REF_TMO-NSA_PING_NJ NY_L2.dml,,,,N41(100)+N71(15),,371,-80.260000,15.740000,,,,,,,,,,,,,0.000,,,,
475,1,,,-73.9877283,40.7624550,2026-01-27 21:57:10.146,_20260127_165441_CH01_REF_TMO-NSA_PING_NJ NY_L2.dml,,,,,,,,,,,,,,,,,,,,,,TIMEOUT_Idle,,,
476,1,,,-73.9877283,40.7624550,2026-01-27 21:57:10.146,_20260127_165441_CH01_REF_TMO-NSA_PING_NJ NY_L2.dml,,,,,,,,,,,,,,,,,,,,,,,,0,
477,1,,,-73.9877283,40.7624550,2026-01-27 21:57:10.146,_20260127_165441_CH01_REF_TMO-NSA_PING_NJ NY_L2.dml,,,,,,,,,,,,,,,,,,,,,,PING START,,,
478,1,,,-73.9877283,40.7624550,2026-01-27 21:57:11.000,_20260127_165441_CH01_REF_TMO-NSA_PING_NJ NY_L2.dml,,,,N41(100)+N71(15),,371,-78.800000,16.840000,,,,,,,,,,,,,0.000,,,,
479,1,,,-73.9877283,40.7624550,2026-01-27 21:57:12.000,_20260127_165441_CH01_REF_TMO-NSA_PING_NJ NY_L2.dml,,,,N41(100)+N71(15),,371,-79.530000,17.290000,,,,,,,,,,,,,0.000,,,,
480,1,,,-73.9877283,40.7624550,2026-01-27 21:57:13.000,_20260127_165441_CH01_REF_TMO-NSA_PING_NJ NY_L2.dml,,,,N41(100)+N71(15),,371,-78.250000,17.670000,,,,,,,,,,,,,0.000,,,,
481,1,,,-73.9877283,40.7624550,2026-01-27 21:57:13.146,_20260127_165441_CH01_REF_TMO-NSA_PING_NJ NY_L2.dml,,,,,,,,,,,,,,,,,,,,,,TIMEOUT_FrontIdle,,,
482,1,,,-73.9877283,40.7624550,2026-01-27 21:57:13.146,_20260127_165441_CH01_REF_TMO-NSA_PING_NJ NY_L2.dml,,,,,,,,,,,,,,,,,,,,,,PING Traffic Start,,,
483,1,,,-73.9877283,40.7624550,2026-01-27 21:57:13.286,_20260127_165441_CH01_REF_TMO-NSA_PING_NJ NY_L2.dml,,,,,,,,,,,,,,,,,,,,,,,,,50
484,1,,,-73.9877283,40.7624550,2026-01-27 21:57:13.506,_20260127_165441_CH01_REF_TMO-NSA_PING_NJ NY_L2.dml,,,,,,,,,,,,,,,,,,,,,,,,,49
485,1,,,-73.9877283,40.7624550,2026-01-27 21:57:13.677,_20260127_165441_CH01_REF_TMO-NSA_PING_NJ NY_L2.dml,,,,,,,,,,,,,,,,,,,,,,,,,28
486,1,,,-73.9877283,40.7624550,2026-01-27 21:57:13.896,_20260127_165441_CH01_REF_TMO-NSA_PING_NJ NY_L2.dml,,,,,,,,,,,,,,,,,,,,,,,,,45
487,1,,,-73.9877283,40.7624550,2026-01-27 21:57:14.000,_20260127_165441_CH01_REF_TMO-NSA_PING_NJ NY_L2.dml,,,,N41(100)+N71(15),NR SA,371,-80.280000,15.520000,,,,,,,,,,,,,0.000,,,,
488,1,,,-73.9877283,40.7624550,2026-01-27 21:57:14.100,_20260127_165441_CH01_REF_TMO-NSA_PING_NJ NY_L2.dml,,,,,,,,,,,,,,,,,,,,,,,,,44
489,1,,,-73.9877283,40.7624550,2026-01-27 21:57:14.286,_20260127_165441_CH01_REF_TMO-NSA_PING_NJ NY_L2.dml,,,,,,,,,,,,,,,,,,,,,,,,,45
490,1,,,-73.9877283,40.7624550,2026-01-27 21:57:14.475,_20260127_165441_CH01_REF_TMO-NSA_PING_NJ NY_L2.dml,,,,,,,,,,,,,,,,,,,,,,,,,24
491,1,,,-73.9877283,40.7624550,2026-01-27 21:57:14.709,_20260127_165441_CH01_REF_TMO-NSA_PING_NJ NY_L2.dml,,,,,,,,,,,,,,,,,,,,,,,,,61
492,1,,,-73.9877283,40.7624550,2026-01-27 21:57:14.944,_20260127_165441_CH01_REF_TMO-NSA_PING_NJ NY_L2.dml,,,,,,,,,,,,,,,,,,,,,,,,,39
493,1,,,-73.9877283,40.7624550,2026-01-27 21:57:15.000,_20260127_165441_CH01_REF_TMO-NSA_PING_NJ NY_L2.dml,,,,N41(100)+N71(15),NR SA,371,-79.680000,16.290000,,,,,,,,,,,,,0.016,,,,
494,1,,,-73.9877283,40.7624550,2026-01-27 21:57:15.115,_20260127_165441_CH01_REF_TMO-NSA_PING_NJ NY_L2.dml,,,,,,,,,,,,,,,,,,,,,,,,,65
495,1,,,-73.9877283,40.7624550,2026-01-27 21:57:15.302,_20260127_165441_CH01_REF_TMO-NSA_PING_NJ NY_L2.dml,,,,,,,,,,,,,,,,,,,,,,,,,45
496,1,,,-73.9877283,40.7624550,2026-01-27 21:57:15.490,_20260127_165441_CH01_REF_TMO-NSA_PING_NJ NY_L2.dml,,,,,,,,,,,,,,,,,,,,,,,,,40
497,1,,,-73.9877283,40.7624550,2026-01-27 21:57:15.694,_20260127_165441_CH01_REF_TMO-NSA_PING_NJ NY_L2.dml,,,,,,,,,,,,,,,,,,,,,,,,,38
498,1,,,-73.9877283,40.7624550,2026-01-27 21:57:15.896,_20260127_165441_CH01_REF_TMO-NSA_PING_NJ NY_L2.dml,,,,,,,,,,,,,,,,,,,,,,,,,37
499,1,,,-73.9877283,40.7624550,2026-01-27 21:57:16.000,_20260127_165441_CH01_REF_TMO-NSA_PING_NJ NY_L2.dml,,,,N41(100)+N71(15),NR SA,371,-80.380000,14.710000,,,,,,,,,,,,,0.024,,,,
500,1,,,-73.9877283,40.7624550,2026-01-27 21:57:16.100,_20260127_165441_CH01_REF_TMO-NSA_PING_NJ NY_L2.dml,,,,,,,,,,,,,,,,,,,,,,,,,38
501,1,,,-73.9877283,40.7624550,2026-01-27 21:57:16.303,_20260127_165441_CH01_REF_TMO-NSA_PING_NJ NY_L2.dml,,,,,,,,,,,,,,,,,,,,,,,,,38
502,1,,,-73.9877283,40.7624550,2026-01-27 21:57:16.506,_20260127_165441_CH01_REF_TMO-NSA_PING_NJ NY_L2.dml,,,,,,,,,,,,,,,,,,,,,,,,,42
503,1,,,-73.9877283,40.7624550,2026-01-27 21:57:16.694,_20260127_165441_CH01_REF_TMO-NSA_PING_NJ NY_L2.dml,,,,,,,,,,,,,,,,,,,,,,,,,34
504,1,,,-73.9877283,40.7624550,2026-01-27 21:57:16.896,_20260127_165441_CH01_REF_TMO-NSA_PING_NJ NY_L2.dml,,,,,,,,,,,,,,,,,,,,,,,,,33
505,1,,,-73.9877283,40.7624550,2026-01-27 21:57:17.000,_20260127_165441_CH01_REF_TMO-NSA_PING_NJ NY_L2.dml,,,,N41(100)+N71(15),NR SA,371,-80.640000,15.760000,,,,,,,,,,,,,0.016,,,,
506,1,,,-73.9877283,40.7624550,2026-01-27 21:57:17.084,_20260127_165441_CH01_REF_TMO-NSA_PING_NJ NY_L2.dml,,,,,,,,,,,,,,,,,,,,,,,,,22
507,1,,,-73.9877283,40.7624550,2026-01-27 21:57:17.302,_20260127_165441_CH01_REF_TMO-NSA_PING_NJ NY_L2.dml,,,,,,,,,,,,,,,,,,,,,,,,,37
508,1,,,-73.9877283,40.7624550,2026-01-27 21:57:17.490,_20260127_165441_CH01_REF_TMO-NSA_PING_NJ NY_L2.dml,,,,,,,,,,,,,,,,,,,,,,,,,26
509,1,,,-73.9877533,40.7624383,2026-01-27 21:57:17.694,_20260127_165441_CH01_REF_TMO-NSA_PING_NJ NY_L2.dml,,,,,,,,,,,,,,,,,,,,,,,,,33
510,1,,,-73.9877533,40.7624383,2026-01-27 21:57:17.896,_20260127_165441_CH01_REF_TMO-NSA_PING_NJ NY_L2.dml,,,,,,,,,,,,,,,,,,,,,,,,,33
511,1,,,-73.9877533,40.7624383,2026-01-27 21:57:18.000,_20260127_165441_CH01_REF_TMO-NSA_PING_NJ NY_L2.dml,,,,N41(100)+N71(15),NR SA,371,-81.400000,14.920000,,,,,,,,,,,,,0.072,,,,
512,1,,,-73.9877533,40.7624383,2026-01-27 21:57:18.100,_20260127_165441_CH01_REF_TMO-NSA_PING_NJ NY_L2.dml,,,,,,,,,,,,,,,,,,,,,,,,,34
513,1,,,-73.9877533,40.7624383,2026-01-27 21:57:18.209,_20260127_165441_CH01_REF_TMO-NSA_PING_NJ NY_L2.dml,,,,,,,,,,,,,,,,,,,,,,PING Traffic End,,,
514,1,,,-73.9877533,40.7624383,2026-01-27 21:57:19.000,_20260127_165441_CH01_REF_TMO-NSA_PING_NJ NY_L2.dml,,,,N41(100)+N71(15),NR SA,371,-79.400000,15.960000,,,,,,,,,,,,,0.000,,,,
515,1,,,-73.9877500,40.7624417,2026-01-27 21:57:20.000,_20260127_165441_CH01_REF_TMO-NSA_PING_NJ NY_L2.dml,,,,N41(100)+N71(15),,371,-80.580000,14.820000,,,,,,,,,,,,,,,,,
516,1,,,-73.9877500,40.7624417,2026-01-27 21:57:21.000,_20260127_165441_CH01_REF_TMO-NSA_PING_NJ NY_L2.dml,,,,N41(100)+N71(15),,371,-79.380000,16.500000,,,,,,,,,,,,,0.000,,,,
517,1,,,-73.9877500,40.7624417,2026-01-27 21:57:21.209,_20260127_165441_CH01_REF_TMO-NSA_PING_NJ NY_L2.dml,,,,,,,,,,,,,,,,,,,,,,TIMEOUT_Idle,,,
518,1,,,-73.9877500,40.7624417,2026-01-27 21:57:21.209,_20260127_165441_CH01_REF_TMO-NSA_PING_NJ NY_L2.dml,,,,,,,,,,,,,,,,,,,,,,,,0,
519,1,,,-73.9877500,40.7624417,2026-01-27 21:57:21.209,_20260127_165441_CH01_REF_TMO-NSA_PING_NJ NY_L2.dml,,,,,,,,,,,,,,,,,,,,,,PING START,,,
520,1,,,-73.9877467,40.7624450,2026-01-27 21:57:22.000,_20260127_165441_CH01_REF_TMO-NSA_PING_NJ NY_L2.dml,,,,N41(100)+N71(15),,371,-80.950000,14.950000,,,,,,,,,,,,,0.000,,,,
521,1,,,-73.9877467,40.7624450,2026-01-27 21:57:23.000,_20260127_165441_CH01_REF_TMO-NSA_PING_NJ NY_L2.dml,,,,N41(100)+N71(15),,371,-80.710000,14.210000,,,,,,,,,,,,,0.000,,,,
522,1,,,-73.9877467,40.7624450,2026-01-27 21:57:24.000,_20260127_165441_CH01_REF_TMO-NSA_PING_NJ NY_L2.dml,,,,N41(100)+N71(15),,371,-80.810000,14.470000,,,,,,,,,,,,,,,,,
523,1,,,-73.9877467,40.7624450,2026-01-27 21:57:24.334,_20260127_165441_CH01_REF_TMO-NSA_PING_NJ NY_L2.dml,,,,,,,,,,,,,,,,,,,,,,TIMEOUT_FrontIdle,,,
524,1,,,-73.9877467,40.7624450,2026-01-27 21:57:24.334,_20260127_165441_CH01_REF_TMO-NSA_PING_NJ NY_L2.dml,,,,,,,,,,,,,,,,,,,,,,PING Traffic Start,,,
525,1,,,-73.9877467,40.7624450,2026-01-27 21:57:24.709,_20260127_165441_CH01_REF_TMO-NSA_PING_NJ NY_L2.dml,,,,,,,,,,,,,,,,,,,,,,,,,40
526,1,,,-73.9877467,40.7624450,2026-01-27 21:57:24.896,_20260127_165441_CH01_REF_TMO-NSA_PING_NJ NY_L2.dml,,,,,,,,,,,,,,,,,,,,,,,,,39
527,1,,,-73.9877467,40.7624450,2026-01-27 21:57:25.000,_20260127_165441_CH01_REF_TMO-NSA_PING_NJ NY_L2.dml,,,,N41(100)+N71(15),NR SA,371,-80.500000,15.180000,,,,,,,,,,,,,0.008,,,,
528,1,,,-73.9877467,40.7624450,2026-01-27 21:57:25.084,_20260127_165441_CH01_REF_TMO-NSA_PING_NJ NY_L2.dml,,,,,,,,,,,,,,,,,,,,,,,,,36
529,1,,,-73.9877467,40.7624450,2026-01-27 21:57:25.319,_20260127_165441_CH01_REF_TMO-NSA_PING_NJ NY_L2.dml,,,,,,,,,,,,,,,,,,,,,,,,,36
530,1,,,-73.9877467,40.7624450,2026-01-27 21:57:25.506,_20260127_165441_CH01_REF_TMO-NSA_PING_NJ NY_L2.dml,,,,,,,,,,,,,,,,,,,,,,,,,35
531,1,,,-73.9877467,40.7624450,2026-01-27 21:57:25.678,_20260127_165441_CH01_REF_TMO-NSA_PING_NJ NY_L2.dml,,,,,,,,,,,,,,,,,,,,,,,,,34
532,1,,,-73.9877467,40.7624450,2026-01-27 21:57:25.911,_20260127_165441_CH01_REF_TMO-NSA_PING_NJ NY_L2.dml,,,,,,,,,,,,,,,,,,,,,,,,,33
533,1,,,-73.9877467,40.7624450,2026-01-27 21:57:26.000,_20260127_165441_CH01_REF_TMO-NSA_PING_NJ NY_L2.dml,,,,N41(100)+N71(15),NR SA,371,-79.700000,15.060000,,,,,,,,,,,,,0.016,,,,
534,1,,,-73.9877467,40.7624450,2026-01-27 21:57:26.100,_20260127_165441_CH01_REF_TMO-NSA_PING_NJ NY_L2.dml,,,,,,,,,,,,,,,,,,,,,,,,,31
535,1,,,-73.9877467,40.7624450,2026-01-27 21:57:26.286,_20260127_165441_CH01_REF_TMO-NSA_PING_NJ NY_L2.dml,,,,,,,,,,,,,,,,,,,,,,,,,30
536,1,,,-73.9877467,40.7624450,2026-01-27 21:57:26.475,_20260127_165441_CH01_REF_TMO-NSA_PING_NJ NY_L2.dml,,,,,,,,,,,,,,,,,,,,,,,,,29
537,1,,,-73.9877467,40.7624450,2026-01-27 21:57:26.756,_20260127_165441_CH01_REF_TMO-NSA_PING_NJ NY_L2.dml,,,,,,,,,,,,,,,,,,,,,,,,,49
538,1,,,-73.9877467,40.7624450,2026-01-27 21:57:26.911,_20260127_165441_CH01_REF_TMO-NSA_PING_NJ NY_L2.dml,,,,,,,,,,,,,,,,,,,,,,,,,48
539,1,,,-73.9877467,40.7624450,2026-01-27 21:57:27.000,_20260127_165441_CH01_REF_TMO-NSA_PING_NJ NY_L2.dml,,,,N41(100)+N71(15),NR SA,371,-79.680000,15.660000,,,,,,,,,,,,,0.016,,,,
540,1,,,-73.9877467,40.7624450,2026-01-27 21:57:27.115,_20260127_165441_CH01_REF_TMO-NSA_PING_NJ NY_L2.dml,,,,,,,,,,,,,,,,,,,,,,,,,47
541,1,,,-73.9877467,40.7624450,2026-01-27 21:57:27.271,_20260127_165441_CH01_REF_TMO-NSA_PING_NJ NY_L2.dml,,,,,,,,,,,,,,,,,,,,,,,,,26
542,1,,,-73.9877467,40.7624450,2026-01-27 21:57:27.506,_20260127_165441_CH01_REF_TMO-NSA_PING_NJ NY_L2.dml,,,,,,,,,,,,,,,,,,,,,,,,,46
543,1,,,-73.9877467,40.7624450,2026-01-27 21:57:27.694,_20260127_165441_CH01_REF_TMO-NSA_PING_NJ NY_L2.dml,,,,,,,,,,,,,,,,,,,,,,,,,44
544,1,,,-73.9877467,40.7624450,2026-01-27 21:57:27.896,_20260127_165441_CH01_REF_TMO-NSA_PING_NJ NY_L2.dml,,,,,,,,,,,,,,,,,,,,,,,,,44
545,1,,,-73.9877467,40.7624450,2026-01-27 21:57:28.000,_20260127_165441_CH01_REF_TMO-NSA_PING_NJ NY_L2.dml,,,,N41(100)+N71(15),NR SA,371,-81.320000,14.740000,,,,,,,,,,,,,0.016,,,,
546,1,,,-73.9877467,40.7624450,2026-01-27 21:57:28.100,_20260127_165441_CH01_REF_TMO-NSA_PING_NJ NY_L2.dml,,,,,,,,,,,,,,,,,,,,,,,,,43
547,1,,,-73.9877467,40.7624450,2026-01-27 21:57:28.302,_20260127_165441_CH01_REF_TMO-NSA_PING_NJ NY_L2.dml,,,,,,,,,,,,,,,,,,,,,,,,,42
548,1,,,-73.9877467,40.7624450,2026-01-27 21:57:28.490,_20260127_165441_CH01_REF_TMO-NSA_PING_NJ NY_L2.dml,,,,,,,,,,,,,,,,,,,,,,,,,41
549,1,,,-73.9877467,40.7624450,2026-01-27 21:57:28.709,_20260127_165441_CH01_REF_TMO-NSA_PING_NJ NY_L2.dml,,,,,,,,,,,,,,,,,,,,,,,,,40
550,1,,,-73.9877467,40.7624450,2026-01-27 21:57:28.896,_20260127_165441_CH01_REF_TMO-NSA_PING_NJ NY_L2.dml,,,,,,,,,,,,,,,,,,,,,,,,,39
551,1,,,-73.9877467,40.7624450,2026-01-27 21:57:29.000,_20260127_165441_CH01_REF_TMO-NSA_PING_NJ NY_L2.dml,,,,N41(100)+N71(15),NR SA,371,-83.440000,16.380000,,,,,,,,,,,,,0.016,,,,
552,1,,,-73.9877467,40.7624450,2026-01-27 21:57:29.100,_20260127_165441_CH01_REF_TMO-NSA_PING_NJ NY_L2.dml,,,,,,,,,,,,,,,,,,,,,,,,,37
553,1,,,-73.9877467,40.7624450,2026-01-27 21:57:29.303,_20260127_165441_CH01_REF_TMO-NSA_PING_NJ NY_L2.dml,,,,,,,,,,,,,,,,,,,,,,,,,39
554,1,,,-73.9877467,40.7624450,2026-01-27 21:57:29.521,_20260127_165441_CH01_REF_TMO-NSA_PING_NJ NY_L2.dml,,,,,,,,,,,,,,,,,,,,,,,,,56
555,1,,,-73.9877467,40.7624450,2026-01-27 21:57:30.000,_20260127_165441_CH01_REF_TMO-NSA_PING_NJ NY_L2.dml,,,,N41(100)+N71(15),NR SA,371,-83.400000,14.980000,,,,,,,,,,,,,0.016,,,,
556,1,,,-73.9877467,40.7624450,2026-01-27 21:57:30.428,_20260127_165441_CH01_REF_TMO-NSA_PING_NJ NY_L2.dml,,,,,,,,,,,,,,,,,,,,,,PING Traffic End,,,
557,1,,,-73.9877467,40.7624450,2026-01-27 21:57:31.000,_20260127_165441_CH01_REF_TMO-NSA_PING_NJ NY_L2.dml,,,,N41(100)+N71(15),,371,-77.550000,16.570000,,,,,,,,,,,,,0.016,,,,
558,1,,,-73.9877467,40.7624450,2026-01-27 21:57:32.000,_20260127_165441_CH01_REF_TMO-NSA_PING_NJ NY_L2.dml,,,,N41(100)+N71(15),,371,-79.540000,14.940000,,,,,,,,,,,,,0.000,,,,
559,1,,,-73.9877467,40.7624450,2026-01-27 21:57:33.000,_20260127_165441_CH01_REF_TMO-NSA_PING_NJ NY_L2.dml,,,,N41(100)+N71(15),,371,-77.320000,16.720000,,,,,,,,,,,,,0.000,,,,
560,1,,,-73.9877467,40.7624450,2026-01-27 21:57:33.444,_20260127_165441_CH01_REF_TMO-NSA_PING_NJ NY_L2.dml,,,,,,,,,,,,,,,,,,,,,,TIMEOUT_Idle,,,
561,1,,,-73.9877467,40.7624450,2026-01-27 21:57:33.444,_20260127_165441_CH01_REF_TMO-NSA_PING_NJ NY_L2.dml,,,,,,,,,,,,,,,,,,,,,,,,0,
562,1,,,-73.9877467,40.7624450,2026-01-27 21:57:33.444,_20260127_165441_CH01_REF_TMO-NSA_PING_NJ NY_L2.dml,,,,,,,,,,,,,,,,,,,,,,PING START,,,
563,1,,,-73.9877467,40.7624450,2026-01-27 21:57:34.000,_20260127_165441_CH01_REF_TMO-NSA_PING_NJ NY_L2.dml,,,,N41(100)+N71(15),,371,-77.740000,16.980000,,,,,,,,,,,,,0.000,,,,
564,1,,,-73.9877467,40.7624450,2026-01-27 21:57:35.000,_20260127_165441_CH01_REF_TMO-NSA_PING_NJ NY_L2.dml,,,,N41(100)+N71(15),,371,-80.160000,15.220000,,,,,,,,,,,,,0.000,,,,
565,1,,,-73.9877467,40.7624450,2026-01-27 21:57:36.000,_20260127_165441_CH01_REF_TMO-NSA_PING_NJ NY_L2.dml,,,,N41(100)+N71(15),,371,-79.840000,15.640000,,,,,,,,,,,,,0.000,,,,
566,1,,,-73.9877467,40.7624450,2026-01-27 21:57:36.444,_20260127_165441_CH01_REF_TMO-NSA_PING_NJ NY_L2.dml,,,,,,,,,,,,,,,,,,,,,,TIMEOUT_FrontIdle,,,
567,1,,,-73.9877467,40.7624450,2026-01-27 21:57:36.444,_20260127_165441_CH01_REF_TMO-NSA_PING_NJ NY_L2.dml,,,,,,,,,,,,,,,,,,,,,,PING Traffic Start,,,
568,1,,,-73.9877467,40.7624450,2026-01-27 21:57:36.646,_20260127_165441_CH01_REF_TMO-NSA_PING_NJ NY_L2.dml,,,,,,,,,,,,,,,,,,,,,,,,,60
569,1,,,-73.9877467,40.7624450,2026-01-27 21:57:36.803,_20260127_165441_CH01_REF_TMO-NSA_PING_NJ NY_L2.dml,,,,,,,,,,,,,,,,,,,,,,,,,24
570,1,,,-73.9877467,40.7624450,2026-01-27 21:57:37.006,_20260127_165441_CH01_REF_TMO-NSA_PING_NJ NY_L2.dml,,,,,,,,,,,,,,,,,,,,,,,,,27
571,1,,,-73.9877467,40.7624450,2026-01-27 21:57:37.000,_20260127_165441_CH01_REF_TMO-NSA_PING_NJ NY_L2.dml,,,,N41(100)+N71(15),NR SA,371,-79.800000,15.060000,,,,,,,,,,,,,0.000,,,,
572,1,,,-73.9877467,40.7624600,2026-01-27 21:57:37.209,_20260127_165441_CH01_REF_TMO-NSA_PING_NJ NY_L2.dml,,,,,,,,,,,,,,,,,,,,,,,,,34
573,1,,,-73.9877467,40.7624600,2026-01-27 21:57:37.411,_20260127_165441_CH01_REF_TMO-NSA_PING_NJ NY_L2.dml,,,,,,,,,,,,,,,,,,,,,,,,,34
574,1,,,-73.9877467,40.7624600,2026-01-27 21:57:37.615,_20260127_165441_CH01_REF_TMO-NSA_PING_NJ NY_L2.dml,,,,,,,,,,,,,,,,,,,,,,,,,33
575,1,,,-73.9877467,40.7624600,2026-01-27 21:57:37.819,_20260127_165441_CH01_REF_TMO-NSA_PING_NJ NY_L2.dml,,,,,,,,,,,,,,,,,,,,,,,,,34
576,1,,,-73.9877467,40.7624600,2026-01-27 21:57:38.006,_20260127_165441_CH01_REF_TMO-NSA_PING_NJ NY_L2.dml,,,,,,,,,,,,,,,,,,,,,,,,,31
577,1,,,-73.9877467,40.7624600,2026-01-27 21:57:38.000,_20260127_165441_CH01_REF_TMO-NSA_PING_NJ NY_L2.dml,,,,N41(100)+N71(15),NR SA,371,-82.600000,13.150000,,,,,,,,,,,,,0.016,,,,
578,1,,,-73.9877467,40.7624600,2026-01-27 21:57:38.209,_20260127_165441_CH01_REF_TMO-NSA_PING_NJ NY_L2.dml,,,,,,,,,,,,,,,,,,,,,,,,,30
579,1,,,-73.9877467,40.7624600,2026-01-27 21:57:38.411,_20260127_165441_CH01_REF_TMO-NSA_PING_NJ NY_L2.dml,,,,,,,,,,,,,,,,,,,,,,,,,31
580,1,,,-73.9877433,40.7624633,2026-01-27 21:57:38.631,_20260127_165441_CH01_REF_TMO-NSA_PING_NJ NY_L2.dml,,,,,,,,,,,,,,,,,,,,,,,,,48
581,1,,,-73.9877433,40.7624633,2026-01-27 21:57:38.834,_20260127_165441_CH01_REF_TMO-NSA_PING_NJ NY_L2.dml,,,,,,,,,,,,,,,,,,,,,,,,,49
582,1,,,-73.9877433,40.7624633,2026-01-27 21:57:39.000,_20260127_165441_CH01_REF_TMO-NSA_PING_NJ NY_L2.dml,,,,N41(100)+N71(15),NR SA,371,-82.080000,13.520000,,,,,,,,,,,,,0.008,,,,
583,1,,,-73.9877433,40.7624633,2026-01-27 21:57:39.036,_20260127_165441_CH01_REF_TMO-NSA_PING_NJ NY_L2.dml,,,,,,,,,,,,,,,,,,,,,,,,,50
584,1,,,-73.9877433,40.7624633,2026-01-27 21:57:39.209,_20260127_165441_CH01_REF_TMO-NSA_PING_NJ NY_L2.dml,,,,,,,,,,,,,,,,,,,,,,,,,26
585,1,,,-73.9877433,40.7624633,2026-01-27 21:57:39.444,_20260127_165441_CH01_REF_TMO-NSA_PING_NJ NY_L2.dml,,,,,,,,,,,,,,,,,,,,,,,,,46
586,1,,,-73.9877417,40.7624650,2026-01-27 21:57:39.631,_20260127_165441_CH01_REF_TMO-NSA_PING_NJ NY_L2.dml,,,,,,,,,,,,,,,,,,,,,,,,,44
587,1,,,-73.9877417,40.7624650,2026-01-27 21:57:39.834,_20260127_165441_CH01_REF_TMO-NSA_PING_NJ NY_L2.dml,,,,,,,,,,,,,,,,,,,,,,,,,44
588,1,,,-73.9877417,40.7624650,2026-01-27 21:57:40.000,_20260127_165441_CH01_REF_TMO-NSA_PING_NJ NY_L2.dml,,,,N41(100)+N71(15),NR SA,371,-82.800000,14.420000,,,,,,,,,,,,,0.016,,,,
589,1,,,-73.9877417,40.7624650,2026-01-27 21:57:40.036,_20260127_165441_CH01_REF_TMO-NSA_PING_NJ NY_L2.dml,,,,,,,,,,,,,,,,,,,,,,,,,43
590,1,,,-73.9877417,40.7624650,2026-01-27 21:57:40.240,_20260127_165441_CH01_REF_TMO-NSA_PING_NJ NY_L2.dml,,,,,,,,,,,,,,,,,,,,,,,,,41
591,1,,,-73.9877417,40.7624650,2026-01-27 21:57:40.444,_20260127_165441_CH01_REF_TMO-NSA_PING_NJ NY_L2.dml,,,,,,,,,,,,,,,,,,,,,,,,,47
592,1,,,-73.9877383,40.7624667,2026-01-27 21:57:40.631,_20260127_165441_CH01_REF_TMO-NSA_PING_NJ NY_L2.dml,,,,,,,,,,,,,,,,,,,,,,,,,40
593,1,,,-73.9877383,40.7624667,2026-01-27 21:57:40.834,_20260127_165441_CH01_REF_TMO-NSA_PING_NJ NY_L2.dml,,,,,,,,,,,,,,,,,,,,,,,,,40
594,1,,,-73.9877383,40.7624667,2026-01-27 21:57:41.000,_20260127_165441_CH01_REF_TMO-NSA_PING_NJ NY_L2.dml,,,,N41(100)+N71(15),NR SA,371,-82.220000,16.400000,,,,,,,,,,,,,0.008,,,,
595,1,,,-73.9877383,40.7624667,2026-01-27 21:57:41.036,_20260127_165441_CH01_REF_TMO-NSA_PING_NJ NY_L2.dml,,,,,,,,,,,,,,,,,,,,,,,,,38
596,1,,,-73.9877383,40.7624667,2026-01-27 21:57:41.240,_20260127_165441_CH01_REF_TMO-NSA_PING_NJ NY_L2.dml,,,,,,,,,,,,,,,,,,,,,,,,,37
597,1,,,-73.9877383,40.7624667,2026-01-27 21:57:41.428,_20260127_165441_CH01_REF_TMO-NSA_PING_NJ NY_L2.dml,,,,,,,,,,,,,,,,,,,,,,,,,34
598,1,,,-73.9877383,40.7624667,2026-01-27 21:57:41.506,_20260127_165441_CH01_REF_TMO-NSA_PING_NJ NY_L2.dml,,,,,,,,,,,,,,,,,,,,,,PING Traffic End,,,
599,1,,,-73.9877367,40.7624667,2026-01-27 21:57:42.000,_20260127_165441_CH01_REF_TMO-NSA_PING_NJ NY_L2.dml,,,,N41(100)+N71(15),NR SA,371,-80.160000,15.020000,,,,,,,,,,,,,0.008,,,,
600,1,,,-73.9877367,40.7624667,2026-01-27 21:57:43.000,_20260127_165441_CH01_REF_TMO-NSA_PING_NJ NY_L2.dml,,,,N41(100)+N71(15),,371,-81.440000,15.360000,,,,,,,,,,,,,0.000,,,,
601,1,,,-73.9877350,40.7624667,2026-01-27 21:57:44.000,_20260127_165441_CH01_REF_TMO-NSA_PING_NJ NY_L2.dml,,,,N41(100)+N71(15),,371,-84.180000,15.350000,,,,,,,,,,,,,0.000,,,,
602,1,,,-73.9877350,40.7624683,2026-01-27 21:57:44.521,_20260127_165441_CH01_REF_TMO-NSA_PING_NJ NY_L2.dml,,,,,,,,,,,,,,,,,,,,,,TIMEOUT_Idle,,,
603,1,,,-73.9877350,40.7624683,2026-01-27 21:57:44.521,_20260127_165441_CH01_REF_TMO-NSA_PING_NJ NY_L2.dml,,,,,,,,,,,,,,,,,,,,,,,,0,
604,1,,,-73.9877350,40.7624683,2026-01-27 21:57:44.521,_20260127_165441_CH01_REF_TMO-NSA_PING_NJ NY_L2.dml,,,,,,,,,,,,,,,,,,,,,,PING START,,,
605,1,,,-73.9877350,40.7624683,2026-01-27 21:57:45.000,_20260127_165441_CH01_REF_TMO-NSA_PING_NJ NY_L2.dml,,,,N41(100)+N71(15),,371,-80.920000,14.600000,,,,,,,,,,,,,0.000,,,,
606,1,,,-73.9877333,40.7624683,2026-01-27 21:57:46.000,_20260127_165441_CH01_REF_TMO-NSA_PING_NJ NY_L2.dml,,,,N41(100)+N71(15),,371,-81.480000,13.820000,,,,,,,,,,,,,0.000,,,,
607,1,,,-73.9877283,40.7624750,2026-01-27 21:57:47.000,_20260127_165441_CH01_REF_TMO-NSA_PING_NJ NY_L2.dml,,,,N41(100)+N71(15),,371,-82.880000,14.740000,,,,,,,,,,,,,0.000,,,,
608,1,,,-73.9877283,40.7624750,2026-01-27 21:57:47.521,_20260127_165441_CH01_REF_TMO-NSA_PING_NJ NY_L2.dml,,,,,,,,,,,,,,,,,,,,,,TIMEOUT_FrontIdle,,,
609,1,,,-73.9877283,40.7624750,2026-01-27 21:57:47.521,_20260127_165441_CH01_REF_TMO-NSA_PING_NJ NY_L2.dml,,,,,,,,,,,,,,,,,,,,,,PING Traffic Start,,,
610,1,,,-73.9877250,40.7624767,2026-01-27 21:57:47.694,_20260127_165441_CH01_REF_TMO-NSA_PING_NJ NY_L2.dml,,,,,,,,,,,,,,,,,,,,,,,,,36
611,1,,,-73.9877250,40.7624767,2026-01-27 21:57:47.896,_20260127_165441_CH01_REF_TMO-NSA_PING_NJ NY_L2.dml,,,,,,,,,,,,,,,,,,,,,,,,,36
612,1,,,-73.9877250,40.7624767,2026-01-27 21:57:48.000,_20260127_165441_CH01_REF_TMO-NSA_PING_NJ NY_L2.dml,,,,N41(100)+N71(15),NR SA,371,-81.680000,14.060000,,,,,,,,,,,,,0.000,,,,
613,1,,,-73.9877250,40.7624767,2026-01-27 21:57:48.100,_20260127_165441_CH01_REF_TMO-NSA_PING_NJ NY_L2.dml,,,,,,,,,,,,,,,,,,,,,,,,,36
614,1,,,-73.9877250,40.7624767,2026-01-27 21:57:48.286,_20260127_165441_CH01_REF_TMO-NSA_PING_NJ NY_L2.dml,,,,,,,,,,,,,,,,,,,,,,,,,32
615,1,,,-73.9877250,40.7624767,2026-01-27 21:57:48.490,_20260127_165441_CH01_REF_TMO-NSA_PING_NJ NY_L2.dml,,,,,,,,,,,,,,,,,,,,,,,,,32
616,1,,,-73.9877250,40.7624767,2026-01-27 21:57:48.694,_20260127_165441_CH01_REF_TMO-NSA_PING_NJ NY_L2.dml,,,,,,,,,,,,,,,,,,,,,,,,,30
617,1,,,-73.9877250,40.7624767,2026-01-27 21:57:48.896,_20260127_165441_CH01_REF_TMO-NSA_PING_NJ NY_L2.dml,,,,,,,,,,,,,,,,,,,,,,,,,29
618,1,,,-73.9877250,40.7624767,2026-01-27 21:57:49.000,_20260127_165441_CH01_REF_TMO-NSA_PING_NJ NY_L2.dml,,,,N41(100)+N71(15),NR SA,371,-84.800000,13.540000,,,,,,,,,,,,,0.024,,,,
619,1,,,-73.9877233,40.7624800,2026-01-27 21:57:49.115,_20260127_165441_CH01_REF_TMO-NSA_PING_NJ NY_L2.dml,,,,,,,,,,,,,,,,,,,,,,,,,51
620,1,,,-73.9877233,40.7624800,2026-01-27 21:57:49.319,_20260127_165441_CH01_REF_TMO-NSA_PING_NJ NY_L2.dml,,,,,,,,,,,,,,,,,,,,,,,,,54
621,1,,,-73.9877233,40.7624800,2026-01-27 21:57:49.506,_20260127_165441_CH01_REF_TMO-NSA_PING_NJ NY_L2.dml,,,,,,,,,,,,,,,,,,,,,,,,,48
622,1,,,-73.9877233,40.7624800,2026-01-27 21:57:49.725,_20260127_165441_CH01_REF_TMO-NSA_PING_NJ NY_L2.dml,,,,,,,,,,,,,,,,,,,,,,,,,49
623,1,,,-73.9877233,40.7624800,2026-01-27 21:57:49.928,_20260127_165441_CH01_REF_TMO-NSA_PING_NJ NY_L2.dml,,,,,,,,,,,,,,,,,,,,,,,,,46
624,1,,,-73.9877233,40.7624800,2026-01-27 21:57:50.000,_20260127_165441_CH01_REF_TMO-NSA_PING_NJ NY_L2.dml,,,,N41(100)+N71(15),NR SA,371,-79.820000,14.640000,,,,,,,,,,,,,0.016,,,,
625,1,,,-73.9877233,40.7624800,2026-01-27 21:57:50.115,_20260127_165441_CH01_REF_TMO-NSA_PING_NJ NY_L2.dml,,,,,,,,,,,,,,,,,,,,,,,,,47
626,1,,,-73.9877233,40.7624800,2026-01-27 21:57:50.319,_20260127_165441_CH01_REF_TMO-NSA_PING_NJ NY_L2.dml,,,,,,,,,,,,,,,,,,,,,,,,,43
627,1,,,-73.9877183,40.7624833,2026-01-27 21:57:50.521,_20260127_165441_CH01_REF_TMO-NSA_PING_NJ NY_L2.dml,,,,,,,,,,,,,,,,,,,,,,,,,46
628,1,,,-73.9877183,40.7624833,2026-01-27 21:57:50.725,_20260127_165441_CH01_REF_TMO-NSA_PING_NJ NY_L2.dml,,,,,,,,,,,,,,,,,,,,,,,,,42
629,1,,,-73.9877183,40.7624833,2026-01-27 21:57:50.911,_20260127_165441_CH01_REF_TMO-NSA_PING_NJ NY_L2.dml,,,,,,,,,,,,,,,,,,,,,,,,,40
630,1,,,-73.9877183,40.7624833,2026-01-27 21:57:51.000,_20260127_165441_CH01_REF_TMO-NSA_PING_NJ NY_L2.dml,,,,N41(100)+N71(15),NR SA,371,-77.180000,16.910000,,,,,,,,,,,,,0.016,,,,
631,1,,,-73.9877183,40.7624833,2026-01-27 21:57:51.115,_20260127_165441_CH01_REF_TMO-NSA_PING_NJ NY_L2.dml,,,,,,,,,,,,,,,,,,,,,,,,,39
632,1,,,-73.9877183,40.7624833,2026-01-27 21:57:51.319,_20260127_165441_CH01_REF_TMO-NSA_PING_NJ NY_L2.dml,,,,,,,,,,,,,,,,,,,,,,,,,40
633,1,,,-73.9877183,40.7624833,2026-01-27 21:57:51.521,_20260127_165441_CH01_REF_TMO-NSA_PING_NJ NY_L2.dml,,,,,,,,,,,,,,,,,,,,,,,,,37
634,1,,,-73.9877183,40.7624833,2026-01-27 21:57:51.725,_20260127_165441_CH01_REF_TMO-NSA_PING_NJ NY_L2.dml,,,,,,,,,,,,,,,,,,,,,,,,,38
635,1,,,-73.9877183,40.7624833,2026-01-27 21:57:51.927,_20260127_165441_CH01_REF_TMO-NSA_PING_NJ NY_L2.dml,,,,,,,,,,,,,,,,,,,,,,,,,37
636,1,,,-73.9877183,40.7624833,2026-01-27 21:57:52.000,_20260127_165441_CH01_REF_TMO-NSA_PING_NJ NY_L2.dml,,,,N41(100)+N71(15),NR SA,371,-78.560000,16.900000,,,,,,,,,,,,,0.016,,,,
637,1,,,-73.9877183,40.7624817,2026-01-27 21:57:52.115,_20260127_165441_CH01_REF_TMO-NSA_PING_NJ NY_L2.dml,,,,,,,,,,,,,,,,,,,,,,,,,34
638,1,,,-73.9877183,40.7624817,2026-01-27 21:57:52.334,_20260127_165441_CH01_REF_TMO-NSA_PING_NJ NY_L2.dml,,,,,,,,,,,,,,,,,,,,,,,,,35
639,1,,,-73.9877183,40.7624817,2026-01-27 21:57:52.521,_20260127_165441_CH01_REF_TMO-NSA_PING_NJ NY_L2.dml,,,,,,,,,,,,,,,,,,,,,,,,,34
640,1,,,-73.9877183,40.7624817,2026-01-27 21:57:52.569,_20260127_165441_CH01_REF_TMO-NSA_PING_NJ NY_L2.dml,,,,,,,,,,,,,,,,,,,,,,PING Traffic End,,,
641,1,,,-73.9877183,40.7624817,2026-01-27 21:57:53.000,_20260127_165441_CH01_REF_TMO-NSA_PING_NJ NY_L2.dml,,,,N41(100)+N71(15),NR SA,371,-76.640000,17.820000,,,,,,,,,,,,,0.016,,,,
642,1,,,-73.9877150,40.7624783,2026-01-27 21:57:54.000,_20260127_165441_CH01_REF_TMO-NSA_PING_NJ NY_L2.dml,,,,N41(100)+N71(15),,371,-76.780000,17.520000,,,,,,,,,,,,,0.000,,,,
643,1,,,-73.9877133,40.7624767,2026-01-27 21:57:55.000,_20260127_165441_CH01_REF_TMO-NSA_PING_NJ NY_L2.dml,,,,N41(100)+N71(15),,371,-76.720000,17.220000,,,,,,,,,,,,,,,,,
644,1,,,-73.9877133,40.7624767,2026-01-27 21:57:55.569,_20260127_165441_CH01_REF_TMO-NSA_PING_NJ NY_L2.dml,,,,,,,,,,,,,,,,,,,,,,TIMEOUT_Idle,,,
645,1,,,-73.9877133,40.7624767,2026-01-27 21:57:55.569,_20260127_165441_CH01_REF_TMO-NSA_PING_NJ NY_L2.dml,,,,,,,,,,,,,,,,,,,,,,,,0,
646,1,,,-73.9877133,40.7624767,2026-01-27 21:57:55.569,_20260127_165441_CH01_REF_TMO-NSA_PING_NJ NY_L2.dml,,,,,,,,,,,,,,,,,,,,,,PING START,,,
647,1,,,-73.9877133,40.7624767,2026-01-27 21:57:56.000,_20260127_165441_CH01_REF_TMO-NSA_PING_NJ NY_L2.dml,,,,N41(100)+N71(15),,371,-78.110000,17.400000,,,,,,,,,,,,,0.000,,,,
648,1,,,-73.9877117,40.7624767,2026-01-27 21:57:57.000,_20260127_165441_CH01_REF_TMO-NSA_PING_NJ NY_L2.dml,,,,N41(100)+N71(15),,371,-81.570000,13.300000,,,,,,,,,,,,,0.000,,,,
649,1,,,-73.9877117,40.7624767,2026-01-27 21:57:58.000,_20260127_165441_CH01_REF_TMO-NSA_PING_NJ NY_L2.dml,,,,N41(100)+N71(15),,371,-81.050000,14.080000,,,,,,,,,,,,,0.000,,,,
650,1,,,-73.9877100,40.7624750,2026-01-27 21:57:58.584,_20260127_165441_CH01_REF_TMO-NSA_PING_NJ NY_L2.dml,,,,,,,,,,,,,,,,,,,,,,TIMEOUT_FrontIdle,,,
651,1,,,-73.9877100,40.7624750,2026-01-27 21:57:58.584,_20260127_165441_CH01_REF_TMO-NSA_PING_NJ NY_L2.dml,,,,,,,,,,,,,,,,,,,,,,PING Traffic Start,,,
652,1,,,-73.9877100,40.7624750,2026-01-27 21:57:58.756,_20260127_165441_CH01_REF_TMO-NSA_PING_NJ NY_L2.dml,,,,,,,,,,,,,,,,,,,,,,,,,41
653,1,,,-73.9877100,40.7624750,2026-01-27 21:57:58.959,_20260127_165441_CH01_REF_TMO-NSA_PING_NJ NY_L2.dml,,,,,,,,,,,,,,,,,,,,,,,,,50
654,1,,,-73.9877100,40.7624750,2026-01-27 21:57:59.000,_20260127_165441_CH01_REF_TMO-NSA_PING_NJ NY_L2.dml,,,,N41(100)+N71(15),NR SA,371,-80.020000,14.930000,,,,,,,,,,,,,0.000,,,,
655,1,,,-73.9877100,40.7624750,2026-01-27 21:57:59.161,_20260127_165441_CH01_REF_TMO-NSA_PING_NJ NY_L2.dml,,,,,,,,,,,,,,,,,,,,,,,,,48
656,1,,,-73.9877100,40.7624750,2026-01-27 21:57:59.350,_20260127_165441_CH01_REF_TMO-NSA_PING_NJ NY_L2.dml,,,,,,,,,,,,,,,,,,,,,,,,,48
657,1,,,-73.9877100,40.7624750,2026-01-27 21:57:59.553,_20260127_165441_CH01_REF_TMO-NSA_PING_NJ NY_L2.dml,,,,,,,,,,,,,,,,,,,,,,,,,47
658,1,,,-73.9877100,40.7624750,2026-01-27 21:57:59.756,_20260127_165441_CH01_REF_TMO-NSA_PING_NJ NY_L2.dml,,,,,,,,,,,,,,,,,,,,,,,,,46
659,1,,,-73.9877100,40.7624750,2026-01-27 21:57:59.959,_20260127_165441_CH01_REF_TMO-NSA_PING_NJ NY_L2.dml,,,,,,,,,,,,,,,,,,,,,,,,,44
660,1,,,-73.9877100,40.7624750,2026-01-27 21:58:00.000,_20260127_165441_CH01_REF_TMO-NSA_PING_NJ NY_L2.dml,,,,N41(100)+N71(15),NR SA,371,-78.460000,16.500000,,,,,,,,,,,,,0.000,,,,
661,1,,,-73.9877100,40.7624750,2026-01-27 21:58:00.146,_20260127_165441_CH01_REF_TMO-NSA_PING_NJ NY_L2.dml,,,,,,,,,,,,,,,,,,,,,,,,,44
662,1,,,-73.9877100,40.7624750,2026-01-27 21:58:00.350,_20260127_165441_CH01_REF_TMO-NSA_PING_NJ NY_L2.dml,,,,,,,,,,,,,,,,,,,,,,,,,43
663,1,,,-73.9877100,40.7624750,2026-01-27 21:58:00.553,_20260127_165441_CH01_REF_TMO-NSA_PING_NJ NY_L2.dml,,,,,,,,,,,,,,,,,,,,,,,,,43
664,1,,,-73.9877100,40.7624750,2026-01-27 21:58:00.756,_20260127_165441_CH01_REF_TMO-NSA_PING_NJ NY_L2.dml,,,,,,,,,,,,,,,,,,,,,,,,,41
665,1,,,-73.9877100,40.7624750,2026-01-27 21:58:00.959,_20260127_165441_CH01_REF_TMO-NSA_PING_NJ NY_L2.dml,,,,,,,,,,,,,,,,,,,,,,,,,40
666,1,,,-73.9877100,40.7624750,2026-01-27 21:58:01.000,_20260127_165441_CH01_REF_TMO-NSA_PING_NJ NY_L2.dml,,,,N41(100)+N71(15),NR SA,371,-76.920000,18.000000,,,,,,,,,,,,,0.016,,,,
667,1,,,-73.9877100,40.7624750,2026-01-27 21:58:01.146,_20260127_165441_CH01_REF_TMO-NSA_PING_NJ NY_L2.dml,,,,,,,,,,,,,,,,,,,,,,,,,38
668,1,,,-73.9877100,40.7624750,2026-01-27 21:58:01.350,_20260127_165441_CH01_REF_TMO-NSA_PING_NJ NY_L2.dml,,,,,,,,,,,,,,,,,,,,,,,,,37
669,1,,,-73.9877100,40.7624750,2026-01-27 21:58:01.552,_20260127_165441_CH01_REF_TMO-NSA_PING_NJ NY_L2.dml,,,,,,,,,,,,,,,,,,,,,,,,,36
670,1,,,-73.9877100,40.7624750,2026-01-27 21:58:01.756,_20260127_165441_CH01_REF_TMO-NSA_PING_NJ NY_L2.dml,,,,,,,,,,,,,,,,,,,,,,,,,36
671,1,,,-73.9877100,40.7624750,2026-01-27 21:58:01.959,_20260127_165441_CH01_REF_TMO-NSA_PING_NJ NY_L2.dml,,,,,,,,,,,,,,,,,,,,,,,,,35
672,1,,,-73.9877100,40.7624750,2026-01-27 21:58:02.000,_20260127_165441_CH01_REF_TMO-NSA_PING_NJ NY_L2.dml,,,,N41(100)+N71(15),NR SA,371,-79.160000,15.480000,,,,,,,,,,,,,0.016,,,,
673,1,,,-73.9877100,40.7624750,2026-01-27 21:58:02.161,_20260127_165441_CH01_REF_TMO-NSA_PING_NJ NY_L2.dml,,,,,,,,,,,,,,,,,,,,,,,,,39
674,1,,,-73.9877100,40.7624750,2026-01-27 21:58:02.365,_20260127_165441_CH01_REF_TMO-NSA_PING_NJ NY_L2.dml,,,,,,,,,,,,,,,,,,,,,,,,,32
675,1,,,-73.9877100,40.7624750,2026-01-27 21:58:02.553,_20260127_165441_CH01_REF_TMO-NSA_PING_NJ NY_L2.dml,,,,,,,,,,,,,,,,,,,,,,,,,32
676,1,,,-73.9877100,40.7624750,2026-01-27 21:58:02.756,_20260127_165441_CH01_REF_TMO-NSA_PING_NJ NY_L2.dml,,,,,,,,,,,,,,,,,,,,,,,,,33
677,1,,,-73.9877100,40.7624750,2026-01-27 21:58:02.959,_20260127_165441_CH01_REF_TMO-NSA_PING_NJ NY_L2.dml,,,,,,,,,,,,,,,,,,,,,,,,,36
678,1,,,-73.9877100,40.7624750,2026-01-27 21:58:03.000,_20260127_165441_CH01_REF_TMO-NSA_PING_NJ NY_L2.dml,,,,N41(100)+N71(15),NR SA,371,-78.060000,17.160000,,,,,,,,,,,,,0.016,,,,
679,1,,,-73.9877100,40.7624750,2026-01-27 21:58:03.177,_20260127_165441_CH01_REF_TMO-NSA_PING_NJ NY_L2.dml,,,,,,,,,,,,,,,,,,,,,,,,,50
680,1,,,-73.9877100,40.7624750,2026-01-27 21:58:03.381,_20260127_165441_CH01_REF_TMO-NSA_PING_NJ NY_L2.dml,,,,,,,,,,,,,,,,,,,,,,,,,49
681,1,,,-73.9877100,40.7624750,2026-01-27 21:58:03.584,_20260127_165441_CH01_REF_TMO-NSA_PING_NJ NY_L2.dml,,,,,,,,,,,,,,,,,,,,,,,,,48
682,1,,,-73.9877100,40.7624750,2026-01-27 21:58:03.631,_20260127_165441_CH01_REF_TMO-NSA_PING_NJ NY_L2.dml,,,,,,,,,,,,,,,,,,,,,,PING Traffic End,,,
683,1,,,-73.9877100,40.7624750,2026-01-27 21:58:04.000,_20260127_165441_CH01_REF_TMO-NSA_PING_NJ NY_L2.dml,,,,N41(100)+N71(15),NR SA,371,-78.220000,16.110000,,,,,,,,,,,,,0.008,,,,
684,1,,,-73.9877100,40.7624750,2026-01-27 21:58:05.000,_20260127_165441_CH01_REF_TMO-NSA_PING_NJ NY_L2.dml,,,,N41(100)+N71(15),,371,-79.130000,15.500000,,,,,,,,,,,,,0.008,,,,
685,1,,,-73.9877100,40.7624750,2026-01-27 21:58:06.000,_20260127_165441_CH01_REF_TMO-NSA_PING_NJ NY_L2.dml,,,,N41(100)+N71(15),,371,-82.170000,12.770000,,,,,,,,,,,,,0.000,,,,
686,1,,,-73.9877100,40.7624750,2026-01-27 21:58:06.646,_20260127_165441_CH01_REF_TMO-NSA_PING_NJ NY_L2.dml,,,,,,,,,,,,,,,,,,,,,,TIMEOUT_Idle,,,
687,1,,,-73.9877100,40.7624750,2026-01-27 21:58:06.646,_20260127_165441_CH01_REF_TMO-NSA_PING_NJ NY_L2.dml,,,,,,,,,,,,,,,,,,,,,,,,0,
688,1,,,-73.9877100,40.7624750,2026-01-27 21:58:06.646,_20260127_165441_CH01_REF_TMO-NSA_PING_NJ NY_L2.dml,,,,,,,,,,,,,,,,,,,,,,PING START,,,
689,1,,,-73.9877100,40.7624750,2026-01-27 21:58:07.000,_20260127_165441_CH01_REF_TMO-NSA_PING_NJ NY_L2.dml,,,,N41(100)+N71(15),,371,-80.400000,12.900000,,,,,,,,,,,,,0.000,,,,
690,1,,,-73.9877100,40.7624750,2026-01-27 21:58:08.000,_20260127_165441_CH01_REF_TMO-NSA_PING_NJ NY_L2.dml,,,,N41(100)+N71(15),,371,-80.420000,14.060000,,,,,,,,,,,,,0.000,,,,
691,1,,,-73.9877100,40.7624750,2026-01-27 21:58:09.000,_20260127_165441_CH01_REF_TMO-NSA_PING_NJ NY_L2.dml,,,,N41(100)+N71(15),,371,-80.900000,13.320000,,,,,,,,,,,,,0.000,,,,
692,1,,,-73.9877100,40.7624750,2026-01-27 21:58:09.646,_20260127_165441_CH01_REF_TMO-NSA_PING_NJ NY_L2.dml,,,,,,,,,,,,,,,,,,,,,,TIMEOUT_FrontIdle,,,
693,1,,,-73.9877100,40.7624750,2026-01-27 21:58:09.646,_20260127_165441_CH01_REF_TMO-NSA_PING_NJ NY_L2.dml,,,,,,,,,,,,,,,,,,,,,,PING Traffic Start,,,
694,1,,,-73.9877100,40.7624750,2026-01-27 21:58:09.802,_20260127_165441_CH01_REF_TMO-NSA_PING_NJ NY_L2.dml,,,,,,,,,,,,,,,,,,,,,,,,,50
695,1,,,-73.9877100,40.7624750,2026-01-27 21:58:10.006,_20260127_165441_CH01_REF_TMO-NSA_PING_NJ NY_L2.dml,,,,,,,,,,,,,,,,,,,,,,,,,41
696,1,,,-73.9877100,40.7624750,2026-01-27 21:58:10.000,_20260127_165441_CH01_REF_TMO-NSA_PING_NJ NY_L2.dml,,,,N41(100)+N71(15),NR SA,371,-81.420000,12.740000,,,,,,,,,,,,,0.000,,,,
697,1,,,-73.9877100,40.7624750,2026-01-27 21:58:10.194,_20260127_165441_CH01_REF_TMO-NSA_PING_NJ NY_L2.dml,,,,,,,,,,,,,,,,,,,,,,,,,43
698,1,,,-73.9877100,40.7624750,2026-01-27 21:58:10.396,_20260127_165441_CH01_REF_TMO-NSA_PING_NJ NY_L2.dml,,,,,,,,,,,,,,,,,,,,,,,,,42
699,1,,,-73.9877100,40.7624750,2026-01-27 21:58:10.600,_20260127_165441_CH01_REF_TMO-NSA_PING_NJ NY_L2.dml,,,,,,,,,,,,,,,,,,,,,,,,,41
700,1,,,-73.9877100,40.7624750,2026-01-27 21:58:10.803,_20260127_165441_CH01_REF_TMO-NSA_PING_NJ NY_L2.dml,,,,,,,,,,,,,,,,,,,,,,,,,41
701,1,,,-73.9877100,40.7624750,2026-01-27 21:58:10.990,_20260127_165441_CH01_REF_TMO-NSA_PING_NJ NY_L2.dml,,,,,,,,,,,,,,,,,,,,,,,,,39
702,1,,,-73.9877100,40.7624750,2026-01-27 21:58:11.000,_20260127_165441_CH01_REF_TMO-NSA_PING_NJ NY_L2.dml,,,,N41(100)+N71(15),NR SA,371,-80.680000,13.260000,,,,,,,,,,,,,0.008,,,,
703,1,,,-73.9877100,40.7624750,2026-01-27 21:58:11.194,_20260127_165441_CH01_REF_TMO-NSA_PING_NJ NY_L2.dml,,,,,,,,,,,,,,,,,,,,,,,,,44
704,1,,,-73.9877100,40.7624750,2026-01-27 21:58:11.396,_20260127_165441_CH01_REF_TMO-NSA_PING_NJ NY_L2.dml,,,,,,,,,,,,,,,,,,,,,,,,,40
705,1,,,-73.9877100,40.7624750,2026-01-27 21:58:11.600,_20260127_165441_CH01_REF_TMO-NSA_PING_NJ NY_L2.dml,,,,,,,,,,,,,,,,,,,,,,,,,39
706,1,,,-73.9877100,40.7624750,2026-01-27 21:58:11.803,_20260127_165441_CH01_REF_TMO-NSA_PING_NJ NY_L2.dml,,,,,,,,,,,,,,,,,,,,,,,,,37
707,1,,,-73.9877100,40.7624750,2026-01-27 21:58:11.990,_20260127_165441_CH01_REF_TMO-NSA_PING_NJ NY_L2.dml,,,,,,,,,,,,,,,,,,,,,,,,,34
708,1,,,-73.9877100,40.7624750,2026-01-27 21:58:12.000,_20260127_165441_CH01_REF_TMO-NSA_PING_NJ NY_L2.dml,,,,N41(100)+N71(15),NR SA,371,-79.620000,14.720000,,,,,,,,,,,,,0.024,,,,
709,1,,,-73.9877100,40.7624750,2026-01-27 21:58:12.194,_20260127_165441_CH01_REF_TMO-NSA_PING_NJ NY_L2.dml,,,,,,,,,,,,,,,,,,,,,,,,,34
710,1,,,-73.9877100,40.7624750,2026-01-27 21:58:12.396,_20260127_165441_CH01_REF_TMO-NSA_PING_NJ NY_L2.dml,,,,,,,,,,,,,,,,,,,,,,,,,31
711,1,,,-73.9877200,40.7624633,2026-01-27 21:58:12.600,_20260127_165441_CH01_REF_TMO-NSA_PING_NJ NY_L2.dml,,,,,,,,,,,,,,,,,,,,,,,,,37
712,1,,,-73.9877200,40.7624633,2026-01-27 21:58:12.819,_20260127_165441_CH01_REF_TMO-NSA_PING_NJ NY_L2.dml,,,,,,,,,,,,,,,,,,,,,,,,,51
713,1,,,-73.9877200,40.7624633,2026-01-27 21:58:13.021,_20260127_165441_CH01_REF_TMO-NSA_PING_NJ NY_L2.dml,,,,,,,,,,,,,,,,,,,,,,,,,51
714,1,,,-73.9877200,40.7624633,2026-01-27 21:58:13.000,_20260127_165441_CH01_REF_TMO-NSA_PING_NJ NY_L2.dml,,,,N41(100)+N71(15),NR SA,371,-80.770000,12.610000,,,,,,,,,,,,,0.024,,,,
715,1,,,-73.9877200,40.7624633,2026-01-27 21:58:13.194,_20260127_165441_CH01_REF_TMO-NSA_PING_NJ NY_L2.dml,,,,,,,,,,,,,,,,,,,,,,,,,36
716,1,,,-73.9877200,40.7624633,2026-01-27 21:58:13.396,_20260127_165441_CH01_REF_TMO-NSA_PING_NJ NY_L2.dml,,,,,,,,,,,,,,,,,,,,,,,,,26
717,1,,,-73.9877200,40.7624633,2026-01-27 21:58:13.615,_20260127_165441_CH01_REF_TMO-NSA_PING_NJ NY_L2.dml,,,,,,,,,,,,,,,,,,,,,,,,,52
718,1,,,-73.9877200,40.7624633,2026-01-27 21:58:13.819,_20260127_165441_CH01_REF_TMO-NSA_PING_NJ NY_L2.dml,,,,,,,,,,,,,,,,,,,,,,,,,54
719,1,,,-73.9877200,40.7624633,2026-01-27 21:58:13.990,_20260127_165441_CH01_REF_TMO-NSA_PING_NJ NY_L2.dml,,,,,,,,,,,,,,,,,,,,,,,,,23
720,1,,,-73.9877200,40.7624633,2026-01-27 21:58:14.000,_20260127_165441_CH01_REF_TMO-NSA_PING_NJ NY_L2.dml,,,,N41(100)+N71(15),NR SA,371,-80.220000,14.200000,,,,,,,,,,,,,0.008,,,,
721,1,,,-73.9877250,40.7624617,2026-01-27 21:58:14.225,_20260127_165441_CH01_REF_TMO-NSA_PING_NJ NY_L2.dml,,,,,,,,,,,,,,,,,,,,,,,,,44
722,1,,,-73.9877250,40.7624617,2026-01-27 21:58:14.411,_20260127_165441_CH01_REF_TMO-NSA_PING_NJ NY_L2.dml,,,,,,,,,,,,,,,,,,,,,,,,,43
723,1,,,-73.9877250,40.7624617,2026-01-27 21:58:14.615,_20260127_165441_CH01_REF_TMO-NSA_PING_NJ NY_L2.dml,,,,,,,,,,,,,,,,,,,,,,,,,42
724,1,,,-73.9877250,40.7624617,2026-01-27 21:58:14.694,_20260127_165441_CH01_REF_TMO-NSA_PING_NJ NY_L2.dml,,,,,,,,,,,,,,,,,,,,,,PING Traffic End,,,
725,1,,,-73.9877250,40.7624617,2026-01-27 21:58:15.000,_20260127_165441_CH01_REF_TMO-NSA_PING_NJ NY_L2.dml,,,,N41(100)+N71(15),NR SA,371,-80.260000,14.680000,,,,,,,,,,,,,0.008,,,,
726,1,,,-73.9877283,40.7624633,2026-01-27 21:58:16.000,_20260127_165441_CH01_REF_TMO-NSA_PING_NJ NY_L2.dml,,,,N41(100)+N71(15),,371,-77.240000,16.860000,,,,,,,,,,,,,0.000,,,,
727,1,,,-73.9877317,40.7624633,2026-01-27 21:58:17.000,_20260127_165441_CH01_REF_TMO-NSA_PING_NJ NY_L2.dml,,,,N41(100)+N71(15),,371,-78.180000,15.540000,,,,,,,,,,,,,0.000,,,,
728,1,,,-73.9877333,40.7624767,2026-01-27 21:58:17.694,_20260127_165441_CH01_REF_TMO-NSA_PING_NJ NY_L2.dml,,,,,,,,,,,,,,,,,,,,,,TIMEOUT_Idle,,,
729,1,,,-73.9877333,40.7624767,2026-01-27 21:58:17.694,_20260127_165441_CH01_REF_TMO-NSA_PING_NJ NY_L2.dml,,,,,,,,,,,,,,,,,,,,,,,,0,
730,1,,,-73.9877333,40.7624767,2026-01-27 21:58:17.694,_20260127_165441_CH01_REF_TMO-NSA_PING_NJ NY_L2.dml,,,,,,,,,,,,,,,,,,,,,,PING START,,,
731,1,,,-73.9877333,40.7624767,2026-01-27 21:58:18.000,_20260127_165441_CH01_REF_TMO-NSA_PING_NJ NY_L2.dml,,,,N41(100)+N71(15),,371,-80.760000,13.780000,,,,,,,,,,,,,0.008,,,,
732,1,,,-73.9877283,40.7624683,2026-01-27 21:58:19.000,_20260127_165441_CH01_REF_TMO-NSA_PING_NJ NY_L2.dml,,,,N41(100)+N71(15),,371,-80.490000,13.560000,,,,,,,,,,,,,0.000,,,,
733,1,,,-73.9877283,40.7624650,2026-01-27 21:58:20.000,_20260127_165441_CH01_REF_TMO-NSA_PING_NJ NY_L2.dml,,,,N41(100)+N71(15),,371,-80.330000,14.880000,,,,,,,,,,,,,0.000,,,,
734,1,,,-73.9877267,40.7624667,2026-01-27 21:58:20.709,_20260127_165441_CH01_REF_TMO-NSA_PING_NJ NY_L2.dml,,,,,,,,,,,,,,,,,,,,,,TIMEOUT_FrontIdle,,,
735,1,,,-73.9877267,40.7624667,2026-01-27 21:58:20.709,_20260127_165441_CH01_REF_TMO-NSA_PING_NJ NY_L2.dml,,,,,,,,,,,,,,,,,,,,,,PING Traffic Start,,,
736,1,,,-73.9877267,40.7624667,2026-01-27 21:58:20.927,_20260127_165441_CH01_REF_TMO-NSA_PING_NJ NY_L2.dml,,,,,,,,,,,,,,,,,,,,,,,,,30
737,1,,,-73.9877267,40.7624667,2026-01-27 21:58:21.000,_20260127_165441_CH01_REF_TMO-NSA_PING_NJ NY_L2.dml,,,,N41(100)+N71(15),NR SA,371,-78.160000,16.460000,,,,,,,,,,,,,0.000,,,,
738,1,,,-73.9877267,40.7624667,2026-01-27 21:58:21.146,_20260127_165441_CH01_REF_TMO-NSA_PING_NJ NY_L2.dml,,,,,,,,,,,,,,,,,,,,,,,,,48
739,1,,,-73.9877267,40.7624667,2026-01-27 21:58:21.334,_20260127_165441_CH01_REF_TMO-NSA_PING_NJ NY_L2.dml,,,,,,,,,,,,,,,,,,,,,,,,,45
740,1,,,-73.9877267,40.7624667,2026-01-27 21:58:21.521,_20260127_165441_CH01_REF_TMO-NSA_PING_NJ NY_L2.dml,,,,,,,,,,,,,,,,,,,,,,,,,26
741,1,,,-73.9877267,40.7624667,2026-01-27 21:58:21.725,_20260127_165441_CH01_REF_TMO-NSA_PING_NJ NY_L2.dml,,,,,,,,,,,,,,,,,,,,,,,,,25
742,1,,,-73.9877267,40.7624667,2026-01-27 21:58:21.944,_20260127_165441_CH01_REF_TMO-NSA_PING_NJ NY_L2.dml,,,,,,,,,,,,,,,,,,,,,,,,,42
743,1,,,-73.9877267,40.7624667,2026-01-27 21:58:22.000,_20260127_165441_CH01_REF_TMO-NSA_PING_NJ NY_L2.dml,,,,N41(100)+N71(15),NR SA,371,-79.360000,15.180000,,,,,,,,,,,,,0.016,,,,
744,1,,,-73.9877300,40.7624633,2026-01-27 21:58:22.146,_20260127_165441_CH01_REF_TMO-NSA_PING_NJ NY_L2.dml,,,,,,,,,,,,,,,,,,,,,,,,,42
745,1,,,-73.9877300,40.7624633,2026-01-27 21:58:22.334,_20260127_165441_CH01_REF_TMO-NSA_PING_NJ NY_L2.dml,,,,,,,,,,,,,,,,,,,,,,,,,43
746,1,,,-73.9877300,40.7624633,2026-01-27 21:58:22.536,_20260127_165441_CH01_REF_TMO-NSA_PING_NJ NY_L2.dml,,,,,,,,,,,,,,,,,,,,,,,,,40
747,1,,,-73.9877300,40.7624633,2026-01-27 21:58:22.740,_20260127_165441_CH01_REF_TMO-NSA_PING_NJ NY_L2.dml,,,,,,,,,,,,,,,,,,,,,,,,,40
748,1,,,-73.9877300,40.7624633,2026-01-27 21:58:22.928,_20260127_165441_CH01_REF_TMO-NSA_PING_NJ NY_L2.dml,,,,,,,,,,,,,,,,,,,,,,,,,38
749,1,,,-73.9877300,40.7624633,2026-01-27 21:58:23.000,_20260127_165441_CH01_REF_TMO-NSA_PING_NJ NY_L2.dml,,,,N41(100)+N71(15),NR SA,371,-80.360000,14.720000,,,,,,,,,,,,,0.008,,,,
750,1,,,-73.9877367,40.7624633,2026-01-27 21:58:23.131,_20260127_165441_CH01_REF_TMO-NSA_PING_NJ NY_L2.dml,,,,,,,,,,,,,,,,,,,,,,,,,36
751,1,,,-73.9877367,40.7624633,2026-01-27 21:58:23.350,_20260127_165441_CH01_REF_TMO-NSA_PING_NJ NY_L2.dml,,,,,,,,,,,,,,,,,,,,,,,,,35
752,1,,,-73.9877367,40.7624633,2026-01-27 21:58:23.536,_20260127_165441_CH01_REF_TMO-NSA_PING_NJ NY_L2.dml,,,,,,,,,,,,,,,,,,,,,,,,,36
753,1,,,-73.9877367,40.7624633,2026-01-27 21:58:23.740,_20260127_165441_CH01_REF_TMO-NSA_PING_NJ NY_L2.dml,,,,,,,,,,,,,,,,,,,,,,,,,34
754,1,,,-73.9877367,40.7624633,2026-01-27 21:58:23.944,_20260127_165441_CH01_REF_TMO-NSA_PING_NJ NY_L2.dml,,,,,,,,,,,,,,,,,,,,,,,,,31
755,1,,,-73.9877367,40.7624633,2026-01-27 21:58:24.000,_20260127_165441_CH01_REF_TMO-NSA_PING_NJ NY_L2.dml,,,,N41(100)+N71(15),NR SA,371,-78.220000,16.460000,,,,,,,,,,,,,0.024,,,,
756,1,,,-73.9877450,40.7624600,2026-01-27 21:58:24.146,_20260127_165441_CH01_REF_TMO-NSA_PING_NJ NY_L2.dml,,,,,,,,,,,,,,,,,,,,,,,,,33
757,1,,,-73.9877450,40.7624600,2026-01-27 21:58:24.350,_20260127_165441_CH01_REF_TMO-NSA_PING_NJ NY_L2.dml,,,,,,,,,,,,,,,,,,,,,,,,,29
758,1,,,-73.9877450,40.7624600,2026-01-27 21:58:24.584,_20260127_165441_CH01_REF_TMO-NSA_PING_NJ NY_L2.dml,,,,,,,,,,,,,,,,,,,,,,,,,29
759,1,,,-73.9877450,40.7624600,2026-01-27 21:58:24.740,_20260127_165441_CH01_REF_TMO-NSA_PING_NJ NY_L2.dml,,,,,,,,,,,,,,,,,,,,,,,,,28
760,1,,,-73.9877450,40.7624600,2026-01-27 21:58:25.000,_20260127_165441_CH01_REF_TMO-NSA_PING_NJ NY_L2.dml,,,,N41(100)+N71(15),NR SA,371,-80.160000,15.180000,,,,,,,,,,,,,0.016,,,,
761,1,,,-73.9877450,40.7624600,2026-01-27 21:58:25.036,_20260127_165441_CH01_REF_TMO-NSA_PING_NJ NY_L2.dml,,,,,,,,,,,,,,,,,,,,,,,,,49
762,1,,,-73.9877567,40.7624600,2026-01-27 21:58:25.225,_20260127_165441_CH01_REF_TMO-NSA_PING_NJ NY_L2.dml,,,,,,,,,,,,,,,,,,,,,,,,,47
763,1,,,-73.9877567,40.7624600,2026-01-27 21:58:25.427,_20260127_165441_CH01_REF_TMO-NSA_PING_NJ NY_L2.dml,,,,,,,,,,,,,,,,,,,,,,,,,46
764,1,,,-73.9877567,40.7624600,2026-01-27 21:58:25.552,_20260127_165441_CH01_REF_TMO-NSA_PING_NJ NY_L2.dml,,,,,,,,,,,,,,,,,,,,,,,,,26
765,1,,,-73.9877567,40.7624600,2026-01-27 21:58:25.834,_20260127_165441_CH01_REF_TMO-NSA_PING_NJ NY_L2.dml,,,,,,,,,,,,,,,,,,,,,,,,,46
766,1,,,-73.9877567,40.7624600,2026-01-27 21:58:26.000,_20260127_165441_CH01_REF_TMO-NSA_PING_NJ NY_L2.dml,,,,N41(100)+N71(15),NR SA,371,-81.430000,15.000000,,,,,,,,,,,,,,,,,
767,1,,,-73.9877767,40.7624617,2026-01-27 21:58:26.959,_20260127_165441_CH01_REF_TMO-NSA_PING_NJ NY_L2.dml,,,,,,,,,,,,,,,,,,,,,,PING Traffic End,,,
768,1,,,-73.9877767,40.7624617,2026-01-27 21:58:27.000,_20260127_165441_CH01_REF_TMO-NSA_PING_NJ NY_L2.dml,,,,N41(100)+N71(15),,371,-82.480000,13.790000,,,,,,,,,,,,,0.016,,,,
769,1,,,-73.9877767,40.7624617,2026-01-27 21:58:28.000,_20260127_165441_CH01_REF_TMO-NSA_PING_NJ NY_L2.dml,,,,N41(100)+N71(15),,371,-82.280000,13.340000,,,,,,,,,,,,,0.000,,,,
770,1,,,-73.9877833,40.7624617,2026-01-27 21:58:29.000,_20260127_165441_CH01_REF_TMO-NSA_PING_NJ NY_L2.dml,,,,N41(100)+N71(15),,371,-82.960000,12.880000,,,,,,,,,,,,,0.000,,,,
771,1,,,-73.9877883,40.7624650,2026-01-27 21:58:29.975,_20260127_165441_CH01_REF_TMO-NSA_PING_NJ NY_L2.dml,,,,,,,,,,,,,,,,,,,,,,TIMEOUT_Idle,,,
772,1,,,-73.9877883,40.7624650,2026-01-27 21:58:29.975,_20260127_165441_CH01_REF_TMO-NSA_PING_NJ NY_L2.dml,,,,,,,,,,,,,,,,,,,,,,,,0,
773,1,,,-73.9877883,40.7624650,2026-01-27 21:58:29.975,_20260127_165441_CH01_REF_TMO-NSA_PING_NJ NY_L2.dml,,,,,,,,,,,,,,,,,,,,,,PING START,,,
774,1,,,-73.9877883,40.7624650,2026-01-27 21:58:30.000,_20260127_165441_CH01_REF_TMO-NSA_PING_NJ NY_L2.dml,,,,N41(100)+N71(15),,371,-81.340000,14.120000,,,,,,,,,,,,,0.000,,,,
775,1,,,-73.9877900,40.7624650,2026-01-27 21:58:31.000,_20260127_165441_CH01_REF_TMO-NSA_PING_NJ NY_L2.dml,,,,N41(100)+N71(15),,371,-82.500000,12.960000,,,,,,,,,,,,,0.000,,,,
776,1,,,-73.9877917,40.7624667,2026-01-27 21:58:32.000,_20260127_165441_CH01_REF_TMO-NSA_PING_NJ NY_L2.dml,,,,N41(100)+N71(15),,371,-79.920000,14.960000,,,,,,,,,,,,,0.000,,,,
777,1,,,-73.9877933,40.7624667,2026-01-27 21:58:32.990,_20260127_165441_CH01_REF_TMO-NSA_PING_NJ NY_L2.dml,,,,,,,,,,,,,,,,,,,,,,TIMEOUT_FrontIdle,,,
778,1,,,-73.9877933,40.7624667,2026-01-27 21:58:32.990,_20260127_165441_CH01_REF_TMO-NSA_PING_NJ NY_L2.dml,,,,,,,,,,,,,,,,,,,,,,PING Traffic Start,,,
779,1,,,-73.9877933,40.7624667,2026-01-27 21:58:33.000,_20260127_165441_CH01_REF_TMO-NSA_PING_NJ NY_L2.dml,,,,N41(100)+N71(15),NR SA,371,-79.890000,15.570000,,,,,,,,,,,,,0.000,,,,
780,1,,,-73.9877933,40.7624667,2026-01-27 21:58:33.115,_20260127_165441_CH01_REF_TMO-NSA_PING_NJ NY_L2.dml,,,,,,,,,,,,,,,,,,,,,,,,,28
781,1,,,-73.9877967,40.7624667,2026-01-27 21:58:33.365,_20260127_165441_CH01_REF_TMO-NSA_PING_NJ NY_L2.dml,,,,,,,,,,,,,,,,,,,,,,,,,72
782,1,,,-73.9877967,40.7624667,2026-01-27 21:58:33.521,_20260127_165441_CH01_REF_TMO-NSA_PING_NJ NY_L2.dml,,,,,,,,,,,,,,,,,,,,,,,,,23
783,1,,,-73.9877967,40.7624667,2026-01-27 21:58:33.709,_20260127_165441_CH01_REF_TMO-NSA_PING_NJ NY_L2.dml,,,,,,,,,,,,,,,,,,,,,,,,,24
784,1,,,-73.9877967,40.7624667,2026-01-27 21:58:33.944,_20260127_165441_CH01_REF_TMO-NSA_PING_NJ NY_L2.dml,,,,,,,,,,,,,,,,,,,,,,,,,42
785,1,,,-73.9877967,40.7624667,2026-01-27 21:58:34.000,_20260127_165441_CH01_REF_TMO-NSA_PING_NJ NY_L2.dml,,,,N41(100)+N71(15),NR SA,371,-78.780000,16.580000,,,,,,,,,,,,,0.000,,,,
786,1,,,-73.9878017,40.7624667,2026-01-27 21:58:34.131,_20260127_165441_CH01_REF_TMO-NSA_PING_NJ NY_L2.dml,,,,,,,,,,,,,,,,,,,,,,,,,43
787,1,,,-73.9878017,40.7624667,2026-01-27 21:58:34.334,_20260127_165441_CH01_REF_TMO-NSA_PING_NJ NY_L2.dml,,,,,,,,,,,,,,,,,,,,,,,,,43
788,1,,,-73.9878017,40.7624667,2026-01-27 21:58:34.536,_20260127_165441_CH01_REF_TMO-NSA_PING_NJ NY_L2.dml,,,,,,,,,,,,,,,,,,,,,,,,,42
789,1,,,-73.9878017,40.7624667,2026-01-27 21:58:34.740,_20260127_165441_CH01_REF_TMO-NSA_PING_NJ NY_L2.dml,,,,,,,,,,,,,,,,,,,,,,,,,39
790,1,,,-73.9878017,40.7624667,2026-01-27 21:58:34.944,_20260127_165441_CH01_REF_TMO-NSA_PING_NJ NY_L2.dml,,,,,,,,,,,,,,,,,,,,,,,,,38
791,1,,,-73.9878017,40.7624667,2026-01-27 21:58:35.000,_20260127_165441_CH01_REF_TMO-NSA_PING_NJ NY_L2.dml,,,,N41(100)+N71(15),NR SA,371,-79.960000,15.540000,,,,,,,,,,,,,0.032,,,,
792,1,,,-73.9878083,40.7624667,2026-01-27 21:58:35.146,_20260127_165441_CH01_REF_TMO-NSA_PING_NJ NY_L2.dml,,,,,,,,,,,,,,,,,,,,,,,,,37
793,1,,,-73.9878083,40.7624667,2026-01-27 21:58:35.334,_20260127_165441_CH01_REF_TMO-NSA_PING_NJ NY_L2.dml,,,,,,,,,,,,,,,,,,,,,,,,,38
794,1,,,-73.9878083,40.7624667,2026-01-27 21:58:35.536,_20260127_165441_CH01_REF_TMO-NSA_PING_NJ NY_L2.dml,,,,,,,,,,,,,,,,,,,,,,,,,35
795,1,,,-73.9878083,40.7624667,2026-01-27 21:58:35.725,_20260127_165441_CH01_REF_TMO-NSA_PING_NJ NY_L2.dml,,,,,,,,,,,,,,,,,,,,,,,,,33
796,1,,,-73.9878083,40.7624667,2026-01-27 21:58:35.928,_20260127_165441_CH01_REF_TMO-NSA_PING_NJ NY_L2.dml,,,,,,,,,,,,,,,,,,,,,,,,,33
797,1,,,-73.9878083,40.7624667,2026-01-27 21:58:36.000,_20260127_165441_CH01_REF_TMO-NSA_PING_NJ NY_L2.dml,,,,N41(100)+N71(15),NR SA,371,-78.900000,17.220000,,,,,,,,,,,,,0.008,,,,
798,1,,,-73.9878167,40.7624650,2026-01-27 21:58:36.146,_20260127_165441_CH01_REF_TMO-NSA_PING_NJ NY_L2.dml,,,,,,,,,,,,,,,,,,,,,,,,,34
799,1,,,-73.9878167,40.7624650,2026-01-27 21:58:36.334,_20260127_165441_CH01_REF_TMO-NSA_PING_NJ NY_L2.dml,,,,,,,,,,,,,,,,,,,,,,,,,33
800,1,,,-73.9878167,40.7624650,2026-01-27 21:58:36.536,_20260127_165441_CH01_REF_TMO-NSA_PING_NJ NY_L2.dml,,,,,,,,,,,,,,,,,,,,,,,,,32
801,1,,,-73.9878167,40.7624650,2026-01-27 21:58:36.740,_20260127_165441_CH01_REF_TMO-NSA_PING_NJ NY_L2.dml,,,,,,,,,,,,,,,,,,,,,,,,,29
802,1,,,-73.9878167,40.7624650,2026-01-27 21:58:36.959,_20260127_165441_CH01_REF_TMO-NSA_PING_NJ NY_L2.dml,,,,,,,,,,,,,,,,,,,,,,,,,50
803,1,,,-73.9878167,40.7624650,2026-01-27 21:58:37.000,_20260127_165441_CH01_REF_TMO-NSA_PING_NJ NY_L2.dml,,,,N41(100)+N71(15),NR SA,371,-78.300000,17.500000,,,,,,,,,,,,,0.008,,,,
804,1,,,-73.9878250,40.7624650,2026-01-27 21:58:37.146,_20260127_165441_CH01_REF_TMO-NSA_PING_NJ NY_L2.dml,,,,,,,,,,,,,,,,,,,,,,,,,48
805,1,,,-73.9878250,40.7624650,2026-01-27 21:58:37.365,_20260127_165441_CH01_REF_TMO-NSA_PING_NJ NY_L2.dml,,,,,,,,,,,,,,,,,,,,,,,,,46
806,1,,,-73.9878250,40.7624650,2026-01-27 21:58:37.553,_20260127_165441_CH01_REF_TMO-NSA_PING_NJ NY_L2.dml,,,,,,,,,,,,,,,,,,,,,,,,,52
807,1,,,-73.9878250,40.7624650,2026-01-27 21:58:37.756,_20260127_165441_CH01_REF_TMO-NSA_PING_NJ NY_L2.dml,,,,,,,,,,,,,,,,,,,,,,,,,46
808,1,,,-73.9878250,40.7624650,2026-01-27 21:58:37.959,_20260127_165441_CH01_REF_TMO-NSA_PING_NJ NY_L2.dml,,,,,,,,,,,,,,,,,,,,,,,,,45
809,1,,,-73.9878250,40.7624650,2026-01-27 21:58:38.036,_20260127_165441_CH01_REF_TMO-NSA_PING_NJ NY_L2.dml,,,,,,,,,,,,,,,,,,,,,,PING Traffic End,,,
810,1,,,-73.9878250,40.7624650,2026-01-27 21:58:38.000,_20260127_165441_CH01_REF_TMO-NSA_PING_NJ NY_L2.dml,,,,N41(100)+N71(15),NR SA,371,-79.480000,17.940000,,,,,,,,,,,,,0.008,,,,
811,1,,,-73.9878333,40.7624650,2026-01-27 21:58:39.000,_20260127_165441_CH01_REF_TMO-NSA_PING_NJ NY_L2.dml,,,,N41(100)+N71(15),,371,-79.280000,18.120000,,,,,,,,,,,,,0.000,,,,
812,1,,,-73.9878400,40.7624667,2026-01-27 21:58:40.000,_20260127_165441_CH01_REF_TMO-NSA_PING_NJ NY_L2.dml,,,,N41(100)+N71(15),,371,-80.050000,15.000000,,,,,,,,,,,,,0.000,,,,
813,1,,,-73.9878450,40.7624700,2026-01-27 21:58:41.000,_20260127_165441_CH01_REF_TMO-NSA_PING_NJ NY_L2.dml,,,,N41(100)+N71(15),,371,-82.650000,13.760000,,,,,,,,,,,,,0.000,,,,
814,1,,,-73.9878450,40.7624700,2026-01-27 21:58:41.053,_20260127_165441_CH01_REF_TMO-NSA_PING_NJ NY_L2.dml,,,,,,,,,,,,,,,,,,,,,,TIMEOUT_Idle,,,
815,1,,,-73.9878450,40.7624700,2026-01-27 21:58:41.053,_20260127_165441_CH01_REF_TMO-NSA_PING_NJ NY_L2.dml,,,,,,,,,,,,,,,,,,,,,,,,0,
816,1,,,-73.9878450,40.7624700,2026-01-27 21:58:41.053,_20260127_165441_CH01_REF_TMO-NSA_PING_NJ NY_L2.dml,,,,,,,,,,,,,,,,,,,,,,PING START,,,
817,1,,,-73.9878467,40.7624733,2026-01-27 21:58:42.000,_20260127_165441_CH01_REF_TMO-NSA_PING_NJ NY_L2.dml,,,,N41(100)+N71(15),,371,-83.870000,13.760000,,,,,,,,,,,,,0.000,,,,
818,1,,,-73.9878467,40.7624767,2026-01-27 21:58:43.000,_20260127_165441_CH01_REF_TMO-NSA_PING_NJ NY_L2.dml,,,,N41(100)+N71(15),,371,-84.740000,14.480000,,,,,,,,,,,,,0.000,,,,
819,1,,,-73.9878433,40.7624800,2026-01-27 21:58:44.000,_20260127_165441_CH01_REF_TMO-NSA_PING_NJ NY_L2.dml,,,,N41(100)+N71(15),,371,-80.640000,15.540000,,,,,,,,,,,,,0.000,,,,
820,1,,,-73.9878433,40.7624800,2026-01-27 21:58:44.053,_20260127_165441_CH01_REF_TMO-NSA_PING_NJ NY_L2.dml,,,,,,,,,,,,,,,,,,,,,,TIMEOUT_FrontIdle,,,
821,1,,,-73.9878433,40.7624800,2026-01-27 21:58:44.053,_20260127_165441_CH01_REF_TMO-NSA_PING_NJ NY_L2.dml,,,,,,,,,,,,,,,,,,,,,,PING Traffic Start,,,
822,1,,,-73.9878433,40.7624800,2026-01-27 21:58:44.240,_20260127_165441_CH01_REF_TMO-NSA_PING_NJ NY_L2.dml,,,,,,,,,,,,,,,,,,,,,,,,,33
823,1,,,-73.9878433,40.7624800,2026-01-27 21:58:44.444,_20260127_165441_CH01_REF_TMO-NSA_PING_NJ NY_L2.dml,,,,,,,,,,,,,,,,,,,,,,,,,33
824,1,,,-73.9878433,40.7624800,2026-01-27 21:58:44.646,_20260127_165441_CH01_REF_TMO-NSA_PING_NJ NY_L2.dml,,,,,,,,,,,,,,,,,,,,,,,,,31
825,1,,,-73.9878433,40.7624800,2026-01-27 21:58:44.927,_20260127_165441_CH01_REF_TMO-NSA_PING_NJ NY_L2.dml,,,,,,,,,,,,,,,,,,,,,,,,,30
826,1,,,-73.9878433,40.7624800,2026-01-27 21:58:45.000,_20260127_165441_CH01_REF_TMO-NSA_PING_NJ NY_L2.dml,,,,N41(100)+N71(15),NR SA,371,-79.940000,15.320000,,,,,,,,,,,,,0.008,,,,
827,1,,,-73.9878433,40.7624800,2026-01-27 21:58:45.036,_20260127_165441_CH01_REF_TMO-NSA_PING_NJ NY_L2.dml,,,,,,,,,,,,,,,,,,,,,,,,,30
828,1,,,-73.9878417,40.7624817,2026-01-27 21:58:45.256,_20260127_165441_CH01_REF_TMO-NSA_PING_NJ NY_L2.dml,,,,,,,,,,,,,,,,,,,,,,,,,51
829,1,,,-73.9878417,40.7624817,2026-01-27 21:58:45.459,_20260127_165441_CH01_REF_TMO-NSA_PING_NJ NY_L2.dml,,,,,,,,,,,,,,,,,,,,,,,,,54
830,1,,,-73.9878417,40.7624817,2026-01-27 21:58:45.631,_20260127_165441_CH01_REF_TMO-NSA_PING_NJ NY_L2.dml,,,,,,,,,,,,,,,,,,,,,,,,,28
831,1,,,-73.9878417,40.7624817,2026-01-27 21:58:45.834,_20260127_165441_CH01_REF_TMO-NSA_PING_NJ NY_L2.dml,,,,,,,,,,,,,,,,,,,,,,,,,26
832,1,,,-73.9878417,40.7624817,2026-01-27 21:58:46.000,_20260127_165441_CH01_REF_TMO-NSA_PING_NJ NY_L2.dml,,,,N41(100)+N71(15),NR SA,371,-83.140000,13.980000,,,,,,,,,,,,,0.016,,,,
833,1,,,-73.9878417,40.7624817,2026-01-27 21:58:46.052,_20260127_165441_CH01_REF_TMO-NSA_PING_NJ NY_L2.dml,,,,,,,,,,,,,,,,,,,,,,,,,45
834,1,,,-73.9878433,40.7624833,2026-01-27 21:58:46.256,_20260127_165441_CH01_REF_TMO-NSA_PING_NJ NY_L2.dml,,,,,,,,,,,,,,,,,,,,,,,,,45
835,1,,,-73.9878433,40.7624833,2026-01-27 21:58:46.459,_20260127_165441_CH01_REF_TMO-NSA_PING_NJ NY_L2.dml,,,,,,,,,,,,,,,,,,,,,,,,,45
836,1,,,-73.9878433,40.7624833,2026-01-27 21:58:46.646,_20260127_165441_CH01_REF_TMO-NSA_PING_NJ NY_L2.dml,,,,,,,,,,,,,,,,,,,,,,,,,24
837,1,,,-73.9878433,40.7624833,2026-01-27 21:58:46.865,_20260127_165441_CH01_REF_TMO-NSA_PING_NJ NY_L2.dml,,,,,,,,,,,,,,,,,,,,,,,,,44
838,1,,,-73.9878433,40.7624833,2026-01-27 21:58:47.000,_20260127_165441_CH01_REF_TMO-NSA_PING_NJ NY_L2.dml,,,,N41(100)+N71(15),NR SA,371,-79.900000,15.310000,,,,,,,,,,,,,0.016,,,,
839,1,,,-73.9878433,40.7624833,2026-01-27 21:58:47.053,_20260127_165441_CH01_REF_TMO-NSA_PING_NJ NY_L2.dml,,,,,,,,,,,,,,,,,,,,,,,,,46
840,1,,,-73.9878417,40.7624850,2026-01-27 21:58:47.271,_20260127_165441_CH01_REF_TMO-NSA_PING_NJ NY_L2.dml,,,,,,,,,,,,,,,,,,,,,,,,,62
841,1,,,-73.9878417,40.7624850,2026-01-27 21:58:47.459,_20260127_165441_CH01_REF_TMO-NSA_PING_NJ NY_L2.dml,,,,,,,,,,,,,,,,,,,,,,,,,41
842,1,,,-73.9878417,40.7624850,2026-01-27 21:58:47.677,_20260127_165441_CH01_REF_TMO-NSA_PING_NJ NY_L2.dml,,,,,,,,,,,,,,,,,,,,,,,,,65
843,1,,,-73.9878417,40.7624850,2026-01-27 21:58:47.850,_20260127_165441_CH01_REF_TMO-NSA_PING_NJ NY_L2.dml,,,,,,,,,,,,,,,,,,,,,,,,,39
844,1,,,-73.9878417,40.7624850,2026-01-27 21:58:48.000,_20260127_165441_CH01_REF_TMO-NSA_PING_NJ NY_L2.dml,,,,N41(100)+N71(15),NR SA,371,-79.860000,15.540000,,,,,,,,,,,,,0.008,,,,
845,1,,,-73.9878417,40.7624850,2026-01-27 21:58:48.052,_20260127_165441_CH01_REF_TMO-NSA_PING_NJ NY_L2.dml,,,,,,,,,,,,,,,,,,,,,,,,,38
846,1,,,-73.9878400,40.7625150,2026-01-27 21:58:48.256,_20260127_165441_CH01_REF_TMO-NSA_PING_NJ NY_L2.dml,,,,,,,,,,,,,,,,,,,,,,,,,38
847,1,,,-73.9878400,40.7625150,2026-01-27 21:58:48.459,_20260127_165441_CH01_REF_TMO-NSA_PING_NJ NY_L2.dml,,,,,,,,,,,,,,,,,,,,,,,,,36
848,1,,,-73.9878400,40.7625150,2026-01-27 21:58:48.661,_20260127_165441_CH01_REF_TMO-NSA_PING_NJ NY_L2.dml,,,,,,,,,,,,,,,,,,,,,,,,,41
849,1,,,-73.9878400,40.7625150,2026-01-27 21:58:48.865,_20260127_165441_CH01_REF_TMO-NSA_PING_NJ NY_L2.dml,,,,,,,,,,,,,,,,,,,,,,,,,35
850,1,,,-73.9878400,40.7625150,2026-01-27 21:58:49.000,_20260127_165441_CH01_REF_TMO-NSA_PING_NJ NY_L2.dml,,,,N41(100)+N71(15),NR SA,371,-79.140000,16.270000,,,,,,,,,,,,,0.024,,,,
851,1,,,-73.9878400,40.7625150,2026-01-27 21:58:49.053,_20260127_165441_CH01_REF_TMO-NSA_PING_NJ NY_L2.dml,,,,,,,,,,,,,,,,,,,,,,,,,33
852,1,,,-73.9878400,40.7625150,2026-01-27 21:58:49.100,_20260127_165441_CH01_REF_TMO-NSA_PING_NJ NY_L2.dml,,,,,,,,,,,,,,,,,,,,,,PING Traffic End,,,
853,1,,,-73.9878367,40.7625267,2026-01-27 21:58:50.000,_20260127_165441_CH01_REF_TMO-NSA_PING_NJ NY_L2.dml,,,,N41(100)+N71(15),NR SA,371,-76.130000,19.840000,,,,,,,,,,,,,0.000,,,,
854,1,,,-73.9878367,40.7625300,2026-01-27 21:58:51.000,_20260127_165441_CH01_REF_TMO-NSA_PING_NJ NY_L2.dml,,,,N41(100)+N71(15),,371,-77.180000,17.960000,,,,,,,,,,,,,0.000,,,,
855,1,,,-73.9878367,40.7625283,2026-01-27 21:58:52.000,_20260127_165441_CH01_REF_TMO-NSA_PING_NJ NY_L2.dml,,,,N41(100)+N71(15),,371,-77.680000,16.820000,,,,,,,,,,,,,0.000,,,,
856,1,,,-73.9878367,40.7625283,2026-01-27 21:58:52.115,_20260127_165441_CH01_REF_TMO-NSA_PING_NJ NY_L2.dml,,,,,,,,,,,,,,,,,,,,,,TIMEOUT_Idle,,,
857,1,,,-73.9878367,40.7625283,2026-01-27 21:58:52.115,_20260127_165441_CH01_REF_TMO-NSA_PING_NJ NY_L2.dml,,,,,,,,,,,,,,,,,,,,,,,,0,
858,1,,,-73.9878367,40.7625283,2026-01-27 21:58:52.115,_20260127_165441_CH01_REF_TMO-NSA_PING_NJ NY_L2.dml,,,,,,,,,,,,,,,,,,,,,,PING MeasureStop,,,
