{
        "3.1 5G Auto VoNR Enabled AMR NB VQ": {
            "DUT1": {
                "ul_mos_stats": {
                    "count": 510,
                    "mean": 4.307019607843137,
                    "std_dev": 0.35017837106218785,
                    "max": 4.5,
                    "percent_less_than_2": 0.39215686274509803,
                    "percent_less_than_3": 1.9607843137254901
                },
                "dl_mos_stats": {
                    "count": 512,
                    "mean": 4.3306686796875,
                    "std_dev": 0.1585078157183774,
                    "max": 4.492305,
                    "percent_less_than_2": 0.0,
                    "percent_less_than_3": 0.390625
                }
            },
            "DUT2": {
                "ul_mos_stats": {
                    "count": 509,
                    "mean": 4.328506876227898,
                    "std_dev": 0.22477401260813717,
                    "max": 4.5,
                    "percent_less_than_2": 0.0,
                    "percent_less_than_3": 0.5893909626719057
                },
                "dl_mos_stats": {
                    "count": 510,
                    "mean": 4.323119366666666,
                    "std_dev": 0.18692181324757462,
                    "max": 4.480864,
                    "percent_less_than_2": 0.0,
                    "percent_less_than_3": 0.5882352941176471
                }
            },
            "REF": {
                "ul_mos_stats": {
                    "count": 510,
                    "mean": 4.283862745098039,
                    "std_dev": 0.35909373592840543,
                    "max": 4.5,
                    "percent_less_than_2": 0.39215686274509803,
                    "percent_less_than_3": 1.5686274509803921
                },
                "dl_mos_stats": {
                    "count": 512,
                    "mean": 4.294230353515625,
                    "std_dev": 0.26122524303475264,
                    "max": 4.465755,
                    "percent_less_than_2": 0.390625,
                    "percent_less_than_3": 0.9765625
                }
            }
        },
        "3.2 5G Auto VoNR Enabled AMR WB VQ": {
            "Base": {
                "vonr enable amr wb DUT1 base": {
                    "MOS Average": 3.5576914641434265,
                    "MOS Stdev": 0.20250107407514298,
                    "Maximum MOS": 3.817328,
                    "Counts": 502,
                    "% MOS < 3.0": 2.788844621513944,
                    "% MOS < 2.0": 0.199203187250996
                },
                "vonr enable amr wb DUT2 base": {
                    "MOS Average": 3.51926564612326,
                    "MOS Stdev": 0.2544094109059098,
                    "Maximum MOS": 3.825206,
                    "Counts": 503,
                    "% MOS < 3.0": 4.3737574552683895,
                    "% MOS < 2.0": 0.0
                },
                "vonr enable amr wb REF base": {
                    "MOS Average": 3.3582622549800796,
                    "MOS Stdev": 0.4396106242115759,
                    "Maximum MOS": 3.772906,
                    "Counts": 502,
                    "% MOS < 3.0": 14.741035856573706,
                    "% MOS < 2.0": 2.3904382470119523
                }
            },
            "Mobile": {
                "vonr enable amr wb DUT1 mobile": {
                    "MOS Average": 3.487255839603961,
                    "MOS Stdev": 0.33615156184940986,
                    "Maximum MOS": 3.835027,
                    "Counts": 505,
                    "% MOS < 3.0": 8.712871287128712,
                    "% MOS < 2.0": 0.39603960396039606
                },
                "vonr enable amr wb DUT2 mobile": {
                    "MOS Average": 3.567763613861386,
                    "MOS Stdev": 0.23397643346100977,
                    "Maximum MOS": 3.807065,
                    "Counts": 505,
                    "% MOS < 3.0": 4.752475247524752,
                    "% MOS < 2.0": 0.0
                },
                "vonr enable amr wb REF mobile": {
                    "MOS Average": 3.422579637623762,
                    "MOS Stdev": 0.4892298365700669,
                    "Maximum MOS": 3.798488,
                    "Counts": 505,
                    "% MOS < 3.0": 12.277227722772277,
                    "% MOS < 2.0": 2.9702970297029703
                }
            }
        },
        "3.3 5G Auto VoNR Disabled EVS WB VQ": {
            "Base": {
                "vonr disable evs wb DUT1 base": {
                    "MOS Average": 3.6820942270916333,
                    "MOS Stdev": 0.440604442658722,
                    "Maximum MOS": 4.015316,
                    "Counts": 502,
                    "% MOS < 3.0": 9.362549800796813,
                    "% MOS < 3.4":  10.756972
                },
                "vonr disable evs wb DUT2 base": {
                    "MOS Average": 3.2432554851485147,
                    "MOS Stdev": 0.3039377208661697,
                    "Maximum MOS": 3.515229,
                    "Counts": 505,
                    "% MOS < 3.0": 7.920792079207921,
                    "% MOS < 3.4": 80.594059 
                },
                "vonr disable evs wb REF1 base": {
                    "MOS Average": 3.792883865612648,
                    "MOS Stdev": 0.39462507195026547,
                    "Maximum MOS": 4.037276,
                    "Counts": 506,
                    "% MOS < 3.0": 5.33596837944664,
                    "% MOS < 3.4": 7.312253 
                },
                "vonr disable evs wb REF2 base": {
                    "MOS Average": 3.556124416996047,
                    "MOS Stdev": 0.3348686617352636,
                    "Maximum MOS": 3.917643,
                    "Counts": 506,
                    "% MOS < 3.0": 6.521739130434782,
                    "% MOS < 3.4": 11.264822
                }
            },
            "Mobile": {
                "vonr disable evs wb DUT1 mobile": {
                    "MOS Average": 3.6101857181996087,
                    "MOS Stdev": 0.5471383011983914,
                    "Maximum MOS": 4.005613,
                    "Counts": 511,
                    "% MOS < 3.0": 10.567514677103718,
                    "% MOS < 3.4": 15.068493  
                },
                "vonr disable evs wb DUT2 mobile": {
                    "MOS Average": 3.2706621245136187,
                    "MOS Stdev": 0.5020334085976661,
                    "Maximum MOS": 3.675431,
                    "Counts": 514,
                    "% MOS < 3.0": 14.202334630350194,
                    "% MOS < 3.4": 38.521401
                },
                "vonr disable evs wb REF1 mobile": {
                    "MOS Average": 3.6920767747572816,
                    "MOS Stdev": 0.5997735094054074,
                    "Maximum MOS": 4.083777,
                    "Counts": 515,
                    "% MOS < 3.0": 10.29126213592233,
                    "% MOS < 3.4": 13.009709
                },
                "vonr disable evs wb REF2 mobile": {
                    "MOS Average": 3.3257216621359222,
                    "MOS Stdev": 0.5251054274546115,
                    "Maximum MOS": 3.931064,
                    "Counts": 515,
                    "% MOS < 3.0": 15.922330097087379,
                    "% MOS < 3.4": 41.359223
                }
            }
        },
        "3.4 5G Auto VoNR Enabled EVS WB VQ": {
            "Base": {
                "vonr enable evs wb DUT1 base": {
                    "MOS Average": 3.7046520650887573,
                    "MOS Stdev": 0.5082408148835041,
                    "Maximum MOS": 4.059177,
                    "Counts": 507,
                    "% MOS < 3.0": 8.875739644970414,
                    "% MOS < 3.4": 12.426036
                },
                "vonr enable evs wb DUT2 base": {
                    "MOS Average": 3.217658954365079,