IDX,LID,CI_1,CI_2,Lon,Lat,Time,Measure,[Call Test] Call Start Network,[Call Test] Call Type,[Call Test] Call Result,[Call Test] Call Middle Network,[Call Test] Call End Network,[Call Test] Mobile ChipSet,[Call Test] [VoNR VoLTE] [Duration] SIP Setup Duration (Invite~200OK),[Call Test] [Misc] [Mobile] IMEI,[Call Test] [Throughput] Application DL TP,[General] Serving Network (In Traffic),[Call Test] [HTTP Transfer] HTTP Transfer Call Event,[Call Test] [KR PS-LTE] [SMS] [Timestamp] SIP Message,[Packet Data] [SIP] UL/DL,[Packet Data] [SIP] Request Method,[Packet Data] [SIP] Status,[Packet Data] [SIP] 200 OK - Method,[Call Test] [Voice or Video Call] Call Result,[Call Test] [Voice or Video Call] Orig/Term,[Call Test] [Voice or Video Call] Result & Reason,[LTE] [L1] [RF] PCI,[LTE] [L1] [RF] RSRP,[Event] Total Call Result,[Event] Voice Call Event,[Event] [Event Occurrence Count] Call Completed #,[Event] [Event Occurrence Count] Outgoing Call Setup Fail #,[Event] [Event Occurrence Count] Call Dropped #,[Event] [Event Occurrence Count] Call Start #,[Call Test] [Voice or Video Call] [Duration] Traffic Duration (LoggingTool),[NR5G] [RF] PCI,[Call Test] [Voice Quality] [Per Rx Clip] [RF Quality] 5G RSRP,[Call Test] [Voice Quality] [Sampled Values] MOS (POLQA),[WiFi] On Off,[WiFi] Connect State,[WiFi] [Serving AP] RSSI,[WiFi] [Serving AP] Frequency,[WiFi] [Serving AP] Link Speed,[Call Test] [VoNR VoLTE] [Handover] Rx RTP Delay (Control Plane),[Call Test] [Voice or Video Call] Call Type,[Event] [Event Occurrence Count] Handover OK #,[Mobile Info] [Android] [Radio] Network Type (Data Svc)
1,1,,,-121.9331166,47.5260749,2026-01-23 20:46:34.000,_20260123_124628_CH04_TMO_5GNR_WFC_MT-REF-2_TC-157.dml,,,,,,,,,,,,,,,,,,,,,,,,,,,,,594,,,On,Connected,-57.000000,2462,52,,,,IWLAN
2,1,,,-121.9331166,47.5260749,2026-01-23 20:46:35.000,_20260123_124628_CH04_TMO_5GNR_WFC_MT-REF-2_TC-157.dml,,,,,,,,,,,,,,,,,,,,,,,,,,,,,,,,On,Connected,-53.000000,2462,52,,,,IWLAN
3,1,,,-121.9331166,47.5260749,2026-01-23 20:46:36.000,_20260123_124628_CH04_TMO_5GNR_WFC_MT-REF-2_TC-157.dml,,,,,,,,,,,,,,,,,,,,,,,,,,,,,,,,,Connected,,,,,,,IWLAN
4,1,,,-121.9331166,47.5260749,2026-01-23 20:46:37.000,_20260123_124628_CH04_TMO_5GNR_WFC_MT-REF-2_TC-157.dml,,,,,,,,,,,,,,,,,,,,,,,,,,,,,594,,,On,Connected,-52.000000,2462,52,,,,IWLAN
5,1,,,-121.9331166,47.5260749,2026-01-23 20:46:38.000,_20260123_124628_CH04_TMO_5GNR_WFC_MT-REF-2_TC-157.dml,,,,,,,,,,,,,,,,,,,,,,,,,,,,,,,,On,Connected,-51.000000,2462,52,,,,IWLAN
6,1,,,-121.9331166,47.5260749,2026-01-23 20:46:39.000,_20260123_124628_CH04_TMO_5GNR_WFC_MT-REF-2_TC-157.dml,,,,,,,,,,,,,,,,,,,,,,,,,,,,,594,,,On,Connected,-51.000000,2462,52,,,,IWLAN
7,1,,,-121.9331166,47.5260749,2026-01-23 20:46:40.000,_20260123_124628_CH04_TMO_5GNR_WFC_MT-REF-2_TC-157.dml,,,,,,,,,,,,,,,,,,,,,,,,,,,,,,,,On,Connected,-51.000000,2462,58,,,,IWLAN
8,1,,,-121.9331166,47.5260749,2026-01-23 20:46:41.000,_20260123_124628_CH04_TMO_5GNR_WFC_MT-REF-2_TC-157.dml,,,,,,,,,,,,,,,,,,,,,,,,,,,,,,,,On,Connected,-51.000000,2462,58,,,,IWLAN
9,1,,,-121.9331166,47.5260749,2026-01-23 20:46:42.000,_20260123_124628_CH04_TMO_5GNR_WFC_MT-REF-2_TC-157.dml,,,,,,,,,,,,,,,,,,,,,,,,,,,,,594,,,On,Connected,-51.000000,2462,58,,,,IWLAN
10,1,,,-121.9331166,47.5260749,2026-01-23 20:46:42.976,_20260123_124628_CH04_TMO_5GNR_WFC_MT-REF-2_TC-157.dml,,,,,,,,,,,,,,,,,,,,,,,[Tool] Voice - Call Scheduling Start(Term),,,,,,,,,,,,,,,,,
11,1,,,-121.9331166,47.5260749,2026-01-23 20:46:42.976,_20260123_124628_CH04_TMO_5GNR_WFC_MT-REF-2_TC-157.dml,,,,,,,,,,,,,,,,,,,,,,,[Tool] Voice - Wait Page,,,,,,,,,,,,,,,,,
12,1,,,-121.9331166,47.5260749,2026-01-23 20:46:43.000,_20260123_124628_CH04_TMO_5GNR_WFC_MT-REF-2_TC-157.dml,,,,,,,,,,,,,,,,,,,,,,,,,,,,,,,,,Connected,,,,,,,IWLAN
13,1,,,-121.9331166,47.5260749,2026-01-23 20:46:44.000,_20260123_124628_CH04_TMO_5GNR_WFC_MT-REF-2_TC-157.dml,,,,,,,,,,,,,,,,,,,,,,,,,,,,,594,,,On,Connected,-55.000000,2462,52,,,,IWLAN
14,1,,,-121.9331166,47.5260749,2026-01-23 20:46:45.000,_20260123_124628_CH04_TMO_5GNR_WFC_MT-REF-2_TC-157.dml,,,,,,,,,,,,,,,,,,,,,,,,,,,,,,,,,Connected,,,,,,,IWLAN
15,1,,,-121.9331166,47.5260749,2026-01-23 20:46:46.000,_20260123_124628_CH04_TMO_5GNR_WFC_MT-REF-2_TC-157.dml,,,,,,,,,,,,,,,,,,,,,,,,,,,,,594,,,On,Connected,-55.500000,2462,52,,,,IWLAN
16,1,,,-121.9331166,47.5260749,2026-01-23 20:46:47.000,_20260123_124628_CH04_TMO_5GNR_WFC_MT-REF-2_TC-157.dml,,,,,,,,,,,,,,,,,,,,,,,,,,,,,,,,On,Connected,-56.000000,2462,52,,,,IWLAN
17,1,,,-121.9331166,47.5260749,2026-01-23 20:46:48.000,_20260123_124628_CH04_TMO_5GNR_WFC_MT-REF-2_TC-157.dml,,,,,,,,,,,,,,,,,,,,,,,,,,,,,594,,,,Connected,,,,,,,IWLAN
18,1,,,-121.9331166,47.5260749,2026-01-23 20:46:48.745,_20260123_124628_CH04_TMO_5GNR_WFC_MT-REF-2_TC-157.dml,,,,,,,,,,,,,,,,,,,,,,,[Tool] Voice - Answer Request,,,,,,,,,,,,,,,,,
19,1,,,-121.9331166,47.5260749,2026-01-23 20:46:49.000,_20260123_124628_CH04_TMO_5GNR_WFC_MT-REF-2_TC-157.dml,,,,,,,,,,,,,,,,,,,,,,,,,,,,,594,,,On,Connected,-55.500000,2462,52,,,,IWLAN
20,1,,,-121.9331166,47.5260749,2026-01-23 20:46:49.922,_20260123_124628_CH04_TMO_5GNR_WFC_MT-REF-2_TC-157.dml,,,,,,,,,,,,,,,,,,,,,,,[Tool] Voice - Answer Request,,,,,,,,,,,,,,,,,
21,1,,,-121.9331166,47.5260749,2026-01-23 20:46:50.000,_20260123_124628_CH04_TMO_5GNR_WFC_MT-REF-2_TC-157.dml,,,,,,,,,,,,,,,,,,,,,,,,,,,,,,,,,Connected,,,,,,,IWLAN
22,1,,,-121.9331166,47.5260749,2026-01-23 20:46:50.916,_20260123_124628_CH04_TMO_5GNR_WFC_MT-REF-2_TC-157.dml,,,,,,,,,,,,,,,,,,,,,,,[UE]   Voice - Setup Success,,,,,,,,,,,,,,,,,
23,1,,,-121.9331166,47.5260749,2026-01-23 20:46:51.000,_20260123_124628_CH04_TMO_5GNR_WFC_MT-REF-2_TC-157.dml,,,,,,,,,,NR SA,,,,,,,,,,,,,,,,,,,,,,On,Connected,-55.000000,2462,52,,,,IWLAN
24,1,,,-121.9331166,47.5260749,2026-01-23 20:46:52.000,_20260123_124628_CH04_TMO_5GNR_WFC_MT-REF-2_TC-157.dml,,,,,,,,,,NR SA,,,,,,,,,,,,,,,,,,,594,,,,Connected,,,,,,,IWLAN
25,1,,,-121.9331166,47.5260749,2026-01-23 20:46:53.000,_20260123_124628_CH04_TMO_5GNR_WFC_MT-REF-2_TC-157.dml,,,,,,,,,,NR SA,,,,,,,,,,,,,,,,,,,,,,On,Connected,-52.000000,2462,52,,,,IWLAN
26,1,,,-121.9331166,47.5260749,2026-01-23 20:46:54.000,_20260123_124628_CH04_TMO_5GNR_WFC_MT-REF-2_TC-157.dml,,,,,,,,,,NR SA,,,,,,,,,,,,,,,,,,,594,,,On,Connected,-52.000000,2462,52,,,,IWLAN
27,1,,,-121.9331166,47.5260749,2026-01-23 20:46:55.000,_20260123_124628_CH04_TMO_5GNR_WFC_MT-REF-2_TC-157.dml,,,,,,,,,,NR SA,,,,,,,,,,,,,,,,,,,,,,,Connected,,,,,,,IWLAN
28,1,,,-121.9331166,47.5260749,2026-01-23 20:46:56.000,_20260123_124628_CH04_TMO_5GNR_WFC_MT-REF-2_TC-157.dml,,,,,,,,,,NR SA,,,,,,,,,,,,,,,,,,,,,,On,Connected,-47.000000,2462,52,,,,IWLAN
29,1,,,-121.9331166,47.5260749,2026-01-23 20:46:57.000,_20260123_124628_CH04_TMO_5GNR_WFC_MT-REF-2_TC-157.dml,,,,,,,,,,NR SA,,,,,,,,,,,,,,,,,,,594,,,,Connected,,,,,,,IWLAN
30,1,,,-121.9331166,47.5260749,2026-01-23 20:46:58.000,_20260123_124628_CH04_TMO_5GNR_WFC_MT-REF-2_TC-157.dml,,,,,,,,,,NR SA,,,,,,,,,,,,,,,,,,,,,,On,Connected,-49.000000,2462,52,,,,IWLAN
31,1,,,-121.9331166,47.5260749,2026-01-23 20:46:59.000,_20260123_124628_CH04_TMO_5GNR_WFC_MT-REF-2_TC-157.dml,,,,,,,,,,NR SA,,,,,,,,,,,,,,,,,,,,,,,Connected,,,,,,,IWLAN
32,1,,,-121.9331166,47.5260749,2026-01-23 20:47:00.000,_20260123_124628_CH04_TMO_5GNR_WFC_MT-REF-2_TC-157.dml,,,,,,,,,,NR SA,,,,,,,,,,,,,,,,,,,594,,,On,Connected,-51.000000,2462,52,,,,IWLAN
33,1,,,-121.9331166,47.5260749,2026-01-23 20:47:01.000,_20260123_124628_CH04_TMO_5GNR_WFC_MT-REF-2_TC-157.dml,,,,,,,,,,NR SA,,,,,,,,,,,,,,,,,,,,,2.832556,On,Connected,-51.000000,2462,52,,,,IWLAN
34,1,,,-121.9331166,47.5260749,2026-01-23 20:47:02.000,_20260123_124628_CH04_TMO_5GNR_WFC_MT-REF-2_TC-157.dml,,,,,,,,,,NR SA,,,,,,,,,,,,,,,,,,,594,,2.832556,On,Connected,-50.000000,2462,39,,,,IWLAN
35,1,,,-121.9331166,47.5260749,2026-01-23 20:47:03.000,_20260123_124628_CH04_TMO_5GNR_WFC_MT-REF-2_TC-157.dml,,,,,,,,,,NR SA,,,,,,,,,,,,,,,,,,,,,2.832556,On,Connected,-50.000000,2462,39,,,,IWLAN
36,1,,,-121.9331166,47.5260749,2026-01-23 20:47:04.000,_20260123_124628_CH04_TMO_5GNR_WFC_MT-REF-2_TC-157.dml,,,,,,,,,,NR SA,,,,,,,,,,,,,,,,,,,,,2.832556,,Connected,,,,,,,IWLAN
37,1,,,-121.9331166,47.5260749,2026-01-23 20:47:05.000,_20260123_124628_CH04_TMO_5GNR_WFC_MT-REF-2_TC-157.dml,,,,,,,,,,NR SA,,,,,,,,,,,,,,,,,,,594,,2.832556,On,Connected,-48.000000,2462,52,,,,IWLAN
38,1,,,-121.9331166,47.5260749,2026-01-23 20:47:06.000,_20260123_124628_CH04_TMO_5GNR_WFC_MT-REF-2_TC-157.dml,,,,,,,,,,NR SA,,,,,,,,,,,,,,,,,,,,,2.832556,,Connected,,,,,,,IWLAN
39,1,,,-121.9331166,47.5260749,2026-01-23 20:47:07.000,_20260123_124628_CH04_TMO_5GNR_WFC_MT-REF-2_TC-157.dml,,,,,,,,,,NR SA,,,,,,,,,,,,,,,,,,,594,,2.832556,On,Connected,-48.000000,2462,52,,,,IWLAN
40,1,,,-121.9331166,47.5260749,2026-01-23 20:47:08.000,_20260123_124628_CH04_TMO_5GNR_WFC_MT-REF-2_TC-157.dml,,,,,,,,,,NR SA,,,,,,,,,,,,,,,,,,,,,2.832556,On,Connected,-52.000000,2462,52,,,,IWLAN
41,1,,,-121.9331166,47.5260749,2026-01-23 20:47:09.000,_20260123_124628_CH04_TMO_5GNR_WFC_MT-REF-2_TC-157.dml,,,,,,,,,,NR SA,,,,,,,,,,,,,,,,,,,594,,2.832556,On,Connected,-52.000000,2462,52,,,,IWLAN
42,1,,,-121.9331166,47.5260749,2026-01-23 20:47:10.000,_20260123_124628_CH04_TMO_5GNR_WFC_MT-REF-2_TC-157.dml,,,,,,,,,,NR SA,,,,,,,,,,,,,,,,,,,,,2.832556,On,Connected,-52.000000,2462,52,,,,IWLAN
43,1,,,-121.9331166,47.5260749,2026-01-23 20:47:11.122,_20260123_124628_CH04_TMO_5GNR_WFC_MT-REF-2_TC-157.dml,,,,,,,,,,,,,,,,,,,,,,,,,,,,,,-74.937500,,,,,,,,,,
44,1,,,-121.9331166,47.5260749,2026-01-23 20:47:11.000,_20260123_124628_CH04_TMO_5GNR_WFC_MT-REF-2_TC-157.dml,,,,,,,,,,NR SA,,,,,,,,,,,,,,,,,,,594,,,On,Connected,-50.000000,2462,65,,,,IWLAN
45,1,,,-121.9331166,47.5260749,2026-01-23 20:47:12.000,_20260123_124628_CH04_TMO_5GNR_WFC_MT-REF-2_TC-157.dml,,,,,,,,,,NR SA,,,,,,,,,,,,,,,,,,,,,,On,Connected,-50.000000,2462,65,,,,IWLAN
46,1,,,-121.9331166,47.5260749,2026-01-23 20:47:13.000,_20260123_124628_CH04_TMO_5GNR_WFC_MT-REF-2_TC-157.dml,,,,,,,,,,NR SA,,,,,,,,,,,,,,,,,,,,,,On,Connected,-50.000000,2462,65,,,,IWLAN
47,1,,,-121.9331166,47.5260749,2026-01-23 20:47:14.000,_20260123_124628_CH04_TMO_5GNR_WFC_MT-REF-2_TC-157.dml,,,,,,,,,,NR SA,,,,,,,,,,,,,,,,,,,594,,,On,Connected,-49.000000,2462,39,,,,IWLAN
48,1,,,-121.9331166,47.5260749,2026-01-23 20:47:15.000,_20260123_124628_CH04_TMO_5GNR_WFC_MT-REF-2_TC-157.dml,,,,,,,,,,NR SA,,,,,,,,,,,,,,,,,,,,,,,Connected,,,,,,,IWLAN
49,1,,,-121.9331166,47.5260749,2026-01-23 20:47:16.000,_20260123_124628_CH04_TMO_5GNR_WFC_MT-REF-2_TC-157.dml,,,,,,,,,,NR SA,,,,,,,,,,,,,,,,,,,594,,,On,Connected,-49.500000,2462,52,,,,IWLAN
50,1,,,-121.9331166,47.5260749,2026-01-23 20:47:17.000,_20260123_124628_CH04_TMO_5GNR_WFC_MT-REF-2_TC-157.dml,,,,,,,,,,NR SA,,,,,,,,,,,,,,,,,,,,,,,Connected,,,,,,,IWLAN
51,1,,,-121.9331166,47.5260749,2026-01-23 20:47:18.000,_20260123_124628_CH04_TMO_5GNR_WFC_MT-REF-2_TC-157.dml,,,,,,,,,,NR SA,,,,,,,,,,,,,,,,,,,,,,On,Connected,-50.000000,2462,52,,,,IWLAN
52,1,,,-121.9331166,47.5260749,2026-01-23 20:47:19.000,_20260123_124628_CH04_TMO_5GNR_WFC_MT-REF-2_TC-157.dml,,,,,,,,,,NR SA,,,,,,,,,,,,,,,,,,,594,,,On,Connected,-50.000000,2462,52,,,,IWLAN
53,1,,,-121.9331166,47.5260749,2026-01-23 20:47:20.000,_20260123_124628_CH04_TMO_5GNR_WFC_MT-REF-2_TC-157.dml,,,,,,,,,,NR SA,,,,,,,,,,,,,,,,,,,,,,On,Connected,-54.000000,2462,39,,,,IWLAN
54,1,,,-121.9331166,47.5260749,2026-01-23 20:47:21.000,_20260123_124628_CH04_TMO_5GNR_WFC_MT-REF-2_TC-157.dml,,,,,,,,,,NR SA,,,,,,,,,,,,,,,,,,,,,3.004231,On,Connected,-54.000000,2462,39,,,,IWLAN
55,1,,,-121.9331166,47.5260749,2026-01-23 20:47:22.000,_20260123_124628_CH04_TMO_5GNR_WFC_MT-REF-2_TC-157.dml,,,,,,,,,,NR SA,,,,,,,,,,,,,,,,,,,594,,3.004231,On,Connected,-54.000000,2462,39,,,,IWLAN
56,1,,,-121.9331166,47.5260749,2026-01-23 20:47:23.000,_20260123_124628_CH04_TMO_5GNR_WFC_MT-REF-2_TC-157.dml,,,,,,,,,,NR SA,,,,,,,,,,,,,,,,,,,,,3.004231,On,Connected,-53.000000,2462,52,,,,IWLAN
57,1,,,-121.9331166,47.5260749,2026-01-23 20:47:24.000,_20260123_124628_CH04_TMO_5GNR_WFC_MT-REF-2_TC-157.dml,,,,,,,,,,NR SA,,,,,,,,,,,,,,,,,,,,,3.004231,On,Connected,-53.000000,2462,52,,,,IWLAN
58,1,,,-121.9331166,47.5260749,2026-01-23 20:47:25.000,_20260123_124628_CH04_TMO_5GNR_WFC_MT-REF-2_TC-157.dml,,,,,,,,,,NR SA,,,,,,,,,,,,,,,,,,,594,,3.004231,On,Connected,-53.000000,2462,52,,,,IWLAN
59,1,,,-121.9331166,47.5260749,2026-01-23 20:47:26.000,_20260123_124628_CH04_TMO_5GNR_WFC_MT-REF-2_TC-157.dml,,,,,,,,,,NR SA,,,,,,,,,,,,,,,,,,,594,,3.004231,On,Connected,-53.000000,2462,39,,,,IWLAN
60,1,,,-121.9331166,47.5260749,2026-01-23 20:47:27.000,_20260123_124628_CH04_TMO_5GNR_WFC_MT-REF-2_TC-157.dml,,,,,,,,,,NR SA,,,,,,,,,,,,,,,,,,,,,3.004231,On,Connected,-53.000000,2462,39,,,,IWLAN
61,1,,,-121.9331166,47.5260749,2026-01-23 20:47:28.000,_20260123_124628_CH04_TMO_5GNR_WFC_MT-REF-2_TC-157.dml,,,,,,,,,,NR SA,,,,,,,,,,,,,,,,,,,594,,3.004231,On,Connected,-53.000000,2462,39,,,,IWLAN
62,1,,,-121.9331166,47.5260749,2026-01-23 20:47:29.000,_20260123_124628_CH04_TMO_5GNR_WFC_MT-REF-2_TC-157.dml,,,,,,,,,,NR SA,,,,,,,,,,,,,,,,,,,,,3.004231,On,Connected,-51.000000,2462,52,,,,IWLAN
63,1,,,-121.9331166,47.5260749,2026-01-23 20:47:30.000,_20260123_124628_CH04_TMO_5GNR_WFC_MT-REF-2_TC-157.dml,,,,,,,,,,NR SA,,,,,,,,,,,,,,,,,,,594,,3.004231,On,Connected,-51.000000,2462,52,,,,IWLAN
64,1,,,-121.9331166,47.5260749,2026-01-23 20:47:31.331,_20260123_124628_CH04_TMO_5GNR_WFC_MT-REF-2_TC-157.dml,,,,,,,,,,,,,,,,,,,,,,,,,,,,,,-77.843750,,,,,,,,,,
65,1,,,-121.9331166,47.5260749,2026-01-23 20:47:31.000,_20260123_124628_CH04_TMO_5GNR_WFC_MT-REF-2_TC-157.dml,,,,,,,,,,NR SA,,,,,,,,,,,,,,,,,,,,,,On,Connected,-51.000000,2462,52,,,,IWLAN
66,1,,,-121.9331166,47.5260749,2026-01-23 20:47:32.000,_20260123_124628_CH04_TMO_5GNR_WFC_MT-REF-2_TC-157.dml,,,,,,,,,,NR SA,,,,,,,,,,,,,,,,,,,594,,,On,Connected,-51.000000,2462,58,,,,IWLAN
67,1,,,-121.9331166,47.5260749,2026-01-23 20:47:33.000,_20260123_124628_CH04_TMO_5GNR_WFC_MT-REF-2_TC-157.dml,,,,,,,,,,NR SA,,,,,,,,,,,,,,,,,,,,,,On,Connected,-51.000000,2462,58,,,,IWLAN
68,1,,,-121.9331166,47.5260749,2026-01-23 20:47:34.000,_20260123_124628_CH04_TMO_5GNR_WFC_MT-REF-2_TC-157.dml,,,,,,,,,,NR SA,,,,,,,,,,,,,,,,,,,,,,On,Connected,-51.000000,2462,58,,,,IWLAN
69,1,,,-121.9331166,47.5260749,2026-01-23 20:47:35.000,_20260123_124628_CH04_TMO_5GNR_WFC_MT-REF-2_TC-157.dml,,,,,,,,,,NR SA,,,,,,,,,,,,,,,,,,,594,,,On,Connected,-50.000000,2462,52,,,,IWLAN
70,1,,,-121.9331166,47.5260749,2026-01-23 20:47:36.000,_20260123_124628_CH04_TMO_5GNR_WFC_MT-REF-2_TC-157.dml,,,,,,,,,,NR SA,,,,,,,,,,,,,,,,,,,,,,On,Connected,-50.000000,2462,52,,,,IWLAN
71,1,,,-121.9331166,47.5260749,2026-01-23 20:47:37.000,_20260123_124628_CH04_TMO_5GNR_WFC_MT-REF-2_TC-157.dml,,,,,,,,,,NR SA,,,,,,,,,,,,,,,,,,,594,,,On,Connected,-50.000000,2462,52,,,,IWLAN
72,1,,,-121.9331166,47.5260749,2026-01-23 20:47:38.000,_20260123_124628_CH04_TMO_5GNR_WFC_MT-REF-2_TC-157.dml,,,,,,,,,,NR SA,,,,,,,,,,,,,,,,,,,,,,On,Connected,-50.000000,2462,58,,,,IWLAN
73,1,,,-121.9331166,47.5260749,2026-01-23 20:47:39.000,_20260123_124628_CH04_TMO_5GNR_WFC_MT-REF-2_TC-157.dml,,,,,,,,,,NR SA,,,,,,,,,,,,,,,,,,,,,,On,Connected,-50.000000,2462,58,,,,IWLAN
74,1,,,-121.9331166,47.5260749,2026-01-23 20:47:40.000,_20260123_124628_CH04_TMO_5GNR_WFC_MT-REF-2_TC-157.dml,,,,,,,,,,NR SA,,,,,,,,,,,,,,,,,,,594,,,On,Connected,-50.000000,2462,58,,,,IWLAN
75,1,,,-121.9331166,47.5260749,2026-01-23 20:47:41.000,_20260123_124628_CH04_TMO_5GNR_WFC_MT-REF-2_TC-157.dml,,,,,,,,,,NR SA,,,,,,,,,,,,,,,,,,,,,2.691356,On,Connected,-50.000000,2462,52,,,,IWLAN
76,1,,,-121.9331166,47.5260749,2026-01-23 20:47:42.000,_20260123_124628_CH04_TMO_5GNR_WFC_MT-REF-2_TC-157.dml,,,,,,,,,,NR SA,,,,,,,,,,,,,,,,,,,594,,2.691356,On,Connected,-50.000000,2462,52,,,,IWLAN
77,1,,,-121.9331166,47.5260749,2026-01-23 20:47:43.000,_20260123_124628_CH04_TMO_5GNR_WFC_MT-REF-2_TC-157.dml,,,,,,,,,,NR SA,,,,,,,,,,,,,,,,,,,,,2.691356,On,Connected,-50.000000,2462,52,,,,IWLAN
78,1,,,-121.9331166,47.5260749,2026-01-23 20:47:44.000,_20260123_124628_CH04_TMO_5GNR_WFC_MT-REF-2_TC-157.dml,,,,,,,,,,NR SA,,,,,,,,,,,,,,,,,,,,,2.691356,On,Connected,-49.000000,2462,58,,,,IWLAN
79,1,,,-121.9331166,47.5260749,2026-01-23 20:47:45.000,_20260123_124628_CH04_TMO_5GNR_WFC_MT-REF-2_TC-157.dml,,,,,,,,,,NR SA,,,,,,,,,,,,,,,,,,,594,,2.691356,On,Connected,-49.000000,2462,58,,,,IWLAN
80,1,,,-121.9331166,47.5260749,2026-01-23 20:47:46.000,_20260123_124628_CH04_TMO_5GNR_WFC_MT-REF-2_TC-157.dml,,,,,,,,,,NR SA,,,,,,,,,,,,,,,,,,,,,2.691356,On,Connected,-49.000000,2462,58,,,,IWLAN
81,1,,,-121.9331166,47.5260749,2026-01-23 20:47:47.000,_20260123_124628_CH04_TMO_5GNR_WFC_MT-REF-2_TC-157.dml,,,,,,,,,,NR SA,,,,,,,,,,,,,,,,,,,,,2.691356,On,Connected,-49.000000,2462,52,,,,IWLAN
82,1,,,-121.9331166,47.5260749,2026-01-23 20:47:48.000,_20260123_124628_CH04_TMO_5GNR_WFC_MT-REF-2_TC-157.dml,,,,,,,,,,NR SA,,,,,,,,,,,,,,,,,,,594,,2.691356,On,Connected,-49.000000,2462,52,,,,IWLAN
83,1,,,-121.9331166,47.5260749,2026-01-23 20:47:49.000,_20260123_124628_CH04_TMO_5GNR_WFC_MT-REF-2_TC-157.dml,,,,,,,,,,NR SA,,,,,,,,,,,,,,,,,,,,,2.691356,On,Connected,-49.000000,2462,52,,,,IWLAN
84,1,,,-121.9331166,47.5260749,2026-01-23 20:47:50.000,_20260123_124628_CH04_TMO_5GNR_WFC_MT-REF-2_TC-157.dml,,,,,,,,,,NR SA,,,,,,,,,,,,,,,,,,,594,,2.691356,On,Connected,-49.000000,2462,58,,,,IWLAN
85,1,,,-121.9331166,47.5260749,2026-01-23 20:47:51.349,_20260123_124628_CH04_TMO_5GNR_WFC_MT-REF-2_TC-157.dml,,,,,,,,,,,,,,,,,,,,,,,,,,,,,,-78.374132,,,,,,,,,,
86,1,,,-121.9331166,47.5260749,2026-01-23 20:47:51.000,_20260123_124628_CH04_TMO_5GNR_WFC_MT-REF-2_TC-157.dml,,,,,,,,,,NR SA,,,,,,,,,,,,,,,,,,,594,,,On,Connected,-49.000000,2462,58,,,,IWLAN
87,1,,,-121.9331166,47.5260749,2026-01-23 20:47:52.000,_20260123_124628_CH04_TMO_5GNR_WFC_MT-REF-2_TC-157.dml,,,,,,,,,,NR SA,,,,,,,,,,,,,,,,,,,,,,On,Connected,-49.000000,2462,58,,,,IWLAN
88,1,,,-121.9331166,47.5260749,2026-01-23 20:47:53.000,_20260123_124628_CH04_TMO_5GNR_WFC_MT-REF-2_TC-157.dml,,,,,,,,,,NR SA,,,,,,,,,,,,,,,,,,,,,,On,Connected,-49.000000,2462,58,,,,IWLAN
89,1,,,-121.9331166,47.5260749,2026-01-23 20:47:54.000,_20260123_124628_CH04_TMO_5GNR_WFC_MT-REF-2_TC-157.dml,,,,,,,,,,NR SA,,,,,,,,,,,,,,,,,,,594,,,On,Connected,-49.000000,2462,58,,,,IWLAN
90,1,,,-121.9331166,47.5260749,2026-01-23 20:47:55.000,_20260123_124628_CH04_TMO_5GNR_WFC_MT-REF-2_TC-157.dml,,,,,,,,,,NR SA,,,,,,,,,,,,,,,,,,,594,,,On,Connected,-49.000000,2462,58,,,,IWLAN
91,1,,,-121.9331166,47.5260749,2026-01-23 20:47:56.000,_20260123_124628_CH04_TMO_5GNR_WFC_MT-REF-2_TC-157.dml,,,,,,,,,,NR SA,,,,,,,,,,,,,,,,,,,,,,On,Connected,-48.000000,2462,52,,,,IWLAN
92,1,,,-121.9331166,47.5260749,2026-01-23 20:47:57.000,_20260123_124628_CH04_TMO_5GNR_WFC_MT-REF-2_TC-157.dml,,,,,,,,,,NR SA,,,,,,,,,,,,,,,,,,,594,,,On,Connected,-48.000000,2462,52,,,,IWLAN
93,1,,,-121.9331166,47.5260749,2026-01-23 20:47:58.000,_20260123_124628_CH04_TMO_5GNR_WFC_MT-REF-2_TC-157.dml,,,,,,,,,,NR SA,,,,,,,,,,,,,,,,,,,,,,On,Connected,-48.000000,2462,52,,,,IWLAN
94,1,,,-121.9331166,47.5260749,2026-01-23 20:47:59.000,_20260123_124628_CH04_TMO_5GNR_WFC_MT-REF-2_TC-157.dml,,,,,,,,,,NR SA,,,,,,,,,,,,,,,,,,,594,,,On,Connected,-49.000000,2462,39,,,,IWLAN
95,1,,,-121.9331166,47.5260749,2026-01-23 20:48:00.000,_20260123_124628_CH04_TMO_5GNR_WFC_MT-REF-2_TC-157.dml,,,,,,,,,,NR SA,,,,,,,,,,,,,,,,,,,,,,On,Connected,-49.000000,2462,39,,,,IWLAN
96,1,,,-121.9331166,47.5260749,2026-01-23 20:48:01.000,_20260123_124628_CH04_TMO_5GNR_WFC_MT-REF-2_TC-157.dml,,,,,,,,,,NR SA,,,,,,,,,,,,,,,,,,,,,3.244167,On,Connected,-49.000000,2462,39,,,,IWLAN
97,1,,,-121.9331166,47.5260749,2026-01-23 20:48:02.000,_20260123_124628_CH04_TMO_5GNR_WFC_MT-REF-2_TC-157.dml,,,,,,,,,,NR SA,,,,,,,,,,,,,,,,,,,594,,3.244167,On,Connected,-52.000000,2462,52,,,,IWLAN
98,1,,,-121.9331166,47.5260749,2026-01-23 20:48:03.000,_20260123_124628_CH04_TMO_5GNR_WFC_MT-REF-2_TC-157.dml,,,,,,,,,,NR SA,,,,,,,,,,,,,,,,,,,594,,3.244167,On,Connected,-52.000000,2462,52,,,,IWLAN
99,1,,,-121.9331166,47.5260749,2026-01-23 20:48:04.000,_20260123_124628_CH04_TMO_5GNR_WFC_MT-REF-2_TC-157.dml,,,,,,,,,,NR SA,,,,,,,,,,,,,,,,,,,,,3.244167,On,Connected,-52.000000,2462,52,,,,IWLAN
100,1,,,-121.9331166,47.5260749,2026-01-23 20:48:05.000,_20260123_124628_CH04_TMO_5GNR_WFC_MT-REF-2_TC-157.dml,,,,,,,,,,NR SA,,,,,,,,,,,,,,,,,,,,,3.244167,On,Connected,-51.000000,2462,58,,,,IWLAN
101,1,,,-121.9331166,47.5260749,2026-01-23 20:48:06.000,_20260123_124628_CH04_TMO_5GNR_WFC_MT-REF-2_TC-157.dml,,,,,,,,,,NR SA,,,,,,,,,,,,,,,,,,,594,,3.244167,On,Connected,-51.000000,2462,58,,,,IWLAN
102,1,,,-121.9331166,47.5260749,2026-01-23 20:48:07.000,_20260123_124628_CH04_TMO_5GNR_WFC_MT-REF-2_TC-157.dml,,,,,,,,,,NR SA,,,,,,,,,,,,,,,,,,,,,3.244167,On,Connected,-51.000000,2462,58,,,,IWLAN
103,1,,,-121.9331166,47.5260749,2026-01-23 20:48:08.000,_20260123_124628_CH04_TMO_5GNR_WFC_MT-REF-2_TC-157.dml,,,,,,,,,,NR SA,,,,,,,,,,,,,,,,,,,594,,3.244167,On,Connected,-51.000000,2462,52,,,,IWLAN
104,1,,,-121.9331166,47.5260749,2026-01-23 20:48:09.000,_20260123_124628_CH04_TMO_5GNR_WFC_MT-REF-2_TC-157.dml,,,,,,,,,,NR SA,,,,,,,,,,,,,,,,,,,594,,3.244167,On,Connected,-51.000000,2462,52,,,,IWLAN
105,1,,,-121.9331166,47.5260749,2026-01-23 20:48:10.000,_20260123_124628_CH04_TMO_5GNR_WFC_MT-REF-2_TC-157.dml,,,,,,,,,,NR SA,,,,,,,,,,,,,,,,,,,,,3.244167,On,Connected,-51.000000,2462,52,,,,IWLAN
106,1,,,-121.9331166,47.5260749,2026-01-23 20:48:11.000,_20260123_124628_CH04_TMO_5GNR_WFC_MT-REF-2_TC-157.dml,,,,,,,,,,NR SA,,,,,,,,,,,,,,,,,,,594,,,On,Connected,-51.000000,2462,52,,,,IWLAN
107,1,,,-121.9331166,47.5260749,2026-01-23 20:48:11.125,_20260123_124628_CH04_TMO_5GNR_WFC_MT-REF-2_TC-157.dml,,,,,,,,,,,,,,,,,,,,,,,,,,,,,,-78.949219,,,,,,,,,,
108,1,,,-121.9331166,47.5260749,2026-01-23 20:48:12.000,_20260123_124628_CH04_TMO_5GNR_WFC_MT-REF-2_TC-157.dml,,,,,,,,,,NR SA,,,,,,,,,,,,,,,,,,,,,,On,Connected,-51.000000,2462,52,,,,IWLAN
109,1,,,-121.9331166,47.5260749,2026-01-23 20:48:13.000,_20260123_124628_CH04_TMO_5GNR_WFC_MT-REF-2_TC-157.dml,,,,,,,,,,NR SA,,,,,,,,,,,,,,,,,,,594,,,On,Connected,-51.000000,2462,52,,,,IWLAN
110,1,,,-121.9331166,47.5260749,2026-01-23 20:48:14.000,_20260123_124628_CH04_TMO_5GNR_WFC_MT-REF-2_TC-157.dml,,,,,,,,,,NR SA,,,,,,,,,,,,,,,,,,,,,,On,Connected,-50.000000,2462,52,,,,IWLAN
111,1,,,-121.9331166,47.5260749,2026-01-23 20:48:15.000,_20260123_124628_CH04_TMO_5GNR_WFC_MT-REF-2_TC-157.dml,,,,,,,,,,NR SA,,,,,,,,,,,,,,,,,,,,,,On,Connected,-50.000000,2462,52,,,,IWLAN
112,1,,,-121.9331166,47.5260749,2026-01-23 20:48:16.000,_20260123_124628_CH04_TMO_5GNR_WFC_MT-REF-2_TC-157.dml,,,,,,,,,,NR SA,,,,,,,,,,,,,,,,,,,594,,,On,Connected,-50.000000,2462,52,,,,IWLAN
113,1,,,-121.9331166,47.5260749,2026-01-23 20:48:17.000,_20260123_124628_CH04_TMO_5GNR_WFC_MT-REF-2_TC-157.dml,,,,,,,,,,NR SA,,,,,,,,,,,,,,,,,,,,,,On,Connected,-51.000000,2462,52,,,,IWLAN
114,1,,,-121.9331166,47.5260749,2026-01-23 20:48:18.000,_20260123_124628_CH04_TMO_5GNR_WFC_MT-REF-2_TC-157.dml,,,,,,,,,,NR SA,,,,,,,,,,,,,,,,,,,,,,On,Connected,-51.000000,2462,52,,,,IWLAN
115,1,,,-121.9331166,47.5260749,2026-01-23 20:48:19.000,_20260123_124628_CH04_TMO_5GNR_WFC_MT-REF-2_TC-157.dml,,,,,,,,,,NR SA,,,,,,,,,,,,,,,,,,,594,,,On,Connected,-51.000000,2462,52,,,,IWLAN
116,1,,,-121.9331166,47.5260749,2026-01-23 20:48:20.000,_20260123_124628_CH04_TMO_5GNR_WFC_MT-REF-2_TC-157.dml,,,,,,,,,,NR SA,,,,,,,,,,,,,,,,,,,,,,On,Connected,-51.000000,2462,39,,,,IWLAN
117,1,,,-121.9331166,47.5260749,2026-01-23 20:48:21.000,_20260123_124628_CH04_TMO_5GNR_WFC_MT-REF-2_TC-157.dml,,,,,,,,,,NR SA,,,,,,,,,,,,,,,,,,,594,,,On,Connected,-51.000000,2462,39,,,,IWLAN
118,1,,,-121.9331166,47.5260749,2026-01-23 20:48:20.973,_20260123_124628_CH04_TMO_5GNR_WFC_MT-REF-2_TC-157.dml,,,,,,,,,,,,,,,,,,,,,,,[Tool] Voice - Pair Channel Call Drop,,,,,,,,,,,,,,,,,
119,1,,,-121.9331166,47.5260749,2026-01-23 20:48:20.973,_20260123_124628_CH04_TMO_5GNR_WFC_MT-REF-2_TC-157.dml,,,,,,,,,,,,,,,,,,,,,,,[Tool] Voice - Release Call Request,,,,,,,,,,,,,,,,,
120,1,,,-121.9331166,47.5260749,2026-01-23 20:48:21.481,_20260123_124628_CH04_TMO_5GNR_WFC_MT-REF-2_TC-157.dml,,,,,,,,,,,,,,,,,,,,,,Complete,[Tool] Voice - Call Result : Complete,,,,,,,,,,,,,,,,,
121,1,,,-121.9331166,47.5260749,2026-01-23 20:48:21.481,_20260123_124628_CH04_TMO_5GNR_WFC_MT-REF-2_TC-157.dml,,,,,,,,,,,,,,,,,,,,,,,[UE]   Voice - Release Call Success,,,,,,,,,,,,,,,,,
122,1,,,-121.9331166,47.5260749,2026-01-23 20:48:22.000,_20260123_124628_CH04_TMO_5GNR_WFC_MT-REF-2_TC-157.dml,,,,,,,,,,,,,,,,,,,,,,,,1,,,,,,,,On,Connected,-51.000000,2462,39,,,,IWLAN
123,1,,,-121.9331166,47.5260749,2026-01-23 20:48:22.743,_20260123_124628_CH04_TMO_5GNR_WFC_MT-REF-2_TC-157.dml,,,,,,,,,,,,,,,,,,,,,,,[UE]   Voice - Release Call Success,,,,,,,,,,,,,,,,,
124,1,,,-121.9331166,47.5260749,2026-01-23 20:48:23.000,_20260123_124628_CH04_TMO_5GNR_WFC_MT-REF-2_TC-157.dml,,,,,,,,,,,,,,,,,,,,,,,,,,,,,594,,,On,Connected,-51.000000,2462,52,,,,IWLAN
125,1,,,-121.9331166,47.5260749,2026-01-23 20:48:24.000,_20260123_124628_CH04_TMO_5GNR_WFC_MT-REF-2_TC-157.dml,,,,,,,,,,,,,,,,,,,,,,,,,,,,,,,,On,Connected,-51.000000,2462,52,,,,IWLAN
126,1,,,-121.9331166,47.5260749,2026-01-23 20:48:25.000,_20260123_124628_CH04_TMO_5GNR_WFC_MT-REF-2_TC-157.dml,,,,,,,,,,,,,,,,,,,,,,,,,,,,,,,,On,Connected,-51.000000,2462,52,,,,IWLAN
127,1,,,-121.9331166,47.5260749,2026-01-23 20:48:26.000,_20260123_124628_CH04_TMO_5GNR_WFC_MT-REF-2_TC-157.dml,,,,,,,,,,,,,,,,,,,,,,,,,,,,,594,,,On,Connected,-54.000000,2462,52,,,,IWLAN
128,1,,,-121.9331166,47.5260749,2026-01-23 20:48:27.000,_20260123_124628_CH04_TMO_5GNR_WFC_MT-REF-2_TC-157.dml,,,,,,,,,,,,,,,,,,,,,,,,,,,,,,,,On,Connected,-54.000000,2462,52,,,,IWLAN
129,1,,,-121.9331166,47.5260749,2026-01-23 20:48:28.000,_20260123_124628_CH04_TMO_5GNR_WFC_MT-REF-2_TC-157.dml,,,,,,,,,,,,,,,,,,,,,,,,,,,,,,,,On,Connected,-54.000000,2462,52,,,,IWLAN
130,1,,,-121.9331166,47.5260749,2026-01-23 20:48:29.000,_20260123_124628_CH04_TMO_5GNR_WFC_MT-REF-2_TC-157.dml,,,,,,,,,,,,,,,,,,,,,,,,,,,,,594,,,On,Connected,-53.000000,2462,52,,,,IWLAN
131,1,,,-121.9331166,47.5260749,2026-01-23 20:48:30.000,_20260123_124628_CH04_TMO_5GNR_WFC_MT-REF-2_TC-157.dml,,,,,,,,,,,,,,,,,,,,,,,,,,,,,,,,On,Connected,-53.000000,2462,52,,,,IWLAN
132,1,,,-121.9331166,47.5260749,2026-01-23 20:48:31.000,_20260123_124628_CH04_TMO_5GNR_WFC_MT-REF-2_TC-157.dml,,,,,,,,,,,,,,,,,,,,,,,,,,,,,594,,,On,Connected,-53.000000,2462,52,,,,IWLAN
133,1,,,-121.9331166,47.5260749,2026-01-23 20:48:32.000,_20260123_124628_CH04_TMO_5GNR_WFC_MT-REF-2_TC-157.dml,,,,,,,,,,,,,,,,,,,,,,,,,,,,,,,,On,Connected,-54.000000,2462,52,,,,IWLAN
134,1,,,-121.9331166,47.5260749,2026-01-23 20:48:33.000,_20260123_124628_CH04_TMO_5GNR_WFC_MT-REF-2_TC-157.dml,,,,,,,,,,,,,,,,,,,,,,,,,,,,,,,,On,Connected,-54.000000,2462,52,,,,IWLAN
135,1,,,-121.9331166,47.5260749,2026-01-23 20:48:34.000,_20260123_124628_CH04_TMO_5GNR_WFC_MT-REF-2_TC-157.dml,,,,,,,,,,,,,,,,,,,,,,,,,,,,,594,,,On,Connected,-54.000000,2462,52,,,,IWLAN
136,1,,,-121.9331166,47.5260749,2026-01-23 20:48:35.000,_20260123_124628_CH04_TMO_5GNR_WFC_MT-REF-2_TC-157.dml,,,,,,,,,,,,,,,,,,,,,,,,,,,,,,,,On,Connected,-55.000000,2462,52,,,,IWLAN
137,1,,,-121.9331166,47.5260749,2026-01-23 20:48:36.000,_20260123_124628_CH04_TMO_5GNR_WFC_MT-REF-2_TC-157.dml,,,,,,,,,,,,,,,,,,,,,,,,,,,,,594,,,On,Connected,-55.000000,2462,52,,,,IWLAN
138,1,,,-121.9331166,47.5260749,2026-01-23 20:48:37.000,_20260123_124628_CH04_TMO_5GNR_WFC_MT-REF-2_TC-157.dml,,,,,,,,,,,,,,,,,,,,,,,,,,,,,,,,On,Connected,-55.000000,2462,52,,,,IWLAN
139,1,,,-121.9331166,47.5260749,2026-01-23 20:48:38.000,_20260123_124628_CH04_TMO_5GNR_WFC_MT-REF-2_TC-157.dml,,,,,,,,,,,,,,,,,,,,,,,,,,,,,,,,On,Connected,-56.000000,2462,52,,,,IWLAN
140,1,,,-121.9331166,47.5260749,2026-01-23 20:48:39.000,_20260123_124628_CH04_TMO_5GNR_WFC_MT-REF-2_TC-157.dml,,,,,,,,,,,,,,,,,,,,,,,,,,,,,594,,,On,Connected,-56.000000,2462,52,,,,IWLAN
141,1,,,-121.9331166,47.5260749,2026-01-23 20:48:40.000,_20260123_124628_CH04_TMO_5GNR_WFC_MT-REF-2_TC-157.dml,,,,,,,,,,,,,,,,,,,,,,,,,,,,,,,,On,Connected,-56.000000,2462,52,,,,IWLAN
142,1,,,-121.9331166,47.5260749,2026-01-23 20:48:41.000,_20260123_124628_CH04_TMO_5GNR_WFC_MT-REF-2_TC-157.dml,,,,,,,,,,,,,,,,,,,,,,,,,,,,,594,,,On,Connected,-52.000000,2462,52,,,,IWLAN
143,1,,,-121.9331166,47.5260749,2026-01-23 20:48:42.000,_20260123_124628_CH04_TMO_5GNR_WFC_MT-REF-2_TC-157.dml,,,,,,,,,,,,,,,,,,,,,,,,,,,,,,,,On,Connected,-52.000000,2462,52,,,,IWLAN
144,1,,,-121.9331166,47.5260749,2026-01-23 20:48:43.000,_20260123_124628_CH04_TMO_5GNR_WFC_MT-REF-2_TC-157.dml,,,,,,,,,,,,,,,,,,,,,,,,,,,,,,,,On,Connected,-52.000000,2462,52,,,,IWLAN
145,1,,,-121.9331166,47.5260749,2026-01-23 20:48:44.000,_20260123_124628_CH04_TMO_5GNR_WFC_MT-REF-2_TC-157.dml,,,,,,,,,,,,,,,,,,,,,,,,,,,,,594,,,On,Connected,-51.000000,2462,52,,,,IWLAN
146,1,,,-121.9331166,47.5260749,2026-01-23 20:48:45.000,_20260123_124628_CH04_TMO_5GNR_WFC_MT-REF-2_TC-157.dml,,,,,,,,,,,,,,,,,,,,,,,,,,,,,,,,On,Connected,-51.000000,2462,52,,,,IWLAN
147,1,,,-121.9331166,47.5260749,2026-01-23 20:48:46.000,_20260123_124628_CH04_TMO_5GNR_WFC_MT-REF-2_TC-157.dml,,,,,,,,,,,,,,,,,,,,,,,,,,,,,,,,On,Connected,-51.000000,2462,52,,,,IWLAN
148,1,,,-121.9331166,47.5260749,2026-01-23 20:48:47.000,_20260123_124628_CH04_TMO_5GNR_WFC_MT-REF-2_TC-157.dml,,,,,,,,,,,,,,,,,,,,,,,,,,,,,594,,,On,Connected,-51.000000,2462,52,,,,IWLAN
149,1,,,-121.9331166,47.5260749,2026-01-23 20:48:48.000,_20260123_124628_CH04_TMO_5GNR_WFC_MT-REF-2_TC-157.dml,,,,,,,,,,,,,,,,,,,,,,,,,,,,,,,,On,Connected,-51.000000,2462,52,,,,IWLAN
150,1,,,-121.9331166,47.5260749,2026-01-23 20:48:49.000,_20260123_124628_CH04_TMO_5GNR_WFC_MT-REF-2_TC-157.dml,,,,,,,,,,,,,,,,,,,,,,,,,,,,,594,,,On,Connected,-51.000000,2462,52,,,,IWLAN
151,1,,,-121.9331166,47.5260749,2026-01-23 20:48:49.325,_20260123_124628_CH04_TMO_5GNR_WFC_MT-REF-2_TC-157.dml,,,,,,,,,,,,,,,,,,,,,,,[Tool] Voice - Release Call Request,,,,,,,,,,,,,,,,,
152,1,,,-121.9331166,47.5260749,2026-01-23 20:48:50.000,_20260123_124628_CH04_TMO_5GNR_WFC_MT-REF-2_TC-157.dml,,,,,,,,,,,,,,,,,,,,,,,,,,,,,,,,On,Connected,-51.000000,2462,52,,,,IWLAN
153,1,,,-121.9331166,47.5260749,2026-01-23 20:48:51.000,_20260123_124628_CH04_TMO_5GNR_WFC_MT-REF-2_TC-157.dml,,,,,,,,,,,,,,,,,,,,,,,,,,,,,,,,,Connected,,,,,,,IWLAN
154,1,,,-121.9331166,47.5260749,2026-01-23 20:48:52.054,_20260123_124628_CH04_TMO_5GNR_WFC_MT-REF-2_TC-157.dml,,,,,,,,,,,,,,,,,,,,,,,[Tool] Voice - Call Scheduling End,,,,,,,,,,,,,,,,,
155,1,,,-121.9331166,47.5260749,2026-01-23 20:48:52.054,_20260123_124628_CH04_TMO_5GNR_WFC_MT-REF-2_TC-157.dml,NR SA,Voice,Complete,NR SA,NR SA,Qualcomm,,354877970012475,,,,,,,,,Complete,Termination,Complete,,,,,,,,,90.056000,,,,,,,,,,EPSFB,,
156,1,,,-121.9331166,47.5260749,2026-01-23 20:48:52.054,_20260123_124628_CH04_TMO_5GNR_WFC_MT-REF-2_TC-157.dml,,,,,,,,,,,,,,,,,,,,,,,[Tool] Voice - Release Call Request,,,,,,,,,,,,,,,,,
157,1,,,-121.9331166,47.5260749,2026-01-23 20:48:52.000,_20260123_124628_CH04_TMO_5GNR_WFC_MT-REF-2_TC-157.dml,,,,,,,,,,,,,,,,,,,,,,,,,,,,,594,,,On,Connected,-51.000000,2462,52,,,,IWLAN
158,1,,,-121.9331166,47.5260749,2026-01-23 20:48:52.327,_20260123_124628_CH04_TMO_5GNR_WFC_MT-REF-2_TC-157.dml,,,,,,,,,,,,,,,,,,,,,,,[Tool] Voice - Call Scheduling Start(Term),,,,,,,,,,,,,,,,,
159,1,,,-121.9331166,47.5260749,2026-01-23 20:48:52.327,_20260123_124628_CH04_TMO_5GNR_WFC_MT-REF-2_TC-157.dml,,,,,,,,,,,,,,,,,,,,,,,[Tool] Voice - Wait Page,,,,,,,,,,,,,,,,,
160,1,,,-121.9331166,47.5260749,2026-01-23 20:48:53.000,_20260123_124628_CH04_TMO_5GNR_WFC_MT-REF-2_TC-157.dml,,,,,,,,,,,,,,,,,,,,,,,,,,,,,,,,,Connected,,,,,,,IWLAN
161,1,,,-121.9331166,47.5260749,2026-01-23 20:48:54.000,_20260123_124628_CH04_TMO_5GNR_WFC_MT-REF-2_TC-157.dml,,,,,,,,,,,,,,,,,,,,,,,,,,,,,594,,,On,Connected,-55.000000,2462,58,,,,IWLAN
162,1,,,-121.9331166,47.5260749,2026-01-23 20:48:55.000,_20260123_124628_CH04_TMO_5GNR_WFC_MT-REF-2_TC-157.dml,,,,,,,,,,,,,,,,,,,,,,,,,,,,,,,,On,Connected,-55.000000,2462,58,,,,IWLAN
163,1,,,-121.9331166,47.5260749,2026-01-23 20:48:56.000,_20260123_124628_CH04_TMO_5GNR_WFC_MT-REF-2_TC-157.dml,,,,,,,,,,,,,,,,,,,,,,,,,,,,,,,,On,Connected,-57.000000,2462,58,,,,IWLAN
164,1,,,-121.9331166,47.5260749,2026-01-23 20:48:56.750,_20260123_124628_CH04_TMO_5GNR_WFC_MT-REF-2_TC-157.dml,,,,,,,,,,,,,,,,,,,,,,,[Tool] Voice - Answer Request,,,,,,,,,,,,,,,,,
165,1,,,-121.9331166,47.5260749,2026-01-23 20:48:57.000,_20260123_124628_CH04_TMO_5GNR_WFC_MT-REF-2_TC-157.dml,,,,,,,,,,,,,,,,,,,,,,,,,,,,,594,,,,Connected,,,,,,,IWLAN
166,1,,,-121.9331166,47.5260749,2026-01-23 20:48:58.234,_20260123_124628_CH04_TMO_5GNR_WFC_MT-REF-2_TC-157.dml,,,,,,,,,,,,,,,,,,,,,,,[Tool] Voice - Answer Request,,,,,,,,,,,,,,,,,
167,1,,,-121.9331166,47.5260749,2026-01-23 20:48:58.281,_20260123_124628_CH04_TMO_5GNR_WFC_MT-REF-2_TC-157.dml,,,,,,,,,,,,,,,,,,,,,,,[UE]   Voice - Setup Success,,,,,,,,,,,,,,,,,
168,1,,,-121.9331166,47.5260749,2026-01-23 20:48:58.000,_20260123_124628_CH04_TMO_5GNR_WFC_MT-REF-2_TC-157.dml,,,,,,,,,,NR SA,,,,,,,,,,,,,,,,,,,,,,On,Connected,-57.000000,2462,58,,,,IWLAN
169,1,,,-121.9331166,47.5260749,2026-01-23 20:48:59.000,_20260123_124628_CH04_TMO_5GNR_WFC_MT-REF-2_TC-157.dml,,,,,,,,,,NR SA,,,,,,,,,,,,,,,,,,,594,,,On,Connected,-49.000000,2462,58,,,,IWLAN
170,1,,,-121.9331166,47.5260749,2026-01-23 20:49:00.000,_20260123_124628_CH04_TMO_5GNR_WFC_MT-REF-2_TC-157.dml,,,,,,,,,,NR SA,,,,,,,,,,,,,,,,,,,,,,,Connected,,,,,,,IWLAN
171,1,,,-121.9331166,47.5260749,2026-01-23 20:49:01.000,_20260123_124628_CH04_TMO_5GNR_WFC_MT-REF-2_TC-157.dml,,,,,,,,,,NR SA,,,,,,,,,,,,,,,,,,,,,,On,Connected,-49.000000,2462,58,,,,IWLAN
172,1,,,-121.9331166,47.5260749,2026-01-23 20:49:02.000,_20260123_124628_CH04_TMO_5GNR_WFC_MT-REF-2_TC-157.dml,,,,,,,,,,NR SA,,,,,,,,,,,,,,,,,,,594,,,On,Connected,-49.000000,2462,52,,,,IWLAN
173,1,,,-121.9331166,47.5260749,2026-01-23 20:49:03.000,_20260123_124628_CH04_TMO_5GNR_WFC_MT-REF-2_TC-157.dml,,,,,,,,,,NR SA,,,,,,,,,,,,,,,,,,,,,,On,Connected,-49.000000,2462,52,,,,IWLAN
174,1,,,-121.9331166,47.5260749,2026-01-23 20:49:04.000,_20260123_124628_CH04_TMO_5GNR_WFC_MT-REF-2_TC-157.dml,,,,,,,,,,NR SA,,,,,,,,,,,,,,,,,,,594,,,On,Connected,-49.000000,2462,52,,,,IWLAN
175,1,,,-121.9331166,47.5260749,2026-01-23 20:49:05.000,_20260123_124628_CH04_TMO_5GNR_WFC_MT-REF-2_TC-157.dml,,,,,,,,,,NR SA,,,,,,,,,,,,,,,,,,,,,,On,Connected,-50.000000,2462,58,,,,IWLAN
176,1,,,-121.9331166,47.5260749,2026-01-23 20:49:06.000,_20260123_124628_CH04_TMO_5GNR_WFC_MT-REF-2_TC-157.dml,,,,,,,,,,NR SA,,,,,,,,,,,,,,,,,,,,,,On,Connected,-50.000000,2462,58,,,,IWLAN
177,1,,,-121.9331166,47.5260749,2026-01-23 20:49:07.000,_20260123_124628_CH04_TMO_5GNR_WFC_MT-REF-2_TC-157.dml,,,,,,,,,,NR SA,,,,,,,,,,,,,,,,,,,594,,,On,Connected,-50.000000,2462,58,,,,IWLAN
178,1,,,-121.9331166,47.5260749,2026-01-23 20:49:08.000,_20260123_124628_CH04_TMO_5GNR_WFC_MT-REF-2_TC-157.dml,,,,,,,,,,NR SA,,,,,,,,,,,,,,,,,,,,,,On,Connected,-51.000000,2462,72,,,,IWLAN
179,1,,,-121.9331166,47.5260749,2026-01-23 20:49:09.000,_20260123_124628_CH04_TMO_5GNR_WFC_MT-REF-2_TC-157.dml,,,,,,,,,,NR SA,,,,,,,,,,,,,,,,,,,,,2.978360,,Connected,,,,,,,IWLAN
180,1,,,-121.9331166,47.5260749,2026-01-23 20:49:10.000,_20260123_124628_CH04_TMO_5GNR_WFC_MT-REF-2_TC-157.dml,,,,,,,,,,NR SA,,,,,,,,,,,,,,,,,,,594,,2.978360,On,Connected,-51.000000,2462,72,,,,IWLAN
181,1,,,-121.9331166,47.5260749,2026-01-23 20:49:11.000,_20260123_124628_CH04_TMO_5GNR_WFC_MT-REF-2_TC-157.dml,,,,,,,,,,NR SA,,,,,,,,,,,,,,,,,,,,,2.978360,On,Connected,-54.000000,2462,39,,,,IWLAN
182,1,,,-121.9331166,47.5260749,2026-01-23 20:49:12.000,_20260123_124628_CH04_TMO_5GNR_WFC_MT-REF-2_TC-157.dml,,,,,,,,,,NR SA,,,,,,,,,,,,,,,,,,,594,,2.978360,On,Connected,-54.000000,2462,39,,,,IWLAN
183,1,,,-121.9331166,47.5260749,2026-01-23 20:49:13.000,_20260123_124628_CH04_TMO_5GNR_WFC_MT-REF-2_TC-157.dml,,,,,,,,,,NR SA,,,,,,,,,,,,,,,,,,,,,2.978360,On,Connected,-54.000000,2462,39,,,,IWLAN
184,1,,,-121.9331166,47.5260749,2026-01-23 20:49:14.000,_20260123_124628_CH04_TMO_5GNR_WFC_MT-REF-2_TC-157.dml,,,,,,,,,,NR SA,,,,,,,,,,,,,,,,,,,,,2.978360,On,Connected,-53.000000,2462,39,,,,IWLAN
185,1,,,-121.9331166,47.5260749,2026-01-23 20:49:15.000,_20260123_124628_CH04_TMO_5GNR_WFC_MT-REF-2_TC-157.dml,,,,,,,,,,NR SA,,,,,,,,,,,,,,,,,,,594,,2.978360,On,Connected,-53.000000,2462,39,,,,IWLAN
186,1,,,-121.9331166,47.5260749,2026-01-23 20:49:16.000,_20260123_124628_CH04_TMO_5GNR_WFC_MT-REF-2_TC-157.dml,,,,,,,,,,NR SA,,,,,,,,,,,,,,,,,,,,,2.978360,,Connected,,,,,,,IWLAN
187,1,,,-121.9331166,47.5260749,2026-01-23 20:49:17.000,_20260123_124628_CH04_TMO_5GNR_WFC_MT-REF-2_TC-157.dml,,,,,,,,,,NR SA,,,,,,,,,,,,,,,,,,,594,,2.978360,On,Connected,-52.000000,2462,39,,,,IWLAN
188,1,,,-121.9331166,47.5260749,2026-01-23 20:49:18.000,_20260123_124628_CH04_TMO_5GNR_WFC_MT-REF-2_TC-157.dml,,,,,,,,,,NR SA,,,,,,,,,,,,,,,,,,,,,,On,Connected,-51.000000,2462,39,,,,IWLAN
189,1,,,-121.9331166,47.5260749,2026-01-23 20:49:18.595,_20260123_124628_CH04_TMO_5GNR_WFC_MT-REF-2_TC-157.dml,,,,,,,,,,,,,,,,,,,,,,,,,,,,,,-74.908203,,,,,,,,,,
190,1,,,-121.9331166,47.5260749,2026-01-23 20:49:19.000,_20260123_124628_CH04_TMO_5GNR_WFC_MT-REF-2_TC-157.dml,,,,,,,,,,NR SA,,,,,,,,,,,,,,,,,,,,,,On,Connected,-51.000000,2462,39,,,,IWLAN
191,1,,,-121.9331166,47.5260749,2026-01-23 20:49:20.000,_20260123_124628_CH04_TMO_5GNR_WFC_MT-REF-2_TC-157.dml,,,,,,,,,,NR SA,,,,,,,,,,,,,,,,,,,594,,,On,Connected,-53.000000,2462,39,,,,IWLAN
192,1,,,-121.9331166,47.5260749,2026-01-23 20:49:21.000,_20260123_124628_CH04_TMO_5GNR_WFC_MT-REF-2_TC-157.dml,,,,,,,,,,NR SA,,,,,,,,,,,,,,,,,,,,,,On,Connected,-53.000000,2462,39,,,,IWLAN
193,1,,,-121.9331166,47.5260749,2026-01-23 20:49:22.000,_20260123_124628_CH04_TMO_5GNR_WFC_MT-REF-2_TC-157.dml,,,,,,,,,,NR SA,,,,,,,,,,,,,,,,,,,594,,,On,Connected,-53.000000,2462,39,,,,IWLAN
194,1,,,-121.9331166,47.5260749,2026-01-23 20:49:23.000,_20260123_124628_CH04_TMO_5GNR_WFC_MT-REF-2_TC-157.dml,,,,,,,,,,NR SA,,,,,,,,,,,,,,,,,,,,,,On,Connected,-52.000000,2462,39,,,,IWLAN
195,1,,,-121.9331166,47.5260749,2026-01-23 20:49:24.000,_20260123_124628_CH04_TMO_5GNR_WFC_MT-REF-2_TC-157.dml,,,,,,,,,,NR SA,,,,,,,,,,,,,,,,,,,,,,On,Connected,-52.000000,2462,39,,,,IWLAN
196,1,,,-121.9331166,47.5260749,2026-01-23 20:49:25.000,_20260123_124628_CH04_TMO_5GNR_WFC_MT-REF-2_TC-157.dml,,,,,,,,,,NR SA,,,,,,,,,,,,,,,,,,,594,,,,Connected,,,,,,,IWLAN
197,1,,,-121.9331166,47.5260749,2026-01-23 20:49:26.000,_20260123_124628_CH04_TMO_5GNR_WFC_MT-REF-2_TC-157.dml,,,,,,,,,,NR SA,,,,,,,,,,,,,,,,,,,,,,On,Connected,-52.000000,2462,52,,,,IWLAN
198,1,,,-121.9331166,47.5260749,2026-01-23 20:49:27.000,_20260123_124628_CH04_TMO_5GNR_WFC_MT-REF-2_TC-157.dml,,,,,,,,,,NR SA,,,,,,,,,,,,,,,,,,,594,,,On,Connected,-52.000000,2462,52,,,,IWLAN
199,1,,,-121.9331166,47.5260749,2026-01-23 20:49:28.000,_20260123_124628_CH04_TMO_5GNR_WFC_MT-REF-2_TC-157.dml,,,,,,,,,,NR SA,,,,,,,,,,,,,,,,,,,,,1.995007,On,Connected,-52.000000,2462,52,,,,IWLAN
200,1,,,-121.9331166,47.5260749,2026-01-23 20:49:29.000,_20260123_124628_CH04_TMO_5GNR_WFC_MT-REF-2_TC-157.dml,,,,,,,,,,NR SA,,,,,,,,,,,,,,,,,,,,,1.995007,On,Connected,-52.000000,2462,58,,,,IWLAN
201,1,,,-121.9331166,47.5260749,2026-01-23 20:49:30.000,_20260123_124628_CH04_TMO_5GNR_WFC_MT-REF-2_TC-157.dml,,,,,,,,,,NR SA,,,,,,,,,,,,,,,,,,,594,,1.995007,On,Connected,-52.000000,2462,58,,,,IWLAN
202,1,,,-121.9331166,47.5260749,2026-01-23 20:49:31.000,_20260123_124628_CH04_TMO_5GNR_WFC_MT-REF-2_TC-157.dml,,,,,,,,,,NR SA,,,,,,,,,,,,,,,,,,,,,1.995007,On,Connected,-52.000000,2462,58,,,,IWLAN
203,1,,,-121.9331166,47.5260749,2026-01-23 20:49:32.000,_20260123_124628_CH04_TMO_5GNR_WFC_MT-REF-2_TC-157.dml,,,,,,,,,,NR SA,,,,,,,,,,,,,,,,,,,,,1.995007,,Connected,,,,,,,IWLAN
204,1,,,-121.9331166,47.5260749,2026-01-23 20:49:33.000,_20260123_124628_CH04_TMO_5GNR_WFC_MT-REF-2_TC-157.dml,,,,,,,,,,NR SA,,,,,,,,,,,,,,,,,,,594,,1.995007,On,Connected,-50.000000,2462,58,,,,IWLAN
205,1,,,-121.9331166,47.5260749,2026-01-23 20:49:34.000,_20260123_124628_CH04_TMO_5GNR_WFC_MT-REF-2_TC-157.dml,,,,,,,,,,NR SA,,,,,,,,,,,,,,,,,,,,,1.995007,On,Connected,-50.000000,2462,58,,,,IWLAN
206,1,,,-121.9331166,47.5260749,2026-01-23 20:49:35.000,_20260123_124628_CH04_TMO_5GNR_WFC_MT-REF-2_TC-157.dml,,,,,,,,,,NR SA,,,,,,,,,,,,,,,,,,,594,,1.995007,On,Connected,-52.000000,2462,58,,,,IWLAN
207,1,,,-121.9331166,47.5260749,2026-01-23 20:49:36.000,_20260123_124628_CH04_TMO_5GNR_WFC_MT-REF-2_TC-157.dml,,,,,,,,,,NR SA,,,,,,,,,,,,,,,,,,,,,1.995007,On,Connected,-52.000000,2462,58,,,,IWLAN
208,1,,,-121.9331166,47.5260749,2026-01-23 20:49:37.000,_20260123_124628_CH04_TMO_5GNR_WFC_MT-REF-2_TC-157.dml,,,,,,,,,,NR SA,,,,,,,,,,,,,,,,,,,,,1.995007,,Connected,,,,,,,IWLAN
209,1,,,-121.9331166,47.5260749,2026-01-23 20:49:38.000,_20260123_124628_CH04_TMO_5GNR_WFC_MT-REF-2_TC-157.dml,,,,,,,,,,NR SA,,,,,,,,,,,,,,,,,,,594,,,On,Connected,-53.000000,2462,52,,,,IWLAN
210,1,,,-121.9331166,47.5260749,2026-01-23 20:49:38.735,_20260123_124628_CH04_TMO_5GNR_WFC_MT-REF-2_TC-157.dml,,,,,,,,,,,,,,,,,,,,,,,,,,,,,,-74.880859,,,,,,,,,,
211,1,,,-121.9331166,47.5260749,2026-01-23 20:49:39.000,_20260123_124628_CH04_TMO_5GNR_WFC_MT-REF-2_TC-157.dml,,,,,,,,,,NR SA,,,,,,,,,,,,,,,,,,,,,,,Connected,,,,,,,IWLAN
212,1,,,-121.9331166,47.5260749,2026-01-23 20:49:40.000,_20260123_124628_CH04_TMO_5GNR_WFC_MT-REF-2_TC-157.dml,,,,,,,,,,NR SA,,,,,,,,,,,,,,,,,,,594,,,On,Connected,-54.000000,2462,52,,,,IWLAN
213,1,,,-121.9331166,47.5260749,2026-01-23 20:49:41.000,_20260123_124628_CH04_TMO_5GNR_WFC_MT-REF-2_TC-157.dml,,,,,,,,,,NR SA,,,,,,,,,,,,,,,,,,,,,,,Connected,,,,,,,IWLAN
214,1,,,-121.9331166,47.5260749,2026-01-23 20:49:42.000,_20260123_124628_CH04_TMO_5GNR_WFC_MT-REF-2_TC-157.dml,,,,,,,,,,NR SA,,,,,,,,,,,,,,,,,,,,,,On,Connected,-53.000000,2462,58,,,,IWLAN
215,1,,,-121.9331166,47.5260749,2026-01-23 20:49:43.000,_20260123_124628_CH04_TMO_5GNR_WFC_MT-REF-2_TC-157.dml,,,,,,,,,,NR SA,,,,,,,,,,,,,,,,,,,594,,,On,Connected,-53.000000,2462,58,,,,IWLAN
216,1,,,-121.9331166,47.5260749,2026-01-23 20:49:44.000,_20260123_124628_CH04_TMO_5GNR_WFC_MT-REF-2_TC-157.dml,,,,,,,,,,NR SA,,,,,,,,,,,,,,,,,,,,,,,Connected,,,,,,,IWLAN
217,1,,,-121.9331166,47.5260749,2026-01-23 20:49:45.000,_20260123_124628_CH04_TMO_5GNR_WFC_MT-REF-2_TC-157.dml,,,,,,,,,,NR SA,,,,,,,,,,,,,,,,,,,594,,,On,Connected,-52.000000,2462,52,,,,IWLAN
218,1,,,-121.9331166,47.5260749,2026-01-23 20:49:46.000,_20260123_124628_CH04_TMO_5GNR_WFC_MT-REF-2_TC-157.dml,,,,,,,,,,NR SA,,,,,,,,,,,,,,,,,,,,,,On,Connected,-52.000000,2462,52,,,,IWLAN
219,1,,,-121.9331166,47.5260749,2026-01-23 20:49:47.000,_20260123_124628_CH04_TMO_5GNR_WFC_MT-REF-2_TC-157.dml,,,,,,,,,,NR SA,,,,,,,,,,,,,,,,,,,,,,On,Connected,-52.000000,2462,52,,,,IWLAN
220,1,,,-121.9331166,47.5260749,2026-01-23 20:49:48.000,_20260123_124628_CH04_TMO_5GNR_WFC_MT-REF-2_TC-157.dml,,,,,,,,,,NR SA,,,,,,,,,,,,,,,,,,,594,,2.836302,,Connected,,,,,,,IWLAN
221,1,,,-121.9331166,47.5260749,2026-01-23 20:49:49.000,_20260123_124628_CH04_TMO_5GNR_WFC_MT-REF-2_TC-157.dml,,,,,,,,,,NR SA,,,,,,,,,,,,,,,,,,,,,2.836302,On,Connected,-52.000000,2462,52,,,,IWLAN
222,1,,,-121.9331166,47.5260749,2026-01-23 20:49:50.000,_20260123_124628_CH04_TMO_5GNR_WFC_MT-REF-2_TC-157.dml,,,,,,,,,,NR SA,,,,,,,,,,,,,,,,,,,594,,2.836302,On,Connected,-51.500000,2462,58,,,,IWLAN
223,1,,,-121.9331166,47.5260749,2026-01-23 20:49:51.000,_20260123_124628_CH04_TMO_5GNR_WFC_MT-REF-2_TC-157.dml,,,,,,,,,,NR SA,,,,,,,,,,,,,,,,,,,,,2.836302,On,Connected,-51.000000,2462,58,,,,IWLAN
224,1,,,-121.9331166,47.5260749,2026-01-23 20:49:52.000,_20260123_124628_CH04_TMO_5GNR_WFC_MT-REF-2_TC-157.dml,,,,,,,,,,NR SA,,,,,,,,,,,,,,,,,,,,,2.836302,On,Connected,-51.000000,2462,58,,,,IWLAN
225,1,,,-121.9331166,47.5260749,2026-01-23 20:49:53.000,_20260123_124628_CH04_TMO_5GNR_WFC_MT-REF-2_TC-157.dml,,,,,,,,,,NR SA,,,,,,,,,,,,,,,,,,,594,,2.836302,,Connected,,,,,,,IWLAN
226,1,,,-121.9331166,47.5260749,2026-01-23 20:49:54.000,_20260123_124628_CH04_TMO_5GNR_WFC_MT-REF-2_TC-157.dml,,,,,,,,,,NR SA,,,,,,,,,,,,,,,,,,,,,2.836302,On,Connected,-50.000000,2462,52,,,,IWLAN
227,1,,,-121.9331166,47.5260749,2026-01-23 20:49:55.000,_20260123_124628_CH04_TMO_5GNR_WFC_MT-REF-2_TC-157.dml,,,,,,,,,,NR SA,,,,,,,,,,,,,,,,,,,,,2.836302,,Connected,,,,,,,IWLAN
228,1,,,-121.9331166,47.5260749,2026-01-23 20:49:56.000,_20260123_124628_CH04_TMO_5GNR_WFC_MT-REF-2_TC-157.dml,,,,,,,,,,NR SA,,,,,,,,,,,,,,,,,,,594,,2.836302,On,Connected,-50.500000,2462,58,,,,IWLAN
229,1,,,-121.9331166,47.5260749,2026-01-23 20:49:57.000,_20260123_124628_CH04_TMO_5GNR_WFC_MT-REF-2_TC-157.dml,,,,,,,,,,NR SA,,,,,,,,,,,,,,,,,,,,,2.836302,,Connected,,,,,,,IWLAN
230,1,,,-121.9331166,47.5260749,2026-01-23 20:49:58.000,_20260123_124628_CH04_TMO_5GNR_WFC_MT-REF-2_TC-157.dml,,,,,,,,,,NR SA,,,,,,,,,,,,,,,,,,,594,,,On,Connected,-51.000000,2462,58,,,,IWLAN
231,1,,,-121.9331166,47.5260749,2026-01-23 20:49:58.820,_20260123_124628_CH04_TMO_5GNR_WFC_MT-REF-2_TC-157.dml,,,,,,,,,,,,,,,,,,,,,,,,,,,,,,-82.036458,,,,,,,,,,
232,1,,,-121.9331166,47.5260749,2026-01-23 20:49:59.000,_20260123_124628_CH04_TMO_5GNR_WFC_MT-REF-2_TC-157.dml,,,,,,,,,,NR SA,,,,,,,,,,,,,,,,,,,,,,On,Connected,-51.000000,2462,58,,,,IWLAN
233,1,,,-121.9331166,47.5260749,2026-01-23 20:50:00.000,_20260123_124628_CH04_TMO_5GNR_WFC_MT-REF-2_TC-157.dml,,,,,,,,,,NR SA,,,,,,,,,,,,,,,,,,,,,,,Connected,,,,,,,IWLAN
234,1,,,-121.9331166,47.5260749,2026-01-23 20:50:01.000,_20260123_124628_CH04_TMO_5GNR_WFC_MT-REF-2_TC-157.dml,,,,,,,,,,NR SA,,,,,,,,,,,,,,,,,,,594,,,On,Connected,-51.000000,2462,58,,,,IWLAN
235,1,,,-121.9331166,47.5260749,2026-01-23 20:50:02.000,_20260123_124628_CH04_TMO_5GNR_WFC_MT-REF-2_TC-157.dml,,,,,,,,,,NR SA,,,,,,,,,,,,,,,,,,,,,,,Connected,,,,,,,IWLAN
236,1,,,-121.9331166,47.5260749,2026-01-23 20:50:03.000,_20260123_124628_CH04_TMO_5GNR_WFC_MT-REF-2_TC-157.dml,,,,,,,,,,NR SA,,,,,,,,,,,,,,,,,,,594,,,On,Connected,-51.000000,2462,58,,,,IWLAN
237,1,,,-121.9331166,47.5260749,2026-01-23 20:50:04.000,_20260123_124628_CH04_TMO_5GNR_WFC_MT-REF-2_TC-157.dml,,,,,,,,,,NR SA,,,,,,,,,,,,,,,,,,,,,,,Connected,,,,,,,IWLAN
238,1,,,-121.9331166,47.5260749,2026-01-23 20:50:05.000,_20260123_124628_CH04_TMO_5GNR_WFC_MT-REF-2_TC-157.dml,,,,,,,,,,NR SA,,,,,,,,,,,,,,,,,,,,,,On,Connected,-51.000000,2462,58,,,,IWLAN
239,1,,,-121.9331166,47.5260749,2026-01-23 20:50:06.000,_20260123_124628_CH04_TMO_5GNR_WFC_MT-REF-2_TC-157.dml,,,,,,,,,,NR SA,,,,,,,,,,,,,,,,,,,594,,,On,Connected,-51.000000,2462,58,,,,IWLAN
240,1,,,-121.9331166,47.5260749,2026-01-23 20:50:07.000,_20260123_124628_CH04_TMO_5GNR_WFC_MT-REF-2_TC-157.dml,,,,,,,,,,NR SA,,,,,,,,,,,,,,,,,,,594,,,,Connected,,,,,,,IWLAN
241,1,,,-121.9331166,47.5260749,2026-01-23 20:50:08.000,_20260123_124628_CH04_TMO_5GNR_WFC_MT-REF-2_TC-157.dml,,,,,,,,,,NR SA,,,,,,,,,,,,,,,,,,,594,,,On,Connected,-51.000000,2462,58,,,,IWLAN
242,1,,,-121.9331166,47.5260749,2026-01-23 20:50:09.000,_20260123_124628_CH04_TMO_5GNR_WFC_MT-REF-2_TC-157.dml,,,,,,,,,,NR SA,,,,,,,,,,,,,,,,,,,,,2.668446,On,Connected,-52.000000,2462,58,,,,IWLAN
243,1,,,-121.9331166,47.5260749,2026-01-23 20:50:10.000,_20260123_124628_CH04_TMO_5GNR_WFC_MT-REF-2_TC-157.dml,,,,,,,,,,NR SA,,,,,,,,,,,,,,,,,,,594,,2.668446,On,Connected,-52.000000,2462,58,,,,IWLAN
244,1,,,-121.9331166,47.5260749,2026-01-23 20:50:11.000,_20260123_124628_CH04_TMO_5GNR_WFC_MT-REF-2_TC-157.dml,,,,,,,,,,NR SA,,,,,,,,,,,,,,,,,,,,,2.668446,,Connected,,,,,,,IWLAN
245,1,,,-121.9331166,47.5260749,2026-01-23 20:50:12.000,_20260123_124628_CH04_TMO_5GNR_WFC_MT-REF-2_TC-157.dml,,,,,,,,,,NR SA,,,,,,,,,,,,,,,,,,,,,2.668446,On,Connected,-52.000000,2462,58,,,,IWLAN
246,1,,,-121.9331166,47.5260749,2026-01-23 20:50:13.000,_20260123_124628_CH04_TMO_5GNR_WFC_MT-REF-2_TC-157.dml,,,,,,,,,,NR SA,,,,,,,,,,,,,,,,,,,594,,2.668446,,Connected,,,,,,,IWLAN
247,1,,,-121.9331166,47.5260749,2026-01-23 20:50:14.000,_20260123_124628_CH04_TMO_5GNR_WFC_MT-REF-2_TC-157.dml,,,,,,,,,,NR SA,,,,,,,,,,,,,,,,,,,,,2.668446,On,Connected,-52.000000,2462,58,,,,IWLAN
248,1,,,-121.9331166,47.5260749,2026-01-23 20:50:15.000,_20260123_124628_CH04_TMO_5GNR_WFC_MT-REF-2_TC-157.dml,,,,,,,,,,NR SA,,,,,,,,,,,,,,,,,,,594,,2.668446,On,Connected,-52.000000,2462,52,,,,IWLAN
249,1,,,-121.9331166,47.5260749,2026-01-23 20:50:16.000,_20260123_124628_CH04_TMO_5GNR_WFC_MT-REF-2_TC-157.dml,,,,,,,,,,NR SA,,,,,,,,,,,,,,,,,,,,,2.668446,On,Connected,-52.000000,2462,52,,,,IWLAN
250,1,,,-121.9331166,47.5260749,2026-01-23 20:50:17.000,_20260123_124628_CH04_TMO_5GNR_WFC_MT-REF-2_TC-157.dml,,,,,,,,,,NR SA,,,,,,,,,,,,,,,,,,,,,2.668446,On,Connected,-52.000000,2462,52,,,,IWLAN
251,1,,,-121.9331166,47.5260749,2026-01-23 20:50:18.000,_20260123_124628_CH04_TMO_5GNR_WFC_MT-REF-2_TC-157.dml,,,,,,,,,,NR SA,,,,,,,,,,,,,,,,,,,594,,,On,Connected,-53.000000,2462,52,,,,IWLAN
252,1,,,-121.9331166,47.5260749,2026-01-23 20:50:18.611,_20260123_124628_CH04_TMO_5GNR_WFC_MT-REF-2_TC-157.dml,,,,,,,,,,,,,,,,,,,,,,,,,,,,,,-78.353516,,,,,,,,,,
253,1,,,-121.9331166,47.5260749,2026-01-23 20:50:19.000,_20260123_124628_CH04_TMO_5GNR_WFC_MT-REF-2_TC-157.dml,,,,,,,,,,NR SA,,,,,,,,,,,,,,,,,,,,,,On,Connected,-53.000000,2462,52,,,,IWLAN
254,1,,,-121.9331166,47.5260749,2026-01-23 20:50:20.000,_20260123_124628_CH04_TMO_5GNR_WFC_MT-REF-2_TC-157.dml,,,,,,,,,,NR SA,,,,,,,,,,,,,,,,,,,,,,On,Connected,-53.000000,2462,52,,,,IWLAN
255,1,,,-121.9331166,47.5260749,2026-01-23 20:50:21.000,_20260123_124628_CH04_TMO_5GNR_WFC_MT-REF-2_TC-157.dml,,,,,,,,,,NR SA,,,,,,,,,,,,,,,,,,,594,,,On,Connected,-52.000000,2462,65,,,,IWLAN
256,1,,,-121.9331166,47.5260749,2026-01-23 20:50:22.000,_20260123_124628_CH04_TMO_5GNR_WFC_MT-REF-2_TC-157.dml,,,,,,,,,,NR SA,,,,,,,,,,,,,,,,,,,,,,On,Connected,-52.000000,2462,65,,,,IWLAN
257,1,,,-121.9331166,47.5260749,2026-01-23 20:50:23.000,_20260123_124628_CH04_TMO_5GNR_WFC_MT-REF-2_TC-157.dml,,,,,,,,,,NR SA,,,,,,,,,,,,,,,,,,,594,,,,Connected,,,,,,,IWLAN
258,1,,,-121.9331166,47.5260749,2026-01-23 20:50:24.000,_20260123_124628_CH04_TMO_5GNR_WFC_MT-REF-2_TC-157.dml,,,,,,,,,,NR SA,,,,,,,,,,,,,,,,,,,,,,On,Connected,-52.000000,2462,52,,,,IWLAN
259,1,,,-121.9331166,47.5260749,2026-01-23 20:50:25.000,_20260123_124628_CH04_TMO_5GNR_WFC_MT-REF-2_TC-157.dml,,,,,,,,,,NR SA,,,,,,,,,,,,,,,,,,,,,,On,Connected,-52.000000,2462,52,,,,IWLAN
260,1,,,-121.9331166,47.5260749,2026-01-23 20:50:26.000,_20260123_124628_CH04_TMO_5GNR_WFC_MT-REF-2_TC-157.dml,,,,,,,,,,NR SA,,,,,,,,,,,,,,,,,,,594,,,On,Connected,-52.000000,2462,52,,,,IWLAN
261,1,,,-121.9331166,47.5260749,2026-01-23 20:50:27.000,_20260123_124628_CH04_TMO_5GNR_WFC_MT-REF-2_TC-157.dml,,,,,,,,,,NR SA,,,,,,,,,,,,,,,,,,,,,,On,Connected,-51.000000,2462,58,,,,IWLAN
262,1,,,-121.9331166,47.5260749,2026-01-23 20:50:28.297,_20260123_124628_CH04_TMO_5GNR_WFC_MT-REF-2_TC-157.dml,,,,,,,,,,,,,,,,,,,,,,,[Tool] Voice - Pair Channel Call Drop,,,,,,,,,,,,,,,,,
263,1,,,-121.9331166,47.5260749,2026-01-23 20:50:28.297,_20260123_124628_CH04_TMO_5GNR_WFC_MT-REF-2_TC-157.dml,,,,,,,,,,,,,,,,,,,,,,,[Tool] Voice - Release Call Request,,,,,,,,,,,,,,,,,
264,1,,,-121.9331166,47.5260749,2026-01-23 20:50:28.000,_20260123_124628_CH04_TMO_5GNR_WFC_MT-REF-2_TC-157.dml,,,,,,,,,,NR SA,,,,,,,,,,,,,,,,,,,594,,,On,Connected,-51.000000,2462,58,,,,IWLAN
265,1,,,-121.9331166,47.5260749,2026-01-23 20:50:29.045,_20260123_124628_CH04_TMO_5GNR_WFC_MT-REF-2_TC-157.dml,,,,,,,,,,,,,,,,,,,,,,Complete,[Tool] Voice - Call Result : Complete,,,,,,,,,,,,,,,,,
266,1,,,-121.9331166,47.5260749,2026-01-23 20:50:29.045,_20260123_124628_CH04_TMO_5GNR_WFC_MT-REF-2_TC-157.dml,,,,,,,,,,,,,,,,,,,,,,,[UE]   Voice - Release Call Success,,,,,,,,,,,,,,,,,
267,1,,,-121.9331166,47.5260749,2026-01-23 20:50:29.000,_20260123_124628_CH04_TMO_5GNR_WFC_MT-REF-2_TC-157.dml,,,,,,,,,,,,,,,,,,,,,,,,1,,,,,,,,,Connected,,,,,,,IWLAN
268,1,,,-121.9331166,47.5260749,2026-01-23 20:50:29.725,_20260123_124628_CH04_TMO_5GNR_WFC_MT-REF-2_TC-157.dml,,,,,,,,,,,,,,,,,,,,,,,[UE]   Voice - Release Call Success,,,,,,,,,,,,,,,,,
269,1,,,-121.9331166,47.5260749,2026-01-23 20:50:30.000,_20260123_124628_CH04_TMO_5GNR_WFC_MT-REF-2_TC-157.dml,,,,,,,,,,,,,,,,,,,,,,,,,,,,,,,,On,Connected,-51.000000,2462,78,,,,IWLAN
270,1,,,-121.9331166,47.5260749,2026-01-23 20:50:31.000,_20260123_124628_CH04_TMO_5GNR_WFC_MT-REF-2_TC-157.dml,,,,,,,,,,,,,,,,,,,,,,,,,,,,,594,,,On,Connected,-51.000000,2462,78,,,,IWLAN
271,1,,,-121.9331166,47.5260749,2026-01-23 20:50:32.000,_20260123_124628_CH04_TMO_5GNR_WFC_MT-REF-2_TC-157.dml,,,,,,,,,,,,,,,,,,,,,,,,,,,,,,,,On,Connected,-51.000000,2462,78,,,,IWLAN
272,1,,,-121.9331166,47.5260749,2026-01-23 20:50:33.000,_20260123_124628_CH04_TMO_5GNR_WFC_MT-REF-2_TC-157.dml,,,,,,,,,,,,,,,,,,,,,,,,,,,,,594,,,On,Connected,-58.000000,2462,58,,,,IWLAN
273,1,,,-121.9331166,47.5260749,2026-01-23 20:50:34.000,_20260123_124628_CH04_TMO_5GNR_WFC_MT-REF-2_TC-157.dml,,,,,,,,,,,,,,,,,,,,,,,,,,,,,,,,On,Connected,-58.000000,2462,58,,,,IWLAN
274,1,,,-121.9331166,47.5260749,2026-01-23 20:50:35.000,_20260123_124628_CH04_TMO_5GNR_WFC_MT-REF-2_TC-157.dml,,,,,,,,,,,,,,,,,,,,,,,,,,,,,,,,On,Connected,-58.000000,2462,58,,,,IWLAN
275,1,,,-121.9331166,47.5260749,2026-01-23 20:50:36.000,_20260123_124628_CH04_TMO_5GNR_WFC_MT-REF-2_TC-157.dml,,,,,,,,,,,,,,,,,,,,,,,,,,,,,594,,,On,Connected,-57.000000,2462,58,,,,IWLAN
276,1,,,-121.9331166,47.5260749,2026-01-23 20:50:37.000,_20260123_124628_CH04_TMO_5GNR_WFC_MT-REF-2_TC-157.dml,,,,,,,,,,,,,,,,,,,,,,,,,,,,,,,,On,Connected,-57.000000,2462,58,,,,IWLAN
277,1,,,-121.9331166,47.5260749,2026-01-23 20:50:38.000,_20260123_124628_CH04_TMO_5GNR_WFC_MT-REF-2_TC-157.dml,,,,,,,,,,,,,,,,,,,,,,,,,,,,,594,,,On,Connected,-57.000000,2462,58,,,,IWLAN
278,1,,,-121.9331166,47.5260749,2026-01-23 20:50:39.000,_20260123_124628_CH04_TMO_5GNR_WFC_MT-REF-2_TC-157.dml,,,,,,,,,,,,,,,,,,,,,,,,,,,,,,,,On,Connected,-53.000000,2462,58,,,,IWLAN
279,1,,,-121.9331166,47.5260749,2026-01-23 20:50:40.000,_20260123_124628_CH04_TMO_5GNR_WFC_MT-REF-2_TC-157.dml,,,,,,,,,,,,,,,,,,,,,,,,,,,,,,,,On,Connected,-53.000000,2462,58,,,,IWLAN
280,1,,,-121.9331166,47.5260749,2026-01-23 20:50:41.000,_20260123_124628_CH04_TMO_5GNR_WFC_MT-REF-2_TC-157.dml,,,,,,,,,,,,,,,,,,,,,,,,,,,,,594,,,On,Connected,-53.000000,2462,58,,,,IWLAN
281,1,,,-121.9331166,47.5260749,2026-01-23 20:50:42.000,_20260123_124628_CH04_TMO_5GNR_WFC_MT-REF-2_TC-157.dml,,,,,,,,,,,,,,,,,,,,,,,,,,,,,,,,On,Connected,-52.000000,2462,58,,,,IWLAN
282,1,,,-121.9331166,47.5260749,2026-01-23 20:50:43.000,_20260123_124628_CH04_TMO_5GNR_WFC_MT-REF-2_TC-157.dml,,,,,,,,,,,,,,,,,,,,,,,,,,,,,,,,On,Connected,-52.000000,2462,58,,,,IWLAN
283,1,,,-121.9331166,47.5260749,2026-01-23 20:50:44.000,_20260123_124628_CH04_TMO_5GNR_WFC_MT-REF-2_TC-157.dml,,,,,,,,,,,,,,,,,,,,,,,,,,,,,594,,,On,Connected,-52.000000,2462,58,,,,IWLAN
284,1,,,-121.9331166,47.5260749,2026-01-23 20:50:45.000,_20260123_124628_CH04_TMO_5GNR_WFC_MT-REF-2_TC-157.dml,,,,,,,,,,,,,,,,,,,,,,,,,,,,,,,,On,Connected,-52.000000,2462,58,,,,IWLAN
285,1,,,-121.9331166,47.5260749,2026-01-23 20:50:46.000,_20260123_124628_CH04_TMO_5GNR_WFC_MT-REF-2_TC-157.dml,,,,,,,,,,,,,,,,,,,,,,,,,,,,,594,,,On,Connected,-52.000000,2462,58,,,,IWLAN
286,1,,,-121.9331166,47.5260749,2026-01-23 20:50:47.000,_20260123_124628_CH04_TMO_5GNR_WFC_MT-REF-2_TC-157.dml,,,,,,,,,,,,,,,,,,,,,,,,,,,,,,,,On,Connected,-52.000000,2462,58,,,,IWLAN
287,1,,,-121.9331166,47.5260749,2026-01-23 20:50:48.000,_20260123_124628_CH04_TMO_5GNR_WFC_MT-REF-2_TC-157.dml,,,,,,,,,,,,,,,,,,,,,,,,,,,,,,,,On,Connected,-56.000000,2462,58,,,,IWLAN
288,1,,,-121.9331166,47.5260749,2026-01-23 20:50:49.000,_20260123_124628_CH04_TMO_5GNR_WFC_MT-REF-2_TC-157.dml,,,,,,,,,,,,,,,,,,,,,,,,,,,,,594,,,On,Connected,-56.000000,2462,58,,,,IWLAN
289,1,,,-121.9331166,47.5260749,2026-01-23 20:50:50.000,_20260123_124628_CH04_TMO_5GNR_WFC_MT-REF-2_TC-157.dml,,,,,,,,,,,,,,,,,,,,,,,,,,,,,,,,On,Connected,-56.000000,2462,58,,,,IWLAN
290,1,,,-121.9331166,47.5260749,2026-01-23 20:50:51.000,_20260123_124628_CH04_TMO_5GNR_WFC_MT-REF-2_TC-157.dml,,,,,,,,,,,,,,,,,,,,,,,,,,,,,594,,,On,Connected,-58.000000,2462,58,,,,IWLAN
291,1,,,-121.9331166,47.5260749,2026-01-23 20:50:52.000,_20260123_124628_CH04_TMO_5GNR_WFC_MT-REF-2_TC-157.dml,,,,,,,,,,,,,,,,,,,,,,,,,,,,,,,,On,Connected,-58.000000,2462,58,,,,IWLAN
292,1,,,-121.9331166,47.5260749,2026-01-23 20:50:53.000,_20260123_124628_CH04_TMO_5GNR_WFC_MT-REF-2_TC-157.dml,,,,,,,,,,,,,,,,,,,,,,,,,,,,,594,,,On,Connected,-58.000000,2462,58,,,,IWLAN
293,1,,,-121.9331166,47.5260749,2026-01-23 20:50:54.000,_20260123_124628_CH04_TMO_5GNR_WFC_MT-REF-2_TC-157.dml,,,,,,,,,,,,,,,,,,,,,,,,,,,,,594,,,On,Connected,-58.000000,2462,58,,,,IWLAN
294,1,,,-121.9331166,47.5260749,2026-01-23 20:50:55.000,_20260123_124628_CH04_TMO_5GNR_WFC_MT-REF-2_TC-157.dml,,,,,,,,,,,,,,,,,,,,,,,,,,,,,,,,On,Connected,-58.000000,2462,58,,,,IWLAN
295,1,,,-121.9331166,47.5260749,2026-01-23 20:50:56.000,_20260123_124628_CH04_TMO_5GNR_WFC_MT-REF-2_TC-157.dml,,,,,,,,,,,,,,,,,,,,,,,,,,,,,594,,,On,Connected,-58.000000,2462,58,,,,IWLAN
296,1,,,-121.9331166,47.5260749,2026-01-23 20:50:56.547,_20260123_124628_CH04_TMO_5GNR_WFC_MT-REF-2_TC-157.dml,,,,,,,,,,,,,,,,,,,,,,,[Tool] Voice - Release Call Request,,,,,,,,,,,,,,,,,
297,1,,,-121.9331166,47.5260749,2026-01-23 20:50:57.000,_20260123_124628_CH04_TMO_5GNR_WFC_MT-REF-2_TC-157.dml,,,,,,,,,,,,,,,,,,,,,,,,,,,,,,,,On,Connected,-56.000000,2462,58,,,,IWLAN
298,1,,,-121.9331166,47.5260749,2026-01-23 20:50:58.000,_20260123_124628_CH04_TMO_5GNR_WFC_MT-REF-2_TC-157.dml,,,,,,,,,,,,,,,,,,,,,,,,,,,,,,,,On,Connected,-56.000000,2462,58,,,,IWLAN
299,1,,,-121.9331166,47.5260749,2026-01-23 20:50:59.059,_20260123_124628_CH04_TMO_5GNR_WFC_MT-REF-2_TC-157.dml,,,,,,,,,,,,,,,,,,,,,,,[Tool] Voice - Call Scheduling End,,,,,,,,,,,,,,,,,
300,1,,,-121.9331166,47.5260749,2026-01-23 20:50:59.059,_20260123_124628_CH04_TMO_5GNR_WFC_MT-REF-2_TC-157.dml,NR SA,Voice,Complete,NR SA,NR SA,Qualcomm,,354877970012475,,,,,,,,,Complete,Termination,Complete,,,,,,,,,90.016999,,,,,,,,,,EPSFB,,
301,1,,,-121.9331166,47.5260749,2026-01-23 20:50:59.059,_20260123_124628_CH04_TMO_5GNR_WFC_MT-REF-2_TC-157.dml,,,,,,,,,,,,,,,,,,,,,,,[Tool] Voice - Release Call Request,,,,,,,,,,,,,,,,,
302,1,,,-121.9331166,47.5260749,2026-01-23 20:50:59.000,_20260123_124628_CH04_TMO_5GNR_WFC_MT-REF-2_TC-157.dml,,,,,,,,,,,,,,,,,,,,,,,,,,,,,594,,,On,Connected,-56.000000,2462,58,,,,IWLAN
303,1,,,-121.9331166,47.5260749,2026-01-23 20:50:59.554,_20260123_124628_CH04_TMO_5GNR_WFC_MT-REF-2_TC-157.dml,,,,,,,,,,,,,,,,,,,,,,,[Tool] Voice - Call Scheduling Start(Term),,,,,,,,,,,,,,,,,
304,1,,,-121.9331166,47.5260749,2026-01-23 20:50:59.554,_20260123_124628_CH04_TMO_5GNR_WFC_MT-REF-2_TC-157.dml,,,,,,,,,,,,,,,,,,,,,,,[Tool] Voice - Wait Page,,,,,,,,,,,,,,,,,
305,1,,,-121.9331166,47.5260749,2026-01-23 20:51:00.000,_20260123_124628_CH04_TMO_5GNR_WFC_MT-REF-2_TC-157.dml,,,,,,,,,,,,,,,,,,,,,,,,,,,,,,,,On,Connected,-58.000000,2462,58,,,,IWLAN
306,1,,,-121.9331166,47.5260749,2026-01-23 20:51:01.000,_20260123_124628_CH04_TMO_5GNR_WFC_MT-REF-2_TC-157.dml,,,,,,,,,,,,,,,,,,,,,,,,,,,,,,,,On,Connected,-58.000000,2462,58,,,,IWLAN
307,1,,,-121.9331166,47.5260749,2026-01-23 20:51:02.000,_20260123_124628_CH04_TMO_5GNR_WFC_MT-REF-2_TC-157.dml,,,,,,,,,,,,,,,,,,,,,,,,,,,,,594,,,On,Connected,-58.000000,2462,58,,,,IWLAN
308,1,,,-121.9331166,47.5260749,2026-01-23 20:51:03.000,_20260123_124628_CH04_TMO_5GNR_WFC_MT-REF-2_TC-157.dml,,,,,,,,,,,,,,,,,,,,,,,,,,,,,,,,On,Connected,-55.000000,2462,58,,,,IWLAN
309,1,,,-121.9331166,47.5260749,2026-01-23 20:51:04.000,_20260123_124628_CH04_TMO_5GNR_WFC_MT-REF-2_TC-157.dml,,,,,,,,,,,,,,,,,,,,,,,,,,,,,594,,,On,Connected,-55.000000,2462,58,,,,IWLAN
310,1,,,-121.9331166,47.5260749,2026-01-23 20:51:04.797,_20260123_124628_CH04_TMO_5GNR_WFC_MT-REF-2_TC-157.dml,,,,,,,,,,,,,,,,,,,,,,,[Tool] Voice - Answer Request,,,,,,,,,,,,,,,,,
311,1,,,-121.9331166,47.5260749,2026-01-23 20:51:05.000,_20260123_124628_CH04_TMO_5GNR_WFC_MT-REF-2_TC-157.dml,,,,,,,,,,,,,,,,,,,,,,,,,,,,,,,,On,Connected,-55.000000,2462,58,,,,IWLAN
312,1,,,-121.9331166,47.5260749,2026-01-23 20:51:05.766,_20260123_124628_CH04_TMO_5GNR_WFC_MT-REF-2_TC-157.dml,,,,,,,,,,,,,,,,,,,,,,,[UE]   Voice - Setup Success,,,,,,,,,,,,,,,,,
313,1,,,-121.9331166,47.5260749,2026-01-23 20:51:06.000,_20260123_124628_CH04_TMO_5GNR_WFC_MT-REF-2_TC-157.dml,,,,,,,,,,NR SA,,,,,,,,,,,,,,,,,,,,,,On,Connected,-57.000000,2462,58,,,,IWLAN
314,1,,,-121.9331166,47.5260749,2026-01-23 20:51:07.000,_20260123_124628_CH04_TMO_5GNR_WFC_MT-REF-2_TC-157.dml,,,,,,,,,,NR SA,,,,,,,,,,,,,,,,,,,594,,,On,Connected,-57.000000,2462,58,,,,IWLAN
315,1,,,-121.9331166,47.5260749,2026-01-23 20:51:08.000,_20260123_124628_CH04_TMO_5GNR_WFC_MT-REF-2_TC-157.dml,,,,,,,,,,NR SA,,,,,,,,,,,,,,,,,,,,,,On,Connected,-57.000000,2462,58,,,,IWLAN
316,1,,,-121.9331166,47.5260749,2026-01-23 20:51:09.000,_20260123_124628_CH04_TMO_5GNR_WFC_MT-REF-2_TC-157.dml,,,,,,,,,,NR SA,,,,,,,,,,,,,,,,,,,594,,,On,Connected,-53.000000,2462,58,,,,IWLAN
317,1,,,-121.9331166,47.5260749,2026-01-23 20:51:10.000,_20260123_124628_CH04_TMO_5GNR_WFC_MT-REF-2_TC-157.dml,,,,,,,,,,NR SA,,,,,,,,,,,,,,,,,,,,,,On,Connected,-53.000000,2462,58,,,,IWLAN
318,1,,,-121.9331166,47.5260749,2026-01-23 20:51:11.000,_20260123_124628_CH04_TMO_5GNR_WFC_MT-REF-2_TC-157.dml,,,,,,,,,,NR SA,,,,,,,,,,,,,,,,,,,,,,On,Connected,-53.000000,2462,58,,,,IWLAN
319,1,,,-121.9331166,47.5260749,2026-01-23 20:51:12.000,_20260123_124628_CH04_TMO_5GNR_WFC_MT-REF-2_TC-157.dml,,,,,,,,,,NR SA,,,,,,,,,,,,,,,,,,,594,,,On,Connected,-52.000000,2462,58,,,,IWLAN
320,1,,,-121.9331166,47.5260749,2026-01-23 20:51:13.000,_20260123_124628_CH04_TMO_5GNR_WFC_MT-REF-2_TC-157.dml,,,,,,,,,,NR SA,,,,,,,,,,,,,,,,,,,,,,On,Connected,-52.000000,2462,58,,,,IWLAN
321,1,,,-121.9331166,47.5260749,2026-01-23 20:51:14.000,_20260123_124628_CH04_TMO_5GNR_WFC_MT-REF-2_TC-157.dml,,,,,,,,,,NR SA,,,,,,,,,,,,,,,,,,,594,,,On,Connected,-52.000000,2462,58,,,,IWLAN
322,1,,,-121.9331166,47.5260749,2026-01-23 20:51:15.000,_20260123_124628_CH04_TMO_5GNR_WFC_MT-REF-2_TC-157.dml,,,,,,,,,,NR SA,,,,,,,,,,,,,,,,,,,,,,On,Connected,-53.000000,2462,58,,,,IWLAN
323,1,,,-121.9331166,47.5260749,2026-01-23 20:51:16.000,_20260123_124628_CH04_TMO_5GNR_WFC_MT-REF-2_TC-157.dml,,,,,,,,,,NR SA,,,,,,,,,,,,,,,,,,,,,2.407594,On,Connected,-53.000000,2462,58,,,,IWLAN
324,1,,,-121.9331166,47.5260749,2026-01-23 20:51:17.000,_20260123_124628_CH04_TMO_5GNR_WFC_MT-REF-2_TC-157.dml,,,,,,,,,,NR SA,,,,,,,,,,,,,,,,,,,594,,2.407594,On,Connected,-53.000000,2462,58,,,,IWLAN
325,1,,,-121.9331166,47.5260749,2026-01-23 20:51:18.000,_20260123_124628_CH04_TMO_5GNR_WFC_MT-REF-2_TC-157.dml,,,,,,,,,,NR SA,,,,,,,,,,,,,,,,,,,,,2.407594,On,Connected,-53.000000,2462,58,,,,IWLAN
326,1,,,-121.9331166,47.5260749,2026-01-23 20:51:19.000,_20260123_124628_CH04_TMO_5GNR_WFC_MT-REF-2_TC-157.dml,,,,,,,,,,NR SA,,,,,,,,,,,,,,,,,,,594,,2.407594,On,Connected,-53.000000,2462,58,,,,IWLAN
327,1,,,-121.9331166,47.5260749,2026-01-23 20:51:20.000,_20260123_124628_CH04_TMO_5GNR_WFC_MT-REF-2_TC-157.dml,,,,,,,,,,NR SA,,,,,,,,,,,,,,,,,,,,,2.407594,On,Connected,-53.000000,2462,58,,,,IWLAN
328,1,,,-121.9331166,47.5260749,2026-01-23 20:51:21.000,_20260123_124628_CH04_TMO_5GNR_WFC_MT-REF-2_TC-157.dml,,,,,,,,,,NR SA,,,,,,,,,,,,,,,,,,,,,2.407594,On,Connected,-52.000000,2462,52,,,,IWLAN
329,1,,,-121.9331166,47.5260749,2026-01-23 20:51:22.000,_20260123_124628_CH04_TMO_5GNR_WFC_MT-REF-2_TC-157.dml,,,,,,,,,,NR SA,,,,,,,,,,,,,,,,,,,594,,2.407594,On,Connected,-52.000000,2462,52,,,,IWLAN
330,1,,,-121.9331166,47.5260749,2026-01-23 20:51:23.000,_20260123_124628_CH04_TMO_5GNR_WFC_MT-REF-2_TC-157.dml,,,,,,,,,,NR SA,,,,,,,,,,,,,,,,,,,,,2.407594,On,Connected,-52.000000,2462,52,,,,IWLAN
331,1,,,-121.9331166,47.5260749,2026-01-23 20:51:24.000,_20260123_124628_CH04_TMO_5GNR_WFC_MT-REF-2_TC-157.dml,,,,,,,,,,NR SA,,,,,,,,,,,,,,,,,,,,,2.407594,On,Connected,-52.000000,2462,58,,,,IWLAN
332,1,,,-121.9331166,47.5260749,2026-01-23 20:51:25.000,_20260123_124628_CH04_TMO_5GNR_WFC_MT-REF-2_TC-157.dml,,,,,,,,,,NR SA,,,,,,,,,,,,,,,,,,,594,,2.407594,On,Connected,-52.000000,2462,58,,,,IWLAN
333,1,,,-121.9331166,47.5260749,2026-01-23 20:51:26.771,_20260123_124628_CH04_TMO_5GNR_WFC_MT-REF-2_TC-157.dml,,,,,,,,,,,,,,,,,,,,,,,,,,,,,,-77.638672,,,,,,,,,,
334,1,,,-121.9331166,47.5260749,2026-01-23 20:51:26.000,_20260123_124628_CH04_TMO_5GNR_WFC_MT-REF-2_TC-157.dml,,,,,,,,,,NR SA,,,,,,,,,,,,,,,,,,,,,,On,Connected,-52.000000,2462,58,,,,IWLAN
335,1,,,-121.9331166,47.5260749,2026-01-23 20:51:27.000,_20260123_124628_CH04_TMO_5GNR_WFC_MT-REF-2_TC-157.dml,,,,,,,,,,NR SA,,,,,,,,,,,,,,,,,,,594,,,On,Connected,-52.000000,2462,78,,,,IWLAN
336,1,,,-121.9331166,47.5260749,2026-01-23 20:51:28.000,_20260123_124628_CH04_TMO_5GNR_WFC_MT-REF-2_TC-157.dml,,,,,,,,,,NR SA,,,,,,,,,,,,,,,,,,,,,,On,Connected,-52.000000,2462,78,,,,IWLAN
337,1,,,-121.9331166,47.5260749,2026-01-23 20:51:29.000,_20260123_124628_CH04_TMO_5GNR_WFC_MT-REF-2_TC-157.dml,,,,,,,,,,NR SA,,,,,,,,,,,,,,,,,,,,,,On,Connected,-52.000000,2462,78,,,,IWLAN
338,1,,,-121.9331166,47.5260749,2026-01-23 20:51:30.000,_20260123_124628_CH04_TMO_5GNR_WFC_MT-REF-2_TC-157.dml,,,,,,,,,,NR SA,,,,,,,,,,,,,,,,,,,594,,,On,Connected,-51.000000,2462,58,,,,IWLAN
339,1,,,-121.9331166,47.5260749,2026-01-23 20:51:31.000,_20260123_124628_CH04_TMO_5GNR_WFC_MT-REF-2_TC-157.dml,,,,,,,,,,NR SA,,,,,,,,,,,,,,,,,,,,,,On,Connected,-51.000000,2462,58,,,,IWLAN
340,1,,,-121.9331166,47.5260749,2026-01-23 20:51:32.000,_20260123_124628_CH04_TMO_5GNR_WFC_MT-REF-2_TC-157.dml,,,,,,,,,,NR SA,,,,,,,,,,,,,,,,,,,594,,,On,Connected,-51.000000,2462,58,,,,IWLAN
341,1,,,-121.9331166,47.5260749,2026-01-23 20:51:33.000,_20260123_124628_CH04_TMO_5GNR_WFC_MT-REF-2_TC-157.dml,,,,,,,,,,NR SA,,,,,,,,,,,,,,,,,,,,,,On,Connected,-52.000000,2462,58,,,,IWLAN
342,1,,,-121.9331166,47.5260749,2026-01-23 20:51:34.000,_20260123_124628_CH04_TMO_5GNR_WFC_MT-REF-2_TC-157.dml,,,,,,,,,,NR SA,,,,,,,,,,,,,,,,,,,,,,On,Connected,-52.000000,2462,58,,,,IWLAN
343,1,,,-121.9331166,47.5260749,2026-01-23 20:51:35.000,_20260123_124628_CH04_TMO_5GNR_WFC_MT-REF-2_TC-157.dml,,,,,,,,,,NR SA,,,,,,,,,,,,,,,,,,,594,,,On,Connected,-52.000000,2462,58,,,,IWLAN
344,1,,,-121.9331166,47.5260749,2026-01-23 20:51:36.000,_20260123_124628_CH04_TMO_5GNR_WFC_MT-REF-2_TC-157.dml,,,,,,,,,,NR SA,,,,,,,,,,,,,,,,,,,,,2.386412,On,Connected,-51.000000,2462,52,,,,IWLAN
345,1,,,-121.9331166,47.5260749,2026-01-23 20:51:37.000,_20260123_124628_CH04_TMO_5GNR_WFC_MT-REF-2_TC-157.dml,,,,,,,,,,NR SA,,,,,,,,,,,,,,,,,,,,,2.386412,On,Connected,-51.000000,2462,52,,,,IWLAN
346,1,,,-121.9331166,47.5260749,2026-01-23 20:51:38.000,_20260123_124628_CH04_TMO_5GNR_WFC_MT-REF-2_TC-157.dml,,,,,,,,,,NR SA,,,,,,,,,,,,,,,,,,,594,,2.386412,On,Connected,-51.000000,2462,52,,,,IWLAN
347,1,,,-121.9331166,47.5260749,2026-01-23 20:51:39.000,_20260123_124628_CH04_TMO_5GNR_WFC_MT-REF-2_TC-157.dml,,,,,,,,,,NR SA,,,,,,,,,,,,,,,,,,,,,2.386412,On,Connected,-51.000000,2462,39,,,,IWLAN
348,1,,,-121.9331166,47.5260749,2026-01-23 20:51:40.000,_20260123_124628_CH04_TMO_5GNR_WFC_MT-REF-2_TC-157.dml,,,,,,,,,,NR SA,,,,,,,,,,,,,,,,,,,594,,2.386412,On,Connected,-51.000000,2462,39,,,,IWLAN
349,1,,,-121.9331166,47.5260749,2026-01-23 20:51:41.000,_20260123_124628_CH04_TMO_5GNR_WFC_MT-REF-2_TC-157.dml,,,,,,,,,,NR SA,,,,,,,,,,,,,,,,,,,594,,2.386412,On,Connected,-51.000000,2462,39,,,,IWLAN
350,1,,,-121.9331166,47.5260749,2026-01-23 20:51:42.000,_20260123_124628_CH04_TMO_5GNR_WFC_MT-REF-2_TC-157.dml,,,,,,,,,,NR SA,,,,,,,,,,,,,,,,,,,,,2.386412,On,Connected,-55.000000,2462,39,,,,IWLAN
351,1,,,-121.9331166,47.5260749,2026-01-23 20:51:43.000,_20260123_124628_CH04_TMO_5GNR_WFC_MT-REF-2_TC-157.dml,,,,,,,,,,NR SA,,,,,,,,,,,,,,,,,,,594,,2.386412,On,Connected,-55.000000,2462,39,,,,IWLAN
352,1,,,-121.9331166,47.5260749,2026-01-23 20:51:44.000,_20260123_124628_CH04_TMO_5GNR_WFC_MT-REF-2_TC-157.dml,,,,,,,,,,NR SA,,,,,,,,,,,,,,,,,,,,,2.386412,On,Connected,-55.000000,2462,39,,,,IWLAN
353,1,,,-121.9331166,47.5260749,2026-01-23 20:51:45.000,_20260123_124628_CH04_TMO_5GNR_WFC_MT-REF-2_TC-157.dml,,,,,,,,,,NR SA,,,,,,,,,,,,,,,,,,,,,2.386412,On,Connected,-56.000000,2462,39,,,,IWLAN
354,1,,,-121.9331166,47.5260749,2026-01-23 20:51:46.000,_20260123_124628_CH04_TMO_5GNR_WFC_MT-REF-2_TC-157.dml,,,,,,,,,,NR SA,,,,,,,,,,,,,,,,,,,594,,,On,Connected,-56.000000,2462,39,,,,IWLAN
355,1,,,-121.9331166,47.5260749,2026-01-23 20:51:46.820,_20260123_124628_CH04_TMO_5GNR_WFC_MT-REF-2_TC-157.dml,,,,,,,,,,,,,,,,,,,,,,,,,,,,,,-72.837358,,,,,,,,,,
356,1,,,-121.9331166,47.5260749,2026-01-23 20:51:47.000,_20260123_124628_CH04_TMO_5GNR_WFC_MT-REF-2_TC-157.dml,,,,,,,,,,NR SA,,,,,,,,,,,,,,,,,,,594,,,On,Connected,-56.000000,2462,39,,,,IWLAN
357,1,,,-121.9331166,47.5260749,2026-01-23 20:51:48.000,_20260123_124628_CH04_TMO_5GNR_WFC_MT-REF-2_TC-157.dml,,,,,,,,,,NR SA,,,,,,,,,,,,,,,,,,,,,,On,Connected,-57.000000,2462,39,,,,IWLAN
358,1,,,-121.9331166,47.5260749,2026-01-23 20:51:49.000,_20260123_124628_CH04_TMO_5GNR_WFC_MT-REF-2_TC-157.dml,,,,,,,,,,NR SA,,,,,,,,,,,,,,,,,,,,,,On,Connected,-57.000000,2462,39,,,,IWLAN
359,1,,,-121.9331166,47.5260749,2026-01-23 20:51:50.000,_20260123_124628_CH04_TMO_5GNR_WFC_MT-REF-2_TC-157.dml,,,,,,,,,,NR SA,,,,,,,,,,,,,,,,,,,594,,,On,Connected,-57.000000,2462,39,,,,IWLAN
360,1,,,-121.9331166,47.5260749,2026-01-23 20:51:51.000,_20260123_124628_CH04_TMO_5GNR_WFC_MT-REF-2_TC-157.dml,,,,,,,,,,NR SA,,,,,,,,,,,,,,,,,,,,,,On,Connected,-52.000000,2462,52,,,,IWLAN
361,1,,,-121.9331166,47.5260749,2026-01-23 20:51:52.000,_20260123_124628_CH04_TMO_5GNR_WFC_MT-REF-2_TC-157.dml,,,,,,,,,,NR SA,,,,,,,,,,,,,,,,,,,594,,,On,Connected,-52.000000,2462,52,,,,IWLAN
362,1,,,-121.9331166,47.5260749,2026-01-23 20:51:53.000,_20260123_124628_CH04_TMO_5GNR_WFC_MT-REF-2_TC-157.dml,,,,,,,,,,NR SA,,,,,,,,,,,,,,,,,,,,,,On,Connected,-52.000000,2462,52,,,,IWLAN
363,1,,,-121.9331166,47.5260749,2026-01-23 20:51:54.000,_20260123_124628_CH04_TMO_5GNR_WFC_MT-REF-2_TC-157.dml,,,,,,,,,,NR SA,,,,,,,,,,,,,,,,,,,,,,On,Connected,-55.000000,2462,26,,,,IWLAN
364,1,,,-121.9331166,47.5260749,2026-01-23 20:51:55.000,_20260123_124628_CH04_TMO_5GNR_WFC_MT-REF-2_TC-157.dml,,,,,,,,,,NR SA,,,,,,,,,,,,,,,,,,,594,,,On,Connected,-55.000000,2462,26,,,,IWLAN
365,1,,,-121.9331166,47.5260749,2026-01-23 20:51:56.000,_20260123_124628_CH04_TMO_5GNR_WFC_MT-REF-2_TC-157.dml,,,,,,,,,,NR SA,,,,,,,,,,,,,,,,,,,594,,2.231656,On,Connected,-55.000000,2462,26,,,,IWLAN
366,1,,,-121.9331166,47.5260749,2026-01-23 20:51:57.000,_20260123_124628_CH04_TMO_5GNR_WFC_MT-REF-2_TC-157.dml,,,,,,,,,,NR SA,,,,,,,,,,,,,,,,,,,,,2.231656,On,Connected,-53.000000,2462,52,,,,IWLAN
367,1,,,-121.9331166,47.5260749,2026-01-23 20:51:58.000,_20260123_124628_CH04_TMO_5GNR_WFC_MT-REF-2_TC-157.dml,,,,,,,,,,NR SA,,,,,,,,,,,,,,,,,,,,,2.231656,On,Connected,-53.000000,2462,52,,,,IWLAN
368,1,,,-121.9331166,47.5260749,2026-01-23 20:51:59.000,_20260123_124628_CH04_TMO_5GNR_WFC_MT-REF-2_TC-157.dml,,,,,,,,,,NR SA,,,,,,,,,,,,,,,,,,,594,,2.231656,On,Connected,-53.000000,2462,52,,,,IWLAN
369,1,,,-121.9331166,47.5260749,2026-01-23 20:52:00.000,_20260123_124628_CH04_TMO_5GNR_WFC_MT-REF-2_TC-157.dml,,,,,,,,,,NR SA,,,,,,,,,,,,,,,,,,,,,2.231656,On,Connected,-53.000000,2462,26,,,,IWLAN
370,1,,,-121.9331166,47.5260749,2026-01-23 20:52:01.000,_20260123_124628_CH04_TMO_5GNR_WFC_MT-REF-2_TC-157.dml,,,,,,,,,,NR SA,,,,,,,,,,,,,,,,,,,594,,2.231656,On,Connected,-53.000000,2462,26,,,,IWLAN
371,1,,,-121.9331166,47.5260749,2026-01-23 20:52:02.000,_20260123_124628_CH04_TMO_5GNR_WFC_MT-REF-2_TC-157.dml,,,,,,,,,,NR SA,,,,,,,,,,,,,,,,,,,,,2.231656,On,Connected,-53.000000,2462,26,,,,IWLAN
372,1,,,-121.9331166,47.5260749,2026-01-23 20:52:03.000,_20260123_124628_CH04_TMO_5GNR_WFC_MT-REF-2_TC-157.dml,,,,,,,,,,NR SA,,,,,,,,,,,,,,,,,,,,,2.231656,On,Connected,-52.000000,2462,26,,,,IWLAN
373,1,,,-121.9331166,47.5260749,2026-01-23 20:52:04.000,_20260123_124628_CH04_TMO_5GNR_WFC_MT-REF-2_TC-157.dml,,,,,,,,,,NR SA,,,,,,,,,,,,,,,,,,,594,,2.231656,On,Connected,-52.000000,2462,26,,,,IWLAN
374,1,,,-121.9331166,47.5260749,2026-01-23 20:52:05.000,_20260123_124628_CH04_TMO_5GNR_WFC_MT-REF-2_TC-157.dml,,,,,,,,,,NR SA,,,,,,,,,,,,,,,,,,,,,2.231656,On,Connected,-52.000000,2462,26,,,,IWLAN
375,1,,,-121.9331166,47.5260749,2026-01-23 20:52:06.000,_20260123_124628_CH04_TMO_5GNR_WFC_MT-REF-2_TC-157.dml,,,,,,,,,,NR SA,,,,,,,,,,,,,,,,,,,594,,,On,Connected,-52.000000,2462,52,,,,IWLAN
376,1,,,-121.9331166,47.5260749,2026-01-23 20:52:06.577,_20260123_124628_CH04_TMO_5GNR_WFC_MT-REF-2_TC-157.dml,,,,,,,,,,,,,,,,,,,,,,,,,,,,,,-79.408594,,,,,,,,,,
377,1,,,-121.9331166,47.5260749,2026-01-23 20:52:07.000,_20260123_124628_CH04_TMO_5GNR_WFC_MT-REF-2_TC-157.dml,,,,,,,,,,NR SA,,,,,,,,,,,,,,,,,,,594,,,On,Connected,-52.000000,2462,52,,,,IWLAN
378,1,,,-121.9331166,47.5260749,2026-01-23 20:52:08.000,_20260123_124628_CH04_TMO_5GNR_WFC_MT-REF-2_TC-157.dml,,,,,,,,,,NR SA,,,,,,,,,,,,,,,,,,,,,,On,Connected,-52.000000,2462,52,,,,IWLAN
379,1,,,-121.9331166,47.5260749,2026-01-23 20:52:09.000,_20260123_124628_CH04_TMO_5GNR_WFC_MT-REF-2_TC-157.dml,,,,,,,,,,NR SA,,,,,,,,,,,,,,,,,,,594,,,On,Connected,-55.000000,2462,19,,,,IWLAN
380,1,,,-121.9331166,47.5260749,2026-01-23 20:52:10.000,_20260123_124628_CH04_TMO_5GNR_WFC_MT-REF-2_TC-157.dml,,,,,,,,,,NR SA,,,,,,,,,,,,,,,,,,,594,,,On,Connected,-55.000000,2462,19,,,,IWLAN
381,1,,,-121.9331166,47.5260749,2026-01-23 20:52:11.000,_20260123_124628_CH04_TMO_5GNR_WFC_MT-REF-2_TC-157.dml,,,,,,,,,,NR SA,,,,,,,,,,,,,,,,,,,,,,On,Connected,-55.000000,2462,19,,,,IWLAN
382,1,,,-121.9331166,47.5260749,2026-01-23 20:52:12.000,_20260123_124628_CH04_TMO_5GNR_WFC_MT-REF-2_TC-157.dml,,,,,,,,,,NR SA,,,,,,,,,,,,,,,,,,,,,,On,Connected,-53.000000,2462,52,,,,IWLAN
383,1,,,-121.9331166,47.5260749,2026-01-23 20:52:13.000,_20260123_124628_CH04_TMO_5GNR_WFC_MT-REF-2_TC-157.dml,,,,,,,,,,NR SA,,,,,,,,,,,,,,,,,,,594,,,On,Connected,-53.000000,2462,52,,,,IWLAN
384,1,,,-121.9331166,47.5260749,2026-01-23 20:52:14.000,_20260123_124628_CH04_TMO_5GNR_WFC_MT-REF-2_TC-157.dml,,,,,,,,,,NR SA,,,,,,,,,,,,,,,,,,,,,,On,Connected,-53.000000,2462,52,,,,IWLAN
385,1,,,-121.9331166,47.5260749,2026-01-23 20:52:15.000,_20260123_124628_CH04_TMO_5GNR_WFC_MT-REF-2_TC-157.dml,,,,,,,,,,NR SA,,,,,,,,,,,,,,,,,,,594,,,On,Connected,-52.000000,2462,58,,,,IWLAN
386,1,,,-121.9331166,47.5260749,2026-01-23 20:52:16.000,_20260123_124628_CH04_TMO_5GNR_WFC_MT-REF-2_TC-157.dml,,,,,,,,,,NR SA,,,,,,,,,,,,,,,,,,,,,2.273305,On,Connected,-52.000000,2462,58,,,,IWLAN
387,1,,,-121.9331166,47.5260749,2026-01-23 20:52:17.000,_20260123_124628_CH04_TMO_5GNR_WFC_MT-REF-2_TC-157.dml,,,,,,,,,,NR SA,,,,,,,,,,,,,,,,,,,,,2.273305,On,Connected,-52.000000,2462,58,,,,IWLAN
388,1,,,-121.9331166,47.5260749,2026-01-23 20:52:18.000,_20260123_124628_CH04_TMO_5GNR_WFC_MT-REF-2_TC-157.dml,,,,,,,,,,NR SA,,,,,,,,,,,,,,,,,,,594,,2.273305,On,Connected,-51.000000,2462,72,,,,IWLAN
389,1,,,-121.9331166,47.5260749,2026-01-23 20:52:19.000,_20260123_124628_CH04_TMO_5GNR_WFC_MT-REF-2_TC-157.dml,,,,,,,,,,NR SA,,,,,,,,,,,,,,,,,,,,,2.273305,On,Connected,-51.000000,2462,72,,,,IWLAN
390,1,,,-121.9331166,47.5260749,2026-01-23 20:52:20.000,_20260123_124628_CH04_TMO_5GNR_WFC_MT-REF-2_TC-157.dml,,,,,,,,,,NR SA,,,,,,,,,,,,,,,,,,,594,,2.273305,On,Connected,-51.000000,2462,72,,,,IWLAN
391,1,,,-121.9331166,47.5260749,2026-01-23 20:52:21.000,_20260123_124628_CH04_TMO_5GNR_WFC_MT-REF-2_TC-157.dml,,,,,,,,,,NR SA,,,,,,,,,,,,,,,,,,,,,2.273305,On,Connected,-50.000000,2462,65,,,,IWLAN
392,1,,,-121.9331166,47.5260749,2026-01-23 20:52:22.000,_20260123_124628_CH04_TMO_5GNR_WFC_MT-REF-2_TC-157.dml,,,,,,,,,,NR SA,,,,,,,,,,,,,,,,,,,,,2.273305,On,Connected,-50.000000,2462,65,,,,IWLAN
393,1,,,-121.9331166,47.5260749,2026-01-23 20:52:23.000,_20260123_124628_CH04_TMO_5GNR_WFC_MT-REF-2_TC-157.dml,,,,,,,,,,NR SA,,,,,,,,,,,,,,,,,,,594,,2.273305,On,Connected,-50.000000,2462,65,,,,IWLAN
394,1,,,-121.9331166,47.5260749,2026-01-23 20:52:24.000,_20260123_124628_CH04_TMO_5GNR_WFC_MT-REF-2_TC-157.dml,,,,,,,,,,NR SA,,,,,,,,,,,,,,,,,,,,,2.273305,On,Connected,-52.000000,2462,65,,,,IWLAN
395,1,,,-121.9331166,47.5260749,2026-01-23 20:52:25.000,_20260123_124628_CH04_TMO_5GNR_WFC_MT-REF-2_TC-157.dml,,,,,,,,,,NR SA,,,,,,,,,,,,,,,,,,,594,,2.273305,On,Connected,-52.000000,2462,65,,,,IWLAN
396,1,,,-121.9331166,47.5260749,2026-01-23 20:52:26.000,_20260123_124628_CH04_TMO_5GNR_WFC_MT-REF-2_TC-157.dml,,,,,,,,,,NR SA,,,,,,,,,,,,,,,,,,,,,,On,Connected,-52.000000,2462,65,,,,IWLAN
397,1,,,-121.9331166,47.5260749,2026-01-23 20:52:26.650,_20260123_124628_CH04_TMO_5GNR_WFC_MT-REF-2_TC-157.dml,,,,,,,,,,,,,,,,,,,,,,,,,,,,,,-81.099609,,,,,,,,,,
398,1,,,-121.9331166,47.5260749,2026-01-23 20:52:27.000,_20260123_124628_CH04_TMO_5GNR_WFC_MT-REF-2_TC-157.dml,,,,,,,,,,NR SA,,,,,,,,,,,,,,,,,,,,,,On,Connected,-54.000000,2462,26,,,,IWLAN
399,1,,,-121.9331166,47.5260749,2026-01-23 20:52:28.000,_20260123_124628_CH04_TMO_5GNR_WFC_MT-REF-2_TC-157.dml,,,,,,,,,,NR SA,,,,,,,,,,,,,,,,,,,594,,,,Connected,,,,,,,IWLAN
400,1,,,-121.9331166,47.5260749,2026-01-23 20:52:29.000,_20260123_124628_CH04_TMO_5GNR_WFC_MT-REF-2_TC-157.dml,,,,,,,,,,NR SA,,,,,,,,,,,,,,,,,,,594,,,On,Connected,-54.000000,2462,26,,,,IWLAN
401,1,,,-121.9331166,47.5260749,2026-01-23 20:52:30.000,_20260123_124628_CH04_TMO_5GNR_WFC_MT-REF-2_TC-157.dml,,,,,,,,,,NR SA,,,,,,,,,,,,,,,,,,,,,,On,Connected,-52.000000,2462,52,,,,IWLAN
402,1,,,-121.9331166,47.5260749,2026-01-23 20:52:31.000,_20260123_124628_CH04_TMO_5GNR_WFC_MT-REF-2_TC-157.dml,,,,,,,,,,NR SA,,,,,,,,,,,,,,,,,,,,,,On,Connected,-52.000000,2462,52,,,,IWLAN
403,1,,,-121.9331166,47.5260749,2026-01-23 20:52:32.000,_20260123_124628_CH04_TMO_5GNR_WFC_MT-REF-2_TC-157.dml,,,,,,,,,,NR SA,,,,,,,,,,,,,,,,,,,594,,,On,Connected,-52.000000,2462,52,,,,IWLAN
404,1,,,-121.9331166,47.5260749,2026-01-23 20:52:33.000,_20260123_124628_CH04_TMO_5GNR_WFC_MT-REF-2_TC-157.dml,,,,,,,,,,NR SA,,,,,,,,,,,,,,,,,,,594,,,On,Connected,-49.000000,2462,58,,,,IWLAN
405,1,,,-121.9331166,47.5260749,2026-01-23 20:52:34.000,_20260123_124628_CH04_TMO_5GNR_WFC_MT-REF-2_TC-157.dml,,,,,,,,,,NR SA,,,,,,,,,,,,,,,,,,,,,,On,Connected,-49.000000,2462,58,,,,IWLAN
406,1,,,-121.9331166,47.5260749,2026-01-23 20:52:35.000,_20260123_124628_CH04_TMO_5GNR_WFC_MT-REF-2_TC-157.dml,,,,,,,,,,NR SA,,,,,,,,,,,,,,,,,,,,,,On,Connected,-49.000000,2462,58,,,,IWLAN
407,1,,,-121.9331166,47.5260749,2026-01-23 20:52:35.860,_20260123_124628_CH04_TMO_5GNR_WFC_MT-REF-2_TC-157.dml,,,,,,,,,,,,,,,,,,,,,,,[Tool] Voice - Pair Channel Call Drop,,,,,,,,,,,,,,,,,
408,1,,,-121.9331166,47.5260749,2026-01-23 20:52:35.860,_20260123_124628_CH04_TMO_5GNR_WFC_MT-REF-2_TC-157.dml,,,,,,,,,,,,,,,,,,,,,,,[Tool] Voice - Release Call Request,,,,,,,,,,,,,,,,,
409,1,,,-121.9331166,47.5260749,2026-01-23 20:52:36.000,_20260123_124628_CH04_TMO_5GNR_WFC_MT-REF-2_TC-157.dml,,,,,,,,,,NR SA,,,,,,,,,,,,,,,,,,,594,,,On,Connected,-52.000000,2462,52,,,,IWLAN
410,1,,,-121.9331166,47.5260749,2026-01-23 20:52:36.429,_20260123_124628_CH04_TMO_5GNR_WFC_MT-REF-2_TC-157.dml,,,,,,,,,,,,,,,,,,,,,,Complete,[Tool] Voice - Call Result : Complete,,,,,,,,,,,,,,,,,
411,1,,,-121.9331166,47.5260749,2026-01-23 20:52:36.429,_20260123_124628_CH04_TMO_5GNR_WFC_MT-REF-2_TC-157.dml,,,,,,,,,,,,,,,,,,,,,,,[UE]   Voice - Release Call Success,,,,,,,,,,,,,,,,,
412,1,,,-121.9331166,47.5260749,2026-01-23 20:52:37.281,_20260123_124628_CH04_TMO_5GNR_WFC_MT-REF-2_TC-157.dml,,,,,,,,,,,,,,,,,,,,,,,[UE]   Voice - Release Call Success,,,,,,,,,,,,,,,,,
413,1,,,-121.9331166,47.5260749,2026-01-23 20:52:37.000,_20260123_124628_CH04_TMO_5GNR_WFC_MT-REF-2_TC-157.dml,,,,,,,,,,,,,,,,,,,,,,,,1,,,,,594,,,,Connected,,,,,,,IWLAN
414,1,,,-121.9331166,47.5260749,2026-01-23 20:52:38.000,_20260123_124628_CH04_TMO_5GNR_WFC_MT-REF-2_TC-157.dml,,,,,,,,,,,,,,,,,,,,,,,,,,,,,,,,On,Connected,-52.000000,2462,52,,,,IWLAN
415,1,,,-121.9331166,47.5260749,2026-01-23 20:52:39.000,_20260123_124628_CH04_TMO_5GNR_WFC_MT-REF-2_TC-157.dml,,,,,,,,,,,,,,,,,,,,,,,,,,,,,594,,,On,Connected,-52.000000,2462,52,,,,IWLAN
416,1,,,-121.9331166,47.5260749,2026-01-23 20:52:40.000,_20260123_124628_CH04_TMO_5GNR_WFC_MT-REF-2_TC-157.dml,,,,,,,,,,,,,,,,,,,,,,,,,,,,,,,,On,Connected,-52.000000,2462,52,,,,IWLAN
417,1,,,-121.9331166,47.5260749,2026-01-23 20:52:41.000,_20260123_124628_CH04_TMO_5GNR_WFC_MT-REF-2_TC-157.dml,,,,,,,,,,,,,,,,,,,,,,,,,,,,,594,,,On,Connected,-52.000000,2462,52,,,,IWLAN
418,1,,,-121.9331166,47.5260749,2026-01-23 20:52:42.000,_20260123_124628_CH04_TMO_5GNR_WFC_MT-REF-2_TC-157.dml,,,,,,,,,,,,,,,,,,,,,,,,,,,,,594,,,On,Connected,-56.000000,2462,26,,,,IWLAN
419,1,,,-121.9331166,47.5260749,2026-01-23 20:52:43.000,_20260123_124628_CH04_TMO_5GNR_WFC_MT-REF-2_TC-157.dml,,,,,,,,,,,,,,,,,,,,,,,,,,,,,594,,,On,Connected,-56.000000,2462,26,,,,IWLAN
420,1,,,-121.9331166,47.5260749,2026-01-23 20:52:44.000,_20260123_124628_CH04_TMO_5GNR_WFC_MT-REF-2_TC-157.dml,,,,,,,,,,,,,,,,,,,,,,,,,,,,,,,,,Connected,,,,,,,IWLAN
421,1,,,-121.9331166,47.5260749,2026-01-23 20:52:45.000,_20260123_124628_CH04_TMO_5GNR_WFC_MT-REF-2_TC-157.dml,,,,,,,,,,,,,,,,,,,,,,,,,,,,,,,,On,Connected,-58.500000,2462,39,,,,IWLAN
422,1,,,-121.9331166,47.5260749,2026-01-23 20:52:46.000,_20260123_124628_CH04_TMO_5GNR_WFC_MT-REF-2_TC-157.dml,,,,,,,,,,,,,,,,,,,,,,,,,,,,,594,,,On,Connected,-61.000000,2462,39,,,,IWLAN
423,1,,,-121.9331166,47.5260749,2026-01-23 20:52:47.000,_20260123_124628_CH04_TMO_5GNR_WFC_MT-REF-2_TC-157.dml,,,,,,,,,,,,,,,,,,,,,,,,,,,,,,,,On,Connected,-61.000000,2462,39,,,,IWLAN
424,1,,,-121.9331166,47.5260749,2026-01-23 20:52:48.000,_20260123_124628_CH04_TMO_5GNR_WFC_MT-REF-2_TC-157.dml,,,,,,,,,,,,,,,,,,,,,,,,,,,,,594,,,On,Connected,-58.000000,2462,39,,,,IWLAN
425,1,,,-121.9331166,47.5260749,2026-01-23 20:52:49.000,_20260123_124628_CH04_TMO_5GNR_WFC_MT-REF-2_TC-157.dml,,,,,,,,,,,,,,,,,,,,,,,,,,,,,,,,On,Connected,-58.000000,2462,39,,,,IWLAN
426,1,,,-121.9331166,47.5260749,2026-01-23 20:52:50.000,_20260123_124628_CH04_TMO_5GNR_WFC_MT-REF-2_TC-157.dml,,,,,,,,,,,,,,,,,,,,,,,,,,,,,,,,On,Connected,-58.000000,2462,39,,,,IWLAN
427,1,,,-121.9331166,47.5260749,2026-01-23 20:52:51.000,_20260123_124628_CH04_TMO_5GNR_WFC_MT-REF-2_TC-157.dml,,,,,,,,,,,,,,,,,,,,,,,,,,,,,594,,,,Connected,,,,,,,IWLAN
428,1,,,-121.9331166,47.5260749,2026-01-23 20:52:52.000,_20260123_124628_CH04_TMO_5GNR_WFC_MT-REF-2_TC-157.dml,,,,,,,,,,,,,,,,,,,,,,,,,,,,,594,,,On,Connected,-58.000000,2462,39,,,,IWLAN
429,1,,,-121.9331166,47.5260749,2026-01-23 20:52:53.000,_20260123_124628_CH04_TMO_5GNR_WFC_MT-REF-2_TC-157.dml,,,,,,,,,,,,,,,,,,,,,,,,,,,,,,,,,Connected,,,,,,,IWLAN
430,1,,,-121.9331166,47.5260749,2026-01-23 20:52:54.000,_20260123_124628_CH04_TMO_5GNR_WFC_MT-REF-2_TC-157.dml,,,,,,,,,,,,,,,,,,,,,,,,,,,,,594,,,On,Connected,-58.000000,2462,39,,,,IWLAN
431,1,,,-121.9331166,47.5260749,2026-01-23 20:52:55.000,_20260123_124628_CH04_TMO_5GNR_WFC_MT-REF-2_TC-157.dml,,,,,,,,,,,,,,,,,,,,,,,,,,,,,594,,,On,Connected,-58.000000,2462,39,,,,IWLAN
432,1,,,-121.9331166,47.5260749,2026-01-23 20:52:56.000,_20260123_124628_CH04_TMO_5GNR_WFC_MT-REF-2_TC-157.dml,,,,,,,,,,,,,,,,,,,,,,,,,,,,,594,,,On,Connected,-58.000000,2462,39,,,,IWLAN
433,1,,,-121.9331166,47.5260749,2026-01-23 20:52:57.000,_20260123_124628_CH04_TMO_5GNR_WFC_MT-REF-2_TC-157.dml,,,,,,,,,,,,,,,,,,,,,,,,,,,,,,,,On,Connected,-58.000000,2462,39,,,,IWLAN
434,1,,,-121.9331166,47.5260749,2026-01-23 20:52:58.000,_20260123_124628_CH04_TMO_5GNR_WFC_MT-REF-2_TC-157.dml,,,,,,,,,,,,,,,,,,,,,,,,,,,,,,,,On,Connected,-58.000000,2462,39,,,,IWLAN
435,1,,,-121.9331166,47.5260749,2026-01-23 20:52:59.000,_20260123_124628_CH04_TMO_5GNR_WFC_MT-REF-2_TC-157.dml,,,,,,,,,,,,,,,,,,,,,,,,,,,,,594,,,On,Connected,-58.000000,2462,39,,,,IWLAN
436,1,,,-121.9331166,47.5260749,2026-01-23 20:53:00.000,_20260123_124628_CH04_TMO_5GNR_WFC_MT-REF-2_TC-157.dml,,,,,,,,,,,,,,,,,,,,,,,,,,,,,,,,,Connected,,,,,,,IWLAN
437,1,,,-121.9331166,47.5260749,2026-01-23 20:53:01.000,_20260123_124628_CH04_TMO_5GNR_WFC_MT-REF-2_TC-157.dml,,,,,,,,,,,,,,,,,,,,,,,,,,,,,594,,,On,Connected,-59.000000,2462,39,,,,IWLAN
438,1,,,-121.9331166,47.5260749,2026-01-23 20:53:02.000,_20260123_124628_CH04_TMO_5GNR_WFC_MT-REF-2_TC-157.dml,,,,,,,,,,,,,,,,,,,,,,,,,,,,,,,,On,Connected,-59.000000,2462,39,,,,IWLAN
439,1,,,-121.9331166,47.5260749,2026-01-23 20:53:03.000,_20260123_124628_CH04_TMO_5GNR_WFC_MT-REF-2_TC-157.dml,,,,,,,,,,,,,,,,,,,,,,,,,,,,,,,,On,Connected,-59.000000,2462,39,,,,IWLAN
440,1,,,-121.9331166,47.5260749,2026-01-23 20:53:04.016,_20260123_124628_CH04_TMO_5GNR_WFC_MT-REF-2_TC-157.dml,,,,,,,,,,,,,,,,,,,,,,,[Tool] Voice - Release Call Request,,,,,,,,,,,,,,,,,
441,1,,,-121.9331166,47.5260749,2026-01-23 20:53:04.021,_20260123_124628_CH04_TMO_5GNR_WFC_MT-REF-2_TC-157.dml,,,,,,,,,,,,,,,,,,,,,,,[Tool] Voice - Answer Request,,,,,,,,,,,,,,,,,
442,1,,,-121.9331166,47.5260749,2026-01-23 20:53:04.000,_20260123_124628_CH04_TMO_5GNR_WFC_MT-REF-2_TC-157.dml,,,,,,,,,,,,,,,,,,,,,,,,,,,,,594,,,On,Connected,-59.000000,2462,39,,,,IWLAN
443,1,,,-121.9331166,47.5260749,2026-01-23 20:53:05.000,_20260123_124628_CH04_TMO_5GNR_WFC_MT-REF-2_TC-157.dml,,,,,,,,,,,,,,,,,,,,,,,,,,,,,,,,,Connected,,,,,,,IWLAN
444,1,,,-121.9331166,47.5260749,2026-01-23 20:53:06.000,_20260123_124628_CH04_TMO_5GNR_WFC_MT-REF-2_TC-157.dml,,,,,,,,,,,,,,,,,,,,,,,,,,,,,594,,,On,Connected,-58.000000,2462,39,,,,IWLAN
445,1,,,-121.9331166,47.5260749,2026-01-23 20:53:06.752,_20260123_124628_CH04_TMO_5GNR_WFC_MT-REF-2_TC-157.dml,,,,,,,,,,,,,,,,,,,,,,,[Tool] Voice - Call Scheduling End,,,,,,,,,,,,,,,,,
446,1,,,-121.9331166,47.5260749,2026-01-23 20:53:06.752,_20260123_124628_CH04_TMO_5GNR_WFC_MT-REF-2_TC-157.dml,NR SA,Voice,Complete,NR SA,NR SA,Qualcomm,,354877970012475,,,,,,,,,Complete,Termination,Complete,,,,,,,,,90.094000,,,,,,,,,,EPSFB,,
447,1,,,-121.9331166,47.5260749,2026-01-23 20:53:06.752,_20260123_124628_CH04_TMO_5GNR_WFC_MT-REF-2_TC-157.dml,,,,,,,,,,,,,,,,,,,,,,,[Tool] Voice - Release Call Request,,,,,,,,,,,,,,,,,
448,1,,,-121.9331166,47.5260749,2026-01-23 20:53:07.056,_20260123_124628_CH04_TMO_5GNR_WFC_MT-REF-2_TC-157.dml,,,,,,,,,,,,,,,,,,,,,,,[Tool] Voice - Call Scheduling Start(Term),,,,,,,,,,,,,,,,,
449,1,,,-121.9331166,47.5260749,2026-01-23 20:53:07.056,_20260123_124628_CH04_TMO_5GNR_WFC_MT-REF-2_TC-157.dml,,,,,,,,,,,,,,,,,,,,,,,[Tool] Voice - Wait Page,,,,,,,,,,,,,,,,,
450,1,,,-121.9331166,47.5260749,2026-01-23 20:53:07.000,_20260123_124628_CH04_TMO_5GNR_WFC_MT-REF-2_TC-157.dml,,,,,,,,,,,,,,,,,,,,,,,,,,,,,,,,,Connected,,,,,,,IWLAN
451,1,,,-121.9331166,47.5260749,2026-01-23 20:53:08.000,_20260123_124628_CH04_TMO_5GNR_WFC_MT-REF-2_TC-157.dml,,,,,,,,,,,,,,,,,,,,,,,,,,,,,594,,,On,Connected,-57.000000,2462,39,,,,IWLAN
452,1,,,-121.9331166,47.5260749,2026-01-23 20:53:09.000,_20260123_124628_CH04_TMO_5GNR_WFC_MT-REF-2_TC-157.dml,,,,,,,,,,,,,,,,,,,,,,,,,,,,,,,,,Connected,,,,,,,IWLAN
453,1,,,-121.9331166,47.5260749,2026-01-23 20:53:10.000,_20260123_124628_CH04_TMO_5GNR_WFC_MT-REF-2_TC-157.dml,,,,,,,,,,,,,,,,,,,,,,,,,,,,,594,,,On,Connected,-54.000000,2462,26,,,,IWLAN
454,1,,,-121.9331166,47.5260749,2026-01-23 20:53:11.000,_20260123_124628_CH04_TMO_5GNR_WFC_MT-REF-2_TC-157.dml,,,,,,,,,,,,,,,,,,,,,,,,,,,,,594,,,On,Connected,-54.000000,2462,26,,,,IWLAN
455,1,,,-121.9331166,47.5260749,2026-01-23 20:53:12.000,_20260123_124628_CH04_TMO_5GNR_WFC_MT-REF-2_TC-157.dml,,,,,,,,,,,,,,,,,,,,,,,,,,,,,,,,,Connected,,,,,,,IWLAN
456,1,,,-121.9331166,47.5260749,2026-01-23 20:53:13.000,_20260123_124628_CH04_TMO_5GNR_WFC_MT-REF-2_TC-157.dml,,,,,,,,,,,,,,,,,,,,,,,,,,,,,,,,On,Connected,-53.000000,2462,39,,,,IWLAN
457,1,,,-121.9331166,47.5260749,2026-01-23 20:53:14.000,_20260123_124628_CH04_TMO_5GNR_WFC_MT-REF-2_TC-157.dml,,,,,,,,,,,,,,,,,,,,,,,,,,,,,594,,,On,Connected,-53.000000,2462,39,,,,IWLAN
458,1,,,-121.9331166,47.5260749,2026-01-23 20:53:14.947,_20260123_124628_CH04_TMO_5GNR_WFC_MT-REF-2_TC-157.dml,,,,,,,,,,,,,,,,,,,,,,,[Tool] Voice - Answer Request,,,,,,,,,,,,,,,,,
459,1,,,-121.9331166,47.5260749,2026-01-23 20:53:15.000,_20260123_124628_CH04_TMO_5GNR_WFC_MT-REF-2_TC-157.dml,,,,,,,,,,,,,,,,,,,,,,,,,,,,,594,,,On,Connected,-55.000000,2462,26,,,,IWLAN
460,1,,,-121.9331166,47.5260749,2026-01-23 20:53:15.902,_20260123_124628_CH04_TMO_5GNR_WFC_MT-REF-2_TC-157.dml,,,,,,,,,,,,,,,,,,,,,,,[Tool] Voice - Answer Request,,,,,,,,,,,,,,,,,
461,1,,,-121.9331166,47.5260749,2026-01-23 20:53:16.000,_20260123_124628_CH04_TMO_5GNR_WFC_MT-REF-2_TC-157.dml,,,,,,,,,,,,,,,,,,,,,,,,,,,,,,,,,Connected,,,,,,,IWLAN
462,1,,,-121.9331166,47.5260749,2026-01-23 20:53:17.000,_20260123_124628_CH04_TMO_5GNR_WFC_MT-REF-2_TC-157.dml,,,,,,,,,,,,,,,,,,,,,,,,,,,,,594,,,On,Connected,-55.000000,2462,26,,,,IWLAN
463,1,,,-121.9331166,47.5260749,2026-01-23 20:53:17.384,_20260123_124628_CH04_TMO_5GNR_WFC_MT-REF-2_TC-157.dml,,,,,,,,,,,,,,,,,,,,,,,[UE]   Voice - Setup Success,,,,,,,,,,,,,,,,,
464,1,,,-121.9331166,47.5260749,2026-01-23 20:53:17.399,_20260123_124628_CH04_TMO_5GNR_WFC_MT-REF-2_TC-157.dml,,,,,,,,,,,,,,,,,,,,,,,[Tool] Voice - Answer Request,,,,,,,,,,,,,,,,,
465,1,,,-121.9331166,47.5260749,2026-01-23 20:53:18.000,_20260123_124628_CH04_TMO_5GNR_WFC_MT-REF-2_TC-157.dml,,,,,,,,,,NR SA,,,,,,,,,,,,,,,,,,,594,,,On,Connected,-55.000000,2462,39,,,,IWLAN
466,1,,,-121.9331166,47.5260749,2026-01-23 20:53:19.000,_20260123_124628_CH04_TMO_5GNR_WFC_MT-REF-2_TC-157.dml,,,,,,,,,,NR SA,,,,,,,,,,,,,,,,,,,,,,,Connected,,,,,,,IWLAN
467,1,,,-121.9331166,47.5260749,2026-01-23 20:53:20.000,_20260123_124628_CH04_TMO_5GNR_WFC_MT-REF-2_TC-157.dml,,,,,,,,,,NR SA,,,,,,,,,,,,,,,,,,,594,,,On,Connected,-55.000000,2462,39,,,,IWLAN
468,1,,,-121.9331166,47.5260749,2026-01-23 20:53:21.000,_20260123_124628_CH04_TMO_5GNR_WFC_MT-REF-2_TC-157.dml,,,,,,,,,,NR SA,,,,,,,,,,,,,,,,,,,,,,,Connected,,,,,,,IWLAN
469,1,,,-121.9331166,47.5260749,2026-01-23 20:53:22.000,_20260123_124628_CH04_TMO_5GNR_WFC_MT-REF-2_TC-157.dml,,,,,,,,,,NR SA,,,,,,,,,,,,,,,,,,,,,,On,Connected,-53.000000,2462,52,,,,IWLAN
470,1,,,-121.9331166,47.5260749,2026-01-23 20:53:23.000,_20260123_124628_CH04_TMO_5GNR_WFC_MT-REF-2_TC-157.dml,,,,,,,,,,NR SA,,,,,,,,,,,,,,,,,,,594,,,,Connected,,,,,,,IWLAN
471,1,,,-121.9331166,47.5260749,2026-01-23 20:53:24.000,_20260123_124628_CH04_TMO_5GNR_WFC_MT-REF-2_TC-157.dml,,,,,,,,,,NR SA,,,,,,,,,,,,,,,,,,,,,,On,Connected,-53.500000,2462,26,,,,IWLAN
472,1,,,-121.9331166,47.5260749,2026-01-23 20:53:25.000,_20260123_124628_CH04_TMO_5GNR_WFC_MT-REF-2_TC-157.dml,,,,,,,,,,NR SA,,,,,,,,,,,,,,,,,,,,,,,Connected,,,,,,,IWLAN
473,1,,,-121.9331166,47.5260749,2026-01-23 20:53:26.000,_20260123_124628_CH04_TMO_5GNR_WFC_MT-REF-2_TC-157.dml,,,,,,,,,,NR SA,,,,,,,,,,,,,,,,,,,594,,,On,Connected,-54.000000,2462,26,,,,IWLAN
474,1,,,-121.9331166,47.5260749,2026-01-23 20:53:27.000,_20260123_124628_CH04_TMO_5GNR_WFC_MT-REF-2_TC-157.dml,,,,,,,,,,NR SA,,,,,,,,,,,,,,,,,,,594,,,On,Connected,-56.000000,2462,39,,,,IWLAN
475,1,,,-121.9331166,47.5260749,2026-01-23 20:53:28.000,_20260123_124628_CH04_TMO_5GNR_WFC_MT-REF-2_TC-157.dml,,,,,,,,,,NR SA,,,,,,,,,,,,,,,,,,,594,,2.370341,,Connected,,,,,,,IWLAN
476,1,,,-121.9331166,47.5260749,2026-01-23 20:53:29.000,_20260123_124628_CH04_TMO_5GNR_WFC_MT-REF-2_TC-157.dml,,,,,,,,,,NR SA,,,,,,,,,,,,,,,,,,,594,,2.370341,On,Connected,-56.000000,2462,39,,,,IWLAN
477,1,,,-121.9331166,47.5260749,2026-01-23 20:53:30.000,_20260123_124628_CH04_TMO_5GNR_WFC_MT-REF-2_TC-157.dml,,,,,,,,,,NR SA,,,,,,,,,,,,,,,,,,,,,2.370341,,Connected,,,,,,,IWLAN
478,1,,,-121.9331166,47.5260749,2026-01-23 20:53:31.000,_20260123_124628_CH04_TMO_5GNR_WFC_MT-REF-2_TC-157.dml,,,,,,,,,,NR SA,,,,,,,,,,,,,,,,,,,,,2.370341,On,Connected,-55.000000,2462,19,,,,IWLAN
479,1,,,-121.9331166,47.5260749,2026-01-23 20:53:32.000,_20260123_124628_CH04_TMO_5GNR_WFC_MT-REF-2_TC-157.dml,,,,,,,,,,NR SA,,,,,,,,,,,,,,,,,,,594,,2.370341,On,Connected,-55.000000,2462,19,,,,IWLAN
480,1,,,-121.9331166,47.5260749,2026-01-23 20:53:33.000,_20260123_124628_CH04_TMO_5GNR_WFC_MT-REF-2_TC-157.dml,,,,,,,,,,NR SA,,,,,,,,,,,,,,,,,,,,,2.370341,On,Connected,-55.000000,2462,19,,,,IWLAN
481,1,,,-121.9331166,47.5260749,2026-01-23 20:53:34.000,_20260123_124628_CH04_TMO_5GNR_WFC_MT-REF-2_TC-157.dml,,,,,,,,,,NR SA,,,,,,,,,,,,,,,,,,,594,,2.370341,On,Connected,-54.000000,2462,39,,,,IWLAN
482,1,,,-121.9331166,47.5260749,2026-01-23 20:53:35.000,_20260123_124628_CH04_TMO_5GNR_WFC_MT-REF-2_TC-157.dml,,,,,,,,,,NR SA,,,,,,,,,,,,,,,,,,,,,2.370341,On,Connected,-54.000000,2462,39,,,,IWLAN
483,1,,,-121.9331166,47.5260749,2026-01-23 20:53:36.000,_20260123_124628_CH04_TMO_5GNR_WFC_MT-REF-2_TC-157.dml,,,,,,,,,,NR SA,,,,,,,,,,,,,,,,,,,,,2.370341,On,Connected,-54.000000,2462,39,,,,IWLAN
484,1,,,-121.9331166,47.5260749,2026-01-23 20:53:37.000,_20260123_124628_CH04_TMO_5GNR_WFC_MT-REF-2_TC-157.dml,,,,,,,,,,NR SA,,,,,,,,,,,,,,,,,,,594,,2.370341,On,Connected,-54.000000,2462,26,,,,IWLAN
485,1,,,-121.9331166,47.5260749,2026-01-23 20:53:38.167,_20260123_124628_CH04_TMO_5GNR_WFC_MT-REF-2_TC-157.dml,,,,,,,,,,,,,,,,,,,,,,,,,,,,,,-76.315625,,,,,,,,,,
486,1,,,-121.9331166,47.5260749,2026-01-23 20:53:38.000,_20260123_124628_CH04_TMO_5GNR_WFC_MT-REF-2_TC-157.dml,,,,,,,,,,NR SA,,,,,,,,,,,,,,,,,,,,,,On,Connected,-54.000000,2462,26,,,,IWLAN
487,1,,,-121.9331166,47.5260749,2026-01-23 20:53:39.000,_20260123_124628_CH04_TMO_5GNR_WFC_MT-REF-2_TC-157.dml,,,,,,,,,,NR SA,,,,,,,,,,,,,,,,,,,,,,On,Connected,-53.000000,2462,19,,,,IWLAN
488,1,,,-121.9331166,47.5260749,2026-01-23 20:53:40.000,_20260123_124628_CH04_TMO_5GNR_WFC_MT-REF-2_TC-157.dml,,,,,,,,,,NR SA,,,,,,,,,,,,,,,,,,,594,,,,Connected,,,,,,,IWLAN
489,1,,,-121.9331166,47.5260749,2026-01-23 20:53:41.000,_20260123_124628_CH04_TMO_5GNR_WFC_MT-REF-2_TC-157.dml,,,,,,,,,,NR SA,,,,,,,,,,,,,,,,,,,,,,On,Connected,-53.000000,2462,19,,,,IWLAN
490,1,,,-121.9331166,47.5260749,2026-01-23 20:53:42.000,_20260123_124628_CH04_TMO_5GNR_WFC_MT-REF-2_TC-157.dml,,,,,,,,,,NR SA,,,,,,,,,,,,,,,,,,,594,,,On,Connected,-53.000000,2462,19,,,,IWLAN
491,1,,,-121.9331166,47.5260749,2026-01-23 20:53:43.000,_20260123_124628_CH04_TMO_5GNR_WFC_MT-REF-2_TC-157.dml,,,,,,,,,,NR SA,,,,,,,,,,,,,,,,,,,,,,On,Connected,-56.000000,2462,26,,,,IWLAN
492,1,,,-121.9331166,47.5260749,2026-01-23 20:53:44.000,_20260123_124628_CH04_TMO_5GNR_WFC_MT-REF-2_TC-157.dml,,,,,,,,,,NR SA,,,,,,,,,,,,,,,,,,,,,,On,Connected,-56.000000,2462,26,,,,IWLAN
493,1,,,-121.9331166,47.5260749,2026-01-23 20:53:45.000,_20260123_124628_CH04_TMO_5GNR_WFC_MT-REF-2_TC-157.dml,,,,,,,,,,NR SA,,,,,,,,,,,,,,,,,,,594,,,On,Connected,-56.000000,2462,26,,,,IWLAN
494,1,,,-121.9331166,47.5260749,2026-01-23 20:53:46.000,_20260123_124628_CH04_TMO_5GNR_WFC_MT-REF-2_TC-157.dml,,,,,,,,,,NR SA,,,,,,,,,,,,,,,,,,,,,,On,Connected,-55.000000,2462,39,,,,IWLAN
495,1,,,-121.9331166,47.5260749,2026-01-23 20:53:47.000,_20260123_124628_CH04_TMO_5GNR_WFC_MT-REF-2_TC-157.dml,,,,,,,,,,NR SA,,,,,,,,,,,,,,,,,,,594,,,On,Connected,-55.000000,2462,39,,,,IWLAN
496,1,,,-121.9331166,47.5260749,2026-01-23 20:53:48.000,_20260123_124628_CH04_TMO_5GNR_WFC_MT-REF-2_TC-157.dml,,,,,,,,,,NR SA,,,,,,,,,,,,,,,,,,,,,1.965446,On,Connected,-55.000000,2462,39,,,,IWLAN
497,1,,,-121.9331166,47.5260749,2026-01-23 20:53:49.000,_20260123_124628_CH04_TMO_5GNR_WFC_MT-REF-2_TC-157.dml,,,,,,,,,,NR SA,,,,,,,,,,,,,,,,,,,,,1.965446,On,Connected,-54.000000,2462,19,,,,IWLAN
498,1,,,-121.9331166,47.5260749,2026-01-23 20:53:50.000,_20260123_124628_CH04_TMO_5GNR_WFC_MT-REF-2_TC-157.dml,,,,,,,,,,NR SA,,,,,,,,,,,,,,,,,,,594,,1.965446,On,Connected,-54.000000,2462,19,,,,IWLAN
499,1,,,-121.9331166,47.5260749,2026-01-23 20:53:51.000,_20260123_124628_CH04_TMO_5GNR_WFC_MT-REF-2_TC-157.dml,,,,,,,,,,NR SA,,,,,,,,,,,,,,,,,,,594,,1.965446,On,Connected,-54.000000,2462,19,,,,IWLAN
500,1,,,-121.9331166,47.5260749,2026-01-23 20:53:52.000,_20260123_124628_CH04_TMO_5GNR_WFC_MT-REF-2_TC-157.dml,,,,,,,,,,NR SA,,,,,,,,,,,,,,,,,,,,,1.965446,On,Connected,-53.000000,2462,26,,,,IWLAN
501,1,,,-121.9331166,47.5260749,2026-01-23 20:53:53.000,_20260123_124628_CH04_TMO_5GNR_WFC_MT-REF-2_TC-157.dml,,,,,,,,,,NR SA,,,,,,,,,,,,,,,,,,,,,1.965446,On,Connected,-53.000000,2462,26,,,,IWLAN
502,1,,,-121.9331166,47.5260749,2026-01-23 20:53:54.000,_20260123_124628_CH04_TMO_5GNR_WFC_MT-REF-2_TC-157.dml,,,,,,,,,,NR SA,,,,,,,,,,,,,,,,,,,594,,1.965446,On,Connected,-53.000000,2462,26,,,,IWLAN
503,1,,,-121.9331166,47.5260749,2026-01-23 20:53:55.000,_20260123_124628_CH04_TMO_5GNR_WFC_MT-REF-2_TC-157.dml,,,,,,,,,,NR SA,,,,,,,,,,,,,,,,,,,594,,1.965446,On,Connected,-56.000000,2462,52,,,,IWLAN
504,1,,,-121.9331166,47.5260749,2026-01-23 20:53:56.000,_20260123_124628_CH04_TMO_5GNR_WFC_MT-REF-2_TC-157.dml,,,,,,,,,,NR SA,,,,,,,,,,,,,,,,,,,594,,1.965446,On,Connected,-56.000000,2462,52,,,,IWLAN
505,1,,,-121.9331166,47.5260749,2026-01-23 20:53:57.000,_20260123_124628_CH04_TMO_5GNR_WFC_MT-REF-2_TC-157.dml,,,,,,,,,,NR SA,,,,,,,,,,,,,,,,,,,,,1.965446,On,Connected,-56.000000,2462,52,,,,IWLAN
506,1,,,-121.9331166,47.5260749,2026-01-23 20:53:58.000,_20260123_124628_CH04_TMO_5GNR_WFC_MT-REF-2_TC-157.dml,,,,,,,,,,NR SA,,,,,,,,,,,,,,,,,,,594,,,On,Connected,-56.000000,2462,39,,,,IWLAN
507,1,,,-121.9331166,47.5260749,2026-01-23 20:53:58.302,_20260123_124628_CH04_TMO_5GNR_WFC_MT-REF-2_TC-157.dml,,,,,,,,,,,,,,,,,,,,,,,,,,,,,,-79.830729,,,,,,,,,,
508,1,,,-121.9331166,47.5260749,2026-01-23 20:53:59.000,_20260123_124628_CH04_TMO_5GNR_WFC_MT-REF-2_TC-157.dml,,,,,,,,,,NR SA,,,,,,,,,,,,,,,,,,,,,,On,Connected,-56.000000,2462,39,,,,IWLAN
509,1,,,-121.9331166,47.5260749,2026-01-23 20:54:00.000,_20260123_124628_CH04_TMO_5GNR_WFC_MT-REF-2_TC-157.dml,,,,,,,,,,NR SA,,,,,,,,,,,,,,,,,,,594,,,On,Connected,-56.000000,2462,39,,,,IWLAN
510,1,,,-121.9331166,47.5260749,2026-01-23 20:54:01.000,_20260123_124628_CH04_TMO_5GNR_WFC_MT-REF-2_TC-157.dml,,,,,,,,,,NR SA,,,,,,,,,,,,,,,,,,,,,,On,Connected,-54.000000,2462,19,,,,IWLAN
511,1,,,-121.9331166,47.5260749,2026-01-23 20:54:02.000,_20260123_124628_CH04_TMO_5GNR_WFC_MT-REF-2_TC-157.dml,,,,,,,,,,NR SA,,,,,,,,,,,,,,,,,,,,,,On,Connected,-54.000000,2462,19,,,,IWLAN
512,1,,,-121.9331166,47.5260749,2026-01-23 20:54:03.000,_20260123_124628_CH04_TMO_5GNR_WFC_MT-REF-2_TC-157.dml,,,,,,,,,,NR SA,,,,,,,,,,,,,,,,,,,594,,,On,Connected,-54.000000,2462,19,,,,IWLAN
513,1,,,-121.9331166,47.5260749,2026-01-23 20:54:04.000,_20260123_124628_CH04_TMO_5GNR_WFC_MT-REF-2_TC-157.dml,,,,,,,,,,NR SA,,,,,,,,,,,,,,,,,,,,,,On,Connected,-54.000000,2462,26,,,,IWLAN
514,1,,,-121.9331166,47.5260749,2026-01-23 20:54:05.000,_20260123_124628_CH04_TMO_5GNR_WFC_MT-REF-2_TC-157.dml,,,,,,,,,,NR SA,,,,,,,,,,,,,,,,,,,594,,,On,Connected,-54.000000,2462,26,,,,IWLAN
515,1,,,-121.9331166,47.5260749,2026-01-23 20:54:06.000,_20260123_124628_CH04_TMO_5GNR_WFC_MT-REF-2_TC-157.dml,,,,,,,,,,NR SA,,,,,,,,,,,,,,,,,,,,,,On,Connected,-54.000000,2462,26,,,,IWLAN
516,1,,,-121.9331166,47.5260749,2026-01-23 20:54:07.000,_20260123_124628_CH04_TMO_5GNR_WFC_MT-REF-2_TC-157.dml,,,,,,,,,,NR SA,,,,,,,,,,,,,,,,,,,,,2.044419,On,Connected,-54.000000,2462,26,,,,IWLAN
517,1,,,-121.9331166,47.5260749,2026-01-23 20:54:08.000,_20260123_124628_CH04_TMO_5GNR_WFC_MT-REF-2_TC-157.dml,,,,,,,,,,NR SA,,,,,,,,,,,,,,,,,,,594,,2.044419,On,Connected,-54.000000,2462,26,,,,IWLAN
518,1,,,-121.9331166,47.5260749,2026-01-23 20:54:09.000,_20260123_124628_CH04_TMO_5GNR_WFC_MT-REF-2_TC-157.dml,,,,,,,,,,NR SA,,,,,,,,,,,,,,,,,,,,,2.044419,On,Connected,-54.000000,2462,26,,,,IWLAN
519,1,,,-121.9331166,47.5260749,2026-01-23 20:54:10.000,_20260123_124628_CH04_TMO_5GNR_WFC_MT-REF-2_TC-157.dml,,,,,,,,,,NR SA,,,,,,,,,,,,,,,,,,,594,,2.044419,On,Connected,-55.000000,2462,26,,,,IWLAN
520,1,,,-121.9331166,47.5260749,2026-01-23 20:54:11.000,_20260123_124628_CH04_TMO_5GNR_WFC_MT-REF-2_TC-157.dml,,,,,,,,,,NR SA,,,,,,,,,,,,,,,,,,,,,2.044419,On,Connected,-55.000000,2462,26,,,,IWLAN
521,1,,,-121.9331166,47.5260749,2026-01-23 20:54:12.000,_20260123_124628_CH04_TMO_5GNR_WFC_MT-REF-2_TC-157.dml,,,,,,,,,,NR SA,,,,,,,,,,,,,,,,,,,,,2.044419,On,Connected,-55.000000,2462,26,,,,IWLAN
522,1,,,-121.9331166,47.5260749,2026-01-23 20:54:13.000,_20260123_124628_CH04_TMO_5GNR_WFC_MT-REF-2_TC-157.dml,,,,,,,,,,NR SA,,,,,,,,,,,,,,,,,,,594,,2.044419,On,Connected,-55.000000,2462,26,,,,IWLAN
523,1,,,-121.9331166,47.5260749,2026-01-23 20:54:14.000,_20260123_124628_CH04_TMO_5GNR_WFC_MT-REF-2_TC-157.dml,,,,,,,,,,NR SA,,,,,,,,,,,,,,,,,,,594,,2.044419,On,Connected,-55.000000,2462,26,,,,IWLAN
524,1,,,-121.9331166,47.5260749,2026-01-23 20:54:15.000,_20260123_124628_CH04_TMO_5GNR_WFC_MT-REF-2_TC-157.dml,,,,,,,,,,NR SA,,,,,,,,,,,,,,,,,,,594,,2.044419,On,Connected,-55.000000,2462,26,,,,IWLAN
525,1,,,-121.9331166,47.5260749,2026-01-23 20:54:16.000,_20260123_124628_CH04_TMO_5GNR_WFC_MT-REF-2_TC-157.dml,,,,,,,,,,NR SA,,,,,,,,,,,,,,,,,,,,,2.044419,On,Connected,-55.000000,2462,26,,,,IWLAN
526,1,,,-121.9331166,47.5260749,2026-01-23 20:54:17.000,_20260123_124628_CH04_TMO_5GNR_WFC_MT-REF-2_TC-157.dml,,,,,,,,,,NR SA,,,,,,,,,,,,,,,,,,,594,,,On,Connected,-55.000000,2462,26,,,,IWLAN
527,1,,,-121.9331166,47.5260749,2026-01-23 20:54:18.164,_20260123_124628_CH04_TMO_5GNR_WFC_MT-REF-2_TC-157.dml,,,,,,,,,,,,,,,,,,,,,,,,,,,,,,-78.611979,,,,,,,,,,
528,1,,,-121.9331166,47.5260749,2026-01-23 20:54:18.000,_20260123_124628_CH04_TMO_5GNR_WFC_MT-REF-2_TC-157.dml,,,,,,,,,,NR SA,,,,,,,,,,,,,,,,,,,,,,On,Connected,-55.000000,2462,26,,,,IWLAN
529,1,,,-121.9331166,47.5260749,2026-01-23 20:54:19.000,_20260123_124628_CH04_TMO_5GNR_WFC_MT-REF-2_TC-157.dml,,,,,,,,,,NR SA,,,,,,,,,,,,,,,,,,,594,,,On,Connected,-55.000000,2462,39,,,,IWLAN
530,1,,,-121.9331166,47.5260749,2026-01-23 20:54:20.000,_20260123_124628_CH04_TMO_5GNR_WFC_MT-REF-2_TC-157.dml,,,,,,,,,,NR SA,,,,,,,,,,,,,,,,,,,,,,,Connected,,,,,,,IWLAN
531,1,,,-121.9331166,47.5260749,2026-01-23 20:54:21.000,_20260123_124628_CH04_TMO_5GNR_WFC_MT-REF-2_TC-157.dml,,,,,,,,,,NR SA,,,,,,,,,,,,,,,,,,,,,,On,Connected,-55.000000,2462,39,,,,IWLAN
532,1,,,-121.9331166,47.5260749,2026-01-23 20:54:22.000,_20260123_124628_CH04_TMO_5GNR_WFC_MT-REF-2_TC-157.dml,,,,,,,,,,NR SA,,,,,,,,,,,,,,,,,,,594,,,On,Connected,-53.000000,2462,26,,,,IWLAN
533,1,,,-121.9331166,47.5260749,2026-01-23 20:54:23.000,_20260123_124628_CH04_TMO_5GNR_WFC_MT-REF-2_TC-157.dml,,,,,,,,,,NR SA,,,,,,,,,,,,,,,,,,,594,,,,Connected,,,,,,,IWLAN
534,1,,,-121.9331166,47.5260749,2026-01-23 20:54:24.000,_20260123_124628_CH04_TMO_5GNR_WFC_MT-REF-2_TC-157.dml,,,,,,,,,,NR SA,,,,,,,,,,,,,,,,,,,594,,,On,Connected,-53.000000,2462,26,,,,IWLAN
535,1,,,-121.9331166,47.5260749,2026-01-23 20:54:25.000,_20260123_124628_CH04_TMO_5GNR_WFC_MT-REF-2_TC-157.dml,,,,,,,,,,NR SA,,,,,,,,,,,,,,,,,,,,,,,Connected,,,,,,,IWLAN
536,1,,,-121.9331166,47.5260749,2026-01-23 20:54:26.000,_20260123_124628_CH04_TMO_5GNR_WFC_MT-REF-2_TC-157.dml,,,,,,,,,,NR SA,,,,,,,,,,,,,,,,,,,,,,On,Connected,-53.000000,2462,26,,,,IWLAN
537,1,,,-121.9331166,47.5260749,2026-01-23 20:54:27.000,_20260123_124628_CH04_TMO_5GNR_WFC_MT-REF-2_TC-157.dml,,,,,,,,,,NR SA,,,,,,,,,,,,,,,,,,,594,,,,Connected,,,,,,,IWLAN
538,1,,,-121.9331166,47.5260749,2026-01-23 20:54:28.000,_20260123_124628_CH04_TMO_5GNR_WFC_MT-REF-2_TC-157.dml,,,,,,,,,,NR SA,,,,,,,,,,,,,,,,,,,594,,2.102235,On,Connected,-54.000000,2462,19,,,,IWLAN
539,1,,,-121.9331166,47.5260749,2026-01-23 20:54:29.000,_20260123_124628_CH04_TMO_5GNR_WFC_MT-REF-2_TC-157.dml,,,,,,,,,,NR SA,,,,,,,,,,,,,,,,,,,,,2.102235,,Connected,,,,,,,IWLAN
540,1,,,-121.9331166,47.5260749,2026-01-23 20:54:30.000,_20260123_124628_CH04_TMO_5GNR_WFC_MT-REF-2_TC-157.dml,,,,,,,,,,NR SA,,,,,,,,,,,,,,,,,,,,,2.102235,On,Connected,-54.000000,2462,19,,,,IWLAN
541,1,,,-121.9331166,47.5260749,2026-01-23 20:54:31.000,_20260123_124628_CH04_TMO_5GNR_WFC_MT-REF-2_TC-157.dml,,,,,,,,,,NR SA,,,,,,,,,,,,,,,,,,,594,,2.102235,On,Connected,-53.000000,2462,13,,,,IWLAN
542,1,,,-121.9331166,47.5260749,2026-01-23 20:54:32.000,_20260123_124628_CH04_TMO_5GNR_WFC_MT-REF-2_TC-157.dml,,,,,,,,,,NR SA,,,,,,,,,,,,,,,,,,,,,2.102235,,Connected,,,,,,,IWLAN
543,1,,,-121.9331166,47.5260749,2026-01-23 20:54:33.000,_20260123_124628_CH04_TMO_5GNR_WFC_MT-REF-2_TC-157.dml,,,,,,,,,,NR SA,,,,,,,,,,,,,,,,,,,594,,2.102235,On,Connected,-53.500000,2462,26,,,,IWLAN
544,1,,,-121.9331166,47.5260749,2026-01-23 20:54:34.000,_20260123_124628_CH04_TMO_5GNR_WFC_MT-REF-2_TC-157.dml,,,,,,,,,,NR SA,,,,,,,,,,,,,,,,,,,,,2.102235,,Connected,,,,,,,IWLAN
545,1,,,-121.9331166,47.5260749,2026-01-23 20:54:35.000,_20260123_124628_CH04_TMO_5GNR_WFC_MT-REF-2_TC-157.dml,,,,,,,,,,NR SA,,,,,,,,,,,,,,,,,,,,,2.102235,On,Connected,-54.000000,2462,26,,,,IWLAN
546,1,,,-121.9331166,47.5260749,2026-01-23 20:54:36.000,_20260123_124628_CH04_TMO_5GNR_WFC_MT-REF-2_TC-157.dml,,,,,,,,,,NR SA,,,,,,,,,,,,,,,,,,,594,,2.102235,,Connected,,,,,,,IWLAN
547,1,,,-121.9331166,47.5260749,2026-01-23 20:54:37.000,_20260123_124628_CH04_TMO_5GNR_WFC_MT-REF-2_TC-157.dml,,,,,,,,,,NR SA,,,,,,,,,,,,,,,,,,,,,,On,Connected,-56.000000,2462,26,,,,IWLAN
548,1,,,-121.9331166,47.5260749,2026-01-23 20:54:38.117,_20260123_124628_CH04_TMO_5GNR_WFC_MT-REF-2_TC-157.dml,,,,,,,,,,,,,,,,,,,,,,,,,,,,,,-74.262153,,,,,,,,,,
549,1,,,-121.9331166,47.5260749,2026-01-23 20:54:38.000,_20260123_124628_CH04_TMO_5GNR_WFC_MT-REF-2_TC-157.dml,,,,,,,,,,NR SA,,,,,,,,,,,,,,,,,,,594,,,On,Connected,-56.000000,2462,26,,,,IWLAN
550,1,,,-121.9331166,47.5260749,2026-01-23 20:54:39.000,_20260123_124628_CH04_TMO_5GNR_WFC_MT-REF-2_TC-157.dml,,,,,,,,,,NR SA,,,,,,,,,,,,,,,,,,,,,,On,Connected,-56.000000,2462,26,,,,IWLAN
551,1,,,-121.9331166,47.5260749,2026-01-23 20:54:40.000,_20260123_124628_CH04_TMO_5GNR_WFC_MT-REF-2_TC-157.dml,,,,,,,,,,NR SA,,,,,,,,,,,,,,,,,,,,,,On,Connected,-54.000000,2462,26,,,,IWLAN
552,1,,,-121.9331166,47.5260749,2026-01-23 20:54:41.000,_20260123_124628_CH04_TMO_5GNR_WFC_MT-REF-2_TC-157.dml,,,,,,,,,,NR SA,,,,,,,,,,,,,,,,,,,594,,,On,Connected,-54.000000,2462,26,,,,IWLAN
553,1,,,-121.9331166,47.5260749,2026-01-23 20:54:42.000,_20260123_124628_CH04_TMO_5GNR_WFC_MT-REF-2_TC-157.dml,,,,,,,,,,NR SA,,,,,,,,,,,,,,,,,,,,,,On,Connected,-54.000000,2462,26,,,,IWLAN
554,1,,,-121.9331166,47.5260749,2026-01-23 20:54:43.000,_20260123_124628_CH04_TMO_5GNR_WFC_MT-REF-2_TC-157.dml,,,,,,,,,,NR SA,,,,,,,,,,,,,,,,,,,,,,On,Connected,-53.000000,2462,13,,,,IWLAN
555,1,,,-121.9331166,47.5260749,2026-01-23 20:54:44.000,_20260123_124628_CH04_TMO_5GNR_WFC_MT-REF-2_TC-157.dml,,,,,,,,,,NR SA,,,,,,,,,,,,,,,,,,,594,,,On,Connected,-53.000000,2462,13,,,,IWLAN
556,1,,,-121.9331166,47.5260749,2026-01-23 20:54:45.000,_20260123_124628_CH04_TMO_5GNR_WFC_MT-REF-2_TC-157.dml,,,,,,,,,,NR SA,,,,,,,,,,,,,,,,,,,,,,On,Connected,-53.000000,2462,13,,,,IWLAN
557,1,,,-121.9331166,47.5260749,2026-01-23 20:54:46.000,_20260123_124628_CH04_TMO_5GNR_WFC_MT-REF-2_TC-157.dml,,,,,,,,,,NR SA,,,,,,,,,,,,,,,,,,,594,,,On,Connected,-54.000000,2462,13,,,,IWLAN
558,1,,,-121.9331166,47.5260749,2026-01-23 20:54:47.428,_20260123_124628_CH04_TMO_5GNR_WFC_MT-REF-2_TC-157.dml,,,,,,,,,,,,,,,,,,,,,,,[Tool] Voice - Pair Channel Call Drop,,,,,,,,,,,,,,,,,
559,1,,,-121.9331166,47.5260749,2026-01-23 20:54:47.428,_20260123_124628_CH04_TMO_5GNR_WFC_MT-REF-2_TC-157.dml,,,,,,,,,,,,,,,,,,,,,,,[Tool] Voice - Release Call Request,,,,,,,,,,,,,,,,,
560,1,,,-121.9331166,47.5260749,2026-01-23 20:54:47.000,_20260123_124628_CH04_TMO_5GNR_WFC_MT-REF-2_TC-157.dml,,,,,,,,,,NR SA,,,,,,,,,,,,,,,,,,,,,,On,Connected,-54.000000,2462,13,,,,IWLAN
561,1,,,-121.9331166,47.5260749,2026-01-23 20:54:47.930,_20260123_124628_CH04_TMO_5GNR_WFC_MT-REF-2_TC-157.dml,,,,,,,,,,,,,,,,,,,,,,BQ,[Tool] Voice - Call Result : BQ,,,,,,,,,,,,,,,,,
562,1,,,-121.9331166,47.5260749,2026-01-23 20:54:47.930,_20260123_124628_CH04_TMO_5GNR_WFC_MT-REF-2_TC-157.dml,,,,,,,,,,,,,,,,,,,,,,,[UE]   Voice - Release Call Success,,,,,,,,,,,,,,,,,
563,1,,,-121.9331166,47.5260749,2026-01-23 20:54:48.000,_20260123_124628_CH04_TMO_5GNR_WFC_MT-REF-2_TC-157.dml,,,,,,,,,,,,,,,,,,,,,,,,,,,,,,,,On,Connected,-54.000000,2462,13,,,,IWLAN
564,1,,,-121.9331166,47.5260749,2026-01-23 20:54:49.014,_20260123_124628_CH04_TMO_5GNR_WFC_MT-REF-2_TC-157.dml,,,,,,,,,,,,,,,,,,,,,,,[UE]   Voice - Release Call Success,,,,,,,,,,,,,,,,,
565,1,,,-121.9331166,47.5260749,2026-01-23 20:54:49.000,_20260123_124628_CH04_TMO_5GNR_WFC_MT-REF-2_TC-157.dml,,,,,,,,,,,,,,,,,,,,,,,,,,,,,594,,,On,Connected,-56.000000,2462,13,,,,IWLAN
566,1,,,-121.9331166,47.5260749,2026-01-23 20:54:50.000,_20260123_124628_CH04_TMO_5GNR_WFC_MT-REF-2_TC-157.dml,,,,,,,,,,,,,,,,,,,,,,,,,,,,,,,,On,Connected,-56.000000,2462,13,,,,IWLAN
567,1,,,-121.9331166,47.5260749,2026-01-23 20:54:51.000,_20260123_124628_CH04_TMO_5GNR_WFC_MT-REF-2_TC-157.dml,,,,,,,,,,,,,,,,,,,,,,,,,,,,,,,,On,Connected,-56.000000,2462,13,,,,IWLAN
568,1,,,-121.9331166,47.5260749,2026-01-23 20:54:52.000,_20260123_124628_CH04_TMO_5GNR_WFC_MT-REF-2_TC-157.dml,,,,,,,,,,,,,,,,,,,,,,,,,,,,,594,,,On,Connected,-59.000000,2462,13,,,,IWLAN
569,1,,,-121.9331166,47.5260749,2026-01-23 20:54:53.000,_20260123_124628_CH04_TMO_5GNR_WFC_MT-REF-2_TC-157.dml,,,,,,,,,,,,,,,,,,,,,,,,,,,,,,,,On,Connected,-59.000000,2462,13,,,,IWLAN
570,1,,,-121.9331166,47.5260749,2026-01-23 20:54:54.000,_20260123_124628_CH04_TMO_5GNR_WFC_MT-REF-2_TC-157.dml,,,,,,,,,,,,,,,,,,,,,,,,,,,,,,,,On,Connected,-59.000000,2462,13,,,,IWLAN
571,1,,,-121.9331166,47.5260749,2026-01-23 20:54:55.000,_20260123_124628_CH04_TMO_5GNR_WFC_MT-REF-2_TC-157.dml,,,,,,,,,,,,,,,,,,,,,,,,,,,,,594,,,On,Connected,-59.000000,2462,13,,,,IWLAN
572,1,,,-121.9331166,47.5260749,2026-01-23 20:54:56.000,_20260123_124628_CH04_TMO_5GNR_WFC_MT-REF-2_TC-157.dml,,,,,,,,,,,,,,,,,,,,,,,,,,,,,,,,On,Connected,-59.000000,2462,13,,,,IWLAN
573,1,,,-121.9331166,47.5260749,2026-01-23 20:54:57.000,_20260123_124628_CH04_TMO_5GNR_WFC_MT-REF-2_TC-157.dml,,,,,,,,,,,,,,,,,,,,,,,,,,,,,594,,,On,Connected,-59.000000,2462,13,,,,IWLAN
574,1,,,-121.9331166,47.5260749,2026-01-23 20:54:58.000,_20260123_124628_CH04_TMO_5GNR_WFC_MT-REF-2_TC-157.dml,,,,,,,,,,,,,,,,,,,,,,,,,,,,,,,,On,Connected,-59.000000,2462,13,,,,IWLAN
575,1,,,-121.9331166,47.5260749,2026-01-23 20:54:59.000,_20260123_124628_CH04_TMO_5GNR_WFC_MT-REF-2_TC-157.dml,,,,,,,,,,,,,,,,,,,,,,,,,,,,,,,,On,Connected,-59.000000,2462,13,,,,IWLAN
576,1,,,-121.9331166,47.5260749,2026-01-23 20:55:00.000,_20260123_124628_CH04_TMO_5GNR_WFC_MT-REF-2_TC-157.dml,,,,,,,,,,,,,,,,,,,,,,,,,,,,,594,,,On,Connected,-59.000000,2462,13,,,,IWLAN
577,1,,,-121.9331166,47.5260749,2026-01-23 20:55:01.000,_20260123_124628_CH04_TMO_5GNR_WFC_MT-REF-2_TC-157.dml,,,,,,,,,,,,,,,,,,,,,,,,,,,,,594,,,On,Connected,-59.000000,2462,13,,,,IWLAN
578,1,,,-121.9331166,47.5260749,2026-01-23 20:55:02.000,_20260123_124628_CH04_TMO_5GNR_WFC_MT-REF-2_TC-157.dml,,,,,,,,,,,,,,,,,,,,,,,,,,,,,,,,On,Connected,-59.000000,2462,13,,,,IWLAN
579,1,,,-121.9331166,47.5260749,2026-01-23 20:55:03.000,_20260123_124628_CH04_TMO_5GNR_WFC_MT-REF-2_TC-157.dml,,,,,,,,,,,,,,,,,,,,,,,,,,,,,,,,On,Connected,-59.000000,2462,13,,,,IWLAN
580,1,,,-121.9331166,47.5260749,2026-01-23 20:55:04.000,_20260123_124628_CH04_TMO_5GNR_WFC_MT-REF-2_TC-157.dml,,,,,,,,,,,,,,,,,,,,,,,,,,,,,594,,,On,Connected,-60.000000,2462,13,,,,IWLAN
581,1,,,-121.9331166,47.5260749,2026-01-23 20:55:05.000,_20260123_124628_CH04_TMO_5GNR_WFC_MT-REF-2_TC-157.dml,,,,,,,,,,,,,,,,,,,,,,,,,,,,,594,,,On,Connected,-60.000000,2462,13,,,,IWLAN
582,1,,,-121.9331166,47.5260749,2026-01-23 20:55:06.000,_20260123_124628_CH04_TMO_5GNR_WFC_MT-REF-2_TC-157.dml,,,,,,,,,,,,,,,,,,,,,,,,,,,,,594,,,On,Connected,-60.000000,2462,13,,,,IWLAN
583,1,,,-121.9331166,47.5260749,2026-01-23 20:55:07.000,_20260123_124628_CH04_TMO_5GNR_WFC_MT-REF-2_TC-157.dml,,,,,,,,,,,,,,,,,,,,,,,,,,,,,,,,On,Connected,-59.000000,2462,13,,,,IWLAN
584,1,,,-121.9331166,47.5260749,2026-01-23 20:55:08.000,_20260123_124628_CH04_TMO_5GNR_WFC_MT-REF-2_TC-157.dml,,,,,,,,,,,,,,,,,,,,,,,,,,,,,594,,,On,Connected,-59.000000,2462,13,,,,IWLAN
585,1,,,-121.9331166,47.5260749,2026-01-23 20:55:09.000,_20260123_124628_CH04_TMO_5GNR_WFC_MT-REF-2_TC-157.dml,,,,,,,,,,,,,,,,,,,,,,,,,,,,,594,,,On,Connected,-59.000000,2462,13,,,,IWLAN
586,1,,,-121.9331166,47.5260749,2026-01-23 20:55:10.000,_20260123_124628_CH04_TMO_5GNR_WFC_MT-REF-2_TC-157.dml,,,,,,,,,,,,,,,,,,,,,,,,,,,,,594,,,On,Connected,-54.000000,2462,13,,,,IWLAN
587,1,,,-121.9331166,47.5260749,2026-01-23 20:55:11.000,_20260123_124628_CH04_TMO_5GNR_WFC_MT-REF-2_TC-157.dml,,,,,,,,,,,,,,,,,,,,,,,,,,,,,594,,,On,Connected,-54.000000,2462,13,,,,IWLAN
588,1,,,-121.9331166,47.5260749,2026-01-23 20:55:12.000,_20260123_124628_CH04_TMO_5GNR_WFC_MT-REF-2_TC-157.dml,,,,,,,,,,,,,,,,,,,,,,,,,,,,,,,,On,Connected,-54.000000,2462,13,,,,IWLAN
589,1,,,-121.9331166,47.5260749,2026-01-23 20:55:13.000,_20260123_124628_CH04_TMO_5GNR_WFC_MT-REF-2_TC-157.dml,,,,,,,,,,,,,,,,,,,,,,,,,,,,,,,,On,Connected,-54.000000,2462,13,,,,IWLAN
590,1,,,-121.9331166,47.5260749,2026-01-23 20:55:14.000,_20260123_124628_CH04_TMO_5GNR_WFC_MT-REF-2_TC-157.dml,,,,,,,,,,,,,,,,,,,,,,,,,,,,,594,,,On,Connected,-54.000000,2462,13,,,,IWLAN
591,1,,,-121.9331166,47.5260749,2026-01-23 20:55:15.000,_20260123_124628_CH04_TMO_5GNR_WFC_MT-REF-2_TC-157.dml,,,,,,,,,,,,,,,,,,,,,,,,,,,,,,,,On,Connected,-54.000000,2462,13,,,,IWLAN
592,1,,,-121.9331166,47.5260749,2026-01-23 20:55:15.419,_20260123_124628_CH04_TMO_5GNR_WFC_MT-REF-2_TC-157.dml,,,,,,,,,,,,,,,,,,,,,,,[Tool] Voice - Release Call Request,,,,,,,,,,,,,,,,,
593,1,,,-121.9331166,47.5260749,2026-01-23 20:55:16.000,_20260123_124628_CH04_TMO_5GNR_WFC_MT-REF-2_TC-157.dml,,,,,,,,,,,,,,,,,,,,,,,,,,,,,594,,,On,Connected,-60.000000,2462,13,,,,IWLAN
594,1,,,-121.9331166,47.5260749,2026-01-23 20:55:17.000,_20260123_124628_CH04_TMO_5GNR_WFC_MT-REF-2_TC-157.dml,,,,,,,,,,,,,,,,,,,,,,,,,,,,,,,,On,Connected,-60.000000,2462,13,,,,IWLAN
595,1,,,-121.9331166,47.5260749,2026-01-23 20:55:18.000,_20260123_124628_CH04_TMO_5GNR_WFC_MT-REF-2_TC-157.dml,,,,,,,,,,,,,,,,,,,,,,,,,,,,,,,,On,Connected,-60.000000,2462,13,,,,IWLAN
596,1,,,-121.9331166,47.5260749,2026-01-23 20:55:18.171,_20260123_124628_CH04_TMO_5GNR_WFC_MT-REF-2_TC-157.dml,,,,,,,,,,,,,,,,,,,,,,,[Tool] Voice - Call Scheduling End,,,,,,,,,,,,,,,,,
597,1,,,-121.9331166,47.5260749,2026-01-23 20:55:18.171,_20260123_124628_CH04_TMO_5GNR_WFC_MT-REF-2_TC-157.dml,NR SA,Voice,BQ,NR SA,NR SA,Qualcomm,,354877970012475,,,,,,,,,BQ,Termination,BQ,,,,,,,,,90.044000,,,,,,,,,,EPSFB,,
598,1,,,-121.9331166,47.5260749,2026-01-23 20:55:18.171,_20260123_124628_CH04_TMO_5GNR_WFC_MT-REF-2_TC-157.dml,,,,,,,,,,,,,,,,,,,,,,,[Tool] Voice - Release Call Request,,,,,,,,,,,,,,,,,
599,1,,,-121.9331166,47.5260749,2026-01-23 20:55:18.486,_20260123_124628_CH04_TMO_5GNR_WFC_MT-REF-2_TC-157.dml,,,,,,,,,,,,,,,,,,,,,,,[Tool] Voice - Call Scheduling Start(Term),,,,,,,,,,,,,,,,,
600,1,,,-121.9331166,47.5260749,2026-01-23 20:55:18.486,_20260123_124628_CH04_TMO_5GNR_WFC_MT-REF-2_TC-157.dml,,,,,,,,,,,,,,,,,,,,,,,[Tool] Voice - Wait Page,,,,,,,,,,,,,,,,,
601,1,,,-121.9331166,47.5260749,2026-01-23 20:55:19.000,_20260123_124628_CH04_TMO_5GNR_WFC_MT-REF-2_TC-157.dml,,,,,,,,,,,,,,,,,,,,,,,,,,,,,594,,,On,Connected,-62.000000,2462,13,,,,IWLAN
602,1,,,-121.9331166,47.5260749,2026-01-23 20:55:20.000,_20260123_124628_CH04_TMO_5GNR_WFC_MT-REF-2_TC-157.dml,,,,,,,,,,,,,,,,,,,,,,,,,,,,,,,,On,Connected,-62.000000,2462,13,,,,IWLAN
603,1,,,-121.9331166,47.5260749,2026-01-23 20:55:21.000,_20260123_124628_CH04_TMO_5GNR_WFC_MT-REF-2_TC-157.dml,,,,,,,,,,,,,,,,,,,,,,,,,,,,,594,,,On,Connected,-62.000000,2462,13,,,,IWLAN
604,1,,,-121.9331166,47.5260749,2026-01-23 20:55:22.000,_20260123_124628_CH04_TMO_5GNR_WFC_MT-REF-2_TC-157.dml,,,,,,,,,,,,,,,,,,,,,,,,,,,,,,,,On,Connected,-59.000000,2462,19,,,,IWLAN
605,1,,,-121.9331166,47.5260749,2026-01-23 20:55:23.000,_20260123_124628_CH04_TMO_5GNR_WFC_MT-REF-2_TC-157.dml,,,,,,,,,,,,,,,,,,,,,,,,,,,,,594,,,On,Connected,-59.000000,2462,19,,,,IWLAN
606,1,,,-121.9331166,47.5260749,2026-01-23 20:55:24.000,_20260123_124628_CH04_TMO_5GNR_WFC_MT-REF-2_TC-157.dml,,,,,,,,,,,,,,,,,,,,,,,,,,,,,,,,On,Connected,-59.000000,2462,19,,,,IWLAN
607,1,,,-121.9331166,47.5260749,2026-01-23 20:55:24.450,_20260123_124628_CH04_TMO_5GNR_WFC_MT-REF-2_TC-157.dml,,,,,,,,,,,,,,,,,,,,,,,[Tool] Voice - Answer Request,,,,,,,,,,,,,,,,,
608,1,,,-121.9331166,47.5260749,2026-01-23 20:55:25.000,_20260123_124628_CH04_TMO_5GNR_WFC_MT-REF-2_TC-157.dml,,,,,,,,,,,,,,,,,,,,,,,,,,,,,594,,,On,Connected,-58.000000,2462,19,,,,IWLAN
609,1,,,-121.9331166,47.5260749,2026-01-23 20:55:25.334,_20260123_124628_CH04_TMO_5GNR_WFC_MT-REF-2_TC-157.dml,,,,,,,,,,,,,,,,,,,,,,,[UE]   Voice - Setup Success,,,,,,,,,,,,,,,,,
610,1,,,-121.9331166,47.5260749,2026-01-23 20:55:26.000,_20260123_124628_CH04_TMO_5GNR_WFC_MT-REF-2_TC-157.dml,,,,,,,,,,NR SA,,,,,,,,,,,,,,,,,,,,,,On,Connected,-58.000000,2462,19,,,,IWLAN
611,1,,,-121.9331166,47.5260749,2026-01-23 20:55:27.000,_20260123_124628_CH04_TMO_5GNR_WFC_MT-REF-2_TC-157.dml,,,,,,,,,,NR SA,,,,,,,,,,,,,,,,,,,,,,On,Connected,-58.000000,2462,19,,,,IWLAN
612,1,,,-121.9331166,47.5260749,2026-01-23 20:55:28.000,_20260123_124628_CH04_TMO_5GNR_WFC_MT-REF-2_TC-157.dml,,,,,,,,,,NR SA,,,,,,,,,,,,,,,,,,,594,,,On,Connected,-55.000000,2462,13,,,,IWLAN
613,1,,,-121.9331166,47.5260749,2026-01-23 20:55:29.000,_20260123_124628_CH04_TMO_5GNR_WFC_MT-REF-2_TC-157.dml,,,,,,,,,,NR SA,,,,,,,,,,,,,,,,,,,,,,On,Connected,-55.000000,2462,13,,,,IWLAN
614,1,,,-121.9331166,47.5260749,2026-01-23 20:55:30.000,_20260123_124628_CH04_TMO_5GNR_WFC_MT-REF-2_TC-157.dml,,,,,,,,,,NR SA,,,,,,,,,,,,,,,,,,,594,,,On,Connected,-55.000000,2462,13,,,,IWLAN
615,1,,,-121.9331166,47.5260749,2026-01-23 20:55:31.000,_20260123_124628_CH04_TMO_5GNR_WFC_MT-REF-2_TC-157.dml,,,,,,,,,,NR SA,,,,,,,,,,,,,,,,,,,,,,On,Connected,-54.000000,2462,19,,,,IWLAN
616,1,,,-121.9331166,47.5260749,2026-01-23 20:55:32.000,_20260123_124628_CH04_TMO_5GNR_WFC_MT-REF-2_TC-157.dml,,,,,,,,,,NR SA,,,,,,,,,,,,,,,,,,,,,,On,Connected,-54.000000,2462,19,,,,IWLAN
617,1,,,-121.9331166,47.5260749,2026-01-23 20:55:33.000,_20260123_124628_CH04_TMO_5GNR_WFC_MT-REF-2_TC-157.dml,,,,,,,,,,NR SA,,,,,,,,,,,,,,,,,,,594,,,On,Connected,-54.000000,2462,19,,,,IWLAN
618,1,,,-121.9331166,47.5260749,2026-01-23 20:55:34.000,_20260123_124628_CH04_TMO_5GNR_WFC_MT-REF-2_TC-157.dml,,,,,,,,,,NR SA,,,,,,,,,,,,,,,,,,,,,,On,Connected,-56.000000,2462,26,,,,IWLAN
619,1,,,-121.9331166,47.5260749,2026-01-23 20:55:35.000,_20260123_124628_CH04_TMO_5GNR_WFC_MT-REF-2_TC-157.dml,,,,,,,,,,NR SA,,,,,,,,,,,,,,,,,,,594,,,On,Connected,-56.000000,2462,26,,,,IWLAN
620,1,,,-121.9331166,47.5260749,2026-01-23 20:55:36.000,_20260123_124628_CH04_TMO_5GNR_WFC_MT-REF-2_TC-157.dml,,,,,,,,,,NR SA,,,,,,,,,,,,,,,,,,,,,1.628458,On,Connected,-56.000000,2462,26,,,,IWLAN
621,1,,,-121.9331166,47.5260749,2026-01-23 20:55:37.000,_20260123_124628_CH04_TMO_5GNR_WFC_MT-REF-2_TC-157.dml,,,,,,,,,,NR SA,,,,,,,,,,,,,,,,,,,594,,1.628458,On,Connected,-54.000000,2462,19,,,,IWLAN
622,1,,,-121.9331166,47.5260749,2026-01-23 20:55:38.000,_20260123_124628_CH04_TMO_5GNR_WFC_MT-REF-2_TC-157.dml,,,,,,,,,,NR SA,,,,,,,,,,,,,,,,,,,594,,1.628458,On,Connected,-54.000000,2462,19,,,,IWLAN
623,1,,,-121.9331166,47.5260749,2026-01-23 20:55:39.000,_20260123_124628_CH04_TMO_5GNR_WFC_MT-REF-2_TC-157.dml,,,,,,,,,,NR SA,,,,,,,,,,,,,,,,,,,,,1.628458,On,Connected,-54.000000,2462,19,,,,IWLAN
624,1,,,-121.9331166,47.5260749,2026-01-23 20:55:40.000,_20260123_124628_CH04_TMO_5GNR_WFC_MT-REF-2_TC-157.dml,,,,,,,,,,NR SA,,,,,,,,,,,,,,,,,,,,,1.628458,On,Connected,-55.000000,2462,26,,,,IWLAN
625,1,,,-121.9331166,47.5260749,2026-01-23 20:55:41.000,_20260123_124628_CH04_TMO_5GNR_WFC_MT-REF-2_TC-157.dml,,,,,,,,,,NR SA,,,,,,,,,,,,,,,,,,,594,,1.628458,On,Connected,-55.000000,2462,26,,,,IWLAN
626,1,,,-121.9331166,47.5260749,2026-01-23 20:55:42.000,_20260123_124628_CH04_TMO_5GNR_WFC_MT-REF-2_TC-157.dml,,,,,,,,,,NR SA,,,,,,,,,,,,,,,,,,,,,1.628458,On,Connected,-55.000000,2462,26,,,,IWLAN
627,1,,,-121.9331166,47.5260749,2026-01-23 20:55:43.000,_20260123_124628_CH04_TMO_5GNR_WFC_MT-REF-2_TC-157.dml,,,,,,,,,,NR SA,,,,,,,,,,,,,,,,,,,594,,1.628458,On,Connected,-55.000000,2462,26,,,,IWLAN
628,1,,,-121.9331166,47.5260749,2026-01-23 20:55:44.000,_20260123_124628_CH04_TMO_5GNR_WFC_MT-REF-2_TC-157.dml,,,,,,,,,,NR SA,,,,,,,,,,,,,,,,,,,594,,1.628458,On,Connected,-55.000000,2462,26,,,,IWLAN
629,1,,,-121.9331166,47.5260749,2026-01-23 20:55:45.000,_20260123_124628_CH04_TMO_5GNR_WFC_MT-REF-2_TC-157.dml,,,,,,,,,,NR SA,,,,,,,,,,,,,,,,,,,,,1.628458,On,Connected,-55.000000,2462,26,,,,IWLAN
630,1,,,-121.9331166,47.5260749,2026-01-23 20:55:45.870,_20260123_124628_CH04_TMO_5GNR_WFC_MT-REF-2_TC-157.dml,,,,,,,,,,,,,,,,,,,,,,,,,,,,,,-78.615057,,,,,,,,,,
631,1,,,-121.9331166,47.5260749,2026-01-23 20:55:46.000,_20260123_124628_CH04_TMO_5GNR_WFC_MT-REF-2_TC-157.dml,,,,,,,,,,NR SA,,,,,,,,,,,,,,,,,,,594,,,On,Connected,-52.000000,2462,26,,,,IWLAN
632,1,,,-121.9331166,47.5260749,2026-01-23 20:55:47.000,_20260123_124628_CH04_TMO_5GNR_WFC_MT-REF-2_TC-157.dml,,,,,,,,,,NR SA,,,,,,,,,,,,,,,,,,,,,,On,Connected,-52.000000,2462,26,,,,IWLAN
633,1,,,-121.9331166,47.5260749,2026-01-23 20:55:48.000,_20260123_124628_CH04_TMO_5GNR_WFC_MT-REF-2_TC-157.dml,,,,,,,,,,NR SA,,,,,,,,,,,,,,,,,,,594,,,On,Connected,-52.000000,2462,26,,,,IWLAN
634,1,,,-121.9331166,47.5260749,2026-01-23 20:55:49.000,_20260123_124628_CH04_TMO_5GNR_WFC_MT-REF-2_TC-157.dml,,,,,,,,,,NR SA,,,,,,,,,,,,,,,,,,,,,,,Connected,,,,,,,IWLAN
635,1,,,-121.9331166,47.5260749,2026-01-23 20:55:50.000,_20260123_124628_CH04_TMO_5GNR_WFC_MT-REF-2_TC-157.dml,,,,,,,,,,NR SA,,,,,,,,,,,,,,,,,,,594,,,On,Connected,-54.000000,2462,39,,,,IWLAN
636,1,,,-121.9331166,47.5260749,2026-01-23 20:55:51.000,_20260123_124628_CH04_TMO_5GNR_WFC_MT-REF-2_TC-157.dml,,,,,,,,,,NR SA,,,,,,,,,,,,,,,,,,,,,,On,Connected,-54.000000,2462,39,,,,IWLAN
637,1,,,-121.9331166,47.5260749,2026-01-23 20:55:52.000,_20260123_124628_CH04_TMO_5GNR_WFC_MT-REF-2_TC-157.dml,,,,,,,,,,NR SA,,,,,,,,,,,,,,,,,,,594,,,On,Connected,-52.000000,2462,26,,,,IWLAN
638,1,,,-121.9331166,47.5260749,2026-01-23 20:55:53.000,_20260123_124628_CH04_TMO_5GNR_WFC_MT-REF-2_TC-157.dml,,,,,,,,,,NR SA,,,,,,,,,,,,,,,,,,,594,,,On,Connected,-52.000000,2462,26,,,,IWLAN
639,1,,,-121.9331166,47.5260749,2026-01-23 20:55:54.000,_20260123_124628_CH04_TMO_5GNR_WFC_MT-REF-2_TC-157.dml,,,,,,,,,,NR SA,,,,,,,,,,,,,,,,,,,,,,On,Connected,-52.000000,2462,26,,,,IWLAN
640,1,,,-121.9331166,47.5260749,2026-01-23 20:55:55.000,_20260123_124628_CH04_TMO_5GNR_WFC_MT-REF-2_TC-157.dml,,,,,,,,,,NR SA,,,,,,,,,,,,,,,,,,,,,,On,Connected,-52.000000,2462,26,,,,IWLAN
641,1,,,-121.9331166,47.5260749,2026-01-23 20:55:56.000,_20260123_124628_CH04_TMO_5GNR_WFC_MT-REF-2_TC-157.dml,,,,,,,,,,NR SA,,,,,,,,,,,,,,,,,,,594,,2.101863,,Connected,,,,,,,IWLAN
642,1,,,-121.9331166,47.5260749,2026-01-23 20:55:57.000,_20260123_124628_CH04_TMO_5GNR_WFC_MT-REF-2_TC-157.dml,,,,,,,,,,NR SA,,,,,,,,,,,,,,,,,,,,,2.101863,On,Connected,-52.000000,2462,26,,,,IWLAN
643,1,,,-121.9331166,47.5260749,2026-01-23 20:55:58.000,_20260123_124628_CH04_TMO_5GNR_WFC_MT-REF-2_TC-157.dml,,,,,,,,,,NR SA,,,,,,,,,,,,,,,,,,,,,2.101863,On,Connected,-52.000000,2462,26,,,,IWLAN
644,1,,,-121.9331166,47.5260749,2026-01-23 20:55:59.000,_20260123_124628_CH04_TMO_5GNR_WFC_MT-REF-2_TC-157.dml,,,,,,,,,,NR SA,,,,,,,,,,,,,,,,,,,594,,2.101863,On,Connected,-52.000000,2462,26,,,,IWLAN
645,1,,,-121.9331166,47.5260749,2026-01-23 20:56:00.000,_20260123_124628_CH04_TMO_5GNR_WFC_MT-REF-2_TC-157.dml,,,,,,,,,,NR SA,,,,,,,,,,,,,,,,,,,,,2.101863,On,Connected,-52.000000,2462,26,,,,IWLAN
646,1,,,-121.9331166,47.5260749,2026-01-23 20:56:01.000,_20260123_124628_CH04_TMO_5GNR_WFC_MT-REF-2_TC-157.dml,,,,,,,,,,NR SA,,,,,,,,,,,,,,,,,,,594,,2.101863,On,Connected,-55.000000,2462,19,,,,IWLAN
647,1,,,-121.9331166,47.5260749,2026-01-23 20:56:02.000,_20260123_124628_CH04_TMO_5GNR_WFC_MT-REF-2_TC-157.dml,,,,,,,,,,NR SA,,,,,,,,,,,,,,,,,,,594,,2.101863,On,Connected,-55.000000,2462,19,,,,IWLAN
648,1,,,-121.9331166,47.5260749,2026-01-23 20:56:03.000,_20260123_124628_CH04_TMO_5GNR_WFC_MT-REF-2_TC-157.dml,,,,,,,,,,NR SA,,,,,,,,,,,,,,,,,,,,,2.101863,On,Connected,-55.000000,2462,19,,,,IWLAN
649,1,,,-121.9331166,47.5260749,2026-01-23 20:56:04.000,_20260123_124628_CH04_TMO_5GNR_WFC_MT-REF-2_TC-157.dml,,,,,,,,,,NR SA,,,,,,,,,,,,,,,,,,,,,2.101863,On,Connected,-54.000000,2462,26,,,,IWLAN
650,1,,,-121.9331166,47.5260749,2026-01-23 20:56:05.000,_20260123_124628_CH04_TMO_5GNR_WFC_MT-REF-2_TC-157.dml,,,,,,,,,,NR SA,,,,,,,,,,,,,,,,,,,594,,2.101863,,Connected,,,,,,,IWLAN
651,1,,,-121.9331166,47.5260749,2026-01-23 20:56:05.916,_20260123_124628_CH04_TMO_5GNR_WFC_MT-REF-2_TC-157.dml,,,,,,,,,,,,,,,,,,,,,,,,,,,,,,-74.501563,,,,,,,,,,
652,1,,,-121.9331166,47.5260749,2026-01-23 20:56:06.000,_20260123_124628_CH04_TMO_5GNR_WFC_MT-REF-2_TC-157.dml,,,,,,,,,,NR SA,,,,,,,,,,,,,,,,,,,,,,On,Connected,-54.000000,2462,26,,,,IWLAN
653,1,,,-121.9331166,47.5260749,2026-01-23 20:56:07.000,_20260123_124628_CH04_TMO_5GNR_WFC_MT-REF-2_TC-157.dml,,,,,,,,,,NR SA,,,,,,,,,,,,,,,,,,,594,,,On,Connected,-56.000000,2462,26,,,,IWLAN
654,1,,,-121.9331166,47.5260749,2026-01-23 20:56:08.000,_20260123_124628_CH04_TMO_5GNR_WFC_MT-REF-2_TC-157.dml,,,,,,,,,,NR SA,,,,,,,,,,,,,,,,,,,,,,On,Connected,-56.000000,2462,26,,,,IWLAN
655,1,,,-121.9331166,47.5260749,2026-01-23 20:56:09.000,_20260123_124628_CH04_TMO_5GNR_WFC_MT-REF-2_TC-157.dml,,,,,,,,,,NR SA,,,,,,,,,,,,,,,,,,,594,,,On,Connected,-56.000000,2462,26,,,,IWLAN
656,1,,,-121.9331166,47.5260749,2026-01-23 20:56:10.000,_20260123_124628_CH04_TMO_5GNR_WFC_MT-REF-2_TC-157.dml,,,,,,,,,,NR SA,,,,,,,,,,,,,,,,,,,,,,On,Connected,-58.000000,2462,39,,,,IWLAN
657,1,,,-121.9331166,47.5260749,2026-01-23 20:56:11.000,_20260123_124628_CH04_TMO_5GNR_WFC_MT-REF-2_TC-157.dml,,,,,,,,,,NR SA,,,,,,,,,,,,,,,,,,,594,,,On,Connected,-58.000000,2462,39,,,,IWLAN
658,1,,,-121.9331166,47.5260749,2026-01-23 20:56:12.000,_20260123_124628_CH04_TMO_5GNR_WFC_MT-REF-2_TC-157.dml,,,,,,,,,,NR SA,,,,,,,,,,,,,,,,,,,,,,,Connected,,,,,,,IWLAN
659,1,,,-121.9331166,47.5260749,2026-01-23 20:56:13.000,_20260123_124628_CH04_TMO_5GNR_WFC_MT-REF-2_TC-157.dml,,,,,,,,,,NR SA,,,,,,,,,,,,,,,,,,,594,,,On,Connected,-57.000000,2462,19,,,,IWLAN
660,1,,,-121.9331166,47.5260749,2026-01-23 20:56:14.000,_20260123_124628_CH04_TMO_5GNR_WFC_MT-REF-2_TC-157.dml,,,,,,,,,,NR SA,,,,,,,,,,,,,,,,,,,,,,On,Connected,-56.000000,2462,19,,,,IWLAN
661,1,,,-121.9331166,47.5260749,2026-01-23 20:56:15.000,_20260123_124628_CH04_TMO_5GNR_WFC_MT-REF-2_TC-157.dml,,,,,,,,,,NR SA,,,,,,,,,,,,,,,,,,,594,,1.782100,On,Connected,-56.000000,2462,19,,,,IWLAN
662,1,,,-121.9331166,47.5260749,2026-01-23 20:56:16.000,_20260123_124628_CH04_TMO_5GNR_WFC_MT-REF-2_TC-157.dml,,,,,,,,,,NR SA,,,,,,,,,,,,,,,,,,,,,1.782100,On,Connected,-56.000000,2462,26,,,,IWLAN
663,1,,,-121.9331166,47.5260749,2026-01-23 20:56:17.000,_20260123_124628_CH04_TMO_5GNR_WFC_MT-REF-2_TC-157.dml,,,,,,,,,,NR SA,,,,,,,,,,,,,,,,,,,,,1.782100,,Connected,,,,,,,IWLAN
664,1,,,-121.9331166,47.5260749,2026-01-23 20:56:18.000,_20260123_124628_CH04_TMO_5GNR_WFC_MT-REF-2_TC-157.dml,,,,,,,,,,NR SA,,,,,,,,,,,,,,,,,,,594,,1.782100,On,Connected,-56.000000,2462,26,,,,IWLAN
665,1,,,-121.9331166,47.5260749,2026-01-23 20:56:19.000,_20260123_124628_CH04_TMO_5GNR_WFC_MT-REF-2_TC-157.dml,,,,,,,,,,NR SA,,,,,,,,,,,,,,,,,,,594,,1.782100,On,Connected,-52.000000,2462,26,,,,IWLAN
666,1,,,-121.9331166,47.5260749,2026-01-23 20:56:20.000,_20260123_124628_CH04_TMO_5GNR_WFC_MT-REF-2_TC-157.dml,,,,,,,,,,NR SA,,,,,,,,,,,,,,,,,,,,,1.782100,On,Connected,-52.000000,2462,26,,,,IWLAN
667,1,,,-121.9331166,47.5260749,2026-01-23 20:56:21.000,_20260123_124628_CH04_TMO_5GNR_WFC_MT-REF-2_TC-157.dml,,,,,,,,,,NR SA,,,,,,,,,,,,,,,,,,,,,1.782100,,Connected,,,,,,,IWLAN
668,1,,,-121.9331166,47.5260749,2026-01-23 20:56:22.000,_20260123_124628_CH04_TMO_5GNR_WFC_MT-REF-2_TC-157.dml,,,,,,,,,,NR SA,,,,,,,,,,,,,,,,,,,594,,1.782100,On,Connected,-54.000000,2462,39,,,,IWLAN
669,1,,,-121.9331166,47.5260749,2026-01-23 20:56:23.000,_20260123_124628_CH04_TMO_5GNR_WFC_MT-REF-2_TC-157.dml,,,,,,,,,,NR SA,,,,,,,,,,,,,,,,,,,,,1.782100,On,Connected,-56.000000,2462,39,,,,IWLAN
670,1,,,-121.9331166,47.5260749,2026-01-23 20:56:24.000,_20260123_124628_CH04_TMO_5GNR_WFC_MT-REF-2_TC-157.dml,,,,,,,,,,NR SA,,,,,,,,,,,,,,,,,,,594,,1.782100,On,Connected,-56.000000,2462,39,,,,IWLAN
671,1,,,-121.9331166,47.5260749,2026-01-23 20:56:25.000,_20260123_124628_CH04_TMO_5GNR_WFC_MT-REF-2_TC-157.dml,,,,,,,,,,NR SA,,,,,,,,,,,,,,,,,,,594,,,On,Connected,-56.000000,2462,39,,,,IWLAN
672,1,,,-121.9331166,47.5260749,2026-01-23 20:56:25.894,_20260123_124628_CH04_TMO_5GNR_WFC_MT-REF-2_TC-157.dml,,,,,,,,,,,,,,,,,,,,,,,,,,,,,,-79.134943,,,,,,,,,,
673,1,,,-121.9331166,47.5260749,2026-01-23 20:56:26.000,_20260123_124628_CH04_TMO_5GNR_WFC_MT-REF-2_TC-157.dml,,,,,,,,,,NR SA,,,,,,,,,,,,,,,,,,,,,,On,Connected,-56.000000,2462,39,,,,IWLAN
674,1,,,-121.9331166,47.5260749,2026-01-23 20:56:27.000,_20260123_124628_CH04_TMO_5GNR_WFC_MT-REF-2_TC-157.dml,,,,,,,,,,NR SA,,,,,,,,,,,,,,,,,,,,,,On,Connected,-56.000000,2462,39,,,,IWLAN
675,1,,,-121.9331166,47.5260749,2026-01-23 20:56:28.000,_20260123_124628_CH04_TMO_5GNR_WFC_MT-REF-2_TC-157.dml,,,,,,,,,,NR SA,,,,,,,,,,,,,,,,,,,594,,,,Connected,,,,,,,IWLAN
676,1,,,-121.9331166,47.5260749,2026-01-23 20:56:29.000,_20260123_124628_CH04_TMO_5GNR_WFC_MT-REF-2_TC-157.dml,,,,,,,,,,NR SA,,,,,,,,,,,,,,,,,,,,,,On,Connected,-56.000000,2462,19,,,,IWLAN
677,1,,,-121.9331166,47.5260749,2026-01-23 20:56:30.000,_20260123_124628_CH04_TMO_5GNR_WFC_MT-REF-2_TC-157.dml,,,,,,,,,,NR SA,,,,,,,,,,,,,,,,,,,594,,,On,Connected,-56.000000,2462,19,,,,IWLAN
678,1,,,-121.9331166,47.5260749,2026-01-23 20:56:31.000,_20260123_124628_CH04_TMO_5GNR_WFC_MT-REF-2_TC-157.dml,,,,,,,,,,NR SA,,,,,,,,,,,,,,,,,,,,,,,Connected,,,,,,,IWLAN
679,1,,,-121.9331166,47.5260749,2026-01-23 20:56:32.000,_20260123_124628_CH04_TMO_5GNR_WFC_MT-REF-2_TC-157.dml,,,,,,,,,,NR SA,,,,,,,,,,,,,,,,,,,,,,On,Connected,-57.000000,2462,39,,,,IWLAN
680,1,,,-121.9331166,47.5260749,2026-01-23 20:56:33.000,_20260123_124628_CH04_TMO_5GNR_WFC_MT-REF-2_TC-157.dml,,,,,,,,,,NR SA,,,,,,,,,,,,,,,,,,,594,,,,Connected,,,,,,,IWLAN
681,1,,,-121.9331166,47.5260749,2026-01-23 20:56:34.000,_20260123_124628_CH04_TMO_5GNR_WFC_MT-REF-2_TC-157.dml,,,,,,,,,,NR SA,,,,,,,,,,,,,,,,,,,,,,On,Connected,-57.000000,2462,39,,,,IWLAN
682,1,,,-121.9331166,47.5260749,2026-01-23 20:56:35.000,_20260123_124628_CH04_TMO_5GNR_WFC_MT-REF-2_TC-157.dml,,,,,,,,,,NR SA,,,,,,,,,,,,,,,,,,,,,,On,Connected,-56.000000,2462,52,,,,IWLAN
683,1,,,-121.9331166,47.5260749,2026-01-23 20:56:36.000,_20260123_124628_CH04_TMO_5GNR_WFC_MT-REF-2_TC-157.dml,,,,,,,,,,NR SA,,,,,,,,,,,,,,,,,,,594,,1.658203,On,Connected,-56.000000,2462,52,,,,IWLAN
684,1,,,-121.9331166,47.5260749,2026-01-23 20:56:37.000,_20260123_124628_CH04_TMO_5GNR_WFC_MT-REF-2_TC-157.dml,,,,,,,,,,NR SA,,,,,,,,,,,,,,,,,,,,,1.658203,On,Connected,-56.000000,2462,52,,,,IWLAN
685,1,,,-121.9331166,47.5260749,2026-01-23 20:56:38.000,_20260123_124628_CH04_TMO_5GNR_WFC_MT-REF-2_TC-157.dml,,,,,,,,,,NR SA,,,,,,,,,,,,,,,,,,,594,,1.658203,On,Connected,-56.000000,2462,52,,,,IWLAN
686,1,,,-121.9331166,47.5260749,2026-01-23 20:56:39.000,_20260123_124628_CH04_TMO_5GNR_WFC_MT-REF-2_TC-157.dml,,,,,,,,,,NR SA,,,,,,,,,,,,,,,,,,,594,,1.658203,On,Connected,-56.000000,2462,52,,,,IWLAN
687,1,,,-121.9331166,47.5260749,2026-01-23 20:56:40.000,_20260123_124628_CH04_TMO_5GNR_WFC_MT-REF-2_TC-157.dml,,,,,,,,,,NR SA,,,,,,,,,,,,,,,,,,,,,1.658203,On,Connected,-56.000000,2462,52,,,,IWLAN
688,1,,,-121.9331166,47.5260749,2026-01-23 20:56:41.000,_20260123_124628_CH04_TMO_5GNR_WFC_MT-REF-2_TC-157.dml,,,,,,,,,,NR SA,,,,,,,,,,,,,,,,,,,,,1.658203,On,Connected,-54.000000,2462,39,,,,IWLAN
689,1,,,-121.9331166,47.5260749,2026-01-23 20:56:42.000,_20260123_124628_CH04_TMO_5GNR_WFC_MT-REF-2_TC-157.dml,,,,,,,,,,NR SA,,,,,,,,,,,,,,,,,,,594,,1.658203,On,Connected,-54.000000,2462,39,,,,IWLAN
690,1,,,-121.9331166,47.5260749,2026-01-23 20:56:43.000,_20260123_124628_CH04_TMO_5GNR_WFC_MT-REF-2_TC-157.dml,,,,,,,,,,NR SA,,,,,,,,,,,,,,,,,,,,,1.658203,On,Connected,-55.500000,2462,39,,,,IWLAN
691,1,,,-121.9331166,47.5260749,2026-01-23 20:56:44.000,_20260123_124628_CH04_TMO_5GNR_WFC_MT-REF-2_TC-157.dml,,,,,,,,,,NR SA,,,,,,,,,,,,,,,,,,,,,1.658203,,Connected,,,,,,,IWLAN
692,1,,,-121.9331166,47.5260749,2026-01-23 20:56:45.000,_20260123_124628_CH04_TMO_5GNR_WFC_MT-REF-2_TC-157.dml,,,,,,,,,,NR SA,,,,,,,,,,,,,,,,,,,594,,,On,Connected,-57.000000,2462,39,,,,IWLAN
693,1,,,-121.9331166,47.5260749,2026-01-23 20:56:45.886,_20260123_124628_CH04_TMO_5GNR_WFC_MT-REF-2_TC-157.dml,,,,,,,,,,,,,,,,,,,,,,,,,,,,,,-76.711806,,,,,,,,,,
694,1,,,-121.9331166,47.5260749,2026-01-23 20:56:46.000,_20260123_124628_CH04_TMO_5GNR_WFC_MT-REF-2_TC-157.dml,,,,,,,,,,NR SA,,,,,,,,,,,,,,,,,,,,,,,Connected,,,,,,,IWLAN
695,1,,,-121.9331166,47.5260749,2026-01-23 20:56:47.000,_20260123_124628_CH04_TMO_5GNR_WFC_MT-REF-2_TC-157.dml,,,,,,,,,,NR SA,,,,,,,,,,,,,,,,,,,594,,,On,Connected,-53.000000,2462,39,,,,IWLAN
696,1,,,-121.9331166,47.5260749,2026-01-23 20:56:48.000,_20260123_124628_CH04_TMO_5GNR_WFC_MT-REF-2_TC-157.dml,,,,,,,,,,NR SA,,,,,,,,,,,,,,,,,,,594,,,On,Connected,-53.000000,2462,39,,,,IWLAN
697,1,,,-121.9331166,47.5260749,2026-01-23 20:56:49.000,_20260123_124628_CH04_TMO_5GNR_WFC_MT-REF-2_TC-157.dml,,,,,,,,,,NR SA,,,,,,,,,,,,,,,,,,,,,,On,Connected,-57.000000,2462,39,,,,IWLAN
698,1,,,-121.9331166,47.5260749,2026-01-23 20:56:50.000,_20260123_124628_CH04_TMO_5GNR_WFC_MT-REF-2_TC-157.dml,,,,,,,,,,NR SA,,,,,,,,,,,,,,,,,,,594,,,,Connected,,,,,,,IWLAN
699,1,,,-121.9331166,47.5260749,2026-01-23 20:56:51.000,_20260123_124628_CH04_TMO_5GNR_WFC_MT-REF-2_TC-157.dml,,,,,,,,,,NR SA,,,,,,,,,,,,,,,,,,,,,,On,Connected,-57.000000,2462,39,,,,IWLAN
700,1,,,-121.9331166,47.5260749,2026-01-23 20:56:52.000,_20260123_124628_CH04_TMO_5GNR_WFC_MT-REF-2_TC-157.dml,,,,,,,,,,NR SA,,,,,,,,,,,,,,,,,,,594,,,On,Connected,-56.500000,2462,52,,,,IWLAN
701,1,,,-121.9331166,47.5260749,2026-01-23 20:56:53.000,_20260123_124628_CH04_TMO_5GNR_WFC_MT-REF-2_TC-157.dml,,,,,,,,,,NR SA,,,,,,,,,,,,,,,,,,,,,,,Connected,,,,,,,IWLAN
702,1,,,-121.9331166,47.5260749,2026-01-23 20:56:54.000,_20260123_124628_CH04_TMO_5GNR_WFC_MT-REF-2_TC-157.dml,,,,,,,,,,NR SA,,,,,,,,,,,,,,,,,,,,,,On,Connected,-56.000000,2462,52,,,,IWLAN
703,1,,,-121.9331166,47.5260749,2026-01-23 20:56:55.000,_20260123_124628_CH04_TMO_5GNR_WFC_MT-REF-2_TC-157.dml,,,,,,,,,,NR SA,,,,,,,,,,,,,,,,,,,594,,,On,Connected,-57.000000,2462,39,,,,IWLAN
704,1,,,-121.9331166,47.5260749,2026-01-23 20:56:55.552,_20260123_124628_CH04_TMO_5GNR_WFC_MT-REF-2_TC-157.dml,,,,,,,,,,,,,,,,,,,,,,,[Tool] Voice - Pair Channel Call Drop,,,,,,,,,,,,,,,,,
705,1,,,-121.9331166,47.5260749,2026-01-23 20:56:55.552,_20260123_124628_CH04_TMO_5GNR_WFC_MT-REF-2_TC-157.dml,,,,,,,,,,,,,,,,,,,,,,,[Tool] Voice - Release Call Request,,,,,,,,,,,,,,,,,
706,1,,,-121.9331166,47.5260749,2026-01-23 20:56:56.271,_20260123_124628_CH04_TMO_5GNR_WFC_MT-REF-2_TC-157.dml,,,,,,,,,,,,,,,,,,,,,,CBQ,[Tool] Voice - Call Result : CBQ,,,,,,,,,,,,,,,,,
707,1,,,-121.9331166,47.5260749,2026-01-23 20:56:56.271,_20260123_124628_CH04_TMO_5GNR_WFC_MT-REF-2_TC-157.dml,,,,,,,,,,,,,,,,,,,,,,,[UE]   Voice - Release Call Success,,,,,,,,,,,,,,,,,
708,1,,,-121.9331166,47.5260749,2026-01-23 20:56:56.000,_20260123_124628_CH04_TMO_5GNR_WFC_MT-REF-2_TC-157.dml,,,,,,,,,,,,,,,,,,,,,,,,,,,,,,,,,Connected,,,,,,,IWLAN
709,1,,,-121.9331166,47.5260749,2026-01-23 20:56:56.891,_20260123_124628_CH04_TMO_5GNR_WFC_MT-REF-2_TC-157.dml,,,,,,,,,,,,,,,,,,,,,,,[UE]   Voice - Release Call Success,,,,,,,,,,,,,,,,,
710,1,,,-121.9331166,47.5260749,2026-01-23 20:56:57.000,_20260123_124628_CH04_TMO_5GNR_WFC_MT-REF-2_TC-157.dml,,,,,,,,,,,,,,,,,,,,,,,,,,,,,594,,,On,Connected,-57.000000,2462,39,,,,IWLAN
711,1,,,-121.9331166,47.5260749,2026-01-23 20:56:58.000,_20260123_124628_CH04_TMO_5GNR_WFC_MT-REF-2_TC-157.dml,,,,,,,,,,,,,,,,,,,,,,,,,,,,,,,,On,Connected,-60.000000,2462,39,,,,IWLAN
712,1,,,-121.9331166,47.5260749,2026-01-23 20:56:59.000,_20260123_124628_CH04_TMO_5GNR_WFC_MT-REF-2_TC-157.dml,,,,,,,,,,,,,,,,,,,,,,,,,,,,,,,,On,Connected,-63.000000,2462,39,,,,IWLAN
713,1,,,-121.9331166,47.5260749,2026-01-23 20:57:00.000,_20260123_124628_CH04_TMO_5GNR_WFC_MT-REF-2_TC-157.dml,,,,,,,,,,,,,,,,,,,,,,,,,,,,,594,,,,Connected,,,,,,,IWLAN
714,1,,,-121.9331166,47.5260749,2026-01-23 20:57:01.000,_20260123_124628_CH04_TMO_5GNR_WFC_MT-REF-2_TC-157.dml,,,,,,,,,,,,,,,,,,,,,,,,,,,,,,,,On,Connected,-63.000000,2462,39,,,,IWLAN
715,1,,,-121.9331166,47.5260749,2026-01-23 20:57:02.000,_20260123_124628_CH04_TMO_5GNR_WFC_MT-REF-2_TC-157.dml,,,,,,,,,,,,,,,,,,,,,,,,,,,,,594,,,,Connected,,,,,,,IWLAN
716,1,,,-121.9331166,47.5260749,2026-01-23 20:57:03.000,_20260123_124628_CH04_TMO_5GNR_WFC_MT-REF-2_TC-157.dml,,,,,,,,,,,,,,,,,,,,,,,,,,,,,,,,On,Connected,-63.000000,2462,39,,,,IWLAN
717,1,,,-121.9331166,47.5260749,2026-01-23 20:57:04.000,_20260123_124628_CH04_TMO_5GNR_WFC_MT-REF-2_TC-157.dml,,,,,,,,,,,,,,,,,,,,,,,,,,,,,,,,On,Connected,-63.500000,2462,39,,,,IWLAN
718,1,,,-121.9331166,47.5260749,2026-01-23 20:57:05.000,_20260123_124628_CH04_TMO_5GNR_WFC_MT-REF-2_TC-157.dml,,,,,,,,,,,,,,,,,,,,,,,,,,,,,594,,,,Connected,,,,,,,IWLAN
719,1,,,-121.9331166,47.5260749,2026-01-23 20:57:06.000,_20260123_124628_CH04_TMO_5GNR_WFC_MT-REF-2_TC-157.dml,,,,,,,,,,,,,,,,,,,,,,,,,,,,,,,,On,Connected,-64.000000,2462,39,,,,IWLAN
720,1,,,-121.9331166,47.5260749,2026-01-23 20:57:07.000,_20260123_124628_CH04_TMO_5GNR_WFC_MT-REF-2_TC-157.dml,,,,,,,,,,,,,,,,,,,,,,,,,,,,,,,,On,Connected,-64.000000,2462,39,,,,IWLAN
721,1,,,-121.9331166,47.5260749,2026-01-23 20:57:08.000,_20260123_124628_CH04_TMO_5GNR_WFC_MT-REF-2_TC-157.dml,,,,,,,,,,,,,,,,,,,,,,,,,,,,,594,,,On,Connected,-63.000000,2462,39,,,,IWLAN
722,1,,,-121.9331166,47.5260749,2026-01-23 20:57:09.000,_20260123_124628_CH04_TMO_5GNR_WFC_MT-REF-2_TC-157.dml,,,,,,,,,,,,,,,,,,,,,,,,,,,,,594,,,,Connected,,,,,,,IWLAN
723,1,,,-121.9331166,47.5260749,2026-01-23 20:57:10.000,_20260123_124628_CH04_TMO_5GNR_WFC_MT-REF-2_TC-157.dml,,,,,,,,,,,,,,,,,,,,,,,,,,,,,594,,,On,Connected,-63.000000,2462,39,,,,IWLAN
724,1,,,-121.9331166,47.5260749,2026-01-23 20:57:11.000,_20260123_124628_CH04_TMO_5GNR_WFC_MT-REF-2_TC-157.dml,,,,,,,,,,,,,,,,,,,,,,,,,,,,,,,,On,Connected,-58.000000,2462,39,,,,IWLAN
725,1,,,-121.9331166,47.5260749,2026-01-23 20:57:12.000,_20260123_124628_CH04_TMO_5GNR_WFC_MT-REF-2_TC-157.dml,,,,,,,,,,,,,,,,,,,,,,,,,,,,,,,,,Connected,,,,,,,IWLAN
726,1,,,-121.9331166,47.5260749,2026-01-23 20:57:13.000,_20260123_124628_CH04_TMO_5GNR_WFC_MT-REF-2_TC-157.dml,,,,,,,,,,,,,,,,,,,,,,,,,,,,,594,,,On,Connected,-58.000000,2462,39,,,,IWLAN
727,1,,,-121.9331166,47.5260749,2026-01-23 20:57:14.000,_20260123_124628_CH04_TMO_5GNR_WFC_MT-REF-2_TC-157.dml,,,,,,,,,,,,,,,,,,,,,,,,,,,,,,,,On,Connected,-57.000000,2462,39,,,,IWLAN
728,1,,,-121.9331166,47.5260749,2026-01-23 20:57:15.000,_20260123_124628_CH04_TMO_5GNR_WFC_MT-REF-2_TC-157.dml,,,,,,,,,,,,,,,,,,,,,,,,,,,,,594,,,On,Connected,-57.000000,2462,39,,,,IWLAN
729,1,,,-121.9331166,47.5260749,2026-01-23 20:57:16.000,_20260123_124628_CH04_TMO_5GNR_WFC_MT-REF-2_TC-157.dml,,,,,,,,,,,,,,,,,,,,,,,,,,,,,,,,On,Connected,-57.000000,2462,39,,,,IWLAN
730,1,,,-121.9331166,47.5260749,2026-01-23 20:57:17.000,_20260123_124628_CH04_TMO_5GNR_WFC_MT-REF-2_TC-157.dml,,,,,,,,,,,,,,,,,,,,,,,,,,,,,,,,On,Connected,-62.000000,2462,39,,,,IWLAN
731,1,,,-121.9331166,47.5260749,2026-01-23 20:57:18.000,_20260123_124628_CH04_TMO_5GNR_WFC_MT-REF-2_TC-157.dml,,,,,,,,,,,,,,,,,,,,,,,,,,,,,594,,,On,Connected,-62.000000,2462,39,,,,IWLAN
732,1,,,-121.9331166,47.5260749,2026-01-23 20:57:19.000,_20260123_124628_CH04_TMO_5GNR_WFC_MT-REF-2_TC-157.dml,,,,,,,,,,,,,,,,,,,,,,,,,,,,,,,,On,Connected,-62.000000,2462,39,,,,IWLAN
733,1,,,-121.9331166,47.5260749,2026-01-23 20:57:20.000,_20260123_124628_CH04_TMO_5GNR_WFC_MT-REF-2_TC-157.dml,,,,,,,,,,,,,,,,,,,,,,,,,,,,,594,,,On,Connected,-62.000000,2462,39,,,,IWLAN
734,1,,,-121.9331166,47.5260749,2026-01-23 20:57:21.000,_20260123_124628_CH04_TMO_5GNR_WFC_MT-REF-2_TC-157.dml,,,,,,,,,,,,,,,,,,,,,,,,,,,,,,,,On,Connected,-62.000000,2462,39,,,,IWLAN
735,1,,,-121.9331166,47.5260749,2026-01-23 20:57:22.000,_20260123_124628_CH04_TMO_5GNR_WFC_MT-REF-2_TC-157.dml,,,,,,,,,,,,,,,,,,,,,,,,,,,,,,,,On,Connected,-62.000000,2462,39,,,,IWLAN
736,1,,,-121.9331166,47.5260749,2026-01-23 20:57:23.000,_20260123_124628_CH04_TMO_5GNR_WFC_MT-REF-2_TC-157.dml,,,,,,,,,,,,,,,,,,,,,,,,,,,,,594,,,On,Connected,-63.000000,2462,39,,,,IWLAN
737,1,,,-121.9331166,47.5260749,2026-01-23 20:57:23.797,_20260123_124628_CH04_TMO_5GNR_WFC_MT-REF-2_TC-157.dml,,,,,,,,,,,,,,,,,,,,,,,[Tool] Voice - Release Call Request,,,,,,,,,,,,,,,,,
738,1,,,-121.9331166,47.5260749,2026-01-23 20:57:23.939,_20260123_124628_CH04_TMO_5GNR_WFC_MT-REF-2_TC-157.dml,,,,,,,,,,,,,,,,,,,,,,,[Tool] Voice - Answer Request,,,,,,,,,,,,,,,,,
739,1,,,-121.9331166,47.5260749,2026-01-23 20:57:24.000,_20260123_124628_CH04_TMO_5GNR_WFC_MT-REF-2_TC-157.dml,,,,,,,,,,,,,,,,,,,,,,,,,,,,,594,,,On,Connected,-63.000000,2462,39,,,,IWLAN
740,1,,,-121.9331166,47.5260749,2026-01-23 20:57:25.000,_20260123_124628_CH04_TMO_5GNR_WFC_MT-REF-2_TC-157.dml,,,,,,,,,,,,,,,,,,,,,,,,,,,,,,,,On,Connected,-63.000000,2462,39,,,,IWLAN
741,1,,,-121.9331166,47.5260749,2026-01-23 20:57:26.125,_20260123_124628_CH04_TMO_5GNR_WFC_MT-REF-2_TC-157.dml,,,,,,,,,,,,,,,,,,,,,,,[Tool] Voice - Call Scheduling End,,,,,,,,,,,,,,,,,
742,1,,,-121.9331166,47.5260749,2026-01-23 20:57:26.125,_20260123_124628_CH04_TMO_5GNR_WFC_MT-REF-2_TC-157.dml,NR SA,Voice,CBQ,NR SA,NR SA,Qualcomm,,354877970012475,,,,,,,,,CBQ,Termination,CBQ,,,,,,,,,90.219000,,,,,,,,,,EPSFB,,
743,1,,,-121.9331166,47.5260749,2026-01-23 20:57:26.125,_20260123_124628_CH04_TMO_5GNR_WFC_MT-REF-2_TC-157.dml,,,,,,,,,,,,,,,,,,,,,,,[Tool] Voice - Release Call Request,,,,,,,,,,,,,,,,,
744,1,,,-121.9331166,47.5260749,2026-01-23 20:57:26.000,_20260123_124628_CH04_TMO_5GNR_WFC_MT-REF-2_TC-157.dml,,,,,,,,,,,,,,,,,,,,,,,,,,,,,594,,,On,Connected,-61.000000,2462,39,,,,IWLAN
745,1,,,-121.9331166,47.5260749,2026-01-23 20:57:26.842,_20260123_124628_CH04_TMO_5GNR_WFC_MT-REF-2_TC-157.dml,,,,,,,,,,,,,,,,,,,,,,,[Tool] Voice - Call Scheduling Start(Term),,,,,,,,,,,,,,,,,
746,1,,,-121.9331166,47.5260749,2026-01-23 20:57:26.842,_20260123_124628_CH04_TMO_5GNR_WFC_MT-REF-2_TC-157.dml,,,,,,,,,,,,,,,,,,,,,,,[Tool] Voice - Wait Page,,,,,,,,,,,,,,,,,
747,1,,,-121.9331166,47.5260749,2026-01-23 20:57:27.000,_20260123_124628_CH04_TMO_5GNR_WFC_MT-REF-2_TC-157.dml,,,,,,,,,,,,,,,,,,,,,,,,,,,,,,,,On,Connected,-61.000000,2462,39,,,,IWLAN
748,1,,,-121.9331166,47.5260749,2026-01-23 20:57:28.000,_20260123_124628_CH04_TMO_5GNR_WFC_MT-REF-2_TC-157.dml,,,,,,,,,,,,,,,,,,,,,,,,,,,,,594,,,On,Connected,-61.000000,2462,39,,,,IWLAN
749,1,,,-121.9331166,47.5260749,2026-01-23 20:57:29.000,_20260123_124628_CH04_TMO_5GNR_WFC_MT-REF-2_TC-157.dml,,,,,,,,,,,,,,,,,,,,,,,,,,,,,594,,,On,Connected,-62.000000,2462,39,,,,IWLAN
750,1,,,-121.9331166,47.5260749,2026-01-23 20:57:30.000,_20260123_124628_CH04_TMO_5GNR_WFC_MT-REF-2_TC-157.dml,,,,,,,,,,,,,,,,,,,,,,,,,,,,,,,,,Connected,,,,,,,IWLAN
751,1,,,-121.9331166,47.5260749,2026-01-23 20:57:30.750,_20260123_124628_CH04_TMO_5GNR_WFC_MT-REF-2_TC-157.dml,,,,,,,,,,,,,,,,,,,,,,,[Tool] Voice - Answer Request,,,,,,,,,,,,,,,,,
752,1,,,-121.9331166,47.5260749,2026-01-23 20:57:31.000,_20260123_124628_CH04_TMO_5GNR_WFC_MT-REF-2_TC-157.dml,,,,,,,,,,,,,,,,,,,,,,,,,,,,,594,,,On,Connected,-59.500000,2462,39,,,,IWLAN
753,1,,,-121.9331166,47.5260749,2026-01-23 20:57:32.000,_20260123_124628_CH04_TMO_5GNR_WFC_MT-REF-2_TC-157.dml,,,,,,,,,,,,,,,,,,,,,,,,,,,,,,,,,Connected,,,,,,,IWLAN
754,1,,,-121.9331166,47.5260749,2026-01-23 20:57:32.141,_20260123_124628_CH04_TMO_5GNR_WFC_MT-REF-2_TC-157.dml,,,,,,,,,,,,,,,,,,,,,,,[UE]   Voice - Setup Success,,,,,,,,,,,,,,,,,
755,1,,,-121.9331166,47.5260749,2026-01-23 20:57:33.000,_20260123_124628_CH04_TMO_5GNR_WFC_MT-REF-2_TC-157.dml,,,,,,,,,,NR SA,,,,,,,,,,,,,,,,,,,594,,,On,Connected,-57.000000,2462,39,,,,IWLAN
756,1,,,-121.9331166,47.5260749,2026-01-23 20:57:34.000,_20260123_124628_CH04_TMO_5GNR_WFC_MT-REF-2_TC-157.dml,,,,,,,,,,NR SA,,,,,,,,,,,,,,,,,,,594,,,On,Connected,-57.000000,2462,39,,,,IWLAN
757,1,,,-121.9331166,47.5260749,2026-01-23 20:57:35.000,_20260123_124628_CH04_TMO_5GNR_WFC_MT-REF-2_TC-157.dml,,,,,,,,,,NR SA,,,,,,,,,,,,,,,,,,,,,,On,Connected,-54.000000,2462,39,,,,IWLAN
758,1,,,-121.9331166,47.5260749,2026-01-23 20:57:36.000,_20260123_124628_CH04_TMO_5GNR_WFC_MT-REF-2_TC-157.dml,,,,,,,,,,NR SA,,,,,,,,,,,,,,,,,,,,,,On,Connected,-54.000000,2462,39,,,,IWLAN
759,1,,,-121.9331166,47.5260749,2026-01-23 20:57:37.000,_20260123_124628_CH04_TMO_5GNR_WFC_MT-REF-2_TC-157.dml,,,,,,,,,,NR SA,,,,,,,,,,,,,,,,,,,594,,,On,Connected,-54.000000,2462,39,,,,IWLAN
760,1,,,-121.9331166,47.5260749,2026-01-23 20:57:38.000,_20260123_124628_CH04_TMO_5GNR_WFC_MT-REF-2_TC-157.dml,,,,,,,,,,NR SA,,,,,,,,,,,,,,,,,,,,,,On,Connected,-55.000000,2462,52,,,,IWLAN
761,1,,,-121.9331166,47.5260749,2026-01-23 20:57:39.000,_20260123_124628_CH04_TMO_5GNR_WFC_MT-REF-2_TC-157.dml,,,,,,,,,,NR SA,,,,,,,,,,,,,,,,,,,,,,On,Connected,-55.000000,2462,52,,,,IWLAN
762,1,,,-121.9331166,47.5260749,2026-01-23 20:57:40.000,_20260123_124628_CH04_TMO_5GNR_WFC_MT-REF-2_TC-157.dml,,,,,,,,,,NR SA,,,,,,,,,,,,,,,,,,,594,,,On,Connected,-55.000000,2462,52,,,,IWLAN
763,1,,,-121.9331166,47.5260749,2026-01-23 20:57:41.000,_20260123_124628_CH04_TMO_5GNR_WFC_MT-REF-2_TC-157.dml,,,,,,,,,,NR SA,,,,,,,,,,,,,,,,,,,594,,,On,Connected,-54.000000,2462,39,,,,IWLAN
764,1,,,-121.9331166,47.5260749,2026-01-23 20:57:42.000,_20260123_124628_CH04_TMO_5GNR_WFC_MT-REF-2_TC-157.dml,,,,,,,,,,NR SA,,,,,,,,,,,,,,,,,,,,,2.211423,On,Connected,-54.000000,2462,39,,,,IWLAN
765,1,,,-121.9331166,47.5260749,2026-01-23 20:57:43.000,_20260123_124628_CH04_TMO_5GNR_WFC_MT-REF-2_TC-157.dml,,,,,,,,,,NR SA,,,,,,,,,,,,,,,,,,,594,,2.211423,On,Connected,-54.000000,2462,39,,,,IWLAN
766,1,,,-121.9331166,47.5260749,2026-01-23 20:57:44.000,_20260123_124628_CH04_TMO_5GNR_WFC_MT-REF-2_TC-157.dml,,,,,,,,,,NR SA,,,,,,,,,,,,,,,,,,,,,2.211423,On,Connected,-54.000000,2462,39,,,,IWLAN
767,1,,,-121.9331166,47.5260749,2026-01-23 20:57:45.000,_20260123_124628_CH04_TMO_5GNR_WFC_MT-REF-2_TC-157.dml,,,,,,,,,,NR SA,,,,,,,,,,,,,,,,,,,,,2.211423,On,Connected,-54.000000,2462,39,,,,IWLAN
768,1,,,-121.9331166,47.5260749,2026-01-23 20:57:46.000,_20260123_124628_CH04_TMO_5GNR_WFC_MT-REF-2_TC-157.dml,,,,,,,,,,NR SA,,,,,,,,,,,,,,,,,,,594,,2.211423,On,Connected,-54.000000,2462,39,,,,IWLAN
769,1,,,-121.9331166,47.5260749,2026-01-23 20:57:47.000,_20260123_124628_CH04_TMO_5GNR_WFC_MT-REF-2_TC-157.dml,,,,,,,,,,NR SA,,,,,,,,,,,,,,,,,,,,,2.211423,On,Connected,-57.000000,2462,39,,,,IWLAN
770,1,,,-121.9331166,47.5260749,2026-01-23 20:57:48.000,_20260123_124628_CH04_TMO_5GNR_WFC_MT-REF-2_TC-157.dml,,,,,,,,,,NR SA,,,,,,,,,,,,,,,,,,,,,2.211423,On,Connected,-57.000000,2462,39,,,,IWLAN
771,1,,,-121.9331166,47.5260749,2026-01-23 20:57:49.000,_20260123_124628_CH04_TMO_5GNR_WFC_MT-REF-2_TC-157.dml,,,,,,,,,,NR SA,,,,,,,,,,,,,,,,,,,594,,2.211423,On,Connected,-57.000000,2462,39,,,,IWLAN
772,1,,,-121.9331166,47.5260749,2026-01-23 20:57:50.000,_20260123_124628_CH04_TMO_5GNR_WFC_MT-REF-2_TC-157.dml,,,,,,,,,,NR SA,,,,,,,,,,,,,,,,,,,,,2.211423,On,Connected,-55.000000,2462,26,,,,IWLAN
773,1,,,-121.9331166,47.5260749,2026-01-23 20:57:51.000,_20260123_124628_CH04_TMO_5GNR_WFC_MT-REF-2_TC-157.dml,,,,,,,,,,NR SA,,,,,,,,,,,,,,,,,,,594,,2.211423,On,Connected,-55.000000,2462,26,,,,IWLAN
774,1,,,-121.9331166,47.5260749,2026-01-23 20:57:52.000,_20260123_124628_CH04_TMO_5GNR_WFC_MT-REF-2_TC-157.dml,,,,,,,,,,NR SA,,,,,,,,,,,,,,,,,,,,,,On,Connected,-55.000000,2462,26,,,,IWLAN
775,1,,,-121.9331166,47.5260749,2026-01-23 20:57:53.224,_20260123_124628_CH04_TMO_5GNR_WFC_MT-REF-2_TC-157.dml,,,,,,,,,,,,,,,,,,,,,,,,,,,,,,-79.892578,,,,,,,,,,
776,1,,,-121.9331166,47.5260749,2026-01-23 20:57:53.000,_20260123_124628_CH04_TMO_5GNR_WFC_MT-REF-2_TC-157.dml,,,,,,,,,,NR SA,,,,,,,,,,,,,,,,,,,,,,On,Connected,-58.000000,2462,26,,,,IWLAN
777,1,,,-121.9331166,47.5260749,2026-01-23 20:57:54.000,_20260123_124628_CH04_TMO_5GNR_WFC_MT-REF-2_TC-157.dml,,,,,,,,,,NR SA,,,,,,,,,,,,,,,,,,,594,,,On,Connected,-58.000000,2462,26,,,,IWLAN
778,1,,,-121.9331166,47.5260749,2026-01-23 20:57:55.000,_20260123_124628_CH04_TMO_5GNR_WFC_MT-REF-2_TC-157.dml,,,,,,,,,,NR SA,,,,,,,,,,,,,,,,,,,,,,On,Connected,-58.000000,2462,26,,,,IWLAN
779,1,,,-121.9331166,47.5260749,2026-01-23 20:57:56.000,_20260123_124628_CH04_TMO_5GNR_WFC_MT-REF-2_TC-157.dml,,,,,,,,,,NR SA,,,,,,,,,,,,,,,,,,,594,,,On,Connected,-54.000000,2462,39,,,,IWLAN
780,1,,,-121.9331166,47.5260749,2026-01-23 20:57:57.000,_20260123_124628_CH04_TMO_5GNR_WFC_MT-REF-2_TC-157.dml,,,,,,,,,,NR SA,,,,,,,,,,,,,,,,,,,,,,On,Connected,-54.000000,2462,39,,,,IWLAN
781,1,,,-121.9331166,47.5260749,2026-01-23 20:57:58.000,_20260123_124628_CH04_TMO_5GNR_WFC_MT-REF-2_TC-157.dml,,,,,,,,,,NR SA,,,,,,,,,,,,,,,,,,,,,,On,Connected,-54.000000,2462,39,,,,IWLAN
782,1,,,-121.9331166,47.5260749,2026-01-23 20:57:59.000,_20260123_124628_CH04_TMO_5GNR_WFC_MT-REF-2_TC-157.dml,,,,,,,,,,NR SA,,,,,,,,,,,,,,,,,,,594,,,On,Connected,-56.000000,2462,39,,,,IWLAN
783,1,,,-121.9331166,47.5260749,2026-01-23 20:58:00.000,_20260123_124628_CH04_TMO_5GNR_WFC_MT-REF-2_TC-157.dml,,,,,,,,,,NR SA,,,,,,,,,,,,,,,,,,,,,,On,Connected,-56.000000,2462,39,,,,IWLAN
784,1,,,-121.9331166,47.5260749,2026-01-23 20:58:01.000,_20260123_124628_CH04_TMO_5GNR_WFC_MT-REF-2_TC-157.dml,,,,,,,,,,NR SA,,,,,,,,,,,,,,,,,,,594,,,On,Connected,-56.000000,2462,39,,,,IWLAN
785,1,,,-121.9331166,47.5260749,2026-01-23 20:58:02.000,_20260123_124628_CH04_TMO_5GNR_WFC_MT-REF-2_TC-157.dml,,,,,,,,,,NR SA,,,,,,,,,,,,,,,,,,,,,,On,Connected,-55.000000,2462,58,,,,IWLAN
786,1,,,-121.9331166,47.5260749,2026-01-23 20:58:03.000,_20260123_124628_CH04_TMO_5GNR_WFC_MT-REF-2_TC-157.dml,,,,,,,,,,NR SA,,,,,,,,,,,,,,,,,,,,,1.798537,On,Connected,-55.000000,2462,58,,,,IWLAN
787,1,,,-121.9331166,47.5260749,2026-01-23 20:58:04.000,_20260123_124628_CH04_TMO_5GNR_WFC_MT-REF-2_TC-157.dml,,,,,,,,,,NR SA,,,,,,,,,,,,,,,,,,,594,,1.798537,On,Connected,-55.000000,2462,58,,,,IWLAN
788,1,,,-121.9331166,47.5260749,2026-01-23 20:58:05.000,_20260123_124628_CH04_TMO_5GNR_WFC_MT-REF-2_TC-157.dml,,,,,,,,,,NR SA,,,,,,,,,,,,,,,,,,,,,1.798537,On,Connected,-54.000000,2462,52,,,,IWLAN
789,1,,,-121.9331166,47.5260749,2026-01-23 20:58:06.000,_20260123_124628_CH04_TMO_5GNR_WFC_MT-REF-2_TC-157.dml,,,,,,,,,,NR SA,,,,,,,,,,,,,,,,,,,594,,1.798537,On,Connected,-54.000000,2462,52,,,,IWLAN
790,1,,,-121.9331166,47.5260749,2026-01-23 20:58:07.000,_20260123_124628_CH04_TMO_5GNR_WFC_MT-REF-2_TC-157.dml,,,,,,,,,,NR SA,,,,,,,,,,,,,,,,,,,,,1.798537,On,Connected,-54.000000,2462,52,,,,IWLAN
791,1,,,-121.9331166,47.5260749,2026-01-23 20:58:08.000,_20260123_124628_CH04_TMO_5GNR_WFC_MT-REF-2_TC-157.dml,,,,,,,,,,NR SA,,,,,,,,,,,,,,,,,,,,,1.798537,On,Connected,-54.000000,2462,39,,,,IWLAN
792,1,,,-121.9331166,47.5260749,2026-01-23 20:58:09.000,_20260123_124628_CH04_TMO_5GNR_WFC_MT-REF-2_TC-157.dml,,,,,,,,,,NR SA,,,,,,,,,,,,,,,,,,,594,,1.798537,On,Connected,-54.000000,2462,39,,,,IWLAN
793,1,,,-121.9331166,47.5260749,2026-01-23 20:58:10.000,_20260123_124628_CH04_TMO_5GNR_WFC_MT-REF-2_TC-157.dml,,,,,,,,,,NR SA,,,,,,,,,,,,,,,,,,,,,1.798537,On,Connected,-54.000000,2462,39,,,,IWLAN
794,1,,,-121.9331166,47.5260749,2026-01-23 20:58:11.000,_20260123_124628_CH04_TMO_5GNR_WFC_MT-REF-2_TC-157.dml,,,,,,,,,,NR SA,,,,,,,,,,,,,,,,,,,,,1.798537,On,Connected,-56.000000,2462,52,,,,IWLAN
795,1,,,-121.9331166,47.5260749,2026-01-23 20:58:12.000,_20260123_124628_CH04_TMO_5GNR_WFC_MT-REF-2_TC-157.dml,,,,,,,,,,NR SA,,,,,,,,,,,,,,,,,,,594,,1.798537,On,Connected,-56.000000,2462,52,,,,IWLAN
796,1,,,-121.9331166,47.5260749,2026-01-23 20:58:13.220,_20260123_124628_CH04_TMO_5GNR_WFC_MT-REF-2_TC-157.dml,,,,,,,,,,,,,,,,,,,,,,,,,,,,,,-74.267578,,,,,,,,,,
797,1,,,-121.9331166,47.5260749,2026-01-23 20:58:13.000,_20260123_124628_CH04_TMO_5GNR_WFC_MT-REF-2_TC-157.dml,,,,,,,,,,NR SA,,,,,,,,,,,,,,,,,,,,,,On,Connected,-56.000000,2462,52,,,,IWLAN
798,1,,,-121.9331166,47.5260749,2026-01-23 20:58:14.000,_20260123_124628_CH04_TMO_5GNR_WFC_MT-REF-2_TC-157.dml,,,,,,,,,,NR SA,,,,,,,,,,,,,,,,,,,594,,,On,Connected,-55.000000,2462,39,,,,IWLAN
799,1,,,-121.9331166,47.5260749,2026-01-23 20:58:15.000,_20260123_124628_CH04_TMO_5GNR_WFC_MT-REF-2_TC-157.dml,,,,,,,,,,NR SA,,,,,,,,,,,,,,,,,,,,,,On,Connected,-55.000000,2462,39,,,,IWLAN
800,1,,,-121.9331166,47.5260749,2026-01-23 20:58:16.000,_20260123_124628_CH04_TMO_5GNR_WFC_MT-REF-2_TC-157.dml,,,,,,,,,,NR SA,,,,,,,,,,,,,,,,,,,,,,On,Connected,-55.000000,2462,39,,,,IWLAN
801,1,,,-121.9331166,47.5260749,2026-01-23 20:58:17.000,_20260123_124628_CH04_TMO_5GNR_WFC_MT-REF-2_TC-157.dml,,,,,,,,,,NR SA,,,,,,,,,,,,,,,,,,,594,,,On,Connected,-55.000000,2462,26,,,,IWLAN
802,1,,,-121.9331166,47.5260749,2026-01-23 20:58:18.000,_20260123_124628_CH04_TMO_5GNR_WFC_MT-REF-2_TC-157.dml,,,,,,,,,,NR SA,,,,,,,,,,,,,,,,,,,,,,On,Connected,-55.000000,2462,26,,,,IWLAN
803,1,,,-121.9331166,47.5260749,2026-01-23 20:58:19.000,_20260123_124628_CH04_TMO_5GNR_WFC_MT-REF-2_TC-157.dml,,,,,,,,,,NR SA,,,,,,,,,,,,,,,,,,,594,,,On,Connected,-55.000000,2462,26,,,,IWLAN
804,1,,,-121.9331166,47.5260749,2026-01-23 20:58:20.000,_20260123_124628_CH04_TMO_5GNR_WFC_MT-REF-2_TC-157.dml,,,,,,,,,,NR SA,,,,,,,,,,,,,,,,,,,,,,On,Connected,-55.000000,2462,58,,,,IWLAN
805,1,,,-121.9331166,47.5260749,2026-01-23 20:58:21.000,_20260123_124628_CH04_TMO_5GNR_WFC_MT-REF-2_TC-157.dml,,,,,,,,,,NR SA,,,,,,,,,,,,,,,,,,,,,,On,Connected,-55.000000,2462,58,,,,IWLAN
806,1,,,-121.9331166,47.5260749,2026-01-23 20:58:22.000,_20260123_124628_CH04_TMO_5GNR_WFC_MT-REF-2_TC-157.dml,,,,,,,,,,NR SA,,,,,,,,,,,,,,,,,,,594,,2.183181,On,Connected,-55.000000,2462,58,,,,IWLAN
807,1,,,-121.9331166,47.5260749,2026-01-23 20:58:23.000,_20260123_124628_CH04_TMO_5GNR_WFC_MT-REF-2_TC-157.dml,,,,,,,,,,NR SA,,,,,,,,,,,,,,,,,,,,,2.183181,On,Connected,-52.000000,2462,52,,,,IWLAN
808,1,,,-121.9331166,47.5260749,2026-01-23 20:58:24.000,_20260123_124628_CH04_TMO_5GNR_WFC_MT-REF-2_TC-157.dml,,,,,,,,,,NR SA,,,,,,,,,,,,,,,,,,,594,,2.183181,On,Connected,-52.000000,2462,52,,,,IWLAN
809,1,,,-121.9331166,47.5260749,2026-01-23 20:58:25.000,_20260123_124628_CH04_TMO_5GNR_WFC_MT-REF-2_TC-157.dml,,,,,,,,,,NR SA,,,,,,,,,,,,,,,,,,,,,2.183181,On,Connected,-52.000000,2462,52,,,,IWLAN
810,1,,,-121.9331166,47.5260749,2026-01-23 20:58:26.000,_20260123_124628_CH04_TMO_5GNR_WFC_MT-REF-2_TC-157.dml,,,,,,,,,,NR SA,,,,,,,,,,,,,,,,,,,,,2.183181,On,Connected,-54.000000,2462,39,,,,IWLAN
811,1,,,-121.9331166,47.5260749,2026-01-23 20:58:27.000,_20260123_124628_CH04_TMO_5GNR_WFC_MT-REF-2_TC-157.dml,,,,,,,,,,NR SA,,,,,,,,,,,,,,,,,,,594,,2.183181,On,Connected,-54.000000,2462,39,,,,IWLAN
812,1,,,-121.9331166,47.5260749,2026-01-23 20:58:28.000,_20260123_124628_CH04_TMO_5GNR_WFC_MT-REF-2_TC-157.dml,,,,,,,,,,NR SA,,,,,,,,,,,,,,,,,,,,,2.183181,On,Connected,-54.000000,2462,39,,,,IWLAN
813,1,,,-121.9331166,47.5260749,2026-01-23 20:58:29.000,_20260123_124628_CH04_TMO_5GNR_WFC_MT-REF-2_TC-157.dml,,,,,,,,,,NR SA,,,,,,,,,,,,,,,,,,,,,2.183181,On,Connected,-53.000000,2462,39,,,,IWLAN
814,1,,,-121.9331166,47.5260749,2026-01-23 20:58:30.000,_20260123_124628_CH04_TMO_5GNR_WFC_MT-REF-2_TC-157.dml,,,,,,,,,,NR SA,,,,,,,,,,,,,,,,,,,594,,2.183181,On,Connected,-53.000000,2462,39,,,,IWLAN
815,1,,,-121.9331166,47.5260749,2026-01-23 20:58:31.000,_20260123_124628_CH04_TMO_5GNR_WFC_MT-REF-2_TC-157.dml,,,,,,,,,,NR SA,,,,,,,,,,,,,,,,,,,,,2.183181,On,Connected,-53.000000,2462,39,,,,IWLAN
816,1,,,-121.9331166,47.5260749,2026-01-23 20:58:32.000,_20260123_124628_CH04_TMO_5GNR_WFC_MT-REF-2_TC-157.dml,,,,,,,,,,NR SA,,,,,,,,,,,,,,,,,,,594,,,On,Connected,-55.000000,2462,19,,,,IWLAN
817,1,,,-121.9331166,47.5260749,2026-01-23 20:58:32.964,_20260123_124628_CH04_TMO_5GNR_WFC_MT-REF-2_TC-157.dml,,,,,,,,,,,,,,,,,,,,,,,,,,,,,,-78.942188,,,,,,,,,,
818,1,,,-121.9331166,47.5260749,2026-01-23 20:58:33.000,_20260123_124628_CH04_TMO_5GNR_WFC_MT-REF-2_TC-157.dml,,,,,,,,,,NR SA,,,,,,,,,,,,,,,,,,,594,,,On,Connected,-55.000000,2462,19,,,,IWLAN
819,1,,,-121.9331166,47.5260749,2026-01-23 20:58:34.000,_20260123_124628_CH04_TMO_5GNR_WFC_MT-REF-2_TC-157.dml,,,,,,,,,,NR SA,,,,,,,,,,,,,,,,,,,,,,On,Connected,-55.000000,2462,19,,,,IWLAN
820,1,,,-121.9331166,47.5260749,2026-01-23 20:58:35.000,_20260123_124628_CH04_TMO_5GNR_WFC_MT-REF-2_TC-157.dml,,,,,,,,,,NR SA,,,,,,,,,,,,,,,,,,,,,,On,Connected,-55.000000,2462,52,,,,IWLAN
821,1,,,-121.9331166,47.5260749,2026-01-23 20:58:36.000,_20260123_124628_CH04_TMO_5GNR_WFC_MT-REF-2_TC-157.dml,,,,,,,,,,NR SA,,,,,,,,,,,,,,,,,,,594,,,On,Connected,-55.000000,2462,52,,,,IWLAN
822,1,,,-121.9331166,47.5260749,2026-01-23 20:58:37.000,_20260123_124628_CH04_TMO_5GNR_WFC_MT-REF-2_TC-157.dml,,,,,,,,,,NR SA,,,,,,,,,,,,,,,,,,,,,,On,Connected,-55.000000,2462,52,,,,IWLAN
823,1,,,-121.9331166,47.5260749,2026-01-23 20:58:38.000,_20260123_124628_CH04_TMO_5GNR_WFC_MT-REF-2_TC-157.dml,,,,,,,,,,NR SA,,,,,,,,,,,,,,,,,,,,,,On,Connected,-54.000000,2462,19,,,,IWLAN
824,1,,,-121.9331166,47.5260749,2026-01-23 20:58:39.000,_20260123_124628_CH04_TMO_5GNR_WFC_MT-REF-2_TC-157.dml,,,,,,,,,,NR SA,,,,,,,,,,,,,,,,,,,594,,,On,Connected,-54.000000,2462,19,,,,IWLAN
825,1,,,-121.9331166,47.5260749,2026-01-23 20:58:40.000,_20260123_124628_CH04_TMO_5GNR_WFC_MT-REF-2_TC-157.dml,,,,,,,,,,NR SA,,,,,,,,,,,,,,,,,,,,,,On,Connected,-54.000000,2462,19,,,,IWLAN
826,1,,,-121.9331166,47.5260749,2026-01-23 20:58:41.000,_20260123_124628_CH04_TMO_5GNR_WFC_MT-REF-2_TC-157.dml,,,,,,,,,,NR SA,,,,,,,,,,,,,,,,,,,594,,,On,Connected,-54.000000,2462,39,,,,IWLAN
827,1,,,-121.9331166,47.5260749,2026-01-23 20:58:42.000,_20260123_124628_CH04_TMO_5GNR_WFC_MT-REF-2_TC-157.dml,,,,,,,,,,NR SA,,,,,,,,,,,,,,,,,,,594,,2.174265,On,Connected,-54.000000,2462,39,,,,IWLAN
828,1,,,-121.9331166,47.5260749,2026-01-23 20:58:43.000,_20260123_124628_CH04_TMO_5GNR_WFC_MT-REF-2_TC-157.dml,,,,,,,,,,NR SA,,,,,,,,,,,,,,,,,,,,,2.174265,On,Connected,-54.000000,2462,39,,,,IWLAN
829,1,,,-121.9331166,47.5260749,2026-01-23 20:58:44.000,_20260123_124628_CH04_TMO_5GNR_WFC_MT-REF-2_TC-157.dml,,,,,,,,,,NR SA,,,,,,,,,,,,,,,,,,,,,2.174265,On,Connected,-55.000000,2462,52,,,,IWLAN
830,1,,,-121.9331166,47.5260749,2026-01-23 20:58:45.000,_20260123_124628_CH04_TMO_5GNR_WFC_MT-REF-2_TC-157.dml,,,,,,,,,,NR SA,,,,,,,,,,,,,,,,,,,594,,2.174265,On,Connected,-55.000000,2462,52,,,,IWLAN
831,1,,,-121.9331166,47.5260749,2026-01-23 20:58:46.000,_20260123_124628_CH04_TMO_5GNR_WFC_MT-REF-2_TC-157.dml,,,,,,,,,,NR SA,,,,,,,,,,,,,,,,,,,594,,2.174265,On,Connected,-55.000000,2462,52,,,,IWLAN
832,1,,,-121.9331166,47.5260749,2026-01-23 20:58:47.000,_20260123_124628_CH04_TMO_5GNR_WFC_MT-REF-2_TC-157.dml,,,,,,,,,,NR SA,,,,,,,,,,,,,,,,,,,,,2.174265,On,Connected,-54.000000,2462,58,,,,IWLAN
833,1,,,-121.9331166,47.5260749,2026-01-23 20:58:48.000,_20260123_124628_CH04_TMO_5GNR_WFC_MT-REF-2_TC-157.dml,,,,,,,,,,NR SA,,,,,,,,,,,,,,,,,,,,,2.174265,On,Connected,-54.000000,2462,58,,,,IWLAN
834,1,,,-121.9331166,47.5260749,2026-01-23 20:58:49.000,_20260123_124628_CH04_TMO_5GNR_WFC_MT-REF-2_TC-157.dml,,,,,,,,,,NR SA,,,,,,,,,,,,,,,,,,,594,,2.174265,On,Connected,-54.000000,2462,58,,,,IWLAN
835,1,,,-121.9331166,47.5260749,2026-01-23 20:58:50.000,_20260123_124628_CH04_TMO_5GNR_WFC_MT-REF-2_TC-157.dml,,,,,,,,,,NR SA,,,,,,,,,,,,,,,,,,,,,2.174265,On,Connected,-53.000000,2462,52,,,,IWLAN
836,1,,,-121.9331166,47.5260749,2026-01-23 20:58:51.000,_20260123_124628_CH04_TMO_5GNR_WFC_MT-REF-2_TC-157.dml,,,,,,,,,,NR SA,,,,,,,,,,,,,,,,,,,594,,2.174265,On,Connected,-53.000000,2462,52,,,,IWLAN
837,1,,,-121.9331166,47.5260749,2026-01-23 20:58:52.000,_20260123_124628_CH04_TMO_5GNR_WFC_MT-REF-2_TC-157.dml,,,,,,,,,,NR SA,,,,,,,,,,,,,,,,,,,,,2.174265,On,Connected,-53.000000,2462,52,,,,IWLAN
838,1,,,-121.9331166,47.5260749,2026-01-23 20:58:53.000,_20260123_124628_CH04_TMO_5GNR_WFC_MT-REF-2_TC-157.dml,,,,,,,,,,NR SA,,,,,,,,,,,,,,,,,,,,,2.174265,On,Connected,-54.000000,2462,52,,,,IWLAN
839,1,,,-121.9331166,47.5260749,2026-01-23 20:58:54.043,_20260123_124628_CH04_TMO_5GNR_WFC_MT-REF-2_TC-157.dml,,,,,,,,,,,,,,,,,,,,,,,,,,,,,,-79.660938,,,,,,,,,,
840,1,,,-121.9331166,47.5260749,2026-01-23 20:58:54.000,_20260123_124628_CH04_TMO_5GNR_WFC_MT-REF-2_TC-157.dml,,,,,,,,,,NR SA,,,,,,,,,,,,,,,,,,,594,,,On,Connected,-54.000000,2462,52,,,,IWLAN
841,1,,,-121.9331166,47.5260749,2026-01-23 20:58:55.000,_20260123_124628_CH04_TMO_5GNR_WFC_MT-REF-2_TC-157.dml,,,,,,,,,,NR SA,,,,,,,,,,,,,,,,,,,,,,On,Connected,-54.000000,2462,52,,,,IWLAN
842,1,,,-121.9331166,47.5260749,2026-01-23 20:58:56.000,_20260123_124628_CH04_TMO_5GNR_WFC_MT-REF-2_TC-157.dml,,,,,,,,,,NR SA,,,,,,,,,,,,,,,,,,,594,,,On,Connected,-54.000000,2462,52,,,,IWLAN
843,1,,,-121.9331166,47.5260749,2026-01-23 20:58:57.000,_20260123_124628_CH04_TMO_5GNR_WFC_MT-REF-2_TC-157.dml,,,,,,,,,,NR SA,,,,,,,,,,,,,,,,,,,,,,,Connected,,,,,,,IWLAN
844,1,,,-121.9331166,47.5260749,2026-01-23 20:58:58.000,_20260123_124628_CH04_TMO_5GNR_WFC_MT-REF-2_TC-157.dml,,,,,,,,,,NR SA,,,,,,,,,,,,,,,,,,,594,,,On,Connected,-54.000000,2462,52,,,,IWLAN
845,1,,,-121.9331166,47.5260749,2026-01-23 20:58:59.000,_20260123_124628_CH04_TMO_5GNR_WFC_MT-REF-2_TC-157.dml,,,,,,,,,,NR SA,,,,,,,,,,,,,,,,,,,,,,On,Connected,-54.000000,2462,39,,,,IWLAN
846,1,,,-121.9331166,47.5260749,2026-01-23 20:59:00.000,_20260123_124628_CH04_TMO_5GNR_WFC_MT-REF-2_TC-157.dml,,,,,,,,,,NR SA,,,,,,,,,,,,,,,,,,,594,,,On,Connected,-54.000000,2462,39,,,,IWLAN
847,1,,,-121.9331166,47.5260749,2026-01-23 20:59:01.000,_20260123_124628_CH04_TMO_5GNR_WFC_MT-REF-2_TC-157.dml,,,,,,,,,,NR SA,,,,,,,,,,,,,,,,,,,,,,,Connected,,,,,,,IWLAN
848,1,,,-121.9331166,47.5260749,2026-01-23 20:59:02.000,_20260123_124628_CH04_TMO_5GNR_WFC_MT-REF-2_TC-157.dml,,,,,,,,,,NR SA,,,,,,,,,,,,,,,,,,,,,,On,Connected,-54.000000,2462,39,,,,IWLAN
849,1,,,-121.9331166,47.5260749,2026-01-23 20:59:02.340,_20260123_124628_CH04_TMO_5GNR_WFC_MT-REF-2_TC-157.dml,,,,,,,,,,,,,,,,,,,,,,,[Tool] Voice - Pair Channel Call Drop,,,,,,,,,,,,,,,,,
850,1,,,-121.9331166,47.5260749,2026-01-23 20:59:02.340,_20260123_124628_CH04_TMO_5GNR_WFC_MT-REF-2_TC-157.dml,,,,,,,,,,,,,,,,,,,,,,,[Tool] Voice - Release Call Request,,,,,,,,,,,,,,,,,
851,1,,,-121.9331166,47.5260749,2026-01-23 20:59:03.050,_20260123_124628_CH04_TMO_5GNR_WFC_MT-REF-2_TC-157.dml,,,,,,,,,,,,,,,,,,,,,,BQ,[Tool] Voice - Call Result : BQ,,,,,,,,,,,,,,,,,
852,1,,,-121.9331166,47.5260749,2026-01-23 20:59:03.050,_20260123_124628_CH04_TMO_5GNR_WFC_MT-REF-2_TC-157.dml,,,,,,,,,,,,,,,,,,,,,,,[UE]   Voice - Release Call Success,,,,,,,,,,,,,,,,,
853,1,,,-121.9331166,47.5260749,2026-01-23 20:59:03.000,_20260123_124628_CH04_TMO_5GNR_WFC_MT-REF-2_TC-157.dml,,,,,,,,,,,,,,,,,,,,,,,,,,,,,594,,,,Connected,,,,,,,IWLAN
854,1,,,-121.9331166,47.5260749,2026-01-23 20:59:03.975,_20260123_124628_CH04_TMO_5GNR_WFC_MT-REF-2_TC-157.dml,,,,,,,,,,,,,,,,,,,,,,,[UE]   Voice - Release Call Success,,,,,,,,,,,,,,,,,
855,1,,,-121.9331166,47.5260749,2026-01-23 20:59:04.000,_20260123_124628_CH04_TMO_5GNR_WFC_MT-REF-2_TC-157.dml,,,,,,,,,,,,,,,,,,,,,,,,,,,,,,,,On,Connected,-54.000000,2462,39,,,,IWLAN
856,1,,,-121.9331166,47.5260749,2026-01-23 20:59:05.000,_20260123_124628_CH04_TMO_5GNR_WFC_MT-REF-2_TC-157.dml,,,,,,,,,,,,,,,,,,,,,,,,,,,,,594,,,On,Connected,-57.000000,2462,39,,,,IWLAN
857,1,,,-121.9331166,47.5260749,2026-01-23 20:59:06.000,_20260123_124628_CH04_TMO_5GNR_WFC_MT-REF-2_TC-157.dml,,,,,,,,,,,,,,,,,,,,,,,,,,,,,,,,On,Connected,-57.000000,2462,39,,,,IWLAN
858,1,,,-121.9331166,47.5260749,2026-01-23 20:59:07.000,_20260123_124628_CH04_TMO_5GNR_WFC_MT-REF-2_TC-157.dml,,,,,,,,,,,,,,,,,,,,,,,,,,,,,,,,On,Connected,-57.000000,2462,39,,,,IWLAN
859,1,,,-121.9331166,47.5260749,2026-01-23 20:59:08.000,_20260123_124628_CH04_TMO_5GNR_WFC_MT-REF-2_TC-157.dml,,,,,,,,,,,,,,,,,,,,,,,,,,,,,594,,,,Connected,,,,,,,IWLAN
860,1,,,-121.9331166,47.5260749,2026-01-23 20:59:09.000,_20260123_124628_CH04_TMO_5GNR_WFC_MT-REF-2_TC-157.dml,,,,,,,,,,,,,,,,,,,,,,,,,,,,,,,,On,Connected,-54.000000,2462,39,,,,IWLAN
861,1,,,-121.9331166,47.5260749,2026-01-23 20:59:10.000,_20260123_124628_CH04_TMO_5GNR_WFC_MT-REF-2_TC-157.dml,,,,,,,,,,,,,,,,,,,,,,,,,,,,,594,,,On,Connected,-54.000000,2462,39,,,,IWLAN
862,1,,,-121.9331166,47.5260749,2026-01-23 20:59:11.000,_20260123_124628_CH04_TMO_5GNR_WFC_MT-REF-2_TC-157.dml,,,,,,,,,,,,,,,,,,,,,,,,,,,,,,,,On,Connected,-54.000000,2462,39,,,,IWLAN
863,1,,,-121.9331166,47.5260749,2026-01-23 20:59:12.000,_20260123_124628_CH04_TMO_5GNR_WFC_MT-REF-2_TC-157.dml,,,,,,,,,,,,,,,,,,,,,,,,,,,,,,,,On,Connected,-54.000000,2462,39,,,,IWLAN
864,1,,,-121.9331166,47.5260749,2026-01-23 20:59:13.000,_20260123_124628_CH04_TMO_5GNR_WFC_MT-REF-2_TC-157.dml,,,,,,,,,,,,,,,,,,,,,,,,,,,,,594,,,On,Connected,-54.000000,2462,39,,,,IWLAN
865,1,,,-121.9331166,47.5260749,2026-01-23 20:59:14.000,_20260123_124628_CH04_TMO_5GNR_WFC_MT-REF-2_TC-157.dml,,,,,,,,,,,,,,,,,,,,,,,,,,,,,,,,,Connected,,,,,,,IWLAN
866,1,,,-121.9331166,47.5260749,2026-01-23 20:59:15.000,_20260123_124628_CH04_TMO_5GNR_WFC_MT-REF-2_TC-157.dml,,,,,,,,,,,,,,,,,,,,,,,,,,,,,,,,On,Connected,-53.000000,2462,39,,,,IWLAN
867,1,,,-121.9331166,47.5260749,2026-01-23 20:59:16.000,_20260123_124628_CH04_TMO_5GNR_WFC_MT-REF-2_TC-157.dml,,,,,,,,,,,,,,,,,,,,,,,,,,,,,594,,,On,Connected,-53.000000,2462,39,,,,IWLAN
868,1,,,-121.9331166,47.5260749,2026-01-23 20:59:17.000,_20260123_124628_CH04_TMO_5GNR_WFC_MT-REF-2_TC-157.dml,,,,,,,,,,,,,,,,,,,,,,,,,,,,,,,,On,Connected,-53.000000,2462,39,,,,IWLAN
869,1,,,-121.9331166,47.5260749,2026-01-23 20:59:18.000,_20260123_124628_CH04_TMO_5GNR_WFC_MT-REF-2_TC-157.dml,,,,,,,,,,,,,,,,,,,,,,,,,,,,,594,,,On,Connected,-58.000000,2462,52,,,,IWLAN
870,1,,,-121.9331166,47.5260749,2026-01-23 20:59:19.000,_20260123_124628_CH04_TMO_5GNR_WFC_MT-REF-2_TC-157.dml,,,,,,,,,,,,,,,,,,,,,,,,,,,,,,,,On,Connected,-58.000000,2462,52,,,,IWLAN
871,1,,,-121.9331166,47.5260749,2026-01-23 20:59:20.000,_20260123_124628_CH04_TMO_5GNR_WFC_MT-REF-2_TC-157.dml,,,,,,,,,,,,,,,,,,,,,,,,,,,,,,,,On,Connected,-58.000000,2462,52,,,,IWLAN
872,1,,,-121.9331166,47.5260749,2026-01-23 20:59:21.000,_20260123_124628_CH04_TMO_5GNR_WFC_MT-REF-2_TC-157.dml,,,,,,,,,,,,,,,,,,,,,,,,,,,,,594,,,On,Connected,-57.000000,2462,52,,,,IWLAN
873,1,,,-121.9331166,47.5260749,2026-01-23 20:59:22.000,_20260123_124628_CH04_TMO_5GNR_WFC_MT-REF-2_TC-157.dml,,,,,,,,,,,,,,,,,,,,,,,,,,,,,,,,On,Connected,-57.000000,2462,52,,,,IWLAN
874,1,,,-121.9331166,47.5260749,2026-01-23 20:59:23.000,_20260123_124628_CH04_TMO_5GNR_WFC_MT-REF-2_TC-157.dml,,,,,,,,,,,,,,,,,,,,,,,,,,,,,594,,,,Connected,,,,,,,IWLAN
875,1,,,-121.9331166,47.5260749,2026-01-23 20:59:24.000,_20260123_124628_CH04_TMO_5GNR_WFC_MT-REF-2_TC-157.dml,,,,,,,,,,,,,,,,,,,,,,,,,,,,,,,,On,Connected,-56.000000,2462,52,,,,IWLAN
876,1,,,-121.9331166,47.5260749,2026-01-23 20:59:25.000,_20260123_124628_CH04_TMO_5GNR_WFC_MT-REF-2_TC-157.dml,,,,,,,,,,,,,,,,,,,,,,,,,,,,,,,,On,Connected,-56.000000,2462,52,,,,IWLAN
877,1,,,-121.9331166,47.5260749,2026-01-23 20:59:26.000,_20260123_124628_CH04_TMO_5GNR_WFC_MT-REF-2_TC-157.dml,,,,,,,,,,,,,,,,,,,,,,,,,,,,,594,,,On,Connected,-57.000000,2462,52,,,,IWLAN
878,1,,,-121.9331166,47.5260749,2026-01-23 20:59:27.000,_20260123_124628_CH04_TMO_5GNR_WFC_MT-REF-2_TC-157.dml,,,,,,,,,,,,,,,,,,,,,,,,,,,,,,,,On,Connected,-57.000000,2462,52,,,,IWLAN
879,1,,,-121.9331166,47.5260749,2026-01-23 20:59:28.000,_20260123_124628_CH04_TMO_5GNR_WFC_MT-REF-2_TC-157.dml,,,,,,,,,,,,,,,,,,,,,,,,,,,,,594,,,On,Connected,-57.000000,2462,52,,,,IWLAN
880,1,,,-121.9331166,47.5260749,2026-01-23 20:59:29.000,_20260123_124628_CH04_TMO_5GNR_WFC_MT-REF-2_TC-157.dml,,,,,,,,,,,,,,,,,,,,,,,,,,,,,,,,On,Connected,-56.000000,2462,52,,,,IWLAN
881,1,,,-121.9331166,47.5260749,2026-01-23 20:59:30.000,_20260123_124628_CH04_TMO_5GNR_WFC_MT-REF-2_TC-157.dml,,,,,,,,,,,,,,,,,,,,,,,,,,,,,,,,,Connected,,,,,,,IWLAN
882,1,,,-121.9331166,47.5260749,2026-01-23 20:59:30.400,_20260123_124628_CH04_TMO_5GNR_WFC_MT-REF-2_TC-157.dml,,,,,,,,,,,,,,,,,,,,,,,[Tool] Voice - Release Call Request,,,,,,,,,,,,,,,,,
883,1,,,-121.9331166,47.5260749,2026-01-23 20:59:30.538,_20260123_124628_CH04_TMO_5GNR_WFC_MT-REF-2_TC-157.dml,,,,,,,,,,,,,,,,,,,,,,,[Tool] Voice - Answer Request,,,,,,,,,,,,,,,,,
884,1,,,-121.9331166,47.5260749,2026-01-23 20:59:31.000,_20260123_124628_CH04_TMO_5GNR_WFC_MT-REF-2_TC-157.dml,,,,,,,,,,,,,,,,,,,,,,,,,,,,,594,,,On,Connected,-56.000000,2462,52,,,,IWLAN
885,1,,,-121.9331166,47.5260749,2026-01-23 20:59:32.000,_20260123_124628_CH04_TMO_5GNR_WFC_MT-REF-2_TC-157.dml,,,,,,,,,,,,,,,,,,,,,,,,,,,,,594,,,On,Connected,-56.000000,2462,58,,,,IWLAN
886,1,,,-121.9331166,47.5260749,2026-01-23 20:59:32.938,_20260123_124628_CH04_TMO_5GNR_WFC_MT-REF-2_TC-157.dml,,,,,,,,,,,,,,,,,,,,,,,[Tool] Voice - Call Scheduling End,,,,,,,,,,,,,,,,,
887,1,,,-121.9331166,47.5260749,2026-01-23 20:59:32.938,_20260123_124628_CH04_TMO_5GNR_WFC_MT-REF-2_TC-157.dml,NR SA,Voice,BQ,NR SA,NR SA,Qualcomm,,354877970012475,,,,,,,,,BQ,Termination,BQ,,,,,,,,,90.199000,,,,,,,,,,EPSFB,,
888,1,,,-121.9331166,47.5260749,2026-01-23 20:59:32.938,_20260123_124628_CH04_TMO_5GNR_WFC_MT-REF-2_TC-157.dml,,,,,,,,,,,,,,,,,,,,,,,[Tool] Voice - Release Call Request,,,,,,,,,,,,,,,,,
889,1,,,-121.9331166,47.5260749,2026-01-23 20:59:33.000,_20260123_124628_CH04_TMO_5GNR_WFC_MT-REF-2_TC-157.dml,,,,,,,,,,,,,,,,,,,,,,,,,,,,,,,,,Connected,,,,,,,IWLAN
890,1,,,-121.9331166,47.5260749,2026-01-23 20:59:33.434,_20260123_124628_CH04_TMO_5GNR_WFC_MT-REF-2_TC-157.dml,,,,,,,,,,,,,,,,,,,,,,,[Tool] Voice - Call Scheduling Start(Term),,,,,,,,,,,,,,,,,
891,1,,,-121.9331166,47.5260749,2026-01-23 20:59:33.434,_20260123_124628_CH04_TMO_5GNR_WFC_MT-REF-2_TC-157.dml,,,,,,,,,,,,,,,,,,,,,,,[Tool] Voice - Wait Page,,,,,,,,,,,,,,,,,
892,1,,,-121.9331166,47.5260749,2026-01-23 20:59:34.000,_20260123_124628_CH04_TMO_5GNR_WFC_MT-REF-2_TC-157.dml,,,,,,,,,,,,,,,,,,,,,,,,,,,,,,,,On,Connected,-56.000000,2462,58,,,,IWLAN
893,1,,,-121.9331166,47.5260749,2026-01-23 20:59:35.000,_20260123_124628_CH04_TMO_5GNR_WFC_MT-REF-2_TC-157.dml,,,,,,,,,,,,,,,,,,,,,,,,,,,,,594,,,On,Connected,-56.000000,2462,58,,,,IWLAN
894,1,,,-121.9331166,47.5260749,2026-01-23 20:59:36.000,_20260123_124628_CH04_TMO_5GNR_WFC_MT-REF-2_TC-157.dml,,,,,,,,,,,,,,,,,,,,,,,,,,,,,,,,On,Connected,-55.000000,2462,52,,,,IWLAN
895,1,,,-121.9331166,47.5260749,2026-01-23 20:59:36.797,_20260123_124628_CH04_TMO_5GNR_WFC_MT-REF-2_TC-157.dml,,,,,,,,,,,,,,,,,,,,,,,[Tool] Voice - Answer Request,,,,,,,,,,,,,,,,,
896,1,,,-121.9331166,47.5260749,2026-01-23 20:59:37.000,_20260123_124628_CH04_TMO_5GNR_WFC_MT-REF-2_TC-157.dml,,,,,,,,,,,,,,,,,,,,,,,,,,,,,594,,,,Connected,,,,,,,IWLAN
897,1,,,-121.9331166,47.5260749,2026-01-23 20:59:37.908,_20260123_124628_CH04_TMO_5GNR_WFC_MT-REF-2_TC-157.dml,,,,,,,,,,,,,,,,,,,,,,,[Tool] Voice - Answer Request,,,,,,,,,,,,,,,,,
898,1,,,-121.9331166,47.5260749,2026-01-23 20:59:38.000,_20260123_124628_CH04_TMO_5GNR_WFC_MT-REF-2_TC-157.dml,,,,,,,,,,,,,,,,,,,,,,,,,,,,,,,,On,Connected,-55.000000,2462,52,,,,IWLAN
899,1,,,-121.9331166,47.5260749,2026-01-23 20:59:38.761,_20260123_124628_CH04_TMO_5GNR_WFC_MT-REF-2_TC-157.dml,,,,,,,,,,,,,,,,,,,,,,,[UE]   Voice - Setup Success,,,,,,,,,,,,,,,,,
900,1,,,-121.9331166,47.5260749,2026-01-23 20:59:39.000,_20260123_124628_CH04_TMO_5GNR_WFC_MT-REF-2_TC-157.dml,,,,,,,,,,NR SA,,,,,,,,,,,,,,,,,,,,,,On,Connected,-55.000000,2462,39,,,,IWLAN
901,1,,,-121.9331166,47.5260749,2026-01-23 20:59:40.000,_20260123_124628_CH04_TMO_5GNR_WFC_MT-REF-2_TC-157.dml,,,,,,,,,,NR SA,,,,,,,,,,,,,,,,,,,594,,,,Connected,,,,,,,IWLAN
902,1,,,-121.9331166,47.5260749,2026-01-23 20:59:41.000,_20260123_124628_CH04_TMO_5GNR_WFC_MT-REF-2_TC-157.dml,,,,,,,,,,NR SA,,,,,,,,,,,,,,,,,,,,,,On,Connected,-55.000000,2462,39,,,,IWLAN
903,1,,,-121.9331166,47.5260749,2026-01-23 20:59:42.000,_20260123_124628_CH04_TMO_5GNR_WFC_MT-REF-2_TC-157.dml,,,,,,,,,,NR SA,,,,,,,,,,,,,,,,,,,594,,,On,Connected,-55.000000,2462,39,,,,IWLAN
904,1,,,-121.9331166,47.5260749,2026-01-23 20:59:43.000,_20260123_124628_CH04_TMO_5GNR_WFC_MT-REF-2_TC-157.dml,,,,,,,,,,NR SA,,,,,,,,,,,,,,,,,,,,,,,Connected,,,,,,,IWLAN
905,1,,,-121.9331166,47.5260749,2026-01-23 20:59:44.000,_20260123_124628_CH04_TMO_5GNR_WFC_MT-REF-2_TC-157.dml,,,,,,,,,,NR SA,,,,,,,,,,,,,,,,,,,594,,,On,Connected,-55.000000,2462,39,,,,IWLAN
906,1,,,-121.9331166,47.5260749,2026-01-23 20:59:45.000,_20260123_124628_CH04_TMO_5GNR_WFC_MT-REF-2_TC-157.dml,,,,,,,,,,NR SA,,,,,,,,,,,,,,,,,,,,,,,Connected,,,,,,,IWLAN
907,1,,,-121.9331166,47.5260749,2026-01-23 20:59:46.000,_20260123_124628_CH04_TMO_5GNR_WFC_MT-REF-2_TC-157.dml,,,,,,,,,,NR SA,,,,,,,,,,,,,,,,,,,594,,,On,Connected,-55.000000,2462,39,,,,IWLAN
908,1,,,-121.9331166,47.5260749,2026-01-23 20:59:47.000,_20260123_124628_CH04_TMO_5GNR_WFC_MT-REF-2_TC-157.dml,,,,,,,,,,NR SA,,,,,,,,,,,,,,,,,,,,,,,Connected,,,,,,,IWLAN
909,1,,,-121.9331166,47.5260749,2026-01-23 20:59:48.000,_20260123_124628_CH04_TMO_5GNR_WFC_MT-REF-2_TC-157.dml,,,,,,,,,,NR SA,,,,,,,,,,,,,,,,,,,,,,On,Connected,-54.000000,2462,19,,,,IWLAN
910,1,,,-121.9331166,47.5260749,2026-01-23 20:59:49.000,_20260123_124628_CH04_TMO_5GNR_WFC_MT-REF-2_TC-157.dml,,,,,,,,,,NR SA,,,,,,,,,,,,,,,,,,,594,,1.716295,,Connected,,,,,,,IWLAN
911,1,,,-121.9331166,47.5260749,2026-01-23 20:59:50.000,_20260123_124628_CH04_TMO_5GNR_WFC_MT-REF-2_TC-157.dml,,,,,,,,,,NR SA,,,,,,,,,,,,,,,,,,,,,1.716295,On,Connected,-54.500000,2462,39,,,,IWLAN
912,1,,,-121.9331166,47.5260749,2026-01-23 20:59:51.000,_20260123_124628_CH04_TMO_5GNR_WFC_MT-REF-2_TC-157.dml,,,,,,,,,,NR SA,,,,,,,,,,,,,,,,,,,594,,1.716295,On,Connected,-55.000000,2462,39,,,,IWLAN
913,1,,,-121.9331166,47.5260749,2026-01-23 20:59:52.000,_20260123_124628_CH04_TMO_5GNR_WFC_MT-REF-2_TC-157.dml,,,,,,,,,,NR SA,,,,,,,,,,,,,,,,,,,,,1.716295,,Connected,,,,,,,IWLAN
914,1,,,-121.9331166,47.5260749,2026-01-23 20:59:53.000,_20260123_124628_CH04_TMO_5GNR_WFC_MT-REF-2_TC-157.dml,,,,,,,,,,NR SA,,,,,,,,,,,,,,,,,,,,,1.716295,On,Connected,-55.000000,2462,52,,,,IWLAN
915,1,,,-121.9331166,47.5260749,2026-01-23 20:59:54.000,_20260123_124628_CH04_TMO_5GNR_WFC_MT-REF-2_TC-157.dml,,,,,,,,,,NR SA,,,,,,,,,,,,,,,,,,,594,,1.716295,,Connected,,,,,,,IWLAN
916,1,,,-121.9331166,47.5260749,2026-01-23 20:59:55.000,_20260123_124628_CH04_TMO_5GNR_WFC_MT-REF-2_TC-157.dml,,,,,,,,,,NR SA,,,,,,,,,,,,,,,,,,,,,1.716295,On,Connected,-55.000000,2462,52,,,,IWLAN
917,1,,,-121.9331166,47.5260749,2026-01-23 20:59:56.000,_20260123_124628_CH04_TMO_5GNR_WFC_MT-REF-2_TC-157.dml,,,,,,,,,,NR SA,,,,,,,,,,,,,,,,,,,,,1.716295,,Connected,,,,,,,IWLAN
918,1,,,-121.9331166,47.5260749,2026-01-23 20:59:57.000,_20260123_124628_CH04_TMO_5GNR_WFC_MT-REF-2_TC-157.dml,,,,,,,,,,NR SA,,,,,,,,,,,,,,,,,,,594,,1.716295,On,Connected,-53.000000,2462,26,,,,IWLAN
919,1,,,-121.9331166,47.5260749,2026-01-23 20:59:58.000,_20260123_124628_CH04_TMO_5GNR_WFC_MT-REF-2_TC-157.dml,,,,,,,,,,NR SA,,,,,,,,,,,,,,,,,,,,,1.716295,On,Connected,-53.000000,2462,26,,,,IWLAN
920,1,,,-121.9331166,47.5260749,2026-01-23 20:59:59.000,_20260123_124628_CH04_TMO_5GNR_WFC_MT-REF-2_TC-157.dml,,,,,,,,,,NR SA,,,,,,,,,,,,,,,,,,,594,,,,Connected,,,,,,,IWLAN
921,1,,,-121.9331166,47.5260749,2026-01-23 20:59:59.619,_20260123_124628_CH04_TMO_5GNR_WFC_MT-REF-2_TC-157.dml,,,,,,,,,,,,,,,,,,,,,,,,,,,,,,-77.904514,,,,,,,,,,
922,1,,,-121.9331166,47.5260749,2026-01-23 21:00:00.000,_20260123_124628_CH04_TMO_5GNR_WFC_MT-REF-2_TC-157.dml,,,,,,,,,,NR SA,,,,,,,,,,,,,,,,,,,,,,On,Connected,-55.000000,2462,52,,,,IWLAN
923,1,,,-121.9331166,47.5260749,2026-01-23 21:00:01.000,_20260123_124628_CH04_TMO_5GNR_WFC_MT-REF-2_TC-157.dml,,,,,,,,,,NR SA,,,,,,,,,,,,,,,,,,,,,,On,Connected,-55.000000,2462,52,,,,IWLAN
924,1,,,-121.9331166,47.5260749,2026-01-23 21:00:02.000,_20260123_124628_CH04_TMO_5GNR_WFC_MT-REF-2_TC-157.dml,,,,,,,,,,NR SA,,,,,,,,,,,,,,,,,,,594,,,On,Connected,-54.000000,2462,39,,,,IWLAN
925,1,,,-121.9331166,47.5260749,2026-01-23 21:00:03.000,_20260123_124628_CH04_TMO_5GNR_WFC_MT-REF-2_TC-157.dml,,,,,,,,,,NR SA,,,,,,,,,,,,,,,,,,,,,,,Connected,,,,,,,IWLAN
926,1,,,-121.9331166,47.5260749,2026-01-23 21:00:04.000,_20260123_124628_CH04_TMO_5GNR_WFC_MT-REF-2_TC-157.dml,,,,,,,,,,NR SA,,,,,,,,,,,,,,,,,,,594,,,On,Connected,-54.000000,2462,39,,,,IWLAN
927,1,,,-121.9331166,47.5260749,2026-01-23 21:00:05.000,_20260123_124628_CH04_TMO_5GNR_WFC_MT-REF-2_TC-157.dml,,,,,,,,,,NR SA,,,,,,,,,,,,,,,,,,,,,,,Connected,,,,,,,IWLAN
928,1,,,-121.9331166,47.5260749,2026-01-23 21:00:06.000,_20260123_124628_CH04_TMO_5GNR_WFC_MT-REF-2_TC-157.dml,,,,,,,,,,NR SA,,,,,,,,,,,,,,,,,,,,,,On,Connected,-54.000000,2462,52,,,,IWLAN
929,1,,,-121.9331166,47.5260749,2026-01-23 21:00:07.000,_20260123_124628_CH04_TMO_5GNR_WFC_MT-REF-2_TC-157.dml,,,,,,,,,,NR SA,,,,,,,,,,,,,,,,,,,594,,,On,Connected,-54.000000,2462,52,,,,IWLAN
930,1,,,-121.9331166,47.5260749,2026-01-23 21:00:08.000,_20260123_124628_CH04_TMO_5GNR_WFC_MT-REF-2_TC-157.dml,,,,,,,,,,NR SA,,,,,,,,,,,,,,,,,,,,,,,Connected,,,,,,,IWLAN
931,1,,,-121.9331166,47.5260749,2026-01-23 21:00:09.000,_20260123_124628_CH04_TMO_5GNR_WFC_MT-REF-2_TC-157.dml,,,,,,,,,,NR SA,,,,,,,,,,,,,,,,,,,594,,1.979701,On,Connected,-55.000000,2462,52,,,,IWLAN
932,1,,,-121.9331166,47.5260749,2026-01-23 21:00:10.000,_20260123_124628_CH04_TMO_5GNR_WFC_MT-REF-2_TC-157.dml,,,,,,,,,,NR SA,,,,,,,,,,,,,,,,,,,,,1.979701,,Connected,,,,,,,IWLAN
933,1,,,-121.9331166,47.5260749,2026-01-23 21:00:11.000,_20260123_124628_CH04_TMO_5GNR_WFC_MT-REF-2_TC-157.dml,,,,,,,,,,NR SA,,,,,,,,,,,,,,,,,,,,,1.979701,On,Connected,-55.000000,2462,52,,,,IWLAN
934,1,,,-121.9331166,47.5260749,2026-01-23 21:00:12.000,_20260123_124628_CH04_TMO_5GNR_WFC_MT-REF-2_TC-157.dml,,,,,,,,,,NR SA,,,,,,,,,,,,,,,,,,,594,,1.979701,On,Connected,-54.000000,2462,52,,,,IWLAN
935,1,,,-121.9331166,47.5260749,2026-01-23 21:00:13.000,_20260123_124628_CH04_TMO_5GNR_WFC_MT-REF-2_TC-157.dml,,,,,,,,,,NR SA,,,,,,,,,,,,,,,,,,,,,1.979701,On,Connected,-54.000000,2462,52,,,,IWLAN
936,1,,,-121.9331166,47.5260749,2026-01-23 21:00:14.000,_20260123_124628_CH04_TMO_5GNR_WFC_MT-REF-2_TC-157.dml,,,,,,,,,,NR SA,,,,,,,,,,,,,,,,,,,594,,1.979701,On,Connected,-54.500000,2462,39,,,,IWLAN
937,1,,,-121.9331166,47.5260749,2026-01-23 21:00:15.000,_20260123_124628_CH04_TMO_5GNR_WFC_MT-REF-2_TC-157.dml,,,,,,,,,,NR SA,,,,,,,,,,,,,,,,,,,,,1.979701,,Connected,,,,,,,IWLAN
938,1,,,-121.9331166,47.5260749,2026-01-23 21:00:16.000,_20260123_124628_CH04_TMO_5GNR_WFC_MT-REF-2_TC-157.dml,,,,,,,,,,NR SA,,,,,,,,,,,,,,,,,,,,,1.979701,On,Connected,-55.000000,2462,39,,,,IWLAN
939,1,,,-121.9331166,47.5260749,2026-01-23 21:00:17.000,_20260123_124628_CH04_TMO_5GNR_WFC_MT-REF-2_TC-157.dml,,,,,,,,,,NR SA,,,,,,,,,,,,,,,,,,,594,,1.979701,,Connected,,,,,,,IWLAN
940,1,,,-121.9331166,47.5260749,2026-01-23 21:00:18.000,_20260123_124628_CH04_TMO_5GNR_WFC_MT-REF-2_TC-157.dml,,,,,,,,,,NR SA,,,,,,,,,,,,,,,,,,,,,1.979701,On,Connected,-55.000000,2462,39,,,,IWLAN
941,1,,,-121.9331166,47.5260749,2026-01-23 21:00:19.000,_20260123_124628_CH04_TMO_5GNR_WFC_MT-REF-2_TC-157.dml,,,,,,,,,,NR SA,,,,,,,,,,,,,,,,,,,,,,On,Connected,-55.000000,2462,39,,,,IWLAN
942,1,,,-121.9331166,47.5260749,2026-01-23 21:00:19.707,_20260123_124628_CH04_TMO_5GNR_WFC_MT-REF-2_TC-157.dml,,,,,,,,,,,,,,,,,,,,,,,,,,,,,,-79.404514,,,,,,,,,,
943,1,,,-121.9331166,47.5260749,2026-01-23 21:00:20.000,_20260123_124628_CH04_TMO_5GNR_WFC_MT-REF-2_TC-157.dml,,,,,,,,,,NR SA,,,,,,,,,,,,,,,,,,,594,,,On,Connected,-56.000000,2462,39,,,,IWLAN
944,1,,,-121.9331166,47.5260749,2026-01-23 21:00:21.000,_20260123_124628_CH04_TMO_5GNR_WFC_MT-REF-2_TC-157.dml,,,,,,,,,,NR SA,,,,,,,,,,,,,,,,,,,,,,,Connected,,,,,,,IWLAN
945,1,,,-121.9331166,47.5260749,2026-01-23 21:00:22.000,_20260123_124628_CH04_TMO_5GNR_WFC_MT-REF-2_TC-157.dml,,,,,,,,,,NR SA,,,,,,,,,,,,,,,,,,,594,,,On,Connected,-57.000000,2462,39,,,,IWLAN
946,1,,,-121.9331166,47.5260749,2026-01-23 21:00:23.000,_20260123_124628_CH04_TMO_5GNR_WFC_MT-REF-2_TC-157.dml,,,,,,,,,,NR SA,,,,,,,,,,,,,,,,,,,,,,On,Connected,-56.500000,2462,39,,,,IWLAN
947,1,,,-121.9331166,47.5260749,2026-01-23 21:00:24.000,_20260123_124628_CH04_TMO_5GNR_WFC_MT-REF-2_TC-157.dml,,,,,,,,,,NR SA,,,,,,,,,,,,,,,,,,,,,,,Connected,,,,,,,IWLAN
948,1,,,-121.9331166,47.5260749,2026-01-23 21:00:25.000,_20260123_124628_CH04_TMO_5GNR_WFC_MT-REF-2_TC-157.dml,,,,,,,,,,NR SA,,,,,,,,,,,,,,,,,,,594,,,On,Connected,-56.000000,2462,39,,,,IWLAN
949,1,,,-121.9331166,47.5260749,2026-01-23 21:00:26.000,_20260123_124628_CH04_TMO_5GNR_WFC_MT-REF-2_TC-157.dml,,,,,,,,,,NR SA,,,,,,,,,,,,,,,,,,,,,,On,Connected,-56.000000,2462,39,,,,IWLAN
950,1,,,-121.9331166,47.5260749,2026-01-23 21:00:27.000,_20260123_124628_CH04_TMO_5GNR_WFC_MT-REF-2_TC-157.dml,,,,,,,,,,NR SA,,,,,,,,,,,,,,,,,,,594,,,On,Connected,-55.000000,2462,39,,,,IWLAN
951,1,,,-121.9331166,47.5260749,2026-01-23 21:00:28.000,_20260123_124628_CH04_TMO_5GNR_WFC_MT-REF-2_TC-157.dml,,,,,,,,,,NR SA,,,,,,,,,,,,,,,,,,,,,,On,Connected,-55.000000,2462,39,,,,IWLAN
952,1,,,-121.9331166,47.5260749,2026-01-23 21:00:29.000,_20260123_124628_CH04_TMO_5GNR_WFC_MT-REF-2_TC-157.dml,,,,,,,,,,NR SA,,,,,,,,,,,,,,,,,,,594,,2.210197,On,Connected,-55.000000,2462,39,,,,IWLAN
953,1,,,-121.9331166,47.5260749,2026-01-23 21:00:30.000,_20260123_124628_CH04_TMO_5GNR_WFC_MT-REF-2_TC-157.dml,,,,,,,,,,NR SA,,,,,,,,,,,,,,,,,,,594,,2.210197,On,Connected,-56.000000,2462,52,,,,IWLAN
954,1,,,-121.9331166,47.5260749,2026-01-23 21:00:31.000,_20260123_124628_CH04_TMO_5GNR_WFC_MT-REF-2_TC-157.dml,,,,,,,,,,NR SA,,,,,,,,,,,,,,,,,,,,,2.210197,On,Connected,-56.000000,2462,52,,,,IWLAN
955,1,,,-121.9331166,47.5260749,2026-01-23 21:00:32.000,_20260123_124628_CH04_TMO_5GNR_WFC_MT-REF-2_TC-157.dml,,,,,,,,,,NR SA,,,,,,,,,,,,,,,,,,,594,,2.210197,On,Connected,-56.000000,2462,52,,,,IWLAN
956,1,,,-121.9331166,47.5260749,2026-01-23 21:00:33.000,_20260123_124628_CH04_TMO_5GNR_WFC_MT-REF-2_TC-157.dml,,,,,,,,,,NR SA,,,,,,,,,,,,,,,,,,,,,2.210197,On,Connected,-54.000000,2462,52,,,,IWLAN
957,1,,,-121.9331166,47.5260749,2026-01-23 21:00:34.000,_20260123_124628_CH04_TMO_5GNR_WFC_MT-REF-2_TC-157.dml,,,,,,,,,,NR SA,,,,,,,,,,,,,,,,,,,594,,2.210197,On,Connected,-54.000000,2462,52,,,,IWLAN
958,1,,,-121.9331166,47.5260749,2026-01-23 21:00:35.000,_20260123_124628_CH04_TMO_5GNR_WFC_MT-REF-2_TC-157.dml,,,,,,,,,,NR SA,,,,,,,,,,,,,,,,,,,,,2.210197,On,Connected,-54.000000,2462,52,,,,IWLAN
959,1,,,-121.9331166,47.5260749,2026-01-23 21:00:36.000,_20260123_124628_CH04_TMO_5GNR_WFC_MT-REF-2_TC-157.dml,,,,,,,,,,NR SA,,,,,,,,,,,,,,,,,,,594,,2.210197,On,Connected,-53.000000,2462,52,,,,IWLAN
960,1,,,-121.9331166,47.5260749,2026-01-23 21:00:37.000,_20260123_124628_CH04_TMO_5GNR_WFC_MT-REF-2_TC-157.dml,,,,,,,,,,NR SA,,,,,,,,,,,,,,,,,,,,,2.210197,On,Connected,-53.000000,2462,52,,,,IWLAN
961,1,,,-121.9331166,47.5260749,2026-01-23 21:00:38.000,_20260123_124628_CH04_TMO_5GNR_WFC_MT-REF-2_TC-157.dml,,,,,,,,,,NR SA,,,,,,,,,,,,,,,,,,,,,2.210197,On,Connected,-53.000000,2462,52,,,,IWLAN
962,1,,,-121.9331166,47.5260749,2026-01-23 21:00:39.000,_20260123_124628_CH04_TMO_5GNR_WFC_MT-REF-2_TC-157.dml,,,,,,,,,,NR SA,,,,,,,,,,,,,,,,,,,594,,,On,Connected,-51.000000,2462,39,,,,IWLAN
963,1,,,-121.9331166,47.5260749,2026-01-23 21:00:39.568,_20260123_124628_CH04_TMO_5GNR_WFC_MT-REF-2_TC-157.dml,,,,,,,,,,,,,,,,,,,,,,,,,,,,,,-82.416903,,,,,,,,,,
964,1,,,-121.9331166,47.5260749,2026-01-23 21:00:40.000,_20260123_124628_CH04_TMO_5GNR_WFC_MT-REF-2_TC-157.dml,,,,,,,,,,NR SA,,,,,,,,,,,,,,,,,,,594,,,On,Connected,-51.000000,2462,39,,,,IWLAN
965,1,,,-121.9331166,47.5260749,2026-01-23 21:00:41.000,_20260123_124628_CH04_TMO_5GNR_WFC_MT-REF-2_TC-157.dml,,,,,,,,,,NR SA,,,,,,,,,,,,,,,,,,,,,,On,Connected,-51.000000,2462,39,,,,IWLAN
966,1,,,-121.9331166,47.5260749,2026-01-23 21:00:42.000,_20260123_124628_CH04_TMO_5GNR_WFC_MT-REF-2_TC-157.dml,,,,,,,,,,NR SA,,,,,,,,,,,,,,,,,,,,,,On,Connected,-51.000000,2462,39,,,,IWLAN
967,1,,,-121.9331166,47.5260749,2026-01-23 21:00:43.000,_20260123_124628_CH04_TMO_5GNR_WFC_MT-REF-2_TC-157.dml,,,,,,,,,,NR SA,,,,,,,,,,,,,,,,,,,594,,,On,Connected,-51.000000,2462,39,,,,IWLAN
968,1,,,-121.9331166,47.5260749,2026-01-23 21:00:44.000,_20260123_124628_CH04_TMO_5GNR_WFC_MT-REF-2_TC-157.dml,,,,,,,,,,NR SA,,,,,,,,,,,,,,,,,,,,,,On,Connected,-51.000000,2462,39,,,,IWLAN
969,1,,,-121.9331166,47.5260749,2026-01-23 21:00:45.000,_20260123_124628_CH04_TMO_5GNR_WFC_MT-REF-2_TC-157.dml,,,,,,,,,,NR SA,,,,,,,,,,,,,,,,,,,594,,,On,Connected,-54.000000,2462,26,,,,IWLAN
970,1,,,-121.9331166,47.5260749,2026-01-23 21:00:46.000,_20260123_124628_CH04_TMO_5GNR_WFC_MT-REF-2_TC-157.dml,,,,,,,,,,NR SA,,,,,,,,,,,,,,,,,,,,,,On,Connected,-54.000000,2462,26,,,,IWLAN
971,1,,,-121.9331166,47.5260749,2026-01-23 21:00:47.000,_20260123_124628_CH04_TMO_5GNR_WFC_MT-REF-2_TC-157.dml,,,,,,,,,,NR SA,,,,,,,,,,,,,,,,,,,,,,On,Connected,-54.000000,2462,26,,,,IWLAN
972,1,,,-121.9331166,47.5260749,2026-01-23 21:00:48.000,_20260123_124628_CH04_TMO_5GNR_WFC_MT-REF-2_TC-157.dml,,,,,,,,,,NR SA,,,,,,,,,,,,,,,,,,,594,,,On,Connected,-51.000000,2462,39,,,,IWLAN
973,1,,,-121.9331166,47.5260749,2026-01-23 21:00:49.000,_20260123_124628_CH04_TMO_5GNR_WFC_MT-REF-2_TC-157.dml,,,,,,,,,,NR SA,,,,,,,,,,,,,,,,,,,,,2.105025,On,Connected,-51.000000,2462,39,,,,IWLAN
974,1,,,-121.9331166,47.5260749,2026-01-23 21:00:50.000,_20260123_124628_CH04_TMO_5GNR_WFC_MT-REF-2_TC-157.dml,,,,,,,,,,NR SA,,,,,,,,,,,,,,,,,,,594,,2.105025,On,Connected,-51.000000,2462,39,,,,IWLAN
975,1,,,-121.9331166,47.5260749,2026-01-23 21:00:51.000,_20260123_124628_CH04_TMO_5GNR_WFC_MT-REF-2_TC-157.dml,,,,,,,,,,NR SA,,,,,,,,,,,,,,,,,,,,,2.105025,On,Connected,-54.000000,2462,39,,,,IWLAN
976,1,,,-121.9331166,47.5260749,2026-01-23 21:00:52.000,_20260123_124628_CH04_TMO_5GNR_WFC_MT-REF-2_TC-157.dml,,,,,,,,,,NR SA,,,,,,,,,,,,,,,,,,,,,2.105025,On,Connected,-54.000000,2462,39,,,,IWLAN
977,1,,,-121.9331166,47.5260749,2026-01-23 21:00:53.000,_20260123_124628_CH04_TMO_5GNR_WFC_MT-REF-2_TC-157.dml,,,,,,,,,,NR SA,,,,,,,,,,,,,,,,,,,594,,2.105025,On,Connected,-54.000000,2462,39,,,,IWLAN
978,1,,,-121.9331166,47.5260749,2026-01-23 21:00:54.000,_20260123_124628_CH04_TMO_5GNR_WFC_MT-REF-2_TC-157.dml,,,,,,,,,,NR SA,,,,,,,,,,,,,,,,,,,,,2.105025,On,Connected,-54.000000,2462,52,,,,IWLAN
979,1,,,-121.9331166,47.5260749,2026-01-23 21:00:55.000,_20260123_124628_CH04_TMO_5GNR_WFC_MT-REF-2_TC-157.dml,,,,,,,,,,NR SA,,,,,,,,,,,,,,,,,,,594,,2.105025,On,Connected,-54.000000,2462,52,,,,IWLAN
980,1,,,-121.9331166,47.5260749,2026-01-23 21:00:56.000,_20260123_124628_CH04_TMO_5GNR_WFC_MT-REF-2_TC-157.dml,,,,,,,,,,NR SA,,,,,,,,,,,,,,,,,,,,,2.105025,On,Connected,-54.000000,2462,52,,,,IWLAN
981,1,,,-121.9331166,47.5260749,2026-01-23 21:00:57.000,_20260123_124628_CH04_TMO_5GNR_WFC_MT-REF-2_TC-157.dml,,,,,,,,,,NR SA,,,,,,,,,,,,,,,,,,,,,2.105025,On,Connected,-53.000000,2462,39,,,,IWLAN
982,1,,,-121.9331166,47.5260749,2026-01-23 21:00:58.000,_20260123_124628_CH04_TMO_5GNR_WFC_MT-REF-2_TC-157.dml,,,,,,,,,,NR SA,,,,,,,,,,,,,,,,,,,594,,2.105025,On,Connected,-53.000000,2462,39,,,,IWLAN
983,1,,,-121.9331166,47.5260749,2026-01-23 21:00:59.000,_20260123_124628_CH04_TMO_5GNR_WFC_MT-REF-2_TC-157.dml,,,,,,,,,,NR SA,,,,,,,,,,,,,,,,,,,,,,On,Connected,-53.000000,2462,39,,,,IWLAN
984,1,,,-121.9331166,47.5260749,2026-01-23 21:00:59.510,_20260123_124628_CH04_TMO_5GNR_WFC_MT-REF-2_TC-157.dml,,,,,,,,,,,,,,,,,,,,,,,,,,,,,,-77.310547,,,,,,,,,,
985,1,,,-121.9331166,47.5260749,2026-01-23 21:01:00.000,_20260123_124628_CH04_TMO_5GNR_WFC_MT-REF-2_TC-157.dml,,,,,,,,,,NR SA,,,,,,,,,,,,,,,,,,,,,,On,Connected,-54.000000,2462,52,,,,IWLAN
986,1,,,-121.9331166,47.5260749,2026-01-23 21:01:01.000,_20260123_124628_CH04_TMO_5GNR_WFC_MT-REF-2_TC-157.dml,,,,,,,,,,NR SA,,,,,,,,,,,,,,,,,,,594,,,On,Connected,-54.000000,2462,52,,,,IWLAN
987,1,,,-121.9331166,47.5260749,2026-01-23 21:01:02.000,_20260123_124628_CH04_TMO_5GNR_WFC_MT-REF-2_TC-157.dml,,,,,,,,,,NR SA,,,,,,,,,,,,,,,,,,,,,,On,Connected,-54.000000,2462,52,,,,IWLAN
988,1,,,-121.9331166,47.5260749,2026-01-23 21:01:03.000,_20260123_124628_CH04_TMO_5GNR_WFC_MT-REF-2_TC-157.dml,,,,,,,,,,NR SA,,,,,,,,,,,,,,,,,,,594,,,On,Connected,-53.000000,2462,58,,,,IWLAN
989,1,,,-121.9331166,47.5260749,2026-01-23 21:01:04.000,_20260123_124628_CH04_TMO_5GNR_WFC_MT-REF-2_TC-157.dml,,,,,,,,,,NR SA,,,,,,,,,,,,,,,,,,,,,,On,Connected,-53.000000,2462,58,,,,IWLAN
990,1,,,-121.9331166,47.5260749,2026-01-23 21:01:05.000,_20260123_124628_CH04_TMO_5GNR_WFC_MT-REF-2_TC-157.dml,,,,,,,,,,NR SA,,,,,,,,,,,,,,,,,,,,,,On,Connected,-53.000000,2462,58,,,,IWLAN
991,1,,,-121.9331166,47.5260749,2026-01-23 21:01:06.000,_20260123_124628_CH04_TMO_5GNR_WFC_MT-REF-2_TC-157.dml,,,,,,,,,,NR SA,,,,,,,,,,,,,,,,,,,594,,,On,Connected,-54.000000,2462,39,,,,IWLAN
992,1,,,-121.9331166,47.5260749,2026-01-23 21:01:07.000,_20260123_124628_CH04_TMO_5GNR_WFC_MT-REF-2_TC-157.dml,,,,,,,,,,NR SA,,,,,,,,,,,,,,,,,,,,,,On,Connected,-54.000000,2462,39,,,,IWLAN
993,1,,,-121.9331166,47.5260749,2026-01-23 21:01:08.000,_20260123_124628_CH04_TMO_5GNR_WFC_MT-REF-2_TC-157.dml,,,,,,,,,,NR SA,,,,,,,,,,,,,,,,,,,594,,,On,Connected,-54.000000,2462,39,,,,IWLAN
994,1,,,-121.9331166,47.5260749,2026-01-23 21:01:09.264,_20260123_124628_CH04_TMO_5GNR_WFC_MT-REF-2_TC-157.dml,,,,,,,,,,,,,,,,,,,,,,,[Tool] Voice - Pair Channel Call Drop,,,,,,,,,,,,,,,,,
995,1,,,-121.9331166,47.5260749,2026-01-23 21:01:09.264,_20260123_124628_CH04_TMO_5GNR_WFC_MT-REF-2_TC-157.dml,,,,,,,,,,,,,,,,,,,,,,,[Tool] Voice - Release Call Request,,,,,,,,,,,,,,,,,
996,1,,,-121.9331166,47.5260749,2026-01-23 21:01:09.000,_20260123_124628_CH04_TMO_5GNR_WFC_MT-REF-2_TC-157.dml,,,,,,,,,,NR SA,,,,,,,,,,,,,,,,,,,,,,On,Connected,-54.000000,2462,39,,,,IWLAN
997,1,,,-121.9331166,47.5260749,2026-01-23 21:01:09.529,_20260123_124628_CH04_TMO_5GNR_WFC_MT-REF-2_TC-157.dml,,,,,,,,,,,,,,,,,,,,,,BQ,[Tool] Voice - Call Result : BQ,,,,,,,,,,,,,,,,,
998,1,,,-121.9331166,47.5260749,2026-01-23 21:01:09.529,_20260123_124628_CH04_TMO_5GNR_WFC_MT-REF-2_TC-157.dml,,,,,,,,,,,,,,,,,,,,,,,[UE]   Voice - Release Call Success,,,,,,,,,,,,,,,,,
999,1,,,-121.9331166,47.5260749,2026-01-23 21:01:10.000,_20260123_124628_CH04_TMO_5GNR_WFC_MT-REF-2_TC-157.dml,,,,,,,,,,,,,,,,,,,,,,,,,,,,,594,,,On,Connected,-54.000000,2462,39,,,,IWLAN
1000,1,,,-121.9331166,47.5260749,2026-01-23 21:01:10.504,_20260123_124628_CH04_TMO_5GNR_WFC_MT-REF-2_TC-157.dml,,,,,,,,,,,,,,,,,,,,,,,[UE]   Voice - Release Call Success,,,,,,,,,,,,,,,,,
1001,1,,,-121.9331166,47.5260749,2026-01-23 21:01:11.000,_20260123_124628_CH04_TMO_5GNR_WFC_MT-REF-2_TC-157.dml,,,,,,,,,,,,,,,,,,,,,,,,,,,,,,,,On,Connected,-54.000000,2462,39,,,,IWLAN
1002,1,,,-121.9331166,47.5260749,2026-01-23 21:01:12.000,_20260123_124628_CH04_TMO_5GNR_WFC_MT-REF-2_TC-157.dml,,,,,,,,,,,,,,,,,,,,,,,,,,,,,594,,,On,Connected,-55.000000,2462,26,,,,IWLAN
1003,1,,,-121.9331166,47.5260749,2026-01-23 21:01:13.000,_20260123_124628_CH04_TMO_5GNR_WFC_MT-REF-2_TC-157.dml,,,,,,,,,,,,,,,,,,,,,,,,,,,,,,,,On,Connected,-55.000000,2462,26,,,,IWLAN
1004,1,,,-121.9331166,47.5260749,2026-01-23 21:01:14.000,_20260123_124628_CH04_TMO_5GNR_WFC_MT-REF-2_TC-157.dml,,,,,,,,,,,,,,,,,,,,,,,,,,,,,,,,On,Connected,-55.000000,2462,26,,,,IWLAN
1005,1,,,-121.9331166,47.5260749,2026-01-23 21:01:15.000,_20260123_124628_CH04_TMO_5GNR_WFC_MT-REF-2_TC-157.dml,,,,,,,,,,,,,,,,,,,,,,,,,,,,,594,,,On,Connected,-60.000000,2462,26,,,,IWLAN
1006,1,,,-121.9331166,47.5260749,2026-01-23 21:01:16.000,_20260123_124628_CH04_TMO_5GNR_WFC_MT-REF-2_TC-157.dml,,,,,,,,,,,,,,,,,,,,,,,,,,,,,594,,,On,Connected,-60.000000,2462,26,,,,IWLAN
1007,1,,,-121.9331166,47.5260749,2026-01-23 21:01:17.000,_20260123_124628_CH04_TMO_5GNR_WFC_MT-REF-2_TC-157.dml,,,,,,,,,,,,,,,,,,,,,,,,,,,,,,,,On,Connected,-60.000000,2462,26,,,,IWLAN
1008,1,,,-121.9331166,47.5260749,2026-01-23 21:01:18.000,_20260123_124628_CH04_TMO_5GNR_WFC_MT-REF-2_TC-157.dml,,,,,,,,,,,,,,,,,,,,,,,,,,,,,594,,,On,Connected,-60.000000,2462,26,,,,IWLAN
1009,1,,,-121.9331166,47.5260749,2026-01-23 21:01:19.000,_20260123_124628_CH04_TMO_5GNR_WFC_MT-REF-2_TC-157.dml,,,,,,,,,,,,,,,,,,,,,,,,,,,,,,,,On,Connected,-60.000000,2462,26,,,,IWLAN
1010,1,,,-121.9331166,47.5260749,2026-01-23 21:01:20.000,_20260123_124628_CH04_TMO_5GNR_WFC_MT-REF-2_TC-157.dml,,,,,,,,,,,,,,,,,,,,,,,,,,,,,,,,On,Connected,-60.000000,2462,26,,,,IWLAN
1011,1,,,-121.9331166,47.5260749,2026-01-23 21:01:21.000,_20260123_124628_CH04_TMO_5GNR_WFC_MT-REF-2_TC-157.dml,,,,,,,,,,,,,,,,,,,,,,,,,,,,,594,,,On,Connected,-61.000000,2462,26,,,,IWLAN
1012,1,,,-121.9331166,47.5260749,2026-01-23 21:01:22.000,_20260123_124628_CH04_TMO_5GNR_WFC_MT-REF-2_TC-157.dml,,,,,,,,,,,,,,,,,,,,,,,,,,,,,,,,On,Connected,-61.000000,2462,26,,,,IWLAN
1013,1,,,-121.9331166,47.5260749,2026-01-23 21:01:23.000,_20260123_124628_CH04_TMO_5GNR_WFC_MT-REF-2_TC-157.dml,,,,,,,,,,,,,,,,,,,,,,,,,,,,,,,,On,Connected,-61.000000,2462,26,,,,IWLAN
1014,1,,,-121.9331166,47.5260749,2026-01-23 21:01:24.000,_20260123_124628_CH04_TMO_5GNR_WFC_MT-REF-2_TC-157.dml,,,,,,,,,,,,,,,,,,,,,,,,,,,,,594,,,On,Connected,-65.000000,2462,26,,,,IWLAN
1015,1,,,-121.9331166,47.5260749,2026-01-23 21:01:25.000,_20260123_124628_CH04_TMO_5GNR_WFC_MT-REF-2_TC-157.dml,,,,,,,,,,,,,,,,,,,,,,,,,,,,,,,,On,Connected,-65.000000,2462,26,,,,IWLAN
1016,1,,,-121.9331166,47.5260749,2026-01-23 21:01:26.000,_20260123_124628_CH04_TMO_5GNR_WFC_MT-REF-2_TC-157.dml,,,,,,,,,,,,,,,,,,,,,,,,,,,,,594,,,On,Connected,-65.000000,2462,26,,,,IWLAN
1017,1,,,-121.9331166,47.5260749,2026-01-23 21:01:27.000,_20260123_124628_CH04_TMO_5GNR_WFC_MT-REF-2_TC-157.dml,,,,,,,,,,,,,,,,,,,,,,,,,,,,,594,,,On,Connected,-61.000000,2462,26,,,,IWLAN
1018,1,,,-121.9331166,47.5260749,2026-01-23 21:01:28.000,_20260123_124628_CH04_TMO_5GNR_WFC_MT-REF-2_TC-157.dml,,,,,,,,,,,,,,,,,,,,,,,,,,,,,,,,On,Connected,-61.000000,2462,26,,,,IWLAN
1019,1,,,-121.9331166,47.5260749,2026-01-23 21:01:29.000,_20260123_124628_CH04_TMO_5GNR_WFC_MT-REF-2_TC-157.dml,,,,,,,,,,,,,,,,,,,,,,,,,,,,,,,,On,Connected,-61.000000,2462,26,,,,IWLAN
1020,1,,,-121.9331166,47.5260749,2026-01-23 21:01:30.000,_20260123_124628_CH04_TMO_5GNR_WFC_MT-REF-2_TC-157.dml,,,,,,,,,,,,,,,,,,,,,,,,,,,,,594,,,On,Connected,-59.000000,2462,26,,,,IWLAN
1021,1,,,-121.9331166,47.5260749,2026-01-23 21:01:31.000,_20260123_124628_CH04_TMO_5GNR_WFC_MT-REF-2_TC-157.dml,,,,,,,,,,,,,,,,,,,,,,,,,,,,,594,,,On,Connected,-59.000000,2462,26,,,,IWLAN
1022,1,,,-121.9331166,47.5260749,2026-01-23 21:01:32.000,_20260123_124628_CH04_TMO_5GNR_WFC_MT-REF-2_TC-157.dml,,,,,,,,,,,,,,,,,,,,,,,,,,,,,,,,On,Connected,-59.000000,2462,26,,,,IWLAN
1023,1,,,-121.9331166,47.5260749,2026-01-23 21:01:33.000,_20260123_124628_CH04_TMO_5GNR_WFC_MT-REF-2_TC-157.dml,,,,,,,,,,,,,,,,,,,,,,,,,,,,,594,,,On,Connected,-59.000000,2462,26,,,,IWLAN
1024,1,,,-121.9331166,47.5260749,2026-01-23 21:01:34.000,_20260123_124628_CH04_TMO_5GNR_WFC_MT-REF-2_TC-157.dml,,,,,,,,,,,,,,,,,,,,,,,,,,,,,,,,On,Connected,-59.000000,2462,26,,,,IWLAN
1025,1,,,-121.9331166,47.5260749,2026-01-23 21:01:35.000,_20260123_124628_CH04_TMO_5GNR_WFC_MT-REF-2_TC-157.dml,,,,,,,,,,,,,,,,,,,,,,,,,,,,,594,,,On,Connected,-59.000000,2462,26,,,,IWLAN
1026,1,,,-121.9331166,47.5260749,2026-01-23 21:01:36.000,_20260123_124628_CH04_TMO_5GNR_WFC_MT-REF-2_TC-157.dml,,,,,,,,,,,,,,,,,,,,,,,,,,,,,,,,On,Connected,-59.000000,2462,26,,,,IWLAN
1027,1,,,-121.9331166,47.5260749,2026-01-23 21:01:37.353,_20260123_124628_CH04_TMO_5GNR_WFC_MT-REF-2_TC-157.dml,,,,,,,,,,,,,,,,,,,,,,,[Tool] Voice - Release Call Request,,,,,,,,,,,,,,,,,
1028,1,,,-121.9331166,47.5260749,2026-01-23 21:01:37.000,_20260123_124628_CH04_TMO_5GNR_WFC_MT-REF-2_TC-157.dml,,,,,,,,,,,,,,,,,,,,,,,,,,,,,,,,On,Connected,-59.000000,2462,26,,,,IWLAN
1029,1,,,-121.9331166,47.5260749,2026-01-23 21:01:38.000,_20260123_124628_CH04_TMO_5GNR_WFC_MT-REF-2_TC-157.dml,,,,,,,,,,,,,,,,,,,,,,,,,,,,,594,,,On,Connected,-59.000000,2462,26,,,,IWLAN
1030,1,,,-121.9331166,47.5260749,2026-01-23 21:01:39.000,_20260123_124628_CH04_TMO_5GNR_WFC_MT-REF-2_TC-157.dml,,,,,,,,,,,,,,,,,,,,,,,,,,,,,,,,On,Connected,-55.000000,2462,26,,,,IWLAN
1031,1,,,-121.9331166,47.5260749,2026-01-23 21:01:39.897,_20260123_124628_CH04_TMO_5GNR_WFC_MT-REF-2_TC-157.dml,,,,,,,,,,,,,,,,,,,,,,,[Tool] Voice - Call Scheduling End,,,,,,,,,,,,,,,,,
1032,1,,,-121.9331166,47.5260749,2026-01-23 21:01:39.897,_20260123_124628_CH04_TMO_5GNR_WFC_MT-REF-2_TC-157.dml,NR SA,Voice,BQ,NR SA,NR SA,Qualcomm,,354877970012475,,,,,,,,,BQ,Termination,BQ,,,,,,,,,90.503000,,,,,,,,,,EPSFB,,
1033,1,,,-121.9331166,47.5260749,2026-01-23 21:01:39.897,_20260123_124628_CH04_TMO_5GNR_WFC_MT-REF-2_TC-157.dml,,,,,,,,,,,,,,,,,,,,,,,[Tool] Voice - Release Call Request,,,,,,,,,,,,,,,,,
1034,1,,,-121.9331166,47.5260749,2026-01-23 21:01:40.421,_20260123_124628_CH04_TMO_5GNR_WFC_MT-REF-2_TC-157.dml,,,,,,,,,,,,,,,,,,,,,,,[Tool] Voice - Call Scheduling Start(Term),,,,,,,,,,,,,,,,,
1035,1,,,-121.9331166,47.5260749,2026-01-23 21:01:40.421,_20260123_124628_CH04_TMO_5GNR_WFC_MT-REF-2_TC-157.dml,,,,,,,,,,,,,,,,,,,,,,,[Tool] Voice - Wait Page,,,,,,,,,,,,,,,,,
1036,1,,,-121.9331166,47.5260749,2026-01-23 21:01:40.000,_20260123_124628_CH04_TMO_5GNR_WFC_MT-REF-2_TC-157.dml,,,,,,,,,,,,,,,,,,,,,,,,,,,,,594,,,On,Connected,-55.000000,2462,26,,,,IWLAN
1037,1,,,-121.9331166,47.5260749,2026-01-23 21:01:41.000,_20260123_124628_CH04_TMO_5GNR_WFC_MT-REF-2_TC-157.dml,,,,,,,,,,,,,,,,,,,,,,,,,,,,,,,,On,Connected,-55.000000,2462,26,,,,IWLAN
1038,1,,,-121.9331166,47.5260749,2026-01-23 21:01:42.000,_20260123_124628_CH04_TMO_5GNR_WFC_MT-REF-2_TC-157.dml,,,,,,,,,,,,,,,,,,,,,,,,,,,,,,,,On,Connected,-54.000000,2462,26,,,,IWLAN
1039,1,,,-121.9331166,47.5260749,2026-01-23 21:01:43.000,_20260123_124628_CH04_TMO_5GNR_WFC_MT-REF-2_TC-157.dml,,,,,,,,,,,,,,,,,,,,,,,,,,,,,594,,,On,Connected,-54.000000,2462,26,,,,IWLAN
1040,1,,,-121.9331166,47.5260749,2026-01-23 21:01:44.000,_20260123_124628_CH04_TMO_5GNR_WFC_MT-REF-2_TC-157.dml,,,,,,,,,,,,,,,,,,,,,,,,,,,,,,,,On,Connected,-54.000000,2462,26,,,,IWLAN
1041,1,,,-121.9331166,47.5260749,2026-01-23 21:01:45.000,_20260123_124628_CH04_TMO_5GNR_WFC_MT-REF-2_TC-157.dml,,,,,,,,,,,,,,,,,,,,,,,,,,,,,594,,,On,Connected,-54.000000,2462,39,,,,IWLAN
1042,1,,,-121.9331166,47.5260749,2026-01-23 21:01:45.797,_20260123_124628_CH04_TMO_5GNR_WFC_MT-REF-2_TC-157.dml,,,,,,,,,,,,,,,,,,,,,,,[Tool] Voice - Answer Request,,,,,,,,,,,,,,,,,
1043,1,,,-121.9331166,47.5260749,2026-01-23 21:01:46.000,_20260123_124628_CH04_TMO_5GNR_WFC_MT-REF-2_TC-157.dml,,,,,,,,,,,,,,,,,,,,,,,,,,,,,,,,On,Connected,-54.000000,2462,39,,,,IWLAN
1044,1,,,-121.9331166,47.5260749,2026-01-23 21:01:47.050,_20260123_124628_CH04_TMO_5GNR_WFC_MT-REF-2_TC-157.dml,,,,,,,,,,,,,,,,,,,,,,,[Tool] Voice - Answer Request,,,,,,,,,,,,,,,,,
1045,1,,,-121.9331166,47.5260749,2026-01-23 21:01:47.000,_20260123_124628_CH04_TMO_5GNR_WFC_MT-REF-2_TC-157.dml,,,,,,,,,,,,,,,,,,,,,,,,,,,,,594,,,On,Connected,-54.000000,2462,39,,,,IWLAN
1046,1,,,-121.9331166,47.5260749,2026-01-23 21:01:47.846,_20260123_124628_CH04_TMO_5GNR_WFC_MT-REF-2_TC-157.dml,,,,,,,,,,,,,,,,,,,,,,,[Tool] Voice - Answer Request,,,,,,,,,,,,,,,,,
1047,1,,,-121.9331166,47.5260749,2026-01-23 21:01:48.000,_20260123_124628_CH04_TMO_5GNR_WFC_MT-REF-2_TC-157.dml,,,,,,,,,,,,,,,,,,,,,,,,,,,,,,,,On,Connected,-56.000000,2462,39,,,,IWLAN
1048,1,,,-121.9331166,47.5260749,2026-01-23 21:01:48.246,_20260123_124628_CH04_TMO_5GNR_WFC_MT-REF-2_TC-157.dml,,,,,,,,,,,,,,,,,,,,,,,[UE]   Voice - Setup Success,,,,,,,,,,,,,,,,,
1049,1,,,-121.9331166,47.5260749,2026-01-23 21:01:49.000,_20260123_124628_CH04_TMO_5GNR_WFC_MT-REF-2_TC-157.dml,,,,,,,,,,NR SA,,,,,,,,,,,,,,,,,,,594,,,On,Connected,-56.000000,2462,39,,,,IWLAN
1050,1,,,-121.9331166,47.5260749,2026-01-23 21:01:50.000,_20260123_124628_CH04_TMO_5GNR_WFC_MT-REF-2_TC-157.dml,,,,,,,,,,NR SA,,,,,,,,,,,,,,,,,,,,,,On,Connected,-56.000000,2462,39,,,,IWLAN
1051,1,,,-121.9331166,47.5260749,2026-01-23 21:01:51.000,_20260123_124628_CH04_TMO_5GNR_WFC_MT-REF-2_TC-157.dml,,,,,,,,,,NR SA,,,,,,,,,,,,,,,,,,,,,,On,Connected,-55.000000,2462,26,,,,IWLAN
1052,1,,,-121.9331166,47.5260749,2026-01-23 21:01:52.000,_20260123_124628_CH04_TMO_5GNR_WFC_MT-REF-2_TC-157.dml,,,,,,,,,,NR SA,,,,,,,,,,,,,,,,,,,594,,,On,Connected,-55.000000,2462,26,,,,IWLAN
1053,1,,,-121.9331166,47.5260749,2026-01-23 21:01:53.000,_20260123_124628_CH04_TMO_5GNR_WFC_MT-REF-2_TC-157.dml,,,,,,,,,,NR SA,,,,,,,,,,,,,,,,,,,,,,On,Connected,-55.000000,2462,26,,,,IWLAN
1054,1,,,-121.9331166,47.5260749,2026-01-23 21:01:54.000,_20260123_124628_CH04_TMO_5GNR_WFC_MT-REF-2_TC-157.dml,,,,,,,,,,NR SA,,,,,,,,,,,,,,,,,,,,,,On,Connected,-54.000000,2462,26,,,,IWLAN
1055,1,,,-121.9331166,47.5260749,2026-01-23 21:01:55.000,_20260123_124628_CH04_TMO_5GNR_WFC_MT-REF-2_TC-157.dml,,,,,,,,,,NR SA,,,,,,,,,,,,,,,,,,,594,,,On,Connected,-54.000000,2462,26,,,,IWLAN
1056,1,,,-121.9331166,47.5260749,2026-01-23 21:01:56.000,_20260123_124628_CH04_TMO_5GNR_WFC_MT-REF-2_TC-157.dml,,,,,,,,,,NR SA,,,,,,,,,,,,,,,,,,,,,,On,Connected,-54.000000,2462,26,,,,IWLAN
1057,1,,,-121.9331166,47.5260749,2026-01-23 21:01:57.000,_20260123_124628_CH04_TMO_5GNR_WFC_MT-REF-2_TC-157.dml,,,,,,,,,,NR SA,,,,,,,,,,,,,,,,,,,594,,,On,Connected,-55.000000,2462,52,,,,IWLAN
1058,1,,,-121.9331166,47.5260749,2026-01-23 21:01:58.000,_20260123_124628_CH04_TMO_5GNR_WFC_MT-REF-2_TC-157.dml,,,,,,,,,,NR SA,,,,,,,,,,,,,,,,,,,,,,On,Connected,-55.000000,2462,52,,,,IWLAN
1059,1,,,-121.9331166,47.5260749,2026-01-23 21:01:59.000,_20260123_124628_CH04_TMO_5GNR_WFC_MT-REF-2_TC-157.dml,,,,,,,,,,NR SA,,,,,,,,,,,,,,,,,,,,,2.279430,On,Connected,-55.000000,2462,52,,,,IWLAN
1060,1,,,-121.9331166,47.5260749,2026-01-23 21:02:00.000,_20260123_124628_CH04_TMO_5GNR_WFC_MT-REF-2_TC-157.dml,,,,,,,,,,NR SA,,,,,,,,,,,,,,,,,,,594,,2.279430,On,Connected,-54.000000,2462,19,,,,IWLAN
1061,1,,,-121.9331166,47.5260749,2026-01-23 21:02:01.000,_20260123_124628_CH04_TMO_5GNR_WFC_MT-REF-2_TC-157.dml,,,,,,,,,,NR SA,,,,,,,,,,,,,,,,,,,,,2.279430,On,Connected,-54.000000,2462,19,,,,IWLAN
1062,1,,,-121.9331166,47.5260749,2026-01-23 21:02:02.000,_20260123_124628_CH04_TMO_5GNR_WFC_MT-REF-2_TC-157.dml,,,,,,,,,,NR SA,,,,,,,,,,,,,,,,,,,594,,2.279430,On,Connected,-54.000000,2462,19,,,,IWLAN
1063,1,,,-121.9331166,47.5260749,2026-01-23 21:02:03.000,_20260123_124628_CH04_TMO_5GNR_WFC_MT-REF-2_TC-157.dml,,,,,,,,,,NR SA,,,,,,,,,,,,,,,,,,,594,,2.279430,On,Connected,-55.000000,2462,39,,,,IWLAN
1064,1,,,-121.9331166,47.5260749,2026-01-23 21:02:04.000,_20260123_124628_CH04_TMO_5GNR_WFC_MT-REF-2_TC-157.dml,,,,,,,,,,NR SA,,,,,,,,,,,,,,,,,,,,,2.279430,On,Connected,-55.000000,2462,39,,,,IWLAN
1065,1,,,-121.9331166,47.5260749,2026-01-23 21:02:05.000,_20260123_124628_CH04_TMO_5GNR_WFC_MT-REF-2_TC-157.dml,,,,,,,,,,NR SA,,,,,,,,,,,,,,,,,,,594,,2.279430,On,Connected,-55.000000,2462,39,,,,IWLAN
1066,1,,,-121.9331166,47.5260749,2026-01-23 21:02:06.000,_20260123_124628_CH04_TMO_5GNR_WFC_MT-REF-2_TC-157.dml,,,,,,,,,,NR SA,,,,,,,,,,,,,,,,,,,,,2.279430,On,Connected,-54.000000,2462,26,,,,IWLAN
1067,1,,,-121.9331166,47.5260749,2026-01-23 21:02:07.000,_20260123_124628_CH04_TMO_5GNR_WFC_MT-REF-2_TC-157.dml,,,,,,,,,,NR SA,,,,,,,,,,,,,,,,,,,594,,2.279430,On,Connected,-54.000000,2462,26,,,,IWLAN
1068,1,,,-121.9331166,47.5260749,2026-01-23 21:02:08.000,_20260123_124628_CH04_TMO_5GNR_WFC_MT-REF-2_TC-157.dml,,,,,,,,,,NR SA,,,,,,,,,,,,,,,,,,,,,2.279430,On,Connected,-54.000000,2462,26,,,,IWLAN
1069,1,,,-121.9331166,47.5260749,2026-01-23 21:02:09.000,_20260123_124628_CH04_TMO_5GNR_WFC_MT-REF-2_TC-157.dml,,,,,,,,,,NR SA,,,,,,,,,,,,,,,,,,,,,,On,Connected,-55.000000,2462,39,,,,IWLAN
1070,1,,,-121.9331166,47.5260749,2026-01-23 21:02:09.067,_20260123_124628_CH04_TMO_5GNR_WFC_MT-REF-2_TC-157.dml,,,,,,,,,,,,,,,,,,,,,,,,,,,,,,-79.548438,,,,,,,,,,
1071,1,,,-121.9331166,47.5260749,2026-01-23 21:02:10.000,_20260123_124628_CH04_TMO_5GNR_WFC_MT-REF-2_TC-157.dml,,,,,,,,,,NR SA,,,,,,,,,,,,,,,,,,,594,,,On,Connected,-55.000000,2462,39,,,,IWLAN
1072,1,,,-121.9331166,47.5260749,2026-01-23 21:02:11.000,_20260123_124628_CH04_TMO_5GNR_WFC_MT-REF-2_TC-157.dml,,,,,,,,,,NR SA,,,,,,,,,,,,,,,,,,,,,,On,Connected,-55.000000,2462,39,,,,IWLAN
1073,1,,,-121.9331166,47.5260749,2026-01-23 21:02:12.000,_20260123_124628_CH04_TMO_5GNR_WFC_MT-REF-2_TC-157.dml,,,,,,,,,,NR SA,,,,,,,,,,,,,,,,,,,594,,,On,Connected,-54.000000,2462,26,,,,IWLAN
1074,1,,,-121.9331166,47.5260749,2026-01-23 21:02:13.000,_20260123_124628_CH04_TMO_5GNR_WFC_MT-REF-2_TC-157.dml,,,,,,,,,,NR SA,,,,,,,,,,,,,,,,,,,,,,On,Connected,-54.000000,2462,26,,,,IWLAN
1075,1,,,-121.9331166,47.5260749,2026-01-23 21:02:14.000,_20260123_124628_CH04_TMO_5GNR_WFC_MT-REF-2_TC-157.dml,,,,,,,,,,NR SA,,,,,,,,,,,,,,,,,,,594,,,On,Connected,-54.000000,2462,26,,,,IWLAN
1076,1,,,-121.9331166,47.5260749,2026-01-23 21:02:15.000,_20260123_124628_CH04_TMO_5GNR_WFC_MT-REF-2_TC-157.dml,,,,,,,,,,NR SA,,,,,,,,,,,,,,,,,,,,,,On,Connected,-54.000000,2462,19,,,,IWLAN
1077,1,,,-121.9331166,47.5260749,2026-01-23 21:02:16.000,_20260123_124628_CH04_TMO_5GNR_WFC_MT-REF-2_TC-157.dml,,,,,,,,,,NR SA,,,,,,,,,,,,,,,,,,,594,,,On,Connected,-54.000000,2462,19,,,,IWLAN
1078,1,,,-121.9331166,47.5260749,2026-01-23 21:02:17.000,_20260123_124628_CH04_TMO_5GNR_WFC_MT-REF-2_TC-157.dml,,,,,,,,,,NR SA,,,,,,,,,,,,,,,,,,,594,,,On,Connected,-54.000000,2462,19,,,,IWLAN
1079,1,,,-121.9331166,47.5260749,2026-01-23 21:02:18.000,_20260123_124628_CH04_TMO_5GNR_WFC_MT-REF-2_TC-157.dml,,,,,,,,,,NR SA,,,,,,,,,,,,,,,,,,,,,,On,Connected,-54.000000,2462,39,,,,IWLAN
1080,1,,,-121.9331166,47.5260749,2026-01-23 21:02:19.000,_20260123_124628_CH04_TMO_5GNR_WFC_MT-REF-2_TC-157.dml,,,,,,,,,,NR SA,,,,,,,,,,,,,,,,,,,594,,2.115851,On,Connected,-54.000000,2462,39,,,,IWLAN
1081,1,,,-121.9331166,47.5260749,2026-01-23 21:02:20.000,_20260123_124628_CH04_TMO_5GNR_WFC_MT-REF-2_TC-157.dml,,,,,,,,,,NR SA,,,,,,,,,,,,,,,,,,,,,2.115851,On,Connected,-54.000000,2462,39,,,,IWLAN
1082,1,,,-121.9331166,47.5260749,2026-01-23 21:02:21.000,_20260123_124628_CH04_TMO_5GNR_WFC_MT-REF-2_TC-157.dml,,,,,,,,,,NR SA,,,,,,,,,,,,,,,,,,,594,,2.115851,On,Connected,-55.000000,2462,39,,,,IWLAN
1083,1,,,-121.9331166,47.5260749,2026-01-23 21:02:22.000,_20260123_124628_CH04_TMO_5GNR_WFC_MT-REF-2_TC-157.dml,,,,,,,,,,NR SA,,,,,,,,,,,,,,,,,,,,,2.115851,On,Connected,-55.000000,2462,39,,,,IWLAN
1084,1,,,-121.9331166,47.5260749,2026-01-23 21:02:23.000,_20260123_124628_CH04_TMO_5GNR_WFC_MT-REF-2_TC-157.dml,,,,,,,,,,NR SA,,,,,,,,,,,,,,,,,,,,,2.115851,On,Connected,-55.000000,2462,39,,,,IWLAN
1085,1,,,-121.9331166,47.5260749,2026-01-23 21:02:24.000,_20260123_124628_CH04_TMO_5GNR_WFC_MT-REF-2_TC-157.dml,,,,,,,,,,NR SA,,,,,,,,,,,,,,,,,,,594,,2.115851,On,Connected,-54.000000,2462,26,,,,IWLAN
1086,1,,,-121.9331166,47.5260749,2026-01-23 21:02:25.000,_20260123_124628_CH04_TMO_5GNR_WFC_MT-REF-2_TC-157.dml,,,,,,,,,,NR SA,,,,,,,,,,,,,,,,,,,594,,2.115851,On,Connected,-54.000000,2462,26,,,,IWLAN
1087,1,,,-121.9331166,47.5260749,2026-01-23 21:02:26.000,_20260123_124628_CH04_TMO_5GNR_WFC_MT-REF-2_TC-157.dml,,,,,,,,,,NR SA,,,,,,,,,,,,,,,,,,,,,2.115851,On,Connected,-54.000000,2462,26,,,,IWLAN
1088,1,,,-121.9331166,47.5260749,2026-01-23 21:02:27.000,_20260123_124628_CH04_TMO_5GNR_WFC_MT-REF-2_TC-157.dml,,,,,,,,,,NR SA,,,,,,,,,,,,,,,,,,,,,2.115851,On,Connected,-54.000000,2462,26,,,,IWLAN
1089,1,,,-121.9331166,47.5260749,2026-01-23 21:02:28.000,_20260123_124628_CH04_TMO_5GNR_WFC_MT-REF-2_TC-157.dml,,,,,,,,,,NR SA,,,,,,,,,,,,,,,,,,,594,,2.115851,On,Connected,-54.000000,2462,26,,,,IWLAN
1090,1,,,-121.9331166,47.5260749,2026-01-23 21:02:29.264,_20260123_124628_CH04_TMO_5GNR_WFC_MT-REF-2_TC-157.dml,,,,,,,,,,,,,,,,,,,,,,,,,,,,,,-81.325000,,,,,,,,,,
1091,1,,,-121.9331166,47.5260749,2026-01-23 21:02:29.000,_20260123_124628_CH04_TMO_5GNR_WFC_MT-REF-2_TC-157.dml,,,,,,,,,,NR SA,,,,,,,,,,,,,,,,,,,,,,,Connected,,,,,,,IWLAN
1092,1,,,-121.9331166,47.5260749,2026-01-23 21:02:30.000,_20260123_124628_CH04_TMO_5GNR_WFC_MT-REF-2_TC-157.dml,,,,,,,,,,NR SA,,,,,,,,,,,,,,,,,,,594,,,On,Connected,-53.500000,2462,19,,,,IWLAN
1093,1,,,-121.9331166,47.5260749,2026-01-23 21:02:31.000,_20260123_124628_CH04_TMO_5GNR_WFC_MT-REF-2_TC-157.dml,,,,,,,,,,NR SA,,,,,,,,,,,,,,,,,,,,,,On,Connected,-53.000000,2462,19,,,,IWLAN
1094,1,,,-121.9331166,47.5260749,2026-01-23 21:02:32.000,_20260123_124628_CH04_TMO_5GNR_WFC_MT-REF-2_TC-157.dml,,,,,,,,,,NR SA,,,,,,,,,,,,,,,,,,,,,,On,Connected,-53.000000,2462,19,,,,IWLAN
1095,1,,,-121.9331166,47.5260749,2026-01-23 21:02:33.000,_20260123_124628_CH04_TMO_5GNR_WFC_MT-REF-2_TC-157.dml,,,,,,,,,,NR SA,,,,,,,,,,,,,,,,,,,594,,,On,Connected,-54.000000,2462,26,,,,IWLAN
1096,1,,,-121.9331166,47.5260749,2026-01-23 21:02:34.000,_20260123_124628_CH04_TMO_5GNR_WFC_MT-REF-2_TC-157.dml,,,,,,,,,,NR SA,,,,,,,,,,,,,,,,,,,,,,On,Connected,-54.000000,2462,26,,,,IWLAN
1097,1,,,-121.9331166,47.5260749,2026-01-23 21:02:35.000,_20260123_124628_CH04_TMO_5GNR_WFC_MT-REF-2_TC-157.dml,,,,,,,,,,NR SA,,,,,,,,,,,,,,,,,,,594,,,On,Connected,-54.000000,2462,26,,,,IWLAN
1098,1,,,-121.9331166,47.5260749,2026-01-23 21:02:36.000,_20260123_124628_CH04_TMO_5GNR_WFC_MT-REF-2_TC-157.dml,,,,,,,,,,NR SA,,,,,,,,,,,,,,,,,,,,,,,Connected,,,,,,,IWLAN
1099,1,,,-121.9331166,47.5260749,2026-01-23 21:02:37.000,_20260123_124628_CH04_TMO_5GNR_WFC_MT-REF-2_TC-157.dml,,,,,,,,,,NR SA,,,,,,,,,,,,,,,,,,,,,,On,Connected,-54.000000,2462,39,,,,IWLAN
1100,1,,,-121.9331166,47.5260749,2026-01-23 21:02:38.000,_20260123_124628_CH04_TMO_5GNR_WFC_MT-REF-2_TC-157.dml,,,,,,,,,,NR SA,,,,,,,,,,,,,,,,,,,594,,,On,Connected,-54.000000,2462,39,,,,IWLAN
1101,1,,,-121.9331166,47.5260749,2026-01-23 21:02:39.000,_20260123_124628_CH04_TMO_5GNR_WFC_MT-REF-2_TC-157.dml,,,,,,,,,,NR SA,,,,,,,,,,,,,,,,,,,,,2.325630,On,Connected,-55.000000,2462,26,,,,IWLAN
1102,1,,,-121.9331166,47.5260749,2026-01-23 21:02:40.000,_20260123_124628_CH04_TMO_5GNR_WFC_MT-REF-2_TC-157.dml,,,,,,,,,,NR SA,,,,,,,,,,,,,,,,,,,594,,2.325630,On,Connected,-55.000000,2462,26,,,,IWLAN
1103,1,,,-121.9331166,47.5260749,2026-01-23 21:02:41.000,_20260123_124628_CH04_TMO_5GNR_WFC_MT-REF-2_TC-157.dml,,,,,,,,,,NR SA,,,,,,,,,,,,,,,,,,,,,2.325630,On,Connected,-55.000000,2462,26,,,,IWLAN
1104,1,,,-121.9331166,47.5260749,2026-01-23 21:02:42.000,_20260123_124628_CH04_TMO_5GNR_WFC_MT-REF-2_TC-157.dml,,,,,,,,,,NR SA,,,,,,,,,,,,,,,,,,,,,2.325630,On,Connected,-55.000000,2462,39,,,,IWLAN
1105,1,,,-121.9331166,47.5260749,2026-01-23 21:02:43.000,_20260123_124628_CH04_TMO_5GNR_WFC_MT-REF-2_TC-157.dml,,,,,,,,,,NR SA,,,,,,,,,,,,,,,,,,,594,,2.325630,On,Connected,-55.000000,2462,39,,,,IWLAN
1106,1,,,-121.9331166,47.5260749,2026-01-23 21:02:44.000,_20260123_124628_CH04_TMO_5GNR_WFC_MT-REF-2_TC-157.dml,,,,,,,,,,NR SA,,,,,,,,,,,,,,,,,,,594,,2.325630,On,Connected,-55.000000,2462,39,,,,IWLAN
1107,1,,,-121.9331166,47.5260749,2026-01-23 21:02:45.000,_20260123_124628_CH04_TMO_5GNR_WFC_MT-REF-2_TC-157.dml,,,,,,,,,,NR SA,,,,,,,,,,,,,,,,,,,,,2.325630,,Connected,,,,,,,IWLAN
1108,1,,,-121.9331162,47.5260751,2026-01-23 21:02:46.000,_20260123_124628_CH04_TMO_5GNR_WFC_MT-REF-2_TC-157.dml,,,,,,,,,,NR SA,,,,,,,,,,,,,,,,,,,,,2.325630,On,Connected,-55.000000,2462,26,,,,IWLAN
1109,1,,,-121.9331162,47.5260751,2026-01-23 21:02:47.000,_20260123_124628_CH04_TMO_5GNR_WFC_MT-REF-2_TC-157.dml,,,,,,,,,,NR SA,,,,,,,,,,,,,,,,,,,594,,2.325630,On,Connected,-55.000000,2462,26,,,,IWLAN
1110,1,,,-121.9331162,47.5260751,2026-01-23 21:02:48.000,_20260123_124628_CH04_TMO_5GNR_WFC_MT-REF-2_TC-157.dml,,,,,,,,,,NR SA,,,,,,,,,,,,,,,,,,,594,,2.325630,On,Connected,-55.000000,2462,26,,,,IWLAN
1111,1,,,-121.9331162,47.5260751,2026-01-23 21:02:49.059,_20260123_124628_CH04_TMO_5GNR_WFC_MT-REF-2_TC-157.dml,,,,,,,,,,,,,,,,,,,,,,,,,,,,,,-81.951563,,,,,,,,,,
1112,1,,,-121.9331162,47.5260751,2026-01-23 21:02:49.000,_20260123_124628_CH04_TMO_5GNR_WFC_MT-REF-2_TC-157.dml,,,,,,,,,,NR SA,,,,,,,,,,,,,,,,,,,,,,On,Connected,-55.000000,2462,26,,,,IWLAN
1113,1,,,-121.9331162,47.5260751,2026-01-23 21:02:50.000,_20260123_124628_CH04_TMO_5GNR_WFC_MT-REF-2_TC-157.dml,,,,,,,,,,NR SA,,,,,,,,,,,,,,,,,,,,,,On,Connected,-55.000000,2462,26,,,,IWLAN
1114,1,,,-121.9331162,47.5260751,2026-01-23 21:02:51.000,_20260123_124628_CH04_TMO_5GNR_WFC_MT-REF-2_TC-157.dml,,,,,,,,,,NR SA,,,,,,,,,,,,,,,,,,,594,,,On,Connected,-54.000000,2462,26,,,,IWLAN
1115,1,,,-121.9331162,47.5260751,2026-01-23 21:02:52.000,_20260123_124628_CH04_TMO_5GNR_WFC_MT-REF-2_TC-157.dml,,,,,,,,,,NR SA,,,,,,,,,,,,,,,,,,,594,,,,Connected,,,,,,,IWLAN
1116,1,,,-121.9331162,47.5260751,2026-01-23 21:02:53.000,_20260123_124628_CH04_TMO_5GNR_WFC_MT-REF-2_TC-157.dml,,,,,,,,,,NR SA,,,,,,,,,,,,,,,,,,,594,,,On,Connected,-54.000000,2462,26,,,,IWLAN
1117,1,,,-121.9331162,47.5260751,2026-01-23 21:02:54.000,_20260123_124628_CH04_TMO_5GNR_WFC_MT-REF-2_TC-157.dml,,,,,,,,,,NR SA,,,,,,,,,,,,,,,,,,,594,,,On,Connected,-53.000000,2462,52,,,,IWLAN
1118,1,,,-121.9331162,47.5260751,2026-01-23 21:02:55.000,_20260123_124628_CH04_TMO_5GNR_WFC_MT-REF-2_TC-157.dml,,,,,,,,,,NR SA,,,,,,,,,,,,,,,,,,,,,,On,Connected,-53.000000,2462,52,,,,IWLAN
1119,1,,,-121.9331162,47.5260751,2026-01-23 21:02:56.000,_20260123_124628_CH04_TMO_5GNR_WFC_MT-REF-2_TC-157.dml,,,,,,,,,,NR SA,,,,,,,,,,,,,,,,,,,594,,,On,Connected,-53.000000,2462,52,,,,IWLAN
1120,1,,,-121.9331162,47.5260751,2026-01-23 21:02:57.000,_20260123_124628_CH04_TMO_5GNR_WFC_MT-REF-2_TC-157.dml,,,,,,,,,,NR SA,,,,,,,,,,,,,,,,,,,,,,On,Connected,-55.000000,2462,39,,,,IWLAN
1121,1,,,-121.9331162,47.5260751,2026-01-23 21:02:58.000,_20260123_124628_CH04_TMO_5GNR_WFC_MT-REF-2_TC-157.dml,,,,,,,,,,NR SA,,,,,,,,,,,,,,,,,,,594,,,On,Connected,-55.000000,2462,39,,,,IWLAN
1122,1,,,-121.9331162,47.5260751,2026-01-23 21:02:59.000,_20260123_124628_CH04_TMO_5GNR_WFC_MT-REF-2_TC-157.dml,,,,,,,,,,NR SA,,,,,,,,,,,,,,,,,,,,,2.573766,,Connected,,,,,,,IWLAN
1123,1,,,-121.9331162,47.5260751,2026-01-23 21:03:00.000,_20260123_124628_CH04_TMO_5GNR_WFC_MT-REF-2_TC-157.dml,,,,,,,,,,NR SA,,,,,,,,,,,,,,,,,,,594,,2.573766,On,Connected,-55.500000,2462,19,,,,IWLAN
1124,1,,,-121.9331162,47.5260751,2026-01-23 21:03:01.000,_20260123_124628_CH04_TMO_5GNR_WFC_MT-REF-2_TC-157.dml,,,,,,,,,,NR SA,,,,,,,,,,,,,,,,,,,,,2.573766,,Connected,,,,,,,IWLAN
1125,1,,,-121.9331162,47.5260751,2026-01-23 21:03:02.000,_20260123_124628_CH04_TMO_5GNR_WFC_MT-REF-2_TC-157.dml,,,,,,,,,,NR SA,,,,,,,,,,,,,,,,,,,594,,2.573766,On,Connected,-56.000000,2462,19,,,,IWLAN
1126,1,,,-121.9331162,47.5260751,2026-01-23 21:03:03.000,_20260123_124628_CH04_TMO_5GNR_WFC_MT-REF-2_TC-157.dml,,,,,,,,,,NR SA,,,,,,,,,,,,,,,,,,,,,2.573766,On,Connected,-53.000000,2462,26,,,,IWLAN
1127,1,,,-121.9331162,47.5260751,2026-01-23 21:03:04.000,_20260123_124628_CH04_TMO_5GNR_WFC_MT-REF-2_TC-157.dml,,,,,,,,,,NR SA,,,,,,,,,,,,,,,,,,,594,,2.573766,,Connected,,,,,,,IWLAN
1128,1,,,-121.9331162,47.5260751,2026-01-23 21:03:05.000,_20260123_124628_CH04_TMO_5GNR_WFC_MT-REF-2_TC-157.dml,,,,,,,,,,NR SA,,,,,,,,,,,,,,,,,,,,,2.573766,On,Connected,-53.000000,2462,26,,,,IWLAN
1129,1,,,-121.9331162,47.5260751,2026-01-23 21:03:06.000,_20260123_124628_CH04_TMO_5GNR_WFC_MT-REF-2_TC-157.dml,,,,,,,,,,NR SA,,,,,,,,,,,,,,,,,,,,,2.573766,,Connected,,,,,,,IWLAN
1130,1,,,-121.9331162,47.5260751,2026-01-23 21:03:07.000,_20260123_124628_CH04_TMO_5GNR_WFC_MT-REF-2_TC-157.dml,,,,,,,,,,NR SA,,,,,,,,,,,,,,,,,,,594,,2.573766,On,Connected,-55.000000,2462,26,,,,IWLAN
1131,1,,,-121.9331162,47.5260751,2026-01-23 21:03:08.000,_20260123_124628_CH04_TMO_5GNR_WFC_MT-REF-2_TC-157.dml,,,,,,,,,,NR SA,,,,,,,,,,,,,,,,,,,594,,2.573766,,Connected,,,,,,,IWLAN
1132,1,,,-121.9331162,47.5260751,2026-01-23 21:03:09.059,_20260123_124628_CH04_TMO_5GNR_WFC_MT-REF-2_TC-157.dml,,,,,,,,,,,,,,,,,,,,,,,,,,,,,,-81.355824,,,,,,,,,,
1133,1,,,-121.9331162,47.5260751,2026-01-23 21:03:09.000,_20260123_124628_CH04_TMO_5GNR_WFC_MT-REF-2_TC-157.dml,,,,,,,,,,NR SA,,,,,,,,,,,,,,,,,,,594,,,On,Connected,-55.000000,2462,26,,,,IWLAN
1134,1,,,-121.9331162,47.5260751,2026-01-23 21:03:10.000,_20260123_124628_CH04_TMO_5GNR_WFC_MT-REF-2_TC-157.dml,,,,,,,,,,NR SA,,,,,,,,,,,,,,,,,,,,,,On,Connected,-55.000000,2462,26,,,,IWLAN
1135,1,,,-121.9331162,47.5260751,2026-01-23 21:03:11.000,_20260123_124628_CH04_TMO_5GNR_WFC_MT-REF-2_TC-157.dml,,,,,,,,,,NR SA,,,,,,,,,,,,,,,,,,,,,,On,Connected,-55.000000,2462,26,,,,IWLAN
1136,1,,,-121.9331162,47.5260751,2026-01-23 21:03:12.000,_20260123_124628_CH04_TMO_5GNR_WFC_MT-REF-2_TC-157.dml,,,,,,,,,,NR SA,,,,,,,,,,,,,,,,,,,594,,,On,Connected,-57.000000,2462,39,,,,IWLAN
1137,1,,,-121.9331162,47.5260751,2026-01-23 21:03:13.000,_20260123_124628_CH04_TMO_5GNR_WFC_MT-REF-2_TC-157.dml,,,,,,,,,,NR SA,,,,,,,,,,,,,,,,,,,,,,,Connected,,,,,,,IWLAN
1138,1,,,-121.9331162,47.5260751,2026-01-23 21:03:14.000,_20260123_124628_CH04_TMO_5GNR_WFC_MT-REF-2_TC-157.dml,,,,,,,,,,NR SA,,,,,,,,,,,,,,,,,,,594,,,On,Connected,-57.000000,2462,39,,,,IWLAN
1139,1,,,-121.9331162,47.5260751,2026-01-23 21:03:15.000,_20260123_124628_CH04_TMO_5GNR_WFC_MT-REF-2_TC-157.dml,,,,,,,,,,NR SA,,,,,,,,,,,,,,,,,,,,,,,Connected,,,,,,,IWLAN
1140,1,,,-121.9331162,47.5260751,2026-01-23 21:03:16.000,_20260123_124628_CH04_TMO_5GNR_WFC_MT-REF-2_TC-157.dml,,,,,,,,,,NR SA,,,,,,,,,,,,,,,,,,,,,,On,Connected,-55.000000,2462,26,,,,IWLAN
1141,1,,,-121.9331162,47.5260751,2026-01-23 21:03:17.000,_20260123_124628_CH04_TMO_5GNR_WFC_MT-REF-2_TC-157.dml,,,,,,,,,,NR SA,,,,,,,,,,,,,,,,,,,594,,,,Connected,,,,,,,IWLAN
1142,1,,,-121.9331162,47.5260751,2026-01-23 21:03:18.000,_20260123_124628_CH04_TMO_5GNR_WFC_MT-REF-2_TC-157.dml,,,,,,,,,,NR SA,,,,,,,,,,,,,,,,,,,,,,On,Connected,-55.000000,2462,26,,,,IWLAN
1143,1,,,-121.9331162,47.5260751,2026-01-23 21:03:18.360,_20260123_124628_CH04_TMO_5GNR_WFC_MT-REF-2_TC-157.dml,,,,,,,,,,,,,,,,,,,,,,,[Tool] Voice - Pair Channel Call Drop,,,,,,,,,,,,,,,,,
1144,1,,,-121.9331162,47.5260751,2026-01-23 21:03:18.360,_20260123_124628_CH04_TMO_5GNR_WFC_MT-REF-2_TC-157.dml,,,,,,,,,,,,,,,,,,,,,,,[Tool] Voice - Release Call Request,,,,,,,,,,,,,,,,,
1145,1,,,-121.9331162,47.5260751,2026-01-23 21:03:18.860,_20260123_124628_CH04_TMO_5GNR_WFC_MT-REF-2_TC-157.dml,,,,,,,,,,,,,,,,,,,,,,Complete,[Tool] Voice - Call Result : Complete,,,,,,,,,,,,,,,,,
1146,1,,,-121.9331162,47.5260751,2026-01-23 21:03:18.860,_20260123_124628_CH04_TMO_5GNR_WFC_MT-REF-2_TC-157.dml,,,,,,,,,,,,,,,,,,,,,,,[UE]   Voice - Release Call Success,,,,,,,,,,,,,,,,,
1147,1,,,-121.9331162,47.5260751,2026-01-23 21:03:19.000,_20260123_124628_CH04_TMO_5GNR_WFC_MT-REF-2_TC-157.dml,,,,,,,,,,,,,,,,,,,,,,,,1,,,,,594,,,On,Connected,-54.000000,2462,39,,,,IWLAN
1148,1,,,-121.9331162,47.5260751,2026-01-23 21:03:19.896,_20260123_124628_CH04_TMO_5GNR_WFC_MT-REF-2_TC-157.dml,,,,,,,,,,,,,,,,,,,,,,,[UE]   Voice - Release Call Success,,,,,,,,,,,,,,,,,
1149,1,,,-121.9331162,47.5260751,2026-01-23 21:03:20.000,_20260123_124628_CH04_TMO_5GNR_WFC_MT-REF-2_TC-157.dml,,,,,,,,,,,,,,,,,,,,,,,,,,,,,,,,On,Connected,-54.000000,2462,39,,,,IWLAN
1150,1,,,-121.9331162,47.5260751,2026-01-23 21:03:21.000,_20260123_124628_CH04_TMO_5GNR_WFC_MT-REF-2_TC-157.dml,,,,,,,,,,,,,,,,,,,,,,,,,,,,,,,,On,Connected,-57.500000,2462,39,,,,IWLAN
1151,1,,,-121.9331162,47.5260751,2026-01-23 21:03:22.000,_20260123_124628_CH04_TMO_5GNR_WFC_MT-REF-2_TC-157.dml,,,,,,,,,,,,,,,,,,,,,,,,,,,,,594,,,,Connected,,,,,,,IWLAN
1152,1,,,-121.9331162,47.5260751,2026-01-23 21:03:23.000,_20260123_124628_CH04_TMO_5GNR_WFC_MT-REF-2_TC-157.dml,,,,,,,,,,,,,,,,,,,,,,,,,,,,,,,,On,Connected,-61.000000,2462,39,,,,IWLAN
1153,1,,,-121.9331162,47.5260751,2026-01-23 21:03:24.000,_20260123_124628_CH04_TMO_5GNR_WFC_MT-REF-2_TC-157.dml,,,,,,,,,,,,,,,,,,,,,,,,,,,,,,,,,Connected,,,,,,,IWLAN
1154,1,,,-121.9331162,47.5260751,2026-01-23 21:03:25.000,_20260123_124628_CH04_TMO_5GNR_WFC_MT-REF-2_TC-157.dml,,,,,,,,,,,,,,,,,,,,,,,,,,,,,594,,,On,Connected,-61.000000,2462,39,,,,IWLAN
1155,1,,,-121.9331162,47.5260751,2026-01-23 21:03:26.000,_20260123_124628_CH04_TMO_5GNR_WFC_MT-REF-2_TC-157.dml,,,,,,,,,,,,,,,,,,,,,,,,,,,,,,,,On,Connected,-61.000000,2462,39,,,,IWLAN
1156,1,,,-121.9331162,47.5260751,2026-01-23 21:03:27.000,_20260123_124628_CH04_TMO_5GNR_WFC_MT-REF-2_TC-157.dml,,,,,,,,,,,,,,,,,,,,,,,,,,,,,594,,,,Connected,,,,,,,IWLAN
1157,1,,,-121.9331162,47.5260751,2026-01-23 21:03:28.000,_20260123_124628_CH04_TMO_5GNR_WFC_MT-REF-2_TC-157.dml,,,,,,,,,,,,,,,,,,,,,,,,,,,,,,,,On,Connected,-60.000000,2462,39,,,,IWLAN
1158,1,,,-121.9331162,47.5260751,2026-01-23 21:03:29.000,_20260123_124628_CH04_TMO_5GNR_WFC_MT-REF-2_TC-157.dml,,,,,,,,,,,,,,,,,,,,,,,,,,,,,,,,On,Connected,-60.000000,2462,39,,,,IWLAN
1159,1,,,-121.9331162,47.5260751,2026-01-23 21:03:30.000,_20260123_124628_CH04_TMO_5GNR_WFC_MT-REF-2_TC-157.dml,,,,,,,,,,,,,,,,,,,,,,,,,,,,,594,,,On,Connected,-60.000000,2462,39,,,,IWLAN
1160,1,,,-121.9331162,47.5260751,2026-01-23 21:03:31.000,_20260123_124628_CH04_TMO_5GNR_WFC_MT-REF-2_TC-157.dml,,,,,,,,,,,,,,,,,,,,,,,,,,,,,,,,On,Connected,-62.000000,2462,39,,,,IWLAN
1161,1,,,-121.9331162,47.5260751,2026-01-23 21:03:32.000,_20260123_124628_CH04_TMO_5GNR_WFC_MT-REF-2_TC-157.dml,,,,,,,,,,,,,,,,,,,,,,,,,,,,,594,,,On,Connected,-62.000000,2462,39,,,,IWLAN
1162,1,,,-121.9331162,47.5260751,2026-01-23 21:03:33.000,_20260123_124628_CH04_TMO_5GNR_WFC_MT-REF-2_TC-157.dml,,,,,,,,,,,,,,,,,,,,,,,,,,,,,,,,On,Connected,-62.000000,2462,39,,,,IWLAN
1163,1,,,-121.9331162,47.5260751,2026-01-23 21:03:34.000,_20260123_124628_CH04_TMO_5GNR_WFC_MT-REF-2_TC-157.dml,,,,,,,,,,,,,,,,,,,,,,,,,,,,,,,,On,Connected,-64.000000,2462,39,,,,IWLAN
1164,1,,,-121.9331162,47.5260751,2026-01-23 21:03:35.000,_20260123_124628_CH04_TMO_5GNR_WFC_MT-REF-2_TC-157.dml,,,,,,,,,,,,,,,,,,,,,,,,,,,,,594,,,On,Connected,-64.000000,2462,39,,,,IWLAN
1165,1,,,-121.9331162,47.5260751,2026-01-23 21:03:36.000,_20260123_124628_CH04_TMO_5GNR_WFC_MT-REF-2_TC-157.dml,,,,,,,,,,,,,,,,,,,,,,,,,,,,,,,,On,Connected,-64.000000,2462,39,,,,IWLAN
1166,1,,,-121.9331162,47.5260751,2026-01-23 21:03:37.000,_20260123_124628_CH04_TMO_5GNR_WFC_MT-REF-2_TC-157.dml,,,,,,,,,,,,,,,,,,,,,,,,,,,,,594,,,On,Connected,-61.000000,2462,39,,,,IWLAN
1167,1,,,-121.9331162,47.5260751,2026-01-23 21:03:38.000,_20260123_124628_CH04_TMO_5GNR_WFC_MT-REF-2_TC-157.dml,,,,,,,,,,,,,,,,,,,,,,,,,,,,,,,,On,Connected,-61.000000,2462,39,,,,IWLAN
1168,1,,,-121.9331162,47.5260751,2026-01-23 21:03:39.000,_20260123_124628_CH04_TMO_5GNR_WFC_MT-REF-2_TC-157.dml,,,,,,,,,,,,,,,,,,,,,,,,,,,,,,,,On,Connected,-61.000000,2462,39,,,,IWLAN
1169,1,,,-121.9331162,47.5260751,2026-01-23 21:03:40.000,_20260123_124628_CH04_TMO_5GNR_WFC_MT-REF-2_TC-157.dml,,,,,,,,,,,,,,,,,,,,,,,,,,,,,594,,,On,Connected,-54.000000,2462,39,,,,IWLAN
1170,1,,,-121.9331162,47.5260751,2026-01-23 21:03:41.000,_20260123_124628_CH04_TMO_5GNR_WFC_MT-REF-2_TC-157.dml,,,,,,,,,,,,,,,,,,,,,,,,,,,,,,,,On,Connected,-54.000000,2462,39,,,,IWLAN
1171,1,,,-121.9331162,47.5260751,2026-01-23 21:03:42.000,_20260123_124628_CH04_TMO_5GNR_WFC_MT-REF-2_TC-157.dml,,,,,,,,,,,,,,,,,,,,,,,,,,,,,594,,,On,Connected,-54.000000,2462,39,,,,IWLAN
1172,1,,,-121.9331162,47.5260751,2026-01-23 21:03:43.000,_20260123_124628_CH04_TMO_5GNR_WFC_MT-REF-2_TC-157.dml,,,,,,,,,,,,,,,,,,,,,,,,,,,,,,,,On,Connected,-54.000000,2462,39,,,,IWLAN
1173,1,,,-121.9331162,47.5260751,2026-01-23 21:03:44.000,_20260123_124628_CH04_TMO_5GNR_WFC_MT-REF-2_TC-157.dml,,,,,,,,,,,,,,,,,,,,,,,,,,,,,,,,On,Connected,-54.000000,2462,39,,,,IWLAN
1174,1,,,-121.9331162,47.5260751,2026-01-23 21:03:45.000,_20260123_124628_CH04_TMO_5GNR_WFC_MT-REF-2_TC-157.dml,,,,,,,,,,,,,,,,,,,,,,,,,,,,,594,,,On,Connected,-54.000000,2462,39,,,,IWLAN
1175,1,,,-121.9331162,47.5260751,2026-01-23 21:03:46.000,_20260123_124628_CH04_TMO_5GNR_WFC_MT-REF-2_TC-157.dml,,,,,,,,,,,,,,,,,,,,,,,,,,,,,,,,On,Connected,-51.000000,2462,39,,,,IWLAN
1176,1,,,-121.9331162,47.5260751,2026-01-23 21:03:46.650,_20260123_124628_CH04_TMO_5GNR_WFC_MT-REF-2_TC-157.dml,,,,,,,,,,,,,,,,,,,,,,,[Tool] Voice - Release Call Request,,,,,,,,,,,,,,,,,
1177,1,,,-121.9331162,47.5260751,2026-01-23 21:03:47.000,_20260123_124628_CH04_TMO_5GNR_WFC_MT-REF-2_TC-157.dml,,,,,,,,,,,,,,,,,,,,,,,,,,,,,,,,On,Connected,-51.000000,2462,39,,,,IWLAN
1178,1,,,-121.9331162,47.5260751,2026-01-23 21:03:48.000,_20260123_124628_CH04_TMO_5GNR_WFC_MT-REF-2_TC-157.dml,,,,,,,,,,,,,,,,,,,,,,,,,,,,,594,,,On,Connected,-51.000000,2462,39,,,,IWLAN
1179,1,,,-121.9331162,47.5260751,2026-01-23 21:03:49.000,_20260123_124628_CH04_TMO_5GNR_WFC_MT-REF-2_TC-157.dml,,,,,,,,,,,,,,,,,,,,,,,,,,,,,594,,,On,Connected,-60.000000,2462,39,,,,IWLAN
1180,1,,,-121.9331162,47.5260751,2026-01-23 21:03:49.409,_20260123_124628_CH04_TMO_5GNR_WFC_MT-REF-2_TC-157.dml,,,,,,,,,,,,,,,,,,,,,,,[Tool] Voice - Call Scheduling End,,,,,,,,,,,,,,,,,
1181,1,,,-121.9331162,47.5260751,2026-01-23 21:03:49.409,_20260123_124628_CH04_TMO_5GNR_WFC_MT-REF-2_TC-157.dml,NR SA,Voice,Complete,NR SA,NR SA,Qualcomm,,354877970012475,,,,,,,,,Complete,Termination,Complete,,,,,,,,,90.112999,,,,,,,,,,EPSFB,,
1182,1,,,-121.9331162,47.5260751,2026-01-23 21:03:49.409,_20260123_124628_CH04_TMO_5GNR_WFC_MT-REF-2_TC-157.dml,,,,,,,,,,,,,,,,,,,,,,,[Tool] Voice - Release Call Request,,,,,,,,,,,,,,,,,
1183,1,,,-121.9331162,47.5260751,2026-01-23 21:03:49.766,_20260123_124628_CH04_TMO_5GNR_WFC_MT-REF-2_TC-157.dml,,,,,,,,,,,,,,,,,,,,,,,[Tool] Voice - Call Scheduling Start(Term),,,,,,,,,,,,,,,,,
1184,1,,,-121.9331162,47.5260751,2026-01-23 21:03:49.766,_20260123_124628_CH04_TMO_5GNR_WFC_MT-REF-2_TC-157.dml,,,,,,,,,,,,,,,,,,,,,,,[Tool] Voice - Wait Page,,,,,,,,,,,,,,,,,
1185,1,,,-121.9331162,47.5260751,2026-01-23 21:03:50.000,_20260123_124628_CH04_TMO_5GNR_WFC_MT-REF-2_TC-157.dml,,,,,,,,,,,,,,,,,,,,,,,,,,,,,,,,On,Connected,-60.000000,2462,39,,,,IWLAN
1186,1,,,-121.9331162,47.5260751,2026-01-23 21:03:51.000,_20260123_124628_CH04_TMO_5GNR_WFC_MT-REF-2_TC-157.dml,,,,,,,,,,,,,,,,,,,,,,,,,,,,,594,,,On,Connected,-60.000000,2462,39,,,,IWLAN
1187,1,,,-121.9331162,47.5260751,2026-01-23 21:03:52.000,_20260123_124628_CH04_TMO_5GNR_WFC_MT-REF-2_TC-157.dml,,,,,,,,,,,,,,,,,,,,,,,,,,,,,,,,On,Connected,-59.000000,2462,39,,,,IWLAN
1188,1,,,-121.9331162,47.5260751,2026-01-23 21:03:53.000,_20260123_124628_CH04_TMO_5GNR_WFC_MT-REF-2_TC-157.dml,,,,,,,,,,,,,,,,,,,,,,,,,,,,,,,,On,Connected,-59.000000,2462,39,,,,IWLAN
1189,1,,,-121.9331162,47.5260751,2026-01-23 21:03:53.875,_20260123_124628_CH04_TMO_5GNR_WFC_MT-REF-2_TC-157.dml,,,,,,,,,,,,,,,,,,,,,,,[Tool] Voice - Answer Request,,,,,,,,,,,,,,,,,
1190,1,,,-121.9331162,47.5260751,2026-01-23 21:03:54.000,_20260123_124628_CH04_TMO_5GNR_WFC_MT-REF-2_TC-157.dml,,,,,,,,,,,,,,,,,,,,,,,,,,,,,594,,,On,Connected,-59.000000,2462,39,,,,IWLAN
1191,1,,,-121.9331162,47.5260751,2026-01-23 21:03:54.941,_20260123_124628_CH04_TMO_5GNR_WFC_MT-REF-2_TC-157.dml,,,,,,,,,,,,,,,,,,,,,,,[UE]   Voice - Setup Success,,,,,,,,,,,,,,,,,
1192,1,,,-121.9331162,47.5260751,2026-01-23 21:03:55.000,_20260123_124628_CH04_TMO_5GNR_WFC_MT-REF-2_TC-157.dml,,,,,,,,,,NR SA,,,,,,,,,,,,,,,,,,,594,,,On,Connected,-57.000000,2462,52,,,,IWLAN
1193,1,,,-121.9331162,47.5260751,2026-01-23 21:03:56.000,_20260123_124628_CH04_TMO_5GNR_WFC_MT-REF-2_TC-157.dml,,,,,,,,,,NR SA,,,,,,,,,,,,,,,,,,,,,,On,Connected,-57.000000,2462,52,,,,IWLAN
1194,1,,,-121.9331162,47.5260751,2026-01-23 21:03:57.000,_20260123_124628_CH04_TMO_5GNR_WFC_MT-REF-2_TC-157.dml,,,,,,,,,,NR SA,,,,,,,,,,,,,,,,,,,594,,,On,Connected,-57.000000,2462,52,,,,IWLAN
1195,1,,,-121.9331162,47.5260751,2026-01-23 21:03:58.000,_20260123_124628_CH04_TMO_5GNR_WFC_MT-REF-2_TC-157.dml,,,,,,,,,,NR SA,,,,,,,,,,,,,,,,,,,,,,On,Connected,-54.000000,2462,26,,,,IWLAN
1196,1,,,-121.9331162,47.5260751,2026-01-23 21:03:59.000,_20260123_124628_CH04_TMO_5GNR_WFC_MT-REF-2_TC-157.dml,,,,,,,,,,NR SA,,,,,,,,,,,,,,,,,,,594,,,,Connected,,,,,,,IWLAN
1197,1,,,-121.9331162,47.5260751,2026-01-23 21:04:00.000,_20260123_124628_CH04_TMO_5GNR_WFC_MT-REF-2_TC-157.dml,,,,,,,,,,NR SA,,,,,,,,,,,,,,,,,,,594,,,On,Connected,-54.000000,2462,26,,,,IWLAN
1198,1,,,-121.9331162,47.5260751,2026-01-23 21:04:01.000,_20260123_124628_CH04_TMO_5GNR_WFC_MT-REF-2_TC-157.dml,,,,,,,,,,NR SA,,,,,,,,,,,,,,,,,,,,,,On,Connected,-54.000000,2462,39,,,,IWLAN
1199,1,,,-121.9331162,47.5260751,2026-01-23 21:04:02.000,_20260123_124628_CH04_TMO_5GNR_WFC_MT-REF-2_TC-157.dml,,,,,,,,,,NR SA,,,,,,,,,,,,,,,,,,,,,,On,Connected,-54.000000,2462,39,,,,IWLAN
1200,1,,,-121.9331162,47.5260751,2026-01-23 21:04:03.000,_20260123_124628_CH04_TMO_5GNR_WFC_MT-REF-2_TC-157.dml,,,,,,,,,,NR SA,,,,,,,,,,,,,,,,,,,594,,,On,Connected,-54.000000,2462,39,,,,IWLAN
1201,1,,,-121.9331162,47.5260751,2026-01-23 21:04:04.000,_20260123_124628_CH04_TMO_5GNR_WFC_MT-REF-2_TC-157.dml,,,,,,,,,,NR SA,,,,,,,,,,,,,,,,,,,,,,On,Connected,-54.000000,2462,39,,,,IWLAN
1202,1,,,-121.9331162,47.5260751,2026-01-23 21:04:05.000,_20260123_124628_CH04_TMO_5GNR_WFC_MT-REF-2_TC-157.dml,,,,,,,,,,NR SA,,,,,,,,,,,,,,,,,,,,,2.796948,On,Connected,-54.000000,2462,39,,,,IWLAN
1203,1,,,-121.9331162,47.5260751,2026-01-23 21:04:06.000,_20260123_124628_CH04_TMO_5GNR_WFC_MT-REF-2_TC-157.dml,,,,,,,,,,NR SA,,,,,,,,,,,,,,,,,,,594,,2.796948,On,Connected,-54.000000,2462,39,,,,IWLAN
1204,1,,,-121.9331162,47.5260751,2026-01-23 21:04:07.000,_20260123_124628_CH04_TMO_5GNR_WFC_MT-REF-2_TC-157.dml,,,,,,,,,,NR SA,,,,,,,,,,,,,,,,,,,594,,2.796948,On,Connected,-53.000000,2462,39,,,,IWLAN
1205,1,,,-121.9331162,47.5260751,2026-01-23 21:04:08.000,_20260123_124628_CH04_TMO_5GNR_WFC_MT-REF-2_TC-157.dml,,,,,,,,,,NR SA,,,,,,,,,,,,,,,,,,,,,2.796948,On,Connected,-53.000000,2462,39,,,,IWLAN
1206,1,,,-121.9331162,47.5260751,2026-01-23 21:04:09.000,_20260123_124628_CH04_TMO_5GNR_WFC_MT-REF-2_TC-157.dml,,,,,,,,,,NR SA,,,,,,,,,,,,,,,,,,,594,,2.796948,On,Connected,-53.000000,2462,39,,,,IWLAN
1207,1,,,-121.9331162,47.5260751,2026-01-23 21:04:10.000,_20260123_124628_CH04_TMO_5GNR_WFC_MT-REF-2_TC-157.dml,,,,,,,,,,NR SA,,,,,,,,,,,,,,,,,,,,,2.796948,On,Connected,-53.000000,2462,26,,,,IWLAN
1208,1,,,-121.9331162,47.5260751,2026-01-23 21:04:11.000,_20260123_124628_CH04_TMO_5GNR_WFC_MT-REF-2_TC-157.dml,,,,,,,,,,NR SA,,,,,,,,,,,,,,,,,,,594,,2.796948,On,Connected,-53.000000,2462,26,,,,IWLAN
1209,1,,,-121.9331162,47.5260751,2026-01-23 21:04:12.000,_20260123_124628_CH04_TMO_5GNR_WFC_MT-REF-2_TC-157.dml,,,,,,,,,,NR SA,,,,,,,,,,,,,,,,,,,,,2.796948,On,Connected,-53.000000,2462,26,,,,IWLAN
1210,1,,,-121.9331162,47.5260751,2026-01-23 21:04:13.000,_20260123_124628_CH04_TMO_5GNR_WFC_MT-REF-2_TC-157.dml,,,,,,,,,,NR SA,,,,,,,,,,,,,,,,,,,594,,2.796948,On,Connected,-53.000000,2462,26,,,,IWLAN
1211,1,,,-121.9331162,47.5260751,2026-01-23 21:04:14.000,_20260123_124628_CH04_TMO_5GNR_WFC_MT-REF-2_TC-157.dml,,,,,,,,,,NR SA,,,,,,,,,,,,,,,,,,,,,2.796948,On,Connected,-53.000000,2462,26,,,,IWLAN
1212,1,,,-121.9331162,47.5260751,2026-01-23 21:04:15.000,_20260123_124628_CH04_TMO_5GNR_WFC_MT-REF-2_TC-157.dml,,,,,,,,,,NR SA,,,,,,,,,,,,,,,,,,,,,,,Connected,,,,,,,IWLAN
1213,1,,,-121.9331162,47.5260751,2026-01-23 21:04:16.204,_20260123_124628_CH04_TMO_5GNR_WFC_MT-REF-2_TC-157.dml,,,,,,,,,,,,,,,,,,,,,,,,,,,,,,-81.182528,,,,,,,,,,
1214,1,,,-121.9331162,47.5260751,2026-01-23 21:04:16.000,_20260123_124628_CH04_TMO_5GNR_WFC_MT-REF-2_TC-157.dml,,,,,,,,,,NR SA,,,,,,,,,,,,,,,,,,,594,,,On,Connected,-54.000000,2462,39,,,,IWLAN
1215,1,,,-121.9331162,47.5260751,2026-01-23 21:04:17.000,_20260123_124628_CH04_TMO_5GNR_WFC_MT-REF-2_TC-157.dml,,,,,,,,,,NR SA,,,,,,,,,,,,,,,,,,,594,,,,Connected,,,,,,,IWLAN
1216,1,,,-121.9331162,47.5260751,2026-01-23 21:04:18.000,_20260123_124628_CH04_TMO_5GNR_WFC_MT-REF-2_TC-157.dml,,,,,,,,,,NR SA,,,,,,,,,,,,,,,,,,,,,,On,Connected,-54.000000,2462,39,,,,IWLAN
1217,1,,,-121.9331162,47.5260751,2026-01-23 21:04:19.000,_20260123_124628_CH04_TMO_5GNR_WFC_MT-REF-2_TC-157.dml,,,,,,,,,,NR SA,,,,,,,,,,,,,,,,,,,,,,On,Connected,-54.000000,2462,19,,,,IWLAN
1218,1,,,-121.9331162,47.5260751,2026-01-23 21:04:20.000,_20260123_124628_CH04_TMO_5GNR_WFC_MT-REF-2_TC-157.dml,,,,,,,,,,NR SA,,,,,,,,,,,,,,,,,,,594,,,On,Connected,-54.000000,2462,19,,,,IWLAN
1219,1,,,-121.9331162,47.5260751,2026-01-23 21:04:21.000,_20260123_124628_CH04_TMO_5GNR_WFC_MT-REF-2_TC-157.dml,,,,,,,,,,NR SA,,,,,,,,,,,,,,,,,,,,,,On,Connected,-54.000000,2462,19,,,,IWLAN
1220,1,,,-121.9331162,47.5260751,2026-01-23 21:04:22.000,_20260123_124628_CH04_TMO_5GNR_WFC_MT-REF-2_TC-157.dml,,,,,,,,,,NR SA,,,,,,,,,,,,,,,,,,,594,,,On,Connected,-53.000000,2462,39,,,,IWLAN
1221,1,,,-121.9331162,47.5260751,2026-01-23 21:04:23.000,_20260123_124628_CH04_TMO_5GNR_WFC_MT-REF-2_TC-157.dml,,,,,,,,,,NR SA,,,,,,,,,,,,,,,,,,,,,,On,Connected,-53.000000,2462,39,,,,IWLAN
1222,1,,,-121.9331162,47.5260751,2026-01-23 21:04:24.000,_20260123_124628_CH04_TMO_5GNR_WFC_MT-REF-2_TC-157.dml,,,,,,,,,,NR SA,,,,,,,,,,,,,,,,,,,,,,On,Connected,-53.000000,2462,39,,,,
1223,1,,,-121.9331162,47.5260751,2026-01-23 21:04:25.000,_20260123_124628_CH04_TMO_5GNR_WFC_MT-REF-2_TC-157.dml,,,,,,,,,,NR SA,,,,,,,,,,,,,,,,,,,594,,2.265873,On,Connected,-56.000000,2462,52,,,,IWLAN
1224,1,,,-121.9331162,47.5260751,2026-01-23 21:04:26.000,_20260123_124628_CH04_TMO_5GNR_WFC_MT-REF-2_TC-157.dml,,,,,,,,,,NR SA,,,,,,,,,,,,,,,,,,,594,,2.265873,On,Connected,-56.000000,2462,52,,,,IWLAN
1225,1,,,-121.9331162,47.5260751,2026-01-23 21:04:27.000,_20260123_124628_CH04_TMO_5GNR_WFC_MT-REF-2_TC-157.dml,,,,,,,,,,NR SA,,,,,,,,,,,,,,,,,,,594,,2.265873,On,Connected,-56.000000,2462,52,,,,IWLAN
1226,1,,,-121.9331162,47.5260751,2026-01-23 21:04:28.000,_20260123_124628_CH04_TMO_5GNR_WFC_MT-REF-2_TC-157.dml,,,,,,,,,,NR SA,,,,,,,,,,,,,,,,,,,,,2.265873,On,Connected,-56.000000,2462,39,,,,IWLAN
1227,1,,,-121.9331162,47.5260751,2026-01-23 21:04:29.000,_20260123_124628_CH04_TMO_5GNR_WFC_MT-REF-2_TC-157.dml,,,,,,,,,,NR SA,,,,,,,,,,,,,,,,,,,594,,2.265873,On,Connected,-56.000000,2462,39,,,,IWLAN
1228,1,,,-121.9331162,47.5260751,2026-01-23 21:04:30.000,_20260123_124628_CH04_TMO_5GNR_WFC_MT-REF-2_TC-157.dml,,,,,,,,,,NR SA,,,,,,,,,,,,,,,,,,,,,2.265873,On,Connected,-56.000000,2462,39,,,,IWLAN
1229,1,,,-121.9331162,47.5260751,2026-01-23 21:04:31.000,_20260123_124628_CH04_TMO_5GNR_WFC_MT-REF-2_TC-157.dml,,,,,,,,,,NR SA,,,,,,,,,,,,,,,,,,,594,,2.265873,On,Connected,-54.000000,2462,52,,,,IWLAN
1230,1,,,-121.9331162,47.5260751,2026-01-23 21:04:32.000,_20260123_124628_CH04_TMO_5GNR_WFC_MT-REF-2_TC-157.dml,,,,,,,,,,NR SA,,,,,,,,,,,,,,,,,,,,,2.265873,On,Connected,-54.000000,2462,52,,,,IWLAN
1231,1,,,-121.9331162,47.5260751,2026-01-23 21:04:33.000,_20260123_124628_CH04_TMO_5GNR_WFC_MT-REF-2_TC-157.dml,,,,,,,,,,NR SA,,,,,,,,,,,,,,,,,,,,,2.265873,On,Connected,-54.000000,2462,52,,,,IWLAN
1232,1,,,-121.9331162,47.5260751,2026-01-23 21:04:34.000,_20260123_124628_CH04_TMO_5GNR_WFC_MT-REF-2_TC-157.dml,,,,,,,,,,NR SA,,,,,,,,,,,,,,,,,,,594,,2.265873,On,Connected,-54.000000,2462,52,,,,IWLAN
1233,1,,,-121.9331162,47.5260751,2026-01-23 21:04:35.000,_20260123_124628_CH04_TMO_5GNR_WFC_MT-REF-2_TC-157.dml,,,,,,,,,,NR SA,,,,,,,,,,,,,,,,,,,,,,On,Connected,-54.000000,2462,52,,,,IWLAN
1234,1,,,-121.9331162,47.5260751,2026-01-23 21:04:35.783,_20260123_124628_CH04_TMO_5GNR_WFC_MT-REF-2_TC-157.dml,,,,,,,,,,,,,,,,,,,,,,,,,,,,,,-79.892756,,,,,,,,,,
1235,1,,,-121.9331162,47.5260751,2026-01-23 21:04:36.000,_20260123_124628_CH04_TMO_5GNR_WFC_MT-REF-2_TC-157.dml,,,,,,,,,,NR SA,,,,,,,,,,,,,,,,,,,594,,,On,Connected,-54.000000,2462,52,,,,IWLAN
1236,1,,,-121.9331162,47.5260751,2026-01-23 21:04:37.000,_20260123_124628_CH04_TMO_5GNR_WFC_MT-REF-2_TC-157.dml,,,,,,,,,,NR SA,,,,,,,,,,,,,,,,,,,,,,On,Connected,-55.000000,2462,39,,,,IWLAN
1237,1,,,-121.9331162,47.5260751,2026-01-23 21:04:38.000,_20260123_124628_CH04_TMO_5GNR_WFC_MT-REF-2_TC-157.dml,,,,,,,,,,NR SA,,,,,,,,,,,,,,,,,,,,,,On,Connected,-55.000000,2462,39,,,,IWLAN
1238,1,,,-121.9331162,47.5260751,2026-01-23 21:04:39.000,_20260123_124628_CH04_TMO_5GNR_WFC_MT-REF-2_TC-157.dml,,,,,,,,,,NR SA,,,,,,,,,,,,,,,,,,,594,,,On,Connected,-55.000000,2462,39,,,,IWLAN
1239,1,,,-121.9331162,47.5260751,2026-01-23 21:04:40.000,_20260123_124628_CH04_TMO_5GNR_WFC_MT-REF-2_TC-157.dml,,,,,,,,,,NR SA,,,,,,,,,,,,,,,,,,,,,,On,Connected,-56.000000,2462,52,,,,IWLAN
1240,1,,,-121.9331162,47.5260751,2026-01-23 21:04:41.000,_20260123_124628_CH04_TMO_5GNR_WFC_MT-REF-2_TC-157.dml,,,,,,,,,,NR SA,,,,,,,,,,,,,,,,,,,,,,On,Connected,-56.000000,2462,52,,,,IWLAN
1241,1,,,-121.9331162,47.5260751,2026-01-23 21:04:42.000,_20260123_124628_CH04_TMO_5GNR_WFC_MT-REF-2_TC-157.dml,,,,,,,,,,NR SA,,,,,,,,,,,,,,,,,,,594,,,On,Connected,-56.000000,2462,52,,,,IWLAN
1242,1,,,-121.9331162,47.5260751,2026-01-23 21:04:43.000,_20260123_124628_CH04_TMO_5GNR_WFC_MT-REF-2_TC-157.dml,,,,,,,,,,NR SA,,,,,,,,,,,,,,,,,,,,,,On,Connected,-55.000000,2462,39,,,,IWLAN
1243,1,,,-121.9331162,47.5260751,2026-01-23 21:04:44.000,_20260123_124628_CH04_TMO_5GNR_WFC_MT-REF-2_TC-157.dml,,,,,,,,,,NR SA,,,,,,,,,,,,,,,,,,,594,,,On,Connected,-55.000000,2462,39,,,,IWLAN
1244,1,,,-121.9331162,47.5260751,2026-01-23 21:04:45.000,_20260123_124628_CH04_TMO_5GNR_WFC_MT-REF-2_TC-157.dml,,,,,,,,,,NR SA,,,,,,,,,,,,,,,,,,,,,,On,Connected,-55.000000,2462,39,,,,IWLAN
1245,1,,,-121.9331162,47.5260751,2026-01-23 21:04:46.000,_20260123_124628_CH04_TMO_5GNR_WFC_MT-REF-2_TC-157.dml,,,,,,,,,,NR SA,,,,,,,,,,,,,,,,,,,,,2.077071,On,Connected,-53.000000,2462,39,,,,IWLAN
1246,1,,,-121.9331162,47.5260751,2026-01-23 21:04:47.000,_20260123_124628_CH04_TMO_5GNR_WFC_MT-REF-2_TC-157.dml,,,,,,,,,,NR SA,,,,,,,,,,,,,,,,,,,594,,2.077071,On,Connected,-53.000000,2462,39,,,,IWLAN
1247,1,,,-121.9331162,47.5260751,2026-01-23 21:04:48.000,_20260123_124628_CH04_TMO_5GNR_WFC_MT-REF-2_TC-157.dml,,,,,,,,,,NR SA,,,,,,,,,,,,,,,,,,,,,2.077071,On,Connected,-53.000000,2462,39,,,,IWLAN
1248,1,,,-121.9331162,47.5260751,2026-01-23 21:04:49.000,_20260123_124628_CH04_TMO_5GNR_WFC_MT-REF-2_TC-157.dml,,,,,,,,,,NR SA,,,,,,,,,,,,,,,,,,,594,,2.077071,On,Connected,-52.000000,2462,39,,,,IWLAN
1249,1,,,-121.9331162,47.5260751,2026-01-23 21:04:50.000,_20260123_124628_CH04_TMO_5GNR_WFC_MT-REF-2_TC-157.dml,,,,,,,,,,NR SA,,,,,,,,,,,,,,,,,,,594,,2.077071,On,Connected,-52.000000,2462,39,,,,IWLAN
1250,1,,,-121.9331162,47.5260751,2026-01-23 21:04:51.000,_20260123_124628_CH04_TMO_5GNR_WFC_MT-REF-2_TC-157.dml,,,,,,,,,,NR SA,,,,,,,,,,,,,,,,,,,,,2.077071,On,Connected,-52.000000,2462,39,,,,IWLAN
1251,1,,,-121.9331162,47.5260751,2026-01-23 21:04:52.000,_20260123_124628_CH04_TMO_5GNR_WFC_MT-REF-2_TC-157.dml,,,,,,,,,,NR SA,,,,,,,,,,,,,,,,,,,,,2.077071,On,Connected,-55.000000,2462,39,,,,IWLAN
1252,1,,,-121.9331162,47.5260751,2026-01-23 21:04:53.000,_20260123_124628_CH04_TMO_5GNR_WFC_MT-REF-2_TC-157.dml,,,,,,,,,,NR SA,,,,,,,,,,,,,,,,,,,594,,2.077071,On,Connected,-55.000000,2462,39,,,,IWLAN
1253,1,,,-121.9331162,47.5260751,2026-01-23 21:04:54.000,_20260123_124628_CH04_TMO_5GNR_WFC_MT-REF-2_TC-157.dml,,,,,,,,,,NR SA,,,,,,,,,,,,,,,,,,,,,2.077071,On,Connected,-55.000000,2462,39,,,,IWLAN
1254,1,,,-121.9331162,47.5260751,2026-01-23 21:04:55.000,_20260123_124628_CH04_TMO_5GNR_WFC_MT-REF-2_TC-157.dml,,,,,,,,,,NR SA,,,,,,,,,,,,,,,,,,,594,,,On,Connected,-56.000000,2462,39,,,,IWLAN
1255,1,,,-121.9331162,47.5260751,2026-01-23 21:04:55.782,_20260123_124628_CH04_TMO_5GNR_WFC_MT-REF-2_TC-157.dml,,,,,,,,,,,,,,,,,,,,,,,,,,,,,,-71.106250,,,,,,,,,,
1256,1,,,-121.9331162,47.5260751,2026-01-23 21:04:56.000,_20260123_124628_CH04_TMO_5GNR_WFC_MT-REF-2_TC-157.dml,,,,,,,,,,NR SA,,,,,,,,,,,,,,,,,,,,,,On,Connected,-56.000000,2462,39,,,,IWLAN
1257,1,,,-121.9331162,47.5260751,2026-01-23 21:04:57.000,_20260123_124628_CH04_TMO_5GNR_WFC_MT-REF-2_TC-157.dml,,,,,,,,,,NR SA,,,,,,,,,,,,,,,,,,,594,,,On,Connected,-56.000000,2462,39,,,,IWLAN
1258,1,,,-121.9331162,47.5260751,2026-01-23 21:04:58.000,_20260123_124628_CH04_TMO_5GNR_WFC_MT-REF-2_TC-157.dml,,,,,,,,,,NR SA,,,,,,,,,,,,,,,,,,,594,,,On,Connected,-54.000000,2462,52,,,,IWLAN
1259,1,,,-121.9331162,47.5260751,2026-01-23 21:04:59.000,_20260123_124628_CH04_TMO_5GNR_WFC_MT-REF-2_TC-157.dml,,,,,,,,,,NR SA,,,,,,,,,,,,,,,,,,,594,,,On,Connected,-54.000000,2462,52,,,,IWLAN
1260,1,,,-121.9331162,47.5260751,2026-01-23 21:05:00.000,_20260123_124628_CH04_TMO_5GNR_WFC_MT-REF-2_TC-157.dml,,,,,,,,,,NR SA,,,,,,,,,,,,,,,,,,,,,,On,Connected,-54.000000,2462,52,,,,IWLAN
1261,1,,,-121.9331162,47.5260751,2026-01-23 21:05:01.000,_20260123_124628_CH04_TMO_5GNR_WFC_MT-REF-2_TC-157.dml,,,,,,,,,,NR SA,,,,,,,,,,,,,,,,,,,594,,,On,Connected,-55.000000,2462,39,,,,IWLAN
1262,1,,,-121.9331162,47.5260751,2026-01-23 21:05:02.000,_20260123_124628_CH04_TMO_5GNR_WFC_MT-REF-2_TC-157.dml,,,,,,,,,,NR SA,,,,,,,,,,,,,,,,,,,,,,On,Connected,-55.000000,2462,39,,,,IWLAN
1263,1,,,-121.9331162,47.5260751,2026-01-23 21:05:03.000,_20260123_124628_CH04_TMO_5GNR_WFC_MT-REF-2_TC-157.dml,,,,,,,,,,NR SA,,,,,,,,,,,,,,,,,,,,,,On,Connected,-55.000000,2462,39,,,,IWLAN
1264,1,,,-121.9331162,47.5260751,2026-01-23 21:05:04.000,_20260123_124628_CH04_TMO_5GNR_WFC_MT-REF-2_TC-157.dml,,,,,,,,,,NR SA,,,,,,,,,,,,,,,,,,,594,,,On,Connected,-55.000000,2462,26,,,,IWLAN
1265,1,,,-121.9331162,47.5260751,2026-01-23 21:05:05.000,_20260123_124628_CH04_TMO_5GNR_WFC_MT-REF-2_TC-157.dml,,,,,,,,,,NR SA,,,,,,,,,,,,,,,,,,,594,,,On,Connected,-55.000000,2462,26,,,,IWLAN
1266,1,,,-121.9331162,47.5260751,2026-01-23 21:05:06.000,_20260123_124628_CH04_TMO_5GNR_WFC_MT-REF-2_TC-157.dml,,,,,,,,,,NR SA,,,,,,,,,,,,,,,,,,,594,,1.746406,On,Connected,-55.000000,2462,26,,,,IWLAN
1267,1,,,-121.9331162,47.5260751,2026-01-23 21:05:07.000,_20260123_124628_CH04_TMO_5GNR_WFC_MT-REF-2_TC-157.dml,,,,,,,,,,NR SA,,,,,,,,,,,,,,,,,,,,,1.746406,On,Connected,-55.000000,2462,39,,,,IWLAN
1268,1,,,-121.9331162,47.5260751,2026-01-23 21:05:08.000,_20260123_124628_CH04_TMO_5GNR_WFC_MT-REF-2_TC-157.dml,,,,,,,,,,NR SA,,,,,,,,,,,,,,,,,,,,,1.746406,On,Connected,-55.000000,2462,39,,,,IWLAN
1269,1,,,-121.9331162,47.5260751,2026-01-23 21:05:09.000,_20260123_124628_CH04_TMO_5GNR_WFC_MT-REF-2_TC-157.dml,,,,,,,,,,NR SA,,,,,,,,,,,,,,,,,,,594,,1.746406,On,Connected,-55.000000,2462,39,,,,IWLAN
1270,1,,,-121.9331162,47.5260751,2026-01-23 21:05:10.000,_20260123_124628_CH04_TMO_5GNR_WFC_MT-REF-2_TC-157.dml,,,,,,,,,,NR SA,,,,,,,,,,,,,,,,,,,594,,1.746406,On,Connected,-55.000000,2462,39,,,,IWLAN
1271,1,,,-121.9331162,47.5260751,2026-01-23 21:05:11.000,_20260123_124628_CH04_TMO_5GNR_WFC_MT-REF-2_TC-157.dml,,,,,,,,,,NR SA,,,,,,,,,,,,,,,,,,,,,1.746406,On,Connected,-55.000000,2462,39,,,,IWLAN
1272,1,,,-121.9331162,47.5260751,2026-01-23 21:05:12.000,_20260123_124628_CH04_TMO_5GNR_WFC_MT-REF-2_TC-157.dml,,,,,,,,,,NR SA,,,,,,,,,,,,,,,,,,,594,,1.746406,On,Connected,-55.000000,2462,39,,,,IWLAN
1273,1,,,-121.9331162,47.5260751,2026-01-23 21:05:13.000,_20260123_124628_CH04_TMO_5GNR_WFC_MT-REF-2_TC-157.dml,,,,,,,,,,NR SA,,,,,,,,,,,,,,,,,,,594,,1.746406,On,Connected,-55.000000,2462,52,,,,IWLAN
1274,1,,,-121.9331162,47.5260751,2026-01-23 21:05:14.000,_20260123_124628_CH04_TMO_5GNR_WFC_MT-REF-2_TC-157.dml,,,,,,,,,,NR SA,,,,,,,,,,,,,,,,,,,594,,1.746406,On,Connected,-55.000000,2462,52,,,,IWLAN
1275,1,,,-121.9331162,47.5260751,2026-01-23 21:05:15.000,_20260123_124628_CH04_TMO_5GNR_WFC_MT-REF-2_TC-157.dml,,,,,,,,,,NR SA,,,,,,,,,,,,,,,,,,,594,,,On,Connected,-55.000000,2462,52,,,,IWLAN
1276,1,,,-121.9331162,47.5260751,2026-01-23 21:05:15.588,_20260123_124628_CH04_TMO_5GNR_WFC_MT-REF-2_TC-157.dml,,,,,,,,,,,,,,,,,,,,,,,,,,,,,,-75.886161,,,,,,,,,,
1277,1,,,-121.9331162,47.5260751,2026-01-23 21:05:16.000,_20260123_124628_CH04_TMO_5GNR_WFC_MT-REF-2_TC-157.dml,,,,,,,,,,NR SA,,,,,,,,,,,,,,,,,,,,,,On,Connected,-52.000000,2462,26,,,,IWLAN
1278,1,,,-121.9331162,47.5260751,2026-01-23 21:05:17.000,_20260123_124628_CH04_TMO_5GNR_WFC_MT-REF-2_TC-157.dml,,,,,,,,,,NR SA,,,,,,,,,,,,,,,,,,,,,,On,Connected,-52.000000,2462,26,,,,IWLAN
1279,1,,,-121.9331162,47.5260751,2026-01-23 21:05:18.000,_20260123_124628_CH04_TMO_5GNR_WFC_MT-REF-2_TC-157.dml,,,,,,,,,,NR SA,,,,,,,,,,,,,,,,,,,594,,,On,Connected,-52.000000,2462,26,,,,IWLAN
1280,1,,,-121.9331162,47.5260751,2026-01-23 21:05:19.000,_20260123_124628_CH04_TMO_5GNR_WFC_MT-REF-2_TC-157.dml,,,,,,,,,,NR SA,,,,,,,,,,,,,,,,,,,594,,,On,Connected,-51.000000,2462,39,,,,IWLAN
1281,1,,,-121.9331162,47.5260751,2026-01-23 21:05:20.000,_20260123_124628_CH04_TMO_5GNR_WFC_MT-REF-2_TC-157.dml,,,,,,,,,,NR SA,,,,,,,,,,,,,,,,,,,594,,,On,Connected,-51.000000,2462,39,,,,IWLAN
1282,1,,,-121.9331162,47.5260751,2026-01-23 21:05:21.000,_20260123_124628_CH04_TMO_5GNR_WFC_MT-REF-2_TC-157.dml,,,,,,,,,,NR SA,,,,,,,,,,,,,,,,,,,,,,On,Connected,-51.000000,2462,39,,,,IWLAN
1283,1,,,-121.9331162,47.5260751,2026-01-23 21:05:22.000,_20260123_124628_CH04_TMO_5GNR_WFC_MT-REF-2_TC-157.dml,,,,,,,,,,NR SA,,,,,,,,,,,,,,,,,,,,,,On,Connected,-54.000000,2462,52,,,,IWLAN
1284,1,,,-121.9331162,47.5260751,2026-01-23 21:05:23.000,_20260123_124628_CH04_TMO_5GNR_WFC_MT-REF-2_TC-157.dml,,,,,,,,,,NR SA,,,,,,,,,,,,,,,,,,,594,,,On,Connected,-54.000000,2462,52,,,,IWLAN
1285,1,,,-121.9331162,47.5260751,2026-01-23 21:05:24.000,_20260123_124628_CH04_TMO_5GNR_WFC_MT-REF-2_TC-157.dml,,,,,,,,,,NR SA,,,,,,,,,,,,,,,,,,,594,,,On,Connected,-54.000000,2462,52,,,,IWLAN
1286,1,,,-121.9331162,47.5260751,2026-01-23 21:05:25.000,_20260123_124628_CH04_TMO_5GNR_WFC_MT-REF-2_TC-157.dml,,,,,,,,,,NR SA,,,,,,,,,,,,,,,,,,,,,,On,Connected,-55.000000,2462,52,,,,IWLAN
1287,1,,,-121.9331162,47.5260751,2026-01-23 21:05:25.490,_20260123_124628_CH04_TMO_5GNR_WFC_MT-REF-2_TC-157.dml,,,,,,,,,,,,,,,,,,,,,,,[Tool] Voice - Pair Channel Call Drop,,,,,,,,,,,,,,,,,
1288,1,,,-121.9331162,47.5260751,2026-01-23 21:05:25.490,_20260123_124628_CH04_TMO_5GNR_WFC_MT-REF-2_TC-157.dml,,,,,,,,,,,,,,,,,,,,,,,[Tool] Voice - Release Call Request,,,,,,,,,,,,,,,,,
1289,1,,,-121.9331162,47.5260751,2026-01-23 21:05:25.922,_20260123_124628_CH04_TMO_5GNR_WFC_MT-REF-2_TC-157.dml,,,,,,,,,,,,,,,,,,,,,,Complete,[Tool] Voice - Call Result : Complete,,,,,,,,,,,,,,,,,
1290,1,,,-121.9331162,47.5260751,2026-01-23 21:05:25.922,_20260123_124628_CH04_TMO_5GNR_WFC_MT-REF-2_TC-157.dml,,,,,,,,,,,,,,,,,,,,,,,[UE]   Voice - Release Call Success,,,,,,,,,,,,,,,,,
1291,1,,,-121.9331162,47.5260751,2026-01-23 21:05:26.000,_20260123_124628_CH04_TMO_5GNR_WFC_MT-REF-2_TC-157.dml,,,,,,,,,,,,,,,,,,,,,,,,1,,,,,,,,On,Connected,-55.000000,2462,52,,,,IWLAN
1292,1,,,-121.9331162,47.5260751,2026-01-23 21:05:26.907,_20260123_124628_CH04_TMO_5GNR_WFC_MT-REF-2_TC-157.dml,,,,,,,,,,,,,,,,,,,,,,,[UE]   Voice - Release Call Success,,,,,,,,,,,,,,,,,
1293,1,,,-121.9331162,47.5260751,2026-01-23 21:05:27.000,_20260123_124628_CH04_TMO_5GNR_WFC_MT-REF-2_TC-157.dml,,,,,,,,,,,,,,,,,,,,,,,,,,,,,594,,,On,Connected,-55.000000,2462,52,,,,IWLAN
1294,1,,,-121.9331162,47.5260751,2026-01-23 21:05:28.000,_20260123_124628_CH04_TMO_5GNR_WFC_MT-REF-2_TC-157.dml,,,,,,,,,,,,,,,,,,,,,,,,,,,,,,,,On,Connected,-62.000000,2462,52,,,,IWLAN
1295,1,,,-121.9331162,47.5260751,2026-01-23 21:05:29.000,_20260123_124628_CH04_TMO_5GNR_WFC_MT-REF-2_TC-157.dml,,,,,,,,,,,,,,,,,,,,,,,,,,,,,594,,,On,Connected,-62.000000,2462,52,,,,IWLAN
1296,1,,,-121.9331162,47.5260751,2026-01-23 21:05:30.000,_20260123_124628_CH04_TMO_5GNR_WFC_MT-REF-2_TC-157.dml,,,,,,,,,,,,,,,,,,,,,,,,,,,,,,,,On,Connected,-62.000000,2462,52,,,,IWLAN
1297,1,,,-121.9331162,47.5260751,2026-01-23 21:05:31.000,_20260123_124628_CH04_TMO_5GNR_WFC_MT-REF-2_TC-157.dml,,,,,,,,,,,,,,,,,,,,,,,,,,,,,,,,On,Connected,-64.000000,2462,52,,,,IWLAN
1298,1,,,-121.9331162,47.5260751,2026-01-23 21:05:32.000,_20260123_124628_CH04_TMO_5GNR_WFC_MT-REF-2_TC-157.dml,,,,,,,,,,,,,,,,,,,,,,,,,,,,,594,,,,Connected,,,,,,,IWLAN
1299,1,,,-121.9331162,47.5260751,2026-01-23 21:05:33.000,_20260123_124628_CH04_TMO_5GNR_WFC_MT-REF-2_TC-157.dml,,,,,,,,,,,,,,,,,,,,,,,,,,,,,594,,,On,Connected,-64.000000,2462,52,,,,IWLAN
1300,1,,,-121.9331162,47.5260751,2026-01-23 21:05:34.000,_20260123_124628_CH04_TMO_5GNR_WFC_MT-REF-2_TC-157.dml,,,,,,,,,,,,,,,,,,,,,,,,,,,,,594,,,On,Connected,-62.000000,2462,52,,,,IWLAN
1301,1,,,-121.9331162,47.5260751,2026-01-23 21:05:35.000,_20260123_124628_CH04_TMO_5GNR_WFC_MT-REF-2_TC-157.dml,,,,,,,,,,,,,,,,,,,,,,,,,,,,,,,,On,Connected,-62.000000,2462,52,,,,IWLAN
1302,1,,,-121.9331162,47.5260751,2026-01-23 21:05:36.000,_20260123_124628_CH04_TMO_5GNR_WFC_MT-REF-2_TC-157.dml,,,,,,,,,,,,,,,,,,,,,,,,,,,,,594,,,On,Connected,-62.000000,2462,52,,,,IWLAN
1303,1,,,-121.9331162,47.5260751,2026-01-23 21:05:37.000,_20260123_124628_CH04_TMO_5GNR_WFC_MT-REF-2_TC-157.dml,,,,,,,,,,,,,,,,,,,,,,,,,,,,,,,,On,Connected,-63.000000,2462,52,,,,IWLAN
1304,1,,,-121.9331162,47.5260751,2026-01-23 21:05:38.000,_20260123_124628_CH04_TMO_5GNR_WFC_MT-REF-2_TC-157.dml,,,,,,,,,,,,,,,,,,,,,,,,,,,,,594,,,On,Connected,-63.000000,2462,52,,,,IWLAN
1305,1,,,-121.9331162,47.5260751,2026-01-23 21:05:39.000,_20260123_124628_CH04_TMO_5GNR_WFC_MT-REF-2_TC-157.dml,,,,,,,,,,,,,,,,,,,,,,,,,,,,,,,,On,Connected,-63.000000,2462,52,,,,IWLAN
1306,1,,,-121.9331162,47.5260751,2026-01-23 21:05:40.000,_20260123_124628_CH04_TMO_5GNR_WFC_MT-REF-2_TC-157.dml,,,,,,,,,,,,,,,,,,,,,,,,,,,,,,,,On,Connected,-55.000000,2462,52,,,,IWLAN
1307,1,,,-121.9331162,47.5260751,2026-01-23 21:05:41.000,_20260123_124628_CH04_TMO_5GNR_WFC_MT-REF-2_TC-157.dml,,,,,,,,,,,,,,,,,,,,,,,,,,,,,594,,,,Connected,,,,,,,IWLAN
1308,1,,,-121.9331162,47.5260751,2026-01-23 21:05:42.000,_20260123_124628_CH04_TMO_5GNR_WFC_MT-REF-2_TC-157.dml,,,,,,,,,,,,,,,,,,,,,,,,,,,,,,,,On,Connected,-55.000000,2462,52,,,,IWLAN
1309,1,,,-121.9331162,47.5260751,2026-01-23 21:05:43.000,_20260123_124628_CH04_TMO_5GNR_WFC_MT-REF-2_TC-157.dml,,,,,,,,,,,,,,,,,,,,,,,,,,,,,594,,,On,Connected,-55.000000,2462,52,,,,IWLAN
1310,1,,,-121.9331162,47.5260751,2026-01-23 21:05:44.000,_20260123_124628_CH04_TMO_5GNR_WFC_MT-REF-2_TC-157.dml,,,,,,,,,,,,,,,,,,,,,,,,,,,,,,,,On,Connected,-55.000000,2462,52,,,,IWLAN
1311,1,,,-121.9331162,47.5260751,2026-01-23 21:05:45.000,_20260123_124628_CH04_TMO_5GNR_WFC_MT-REF-2_TC-157.dml,,,,,,,,,,,,,,,,,,,,,,,,,,,,,594,,,On,Connected,-55.000000,2462,52,,,,IWLAN
1312,1,,,-121.9331162,47.5260751,2026-01-23 21:05:46.000,_20260123_124628_CH04_TMO_5GNR_WFC_MT-REF-2_TC-157.dml,,,,,,,,,,,,,,,,,,,,,,,,,,,,,594,,,On,Connected,-60.000000,2462,52,,,,IWLAN
1313,1,,,-121.9331162,47.5260751,2026-01-23 21:05:47.000,_20260123_124628_CH04_TMO_5GNR_WFC_MT-REF-2_TC-157.dml,,,,,,,,,,,,,,,,,,,,,,,,,,,,,594,,,On,Connected,-60.000000,2462,52,,,,IWLAN
1314,1,,,-121.9331162,47.5260751,2026-01-23 21:05:48.000,_20260123_124628_CH04_TMO_5GNR_WFC_MT-REF-2_TC-157.dml,,,,,,,,,,,,,,,,,,,,,,,,,,,,,,,,,Connected,,,,,,,IWLAN
1315,1,,,-121.9331162,47.5260751,2026-01-23 21:05:49.000,_20260123_124628_CH04_TMO_5GNR_WFC_MT-REF-2_TC-157.dml,,,,,,,,,,,,,,,,,,,,,,,,,,,,,594,,,On,Connected,-58.000000,2462,52,,,,IWLAN
1316,1,,,-121.9331162,47.5260751,2026-01-23 21:05:50.000,_20260123_124628_CH04_TMO_5GNR_WFC_MT-REF-2_TC-157.dml,,,,,,,,,,,,,,,,,,,,,,,,,,,,,594,,,On,Connected,-56.000000,2462,52,,,,IWLAN
1317,1,,,-121.9331162,47.5260751,2026-01-23 21:05:51.000,_20260123_124628_CH04_TMO_5GNR_WFC_MT-REF-2_TC-157.dml,,,,,,,,,,,,,,,,,,,,,,,,,,,,,594,,,On,Connected,-56.000000,2462,52,,,,IWLAN
1318,1,,,-121.9331162,47.5260751,2026-01-23 21:05:52.000,_20260123_124628_CH04_TMO_5GNR_WFC_MT-REF-2_TC-157.dml,,,,,,,,,,,,,,,,,,,,,,,,,,,,,,,,On,Connected,-61.000000,2462,52,,,,IWLAN
1319,1,,,-121.9331162,47.5260751,2026-01-23 21:05:53.000,_20260123_124628_CH04_TMO_5GNR_WFC_MT-REF-2_TC-157.dml,,,,,,,,,,,,,,,,,,,,,,,,,,,,,,,,On,Connected,-61.000000,2462,52,,,,IWLAN
1320,1,,,-121.9331162,47.5260751,2026-01-23 21:05:53.891,_20260123_124628_CH04_TMO_5GNR_WFC_MT-REF-2_TC-157.dml,,,,,,,,,,,,,,,,,,,,,,,[Tool] Voice - Release Call Request,,,,,,,,,,,,,,,,,
1321,1,,,-121.9331162,47.5260751,2026-01-23 21:05:54.032,_20260123_124628_CH04_TMO_5GNR_WFC_MT-REF-2_TC-157.dml,,,,,,,,,,,,,,,,,,,,,,,[Tool] Voice - Answer Request,,,,,,,,,,,,,,,,,
1322,1,,,-121.9331162,47.5260751,2026-01-23 21:05:54.000,_20260123_124628_CH04_TMO_5GNR_WFC_MT-REF-2_TC-157.dml,,,,,,,,,,,,,,,,,,,,,,,,,,,,,594,,,On,Connected,-61.000000,2462,52,,,,IWLAN
1323,1,,,-121.9331162,47.5260751,2026-01-23 21:05:55.000,_20260123_124628_CH04_TMO_5GNR_WFC_MT-REF-2_TC-157.dml,,,,,,,,,,,,,,,,,,,,,,,,,,,,,,,,,Connected,,,,,,,IWLAN
1324,1,,,-121.9331162,47.5260751,2026-01-23 21:05:56.000,_20260123_124628_CH04_TMO_5GNR_WFC_MT-REF-2_TC-157.dml,,,,,,,,,,,,,,,,,,,,,,,,,,,,,594,,,On,Connected,-60.000000,2462,52,,,,IWLAN
1325,1,,,-121.9331162,47.5260751,2026-01-23 21:05:56.281,_20260123_124628_CH04_TMO_5GNR_WFC_MT-REF-2_TC-157.dml,,,,,,,,,,,,,,,,,,,,,,,[Tool] Voice - Call Scheduling End,,,,,,,,,,,,,,,,,
1326,1,,,-121.9331162,47.5260751,2026-01-23 21:05:56.281,_20260123_124628_CH04_TMO_5GNR_WFC_MT-REF-2_TC-157.dml,NR SA,Voice,Complete,NR SA,NR SA,Qualcomm,,354877970012475,,,,,,,,,Complete,Termination,Complete,,,,,,,,,90.547999,,,,,,,,,,EPSFB,,
1327,1,,,-121.9331162,47.5260751,2026-01-23 21:05:56.281,_20260123_124628_CH04_TMO_5GNR_WFC_MT-REF-2_TC-157.dml,,,,,,,,,,,,,,,,,,,,,,,[Tool] Voice - Release Call Request,,,,,,,,,,,,,,,,,
1328,1,,,-121.9331162,47.5260751,2026-01-23 21:05:56.860,_20260123_124628_CH04_TMO_5GNR_WFC_MT-REF-2_TC-157.dml,,,,,,,,,,,,,,,,,,,,,,,[Tool] Voice - Call Scheduling Start(Term),,,,,,,,,,,,,,,,,
1329,1,,,-121.9331162,47.5260751,2026-01-23 21:05:56.860,_20260123_124628_CH04_TMO_5GNR_WFC_MT-REF-2_TC-157.dml,,,,,,,,,,,,,,,,,,,,,,,[Tool] Voice - Wait Page,,,,,,,,,,,,,,,,,
1330,1,,,-121.9331162,47.5260751,2026-01-23 21:05:57.000,_20260123_124628_CH04_TMO_5GNR_WFC_MT-REF-2_TC-157.dml,,,,,,,,,,,,,,,,,,,,,,,,,,,,,,,,,Connected,,,,,,,IWLAN
1331,1,,,-121.9331162,47.5260751,2026-01-23 21:05:58.000,_20260123_124628_CH04_TMO_5GNR_WFC_MT-REF-2_TC-157.dml,,,,,,,,,,,,,,,,,,,,,,,,,,,,,,,,On,Connected,-61.000000,2462,52,,,,IWLAN
1332,1,,,-121.9331162,47.5260751,2026-01-23 21:05:59.000,_20260123_124628_CH04_TMO_5GNR_WFC_MT-REF-2_TC-157.dml,,,,,,,,,,,,,,,,,,,,,,,,,,,,,594,,,On,Connected,-62.000000,2462,52,,,,IWLAN
1333,1,,,-121.9331162,47.5260751,2026-01-23 21:06:00.000,_20260123_124628_CH04_TMO_5GNR_WFC_MT-REF-2_TC-157.dml,,,,,,,,,,,,,,,,,,,,,,,,,,,,,594,,,On,Connected,-62.000000,2462,52,,,,IWLAN
1334,1,,,-121.9331162,47.5260751,2026-01-23 21:06:01.000,_20260123_124628_CH04_TMO_5GNR_WFC_MT-REF-2_TC-157.dml,,,,,,,,,,,,,,,,,,,,,,,,,,,,,,,,On,Connected,-60.000000,2462,52,,,,IWLAN
1335,1,,,-121.9331162,47.5260751,2026-01-23 21:06:02.240,_20260123_124628_CH04_TMO_5GNR_WFC_MT-REF-2_TC-157.dml,,,,,,,,,,,,,,,,,,,,,,,[Tool] Voice - Answer Request,,,,,,,,,,,,,,,,,
1336,1,,,-121.9331162,47.5260751,2026-01-23 21:06:02.000,_20260123_124628_CH04_TMO_5GNR_WFC_MT-REF-2_TC-157.dml,,,,,,,,,,,,,,,,,,,,,,,,,,,,,,,,On,Connected,-60.000000,2462,52,,,,IWLAN
1337,1,,,-121.9331162,47.5260751,2026-01-23 21:06:03.000,_20260123_124628_CH04_TMO_5GNR_WFC_MT-REF-2_TC-157.dml,,,,,,,,,,,,,,,,,,,,,,,,,,,,,594,,,On,Connected,-60.000000,2462,52,,,,IWLAN
1338,1,,,-121.9331162,47.5260751,2026-01-23 21:06:03.396,_20260123_124628_CH04_TMO_5GNR_WFC_MT-REF-2_TC-157.dml,,,,,,,,,,,,,,,,,,,,,,,[UE]   Voice - Setup Success,,,,,,,,,,,,,,,,,
1339,1,,,-121.9331162,47.5260751,2026-01-23 21:06:04.000,_20260123_124628_CH04_TMO_5GNR_WFC_MT-REF-2_TC-157.dml,,,,,,,,,,NR SA,,,,,,,,,,,,,,,,,,,,,,,Connected,,,,,,,IWLAN
1340,1,,,-121.9331162,47.5260751,2026-01-23 21:06:05.000,_20260123_124628_CH04_TMO_5GNR_WFC_MT-REF-2_TC-157.dml,,,,,,,,,,NR SA,,,,,,,,,,,,,,,,,,,594,,,On,Connected,-56.000000,2462,52,,,,IWLAN
1341,1,,,-121.9331162,47.5260751,2026-01-23 21:06:06.000,_20260123_124628_CH04_TMO_5GNR_WFC_MT-REF-2_TC-157.dml,,,,,,,,,,NR SA,,,,,,,,,,,,,,,,,,,,,,On,Connected,-56.000000,2462,52,,,,IWLAN
1342,1,,,-121.9331162,47.5260751,2026-01-23 21:06:07.000,_20260123_124628_CH04_TMO_5GNR_WFC_MT-REF-2_TC-157.dml,,,,,,,,,,NR SA,,,,,,,,,,,,,,,,,,,,,,,Connected,,,,,,,IWLAN
1343,1,,,-121.9331162,47.5260751,2026-01-23 21:06:08.000,_20260123_124628_CH04_TMO_5GNR_WFC_MT-REF-2_TC-157.dml,,,,,,,,,,NR SA,,,,,,,,,,,,,,,,,,,594,,,On,Connected,-54.000000,2462,52,,,,IWLAN
1344,1,,,-121.9331162,47.5260751,2026-01-23 21:06:09.000,_20260123_124628_CH04_TMO_5GNR_WFC_MT-REF-2_TC-157.dml,,,,,,,,,,NR SA,,,,,,,,,,,,,,,,,,,,,,On,Connected,-54.000000,2462,52,,,,IWLAN
1345,1,,,-121.9331162,47.5260751,2026-01-23 21:06:10.000,_20260123_124628_CH04_TMO_5GNR_WFC_MT-REF-2_TC-157.dml,,,,,,,,,,NR SA,,,,,,,,,,,,,,,,,,,594,,,On,Connected,-55.000000,2462,39,,,,IWLAN
1346,1,,,-121.9331162,47.5260751,2026-01-23 21:06:11.000,_20260123_124628_CH04_TMO_5GNR_WFC_MT-REF-2_TC-157.dml,,,,,,,,,,NR SA,,,,,,,,,,,,,,,,,,,,,,,Connected,,,,,,,IWLAN
1347,1,,,-121.9331162,47.5260751,2026-01-23 21:06:12.000,_20260123_124628_CH04_TMO_5GNR_WFC_MT-REF-2_TC-157.dml,,,,,,,,,,NR SA,,,,,,,,,,,,,,,,,,,,,,On,Connected,-55.000000,2462,39,,,,IWLAN
1348,1,,,-121.9331162,47.5260751,2026-01-23 21:06:13.000,_20260123_124628_CH04_TMO_5GNR_WFC_MT-REF-2_TC-157.dml,,,,,,,,,,NR SA,,,,,,,,,,,,,,,,,,,594,,,,Connected,,,,,,,IWLAN
1349,1,,,-121.9331162,47.5260751,2026-01-23 21:06:14.000,_20260123_124628_CH04_TMO_5GNR_WFC_MT-REF-2_TC-157.dml,,,,,,,,,,NR SA,,,,,,,,,,,,,,,,,,,594,,1.782971,On,Connected,-53.000000,2462,39,,,,IWLAN
1350,1,,,-121.9331162,47.5260751,2026-01-23 21:06:15.000,_20260123_124628_CH04_TMO_5GNR_WFC_MT-REF-2_TC-157.dml,,,,,,,,,,NR SA,,,,,,,,,,,,,,,,,,,594,,1.782971,On,Connected,-53.000000,2462,39,,,,IWLAN
1351,1,,,-121.9331162,47.5260751,2026-01-23 21:06:16.000,_20260123_124628_CH04_TMO_5GNR_WFC_MT-REF-2_TC-157.dml,,,,,,,,,,NR SA,,,,,,,,,,,,,,,,,,,,,1.782971,On,Connected,-54.000000,2462,39,,,,IWLAN
1352,1,,,-121.9331162,47.5260751,2026-01-23 21:06:17.000,_20260123_124628_CH04_TMO_5GNR_WFC_MT-REF-2_TC-157.dml,,,,,,,,,,NR SA,,,,,,,,,,,,,,,,,,,,,1.782971,On,Connected,-54.000000,2462,39,,,,IWLAN
1353,1,,,-121.9331162,47.5260751,2026-01-23 21:06:18.000,_20260123_124628_CH04_TMO_5GNR_WFC_MT-REF-2_TC-157.dml,,,,,,,,,,NR SA,,,,,,,,,,,,,,,,,,,594,,1.782971,On,Connected,-54.000000,2462,39,,,,IWLAN
1354,1,,,-121.9331162,47.5260751,2026-01-23 21:06:19.000,_20260123_124628_CH04_TMO_5GNR_WFC_MT-REF-2_TC-157.dml,,,,,,,,,,NR SA,,,,,,,,,,,,,,,,,,,,,1.782971,On,Connected,-54.000000,2462,52,,,,IWLAN
1355,1,,,-121.9331162,47.5260751,2026-01-23 21:06:20.000,_20260123_124628_CH04_TMO_5GNR_WFC_MT-REF-2_TC-157.dml,,,,,,,,,,NR SA,,,,,,,,,,,,,,,,,,,,,1.782971,,Connected,,,,,,,IWLAN
1356,1,,,-121.9331162,47.5260751,2026-01-23 21:06:21.000,_20260123_124628_CH04_TMO_5GNR_WFC_MT-REF-2_TC-157.dml,,,,,,,,,,NR SA,,,,,,,,,,,,,,,,,,,594,,1.782971,On,Connected,-54.000000,2462,52,,,,IWLAN
1357,1,,,-121.9331162,47.5260751,2026-01-23 21:06:22.000,_20260123_124628_CH04_TMO_5GNR_WFC_MT-REF-2_TC-157.dml,,,,,,,,,,NR SA,,,,,,,,,,,,,,,,,,,,,1.782971,On,Connected,-54.000000,2462,39,,,,IWLAN
1358,1,,,-121.9331162,47.5260751,2026-01-23 21:06:23.000,_20260123_124628_CH04_TMO_5GNR_WFC_MT-REF-2_TC-157.dml,,,,,,,,,,NR SA,,,,,,,,,,,,,,,,,,,594,,1.782971,,Connected,,,,,,,IWLAN
1359,1,,,-121.9331162,47.5260751,2026-01-23 21:06:24.000,_20260123_124628_CH04_TMO_5GNR_WFC_MT-REF-2_TC-157.dml,,,,,,,,,,NR SA,,,,,,,,,,,,,,,,,,,,,,On,Connected,-54.000000,2462,39,,,,IWLAN
1360,1,,,-121.9331162,47.5260751,2026-01-23 21:06:24.480,_20260123_124628_CH04_TMO_5GNR_WFC_MT-REF-2_TC-157.dml,,,,,,,,,,,,,,,,,,,,,,,,,,,,,,-73.900000,,,,,,,,,,
1361,1,,,-121.9331162,47.5260751,2026-01-23 21:06:25.000,_20260123_124628_CH04_TMO_5GNR_WFC_MT-REF-2_TC-157.dml,,,,,,,,,,NR SA,,,,,,,,,,,,,,,,,,,,,,On,Connected,-54.000000,2462,39,,,,IWLAN
1362,1,,,-121.9331162,47.5260751,2026-01-23 21:06:26.000,_20260123_124628_CH04_TMO_5GNR_WFC_MT-REF-2_TC-157.dml,,,,,,,,,,NR SA,,,,,,,,,,,,,,,,,,,594,,,On,Connected,-54.000000,2462,39,,,,IWLAN
1363,1,,,-121.9331162,47.5260751,2026-01-23 21:06:27.000,_20260123_124628_CH04_TMO_5GNR_WFC_MT-REF-2_TC-157.dml,,,,,,,,,,NR SA,,,,,,,,,,,,,,,,,,,,,,On,Connected,-54.000000,2462,39,,,,IWLAN
1364,1,,,-121.9331162,47.5260751,2026-01-23 21:06:28.000,_20260123_124628_CH04_TMO_5GNR_WFC_MT-REF-2_TC-157.dml,,,,,,,,,,NR SA,,,,,,,,,,,,,,,,,,,594,,,On,Connected,-54.000000,2462,39,,,,IWLAN
1365,1,,,-121.9331162,47.5260751,2026-01-23 21:06:29.000,_20260123_124628_CH04_TMO_5GNR_WFC_MT-REF-2_TC-157.dml,,,,,,,,,,NR SA,,,,,,,,,,,,,,,,,,,,,,On,Connected,-53.000000,2462,52,,,,IWLAN
1366,1,,,-121.9331162,47.5260751,2026-01-23 21:06:30.000,_20260123_124628_CH04_TMO_5GNR_WFC_MT-REF-2_TC-157.dml,,,,,,,,,,NR SA,,,,,,,,,,,,,,,,,,,,,,On,Connected,-53.000000,2462,52,,,,IWLAN
1367,1,,,-121.9331162,47.5260751,2026-01-23 21:06:31.000,_20260123_124628_CH04_TMO_5GNR_WFC_MT-REF-2_TC-157.dml,,,,,,,,,,NR SA,,,,,,,,,,,,,,,,,,,594,,,On,Connected,-53.000000,2462,52,,,,IWLAN
1368,1,,,-121.9331162,47.5260751,2026-01-23 21:06:32.000,_20260123_124628_CH04_TMO_5GNR_WFC_MT-REF-2_TC-157.dml,,,,,,,,,,NR SA,,,,,,,,,,,,,,,,,,,,,,On,Connected,-54.000000,2462,52,,,,IWLAN
1369,1,,,-121.9331162,47.5260751,2026-01-23 21:06:33.000,_20260123_124628_CH04_TMO_5GNR_WFC_MT-REF-2_TC-157.dml,,,,,,,,,,NR SA,,,,,,,,,,,,,,,,,,,594,,,On,Connected,-54.000000,2462,52,,,,IWLAN
1370,1,,,-121.9331162,47.5260751,2026-01-23 21:06:34.000,_20260123_124628_CH04_TMO_5GNR_WFC_MT-REF-2_TC-157.dml,,,,,,,,,,NR SA,,,,,,,,,,,,,,,,,,,,,2.235133,On,Connected,-54.000000,2462,52,,,,IWLAN
1371,1,,,-121.9331162,47.5260751,2026-01-23 21:06:35.000,_20260123_124628_CH04_TMO_5GNR_WFC_MT-REF-2_TC-157.dml,,,,,,,,,,NR SA,,,,,,,,,,,,,,,,,,,,,2.235133,On,Connected,-53.000000,2462,52,,,,IWLAN
1372,1,,,-121.9331162,47.5260751,2026-01-23 21:06:36.000,_20260123_124628_CH04_TMO_5GNR_WFC_MT-REF-2_TC-157.dml,,,,,,,,,,NR SA,,,,,,,,,,,,,,,,,,,594,,2.235133,On,Connected,-53.000000,2462,52,,,,IWLAN
1373,1,,,-121.9331162,47.5260751,2026-01-23 21:06:37.000,_20260123_124628_CH04_TMO_5GNR_WFC_MT-REF-2_TC-157.dml,,,,,,,,,,NR SA,,,,,,,,,,,,,,,,,,,,,2.235133,On,Connected,-53.000000,2462,52,,,,IWLAN
1374,1,,,-121.9331162,47.5260751,2026-01-23 21:06:38.000,_20260123_124628_CH04_TMO_5GNR_WFC_MT-REF-2_TC-157.dml,,,,,,,,,,NR SA,,,,,,,,,,,,,,,,,,,594,,2.235133,On,Connected,-55.000000,2462,52,,,,IWLAN
1375,1,,,-121.9331162,47.5260751,2026-01-23 21:06:39.000,_20260123_124628_CH04_TMO_5GNR_WFC_MT-REF-2_TC-157.dml,,,,,,,,,,NR SA,,,,,,,,,,,,,,,,,,,,,2.235133,On,Connected,-55.000000,2462,52,,,,IWLAN
1376,1,,,-121.9331162,47.5260751,2026-01-23 21:06:40.000,_20260123_124628_CH04_TMO_5GNR_WFC_MT-REF-2_TC-157.dml,,,,,,,,,,NR SA,,,,,,,,,,,,,,,,,,,,,2.235133,On,Connected,-55.000000,2462,52,,,,IWLAN
1377,1,,,-121.9331162,47.5260751,2026-01-23 21:06:41.000,_20260123_124628_CH04_TMO_5GNR_WFC_MT-REF-2_TC-157.dml,,,,,,,,,,NR SA,,,,,,,,,,,,,,,,,,,594,,2.235133,On,Connected,-54.000000,2462,52,,,,IWLAN
1378,1,,,-121.9331162,47.5260751,2026-01-23 21:06:42.000,_20260123_124628_CH04_TMO_5GNR_WFC_MT-REF-2_TC-157.dml,,,,,,,,,,NR SA,,,,,,,,,,,,,,,,,,,,,2.235133,On,Connected,-54.000000,2462,52,,,,IWLAN
1379,1,,,-121.9331162,47.5260751,2026-01-23 21:06:43.000,_20260123_124628_CH04_TMO_5GNR_WFC_MT-REF-2_TC-157.dml,,,,,,,,,,NR SA,,,,,,,,,,,,,,,,,,,,,2.235133,On,Connected,-54.000000,2462,52,,,,IWLAN
1380,1,,,-121.9331162,47.5260751,2026-01-23 21:06:44.209,_20260123_124628_CH04_TMO_5GNR_WFC_MT-REF-2_TC-157.dml,,,,,,,,,,,,,,,,,,,,,,,,,,,,,,-71.017857,,,,,,,,,,
1381,1,,,-121.9331162,47.5260751,2026-01-23 21:06:44.000,_20260123_124628_CH04_TMO_5GNR_WFC_MT-REF-2_TC-157.dml,,,,,,,,,,NR SA,,,,,,,,,,,,,,,,,,,594,,,On,Connected,-54.000000,2462,52,,,,IWLAN
1382,1,,,-121.9331162,47.5260751,2026-01-23 21:06:45.000,_20260123_124628_CH04_TMO_5GNR_WFC_MT-REF-2_TC-157.dml,,,,,,,,,,NR SA,,,,,,,,,,,,,,,,,,,,,,On,Connected,-54.000000,2462,52,,,,IWLAN
1383,1,,,-121.9331162,47.5260751,2026-01-23 21:06:46.000,_20260123_124628_CH04_TMO_5GNR_WFC_MT-REF-2_TC-157.dml,,,,,,,,,,NR SA,,,,,,,,,,,,,,,,,,,594,,,On,Connected,-54.000000,2462,52,,,,IWLAN
1384,1,,,-121.9331162,47.5260751,2026-01-23 21:06:47.000,_20260123_124628_CH04_TMO_5GNR_WFC_MT-REF-2_TC-157.dml,,,,,,,,,,NR SA,,,,,,,,,,,,,,,,,,,,,,On,Connected,-54.000000,2462,52,,,,IWLAN
1385,1,,,-121.9331162,47.5260751,2026-01-23 21:06:48.000,_20260123_124628_CH04_TMO_5GNR_WFC_MT-REF-2_TC-157.dml,,,,,,,,,,NR SA,,,,,,,,,,,,,,,,,,,,,,On,Connected,-54.000000,2462,52,,,,IWLAN
1386,1,,,-121.9331162,47.5260751,2026-01-23 21:06:49.000,_20260123_124628_CH04_TMO_5GNR_WFC_MT-REF-2_TC-157.dml,,,,,,,,,,NR SA,,,,,,,,,,,,,,,,,,,594,,,On,Connected,-54.000000,2462,52,,,,IWLAN
1387,1,,,-121.9331162,47.5260751,2026-01-23 21:06:50.000,_20260123_124628_CH04_TMO_5GNR_WFC_MT-REF-2_TC-157.dml,,,,,,,,,,NR SA,,,,,,,,,,,,,,,,,,,,,,On,Connected,-54.000000,2462,52,,,,IWLAN
1388,1,,,-121.9331162,47.5260751,2026-01-23 21:06:51.000,_20260123_124628_CH04_TMO_5GNR_WFC_MT-REF-2_TC-157.dml,,,,,,,,,,NR SA,,,,,,,,,,,,,,,,,,,594,,,On,Connected,-54.000000,2462,52,,,,IWLAN
1389,1,,,-121.9331162,47.5260751,2026-01-23 21:06:52.000,_20260123_124628_CH04_TMO_5GNR_WFC_MT-REF-2_TC-157.dml,,,,,,,,,,NR SA,,,,,,,,,,,,,,,,,,,,,,On,Connected,-54.000000,2462,52,,,,IWLAN
1390,1,,,-121.9331162,47.5260751,2026-01-23 21:06:53.000,_20260123_124628_CH04_TMO_5GNR_WFC_MT-REF-2_TC-157.dml,,,,,,,,,,NR SA,,,,,,,,,,,,,,,,,,,,,,On,Connected,-54.000000,2462,52,,,,IWLAN
1391,1,,,-121.9331162,47.5260751,2026-01-23 21:06:54.000,_20260123_124628_CH04_TMO_5GNR_WFC_MT-REF-2_TC-157.dml,,,,,,,,,,NR SA,,,,,,,,,,,,,,,,,,,594,,2.468653,On,Connected,-54.000000,2462,52,,,,IWLAN
1392,1,,,-121.9331162,47.5260751,2026-01-23 21:06:55.000,_20260123_124628_CH04_TMO_5GNR_WFC_MT-REF-2_TC-157.dml,,,,,,,,,,NR SA,,,,,,,,,,,,,,,,,,,,,2.468653,On,Connected,-54.000000,2462,52,,,,IWLAN
1393,1,,,-121.9331162,47.5260751,2026-01-23 21:06:56.000,_20260123_124628_CH04_TMO_5GNR_WFC_MT-REF-2_TC-157.dml,,,,,,,,,,NR SA,,,,,,,,,,,,,,,,,,,594,,2.468653,On,Connected,-54.000000,2462,52,,,,IWLAN
1394,1,,,-121.9331162,47.5260751,2026-01-23 21:06:57.000,_20260123_124628_CH04_TMO_5GNR_WFC_MT-REF-2_TC-157.dml,,,,,,,,,,NR SA,,,,,,,,,,,,,,,,,,,,,2.468653,On,Connected,-54.000000,2462,52,,,,IWLAN
1395,1,,,-121.9331162,47.5260751,2026-01-23 21:06:58.000,_20260123_124628_CH04_TMO_5GNR_WFC_MT-REF-2_TC-157.dml,,,,,,,,,,NR SA,,,,,,,,,,,,,,,,,,,,,2.468653,On,Connected,-54.000000,2462,52,,,,IWLAN
1396,1,,,-121.9331162,47.5260751,2026-01-23 21:06:59.000,_20260123_124628_CH04_TMO_5GNR_WFC_MT-REF-2_TC-157.dml,,,,,,,,,,NR SA,,,,,,,,,,,,,,,,,,,594,,2.468653,On,Connected,-53.000000,2462,52,,,,IWLAN
1397,1,,,-121.9331162,47.5260751,2026-01-23 21:07:00.000,_20260123_124628_CH04_TMO_5GNR_WFC_MT-REF-2_TC-157.dml,,,,,,,,,,NR SA,,,,,,,,,,,,,,,,,,,,,2.468653,On,Connected,-53.000000,2462,52,,,,IWLAN
1398,1,,,-121.9331162,47.5260751,2026-01-23 21:07:01.000,_20260123_124628_CH04_TMO_5GNR_WFC_MT-REF-2_TC-157.dml,,,,,,,,,,NR SA,,,,,,,,,,,,,,,,,,,,,2.468653,On,Connected,-53.000000,2462,52,,,,IWLAN
1399,1,,,-121.9331162,47.5260751,2026-01-23 21:07:02.000,_20260123_124628_CH04_TMO_5GNR_WFC_MT-REF-2_TC-157.dml,,,,,,,,,,NR SA,,,,,,,,,,,,,,,,,,,594,,2.468653,On,Connected,-53.000000,2462,52,,,,IWLAN
1400,1,,,-121.9331162,47.5260751,2026-01-23 21:07:03.000,_20260123_124628_CH04_TMO_5GNR_WFC_MT-REF-2_TC-157.dml,,,,,,,,,,NR SA,,,,,,,,,,,,,,,,,,,,,,On,Connected,-53.000000,2462,52,,,,IWLAN
1401,1,,,-121.9331162,47.5260751,2026-01-23 21:07:04.004,_20260123_124628_CH04_TMO_5GNR_WFC_MT-REF-2_TC-157.dml,,,,,,,,,,,,,,,,,,,,,,,,,,,,,,-72.535156,,,,,,,,,,
1402,1,,,-121.9331162,47.5260751,2026-01-23 21:07:04.000,_20260123_124628_CH04_TMO_5GNR_WFC_MT-REF-2_TC-157.dml,,,,,,,,,,NR SA,,,,,,,,,,,,,,,,,,,594,,,On,Connected,-53.000000,2462,52,,,,IWLAN
1403,1,,,-121.9331162,47.5260751,2026-01-23 21:07:05.000,_20260123_124628_CH04_TMO_5GNR_WFC_MT-REF-2_TC-157.dml,,,,,,,,,,NR SA,,,,,,,,,,,,,,,,,,,,,,On,Connected,-54.000000,2462,39,,,,IWLAN
1404,1,,,-121.9331162,47.5260751,2026-01-23 21:07:06.000,_20260123_124628_CH04_TMO_5GNR_WFC_MT-REF-2_TC-157.dml,,,,,,,,,,NR SA,,,,,,,,,,,,,,,,,,,,,,On,Connected,-54.000000,2462,39,,,,IWLAN
1405,1,,,-121.9331162,47.5260751,2026-01-23 21:07:07.000,_20260123_124628_CH04_TMO_5GNR_WFC_MT-REF-2_TC-157.dml,,,,,,,,,,NR SA,,,,,,,,,,,,,,,,,,,594,,,On,Connected,-54.000000,2462,39,,,,IWLAN
1406,1,,,-121.9331162,47.5260751,2026-01-23 21:07:08.000,_20260123_124628_CH04_TMO_5GNR_WFC_MT-REF-2_TC-157.dml,,,,,,,,,,NR SA,,,,,,,,,,,,,,,,,,,,,,On,Connected,-55.000000,2462,52,,,,IWLAN
1407,1,,,-121.9331162,47.5260751,2026-01-23 21:07:09.000,_20260123_124628_CH04_TMO_5GNR_WFC_MT-REF-2_TC-157.dml,,,,,,,,,,NR SA,,,,,,,,,,,,,,,,,,,594,,,On,Connected,-55.000000,2462,52,,,,IWLAN
1408,1,,,-121.9331162,47.5260751,2026-01-23 21:07:10.000,_20260123_124628_CH04_TMO_5GNR_WFC_MT-REF-2_TC-157.dml,,,,,,,,,,NR SA,,,,,,,,,,,,,,,,,,,,,,On,Connected,-55.000000,2462,52,,,,IWLAN
1409,1,,,-121.9331162,47.5260751,2026-01-23 21:07:11.000,_20260123_124628_CH04_TMO_5GNR_WFC_MT-REF-2_TC-157.dml,,,,,,,,,,NR SA,,,,,,,,,,,,,,,,,,,,,,On,Connected,-54.000000,2462,52,,,,IWLAN
1410,1,,,-121.9331162,47.5260751,2026-01-23 21:07:12.000,_20260123_124628_CH04_TMO_5GNR_WFC_MT-REF-2_TC-157.dml,,,,,,,,,,NR SA,,,,,,,,,,,,,,,,,,,594,,,On,Connected,-54.000000,2462,52,,,,IWLAN
1411,1,,,-121.9331162,47.5260751,2026-01-23 21:07:13.000,_20260123_124628_CH04_TMO_5GNR_WFC_MT-REF-2_TC-157.dml,,,,,,,,,,NR SA,,,,,,,,,,,,,,,,,,,,,,On,Connected,-54.000000,2462,52,,,,IWLAN
1412,1,,,-121.9331162,47.5260751,2026-01-23 21:07:14.000,_20260123_124628_CH04_TMO_5GNR_WFC_MT-REF-2_TC-157.dml,,,,,,,,,,NR SA,,,,,,,,,,,,,,,,,,,594,,2.519843,On,Connected,-55.000000,2462,52,,,,IWLAN
1413,1,,,-121.9331162,47.5260751,2026-01-23 21:07:15.000,_20260123_124628_CH04_TMO_5GNR_WFC_MT-REF-2_TC-157.dml,,,,,,,,,,NR SA,,,,,,,,,,,,,,,,,,,,,2.519843,On,Connected,-55.000000,2462,52,,,,IWLAN
1414,1,,,-121.9331162,47.5260751,2026-01-23 21:07:16.000,_20260123_124628_CH04_TMO_5GNR_WFC_MT-REF-2_TC-157.dml,,,,,,,,,,NR SA,,,,,,,,,,,,,,,,,,,,,2.519843,On,Connected,-55.000000,2462,52,,,,IWLAN
1415,1,,,-121.9331162,47.5260751,2026-01-23 21:07:17.000,_20260123_124628_CH04_TMO_5GNR_WFC_MT-REF-2_TC-157.dml,,,,,,,,,,NR SA,,,,,,,,,,,,,,,,,,,594,,2.519843,On,Connected,-53.000000,2462,58,,,,IWLAN
1416,1,,,-121.9331162,47.5260751,2026-01-23 21:07:18.000,_20260123_124628_CH04_TMO_5GNR_WFC_MT-REF-2_TC-157.dml,,,,,,,,,,NR SA,,,,,,,,,,,,,,,,,,,,,2.519843,On,Connected,-53.000000,2462,58,,,,IWLAN
1417,1,,,-121.9331162,47.5260751,2026-01-23 21:07:19.000,_20260123_124628_CH04_TMO_5GNR_WFC_MT-REF-2_TC-157.dml,,,,,,,,,,NR SA,,,,,,,,,,,,,,,,,,,594,,2.519843,On,Connected,-53.000000,2462,58,,,,IWLAN
1418,1,,,-121.9331162,47.5260751,2026-01-23 21:07:20.000,_20260123_124628_CH04_TMO_5GNR_WFC_MT-REF-2_TC-157.dml,,,,,,,,,,NR SA,,,,,,,,,,,,,,,,,,,,,2.519843,On,Connected,-54.000000,2462,52,,,,IWLAN
1419,1,,,-121.9331162,47.5260751,2026-01-23 21:07:21.000,_20260123_124628_CH04_TMO_5GNR_WFC_MT-REF-2_TC-157.dml,,,,,,,,,,NR SA,,,,,,,,,,,,,,,,,,,,,2.519843,On,Connected,-54.000000,2462,52,,,,IWLAN
1420,1,,,-121.9331162,47.5260751,2026-01-23 21:07:22.000,_20260123_124628_CH04_TMO_5GNR_WFC_MT-REF-2_TC-157.dml,,,,,,,,,,NR SA,,,,,,,,,,,,,,,,,,,594,,2.519843,On,Connected,-54.000000,2462,52,,,,IWLAN
1421,1,,,-121.9331162,47.5260751,2026-01-23 21:07:23.000,_20260123_124628_CH04_TMO_5GNR_WFC_MT-REF-2_TC-157.dml,,,,,,,,,,NR SA,,,,,,,,,,,,,,,,,,,,,,On,Connected,-54.000000,2462,52,,,,IWLAN
1422,1,,,-121.9331162,47.5260751,2026-01-23 21:07:23.988,_20260123_124628_CH04_TMO_5GNR_WFC_MT-REF-2_TC-157.dml,,,,,,,,,,,,,,,,,,,,,,,,,,,,,,-72.285156,,,,,,,,,,
1423,1,,,-121.9331162,47.5260751,2026-01-23 21:07:24.000,_20260123_124628_CH04_TMO_5GNR_WFC_MT-REF-2_TC-157.dml,,,,,,,,,,NR SA,,,,,,,,,,,,,,,,,,,,,,On,Connected,-54.000000,2462,52,,,,IWLAN
1424,1,,,-121.9331162,47.5260751,2026-01-23 21:07:25.000,_20260123_124628_CH04_TMO_5GNR_WFC_MT-REF-2_TC-157.dml,,,,,,,,,,NR SA,,,,,,,,,,,,,,,,,,,594,,,On,Connected,-54.000000,2462,52,,,,IWLAN
1425,1,,,-121.9331162,47.5260751,2026-01-23 21:07:26.000,_20260123_124628_CH04_TMO_5GNR_WFC_MT-REF-2_TC-157.dml,,,,,,,,,,NR SA,,,,,,,,,,,,,,,,,,,,,,On,Connected,-55.000000,2462,26,,,,IWLAN
1426,1,,,-121.9331162,47.5260751,2026-01-23 21:07:27.000,_20260123_124628_CH04_TMO_5GNR_WFC_MT-REF-2_TC-157.dml,,,,,,,,,,NR SA,,,,,,,,,,,,,,,,,,,594,,,On,Connected,-55.000000,2462,26,,,,IWLAN
1427,1,,,-121.9331162,47.5260751,2026-01-23 21:07:28.000,_20260123_124628_CH04_TMO_5GNR_WFC_MT-REF-2_TC-157.dml,,,,,,,,,,NR SA,,,,,,,,,,,,,,,,,,,,,,On,Connected,-55.000000,2462,26,,,,IWLAN
1428,1,,,-121.9331162,47.5260751,2026-01-23 21:07:29.000,_20260123_124628_CH04_TMO_5GNR_WFC_MT-REF-2_TC-157.dml,,,,,,,,,,NR SA,,,,,,,,,,,,,,,,,,,,,,On,Connected,-55.000000,2462,39,,,,IWLAN
1429,1,,,-121.9331162,47.5260751,2026-01-23 21:07:30.000,_20260123_124628_CH04_TMO_5GNR_WFC_MT-REF-2_TC-157.dml,,,,,,,,,,NR SA,,,,,,,,,,,,,,,,,,,594,,,On,Connected,-55.000000,2462,39,,,,IWLAN
1430,1,,,-121.9331162,47.5260751,2026-01-23 21:07:31.000,_20260123_124628_CH04_TMO_5GNR_WFC_MT-REF-2_TC-157.dml,,,,,,,,,,NR SA,,,,,,,,,,,,,,,,,,,,,,On,Connected,-55.000000,2462,39,,,,IWLAN
1431,1,,,-121.9331162,47.5260751,2026-01-23 21:07:32.000,_20260123_124628_CH04_TMO_5GNR_WFC_MT-REF-2_TC-157.dml,,,,,,,,,,NR SA,,,,,,,,,,,,,,,,,,,594,,,On,Connected,-54.000000,2462,52,,,,IWLAN
1432,1,,,-121.9331162,47.5260751,2026-01-23 21:07:33.000,_20260123_124628_CH04_TMO_5GNR_WFC_MT-REF-2_TC-157.dml,,,,,,,,,,NR SA,,,,,,,,,,,,,,,,,,,,,,On,Connected,-54.000000,2462,52,,,,IWLAN
1433,1,,,-121.9331162,47.5260751,2026-01-23 21:07:34.000,_20260123_124628_CH04_TMO_5GNR_WFC_MT-REF-2_TC-157.dml,,,,,,,,,,NR SA,,,,,,,,,,,,,,,,,,,,,,On,Connected,-54.000000,2462,52,,,,IWLAN
1434,1,,,-121.9331162,47.5260751,2026-01-23 21:07:34.069,_20260123_124628_CH04_TMO_5GNR_WFC_MT-REF-2_TC-157.dml,,,,,,,,,,,,,,,,,,,,,,,[Tool] Voice - Pair Channel Call Drop,,,,,,,,,,,,,,,,,
1435,1,,,-121.9331162,47.5260751,2026-01-23 21:07:34.069,_20260123_124628_CH04_TMO_5GNR_WFC_MT-REF-2_TC-157.dml,,,,,,,,,,,,,,,,,,,,,,,[Tool] Voice - Release Call Request,,,,,,,,,,,,,,,,,
1436,1,,,-121.9331162,47.5260751,2026-01-23 21:07:34.355,_20260123_124628_CH04_TMO_5GNR_WFC_MT-REF-2_TC-157.dml,,,,,,,,,,,,,,,,,,,,,,Complete,[Tool] Voice - Call Result : Complete,,,,,,,,,,,,,,,,,
1437,1,,,-121.9331162,47.5260751,2026-01-23 21:07:34.355,_20260123_124628_CH04_TMO_5GNR_WFC_MT-REF-2_TC-157.dml,,,,,,,,,,,,,,,,,,,,,,,[UE]   Voice - Release Call Success,,,,,,,,,,,,,,,,,
1438,1,,,-121.9331162,47.5260751,2026-01-23 21:07:35.000,_20260123_124628_CH04_TMO_5GNR_WFC_MT-REF-2_TC-157.dml,,,,,,,,,,,,,,,,,,,,,,,,1,,,,,594,,,On,Connected,-53.000000,2462,52,,,,IWLAN
1439,1,,,-121.9331162,47.5260751,2026-01-23 21:07:35.266,_20260123_124628_CH04_TMO_5GNR_WFC_MT-REF-2_TC-157.dml,,,,,,,,,,,,,,,,,,,,,,,[UE]   Voice - Release Call Success,,,,,,,,,,,,,,,,,
1440,1,,,-121.9331162,47.5260751,2026-01-23 21:07:36.000,_20260123_124628_CH04_TMO_5GNR_WFC_MT-REF-2_TC-157.dml,,,,,,,,,,,,,,,,,,,,,,,,,,,,,,,,On,Connected,-53.000000,2462,52,,,,IWLAN
1441,1,,,-121.9331162,47.5260751,2026-01-23 21:07:37.000,_20260123_124628_CH04_TMO_5GNR_WFC_MT-REF-2_TC-157.dml,,,,,,,,,,,,,,,,,,,,,,,,,,,,,594,,,On,Connected,-53.000000,2462,52,,,,IWLAN
1442,1,,,-121.9331162,47.5260751,2026-01-23 21:07:38.000,_20260123_124628_CH04_TMO_5GNR_WFC_MT-REF-2_TC-157.dml,,,,,,,,,,,,,,,,,,,,,,,,,,,,,,,,On,Connected,-61.000000,2462,52,,,,IWLAN
1443,1,,,-121.9331162,47.5260751,2026-01-23 21:07:39.000,_20260123_124628_CH04_TMO_5GNR_WFC_MT-REF-2_TC-157.dml,,,,,,,,,,,,,,,,,,,,,,,,,,,,,,,,On,Connected,-61.000000,2462,52,,,,IWLAN
1444,1,,,-121.9331162,47.5260751,2026-01-23 21:07:40.000,_20260123_124628_CH04_TMO_5GNR_WFC_MT-REF-2_TC-157.dml,,,,,,,,,,,,,,,,,,,,,,,,,,,,,594,,,On,Connected,-61.000000,2462,52,,,,IWLAN
1445,1,,,-121.9331162,47.5260751,2026-01-23 21:07:41.000,_20260123_124628_CH04_TMO_5GNR_WFC_MT-REF-2_TC-157.dml,,,,,,,,,,,,,,,,,,,,,,,,,,,,,,,,On,Connected,-54.000000,2462,52,,,,IWLAN
1446,1,,,-121.9331162,47.5260751,2026-01-23 21:07:42.000,_20260123_124628_CH04_TMO_5GNR_WFC_MT-REF-2_TC-157.dml,,,,,,,,,,,,,,,,,,,,,,,,,,,,,,,,On,Connected,-54.000000,2462,52,,,,IWLAN
1447,1,,,-121.9331162,47.5260751,2026-01-23 21:07:43.000,_20260123_124628_CH04_TMO_5GNR_WFC_MT-REF-2_TC-157.dml,,,,,,,,,,,,,,,,,,,,,,,,,,,,,594,,,On,Connected,-54.000000,2462,52,,,,IWLAN
1448,1,,,-121.9331162,47.5260751,2026-01-23 21:07:44.000,_20260123_124628_CH04_TMO_5GNR_WFC_MT-REF-2_TC-157.dml,,,,,,,,,,,,,,,,,,,,,,,,,,,,,,,,On,Connected,-56.000000,2462,52,,,,IWLAN
1449,1,,,-121.9331162,47.5260751,2026-01-23 21:07:45.000,_20260123_124628_CH04_TMO_5GNR_WFC_MT-REF-2_TC-157.dml,,,,,,,,,,,,,,,,,,,,,,,,,,,,,594,,,On,Connected,-56.000000,2462,52,,,,IWLAN
1450,1,,,-121.9331162,47.5260751,2026-01-23 21:07:46.000,_20260123_124628_CH04_TMO_5GNR_WFC_MT-REF-2_TC-157.dml,,,,,,,,,,,,,,,,,,,,,,,,,,,,,,,,On,Connected,-56.000000,2462,52,,,,IWLAN
1451,1,,,-121.9331162,47.5260751,2026-01-23 21:07:47.000,_20260123_124628_CH04_TMO_5GNR_WFC_MT-REF-2_TC-157.dml,,,,,,,,,,,,,,,,,,,,,,,,,,,,,,,,On,Connected,-63.000000,2462,52,,,,IWLAN
1452,1,,,-121.9331162,47.5260751,2026-01-23 21:07:48.000,_20260123_124628_CH04_TMO_5GNR_WFC_MT-REF-2_TC-157.dml,,,,,,,,,,,,,,,,,,,,,,,,,,,,,594,,,On,Connected,-63.000000,2462,52,,,,IWLAN
1453,1,,,-121.9331162,47.5260751,2026-01-23 21:07:49.000,_20260123_124628_CH04_TMO_5GNR_WFC_MT-REF-2_TC-157.dml,,,,,,,,,,,,,,,,,,,,,,,,,,,,,,,,On,Connected,-63.000000,2462,52,,,,IWLAN
1454,1,,,-121.9331162,47.5260751,2026-01-23 21:07:50.000,_20260123_124628_CH04_TMO_5GNR_WFC_MT-REF-2_TC-157.dml,,,,,,,,,,,,,,,,,,,,,,,,,,,,,594,,,On,Connected,-62.000000,2462,52,,,,IWLAN
1455,1,,,-121.9331162,47.5260751,2026-01-23 21:07:51.000,_20260123_124628_CH04_TMO_5GNR_WFC_MT-REF-2_TC-157.dml,,,,,,,,,,,,,,,,,,,,,,,,,,,,,,,,On,Connected,-62.000000,2462,52,,,,IWLAN
1456,1,,,-121.9331162,47.5260751,2026-01-23 21:07:52.000,_20260123_124628_CH04_TMO_5GNR_WFC_MT-REF-2_TC-157.dml,,,,,,,,,,,,,,,,,,,,,,,,,,,,,,,,On,Connected,-62.000000,2462,52,,,,IWLAN
1457,1,,,-121.9331162,47.5260751,2026-01-23 21:07:53.000,_20260123_124628_CH04_TMO_5GNR_WFC_MT-REF-2_TC-157.dml,,,,,,,,,,,,,,,,,,,,,,,,,,,,,594,,,On,Connected,-61.000000,2462,52,,,,IWLAN
1458,1,,,-121.9331162,47.5260751,2026-01-23 21:07:54.000,_20260123_124628_CH04_TMO_5GNR_WFC_MT-REF-2_TC-157.dml,,,,,,,,,,,,,,,,,,,,,,,,,,,,,,,,On,Connected,-61.000000,2462,52,,,,IWLAN
1459,1,,,-121.9331162,47.5260751,2026-01-23 21:07:55.000,_20260123_124628_CH04_TMO_5GNR_WFC_MT-REF-2_TC-157.dml,,,,,,,,,,,,,,,,,,,,,,,,,,,,,594,,,On,Connected,-61.000000,2462,52,,,,IWLAN
1460,1,,,-121.9331162,47.5260751,2026-01-23 21:07:56.000,_20260123_124628_CH04_TMO_5GNR_WFC_MT-REF-2_TC-157.dml,,,,,,,,,,,,,,,,,,,,,,,,,,,,,,,,On,Connected,-58.000000,2462,58,,,,IWLAN
1461,1,,,-121.9331162,47.5260751,2026-01-23 21:07:57.000,_20260123_124628_CH04_TMO_5GNR_WFC_MT-REF-2_TC-157.dml,,,,,,,,,,,,,,,,,,,,,,,,,,,,,,,,On,Connected,-58.000000,2462,58,,,,IWLAN
1462,1,,,-121.9331162,47.5260751,2026-01-23 21:07:58.000,_20260123_124628_CH04_TMO_5GNR_WFC_MT-REF-2_TC-157.dml,,,,,,,,,,,,,,,,,,,,,,,,,,,,,594,,,On,Connected,-58.000000,2462,58,,,,IWLAN
1463,1,,,-121.9331162,47.5260751,2026-01-23 21:07:59.000,_20260123_124628_CH04_TMO_5GNR_WFC_MT-REF-2_TC-157.dml,,,,,,,,,,,,,,,,,,,,,,,,,,,,,,,,On,Connected,-60.000000,2462,52,,,,IWLAN
1464,1,,,-121.9331162,47.5260751,2026-01-23 21:08:00.000,_20260123_124628_CH04_TMO_5GNR_WFC_MT-REF-2_TC-157.dml,,,,,,,,,,,,,,,,,,,,,,,,,,,,,594,,,On,Connected,-60.000000,2462,52,,,,IWLAN
1465,1,,,-121.9331162,47.5260751,2026-01-23 21:08:01.000,_20260123_124628_CH04_TMO_5GNR_WFC_MT-REF-2_TC-157.dml,,,,,,,,,,,,,,,,,,,,,,,,,,,,,,,,On,Connected,-60.000000,2462,52,,,,IWLAN
1466,1,,,-121.9331162,47.5260751,2026-01-23 21:08:02.000,_20260123_124628_CH04_TMO_5GNR_WFC_MT-REF-2_TC-157.dml,,,,,,,,,,,,,,,,,,,,,,,,,,,,,,,,On,Connected,-62.000000,2462,52,,,,IWLAN
1467,1,,,-121.9331162,47.5260751,2026-01-23 21:08:02.336,_20260123_124628_CH04_TMO_5GNR_WFC_MT-REF-2_TC-157.dml,,,,,,,,,,,,,,,,,,,,,,,[Tool] Voice - Release Call Request,,,,,,,,,,,,,,,,,
1468,1,,,-121.9331162,47.5260751,2026-01-23 21:08:02.474,_20260123_124628_CH04_TMO_5GNR_WFC_MT-REF-2_TC-157.dml,,,,,,,,,,,,,,,,,,,,,,,[Tool] Voice - Answer Request,,,,,,,,,,,,,,,,,
1469,1,,,-121.9331162,47.5260751,2026-01-23 21:08:03.000,_20260123_124628_CH04_TMO_5GNR_WFC_MT-REF-2_TC-157.dml,,,,,,,,,,,,,,,,,,,,,,,,,,,,,594,,,On,Connected,-62.000000,2462,52,,,,IWLAN
1470,1,,,-121.9331162,47.5260751,2026-01-23 21:08:04.000,_20260123_124628_CH04_TMO_5GNR_WFC_MT-REF-2_TC-157.dml,,,,,,,,,,,,,,,,,,,,,,,,,,,,,,,,On,Connected,-62.000000,2462,52,,,,IWLAN
1471,1,,,-121.9331162,47.5260751,2026-01-23 21:08:04.876,_20260123_124628_CH04_TMO_5GNR_WFC_MT-REF-2_TC-157.dml,,,,,,,,,,,,,,,,,,,,,,,[Tool] Voice - Call Scheduling End,,,,,,,,,,,,,,,,,
1472,1,,,-121.9331162,47.5260751,2026-01-23 21:08:04.876,_20260123_124628_CH04_TMO_5GNR_WFC_MT-REF-2_TC-157.dml,NR SA,Voice,Complete,NR SA,NR SA,Qualcomm,,354877970012475,,,,,,,,,Complete,Termination,Complete,,,,,,,,,90.672000,,,,,,,,,,EPSFB,,
1473,1,,,-121.9331162,47.5260751,2026-01-23 21:08:04.876,_20260123_124628_CH04_TMO_5GNR_WFC_MT-REF-2_TC-157.dml,,,,,,,,,,,,,,,,,,,,,,,[Tool] Voice - Release Call Request,,,,,,,,,,,,,,,,,
1474,1,,,-121.9331162,47.5260751,2026-01-23 21:08:05.000,_20260123_124628_CH04_TMO_5GNR_WFC_MT-REF-2_TC-157.dml,,,,,,,,,,,,,,,,,,,,,,,,,,,,,,,,On,Connected,-59.000000,2462,52,,,,IWLAN
1475,1,,,-121.9331162,47.5260751,2026-01-23 21:08:05.367,_20260123_124628_CH04_TMO_5GNR_WFC_MT-REF-2_TC-157.dml,,,,,,,,,,,,,,,,,,,,,,,[Tool] Voice - Call Scheduling Start(Term),,,,,,,,,,,,,,,,,
1476,1,,,-121.9331162,47.5260751,2026-01-23 21:08:05.367,_20260123_124628_CH04_TMO_5GNR_WFC_MT-REF-2_TC-157.dml,,,,,,,,,,,,,,,,,,,,,,,[Tool] Voice - Wait Page,,,,,,,,,,,,,,,,,
1477,1,,,-121.9331162,47.5260751,2026-01-23 21:08:06.000,_20260123_124628_CH04_TMO_5GNR_WFC_MT-REF-2_TC-157.dml,,,,,,,,,,,,,,,,,,,,,,,,,,,,,594,,,On,Connected,-59.000000,2462,52,,,,IWLAN
1478,1,,,-121.9331162,47.5260751,2026-01-23 21:08:07.000,_20260123_124628_CH04_TMO_5GNR_WFC_MT-REF-2_TC-157.dml,,,,,,,,,,,,,,,,,,,,,,,,,,,,,,,,On,Connected,-59.000000,2462,52,,,,IWLAN
1479,1,,,-121.9331162,47.5260751,2026-01-23 21:08:08.000,_20260123_124628_CH04_TMO_5GNR_WFC_MT-REF-2_TC-157.dml,,,,,,,,,,,,,,,,,,,,,,,,,,,,,594,,,On,Connected,-56.000000,2462,52,,,,IWLAN
1480,1,,,-121.9331162,47.5260751,2026-01-23 21:08:09.000,_20260123_124628_CH04_TMO_5GNR_WFC_MT-REF-2_TC-157.dml,,,,,,,,,,,,,,,,,,,,,,,,,,,,,,,,On,Connected,-56.000000,2462,52,,,,IWLAN
1481,1,,,-121.9331162,47.5260751,2026-01-23 21:08:10.000,_20260123_124628_CH04_TMO_5GNR_WFC_MT-REF-2_TC-157.dml,,,,,,,,,,,,,,,,,,,,,,,,,,,,,,,,On,Connected,-56.000000,2462,52,,,,IWLAN
1482,1,,,-121.9331162,47.5260751,2026-01-23 21:08:11.000,_20260123_124628_CH04_TMO_5GNR_WFC_MT-REF-2_TC-157.dml,,,,,,,,,,,,,,,,,,,,,,,,,,,,,594,,,On,Connected,-53.000000,2462,39,,,,IWLAN
1483,1,,,-121.9331162,47.5260751,2026-01-23 21:08:11.450,_20260123_124628_CH04_TMO_5GNR_WFC_MT-REF-2_TC-157.dml,,,,,,,,,,,,,,,,,,,,,,,[Tool] Voice - Answer Request,,,,,,,,,,,,,,,,,
1484,1,,,-121.9331162,47.5260751,2026-01-23 21:08:12.000,_20260123_124628_CH04_TMO_5GNR_WFC_MT-REF-2_TC-157.dml,,,,,,,,,,,,,,,,,,,,,,,,,,,,,,,,On,Connected,-53.000000,2462,39,,,,IWLAN
1485,1,,,-121.9331162,47.5260751,2026-01-23 21:08:12.544,_20260123_124628_CH04_TMO_5GNR_WFC_MT-REF-2_TC-157.dml,,,,,,,,,,,,,,,,,,,,,,,[UE]   Voice - Setup Success,,,,,,,,,,,,,,,,,
1486,1,,,-121.9331162,47.5260751,2026-01-23 21:08:13.000,_20260123_124628_CH04_TMO_5GNR_WFC_MT-REF-2_TC-157.dml,,,,,,,,,,NR SA,,,,,,,,,,,,,,,,,,,594,,,On,Connected,-53.000000,2462,39,,,,IWLAN
1487,1,,,-121.9331162,47.5260751,2026-01-23 21:08:14.000,_20260123_124628_CH04_TMO_5GNR_WFC_MT-REF-2_TC-157.dml,,,,,,,,,,NR SA,,,,,,,,,,,,,,,,,,,,,,On,Connected,-52.000000,2462,39,,,,IWLAN
1488,1,,,-121.9331162,47.5260751,2026-01-23 21:08:15.000,_20260123_124628_CH04_TMO_5GNR_WFC_MT-REF-2_TC-157.dml,,,,,,,,,,NR SA,,,,,,,,,,,,,,,,,,,,,,On,Connected,-52.000000,2462,39,,,,IWLAN
1489,1,,,-121.9331162,47.5260751,2026-01-23 21:08:16.000,_20260123_124628_CH04_TMO_5GNR_WFC_MT-REF-2_TC-157.dml,,,,,,,,,,NR SA,,,,,,,,,,,,,,,,,,,594,,,On,Connected,-52.000000,2462,39,,,,IWLAN
1490,1,,,-121.9331162,47.5260751,2026-01-23 21:08:17.000,_20260123_124628_CH04_TMO_5GNR_WFC_MT-REF-2_TC-157.dml,,,,,,,,,,NR SA,,,,,,,,,,,,,,,,,,,,,,On,Connected,-54.000000,2462,39,,,,IWLAN
1491,1,,,-121.9331162,47.5260751,2026-01-23 21:08:18.000,_20260123_124628_CH04_TMO_5GNR_WFC_MT-REF-2_TC-157.dml,,,,,,,,,,NR SA,,,,,,,,,,,,,,,,,,,594,,,On,Connected,-54.000000,2462,39,,,,IWLAN
1492,1,,,-121.9331162,47.5260751,2026-01-23 21:08:19.000,_20260123_124628_CH04_TMO_5GNR_WFC_MT-REF-2_TC-157.dml,,,,,,,,,,NR SA,,,,,,,,,,,,,,,,,,,,,,On,Connected,-54.000000,2462,39,,,,IWLAN
1493,1,,,-121.9331162,47.5260751,2026-01-23 21:08:20.000,_20260123_124628_CH04_TMO_5GNR_WFC_MT-REF-2_TC-157.dml,,,,,,,,,,NR SA,,,,,,,,,,,,,,,,,,,,,,On,Connected,-53.000000,2462,39,,,,IWLAN
1494,1,,,-121.9331162,47.5260751,2026-01-23 21:08:21.000,_20260123_124628_CH04_TMO_5GNR_WFC_MT-REF-2_TC-157.dml,,,,,,,,,,NR SA,,,,,,,,,,,,,,,,,,,594,,,On,Connected,-53.000000,2462,39,,,,IWLAN
1495,1,,,-121.9331162,47.5260751,2026-01-23 21:08:22.000,_20260123_124628_CH04_TMO_5GNR_WFC_MT-REF-2_TC-157.dml,,,,,,,,,,NR SA,,,,,,,,,,,,,,,,,,,,,,On,Connected,-53.000000,2462,39,,,,IWLAN
1496,1,,,-121.9331162,47.5260751,2026-01-23 21:08:23.000,_20260123_124628_CH04_TMO_5GNR_WFC_MT-REF-2_TC-157.dml,,,,,,,,,,NR SA,,,,,,,,,,,,,,,,,,,,,2.008316,On,Connected,-54.000000,2462,39,,,,IWLAN
1497,1,,,-121.9331162,47.5260751,2026-01-23 21:08:24.000,_20260123_124628_CH04_TMO_5GNR_WFC_MT-REF-2_TC-157.dml,,,,,,,,,,NR SA,,,,,,,,,,,,,,,,,,,594,,2.008316,On,Connected,-54.000000,2462,39,,,,IWLAN
1498,1,,,-121.9331162,47.5260751,2026-01-23 21:08:25.000,_20260123_124628_CH04_TMO_5GNR_WFC_MT-REF-2_TC-157.dml,,,,,,,,,,NR SA,,,,,,,,,,,,,,,,,,,,,2.008316,On,Connected,-54.000000,2462,39,,,,IWLAN
1499,1,,,-121.9331162,47.5260751,2026-01-23 21:08:26.000,_20260123_124628_CH04_TMO_5GNR_WFC_MT-REF-2_TC-157.dml,,,,,,,,,,NR SA,,,,,,,,,,,,,,,,,,,594,,2.008316,On,Connected,-53.000000,2462,19,,,,IWLAN
1500,1,,,-121.9331162,47.5260751,2026-01-23 21:08:27.000,_20260123_124628_CH04_TMO_5GNR_WFC_MT-REF-2_TC-157.dml,,,,,,,,,,NR SA,,,,,,,,,,,,,,,,,,,,,2.008316,On,Connected,-53.000000,2462,19,,,,IWLAN
1501,1,,,-121.9331162,47.5260751,2026-01-23 21:08:28.000,_20260123_124628_CH04_TMO_5GNR_WFC_MT-REF-2_TC-157.dml,,,,,,,,,,NR SA,,,,,,,,,,,,,,,,,,,,,2.008316,,Connected,,,,,,,IWLAN
1502,1,,,-121.9331162,47.5260751,2026-01-23 21:08:29.000,_20260123_124628_CH04_TMO_5GNR_WFC_MT-REF-2_TC-157.dml,,,,,,,,,,NR SA,,,,,,,,,,,,,,,,,,,594,,2.008316,On,Connected,-53.000000,2462,39,,,,IWLAN
1503,1,,,-121.9331162,47.5260751,2026-01-23 21:08:30.000,_20260123_124628_CH04_TMO_5GNR_WFC_MT-REF-2_TC-157.dml,,,,,,,,,,NR SA,,,,,,,,,,,,,,,,,,,,,2.008316,On,Connected,-53.000000,2462,39,,,,IWLAN
1504,1,,,-121.9331162,47.5260751,2026-01-23 21:08:31.000,_20260123_124628_CH04_TMO_5GNR_WFC_MT-REF-2_TC-157.dml,,,,,,,,,,NR SA,,,,,,,,,,,,,,,,,,,594,,2.008316,On,Connected,-53.000000,2462,39,,,,IWLAN
1505,1,,,-121.9331162,47.5260751,2026-01-23 21:08:32.000,_20260123_124628_CH04_TMO_5GNR_WFC_MT-REF-2_TC-157.dml,,,,,,,,,,NR SA,,,,,,,,,,,,,,,,,,,,,2.008316,On,Connected,-53.000000,2462,52,,,,IWLAN
1506,1,,,-121.9331162,47.5260751,2026-01-23 21:08:33.000,_20260123_124628_CH04_TMO_5GNR_WFC_MT-REF-2_TC-157.dml,,,,,,,,,,NR SA,,,,,,,,,,,,,,,,,,,,,,On,Connected,-53.000000,2462,52,,,,IWLAN
1507,1,,,-121.9331162,47.5260751,2026-01-23 21:08:33.303,_20260123_124628_CH04_TMO_5GNR_WFC_MT-REF-2_TC-157.dml,,,,,,,,,,,,,,,,,,,,,,,,,,,,,,-69.455078,,,,,,,,,,
1508,1,,,-121.9331162,47.5260751,2026-01-23 21:08:34.000,_20260123_124628_CH04_TMO_5GNR_WFC_MT-REF-2_TC-157.dml,,,,,,,,,,NR SA,,,,,,,,,,,,,,,,,,,594,,,On,Connected,-53.000000,2462,52,,,,IWLAN
1509,1,,,-121.9331162,47.5260751,2026-01-23 21:08:35.000,_20260123_124628_CH04_TMO_5GNR_WFC_MT-REF-2_TC-157.dml,,,,,,,,,,NR SA,,,,,,,,,,,,,,,,,,,,,,On,Connected,-53.000000,2462,39,,,,IWLAN
1510,1,,,-121.9331162,47.5260751,2026-01-23 21:08:36.000,_20260123_124628_CH04_TMO_5GNR_WFC_MT-REF-2_TC-157.dml,,,,,,,,,,NR SA,,,,,,,,,,,,,,,,,,,594,,,On,Connected,-53.000000,2462,39,,,,IWLAN
1511,1,,,-121.9331162,47.5260751,2026-01-23 21:08:37.000,_20260123_124628_CH04_TMO_5GNR_WFC_MT-REF-2_TC-157.dml,,,,,,,,,,NR SA,,,,,,,,,,,,,,,,,,,,,,,Connected,,,,,,,IWLAN
1512,1,,,-121.9331162,47.5260751,2026-01-23 21:08:38.000,_20260123_124628_CH04_TMO_5GNR_WFC_MT-REF-2_TC-157.dml,,,,,,,,,,NR SA,,,,,,,,,,,,,,,,,,,,,,On,Connected,-53.000000,2462,39,,,,IWLAN
1513,1,,,-121.9331162,47.5260751,2026-01-23 21:08:39.000,_20260123_124628_CH04_TMO_5GNR_WFC_MT-REF-2_TC-157.dml,,,,,,,,,,NR SA,,,,,,,,,,,,,,,,,,,594,,,On,Connected,-53.000000,2462,39,,,,IWLAN
1514,1,,,-121.9331162,47.5260751,2026-01-23 21:08:40.000,_20260123_124628_CH04_TMO_5GNR_WFC_MT-REF-2_TC-157.dml,,,,,,,,,,NR SA,,,,,,,,,,,,,,,,,,,,,,On,Connected,-53.000000,2462,39,,,,IWLAN
1515,1,,,-121.9331162,47.5260751,2026-01-23 21:08:41.000,_20260123_124628_CH04_TMO_5GNR_WFC_MT-REF-2_TC-157.dml,,,,,,,,,,NR SA,,,,,,,,,,,,,,,,,,,594,,,On,Connected,-53.000000,2462,26,,,,IWLAN
1516,1,,,-121.9331162,47.5260751,2026-01-23 21:08:42.000,_20260123_124628_CH04_TMO_5GNR_WFC_MT-REF-2_TC-157.dml,,,,,,,,,,NR SA,,,,,,,,,,,,,,,,,,,,,,On,Connected,-53.000000,2462,26,,,,IWLAN
1517,1,,,-121.9331162,47.5260751,2026-01-23 21:08:43.000,_20260123_124628_CH04_TMO_5GNR_WFC_MT-REF-2_TC-157.dml,,,,,,,,,,NR SA,,,,,,,,,,,,,,,,,,,,,2.289970,On,Connected,-53.000000,2462,26,,,,IWLAN
1518,1,,,-121.9331162,47.5260751,2026-01-23 21:08:44.000,_20260123_124628_CH04_TMO_5GNR_WFC_MT-REF-2_TC-157.dml,,,,,,,,,,NR SA,,,,,,,,,,,,,,,,,,,594,,2.289970,,Connected,,,,,,,IWLAN
1519,1,,,-121.9331162,47.5260751,2026-01-23 21:08:45.000,_20260123_124628_CH04_TMO_5GNR_WFC_MT-REF-2_TC-157.dml,,,,,,,,,,NR SA,,,,,,,,,,,,,,,,,,,,,2.289970,On,Connected,-53.000000,2462,39,,,,IWLAN
1520,1,,,-121.9331162,47.5260751,2026-01-23 21:08:46.000,_20260123_124628_CH04_TMO_5GNR_WFC_MT-REF-2_TC-157.dml,,,,,,,,,,NR SA,,,,,,,,,,,,,,,,,,,594,,2.289970,On,Connected,-53.000000,2462,39,,,,IWLAN
1521,1,,,-121.9331162,47.5260751,2026-01-23 21:08:47.000,_20260123_124628_CH04_TMO_5GNR_WFC_MT-REF-2_TC-157.dml,,,,,,,,,,NR SA,,,,,,,,,,,,,,,,,,,,,2.289970,On,Connected,-53.000000,2462,39,,,,IWLAN
1522,1,,,-121.9331162,47.5260751,2026-01-23 21:08:48.000,_20260123_124628_CH04_TMO_5GNR_WFC_MT-REF-2_TC-157.dml,,,,,,,,,,NR SA,,,,,,,,,,,,,,,,,,,,,2.289970,On,Connected,-53.000000,2462,39,,,,IWLAN
1523,1,,,-121.9331162,47.5260751,2026-01-23 21:08:49.000,_20260123_124628_CH04_TMO_5GNR_WFC_MT-REF-2_TC-157.dml,,,,,,,,,,NR SA,,,,,,,,,,,,,,,,,,,594,,2.289970,On,Connected,-53.000000,2462,39,,,,IWLAN
1524,1,,,-121.9331162,47.5260751,2026-01-23 21:08:50.000,_20260123_124628_CH04_TMO_5GNR_WFC_MT-REF-2_TC-157.dml,,,,,,,,,,NR SA,,,,,,,,,,,,,,,,,,,594,,2.289970,On,Connected,-53.000000,2462,26,,,,IWLAN
1525,1,,,-121.9331162,47.5260751,2026-01-23 21:08:51.000,_20260123_124628_CH04_TMO_5GNR_WFC_MT-REF-2_TC-157.dml,,,,,,,,,,NR SA,,,,,,,,,,,,,,,,,,,,,2.289970,,Connected,,,,,,,IWLAN
1526,1,,,-121.9331162,47.5260751,2026-01-23 21:08:52.000,_20260123_124628_CH04_TMO_5GNR_WFC_MT-REF-2_TC-157.dml,,,,,,,,,,NR SA,,,,,,,,,,,,,,,,,,,,,2.289970,On,Connected,-53.000000,2462,26,,,,IWLAN
1527,1,,,-121.9331162,47.5260751,2026-01-23 21:08:53.000,_20260123_124628_CH04_TMO_5GNR_WFC_MT-REF-2_TC-157.dml,,,,,,,,,,NR SA,,,,,,,,,,,,,,,,,,,594,,,,Connected,,,,,,,IWLAN
1528,1,,,-121.9331162,47.5260751,2026-01-23 21:08:53.234,_20260123_124628_CH04_TMO_5GNR_WFC_MT-REF-2_TC-157.dml,,,,,,,,,,,,,,,,,,,,,,,,,,,,,,-72.434375,,,,,,,,,,
1529,1,,,-121.9331162,47.5260751,2026-01-23 21:08:54.000,_20260123_124628_CH04_TMO_5GNR_WFC_MT-REF-2_TC-157.dml,,,,,,,,,,NR SA,,,,,,,,,,,,,,,,,,,,,,On,Connected,-54.000000,2462,39,,,,IWLAN
1530,1,,,-121.9331162,47.5260751,2026-01-23 21:08:55.000,_20260123_124628_CH04_TMO_5GNR_WFC_MT-REF-2_TC-157.dml,,,,,,,,,,NR SA,,,,,,,,,,,,,,,,,,,594,,,On,Connected,-54.000000,2462,39,,,,IWLAN
1531,1,,,-121.9331162,47.5260751,2026-01-23 21:08:56.000,_20260123_124628_CH04_TMO_5GNR_WFC_MT-REF-2_TC-157.dml,,,,,,,,,,NR SA,,,,,,,,,,,,,,,,,,,,,,On,Connected,-52.000000,2462,26,,,,IWLAN
1532,1,,,-121.9331162,47.5260751,2026-01-23 21:08:57.000,_20260123_124628_CH04_TMO_5GNR_WFC_MT-REF-2_TC-157.dml,,,,,,,,,,NR SA,,,,,,,,,,,,,,,,,,,,,,On,Connected,-52.000000,2462,26,,,,IWLAN
1533,1,,,-121.9331162,47.5260751,2026-01-23 21:08:58.000,_20260123_124628_CH04_TMO_5GNR_WFC_MT-REF-2_TC-157.dml,,,,,,,,,,NR SA,,,,,,,,,,,,,,,,,,,594,,,,Connected,,,,,,,IWLAN
1534,1,,,-121.9331162,47.5260751,2026-01-23 21:08:59.000,_20260123_124628_CH04_TMO_5GNR_WFC_MT-REF-2_TC-157.dml,,,,,,,,,,NR SA,,,,,,,,,,,,,,,,,,,,,,On,Connected,-52.500000,2462,52,,,,IWLAN
1535,1,,,-121.9331162,47.5260751,2026-01-23 21:09:00.000,_20260123_124628_CH04_TMO_5GNR_WFC_MT-REF-2_TC-157.dml,,,,,,,,,,NR SA,,,,,,,,,,,,,,,,,,,,,,,Connected,,,,,,,IWLAN
1536,1,,,-121.9331162,47.5260751,2026-01-23 21:09:01.000,_20260123_124628_CH04_TMO_5GNR_WFC_MT-REF-2_TC-157.dml,,,,,,,,,,NR SA,,,,,,,,,,,,,,,,,,,594,,,On,Connected,-53.000000,2462,52,,,,IWLAN
1537,1,,,-121.9331162,47.5260751,2026-01-23 21:09:02.000,_20260123_124628_CH04_TMO_5GNR_WFC_MT-REF-2_TC-157.dml,,,,,,,,,,NR SA,,,,,,,,,,,,,,,,,,,,,,On,Connected,-52.000000,2462,19,,,,IWLAN
1538,1,,,-121.9331162,47.5260751,2026-01-23 21:09:03.000,_20260123_124628_CH04_TMO_5GNR_WFC_MT-REF-2_TC-157.dml,,,,,,,,,,NR SA,,,,,,,,,,,,,,,,,,,594,,2.700210,On,Connected,-52.000000,2462,19,,,,IWLAN
1539,1,,,-121.9331162,47.5260751,2026-01-23 21:09:04.000,_20260123_124628_CH04_TMO_5GNR_WFC_MT-REF-2_TC-157.dml,,,,,,,,,,NR SA,,,,,,,,,,,,,,,,,,,594,,2.700210,On,Connected,-52.000000,2462,19,,,,IWLAN
1540,1,,,-121.9331162,47.5260751,2026-01-23 21:09:05.000,_20260123_124628_CH04_TMO_5GNR_WFC_MT-REF-2_TC-157.dml,,,,,,,,,,NR SA,,,,,,,,,,,,,,,,,,,,,2.700210,On,Connected,-53.000000,2462,26,,,,IWLAN
1541,1,,,-121.9331162,47.5260751,2026-01-23 21:09:06.000,_20260123_124628_CH04_TMO_5GNR_WFC_MT-REF-2_TC-157.dml,,,,,,,,,,NR SA,,,,,,,,,,,,,,,,,,,594,,2.700210,On,Connected,-53.000000,2462,26,,,,IWLAN
1542,1,,,-121.9331162,47.5260751,2026-01-23 21:09:07.000,_20260123_124628_CH04_TMO_5GNR_WFC_MT-REF-2_TC-157.dml,,,,,,,,,,NR SA,,,,,,,,,,,,,,,,,,,,,2.700210,,Connected,,,,,,,IWLAN
1543,1,,,-121.9331162,47.5260751,2026-01-23 21:09:08.000,_20260123_124628_CH04_TMO_5GNR_WFC_MT-REF-2_TC-157.dml,,,,,,,,,,NR SA,,,,,,,,,,,,,,,,,,,594,,2.700210,On,Connected,-53.000000,2462,19,,,,IWLAN
1544,1,,,-121.9331162,47.5260751,2026-01-23 21:09:09.000,_20260123_124628_CH04_TMO_5GNR_WFC_MT-REF-2_TC-157.dml,,,,,,,,,,NR SA,,,,,,,,,,,,,,,,,,,,,2.700210,,Connected,,,,,,,IWLAN
1545,1,,,-121.9331162,47.5260751,2026-01-23 21:09:10.000,_20260123_124628_CH04_TMO_5GNR_WFC_MT-REF-2_TC-157.dml,,,,,,,,,,NR SA,,,,,,,,,,,,,,,,,,,,,2.700210,On,Connected,-53.000000,2462,19,,,,IWLAN
1546,1,,,-121.9331162,47.5260751,2026-01-23 21:09:11.000,_20260123_124628_CH04_TMO_5GNR_WFC_MT-REF-2_TC-157.dml,,,,,,,,,,NR SA,,,,,,,,,,,,,,,,,,,594,,2.700210,On,Connected,-53.000000,2462,19,,,,IWLAN
1547,1,,,-121.9331162,47.5260751,2026-01-23 21:09:12.000,_20260123_124628_CH04_TMO_5GNR_WFC_MT-REF-2_TC-157.dml,,,,,,,,,,NR SA,,,,,,,,,,,,,,,,,,,,,2.700210,On,Connected,-53.000000,2462,39,,,,IWLAN
1548,1,,,-121.9331162,47.5260751,2026-01-23 21:09:13.000,_20260123_124628_CH04_TMO_5GNR_WFC_MT-REF-2_TC-157.dml,,,,,,,,,,NR SA,,,,,,,,,,,,,,,,,,,594,,,On,Connected,-53.000000,2462,39,,,,IWLAN
1549,1,,,-121.9331162,47.5260751,2026-01-23 21:09:13.259,_20260123_124628_CH04_TMO_5GNR_WFC_MT-REF-2_TC-157.dml,,,,,,,,,,,,,,,,,,,,,,,,,,,,,,-70.891335,,,,,,,,,,
1550,1,,,-121.9331162,47.5260751,2026-01-23 21:09:14.000,_20260123_124628_CH04_TMO_5GNR_WFC_MT-REF-2_TC-157.dml,,,,,,,,,,NR SA,,,,,,,,,,,,,,,,,,,,,,On,Connected,-53.000000,2462,39,,,,IWLAN
1551,1,,,-121.9331162,47.5260751,2026-01-23 21:09:15.000,_20260123_124628_CH04_TMO_5GNR_WFC_MT-REF-2_TC-157.dml,,,,,,,,,,NR SA,,,,,,,,,,,,,,,,,,,,,,On,Connected,-54.000000,2462,19,,,,IWLAN
1552,1,,,-121.9331162,47.5260751,2026-01-23 21:09:16.000,_20260123_124628_CH04_TMO_5GNR_WFC_MT-REF-2_TC-157.dml,,,,,,,,,,NR SA,,,,,,,,,,,,,,,,,,,594,,,On,Connected,-54.000000,2462,19,,,,IWLAN
1553,1,,,-121.9331162,47.5260751,2026-01-23 21:09:17.000,_20260123_124628_CH04_TMO_5GNR_WFC_MT-REF-2_TC-157.dml,,,,,,,,,,NR SA,,,,,,,,,,,,,,,,,,,594,,,On,Connected,-54.000000,2462,19,,,,IWLAN
1554,1,,,-121.9331162,47.5260751,2026-01-23 21:09:18.000,_20260123_124628_CH04_TMO_5GNR_WFC_MT-REF-2_TC-157.dml,,,,,,,,,,NR SA,,,,,,,,,,,,,,,,,,,594,,,On,Connected,-52.000000,2462,39,,,,IWLAN
1555,1,,,-121.9331162,47.5260751,2026-01-23 21:09:19.000,_20260123_124628_CH04_TMO_5GNR_WFC_MT-REF-2_TC-157.dml,,,,,,,,,,NR SA,,,,,,,,,,,,,,,,,,,,,,On,Connected,-52.000000,2462,39,,,,IWLAN
1556,1,,,-121.9331162,47.5260751,2026-01-23 21:09:20.000,_20260123_124628_CH04_TMO_5GNR_WFC_MT-REF-2_TC-157.dml,,,,,,,,,,NR SA,,,,,,,,,,,,,,,,,,,594,,,On,Connected,-52.000000,2462,39,,,,IWLAN
1557,1,,,-121.9331162,47.5260751,2026-01-23 21:09:21.000,_20260123_124628_CH04_TMO_5GNR_WFC_MT-REF-2_TC-157.dml,,,,,,,,,,NR SA,,,,,,,,,,,,,,,,,,,,,,On,Connected,-53.000000,2462,39,,,,IWLAN
1558,1,,,-121.9331162,47.5260751,2026-01-23 21:09:22.000,_20260123_124628_CH04_TMO_5GNR_WFC_MT-REF-2_TC-157.dml,,,,,,,,,,NR SA,,,,,,,,,,,,,,,,,,,594,,,On,Connected,-53.000000,2462,39,,,,IWLAN
1559,1,,,-121.9331162,47.5260751,2026-01-23 21:09:23.000,_20260123_124628_CH04_TMO_5GNR_WFC_MT-REF-2_TC-157.dml,,,,,,,,,,NR SA,,,,,,,,,,,,,,,,,,,,,2.061086,On,Connected,-53.000000,2462,39,,,,IWLAN
1560,1,,,-121.9331162,47.5260751,2026-01-23 21:09:24.000,_20260123_124628_CH04_TMO_5GNR_WFC_MT-REF-2_TC-157.dml,,,,,,,,,,NR SA,,,,,,,,,,,,,,,,,,,,,2.061086,On,Connected,-53.000000,2462,52,,,,IWLAN
1561,1,,,-121.9331162,47.5260751,2026-01-23 21:09:25.000,_20260123_124628_CH04_TMO_5GNR_WFC_MT-REF-2_TC-157.dml,,,,,,,,,,NR SA,,,,,,,,,,,,,,,,,,,594,,2.061086,On,Connected,-53.000000,2462,52,,,,IWLAN
1562,1,,,-121.9331162,47.5260751,2026-01-23 21:09:26.000,_20260123_124628_CH04_TMO_5GNR_WFC_MT-REF-2_TC-157.dml,,,,,,,,,,NR SA,,,,,,,,,,,,,,,,,,,,,2.061086,On,Connected,-53.000000,2462,39,,,,IWLAN
1563,1,,,-121.9331162,47.5260751,2026-01-23 21:09:27.000,_20260123_124628_CH04_TMO_5GNR_WFC_MT-REF-2_TC-157.dml,,,,,,,,,,NR SA,,,,,,,,,,,,,,,,,,,594,,2.061086,,Connected,,,,,,,IWLAN
1564,1,,,-121.9331162,47.5260751,2026-01-23 21:09:28.000,_20260123_124628_CH04_TMO_5GNR_WFC_MT-REF-2_TC-157.dml,,,,,,,,,,NR SA,,,,,,,,,,,,,,,,,,,,,2.061086,On,Connected,-53.000000,2462,39,,,,IWLAN
1565,1,,,-121.9331162,47.5260751,2026-01-23 21:09:29.000,_20260123_124628_CH04_TMO_5GNR_WFC_MT-REF-2_TC-157.dml,,,,,,,,,,NR SA,,,,,,,,,,,,,,,,,,,,,2.061086,On,Connected,-53.000000,2462,39,,,,IWLAN
1566,1,,,-121.9331162,47.5260751,2026-01-23 21:09:30.000,_20260123_124628_CH04_TMO_5GNR_WFC_MT-REF-2_TC-157.dml,,,,,,,,,,NR SA,,,,,,,,,,,,,,,,,,,594,,2.061086,On,Connected,-57.000000,2462,39,,,,IWLAN
1567,1,,,-121.9331162,47.5260751,2026-01-23 21:09:31.000,_20260123_124628_CH04_TMO_5GNR_WFC_MT-REF-2_TC-157.dml,,,,,,,,,,NR SA,,,,,,,,,,,,,,,,,,,,,2.061086,On,Connected,-57.000000,2462,39,,,,IWLAN
1568,1,,,-121.9331162,47.5260751,2026-01-23 21:09:32.000,_20260123_124628_CH04_TMO_5GNR_WFC_MT-REF-2_TC-157.dml,,,,,,,,,,NR SA,,,,,,,,,,,,,,,,,,,,,2.061086,,Connected,,,,,,,IWLAN
1569,1,,,-121.9331162,47.5260751,2026-01-23 21:09:33.000,_20260123_124628_CH04_TMO_5GNR_WFC_MT-REF-2_TC-157.dml,,,,,,,,,,NR SA,,,,,,,,,,,,,,,,,,,594,,,On,Connected,-55.000000,2462,58,,,,IWLAN
1570,1,,,-121.9331162,47.5260751,2026-01-23 21:09:33.470,_20260123_124628_CH04_TMO_5GNR_WFC_MT-REF-2_TC-157.dml,,,,,,,,,,,,,,,,,,,,,,,,,,,,,,-71.873047,,,,,,,,,,
1571,1,,,-121.9331162,47.5260751,2026-01-23 21:09:34.000,_20260123_124628_CH04_TMO_5GNR_WFC_MT-REF-2_TC-157.dml,,,,,,,,,,NR SA,,,,,,,,,,,,,,,,,,,,,,On,Connected,-55.000000,2462,58,,,,IWLAN
1572,1,,,-121.9331162,47.5260751,2026-01-23 21:09:35.000,_20260123_124628_CH04_TMO_5GNR_WFC_MT-REF-2_TC-157.dml,,,,,,,,,,NR SA,,,,,,,,,,,,,,,,,,,594,,,On,Connected,-55.000000,2462,39,,,,IWLAN
1573,1,,,-121.9331162,47.5260751,2026-01-23 21:09:36.000,_20260123_124628_CH04_TMO_5GNR_WFC_MT-REF-2_TC-157.dml,,,,,,,,,,NR SA,,,,,,,,,,,,,,,,,,,,,,On,Connected,-55.000000,2462,39,,,,IWLAN
1574,1,,,-121.9331162,47.5260751,2026-01-23 21:09:37.000,_20260123_124628_CH04_TMO_5GNR_WFC_MT-REF-2_TC-157.dml,,,,,,,,,,NR SA,,,,,,,,,,,,,,,,,,,,,,On,Connected,-55.000000,2462,39,,,,IWLAN
1575,1,,,-121.9331162,47.5260751,2026-01-23 21:09:38.000,_20260123_124628_CH04_TMO_5GNR_WFC_MT-REF-2_TC-157.dml,,,,,,,,,,NR SA,,,,,,,,,,,,,,,,,,,594,,,On,Connected,-55.000000,2462,52,,,,IWLAN
1576,1,,,-121.9331162,47.5260751,2026-01-23 21:09:39.000,_20260123_124628_CH04_TMO_5GNR_WFC_MT-REF-2_TC-157.dml,,,,,,,,,,NR SA,,,,,,,,,,,,,,,,,,,594,,,,Connected,,,,,,,IWLAN
1577,1,,,-121.9331162,47.5260751,2026-01-23 21:09:40.000,_20260123_124628_CH04_TMO_5GNR_WFC_MT-REF-2_TC-157.dml,,,,,,,,,,NR SA,,,,,,,,,,,,,,,,,,,,,,On,Connected,-55.000000,2462,52,,,,IWLAN
1578,1,,,-121.9331162,47.5260751,2026-01-23 21:09:41.000,_20260123_124628_CH04_TMO_5GNR_WFC_MT-REF-2_TC-157.dml,,,,,,,,,,NR SA,,,,,,,,,,,,,,,,,,,,,,On,Connected,-55.000000,2462,52,,,,IWLAN
1579,1,,,-121.9331162,47.5260751,2026-01-23 21:09:42.000,_20260123_124628_CH04_TMO_5GNR_WFC_MT-REF-2_TC-157.dml,,,,,,,,,,NR SA,,,,,,,,,,,,,,,,,,,594,,,On,Connected,-55.000000,2462,39,,,,IWLAN
1580,1,,,-121.9331162,47.5260751,2026-01-23 21:09:42.579,_20260123_124628_CH04_TMO_5GNR_WFC_MT-REF-2_TC-157.dml,,,,,,,,,,,,,,,,,,,,,,,[Tool] Voice - Pair Channel Call Drop,,,,,,,,,,,,,,,,,
1581,1,,,-121.9331162,47.5260751,2026-01-23 21:09:42.579,_20260123_124628_CH04_TMO_5GNR_WFC_MT-REF-2_TC-157.dml,,,,,,,,,,,,,,,,,,,,,,,[Tool] Voice - Release Call Request,,,,,,,,,,,,,,,,,
1582,1,,,-121.9331162,47.5260751,2026-01-23 21:09:43.070,_20260123_124628_CH04_TMO_5GNR_WFC_MT-REF-2_TC-157.dml,,,,,,,,,,,,,,,,,,,,,,Complete,[Tool] Voice - Call Result : Complete,,,,,,,,,,,,,,,,,
1583,1,,,-121.9331162,47.5260751,2026-01-23 21:09:43.070,_20260123_124628_CH04_TMO_5GNR_WFC_MT-REF-2_TC-157.dml,,,,,,,,,,,,,,,,,,,,,,,[UE]   Voice - Release Call Success,,,,,,,,,,,,,,,,,
1584,1,,,-121.9331162,47.5260751,2026-01-23 21:09:43.000,_20260123_124628_CH04_TMO_5GNR_WFC_MT-REF-2_TC-157.dml,,,,,,,,,,,,,,,,,,,,,,,,1,,,,,,,,On,Connected,-55.000000,2462,39,,,,IWLAN
1585,1,,,-121.9331162,47.5260751,2026-01-23 21:09:44.000,_20260123_124628_CH04_TMO_5GNR_WFC_MT-REF-2_TC-157.dml,,,,,,,,,,,,,,,,,,,,,,,,,,,,,594,,,,Connected,,,,,,,IWLAN
1586,1,,,-121.9331162,47.5260751,2026-01-23 21:09:44.564,_20260123_124628_CH04_TMO_5GNR_WFC_MT-REF-2_TC-157.dml,,,,,,,,,,,,,,,,,,,,,,,[UE]   Voice - Release Call Success,,,,,,,,,,,,,,,,,
1587,1,,,-121.9331162,47.5260751,2026-01-23 21:09:45.000,_20260123_124628_CH04_TMO_5GNR_WFC_MT-REF-2_TC-157.dml,,,,,,,,,,,,,,,,,,,,,,,,,,,,,,,,On,Connected,-59.000000,2462,52,,,,IWLAN
1588,1,,,-121.9331162,47.5260751,2026-01-23 21:09:46.000,_20260123_124628_CH04_TMO_5GNR_WFC_MT-REF-2_TC-157.dml,,,,,,,,,,,,,,,,,,,,,,,,,,,,,,,,,Connected,,,,,,,IWLAN
1589,1,,,-121.9331162,47.5260751,2026-01-23 21:09:47.000,_20260123_124628_CH04_TMO_5GNR_WFC_MT-REF-2_TC-157.dml,,,,,,,,,,,,,,,,,,,,,,,,,,,,,594,,,On,Connected,-59.000000,2462,52,,,,IWLAN
1590,1,,,-121.9331162,47.5260751,2026-01-23 21:09:48.000,_20260123_124628_CH04_TMO_5GNR_WFC_MT-REF-2_TC-157.dml,,,,,,,,,,,,,,,,,,,,,,,,,,,,,,,,On,Connected,-61.000000,2462,52,,,,IWLAN
1591,1,,,-121.9331162,47.5260751,2026-01-23 21:09:49.000,_20260123_124628_CH04_TMO_5GNR_WFC_MT-REF-2_TC-157.dml,,,,,,,,,,,,,,,,,,,,,,,,,,,,,594,,,On,Connected,-61.000000,2462,52,,,,IWLAN
1592,1,,,-121.9331162,47.5260751,2026-01-23 21:09:50.000,_20260123_124628_CH04_TMO_5GNR_WFC_MT-REF-2_TC-157.dml,,,,,,,,,,,,,,,,,,,,,,,,,,,,,594,,,On,Connected,-61.000000,2462,52,,,,IWLAN
1593,1,,,-121.9331162,47.5260751,2026-01-23 21:09:51.000,_20260123_124628_CH04_TMO_5GNR_WFC_MT-REF-2_TC-157.dml,,,,,,,,,,,,,,,,,,,,,,,,,,,,,,,,On,Connected,-62.000000,2462,52,,,,IWLAN
1594,1,,,-121.9331162,47.5260751,2026-01-23 21:09:52.000,_20260123_124628_CH04_TMO_5GNR_WFC_MT-REF-2_TC-157.dml,,,,,,,,,,,,,,,,,,,,,,,,,,,,,,,,On,Connected,-62.000000,2462,52,,,,IWLAN
1595,1,,,-121.9331162,47.5260751,2026-01-23 21:09:53.000,_20260123_124628_CH04_TMO_5GNR_WFC_MT-REF-2_TC-157.dml,,,,,,,,,,,,,,,,,,,,,,,,,,,,,594,,,,Connected,,,,,,,IWLAN
1596,1,,,-121.9331162,47.5260751,2026-01-23 21:09:54.000,_20260123_124628_CH04_TMO_5GNR_WFC_MT-REF-2_TC-157.dml,,,,,,,,,,,,,,,,,,,,,,,,,,,,,,,,On,Connected,-63.000000,2462,52,,,,IWLAN
1597,1,,,-121.9331162,47.5260751,2026-01-23 21:09:55.000,_20260123_124628_CH04_TMO_5GNR_WFC_MT-REF-2_TC-157.dml,,,,,,,,,,,,,,,,,,,,,,,,,,,,,,,,On,Connected,-63.000000,2462,52,,,,IWLAN
1598,1,,,-121.9331162,47.5260751,2026-01-23 21:09:56.000,_20260123_124628_CH04_TMO_5GNR_WFC_MT-REF-2_TC-157.dml,,,,,,,,,,,,,,,,,,,,,,,,,,,,,594,,,On,Connected,-64.000000,2462,52,,,,IWLAN
1599,1,,,-121.9331162,47.5260751,2026-01-23 21:09:57.000,_20260123_124628_CH04_TMO_5GNR_WFC_MT-REF-2_TC-157.dml,,,,,,,,,,,,,,,,,,,,,,,,,,,,,,,,,Connected,,,,,,,IWLAN
1600,1,,,-121.9331162,47.5260751,2026-01-23 21:09:58.000,_20260123_124628_CH04_TMO_5GNR_WFC_MT-REF-2_TC-157.dml,,,,,,,,,,,,,,,,,,,,,,,,,,,,,594,,,On,Connected,-65.000000,2462,52,,,,IWLAN
1601,1,,,-121.9331162,47.5260751,2026-01-23 21:09:59.000,_20260123_124628_CH04_TMO_5GNR_WFC_MT-REF-2_TC-157.dml,,,,,,,,,,,,,,,,,,,,,,,,,,,,,,,,On,Connected,-65.000000,2462,52,,,,IWLAN
1602,1,,,-121.9331162,47.5260751,2026-01-23 21:10:00.000,_20260123_124628_CH04_TMO_5GNR_WFC_MT-REF-2_TC-157.dml,,,,,,,,,,,,,,,,,,,,,,,,,,,,,,,,On,Connected,-63.000000,2462,52,,,,IWLAN
1603,1,,,-121.9331162,47.5260751,2026-01-23 21:10:01.000,_20260123_124628_CH04_TMO_5GNR_WFC_MT-REF-2_TC-157.dml,,,,,,,,,,,,,,,,,,,,,,,,,,,,,594,,,On,Connected,-63.000000,2462,52,,,,IWLAN
1604,1,,,-121.9331162,47.5260751,2026-01-23 21:10:02.000,_20260123_124628_CH04_TMO_5GNR_WFC_MT-REF-2_TC-157.dml,,,,,,,,,,,,,,,,,,,,,,,,,,,,,,,,On,Connected,-63.000000,2462,52,,,,IWLAN
1605,1,,,-121.9331162,47.5260751,2026-01-23 21:10:03.000,_20260123_124628_CH04_TMO_5GNR_WFC_MT-REF-2_TC-157.dml,,,,,,,,,,,,,,,,,,,,,,,,,,,,,594,,,On,Connected,-58.000000,2462,52,,,,IWLAN
1606,1,,,-121.9331162,47.5260751,2026-01-23 21:10:04.000,_20260123_124628_CH04_TMO_5GNR_WFC_MT-REF-2_TC-157.dml,,,,,,,,,,,,,,,,,,,,,,,,,,,,,,,,On,Connected,-58.000000,2462,52,,,,IWLAN
1607,1,,,-121.9331162,47.5260751,2026-01-23 21:10:05.000,_20260123_124628_CH04_TMO_5GNR_WFC_MT-REF-2_TC-157.dml,,,,,,,,,,,,,,,,,,,,,,,,,,,,,,,,On,Connected,-58.000000,2462,52,,,,IWLAN
1608,1,,,-121.9331162,47.5260751,2026-01-23 21:10:06.000,_20260123_124628_CH04_TMO_5GNR_WFC_MT-REF-2_TC-157.dml,,,,,,,,,,,,,,,,,,,,,,,,,,,,,594,,,On,Connected,-61.000000,2462,52,,,,IWLAN
1609,1,,,-121.9331162,47.5260751,2026-01-23 21:10:07.000,_20260123_124628_CH04_TMO_5GNR_WFC_MT-REF-2_TC-157.dml,,,,,,,,,,,,,,,,,,,,,,,,,,,,,,,,On,Connected,-61.000000,2462,52,,,,IWLAN
1610,1,,,-121.9331162,47.5260751,2026-01-23 21:10:08.000,_20260123_124628_CH04_TMO_5GNR_WFC_MT-REF-2_TC-157.dml,,,,,,,,,,,,,,,,,,,,,,,,,,,,,594,,,On,Connected,-61.000000,2462,52,,,,IWLAN
1611,1,,,-121.9331162,47.5260751,2026-01-23 21:10:09.000,_20260123_124628_CH04_TMO_5GNR_WFC_MT-REF-2_TC-157.dml,,,,,,,,,,,,,,,,,,,,,,,,,,,,,,,,On,Connected,-56.000000,2462,52,,,,IWLAN
1612,1,,,-121.9331162,47.5260751,2026-01-23 21:10:10.000,_20260123_124628_CH04_TMO_5GNR_WFC_MT-REF-2_TC-157.dml,,,,,,,,,,,,,,,,,,,,,,,,,,,,,594,,,On,Connected,-56.000000,2462,52,,,,IWLAN
1613,1,,,-121.9331162,47.5260751,2026-01-23 21:10:10.870,_20260123_124628_CH04_TMO_5GNR_WFC_MT-REF-2_TC-157.dml,,,,,,,,,,,,,,,,,,,,,,,[Tool] Voice - Release Call Request,,,,,,,,,,,,,,,,,
1614,1,,,-121.9331162,47.5260751,2026-01-23 21:10:11.011,_20260123_124628_CH04_TMO_5GNR_WFC_MT-REF-2_TC-157.dml,,,,,,,,,,,,,,,,,,,,,,,[Tool] Voice - Answer Request,,,,,,,,,,,,,,,,,
1615,1,,,-121.9331162,47.5260751,2026-01-23 21:10:11.000,_20260123_124628_CH04_TMO_5GNR_WFC_MT-REF-2_TC-157.dml,,,,,,,,,,,,,,,,,,,,,,,,,,,,,,,,On,Connected,-56.000000,2462,52,,,,IWLAN
1616,1,,,-121.9331162,47.5260751,2026-01-23 21:10:12.000,_20260123_124628_CH04_TMO_5GNR_WFC_MT-REF-2_TC-157.dml,,,,,,,,,,,,,,,,,,,,,,,,,,,,,594,,,On,Connected,-54.000000,2462,52,,,,IWLAN
1617,1,,,-121.9331162,47.5260751,2026-01-23 21:10:13.000,_20260123_124628_CH04_TMO_5GNR_WFC_MT-REF-2_TC-157.dml,,,,,,,,,,,,,,,,,,,,,,,,,,,,,,,,On,Connected,-54.000000,2462,52,,,,IWLAN
1618,1,,,-121.9331162,47.5260751,2026-01-23 21:10:13.173,_20260123_124628_CH04_TMO_5GNR_WFC_MT-REF-2_TC-157.dml,,,,,,,,,,,,,,,,,,,,,,,[Tool] Voice - Call Scheduling End,,,,,,,,,,,,,,,,,
1619,1,,,-121.9331162,47.5260751,2026-01-23 21:10:13.173,_20260123_124628_CH04_TMO_5GNR_WFC_MT-REF-2_TC-157.dml,NR SA,Voice,Complete,NR SA,NR SA,Qualcomm,,354877970012475,,,,,,,,,Complete,Termination,Complete,,,,,,,,,90.035000,,,,,,,,,,EPSFB,,
1620,1,,,-121.9331162,47.5260751,2026-01-23 21:10:13.173,_20260123_124628_CH04_TMO_5GNR_WFC_MT-REF-2_TC-157.dml,,,,,,,,,,,,,,,,,,,,,,,[Tool] Voice - Release Call Request,,,,,,,,,,,,,,,,,
1621,1,,,-121.9331162,47.5260751,2026-01-23 21:10:13.882,_20260123_124628_CH04_TMO_5GNR_WFC_MT-REF-2_TC-157.dml,,,,,,,,,,,,,,,,,,,,,,,[Tool] Voice - Call Scheduling Start(Term),,,,,,,,,,,,,,,,,
1622,1,,,-121.9331162,47.5260751,2026-01-23 21:10:13.882,_20260123_124628_CH04_TMO_5GNR_WFC_MT-REF-2_TC-157.dml,,,,,,,,,,,,,,,,,,,,,,,[Tool] Voice - Wait Page,,,,,,,,,,,,,,,,,
1623,1,,,-121.9331162,47.5260751,2026-01-23 21:10:14.000,_20260123_124628_CH04_TMO_5GNR_WFC_MT-REF-2_TC-157.dml,,,,,,,,,,,,,,,,,,,,,,,,,,,,,,,,On,Connected,-54.000000,2462,52,,,,IWLAN
1624,1,,,-121.9331162,47.5260751,2026-01-23 21:10:15.000,_20260123_124628_CH04_TMO_5GNR_WFC_MT-REF-2_TC-157.dml,,,,,,,,,,,,,,,,,,,,,,,,,,,,,594,,,On,Connected,-54.000000,2462,52,,,,IWLAN
1625,1,,,-121.9331162,47.5260751,2026-01-23 21:10:16.000,_20260123_124628_CH04_TMO_5GNR_WFC_MT-REF-2_TC-157.dml,,,,,,,,,,,,,,,,,,,,,,,,,,,,,,,,On,Connected,-54.000000,2462,52,,,,IWLAN
1626,1,,,-121.9331162,47.5260751,2026-01-23 21:10:17.249,_20260123_124628_CH04_TMO_5GNR_WFC_MT-REF-2_TC-157.dml,,,,,,,,,,,,,,,,,,,,,,,[Tool] Voice - Answer Request,,,,,,,,,,,,,,,,,
1627,1,,,-121.9331162,47.5260751,2026-01-23 21:10:17.000,_20260123_124628_CH04_TMO_5GNR_WFC_MT-REF-2_TC-157.dml,,,,,,,,,,,,,,,,,,,,,,,,,,,,,594,,,On,Connected,-54.000000,2462,52,,,,IWLAN
1628,1,,,-121.9331162,47.5260751,2026-01-23 21:10:18.000,_20260123_124628_CH04_TMO_5GNR_WFC_MT-REF-2_TC-157.dml,,,,,,,,,,,,,,,,,,,,,,,,,,,,,,,,On,Connected,-57.000000,2462,39,,,,IWLAN
1629,1,,,-121.9331162,47.5260751,2026-01-23 21:10:18.411,_20260123_124628_CH04_TMO_5GNR_WFC_MT-REF-2_TC-157.dml,,,,,,,,,,,,,,,,,,,,,,,[Tool] Voice - Answer Request,,,,,,,,,,,,,,,,,
1630,1,,,-121.9331162,47.5260751,2026-01-23 21:10:19.109,_20260123_124628_CH04_TMO_5GNR_WFC_MT-REF-2_TC-157.dml,,,,,,,,,,,,,,,,,,,,,,,[UE]   Voice - Setup Success,,,,,,,,,,,,,,,,,
1631,1,,,-121.9331162,47.5260751,2026-01-23 21:10:19.000,_20260123_124628_CH04_TMO_5GNR_WFC_MT-REF-2_TC-157.dml,,,,,,,,,,NR SA,,,,,,,,,,,,,,,,,,,,,,On,Connected,-57.000000,2462,39,,,,IWLAN
1632,1,,,-121.9331162,47.5260751,2026-01-23 21:10:20.000,_20260123_124628_CH04_TMO_5GNR_WFC_MT-REF-2_TC-157.dml,,,,,,,,,,NR SA,,,,,,,,,,,,,,,,,,,594,,,On,Connected,-57.000000,2462,39,,,,IWLAN
1633,1,,,-121.9331162,47.5260751,2026-01-23 21:10:21.000,_20260123_124628_CH04_TMO_5GNR_WFC_MT-REF-2_TC-157.dml,,,,,,,,,,NR SA,,,,,,,,,,,,,,,,,,,594,,,On,Connected,-54.000000,2462,39,,,,IWLAN
1634,1,,,-121.9331162,47.5260751,2026-01-23 21:10:22.000,_20260123_124628_CH04_TMO_5GNR_WFC_MT-REF-2_TC-157.dml,,,,,,,,,,NR SA,,,,,,,,,,,,,,,,,,,,,,On,Connected,-54.000000,2462,39,,,,IWLAN
1635,1,,,-121.9331162,47.5260751,2026-01-23 21:10:23.000,_20260123_124628_CH04_TMO_5GNR_WFC_MT-REF-2_TC-157.dml,,,,,,,,,,NR SA,,,,,,,,,,,,,,,,,,,,,,On,Connected,-54.000000,2462,39,,,,IWLAN
1636,1,,,-121.9331162,47.5260751,2026-01-23 21:10:24.000,_20260123_124628_CH04_TMO_5GNR_WFC_MT-REF-2_TC-157.dml,,,,,,,,,,NR SA,,,,,,,,,,,,,,,,,,,594,,,On,Connected,-53.000000,2462,39,,,,IWLAN
1637,1,,,-121.9331162,47.5260751,2026-01-23 21:10:25.000,_20260123_124628_CH04_TMO_5GNR_WFC_MT-REF-2_TC-157.dml,,,,,,,,,,NR SA,,,,,,,,,,,,,,,,,,,594,,,On,Connected,-53.000000,2462,39,,,,IWLAN
1638,1,,,-121.9331162,47.5260751,2026-01-23 21:10:26.000,_20260123_124628_CH04_TMO_5GNR_WFC_MT-REF-2_TC-157.dml,,,,,,,,,,NR SA,,,,,,,,,,,,,,,,,,,,,,On,Connected,-53.000000,2462,39,,,,IWLAN
1639,1,,,-121.9331162,47.5260751,2026-01-23 21:10:27.000,_20260123_124628_CH04_TMO_5GNR_WFC_MT-REF-2_TC-157.dml,,,,,,,,,,NR SA,,,,,,,,,,,,,,,,,,,,,,On,Connected,-54.000000,2462,39,,,,IWLAN
1640,1,,,-121.9331162,47.5260751,2026-01-23 21:10:28.000,_20260123_124628_CH04_TMO_5GNR_WFC_MT-REF-2_TC-157.dml,,,,,,,,,,NR SA,,,,,,,,,,,,,,,,,,,594,,,On,Connected,-54.000000,2462,39,,,,IWLAN
1641,1,,,-121.9331162,47.5260751,2026-01-23 21:10:29.000,_20260123_124628_CH04_TMO_5GNR_WFC_MT-REF-2_TC-157.dml,,,,,,,,,,NR SA,,,,,,,,,,,,,,,,,,,,,,,Connected,,,,,,,IWLAN
1642,1,,,-121.9331162,47.5260751,2026-01-23 21:10:30.000,_20260123_124628_CH04_TMO_5GNR_WFC_MT-REF-2_TC-157.dml,,,,,,,,,,NR SA,,,,,,,,,,,,,,,,,,,594,,1.962829,On,Connected,-53.000000,2462,39,,,,IWLAN
1643,1,,,-121.9331162,47.5260751,2026-01-23 21:10:31.000,_20260123_124628_CH04_TMO_5GNR_WFC_MT-REF-2_TC-157.dml,,,,,,,,,,NR SA,,,,,,,,,,,,,,,,,,,594,,1.962829,On,Connected,-53.000000,2462,39,,,,IWLAN
1644,1,,,-121.9331162,47.5260751,2026-01-23 21:10:32.000,_20260123_124628_CH04_TMO_5GNR_WFC_MT-REF-2_TC-157.dml,,,,,,,,,,NR SA,,,,,,,,,,,,,,,,,,,,,1.962829,On,Connected,-53.000000,2462,39,,,,IWLAN
1645,1,,,-121.9331162,47.5260751,2026-01-23 21:10:33.000,_20260123_124628_CH04_TMO_5GNR_WFC_MT-REF-2_TC-157.dml,,,,,,,,,,NR SA,,,,,,,,,,,,,,,,,,,,,1.962829,On,Connected,-52.000000,2462,19,,,,IWLAN
1646,1,,,-121.9331162,47.5260751,2026-01-23 21:10:34.000,_20260123_124628_CH04_TMO_5GNR_WFC_MT-REF-2_TC-157.dml,,,,,,,,,,NR SA,,,,,,,,,,,,,,,,,,,594,,1.962829,On,Connected,-52.000000,2462,19,,,,IWLAN
1647,1,,,-121.9331162,47.5260751,2026-01-23 21:10:35.000,_20260123_124628_CH04_TMO_5GNR_WFC_MT-REF-2_TC-157.dml,,,,,,,,,,NR SA,,,,,,,,,,,,,,,,,,,,,1.962829,On,Connected,-52.000000,2462,19,,,,IWLAN
1648,1,,,-121.9331162,47.5260751,2026-01-23 21:10:36.000,_20260123_124628_CH04_TMO_5GNR_WFC_MT-REF-2_TC-157.dml,,,,,,,,,,NR SA,,,,,,,,,,,,,,,,,,,,,1.962829,On,Connected,-54.000000,2462,39,,,,IWLAN
1649,1,,,-121.9331162,47.5260751,2026-01-23 21:10:37.000,_20260123_124628_CH04_TMO_5GNR_WFC_MT-REF-2_TC-157.dml,,,,,,,,,,NR SA,,,,,,,,,,,,,,,,,,,594,,1.962829,On,Connected,-54.000000,2462,39,,,,IWLAN
1650,1,,,-121.9331162,47.5260751,2026-01-23 21:10:38.000,_20260123_124628_CH04_TMO_5GNR_WFC_MT-REF-2_TC-157.dml,,,,,,,,,,NR SA,,,,,,,,,,,,,,,,,,,,,1.962829,On,Connected,-54.000000,2462,39,,,,IWLAN
1651,1,,,-121.9331162,47.5260751,2026-01-23 21:10:39.000,_20260123_124628_CH04_TMO_5GNR_WFC_MT-REF-2_TC-157.dml,,,,,,,,,,NR SA,,,,,,,,,,,,,,,,,,,594,,1.962829,On,Connected,-55.000000,2462,52,,,,IWLAN
1652,1,,,-121.9331162,47.5260751,2026-01-23 21:10:39.844,_20260123_124628_CH04_TMO_5GNR_WFC_MT-REF-2_TC-157.dml,,,,,,,,,,,,,,,,,,,,,,,,,,,,,,-77.368750,,,,,,,,,,
1653,1,,,-121.9331162,47.5260751,2026-01-23 21:10:40.000,_20260123_124628_CH04_TMO_5GNR_WFC_MT-REF-2_TC-157.dml,,,,,,,,,,NR SA,,,,,,,,,,,,,,,,,,,,,,On,Connected,-55.000000,2462,52,,,,IWLAN
1654,1,,,-121.9331162,47.5260751,2026-01-23 21:10:41.000,_20260123_124628_CH04_TMO_5GNR_WFC_MT-REF-2_TC-157.dml,,,,,,,,,,NR SA,,,,,,,,,,,,,,,,,,,,,,On,Connected,-55.000000,2462,52,,,,IWLAN
1655,1,,,-121.9331162,47.5260751,2026-01-23 21:10:42.000,_20260123_124628_CH04_TMO_5GNR_WFC_MT-REF-2_TC-157.dml,,,,,,,,,,NR SA,,,,,,,,,,,,,,,,,,,594,,,On,Connected,-55.000000,2462,39,,,,IWLAN
1656,1,,,-121.9331162,47.5260751,2026-01-23 21:10:43.000,_20260123_124628_CH04_TMO_5GNR_WFC_MT-REF-2_TC-157.dml,,,,,,,,,,NR SA,,,,,,,,,,,,,,,,,,,,,,On,Connected,-55.000000,2462,39,,,,IWLAN
1657,1,,,-121.9331162,47.5260751,2026-01-23 21:10:44.000,_20260123_124628_CH04_TMO_5GNR_WFC_MT-REF-2_TC-157.dml,,,,,,,,,,NR SA,,,,,,,,,,,,,,,,,,,594,,,On,Connected,-55.000000,2462,39,,,,IWLAN
1658,1,,,-121.9331162,47.5260751,2026-01-23 21:10:45.000,_20260123_124628_CH04_TMO_5GNR_WFC_MT-REF-2_TC-157.dml,,,,,,,,,,NR SA,,,,,,,,,,,,,,,,,,,,,,On,Connected,-55.000000,2462,26,,,,IWLAN
1659,1,,,-121.9331162,47.5260751,2026-01-23 21:10:46.000,_20260123_124628_CH04_TMO_5GNR_WFC_MT-REF-2_TC-157.dml,,,,,,,,,,NR SA,,,,,,,,,,,,,,,,,,,,,,On,Connected,-55.000000,2462,26,,,,IWLAN
1660,1,,,-121.9331162,47.5260751,2026-01-23 21:10:47.000,_20260123_124628_CH04_TMO_5GNR_WFC_MT-REF-2_TC-157.dml,,,,,,,,,,NR SA,,,,,,,,,,,,,,,,,,,594,,,On,Connected,-55.000000,2462,26,,,,IWLAN
1661,1,,,-121.9331162,47.5260751,2026-01-23 21:10:48.000,_20260123_124628_CH04_TMO_5GNR_WFC_MT-REF-2_TC-157.dml,,,,,,,,,,NR SA,,,,,,,,,,,,,,,,,,,,,,On,Connected,-54.000000,2462,39,,,,IWLAN
1662,1,,,-121.9331162,47.5260751,2026-01-23 21:10:49.000,_20260123_124628_CH04_TMO_5GNR_WFC_MT-REF-2_TC-157.dml,,,,,,,,,,NR SA,,,,,,,,,,,,,,,,,,,594,,2.039638,On,Connected,-54.000000,2462,39,,,,IWLAN
1663,1,,,-121.9331162,47.5260751,2026-01-23 21:10:50.000,_20260123_124628_CH04_TMO_5GNR_WFC_MT-REF-2_TC-157.dml,,,,,,,,,,NR SA,,,,,,,,,,,,,,,,,,,,,2.039638,On,Connected,-54.000000,2462,39,,,,IWLAN
1664,1,,,-121.9331162,47.5260751,2026-01-23 21:10:51.000,_20260123_124628_CH04_TMO_5GNR_WFC_MT-REF-2_TC-157.dml,,,,,,,,,,NR SA,,,,,,,,,,,,,,,,,,,,,2.039638,On,Connected,-55.000000,2462,19,,,,IWLAN
1665,1,,,-121.9331162,47.5260751,2026-01-23 21:10:52.000,_20260123_124628_CH04_TMO_5GNR_WFC_MT-REF-2_TC-157.dml,,,,,,,,,,NR SA,,,,,,,,,,,,,,,,,,,594,,2.039638,On,Connected,-55.000000,2462,19,,,,IWLAN
1666,1,,,-121.9331162,47.5260751,2026-01-23 21:10:53.000,_20260123_124628_CH04_TMO_5GNR_WFC_MT-REF-2_TC-157.dml,,,,,,,,,,NR SA,,,,,,,,,,,,,,,,,,,,,2.039638,On,Connected,-55.000000,2462,19,,,,IWLAN
1667,1,,,-121.9331162,47.5260751,2026-01-23 21:10:54.000,_20260123_124628_CH04_TMO_5GNR_WFC_MT-REF-2_TC-157.dml,,,,,,,,,,NR SA,,,,,,,,,,,,,,,,,,,594,,2.039638,On,Connected,-57.000000,2462,26,,,,IWLAN
1668,1,,,-121.9331162,47.5260751,2026-01-23 21:10:55.000,_20260123_124628_CH04_TMO_5GNR_WFC_MT-REF-2_TC-157.dml,,,,,,,,,,NR SA,,,,,,,,,,,,,,,,,,,,,2.039638,On,Connected,-57.000000,2462,26,,,,IWLAN
1669,1,,,-121.9331162,47.5260751,2026-01-23 21:10:56.000,_20260123_124628_CH04_TMO_5GNR_WFC_MT-REF-2_TC-157.dml,,,,,,,,,,NR SA,,,,,,,,,,,,,,,,,,,,,2.039638,On,Connected,-57.000000,2462,26,,,,IWLAN
1670,1,,,-121.9331162,47.5260751,2026-01-23 21:10:57.000,_20260123_124628_CH04_TMO_5GNR_WFC_MT-REF-2_TC-157.dml,,,,,,,,,,NR SA,,,,,,,,,,,,,,,,,,,594,,2.039638,On,Connected,-56.000000,2462,26,,,,IWLAN
1671,1,,,-121.9331162,47.5260751,2026-01-23 21:10:58.000,_20260123_124628_CH04_TMO_5GNR_WFC_MT-REF-2_TC-157.dml,,,,,,,,,,NR SA,,,,,,,,,,,,,,,,,,,,,2.039638,On,Connected,-56.000000,2462,26,,,,IWLAN
1672,1,,,-121.9331162,47.5260751,2026-01-23 21:10:59.000,_20260123_124628_CH04_TMO_5GNR_WFC_MT-REF-2_TC-157.dml,,,,,,,,,,NR SA,,,,,,,,,,,,,,,,,,,,,,On,Connected,-56.000000,2462,26,,,,IWLAN
1673,1,,,-121.9331162,47.5260751,2026-01-23 21:11:00.000,_20260123_124628_CH04_TMO_5GNR_WFC_MT-REF-2_TC-157.dml,,,,,,,,,,NR SA,,,,,,,,,,,,,,,,,,,594,,,On,Connected,-55.000000,2462,26,,,,IWLAN
1674,1,,,-121.9331162,47.5260751,2026-01-23 21:10:59.890,_20260123_124628_CH04_TMO_5GNR_WFC_MT-REF-2_TC-157.dml,,,,,,,,,,,,,,,,,,,,,,,,,,,,,,-75.300347,,,,,,,,,,
1675,1,,,-121.9331162,47.5260751,2026-01-23 21:11:01.000,_20260123_124628_CH04_TMO_5GNR_WFC_MT-REF-2_TC-157.dml,,,,,,,,,,NR SA,,,,,,,,,,,,,,,,,,,,,,On,Connected,-55.000000,2462,26,,,,IWLAN
1676,1,,,-121.9331162,47.5260751,2026-01-23 21:11:02.000,_20260123_124628_CH04_TMO_5GNR_WFC_MT-REF-2_TC-157.dml,,,,,,,,,,NR SA,,,,,,,,,,,,,,,,,,,594,,,On,Connected,-55.000000,2462,26,,,,IWLAN
1677,1,,,-121.9331162,47.5260751,2026-01-23 21:11:03.000,_20260123_124628_CH04_TMO_5GNR_WFC_MT-REF-2_TC-157.dml,,,,,,,,,,NR SA,,,,,,,,,,,,,,,,,,,,,,On,Connected,-57.000000,2462,26,,,,IWLAN
1678,1,,,-121.9331162,47.5260751,2026-01-23 21:11:04.000,_20260123_124628_CH04_TMO_5GNR_WFC_MT-REF-2_TC-157.dml,,,,,,,,,,NR SA,,,,,,,,,,,,,,,,,,,,,,On,Connected,-57.000000,2462,26,,,,IWLAN
1679,1,,,-121.9331162,47.5260751,2026-01-23 21:11:05.000,_20260123_124628_CH04_TMO_5GNR_WFC_MT-REF-2_TC-157.dml,,,,,,,,,,NR SA,,,,,,,,,,,,,,,,,,,594,,,On,Connected,-57.000000,2462,26,,,,IWLAN
1680,1,,,-121.9331162,47.5260751,2026-01-23 21:11:06.000,_20260123_124628_CH04_TMO_5GNR_WFC_MT-REF-2_TC-157.dml,,,,,,,,,,NR SA,,,,,,,,,,,,,,,,,,,,,,On,Connected,-53.000000,2462,26,,,,IWLAN
1681,1,,,-121.9331162,47.5260751,2026-01-23 21:11:07.000,_20260123_124628_CH04_TMO_5GNR_WFC_MT-REF-2_TC-157.dml,,,,,,,,,,NR SA,,,,,,,,,,,,,,,,,,,594,,,On,Connected,-53.000000,2462,26,,,,IWLAN
1682,1,,,-121.9331162,47.5260751,2026-01-23 21:11:08.000,_20260123_124628_CH04_TMO_5GNR_WFC_MT-REF-2_TC-157.dml,,,,,,,,,,NR SA,,,,,,,,,,,,,,,,,,,,,,On,Connected,-53.000000,2462,26,,,,IWLAN
1683,1,,,-121.9331162,47.5260751,2026-01-23 21:11:09.000,_20260123_124628_CH04_TMO_5GNR_WFC_MT-REF-2_TC-157.dml,,,,,,,,,,NR SA,,,,,,,,,,,,,,,,,,,,,2.334551,On,Connected,-56.000000,2462,39,,,,IWLAN
1684,1,,,-121.9331162,47.5260751,2026-01-23 21:11:10.000,_20260123_124628_CH04_TMO_5GNR_WFC_MT-REF-2_TC-157.dml,,,,,,,,,,NR SA,,,,,,,,,,,,,,,,,,,594,,2.334551,On,Connected,-56.000000,2462,39,,,,IWLAN
1685,1,,,-121.9331162,47.5260751,2026-01-23 21:11:11.000,_20260123_124628_CH04_TMO_5GNR_WFC_MT-REF-2_TC-157.dml,,,,,,,,,,NR SA,,,,,,,,,,,,,,,,,,,,,2.334551,On,Connected,-56.000000,2462,39,,,,IWLAN
1686,1,,,-121.9331162,47.5260751,2026-01-23 21:11:12.000,_20260123_124628_CH04_TMO_5GNR_WFC_MT-REF-2_TC-157.dml,,,,,,,,,,NR SA,,,,,,,,,,,,,,,,,,,594,,2.334551,On,Connected,-54.000000,2462,39,,,,IWLAN
1687,1,,,-121.9331162,47.5260751,2026-01-23 21:11:13.000,_20260123_124628_CH04_TMO_5GNR_WFC_MT-REF-2_TC-157.dml,,,,,,,,,,NR SA,,,,,,,,,,,,,,,,,,,,,2.334551,On,Connected,-54.000000,2462,39,,,,IWLAN
1688,1,,,-121.9331162,47.5260751,2026-01-23 21:11:14.000,_20260123_124628_CH04_TMO_5GNR_WFC_MT-REF-2_TC-157.dml,,,,,,,,,,NR SA,,,,,,,,,,,,,,,,,,,,,2.334551,On,Connected,-54.000000,2462,39,,,,IWLAN
1689,1,,,-121.9331162,47.5260751,2026-01-23 21:11:15.000,_20260123_124628_CH04_TMO_5GNR_WFC_MT-REF-2_TC-157.dml,,,,,,,,,,NR SA,,,,,,,,,,,,,,,,,,,594,,2.334551,On,Connected,-54.000000,2462,39,,,,IWLAN
1690,1,,,-121.9331162,47.5260751,2026-01-23 21:11:16.000,_20260123_124628_CH04_TMO_5GNR_WFC_MT-REF-2_TC-157.dml,,,,,,,,,,NR SA,,,,,,,,,,,,,,,,,,,,,2.334551,On,Connected,-54.000000,2462,39,,,,IWLAN
1691,1,,,-121.9331162,47.5260751,2026-01-23 21:11:17.000,_20260123_124628_CH04_TMO_5GNR_WFC_MT-REF-2_TC-157.dml,,,,,,,,,,NR SA,,,,,,,,,,,,,,,,,,,,,2.334551,,Connected,,,,,,,IWLAN
1692,1,,,-121.9331162,47.5260751,2026-01-23 21:11:18.000,_20260123_124628_CH04_TMO_5GNR_WFC_MT-REF-2_TC-157.dml,,,,,,,,,,NR SA,,,,,,,,,,,,,,,,,,,594,,2.334551,On,Connected,-54.000000,2462,26,,,,IWLAN
1693,1,,,-121.9331162,47.5260751,2026-01-23 21:11:19.000,_20260123_124628_CH04_TMO_5GNR_WFC_MT-REF-2_TC-157.dml,,,,,,,,,,NR SA,,,,,,,,,,,,,,,,,,,,,,On,Connected,-54.000000,2462,26,,,,IWLAN
1694,1,,,-121.9331162,47.5260751,2026-01-23 21:11:19.875,_20260123_124628_CH04_TMO_5GNR_WFC_MT-REF-2_TC-157.dml,,,,,,,,,,,,,,,,,,,,,,,,,,,,,,-73.916667,,,,,,,,,,
1695,1,,,-121.9331162,47.5260751,2026-01-23 21:11:20.000,_20260123_124628_CH04_TMO_5GNR_WFC_MT-REF-2_TC-157.dml,,,,,,,,,,NR SA,,,,,,,,,,,,,,,,,,,594,,,On,Connected,-54.000000,2462,26,,,,IWLAN
1696,1,,,-121.9331162,47.5260751,2026-01-23 21:11:21.000,_20260123_124628_CH04_TMO_5GNR_WFC_MT-REF-2_TC-157.dml,,,,,,,,,,NR SA,,,,,,,,,,,,,,,,,,,,,,On,Connected,-52.000000,2462,26,,,,IWLAN
1697,1,,,-121.9331162,47.5260751,2026-01-23 21:11:22.000,_20260123_124628_CH04_TMO_5GNR_WFC_MT-REF-2_TC-157.dml,,,,,,,,,,NR SA,,,,,,,,,,,,,,,,,,,,,,On,Connected,-52.000000,2462,26,,,,IWLAN
1698,1,,,-121.9331162,47.5260751,2026-01-23 21:11:23.000,_20260123_124628_CH04_TMO_5GNR_WFC_MT-REF-2_TC-157.dml,,,,,,,,,,NR SA,,,,,,,,,,,,,,,,,,,594,,,On,Connected,-52.000000,2462,26,,,,IWLAN
1699,1,,,-121.9331162,47.5260751,2026-01-23 21:11:24.000,_20260123_124628_CH04_TMO_5GNR_WFC_MT-REF-2_TC-157.dml,,,,,,,,,,NR SA,,,,,,,,,,,,,,,,,,,,,,On,Connected,-55.000000,2462,26,,,,IWLAN
1700,1,,,-121.9331162,47.5260751,2026-01-23 21:11:25.000,_20260123_124628_CH04_TMO_5GNR_WFC_MT-REF-2_TC-157.dml,,,,,,,,,,NR SA,,,,,,,,,,,,,,,,,,,594,,,On,Connected,-55.000000,2462,26,,,,IWLAN
1701,1,,,-121.9331162,47.5260751,2026-01-23 21:11:26.000,_20260123_124628_CH04_TMO_5GNR_WFC_MT-REF-2_TC-157.dml,,,,,,,,,,NR SA,,,,,,,,,,,,,,,,,,,,,,On,Connected,-55.000000,2462,26,,,,IWLAN
1702,1,,,-121.9331162,47.5260751,2026-01-23 21:11:27.000,_20260123_124628_CH04_TMO_5GNR_WFC_MT-REF-2_TC-157.dml,,,,,,,,,,NR SA,,,,,,,,,,,,,,,,,,,,,,On,Connected,-53.000000,2462,26,,,,IWLAN
1703,1,,,-121.9331162,47.5260751,2026-01-23 21:11:28.000,_20260123_124628_CH04_TMO_5GNR_WFC_MT-REF-2_TC-157.dml,,,,,,,,,,NR SA,,,,,,,,,,,,,,,,,,,594,,,On,Connected,-53.000000,2462,26,,,,IWLAN
1704,1,,,-121.9331162,47.5260751,2026-01-23 21:11:29.000,_20260123_124628_CH04_TMO_5GNR_WFC_MT-REF-2_TC-157.dml,,,,,,,,,,NR SA,,,,,,,,,,,,,,,,,,,,,1.964401,On,Connected,-53.000000,2462,26,,,,IWLAN
1705,1,,,-121.9331162,47.5260751,2026-01-23 21:11:30.000,_20260123_124628_CH04_TMO_5GNR_WFC_MT-REF-2_TC-157.dml,,,,,,,,,,NR SA,,,,,,,,,,,,,,,,,,,594,,1.964401,On,Connected,-53.000000,2462,19,,,,IWLAN
1706,1,,,-121.9331162,47.5260751,2026-01-23 21:11:31.000,_20260123_124628_CH04_TMO_5GNR_WFC_MT-REF-2_TC-157.dml,,,,,,,,,,NR SA,,,,,,,,,,,,,,,,,,,,,1.964401,On,Connected,-53.000000,2462,19,,,,IWLAN
1707,1,,,-121.9331162,47.5260751,2026-01-23 21:11:32.000,_20260123_124628_CH04_TMO_5GNR_WFC_MT-REF-2_TC-157.dml,,,,,,,,,,NR SA,,,,,,,,,,,,,,,,,,,,,1.964401,On,Connected,-53.000000,2462,19,,,,IWLAN
1708,1,,,-121.9331162,47.5260751,2026-01-23 21:11:33.000,_20260123_124628_CH04_TMO_5GNR_WFC_MT-REF-2_TC-157.dml,,,,,,,,,,NR SA,,,,,,,,,,,,,,,,,,,594,,1.964401,On,Connected,-52.000000,2462,39,,,,IWLAN
1709,1,,,-121.9331162,47.5260751,2026-01-23 21:11:34.000,_20260123_124628_CH04_TMO_5GNR_WFC_MT-REF-2_TC-157.dml,,,,,,,,,,NR SA,,,,,,,,,,,,,,,,,,,,,1.964401,On,Connected,-52.000000,2462,39,,,,IWLAN
1710,1,,,-121.9331162,47.5260751,2026-01-23 21:11:35.000,_20260123_124628_CH04_TMO_5GNR_WFC_MT-REF-2_TC-157.dml,,,,,,,,,,NR SA,,,,,,,,,,,,,,,,,,,594,,1.964401,On,Connected,-52.000000,2462,39,,,,IWLAN
1711,1,,,-121.9331162,47.5260751,2026-01-23 21:11:36.000,_20260123_124628_CH04_TMO_5GNR_WFC_MT-REF-2_TC-157.dml,,,,,,,,,,NR SA,,,,,,,,,,,,,,,,,,,,,1.964401,On,Connected,-54.000000,2462,39,,,,IWLAN
1712,1,,,-121.9331162,47.5260751,2026-01-23 21:11:37.000,_20260123_124628_CH04_TMO_5GNR_WFC_MT-REF-2_TC-157.dml,,,,,,,,,,NR SA,,,,,,,,,,,,,,,,,,,,,1.964401,On,Connected,-54.000000,2462,39,,,,IWLAN
1713,1,,,-121.9331162,47.5260751,2026-01-23 21:11:38.000,_20260123_124628_CH04_TMO_5GNR_WFC_MT-REF-2_TC-157.dml,,,,,,,,,,NR SA,,,,,,,,,,,,,,,,,,,594,,1.964401,On,Connected,-54.000000,2462,39,,,,IWLAN
1714,1,,,-121.9331162,47.5260751,2026-01-23 21:11:39.000,_20260123_124628_CH04_TMO_5GNR_WFC_MT-REF-2_TC-157.dml,,,,,,,,,,NR SA,,,,,,,,,,,,,,,,,,,,,1.964401,On,Connected,-56.000000,2462,39,,,,IWLAN
1715,1,,,-121.9331162,47.5260751,2026-01-23 21:11:40.035,_20260123_124628_CH04_TMO_5GNR_WFC_MT-REF-2_TC-157.dml,,,,,,,,,,,,,,,,,,,,,,,,,,,,,,-76.093750,,,,,,,,,,
1716,1,,,-121.9331162,47.5260751,2026-01-23 21:11:40.000,_20260123_124628_CH04_TMO_5GNR_WFC_MT-REF-2_TC-157.dml,,,,,,,,,,NR SA,,,,,,,,,,,,,,,,,,,,,,On,Connected,-56.000000,2462,39,,,,IWLAN
1717,1,,,-121.9331162,47.5260751,2026-01-23 21:11:41.000,_20260123_124628_CH04_TMO_5GNR_WFC_MT-REF-2_TC-157.dml,,,,,,,,,,NR SA,,,,,,,,,,,,,,,,,,,594,,,On,Connected,-56.000000,2462,39,,,,IWLAN
1718,1,,,-121.9331162,47.5260751,2026-01-23 21:11:42.000,_20260123_124628_CH04_TMO_5GNR_WFC_MT-REF-2_TC-157.dml,,,,,,,,,,NR SA,,,,,,,,,,,,,,,,,,,,,,On,Connected,-54.000000,2462,52,,,,IWLAN
1719,1,,,-121.9331162,47.5260751,2026-01-23 21:11:43.000,_20260123_124628_CH04_TMO_5GNR_WFC_MT-REF-2_TC-157.dml,,,,,,,,,,NR SA,,,,,,,,,,,,,,,,,,,594,,,On,Connected,-54.000000,2462,52,,,,IWLAN
1720,1,,,-121.9331162,47.5260751,2026-01-23 21:11:44.000,_20260123_124628_CH04_TMO_5GNR_WFC_MT-REF-2_TC-157.dml,,,,,,,,,,NR SA,,,,,,,,,,,,,,,,,,,,,,On,Connected,-54.000000,2462,52,,,,IWLAN
1721,1,,,-121.9331162,47.5260751,2026-01-23 21:11:45.000,_20260123_124628_CH04_TMO_5GNR_WFC_MT-REF-2_TC-157.dml,,,,,,,,,,NR SA,,,,,,,,,,,,,,,,,,,,,,On,Connected,-53.000000,2462,19,,,,IWLAN
1722,1,,,-121.9331162,47.5260751,2026-01-23 21:11:46.000,_20260123_124628_CH04_TMO_5GNR_WFC_MT-REF-2_TC-157.dml,,,,,,,,,,NR SA,,,,,,,,,,,,,,,,,,,594,,,On,Connected,-53.000000,2462,19,,,,IWLAN
1723,1,,,-121.9331162,47.5260751,2026-01-23 21:11:47.000,_20260123_124628_CH04_TMO_5GNR_WFC_MT-REF-2_TC-157.dml,,,,,,,,,,NR SA,,,,,,,,,,,,,,,,,,,,,,On,Connected,-53.000000,2462,19,,,,IWLAN
1724,1,,,-121.9331162,47.5260751,2026-01-23 21:11:48.000,_20260123_124628_CH04_TMO_5GNR_WFC_MT-REF-2_TC-157.dml,,,,,,,,,,NR SA,,,,,,,,,,,,,,,,,,,594,,,On,Connected,-53.000000,2462,52,,,,IWLAN
1725,1,,,-121.9331162,47.5260751,2026-01-23 21:11:49.000,_20260123_124628_CH04_TMO_5GNR_WFC_MT-REF-2_TC-157.dml,,,,,,,,,,NR SA,,,,,,,,,,,,,,,,,,,,,,,Connected,,,,,,,IWLAN
1726,1,,,-121.9331162,47.5260751,2026-01-23 21:11:49.211,_20260123_124628_CH04_TMO_5GNR_WFC_MT-REF-2_TC-157.dml,,,,,,,,,,,,,,,,,,,,,,,[Tool] Voice - Pair Channel Call Drop,,,,,,,,,,,,,,,,,
1727,1,,,-121.9331162,47.5260751,2026-01-23 21:11:49.211,_20260123_124628_CH04_TMO_5GNR_WFC_MT-REF-2_TC-157.dml,,,,,,,,,,,,,,,,,,,,,,,[Tool] Voice - Release Call Request,,,,,,,,,,,,,,,,,
1728,1,,,-121.9331162,47.5260751,2026-01-23 21:11:49.766,_20260123_124628_CH04_TMO_5GNR_WFC_MT-REF-2_TC-157.dml,,,,,,,,,,,,,,,,,,,,,,BQ,[Tool] Voice - Call Result : BQ,,,,,,,,,,,,,,,,,
1729,1,,,-121.9331162,47.5260751,2026-01-23 21:11:49.766,_20260123_124628_CH04_TMO_5GNR_WFC_MT-REF-2_TC-157.dml,,,,,,,,,,,,,,,,,,,,,,,[UE]   Voice - Release Call Success,,,,,,,,,,,,,,,,,
1730,1,,,-121.9331162,47.5260751,2026-01-23 21:11:50.000,_20260123_124628_CH04_TMO_5GNR_WFC_MT-REF-2_TC-157.dml,,,,,,,,,,,,,,,,,,,,,,,,,,,,,,,,On,Connected,-53.000000,2462,52,,,,IWLAN
1731,1,,,-121.9331162,47.5260751,2026-01-23 21:11:50.766,_20260123_124628_CH04_TMO_5GNR_WFC_MT-REF-2_TC-157.dml,,,,,,,,,,,,,,,,,,,,,,,[UE]   Voice - Release Call Success,,,,,,,,,,,,,,,,,
1732,1,,,-121.9331162,47.5260751,2026-01-23 21:11:51.000,_20260123_124628_CH04_TMO_5GNR_WFC_MT-REF-2_TC-157.dml,,,,,,,,,,,,,,,,,,,,,,,,,,,,,594,,,On,Connected,-54.000000,2462,26,,,,IWLAN
1733,1,,,-121.9331162,47.5260751,2026-01-23 21:11:52.000,_20260123_124628_CH04_TMO_5GNR_WFC_MT-REF-2_TC-157.dml,,,,,,,,,,,,,,,,,,,,,,,,,,,,,594,,,On,Connected,-54.000000,2462,26,,,,IWLAN
1734,1,,,-121.9331162,47.5260751,2026-01-23 21:11:53.000,_20260123_124628_CH04_TMO_5GNR_WFC_MT-REF-2_TC-157.dml,,,,,,,,,,,,,,,,,,,,,,,,,,,,,594,,,,Connected,,,,,,,IWLAN
1735,1,,,-121.9331162,47.5260751,2026-01-23 21:11:54.000,_20260123_124628_CH04_TMO_5GNR_WFC_MT-REF-2_TC-157.dml,,,,,,,,,,,,,,,,,,,,,,,,,,,,,,,,On,Connected,-57.000000,2462,26,,,,IWLAN
1736,1,,,-121.9331162,47.5260751,2026-01-23 21:11:55.000,_20260123_124628_CH04_TMO_5GNR_WFC_MT-REF-2_TC-157.dml,,,,,,,,,,,,,,,,,,,,,,,,,,,,,594,,,On,Connected,-60.000000,2462,26,,,,IWLAN
1737,1,,,-121.9331162,47.5260751,2026-01-23 21:11:56.000,_20260123_124628_CH04_TMO_5GNR_WFC_MT-REF-2_TC-157.dml,,,,,,,,,,,,,,,,,,,,,,,,,,,,,594,,,,Connected,,,,,,,IWLAN
1738,1,,,-121.9331162,47.5260751,2026-01-23 21:11:57.000,_20260123_124628_CH04_TMO_5GNR_WFC_MT-REF-2_TC-157.dml,,,,,,,,,,,,,,,,,,,,,,,,,,,,,,,,On,Connected,-60.000000,2462,26,,,,IWLAN
1739,1,,,-121.9331162,47.5260751,2026-01-23 21:11:58.000,_20260123_124628_CH04_TMO_5GNR_WFC_MT-REF-2_TC-157.dml,,,,,,,,,,,,,,,,,,,,,,,,,,,,,594,,,On,Connected,-60.000000,2462,26,,,,IWLAN
1740,1,,,-121.9331162,47.5260751,2026-01-23 21:11:59.000,_20260123_124628_CH04_TMO_5GNR_WFC_MT-REF-2_TC-157.dml,,,,,,,,,,,,,,,,,,,,,,,,,,,,,,,,On,Connected,-60.000000,2462,26,,,,IWLAN
1741,1,,,-121.9331162,47.5260751,2026-01-23 21:12:00.000,_20260123_124628_CH04_TMO_5GNR_WFC_MT-REF-2_TC-157.dml,,,,,,,,,,,,,,,,,,,,,,,,,,,,,,,,On,Connected,-59.000000,2462,26,,,,IWLAN
1742,1,,,-121.9331162,47.5260751,2026-01-23 21:12:01.000,_20260123_124628_CH04_TMO_5GNR_WFC_MT-REF-2_TC-157.dml,,,,,,,,,,,,,,,,,,,,,,,,,,,,,594,,,On,Connected,-59.000000,2462,26,,,,IWLAN
1743,1,,,-121.9331162,47.5260751,2026-01-23 21:12:02.000,_20260123_124628_CH04_TMO_5GNR_WFC_MT-REF-2_TC-157.dml,,,,,,,,,,,,,,,,,,,,,,,,,,,,,,,,On,Connected,-59.000000,2462,26,,,,IWLAN
1744,1,,,-121.9331162,47.5260751,2026-01-23 21:12:03.000,_20260123_124628_CH04_TMO_5GNR_WFC_MT-REF-2_TC-157.dml,,,,,,,,,,,,,,,,,,,,,,,,,,,,,,,,On,Connected,-59.000000,2462,26,,,,IWLAN
1745,1,,,-121.9331162,47.5260751,2026-01-23 21:12:04.000,_20260123_124628_CH04_TMO_5GNR_WFC_MT-REF-2_TC-157.dml,,,,,,,,,,,,,,,,,,,,,,,,,,,,,594,,,On,Connected,-59.000000,2462,26,,,,IWLAN
1746,1,,,-121.9331162,47.5260751,2026-01-23 21:12:05.000,_20260123_124628_CH04_TMO_5GNR_WFC_MT-REF-2_TC-157.dml,,,,,,,,,,,,,,,,,,,,,,,,,,,,,,,,,Connected,,,,,,,IWLAN
1747,1,,,-121.9331162,47.5260751,2026-01-23 21:12:06.000,_20260123_124628_CH04_TMO_5GNR_WFC_MT-REF-2_TC-157.dml,,,,,,,,,,,,,,,,,,,,,,,,,,,,,594,,,On,Connected,-57.000000,2462,26,,,,IWLAN
1748,1,,,-121.9331162,47.5260751,2026-01-23 21:12:07.000,_20260123_124628_CH04_TMO_5GNR_WFC_MT-REF-2_TC-157.dml,,,,,,,,,,,,,,,,,,,,,,,,,,,,,,,,On,Connected,-55.000000,2462,26,,,,IWLAN
1749,1,,,-121.9331162,47.5260751,2026-01-23 21:12:08.000,_20260123_124628_CH04_TMO_5GNR_WFC_MT-REF-2_TC-157.dml,,,,,,,,,,,,,,,,,,,,,,,,,,,,,,,,On,Connected,-55.000000,2462,26,,,,IWLAN
1750,1,,,-121.9331162,47.5260751,2026-01-23 21:12:09.000,_20260123_124628_CH04_TMO_5GNR_WFC_MT-REF-2_TC-157.dml,,,,,,,,,,,,,,,,,,,,,,,,,,,,,594,,,On,Connected,-55.000000,2462,26,,,,IWLAN
1751,1,,,-121.9331162,47.5260751,2026-01-23 21:12:10.000,_20260123_124628_CH04_TMO_5GNR_WFC_MT-REF-2_TC-157.dml,,,,,,,,,,,,,,,,,,,,,,,,,,,,,,,,On,Connected,-55.000000,2462,26,,,,IWLAN
1752,1,,,-121.9331162,47.5260751,2026-01-23 21:12:11.000,_20260123_124628_CH04_TMO_5GNR_WFC_MT-REF-2_TC-157.dml,,,,,,,,,,,,,,,,,,,,,,,,,,,,,594,,,On,Connected,-55.000000,2462,26,,,,IWLAN
1753,1,,,-121.9331162,47.5260751,2026-01-23 21:12:12.000,_20260123_124628_CH04_TMO_5GNR_WFC_MT-REF-2_TC-157.dml,,,,,,,,,,,,,,,,,,,,,,,,,,,,,,,,,Connected,,,,,,,IWLAN
1754,1,,,-121.9331162,47.5260751,2026-01-23 21:12:13.000,_20260123_124628_CH04_TMO_5GNR_WFC_MT-REF-2_TC-157.dml,,,,,,,,,,,,,,,,,,,,,,,,,,,,,,,,On,Connected,-53.000000,2462,26,,,,IWLAN
1755,1,,,-121.9331162,47.5260751,2026-01-23 21:12:14.000,_20260123_124628_CH04_TMO_5GNR_WFC_MT-REF-2_TC-157.dml,,,,,,,,,,,,,,,,,,,,,,,,,,,,,594,,,On,Connected,-53.000000,2462,26,,,,IWLAN
1756,1,,,-121.9331162,47.5260751,2026-01-23 21:12:15.000,_20260123_124628_CH04_TMO_5GNR_WFC_MT-REF-2_TC-157.dml,,,,,,,,,,,,,,,,,,,,,,,,,,,,,,,,On,Connected,-54.000000,2462,26,,,,IWLAN
1757,1,,,-121.9331162,47.5260751,2026-01-23 21:12:16.000,_20260123_124628_CH04_TMO_5GNR_WFC_MT-REF-2_TC-157.dml,,,,,,,,,,,,,,,,,,,,,,,,,,,,,594,,,On,Connected,-54.000000,2462,26,,,,IWLAN
1758,1,,,-121.9331162,47.5260751,2026-01-23 21:12:17.000,_20260123_124628_CH04_TMO_5GNR_WFC_MT-REF-2_TC-157.dml,,,,,,,,,,,,,,,,,,,,,,,,,,,,,,,,On,Connected,-54.000000,2462,26,,,,IWLAN
1759,1,,,-121.9331162,47.5260751,2026-01-23 21:12:17.479,_20260123_124628_CH04_TMO_5GNR_WFC_MT-REF-2_TC-157.dml,,,,,,,,,,,,,,,,,,,,,,,[Tool] Voice - Release Call Request,,,,,,,,,,,,,,,,,
1760,1,,,-121.9331162,47.5260751,2026-01-23 21:12:18.000,_20260123_124628_CH04_TMO_5GNR_WFC_MT-REF-2_TC-157.dml,,,,,,,,,,,,,,,,,,,,,,,,,,,,,,,,On,Connected,-59.000000,2462,26,,,,IWLAN
1761,1,,,-121.9331162,47.5260751,2026-01-23 21:12:19.000,_20260123_124628_CH04_TMO_5GNR_WFC_MT-REF-2_TC-157.dml,,,,,,,,,,,,,,,,,,,,,,,,,,,,,594,,,On,Connected,-59.000000,2462,26,,,,IWLAN
1762,1,,,-121.9331162,47.5260751,2026-01-23 21:12:19.937,_20260123_124628_CH04_TMO_5GNR_WFC_MT-REF-2_TC-157.dml,,,,,,,,,,,,,,,,,,,,,,,[Tool] Voice - Call Scheduling End,,,,,,,,,,,,,,,,,
1763,1,,,-121.9331162,47.5260751,2026-01-23 21:12:19.937,_20260123_124628_CH04_TMO_5GNR_WFC_MT-REF-2_TC-157.dml,NR SA,Voice,BQ,NR SA,NR SA,Qualcomm,,354877970012475,,,,,,,,,BQ,Termination,BQ,,,,,,,,,90.102000,,,,,,,,,,EPSFB,,
1764,1,,,-121.9331162,47.5260751,2026-01-23 21:12:19.937,_20260123_124628_CH04_TMO_5GNR_WFC_MT-REF-2_TC-157.dml,,,,,,,,,,,,,,,,,,,,,,,[Tool] Voice - Release Call Request,,,,,,,,,,,,,,,,,
1765,1,,,-121.9331162,47.5260751,2026-01-23 21:12:20.000,_20260123_124628_CH04_TMO_5GNR_WFC_MT-REF-2_TC-157.dml,,,,,,,,,,,,,,,,,,,,,,,,,,,,,,,,On,Connected,-59.000000,2462,26,,,,IWLAN
1766,1,,,-121.9331162,47.5260751,2026-01-23 21:12:20.499,_20260123_124628_CH04_TMO_5GNR_WFC_MT-REF-2_TC-157.dml,,,,,,,,,,,,,,,,,,,,,,,[Tool] Voice - Call Scheduling Start(Term),,,,,,,,,,,,,,,,,
1767,1,,,-121.9331162,47.5260751,2026-01-23 21:12:20.499,_20260123_124628_CH04_TMO_5GNR_WFC_MT-REF-2_TC-157.dml,,,,,,,,,,,,,,,,,,,,,,,[Tool] Voice - Wait Page,,,,,,,,,,,,,,,,,
1768,1,,,-121.9331162,47.5260751,2026-01-23 21:12:21.000,_20260123_124628_CH04_TMO_5GNR_WFC_MT-REF-2_TC-157.dml,,,,,,,,,,,,,,,,,,,,,,,,,,,,,,,,,Connected,,,,,,,IWLAN
1769,1,,,-121.9331162,47.5260751,2026-01-23 21:12:22.000,_20260123_124628_CH04_TMO_5GNR_WFC_MT-REF-2_TC-157.dml,,,,,,,,,,,,,,,,,,,,,,,,,,,,,594,,,On,Connected,-60.000000,2462,26,,,,IWLAN
1770,1,,,-121.9331162,47.5260751,2026-01-23 21:12:23.000,_20260123_124628_CH04_TMO_5GNR_WFC_MT-REF-2_TC-157.dml,,,,,,,,,,,,,,,,,,,,,,,,,,,,,,,,On,Connected,-60.000000,2462,26,,,,IWLAN
1771,1,,,-121.9331162,47.5260751,2026-01-23 21:12:24.000,_20260123_124628_CH04_TMO_5GNR_WFC_MT-REF-2_TC-157.dml,,,,,,,,,,,,,,,,,,,,,,,,,,,,,594,,,,Connected,,,,,,,IWLAN
1772,1,,,-121.9331162,47.5260751,2026-01-23 21:12:25.000,_20260123_124628_CH04_TMO_5GNR_WFC_MT-REF-2_TC-157.dml,,,,,,,,,,,,,,,,,,,,,,,,,,,,,,,,On,Connected,-58.000000,2462,39,,,,IWLAN
1773,1,,,-121.9331162,47.5260751,2026-01-23 21:12:26.202,_20260123_124628_CH04_TMO_5GNR_WFC_MT-REF-2_TC-157.dml,,,,,,,,,,,,,,,,,,,,,,,[Tool] Voice - Answer Request,,,,,,,,,,,,,,,,,
1774,1,,,-121.9331162,47.5260751,2026-01-23 21:12:26.000,_20260123_124628_CH04_TMO_5GNR_WFC_MT-REF-2_TC-157.dml,,,,,,,,,,,,,,,,,,,,,,,,,,,,,,,,On,Connected,-58.000000,2462,39,,,,IWLAN
1775,1,,,-121.9331162,47.5260751,2026-01-23 21:12:27.173,_20260123_124628_CH04_TMO_5GNR_WFC_MT-REF-2_TC-157.dml,,,,,,,,,,,,,,,,,,,,,,,[UE]   Voice - Setup Success,,,,,,,,,,,,,,,,,
1776,1,,,-121.9331162,47.5260751,2026-01-23 21:12:27.000,_20260123_124628_CH04_TMO_5GNR_WFC_MT-REF-2_TC-157.dml,,,,,,,,,,NR SA,,,,,,,,,,,,,,,,,,,594,,,,Connected,,,,,,,IWLAN
1777,1,,,-121.9331162,47.5260751,2026-01-23 21:12:28.000,_20260123_124628_CH04_TMO_5GNR_WFC_MT-REF-2_TC-157.dml,,,,,,,,,,NR SA,,,,,,,,,,,,,,,,,,,,,,On,Connected,-57.000000,2462,39,,,,IWLAN
1778,1,,,-121.9331162,47.5260751,2026-01-23 21:12:29.000,_20260123_124628_CH04_TMO_5GNR_WFC_MT-REF-2_TC-157.dml,,,,,,,,,,NR SA,,,,,,,,,,,,,,,,,,,594,,,On,Connected,-57.000000,2462,39,,,,IWLAN
1779,1,,,-121.9331162,47.5260751,2026-01-23 21:12:30.000,_20260123_124628_CH04_TMO_5GNR_WFC_MT-REF-2_TC-157.dml,,,,,,,,,,NR SA,,,,,,,,,,,,,,,,,,,,,,On,Connected,-53.000000,2462,52,,,,IWLAN
1780,1,,,-121.9331162,47.5260751,2026-01-23 21:12:31.000,_20260123_124628_CH04_TMO_5GNR_WFC_MT-REF-2_TC-157.dml,,,,,,,,,,NR SA,,,,,,,,,,,,,,,,,,,,,,,Connected,,,,,,,IWLAN
1781,1,,,-121.9331162,47.5260751,2026-01-23 21:12:32.000,_20260123_124628_CH04_TMO_5GNR_WFC_MT-REF-2_TC-157.dml,,,,,,,,,,NR SA,,,,,,,,,,,,,,,,,,,594,,,On,Connected,-53.000000,2462,52,,,,IWLAN
1782,1,,,-121.9331162,47.5260751,2026-01-23 21:12:33.000,_20260123_124628_CH04_TMO_5GNR_WFC_MT-REF-2_TC-157.dml,,,,,,,,,,NR SA,,,,,,,,,,,,,,,,,,,594,,,On,Connected,-52.000000,2462,26,,,,IWLAN
1783,1,,,-121.9331162,47.5260751,2026-01-23 21:12:34.000,_20260123_124628_CH04_TMO_5GNR_WFC_MT-REF-2_TC-157.dml,,,,,,,,,,NR SA,,,,,,,,,,,,,,,,,,,,,,On,Connected,-52.000000,2462,26,,,,IWLAN
1784,1,,,-121.9331162,47.5260751,2026-01-23 21:12:35.000,_20260123_124628_CH04_TMO_5GNR_WFC_MT-REF-2_TC-157.dml,,,,,,,,,,NR SA,,,,,,,,,,,,,,,,,,,,,,On,Connected,-52.000000,2462,26,,,,IWLAN
1785,1,,,-121.9331162,47.5260751,2026-01-23 21:12:36.000,_20260123_124628_CH04_TMO_5GNR_WFC_MT-REF-2_TC-157.dml,,,,,,,,,,NR SA,,,,,,,,,,,,,,,,,,,594,,,On,Connected,-55.000000,2462,52,,,,IWLAN
1786,1,,,-121.9331162,47.5260751,2026-01-23 21:12:37.000,_20260123_124628_CH04_TMO_5GNR_WFC_MT-REF-2_TC-157.dml,,,,,,,,,,NR SA,,,,,,,,,,,,,,,,,,,,,,,Connected,,,,,,,IWLAN
1787,1,,,-121.9331162,47.5260751,2026-01-23 21:12:38.000,_20260123_124628_CH04_TMO_5GNR_WFC_MT-REF-2_TC-157.dml,,,,,,,,,,NR SA,,,,,,,,,,,,,,,,,,,594,,2.347623,On,Connected,-55.000000,2462,52,,,,IWLAN
1788,1,,,-121.9331162,47.5260751,2026-01-23 21:12:39.000,_20260123_124628_CH04_TMO_5GNR_WFC_MT-REF-2_TC-157.dml,,,,,,,,,,NR SA,,,,,,,,,,,,,,,,,,,594,,2.347623,On,Connected,-54.000000,2462,39,,,,IWLAN
1789,1,,,-121.9331162,47.5260751,2026-01-23 21:12:40.000,_20260123_124628_CH04_TMO_5GNR_WFC_MT-REF-2_TC-157.dml,,,,,,,,,,NR SA,,,,,,,,,,,,,,,,,,,,,2.347623,On,Connected,-54.000000,2462,39,,,,IWLAN
1790,1,,,-121.9331162,47.5260751,2026-01-23 21:12:41.000,_20260123_124628_CH04_TMO_5GNR_WFC_MT-REF-2_TC-157.dml,,,,,,,,,,NR SA,,,,,,,,,,,,,,,,,,,,,2.347623,On,Connected,-54.000000,2462,39,,,,IWLAN
1791,1,,,-121.9331162,47.5260751,2026-01-23 21:12:42.000,_20260123_124628_CH04_TMO_5GNR_WFC_MT-REF-2_TC-157.dml,,,,,,,,,,NR SA,,,,,,,,,,,,,,,,,,,594,,2.347623,,Connected,,,,,,,IWLAN
1792,1,,,-121.9331162,47.5260751,2026-01-23 21:12:43.000,_20260123_124628_CH04_TMO_5GNR_WFC_MT-REF-2_TC-157.dml,,,,,,,,,,NR SA,,,,,,,,,,,,,,,,,,,,,2.347623,On,Connected,-55.000000,2462,39,,,,IWLAN
1793,1,,,-121.9331162,47.5260751,2026-01-23 21:12:44.000,_20260123_124628_CH04_TMO_5GNR_WFC_MT-REF-2_TC-157.dml,,,,,,,,,,NR SA,,,,,,,,,,,,,,,,,,,,,2.347623,,Connected,,,,,,,IWLAN
1794,1,,,-121.9331162,47.5260751,2026-01-23 21:12:45.000,_20260123_124628_CH04_TMO_5GNR_WFC_MT-REF-2_TC-157.dml,,,,,,,,,,NR SA,,,,,,,,,,,,,,,,,,,594,,2.347623,On,Connected,-54.500000,2462,39,,,,IWLAN
1795,1,,,-121.9331162,47.5260751,2026-01-23 21:12:46.000,_20260123_124628_CH04_TMO_5GNR_WFC_MT-REF-2_TC-157.dml,,,,,,,,,,NR SA,,,,,,,,,,,,,,,,,,,,,2.347623,On,Connected,-54.000000,2462,39,,,,IWLAN
1796,1,,,-121.9331162,47.5260751,2026-01-23 21:12:47.000,_20260123_124628_CH04_TMO_5GNR_WFC_MT-REF-2_TC-157.dml,,,,,,,,,,NR SA,,,,,,,,,,,,,,,,,,,594,,,,Connected,,,,,,,IWLAN
1797,1,,,-121.9331162,47.5260751,2026-01-23 21:12:47.915,_20260123_124628_CH04_TMO_5GNR_WFC_MT-REF-2_TC-157.dml,,,,,,,,,,,,,,,,,,,,,,,,,,,,,,-73.431250,,,,,,,,,,
1798,1,,,-121.9331162,47.5260751,2026-01-23 21:12:48.000,_20260123_124628_CH04_TMO_5GNR_WFC_MT-REF-2_TC-157.dml,,,,,,,,,,NR SA,,,,,,,,,,,,,,,,,,,,,,On,Connected,-53.500000,2462,39,,,,IWLAN
1799,1,,,-121.9331162,47.5260751,2026-01-23 21:12:49.000,_20260123_124628_CH04_TMO_5GNR_WFC_MT-REF-2_TC-157.dml,,,,,,,,,,NR SA,,,,,,,,,,,,,,,,,,,,,,,Connected,,,,,,,IWLAN
1800,1,,,-121.9331162,47.5260751,2026-01-23 21:12:50.000,_20260123_124628_CH04_TMO_5GNR_WFC_MT-REF-2_TC-157.dml,,,,,,,,,,NR SA,,,,,,,,,,,,,,,,,,,594,,,On,Connected,-53.000000,2462,39,,,,IWLAN
1801,1,,,-121.9331162,47.5260751,2026-01-23 21:12:51.000,_20260123_124628_CH04_TMO_5GNR_WFC_MT-REF-2_TC-157.dml,,,,,,,,,,NR SA,,,,,,,,,,,,,,,,,,,,,,,Connected,,,,,,,IWLAN
1802,1,,,-121.9331162,47.5260751,2026-01-23 21:12:52.000,_20260123_124628_CH04_TMO_5GNR_WFC_MT-REF-2_TC-157.dml,,,,,,,,,,NR SA,,,,,,,,,,,,,,,,,,,594,,,On,Connected,-55.000000,2462,39,,,,IWLAN
1803,1,,,-121.9331162,47.5260751,2026-01-23 21:12:53.000,_20260123_124628_CH04_TMO_5GNR_WFC_MT-REF-2_TC-157.dml,,,,,,,,,,NR SA,,,,,,,,,,,,,,,,,,,,,,,Connected,,,,,,,IWLAN
1804,1,,,-121.9331162,47.5260751,2026-01-23 21:12:54.000,_20260123_124628_CH04_TMO_5GNR_WFC_MT-REF-2_TC-157.dml,,,,,,,,,,NR SA,,,,,,,,,,,,,,,,,,,,,,On,Connected,-55.000000,2462,39,,,,IWLAN
1805,1,,,-121.9331162,47.5260751,2026-01-23 21:12:55.000,_20260123_124628_CH04_TMO_5GNR_WFC_MT-REF-2_TC-157.dml,,,,,,,,,,NR SA,,,,,,,,,,,,,,,,,,,594,,,On,Connected,-51.000000,2462,39,,,,IWLAN
1806,1,,,-121.9331162,47.5260751,2026-01-23 21:12:56.000,_20260123_124628_CH04_TMO_5GNR_WFC_MT-REF-2_TC-157.dml,,,,,,,,,,NR SA,,,,,,,,,,,,,,,,,,,,,,,Connected,,,,,,,IWLAN
1807,1,,,-121.9331162,47.5260751,2026-01-23 21:12:57.000,_20260123_124628_CH04_TMO_5GNR_WFC_MT-REF-2_TC-157.dml,,,,,,,,,,NR SA,,,,,,,,,,,,,,,,,,,594,,2.279593,On,Connected,-52.500000,2462,39,,,,IWLAN
1808,1,,,-121.9331162,47.5260751,2026-01-23 21:12:58.000,_20260123_124628_CH04_TMO_5GNR_WFC_MT-REF-2_TC-157.dml,,,,,,,,,,NR SA,,,,,,,,,,,,,,,,,,,,,2.279593,,Connected,,,,,,,IWLAN
1809,1,,,-121.9331162,47.5260751,2026-01-23 21:12:59.000,_20260123_124628_CH04_TMO_5GNR_WFC_MT-REF-2_TC-157.dml,,,,,,,,,,NR SA,,,,,,,,,,,,,,,,,,,,,2.279593,On,Connected,-54.000000,2462,39,,,,IWLAN
1810,1,,,-121.9331162,47.5260751,2026-01-23 21:13:00.000,_20260123_124628_CH04_TMO_5GNR_WFC_MT-REF-2_TC-157.dml,,,,,,,,,,NR SA,,,,,,,,,,,,,,,,,,,594,,2.279593,,Connected,,,,,,,IWLAN
1811,1,,,-121.9331162,47.5260751,2026-01-23 21:13:01.000,_20260123_124628_CH04_TMO_5GNR_WFC_MT-REF-2_TC-157.dml,,,,,,,,,,NR SA,,,,,,,,,,,,,,,,,,,594,,2.279593,On,Connected,-55.000000,2462,39,,,,IWLAN
1812,1,,,-121.9331162,47.5260751,2026-01-23 21:13:02.000,_20260123_124628_CH04_TMO_5GNR_WFC_MT-REF-2_TC-157.dml,,,,,,,,,,NR SA,,,,,,,,,,,,,,,,,,,594,,2.279593,On,Connected,-55.000000,2462,39,,,,IWLAN
1813,1,,,-121.9331162,47.5260751,2026-01-23 21:13:03.000,_20260123_124628_CH04_TMO_5GNR_WFC_MT-REF-2_TC-157.dml,,,,,,,,,,NR SA,,,,,,,,,,,,,,,,,,,,,2.279593,,Connected,,,,,,,IWLAN
1814,1,,,-121.9331162,47.5260751,2026-01-23 21:13:04.000,_20260123_124628_CH04_TMO_5GNR_WFC_MT-REF-2_TC-157.dml,,,,,,,,,,NR SA,,,,,,,,,,,,,,,,,,,,,2.279593,On,Connected,-56.000000,2462,39,,,,IWLAN
1815,1,,,-121.9331162,47.5260751,2026-01-23 21:13:05.000,_20260123_124628_CH04_TMO_5GNR_WFC_MT-REF-2_TC-157.dml,,,,,,,,,,NR SA,,,,,,,,,,,,,,,,,,,594,,2.279593,On,Connected,-56.000000,2462,39,,,,IWLAN
1816,1,,,-121.9331162,47.5260751,2026-01-23 21:13:06.000,_20260123_124628_CH04_TMO_5GNR_WFC_MT-REF-2_TC-157.dml,,,,,,,,,,NR SA,,,,,,,,,,,,,,,,,,,,,2.279593,On,Connected,-56.000000,2462,39,,,,IWLAN
1817,1,,,-121.9331162,47.5260751,2026-01-23 21:13:07.000,_20260123_124628_CH04_TMO_5GNR_WFC_MT-REF-2_TC-157.dml,,,,,,,,,,NR SA,,,,,,,,,,,,,,,,,,,,,2.279593,On,Connected,-53.000000,2462,39,,,,IWLAN
1818,1,,,-121.9331162,47.5260751,2026-01-23 21:13:07.685,_20260123_124628_CH04_TMO_5GNR_WFC_MT-REF-2_TC-157.dml,,,,,,,,,,,,,,,,,,,,,,,,,,,,,,-73.582031,,,,,,,,,,
1819,1,,,-121.9331162,47.5260751,2026-01-23 21:13:08.000,_20260123_124628_CH04_TMO_5GNR_WFC_MT-REF-2_TC-157.dml,,,,,,,,,,NR SA,,,,,,,,,,,,,,,,,,,594,,,On,Connected,-53.000000,2462,39,,,,IWLAN
1820,1,,,-121.9331162,47.5260751,2026-01-23 21:13:09.000,_20260123_124628_CH04_TMO_5GNR_WFC_MT-REF-2_TC-157.dml,,,,,,,,,,NR SA,,,,,,,,,,,,,,,,,,,,,,On,Connected,-53.000000,2462,39,,,,IWLAN
1821,1,,,-121.9331162,47.5260751,2026-01-23 21:13:10.000,_20260123_124628_CH04_TMO_5GNR_WFC_MT-REF-2_TC-157.dml,,,,,,,,,,NR SA,,,,,,,,,,,,,,,,,,,594,,,On,Connected,-53.000000,2462,39,,,,IWLAN
1822,1,,,-121.9331162,47.5260751,2026-01-23 21:13:11.000,_20260123_124628_CH04_TMO_5GNR_WFC_MT-REF-2_TC-157.dml,,,,,,,,,,NR SA,,,,,,,,,,,,,,,,,,,,,,On,Connected,-53.000000,2462,39,,,,IWLAN
1823,1,,,-121.9331162,47.5260751,2026-01-23 21:13:12.000,_20260123_124628_CH04_TMO_5GNR_WFC_MT-REF-2_TC-157.dml,,,,,,,,,,NR SA,,,,,,,,,,,,,,,,,,,,,,On,Connected,-53.000000,2462,39,,,,IWLAN
1824,1,,,-121.9331162,47.5260751,2026-01-23 21:13:13.000,_20260123_124628_CH04_TMO_5GNR_WFC_MT-REF-2_TC-157.dml,,,,,,,,,,NR SA,,,,,,,,,,,,,,,,,,,594,,,On,Connected,-55.000000,2462,39,,,,IWLAN
1825,1,,,-121.9331162,47.5260751,2026-01-23 21:13:14.000,_20260123_124628_CH04_TMO_5GNR_WFC_MT-REF-2_TC-157.dml,,,,,,,,,,NR SA,,,,,,,,,,,,,,,,,,,,,,On,Connected,-55.000000,2462,39,,,,IWLAN
1826,1,,,-121.9331162,47.5260751,2026-01-23 21:13:15.000,_20260123_124628_CH04_TMO_5GNR_WFC_MT-REF-2_TC-157.dml,,,,,,,,,,NR SA,,,,,,,,,,,,,,,,,,,594,,,On,Connected,-55.000000,2462,39,,,,IWLAN
1827,1,,,-121.9331162,47.5260751,2026-01-23 21:13:16.000,_20260123_124628_CH04_TMO_5GNR_WFC_MT-REF-2_TC-157.dml,,,,,,,,,,NR SA,,,,,,,,,,,,,,,,,,,,,,On,Connected,-55.000000,2462,39,,,,IWLAN
1828,1,,,-121.9331162,47.5260751,2026-01-23 21:13:17.000,_20260123_124628_CH04_TMO_5GNR_WFC_MT-REF-2_TC-157.dml,,,,,,,,,,NR SA,,,,,,,,,,,,,,,,,,,,,,On,Connected,-55.000000,2462,39,,,,IWLAN
1829,1,,,-121.9331162,47.5260751,2026-01-23 21:13:18.000,_20260123_124628_CH04_TMO_5GNR_WFC_MT-REF-2_TC-157.dml,,,,,,,,,,NR SA,,,,,,,,,,,,,,,,,,,594,,2.337145,On,Connected,-55.000000,2462,39,,,,IWLAN
1830,1,,,-121.9331162,47.5260751,2026-01-23 21:13:19.000,_20260123_124628_CH04_TMO_5GNR_WFC_MT-REF-2_TC-157.dml,,,,,,,,,,NR SA,,,,,,,,,,,,,,,,,,,,,2.337145,On,Connected,-54.000000,2462,39,,,,IWLAN
1831,1,,,-121.9331162,47.5260751,2026-01-23 21:13:20.000,_20260123_124628_CH04_TMO_5GNR_WFC_MT-REF-2_TC-157.dml,,,,,,,,,,NR SA,,,,,,,,,,,,,,,,,,,594,,2.337145,On,Connected,-54.000000,2462,39,,,,IWLAN
1832,1,,,-121.9331162,47.5260751,2026-01-23 21:13:21.000,_20260123_124628_CH04_TMO_5GNR_WFC_MT-REF-2_TC-157.dml,,,,,,,,,,NR SA,,,,,,,,,,,,,,,,,,,,,2.337145,On,Connected,-54.000000,2462,39,,,,IWLAN
1833,1,,,-121.9331162,47.5260751,2026-01-23 21:13:22.000,_20260123_124628_CH04_TMO_5GNR_WFC_MT-REF-2_TC-157.dml,,,,,,,,,,NR SA,,,,,,,,,,,,,,,,,,,,,2.337145,On,Connected,-55.000000,2462,52,,,,IWLAN
1834,1,,,-121.9331162,47.5260751,2026-01-23 21:13:23.000,_20260123_124628_CH04_TMO_5GNR_WFC_MT-REF-2_TC-157.dml,,,,,,,,,,NR SA,,,,,,,,,,,,,,,,,,,594,,2.337145,On,Connected,-55.000000,2462,52,,,,IWLAN
1835,1,,,-121.9331162,47.5260751,2026-01-23 21:13:24.000,_20260123_124628_CH04_TMO_5GNR_WFC_MT-REF-2_TC-157.dml,,,,,,,,,,NR SA,,,,,,,,,,,,,,,,,,,,,2.337145,On,Connected,-55.000000,2462,52,,,,IWLAN
1836,1,,,-121.9331162,47.5260751,2026-01-23 21:13:25.000,_20260123_124628_CH04_TMO_5GNR_WFC_MT-REF-2_TC-157.dml,,,,,,,,,,NR SA,,,,,,,,,,,,,,,,,,,,,2.337145,On,Connected,-54.000000,2462,26,,,,IWLAN
1837,1,,,-121.9331162,47.5260751,2026-01-23 21:13:26.000,_20260123_124628_CH04_TMO_5GNR_WFC_MT-REF-2_TC-157.dml,,,,,,,,,,NR SA,,,,,,,,,,,,,,,,,,,594,,2.337145,On,Connected,-54.000000,2462,26,,,,IWLAN
1838,1,,,-121.9331162,47.5260751,2026-01-23 21:13:27.000,_20260123_124628_CH04_TMO_5GNR_WFC_MT-REF-2_TC-157.dml,,,,,,,,,,NR SA,,,,,,,,,,,,,,,,,,,,,,On,Connected,-54.000000,2462,26,,,,IWLAN
1839,1,,,-121.9331162,47.5260751,2026-01-23 21:13:27.906,_20260123_124628_CH04_TMO_5GNR_WFC_MT-REF-2_TC-157.dml,,,,,,,,,,,,,,,,,,,,,,,,,,,,,,-71.539062,,,,,,,,,,
1840,1,,,-121.9331162,47.5260751,2026-01-23 21:13:28.000,_20260123_124628_CH04_TMO_5GNR_WFC_MT-REF-2_TC-157.dml,,,,,,,,,,NR SA,,,,,,,,,,,,,,,,,,,594,,,On,Connected,-52.000000,2462,52,,,,IWLAN
1841,1,,,-121.9331162,47.5260751,2026-01-23 21:13:29.000,_20260123_124628_CH04_TMO_5GNR_WFC_MT-REF-2_TC-157.dml,,,,,,,,,,NR SA,,,,,,,,,,,,,,,,,,,,,,On,Connected,-52.000000,2462,52,,,,IWLAN
1842,1,,,-121.9331162,47.5260751,2026-01-23 21:13:30.000,_20260123_124628_CH04_TMO_5GNR_WFC_MT-REF-2_TC-157.dml,,,,,,,,,,NR SA,,,,,,,,,,,,,,,,,,,,,,On,Connected,-52.000000,2462,52,,,,IWLAN
1843,1,,,-121.9331162,47.5260751,2026-01-23 21:13:31.000,_20260123_124628_CH04_TMO_5GNR_WFC_MT-REF-2_TC-157.dml,,,,,,,,,,NR SA,,,,,,,,,,,,,,,,,,,594,,,On,Connected,-55.000000,2462,39,,,,IWLAN
1844,1,,,-121.9331162,47.5260751,2026-01-23 21:13:32.000,_20260123_124628_CH04_TMO_5GNR_WFC_MT-REF-2_TC-157.dml,,,,,,,,,,NR SA,,,,,,,,,,,,,,,,,,,594,,,On,Connected,-55.000000,2462,39,,,,IWLAN
1845,1,,,-121.9331162,47.5260751,2026-01-23 21:13:33.000,_20260123_124628_CH04_TMO_5GNR_WFC_MT-REF-2_TC-157.dml,,,,,,,,,,NR SA,,,,,,,,,,,,,,,,,,,,,,On,Connected,-55.000000,2462,39,,,,IWLAN
1846,1,,,-121.9331162,47.5260751,2026-01-23 21:13:34.000,_20260123_124628_CH04_TMO_5GNR_WFC_MT-REF-2_TC-157.dml,,,,,,,,,,NR SA,,,,,,,,,,,,,,,,,,,594,,,On,Connected,-54.000000,2462,52,,,,IWLAN
1847,1,,,-121.9331162,47.5260751,2026-01-23 21:13:35.000,_20260123_124628_CH04_TMO_5GNR_WFC_MT-REF-2_TC-157.dml,,,,,,,,,,NR SA,,,,,,,,,,,,,,,,,,,,,,On,Connected,-54.000000,2462,52,,,,IWLAN
1848,1,,,-121.9331162,47.5260751,2026-01-23 21:13:36.000,_20260123_124628_CH04_TMO_5GNR_WFC_MT-REF-2_TC-157.dml,,,,,,,,,,NR SA,,,,,,,,,,,,,,,,,,,,,,On,Connected,-54.000000,2462,52,,,,IWLAN
1849,1,,,-121.9331162,47.5260751,2026-01-23 21:13:37.000,_20260123_124628_CH04_TMO_5GNR_WFC_MT-REF-2_TC-157.dml,,,,,,,,,,NR SA,,,,,,,,,,,,,,,,,,,594,,,On,Connected,-53.000000,2462,39,,,,IWLAN
1850,1,,,-121.9331162,47.5260751,2026-01-23 21:13:38.000,_20260123_124628_CH04_TMO_5GNR_WFC_MT-REF-2_TC-157.dml,,,,,,,,,,NR SA,,,,,,,,,,,,,,,,,,,,,2.399458,On,Connected,-53.000000,2462,39,,,,IWLAN
1851,1,,,-121.9331162,47.5260751,2026-01-23 21:13:39.000,_20260123_124628_CH04_TMO_5GNR_WFC_MT-REF-2_TC-157.dml,,,,,,,,,,NR SA,,,,,,,,,,,,,,,,,,,,,2.399458,On,Connected,-53.000000,2462,39,,,,IWLAN
1852,1,,,-121.9331162,47.5260751,2026-01-23 21:13:40.000,_20260123_124628_CH04_TMO_5GNR_WFC_MT-REF-2_TC-157.dml,,,,,,,,,,NR SA,,,,,,,,,,,,,,,,,,,594,,2.399458,On,Connected,-55.000000,2462,39,,,,IWLAN
1853,1,,,-121.9331162,47.5260751,2026-01-23 21:13:41.000,_20260123_124628_CH04_TMO_5GNR_WFC_MT-REF-2_TC-157.dml,,,,,,,,,,NR SA,,,,,,,,,,,,,,,,,,,594,,2.399458,On,Connected,-55.000000,2462,39,,,,IWLAN
1854,1,,,-121.9331162,47.5260751,2026-01-23 21:13:42.000,_20260123_124628_CH04_TMO_5GNR_WFC_MT-REF-2_TC-157.dml,,,,,,,,,,NR SA,,,,,,,,,,,,,,,,,,,594,,2.399458,On,Connected,-55.000000,2462,39,,,,IWLAN
1855,1,,,-121.9331162,47.5260751,2026-01-23 21:13:43.000,_20260123_124628_CH04_TMO_5GNR_WFC_MT-REF-2_TC-157.dml,,,,,,,,,,NR SA,,,,,,,,,,,,,,,,,,,594,,2.399458,On,Connected,-54.000000,2462,39,,,,IWLAN
1856,1,,,-121.9331162,47.5260751,2026-01-23 21:13:44.000,_20260123_124628_CH04_TMO_5GNR_WFC_MT-REF-2_TC-157.dml,,,,,,,,,,NR SA,,,,,,,,,,,,,,,,,,,,,2.399458,On,Connected,-54.000000,2462,39,,,,IWLAN
1857,1,,,-121.9331162,47.5260751,2026-01-23 21:13:45.000,_20260123_124628_CH04_TMO_5GNR_WFC_MT-REF-2_TC-157.dml,,,,,,,,,,NR SA,,,,,,,,,,,,,,,,,,,594,,2.399458,On,Connected,-54.000000,2462,39,,,,IWLAN
1858,1,,,-121.9331162,47.5260751,2026-01-23 21:13:46.000,_20260123_124628_CH04_TMO_5GNR_WFC_MT-REF-2_TC-157.dml,,,,,,,,,,NR SA,,,,,,,,,,,,,,,,,,,594,,2.399458,On,Connected,-57.000000,2462,52,,,,IWLAN
1859,1,,,-121.9331162,47.5260751,2026-01-23 21:13:47.000,_20260123_124628_CH04_TMO_5GNR_WFC_MT-REF-2_TC-157.dml,,,,,,,,,,NR SA,,,,,,,,,,,,,,,,,,,594,,,On,Connected,-57.000000,2462,52,,,,IWLAN
1860,1,,,-121.9331162,47.5260751,2026-01-23 21:13:47.783,_20260123_124628_CH04_TMO_5GNR_WFC_MT-REF-2_TC-157.dml,,,,,,,,,,,,,,,,,,,,,,,,,,,,,,-78.811768,,,,,,,,,,
1861,1,,,-121.9331162,47.5260751,2026-01-23 21:13:48.000,_20260123_124628_CH04_TMO_5GNR_WFC_MT-REF-2_TC-157.dml,,,,,,,,,,NR SA,,,,,,,,,,,,,,,,,,,,,,On,Connected,-57.000000,2462,52,,,,IWLAN
1862,1,,,-121.9331162,47.5260751,2026-01-23 21:13:49.000,_20260123_124628_CH04_TMO_5GNR_WFC_MT-REF-2_TC-157.dml,,,,,,,,,,NR SA,,,,,,,,,,,,,,,,,,,,,,On,Connected,-53.000000,2462,52,,,,IWLAN
1863,1,,,-121.9331162,47.5260751,2026-01-23 21:13:50.000,_20260123_124628_CH04_TMO_5GNR_WFC_MT-REF-2_TC-157.dml,,,,,,,,,,NR SA,,,,,,,,,,,,,,,,,,,594,,,On,Connected,-53.000000,2462,52,,,,IWLAN
1864,1,,,-121.9331162,47.5260751,2026-01-23 21:13:51.000,_20260123_124628_CH04_TMO_5GNR_WFC_MT-REF-2_TC-157.dml,,,,,,,,,,NR SA,,,,,,,,,,,,,,,,,,,,,,On,Connected,-53.000000,2462,52,,,,IWLAN
1865,1,,,-121.9331162,47.5260751,2026-01-23 21:13:52.000,_20260123_124628_CH04_TMO_5GNR_WFC_MT-REF-2_TC-157.dml,,,,,,,,,,NR SA,,,,,,,,,,,,,,,,,,,594,,,On,Connected,-53.000000,2462,39,,,,IWLAN
1866,1,,,-121.9331162,47.5260751,2026-01-23 21:13:53.000,_20260123_124628_CH04_TMO_5GNR_WFC_MT-REF-2_TC-157.dml,,,,,,,,,,NR SA,,,,,,,,,,,,,,,,,,,,,,,Connected,,,,,,,IWLAN
1867,1,,,-121.9331162,47.5260751,2026-01-23 21:13:54.000,_20260123_124628_CH04_TMO_5GNR_WFC_MT-REF-2_TC-157.dml,,,,,,,,,,NR SA,,,,,,,,,,,,,,,,,,,,,,On,Connected,-53.000000,2462,39,,,,IWLAN
1868,1,,,-121.9331162,47.5260751,2026-01-23 21:13:55.000,_20260123_124628_CH04_TMO_5GNR_WFC_MT-REF-2_TC-157.dml,,,,,,,,,,NR SA,,,,,,,,,,,,,,,,,,,594,,,On,Connected,-52.000000,2462,39,,,,IWLAN
1869,1,,,-121.9331162,47.5260751,2026-01-23 21:13:56.000,_20260123_124628_CH04_TMO_5GNR_WFC_MT-REF-2_TC-157.dml,,,,,,,,,,NR SA,,,,,,,,,,,,,,,,,,,594,,,On,Connected,-52.000000,2462,39,,,,IWLAN
1870,1,,,-121.9331162,47.5260751,2026-01-23 21:13:57.000,_20260123_124628_CH04_TMO_5GNR_WFC_MT-REF-2_TC-157.dml,,,,,,,,,,NR SA,,,,,,,,,,,,,,,,,,,,,,On,Connected,-52.000000,2462,39,,,,IWLAN
1871,1,,,-121.9331162,47.5260751,2026-01-23 21:13:57.640,_20260123_124628_CH04_TMO_5GNR_WFC_MT-REF-2_TC-157.dml,,,,,,,,,,,,,,,,,,,,,,,[Tool] Voice - Pair Channel Call Drop,,,,,,,,,,,,,,,,,
1872,1,,,-121.9331162,47.5260751,2026-01-23 21:13:57.640,_20260123_124628_CH04_TMO_5GNR_WFC_MT-REF-2_TC-157.dml,,,,,,,,,,,,,,,,,,,,,,,[Tool] Voice - Release Call Request,,,,,,,,,,,,,,,,,
1873,1,,,-121.9331162,47.5260751,2026-01-23 21:13:57.931,_20260123_124628_CH04_TMO_5GNR_WFC_MT-REF-2_TC-157.dml,,,,,,,,,,,,,,,,,,,,,,Complete,[Tool] Voice - Call Result : Complete,,,,,,,,,,,,,,,,,
1874,1,,,-121.9331162,47.5260751,2026-01-23 21:13:57.931,_20260123_124628_CH04_TMO_5GNR_WFC_MT-REF-2_TC-157.dml,,,,,,,,,,,,,,,,,,,,,,,[UE]   Voice - Release Call Success,,,,,,,,,,,,,,,,,
1875,1,,,-121.9331162,47.5260751,2026-01-23 21:13:58.000,_20260123_124628_CH04_TMO_5GNR_WFC_MT-REF-2_TC-157.dml,,,,,,,,,,,,,,,,,,,,,,,,1,,,,,,,,On,Connected,-52.000000,2462,52,,,,IWLAN
1876,1,,,-121.9331162,47.5260751,2026-01-23 21:13:58.783,_20260123_124628_CH04_TMO_5GNR_WFC_MT-REF-2_TC-157.dml,,,,,,,,,,,,,,,,,,,,,,,[UE]   Voice - Release Call Success,,,,,,,,,,,,,,,,,
1877,1,,,-121.9331162,47.5260751,2026-01-23 21:13:59.000,_20260123_124628_CH04_TMO_5GNR_WFC_MT-REF-2_TC-157.dml,,,,,,,,,,,,,,,,,,,,,,,,,,,,,594,,,On,Connected,-52.000000,2462,52,,,,IWLAN
1878,1,,,-121.9331162,47.5260751,2026-01-23 21:14:00.000,_20260123_124628_CH04_TMO_5GNR_WFC_MT-REF-2_TC-157.dml,,,,,,,,,,,,,,,,,,,,,,,,,,,,,,,,On,Connected,-52.000000,2462,52,,,,IWLAN
1879,1,,,-121.9331162,47.5260751,2026-01-23 21:14:01.000,_20260123_124628_CH04_TMO_5GNR_WFC_MT-REF-2_TC-157.dml,,,,,,,,,,,,,,,,,,,,,,,,,,,,,594,,,On,Connected,-61.000000,2462,52,,,,IWLAN
1880,1,,,-121.9331162,47.5260751,2026-01-23 21:14:02.000,_20260123_124628_CH04_TMO_5GNR_WFC_MT-REF-2_TC-157.dml,,,,,,,,,,,,,,,,,,,,,,,,,,,,,,,,On,Connected,-61.000000,2462,52,,,,IWLAN
1881,1,,,-121.9331162,47.5260751,2026-01-23 21:14:03.000,_20260123_124628_CH04_TMO_5GNR_WFC_MT-REF-2_TC-157.dml,,,,,,,,,,,,,,,,,,,,,,,,,,,,,,,,On,Connected,-61.000000,2462,52,,,,IWLAN
1882,1,,,-121.9331162,47.5260751,2026-01-23 21:14:04.000,_20260123_124628_CH04_TMO_5GNR_WFC_MT-REF-2_TC-157.dml,,,,,,,,,,,,,,,,,,,,,,,,,,,,,594,,,On,Connected,-61.000000,2462,52,,,,IWLAN
1883,1,,,-121.9331162,47.5260751,2026-01-23 21:14:05.000,_20260123_124628_CH04_TMO_5GNR_WFC_MT-REF-2_TC-157.dml,,,,,,,,,,,,,,,,,,,,,,,,,,,,,,,,On,Connected,-61.000000,2462,52,,,,IWLAN
1884,1,,,-121.9331162,47.5260751,2026-01-23 21:14:06.000,_20260123_124628_CH04_TMO_5GNR_WFC_MT-REF-2_TC-157.dml,,,,,,,,,,,,,,,,,,,,,,,,,,,,,594,,,On,Connected,-61.000000,2462,52,,,,IWLAN
1885,1,,,-121.9331162,47.5260751,2026-01-23 21:14:07.000,_20260123_124628_CH04_TMO_5GNR_WFC_MT-REF-2_TC-157.dml,,,,,,,,,,,,,,,,,,,,,,,,,,,,,,,,On,Connected,-61.000000,2462,58,,,,IWLAN
1886,1,,,-121.9331162,47.5260751,2026-01-23 21:14:08.000,_20260123_124628_CH04_TMO_5GNR_WFC_MT-REF-2_TC-157.dml,,,,,,,,,,,,,,,,,,,,,,,,,,,,,,,,On,Connected,-61.000000,2462,58,,,,IWLAN
1887,1,,,-121.9331162,47.5260751,2026-01-23 21:14:09.000,_20260123_124628_CH04_TMO_5GNR_WFC_MT-REF-2_TC-157.dml,,,,,,,,,,,,,,,,,,,,,,,,,,,,,594,,,On,Connected,-61.000000,2462,58,,,,IWLAN
1888,1,,,-121.9331162,47.5260751,2026-01-23 21:14:10.000,_20260123_124628_CH04_TMO_5GNR_WFC_MT-REF-2_TC-157.dml,,,,,,,,,,,,,,,,,,,,,,,,,,,,,,,,On,Connected,-54.000000,2462,58,,,,IWLAN
1889,1,,,-121.9331162,47.5260751,2026-01-23 21:14:11.000,_20260123_124628_CH04_TMO_5GNR_WFC_MT-REF-2_TC-157.dml,,,,,,,,,,,,,,,,,,,,,,,,,,,,,,,,On,Connected,-54.000000,2462,58,,,,IWLAN
1890,1,,,-121.9331162,47.5260751,2026-01-23 21:14:12.000,_20260123_124628_CH04_TMO_5GNR_WFC_MT-REF-2_TC-157.dml,,,,,,,,,,,,,,,,,,,,,,,,,,,,,594,,,On,Connected,-54.000000,2462,58,,,,IWLAN
1891,1,,,-121.9331162,47.5260751,2026-01-23 21:14:13.000,_20260123_124628_CH04_TMO_5GNR_WFC_MT-REF-2_TC-157.dml,,,,,,,,,,,,,,,,,,,,,,,,,,,,,,,,On,Connected,-54.000000,2462,58,,,,IWLAN
1892,1,,,-121.9331162,47.5260751,2026-01-23 21:14:14.000,_20260123_124628_CH04_TMO_5GNR_WFC_MT-REF-2_TC-157.dml,,,,,,,,,,,,,,,,,,,,,,,,,,,,,,,,On,Connected,-54.000000,2462,58,,,,IWLAN
1893,1,,,-121.9331162,47.5260751,2026-01-23 21:14:15.000,_20260123_124628_CH04_TMO_5GNR_WFC_MT-REF-2_TC-157.dml,,,,,,,,,,,,,,,,,,,,,,,,,,,,,594,,,On,Connected,-54.000000,2462,58,,,,IWLAN
1894,1,,,-121.9331162,47.5260751,2026-01-23 21:14:16.000,_20260123_124628_CH04_TMO_5GNR_WFC_MT-REF-2_TC-157.dml,,,,,,,,,,,,,,,,,,,,,,,,,,,,,,,,On,Connected,-55.000000,2462,58,,,,IWLAN
1895,1,,,-121.9331162,47.5260751,2026-01-23 21:14:17.000,_20260123_124628_CH04_TMO_5GNR_WFC_MT-REF-2_TC-157.dml,,,,,,,,,,,,,,,,,,,,,,,,,,,,,594,,,On,Connected,-55.000000,2462,58,,,,IWLAN
1896,1,,,-121.9331162,47.5260751,2026-01-23 21:14:18.000,_20260123_124628_CH04_TMO_5GNR_WFC_MT-REF-2_TC-157.dml,,,,,,,,,,,,,,,,,,,,,,,,,,,,,,,,On,Connected,-55.000000,2462,58,,,,IWLAN
1897,1,,,-121.9331162,47.5260751,2026-01-23 21:14:19.000,_20260123_124628_CH04_TMO_5GNR_WFC_MT-REF-2_TC-157.dml,,,,,,,,,,,,,,,,,,,,,,,,,,,,,,,,On,Connected,-59.000000,2462,52,,,,IWLAN
1898,1,,,-121.9331162,47.5260751,2026-01-23 21:14:20.000,_20260123_124628_CH04_TMO_5GNR_WFC_MT-REF-2_TC-157.dml,,,,,,,,,,,,,,,,,,,,,,,,,,,,,594,,,On,Connected,-59.000000,2462,52,,,,IWLAN
1899,1,,,-121.9331162,47.5260751,2026-01-23 21:14:21.000,_20260123_124628_CH04_TMO_5GNR_WFC_MT-REF-2_TC-157.dml,,,,,,,,,,,,,,,,,,,,,,,,,,,,,594,,,On,Connected,-59.000000,2462,52,,,,IWLAN
1900,1,,,-121.9331162,47.5260751,2026-01-23 21:14:22.000,_20260123_124628_CH04_TMO_5GNR_WFC_MT-REF-2_TC-157.dml,,,,,,,,,,,,,,,,,,,,,,,,,,,,,,,,On,Connected,-57.000000,2462,52,,,,IWLAN
1901,1,,,-121.9331162,47.5260751,2026-01-23 21:14:23.000,_20260123_124628_CH04_TMO_5GNR_WFC_MT-REF-2_TC-157.dml,,,,,,,,,,,,,,,,,,,,,,,,,,,,,594,,,On,Connected,-57.000000,2462,52,,,,IWLAN
1902,1,,,-121.9331162,47.5260751,2026-01-23 21:14:24.000,_20260123_124628_CH04_TMO_5GNR_WFC_MT-REF-2_TC-157.dml,,,,,,,,,,,,,,,,,,,,,,,,,,,,,,,,On,Connected,-57.000000,2462,52,,,,IWLAN
1903,1,,,-121.9331162,47.5260751,2026-01-23 21:14:25.000,_20260123_124628_CH04_TMO_5GNR_WFC_MT-REF-2_TC-157.dml,,,,,,,,,,,,,,,,,,,,,,,,,,,,,,,,On,Connected,-62.000000,2462,52,,,,IWLAN
1904,1,,,-121.9331162,47.5260751,2026-01-23 21:14:26.000,_20260123_124628_CH04_TMO_5GNR_WFC_MT-REF-2_TC-157.dml,,,,,,,,,,,,,,,,,,,,,,,,,,,,,594,,,On,Connected,-62.000000,2462,52,,,,IWLAN
1905,1,,,-121.9331162,47.5260751,2026-01-23 21:14:26.092,_20260123_124628_CH04_TMO_5GNR_WFC_MT-REF-2_TC-157.dml,,,,,,,,,,,,,,,,,,,,,,,[Tool] Voice - Release Call Request,,,,,,,,,,,,,,,,,
1906,1,,,-121.9331162,47.5260751,2026-01-23 21:14:26.003,_20260123_124628_CH04_TMO_5GNR_WFC_MT-REF-2_TC-157.dml,,,,,,,,,,,,,,,,,,,,,,,[Tool] Voice - Answer Request,,,,,,,,,,,,,,,,,
1907,1,,,-121.9331162,47.5260751,2026-01-23 21:14:27.000,_20260123_124628_CH04_TMO_5GNR_WFC_MT-REF-2_TC-157.dml,,,,,,,,,,,,,,,,,,,,,,,,,,,,,,,,On,Connected,-62.000000,2462,52,,,,IWLAN
1908,1,,,-121.9331162,47.5260751,2026-01-23 21:14:28.000,_20260123_124628_CH04_TMO_5GNR_WFC_MT-REF-2_TC-157.dml,,,,,,,,,,,,,,,,,,,,,,,,,,,,,,,,On,Connected,-63.000000,2462,52,,,,IWLAN
1909,1,,,-121.9331162,47.5260751,2026-01-23 21:14:28.400,_20260123_124628_CH04_TMO_5GNR_WFC_MT-REF-2_TC-157.dml,,,,,,,,,,,,,,,,,,,,,,,[Tool] Voice - Call Scheduling End,,,,,,,,,,,,,,,,,
1910,1,,,-121.9331162,47.5260751,2026-01-23 21:14:28.400,_20260123_124628_CH04_TMO_5GNR_WFC_MT-REF-2_TC-157.dml,NR SA,Voice,Complete,NR SA,NR SA,Qualcomm,,354877970012475,,,,,,,,,Complete,Termination,Complete,,,,,,,,,90.468000,,,,,,,,,,EPSFB,,
1911,1,,,-121.9331162,47.5260751,2026-01-23 21:14:28.400,_20260123_124628_CH04_TMO_5GNR_WFC_MT-REF-2_TC-157.dml,,,,,,,,,,,,,,,,,,,,,,,[Tool] Voice - Release Call Request,,,,,,,,,,,,,,,,,
1912,1,,,-121.9331162,47.5260751,2026-01-23 21:14:29.000,_20260123_124628_CH04_TMO_5GNR_WFC_MT-REF-2_TC-157.dml,,,,,,,,,,,,,,,,,,,,,,,,,,,,,594,,,On,Connected,-63.000000,2462,52,,,,IWLAN
1913,1,,,-121.9331162,47.5260751,2026-01-23 21:14:29.120,_20260123_124628_CH04_TMO_5GNR_WFC_MT-REF-2_TC-157.dml,,,,,,,,,,,,,,,,,,,,,,,[Tool] Voice - Call Scheduling Start(Term),,,,,,,,,,,,,,,,,
1914,1,,,-121.9331162,47.5260751,2026-01-23 21:14:29.120,_20260123_124628_CH04_TMO_5GNR_WFC_MT-REF-2_TC-157.dml,,,,,,,,,,,,,,,,,,,,,,,[Tool] Voice - Wait Page,,,,,,,,,,,,,,,,,
1915,1,,,-121.9331162,47.5260751,2026-01-23 21:14:30.000,_20260123_124628_CH04_TMO_5GNR_WFC_MT-REF-2_TC-157.dml,,,,,,,,,,,,,,,,,,,,,,,,,,,,,594,,,On,Connected,-63.000000,2462,52,,,,IWLAN
1916,1,,,-121.9331162,47.5260751,2026-01-23 21:14:31.000,_20260123_124628_CH04_TMO_5GNR_WFC_MT-REF-2_TC-157.dml,,,,,,,,,,,,,,,,,,,,,,,,,,,,,,,,On,Connected,-60.000000,2462,52,,,,IWLAN
1917,1,,,-121.9331162,47.5260751,2026-01-23 21:14:32.000,_20260123_124628_CH04_TMO_5GNR_WFC_MT-REF-2_TC-157.dml,,,,,,,,,,,,,,,,,,,,,,,,,,,,,594,,,On,Connected,-60.000000,2462,52,,,,IWLAN
1918,1,,,-121.9331162,47.5260751,2026-01-23 21:14:33.000,_20260123_124628_CH04_TMO_5GNR_WFC_MT-REF-2_TC-157.dml,,,,,,,,,,,,,,,,,,,,,,,,,,,,,,,,On,Connected,-60.000000,2462,52,,,,IWLAN
1919,1,,,-121.9331162,47.5260751,2026-01-23 21:14:33.982,_20260123_124628_CH04_TMO_5GNR_WFC_MT-REF-2_TC-157.dml,,,,,,,,,,,,,,,,,,,,,,,[Tool] Voice - Answer Request,,,,,,,,,,,,,,,,,
1920,1,,,-121.9331162,47.5260751,2026-01-23 21:14:34.000,_20260123_124628_CH04_TMO_5GNR_WFC_MT-REF-2_TC-157.dml,,,,,,,,,,,,,,,,,,,,,,,,,,,,,,,,On,Connected,-58.000000,2462,52,,,,IWLAN
1921,1,,,-121.9331162,47.5260751,2026-01-23 21:14:35.021,_20260123_124628_CH04_TMO_5GNR_WFC_MT-REF-2_TC-157.dml,,,,,,,,,,,,,,,,,,,,,,,[Tool] Voice - Answer Request,,,,,,,,,,,,,,,,,
1922,1,,,-121.9331162,47.5260751,2026-01-23 21:14:35.136,_20260123_124628_CH04_TMO_5GNR_WFC_MT-REF-2_TC-157.dml,,,,,,,,,,,,,,,,,,,,,,,[UE]   Voice - Setup Success,,,,,,,,,,,,,,,,,
1923,1,,,-121.9331162,47.5260751,2026-01-23 21:14:35.000,_20260123_124628_CH04_TMO_5GNR_WFC_MT-REF-2_TC-157.dml,,,,,,,,,,NR SA,,,,,,,,,,,,,,,,,,,594,,,On,Connected,-58.000000,2462,52,,,,IWLAN
1924,1,,,-121.9331162,47.5260751,2026-01-23 21:14:36.000,_20260123_124628_CH04_TMO_5GNR_WFC_MT-REF-2_TC-157.dml,,,,,,,,,,NR SA,,,,,,,,,,,,,,,,,,,,,,On,Connected,-58.000000,2462,52,,,,IWLAN
1925,1,,,-121.9331162,47.5260751,2026-01-23 21:14:37.000,_20260123_124628_CH04_TMO_5GNR_WFC_MT-REF-2_TC-157.dml,,,,,,,,,,NR SA,,,,,,,,,,,,,,,,,,,594,,,On,Connected,-52.000000,2462,52,,,,IWLAN
1926,1,,,-121.9331162,47.5260751,2026-01-23 21:14:38.000,_20260123_124628_CH04_TMO_5GNR_WFC_MT-REF-2_TC-157.dml,,,,,,,,,,NR SA,,,,,,,,,,,,,,,,,,,,,,On,Connected,-52.000000,2462,52,,,,IWLAN
1927,1,,,-121.9331162,47.5260751,2026-01-23 21:14:39.000,_20260123_124628_CH04_TMO_5GNR_WFC_MT-REF-2_TC-157.dml,,,,,,,,,,NR SA,,,,,,,,,,,,,,,,,,,,,,On,Connected,-52.000000,2462,52,,,,IWLAN
1928,1,,,-121.9331162,47.5260751,2026-01-23 21:14:40.000,_20260123_124628_CH04_TMO_5GNR_WFC_MT-REF-2_TC-157.dml,,,,,,,,,,NR SA,,,,,,,,,,,,,,,,,,,594,,,On,Connected,-55.000000,2462,52,,,,IWLAN
1929,1,,,-121.9331162,47.5260751,2026-01-23 21:14:41.000,_20260123_124628_CH04_TMO_5GNR_WFC_MT-REF-2_TC-157.dml,,,,,,,,,,NR SA,,,,,,,,,,,,,,,,,,,,,,On,Connected,-55.000000,2462,52,,,,IWLAN
1930,1,,,-121.9331162,47.5260751,2026-01-23 21:14:42.000,_20260123_124628_CH04_TMO_5GNR_WFC_MT-REF-2_TC-157.dml,,,,,,,,,,NR SA,,,,,,,,,,,,,,,,,,,,,,On,Connected,-55.000000,2462,52,,,,IWLAN
1931,1,,,-121.9331162,47.5260751,2026-01-23 21:14:43.000,_20260123_124628_CH04_TMO_5GNR_WFC_MT-REF-2_TC-157.dml,,,,,,,,,,NR SA,,,,,,,,,,,,,,,,,,,594,,,On,Connected,-58.000000,2462,52,,,,IWLAN
1932,1,,,-121.9331162,47.5260751,2026-01-23 21:14:44.000,_20260123_124628_CH04_TMO_5GNR_WFC_MT-REF-2_TC-157.dml,,,,,,,,,,NR SA,,,,,,,,,,,,,,,,,,,,,,On,Connected,-58.000000,2462,52,,,,IWLAN
1933,1,,,-121.9331162,47.5260751,2026-01-23 21:14:45.000,_20260123_124628_CH04_TMO_5GNR_WFC_MT-REF-2_TC-157.dml,,,,,,,,,,NR SA,,,,,,,,,,,,,,,,,,,594,,,On,Connected,-58.000000,2462,52,,,,IWLAN
1934,1,,,-121.9331162,47.5260751,2026-01-23 21:14:46.000,_20260123_124628_CH04_TMO_5GNR_WFC_MT-REF-2_TC-157.dml,,,,,,,,,,NR SA,,,,,,,,,,,,,,,,,,,,,2.135598,On,Connected,-53.000000,2462,52,,,,IWLAN
1935,1,,,-121.9331162,47.5260751,2026-01-23 21:14:47.000,_20260123_124628_CH04_TMO_5GNR_WFC_MT-REF-2_TC-157.dml,,,,,,,,,,NR SA,,,,,,,,,,,,,,,,,,,,,2.135598,On,Connected,-53.000000,2462,52,,,,IWLAN
1936,1,,,-121.9331162,47.5260751,2026-01-23 21:14:48.000,_20260123_124628_CH04_TMO_5GNR_WFC_MT-REF-2_TC-157.dml,,,,,,,,,,NR SA,,,,,,,,,,,,,,,,,,,594,,2.135598,On,Connected,-53.000000,2462,52,,,,IWLAN
1937,1,,,-121.9331162,47.5260751,2026-01-23 21:14:49.000,_20260123_124628_CH04_TMO_5GNR_WFC_MT-REF-2_TC-157.dml,,,,,,,,,,NR SA,,,,,,,,,,,,,,,,,,,,,2.135598,On,Connected,-54.000000,2462,52,,,,IWLAN
1938,1,,,-121.9331162,47.5260751,2026-01-23 21:14:50.000,_20260123_124628_CH04_TMO_5GNR_WFC_MT-REF-2_TC-157.dml,,,,,,,,,,NR SA,,,,,,,,,,,,,,,,,,,594,,2.135598,On,Connected,-54.000000,2462,52,,,,IWLAN
1939,1,,,-121.9331162,47.5260751,2026-01-23 21:14:51.000,_20260123_124628_CH04_TMO_5GNR_WFC_MT-REF-2_TC-157.dml,,,,,,,,,,NR SA,,,,,,,,,,,,,,,,,,,,,2.135598,On,Connected,-54.000000,2462,52,,,,IWLAN
1940,1,,,-121.9331162,47.5260751,2026-01-23 21:14:52.000,_20260123_124628_CH04_TMO_5GNR_WFC_MT-REF-2_TC-157.dml,,,,,,,,,,NR SA,,,,,,,,,,,,,,,,,,,,,2.135598,On,Connected,-56.000000,2462,52,,,,IWLAN
1941,1,,,-121.9331162,47.5260751,2026-01-23 21:14:53.000,_20260123_124628_CH04_TMO_5GNR_WFC_MT-REF-2_TC-157.dml,,,,,,,,,,NR SA,,,,,,,,,,,,,,,,,,,594,,2.135598,On,Connected,-56.000000,2462,52,,,,IWLAN
1942,1,,,-121.9331162,47.5260751,2026-01-23 21:14:54.000,_20260123_124628_CH04_TMO_5GNR_WFC_MT-REF-2_TC-157.dml,,,,,,,,,,NR SA,,,,,,,,,,,,,,,,,,,,,2.135598,On,Connected,-56.000000,2462,52,,,,IWLAN
1943,1,,,-121.9331162,47.5260751,2026-01-23 21:14:55.000,_20260123_124628_CH04_TMO_5GNR_WFC_MT-REF-2_TC-157.dml,,,,,,,,,,NR SA,,,,,,,,,,,,,,,,,,,594,,2.135598,On,Connected,-55.000000,2462,52,,,,IWLAN
1944,1,,,-121.9331162,47.5260751,2026-01-23 21:14:55.602,_20260123_124628_CH04_TMO_5GNR_WFC_MT-REF-2_TC-157.dml,,,,,,,,,,,,,,,,,,,,,,,,,,,,,,-76.486328,,,,,,,,,,
1945,1,,,-121.9331162,47.5260751,2026-01-23 21:14:56.000,_20260123_124628_CH04_TMO_5GNR_WFC_MT-REF-2_TC-157.dml,,,,,,,,,,NR SA,,,,,,,,,,,,,,,,,,,,,,On,Connected,-55.000000,2462,52,,,,IWLAN
1946,1,,,-121.9331162,47.5260751,2026-01-23 21:14:57.000,_20260123_124628_CH04_TMO_5GNR_WFC_MT-REF-2_TC-157.dml,,,,,,,,,,NR SA,,,,,,,,,,,,,,,,,,,,,,On,Connected,-55.000000,2462,52,,,,IWLAN
1947,1,,,-121.9331162,47.5260751,2026-01-23 21:14:58.000,_20260123_124628_CH04_TMO_5GNR_WFC_MT-REF-2_TC-157.dml,,,,,,,,,,NR SA,,,,,,,,,,,,,,,,,,,594,,,On,Connected,-54.000000,2462,52,,,,IWLAN
1948,1,,,-121.9331162,47.5260751,2026-01-23 21:14:59.000,_20260123_124628_CH04_TMO_5GNR_WFC_MT-REF-2_TC-157.dml,,,,,,,,,,NR SA,,,,,,,,,,,,,,,,,,,,,,On,Connected,-54.000000,2462,52,,,,IWLAN
1949,1,,,-121.9331162,47.5260751,2026-01-23 21:15:00.000,_20260123_124628_CH04_TMO_5GNR_WFC_MT-REF-2_TC-157.dml,,,,,,,,,,NR SA,,,,,,,,,,,,,,,,,,,594,,,On,Connected,-54.000000,2462,52,,,,IWLAN
1950,1,,,-121.9331162,47.5260751,2026-01-23 21:15:01.000,_20260123_124628_CH04_TMO_5GNR_WFC_MT-REF-2_TC-157.dml,,,,,,,,,,NR SA,,,,,,,,,,,,,,,,,,,,,,On,Connected,-54.000000,2462,52,,,,IWLAN
1951,1,,,-121.9331162,47.5260751,2026-01-23 21:15:02.000,_20260123_124628_CH04_TMO_5GNR_WFC_MT-REF-2_TC-157.dml,,,,,,,,,,NR SA,,,,,,,,,,,,,,,,,,,,,,On,Connected,-54.000000,2462,52,,,,IWLAN
1952,1,,,-121.9331162,47.5260751,2026-01-23 21:15:03.000,_20260123_124628_CH04_TMO_5GNR_WFC_MT-REF-2_TC-157.dml,,,,,,,,,,NR SA,,,,,,,,,,,,,,,,,,,594,,,On,Connected,-54.000000,2462,52,,,,IWLAN
1953,1,,,-121.9331162,47.5260751,2026-01-23 21:15:04.000,_20260123_124628_CH04_TMO_5GNR_WFC_MT-REF-2_TC-157.dml,,,,,,,,,,NR SA,,,,,,,,,,,,,,,,,,,,,,On,Connected,-56.000000,2462,52,,,,IWLAN
1954,1,,,-121.9331162,47.5260751,2026-01-23 21:15:05.000,_20260123_124628_CH04_TMO_5GNR_WFC_MT-REF-2_TC-157.dml,,,,,,,,,,NR SA,,,,,,,,,,,,,,,,,,,,,,On,Connected,-56.000000,2462,52,,,,IWLAN
1955,1,,,-121.9331162,47.5260751,2026-01-23 21:15:06.000,_20260123_124628_CH04_TMO_5GNR_WFC_MT-REF-2_TC-157.dml,,,,,,,,,,NR SA,,,,,,,,,,,,,,,,,,,594,,2.157533,On,Connected,-56.000000,2462,52,,,,IWLAN
1956,1,,,-121.9331162,47.5260751,2026-01-23 21:15:07.000,_20260123_124628_CH04_TMO_5GNR_WFC_MT-REF-2_TC-157.dml,,,,,,,,,,NR SA,,,,,,,,,,,,,,,,,,,594,,2.157533,On,Connected,-53.000000,2462,52,,,,IWLAN
1957,1,,,-121.9331162,47.5260751,2026-01-23 21:15:08.000,_20260123_124628_CH04_TMO_5GNR_WFC_MT-REF-2_TC-157.dml,,,,,,,,,,NR SA,,,,,,,,,,,,,,,,,,,594,,2.157533,On,Connected,-53.000000,2462,52,,,,IWLAN
1958,1,,,-121.9331162,47.5260751,2026-01-23 21:15:09.000,_20260123_124628_CH04_TMO_5GNR_WFC_MT-REF-2_TC-157.dml,,,,,,,,,,NR SA,,,,,,,,,,,,,,,,,,,,,2.157533,On,Connected,-53.000000,2462,52,,,,IWLAN
1959,1,,,-121.9331162,47.5260751,2026-01-23 21:15:10.000,_20260123_124628_CH04_TMO_5GNR_WFC_MT-REF-2_TC-157.dml,,,,,,,,,,NR SA,,,,,,,,,,,,,,,,,,,,,2.157533,On,Connected,-56.000000,2462,39,,,,IWLAN
1960,1,,,-121.9331162,47.5260751,2026-01-23 21:15:11.000,_20260123_124628_CH04_TMO_5GNR_WFC_MT-REF-2_TC-157.dml,,,,,,,,,,NR SA,,,,,,,,,,,,,,,,,,,594,,2.157533,On,Connected,-56.000000,2462,39,,,,IWLAN
1961,1,,,-121.9331162,47.5260751,2026-01-23 21:15:12.000,_20260123_124628_CH04_TMO_5GNR_WFC_MT-REF-2_TC-157.dml,,,,,,,,,,NR SA,,,,,,,,,,,,,,,,,,,,,2.157533,On,Connected,-56.000000,2462,39,,,,IWLAN
1962,1,,,-121.9331162,47.5260751,2026-01-23 21:15:13.000,_20260123_124628_CH04_TMO_5GNR_WFC_MT-REF-2_TC-157.dml,,,,,,,,,,NR SA,,,,,,,,,,,,,,,,,,,594,,2.157533,On,Connected,-55.000000,2462,26,,,,IWLAN
1963,1,,,-121.9331162,47.5260751,2026-01-23 21:15:14.000,_20260123_124628_CH04_TMO_5GNR_WFC_MT-REF-2_TC-157.dml,,,,,,,,,,NR SA,,,,,,,,,,,,,,,,,,,594,,2.157533,On,Connected,-55.000000,2462,26,,,,IWLAN
1964,1,,,-121.9331162,47.5260751,2026-01-23 21:15:15.000,_20260123_124628_CH04_TMO_5GNR_WFC_MT-REF-2_TC-157.dml,,,,,,,,,,NR SA,,,,,,,,,,,,,,,,,,,,,2.157533,On,Connected,-55.000000,2462,26,,,,IWLAN
1965,1,,,-121.9331162,47.5260751,2026-01-23 21:15:15.681,_20260123_124628_CH04_TMO_5GNR_WFC_MT-REF-2_TC-157.dml,,,,,,,,,,,,,,,,,,,,,,,,,,,,,,-76.632812,,,,,,,,,,
1966,1,,,-121.9331162,47.5260751,2026-01-23 21:15:16.000,_20260123_124628_CH04_TMO_5GNR_WFC_MT-REF-2_TC-157.dml,,,,,,,,,,NR SA,,,,,,,,,,,,,,,,,,,594,,,On,Connected,-55.000000,2462,39,,,,IWLAN
1967,1,,,-121.9331162,47.5260751,2026-01-23 21:15:17.000,_20260123_124628_CH04_TMO_5GNR_WFC_MT-REF-2_TC-157.dml,,,,,,,,,,NR SA,,,,,,,,,,,,,,,,,,,594,,,On,Connected,-55.000000,2462,39,,,,IWLAN
1968,1,,,-121.9331162,47.5260751,2026-01-23 21:15:18.000,_20260123_124628_CH04_TMO_5GNR_WFC_MT-REF-2_TC-157.dml,,,,,,,,,,NR SA,,,,,,,,,,,,,,,,,,,,,,On,Connected,-55.000000,2462,39,,,,IWLAN
1969,1,,,-121.9331162,47.5260751,2026-01-23 21:15:19.000,_20260123_124628_CH04_TMO_5GNR_WFC_MT-REF-2_TC-157.dml,,,,,,,,,,NR SA,,,,,,,,,,,,,,,,,,,,,,On,Connected,-59.000000,2462,39,,,,IWLAN
1970,1,,,-121.9331162,47.5260751,2026-01-23 21:15:20.000,_20260123_124628_CH04_TMO_5GNR_WFC_MT-REF-2_TC-157.dml,,,,,,,,,,NR SA,,,,,,,,,,,,,,,,,,,594,,,On,Connected,-59.000000,2462,39,,,,IWLAN
1971,1,,,-121.9331162,47.5260751,2026-01-23 21:15:21.000,_20260123_124628_CH04_TMO_5GNR_WFC_MT-REF-2_TC-157.dml,,,,,,,,,,NR SA,,,,,,,,,,,,,,,,,,,594,,,On,Connected,-59.000000,2462,39,,,,IWLAN
1972,1,,,-121.9331162,47.5260751,2026-01-23 21:15:22.000,_20260123_124628_CH04_TMO_5GNR_WFC_MT-REF-2_TC-157.dml,,,,,,,,,,NR SA,,,,,,,,,,,,,,,,,,,594,,,On,Connected,-53.000000,2462,26,,,,IWLAN
1973,1,,,-121.9331162,47.5260751,2026-01-23 21:15:23.000,_20260123_124628_CH04_TMO_5GNR_WFC_MT-REF-2_TC-157.dml,,,,,,,,,,NR SA,,,,,,,,,,,,,,,,,,,594,,,On,Connected,-53.000000,2462,26,,,,IWLAN
1974,1,,,-121.9331162,47.5260751,2026-01-23 21:15:24.000,_20260123_124628_CH04_TMO_5GNR_WFC_MT-REF-2_TC-157.dml,,,,,,,,,,NR SA,,,,,,,,,,,,,,,,,,,,,,,Connected,,,,,,,IWLAN
1975,1,,,-121.9331162,47.5260751,2026-01-23 21:15:25.000,_20260123_124628_CH04_TMO_5GNR_WFC_MT-REF-2_TC-157.dml,,,,,,,,,,NR SA,,,,,,,,,,,,,,,,,,,,,,On,Connected,-52.000000,2462,26,,,,IWLAN
1976,1,,,-121.9331162,47.5260751,2026-01-23 21:15:26.000,_20260123_124628_CH04_TMO_5GNR_WFC_MT-REF-2_TC-157.dml,,,,,,,,,,NR SA,,,,,,,,,,,,,,,,,,,594,,1.700430,On,Connected,-51.000000,2462,26,,,,IWLAN
1977,1,,,-121.9331162,47.5260751,2026-01-23 21:15:27.000,_20260123_124628_CH04_TMO_5GNR_WFC_MT-REF-2_TC-157.dml,,,,,,,,,,NR SA,,,,,,,,,,,,,,,,,,,,,1.700430,On,Connected,-51.000000,2462,26,,,,IWLAN
1978,1,,,-121.9331162,47.5260751,2026-01-23 21:15:28.000,_20260123_124628_CH04_TMO_5GNR_WFC_MT-REF-2_TC-157.dml,,,,,,,,,,NR SA,,,,,,,,,,,,,,,,,,,594,,1.700430,On,Connected,-51.000000,2462,39,,,,IWLAN
1979,1,,,-121.9331162,47.5260751,2026-01-23 21:15:29.000,_20260123_124628_CH04_TMO_5GNR_WFC_MT-REF-2_TC-157.dml,,,,,,,,,,NR SA,,,,,,,,,,,,,,,,,,,,,1.700430,On,Connected,-51.000000,2462,39,,,,IWLAN
1980,1,,,-121.9331162,47.5260751,2026-01-23 21:15:30.000,_20260123_124628_CH04_TMO_5GNR_WFC_MT-REF-2_TC-157.dml,,,,,,,,,,NR SA,,,,,,,,,,,,,,,,,,,,,1.700430,On,Connected,-51.000000,2462,39,,,,IWLAN
1981,1,,,-121.9331162,47.5260751,2026-01-23 21:15:31.000,_20260123_124628_CH04_TMO_5GNR_WFC_MT-REF-2_TC-157.dml,,,,,,,,,,NR SA,,,,,,,,,,,,,,,,,,,594,,1.700430,On,Connected,-53.000000,2462,26,,,,IWLAN
1982,1,,,-121.9331162,47.5260751,2026-01-23 21:15:32.000,_20260123_124628_CH04_TMO_5GNR_WFC_MT-REF-2_TC-157.dml,,,,,,,,,,NR SA,,,,,,,,,,,,,,,,,,,,,1.700430,On,Connected,-53.000000,2462,26,,,,IWLAN
1983,1,,,-121.9331162,47.5260751,2026-01-23 21:15:33.000,_20260123_124628_CH04_TMO_5GNR_WFC_MT-REF-2_TC-157.dml,,,,,,,,,,NR SA,,,,,,,,,,,,,,,,,,,,,1.700430,On,Connected,-53.000000,2462,26,,,,IWLAN
1984,1,,,-121.9331162,47.5260751,2026-01-23 21:15:34.000,_20260123_124628_CH04_TMO_5GNR_WFC_MT-REF-2_TC-157.dml,,,,,,,,,,NR SA,,,,,,,,,,,,,,,,,,,594,,1.700430,On,Connected,-54.000000,2462,39,,,,IWLAN
1985,1,,,-121.9331162,47.5260751,2026-01-23 21:15:35.000,_20260123_124628_CH04_TMO_5GNR_WFC_MT-REF-2_TC-157.dml,,,,,,,,,,NR SA,,,,,,,,,,,,,,,,,,,,,1.700430,On,Connected,-54.000000,2462,39,,,,IWLAN
1986,1,,,-121.9331162,47.5260751,2026-01-23 21:15:35.854,_20260123_124628_CH04_TMO_5GNR_WFC_MT-REF-2_TC-157.dml,,,,,,,,,,,,,,,,,,,,,,,,,,,,,,-69.746094,,,,,,,,,,
1987,1,,,-121.9331162,47.5260751,2026-01-23 21:15:36.000,_20260123_124628_CH04_TMO_5GNR_WFC_MT-REF-2_TC-157.dml,,,,,,,,,,NR SA,,,,,,,,,,,,,,,,,,,594,,,On,Connected,-54.000000,2462,39,,,,IWLAN
1988,1,,,-121.9331162,47.5260751,2026-01-23 21:15:37.000,_20260123_124628_CH04_TMO_5GNR_WFC_MT-REF-2_TC-157.dml,,,,,,,,,,NR SA,,,,,,,,,,,,,,,,,,,,,,On,Connected,-55.000000,2462,39,,,,IWLAN
1989,1,,,-121.9331162,47.5260751,2026-01-23 21:15:38.000,_20260123_124628_CH04_TMO_5GNR_WFC_MT-REF-2_TC-157.dml,,,,,,,,,,NR SA,,,,,,,,,,,,,,,,,,,,,,On,Connected,-55.000000,2462,39,,,,IWLAN
1990,1,,,-121.9331162,47.5260751,2026-01-23 21:15:39.000,_20260123_124628_CH04_TMO_5GNR_WFC_MT-REF-2_TC-157.dml,,,,,,,,,,NR SA,,,,,,,,,,,,,,,,,,,594,,,On,Connected,-55.000000,2462,39,,,,IWLAN
1991,1,,,-121.9331162,47.5260751,2026-01-23 21:15:40.000,_20260123_124628_CH04_TMO_5GNR_WFC_MT-REF-2_TC-157.dml,,,,,,,,,,NR SA,,,,,,,,,,,,,,,,,,,,,,,Connected,,,,,,,IWLAN
1992,1,,,-121.9331162,47.5260751,2026-01-23 21:15:41.000,_20260123_124628_CH04_TMO_5GNR_WFC_MT-REF-2_TC-157.dml,,,,,,,,,,NR SA,,,,,,,,,,,,,,,,,,,594,,,On,Connected,-57.000000,2462,39,,,,IWLAN
1993,1,,,-121.9331162,47.5260751,2026-01-23 21:15:42.000,_20260123_124628_CH04_TMO_5GNR_WFC_MT-REF-2_TC-157.dml,,,,,,,,,,NR SA,,,,,,,,,,,,,,,,,,,594,,,On,Connected,-57.000000,2462,39,,,,IWLAN
1994,1,,,-121.9331162,47.5260751,2026-01-23 21:15:43.000,_20260123_124628_CH04_TMO_5GNR_WFC_MT-REF-2_TC-157.dml,,,,,,,,,,NR SA,,,,,,,,,,,,,,,,,,,,,,On,Connected,-57.000000,2462,26,,,,IWLAN
1995,1,,,-121.9331162,47.5260751,2026-01-23 21:15:44.000,_20260123_124628_CH04_TMO_5GNR_WFC_MT-REF-2_TC-157.dml,,,,,,,,,,NR SA,,,,,,,,,,,,,,,,,,,594,,,On,Connected,-57.000000,2462,26,,,,IWLAN
1996,1,,,-121.9331162,47.5260751,2026-01-23 21:15:45.000,_20260123_124628_CH04_TMO_5GNR_WFC_MT-REF-2_TC-157.dml,,,,,,,,,,NR SA,,,,,,,,,,,,,,,,,,,594,,1.930171,On,Connected,-57.000000,2462,26,,,,IWLAN
1997,1,,,-121.9331162,47.5260751,2026-01-23 21:15:46.000,_20260123_124628_CH04_TMO_5GNR_WFC_MT-REF-2_TC-157.dml,,,,,,,,,,NR SA,,,,,,,,,,,,,,,,,,,594,,1.930171,On,Connected,-55.000000,2462,19,,,,IWLAN
1998,1,,,-121.9331162,47.5260751,2026-01-23 21:15:47.000,_20260123_124628_CH04_TMO_5GNR_WFC_MT-REF-2_TC-157.dml,,,,,,,,,,NR SA,,,,,,,,,,,,,,,,,,,,,1.930171,On,Connected,-55.000000,2462,19,,,,IWLAN
1999,1,,,-121.9331162,47.5260751,2026-01-23 21:15:48.000,_20260123_124628_CH04_TMO_5GNR_WFC_MT-REF-2_TC-157.dml,,,,,,,,,,NR SA,,,,,,,,,,,,,,,,,,,594,,1.930171,On,Connected,-55.000000,2462,19,,,,IWLAN
2000,1,,,-121.9331162,47.5260751,2026-01-23 21:15:49.000,_20260123_124628_CH04_TMO_5GNR_WFC_MT-REF-2_TC-157.dml,,,,,,,,,,NR SA,,,,,,,,,,,,,,,,,,,594,,1.930171,,Connected,,,,,,,IWLAN
2001,1,,,-121.9331162,47.5260751,2026-01-23 21:15:50.000,_20260123_124628_CH04_TMO_5GNR_WFC_MT-REF-2_TC-157.dml,,,,,,,,,,NR SA,,,,,,,,,,,,,,,,,,,594,,1.930171,On,Connected,-54.000000,2462,26,,,,IWLAN
2002,1,,,-121.9331162,47.5260751,2026-01-23 21:15:51.000,_20260123_124628_CH04_TMO_5GNR_WFC_MT-REF-2_TC-157.dml,,,,,,,,,,NR SA,,,,,,,,,,,,,,,,,,,,,1.930171,On,Connected,-54.000000,2462,26,,,,IWLAN
2003,1,,,-121.9331162,47.5260751,2026-01-23 21:15:52.000,_20260123_124628_CH04_TMO_5GNR_WFC_MT-REF-2_TC-157.dml,,,,,,,,,,NR SA,,,,,,,,,,,,,,,,,,,,,1.930171,On,Connected,-54.000000,2462,26,,,,IWLAN
2004,1,,,-121.9331162,47.5260751,2026-01-23 21:15:53.000,_20260123_124628_CH04_TMO_5GNR_WFC_MT-REF-2_TC-157.dml,,,,,,,,,,NR SA,,,,,,,,,,,,,,,,,,,594,,1.930171,On,Connected,-54.000000,2462,26,,,,IWLAN
2005,1,,,-121.9331162,47.5260751,2026-01-23 21:15:54.000,_20260123_124628_CH04_TMO_5GNR_WFC_MT-REF-2_TC-157.dml,,,,,,,,,,NR SA,,,,,,,,,,,,,,,,,,,,,1.930171,On,Connected,-54.000000,2462,26,,,,IWLAN
2006,1,,,-121.9331162,47.5260751,2026-01-23 21:15:55.000,_20260123_124628_CH04_TMO_5GNR_WFC_MT-REF-2_TC-157.dml,,,,,,,,,,NR SA,,,,,,,,,,,,,,,,,,,594,,,On,Connected,-55.000000,2462,52,,,,IWLAN
2007,1,,,-121.9331162,47.5260751,2026-01-23 21:15:55.800,_20260123_124628_CH04_TMO_5GNR_WFC_MT-REF-2_TC-157.dml,,,,,,,,,,,,,,,,,,,,,,,,,,,,,,-77.550481,,,,,,,,,,
2008,1,,,-121.9331162,47.5260751,2026-01-23 21:15:56.000,_20260123_124628_CH04_TMO_5GNR_WFC_MT-REF-2_TC-157.dml,,,,,,,,,,NR SA,,,,,,,,,,,,,,,,,,,,,,,Connected,,,,,,,IWLAN
2009,1,,,-121.9331162,47.5260751,2026-01-23 21:15:57.000,_20260123_124628_CH04_TMO_5GNR_WFC_MT-REF-2_TC-157.dml,,,,,,,,,,NR SA,,,,,,,,,,,,,,,,,,,594,,,On,Connected,-55.000000,2462,52,,,,IWLAN
2010,1,,,-121.9331162,47.5260751,2026-01-23 21:15:58.000,_20260123_124628_CH04_TMO_5GNR_WFC_MT-REF-2_TC-157.dml,,,,,,,,,,NR SA,,,,,,,,,,,,,,,,,,,,,,On,Connected,-54.000000,2462,26,,,,IWLAN
2011,1,,,-121.9331162,47.5260751,2026-01-23 21:15:59.000,_20260123_124628_CH04_TMO_5GNR_WFC_MT-REF-2_TC-157.dml,,,,,,,,,,NR SA,,,,,,,,,,,,,,,,,,,594,,,On,Connected,-54.000000,2462,26,,,,IWLAN
2012,1,,,-121.9331162,47.5260751,2026-01-23 21:16:00.000,_20260123_124628_CH04_TMO_5GNR_WFC_MT-REF-2_TC-157.dml,,,,,,,,,,NR SA,,,,,,,,,,,,,,,,,,,594,,,On,Connected,-54.000000,2462,26,,,,IWLAN
2013,1,,,-121.9331162,47.5260751,2026-01-23 21:16:01.000,_20260123_124628_CH04_TMO_5GNR_WFC_MT-REF-2_TC-157.dml,,,,,,,,,,NR SA,,,,,,,,,,,,,,,,,,,,,,,Connected,,,,,,,IWLAN
2014,1,,,-121.9331162,47.5260751,2026-01-23 21:16:02.000,_20260123_124628_CH04_TMO_5GNR_WFC_MT-REF-2_TC-157.dml,,,,,,,,,,NR SA,,,,,,,,,,,,,,,,,,,594,,,On,Connected,-56.000000,2462,26,,,,IWLAN
2015,1,,,-121.9331162,47.5260751,2026-01-23 21:16:03.000,_20260123_124628_CH04_TMO_5GNR_WFC_MT-REF-2_TC-157.dml,,,,,,,,,,NR SA,,,,,,,,,,,,,,,,,,,,,,,Connected,,,,,,,IWLAN
2016,1,,,-121.9331162,47.5260751,2026-01-23 21:16:04.000,_20260123_124628_CH04_TMO_5GNR_WFC_MT-REF-2_TC-157.dml,,,,,,,,,,NR SA,,,,,,,,,,,,,,,,,,,,,,On,Connected,-56.500000,2462,39,,,,IWLAN
2017,1,,,-121.9331162,47.5260751,2026-01-23 21:16:05.000,_20260123_124628_CH04_TMO_5GNR_WFC_MT-REF-2_TC-157.dml,,,,,,,,,,NR SA,,,,,,,,,,,,,,,,,,,594,,,,Connected,,,,,,,IWLAN
2018,1,,,-121.9331162,47.5260751,2026-01-23 21:16:05.536,_20260123_124628_CH04_TMO_5GNR_WFC_MT-REF-2_TC-157.dml,,,,,,,,,,,,,,,,,,,,,,,[Tool] Voice - Pair Channel Call Drop,,,,,,,,,,,,,,,,,
2019,1,,,-121.9331162,47.5260751,2026-01-23 21:16:05.536,_20260123_124628_CH04_TMO_5GNR_WFC_MT-REF-2_TC-157.dml,,,,,,,,,,,,,,,,,,,,,,,[Tool] Voice - Release Call Request,,,,,,,,,,,,,,,,,
2020,1,,,-121.9331162,47.5260751,2026-01-23 21:16:06.035,_20260123_124628_CH04_TMO_5GNR_WFC_MT-REF-2_TC-157.dml,,,,,,,,,,,,,,,,,,,,,,BQ,[Tool] Voice - Call Result : BQ,,,,,,,,,,,,,,,,,
2021,1,,,-121.9331162,47.5260751,2026-01-23 21:16:06.035,_20260123_124628_CH04_TMO_5GNR_WFC_MT-REF-2_TC-157.dml,,,,,,,,,,,,,,,,,,,,,,,[UE]   Voice - Release Call Success,,,,,,,,,,,,,,,,,
2022,1,,,-121.9331162,47.5260751,2026-01-23 21:16:06.000,_20260123_124628_CH04_TMO_5GNR_WFC_MT-REF-2_TC-157.dml,,,,,,,,,,,,,,,,,,,,,,,,,,,,,,,,On,Connected,-57.000000,2462,39,,,,IWLAN
2023,1,,,-121.9331162,47.5260751,2026-01-23 21:16:07.182,_20260123_124628_CH04_TMO_5GNR_WFC_MT-REF-2_TC-157.dml,,,,,,,,,,,,,,,,,,,,,,,[UE]   Voice - Release Call Success,,,,,,,,,,,,,,,,,
2024,1,,,-121.9331162,47.5260751,2026-01-23 21:16:07.000,_20260123_124628_CH04_TMO_5GNR_WFC_MT-REF-2_TC-157.dml,,,,,,,,,,,,,,,,,,,,,,,,,,,,,594,,,On,Connected,-57.000000,2462,26,,,,IWLAN
2025,1,,,-121.9331162,47.5260751,2026-01-23 21:16:08.000,_20260123_124628_CH04_TMO_5GNR_WFC_MT-REF-2_TC-157.dml,,,,,,,,,,,,,,,,,,,,,,,,,,,,,594,,,On,Connected,-57.000000,2462,26,,,,IWLAN
2026,1,,,-121.9331162,47.5260751,2026-01-23 21:16:09.000,_20260123_124628_CH04_TMO_5GNR_WFC_MT-REF-2_TC-157.dml,,,,,,,,,,,,,,,,,,,,,,,,,,,,,,,,On,Connected,-57.000000,2462,26,,,,IWLAN
2027,1,,,-121.9331162,47.5260751,2026-01-23 21:16:10.000,_20260123_124628_CH04_TMO_5GNR_WFC_MT-REF-2_TC-157.dml,,,,,,,,,,,,,,,,,,,,,,,,,,,,,,,,On,Connected,-57.000000,2462,39,,,,IWLAN
2028,1,,,-121.9331162,47.5260751,2026-01-23 21:16:11.000,_20260123_124628_CH04_TMO_5GNR_WFC_MT-REF-2_TC-157.dml,,,,,,,,,,,,,,,,,,,,,,,,,,,,,594,,,On,Connected,-57.000000,2462,39,,,,IWLAN
2029,1,,,-121.9331162,47.5260751,2026-01-23 21:16:12.000,_20260123_124628_CH04_TMO_5GNR_WFC_MT-REF-2_TC-157.dml,,,,,,,,,,,,,,,,,,,,,,,,,,,,,,,,,Connected,,,,,,,IWLAN
2030,1,,,-121.9331162,47.5260751,2026-01-23 21:16:13.000,_20260123_124628_CH04_TMO_5GNR_WFC_MT-REF-2_TC-157.dml,,,,,,,,,,,,,,,,,,,,,,,,,,,,,594,,,On,Connected,-58.000000,2462,39,,,,IWLAN
2031,1,,,-121.9331162,47.5260751,2026-01-23 21:16:14.000,_20260123_124628_CH04_TMO_5GNR_WFC_MT-REF-2_TC-157.dml,,,,,,,,,,,,,,,,,,,,,,,,,,,,,,,,On,Connected,-59.000000,2462,39,,,,IWLAN
2032,1,,,-121.9331162,47.5260751,2026-01-23 21:16:15.000,_20260123_124628_CH04_TMO_5GNR_WFC_MT-REF-2_TC-157.dml,,,,,,,,,,,,,,,,,,,,,,,,,,,,,,,,On,Connected,-59.000000,2462,39,,,,IWLAN
2033,1,,,-121.9331162,47.5260751,2026-01-23 21:16:16.000,_20260123_124628_CH04_TMO_5GNR_WFC_MT-REF-2_TC-157.dml,,,,,,,,,,,,,,,,,,,,,,,,,,,,,594,,,On,Connected,-63.000000,2462,39,,,,IWLAN
2034,1,,,-121.9331162,47.5260751,2026-01-23 21:16:17.000,_20260123_124628_CH04_TMO_5GNR_WFC_MT-REF-2_TC-157.dml,,,,,,,,,,,,,,,,,,,,,,,,,,,,,,,,On,Connected,-63.000000,2462,39,,,,IWLAN
2035,1,,,-121.9331162,47.5260751,2026-01-23 21:16:18.000,_20260123_124628_CH04_TMO_5GNR_WFC_MT-REF-2_TC-157.dml,,,,,,,,,,,,,,,,,,,,,,,,,,,,,594,,,,Connected,,,,,,,IWLAN
2036,1,,,-121.9331162,47.5260751,2026-01-23 21:16:19.000,_20260123_124628_CH04_TMO_5GNR_WFC_MT-REF-2_TC-157.dml,,,,,,,,,,,,,,,,,,,,,,,,,,,,,594,,,On,Connected,-63.000000,2462,39,,,,IWLAN
2037,1,,,-121.9331162,47.5260751,2026-01-23 21:16:20.000,_20260123_124628_CH04_TMO_5GNR_WFC_MT-REF-2_TC-157.dml,,,,,,,,,,,,,,,,,,,,,,,,,,,,,,,,On,Connected,-60.000000,2462,26,,,,IWLAN
2038,1,,,-121.9331162,47.5260751,2026-01-23 21:16:21.000,_20260123_124628_CH04_TMO_5GNR_WFC_MT-REF-2_TC-157.dml,,,,,,,,,,,,,,,,,,,,,,,,,,,,,,,,On,Connected,-60.000000,2462,26,,,,IWLAN
2039,1,,,-121.9331162,47.5260751,2026-01-23 21:16:22.000,_20260123_124628_CH04_TMO_5GNR_WFC_MT-REF-2_TC-157.dml,,,,,,,,,,,,,,,,,,,,,,,,,,,,,594,,,On,Connected,-60.000000,2462,26,,,,IWLAN
2040,1,,,-121.9331162,47.5260751,2026-01-23 21:16:23.000,_20260123_124628_CH04_TMO_5GNR_WFC_MT-REF-2_TC-157.dml,,,,,,,,,,,,,,,,,,,,,,,,,,,,,,,,On,Connected,-63.000000,2462,26,,,,IWLAN
2041,1,,,-121.9331162,47.5260751,2026-01-23 21:16:24.000,_20260123_124628_CH04_TMO_5GNR_WFC_MT-REF-2_TC-157.dml,,,,,,,,,,,,,,,,,,,,,,,,,,,,,594,,,On,Connected,-63.000000,2462,26,,,,IWLAN
2042,1,,,-121.9331162,47.5260751,2026-01-23 21:16:25.000,_20260123_124628_CH04_TMO_5GNR_WFC_MT-REF-2_TC-157.dml,,,,,,,,,,,,,,,,,,,,,,,,,,,,,594,,,On,Connected,-60.500000,2462,26,,,,IWLAN
2043,1,,,-121.9331162,47.5260751,2026-01-23 21:16:26.000,_20260123_124628_CH04_TMO_5GNR_WFC_MT-REF-2_TC-157.dml,,,,,,,,,,,,,,,,,,,,,,,,,,,,,,,,,Connected,,,,,,,IWLAN
2044,1,,,-121.9331162,47.5260751,2026-01-23 21:16:27.000,_20260123_124628_CH04_TMO_5GNR_WFC_MT-REF-2_TC-157.dml,,,,,,,,,,,,,,,,,,,,,,,,,,,,,,,,On,Connected,-58.000000,2462,26,,,,IWLAN
2045,1,,,-121.9331162,47.5260751,2026-01-23 21:16:28.000,_20260123_124628_CH04_TMO_5GNR_WFC_MT-REF-2_TC-157.dml,,,,,,,,,,,,,,,,,,,,,,,,,,,,,594,,,On,Connected,-58.000000,2462,26,,,,IWLAN
2046,1,,,-121.9331162,47.5260751,2026-01-23 21:16:29.000,_20260123_124628_CH04_TMO_5GNR_WFC_MT-REF-2_TC-157.dml,,,,,,,,,,,,,,,,,,,,,,,,,,,,,,,,On,Connected,-64.000000,2462,26,,,,IWLAN
2047,1,,,-121.9331162,47.5260751,2026-01-23 21:16:30.000,_20260123_124628_CH04_TMO_5GNR_WFC_MT-REF-2_TC-157.dml,,,,,,,,,,,,,,,,,,,,,,,,,,,,,594,,,On,Connected,-64.000000,2462,26,,,,IWLAN
2048,1,,,-121.9331162,47.5260751,2026-01-23 21:16:31.000,_20260123_124628_CH04_TMO_5GNR_WFC_MT-REF-2_TC-157.dml,,,,,,,,,,,,,,,,,,,,,,,,,,,,,,,,On,Connected,-64.000000,2462,26,,,,IWLAN
2049,1,,,-121.9331162,47.5260751,2026-01-23 21:16:32.000,_20260123_124628_CH04_TMO_5GNR_WFC_MT-REF-2_TC-157.dml,,,,,,,,,,,,,,,,,,,,,,,,,,,,,,,,On,Connected,-64.000000,2462,26,,,,IWLAN
2050,1,,,-121.9331162,47.5260751,2026-01-23 21:16:33.000,_20260123_124628_CH04_TMO_5GNR_WFC_MT-REF-2_TC-157.dml,,,,,,,,,,,,,,,,,,,,,,,,,,,,,594,,,On,Connected,-64.000000,2462,26,,,,IWLAN
2051,1,,,-121.9331162,47.5260751,2026-01-23 21:16:34.234,_20260123_124628_CH04_TMO_5GNR_WFC_MT-REF-2_TC-157.dml,,,,,,,,,,,,,,,,,,,,,,,[Tool] Voice - Release Call Request,,,,,,,,,,,,,,,,,
2052,1,,,-121.9331162,47.5260751,2026-01-23 21:16:34.000,_20260123_124628_CH04_TMO_5GNR_WFC_MT-REF-2_TC-157.dml,,,,,,,,,,,,,,,,,,,,,,,,,,,,,594,,,On,Connected,-64.000000,2462,26,,,,IWLAN
2053,1,,,-121.9331162,47.5260751,2026-01-23 21:16:35.000,_20260123_124628_CH04_TMO_5GNR_WFC_MT-REF-2_TC-157.dml,,,,,,,,,,,,,,,,,,,,,,,,,,,,,,,,On,Connected,-67.000000,2462,26,,,,IWLAN
2054,1,,,-121.9331162,47.5260751,2026-01-23 21:16:36.253,_20260123_124628_CH04_TMO_5GNR_WFC_MT-REF-2_TC-157.dml,,,,,,,,,,,,,,,,,,,,,,,[Tool] Voice - Call Scheduling End,,,,,,,,,,,,,,,,,
2055,1,,,-121.9331162,47.5260751,2026-01-23 21:16:36.253,_20260123_124628_CH04_TMO_5GNR_WFC_MT-REF-2_TC-157.dml,NR SA,Voice,BQ,NR SA,NR SA,Qualcomm,,354877970012475,,,,,,,,,BQ,Termination,BQ,,,,,,,,,90.400000,,,,,,,,,,EPSFB,,
2056,1,,,-121.9331162,47.5260751,2026-01-23 21:16:36.253,_20260123_124628_CH04_TMO_5GNR_WFC_MT-REF-2_TC-157.dml,,,,,,,,,,,,,,,,,,,,,,,[Tool] Voice - Release Call Request,,,,,,,,,,,,,,,,,
2057,1,,,-121.9331162,47.5260751,2026-01-23 21:16:36.000,_20260123_124628_CH04_TMO_5GNR_WFC_MT-REF-2_TC-157.dml,,,,,,,,,,,,,,,,,,,,,,,,,,,,,,,,On,Connected,-67.000000,2462,26,,,,IWLAN
2058,1,,,-121.9331162,47.5260751,2026-01-23 21:16:36.561,_20260123_124628_CH04_TMO_5GNR_WFC_MT-REF-2_TC-157.dml,,,,,,,,,,,,,,,,,,,,,,,[Tool] Voice - Call Scheduling Start(Term),,,,,,,,,,,,,,,,,
2059,1,,,-121.9331162,47.5260751,2026-01-23 21:16:36.561,_20260123_124628_CH04_TMO_5GNR_WFC_MT-REF-2_TC-157.dml,,,,,,,,,,,,,,,,,,,,,,,[Tool] Voice - Wait Page,,,,,,,,,,,,,,,,,
2060,1,,,-121.9331162,47.5260751,2026-01-23 21:16:37.000,_20260123_124628_CH04_TMO_5GNR_WFC_MT-REF-2_TC-157.dml,,,,,,,,,,,,,,,,,,,,,,,,,,,,,594,,,On,Connected,-67.000000,2462,26,,,,IWLAN
2061,1,,,-121.9331162,47.5260751,2026-01-23 21:16:38.000,_20260123_124628_CH04_TMO_5GNR_WFC_MT-REF-2_TC-157.dml,,,,,,,,,,,,,,,,,,,,,,,,,,,,,,,,On,Connected,-63.000000,2462,26,,,,IWLAN
2062,1,,,-121.9331162,47.5260751,2026-01-23 21:16:39.000,_20260123_124628_CH04_TMO_5GNR_WFC_MT-REF-2_TC-157.dml,,,,,,,,,,,,,,,,,,,,,,,,,,,,,594,,,On,Connected,-63.000000,2462,26,,,,IWLAN
2063,1,,,-121.9331162,47.5260751,2026-01-23 21:16:40.000,_20260123_124628_CH04_TMO_5GNR_WFC_MT-REF-2_TC-157.dml,,,,,,,,,,,,,,,,,,,,,,,,,,,,,,,,On,Connected,-63.000000,2462,26,,,,IWLAN
2064,1,,,-121.9331162,47.5260751,2026-01-23 21:16:40.750,_20260123_124628_CH04_TMO_5GNR_WFC_MT-REF-2_TC-157.dml,,,,,,,,,,,,,,,,,,,,,,,[Tool] Voice - Answer Request,,,,,,,,,,,,,,,,,
2065,1,,,-121.9331162,47.5260751,2026-01-23 21:16:41.000,_20260123_124628_CH04_TMO_5GNR_WFC_MT-REF-2_TC-157.dml,,,,,,,,,,,,,,,,,,,,,,,,,,,,,,,,On,Connected,-59.000000,2462,19,,,,IWLAN
2066,1,,,-121.9331162,47.5260751,2026-01-23 21:16:42.226,_20260123_124628_CH04_TMO_5GNR_WFC_MT-REF-2_TC-157.dml,,,,,,,,,,,,,,,,,,,,,,,[UE]   Voice - Setup Success,,,,,,,,,,,,,,,,,
2067,1,,,-121.9331162,47.5260751,2026-01-23 21:16:42.000,_20260123_124628_CH04_TMO_5GNR_WFC_MT-REF-2_TC-157.dml,,,,,,,,,,NR SA,,,,,,,,,,,,,,,,,,,594,,,On,Connected,-59.000000,2462,19,,,,IWLAN
2068,1,,,-121.9331162,47.5260751,2026-01-23 21:16:43.000,_20260123_124628_CH04_TMO_5GNR_WFC_MT-REF-2_TC-157.dml,,,,,,,,,,NR SA,,,,,,,,,,,,,,,,,,,,,,On,Connected,-59.000000,2462,19,,,,IWLAN
2069,1,,,-121.9331162,47.5260751,2026-01-23 21:16:44.000,_20260123_124628_CH04_TMO_5GNR_WFC_MT-REF-2_TC-157.dml,,,,,,,,,,NR SA,,,,,,,,,,,,,,,,,,,,,,On,Connected,-59.000000,2462,26,,,,IWLAN
2070,1,,,-121.9331162,47.5260751,2026-01-23 21:16:45.000,_20260123_124628_CH04_TMO_5GNR_WFC_MT-REF-2_TC-157.dml,,,,,,,,,,NR SA,,,,,,,,,,,,,,,,,,,594,,,On,Connected,-59.000000,2462,26,,,,IWLAN
2071,1,,,-121.9331162,47.5260751,2026-01-23 21:16:46.000,_20260123_124628_CH04_TMO_5GNR_WFC_MT-REF-2_TC-157.dml,,,,,,,,,,NR SA,,,,,,,,,,,,,,,,,,,,,,On,Connected,-59.000000,2462,26,,,,IWLAN
2072,1,,,-121.9331162,47.5260751,2026-01-23 21:16:47.000,_20260123_124628_CH04_TMO_5GNR_WFC_MT-REF-2_TC-157.dml,,,,,,,,,,NR SA,,,,,,,,,,,,,,,,,,,594,,,On,Connected,-56.000000,2462,26,,,,IWLAN
2073,1,,,-121.9331162,47.5260751,2026-01-23 21:16:48.000,_20260123_124628_CH04_TMO_5GNR_WFC_MT-REF-2_TC-157.dml,,,,,,,,,,NR SA,,,,,,,,,,,,,,,,,,,594,,,On,Connected,-56.000000,2462,26,,,,IWLAN
2074,1,,,-121.9331162,47.5260751,2026-01-23 21:16:49.000,_20260123_124628_CH04_TMO_5GNR_WFC_MT-REF-2_TC-157.dml,,,,,,,,,,NR SA,,,,,,,,,,,,,,,,,,,,,,On,Connected,-56.000000,2462,26,,,,IWLAN
2075,1,,,-121.9331162,47.5260751,2026-01-23 21:16:50.000,_20260123_124628_CH04_TMO_5GNR_WFC_MT-REF-2_TC-157.dml,,,,,,,,,,NR SA,,,,,,,,,,,,,,,,,,,594,,,On,Connected,-58.000000,2462,26,,,,IWLAN
2076,1,,,-121.9331162,47.5260751,2026-01-23 21:16:51.000,_20260123_124628_CH04_TMO_5GNR_WFC_MT-REF-2_TC-157.dml,,,,,,,,,,NR SA,,,,,,,,,,,,,,,,,,,,,,,Connected,,,,,,,IWLAN
2077,1,,,-121.9331162,47.5260751,2026-01-23 21:16:52.000,_20260123_124628_CH04_TMO_5GNR_WFC_MT-REF-2_TC-157.dml,,,,,,,,,,NR SA,,,,,,,,,,,,,,,,,,,594,,2.204412,On,Connected,-57.500000,2462,13,,,,IWLAN
2078,1,,,-121.9331162,47.5260751,2026-01-23 21:16:53.000,_20260123_124628_CH04_TMO_5GNR_WFC_MT-REF-2_TC-157.dml,,,,,,,,,,NR SA,,,,,,,,,,,,,,,,,,,,,2.204412,,Connected,,,,,,,IWLAN
2079,1,,,-121.9331162,47.5260751,2026-01-23 21:16:54.000,_20260123_124628_CH04_TMO_5GNR_WFC_MT-REF-2_TC-157.dml,,,,,,,,,,NR SA,,,,,,,,,,,,,,,,,,,,,2.204412,On,Connected,-57.000000,2462,13,,,,IWLAN
2080,1,,,-121.9331162,47.5260751,2026-01-23 21:16:55.000,_20260123_124628_CH04_TMO_5GNR_WFC_MT-REF-2_TC-157.dml,,,,,,,,,,NR SA,,,,,,,,,,,,,,,,,,,594,,2.204412,On,Connected,-58.000000,2462,26,,,,IWLAN
2081,1,,,-121.9331162,47.5260751,2026-01-23 21:16:56.000,_20260123_124628_CH04_TMO_5GNR_WFC_MT-REF-2_TC-157.dml,,,,,,,,,,NR SA,,,,,,,,,,,,,,,,,,,594,,2.204412,,Connected,,,,,,,IWLAN
2082,1,,,-121.9331162,47.5260751,2026-01-23 21:16:57.000,_20260123_124628_CH04_TMO_5GNR_WFC_MT-REF-2_TC-157.dml,,,,,,,,,,NR SA,,,,,,,,,,,,,,,,,,,594,,2.204412,On,Connected,-59.000000,2462,26,,,,IWLAN
2083,1,,,-121.9331162,47.5260751,2026-01-23 21:16:58.000,_20260123_124628_CH04_TMO_5GNR_WFC_MT-REF-2_TC-157.dml,,,,,,,,,,NR SA,,,,,,,,,,,,,,,,,,,594,,2.204412,On,Connected,-59.000000,2462,26,,,,IWLAN
2084,1,,,-121.9331162,47.5260751,2026-01-23 21:16:59.000,_20260123_124628_CH04_TMO_5GNR_WFC_MT-REF-2_TC-157.dml,,,,,,,,,,NR SA,,,,,,,,,,,,,,,,,,,594,,2.204412,On,Connected,-62.000000,2462,26,,,,IWLAN
2085,1,,,-121.9331162,47.5260751,2026-01-23 21:17:00.000,_20260123_124628_CH04_TMO_5GNR_WFC_MT-REF-2_TC-157.dml,,,,,,,,,,NR SA,,,,,,,,,,,,,,,,,,,,,2.204412,,Connected,,,,,,,IWLAN
2086,1,,,-121.9331162,47.5260751,2026-01-23 21:17:01.000,_20260123_124628_CH04_TMO_5GNR_WFC_MT-REF-2_TC-157.dml,,,,,,,,,,NR SA,,,,,,,,,,,,,,,,,,,594,,2.204412,On,Connected,-62.000000,2462,26,,,,IWLAN
2087,1,,,-121.9331162,47.5260751,2026-01-23 21:17:02.695,_20260123_124628_CH04_TMO_5GNR_WFC_MT-REF-2_TC-157.dml,,,,,,,,,,,,,,,,,,,,,,,,,,,,,,-82.072135,,,,,,,,,,
2088,1,,,-121.9331162,47.5260751,2026-01-23 21:17:02.000,_20260123_124628_CH04_TMO_5GNR_WFC_MT-REF-2_TC-157.dml,,,,,,,,,,NR SA,,,,,,,,,,,,,,,,,,,594,,,On,Connected,-56.000000,2462,26,,,,IWLAN
2089,1,,,-121.9331162,47.5260751,2026-01-23 21:17:03.000,_20260123_124628_CH04_TMO_5GNR_WFC_MT-REF-2_TC-157.dml,,,,,,,,,,NR SA,,,,,,,,,,,,,,,,,,,,,,,Connected,,,,,,,IWLAN
2090,1,,,-121.9331162,47.5260751,2026-01-23 21:17:04.000,_20260123_124628_CH04_TMO_5GNR_WFC_MT-REF-2_TC-157.dml,,,,,,,,,,NR SA,,,,,,,,,,,,,,,,,,,,,,On,Connected,-56.000000,2462,26,,,,IWLAN
2091,1,,,-121.9331162,47.5260751,2026-01-23 21:17:05.000,_20260123_124628_CH04_TMO_5GNR_WFC_MT-REF-2_TC-157.dml,,,,,,,,,,NR SA,,,,,,,,,,,,,,,,,,,594,,,On,Connected,-57.000000,2462,26,,,,IWLAN
2092,1,,,-121.9331162,47.5260751,2026-01-23 21:17:06.000,_20260123_124628_CH04_TMO_5GNR_WFC_MT-REF-2_TC-157.dml,,,,,,,,,,NR SA,,,,,,,,,,,,,,,,,,,,,,On,Connected,-57.000000,2462,26,,,,IWLAN
2093,1,,,-121.9331162,47.5260751,2026-01-23 21:17:07.000,_20260123_124628_CH04_TMO_5GNR_WFC_MT-REF-2_TC-157.dml,,,,,,,,,,NR SA,,,,,,,,,,,,,,,,,,,,,,On,Connected,-57.000000,2462,26,,,,IWLAN
2094,1,,,-121.9331162,47.5260751,2026-01-23 21:17:08.000,_20260123_124628_CH04_TMO_5GNR_WFC_MT-REF-2_TC-157.dml,,,,,,,,,,NR SA,,,,,,,,,,,,,,,,,,,594,,,On,Connected,-59.000000,2462,39,,,,IWLAN
2095,1,,,-121.9331162,47.5260751,2026-01-23 21:17:09.000,_20260123_124628_CH04_TMO_5GNR_WFC_MT-REF-2_TC-157.dml,,,,,,,,,,NR SA,,,,,,,,,,,,,,,,,,,,,,,Connected,,,,,,,IWLAN
2096,1,,,-121.9331162,47.5260751,2026-01-23 21:17:10.000,_20260123_124628_CH04_TMO_5GNR_WFC_MT-REF-2_TC-157.dml,,,,,,,,,,NR SA,,,,,,,,,,,,,,,,,,,594,,,On,Connected,-59.000000,2462,39,,,,IWLAN
2097,1,,,-121.9331162,47.5260751,2026-01-23 21:17:11.000,_20260123_124628_CH04_TMO_5GNR_WFC_MT-REF-2_TC-157.dml,,,,,,,,,,NR SA,,,,,,,,,,,,,,,,,,,,,,On,Connected,-57.000000,2462,52,,,,IWLAN
2098,1,,,-121.9331162,47.5260751,2026-01-23 21:17:12.000,_20260123_124628_CH04_TMO_5GNR_WFC_MT-REF-2_TC-157.dml,,,,,,,,,,NR SA,,,,,,,,,,,,,,,,,,,,,2.527540,,Connected,,,,,,,IWLAN
2099,1,,,-121.9331162,47.5260751,2026-01-23 21:17:13.000,_20260123_124628_CH04_TMO_5GNR_WFC_MT-REF-2_TC-157.dml,,,,,,,,,,NR SA,,,,,,,,,,,,,,,,,,,594,,2.527540,On,Connected,-57.000000,2462,39,,,,IWLAN
2100,1,,,-121.9331162,47.5260751,2026-01-23 21:17:14.000,_20260123_124628_CH04_TMO_5GNR_WFC_MT-REF-2_TC-157.dml,,,,,,,,,,NR SA,,,,,,,,,,,,,,,,,,,594,,2.527540,,Connected,,,,,,,IWLAN
2101,1,,,-121.9331162,47.5260751,2026-01-23 21:17:15.000,_20260123_124628_CH04_TMO_5GNR_WFC_MT-REF-2_TC-157.dml,,,,,,,,,,NR SA,,,,,,,,,,,,,,,,,,,,,2.527540,On,Connected,-57.000000,2462,39,,,,IWLAN
2102,1,,,-121.9331162,47.5260751,2026-01-23 21:17:16.000,_20260123_124628_CH04_TMO_5GNR_WFC_MT-REF-2_TC-157.dml,,,,,,,,,,NR SA,,,,,,,,,,,,,,,,,,,,,2.527540,,Connected,,,,,,,IWLAN
2103,1,,,-121.9331162,47.5260751,2026-01-23 21:17:17.000,_20260123_124628_CH04_TMO_5GNR_WFC_MT-REF-2_TC-157.dml,,,,,,,,,,NR SA,,,,,,,,,,,,,,,,,,,594,,2.527540,On,Connected,-58.000000,2462,39,,,,IWLAN
2104,1,,,-121.9331162,47.5260751,2026-01-23 21:17:18.000,_20260123_124628_CH04_TMO_5GNR_WFC_MT-REF-2_TC-157.dml,,,,,,,,,,NR SA,,,,,,,,,,,,,,,,,,,,,2.527540,On,Connected,-58.000000,2462,39,,,,IWLAN
2105,1,,,-121.9331162,47.5260751,2026-01-23 21:17:19.000,_20260123_124628_CH04_TMO_5GNR_WFC_MT-REF-2_TC-157.dml,,,,,,,,,,NR SA,,,,,,,,,,,,,,,,,,,594,,2.527540,,Connected,,,,,,,IWLAN
2106,1,,,-121.9331162,47.5260751,2026-01-23 21:17:20.000,_20260123_124628_CH04_TMO_5GNR_WFC_MT-REF-2_TC-157.dml,,,,,,,,,,NR SA,,,,,,,,,,,,,,,,,,,,,2.527540,On,Connected,-54.000000,2462,26,,,,IWLAN
2107,1,,,-121.9331162,47.5260751,2026-01-23 21:17:21.000,_20260123_124628_CH04_TMO_5GNR_WFC_MT-REF-2_TC-157.dml,,,,,,,,,,NR SA,,,,,,,,,,,,,,,,,,,,,2.527540,On,Connected,-54.000000,2462,26,,,,IWLAN
2108,1,,,-121.9331162,47.5260751,2026-01-23 21:17:22.723,_20260123_124628_CH04_TMO_5GNR_WFC_MT-REF-2_TC-157.dml,,,,,,,,,,,,,,,,,,,,,,,,,,,,,,-77.458333,,,,,,,,,,
2109,1,,,-121.9331162,47.5260751,2026-01-23 21:17:22.000,_20260123_124628_CH04_TMO_5GNR_WFC_MT-REF-2_TC-157.dml,,,,,,,,,,NR SA,,,,,,,,,,,,,,,,,,,594,,,On,Connected,-55.000000,2462,39,,,,IWLAN
2110,1,,,-121.9331162,47.5260751,2026-01-23 21:17:23.000,_20260123_124628_CH04_TMO_5GNR_WFC_MT-REF-2_TC-157.dml,,,,,,,,,,NR SA,,,,,,,,,,,,,,,,,,,594,,,,Connected,,,,,,,IWLAN
2111,1,,,-121.9331162,47.5260751,2026-01-23 21:17:24.000,_20260123_124628_CH04_TMO_5GNR_WFC_MT-REF-2_TC-157.dml,,,,,,,,,,NR SA,,,,,,,,,,,,,,,,,,,,,,On,Connected,-56.000000,2462,39,,,,IWLAN
2112,1,,,-121.9331162,47.5260751,2026-01-23 21:17:25.000,_20260123_124628_CH04_TMO_5GNR_WFC_MT-REF-2_TC-157.dml,,,,,,,,,,NR SA,,,,,,,,,,,,,,,,,,,,,,On,Connected,-56.000000,2462,39,,,,IWLAN
2113,1,,,-121.9331162,47.5260751,2026-01-23 21:17:26.000,_20260123_124628_CH04_TMO_5GNR_WFC_MT-REF-2_TC-157.dml,,,,,,,,,,NR SA,,,,,,,,,,,,,,,,,,,594,,,On,Connected,-57.000000,2462,39,,,,IWLAN
2114,1,,,-121.9331162,47.5260751,2026-01-23 21:17:27.000,_20260123_124628_CH04_TMO_5GNR_WFC_MT-REF-2_TC-157.dml,,,,,,,,,,NR SA,,,,,,,,,,,,,,,,,,,,,,On,Connected,-57.000000,2462,39,,,,IWLAN
2115,1,,,-121.9331162,47.5260751,2026-01-23 21:17:28.000,_20260123_124628_CH04_TMO_5GNR_WFC_MT-REF-2_TC-157.dml,,,,,,,,,,NR SA,,,,,,,,,,,,,,,,,,,594,,,On,Connected,-57.000000,2462,39,,,,IWLAN
2116,1,,,-121.9331162,47.5260751,2026-01-23 21:17:29.000,_20260123_124628_CH04_TMO_5GNR_WFC_MT-REF-2_TC-157.dml,,,,,,,,,,NR SA,,,,,,,,,,,,,,,,,,,594,,,On,Connected,-51.000000,2462,39,,,,IWLAN
2117,1,,,-121.9331162,47.5260751,2026-01-23 21:17:30.000,_20260123_124628_CH04_TMO_5GNR_WFC_MT-REF-2_TC-157.dml,,,,,,,,,,NR SA,,,,,,,,,,,,,,,,,,,,,,On,Connected,-51.000000,2462,39,,,,IWLAN
2118,1,,,-121.9331162,47.5260751,2026-01-23 21:17:31.000,_20260123_124628_CH04_TMO_5GNR_WFC_MT-REF-2_TC-157.dml,,,,,,,,,,NR SA,,,,,,,,,,,,,,,,,,,,,,On,Connected,-51.000000,2462,39,,,,IWLAN
2119,1,,,-121.9331162,47.5260751,2026-01-23 21:17:32.000,_20260123_124628_CH04_TMO_5GNR_WFC_MT-REF-2_TC-157.dml,,,,,,,,,,NR SA,,,,,,,,,,,,,,,,,,,594,,2.180210,On,Connected,-52.000000,2462,58,,,,IWLAN
2120,1,,,-121.9331162,47.5260751,2026-01-23 21:17:33.000,_20260123_124628_CH04_TMO_5GNR_WFC_MT-REF-2_TC-157.dml,,,,,,,,,,NR SA,,,,,,,,,,,,,,,,,,,,,2.180210,On,Connected,-52.000000,2462,58,,,,IWLAN
2121,1,,,-121.9331162,47.5260751,2026-01-23 21:17:34.000,_20260123_124628_CH04_TMO_5GNR_WFC_MT-REF-2_TC-157.dml,,,,,,,,,,NR SA,,,,,,,,,,,,,,,,,,,594,,2.180210,On,Connected,-52.000000,2462,58,,,,IWLAN
2122,1,,,-121.9331162,47.5260751,2026-01-23 21:17:35.000,_20260123_124628_CH04_TMO_5GNR_WFC_MT-REF-2_TC-157.dml,,,,,,,,,,NR SA,,,,,,,,,,,,,,,,,,,,,2.180210,On,Connected,-52.000000,2462,39,,,,IWLAN
2123,1,,,-121.9331162,47.5260751,2026-01-23 21:17:36.000,_20260123_124628_CH04_TMO_5GNR_WFC_MT-REF-2_TC-157.dml,,,,,,,,,,NR SA,,,,,,,,,,,,,,,,,,,,,2.180210,On,Connected,-52.000000,2462,39,,,,IWLAN
2124,1,,,-121.9331162,47.5260751,2026-01-23 21:17:37.000,_20260123_124628_CH04_TMO_5GNR_WFC_MT-REF-2_TC-157.dml,,,,,,,,,,NR SA,,,,,,,,,,,,,,,,,,,594,,2.180210,On,Connected,-52.000000,2462,39,,,,IWLAN
2125,1,,,-121.9331162,47.5260751,2026-01-23 21:17:38.000,_20260123_124628_CH04_TMO_5GNR_WFC_MT-REF-2_TC-157.dml,,,,,,,,,,NR SA,,,,,,,,,,,,,,,,,,,,,2.180210,On,Connected,-52.000000,2462,58,,,,IWLAN
2126,1,,,-121.9331162,47.5260751,2026-01-23 21:17:39.000,_20260123_124628_CH04_TMO_5GNR_WFC_MT-REF-2_TC-157.dml,,,,,,,,,,NR SA,,,,,,,,,,,,,,,,,,,,,2.180210,On,Connected,-52.000000,2462,58,,,,IWLAN
2127,1,,,-121.9331162,47.5260751,2026-01-23 21:17:40.000,_20260123_124628_CH04_TMO_5GNR_WFC_MT-REF-2_TC-157.dml,,,,,,,,,,NR SA,,,,,,,,,,,,,,,,,,,594,,2.180210,On,Connected,-52.000000,2462,58,,,,IWLAN
2128,1,,,-121.9331162,47.5260751,2026-01-23 21:17:41.000,_20260123_124628_CH04_TMO_5GNR_WFC_MT-REF-2_TC-157.dml,,,,,,,,,,NR SA,,,,,,,,,,,,,,,,,,,,,2.180210,On,Connected,-52.000000,2462,58,,,,IWLAN
2129,1,,,-121.9331162,47.5260751,2026-01-23 21:17:42.000,_20260123_124628_CH04_TMO_5GNR_WFC_MT-REF-2_TC-157.dml,,,,,,,,,,NR SA,,,,,,,,,,,,,,,,,,,594,,2.180210,On,Connected,-52.000000,2462,58,,,,IWLAN
2130,1,,,-121.9331162,47.5260751,2026-01-23 21:17:42.505,_20260123_124628_CH04_TMO_5GNR_WFC_MT-REF-2_TC-157.dml,,,,,,,,,,,,,,,,,,,,,,,,,,,,,,-77.299479,,,,,,,,,,
2131,1,,,-121.9331162,47.5260751,2026-01-23 21:17:43.000,_20260123_124628_CH04_TMO_5GNR_WFC_MT-REF-2_TC-157.dml,,,,,,,,,,NR SA,,,,,,,,,,,,,,,,,,,,,,On,Connected,-52.000000,2462,58,,,,IWLAN
2132,1,,,-121.9331162,47.5260751,2026-01-23 21:17:44.000,_20260123_124628_CH04_TMO_5GNR_WFC_MT-REF-2_TC-157.dml,,,,,,,,,,NR SA,,,,,,,,,,,,,,,,,,,,,,On,Connected,-53.000000,2462,26,,,,IWLAN
2133,1,,,-121.9331162,47.5260751,2026-01-23 21:17:45.000,_20260123_124628_CH04_TMO_5GNR_WFC_MT-REF-2_TC-157.dml,,,,,,,,,,NR SA,,,,,,,,,,,,,,,,,,,594,,,On,Connected,-53.000000,2462,26,,,,IWLAN
2134,1,,,-121.9331162,47.5260751,2026-01-23 21:17:46.000,_20260123_124628_CH04_TMO_5GNR_WFC_MT-REF-2_TC-157.dml,,,,,,,,,,NR SA,,,,,,,,,,,,,,,,,,,,,,On,Connected,-53.000000,2462,26,,,,IWLAN
2135,1,,,-121.9331162,47.5260751,2026-01-23 21:17:47.000,_20260123_124628_CH04_TMO_5GNR_WFC_MT-REF-2_TC-157.dml,,,,,,,,,,NR SA,,,,,,,,,,,,,,,,,,,,,,On,Connected,-53.000000,2462,26,,,,IWLAN
2136,1,,,-121.9331162,47.5260751,2026-01-23 21:17:48.000,_20260123_124628_CH04_TMO_5GNR_WFC_MT-REF-2_TC-157.dml,,,,,,,,,,NR SA,,,,,,,,,,,,,,,,,,,594,,,On,Connected,-53.000000,2462,26,,,,IWLAN
2137,1,,,-121.9331162,47.5260751,2026-01-23 21:17:49.000,_20260123_124628_CH04_TMO_5GNR_WFC_MT-REF-2_TC-157.dml,,,,,,,,,,NR SA,,,,,,,,,,,,,,,,,,,,,,On,Connected,-53.000000,2462,26,,,,IWLAN
2138,1,,,-121.9331162,47.5260751,2026-01-23 21:17:50.000,_20260123_124628_CH04_TMO_5GNR_WFC_MT-REF-2_TC-157.dml,,,,,,,,,,NR SA,,,,,,,,,,,,,,,,,,,594,,,On,Connected,-55.000000,2462,39,,,,IWLAN
2139,1,,,-121.9331162,47.5260751,2026-01-23 21:17:51.000,_20260123_124628_CH04_TMO_5GNR_WFC_MT-REF-2_TC-157.dml,,,,,,,,,,NR SA,,,,,,,,,,,,,,,,,,,,,,On,Connected,-55.000000,2462,39,,,,IWLAN
2140,1,,,-121.9331162,47.5260751,2026-01-23 21:17:52.000,_20260123_124628_CH04_TMO_5GNR_WFC_MT-REF-2_TC-157.dml,,,,,,,,,,NR SA,,,,,,,,,,,,,,,,,,,,,,On,Connected,-55.000000,2462,39,,,,IWLAN
2141,1,,,-121.9331162,47.5260751,2026-01-23 21:17:53.000,_20260123_124628_CH04_TMO_5GNR_WFC_MT-REF-2_TC-157.dml,,,,,,,,,,NR SA,,,,,,,,,,,,,,,,,,,594,,1.961353,On,Connected,-53.000000,2462,52,,,,IWLAN
2142,1,,,-121.9331162,47.5260751,2026-01-23 21:17:54.000,_20260123_124628_CH04_TMO_5GNR_WFC_MT-REF-2_TC-157.dml,,,,,,,,,,NR SA,,,,,,,,,,,,,,,,,,,594,,1.961353,On,Connected,-53.000000,2462,52,,,,IWLAN
2143,1,,,-121.9331162,47.5260751,2026-01-23 21:17:55.000,_20260123_124628_CH04_TMO_5GNR_WFC_MT-REF-2_TC-157.dml,,,,,,,,,,NR SA,,,,,,,,,,,,,,,,,,,,,1.961353,On,Connected,-53.000000,2462,52,,,,IWLAN
2144,1,,,-121.9331162,47.5260751,2026-01-23 21:17:56.000,_20260123_124628_CH04_TMO_5GNR_WFC_MT-REF-2_TC-157.dml,,,,,,,,,,NR SA,,,,,,,,,,,,,,,,,,,594,,1.961353,On,Connected,-51.000000,2462,39,,,,IWLAN
2145,1,,,-121.9331162,47.5260751,2026-01-23 21:17:57.000,_20260123_124628_CH04_TMO_5GNR_WFC_MT-REF-2_TC-157.dml,,,,,,,,,,NR SA,,,,,,,,,,,,,,,,,,,,,1.961353,On,Connected,-51.000000,2462,39,,,,IWLAN
2146,1,,,-121.9331162,47.5260751,2026-01-23 21:17:58.000,_20260123_124628_CH04_TMO_5GNR_WFC_MT-REF-2_TC-157.dml,,,,,,,,,,NR SA,,,,,,,,,,,,,,,,,,,,,1.961353,On,Connected,-51.000000,2462,39,,,,IWLAN
2147,1,,,-121.9331162,47.5260751,2026-01-23 21:17:59.000,_20260123_124628_CH04_TMO_5GNR_WFC_MT-REF-2_TC-157.dml,,,,,,,,,,NR SA,,,,,,,,,,,,,,,,,,,594,,1.961353,On,Connected,-51.000000,2462,52,,,,IWLAN
2148,1,,,-121.9331162,47.5260751,2026-01-23 21:18:00.000,_20260123_124628_CH04_TMO_5GNR_WFC_MT-REF-2_TC-157.dml,,,,,,,,,,NR SA,,,,,,,,,,,,,,,,,,,594,,1.961353,On,Connected,-51.000000,2462,52,,,,IWLAN
2149,1,,,-121.9331162,47.5260751,2026-01-23 21:18:01.000,_20260123_124628_CH04_TMO_5GNR_WFC_MT-REF-2_TC-157.dml,,,,,,,,,,NR SA,,,,,,,,,,,,,,,,,,,,,1.961353,On,Connected,-51.000000,2462,52,,,,IWLAN
2150,1,,,-121.9331162,47.5260751,2026-01-23 21:18:02.000,_20260123_124628_CH04_TMO_5GNR_WFC_MT-REF-2_TC-157.dml,,,,,,,,,,NR SA,,,,,,,,,,,,,,,,,,,,,1.961353,On,Connected,-54.000000,2462,58,,,,IWLAN
2151,1,,,-121.9331162,47.5260751,2026-01-23 21:18:02.499,_20260123_124628_CH04_TMO_5GNR_WFC_MT-REF-2_TC-157.dml,,,,,,,,,,,,,,,,,,,,,,,,,,,,,,-77.545455,,,,,,,,,,
2152,1,,,-121.9331162,47.5260751,2026-01-23 21:18:03.000,_20260123_124628_CH04_TMO_5GNR_WFC_MT-REF-2_TC-157.dml,,,,,,,,,,NR SA,,,,,,,,,,,,,,,,,,,594,,,On,Connected,-54.000000,2462,58,,,,IWLAN
2153,1,,,-121.9331162,47.5260751,2026-01-23 21:18:04.000,_20260123_124628_CH04_TMO_5GNR_WFC_MT-REF-2_TC-157.dml,,,,,,,,,,NR SA,,,,,,,,,,,,,,,,,,,594,,,On,Connected,-54.000000,2462,58,,,,IWLAN
2154,1,,,-121.9331162,47.5260751,2026-01-23 21:18:05.000,_20260123_124628_CH04_TMO_5GNR_WFC_MT-REF-2_TC-157.dml,,,,,,,,,,NR SA,,,,,,,,,,,,,,,,,,,,,,On,Connected,-50.000000,2462,52,,,,IWLAN
2155,1,,,-121.9331162,47.5260751,2026-01-23 21:18:06.000,_20260123_124628_CH04_TMO_5GNR_WFC_MT-REF-2_TC-157.dml,,,,,,,,,,NR SA,,,,,,,,,,,,,,,,,,,,,,On,Connected,-50.000000,2462,52,,,,IWLAN
2156,1,,,-121.9331162,47.5260751,2026-01-23 21:18:07.000,_20260123_124628_CH04_TMO_5GNR_WFC_MT-REF-2_TC-157.dml,,,,,,,,,,NR SA,,,,,,,,,,,,,,,,,,,594,,,On,Connected,-50.000000,2462,52,,,,IWLAN
2157,1,,,-121.9331162,47.5260751,2026-01-23 21:18:08.000,_20260123_124628_CH04_TMO_5GNR_WFC_MT-REF-2_TC-157.dml,,,,,,,,,,NR SA,,,,,,,,,,,,,,,,,,,,,,On,Connected,-52.000000,2462,52,,,,IWLAN
2158,1,,,-121.9331162,47.5260751,2026-01-23 21:18:09.000,_20260123_124628_CH04_TMO_5GNR_WFC_MT-REF-2_TC-157.dml,,,,,,,,,,NR SA,,,,,,,,,,,,,,,,,,,594,,,On,Connected,-52.000000,2462,52,,,,IWLAN
2159,1,,,-121.9331162,47.5260751,2026-01-23 21:18:10.000,_20260123_124628_CH04_TMO_5GNR_WFC_MT-REF-2_TC-157.dml,,,,,,,,,,NR SA,,,,,,,,,,,,,,,,,,,,,,On,Connected,-52.000000,2462,52,,,,IWLAN
2160,1,,,-121.9331162,47.5260751,2026-01-23 21:18:11.000,_20260123_124628_CH04_TMO_5GNR_WFC_MT-REF-2_TC-157.dml,,,,,,,,,,NR SA,,,,,,,,,,,,,,,,,,,594,,,On,Connected,-54.000000,2462,26,,,,IWLAN
2161,1,,,-121.9331162,47.5260751,2026-01-23 21:18:12.000,_20260123_124628_CH04_TMO_5GNR_WFC_MT-REF-2_TC-157.dml,,,,,,,,,,NR SA,,,,,,,,,,,,,,,,,,,,,,On,Connected,-54.000000,2462,26,,,,IWLAN
2162,1,,,-121.9331162,47.5260751,2026-01-23 21:18:12.469,_20260123_124628_CH04_TMO_5GNR_WFC_MT-REF-2_TC-157.dml,,,,,,,,,,,,,,,,,,,,,,,[Tool] Voice - Pair Channel Call Drop,,,,,,,,,,,,,,,,,
2163,1,,,-121.9331162,47.5260751,2026-01-23 21:18:12.469,_20260123_124628_CH04_TMO_5GNR_WFC_MT-REF-2_TC-157.dml,,,,,,,,,,,,,,,,,,,,,,,[Tool] Voice - Release Call Request,,,,,,,,,,,,,,,,,
2164,1,,,-121.9331162,47.5260751,2026-01-23 21:18:13.000,_20260123_124628_CH04_TMO_5GNR_WFC_MT-REF-2_TC-157.dml,,,,,,,,,,NR SA,,,,,,,,,,,,,,,,,,,594,,,On,Connected,-54.000000,2462,26,,,,IWLAN
2165,1,,,-121.9331162,47.5260751,2026-01-23 21:18:13.187,_20260123_124628_CH04_TMO_5GNR_WFC_MT-REF-2_TC-157.dml,,,,,,,,,,,,,,,,,,,,,,Complete,[Tool] Voice - Call Result : Complete,,,,,,,,,,,,,,,,,
2166,1,,,-121.9331162,47.5260751,2026-01-23 21:18:13.187,_20260123_124628_CH04_TMO_5GNR_WFC_MT-REF-2_TC-157.dml,,,,,,,,,,,,,,,,,,,,,,,[UE]   Voice - Release Call Success,,,,,,,,,,,,,,,,,
2167,1,,,-121.9331162,47.5260751,2026-01-23 21:18:13.747,_20260123_124628_CH04_TMO_5GNR_WFC_MT-REF-2_TC-157.dml,,,,,,,,,,,,,,,,,,,,,,,[UE]   Voice - Release Call Success,,,,,,,,,,,,,,,,,
2168,1,,,-121.9331162,47.5260751,2026-01-23 21:18:14.000,_20260123_124628_CH04_TMO_5GNR_WFC_MT-REF-2_TC-157.dml,,,,,,,,,,,,,,,,,,,,,,,,1,,,,,594,,,On,Connected,-52.000000,2462,39,,,,IWLAN
2169,1,,,-121.9331162,47.5260751,2026-01-23 21:18:15.000,_20260123_124628_CH04_TMO_5GNR_WFC_MT-REF-2_TC-157.dml,,,,,,,,,,,,,,,,,,,,,,,,,,,,,594,,,On,Connected,-52.000000,2462,39,,,,IWLAN
2170,1,,,-121.9331162,47.5260751,2026-01-23 21:18:16.000,_20260123_124628_CH04_TMO_5GNR_WFC_MT-REF-2_TC-157.dml,,,,,,,,,,,,,,,,,,,,,,,,,,,,,594,,,On,Connected,-52.000000,2462,39,,,,IWLAN
2171,1,,,-121.9331162,47.5260751,2026-01-23 21:18:17.000,_20260123_124628_CH04_TMO_5GNR_WFC_MT-REF-2_TC-157.dml,,,,,,,,,,,,,,,,,,,,,,,,,,,,,594,,,On,Connected,-54.000000,2462,39,,,,IWLAN
2172,1,,,-121.9331162,47.5260751,2026-01-23 21:18:18.000,_20260123_124628_CH04_TMO_5GNR_WFC_MT-REF-2_TC-157.dml,,,,,,,,,,,,,,,,,,,,,,,,,,,,,,,,On,Connected,-54.000000,2462,39,,,,IWLAN
2173,1,,,-121.9331162,47.5260751,2026-01-23 21:18:19.000,_20260123_124628_CH04_TMO_5GNR_WFC_MT-REF-2_TC-157.dml,,,,,,,,,,,,,,,,,,,,,,,,,,,,,,,,On,Connected,-54.000000,2462,39,,,,IWLAN
2174,1,,,-121.9331162,47.5260751,2026-01-23 21:18:20.000,_20260123_124628_CH04_TMO_5GNR_WFC_MT-REF-2_TC-157.dml,,,,,,,,,,,,,,,,,,,,,,,,,,,,,594,,,On,Connected,-58.000000,2462,39,,,,IWLAN
2175,1,,,-121.9331162,47.5260751,2026-01-23 21:18:21.000,_20260123_124628_CH04_TMO_5GNR_WFC_MT-REF-2_TC-157.dml,,,,,,,,,,,,,,,,,,,,,,,,,,,,,594,,,On,Connected,-58.000000,2462,39,,,,IWLAN
2176,1,,,-121.9331162,47.5260751,2026-01-23 21:18:22.000,_20260123_124628_CH04_TMO_5GNR_WFC_MT-REF-2_TC-157.dml,,,,,,,,,,,,,,,,,,,,,,,,,,,,,594,,,On,Connected,-58.000000,2462,39,,,,IWLAN
2177,1,,,-121.9331162,47.5260751,2026-01-23 21:18:23.000,_20260123_124628_CH04_TMO_5GNR_WFC_MT-REF-2_TC-157.dml,,,,,,,,,,,,,,,,,,,,,,,,,,,,,,,,On,Connected,-57.000000,2462,39,,,,IWLAN
2178,1,,,-121.9331162,47.5260751,2026-01-23 21:18:24.000,_20260123_124628_CH04_TMO_5GNR_WFC_MT-REF-2_TC-157.dml,,,,,,,,,,,,,,,,,,,,,,,,,,,,,,,,On,Connected,-57.000000,2462,39,,,,IWLAN
2179,1,,,-121.9331162,47.5260751,2026-01-23 21:18:25.000,_20260123_124628_CH04_TMO_5GNR_WFC_MT-REF-2_TC-157.dml,,,,,,,,,,,,,,,,,,,,,,,,,,,,,594,,,On,Connected,-57.000000,2462,39,,,,IWLAN
2180,1,,,-121.9331162,47.5260751,2026-01-23 21:18:26.000,_20260123_124628_CH04_TMO_5GNR_WFC_MT-REF-2_TC-157.dml,,,,,,,,,,,,,,,,,,,,,,,,,,,,,594,,,On,Connected,-58.000000,2462,39,,,,IWLAN
2181,1,,,-121.9331162,47.5260751,2026-01-23 21:18:27.000,_20260123_124628_CH04_TMO_5GNR_WFC_MT-REF-2_TC-157.dml,,,,,,,,,,,,,,,,,,,,,,,,,,,,,,,,On,Connected,-58.000000,2462,39,,,,IWLAN
2182,1,,,-121.9331162,47.5260751,2026-01-23 21:18:28.000,_20260123_124628_CH04_TMO_5GNR_WFC_MT-REF-2_TC-157.dml,,,,,,,,,,,,,,,,,,,,,,,,,,,,,,,,On,Connected,-58.000000,2462,39,,,,IWLAN
2183,1,,,-121.9331162,47.5260751,2026-01-23 21:18:29.000,_20260123_124628_CH04_TMO_5GNR_WFC_MT-REF-2_TC-157.dml,,,,,,,,,,,,,,,,,,,,,,,,,,,,,594,,,On,Connected,-56.000000,2462,39,,,,IWLAN
2184,1,,,-121.9331162,47.5260751,2026-01-23 21:18:30.000,_20260123_124628_CH04_TMO_5GNR_WFC_MT-REF-2_TC-157.dml,,,,,,,,,,,,,,,,,,,,,,,,,,,,,594,,,On,Connected,-56.000000,2462,39,,,,IWLAN
2185,1,,,-121.9331162,47.5260751,2026-01-23 21:18:31.000,_20260123_124628_CH04_TMO_5GNR_WFC_MT-REF-2_TC-157.dml,,,,,,,,,,,,,,,,,,,,,,,,,,,,,594,,,On,Connected,-56.000000,2462,39,,,,IWLAN
2186,1,,,-121.9331162,47.5260751,2026-01-23 21:18:32.000,_20260123_124628_CH04_TMO_5GNR_WFC_MT-REF-2_TC-157.dml,,,,,,,,,,,,,,,,,,,,,,,,,,,,,,,,On,Connected,-56.000000,2462,39,,,,IWLAN
2187,1,,,-121.9331162,47.5260751,2026-01-23 21:18:33.000,_20260123_124628_CH04_TMO_5GNR_WFC_MT-REF-2_TC-157.dml,,,,,,,,,,,,,,,,,,,,,,,,,,,,,594,,,On,Connected,-56.000000,2462,39,,,,IWLAN
2188,1,,,-121.9331162,47.5260751,2026-01-23 21:18:34.000,_20260123_124628_CH04_TMO_5GNR_WFC_MT-REF-2_TC-157.dml,,,,,,,,,,,,,,,,,,,,,,,,,,,,,594,,,On,Connected,-56.000000,2462,39,,,,IWLAN
2189,1,,,-121.9331162,47.5260751,2026-01-23 21:18:35.000,_20260123_124628_CH04_TMO_5GNR_WFC_MT-REF-2_TC-157.dml,,,,,,,,,,,,,,,,,,,,,,,,,,,,,594,,,On,Connected,-56.000000,2462,39,,,,IWLAN
2190,1,,,-121.9331162,47.5260751,2026-01-23 21:18:36.000,_20260123_124628_CH04_TMO_5GNR_WFC_MT-REF-2_TC-157.dml,,,,,,,,,,,,,,,,,,,,,,,,,,,,,594,,,,Connected,,,,,,,IWLAN
2191,1,,,-121.9331162,47.5260751,2026-01-23 21:18:37.000,_20260123_124628_CH04_TMO_5GNR_WFC_MT-REF-2_TC-157.dml,,,,,,,,,,,,,,,,,,,,,,,,,,,,,594,,,On,Connected,-56.000000,2462,39,,,,IWLAN
2192,1,,,-121.9331162,47.5260751,2026-01-23 21:18:38.000,_20260123_124628_CH04_TMO_5GNR_WFC_MT-REF-2_TC-157.dml,,,,,,,,,,,,,,,,,,,,,,,,,,,,,594,,,On,Connected,-53.000000,2462,39,,,,IWLAN
2193,1,,,-121.9331162,47.5260751,2026-01-23 21:18:39.000,_20260123_124628_CH04_TMO_5GNR_WFC_MT-REF-2_TC-157.dml,,,,,,,,,,,,,,,,,,,,,,,,,,,,,,,,On,Connected,-53.000000,2462,39,,,,IWLAN
2194,1,,,-121.9331162,47.5260751,2026-01-23 21:18:40.000,_20260123_124628_CH04_TMO_5GNR_WFC_MT-REF-2_TC-157.dml,,,,,,,,,,,,,,,,,,,,,,,,,,,,,594,,,On,Connected,-53.000000,2462,39,,,,IWLAN
2195,1,,,-121.9331162,47.5260751,2026-01-23 21:18:40.735,_20260123_124628_CH04_TMO_5GNR_WFC_MT-REF-2_TC-157.dml,,,,,,,,,,,,,,,,,,,,,,,[Tool] Voice - Release Call Request,,,,,,,,,,,,,,,,,
2196,1,,,-121.9331162,47.5260751,2026-01-23 21:18:40.875,_20260123_124628_CH04_TMO_5GNR_WFC_MT-REF-2_TC-157.dml,,,,,,,,,,,,,,,,,,,,,,,[Tool] Voice - Answer Request,,,,,,,,,,,,,,,,,
2197,1,,,-121.9331162,47.5260751,2026-01-23 21:18:41.000,_20260123_124628_CH04_TMO_5GNR_WFC_MT-REF-2_TC-157.dml,,,,,,,,,,,,,,,,,,,,,,,,,,,,,,,,On,Connected,-51.000000,2462,39,,,,IWLAN
2198,1,,,-121.9331162,47.5260751,2026-01-23 21:18:42.000,_20260123_124628_CH04_TMO_5GNR_WFC_MT-REF-2_TC-157.dml,,,,,,,,,,,,,,,,,,,,,,,,,,,,,594,,,On,Connected,-51.000000,2462,39,,,,IWLAN
2199,1,,,-121.9331162,47.5260751,2026-01-23 21:18:43.000,_20260123_124628_CH04_TMO_5GNR_WFC_MT-REF-2_TC-157.dml,,,,,,,,,,,,,,,,,,,,,,,,,,,,,,,,On,Connected,-51.000000,2462,39,,,,IWLAN
2200,1,,,-121.9331162,47.5260751,2026-01-23 21:18:43.210,_20260123_124628_CH04_TMO_5GNR_WFC_MT-REF-2_TC-157.dml,,,,,,,,,,,,,,,,,,,,,,,[Tool] Voice - Call Scheduling End,,,,,,,,,,,,,,,,,
2201,1,,,-121.9331162,47.5260751,2026-01-23 21:18:43.210,_20260123_124628_CH04_TMO_5GNR_WFC_MT-REF-2_TC-157.dml,NR SA,Voice,Complete,NR SA,NR SA,Qualcomm,,354877970012475,,,,,,,,,Complete,Termination,Complete,,,,,,,,,90.242000,,,,,,,,,,EPSFB,,
2202,1,,,-121.9331162,47.5260751,2026-01-23 21:18:43.210,_20260123_124628_CH04_TMO_5GNR_WFC_MT-REF-2_TC-157.dml,,,,,,,,,,,,,,,,,,,,,,,[Tool] Voice - Release Call Request,,,,,,,,,,,,,,,,,
2203,1,,,-121.9331162,47.5260751,2026-01-23 21:18:43.783,_20260123_124628_CH04_TMO_5GNR_WFC_MT-REF-2_TC-157.dml,,,,,,,,,,,,,,,,,,,,,,,[Tool] Voice - Call Scheduling Start(Term),,,,,,,,,,,,,,,,,
2204,1,,,-121.9331162,47.5260751,2026-01-23 21:18:43.783,_20260123_124628_CH04_TMO_5GNR_WFC_MT-REF-2_TC-157.dml,,,,,,,,,,,,,,,,,,,,,,,[Tool] Voice - Wait Page,,,,,,,,,,,,,,,,,
2205,1,,,-121.9331162,47.5260751,2026-01-23 21:18:44.000,_20260123_124628_CH04_TMO_5GNR_WFC_MT-REF-2_TC-157.dml,,,,,,,,,,,,,,,,,,,,,,,,,,,,,594,,,On,Connected,-51.000000,2462,39,,,,IWLAN
2206,1,,,-121.9331162,47.5260751,2026-01-23 21:18:45.000,_20260123_124628_CH04_TMO_5GNR_WFC_MT-REF-2_TC-157.dml,,,,,,,,,,,,,,,,,,,,,,,,,,,,,594,,,,Connected,,,,,,,IWLAN
2207,1,,,-121.9331162,47.5260751,2026-01-23 21:18:46.000,_20260123_124628_CH04_TMO_5GNR_WFC_MT-REF-2_TC-157.dml,,,,,,,,,,,,,,,,,,,,,,,,,,,,,594,,,On,Connected,-51.000000,2462,39,,,,IWLAN
2208,1,,,-121.9331162,47.5260751,2026-01-23 21:18:47.000,_20260123_124628_CH04_TMO_5GNR_WFC_MT-REF-2_TC-157.dml,,,,,,,,,,,,,,,,,,,,,,,,,,,,,594,,,On,Connected,-56.000000,2462,52,,,,IWLAN
2209,1,,,-121.9331162,47.5260751,2026-01-23 21:18:47.250,_20260123_124628_CH04_TMO_5GNR_WFC_MT-REF-2_TC-157.dml,,,,,,,,,,,,,,,,,,,,,,,[Tool] Voice - Answer Request,,,,,,,,,,,,,,,,,
2210,1,,,-121.9331162,47.5260751,2026-01-23 21:18:48.000,_20260123_124628_CH04_TMO_5GNR_WFC_MT-REF-2_TC-157.dml,,,,,,,,,,,,,,,,,,,,,,,,,,,,,,,,On,Connected,-56.000000,2462,52,,,,IWLAN
2211,1,,,-121.9331162,47.5260751,2026-01-23 21:18:48.226,_20260123_124628_CH04_TMO_5GNR_WFC_MT-REF-2_TC-157.dml,,,,,,,,,,,,,,,,,,,,,,,[UE]   Voice - Setup Success,,,,,,,,,,,,,,,,,
2212,1,,,-121.9331162,47.5260751,2026-01-23 21:18:49.000,_20260123_124628_CH04_TMO_5GNR_WFC_MT-REF-2_TC-157.dml,,,,,,,,,,NR SA,,,,,,,,,,,,,,,,,,,,,,On,Connected,-56.000000,2462,52,,,,IWLAN
2213,1,,,-121.9331162,47.5260751,2026-01-23 21:18:50.000,_20260123_124628_CH04_TMO_5GNR_WFC_MT-REF-2_TC-157.dml,,,,,,,,,,NR SA,,,,,,,,,,,,,,,,,,,594,,,On,Connected,-51.000000,2462,58,,,,IWLAN
2214,1,,,-121.9331162,47.5260751,2026-01-23 21:18:51.000,_20260123_124628_CH04_TMO_5GNR_WFC_MT-REF-2_TC-157.dml,,,,,,,,,,NR SA,,,,,,,,,,,,,,,,,,,594,,,On,Connected,-51.000000,2462,58,,,,IWLAN
2215,1,,,-121.9331162,47.5260751,2026-01-23 21:18:52.000,_20260123_124628_CH04_TMO_5GNR_WFC_MT-REF-2_TC-157.dml,,,,,,,,,,NR SA,,,,,,,,,,,,,,,,,,,,,,On,Connected,-51.000000,2462,58,,,,IWLAN
2216,1,,,-121.9331162,47.5260751,2026-01-23 21:18:53.000,_20260123_124628_CH04_TMO_5GNR_WFC_MT-REF-2_TC-157.dml,,,,,,,,,,NR SA,,,,,,,,,,,,,,,,,,,594,,,On,Connected,-53.000000,2462,39,,,,IWLAN
2217,1,,,-121.9331162,47.5260751,2026-01-23 21:18:54.000,_20260123_124628_CH04_TMO_5GNR_WFC_MT-REF-2_TC-157.dml,,,,,,,,,,NR SA,,,,,,,,,,,,,,,,,,,,,,On,Connected,-53.000000,2462,39,,,,IWLAN
2218,1,,,-121.9331162,47.5260751,2026-01-23 21:18:55.000,_20260123_124628_CH04_TMO_5GNR_WFC_MT-REF-2_TC-157.dml,,,,,,,,,,NR SA,,,,,,,,,,,,,,,,,,,594,,,On,Connected,-53.000000,2462,39,,,,IWLAN
2219,1,,,-121.9331162,47.5260751,2026-01-23 21:18:56.000,_20260123_124628_CH04_TMO_5GNR_WFC_MT-REF-2_TC-157.dml,,,,,,,,,,NR SA,,,,,,,,,,,,,,,,,,,,,,On,Connected,-52.000000,2462,58,,,,IWLAN
2220,1,,,-121.9331162,47.5260751,2026-01-23 21:18:57.000,_20260123_124628_CH04_TMO_5GNR_WFC_MT-REF-2_TC-157.dml,,,,,,,,,,NR SA,,,,,,,,,,,,,,,,,,,,,,On,Connected,-52.000000,2462,58,,,,IWLAN
2221,1,,,-121.9331162,47.5260751,2026-01-23 21:18:58.000,_20260123_124628_CH04_TMO_5GNR_WFC_MT-REF-2_TC-157.dml,,,,,,,,,,NR SA,,,,,,,,,,,,,,,,,,,594,,2.041385,On,Connected,-52.000000,2462,58,,,,IWLAN
2222,1,,,-121.9331162,47.5260751,2026-01-23 21:18:59.000,_20260123_124628_CH04_TMO_5GNR_WFC_MT-REF-2_TC-157.dml,,,,,,,,,,NR SA,,,,,,,,,,,,,,,,,,,,,2.041385,,Connected,,,,,,,IWLAN
2223,1,,,-121.9331162,47.5260751,2026-01-23 21:19:00.000,_20260123_124628_CH04_TMO_5GNR_WFC_MT-REF-2_TC-157.dml,,,,,,,,,,NR SA,,,,,,,,,,,,,,,,,,,594,,2.041385,On,Connected,-52.000000,2462,58,,,,IWLAN
2224,1,,,-121.9331162,47.5260751,2026-01-23 21:19:01.000,_20260123_124628_CH04_TMO_5GNR_WFC_MT-REF-2_TC-157.dml,,,,,,,,,,NR SA,,,,,,,,,,,,,,,,,,,,,2.041385,On,Connected,-52.000000,2462,58,,,,IWLAN
2225,1,,,-121.9331162,47.5260751,2026-01-23 21:19:02.000,_20260123_124628_CH04_TMO_5GNR_WFC_MT-REF-2_TC-157.dml,,,,,,,,,,NR SA,,,,,,,,,,,,,,,,,,,,,2.041385,On,Connected,-51.000000,2462,58,,,,IWLAN
2226,1,,,-121.9331162,47.5260751,2026-01-23 21:19:03.000,_20260123_124628_CH04_TMO_5GNR_WFC_MT-REF-2_TC-157.dml,,,,,,,,,,NR SA,,,,,,,,,,,,,,,,,,,594,,2.041385,On,Connected,-51.000000,2462,58,,,,IWLAN
2227,1,,,-121.9331162,47.5260751,2026-01-23 21:19:04.000,_20260123_124628_CH04_TMO_5GNR_WFC_MT-REF-2_TC-157.dml,,,,,,,,,,NR SA,,,,,,,,,,,,,,,,,,,,,2.041385,,Connected,,,,,,,IWLAN
2228,1,,,-121.9331162,47.5260751,2026-01-23 21:19:05.000,_20260123_124628_CH04_TMO_5GNR_WFC_MT-REF-2_TC-157.dml,,,,,,,,,,NR SA,,,,,,,,,,,,,,,,,,,594,,2.041385,On,Connected,-50.000000,2462,52,,,,IWLAN
2229,1,,,-121.9331162,47.5260751,2026-01-23 21:19:06.000,_20260123_124628_CH04_TMO_5GNR_WFC_MT-REF-2_TC-157.dml,,,,,,,,,,NR SA,,,,,,,,,,,,,,,,,,,,,2.041385,,Connected,,,,,,,IWLAN
2230,1,,,-121.9331162,47.5260751,2026-01-23 21:19:07.000,_20260123_124628_CH04_TMO_5GNR_WFC_MT-REF-2_TC-157.dml,,,,,,,,,,NR SA,,,,,,,,,,,,,,,,,,,594,,2.041385,On,Connected,-49.000000,2462,52,,,,IWLAN
2231,1,,,-121.9331162,47.5260751,2026-01-23 21:19:08.000,_20260123_124628_CH04_TMO_5GNR_WFC_MT-REF-2_TC-157.dml,,,,,,,,,,NR SA,,,,,,,,,,,,,,,,,,,594,,2.041385,,Connected,,,,,,,IWLAN
2232,1,,,-121.9331162,47.5260751,2026-01-23 21:19:08.844,_20260123_124628_CH04_TMO_5GNR_WFC_MT-REF-2_TC-157.dml,,,,,,,,,,,,,,,,,,,,,,,,,,,,,,-78.022017,,,,,,,,,,
2233,1,,,-121.9331162,47.5260751,2026-01-23 21:19:09.000,_20260123_124628_CH04_TMO_5GNR_WFC_MT-REF-2_TC-157.dml,,,,,,,,,,NR SA,,,,,,,,,,,,,,,,,,,,,,On,Connected,-55.000000,2462,26,,,,IWLAN
2234,1,,,-121.9331162,47.5260751,2026-01-23 21:19:10.000,_20260123_124628_CH04_TMO_5GNR_WFC_MT-REF-2_TC-157.dml,,,,,,,,,,NR SA,,,,,,,,,,,,,,,,,,,594,,,On,Connected,-55.000000,2462,26,,,,IWLAN
2235,1,,,-121.9331162,47.5260751,2026-01-23 21:19:11.000,_20260123_124628_CH04_TMO_5GNR_WFC_MT-REF-2_TC-157.dml,,,,,,,,,,NR SA,,,,,,,,,,,,,,,,,,,,,,,Connected,,,,,,,IWLAN
2236,1,,,-121.9331162,47.5260751,2026-01-23 21:19:12.000,_20260123_124628_CH04_TMO_5GNR_WFC_MT-REF-2_TC-157.dml,,,,,,,,,,NR SA,,,,,,,,,,,,,,,,,,,,,,On,Connected,-54.000000,2462,26,,,,IWLAN
2237,1,,,-121.9331162,47.5260751,2026-01-23 21:19:13.000,_20260123_124628_CH04_TMO_5GNR_WFC_MT-REF-2_TC-157.dml,,,,,,,,,,NR SA,,,,,,,,,,,,,,,,,,,594,,,,Connected,,,,,,,IWLAN
2238,1,,,-121.9331162,47.5260751,2026-01-23 21:19:14.000,_20260123_124628_CH04_TMO_5GNR_WFC_MT-REF-2_TC-157.dml,,,,,,,,,,NR SA,,,,,,,,,,,,,,,,,,,,,,On,Connected,-54.000000,2462,52,,,,IWLAN
2239,1,,,-121.9331162,47.5260751,2026-01-23 21:19:15.000,_20260123_124628_CH04_TMO_5GNR_WFC_MT-REF-2_TC-157.dml,,,,,,,,,,NR SA,,,,,,,,,,,,,,,,,,,,,,,Connected,,,,,,,IWLAN
2240,1,,,-121.9331162,47.5260751,2026-01-23 21:19:16.000,_20260123_124628_CH04_TMO_5GNR_WFC_MT-REF-2_TC-157.dml,,,,,,,,,,NR SA,,,,,,,,,,,,,,,,,,,594,,,On,Connected,-54.000000,2462,52,,,,IWLAN
2241,1,,,-121.9331162,47.5260751,2026-01-23 21:19:17.000,_20260123_124628_CH04_TMO_5GNR_WFC_MT-REF-2_TC-157.dml,,,,,,,,,,NR SA,,,,,,,,,,,,,,,,,,,,,,,Connected,,,,,,,IWLAN
2242,1,,,-121.9331162,47.5260751,2026-01-23 21:19:18.000,_20260123_124628_CH04_TMO_5GNR_WFC_MT-REF-2_TC-157.dml,,,,,,,,,,NR SA,,,,,,,,,,,,,,,,,,,594,,1.742440,On,Connected,-58.000000,2462,52,,,,IWLAN
2243,1,,,-121.9331162,47.5260751,2026-01-23 21:19:19.000,_20260123_124628_CH04_TMO_5GNR_WFC_MT-REF-2_TC-157.dml,,,,,,,,,,NR SA,,,,,,,,,,,,,,,,,,,,,1.742440,On,Connected,-58.000000,2462,52,,,,IWLAN
2244,1,,,-121.9331162,47.5260751,2026-01-23 21:19:20.000,_20260123_124628_CH04_TMO_5GNR_WFC_MT-REF-2_TC-157.dml,,,,,,,,,,NR SA,,,,,,,,,,,,,,,,,,,,,1.742440,,Connected,,,,,,,IWLAN
2245,1,,,-121.9331162,47.5260751,2026-01-23 21:19:21.000,_20260123_124628_CH04_TMO_5GNR_WFC_MT-REF-2_TC-157.dml,,,,,,,,,,NR SA,,,,,,,,,,,,,,,,,,,594,,1.742440,On,Connected,-55.000000,2462,39,,,,IWLAN
2246,1,,,-121.9331162,47.5260751,2026-01-23 21:19:22.000,_20260123_124628_CH04_TMO_5GNR_WFC_MT-REF-2_TC-157.dml,,,,,,,,,,NR SA,,,,,,,,,,,,,,,,,,,,,1.742440,,Connected,,,,,,,IWLAN
2247,1,,,-121.9331162,47.5260751,2026-01-23 21:19:23.000,_20260123_124628_CH04_TMO_5GNR_WFC_MT-REF-2_TC-157.dml,,,,,,,,,,NR SA,,,,,,,,,,,,,,,,,,,594,,1.742440,On,Connected,-53.000000,2462,52,,,,IWLAN
2248,1,,,-121.9331162,47.5260751,2026-01-23 21:19:24.000,_20260123_124628_CH04_TMO_5GNR_WFC_MT-REF-2_TC-157.dml,,,,,,,,,,NR SA,,,,,,,,,,,,,,,,,,,,,1.742440,,Connected,,,,,,,IWLAN
2249,1,,,-121.9331162,47.5260751,2026-01-23 21:19:25.000,_20260123_124628_CH04_TMO_5GNR_WFC_MT-REF-2_TC-157.dml,,,,,,,,,,NR SA,,,,,,,,,,,,,,,,,,,,,1.742440,On,Connected,-51.000000,2462,52,,,,IWLAN
2250,1,,,-121.9331162,47.5260751,2026-01-23 21:19:26.000,_20260123_124628_CH04_TMO_5GNR_WFC_MT-REF-2_TC-157.dml,,,,,,,,,,NR SA,,,,,,,,,,,,,,,,,,,594,,1.742440,On,Connected,-54.000000,2462,52,,,,IWLAN
2251,1,,,-121.9331162,47.5260751,2026-01-23 21:19:27.000,_20260123_124628_CH04_TMO_5GNR_WFC_MT-REF-2_TC-157.dml,,,,,,,,,,NR SA,,,,,,,,,,,,,,,,,,,,,1.742440,,Connected,,,,,,,IWLAN
2252,1,,,-121.9331162,47.5260751,2026-01-23 21:19:28.000,_20260123_124628_CH04_TMO_5GNR_WFC_MT-REF-2_TC-157.dml,,,,,,,,,,NR SA,,,,,,,,,,,,,,,,,,,594,,,On,Connected,-54.000000,2462,52,,,,IWLAN
2253,1,,,-121.9331162,47.5260751,2026-01-23 21:19:28.751,_20260123_124628_CH04_TMO_5GNR_WFC_MT-REF-2_TC-157.dml,,,,,,,,,,,,,,,,,,,,,,,,,,,,,,-77.664931,,,,,,,,,,
2254,1,,,-121.9331162,47.5260751,2026-01-23 21:19:29.000,_20260123_124628_CH04_TMO_5GNR_WFC_MT-REF-2_TC-157.dml,,,,,,,,,,NR SA,,,,,,,,,,,,,,,,,,,,,,,Connected,,,,,,,IWLAN
2255,1,,,-121.9331162,47.5260751,2026-01-23 21:19:30.000,_20260123_124628_CH04_TMO_5GNR_WFC_MT-REF-2_TC-157.dml,,,,,,,,,,NR SA,,,,,,,,,,,,,,,,,,,,,,On,Connected,-54.000000,2462,52,,,,IWLAN
2256,1,,,-121.9331162,47.5260751,2026-01-23 21:19:31.000,_20260123_124628_CH04_TMO_5GNR_WFC_MT-REF-2_TC-157.dml,,,,,,,,,,NR SA,,,,,,,,,,,,,,,,,,,594,,,,Connected,,,,,,,IWLAN
2257,1,,,-121.9331162,47.5260751,2026-01-23 21:19:32.000,_20260123_124628_CH04_TMO_5GNR_WFC_MT-REF-2_TC-157.dml,,,,,,,,,,NR SA,,,,,,,,,,,,,,,,,,,,,,On,Connected,-54.000000,2462,52,,,,IWLAN
2258,1,,,-121.9331162,47.5260751,2026-01-23 21:19:33.000,_20260123_124628_CH04_TMO_5GNR_WFC_MT-REF-2_TC-157.dml,,,,,,,,,,NR SA,,,,,,,,,,,,,,,,,,,,,,On,Connected,-55.000000,2462,52,,,,IWLAN
2259,1,,,-121.9331162,47.5260751,2026-01-23 21:19:34.000,_20260123_124628_CH04_TMO_5GNR_WFC_MT-REF-2_TC-157.dml,,,,,,,,,,NR SA,,,,,,,,,,,,,,,,,,,594,,,On,Connected,-55.000000,2462,52,,,,IWLAN
2260,1,,,-121.9331162,47.5260751,2026-01-23 21:19:35.000,_20260123_124628_CH04_TMO_5GNR_WFC_MT-REF-2_TC-157.dml,,,,,,,,,,NR SA,,,,,,,,,,,,,,,,,,,,,,On,Connected,-55.000000,2462,52,,,,IWLAN
2261,1,,,-121.9331162,47.5260751,2026-01-23 21:19:36.000,_20260123_124628_CH04_TMO_5GNR_WFC_MT-REF-2_TC-157.dml,,,,,,,,,,NR SA,,,,,,,,,,,,,,,,,,,594,,,On,Connected,-53.000000,2462,52,,,,IWLAN
2262,1,,,-121.9331162,47.5260751,2026-01-23 21:19:37.000,_20260123_124628_CH04_TMO_5GNR_WFC_MT-REF-2_TC-157.dml,,,,,,,,,,NR SA,,,,,,,,,,,,,,,,,,,,,,On,Connected,-53.000000,2462,52,,,,IWLAN
2263,1,,,-121.9331162,47.5260751,2026-01-23 21:19:38.000,_20260123_124628_CH04_TMO_5GNR_WFC_MT-REF-2_TC-157.dml,,,,,,,,,,NR SA,,,,,,,,,,,,,,,,,,,,,2.164307,On,Connected,-55.000000,2462,52,,,,IWLAN
2264,1,,,-121.9331162,47.5260751,2026-01-23 21:19:39.000,_20260123_124628_CH04_TMO_5GNR_WFC_MT-REF-2_TC-157.dml,,,,,,,,,,NR SA,,,,,,,,,,,,,,,,,,,594,,2.164307,,Connected,,,,,,,IWLAN
2265,1,,,-121.9331162,47.5260751,2026-01-23 21:19:40.000,_20260123_124628_CH04_TMO_5GNR_WFC_MT-REF-2_TC-157.dml,,,,,,,,,,NR SA,,,,,,,,,,,,,,,,,,,,,2.164307,On,Connected,-55.000000,2462,52,,,,IWLAN
2266,1,,,-121.9331162,47.5260751,2026-01-23 21:19:41.000,_20260123_124628_CH04_TMO_5GNR_WFC_MT-REF-2_TC-157.dml,,,,,,,,,,NR SA,,,,,,,,,,,,,,,,,,,594,,2.164307,On,Connected,-55.000000,2462,52,,,,IWLAN
2267,1,,,-121.9331162,47.5260751,2026-01-23 21:19:42.000,_20260123_124628_CH04_TMO_5GNR_WFC_MT-REF-2_TC-157.dml,,,,,,,,,,NR SA,,,,,,,,,,,,,,,,,,,,,2.164307,On,Connected,-53.000000,2462,52,,,,IWLAN
2268,1,,,-121.9331162,47.5260751,2026-01-23 21:19:43.000,_20260123_124628_CH04_TMO_5GNR_WFC_MT-REF-2_TC-157.dml,,,,,,,,,,NR SA,,,,,,,,,,,,,,,,,,,,,2.164307,On,Connected,-53.000000,2462,52,,,,IWLAN
2269,1,,,-121.9331162,47.5260751,2026-01-23 21:19:44.000,_20260123_124628_CH04_TMO_5GNR_WFC_MT-REF-2_TC-157.dml,,,,,,,,,,NR SA,,,,,,,,,,,,,,,,,,,594,,2.164307,On,Connected,-53.000000,2462,52,,,,IWLAN
2270,1,,,-121.9331162,47.5260751,2026-01-23 21:19:45.000,_20260123_124628_CH04_TMO_5GNR_WFC_MT-REF-2_TC-157.dml,,,,,,,,,,NR SA,,,,,,,,,,,,,,,,,,,,,2.164307,On,Connected,-52.000000,2462,58,,,,IWLAN
2271,1,,,-121.9331162,47.5260751,2026-01-23 21:19:46.000,_20260123_124628_CH04_TMO_5GNR_WFC_MT-REF-2_TC-157.dml,,,,,,,,,,NR SA,,,,,,,,,,,,,,,,,,,594,,2.164307,On,Connected,-52.000000,2462,58,,,,IWLAN
2272,1,,,-121.9331162,47.5260751,2026-01-23 21:19:47.000,_20260123_124628_CH04_TMO_5GNR_WFC_MT-REF-2_TC-157.dml,,,,,,,,,,NR SA,,,,,,,,,,,,,,,,,,,,,2.164307,On,Connected,-52.000000,2462,58,,,,IWLAN
2273,1,,,-121.9331162,47.5260751,2026-01-23 21:19:48.000,_20260123_124628_CH04_TMO_5GNR_WFC_MT-REF-2_TC-157.dml,,,,,,,,,,NR SA,,,,,,,,,,,,,,,,,,,594,,,On,Connected,-56.000000,2462,52,,,,IWLAN
2274,1,,,-121.9331162,47.5260751,2026-01-23 21:19:48.750,_20260123_124628_CH04_TMO_5GNR_WFC_MT-REF-2_TC-157.dml,,,,,,,,,,,,,,,,,,,,,,,,,,,,,,-76.898438,,,,,,,,,,
2275,1,,,-121.9331162,47.5260751,2026-01-23 21:19:49.000,_20260123_124628_CH04_TMO_5GNR_WFC_MT-REF-2_TC-157.dml,,,,,,,,,,NR SA,,,,,,,,,,,,,,,,,,,,,,On,Connected,-56.000000,2462,52,,,,IWLAN
2276,1,,,-121.9331162,47.5260751,2026-01-23 21:19:50.000,_20260123_124628_CH04_TMO_5GNR_WFC_MT-REF-2_TC-157.dml,,,,,,,,,,NR SA,,,,,,,,,,,,,,,,,,,594,,,On,Connected,-56.000000,2462,52,,,,IWLAN
2277,1,,,-121.9331162,47.5260751,2026-01-23 21:19:51.000,_20260123_124628_CH04_TMO_5GNR_WFC_MT-REF-2_TC-157.dml,,,,,,,,,,NR SA,,,,,,,,,,,,,,,,,,,,,,On,Connected,-54.000000,2462,39,,,,IWLAN
2278,1,,,-121.9331162,47.5260751,2026-01-23 21:19:52.000,_20260123_124628_CH04_TMO_5GNR_WFC_MT-REF-2_TC-157.dml,,,,,,,,,,NR SA,,,,,,,,,,,,,,,,,,,,,,On,Connected,-54.000000,2462,39,,,,IWLAN
2279,1,,,-121.9331162,47.5260751,2026-01-23 21:19:53.000,_20260123_124628_CH04_TMO_5GNR_WFC_MT-REF-2_TC-157.dml,,,,,,,,,,NR SA,,,,,,,,,,,,,,,,,,,594,,,On,Connected,-54.000000,2462,39,,,,IWLAN
2280,1,,,-121.9331162,47.5260751,2026-01-23 21:19:54.000,_20260123_124628_CH04_TMO_5GNR_WFC_MT-REF-2_TC-157.dml,,,,,,,,,,NR SA,,,,,,,,,,,,,,,,,,,594,,,On,Connected,-53.000000,2462,58,,,,IWLAN
2281,1,,,-121.9331162,47.5260751,2026-01-23 21:19:55.000,_20260123_124628_CH04_TMO_5GNR_WFC_MT-REF-2_TC-157.dml,,,,,,,,,,NR SA,,,,,,,,,,,,,,,,,,,,,,On,Connected,-53.000000,2462,58,,,,IWLAN
2282,1,,,-121.9331162,47.5260751,2026-01-23 21:19:56.000,_20260123_124628_CH04_TMO_5GNR_WFC_MT-REF-2_TC-157.dml,,,,,,,,,,NR SA,,,,,,,,,,,,,,,,,,,,,,On,Connected,-53.000000,2462,58,,,,IWLAN
2283,1,,,-121.9331162,47.5260751,2026-01-23 21:19:57.000,_20260123_124628_CH04_TMO_5GNR_WFC_MT-REF-2_TC-157.dml,,,,,,,,,,NR SA,,,,,,,,,,,,,,,,,,,594,,,On,Connected,-57.000000,2462,58,,,,IWLAN
2284,1,,,-121.9331162,47.5260751,2026-01-23 21:19:58.000,_20260123_124628_CH04_TMO_5GNR_WFC_MT-REF-2_TC-157.dml,,,,,,,,,,NR SA,,,,,,,,,,,,,,,,,,,,,1.990924,On,Connected,-57.000000,2462,58,,,,IWLAN
2285,1,,,-121.9331162,47.5260751,2026-01-23 21:19:59.000,_20260123_124628_CH04_TMO_5GNR_WFC_MT-REF-2_TC-157.dml,,,,,,,,,,NR SA,,,,,,,,,,,,,,,,,,,594,,1.990924,On,Connected,-57.000000,2462,58,,,,IWLAN
2286,1,,,-121.9331162,47.5260751,2026-01-23 21:20:00.000,_20260123_124628_CH04_TMO_5GNR_WFC_MT-REF-2_TC-157.dml,,,,,,,,,,NR SA,,,,,,,,,,,,,,,,,,,,,1.990924,On,Connected,-55.000000,2462,58,,,,IWLAN
2287,1,,,-121.9331162,47.5260751,2026-01-23 21:20:01.000,_20260123_124628_CH04_TMO_5GNR_WFC_MT-REF-2_TC-157.dml,,,,,,,,,,NR SA,,,,,,,,,,,,,,,,,,,,,1.990924,On,Connected,-55.000000,2462,58,,,,IWLAN
2288,1,,,-121.9331162,47.5260751,2026-01-23 21:20:02.000,_20260123_124628_CH04_TMO_5GNR_WFC_MT-REF-2_TC-157.dml,,,,,,,,,,NR SA,,,,,,,,,,,,,,,,,,,594,,1.990924,On,Connected,-55.000000,2462,58,,,,IWLAN
2289,1,,,-121.9331162,47.5260751,2026-01-23 21:20:03.000,_20260123_124628_CH04_TMO_5GNR_WFC_MT-REF-2_TC-157.dml,,,,,,,,,,NR SA,,,,,,,,,,,,,,,,,,,594,,1.990924,On,Connected,-51.000000,2462,52,,,,IWLAN
2290,1,,,-121.9331162,47.5260751,2026-01-23 21:20:04.000,_20260123_124628_CH04_TMO_5GNR_WFC_MT-REF-2_TC-157.dml,,,,,,,,,,NR SA,,,,,,,,,,,,,,,,,,,,,1.990924,On,Connected,-51.000000,2462,52,,,,IWLAN
2291,1,,,-121.9331162,47.5260751,2026-01-23 21:20:05.000,_20260123_124628_CH04_TMO_5GNR_WFC_MT-REF-2_TC-157.dml,,,,,,,,,,NR SA,,,,,,,,,,,,,,,,,,,,,1.990924,On,Connected,-51.000000,2462,52,,,,IWLAN
2292,1,,,-121.9331162,47.5260751,2026-01-23 21:20:06.000,_20260123_124628_CH04_TMO_5GNR_WFC_MT-REF-2_TC-157.dml,,,,,,,,,,NR SA,,,,,,,,,,,,,,,,,,,594,,1.990924,On,Connected,-54.000000,2462,52,,,,IWLAN
2293,1,,,-121.9331162,47.5260751,2026-01-23 21:20:07.000,_20260123_124628_CH04_TMO_5GNR_WFC_MT-REF-2_TC-157.dml,,,,,,,,,,NR SA,,,,,,,,,,,,,,,,,,,,,1.990924,On,Connected,-54.000000,2462,52,,,,IWLAN
2294,1,,,-121.9331162,47.5260751,2026-01-23 21:20:08.000,_20260123_124628_CH04_TMO_5GNR_WFC_MT-REF-2_TC-157.dml,,,,,,,,,,NR SA,,,,,,,,,,,,,,,,,,,594,,,,Connected,,,,,,,IWLAN
2295,1,,,-121.9331162,47.5260751,2026-01-23 21:20:08.844,_20260123_124628_CH04_TMO_5GNR_WFC_MT-REF-2_TC-157.dml,,,,,,,,,,,,,,,,,,,,,,,,,,,,,,-74.239063,,,,,,,,,,
2296,1,,,-121.9331162,47.5260751,2026-01-23 21:20:09.000,_20260123_124628_CH04_TMO_5GNR_WFC_MT-REF-2_TC-157.dml,,,,,,,,,,NR SA,,,,,,,,,,,,,,,,,,,594,,,On,Connected,-57.000000,2462,52,,,,IWLAN
2297,1,,,-121.9331162,47.5260751,2026-01-23 21:20:10.000,_20260123_124628_CH04_TMO_5GNR_WFC_MT-REF-2_TC-157.dml,,,,,,,,,,NR SA,,,,,,,,,,,,,,,,,,,,,,,Connected,,,,,,,IWLAN
2298,1,,,-121.9331162,47.5260751,2026-01-23 21:20:11.000,_20260123_124628_CH04_TMO_5GNR_WFC_MT-REF-2_TC-157.dml,,,,,,,,,,NR SA,,,,,,,,,,,,,,,,,,,,,,On,Connected,-57.000000,2462,52,,,,IWLAN
2299,1,,,-121.9331162,47.5260751,2026-01-23 21:20:12.000,_20260123_124628_CH04_TMO_5GNR_WFC_MT-REF-2_TC-157.dml,,,,,,,,,,NR SA,,,,,,,,,,,,,,,,,,,594,,,On,Connected,-55.000000,2462,52,,,,IWLAN
2300,1,,,-121.9331162,47.5260751,2026-01-23 21:20:13.000,_20260123_124628_CH04_TMO_5GNR_WFC_MT-REF-2_TC-157.dml,,,,,,,,,,NR SA,,,,,,,,,,,,,,,,,,,,,,On,Connected,-55.000000,2462,52,,,,IWLAN
2301,1,,,-121.9331162,47.5260751,2026-01-23 21:20:14.000,_20260123_124628_CH04_TMO_5GNR_WFC_MT-REF-2_TC-157.dml,,,,,,,,,,NR SA,,,,,,,,,,,,,,,,,,,594,,,On,Connected,-55.000000,2462,52,,,,IWLAN
2302,1,,,-121.9331162,47.5260751,2026-01-23 21:20:15.000,_20260123_124628_CH04_TMO_5GNR_WFC_MT-REF-2_TC-157.dml,,,,,,,,,,NR SA,,,,,,,,,,,,,,,,,,,,,,On,Connected,-56.000000,2462,52,,,,IWLAN
2303,1,,,-121.9331162,47.5260751,2026-01-23 21:20:16.000,_20260123_124628_CH04_TMO_5GNR_WFC_MT-REF-2_TC-157.dml,,,,,,,,,,NR SA,,,,,,,,,,,,,,,,,,,,,,On,Connected,-56.000000,2462,52,,,,IWLAN
2304,1,,,-121.9331162,47.5260751,2026-01-23 21:20:17.000,_20260123_124628_CH04_TMO_5GNR_WFC_MT-REF-2_TC-157.dml,,,,,,,,,,NR SA,,,,,,,,,,,,,,,,,,,594,,,On,Connected,-56.000000,2462,52,,,,IWLAN
2305,1,,,-121.9331162,47.5260751,2026-01-23 21:20:18.000,_20260123_124628_CH04_TMO_5GNR_WFC_MT-REF-2_TC-157.dml,,,,,,,,,,NR SA,,,,,,,,,,,,,,,,,,,594,,,On,Connected,-54.000000,2462,52,,,,IWLAN
2306,1,,,-121.9331162,47.5260751,2026-01-23 21:20:18.849,_20260123_124628_CH04_TMO_5GNR_WFC_MT-REF-2_TC-157.dml,,,,,,,,,,,,,,,,,,,,,,,[Tool] Voice - Pair Channel Call Drop,,,,,,,,,,,,,,,,,
2307,1,,,-121.9331162,47.5260751,2026-01-23 21:20:18.849,_20260123_124628_CH04_TMO_5GNR_WFC_MT-REF-2_TC-157.dml,,,,,,,,,,,,,,,,,,,,,,,[Tool] Voice - Release Call Request,,,,,,,,,,,,,,,,,
2308,1,,,-121.9331162,47.5260751,2026-01-23 21:20:19.140,_20260123_124628_CH04_TMO_5GNR_WFC_MT-REF-2_TC-157.dml,,,,,,,,,,,,,,,,,,,,,,BQ,[Tool] Voice - Call Result : BQ,,,,,,,,,,,,,,,,,
2309,1,,,-121.9331162,47.5260751,2026-01-23 21:20:19.140,_20260123_124628_CH04_TMO_5GNR_WFC_MT-REF-2_TC-157.dml,,,,,,,,,,,,,,,,,,,,,,,[UE]   Voice - Release Call Success,,,,,,,,,,,,,,,,,
2310,1,,,-121.9331162,47.5260751,2026-01-23 21:20:19.000,_20260123_124628_CH04_TMO_5GNR_WFC_MT-REF-2_TC-157.dml,,,,,,,,,,,,,,,,,,,,,,,,,,,,,,,,On,Connected,-54.000000,2462,52,,,,IWLAN
2311,1,,,-121.9331162,47.5260751,2026-01-23 21:20:20.000,_20260123_124628_CH04_TMO_5GNR_WFC_MT-REF-2_TC-157.dml,,,,,,,,,,,,,,,,,,,,,,,,,,,,,,,,On,Connected,-54.000000,2462,52,,,,IWLAN
2312,1,,,-121.9331162,47.5260751,2026-01-23 21:20:21.000,_20260123_124628_CH04_TMO_5GNR_WFC_MT-REF-2_TC-157.dml,,,,,,,,,,,,,,,,,,,,,,,,,,,,,594,,,On,Connected,-62.000000,2462,52,,,,IWLAN
2313,1,,,-121.9331162,47.5260751,2026-01-23 21:20:22.000,_20260123_124628_CH04_TMO_5GNR_WFC_MT-REF-2_TC-157.dml,,,,,,,,,,,,,,,,,,,,,,,,,,,,,,,,On,Connected,-62.000000,2462,52,,,,IWLAN
2314,1,,,-121.9331162,47.5260751,2026-01-23 21:20:23.241,_20260123_124628_CH04_TMO_5GNR_WFC_MT-REF-2_TC-157.dml,,,,,,,,,,,,,,,,,,,,,,,[UE]   Voice - Release Call Success,,,,,,,,,,,,,,,,,
2315,1,,,-121.9331162,47.5260751,2026-01-23 21:20:23.000,_20260123_124628_CH04_TMO_5GNR_WFC_MT-REF-2_TC-157.dml,,,,,,,,,,,,,,,,,,,,,,,,,,,,,594,,,On,Connected,-62.000000,2462,52,,,,IWLAN
2316,1,,,-121.9331162,47.5260751,2026-01-23 21:20:24.000,_20260123_124628_CH04_TMO_5GNR_WFC_MT-REF-2_TC-157.dml,,,,,,,,,,,,,,,,,,,,,,,,,,,,,,,,On,Connected,-63.000000,2462,52,,,,IWLAN
2317,1,,,-121.9331162,47.5260751,2026-01-23 21:20:25.000,_20260123_124628_CH04_TMO_5GNR_WFC_MT-REF-2_TC-157.dml,,,,,,,,,,,,,,,,,,,,,,,,,,,,,594,,,On,Connected,-63.000000,2462,52,,,,IWLAN
2318,1,,,-121.9331162,47.5260751,2026-01-23 21:20:26.000,_20260123_124628_CH04_TMO_5GNR_WFC_MT-REF-2_TC-157.dml,,,,,,,,,,,,,,,,,,,,,,,,,,,,,,,,On,Connected,-63.000000,2462,52,,,,IWLAN
2319,1,,,-121.9331162,47.5260751,2026-01-23 21:20:27.000,_20260123_124628_CH04_TMO_5GNR_WFC_MT-REF-2_TC-157.dml,,,,,,,,,,,,,,,,,,,,,,,,,,,,,594,,,On,Connected,-63.000000,2462,58,,,,IWLAN
2320,1,,,-121.9331162,47.5260751,2026-01-23 21:20:28.000,_20260123_124628_CH04_TMO_5GNR_WFC_MT-REF-2_TC-157.dml,,,,,,,,,,,,,,,,,,,,,,,,,,,,,,,,On,Connected,-63.000000,2462,58,,,,IWLAN
2321,1,,,-121.9331162,47.5260751,2026-01-23 21:20:29.000,_20260123_124628_CH04_TMO_5GNR_WFC_MT-REF-2_TC-157.dml,,,,,,,,,,,,,,,,,,,,,,,,,,,,,,,,On,Connected,-63.000000,2462,58,,,,IWLAN
2322,1,,,-121.9331162,47.5260751,2026-01-23 21:20:30.000,_20260123_124628_CH04_TMO_5GNR_WFC_MT-REF-2_TC-157.dml,,,,,,,,,,,,,,,,,,,,,,,,,,,,,594,,,On,Connected,-61.000000,2462,58,,,,IWLAN
2323,1,,,-121.9331162,47.5260751,2026-01-23 21:20:31.000,_20260123_124628_CH04_TMO_5GNR_WFC_MT-REF-2_TC-157.dml,,,,,,,,,,,,,,,,,,,,,,,,,,,,,,,,On,Connected,-61.000000,2462,58,,,,IWLAN
2324,1,,,-121.9331162,47.5260751,2026-01-23 21:20:32.000,_20260123_124628_CH04_TMO_5GNR_WFC_MT-REF-2_TC-157.dml,,,,,,,,,,,,,,,,,,,,,,,,,,,,,594,,,On,Connected,-61.000000,2462,58,,,,IWLAN
2325,1,,,-121.9331162,47.5260751,2026-01-23 21:20:33.000,_20260123_124628_CH04_TMO_5GNR_WFC_MT-REF-2_TC-157.dml,,,,,,,,,,,,,,,,,,,,,,,,,,,,,,,,On,Connected,-61.000000,2462,58,,,,IWLAN
2326,1,,,-121.9331162,47.5260751,2026-01-23 21:20:34.000,_20260123_124628_CH04_TMO_5GNR_WFC_MT-REF-2_TC-157.dml,,,,,,,,,,,,,,,,,,,,,,,,,,,,,,,,On,Connected,-61.000000,2462,58,,,,IWLAN
2327,1,,,-121.9331162,47.5260751,2026-01-23 21:20:35.000,_20260123_124628_CH04_TMO_5GNR_WFC_MT-REF-2_TC-157.dml,,,,,,,,,,,,,,,,,,,,,,,,,,,,,594,,,On,Connected,-61.000000,2462,58,,,,IWLAN
2328,1,,,-121.9331162,47.5260751,2026-01-23 21:20:36.000,_20260123_124628_CH04_TMO_5GNR_WFC_MT-REF-2_TC-157.dml,,,,,,,,,,,,,,,,,,,,,,,,,,,,,,,,On,Connected,-58.000000,2462,58,,,,IWLAN
2329,1,,,-121.9331162,47.5260751,2026-01-23 21:20:37.000,_20260123_124628_CH04_TMO_5GNR_WFC_MT-REF-2_TC-157.dml,,,,,,,,,,,,,,,,,,,,,,,,,,,,,,,,On,Connected,-58.000000,2462,58,,,,IWLAN
2330,1,,,-121.9331162,47.5260751,2026-01-23 21:20:38.000,_20260123_124628_CH04_TMO_5GNR_WFC_MT-REF-2_TC-157.dml,,,,,,,,,,,,,,,,,,,,,,,,,,,,,594,,,On,Connected,-58.000000,2462,58,,,,IWLAN
2331,1,,,-121.9331162,47.5260751,2026-01-23 21:20:39.000,_20260123_124628_CH04_TMO_5GNR_WFC_MT-REF-2_TC-157.dml,,,,,,,,,,,,,,,,,,,,,,,,,,,,,,,,On,Connected,-56.000000,2462,58,,,,IWLAN
2332,1,,,-121.9331162,47.5260751,2026-01-23 21:20:40.000,_20260123_124628_CH04_TMO_5GNR_WFC_MT-REF-2_TC-157.dml,,,,,,,,,,,,,,,,,,,,,,,,,,,,,594,,,On,Connected,-56.000000,2462,58,,,,IWLAN
2333,1,,,-121.9331162,47.5260751,2026-01-23 21:20:41.000,_20260123_124628_CH04_TMO_5GNR_WFC_MT-REF-2_TC-157.dml,,,,,,,,,,,,,,,,,,,,,,,,,,,,,,,,On,Connected,-55.500000,2462,58,,,,IWLAN
2334,1,,,-121.9331162,47.5260751,2026-01-23 21:20:42.000,_20260123_124628_CH04_TMO_5GNR_WFC_MT-REF-2_TC-157.dml,,,,,,,,,,,,,,,,,,,,,,,,,,,,,,,,,Connected,,,,,,,IWLAN
2335,1,,,-121.9331162,47.5260751,2026-01-23 21:20:43.000,_20260123_124628_CH04_TMO_5GNR_WFC_MT-REF-2_TC-157.dml,,,,,,,,,,,,,,,,,,,,,,,,,,,,,594,,,On,Connected,-55.000000,2462,58,,,,IWLAN
2336,1,,,-121.9331162,47.5260751,2026-01-23 21:20:44.000,_20260123_124628_CH04_TMO_5GNR_WFC_MT-REF-2_TC-157.dml,,,,,,,,,,,,,,,,,,,,,,,,,,,,,594,,,On,Connected,-55.000000,2462,58,,,,IWLAN
2337,1,,,-121.9331162,47.5260751,2026-01-23 21:20:45.000,_20260123_124628_CH04_TMO_5GNR_WFC_MT-REF-2_TC-157.dml,,,,,,,,,,,,,,,,,,,,,,,,,,,,,594,,,On,Connected,-54.000000,2462,58,,,,IWLAN
2338,1,,,-121.9331162,47.5260751,2026-01-23 21:20:46.000,_20260123_124628_CH04_TMO_5GNR_WFC_MT-REF-2_TC-157.dml,,,,,,,,,,,,,,,,,,,,,,,,,,,,,594,,,On,Connected,-54.000000,2462,58,,,,IWLAN
2339,1,,,-121.9331162,47.5260751,2026-01-23 21:20:47.019,_20260123_124628_CH04_TMO_5GNR_WFC_MT-REF-2_TC-157.dml,,,,,,,,,,,,,,,,,,,,,,,[Tool] Voice - Release Call Request,,,,,,,,,,,,,,,,,
2340,1,,,-121.9331162,47.5260751,2026-01-23 21:20:47.156,_20260123_124628_CH04_TMO_5GNR_WFC_MT-REF-2_TC-157.dml,,,,,,,,,,,,,,,,,,,,,,,[Tool] Voice - Answer Request,,,,,,,,,,,,,,,,,
2341,1,,,-121.9331162,47.5260751,2026-01-23 21:20:47.000,_20260123_124628_CH04_TMO_5GNR_WFC_MT-REF-2_TC-157.dml,,,,,,,,,,,,,,,,,,,,,,,,,,,,,,,,On,Connected,-54.000000,2462,58,,,,IWLAN
2342,1,,,-121.9331162,47.5260751,2026-01-23 21:20:48.000,_20260123_124628_CH04_TMO_5GNR_WFC_MT-REF-2_TC-157.dml,,,,,,,,,,,,,,,,,,,,,,,,,,,,,594,,,On,Connected,-61.000000,2462,58,,,,IWLAN
2343,1,,,-121.9331162,47.5260751,2026-01-23 21:20:49.000,_20260123_124628_CH04_TMO_5GNR_WFC_MT-REF-2_TC-157.dml,,,,,,,,,,,,,,,,,,,,,,,,,,,,,,,,On,Connected,-61.000000,2462,58,,,,IWLAN
2344,1,,,-121.9331162,47.5260751,2026-01-23 21:20:49.556,_20260123_124628_CH04_TMO_5GNR_WFC_MT-REF-2_TC-157.dml,,,,,,,,,,,,,,,,,,,,,,,[Tool] Voice - Call Scheduling End,,,,,,,,,,,,,,,,,
2345,1,,,-121.9331162,47.5260751,2026-01-23 21:20:49.556,_20260123_124628_CH04_TMO_5GNR_WFC_MT-REF-2_TC-157.dml,NR SA,Voice,BQ,NR SA,NR SA,Qualcomm,,354877970012475,,,,,,,,,BQ,Termination,BQ,,,,,,,,,90.623000,,,,,,,,,,EPSFB,,
2346,1,,,-121.9331162,47.5260751,2026-01-23 21:20:49.556,_20260123_124628_CH04_TMO_5GNR_WFC_MT-REF-2_TC-157.dml,,,,,,,,,,,,,,,,,,,,,,,[Tool] Voice - Release Call Request,,,,,,,,,,,,,,,,,
2347,1,,,-121.9331162,47.5260751,2026-01-23 21:20:50.273,_20260123_124628_CH04_TMO_5GNR_WFC_MT-REF-2_TC-157.dml,,,,,,,,,,,,,,,,,,,,,,,[Tool] Voice - Call Scheduling Start(Term),,,,,,,,,,,,,,,,,
2348,1,,,-121.9331162,47.5260751,2026-01-23 21:20:50.273,_20260123_124628_CH04_TMO_5GNR_WFC_MT-REF-2_TC-157.dml,,,,,,,,,,,,,,,,,,,,,,,[Tool] Voice - Wait Page,,,,,,,,,,,,,,,,,
2349,1,,,-121.9331162,47.5260751,2026-01-23 21:20:50.000,_20260123_124628_CH04_TMO_5GNR_WFC_MT-REF-2_TC-157.dml,,,,,,,,,,,,,,,,,,,,,,,,,,,,,594,,,On,Connected,-61.000000,2462,58,,,,IWLAN
2350,1,,,-121.9331162,47.5260751,2026-01-23 21:20:51.000,_20260123_124628_CH04_TMO_5GNR_WFC_MT-REF-2_TC-157.dml,,,,,,,,,,,,,,,,,,,,,,,,,,,,,,,,On,Connected,-62.000000,2462,58,,,,IWLAN
2351,1,,,-121.9331162,47.5260751,2026-01-23 21:20:52.000,_20260123_124628_CH04_TMO_5GNR_WFC_MT-REF-2_TC-157.dml,,,,,,,,,,,,,,,,,,,,,,,,,,,,,594,,,On,Connected,-62.000000,2462,58,,,,IWLAN
2352,1,,,-121.9331162,47.5260751,2026-01-23 21:20:53.000,_20260123_124628_CH04_TMO_5GNR_WFC_MT-REF-2_TC-157.dml,,,,,,,,,,,,,,,,,,,,,,,,,,,,,594,,,On,Connected,-62.000000,2462,58,,,,IWLAN
2353,1,,,-121.9331162,47.5260751,2026-01-23 21:20:53.666,_20260123_124628_CH04_TMO_5GNR_WFC_MT-REF-2_TC-157.dml,,,,,,,,,,,,,,,,,,,,,,,[Tool] Voice - Answer Request,,,,,,,,,,,,,,,,,
2354,1,,,-121.9331162,47.5260751,2026-01-23 21:20:54.000,_20260123_124628_CH04_TMO_5GNR_WFC_MT-REF-2_TC-157.dml,,,,,,,,,,,,,,,,,,,,,,,,,,,,,594,,,On,Connected,-61.000000,2462,52,,,,
2355,1,,,-121.9331162,47.5260751,2026-01-23 21:20:55.000,_20260123_124628_CH04_TMO_5GNR_WFC_MT-REF-2_TC-157.dml,,,,,,,,,,,,,,,,,,,,,,,,,,,,,,,,On,Connected,-61.000000,2462,52,,,,IWLAN
2356,1,,,-121.9331162,47.5260751,2026-01-23 21:20:55.256,_20260123_124628_CH04_TMO_5GNR_WFC_MT-REF-2_TC-157.dml,,,,,,,,,,,,,,,,,,,,,,,[Tool] Voice - Answer Request,,,,,,,,,,,,,,,,,
2357,1,,,-121.9331162,47.5260751,2026-01-23 21:20:55.320,_20260123_124628_CH04_TMO_5GNR_WFC_MT-REF-2_TC-157.dml,,,,,,,,,,,,,,,,,,,,,,,[UE]   Voice - Setup Success,,,,,,,,,,,,,,,,,
2358,1,,,-121.9331162,47.5260751,2026-01-23 21:20:56.000,_20260123_124628_CH04_TMO_5GNR_WFC_MT-REF-2_TC-157.dml,,,,,,,,,,NR SA,,,,,,,,,,,,,,,,,,,594,,,On,Connected,-61.000000,2462,52,,,,IWLAN
2359,1,,,-121.9331162,47.5260751,2026-01-23 21:20:57.000,_20260123_124628_CH04_TMO_5GNR_WFC_MT-REF-2_TC-157.dml,,,,,,,,,,NR SA,,,,,,,,,,,,,,,,,,,594,,,On,Connected,-55.000000,2462,58,,,,IWLAN
2360,1,,,-121.9331162,47.5260751,2026-01-23 21:20:58.000,_20260123_124628_CH04_TMO_5GNR_WFC_MT-REF-2_TC-157.dml,,,,,,,,,,NR SA,,,,,,,,,,,,,,,,,,,,,,On,Connected,-55.000000,2462,58,,,,IWLAN
2361,1,,,-121.9331162,47.5260751,2026-01-23 21:20:59.000,_20260123_124628_CH04_TMO_5GNR_WFC_MT-REF-2_TC-157.dml,,,,,,,,,,NR SA,,,,,,,,,,,,,,,,,,,,,,On,Connected,-55.000000,2462,58,,,,IWLAN
2362,1,,,-121.9331162,47.5260751,2026-01-23 21:21:00.000,_20260123_124628_CH04_TMO_5GNR_WFC_MT-REF-2_TC-157.dml,,,,,,,,,,NR SA,,,,,,,,,,,,,,,,,,,594,,,On,Connected,-53.000000,2462,52,,,,IWLAN
2363,1,,,-121.9331162,47.5260751,2026-01-23 21:21:01.000,_20260123_124628_CH04_TMO_5GNR_WFC_MT-REF-2_TC-157.dml,,,,,,,,,,NR SA,,,,,,,,,,,,,,,,,,,,,,On,Connected,-53.000000,2462,52,,,,IWLAN
2364,1,,,-121.9331162,47.5260751,2026-01-23 21:21:02.000,_20260123_124628_CH04_TMO_5GNR_WFC_MT-REF-2_TC-157.dml,,,,,,,,,,NR SA,,,,,,,,,,,,,,,,,,,594,,,On,Connected,-53.000000,2462,52,,,,IWLAN
2365,1,,,-121.9331162,47.5260751,2026-01-23 21:21:03.000,_20260123_124628_CH04_TMO_5GNR_WFC_MT-REF-2_TC-157.dml,,,,,,,,,,NR SA,,,,,,,,,,,,,,,,,,,,,,On,Connected,-55.000000,2462,52,,,,IWLAN
2366,1,,,-121.9331162,47.5260751,2026-01-23 21:21:04.000,_20260123_124628_CH04_TMO_5GNR_WFC_MT-REF-2_TC-157.dml,,,,,,,,,,NR SA,,,,,,,,,,,,,,,,,,,,,,On,Connected,-55.000000,2462,52,,,,IWLAN
2367,1,,,-121.9331162,47.5260751,2026-01-23 21:21:05.000,_20260123_124628_CH04_TMO_5GNR_WFC_MT-REF-2_TC-157.dml,,,,,,,,,,NR SA,,,,,,,,,,,,,,,,,,,594,,,On,Connected,-55.000000,2462,52,,,,IWLAN
2368,1,,,-121.9331162,47.5260751,2026-01-23 21:21:06.000,_20260123_124628_CH04_TMO_5GNR_WFC_MT-REF-2_TC-157.dml,,,,,,,,,,NR SA,,,,,,,,,,,,,,,,,,,,,2.260902,On,Connected,-55.000000,2462,52,,,,IWLAN
2369,1,,,-121.9331162,47.5260751,2026-01-23 21:21:07.000,_20260123_124628_CH04_TMO_5GNR_WFC_MT-REF-2_TC-157.dml,,,,,,,,,,NR SA,,,,,,,,,,,,,,,,,,,594,,2.260902,On,Connected,-55.000000,2462,52,,,,IWLAN
2370,1,,,-121.9331162,47.5260751,2026-01-23 21:21:08.000,_20260123_124628_CH04_TMO_5GNR_WFC_MT-REF-2_TC-157.dml,,,,,,,,,,NR SA,,,,,,,,,,,,,,,,,,,594,,2.260902,On,Connected,-55.000000,2462,52,,,,IWLAN
2371,1,,,-121.9331162,47.5260751,2026-01-23 21:21:09.000,_20260123_124628_CH04_TMO_5GNR_WFC_MT-REF-2_TC-157.dml,,,,,,,,,,NR SA,,,,,,,,,,,,,,,,,,,,,2.260902,On,Connected,-52.000000,2462,52,,,,IWLAN
2372,1,,,-121.9331162,47.5260751,2026-01-23 21:21:10.000,_20260123_124628_CH04_TMO_5GNR_WFC_MT-REF-2_TC-157.dml,,,,,,,,,,NR SA,,,,,,,,,,,,,,,,,,,,,2.260902,On,Connected,-52.000000,2462,52,,,,IWLAN
2373,1,,,-121.9331162,47.5260751,2026-01-23 21:21:11.000,_20260123_124628_CH04_TMO_5GNR_WFC_MT-REF-2_TC-157.dml,,,,,,,,,,NR SA,,,,,,,,,,,,,,,,,,,594,,2.260902,On,Connected,-52.000000,2462,52,,,,IWLAN
2374,1,,,-121.9331162,47.5260751,2026-01-23 21:21:12.000,_20260123_124628_CH04_TMO_5GNR_WFC_MT-REF-2_TC-157.dml,,,,,,,,,,NR SA,,,,,,,,,,,,,,,,,,,,,2.260902,On,Connected,-56.000000,2462,58,,,,IWLAN
2375,1,,,-121.9331162,47.5260751,2026-01-23 21:21:13.000,_20260123_124628_CH04_TMO_5GNR_WFC_MT-REF-2_TC-157.dml,,,,,,,,,,NR SA,,,,,,,,,,,,,,,,,,,,,2.260902,On,Connected,-56.000000,2462,58,,,,IWLAN
2376,1,,,-121.9331162,47.5260751,2026-01-23 21:21:14.000,_20260123_124628_CH04_TMO_5GNR_WFC_MT-REF-2_TC-157.dml,,,,,,,,,,NR SA,,,,,,,,,,,,,,,,,,,594,,2.260902,On,Connected,-56.000000,2462,58,,,,IWLAN
2377,1,,,-121.9331162,47.5260751,2026-01-23 21:21:15.000,_20260123_124628_CH04_TMO_5GNR_WFC_MT-REF-2_TC-157.dml,,,,,,,,,,NR SA,,,,,,,,,,,,,,,,,,,594,,2.260902,On,Connected,-57.000000,2462,52,,,,IWLAN
2378,1,,,-121.9331162,47.5260751,2026-01-23 21:21:15.875,_20260123_124628_CH04_TMO_5GNR_WFC_MT-REF-2_TC-157.dml,,,,,,,,,,,,,,,,,,,,,,,,,,,,,,-76.889062,,,,,,,,,,
2379,1,,,-121.9331162,47.5260751,2026-01-23 21:21:16.000,_20260123_124628_CH04_TMO_5GNR_WFC_MT-REF-2_TC-157.dml,,,,,,,,,,NR SA,,,,,,,,,,,,,,,,,,,,,,On,Connected,-57.000000,2462,52,,,,IWLAN
2380,1,,,-121.9331162,47.5260751,2026-01-23 21:21:17.000,_20260123_124628_CH04_TMO_5GNR_WFC_MT-REF-2_TC-157.dml,,,,,,,,,,NR SA,,,,,,,,,,,,,,,,,,,594,,,On,Connected,-57.000000,2462,52,,,,IWLAN
2381,1,,,-121.9331162,47.5260751,2026-01-23 21:21:18.000,_20260123_124628_CH04_TMO_5GNR_WFC_MT-REF-2_TC-157.dml,,,,,,,,,,NR SA,,,,,,,,,,,,,,,,,,,,,,On,Connected,-54.000000,2462,52,,,,IWLAN
2382,1,,,-121.9331162,47.5260751,2026-01-23 21:21:19.000,_20260123_124628_CH04_TMO_5GNR_WFC_MT-REF-2_TC-157.dml,,,,,,,,,,NR SA,,,,,,,,,,,,,,,,,,,,,,On,Connected,-54.000000,2462,52,,,,IWLAN
2383,1,,,-121.9331162,47.5260751,2026-01-23 21:21:20.000,_20260123_124628_CH04_TMO_5GNR_WFC_MT-REF-2_TC-157.dml,,,,,,,,,,NR SA,,,,,,,,,,,,,,,,,,,594,,,On,Connected,-54.000000,2462,52,,,,IWLAN
2384,1,,,-121.9331162,47.5260751,2026-01-23 21:21:21.000,_20260123_124628_CH04_TMO_5GNR_WFC_MT-REF-2_TC-157.dml,,,,,,,,,,NR SA,,,,,,,,,,,,,,,,,,,,,,On,Connected,-56.000000,2462,39,,,,IWLAN
2385,1,,,-121.9331162,47.5260751,2026-01-23 21:21:22.000,_20260123_124628_CH04_TMO_5GNR_WFC_MT-REF-2_TC-157.dml,,,,,,,,,,NR SA,,,,,,,,,,,,,,,,,,,594,,,On,Connected,-56.000000,2462,39,,,,IWLAN
2386,1,,,-121.9331162,47.5260751,2026-01-23 21:21:23.000,_20260123_124628_CH04_TMO_5GNR_WFC_MT-REF-2_TC-157.dml,,,,,,,,,,NR SA,,,,,,,,,,,,,,,,,,,,,,On,Connected,-56.000000,2462,39,,,,IWLAN
2387,1,,,-121.9331162,47.5260751,2026-01-23 21:21:24.000,_20260123_124628_CH04_TMO_5GNR_WFC_MT-REF-2_TC-157.dml,,,,,,,,,,NR SA,,,,,,,,,,,,,,,,,,,,,,On,Connected,-56.000000,2462,52,,,,IWLAN
2388,1,,,-121.9331162,47.5260751,2026-01-23 21:21:25.000,_20260123_124628_CH04_TMO_5GNR_WFC_MT-REF-2_TC-157.dml,,,,,,,,,,NR SA,,,,,,,,,,,,,,,,,,,594,,,On,Connected,-56.000000,2462,52,,,,IWLAN
2389,1,,,-121.9331162,47.5260751,2026-01-23 21:21:26.000,_20260123_124628_CH04_TMO_5GNR_WFC_MT-REF-2_TC-157.dml,,,,,,,,,,NR SA,,,,,,,,,,,,,,,,,,,594,,1.912782,On,Connected,-56.000000,2462,52,,,,IWLAN
2390,1,,,-121.9331162,47.5260751,2026-01-23 21:21:27.000,_20260123_124628_CH04_TMO_5GNR_WFC_MT-REF-2_TC-157.dml,,,,,,,,,,NR SA,,,,,,,,,,,,,,,,,,,,,1.912782,On,Connected,-53.000000,2462,52,,,,IWLAN
2391,1,,,-121.9331162,47.5260751,2026-01-23 21:21:28.000,_20260123_124628_CH04_TMO_5GNR_WFC_MT-REF-2_TC-157.dml,,,,,,,,,,NR SA,,,,,,,,,,,,,,,,,,,,,1.912782,On,Connected,-53.000000,2462,52,,,,IWLAN
2392,1,,,-121.9331162,47.5260751,2026-01-23 21:21:29.000,_20260123_124628_CH04_TMO_5GNR_WFC_MT-REF-2_TC-157.dml,,,,,,,,,,NR SA,,,,,,,,,,,,,,,,,,,594,,1.912782,On,Connected,-53.000000,2462,52,,,,IWLAN
2393,1,,,-121.9331162,47.5260751,2026-01-23 21:21:30.000,_20260123_124628_CH04_TMO_5GNR_WFC_MT-REF-2_TC-157.dml,,,,,,,,,,NR SA,,,,,,,,,,,,,,,,,,,,,1.912782,On,Connected,-54.000000,2462,52,,,,IWLAN
2394,1,,,-121.9331162,47.5260751,2026-01-23 21:21:31.000,_20260123_124628_CH04_TMO_5GNR_WFC_MT-REF-2_TC-157.dml,,,,,,,,,,NR SA,,,,,,,,,,,,,,,,,,,594,,1.912782,On,Connected,-54.000000,2462,52,,,,IWLAN
2395,1,,,-121.9331162,47.5260751,2026-01-23 21:21:32.000,_20260123_124628_CH04_TMO_5GNR_WFC_MT-REF-2_TC-157.dml,,,,,,,,,,NR SA,,,,,,,,,,,,,,,,,,,,,1.912782,On,Connected,-54.000000,2462,52,,,,IWLAN
2396,1,,,-121.9331162,47.5260751,2026-01-23 21:21:33.000,_20260123_124628_CH04_TMO_5GNR_WFC_MT-REF-2_TC-157.dml,,,,,,,,,,NR SA,,,,,,,,,,,,,,,,,,,,,1.912782,On,Connected,-56.000000,2462,39,,,,IWLAN
2397,1,,,-121.9331162,47.5260751,2026-01-23 21:21:34.000,_20260123_124628_CH04_TMO_5GNR_WFC_MT-REF-2_TC-157.dml,,,,,,,,,,NR SA,,,,,,,,,,,,,,,,,,,594,,1.912782,On,Connected,-56.000000,2462,39,,,,IWLAN
2398,1,,,-121.9331162,47.5260751,2026-01-23 21:21:35.000,_20260123_124628_CH04_TMO_5GNR_WFC_MT-REF-2_TC-157.dml,,,,,,,,,,NR SA,,,,,,,,,,,,,,,,,,,,,1.912782,On,Connected,-56.000000,2462,39,,,,IWLAN
2399,1,,,-121.9331162,47.5260751,2026-01-23 21:21:35.853,_20260123_124628_CH04_TMO_5GNR_WFC_MT-REF-2_TC-157.dml,,,,,,,,,,,,,,,,,,,,,,,,,,,,,,-73.009766,,,,,,,,,,
2400,1,,,-121.9331162,47.5260751,2026-01-23 21:21:36.000,_20260123_124628_CH04_TMO_5GNR_WFC_MT-REF-2_TC-157.dml,,,,,,,,,,NR SA,,,,,,,,,,,,,,,,,,,594,,,On,Connected,-56.000000,2462,39,,,,IWLAN
2401,1,,,-121.9331162,47.5260751,2026-01-23 21:21:37.000,_20260123_124628_CH04_TMO_5GNR_WFC_MT-REF-2_TC-157.dml,,,,,,,,,,NR SA,,,,,,,,,,,,,,,,,,,,,,On,Connected,-56.000000,2462,39,,,,IWLAN
2402,1,,,-121.9331162,47.5260751,2026-01-23 21:21:38.000,_20260123_124628_CH04_TMO_5GNR_WFC_MT-REF-2_TC-157.dml,,,,,,,,,,NR SA,,,,,,,,,,,,,,,,,,,594,,,On,Connected,-56.000000,2462,39,,,,IWLAN
2403,1,,,-121.9331162,47.5260751,2026-01-23 21:21:39.000,_20260123_124628_CH04_TMO_5GNR_WFC_MT-REF-2_TC-157.dml,,,,,,,,,,NR SA,,,,,,,,,,,,,,,,,,,,,,On,Connected,-54.000000,2462,52,,,,IWLAN
2404,1,,,-121.9331162,47.5260751,2026-01-23 21:21:40.000,_20260123_124628_CH04_TMO_5GNR_WFC_MT-REF-2_TC-157.dml,,,,,,,,,,NR SA,,,,,,,,,,,,,,,,,,,594,,,On,Connected,-54.000000,2462,52,,,,IWLAN
2405,1,,,-121.9331162,47.5260751,2026-01-23 21:21:41.000,_20260123_124628_CH04_TMO_5GNR_WFC_MT-REF-2_TC-157.dml,,,,,,,,,,NR SA,,,,,,,,,,,,,,,,,,,,,,On,Connected,-54.000000,2462,52,,,,IWLAN
2406,1,,,-121.9331162,47.5260751,2026-01-23 21:21:42.000,_20260123_124628_CH04_TMO_5GNR_WFC_MT-REF-2_TC-157.dml,,,,,,,,,,NR SA,,,,,,,,,,,,,,,,,,,594,,,On,Connected,-56.000000,2462,52,,,,IWLAN
2407,1,,,-121.9331162,47.5260751,2026-01-23 21:21:43.000,_20260123_124628_CH04_TMO_5GNR_WFC_MT-REF-2_TC-157.dml,,,,,,,,,,NR SA,,,,,,,,,,,,,,,,,,,,,,On,Connected,-56.000000,2462,52,,,,IWLAN
2408,1,,,-121.9331162,47.5260751,2026-01-23 21:21:44.000,_20260123_124628_CH04_TMO_5GNR_WFC_MT-REF-2_TC-157.dml,,,,,,,,,,NR SA,,,,,,,,,,,,,,,,,,,594,,,On,Connected,-56.000000,2462,52,,,,IWLAN
2409,1,,,-121.9331162,47.5260751,2026-01-23 21:21:45.000,_20260123_124628_CH04_TMO_5GNR_WFC_MT-REF-2_TC-157.dml,,,,,,,,,,NR SA,,,,,,,,,,,,,,,,,,,,,,On,Connected,-55.000000,2462,52,,,,IWLAN
2410,1,,,-121.9331162,47.5260751,2026-01-23 21:21:46.000,_20260123_124628_CH04_TMO_5GNR_WFC_MT-REF-2_TC-157.dml,,,,,,,,,,NR SA,,,,,,,,,,,,,,,,,,,,,1.978372,On,Connected,-55.000000,2462,52,,,,IWLAN
2411,1,,,-121.9331162,47.5260751,2026-01-23 21:21:47.000,_20260123_124628_CH04_TMO_5GNR_WFC_MT-REF-2_TC-157.dml,,,,,,,,,,NR SA,,,,,,,,,,,,,,,,,,,594,,1.978372,On,Connected,-55.000000,2462,52,,,,IWLAN
2412,1,,,-121.9331162,47.5260751,2026-01-23 21:21:48.000,_20260123_124628_CH04_TMO_5GNR_WFC_MT-REF-2_TC-157.dml,,,,,,,,,,NR SA,,,,,,,,,,,,,,,,,,,,,1.978372,On,Connected,-55.000000,2462,52,,,,IWLAN
2413,1,,,-121.9331162,47.5260751,2026-01-23 21:21:49.000,_20260123_124628_CH04_TMO_5GNR_WFC_MT-REF-2_TC-157.dml,,,,,,,,,,NR SA,,,,,,,,,,,,,,,,,,,594,,1.978372,On,Connected,-55.000000,2462,52,,,,IWLAN
2414,1,,,-121.9331162,47.5260751,2026-01-23 21:21:50.000,_20260123_124628_CH04_TMO_5GNR_WFC_MT-REF-2_TC-157.dml,,,,,,,,,,NR SA,,,,,,,,,,,,,,,,,,,,,1.978372,On,Connected,-55.000000,2462,52,,,,IWLAN
2415,1,,,-121.9331162,47.5260751,2026-01-23 21:21:51.000,_20260123_124628_CH04_TMO_5GNR_WFC_MT-REF-2_TC-157.dml,,,,,,,,,,NR SA,,,,,,,,,,,,,,,,,,,,,1.978372,On,Connected,-57.000000,2462,58,,,,IWLAN
2416,1,,,-121.9331162,47.5260751,2026-01-23 21:21:52.000,_20260123_124628_CH04_TMO_5GNR_WFC_MT-REF-2_TC-157.dml,,,,,,,,,,NR SA,,,,,,,,,,,,,,,,,,,594,,1.978372,On,Connected,-57.000000,2462,58,,,,IWLAN
2417,1,,,-121.9331162,47.5260751,2026-01-23 21:21:53.000,_20260123_124628_CH04_TMO_5GNR_WFC_MT-REF-2_TC-157.dml,,,,,,,,,,NR SA,,,,,,,,,,,,,,,,,,,,,1.978372,On,Connected,-57.000000,2462,58,,,,IWLAN
2418,1,,,-121.9331162,47.5260751,2026-01-23 21:21:54.000,_20260123_124628_CH04_TMO_5GNR_WFC_MT-REF-2_TC-157.dml,,,,,,,,,,NR SA,,,,,,,,,,,,,,,,,,,594,,1.978372,On,Connected,-56.000000,2462,52,,,,IWLAN
2419,1,,,-121.9331162,47.5260751,2026-01-23 21:21:55.000,_20260123_124628_CH04_TMO_5GNR_WFC_MT-REF-2_TC-157.dml,,,,,,,,,,NR SA,,,,,,,,,,,,,,,,,,,,,1.978372,On,Connected,-56.000000,2462,52,,,,IWLAN
2420,1,,,-121.9331162,47.5260751,2026-01-23 21:21:55.861,_20260123_124628_CH04_TMO_5GNR_WFC_MT-REF-2_TC-157.dml,,,,,,,,,,,,,,,,,,,,,,,,,,,,,,-72.736328,,,,,,,,,,
2421,1,,,-121.9331162,47.5260751,2026-01-23 21:21:56.000,_20260123_124628_CH04_TMO_5GNR_WFC_MT-REF-2_TC-157.dml,,,,,,,,,,NR SA,,,,,,,,,,,,,,,,,,,,,,On,Connected,-56.000000,2462,52,,,,IWLAN
2422,1,,,-121.9331162,47.5260751,2026-01-23 21:21:57.000,_20260123_124628_CH04_TMO_5GNR_WFC_MT-REF-2_TC-157.dml,,,,,,,,,,NR SA,,,,,,,,,,,,,,,,,,,594,,,,Connected,,,,,,,IWLAN
2423,1,,,-121.9331162,47.5260751,2026-01-23 21:21:58.000,_20260123_124628_CH04_TMO_5GNR_WFC_MT-REF-2_TC-157.dml,,,,,,,,,,NR SA,,,,,,,,,,,,,,,,,,,,,,On,Connected,-56.000000,2462,52,,,,IWLAN
2424,1,,,-121.9331162,47.5260751,2026-01-23 21:21:59.000,_20260123_124628_CH04_TMO_5GNR_WFC_MT-REF-2_TC-157.dml,,,,,,,,,,NR SA,,,,,,,,,,,,,,,,,,,594,,,On,Connected,-56.000000,2462,52,,,,IWLAN
2425,1,,,-121.9331162,47.5260751,2026-01-23 21:22:00.000,_20260123_124628_CH04_TMO_5GNR_WFC_MT-REF-2_TC-157.dml,,,,,,,,,,NR SA,,,,,,,,,,,,,,,,,,,,,,On,Connected,-54.000000,2462,52,,,,IWLAN
2426,1,,,-121.9331162,47.5260751,2026-01-23 21:22:01.000,_20260123_124628_CH04_TMO_5GNR_WFC_MT-REF-2_TC-157.dml,,,,,,,,,,NR SA,,,,,,,,,,,,,,,,,,,,,,On,Connected,-54.000000,2462,52,,,,IWLAN
2427,1,,,-121.9331162,47.5260751,2026-01-23 21:22:02.000,_20260123_124628_CH04_TMO_5GNR_WFC_MT-REF-2_TC-157.dml,,,,,,,,,,NR SA,,,,,,,,,,,,,,,,,,,594,,,On,Connected,-54.000000,2462,52,,,,IWLAN
2428,1,,,-121.9331162,47.5260751,2026-01-23 21:22:03.000,_20260123_124628_CH04_TMO_5GNR_WFC_MT-REF-2_TC-157.dml,,,,,,,,,,NR SA,,,,,,,,,,,,,,,,,,,594,,,On,Connected,-53.000000,2462,39,,,,IWLAN
2429,1,,,-121.9331162,47.5260751,2026-01-23 21:22:04.000,_20260123_124628_CH04_TMO_5GNR_WFC_MT-REF-2_TC-157.dml,,,,,,,,,,NR SA,,,,,,,,,,,,,,,,,,,,,,,Connected,,,,,,,IWLAN
2430,1,,,-121.9331162,47.5260751,2026-01-23 21:22:05.000,_20260123_124628_CH04_TMO_5GNR_WFC_MT-REF-2_TC-157.dml,,,,,,,,,,NR SA,,,,,,,,,,,,,,,,,,,,,,On,Connected,-53.000000,2462,39,,,,IWLAN
2431,1,,,-121.9331162,47.5260751,2026-01-23 21:22:06.000,_20260123_124628_CH04_TMO_5GNR_WFC_MT-REF-2_TC-157.dml,,,,,,,,,,NR SA,,,,,,,,,,,,,,,,,,,594,,1.607444,On,Connected,-56.000000,2462,58,,,,IWLAN
2432,1,,,-121.9331162,47.5260751,2026-01-23 21:22:07.000,_20260123_124628_CH04_TMO_5GNR_WFC_MT-REF-2_TC-157.dml,,,,,,,,,,NR SA,,,,,,,,,,,,,,,,,,,,,1.607444,On,Connected,-56.000000,2462,58,,,,IWLAN
2433,1,,,-121.9331162,47.5260751,2026-01-23 21:22:08.000,_20260123_124628_CH04_TMO_5GNR_WFC_MT-REF-2_TC-157.dml,,,,,,,,,,NR SA,,,,,,,,,,,,,,,,,,,594,,1.607444,On,Connected,-56.000000,2462,58,,,,IWLAN
2434,1,,,-121.9331162,47.5260751,2026-01-23 21:22:09.000,_20260123_124628_CH04_TMO_5GNR_WFC_MT-REF-2_TC-157.dml,,,,,,,,,,NR SA,,,,,,,,,,,,,,,,,,,,,1.607444,On,Connected,-57.000000,2462,52,,,,IWLAN
2435,1,,,-121.9331162,47.5260751,2026-01-23 21:22:10.000,_20260123_124628_CH04_TMO_5GNR_WFC_MT-REF-2_TC-157.dml,,,,,,,,,,NR SA,,,,,,,,,,,,,,,,,,,594,,1.607444,On,Connected,-57.000000,2462,52,,,,IWLAN
2436,1,,,-121.9331162,47.5260751,2026-01-23 21:22:11.000,_20260123_124628_CH04_TMO_5GNR_WFC_MT-REF-2_TC-157.dml,,,,,,,,,,NR SA,,,,,,,,,,,,,,,,,,,594,,1.607444,,Connected,,,,,,,IWLAN
2437,1,,,-121.9331162,47.5260751,2026-01-23 21:22:12.000,_20260123_124628_CH04_TMO_5GNR_WFC_MT-REF-2_TC-157.dml,,,,,,,,,,NR SA,,,,,,,,,,,,,,,,,,,594,,1.607444,On,Connected,-57.000000,2462,52,,,,IWLAN
2438,1,,,-121.9331162,47.5260751,2026-01-23 21:22:13.000,_20260123_124628_CH04_TMO_5GNR_WFC_MT-REF-2_TC-157.dml,,,,,,,,,,NR SA,,,,,,,,,,,,,,,,,,,,,1.607444,,Connected,,,,,,,IWLAN
2439,1,,,-121.9331162,47.5260751,2026-01-23 21:22:14.000,_20260123_124628_CH04_TMO_5GNR_WFC_MT-REF-2_TC-157.dml,,,,,,,,,,NR SA,,,,,,,,,,,,,,,,,,,594,,1.607444,On,Connected,-57.000000,2462,52,,,,IWLAN
2440,1,,,-121.9331162,47.5260751,2026-01-23 21:22:15.000,_20260123_124628_CH04_TMO_5GNR_WFC_MT-REF-2_TC-157.dml,,,,,,,,,,NR SA,,,,,,,,,,,,,,,,,,,594,,1.607444,On,Connected,-57.000000,2462,52,,,,IWLAN
2441,1,,,-121.9331162,47.5260751,2026-01-23 21:22:16.016,_20260123_124628_CH04_TMO_5GNR_WFC_MT-REF-2_TC-157.dml,,,,,,,,,,,,,,,,,,,,,,,,,,,,,,-76.795759,,,,,,,,,,
2442,1,,,-121.9331162,47.5260751,2026-01-23 21:22:16.000,_20260123_124628_CH04_TMO_5GNR_WFC_MT-REF-2_TC-157.dml,,,,,,,,,,NR SA,,,,,,,,,,,,,,,,,,,,,,On,Connected,-57.000000,2462,52,,,,IWLAN
2443,1,,,-121.9331162,47.5260751,2026-01-23 21:22:17.000,_20260123_124628_CH04_TMO_5GNR_WFC_MT-REF-2_TC-157.dml,,,,,,,,,,NR SA,,,,,,,,,,,,,,,,,,,594,,,On,Connected,-57.000000,2462,52,,,,IWLAN
2444,1,,,-121.9331162,47.5260751,2026-01-23 21:22:18.000,_20260123_124628_CH04_TMO_5GNR_WFC_MT-REF-2_TC-157.dml,,,,,,,,,,NR SA,,,,,,,,,,,,,,,,,,,,,,,Connected,,,,,,,IWLAN
2445,1,,,-121.9331162,47.5260751,2026-01-23 21:22:19.000,_20260123_124628_CH04_TMO_5GNR_WFC_MT-REF-2_TC-157.dml,,,,,,,,,,NR SA,,,,,,,,,,,,,,,,,,,,,,On,Connected,-52.000000,2462,52,,,,IWLAN
2446,1,,,-121.9331162,47.5260751,2026-01-23 21:22:20.000,_20260123_124628_CH04_TMO_5GNR_WFC_MT-REF-2_TC-157.dml,,,,,,,,,,NR SA,,,,,,,,,,,,,,,,,,,594,,,,Connected,,,,,,,IWLAN
2447,1,,,-121.9331162,47.5260751,2026-01-23 21:22:21.000,_20260123_124628_CH04_TMO_5GNR_WFC_MT-REF-2_TC-157.dml,,,,,,,,,,NR SA,,,,,,,,,,,,,,,,,,,,,,On,Connected,-53.000000,2462,52,,,,IWLAN
2448,1,,,-121.9331162,47.5260751,2026-01-23 21:22:22.000,_20260123_124628_CH04_TMO_5GNR_WFC_MT-REF-2_TC-157.dml,,,,,,,,,,NR SA,,,,,,,,,,,,,,,,,,,594,,,On,Connected,-54.000000,2462,52,,,,IWLAN
2449,1,,,-121.9331162,47.5260751,2026-01-23 21:22:23.000,_20260123_124628_CH04_TMO_5GNR_WFC_MT-REF-2_TC-157.dml,,,,,,,,,,NR SA,,,,,,,,,,,,,,,,,,,,,,On,Connected,-54.000000,2462,52,,,,IWLAN
2450,1,,,-121.9331162,47.5260751,2026-01-23 21:22:24.000,_20260123_124628_CH04_TMO_5GNR_WFC_MT-REF-2_TC-157.dml,,,,,,,,,,NR SA,,,,,,,,,,,,,,,,,,,,,,On,Connected,-54.000000,2462,58,,,,IWLAN
2451,1,,,-121.9331162,47.5260751,2026-01-23 21:22:25.000,_20260123_124628_CH04_TMO_5GNR_WFC_MT-REF-2_TC-157.dml,,,,,,,,,,NR SA,,,,,,,,,,,,,,,,,,,594,,,,Connected,,,,,,,IWLAN
2452,1,,,-121.9331162,47.5260751,2026-01-23 21:22:25.588,_20260123_124628_CH04_TMO_5GNR_WFC_MT-REF-2_TC-157.dml,,,,,,,,,,,,,,,,,,,,,,,[Tool] Voice - Pair Channel Call Drop,,,,,,,,,,,,,,,,,
2453,1,,,-121.9331162,47.5260751,2026-01-23 21:22:25.588,_20260123_124628_CH04_TMO_5GNR_WFC_MT-REF-2_TC-157.dml,,,,,,,,,,,,,,,,,,,,,,,[Tool] Voice - Release Call Request,,,,,,,,,,,,,,,,,
2454,1,,,-121.9331162,47.5260751,2026-01-23 21:22:26.098,_20260123_124628_CH04_TMO_5GNR_WFC_MT-REF-2_TC-157.dml,,,,,,,,,,,,,,,,,,,,,,BQ,[Tool] Voice - Call Result : BQ,,,,,,,,,,,,,,,,,
2455,1,,,-121.9331162,47.5260751,2026-01-23 21:22:26.098,_20260123_124628_CH04_TMO_5GNR_WFC_MT-REF-2_TC-157.dml,,,,,,,,,,,,,,,,,,,,,,,[UE]   Voice - Release Call Success,,,,,,,,,,,,,,,,,
2456,1,,,-121.9331162,47.5260751,2026-01-23 21:22:26.000,_20260123_124628_CH04_TMO_5GNR_WFC_MT-REF-2_TC-157.dml,,,,,,,,,,,,,,,,,,,,,,,,,,,,,594,,,On,Connected,-54.000000,2462,58,,,,IWLAN
2457,1,,,-121.9331162,47.5260751,2026-01-23 21:22:27.154,_20260123_124628_CH04_TMO_5GNR_WFC_MT-REF-2_TC-157.dml,,,,,,,,,,,,,,,,,,,,,,,[UE]   Voice - Release Call Success,,,,,,,,,,,,,,,,,
2458,1,,,-121.9331162,47.5260751,2026-01-23 21:22:27.000,_20260123_124628_CH04_TMO_5GNR_WFC_MT-REF-2_TC-157.dml,,,,,,,,,,,,,,,,,,,,,,,,,,,,,,,,On,Connected,-54.000000,2462,58,,,,IWLAN
2459,1,,,-121.9331162,47.5260751,2026-01-23 21:22:28.000,_20260123_124628_CH04_TMO_5GNR_WFC_MT-REF-2_TC-157.dml,,,,,,,,,,,,,,,,,,,,,,,,,,,,,594,,,On,Connected,-58.000000,2462,52,,,,IWLAN
2460,1,,,-121.9331162,47.5260751,2026-01-23 21:22:29.000,_20260123_124628_CH04_TMO_5GNR_WFC_MT-REF-2_TC-157.dml,,,,,,,,,,,,,,,,,,,,,,,,,,,,,,,,,Connected,,,,,,,IWLAN
2461,1,,,-121.9331162,47.5260751,2026-01-23 21:22:30.000,_20260123_124628_CH04_TMO_5GNR_WFC_MT-REF-2_TC-157.dml,,,,,,,,,,,,,,,,,,,,,,,,,,,,,594,,,On,Connected,-60.000000,2462,52,,,,IWLAN
2462,1,,,-121.9331162,47.5260751,2026-01-23 21:22:31.000,_20260123_124628_CH04_TMO_5GNR_WFC_MT-REF-2_TC-157.dml,,,,,,,,,,,,,,,,,,,,,,,,,,,,,594,,,,Connected,,,,,,,IWLAN
2463,1,,,-121.9331162,47.5260751,2026-01-23 21:22:32.000,_20260123_124628_CH04_TMO_5GNR_WFC_MT-REF-2_TC-157.dml,,,,,,,,,,,,,,,,,,,,,,,,,,,,,,,,On,Connected,-62.000000,2462,52,,,,IWLAN
2464,1,,,-121.9331162,47.5260751,2026-01-23 21:22:33.000,_20260123_124628_CH04_TMO_5GNR_WFC_MT-REF-2_TC-157.dml,,,,,,,,,,,,,,,,,,,,,,,,,,,,,,,,On,Connected,-62.000000,2462,52,,,,IWLAN
2465,1,,,-121.9331162,47.5260751,2026-01-23 21:22:34.000,_20260123_124628_CH04_TMO_5GNR_WFC_MT-REF-2_TC-157.dml,,,,,,,,,,,,,,,,,,,,,,,,,,,,,594,,,On,Connected,-62.000000,2462,52,,,,IWLAN
2466,1,,,-121.9331162,47.5260751,2026-01-23 21:22:35.000,_20260123_124628_CH04_TMO_5GNR_WFC_MT-REF-2_TC-157.dml,,,,,,,,,,,,,,,,,,,,,,,,,,,,,594,,,On,Connected,-62.000000,2462,52,,,,IWLAN
2467,1,,,-121.9331162,47.5260751,2026-01-23 21:22:36.000,_20260123_124628_CH04_TMO_5GNR_WFC_MT-REF-2_TC-157.dml,,,,,,,,,,,,,,,,,,,,,,,,,,,,,,,,On,Connected,-62.000000,2462,52,,,,IWLAN
2468,1,,,-121.9331162,47.5260751,2026-01-23 21:22:37.000,_20260123_124628_CH04_TMO_5GNR_WFC_MT-REF-2_TC-157.dml,,,,,,,,,,,,,,,,,,,,,,,,,,,,,594,,,On,Connected,-61.000000,2462,52,,,,IWLAN
2469,1,,,-121.9331162,47.5260751,2026-01-23 21:22:38.000,_20260123_124628_CH04_TMO_5GNR_WFC_MT-REF-2_TC-157.dml,,,,,,,,,,,,,,,,,,,,,,,,,,,,,594,,,On,Connected,-61.000000,2462,52,,,,IWLAN
2470,1,,,-121.9331162,47.5260751,2026-01-23 21:22:39.000,_20260123_124628_CH04_TMO_5GNR_WFC_MT-REF-2_TC-157.dml,,,,,,,,,,,,,,,,,,,,,,,,,,,,,,,,On,Connected,-61.000000,2462,52,,,,IWLAN
2471,1,,,-121.9331162,47.5260751,2026-01-23 21:22:40.000,_20260123_124628_CH04_TMO_5GNR_WFC_MT-REF-2_TC-157.dml,,,,,,,,,,,,,,,,,,,,,,,,,,,,,594,,,On,Connected,-55.000000,2462,52,,,,IWLAN
2472,1,,,-121.9331162,47.5260751,2026-01-23 21:22:41.000,_20260123_124628_CH04_TMO_5GNR_WFC_MT-REF-2_TC-157.dml,,,,,,,,,,,,,,,,,,,,,,,,,,,,,,,,On,Connected,-55.000000,2462,52,,,,IWLAN
2473,1,,,-121.9331162,47.5260751,2026-01-23 21:22:42.000,_20260123_124628_CH04_TMO_5GNR_WFC_MT-REF-2_TC-157.dml,,,,,,,,,,,,,,,,,,,,,,,,,,,,,,,,On,Connected,-55.000000,2462,52,,,,IWLAN
2474,1,,,-121.9331162,47.5260751,2026-01-23 21:22:43.000,_20260123_124628_CH04_TMO_5GNR_WFC_MT-REF-2_TC-157.dml,,,,,,,,,,,,,,,,,,,,,,,,,,,,,594,,,On,Connected,-55.000000,2462,52,,,,IWLAN
2475,1,,,-121.9331162,47.5260751,2026-01-23 21:22:44.000,_20260123_124628_CH04_TMO_5GNR_WFC_MT-REF-2_TC-157.dml,,,,,,,,,,,,,,,,,,,,,,,,,,,,,,,,On,Connected,-55.000000,2462,52,,,,IWLAN
2476,1,,,-121.9331162,47.5260751,2026-01-23 21:22:45.000,_20260123_124628_CH04_TMO_5GNR_WFC_MT-REF-2_TC-157.dml,,,,,,,,,,,,,,,,,,,,,,,,,,,,,,,,On,Connected,-55.000000,2462,52,,,,IWLAN
2477,1,,,-121.9331162,47.5260751,2026-01-23 21:22:46.000,_20260123_124628_CH04_TMO_5GNR_WFC_MT-REF-2_TC-157.dml,,,,,,,,,,,,,,,,,,,,,,,,,,,,,594,,,On,Connected,-56.000000,2462,52,,,,IWLAN
2478,1,,,-121.9331162,47.5260751,2026-01-23 21:22:47.000,_20260123_124628_CH04_TMO_5GNR_WFC_MT-REF-2_TC-157.dml,,,,,,,,,,,,,,,,,,,,,,,,,,,,,594,,,On,Connected,-56.000000,2462,52,,,,IWLAN
2479,1,,,-121.9331162,47.5260751,2026-01-23 21:22:48.000,_20260123_124628_CH04_TMO_5GNR_WFC_MT-REF-2_TC-157.dml,,,,,,,,,,,,,,,,,,,,,,,,,,,,,,,,On,Connected,-56.000000,2462,52,,,,IWLAN
2480,1,,,-121.9331162,47.5260751,2026-01-23 21:22:49.000,_20260123_124628_CH04_TMO_5GNR_WFC_MT-REF-2_TC-157.dml,,,,,,,,,,,,,,,,,,,,,,,,,,,,,594,,,On,Connected,-62.000000,2462,52,,,,IWLAN
2481,1,,,-121.9331162,47.5260751,2026-01-23 21:22:50.000,_20260123_124628_CH04_TMO_5GNR_WFC_MT-REF-2_TC-157.dml,,,,,,,,,,,,,,,,,,,,,,,,,,,,,,,,On,Connected,-62.000000,2462,52,,,,IWLAN
2482,1,,,-121.9331162,47.5260751,2026-01-23 21:22:51.000,_20260123_124628_CH04_TMO_5GNR_WFC_MT-REF-2_TC-157.dml,,,,,,,,,,,,,,,,,,,,,,,,,,,,,,,,On,Connected,-62.000000,2462,52,,,,IWLAN
2483,1,,,-121.9331162,47.5260751,2026-01-23 21:22:52.000,_20260123_124628_CH04_TMO_5GNR_WFC_MT-REF-2_TC-157.dml,,,,,,,,,,,,,,,,,,,,,,,,,,,,,594,,,On,Connected,-60.000000,2462,52,,,,IWLAN
2484,1,,,-121.9331162,47.5260751,2026-01-23 21:22:53.000,_20260123_124628_CH04_TMO_5GNR_WFC_MT-REF-2_TC-157.dml,,,,,,,,,,,,,,,,,,,,,,,,,,,,,,,,On,Connected,-60.000000,2462,52,,,,IWLAN
2485,1,,,-121.9331162,47.5260751,2026-01-23 21:22:53.925,_20260123_124628_CH04_TMO_5GNR_WFC_MT-REF-2_TC-157.dml,,,,,,,,,,,,,,,,,,,,,,,[Tool] Voice - Release Call Request,,,,,,,,,,,,,,,,,
2486,1,,,-121.9331162,47.5260751,2026-01-23 21:22:54.000,_20260123_124628_CH04_TMO_5GNR_WFC_MT-REF-2_TC-157.dml,,,,,,,,,,,,,,,,,,,,,,,,,,,,,594,,,On,Connected,-60.000000,2462,52,,,,IWLAN
2487,1,,,-121.9331162,47.5260751,2026-01-23 21:22:55.000,_20260123_124628_CH04_TMO_5GNR_WFC_MT-REF-2_TC-157.dml,,,,,,,,,,,,,,,,,,,,,,,,,,,,,,,,On,Connected,-63.000000,2462,52,,,,IWLAN
2488,1,,,-121.9331162,47.5260751,2026-01-23 21:22:56.000,_20260123_124628_CH04_TMO_5GNR_WFC_MT-REF-2_TC-157.dml,,,,,,,,,,,,,,,,,,,,,,,,,,,,,,,,On,Connected,-63.000000,2462,52,,,,IWLAN
2489,1,,,-121.9331162,47.5260751,2026-01-23 21:22:56.470,_20260123_124628_CH04_TMO_5GNR_WFC_MT-REF-2_TC-157.dml,,,,,,,,,,,,,,,,,,,,,,,[Tool] Voice - Call Scheduling End,,,,,,,,,,,,,,,,,
2490,1,,,-121.9331162,47.5260751,2026-01-23 21:22:56.470,_20260123_124628_CH04_TMO_5GNR_WFC_MT-REF-2_TC-157.dml,NR SA,Voice,BQ,NR SA,NR SA,Qualcomm,,354877970012475,,,,,,,,,BQ,Termination,BQ,,,,,,,,,90.268000,,,,,,,,,,EPSFB,,
2491,1,,,-121.9331162,47.5260751,2026-01-23 21:22:56.470,_20260123_124628_CH04_TMO_5GNR_WFC_MT-REF-2_TC-157.dml,,,,,,,,,,,,,,,,,,,,,,,[Tool] Voice - Release Call Request,,,,,,,,,,,,,,,,,
2492,1,,,-121.9331162,47.5260751,2026-01-23 21:22:56.980,_20260123_124628_CH04_TMO_5GNR_WFC_MT-REF-2_TC-157.dml,,,,,,,,,,,,,,,,,,,,,,,[Tool] Voice - Call Scheduling Start(Term),,,,,,,,,,,,,,,,,
2493,1,,,-121.9331162,47.5260751,2026-01-23 21:22:56.980,_20260123_124628_CH04_TMO_5GNR_WFC_MT-REF-2_TC-157.dml,,,,,,,,,,,,,,,,,,,,,,,[Tool] Voice - Wait Page,,,,,,,,,,,,,,,,,
2494,1,,,-121.9331162,47.5260751,2026-01-23 21:22:57.000,_20260123_124628_CH04_TMO_5GNR_WFC_MT-REF-2_TC-157.dml,,,,,,,,,,,,,,,,,,,,,,,,,,,,,594,,,On,Connected,-63.000000,2462,52,,,,IWLAN
2495,1,,,-121.9331162,47.5260751,2026-01-23 21:22:58.000,_20260123_124628_CH04_TMO_5GNR_WFC_MT-REF-2_TC-157.dml,,,,,,,,,,,,,,,,,,,,,,,,,,,,,594,,,On,Connected,-63.000000,2462,58,,,,IWLAN
2496,1,,,-121.9331162,47.5260751,2026-01-23 21:22:59.000,_20260123_124628_CH04_TMO_5GNR_WFC_MT-REF-2_TC-157.dml,,,,,,,,,,,,,,,,,,,,,,,,,,,,,,,,On,Connected,-63.000000,2462,58,,,,IWLAN
2497,1,,,-121.9331162,47.5260751,2026-01-23 21:23:00.440,_20260123_124628_CH04_TMO_5GNR_WFC_MT-REF-2_TC-157.dml,,,,,,,,,,,,,,,,,,,,,,,[Tool] Voice - Answer Request,,,,,,,,,,,,,,,,,
2498,1,,,-121.9331162,47.5260751,2026-01-23 21:23:00.000,_20260123_124628_CH04_TMO_5GNR_WFC_MT-REF-2_TC-157.dml,,,,,,,,,,,,,,,,,,,,,,,,,,,,,,,,On,Connected,-63.000000,2462,58,,,,IWLAN
2499,1,,,-121.9331162,47.5260751,2026-01-23 21:23:01.000,_20260123_124628_CH04_TMO_5GNR_WFC_MT-REF-2_TC-157.dml,,,,,,,,,,,,,,,,,,,,,,,,,,,,,594,,,On,Connected,-60.000000,2462,52,,,,IWLAN
2500,1,,,-121.9331162,47.5260751,2026-01-23 21:23:01.380,_20260123_124628_CH04_TMO_5GNR_WFC_MT-REF-2_TC-157.dml,,,,,,,,,,,,,,,,,,,,,,,[Tool] Voice - Answer Request,,,,,,,,,,,,,,,,,
2501,1,,,-121.9331162,47.5260751,2026-01-23 21:23:02.546,_20260123_124628_CH04_TMO_5GNR_WFC_MT-REF-2_TC-157.dml,,,,,,,,,,,,,,,,,,,,,,,[UE]   Voice - Setup Success,,,,,,,,,,,,,,,,,
2502,1,,,-121.9331162,47.5260751,2026-01-23 21:23:02.000,_20260123_124628_CH04_TMO_5GNR_WFC_MT-REF-2_TC-157.dml,,,,,,,,,,NR SA,,,,,,,,,,,,,,,,,,,,,,On,Connected,-60.000000,2462,52,,,,IWLAN
2503,1,,,-121.9331162,47.5260751,2026-01-23 21:23:03.000,_20260123_124628_CH04_TMO_5GNR_WFC_MT-REF-2_TC-157.dml,,,,,,,,,,NR SA,,,,,,,,,,,,,,,,,,,594,,,On,Connected,-60.000000,2462,52,,,,IWLAN
2504,1,,,-121.9331162,47.5260751,2026-01-23 21:23:04.000,_20260123_124628_CH04_TMO_5GNR_WFC_MT-REF-2_TC-157.dml,,,,,,,,,,NR SA,,,,,,,,,,,,,,,,,,,,,,On,Connected,-59.000000,2462,26,,,,IWLAN
2505,1,,,-121.9331162,47.5260751,2026-01-23 21:23:05.000,_20260123_124628_CH04_TMO_5GNR_WFC_MT-REF-2_TC-157.dml,,,,,,,,,,NR SA,,,,,,,,,,,,,,,,,,,,,,On,Connected,-59.000000,2462,26,,,,IWLAN
2506,1,,,-121.9331162,47.5260751,2026-01-23 21:23:06.000,_20260123_124628_CH04_TMO_5GNR_WFC_MT-REF-2_TC-157.dml,,,,,,,,,,NR SA,,,,,,,,,,,,,,,,,,,594,,,On,Connected,-59.000000,2462,26,,,,IWLAN
2507,1,,,-121.9331162,47.5260751,2026-01-23 21:23:07.000,_20260123_124628_CH04_TMO_5GNR_WFC_MT-REF-2_TC-157.dml,,,,,,,,,,NR SA,,,,,,,,,,,,,,,,,,,,,,On,Connected,-56.000000,2462,52,,,,IWLAN
2508,1,,,-121.9331162,47.5260751,2026-01-23 21:23:08.000,_20260123_124628_CH04_TMO_5GNR_WFC_MT-REF-2_TC-157.dml,,,,,,,,,,NR SA,,,,,,,,,,,,,,,,,,,,,,On,Connected,-56.000000,2462,52,,,,IWLAN
2509,1,,,-121.9331162,47.5260751,2026-01-23 21:23:09.000,_20260123_124628_CH04_TMO_5GNR_WFC_MT-REF-2_TC-157.dml,,,,,,,,,,NR SA,,,,,,,,,,,,,,,,,,,594,,,On,Connected,-56.000000,2462,52,,,,IWLAN
2510,1,,,-121.9331162,47.5260751,2026-01-23 21:23:10.000,_20260123_124628_CH04_TMO_5GNR_WFC_MT-REF-2_TC-157.dml,,,,,,,,,,NR SA,,,,,,,,,,,,,,,,,,,,,,On,Connected,-56.000000,2462,52,,,,IWLAN
2511,1,,,-121.9331162,47.5260751,2026-01-23 21:23:11.000,_20260123_124628_CH04_TMO_5GNR_WFC_MT-REF-2_TC-157.dml,,,,,,,,,,NR SA,,,,,,,,,,,,,,,,,,,594,,,On,Connected,-56.000000,2462,52,,,,IWLAN
2512,1,,,-121.9331162,47.5260751,2026-01-23 21:23:12.000,_20260123_124628_CH04_TMO_5GNR_WFC_MT-REF-2_TC-157.dml,,,,,,,,,,NR SA,,,,,,,,,,,,,,,,,,,,,2.039386,On,Connected,-56.000000,2462,52,,,,IWLAN
2513,1,,,-121.9331162,47.5260751,2026-01-23 21:23:13.000,_20260123_124628_CH04_TMO_5GNR_WFC_MT-REF-2_TC-157.dml,,,,,,,,,,NR SA,,,,,,,,,,,,,,,,,,,,,2.039386,On,Connected,-56.000000,2462,52,,,,IWLAN
2514,1,,,-121.9331162,47.5260751,2026-01-23 21:23:14.000,_20260123_124628_CH04_TMO_5GNR_WFC_MT-REF-2_TC-157.dml,,,,,,,,,,NR SA,,,,,,,,,,,,,,,,,,,594,,2.039386,On,Connected,-56.000000,2462,52,,,,IWLAN
2515,1,,,-121.9331162,47.5260751,2026-01-23 21:23:15.000,_20260123_124628_CH04_TMO_5GNR_WFC_MT-REF-2_TC-157.dml,,,,,,,,,,NR SA,,,,,,,,,,,,,,,,,,,,,2.039386,On,Connected,-56.000000,2462,52,,,,IWLAN
2516,1,,,-121.9331162,47.5260751,2026-01-23 21:23:16.000,_20260123_124628_CH04_TMO_5GNR_WFC_MT-REF-2_TC-157.dml,,,,,,,,,,NR SA,,,,,,,,,,,,,,,,,,,594,,2.039386,On,Connected,-57.000000,2462,52,,,,IWLAN
2517,1,,,-121.9331162,47.5260751,2026-01-23 21:23:17.000,_20260123_124628_CH04_TMO_5GNR_WFC_MT-REF-2_TC-157.dml,,,,,,,,,,NR SA,,,,,,,,,,,,,,,,,,,,,2.039386,On,Connected,-57.000000,2462,52,,,,IWLAN
2518,1,,,-121.9331162,47.5260751,2026-01-23 21:23:18.000,_20260123_124628_CH04_TMO_5GNR_WFC_MT-REF-2_TC-157.dml,,,,,,,,,,NR SA,,,,,,,,,,,,,,,,,,,,,2.039386,On,Connected,-57.000000,2462,52,,,,IWLAN
2519,1,,,-121.9331162,47.5260751,2026-01-23 21:23:19.000,_20260123_124628_CH04_TMO_5GNR_WFC_MT-REF-2_TC-157.dml,,,,,,,,,,NR SA,,,,,,,,,,,,,,,,,,,594,,2.039386,On,Connected,-55.000000,2462,58,,,,IWLAN
2520,1,,,-121.9331162,47.5260751,2026-01-23 21:23:20.000,_20260123_124628_CH04_TMO_5GNR_WFC_MT-REF-2_TC-157.dml,,,,,,,,,,NR SA,,,,,,,,,,,,,,,,,,,,,2.039386,On,Connected,-55.000000,2462,58,,,,IWLAN
2521,1,,,-121.9331162,47.5260751,2026-01-23 21:23:21.000,_20260123_124628_CH04_TMO_5GNR_WFC_MT-REF-2_TC-157.dml,,,,,,,,,,NR SA,,,,,,,,,,,,,,,,,,,594,,2.039386,On,Connected,-55.000000,2462,58,,,,IWLAN
2522,1,,,-121.9331162,47.5260751,2026-01-23 21:23:22.000,_20260123_124628_CH04_TMO_5GNR_WFC_MT-REF-2_TC-157.dml,,,,,,,,,,NR SA,,,,,,,,,,,,,,,,,,,,,,On,Connected,-56.000000,2462,52,,,,IWLAN
2523,1,,,-121.9331162,47.5260751,2026-01-23 21:23:22.931,_20260123_124628_CH04_TMO_5GNR_WFC_MT-REF-2_TC-157.dml,,,,,,,,,,,,,,,,,,,,,,,,,,,,,,-75.753906,,,,,,,,,,
2524,1,,,-121.9331162,47.5260751,2026-01-23 21:23:23.000,_20260123_124628_CH04_TMO_5GNR_WFC_MT-REF-2_TC-157.dml,,,,,,,,,,NR SA,,,,,,,,,,,,,,,,,,,,,,On,Connected,-56.000000,2462,52,,,,IWLAN
2525,1,,,-121.9331162,47.5260751,2026-01-23 21:23:24.000,_20260123_124628_CH04_TMO_5GNR_WFC_MT-REF-2_TC-157.dml,,,,,,,,,,NR SA,,,,,,,,,,,,,,,,,,,594,,,On,Connected,-56.000000,2462,52,,,,IWLAN
2526,1,,,-121.9331162,47.5260751,2026-01-23 21:23:25.000,_20260123_124628_CH04_TMO_5GNR_WFC_MT-REF-2_TC-157.dml,,,,,,,,,,NR SA,,,,,,,,,,,,,,,,,,,594,,,On,Connected,-56.000000,2462,39,,,,IWLAN
2527,1,,,-121.9331162,47.5260751,2026-01-23 21:23:26.000,_20260123_124628_CH04_TMO_5GNR_WFC_MT-REF-2_TC-157.dml,,,,,,,,,,NR SA,,,,,,,,,,,,,,,,,,,,,,On,Connected,-56.000000,2462,39,,,,IWLAN
2528,1,,,-121.9331162,47.5260751,2026-01-23 21:23:27.000,_20260123_124628_CH04_TMO_5GNR_WFC_MT-REF-2_TC-157.dml,,,,,,,,,,NR SA,,,,,,,,,,,,,,,,,,,,,,On,Connected,-56.000000,2462,39,,,,IWLAN
2529,1,,,-121.9331162,47.5260751,2026-01-23 21:23:28.000,_20260123_124628_CH04_TMO_5GNR_WFC_MT-REF-2_TC-157.dml,,,,,,,,,,NR SA,,,,,,,,,,,,,,,,,,,594,,,On,Connected,-56.000000,2462,39,,,,IWLAN
2530,1,,,-121.9331162,47.5260751,2026-01-23 21:23:29.000,_20260123_124628_CH04_TMO_5GNR_WFC_MT-REF-2_TC-157.dml,,,,,,,,,,NR SA,,,,,,,,,,,,,,,,,,,594,,,On,Connected,-56.000000,2462,39,,,,IWLAN
2531,1,,,-121.9331162,47.5260751,2026-01-23 21:23:30.000,_20260123_124628_CH04_TMO_5GNR_WFC_MT-REF-2_TC-157.dml,,,,,,,,,,NR SA,,,,,,,,,,,,,,,,,,,,,,On,Connected,-56.000000,2462,39,,,,IWLAN
2532,1,,,-121.9331162,47.5260751,2026-01-23 21:23:31.000,_20260123_124628_CH04_TMO_5GNR_WFC_MT-REF-2_TC-157.dml,,,,,,,,,,NR SA,,,,,,,,,,,,,,,,,,,,,,On,Connected,-56.000000,2462,52,,,,IWLAN
2533,1,,,-121.9331162,47.5260751,2026-01-23 21:23:32.000,_20260123_124628_CH04_TMO_5GNR_WFC_MT-REF-2_TC-157.dml,,,,,,,,,,NR SA,,,,,,,,,,,,,,,,,,,594,,1.522644,On,Connected,-56.000000,2462,52,,,,IWLAN
2534,1,,,-121.9331162,47.5260751,2026-01-23 21:23:33.000,_20260123_124628_CH04_TMO_5GNR_WFC_MT-REF-2_TC-157.dml,,,,,,,,,,NR SA,,,,,,,,,,,,,,,,,,,,,1.522644,On,Connected,-56.000000,2462,52,,,,IWLAN
2535,1,,,-121.9331162,47.5260751,2026-01-23 21:23:34.000,_20260123_124628_CH04_TMO_5GNR_WFC_MT-REF-2_TC-157.dml,,,,,,,,,,NR SA,,,,,,,,,,,,,,,,,,,594,,1.522644,On,Connected,-56.000000,2462,52,,,,IWLAN
2536,1,,,-121.9331162,47.5260751,2026-01-23 21:23:35.000,_20260123_124628_CH04_TMO_5GNR_WFC_MT-REF-2_TC-157.dml,,,,,,,,,,NR SA,,,,,,,,,,,,,,,,,,,,,1.522644,On,Connected,-56.000000,2462,52,,,,IWLAN
2537,1,,,-121.9331162,47.5260751,2026-01-23 21:23:36.000,_20260123_124628_CH04_TMO_5GNR_WFC_MT-REF-2_TC-157.dml,,,,,,,,,,NR SA,,,,,,,,,,,,,,,,,,,,,1.522644,On,Connected,-56.000000,2462,52,,,,IWLAN
2538,1,,,-121.9331162,47.5260751,2026-01-23 21:23:37.000,_20260123_124628_CH04_TMO_5GNR_WFC_MT-REF-2_TC-157.dml,,,,,,,,,,NR SA,,,,,,,,,,,,,,,,,,,594,,1.522644,On,Connected,-56.000000,2462,52,,,,IWLAN
2539,1,,,-121.9331162,47.5260751,2026-01-23 21:23:38.000,_20260123_124628_CH04_TMO_5GNR_WFC_MT-REF-2_TC-157.dml,,,,,,,,,,NR SA,,,,,,,,,,,,,,,,,,,,,1.522644,On,Connected,-56.000000,2462,52,,,,IWLAN
2540,1,,,-121.9331162,47.5260751,2026-01-23 21:23:39.000,_20260123_124628_CH04_TMO_5GNR_WFC_MT-REF-2_TC-157.dml,,,,,,,,,,NR SA,,,,,,,,,,,,,,,,,,,594,,1.522644,On,Connected,-56.000000,2462,52,,,,IWLAN
2541,1,,,-121.9331162,47.5260751,2026-01-23 21:23:40.000,_20260123_124628_CH04_TMO_5GNR_WFC_MT-REF-2_TC-157.dml,,,,,,,,,,NR SA,,,,,,,,,,,,,,,,,,,,,1.522644,On,Connected,-54.000000,2462,52,,,,IWLAN
2542,1,,,-121.9331162,47.5260751,2026-01-23 21:23:41.000,_20260123_124628_CH04_TMO_5GNR_WFC_MT-REF-2_TC-157.dml,,,,,,,,,,NR SA,,,,,,,,,,,,,,,,,,,,,1.522644,On,Connected,-54.000000,2462,52,,,,IWLAN
2543,1,,,-121.9331162,47.5260751,2026-01-23 21:23:42.000,_20260123_124628_CH04_TMO_5GNR_WFC_MT-REF-2_TC-157.dml,,,,,,,,,,NR SA,,,,,,,,,,,,,,,,,,,594,,,On,Connected,-54.000000,2462,52,,,,IWLAN
2544,1,,,-121.9331162,47.5260751,2026-01-23 21:23:42.963,_20260123_124628_CH04_TMO_5GNR_WFC_MT-REF-2_TC-157.dml,,,,,,,,,,,,,,,,,,,,,,,,,,,,,,-76.598090,,,,,,,,,,
2545,1,,,-121.9331162,47.5260751,2026-01-23 21:23:43.000,_20260123_124628_CH04_TMO_5GNR_WFC_MT-REF-2_TC-157.dml,,,,,,,,,,NR SA,,,,,,,,,,,,,,,,,,,,,,On,Connected,-55.000000,2462,52,,,,IWLAN
2546,1,,,-121.9331162,47.5260751,2026-01-23 21:23:44.000,_20260123_124628_CH04_TMO_5GNR_WFC_MT-REF-2_TC-157.dml,,,,,,,,,,NR SA,,,,,,,,,,,,,,,,,,,594,,,On,Connected,-55.000000,2462,52,,,,IWLAN
2547,1,,,-121.9331162,47.5260751,2026-01-23 21:23:45.000,_20260123_124628_CH04_TMO_5GNR_WFC_MT-REF-2_TC-157.dml,,,,,,,,,,NR SA,,,,,,,,,,,,,,,,,,,,,,On,Connected,-55.000000,2462,52,,,,IWLAN
2548,1,,,-121.9331162,47.5260751,2026-01-23 21:23:46.000,_20260123_124628_CH04_TMO_5GNR_WFC_MT-REF-2_TC-157.dml,,,,,,,,,,NR SA,,,,,,,,,,,,,,,,,,,,,,On,Connected,-56.000000,2462,39,,,,IWLAN
2549,1,,,-121.9331162,47.5260751,2026-01-23 21:23:47.000,_20260123_124628_CH04_TMO_5GNR_WFC_MT-REF-2_TC-157.dml,,,,,,,,,,NR SA,,,,,,,,,,,,,,,,,,,594,,,On,Connected,-56.000000,2462,39,,,,IWLAN
2550,1,,,-121.9331162,47.5260751,2026-01-23 21:23:48.000,_20260123_124628_CH04_TMO_5GNR_WFC_MT-REF-2_TC-157.dml,,,,,,,,,,NR SA,,,,,,,,,,,,,,,,,,,,,,On,Connected,-56.000000,2462,39,,,,IWLAN
2551,1,,,-121.9331162,47.5260751,2026-01-23 21:23:49.000,_20260123_124628_CH04_TMO_5GNR_WFC_MT-REF-2_TC-157.dml,,,,,,,,,,NR SA,,,,,,,,,,,,,,,,,,,,,,On,Connected,-55.000000,2462,52,,,,IWLAN
2552,1,,,-121.9331162,47.5260751,2026-01-23 21:23:50.000,_20260123_124628_CH04_TMO_5GNR_WFC_MT-REF-2_TC-157.dml,,,,,,,,,,NR SA,,,,,,,,,,,,,,,,,,,594,,,On,Connected,-55.000000,2462,52,,,,IWLAN
2553,1,,,-121.9331162,47.5260751,2026-01-23 21:23:51.000,_20260123_124628_CH04_TMO_5GNR_WFC_MT-REF-2_TC-157.dml,,,,,,,,,,NR SA,,,,,,,,,,,,,,,,,,,,,,On,Connected,-55.000000,2462,52,,,,IWLAN
2554,1,,,-121.9331162,47.5260751,2026-01-23 21:23:52.000,_20260123_124628_CH04_TMO_5GNR_WFC_MT-REF-2_TC-157.dml,,,,,,,,,,NR SA,,,,,,,,,,,,,,,,,,,594,,,On,Connected,-57.000000,2462,52,,,,IWLAN
2555,1,,,-121.9331162,47.5260751,2026-01-23 21:23:53.000,_20260123_124628_CH04_TMO_5GNR_WFC_MT-REF-2_TC-157.dml,,,,,,,,,,NR SA,,,,,,,,,,,,,,,,,,,,,1.810809,On,Connected,-57.000000,2462,52,,,,IWLAN
2556,1,,,-121.9331162,47.5260751,2026-01-23 21:23:54.000,_20260123_124628_CH04_TMO_5GNR_WFC_MT-REF-2_TC-157.dml,,,,,,,,,,NR SA,,,,,,,,,,,,,,,,,,,,,1.810809,On,Connected,-57.000000,2462,52,,,,IWLAN
2557,1,,,-121.9331162,47.5260751,2026-01-23 21:23:55.000,_20260123_124628_CH04_TMO_5GNR_WFC_MT-REF-2_TC-157.dml,,,,,,,,,,NR SA,,,,,,,,,,,,,,,,,,,594,,1.810809,On,Connected,-55.000000,2462,58,,,,IWLAN
2558,1,,,-121.9331162,47.5260751,2026-01-23 21:23:56.000,_20260123_124628_CH04_TMO_5GNR_WFC_MT-REF-2_TC-157.dml,,,,,,,,,,NR SA,,,,,,,,,,,,,,,,,,,,,1.810809,On,Connected,-55.000000,2462,58,,,,IWLAN
2559,1,,,-121.9331162,47.5260751,2026-01-23 21:23:57.000,_20260123_124628_CH04_TMO_5GNR_WFC_MT-REF-2_TC-157.dml,,,,,,,,,,NR SA,,,,,,,,,,,,,,,,,,,,,1.810809,On,Connected,-55.000000,2462,58,,,,IWLAN
2560,1,,,-121.9331162,47.5260751,2026-01-23 21:23:58.000,_20260123_124628_CH04_TMO_5GNR_WFC_MT-REF-2_TC-157.dml,,,,,,,,,,NR SA,,,,,,,,,,,,,,,,,,,594,,1.810809,On,Connected,-51.000000,2462,52,,,,IWLAN
2561,1,,,-121.9331162,47.5260751,2026-01-23 21:23:59.000,_20260123_124628_CH04_TMO_5GNR_WFC_MT-REF-2_TC-157.dml,,,,,,,,,,NR SA,,,,,,,,,,,,,,,,,,,,,1.810809,On,Connected,-51.000000,2462,52,,,,IWLAN
2562,1,,,-121.9331162,47.5260751,2026-01-23 21:24:00.000,_20260123_124628_CH04_TMO_5GNR_WFC_MT-REF-2_TC-157.dml,,,,,,,,,,NR SA,,,,,,,,,,,,,,,,,,,594,,1.810809,On,Connected,-51.000000,2462,52,,,,IWLAN
2563,1,,,-121.9331162,47.5260751,2026-01-23 21:24:01.000,_20260123_124628_CH04_TMO_5GNR_WFC_MT-REF-2_TC-157.dml,,,,,,,,,,NR SA,,,,,,,,,,,,,,,,,,,,,1.810809,On,Connected,-51.000000,2462,52,,,,IWLAN
2564,1,,,-121.9331162,47.5260751,2026-01-23 21:24:02.000,_20260123_124628_CH04_TMO_5GNR_WFC_MT-REF-2_TC-157.dml,,,,,,,,,,NR SA,,,,,,,,,,,,,,,,,,,594,,,On,Connected,-51.000000,2462,52,,,,IWLAN
2565,1,,,-121.9331162,47.5260751,2026-01-23 21:24:03.131,_20260123_124628_CH04_TMO_5GNR_WFC_MT-REF-2_TC-157.dml,,,,,,,,,,,,,,,,,,,,,,,,,,,,,,-78.776476,,,,,,,,,,
2566,1,,,-121.9331162,47.5260751,2026-01-23 21:24:03.000,_20260123_124628_CH04_TMO_5GNR_WFC_MT-REF-2_TC-157.dml,,,,,,,,,,NR SA,,,,,,,,,,,,,,,,,,,,,,On,Connected,-51.000000,2462,52,,,,IWLAN
2567,1,,,-121.9331162,47.5260751,2026-01-23 21:24:04.000,_20260123_124628_CH04_TMO_5GNR_WFC_MT-REF-2_TC-157.dml,,,,,,,,,,NR SA,,,,,,,,,,,,,,,,,,,594,,,On,Connected,-51.000000,2462,58,,,,IWLAN
2568,1,,,-121.9331162,47.5260751,2026-01-23 21:24:05.000,_20260123_124628_CH04_TMO_5GNR_WFC_MT-REF-2_TC-157.dml,,,,,,,,,,NR SA,,,,,,,,,,,,,,,,,,,,,,On,Connected,-51.000000,2462,58,,,,IWLAN
2569,1,,,-121.9331162,47.5260751,2026-01-23 21:24:06.000,_20260123_124628_CH04_TMO_5GNR_WFC_MT-REF-2_TC-157.dml,,,,,,,,,,NR SA,,,,,,,,,,,,,,,,,,,,,,On,Connected,-51.000000,2462,58,,,,IWLAN
2570,1,,,-121.9331162,47.5260751,2026-01-23 21:24:07.000,_20260123_124628_CH04_TMO_5GNR_WFC_MT-REF-2_TC-157.dml,,,,,,,,,,NR SA,,,,,,,,,,,,,,,,,,,594,,,On,Connected,-51.000000,2462,58,,,,IWLAN
2571,1,,,-121.9331162,47.5260751,2026-01-23 21:24:08.000,_20260123_124628_CH04_TMO_5GNR_WFC_MT-REF-2_TC-157.dml,,,,,,,,,,NR SA,,,,,,,,,,,,,,,,,,,594,,,On,Connected,-51.000000,2462,58,,,,IWLAN
2572,1,,,-121.9331162,47.5260751,2026-01-23 21:24:09.000,_20260123_124628_CH04_TMO_5GNR_WFC_MT-REF-2_TC-157.dml,,,,,,,,,,NR SA,,,,,,,,,,,,,,,,,,,,,,On,Connected,-51.000000,2462,58,,,,IWLAN
2573,1,,,-121.9331162,47.5260751,2026-01-23 21:24:10.000,_20260123_124628_CH04_TMO_5GNR_WFC_MT-REF-2_TC-157.dml,,,,,,,,,,NR SA,,,,,,,,,,,,,,,,,,,594,,,On,Connected,-51.000000,2462,58,,,,IWLAN
2574,1,,,-121.9331162,47.5260751,2026-01-23 21:24:11.000,_20260123_124628_CH04_TMO_5GNR_WFC_MT-REF-2_TC-157.dml,,,,,,,,,,NR SA,,,,,,,,,,,,,,,,,,,594,,,On,Connected,-51.000000,2462,58,,,,IWLAN
2575,1,,,-121.9331162,47.5260751,2026-01-23 21:24:12.000,_20260123_124628_CH04_TMO_5GNR_WFC_MT-REF-2_TC-157.dml,,,,,,,,,,NR SA,,,,,,,,,,,,,,,,,,,,,,On,Connected,-51.000000,2462,58,,,,IWLAN
2576,1,,,-121.9331162,47.5260751,2026-01-23 21:24:13.000,_20260123_124628_CH04_TMO_5GNR_WFC_MT-REF-2_TC-157.dml,,,,,,,,,,NR SA,,,,,,,,,,,,,,,,,,,594,,2.716023,On,Connected,-51.000000,2462,58,,,,IWLAN
2577,1,,,-121.9331162,47.5260751,2026-01-23 21:24:14.000,_20260123_124628_CH04_TMO_5GNR_WFC_MT-REF-2_TC-157.dml,,,,,,,,,,NR SA,,,,,,,,,,,,,,,,,,,,,2.716023,On,Connected,-51.000000,2462,58,,,,IWLAN
2578,1,,,-121.9331162,47.5260751,2026-01-23 21:24:15.000,_20260123_124628_CH04_TMO_5GNR_WFC_MT-REF-2_TC-157.dml,,,,,,,,,,NR SA,,,,,,,,,,,,,,,,,,,,,2.716023,On,Connected,-51.000000,2462,58,,,,IWLAN
2579,1,,,-121.9331162,47.5260751,2026-01-23 21:24:16.000,_20260123_124628_CH04_TMO_5GNR_WFC_MT-REF-2_TC-157.dml,,,,,,,,,,NR SA,,,,,,,,,,,,,,,,,,,594,,2.716023,On,Connected,-51.000000,2462,58,,,,IWLAN
2580,1,,,-121.9331162,47.5260751,2026-01-23 21:24:17.000,_20260123_124628_CH04_TMO_5GNR_WFC_MT-REF-2_TC-157.dml,,,,,,,,,,NR SA,,,,,,,,,,,,,,,,,,,,,2.716023,On,Connected,-51.000000,2462,58,,,,IWLAN
2581,1,,,-121.9331162,47.5260751,2026-01-23 21:24:18.000,_20260123_124628_CH04_TMO_5GNR_WFC_MT-REF-2_TC-157.dml,,,,,,,,,,NR SA,,,,,,,,,,,,,,,,,,,,,2.716023,On,Connected,-51.000000,2462,58,,,,IWLAN
2582,1,,,-121.9331162,47.5260751,2026-01-23 21:24:19.000,_20260123_124628_CH04_TMO_5GNR_WFC_MT-REF-2_TC-157.dml,,,,,,,,,,NR SA,,,,,,,,,,,,,,,,,,,594,,2.716023,On,Connected,-51.000000,2462,58,,,,IWLAN
2583,1,,,-121.9331162,47.5260751,2026-01-23 21:24:20.000,_20260123_124628_CH04_TMO_5GNR_WFC_MT-REF-2_TC-157.dml,,,,,,,,,,NR SA,,,,,,,,,,,,,,,,,,,,,2.716023,On,Connected,-51.000000,2462,58,,,,IWLAN
2584,1,,,-121.9331162,47.5260751,2026-01-23 21:24:21.000,_20260123_124628_CH04_TMO_5GNR_WFC_MT-REF-2_TC-157.dml,,,,,,,,,,NR SA,,,,,,,,,,,,,,,,,,,594,,2.716023,On,Connected,-51.000000,2462,58,,,,IWLAN
2585,1,,,-121.9331162,47.5260751,2026-01-23 21:24:22.000,_20260123_124628_CH04_TMO_5GNR_WFC_MT-REF-2_TC-157.dml,,,,,,,,,,NR SA,,,,,,,,,,,,,,,,,,,,,2.716023,On,Connected,-51.000000,2462,52,,,,IWLAN
2586,1,,,-121.9331162,47.5260751,2026-01-23 21:24:22.906,_20260123_124628_CH04_TMO_5GNR_WFC_MT-REF-2_TC-157.dml,,,,,,,,,,,,,,,,,,,,,,,,,,,,,,-72.144531,,,,,,,,,,
2587,1,,,-121.9331162,47.5260751,2026-01-23 21:24:23.000,_20260123_124628_CH04_TMO_5GNR_WFC_MT-REF-2_TC-157.dml,,,,,,,,,,NR SA,,,,,,,,,,,,,,,,,,,594,,,On,Connected,-51.000000,2462,52,,,,IWLAN
2588,1,,,-121.9331162,47.5260751,2026-01-23 21:24:24.000,_20260123_124628_CH04_TMO_5GNR_WFC_MT-REF-2_TC-157.dml,,,,,,,,,,NR SA,,,,,,,,,,,,,,,,,,,,,,On,Connected,-51.000000,2462,52,,,,IWLAN
2589,1,,,-121.9331162,47.5260751,2026-01-23 21:24:25.000,_20260123_124628_CH04_TMO_5GNR_WFC_MT-REF-2_TC-157.dml,,,,,,,,,,NR SA,,,,,,,,,,,,,,,,,,,,,,On,Connected,-51.000000,2462,58,,,,IWLAN
2590,1,,,-121.9331162,47.5260751,2026-01-23 21:24:26.000,_20260123_124628_CH04_TMO_5GNR_WFC_MT-REF-2_TC-157.dml,,,,,,,,,,NR SA,,,,,,,,,,,,,,,,,,,594,,,On,Connected,-51.000000,2462,58,,,,IWLAN
2591,1,,,-121.9331162,47.5260751,2026-01-23 21:24:27.000,_20260123_124628_CH04_TMO_5GNR_WFC_MT-REF-2_TC-157.dml,,,,,,,,,,NR SA,,,,,,,,,,,,,,,,,,,594,,,On,Connected,-51.000000,2462,58,,,,IWLAN
2592,1,,,-121.9331162,47.5260751,2026-01-23 21:24:28.000,_20260123_124628_CH04_TMO_5GNR_WFC_MT-REF-2_TC-157.dml,,,,,,,,,,NR SA,,,,,,,,,,,,,,,,,,,,,,On,Connected,-50.000000,2462,58,,,,IWLAN
2593,1,,,-121.9331162,47.5260751,2026-01-23 21:24:29.000,_20260123_124628_CH04_TMO_5GNR_WFC_MT-REF-2_TC-157.dml,,,,,,,,,,NR SA,,,,,,,,,,,,,,,,,,,594,,,On,Connected,-50.000000,2462,58,,,,IWLAN
2594,1,,,-121.9331162,47.5260751,2026-01-23 21:24:30.000,_20260123_124628_CH04_TMO_5GNR_WFC_MT-REF-2_TC-157.dml,,,,,,,,,,NR SA,,,,,,,,,,,,,,,,,,,,,,On,Connected,-50.000000,2462,58,,,,IWLAN
2595,1,,,-121.9331162,47.5260751,2026-01-23 21:24:31.000,_20260123_124628_CH04_TMO_5GNR_WFC_MT-REF-2_TC-157.dml,,,,,,,,,,NR SA,,,,,,,,,,,,,,,,,,,594,,,On,Connected,-51.000000,2462,58,,,,IWLAN
2596,1,,,-121.9331162,47.5260751,2026-01-23 21:24:32.000,_20260123_124628_CH04_TMO_5GNR_WFC_MT-REF-2_TC-157.dml,,,,,,,,,,NR SA,,,,,,,,,,,,,,,,,,,,,,On,Connected,-51.000000,2462,58,,,,IWLAN
2597,1,,,-121.9331162,47.5260751,2026-01-23 21:24:32.825,_20260123_124628_CH04_TMO_5GNR_WFC_MT-REF-2_TC-157.dml,,,,,,,,,,,,,,,,,,,,,,,[Tool] Voice - Pair Channel Call Drop,,,,,,,,,,,,,,,,,
2598,1,,,-121.9331162,47.5260751,2026-01-23 21:24:32.825,_20260123_124628_CH04_TMO_5GNR_WFC_MT-REF-2_TC-157.dml,,,,,,,,,,,,,,,,,,,,,,,[Tool] Voice - Release Call Request,,,,,,,,,,,,,,,,,
2599,1,,,-121.9331162,47.5260751,2026-01-23 21:24:33.000,_20260123_124628_CH04_TMO_5GNR_WFC_MT-REF-2_TC-157.dml,,,,,,,,,,NR SA,,,,,,,,,,,,,,,,,,,,,,On,Connected,-51.000000,2462,58,,,,IWLAN
2600,1,,,-121.9331162,47.5260751,2026-01-23 21:24:33.520,_20260123_124628_CH04_TMO_5GNR_WFC_MT-REF-2_TC-157.dml,,,,,,,,,,,,,,,,,,,,,,CBQ,[Tool] Voice - Call Result : CBQ,,,,,,,,,,,,,,,,,
2601,1,,,-121.9331162,47.5260751,2026-01-23 21:24:33.520,_20260123_124628_CH04_TMO_5GNR_WFC_MT-REF-2_TC-157.dml,,,,,,,,,,,,,,,,,,,,,,,[UE]   Voice - Release Call Success,,,,,,,,,,,,,,,,,
2602,1,,,-121.9331162,47.5260751,2026-01-23 21:24:34.419,_20260123_124628_CH04_TMO_5GNR_WFC_MT-REF-2_TC-157.dml,,,,,,,,,,,,,,,,,,,,,,,[UE]   Voice - Release Call Success,,,,,,,,,,,,,,,,,
2603,1,,,-121.9331162,47.5260751,2026-01-23 21:24:34.000,_20260123_124628_CH04_TMO_5GNR_WFC_MT-REF-2_TC-157.dml,,,,,,,,,,,,,,,,,,,,,,,,,,,,,594,,,On,Connected,-53.000000,2462,52,,,,IWLAN
2604,1,,,-121.9331162,47.5260751,2026-01-23 21:24:35.000,_20260123_124628_CH04_TMO_5GNR_WFC_MT-REF-2_TC-157.dml,,,,,,,,,,,,,,,,,,,,,,,,,,,,,,,,On,Connected,-53.000000,2462,52,,,,IWLAN
2605,1,,,-121.9331162,47.5260751,2026-01-23 21:24:36.000,_20260123_124628_CH04_TMO_5GNR_WFC_MT-REF-2_TC-157.dml,,,,,,,,,,,,,,,,,,,,,,,,,,,,,594,,,On,Connected,-53.000000,2462,52,,,,IWLAN
2606,1,,,-121.9331162,47.5260751,2026-01-23 21:24:37.000,_20260123_124628_CH04_TMO_5GNR_WFC_MT-REF-2_TC-157.dml,,,,,,,,,,,,,,,,,,,,,,,,,,,,,,,,On,Connected,-58.000000,2462,52,,,,IWLAN
2607,1,,,-121.9331162,47.5260751,2026-01-23 21:24:38.000,_20260123_124628_CH04_TMO_5GNR_WFC_MT-REF-2_TC-157.dml,,,,,,,,,,,,,,,,,,,,,,,,,,,,,,,,On,Connected,-58.000000,2462,52,,,,IWLAN
2608,1,,,-121.9331162,47.5260751,2026-01-23 21:24:39.000,_20260123_124628_CH04_TMO_5GNR_WFC_MT-REF-2_TC-157.dml,,,,,,,,,,,,,,,,,,,,,,,,,,,,,594,,,On,Connected,-58.000000,2462,52,,,,IWLAN
2609,1,,,-121.9331162,47.5260751,2026-01-23 21:24:40.000,_20260123_124628_CH04_TMO_5GNR_WFC_MT-REF-2_TC-157.dml,,,,,,,,,,,,,,,,,,,,,,,,,,,,,,,,On,Connected,-53.000000,2462,52,,,,IWLAN
2610,1,,,-121.9331162,47.5260751,2026-01-23 21:24:41.000,_20260123_124628_CH04_TMO_5GNR_WFC_MT-REF-2_TC-157.dml,,,,,,,,,,,,,,,,,,,,,,,,,,,,,594,,,On,Connected,-53.000000,2462,52,,,,IWLAN
2611,1,,,-121.9331162,47.5260751,2026-01-23 21:24:42.000,_20260123_124628_CH04_TMO_5GNR_WFC_MT-REF-2_TC-157.dml,,,,,,,,,,,,,,,,,,,,,,,,,,,,,,,,On,Connected,-53.000000,2462,52,,,,IWLAN
2612,1,,,-121.9331162,47.5260751,2026-01-23 21:24:43.000,_20260123_124628_CH04_TMO_5GNR_WFC_MT-REF-2_TC-157.dml,,,,,,,,,,,,,,,,,,,,,,,,,,,,,,,,On,Connected,-51.000000,2462,52,,,,IWLAN
2613,1,,,-121.9331162,47.5260751,2026-01-23 21:24:44.000,_20260123_124628_CH04_TMO_5GNR_WFC_MT-REF-2_TC-157.dml,,,,,,,,,,,,,,,,,,,,,,,,,,,,,594,,,On,Connected,-51.000000,2462,52,,,,IWLAN
2614,1,,,-121.9331162,47.5260751,2026-01-23 21:24:45.000,_20260123_124628_CH04_TMO_5GNR_WFC_MT-REF-2_TC-157.dml,,,,,,,,,,,,,,,,,,,,,,,,,,,,,,,,On,Connected,-51.000000,2462,52,,,,IWLAN
2615,1,,,-121.9331162,47.5260751,2026-01-23 21:24:46.000,_20260123_124628_CH04_TMO_5GNR_WFC_MT-REF-2_TC-157.dml,,,,,,,,,,,,,,,,,,,,,,,,,,,,,,,,On,Connected,-54.000000,2462,52,,,,IWLAN
2616,1,,,-121.9331162,47.5260751,2026-01-23 21:24:47.000,_20260123_124628_CH04_TMO_5GNR_WFC_MT-REF-2_TC-157.dml,,,,,,,,,,,,,,,,,,,,,,,,,,,,,594,,,On,Connected,-54.000000,2462,52,,,,IWLAN
2617,1,,,-121.9331162,47.5260751,2026-01-23 21:24:48.000,_20260123_124628_CH04_TMO_5GNR_WFC_MT-REF-2_TC-157.dml,,,,,,,,,,,,,,,,,,,,,,,,,,,,,,,,On,Connected,-54.000000,2462,52,,,,IWLAN
2618,1,,,-121.9331162,47.5260751,2026-01-23 21:24:49.000,_20260123_124628_CH04_TMO_5GNR_WFC_MT-REF-2_TC-157.dml,,,,,,,,,,,,,,,,,,,,,,,,,,,,,594,,,On,Connected,-57.000000,2462,52,,,,IWLAN
2619,1,,,-121.9331162,47.5260751,2026-01-23 21:24:50.000,_20260123_124628_CH04_TMO_5GNR_WFC_MT-REF-2_TC-157.dml,,,,,,,,,,,,,,,,,,,,,,,,,,,,,,,,On,Connected,-57.000000,2462,52,,,,IWLAN
2620,1,,,-121.9331162,47.5260751,2026-01-23 21:24:51.000,_20260123_124628_CH04_TMO_5GNR_WFC_MT-REF-2_TC-157.dml,,,,,,,,,,,,,,,,,,,,,,,,,,,,,594,,,On,Connected,-57.000000,2462,52,,,,IWLAN
2621,1,,,-121.9331162,47.5260751,2026-01-23 21:24:52.000,_20260123_124628_CH04_TMO_5GNR_WFC_MT-REF-2_TC-157.dml,,,,,,,,,,,,,,,,,,,,,,,,,,,,,594,,,On,Connected,-57.000000,2462,52,,,,IWLAN
2622,1,,,-121.9331162,47.5260751,2026-01-23 21:24:53.000,_20260123_124628_CH04_TMO_5GNR_WFC_MT-REF-2_TC-157.dml,,,,,,,,,,,,,,,,,,,,,,,,,,,,,594,,,On,Connected,-57.000000,2462,52,,,,IWLAN
2623,1,,,-121.9331162,47.5260751,2026-01-23 21:24:54.000,_20260123_124628_CH04_TMO_5GNR_WFC_MT-REF-2_TC-157.dml,,,,,,,,,,,,,,,,,,,,,,,,,,,,,594,,,On,Connected,-57.000000,2462,52,,,,IWLAN
2624,1,,,-121.9331162,47.5260751,2026-01-23 21:24:55.000,_20260123_124628_CH04_TMO_5GNR_WFC_MT-REF-2_TC-157.dml,,,,,,,,,,,,,,,,,,,,,,,,,,,,,,,,On,Connected,-58.000000,2462,52,,,,IWLAN
2625,1,,,-121.9331162,47.5260751,2026-01-23 21:24:56.000,_20260123_124628_CH04_TMO_5GNR_WFC_MT-REF-2_TC-157.dml,,,,,,,,,,,,,,,,,,,,,,,,,,,,,594,,,On,Connected,-58.000000,2462,52,,,,IWLAN
2626,1,,,-121.9331162,47.5260751,2026-01-23 21:24:57.000,_20260123_124628_CH04_TMO_5GNR_WFC_MT-REF-2_TC-157.dml,,,,,,,,,,,,,,,,,,,,,,,,,,,,,594,,,On,Connected,-58.000000,2462,52,,,,IWLAN
2627,1,,,-121.9331162,47.5260751,2026-01-23 21:24:58.000,_20260123_124628_CH04_TMO_5GNR_WFC_MT-REF-2_TC-157.dml,,,,,,,,,,,,,,,,,,,,,,,,,,,,,,,,On,Connected,-56.000000,2462,52,,,,IWLAN
2628,1,,,-121.9331162,47.5260751,2026-01-23 21:24:59.000,_20260123_124628_CH04_TMO_5GNR_WFC_MT-REF-2_TC-157.dml,,,,,,,,,,,,,,,,,,,,,,,,,,,,,594,,,On,Connected,-56.000000,2462,52,,,,IWLAN
2629,1,,,-121.9331162,47.5260751,2026-01-23 21:25:00.000,_20260123_124628_CH04_TMO_5GNR_WFC_MT-REF-2_TC-157.dml,,,,,,,,,,,,,,,,,,,,,,,,,,,,,,,,On,Connected,-56.000000,2462,52,,,,IWLAN
2630,1,,,-121.9331162,47.5260751,2026-01-23 21:25:01.033,_20260123_124628_CH04_TMO_5GNR_WFC_MT-REF-2_TC-157.dml,,,,,,,,,,,,,,,,,,,,,,,[Tool] Voice - Release Call Request,,,,,,,,,,,,,,,,,
2631,1,,,-121.9331162,47.5260751,2026-01-23 21:25:01.000,_20260123_124628_CH04_TMO_5GNR_WFC_MT-REF-2_TC-157.dml,,,,,,,,,,,,,,,,,,,,,,,,,,,,,,,,On,Connected,-58.000000,2462,52,,,,IWLAN
2632,1,,,-121.9331162,47.5260751,2026-01-23 21:25:02.000,_20260123_124628_CH04_TMO_5GNR_WFC_MT-REF-2_TC-157.dml,,,,,,,,,,,,,,,,,,,,,,,,,,,,,594,,,On,Connected,-58.000000,2462,52,,,,IWLAN
2633,1,,,-121.9331162,47.5260751,2026-01-23 21:25:03.000,_20260123_124628_CH04_TMO_5GNR_WFC_MT-REF-2_TC-157.dml,,,,,,,,,,,,,,,,,,,,,,,,,,,,,,,,On,Connected,-58.000000,2462,52,,,,IWLAN
2634,1,,,-121.9331162,47.5260751,2026-01-23 21:25:03.374,_20260123_124628_CH04_TMO_5GNR_WFC_MT-REF-2_TC-157.dml,,,,,,,,,,,,,,,,,,,,,,,[Tool] Voice - Call Scheduling End,,,,,,,,,,,,,,,,,
2635,1,,,-121.9331162,47.5260751,2026-01-23 21:25:03.374,_20260123_124628_CH04_TMO_5GNR_WFC_MT-REF-2_TC-157.dml,NR SA,Voice,CBQ,NR SA,NR SA,Qualcomm,,354877970012475,,,,,,,,,CBQ,Termination,CBQ,,,,,,,,,90.278999,,,,,,,,,,EPSFB,,
2636,1,,,-121.9331162,47.5260751,2026-01-23 21:25:03.374,_20260123_124628_CH04_TMO_5GNR_WFC_MT-REF-2_TC-157.dml,,,,,,,,,,,,,,,,,,,,,,,[Tool] Voice - Release Call Request,,,,,,,,,,,,,,,,,
2637,1,,,-121.9331162,47.5260751,2026-01-23 21:25:03.891,_20260123_124628_CH04_TMO_5GNR_WFC_MT-REF-2_TC-157.dml,,,,,,,,,,,,,,,,,,,,,,,[Tool] Voice - Call Scheduling Start(Term),,,,,,,,,,,,,,,,,
2638,1,,,-121.9331162,47.5260751,2026-01-23 21:25:03.891,_20260123_124628_CH04_TMO_5GNR_WFC_MT-REF-2_TC-157.dml,,,,,,,,,,,,,,,,,,,,,,,[Tool] Voice - Wait Page,,,,,,,,,,,,,,,,,
2639,1,,,-121.9331162,47.5260751,2026-01-23 21:25:04.000,_20260123_124628_CH04_TMO_5GNR_WFC_MT-REF-2_TC-157.dml,,,,,,,,,,,,,,,,,,,,,,,,,,,,,594,,,On,Connected,-59.000000,2462,52,,,,IWLAN
2640,1,,,-121.9331162,47.5260751,2026-01-23 21:25:05.000,_20260123_124628_CH04_TMO_5GNR_WFC_MT-REF-2_TC-157.dml,,,,,,,,,,,,,,,,,,,,,,,,,,,,,,,,On,Connected,-59.000000,2462,52,,,,IWLAN
2641,1,,,-121.9331162,47.5260751,2026-01-23 21:25:06.000,_20260123_124628_CH04_TMO_5GNR_WFC_MT-REF-2_TC-157.dml,,,,,,,,,,,,,,,,,,,,,,,,,,,,,,,,On,Connected,-59.000000,2462,52,,,,IWLAN
2642,1,,,-121.9331162,47.5260751,2026-01-23 21:25:07.000,_20260123_124628_CH04_TMO_5GNR_WFC_MT-REF-2_TC-157.dml,,,,,,,,,,,,,,,,,,,,,,,,,,,,,594,,,On,Connected,-57.000000,2462,52,,,,IWLAN
2643,1,,,-121.9331162,47.5260751,2026-01-23 21:25:07.798,_20260123_124628_CH04_TMO_5GNR_WFC_MT-REF-2_TC-157.dml,,,,,,,,,,,,,,,,,,,,,,,[Tool] Voice - Answer Request,,,,,,,,,,,,,,,,,
2644,1,,,-121.9331162,47.5260751,2026-01-23 21:25:08.000,_20260123_124628_CH04_TMO_5GNR_WFC_MT-REF-2_TC-157.dml,,,,,,,,,,,,,,,,,,,,,,,,,,,,,594,,,On,Connected,-57.000000,2462,52,,,,IWLAN
2645,1,,,-121.9331162,47.5260751,2026-01-23 21:25:09.044,_20260123_124628_CH04_TMO_5GNR_WFC_MT-REF-2_TC-157.dml,,,,,,,,,,,,,,,,,,,,,,,[Tool] Voice - Answer Request,,,,,,,,,,,,,,,,,
2646,1,,,-121.9331162,47.5260751,2026-01-23 21:25:09.000,_20260123_124628_CH04_TMO_5GNR_WFC_MT-REF-2_TC-157.dml,,,,,,,,,,,,,,,,,,,,,,,,,,,,,,,,On,Connected,-57.000000,2462,52,,,,IWLAN
2647,1,,,-121.9331162,47.5260751,2026-01-23 21:25:09.257,_20260123_124628_CH04_TMO_5GNR_WFC_MT-REF-2_TC-157.dml,,,,,,,,,,,,,,,,,,,,,,,[UE]   Voice - Setup Success,,,,,,,,,,,,,,,,,
2648,1,,,-121.9331162,47.5260751,2026-01-23 21:25:10.000,_20260123_124628_CH04_TMO_5GNR_WFC_MT-REF-2_TC-157.dml,,,,,,,,,,NR SA,,,,,,,,,,,,,,,,,,,,,,On,Connected,-49.000000,2462,58,,,,IWLAN
2649,1,,,-121.9331162,47.5260751,2026-01-23 21:25:11.000,_20260123_124628_CH04_TMO_5GNR_WFC_MT-REF-2_TC-157.dml,,,,,,,,,,NR SA,,,,,,,,,,,,,,,,,,,594,,,On,Connected,-49.000000,2462,58,,,,IWLAN
2650,1,,,-121.9331162,47.5260751,2026-01-23 21:25:12.000,_20260123_124628_CH04_TMO_5GNR_WFC_MT-REF-2_TC-157.dml,,,,,,,,,,NR SA,,,,,,,,,,,,,,,,,,,594,,,On,Connected,-49.000000,2462,58,,,,IWLAN
2651,1,,,-121.9331162,47.5260751,2026-01-23 21:25:13.000,_20260123_124628_CH04_TMO_5GNR_WFC_MT-REF-2_TC-157.dml,,,,,,,,,,NR SA,,,,,,,,,,,,,,,,,,,594,,,On,Connected,-50.000000,2462,58,,,,IWLAN
2652,1,,,-121.9331162,47.5260751,2026-01-23 21:25:14.000,_20260123_124628_CH04_TMO_5GNR_WFC_MT-REF-2_TC-157.dml,,,,,,,,,,NR SA,,,,,,,,,,,,,,,,,,,,,,On,Connected,-50.000000,2462,58,,,,IWLAN
2653,1,,,-121.9331162,47.5260751,2026-01-23 21:25:15.000,_20260123_124628_CH04_TMO_5GNR_WFC_MT-REF-2_TC-157.dml,,,,,,,,,,NR SA,,,,,,,,,,,,,,,,,,,,,,On,Connected,-50.000000,2462,58,,,,IWLAN
2654,1,,,-121.9331162,47.5260751,2026-01-23 21:25:16.000,_20260123_124628_CH04_TMO_5GNR_WFC_MT-REF-2_TC-157.dml,,,,,,,,,,NR SA,,,,,,,,,,,,,,,,,,,594,,,,Connected,,,,,,,IWLAN
2655,1,,,-121.9331162,47.5260751,2026-01-23 21:25:17.000,_20260123_124628_CH04_TMO_5GNR_WFC_MT-REF-2_TC-157.dml,,,,,,,,,,NR SA,,,,,,,,,,,,,,,,,,,,,,On,Connected,-51.000000,2462,65,,,,IWLAN
2656,1,,,-121.9331162,47.5260751,2026-01-23 21:25:18.000,_20260123_124628_CH04_TMO_5GNR_WFC_MT-REF-2_TC-157.dml,,,,,,,,,,NR SA,,,,,,,,,,,,,,,,,,,594,,,On,Connected,-51.000000,2462,65,,,,IWLAN
2657,1,,,-121.9331162,47.5260751,2026-01-23 21:25:19.000,_20260123_124628_CH04_TMO_5GNR_WFC_MT-REF-2_TC-157.dml,,,,,,,,,,NR SA,,,,,,,,,,,,,,,,,,,,,,On,Connected,-51.000000,2462,58,,,,IWLAN
2658,1,,,-121.9331162,47.5260751,2026-01-23 21:25:20.000,_20260123_124628_CH04_TMO_5GNR_WFC_MT-REF-2_TC-157.dml,,,,,,,,,,NR SA,,,,,,,,,,,,,,,,,,,,,1.851973,On,Connected,-51.000000,2462,58,,,,IWLAN
2659,1,,,-121.9331162,47.5260751,2026-01-23 21:25:21.000,_20260123_124628_CH04_TMO_5GNR_WFC_MT-REF-2_TC-157.dml,,,,,,,,,,NR SA,,,,,,,,,,,,,,,,,,,594,,1.851973,On,Connected,-51.000000,2462,58,,,,IWLAN
2660,1,,,-121.9331162,47.5260751,2026-01-23 21:25:22.000,_20260123_124628_CH04_TMO_5GNR_WFC_MT-REF-2_TC-157.dml,,,,,,,,,,NR SA,,,,,,,,,,,,,,,,,,,,,1.851973,On,Connected,-50.000000,2462,52,,,,IWLAN
2661,1,,,-121.9331162,47.5260751,2026-01-23 21:25:23.000,_20260123_124628_CH04_TMO_5GNR_WFC_MT-REF-2_TC-157.dml,,,,,,,,,,NR SA,,,,,,,,,,,,,,,,,,,,,1.851973,,Connected,,,,,,,IWLAN
2662,1,,,-121.9331162,47.5260751,2026-01-23 21:25:24.000,_20260123_124628_CH04_TMO_5GNR_WFC_MT-REF-2_TC-157.dml,,,,,,,,,,NR SA,,,,,,,,,,,,,,,,,,,594,,1.851973,On,Connected,-50.000000,2462,52,,,,IWLAN
2663,1,,,-121.9331162,47.5260751,2026-01-23 21:25:25.000,_20260123_124628_CH04_TMO_5GNR_WFC_MT-REF-2_TC-157.dml,,,,,,,,,,NR SA,,,,,,,,,,,,,,,,,,,,,1.851973,,Connected,,,,,,,IWLAN
2664,1,,,-121.9331162,47.5260751,2026-01-23 21:25:26.000,_20260123_124628_CH04_TMO_5GNR_WFC_MT-REF-2_TC-157.dml,,,,,,,,,,NR SA,,,,,,,,,,,,,,,,,,,594,,1.851973,On,Connected,-50.000000,2462,58,,,,IWLAN
2665,1,,,-121.9331162,47.5260751,2026-01-23 21:25:27.000,_20260123_124628_CH04_TMO_5GNR_WFC_MT-REF-2_TC-157.dml,,,,,,,,,,NR SA,,,,,,,,,,,,,,,,,,,594,,1.851973,On,Connected,-50.000000,2462,58,,,,IWLAN
2666,1,,,-121.9331162,47.5260751,2026-01-23 21:25:28.000,_20260123_124628_CH04_TMO_5GNR_WFC_MT-REF-2_TC-157.dml,,,,,,,,,,NR SA,,,,,,,,,,,,,,,,,,,,,1.851973,On,Connected,-50.000000,2462,52,,,,IWLAN
2667,1,,,-121.9331162,47.5260751,2026-01-23 21:25:29.000,_20260123_124628_CH04_TMO_5GNR_WFC_MT-REF-2_TC-157.dml,,,,,,,,,,NR SA,,,,,,,,,,,,,,,,,,,,,1.851973,On,Connected,-50.000000,2462,52,,,,IWLAN
2668,1,,,-121.9331162,47.5260751,2026-01-23 21:25:30.089,_20260123_124628_CH04_TMO_5GNR_WFC_MT-REF-2_TC-157.dml,,,,,,,,,,,,,,,,,,,,,,,,,,,,,,-73.994792,,,,,,,,,,
2669,1,,,-121.9331162,47.5260751,2026-01-23 21:25:30.000,_20260123_124628_CH04_TMO_5GNR_WFC_MT-REF-2_TC-157.dml,,,,,,,,,,NR SA,,,,,,,,,,,,,,,,,,,594,,,On,Connected,-50.000000,2462,52,,,,IWLAN
2670,1,,,-121.9331162,47.5260751,2026-01-23 21:25:31.000,_20260123_124628_CH04_TMO_5GNR_WFC_MT-REF-2_TC-157.dml,,,,,,,,,,NR SA,,,,,,,,,,,,,,,,,,,594,,,On,Connected,-51.000000,2462,58,,,,IWLAN
2671,1,,,-121.9331162,47.5260751,2026-01-23 21:25:32.000,_20260123_124628_CH04_TMO_5GNR_WFC_MT-REF-2_TC-157.dml,,,,,,,,,,NR SA,,,,,,,,,,,,,,,,,,,,,,,Connected,,,,,,,IWLAN
2672,1,,,-121.9331162,47.5260751,2026-01-23 21:25:33.000,_20260123_124628_CH04_TMO_5GNR_WFC_MT-REF-2_TC-157.dml,,,,,,,,,,NR SA,,,,,,,,,,,,,,,,,,,,,,On,Connected,-51.000000,2462,58,,,,IWLAN
2673,1,,,-121.9331162,47.5260751,2026-01-23 21:25:34.000,_20260123_124628_CH04_TMO_5GNR_WFC_MT-REF-2_TC-157.dml,,,,,,,,,,NR SA,,,,,,,,,,,,,,,,,,,594,,,On,Connected,-50.000000,2462,52,,,,IWLAN
2674,1,,,-121.9331162,47.5260751,2026-01-23 21:25:35.000,_20260123_124628_CH04_TMO_5GNR_WFC_MT-REF-2_TC-157.dml,,,,,,,,,,NR SA,,,,,,,,,,,,,,,,,,,,,,,Connected,,,,,,,IWLAN
2675,1,,,-121.9331162,47.5260751,2026-01-23 21:25:36.000,_20260123_124628_CH04_TMO_5GNR_WFC_MT-REF-2_TC-157.dml,,,,,,,,,,NR SA,,,,,,,,,,,,,,,,,,,594,,,On,Connected,-50.000000,2462,52,,,,IWLAN
2676,1,,,-121.9331162,47.5260751,2026-01-23 21:25:37.000,_20260123_124628_CH04_TMO_5GNR_WFC_MT-REF-2_TC-157.dml,,,,,,,,,,NR SA,,,,,,,,,,,,,,,,,,,,,,,Connected,,,,,,,IWLAN
2677,1,,,-121.9331162,47.5260751,2026-01-23 21:25:38.000,_20260123_124628_CH04_TMO_5GNR_WFC_MT-REF-2_TC-157.dml,,,,,,,,,,NR SA,,,,,,,,,,,,,,,,,,,,,,On,Connected,-49.000000,2462,58,,,,IWLAN
2678,1,,,-121.9331162,47.5260751,2026-01-23 21:25:39.000,_20260123_124628_CH04_TMO_5GNR_WFC_MT-REF-2_TC-157.dml,,,,,,,,,,NR SA,,,,,,,,,,,,,,,,,,,594,,,On,Connected,-49.000000,2462,58,,,,IWLAN
2679,1,,,-121.9331162,47.5260751,2026-01-23 21:25:40.000,_20260123_124628_CH04_TMO_5GNR_WFC_MT-REF-2_TC-157.dml,,,,,,,,,,NR SA,,,,,,,,,,,,,,,,,,,594,,2.361242,On,Connected,-49.000000,2462,58,,,,IWLAN
2680,1,,,-121.9331162,47.5260751,2026-01-23 21:25:41.000,_20260123_124628_CH04_TMO_5GNR_WFC_MT-REF-2_TC-157.dml,,,,,,,,,,NR SA,,,,,,,,,,,,,,,,,,,,,2.361242,On,Connected,-51.000000,2462,52,,,,IWLAN
2681,1,,,-121.9331162,47.5260751,2026-01-23 21:25:42.000,_20260123_124628_CH04_TMO_5GNR_WFC_MT-REF-2_TC-157.dml,,,,,,,,,,NR SA,,,,,,,,,,,,,,,,,,,594,,2.361242,On,Connected,-51.000000,2462,52,,,,IWLAN
2682,1,,,-121.9331162,47.5260751,2026-01-23 21:25:43.000,_20260123_124628_CH04_TMO_5GNR_WFC_MT-REF-2_TC-157.dml,,,,,,,,,,NR SA,,,,,,,,,,,,,,,,,,,594,,2.361242,On,Connected,-51.000000,2462,52,,,,IWLAN
2683,1,,,-121.9331162,47.5260751,2026-01-23 21:25:44.000,_20260123_124628_CH04_TMO_5GNR_WFC_MT-REF-2_TC-157.dml,,,,,,,,,,NR SA,,,,,,,,,,,,,,,,,,,594,,2.361242,On,Connected,-51.000000,2462,58,,,,IWLAN
2684,1,,,-121.9331162,47.5260751,2026-01-23 21:25:45.000,_20260123_124628_CH04_TMO_5GNR_WFC_MT-REF-2_TC-157.dml,,,,,,,,,,NR SA,,,,,,,,,,,,,,,,,,,,,2.361242,On,Connected,-51.000000,2462,58,,,,IWLAN
2685,1,,,-121.9331162,47.5260751,2026-01-23 21:25:46.000,_20260123_124628_CH04_TMO_5GNR_WFC_MT-REF-2_TC-157.dml,,,,,,,,,,NR SA,,,,,,,,,,,,,,,,,,,,,2.361242,On,Connected,-51.000000,2462,58,,,,IWLAN
2686,1,,,-121.9331162,47.5260751,2026-01-23 21:25:47.000,_20260123_124628_CH04_TMO_5GNR_WFC_MT-REF-2_TC-157.dml,,,,,,,,,,NR SA,,,,,,,,,,,,,,,,,,,594,,2.361242,On,Connected,-51.000000,2462,65,,,,IWLAN
2687,1,,,-121.9331162,47.5260751,2026-01-23 21:25:48.000,_20260123_124628_CH04_TMO_5GNR_WFC_MT-REF-2_TC-157.dml,,,,,,,,,,NR SA,,,,,,,,,,,,,,,,,,,,,2.361242,On,Connected,-51.000000,2462,65,,,,IWLAN
2688,1,,,-121.9331162,47.5260751,2026-01-23 21:25:49.000,_20260123_124628_CH04_TMO_5GNR_WFC_MT-REF-2_TC-157.dml,,,,,,,,,,NR SA,,,,,,,,,,,,,,,,,,,594,,2.361242,On,Connected,-51.000000,2462,65,,,,IWLAN
2689,1,,,-121.9331162,47.5260751,2026-01-23 21:25:49.837,_20260123_124628_CH04_TMO_5GNR_WFC_MT-REF-2_TC-157.dml,,,,,,,,,,,,,,,,,,,,,,,,,,,,,,-72.605469,,,,,,,,,,
2690,1,,,-121.9331162,47.5260751,2026-01-23 21:25:50.000,_20260123_124628_CH04_TMO_5GNR_WFC_MT-REF-2_TC-157.dml,,,,,,,,,,NR SA,,,,,,,,,,,,,,,,,,,,,,On,Connected,-50.000000,2462,52,,,,IWLAN
2691,1,,,-121.9331162,47.5260751,2026-01-23 21:25:51.000,_20260123_124628_CH04_TMO_5GNR_WFC_MT-REF-2_TC-157.dml,,,,,,,,,,NR SA,,,,,,,,,,,,,,,,,,,,,,On,Connected,-50.000000,2462,52,,,,IWLAN
2692,1,,,-121.9331162,47.5260751,2026-01-23 21:25:52.000,_20260123_124628_CH04_TMO_5GNR_WFC_MT-REF-2_TC-157.dml,,,,,,,,,,NR SA,,,,,,,,,,,,,,,,,,,594,,,On,Connected,-50.000000,2462,52,,,,IWLAN
2693,1,,,-121.9331162,47.5260751,2026-01-23 21:25:53.000,_20260123_124628_CH04_TMO_5GNR_WFC_MT-REF-2_TC-157.dml,,,,,,,,,,NR SA,,,,,,,,,,,,,,,,,,,,,,On,Connected,-49.000000,2462,52,,,,IWLAN
2694,1,,,-121.9331162,47.5260751,2026-01-23 21:25:54.000,_20260123_124628_CH04_TMO_5GNR_WFC_MT-REF-2_TC-157.dml,,,,,,,,,,NR SA,,,,,,,,,,,,,,,,,,,594,,,On,Connected,-49.000000,2462,52,,,,IWLAN
2695,1,,,-121.9331162,47.5260751,2026-01-23 21:25:55.000,_20260123_124628_CH04_TMO_5GNR_WFC_MT-REF-2_TC-157.dml,,,,,,,,,,NR SA,,,,,,,,,,,,,,,,,,,,,,On,Connected,-49.000000,2462,52,,,,IWLAN
2696,1,,,-121.9331162,47.5260751,2026-01-23 21:25:56.000,_20260123_124628_CH04_TMO_5GNR_WFC_MT-REF-2_TC-157.dml,,,,,,,,,,NR SA,,,,,,,,,,,,,,,,,,,,,,On,Connected,-49.000000,2462,52,,,,IWLAN
2697,1,,,-121.9331162,47.5260751,2026-01-23 21:25:57.000,_20260123_124628_CH04_TMO_5GNR_WFC_MT-REF-2_TC-157.dml,,,,,,,,,,NR SA,,,,,,,,,,,,,,,,,,,594,,,,Connected,,,,,,,IWLAN
2698,1,,,-121.9331162,47.5260751,2026-01-23 21:25:58.000,_20260123_124628_CH04_TMO_5GNR_WFC_MT-REF-2_TC-157.dml,,,,,,,,,,NR SA,,,,,,,,,,,,,,,,,,,594,,,On,Connected,-49.000000,2462,52,,,,IWLAN
2699,1,,,-121.9331162,47.5260751,2026-01-23 21:25:59.000,_20260123_124628_CH04_TMO_5GNR_WFC_MT-REF-2_TC-157.dml,,,,,,,,,,NR SA,,,,,,,,,,,,,,,,,,,,,,On,Connected,-50.000000,2462,58,,,,IWLAN
2700,1,,,-121.9331162,47.5260751,2026-01-23 21:26:00.000,_20260123_124628_CH04_TMO_5GNR_WFC_MT-REF-2_TC-157.dml,,,,,,,,,,NR SA,,,,,,,,,,,,,,,,,,,,,1.930147,On,Connected,-50.000000,2462,58,,,,IWLAN
2701,1,,,-121.9331162,47.5260751,2026-01-23 21:26:01.000,_20260123_124628_CH04_TMO_5GNR_WFC_MT-REF-2_TC-157.dml,,,,,,,,,,NR SA,,,,,,,,,,,,,,,,,,,594,,1.930147,On,Connected,-50.000000,2462,58,,,,IWLAN
2702,1,,,-121.9331162,47.5260751,2026-01-23 21:26:02.000,_20260123_124628_CH04_TMO_5GNR_WFC_MT-REF-2_TC-157.dml,,,,,,,,,,NR SA,,,,,,,,,,,,,,,,,,,,,1.930147,On,Connected,-50.000000,2462,52,,,,IWLAN
2703,1,,,-121.9331162,47.5260751,2026-01-23 21:26:03.000,_20260123_124628_CH04_TMO_5GNR_WFC_MT-REF-2_TC-157.dml,,,,,,,,,,NR SA,,,,,,,,,,,,,,,,,,,594,,1.930147,On,Connected,-50.000000,2462,52,,,,IWLAN
2704,1,,,-121.9331162,47.5260751,2026-01-23 21:26:04.000,_20260123_124628_CH04_TMO_5GNR_WFC_MT-REF-2_TC-157.dml,,,,,,,,,,NR SA,,,,,,,,,,,,,,,,,,,,,1.930147,On,Connected,-50.000000,2462,52,,,,IWLAN
2705,1,,,-121.9331162,47.5260751,2026-01-23 21:26:05.000,_20260123_124628_CH04_TMO_5GNR_WFC_MT-REF-2_TC-157.dml,,,,,,,,,,NR SA,,,,,,,,,,,,,,,,,,,,,1.930147,On,Connected,-50.000000,2462,52,,,,IWLAN
2706,1,,,-121.9331162,47.5260751,2026-01-23 21:26:06.000,_20260123_124628_CH04_TMO_5GNR_WFC_MT-REF-2_TC-157.dml,,,,,,,,,,NR SA,,,,,,,,,,,,,,,,,,,594,,1.930147,On,Connected,-50.000000,2462,52,,,,IWLAN
2707,1,,,-121.9331162,47.5260751,2026-01-23 21:26:07.000,_20260123_124628_CH04_TMO_5GNR_WFC_MT-REF-2_TC-157.dml,,,,,,,,,,NR SA,,,,,,,,,,,,,,,,,,,,,1.930147,,Connected,,,,,,,IWLAN
2708,1,,,-121.9331162,47.5260751,2026-01-23 21:26:08.000,_20260123_124628_CH04_TMO_5GNR_WFC_MT-REF-2_TC-157.dml,,,,,,,,,,NR SA,,,,,,,,,,,,,,,,,,,594,,1.930147,On,Connected,-51.000000,2462,52,,,,IWLAN
2709,1,,,-121.9331162,47.5260751,2026-01-23 21:26:09.000,_20260123_124628_CH04_TMO_5GNR_WFC_MT-REF-2_TC-157.dml,,,,,,,,,,NR SA,,,,,,,,,,,,,,,,,,,,,1.930147,,Connected,,,,,,,IWLAN
2710,1,,,-121.9331162,47.5260751,2026-01-23 21:26:09.862,_20260123_124628_CH04_TMO_5GNR_WFC_MT-REF-2_TC-157.dml,,,,,,,,,,,,,,,,,,,,,,,,,,,,,,-70.644531,,,,,,,,,,
2711,1,,,-121.9331162,47.5260751,2026-01-23 21:26:10.000,_20260123_124628_CH04_TMO_5GNR_WFC_MT-REF-2_TC-157.dml,,,,,,,,,,NR SA,,,,,,,,,,,,,,,,,,,,,,On,Connected,-50.500000,2462,58,,,,IWLAN
2712,1,,,-121.9331162,47.5260751,2026-01-23 21:26:11.000,_20260123_124628_CH04_TMO_5GNR_WFC_MT-REF-2_TC-157.dml,,,,,,,,,,NR SA,,,,,,,,,,,,,,,,,,,594,,,,Connected,,,,,,,IWLAN
2713,1,,,-121.9331162,47.5260751,2026-01-23 21:26:12.000,_20260123_124628_CH04_TMO_5GNR_WFC_MT-REF-2_TC-157.dml,,,,,,,,,,NR SA,,,,,,,,,,,,,,,,,,,,,,On,Connected,-50.000000,2462,58,,,,IWLAN
2714,1,,,-121.9331162,47.5260751,2026-01-23 21:26:13.000,_20260123_124628_CH04_TMO_5GNR_WFC_MT-REF-2_TC-157.dml,,,,,,,,,,NR SA,,,,,,,,,,,,,,,,,,,,,,,Connected,,,,,,,IWLAN
2715,1,,,-121.9331162,47.5260751,2026-01-23 21:26:14.000,_20260123_124628_CH04_TMO_5GNR_WFC_MT-REF-2_TC-157.dml,,,,,,,,,,NR SA,,,,,,,,,,,,,,,,,,,594,,,On,Connected,-51.000000,2462,52,,,,IWLAN
2716,1,,,-121.9331162,47.5260751,2026-01-23 21:26:15.000,_20260123_124628_CH04_TMO_5GNR_WFC_MT-REF-2_TC-157.dml,,,,,,,,,,NR SA,,,,,,,,,,,,,,,,,,,,,,On,Connected,-51.000000,2462,52,,,,IWLAN
2717,1,,,-121.9331162,47.5260751,2026-01-23 21:26:16.000,_20260123_124628_CH04_TMO_5GNR_WFC_MT-REF-2_TC-157.dml,,,,,,,,,,NR SA,,,,,,,,,,,,,,,,,,,594,,,,Connected,,,,,,,IWLAN
2718,1,,,-121.9331162,47.5260751,2026-01-23 21:26:17.000,_20260123_124628_CH04_TMO_5GNR_WFC_MT-REF-2_TC-157.dml,,,,,,,,,,NR SA,,,,,,,,,,,,,,,,,,,594,,,On,Connected,-51.000000,2462,58,,,,IWLAN
2719,1,,,-121.9331162,47.5260751,2026-01-23 21:26:18.000,_20260123_124628_CH04_TMO_5GNR_WFC_MT-REF-2_TC-157.dml,,,,,,,,,,NR SA,,,,,,,,,,,,,,,,,,,,,,On,Connected,-51.000000,2462,58,,,,IWLAN
2720,1,,,-121.9331162,47.5260751,2026-01-23 21:26:19.000,_20260123_124628_CH04_TMO_5GNR_WFC_MT-REF-2_TC-157.dml,,,,,,,,,,NR SA,,,,,,,,,,,,,,,,,,,,,2.076308,On,Connected,-51.000000,2462,58,,,,IWLAN
2721,1,,,-121.9331162,47.5260751,2026-01-23 21:26:20.000,_20260123_124628_CH04_TMO_5GNR_WFC_MT-REF-2_TC-157.dml,,,,,,,,,,NR SA,,,,,,,,,,,,,,,,,,,594,,2.076308,On,Connected,-51.000000,2462,52,,,,IWLAN
2722,1,,,-121.9331162,47.5260751,2026-01-23 21:26:21.000,_20260123_124628_CH04_TMO_5GNR_WFC_MT-REF-2_TC-157.dml,,,,,,,,,,NR SA,,,,,,,,,,,,,,,,,,,,,2.076308,On,Connected,-51.000000,2462,52,,,,IWLAN
2723,1,,,-121.9331162,47.5260751,2026-01-23 21:26:22.000,_20260123_124628_CH04_TMO_5GNR_WFC_MT-REF-2_TC-157.dml,,,,,,,,,,NR SA,,,,,,,,,,,,,,,,,,,594,,2.076308,,Connected,,,,,,,IWLAN
2724,1,,,-121.9331162,47.5260751,2026-01-23 21:26:23.000,_20260123_124628_CH04_TMO_5GNR_WFC_MT-REF-2_TC-157.dml,,,,,,,,,,NR SA,,,,,,,,,,,,,,,,,,,,,2.076308,On,Connected,-50.000000,2462,52,,,,IWLAN
2725,1,,,-121.9331162,47.5260751,2026-01-23 21:26:24.000,_20260123_124628_CH04_TMO_5GNR_WFC_MT-REF-2_TC-157.dml,,,,,,,,,,NR SA,,,,,,,,,,,,,,,,,,,,,2.076308,On,Connected,-50.000000,2462,52,,,,IWLAN
2726,1,,,-121.9331162,47.5260751,2026-01-23 21:26:25.000,_20260123_124628_CH04_TMO_5GNR_WFC_MT-REF-2_TC-157.dml,,,,,,,,,,NR SA,,,,,,,,,,,,,,,,,,,594,,2.076308,On,Connected,-51.000000,2462,58,,,,IWLAN
2727,1,,,-121.9331162,47.5260751,2026-01-23 21:26:26.000,_20260123_124628_CH04_TMO_5GNR_WFC_MT-REF-2_TC-157.dml,,,,,,,,,,NR SA,,,,,,,,,,,,,,,,,,,,,2.076308,,Connected,,,,,,,IWLAN
2728,1,,,-121.9331162,47.5260751,2026-01-23 21:26:27.000,_20260123_124628_CH04_TMO_5GNR_WFC_MT-REF-2_TC-157.dml,,,,,,,,,,NR SA,,,,,,,,,,,,,,,,,,,,,2.076308,On,Connected,-51.000000,2462,58,,,,IWLAN
2729,1,,,-121.9331162,47.5260751,2026-01-23 21:26:28.000,_20260123_124628_CH04_TMO_5GNR_WFC_MT-REF-2_TC-157.dml,,,,,,,,,,NR SA,,,,,,,,,,,,,,,,,,,594,,2.076308,On,Connected,-51.000000,2462,58,,,,IWLAN
2730,1,,,-121.9331162,47.5260751,2026-01-23 21:26:29.000,_20260123_124628_CH04_TMO_5GNR_WFC_MT-REF-2_TC-157.dml,,,,,,,,,,NR SA,,,,,,,,,,,,,,,,,,,594,,2.076308,On,Connected,-52.000000,2462,52,,,,IWLAN
2731,1,,,-121.9331162,47.5260751,2026-01-23 21:26:29.907,_20260123_124628_CH04_TMO_5GNR_WFC_MT-REF-2_TC-157.dml,,,,,,,,,,,,,,,,,,,,,,,,,,,,,,-73.610937,,,,,,,,,,
2732,1,,,-121.9331162,47.5260751,2026-01-23 21:26:30.000,_20260123_124628_CH04_TMO_5GNR_WFC_MT-REF-2_TC-157.dml,,,,,,,,,,NR SA,,,,,,,,,,,,,,,,,,,,,,On,Connected,-52.000000,2462,52,,,,IWLAN
2733,1,,,-121.9331162,47.5260751,2026-01-23 21:26:31.000,_20260123_124628_CH04_TMO_5GNR_WFC_MT-REF-2_TC-157.dml,,,,,,,,,,NR SA,,,,,,,,,,,,,,,,,,,594,,,On,Connected,-52.000000,2462,52,,,,IWLAN
2734,1,,,-121.9331162,47.5260751,2026-01-23 21:26:32.000,_20260123_124628_CH04_TMO_5GNR_WFC_MT-REF-2_TC-157.dml,,,,,,,,,,NR SA,,,,,,,,,,,,,,,,,,,,,,On,Connected,-50.000000,2462,52,,,,IWLAN
2735,1,,,-121.9331162,47.5260751,2026-01-23 21:26:33.000,_20260123_124628_CH04_TMO_5GNR_WFC_MT-REF-2_TC-157.dml,,,,,,,,,,NR SA,,,,,,,,,,,,,,,,,,,,,,On,Connected,-50.000000,2462,52,,,,IWLAN
2736,1,,,-121.9331162,47.5260751,2026-01-23 21:26:34.000,_20260123_124628_CH04_TMO_5GNR_WFC_MT-REF-2_TC-157.dml,,,,,,,,,,NR SA,,,,,,,,,,,,,,,,,,,594,,,On,Connected,-50.000000,2462,52,,,,IWLAN
2737,1,,,-121.9331162,47.5260751,2026-01-23 21:26:35.000,_20260123_124628_CH04_TMO_5GNR_WFC_MT-REF-2_TC-157.dml,,,,,,,,,,NR SA,,,,,,,,,,,,,,,,,,,,,,On,Connected,-49.000000,2462,58,,,,IWLAN
2738,1,,,-121.9331162,47.5260751,2026-01-23 21:26:36.000,_20260123_124628_CH04_TMO_5GNR_WFC_MT-REF-2_TC-157.dml,,,,,,,,,,NR SA,,,,,,,,,,,,,,,,,,,,,,On,Connected,-49.000000,2462,58,,,,IWLAN
2739,1,,,-121.9331162,47.5260751,2026-01-23 21:26:37.000,_20260123_124628_CH04_TMO_5GNR_WFC_MT-REF-2_TC-157.dml,,,,,,,,,,NR SA,,,,,,,,,,,,,,,,,,,594,,,On,Connected,-49.000000,2462,58,,,,IWLAN
2740,1,,,-121.9331162,47.5260751,2026-01-23 21:26:38.000,_20260123_124628_CH04_TMO_5GNR_WFC_MT-REF-2_TC-157.dml,,,,,,,,,,NR SA,,,,,,,,,,,,,,,,,,,,,,On,Connected,-52.000000,2462,58,,,,IWLAN
2741,1,,,-121.9331162,47.5260751,2026-01-23 21:26:39.000,_20260123_124628_CH04_TMO_5GNR_WFC_MT-REF-2_TC-157.dml,,,,,,,,,,NR SA,,,,,,,,,,,,,,,,,,,594,,,On,Connected,-52.000000,2462,58,,,,IWLAN
2742,1,,,-121.9331162,47.5260751,2026-01-23 21:26:39.680,_20260123_124628_CH04_TMO_5GNR_WFC_MT-REF-2_TC-157.dml,,,,,,,,,,,,,,,,,,,,,,,[Tool] Voice - Pair Channel Call Drop,,,,,,,,,,,,,,,,,
2743,1,,,-121.9331162,47.5260751,2026-01-23 21:26:39.680,_20260123_124628_CH04_TMO_5GNR_WFC_MT-REF-2_TC-157.dml,,,,,,,,,,,,,,,,,,,,,,,[Tool] Voice - Release Call Request,,,,,,,,,,,,,,,,,
2744,1,,,-121.9331162,47.5260751,2026-01-23 21:26:39.980,_20260123_124628_CH04_TMO_5GNR_WFC_MT-REF-2_TC-157.dml,,,,,,,,,,,,,,,,,,,,,,BQ,[Tool] Voice - Call Result : BQ,,,,,,,,,,,,,,,,,
2745,1,,,-121.9331162,47.5260751,2026-01-23 21:26:39.980,_20260123_124628_CH04_TMO_5GNR_WFC_MT-REF-2_TC-157.dml,,,,,,,,,,,,,,,,,,,,,,,[UE]   Voice - Release Call Success,,,,,,,,,,,,,,,,,
2746,1,,,-121.9331162,47.5260751,2026-01-23 21:26:40.000,_20260123_124628_CH04_TMO_5GNR_WFC_MT-REF-2_TC-157.dml,,,,,,,,,,,,,,,,,,,,,,,,,,,,,594,,,On,Connected,-52.000000,2462,58,,,,IWLAN
2747,1,,,-121.9331162,47.5260751,2026-01-23 21:26:40.922,_20260123_124628_CH04_TMO_5GNR_WFC_MT-REF-2_TC-157.dml,,,,,,,,,,,,,,,,,,,,,,,[UE]   Voice - Release Call Success,,,,,,,,,,,,,,,,,
2748,1,,,-121.9331162,47.5260751,2026-01-23 21:26:41.000,_20260123_124628_CH04_TMO_5GNR_WFC_MT-REF-2_TC-157.dml,,,,,,,,,,,,,,,,,,,,,,,,,,,,,,,,On,Connected,-53.000000,2462,52,,,,IWLAN
2749,1,,,-121.9331162,47.5260751,2026-01-23 21:26:42.000,_20260123_124628_CH04_TMO_5GNR_WFC_MT-REF-2_TC-157.dml,,,,,,,,,,,,,,,,,,,,,,,,,,,,,594,,,On,Connected,-53.000000,2462,52,,,,IWLAN
2750,1,,,-121.9331162,47.5260751,2026-01-23 21:26:43.000,_20260123_124628_CH04_TMO_5GNR_WFC_MT-REF-2_TC-157.dml,,,,,,,,,,,,,,,,,,,,,,,,,,,,,,,,On,Connected,-53.000000,2462,52,,,,IWLAN
2751,1,,,-121.9331162,47.5260751,2026-01-23 21:26:44.000,_20260123_124628_CH04_TMO_5GNR_WFC_MT-REF-2_TC-157.dml,,,,,,,,,,,,,,,,,,,,,,,,,,,,,594,,,On,Connected,-53.000000,2462,52,,,,IWLAN
2752,1,,,-121.9331162,47.5260751,2026-01-23 21:26:45.000,_20260123_124628_CH04_TMO_5GNR_WFC_MT-REF-2_TC-157.dml,,,,,,,,,,,,,,,,,,,,,,,,,,,,,,,,On,Connected,-53.000000,2462,52,,,,IWLAN
2753,1,,,-121.9331162,47.5260751,2026-01-23 21:26:46.000,_20260123_124628_CH04_TMO_5GNR_WFC_MT-REF-2_TC-157.dml,,,,,,,,,,,,,,,,,,,,,,,,,,,,,594,,,On,Connected,-53.000000,2462,52,,,,IWLAN
2754,1,,,-121.9331162,47.5260751,2026-01-23 21:26:47.000,_20260123_124628_CH04_TMO_5GNR_WFC_MT-REF-2_TC-157.dml,,,,,,,,,,,,,,,,,,,,,,,,,,,,,,,,On,Connected,-56.000000,2462,52,,,,IWLAN
2755,1,,,-121.9331162,47.5260751,2026-01-23 21:26:48.000,_20260123_124628_CH04_TMO_5GNR_WFC_MT-REF-2_TC-157.dml,,,,,,,,,,,,,,,,,,,,,,,,,,,,,594,,,On,Connected,-56.000000,2462,52,,,,IWLAN
2756,1,,,-121.9331162,47.5260751,2026-01-23 21:26:49.000,_20260123_124628_CH04_TMO_5GNR_WFC_MT-REF-2_TC-157.dml,,,,,,,,,,,,,,,,,,,,,,,,,,,,,,,,On,Connected,-56.000000,2462,52,,,,IWLAN
2757,1,,,-121.9331162,47.5260751,2026-01-23 21:26:50.000,_20260123_124628_CH04_TMO_5GNR_WFC_MT-REF-2_TC-157.dml,,,,,,,,,,,,,,,,,,,,,,,,,,,,,,,,,Connected,,,,,,,IWLAN
2758,1,,,-121.9331162,47.5260751,2026-01-23 21:26:51.000,_20260123_124628_CH04_TMO_5GNR_WFC_MT-REF-2_TC-157.dml,,,,,,,,,,,,,,,,,,,,,,,,,,,,,594,,,On,Connected,-56.000000,2462,52,,,,IWLAN
2759,1,,,-121.9331162,47.5260751,2026-01-23 21:26:52.000,_20260123_124628_CH04_TMO_5GNR_WFC_MT-REF-2_TC-157.dml,,,,,,,,,,,,,,,,,,,,,,,,,,,,,,,,On,Connected,-56.000000,2462,52,,,,IWLAN
2760,1,,,-121.9331162,47.5260751,2026-01-23 21:26:53.000,_20260123_124628_CH04_TMO_5GNR_WFC_MT-REF-2_TC-157.dml,,,,,,,,,,,,,,,,,,,,,,,,,,,,,594,,,On,Connected,-55.000000,2462,52,,,,IWLAN
2761,1,,,-121.9331162,47.5260751,2026-01-23 21:26:54.000,_20260123_124628_CH04_TMO_5GNR_WFC_MT-REF-2_TC-157.dml,,,,,,,,,,,,,,,,,,,,,,,,,,,,,,,,On,Connected,-55.000000,2462,52,,,,IWLAN
2762,1,,,-121.9331162,47.5260751,2026-01-23 21:26:55.000,_20260123_124628_CH04_TMO_5GNR_WFC_MT-REF-2_TC-157.dml,,,,,,,,,,,,,,,,,,,,,,,,,,,,,,,,,Connected,,,,,,,IWLAN
2763,1,,,-121.9331162,47.5260751,2026-01-23 21:26:56.000,_20260123_124628_CH04_TMO_5GNR_WFC_MT-REF-2_TC-157.dml,,,,,,,,,,,,,,,,,,,,,,,,,,,,,594,,,On,Connected,-55.000000,2462,52,,,,IWLAN
2764,1,,,-121.9331162,47.5260751,2026-01-23 21:26:57.000,_20260123_124628_CH04_TMO_5GNR_WFC_MT-REF-2_TC-157.dml,,,,,,,,,,,,,,,,,,,,,,,,,,,,,,,,On,Connected,-55.000000,2462,52,,,,IWLAN
2765,1,,,-121.9331162,47.5260751,2026-01-23 21:26:58.000,_20260123_124628_CH04_TMO_5GNR_WFC_MT-REF-2_TC-157.dml,,,,,,,,,,,,,,,,,,,,,,,,,,,,,594,,,On,Connected,-55.000000,2462,52,,,,IWLAN
2766,1,,,-121.9331162,47.5260751,2026-01-23 21:26:59.000,_20260123_124628_CH04_TMO_5GNR_WFC_MT-REF-2_TC-157.dml,,,,,,,,,,,,,,,,,,,,,,,,,,,,,,,,On,Connected,-55.000000,2462,52,,,,IWLAN
2767,1,,,-121.9331162,47.5260751,2026-01-23 21:27:00.000,_20260123_124628_CH04_TMO_5GNR_WFC_MT-REF-2_TC-157.dml,,,,,,,,,,,,,,,,,,,,,,,,,,,,,594,,,On,Connected,-55.000000,2462,52,,,,IWLAN
2768,1,,,-121.9331162,47.5260751,2026-01-23 21:27:01.000,_20260123_124628_CH04_TMO_5GNR_WFC_MT-REF-2_TC-157.dml,,,,,,,,,,,,,,,,,,,,,,,,,,,,,,,,On,Connected,-55.000000,2462,52,,,,IWLAN
2769,1,,,-121.9331162,47.5260751,2026-01-23 21:27:02.000,_20260123_124628_CH04_TMO_5GNR_WFC_MT-REF-2_TC-157.dml,,,,,,,,,,,,,,,,,,,,,,,,,,,,,594,,,On,Connected,-55.000000,2462,52,,,,IWLAN
2770,1,,,-121.9331162,47.5260751,2026-01-23 21:27:03.000,_20260123_124628_CH04_TMO_5GNR_WFC_MT-REF-2_TC-157.dml,,,,,,,,,,,,,,,,,,,,,,,,,,,,,594,,,On,Connected,-55.000000,2462,52,,,,IWLAN
2771,1,,,-121.9331162,47.5260751,2026-01-23 21:27:04.000,_20260123_124628_CH04_TMO_5GNR_WFC_MT-REF-2_TC-157.dml,,,,,,,,,,,,,,,,,,,,,,,,,,,,,,,,On,Connected,-55.000000,2462,52,,,,IWLAN
2772,1,,,-121.9331162,47.5260751,2026-01-23 21:27:05.000,_20260123_124628_CH04_TMO_5GNR_WFC_MT-REF-2_TC-157.dml,,,,,,,,,,,,,,,,,,,,,,,,,,,,,,,,On,Connected,-56.000000,2462,52,,,,IWLAN
2773,1,,,-121.9331162,47.5260751,2026-01-23 21:27:06.000,_20260123_124628_CH04_TMO_5GNR_WFC_MT-REF-2_TC-157.dml,,,,,,,,,,,,,,,,,,,,,,,,,,,,,594,,,On,Connected,-56.000000,2462,52,,,,IWLAN
2774,1,,,-121.9331162,47.5260751,2026-01-23 21:27:07.000,_20260123_124628_CH04_TMO_5GNR_WFC_MT-REF-2_TC-157.dml,,,,,,,,,,,,,,,,,,,,,,,,,,,,,,,,On,Connected,-56.000000,2462,52,,,,IWLAN
2775,1,,,-121.9331162,47.5260751,2026-01-23 21:27:07.564,_20260123_124628_CH04_TMO_5GNR_WFC_MT-REF-2_TC-157.dml,,,,,,,,,,,,,,,,,,,,,,,[Tool] Voice - Release Call Request,,,,,,,,,,,,,,,,,
2776,1,,,-121.9331162,47.5260751,2026-01-23 21:27:08.000,_20260123_124628_CH04_TMO_5GNR_WFC_MT-REF-2_TC-157.dml,,,,,,,,,,,,,,,,,,,,,,,,,,,,,,,,On,Connected,-54.000000,2462,52,,,,IWLAN
2777,1,,,-121.9331162,47.5260751,2026-01-23 21:27:09.000,_20260123_124628_CH04_TMO_5GNR_WFC_MT-REF-2_TC-157.dml,,,,,,,,,,,,,,,,,,,,,,,,,,,,,594,,,On,Connected,-54.000000,2462,52,,,,IWLAN
2778,1,,,-121.9331162,47.5260751,2026-01-23 21:27:10.105,_20260123_124628_CH04_TMO_5GNR_WFC_MT-REF-2_TC-157.dml,,,,,,,,,,,,,,,,,,,,,,,[Tool] Voice - Call Scheduling End,,,,,,,,,,,,,,,,,
2779,1,,,-121.9331162,47.5260751,2026-01-23 21:27:10.105,_20260123_124628_CH04_TMO_5GNR_WFC_MT-REF-2_TC-157.dml,NR SA,Voice,BQ,NR SA,NR SA,Qualcomm,,354877970012475,,,,,,,,,BQ,Termination,BQ,,,,,,,,,90.422000,,,,,,,,,,EPSFB,,
2780,1,,,-121.9331162,47.5260751,2026-01-23 21:27:10.105,_20260123_124628_CH04_TMO_5GNR_WFC_MT-REF-2_TC-157.dml,,,,,,,,,,,,,,,,,,,,,,,[Tool] Voice - Release Call Request,,,,,,,,,,,,,,,,,
2781,1,,,-121.9331162,47.5260751,2026-01-23 21:27:10.609,_20260123_124628_CH04_TMO_5GNR_WFC_MT-REF-2_TC-157.dml,,,,,,,,,,,,,,,,,,,,,,,[Tool] Voice - Call Scheduling Start(Term),,,,,,,,,,,,,,,,,
2782,1,,,-121.9331162,47.5260751,2026-01-23 21:27:10.609,_20260123_124628_CH04_TMO_5GNR_WFC_MT-REF-2_TC-157.dml,,,,,,,,,,,,,,,,,,,,,,,[Tool] Voice - Wait Page,,,,,,,,,,,,,,,,,
2783,1,,,-121.9331162,47.5260751,2026-01-23 21:27:10.000,_20260123_124628_CH04_TMO_5GNR_WFC_MT-REF-2_TC-157.dml,,,,,,,,,,,,,,,,,,,,,,,,,,,,,,,,On,Connected,-54.000000,2462,52,,,,IWLAN
2784,1,,,-121.9331162,47.5260751,2026-01-23 21:27:11.000,_20260123_124628_CH04_TMO_5GNR_WFC_MT-REF-2_TC-157.dml,,,,,,,,,,,,,,,,,,,,,,,,,,,,,594,,,On,Connected,-51.000000,2462,52,,,,IWLAN
2785,1,,,-121.9331162,47.5260751,2026-01-23 21:27:12.000,_20260123_124628_CH04_TMO_5GNR_WFC_MT-REF-2_TC-157.dml,,,,,,,,,,,,,,,,,,,,,,,,,,,,,,,,On,Connected,-51.000000,2462,52,,,,IWLAN
2786,1,,,-121.9331162,47.5260751,2026-01-23 21:27:13.000,_20260123_124628_CH04_TMO_5GNR_WFC_MT-REF-2_TC-157.dml,,,,,,,,,,,,,,,,,,,,,,,,,,,,,,,,On,Connected,-51.000000,2462,52,,,,IWLAN
2787,1,,,-121.9331162,47.5260751,2026-01-23 21:27:14.000,_20260123_124628_CH04_TMO_5GNR_WFC_MT-REF-2_TC-157.dml,,,,,,,,,,,,,,,,,,,,,,,,,,,,,594,,,On,Connected,-51.000000,2462,52,,,,IWLAN
2788,1,,,-121.9331162,47.5260751,2026-01-23 21:27:15.000,_20260123_124628_CH04_TMO_5GNR_WFC_MT-REF-2_TC-157.dml,,,,,,,,,,,,,,,,,,,,,,,,,,,,,594,,,On,Connected,-51.000000,2462,52,,,,IWLAN
2789,1,,,-121.9331162,47.5260751,2026-01-23 21:27:16.000,_20260123_124628_CH04_TMO_5GNR_WFC_MT-REF-2_TC-157.dml,,,,,,,,,,,,,,,,,,,,,,,,,,,,,,,,On,Connected,-51.000000,2462,52,,,,IWLAN
2790,1,,,-121.9331162,47.5260751,2026-01-23 21:27:16.234,_20260123_124628_CH04_TMO_5GNR_WFC_MT-REF-2_TC-157.dml,,,,,,,,,,,,,,,,,,,,,,,[Tool] Voice - Answer Request,,,,,,,,,,,,,,,,,
2791,1,,,-121.9331162,47.5260751,2026-01-23 21:27:17.000,_20260123_124628_CH04_TMO_5GNR_WFC_MT-REF-2_TC-157.dml,,,,,,,,,,,,,,,,,,,,,,,,,,,,,,,,On,Connected,-52.000000,2462,52,,,,IWLAN
2792,1,,,-121.9331162,47.5260751,2026-01-23 21:27:17.498,_20260123_124628_CH04_TMO_5GNR_WFC_MT-REF-2_TC-157.dml,,,,,,,,,,,,,,,,,,,,,,,[Tool] Voice - Answer Request,,,,,,,,,,,,,,,,,
2793,1,,,-121.9331162,47.5260751,2026-01-23 21:27:18.000,_20260123_124628_CH04_TMO_5GNR_WFC_MT-REF-2_TC-157.dml,,,,,,,,,,,,,,,,,,,,,,,,,,,,,594,,,On,Connected,-52.000000,2462,52,,,,IWLAN
2794,1,,,-121.9331162,47.5260751,2026-01-23 21:27:18.281,_20260123_124628_CH04_TMO_5GNR_WFC_MT-REF-2_TC-157.dml,,,,,,,,,,,,,,,,,,,,,,,[UE]   Voice - Setup Success,,,,,,,,,,,,,,,,,
2795,1,,,-121.9331162,47.5260751,2026-01-23 21:27:19.000,_20260123_124628_CH04_TMO_5GNR_WFC_MT-REF-2_TC-157.dml,,,,,,,,,,NR SA,,,,,,,,,,,,,,,,,,,,,,On,Connected,-52.000000,2462,52,,,,IWLAN
2796,1,,,-121.9331162,47.5260751,2026-01-23 21:27:20.000,_20260123_124628_CH04_TMO_5GNR_WFC_MT-REF-2_TC-157.dml,,,,,,,,,,NR SA,,,,,,,,,,,,,,,,,,,,,,On,Connected,-54.000000,2462,58,,,,IWLAN
2797,1,,,-121.9331162,47.5260751,2026-01-23 21:27:21.000,_20260123_124628_CH04_TMO_5GNR_WFC_MT-REF-2_TC-157.dml,,,,,,,,,,NR SA,,,,,,,,,,,,,,,,,,,594,,,On,Connected,-54.000000,2462,58,,,,IWLAN
2798,1,,,-121.9331162,47.5260751,2026-01-23 21:27:22.000,_20260123_124628_CH04_TMO_5GNR_WFC_MT-REF-2_TC-157.dml,,,,,,,,,,NR SA,,,,,,,,,,,,,,,,,,,,,,On,Connected,-54.000000,2462,58,,,,IWLAN
2799,1,,,-121.9331162,47.5260751,2026-01-23 21:27:23.000,_20260123_124628_CH04_TMO_5GNR_WFC_MT-REF-2_TC-157.dml,,,,,,,,,,NR SA,,,,,,,,,,,,,,,,,,,594,,,On,Connected,-52.000000,2462,58,,,,IWLAN
2800,1,,,-121.9331162,47.5260751,2026-01-23 21:27:24.000,_20260123_124628_CH04_TMO_5GNR_WFC_MT-REF-2_TC-157.dml,,,,,,,,,,NR SA,,,,,,,,,,,,,,,,,,,,,,On,Connected,-52.000000,2462,58,,,,IWLAN
2801,1,,,-121.9331162,47.5260751,2026-01-23 21:27:25.000,_20260123_124628_CH04_TMO_5GNR_WFC_MT-REF-2_TC-157.dml,,,,,,,,,,NR SA,,,,,,,,,,,,,,,,,,,594,,,On,Connected,-52.000000,2462,58,,,,IWLAN
2802,1,,,-121.9331162,47.5260751,2026-01-23 21:27:26.000,_20260123_124628_CH04_TMO_5GNR_WFC_MT-REF-2_TC-157.dml,,,,,,,,,,NR SA,,,,,,,,,,,,,,,,,,,,,,On,Connected,-51.000000,2462,65,,,,IWLAN
2803,1,,,-121.9331162,47.5260751,2026-01-23 21:27:27.000,_20260123_124628_CH04_TMO_5GNR_WFC_MT-REF-2_TC-157.dml,,,,,,,,,,NR SA,,,,,,,,,,,,,,,,,,,,,,On,Connected,-51.000000,2462,65,,,,IWLAN
2804,1,,,-121.9331162,47.5260751,2026-01-23 21:27:28.000,_20260123_124628_CH04_TMO_5GNR_WFC_MT-REF-2_TC-157.dml,,,,,,,,,,NR SA,,,,,,,,,,,,,,,,,,,594,,,On,Connected,-51.000000,2462,65,,,,IWLAN
2805,1,,,-121.9331162,47.5260751,2026-01-23 21:27:29.000,_20260123_124628_CH04_TMO_5GNR_WFC_MT-REF-2_TC-157.dml,,,,,,,,,,NR SA,,,,,,,,,,,,,,,,,,,,,2.018348,On,Connected,-52.000000,2462,58,,,,IWLAN
2806,1,,,-121.9331162,47.5260751,2026-01-23 21:27:30.000,_20260123_124628_CH04_TMO_5GNR_WFC_MT-REF-2_TC-157.dml,,,,,,,,,,NR SA,,,,,,,,,,,,,,,,,,,,,2.018348,On,Connected,-52.000000,2462,58,,,,IWLAN
2807,1,,,-121.9331162,47.5260751,2026-01-23 21:27:31.000,_20260123_124628_CH04_TMO_5GNR_WFC_MT-REF-2_TC-157.dml,,,,,,,,,,NR SA,,,,,,,,,,,,,,,,,,,594,,2.018348,On,Connected,-52.000000,2462,58,,,,IWLAN
2808,1,,,-121.9331162,47.5260751,2026-01-23 21:27:32.000,_20260123_124628_CH04_TMO_5GNR_WFC_MT-REF-2_TC-157.dml,,,,,,,,,,NR SA,,,,,,,,,,,,,,,,,,,594,,2.018348,On,Connected,-50.000000,2462,65,,,,IWLAN
2809,1,,,-121.9331162,47.5260751,2026-01-23 21:27:33.000,_20260123_124628_CH04_TMO_5GNR_WFC_MT-REF-2_TC-157.dml,,,,,,,,,,NR SA,,,,,,,,,,,,,,,,,,,,,2.018348,On,Connected,-50.000000,2462,65,,,,IWLAN
2810,1,,,-121.9331162,47.5260751,2026-01-23 21:27:34.000,_20260123_124628_CH04_TMO_5GNR_WFC_MT-REF-2_TC-157.dml,,,,,,,,,,NR SA,,,,,,,,,,,,,,,,,,,594,,2.018348,On,Connected,-50.000000,2462,65,,,,IWLAN
2811,1,,,-121.9331162,47.5260751,2026-01-23 21:27:35.000,_20260123_124628_CH04_TMO_5GNR_WFC_MT-REF-2_TC-157.dml,,,,,,,,,,NR SA,,,,,,,,,,,,,,,,,,,,,2.018348,On,Connected,-51.000000,2462,58,,,,IWLAN
2812,1,,,-121.9331162,47.5260751,2026-01-23 21:27:36.000,_20260123_124628_CH04_TMO_5GNR_WFC_MT-REF-2_TC-157.dml,,,,,,,,,,NR SA,,,,,,,,,,,,,,,,,,,,,2.018348,On,Connected,-51.000000,2462,58,,,,IWLAN
2813,1,,,-121.9331162,47.5260751,2026-01-23 21:27:37.000,_20260123_124628_CH04_TMO_5GNR_WFC_MT-REF-2_TC-157.dml,,,,,,,,,,NR SA,,,,,,,,,,,,,,,,,,,594,,2.018348,On,Connected,-51.000000,2462,58,,,,IWLAN
2814,1,,,-121.9331162,47.5260751,2026-01-23 21:27:38.000,_20260123_124628_CH04_TMO_5GNR_WFC_MT-REF-2_TC-157.dml,,,,,,,,,,NR SA,,,,,,,,,,,,,,,,,,,,,2.018348,On,Connected,-52.000000,2462,58,,,,IWLAN
2815,1,,,-121.9331162,47.5260751,2026-01-23 21:27:38.952,_20260123_124628_CH04_TMO_5GNR_WFC_MT-REF-2_TC-157.dml,,,,,,,,,,,,,,,,,,,,,,,,,,,,,,-73.660156,,,,,,,,,,
2816,1,,,-121.9331162,47.5260751,2026-01-23 21:27:39.000,_20260123_124628_CH04_TMO_5GNR_WFC_MT-REF-2_TC-157.dml,,,,,,,,,,NR SA,,,,,,,,,,,,,,,,,,,,,,On,Connected,-52.000000,2462,58,,,,IWLAN
2817,1,,,-121.9331162,47.5260751,2026-01-23 21:27:40.000,_20260123_124628_CH04_TMO_5GNR_WFC_MT-REF-2_TC-157.dml,,,,,,,,,,NR SA,,,,,,,,,,,,,,,,,,,594,,,On,Connected,-52.000000,2462,58,,,,IWLAN
2818,1,,,-121.9331162,47.5260751,2026-01-23 21:27:41.000,_20260123_124628_CH04_TMO_5GNR_WFC_MT-REF-2_TC-157.dml,,,,,,,,,,NR SA,,,,,,,,,,,,,,,,,,,,,,On,Connected,-52.000000,2462,58,,,,IWLAN
2819,1,,,-121.9331162,47.5260751,2026-01-23 21:27:42.000,_20260123_124628_CH04_TMO_5GNR_WFC_MT-REF-2_TC-157.dml,,,,,,,,,,NR SA,,,,,,,,,,,,,,,,,,,594,,,On,Connected,-52.000000,2462,58,,,,IWLAN
2820,1,,,-121.9331162,47.5260751,2026-01-23 21:27:43.000,_20260123_124628_CH04_TMO_5GNR_WFC_MT-REF-2_TC-157.dml,,,,,,,,,,NR SA,,,,,,,,,,,,,,,,,,,594,,,On,Connected,-52.000000,2462,58,,,,IWLAN
2821,1,,,-121.9331162,47.5260751,2026-01-23 21:27:44.000,_20260123_124628_CH04_TMO_5GNR_WFC_MT-REF-2_TC-157.dml,,,,,,,,,,NR SA,,,,,,,,,,,,,,,,,,,,,,On,Connected,-50.000000,2462,65,,,,IWLAN
2822,1,,,-121.9331162,47.5260751,2026-01-23 21:27:45.000,_20260123_124628_CH04_TMO_5GNR_WFC_MT-REF-2_TC-157.dml,,,,,,,,,,NR SA,,,,,,,,,,,,,,,,,,,,,,On,Connected,-50.000000,2462,65,,,,IWLAN
2823,1,,,-121.9331162,47.5260751,2026-01-23 21:27:46.000,_20260123_124628_CH04_TMO_5GNR_WFC_MT-REF-2_TC-157.dml,,,,,,,,,,NR SA,,,,,,,,,,,,,,,,,,,594,,,On,Connected,-50.000000,2462,65,,,,IWLAN
2824,1,,,-121.9331162,47.5260751,2026-01-23 21:27:47.000,_20260123_124628_CH04_TMO_5GNR_WFC_MT-REF-2_TC-157.dml,,,,,,,,,,NR SA,,,,,,,,,,,,,,,,,,,,,,On,Connected,-51.000000,2462,65,,,,IWLAN
2825,1,,,-121.9331162,47.5260751,2026-01-23 21:27:48.000,_20260123_124628_CH04_TMO_5GNR_WFC_MT-REF-2_TC-157.dml,,,,,,,,,,NR SA,,,,,,,,,,,,,,,,,,,594,,1.823777,On,Connected,-51.000000,2462,65,,,,IWLAN
2826,1,,,-121.9331162,47.5260751,2026-01-23 21:27:49.000,_20260123_124628_CH04_TMO_5GNR_WFC_MT-REF-2_TC-157.dml,,,,,,,,,,NR SA,,,,,,,,,,,,,,,,,,,,,1.823777,On,Connected,-51.000000,2462,65,,,,IWLAN
2827,1,,,-121.9331162,47.5260751,2026-01-23 21:27:50.000,_20260123_124628_CH04_TMO_5GNR_WFC_MT-REF-2_TC-157.dml,,,,,,,,,,NR SA,,,,,,,,,,,,,,,,,,,,,1.823777,On,Connected,-52.000000,2462,52,,,,IWLAN
2828,1,,,-121.9331162,47.5260751,2026-01-23 21:27:51.000,_20260123_124628_CH04_TMO_5GNR_WFC_MT-REF-2_TC-157.dml,,,,,,,,,,NR SA,,,,,,,,,,,,,,,,,,,594,,1.823777,On,Connected,-52.000000,2462,52,,,,IWLAN
2829,1,,,-121.9331162,47.5260751,2026-01-23 21:27:52.000,_20260123_124628_CH04_TMO_5GNR_WFC_MT-REF-2_TC-157.dml,,,,,,,,,,NR SA,,,,,,,,,,,,,,,,,,,594,,1.823777,On,Connected,-52.000000,2462,52,,,,IWLAN
2830,1,,,-121.9331162,47.5260751,2026-01-23 21:27:53.000,_20260123_124628_CH04_TMO_5GNR_WFC_MT-REF-2_TC-157.dml,,,,,,,,,,NR SA,,,,,,,,,,,,,,,,,,,,,1.823777,On,Connected,-53.000000,2462,58,,,,IWLAN
2831,1,,,-121.9331162,47.5260751,2026-01-23 21:27:54.000,_20260123_124628_CH04_TMO_5GNR_WFC_MT-REF-2_TC-157.dml,,,,,,,,,,NR SA,,,,,,,,,,,,,,,,,,,,,1.823777,On,Connected,-53.000000,2462,58,,,,IWLAN
2832,1,,,-121.9331162,47.5260751,2026-01-23 21:27:55.000,_20260123_124628_CH04_TMO_5GNR_WFC_MT-REF-2_TC-157.dml,,,,,,,,,,NR SA,,,,,,,,,,,,,,,,,,,594,,1.823777,On,Connected,-53.000000,2462,58,,,,IWLAN
2833,1,,,-121.9331162,47.5260751,2026-01-23 21:27:56.000,_20260123_124628_CH04_TMO_5GNR_WFC_MT-REF-2_TC-157.dml,,,,,,,,,,NR SA,,,,,,,,,,,,,,,,,,,,,1.823777,On,Connected,-52.000000,2462,58,,,,IWLAN
2834,1,,,-121.9331162,47.5260751,2026-01-23 21:27:57.000,_20260123_124628_CH04_TMO_5GNR_WFC_MT-REF-2_TC-157.dml,,,,,,,,,,NR SA,,,,,,,,,,,,,,,,,,,594,,1.823777,On,Connected,-52.000000,2462,58,,,,IWLAN
2835,1,,,-121.9331162,47.5260751,2026-01-23 21:27:58.000,_20260123_124628_CH04_TMO_5GNR_WFC_MT-REF-2_TC-157.dml,,,,,,,,,,NR SA,,,,,,,,,,,,,,,,,,,,,1.823777,On,Connected,-52.000000,2462,58,,,,IWLAN
2836,1,,,-121.9331162,47.5260751,2026-01-23 21:27:58.775,_20260123_124628_CH04_TMO_5GNR_WFC_MT-REF-2_TC-157.dml,,,,,,,,,,,,,,,,,,,,,,,,,,,,,,-73.078125,,,,,,,,,,
2837,1,,,-121.9331162,47.5260751,2026-01-23 21:27:59.000,_20260123_124628_CH04_TMO_5GNR_WFC_MT-REF-2_TC-157.dml,,,,,,,,,,NR SA,,,,,,,,,,,,,,,,,,,594,,,On,Connected,-54.000000,2462,58,,,,IWLAN
2838,1,,,-121.9331162,47.5260751,2026-01-23 21:28:00.000,_20260123_124628_CH04_TMO_5GNR_WFC_MT-REF-2_TC-157.dml,,,,,,,,,,NR SA,,,,,,,,,,,,,,,,,,,,,,On,Connected,-54.000000,2462,58,,,,IWLAN
2839,1,,,-121.9331162,47.5260751,2026-01-23 21:28:01.000,_20260123_124628_CH04_TMO_5GNR_WFC_MT-REF-2_TC-157.dml,,,,,,,,,,NR SA,,,,,,,,,,,,,,,,,,,594,,,On,Connected,-54.000000,2462,58,,,,IWLAN
2840,1,,,-121.9331162,47.5260751,2026-01-23 21:28:02.000,_20260123_124628_CH04_TMO_5GNR_WFC_MT-REF-2_TC-157.dml,,,,,,,,,,NR SA,,,,,,,,,,,,,,,,,,,,,,On,Connected,-52.000000,2462,52,,,,IWLAN
2841,1,,,-121.9331162,47.5260751,2026-01-23 21:28:03.000,_20260123_124628_CH04_TMO_5GNR_WFC_MT-REF-2_TC-157.dml,,,,,,,,,,NR SA,,,,,,,,,,,,,,,,,,,,,,On,Connected,-52.000000,2462,52,,,,IWLAN
2842,1,,,-121.9331162,47.5260751,2026-01-23 21:28:04.000,_20260123_124628_CH04_TMO_5GNR_WFC_MT-REF-2_TC-157.dml,,,,,,,,,,NR SA,,,,,,,,,,,,,,,,,,,594,,,On,Connected,-52.000000,2462,52,,,,IWLAN
2843,1,,,-121.9331162,47.5260751,2026-01-23 21:28:05.000,_20260123_124628_CH04_TMO_5GNR_WFC_MT-REF-2_TC-157.dml,,,,,,,,,,NR SA,,,,,,,,,,,,,,,,,,,594,,,On,Connected,-52.000000,2462,58,,,,IWLAN
2844,1,,,-121.9331162,47.5260751,2026-01-23 21:28:06.000,_20260123_124628_CH04_TMO_5GNR_WFC_MT-REF-2_TC-157.dml,,,,,,,,,,NR SA,,,,,,,,,,,,,,,,,,,594,,,On,Connected,-52.000000,2462,58,,,,IWLAN
2845,1,,,-121.9331162,47.5260751,2026-01-23 21:28:07.000,_20260123_124628_CH04_TMO_5GNR_WFC_MT-REF-2_TC-157.dml,,,,,,,,,,NR SA,,,,,,,,,,,,,,,,,,,594,,,On,Connected,-52.000000,2462,58,,,,IWLAN
2846,1,,,-121.9331162,47.5260751,2026-01-23 21:28:08.000,_20260123_124628_CH04_TMO_5GNR_WFC_MT-REF-2_TC-157.dml,,,,,,,,,,NR SA,,,,,,,,,,,,,,,,,,,,,,On,Connected,-52.000000,2462,39,,,,IWLAN
2847,1,,,-121.9331162,47.5260751,2026-01-23 21:28:09.000,_20260123_124628_CH04_TMO_5GNR_WFC_MT-REF-2_TC-157.dml,,,,,,,,,,NR SA,,,,,,,,,,,,,,,,,,,594,,1.987747,On,Connected,-52.000000,2462,39,,,,IWLAN
2848,1,,,-121.9331162,47.5260751,2026-01-23 21:28:10.000,_20260123_124628_CH04_TMO_5GNR_WFC_MT-REF-2_TC-157.dml,,,,,,,,,,NR SA,,,,,,,,,,,,,,,,,,,594,,1.987747,On,Connected,-52.000000,2462,39,,,,IWLAN
2849,1,,,-121.9331162,47.5260751,2026-01-23 21:28:11.000,_20260123_124628_CH04_TMO_5GNR_WFC_MT-REF-2_TC-157.dml,,,,,,,,,,NR SA,,,,,,,,,,,,,,,,,,,,,1.987747,On,Connected,-52.000000,2462,52,,,,IWLAN
2850,1,,,-121.9331162,47.5260751,2026-01-23 21:28:12.000,_20260123_124628_CH04_TMO_5GNR_WFC_MT-REF-2_TC-157.dml,,,,,,,,,,NR SA,,,,,,,,,,,,,,,,,,,,,1.987747,On,Connected,-52.000000,2462,52,,,,IWLAN
2851,1,,,-121.9331162,47.5260751,2026-01-23 21:28:13.000,_20260123_124628_CH04_TMO_5GNR_WFC_MT-REF-2_TC-157.dml,,,,,,,,,,NR SA,,,,,,,,,,,,,,,,,,,594,,1.987747,On,Connected,-52.000000,2462,52,,,,IWLAN
2852,1,,,-121.9331162,47.5260751,2026-01-23 21:28:14.000,_20260123_124628_CH04_TMO_5GNR_WFC_MT-REF-2_TC-157.dml,,,,,,,,,,NR SA,,,,,,,,,,,,,,,,,,,594,,1.987747,On,Connected,-53.000000,2462,52,,,,IWLAN
2853,1,,,-121.9331162,47.5260751,2026-01-23 21:28:15.000,_20260123_124628_CH04_TMO_5GNR_WFC_MT-REF-2_TC-157.dml,,,,,,,,,,NR SA,,,,,,,,,,,,,,,,,,,594,,1.987747,On,Connected,-53.000000,2462,52,,,,IWLAN
2854,1,,,-121.9331162,47.5260751,2026-01-23 21:28:16.000,_20260123_124628_CH04_TMO_5GNR_WFC_MT-REF-2_TC-157.dml,,,,,,,,,,NR SA,,,,,,,,,,,,,,,,,,,594,,1.987747,On,Connected,-53.000000,2462,52,,,,IWLAN
2855,1,,,-121.9331162,47.5260751,2026-01-23 21:28:17.000,_20260123_124628_CH04_TMO_5GNR_WFC_MT-REF-2_TC-157.dml,,,,,,,,,,NR SA,,,,,,,,,,,,,,,,,,,,,1.987747,On,Connected,-52.000000,2462,52,,,,IWLAN
2856,1,,,-121.9331162,47.5260751,2026-01-23 21:28:18.000,_20260123_124628_CH04_TMO_5GNR_WFC_MT-REF-2_TC-157.dml,,,,,,,,,,NR SA,,,,,,,,,,,,,,,,,,,,,1.987747,On,Connected,-52.000000,2462,52,,,,IWLAN
2857,1,,,-121.9331162,47.5260751,2026-01-23 21:28:18.813,_20260123_124628_CH04_TMO_5GNR_WFC_MT-REF-2_TC-157.dml,,,,,,,,,,,,,,,,,,,,,,,,,,,,,,-78.108173,,,,,,,,,,
2858,1,,,-121.9331162,47.5260751,2026-01-23 21:28:19.000,_20260123_124628_CH04_TMO_5GNR_WFC_MT-REF-2_TC-157.dml,,,,,,,,,,NR SA,,,,,,,,,,,,,,,,,,,594,,,On,Connected,-52.000000,2462,52,,,,IWLAN
2859,1,,,-121.9331162,47.5260751,2026-01-23 21:28:20.000,_20260123_124628_CH04_TMO_5GNR_WFC_MT-REF-2_TC-157.dml,,,,,,,,,,NR SA,,,,,,,,,,,,,,,,,,,,,,On,Connected,-51.000000,2462,52,,,,IWLAN
2860,1,,,-121.9331162,47.5260751,2026-01-23 21:28:21.000,_20260123_124628_CH04_TMO_5GNR_WFC_MT-REF-2_TC-157.dml,,,,,,,,,,NR SA,,,,,,,,,,,,,,,,,,,,,,,Connected,,,,,,,IWLAN
2861,1,,,-121.9331162,47.5260751,2026-01-23 21:28:22.000,_20260123_124628_CH04_TMO_5GNR_WFC_MT-REF-2_TC-157.dml,,,,,,,,,,NR SA,,,,,,,,,,,,,,,,,,,594,,,On,Connected,-51.000000,2462,52,,,,IWLAN
2862,1,,,-121.9331162,47.5260751,2026-01-23 21:28:23.000,_20260123_124628_CH04_TMO_5GNR_WFC_MT-REF-2_TC-157.dml,,,,,,,,,,NR SA,,,,,,,,,,,,,,,,,,,,,,On,Connected,-53.000000,2462,52,,,,IWLAN
2863,1,,,-121.9331162,47.5260751,2026-01-23 21:28:24.000,_20260123_124628_CH04_TMO_5GNR_WFC_MT-REF-2_TC-157.dml,,,,,,,,,,NR SA,,,,,,,,,,,,,,,,,,,594,,,On,Connected,-53.000000,2462,52,,,,IWLAN
2864,1,,,-121.9331162,47.5260751,2026-01-23 21:28:25.000,_20260123_124628_CH04_TMO_5GNR_WFC_MT-REF-2_TC-157.dml,,,,,,,,,,NR SA,,,,,,,,,,,,,,,,,,,,,,On,Connected,-53.000000,2462,52,,,,IWLAN
2865,1,,,-121.9331162,47.5260751,2026-01-23 21:28:26.000,_20260123_124628_CH04_TMO_5GNR_WFC_MT-REF-2_TC-157.dml,,,,,,,,,,NR SA,,,,,,,,,,,,,,,,,,,,,,On,Connected,-55.000000,2462,52,,,,IWLAN
2866,1,,,-121.9331162,47.5260751,2026-01-23 21:28:27.000,_20260123_124628_CH04_TMO_5GNR_WFC_MT-REF-2_TC-157.dml,,,,,,,,,,NR SA,,,,,,,,,,,,,,,,,,,594,,,On,Connected,-55.000000,2462,52,,,,IWLAN
2867,1,,,-121.9331162,47.5260751,2026-01-23 21:28:28.000,_20260123_124628_CH04_TMO_5GNR_WFC_MT-REF-2_TC-157.dml,,,,,,,,,,NR SA,,,,,,,,,,,,,,,,,,,,,,,Connected,,,,,,,IWLAN
2868,1,,,-121.9331162,47.5260751,2026-01-23 21:28:29.000,_20260123_124628_CH04_TMO_5GNR_WFC_MT-REF-2_TC-157.dml,,,,,,,,,,NR SA,,,,,,,,,,,,,,,,,,,594,,2.211838,On,Connected,-54.000000,2462,58,,,,IWLAN
2869,1,,,-121.9331162,47.5260751,2026-01-23 21:28:30.000,_20260123_124628_CH04_TMO_5GNR_WFC_MT-REF-2_TC-157.dml,,,,,,,,,,NR SA,,,,,,,,,,,,,,,,,,,,,2.211838,On,Connected,-53.000000,2462,58,,,,IWLAN
2870,1,,,-121.9331162,47.5260751,2026-01-23 21:28:31.000,_20260123_124628_CH04_TMO_5GNR_WFC_MT-REF-2_TC-157.dml,,,,,,,,,,NR SA,,,,,,,,,,,,,,,,,,,,,2.211838,On,Connected,-53.000000,2462,58,,,,IWLAN
2871,1,,,-121.9331162,47.5260751,2026-01-23 21:28:32.000,_20260123_124628_CH04_TMO_5GNR_WFC_MT-REF-2_TC-157.dml,,,,,,,,,,NR SA,,,,,,,,,,,,,,,,,,,594,,2.211838,On,Connected,-53.000000,2462,58,,,,IWLAN
2872,1,,,-121.9331162,47.5260751,2026-01-23 21:28:33.000,_20260123_124628_CH04_TMO_5GNR_WFC_MT-REF-2_TC-157.dml,,,,,,,,,,NR SA,,,,,,,,,,,,,,,,,,,,,2.211838,On,Connected,-53.000000,2462,58,,,,IWLAN
2873,1,,,-121.9331162,47.5260751,2026-01-23 21:28:34.000,_20260123_124628_CH04_TMO_5GNR_WFC_MT-REF-2_TC-157.dml,,,,,,,,,,NR SA,,,,,,,,,,,,,,,,,,,594,,2.211838,On,Connected,-53.000000,2462,58,,,,IWLAN
2874,1,,,-121.9331162,47.5260751,2026-01-23 21:28:35.000,_20260123_124628_CH04_TMO_5GNR_WFC_MT-REF-2_TC-157.dml,,,,,,,,,,NR SA,,,,,,,,,,,,,,,,,,,,,2.211838,On,Connected,-51.000000,2462,52,,,,IWLAN
2875,1,,,-121.9331162,47.5260751,2026-01-23 21:28:36.000,_20260123_124628_CH04_TMO_5GNR_WFC_MT-REF-2_TC-157.dml,,,,,,,,,,NR SA,,,,,,,,,,,,,,,,,,,,,2.211838,On,Connected,-51.000000,2462,52,,,,IWLAN
2876,1,,,-121.9331162,47.5260751,2026-01-23 21:28:37.000,_20260123_124628_CH04_TMO_5GNR_WFC_MT-REF-2_TC-157.dml,,,,,,,,,,NR SA,,,,,,,,,,,,,,,,,,,594,,2.211838,,Connected,,,,,,,IWLAN
2877,1,,,-121.9331162,47.5260751,2026-01-23 21:28:38.000,_20260123_124628_CH04_TMO_5GNR_WFC_MT-REF-2_TC-157.dml,,,,,,,,,,NR SA,,,,,,,,,,,,,,,,,,,594,,2.211838,On,Connected,-51.500000,2462,58,,,,IWLAN
2878,1,,,-121.9331162,47.5260751,2026-01-23 21:28:38.982,_20260123_124628_CH04_TMO_5GNR_WFC_MT-REF-2_TC-157.dml,,,,,,,,,,,,,,,,,,,,,,,,,,,,,,-72.426847,,,,,,,,,,
2879,1,,,-121.9331162,47.5260751,2026-01-23 21:28:39.000,_20260123_124628_CH04_TMO_5GNR_WFC_MT-REF-2_TC-157.dml,,,,,,,,,,NR SA,,,,,,,,,,,,,,,,,,,594,,,On,Connected,-52.000000,2462,58,,,,IWLAN
2880,1,,,-121.9331162,47.5260751,2026-01-23 21:28:40.000,_20260123_124628_CH04_TMO_5GNR_WFC_MT-REF-2_TC-157.dml,,,,,,,,,,NR SA,,,,,,,,,,,,,,,,,,,,,,On,Connected,-52.000000,2462,58,,,,IWLAN
2881,1,,,-121.9331162,47.5260751,2026-01-23 21:28:41.000,_20260123_124628_CH04_TMO_5GNR_WFC_MT-REF-2_TC-157.dml,,,,,,,,,,NR SA,,,,,,,,,,,,,,,,,,,594,,,On,Connected,-50.000000,2462,52,,,,IWLAN
2882,1,,,-121.9331162,47.5260751,2026-01-23 21:28:42.000,_20260123_124628_CH04_TMO_5GNR_WFC_MT-REF-2_TC-157.dml,,,,,,,,,,NR SA,,,,,,,,,,,,,,,,,,,,,,,Connected,,,,,,,IWLAN
2883,1,,,-121.9331162,47.5260751,2026-01-23 21:28:43.000,_20260123_124628_CH04_TMO_5GNR_WFC_MT-REF-2_TC-157.dml,,,,,,,,,,NR SA,,,,,,,,,,,,,,,,,,,594,,,On,Connected,-50.000000,2462,52,,,,IWLAN
2884,1,,,-121.9331162,47.5260751,2026-01-23 21:28:44.000,_20260123_124628_CH04_TMO_5GNR_WFC_MT-REF-2_TC-157.dml,,,,,,,,,,NR SA,,,,,,,,,,,,,,,,,,,,,,,Connected,,,,,,,IWLAN
2885,1,,,-121.9331162,47.5260751,2026-01-23 21:28:45.000,_20260123_124628_CH04_TMO_5GNR_WFC_MT-REF-2_TC-157.dml,,,,,,,,,,NR SA,,,,,,,,,,,,,,,,,,,594,,,On,Connected,-51.000000,2462,58,,,,IWLAN
2886,1,,,-121.9331162,47.5260751,2026-01-23 21:28:46.000,_20260123_124628_CH04_TMO_5GNR_WFC_MT-REF-2_TC-157.dml,,,,,,,,,,NR SA,,,,,,,,,,,,,,,,,,,594,,,,Connected,,,,,,,IWLAN
2887,1,,,-121.9331162,47.5260751,2026-01-23 21:28:47.000,_20260123_124628_CH04_TMO_5GNR_WFC_MT-REF-2_TC-157.dml,,,,,,,,,,NR SA,,,,,,,,,,,,,,,,,,,,,,On,Connected,-51.000000,2462,58,,,,IWLAN
2888,1,,,-121.9331162,47.5260751,2026-01-23 21:28:48.000,_20260123_124628_CH04_TMO_5GNR_WFC_MT-REF-2_TC-157.dml,,,,,,,,,,NR SA,,,,,,,,,,,,,,,,,,,,,,On,Connected,-52.000000,2462,65,,,,IWLAN
2889,1,,,-121.9331162,47.5260751,2026-01-23 21:28:48.759,_20260123_124628_CH04_TMO_5GNR_WFC_MT-REF-2_TC-157.dml,,,,,,,,,,,,,,,,,,,,,,,[Tool] Voice - Pair Channel Call Drop,,,,,,,,,,,,,,,,,
2890,1,,,-121.9331162,47.5260751,2026-01-23 21:28:48.759,_20260123_124628_CH04_TMO_5GNR_WFC_MT-REF-2_TC-157.dml,,,,,,,,,,,,,,,,,,,,,,,[Tool] Voice - Release Call Request,,,,,,,,,,,,,,,,,
2891,1,,,-121.9331162,47.5260751,2026-01-23 21:28:49.000,_20260123_124628_CH04_TMO_5GNR_WFC_MT-REF-2_TC-157.dml,,,,,,,,,,NR SA,,,,,,,,,,,,,,,,,,,594,,,On,Connected,-52.000000,2462,65,,,,IWLAN
2892,1,,,-121.9331162,47.5260751,2026-01-23 21:28:49.281,_20260123_124628_CH04_TMO_5GNR_WFC_MT-REF-2_TC-157.dml,,,,,,,,,,,,,,,,,,,,,,BQ,[Tool] Voice - Call Result : BQ,,,,,,,,,,,,,,,,,
2893,1,,,-121.9331162,47.5260751,2026-01-23 21:28:49.281,_20260123_124628_CH04_TMO_5GNR_WFC_MT-REF-2_TC-157.dml,,,,,,,,,,,,,,,,,,,,,,,[UE]   Voice - Release Call Success,,,,,,,,,,,,,,,,,
2894,1,,,-121.9331162,47.5260751,2026-01-23 21:28:50.369,_20260123_124628_CH04_TMO_5GNR_WFC_MT-REF-2_TC-157.dml,,,,,,,,,,,,,,,,,,,,,,,[UE]   Voice - Release Call Success,,,,,,,,,,,,,,,,,
2895,1,,,-121.9331162,47.5260751,2026-01-23 21:28:50.000,_20260123_124628_CH04_TMO_5GNR_WFC_MT-REF-2_TC-157.dml,,,,,,,,,,,,,,,,,,,,,,,,,,,,,594,,,On,Connected,-52.000000,2462,65,,,,IWLAN
2896,1,,,-121.9331162,47.5260751,2026-01-23 21:28:51.000,_20260123_124628_CH04_TMO_5GNR_WFC_MT-REF-2_TC-157.dml,,,,,,,,,,,,,,,,,,,,,,,,,,,,,,,,On,Connected,-55.000000,2462,52,,,,IWLAN
2897,1,,,-121.9331162,47.5260751,2026-01-23 21:28:52.000,_20260123_124628_CH04_TMO_5GNR_WFC_MT-REF-2_TC-157.dml,,,,,,,,,,,,,,,,,,,,,,,,,,,,,,,,On,Connected,-55.000000,2462,52,,,,IWLAN
2898,1,,,-121.9331162,47.5260751,2026-01-23 21:28:53.000,_20260123_124628_CH04_TMO_5GNR_WFC_MT-REF-2_TC-157.dml,,,,,,,,,,,,,,,,,,,,,,,,,,,,,594,,,On,Connected,-55.000000,2462,52,,,,IWLAN
2899,1,,,-121.9331162,47.5260751,2026-01-23 21:28:54.000,_20260123_124628_CH04_TMO_5GNR_WFC_MT-REF-2_TC-157.dml,,,,,,,,,,,,,,,,,,,,,,,,,,,,,594,,,On,Connected,-59.000000,2462,52,,,,IWLAN
2900,1,,,-121.9331162,47.5260751,2026-01-23 21:28:55.000,_20260123_124628_CH04_TMO_5GNR_WFC_MT-REF-2_TC-157.dml,,,,,,,,,,,,,,,,,,,,,,,,,,,,,,,,On,Connected,-59.000000,2462,52,,,,IWLAN
2901,1,,,-121.9331162,47.5260751,2026-01-23 21:28:56.000,_20260123_124628_CH04_TMO_5GNR_WFC_MT-REF-2_TC-157.dml,,,,,,,,,,,,,,,,,,,,,,,,,,,,,,,,On,Connected,-59.000000,2462,52,,,,IWLAN
2902,1,,,-121.9331162,47.5260751,2026-01-23 21:28:57.000,_20260123_124628_CH04_TMO_5GNR_WFC_MT-REF-2_TC-157.dml,,,,,,,,,,,,,,,,,,,,,,,,,,,,,594,,,On,Connected,-58.000000,2462,52,,,,IWLAN
2903,1,,,-121.9331162,47.5260751,2026-01-23 21:28:58.000,_20260123_124628_CH04_TMO_5GNR_WFC_MT-REF-2_TC-157.dml,,,,,,,,,,,,,,,,,,,,,,,,,,,,,594,,,On,Connected,-58.000000,2462,52,,,,IWLAN
2904,1,,,-121.9331162,47.5260751,2026-01-23 21:28:59.000,_20260123_124628_CH04_TMO_5GNR_WFC_MT-REF-2_TC-157.dml,,,,,,,,,,,,,,,,,,,,,,,,,,,,,,,,On,Connected,-58.000000,2462,52,,,,IWLAN
2905,1,,,-121.9331162,47.5260751,2026-01-23 21:29:00.000,_20260123_124628_CH04_TMO_5GNR_WFC_MT-REF-2_TC-157.dml,,,,,,,,,,,,,,,,,,,,,,,,,,,,,,,,On,Connected,-59.000000,2462,52,,,,IWLAN
2906,1,,,-121.9331162,47.5260751,2026-01-23 21:29:01.000,_20260123_124628_CH04_TMO_5GNR_WFC_MT-REF-2_TC-157.dml,,,,,,,,,,,,,,,,,,,,,,,,,,,,,594,,,On,Connected,-59.000000,2462,52,,,,IWLAN
2907,1,,,-121.9331162,47.5260751,2026-01-23 21:29:02.000,_20260123_124628_CH04_TMO_5GNR_WFC_MT-REF-2_TC-157.dml,,,,,,,,,,,,,,,,,,,,,,,,,,,,,594,,,On,Connected,-59.000000,2462,52,,,,IWLAN
2908,1,,,-121.9331162,47.5260751,2026-01-23 21:29:03.000,_20260123_124628_CH04_TMO_5GNR_WFC_MT-REF-2_TC-157.dml,,,,,,,,,,,,,,,,,,,,,,,,,,,,,,,,On,Connected,-57.000000,2462,52,,,,IWLAN
2909,1,,,-121.9331162,47.5260751,2026-01-23 21:29:04.000,_20260123_124628_CH04_TMO_5GNR_WFC_MT-REF-2_TC-157.dml,,,,,,,,,,,,,,,,,,,,,,,,,,,,,594,,,On,Connected,-57.000000,2462,52,,,,IWLAN
2910,1,,,-121.9331162,47.5260751,2026-01-23 21:29:05.000,_20260123_124628_CH04_TMO_5GNR_WFC_MT-REF-2_TC-157.dml,,,,,,,,,,,,,,,,,,,,,,,,,,,,,,,,On,Connected,-57.000000,2462,52,,,,IWLAN
2911,1,,,-121.9331162,47.5260751,2026-01-23 21:29:06.000,_20260123_124628_CH04_TMO_5GNR_WFC_MT-REF-2_TC-157.dml,,,,,,,,,,,,,,,,,,,,,,,,,,,,,594,,,On,Connected,-60.000000,2462,52,,,,IWLAN
2912,1,,,-121.9331162,47.5260751,2026-01-23 21:29:07.000,_20260123_124628_CH04_TMO_5GNR_WFC_MT-REF-2_TC-157.dml,,,,,,,,,,,,,,,,,,,,,,,,,,,,,594,,,On,Connected,-60.000000,2462,52,,,,IWLAN
2913,1,,,-121.9331162,47.5260751,2026-01-23 21:29:08.000,_20260123_124628_CH04_TMO_5GNR_WFC_MT-REF-2_TC-157.dml,,,,,,,,,,,,,,,,,,,,,,,,,,,,,594,,,On,Connected,-57.000000,2462,52,,,,IWLAN
2914,1,,,-121.9331162,47.5260751,2026-01-23 21:29:09.000,_20260123_124628_CH04_TMO_5GNR_WFC_MT-REF-2_TC-157.dml,,,,,,,,,,,,,,,,,,,,,,,,,,,,,594,,,,Connected,,,,,,,IWLAN
2915,1,,,-121.9331162,47.5260751,2026-01-23 21:29:10.000,_20260123_124628_CH04_TMO_5GNR_WFC_MT-REF-2_TC-157.dml,,,,,,,,,,,,,,,,,,,,,,,,,,,,,594,,,On,Connected,-54.000000,2462,52,,,,IWLAN
2916,1,,,-121.9331162,47.5260751,2026-01-23 21:29:11.000,_20260123_124628_CH04_TMO_5GNR_WFC_MT-REF-2_TC-157.dml,,,,,,,,,,,,,,,,,,,,,,,,,,,,,594,,,On,Connected,-52.000000,2462,52,,,,IWLAN
2917,1,,,-121.9331162,47.5260751,2026-01-23 21:29:12.000,_20260123_124628_CH04_TMO_5GNR_WFC_MT-REF-2_TC-157.dml,,,,,,,,,,,,,,,,,,,,,,,,,,,,,,,,On,Connected,-52.000000,2462,52,,,,IWLAN
2918,1,,,-121.9331162,47.5260751,2026-01-23 21:29:13.000,_20260123_124628_CH04_TMO_5GNR_WFC_MT-REF-2_TC-157.dml,,,,,,,,,,,,,,,,,,,,,,,,,,,,,594,,,On,Connected,-52.000000,2462,52,,,,IWLAN
2919,1,,,-121.9331162,47.5260751,2026-01-23 21:29:14.000,_20260123_124628_CH04_TMO_5GNR_WFC_MT-REF-2_TC-157.dml,,,,,,,,,,,,,,,,,,,,,,,,,,,,,,,,,Connected,,,,,,,IWLAN
2920,1,,,-121.9331162,47.5260751,2026-01-23 21:29:15.000,_20260123_124628_CH04_TMO_5GNR_WFC_MT-REF-2_TC-157.dml,,,,,,,,,,,,,,,,,,,,,,,,,,,,,594,,,On,Connected,-53.000000,2462,52,,,,IWLAN
2921,1,,,-121.9331162,47.5260751,2026-01-23 21:29:16.000,_20260123_124628_CH04_TMO_5GNR_WFC_MT-REF-2_TC-157.dml,,,,,,,,,,,,,,,,,,,,,,,,,,,,,,,,,Connected,,,,,,,IWLAN
2922,1,,,-121.9331162,47.5260751,2026-01-23 21:29:16.934,_20260123_124628_CH04_TMO_5GNR_WFC_MT-REF-2_TC-157.dml,,,,,,,,,,,,,,,,,,,,,,,[Tool] Voice - Release Call Request,,,,,,,,,,,,,,,,,
2923,1,,,-121.9331162,47.5260751,2026-01-23 21:29:17.000,_20260123_124628_CH04_TMO_5GNR_WFC_MT-REF-2_TC-157.dml,,,,,,,,,,,,,,,,,,,,,,,,,,,,,,,,On,Connected,-53.000000,2462,52,,,,IWLAN
2924,1,,,-121.9331162,47.5260751,2026-01-23 21:29:18.000,_20260123_124628_CH04_TMO_5GNR_WFC_MT-REF-2_TC-157.dml,,,,,,,,,,,,,,,,,,,,,,,,,,,,,594,,,On,Connected,-59.000000,2462,52,,,,IWLAN
2925,1,,,-121.9331162,47.5260751,2026-01-23 21:29:19.000,_20260123_124628_CH04_TMO_5GNR_WFC_MT-REF-2_TC-157.dml,,,,,,,,,,,,,,,,,,,,,,,,,,,,,,,,On,Connected,-59.000000,2462,52,,,,IWLAN
2926,1,,,-121.9331162,47.5260751,2026-01-23 21:29:19.651,_20260123_124628_CH04_TMO_5GNR_WFC_MT-REF-2_TC-157.dml,,,,,,,,,,,,,,,,,,,,,,,[Tool] Voice - Call Scheduling End,,,,,,,,,,,,,,,,,
2927,1,,,-121.9331162,47.5260751,2026-01-23 21:29:19.651,_20260123_124628_CH04_TMO_5GNR_WFC_MT-REF-2_TC-157.dml,NR SA,Voice,BQ,NR SA,NR SA,Qualcomm,,354877970012475,,,,,,,,,BQ,Termination,BQ,,,,,,,,,90.478000,,,,,,,,,,EPSFB,,
2928,1,,,-121.9331162,47.5260751,2026-01-23 21:29:19.651,_20260123_124628_CH04_TMO_5GNR_WFC_MT-REF-2_TC-157.dml,,,,,,,,,,,,,,,,,,,,,,,[Tool] Voice - Release Call Request,,,,,,,,,,,,,,,,,
2929,1,,,-121.9331162,47.5260751,2026-01-23 21:29:19.984,_20260123_124628_CH04_TMO_5GNR_WFC_MT-REF-2_TC-157.dml,,,,,,,,,,,,,,,,,,,,,,,[Tool] Voice - Call Scheduling Start(Term),,,,,,,,,,,,,,,,,
2930,1,,,-121.9331162,47.5260751,2026-01-23 21:29:19.984,_20260123_124628_CH04_TMO_5GNR_WFC_MT-REF-2_TC-157.dml,,,,,,,,,,,,,,,,,,,,,,,[Tool] Voice - Wait Page,,,,,,,,,,,,,,,,,
2931,1,,,-121.9331162,47.5260751,2026-01-23 21:29:20.000,_20260123_124628_CH04_TMO_5GNR_WFC_MT-REF-2_TC-157.dml,,,,,,,,,,,,,,,,,,,,,,,,,,,,,594,,,On,Connected,-58.000000,2462,52,,,,IWLAN
2932,1,,,-121.9331162,47.5260751,2026-01-23 21:29:21.000,_20260123_124628_CH04_TMO_5GNR_WFC_MT-REF-2_TC-157.dml,,,,,,,,,,,,,,,,,,,,,,,,,,,,,,,,,Connected,,,,,,,IWLAN
2933,1,,,-121.9331162,47.5260751,2026-01-23 21:29:22.000,_20260123_124628_CH04_TMO_5GNR_WFC_MT-REF-2_TC-157.dml,,,,,,,,,,,,,,,,,,,,,,,,,,,,,,,,On,Connected,-57.000000,2462,52,,,,IWLAN
2934,1,,,-121.9331162,47.5260751,2026-01-23 21:29:23.000,_20260123_124628_CH04_TMO_5GNR_WFC_MT-REF-2_TC-157.dml,,,,,,,,,,,,,,,,,,,,,,,,,,,,,594,,,On,Connected,-57.000000,2462,52,,,,IWLAN
2935,1,,,-121.9331162,47.5260751,2026-01-23 21:29:23.728,_20260123_124628_CH04_TMO_5GNR_WFC_MT-REF-2_TC-157.dml,,,,,,,,,,,,,,,,,,,,,,,[Tool] Voice - Answer Request,,,,,,,,,,,,,,,,,
2936,1,,,-121.9331162,47.5260751,2026-01-23 21:29:24.000,_20260123_124628_CH04_TMO_5GNR_WFC_MT-REF-2_TC-157.dml,,,,,,,,,,,,,,,,,,,,,,,,,,,,,594,,,On,Connected,-57.000000,2462,52,,,,IWLAN
2937,1,,,-121.9331162,47.5260751,2026-01-23 21:29:24.681,_20260123_124628_CH04_TMO_5GNR_WFC_MT-REF-2_TC-157.dml,,,,,,,,,,,,,,,,,,,,,,,[UE]   Voice - Setup Success,,,,,,,,,,,,,,,,,
2938,1,,,-121.9331162,47.5260751,2026-01-23 21:29:25.000,_20260123_124628_CH04_TMO_5GNR_WFC_MT-REF-2_TC-157.dml,,,,,,,,,,NR SA,,,,,,,,,,,,,,,,,,,,,,On,Connected,-57.000000,2462,52,,,,IWLAN
2939,1,,,-121.9331162,47.5260751,2026-01-23 21:29:26.000,_20260123_124628_CH04_TMO_5GNR_WFC_MT-REF-2_TC-157.dml,,,,,,,,,,NR SA,,,,,,,,,,,,,,,,,,,,,,On,Connected,-57.000000,2462,52,,,,IWLAN
2940,1,,,-121.9331162,47.5260751,2026-01-23 21:29:27.000,_20260123_124628_CH04_TMO_5GNR_WFC_MT-REF-2_TC-157.dml,,,,,,,,,,NR SA,,,,,,,,,,,,,,,,,,,594,,,On,Connected,-51.000000,2462,58,,,,IWLAN
2941,1,,,-121.9331162,47.5260751,2026-01-23 21:29:28.000,_20260123_124628_CH04_TMO_5GNR_WFC_MT-REF-2_TC-157.dml,,,,,,,,,,NR SA,,,,,,,,,,,,,,,,,,,,,,On,Connected,-51.000000,2462,58,,,,IWLAN
2942,1,,,-121.9331162,47.5260751,2026-01-23 21:29:29.000,_20260123_124628_CH04_TMO_5GNR_WFC_MT-REF-2_TC-157.dml,,,,,,,,,,NR SA,,,,,,,,,,,,,,,,,,,,,,On,Connected,-51.000000,2462,58,,,,IWLAN
2943,1,,,-121.9331162,47.5260751,2026-01-23 21:29:30.000,_20260123_124628_CH04_TMO_5GNR_WFC_MT-REF-2_TC-157.dml,,,,,,,,,,NR SA,,,,,,,,,,,,,,,,,,,594,,,On,Connected,-50.000000,2462,52,,,,IWLAN
2944,1,,,-121.9331162,47.5260751,2026-01-23 21:29:31.000,_20260123_124628_CH04_TMO_5GNR_WFC_MT-REF-2_TC-157.dml,,,,,,,,,,NR SA,,,,,,,,,,,,,,,,,,,,,,On,Connected,-50.000000,2462,52,,,,IWLAN
2945,1,,,-121.9331162,47.5260751,2026-01-23 21:29:32.000,_20260123_124628_CH04_TMO_5GNR_WFC_MT-REF-2_TC-157.dml,,,,,,,,,,NR SA,,,,,,,,,,,,,,,,,,,,,,,Connected,,,,,,,IWLAN
2946,1,,,-121.9331162,47.5260751,2026-01-23 21:29:33.000,_20260123_124628_CH04_TMO_5GNR_WFC_MT-REF-2_TC-157.dml,,,,,,,,,,NR SA,,,,,,,,,,,,,,,,,,,594,,,On,Connected,-50.000000,2462,58,,,,IWLAN
2947,1,,,-121.9331162,47.5260751,2026-01-23 21:29:34.000,_20260123_124628_CH04_TMO_5GNR_WFC_MT-REF-2_TC-157.dml,,,,,,,,,,NR SA,,,,,,,,,,,,,,,,,,,594,,,On,Connected,-50.000000,2462,58,,,,IWLAN
2948,1,,,-121.9331162,47.5260751,2026-01-23 21:29:35.000,_20260123_124628_CH04_TMO_5GNR_WFC_MT-REF-2_TC-157.dml,,,,,,,,,,NR SA,,,,,,,,,,,,,,,,,,,,,1.992410,,Connected,,,,,,,IWLAN
2949,1,,,-121.9331162,47.5260751,2026-01-23 21:29:36.000,_20260123_124628_CH04_TMO_5GNR_WFC_MT-REF-2_TC-157.dml,,,,,,,,,,NR SA,,,,,,,,,,,,,,,,,,,594,,1.992410,On,Connected,-51.000000,2462,52,,,,IWLAN
2950,1,,,-121.9331162,47.5260751,2026-01-23 21:29:37.000,_20260123_124628_CH04_TMO_5GNR_WFC_MT-REF-2_TC-157.dml,,,,,,,,,,NR SA,,,,,,,,,,,,,,,,,,,,,1.992410,,Connected,,,,,,,IWLAN
2951,1,,,-121.9331162,47.5260751,2026-01-23 21:29:38.000,_20260123_124628_CH04_TMO_5GNR_WFC_MT-REF-2_TC-157.dml,,,,,,,,,,NR SA,,,,,,,,,,,,,,,,,,,,,1.992410,On,Connected,-51.000000,2462,52,,,,IWLAN
2952,1,,,-121.9331162,47.5260751,2026-01-23 21:29:39.000,_20260123_124628_CH04_TMO_5GNR_WFC_MT-REF-2_TC-157.dml,,,,,,,,,,NR SA,,,,,,,,,,,,,,,,,,,594,,1.992410,On,Connected,-51.000000,2462,52,,,,IWLAN
2953,1,,,-121.9331162,47.5260751,2026-01-23 21:29:40.000,_20260123_124628_CH04_TMO_5GNR_WFC_MT-REF-2_TC-157.dml,,,,,,,,,,NR SA,,,,,,,,,,,,,,,,,,,594,,1.992410,On,Connected,-51.000000,2462,52,,,,IWLAN
2954,1,,,-121.9331162,47.5260751,2026-01-23 21:29:41.000,_20260123_124628_CH04_TMO_5GNR_WFC_MT-REF-2_TC-157.dml,,,,,,,,,,NR SA,,,,,,,,,,,,,,,,,,,,,1.992410,On,Connected,-51.000000,2462,52,,,,IWLAN
2955,1,,,-121.9331162,47.5260751,2026-01-23 21:29:42.000,_20260123_124628_CH04_TMO_5GNR_WFC_MT-REF-2_TC-157.dml,,,,,,,,,,NR SA,,,,,,,,,,,,,,,,,,,,,1.992410,On,Connected,-51.000000,2462,52,,,,IWLAN
2956,1,,,-121.9331162,47.5260751,2026-01-23 21:29:43.000,_20260123_124628_CH04_TMO_5GNR_WFC_MT-REF-2_TC-157.dml,,,,,,,,,,NR SA,,,,,,,,,,,,,,,,,,,594,,1.992410,On,Connected,-51.000000,2462,52,,,,IWLAN
2957,1,,,-121.9331162,47.5260751,2026-01-23 21:29:44.000,_20260123_124628_CH04_TMO_5GNR_WFC_MT-REF-2_TC-157.dml,,,,,,,,,,NR SA,,,,,,,,,,,,,,,,,,,,,1.992410,On,Connected,-51.000000,2462,52,,,,IWLAN
2958,1,,,-121.9331162,47.5260751,2026-01-23 21:29:45.301,_20260123_124628_CH04_TMO_5GNR_WFC_MT-REF-2_TC-157.dml,,,,,,,,,,,,,,,,,,,,,,,,,,,,,,-76.474826,,,,,,,,,,
2959,1,,,-121.9331162,47.5260751,2026-01-23 21:29:45.000,_20260123_124628_CH04_TMO_5GNR_WFC_MT-REF-2_TC-157.dml,,,,,,,,,,NR SA,,,,,,,,,,,,,,,,,,,594,,,On,Connected,-51.000000,2462,52,,,,IWLAN
2960,1,,,-121.9331162,47.5260751,2026-01-23 21:29:46.000,_20260123_124628_CH04_TMO_5GNR_WFC_MT-REF-2_TC-157.dml,,,,,,,,,,NR SA,,,,,,,,,,,,,,,,,,,,,,On,Connected,-51.000000,2462,52,,,,IWLAN
2961,1,,,-121.9331162,47.5260751,2026-01-23 21:29:47.000,_20260123_124628_CH04_TMO_5GNR_WFC_MT-REF-2_TC-157.dml,,,,,,,,,,NR SA,,,,,,,,,,,,,,,,,,,,,,On,Connected,-51.000000,2462,52,,,,IWLAN
2962,1,,,-121.9331162,47.5260751,2026-01-23 21:29:48.000,_20260123_124628_CH04_TMO_5GNR_WFC_MT-REF-2_TC-157.dml,,,,,,,,,,NR SA,,,,,,,,,,,,,,,,,,,594,,,,Connected,,,,,,,IWLAN
2963,1,,,-121.9331162,47.5260751,2026-01-23 21:29:49.000,_20260123_124628_CH04_TMO_5GNR_WFC_MT-REF-2_TC-157.dml,,,,,,,,,,NR SA,,,,,,,,,,,,,,,,,,,,,,On,Connected,-51.000000,2462,52,,,,IWLAN
2964,1,,,-121.9331162,47.5260751,2026-01-23 21:29:50.000,_20260123_124628_CH04_TMO_5GNR_WFC_MT-REF-2_TC-157.dml,,,,,,,,,,NR SA,,,,,,,,,,,,,,,,,,,594,,,On,Connected,-51.000000,2462,52,,,,IWLAN
2965,1,,,-121.9331162,47.5260751,2026-01-23 21:29:51.000,_20260123_124628_CH04_TMO_5GNR_WFC_MT-REF-2_TC-157.dml,,,,,,,,,,NR SA,,,,,,,,,,,,,,,,,,,594,,,On,Connected,-50.000000,2462,58,,,,IWLAN
2966,1,,,-121.9331162,47.5260751,2026-01-23 21:29:52.000,_20260123_124628_CH04_TMO_5GNR_WFC_MT-REF-2_TC-157.dml,,,,,,,,,,NR SA,,,,,,,,,,,,,,,,,,,594,,,On,Connected,-50.000000,2462,58,,,,IWLAN
2967,1,,,-121.9331162,47.5260751,2026-01-23 21:29:53.000,_20260123_124628_CH04_TMO_5GNR_WFC_MT-REF-2_TC-157.dml,,,,,,,,,,NR SA,,,,,,,,,,,,,,,,,,,,,,On,Connected,-50.000000,2462,58,,,,IWLAN
2968,1,,,-121.9331162,47.5260751,2026-01-23 21:29:54.000,_20260123_124628_CH04_TMO_5GNR_WFC_MT-REF-2_TC-157.dml,,,,,,,,,,NR SA,,,,,,,,,,,,,,,,,,,594,,,On,Connected,-51.000000,2462,52,,,,IWLAN
2969,1,,,-121.9331162,47.5260751,2026-01-23 21:29:55.000,_20260123_124628_CH04_TMO_5GNR_WFC_MT-REF-2_TC-157.dml,,,,,,,,,,NR SA,,,,,,,,,,,,,,,,,,,,,2.436224,On,Connected,-51.000000,2462,52,,,,IWLAN
2970,1,,,-121.9331162,47.5260751,2026-01-23 21:29:56.000,_20260123_124628_CH04_TMO_5GNR_WFC_MT-REF-2_TC-157.dml,,,,,,,,,,NR SA,,,,,,,,,,,,,,,,,,,594,,2.436224,On,Connected,-51.000000,2462,52,,,,IWLAN
2971,1,,,-121.9331162,47.5260751,2026-01-23 21:29:57.000,_20260123_124628_CH04_TMO_5GNR_WFC_MT-REF-2_TC-157.dml,,,,,,,,,,NR SA,,,,,,,,,,,,,,,,,,,,,2.436224,On,Connected,-52.000000,2462,39,,,,IWLAN
2972,1,,,-121.9331162,47.5260751,2026-01-23 21:29:58.000,_20260123_124628_CH04_TMO_5GNR_WFC_MT-REF-2_TC-157.dml,,,,,,,,,,NR SA,,,,,,,,,,,,,,,,,,,,,2.436224,On,Connected,-52.000000,2462,39,,,,IWLAN
2973,1,,,-121.9331162,47.5260751,2026-01-23 21:29:59.000,_20260123_124628_CH04_TMO_5GNR_WFC_MT-REF-2_TC-157.dml,,,,,,,,,,NR SA,,,,,,,,,,,,,,,,,,,594,,2.436224,On,Connected,-52.000000,2462,39,,,,IWLAN
2974,1,,,-121.9331162,47.5260751,2026-01-23 21:30:00.000,_20260123_124628_CH04_TMO_5GNR_WFC_MT-REF-2_TC-157.dml,,,,,,,,,,NR SA,,,,,,,,,,,,,,,,,,,594,,2.436224,On,Connected,-51.000000,2462,52,,,,IWLAN
2975,1,,,-121.9331162,47.5260751,2026-01-23 21:30:01.000,_20260123_124628_CH04_TMO_5GNR_WFC_MT-REF-2_TC-157.dml,,,,,,,,,,NR SA,,,,,,,,,,,,,,,,,,,,,2.436224,On,Connected,-51.000000,2462,52,,,,IWLAN
2976,1,,,-121.9331162,47.5260751,2026-01-23 21:30:02.000,_20260123_124628_CH04_TMO_5GNR_WFC_MT-REF-2_TC-157.dml,,,,,,,,,,NR SA,,,,,,,,,,,,,,,,,,,,,2.436224,On,Connected,-51.000000,2462,52,,,,IWLAN
2977,1,,,-121.9331162,47.5260751,2026-01-23 21:30:03.000,_20260123_124628_CH04_TMO_5GNR_WFC_MT-REF-2_TC-157.dml,,,,,,,,,,NR SA,,,,,,,,,,,,,,,,,,,594,,2.436224,On,Connected,-51.000000,2462,52,,,,IWLAN
2978,1,,,-121.9331162,47.5260751,2026-01-23 21:30:04.000,_20260123_124628_CH04_TMO_5GNR_WFC_MT-REF-2_TC-157.dml,,,,,,,,,,NR SA,,,,,,,,,,,,,,,,,,,,,2.436224,On,Connected,-51.000000,2462,52,,,,IWLAN
2979,1,,,-121.9331162,47.5260751,2026-01-23 21:30:05.325,_20260123_124628_CH04_TMO_5GNR_WFC_MT-REF-2_TC-157.dml,,,,,,,,,,,,,,,,,,,,,,,,,,,,,,-78.655382,,,,,,,,,,
2980,1,,,-121.9331162,47.5260751,2026-01-23 21:30:05.000,_20260123_124628_CH04_TMO_5GNR_WFC_MT-REF-2_TC-157.dml,,,,,,,,,,NR SA,,,,,,,,,,,,,,,,,,,594,,,On,Connected,-51.000000,2462,52,,,,IWLAN
2981,1,,,-121.9331162,47.5260751,2026-01-23 21:30:06.000,_20260123_124628_CH04_TMO_5GNR_WFC_MT-REF-2_TC-157.dml,,,,,,,,,,NR SA,,,,,,,,,,,,,,,,,,,594,,,On,Connected,-50.000000,2462,52,,,,IWLAN
2982,1,,,-121.9331162,47.5260751,2026-01-23 21:30:07.000,_20260123_124628_CH04_TMO_5GNR_WFC_MT-REF-2_TC-157.dml,,,,,,,,,,NR SA,,,,,,,,,,,,,,,,,,,,,,On,Connected,-50.000000,2462,52,,,,IWLAN
2983,1,,,-121.9331162,47.5260751,2026-01-23 21:30:08.000,_20260123_124628_CH04_TMO_5GNR_WFC_MT-REF-2_TC-157.dml,,,,,,,,,,NR SA,,,,,,,,,,,,,,,,,,,,,,On,Connected,-50.000000,2462,52,,,,IWLAN
2984,1,,,-121.9331162,47.5260751,2026-01-23 21:30:09.000,_20260123_124628_CH04_TMO_5GNR_WFC_MT-REF-2_TC-157.dml,,,,,,,,,,NR SA,,,,,,,,,,,,,,,,,,,594,,,On,Connected,-50.000000,2462,52,,,,IWLAN
2985,1,,,-121.9331162,47.5260751,2026-01-23 21:30:10.000,_20260123_124628_CH04_TMO_5GNR_WFC_MT-REF-2_TC-157.dml,,,,,,,,,,NR SA,,,,,,,,,,,,,,,,,,,,,,On,Connected,-50.000000,2462,52,,,,IWLAN
2986,1,,,-121.9331162,47.5260751,2026-01-23 21:30:11.000,_20260123_124628_CH04_TMO_5GNR_WFC_MT-REF-2_TC-157.dml,,,,,,,,,,NR SA,,,,,,,,,,,,,,,,,,,,,,On,Connected,-50.000000,2462,52,,,,IWLAN
2987,1,,,-121.9331162,47.5260751,2026-01-23 21:30:12.000,_20260123_124628_CH04_TMO_5GNR_WFC_MT-REF-2_TC-157.dml,,,,,,,,,,NR SA,,,,,,,,,,,,,,,,,,,594,,,On,Connected,-50.000000,2462,52,,,,IWLAN
2988,1,,,-121.9331162,47.5260751,2026-01-23 21:30:13.000,_20260123_124628_CH04_TMO_5GNR_WFC_MT-REF-2_TC-157.dml,,,,,,,,,,NR SA,,,,,,,,,,,,,,,,,,,,,,On,Connected,-50.000000,2462,52,,,,IWLAN
2989,1,,,-121.9331162,47.5260751,2026-01-23 21:30:14.000,_20260123_124628_CH04_TMO_5GNR_WFC_MT-REF-2_TC-157.dml,,,,,,,,,,NR SA,,,,,,,,,,,,,,,,,,,594,,,On,Connected,-50.000000,2462,52,,,,IWLAN
2990,1,,,-121.9331162,47.5260751,2026-01-23 21:30:15.000,_20260123_124628_CH04_TMO_5GNR_WFC_MT-REF-2_TC-157.dml,,,,,,,,,,NR SA,,,,,,,,,,,,,,,,,,,,,1.926878,On,Connected,-51.000000,2462,52,,,,IWLAN
2991,1,,,-121.9331162,47.5260751,2026-01-23 21:30:16.000,_20260123_124628_CH04_TMO_5GNR_WFC_MT-REF-2_TC-157.dml,,,,,,,,,,NR SA,,,,,,,,,,,,,,,,,,,,,1.926878,On,Connected,-51.000000,2462,52,,,,IWLAN
2992,1,,,-121.9331162,47.5260751,2026-01-23 21:30:17.000,_20260123_124628_CH04_TMO_5GNR_WFC_MT-REF-2_TC-157.dml,,,,,,,,,,NR SA,,,,,,,,,,,,,,,,,,,594,,1.926878,On,Connected,-51.000000,2462,52,,,,IWLAN
2993,1,,,-121.9331162,47.5260751,2026-01-23 21:30:18.000,_20260123_124628_CH04_TMO_5GNR_WFC_MT-REF-2_TC-157.dml,,,,,,,,,,NR SA,,,,,,,,,,,,,,,,,,,,,1.926878,On,Connected,-51.000000,2462,52,,,,IWLAN
2994,1,,,-121.9331162,47.5260751,2026-01-23 21:30:19.000,_20260123_124628_CH04_TMO_5GNR_WFC_MT-REF-2_TC-157.dml,,,,,,,,,,NR SA,,,,,,,,,,,,,,,,,,,594,,1.926878,On,Connected,-51.000000,2462,52,,,,IWLAN
2995,1,,,-121.9331162,47.5260751,2026-01-23 21:30:20.000,_20260123_124628_CH04_TMO_5GNR_WFC_MT-REF-2_TC-157.dml,,,,,,,,,,NR SA,,,,,,,,,,,,,,,,,,,,,1.926878,On,Connected,-51.000000,2462,52,,,,IWLAN
2996,1,,,-121.9331162,47.5260751,2026-01-23 21:30:21.000,_20260123_124628_CH04_TMO_5GNR_WFC_MT-REF-2_TC-157.dml,,,,,,,,,,NR SA,,,,,,,,,,,,,,,,,,,,,1.926878,On,Connected,-51.000000,2462,52,,,,IWLAN
2997,1,,,-121.9331162,47.5260751,2026-01-23 21:30:22.000,_20260123_124628_CH04_TMO_5GNR_WFC_MT-REF-2_TC-157.dml,,,,,,,,,,NR SA,,,,,,,,,,,,,,,,,,,594,,1.926878,On,Connected,-51.000000,2462,52,,,,IWLAN
2998,1,,,-121.9331162,47.5260751,2026-01-23 21:30:23.000,_20260123_124628_CH04_TMO_5GNR_WFC_MT-REF-2_TC-157.dml,,,,,,,,,,NR SA,,,,,,,,,,,,,,,,,,,,,1.926878,On,Connected,-51.000000,2462,52,,,,IWLAN
2999,1,,,-121.9331162,47.5260751,2026-01-23 21:30:24.000,_20260123_124628_CH04_TMO_5GNR_WFC_MT-REF-2_TC-157.dml,,,,,,,,,,NR SA,,,,,,,,,,,,,,,,,,,,,1.926878,On,Connected,-52.000000,2462,52,,,,IWLAN
3000,1,,,-121.9331162,47.5260751,2026-01-23 21:30:25.000,_20260123_124628_CH04_TMO_5GNR_WFC_MT-REF-2_TC-157.dml,,,,,,,,,,NR SA,,,,,,,,,,,,,,,,,,,594,,1.926878,On,Connected,-52.000000,2462,52,,,,IWLAN
3001,1,,,-121.9331162,47.5260751,2026-01-23 21:30:25.358,_20260123_124628_CH04_TMO_5GNR_WFC_MT-REF-2_TC-157.dml,,,,,,,,,,,,,,,,,,,,,,,,,,,,,,-76.514757,,,,,,,,,,
3002,1,,,-121.9331162,47.5260751,2026-01-23 21:30:26.000,_20260123_124628_CH04_TMO_5GNR_WFC_MT-REF-2_TC-157.dml,,,,,,,,,,NR SA,,,,,,,,,,,,,,,,,,,594,,,On,Connected,-52.000000,2462,52,,,,IWLAN
3003,1,,,-121.9331162,47.5260751,2026-01-23 21:30:27.000,_20260123_124628_CH04_TMO_5GNR_WFC_MT-REF-2_TC-157.dml,,,,,,,,,,NR SA,,,,,,,,,,,,,,,,,,,,,,On,Connected,-51.000000,2462,52,,,,IWLAN
3004,1,,,-121.9331162,47.5260751,2026-01-23 21:30:28.000,_20260123_124628_CH04_TMO_5GNR_WFC_MT-REF-2_TC-157.dml,,,,,,,,,,NR SA,,,,,,,,,,,,,,,,,,,594,,,On,Connected,-51.000000,2462,52,,,,IWLAN
3005,1,,,-121.9331162,47.5260751,2026-01-23 21:30:29.000,_20260123_124628_CH04_TMO_5GNR_WFC_MT-REF-2_TC-157.dml,,,,,,,,,,NR SA,,,,,,,,,,,,,,,,,,,,,,On,Connected,-51.000000,2462,52,,,,IWLAN
3006,1,,,-121.9331162,47.5260751,2026-01-23 21:30:30.000,_20260123_124628_CH04_TMO_5GNR_WFC_MT-REF-2_TC-157.dml,,,,,,,,,,NR SA,,,,,,,,,,,,,,,,,,,,,,On,Connected,-51.000000,2462,39,,,,IWLAN
3007,1,,,-121.9331162,47.5260751,2026-01-23 21:30:31.000,_20260123_124628_CH04_TMO_5GNR_WFC_MT-REF-2_TC-157.dml,,,,,,,,,,NR SA,,,,,,,,,,,,,,,,,,,594,,,On,Connected,-51.000000,2462,39,,,,IWLAN
3008,1,,,-121.9331162,47.5260751,2026-01-23 21:30:32.000,_20260123_124628_CH04_TMO_5GNR_WFC_MT-REF-2_TC-157.dml,,,,,,,,,,NR SA,,,,,,,,,,,,,,,,,,,,,,On,Connected,-51.000000,2462,39,,,,IWLAN
3009,1,,,-121.9331162,47.5260751,2026-01-23 21:30:33.000,_20260123_124628_CH04_TMO_5GNR_WFC_MT-REF-2_TC-157.dml,,,,,,,,,,NR SA,,,,,,,,,,,,,,,,,,,,,,On,Connected,-52.000000,2462,39,,,,IWLAN
3010,1,,,-121.9331162,47.5260751,2026-01-23 21:30:34.000,_20260123_124628_CH04_TMO_5GNR_WFC_MT-REF-2_TC-157.dml,,,,,,,,,,NR SA,,,,,,,,,,,,,,,,,,,594,,,On,Connected,-52.000000,2462,39,,,,IWLAN
3011,1,,,-121.9331162,47.5260751,2026-01-23 21:30:35.000,_20260123_124628_CH04_TMO_5GNR_WFC_MT-REF-2_TC-157.dml,,,,,,,,,,NR SA,,,,,,,,,,,,,,,,,,,,,,On,Connected,-52.000000,2462,39,,,,IWLAN
3012,1,,,-121.9331162,47.5260751,2026-01-23 21:30:36.000,_20260123_124628_CH04_TMO_5GNR_WFC_MT-REF-2_TC-157.dml,,,,,,,,,,NR SA,,,,,,,,,,,,,,,,,,,594,,1.856498,On,Connected,-53.000000,2462,52,,,,IWLAN
3013,1,,,-121.9331162,47.5260751,2026-01-23 21:30:37.000,_20260123_124628_CH04_TMO_5GNR_WFC_MT-REF-2_TC-157.dml,,,,,,,,,,NR SA,,,,,,,,,,,,,,,,,,,594,,1.856498,On,Connected,-53.000000,2462,52,,,,IWLAN
3014,1,,,-121.9331162,47.5260751,2026-01-23 21:30:38.000,_20260123_124628_CH04_TMO_5GNR_WFC_MT-REF-2_TC-157.dml,,,,,,,,,,NR SA,,,,,,,,,,,,,,,,,,,,,1.856498,On,Connected,-53.000000,2462,52,,,,IWLAN
3015,1,,,-121.9331162,47.5260751,2026-01-23 21:30:39.000,_20260123_124628_CH04_TMO_5GNR_WFC_MT-REF-2_TC-157.dml,,,,,,,,,,NR SA,,,,,,,,,,,,,,,,,,,,,1.856498,On,Connected,-52.000000,2462,52,,,,IWLAN
3016,1,,,-121.9331162,47.5260751,2026-01-23 21:30:40.000,_20260123_124628_CH04_TMO_5GNR_WFC_MT-REF-2_TC-157.dml,,,,,,,,,,NR SA,,,,,,,,,,,,,,,,,,,594,,1.856498,On,Connected,-52.000000,2462,52,,,,IWLAN
3017,1,,,-121.9331162,47.5260751,2026-01-23 21:30:41.000,_20260123_124628_CH04_TMO_5GNR_WFC_MT-REF-2_TC-157.dml,,,,,,,,,,NR SA,,,,,,,,,,,,,,,,,,,594,,1.856498,On,Connected,-52.000000,2462,52,,,,IWLAN
3018,1,,,-121.9331162,47.5260751,2026-01-23 21:30:42.000,_20260123_124628_CH04_TMO_5GNR_WFC_MT-REF-2_TC-157.dml,,,,,,,,,,NR SA,,,,,,,,,,,,,,,,,,,,,1.856498,On,Connected,-56.000000,2462,52,,,,IWLAN
3019,1,,,-121.9331162,47.5260751,2026-01-23 21:30:43.000,_20260123_124628_CH04_TMO_5GNR_WFC_MT-REF-2_TC-157.dml,,,,,,,,,,NR SA,,,,,,,,,,,,,,,,,,,,,1.856498,On,Connected,-56.000000,2462,52,,,,IWLAN
3020,1,,,-121.9331162,47.5260751,2026-01-23 21:30:44.000,_20260123_124628_CH04_TMO_5GNR_WFC_MT-REF-2_TC-157.dml,,,,,,,,,,NR SA,,,,,,,,,,,,,,,,,,,594,,1.856498,On,Connected,-56.000000,2462,52,,,,IWLAN
3021,1,,,-121.9331162,47.5260751,2026-01-23 21:30:45.000,_20260123_124628_CH04_TMO_5GNR_WFC_MT-REF-2_TC-157.dml,,,,,,,,,,NR SA,,,,,,,,,,,,,,,,,,,,,,On,Connected,-55.000000,2462,52,,,,IWLAN
3022,1,,,-121.9331162,47.5260751,2026-01-23 21:30:45.272,_20260123_124628_CH04_TMO_5GNR_WFC_MT-REF-2_TC-157.dml,,,,,,,,,,,,,,,,,,,,,,,,,,,,,,-74.659375,,,,,,,,,,
3023,1,,,-121.9331162,47.5260751,2026-01-23 21:30:46.000,_20260123_124628_CH04_TMO_5GNR_WFC_MT-REF-2_TC-157.dml,,,,,,,,,,NR SA,,,,,,,,,,,,,,,,,,,594,,,On,Connected,-55.000000,2462,52,,,,IWLAN
3024,1,,,-121.9331162,47.5260751,2026-01-23 21:30:47.000,_20260123_124628_CH04_TMO_5GNR_WFC_MT-REF-2_TC-157.dml,,,,,,,,,,NR SA,,,,,,,,,,,,,,,,,,,,,,On,Connected,-55.000000,2462,52,,,,IWLAN
3025,1,,,-121.9331162,47.5260751,2026-01-23 21:30:48.000,_20260123_124628_CH04_TMO_5GNR_WFC_MT-REF-2_TC-157.dml,,,,,,,,,,NR SA,,,,,,,,,,,,,,,,,,,,,,On,Connected,-52.000000,2462,52,,,,IWLAN
3026,1,,,-121.9331162,47.5260751,2026-01-23 21:30:49.000,_20260123_124628_CH04_TMO_5GNR_WFC_MT-REF-2_TC-157.dml,,,,,,,,,,NR SA,,,,,,,,,,,,,,,,,,,594,,,On,Connected,-52.000000,2462,52,,,,IWLAN
3027,1,,,-121.9331162,47.5260751,2026-01-23 21:30:50.000,_20260123_124628_CH04_TMO_5GNR_WFC_MT-REF-2_TC-157.dml,,,,,,,,,,NR SA,,,,,,,,,,,,,,,,,,,,,,On,Connected,-52.000000,2462,52,,,,IWLAN
3028,1,,,-121.9331162,47.5260751,2026-01-23 21:30:51.000,_20260123_124628_CH04_TMO_5GNR_WFC_MT-REF-2_TC-157.dml,,,,,,,,,,NR SA,,,,,,,,,,,,,,,,,,,594,,,On,Connected,-51.000000,2462,52,,,,IWLAN
3029,1,,,-121.9331162,47.5260751,2026-01-23 21:30:52.000,_20260123_124628_CH04_TMO_5GNR_WFC_MT-REF-2_TC-157.dml,,,,,,,,,,NR SA,,,,,,,,,,,,,,,,,,,,,,On,Connected,-51.000000,2462,52,,,,IWLAN
3030,1,,,-121.9331162,47.5260751,2026-01-23 21:30:53.000,_20260123_124628_CH04_TMO_5GNR_WFC_MT-REF-2_TC-157.dml,,,,,,,,,,NR SA,,,,,,,,,,,,,,,,,,,594,,,On,Connected,-51.000000,2462,52,,,,IWLAN
3031,1,,,-121.9331162,47.5260751,2026-01-23 21:30:54.000,_20260123_124628_CH04_TMO_5GNR_WFC_MT-REF-2_TC-157.dml,,,,,,,,,,NR SA,,,,,,,,,,,,,,,,,,,,,,On,Connected,-51.000000,2462,58,,,,IWLAN
3032,1,,,-121.9331162,47.5260751,2026-01-23 21:30:55.000,_20260123_124628_CH04_TMO_5GNR_WFC_MT-REF-2_TC-157.dml,,,,,,,,,,NR SA,,,,,,,,,,,,,,,,,,,594,,,On,Connected,-51.000000,2462,58,,,,IWLAN
3033,1,,,-121.9331162,47.5260751,2026-01-23 21:30:54.989,_20260123_124628_CH04_TMO_5GNR_WFC_MT-REF-2_TC-157.dml,,,,,,,,,,,,,,,,,,,,,,,[Tool] Voice - Pair Channel Call Drop,,,,,,,,,,,,,,,,,
3034,1,,,-121.9331162,47.5260751,2026-01-23 21:30:54.989,_20260123_124628_CH04_TMO_5GNR_WFC_MT-REF-2_TC-157.dml,,,,,,,,,,,,,,,,,,,,,,,[Tool] Voice - Release Call Request,,,,,,,,,,,,,,,,,
3035,1,,,-121.9331162,47.5260751,2026-01-23 21:30:55.498,_20260123_124628_CH04_TMO_5GNR_WFC_MT-REF-2_TC-157.dml,,,,,,,,,,,,,,,,,,,,,,BQ,[Tool] Voice - Call Result : BQ,,,,,,,,,,,,,,,,,
3036,1,,,-121.9331162,47.5260751,2026-01-23 21:30:55.498,_20260123_124628_CH04_TMO_5GNR_WFC_MT-REF-2_TC-157.dml,,,,,,,,,,,,,,,,,,,,,,,[UE]   Voice - Release Call Success,,,,,,,,,,,,,,,,,
3037,1,,,-121.9331162,47.5260751,2026-01-23 21:30:56.000,_20260123_124628_CH04_TMO_5GNR_WFC_MT-REF-2_TC-157.dml,,,,,,,,,,,,,,,,,,,,,,,,,,,,,,,,On,Connected,-51.000000,2462,58,,,,IWLAN
3038,1,,,-121.9331162,47.5260751,2026-01-23 21:30:57.000,_20260123_124628_CH04_TMO_5GNR_WFC_MT-REF-2_TC-157.dml,,,,,,,,,,,,,,,,,,,,,,,,,,,,,,,,On,Connected,-59.000000,2462,39,,,,IWLAN
3039,1,,,-121.9331162,47.5260751,2026-01-23 21:30:58.000,_20260123_124628_CH04_TMO_5GNR_WFC_MT-REF-2_TC-157.dml,,,,,,,,,,,,,,,,,,,,,,,,,,,,,594,,,On,Connected,-59.000000,2462,39,,,,IWLAN
3040,1,,,-121.9331162,47.5260751,2026-01-23 21:30:59.000,_20260123_124628_CH04_TMO_5GNR_WFC_MT-REF-2_TC-157.dml,,,,,,,,,,,,,,,,,,,,,,,,,,,,,,,,On,Connected,-59.000000,2462,39,,,,IWLAN
3041,1,,,-121.9331162,47.5260751,2026-01-23 21:31:00.494,_20260123_124628_CH04_TMO_5GNR_WFC_MT-REF-2_TC-157.dml,,,,,,,,,,,,,,,,,,,,,,,[UE]   Voice - Release Call Success,,,,,,,,,,,,,,,,,
3042,1,,,-121.9331162,47.5260751,2026-01-23 21:31:00.000,_20260123_124628_CH04_TMO_5GNR_WFC_MT-REF-2_TC-157.dml,,,,,,,,,,,,,,,,,,,,,,,,,,,,,594,,,On,Connected,-56.000000,2462,39,,,,IWLAN
3043,1,,,-121.9331162,47.5260751,2026-01-23 21:31:01.000,_20260123_124628_CH04_TMO_5GNR_WFC_MT-REF-2_TC-157.dml,,,,,,,,,,,,,,,,,,,,,,,,,,,,,,,,On,Connected,-56.000000,2462,39,,,,IWLAN
3044,1,,,-121.9331162,47.5260751,2026-01-23 21:31:02.000,_20260123_124628_CH04_TMO_5GNR_WFC_MT-REF-2_TC-157.dml,,,,,,,,,,,,,,,,,,,,,,,,,,,,,,,,On,Connected,-56.000000,2462,39,,,,IWLAN
3045,1,,,-121.9331162,47.5260751,2026-01-23 21:31:03.000,_20260123_124628_CH04_TMO_5GNR_WFC_MT-REF-2_TC-157.dml,,,,,,,,,,,,,,,,,,,,,,,,,,,,,594,,,On,Connected,-58.000000,2462,39,,,,IWLAN
3046,1,,,-121.9331162,47.5260751,2026-01-23 21:31:04.000,_20260123_124628_CH04_TMO_5GNR_WFC_MT-REF-2_TC-157.dml,,,,,,,,,,,,,,,,,,,,,,,,,,,,,,,,On,Connected,-58.000000,2462,39,,,,IWLAN
3047,1,,,-121.9331162,47.5260751,2026-01-23 21:31:05.000,_20260123_124628_CH04_TMO_5GNR_WFC_MT-REF-2_TC-157.dml,,,,,,,,,,,,,,,,,,,,,,,,,,,,,594,,,On,Connected,-58.000000,2462,39,,,,IWLAN
3048,1,,,-121.9331162,47.5260751,2026-01-23 21:31:06.000,_20260123_124628_CH04_TMO_5GNR_WFC_MT-REF-2_TC-157.dml,,,,,,,,,,,,,,,,,,,,,,,,,,,,,,,,On,Connected,-54.000000,2462,39,,,,IWLAN
3049,1,,,-121.9331162,47.5260751,2026-01-23 21:31:07.000,_20260123_124628_CH04_TMO_5GNR_WFC_MT-REF-2_TC-157.dml,,,,,,,,,,,,,,,,,,,,,,,,,,,,,,,,On,Connected,-54.000000,2462,39,,,,IWLAN
3050,1,,,-121.9331162,47.5260751,2026-01-23 21:31:08.000,_20260123_124628_CH04_TMO_5GNR_WFC_MT-REF-2_TC-157.dml,,,,,,,,,,,,,,,,,,,,,,,,,,,,,594,,,On,Connected,-54.000000,2462,39,,,,IWLAN
3051,1,,,-121.9331162,47.5260751,2026-01-23 21:31:09.000,_20260123_124628_CH04_TMO_5GNR_WFC_MT-REF-2_TC-157.dml,,,,,,,,,,,,,,,,,,,,,,,,,,,,,,,,On,Connected,-51.000000,2462,39,,,,IWLAN
3052,1,,,-121.9331162,47.5260751,2026-01-23 21:31:10.000,_20260123_124628_CH04_TMO_5GNR_WFC_MT-REF-2_TC-157.dml,,,,,,,,,,,,,,,,,,,,,,,,,,,,,,,,On,Connected,-51.000000,2462,39,,,,IWLAN
3053,1,,,-121.9331162,47.5260751,2026-01-23 21:31:11.000,_20260123_124628_CH04_TMO_5GNR_WFC_MT-REF-2_TC-157.dml,,,,,,,,,,,,,,,,,,,,,,,,,,,,,594,,,On,Connected,-51.000000,2462,39,,,,IWLAN
3054,1,,,-121.9331162,47.5260751,2026-01-23 21:31:12.000,_20260123_124628_CH04_TMO_5GNR_WFC_MT-REF-2_TC-157.dml,,,,,,,,,,,,,,,,,,,,,,,,,,,,,,,,On,Connected,-51.000000,2462,39,,,,IWLAN
3055,1,,,-121.9331162,47.5260751,2026-01-23 21:31:13.000,_20260123_124628_CH04_TMO_5GNR_WFC_MT-REF-2_TC-157.dml,,,,,,,,,,,,,,,,,,,,,,,,,,,,,594,,,On,Connected,-51.000000,2462,39,,,,IWLAN
3056,1,,,-121.9331162,47.5260751,2026-01-23 21:31:14.000,_20260123_124628_CH04_TMO_5GNR_WFC_MT-REF-2_TC-157.dml,,,,,,,,,,,,,,,,,,,,,,,,,,,,,,,,On,Connected,-51.000000,2462,39,,,,IWLAN
3057,1,,,-121.9331162,47.5260751,2026-01-23 21:31:15.000,_20260123_124628_CH04_TMO_5GNR_WFC_MT-REF-2_TC-157.dml,,,,,,,,,,,,,,,,,,,,,,,,,,,,,,,,On,Connected,-51.000000,2462,39,,,,IWLAN
3058,1,,,-121.9331162,47.5260751,2026-01-23 21:31:16.000,_20260123_124628_CH04_TMO_5GNR_WFC_MT-REF-2_TC-157.dml,,,,,,,,,,,,,,,,,,,,,,,,,,,,,594,,,On,Connected,-51.000000,2462,39,,,,IWLAN
3059,1,,,-121.9331162,47.5260751,2026-01-23 21:31:17.000,_20260123_124628_CH04_TMO_5GNR_WFC_MT-REF-2_TC-157.dml,,,,,,,,,,,,,,,,,,,,,,,,,,,,,,,,,Connected,,,,,,,IWLAN
3060,1,,,-121.9331162,47.5260751,2026-01-23 21:31:18.000,_20260123_124628_CH04_TMO_5GNR_WFC_MT-REF-2_TC-157.dml,,,,,,,,,,,,,,,,,,,,,,,,,,,,,594,,,On,Connected,-53.500000,2462,39,,,,IWLAN
3061,1,,,-121.9331162,47.5260751,2026-01-23 21:31:19.000,_20260123_124628_CH04_TMO_5GNR_WFC_MT-REF-2_TC-157.dml,,,,,,,,,,,,,,,,,,,,,,,,,,,,,,,,On,Connected,-56.000000,2462,39,,,,IWLAN
3062,1,,,-121.9331162,47.5260751,2026-01-23 21:31:20.000,_20260123_124628_CH04_TMO_5GNR_WFC_MT-REF-2_TC-157.dml,,,,,,,,,,,,,,,,,,,,,,,,,,,,,,,,On,Connected,-56.000000,2462,39,,,,IWLAN
3063,1,,,-121.9331162,47.5260751,2026-01-23 21:31:21.000,_20260123_124628_CH04_TMO_5GNR_WFC_MT-REF-2_TC-157.dml,,,,,,,,,,,,,,,,,,,,,,,,,,,,,594,,,On,Connected,-56.000000,2462,39,,,,IWLAN
3064,1,,,-121.9331162,47.5260751,2026-01-23 21:31:22.000,_20260123_124628_CH04_TMO_5GNR_WFC_MT-REF-2_TC-157.dml,,,,,,,,,,,,,,,,,,,,,,,,,,,,,,,,On,Connected,-56.000000,2462,39,,,,IWLAN
3065,1,,,-121.9331162,47.5260751,2026-01-23 21:31:23.000,_20260123_124628_CH04_TMO_5GNR_WFC_MT-REF-2_TC-157.dml,,,,,,,,,,,,,,,,,,,,,,,,,,,,,594,,,On,Connected,-56.000000,2462,39,,,,IWLAN
3066,1,,,-121.9331162,47.5260751,2026-01-23 21:31:23.066,_20260123_124628_CH04_TMO_5GNR_WFC_MT-REF-2_TC-157.dml,,,,,,,,,,,,,,,,,,,,,,,[Tool] Voice - Release Call Request,,,,,,,,,,,,,,,,,
3067,1,,,-121.9331162,47.5260751,2026-01-23 21:31:23.204,_20260123_124628_CH04_TMO_5GNR_WFC_MT-REF-2_TC-157.dml,,,,,,,,,,,,,,,,,,,,,,,[Tool] Voice - Answer Request,,,,,,,,,,,,,,,,,
3068,1,,,-121.9331162,47.5260751,2026-01-23 21:31:24.000,_20260123_124628_CH04_TMO_5GNR_WFC_MT-REF-2_TC-157.dml,,,,,,,,,,,,,,,,,,,,,,,,,,,,,,,,On,Connected,-56.000000,2462,39,,,,IWLAN
3069,1,,,-121.9331162,47.5260751,2026-01-23 21:31:25.000,_20260123_124628_CH04_TMO_5GNR_WFC_MT-REF-2_TC-157.dml,,,,,,,,,,,,,,,,,,,,,,,,,,,,,,,,On,Connected,-56.000000,2462,39,,,,IWLAN
3070,1,,,-121.9331162,47.5260751,2026-01-23 21:31:25.803,_20260123_124628_CH04_TMO_5GNR_WFC_MT-REF-2_TC-157.dml,,,,,,,,,,,,,,,,,,,,,,,[Tool] Voice - Call Scheduling End,,,,,,,,,,,,,,,,,
3071,1,,,-121.9331162,47.5260751,2026-01-23 21:31:25.803,_20260123_124628_CH04_TMO_5GNR_WFC_MT-REF-2_TC-157.dml,NR SA,Voice,BQ,NR SA,NR SA,Qualcomm,,354877970012475,,,,,,,,,BQ,Termination,BQ,,,,,,,,,90.308000,,,,,,,,,,EPSFB,,
3072,1,,,-121.9331162,47.5260751,2026-01-23 21:31:25.803,_20260123_124628_CH04_TMO_5GNR_WFC_MT-REF-2_TC-157.dml,,,,,,,,,,,,,,,,,,,,,,,[Tool] Voice - Release Call Request,,,,,,,,,,,,,,,,,
3073,1,,,-121.9331162,47.5260751,2026-01-23 21:31:26.000,_20260123_124628_CH04_TMO_5GNR_WFC_MT-REF-2_TC-157.dml,,,,,,,,,,,,,,,,,,,,,,,,,,,,,594,,,On,Connected,-56.000000,2462,39,,,,IWLAN
3074,1,,,-121.9331162,47.5260751,2026-01-23 21:31:26.083,_20260123_124628_CH04_TMO_5GNR_WFC_MT-REF-2_TC-157.dml,,,,,,,,,,,,,,,,,,,,,,,[Tool] Voice - Call Scheduling Start(Term),,,,,,,,,,,,,,,,,
3075,1,,,-121.9331162,47.5260751,2026-01-23 21:31:26.083,_20260123_124628_CH04_TMO_5GNR_WFC_MT-REF-2_TC-157.dml,,,,,,,,,,,,,,,,,,,,,,,[Tool] Voice - Wait Page,,,,,,,,,,,,,,,,,
3076,1,,,-121.9331162,47.5260751,2026-01-23 21:31:27.000,_20260123_124628_CH04_TMO_5GNR_WFC_MT-REF-2_TC-157.dml,,,,,,,,,,,,,,,,,,,,,,,,,,,,,594,,,On,Connected,-59.000000,2462,39,,,,IWLAN
3077,1,,,-121.9331162,47.5260751,2026-01-23 21:31:28.000,_20260123_124628_CH04_TMO_5GNR_WFC_MT-REF-2_TC-157.dml,,,,,,,,,,,,,,,,,,,,,,,,,,,,,,,,On,Connected,-59.000000,2462,39,,,,IWLAN
3078,1,,,-121.9331162,47.5260751,2026-01-23 21:31:29.000,_20260123_124628_CH04_TMO_5GNR_WFC_MT-REF-2_TC-157.dml,,,,,,,,,,,,,,,,,,,,,,,,,,,,,,,,On,Connected,-59.000000,2462,39,,,,IWLAN
3079,1,,,-121.9331162,47.5260751,2026-01-23 21:31:30.000,_20260123_124628_CH04_TMO_5GNR_WFC_MT-REF-2_TC-157.dml,,,,,,,,,,,,,,,,,,,,,,,,,,,,,594,,,On,Connected,-54.000000,2462,39,,,,IWLAN
3080,1,,,-121.9331162,47.5260751,2026-01-23 21:31:30.822,_20260123_124628_CH04_TMO_5GNR_WFC_MT-REF-2_TC-157.dml,,,,,,,,,,,,,,,,,,,,,,,[Tool] Voice - Answer Request,,,,,,,,,,,,,,,,,
3081,1,,,-121.9331162,47.5260751,2026-01-23 21:31:31.000,_20260123_124628_CH04_TMO_5GNR_WFC_MT-REF-2_TC-157.dml,,,,,,,,,,,,,,,,,,,,,,,,,,,,,594,,,On,Connected,-54.000000,2462,39,,,,IWLAN
3082,1,,,-121.9331162,47.5260751,2026-01-23 21:31:31.834,_20260123_124628_CH04_TMO_5GNR_WFC_MT-REF-2_TC-157.dml,,,,,,,,,,,,,,,,,,,,,,,[UE]   Voice - Setup Success,,,,,,,,,,,,,,,,,
3083,1,,,-121.9331162,47.5260751,2026-01-23 21:31:32.000,_20260123_124628_CH04_TMO_5GNR_WFC_MT-REF-2_TC-157.dml,,,,,,,,,,NR SA,,,,,,,,,,,,,,,,,,,,,,On,Connected,-54.000000,2462,39,,,,IWLAN
3084,1,,,-121.9331162,47.5260751,2026-01-23 21:31:33.000,_20260123_124628_CH04_TMO_5GNR_WFC_MT-REF-2_TC-157.dml,,,,,,,,,,NR SA,,,,,,,,,,,,,,,,,,,,,,On,Connected,-52.000000,2462,52,,,,IWLAN
3085,1,,,-121.9331162,47.5260751,2026-01-23 21:31:34.000,_20260123_124628_CH04_TMO_5GNR_WFC_MT-REF-2_TC-157.dml,,,,,,,,,,NR SA,,,,,,,,,,,,,,,,,,,594,,,On,Connected,-52.000000,2462,52,,,,IWLAN
3086,1,,,-121.9331162,47.5260751,2026-01-23 21:31:35.000,_20260123_124628_CH04_TMO_5GNR_WFC_MT-REF-2_TC-157.dml,,,,,,,,,,NR SA,,,,,,,,,,,,,,,,,,,,,,On,Connected,-52.000000,2462,52,,,,IWLAN
3087,1,,,-121.9331162,47.5260751,2026-01-23 21:31:36.000,_20260123_124628_CH04_TMO_5GNR_WFC_MT-REF-2_TC-157.dml,,,,,,,,,,NR SA,,,,,,,,,,,,,,,,,,,594,,,On,Connected,-51.000000,2462,52,,,,IWLAN
3088,1,,,-121.9331162,47.5260751,2026-01-23 21:31:37.000,_20260123_124628_CH04_TMO_5GNR_WFC_MT-REF-2_TC-157.dml,,,,,,,,,,NR SA,,,,,,,,,,,,,,,,,,,,,,On,Connected,-51.000000,2462,52,,,,IWLAN
3089,1,,,-121.9331162,47.5260751,2026-01-23 21:31:38.000,_20260123_124628_CH04_TMO_5GNR_WFC_MT-REF-2_TC-157.dml,,,,,,,,,,NR SA,,,,,,,,,,,,,,,,,,,,,,On,Connected,-51.000000,2462,52,,,,IWLAN
3090,1,,,-121.9331162,47.5260751,2026-01-23 21:31:39.000,_20260123_124628_CH04_TMO_5GNR_WFC_MT-REF-2_TC-157.dml,,,,,,,,,,NR SA,,,,,,,,,,,,,,,,,,,594,,,On,Connected,-51.000000,2462,52,,,,IWLAN
3091,1,,,-121.9331162,47.5260751,2026-01-23 21:31:40.000,_20260123_124628_CH04_TMO_5GNR_WFC_MT-REF-2_TC-157.dml,,,,,,,,,,NR SA,,,,,,,,,,,,,,,,,,,,,,,Connected,,,,,,,IWLAN
3092,1,,,-121.9331162,47.5260751,2026-01-23 21:31:41.000,_20260123_124628_CH04_TMO_5GNR_WFC_MT-REF-2_TC-157.dml,,,,,,,,,,NR SA,,,,,,,,,,,,,,,,,,,594,,,On,Connected,-51.000000,2462,52,,,,IWLAN
3093,1,,,-121.9331162,47.5260751,2026-01-23 21:31:42.000,_20260123_124628_CH04_TMO_5GNR_WFC_MT-REF-2_TC-157.dml,,,,,,,,,,NR SA,,,,,,,,,,,,,,,,,,,,,2.273944,On,Connected,-51.000000,2462,39,,,,IWLAN
3094,1,,,-121.9331162,47.5260751,2026-01-23 21:31:43.000,_20260123_124628_CH04_TMO_5GNR_WFC_MT-REF-2_TC-157.dml,,,,,,,,,,NR SA,,,,,,,,,,,,,,,,,,,,,2.273944,On,Connected,-51.000000,2462,39,,,,IWLAN
3095,1,,,-121.9331162,47.5260751,2026-01-23 21:31:44.000,_20260123_124628_CH04_TMO_5GNR_WFC_MT-REF-2_TC-157.dml,,,,,,,,,,NR SA,,,,,,,,,,,,,,,,,,,594,,2.273944,On,Connected,-51.000000,2462,39,,,,IWLAN
3096,1,,,-121.9331162,47.5260751,2026-01-23 21:31:45.000,_20260123_124628_CH04_TMO_5GNR_WFC_MT-REF-2_TC-157.dml,,,,,,,,,,NR SA,,,,,,,,,,,,,,,,,,,,,2.273944,On,Connected,-51.000000,2462,52,,,,IWLAN
3097,1,,,-121.9331162,47.5260751,2026-01-23 21:31:46.000,_20260123_124628_CH04_TMO_5GNR_WFC_MT-REF-2_TC-157.dml,,,,,,,,,,NR SA,,,,,,,,,,,,,,,,,,,594,,2.273944,On,Connected,-51.000000,2462,52,,,,IWLAN
3098,1,,,-121.9331162,47.5260751,2026-01-23 21:31:47.000,_20260123_124628_CH04_TMO_5GNR_WFC_MT-REF-2_TC-157.dml,,,,,,,,,,NR SA,,,,,,,,,,,,,,,,,,,,,2.273944,,Connected,,,,,,,IWLAN
3099,1,,,-121.9331162,47.5260751,2026-01-23 21:31:48.000,_20260123_124628_CH04_TMO_5GNR_WFC_MT-REF-2_TC-157.dml,,,,,,,,,,NR SA,,,,,,,,,,,,,,,,,,,,,2.273944,On,Connected,-51.000000,2462,52,,,,IWLAN
3100,1,,,-121.9331162,47.5260751,2026-01-23 21:31:49.000,_20260123_124628_CH04_TMO_5GNR_WFC_MT-REF-2_TC-157.dml,,,,,,,,,,NR SA,,,,,,,,,,,,,,,,,,,594,,2.273944,,Connected,,,,,,,IWLAN
3101,1,,,-121.9331162,47.5260751,2026-01-23 21:31:50.000,_20260123_124628_CH04_TMO_5GNR_WFC_MT-REF-2_TC-157.dml,,,,,,,,,,NR SA,,,,,,,,,,,,,,,,,,,594,,2.273944,On,Connected,-51.000000,2462,52,,,,IWLAN
3102,1,,,-121.9331162,47.5260751,2026-01-23 21:31:51.000,_20260123_124628_CH04_TMO_5GNR_WFC_MT-REF-2_TC-157.dml,,,,,,,,,,NR SA,,,,,,,,,,,,,,,,,,,,,2.273944,On,Connected,-51.000000,2462,52,,,,IWLAN
3103,1,,,-121.9331162,47.5260751,2026-01-23 21:31:52.000,_20260123_124628_CH04_TMO_5GNR_WFC_MT-REF-2_TC-157.dml,,,,,,,,,,NR SA,,,,,,,,,,,,,,,,,,,,,,On,Connected,-51.000000,2462,52,,,,IWLAN
3104,1,,,-121.9331162,47.5260751,2026-01-23 21:31:52.310,_20260123_124628_CH04_TMO_5GNR_WFC_MT-REF-2_TC-157.dml,,,,,,,,,,,,,,,,,,,,,,,,,,,,,,-73.096354,,,,,,,,,,
3105,1,,,-121.9331162,47.5260751,2026-01-23 21:31:53.000,_20260123_124628_CH04_TMO_5GNR_WFC_MT-REF-2_TC-157.dml,,,,,,,,,,NR SA,,,,,,,,,,,,,,,,,,,594,,,On,Connected,-51.000000,2462,52,,,,IWLAN
3106,1,,,-121.9331162,47.5260751,2026-01-23 21:31:54.000,_20260123_124628_CH04_TMO_5GNR_WFC_MT-REF-2_TC-157.dml,,,,,,,,,,NR SA,,,,,,,,,,,,,,,,,,,594,,,On,Connected,-51.000000,2462,52,,,,IWLAN
3107,1,,,-121.9331162,47.5260751,2026-01-23 21:31:55.000,_20260123_124628_CH04_TMO_5GNR_WFC_MT-REF-2_TC-157.dml,,,,,,,,,,NR SA,,,,,,,,,,,,,,,,,,,,,,On,Connected,-51.000000,2462,52,,,,IWLAN
3108,1,,,-121.9331162,47.5260751,2026-01-23 21:31:56.000,_20260123_124628_CH04_TMO_5GNR_WFC_MT-REF-2_TC-157.dml,,,,,,,,,,NR SA,,,,,,,,,,,,,,,,,,,,,,,Connected,,,,,,,IWLAN
3109,1,,,-121.9331162,47.5260751,2026-01-23 21:31:57.000,_20260123_124628_CH04_TMO_5GNR_WFC_MT-REF-2_TC-157.dml,,,,,,,,,,NR SA,,,,,,,,,,,,,,,,,,,594,,,On,Connected,-51.000000,2462,26,,,,IWLAN
3110,1,,,-121.9331162,47.5260751,2026-01-23 21:31:58.000,_20260123_124628_CH04_TMO_5GNR_WFC_MT-REF-2_TC-157.dml,,,,,,,,,,NR SA,,,,,,,,,,,,,,,,,,,594,,,,Connected,,,,,,,IWLAN
3111,1,,,-121.9331162,47.5260751,2026-01-23 21:31:59.000,_20260123_124628_CH04_TMO_5GNR_WFC_MT-REF-2_TC-157.dml,,,,,,,,,,NR SA,,,,,,,,,,,,,,,,,,,594,,,On,Connected,-51.000000,2462,26,,,,IWLAN
3112,1,,,-121.9331162,47.5260751,2026-01-23 21:32:00.000,_20260123_124628_CH04_TMO_5GNR_WFC_MT-REF-2_TC-157.dml,,,,,,,,,,NR SA,,,,,,,,,,,,,,,,,,,594,,,On,Connected,-51.000000,2462,52,,,,IWLAN
3113,1,,,-121.9331162,47.5260751,2026-01-23 21:32:01.000,_20260123_124628_CH04_TMO_5GNR_WFC_MT-REF-2_TC-157.dml,,,,,,,,,,NR SA,,,,,,,,,,,,,,,,,,,,,,On,Connected,-51.000000,2462,52,,,,IWLAN
3114,1,,,-121.9331162,47.5260751,2026-01-23 21:32:02.000,_20260123_124628_CH04_TMO_5GNR_WFC_MT-REF-2_TC-157.dml,,,,,,,,,,NR SA,,,,,,,,,,,,,,,,,,,,,1.878894,On,Connected,-51.000000,2462,52,,,,IWLAN
3115,1,,,-121.9331162,47.5260751,2026-01-23 21:32:03.000,_20260123_124628_CH04_TMO_5GNR_WFC_MT-REF-2_TC-157.dml,,,,,,,,,,NR SA,,,,,,,,,,,,,,,,,,,594,,1.878894,,Connected,,,,,,,IWLAN
3116,1,,,-121.9331162,47.5260751,2026-01-23 21:32:04.000,_20260123_124628_CH04_TMO_5GNR_WFC_MT-REF-2_TC-157.dml,,,,,,,,,,NR SA,,,,,,,,,,,,,,,,,,,594,,1.878894,On,Connected,-51.000000,2462,52,,,,IWLAN
3117,1,,,-121.9331162,47.5260751,2026-01-23 21:32:05.000,_20260123_124628_CH04_TMO_5GNR_WFC_MT-REF-2_TC-157.dml,,,,,,,,,,NR SA,,,,,,,,,,,,,,,,,,,,,1.878894,On,Connected,-51.000000,2462,52,,,,IWLAN
3118,1,,,-121.9331162,47.5260751,2026-01-23 21:32:06.000,_20260123_124628_CH04_TMO_5GNR_WFC_MT-REF-2_TC-157.dml,,,,,,,,,,NR SA,,,,,,,,,,,,,,,,,,,,,1.878894,On,Connected,-51.000000,2462,52,,,,IWLAN
3119,1,,,-121.9331162,47.5260751,2026-01-23 21:32:07.000,_20260123_124628_CH04_TMO_5GNR_WFC_MT-REF-2_TC-157.dml,,,,,,,,,,NR SA,,,,,,,,,,,,,,,,,,,594,,1.878894,On,Connected,-51.000000,2462,52,,,,IWLAN
3120,1,,,-121.9331162,47.5260751,2026-01-23 21:32:08.000,_20260123_124628_CH04_TMO_5GNR_WFC_MT-REF-2_TC-157.dml,,,,,,,,,,NR SA,,,,,,,,,,,,,,,,,,,,,1.878894,On,Connected,-51.000000,2462,52,,,,IWLAN
3121,1,,,-121.9331162,47.5260751,2026-01-23 21:32:09.000,_20260123_124628_CH04_TMO_5GNR_WFC_MT-REF-2_TC-157.dml,,,,,,,,,,NR SA,,,,,,,,,,,,,,,,,,,594,,1.878894,On,Connected,-51.000000,2462,52,,,,IWLAN
3122,1,,,-121.9331162,47.5260751,2026-01-23 21:32:10.000,_20260123_124628_CH04_TMO_5GNR_WFC_MT-REF-2_TC-157.dml,,,,,,,,,,NR SA,,,,,,,,,,,,,,,,,,,,,1.878894,On,Connected,-51.000000,2462,52,,,,IWLAN
3123,1,,,-121.9331162,47.5260751,2026-01-23 21:32:11.000,_20260123_124628_CH04_TMO_5GNR_WFC_MT-REF-2_TC-157.dml,,,,,,,,,,NR SA,,,,,,,,,,,,,,,,,,,,,1.878894,On,Connected,-51.000000,2462,52,,,,IWLAN
3124,1,,,-121.9331162,47.5260751,2026-01-23 21:32:12.000,_20260123_124628_CH04_TMO_5GNR_WFC_MT-REF-2_TC-157.dml,,,,,,,,,,NR SA,,,,,,,,,,,,,,,,,,,594,,,,Connected,,,,,,,IWLAN
3125,1,,,-121.9331162,47.5260751,2026-01-23 21:32:12.367,_20260123_124628_CH04_TMO_5GNR_WFC_MT-REF-2_TC-157.dml,,,,,,,,,,,,,,,,,,,,,,,,,,,,,,-75.310937,,,,,,,,,,
3126,1,,,-121.9331162,47.5260751,2026-01-23 21:32:13.000,_20260123_124628_CH04_TMO_5GNR_WFC_MT-REF-2_TC-157.dml,,,,,,,,,,NR SA,,,,,,,,,,,,,,,,,,,,,,On,Connected,-51.000000,2462,52,,,,IWLAN
3127,1,,,-121.9331162,47.5260751,2026-01-23 21:32:14.000,_20260123_124628_CH04_TMO_5GNR_WFC_MT-REF-2_TC-157.dml,,,,,,,,,,NR SA,,,,,,,,,,,,,,,,,,,594,,,On,Connected,-51.000000,2462,52,,,,IWLAN
3128,1,,,-121.9331162,47.5260751,2026-01-23 21:32:15.000,_20260123_124628_CH04_TMO_5GNR_WFC_MT-REF-2_TC-157.dml,,,,,,,,,,NR SA,,,,,,,,,,,,,,,,,,,,,,On,Connected,-52.000000,2462,52,,,,IWLAN
3129,1,,,-121.9331162,47.5260751,2026-01-23 21:32:16.000,_20260123_124628_CH04_TMO_5GNR_WFC_MT-REF-2_TC-157.dml,,,,,,,,,,NR SA,,,,,,,,,,,,,,,,,,,,,,,Connected,,,,,,,IWLAN
3130,1,,,-121.9331162,47.5260751,2026-01-23 21:32:17.000,_20260123_124628_CH04_TMO_5GNR_WFC_MT-REF-2_TC-157.dml,,,,,,,,,,NR SA,,,,,,,,,,,,,,,,,,,594,,,On,Connected,-52.000000,2462,52,,,,IWLAN
3131,1,,,-121.9331162,47.5260751,2026-01-23 21:32:18.000,_20260123_124628_CH04_TMO_5GNR_WFC_MT-REF-2_TC-157.dml,,,,,,,,,,NR SA,,,,,,,,,,,,,,,,,,,,,,,Connected,,,,,,,IWLAN
3132,1,,,-121.9331162,47.5260751,2026-01-23 21:32:19.000,_20260123_124628_CH04_TMO_5GNR_WFC_MT-REF-2_TC-157.dml,,,,,,,,,,NR SA,,,,,,,,,,,,,,,,,,,,,,On,Connected,-52.000000,2462,58,,,,IWLAN
3133,1,,,-121.9331162,47.5260751,2026-01-23 21:32:20.000,_20260123_124628_CH04_TMO_5GNR_WFC_MT-REF-2_TC-157.dml,,,,,,,,,,NR SA,,,,,,,,,,,,,,,,,,,594,,,On,Connected,-52.000000,2462,58,,,,IWLAN
3134,1,,,-121.9331162,47.5260751,2026-01-23 21:32:21.000,_20260123_124628_CH04_TMO_5GNR_WFC_MT-REF-2_TC-157.dml,,,,,,,,,,NR SA,,,,,,,,,,,,,,,,,,,,,,,Connected,,,,,,,IWLAN
3135,1,,,-121.9331162,47.5260751,2026-01-23 21:32:22.000,_20260123_124628_CH04_TMO_5GNR_WFC_MT-REF-2_TC-157.dml,,,,,,,,,,NR SA,,,,,,,,,,,,,,,,,,,594,,1.918085,On,Connected,-50.000000,2462,52,,,,IWLAN
3136,1,,,-121.9331162,47.5260751,2026-01-23 21:32:23.000,_20260123_124628_CH04_TMO_5GNR_WFC_MT-REF-2_TC-157.dml,,,,,,,,,,NR SA,,,,,,,,,,,,,,,,,,,,,1.918085,,Connected,,,,,,,IWLAN
3137,1,,,-121.9331162,47.5260751,2026-01-23 21:32:24.000,_20260123_124628_CH04_TMO_5GNR_WFC_MT-REF-2_TC-157.dml,,,,,,,,,,NR SA,,,,,,,,,,,,,,,,,,,,,1.918085,On,Connected,-50.500000,2462,52,,,,IWLAN
3138,1,,,-121.9331162,47.5260751,2026-01-23 21:32:25.000,_20260123_124628_CH04_TMO_5GNR_WFC_MT-REF-2_TC-157.dml,,,,,,,,,,NR SA,,,,,,,,,,,,,,,,,,,594,,1.918085,On,Connected,-51.000000,2462,52,,,,IWLAN
3139,1,,,-121.9331162,47.5260751,2026-01-23 21:32:26.000,_20260123_124628_CH04_TMO_5GNR_WFC_MT-REF-2_TC-157.dml,,,,,,,,,,NR SA,,,,,,,,,,,,,,,,,,,,,1.918085,,Connected,,,,,,,IWLAN
3140,1,,,-121.9331162,47.5260751,2026-01-23 21:32:27.000,_20260123_124628_CH04_TMO_5GNR_WFC_MT-REF-2_TC-157.dml,,,,,,,,,,NR SA,,,,,,,,,,,,,,,,,,,594,,1.918085,On,Connected,-51.000000,2462,52,,,,IWLAN
3141,1,,,-121.9331162,47.5260751,2026-01-23 21:32:28.000,_20260123_124628_CH04_TMO_5GNR_WFC_MT-REF-2_TC-157.dml,,,,,,,,,,NR SA,,,,,,,,,,,,,,,,,,,594,,1.918085,,Connected,,,,,,,IWLAN
3142,1,,,-121.9331162,47.5260751,2026-01-23 21:32:29.000,_20260123_124628_CH04_TMO_5GNR_WFC_MT-REF-2_TC-157.dml,,,,,,,,,,NR SA,,,,,,,,,,,,,,,,,,,,,1.918085,On,Connected,-51.000000,2462,52,,,,IWLAN
3143,1,,,-121.9331162,47.5260751,2026-01-23 21:32:30.000,_20260123_124628_CH04_TMO_5GNR_WFC_MT-REF-2_TC-157.dml,,,,,,,,,,NR SA,,,,,,,,,,,,,,,,,,,594,,1.918085,On,Connected,-50.500000,2462,52,,,,IWLAN
3144,1,,,-121.9331162,47.5260751,2026-01-23 21:32:31.000,_20260123_124628_CH04_TMO_5GNR_WFC_MT-REF-2_TC-157.dml,,,,,,,,,,NR SA,,,,,,,,,,,,,,,,,,,,,1.918085,,Connected,,,,,,,IWLAN
3145,1,,,-121.9331162,47.5260751,2026-01-23 21:32:32.598,_20260123_124628_CH04_TMO_5GNR_WFC_MT-REF-2_TC-157.dml,,,,,,,,,,,,,,,,,,,,,,,,,,,,,,-75.418403,,,,,,,,,,
3146,1,,,-121.9331162,47.5260751,2026-01-23 21:32:32.000,_20260123_124628_CH04_TMO_5GNR_WFC_MT-REF-2_TC-157.dml,,,,,,,,,,NR SA,,,,,,,,,,,,,,,,,,,,,,On,Connected,-50.000000,2462,52,,,,IWLAN
3147,1,,,-121.9331162,47.5260751,2026-01-23 21:32:33.000,_20260123_124628_CH04_TMO_5GNR_WFC_MT-REF-2_TC-157.dml,,,,,,,,,,NR SA,,,,,,,,,,,,,,,,,,,594,,,On,Connected,-52.000000,2462,52,,,,IWLAN
3148,1,,,-121.9331162,47.5260751,2026-01-23 21:32:34.000,_20260123_124628_CH04_TMO_5GNR_WFC_MT-REF-2_TC-157.dml,,,,,,,,,,NR SA,,,,,,,,,,,,,,,,,,,,,,On,Connected,-52.000000,2462,52,,,,IWLAN
3149,1,,,-121.9331162,47.5260751,2026-01-23 21:32:35.000,_20260123_124628_CH04_TMO_5GNR_WFC_MT-REF-2_TC-157.dml,,,,,,,,,,NR SA,,,,,,,,,,,,,,,,,,,,,,,Connected,,,,,,,IWLAN
3150,1,,,-121.9331162,47.5260751,2026-01-23 21:32:36.000,_20260123_124628_CH04_TMO_5GNR_WFC_MT-REF-2_TC-157.dml,,,,,,,,,,NR SA,,,,,,,,,,,,,,,,,,,594,,,On,Connected,-51.500000,2462,52,,,,IWLAN
3151,1,,,-121.9331162,47.5260751,2026-01-23 21:32:37.000,_20260123_124628_CH04_TMO_5GNR_WFC_MT-REF-2_TC-157.dml,,,,,,,,,,NR SA,,,,,,,,,,,,,,,,,,,,,,,Connected,,,,,,,IWLAN
3152,1,,,-121.9331162,47.5260751,2026-01-23 21:32:38.000,_20260123_124628_CH04_TMO_5GNR_WFC_MT-REF-2_TC-157.dml,,,,,,,,,,NR SA,,,,,,,,,,,,,,,,,,,594,,,On,Connected,-51.000000,2462,52,,,,IWLAN
3153,1,,,-121.9331162,47.5260751,2026-01-23 21:32:39.000,_20260123_124628_CH04_TMO_5GNR_WFC_MT-REF-2_TC-157.dml,,,,,,,,,,NR SA,,,,,,,,,,,,,,,,,,,,,,On,Connected,-53.000000,2462,52,,,,IWLAN
3154,1,,,-121.9331162,47.5260751,2026-01-23 21:32:40.000,_20260123_124628_CH04_TMO_5GNR_WFC_MT-REF-2_TC-157.dml,,,,,,,,,,NR SA,,,,,,,,,,,,,,,,,,,,,,,Connected,,,,,,,IWLAN
3155,1,,,-121.9331162,47.5260751,2026-01-23 21:32:41.000,_20260123_124628_CH04_TMO_5GNR_WFC_MT-REF-2_TC-157.dml,,,,,,,,,,NR SA,,,,,,,,,,,,,,,,,,,594,,,On,Connected,-53.000000,2462,52,,,,IWLAN
3156,1,,,-121.9331162,47.5260751,2026-01-23 21:32:42.000,_20260123_124628_CH04_TMO_5GNR_WFC_MT-REF-2_TC-157.dml,,,,,,,,,,NR SA,,,,,,,,,,,,,,,,,,,,,2.299043,On,Connected,-53.000000,2462,52,,,,IWLAN
3157,1,,,-121.9331162,47.5260751,2026-01-23 21:32:43.000,_20260123_124628_CH04_TMO_5GNR_WFC_MT-REF-2_TC-157.dml,,,,,,,,,,NR SA,,,,,,,,,,,,,,,,,,,594,,2.299043,On,Connected,-52.000000,2462,52,,,,IWLAN
3158,1,,,-121.9331162,47.5260751,2026-01-23 21:32:44.000,_20260123_124628_CH04_TMO_5GNR_WFC_MT-REF-2_TC-157.dml,,,,,,,,,,NR SA,,,,,,,,,,,,,,,,,,,,,2.299043,On,Connected,-52.000000,2462,52,,,,IWLAN
3159,1,,,-121.9331162,47.5260751,2026-01-23 21:32:45.000,_20260123_124628_CH04_TMO_5GNR_WFC_MT-REF-2_TC-157.dml,,,,,,,,,,NR SA,,,,,,,,,,,,,,,,,,,,,2.299043,On,Connected,-52.000000,2462,52,,,,IWLAN
3160,1,,,-121.9331162,47.5260751,2026-01-23 21:32:46.000,_20260123_124628_CH04_TMO_5GNR_WFC_MT-REF-2_TC-157.dml,,,,,,,,,,NR SA,,,,,,,,,,,,,,,,,,,594,,2.299043,On,Connected,-52.000000,2462,52,,,,IWLAN
3161,1,,,-121.9331162,47.5260751,2026-01-23 21:32:47.000,_20260123_124628_CH04_TMO_5GNR_WFC_MT-REF-2_TC-157.dml,,,,,,,,,,NR SA,,,,,,,,,,,,,,,,,,,,,2.299043,,Connected,,,,,,,IWLAN
3162,1,,,-121.9331162,47.5260751,2026-01-23 21:32:48.000,_20260123_124628_CH04_TMO_5GNR_WFC_MT-REF-2_TC-157.dml,,,,,,,,,,NR SA,,,,,,,,,,,,,,,,,,,594,,2.299043,On,Connected,-51.500000,2462,58,,,,IWLAN
3163,1,,,-121.9331162,47.5260751,2026-01-23 21:32:49.000,_20260123_124628_CH04_TMO_5GNR_WFC_MT-REF-2_TC-157.dml,,,,,,,,,,NR SA,,,,,,,,,,,,,,,,,,,594,,2.299043,,Connected,,,,,,,IWLAN
3164,1,,,-121.9331162,47.5260751,2026-01-23 21:32:50.000,_20260123_124628_CH04_TMO_5GNR_WFC_MT-REF-2_TC-157.dml,,,,,,,,,,NR SA,,,,,,,,,,,,,,,,,,,,,2.299043,On,Connected,-51.000000,2462,58,,,,IWLAN
3165,1,,,-121.9331162,47.5260751,2026-01-23 21:32:51.000,_20260123_124628_CH04_TMO_5GNR_WFC_MT-REF-2_TC-157.dml,,,,,,,,,,NR SA,,,,,,,,,,,,,,,,,,,,,2.299043,On,Connected,-51.000000,2462,58,,,,IWLAN
3166,1,,,-121.9331162,47.5260751,2026-01-23 21:32:52.305,_20260123_124628_CH04_TMO_5GNR_WFC_MT-REF-2_TC-157.dml,,,,,,,,,,,,,,,,,,,,,,,,,,,,,,-73.011285,,,,,,,,,,
3167,1,,,-121.9331162,47.5260751,2026-01-23 21:32:52.000,_20260123_124628_CH04_TMO_5GNR_WFC_MT-REF-2_TC-157.dml,,,,,,,,,,NR SA,,,,,,,,,,,,,,,,,,,594,,,On,Connected,-52.000000,2462,58,,,,IWLAN
3168,1,,,-121.9331162,47.5260751,2026-01-23 21:32:53.000,_20260123_124628_CH04_TMO_5GNR_WFC_MT-REF-2_TC-157.dml,,,,,,,,,,NR SA,,,,,,,,,,,,,,,,,,,,,,On,Connected,-52.000000,2462,58,,,,IWLAN
3169,1,,,-121.9331162,47.5260751,2026-01-23 21:32:54.000,_20260123_124628_CH04_TMO_5GNR_WFC_MT-REF-2_TC-157.dml,,,,,,,,,,NR SA,,,,,,,,,,,,,,,,,,,594,,,On,Connected,-52.000000,2462,58,,,,IWLAN
3170,1,,,-121.9331162,47.5260751,2026-01-23 21:32:55.000,_20260123_124628_CH04_TMO_5GNR_WFC_MT-REF-2_TC-157.dml,,,,,,,,,,NR SA,,,,,,,,,,,,,,,,,,,,,,On,Connected,-51.000000,2462,58,,,,IWLAN
3171,1,,,-121.9331162,47.5260751,2026-01-23 21:32:56.000,_20260123_124628_CH04_TMO_5GNR_WFC_MT-REF-2_TC-157.dml,,,,,,,,,,NR SA,,,,,,,,,,,,,,,,,,,,,,On,Connected,-51.000000,2462,58,,,,IWLAN
3172,1,,,-121.9331162,47.5260751,2026-01-23 21:32:57.000,_20260123_124628_CH04_TMO_5GNR_WFC_MT-REF-2_TC-157.dml,,,,,,,,,,NR SA,,,,,,,,,,,,,,,,,,,594,,,On,Connected,-51.000000,2462,58,,,,IWLAN
3173,1,,,-121.9331162,47.5260751,2026-01-23 21:32:58.000,_20260123_124628_CH04_TMO_5GNR_WFC_MT-REF-2_TC-157.dml,,,,,,,,,,NR SA,,,,,,,,,,,,,,,,,,,,,,On,Connected,-52.000000,2462,52,,,,IWLAN
3174,1,,,-121.9331162,47.5260751,2026-01-23 21:32:59.000,_20260123_124628_CH04_TMO_5GNR_WFC_MT-REF-2_TC-157.dml,,,,,,,,,,NR SA,,,,,,,,,,,,,,,,,,,594,,,On,Connected,-52.000000,2462,52,,,,IWLAN
3175,1,,,-121.9331162,47.5260751,2026-01-23 21:33:00.000,_20260123_124628_CH04_TMO_5GNR_WFC_MT-REF-2_TC-157.dml,,,,,,,,,,NR SA,,,,,,,,,,,,,,,,,,,,,,On,Connected,-52.000000,2462,52,,,,IWLAN
3176,1,,,-121.9331162,47.5260751,2026-01-23 21:33:01.000,_20260123_124628_CH04_TMO_5GNR_WFC_MT-REF-2_TC-157.dml,,,,,,,,,,NR SA,,,,,,,,,,,,,,,,,,,,,,On,Connected,-51.000000,2462,58,,,,IWLAN
3177,1,,,-121.9331162,47.5260751,2026-01-23 21:33:02.317,_20260123_124628_CH04_TMO_5GNR_WFC_MT-REF-2_TC-157.dml,,,,,,,,,,,,,,,,,,,,,,,[Tool] Voice - Pair Channel Call Drop,,,,,,,,,,,,,,,,,
3178,1,,,-121.9331162,47.5260751,2026-01-23 21:33:02.317,_20260123_124628_CH04_TMO_5GNR_WFC_MT-REF-2_TC-157.dml,,,,,,,,,,,,,,,,,,,,,,,[Tool] Voice - Release Call Request,,,,,,,,,,,,,,,,,
3179,1,,,-121.9331162,47.5260751,2026-01-23 21:33:02.000,_20260123_124628_CH04_TMO_5GNR_WFC_MT-REF-2_TC-157.dml,,,,,,,,,,NR SA,,,,,,,,,,,,,,,,,,,594,,,On,Connected,-51.000000,2462,58,,,,IWLAN
3180,1,,,-121.9331162,47.5260751,2026-01-23 21:33:03.020,_20260123_124628_CH04_TMO_5GNR_WFC_MT-REF-2_TC-157.dml,,,,,,,,,,,,,,,,,,,,,,BQ,[Tool] Voice - Call Result : BQ,,,,,,,,,,,,,,,,,
3181,1,,,-121.9331162,47.5260751,2026-01-23 21:33:03.020,_20260123_124628_CH04_TMO_5GNR_WFC_MT-REF-2_TC-157.dml,,,,,,,,,,,,,,,,,,,,,,,[UE]   Voice - Release Call Success,,,,,,,,,,,,,,,,,
3182,1,,,-121.9331162,47.5260751,2026-01-23 21:33:03.000,_20260123_124628_CH04_TMO_5GNR_WFC_MT-REF-2_TC-157.dml,,,,,,,,,,,,,,,,,,,,,,,,,,,,,,,,,Connected,,,,,,,IWLAN
3183,1,,,-121.9331162,47.5260751,2026-01-23 21:33:03.927,_20260123_124628_CH04_TMO_5GNR_WFC_MT-REF-2_TC-157.dml,,,,,,,,,,,,,,,,,,,,,,,[UE]   Voice - Release Call Success,,,,,,,,,,,,,,,,,
3184,1,,,-121.9331162,47.5260751,2026-01-23 21:33:04.000,_20260123_124628_CH04_TMO_5GNR_WFC_MT-REF-2_TC-157.dml,,,,,,,,,,,,,,,,,,,,,,,,,,,,,594,,,On,Connected,-53.000000,2462,52,,,,IWLAN
3185,1,,,-121.9331162,47.5260751,2026-01-23 21:33:05.000,_20260123_124628_CH04_TMO_5GNR_WFC_MT-REF-2_TC-157.dml,,,,,,,,,,,,,,,,,,,,,,,,,,,,,594,,,,Connected,,,,,,,IWLAN
3186,1,,,-121.9331162,47.5260751,2026-01-23 21:33:06.000,_20260123_124628_CH04_TMO_5GNR_WFC_MT-REF-2_TC-157.dml,,,,,,,,,,,,,,,,,,,,,,,,,,,,,594,,,On,Connected,-53.000000,2462,52,,,,IWLAN
3187,1,,,-121.9331162,47.5260751,2026-01-23 21:33:07.000,_20260123_124628_CH04_TMO_5GNR_WFC_MT-REF-2_TC-157.dml,,,,,,,,,,,,,,,,,,,,,,,,,,,,,,,,On,Connected,-56.000000,2462,58,,,,IWLAN
3188,1,,,-121.9331162,47.5260751,2026-01-23 21:33:08.000,_20260123_124628_CH04_TMO_5GNR_WFC_MT-REF-2_TC-157.dml,,,,,,,,,,,,,,,,,,,,,,,,,,,,,594,,,On,Connected,-56.000000,2462,58,,,,IWLAN
3189,1,,,-121.9331162,47.5260751,2026-01-23 21:33:09.000,_20260123_124628_CH04_TMO_5GNR_WFC_MT-REF-2_TC-157.dml,,,,,,,,,,,,,,,,,,,,,,,,,,,,,,,,On,Connected,-56.000000,2462,58,,,,IWLAN
3190,1,,,-121.9331162,47.5260751,2026-01-23 21:33:10.000,_20260123_124628_CH04_TMO_5GNR_WFC_MT-REF-2_TC-157.dml,,,,,,,,,,,,,,,,,,,,,,,,,,,,,,,,On,Connected,-53.000000,2462,58,,,,IWLAN
3191,1,,,-121.9331162,47.5260751,2026-01-23 21:33:11.000,_20260123_124628_CH04_TMO_5GNR_WFC_MT-REF-2_TC-157.dml,,,,,,,,,,,,,,,,,,,,,,,,,,,,,594,,,On,Connected,-53.000000,2462,58,,,,IWLAN
3192,1,,,-121.9331162,47.5260751,2026-01-23 21:33:12.000,_20260123_124628_CH04_TMO_5GNR_WFC_MT-REF-2_TC-157.dml,,,,,,,,,,,,,,,,,,,,,,,,,,,,,594,,,On,Connected,-53.000000,2462,58,,,,IWLAN
3193,1,,,-121.9331162,47.5260751,2026-01-23 21:33:13.000,_20260123_124628_CH04_TMO_5GNR_WFC_MT-REF-2_TC-157.dml,,,,,,,,,,,,,,,,,,,,,,,,,,,,,594,,,On,Connected,-52.000000,2462,58,,,,IWLAN
3194,1,,,-121.9331162,47.5260751,2026-01-23 21:33:14.000,_20260123_124628_CH04_TMO_5GNR_WFC_MT-REF-2_TC-157.dml,,,,,,,,,,,,,,,,,,,,,,,,,,,,,,,,On,Connected,-52.000000,2462,58,,,,IWLAN
3195,1,,,-121.9331162,47.5260751,2026-01-23 21:33:15.000,_20260123_124628_CH04_TMO_5GNR_WFC_MT-REF-2_TC-157.dml,,,,,,,,,,,,,,,,,,,,,,,,,,,,,594,,,On,Connected,-52.000000,2462,58,,,,IWLAN
3196,1,,,-121.9331162,47.5260751,2026-01-23 21:33:16.000,_20260123_124628_CH04_TMO_5GNR_WFC_MT-REF-2_TC-157.dml,,,,,,,,,,,,,,,,,,,,,,,,,,,,,594,,,On,Connected,-51.000000,2462,58,,,,IWLAN
3197,1,,,-121.9331162,47.5260751,2026-01-23 21:33:17.000,_20260123_124628_CH04_TMO_5GNR_WFC_MT-REF-2_TC-157.dml,,,,,,,,,,,,,,,,,,,,,,,,,,,,,,,,On,Connected,-51.000000,2462,58,,,,IWLAN
3198,1,,,-121.9331162,47.5260751,2026-01-23 21:33:18.000,_20260123_124628_CH04_TMO_5GNR_WFC_MT-REF-2_TC-157.dml,,,,,,,,,,,,,,,,,,,,,,,,,,,,,594,,,On,Connected,-51.000000,2462,58,,,,IWLAN
3199,1,,,-121.9331162,47.5260751,2026-01-23 21:33:19.000,_20260123_124628_CH04_TMO_5GNR_WFC_MT-REF-2_TC-157.dml,,,,,,,,,,,,,,,,,,,,,,,,,,,,,,,,On,Connected,-57.000000,2462,58,,,,IWLAN
3200,1,,,-121.9331162,47.5260751,2026-01-23 21:33:20.000,_20260123_124628_CH04_TMO_5GNR_WFC_MT-REF-2_TC-157.dml,,,,,,,,,,,,,,,,,,,,,,,,,,,,,594,,,On,Connected,-57.000000,2462,58,,,,IWLAN
3201,1,,,-121.9331162,47.5260751,2026-01-23 21:33:21.000,_20260123_124628_CH04_TMO_5GNR_WFC_MT-REF-2_TC-157.dml,,,,,,,,,,,,,,,,,,,,,,,,,,,,,594,,,On,Connected,-57.000000,2462,58,,,,IWLAN
3202,1,,,-121.9331162,47.5260751,2026-01-23 21:33:22.000,_20260123_124628_CH04_TMO_5GNR_WFC_MT-REF-2_TC-157.dml,,,,,,,,,,,,,,,,,,,,,,,,,,,,,,,,On,Connected,-58.000000,2462,58,,,,IWLAN
3203,1,,,-121.9331162,47.5260751,2026-01-23 21:33:23.000,_20260123_124628_CH04_TMO_5GNR_WFC_MT-REF-2_TC-157.dml,,,,,,,,,,,,,,,,,,,,,,,,,,,,,,,,On,Connected,-58.000000,2462,58,,,,IWLAN
3204,1,,,-121.9331162,47.5260751,2026-01-23 21:33:24.000,_20260123_124628_CH04_TMO_5GNR_WFC_MT-REF-2_TC-157.dml,,,,,,,,,,,,,,,,,,,,,,,,,,,,,594,,,On,Connected,-58.000000,2462,58,,,,IWLAN
3205,1,,,-121.9331162,47.5260751,2026-01-23 21:33:25.000,_20260123_124628_CH04_TMO_5GNR_WFC_MT-REF-2_TC-157.dml,,,,,,,,,,,,,,,,,,,,,,,,,,,,,,,,On,Connected,-57.000000,2462,58,,,,IWLAN
3206,1,,,-121.9331162,47.5260751,2026-01-23 21:33:26.000,_20260123_124628_CH04_TMO_5GNR_WFC_MT-REF-2_TC-157.dml,,,,,,,,,,,,,,,,,,,,,,,,,,,,,594,,,On,Connected,-57.000000,2462,58,,,,IWLAN
3207,1,,,-121.9331162,47.5260751,2026-01-23 21:33:27.000,_20260123_124628_CH04_TMO_5GNR_WFC_MT-REF-2_TC-157.dml,,,,,,,,,,,,,,,,,,,,,,,,,,,,,,,,On,Connected,-57.000000,2462,58,,,,IWLAN
3208,1,,,-121.9331162,47.5260751,2026-01-23 21:33:28.000,_20260123_124628_CH04_TMO_5GNR_WFC_MT-REF-2_TC-157.dml,,,,,,,,,,,,,,,,,,,,,,,,,,,,,,,,On,Connected,-57.000000,2462,58,,,,IWLAN
3209,1,,,-121.9331162,47.5260751,2026-01-23 21:33:29.000,_20260123_124628_CH04_TMO_5GNR_WFC_MT-REF-2_TC-157.dml,,,,,,,,,,,,,,,,,,,,,,,,,,,,,594,,,On,Connected,-57.000000,2462,58,,,,IWLAN
3210,1,,,-121.9331162,47.5260751,2026-01-23 21:33:30.000,_20260123_124628_CH04_TMO_5GNR_WFC_MT-REF-2_TC-157.dml,,,,,,,,,,,,,,,,,,,,,,,,,,,,,594,,,On,Connected,-57.000000,2462,58,,,,IWLAN
3211,1,,,-121.9331162,47.5260751,2026-01-23 21:33:30.595,_20260123_124628_CH04_TMO_5GNR_WFC_MT-REF-2_TC-157.dml,,,,,,,,,,,,,,,,,,,,,,,[Tool] Voice - Release Call Request,,,,,,,,,,,,,,,,,
3212,1,,,-121.9331162,47.5260751,2026-01-23 21:33:30.798,_20260123_124628_CH04_TMO_5GNR_WFC_MT-REF-2_TC-157.dml,,,,,,,,,,,,,,,,,,,,,,,[Tool] Voice - Answer Request,,,,,,,,,,,,,,,,,
3213,1,,,-121.9331162,47.5260751,2026-01-23 21:33:31.000,_20260123_124628_CH04_TMO_5GNR_WFC_MT-REF-2_TC-157.dml,,,,,,,,,,,,,,,,,,,,,,,,,,,,,594,,,On,Connected,-57.000000,2462,58,,,,IWLAN
3214,1,,,-121.9331162,47.5260751,2026-01-23 21:33:32.000,_20260123_124628_CH04_TMO_5GNR_WFC_MT-REF-2_TC-157.dml,,,,,,,,,,,,,,,,,,,,,,,,,,,,,,,,On,Connected,-57.000000,2462,58,,,,IWLAN
3215,1,,,-121.9331162,47.5260751,2026-01-23 21:33:33.330,_20260123_124628_CH04_TMO_5GNR_WFC_MT-REF-2_TC-157.dml,,,,,,,,,,,,,,,,,,,,,,,[Tool] Voice - Call Scheduling End,,,,,,,,,,,,,,,,,
3216,1,,,-121.9331162,47.5260751,2026-01-23 21:33:33.330,_20260123_124628_CH04_TMO_5GNR_WFC_MT-REF-2_TC-157.dml,NR SA,Voice,BQ,NR SA,NR SA,Qualcomm,,354877970012475,,,,,,,,,BQ,Termination,BQ,,,,,,,,,90.484001,,,,,,,,,,EPSFB,,
3217,1,,,-121.9331162,47.5260751,2026-01-23 21:33:33.330,_20260123_124628_CH04_TMO_5GNR_WFC_MT-REF-2_TC-157.dml,,,,,,,,,,,,,,,,,,,,,,,[Tool] Voice - Release Call Request,,,,,,,,,,,,,,,,,
3218,1,,,-121.9331162,47.5260751,2026-01-23 21:33:33.000,_20260123_124628_CH04_TMO_5GNR_WFC_MT-REF-2_TC-157.dml,,,,,,,,,,,,,,,,,,,,,,,,,,,,,594,,,On,Connected,-57.000000,2462,58,,,,IWLAN
3219,1,,,-121.9331162,47.5260751,2026-01-23 21:33:33.812,_20260123_124628_CH04_TMO_5GNR_WFC_MT-REF-2_TC-157.dml,,,,,,,,,,,,,,,,,,,,,,,[Tool] Voice - Call Scheduling Start(Term),,,,,,,,,,,,,,,,,
3220,1,,,-121.9331162,47.5260751,2026-01-23 21:33:33.812,_20260123_124628_CH04_TMO_5GNR_WFC_MT-REF-2_TC-157.dml,,,,,,,,,,,,,,,,,,,,,,,[Tool] Voice - Wait Page,,,,,,,,,,,,,,,,,
3221,1,,,-121.9331162,47.5260751,2026-01-23 21:33:34.000,_20260123_124628_CH04_TMO_5GNR_WFC_MT-REF-2_TC-157.dml,,,,,,,,,,,,,,,,,,,,,,,,,,,,,594,,,On,Connected,-57.000000,2462,58,,,,IWLAN
3222,1,,,-121.9331162,47.5260751,2026-01-23 21:33:35.000,_20260123_124628_CH04_TMO_5GNR_WFC_MT-REF-2_TC-157.dml,,,,,,,,,,,,,,,,,,,,,,,,,,,,,594,,,On,Connected,-57.000000,2462,58,,,,IWLAN
3223,1,,,-121.9331162,47.5260751,2026-01-23 21:33:36.000,_20260123_124628_CH04_TMO_5GNR_WFC_MT-REF-2_TC-157.dml,,,,,,,,,,,,,,,,,,,,,,,,,,,,,594,,,On,Connected,-57.000000,2462,58,,,,IWLAN
3224,1,,,-121.9331162,47.5260751,2026-01-23 21:33:37.449,_20260123_124628_CH04_TMO_5GNR_WFC_MT-REF-2_TC-157.dml,,,,,,,,,,,,,,,,,,,,,,,[Tool] Voice - Answer Request,,,,,,,,,,,,,,,,,
3225,1,,,-121.9331162,47.5260751,2026-01-23 21:33:37.000,_20260123_124628_CH04_TMO_5GNR_WFC_MT-REF-2_TC-157.dml,,,,,,,,,,,,,,,,,,,,,,,,,,,,,,,,On,Connected,-57.000000,2462,52,,,,IWLAN
3226,1,,,-121.9331162,47.5260751,2026-01-23 21:33:38.000,_20260123_124628_CH04_TMO_5GNR_WFC_MT-REF-2_TC-157.dml,,,,,,,,,,,,,,,,,,,,,,,,,,,,,594,,,On,Connected,-57.000000,2462,52,,,,IWLAN
3227,1,,,-121.9331162,47.5260751,2026-01-23 21:33:38.441,_20260123_124628_CH04_TMO_5GNR_WFC_MT-REF-2_TC-157.dml,,,,,,,,,,,,,,,,,,,,,,,[UE]   Voice - Setup Success,,,,,,,,,,,,,,,,,
3228,1,,,-121.9331162,47.5260751,2026-01-23 21:33:39.000,_20260123_124628_CH04_TMO_5GNR_WFC_MT-REF-2_TC-157.dml,,,,,,,,,,NR SA,,,,,,,,,,,,,,,,,,,,,,On,Connected,-57.000000,2462,52,,,,IWLAN
3229,1,,,-121.9331162,47.5260751,2026-01-23 21:33:40.000,_20260123_124628_CH04_TMO_5GNR_WFC_MT-REF-2_TC-157.dml,,,,,,,,,,NR SA,,,,,,,,,,,,,,,,,,,594,,,On,Connected,-51.000000,2462,58,,,,IWLAN
3230,1,,,-121.9331162,47.5260751,2026-01-23 21:33:41.000,_20260123_124628_CH04_TMO_5GNR_WFC_MT-REF-2_TC-157.dml,,,,,,,,,,NR SA,,,,,,,,,,,,,,,,,,,,,,On,Connected,-51.000000,2462,58,,,,IWLAN
3231,1,,,-121.9331162,47.5260751,2026-01-23 21:33:42.000,_20260123_124628_CH04_TMO_5GNR_WFC_MT-REF-2_TC-157.dml,,,,,,,,,,NR SA,,,,,,,,,,,,,,,,,,,,,,On,Connected,-51.000000,2462,58,,,,IWLAN
3232,1,,,-121.9331162,47.5260751,2026-01-23 21:33:43.000,_20260123_124628_CH04_TMO_5GNR_WFC_MT-REF-2_TC-157.dml,,,,,,,,,,NR SA,,,,,,,,,,,,,,,,,,,594,,,On,Connected,-47.000000,2462,52,,,,IWLAN
3233,1,,,-121.9331162,47.5260751,2026-01-23 21:33:44.000,_20260123_124628_CH04_TMO_5GNR_WFC_MT-REF-2_TC-157.dml,,,,,,,,,,NR SA,,,,,,,,,,,,,,,,,,,,,,On,Connected,-47.000000,2462,52,,,,IWLAN
3234,1,,,-121.9331162,47.5260751,2026-01-23 21:33:45.000,_20260123_124628_CH04_TMO_5GNR_WFC_MT-REF-2_TC-157.dml,,,,,,,,,,NR SA,,,,,,,,,,,,,,,,,,,594,,,On,Connected,-47.000000,2462,52,,,,IWLAN
3235,1,,,-121.9331162,47.5260751,2026-01-23 21:33:46.000,_20260123_124628_CH04_TMO_5GNR_WFC_MT-REF-2_TC-157.dml,,,,,,,,,,NR SA,,,,,,,,,,,,,,,,,,,,,,On,Connected,-50.000000,2462,52,,,,IWLAN
3236,1,,,-121.9331162,47.5260751,2026-01-23 21:33:47.000,_20260123_124628_CH04_TMO_5GNR_WFC_MT-REF-2_TC-157.dml,,,,,,,,,,NR SA,,,,,,,,,,,,,,,,,,,,,,On,Connected,-50.000000,2462,52,,,,IWLAN
3237,1,,,-121.9331162,47.5260751,2026-01-23 21:33:48.000,_20260123_124628_CH04_TMO_5GNR_WFC_MT-REF-2_TC-157.dml,,,,,,,,,,NR SA,,,,,,,,,,,,,,,,,,,594,,,On,Connected,-50.000000,2462,52,,,,IWLAN
3238,1,,,-121.9331162,47.5260751,2026-01-23 21:33:49.000,_20260123_124628_CH04_TMO_5GNR_WFC_MT-REF-2_TC-157.dml,,,,,,,,,,NR SA,,,,,,,,,,,,,,,,,,,,,1.686774,On,Connected,-52.000000,2462,58,,,,IWLAN
3239,1,,,-121.9331162,47.5260751,2026-01-23 21:33:50.000,_20260123_124628_CH04_TMO_5GNR_WFC_MT-REF-2_TC-157.dml,,,,,,,,,,NR SA,,,,,,,,,,,,,,,,,,,594,,1.686774,On,Connected,-52.000000,2462,58,,,,IWLAN
3240,1,,,-121.9331162,47.5260751,2026-01-23 21:33:51.000,_20260123_124628_CH04_TMO_5GNR_WFC_MT-REF-2_TC-157.dml,,,,,,,,,,NR SA,,,,,,,,,,,,,,,,,,,,,1.686774,On,Connected,-52.000000,2462,58,,,,IWLAN
3241,1,,,-121.9331162,47.5260751,2026-01-23 21:33:52.000,_20260123_124628_CH04_TMO_5GNR_WFC_MT-REF-2_TC-157.dml,,,,,,,,,,NR SA,,,,,,,,,,,,,,,,,,,594,,1.686774,On,Connected,-50.000000,2462,39,,,,IWLAN
3242,1,,,-121.9331162,47.5260751,2026-01-23 21:33:53.000,_20260123_124628_CH04_TMO_5GNR_WFC_MT-REF-2_TC-157.dml,,,,,,,,,,NR SA,,,,,,,,,,,,,,,,,,,,,1.686774,On,Connected,-50.000000,2462,39,,,,IWLAN
3243,1,,,-121.9331162,47.5260751,2026-01-23 21:33:54.000,_20260123_124628_CH04_TMO_5GNR_WFC_MT-REF-2_TC-157.dml,,,,,,,,,,NR SA,,,,,,,,,,,,,,,,,,,594,,1.686774,On,Connected,-50.000000,2462,39,,,,IWLAN
3244,1,,,-121.9331162,47.5260751,2026-01-23 21:33:55.000,_20260123_124628_CH04_TMO_5GNR_WFC_MT-REF-2_TC-157.dml,,,,,,,,,,NR SA,,,,,,,,,,,,,,,,,,,,,1.686774,On,Connected,-52.000000,2462,52,,,,IWLAN
3245,1,,,-121.9331162,47.5260751,2026-01-23 21:33:56.000,_20260123_124628_CH04_TMO_5GNR_WFC_MT-REF-2_TC-157.dml,,,,,,,,,,NR SA,,,,,,,,,,,,,,,,,,,594,,1.686774,On,Connected,-52.000000,2462,52,,,,IWLAN
3246,1,,,-121.9331162,47.5260751,2026-01-23 21:33:57.000,_20260123_124628_CH04_TMO_5GNR_WFC_MT-REF-2_TC-157.dml,,,,,,,,,,NR SA,,,,,,,,,,,,,,,,,,,,,1.686774,On,Connected,-52.000000,2462,52,,,,IWLAN
3247,1,,,-121.9331162,47.5260751,2026-01-23 21:33:58.000,_20260123_124628_CH04_TMO_5GNR_WFC_MT-REF-2_TC-157.dml,,,,,,,,,,NR SA,,,,,,,,,,,,,,,,,,,594,,1.686774,On,Connected,-53.000000,2462,52,,,,IWLAN
3248,1,,,-121.9331162,47.5260751,2026-01-23 21:33:59.102,_20260123_124628_CH04_TMO_5GNR_WFC_MT-REF-2_TC-157.dml,,,,,,,,,,,,,,,,,,,,,,,,,,,,,,-75.570312,,,,,,,,,,
3249,1,,,-121.9331162,47.5260751,2026-01-23 21:33:59.000,_20260123_124628_CH04_TMO_5GNR_WFC_MT-REF-2_TC-157.dml,,,,,,,,,,NR SA,,,,,,,,,,,,,,,,,,,,,,On,Connected,-53.000000,2462,52,,,,IWLAN
3250,1,,,-121.9331162,47.5260751,2026-01-23 21:34:00.000,_20260123_124628_CH04_TMO_5GNR_WFC_MT-REF-2_TC-157.dml,,,,,,,,,,NR SA,,,,,,,,,,,,,,,,,,,,,,On,Connected,-53.000000,2462,52,,,,IWLAN
3251,1,,,-121.9331162,47.5260751,2026-01-23 21:34:01.000,_20260123_124628_CH04_TMO_5GNR_WFC_MT-REF-2_TC-157.dml,,,,,,,,,,NR SA,,,,,,,,,,,,,,,,,,,594,,,On,Connected,-51.000000,2462,52,,,,IWLAN
3252,1,,,-121.9331162,47.5260751,2026-01-23 21:34:02.000,_20260123_124628_CH04_TMO_5GNR_WFC_MT-REF-2_TC-157.dml,,,,,,,,,,NR SA,,,,,,,,,,,,,,,,,,,594,,,On,Connected,-51.000000,2462,52,,,,IWLAN
3253,1,,,-121.9331162,47.5260751,2026-01-23 21:34:03.000,_20260123_124628_CH04_TMO_5GNR_WFC_MT-REF-2_TC-157.dml,,,,,,,,,,NR SA,,,,,,,,,,,,,,,,,,,594,,,On,Connected,-51.000000,2462,52,,,,IWLAN
3254,1,,,-121.9331162,47.5260751,2026-01-23 21:34:04.000,_20260123_124628_CH04_TMO_5GNR_WFC_MT-REF-2_TC-157.dml,,,,,,,,,,NR SA,,,,,,,,,,,,,,,,,,,,,,On,Connected,-53.000000,2462,26,,,,IWLAN
3255,1,,,-121.9331162,47.5260751,2026-01-23 21:34:05.000,_20260123_124628_CH04_TMO_5GNR_WFC_MT-REF-2_TC-157.dml,,,,,,,,,,NR SA,,,,,,,,,,,,,,,,,,,,,,On,Connected,-53.000000,2462,26,,,,IWLAN
3256,1,,,-121.9331162,47.5260751,2026-01-23 21:34:06.000,_20260123_124628_CH04_TMO_5GNR_WFC_MT-REF-2_TC-157.dml,,,,,,,,,,NR SA,,,,,,,,,,,,,,,,,,,594,,,On,Connected,-53.000000,2462,26,,,,IWLAN
3257,1,,,-121.9331162,47.5260751,2026-01-23 21:34:07.000,_20260123_124628_CH04_TMO_5GNR_WFC_MT-REF-2_TC-157.dml,,,,,,,,,,NR SA,,,,,,,,,,,,,,,,,,,594,,,On,Connected,-52.000000,2462,52,,,,IWLAN
3258,1,,,-121.9331162,47.5260751,2026-01-23 21:34:08.000,_20260123_124628_CH04_TMO_5GNR_WFC_MT-REF-2_TC-157.dml,,,,,,,,,,NR SA,,,,,,,,,,,,,,,,,,,,,,On,Connected,-52.000000,2462,52,,,,IWLAN
3259,1,,,-121.9331162,47.5260751,2026-01-23 21:34:09.000,_20260123_124628_CH04_TMO_5GNR_WFC_MT-REF-2_TC-157.dml,,,,,,,,,,NR SA,,,,,,,,,,,,,,,,,,,,,2.250853,On,Connected,-52.000000,2462,52,,,,IWLAN
3260,1,,,-121.9331162,47.5260751,2026-01-23 21:34:10.000,_20260123_124628_CH04_TMO_5GNR_WFC_MT-REF-2_TC-157.dml,,,,,,,,,,NR SA,,,,,,,,,,,,,,,,,,,594,,2.250853,On,Connected,-51.000000,2462,52,,,,IWLAN
3261,1,,,-121.9331162,47.5260751,2026-01-23 21:34:11.000,_20260123_124628_CH04_TMO_5GNR_WFC_MT-REF-2_TC-157.dml,,,,,,,,,,NR SA,,,,,,,,,,,,,,,,,,,594,,2.250853,On,Connected,-51.000000,2462,52,,,,IWLAN
3262,1,,,-121.9331162,47.5260751,2026-01-23 21:34:12.000,_20260123_124628_CH04_TMO_5GNR_WFC_MT-REF-2_TC-157.dml,,,,,,,,,,NR SA,,,,,,,,,,,,,,,,,,,594,,2.250853,On,Connected,-51.000000,2462,52,,,,IWLAN
3263,1,,,-121.9331162,47.5260751,2026-01-23 21:34:13.000,_20260123_124628_CH04_TMO_5GNR_WFC_MT-REF-2_TC-157.dml,,,,,,,,,,NR SA,,,,,,,,,,,,,,,,,,,,,2.250853,On,Connected,-52.000000,2462,52,,,,IWLAN
3264,1,,,-121.9331162,47.5260751,2026-01-23 21:34:14.000,_20260123_124628_CH04_TMO_5GNR_WFC_MT-REF-2_TC-157.dml,,,,,,,,,,NR SA,,,,,,,,,,,,,,,,,,,,,2.250853,On,Connected,-52.000000,2462,52,,,,IWLAN
3265,1,,,-121.9331162,47.5260751,2026-01-23 21:34:15.000,_20260123_124628_CH04_TMO_5GNR_WFC_MT-REF-2_TC-157.dml,,,,,,,,,,NR SA,,,,,,,,,,,,,,,,,,,594,,2.250853,On,Connected,-52.000000,2462,52,,,,IWLAN
3266,1,,,-121.9331162,47.5260751,2026-01-23 21:34:16.000,_20260123_124628_CH04_TMO_5GNR_WFC_MT-REF-2_TC-157.dml,,,,,,,,,,NR SA,,,,,,,,,,,,,,,,,,,594,,2.250853,On,Connected,-51.000000,2462,52,,,,IWLAN
3267,1,,,-121.9331162,47.5260751,2026-01-23 21:34:17.000,_20260123_124628_CH04_TMO_5GNR_WFC_MT-REF-2_TC-157.dml,,,,,,,,,,NR SA,,,,,,,,,,,,,,,,,,,594,,2.250853,On,Connected,-51.000000,2462,52,,,,IWLAN
3268,1,,,-121.9331162,47.5260751,2026-01-23 21:34:18.000,_20260123_124628_CH04_TMO_5GNR_WFC_MT-REF-2_TC-157.dml,,,,,,,,,,NR SA,,,,,,,,,,,,,,,,,,,,,2.250853,On,Connected,-51.000000,2462,52,,,,IWLAN
3269,1,,,-121.9331162,47.5260751,2026-01-23 21:34:19.141,_20260123_124628_CH04_TMO_5GNR_WFC_MT-REF-2_TC-157.dml,,,,,,,,,,,,,,,,,,,,,,,,,,,,,,-78.464808,,,,,,,,,,
3270,1,,,-121.9331162,47.5260751,2026-01-23 21:34:19.000,_20260123_124628_CH04_TMO_5GNR_WFC_MT-REF-2_TC-157.dml,,,,,,,,,,NR SA,,,,,,,,,,,,,,,,,,,594,,,On,Connected,-51.000000,2462,58,,,,IWLAN
3271,1,,,-121.9331162,47.5260751,2026-01-23 21:34:20.000,_20260123_124628_CH04_TMO_5GNR_WFC_MT-REF-2_TC-157.dml,,,,,,,,,,NR SA,,,,,,,,,,,,,,,,,,,594,,,On,Connected,-51.000000,2462,58,,,,IWLAN
3272,1,,,-121.9331162,47.5260751,2026-01-23 21:34:21.000,_20260123_124628_CH04_TMO_5GNR_WFC_MT-REF-2_TC-157.dml,,,,,,,,,,NR SA,,,,,,,,,,,,,,,,,,,594,,,On,Connected,-51.000000,2462,58,,,,IWLAN
3273,1,,,-121.9331162,47.5260751,2026-01-23 21:34:22.000,_20260123_124628_CH04_TMO_5GNR_WFC_MT-REF-2_TC-157.dml,,,,,,,,,,NR SA,,,,,,,,,,,,,,,,,,,594,,,On,Connected,-52.000000,2462,52,,,,IWLAN
3274,1,,,-121.9331162,47.5260751,2026-01-23 21:34:23.000,_20260123_124628_CH04_TMO_5GNR_WFC_MT-REF-2_TC-157.dml,,,,,,,,,,NR SA,,,,,,,,,,,,,,,,,,,,,,On,Connected,-52.000000,2462,52,,,,IWLAN
3275,1,,,-121.9331162,47.5260751,2026-01-23 21:34:24.000,_20260123_124628_CH04_TMO_5GNR_WFC_MT-REF-2_TC-157.dml,,,,,,,,,,NR SA,,,,,,,,,,,,,,,,,,,594,,,On,Connected,-52.000000,2462,52,,,,IWLAN
3276,1,,,-121.9331162,47.5260751,2026-01-23 21:34:25.000,_20260123_124628_CH04_TMO_5GNR_WFC_MT-REF-2_TC-157.dml,,,,,,,,,,NR SA,,,,,,,,,,,,,,,,,,,594,,,On,Connected,-52.000000,2462,52,,,,IWLAN
3277,1,,,-121.9331162,47.5260751,2026-01-23 21:34:26.000,_20260123_124628_CH04_TMO_5GNR_WFC_MT-REF-2_TC-157.dml,,,,,,,,,,NR SA,,,,,,,,,,,,,,,,,,,594,,,On,Connected,-52.000000,2462,52,,,,IWLAN
3278,1,,,-121.9331162,47.5260751,2026-01-23 21:34:27.000,_20260123_124628_CH04_TMO_5GNR_WFC_MT-REF-2_TC-157.dml,,,,,,,,,,NR SA,,,,,,,,,,,,,,,,,,,594,,,On,Connected,-52.000000,2462,52,,,,IWLAN
3279,1,,,-121.9331162,47.5260751,2026-01-23 21:34:28.000,_20260123_124628_CH04_TMO_5GNR_WFC_MT-REF-2_TC-157.dml,,,,,,,,,,NR SA,,,,,,,,,,,,,,,,,,,594,,,On,Connected,-52.000000,2462,52,,,,IWLAN
3280,1,,,-121.9331162,47.5260751,2026-01-23 21:34:29.000,_20260123_124628_CH04_TMO_5GNR_WFC_MT-REF-2_TC-157.dml,,,,,,,,,,NR SA,,,,,,,,,,,,,,,,,,,,,2.125733,On,Connected,-52.000000,2462,52,,,,IWLAN
3281,1,,,-121.9331162,47.5260751,2026-01-23 21:34:30.000,_20260123_124628_CH04_TMO_5GNR_WFC_MT-REF-2_TC-157.dml,,,,,,,,,,NR SA,,,,,,,,,,,,,,,,,,,594,,2.125733,On,Connected,-52.000000,2462,52,,,,IWLAN
3282,1,,,-121.9331162,47.5260751,2026-01-23 21:34:31.000,_20260123_124628_CH04_TMO_5GNR_WFC_MT-REF-2_TC-157.dml,,,,,,,,,,NR SA,,,,,,,,,,,,,,,,,,,594,,2.125733,On,Connected,-52.000000,2462,58,,,,IWLAN
3283,1,,,-121.9331162,47.5260751,2026-01-23 21:34:32.000,_20260123_124628_CH04_TMO_5GNR_WFC_MT-REF-2_TC-157.dml,,,,,,,,,,NR SA,,,,,,,,,,,,,,,,,,,594,,2.125733,On,Connected,-52.000000,2462,58,,,,IWLAN
3284,1,,,-121.9331162,47.5260751,2026-01-23 21:34:33.000,_20260123_124628_CH04_TMO_5GNR_WFC_MT-REF-2_TC-157.dml,,,,,,,,,,NR SA,,,,,,,,,,,,,,,,,,,,,2.125733,On,Connected,-52.000000,2462,58,,,,IWLAN
3285,1,,,-121.9331162,47.5260751,2026-01-23 21:34:34.000,_20260123_124628_CH04_TMO_5GNR_WFC_MT-REF-2_TC-157.dml,,,,,,,,,,NR SA,,,,,,,,,,,,,,,,,,,,,2.125733,On,Connected,-52.000000,2462,52,,,,IWLAN
3286,1,,,-121.9331162,47.5260751,2026-01-23 21:34:35.000,_20260123_124628_CH04_TMO_5GNR_WFC_MT-REF-2_TC-157.dml,,,,,,,,,,NR SA,,,,,,,,,,,,,,,,,,,594,,2.125733,On,Connected,-52.000000,2462,52,,,,IWLAN
3287,1,,,-121.9331162,47.5260751,2026-01-23 21:34:36.000,_20260123_124628_CH04_TMO_5GNR_WFC_MT-REF-2_TC-157.dml,,,,,,,,,,NR SA,,,,,,,,,,,,,,,,,,,594,,2.125733,On,Connected,-52.000000,2462,52,,,,IWLAN
3288,1,,,-121.9331162,47.5260751,2026-01-23 21:34:37.000,_20260123_124628_CH04_TMO_5GNR_WFC_MT-REF-2_TC-157.dml,,,,,,,,,,NR SA,,,,,,,,,,,,,,,,,,,594,,2.125733,On,Connected,-52.000000,2462,52,,,,IWLAN
3289,1,,,-121.9331162,47.5260751,2026-01-23 21:34:38.000,_20260123_124628_CH04_TMO_5GNR_WFC_MT-REF-2_TC-157.dml,,,,,,,,,,NR SA,,,,,,,,,,,,,,,,,,,,,2.125733,On,Connected,-52.000000,2462,52,,,,IWLAN
3290,1,,,-121.9331162,47.5260751,2026-01-23 21:34:39.000,_20260123_124628_CH04_TMO_5GNR_WFC_MT-REF-2_TC-157.dml,,,,,,,,,,NR SA,,,,,,,,,,,,,,,,,,,,,,On,Connected,-52.000000,2462,52,,,,IWLAN
3291,1,,,-121.9331162,47.5260751,2026-01-23 21:34:39.180,_20260123_124628_CH04_TMO_5GNR_WFC_MT-REF-2_TC-157.dml,,,,,,,,,,,,,,,,,,,,,,,,,,,,,,-76.813802,,,,,,,,,,
3292,1,,,-121.9331162,47.5260751,2026-01-23 21:34:40.000,_20260123_124628_CH04_TMO_5GNR_WFC_MT-REF-2_TC-157.dml,,,,,,,,,,NR SA,,,,,,,,,,,,,,,,,,,594,,,On,Connected,-51.000000,2462,52,,,,IWLAN
3293,1,,,-121.9331162,47.5260751,2026-01-23 21:34:41.000,_20260123_124628_CH04_TMO_5GNR_WFC_MT-REF-2_TC-157.dml,,,,,,,,,,NR SA,,,,,,,,,,,,,,,,,,,594,,,On,Connected,-51.000000,2462,52,,,,IWLAN
3294,1,,,-121.9331162,47.5260751,2026-01-23 21:34:42.000,_20260123_124628_CH04_TMO_5GNR_WFC_MT-REF-2_TC-157.dml,,,,,,,,,,NR SA,,,,,,,,,,,,,,,,,,,,,,On,Connected,-51.000000,2462,52,,,,IWLAN
3295,1,,,-121.9331162,47.5260751,2026-01-23 21:34:43.000,_20260123_124628_CH04_TMO_5GNR_WFC_MT-REF-2_TC-157.dml,,,,,,,,,,NR SA,,,,,,,,,,,,,,,,,,,,,,On,Connected,-51.000000,2462,52,,,,IWLAN
3296,1,,,-121.9331162,47.5260751,2026-01-23 21:34:44.000,_20260123_124628_CH04_TMO_5GNR_WFC_MT-REF-2_TC-157.dml,,,,,,,,,,NR SA,,,,,,,,,,,,,,,,,,,594,,,On,Connected,-51.000000,2462,52,,,,IWLAN
3297,1,,,-121.9331162,47.5260751,2026-01-23 21:34:45.000,_20260123_124628_CH04_TMO_5GNR_WFC_MT-REF-2_TC-157.dml,,,,,,,,,,NR SA,,,,,,,,,,,,,,,,,,,594,,,On,Connected,-51.000000,2462,52,,,,IWLAN
3298,1,,,-121.9331162,47.5260751,2026-01-23 21:34:46.000,_20260123_124628_CH04_TMO_5GNR_WFC_MT-REF-2_TC-157.dml,,,,,,,,,,NR SA,,,,,,,,,,,,,,,,,,,,,,,Connected,,,,,,,IWLAN
3299,1,,,-121.9331162,47.5260751,2026-01-23 21:34:47.000,_20260123_124628_CH04_TMO_5GNR_WFC_MT-REF-2_TC-157.dml,,,,,,,,,,NR SA,,,,,,,,,,,,,,,,,,,594,,,On,Connected,-51.000000,2462,52,,,,IWLAN
3300,1,,,-121.9331162,47.5260751,2026-01-23 21:34:48.000,_20260123_124628_CH04_TMO_5GNR_WFC_MT-REF-2_TC-157.dml,,,,,,,,,,NR SA,,,,,,,,,,,,,,,,,,,594,,,On,Connected,-51.000000,2462,52,,,,IWLAN
3301,1,,,-121.9331162,47.5260751,2026-01-23 21:34:49.000,_20260123_124628_CH04_TMO_5GNR_WFC_MT-REF-2_TC-157.dml,,,,,,,,,,NR SA,,,,,,,,,,,,,,,,,,,594,,1.754762,On,Connected,-51.000000,2462,52,,,,IWLAN
3302,1,,,-121.9331162,47.5260751,2026-01-23 21:34:50.000,_20260123_124628_CH04_TMO_5GNR_WFC_MT-REF-2_TC-157.dml,,,,,,,,,,NR SA,,,,,,,,,,,,,,,,,,,,,1.754762,On,Connected,-52.000000,2462,52,,,,IWLAN
3303,1,,,-121.9331162,47.5260751,2026-01-23 21:34:51.000,_20260123_124628_CH04_TMO_5GNR_WFC_MT-REF-2_TC-157.dml,,,,,,,,,,NR SA,,,,,,,,,,,,,,,,,,,594,,1.754762,On,Connected,-52.000000,2462,52,,,,IWLAN
3304,1,,,-121.9331162,47.5260751,2026-01-23 21:34:52.000,_20260123_124628_CH04_TMO_5GNR_WFC_MT-REF-2_TC-157.dml,,,,,,,,,,NR SA,,,,,,,,,,,,,,,,,,,594,,1.754762,,Connected,,,,,,,IWLAN
3305,1,,,-121.9331162,47.5260751,2026-01-23 21:34:53.000,_20260123_124628_CH04_TMO_5GNR_WFC_MT-REF-2_TC-157.dml,,,,,,,,,,NR SA,,,,,,,,,,,,,,,,,,,594,,1.754762,On,Connected,-52.000000,2462,52,,,,IWLAN
3306,1,,,-121.9331162,47.5260751,2026-01-23 21:34:54.000,_20260123_124628_CH04_TMO_5GNR_WFC_MT-REF-2_TC-157.dml,,,,,,,,,,NR SA,,,,,,,,,,,,,,,,,,,,,1.754762,On,Connected,-52.000000,2462,52,,,,IWLAN
3307,1,,,-121.9331162,47.5260751,2026-01-23 21:34:55.000,_20260123_124628_CH04_TMO_5GNR_WFC_MT-REF-2_TC-157.dml,,,,,,,,,,NR SA,,,,,,,,,,,,,,,,,,,594,,1.754762,On,Connected,-51.000000,2462,39,,,,IWLAN
3308,1,,,-121.9331162,47.5260751,2026-01-23 21:34:56.000,_20260123_124628_CH04_TMO_5GNR_WFC_MT-REF-2_TC-157.dml,,,,,,,,,,NR SA,,,,,,,,,,,,,,,,,,,594,,1.754762,On,Connected,-51.000000,2462,39,,,,IWLAN
3309,1,,,-121.9331162,47.5260751,2026-01-23 21:34:57.000,_20260123_124628_CH04_TMO_5GNR_WFC_MT-REF-2_TC-157.dml,,,,,,,,,,NR SA,,,,,,,,,,,,,,,,,,,,,1.754762,On,Connected,-51.000000,2462,39,,,,IWLAN
3310,1,,,-121.9331162,47.5260751,2026-01-23 21:34:58.000,_20260123_124628_CH04_TMO_5GNR_WFC_MT-REF-2_TC-157.dml,,,,,,,,,,NR SA,,,,,,,,,,,,,,,,,,,594,,1.754762,On,Connected,-54.000000,2462,52,,,,IWLAN
3311,1,,,-121.9331162,47.5260751,2026-01-23 21:34:59.294,_20260123_124628_CH04_TMO_5GNR_WFC_MT-REF-2_TC-157.dml,,,,,,,,,,,,,,,,,,,,,,,,,,,,,,-75.837054,,,,,,,,,,
3312,1,,,-121.9331162,47.5260751,2026-01-23 21:34:59.000,_20260123_124628_CH04_TMO_5GNR_WFC_MT-REF-2_TC-157.dml,,,,,,,,,,NR SA,,,,,,,,,,,,,,,,,,,,,,,Connected,,,,,,,IWLAN
3313,1,,,-121.9331162,47.5260751,2026-01-23 21:35:00.000,_20260123_124628_CH04_TMO_5GNR_WFC_MT-REF-2_TC-157.dml,,,,,,,,,,NR SA,,,,,,,,,,,,,,,,,,,594,,,On,Connected,-54.000000,2462,52,,,,IWLAN
3314,1,,,-121.9331162,47.5260751,2026-01-23 21:35:01.000,_20260123_124628_CH04_TMO_5GNR_WFC_MT-REF-2_TC-157.dml,,,,,,,,,,NR SA,,,,,,,,,,,,,,,,,,,,,,On,Connected,-54.000000,2462,52,,,,IWLAN
3315,1,,,-121.9331162,47.5260751,2026-01-23 21:35:02.000,_20260123_124628_CH04_TMO_5GNR_WFC_MT-REF-2_TC-157.dml,,,,,,,,,,NR SA,,,,,,,,,,,,,,,,,,,594,,,On,Connected,-53.000000,2462,52,,,,IWLAN
3316,1,,,-121.9331162,47.5260751,2026-01-23 21:35:03.000,_20260123_124628_CH04_TMO_5GNR_WFC_MT-REF-2_TC-157.dml,,,,,,,,,,NR SA,,,,,,,,,,,,,,,,,,,,,,On,Connected,-53.000000,2462,52,,,,IWLAN
3317,1,,,-121.9331162,47.5260751,2026-01-23 21:35:04.000,_20260123_124628_CH04_TMO_5GNR_WFC_MT-REF-2_TC-157.dml,,,,,,,,,,NR SA,,,,,,,,,,,,,,,,,,,,,,On,Connected,-52.000000,2462,52,,,,IWLAN
3318,1,,,-121.9331162,47.5260751,2026-01-23 21:35:05.000,_20260123_124628_CH04_TMO_5GNR_WFC_MT-REF-2_TC-157.dml,,,,,,,,,,NR SA,,,,,,,,,,,,,,,,,,,594,,,On,Connected,-52.000000,2462,52,,,,IWLAN
3319,1,,,-121.9331162,47.5260751,2026-01-23 21:35:06.000,_20260123_124628_CH04_TMO_5GNR_WFC_MT-REF-2_TC-157.dml,,,,,,,,,,NR SA,,,,,,,,,,,,,,,,,,,,,,On,Connected,-52.000000,2462,52,,,,IWLAN
3320,1,,,-121.9331162,47.5260751,2026-01-23 21:35:07.000,_20260123_124628_CH04_TMO_5GNR_WFC_MT-REF-2_TC-157.dml,,,,,,,,,,NR SA,,,,,,,,,,,,,,,,,,,594,,,On,Connected,-53.000000,2462,52,,,,IWLAN
3321,1,,,-121.9331162,47.5260751,2026-01-23 21:35:08.000,_20260123_124628_CH04_TMO_5GNR_WFC_MT-REF-2_TC-157.dml,,,,,,,,,,NR SA,,,,,,,,,,,,,,,,,,,,,,,Connected,,,,,,,IWLAN
3322,1,,,-121.9331162,47.5260751,2026-01-23 21:35:08.782,_20260123_124628_CH04_TMO_5GNR_WFC_MT-REF-2_TC-157.dml,,,,,,,,,,,,,,,,,,,,,,,[Tool] Voice - Pair Channel Call Drop,,,,,,,,,,,,,,,,,
3323,1,,,-121.9331162,47.5260751,2026-01-23 21:35:08.782,_20260123_124628_CH04_TMO_5GNR_WFC_MT-REF-2_TC-157.dml,,,,,,,,,,,,,,,,,,,,,,,[Tool] Voice - Release Call Request,,,,,,,,,,,,,,,,,
3324,1,,,-121.9331162,47.5260751,2026-01-23 21:35:09.000,_20260123_124628_CH04_TMO_5GNR_WFC_MT-REF-2_TC-157.dml,,,,,,,,,,NR SA,,,,,,,,,,,,,,,,,,,594,,,On,Connected,-53.000000,2462,52,,,,IWLAN
3325,1,,,-121.9331162,47.5260751,2026-01-23 21:35:09.426,_20260123_124628_CH04_TMO_5GNR_WFC_MT-REF-2_TC-157.dml,,,,,,,,,,,,,,,,,,,,,,BQ,[Tool] Voice - Call Result : BQ,,,,,,,,,,,,,,,,,
3326,1,,,-121.9331162,47.5260751,2026-01-23 21:35:09.426,_20260123_124628_CH04_TMO_5GNR_WFC_MT-REF-2_TC-157.dml,,,,,,,,,,,,,,,,,,,,,,,[UE]   Voice - Release Call Success,,,,,,,,,,,,,,,,,
3327,1,,,-121.9331162,47.5260751,2026-01-23 21:35:10.267,_20260123_124628_CH04_TMO_5GNR_WFC_MT-REF-2_TC-157.dml,,,,,,,,,,,,,,,,,,,,,,,[UE]   Voice - Release Call Success,,,,,,,,,,,,,,,,,
3328,1,,,-121.9331162,47.5260751,2026-01-23 21:35:10.000,_20260123_124628_CH04_TMO_5GNR_WFC_MT-REF-2_TC-157.dml,,,,,,,,,,,,,,,,,,,,,,,,,,,,,,,,On,Connected,-55.000000,2462,58,,,,IWLAN
3329,1,,,-121.9331162,47.5260751,2026-01-23 21:35:11.000,_20260123_124628_CH04_TMO_5GNR_WFC_MT-REF-2_TC-157.dml,,,,,,,,,,,,,,,,,,,,,,,,,,,,,594,,,On,Connected,-55.000000,2462,58,,,,IWLAN
3330,1,,,-121.9331162,47.5260751,2026-01-23 21:35:12.000,_20260123_124628_CH04_TMO_5GNR_WFC_MT-REF-2_TC-157.dml,,,,,,,,,,,,,,,,,,,,,,,,,,,,,,,,On,Connected,-55.000000,2462,58,,,,IWLAN
3331,1,,,-121.9331162,47.5260751,2026-01-23 21:35:13.000,_20260123_124628_CH04_TMO_5GNR_WFC_MT-REF-2_TC-157.dml,,,,,,,,,,,,,,,,,,,,,,,,,,,,,,,,On,Connected,-54.000000,2462,58,,,,IWLAN
3332,1,,,-121.9331162,47.5260751,2026-01-23 21:35:14.000,_20260123_124628_CH04_TMO_5GNR_WFC_MT-REF-2_TC-157.dml,,,,,,,,,,,,,,,,,,,,,,,,,,,,,594,,,On,Connected,-54.000000,2462,58,,,,IWLAN
3333,1,,,-121.9331162,47.5260751,2026-01-23 21:35:15.000,_20260123_124628_CH04_TMO_5GNR_WFC_MT-REF-2_TC-157.dml,,,,,,,,,,,,,,,,,,,,,,,,,,,,,594,,,On,Connected,-54.000000,2462,58,,,,IWLAN
3334,1,,,-121.9331162,47.5260751,2026-01-23 21:35:16.000,_20260123_124628_CH04_TMO_5GNR_WFC_MT-REF-2_TC-157.dml,,,,,,,,,,,,,,,,,,,,,,,,,,,,,594,,,On,Connected,-57.000000,2462,58,,,,IWLAN
3335,1,,,-121.9331162,47.5260751,2026-01-23 21:35:17.000,_20260123_124628_CH04_TMO_5GNR_WFC_MT-REF-2_TC-157.dml,,,,,,,,,,,,,,,,,,,,,,,,,,,,,,,,,Connected,,,,,,,IWLAN
3336,1,,,-121.9331162,47.5260751,2026-01-23 21:35:18.000,_20260123_124628_CH04_TMO_5GNR_WFC_MT-REF-2_TC-157.dml,,,,,,,,,,,,,,,,,,,,,,,,,,,,,,,,On,Connected,-57.000000,2462,58,,,,IWLAN
3337,1,,,-121.9331162,47.5260751,2026-01-23 21:35:19.000,_20260123_124628_CH04_TMO_5GNR_WFC_MT-REF-2_TC-157.dml,,,,,,,,,,,,,,,,,,,,,,,,,,,,,594,,,On,Connected,-56.000000,2462,58,,,,IWLAN
3338,1,,,-121.9331162,47.5260751,2026-01-23 21:35:20.000,_20260123_124628_CH04_TMO_5GNR_WFC_MT-REF-2_TC-157.dml,,,,,,,,,,,,,,,,,,,,,,,,,,,,,,,,,Connected,,,,,,,IWLAN
3339,1,,,-121.9331162,47.5260751,2026-01-23 21:35:21.000,_20260123_124628_CH04_TMO_5GNR_WFC_MT-REF-2_TC-157.dml,,,,,,,,,,,,,,,,,,,,,,,,,,,,,594,,,On,Connected,-56.000000,2462,58,,,,IWLAN
3340,1,,,-121.9331162,47.5260751,2026-01-23 21:35:22.000,_20260123_124628_CH04_TMO_5GNR_WFC_MT-REF-2_TC-157.dml,,,,,,,,,,,,,,,,,,,,,,,,,,,,,,,,,Connected,,,,,,,IWLAN
3341,1,,,-121.9331162,47.5260751,2026-01-23 21:35:23.000,_20260123_124628_CH04_TMO_5GNR_WFC_MT-REF-2_TC-157.dml,,,,,,,,,,,,,,,,,,,,,,,,,,,,,,,,On,Connected,-57.000000,2462,58,,,,IWLAN
3342,1,,,-121.9331162,47.5260751,2026-01-23 21:35:24.000,_20260123_124628_CH04_TMO_5GNR_WFC_MT-REF-2_TC-157.dml,,,,,,,,,,,,,,,,,,,,,,,,,,,,,594,,,,Connected,,,,,,,IWLAN
3343,1,,,-121.9331162,47.5260751,2026-01-23 21:35:25.000,_20260123_124628_CH04_TMO_5GNR_WFC_MT-REF-2_TC-157.dml,,,,,,,,,,,,,,,,,,,,,,,,,,,,,,,,On,Connected,-57.000000,2462,58,,,,IWLAN
3344,1,,,-121.9331162,47.5260751,2026-01-23 21:35:26.000,_20260123_124628_CH04_TMO_5GNR_WFC_MT-REF-2_TC-157.dml,,,,,,,,,,,,,,,,,,,,,,,,,,,,,594,,,On,Connected,-57.000000,2462,58,,,,IWLAN
3345,1,,,-121.9331162,47.5260751,2026-01-23 21:35:27.000,_20260123_124628_CH04_TMO_5GNR_WFC_MT-REF-2_TC-157.dml,,,,,,,,,,,,,,,,,,,,,,,,,,,,,,,,On,Connected,-57.000000,2462,58,,,,IWLAN
3346,1,,,-121.9331162,47.5260751,2026-01-23 21:35:28.000,_20260123_124628_CH04_TMO_5GNR_WFC_MT-REF-2_TC-157.dml,,,,,,,,,,,,,,,,,,,,,,,,,,,,,594,,,On,Connected,-58.000000,2462,58,,,,IWLAN
3347,1,,,-121.9331162,47.5260751,2026-01-23 21:35:29.000,_20260123_124628_CH04_TMO_5GNR_WFC_MT-REF-2_TC-157.dml,,,,,,,,,,,,,,,,,,,,,,,,,,,,,594,,,On,Connected,-58.000000,2462,58,,,,IWLAN
3348,1,,,-121.9331162,47.5260751,2026-01-23 21:35:30.000,_20260123_124628_CH04_TMO_5GNR_WFC_MT-REF-2_TC-157.dml,,,,,,,,,,,,,,,,,,,,,,,,,,,,,594,,,On,Connected,-58.000000,2462,58,,,,IWLAN
3349,1,,,-121.9331162,47.5260751,2026-01-23 21:35:31.000,_20260123_124628_CH04_TMO_5GNR_WFC_MT-REF-2_TC-157.dml,,,,,,,,,,,,,,,,,,,,,,,,,,,,,,,,On,Connected,-55.000000,2462,58,,,,IWLAN
3350,1,,,-121.9331162,47.5260751,2026-01-23 21:35:32.000,_20260123_124628_CH04_TMO_5GNR_WFC_MT-REF-2_TC-157.dml,,,,,,,,,,,,,,,,,,,,,,,,,,,,,,,,On,Connected,-55.000000,2462,58,,,,IWLAN
3351,1,,,-121.9331162,47.5260751,2026-01-23 21:35:33.000,_20260123_124628_CH04_TMO_5GNR_WFC_MT-REF-2_TC-157.dml,,,,,,,,,,,,,,,,,,,,,,,,,,,,,594,,,,Connected,,,,,,,IWLAN
3352,1,,,-121.9331162,47.5260751,2026-01-23 21:35:34.000,_20260123_124628_CH04_TMO_5GNR_WFC_MT-REF-2_TC-157.dml,,,,,,,,,,,,,,,,,,,,,,,,,,,,,594,,,On,Connected,-54.000000,2462,58,,,,IWLAN
3353,1,,,-121.9331162,47.5260751,2026-01-23 21:35:35.000,_20260123_124628_CH04_TMO_5GNR_WFC_MT-REF-2_TC-157.dml,,,,,,,,,,,,,,,,,,,,,,,,,,,,,,,,On,Connected,-53.000000,2462,58,,,,IWLAN
3354,1,,,-121.9331162,47.5260751,2026-01-23 21:35:36.000,_20260123_124628_CH04_TMO_5GNR_WFC_MT-REF-2_TC-157.dml,,,,,,,,,,,,,,,,,,,,,,,,,,,,,,,,,Connected,,,,,,,IWLAN
3355,1,,,-121.9331162,47.5260751,2026-01-23 21:35:36.981,_20260123_124628_CH04_TMO_5GNR_WFC_MT-REF-2_TC-157.dml,,,,,,,,,,,,,,,,,,,,,,,[Tool] Voice - Release Call Request,,,,,,,,,,,,,,,,,
3356,1,,,-121.9331162,47.5260751,2026-01-23 21:35:37.119,_20260123_124628_CH04_TMO_5GNR_WFC_MT-REF-2_TC-157.dml,,,,,,,,,,,,,,,,,,,,,,,[Tool] Voice - Answer Request,,,,,,,,,,,,,,,,,
3357,1,,,-121.9331162,47.5260751,2026-01-23 21:35:37.000,_20260123_124628_CH04_TMO_5GNR_WFC_MT-REF-2_TC-157.dml,,,,,,,,,,,,,,,,,,,,,,,,,,,,,594,,,On,Connected,-53.000000,2462,58,,,,IWLAN
3358,1,,,-121.9331162,47.5260751,2026-01-23 21:35:38.000,_20260123_124628_CH04_TMO_5GNR_WFC_MT-REF-2_TC-157.dml,,,,,,,,,,,,,,,,,,,,,,,,,,,,,,,,On,Connected,-53.000000,2462,58,,,,IWLAN
3359,1,,,-121.9331162,47.5260751,2026-01-23 21:35:39.000,_20260123_124628_CH04_TMO_5GNR_WFC_MT-REF-2_TC-157.dml,,,,,,,,,,,,,,,,,,,,,,,,,,,,,594,,,On,Connected,-53.000000,2462,58,,,,IWLAN
3360,1,,,-121.9331162,47.5260751,2026-01-23 21:35:39.711,_20260123_124628_CH04_TMO_5GNR_WFC_MT-REF-2_TC-157.dml,,,,,,,,,,,,,,,,,,,,,,,[Tool] Voice - Call Scheduling End,,,,,,,,,,,,,,,,,
3361,1,,,-121.9331162,47.5260751,2026-01-23 21:35:39.711,_20260123_124628_CH04_TMO_5GNR_WFC_MT-REF-2_TC-157.dml,NR SA,Voice,BQ,NR SA,NR SA,Qualcomm,,354877970012475,,,,,,,,,BQ,Termination,BQ,,,,,,,,,90.342000,,,,,,,,,,EPSFB,,
3362,1,,,-121.9331162,47.5260751,2026-01-23 21:35:39.711,_20260123_124628_CH04_TMO_5GNR_WFC_MT-REF-2_TC-157.dml,,,,,,,,,,,,,,,,,,,,,,,[Tool] Voice - Release Call Request,,,,,,,,,,,,,,,,,
3363,1,,,-121.9331162,47.5260751,2026-01-23 21:35:39.991,_20260123_124628_CH04_TMO_5GNR_WFC_MT-REF-2_TC-157.dml,,,,,,,,,,,,,,,,,,,,,,,[Tool] Voice - Call Scheduling Start(Term),,,,,,,,,,,,,,,,,
3364,1,,,-121.9331162,47.5260751,2026-01-23 21:35:39.991,_20260123_124628_CH04_TMO_5GNR_WFC_MT-REF-2_TC-157.dml,,,,,,,,,,,,,,,,,,,,,,,[Tool] Voice - Wait Page,,,,,,,,,,,,,,,,,
3365,1,,,-121.9331162,47.5260751,2026-01-23 21:35:40.000,_20260123_124628_CH04_TMO_5GNR_WFC_MT-REF-2_TC-157.dml,,,,,,,,,,,,,,,,,,,,,,,,,,,,,,,,,Connected,,,,,,,IWLAN
3366,1,,,-121.9331162,47.5260751,2026-01-23 21:35:41.000,_20260123_124628_CH04_TMO_5GNR_WFC_MT-REF-2_TC-157.dml,,,,,,,,,,,,,,,,,,,,,,,,,,,,,,,,On,Connected,-49.000000,2462,58,,,,IWLAN
3367,1,,,-121.9331162,47.5260751,2026-01-23 21:35:42.000,_20260123_124628_CH04_TMO_5GNR_WFC_MT-REF-2_TC-157.dml,,,,,,,,,,,,,,,,,,,,,,,,,,,,,594,,,On,Connected,-49.000000,2462,58,,,,IWLAN
3368,1,,,-121.9331162,47.5260751,2026-01-23 21:35:43.000,_20260123_124628_CH04_TMO_5GNR_WFC_MT-REF-2_TC-157.dml,,,,,,,,,,,,,,,,,,,,,,,,,,,,,,,,,Connected,,,,,,,IWLAN
3369,1,,,-121.9331162,47.5260751,2026-01-23 21:35:44.234,_20260123_124628_CH04_TMO_5GNR_WFC_MT-REF-2_TC-157.dml,,,,,,,,,,,,,,,,,,,,,,,[Tool] Voice - Answer Request,,,,,,,,,,,,,,,,,
3370,1,,,-121.9331162,47.5260751,2026-01-23 21:35:44.000,_20260123_124628_CH04_TMO_5GNR_WFC_MT-REF-2_TC-157.dml,,,,,,,,,,,,,,,,,,,,,,,,,,,,,594,,,On,Connected,-49.000000,2462,52,,,,IWLAN
3371,1,,,-121.9331162,47.5260751,2026-01-23 21:35:45.356,_20260123_124628_CH04_TMO_5GNR_WFC_MT-REF-2_TC-157.dml,,,,,,,,,,,,,,,,,,,,,,,[Tool] Voice - Answer Request,,,,,,,,,,,,,,,,,
3372,1,,,-121.9331162,47.5260751,2026-01-23 21:35:45.000,_20260123_124628_CH04_TMO_5GNR_WFC_MT-REF-2_TC-157.dml,,,,,,,,,,,,,,,,,,,,,,,,,,,,,,,,On,Connected,-49.000000,2462,52,,,,IWLAN
3373,1,,,-121.9331162,47.5260751,2026-01-23 21:35:46.360,_20260123_124628_CH04_TMO_5GNR_WFC_MT-REF-2_TC-157.dml,,,,,,,,,,,,,,,,,,,,,,,[UE]   Voice - Setup Success,,,,,,,,,,,,,,,,,
3374,1,,,-121.9331162,47.5260751,2026-01-23 21:35:46.000,_20260123_124628_CH04_TMO_5GNR_WFC_MT-REF-2_TC-157.dml,,,,,,,,,,NR SA,,,,,,,,,,,,,,,,,,,,,,On,Connected,-48.000000,2462,39,,,,IWLAN
3375,1,,,-121.9331162,47.5260751,2026-01-23 21:35:47.000,_20260123_124628_CH04_TMO_5GNR_WFC_MT-REF-2_TC-157.dml,,,,,,,,,,NR SA,,,,,,,,,,,,,,,,,,,594,,,,Connected,,,,,,,IWLAN
3376,1,,,-121.9331162,47.5260751,2026-01-23 21:35:48.000,_20260123_124628_CH04_TMO_5GNR_WFC_MT-REF-2_TC-157.dml,,,,,,,,,,NR SA,,,,,,,,,,,,,,,,,,,,,,On,Connected,-48.000000,2462,39,,,,IWLAN
3377,1,,,-121.9331162,47.5260751,2026-01-23 21:35:49.000,_20260123_124628_CH04_TMO_5GNR_WFC_MT-REF-2_TC-157.dml,,,,,,,,,,NR SA,,,,,,,,,,,,,,,,,,,,,,,Connected,,,,,,,IWLAN
3378,1,,,-121.9331162,47.5260751,2026-01-23 21:35:50.000,_20260123_124628_CH04_TMO_5GNR_WFC_MT-REF-2_TC-157.dml,,,,,,,,,,NR SA,,,,,,,,,,,,,,,,,,,594,,,On,Connected,-50.000000,2462,52,,,,IWLAN
3379,1,,,-121.9331162,47.5260751,2026-01-23 21:35:51.000,_20260123_124628_CH04_TMO_5GNR_WFC_MT-REF-2_TC-157.dml,,,,,,,,,,NR SA,,,,,,,,,,,,,,,,,,,,,,On,Connected,-50.000000,2462,52,,,,IWLAN
3380,1,,,-121.9331162,47.5260751,2026-01-23 21:35:52.000,_20260123_124628_CH04_TMO_5GNR_WFC_MT-REF-2_TC-157.dml,,,,,,,,,,NR SA,,,,,,,,,,,,,,,,,,,594,,,,Connected,,,,,,,IWLAN
3381,1,,,-121.9331162,47.5260751,2026-01-23 21:35:53.000,_20260123_124628_CH04_TMO_5GNR_WFC_MT-REF-2_TC-157.dml,,,,,,,,,,NR SA,,,,,,,,,,,,,,,,,,,,,,On,Connected,-50.000000,2462,52,,,,IWLAN
3382,1,,,-121.9331162,47.5260751,2026-01-23 21:35:54.000,_20260123_124628_CH04_TMO_5GNR_WFC_MT-REF-2_TC-157.dml,,,,,,,,,,NR SA,,,,,,,,,,,,,,,,,,,,,,,Connected,,,,,,,IWLAN
3383,1,,,-121.9331162,47.5260751,2026-01-23 21:35:55.000,_20260123_124628_CH04_TMO_5GNR_WFC_MT-REF-2_TC-157.dml,,,,,,,,,,NR SA,,,,,,,,,,,,,,,,,,,594,,,On,Connected,-49.000000,2462,52,,,,IWLAN
3384,1,,,-121.9331162,47.5260751,2026-01-23 21:35:56.000,_20260123_124628_CH04_TMO_5GNR_WFC_MT-REF-2_TC-157.dml,,,,,,,,,,NR SA,,,,,,,,,,,,,,,,,,,,,,,Connected,,,,,,,IWLAN
3385,1,,,-121.9331162,47.5260751,2026-01-23 21:35:57.000,_20260123_124628_CH04_TMO_5GNR_WFC_MT-REF-2_TC-157.dml,,,,,,,,,,NR SA,,,,,,,,,,,,,,,,,,,594,,2.296418,On,Connected,-48.000000,2462,52,,,,IWLAN
3386,1,,,-121.9331162,47.5260751,2026-01-23 21:35:58.000,_20260123_124628_CH04_TMO_5GNR_WFC_MT-REF-2_TC-157.dml,,,,,,,,,,NR SA,,,,,,,,,,,,,,,,,,,,,2.296418,On,Connected,-50.000000,2462,58,,,,IWLAN
3387,1,,,-121.9331162,47.5260751,2026-01-23 21:35:59.000,_20260123_124628_CH04_TMO_5GNR_WFC_MT-REF-2_TC-157.dml,,,,,,,,,,NR SA,,,,,,,,,,,,,,,,,,,,,2.296418,,Connected,,,,,,,IWLAN
3388,1,,,-121.9331162,47.5260751,2026-01-23 21:36:00.000,_20260123_124628_CH04_TMO_5GNR_WFC_MT-REF-2_TC-157.dml,,,,,,,,,,NR SA,,,,,,,,,,,,,,,,,,,594,,2.296418,On,Connected,-50.000000,2462,58,,,,IWLAN
3389,1,,,-121.9331162,47.5260751,2026-01-23 21:36:01.000,_20260123_124628_CH04_TMO_5GNR_WFC_MT-REF-2_TC-157.dml,,,,,,,,,,NR SA,,,,,,,,,,,,,,,,,,,,,2.296418,On,Connected,-50.000000,2462,52,,,,IWLAN
3390,1,,,-121.9331162,47.5260751,2026-01-23 21:36:02.000,_20260123_124628_CH04_TMO_5GNR_WFC_MT-REF-2_TC-157.dml,,,,,,,,,,NR SA,,,,,,,,,,,,,,,,,,,594,,2.296418,On,Connected,-50.000000,2462,52,,,,IWLAN
3391,1,,,-121.9331162,47.5260751,2026-01-23 21:36:03.000,_20260123_124628_CH04_TMO_5GNR_WFC_MT-REF-2_TC-157.dml,,,,,,,,,,NR SA,,,,,,,,,,,,,,,,,,,,,2.296418,,Connected,,,,,,,IWLAN
3392,1,,,-121.9331162,47.5260751,2026-01-23 21:36:04.000,_20260123_124628_CH04_TMO_5GNR_WFC_MT-REF-2_TC-157.dml,,,,,,,,,,NR SA,,,,,,,,,,,,,,,,,,,,,2.296418,On,Connected,-49.500000,2462,52,,,,IWLAN
3393,1,,,-121.9331162,47.5260751,2026-01-23 21:36:05.000,_20260123_124628_CH04_TMO_5GNR_WFC_MT-REF-2_TC-157.dml,,,,,,,,,,NR SA,,,,,,,,,,,,,,,,,,,594,,2.296418,,Connected,,,,,,,IWLAN
3394,1,,,-121.9331162,47.5260751,2026-01-23 21:36:06.000,_20260123_124628_CH04_TMO_5GNR_WFC_MT-REF-2_TC-157.dml,,,,,,,,,,NR SA,,,,,,,,,,,,,,,,,,,,,2.296418,On,Connected,-49.000000,2462,52,,,,IWLAN
3395,1,,,-121.9331162,47.5260751,2026-01-23 21:36:06.910,_20260123_124628_CH04_TMO_5GNR_WFC_MT-REF-2_TC-157.dml,,,,,,,,,,,,,,,,,,,,,,,,,,,,,,-80.708984,,,,,,,,,,
3396,1,,,-121.9331162,47.5260751,2026-01-23 21:36:07.000,_20260123_124628_CH04_TMO_5GNR_WFC_MT-REF-2_TC-157.dml,,,,,,,,,,NR SA,,,,,,,,,,,,,,,,,,,594,,,On,Connected,-49.000000,2462,52,,,,IWLAN
3397,1,,,-121.9331162,47.5260751,2026-01-23 21:36:08.000,_20260123_124628_CH04_TMO_5GNR_WFC_MT-REF-2_TC-157.dml,,,,,,,,,,NR SA,,,,,,,,,,,,,,,,,,,,,,,Connected,,,,,,,IWLAN
3398,1,,,-121.9331162,47.5260751,2026-01-23 21:36:09.000,_20260123_124628_CH04_TMO_5GNR_WFC_MT-REF-2_TC-157.dml,,,,,,,,,,NR SA,,,,,,,,,,,,,,,,,,,,,,On,Connected,-49.000000,2462,52,,,,IWLAN
3399,1,,,-121.9331162,47.5260751,2026-01-23 21:36:10.000,_20260123_124628_CH04_TMO_5GNR_WFC_MT-REF-2_TC-157.dml,,,,,,,,,,NR SA,,,,,,,,,,,,,,,,,,,594,,,,Connected,,,,,,,IWLAN
3400,1,,,-121.9331162,47.5260751,2026-01-23 21:36:11.000,_20260123_124628_CH04_TMO_5GNR_WFC_MT-REF-2_TC-157.dml,,,,,,,,,,NR SA,,,,,,,,,,,,,,,,,,,,,,On,Connected,-50.000000,2462,58,,,,IWLAN
3401,1,,,-121.9331162,47.5260751,2026-01-23 21:36:12.000,_20260123_124628_CH04_TMO_5GNR_WFC_MT-REF-2_TC-157.dml,,,,,,,,,,NR SA,,,,,,,,,,,,,,,,,,,,,,On,Connected,-50.000000,2462,58,,,,IWLAN
3402,1,,,-121.9331162,47.5260751,2026-01-23 21:36:13.000,_20260123_124628_CH04_TMO_5GNR_WFC_MT-REF-2_TC-157.dml,,,,,,,,,,NR SA,,,,,,,,,,,,,,,,,,,594,,,On,Connected,-50.000000,2462,58,,,,IWLAN
3403,1,,,-121.9331162,47.5260751,2026-01-23 21:36:14.000,_20260123_124628_CH04_TMO_5GNR_WFC_MT-REF-2_TC-157.dml,,,,,,,,,,NR SA,,,,,,,,,,,,,,,,,,,,,,On,Connected,-52.000000,2462,52,,,,IWLAN
3404,1,,,-121.9331162,47.5260751,2026-01-23 21:36:15.000,_20260123_124628_CH04_TMO_5GNR_WFC_MT-REF-2_TC-157.dml,,,,,,,,,,NR SA,,,,,,,,,,,,,,,,,,,594,,,On,Connected,-52.000000,2462,52,,,,IWLAN
3405,1,,,-121.9331162,47.5260751,2026-01-23 21:36:16.000,_20260123_124628_CH04_TMO_5GNR_WFC_MT-REF-2_TC-157.dml,,,,,,,,,,NR SA,,,,,,,,,,,,,,,,,,,,,,On,Connected,-52.000000,2462,52,,,,IWLAN
3406,1,,,-121.9331162,47.5260751,2026-01-23 21:36:17.000,_20260123_124628_CH04_TMO_5GNR_WFC_MT-REF-2_TC-157.dml,,,,,,,,,,NR SA,,,,,,,,,,,,,,,,,,,,,1.929798,On,Connected,-51.000000,2462,58,,,,IWLAN
3407,1,,,-121.9331162,47.5260751,2026-01-23 21:36:18.000,_20260123_124628_CH04_TMO_5GNR_WFC_MT-REF-2_TC-157.dml,,,,,,,,,,NR SA,,,,,,,,,,,,,,,,,,,594,,1.929798,On,Connected,-51.000000,2462,58,,,,IWLAN
3408,1,,,-121.9331162,47.5260751,2026-01-23 21:36:19.000,_20260123_124628_CH04_TMO_5GNR_WFC_MT-REF-2_TC-157.dml,,,,,,,,,,NR SA,,,,,,,,,,,,,,,,,,,,,1.929798,On,Connected,-51.000000,2462,58,,,,IWLAN
3409,1,,,-121.9331162,47.5260751,2026-01-23 21:36:20.000,_20260123_124628_CH04_TMO_5GNR_WFC_MT-REF-2_TC-157.dml,,,,,,,,,,NR SA,,,,,,,,,,,,,,,,,,,594,,1.929798,On,Connected,-53.000000,2462,65,,,,IWLAN
3410,1,,,-121.9331162,47.5260751,2026-01-23 21:36:21.000,_20260123_124628_CH04_TMO_5GNR_WFC_MT-REF-2_TC-157.dml,,,,,,,,,,NR SA,,,,,,,,,,,,,,,,,,,,,1.929798,On,Connected,-53.000000,2462,65,,,,IWLAN
3411,1,,,-121.9331162,47.5260751,2026-01-23 21:36:22.000,_20260123_124628_CH04_TMO_5GNR_WFC_MT-REF-2_TC-157.dml,,,,,,,,,,NR SA,,,,,,,,,,,,,,,,,,,,,1.929798,On,Connected,-53.000000,2462,65,,,,IWLAN
3412,1,,,-121.9331162,47.5260751,2026-01-23 21:36:23.000,_20260123_124628_CH04_TMO_5GNR_WFC_MT-REF-2_TC-157.dml,,,,,,,,,,NR SA,,,,,,,,,,,,,,,,,,,594,,1.929798,On,Connected,-53.000000,2462,58,,,,IWLAN
3413,1,,,-121.9331162,47.5260751,2026-01-23 21:36:24.000,_20260123_124628_CH04_TMO_5GNR_WFC_MT-REF-2_TC-157.dml,,,,,,,,,,NR SA,,,,,,,,,,,,,,,,,,,,,1.929798,On,Connected,-53.000000,2462,58,,,,IWLAN
3414,1,,,-121.9331162,47.5260751,2026-01-23 21:36:25.000,_20260123_124628_CH04_TMO_5GNR_WFC_MT-REF-2_TC-157.dml,,,,,,,,,,NR SA,,,,,,,,,,,,,,,,,,,594,,1.929798,On,Connected,-53.000000,2462,58,,,,IWLAN
3415,1,,,-121.9331162,47.5260751,2026-01-23 21:36:26.000,_20260123_124628_CH04_TMO_5GNR_WFC_MT-REF-2_TC-157.dml,,,,,,,,,,NR SA,,,,,,,,,,,,,,,,,,,,,1.929798,On,Connected,-51.000000,2462,52,,,,IWLAN
3416,1,,,-121.9331162,47.5260751,2026-01-23 21:36:27.149,_20260123_124628_CH04_TMO_5GNR_WFC_MT-REF-2_TC-157.dml,,,,,,,,,,,,,,,,,,,,,,,,,,,,,,-71.085938,,,,,,,,,,
3417,1,,,-121.9331162,47.5260751,2026-01-23 21:36:27.000,_20260123_124628_CH04_TMO_5GNR_WFC_MT-REF-2_TC-157.dml,,,,,,,,,,NR SA,,,,,,,,,,,,,,,,,,,,,,On,Connected,-51.000000,2462,52,,,,IWLAN
3418,1,,,-121.9331162,47.5260751,2026-01-23 21:36:28.000,_20260123_124628_CH04_TMO_5GNR_WFC_MT-REF-2_TC-157.dml,,,,,,,,,,NR SA,,,,,,,,,,,,,,,,,,,594,,,On,Connected,-51.000000,2462,52,,,,IWLAN
3419,1,,,-121.9331162,47.5260751,2026-01-23 21:36:29.000,_20260123_124628_CH04_TMO_5GNR_WFC_MT-REF-2_TC-157.dml,,,,,,,,,,NR SA,,,,,,,,,,,,,,,,,,,,,,On,Connected,-53.000000,2462,52,,,,IWLAN
3420,1,,,-121.9331162,47.5260751,2026-01-23 21:36:30.000,_20260123_124628_CH04_TMO_5GNR_WFC_MT-REF-2_TC-157.dml,,,,,,,,,,NR SA,,,,,,,,,,,,,,,,,,,594,,,On,Connected,-53.000000,2462,52,,,,IWLAN
3421,1,,,-121.9331162,47.5260751,2026-01-23 21:36:31.000,_20260123_124628_CH04_TMO_5GNR_WFC_MT-REF-2_TC-157.dml,,,,,,,,,,NR SA,,,,,,,,,,,,,,,,,,,,,,On,Connected,-53.000000,2462,52,,,,IWLAN
3422,1,,,-121.9331162,47.5260751,2026-01-23 21:36:32.000,_20260123_124628_CH04_TMO_5GNR_WFC_MT-REF-2_TC-157.dml,,,,,,,,,,NR SA,,,,,,,,,,,,,,,,,,,594,,,On,Connected,-52.000000,2462,58,,,,IWLAN
3423,1,,,-121.9331162,47.5260751,2026-01-23 21:36:33.000,_20260123_124628_CH04_TMO_5GNR_WFC_MT-REF-2_TC-157.dml,,,,,,,,,,NR SA,,,,,,,,,,,,,,,,,,,,,,On,Connected,-52.000000,2462,58,,,,IWLAN
3424,1,,,-121.9331162,47.5260751,2026-01-23 21:36:34.000,_20260123_124628_CH04_TMO_5GNR_WFC_MT-REF-2_TC-157.dml,,,,,,,,,,NR SA,,,,,,,,,,,,,,,,,,,594,,,On,Connected,-52.000000,2462,58,,,,IWLAN
3425,1,,,-121.9331162,47.5260751,2026-01-23 21:36:35.000,_20260123_124628_CH04_TMO_5GNR_WFC_MT-REF-2_TC-157.dml,,,,,,,,,,NR SA,,,,,,,,,,,,,,,,,,,,,,On,Connected,-51.000000,2462,65,,,,IWLAN
3426,1,,,-121.9331162,47.5260751,2026-01-23 21:36:36.000,_20260123_124628_CH04_TMO_5GNR_WFC_MT-REF-2_TC-157.dml,,,,,,,,,,NR SA,,,,,,,,,,,,,,,,,,,,,,On,Connected,-51.000000,2462,65,,,,IWLAN
3427,1,,,-121.9331162,47.5260751,2026-01-23 21:36:37.000,_20260123_124628_CH04_TMO_5GNR_WFC_MT-REF-2_TC-157.dml,,,,,,,,,,NR SA,,,,,,,,,,,,,,,,,,,594,,2.005020,On,Connected,-51.000000,2462,65,,,,IWLAN
3428,1,,,-121.9331162,47.5260751,2026-01-23 21:36:38.000,_20260123_124628_CH04_TMO_5GNR_WFC_MT-REF-2_TC-157.dml,,,,,,,,,,NR SA,,,,,,,,,,,,,,,,,,,,,2.005020,On,Connected,-53.000000,2462,52,,,,IWLAN
3429,1,,,-121.9331162,47.5260751,2026-01-23 21:36:39.000,_20260123_124628_CH04_TMO_5GNR_WFC_MT-REF-2_TC-157.dml,,,,,,,,,,NR SA,,,,,,,,,,,,,,,,,,,594,,2.005020,On,Connected,-53.000000,2462,52,,,,IWLAN
3430,1,,,-121.9331162,47.5260751,2026-01-23 21:36:40.000,_20260123_124628_CH04_TMO_5GNR_WFC_MT-REF-2_TC-157.dml,,,,,,,,,,NR SA,,,,,,,,,,,,,,,,,,,,,2.005020,On,Connected,-53.000000,2462,52,,,,IWLAN
3431,1,,,-121.9331162,47.5260751,2026-01-23 21:36:41.000,_20260123_124628_CH04_TMO_5GNR_WFC_MT-REF-2_TC-157.dml,,,,,,,,,,NR SA,,,,,,,,,,,,,,,,,,,,,2.005020,On,Connected,-53.000000,2462,52,,,,IWLAN
3432,1,,,-121.9331162,47.5260751,2026-01-23 21:36:42.000,_20260123_124628_CH04_TMO_5GNR_WFC_MT-REF-2_TC-157.dml,,,,,,,,,,NR SA,,,,,,,,,,,,,,,,,,,594,,2.005020,On,Connected,-53.000000,2462,52,,,,IWLAN
3433,1,,,-121.9331162,47.5260751,2026-01-23 21:36:43.000,_20260123_124628_CH04_TMO_5GNR_WFC_MT-REF-2_TC-157.dml,,,,,,,,,,NR SA,,,,,,,,,,,,,,,,,,,,,2.005020,On,Connected,-53.000000,2462,52,,,,IWLAN
3434,1,,,-121.9331162,47.5260751,2026-01-23 21:36:44.000,_20260123_124628_CH04_TMO_5GNR_WFC_MT-REF-2_TC-157.dml,,,,,,,,,,NR SA,,,,,,,,,,,,,,,,,,,,,2.005020,On,Connected,-53.000000,2462,58,,,,IWLAN
3435,1,,,-121.9331162,47.5260751,2026-01-23 21:36:45.000,_20260123_124628_CH04_TMO_5GNR_WFC_MT-REF-2_TC-157.dml,,,,,,,,,,NR SA,,,,,,,,,,,,,,,,,,,594,,2.005020,On,Connected,-53.000000,2462,58,,,,IWLAN
3436,1,,,-121.9331162,47.5260751,2026-01-23 21:36:46.000,_20260123_124628_CH04_TMO_5GNR_WFC_MT-REF-2_TC-157.dml,,,,,,,,,,NR SA,,,,,,,,,,,,,,,,,,,,,,On,Connected,-53.000000,2462,58,,,,IWLAN
3437,1,,,-121.9331162,47.5260751,2026-01-23 21:36:46.938,_20260123_124628_CH04_TMO_5GNR_WFC_MT-REF-2_TC-157.dml,,,,,,,,,,,,,,,,,,,,,,,,,,,,,,-71.330729,,,,,,,,,,
3438,1,,,-121.9331162,47.5260751,2026-01-23 21:36:47.000,_20260123_124628_CH04_TMO_5GNR_WFC_MT-REF-2_TC-157.dml,,,,,,,,,,NR SA,,,,,,,,,,,,,,,,,,,594,,,On,Connected,-51.000000,2462,58,,,,IWLAN
3439,1,,,-121.9331162,47.5260751,2026-01-23 21:36:48.000,_20260123_124628_CH04_TMO_5GNR_WFC_MT-REF-2_TC-157.dml,,,,,,,,,,NR SA,,,,,,,,,,,,,,,,,,,,,,On,Connected,-51.000000,2462,58,,,,IWLAN
3440,1,,,-121.9331162,47.5260751,2026-01-23 21:36:49.000,_20260123_124628_CH04_TMO_5GNR_WFC_MT-REF-2_TC-157.dml,,,,,,,,,,NR SA,,,,,,,,,,,,,,,,,,,,,,On,Connected,-51.000000,2462,58,,,,IWLAN
3441,1,,,-121.9331162,47.5260751,2026-01-23 21:36:50.000,_20260123_124628_CH04_TMO_5GNR_WFC_MT-REF-2_TC-157.dml,,,,,,,,,,NR SA,,,,,,,,,,,,,,,,,,,594,,,On,Connected,-52.000000,2462,58,,,,IWLAN
3442,1,,,-121.9331162,47.5260751,2026-01-23 21:36:51.000,_20260123_124628_CH04_TMO_5GNR_WFC_MT-REF-2_TC-157.dml,,,,,,,,,,NR SA,,,,,,,,,,,,,,,,,,,,,,,Connected,,,,,,,IWLAN
3443,1,,,-121.9331162,47.5260751,2026-01-23 21:36:52.000,_20260123_124628_CH04_TMO_5GNR_WFC_MT-REF-2_TC-157.dml,,,,,,,,,,NR SA,,,,,,,,,,,,,,,,,,,594,,,On,Connected,-52.000000,2462,52,,,,IWLAN
3444,1,,,-121.9331162,47.5260751,2026-01-23 21:36:53.000,_20260123_124628_CH04_TMO_5GNR_WFC_MT-REF-2_TC-157.dml,,,,,,,,,,NR SA,,,,,,,,,,,,,,,,,,,,,,,Connected,,,,,,,IWLAN
3445,1,,,-121.9331162,47.5260751,2026-01-23 21:36:54.000,_20260123_124628_CH04_TMO_5GNR_WFC_MT-REF-2_TC-157.dml,,,,,,,,,,NR SA,,,,,,,,,,,,,,,,,,,,,,On,Connected,-52.000000,2462,52,,,,IWLAN
3446,1,,,-121.9331162,47.5260751,2026-01-23 21:36:55.000,_20260123_124628_CH04_TMO_5GNR_WFC_MT-REF-2_TC-157.dml,,,,,,,,,,NR SA,,,,,,,,,,,,,,,,,,,594,,,On,Connected,-52.000000,2462,52,,,,IWLAN
3447,1,,,-121.9331162,47.5260751,2026-01-23 21:36:56.000,_20260123_124628_CH04_TMO_5GNR_WFC_MT-REF-2_TC-157.dml,,,,,,,,,,NR SA,,,,,,,,,,,,,,,,,,,,,1.990807,,Connected,,,,,,,IWLAN
3448,1,,,-121.9331162,47.5260751,2026-01-23 21:36:57.000,_20260123_124628_CH04_TMO_5GNR_WFC_MT-REF-2_TC-157.dml,,,,,,,,,,NR SA,,,,,,,,,,,,,,,,,,,594,,1.990807,On,Connected,-52.000000,2462,52,,,,IWLAN
3449,1,,,-121.9331162,47.5260751,2026-01-23 21:36:58.000,_20260123_124628_CH04_TMO_5GNR_WFC_MT-REF-2_TC-157.dml,,,,,,,,,,NR SA,,,,,,,,,,,,,,,,,,,,,1.990807,,Connected,,,,,,,IWLAN
3450,1,,,-121.9331162,47.5260751,2026-01-23 21:36:59.000,_20260123_124628_CH04_TMO_5GNR_WFC_MT-REF-2_TC-157.dml,,,,,,,,,,NR SA,,,,,,,,,,,,,,,,,,,,,1.990807,On,Connected,-51.000000,2462,58,,,,IWLAN
3451,1,,,-121.9331162,47.5260751,2026-01-23 21:37:00.000,_20260123_124628_CH04_TMO_5GNR_WFC_MT-REF-2_TC-157.dml,,,,,,,,,,NR SA,,,,,,,,,,,,,,,,,,,594,,1.990807,On,Connected,-51.000000,2462,58,,,,IWLAN
3452,1,,,-121.9331162,47.5260751,2026-01-23 21:37:01.000,_20260123_124628_CH04_TMO_5GNR_WFC_MT-REF-2_TC-157.dml,,,,,,,,,,NR SA,,,,,,,,,,,,,,,,,,,,,1.990807,On,Connected,-51.000000,2462,58,,,,IWLAN
3453,1,,,-121.9331162,47.5260751,2026-01-23 21:37:02.000,_20260123_124628_CH04_TMO_5GNR_WFC_MT-REF-2_TC-157.dml,,,,,,,,,,NR SA,,,,,,,,,,,,,,,,,,,594,,1.990807,On,Connected,-51.000000,2462,52,,,,IWLAN
3454,1,,,-121.9331162,47.5260751,2026-01-23 21:37:03.000,_20260123_124628_CH04_TMO_5GNR_WFC_MT-REF-2_TC-157.dml,,,,,,,,,,NR SA,,,,,,,,,,,,,,,,,,,,,1.990807,On,Connected,-51.000000,2462,52,,,,IWLAN
3455,1,,,-121.9331162,47.5260751,2026-01-23 21:37:04.000,_20260123_124628_CH04_TMO_5GNR_WFC_MT-REF-2_TC-157.dml,,,,,,,,,,NR SA,,,,,,,,,,,,,,,,,,,,,1.990807,On,Connected,-51.000000,2462,52,,,,IWLAN
3456,1,,,-121.9331162,47.5260751,2026-01-23 21:37:05.000,_20260123_124628_CH04_TMO_5GNR_WFC_MT-REF-2_TC-157.dml,,,,,,,,,,NR SA,,,,,,,,,,,,,,,,,,,594,,1.990807,On,Connected,-50.000000,2462,58,,,,IWLAN
3457,1,,,-121.9331162,47.5260751,2026-01-23 21:37:06.000,_20260123_124628_CH04_TMO_5GNR_WFC_MT-REF-2_TC-157.dml,,,,,,,,,,NR SA,,,,,,,,,,,,,,,,,,,594,,1.990807,On,Connected,-50.000000,2462,58,,,,NR (NR_SA)
3458,1,,,-121.9331162,47.5260751,2026-01-23 21:37:07.079,_20260123_124628_CH04_TMO_5GNR_WFC_MT-REF-2_TC-157.dml,,,,,,,,,,,,,,,,,,,,,,,,,,,,,,-72.497443,,,,,,,,,,
3459,1,,,-121.9331162,47.5260751,2026-01-23 21:37:07.000,_20260123_124628_CH04_TMO_5GNR_WFC_MT-REF-2_TC-157.dml,,,,,,,,,,NR SA,,,,,,,,,,,,,,,,,,,594,,,On,Connected,-50.000000,2462,58,,,,NR (NR_SA)
3460,1,,,-121.9331162,47.5260751,2026-01-23 21:37:08.000,_20260123_124628_CH04_TMO_5GNR_WFC_MT-REF-2_TC-157.dml,,,,,,,,,,NR SA,,,,,,,,,,,,,,,,,,,594,,,On,Connected,-59.000000,2462,58,,,,NR (NR_SA)
3461,1,,,-121.9331162,47.5260751,2026-01-23 21:37:09.000,_20260123_124628_CH04_TMO_5GNR_WFC_MT-REF-2_TC-157.dml,,,,,,,,,,NR SA,,,,,,,,,,,,,,,,,,,594,,,On,Connected,-59.000000,2462,58,,,,NR (NR_SA)
3462,1,,,-121.9331162,47.5260751,2026-01-23 21:37:10.000,_20260123_124628_CH04_TMO_5GNR_WFC_MT-REF-2_TC-157.dml,,,,,,,,,,NR SA,,,,,,,,,,,,,,,,,,,594,,,On,Connected,-59.000000,2462,58,,,,NR (NR_SA)
3463,1,,,-121.9331162,47.5260751,2026-01-23 21:37:11.000,_20260123_124628_CH04_TMO_5GNR_WFC_MT-REF-2_TC-157.dml,,,,,,,,,,NR SA,,,,,,,,,,,,,,,,,,,594,,,On,Connected,-54.000000,2462,58,,,,NR (NR_SA)
3464,1,,,-121.9331162,47.5260751,2026-01-23 21:37:12.000,_20260123_124628_CH04_TMO_5GNR_WFC_MT-REF-2_TC-157.dml,,,,,,,,,,NR SA,,,,,,,,,,,,,,,,,,,594,,,On,Connected,-54.000000,2462,58,,,,NR (NR_SA)
3465,1,,,-121.9331162,47.5260751,2026-01-23 21:37:13.000,_20260123_124628_CH04_TMO_5GNR_WFC_MT-REF-2_TC-157.dml,,,,,,,,,,NR SA,,,,,,,,,,,,,,,,,,,594,,,On,Connected,-54.000000,2462,58,,,,NR (NR_SA)
3466,1,,,-121.9331162,47.5260751,2026-01-23 21:37:14.000,_20260123_124628_CH04_TMO_5GNR_WFC_MT-REF-2_TC-157.dml,,,,,,,,,,NR SA,,,,,,,,,,,,,,,,,,,594,,,On,Connected,-55.000000,2462,58,,,,NR (NR_SA)
3467,1,,,-121.9331162,47.5260751,2026-01-23 21:37:15.000,_20260123_124628_CH04_TMO_5GNR_WFC_MT-REF-2_TC-157.dml,,,,,,,,,,NR SA,,,,,,,,,,,,,,,,,,,594,,,On,Connected,-55.000000,2462,58,,,,IWLAN
3468,1,,,-121.9331162,47.5260751,2026-01-23 21:37:16.000,_20260123_124628_CH04_TMO_5GNR_WFC_MT-REF-2_TC-157.dml,,,,,,,,,,NR SA,,,,,,,,,,,,,,,,,,,594,,,On,Connected,-55.000000,2462,58,,,,IWLAN
3469,1,,,-121.9331162,47.5260751,2026-01-23 21:37:16.821,_20260123_124628_CH04_TMO_5GNR_WFC_MT-REF-2_TC-157.dml,,,,,,,,,,,,,,,,,,,,,,,[Tool] Voice - Pair Channel Call Drop,,,,,,,,,,,,,,,,,
3470,1,,,-121.9331162,47.5260751,2026-01-23 21:37:16.821,_20260123_124628_CH04_TMO_5GNR_WFC_MT-REF-2_TC-157.dml,,,,,,,,,,,,,,,,,,,,,,,[Tool] Voice - Release Call Request,,,,,,,,,,,,,,,,,
3471,1,,,-121.9331162,47.5260751,2026-01-23 21:37:17.000,_20260123_124628_CH04_TMO_5GNR_WFC_MT-REF-2_TC-157.dml,,,,,,,,,,NR SA,,,,,,,,,,,,,,,,,,,594,,,On,Connected,-60.000000,2462,58,,,,IWLAN
3472,1,,,-121.9331162,47.5260751,2026-01-23 21:37:17.324,_20260123_124628_CH04_TMO_5GNR_WFC_MT-REF-2_TC-157.dml,,,,,,,,,,,,,,,,,,,,,,BQ,[Tool] Voice - Call Result : BQ,,,,,,,,,,,,,,,,,
3473,1,,,-121.9331162,47.5260751,2026-01-23 21:37:17.324,_20260123_124628_CH04_TMO_5GNR_WFC_MT-REF-2_TC-157.dml,,,,,,,,,,,,,,,,,,,,,,,[UE]   Voice - Release Call Success,,,,,,,,,,,,,,,,,
3474,1,,,-121.9331162,47.5260751,2026-01-23 21:37:17.765,_20260123_124628_CH04_TMO_5GNR_WFC_MT-REF-2_TC-157.dml,,,,,,,,,,,,,,,,,,,,,,,[UE]   Voice - Release Call Success,,,,,,,,,,,,,,,,,
3475,1,,,-121.9331162,47.5260751,2026-01-23 21:37:18.000,_20260123_124628_CH04_TMO_5GNR_WFC_MT-REF-2_TC-157.dml,,,,,,,,,,,,,,,,,,,,,,,,,,,,,594,,,On,Connected,-60.000000,2462,58,,,,IWLAN
3476,1,,,-121.9331162,47.5260751,2026-01-23 21:37:19.000,_20260123_124628_CH04_TMO_5GNR_WFC_MT-REF-2_TC-157.dml,,,,,,,,,,,,,,,,,,,,,,,,,,,,,594,,,On,Connected,-60.000000,2462,58,,,,IWLAN
3477,1,,,-121.9331162,47.5260751,2026-01-23 21:37:20.000,_20260123_124628_CH04_TMO_5GNR_WFC_MT-REF-2_TC-157.dml,,,,,,,,,,,,,,,,,,,,,,,,,,,,,594,,,On,Connected,-58.000000,2462,39,,,,IWLAN
3478,1,,,-121.9331162,47.5260751,2026-01-23 21:37:21.000,_20260123_124628_CH04_TMO_5GNR_WFC_MT-REF-2_TC-157.dml,,,,,,,,,,,,,,,,,,,,,,,,,,,,,594,,,On,Connected,-58.000000,2462,39,,,,IWLAN
3479,1,,,-121.9331162,47.5260751,2026-01-23 21:37:22.000,_20260123_124628_CH04_TMO_5GNR_WFC_MT-REF-2_TC-157.dml,,,,,,,,,,,,,,,,,,,,,,,,,,,,,594,,,On,Connected,-58.000000,2462,39,,,,IWLAN
3480,1,,,-121.9331162,47.5260751,2026-01-23 21:37:23.000,_20260123_124628_CH04_TMO_5GNR_WFC_MT-REF-2_TC-157.dml,,,,,,,,,,,,,,,,,,,,,,,,,,,,,594,,,On,Connected,-57.000000,2462,39,,,,IWLAN
3481,1,,,-121.9331162,47.5260751,2026-01-23 21:37:24.000,_20260123_124628_CH04_TMO_5GNR_WFC_MT-REF-2_TC-157.dml,,,,,,,,,,,,,,,,,,,,,,,,,,,,,594,,,On,Connected,-57.000000,2462,39,,,,IWLAN
3482,1,,,-121.9331162,47.5260751,2026-01-23 21:37:25.000,_20260123_124628_CH04_TMO_5GNR_WFC_MT-REF-2_TC-157.dml,,,,,,,,,,,,,,,,,,,,,,,,,,,,,594,,,On,Connected,-57.000000,2462,39,,,,IWLAN
3483,1,,,-121.9331162,47.5260751,2026-01-23 21:37:26.000,_20260123_124628_CH04_TMO_5GNR_WFC_MT-REF-2_TC-157.dml,,,,,,,,,,,,,,,,,,,,,,,,,,,,,594,,,On,Connected,-58.000000,2462,52,,,,IWLAN
3484,1,,,-121.9331162,47.5260751,2026-01-23 21:37:27.000,_20260123_124628_CH04_TMO_5GNR_WFC_MT-REF-2_TC-157.dml,,,,,,,,,,,,,,,,,,,,,,,,,,,,,594,,,On,Connected,-58.000000,2462,52,,,,IWLAN
3485,1,,,-121.9331162,47.5260751,2026-01-23 21:37:28.000,_20260123_124628_CH04_TMO_5GNR_WFC_MT-REF-2_TC-157.dml,,,,,,,,,,,,,,,,,,,,,,,,,,,,,594,,,On,Connected,-58.000000,2462,52,,,,IWLAN
3486,1,,,-121.9331162,47.5260751,2026-01-23 21:37:29.000,_20260123_124628_CH04_TMO_5GNR_WFC_MT-REF-2_TC-157.dml,,,,,,,,,,,,,,,,,,,,,,,,,,,,,594,,,On,Connected,-57.000000,2462,26,,,,IWLAN
3487,1,,,-121.9331162,47.5260751,2026-01-23 21:37:30.000,_20260123_124628_CH04_TMO_5GNR_WFC_MT-REF-2_TC-157.dml,,,,,,,,,,,,,,,,,,,,,,,,,,,,,,,,On,Connected,-57.000000,2462,26,,,,IWLAN
3488,1,,,-121.9331162,47.5260751,2026-01-23 21:37:31.000,_20260123_124628_CH04_TMO_5GNR_WFC_MT-REF-2_TC-157.dml,,,,,,,,,,,,,,,,,,,,,,,,,,,,,,,,On,Connected,-57.000000,2462,26,,,,IWLAN
3489,1,,,-121.9331162,47.5260751,2026-01-23 21:37:32.000,_20260123_124628_CH04_TMO_5GNR_WFC_MT-REF-2_TC-157.dml,,,,,,,,,,,,,,,,,,,,,,,,,,,,,594,,,On,Connected,-55.000000,2462,26,,,,IWLAN
3490,1,,,-121.9331162,47.5260751,2026-01-23 21:37:33.000,_20260123_124628_CH04_TMO_5GNR_WFC_MT-REF-2_TC-157.dml,,,,,,,,,,,,,,,,,,,,,,,,,,,,,,,,On,Connected,-55.000000,2462,26,,,,IWLAN
3491,1,,,-121.9331162,47.5260751,2026-01-23 21:37:34.000,_20260123_124628_CH04_TMO_5GNR_WFC_MT-REF-2_TC-157.dml,,,,,,,,,,,,,,,,,,,,,,,,,,,,,594,,,On,Connected,-55.000000,2462,26,,,,IWLAN
3492,1,,,-121.9331162,47.5260751,2026-01-23 21:37:35.000,_20260123_124628_CH04_TMO_5GNR_WFC_MT-REF-2_TC-157.dml,,,,,,,,,,,,,,,,,,,,,,,,,,,,,,,,On,Connected,-56.000000,2462,26,,,,IWLAN
3493,1,,,-121.9331162,47.5260751,2026-01-23 21:37:36.000,_20260123_124628_CH04_TMO_5GNR_WFC_MT-REF-2_TC-157.dml,,,,,,,,,,,,,,,,,,,,,,,,,,,,,,,,On,Connected,-56.000000,2462,26,,,,IWLAN
3494,1,,,-121.9331162,47.5260751,2026-01-23 21:37:37.000,_20260123_124628_CH04_TMO_5GNR_WFC_MT-REF-2_TC-157.dml,,,,,,,,,,,,,,,,,,,,,,,,,,,,,594,,,On,Connected,-56.000000,2462,26,,,,IWLAN
3495,1,,,-121.9331162,47.5260751,2026-01-23 21:37:38.000,_20260123_124628_CH04_TMO_5GNR_WFC_MT-REF-2_TC-157.dml,,,,,,,,,,,,,,,,,,,,,,,,,,,,,,,,On,Connected,-54.000000,2462,26,,,,IWLAN
3496,1,,,-121.9331162,47.5260751,2026-01-23 21:37:39.000,_20260123_124628_CH04_TMO_5GNR_WFC_MT-REF-2_TC-157.dml,,,,,,,,,,,,,,,,,,,,,,,,,,,,,,,,On,Connected,-54.000000,2462,26,,,,IWLAN
3497,1,,,-121.9331162,47.5260751,2026-01-23 21:37:40.000,_20260123_124628_CH04_TMO_5GNR_WFC_MT-REF-2_TC-157.dml,,,,,,,,,,,,,,,,,,,,,,,,,,,,,594,,,On,Connected,-54.000000,2462,26,,,,IWLAN
3498,1,,,-121.9331162,47.5260751,2026-01-23 21:37:41.000,_20260123_124628_CH04_TMO_5GNR_WFC_MT-REF-2_TC-157.dml,,,,,,,,,,,,,,,,,,,,,,,,,,,,,,,,On,Connected,-51.000000,2462,26,,,,IWLAN
3499,1,,,-121.9331162,47.5260751,2026-01-23 21:37:42.000,_20260123_124628_CH04_TMO_5GNR_WFC_MT-REF-2_TC-157.dml,,,,,,,,,,,,,,,,,,,,,,,,,,,,,594,,,On,Connected,-51.000000,2462,26,,,,IWLAN
3500,1,,,-121.9331162,47.5260751,2026-01-23 21:37:43.000,_20260123_124628_CH04_TMO_5GNR_WFC_MT-REF-2_TC-157.dml,,,,,,,,,,,,,,,,,,,,,,,,,,,,,594,,,On,Connected,-51.000000,2462,26,,,,IWLAN
3501,1,,,-121.9331162,47.5260751,2026-01-23 21:37:44.000,_20260123_124628_CH04_TMO_5GNR_WFC_MT-REF-2_TC-157.dml,,,,,,,,,,,,,,,,,,,,,,,,,,,,,594,,,On,Connected,-52.000000,2462,26,,,,IWLAN
3502,1,,,-121.9331162,47.5260751,2026-01-23 21:37:44.936,_20260123_124628_CH04_TMO_5GNR_WFC_MT-REF-2_TC-157.dml,,,,,,,,,,,,,,,,,,,,,,,[Tool] Voice - Release Call Request,,,,,,,,,,,,,,,,,
3503,1,,,-121.9331162,47.5260751,2026-01-23 21:37:45.000,_20260123_124628_CH04_TMO_5GNR_WFC_MT-REF-2_TC-157.dml,,,,,,,,,,,,,,,,,,,,,,,,,,,,,,,,On,Connected,-52.000000,2462,26,,,,IWLAN
3504,1,,,-121.9331162,47.5260751,2026-01-23 21:37:46.000,_20260123_124628_CH04_TMO_5GNR_WFC_MT-REF-2_TC-157.dml,,,,,,,,,,,,,,,,,,,,,,,,,,,,,,,,On,Connected,-52.000000,2462,26,,,,IWLAN
3505,1,,,-121.9331162,47.5260751,2026-01-23 21:37:47.423,_20260123_124628_CH04_TMO_5GNR_WFC_MT-REF-2_TC-157.dml,,,,,,,,,,,,,,,,,,,,,,,[Tool] Voice - Call Scheduling End,,,,,,,,,,,,,,,,,
3506,1,,,-121.9331162,47.5260751,2026-01-23 21:37:47.423,_20260123_124628_CH04_TMO_5GNR_WFC_MT-REF-2_TC-157.dml,NR SA,Voice,BQ,NR SA,NR SA,Qualcomm,,354877970012475,,,,,,,,,BQ,Termination,BQ,,,,,,,,,90.462000,,,,,,,,,,EPSFB,,
3507,1,,,-121.9331162,47.5260751,2026-01-23 21:37:47.423,_20260123_124628_CH04_TMO_5GNR_WFC_MT-REF-2_TC-157.dml,,,,,,,,,,,,,,,,,,,,,,,[Tool] Voice - Release Call Request,,,,,,,,,,,,,,,,,
3508,1,,,-121.9331162,47.5260751,2026-01-23 21:37:47.000,_20260123_124628_CH04_TMO_5GNR_WFC_MT-REF-2_TC-157.dml,,,,,,,,,,,,,,,,,,,,,,,,,,,,,594,,,On,Connected,-56.000000,2462,26,,,,IWLAN
3509,1,,,-121.9331162,47.5260751,2026-01-23 21:37:48.000,_20260123_124628_CH04_TMO_5GNR_WFC_MT-REF-2_TC-157.dml,,,,,,,,,,,,,,,,,,,,,,,,,,,,,,,,On,Connected,-56.000000,2462,26,,,,IWLAN
