IDX,LID,CI_1,CI_2,Lon,Lat,Time,Measure,[LTE] [L1] [RF] PCI,[LTE] [L1] [RF] RSRP,[LTE] [L1] [RF] RS SINR,[General] Band Classification,[General] Serving Network (In Traffic),[NR5G] [RF] PCI,[NR5G] [RF] RSRP,[NR5G] [RF] SINR,[Call Test] [iPerf] [Throughput] DL Jitter,[Call Test] [iPerf] [Throughput] DL Error Ratio,[Call Test] [iPerf] [Call Average] [Jitter and Error] UL Jitter,[Call Test] [iPerf] [Call Average] [Jitter and Error] UL Error Ratio,[Event] [Data call test detail events] FTP Call Event,[Event] [Data call test detail events] HTTP Call Event,[Call Test] [HTTP Transfer] HTTP Transfer Call Event,[Call Test] [Throughput] Application DL TP,[Call Test] [iPerf] [Call Average] [Throughput] UL Avg TP,[Call Test] [iPerf] [Call Average] [Throughput] DL Avg TP,[Call Test] [Throughput] Application UL TP,[Event] [Data call test detail events] IPERF Call Event,[NR5G] [Throughput] PUSCH TP,[Event] [Data call test detail events] Ping Call Event,[Call Test] [HTTP] Total duration,[Call Test] [PING] Loss Count,[Call Test] [PING] [RTT] RTT
1,1,,,-73.9263283,40.7601833,2026-01-22 21:48:21.000,_20260122_164816_CH02_DUT_TMO_Playstore 30MB_NJ DUT REF_L1.dml,,,,,,,,,,,,,,,,,,,,,,,,,
2,1,,,-73.9263233,40.7601867,2026-01-22 21:48:22.000,_20260122_164816_CH02_DUT_TMO_Playstore 30MB_NJ DUT REF_L1.dml,,,,N41(100)+N41(x),,429,-75.620000,17.250000,,,,,,,,,,,,,,,,,
3,1,,,-73.9263233,40.7601883,2026-01-22 21:48:23.000,_20260122_164816_CH02_DUT_TMO_Playstore 30MB_NJ DUT REF_L1.dml,,,,N41(100)+N41(40),,429,-76.000000,17.000000,,,,,,,,,,,,,0.016,,,,
4,1,,,-73.9263200,40.7601900,2026-01-22 21:48:24.000,_20260122_164816_CH02_DUT_TMO_Playstore 30MB_NJ DUT REF_L1.dml,,,,N41(100)+N41(40),,429,-76.570000,17.430000,,,,,,,,,,,,,0.000,,,,
5,1,,,-73.9263200,40.7601917,2026-01-22 21:48:25.000,_20260122_164816_CH02_DUT_TMO_Playstore 30MB_NJ DUT REF_L1.dml,,,,N41(100)+N41(40),,429,-78.000000,16.000000,,,,,,,,,,,,,,,,,
6,1,,,-73.9263183,40.7601917,2026-01-22 21:48:26.000,_20260122_164816_CH02_DUT_TMO_Playstore 30MB_NJ DUT REF_L1.dml,,,,N41(100)+N41(40),,429,-77.000000,16.640000,,,,,,,,,,,,,0.000,,,,
7,1,,,-73.9263167,40.7601933,2026-01-22 21:48:27.000,_20260122_164816_CH02_DUT_TMO_Playstore 30MB_NJ DUT REF_L1.dml,,,,N41(100)+N41(40),,429,-76.450000,18.820000,,,,,,,,,,,,,0.000,,,,
8,1,,,-73.9263167,40.7601933,2026-01-22 21:48:28.000,_20260122_164816_CH02_DUT_TMO_Playstore 30MB_NJ DUT REF_L1.dml,,,,N41(40),,,,,,,,,,,,,,,,,0.000,,,,
9,1,,,-73.9263200,40.7601917,2026-01-22 21:48:29.000,_20260122_164816_CH02_DUT_TMO_Playstore 30MB_NJ DUT REF_L1.dml,,,,N41(100)+N41(40),,429,-76.430000,17.860000,,,,,,,,,,,,,,,,,
10,1,,,-73.9263200,40.7601933,2026-01-22 21:48:30.000,_20260122_164816_CH02_DUT_TMO_Playstore 30MB_NJ DUT REF_L1.dml,,,,N41(100)+N41(40),,429,-77.000000,17.860000,,,,,,,,,,,,,0.000,,,,
11,1,,,-73.9263200,40.7601933,2026-01-22 21:48:31.000,_20260122_164816_CH02_DUT_TMO_Playstore 30MB_NJ DUT REF_L1.dml,,,,N41(100)+N41(40),NR SA,429,-76.670000,18.580000,,,,,,,,,,,,,0.000,,,,
12,1,,,-73.9263200,40.7601933,2026-01-22 21:48:32.000,_20260122_164816_CH02_DUT_TMO_Playstore 30MB_NJ DUT REF_L1.dml,,,,N41(100)+N41(x),NR SA,429,-78.000000,18.730000,,,,,,,,,,,,,0.000,,,,
13,1,,,-73.9263200,40.7601933,2026-01-22 21:48:33.000,_20260122_164816_CH02_DUT_TMO_Playstore 30MB_NJ DUT REF_L1.dml,,,,N41(100)+N41(40),NR SA,429,-78.080000,19.520000,,,,,,,,,,,,,0.304,,,,
14,1,,,-73.9263200,40.7601933,2026-01-22 21:48:34.000,_20260122_164816_CH02_DUT_TMO_Playstore 30MB_NJ DUT REF_L1.dml,,,,N41(100)+N41(40),NR SA,429,-75.920000,18.450000,,,,,,,,,,,,,1.032,,,,
15,1,,,-73.9263200,40.7601933,2026-01-22 21:48:35.000,_20260122_164816_CH02_DUT_TMO_Playstore 30MB_NJ DUT REF_L1.dml,,,,N41(100)+N41(40),NR SA,429,-74.500000,18.300000,,,,,,,,,,,,,2.216,,,,
16,1,,,-73.9263200,40.7601933,2026-01-22 21:48:36.000,_20260122_164816_CH02_DUT_TMO_Playstore 30MB_NJ DUT REF_L1.dml,,,,N41(100)+N41(40),NR SA,429,-74.300000,21.550000,,,,,,,,,,,,,2.280,,,,
17,1,,,-73.9263200,40.7601933,2026-01-22 21:48:37.000,_20260122_164816_CH02_DUT_TMO_Playstore 30MB_NJ DUT REF_L1.dml,,,,N41(100)+N41(40),NR SA,429,-74.260000,21.170000,,,,,,,,,,,,,,,,,
18,1,,,-73.9263200,40.7601933,2026-01-22 21:48:38.000,_20260122_164816_CH02_DUT_TMO_Playstore 30MB_NJ DUT REF_L1.dml,,,,N41(100)+N41(40),NR SA,429,-74.000000,21.000000,,,,,,,,,,,,,0.968,,,,
19,1,,,-73.9263200,40.7601933,2026-01-22 21:48:39.000,_20260122_164816_CH02_DUT_TMO_Playstore 30MB_NJ DUT REF_L1.dml,,,,N41(100),NR SA,429,-75.000000,20.000000,,,,,,,,,,,,,0.000,,,,
20,1,,,-73.9263200,40.7601933,2026-01-22 21:48:40.000,_20260122_164816_CH02_DUT_TMO_Playstore 30MB_NJ DUT REF_L1.dml,,,,N41(100)+N41(40),NR SA,429,-74.250000,20.880000,,,,,,,,,,,,,0.000,,,,
21,1,,,-73.9263200,40.7601933,2026-01-22 21:48:41.000,_20260122_164816_CH02_DUT_TMO_Playstore 30MB_NJ DUT REF_L1.dml,,,,N41(100)+N41(40),NR SA,429,-75.000000,20.180000,,,,,,,,,,,,,0.136,,,,
22,1,,,-73.9263200,40.7601933,2026-01-22 21:48:42.000,_20260122_164816_CH02_DUT_TMO_Playstore 30MB_NJ DUT REF_L1.dml,,,,N41(100)+N41(40),NR SA,429,-74.170000,20.330000,,,,,,,,,,,,,0.008,,,,
23,1,,,-73.9263200,40.7601933,2026-01-22 21:48:43.000,_20260122_164816_CH02_DUT_TMO_Playstore 30MB_NJ DUT REF_L1.dml,,,,N41(100)+N41(40),NR SA,429,-73.000000,21.500000,,,,,,,,,,,,,,,,,
24,1,,,-73.9263200,40.7601933,2026-01-22 21:48:44.000,_20260122_164816_CH02_DUT_TMO_Playstore 30MB_NJ DUT REF_L1.dml,,,,N41(100)+N41(40),NR SA,429,-75.280000,20.110000,,,,,,,,,,,,,0.052,,,,
25,1,,,-73.9263200,40.7601933,2026-01-22 21:48:45.000,_20260122_164816_CH02_DUT_TMO_Playstore 30MB_NJ DUT REF_L1.dml,,,,N41(100)+N41(40),NR SA,429,-74.700000,20.300000,,,,,,,,,,,,,,,,,
26,1,,,-73.9263200,40.7601933,2026-01-22 21:48:46.000,_20260122_164816_CH02_DUT_TMO_Playstore 30MB_NJ DUT REF_L1.dml,,,,N41(100)+N41(40),NR SA,429,-75.830000,20.830000,,,,,,,,,,,,,0.008,,,,
27,1,,,-73.9263200,40.7601933,2026-01-22 21:48:47.000,_20260122_164816_CH02_DUT_TMO_Playstore 30MB_NJ DUT REF_L1.dml,,,,N41(100)+N41(40),NR SA,429,-76.170000,19.330000,,,,,,,,,,,,,0.008,,,,
28,1,,,-73.9263200,40.7601933,2026-01-22 21:48:48.000,_20260122_164816_CH02_DUT_TMO_Playstore 30MB_NJ DUT REF_L1.dml,,,,N41(100)+N41(40),NR SA,429,-75.860000,20.430000,,,,,,,,,,,,,0.000,,,,
29,1,,,-73.9263200,40.7601933,2026-01-22 21:48:49.000,_20260122_164816_CH02_DUT_TMO_Playstore 30MB_NJ DUT REF_L1.dml,,,,N41(100)+N41(40),NR SA,429,-76.000000,20.000000,,,,,,,,,,,,,0.000,,,,
30,1,,,-73.9263200,40.7601933,2026-01-22 21:48:50.000,_20260122_164816_CH02_DUT_TMO_Playstore 30MB_NJ DUT REF_L1.dml,,,,N41(100)+N41(40),NR SA,429,-75.500000,21.250000,,,,,,,,,,,,,,,,,
31,1,,,-73.9263200,40.7601933,2026-01-22 21:48:51.000,_20260122_164816_CH02_DUT_TMO_Playstore 30MB_NJ DUT REF_L1.dml,,,,N41(100)+N41(40),NR SA,429,-77.000000,19.670000,,,,,,,,,,,,,0.000,,,,
32,1,,,-73.9263200,40.7601933,2026-01-22 21:48:52.000,_20260122_164816_CH02_DUT_TMO_Playstore 30MB_NJ DUT REF_L1.dml,,,,N41(100)+N41(40),NR SA,429,-76.000000,19.000000,,,,,,,,,,,,,0.000,,,,
33,1,,,-73.9263200,40.7601933,2026-01-22 21:48:53.000,_20260122_164816_CH02_DUT_TMO_Playstore 30MB_NJ DUT REF_L1.dml,,,,N41(100)+N41(40),NR SA,429,-76.730000,19.970000,,,,,,,,,,,,,0.024,,,,
34,1,,,-73.9263200,40.7601933,2026-01-22 21:48:54.000,_20260122_164816_CH02_DUT_TMO_Playstore 30MB_NJ DUT REF_L1.dml,,,,N41(40),NR SA,,,,,,,,,,,,,,,,,,,,
35,1,,,-73.9263200,40.7601933,2026-01-22 21:48:55.000,_20260122_164816_CH02_DUT_TMO_Playstore 30MB_NJ DUT REF_L1.dml,,,,N41(100)+N41(40),NR SA,429,-75.250000,21.000000,,,,,,,,,,,,,0.072,,,,
36,1,,,-73.9263200,40.7601933,2026-01-22 21:48:56.000,_20260122_164816_CH02_DUT_TMO_Playstore 30MB_NJ DUT REF_L1.dml,,,,N41(100)+N41(40),NR SA,429,-76.250000,19.250000,,,,,,,,,,,,,,,,,
37,1,,,-73.9263200,40.7601933,2026-01-22 21:48:57.000,_20260122_164816_CH02_DUT_TMO_Playstore 30MB_NJ DUT REF_L1.dml,,,,N41(100)+N41(40),NR SA,429,-76.000000,20.330000,,,,,,,,,,,,,0.000,,,,
38,1,,,-73.9263200,40.7601933,2026-01-22 21:48:58.000,_20260122_164816_CH02_DUT_TMO_Playstore 30MB_NJ DUT REF_L1.dml,,,,N41(100)+N41(40),NR SA,429,-76.000000,20.220000,,,,,,,,,,,,,0.000,,,,
39,1,,,-73.9263200,40.7601933,2026-01-22 21:48:59.000,_20260122_164816_CH02_DUT_TMO_Playstore 30MB_NJ DUT REF_L1.dml,,,,N41(100)+N41(40),NR SA,429,-76.090000,20.360000,,,,,,,,,,,,,0.208,,,,
40,1,,,-73.9263200,40.7601933,2026-01-22 21:49:00.000,_20260122_164816_CH02_DUT_TMO_Playstore 30MB_NJ DUT REF_L1.dml,,,,N41(100)+N41(40),NR SA,429,-77.500000,20.500000,,,,,,,,,,,,,0.000,,,,
41,1,,,-73.9263200,40.7601933,2026-01-22 21:49:01.000,_20260122_164816_CH02_DUT_TMO_Playstore 30MB_NJ DUT REF_L1.dml,,,,N41(100)+N41(40),NR SA,429,-76.860000,22.140000,,,,,,,,,,,,,0.000,,,,
42,1,,,-73.9263200,40.7601933,2026-01-22 21:49:02.000,_20260122_164816_CH02_DUT_TMO_Playstore 30MB_NJ DUT REF_L1.dml,,,,N41(100)+N41(40),NR SA,429,-77.000000,21.060000,,,,,,,,,,,,,0.000,,,,
43,1,,,-73.9263200,40.7601933,2026-01-22 21:49:03.000,_20260122_164816_CH02_DUT_TMO_Playstore 30MB_NJ DUT REF_L1.dml,,,,N41(100)+N41(40),NR SA,429,-76.200000,19.600000,,,,,,,,,,,,,0.176,,,,
44,1,,,-73.9263200,40.7601933,2026-01-22 21:49:04.000,_20260122_164816_CH02_DUT_TMO_Playstore 30MB_NJ DUT REF_L1.dml,,,,N41(100)+N41(40),NR SA,429,-75.570000,19.950000,,,,,,,,,,,,,1.112,,,,
45,1,,,-73.9263200,40.7601933,2026-01-22 21:49:05.000,_20260122_164816_CH02_DUT_TMO_Playstore 30MB_NJ DUT REF_L1.dml,,,,N41(100)+N41(40),NR SA,429,-76.710000,18.500000,,,,,,,,,,,,,1.688,,,,
46,1,,,-73.9263200,40.7601933,2026-01-22 21:49:06.000,_20260122_164816_CH02_DUT_TMO_Playstore 30MB_NJ DUT REF_L1.dml,,,,N41(100)+N41(40),NR SA,429,-76.810000,18.400000,,,,,,,,,,,,,2.456,,,,
47,1,,,-73.9263200,40.7601933,2026-01-22 21:49:07.000,_20260122_164816_CH02_DUT_TMO_Playstore 30MB_NJ DUT REF_L1.dml,,,,N41(100)+N41(40),NR SA,429,-76.150000,18.920000,,,,,,,,,,,,,1.368,,,,
48,1,,,-73.9263200,40.7601933,2026-01-22 21:49:08.000,_20260122_164816_CH02_DUT_TMO_Playstore 30MB_NJ DUT REF_L1.dml,,,,N41(100)+N41(40),NR SA,429,-78.000000,16.330000,,,,,,,,,,,,,,,,,
49,1,,,-73.9263200,40.7601933,2026-01-22 21:49:09.000,_20260122_164816_CH02_DUT_TMO_Playstore 30MB_NJ DUT REF_L1.dml,,,,N41(100)+N41(40),NR SA,429,-78.000000,15.000000,,,,,,,,,,,,,0.000,,,,
50,1,,,-73.9263200,40.7601933,2026-01-22 21:49:10.000,_20260122_164816_CH02_DUT_TMO_Playstore 30MB_NJ DUT REF_L1.dml,,,,N41(100)+N41(40),NR SA,429,-75.360000,19.290000,,,,,,,,,,,,,0.024,,,,
51,1,,,-73.9263200,40.7601933,2026-01-22 21:49:11.000,_20260122_164816_CH02_DUT_TMO_Playstore 30MB_NJ DUT REF_L1.dml,,,,N41(100)+N41(40),NR SA,429,-74.860000,21.890000,,,,,,,,,,,,,,,,,
52,1,,,-73.9263200,40.7601933,2026-01-22 21:49:12.000,_20260122_164816_CH02_DUT_TMO_Playstore 30MB_NJ DUT REF_L1.dml,,,,N41(100)+N41(40),NR SA,429,-75.670000,21.670000,,,,,,,,,,,,,0.096,,,,
53,1,,,-73.9263200,40.7601933,2026-01-22 21:49:13.000,_20260122_164816_CH02_DUT_TMO_Playstore 30MB_NJ DUT REF_L1.dml,,,,N41(40),NR SA,,,,,,,,,,,,,,,,0.000,,,,
54,1,,,-73.9263200,40.7601933,2026-01-22 21:49:14.000,_20260122_164816_CH02_DUT_TMO_Playstore 30MB_NJ DUT REF_L1.dml,,,,N41(100)+N41(40),NR SA,429,-74.500000,22.500000,,,,,,,,,,,,,0.008,,,,
55,1,,,-73.9263200,40.7601933,2026-01-22 21:49:15.000,_20260122_164816_CH02_DUT_TMO_Playstore 30MB_NJ DUT REF_L1.dml,,,,N41(100)+N41(40),NR SA,429,-75.150000,21.590000,,,,,,,,,,,,,0.112,,,,
56,1,,,-73.9263200,40.7601933,2026-01-22 21:49:16.000,_20260122_164816_CH02_DUT_TMO_Playstore 30MB_NJ DUT REF_L1.dml,,,,N41(100)+N41(40),NR SA,429,-75.770000,19.600000,,,,,,,,,,,,,0.616,,,,
57,1,,,-73.9263200,40.7601933,2026-01-22 21:49:17.000,_20260122_164816_CH02_DUT_TMO_Playstore 30MB_NJ DUT REF_L1.dml,,,,N41(100)+N41(40),NR SA,429,-74.810000,20.710000,,,,,,,,,,,,,,,,,
58,1,,,-73.9263200,40.7601933,2026-01-22 21:49:18.000,_20260122_164816_CH02_DUT_TMO_Playstore 30MB_NJ DUT REF_L1.dml,,,,N41(100)+N41(40),NR SA,429,-75.000000,21.650000,,,,,,,,,,,,,0.464,,,,
59,1,,,-73.9263200,40.7601933,2026-01-22 21:49:19.000,_20260122_164816_CH02_DUT_TMO_Playstore 30MB_NJ DUT REF_L1.dml,,,,N41(100)+N41(40),NR SA,429,-75.940000,20.870000,,,,,,,,,,,,,0.144,,,,
60,1,,,-73.9263200,40.7601933,2026-01-22 21:49:20.000,_20260122_164816_CH02_DUT_TMO_Playstore 30MB_NJ DUT REF_L1.dml,,,,N41(100)+N41(40),NR SA,429,-74.720000,21.720000,,,,,,,,,,,,,0.408,,,,
61,1,,,-73.9263200,40.7601933,2026-01-22 21:49:21.000,_20260122_164816_CH02_DUT_TMO_Playstore 30MB_NJ DUT REF_L1.dml,,,,N41(100)+N41(40),NR SA,429,-77.120000,18.250000,,,,,,,,,,,,,0.288,,,,
62,1,,,-73.9263200,40.7601933,2026-01-22 21:49:22.000,_20260122_164816_CH02_DUT_TMO_Playstore 30MB_NJ DUT REF_L1.dml,,,,N41(100)+N41(40),NR SA,429,-75.030000,20.570000,,,,,,,,,,,,,0.440,,,,
63,1,,,-73.9263200,40.7601933,2026-01-22 21:49:23.000,_20260122_164816_CH02_DUT_TMO_Playstore 30MB_NJ DUT REF_L1.dml,,,,N41(100)+N41(40),NR SA,429,-73.890000,20.460000,,,,,,,,,,,,,0.776,,,,
64,1,,,-73.9263200,40.7601933,2026-01-22 21:49:24.000,_20260122_164816_CH02_DUT_TMO_Playstore 30MB_NJ DUT REF_L1.dml,,,,N41(100)+N41(40),NR SA,429,-74.140000,19.570000,,,,,,,,,,,,,0.288,,,,
65,1,,,-73.9263117,40.7601817,2026-01-22 21:49:25.000,_20260122_164816_CH02_DUT_TMO_Playstore 30MB_NJ DUT REF_L1.dml,,,,N41(100)+N41(40),NR SA,429,-74.900000,18.430000,,,,,,,,,,,,,,,,,
66,1,,,-73.9263117,40.7601783,2026-01-22 21:49:26.000,_20260122_164816_CH02_DUT_TMO_Playstore 30MB_NJ DUT REF_L1.dml,,,,N41(100)+N41(40),NR SA,429,-75.070000,19.270000,,,,,,,,,,,,,0.136,,,,
67,1,,,-73.9263133,40.7601750,2026-01-22 21:49:27.000,_20260122_164816_CH02_DUT_TMO_Playstore 30MB_NJ DUT REF_L1.dml,,,,N41(100)+N41(40),NR SA,429,-75.300000,18.090000,,,,,,,,,,,,,0.336,,,,
68,1,,,-73.9263133,40.7601717,2026-01-22 21:49:28.000,_20260122_164816_CH02_DUT_TMO_Playstore 30MB_NJ DUT REF_L1.dml,,,,N41(100)+N41(40),NR SA,429,-75.130000,18.000000,,,,,,,,,,,,,0.520,,,,
69,1,,,-73.9263150,40.7601683,2026-01-22 21:49:29.000,_20260122_164816_CH02_DUT_TMO_Playstore 30MB_NJ DUT REF_L1.dml,,,,N41(100)+N41(40),NR SA,429,-75.120000,18.590000,,,,,,,,,,,,,0.280,,,,
70,1,,,-73.9263150,40.7601667,2026-01-22 21:49:30.000,_20260122_164816_CH02_DUT_TMO_Playstore 30MB_NJ DUT REF_L1.dml,,,,N41(100)+N41(40),NR SA,429,-74.570000,18.520000,,,,,,,,,,,,,,,,,
71,1,,,-73.9263150,40.7601667,2026-01-22 21:49:31.000,_20260122_164816_CH02_DUT_TMO_Playstore 30MB_NJ DUT REF_L1.dml,,,,N41(100)+N41(40),NR SA,429,-75.260000,17.520000,,,,,,,,,,,,,0.448,,,,
72,1,,,-73.9263150,40.7601667,2026-01-22 21:49:32.000,_20260122_164816_CH02_DUT_TMO_Playstore 30MB_NJ DUT REF_L1.dml,,,,N41(100)+N41(40),NR SA,429,-75.060000,17.940000,,,,,,,,,,,,,0.432,,,,
73,1,,,-73.9263150,40.7601667,2026-01-22 21:49:33.000,_20260122_164816_CH02_DUT_TMO_Playstore 30MB_NJ DUT REF_L1.dml,,,,N41(100)+N41(40),NR SA,429,-75.000000,17.670000,,,,,,,,,,,,,0.416,,,,
74,1,,,-73.9263150,40.7601667,2026-01-22 21:49:34.000,_20260122_164816_CH02_DUT_TMO_Playstore 30MB_NJ DUT REF_L1.dml,,,,N41(100)+N41(40),NR SA,429,-74.110000,19.780000,,,,,,,,,,,,,0.512,,,,
75,1,,,-73.9263150,40.7601667,2026-01-22 21:49:35.000,_20260122_164816_CH02_DUT_TMO_Playstore 30MB_NJ DUT REF_L1.dml,,,,N41(100)+N41(40),NR SA,429,-74.330000,20.330000,,,,,,,,,,,,,0.280,,,,
76,1,,,-73.9263150,40.7601667,2026-01-22 21:49:36.000,_20260122_164816_CH02_DUT_TMO_Playstore 30MB_NJ DUT REF_L1.dml,,,,N41(100)+N41(40),NR SA,429,-74.000000,20.500000,,,,,,,,,,,,,0.000,,,,
77,1,,,-73.9263150,40.7601667,2026-01-22 21:49:37.000,_20260122_164816_CH02_DUT_TMO_Playstore 30MB_NJ DUT REF_L1.dml,,,,N41(100)+N41(40),NR SA,429,-74.000000,20.000000,,,,,,,,,,,,,0.000,,,,
78,1,,,-73.9263150,40.7601667,2026-01-22 21:49:38.000,_20260122_164816_CH02_DUT_TMO_Playstore 30MB_NJ DUT REF_L1.dml,,,,N41(100)+N41(40),NR SA,429,-74.060000,19.380000,,,,,,,,,,,,,,,,,
79,1,,,-73.9263150,40.7601667,2026-01-22 21:49:39.000,_20260122_164816_CH02_DUT_TMO_Playstore 30MB_NJ DUT REF_L1.dml,,,,N41(100)+N41(40),NR SA,429,-73.830000,22.480000,,,,,,,,,,,,,0.120,,,,
80,1,,,-73.9263150,40.7601667,2026-01-22 21:49:40.000,_20260122_164816_CH02_DUT_TMO_Playstore 30MB_NJ DUT REF_L1.dml,,,,N41(100)+N41(40),NR SA,429,-74.120000,20.960000,,,,,,,,,,,,,0.064,,,,
81,1,,,-73.9263150,40.7601667,2026-01-22 21:49:41.000,_20260122_164816_CH02_DUT_TMO_Playstore 30MB_NJ DUT REF_L1.dml,,,,N41(100)+N41(40),NR SA,429,-75.000000,21.670000,,,,,,,,,,,,,0.064,,,,
82,1,,,-73.9263150,40.7601667,2026-01-22 21:49:42.000,_20260122_164816_CH02_DUT_TMO_Playstore 30MB_NJ DUT REF_L1.dml,,,,N41(100)+N41(40),NR SA,429,-76.640000,19.910000,,,,,,,,,,,,,0.000,,,,
83,1,,,-73.9263150,40.7601667,2026-01-22 21:49:43.000,_20260122_164816_CH02_DUT_TMO_Playstore 30MB_NJ DUT REF_L1.dml,,,,N41(100)+N41(40),NR SA,429,-78.570000,18.570000,,,,,,,,,,,,,,,,,
84,1,,,-73.9263150,40.7601667,2026-01-22 21:49:44.000,_20260122_164816_CH02_DUT_TMO_Playstore 30MB_NJ DUT REF_L1.dml,,,,N41(100)+N41(40),NR SA,429,-79.300000,16.600000,,,,,,,,,,,,,0.004,,,,
85,1,,,-73.9263150,40.7601667,2026-01-22 21:49:45.000,_20260122_164816_CH02_DUT_TMO_Playstore 30MB_NJ DUT REF_L1.dml,,,,N41(100)+N41(40),NR SA,429,-79.000000,17.000000,,,,,,,,,,,,,0.008,,,,
86,1,,,-73.9263150,40.7601667,2026-01-22 21:49:46.000,_20260122_164816_CH02_DUT_TMO_Playstore 30MB_NJ DUT REF_L1.dml,,,,N41(100)+N41(40),NR SA,429,-76.760000,19.440000,,,,,,,,,,,,,0.136,,,,
87,1,,,-73.9263150,40.7601667,2026-01-22 21:49:47.000,_20260122_164816_CH02_DUT_TMO_Playstore 30MB_NJ DUT REF_L1.dml,,,,N41(100)+N41(40),NR SA,429,-75.260000,22.580000,,,,,,,,,,,,,1.168,,,,
88,1,,,-73.9263150,40.7601667,2026-01-22 21:49:48.000,_20260122_164816_CH02_DUT_TMO_Playstore 30MB_NJ DUT REF_L1.dml,,,,N41(100)+N41(40),NR SA,429,-75.830000,20.000000,,,,,,,,,,,,,0.784,,,,
89,1,,,-73.9263150,40.7601667,2026-01-22 21:49:49.000,_20260122_164816_CH02_DUT_TMO_Playstore 30MB_NJ DUT REF_L1.dml,,,,N41(100)+N41(40),NR SA,429,-75.950000,18.920000,,,,,,,,,,,,,1.000,,,,
90,1,,,-73.9263150,40.7601667,2026-01-22 21:49:50.000,_20260122_164816_CH02_DUT_TMO_Playstore 30MB_NJ DUT REF_L1.dml,,,,N41(100)+N41(40),NR SA,429,-75.210000,18.820000,,,,,,,,,,,,,0.952,,,,
91,1,,,-73.9263150,40.7601667,2026-01-22 21:49:51.000,_20260122_164816_CH02_DUT_TMO_Playstore 30MB_NJ DUT REF_L1.dml,,,,N41(100)+N41(40),NR SA,429,-77.100000,18.100000,,,,,,,,,,,,,0.800,,,,
92,1,,,-73.9263150,40.7601667,2026-01-22 21:49:52.000,_20260122_164816_CH02_DUT_TMO_Playstore 30MB_NJ DUT REF_L1.dml,,,,N41(100)+N41(40),NR SA,429,-78.090000,17.440000,,,,,,,,,,,,,0.528,,,,
93,1,,,-73.9263150,40.7601667,2026-01-22 21:49:53.000,_20260122_164816_CH02_DUT_TMO_Playstore 30MB_NJ DUT REF_L1.dml,,,,N41(100)+N41(40),NR SA,429,-77.270000,17.570000,,,,,,,,,,,,,,,,,
94,1,,,-73.9263150,40.7601667,2026-01-22 21:49:54.000,_20260122_164816_CH02_DUT_TMO_Playstore 30MB_NJ DUT REF_L1.dml,,,,N41(100),NR SA,429,-77.000000,18.670000,,,,,,,,,,,,,1.552,,,,
95,1,,,-73.9263150,40.7601667,2026-01-22 21:49:55.000,_20260122_164816_CH02_DUT_TMO_Playstore 30MB_NJ DUT REF_L1.dml,,,,N41(100)+N41(40),NR SA,429,-74.500000,21.120000,,,,,,,,,,,,,,,,,
96,1,,,-73.9263150,40.7601667,2026-01-22 21:49:56.000,_20260122_164816_CH02_DUT_TMO_Playstore 30MB_NJ DUT REF_L1.dml,,,,N41(100)+N41(40),NR SA,429,-75.000000,18.830000,,,,,,,,,,,,,0.000,,,,
97,1,,,-73.9263150,40.7601667,2026-01-22 21:49:57.000,_20260122_164816_CH02_DUT_TMO_Playstore 30MB_NJ DUT REF_L1.dml,,,,N41(100)+N41(40),NR SA,429,-75.250000,19.750000,,,,,,,,,,,,,0.024,,,,
98,1,,,-73.9263150,40.7601667,2026-01-22 21:49:58.000,_20260122_164816_CH02_DUT_TMO_Playstore 30MB_NJ DUT REF_L1.dml,,,,N41(100)+N41(40),NR SA,429,-76.330000,18.710000,,,,,,,,,,,,,,,,,
99,1,,,-73.9263150,40.7601667,2026-01-22 21:49:59.000,_20260122_164816_CH02_DUT_TMO_Playstore 30MB_NJ DUT REF_L1.dml,,,,N41(100)+N41(40),NR SA,429,-75.000000,20.500000,,,,,,,,,,,,,0.080,,,,
100,1,,,-73.9263150,40.7601667,2026-01-22 21:50:00.000,_20260122_164816_CH02_DUT_TMO_Playstore 30MB_NJ DUT REF_L1.dml,,,,N41(100)+N41(40),NR SA,429,-76.000000,18.000000,,,,,,,,,,,,,0.000,,,,
101,1,,,-73.9263150,40.7601667,2026-01-22 21:50:01.000,_20260122_164816_CH02_DUT_TMO_Playstore 30MB_NJ DUT REF_L1.dml,,,,N41(100)+N41(40),NR SA,429,-74.000000,20.830000,,,,,,,,,,,,,0.000,,,,
102,1,,,-73.9263150,40.7601667,2026-01-22 21:50:02.000,_20260122_164816_CH02_DUT_TMO_Playstore 30MB_NJ DUT REF_L1.dml,,,,N41(100)+N41(40),NR SA,429,-74.000000,18.670000,,,,,,,,,,,,,0.000,,,,
103,1,,,-73.9263150,40.7601667,2026-01-22 21:50:03.000,_20260122_164816_CH02_DUT_TMO_Playstore 30MB_NJ DUT REF_L1.dml,,,,N41(100)+N41(40),NR SA,429,-74.170000,20.670000,,,,,,,,,,,,,,,,,
104,1,,,-73.9263150,40.7601667,2026-01-22 21:50:04.000,_20260122_164816_CH02_DUT_TMO_Playstore 30MB_NJ DUT REF_L1.dml,,,,N41(100)+N41(40),NR SA,429,-75.000000,19.170000,,,,,,,,,,,,,0.000,,,,
105,1,,,-73.9263383,40.7601700,2026-01-22 21:50:05.000,_20260122_164816_CH02_DUT_TMO_Playstore 30MB_NJ DUT REF_L1.dml,,,,N41(100)+N41(40),NR SA,429,-73.830000,20.000000,,,,,,,,,,,,,0.000,,,,
106,1,,,-73.9263367,40.7601683,2026-01-22 21:50:06.000,_20260122_164816_CH02_DUT_TMO_Playstore 30MB_NJ DUT REF_L1.dml,,,,N41(100)+N41(40),NR SA,429,-74.500000,19.750000,,,,,,,,,,,,,0.000,,,,
107,1,,,-73.9263350,40.7601667,2026-01-22 21:50:07.000,_20260122_164816_CH02_DUT_TMO_Playstore 30MB_NJ DUT REF_L1.dml,,,,N41(100)+N41(40),NR SA,429,-73.670000,20.000000,,,,,,,,,,,,,0.000,,,,
108,1,,,-73.9263333,40.7601650,2026-01-22 21:50:08.000,_20260122_164816_CH02_DUT_TMO_Playstore 30MB_NJ DUT REF_L1.dml,,,,N41(x)+N41(x),NR SA,429,-73.000000,20.000000,,,,,,,,,,,,,,,,,
109,1,,,-73.9263317,40.7601583,2026-01-22 21:50:09.000,_20260122_164816_CH02_DUT_TMO_Playstore 30MB_NJ DUT REF_L1.dml,,,,N41(100)+N41(x),NR SA,429,-75.210000,20.530000,,,,,,,,,,,,,,,,,
110,1,,,-73.9263317,40.7601583,2026-01-22 21:50:10.000,_20260122_164816_CH02_DUT_TMO_Playstore 30MB_NJ DUT REF_L1.dml,,,,N41(100)+N41(40),NR SA,429,-77.920000,18.620000,,,,,,,,,,,,,,,,,
111,1,,,-73.9263300,40.7601567,2026-01-22 21:50:11.000,_20260122_164816_CH02_DUT_TMO_Playstore 30MB_NJ DUT REF_L1.dml,,,,N41(100)+N41(40),NR SA,429,-76.750000,20.250000,,,,,,,,,,,,,0.080,,,,
112,1,,,-73.9263317,40.7601533,2026-01-22 21:50:12.000,_20260122_164816_CH02_DUT_TMO_Playstore 30MB_NJ DUT REF_L1.dml,,,,N41(100)+N41(40),NR SA,429,-76.170000,20.830000,,,,,,,,,,,,,0.000,,,,
113,1,,,-73.9263333,40.7601517,2026-01-22 21:50:13.000,_20260122_164816_CH02_DUT_TMO_Playstore 30MB_NJ DUT REF_L1.dml,,,,N41(100)+N41(40),NR SA,429,-75.750000,20.100000,,,,,,,,,,,,,0.000,,,,
114,1,,,-73.9263383,40.7601483,2026-01-22 21:50:14.000,_20260122_164816_CH02_DUT_TMO_Playstore 30MB_NJ DUT REF_L1.dml,,,,N41(100)+N41(40),NR SA,429,-76.000000,19.250000,,,,,,,,,,,,,0.032,,,,
115,1,,,-73.9263467,40.7601450,2026-01-22 21:50:15.000,_20260122_164816_CH02_DUT_TMO_Playstore 30MB_NJ DUT REF_L1.dml,,,,N41(100)+N41(40),NR SA,429,-75.570000,19.570000,,,,,,,,,,,,,0.000,,,,
116,1,,,-73.9263550,40.7601383,2026-01-22 21:50:16.000,_20260122_164816_CH02_DUT_TMO_Playstore 30MB_NJ DUT REF_L1.dml,,,,N41(100)+N41(40),NR SA,429,-74.500000,22.250000,,,,,,,,,,,,,0.000,,,,
117,1,,,-73.9263600,40.7601283,2026-01-22 21:50:17.000,_20260122_164816_CH02_DUT_TMO_Playstore 30MB_NJ DUT REF_L1.dml,,,,N41(100)+N41(40),NR SA,429,-77.460000,18.850000,,,,,,,,,,,,,0.000,,,,
118,1,,,-73.9263567,40.7601167,2026-01-22 21:50:18.000,_20260122_164816_CH02_DUT_TMO_Playstore 30MB_NJ DUT REF_L1.dml,,,,N41(100)+N41(40),NR SA,429,-77.200000,19.400000,,,,,,,,,,,,,0.008,,,,
119,1,,,-73.9263567,40.7601150,2026-01-22 21:50:19.000,_20260122_164816_CH02_DUT_TMO_Playstore 30MB_NJ DUT REF_L1.dml,,,,N41(100)+N41(40),NR SA,429,-75.520000,20.220000,,,,,,,,,,,,,0.136,,,,
120,1,,,-73.9263500,40.7601050,2026-01-22 21:50:20.000,_20260122_164816_CH02_DUT_TMO_Playstore 30MB_NJ DUT REF_L1.dml,,,,N41(100)+N41(40),NR SA,429,-76.290000,18.350000,,,,,,,,,,,,,0.632,,,,
121,1,,,-73.9263500,40.7601033,2026-01-22 21:50:21.000,_20260122_164816_CH02_DUT_TMO_Playstore 30MB_NJ DUT REF_L1.dml,,,,N41(100)+N41(40),NR SA,429,-74.800000,20.400000,,,,,,,,,,,,,0.208,,,,
122,1,,,-73.9263500,40.7600983,2026-01-22 21:50:22.000,_20260122_164816_CH02_DUT_TMO_Playstore 30MB_NJ DUT REF_L1.dml,,,,N41(100)+N41(40),NR SA,429,-76.580000,19.290000,,,,,,,,,,,,,0.976,,,,
123,1,,,-73.9263533,40.7600967,2026-01-22 21:50:23.000,_20260122_164816_CH02_DUT_TMO_Playstore 30MB_NJ DUT REF_L1.dml,,,,N41(100)+N41(40),NR SA,429,-77.930000,19.570000,,,,,,,,,,,,,0.312,,,,
124,1,,,-73.9263533,40.7600950,2026-01-22 21:50:24.000,_20260122_164816_CH02_DUT_TMO_Playstore 30MB_NJ DUT REF_L1.dml,,,,N41(100)+N41(40),NR SA,429,-76.710000,20.520000,,,,,,,,,,,,,0.144,,,,
125,1,,,-73.9263550,40.7600950,2026-01-22 21:50:25.000,_20260122_164816_CH02_DUT_TMO_Playstore 30MB_NJ DUT REF_L1.dml,,,,N41(100)+N41(40),NR SA,429,-77.140000,20.190000,,,,,,,,,,,,,0.568,,,,
126,1,,,-73.9263533,40.7600950,2026-01-22 21:50:26.000,_20260122_164816_CH02_DUT_TMO_Playstore 30MB_NJ DUT REF_L1.dml,,,,N41(100)+N41(40),NR SA,429,-77.090000,20.560000,,,,,,,,,,,,,0.424,,,,
127,1,,,-73.9263600,40.7600833,2026-01-22 21:50:27.000,_20260122_164816_CH02_DUT_TMO_Playstore 30MB_NJ DUT REF_L1.dml,,,,N41(100)+N41(40),NR SA,429,-76.600000,20.730000,,,,,,,,,,,,,0.424,,,,
128,1,,,-73.9263600,40.7600733,2026-01-22 21:50:28.000,_20260122_164816_CH02_DUT_TMO_Playstore 30MB_NJ DUT REF_L1.dml,,,,N41(100)+N41(40),NR SA,429,-76.580000,20.190000,,,,,,,,,,,,,1.024,,,,
129,1,,,-73.9263550,40.7600383,2026-01-22 21:50:29.000,_20260122_164816_CH02_DUT_TMO_Playstore 30MB_NJ DUT REF_L1.dml,,,,N41(100)+N41(40),NR SA,429,-76.380000,20.730000,,,,,,,,,,,,,0.904,,,,
130,1,,,-73.9263550,40.7600583,2026-01-22 21:50:30.000,_20260122_164816_CH02_DUT_TMO_Playstore 30MB_NJ DUT REF_L1.dml,,,,N41(100)+N41(40),NR SA,429,-76.190000,21.780000,,,,,,,,,,,,,0.640,,,,
131,1,,,-73.9263517,40.7600567,2026-01-22 21:50:31.000,_20260122_164816_CH02_DUT_TMO_Playstore 30MB_NJ DUT REF_L1.dml,,,,N41(100)+N41(40),NR SA,429,-75.810000,20.560000,,,,,,,,,,,,,0.176,,,,
132,1,,,-73.9263467,40.7600483,2026-01-22 21:50:32.000,_20260122_164816_CH02_DUT_TMO_Playstore 30MB_NJ DUT REF_L1.dml,,,,N41(100)+N41(40),NR SA,429,-77.190000,18.920000,,,,,,,,,,,,,,,,,
133,1,,,-73.9263450,40.7600450,2026-01-22 21:50:33.000,_20260122_164816_CH02_DUT_TMO_Playstore 30MB_NJ DUT REF_L1.dml,,,,N41(100)+N41(40),NR SA,429,-77.670000,18.190000,,,,,,,,,,,,,0.416,,,,
134,1,,,-73.9263400,40.7600417,2026-01-22 21:50:34.000,_20260122_164816_CH02_DUT_TMO_Playstore 30MB_NJ DUT REF_L1.dml,,,,N41(100)+N41(40),NR SA,429,-77.630000,19.460000,,,,,,,,,,,,,1.328,,,,
135,1,,,-73.9263367,40.7600383,2026-01-22 21:50:35.000,_20260122_164816_CH02_DUT_TMO_Playstore 30MB_NJ DUT REF_L1.dml,,,,N41(100)+N41(40),NR SA,429,-77.600000,18.960000,,,,,,,,,,,,,1.520,,,,
136,1,,,-73.9263350,40.7600367,2026-01-22 21:50:36.000,_20260122_164816_CH02_DUT_TMO_Playstore 30MB_NJ DUT REF_L1.dml,,,,N41(100)+N41(40),NR SA,429,-77.350000,19.000000,,,,,,,,,,,,,0.176,,,,
137,1,,,-73.9263333,40.7600367,2026-01-22 21:50:37.000,_20260122_164816_CH02_DUT_TMO_Playstore 30MB_NJ DUT REF_L1.dml,,,,N41(100)+N41(40),NR SA,429,-77.100000,19.300000,,,,,,,,,,,,,0.000,,,,
138,1,,,-73.9263317,40.7600367,2026-01-22 21:50:38.000,_20260122_164816_CH02_DUT_TMO_Playstore 30MB_NJ DUT REF_L1.dml,,,,N41(100)+N41(40),NR SA,429,-76.400000,20.200000,,,,,,,,,,,,,0.000,,,,
139,1,,,-73.9263317,40.7600367,2026-01-22 21:50:39.000,_20260122_164816_CH02_DUT_TMO_Playstore 30MB_NJ DUT REF_L1.dml,,,,N41(100)+N41(40),NR SA,429,-78.000000,18.000000,,,,,,,,,,,,,0.000,,,,
140,1,,,-73.9263300,40.7600367,2026-01-22 21:50:40.000,_20260122_164816_CH02_DUT_TMO_Playstore 30MB_NJ DUT REF_L1.dml,,,,N41(100)+N41(40),NR SA,429,-76.800000,18.980000,,,,,,,,,,,,,0.096,,,,
141,1,,,-73.9263267,40.7600367,2026-01-22 21:50:41.000,_20260122_164816_CH02_DUT_TMO_Playstore 30MB_NJ DUT REF_L1.dml,,,,N41(100)+N41(40),NR SA,429,-76.000000,19.290000,,,,,,,,,,,,,0.016,,,,
142,1,,,-73.9263233,40.7600367,2026-01-22 21:50:42.000,_20260122_164816_CH02_DUT_TMO_Playstore 30MB_NJ DUT REF_L1.dml,,,,N41(100)+N41(40),NR SA,429,-74.790000,20.860000,,,,,,,,,,,,,,,,,
143,1,,,-73.9263200,40.7600383,2026-01-22 21:50:43.000,_20260122_164816_CH02_DUT_TMO_Playstore 30MB_NJ DUT REF_L1.dml,,,,N41(100)+N41(40),NR SA,429,-77.800000,17.400000,,,,,,,,,,,,,0.088,,,,
144,1,,,-73.9263167,40.7600383,2026-01-22 21:50:44.000,_20260122_164816_CH02_DUT_TMO_Playstore 30MB_NJ DUT REF_L1.dml,,,,N41(100)+N41(40),NR SA,429,-75.460000,18.150000,,,,,,,,,,,,,0.000,,,,
145,1,,,-73.9263133,40.7600383,2026-01-22 21:50:45.000,_20260122_164816_CH02_DUT_TMO_Playstore 30MB_NJ DUT REF_L1.dml,,,,N41(100)+N41(40),NR SA,429,-76.240000,19.480000,,,,,,,,,,,,,0.008,,,,
146,1,,,-73.9263117,40.7600383,2026-01-22 21:50:46.000,_20260122_164816_CH02_DUT_TMO_Playstore 30MB_NJ DUT REF_L1.dml,,,,N41(100)+N41(40),NR SA,429,-76.820000,18.250000,,,,,,,,,,,,,0.104,,,,
147,1,,,-73.9263100,40.7600367,2026-01-22 21:50:47.000,_20260122_164816_CH02_DUT_TMO_Playstore 30MB_NJ DUT REF_L1.dml,,,,N41(100)+N41(40),NR SA,429,-76.120000,19.880000,,,,,,,,,,,,,0.584,,,,
148,1,,,-73.9263050,40.7600317,2026-01-22 21:50:48.000,_20260122_164816_CH02_DUT_TMO_Playstore 30MB_NJ DUT REF_L1.dml,,,,N41(100)+N41(40),NR SA,429,-75.200000,20.340000,,,,,,,,,,,,,,,,,
149,1,,,-73.9263033,40.7600317,2026-01-22 21:50:49.000,_20260122_164816_CH02_DUT_TMO_Playstore 30MB_NJ DUT REF_L1.dml,,,,N41(100)+N41(40),NR SA,429,-76.410000,19.070000,,,,,,,,,,,,,0.400,,,,
150,1,,,-73.9263000,40.7600300,2026-01-22 21:50:50.000,_20260122_164816_CH02_DUT_TMO_Playstore 30MB_NJ DUT REF_L1.dml,,,,N41(100)+N41(40),NR SA,429,-76.240000,17.270000,,,,,,,,,,,,,0.880,,,,
151,1,,,-73.9262967,40.7600300,2026-01-22 21:50:51.000,_20260122_164816_CH02_DUT_TMO_Playstore 30MB_NJ DUT REF_L1.dml,,,,N41(100)+N41(40),NR SA,429,-75.110000,18.840000,,,,,,,,,,,,,0.424,,,,
152,1,,,-73.9262950,40.7600300,2026-01-22 21:50:52.000,_20260122_164816_CH02_DUT_TMO_Playstore 30MB_NJ DUT REF_L1.dml,,,,N41(100)+N41(40),NR SA,429,-74.820000,19.290000,,,,,,,,,,,,,0.144,,,,
153,1,,,-73.9262950,40.7600317,2026-01-22 21:50:53.000,_20260122_164816_CH02_DUT_TMO_Playstore 30MB_NJ DUT REF_L1.dml,,,,N41(100)+N41(40),NR SA,429,-75.710000,19.320000,,,,,,,,,,,,,0.728,,,,
154,1,,,-73.9262950,40.7600317,2026-01-22 21:50:54.000,_20260122_164816_CH02_DUT_TMO_Playstore 30MB_NJ DUT REF_L1.dml,,,,N41(100)+N41(40),NR SA,429,-74.850000,19.670000,,,,,,,,,,,,,0.344,,,,
155,1,,,-73.9262983,40.7600317,2026-01-22 21:50:55.000,_20260122_164816_CH02_DUT_TMO_Playstore 30MB_NJ DUT REF_L1.dml,,,,N41(100)+N41(40),NR SA,429,-74.640000,20.110000,,,,,,,,,,,,,0.440,,,,
156,1,,,-73.9263017,40.7600300,2026-01-22 21:50:56.000,_20260122_164816_CH02_DUT_TMO_Playstore 30MB_NJ DUT REF_L1.dml,,,,N41(100)+N41(40),NR SA,429,-74.390000,20.140000,,,,,,,,,,,,,0.560,,,,
157,1,,,-73.9263050,40.7600283,2026-01-22 21:50:57.000,_20260122_164816_CH02_DUT_TMO_Playstore 30MB_NJ DUT REF_L1.dml,,,,N41(100)+N41(40),NR SA,429,-75.040000,19.740000,,,,,,,,,,,,,0.816,,,,
158,1,,,-73.9263083,40.7600250,2026-01-22 21:50:58.000,_20260122_164816_CH02_DUT_TMO_Playstore 30MB_NJ DUT REF_L1.dml,,,,N41(100)+N41(40),NR SA,429,-76.250000,19.500000,,,,,,,,,,,,,,,,,
159,1,,,-73.9263100,40.7600233,2026-01-22 21:50:59.000,_20260122_164816_CH02_DUT_TMO_Playstore 30MB_NJ DUT REF_L1.dml,,,,N41(100)+N41(40),NR SA,429,-77.200000,19.400000,,,,,,,,,,,,,0.280,,,,
160,1,,,-73.9263117,40.7600217,2026-01-22 21:51:00.000,_20260122_164816_CH02_DUT_TMO_Playstore 30MB_NJ DUT REF_L1.dml,,,,N41(100)+N41(40),NR SA,429,-75.940000,20.000000,,,,,,,,,,,,,0.144,,,,
161,1,,,-73.9263133,40.7600200,2026-01-22 21:51:01.000,_20260122_164816_CH02_DUT_TMO_Playstore 30MB_NJ DUT REF_L1.dml,,,,N41(100)+N41(40),NR SA,429,-78.670000,16.500000,,,,,,,,,,,,,0.400,,,,
162,1,,,-73.9263133,40.7600200,2026-01-22 21:51:02.000,_20260122_164816_CH02_DUT_TMO_Playstore 30MB_NJ DUT REF_L1.dml,,,,N41(100)+N41(40),NR SA,429,-77.820000,17.360000,,,,,,,,,,,,,,,,,
163,1,,,-73.9263133,40.7600200,2026-01-22 21:51:03.000,_20260122_164816_CH02_DUT_TMO_Playstore 30MB_NJ DUT REF_L1.dml,,,,N41(100)+N41(40),NR SA,429,-80.000000,14.670000,,,,,,,,,,,,,0.000,,,,
164,1,,,-73.9263133,40.7600200,2026-01-22 21:51:04.000,_20260122_164816_CH02_DUT_TMO_Playstore 30MB_NJ DUT REF_L1.dml,,,,N41(100)+N41(40),NR SA,429,-76.360000,18.710000,,,,,,,,,,,,,0.072,,,,
165,1,,,-73.9263133,40.7600200,2026-01-22 21:51:05.000,_20260122_164816_CH02_DUT_TMO_Playstore 30MB_NJ DUT REF_L1.dml,,,,N41(100)+N41(40),NR SA,429,-76.760000,17.850000,,,,,,,,,,,,,,,,,
166,1,,,-73.9263133,40.7600200,2026-01-22 21:51:06.000,_20260122_164816_CH02_DUT_TMO_Playstore 30MB_NJ DUT REF_L1.dml,,,,N41(100)+N41(40),NR SA,429,-79.570000,16.000000,,,,,,,,,,,,,0.088,,,,
167,1,,,-73.9263050,40.7600217,2026-01-22 21:51:07.000,_20260122_164816_CH02_DUT_TMO_Playstore 30MB_NJ DUT REF_L1.dml,,,,N41(100)+N41(40),NR SA,429,-78.620000,19.000000,,,,,,,,,,,,,0.000,,,,
168,1,,,-73.9263017,40.7600250,2026-01-22 21:51:08.000,_20260122_164816_CH02_DUT_TMO_Playstore 30MB_NJ DUT REF_L1.dml,,,,N41(100)+N41(40),NR SA,429,-76.000000,19.000000,,,,,,,,,,,,,0.000,,,,
169,1,,,-73.9262967,40.7600250,2026-01-22 21:51:09.000,_20260122_164816_CH02_DUT_TMO_Playstore 30MB_NJ DUT REF_L1.dml,,,,N41(100)+N41(40),NR SA,429,-75.760000,19.410000,,,,,,,,,,,,,0.168,,,,
170,1,,,-73.9262917,40.7600267,2026-01-22 21:51:10.000,_20260122_164816_CH02_DUT_TMO_Playstore 30MB_NJ DUT REF_L1.dml,,,,N41(100)+N41(40),NR SA,429,-75.480000,20.800000,,,,,,,,,,,,,0.648,,,,
171,1,,,-73.9262883,40.7600250,2026-01-22 21:51:11.000,_20260122_164816_CH02_DUT_TMO_Playstore 30MB_NJ DUT REF_L1.dml,,,,N41(100)+N41(40),NR SA,429,-72.860000,23.390000,,,,,,,,,,,,,1.520,,,,
172,1,,,-73.9262867,40.7600250,2026-01-22 21:51:12.000,_20260122_164816_CH02_DUT_TMO_Playstore 30MB_NJ DUT REF_L1.dml,,,,N41(100)+N41(40),NR SA,429,-75.690000,19.710000,,,,,,,,,,,,,2.728,,,,
173,1,,,-73.9262833,40.7600233,2026-01-22 21:51:13.000,_20260122_164816_CH02_DUT_TMO_Playstore 30MB_NJ DUT REF_L1.dml,,,,N41(100)+N41(40),NR SA,429,-74.760000,20.500000,,,,,,,,,,,,,,,,,
174,1,,,-73.9262833,40.7600233,2026-01-22 21:51:14.000,_20260122_164816_CH02_DUT_TMO_Playstore 30MB_NJ DUT REF_L1.dml,,,,N41(100)+N41(40),NR SA,429,-77.530000,17.670000,,,,,,,,,,,,,1.976,,,,
175,1,,,-73.9262817,40.7600217,2026-01-22 21:51:15.000,_20260122_164816_CH02_DUT_TMO_Playstore 30MB_NJ DUT REF_L1.dml,,,,N41(100)+N41(40),NR SA,429,-77.100000,19.600000,,,,,,,,,,,,,0.008,,,,
176,1,,,-73.9262833,40.7600217,2026-01-22 21:51:16.000,_20260122_164816_CH02_DUT_TMO_Playstore 30MB_NJ DUT REF_L1.dml,,,,N41(100)+N41(40),NR SA,429,-77.000000,20.250000,,,,,,,,,,,,,0.000,,,,
177,1,,,-73.9262850,40.7600217,2026-01-22 21:51:17.000,_20260122_164816_CH02_DUT_TMO_Playstore 30MB_NJ DUT REF_L1.dml,,,,N41(100)+N41(40),NR SA,429,-76.920000,18.460000,,,,,,,,,,,,,0.000,,,,
178,1,,,-73.9262850,40.7600217,2026-01-22 21:51:18.000,_20260122_164816_CH02_DUT_TMO_Playstore 30MB_NJ DUT REF_L1.dml,,,,N41(100)+N41(40),NR SA,429,-77.950000,16.470000,,,,,,,,,,,,,,,,,
179,1,,,-73.9262900,40.7600233,2026-01-22 21:51:19.000,_20260122_164816_CH02_DUT_TMO_Playstore 30MB_NJ DUT REF_L1.dml,,,,N41(100)+N41(40),NR SA,429,-76.100000,20.600000,,,,,,,,,,,,,0.088,,,,
180,1,,,-73.9262933,40.7600250,2026-01-22 21:51:20.000,_20260122_164816_CH02_DUT_TMO_Playstore 30MB_NJ DUT REF_L1.dml,,,,N41(100)+N41(40),NR SA,429,-77.140000,17.710000,,,,,,,,,,,,,0.000,,,,
181,1,,,-73.9262983,40.7600283,2026-01-22 21:51:21.000,_20260122_164816_CH02_DUT_TMO_Playstore 30MB_NJ DUT REF_L1.dml,,,,N41(100)+N41(40),NR SA,429,-77.000000,18.670000,,,,,,,,,,,,,0.000,,,,
182,1,,,-73.9263033,40.7600283,2026-01-22 21:51:22.000,_20260122_164816_CH02_DUT_TMO_Playstore 30MB_NJ DUT REF_L1.dml,,,,N41(100)+N41(40),NR SA,429,-77.860000,18.290000,,,,,,,,,,,,,0.000,,,,
183,1,,,-73.9263083,40.7600317,2026-01-22 21:51:23.000,_20260122_164816_CH02_DUT_TMO_Playstore 30MB_NJ DUT REF_L1.dml,,,,N41(100)+N41(40),NR SA,429,-76.500000,19.500000,,,,,,,,,,,,,0.000,,,,
184,1,,,-73.9263117,40.7600333,2026-01-22 21:51:24.000,_20260122_164816_CH02_DUT_TMO_Playstore 30MB_NJ DUT REF_L1.dml,,,,N41(100)+N41(40),NR SA,429,-78.380000,17.120000,,,,,,,,,,,,,0.000,,,,
185,1,,,-73.9263150,40.7600333,2026-01-22 21:51:25.000,_20260122_164816_CH02_DUT_TMO_Playstore 30MB_NJ DUT REF_L1.dml,,,,N41(100)+N41(40),NR SA,429,-77.870000,16.730000,,,,,,,,,,,,,0.000,,,,
186,1,,,-73.9263167,40.7600350,2026-01-22 21:51:26.000,_20260122_164816_CH02_DUT_TMO_Playstore 30MB_NJ DUT REF_L1.dml,,,,N41(100)+N41(40),NR SA,429,-75.850000,20.430000,,,,,,,,,,,,,0.160,,,,
187,1,,,-73.9263133,40.7600333,2026-01-22 21:51:27.000,_20260122_164816_CH02_DUT_TMO_Playstore 30MB_NJ DUT REF_L1.dml,,,,N41(100)+N41(40),NR SA,429,-74.630000,21.330000,,,,,,,,,,,,,0.816,,,,
188,1,,,-73.9263067,40.7600283,2026-01-22 21:51:28.000,_20260122_164816_CH02_DUT_TMO_Playstore 30MB_NJ DUT REF_L1.dml,,,,N41(100)+N41(40),NR SA,429,-73.620000,21.460000,,,,,,,,,,,,,0.400,,,,
189,1,,,-73.9263033,40.7600267,2026-01-22 21:51:29.000,_20260122_164816_CH02_DUT_TMO_Playstore 30MB_NJ DUT REF_L1.dml,,,,N41(100)+N41(40),NR SA,429,-73.130000,23.390000,,,,,,,,,,,,,,,,,
190,1,,,-73.9263000,40.7600233,2026-01-22 21:51:30.000,_20260122_164816_CH02_DUT_TMO_Playstore 30MB_NJ DUT REF_L1.dml,,,,N41(100)+N41(40),NR SA,429,-73.620000,23.000000,,,,,,,,,,,,,0.664,,,,
191,1,,,-73.9262983,40.7600217,2026-01-22 21:51:31.000,_20260122_164816_CH02_DUT_TMO_Playstore 30MB_NJ DUT REF_L1.dml,,,,N41(100)+N41(40),NR SA,429,-73.760000,22.050000,,,,,,,,,,,,,0.688,,,,
192,1,,,-73.9262950,40.7600183,2026-01-22 21:51:32.000,_20260122_164816_CH02_DUT_TMO_Playstore 30MB_NJ DUT REF_L1.dml,,,,N41(100)+N41(40),NR SA,429,-74.230000,21.630000,,,,,,,,,,,,,1.080,,,,
193,1,,,-73.9262950,40.7600167,2026-01-22 21:51:33.000,_20260122_164816_CH02_DUT_TMO_Playstore 30MB_NJ DUT REF_L1.dml,,,,N41(100)+N41(40),NR SA,429,-73.710000,22.710000,,,,,,,,,,,,,2.064,,,,
194,1,,,-73.9262950,40.7600167,2026-01-22 21:51:34.000,_20260122_164816_CH02_DUT_TMO_Playstore 30MB_NJ DUT REF_L1.dml,,,,N41(100)+N41(40),NR SA,429,-74.500000,21.200000,,,,,,,,,,,,,0.808,,,,
195,1,,,-73.9262983,40.7600150,2026-01-22 21:51:35.000,_20260122_164816_CH02_DUT_TMO_Playstore 30MB_NJ DUT REF_L1.dml,,,,N41(100)+N41(40),NR SA,429,-74.330000,21.830000,,,,,,,,,,,,,0.000,,,,
196,1,,,-73.9262983,40.7600150,2026-01-22 21:51:36.000,_20260122_164816_CH02_DUT_TMO_Playstore 30MB_NJ DUT REF_L1.dml,,,,N41(100)+N41(40),NR SA,429,-75.750000,20.750000,,,,,,,,,,,,,0.000,,,,
197,1,,,-73.9263000,40.7600150,2026-01-22 21:51:37.000,_20260122_164816_CH02_DUT_TMO_Playstore 30MB_NJ DUT REF_L1.dml,,,,N41(100)+N41(40),NR SA,429,-75.970000,19.420000,,,,,,,,,,,,,0.040,,,,
198,1,,,-73.9263000,40.7600167,2026-01-22 21:51:38.000,_20260122_164816_CH02_DUT_TMO_Playstore 30MB_NJ DUT REF_L1.dml,,,,N41(100)+N41(40),NR SA,429,-77.580000,20.080000,,,,,,,,,,,,,,,,,
199,1,,,-73.9263017,40.7600167,2026-01-22 21:51:39.000,_20260122_164816_CH02_DUT_TMO_Playstore 30MB_NJ DUT REF_L1.dml,,,,N41(100)+N41(40),NR SA,429,-77.000000,17.400000,,,,,,,,,,,,,0.080,,,,
200,1,,,-73.9263017,40.7600167,2026-01-22 21:51:40.000,_20260122_164816_CH02_DUT_TMO_Playstore 30MB_NJ DUT REF_L1.dml,,,,N41(100)+N41(40),NR SA,429,-77.000000,18.000000,,,,,,,,,,,,,0.000,,,,
201,1,,,-73.9263017,40.7600167,2026-01-22 21:51:41.000,_20260122_164816_CH02_DUT_TMO_Playstore 30MB_NJ DUT REF_L1.dml,,,,N41(100),NR SA,429,-76.500000,19.000000,,,,,,,,,,,,,0.008,,,,
202,1,,,-73.9263017,40.7600167,2026-01-22 21:51:42.000,_20260122_164816_CH02_DUT_TMO_Playstore 30MB_NJ DUT REF_L1.dml,,,,N41(100)+N41(40),NR SA,429,-76.170000,16.170000,,,,,,,,,,,,,0.000,,,,
203,1,,,-73.9263017,40.7600167,2026-01-22 21:51:43.000,_20260122_164816_CH02_DUT_TMO_Playstore 30MB_NJ DUT REF_L1.dml,,,,N41(100)+N41(40),NR SA,429,-75.200000,20.000000,,,,,,,,,,,,,0.000,,,,
204,1,,,-73.9263017,40.7600167,2026-01-22 21:51:44.000,_20260122_164816_CH02_DUT_TMO_Playstore 30MB_NJ DUT REF_L1.dml,,,,N41(100)+N41(40),NR SA,429,-75.000000,21.000000,,,,,,,,,,,,,,,,,
205,1,,,-73.9263017,40.7600167,2026-01-22 21:51:45.000,_20260122_164816_CH02_DUT_TMO_Playstore 30MB_NJ DUT REF_L1.dml,,,,N41(100)+N41(40),NR SA,429,-76.200000,20.200000,,,,,,,,,,,,,0.000,,,,
206,1,,,-73.9263017,40.7600167,2026-01-22 21:51:46.000,_20260122_164816_CH02_DUT_TMO_Playstore 30MB_NJ DUT REF_L1.dml,,,,N41(100)+N41(40),NR SA,429,-76.000000,18.000000,,,,,,,,,,,,,0.000,,,,
207,1,,,-73.9263017,40.7600167,2026-01-22 21:51:47.000,_20260122_164816_CH02_DUT_TMO_Playstore 30MB_NJ DUT REF_L1.dml,,,,N41(100)+N41(40),NR SA,429,-76.400000,17.680000,,,,,,,,,,,,,0.000,,,,
208,1,,,-73.9263100,40.7600217,2026-01-22 21:51:48.000,_20260122_164816_CH02_DUT_TMO_Playstore 30MB_NJ DUT REF_L1.dml,,,,N41(100)+N41(40),NR SA,429,-76.620000,18.160000,,,,,,,,,,,,,0.120,,,,
209,1,,,-73.9263133,40.7600233,2026-01-22 21:51:49.000,_20260122_164816_CH02_DUT_TMO_Playstore 30MB_NJ DUT REF_L1.dml,,,,N41(100)+N41(40),NR SA,429,-75.000000,19.700000,,,,,,,,,,,,,0.456,,,,
210,1,,,-73.9263167,40.7600250,2026-01-22 21:51:50.000,_20260122_164816_CH02_DUT_TMO_Playstore 30MB_NJ DUT REF_L1.dml,,,,N41(100)+N41(40),NR SA,429,-75.260000,18.970000,,,,,,,,,,,,,0.336,,,,
211,1,,,-73.9263200,40.7600233,2026-01-22 21:51:51.000,_20260122_164816_CH02_DUT_TMO_Playstore 30MB_NJ DUT REF_L1.dml,,,,N41(100)+N41(40),NR SA,429,-74.570000,19.850000,,,,,,,,,,,,,0.320,,,,
212,1,,,-73.9263217,40.7600233,2026-01-22 21:51:52.000,_20260122_164816_CH02_DUT_TMO_Playstore 30MB_NJ DUT REF_L1.dml,,,,N41(100)+N41(40),NR SA,429,-75.130000,19.060000,,,,,,,,,,,,,0.504,,,,
213,1,,,-73.9263217,40.7600233,2026-01-22 21:51:53.000,_20260122_164816_CH02_DUT_TMO_Playstore 30MB_NJ DUT REF_L1.dml,,,,N41(100)+N41(40),NR SA,429,-75.410000,19.560000,,,,,,,,,,,,,,,,,
214,1,,,-73.9263217,40.7600233,2026-01-22 21:51:54.000,_20260122_164816_CH02_DUT_TMO_Playstore 30MB_NJ DUT REF_L1.dml,,,,N41(100)+N41(40),NR SA,429,-76.030000,19.160000,,,,,,,,,,,,,0.704,,,,
215,1,,,-73.9263183,40.7600167,2026-01-22 21:51:55.000,_20260122_164816_CH02_DUT_TMO_Playstore 30MB_NJ DUT REF_L1.dml,,,,N41(100)+N41(40),NR SA,429,-75.480000,21.640000,,,,,,,,,,,,,0.776,,,,
216,1,,,-73.9263150,40.7600150,2026-01-22 21:51:56.000,_20260122_164816_CH02_DUT_TMO_Playstore 30MB_NJ DUT REF_L1.dml,,,,N41(100)+N41(40),NR SA,429,-74.930000,23.110000,,,,,,,,,,,,,0.816,,,,
217,1,,,-73.9263117,40.7600133,2026-01-22 21:51:57.000,_20260122_164816_CH02_DUT_TMO_Playstore 30MB_NJ DUT REF_L1.dml,,,,N41(100)+N41(40),NR SA,429,-75.480000,19.970000,,,,,,,,,,,,,1.040,,,,
218,1,,,-73.9263117,40.7600117,2026-01-22 21:51:58.000,_20260122_164816_CH02_DUT_TMO_Playstore 30MB_NJ DUT REF_L1.dml,,,,N41(100)+N41(40),NR SA,429,-74.630000,22.630000,,,,,,,,,,,,,1.008,,,,
219,1,,,-73.9263100,40.7600100,2026-01-22 21:51:59.000,_20260122_164816_CH02_DUT_TMO_Playstore 30MB_NJ DUT REF_L1.dml,,,,N41(100)+N41(40),NR SA,429,-75.000000,22.280000,,,,,,,,,,,,,0.432,,,,
220,1,,,-73.9263117,40.7600100,2026-01-22 21:52:00.000,_20260122_164816_CH02_DUT_TMO_Playstore 30MB_NJ DUT REF_L1.dml,,,,N41(100)+N41(40),NR SA,429,-74.450000,22.520000,,,,,,,,,,,,,0.376,,,,
221,1,,,-73.9263117,40.7600100,2026-01-22 21:52:01.000,_20260122_164816_CH02_DUT_TMO_Playstore 30MB_NJ DUT REF_L1.dml,,,,N41(100)+N41(40),NR SA,429,-74.640000,21.950000,,,,,,,,,,,,,1.080,,,,
222,1,,,-73.9263117,40.7600100,2026-01-22 21:52:02.000,_20260122_164816_CH02_DUT_TMO_Playstore 30MB_NJ DUT REF_L1.dml,,,,N41(100)+N41(40),NR SA,429,-74.120000,21.580000,,,,,,,,,,,,,0.272,,,,
223,1,,,-73.9263117,40.7600100,2026-01-22 21:52:03.000,_20260122_164816_CH02_DUT_TMO_Playstore 30MB_NJ DUT REF_L1.dml,,,,N41(100)+N41(40),NR SA,429,-74.540000,22.710000,,,,,,,,,,,,,0.784,,,,
224,1,,,-73.9263117,40.7600100,2026-01-22 21:52:04.000,_20260122_164816_CH02_DUT_TMO_Playstore 30MB_NJ DUT REF_L1.dml,,,,N41(100)+N41(40),NR SA,429,-74.570000,22.730000,,,,,,,,,,,,,0.024,,,,
225,1,,,-73.9263117,40.7600100,2026-01-22 21:52:05.000,_20260122_164816_CH02_DUT_TMO_Playstore 30MB_NJ DUT REF_L1.dml,,,,N41(100)+N41(40),NR SA,429,-74.970000,22.380000,,,,,,,,,,,,,,,,,
226,1,,,-73.9263117,40.7600100,2026-01-22 21:52:06.000,_20260122_164816_CH02_DUT_TMO_Playstore 30MB_NJ DUT REF_L1.dml,,,,N41(100)+N41(40),NR SA,429,-75.000000,21.180000,,,,,,,,,,,,,0.004,,,,
227,1,,,-73.9263117,40.7600100,2026-01-22 21:52:07.000,_20260122_164816_CH02_DUT_TMO_Playstore 30MB_NJ DUT REF_L1.dml,,,,N41(100)+N41(40),NR SA,429,-75.310000,21.810000,,,,,,,,,,,,,,,,,
228,1,,,-73.9263117,40.7600100,2026-01-22 21:52:08.000,_20260122_164816_CH02_DUT_TMO_Playstore 30MB_NJ DUT REF_L1.dml,,,,N41(100)+N41(40),NR SA,429,-75.500000,20.500000,,,,,,,,,,,,,0.120,,,,
229,1,,,-73.9263117,40.7600100,2026-01-22 21:52:09.000,_20260122_164816_CH02_DUT_TMO_Playstore 30MB_NJ DUT REF_L1.dml,,,,N41(100)+N41(40),NR SA,429,-75.000000,20.830000,,,,,,,,,,,,,,,,,
230,1,,,-73.9263117,40.7600100,2026-01-22 21:52:10.000,_20260122_164816_CH02_DUT_TMO_Playstore 30MB_NJ DUT REF_L1.dml,,,,N41(100)+N41(40),NR SA,429,-76.500000,19.900000,,,,,,,,,,,,,0.000,,,,
231,1,,,-73.9263117,40.7600100,2026-01-22 21:52:11.000,_20260122_164816_CH02_DUT_TMO_Playstore 30MB_NJ DUT REF_L1.dml,,,,N41(100)+N41(40),NR SA,429,-77.590000,18.760000,,,,,,,,,,,,,0.000,,,,
232,1,,,-73.9263117,40.7600100,2026-01-22 21:52:12.000,_20260122_164816_CH02_DUT_TMO_Playstore 30MB_NJ DUT REF_L1.dml,,,,N41(100)+N41(40),NR SA,429,-78.100000,17.120000,,,,,,,,,,,,,0.008,,,,
233,1,,,-73.9263117,40.7600100,2026-01-22 21:52:13.000,_20260122_164816_CH02_DUT_TMO_Playstore 30MB_NJ DUT REF_L1.dml,,,,N41(100)+N41(40),NR SA,429,-76.540000,18.860000,,,,,,,,,,,,,0.088,,,,
234,1,,,-73.9263117,40.7600100,2026-01-22 21:52:14.000,_20260122_164816_CH02_DUT_TMO_Playstore 30MB_NJ DUT REF_L1.dml,,,,N41(100)+N41(40),NR SA,429,-75.630000,21.390000,,,,,,,,,,,,,0.072,,,,
235,1,,,-73.9263117,40.7600100,2026-01-22 21:52:15.000,_20260122_164816_CH02_DUT_TMO_Playstore 30MB_NJ DUT REF_L1.dml,,,,N41(100)+N41(40),NR SA,429,-76.160000,19.650000,,,,,,,,,,,,,0.824,,,,
236,1,,,-73.9263117,40.7600100,2026-01-22 21:52:16.000,_20260122_164816_CH02_DUT_TMO_Playstore 30MB_NJ DUT REF_L1.dml,,,,N41(100)+N41(40),NR SA,429,-75.550000,19.960000,,,,,,,,,,,,,1.656,,,,
237,1,,,-73.9263117,40.7600100,2026-01-22 21:52:17.000,_20260122_164816_CH02_DUT_TMO_Playstore 30MB_NJ DUT REF_L1.dml,,,,N41(100)+N41(40),NR SA,429,-76.310000,19.200000,,,,,,,,,,,,,2.336,,,,
238,1,,,-73.9263117,40.7600100,2026-01-22 21:52:18.000,_20260122_164816_CH02_DUT_TMO_Playstore 30MB_NJ DUT REF_L1.dml,,,,N41(100)+N41(40),NR SA,429,-76.540000,19.000000,,,,,,,,,,,,,,,,,
239,1,,,-73.9263117,40.7600100,2026-01-22 21:52:19.000,_20260122_164816_CH02_DUT_TMO_Playstore 30MB_NJ DUT REF_L1.dml,,,,N41(100)+N41(40),NR SA,429,-76.000000,19.390000,,,,,,,,,,,,,0.008,,,,
240,1,,,-73.9263117,40.7600100,2026-01-22 21:52:20.000,_20260122_164816_CH02_DUT_TMO_Playstore 30MB_NJ DUT REF_L1.dml,,,,N41(100)+N41(40),NR SA,429,-74.000000,20.400000,,,,,,,,,,,,,,,,,
241,1,,,-73.9263117,40.7600100,2026-01-22 21:52:21.000,_20260122_164816_CH02_DUT_TMO_Playstore 30MB_NJ DUT REF_L1.dml,,,,N41(100)+N41(40),NR SA,429,-75.920000,20.000000,,,,,,,,,,,,,0.028,,,,
242,1,,,-73.9263117,40.7600100,2026-01-22 21:52:22.000,_20260122_164816_CH02_DUT_TMO_Playstore 30MB_NJ DUT REF_L1.dml,,,,N41(100)+N41(40),NR SA,429,-75.460000,19.770000,,,,,,,,,,,,,,,,,
243,1,,,-73.9263117,40.7600100,2026-01-22 21:52:23.000,_20260122_164816_CH02_DUT_TMO_Playstore 30MB_NJ DUT REF_L1.dml,,,,N41(100)+N41(40),NR SA,429,-77.830000,17.830000,,,,,,,,,,,,,0.064,,,,
244,1,,,-73.9263117,40.7600100,2026-01-22 21:52:24.000,_20260122_164816_CH02_DUT_TMO_Playstore 30MB_NJ DUT REF_L1.dml,,,,N41(100)+N41(40),NR SA,429,-76.830000,18.170000,,,,,,,,,,,,,0.000,,,,
245,1,,,-73.9263117,40.7600100,2026-01-22 21:52:25.000,_20260122_164816_CH02_DUT_TMO_Playstore 30MB_NJ DUT REF_L1.dml,,,,N41(100)+N41(40),NR SA,429,-77.000000,17.040000,,,,,,,,,,,,,0.008,,,,
246,1,,,-73.9263117,40.7600100,2026-01-22 21:52:26.000,_20260122_164816_CH02_DUT_TMO_Playstore 30MB_NJ DUT REF_L1.dml,,,,N41(100)+N41(40),NR SA,429,-76.630000,17.230000,,,,,,,,,,,,,,,,,
247,1,,,-73.9263117,40.7600100,2026-01-22 21:52:27.000,_20260122_164816_CH02_DUT_TMO_Playstore 30MB_NJ DUT REF_L1.dml,,,,N41(100)+N41(40),NR SA,429,-77.000000,18.330000,,,,,,,,,,,,,0.004,,,,
248,1,,,-73.9263117,40.7600100,2026-01-22 21:52:28.000,_20260122_164816_CH02_DUT_TMO_Playstore 30MB_NJ DUT REF_L1.dml,,,,N41(100)+N41(40),NR SA,429,-77.000000,18.430000,,,,,,,,,,,,,,,,,
249,1,,,-73.9263117,40.7600100,2026-01-22 21:52:29.000,_20260122_164816_CH02_DUT_TMO_Playstore 30MB_NJ DUT REF_L1.dml,,,,N41(100)+N41(40),NR SA,429,-76.170000,19.000000,,,,,,,,,,,,,0.072,,,,
250,1,,,-73.9263117,40.7600100,2026-01-22 21:52:30.000,_20260122_164816_CH02_DUT_TMO_Playstore 30MB_NJ DUT REF_L1.dml,,,,N41(100)+N41(40),NR SA,429,-76.000000,19.200000,,,,,,,,,,,,,0.000,,,,
251,1,,,-73.9263117,40.7600100,2026-01-22 21:52:31.000,_20260122_164816_CH02_DUT_TMO_Playstore 30MB_NJ DUT REF_L1.dml,,,,N41(100)+N41(40),NR SA,429,-76.500000,18.500000,,,,,,,,,,,,,0.000,,,,
252,1,,,-73.9263117,40.7600100,2026-01-22 21:52:32.000,_20260122_164816_CH02_DUT_TMO_Playstore 30MB_NJ DUT REF_L1.dml,,,,N41(100)+N41(40),NR SA,429,-76.000000,19.000000,,,,,,,,,,,,,0.000,,,,
253,1,,,-73.9263117,40.7600100,2026-01-22 21:52:33.000,_20260122_164816_CH02_DUT_TMO_Playstore 30MB_NJ DUT REF_L1.dml,,,,N41(100)+N41(40),NR SA,429,-76.000000,19.290000,,,,,,,,,,,,,,,,,
254,1,,,-73.9263117,40.7600100,2026-01-22 21:52:34.000,_20260122_164816_CH02_DUT_TMO_Playstore 30MB_NJ DUT REF_L1.dml,,,,N41(100)+N41(40),NR SA,429,-76.000000,20.000000,,,,,,,,,,,,,0.000,,,,
255,1,,,-73.9263117,40.7600100,2026-01-22 21:52:35.000,_20260122_164816_CH02_DUT_TMO_Playstore 30MB_NJ DUT REF_L1.dml,,,,N41(100)+N41(40),NR SA,429,-76.000000,18.670000,,,,,,,,,,,,,0.000,,,,
256,1,,,-73.9263117,40.7600100,2026-01-22 21:52:36.000,_20260122_164816_CH02_DUT_TMO_Playstore 30MB_NJ DUT REF_L1.dml,,,,N41(100)+N41(40),NR SA,429,-76.000000,18.750000,,,,,,,,,,,,,0.000,,,,
257,1,,,-73.9263117,40.7600100,2026-01-22 21:52:37.000,_20260122_164816_CH02_DUT_TMO_Playstore 30MB_NJ DUT REF_L1.dml,,,,N41(100)+N41(40),NR SA,429,-76.000000,18.330000,,,,,,,,,,,,,0.000,,,,
258,1,,,-73.9263117,40.7600100,2026-01-22 21:52:38.000,_20260122_164816_CH02_DUT_TMO_Playstore 30MB_NJ DUT REF_L1.dml,,,,N41(x)+N41(x),NR SA,429,-76.000000,20.000000,,,,,,,,,,,,,,,,,
259,1,,,-73.9263117,40.7600100,2026-01-22 21:52:39.000,_20260122_164816_CH02_DUT_TMO_Playstore 30MB_NJ DUT REF_L1.dml,,,,N41(x),NR SA,429,-72.000000,23.000000,,,,,,,,,,,,,,,,,
260,1,,,-73.9263117,40.7600100,2026-01-22 21:52:40.000,_20260122_164816_CH02_DUT_TMO_Playstore 30MB_NJ DUT REF_L1.dml,,,,,NR SA,,,,,,,,,,,,,,,,,,,,
261,1,,,-73.9263117,40.7600100,2026-01-22 21:52:41.000,_20260122_164816_CH02_DUT_TMO_Playstore 30MB_NJ DUT REF_L1.dml,,,,N41(100),NR SA,429,-77.750000,19.000000,,,,,,,,,,,,,,,,,
262,1,,,-73.9263117,40.7600100,2026-01-22 21:52:42.000,_20260122_164816_CH02_DUT_TMO_Playstore 30MB_NJ DUT REF_L1.dml,,,,N41(100)+N41(40),NR SA,429,-76.450000,20.130000,,,,,,,,,,,,,0.128,,,,
263,1,,,-73.9263000,40.7600083,2026-01-22 21:52:43.000,_20260122_164816_CH02_DUT_TMO_Playstore 30MB_NJ DUT REF_L1.dml,,,,N41(100)+N41(40),NR SA,429,-76.690000,20.370000,,,,,,,,,,,,,0.856,,,,
264,1,,,-73.9262967,40.7600067,2026-01-22 21:52:44.000,_20260122_164816_CH02_DUT_TMO_Playstore 30MB_NJ DUT REF_L1.dml,,,,N41(100)+N41(40),NR SA,429,-77.380000,19.140000,,,,,,,,,,,,,0.200,,,,
265,1,,,-73.9262983,40.7600083,2026-01-22 21:52:45.000,_20260122_164816_CH02_DUT_TMO_Playstore 30MB_NJ DUT REF_L1.dml,,,,N41(100)+N41(40),NR SA,429,-76.230000,21.850000,,,,,,,,,,,,,0.576,,,,
266,1,,,-73.9262950,40.7600067,2026-01-22 21:52:46.000,_20260122_164816_CH02_DUT_TMO_Playstore 30MB_NJ DUT REF_L1.dml,,,,N41(100)+N41(40),NR SA,429,-75.450000,22.180000,,,,,,,,,,,,,,,,,
267,1,,,-73.9262950,40.7600083,2026-01-22 21:52:47.000,_20260122_164816_CH02_DUT_TMO_Playstore 30MB_NJ DUT REF_L1.dml,,,,N41(100)+N41(40),NR SA,429,-75.420000,21.120000,,,,,,,,,,,,,0.424,,,,
268,1,,,-73.9262950,40.7600083,2026-01-22 21:52:48.000,_20260122_164816_CH02_DUT_TMO_Playstore 30MB_NJ DUT REF_L1.dml,,,,N41(100)+N41(40),NR SA,429,-75.190000,21.190000,,,,,,,,,,,,,1.000,,,,
269,1,,,-73.9262950,40.7600083,2026-01-22 21:52:49.000,_20260122_164816_CH02_DUT_TMO_Playstore 30MB_NJ DUT REF_L1.dml,,,,N41(100)+N41(40),NR SA,429,-75.380000,21.460000,,,,,,,,,,,,,0.592,,,,
270,1,,,-73.9262950,40.7600083,2026-01-22 21:52:50.000,_20260122_164816_CH02_DUT_TMO_Playstore 30MB_NJ DUT REF_L1.dml,,,,N41(100)+N41(40),NR SA,429,-75.830000,21.170000,,,,,,,,,,,,,0.552,,,,
271,1,,,-73.9262950,40.7600083,2026-01-22 21:52:51.000,_20260122_164816_CH02_DUT_TMO_Playstore 30MB_NJ DUT REF_L1.dml,,,,N41(100)+N41(40),NR SA,429,-75.680000,21.420000,,,,,,,,,,,,,0.720,,,,
272,1,,,-73.9262950,40.7600083,2026-01-22 21:52:52.000,_20260122_164816_CH02_DUT_TMO_Playstore 30MB_NJ DUT REF_L1.dml,,,,N41(100)+N41(40),NR SA,429,-75.220000,21.500000,,,,,,,,,,,,,0.496,,,,
273,1,,,-73.9262950,40.7600083,2026-01-22 21:52:53.000,_20260122_164816_CH02_DUT_TMO_Playstore 30MB_NJ DUT REF_L1.dml,,,,N41(100)+N41(40),NR SA,429,-75.680000,20.790000,,,,,,,,,,,,,2.584,,,,
274,1,,,-73.9262950,40.7600083,2026-01-22 21:52:54.000,_20260122_164816_CH02_DUT_TMO_Playstore 30MB_NJ DUT REF_L1.dml,,,,N41(100)+N41(40),NR SA,429,-76.860000,20.310000,,,,,,,,,,,,,0.928,,,,
275,1,,,-73.9262950,40.7600083,2026-01-22 21:52:55.000,_20260122_164816_CH02_DUT_TMO_Playstore 30MB_NJ DUT REF_L1.dml,,,,N41(100)+N41(40),NR SA,429,-76.810000,19.640000,,,,,,,,,,,,,,,,,
276,1,,,-73.9262950,40.7600083,2026-01-22 21:52:56.000,_20260122_164816_CH02_DUT_TMO_Playstore 30MB_NJ DUT REF_L1.dml,,,,N41(100)+N41(40),NR SA,429,-76.780000,19.890000,,,,,,,,,,,,,0.832,,,,
277,1,,,-73.9262950,40.7600083,2026-01-22 21:52:57.000,_20260122_164816_CH02_DUT_TMO_Playstore 30MB_NJ DUT REF_L1.dml,,,,N41(100)+N41(40),NR SA,429,-77.670000,20.000000,,,,,,,,,,,,,0.136,,,,
278,1,,,-73.9262950,40.7600083,2026-01-22 21:52:58.000,_20260122_164816_CH02_DUT_TMO_Playstore 30MB_NJ DUT REF_L1.dml,,,,N41(100)+N41(40),NR SA,429,-77.430000,18.290000,,,,,,,,,,,,,0.000,,,,
279,1,,,-73.9262950,40.7600083,2026-01-22 21:52:59.000,_20260122_164816_CH02_DUT_TMO_Playstore 30MB_NJ DUT REF_L1.dml,,,,N41(100)+N41(40),NR SA,429,-73.000000,22.500000,,,,,,,,,,,,,,,,,
280,1,,,-73.9262800,40.7600233,2026-01-22 21:53:00.000,_20260122_164816_CH02_DUT_TMO_Playstore 30MB_NJ DUT REF_L1.dml,,,,N41(100)+N41(40),NR SA,429,-74.420000,21.050000,,,,,,,,,,,,,0.044,,,,
281,1,,,-73.9262817,40.7600250,2026-01-22 21:53:01.000,_20260122_164816_CH02_DUT_TMO_Playstore 30MB_NJ DUT REF_L1.dml,,,,N41(100)+N41(40),NR SA,429,-74.000000,21.000000,,,,,,,,,,,,,,,,,
282,1,,,-73.9262817,40.7600267,2026-01-22 21:53:02.000,_20260122_164816_CH02_DUT_TMO_Playstore 30MB_NJ DUT REF_L1.dml,,,,N41(100)+N41(40),NR SA,429,-74.000000,21.200000,,,,,,,,,,,,,0.024,,,,
283,1,,,-73.9262833,40.7600300,2026-01-22 21:53:03.000,_20260122_164816_CH02_DUT_TMO_Playstore 30MB_NJ DUT REF_L1.dml,,,,N41(100)+N41(40),NR SA,429,-74.000000,20.800000,,,,,,,,,,,,,0.000,,,,
284,1,,,-73.9262833,40.7600317,2026-01-22 21:53:04.000,_20260122_164816_CH02_DUT_TMO_Playstore 30MB_NJ DUT REF_L1.dml,,,,N41(100)+N41(40),NR SA,429,-74.000000,20.000000,,,,,,,,,,,,,0.000,,,,
285,1,,,-73.9262850,40.7600333,2026-01-22 21:53:05.000,_20260122_164816_CH02_DUT_TMO_Playstore 30MB_NJ DUT REF_L1.dml,,,,N41(100)+N41(40),NR SA,429,-74.000000,20.500000,,,,,,,,,,,,,0.000,,,,
286,1,,,-73.9262850,40.7600367,2026-01-22 21:53:06.000,_20260122_164816_CH02_DUT_TMO_Playstore 30MB_NJ DUT REF_L1.dml,,,,N41(100)+N41(40),NR SA,429,-74.250000,21.250000,,,,,,,,,,,,,,,,,
287,1,,,-73.9262850,40.7600383,2026-01-22 21:53:07.000,_20260122_164816_CH02_DUT_TMO_Playstore 30MB_NJ DUT REF_L1.dml,,,,N41(40),NR SA,,,,,,,,,,,,,,,,0.000,,,,
288,1,,,-73.9262850,40.7600383,2026-01-22 21:53:08.000,_20260122_164816_CH02_DUT_TMO_Playstore 30MB_NJ DUT REF_L1.dml,,,,N41(100)+N41(40),NR SA,429,-76.330000,19.830000,,,,,,,,,,,,,0.000,,,,
289,1,,,-73.9262850,40.7600400,2026-01-22 21:53:09.000,_20260122_164816_CH02_DUT_TMO_Playstore 30MB_NJ DUT REF_L1.dml,,,,N41(100)+N41(40),NR SA,429,-76.000000,19.000000,,,,,,,,,,,,,0.000,,,,
290,1,,,-73.9262850,40.7600383,2026-01-22 21:53:10.000,_20260122_164816_CH02_DUT_TMO_Playstore 30MB_NJ DUT REF_L1.dml,,,,N41(100)+N41(40),NR SA,429,-75.000000,21.000000,,,,,,,,,,,,,0.000,,,,
291,1,,,-73.9262867,40.7600383,2026-01-22 21:53:11.000,_20260122_164816_CH02_DUT_TMO_Playstore 30MB_NJ DUT REF_L1.dml,,,,N41(x)+N41(x),NR SA,429,-75.000000,22.000000,,,,,,,,,,,,,,,,,
292,1,,,-73.9262867,40.7600383,2026-01-22 21:53:12.000,_20260122_164816_CH02_DUT_TMO_Playstore 30MB_NJ DUT REF_L1.dml,,,,N41(100)+N41(40),NR SA,429,-75.000000,22.420000,,,,,,,,,,,,,,,,,
293,1,,,-73.9262867,40.7600367,2026-01-22 21:53:13.000,_20260122_164816_CH02_DUT_TMO_Playstore 30MB_NJ DUT REF_L1.dml,,,,N41(100)+N41(40),NR SA,429,-75.000000,22.220000,,,,,,,,,,,,,,,,,
294,1,,,-73.9262867,40.7600350,2026-01-22 21:53:14.000,_20260122_164816_CH02_DUT_TMO_Playstore 30MB_NJ DUT REF_L1.dml,,,,N41(100)+N41(40),NR SA,429,-75.110000,23.000000,,,,,,,,,,,,,0.024,,,,
295,1,,,-73.9262867,40.7600350,2026-01-22 21:53:15.000,_20260122_164816_CH02_DUT_TMO_Playstore 30MB_NJ DUT REF_L1.dml,,,,N41(100)+N41(40),NR SA,429,-76.000000,22.000000,,,,,,,,,,,,,0.000,,,,
296,1,,,-73.9262867,40.7600350,2026-01-22 21:53:16.000,_20260122_164816_CH02_DUT_TMO_Playstore 30MB_NJ DUT REF_L1.dml,,,,N41(100)+N41(40),NR SA,429,-76.200000,21.400000,,,,,,,,,,,,,0.000,,,,
297,1,,,-73.9262867,40.7600350,2026-01-22 21:53:17.000,_20260122_164816_CH02_DUT_TMO_Playstore 30MB_NJ DUT REF_L1.dml,,,,N41(100)+N41(40),NR SA,429,-76.140000,22.000000,,,,,,,,,,,,,0.000,,,,
298,1,,,-73.9262883,40.7600350,2026-01-22 21:53:18.000,_20260122_164816_CH02_DUT_TMO_Playstore 30MB_NJ DUT REF_L1.dml,,,,N41(100)+N41(40),NR SA,429,-76.400000,21.000000,,,,,,,,,,,,,,,,,
299,1,,,-73.9262883,40.7600350,2026-01-22 21:53:19.000,_20260122_164816_CH02_DUT_TMO_Playstore 30MB_NJ DUT REF_L1.dml,,,,N41(100)+N41(40),NR SA,429,-77.800000,17.400000,,,,,,,,,,,,,0.000,,,,
300,1,,,-73.9262883,40.7600367,2026-01-22 21:53:20.000,_20260122_164816_CH02_DUT_TMO_Playstore 30MB_NJ DUT REF_L1.dml,,,,N41(100)+N41(40),NR SA,429,-77.140000,18.290000,,,,,,,,,,,,,0.000,,,,
301,1,,,-73.9262883,40.7600367,2026-01-22 21:53:21.000,_20260122_164816_CH02_DUT_TMO_Playstore 30MB_NJ DUT REF_L1.dml,,,,N41(100)+N41(40),NR SA,429,-76.700000,18.400000,,,,,,,,,,,,,0.000,,,,
302,1,,,-73.9262883,40.7600400,2026-01-22 21:53:22.000,_20260122_164816_CH02_DUT_TMO_Playstore 30MB_NJ DUT REF_L1.dml,,,,N41(100)+N41(40),NR SA,429,-77.080000,18.850000,,,,,,,,,,,,,0.080,,,,
303,1,,,-73.9262883,40.7600417,2026-01-22 21:53:23.000,_20260122_164816_CH02_DUT_TMO_Playstore 30MB_NJ DUT REF_L1.dml,,,,N41(100)+N41(40),NR SA,429,-77.000000,21.000000,,,,,,,,,,,,,0.000,,,,
304,1,,,-73.9262900,40.7600450,2026-01-22 21:53:24.000,_20260122_164816_CH02_DUT_TMO_Playstore 30MB_NJ DUT REF_L1.dml,,,,N41(100)+N41(40),NR SA,429,-77.000000,19.000000,,,,,,,,,,,,,,,,,
305,1,,,-73.9262900,40.7600483,2026-01-22 21:53:25.000,_20260122_164816_CH02_DUT_TMO_Playstore 30MB_NJ DUT REF_L1.dml,,,,N41(100)+N41(40),NR SA,429,-78.000000,18.000000,,,,,,,,,,,,,0.008,,,,
306,1,,,-73.9262900,40.7600533,2026-01-22 21:53:26.000,_20260122_164816_CH02_DUT_TMO_Playstore 30MB_NJ DUT REF_L1.dml,,,,N41(100)+N41(40),NR SA,429,-77.860000,17.910000,,,,,,,,,,,,,0.076,,,,
307,1,,,-73.9262917,40.7600583,2026-01-22 21:53:27.000,_20260122_164816_CH02_DUT_TMO_Playstore 30MB_NJ DUT REF_L1.dml,,,,N41(100)+N41(40),NR SA,429,-76.650000,20.200000,,,,,,,,,,,,,0.360,,,,
308,1,,,-73.9262933,40.7600633,2026-01-22 21:53:28.000,_20260122_164816_CH02_DUT_TMO_Playstore 30MB_NJ DUT REF_L1.dml,,,,N41(100)+N41(40),NR SA,429,-76.370000,20.060000,,,,,,,,,,,,,1.016,,,,
309,1,,,-73.9262950,40.7600683,2026-01-22 21:53:29.000,_20260122_164816_CH02_DUT_TMO_Playstore 30MB_NJ DUT REF_L1.dml,,,,N41(100)+N41(40),NR SA,429,-77.000000,17.980000,,,,,,,,,,,,,0.752,,,,
310,1,,,-73.9262950,40.7600750,2026-01-22 21:53:30.000,_20260122_164816_CH02_DUT_TMO_Playstore 30MB_NJ DUT REF_L1.dml,,,,N41(100)+N41(40),NR SA,429,-77.240000,18.040000,,,,,,,,,,,,,,,,,
311,1,,,-73.9262967,40.7600783,2026-01-22 21:53:31.000,_20260122_164816_CH02_DUT_TMO_Playstore 30MB_NJ DUT REF_L1.dml,,,,N41(100)+N41(40),NR SA,429,-77.300000,17.900000,,,,,,,,,,,,,0.584,,,,
312,1,,,-73.9262967,40.7600850,2026-01-22 21:53:32.000,_20260122_164816_CH02_DUT_TMO_Playstore 30MB_NJ DUT REF_L1.dml,,,,N41(100)+N41(40),NR SA,429,-77.100000,18.500000,,,,,,,,,,,,,0.432,,,,
313,1,,,-73.9262967,40.7600883,2026-01-22 21:53:33.000,_20260122_164816_CH02_DUT_TMO_Playstore 30MB_NJ DUT REF_L1.dml,,,,N41(100)+N41(40),NR SA,429,-77.450000,18.140000,,,,,,,,,,,,,1.000,,,,
314,1,,,-73.9262983,40.7600917,2026-01-22 21:53:34.000,_20260122_164816_CH02_DUT_TMO_Playstore 30MB_NJ DUT REF_L1.dml,,,,N41(100)+N41(40),NR SA,429,-76.800000,19.130000,,,,,,,,,,,,,0.000,,,,
315,1,,,-73.9262983,40.7600933,2026-01-22 21:53:35.000,_20260122_164816_CH02_DUT_TMO_Playstore 30MB_NJ DUT REF_L1.dml,,,,N41(100)+N41(40),NR SA,429,-76.610000,19.740000,,,,,,,,,,,,,0.424,,,,
316,1,,,-73.9262983,40.7600933,2026-01-22 21:53:36.000,_20260122_164816_CH02_DUT_TMO_Playstore 30MB_NJ DUT REF_L1.dml,,,,N41(100)+N41(40),NR SA,429,-76.860000,19.430000,,,,,,,,,,,,,,,,,
317,1,,,-73.9262983,40.7600917,2026-01-22 21:53:37.000,_20260122_164816_CH02_DUT_TMO_Playstore 30MB_NJ DUT REF_L1.dml,,,,N41(100)+N41(40),NR SA,429,-75.530000,20.290000,,,,,,,,,,,,,0.072,,,,
318,1,,,-73.9263000,40.7600900,2026-01-22 21:53:38.000,_20260122_164816_CH02_DUT_TMO_Playstore 30MB_NJ DUT REF_L1.dml,,,,N41(100)+N41(40),NR SA,429,-74.480000,21.770000,,,,,,,,,,,,,1.792,,,,
319,1,,,-73.9262983,40.7600867,2026-01-22 21:53:39.000,_20260122_164816_CH02_DUT_TMO_Playstore 30MB_NJ DUT REF_L1.dml,,,,N41(100)+N41(40),NR SA,429,-74.250000,22.320000,,,,,,,,,,,,,,,,,
320,1,,,-73.9262983,40.7600800,2026-01-22 21:53:40.000,_20260122_164816_CH02_DUT_TMO_Playstore 30MB_NJ DUT REF_L1.dml,,,,N41(100)+N41(40),NR SA,429,-75.480000,21.710000,,,,,,,,,,,,,0.732,,,,
321,1,,,-73.9262967,40.7600750,2026-01-22 21:53:41.000,_20260122_164816_CH02_DUT_TMO_Playstore 30MB_NJ DUT REF_L1.dml,,,,N41(100)+N41(40),NR SA,429,-77.290000,19.570000,,,,,,,,,,,,,0.984,,,,
322,1,,,-73.9262950,40.7600617,2026-01-22 21:53:42.000,_20260122_164816_CH02_DUT_TMO_Playstore 30MB_NJ DUT REF_L1.dml,,,,N41(100)+N41(40),NR SA,429,-77.950000,18.770000,,,,,,,,,,,,,,,,,
323,1,,,-73.9262933,40.7600600,2026-01-22 21:53:43.000,_20260122_164816_CH02_DUT_TMO_Playstore 30MB_NJ DUT REF_L1.dml,,,,N41(100)+N41(40),NR SA,429,-75.000000,20.600000,,,,,,,,,,,,,0.568,,,,
324,1,,,-73.9262933,40.7600600,2026-01-22 21:53:44.000,_20260122_164816_CH02_DUT_TMO_Playstore 30MB_NJ DUT REF_L1.dml,,,,N41(100)+N41(40),NR SA,429,-75.000000,22.330000,,,,,,,,,,,,,0.000,,,,
325,1,,,-73.9262917,40.7600517,2026-01-22 21:53:45.000,_20260122_164816_CH02_DUT_TMO_Playstore 30MB_NJ DUT REF_L1.dml,,,,N41(100)+N41(40),NR SA,429,-74.750000,22.500000,,,,,,,,,,,,,,,,,
326,1,,,-73.9262917,40.7600500,2026-01-22 21:53:46.000,_20260122_164816_CH02_DUT_TMO_Playstore 30MB_NJ DUT REF_L1.dml,,,,N41(100)+N41(40),NR SA,429,-74.810000,23.520000,,,,,,,,,,,,,0.028,,,,
327,1,,,-73.9262900,40.7600467,2026-01-22 21:53:47.000,_20260122_164816_CH02_DUT_TMO_Playstore 30MB_NJ DUT REF_L1.dml,,,,N41(100)+N41(40),NR SA,429,-75.000000,21.360000,,,,,,,,,,,,,,,,,
328,1,,,-73.9262900,40.7600450,2026-01-22 21:53:48.000,_20260122_164816_CH02_DUT_TMO_Playstore 30MB_NJ DUT REF_L1.dml,,,,N41(100)+N41(40),NR SA,429,-75.830000,21.170000,,,,,,,,,,,,,0.088,,,,
329,1,,,-73.9262883,40.7600433,2026-01-22 21:53:49.000,_20260122_164816_CH02_DUT_TMO_Playstore 30MB_NJ DUT REF_L1.dml,,,,,NR SA,,,,,,,,,,,,,,,,,,,,
330,1,,,-73.9262867,40.7600433,2026-01-22 21:53:50.000,_20260122_164816_CH02_DUT_TMO_Playstore 30MB_NJ DUT REF_L1.dml,,,,N41(100)+N41(40),NR SA,429,-75.140000,21.570000,,,,,,,,,,,,,0.000,,,,
331,1,,,-73.9262850,40.7600433,2026-01-22 21:53:51.000,_20260122_164816_CH02_DUT_TMO_Playstore 30MB_NJ DUT REF_L1.dml,,,,N41(100)+N41(40),NR SA,429,-77.500000,20.000000,,,,,,,,,,,,,,,,,
332,1,,,-73.9262867,40.7600450,2026-01-22 21:53:52.000,_20260122_164816_CH02_DUT_TMO_Playstore 30MB_NJ DUT REF_L1.dml,,,,N41(100)+N41(40),NR SA,429,-77.550000,21.000000,,,,,,,,,,,,,0.000,,,,
333,1,,,-73.9262883,40.7600483,2026-01-22 21:53:53.000,_20260122_164816_CH02_DUT_TMO_Playstore 30MB_NJ DUT REF_L1.dml,,,,N41(100)+N41(40),NR SA,429,-77.000000,22.000000,,,,,,,,,,,,,0.000,,,,
334,1,,,-73.9262917,40.7600533,2026-01-22 21:53:54.000,_20260122_164816_CH02_DUT_TMO_Playstore 30MB_NJ DUT REF_L1.dml,,,,N41(100)+N41(40),NR SA,429,-76.170000,19.670000,,,,,,,,,,,,,0.000,,,,
335,1,,,-73.9262950,40.7600600,2026-01-22 21:53:55.000,_20260122_164816_CH02_DUT_TMO_Playstore 30MB_NJ DUT REF_L1.dml,,,,N41(100)+N41(40),NR SA,429,-77.000000,20.500000,,,,,,,,,,,,,,,,,
336,1,,,-73.9262983,40.7600650,2026-01-22 21:53:56.000,_20260122_164816_CH02_DUT_TMO_Playstore 30MB_NJ DUT REF_L1.dml,,,,N41(100)+N41(40),NR SA,429,-76.000000,21.000000,,,,,,,,,,,,,0.000,,,,
337,1,,,-73.9263000,40.7600717,2026-01-22 21:53:57.000,_20260122_164816_CH02_DUT_TMO_Playstore 30MB_NJ DUT REF_L1.dml,,,,N41(x)+N41(x),NR SA,429,-78.200000,19.400000,,,,,,,,,,,,,0.000,,,,
338,1,,,-73.9263000,40.7600717,2026-01-22 21:53:58.000,_20260122_164816_CH02_DUT_TMO_Playstore 30MB_NJ DUT REF_L1.dml,,,,N41(100)+N41(40),NR SA,429,-76.100000,21.300000,,,,,,,,,,,,,,,,,
339,1,,,-73.9263050,40.7600817,2026-01-22 21:53:59.000,_20260122_164816_CH02_DUT_TMO_Playstore 30MB_NJ DUT REF_L1.dml,,,,N41(100)+N41(40),NR SA,429,-75.090000,21.720000,,,,,,,,,,,,,0.152,,,,
340,1,,,-73.9263067,40.7600833,2026-01-22 21:54:00.000,_20260122_164816_CH02_DUT_TMO_Playstore 30MB_NJ DUT REF_L1.dml,,,,N41(100)+N41(40),NR SA,429,-75.210000,19.770000,,,,,,,,,,,,,0.760,,,,
341,1,,,-73.9263067,40.7600867,2026-01-22 21:54:01.000,_20260122_164816_CH02_DUT_TMO_Playstore 30MB_NJ DUT REF_L1.dml,,,,N41(100)+N41(40),NR SA,429,-75.830000,19.930000,,,,,,,,,,,,,0.744,,,,
342,1,,,-73.9263083,40.7600883,2026-01-22 21:54:02.000,_20260122_164816_CH02_DUT_TMO_Playstore 30MB_NJ DUT REF_L1.dml,,,,N41(100)+N41(40),NR SA,429,-76.250000,19.980000,,,,,,,,,,,,,1.408,,,,
343,1,,,-73.9263083,40.7600900,2026-01-22 21:54:03.000,_20260122_164816_CH02_DUT_TMO_Playstore 30MB_NJ DUT REF_L1.dml,,,,N41(100)+N41(40),NR SA,429,-76.970000,19.280000,,,,,,,,,,,,,0.928,,,,
344,1,,,-73.9263100,40.7600917,2026-01-22 21:54:04.000,_20260122_164816_CH02_DUT_TMO_Playstore 30MB_NJ DUT REF_L1.dml,,,,N41(100)+N41(40),NR SA,429,-76.930000,19.140000,,,,,,,,,,,,,1.192,,,,
345,1,,,-73.9263100,40.7600933,2026-01-22 21:54:05.000,_20260122_164816_CH02_DUT_TMO_Playstore 30MB_NJ DUT REF_L1.dml,,,,N41(100)+N41(40),NR SA,429,-77.290000,19.000000,,,,,,,,,,,,,0.336,,,,
346,1,,,-73.9263117,40.7600967,2026-01-22 21:54:06.000,_20260122_164816_CH02_DUT_TMO_Playstore 30MB_NJ DUT REF_L1.dml,,,,N41(100)+N41(40),NR SA,429,-77.760000,18.670000,,,,,,,,,,,,,0.408,,,,
347,1,,,-73.9263133,40.7600967,2026-01-22 21:54:07.000,_20260122_164816_CH02_DUT_TMO_Playstore 30MB_NJ DUT REF_L1.dml,,,,N41(100)+N41(40),NR SA,429,-77.000000,18.520000,,,,,,,,,,,,,,,,,
348,1,,,-73.9263150,40.7601000,2026-01-22 21:54:08.000,_20260122_164816_CH02_DUT_TMO_Playstore 30MB_NJ DUT REF_L1.dml,,,,N41(100)+N41(40),NR SA,429,-77.000000,18.560000,,,,,,,,,,,,,1.040,,,,
349,1,,,-73.9263167,40.7601017,2026-01-22 21:54:09.000,_20260122_164816_CH02_DUT_TMO_Playstore 30MB_NJ DUT REF_L1.dml,,,,N41(100)+N41(40),NR SA,429,-76.910000,18.520000,,,,,,,,,,,,,0.304,,,,
350,1,,,-73.9263183,40.7601033,2026-01-22 21:54:10.000,_20260122_164816_CH02_DUT_TMO_Playstore 30MB_NJ DUT REF_L1.dml,,,,N41(100)+N41(40),NR SA,429,-77.000000,18.250000,,,,,,,,,,,,,0.888,,,,
351,1,,,-73.9263200,40.7601083,2026-01-22 21:54:11.000,_20260122_164816_CH02_DUT_TMO_Playstore 30MB_NJ DUT REF_L1.dml,,,,N41(100)+N41(40),NR SA,429,-76.830000,18.000000,,,,,,,,,,,,,0.856,,,,
352,1,,,-73.9263233,40.7601117,2026-01-22 21:54:12.000,_20260122_164816_CH02_DUT_TMO_Playstore 30MB_NJ DUT REF_L1.dml,,,,N41(100)+N41(40),NR SA,429,-77.000000,18.270000,,,,,,,,,,,,,,,,,
353,1,,,-73.9263250,40.7601167,2026-01-22 21:54:13.000,_20260122_164816_CH02_DUT_TMO_Playstore 30MB_NJ DUT REF_L1.dml,,,,N41(100)+N41(40),NR SA,429,-76.500000,19.000000,,,,,,,,,,,,,0.008,,,,
354,1,,,-73.9263283,40.7601217,2026-01-22 21:54:14.000,_20260122_164816_CH02_DUT_TMO_Playstore 30MB_NJ DUT REF_L1.dml,,,,N41(100)+N41(40),NR SA,429,-76.860000,18.710000,,,,,,,,,,,,,0.016,,,,
355,1,,,-73.9263300,40.7601250,2026-01-22 21:54:15.000,_20260122_164816_CH02_DUT_TMO_Playstore 30MB_NJ DUT REF_L1.dml,,,,N41(100)+N41(40),NR SA,429,-76.920000,18.920000,,,,,,,,,,,,,0.120,,,,
356,1,,,-73.9263300,40.7601283,2026-01-22 21:54:16.000,_20260122_164816_CH02_DUT_TMO_Playstore 30MB_NJ DUT REF_L1.dml,,,,N41(100)+N41(40),NR SA,429,-76.090000,18.910000,,,,,,,,,,,,,0.008,,,,
357,1,,,-73.9263300,40.7601300,2026-01-22 21:54:17.000,_20260122_164816_CH02_DUT_TMO_Playstore 30MB_NJ DUT REF_L1.dml,,,,N41(100)+N41(40),NR SA,429,-77.440000,18.250000,,,,,,,,,,,,,0.000,,,,
358,1,,,-73.9263283,40.7601300,2026-01-22 21:54:18.000,_20260122_164816_CH02_DUT_TMO_Playstore 30MB_NJ DUT REF_L1.dml,,,,N41(100)+N41(40),NR SA,429,-76.680000,19.320000,,,,,,,,,,,,,,,,,
359,1,,,-73.9263283,40.7601300,2026-01-22 21:54:19.000,_20260122_164816_CH02_DUT_TMO_Playstore 30MB_NJ DUT REF_L1.dml,,,,N41(100)+N41(40),NR SA,429,-76.740000,19.530000,,,,,,,,,,,,,0.016,,,,
360,1,,,-73.9263267,40.7601300,2026-01-22 21:54:20.000,_20260122_164816_CH02_DUT_TMO_Playstore 30MB_NJ DUT REF_L1.dml,,,,N41(100)+N41(40),NR SA,429,-77.000000,20.200000,,,,,,,,,,,,,0.000,,,,
361,1,,,-73.9263300,40.7601300,2026-01-22 21:54:21.000,_20260122_164816_CH02_DUT_TMO_Playstore 30MB_NJ DUT REF_L1.dml,,,,N41(100)+N41(40),NR SA,429,-73.000000,23.500000,,,,,,,,,,,,,0.000,,,,
362,1,,,-73.9263317,40.7601333,2026-01-22 21:54:22.000,_20260122_164816_CH02_DUT_TMO_Playstore 30MB_NJ DUT REF_L1.dml,,,,N41(100)+N41(40),NR SA,429,-75.200000,21.400000,,,,,,,,,,,,,,,,,
363,1,,,-73.9263367,40.7601333,2026-01-22 21:54:23.000,_20260122_164816_CH02_DUT_TMO_Playstore 30MB_NJ DUT REF_L1.dml,,,,N41(100)+N41(40),NR SA,429,-77.140000,18.710000,,,,,,,,,,,,,0.000,,,,
364,1,,,-73.9263367,40.7601367,2026-01-22 21:54:24.000,_20260122_164816_CH02_DUT_TMO_Playstore 30MB_NJ DUT REF_L1.dml,,,,N41(100)+N41(40),NR SA,429,-77.170000,19.380000,,,,,,,,,,,,,0.000,,,,
365,1,,,-73.9263400,40.7601367,2026-01-22 21:54:25.000,_20260122_164816_CH02_DUT_TMO_Playstore 30MB_NJ DUT REF_L1.dml,,,,N41(100)+N41(40),NR SA,429,-76.510000,19.530000,,,,,,,,,,,,,0.112,,,,
366,1,,,-73.9263383,40.7601383,2026-01-22 21:54:26.000,_20260122_164816_CH02_DUT_TMO_Playstore 30MB_NJ DUT REF_L1.dml,,,,N41(100)+N41(40),NR SA,429,-75.460000,20.540000,,,,,,,,,,,,,0.256,,,,
367,1,,,-73.9263367,40.7601383,2026-01-22 21:54:27.000,_20260122_164816_CH02_DUT_TMO_Playstore 30MB_NJ DUT REF_L1.dml,,,,N41(100)+N41(40),NR SA,429,-75.300000,21.110000,,,,,,,,,,,,,0.248,,,,
368,1,,,-73.9263317,40.7601367,2026-01-22 21:54:28.000,_20260122_164816_CH02_DUT_TMO_Playstore 30MB_NJ DUT REF_L1.dml,,,,N41(100)+N41(40),NR SA,429,-76.950000,18.790000,,,,,,,,,,,,,0.168,,,,
369,1,,,-73.9263300,40.7601350,2026-01-22 21:54:29.000,_20260122_164816_CH02_DUT_TMO_Playstore 30MB_NJ DUT REF_L1.dml,,,,N41(100)+N41(40),NR SA,429,-75.130000,20.480000,,,,,,,,,,,,,2.520,,,,
370,1,,,-73.9263267,40.7601317,2026-01-22 21:54:30.000,_20260122_164816_CH02_DUT_TMO_Playstore 30MB_NJ DUT REF_L1.dml,,,,N41(100)+N41(40),NR SA,429,-77.230000,18.770000,,,,,,,,,,,,,1.032,,,,
371,1,,,-73.9263250,40.7601267,2026-01-22 21:54:31.000,_20260122_164816_CH02_DUT_TMO_Playstore 30MB_NJ DUT REF_L1.dml,,,,N41(100)+N41(40),NR SA,429,-76.390000,19.840000,,,,,,,,,,,,,0.872,,,,
372,1,,,-73.9263200,40.7601217,2026-01-22 21:54:32.000,_20260122_164816_CH02_DUT_TMO_Playstore 30MB_NJ DUT REF_L1.dml,,,,N41(100)+N41(40),NR SA,429,-76.040000,21.000000,,,,,,,,,,,,,1.912,,,,
373,1,,,-73.9263167,40.7601167,2026-01-22 21:54:33.000,_20260122_164816_CH02_DUT_TMO_Playstore 30MB_NJ DUT REF_L1.dml,,,,N41(100)+N41(40),NR SA,429,-77.390000,20.430000,,,,,,,,,,,,,1.256,,,,
374,1,,,-73.9263117,40.7601117,2026-01-22 21:54:34.000,_20260122_164816_CH02_DUT_TMO_Playstore 30MB_NJ DUT REF_L1.dml,,,,N41(100)+N41(40),NR SA,429,-76.610000,20.350000,,,,,,,,,,,,,0.800,,,,
375,1,,,-73.9263067,40.7601083,2026-01-22 21:54:35.000,_20260122_164816_CH02_DUT_TMO_Playstore 30MB_NJ DUT REF_L1.dml,,,,N41(100)+N41(40),NR SA,429,-75.630000,22.130000,,,,,,,,,,,,,,,,,
376,1,,,-73.9263000,40.7601017,2026-01-22 21:54:36.000,_20260122_164816_CH02_DUT_TMO_Playstore 30MB_NJ DUT REF_L1.dml,,,,N41(100)+N41(40),NR SA,429,-74.830000,21.330000,,,,,,,,,,,,,0.408,,,,
377,1,,,-73.9262950,40.7600983,2026-01-22 21:54:37.000,_20260122_164816_CH02_DUT_TMO_Playstore 30MB_NJ DUT REF_L1.dml,,,,N41(100)+N41(40),NR SA,429,-74.500000,20.800000,,,,,,,,,,,,,0.000,,,,
378,1,,,-73.9262817,40.7601033,2026-01-22 21:54:38.000,_20260122_164816_CH02_DUT_TMO_Playstore 30MB_NJ DUT REF_L1.dml,,,,N41(100)+N41(40),NR SA,429,-75.000000,19.600000,,,,,,,,,,,,,0.000,,,,
379,1,,,-73.9262750,40.7601050,2026-01-22 21:54:39.000,_20260122_164816_CH02_DUT_TMO_Playstore 30MB_NJ DUT REF_L1.dml,,,,N41(100)+N41(40),NR SA,429,-75.630000,19.370000,,,,,,,,,,,,,0.064,,,,
380,1,,,-73.9262817,40.7601083,2026-01-22 21:54:40.000,_20260122_164816_CH02_DUT_TMO_Playstore 30MB_NJ DUT REF_L1.dml,,,,N41(100)+N41(40),NR SA,429,-75.750000,20.500000,,,,,,,,,,,,,0.064,,,,
381,1,,,-73.9262983,40.7601133,2026-01-22 21:54:41.000,_20260122_164816_CH02_DUT_TMO_Playstore 30MB_NJ DUT REF_L1.dml,,,,N41(100),NR SA,429,-76.000000,19.900000,,,,,,,,,,,,,,,,,
382,1,,,-73.9262817,40.7601117,2026-01-22 21:54:42.000,_20260122_164816_CH02_DUT_TMO_Playstore 30MB_NJ DUT REF_L1.dml,,,,N41(100)+N41(40),NR SA,429,-75.680000,20.410000,,,,,,,,,,,,,0.088,,,,
383,1,,,-73.9262900,40.7601100,2026-01-22 21:54:43.000,_20260122_164816_CH02_DUT_TMO_Playstore 30MB_NJ DUT REF_L1.dml,,,,N41(100)+N41(40),NR SA,429,-75.980000,20.370000,,,,,,,,,,,,,0.000,,,,
384,1,,,-73.9262850,40.7601083,2026-01-22 21:54:44.000,_20260122_164816_CH02_DUT_TMO_Playstore 30MB_NJ DUT REF_L1.dml,,,,N41(100)+N41(40),NR SA,429,-76.250000,20.580000,,,,,,,,,,,,,0.008,,,,
385,1,,,-73.9262850,40.7601083,2026-01-22 21:54:45.000,_20260122_164816_CH02_DUT_TMO_Playstore 30MB_NJ DUT REF_L1.dml,,,,N41(100)+N41(40),NR SA,429,-76.100000,20.900000,,,,,,,,,,,,,0.000,,,,
386,1,,,-73.9262817,40.7601083,2026-01-22 21:54:46.000,_20260122_164816_CH02_DUT_TMO_Playstore 30MB_NJ DUT REF_L1.dml,,,,N41(100)+N41(40),NR SA,429,-76.800000,19.200000,,,,,,,,,,,,,0.000,,,,
387,1,,,-73.9262767,40.7601100,2026-01-22 21:54:47.000,_20260122_164816_CH02_DUT_TMO_Playstore 30MB_NJ DUT REF_L1.dml,,,,N41(100)+N41(40),NR SA,429,-75.000000,20.670000,,,,,,,,,,,,,0.000,,,,
388,1,,,-73.9262683,40.7601133,2026-01-22 21:54:48.000,_20260122_164816_CH02_DUT_TMO_Playstore 30MB_NJ DUT REF_L1.dml,,,,N41(100)+N41(40),NR SA,429,-76.270000,20.180000,,,,,,,,,,,,,0.000,,,,
389,1,,,-73.9262617,40.7601167,2026-01-22 21:54:49.000,_20260122_164816_CH02_DUT_TMO_Playstore 30MB_NJ DUT REF_L1.dml,,,,N41(100)+N41(40),NR SA,429,-74.900000,21.400000,,,,,,,,,,,,,0.000,,,,
390,1,,,-73.9262567,40.7601233,2026-01-22 21:54:50.000,_20260122_164816_CH02_DUT_TMO_Playstore 30MB_NJ DUT REF_L1.dml,,,,N41(100)+N41(40),NR SA,429,-76.000000,20.920000,,,,,,,,,,,,,,,,,
391,1,,,-73.9262517,40.7601267,2026-01-22 21:54:51.000,_20260122_164816_CH02_DUT_TMO_Playstore 30MB_NJ DUT REF_L1.dml,,,,N41(100)+N41(40),NR SA,429,-74.540000,22.380000,,,,,,,,,,,,,0.096,,,,
392,1,,,-73.9262550,40.7601283,2026-01-22 21:54:52.000,_20260122_164816_CH02_DUT_TMO_Playstore 30MB_NJ DUT REF_L1.dml,,,,N41(100)+N41(40),NR SA,429,-71.730000,24.150000,,,,,,,,,,,,,2.008,,,,
393,1,,,-73.9262467,40.7601300,2026-01-22 21:54:53.000,_20260122_164816_CH02_DUT_TMO_Playstore 30MB_NJ DUT REF_L1.dml,,,,N41(100)+N41(40),NR SA,429,-71.830000,22.510000,,,,,,,,,,,,,2.928,,,,
394,1,,,-73.9262483,40.7601317,2026-01-22 21:54:54.000,_20260122_164816_CH02_DUT_TMO_Playstore 30MB_NJ DUT REF_L1.dml,,,,N41(100)+N41(40),NR SA,429,-72.150000,21.880000,,,,,,,,,,,,,2.120,,,,
395,1,,,-73.9262433,40.7601333,2026-01-22 21:54:55.000,_20260122_164816_CH02_DUT_TMO_Playstore 30MB_NJ DUT REF_L1.dml,,,,N41(100)+N41(40),NR SA,429,-72.900000,22.230000,,,,,,,,,,,,,0.504,,,,
396,1,,,-73.9262433,40.7601333,2026-01-22 21:54:56.000,_20260122_164816_CH02_DUT_TMO_Playstore 30MB_NJ DUT REF_L1.dml,,,,N41(100)+N41(40),NR SA,429,-72.640000,22.770000,,,,,,,,,,,,,0.432,,,,
397,1,,,-73.9262400,40.7601333,2026-01-22 21:54:57.000,_20260122_164816_CH02_DUT_TMO_Playstore 30MB_NJ DUT REF_L1.dml,,,,N41(100)+N41(40),NR SA,429,-73.000000,22.320000,,,,,,,,,,,,,0.960,,,,
398,1,,,-73.9262383,40.7601350,2026-01-22 21:54:58.000,_20260122_164816_CH02_DUT_TMO_Playstore 30MB_NJ DUT REF_L1.dml,,,,N41(100)+N41(40),NR SA,429,-72.480000,22.950000,,,,,,,,,,,,,,,,,
399,1,,,-73.9262367,40.7601367,2026-01-22 21:54:59.000,_20260122_164816_CH02_DUT_TMO_Playstore 30MB_NJ DUT REF_L1.dml,,,,N41(100)+N41(40),NR SA,429,-73.000000,21.400000,,,,,,,,,,,,,1.368,,,,
400,1,,,-73.9262350,40.7601367,2026-01-22 21:55:00.000,_20260122_164816_CH02_DUT_TMO_Playstore 30MB_NJ DUT REF_L1.dml,,,,N41(100)+N41(40),NR SA,429,-72.560000,23.000000,,,,,,,,,,,,,0.000,,,,
401,1,,,-73.9262333,40.7601383,2026-01-22 21:55:01.000,_20260122_164816_CH02_DUT_TMO_Playstore 30MB_NJ DUT REF_L1.dml,,,,N41(100)+N41(40),NR SA,429,-72.000000,23.000000,,,,,,,,,,,,,,,,,
402,1,,,-73.9262333,40.7601383,2026-01-22 21:55:02.000,_20260122_164816_CH02_DUT_TMO_Playstore 30MB_NJ DUT REF_L1.dml,,,,N41(100)+N41(40),NR SA,429,-72.000000,22.630000,,,,,,,,,,,,,0.052,,,,
403,1,,,-73.9262333,40.7601383,2026-01-22 21:55:03.000,_20260122_164816_CH02_DUT_TMO_Playstore 30MB_NJ DUT REF_L1.dml,,,,N41(100)+N41(40),NR SA,429,-72.000000,23.220000,,,,,,,,,,,,,,,,,
404,1,,,-73.9262333,40.7601383,2026-01-22 21:55:04.000,_20260122_164816_CH02_DUT_TMO_Playstore 30MB_NJ DUT REF_L1.dml,,,,N41(100)+N41(40),NR SA,429,-74.000000,22.000000,,,,,,,,,,,,,0.032,,,,
405,1,,,-73.9262333,40.7601383,2026-01-22 21:55:05.000,_20260122_164816_CH02_DUT_TMO_Playstore 30MB_NJ DUT REF_L1.dml,,,,N41(100)+N41(40),NR SA,429,-74.110000,21.110000,,,,,,,,,,,,,0.104,,,,
406,1,,,-73.9262333,40.7601383,2026-01-22 21:55:06.000,_20260122_164816_CH02_DUT_TMO_Playstore 30MB_NJ DUT REF_L1.dml,,,,N41(100)+N41(40),NR SA,429,-75.000000,20.000000,,,,,,,,,,,,,0.016,,,,
407,1,,,-73.9262333,40.7601383,2026-01-22 21:55:07.000,_20260122_164816_CH02_DUT_TMO_Playstore 30MB_NJ DUT REF_L1.dml,,,,N41(100)+N41(40),NR SA,429,-75.090000,19.730000,,,,,,,,,,,,,0.000,,,,
408,1,,,-73.9262333,40.7601383,2026-01-22 21:55:08.000,_20260122_164816_CH02_DUT_TMO_Playstore 30MB_NJ DUT REF_L1.dml,,,,N41(100)+N41(40),NR SA,429,-74.820000,18.860000,,,,,,,,,,,,,,,,,
409,1,,,-73.9262333,40.7601383,2026-01-22 21:55:09.000,_20260122_164816_CH02_DUT_TMO_Playstore 30MB_NJ DUT REF_L1.dml,,,,N41(100)+N41(40),NR SA,429,-75.390000,18.880000,,,,,,,,,,,,,0.008,,,,
410,1,,,-73.9262417,40.7601500,2026-01-22 21:55:10.000,_20260122_164816_CH02_DUT_TMO_Playstore 30MB_NJ DUT REF_L1.dml,,,,N41(100)+N41(40),NR SA,429,-75.560000,19.020000,,,,,,,,,,,,,0.128,,,,
411,1,,,-73.9262450,40.7601533,2026-01-22 21:55:11.000,_20260122_164816_CH02_DUT_TMO_Playstore 30MB_NJ DUT REF_L1.dml,,,,N41(100)+N41(40),NR SA,429,-76.000000,19.300000,,,,,,,,,,,,,1.640,,,,
412,1,,,-73.9262533,40.7601583,2026-01-22 21:55:12.000,_20260122_164816_CH02_DUT_TMO_Playstore 30MB_NJ DUT REF_L1.dml,,,,N41(100)+N41(40),NR SA,429,-76.970000,19.840000,,,,,,,,,,,,,0.720,,,,
413,1,,,-73.9262633,40.7601633,2026-01-22 21:55:13.000,_20260122_164816_CH02_DUT_TMO_Playstore 30MB_NJ DUT REF_L1.dml,,,,N41(100)+N41(40),NR SA,429,-75.740000,20.060000,,,,,,,,,,,,,1.048,,,,
414,1,,,-73.9262733,40.7601667,2026-01-22 21:55:14.000,_20260122_164816_CH02_DUT_TMO_Playstore 30MB_NJ DUT REF_L1.dml,,,,N41(100)+N41(40),NR SA,429,-75.840000,19.160000,,,,,,,,,,,,,0.864,,,,
415,1,,,-73.9262800,40.7601750,2026-01-22 21:55:15.000,_20260122_164816_CH02_DUT_TMO_Playstore 30MB_NJ DUT REF_L1.dml,,,,N41(100)+N41(40),NR SA,429,-75.730000,19.240000,,,,,,,,,,,,,2.000,,,,
416,1,,,-73.9262850,40.7601750,2026-01-22 21:55:16.000,_20260122_164816_CH02_DUT_TMO_Playstore 30MB_NJ DUT REF_L1.dml,,,,N41(100)+N41(40),NR SA,429,-76.170000,20.600000,,,,,,,,,,,,,1.640,,,,
417,1,,,-73.9262900,40.7601733,2026-01-22 21:55:17.000,_20260122_164816_CH02_DUT_TMO_Playstore 30MB_NJ DUT REF_L1.dml,,,,N41(100)+N41(40),NR SA,429,-76.000000,18.500000,,,,,,,,,,,,,0.000,,,,
418,1,,,-73.9262917,40.7601733,2026-01-22 21:55:18.000,_20260122_164816_CH02_DUT_TMO_Playstore 30MB_NJ DUT REF_L1.dml,,,,N41(100)+N41(40),NR SA,429,-76.000000,19.000000,,,,,,,,,,,,,,,,,
419,1,,,-73.9262933,40.7601683,2026-01-22 21:55:19.000,_20260122_164816_CH02_DUT_TMO_Playstore 30MB_NJ DUT REF_L1.dml,,,,N41(100)+N41(40),NR SA,429,-74.810000,19.940000,,,,,,,,,,,,,0.008,,,,
420,1,,,-73.9262950,40.7601650,2026-01-22 21:55:20.000,_20260122_164816_CH02_DUT_TMO_Playstore 30MB_NJ DUT REF_L1.dml,,,,N41(100)+N41(40),NR SA,429,-74.400000,21.120000,,,,,,,,,,,,,0.464,,,,
421,1,,,-73.9262950,40.7601617,2026-01-22 21:55:21.000,_20260122_164816_CH02_DUT_TMO_Playstore 30MB_NJ DUT REF_L1.dml,,,,N41(100)+N41(40),NR SA,429,-75.060000,19.970000,,,,,,,,,,,,,0.104,,,,
422,1,,,-73.9262950,40.7601600,2026-01-22 21:55:22.000,_20260122_164816_CH02_DUT_TMO_Playstore 30MB_NJ DUT REF_L1.dml,,,,N41(100)+N41(40),NR SA,429,-76.000000,19.000000,,,,,,,,,,,,,0.488,,,,
423,1,,,-73.9262950,40.7601583,2026-01-22 21:55:23.000,_20260122_164816_CH02_DUT_TMO_Playstore 30MB_NJ DUT REF_L1.dml,,,,N41(100)+N41(40),NR SA,429,-75.800000,19.000000,,,,,,,,,,,,,,,,,
424,1,,,-73.9262950,40.7601583,2026-01-22 21:55:24.000,_20260122_164816_CH02_DUT_TMO_Playstore 30MB_NJ DUT REF_L1.dml,,,,N41(100)+N41(40),NR SA,429,-75.000000,20.000000,,,,,,,,,,,,,0.136,,,,
425,1,,,-73.9262967,40.7601550,2026-01-22 21:55:25.000,_20260122_164816_CH02_DUT_TMO_Playstore 30MB_NJ DUT REF_L1.dml,,,,N41(100)+N41(40),NR SA,429,-74.140000,20.640000,,,,,,,,,,,,,0.008,,,,
426,1,,,-73.9263000,40.7601500,2026-01-22 21:55:26.000,_20260122_164816_CH02_DUT_TMO_Playstore 30MB_NJ DUT REF_L1.dml,,,,N41(100)+N41(40),NR SA,429,-74.910000,20.090000,,,,,,,,,,,,,0.128,,,,
427,1,,,-73.9263067,40.7601467,2026-01-22 21:55:27.000,_20260122_164816_CH02_DUT_TMO_Playstore 30MB_NJ DUT REF_L1.dml,,,,N41(100)+N41(40),NR SA,429,-74.000000,22.330000,,,,,,,,,,,,,,,,,
428,1,,,-73.9263133,40.7601383,2026-01-22 21:55:28.000,_20260122_164816_CH02_DUT_TMO_Playstore 30MB_NJ DUT REF_L1.dml,,,,N41(100)+N41(40),NR SA,429,-76.640000,20.910000,,,,,,,,,,,,,0.128,,,,
429,1,,,-73.9263250,40.7601300,2026-01-22 21:55:29.000,_20260122_164816_CH02_DUT_TMO_Playstore 30MB_NJ DUT REF_L1.dml,,,,N41(100)+N41(40),NR SA,429,-75.000000,20.000000,,,,,,,,,,,,,0.000,,,,
430,1,,,-73.9263383,40.7601250,2026-01-22 21:55:30.000,_20260122_164816_CH02_DUT_TMO_Playstore 30MB_NJ DUT REF_L1.dml,,,,N41(100)+N41(40),NR SA,429,-74.870000,21.490000,,,,,,,,,,,,,0.264,,,,
431,1,,,-73.9263517,40.7601183,2026-01-22 21:55:31.000,_20260122_164816_CH02_DUT_TMO_Playstore 30MB_NJ DUT REF_L1.dml,,,,N41(100)+N41(40),NR SA,429,-74.580000,20.500000,,,,,,,,,,,,,0.104,,,,
432,1,,,-73.9263650,40.7601183,2026-01-22 21:55:32.000,_20260122_164816_CH02_DUT_TMO_Playstore 30MB_NJ DUT REF_L1.dml,,,,N41(100)+N41(40),NR SA,429,-74.980000,20.350000,,,,,,,,,,,,,0.752,,,,
433,1,,,-73.9263750,40.7601217,2026-01-22 21:55:33.000,_20260122_164816_CH02_DUT_TMO_Playstore 30MB_NJ DUT REF_L1.dml,,,,N41(100)+N41(40),NR SA,429,-74.960000,20.560000,,,,,,,,,,,,,1.376,,,,
434,1,,,-73.9263767,40.7601150,2026-01-22 21:55:34.000,_20260122_164816_CH02_DUT_TMO_Playstore 30MB_NJ DUT REF_L1.dml,,,,N41(100)+N41(40),NR SA,429,-73.880000,21.550000,,,,,,,,,,,,,1.056,,,,
435,1,,,-73.9263867,40.7601167,2026-01-22 21:55:35.000,_20260122_164816_CH02_DUT_TMO_Playstore 30MB_NJ DUT REF_L1.dml,,,,N41(100)+N41(40),NR SA,429,-74.000000,21.430000,,,,,,,,,,,,,0.336,,,,
436,1,,,-73.9263917,40.7601150,2026-01-22 21:55:36.000,_20260122_164816_CH02_DUT_TMO_Playstore 30MB_NJ DUT REF_L1.dml,,,,N41(100)+N41(40),NR SA,429,-74.000000,21.040000,,,,,,,,,,,,,1.736,,,,
437,1,,,-73.9263983,40.7601150,2026-01-22 21:55:37.000,_20260122_164816_CH02_DUT_TMO_Playstore 30MB_NJ DUT REF_L1.dml,,,,N41(100)+N41(40),NR SA,429,-74.030000,21.220000,,,,,,,,,,,,,0.808,,,,
438,1,,,-73.9264050,40.7601150,2026-01-22 21:55:38.000,_20260122_164816_CH02_DUT_TMO_Playstore 30MB_NJ DUT REF_L1.dml,,,,N41(100)+N41(40),NR SA,429,-74.210000,21.470000,,,,,,,,,,,,,3.352,,,,
439,1,,,-73.9264100,40.7601167,2026-01-22 21:55:39.000,_20260122_164816_CH02_DUT_TMO_Playstore 30MB_NJ DUT REF_L1.dml,,,,N41(100)+N41(40),NR SA,429,-74.000000,20.780000,,,,,,,,,,,,,0.056,,,,
440,1,,,-73.9264150,40.7601200,2026-01-22 21:55:40.000,_20260122_164816_CH02_DUT_TMO_Playstore 30MB_NJ DUT REF_L1.dml,,,,N41(100)+N41(40),NR SA,429,-75.000000,20.200000,,,,,,,,,,,,,0.008,,,,
441,1,,,-73.9264217,40.7601233,2026-01-22 21:55:41.000,_20260122_164816_CH02_DUT_TMO_Playstore 30MB_NJ DUT REF_L1.dml,,,,N41(100)+N41(40),NR SA,429,-75.000000,19.600000,,,,,,,,,,,,,,,,,
442,1,,,-73.9264267,40.7601250,2026-01-22 21:55:42.000,_20260122_164816_CH02_DUT_TMO_Playstore 30MB_NJ DUT REF_L1.dml,,,,N41(100)+N41(40),NR SA,429,-75.040000,20.250000,,,,,,,,,,,,,0.008,,,,
443,1,,,-73.9264317,40.7601283,2026-01-22 21:55:43.000,_20260122_164816_CH02_DUT_TMO_Playstore 30MB_NJ DUT REF_L1.dml,,,,N41(100)+N41(40),NR SA,429,-75.120000,19.820000,,,,,,,,,,,,,0.104,,,,
444,1,,,-73.9264333,40.7601283,2026-01-22 21:55:44.000,_20260122_164816_CH02_DUT_TMO_Playstore 30MB_NJ DUT REF_L1.dml,,,,N41(100)+N41(40),NR SA,429,-73.640000,20.820000,,,,,,,,,,,,,0.016,,,,
445,1,,,-73.9264350,40.7601283,2026-01-22 21:55:45.000,_20260122_164816_CH02_DUT_TMO_Playstore 30MB_NJ DUT REF_L1.dml,,,,N41(100)+N41(40),NR SA,429,-74.000000,20.000000,,,,,,,,,,,,,,,,,
446,1,,,-73.9264367,40.7601250,2026-01-22 21:55:46.000,_20260122_164816_CH02_DUT_TMO_Playstore 30MB_NJ DUT REF_L1.dml,,,,N41(100)+N41(40),NR SA,429,-75.000000,19.200000,,,,,,,,,,,,,0.000,,,,
447,1,,,-73.9264400,40.7601250,2026-01-22 21:55:47.000,_20260122_164816_CH02_DUT_TMO_Playstore 30MB_NJ DUT REF_L1.dml,,,,N41(100)+N41(40),NR SA,429,-75.000000,21.170000,,,,,,,,,,,,,0.000,,,,
448,1,,,-73.9264433,40.7601250,2026-01-22 21:55:48.000,_20260122_164816_CH02_DUT_TMO_Playstore 30MB_NJ DUT REF_L1.dml,,,,,NR SA,,,,,,,,,,,,,,,,0.000,,,,
449,1,,,-73.9264467,40.7601283,2026-01-22 21:55:49.000,_20260122_164816_CH02_DUT_TMO_Playstore 30MB_NJ DUT REF_L1.dml,,,,N41(100)+N41(40),NR SA,429,-73.670000,21.170000,,,,,,,,,,,,,0.000,,,,
450,1,,,-73.9264500,40.7601283,2026-01-22 21:55:50.000,_20260122_164816_CH02_DUT_TMO_Playstore 30MB_NJ DUT REF_L1.dml,,,,N41(100)+N41(40),NR SA,429,-75.670000,20.670000,,,,,,,,,,,,,0.000,,,,
451,1,,,-73.9264517,40.7601300,2026-01-22 21:55:51.000,_20260122_164816_CH02_DUT_TMO_Playstore 30MB_NJ DUT REF_L1.dml,,,,N41(100)+N41(40),NR SA,429,-77.000000,21.000000,,,,,,,,,,,,,,,,,
452,1,,,-73.9264533,40.7601317,2026-01-22 21:55:52.000,_20260122_164816_CH02_DUT_TMO_Playstore 30MB_NJ DUT REF_L1.dml,,,,N41(100)+N41(40),NR SA,429,-76.000000,21.400000,,,,,,,,,,,,,0.000,,,,
453,1,,,-73.9264500,40.7601350,2026-01-22 21:55:53.000,_20260122_164816_CH02_DUT_TMO_Playstore 30MB_NJ DUT REF_L1.dml,,,,N41(100)+N41(40),NR SA,429,-76.670000,19.670000,,,,,,,,,,,,,0.000,,,,
454,1,,,-73.9264450,40.7601417,2026-01-22 21:55:54.000,_20260122_164816_CH02_DUT_TMO_Playstore 30MB_NJ DUT REF_L1.dml,,,,N41(100)+N41(40),NR SA,429,-75.460000,20.890000,,,,,,,,,,,,,0.112,,,,
455,1,,,-73.9264350,40.7601500,2026-01-22 21:55:55.000,_20260122_164816_CH02_DUT_TMO_Playstore 30MB_NJ DUT REF_L1.dml,,,,N41(100)+N41(40),NR SA,429,-75.620000,20.260000,,,,,,,,,,,,,,,,,
456,1,,,-73.9264333,40.7601600,2026-01-22 21:55:56.000,_20260122_164816_CH02_DUT_TMO_Playstore 30MB_NJ DUT REF_L1.dml,,,,N41(100)+N41(40),NR SA,429,-76.400000,20.710000,,,,,,,,,,,,,1.344,,,,
457,1,,,-73.9264300,40.7601583,2026-01-22 21:55:57.000,_20260122_164816_CH02_DUT_TMO_Playstore 30MB_NJ DUT REF_L1.dml,,,,N41(100)+N41(40),NR SA,429,-76.340000,19.700000,,,,,,,,,,,,,1.848,,,,
458,1,,,-73.9264300,40.7601667,2026-01-22 21:55:58.000,_20260122_164816_CH02_DUT_TMO_Playstore 30MB_NJ DUT REF_L1.dml,,,,N41(100)+N41(40),NR SA,429,-74.670000,21.060000,,,,,,,,,,,,,4.416,,,,
459,1,,,-73.9264317,40.7601700,2026-01-22 21:55:59.000,_20260122_164816_CH02_DUT_TMO_Playstore 30MB_NJ DUT REF_L1.dml,,,,N41(100)+N41(40),NR SA,429,-74.580000,21.870000,,,,,,,,,,,,,1.208,,,,
460,1,,,-73.9264350,40.7601750,2026-01-22 21:56:00.000,_20260122_164816_CH02_DUT_TMO_Playstore 30MB_NJ DUT REF_L1.dml,,,,N41(100)+N41(40),NR SA,429,-76.000000,20.780000,,,,,,,,,,,,,,,,,
461,1,,,-73.9264383,40.7601783,2026-01-22 21:56:01.000,_20260122_164816_CH02_DUT_TMO_Playstore 30MB_NJ DUT REF_L1.dml,,,,N41(100)+N41(40),NR SA,429,-75.000000,21.830000,,,,,,,,,,,,,0.888,,,,
462,1,,,-73.9264433,40.7601817,2026-01-22 21:56:02.000,_20260122_164816_CH02_DUT_TMO_Playstore 30MB_NJ DUT REF_L1.dml,,,,N41(100)+N41(40),NR SA,429,-75.500000,21.750000,,,,,,,,,,,,,0.000,,,,
463,1,,,-73.9264483,40.7601850,2026-01-22 21:56:03.000,_20260122_164816_CH02_DUT_TMO_Playstore 30MB_NJ DUT REF_L1.dml,,,,N41(100)+N41(40),NR SA,429,-73.250000,21.000000,,,,,,,,,,,,,0.000,,,,
464,1,,,-73.9264533,40.7601867,2026-01-22 21:56:04.000,_20260122_164816_CH02_DUT_TMO_Playstore 30MB_NJ DUT REF_L1.dml,,,,N41(100)+N41(40),NR SA,429,-74.560000,21.120000,,,,,,,,,,,,,0.080,,,,
465,1,,,-73.9264567,40.7601867,2026-01-22 21:56:05.000,_20260122_164816_CH02_DUT_TMO_Playstore 30MB_NJ DUT REF_L1.dml,,,,N41(100)+N41(40),NR SA,429,-74.930000,21.800000,,,,,,,,,,,,,0.056,,,,
466,1,,,-73.9264600,40.7601867,2026-01-22 21:56:06.000,_20260122_164816_CH02_DUT_TMO_Playstore 30MB_NJ DUT REF_L1.dml,,,,N41(100)+N41(40),NR SA,429,-74.000000,24.460000,,,,,,,,,,,,,,,,,
467,1,,,-73.9264600,40.7601833,2026-01-22 21:56:07.000,_20260122_164816_CH02_DUT_TMO_Playstore 30MB_NJ DUT REF_L1.dml,,,,N41(100)+N41(40),NR SA,429,-77.210000,19.640000,,,,,,,,,,,,,0.080,,,,
468,1,,,-73.9264617,40.7601817,2026-01-22 21:56:08.000,_20260122_164816_CH02_DUT_TMO_Playstore 30MB_NJ DUT REF_L1.dml,,,,N41(100)+N41(40),NR SA,429,-79.000000,17.000000,,,,,,,,,,,,,0.016,,,,
469,1,,,-73.9264617,40.7601783,2026-01-22 21:56:09.000,_20260122_164816_CH02_DUT_TMO_Playstore 30MB_NJ DUT REF_L1.dml,,,,N41(100)+N41(40),NR SA,429,-79.290000,17.360000,,,,,,,,,,,,,0.008,,,,
470,1,,,-73.9264617,40.7601733,2026-01-22 21:56:10.000,_20260122_164816_CH02_DUT_TMO_Playstore 30MB_NJ DUT REF_L1.dml,,,,N41(100)+N41(40),NR SA,429,-74.550000,23.690000,,,,,,,,,,,,,0.128,,,,
471,1,,,-73.9264617,40.7601683,2026-01-22 21:56:11.000,_20260122_164816_CH02_DUT_TMO_Playstore 30MB_NJ DUT REF_L1.dml,,,,N41(100)+N41(40),NR SA,429,-74.780000,21.840000,,,,,,,,,,,,,1.264,,,,
472,1,,,-73.9264600,40.7601650,2026-01-22 21:56:12.000,_20260122_164816_CH02_DUT_TMO_Playstore 30MB_NJ DUT REF_L1.dml,,,,N41(100)+N41(40),NR SA,429,-74.870000,21.090000,,,,,,,,,,,,,0.824,,,,
473,1,,,-73.9264600,40.7601583,2026-01-22 21:56:13.000,_20260122_164816_CH02_DUT_TMO_Playstore 30MB_NJ DUT REF_L1.dml,,,,N41(100)+N41(40),NR SA,429,-74.780000,21.670000,,,,,,,,,,,,,1.984,,,,
474,1,,,-73.9264583,40.7601533,2026-01-22 21:56:14.000,_20260122_164816_CH02_DUT_TMO_Playstore 30MB_NJ DUT REF_L1.dml,,,,N41(100)+N41(40),NR SA,429,-73.630000,22.470000,,,,,,,,,,,,,1.848,,,,
475,1,,,-73.9264600,40.7601483,2026-01-22 21:56:15.000,_20260122_164816_CH02_DUT_TMO_Playstore 30MB_NJ DUT REF_L1.dml,,,,N41(100)+N41(40),NR SA,429,-74.370000,21.740000,,,,,,,,,,,,,1.248,,,,
476,1,,,-73.9264617,40.7601433,2026-01-22 21:56:16.000,_20260122_164816_CH02_DUT_TMO_Playstore 30MB_NJ DUT REF_L1.dml,,,,N41(100)+N41(40),NR SA,429,-75.000000,20.000000,,,,,,,,,,,,,0.192,,,,
477,1,,,-73.9264617,40.7601400,2026-01-22 21:56:17.000,_20260122_164816_CH02_DUT_TMO_Playstore 30MB_NJ DUT REF_L1.dml,,,,N41(100)+N41(40),NR SA,429,-74.560000,20.890000,,,,,,,,,,,,,0.000,,,,
478,1,,,-73.9264633,40.7601367,2026-01-22 21:56:18.000,_20260122_164816_CH02_DUT_TMO_Playstore 30MB_NJ DUT REF_L1.dml,,,,N41(100)+N41(40),NR SA,429,-74.000000,21.250000,,,,,,,,,,,,,,,,,
479,1,,,-73.9264650,40.7601333,2026-01-22 21:56:19.000,_20260122_164816_CH02_DUT_TMO_Playstore 30MB_NJ DUT REF_L1.dml,,,,N41(100)+N41(40),NR SA,429,-74.790000,22.030000,,,,,,,,,,,,,0.044,,,,
480,1,,,-73.9264667,40.7601300,2026-01-22 21:56:20.000,_20260122_164816_CH02_DUT_TMO_Playstore 30MB_NJ DUT REF_L1.dml,,,,N41(100)+N41(40),NR SA,429,-75.000000,22.000000,,,,,,,,,,,,,,,,,
481,1,,,-73.9264683,40.7601283,2026-01-22 21:56:21.000,_20260122_164816_CH02_DUT_TMO_Playstore 30MB_NJ DUT REF_L1.dml,,,,N41(100)+N41(40),NR SA,429,-74.790000,21.500000,,,,,,,,,,,,,0.024,,,,
482,1,,,-73.9264717,40.7601267,2026-01-22 21:56:22.000,_20260122_164816_CH02_DUT_TMO_Playstore 30MB_NJ DUT REF_L1.dml,,,,N41(100)+N41(40),NR SA,429,-74.450000,22.000000,,,,,,,,,,,,,0.000,,,,
483,1,,,-73.9264767,40.7601233,2026-01-22 21:56:23.000,_20260122_164816_CH02_DUT_TMO_Playstore 30MB_NJ DUT REF_L1.dml,,,,N41(100)+N41(40),NR SA,429,-74.120000,21.500000,,,,,,,,,,,,,0.008,,,,
484,1,,,-73.9264800,40.7601200,2026-01-22 21:56:24.000,_20260122_164816_CH02_DUT_TMO_Playstore 30MB_NJ DUT REF_L1.dml,,,,N41(100)+N41(40),NR SA,429,-75.000000,20.700000,,,,,,,,,,,,,0.000,,,,
485,1,,,-73.9264850,40.7601183,2026-01-22 21:56:25.000,_20260122_164816_CH02_DUT_TMO_Playstore 30MB_NJ DUT REF_L1.dml,,,,N41(100)+N41(40),NR SA,429,-75.250000,20.250000,,,,,,,,,,,,,,,,,
486,1,,,-73.9264883,40.7601150,2026-01-22 21:56:26.000,_20260122_164816_CH02_DUT_TMO_Playstore 30MB_NJ DUT REF_L1.dml,,,,N41(100)+N41(40),NR SA,429,-75.200000,20.400000,,,,,,,,,,,,,0.000,,,,
487,1,,,-73.9264917,40.7601133,2026-01-22 21:56:27.000,_20260122_164816_CH02_DUT_TMO_Playstore 30MB_NJ DUT REF_L1.dml,,,,N41(100)+N41(40),NR SA,429,-76.000000,20.750000,,,,,,,,,,,,,0.000,,,,
488,1,,,-73.9264950,40.7601117,2026-01-22 21:56:28.000,_20260122_164816_CH02_DUT_TMO_Playstore 30MB_NJ DUT REF_L1.dml,,,,N41(100)+N41(40),NR SA,429,-77.250000,19.500000,,,,,,,,,,,,,0.000,,,,
489,1,,,-73.9264983,40.7601117,2026-01-22 21:56:29.000,_20260122_164816_CH02_DUT_TMO_Playstore 30MB_NJ DUT REF_L1.dml,,,,N41(100)+N41(40),NR SA,429,-77.000000,18.670000,,,,,,,,,,,,,0.000,,,,
490,1,,,-73.9265033,40.7601100,2026-01-22 21:56:30.000,_20260122_164816_CH02_DUT_TMO_Playstore 30MB_NJ DUT REF_L1.dml,,,,N41(100)+N41(40),NR SA,429,-75.250000,20.000000,,,,,,,,,,,,,0.000,,,,
491,1,,,-73.9265050,40.7601100,2026-01-22 21:56:31.000,_20260122_164816_CH02_DUT_TMO_Playstore 30MB_NJ DUT REF_L1.dml,,,,N41(100)+N41(40),NR SA,429,-75.330000,20.670000,,,,,,,,,,,,,,,,,
492,1,,,-73.9265083,40.7601100,2026-01-22 21:56:32.000,_20260122_164816_CH02_DUT_TMO_Playstore 30MB_NJ DUT REF_L1.dml,,,,N41(x)+N41(x),NR SA,429,-78.330000,16.670000,,,,,,,,,,,,,0.000,,,,
493,1,,,-73.9265100,40.7601100,2026-01-22 21:56:33.000,_20260122_164816_CH02_DUT_TMO_Playstore 30MB_NJ DUT REF_L1.dml,,,,N41(x),NR SA,429,-79.000000,18.000000,,,,,,,,,,,,,,,,,
494,1,,,-73.9265117,40.7601117,2026-01-22 21:56:34.000,_20260122_164816_CH02_DUT_TMO_Playstore 30MB_NJ DUT REF_L1.dml,,,,N41(100),NR SA,429,-76.500000,21.000000,,,,,,,,,,,,,,,,,
495,1,,,-73.9265133,40.7601117,2026-01-22 21:56:35.000,_20260122_164816_CH02_DUT_TMO_Playstore 30MB_NJ DUT REF_L1.dml,,,,N41(100)+N41(40),NR SA,429,-75.840000,20.730000,,,,,,,,,,,,,0.128,,,,
496,1,,,-73.9265133,40.7601133,2026-01-22 21:56:36.000,_20260122_164816_CH02_DUT_TMO_Playstore 30MB_NJ DUT REF_L1.dml,,,,N41(100)+N41(40),NR SA,429,-75.570000,19.260000,,,,,,,,,,,,,0.688,,,,
497,1,,,-73.9265150,40.7601133,2026-01-22 21:56:37.000,_20260122_164816_CH02_DUT_TMO_Playstore 30MB_NJ DUT REF_L1.dml,,,,N41(100)+N41(40),NR SA,429,-74.860000,21.040000,,,,,,,,,,,,,1.240,,,,
498,1,,,-73.9265117,40.7601067,2026-01-22 21:56:38.000,_20260122_164816_CH02_DUT_TMO_Playstore 30MB_NJ DUT REF_L1.dml,,,,N41(100)+N41(40),NR SA,429,-74.400000,20.040000,,,,,,,,,,,,,1.392,,,,
499,1,,,-73.9265117,40.7601067,2026-01-22 21:56:39.000,_20260122_164816_CH02_DUT_TMO_Playstore 30MB_NJ DUT REF_L1.dml,,,,N41(100)+N41(40),NR SA,429,-74.220000,20.470000,,,,,,,,,,,,,1.960,,,,
500,1,,,-73.9265033,40.7601000,2026-01-22 21:56:40.000,_20260122_164816_CH02_DUT_TMO_Playstore 30MB_NJ DUT REF_L1.dml,,,,N41(100)+N41(40),NR SA,429,-72.860000,21.820000,,,,,,,,,,,,,,,,,
501,1,,,-73.9265033,40.7601000,2026-01-22 21:56:41.000,_20260122_164816_CH02_DUT_TMO_Playstore 30MB_NJ DUT REF_L1.dml,,,,N41(100)+N41(40),NR SA,429,-72.750000,21.750000,,,,,,,,,,,,,1.480,,,,
502,1,,,-73.9265033,40.7601000,2026-01-22 21:56:42.000,_20260122_164816_CH02_DUT_TMO_Playstore 30MB_NJ DUT REF_L1.dml,,,,N41(50)+N71(15),NR SA,429,-72.840000,21.950000,,,,,,,,,,,,,0.000,,,,
503,1,,,-73.9264983,40.7600983,2026-01-22 21:56:43.000,_20260122_164816_CH02_DUT_TMO_Playstore 30MB_NJ DUT REF_L1.dml,,,,N41(50)+N71(15),NR SA,429,-74.030000,19.400000,,,,,,,,,,,,,,,,,
504,1,,,-73.9264917,40.7600950,2026-01-22 21:56:44.000,_20260122_164816_CH02_DUT_TMO_Playstore 30MB_NJ DUT REF_L1.dml,,,,N41(50)+N71(15),NR SA,429,-75.810000,19.240000,,,,,,,,,,,,,0.052,,,,
505,1,,,-73.9264867,40.7600950,2026-01-22 21:56:45.000,_20260122_164816_CH02_DUT_TMO_Playstore 30MB_NJ DUT REF_L1.dml,,,,N41(50)+N71(15),NR SA,429,-75.820000,18.940000,,,,,,,,,,,,,,,,,
506,1,,,-73.9264817,40.7600933,2026-01-22 21:56:46.000,_20260122_164816_CH02_DUT_TMO_Playstore 30MB_NJ DUT REF_L1.dml,,,,N41(50)+N71(15),NR SA,429,-73.820000,19.090000,,,,,,,,,,,,,0.048,,,,
507,1,,,-73.9264800,40.7600917,2026-01-22 21:56:47.000,_20260122_164816_CH02_DUT_TMO_Playstore 30MB_NJ DUT REF_L1.dml,,,,N41(50)+N71(15),NR SA,429,-74.770000,18.380000,,,,,,,,,,,,,0.000,,,,
508,1,,,-73.9264783,40.7600917,2026-01-22 21:56:48.000,_20260122_164816_CH02_DUT_TMO_Playstore 30MB_NJ DUT REF_L1.dml,,,,N41(50)+N71(15),NR SA,429,-74.600000,18.500000,,,,,,,,,,,,,0.000,,,,
509,1,,,-73.9264783,40.7600917,2026-01-22 21:56:49.000,_20260122_164816_CH02_DUT_TMO_Playstore 30MB_NJ DUT REF_L1.dml,,,,N41(50)+N71(15),NR SA,429,-73.620000,19.760000,,,,,,,,,,,,,0.000,,,,
510,1,,,-73.9264767,40.7600917,2026-01-22 21:56:50.000,_20260122_164816_CH02_DUT_TMO_Playstore 30MB_NJ DUT REF_L1.dml,,,,N41(100)+N25(15),NR SA,429,-72.270000,20.240000,,,,,,,,,,,,,0.024,,,,
511,1,,,-73.9264767,40.7600933,2026-01-22 21:56:51.000,_20260122_164816_CH02_DUT_TMO_Playstore 30MB_NJ DUT REF_L1.dml,,,,N41(100)+N25(15),NR SA,429,-75.000000,20.440000,,,,,,,,,,,,,,,,,
512,1,,,-73.9264767,40.7600950,2026-01-22 21:56:52.000,_20260122_164816_CH02_DUT_TMO_Playstore 30MB_NJ DUT REF_L1.dml,,,,N41(100)+N25(15),NR SA,429,-75.890000,19.110000,,,,,,,,,,,,,0.000,,,,
513,1,,,-73.9264767,40.7600967,2026-01-22 21:56:53.000,_20260122_164816_CH02_DUT_TMO_Playstore 30MB_NJ DUT REF_L1.dml,,,,N41(100)+N25(15),NR SA,429,-77.670000,17.000000,,,,,,,,,,,,,0.000,,,,
514,1,,,-73.9264783,40.7600967,2026-01-22 21:56:54.000,_20260122_164816_CH02_DUT_TMO_Playstore 30MB_NJ DUT REF_L1.dml,,,,N41(100)+N25(15),NR SA,429,-77.250000,17.250000,,,,,,,,,,,,,0.000,,,,
515,1,,,-73.9264783,40.7600967,2026-01-22 21:56:55.000,_20260122_164816_CH02_DUT_TMO_Playstore 30MB_NJ DUT REF_L1.dml,,,,N41(100)+N25(15),NR SA,429,-77.290000,17.860000,,,,,,,,,,,,,0.000,,,,
516,1,,,-73.9264783,40.7600967,2026-01-22 21:56:56.000,_20260122_164816_CH02_DUT_TMO_Playstore 30MB_NJ DUT REF_L1.dml,,,,N41(100)+N25(15),NR SA,429,-77.000000,19.000000,,,,,,,,,,,,,0.000,,,,
517,1,,,-73.9264783,40.7600967,2026-01-22 21:56:57.000,_20260122_164816_CH02_DUT_TMO_Playstore 30MB_NJ DUT REF_L1.dml,,,,N41(100)+N25(15),NR SA,429,-74.480000,22.420000,,,,,,,,,,,,,0.008,,,,
518,1,,,-73.9264783,40.7600967,2026-01-22 21:56:58.000,_20260122_164816_CH02_DUT_TMO_Playstore 30MB_NJ DUT REF_L1.dml,,,,N41(100)+N25(15),NR SA,429,-74.690000,21.900000,,,,,,,,,,,,,,,,,
519,1,,,-73.9264900,40.7601000,2026-01-22 21:56:59.000,_20260122_164816_CH02_DUT_TMO_Playstore 30MB_NJ DUT REF_L1.dml,,,,N41(100)+N25(15),NR SA,429,-74.620000,23.250000,,,,,,,,,,,,,0.000,,,,
520,1,,,-73.9264950,40.7601017,2026-01-22 21:57:00.000,_20260122_164816_CH02_DUT_TMO_Playstore 30MB_NJ DUT REF_L1.dml,,,,N41(100)+N25(15),NR SA,429,-77.250000,19.420000,,,,,,,,,,,,,0.000,,,,
521,1,,,-73.9264983,40.7601017,2026-01-22 21:57:01.000,_20260122_164816_CH02_DUT_TMO_Playstore 30MB_NJ DUT REF_L1.dml,,,,N41(100)+N71(x),NR SA,429,-78.500000,18.830000,,,,,,,,,,,,,,,,,
522,1,,,-73.9265033,40.7601050,2026-01-22 21:57:02.000,_20260122_164816_CH02_DUT_TMO_Playstore 30MB_NJ DUT REF_L1.dml,,,,N41(100)+N71(15),NR SA,429,-77.970000,19.320000,,,,,,,,,,,,,,,,,
523,1,,,-73.9265083,40.7601050,2026-01-22 21:57:03.000,_20260122_164816_CH02_DUT_TMO_Playstore 30MB_NJ DUT REF_L1.dml,,,,N41(100)+N71(15),NR SA,429,-78.440000,19.890000,,,,,,,,,,,,,0.024,,,,
524,1,,,-73.9265150,40.7601067,2026-01-22 21:57:04.000,_20260122_164816_CH02_DUT_TMO_Playstore 30MB_NJ DUT REF_L1.dml,,,,N41(100)+N71(15),NR SA,429,-76.430000,21.600000,,,,,,,,,,,,,0.240,,,,
525,1,,,-73.9265217,40.7601067,2026-01-22 21:57:05.000,_20260122_164816_CH02_DUT_TMO_Playstore 30MB_NJ DUT REF_L1.dml,,,,N41(100)+N71(15),NR SA,429,-75.190000,21.650000,,,,,,,,,,,,,0.160,,,,
526,1,,,-73.9265283,40.7601067,2026-01-22 21:57:06.000,_20260122_164816_CH02_DUT_TMO_Playstore 30MB_NJ DUT REF_L1.dml,,,,N41(100)+N71(15),NR SA,429,-75.320000,21.160000,,,,,,,,,,,,,0.936,,,,
527,1,,,-73.9265350,40.7601067,2026-01-22 21:57:07.000,_20260122_164816_CH02_DUT_TMO_Playstore 30MB_NJ DUT REF_L1.dml,,,,N41(100)+N71(15),NR SA,429,-75.430000,21.500000,,,,,,,,,,,,,0.872,,,,
528,1,,,-73.9265400,40.7601050,2026-01-22 21:57:08.000,_20260122_164816_CH02_DUT_TMO_Playstore 30MB_NJ DUT REF_L1.dml,,,,N41(100)+N71(15),NR SA,429,-76.790000,18.680000,,,,,,,,,,,,,0.520,,,,
529,1,,,-73.9265433,40.7601050,2026-01-22 21:57:09.000,_20260122_164816_CH02_DUT_TMO_Playstore 30MB_NJ DUT REF_L1.dml,,,,N41(100)+N71(15),NR SA,429,-76.160000,19.450000,,,,,,,,,,,,,0.680,,,,
530,1,,,-73.9265450,40.7601033,2026-01-22 21:57:10.000,_20260122_164816_CH02_DUT_TMO_Playstore 30MB_NJ DUT REF_L1.dml,,,,N41(100)+N71(15),NR SA,429,-76.000000,20.040000,,,,,,,,,,,,,0.480,,,,
531,1,,,-73.9265417,40.7601033,2026-01-22 21:57:11.000,_20260122_164816_CH02_DUT_TMO_Playstore 30MB_NJ DUT REF_L1.dml,,,,N41(100)+N71(15),NR SA,429,-76.920000,18.460000,,,,,,,,,,,,,0.560,,,,
532,1,,,-73.9265417,40.7601033,2026-01-22 21:57:12.000,_20260122_164816_CH02_DUT_TMO_Playstore 30MB_NJ DUT REF_L1.dml,,,,N41(100)+N71(15),NR SA,429,-77.940000,18.940000,,,,,,,,,,,,,,,,,
533,1,,,-73.9265383,40.7601033,2026-01-22 21:57:13.000,_20260122_164816_CH02_DUT_TMO_Playstore 30MB_NJ DUT REF_L1.dml,,,,N41(100)+N71(15),NR SA,429,-75.920000,20.170000,,,,,,,,,,,,,1.072,,,,
534,1,,,-73.9265367,40.7601033,2026-01-22 21:57:14.000,_20260122_164816_CH02_DUT_TMO_Playstore 30MB_NJ DUT REF_L1.dml,,,,N41(100)+N71(15),NR SA,429,-76.090000,20.440000,,,,,,,,,,,,,1.376,,,,
535,1,,,-73.9265350,40.7601017,2026-01-22 21:57:15.000,_20260122_164816_CH02_DUT_TMO_Playstore 30MB_NJ DUT REF_L1.dml,,,,N41(100)+N71(15),NR SA,429,-76.090000,20.450000,,,,,,,,,,,,,0.928,,,,
536,1,,,-73.9265350,40.7601017,2026-01-22 21:57:16.000,_20260122_164816_CH02_DUT_TMO_Playstore 30MB_NJ DUT REF_L1.dml,,,,N41(100)+N71(15),NR SA,429,-76.220000,18.720000,,,,,,,,,,,,,0.184,,,,
537,1,,,-73.9265350,40.7601017,2026-01-22 21:57:17.000,_20260122_164816_CH02_DUT_TMO_Playstore 30MB_NJ DUT REF_L1.dml,,,,N41(100)+N71(15),NR SA,429,-75.730000,19.390000,,,,,,,,,,,,,0.112,,,,
538,1,,,-73.9265367,40.7601017,2026-01-22 21:57:18.000,_20260122_164816_CH02_DUT_TMO_Playstore 30MB_NJ DUT REF_L1.dml,,,,N41(100)+N71(15),NR SA,429,-77.250000,16.750000,,,,,,,,,,,,,0.000,,,,
539,1,,,-73.9265367,40.7601017,2026-01-22 21:57:19.000,_20260122_164816_CH02_DUT_TMO_Playstore 30MB_NJ DUT REF_L1.dml,,,,N41(100)+N71(15),NR SA,429,-77.160000,17.370000,,,,,,,,,,,,,0.136,,,,
540,1,,,-73.9265367,40.7601017,2026-01-22 21:57:20.000,_20260122_164816_CH02_DUT_TMO_Playstore 30MB_NJ DUT REF_L1.dml,,,,N41(100)+N71(15),NR SA,429,-74.700000,19.500000,,,,,,,,,,,,,,,,,
541,1,,,-73.9265367,40.7601017,2026-01-22 21:57:21.000,_20260122_164816_CH02_DUT_TMO_Playstore 30MB_NJ DUT REF_L1.dml,,,,N41(100)+N71(15),NR SA,429,-73.000000,23.330000,,,,,,,,,,,,,0.024,,,,
542,1,,,-73.9265367,40.7601017,2026-01-22 21:57:22.000,_20260122_164816_CH02_DUT_TMO_Playstore 30MB_NJ DUT REF_L1.dml,,,,N41(100)+N71(15),NR SA,429,-76.080000,20.620000,,,,,,,,,,,,,0.000,,,,
543,1,,,-73.9265367,40.7601017,2026-01-22 21:57:23.000,_20260122_164816_CH02_DUT_TMO_Playstore 30MB_NJ DUT REF_L1.dml,,,,N41(100)+N71(15),NR SA,429,-78.220000,16.380000,,,,,,,,,,,,,0.008,,,,
544,1,,,-73.9265467,40.7601067,2026-01-22 21:57:24.000,_20260122_164816_CH02_DUT_TMO_Playstore 30MB_NJ DUT REF_L1.dml,,,,N41(100)+N71(15),NR SA,429,-78.160000,16.350000,,,,,,,,,,,,,,,,,
