{
  "headers": [
    "Device",
    "Run1",
    "Run2",
    "Run3",
    "Run4",
    "Run5",
    "Average"
  ],
  "rows": [
    {
      "Device": "Power Class 2",
      "Run1": 2.342821871654297,
      "Run2": 2.1036217527779484,
      "Run3": 2.322586764706155,
      "Run4": 2.332917281611617,
      "Run5": 2.31477228189511,
      "Average": 2.2833439905290254
    },
    {
      "Device": "Power Class 3",
      "Run1": 2.3943024122689365,
      "Run2": 2.2744383169651914,
      "Run3": 1.9821709000283196,
      "Run4": 2.3818354902903476,
      "Run5": 2.3340062233110705,
      "Average": 2.2733506685727733
    }
  ]
}
