2026-02-09 22:17:39,590 - pipeline - INFO - Project: #Dry Run
2026-02-09 22:17:39,591 - pipeline - INFO - Market: New York
2026-02-09 22:17:39,591 - pipeline - INFO - Reading from: D:/ReportGenerator/Raw Data\#Dry Run\New York
2026-02-09 22:17:39,591 - pipeline - INFO - Writing to: D:/ReportGenerator/python_scripts/Analyze Summary\#Dry Run\New York
2026-02-09 22:17:39,592 - pipeline - INFO - Starting analysis pipeline...
2026-02-09 22:17:39,598 - pipeline - INFO - Processing 246 individual CSV files...
2026-02-09 22:17:39,643 - pipeline - INFO - Analyzing MRAB Performance for: D:/ReportGenerator/Raw Data\#Dry Run\New York\Data Performance/5G AUTO DP\5G VoNR MRAB Stationary\_20260203_125220_CH01_NYC TMO_5G Auto_5G DP 5G MRAB_NYC L1 DUT_.csv
2026-02-09 22:17:39,660 - pipeline - INFO - Analyzing MRAB Performance for: D:/ReportGenerator/Raw Data\#Dry Run\New York\Data Performance/5G AUTO DP\5G VoNR MRAB Stationary\_20260203_125220_CH02_NYC TMO_5G Auto_5G DP 5G MRAB_NYC L1 REF_.csv
2026-02-09 22:17:43,080 - pipeline - INFO - Processing directory-level analyses...
2026-02-09 22:17:43,080 - pipeline - INFO - Analyzing Coverage directory: D:/ReportGenerator/Raw Data\#Dry Run\New York\Coverage Performance (Type: coverage_coordinate)
2026-02-09 22:17:43,081 - pipeline - INFO - Analyzing Coverage directory: D:/ReportGenerator/Raw Data\#Dry Run\New York\Coverage Performance/5G n41 HPUE Coverage Test (Type: n41_coverage)
2026-02-09 22:17:43,113 - pipeline - INFO - Analyzing Coverage directory: D:/ReportGenerator/Raw Data\#Dry Run\New York\Coverage Performance/5G VoNR Coverage Test (Type: vonr_coverage_performance)
2026-02-09 22:17:43,755 - pipeline - INFO - Analyzing Coverage directory: D:/ReportGenerator/Raw Data\#Dry Run\New York\Coverage Performance/LTE Coverage Test (Type: vonr_coverage_performance)
2026-02-09 22:17:44,112 - pipeline - INFO - Analyzing Google Throughput directory: D:/ReportGenerator/Raw Data\#Dry Run\New York\Data Performance/5G AUTO DP/5G Auto Data Play-store app Download
2026-02-09 22:17:44,113 - pipeline - INFO - Processing Play Store file: _20260122_162123_CH01_REF_TMO_Playstore APP-100MB_NJ_L1.csv (Size: 100M, Device: REF, Location: Good)
2026-02-09 22:17:44,123 - pipeline - INFO - Successfully analyzed _20260122_162123_CH01_REF_TMO_Playstore APP-100MB_NJ_L1.csv: 201.80939047619046
2026-02-09 22:17:44,123 - pipeline - INFO - Processing Play Store file: _20260122_162123_CH02_DUT_TMO_Playstore APP-100MB_NJ_L1.csv (Size: 100M, Device: DUT, Location: Good)
2026-02-09 22:17:44,132 - pipeline - INFO - Successfully analyzed _20260122_162123_CH02_DUT_TMO_Playstore APP-100MB_NJ_L1.csv: 106.65787198912199
2026-02-09 22:17:44,133 - pipeline - INFO - Processing Play Store file: _20260122_163503_CH01_REF_TMO_Playstore 60MB_NJ_L1.csv (Size: 60M, Device: REF, Location: Good)
2026-02-09 22:17:44,143 - pipeline - INFO - Successfully analyzed _20260122_163503_CH01_REF_TMO_Playstore 60MB_NJ_L1.csv: 151.11654
2026-02-09 22:17:44,143 - pipeline - INFO - Processing Play Store file: _20260122_163503_CH02_DUT_TMO_Playstore 60MB_NJ_L1.csv (Size: 60M, Device: DUT, Location: Good)
2026-02-09 22:17:44,152 - pipeline - INFO - Successfully analyzed _20260122_163503_CH02_DUT_TMO_Playstore 60MB_NJ_L1.csv: 154.40230444444444
2026-02-09 22:17:44,152 - pipeline - INFO - Processing Play Store file: _20260122_164816_CH01_REF_TMO_Playstore 30MB_NJ_L1.csv (Size: 30M, Device: REF, Location: Good)
2026-02-09 22:17:44,160 - pipeline - INFO - Successfully analyzed _20260122_164816_CH01_REF_TMO_Playstore 30MB_NJ_L1.csv: 183.348031292517
2026-02-09 22:17:44,161 - pipeline - INFO - Processing Play Store file: _20260122_164816_CH02_DUT_TMO_Playstore 30MB_NJ_L1.csv (Size: 30M, Device: DUT, Location: Good)
2026-02-09 22:17:44,169 - pipeline - INFO - Successfully analyzed _20260122_164816_CH02_DUT_TMO_Playstore 30MB_NJ_L1.csv: 117.78983869911602
2026-02-09 22:17:44,170 - pipeline - INFO - Processing Play Store file: _20260203_141400_CH01_NYC TMO_5G Auto_5G DP Play Store 60M _NYC L1 DUT_.csv (Size: 60M, Device: DUT, Location: Good)
2026-02-09 22:17:44,178 - pipeline - INFO - Successfully analyzed _20260203_141400_CH01_NYC TMO_5G Auto_5G DP Play Store 60M _NYC L1 DUT_.csv: 140.6186
2026-02-09 22:17:44,178 - pipeline - INFO - Processing Play Store file: _20260203_141400_CH02_NYC TMO_5G Auto_5G DP Play Store 60M _NYC L1 REF_.csv (Size: 60M, Device: REF, Location: Good)
2026-02-09 22:17:44,184 - pipeline - INFO - Successfully analyzed _20260203_141400_CH02_NYC TMO_5G Auto_5G DP Play Store 60M _NYC L1 REF_.csv: 238.354
2026-02-09 22:17:44,185 - pipeline - INFO - Processing Play Store file: _20260203_141528_CH01_NYC TMO_5G Auto_5G DP Play Store 30M _NYC L1 DUT_.csv (Size: 30M, Device: DUT, Location: Good)
2026-02-09 22:17:44,191 - pipeline - INFO - Successfully analyzed _20260203_141528_CH01_NYC TMO_5G Auto_5G DP Play Store 30M _NYC L1 DUT_.csv: 78.27300000000001
2026-02-09 22:17:44,192 - pipeline - INFO - Processing Play Store file: _20260203_141528_CH02_NYC TMO_5G Auto_5G DP Play Store 30M _NYC L1 REF_.csv (Size: 30M, Device: REF, Location: Good)
2026-02-09 22:17:44,199 - pipeline - INFO - Successfully analyzed _20260203_141528_CH02_NYC TMO_5G Auto_5G DP Play Store 30M _NYC L1 REF_.csv: 75.78566666666667
2026-02-09 22:17:44,199 - pipeline - INFO - Processing Play Store file: _20260203_141714_CH01_NYC TMO_5G Auto_5G DP Play Store 100M _NYC L1 DUT_.csv (Size: 100M, Device: DUT, Location: Good)
2026-02-09 22:17:44,207 - pipeline - INFO - Successfully analyzed _20260203_141714_CH01_NYC TMO_5G Auto_5G DP Play Store 100M _NYC L1 DUT_.csv: 262.726
2026-02-09 22:17:44,207 - pipeline - INFO - Processing Play Store file: _20260203_141714_CH02_NYC TMO_5G Auto_5G DP Play Store 100M _NYC L1 REF_.csv (Size: 100M, Device: REF, Location: Good)
2026-02-09 22:17:44,213 - pipeline - INFO - Successfully analyzed _20260203_141714_CH02_NYC TMO_5G Auto_5G DP Play Store 100M _NYC L1 REF_.csv: 263.202
2026-02-09 22:17:44,214 - pipeline - INFO - Processing Play Store file: _20260123_142447_CH01_REF_TMO_Play Store 100 MB_NJ_L2.csv (Size: 100M, Device: REF, Location: Moderate)
2026-02-09 22:17:44,221 - pipeline - INFO - Successfully analyzed _20260123_142447_CH01_REF_TMO_Play Store 100 MB_NJ_L2.csv: 199.38622564102565
2026-02-09 22:17:44,221 - pipeline - INFO - Processing Play Store file: _20260123_142447_CH02_DUT_TMO_Play Store 100 MB_NJ_L2.csv (Size: 100M, Device: DUT, Location: Moderate)
2026-02-09 22:17:44,228 - pipeline - INFO - Successfully analyzed _20260123_142447_CH02_DUT_TMO_Play Store 100 MB_NJ_L2.csv: 130.38925768359607
2026-02-09 22:17:44,228 - pipeline - INFO - Processing Play Store file: _20260123_143839_CH01_REF_TMO_Play Store 60 MB_NJ_L2.csv (Size: 60M, Device: REF, Location: Moderate)
2026-02-09 22:17:44,234 - pipeline - INFO - Successfully analyzed _20260123_143839_CH01_REF_TMO_Play Store 60 MB_NJ_L2.csv: 134.55456031746033
2026-02-09 22:17:44,234 - pipeline - INFO - Processing Play Store file: _20260123_143839_CH02_DUT_TMO_Play Store 60 MB_NJ_L2.csv (Size: 60M, Device: DUT, Location: Moderate)
2026-02-09 22:17:44,240 - pipeline - INFO - Successfully analyzed _20260123_143839_CH02_DUT_TMO_Play Store 60 MB_NJ_L2.csv: 144.7251455782313
2026-02-09 22:17:44,240 - pipeline - INFO - Processing Play Store file: _20260123_144448_CH01_REF_TMO_Play Store 30 MB_NJ_L2.csv (Size: 30M, Device: REF, Location: Moderate)
2026-02-09 22:17:44,246 - pipeline - INFO - Successfully analyzed _20260123_144448_CH01_REF_TMO_Play Store 30 MB_NJ_L2.csv: 74.65798181818182
2026-02-09 22:17:44,247 - pipeline - INFO - Processing Play Store file: _20260123_144448_CH02_DUT_TMO_Play Store 30 MB_NJ_L2.csv (Size: 30M, Device: DUT, Location: Moderate)
2026-02-09 22:17:44,252 - pipeline - INFO - Successfully analyzed _20260123_144448_CH02_DUT_TMO_Play Store 30 MB_NJ_L2.csv: 63.67727272727273
2026-02-09 22:17:44,253 - pipeline - INFO - Processing Play Store file: _20260202_204910_CH01_NJNYC TMO_5G AUTO_PLAY STORE 30MB_L2 REF_.csv (Size: 30M, Device: REF, Location: Moderate)
2026-02-09 22:17:44,260 - pipeline - INFO - Successfully analyzed _20260202_204910_CH01_NJNYC TMO_5G AUTO_PLAY STORE 30MB_L2 REF_.csv: 196.85621014492753
2026-02-09 22:17:44,260 - pipeline - INFO - Processing Play Store file: _20260202_204910_CH02_NJNYC TMO_5G AUTO_PLAY STORE 30MB_L2 DUT_.csv (Size: 30M, Device: DUT, Location: Moderate)
2026-02-09 22:17:44,268 - pipeline - INFO - Successfully analyzed _20260202_204910_CH02_NJNYC TMO_5G AUTO_PLAY STORE 30MB_L2 DUT_.csv: 119.37199855072464
2026-02-09 22:17:44,268 - pipeline - INFO - Processing Play Store file: _20260202_212127_CH01_NJNYC TMO_5G AUTO_PLAY STORE 60MB_L2 REF_.csv (Size: 60M, Device: REF, Location: Moderate)
2026-02-09 22:17:44,275 - pipeline - INFO - Successfully analyzed _20260202_212127_CH01_NJNYC TMO_5G AUTO_PLAY STORE 60MB_L2 REF_.csv: 176.1300491883117
2026-02-09 22:17:44,275 - pipeline - INFO - Processing Play Store file: _20260202_212127_CH02_NJNYC TMO_5G AUTO_PLAY STORE 60MB_L2 DUT_.csv (Size: 60M, Device: DUT, Location: Moderate)
2026-02-09 22:17:44,283 - pipeline - INFO - Successfully analyzed _20260202_212127_CH02_NJNYC TMO_5G AUTO_PLAY STORE 60MB_L2 DUT_.csv: 117.79193697916666
2026-02-09 22:17:44,283 - pipeline - INFO - Processing Play Store file: _20260202_212648_CH01_NJNYC TMO_5G AUTO_PLAY STORE 100MB_L2 REF_.csv (Size: 100M, Device: REF, Location: Moderate)
2026-02-09 22:17:44,290 - pipeline - INFO - Successfully analyzed _20260202_212648_CH01_NJNYC TMO_5G AUTO_PLAY STORE 100MB_L2 REF_.csv: 149.105912676733
2026-02-09 22:17:44,291 - pipeline - INFO - Processing Play Store file: _20260202_212648_CH02_NJNYC TMO_5G AUTO_PLAY STORE 100MB_L2 DUT_.csv (Size: 100M, Device: DUT, Location: Moderate)
2026-02-09 22:17:44,299 - pipeline - INFO - Successfully analyzed _20260202_212648_CH02_NJNYC TMO_5G AUTO_PLAY STORE 100MB_L2 DUT_.csv: 104.78977219980874
2026-02-09 22:17:44,300 - pipeline - INFO - Processing Play Store file: _20260124_194023_CH01_REF_TMO-AUTO_Playstore 100MB Downlink_NJ_L3.csv (Size: 100M, Device: REF, Location: Poor)
2026-02-09 22:17:44,307 - pipeline - INFO - Successfully analyzed _20260124_194023_CH01_REF_TMO-AUTO_Playstore 100MB Downlink_NJ_L3.csv: 49.54232289238539
2026-02-09 22:17:44,307 - pipeline - INFO - Processing Play Store file: _20260124_194023_CH02_DUT_TMO-AUTO_Playstore 100MB Downlink_NJ_L3.csv (Size: 100M, Device: DUT, Location: Poor)
2026-02-09 22:17:44,314 - pipeline - INFO - Successfully analyzed _20260124_194023_CH02_DUT_TMO-AUTO_Playstore 100MB Downlink_NJ_L3.csv: 83.81849905911082
2026-02-09 22:17:44,314 - pipeline - INFO - Processing Play Store file: _20260124_200014_CH01_REF_TMO-AUTO_Playstore 60MB Downlink_NJ_L3.csv (Size: 60M, Device: REF, Location: Poor)
2026-02-09 22:17:44,324 - pipeline - INFO - Successfully analyzed _20260124_200014_CH01_REF_TMO-AUTO_Playstore 60MB Downlink_NJ_L3.csv: 58.24894230560767
2026-02-09 22:17:44,324 - pipeline - INFO - Processing Play Store file: _20260124_200014_CH02_DUT_TMO-AUTO_Playstore 60MB Downlink_NJ_L3.csv (Size: 60M, Device: DUT, Location: Poor)
2026-02-09 22:17:44,333 - pipeline - INFO - Successfully analyzed _20260124_200014_CH02_DUT_TMO-AUTO_Playstore 60MB Downlink_NJ_L3.csv: 65.55823299416632
2026-02-09 22:17:44,334 - pipeline - INFO - Processing Play Store file: _20260124_201137_CH01_REF_TMO-AUTO_Playstore 30MB Downlink_NJ_L3.csv (Size: 30M, Device: REF, Location: Poor)
2026-02-09 22:17:44,343 - pipeline - INFO - Successfully analyzed _20260124_201137_CH01_REF_TMO-AUTO_Playstore 30MB Downlink_NJ_L3.csv: 51.13884175824176
2026-02-09 22:17:44,343 - pipeline - INFO - Processing Play Store file: _20260124_201137_CH02_DUT_TMO-AUTO_Playstore 30MB Downlink_NJ_L3.csv (Size: 30M, Device: DUT, Location: Poor)
2026-02-09 22:17:44,353 - pipeline - INFO - Successfully analyzed _20260124_201137_CH02_DUT_TMO-AUTO_Playstore 30MB Downlink_NJ_L3.csv: 51.62678260869565
2026-02-09 22:17:44,353 - pipeline - INFO - Processing Play Store file: _20260203_180004_CH01_NJNYC TMO_5G AUTO_Playstore 30MB_L3 REF_.csv (Size: 30M, Device: REF, Location: Poor)
2026-02-09 22:17:44,366 - pipeline - INFO - Successfully analyzed _20260203_180004_CH01_NJNYC TMO_5G AUTO_Playstore 30MB_L3 REF_.csv: 124.50955311355311
2026-02-09 22:17:44,367 - pipeline - INFO - Processing Play Store file: _20260203_180004_CH02_NJNYC TMO_5G AUTO_Playstore 30MB_L3 DUT_.csv (Size: 30M, Device: DUT, Location: Poor)
2026-02-09 22:17:44,379 - pipeline - INFO - Successfully analyzed _20260203_180004_CH02_NJNYC TMO_5G AUTO_Playstore 30MB_L3 DUT_.csv: 89.59927121212121
2026-02-09 22:17:44,379 - pipeline - INFO - Processing Play Store file: _20260203_180549_CH01_NJNYC TMO_5G AUTO_Playstore 60MB_L3 REF_.csv (Size: 60M, Device: REF, Location: Poor)
2026-02-09 22:17:44,387 - pipeline - INFO - Successfully analyzed _20260203_180549_CH01_NJNYC TMO_5G AUTO_Playstore 60MB_L3 REF_.csv: 141.11671079545454
2026-02-09 22:17:44,387 - pipeline - INFO - Processing Play Store file: _20260203_180549_CH02_NJNYC TMO_5G AUTO_Playstore 60MB_L3 DUT_.csv (Size: 60M, Device: DUT, Location: Poor)
2026-02-09 22:17:44,395 - pipeline - INFO - Successfully analyzed _20260203_180549_CH02_NJNYC TMO_5G AUTO_Playstore 60MB_L3 DUT_.csv: 99.62210783279221
2026-02-09 22:17:44,396 - pipeline - INFO - Processing Play Store file: _20260203_181036_CH01_NJNYC TMO_5G AUTO_Playstore 100MB_L3 REF_.csv (Size: 100M, Device: REF, Location: Poor)
2026-02-09 22:17:44,406 - pipeline - INFO - Successfully analyzed _20260203_181036_CH01_NJNYC TMO_5G AUTO_Playstore 100MB_L3 REF_.csv: 251.54180277777778
2026-02-09 22:17:44,407 - pipeline - INFO - Processing Play Store file: _20260203_181036_CH02_NJNYC TMO_5G AUTO_Playstore 100MB_L3 DUT_.csv (Size: 100M, Device: DUT, Location: Poor)
2026-02-09 22:17:44,414 - pipeline - INFO - Successfully analyzed _20260203_181036_CH02_NJNYC TMO_5G AUTO_Playstore 100MB_L3 DUT_.csv: 72.53284699869847
2026-02-09 22:17:44,414 - pipeline - INFO - Google Throughput analysis directory processing complete. Results found: True
2026-02-09 22:17:44,415 - pipeline - INFO - Analyzing MHS Drive directory: D:/ReportGenerator/Raw Data\#Dry Run\New York\Data Performance/5G AUTO DP/Mobility Test/5G Auto Data Test MHS Drive
2026-02-09 22:17:44,415 - pipeline - INFO - Analyzing MHS Drive directory: D:/ReportGenerator/Raw Data\#Dry Run\New York\Data Performance/5G AUTO DP/Mobility Test/5G Auto Data Test Drive
2026-02-09 22:17:46,167 - pipeline - INFO - Analyzing MHS Drive directory: D:/ReportGenerator/Raw Data\#Dry Run\New York\Data Performance/5G NSA DP/Mobility Test
2026-02-09 22:17:47,933 - pipeline - INFO - Running post-processing (VqLineChart, Coverage extraction)...
2026-02-09 22:17:48,030 - pipeline - INFO - Data Performance results exported to D:/ReportGenerator/python_scripts/Analyze Summary\#Dry Run\New York\data_performance_results.json
2026-02-09 22:17:48,035 - pipeline - INFO - Coverage Performance results exported to D:/ReportGenerator/python_scripts/Analyze Summary\#Dry Run\New York\coverage_performance_results.json
2026-02-09 22:17:48,036 - pipeline - INFO - Processing summary exported to D:/ReportGenerator/python_scripts/Analyze Summary\#Dry Run\New York\processing_summary.json
2026-02-09 22:17:48,036 - pipeline - INFO - Running final data validation...
2026-02-09 22:17:48,058 - pipeline - INFO - No empty collections found in any JSON file.
2026-02-09 22:17:48,058 - pipeline - INFO - Pipeline execution completed. Results in: D:/ReportGenerator/python_scripts/Analyze Summary\#Dry Run\New York
2026-02-09 22:17:48,063 - pipeline - INFO - Project: #Dry Run
2026-02-09 22:17:48,063 - pipeline - INFO - Project: #Dry Run
2026-02-09 22:17:48,063 - pipeline - INFO - Market: Seattle
2026-02-09 22:17:48,063 - pipeline - INFO - Market: Seattle
2026-02-09 22:17:48,064 - pipeline - INFO - Reading from: D:/ReportGenerator/Raw Data\#Dry Run\Seattle
2026-02-09 22:17:48,064 - pipeline - INFO - Reading from: D:/ReportGenerator/Raw Data\#Dry Run\Seattle
2026-02-09 22:17:48,064 - pipeline - INFO - Writing to: D:/ReportGenerator/python_scripts/Analyze Summary\#Dry Run\Seattle
2026-02-09 22:17:48,064 - pipeline - INFO - Writing to: D:/ReportGenerator/python_scripts/Analyze Summary\#Dry Run\Seattle
2026-02-09 22:17:48,065 - pipeline - INFO - Starting analysis pipeline...
2026-02-09 22:17:48,065 - pipeline - INFO - Starting analysis pipeline...
2026-02-09 22:17:48,072 - pipeline - INFO - Processing 171 individual CSV files...
2026-02-09 22:17:48,072 - pipeline - INFO - Processing 171 individual CSV files...
2026-02-09 22:17:48,073 - pipeline - INFO - Analyzing MRAB Performance for: D:/ReportGenerator/Raw Data\#Dry Run\Seattle\Data Performance/5G AUTO DP\5G VoNR MRAB Stationary\_20260205_140657_CH01_TMO_5G DP_VoNR MRAB Stationary_L1 DUT_SEA.csv
2026-02-09 22:17:48,073 - pipeline - INFO - Analyzing MRAB Performance for: D:/ReportGenerator/Raw Data\#Dry Run\Seattle\Data Performance/5G AUTO DP\5G VoNR MRAB Stationary\_20260205_140657_CH01_TMO_5G DP_VoNR MRAB Stationary_L1 DUT_SEA.csv
2026-02-09 22:17:48,074 - pipeline - INFO - Analyzing MRAB Performance for: D:/ReportGenerator/Raw Data\#Dry Run\Seattle\Data Performance/5G AUTO DP\5G VoNR MRAB Stationary\_20260205_140657_CH02_TMO_5G DP_VoNR MRAB Stationary_L1 REF_SEA.csv
2026-02-09 22:17:48,074 - pipeline - INFO - Analyzing MRAB Performance for: D:/ReportGenerator/Raw Data\#Dry Run\Seattle\Data Performance/5G AUTO DP\5G VoNR MRAB Stationary\_20260205_140657_CH02_TMO_5G DP_VoNR MRAB Stationary_L1 REF_SEA.csv
2026-02-09 22:17:48,075 - pipeline - WARNING - No MRAB intervals found for: D:/ReportGenerator/Raw Data\#Dry Run\Seattle\Data Performance/5G AUTO DP\5G VoNR MRAB Stationary\_20260205_140657_CH02_TMO_5G DP_VoNR MRAB Stationary_L1 REF_SEA.csv
2026-02-09 22:17:48,075 - pipeline - WARNING - No MRAB intervals found for: D:/ReportGenerator/Raw Data\#Dry Run\Seattle\Data Performance/5G AUTO DP\5G VoNR MRAB Stationary\_20260205_140657_CH02_TMO_5G DP_VoNR MRAB Stationary_L1 REF_SEA.csv
2026-02-09 22:17:48,076 - pipeline - INFO - Analyzing MRAB Performance for: D:/ReportGenerator/Raw Data\#Dry Run\Seattle\Data Performance/5G AUTO DP\5G VoNR MRAB Stationary\_20260208_174927_CH01_TMO_5G DP_VoNR MRAB Stationary_L1 REF_SEA.csv
2026-02-09 22:17:48,076 - pipeline - INFO - Analyzing MRAB Performance for: D:/ReportGenerator/Raw Data\#Dry Run\Seattle\Data Performance/5G AUTO DP\5G VoNR MRAB Stationary\_20260208_174927_CH01_TMO_5G DP_VoNR MRAB Stationary_L1 REF_SEA.csv
2026-02-09 22:17:48,092 - pipeline - INFO - Analyzing MRAB Performance for: D:/ReportGenerator/Raw Data\#Dry Run\Seattle\Data Performance/5G AUTO DP\5G VoNR MRAB Stationary\_20260208_174927_CH02_TMO_5G DP_VoNR MRAB Stationary_L1 DUT_SEA.csv
2026-02-09 22:17:48,092 - pipeline - INFO - Analyzing MRAB Performance for: D:/ReportGenerator/Raw Data\#Dry Run\Seattle\Data Performance/5G AUTO DP\5G VoNR MRAB Stationary\_20260208_174927_CH02_TMO_5G DP_VoNR MRAB Stationary_L1 DUT_SEA.csv
2026-02-09 22:17:51,017 - pipeline - INFO - Processing directory-level analyses...
2026-02-09 22:17:51,017 - pipeline - INFO - Processing directory-level analyses...
2026-02-09 22:17:51,018 - pipeline - INFO - Analyzing Google Throughput directory: D:/ReportGenerator/Raw Data\#Dry Run\Seattle\Data Performance/5G AUTO DP/5G Auto Data Play-store app Download
2026-02-09 22:17:51,018 - pipeline - INFO - Analyzing Google Throughput directory: D:/ReportGenerator/Raw Data\#Dry Run\Seattle\Data Performance/5G AUTO DP/5G Auto Data Play-store app Download
2026-02-09 22:17:51,018 - pipeline - INFO - Google Throughput analysis directory processing complete. Results found: False
2026-02-09 22:17:51,018 - pipeline - INFO - Google Throughput analysis directory processing complete. Results found: False
2026-02-09 22:17:51,019 - pipeline - INFO - Analyzing MHS Drive directory: D:/ReportGenerator/Raw Data\#Dry Run\Seattle\Data Performance/5G AUTO DP/Mobility Test/5G Auto Data Test MHS Drive
2026-02-09 22:17:51,019 - pipeline - INFO - Analyzing MHS Drive directory: D:/ReportGenerator/Raw Data\#Dry Run\Seattle\Data Performance/5G AUTO DP/Mobility Test/5G Auto Data Test MHS Drive
2026-02-09 22:17:51,495 - pipeline - INFO - Analyzing MHS Drive directory: D:/ReportGenerator/Raw Data\#Dry Run\Seattle\Data Performance/5G AUTO DP/Mobility Test/5G Auto Data Test Drive
2026-02-09 22:17:51,495 - pipeline - INFO - Analyzing MHS Drive directory: D:/ReportGenerator/Raw Data\#Dry Run\Seattle\Data Performance/5G AUTO DP/Mobility Test/5G Auto Data Test Drive
2026-02-09 22:17:52,408 - pipeline - INFO - Analyzing MHS Drive directory: D:/ReportGenerator/Raw Data\#Dry Run\Seattle\Data Performance/5G NSA DP/Mobility Test
2026-02-09 22:17:52,408 - pipeline - INFO - Analyzing MHS Drive directory: D:/ReportGenerator/Raw Data\#Dry Run\Seattle\Data Performance/5G NSA DP/Mobility Test
2026-02-09 22:17:52,509 - pipeline - INFO - Running post-processing (VqLineChart, Coverage extraction)...
2026-02-09 22:17:52,509 - pipeline - INFO - Running post-processing (VqLineChart, Coverage extraction)...
2026-02-09 22:17:52,514 - pipeline - INFO - Data Performance results exported to D:/ReportGenerator/python_scripts/Analyze Summary\#Dry Run\Seattle\data_performance_results.json
2026-02-09 22:17:52,514 - pipeline - INFO - Data Performance results exported to D:/ReportGenerator/python_scripts/Analyze Summary\#Dry Run\Seattle\data_performance_results.json
2026-02-09 22:17:52,515 - pipeline - INFO - Processing summary exported to D:/ReportGenerator/python_scripts/Analyze Summary\#Dry Run\Seattle\processing_summary.json
2026-02-09 22:17:52,515 - pipeline - INFO - Processing summary exported to D:/ReportGenerator/python_scripts/Analyze Summary\#Dry Run\Seattle\processing_summary.json
2026-02-09 22:17:52,516 - pipeline - INFO - Running final data validation...
2026-02-09 22:17:52,516 - pipeline - INFO - Running final data validation...
2026-02-09 22:17:52,534 - pipeline - INFO - No empty collections found in any JSON file.
2026-02-09 22:17:52,534 - pipeline - INFO - No empty collections found in any JSON file.
2026-02-09 22:17:52,534 - pipeline - INFO - Pipeline execution completed. Results in: D:/ReportGenerator/python_scripts/Analyze Summary\#Dry Run\Seattle
2026-02-09 22:17:52,534 - pipeline - INFO - Pipeline execution completed. Results in: D:/ReportGenerator/python_scripts/Analyze Summary\#Dry Run\Seattle
2026-02-09 22:17:52,538 - pipeline - INFO - Project: #RefineTest
2026-02-09 22:17:52,538 - pipeline - INFO - Project: #RefineTest
2026-02-09 22:17:52,538 - pipeline - INFO - Project: #RefineTest
2026-02-09 22:17:52,539 - pipeline - INFO - Market: Seattle
2026-02-09 22:17:52,539 - pipeline - INFO - Market: Seattle
2026-02-09 22:17:52,539 - pipeline - INFO - Market: Seattle
2026-02-09 22:17:52,540 - pipeline - INFO - Reading from: D:/ReportGenerator/Raw Data\#RefineTest\Seattle
2026-02-09 22:17:52,540 - pipeline - INFO - Reading from: D:/ReportGenerator/Raw Data\#RefineTest\Seattle
2026-02-09 22:17:52,540 - pipeline - INFO - Reading from: D:/ReportGenerator/Raw Data\#RefineTest\Seattle
2026-02-09 22:17:52,540 - pipeline - INFO - Writing to: D:/ReportGenerator/python_scripts/Analyze Summary\#RefineTest\Seattle
2026-02-09 22:17:52,540 - pipeline - INFO - Writing to: D:/ReportGenerator/python_scripts/Analyze Summary\#RefineTest\Seattle
2026-02-09 22:17:52,540 - pipeline - INFO - Writing to: D:/ReportGenerator/python_scripts/Analyze Summary\#RefineTest\Seattle
2026-02-09 22:17:52,541 - pipeline - INFO - Starting analysis pipeline...
2026-02-09 22:17:52,541 - pipeline - INFO - Starting analysis pipeline...
2026-02-09 22:17:52,541 - pipeline - INFO - Starting analysis pipeline...
2026-02-09 22:17:52,543 - pipeline - INFO - Processing 0 individual CSV files...
2026-02-09 22:17:52,543 - pipeline - INFO - Processing 0 individual CSV files...
2026-02-09 22:17:52,543 - pipeline - INFO - Processing 0 individual CSV files...
2026-02-09 22:17:52,543 - pipeline - INFO - Processing directory-level analyses...
2026-02-09 22:17:52,543 - pipeline - INFO - Processing directory-level analyses...
2026-02-09 22:17:52,543 - pipeline - INFO - Processing directory-level analyses...
2026-02-09 22:17:52,544 - pipeline - INFO - Running post-processing (VqLineChart, Coverage extraction)...
2026-02-09 22:17:52,544 - pipeline - INFO - Running post-processing (VqLineChart, Coverage extraction)...
2026-02-09 22:17:52,544 - pipeline - INFO - Running post-processing (VqLineChart, Coverage extraction)...
2026-02-09 22:17:52,544 - pipeline - INFO - Running final data validation...
2026-02-09 22:17:52,544 - pipeline - INFO - Running final data validation...
2026-02-09 22:17:52,544 - pipeline - INFO - Running final data validation...
2026-02-09 22:17:52,545 - pipeline - INFO - No empty collections found in any JSON file.
2026-02-09 22:17:52,545 - pipeline - INFO - No empty collections found in any JSON file.
2026-02-09 22:17:52,545 - pipeline - INFO - No empty collections found in any JSON file.
2026-02-09 22:17:52,545 - pipeline - INFO - Pipeline execution completed. Results in: D:/ReportGenerator/python_scripts/Analyze Summary\#RefineTest\Seattle
2026-02-09 22:17:52,545 - pipeline - INFO - Pipeline execution completed. Results in: D:/ReportGenerator/python_scripts/Analyze Summary\#RefineTest\Seattle
2026-02-09 22:17:52,545 - pipeline - INFO - Pipeline execution completed. Results in: D:/ReportGenerator/python_scripts/Analyze Summary\#RefineTest\Seattle
2026-02-09 22:22:55,455 - pipeline - INFO - Project: #Dry Run
2026-02-09 22:22:55,456 - pipeline - INFO - Market: New York
2026-02-09 22:22:55,456 - pipeline - INFO - Reading from: D:/ReportGenerator/Raw Data\#Dry Run\New York
2026-02-09 22:22:55,456 - pipeline - INFO - Writing to: D:/ReportGenerator/report-generator-app/public/AnalyzeResults\#Dry Run\New York
2026-02-09 22:22:55,457 - pipeline - INFO - Starting analysis pipeline...
2026-02-09 22:22:55,463 - pipeline - INFO - Processing 246 individual CSV files...
2026-02-09 22:22:55,509 - pipeline - INFO - Analyzing MRAB Performance for: D:/ReportGenerator/Raw Data\#Dry Run\New York\Data Performance/5G AUTO DP\5G VoNR MRAB Stationary\_20260203_125220_CH01_NYC TMO_5G Auto_5G DP 5G MRAB_NYC L1 DUT_.csv
2026-02-09 22:22:55,530 - pipeline - INFO - Analyzing MRAB Performance for: D:/ReportGenerator/Raw Data\#Dry Run\New York\Data Performance/5G AUTO DP\5G VoNR MRAB Stationary\_20260203_125220_CH02_NYC TMO_5G Auto_5G DP 5G MRAB_NYC L1 REF_.csv
2026-02-09 22:22:59,320 - pipeline - INFO - Processing directory-level analyses...
2026-02-09 22:22:59,320 - pipeline - INFO - Analyzing Coverage directory: D:/ReportGenerator/Raw Data\#Dry Run\New York\Coverage Performance (Type: coverage_coordinate)
2026-02-09 22:22:59,321 - pipeline - INFO - Analyzing Coverage directory: D:/ReportGenerator/Raw Data\#Dry Run\New York\Coverage Performance/5G n41 HPUE Coverage Test (Type: n41_coverage)
2026-02-09 22:22:59,358 - pipeline - INFO - Analyzing Coverage directory: D:/ReportGenerator/Raw Data\#Dry Run\New York\Coverage Performance/5G VoNR Coverage Test (Type: vonr_coverage_performance)
2026-02-09 22:23:00,130 - pipeline - INFO - Analyzing Coverage directory: D:/ReportGenerator/Raw Data\#Dry Run\New York\Coverage Performance/LTE Coverage Test (Type: vonr_coverage_performance)
2026-02-09 22:23:00,551 - pipeline - INFO - Analyzing Google Throughput directory: D:/ReportGenerator/Raw Data\#Dry Run\New York\Data Performance/5G AUTO DP/5G Auto Data Play-store app Download
2026-02-09 22:23:00,552 - pipeline - INFO - Processing Play Store file: _20260122_162123_CH01_REF_TMO_Playstore APP-100MB_NJ_L1.csv (Size: 100M, Device: REF, Location: Good)
2026-02-09 22:23:00,562 - pipeline - INFO - Successfully analyzed _20260122_162123_CH01_REF_TMO_Playstore APP-100MB_NJ_L1.csv: 201.80939047619046
2026-02-09 22:23:00,562 - pipeline - INFO - Processing Play Store file: _20260122_162123_CH02_DUT_TMO_Playstore APP-100MB_NJ_L1.csv (Size: 100M, Device: DUT, Location: Good)
2026-02-09 22:23:00,570 - pipeline - INFO - Successfully analyzed _20260122_162123_CH02_DUT_TMO_Playstore APP-100MB_NJ_L1.csv: 106.65787198912199
2026-02-09 22:23:00,570 - pipeline - INFO - Processing Play Store file: _20260122_163503_CH01_REF_TMO_Playstore 60MB_NJ_L1.csv (Size: 60M, Device: REF, Location: Good)
2026-02-09 22:23:00,580 - pipeline - INFO - Successfully analyzed _20260122_163503_CH01_REF_TMO_Playstore 60MB_NJ_L1.csv: 151.11654
2026-02-09 22:23:00,580 - pipeline - INFO - Processing Play Store file: _20260122_163503_CH02_DUT_TMO_Playstore 60MB_NJ_L1.csv (Size: 60M, Device: DUT, Location: Good)
2026-02-09 22:23:00,589 - pipeline - INFO - Successfully analyzed _20260122_163503_CH02_DUT_TMO_Playstore 60MB_NJ_L1.csv: 154.40230444444444
2026-02-09 22:23:00,589 - pipeline - INFO - Processing Play Store file: _20260122_164816_CH01_REF_TMO_Playstore 30MB_NJ_L1.csv (Size: 30M, Device: REF, Location: Good)
2026-02-09 22:23:00,597 - pipeline - INFO - Successfully analyzed _20260122_164816_CH01_REF_TMO_Playstore 30MB_NJ_L1.csv: 183.348031292517
2026-02-09 22:23:00,597 - pipeline - INFO - Processing Play Store file: _20260122_164816_CH02_DUT_TMO_Playstore 30MB_NJ_L1.csv (Size: 30M, Device: DUT, Location: Good)
2026-02-09 22:23:00,606 - pipeline - INFO - Successfully analyzed _20260122_164816_CH02_DUT_TMO_Playstore 30MB_NJ_L1.csv: 117.78983869911602
2026-02-09 22:23:00,606 - pipeline - INFO - Processing Play Store file: _20260203_141400_CH01_NYC TMO_5G Auto_5G DP Play Store 60M _NYC L1 DUT_.csv (Size: 60M, Device: DUT, Location: Good)
2026-02-09 22:23:00,612 - pipeline - INFO - Successfully analyzed _20260203_141400_CH01_NYC TMO_5G Auto_5G DP Play Store 60M _NYC L1 DUT_.csv: 140.6186
2026-02-09 22:23:00,613 - pipeline - INFO - Processing Play Store file: _20260203_141400_CH02_NYC TMO_5G Auto_5G DP Play Store 60M _NYC L1 REF_.csv (Size: 60M, Device: REF, Location: Good)
2026-02-09 22:23:00,619 - pipeline - INFO - Successfully analyzed _20260203_141400_CH02_NYC TMO_5G Auto_5G DP Play Store 60M _NYC L1 REF_.csv: 238.354
2026-02-09 22:23:00,620 - pipeline - INFO - Processing Play Store file: _20260203_141528_CH01_NYC TMO_5G Auto_5G DP Play Store 30M _NYC L1 DUT_.csv (Size: 30M, Device: DUT, Location: Good)
2026-02-09 22:23:00,627 - pipeline - INFO - Successfully analyzed _20260203_141528_CH01_NYC TMO_5G Auto_5G DP Play Store 30M _NYC L1 DUT_.csv: 78.27300000000001
2026-02-09 22:23:00,628 - pipeline - INFO - Processing Play Store file: _20260203_141528_CH02_NYC TMO_5G Auto_5G DP Play Store 30M _NYC L1 REF_.csv (Size: 30M, Device: REF, Location: Good)
2026-02-09 22:23:00,633 - pipeline - INFO - Successfully analyzed _20260203_141528_CH02_NYC TMO_5G Auto_5G DP Play Store 30M _NYC L1 REF_.csv: 75.78566666666667
2026-02-09 22:23:00,633 - pipeline - INFO - Processing Play Store file: _20260203_141714_CH01_NYC TMO_5G Auto_5G DP Play Store 100M _NYC L1 DUT_.csv (Size: 100M, Device: DUT, Location: Good)
2026-02-09 22:23:00,639 - pipeline - INFO - Successfully analyzed _20260203_141714_CH01_NYC TMO_5G Auto_5G DP Play Store 100M _NYC L1 DUT_.csv: 262.726
2026-02-09 22:23:00,639 - pipeline - INFO - Processing Play Store file: _20260203_141714_CH02_NYC TMO_5G Auto_5G DP Play Store 100M _NYC L1 REF_.csv (Size: 100M, Device: REF, Location: Good)
2026-02-09 22:23:00,646 - pipeline - INFO - Successfully analyzed _20260203_141714_CH02_NYC TMO_5G Auto_5G DP Play Store 100M _NYC L1 REF_.csv: 263.202
2026-02-09 22:23:00,647 - pipeline - INFO - Processing Play Store file: _20260123_142447_CH01_REF_TMO_Play Store 100 MB_NJ_L2.csv (Size: 100M, Device: REF, Location: Moderate)
2026-02-09 22:23:00,654 - pipeline - INFO - Successfully analyzed _20260123_142447_CH01_REF_TMO_Play Store 100 MB_NJ_L2.csv: 199.38622564102565
2026-02-09 22:23:00,655 - pipeline - INFO - Processing Play Store file: _20260123_142447_CH02_DUT_TMO_Play Store 100 MB_NJ_L2.csv (Size: 100M, Device: DUT, Location: Moderate)
2026-02-09 22:23:00,660 - pipeline - INFO - Successfully analyzed _20260123_142447_CH02_DUT_TMO_Play Store 100 MB_NJ_L2.csv: 130.38925768359607
2026-02-09 22:23:00,661 - pipeline - INFO - Processing Play Store file: _20260123_143839_CH01_REF_TMO_Play Store 60 MB_NJ_L2.csv (Size: 60M, Device: REF, Location: Moderate)
2026-02-09 22:23:00,666 - pipeline - INFO - Successfully analyzed _20260123_143839_CH01_REF_TMO_Play Store 60 MB_NJ_L2.csv: 134.55456031746033
2026-02-09 22:23:00,667 - pipeline - INFO - Processing Play Store file: _20260123_143839_CH02_DUT_TMO_Play Store 60 MB_NJ_L2.csv (Size: 60M, Device: DUT, Location: Moderate)
2026-02-09 22:23:00,674 - pipeline - INFO - Successfully analyzed _20260123_143839_CH02_DUT_TMO_Play Store 60 MB_NJ_L2.csv: 144.7251455782313
2026-02-09 22:23:00,675 - pipeline - INFO - Processing Play Store file: _20260123_144448_CH01_REF_TMO_Play Store 30 MB_NJ_L2.csv (Size: 30M, Device: REF, Location: Moderate)
2026-02-09 22:23:00,681 - pipeline - INFO - Successfully analyzed _20260123_144448_CH01_REF_TMO_Play Store 30 MB_NJ_L2.csv: 74.65798181818182
2026-02-09 22:23:00,682 - pipeline - INFO - Processing Play Store file: _20260123_144448_CH02_DUT_TMO_Play Store 30 MB_NJ_L2.csv (Size: 30M, Device: DUT, Location: Moderate)
2026-02-09 22:23:00,689 - pipeline - INFO - Successfully analyzed _20260123_144448_CH02_DUT_TMO_Play Store 30 MB_NJ_L2.csv: 63.67727272727273
2026-02-09 22:23:00,689 - pipeline - INFO - Processing Play Store file: _20260202_204910_CH01_NJNYC TMO_5G AUTO_PLAY STORE 30MB_L2 REF_.csv (Size: 30M, Device: REF, Location: Moderate)
2026-02-09 22:23:00,700 - pipeline - INFO - Successfully analyzed _20260202_204910_CH01_NJNYC TMO_5G AUTO_PLAY STORE 30MB_L2 REF_.csv: 196.85621014492753
2026-02-09 22:23:00,700 - pipeline - INFO - Processing Play Store file: _20260202_204910_CH02_NJNYC TMO_5G AUTO_PLAY STORE 30MB_L2 DUT_.csv (Size: 30M, Device: DUT, Location: Moderate)
2026-02-09 22:23:00,709 - pipeline - INFO - Successfully analyzed _20260202_204910_CH02_NJNYC TMO_5G AUTO_PLAY STORE 30MB_L2 DUT_.csv: 119.37199855072464
2026-02-09 22:23:00,709 - pipeline - INFO - Processing Play Store file: _20260202_212127_CH01_NJNYC TMO_5G AUTO_PLAY STORE 60MB_L2 REF_.csv (Size: 60M, Device: REF, Location: Moderate)
2026-02-09 22:23:00,719 - pipeline - INFO - Successfully analyzed _20260202_212127_CH01_NJNYC TMO_5G AUTO_PLAY STORE 60MB_L2 REF_.csv: 176.1300491883117
2026-02-09 22:23:00,720 - pipeline - INFO - Processing Play Store file: _20260202_212127_CH02_NJNYC TMO_5G AUTO_PLAY STORE 60MB_L2 DUT_.csv (Size: 60M, Device: DUT, Location: Moderate)
2026-02-09 22:23:00,728 - pipeline - INFO - Successfully analyzed _20260202_212127_CH02_NJNYC TMO_5G AUTO_PLAY STORE 60MB_L2 DUT_.csv: 117.79193697916666
2026-02-09 22:23:00,729 - pipeline - INFO - Processing Play Store file: _20260202_212648_CH01_NJNYC TMO_5G AUTO_PLAY STORE 100MB_L2 REF_.csv (Size: 100M, Device: REF, Location: Moderate)
2026-02-09 22:23:00,738 - pipeline - INFO - Successfully analyzed _20260202_212648_CH01_NJNYC TMO_5G AUTO_PLAY STORE 100MB_L2 REF_.csv: 149.105912676733
2026-02-09 22:23:00,739 - pipeline - INFO - Processing Play Store file: _20260202_212648_CH02_NJNYC TMO_5G AUTO_PLAY STORE 100MB_L2 DUT_.csv (Size: 100M, Device: DUT, Location: Moderate)
2026-02-09 22:23:00,747 - pipeline - INFO - Successfully analyzed _20260202_212648_CH02_NJNYC TMO_5G AUTO_PLAY STORE 100MB_L2 DUT_.csv: 104.78977219980874
2026-02-09 22:23:00,748 - pipeline - INFO - Processing Play Store file: _20260124_194023_CH01_REF_TMO-AUTO_Playstore 100MB Downlink_NJ_L3.csv (Size: 100M, Device: REF, Location: Poor)
2026-02-09 22:23:00,756 - pipeline - INFO - Successfully analyzed _20260124_194023_CH01_REF_TMO-AUTO_Playstore 100MB Downlink_NJ_L3.csv: 49.54232289238539
2026-02-09 22:23:00,757 - pipeline - INFO - Processing Play Store file: _20260124_194023_CH02_DUT_TMO-AUTO_Playstore 100MB Downlink_NJ_L3.csv (Size: 100M, Device: DUT, Location: Poor)
2026-02-09 22:23:00,764 - pipeline - INFO - Successfully analyzed _20260124_194023_CH02_DUT_TMO-AUTO_Playstore 100MB Downlink_NJ_L3.csv: 83.81849905911082
2026-02-09 22:23:00,764 - pipeline - INFO - Processing Play Store file: _20260124_200014_CH01_REF_TMO-AUTO_Playstore 60MB Downlink_NJ_L3.csv (Size: 60M, Device: REF, Location: Poor)
2026-02-09 22:23:00,773 - pipeline - INFO - Successfully analyzed _20260124_200014_CH01_REF_TMO-AUTO_Playstore 60MB Downlink_NJ_L3.csv: 58.24894230560767
2026-02-09 22:23:00,774 - pipeline - INFO - Processing Play Store file: _20260124_200014_CH02_DUT_TMO-AUTO_Playstore 60MB Downlink_NJ_L3.csv (Size: 60M, Device: DUT, Location: Poor)
2026-02-09 22:23:00,781 - pipeline - INFO - Successfully analyzed _20260124_200014_CH02_DUT_TMO-AUTO_Playstore 60MB Downlink_NJ_L3.csv: 65.55823299416632
2026-02-09 22:23:00,782 - pipeline - INFO - Processing Play Store file: _20260124_201137_CH01_REF_TMO-AUTO_Playstore 30MB Downlink_NJ_L3.csv (Size: 30M, Device: REF, Location: Poor)
2026-02-09 22:23:00,790 - pipeline - INFO - Successfully analyzed _20260124_201137_CH01_REF_TMO-AUTO_Playstore 30MB Downlink_NJ_L3.csv: 51.13884175824176
2026-02-09 22:23:00,791 - pipeline - INFO - Processing Play Store file: _20260124_201137_CH02_DUT_TMO-AUTO_Playstore 30MB Downlink_NJ_L3.csv (Size: 30M, Device: DUT, Location: Poor)
2026-02-09 22:23:00,798 - pipeline - INFO - Successfully analyzed _20260124_201137_CH02_DUT_TMO-AUTO_Playstore 30MB Downlink_NJ_L3.csv: 51.62678260869565
2026-02-09 22:23:00,799 - pipeline - INFO - Processing Play Store file: _20260203_180004_CH01_NJNYC TMO_5G AUTO_Playstore 30MB_L3 REF_.csv (Size: 30M, Device: REF, Location: Poor)
2026-02-09 22:23:00,809 - pipeline - INFO - Successfully analyzed _20260203_180004_CH01_NJNYC TMO_5G AUTO_Playstore 30MB_L3 REF_.csv: 124.50955311355311
2026-02-09 22:23:00,809 - pipeline - INFO - Processing Play Store file: _20260203_180004_CH02_NJNYC TMO_5G AUTO_Playstore 30MB_L3 DUT_.csv (Size: 30M, Device: DUT, Location: Poor)
2026-02-09 22:23:00,819 - pipeline - INFO - Successfully analyzed _20260203_180004_CH02_NJNYC TMO_5G AUTO_Playstore 30MB_L3 DUT_.csv: 89.59927121212121
2026-02-09 22:23:00,820 - pipeline - INFO - Processing Play Store file: _20260203_180549_CH01_NJNYC TMO_5G AUTO_Playstore 60MB_L3 REF_.csv (Size: 60M, Device: REF, Location: Poor)
2026-02-09 22:23:00,828 - pipeline - INFO - Successfully analyzed _20260203_180549_CH01_NJNYC TMO_5G AUTO_Playstore 60MB_L3 REF_.csv: 141.11671079545454
2026-02-09 22:23:00,828 - pipeline - INFO - Processing Play Store file: _20260203_180549_CH02_NJNYC TMO_5G AUTO_Playstore 60MB_L3 DUT_.csv (Size: 60M, Device: DUT, Location: Poor)
2026-02-09 22:23:00,841 - pipeline - INFO - Successfully analyzed _20260203_180549_CH02_NJNYC TMO_5G AUTO_Playstore 60MB_L3 DUT_.csv: 99.62210783279221
2026-02-09 22:23:00,841 - pipeline - INFO - Processing Play Store file: _20260203_181036_CH01_NJNYC TMO_5G AUTO_Playstore 100MB_L3 REF_.csv (Size: 100M, Device: REF, Location: Poor)
2026-02-09 22:23:00,851 - pipeline - INFO - Successfully analyzed _20260203_181036_CH01_NJNYC TMO_5G AUTO_Playstore 100MB_L3 REF_.csv: 251.54180277777778
2026-02-09 22:23:00,851 - pipeline - INFO - Processing Play Store file: _20260203_181036_CH02_NJNYC TMO_5G AUTO_Playstore 100MB_L3 DUT_.csv (Size: 100M, Device: DUT, Location: Poor)
2026-02-09 22:23:00,861 - pipeline - INFO - Successfully analyzed _20260203_181036_CH02_NJNYC TMO_5G AUTO_Playstore 100MB_L3 DUT_.csv: 72.53284699869847
2026-02-09 22:23:00,861 - pipeline - INFO - Google Throughput analysis directory processing complete. Results found: True
2026-02-09 22:23:00,861 - pipeline - INFO - Analyzing MHS Drive directory: D:/ReportGenerator/Raw Data\#Dry Run\New York\Data Performance/5G AUTO DP/Mobility Test/5G Auto Data Test MHS Drive
2026-02-09 22:23:00,862 - pipeline - INFO - Analyzing MHS Drive directory: D:/ReportGenerator/Raw Data\#Dry Run\New York\Data Performance/5G AUTO DP/Mobility Test/5G Auto Data Test Drive
2026-02-09 22:23:02,899 - pipeline - INFO - Analyzing MHS Drive directory: D:/ReportGenerator/Raw Data\#Dry Run\New York\Data Performance/5G NSA DP/Mobility Test
2026-02-09 22:23:04,940 - pipeline - INFO - Running post-processing (VqLineChart, Coverage extraction)...
2026-02-09 22:23:05,061 - pipeline - INFO - Data Performance results exported to D:/ReportGenerator/report-generator-app/public/AnalyzeResults\#Dry Run\New York\data_performance_results.json
2026-02-09 22:23:05,067 - pipeline - INFO - Coverage Performance results exported to D:/ReportGenerator/report-generator-app/public/AnalyzeResults\#Dry Run\New York\coverage_performance_results.json
2026-02-09 22:23:05,068 - pipeline - INFO - Processing summary exported to D:/ReportGenerator/report-generator-app/public/AnalyzeResults\#Dry Run\New York\processing_summary.json
2026-02-09 22:23:05,069 - pipeline - INFO - Running final data validation...
2026-02-09 22:23:05,095 - pipeline - INFO - No empty collections found in any JSON file.
2026-02-09 22:23:05,096 - pipeline - INFO - Pipeline execution completed. Results in: D:/ReportGenerator/report-generator-app/public/AnalyzeResults\#Dry Run\New York
2026-02-09 22:23:05,100 - pipeline - INFO - Project: #Dry Run
2026-02-09 22:23:05,100 - pipeline - INFO - Project: #Dry Run
2026-02-09 22:23:05,100 - pipeline - INFO - Market: Seattle
2026-02-09 22:23:05,100 - pipeline - INFO - Market: Seattle
2026-02-09 22:23:05,101 - pipeline - INFO - Reading from: D:/ReportGenerator/Raw Data\#Dry Run\Seattle
2026-02-09 22:23:05,101 - pipeline - INFO - Reading from: D:/ReportGenerator/Raw Data\#Dry Run\Seattle
2026-02-09 22:23:05,101 - pipeline - INFO - Writing to: D:/ReportGenerator/report-generator-app/public/AnalyzeResults\#Dry Run\Seattle
2026-02-09 22:23:05,101 - pipeline - INFO - Writing to: D:/ReportGenerator/report-generator-app/public/AnalyzeResults\#Dry Run\Seattle
2026-02-09 22:23:05,102 - pipeline - INFO - Starting analysis pipeline...
2026-02-09 22:23:05,102 - pipeline - INFO - Starting analysis pipeline...
2026-02-09 22:23:05,108 - pipeline - INFO - Processing 171 individual CSV files...
2026-02-09 22:23:05,108 - pipeline - INFO - Processing 171 individual CSV files...
2026-02-09 22:23:05,110 - pipeline - INFO - Analyzing MRAB Performance for: D:/ReportGenerator/Raw Data\#Dry Run\Seattle\Data Performance/5G AUTO DP\5G VoNR MRAB Stationary\_20260205_140657_CH01_TMO_5G DP_VoNR MRAB Stationary_L1 DUT_SEA.csv
2026-02-09 22:23:05,110 - pipeline - INFO - Analyzing MRAB Performance for: D:/ReportGenerator/Raw Data\#Dry Run\Seattle\Data Performance/5G AUTO DP\5G VoNR MRAB Stationary\_20260205_140657_CH01_TMO_5G DP_VoNR MRAB Stationary_L1 DUT_SEA.csv
2026-02-09 22:23:05,111 - pipeline - INFO - Analyzing MRAB Performance for: D:/ReportGenerator/Raw Data\#Dry Run\Seattle\Data Performance/5G AUTO DP\5G VoNR MRAB Stationary\_20260205_140657_CH02_TMO_5G DP_VoNR MRAB Stationary_L1 REF_SEA.csv
2026-02-09 22:23:05,111 - pipeline - INFO - Analyzing MRAB Performance for: D:/ReportGenerator/Raw Data\#Dry Run\Seattle\Data Performance/5G AUTO DP\5G VoNR MRAB Stationary\_20260205_140657_CH02_TMO_5G DP_VoNR MRAB Stationary_L1 REF_SEA.csv
2026-02-09 22:23:05,113 - pipeline - WARNING - No MRAB intervals found for: D:/ReportGenerator/Raw Data\#Dry Run\Seattle\Data Performance/5G AUTO DP\5G VoNR MRAB Stationary\_20260205_140657_CH02_TMO_5G DP_VoNR MRAB Stationary_L1 REF_SEA.csv
2026-02-09 22:23:05,113 - pipeline - WARNING - No MRAB intervals found for: D:/ReportGenerator/Raw Data\#Dry Run\Seattle\Data Performance/5G AUTO DP\5G VoNR MRAB Stationary\_20260205_140657_CH02_TMO_5G DP_VoNR MRAB Stationary_L1 REF_SEA.csv
2026-02-09 22:23:05,114 - pipeline - INFO - Analyzing MRAB Performance for: D:/ReportGenerator/Raw Data\#Dry Run\Seattle\Data Performance/5G AUTO DP\5G VoNR MRAB Stationary\_20260208_174927_CH01_TMO_5G DP_VoNR MRAB Stationary_L1 REF_SEA.csv
2026-02-09 22:23:05,114 - pipeline - INFO - Analyzing MRAB Performance for: D:/ReportGenerator/Raw Data\#Dry Run\Seattle\Data Performance/5G AUTO DP\5G VoNR MRAB Stationary\_20260208_174927_CH01_TMO_5G DP_VoNR MRAB Stationary_L1 REF_SEA.csv
2026-02-09 22:23:05,131 - pipeline - INFO - Analyzing MRAB Performance for: D:/ReportGenerator/Raw Data\#Dry Run\Seattle\Data Performance/5G AUTO DP\5G VoNR MRAB Stationary\_20260208_174927_CH02_TMO_5G DP_VoNR MRAB Stationary_L1 DUT_SEA.csv
2026-02-09 22:23:05,131 - pipeline - INFO - Analyzing MRAB Performance for: D:/ReportGenerator/Raw Data\#Dry Run\Seattle\Data Performance/5G AUTO DP\5G VoNR MRAB Stationary\_20260208_174927_CH02_TMO_5G DP_VoNR MRAB Stationary_L1 DUT_SEA.csv
2026-02-09 22:23:08,579 - pipeline - INFO - Processing directory-level analyses...
2026-02-09 22:23:08,579 - pipeline - INFO - Processing directory-level analyses...
2026-02-09 22:23:08,580 - pipeline - INFO - Analyzing Google Throughput directory: D:/ReportGenerator/Raw Data\#Dry Run\Seattle\Data Performance/5G AUTO DP/5G Auto Data Play-store app Download
2026-02-09 22:23:08,580 - pipeline - INFO - Analyzing Google Throughput directory: D:/ReportGenerator/Raw Data\#Dry Run\Seattle\Data Performance/5G AUTO DP/5G Auto Data Play-store app Download
2026-02-09 22:23:08,581 - pipeline - INFO - Google Throughput analysis directory processing complete. Results found: False
2026-02-09 22:23:08,581 - pipeline - INFO - Google Throughput analysis directory processing complete. Results found: False
2026-02-09 22:23:08,581 - pipeline - INFO - Analyzing MHS Drive directory: D:/ReportGenerator/Raw Data\#Dry Run\Seattle\Data Performance/5G AUTO DP/Mobility Test/5G Auto Data Test MHS Drive
2026-02-09 22:23:08,581 - pipeline - INFO - Analyzing MHS Drive directory: D:/ReportGenerator/Raw Data\#Dry Run\Seattle\Data Performance/5G AUTO DP/Mobility Test/5G Auto Data Test MHS Drive
2026-02-09 22:23:09,132 - pipeline - INFO - Analyzing MHS Drive directory: D:/ReportGenerator/Raw Data\#Dry Run\Seattle\Data Performance/5G AUTO DP/Mobility Test/5G Auto Data Test Drive
2026-02-09 22:23:09,132 - pipeline - INFO - Analyzing MHS Drive directory: D:/ReportGenerator/Raw Data\#Dry Run\Seattle\Data Performance/5G AUTO DP/Mobility Test/5G Auto Data Test Drive
2026-02-09 22:23:10,177 - pipeline - INFO - Analyzing MHS Drive directory: D:/ReportGenerator/Raw Data\#Dry Run\Seattle\Data Performance/5G NSA DP/Mobility Test
2026-02-09 22:23:10,177 - pipeline - INFO - Analyzing MHS Drive directory: D:/ReportGenerator/Raw Data\#Dry Run\Seattle\Data Performance/5G NSA DP/Mobility Test
2026-02-09 22:23:10,316 - pipeline - INFO - Running post-processing (VqLineChart, Coverage extraction)...
2026-02-09 22:23:10,316 - pipeline - INFO - Running post-processing (VqLineChart, Coverage extraction)...
2026-02-09 22:23:10,323 - pipeline - INFO - Data Performance results exported to D:/ReportGenerator/report-generator-app/public/AnalyzeResults\#Dry Run\Seattle\data_performance_results.json
2026-02-09 22:23:10,323 - pipeline - INFO - Data Performance results exported to D:/ReportGenerator/report-generator-app/public/AnalyzeResults\#Dry Run\Seattle\data_performance_results.json
2026-02-09 22:23:10,324 - pipeline - INFO - Processing summary exported to D:/ReportGenerator/report-generator-app/public/AnalyzeResults\#Dry Run\Seattle\processing_summary.json
2026-02-09 22:23:10,324 - pipeline - INFO - Processing summary exported to D:/ReportGenerator/report-generator-app/public/AnalyzeResults\#Dry Run\Seattle\processing_summary.json
2026-02-09 22:23:10,325 - pipeline - INFO - Running final data validation...
2026-02-09 22:23:10,325 - pipeline - INFO - Running final data validation...
2026-02-09 22:23:10,359 - pipeline - INFO - No empty collections found in any JSON file.
2026-02-09 22:23:10,359 - pipeline - INFO - No empty collections found in any JSON file.
2026-02-09 22:23:10,360 - pipeline - INFO - Pipeline execution completed. Results in: D:/ReportGenerator/report-generator-app/public/AnalyzeResults\#Dry Run\Seattle
2026-02-09 22:23:10,360 - pipeline - INFO - Pipeline execution completed. Results in: D:/ReportGenerator/report-generator-app/public/AnalyzeResults\#Dry Run\Seattle
2026-02-09 22:23:10,367 - pipeline - INFO - Project: #RefineTest
2026-02-09 22:23:10,367 - pipeline - INFO - Project: #RefineTest
2026-02-09 22:23:10,367 - pipeline - INFO - Project: #RefineTest
2026-02-09 22:23:10,368 - pipeline - INFO - Market: Seattle
2026-02-09 22:23:10,368 - pipeline - INFO - Market: Seattle
2026-02-09 22:23:10,368 - pipeline - INFO - Market: Seattle
2026-02-09 22:23:10,370 - pipeline - INFO - Reading from: D:/ReportGenerator/Raw Data\#RefineTest\Seattle
2026-02-09 22:23:10,370 - pipeline - INFO - Reading from: D:/ReportGenerator/Raw Data\#RefineTest\Seattle
2026-02-09 22:23:10,370 - pipeline - INFO - Reading from: D:/ReportGenerator/Raw Data\#RefineTest\Seattle
2026-02-09 22:23:10,371 - pipeline - INFO - Writing to: D:/ReportGenerator/report-generator-app/public/AnalyzeResults\#RefineTest\Seattle
2026-02-09 22:23:10,371 - pipeline - INFO - Writing to: D:/ReportGenerator/report-generator-app/public/AnalyzeResults\#RefineTest\Seattle
2026-02-09 22:23:10,371 - pipeline - INFO - Writing to: D:/ReportGenerator/report-generator-app/public/AnalyzeResults\#RefineTest\Seattle
2026-02-09 22:23:10,373 - pipeline - INFO - Starting analysis pipeline...
2026-02-09 22:23:10,373 - pipeline - INFO - Starting analysis pipeline...
2026-02-09 22:23:10,373 - pipeline - INFO - Starting analysis pipeline...
2026-02-09 22:23:10,376 - pipeline - INFO - Processing 0 individual CSV files...
2026-02-09 22:23:10,376 - pipeline - INFO - Processing 0 individual CSV files...
2026-02-09 22:23:10,376 - pipeline - INFO - Processing 0 individual CSV files...
2026-02-09 22:23:10,377 - pipeline - INFO - Processing directory-level analyses...
2026-02-09 22:23:10,377 - pipeline - INFO - Processing directory-level analyses...
2026-02-09 22:23:10,377 - pipeline - INFO - Processing directory-level analyses...
2026-02-09 22:23:10,378 - pipeline - INFO - Running post-processing (VqLineChart, Coverage extraction)...
2026-02-09 22:23:10,378 - pipeline - INFO - Running post-processing (VqLineChart, Coverage extraction)...
2026-02-09 22:23:10,378 - pipeline - INFO - Running post-processing (VqLineChart, Coverage extraction)...
2026-02-09 22:23:10,379 - pipeline - INFO - Running final data validation...
2026-02-09 22:23:10,379 - pipeline - INFO - Running final data validation...
2026-02-09 22:23:10,379 - pipeline - INFO - Running final data validation...
2026-02-09 22:23:10,380 - pipeline - INFO - No empty collections found in any JSON file.
2026-02-09 22:23:10,380 - pipeline - INFO - No empty collections found in any JSON file.
2026-02-09 22:23:10,380 - pipeline - INFO - No empty collections found in any JSON file.
2026-02-09 22:23:10,381 - pipeline - INFO - Pipeline execution completed. Results in: D:/ReportGenerator/report-generator-app/public/AnalyzeResults\#RefineTest\Seattle
2026-02-09 22:23:10,381 - pipeline - INFO - Pipeline execution completed. Results in: D:/ReportGenerator/report-generator-app/public/AnalyzeResults\#RefineTest\Seattle
2026-02-09 22:23:10,381 - pipeline - INFO - Pipeline execution completed. Results in: D:/ReportGenerator/report-generator-app/public/AnalyzeResults\#RefineTest\Seattle
2026-02-12 21:29:11,109 - pipeline - INFO - Project: #Dry Run
2026-02-12 21:29:11,109 - pipeline - INFO - Market: New York
2026-02-12 21:29:11,110 - pipeline - INFO - Reading from: D:/ReportGenerator/Raw Data\#Dry Run\New York
2026-02-12 21:29:11,110 - pipeline - INFO - Writing to: D:/ReportGenerator/report-generator-app/public/AnalyzeResults\#Dry Run\New York
2026-02-12 21:29:11,110 - pipeline - INFO - Starting analysis pipeline...
2026-02-12 21:29:11,117 - pipeline - INFO - Grouping 244 CSV files by directory and device type...
2026-02-12 21:29:11,119 - pipeline - INFO - Created 100 file groups for analysis
2026-02-12 21:29:11,119 - pipeline - INFO - Analyzing 3 file(s) for REF in 5G Auto Data Web-Kepler
2026-02-12 21:29:11,120 - pipeline - INFO - Analyzing 1 file(s) for DUT in 5G Auto Data Web-Kepler
2026-02-12 21:29:11,120 - pipeline - INFO - Analyzing 2 file(s) for REF in 5G VoNR MRAB Stationary
2026-02-12 21:29:11,121 - pipeline - INFO - Analyzing MRAB Performance for: ['D:/ReportGenerator/Raw Data\\#Dry Run\\New York\\Data Performance/5G AUTO DP\\5G VoNR MRAB Stationary\\_20260203_125220_CH01_NYC TMO_5G Auto_5G DP 5G MRAB_NYC L1 DUT_.csv', 'D:/ReportGenerator/Raw Data\\#Dry Run\\New York\\Data Performance/5G AUTO DP\\5G VoNR MRAB Stationary\\_20260203_125220_CH02_NYC TMO_5G Auto_5G DP 5G MRAB_NYC L1 REF_.csv']
2026-02-12 21:29:39,825 - pipeline - INFO - Project: #Dry Run
2026-02-12 21:29:39,825 - pipeline - INFO - Market: New York
2026-02-12 21:29:39,825 - pipeline - INFO - Reading from: D:/ReportGenerator/Raw Data\#Dry Run\New York
2026-02-12 21:29:39,826 - pipeline - INFO - Writing to: D:/ReportGenerator/report-generator-app/public/AnalyzeResults\#Dry Run\New York
2026-02-12 21:29:39,826 - pipeline - INFO - Starting analysis pipeline...
2026-02-12 21:29:39,832 - pipeline - INFO - Grouping 244 CSV files by directory and device type...
2026-02-12 21:29:39,834 - pipeline - INFO - Created 100 file groups for analysis
2026-02-12 21:29:39,835 - pipeline - INFO - Analyzing 3 file(s) for REF in 5G Auto Data Web-Kepler
2026-02-12 21:29:39,836 - pipeline - INFO - Analyzing 1 file(s) for DUT in 5G Auto Data Web-Kepler
2026-02-12 21:29:39,836 - pipeline - INFO - Analyzing 2 file(s) for REF in 5G VoNR MRAB Stationary
2026-02-12 21:29:39,836 - pipeline - INFO - Analyzing MRAB Performance for: ['D:/ReportGenerator/Raw Data\\#Dry Run\\New York\\Data Performance/5G AUTO DP\\5G VoNR MRAB Stationary\\_20260203_125220_CH01_NYC TMO_5G Auto_5G DP 5G MRAB_NYC L1 DUT_.csv', 'D:/ReportGenerator/Raw Data\\#Dry Run\\New York\\Data Performance/5G AUTO DP\\5G VoNR MRAB Stationary\\_20260203_125220_CH02_NYC TMO_5G Auto_5G DP 5G MRAB_NYC L1 REF_.csv']
2026-02-12 21:29:39,853 - pipeline - INFO - Analyzing 9 file(s) for REF in Good
2026-02-12 21:29:39,977 - pipeline - INFO - Analyzing 1 file(s) for DUT in Good
2026-02-12 21:29:40,001 - pipeline - INFO - Analyzing 2 file(s) for REF in Moderate
2026-02-12 21:29:40,057 - pipeline - INFO - Analyzing 2 file(s) for DUT in Moderate
2026-02-12 21:29:40,114 - pipeline - INFO - Analyzing 1 file(s) for REF in Poor
2026-02-12 21:29:40,145 - pipeline - INFO - Analyzing 1 file(s) for DUT in Poor
2026-02-12 21:29:40,178 - pipeline - INFO - Analyzing 3 file(s) for REF in Good
2026-02-12 21:29:40,248 - pipeline - INFO - Analyzing 1 file(s) for DUT in Good
2026-02-12 21:29:40,266 - pipeline - INFO - Analyzing 2 file(s) for REF in Moderate
2026-02-12 21:29:40,313 - pipeline - INFO - Analyzing 2 file(s) for DUT in Moderate
2026-02-12 21:29:40,357 - pipeline - INFO - Analyzing 2 file(s) for REF in Poor
2026-02-12 21:29:40,413 - pipeline - INFO - Analyzing 5 file(s) for REF in Good
2026-02-12 21:29:40,559 - pipeline - INFO - Analyzing 1 file(s) for DUT in Good
2026-02-12 21:29:40,603 - pipeline - INFO - Analyzing 2 file(s) for REF in Moderate
2026-02-12 21:29:40,687 - pipeline - INFO - Analyzing 2 file(s) for DUT in Moderate
2026-02-12 21:29:40,766 - pipeline - INFO - Analyzing 6 file(s) for REF in Poor
2026-02-12 21:29:40,898 - pipeline - INFO - Analyzing 3 file(s) for REF in Good
2026-02-12 21:29:40,943 - pipeline - INFO - Analyzing 1 file(s) for DUT in Good
2026-02-12 21:29:40,958 - pipeline - INFO - Analyzing 2 file(s) for REF in Moderate
2026-02-12 21:29:40,988 - pipeline - INFO - Analyzing 2 file(s) for DUT in Moderate
2026-02-12 21:29:41,019 - pipeline - INFO - Analyzing 2 file(s) for REF in Poor
2026-02-12 21:29:41,060 - pipeline - INFO - Analyzing 2 file(s) for DUT in Poor
2026-02-12 21:29:41,092 - pipeline - INFO - Analyzing 3 file(s) for REF in Good
2026-02-12 21:29:41,205 - pipeline - INFO - Analyzing 1 file(s) for DUT in Good
2026-02-12 21:29:41,240 - pipeline - INFO - Analyzing 2 file(s) for REF in Moderate
2026-02-12 21:29:41,313 - pipeline - INFO - Analyzing 2 file(s) for DUT in Moderate
2026-02-12 21:29:41,386 - pipeline - INFO - Analyzing 2 file(s) for REF in Poor
2026-02-12 21:29:41,460 - pipeline - INFO - Analyzing 2 file(s) for DUT in Poor
2026-02-12 21:29:41,534 - pipeline - INFO - Analyzing 3 file(s) for REF in Good
2026-02-12 21:29:41,642 - pipeline - INFO - Analyzing 1 file(s) for DUT in Good
2026-02-12 21:29:41,670 - pipeline - INFO - Analyzing 2 file(s) for REF in Moderate
2026-02-12 21:29:41,737 - pipeline - INFO - Analyzing 2 file(s) for DUT in Moderate
2026-02-12 21:29:41,802 - pipeline - INFO - Analyzing 2 file(s) for REF in Poor
2026-02-12 21:29:41,868 - pipeline - INFO - Analyzing 2 file(s) for DUT in Poor
2026-02-12 21:29:41,935 - pipeline - INFO - Analyzing 3 file(s) for REF in Good
2026-02-12 21:29:42,040 - pipeline - INFO - Analyzing 1 file(s) for DUT in Good
2026-02-12 21:29:42,068 - pipeline - INFO - Analyzing 2 file(s) for REF in Moderate
2026-02-12 21:29:42,135 - pipeline - INFO - Analyzing 2 file(s) for DUT in Moderate
2026-02-12 21:29:42,200 - pipeline - INFO - Analyzing 2 file(s) for REF in Poor
2026-02-12 21:29:42,266 - pipeline - INFO - Analyzing 2 file(s) for DUT in Poor
2026-02-12 21:29:42,333 - pipeline - INFO - Analyzing 3 file(s) for REF in Good
2026-02-12 21:29:42,445 - pipeline - INFO - Analyzing 1 file(s) for DUT in Good
2026-02-12 21:29:42,482 - pipeline - INFO - Analyzing 2 file(s) for REF in Moderate
2026-02-12 21:29:42,547 - pipeline - INFO - Analyzing 2 file(s) for DUT in Moderate
2026-02-12 21:29:42,610 - pipeline - INFO - Analyzing 2 file(s) for REF in Poor
2026-02-12 21:29:42,672 - pipeline - INFO - Analyzing 2 file(s) for DUT in Poor
2026-02-12 21:29:42,737 - pipeline - INFO - Analyzing 3 file(s) for REF in Good
2026-02-12 21:29:42,835 - pipeline - INFO - Analyzing 1 file(s) for DUT in Good
2026-02-12 21:29:42,861 - pipeline - INFO - Analyzing 2 file(s) for REF in Moderate
2026-02-12 21:29:42,923 - pipeline - INFO - Analyzing 2 file(s) for DUT in Moderate
2026-02-12 21:29:42,983 - pipeline - INFO - Analyzing 2 file(s) for REF in Poor
2026-02-12 21:29:43,040 - pipeline - INFO - Analyzing 2 file(s) for DUT in Poor
2026-02-12 21:29:43,102 - pipeline - INFO - Analyzing 2 file(s) for REF in Moderate
2026-02-12 21:29:43,158 - pipeline - INFO - Analyzing 2 file(s) for DUT in Moderate
2026-02-12 21:29:43,216 - pipeline - INFO - Analyzing 2 file(s) for REF in Poor
2026-02-12 21:29:43,269 - pipeline - INFO - Analyzing 2 file(s) for DUT in Poor
2026-02-12 21:29:43,327 - pipeline - INFO - Analyzing 2 file(s) for REF in Moderate
2026-02-12 21:29:43,375 - pipeline - INFO - Analyzing 2 file(s) for DUT in Moderate
2026-02-12 21:29:43,419 - pipeline - INFO - Analyzing 4 file(s) for REF in Poor
2026-02-12 21:29:43,494 - pipeline - INFO - Analyzing 2 file(s) for REF in Moderate
2026-02-12 21:29:43,572 - pipeline - INFO - Analyzing 2 file(s) for DUT in Moderate
2026-02-12 21:29:43,650 - pipeline - INFO - Analyzing 2 file(s) for REF in Poor
2026-02-12 21:29:43,730 - pipeline - INFO - Analyzing 2 file(s) for DUT in Poor
2026-02-12 21:29:43,813 - pipeline - INFO - Analyzing 2 file(s) for REF in Moderate
2026-02-12 21:29:43,842 - pipeline - INFO - Analyzing 2 file(s) for DUT in Moderate
2026-02-12 21:29:43,871 - pipeline - INFO - Analyzing 2 file(s) for REF in Poor
2026-02-12 21:29:43,904 - pipeline - INFO - Analyzing 2 file(s) for DUT in Poor
2026-02-12 21:29:43,934 - pipeline - INFO - Analyzing 4 file(s) for DUT in Mobility Test
2026-02-12 21:29:44,312 - pipeline - INFO - Analyzing 4 file(s) for REF in Mobility Test
2026-02-12 21:29:44,683 - pipeline - INFO - Analyzing 2 file(s) for REF in Moderate
2026-02-12 21:29:44,755 - pipeline - INFO - Analyzing 2 file(s) for DUT in Moderate
2026-02-12 21:29:44,826 - pipeline - INFO - Analyzing 2 file(s) for REF in Poor
2026-02-12 21:29:44,898 - pipeline - INFO - Analyzing 2 file(s) for DUT in Poor
2026-02-12 21:29:44,975 - pipeline - INFO - Analyzing 2 file(s) for REF in Moderate
2026-02-12 21:29:45,042 - pipeline - INFO - Analyzing 2 file(s) for DUT in Moderate
2026-02-12 21:29:45,101 - pipeline - INFO - Analyzing 2 file(s) for REF in Poor
2026-02-12 21:29:45,166 - pipeline - INFO - Analyzing 2 file(s) for DUT in Poor
2026-02-12 21:29:45,230 - pipeline - INFO - Analyzing 2 file(s) for REF in Moderate
2026-02-12 21:29:45,289 - pipeline - INFO - Analyzing 2 file(s) for DUT in Moderate
2026-02-12 21:29:45,351 - pipeline - INFO - Analyzing 2 file(s) for REF in Poor
2026-02-12 21:29:45,412 - pipeline - INFO - Analyzing 2 file(s) for DUT in Poor
2026-02-12 21:29:45,479 - pipeline - INFO - Analyzing 2 file(s) for REF in Moderate
2026-02-12 21:29:45,542 - pipeline - INFO - Analyzing 2 file(s) for DUT in Moderate
2026-02-12 21:29:45,604 - pipeline - INFO - Analyzing 2 file(s) for REF in Poor
2026-02-12 21:29:45,665 - pipeline - INFO - Analyzing 2 file(s) for DUT in Poor
2026-02-12 21:29:45,726 - pipeline - INFO - Analyzing 2 file(s) for REF in Moderate
2026-02-12 21:29:45,792 - pipeline - INFO - Analyzing 2 file(s) for DUT in Moderate
2026-02-12 21:29:45,857 - pipeline - INFO - Analyzing 2 file(s) for REF in Poor
2026-02-12 21:29:45,913 - pipeline - INFO - Analyzing 2 file(s) for DUT in Poor
2026-02-12 21:29:45,972 - pipeline - INFO - Processing directory-level analyses...
2026-02-12 21:29:45,973 - pipeline - INFO - Analyzing Call Performance root directory: D:/ReportGenerator/Raw Data\#Dry Run\New York\Call Performance
2026-02-12 21:29:45,973 - pipeline - INFO - Analyzing Call performance for scenario: 5G Auto VoNR Disabled CP MO Drive
2026-02-12 21:29:45,973 - pipeline - INFO - Analyzing Call performance for scenario: 5G Auto VoNR Disabled CP MT Drive
2026-02-12 21:29:47,635 - pipeline - INFO - Analyzing Call performance for scenario: 5G Auto VoNR Enabled CP MO Drive
2026-02-12 21:29:47,635 - pipeline - INFO - Analyzing Call performance for scenario: 5G Auto VoNR Enabled CP MT Drive
2026-02-12 21:29:49,361 - pipeline - INFO - Analyzing Coverage directory: D:/ReportGenerator/Raw Data\#Dry Run\New York\Coverage Performance (Type: coverage_coordinate)
2026-02-12 21:29:49,362 - pipeline - INFO - Analyzing Coverage directory: D:/ReportGenerator/Raw Data\#Dry Run\New York\Coverage Performance/5G n41 HPUE Coverage Test (Type: n41_coverage)
2026-02-12 21:29:49,400 - pipeline - INFO - Analyzing Coverage directory: D:/ReportGenerator/Raw Data\#Dry Run\New York\Coverage Performance/5G VoNR Coverage Test (Type: vonr_coverage_performance)
2026-02-12 21:29:50,049 - pipeline - INFO - Analyzing Coverage directory: D:/ReportGenerator/Raw Data\#Dry Run\New York\Coverage Performance/LTE Coverage Test (Type: vonr_coverage_performance)
2026-02-12 21:29:50,393 - pipeline - INFO - Analyzing Google Throughput directory: D:/ReportGenerator/Raw Data\#Dry Run\New York\Data Performance/5G AUTO DP/5G Auto Data Play-store app Download
2026-02-12 21:29:50,394 - pipeline - INFO - Processing Play Store file: _20260122_162123_CH01_REF_TMO_Playstore APP-100MB_NJ_L1.csv (Size: 100M, Device: REF, Location: Good)
2026-02-12 21:29:50,398 - pipeline - INFO - Successfully analyzed _20260122_162123_CH01_REF_TMO_Playstore APP-100MB_NJ_L1.csv: 201.80939047619046
2026-02-12 21:29:50,399 - pipeline - INFO - Processing Play Store file: _20260122_162123_CH02_DUT_TMO_Playstore APP-100MB_NJ_L1.csv (Size: 100M, Device: DUT, Location: Good)
2026-02-12 21:29:50,404 - pipeline - INFO - Successfully analyzed _20260122_162123_CH02_DUT_TMO_Playstore APP-100MB_NJ_L1.csv: 106.65787198912199
2026-02-12 21:29:50,404 - pipeline - INFO - Processing Play Store file: _20260122_163503_CH01_REF_TMO_Playstore 60MB_NJ_L1.csv (Size: 60M, Device: REF, Location: Good)
2026-02-12 21:29:50,411 - pipeline - INFO - Successfully analyzed _20260122_163503_CH01_REF_TMO_Playstore 60MB_NJ_L1.csv: 151.11654
2026-02-12 21:29:50,412 - pipeline - INFO - Processing Play Store file: _20260122_163503_CH02_DUT_TMO_Playstore 60MB_NJ_L1.csv (Size: 60M, Device: DUT, Location: Good)
2026-02-12 21:29:50,418 - pipeline - INFO - Successfully analyzed _20260122_163503_CH02_DUT_TMO_Playstore 60MB_NJ_L1.csv: 154.40230444444444
2026-02-12 21:29:50,418 - pipeline - INFO - Processing Play Store file: _20260122_164816_CH01_REF_TMO_Playstore 30MB_NJ_L1.csv (Size: 30M, Device: REF, Location: Good)
2026-02-12 21:29:50,425 - pipeline - INFO - Successfully analyzed _20260122_164816_CH01_REF_TMO_Playstore 30MB_NJ_L1.csv: 183.348031292517
2026-02-12 21:29:50,425 - pipeline - INFO - Processing Play Store file: _20260122_164816_CH02_DUT_TMO_Playstore 30MB_NJ_L1.csv (Size: 30M, Device: DUT, Location: Good)
2026-02-12 21:29:50,431 - pipeline - INFO - Successfully analyzed _20260122_164816_CH02_DUT_TMO_Playstore 30MB_NJ_L1.csv: 117.78983869911602
2026-02-12 21:29:50,431 - pipeline - INFO - Processing Play Store file: _20260203_141400_CH01_NYC TMO_5G Auto_5G DP Play Store 60M _NYC L1 DUT_.csv (Size: 60M, Device: DUT, Location: Good)
2026-02-12 21:29:50,436 - pipeline - INFO - Successfully analyzed _20260203_141400_CH01_NYC TMO_5G Auto_5G DP Play Store 60M _NYC L1 DUT_.csv: 140.6186
2026-02-12 21:29:50,436 - pipeline - INFO - Processing Play Store file: _20260203_141400_CH02_NYC TMO_5G Auto_5G DP Play Store 60M _NYC L1 REF_.csv (Size: 60M, Device: REF, Location: Good)
2026-02-12 21:29:50,441 - pipeline - INFO - Successfully analyzed _20260203_141400_CH02_NYC TMO_5G Auto_5G DP Play Store 60M _NYC L1 REF_.csv: 238.354
2026-02-12 21:29:50,441 - pipeline - INFO - Processing Play Store file: _20260203_141528_CH01_NYC TMO_5G Auto_5G DP Play Store 30M _NYC L1 DUT_.csv (Size: 30M, Device: DUT, Location: Good)
2026-02-12 21:29:50,446 - pipeline - INFO - Successfully analyzed _20260203_141528_CH01_NYC TMO_5G Auto_5G DP Play Store 30M _NYC L1 DUT_.csv: 78.27300000000001
2026-02-12 21:29:50,446 - pipeline - INFO - Processing Play Store file: _20260203_141528_CH02_NYC TMO_5G Auto_5G DP Play Store 30M _NYC L1 REF_.csv (Size: 30M, Device: REF, Location: Good)
2026-02-12 21:29:50,450 - pipeline - INFO - Successfully analyzed _20260203_141528_CH02_NYC TMO_5G Auto_5G DP Play Store 30M _NYC L1 REF_.csv: 75.78566666666667
2026-02-12 21:29:50,451 - pipeline - INFO - Processing Play Store file: _20260203_141714_CH01_NYC TMO_5G Auto_5G DP Play Store 100M _NYC L1 DUT_.csv (Size: 100M, Device: DUT, Location: Good)
2026-02-12 21:29:50,455 - pipeline - INFO - Successfully analyzed _20260203_141714_CH01_NYC TMO_5G Auto_5G DP Play Store 100M _NYC L1 DUT_.csv: 262.726
2026-02-12 21:29:50,455 - pipeline - INFO - Processing Play Store file: _20260203_141714_CH02_NYC TMO_5G Auto_5G DP Play Store 100M _NYC L1 REF_.csv (Size: 100M, Device: REF, Location: Good)
2026-02-12 21:29:50,460 - pipeline - INFO - Successfully analyzed _20260203_141714_CH02_NYC TMO_5G Auto_5G DP Play Store 100M _NYC L1 REF_.csv: 263.202
2026-02-12 21:29:50,460 - pipeline - INFO - Processing Play Store file: _20260123_142447_CH01_REF_TMO_Play Store 100 MB_NJ_L2.csv (Size: 100M, Device: REF, Location: Moderate)
2026-02-12 21:29:50,465 - pipeline - INFO - Successfully analyzed _20260123_142447_CH01_REF_TMO_Play Store 100 MB_NJ_L2.csv: 199.38622564102565
2026-02-12 21:29:50,465 - pipeline - INFO - Processing Play Store file: _20260123_142447_CH02_DUT_TMO_Play Store 100 MB_NJ_L2.csv (Size: 100M, Device: DUT, Location: Moderate)
2026-02-12 21:29:50,470 - pipeline - INFO - Successfully analyzed _20260123_142447_CH02_DUT_TMO_Play Store 100 MB_NJ_L2.csv: 130.38925768359607
2026-02-12 21:29:50,470 - pipeline - INFO - Processing Play Store file: _20260123_143839_CH01_REF_TMO_Play Store 60 MB_NJ_L2.csv (Size: 60M, Device: REF, Location: Moderate)
2026-02-12 21:29:50,475 - pipeline - INFO - Successfully analyzed _20260123_143839_CH01_REF_TMO_Play Store 60 MB_NJ_L2.csv: 134.55456031746033
2026-02-12 21:29:50,475 - pipeline - INFO - Processing Play Store file: _20260123_143839_CH02_DUT_TMO_Play Store 60 MB_NJ_L2.csv (Size: 60M, Device: DUT, Location: Moderate)
2026-02-12 21:29:50,480 - pipeline - INFO - Successfully analyzed _20260123_143839_CH02_DUT_TMO_Play Store 60 MB_NJ_L2.csv: 144.7251455782313
2026-02-12 21:29:50,480 - pipeline - INFO - Processing Play Store file: _20260123_144448_CH01_REF_TMO_Play Store 30 MB_NJ_L2.csv (Size: 30M, Device: REF, Location: Moderate)
2026-02-12 21:29:50,484 - pipeline - INFO - Successfully analyzed _20260123_144448_CH01_REF_TMO_Play Store 30 MB_NJ_L2.csv: 74.65798181818182
2026-02-12 21:29:50,485 - pipeline - INFO - Processing Play Store file: _20260123_144448_CH02_DUT_TMO_Play Store 30 MB_NJ_L2.csv (Size: 30M, Device: DUT, Location: Moderate)
2026-02-12 21:29:50,490 - pipeline - INFO - Successfully analyzed _20260123_144448_CH02_DUT_TMO_Play Store 30 MB_NJ_L2.csv: 63.67727272727273
2026-02-12 21:29:50,490 - pipeline - INFO - Processing Play Store file: _20260202_204910_CH01_NJNYC TMO_5G AUTO_PLAY STORE 30MB_L2 REF_.csv (Size: 30M, Device: REF, Location: Moderate)
2026-02-12 21:29:50,497 - pipeline - INFO - Successfully analyzed _20260202_204910_CH01_NJNYC TMO_5G AUTO_PLAY STORE 30MB_L2 REF_.csv: 196.85621014492753
2026-02-12 21:29:50,498 - pipeline - INFO - Processing Play Store file: _20260202_204910_CH02_NJNYC TMO_5G AUTO_PLAY STORE 30MB_L2 DUT_.csv (Size: 30M, Device: DUT, Location: Moderate)
2026-02-12 21:29:50,505 - pipeline - INFO - Successfully analyzed _20260202_204910_CH02_NJNYC TMO_5G AUTO_PLAY STORE 30MB_L2 DUT_.csv: 119.37199855072464
2026-02-12 21:29:50,506 - pipeline - INFO - Processing Play Store file: _20260202_212127_CH01_NJNYC TMO_5G AUTO_PLAY STORE 60MB_L2 REF_.csv (Size: 60M, Device: REF, Location: Moderate)
2026-02-12 21:29:50,512 - pipeline - INFO - Successfully analyzed _20260202_212127_CH01_NJNYC TMO_5G AUTO_PLAY STORE 60MB_L2 REF_.csv: 176.1300491883117
2026-02-12 21:29:50,513 - pipeline - INFO - Processing Play Store file: _20260202_212127_CH02_NJNYC TMO_5G AUTO_PLAY STORE 60MB_L2 DUT_.csv (Size: 60M, Device: DUT, Location: Moderate)
2026-02-12 21:29:50,520 - pipeline - INFO - Successfully analyzed _20260202_212127_CH02_NJNYC TMO_5G AUTO_PLAY STORE 60MB_L2 DUT_.csv: 117.79193697916666
2026-02-12 21:29:50,520 - pipeline - INFO - Processing Play Store file: _20260202_212648_CH01_NJNYC TMO_5G AUTO_PLAY STORE 100MB_L2 REF_.csv (Size: 100M, Device: REF, Location: Moderate)
2026-02-12 21:29:50,527 - pipeline - INFO - Successfully analyzed _20260202_212648_CH01_NJNYC TMO_5G AUTO_PLAY STORE 100MB_L2 REF_.csv: 149.105912676733
2026-02-12 21:29:50,528 - pipeline - INFO - Processing Play Store file: _20260202_212648_CH02_NJNYC TMO_5G AUTO_PLAY STORE 100MB_L2 DUT_.csv (Size: 100M, Device: DUT, Location: Moderate)
2026-02-12 21:29:50,535 - pipeline - INFO - Successfully analyzed _20260202_212648_CH02_NJNYC TMO_5G AUTO_PLAY STORE 100MB_L2 DUT_.csv: 104.78977219980874
2026-02-12 21:29:50,535 - pipeline - INFO - Processing Play Store file: _20260124_194023_CH01_REF_TMO-AUTO_Playstore 100MB Downlink_NJ_L3.csv (Size: 100M, Device: REF, Location: Poor)
2026-02-12 21:29:50,541 - pipeline - INFO - Successfully analyzed _20260124_194023_CH01_REF_TMO-AUTO_Playstore 100MB Downlink_NJ_L3.csv: 49.54232289238539
2026-02-12 21:29:50,541 - pipeline - INFO - Processing Play Store file: _20260124_194023_CH02_DUT_TMO-AUTO_Playstore 100MB Downlink_NJ_L3.csv (Size: 100M, Device: DUT, Location: Poor)
2026-02-12 21:29:50,547 - pipeline - INFO - Successfully analyzed _20260124_194023_CH02_DUT_TMO-AUTO_Playstore 100MB Downlink_NJ_L3.csv: 83.81849905911082
2026-02-12 21:29:50,547 - pipeline - INFO - Processing Play Store file: _20260124_200014_CH01_REF_TMO-AUTO_Playstore 60MB Downlink_NJ_L3.csv (Size: 60M, Device: REF, Location: Poor)
2026-02-12 21:29:50,554 - pipeline - INFO - Successfully analyzed _20260124_200014_CH01_REF_TMO-AUTO_Playstore 60MB Downlink_NJ_L3.csv: 58.24894230560767
2026-02-12 21:29:50,554 - pipeline - INFO - Processing Play Store file: _20260124_200014_CH02_DUT_TMO-AUTO_Playstore 60MB Downlink_NJ_L3.csv (Size: 60M, Device: DUT, Location: Poor)
2026-02-12 21:29:50,560 - pipeline - INFO - Successfully analyzed _20260124_200014_CH02_DUT_TMO-AUTO_Playstore 60MB Downlink_NJ_L3.csv: 65.55823299416632
2026-02-12 21:29:50,560 - pipeline - INFO - Processing Play Store file: _20260124_201137_CH01_REF_TMO-AUTO_Playstore 30MB Downlink_NJ_L3.csv (Size: 30M, Device: REF, Location: Poor)
2026-02-12 21:29:50,567 - pipeline - INFO - Successfully analyzed _20260124_201137_CH01_REF_TMO-AUTO_Playstore 30MB Downlink_NJ_L3.csv: 51.13884175824176
2026-02-12 21:29:50,567 - pipeline - INFO - Processing Play Store file: _20260124_201137_CH02_DUT_TMO-AUTO_Playstore 30MB Downlink_NJ_L3.csv (Size: 30M, Device: DUT, Location: Poor)
2026-02-12 21:29:50,573 - pipeline - INFO - Successfully analyzed _20260124_201137_CH02_DUT_TMO-AUTO_Playstore 30MB Downlink_NJ_L3.csv: 51.62678260869565
2026-02-12 21:29:50,573 - pipeline - INFO - Processing Play Store file: _20260203_180004_CH01_NJNYC TMO_5G AUTO_Playstore 30MB_L3 REF_.csv (Size: 30M, Device: REF, Location: Poor)
2026-02-12 21:29:50,580 - pipeline - INFO - Successfully analyzed _20260203_180004_CH01_NJNYC TMO_5G AUTO_Playstore 30MB_L3 REF_.csv: 124.50955311355311
2026-02-12 21:29:50,580 - pipeline - INFO - Processing Play Store file: _20260203_180004_CH02_NJNYC TMO_5G AUTO_Playstore 30MB_L3 DUT_.csv (Size: 30M, Device: DUT, Location: Poor)
2026-02-12 21:29:50,587 - pipeline - INFO - Successfully analyzed _20260203_180004_CH02_NJNYC TMO_5G AUTO_Playstore 30MB_L3 DUT_.csv: 89.59927121212121
2026-02-12 21:29:50,587 - pipeline - INFO - Processing Play Store file: _20260203_180549_CH01_NJNYC TMO_5G AUTO_Playstore 60MB_L3 REF_.csv (Size: 60M, Device: REF, Location: Poor)
2026-02-12 21:29:50,594 - pipeline - INFO - Successfully analyzed _20260203_180549_CH01_NJNYC TMO_5G AUTO_Playstore 60MB_L3 REF_.csv: 141.11671079545454
2026-02-12 21:29:50,594 - pipeline - INFO - Processing Play Store file: _20260203_180549_CH02_NJNYC TMO_5G AUTO_Playstore 60MB_L3 DUT_.csv (Size: 60M, Device: DUT, Location: Poor)
2026-02-12 21:29:50,600 - pipeline - INFO - Successfully analyzed _20260203_180549_CH02_NJNYC TMO_5G AUTO_Playstore 60MB_L3 DUT_.csv: 99.62210783279221
2026-02-12 21:29:50,601 - pipeline - INFO - Processing Play Store file: _20260203_181036_CH01_NJNYC TMO_5G AUTO_Playstore 100MB_L3 REF_.csv (Size: 100M, Device: REF, Location: Poor)
2026-02-12 21:29:50,609 - pipeline - INFO - Successfully analyzed _20260203_181036_CH01_NJNYC TMO_5G AUTO_Playstore 100MB_L3 REF_.csv: 251.54180277777778
2026-02-12 21:29:50,609 - pipeline - INFO - Processing Play Store file: _20260203_181036_CH02_NJNYC TMO_5G AUTO_Playstore 100MB_L3 DUT_.csv (Size: 100M, Device: DUT, Location: Poor)
2026-02-12 21:29:50,616 - pipeline - INFO - Successfully analyzed _20260203_181036_CH02_NJNYC TMO_5G AUTO_Playstore 100MB_L3 DUT_.csv: 72.53284699869847
2026-02-12 21:29:50,617 - pipeline - INFO - Google Throughput analysis directory processing complete. Results found: True
2026-02-12 21:29:50,617 - pipeline - INFO - Analyzing MHS Drive directory: D:/ReportGenerator/Raw Data\#Dry Run\New York\Data Performance/5G AUTO DP/Mobility Test/5G Auto Data Test MHS Drive
2026-02-12 21:29:50,617 - pipeline - INFO - Analyzing MHS Drive directory: D:/ReportGenerator/Raw Data\#Dry Run\New York\Data Performance/5G AUTO DP/Mobility Test/5G Auto Data Test Drive
2026-02-12 21:29:52,574 - pipeline - INFO - Analyzing MHS Drive directory: D:/ReportGenerator/Raw Data\#Dry Run\New York\Data Performance/5G NSA DP/Mobility Test
2026-02-12 21:29:54,492 - pipeline - INFO - Running post-processing (VqLineChart, Coverage extraction)...
2026-02-12 21:29:54,587 - pipeline - INFO - Checking for CDF Throughput data to export...
2026-02-12 21:29:54,617 - pipeline - INFO - Exported 57 CDF throughput JSON files to D:/ReportGenerator/report-generator-app/public/AnalyzeResults\#Dry Run\New York\cdf_throughput_data
2026-02-12 21:29:54,624 - pipeline - INFO - Data Performance results exported to D:/ReportGenerator/report-generator-app/public/AnalyzeResults\#Dry Run\New York\data_performance_results.json
2026-02-12 21:29:54,625 - pipeline - INFO - Call Performance results exported to D:/ReportGenerator/report-generator-app/public/AnalyzeResults\#Dry Run\New York\call_performance_results.json
2026-02-12 21:29:54,629 - pipeline - INFO - Coverage Performance results exported to D:/ReportGenerator/report-generator-app/public/AnalyzeResults\#Dry Run\New York\coverage_performance_results.json
2026-02-12 21:29:54,630 - pipeline - INFO - Processing summary exported to D:/ReportGenerator/report-generator-app/public/AnalyzeResults\#Dry Run\New York\processing_summary.json
2026-02-12 21:29:54,631 - pipeline - INFO - Running final data validation...
2026-02-12 21:29:54,667 - pipeline - WARNING - Summary of Empty collections found in JSON files:
2026-02-12 21:29:54,668 - pipeline - WARNING -   - call_performance_results.json -> Call Performance -> 5G Auto VoNR Disabled CP MO Drive -> DUT -> call_result_distribution -> Empty Dictionary
2026-02-12 21:29:54,668 - pipeline - WARNING -   - call_performance_results.json -> Call Performance -> 5G Auto VoNR Disabled CP MO Drive -> DUT -> rat_distribution -> Empty Dictionary
2026-02-12 21:29:54,668 - pipeline - WARNING -   - call_performance_results.json -> Call Performance -> 5G Auto VoNR Disabled CP MO Drive -> REF -> call_result_distribution -> Empty Dictionary
2026-02-12 21:29:54,668 - pipeline - WARNING -   - call_performance_results.json -> Call Performance -> 5G Auto VoNR Disabled CP MO Drive -> REF -> rat_distribution -> Empty Dictionary
2026-02-12 21:29:54,669 - pipeline - WARNING -   - call_performance_results.json -> Call Performance -> 5G Auto VoNR Enabled CP MO Drive -> DUT -> call_result_distribution -> Empty Dictionary
2026-02-12 21:29:54,669 - pipeline - WARNING -   - call_performance_results.json -> Call Performance -> 5G Auto VoNR Enabled CP MO Drive -> DUT -> rat_distribution -> Empty Dictionary
2026-02-12 21:29:54,669 - pipeline - WARNING -   - call_performance_results.json -> Call Performance -> 5G Auto VoNR Enabled CP MO Drive -> REF -> call_result_distribution -> Empty Dictionary
2026-02-12 21:29:54,669 - pipeline - WARNING -   - call_performance_results.json -> Call Performance -> 5G Auto VoNR Enabled CP MO Drive -> REF -> rat_distribution -> Empty Dictionary
2026-02-12 21:29:54,669 - pipeline - INFO - Pipeline execution completed. Results in: D:/ReportGenerator/report-generator-app/public/AnalyzeResults\#Dry Run\New York
2026-02-12 21:29:54,673 - pipeline - INFO - Project: #Dry Run
2026-02-12 21:29:54,673 - pipeline - INFO - Project: #Dry Run
2026-02-12 21:29:54,673 - pipeline - INFO - Market: Seattle
2026-02-12 21:29:54,673 - pipeline - INFO - Market: Seattle
2026-02-12 21:29:54,674 - pipeline - INFO - Reading from: D:/ReportGenerator/Raw Data\#Dry Run\Seattle
2026-02-12 21:29:54,674 - pipeline - INFO - Reading from: D:/ReportGenerator/Raw Data\#Dry Run\Seattle
2026-02-12 21:29:54,674 - pipeline - INFO - Writing to: D:/ReportGenerator/report-generator-app/public/AnalyzeResults\#Dry Run\Seattle
2026-02-12 21:29:54,674 - pipeline - INFO - Writing to: D:/ReportGenerator/report-generator-app/public/AnalyzeResults\#Dry Run\Seattle
2026-02-12 21:29:54,674 - pipeline - INFO - Starting analysis pipeline...
2026-02-12 21:29:54,674 - pipeline - INFO - Starting analysis pipeline...
2026-02-12 21:29:54,680 - pipeline - INFO - Grouping 170 CSV files by directory and device type...
2026-02-12 21:29:54,680 - pipeline - INFO - Grouping 170 CSV files by directory and device type...
2026-02-12 21:29:54,682 - pipeline - INFO - Created 73 file groups for analysis
2026-02-12 21:29:54,682 - pipeline - INFO - Created 73 file groups for analysis
2026-02-12 21:29:54,682 - pipeline - INFO - Analyzing 4 file(s) for REF in 5G Auto Data Web-Kepler
2026-02-12 21:29:54,682 - pipeline - INFO - Analyzing 4 file(s) for REF in 5G Auto Data Web-Kepler
2026-02-12 21:29:54,683 - pipeline - INFO - Analyzing 1 file(s) for REF in 5G VoNR MRAB Stationary
2026-02-12 21:29:54,683 - pipeline - INFO - Analyzing 1 file(s) for REF in 5G VoNR MRAB Stationary
2026-02-12 21:29:54,683 - pipeline - INFO - Analyzing MRAB Performance for: ['D:/ReportGenerator/Raw Data\\#Dry Run\\Seattle\\Data Performance/5G AUTO DP\\5G VoNR MRAB Stationary\\_20260208_174927_CH01_TMO_5G DP_VoNR MRAB Stationary_L1 REF_SEA.csv']
2026-02-12 21:29:54,683 - pipeline - INFO - Analyzing MRAB Performance for: ['D:/ReportGenerator/Raw Data\\#Dry Run\\Seattle\\Data Performance/5G AUTO DP\\5G VoNR MRAB Stationary\\_20260208_174927_CH01_TMO_5G DP_VoNR MRAB Stationary_L1 REF_SEA.csv']
2026-02-12 21:29:54,699 - pipeline - INFO - Analyzing 1 file(s) for DUT in 5G VoNR MRAB Stationary
2026-02-12 21:29:54,699 - pipeline - INFO - Analyzing 1 file(s) for DUT in 5G VoNR MRAB Stationary
2026-02-12 21:29:54,700 - pipeline - INFO - Analyzing MRAB Performance for: ['D:/ReportGenerator/Raw Data\\#Dry Run\\Seattle\\Data Performance/5G AUTO DP\\5G VoNR MRAB Stationary\\_20260208_174927_CH02_TMO_5G DP_VoNR MRAB Stationary_L1 DUT_SEA.csv']
2026-02-12 21:29:54,700 - pipeline - INFO - Analyzing MRAB Performance for: ['D:/ReportGenerator/Raw Data\\#Dry Run\\Seattle\\Data Performance/5G AUTO DP\\5G VoNR MRAB Stationary\\_20260208_174927_CH02_TMO_5G DP_VoNR MRAB Stationary_L1 DUT_SEA.csv']
2026-02-12 21:29:54,717 - pipeline - INFO - Analyzing 2 file(s) for REF in Good
2026-02-12 21:29:54,717 - pipeline - INFO - Analyzing 2 file(s) for REF in Good
2026-02-12 21:29:54,786 - pipeline - INFO - Analyzing 4 file(s) for REF in Moderate
2026-02-12 21:29:54,786 - pipeline - INFO - Analyzing 4 file(s) for REF in Moderate
2026-02-12 21:29:54,895 - pipeline - INFO - Analyzing 4 file(s) for REF in Poor
2026-02-12 21:29:54,895 - pipeline - INFO - Analyzing 4 file(s) for REF in Poor
2026-02-12 21:29:54,976 - pipeline - INFO - Analyzing 2 file(s) for REF in Good
2026-02-12 21:29:54,976 - pipeline - INFO - Analyzing 2 file(s) for REF in Good
2026-02-12 21:29:55,035 - pipeline - INFO - Analyzing 2 file(s) for REF in Moderate
2026-02-12 21:29:55,035 - pipeline - INFO - Analyzing 2 file(s) for REF in Moderate
2026-02-12 21:29:55,095 - pipeline - INFO - Analyzing 2 file(s) for REF in Poor
2026-02-12 21:29:55,095 - pipeline - INFO - Analyzing 2 file(s) for REF in Poor
2026-02-12 21:29:55,155 - pipeline - INFO - Analyzing 2 file(s) for REF in Good
2026-02-12 21:29:55,155 - pipeline - INFO - Analyzing 2 file(s) for REF in Good
2026-02-12 21:29:55,276 - pipeline - INFO - Analyzing 2 file(s) for REF in Moderate
2026-02-12 21:29:55,276 - pipeline - INFO - Analyzing 2 file(s) for REF in Moderate
2026-02-12 21:29:55,405 - pipeline - INFO - Analyzing 2 file(s) for REF in Poor
2026-02-12 21:29:55,405 - pipeline - INFO - Analyzing 2 file(s) for REF in Poor
2026-02-12 21:29:55,588 - pipeline - INFO - Analyzing 2 file(s) for REF in Good
2026-02-12 21:29:55,588 - pipeline - INFO - Analyzing 2 file(s) for REF in Good
2026-02-12 21:29:55,661 - pipeline - INFO - Analyzing 2 file(s) for REF in Moderate
2026-02-12 21:29:55,661 - pipeline - INFO - Analyzing 2 file(s) for REF in Moderate
2026-02-12 21:29:55,751 - pipeline - INFO - Analyzing 2 file(s) for REF in Poor
2026-02-12 21:29:55,751 - pipeline - INFO - Analyzing 2 file(s) for REF in Poor
2026-02-12 21:29:55,839 - pipeline - INFO - Analyzing 2 file(s) for REF in Moderate
2026-02-12 21:29:55,839 - pipeline - INFO - Analyzing 2 file(s) for REF in Moderate
2026-02-12 21:29:55,928 - pipeline - INFO - Analyzing 2 file(s) for REF in Poor
2026-02-12 21:29:55,928 - pipeline - INFO - Analyzing 2 file(s) for REF in Poor
2026-02-12 21:29:56,009 - pipeline - INFO - Analyzing 2 file(s) for REF in Moderate
2026-02-12 21:29:56,009 - pipeline - INFO - Analyzing 2 file(s) for REF in Moderate
2026-02-12 21:29:56,085 - pipeline - INFO - Analyzing 2 file(s) for REF in Poor
2026-02-12 21:29:56,085 - pipeline - INFO - Analyzing 2 file(s) for REF in Poor
2026-02-12 21:29:56,142 - pipeline - INFO - Analyzing 2 file(s) for REF in Moderate
2026-02-12 21:29:56,142 - pipeline - INFO - Analyzing 2 file(s) for REF in Moderate
2026-02-12 21:29:56,275 - pipeline - INFO - Analyzing 2 file(s) for REF in Poor
2026-02-12 21:29:56,275 - pipeline - INFO - Analyzing 2 file(s) for REF in Poor
2026-02-12 21:29:56,379 - pipeline - INFO - Analyzing 2 file(s) for REF in Moderate
2026-02-12 21:29:56,379 - pipeline - INFO - Analyzing 2 file(s) for REF in Moderate
2026-02-12 21:29:56,417 - pipeline - INFO - Analyzing 2 file(s) for REF in Poor
2026-02-12 21:29:56,417 - pipeline - INFO - Analyzing 2 file(s) for REF in Poor
2026-02-12 21:29:56,490 - pipeline - INFO - Analyzing 2 file(s) for REF in Moderate
2026-02-12 21:29:56,490 - pipeline - INFO - Analyzing 2 file(s) for REF in Moderate
2026-02-12 21:29:56,572 - pipeline - INFO - Analyzing 2 file(s) for REF in Poor
2026-02-12 21:29:56,572 - pipeline - INFO - Analyzing 2 file(s) for REF in Poor
2026-02-12 21:29:56,668 - pipeline - INFO - Analyzing 2 file(s) for REF in Moderate
2026-02-12 21:29:56,668 - pipeline - INFO - Analyzing 2 file(s) for REF in Moderate
2026-02-12 21:29:56,773 - pipeline - INFO - Analyzing 2 file(s) for REF in Poor
2026-02-12 21:29:56,773 - pipeline - INFO - Analyzing 2 file(s) for REF in Poor
2026-02-12 21:29:56,867 - pipeline - INFO - Analyzing 2 file(s) for REF in Moderate
2026-02-12 21:29:56,867 - pipeline - INFO - Analyzing 2 file(s) for REF in Moderate
2026-02-12 21:29:56,950 - pipeline - INFO - Analyzing 2 file(s) for REF in Poor
2026-02-12 21:29:56,950 - pipeline - INFO - Analyzing 2 file(s) for REF in Poor
2026-02-12 21:29:57,025 - pipeline - INFO - Analyzing 2 file(s) for REF in Moderate
2026-02-12 21:29:57,025 - pipeline - INFO - Analyzing 2 file(s) for REF in Moderate
2026-02-12 21:29:57,089 - pipeline - INFO - Analyzing 4 file(s) for REF in Poor
2026-02-12 21:29:57,089 - pipeline - INFO - Analyzing 4 file(s) for REF in Poor
2026-02-12 21:29:57,179 - pipeline - INFO - Analyzing 2 file(s) for REF in Moderate
2026-02-12 21:29:57,179 - pipeline - INFO - Analyzing 2 file(s) for REF in Moderate
2026-02-12 21:29:57,236 - pipeline - INFO - Analyzing 4 file(s) for REF in Poor
2026-02-12 21:29:57,236 - pipeline - INFO - Analyzing 4 file(s) for REF in Poor
2026-02-12 21:29:57,325 - pipeline - INFO - Analyzing 2 file(s) for REF in Good
2026-02-12 21:29:57,325 - pipeline - INFO - Analyzing 2 file(s) for REF in Good
2026-02-12 21:29:57,409 - pipeline - INFO - Analyzing 2 file(s) for REF in Moderate
2026-02-12 21:29:57,409 - pipeline - INFO - Analyzing 2 file(s) for REF in Moderate
2026-02-12 21:29:57,503 - pipeline - INFO - Analyzing 2 file(s) for REF in Poor
2026-02-12 21:29:57,503 - pipeline - INFO - Analyzing 2 file(s) for REF in Poor
2026-02-12 21:29:57,589 - pipeline - INFO - Analyzing 4 file(s) for REF in Good
2026-02-12 21:29:57,589 - pipeline - INFO - Analyzing 4 file(s) for REF in Good
2026-02-12 21:29:57,694 - pipeline - INFO - Analyzing 2 file(s) for REF in Moderate
2026-02-12 21:29:57,694 - pipeline - INFO - Analyzing 2 file(s) for REF in Moderate
2026-02-12 21:29:57,773 - pipeline - INFO - Analyzing 2 file(s) for REF in Poor
2026-02-12 21:29:57,773 - pipeline - INFO - Analyzing 2 file(s) for REF in Poor
2026-02-12 21:29:57,851 - pipeline - INFO - Analyzing 4 file(s) for REF in Good
2026-02-12 21:29:57,851 - pipeline - INFO - Analyzing 4 file(s) for REF in Good
2026-02-12 21:29:57,965 - pipeline - INFO - Analyzing 2 file(s) for REF in Moderate
2026-02-12 21:29:57,965 - pipeline - INFO - Analyzing 2 file(s) for REF in Moderate
2026-02-12 21:29:58,042 - pipeline - INFO - Analyzing 2 file(s) for REF in Poor
2026-02-12 21:29:58,042 - pipeline - INFO - Analyzing 2 file(s) for REF in Poor
2026-02-12 21:29:58,114 - pipeline - INFO - Analyzing 2 file(s) for REF in Good
2026-02-12 21:29:58,114 - pipeline - INFO - Analyzing 2 file(s) for REF in Good
2026-02-12 21:29:58,182 - pipeline - INFO - Analyzing 2 file(s) for REF in Moderate
2026-02-12 21:29:58,182 - pipeline - INFO - Analyzing 2 file(s) for REF in Moderate
2026-02-12 21:29:58,249 - pipeline - INFO - Analyzing 2 file(s) for REF in Poor
2026-02-12 21:29:58,249 - pipeline - INFO - Analyzing 2 file(s) for REF in Poor
2026-02-12 21:29:58,320 - pipeline - INFO - Analyzing 2 file(s) for REF in Good
2026-02-12 21:29:58,320 - pipeline - INFO - Analyzing 2 file(s) for REF in Good
2026-02-12 21:29:58,390 - pipeline - INFO - Analyzing 2 file(s) for REF in Moderate
2026-02-12 21:29:58,390 - pipeline - INFO - Analyzing 2 file(s) for REF in Moderate
2026-02-12 21:29:58,460 - pipeline - INFO - Analyzing 2 file(s) for REF in Poor
2026-02-12 21:29:58,460 - pipeline - INFO - Analyzing 2 file(s) for REF in Poor
2026-02-12 21:29:58,526 - pipeline - INFO - Analyzing 2 file(s) for REF in Moderate
2026-02-12 21:29:58,526 - pipeline - INFO - Analyzing 2 file(s) for REF in Moderate
2026-02-12 21:29:58,590 - pipeline - INFO - Analyzing 2 file(s) for REF in Poor
2026-02-12 21:29:58,590 - pipeline - INFO - Analyzing 2 file(s) for REF in Poor
2026-02-12 21:29:58,654 - pipeline - INFO - Analyzing 2 file(s) for REF in Moderate
2026-02-12 21:29:58,654 - pipeline - INFO - Analyzing 2 file(s) for REF in Moderate
2026-02-12 21:29:58,706 - pipeline - INFO - Analyzing 2 file(s) for REF in Poor
2026-02-12 21:29:58,706 - pipeline - INFO - Analyzing 2 file(s) for REF in Poor
2026-02-12 21:29:58,758 - pipeline - INFO - Analyzing 2 file(s) for REF in Moderate
2026-02-12 21:29:58,758 - pipeline - INFO - Analyzing 2 file(s) for REF in Moderate
2026-02-12 21:29:58,854 - pipeline - INFO - Analyzing 2 file(s) for REF in Poor
2026-02-12 21:29:58,854 - pipeline - INFO - Analyzing 2 file(s) for REF in Poor
2026-02-12 21:29:58,954 - pipeline - INFO - Analyzing 2 file(s) for REF in Moderate
2026-02-12 21:29:58,954 - pipeline - INFO - Analyzing 2 file(s) for REF in Moderate
2026-02-12 21:29:59,024 - pipeline - INFO - Analyzing 2 file(s) for REF in Poor
2026-02-12 21:29:59,024 - pipeline - INFO - Analyzing 2 file(s) for REF in Poor
2026-02-12 21:29:59,097 - pipeline - INFO - Analyzing 2 file(s) for REF in Moderate
2026-02-12 21:29:59,097 - pipeline - INFO - Analyzing 2 file(s) for REF in Moderate
2026-02-12 21:29:59,181 - pipeline - INFO - Analyzing 2 file(s) for REF in Poor
2026-02-12 21:29:59,181 - pipeline - INFO - Analyzing 2 file(s) for REF in Poor
2026-02-12 21:29:59,261 - pipeline - INFO - Analyzing 2 file(s) for REF in Moderate
2026-02-12 21:29:59,261 - pipeline - INFO - Analyzing 2 file(s) for REF in Moderate
2026-02-12 21:29:59,338 - pipeline - INFO - Analyzing 2 file(s) for REF in Poor
2026-02-12 21:29:59,338 - pipeline - INFO - Analyzing 2 file(s) for REF in Poor
2026-02-12 21:29:59,408 - pipeline - INFO - Analyzing 2 file(s) for REF in Moderate
2026-02-12 21:29:59,408 - pipeline - INFO - Analyzing 2 file(s) for REF in Moderate
2026-02-12 21:29:59,484 - pipeline - INFO - Analyzing 2 file(s) for REF in Poor
2026-02-12 21:29:59,484 - pipeline - INFO - Analyzing 2 file(s) for REF in Poor
2026-02-12 21:29:59,564 - pipeline - INFO - Analyzing 2 file(s) for REF in Moderate
2026-02-12 21:29:59,564 - pipeline - INFO - Analyzing 2 file(s) for REF in Moderate
2026-02-12 21:29:59,633 - pipeline - INFO - Analyzing 2 file(s) for REF in Poor
2026-02-12 21:29:59,633 - pipeline - INFO - Analyzing 2 file(s) for REF in Poor
2026-02-12 21:29:59,703 - pipeline - INFO - Analyzing 4 file(s) for REF in Moderate
2026-02-12 21:29:59,703 - pipeline - INFO - Analyzing 4 file(s) for REF in Moderate
2026-02-12 21:29:59,810 - pipeline - INFO - Analyzing 2 file(s) for REF in Poor
2026-02-12 21:29:59,810 - pipeline - INFO - Analyzing 2 file(s) for REF in Poor
2026-02-12 21:29:59,884 - pipeline - INFO - Processing directory-level analyses...
2026-02-12 21:29:59,884 - pipeline - INFO - Processing directory-level analyses...
2026-02-12 21:29:59,884 - pipeline - INFO - Analyzing Coverage directory: D:/ReportGenerator/Raw Data\#Dry Run\Seattle\Coverage Performance (Type: coverage_coordinate)
2026-02-12 21:29:59,884 - pipeline - INFO - Analyzing Coverage directory: D:/ReportGenerator/Raw Data\#Dry Run\Seattle\Coverage Performance (Type: coverage_coordinate)
2026-02-12 21:29:59,885 - pipeline - INFO - Analyzing Coverage directory: D:/ReportGenerator/Raw Data\#Dry Run\Seattle\Coverage Performance/5G n41 HPUE Coverage Test (Type: n41_coverage)
2026-02-12 21:29:59,885 - pipeline - INFO - Analyzing Coverage directory: D:/ReportGenerator/Raw Data\#Dry Run\Seattle\Coverage Performance/5G n41 HPUE Coverage Test (Type: n41_coverage)
2026-02-12 21:29:59,920 - pipeline - INFO - Analyzing Coverage directory: D:/ReportGenerator/Raw Data\#Dry Run\Seattle\Coverage Performance/5G VoNR Coverage Test (Type: vonr_coverage_performance)
2026-02-12 21:29:59,920 - pipeline - INFO - Analyzing Coverage directory: D:/ReportGenerator/Raw Data\#Dry Run\Seattle\Coverage Performance/5G VoNR Coverage Test (Type: vonr_coverage_performance)
2026-02-12 21:30:00,636 - pipeline - INFO - Analyzing Coverage directory: D:/ReportGenerator/Raw Data\#Dry Run\Seattle\Coverage Performance/LTE Coverage Test (Type: vonr_coverage_performance)
2026-02-12 21:30:00,636 - pipeline - INFO - Analyzing Coverage directory: D:/ReportGenerator/Raw Data\#Dry Run\Seattle\Coverage Performance/LTE Coverage Test (Type: vonr_coverage_performance)
2026-02-12 21:30:00,636 - pipeline - INFO - Using Seattle_LTE coordinates for LTE Coverage Test
2026-02-12 21:30:00,636 - pipeline - INFO - Using Seattle_LTE coordinates for LTE Coverage Test
2026-02-12 21:30:01,071 - pipeline - INFO - Analyzing Google Throughput directory: D:/ReportGenerator/Raw Data\#Dry Run\Seattle\Data Performance/5G AUTO DP/5G Auto Data Play-store app Download
2026-02-12 21:30:01,071 - pipeline - INFO - Analyzing Google Throughput directory: D:/ReportGenerator/Raw Data\#Dry Run\Seattle\Data Performance/5G AUTO DP/5G Auto Data Play-store app Download
2026-02-12 21:30:01,072 - pipeline - INFO - Processing Play Store file: _20260205_134219_CH01_TMO_5G DP_APP 30M_L1 DUT_SEA.csv (Size: 30M, Device: DUT, Location: Good)
2026-02-12 21:30:01,072 - pipeline - INFO - Processing Play Store file: _20260205_134219_CH01_TMO_5G DP_APP 30M_L1 DUT_SEA.csv (Size: 30M, Device: DUT, Location: Good)
2026-02-12 21:30:01,080 - pipeline - INFO - Successfully analyzed _20260205_134219_CH01_TMO_5G DP_APP 30M_L1 DUT_SEA.csv: 147.1285119047619
2026-02-12 21:30:01,080 - pipeline - INFO - Successfully analyzed _20260205_134219_CH01_TMO_5G DP_APP 30M_L1 DUT_SEA.csv: 147.1285119047619
2026-02-12 21:30:01,081 - pipeline - INFO - Processing Play Store file: _20260205_134219_CH02_TMO_5G DP_APP 30M_L1 REF_SEA.csv (Size: 30M, Device: REF, Location: Good)
2026-02-12 21:30:01,081 - pipeline - INFO - Processing Play Store file: _20260205_134219_CH02_TMO_5G DP_APP 30M_L1 REF_SEA.csv (Size: 30M, Device: REF, Location: Good)
2026-02-12 21:30:01,089 - pipeline - INFO - Successfully analyzed _20260205_134219_CH02_TMO_5G DP_APP 30M_L1 REF_SEA.csv: 60.84161072545875
2026-02-12 21:30:01,089 - pipeline - INFO - Successfully analyzed _20260205_134219_CH02_TMO_5G DP_APP 30M_L1 REF_SEA.csv: 60.84161072545875
2026-02-12 21:30:01,089 - pipeline - INFO - Processing Play Store file: _20260205_135124_CH01_TMO_5G DP_APP 60M_L1 DUT_SEA.csv (Size: 60M, Device: DUT, Location: Good)
2026-02-12 21:30:01,089 - pipeline - INFO - Processing Play Store file: _20260205_135124_CH01_TMO_5G DP_APP 60M_L1 DUT_SEA.csv (Size: 60M, Device: DUT, Location: Good)
2026-02-12 21:30:01,096 - pipeline - INFO - Successfully analyzed _20260205_135124_CH01_TMO_5G DP_APP 60M_L1 DUT_SEA.csv: 213.39915641025638
2026-02-12 21:30:01,096 - pipeline - INFO - Successfully analyzed _20260205_135124_CH01_TMO_5G DP_APP 60M_L1 DUT_SEA.csv: 213.39915641025638
2026-02-12 21:30:01,097 - pipeline - INFO - Processing Play Store file: _20260205_135124_CH02_TMO_5G DP_APP 60M_L1 REF_SEA.csv (Size: 60M, Device: REF, Location: Good)
2026-02-12 21:30:01,097 - pipeline - INFO - Processing Play Store file: _20260205_135124_CH02_TMO_5G DP_APP 60M_L1 REF_SEA.csv (Size: 60M, Device: REF, Location: Good)
2026-02-12 21:30:01,105 - pipeline - INFO - Successfully analyzed _20260205_135124_CH02_TMO_5G DP_APP 60M_L1 REF_SEA.csv: 62.726704619722376
2026-02-12 21:30:01,105 - pipeline - INFO - Successfully analyzed _20260205_135124_CH02_TMO_5G DP_APP 60M_L1 REF_SEA.csv: 62.726704619722376
2026-02-12 21:30:01,106 - pipeline - INFO - Processing Play Store file: _20260205_135640_CH01_TMO_5G DP_APP 100M_L1 DUT_SEA.csv (Size: 100M, Device: DUT, Location: Good)
2026-02-12 21:30:01,106 - pipeline - INFO - Processing Play Store file: _20260205_135640_CH01_TMO_5G DP_APP 100M_L1 DUT_SEA.csv (Size: 100M, Device: DUT, Location: Good)
2026-02-12 21:30:01,116 - pipeline - INFO - Successfully analyzed _20260205_135640_CH01_TMO_5G DP_APP 100M_L1 DUT_SEA.csv: 249.94195769230768
2026-02-12 21:30:01,116 - pipeline - INFO - Successfully analyzed _20260205_135640_CH01_TMO_5G DP_APP 100M_L1 DUT_SEA.csv: 249.94195769230768
2026-02-12 21:30:01,117 - pipeline - INFO - Processing Play Store file: _20260205_135640_CH02_TMO_5G DP_APP 100M_L1 REF_SEA.csv (Size: 100M, Device: REF, Location: Good)
2026-02-12 21:30:01,117 - pipeline - INFO - Processing Play Store file: _20260205_135640_CH02_TMO_5G DP_APP 100M_L1 REF_SEA.csv (Size: 100M, Device: REF, Location: Good)
2026-02-12 21:30:01,127 - pipeline - INFO - Successfully analyzed _20260205_135640_CH02_TMO_5G DP_APP 100M_L1 REF_SEA.csv: 120.83504523809523
2026-02-12 21:30:01,127 - pipeline - INFO - Successfully analyzed _20260205_135640_CH02_TMO_5G DP_APP 100M_L1 REF_SEA.csv: 120.83504523809523
2026-02-12 21:30:01,128 - pipeline - INFO - Processing Play Store file: _20260208_140433_CH01_TMO_5G DP_APP 30M_L2 DUT_SEA.csv (Size: 30M, Device: DUT, Location: Moderate)
2026-02-12 21:30:01,128 - pipeline - INFO - Processing Play Store file: _20260208_140433_CH01_TMO_5G DP_APP 30M_L2 DUT_SEA.csv (Size: 30M, Device: DUT, Location: Moderate)
2026-02-12 21:30:01,135 - pipeline - INFO - Successfully analyzed _20260208_140433_CH01_TMO_5G DP_APP 30M_L2 DUT_SEA.csv: 134.29444791666666
2026-02-12 21:30:01,135 - pipeline - INFO - Successfully analyzed _20260208_140433_CH01_TMO_5G DP_APP 30M_L2 DUT_SEA.csv: 134.29444791666666
2026-02-12 21:30:01,136 - pipeline - INFO - Processing Play Store file: _20260208_140433_CH02_TMO_5G DP_APP 30M_L2 REF_SEA.csv (Size: 30M, Device: REF, Location: Moderate)
2026-02-12 21:30:01,136 - pipeline - INFO - Processing Play Store file: _20260208_140433_CH02_TMO_5G DP_APP 30M_L2 REF_SEA.csv (Size: 30M, Device: REF, Location: Moderate)
2026-02-12 21:30:01,142 - pipeline - INFO - Successfully analyzed _20260208_140433_CH02_TMO_5G DP_APP 30M_L2 REF_SEA.csv: 91.81906558641975
2026-02-12 21:30:01,142 - pipeline - INFO - Successfully analyzed _20260208_140433_CH02_TMO_5G DP_APP 30M_L2 REF_SEA.csv: 91.81906558641975
2026-02-12 21:30:01,143 - pipeline - INFO - Processing Play Store file: _20260208_140858_CH01_TMO_5G DP_APP 60M_L2 DUT_SEA.csv (Size: 60M, Device: DUT, Location: Moderate)
2026-02-12 21:30:01,143 - pipeline - INFO - Processing Play Store file: _20260208_140858_CH01_TMO_5G DP_APP 60M_L2 DUT_SEA.csv (Size: 60M, Device: DUT, Location: Moderate)
2026-02-12 21:30:01,149 - pipeline - INFO - Successfully analyzed _20260208_140858_CH01_TMO_5G DP_APP 60M_L2 DUT_SEA.csv: 228.6272625
2026-02-12 21:30:01,149 - pipeline - INFO - Successfully analyzed _20260208_140858_CH01_TMO_5G DP_APP 60M_L2 DUT_SEA.csv: 228.6272625
2026-02-12 21:30:01,149 - pipeline - INFO - Processing Play Store file: _20260208_140858_CH02_TMO_5G DP_APP 60M_L2 REF_SEA.csv (Size: 60M, Device: REF, Location: Moderate)
2026-02-12 21:30:01,149 - pipeline - INFO - Processing Play Store file: _20260208_140858_CH02_TMO_5G DP_APP 60M_L2 REF_SEA.csv (Size: 60M, Device: REF, Location: Moderate)
2026-02-12 21:30:01,154 - pipeline - INFO - Successfully analyzed _20260208_140858_CH02_TMO_5G DP_APP 60M_L2 REF_SEA.csv: 131.27356176470587
2026-02-12 21:30:01,154 - pipeline - INFO - Successfully analyzed _20260208_140858_CH02_TMO_5G DP_APP 60M_L2 REF_SEA.csv: 131.27356176470587
2026-02-12 21:30:01,155 - pipeline - INFO - Processing Play Store file: _20260208_141155_CH01_TMO_5G DP_APP 100M_L2 DUT_SEA.csv (Size: 100M, Device: DUT, Location: Moderate)
2026-02-12 21:30:01,155 - pipeline - INFO - Processing Play Store file: _20260208_141155_CH01_TMO_5G DP_APP 100M_L2 DUT_SEA.csv (Size: 100M, Device: DUT, Location: Moderate)
2026-02-12 21:30:01,160 - pipeline - INFO - Successfully analyzed _20260208_141155_CH01_TMO_5G DP_APP 100M_L2 DUT_SEA.csv: 260.2947194444444
2026-02-12 21:30:01,160 - pipeline - INFO - Successfully analyzed _20260208_141155_CH01_TMO_5G DP_APP 100M_L2 DUT_SEA.csv: 260.2947194444444
2026-02-12 21:30:01,161 - pipeline - INFO - Processing Play Store file: _20260208_141155_CH02_TMO_5G DP_APP 100M_L2 REF_SEA.csv (Size: 100M, Device: REF, Location: Moderate)
2026-02-12 21:30:01,161 - pipeline - INFO - Processing Play Store file: _20260208_141155_CH02_TMO_5G DP_APP 100M_L2 REF_SEA.csv (Size: 100M, Device: REF, Location: Moderate)
2026-02-12 21:30:01,166 - pipeline - INFO - Successfully analyzed _20260208_141155_CH02_TMO_5G DP_APP 100M_L2 REF_SEA.csv: 201.0624455687831
2026-02-12 21:30:01,166 - pipeline - INFO - Successfully analyzed _20260208_141155_CH02_TMO_5G DP_APP 100M_L2 REF_SEA.csv: 201.0624455687831
2026-02-12 21:30:01,167 - pipeline - INFO - Processing Play Store file: _20260208_144417_CH01_TMO_5G DP_APP 100M_L3 DUT_SEA.csv (Size: 100M, Device: DUT, Location: Poor)
2026-02-12 21:30:01,167 - pipeline - INFO - Processing Play Store file: _20260208_144417_CH01_TMO_5G DP_APP 100M_L3 DUT_SEA.csv (Size: 100M, Device: DUT, Location: Poor)
2026-02-12 21:30:01,179 - pipeline - INFO - Successfully analyzed _20260208_144417_CH01_TMO_5G DP_APP 100M_L3 DUT_SEA.csv: 24.38934015715434
2026-02-12 21:30:01,179 - pipeline - INFO - Successfully analyzed _20260208_144417_CH01_TMO_5G DP_APP 100M_L3 DUT_SEA.csv: 24.38934015715434
2026-02-12 21:30:01,179 - pipeline - INFO - Processing Play Store file: _20260208_144417_CH02_TMO_5G DP_APP 100M_L3 REF_SEA.csv (Size: 100M, Device: REF, Location: Poor)
2026-02-12 21:30:01,179 - pipeline - INFO - Processing Play Store file: _20260208_144417_CH02_TMO_5G DP_APP 100M_L3 REF_SEA.csv (Size: 100M, Device: REF, Location: Poor)
2026-02-12 21:30:01,191 - pipeline - INFO - Successfully analyzed _20260208_144417_CH02_TMO_5G DP_APP 100M_L3 REF_SEA.csv: 3.2500080253080257
2026-02-12 21:30:01,191 - pipeline - INFO - Successfully analyzed _20260208_144417_CH02_TMO_5G DP_APP 100M_L3 REF_SEA.csv: 3.2500080253080257
2026-02-12 21:30:01,192 - pipeline - INFO - Processing Play Store file: _20260208_145650_CH01_TMO_5G DP_APP 60M_L3 DUT_SEA.csv (Size: 60M, Device: DUT, Location: Poor)
2026-02-12 21:30:01,192 - pipeline - INFO - Processing Play Store file: _20260208_145650_CH01_TMO_5G DP_APP 60M_L3 DUT_SEA.csv (Size: 60M, Device: DUT, Location: Poor)
2026-02-12 21:30:01,203 - pipeline - INFO - Successfully analyzed _20260208_145650_CH01_TMO_5G DP_APP 60M_L3 DUT_SEA.csv: 3.528818966441385
2026-02-12 21:30:01,203 - pipeline - INFO - Successfully analyzed _20260208_145650_CH01_TMO_5G DP_APP 60M_L3 DUT_SEA.csv: 3.528818966441385
2026-02-12 21:30:01,203 - pipeline - INFO - Processing Play Store file: _20260208_145650_CH02_TMO_5G DP_APP 60M_L3 REF_SEA.csv (Size: 60M, Device: REF, Location: Poor)
2026-02-12 21:30:01,203 - pipeline - INFO - Processing Play Store file: _20260208_145650_CH02_TMO_5G DP_APP 60M_L3 REF_SEA.csv (Size: 60M, Device: REF, Location: Poor)
2026-02-12 21:30:01,214 - pipeline - INFO - Successfully analyzed _20260208_145650_CH02_TMO_5G DP_APP 60M_L3 REF_SEA.csv: 2.468806872488008
2026-02-12 21:30:01,214 - pipeline - INFO - Successfully analyzed _20260208_145650_CH02_TMO_5G DP_APP 60M_L3 REF_SEA.csv: 2.468806872488008
2026-02-12 21:30:01,215 - pipeline - INFO - Processing Play Store file: _20260208_150728_CH01_TMO_5G DP_APP 30M_L3 DUT_SEA.csv (Size: 30M, Device: DUT, Location: Poor)
2026-02-12 21:30:01,215 - pipeline - INFO - Processing Play Store file: _20260208_150728_CH01_TMO_5G DP_APP 30M_L3 DUT_SEA.csv (Size: 30M, Device: DUT, Location: Poor)
2026-02-12 21:30:01,226 - pipeline - INFO - Successfully analyzed _20260208_150728_CH01_TMO_5G DP_APP 30M_L3 DUT_SEA.csv: 6.999370687685939
2026-02-12 21:30:01,226 - pipeline - INFO - Successfully analyzed _20260208_150728_CH01_TMO_5G DP_APP 30M_L3 DUT_SEA.csv: 6.999370687685939
2026-02-12 21:30:01,226 - pipeline - INFO - Processing Play Store file: _20260208_150728_CH02_TMO_5G DP_APP 30M_L3 REF_SEA.csv (Size: 30M, Device: REF, Location: Poor)
2026-02-12 21:30:01,226 - pipeline - INFO - Processing Play Store file: _20260208_150728_CH02_TMO_5G DP_APP 30M_L3 REF_SEA.csv (Size: 30M, Device: REF, Location: Poor)
2026-02-12 21:30:01,234 - pipeline - INFO - Successfully analyzed _20260208_150728_CH02_TMO_5G DP_APP 30M_L3 REF_SEA.csv: 2.489027777777778
2026-02-12 21:30:01,234 - pipeline - INFO - Successfully analyzed _20260208_150728_CH02_TMO_5G DP_APP 30M_L3 REF_SEA.csv: 2.489027777777778
2026-02-12 21:30:01,235 - pipeline - INFO - Google Throughput analysis directory processing complete. Results found: True
2026-02-12 21:30:01,235 - pipeline - INFO - Google Throughput analysis directory processing complete. Results found: True
2026-02-12 21:30:01,235 - pipeline - INFO - Analyzing MHS Drive directory: D:/ReportGenerator/Raw Data\#Dry Run\Seattle\Data Performance/5G AUTO DP/Mobility Test/5G Auto Data Test MHS Drive
2026-02-12 21:30:01,235 - pipeline - INFO - Analyzing MHS Drive directory: D:/ReportGenerator/Raw Data\#Dry Run\Seattle\Data Performance/5G AUTO DP/Mobility Test/5G Auto Data Test MHS Drive
2026-02-12 21:30:02,318 - pipeline - INFO - Analyzing MHS Drive directory: D:/ReportGenerator/Raw Data\#Dry Run\Seattle\Data Performance/5G AUTO DP/Mobility Test/5G Auto Data Test Drive
2026-02-12 21:30:02,318 - pipeline - INFO - Analyzing MHS Drive directory: D:/ReportGenerator/Raw Data\#Dry Run\Seattle\Data Performance/5G AUTO DP/Mobility Test/5G Auto Data Test Drive
2026-02-12 21:30:03,298 - pipeline - INFO - Analyzing MHS Drive directory: D:/ReportGenerator/Raw Data\#Dry Run\Seattle\Data Performance/5G NSA DP/Mobility Test
2026-02-12 21:30:03,298 - pipeline - INFO - Analyzing MHS Drive directory: D:/ReportGenerator/Raw Data\#Dry Run\Seattle\Data Performance/5G NSA DP/Mobility Test
2026-02-12 21:30:03,408 - pipeline - INFO - Running post-processing (VqLineChart, Coverage extraction)...
2026-02-12 21:30:03,408 - pipeline - INFO - Running post-processing (VqLineChart, Coverage extraction)...
2026-02-12 21:30:03,502 - pipeline - INFO - Checking for CDF Throughput data to export...
2026-02-12 21:30:03,502 - pipeline - INFO - Checking for CDF Throughput data to export...
2026-02-12 21:30:03,519 - pipeline - INFO - Exported 42 CDF throughput JSON files to D:/ReportGenerator/report-generator-app/public/AnalyzeResults\#Dry Run\Seattle\cdf_throughput_data
2026-02-12 21:30:03,519 - pipeline - INFO - Exported 42 CDF throughput JSON files to D:/ReportGenerator/report-generator-app/public/AnalyzeResults\#Dry Run\Seattle\cdf_throughput_data
2026-02-12 21:30:03,524 - pipeline - INFO - Data Performance results exported to D:/ReportGenerator/report-generator-app/public/AnalyzeResults\#Dry Run\Seattle\data_performance_results.json
2026-02-12 21:30:03,524 - pipeline - INFO - Data Performance results exported to D:/ReportGenerator/report-generator-app/public/AnalyzeResults\#Dry Run\Seattle\data_performance_results.json
2026-02-12 21:30:03,531 - pipeline - INFO - Coverage Performance results exported to D:/ReportGenerator/report-generator-app/public/AnalyzeResults\#Dry Run\Seattle\coverage_performance_results.json
2026-02-12 21:30:03,531 - pipeline - INFO - Coverage Performance results exported to D:/ReportGenerator/report-generator-app/public/AnalyzeResults\#Dry Run\Seattle\coverage_performance_results.json
2026-02-12 21:30:03,533 - pipeline - INFO - Processing summary exported to D:/ReportGenerator/report-generator-app/public/AnalyzeResults\#Dry Run\Seattle\processing_summary.json
2026-02-12 21:30:03,533 - pipeline - INFO - Processing summary exported to D:/ReportGenerator/report-generator-app/public/AnalyzeResults\#Dry Run\Seattle\processing_summary.json
2026-02-12 21:30:03,534 - pipeline - INFO - Running final data validation...
2026-02-12 21:30:03,534 - pipeline - INFO - Running final data validation...
2026-02-12 21:30:03,573 - pipeline - INFO - No empty collections found in any JSON file.
2026-02-12 21:30:03,573 - pipeline - INFO - No empty collections found in any JSON file.
2026-02-12 21:30:03,573 - pipeline - INFO - Pipeline execution completed. Results in: D:/ReportGenerator/report-generator-app/public/AnalyzeResults\#Dry Run\Seattle
2026-02-12 21:30:03,573 - pipeline - INFO - Pipeline execution completed. Results in: D:/ReportGenerator/report-generator-app/public/AnalyzeResults\#Dry Run\Seattle
2026-02-12 21:30:03,577 - pipeline - INFO - Project: #HuaqinDebug
2026-02-12 21:30:03,577 - pipeline - INFO - Project: #HuaqinDebug
2026-02-12 21:30:03,577 - pipeline - INFO - Project: #HuaqinDebug
2026-02-12 21:30:03,578 - pipeline - INFO - Market: New York
2026-02-12 21:30:03,578 - pipeline - INFO - Market: New York
2026-02-12 21:30:03,578 - pipeline - INFO - Market: New York
2026-02-12 21:30:03,578 - pipeline - INFO - Reading from: D:/ReportGenerator/Raw Data\#HuaqinDebug\New York
2026-02-12 21:30:03,578 - pipeline - INFO - Reading from: D:/ReportGenerator/Raw Data\#HuaqinDebug\New York
2026-02-12 21:30:03,578 - pipeline - INFO - Reading from: D:/ReportGenerator/Raw Data\#HuaqinDebug\New York
2026-02-12 21:30:03,578 - pipeline - INFO - Writing to: D:/ReportGenerator/report-generator-app/public/AnalyzeResults\#HuaqinDebug\New York
2026-02-12 21:30:03,578 - pipeline - INFO - Writing to: D:/ReportGenerator/report-generator-app/public/AnalyzeResults\#HuaqinDebug\New York
2026-02-12 21:30:03,578 - pipeline - INFO - Writing to: D:/ReportGenerator/report-generator-app/public/AnalyzeResults\#HuaqinDebug\New York
2026-02-12 21:30:03,579 - pipeline - INFO - Starting analysis pipeline...
2026-02-12 21:30:03,579 - pipeline - INFO - Starting analysis pipeline...
2026-02-12 21:30:03,579 - pipeline - INFO - Starting analysis pipeline...
2026-02-12 21:30:03,585 - pipeline - INFO - Grouping 2 CSV files by directory and device type...
2026-02-12 21:30:03,585 - pipeline - INFO - Grouping 2 CSV files by directory and device type...
2026-02-12 21:30:03,585 - pipeline - INFO - Grouping 2 CSV files by directory and device type...
2026-02-12 21:30:03,586 - pipeline - INFO - Created 1 file groups for analysis
2026-02-12 21:30:03,586 - pipeline - INFO - Created 1 file groups for analysis
2026-02-12 21:30:03,586 - pipeline - INFO - Created 1 file groups for analysis
2026-02-12 21:30:03,586 - pipeline - INFO - Processing directory-level analyses...
2026-02-12 21:30:03,586 - pipeline - INFO - Processing directory-level analyses...
2026-02-12 21:30:03,586 - pipeline - INFO - Processing directory-level analyses...
2026-02-12 21:30:03,587 - pipeline - INFO - Analyzing Coverage directory: D:/ReportGenerator/Raw Data\#HuaqinDebug\New York\Coverage Performance (Type: coverage_coordinate)
2026-02-12 21:30:03,587 - pipeline - INFO - Analyzing Coverage directory: D:/ReportGenerator/Raw Data\#HuaqinDebug\New York\Coverage Performance (Type: coverage_coordinate)
2026-02-12 21:30:03,587 - pipeline - INFO - Analyzing Coverage directory: D:/ReportGenerator/Raw Data\#HuaqinDebug\New York\Coverage Performance (Type: coverage_coordinate)
2026-02-12 21:30:03,588 - pipeline - INFO - Analyzing Coverage directory: D:/ReportGenerator/Raw Data\#HuaqinDebug\New York\Coverage Performance/5G n41 HPUE Coverage Test (Type: n41_coverage)
2026-02-12 21:30:03,588 - pipeline - INFO - Analyzing Coverage directory: D:/ReportGenerator/Raw Data\#HuaqinDebug\New York\Coverage Performance/5G n41 HPUE Coverage Test (Type: n41_coverage)
2026-02-12 21:30:03,588 - pipeline - INFO - Analyzing Coverage directory: D:/ReportGenerator/Raw Data\#HuaqinDebug\New York\Coverage Performance/5G n41 HPUE Coverage Test (Type: n41_coverage)
2026-02-12 21:30:03,589 - pipeline - INFO - Analyzing Coverage directory: D:/ReportGenerator/Raw Data\#HuaqinDebug\New York\Coverage Performance/5G VoNR Coverage Test (Type: vonr_coverage_performance)
2026-02-12 21:30:03,589 - pipeline - INFO - Analyzing Coverage directory: D:/ReportGenerator/Raw Data\#HuaqinDebug\New York\Coverage Performance/5G VoNR Coverage Test (Type: vonr_coverage_performance)
2026-02-12 21:30:03,589 - pipeline - INFO - Analyzing Coverage directory: D:/ReportGenerator/Raw Data\#HuaqinDebug\New York\Coverage Performance/5G VoNR Coverage Test (Type: vonr_coverage_performance)
2026-02-12 21:30:03,727 - pipeline - INFO - Analyzing Google Throughput directory: D:/ReportGenerator/Raw Data\#HuaqinDebug\New York\Data Performance/5G AUTO DP/5G Auto Data Play-store app Download
2026-02-12 21:30:03,727 - pipeline - INFO - Analyzing Google Throughput directory: D:/ReportGenerator/Raw Data\#HuaqinDebug\New York\Data Performance/5G AUTO DP/5G Auto Data Play-store app Download
2026-02-12 21:30:03,727 - pipeline - INFO - Analyzing Google Throughput directory: D:/ReportGenerator/Raw Data\#HuaqinDebug\New York\Data Performance/5G AUTO DP/5G Auto Data Play-store app Download
2026-02-12 21:30:03,728 - pipeline - INFO - Google Throughput analysis directory processing complete. Results found: False
2026-02-12 21:30:03,728 - pipeline - INFO - Google Throughput analysis directory processing complete. Results found: False
2026-02-12 21:30:03,728 - pipeline - INFO - Google Throughput analysis directory processing complete. Results found: False
2026-02-12 21:30:03,728 - pipeline - INFO - Analyzing MHS Drive directory: D:/ReportGenerator/Raw Data\#HuaqinDebug\New York\Data Performance/5G AUTO DP/Mobility Test/5G Auto Data Test MHS Drive
2026-02-12 21:30:03,728 - pipeline - INFO - Analyzing MHS Drive directory: D:/ReportGenerator/Raw Data\#HuaqinDebug\New York\Data Performance/5G AUTO DP/Mobility Test/5G Auto Data Test MHS Drive
2026-02-12 21:30:03,728 - pipeline - INFO - Analyzing MHS Drive directory: D:/ReportGenerator/Raw Data\#HuaqinDebug\New York\Data Performance/5G AUTO DP/Mobility Test/5G Auto Data Test MHS Drive
2026-02-12 21:30:03,729 - pipeline - INFO - Analyzing MHS Drive directory: D:/ReportGenerator/Raw Data\#HuaqinDebug\New York\Data Performance/5G AUTO DP/Mobility Test/5G Auto Data Test Drive
2026-02-12 21:30:03,729 - pipeline - INFO - Analyzing MHS Drive directory: D:/ReportGenerator/Raw Data\#HuaqinDebug\New York\Data Performance/5G AUTO DP/Mobility Test/5G Auto Data Test Drive
2026-02-12 21:30:03,729 - pipeline - INFO - Analyzing MHS Drive directory: D:/ReportGenerator/Raw Data\#HuaqinDebug\New York\Data Performance/5G AUTO DP/Mobility Test/5G Auto Data Test Drive
2026-02-12 21:30:03,730 - pipeline - INFO - Analyzing MHS Drive directory: D:/ReportGenerator/Raw Data\#HuaqinDebug\New York\Data Performance/5G NSA DP/Mobility Test
2026-02-12 21:30:03,730 - pipeline - INFO - Analyzing MHS Drive directory: D:/ReportGenerator/Raw Data\#HuaqinDebug\New York\Data Performance/5G NSA DP/Mobility Test
2026-02-12 21:30:03,730 - pipeline - INFO - Analyzing MHS Drive directory: D:/ReportGenerator/Raw Data\#HuaqinDebug\New York\Data Performance/5G NSA DP/Mobility Test
2026-02-12 21:30:04,408 - pipeline - INFO - Running post-processing (VqLineChart, Coverage extraction)...
2026-02-12 21:30:04,408 - pipeline - INFO - Running post-processing (VqLineChart, Coverage extraction)...
2026-02-12 21:30:04,408 - pipeline - INFO - Running post-processing (VqLineChart, Coverage extraction)...
2026-02-12 21:30:04,416 - pipeline - INFO - Checking for CDF Throughput data to export...
2026-02-12 21:30:04,416 - pipeline - INFO - Checking for CDF Throughput data to export...
2026-02-12 21:30:04,416 - pipeline - INFO - Checking for CDF Throughput data to export...
2026-02-12 21:30:04,418 - pipeline - INFO - Data Performance results exported to D:/ReportGenerator/report-generator-app/public/AnalyzeResults\#HuaqinDebug\New York\data_performance_results.json
2026-02-12 21:30:04,418 - pipeline - INFO - Data Performance results exported to D:/ReportGenerator/report-generator-app/public/AnalyzeResults\#HuaqinDebug\New York\data_performance_results.json
2026-02-12 21:30:04,418 - pipeline - INFO - Data Performance results exported to D:/ReportGenerator/report-generator-app/public/AnalyzeResults\#HuaqinDebug\New York\data_performance_results.json
2026-02-12 21:30:04,422 - pipeline - INFO - Coverage Performance results exported to D:/ReportGenerator/report-generator-app/public/AnalyzeResults\#HuaqinDebug\New York\coverage_performance_results.json
2026-02-12 21:30:04,422 - pipeline - INFO - Coverage Performance results exported to D:/ReportGenerator/report-generator-app/public/AnalyzeResults\#HuaqinDebug\New York\coverage_performance_results.json
2026-02-12 21:30:04,422 - pipeline - INFO - Coverage Performance results exported to D:/ReportGenerator/report-generator-app/public/AnalyzeResults\#HuaqinDebug\New York\coverage_performance_results.json
2026-02-12 21:30:04,424 - pipeline - INFO - Running final data validation...
2026-02-12 21:30:04,424 - pipeline - INFO - Running final data validation...
2026-02-12 21:30:04,424 - pipeline - INFO - Running final data validation...
2026-02-12 21:30:04,453 - pipeline - INFO - No empty collections found in any JSON file.
2026-02-12 21:30:04,453 - pipeline - INFO - No empty collections found in any JSON file.
2026-02-12 21:30:04,453 - pipeline - INFO - No empty collections found in any JSON file.
2026-02-12 21:30:04,454 - pipeline - INFO - Pipeline execution completed. Results in: D:/ReportGenerator/report-generator-app/public/AnalyzeResults\#HuaqinDebug\New York
2026-02-12 21:30:04,454 - pipeline - INFO - Pipeline execution completed. Results in: D:/ReportGenerator/report-generator-app/public/AnalyzeResults\#HuaqinDebug\New York
2026-02-12 21:30:04,454 - pipeline - INFO - Pipeline execution completed. Results in: D:/ReportGenerator/report-generator-app/public/AnalyzeResults\#HuaqinDebug\New York
2026-02-12 21:30:04,459 - pipeline - INFO - Project: #HuaqinDebug
2026-02-12 21:30:04,459 - pipeline - INFO - Project: #HuaqinDebug
2026-02-12 21:30:04,459 - pipeline - INFO - Project: #HuaqinDebug
2026-02-12 21:30:04,459 - pipeline - INFO - Project: #HuaqinDebug
2026-02-12 21:30:04,460 - pipeline - INFO - Market: Seattle
2026-02-12 21:30:04,460 - pipeline - INFO - Market: Seattle
2026-02-12 21:30:04,460 - pipeline - INFO - Market: Seattle
2026-02-12 21:30:04,460 - pipeline - INFO - Market: Seattle
2026-02-12 21:30:04,461 - pipeline - INFO - Reading from: D:/ReportGenerator/Raw Data\#HuaqinDebug\Seattle
2026-02-12 21:30:04,461 - pipeline - INFO - Reading from: D:/ReportGenerator/Raw Data\#HuaqinDebug\Seattle
2026-02-12 21:30:04,461 - pipeline - INFO - Reading from: D:/ReportGenerator/Raw Data\#HuaqinDebug\Seattle
2026-02-12 21:30:04,461 - pipeline - INFO - Reading from: D:/ReportGenerator/Raw Data\#HuaqinDebug\Seattle
2026-02-12 21:30:04,462 - pipeline - INFO - Writing to: D:/ReportGenerator/report-generator-app/public/AnalyzeResults\#HuaqinDebug\Seattle
2026-02-12 21:30:04,462 - pipeline - INFO - Writing to: D:/ReportGenerator/report-generator-app/public/AnalyzeResults\#HuaqinDebug\Seattle
2026-02-12 21:30:04,462 - pipeline - INFO - Writing to: D:/ReportGenerator/report-generator-app/public/AnalyzeResults\#HuaqinDebug\Seattle
2026-02-12 21:30:04,462 - pipeline - INFO - Writing to: D:/ReportGenerator/report-generator-app/public/AnalyzeResults\#HuaqinDebug\Seattle
2026-02-12 21:30:04,463 - pipeline - INFO - Starting analysis pipeline...
2026-02-12 21:30:04,463 - pipeline - INFO - Starting analysis pipeline...
2026-02-12 21:30:04,463 - pipeline - INFO - Starting analysis pipeline...
2026-02-12 21:30:04,463 - pipeline - INFO - Starting analysis pipeline...
2026-02-12 21:30:04,471 - pipeline - INFO - Grouping 32 CSV files by directory and device type...
2026-02-12 21:30:04,471 - pipeline - INFO - Grouping 32 CSV files by directory and device type...
2026-02-12 21:30:04,471 - pipeline - INFO - Grouping 32 CSV files by directory and device type...
2026-02-12 21:30:04,471 - pipeline - INFO - Grouping 32 CSV files by directory and device type...
2026-02-12 21:30:04,472 - pipeline - INFO - Created 14 file groups for analysis
2026-02-12 21:30:04,472 - pipeline - INFO - Created 14 file groups for analysis
2026-02-12 21:30:04,472 - pipeline - INFO - Created 14 file groups for analysis
2026-02-12 21:30:04,472 - pipeline - INFO - Created 14 file groups for analysis
2026-02-12 21:30:04,473 - pipeline - INFO - Analyzing 2 file(s) for REF in Moderate
2026-02-12 21:30:04,473 - pipeline - INFO - Analyzing 2 file(s) for REF in Moderate
2026-02-12 21:30:04,473 - pipeline - INFO - Analyzing 2 file(s) for REF in Moderate
2026-02-12 21:30:04,473 - pipeline - INFO - Analyzing 2 file(s) for REF in Moderate
2026-02-12 21:30:04,554 - pipeline - INFO - Analyzing 2 file(s) for REF in Moderate
2026-02-12 21:30:04,554 - pipeline - INFO - Analyzing 2 file(s) for REF in Moderate
2026-02-12 21:30:04,554 - pipeline - INFO - Analyzing 2 file(s) for REF in Moderate
2026-02-12 21:30:04,554 - pipeline - INFO - Analyzing 2 file(s) for REF in Moderate
2026-02-12 21:30:04,633 - pipeline - INFO - Analyzing 2 file(s) for REF in Good
2026-02-12 21:30:04,633 - pipeline - INFO - Analyzing 2 file(s) for REF in Good
2026-02-12 21:30:04,633 - pipeline - INFO - Analyzing 2 file(s) for REF in Good
2026-02-12 21:30:04,633 - pipeline - INFO - Analyzing 2 file(s) for REF in Good
2026-02-12 21:30:04,712 - pipeline - INFO - Analyzing 2 file(s) for REF in Moderate
2026-02-12 21:30:04,712 - pipeline - INFO - Analyzing 2 file(s) for REF in Moderate
2026-02-12 21:30:04,712 - pipeline - INFO - Analyzing 2 file(s) for REF in Moderate
2026-02-12 21:30:04,712 - pipeline - INFO - Analyzing 2 file(s) for REF in Moderate
2026-02-12 21:30:04,777 - pipeline - INFO - Analyzing 2 file(s) for REF in Good
2026-02-12 21:30:04,777 - pipeline - INFO - Analyzing 2 file(s) for REF in Good
2026-02-12 21:30:04,777 - pipeline - INFO - Analyzing 2 file(s) for REF in Good
2026-02-12 21:30:04,777 - pipeline - INFO - Analyzing 2 file(s) for REF in Good
2026-02-12 21:30:04,829 - pipeline - INFO - Analyzing 2 file(s) for REF in Moderate
2026-02-12 21:30:04,829 - pipeline - INFO - Analyzing 2 file(s) for REF in Moderate
2026-02-12 21:30:04,829 - pipeline - INFO - Analyzing 2 file(s) for REF in Moderate
2026-02-12 21:30:04,829 - pipeline - INFO - Analyzing 2 file(s) for REF in Moderate
2026-02-12 21:30:04,881 - pipeline - INFO - Analyzing 2 file(s) for REF in Moderate
2026-02-12 21:30:04,881 - pipeline - INFO - Analyzing 2 file(s) for REF in Moderate
2026-02-12 21:30:04,881 - pipeline - INFO - Analyzing 2 file(s) for REF in Moderate
2026-02-12 21:30:04,881 - pipeline - INFO - Analyzing 2 file(s) for REF in Moderate
2026-02-12 21:30:04,945 - pipeline - INFO - Analyzing 2 file(s) for REF in Poor
2026-02-12 21:30:04,945 - pipeline - INFO - Analyzing 2 file(s) for REF in Poor
2026-02-12 21:30:04,945 - pipeline - INFO - Analyzing 2 file(s) for REF in Poor
2026-02-12 21:30:04,945 - pipeline - INFO - Analyzing 2 file(s) for REF in Poor
2026-02-12 21:30:04,990 - pipeline - INFO - Analyzing 2 file(s) for REF in Poor
2026-02-12 21:30:04,990 - pipeline - INFO - Analyzing 2 file(s) for REF in Poor
2026-02-12 21:30:04,990 - pipeline - INFO - Analyzing 2 file(s) for REF in Poor
2026-02-12 21:30:04,990 - pipeline - INFO - Analyzing 2 file(s) for REF in Poor
2026-02-12 21:30:05,033 - pipeline - INFO - Analyzing 2 file(s) for REF in Moderate
2026-02-12 21:30:05,033 - pipeline - INFO - Analyzing 2 file(s) for REF in Moderate
2026-02-12 21:30:05,033 - pipeline - INFO - Analyzing 2 file(s) for REF in Moderate
2026-02-12 21:30:05,033 - pipeline - INFO - Analyzing 2 file(s) for REF in Moderate
2026-02-12 21:30:05,075 - pipeline - INFO - Analyzing 4 file(s) for REF in Poor
2026-02-12 21:30:05,075 - pipeline - INFO - Analyzing 4 file(s) for REF in Poor
2026-02-12 21:30:05,075 - pipeline - INFO - Analyzing 4 file(s) for REF in Poor
2026-02-12 21:30:05,075 - pipeline - INFO - Analyzing 4 file(s) for REF in Poor
2026-02-12 21:30:05,156 - pipeline - INFO - Analyzing 2 file(s) for REF in Moderate
2026-02-12 21:30:05,156 - pipeline - INFO - Analyzing 2 file(s) for REF in Moderate
2026-02-12 21:30:05,156 - pipeline - INFO - Analyzing 2 file(s) for REF in Moderate
2026-02-12 21:30:05,156 - pipeline - INFO - Analyzing 2 file(s) for REF in Moderate
2026-02-12 21:30:05,197 - pipeline - INFO - Analyzing 4 file(s) for REF in Poor
2026-02-12 21:30:05,197 - pipeline - INFO - Analyzing 4 file(s) for REF in Poor
2026-02-12 21:30:05,197 - pipeline - INFO - Analyzing 4 file(s) for REF in Poor
2026-02-12 21:30:05,197 - pipeline - INFO - Analyzing 4 file(s) for REF in Poor
2026-02-12 21:30:05,281 - pipeline - INFO - Processing directory-level analyses...
2026-02-12 21:30:05,281 - pipeline - INFO - Processing directory-level analyses...
2026-02-12 21:30:05,281 - pipeline - INFO - Processing directory-level analyses...
2026-02-12 21:30:05,281 - pipeline - INFO - Processing directory-level analyses...
2026-02-12 21:30:05,282 - pipeline - INFO - Analyzing Google Throughput directory: D:/ReportGenerator/Raw Data\#HuaqinDebug\Seattle\Data Performance/5G AUTO DP/5G Auto Data Play-store app Download
2026-02-12 21:30:05,282 - pipeline - INFO - Analyzing Google Throughput directory: D:/ReportGenerator/Raw Data\#HuaqinDebug\Seattle\Data Performance/5G AUTO DP/5G Auto Data Play-store app Download
2026-02-12 21:30:05,282 - pipeline - INFO - Analyzing Google Throughput directory: D:/ReportGenerator/Raw Data\#HuaqinDebug\Seattle\Data Performance/5G AUTO DP/5G Auto Data Play-store app Download
2026-02-12 21:30:05,282 - pipeline - INFO - Analyzing Google Throughput directory: D:/ReportGenerator/Raw Data\#HuaqinDebug\Seattle\Data Performance/5G AUTO DP/5G Auto Data Play-store app Download
2026-02-12 21:30:05,284 - pipeline - INFO - Google Throughput analysis directory processing complete. Results found: False
2026-02-12 21:30:05,284 - pipeline - INFO - Google Throughput analysis directory processing complete. Results found: False
2026-02-12 21:30:05,284 - pipeline - INFO - Google Throughput analysis directory processing complete. Results found: False
2026-02-12 21:30:05,284 - pipeline - INFO - Google Throughput analysis directory processing complete. Results found: False
2026-02-12 21:30:05,285 - pipeline - INFO - Analyzing MHS Drive directory: D:/ReportGenerator/Raw Data\#HuaqinDebug\Seattle\Data Performance/5G AUTO DP/Mobility Test/5G Auto Data Test MHS Drive
2026-02-12 21:30:05,285 - pipeline - INFO - Analyzing MHS Drive directory: D:/ReportGenerator/Raw Data\#HuaqinDebug\Seattle\Data Performance/5G AUTO DP/Mobility Test/5G Auto Data Test MHS Drive
2026-02-12 21:30:05,285 - pipeline - INFO - Analyzing MHS Drive directory: D:/ReportGenerator/Raw Data\#HuaqinDebug\Seattle\Data Performance/5G AUTO DP/Mobility Test/5G Auto Data Test MHS Drive
2026-02-12 21:30:05,285 - pipeline - INFO - Analyzing MHS Drive directory: D:/ReportGenerator/Raw Data\#HuaqinDebug\Seattle\Data Performance/5G AUTO DP/Mobility Test/5G Auto Data Test MHS Drive
2026-02-12 21:30:05,286 - pipeline - INFO - Analyzing MHS Drive directory: D:/ReportGenerator/Raw Data\#HuaqinDebug\Seattle\Data Performance/5G AUTO DP/Mobility Test/5G Auto Data Test Drive
2026-02-12 21:30:05,286 - pipeline - INFO - Analyzing MHS Drive directory: D:/ReportGenerator/Raw Data\#HuaqinDebug\Seattle\Data Performance/5G AUTO DP/Mobility Test/5G Auto Data Test Drive
2026-02-12 21:30:05,286 - pipeline - INFO - Analyzing MHS Drive directory: D:/ReportGenerator/Raw Data\#HuaqinDebug\Seattle\Data Performance/5G AUTO DP/Mobility Test/5G Auto Data Test Drive
2026-02-12 21:30:05,286 - pipeline - INFO - Analyzing MHS Drive directory: D:/ReportGenerator/Raw Data\#HuaqinDebug\Seattle\Data Performance/5G AUTO DP/Mobility Test/5G Auto Data Test Drive
2026-02-12 21:30:06,065 - pipeline - INFO - Analyzing MHS Drive directory: D:/ReportGenerator/Raw Data\#HuaqinDebug\Seattle\Data Performance/5G NSA DP/Mobility Test
2026-02-12 21:30:06,065 - pipeline - INFO - Analyzing MHS Drive directory: D:/ReportGenerator/Raw Data\#HuaqinDebug\Seattle\Data Performance/5G NSA DP/Mobility Test
2026-02-12 21:30:06,065 - pipeline - INFO - Analyzing MHS Drive directory: D:/ReportGenerator/Raw Data\#HuaqinDebug\Seattle\Data Performance/5G NSA DP/Mobility Test
2026-02-12 21:30:06,065 - pipeline - INFO - Analyzing MHS Drive directory: D:/ReportGenerator/Raw Data\#HuaqinDebug\Seattle\Data Performance/5G NSA DP/Mobility Test
2026-02-12 21:30:06,067 - pipeline - INFO - Running post-processing (VqLineChart, Coverage extraction)...
2026-02-12 21:30:06,067 - pipeline - INFO - Running post-processing (VqLineChart, Coverage extraction)...
2026-02-12 21:30:06,067 - pipeline - INFO - Running post-processing (VqLineChart, Coverage extraction)...
2026-02-12 21:30:06,067 - pipeline - INFO - Running post-processing (VqLineChart, Coverage extraction)...
2026-02-12 21:30:06,068 - pipeline - INFO - Checking for CDF Throughput data to export...
2026-02-12 21:30:06,068 - pipeline - INFO - Checking for CDF Throughput data to export...
2026-02-12 21:30:06,068 - pipeline - INFO - Checking for CDF Throughput data to export...
2026-02-12 21:30:06,068 - pipeline - INFO - Checking for CDF Throughput data to export...
2026-02-12 21:30:06,070 - pipeline - INFO - Exported 4 CDF throughput JSON files to D:/ReportGenerator/report-generator-app/public/AnalyzeResults\#HuaqinDebug\Seattle\cdf_throughput_data
2026-02-12 21:30:06,070 - pipeline - INFO - Exported 4 CDF throughput JSON files to D:/ReportGenerator/report-generator-app/public/AnalyzeResults\#HuaqinDebug\Seattle\cdf_throughput_data
2026-02-12 21:30:06,070 - pipeline - INFO - Exported 4 CDF throughput JSON files to D:/ReportGenerator/report-generator-app/public/AnalyzeResults\#HuaqinDebug\Seattle\cdf_throughput_data
2026-02-12 21:30:06,070 - pipeline - INFO - Exported 4 CDF throughput JSON files to D:/ReportGenerator/report-generator-app/public/AnalyzeResults\#HuaqinDebug\Seattle\cdf_throughput_data
2026-02-12 21:30:06,072 - pipeline - INFO - Data Performance results exported to D:/ReportGenerator/report-generator-app/public/AnalyzeResults\#HuaqinDebug\Seattle\data_performance_results.json
2026-02-12 21:30:06,072 - pipeline - INFO - Data Performance results exported to D:/ReportGenerator/report-generator-app/public/AnalyzeResults\#HuaqinDebug\Seattle\data_performance_results.json
2026-02-12 21:30:06,072 - pipeline - INFO - Data Performance results exported to D:/ReportGenerator/report-generator-app/public/AnalyzeResults\#HuaqinDebug\Seattle\data_performance_results.json
2026-02-12 21:30:06,072 - pipeline - INFO - Data Performance results exported to D:/ReportGenerator/report-generator-app/public/AnalyzeResults\#HuaqinDebug\Seattle\data_performance_results.json
2026-02-12 21:30:06,074 - pipeline - INFO - Processing summary exported to D:/ReportGenerator/report-generator-app/public/AnalyzeResults\#HuaqinDebug\Seattle\processing_summary.json
2026-02-12 21:30:06,074 - pipeline - INFO - Processing summary exported to D:/ReportGenerator/report-generator-app/public/AnalyzeResults\#HuaqinDebug\Seattle\processing_summary.json
2026-02-12 21:30:06,074 - pipeline - INFO - Processing summary exported to D:/ReportGenerator/report-generator-app/public/AnalyzeResults\#HuaqinDebug\Seattle\processing_summary.json
2026-02-12 21:30:06,074 - pipeline - INFO - Processing summary exported to D:/ReportGenerator/report-generator-app/public/AnalyzeResults\#HuaqinDebug\Seattle\processing_summary.json
2026-02-12 21:30:06,075 - pipeline - INFO - Running final data validation...
2026-02-12 21:30:06,075 - pipeline - INFO - Running final data validation...
2026-02-12 21:30:06,075 - pipeline - INFO - Running final data validation...
2026-02-12 21:30:06,075 - pipeline - INFO - Running final data validation...
2026-02-12 21:30:06,088 - pipeline - INFO - No empty collections found in any JSON file.
2026-02-12 21:30:06,088 - pipeline - INFO - No empty collections found in any JSON file.
2026-02-12 21:30:06,088 - pipeline - INFO - No empty collections found in any JSON file.
2026-02-12 21:30:06,088 - pipeline - INFO - No empty collections found in any JSON file.
2026-02-12 21:30:06,089 - pipeline - INFO - Pipeline execution completed. Results in: D:/ReportGenerator/report-generator-app/public/AnalyzeResults\#HuaqinDebug\Seattle
2026-02-12 21:30:06,089 - pipeline - INFO - Pipeline execution completed. Results in: D:/ReportGenerator/report-generator-app/public/AnalyzeResults\#HuaqinDebug\Seattle
2026-02-12 21:30:06,089 - pipeline - INFO - Pipeline execution completed. Results in: D:/ReportGenerator/report-generator-app/public/AnalyzeResults\#HuaqinDebug\Seattle
2026-02-12 21:30:06,089 - pipeline - INFO - Pipeline execution completed. Results in: D:/ReportGenerator/report-generator-app/public/AnalyzeResults\#HuaqinDebug\Seattle
