IDX,LID,CI_1,CI_2,Lon,Lat,Time,Measure,[Call Test] Call Start Network,[Call Test] Call Type,[Call Test] Call Result,[Call Test] Call Middle Network,[Call Test] Call End Network,[Call Test] Mobile ChipSet,[Call Test] [VoNR VoLTE] [Duration] SIP Setup Duration (Invite~200OK),[Call Test] [Misc] [Mobile] IMEI,[Call Test] [Throughput] Application DL TP,[General] Serving Network (In Traffic),[Call Test] [HTTP Transfer] HTTP Transfer Call Event,[Call Test] [KR PS-LTE] [SMS] [Timestamp] SIP Message,[Packet Data] [SIP] UL/DL,[Packet Data] [SIP] Request Method,[Packet Data] [SIP] Status,[Packet Data] [SIP] 200 OK - Method,[Call Test] [Voice or Video Call] Call Result,[Call Test] [Voice or Video Call] Orig/Term,[Call Test] [Voice or Video Call] Result & Reason,[LTE] [L1] [RF] PCI,[LTE] [L1] [RF] RSRP,[Event] Total Call Result,[Event] Voice Call Event,[Event] [Event Occurrence Count] Call Completed #,[Event] [Event Occurrence Count] Outgoing Call Setup Fail #,[Event] [Event Occurrence Count] Call Dropped #,[Event] [Event Occurrence Count] Call Start #,[Call Test] [Voice or Video Call] [Duration] Traffic Duration (LoggingTool),[NR5G] [RF] PCI,[Call Test] [Voice Quality] [Per Rx Clip] [RF Quality] 5G RSRP,[Call Test] [Voice Quality] [Sampled Values] MOS (POLQA),[WiFi] On Off,[WiFi] Connect State,[WiFi] [Serving AP] RSSI,[WiFi] [Serving AP] Frequency,[WiFi] [Serving AP] Link Speed,[Call Test] [VoNR VoLTE] [Handover] Rx RTP Delay (Control Plane),[Call Test] [Voice or Video Call] Call Type,[Event] [Event Occurrence Count] Handover OK #,[Mobile Info] [Android] [Radio] Network Type (Data Svc)
1,1,,,-121.9314830,47.5244923,2026-01-23 18:56:15.000,_20260123_105610_CH02_TMO_5GNR_WFC_MT-DUT-2_TC-155.dml,,,,,,,,,,,,,,,,,,,,,,,,,,,,,594,,,On,Connected,-71.000000,5220,60,,,,IWLAN
2,1,,,-121.9314830,47.5244923,2026-01-23 18:56:16.000,_20260123_105610_CH02_TMO_5GNR_WFC_MT-DUT-2_TC-155.dml,,,,,,,,,,,,,,,,,,,,,,,,,,,,,594,,,On,Connected,-71.000000,5220,136,,,,IWLAN
3,1,,,-121.9314830,47.5244923,2026-01-23 18:56:17.000,_20260123_105610_CH02_TMO_5GNR_WFC_MT-DUT-2_TC-155.dml,,,,,,,,,,,,,,,,,,,,,,,,,,,,,594,,,On,Connected,-71.000000,5220,136,,,,IWLAN
4,1,,,-121.9314830,47.5244923,2026-01-23 18:56:18.000,_20260123_105610_CH02_TMO_5GNR_WFC_MT-DUT-2_TC-155.dml,,,,,,,,,,,,,,,,,,,,,,,,,,,,,594,,,On,Connected,-71.000000,5220,136,,,,IWLAN
5,1,,,-121.9314830,47.5244923,2026-01-23 18:56:19.000,_20260123_105610_CH02_TMO_5GNR_WFC_MT-DUT-2_TC-155.dml,,,,,,,,,,,,,,,,,,,,,,,,,,,,,594,,,On,Connected,-71.000000,5220,136,,,,IWLAN
6,1,,,-121.9314830,47.5244923,2026-01-23 18:56:20.000,_20260123_105610_CH02_TMO_5GNR_WFC_MT-DUT-2_TC-155.dml,,,,,,,,,,,,,,,,,,,,,,,,,,,,,594,,,,Connected,,,,,,,
7,1,,,-121.9314830,47.5244923,2026-01-23 18:56:21.000,_20260123_105610_CH02_TMO_5GNR_WFC_MT-DUT-2_TC-155.dml,,,,,,,,,,,,,,,,,,,,,,,,,,,,,594,,,On,Connected,-71.000000,5220,136,,,,IWLAN
8,1,,,-121.9314830,47.5244923,2026-01-23 18:56:22.000,_20260123_105610_CH02_TMO_5GNR_WFC_MT-DUT-2_TC-155.dml,,,,,,,,,,,,,,,,,,,,,,,,,,,,,594,,,On,Connected,-70.000000,5220,136,,,,IWLAN
9,1,,,-121.9314830,47.5244923,2026-01-23 18:56:23.000,_20260123_105610_CH02_TMO_5GNR_WFC_MT-DUT-2_TC-155.dml,,,,,,,,,,,,,,,,,,,,,,,,,,,,,594,,,On,Connected,-70.000000,5220,136,,,,IWLAN
10,1,,,-121.9314830,47.5244923,2026-01-23 18:56:23.910,_20260123_105610_CH02_TMO_5GNR_WFC_MT-DUT-2_TC-155.dml,,,,,,,,,,,,,,,,,,,,,,,[Tool] Voice - Call Scheduling Start(Term),,,,,,,,,,,,,,,,,
11,1,,,-121.9314830,47.5244923,2026-01-23 18:56:23.910,_20260123_105610_CH02_TMO_5GNR_WFC_MT-DUT-2_TC-155.dml,,,,,,,,,,,,,,,,,,,,,,,[Tool] Voice - Wait Page,,,,,,,,,,,,,,,,,
12,1,,,-121.9314830,47.5244923,2026-01-23 18:56:24.000,_20260123_105610_CH02_TMO_5GNR_WFC_MT-DUT-2_TC-155.dml,,,,,,,,,,,,,,,,,,,,,,,,,,,,,594,,,On,Connected,-70.000000,5220,136,,,,IWLAN
13,1,,,-121.9314830,47.5244923,2026-01-23 18:56:25.000,_20260123_105610_CH02_TMO_5GNR_WFC_MT-DUT-2_TC-155.dml,,,,,,,,,,,,,,,,,,,,,,,,,,,,,594,,,On,Connected,-69.000000,5220,68,,,,IWLAN
14,1,,,-121.9314830,47.5244923,2026-01-23 18:56:26.000,_20260123_105610_CH02_TMO_5GNR_WFC_MT-DUT-2_TC-155.dml,,,,,,,,,,,,,,,,,,,,,,,,,,,,,594,,,On,Connected,-69.000000,5220,68,,,,IWLAN
15,1,,,-121.9314830,47.5244923,2026-01-23 18:56:27.000,_20260123_105610_CH02_TMO_5GNR_WFC_MT-DUT-2_TC-155.dml,,,,,,,,,,,,,,,,,,,,,,,,,,,,,594,,,,Connected,,,,,,,IWLAN
16,1,,,-121.9314830,47.5244923,2026-01-23 18:56:27.645,_20260123_105610_CH02_TMO_5GNR_WFC_MT-DUT-2_TC-155.dml,,,,,,,,,,,,,,,,,,,,,,,[Tool] Voice - Answer Request,,,,,,,,,,,,,,,,,
17,1,,,-121.9314830,47.5244923,2026-01-23 18:56:28.000,_20260123_105610_CH02_TMO_5GNR_WFC_MT-DUT-2_TC-155.dml,,,,,,,,,,,,,,,,,,,,,,,,,,,,,594,,,On,Connected,-69.500000,5220,136,,,,IWLAN
18,1,,,-121.9314830,47.5244923,2026-01-23 18:56:28.505,_20260123_105610_CH02_TMO_5GNR_WFC_MT-DUT-2_TC-155.dml,,,,,,,,,,,,,,,,,,,,,,,[UE]   Voice - Setup Success,,,,,,,,,,,,,,,,,
19,1,,,-121.9314830,47.5244923,2026-01-23 18:56:29.000,_20260123_105610_CH02_TMO_5GNR_WFC_MT-DUT-2_TC-155.dml,,,,,,,,,,NR SA,,,,,,,,,,,,,,,,,,,594,,,On,Connected,-70.000000,5220,136,,,,IWLAN
20,1,,,-121.9314830,47.5244923,2026-01-23 18:56:30.000,_20260123_105610_CH02_TMO_5GNR_WFC_MT-DUT-2_TC-155.dml,,,,,,,,,,NR SA,,,,,,,,,,,,,,,,,,,594,,,On,Connected,-70.000000,5220,136,,,,IWLAN
21,1,,,-121.9314830,47.5244923,2026-01-23 18:56:31.000,_20260123_105610_CH02_TMO_5GNR_WFC_MT-DUT-2_TC-155.dml,,,,,,,,,,NR SA,,,,,,,,,,,,,,,,,,,594,,,On,Connected,-70.000000,5220,136,,,,IWLAN
22,1,,,-121.9314830,47.5244923,2026-01-23 18:56:32.000,_20260123_105610_CH02_TMO_5GNR_WFC_MT-DUT-2_TC-155.dml,,,,,,,,,,NR SA,,,,,,,,,,,,,,,,,,,594,,,On,Connected,-70.000000,5220,136,,,,IWLAN
23,1,,,-121.9314830,47.5244923,2026-01-23 18:56:33.000,_20260123_105610_CH02_TMO_5GNR_WFC_MT-DUT-2_TC-155.dml,,,,,,,,,,NR SA,,,,,,,,,,,,,,,,,,,594,,,On,Connected,-70.000000,5220,136,,,,IWLAN
24,1,,,-121.9314830,47.5244923,2026-01-23 18:56:34.000,_20260123_105610_CH02_TMO_5GNR_WFC_MT-DUT-2_TC-155.dml,,,,,,,,,,NR SA,,,,,,,,,,,,,,,,,,,594,,,,Connected,,,,,,,IWLAN
25,1,,,-121.9314830,47.5244923,2026-01-23 18:56:35.000,_20260123_105610_CH02_TMO_5GNR_WFC_MT-DUT-2_TC-155.dml,,,,,,,,,,NR SA,,,,,,,,,,,,,,,,,,,594,,,On,Connected,-70.000000,5220,136,,,,IWLAN
26,1,,,-121.9314830,47.5244923,2026-01-23 18:56:36.000,_20260123_105610_CH02_TMO_5GNR_WFC_MT-DUT-2_TC-155.dml,,,,,,,,,,NR SA,,,,,,,,,,,,,,,,,,,594,,,On,Connected,-71.000000,5220,122,,,,IWLAN
27,1,,,-121.9314830,47.5244923,2026-01-23 18:56:37.000,_20260123_105610_CH02_TMO_5GNR_WFC_MT-DUT-2_TC-155.dml,,,,,,,,,,NR SA,,,,,,,,,,,,,,,,,,,594,,,On,Connected,-71.000000,5220,122,,,,IWLAN
28,1,,,-121.9314830,47.5244923,2026-01-23 18:56:38.000,_20260123_105610_CH02_TMO_5GNR_WFC_MT-DUT-2_TC-155.dml,,,,,,,,,,NR SA,,,,,,,,,,,,,,,,,,,594,,,On,Connected,-70.000000,5220,68,,,,IWLAN
29,1,,,-121.9314830,47.5244923,2026-01-23 18:56:39.000,_20260123_105610_CH02_TMO_5GNR_WFC_MT-DUT-2_TC-155.dml,,,,,,,,,,NR SA,,,,,,,,,,,,,,,,,,,594,,2.599842,On,Connected,-70.000000,5220,68,,,,IWLAN
30,1,,,-121.9314830,47.5244923,2026-01-23 18:56:40.000,_20260123_105610_CH02_TMO_5GNR_WFC_MT-DUT-2_TC-155.dml,,,,,,,,,,NR SA,,,,,,,,,,,,,,,,,,,594,,2.599842,On,Connected,-70.000000,5220,68,,,,IWLAN
31,1,,,-121.9314830,47.5244923,2026-01-23 18:56:41.000,_20260123_105610_CH02_TMO_5GNR_WFC_MT-DUT-2_TC-155.dml,,,,,,,,,,NR SA,,,,,,,,,,,,,,,,,,,,,2.599842,,Connected,,,,,,,IWLAN
32,1,,,-121.9314830,47.5244923,2026-01-23 18:56:42.000,_20260123_105610_CH02_TMO_5GNR_WFC_MT-DUT-2_TC-155.dml,,,,,,,,,,NR SA,,,,,,,,,,,,,,,,,,,594,,2.599842,On,Connected,-70.000000,5220,92,,,,IWLAN
33,1,,,-121.9314830,47.5244923,2026-01-23 18:56:43.000,_20260123_105610_CH02_TMO_5GNR_WFC_MT-DUT-2_TC-155.dml,,,,,,,,,,NR SA,,,,,,,,,,,,,,,,,,,,,2.599842,,Connected,,,,,,,
34,1,,,-121.9314830,47.5244923,2026-01-23 18:56:44.000,_20260123_105610_CH02_TMO_5GNR_WFC_MT-DUT-2_TC-155.dml,,,,,,,,,,NR SA,,,,,,,,,,,,,,,,,,,594,,2.599842,On,Connected,-70.000000,5220,68,,,,IWLAN
35,1,,,-121.9314830,47.5244923,2026-01-23 18:56:45.000,_20260123_105610_CH02_TMO_5GNR_WFC_MT-DUT-2_TC-155.dml,,,,,,,,,,NR SA,,,,,,,,,,,,,,,,,,,,,2.599842,On,Connected,-70.000000,5220,68,,,,IWLAN
36,1,,,-121.9314830,47.5244923,2026-01-23 18:56:46.000,_20260123_105610_CH02_TMO_5GNR_WFC_MT-DUT-2_TC-155.dml,,,,,,,,,,NR SA,,,,,,,,,,,,,,,,,,,594,,2.599842,,Connected,,,,,,,IWLAN
37,1,,,-121.9314830,47.5244923,2026-01-23 18:56:47.000,_20260123_105610_CH02_TMO_5GNR_WFC_MT-DUT-2_TC-155.dml,,,,,,,,,,NR SA,,,,,,,,,,,,,,,,,,,,,2.599842,On,Connected,-70.000000,5220,136,,,,IWLAN
38,1,,,-121.9314830,47.5244923,2026-01-23 18:56:48.000,_20260123_105610_CH02_TMO_5GNR_WFC_MT-DUT-2_TC-155.dml,,,,,,,,,,NR SA,,,,,,,,,,,,,,,,,,,594,,2.599842,,Connected,,,,,,,IWLAN
39,1,,,-121.9314830,47.5244923,2026-01-23 18:56:49.000,_20260123_105610_CH02_TMO_5GNR_WFC_MT-DUT-2_TC-155.dml,,,,,,,,,,NR SA,,,,,,,,,,,,,,,,,,,,,,On,Connected,-70.000000,5220,136,,,,IWLAN
40,1,,,-121.9314830,47.5244923,2026-01-23 18:56:49.458,_20260123_105610_CH02_TMO_5GNR_WFC_MT-DUT-2_TC-155.dml,,,,,,,,,,,,,,,,,,,,,,,,,,,,,,-81.103611,,,,,,,,,,
41,1,,,-121.9314830,47.5244923,2026-01-23 18:56:50.000,_20260123_105610_CH02_TMO_5GNR_WFC_MT-DUT-2_TC-155.dml,,,,,,,,,,NR SA,,,,,,,,,,,,,,,,,,,594,,,On,Connected,-70.000000,5220,136,,,,IWLAN
42,1,,,-121.9314830,47.5244923,2026-01-23 18:56:51.000,_20260123_105610_CH02_TMO_5GNR_WFC_MT-DUT-2_TC-155.dml,,,,,,,,,,NR SA,,,,,,,,,,,,,,,,,,,,,,On,Connected,-70.000000,5220,68,,,,IWLAN
43,1,,,-121.9314830,47.5244923,2026-01-23 18:56:52.000,_20260123_105610_CH02_TMO_5GNR_WFC_MT-DUT-2_TC-155.dml,,,,,,,,,,NR SA,,,,,,,,,,,,,,,,,,,594,,,On,Connected,-70.000000,5220,68,,,,IWLAN
44,1,,,-121.9314830,47.5244923,2026-01-23 18:56:53.000,_20260123_105610_CH02_TMO_5GNR_WFC_MT-DUT-2_TC-155.dml,,,,,,,,,,NR SA,,,,,,,,,,,,,,,,,,,,,,On,Connected,-70.500000,5220,136,,,,IWLAN
45,1,,,-121.9314830,47.5244923,2026-01-23 18:56:54.000,_20260123_105610_CH02_TMO_5GNR_WFC_MT-DUT-2_TC-155.dml,,,,,,,,,,NR SA,,,,,,,,,,,,,,,,,,,594,,,On,Connected,-71.000000,5220,136,,,,IWLAN
46,1,,,-121.9314830,47.5244923,2026-01-23 18:56:55.000,_20260123_105610_CH02_TMO_5GNR_WFC_MT-DUT-2_TC-155.dml,,,,,,,,,,NR SA,,,,,,,,,,,,,,,,,,,,,,On,Connected,-71.000000,5220,136,,,,IWLAN
47,1,,,-121.9314830,47.5244923,2026-01-23 18:56:56.000,_20260123_105610_CH02_TMO_5GNR_WFC_MT-DUT-2_TC-155.dml,,,,,,,,,,NR SA,,,,,,,,,,,,,,,,,,,594,,,,Connected,,,,,,,IWLAN
48,1,,,-121.9314830,47.5244923,2026-01-23 18:56:57.000,_20260123_105610_CH02_TMO_5GNR_WFC_MT-DUT-2_TC-155.dml,,,,,,,,,,NR SA,,,,,,,,,,,,,,,,,,,,,,On,Connected,-70.000000,5220,64,,,,IWLAN
49,1,,,-121.9314830,47.5244923,2026-01-23 18:56:58.000,_20260123_105610_CH02_TMO_5GNR_WFC_MT-DUT-2_TC-155.dml,,,,,,,,,,NR SA,,,,,,,,,,,,,,,,,,,594,,,On,Connected,-70.000000,5220,64,,,,IWLAN
50,1,,,-121.9314830,47.5244923,2026-01-23 18:56:59.000,_20260123_105610_CH02_TMO_5GNR_WFC_MT-DUT-2_TC-155.dml,,,,,,,,,,NR SA,,,,,,,,,,,,,,,,,,,,,1.801691,,Connected,,,,,,,
51,1,,,-121.9314830,47.5244923,2026-01-23 18:57:00.000,_20260123_105610_CH02_TMO_5GNR_WFC_MT-DUT-2_TC-155.dml,,,,,,,,,,NR SA,,,,,,,,,,,,,,,,,,,594,,1.801691,On,Connected,-70.000000,5220,136,,,,IWLAN
52,1,,,-121.9314830,47.5244923,2026-01-23 18:57:01.000,_20260123_105610_CH02_TMO_5GNR_WFC_MT-DUT-2_TC-155.dml,,,,,,,,,,NR SA,,,,,,,,,,,,,,,,,,,594,,1.801691,On,Connected,-70.000000,5220,136,,,,IWLAN
53,1,,,-121.9314830,47.5244923,2026-01-23 18:57:02.000,_20260123_105610_CH02_TMO_5GNR_WFC_MT-DUT-2_TC-155.dml,,,,,,,,,,NR SA,,,,,,,,,,,,,,,,,,,,,1.801691,,Connected,,,,,,,IWLAN
54,1,,,-121.9314830,47.5244923,2026-01-23 18:57:03.000,_20260123_105610_CH02_TMO_5GNR_WFC_MT-DUT-2_TC-155.dml,,,,,,,,,,NR SA,,,,,,,,,,,,,,,,,,,594,,1.801691,On,Connected,-71.000000,5220,136,,,,IWLAN
55,1,,,-121.9314830,47.5244923,2026-01-23 18:57:04.000,_20260123_105610_CH02_TMO_5GNR_WFC_MT-DUT-2_TC-155.dml,,,,,,,,,,NR SA,,,,,,,,,,,,,,,,,,,,,1.801691,On,Connected,-71.000000,5220,136,,,,IWLAN
56,1,,,-121.9314830,47.5244923,2026-01-23 18:57:05.000,_20260123_105610_CH02_TMO_5GNR_WFC_MT-DUT-2_TC-155.dml,,,,,,,,,,NR SA,,,,,,,,,,,,,,,,,,,594,,1.801691,On,Connected,-71.000000,5220,136,,,,IWLAN
57,1,,,-121.9314830,47.5244923,2026-01-23 18:57:06.000,_20260123_105610_CH02_TMO_5GNR_WFC_MT-DUT-2_TC-155.dml,,,,,,,,,,NR SA,,,,,,,,,,,,,,,,,,,,,1.801691,,Connected,,,,,,,IWLAN
58,1,,,-121.9314830,47.5244923,2026-01-23 18:57:07.000,_20260123_105610_CH02_TMO_5GNR_WFC_MT-DUT-2_TC-155.dml,,,,,,,,,,NR SA,,,,,,,,,,,,,,,,,,,594,,1.801691,On,Connected,-71.000000,5220,136,,,,IWLAN
59,1,,,-121.9314830,47.5244923,2026-01-23 18:57:08.000,_20260123_105610_CH02_TMO_5GNR_WFC_MT-DUT-2_TC-155.dml,,,,,,,,,,NR SA,,,,,,,,,,,,,,,,,,,,,1.801691,,Connected,,,,,,,
60,1,,,-121.9314830,47.5244923,2026-01-23 18:57:09.000,_20260123_105610_CH02_TMO_5GNR_WFC_MT-DUT-2_TC-155.dml,,,,,,,,,,NR SA,,,,,,,,,,,,,,,,,,,594,,,On,Connected,-71.000000,5220,136,,,,IWLAN
61,1,,,-121.9314830,47.5244923,2026-01-23 18:57:09.474,_20260123_105610_CH02_TMO_5GNR_WFC_MT-DUT-2_TC-155.dml,,,,,,,,,,,,,,,,,,,,,,,,,,,,,,-80.535000,,,,,,,,,,
62,1,,,-121.9314830,47.5244923,2026-01-23 18:57:10.000,_20260123_105610_CH02_TMO_5GNR_WFC_MT-DUT-2_TC-155.dml,,,,,,,,,,NR SA,,,,,,,,,,,,,,,,,,,,,,On,Connected,-71.000000,5220,136,,,,IWLAN
63,1,,,-121.9314830,47.5244923,2026-01-23 18:57:11.000,_20260123_105610_CH02_TMO_5GNR_WFC_MT-DUT-2_TC-155.dml,,,,,,,,,,NR SA,,,,,,,,,,,,,,,,,,,594,,,,Connected,,,,,,,IWLAN
64,1,,,-121.9314830,47.5244923,2026-01-23 18:57:12.000,_20260123_105610_CH02_TMO_5GNR_WFC_MT-DUT-2_TC-155.dml,,,,,,,,,,NR SA,,,,,,,,,,,,,,,,,,,,,,On,Connected,-71.000000,5220,136,,,,IWLAN
65,1,,,-121.9314830,47.5244923,2026-01-23 18:57:13.000,_20260123_105610_CH02_TMO_5GNR_WFC_MT-DUT-2_TC-155.dml,,,,,,,,,,NR SA,,,,,,,,,,,,,,,,,,,594,,,,Connected,,,,,,,IWLAN
66,1,,,-121.9314830,47.5244923,2026-01-23 18:57:14.000,_20260123_105610_CH02_TMO_5GNR_WFC_MT-DUT-2_TC-155.dml,,,,,,,,,,NR SA,,,,,,,,,,,,,,,,,,,,,,On,Connected,-71.000000,5220,136,,,,IWLAN
67,1,,,-121.9314830,47.5244923,2026-01-23 18:57:15.000,_20260123_105610_CH02_TMO_5GNR_WFC_MT-DUT-2_TC-155.dml,,,,,,,,,,NR SA,,,,,,,,,,,,,,,,,,,594,,,,Connected,,,,,,,
68,1,,,-121.9314830,47.5244923,2026-01-23 18:57:16.000,_20260123_105610_CH02_TMO_5GNR_WFC_MT-DUT-2_TC-155.dml,,,,,,,,,,NR SA,,,,,,,,,,,,,,,,,,,594,,,On,Connected,-71.000000,5220,136,,,,IWLAN
69,1,,,-121.9314830,47.5244923,2026-01-23 18:57:17.000,_20260123_105610_CH02_TMO_5GNR_WFC_MT-DUT-2_TC-155.dml,,,,,,,,,,NR SA,,,,,,,,,,,,,,,,,,,594,,,On,Connected,-71.000000,5220,136,,,,IWLAN
70,1,,,-121.9314830,47.5244923,2026-01-23 18:57:18.000,_20260123_105610_CH02_TMO_5GNR_WFC_MT-DUT-2_TC-155.dml,,,,,,,,,,NR SA,,,,,,,,,,,,,,,,,,,,,,,Connected,,,,,,,IWLAN
71,1,,,-121.9314830,47.5244923,2026-01-23 18:57:19.000,_20260123_105610_CH02_TMO_5GNR_WFC_MT-DUT-2_TC-155.dml,,,,,,,,,,NR SA,,,,,,,,,,,,,,,,,,,594,,2.917246,On,Connected,-71.000000,5220,136,,,,IWLAN
72,1,,,-121.9314830,47.5244923,2026-01-23 18:57:20.000,_20260123_105610_CH02_TMO_5GNR_WFC_MT-DUT-2_TC-155.dml,,,,,,,,,,NR SA,,,,,,,,,,,,,,,,,,,594,,2.917246,,Connected,,,,,,,IWLAN
73,1,,,-121.9314830,47.5244923,2026-01-23 18:57:21.000,_20260123_105610_CH02_TMO_5GNR_WFC_MT-DUT-2_TC-155.dml,,,,,,,,,,NR SA,,,,,,,,,,,,,,,,,,,594,,2.917246,On,Connected,-71.000000,5220,136,,,,IWLAN
74,1,,,-121.9314830,47.5244923,2026-01-23 18:57:22.000,_20260123_105610_CH02_TMO_5GNR_WFC_MT-DUT-2_TC-155.dml,,,,,,,,,,NR SA,,,,,,,,,,,,,,,,,,,594,,2.917246,,Connected,,,,,,,IWLAN
75,1,,,-121.9314830,47.5244923,2026-01-23 18:57:23.000,_20260123_105610_CH02_TMO_5GNR_WFC_MT-DUT-2_TC-155.dml,,,,,,,,,,NR SA,,,,,,,,,,,,,,,,,,,594,,2.917246,On,Connected,-71.000000,5220,136,,,,IWLAN
76,1,,,-121.9314830,47.5244923,2026-01-23 18:57:24.000,_20260123_105610_CH02_TMO_5GNR_WFC_MT-DUT-2_TC-155.dml,,,,,,,,,,NR SA,,,,,,,,,,,,,,,,,,,594,,2.917246,,Connected,,,,,,,IWLAN
77,1,,,-121.9314830,47.5244923,2026-01-23 18:57:25.000,_20260123_105610_CH02_TMO_5GNR_WFC_MT-DUT-2_TC-155.dml,,,,,,,,,,NR SA,,,,,,,,,,,,,,,,,,,594,,2.917246,On,Connected,-71.000000,5220,136,,,,IWLAN
78,1,,,-121.9314830,47.5244923,2026-01-23 18:57:26.000,_20260123_105610_CH02_TMO_5GNR_WFC_MT-DUT-2_TC-155.dml,,,,,,,,,,NR SA,,,,,,,,,,,,,,,,,,,594,,2.917246,On,Connected,-71.000000,5220,136,,,,IWLAN
79,1,,,-121.9314830,47.5244923,2026-01-23 18:57:27.000,_20260123_105610_CH02_TMO_5GNR_WFC_MT-DUT-2_TC-155.dml,,,,,,,,,,NR SA,,,,,,,,,,,,,,,,,,,594,,2.917246,,Connected,,,,,,,IWLAN
80,1,,,-121.9314830,47.5244923,2026-01-23 18:57:28.000,_20260123_105610_CH02_TMO_5GNR_WFC_MT-DUT-2_TC-155.dml,,,,,,,,,,NR SA,,,,,,,,,,,,,,,,,,,594,,2.917246,On,Connected,-71.000000,5220,136,,,,IWLAN
81,1,,,-121.9314830,47.5244923,2026-01-23 18:57:29.000,_20260123_105610_CH02_TMO_5GNR_WFC_MT-DUT-2_TC-155.dml,,,,,,,,,,NR SA,,,,,,,,,,,,,,,,,,,594,,,,Connected,,,,,,,IWLAN
82,1,,,-121.9314830,47.5244923,2026-01-23 18:57:29.426,_20260123_105610_CH02_TMO_5GNR_WFC_MT-DUT-2_TC-155.dml,,,,,,,,,,,,,,,,,,,,,,,,,,,,,,-79.739070,,,,,,,,,,
83,1,,,-121.9314830,47.5244923,2026-01-23 18:57:30.000,_20260123_105610_CH02_TMO_5GNR_WFC_MT-DUT-2_TC-155.dml,,,,,,,,,,NR SA,,,,,,,,,,,,,,,,,,,594,,,On,Connected,-71.000000,5220,136,,,,IWLAN
84,1,,,-121.9314830,47.5244923,2026-01-23 18:57:31.000,_20260123_105610_CH02_TMO_5GNR_WFC_MT-DUT-2_TC-155.dml,,,,,,,,,,NR SA,,,,,,,,,,,,,,,,,,,594,,,On,Connected,-71.000000,5220,136,,,,
85,1,,,-121.9314830,47.5244923,2026-01-23 18:57:32.000,_20260123_105610_CH02_TMO_5GNR_WFC_MT-DUT-2_TC-155.dml,,,,,,,,,,NR SA,,,,,,,,,,,,,,,,,,,594,,,On,Connected,-71.000000,5220,136,,,,IWLAN
86,1,,,-121.9314830,47.5244923,2026-01-23 18:57:33.000,_20260123_105610_CH02_TMO_5GNR_WFC_MT-DUT-2_TC-155.dml,,,,,,,,,,NR SA,,,,,,,,,,,,,,,,,,,594,,,On,Connected,-71.000000,5220,136,,,,IWLAN
87,1,,,-121.9314830,47.5244923,2026-01-23 18:57:34.000,_20260123_105610_CH02_TMO_5GNR_WFC_MT-DUT-2_TC-155.dml,,,,,,,,,,NR SA,,,,,,,,,,,,,,,,,,,594,,,,Connected,,,,,,,IWLAN
88,1,,,-121.9314830,47.5244923,2026-01-23 18:57:35.000,_20260123_105610_CH02_TMO_5GNR_WFC_MT-DUT-2_TC-155.dml,,,,,,,,,,NR SA,,,,,,,,,,,,,,,,,,,594,,,On,Connected,-71.000000,5220,136,,,,IWLAN
89,1,,,-121.9314830,47.5244923,2026-01-23 18:57:36.000,_20260123_105610_CH02_TMO_5GNR_WFC_MT-DUT-2_TC-155.dml,,,,,,,,,,NR SA,,,,,,,,,,,,,,,,,,,594,,,,Connected,,,,,,,IWLAN
90,1,,,-121.9314830,47.5244923,2026-01-23 18:57:37.000,_20260123_105610_CH02_TMO_5GNR_WFC_MT-DUT-2_TC-155.dml,,,,,,,,,,NR SA,,,,,,,,,,,,,,,,,,,594,,,On,Connected,-71.000000,5220,136,,,,IWLAN
91,1,,,-121.9314830,47.5244923,2026-01-23 18:57:38.000,_20260123_105610_CH02_TMO_5GNR_WFC_MT-DUT-2_TC-155.dml,,,,,,,,,,NR SA,,,,,,,,,,,,,,,,,,,594,,,,Connected,,,,,,,IWLAN
92,1,,,-121.9314830,47.5244923,2026-01-23 18:57:39.000,_20260123_105610_CH02_TMO_5GNR_WFC_MT-DUT-2_TC-155.dml,,,,,,,,,,NR SA,,,,,,,,,,,,,,,,,,,594,,1.958713,On,Connected,-71.000000,5220,136,,,,IWLAN
93,1,,,-121.9314830,47.5244923,2026-01-23 18:57:40.000,_20260123_105610_CH02_TMO_5GNR_WFC_MT-DUT-2_TC-155.dml,,,,,,,,,,NR SA,,,,,,,,,,,,,,,,,,,594,,1.958713,On,Connected,-71.000000,5220,136,,,,IWLAN
94,1,,,-121.9314830,47.5244923,2026-01-23 18:57:41.000,_20260123_105610_CH02_TMO_5GNR_WFC_MT-DUT-2_TC-155.dml,,,,,,,,,,NR SA,,,,,,,,,,,,,,,,,,,594,,1.958713,On,Connected,-71.000000,5220,136,,,,IWLAN
95,1,,,-121.9314830,47.5244923,2026-01-23 18:57:42.000,_20260123_105610_CH02_TMO_5GNR_WFC_MT-DUT-2_TC-155.dml,,,,,,,,,,NR SA,,,,,,,,,,,,,,,,,,,594,,1.958713,On,Connected,-71.000000,5220,136,,,,IWLAN
96,1,,,-121.9314830,47.5244923,2026-01-23 18:57:43.000,_20260123_105610_CH02_TMO_5GNR_WFC_MT-DUT-2_TC-155.dml,,,,,,,,,,NR SA,,,,,,,,,,,,,,,,,,,594,,1.958713,,Connected,,,,,,,IWLAN
97,1,,,-121.9314830,47.5244923,2026-01-23 18:57:44.000,_20260123_105610_CH02_TMO_5GNR_WFC_MT-DUT-2_TC-155.dml,,,,,,,,,,NR SA,,,,,,,,,,,,,,,,,,,594,,1.958713,On,Connected,-71.000000,5220,136,,,,IWLAN
98,1,,,-121.9314830,47.5244923,2026-01-23 18:57:45.000,_20260123_105610_CH02_TMO_5GNR_WFC_MT-DUT-2_TC-155.dml,,,,,,,,,,NR SA,,,,,,,,,,,,,,,,,,,594,,1.958713,,Connected,,,,,,,IWLAN
99,1,,,-121.9314830,47.5244923,2026-01-23 18:57:46.000,_20260123_105610_CH02_TMO_5GNR_WFC_MT-DUT-2_TC-155.dml,,,,,,,,,,NR SA,,,,,,,,,,,,,,,,,,,594,,1.958713,On,Connected,-71.000000,5220,136,,,,IWLAN
100,1,,,-121.9314830,47.5244923,2026-01-23 18:57:47.000,_20260123_105610_CH02_TMO_5GNR_WFC_MT-DUT-2_TC-155.dml,,,,,,,,,,NR SA,,,,,,,,,,,,,,,,,,,594,,1.958713,On,Connected,-71.000000,5220,136,,,,
101,1,,,-121.9314830,47.5244923,2026-01-23 18:57:48.000,_20260123_105610_CH02_TMO_5GNR_WFC_MT-DUT-2_TC-155.dml,,,,,,,,,,NR SA,,,,,,,,,,,,,,,,,,,594,,1.958713,On,Connected,-71.000000,5220,136,,,,IWLAN
102,1,,,-121.9314830,47.5244923,2026-01-23 18:57:49.442,_20260123_105610_CH02_TMO_5GNR_WFC_MT-DUT-2_TC-155.dml,,,,,,,,,,,,,,,,,,,,,,,,,,,,,,-78.123690,,,,,,,,,,
103,1,,,-121.9314830,47.5244923,2026-01-23 18:57:49.000,_20260123_105610_CH02_TMO_5GNR_WFC_MT-DUT-2_TC-155.dml,,,,,,,,,,NR SA,,,,,,,,,,,,,,,,,,,594,,,On,Connected,-71.000000,5220,136,,,,IWLAN
104,1,,,-121.9314830,47.5244923,2026-01-23 18:57:50.000,_20260123_105610_CH02_TMO_5GNR_WFC_MT-DUT-2_TC-155.dml,,,,,,,,,,NR SA,,,,,,,,,,,,,,,,,,,594,,,,Connected,,,,,,,IWLAN
105,1,,,-121.9314830,47.5244923,2026-01-23 18:57:51.000,_20260123_105610_CH02_TMO_5GNR_WFC_MT-DUT-2_TC-155.dml,,,,,,,,,,NR SA,,,,,,,,,,,,,,,,,,,594,,,On,Connected,-71.000000,5220,136,,,,IWLAN
106,1,,,-121.9314830,47.5244923,2026-01-23 18:57:52.000,_20260123_105610_CH02_TMO_5GNR_WFC_MT-DUT-2_TC-155.dml,,,,,,,,,,NR SA,,,,,,,,,,,,,,,,,,,594,,,On,Connected,-71.000000,5220,136,,,,IWLAN
107,1,,,-121.9314830,47.5244923,2026-01-23 18:57:53.000,_20260123_105610_CH02_TMO_5GNR_WFC_MT-DUT-2_TC-155.dml,,,,,,,,,,NR SA,,,,,,,,,,,,,,,,,,,594,,,On,Connected,-71.000000,5220,136,,,,IWLAN
108,1,,,-121.9314830,47.5244923,2026-01-23 18:57:54.000,_20260123_105610_CH02_TMO_5GNR_WFC_MT-DUT-2_TC-155.dml,,,,,,,,,,NR SA,,,,,,,,,,,,,,,,,,,594,,,On,Connected,-71.000000,5220,136,,,,IWLAN
109,1,,,-121.9314830,47.5244923,2026-01-23 18:57:55.000,_20260123_105610_CH02_TMO_5GNR_WFC_MT-DUT-2_TC-155.dml,,,,,,,,,,NR SA,,,,,,,,,,,,,,,,,,,594,,,On,Connected,-71.000000,5220,136,,,,IWLAN
110,1,,,-121.9314830,47.5244923,2026-01-23 18:57:56.000,_20260123_105610_CH02_TMO_5GNR_WFC_MT-DUT-2_TC-155.dml,,,,,,,,,,NR SA,,,,,,,,,,,,,,,,,,,594,,,On,Connected,-71.000000,5220,136,,,,IWLAN
111,1,,,-121.9314830,47.5244923,2026-01-23 18:57:57.000,_20260123_105610_CH02_TMO_5GNR_WFC_MT-DUT-2_TC-155.dml,,,,,,,,,,NR SA,,,,,,,,,,,,,,,,,,,594,,,On,Connected,-71.000000,5220,136,,,,IWLAN
112,1,,,-121.9314830,47.5244923,2026-01-23 18:57:58.000,_20260123_105610_CH02_TMO_5GNR_WFC_MT-DUT-2_TC-155.dml,,,,,,,,,,NR SA,,,,,,,,,,,,,,,,,,,594,,,On,Connected,-71.000000,5220,136,,,,
113,1,,,-121.9314830,47.5244923,2026-01-23 18:57:58.880,_20260123_105610_CH02_TMO_5GNR_WFC_MT-DUT-2_TC-155.dml,,,,,,,,,,,,,,,,,,,,,,,[Tool] Voice - Pair Channel Call Drop,,,,,,,,,,,,,,,,,
114,1,,,-121.9314830,47.5244923,2026-01-23 18:57:58.880,_20260123_105610_CH02_TMO_5GNR_WFC_MT-DUT-2_TC-155.dml,,,,,,,,,,,,,,,,,,,,,,,[Tool] Voice - Release Call Request,,,,,,,,,,,,,,,,,
115,1,,,-121.9314830,47.5244923,2026-01-23 18:57:59.000,_20260123_105610_CH02_TMO_5GNR_WFC_MT-DUT-2_TC-155.dml,,,,,,,,,,NR SA,,,,,,,,,,,,,,,,,,,594,,,On,Connected,-71.000000,5220,136,,,,IWLAN
116,1,,,-121.9314830,47.5244923,2026-01-23 18:57:59.395,_20260123_105610_CH02_TMO_5GNR_WFC_MT-DUT-2_TC-155.dml,,,,,,,,,,,,,,,,,,,,,,Complete,[Tool] Voice - Call Result : Complete,,,,,,,,,,,,,,,,,
117,1,,,-121.9314830,47.5244923,2026-01-23 18:57:59.395,_20260123_105610_CH02_TMO_5GNR_WFC_MT-DUT-2_TC-155.dml,,,,,,,,,,,,,,,,,,,,,,,[UE]   Voice - Release Call Success,,,,,,,,,,,,,,,,,
118,1,,,-121.9314830,47.5244923,2026-01-23 18:58:00.000,_20260123_105610_CH02_TMO_5GNR_WFC_MT-DUT-2_TC-155.dml,,,,,,,,,,,,,,,,,,,,,,,,1,,,,,594,,,On,Connected,-71.000000,5220,136,,,,IWLAN
119,1,,,-121.9314830,47.5244923,2026-01-23 18:58:00.380,_20260123_105610_CH02_TMO_5GNR_WFC_MT-DUT-2_TC-155.dml,,,,,,,,,,,,,,,,,,,,,,,[UE]   Voice - Release Call Success,,,,,,,,,,,,,,,,,
120,1,,,-121.9314830,47.5244923,2026-01-23 18:58:01.000,_20260123_105610_CH02_TMO_5GNR_WFC_MT-DUT-2_TC-155.dml,,,,,,,,,,,,,,,,,,,,,,,,,,,,,,,,On,Connected,-69.000000,5220,132,,,,IWLAN
121,1,,,-121.9314830,47.5244923,2026-01-23 18:58:02.000,_20260123_105610_CH02_TMO_5GNR_WFC_MT-DUT-2_TC-155.dml,,,,,,,,,,,,,,,,,,,,,,,,,,,,,594,,,On,Connected,-69.000000,5220,132,,,,
122,1,,,-121.9314830,47.5244923,2026-01-23 18:58:03.000,_20260123_105610_CH02_TMO_5GNR_WFC_MT-DUT-2_TC-155.dml,,,,,,,,,,,,,,,,,,,,,,,,,,,,,594,,,On,Connected,-69.000000,5220,132,,,,IWLAN
123,1,,,-121.9314830,47.5244923,2026-01-23 18:58:04.000,_20260123_105610_CH02_TMO_5GNR_WFC_MT-DUT-2_TC-155.dml,,,,,,,,,,,,,,,,,,,,,,,,,,,,,594,,,On,Connected,-69.000000,5220,92,,,,IWLAN
124,1,,,-121.9314830,47.5244923,2026-01-23 18:58:05.000,_20260123_105610_CH02_TMO_5GNR_WFC_MT-DUT-2_TC-155.dml,,,,,,,,,,,,,,,,,,,,,,,,,,,,,594,,,On,Connected,-69.000000,5220,92,,,,IWLAN
125,1,,,-121.9314830,47.5244923,2026-01-23 18:58:06.000,_20260123_105610_CH02_TMO_5GNR_WFC_MT-DUT-2_TC-155.dml,,,,,,,,,,,,,,,,,,,,,,,,,,,,,594,,,On,Connected,-69.000000,5220,92,,,,IWLAN
126,1,,,-121.9314830,47.5244923,2026-01-23 18:58:07.000,_20260123_105610_CH02_TMO_5GNR_WFC_MT-DUT-2_TC-155.dml,,,,,,,,,,,,,,,,,,,,,,,,,,,,,594,,,On,Connected,-69.000000,5220,64,,,,IWLAN
127,1,,,-121.9314830,47.5244923,2026-01-23 18:58:08.000,_20260123_105610_CH02_TMO_5GNR_WFC_MT-DUT-2_TC-155.dml,,,,,,,,,,,,,,,,,,,,,,,,,,,,,594,,,On,Connected,-69.000000,5220,64,,,,IWLAN
128,1,,,-121.9314830,47.5244923,2026-01-23 18:58:09.000,_20260123_105610_CH02_TMO_5GNR_WFC_MT-DUT-2_TC-155.dml,,,,,,,,,,,,,,,,,,,,,,,,,,,,,594,,,On,Connected,-69.000000,5220,64,,,,IWLAN
129,1,,,-121.9314830,47.5244923,2026-01-23 18:58:10.000,_20260123_105610_CH02_TMO_5GNR_WFC_MT-DUT-2_TC-155.dml,,,,,,,,,,,,,,,,,,,,,,,,,,,,,594,,,On,Connected,-69.000000,5220,136,,,,IWLAN
130,1,,,-121.9314830,47.5244923,2026-01-23 18:58:11.000,_20260123_105610_CH02_TMO_5GNR_WFC_MT-DUT-2_TC-155.dml,,,,,,,,,,,,,,,,,,,,,,,,,,,,,594,,,On,Connected,-69.000000,5220,136,,,,IWLAN
131,1,,,-121.9314830,47.5244923,2026-01-23 18:58:12.000,_20260123_105610_CH02_TMO_5GNR_WFC_MT-DUT-2_TC-155.dml,,,,,,,,,,,,,,,,,,,,,,,,,,,,,594,,,On,Connected,-69.000000,5220,136,,,,IWLAN
132,1,,,-121.9314830,47.5244923,2026-01-23 18:58:13.000,_20260123_105610_CH02_TMO_5GNR_WFC_MT-DUT-2_TC-155.dml,,,,,,,,,,,,,,,,,,,,,,,,,,,,,594,,,On,Connected,-69.000000,5220,68,,,,IWLAN
133,1,,,-121.9314830,47.5244923,2026-01-23 18:58:14.000,_20260123_105610_CH02_TMO_5GNR_WFC_MT-DUT-2_TC-155.dml,,,,,,,,,,,,,,,,,,,,,,,,,,,,,594,,,On,Connected,-69.000000,5220,68,,,,IWLAN
134,1,,,-121.9314830,47.5244923,2026-01-23 18:58:15.000,_20260123_105610_CH02_TMO_5GNR_WFC_MT-DUT-2_TC-155.dml,,,,,,,,,,,,,,,,,,,,,,,,,,,,,594,,,On,Connected,-69.000000,5220,68,,,,IWLAN
135,1,,,-121.9314830,47.5244923,2026-01-23 18:58:16.000,_20260123_105610_CH02_TMO_5GNR_WFC_MT-DUT-2_TC-155.dml,,,,,,,,,,,,,,,,,,,,,,,,,,,,,594,,,On,Connected,-68.000000,5220,136,,,,IWLAN
136,1,,,-121.9314830,47.5244923,2026-01-23 18:58:17.000,_20260123_105610_CH02_TMO_5GNR_WFC_MT-DUT-2_TC-155.dml,,,,,,,,,,,,,,,,,,,,,,,,,,,,,594,,,On,Connected,-68.000000,5220,136,,,,IWLAN
137,1,,,-121.9314830,47.5244923,2026-01-23 18:58:18.000,_20260123_105610_CH02_TMO_5GNR_WFC_MT-DUT-2_TC-155.dml,,,,,,,,,,,,,,,,,,,,,,,,,,,,,594,,,On,Connected,-68.000000,5220,136,,,,IWLAN
138,1,,,-121.9314830,47.5244923,2026-01-23 18:58:19.000,_20260123_105610_CH02_TMO_5GNR_WFC_MT-DUT-2_TC-155.dml,,,,,,,,,,,,,,,,,,,,,,,,,,,,,594,,,On,Connected,-69.000000,5220,68,,,,
139,1,,,-121.9314830,47.5244923,2026-01-23 18:58:20.000,_20260123_105610_CH02_TMO_5GNR_WFC_MT-DUT-2_TC-155.dml,,,,,,,,,,,,,,,,,,,,,,,,,,,,,594,,,On,Connected,-69.000000,5220,68,,,,IWLAN
140,1,,,-121.9314830,47.5244923,2026-01-23 18:58:21.000,_20260123_105610_CH02_TMO_5GNR_WFC_MT-DUT-2_TC-155.dml,,,,,,,,,,,,,,,,,,,,,,,,,,,,,594,,,On,Connected,-69.000000,5220,68,,,,IWLAN
141,1,,,-121.9314830,47.5244923,2026-01-23 18:58:22.000,_20260123_105610_CH02_TMO_5GNR_WFC_MT-DUT-2_TC-155.dml,,,,,,,,,,,,,,,,,,,,,,,,,,,,,594,,,On,Connected,-69.000000,5220,68,,,,IWLAN
142,1,,,-121.9314830,47.5244923,2026-01-23 18:58:23.000,_20260123_105610_CH02_TMO_5GNR_WFC_MT-DUT-2_TC-155.dml,,,,,,,,,,,,,,,,,,,,,,,,,,,,,594,,,On,Connected,-69.000000,5220,68,,,,IWLAN
143,1,,,-121.9314830,47.5244923,2026-01-23 18:58:24.000,_20260123_105610_CH02_TMO_5GNR_WFC_MT-DUT-2_TC-155.dml,,,,,,,,,,,,,,,,,,,,,,,,,,,,,594,,,On,Connected,-69.000000,5220,68,,,,IWLAN
144,1,,,-121.9314830,47.5244923,2026-01-23 18:58:25.000,_20260123_105610_CH02_TMO_5GNR_WFC_MT-DUT-2_TC-155.dml,,,,,,,,,,,,,,,,,,,,,,,,,,,,,594,,,On,Connected,-68.000000,5220,68,,,,IWLAN
145,1,,,-121.9314830,47.5244923,2026-01-23 18:58:26.000,_20260123_105610_CH02_TMO_5GNR_WFC_MT-DUT-2_TC-155.dml,,,,,,,,,,,,,,,,,,,,,,,,,,,,,594,,,On,Connected,-68.000000,5220,68,,,,IWLAN
146,1,,,-121.9314830,47.5244923,2026-01-23 18:58:27.176,_20260123_105610_CH02_TMO_5GNR_WFC_MT-DUT-2_TC-155.dml,,,,,,,,,,,,,,,,,,,,,,,[Tool] Voice - Release Call Request,,,,,,,,,,,,,,,,,
147,1,,,-121.9314830,47.5244923,2026-01-23 18:58:27.000,_20260123_105610_CH02_TMO_5GNR_WFC_MT-DUT-2_TC-155.dml,,,,,,,,,,,,,,,,,,,,,,,,,,,,,594,,,On,Connected,-68.000000,5220,68,,,,IWLAN
148,1,,,-121.9314830,47.5244923,2026-01-23 18:58:27.317,_20260123_105610_CH02_TMO_5GNR_WFC_MT-DUT-2_TC-155.dml,,,,,,,,,,,,,,,,,,,,,,,[Tool] Voice - Answer Request,,,,,,,,,,,,,,,,,
149,1,,,-121.9314830,47.5244923,2026-01-23 18:58:28.000,_20260123_105610_CH02_TMO_5GNR_WFC_MT-DUT-2_TC-155.dml,,,,,,,,,,,,,,,,,,,,,,,,,,,,,594,,,On,Connected,-68.000000,5220,68,,,,IWLAN
150,1,,,-121.9314830,47.5244923,2026-01-23 18:58:29.000,_20260123_105610_CH02_TMO_5GNR_WFC_MT-DUT-2_TC-155.dml,,,,,,,,,,,,,,,,,,,,,,,,,,,,,594,,,On,Connected,-68.000000,5220,68,,,,IWLAN
151,1,,,-121.9314830,47.5244923,2026-01-23 18:58:29.708,_20260123_105610_CH02_TMO_5GNR_WFC_MT-DUT-2_TC-155.dml,,,,,,,,,,,,,,,,,,,,,,,[Tool] Voice - Call Scheduling End,,,,,,,,,,,,,,,,,
152,1,,,-121.9314830,47.5244923,2026-01-23 18:58:29.708,_20260123_105610_CH02_TMO_5GNR_WFC_MT-DUT-2_TC-155.dml,NR SA,Voice,Complete,NR SA,NR SA,,,,,,,,,,,,Complete,Termination,Complete,,,,,,,,,90.375000,,,,,,,,,,EPSFB,,
153,1,,,-121.9314830,47.5244923,2026-01-23 18:58:29.708,_20260123_105610_CH02_TMO_5GNR_WFC_MT-DUT-2_TC-155.dml,,,,,,,,,,,,,,,,,,,,,,,[Tool] Voice - Release Call Request,,,,,,,,,,,,,,,,,
154,1,,,-121.9314830,47.5244923,2026-01-23 18:58:30.208,_20260123_105610_CH02_TMO_5GNR_WFC_MT-DUT-2_TC-155.dml,,,,,,,,,,,,,,,,,,,,,,,[Tool] Voice - Call Scheduling Start(Term),,,,,,,,,,,,,,,,,
155,1,,,-121.9314830,47.5244923,2026-01-23 18:58:30.208,_20260123_105610_CH02_TMO_5GNR_WFC_MT-DUT-2_TC-155.dml,,,,,,,,,,,,,,,,,,,,,,,[Tool] Voice - Wait Page,,,,,,,,,,,,,,,,,
156,1,,,-121.9314830,47.5244923,2026-01-23 18:58:30.000,_20260123_105610_CH02_TMO_5GNR_WFC_MT-DUT-2_TC-155.dml,,,,,,,,,,,,,,,,,,,,,,,,,,,,,594,,,On,Connected,-68.000000,5220,68,,,,IWLAN
157,1,,,-121.9314830,47.5244923,2026-01-23 18:58:31.000,_20260123_105610_CH02_TMO_5GNR_WFC_MT-DUT-2_TC-155.dml,,,,,,,,,,,,,,,,,,,,,,,,,,,,,594,,,On,Connected,-68.000000,5220,136,,,,IWLAN
158,1,,,-121.9314830,47.5244923,2026-01-23 18:58:32.000,_20260123_105610_CH02_TMO_5GNR_WFC_MT-DUT-2_TC-155.dml,,,,,,,,,,,,,,,,,,,,,,,,,,,,,594,,,On,Connected,-68.000000,5220,136,,,,IWLAN
159,1,,,-121.9314830,47.5244923,2026-01-23 18:58:33.000,_20260123_105610_CH02_TMO_5GNR_WFC_MT-DUT-2_TC-155.dml,,,,,,,,,,,,,,,,,,,,,,,,,,,,,594,,,On,Connected,-68.000000,5220,136,,,,IWLAN
160,1,,,-121.9314830,47.5244923,2026-01-23 18:58:34.000,_20260123_105610_CH02_TMO_5GNR_WFC_MT-DUT-2_TC-155.dml,,,,,,,,,,,,,,,,,,,,,,,,,,,,,594,,,On,Connected,-68.000000,5220,136,,,,IWLAN
161,1,,,-121.9314830,47.5244923,2026-01-23 18:58:34.224,_20260123_105610_CH02_TMO_5GNR_WFC_MT-DUT-2_TC-155.dml,,,,,,,,,,,,,,,,,,,,,,,[Tool] Voice - Answer Request,,,,,,,,,,,,,,,,,
162,1,,,-121.9314830,47.5244923,2026-01-23 18:58:35.000,_20260123_105610_CH02_TMO_5GNR_WFC_MT-DUT-2_TC-155.dml,,,,,,,,,,,,,,,,,,,,,,,,,,,,,594,,,On,Connected,-68.000000,5220,136,,,,
163,1,,,-121.9314830,47.5244923,2026-01-23 18:58:35.099,_20260123_105610_CH02_TMO_5GNR_WFC_MT-DUT-2_TC-155.dml,,,,,,,,,,,,,,,,,,,,,,,[UE]   Voice - Setup Success,,,,,,,,,,,,,,,,,
164,1,,,-121.9314830,47.5244923,2026-01-23 18:58:36.000,_20260123_105610_CH02_TMO_5GNR_WFC_MT-DUT-2_TC-155.dml,,,,,,,,,,NR SA,,,,,,,,,,,,,,,,,,,594,,,On,Connected,-68.000000,5220,136,,,,IWLAN
165,1,,,-121.9314830,47.5244923,2026-01-23 18:58:37.000,_20260123_105610_CH02_TMO_5GNR_WFC_MT-DUT-2_TC-155.dml,,,,,,,,,,NR SA,,,,,,,,,,,,,,,,,,,594,,,On,Connected,-68.000000,5220,136,,,,IWLAN
166,1,,,-121.9314830,47.5244923,2026-01-23 18:58:38.000,_20260123_105610_CH02_TMO_5GNR_WFC_MT-DUT-2_TC-155.dml,,,,,,,,,,NR SA,,,,,,,,,,,,,,,,,,,594,,,On,Connected,-68.000000,5220,136,,,,IWLAN
167,1,,,-121.9314830,47.5244923,2026-01-23 18:58:39.000,_20260123_105610_CH02_TMO_5GNR_WFC_MT-DUT-2_TC-155.dml,,,,,,,,,,NR SA,,,,,,,,,,,,,,,,,,,594,,,On,Connected,-68.000000,5220,136,,,,IWLAN
168,1,,,-121.9314830,47.5244923,2026-01-23 18:58:40.000,_20260123_105610_CH02_TMO_5GNR_WFC_MT-DUT-2_TC-155.dml,,,,,,,,,,NR SA,,,,,,,,,,,,,,,,,,,594,,,On,Connected,-68.000000,5220,136,,,,IWLAN
169,1,,,-121.9314830,47.5244923,2026-01-23 18:58:41.000,_20260123_105610_CH02_TMO_5GNR_WFC_MT-DUT-2_TC-155.dml,,,,,,,,,,NR SA,,,,,,,,,,,,,,,,,,,594,,,On,Connected,-68.000000,5220,136,,,,IWLAN
170,1,,,-121.9314830,47.5244923,2026-01-23 18:58:42.000,_20260123_105610_CH02_TMO_5GNR_WFC_MT-DUT-2_TC-155.dml,,,,,,,,,,NR SA,,,,,,,,,,,,,,,,,,,594,,,On,Connected,-68.000000,5220,136,,,,IWLAN
171,1,,,-121.9314830,47.5244923,2026-01-23 18:58:43.000,_20260123_105610_CH02_TMO_5GNR_WFC_MT-DUT-2_TC-155.dml,,,,,,,,,,NR SA,,,,,,,,,,,,,,,,,,,594,,,On,Connected,-68.000000,5220,136,,,,IWLAN
172,1,,,-121.9314830,47.5244923,2026-01-23 18:58:44.000,_20260123_105610_CH02_TMO_5GNR_WFC_MT-DUT-2_TC-155.dml,,,,,,,,,,NR SA,,,,,,,,,,,,,,,,,,,594,,,On,Connected,-68.000000,5220,136,,,,
173,1,,,-121.9314830,47.5244923,2026-01-23 18:58:45.000,_20260123_105610_CH02_TMO_5GNR_WFC_MT-DUT-2_TC-155.dml,,,,,,,,,,NR SA,,,,,,,,,,,,,,,,,,,594,,2.145153,On,Connected,-68.000000,5220,136,,,,IWLAN
174,1,,,-121.9314830,47.5244923,2026-01-23 18:58:46.000,_20260123_105610_CH02_TMO_5GNR_WFC_MT-DUT-2_TC-155.dml,,,,,,,,,,NR SA,,,,,,,,,,,,,,,,,,,594,,2.145153,On,Connected,-68.000000,5220,136,,,,IWLAN
175,1,,,-121.9314830,47.5244923,2026-01-23 18:58:47.000,_20260123_105610_CH02_TMO_5GNR_WFC_MT-DUT-2_TC-155.dml,,,,,,,,,,NR SA,,,,,,,,,,,,,,,,,,,594,,2.145153,On,Connected,-68.000000,5220,136,,,,IWLAN
176,1,,,-121.9314830,47.5244923,2026-01-23 18:58:48.000,_20260123_105610_CH02_TMO_5GNR_WFC_MT-DUT-2_TC-155.dml,,,,,,,,,,NR SA,,,,,,,,,,,,,,,,,,,594,,2.145153,On,Connected,-68.000000,5220,136,,,,IWLAN
177,1,,,-121.9314830,47.5244923,2026-01-23 18:58:49.000,_20260123_105610_CH02_TMO_5GNR_WFC_MT-DUT-2_TC-155.dml,,,,,,,,,,NR SA,,,,,,,,,,,,,,,,,,,594,,2.145153,On,Connected,-68.000000,5220,136,,,,
178,1,,,-121.9314830,47.5244923,2026-01-23 18:58:50.000,_20260123_105610_CH02_TMO_5GNR_WFC_MT-DUT-2_TC-155.dml,,,,,,,,,,NR SA,,,,,,,,,,,,,,,,,,,594,,2.145153,On,Connected,-68.000000,5220,136,,,,IWLAN
179,1,,,-121.9314830,47.5244923,2026-01-23 18:58:51.000,_20260123_105610_CH02_TMO_5GNR_WFC_MT-DUT-2_TC-155.dml,,,,,,,,,,NR SA,,,,,,,,,,,,,,,,,,,594,,2.145153,On,Connected,-68.000000,5220,136,,,,
180,1,,,-121.9314830,47.5244923,2026-01-23 18:58:52.000,_20260123_105610_CH02_TMO_5GNR_WFC_MT-DUT-2_TC-155.dml,,,,,,,,,,NR SA,,,,,,,,,,,,,,,,,,,594,,2.145153,On,Connected,-68.000000,5220,136,,,,IWLAN
181,1,,,-121.9314830,47.5244923,2026-01-23 18:58:53.000,_20260123_105610_CH02_TMO_5GNR_WFC_MT-DUT-2_TC-155.dml,,,,,,,,,,NR SA,,,,,,,,,,,,,,,,,,,594,,2.145153,On,Connected,-68.000000,5220,136,,,,IWLAN
182,1,,,-121.9314830,47.5244923,2026-01-23 18:58:54.000,_20260123_105610_CH02_TMO_5GNR_WFC_MT-DUT-2_TC-155.dml,,,,,,,,,,NR SA,,,,,,,,,,,,,,,,,,,594,,2.145153,On,Connected,-68.000000,5220,136,,,,IWLAN
183,1,,,-121.9314830,47.5244923,2026-01-23 18:58:55.000,_20260123_105610_CH02_TMO_5GNR_WFC_MT-DUT-2_TC-155.dml,,,,,,,,,,NR SA,,,,,,,,,,,,,,,,,,,594,,,On,Connected,-68.000000,5220,136,,,,IWLAN
184,1,,,-121.9314830,47.5244923,2026-01-23 18:58:55.520,_20260123_105610_CH02_TMO_5GNR_WFC_MT-DUT-2_TC-155.dml,,,,,,,,,,,,,,,,,,,,,,,,,,,,,,-77.740556,,,,,,,,,,
185,1,,,-121.9314830,47.5244923,2026-01-23 18:58:56.000,_20260123_105610_CH02_TMO_5GNR_WFC_MT-DUT-2_TC-155.dml,,,,,,,,,,NR SA,,,,,,,,,,,,,,,,,,,594,,,On,Connected,-68.000000,5220,136,,,,IWLAN
186,1,,,-121.9314830,47.5244923,2026-01-23 18:58:57.000,_20260123_105610_CH02_TMO_5GNR_WFC_MT-DUT-2_TC-155.dml,,,,,,,,,,NR SA,,,,,,,,,,,,,,,,,,,594,,,On,Connected,-68.000000,5220,136,,,,IWLAN
187,1,,,-121.9314830,47.5244923,2026-01-23 18:58:58.000,_20260123_105610_CH02_TMO_5GNR_WFC_MT-DUT-2_TC-155.dml,,,,,,,,,,NR SA,,,,,,,,,,,,,,,,,,,594,,,On,Connected,-68.000000,5220,136,,,,IWLAN
188,1,,,-121.9314830,47.5244923,2026-01-23 18:58:59.000,_20260123_105610_CH02_TMO_5GNR_WFC_MT-DUT-2_TC-155.dml,,,,,,,,,,NR SA,,,,,,,,,,,,,,,,,,,594,,,On,Connected,-68.000000,5220,136,,,,IWLAN
189,1,,,-121.9314830,47.5244923,2026-01-23 18:59:00.000,_20260123_105610_CH02_TMO_5GNR_WFC_MT-DUT-2_TC-155.dml,,,,,,,,,,NR SA,,,,,,,,,,,,,,,,,,,594,,,On,Connected,-68.000000,5220,136,,,,IWLAN
190,1,,,-121.9314830,47.5244923,2026-01-23 18:59:01.000,_20260123_105610_CH02_TMO_5GNR_WFC_MT-DUT-2_TC-155.dml,,,,,,,,,,NR SA,,,,,,,,,,,,,,,,,,,594,,,On,Connected,-68.000000,5220,136,,,,IWLAN
191,1,,,-121.9314830,47.5244923,2026-01-23 18:59:02.000,_20260123_105610_CH02_TMO_5GNR_WFC_MT-DUT-2_TC-155.dml,,,,,,,,,,NR SA,,,,,,,,,,,,,,,,,,,594,,,On,Connected,-68.000000,5220,136,,,,IWLAN
192,1,,,-121.9314830,47.5244923,2026-01-23 18:59:03.000,_20260123_105610_CH02_TMO_5GNR_WFC_MT-DUT-2_TC-155.dml,,,,,,,,,,NR SA,,,,,,,,,,,,,,,,,,,594,,,On,Connected,-68.000000,5220,136,,,,IWLAN
193,1,,,-121.9314830,47.5244923,2026-01-23 18:59:04.000,_20260123_105610_CH02_TMO_5GNR_WFC_MT-DUT-2_TC-155.dml,,,,,,,,,,NR SA,,,,,,,,,,,,,,,,,,,594,,,On,Connected,-68.000000,5220,136,,,,IWLAN
194,1,,,-121.9314830,47.5244923,2026-01-23 18:59:05.000,_20260123_105610_CH02_TMO_5GNR_WFC_MT-DUT-2_TC-155.dml,,,,,,,,,,NR SA,,,,,,,,,,,,,,,,,,,594,,2.956091,On,Connected,-68.000000,5220,136,,,,IWLAN
195,1,,,-121.9314830,47.5244923,2026-01-23 18:59:06.000,_20260123_105610_CH02_TMO_5GNR_WFC_MT-DUT-2_TC-155.dml,,,,,,,,,,NR SA,,,,,,,,,,,,,,,,,,,594,,2.956091,On,Connected,-68.000000,5220,136,,,,IWLAN
196,1,,,-121.9314830,47.5244923,2026-01-23 18:59:07.000,_20260123_105610_CH02_TMO_5GNR_WFC_MT-DUT-2_TC-155.dml,,,,,,,,,,NR SA,,,,,,,,,,,,,,,,,,,594,,2.956091,On,Connected,-68.000000,5220,136,,,,
197,1,,,-121.9314830,47.5244923,2026-01-23 18:59:08.000,_20260123_105610_CH02_TMO_5GNR_WFC_MT-DUT-2_TC-155.dml,,,,,,,,,,NR SA,,,,,,,,,,,,,,,,,,,594,,2.956091,On,Connected,-68.000000,5220,136,,,,IWLAN
198,1,,,-121.9314830,47.5244923,2026-01-23 18:59:09.000,_20260123_105610_CH02_TMO_5GNR_WFC_MT-DUT-2_TC-155.dml,,,,,,,,,,NR SA,,,,,,,,,,,,,,,,,,,594,,2.956091,On,Connected,-68.000000,5220,136,,,,IWLAN
199,1,,,-121.9314830,47.5244923,2026-01-23 18:59:10.000,_20260123_105610_CH02_TMO_5GNR_WFC_MT-DUT-2_TC-155.dml,,,,,,,,,,NR SA,,,,,,,,,,,,,,,,,,,594,,2.956091,On,Connected,-68.000000,5220,136,,,,IWLAN
200,1,,,-121.9314830,47.5244923,2026-01-23 18:59:11.000,_20260123_105610_CH02_TMO_5GNR_WFC_MT-DUT-2_TC-155.dml,,,,,,,,,,NR SA,,,,,,,,,,,,,,,,,,,594,,2.956091,On,Connected,-68.000000,5220,136,,,,IWLAN
201,1,,,-121.9314830,47.5244923,2026-01-23 18:59:12.000,_20260123_105610_CH02_TMO_5GNR_WFC_MT-DUT-2_TC-155.dml,,,,,,,,,,NR SA,,,,,,,,,,,,,,,,,,,594,,2.956091,On,Connected,-68.000000,5220,136,,,,IWLAN
202,1,,,-121.9314830,47.5244923,2026-01-23 18:59:13.000,_20260123_105610_CH02_TMO_5GNR_WFC_MT-DUT-2_TC-155.dml,,,,,,,,,,NR SA,,,,,,,,,,,,,,,,,,,594,,2.956091,On,Connected,-68.000000,5220,136,,,,IWLAN
203,1,,,-121.9314830,47.5244923,2026-01-23 18:59:14.000,_20260123_105610_CH02_TMO_5GNR_WFC_MT-DUT-2_TC-155.dml,,,,,,,,,,NR SA,,,,,,,,,,,,,,,,,,,594,,2.956091,On,Connected,-68.000000,5220,136,,,,IWLAN
204,1,,,-121.9314830,47.5244923,2026-01-23 18:59:15.000,_20260123_105610_CH02_TMO_5GNR_WFC_MT-DUT-2_TC-155.dml,,,,,,,,,,NR SA,,,,,,,,,,,,,,,,,,,594,,,On,Connected,-68.000000,5220,136,,,,IWLAN
205,1,,,-121.9314830,47.5244923,2026-01-23 18:59:15.535,_20260123_105610_CH02_TMO_5GNR_WFC_MT-DUT-2_TC-155.dml,,,,,,,,,,,,,,,,,,,,,,,,,,,,,,-77.529778,,,,,,,,,,
206,1,,,-121.9314830,47.5244923,2026-01-23 18:59:16.000,_20260123_105610_CH02_TMO_5GNR_WFC_MT-DUT-2_TC-155.dml,,,,,,,,,,NR SA,,,,,,,,,,,,,,,,,,,594,,,On,Connected,-68.000000,5220,136,,,,IWLAN
207,1,,,-121.9314830,47.5244923,2026-01-23 18:59:17.000,_20260123_105610_CH02_TMO_5GNR_WFC_MT-DUT-2_TC-155.dml,,,,,,,,,,NR SA,,,,,,,,,,,,,,,,,,,594,,,On,Connected,-68.000000,5220,136,,,,
208,1,,,-121.9314830,47.5244923,2026-01-23 18:59:18.000,_20260123_105610_CH02_TMO_5GNR_WFC_MT-DUT-2_TC-155.dml,,,,,,,,,,NR SA,,,,,,,,,,,,,,,,,,,594,,,On,Connected,-68.000000,5220,136,,,,IWLAN
209,1,,,-121.9314830,47.5244923,2026-01-23 18:59:19.000,_20260123_105610_CH02_TMO_5GNR_WFC_MT-DUT-2_TC-155.dml,,,,,,,,,,NR SA,,,,,,,,,,,,,,,,,,,594,,,On,Connected,-68.000000,5220,136,,,,IWLAN
210,1,,,-121.9314830,47.5244923,2026-01-23 18:59:20.000,_20260123_105610_CH02_TMO_5GNR_WFC_MT-DUT-2_TC-155.dml,,,,,,,,,,NR SA,,,,,,,,,,,,,,,,,,,594,,,On,Connected,-68.000000,5220,136,,,,IWLAN
211,1,,,-121.9314830,47.5244923,2026-01-23 18:59:21.000,_20260123_105610_CH02_TMO_5GNR_WFC_MT-DUT-2_TC-155.dml,,,,,,,,,,NR SA,,,,,,,,,,,,,,,,,,,594,,,On,Connected,-68.000000,5220,136,,,,IWLAN
212,1,,,-121.9314830,47.5244923,2026-01-23 18:59:22.000,_20260123_105610_CH02_TMO_5GNR_WFC_MT-DUT-2_TC-155.dml,,,,,,,,,,NR SA,,,,,,,,,,,,,,,,,,,594,,,On,Connected,-68.000000,5220,136,,,,IWLAN
213,1,,,-121.9314830,47.5244923,2026-01-23 18:59:23.000,_20260123_105610_CH02_TMO_5GNR_WFC_MT-DUT-2_TC-155.dml,,,,,,,,,,NR SA,,,,,,,,,,,,,,,,,,,594,,,,Connected,,,,,,,
214,1,,,-121.9314830,47.5244923,2026-01-23 18:59:24.000,_20260123_105610_CH02_TMO_5GNR_WFC_MT-DUT-2_TC-155.dml,,,,,,,,,,NR SA,,,,,,,,,,,,,,,,,,,594,,,On,Connected,-68.000000,5220,136,,,,IWLAN
215,1,,,-121.9314830,47.5244923,2026-01-23 18:59:25.000,_20260123_105610_CH02_TMO_5GNR_WFC_MT-DUT-2_TC-155.dml,,,,,,,,,,NR SA,,,,,,,,,,,,,,,,,,,594,,,On,Connected,-68.000000,5220,136,,,,IWLAN
216,1,,,-121.9314830,47.5244923,2026-01-23 18:59:26.000,_20260123_105610_CH02_TMO_5GNR_WFC_MT-DUT-2_TC-155.dml,,,,,,,,,,NR SA,,,,,,,,,,,,,,,,,,,,,1.958371,On,Connected,-68.000000,5220,136,,,,IWLAN
217,1,,,-121.9314830,47.5244923,2026-01-23 18:59:27.000,_20260123_105610_CH02_TMO_5GNR_WFC_MT-DUT-2_TC-155.dml,,,,,,,,,,NR SA,,,,,,,,,,,,,,,,,,,594,,1.958371,On,Connected,-68.000000,5220,136,,,,IWLAN
218,1,,,-121.9314830,47.5244923,2026-01-23 18:59:28.000,_20260123_105610_CH02_TMO_5GNR_WFC_MT-DUT-2_TC-155.dml,,,,,,,,,,NR SA,,,,,,,,,,,,,,,,,,,,,1.958371,On,Connected,-68.000000,5220,136,,,,IWLAN
219,1,,,-121.9314830,47.5244923,2026-01-23 18:59:29.000,_20260123_105610_CH02_TMO_5GNR_WFC_MT-DUT-2_TC-155.dml,,,,,,,,,,NR SA,,,,,,,,,,,,,,,,,,,594,,1.958371,On,Connected,-68.000000,5220,136,,,,IWLAN
220,1,,,-121.9314830,47.5244923,2026-01-23 18:59:30.000,_20260123_105610_CH02_TMO_5GNR_WFC_MT-DUT-2_TC-155.dml,,,,,,,,,,NR SA,,,,,,,,,,,,,,,,,,,,,1.958371,,Connected,,,,,,,IWLAN
221,1,,,-121.9314830,47.5244923,2026-01-23 18:59:31.000,_20260123_105610_CH02_TMO_5GNR_WFC_MT-DUT-2_TC-155.dml,,,,,,,,,,NR SA,,,,,,,,,,,,,,,,,,,594,,1.958371,On,Connected,-68.000000,5220,136,,,,IWLAN
222,1,,,-121.9314830,47.5244923,2026-01-23 18:59:32.000,_20260123_105610_CH02_TMO_5GNR_WFC_MT-DUT-2_TC-155.dml,,,,,,,,,,NR SA,,,,,,,,,,,,,,,,,,,594,,1.958371,On,Connected,-68.000000,5220,136,,,,IWLAN
223,1,,,-121.9314830,47.5244923,2026-01-23 18:59:33.000,_20260123_105610_CH02_TMO_5GNR_WFC_MT-DUT-2_TC-155.dml,,,,,,,,,,NR SA,,,,,,,,,,,,,,,,,,,,,1.958371,On,Connected,-68.000000,5220,136,,,,IWLAN
224,1,,,-121.9314830,47.5244923,2026-01-23 18:59:34.000,_20260123_105610_CH02_TMO_5GNR_WFC_MT-DUT-2_TC-155.dml,,,,,,,,,,NR SA,,,,,,,,,,,,,,,,,,,594,,1.958371,On,Connected,-68.000000,5220,136,,,,IWLAN
225,1,,,-121.9314830,47.5244923,2026-01-23 18:59:35.000,_20260123_105610_CH02_TMO_5GNR_WFC_MT-DUT-2_TC-155.dml,,,,,,,,,,NR SA,,,,,,,,,,,,,,,,,,,,,,On,Connected,-68.000000,5220,136,,,,IWLAN
226,1,,,-121.9314830,47.5244923,2026-01-23 18:59:35.535,_20260123_105610_CH02_TMO_5GNR_WFC_MT-DUT-2_TC-155.dml,,,,,,,,,,,,,,,,,,,,,,,,,,,,,,-76.022000,,,,,,,,,,
227,1,,,-121.9314830,47.5244923,2026-01-23 18:59:36.000,_20260123_105610_CH02_TMO_5GNR_WFC_MT-DUT-2_TC-155.dml,,,,,,,,,,NR SA,,,,,,,,,,,,,,,,,,,594,,,On,Connected,-68.000000,5220,136,,,,IWLAN
228,1,,,-121.9314830,47.5244923,2026-01-23 18:59:37.000,_20260123_105610_CH02_TMO_5GNR_WFC_MT-DUT-2_TC-155.dml,,,,,,,,,,NR SA,,,,,,,,,,,,,,,,,,,,,,,Connected,,,,,,,IWLAN
229,1,,,-121.9314830,47.5244923,2026-01-23 18:59:38.000,_20260123_105610_CH02_TMO_5GNR_WFC_MT-DUT-2_TC-155.dml,,,,,,,,,,NR SA,,,,,,,,,,,,,,,,,,,594,,,On,Connected,-68.000000,5220,136,,,,IWLAN
230,1,,,-121.9314830,47.5244923,2026-01-23 18:59:39.000,_20260123_105610_CH02_TMO_5GNR_WFC_MT-DUT-2_TC-155.dml,,,,,,,,,,NR SA,,,,,,,,,,,,,,,,,,,,,,,Connected,,,,,,,
231,1,,,-121.9314830,47.5244923,2026-01-23 18:59:40.000,_20260123_105610_CH02_TMO_5GNR_WFC_MT-DUT-2_TC-155.dml,,,,,,,,,,NR SA,,,,,,,,,,,,,,,,,,,594,,,On,Connected,-68.000000,5220,136,,,,IWLAN
232,1,,,-121.9314830,47.5244923,2026-01-23 18:59:41.000,_20260123_105610_CH02_TMO_5GNR_WFC_MT-DUT-2_TC-155.dml,,,,,,,,,,NR SA,,,,,,,,,,,,,,,,,,,,,,On,Connected,-68.000000,5220,136,,,,IWLAN
233,1,,,-121.9314830,47.5244923,2026-01-23 18:59:42.000,_20260123_105610_CH02_TMO_5GNR_WFC_MT-DUT-2_TC-155.dml,,,,,,,,,,NR SA,,,,,,,,,,,,,,,,,,,594,,,,Connected,,,,,,,
234,1,,,-121.9314830,47.5244923,2026-01-23 18:59:43.000,_20260123_105610_CH02_TMO_5GNR_WFC_MT-DUT-2_TC-155.dml,,,,,,,,,,NR SA,,,,,,,,,,,,,,,,,,,,,,On,Connected,-68.000000,5220,136,,,,IWLAN
235,1,,,-121.9314830,47.5244923,2026-01-23 18:59:44.000,_20260123_105610_CH02_TMO_5GNR_WFC_MT-DUT-2_TC-155.dml,,,,,,,,,,NR SA,,,,,,,,,,,,,,,,,,,594,,,On,Connected,-68.000000,5220,136,,,,IWLAN
236,1,,,-121.9314830,47.5244923,2026-01-23 18:59:45.000,_20260123_105610_CH02_TMO_5GNR_WFC_MT-DUT-2_TC-155.dml,,,,,,,,,,NR SA,,,,,,,,,,,,,,,,,,,,,,On,Connected,-68.000000,5220,136,,,,IWLAN
237,1,,,-121.9314830,47.5244923,2026-01-23 18:59:46.000,_20260123_105610_CH02_TMO_5GNR_WFC_MT-DUT-2_TC-155.dml,,,,,,,,,,NR SA,,,,,,,,,,,,,,,,,,,594,,2.545952,On,Connected,-68.000000,5220,136,,,,IWLAN
238,1,,,-121.9314830,47.5244923,2026-01-23 18:59:47.000,_20260123_105610_CH02_TMO_5GNR_WFC_MT-DUT-2_TC-155.dml,,,,,,,,,,NR SA,,,,,,,,,,,,,,,,,,,594,,2.545952,On,Connected,-68.000000,5220,136,,,,IWLAN
239,1,,,-121.9314830,47.5244923,2026-01-23 18:59:48.000,_20260123_105610_CH02_TMO_5GNR_WFC_MT-DUT-2_TC-155.dml,,,,,,,,,,NR SA,,,,,,,,,,,,,,,,,,,594,,2.545952,On,Connected,-68.000000,5220,136,,,,IWLAN
240,1,,,-121.9314830,47.5244923,2026-01-23 18:59:49.000,_20260123_105610_CH02_TMO_5GNR_WFC_MT-DUT-2_TC-155.dml,,,,,,,,,,NR SA,,,,,,,,,,,,,,,,,,,,,2.545952,On,Connected,-68.000000,5220,136,,,,IWLAN
241,1,,,-121.9314830,47.5244923,2026-01-23 18:59:50.000,_20260123_105610_CH02_TMO_5GNR_WFC_MT-DUT-2_TC-155.dml,,,,,,,,,,NR SA,,,,,,,,,,,,,,,,,,,594,,2.545952,,Connected,,,,,,,IWLAN
242,1,,,-121.9314830,47.5244923,2026-01-23 18:59:51.000,_20260123_105610_CH02_TMO_5GNR_WFC_MT-DUT-2_TC-155.dml,,,,,,,,,,NR SA,,,,,,,,,,,,,,,,,,,,,2.545952,On,Connected,-68.000000,5220,136,,,,IWLAN
243,1,,,-121.9314830,47.5244923,2026-01-23 18:59:52.000,_20260123_105610_CH02_TMO_5GNR_WFC_MT-DUT-2_TC-155.dml,,,,,,,,,,NR SA,,,,,,,,,,,,,,,,,,,594,,2.545952,On,Connected,-68.000000,5220,136,,,,IWLAN
244,1,,,-121.9314830,47.5244923,2026-01-23 18:59:53.000,_20260123_105610_CH02_TMO_5GNR_WFC_MT-DUT-2_TC-155.dml,,,,,,,,,,NR SA,,,,,,,,,,,,,,,,,,,,,2.545952,On,Connected,-68.000000,5220,136,,,,
245,1,,,-121.9314830,47.5244923,2026-01-23 18:59:54.000,_20260123_105610_CH02_TMO_5GNR_WFC_MT-DUT-2_TC-155.dml,,,,,,,,,,NR SA,,,,,,,,,,,,,,,,,,,594,,2.545952,On,Connected,-68.000000,5220,136,,,,IWLAN
246,1,,,-121.9314830,47.5244923,2026-01-23 18:59:55.000,_20260123_105610_CH02_TMO_5GNR_WFC_MT-DUT-2_TC-155.dml,,,,,,,,,,NR SA,,,,,,,,,,,,,,,,,,,,,2.545952,On,Connected,-68.000000,5220,136,,,,
247,1,,,-121.9314830,47.5244923,2026-01-23 18:59:55.520,_20260123_105610_CH02_TMO_5GNR_WFC_MT-DUT-2_TC-155.dml,,,,,,,,,,,,,,,,,,,,,,,,,,,,,,-72.576500,,,,,,,,,,
248,1,,,-121.9314830,47.5244923,2026-01-23 18:59:56.000,_20260123_105610_CH02_TMO_5GNR_WFC_MT-DUT-2_TC-155.dml,,,,,,,,,,NR SA,,,,,,,,,,,,,,,,,,,594,,,On,Connected,-68.000000,5220,136,,,,IWLAN
249,1,,,-121.9314830,47.5244923,2026-01-23 18:59:57.000,_20260123_105610_CH02_TMO_5GNR_WFC_MT-DUT-2_TC-155.dml,,,,,,,,,,NR SA,,,,,,,,,,,,,,,,,,,594,,,On,Connected,-68.000000,5220,136,,,,IWLAN
250,1,,,-121.9314830,47.5244923,2026-01-23 18:59:58.000,_20260123_105610_CH02_TMO_5GNR_WFC_MT-DUT-2_TC-155.dml,,,,,,,,,,NR SA,,,,,,,,,,,,,,,,,,,,,,On,Connected,-68.000000,5220,136,,,,IWLAN
251,1,,,-121.9314830,47.5244923,2026-01-23 18:59:59.000,_20260123_105610_CH02_TMO_5GNR_WFC_MT-DUT-2_TC-155.dml,,,,,,,,,,NR SA,,,,,,,,,,,,,,,,,,,594,,,On,Connected,-68.000000,5220,136,,,,IWLAN
252,1,,,-121.9314830,47.5244923,2026-01-23 19:00:00.000,_20260123_105610_CH02_TMO_5GNR_WFC_MT-DUT-2_TC-155.dml,,,,,,,,,,NR SA,,,,,,,,,,,,,,,,,,,,,,On,Connected,-68.000000,5220,136,,,,IWLAN
253,1,,,-121.9314830,47.5244923,2026-01-23 19:00:01.000,_20260123_105610_CH02_TMO_5GNR_WFC_MT-DUT-2_TC-155.dml,,,,,,,,,,NR SA,,,,,,,,,,,,,,,,,,,594,,,On,Connected,-68.000000,5220,136,,,,IWLAN
254,1,,,-121.9314830,47.5244923,2026-01-23 19:00:02.000,_20260123_105610_CH02_TMO_5GNR_WFC_MT-DUT-2_TC-155.dml,,,,,,,,,,NR SA,,,,,,,,,,,,,,,,,,,,,,On,Connected,-68.000000,5220,136,,,,IWLAN
255,1,,,-121.9314830,47.5244923,2026-01-23 19:00:03.000,_20260123_105610_CH02_TMO_5GNR_WFC_MT-DUT-2_TC-155.dml,,,,,,,,,,NR SA,,,,,,,,,,,,,,,,,,,594,,,On,Connected,-68.000000,5220,136,,,,IWLAN
256,1,,,-121.9314830,47.5244923,2026-01-23 19:00:04.000,_20260123_105610_CH02_TMO_5GNR_WFC_MT-DUT-2_TC-155.dml,,,,,,,,,,NR SA,,,,,,,,,,,,,,,,,,,,,,On,Connected,-68.000000,5220,136,,,,IWLAN
257,1,,,-121.9314830,47.5244923,2026-01-23 19:00:05.000,_20260123_105610_CH02_TMO_5GNR_WFC_MT-DUT-2_TC-155.dml,,,,,,,,,,NR SA,,,,,,,,,,,,,,,,,,,594,,,On,Connected,-68.000000,5220,136,,,,IWLAN
258,1,,,-121.9314830,47.5244923,2026-01-23 19:00:05.505,_20260123_105610_CH02_TMO_5GNR_WFC_MT-DUT-2_TC-155.dml,,,,,,,,,,,,,,,,,,,,,,,[Tool] Voice - Pair Channel Call Drop,,,,,,,,,,,,,,,,,
259,1,,,-121.9314830,47.5244923,2026-01-23 19:00:05.505,_20260123_105610_CH02_TMO_5GNR_WFC_MT-DUT-2_TC-155.dml,,,,,,,,,,,,,,,,,,,,,,,[Tool] Voice - Release Call Request,,,,,,,,,,,,,,,,,
260,1,,,-121.9314830,47.5244923,2026-01-23 19:00:06.005,_20260123_105610_CH02_TMO_5GNR_WFC_MT-DUT-2_TC-155.dml,,,,,,,,,,,,,,,,,,,,,,Complete,[Tool] Voice - Call Result : Complete,,,,,,,,,,,,,,,,,
261,1,,,-121.9314830,47.5244923,2026-01-23 19:00:06.005,_20260123_105610_CH02_TMO_5GNR_WFC_MT-DUT-2_TC-155.dml,,,,,,,,,,,,,,,,,,,,,,,[UE]   Voice - Release Call Success,,,,,,,,,,,,,,,,,
262,1,,,-121.9314830,47.5244923,2026-01-23 19:00:06.000,_20260123_105610_CH02_TMO_5GNR_WFC_MT-DUT-2_TC-155.dml,,,,,,,,,,,,,,,,,,,,,,,,1,,,,,,,,On,Connected,-68.000000,5220,136,,,,IWLAN
263,1,,,-121.9314830,47.5244923,2026-01-23 19:00:06.864,_20260123_105610_CH02_TMO_5GNR_WFC_MT-DUT-2_TC-155.dml,,,,,,,,,,,,,,,,,,,,,,,[UE]   Voice - Release Call Success,,,,,,,,,,,,,,,,,
264,1,,,-121.9314830,47.5244923,2026-01-23 19:00:07.000,_20260123_105610_CH02_TMO_5GNR_WFC_MT-DUT-2_TC-155.dml,,,,,,,,,,,,,,,,,,,,,,,,,,,,,594,,,On,Connected,-71.000000,5220,136,,,,IWLAN
265,1,,,-121.9314830,47.5244923,2026-01-23 19:00:08.000,_20260123_105610_CH02_TMO_5GNR_WFC_MT-DUT-2_TC-155.dml,,,,,,,,,,,,,,,,,,,,,,,,,,,,,,,,On,Connected,-71.000000,5220,136,,,,IWLAN
266,1,,,-121.9314830,47.5244923,2026-01-23 19:00:09.000,_20260123_105610_CH02_TMO_5GNR_WFC_MT-DUT-2_TC-155.dml,,,,,,,,,,,,,,,,,,,,,,,,,,,,,594,,,On,Connected,-71.000000,5220,136,,,,IWLAN
267,1,,,-121.9314830,47.5244923,2026-01-23 19:00:10.000,_20260123_105610_CH02_TMO_5GNR_WFC_MT-DUT-2_TC-155.dml,,,,,,,,,,,,,,,,,,,,,,,,,,,,,,,,On,Connected,-71.000000,5220,102,,,,IWLAN
268,1,,,-121.9314830,47.5244923,2026-01-23 19:00:11.000,_20260123_105610_CH02_TMO_5GNR_WFC_MT-DUT-2_TC-155.dml,,,,,,,,,,,,,,,,,,,,,,,,,,,,,594,,,On,Connected,-71.000000,5220,102,,,,
269,1,,,-121.9314830,47.5244923,2026-01-23 19:00:12.000,_20260123_105610_CH02_TMO_5GNR_WFC_MT-DUT-2_TC-155.dml,,,,,,,,,,,,,,,,,,,,,,,,,,,,,,,,On,Connected,-71.000000,5220,102,,,,IWLAN
270,1,,,-121.9314830,47.5244923,2026-01-23 19:00:13.000,_20260123_105610_CH02_TMO_5GNR_WFC_MT-DUT-2_TC-155.dml,,,,,,,,,,,,,,,,,,,,,,,,,,,,,594,,,On,Connected,-71.000000,5220,68,,,,IWLAN
271,1,,,-121.9314830,47.5244923,2026-01-23 19:00:14.000,_20260123_105610_CH02_TMO_5GNR_WFC_MT-DUT-2_TC-155.dml,,,,,,,,,,,,,,,,,,,,,,,,,,,,,594,,,On,Connected,-71.000000,5220,68,,,,IWLAN
272,1,,,-121.9314830,47.5244923,2026-01-23 19:00:15.000,_20260123_105610_CH02_TMO_5GNR_WFC_MT-DUT-2_TC-155.dml,,,,,,,,,,,,,,,,,,,,,,,,,,,,,594,,,On,Connected,-71.000000,5220,68,,,,IWLAN
273,1,,,-121.9314830,47.5244923,2026-01-23 19:00:16.000,_20260123_105610_CH02_TMO_5GNR_WFC_MT-DUT-2_TC-155.dml,,,,,,,,,,,,,,,,,,,,,,,,,,,,,,,,On,Connected,-70.000000,5220,68,,,,IWLAN
274,1,,,-121.9314830,47.5244923,2026-01-23 19:00:17.000,_20260123_105610_CH02_TMO_5GNR_WFC_MT-DUT-2_TC-155.dml,,,,,,,,,,,,,,,,,,,,,,,,,,,,,594,,,On,Connected,-70.000000,5220,68,,,,IWLAN
275,1,,,-121.9314830,47.5244923,2026-01-23 19:00:18.000,_20260123_105610_CH02_TMO_5GNR_WFC_MT-DUT-2_TC-155.dml,,,,,,,,,,,,,,,,,,,,,,,,,,,,,,,,On,Connected,-70.000000,5220,68,,,,IWLAN
276,1,,,-121.9314830,47.5244923,2026-01-23 19:00:19.000,_20260123_105610_CH02_TMO_5GNR_WFC_MT-DUT-2_TC-155.dml,,,,,,,,,,,,,,,,,,,,,,,,,,,,,594,,,On,Connected,-68.000000,5220,68,,,,IWLAN
277,1,,,-121.9314830,47.5244923,2026-01-23 19:00:20.000,_20260123_105610_CH02_TMO_5GNR_WFC_MT-DUT-2_TC-155.dml,,,,,,,,,,,,,,,,,,,,,,,,,,,,,594,,,On,Connected,-68.000000,5220,68,,,,IWLAN
278,1,,,-121.9314830,47.5244923,2026-01-23 19:00:21.000,_20260123_105610_CH02_TMO_5GNR_WFC_MT-DUT-2_TC-155.dml,,,,,,,,,,,,,,,,,,,,,,,,,,,,,,,,On,Connected,-68.000000,5220,68,,,,IWLAN
279,1,,,-121.9314830,47.5244923,2026-01-23 19:00:22.000,_20260123_105610_CH02_TMO_5GNR_WFC_MT-DUT-2_TC-155.dml,,,,,,,,,,,,,,,,,,,,,,,,,,,,,594,,,On,Connected,-68.000000,5220,68,,,,IWLAN
280,1,,,-121.9314830,47.5244923,2026-01-23 19:00:23.000,_20260123_105610_CH02_TMO_5GNR_WFC_MT-DUT-2_TC-155.dml,,,,,,,,,,,,,,,,,,,,,,,,,,,,,,,,On,Connected,-68.000000,5220,68,,,,IWLAN
281,1,,,-121.9314830,47.5244923,2026-01-23 19:00:24.000,_20260123_105610_CH02_TMO_5GNR_WFC_MT-DUT-2_TC-155.dml,,,,,,,,,,,,,,,,,,,,,,,,,,,,,594,,,On,Connected,-68.000000,5220,68,,,,IWLAN
282,1,,,-121.9314830,47.5244923,2026-01-23 19:00:25.000,_20260123_105610_CH02_TMO_5GNR_WFC_MT-DUT-2_TC-155.dml,,,,,,,,,,,,,,,,,,,,,,,,,,,,,,,,On,Connected,-69.000000,5220,68,,,,IWLAN
283,1,,,-121.9314830,47.5244923,2026-01-23 19:00:26.000,_20260123_105610_CH02_TMO_5GNR_WFC_MT-DUT-2_TC-155.dml,,,,,,,,,,,,,,,,,,,,,,,,,,,,,594,,,On,Connected,-69.000000,5220,68,,,,IWLAN
284,1,,,-121.9314830,47.5244923,2026-01-23 19:00:27.000,_20260123_105610_CH02_TMO_5GNR_WFC_MT-DUT-2_TC-155.dml,,,,,,,,,,,,,,,,,,,,,,,,,,,,,,,,On,Connected,-69.000000,5220,68,,,,
285,1,,,-121.9314830,47.5244923,2026-01-23 19:00:28.000,_20260123_105610_CH02_TMO_5GNR_WFC_MT-DUT-2_TC-155.dml,,,,,,,,,,,,,,,,,,,,,,,,,,,,,594,,,On,Connected,-69.000000,5220,68,,,,IWLAN
286,1,,,-121.9314830,47.5244923,2026-01-23 19:00:29.000,_20260123_105610_CH02_TMO_5GNR_WFC_MT-DUT-2_TC-155.dml,,,,,,,,,,,,,,,,,,,,,,,,,,,,,,,,On,Connected,-69.000000,5220,68,,,,IWLAN
287,1,,,-121.9314830,47.5244923,2026-01-23 19:00:30.000,_20260123_105610_CH02_TMO_5GNR_WFC_MT-DUT-2_TC-155.dml,,,,,,,,,,,,,,,,,,,,,,,,,,,,,594,,,On,Connected,-69.000000,5220,68,,,,IWLAN
288,1,,,-121.9314830,47.5244923,2026-01-23 19:00:31.000,_20260123_105610_CH02_TMO_5GNR_WFC_MT-DUT-2_TC-155.dml,,,,,,,,,,,,,,,,,,,,,,,,,,,,,,,,On,Connected,-68.000000,5220,68,,,,IWLAN
289,1,,,-121.9314830,47.5244923,2026-01-23 19:00:32.000,_20260123_105610_CH02_TMO_5GNR_WFC_MT-DUT-2_TC-155.dml,,,,,,,,,,,,,,,,,,,,,,,,,,,,,594,,,On,Connected,-68.000000,5220,68,,,,IWLAN
290,1,,,-121.9314830,47.5244923,2026-01-23 19:00:33.000,_20260123_105610_CH02_TMO_5GNR_WFC_MT-DUT-2_TC-155.dml,,,,,,,,,,,,,,,,,,,,,,,,,,,,,594,,,On,Connected,-68.000000,5220,68,,,,IWLAN
291,1,,,-121.9314830,47.5244923,2026-01-23 19:00:33.974,_20260123_105610_CH02_TMO_5GNR_WFC_MT-DUT-2_TC-155.dml,,,,,,,,,,,,,,,,,,,,,,,[Tool] Voice - Release Call Request,,,,,,,,,,,,,,,,,
292,1,,,-121.9314830,47.5244923,2026-01-23 19:00:34.000,_20260123_105610_CH02_TMO_5GNR_WFC_MT-DUT-2_TC-155.dml,,,,,,,,,,,,,,,,,,,,,,,,,,,,,594,,,On,Connected,-68.000000,5220,68,,,,IWLAN
293,1,,,-121.9314830,47.5244923,2026-01-23 19:00:34.145,_20260123_105610_CH02_TMO_5GNR_WFC_MT-DUT-2_TC-155.dml,,,,,,,,,,,,,,,,,,,,,,,[Tool] Voice - Answer Request,,,,,,,,,,,,,,,,,
294,1,,,-121.9314830,47.5244923,2026-01-23 19:00:35.000,_20260123_105610_CH02_TMO_5GNR_WFC_MT-DUT-2_TC-155.dml,,,,,,,,,,,,,,,,,,,,,,,,,,,,,594,,,On,Connected,-68.000000,5220,68,,,,IWLAN
295,1,,,-121.9314830,47.5244923,2026-01-23 19:00:36.000,_20260123_105610_CH02_TMO_5GNR_WFC_MT-DUT-2_TC-155.dml,,,,,,,,,,,,,,,,,,,,,,,,,,,,,594,,,On,Connected,-68.000000,5220,68,,,,IWLAN
296,1,,,-121.9314830,47.5244923,2026-01-23 19:00:36.505,_20260123_105610_CH02_TMO_5GNR_WFC_MT-DUT-2_TC-155.dml,,,,,,,,,,,,,,,,,,,,,,,[Tool] Voice - Call Scheduling End,,,,,,,,,,,,,,,,,
297,1,,,-121.9314830,47.5244923,2026-01-23 19:00:36.505,_20260123_105610_CH02_TMO_5GNR_WFC_MT-DUT-2_TC-155.dml,NR SA,Voice,Complete,NR SA,NR SA,,,,,,,,,,,,Complete,Termination,Complete,,,,,,,,,90.406000,,,,,,,,,,EPSFB,,
298,1,,,-121.9314830,47.5244923,2026-01-23 19:00:36.505,_20260123_105610_CH02_TMO_5GNR_WFC_MT-DUT-2_TC-155.dml,,,,,,,,,,,,,,,,,,,,,,,[Tool] Voice - Release Call Request,,,,,,,,,,,,,,,,,
299,1,,,-121.9314830,47.5244923,2026-01-23 19:00:37.005,_20260123_105610_CH02_TMO_5GNR_WFC_MT-DUT-2_TC-155.dml,,,,,,,,,,,,,,,,,,,,,,,[Tool] Voice - Call Scheduling Start(Term),,,,,,,,,,,,,,,,,
300,1,,,-121.9314830,47.5244923,2026-01-23 19:00:37.005,_20260123_105610_CH02_TMO_5GNR_WFC_MT-DUT-2_TC-155.dml,,,,,,,,,,,,,,,,,,,,,,,[Tool] Voice - Wait Page,,,,,,,,,,,,,,,,,
301,1,,,-121.9314830,47.5244923,2026-01-23 19:00:37.000,_20260123_105610_CH02_TMO_5GNR_WFC_MT-DUT-2_TC-155.dml,,,,,,,,,,,,,,,,,,,,,,,,,,,,,594,,,On,Connected,-68.000000,5220,68,,,,IWLAN
302,1,,,-121.9314830,47.5244923,2026-01-23 19:00:38.000,_20260123_105610_CH02_TMO_5GNR_WFC_MT-DUT-2_TC-155.dml,,,,,,,,,,,,,,,,,,,,,,,,,,,,,594,,,On,Connected,-68.000000,5220,68,,,,IWLAN
303,1,,,-121.9314830,47.5244923,2026-01-23 19:00:39.000,_20260123_105610_CH02_TMO_5GNR_WFC_MT-DUT-2_TC-155.dml,,,,,,,,,,,,,,,,,,,,,,,,,,,,,594,,,On,Connected,-68.000000,5220,68,,,,IWLAN
304,1,,,-121.9314830,47.5244923,2026-01-23 19:00:40.224,_20260123_105610_CH02_TMO_5GNR_WFC_MT-DUT-2_TC-155.dml,,,,,,,,,,,,,,,,,,,,,,,[Tool] Voice - Answer Request,,,,,,,,,,,,,,,,,
305,1,,,-121.9314830,47.5244923,2026-01-23 19:00:40.000,_20260123_105610_CH02_TMO_5GNR_WFC_MT-DUT-2_TC-155.dml,,,,,,,,,,,,,,,,,,,,,,,,,,,,,594,,,On,Connected,-68.000000,5220,102,,,,IWLAN
306,1,,,-121.9314830,47.5244923,2026-01-23 19:00:41.000,_20260123_105610_CH02_TMO_5GNR_WFC_MT-DUT-2_TC-155.dml,,,,,,,,,,,,,,,,,,,,,,,,,,,,,594,,,On,Connected,-68.000000,5220,102,,,,IWLAN
307,1,,,-121.9314830,47.5244923,2026-01-23 19:00:41.114,_20260123_105610_CH02_TMO_5GNR_WFC_MT-DUT-2_TC-155.dml,,,,,,,,,,,,,,,,,,,,,,,[UE]   Voice - Setup Success,,,,,,,,,,,,,,,,,
308,1,,,-121.9314830,47.5244923,2026-01-23 19:00:42.000,_20260123_105610_CH02_TMO_5GNR_WFC_MT-DUT-2_TC-155.dml,,,,,,,,,,NR SA,,,,,,,,,,,,,,,,,,,594,,,On,Connected,-68.000000,5220,102,,,,IWLAN
309,1,,,-121.9314830,47.5244923,2026-01-23 19:00:43.000,_20260123_105610_CH02_TMO_5GNR_WFC_MT-DUT-2_TC-155.dml,,,,,,,,,,NR SA,,,,,,,,,,,,,,,,,,,594,,,On,Connected,-68.000000,5220,102,,,,
310,1,,,-121.9314830,47.5244923,2026-01-23 19:00:44.000,_20260123_105610_CH02_TMO_5GNR_WFC_MT-DUT-2_TC-155.dml,,,,,,,,,,NR SA,,,,,,,,,,,,,,,,,,,594,,,On,Connected,-68.000000,5220,102,,,,IWLAN
311,1,,,-121.9314830,47.5244923,2026-01-23 19:00:45.000,_20260123_105610_CH02_TMO_5GNR_WFC_MT-DUT-2_TC-155.dml,,,,,,,,,,NR SA,,,,,,,,,,,,,,,,,,,594,,,On,Connected,-68.000000,5220,102,,,,IWLAN
312,1,,,-121.9314830,47.5244923,2026-01-23 19:00:46.000,_20260123_105610_CH02_TMO_5GNR_WFC_MT-DUT-2_TC-155.dml,,,,,,,,,,NR SA,,,,,,,,,,,,,,,,,,,594,,,,Connected,,,,,,,IWLAN
313,1,,,-121.9314830,47.5244923,2026-01-23 19:00:47.000,_20260123_105610_CH02_TMO_5GNR_WFC_MT-DUT-2_TC-155.dml,,,,,,,,,,NR SA,,,,,,,,,,,,,,,,,,,594,,,On,Connected,-68.000000,5220,102,,,,IWLAN
314,1,,,-121.9314830,47.5244923,2026-01-23 19:00:48.000,_20260123_105610_CH02_TMO_5GNR_WFC_MT-DUT-2_TC-155.dml,,,,,,,,,,NR SA,,,,,,,,,,,,,,,,,,,594,,,On,Connected,-68.000000,5220,102,,,,IWLAN
315,1,,,-121.9314830,47.5244923,2026-01-23 19:00:49.000,_20260123_105610_CH02_TMO_5GNR_WFC_MT-DUT-2_TC-155.dml,,,,,,,,,,NR SA,,,,,,,,,,,,,,,,,,,594,,,On,Connected,-68.000000,5220,102,,,,IWLAN
316,1,,,-121.9314830,47.5244923,2026-01-23 19:00:50.000,_20260123_105610_CH02_TMO_5GNR_WFC_MT-DUT-2_TC-155.dml,,,,,,,,,,NR SA,,,,,,,,,,,,,,,,,,,594,,,On,Connected,-68.000000,5220,102,,,,IWLAN
317,1,,,-121.9314830,47.5244923,2026-01-23 19:00:51.000,_20260123_105610_CH02_TMO_5GNR_WFC_MT-DUT-2_TC-155.dml,,,,,,,,,,NR SA,,,,,,,,,,,,,,,,,,,594,,2.651747,On,Connected,-68.000000,5220,102,,,,IWLAN
318,1,,,-121.9314830,47.5244923,2026-01-23 19:00:52.000,_20260123_105610_CH02_TMO_5GNR_WFC_MT-DUT-2_TC-155.dml,,,,,,,,,,NR SA,,,,,,,,,,,,,,,,,,,594,,2.651747,On,Connected,-68.000000,5220,102,,,,IWLAN
319,1,,,-121.9314830,47.5244923,2026-01-23 19:00:53.000,_20260123_105610_CH02_TMO_5GNR_WFC_MT-DUT-2_TC-155.dml,,,,,,,,,,NR SA,,,,,,,,,,,,,,,,,,,594,,2.651747,,Connected,,,,,,,IWLAN
320,1,,,-121.9314830,47.5244923,2026-01-23 19:00:54.000,_20260123_105610_CH02_TMO_5GNR_WFC_MT-DUT-2_TC-155.dml,,,,,,,,,,NR SA,,,,,,,,,,,,,,,,,,,594,,2.651747,On,Connected,-68.000000,5220,102,,,,IWLAN
321,1,,,-121.9314830,47.5244923,2026-01-23 19:00:55.000,_20260123_105610_CH02_TMO_5GNR_WFC_MT-DUT-2_TC-155.dml,,,,,,,,,,NR SA,,,,,,,,,,,,,,,,,,,594,,2.651747,On,Connected,-68.000000,5220,102,,,,IWLAN
322,1,,,-121.9314830,47.5244923,2026-01-23 19:00:56.000,_20260123_105610_CH02_TMO_5GNR_WFC_MT-DUT-2_TC-155.dml,,,,,,,,,,NR SA,,,,,,,,,,,,,,,,,,,594,,2.651747,On,Connected,-68.000000,5220,102,,,,IWLAN
323,1,,,-121.9314830,47.5244923,2026-01-23 19:00:57.000,_20260123_105610_CH02_TMO_5GNR_WFC_MT-DUT-2_TC-155.dml,,,,,,,,,,NR SA,,,,,,,,,,,,,,,,,,,594,,2.651747,On,Connected,-68.000000,5220,102,,,,IWLAN
324,1,,,-121.9314830,47.5244923,2026-01-23 19:00:58.000,_20260123_105610_CH02_TMO_5GNR_WFC_MT-DUT-2_TC-155.dml,,,,,,,,,,NR SA,,,,,,,,,,,,,,,,,,,594,,2.651747,On,Connected,-68.000000,5220,102,,,,IWLAN
325,1,,,-121.9314830,47.5244923,2026-01-23 19:00:59.000,_20260123_105610_CH02_TMO_5GNR_WFC_MT-DUT-2_TC-155.dml,,,,,,,,,,NR SA,,,,,,,,,,,,,,,,,,,594,,2.651747,On,Connected,-68.000000,5220,102,,,,
326,1,,,-121.9314830,47.5244923,2026-01-23 19:01:00.000,_20260123_105610_CH02_TMO_5GNR_WFC_MT-DUT-2_TC-155.dml,,,,,,,,,,NR SA,,,,,,,,,,,,,,,,,,,594,,2.651747,On,Connected,-68.000000,5220,102,,,,IWLAN
327,1,,,-121.9314830,47.5244923,2026-01-23 19:01:01.660,_20260123_105610_CH02_TMO_5GNR_WFC_MT-DUT-2_TC-155.dml,,,,,,,,,,,,,,,,,,,,,,,,,,,,,,-81.690714,,,,,,,,,,
328,1,,,-121.9314830,47.5244923,2026-01-23 19:01:01.000,_20260123_105610_CH02_TMO_5GNR_WFC_MT-DUT-2_TC-155.dml,,,,,,,,,,NR SA,,,,,,,,,,,,,,,,,,,594,,,On,Connected,-68.000000,5220,102,,,,IWLAN
329,1,,,-121.9314830,47.5244923,2026-01-23 19:01:02.000,_20260123_105610_CH02_TMO_5GNR_WFC_MT-DUT-2_TC-155.dml,,,,,,,,,,NR SA,,,,,,,,,,,,,,,,,,,594,,,,Connected,,,,,,,IWLAN
330,1,,,-121.9314830,47.5244923,2026-01-23 19:01:03.000,_20260123_105610_CH02_TMO_5GNR_WFC_MT-DUT-2_TC-155.dml,,,,,,,,,,NR SA,,,,,,,,,,,,,,,,,,,594,,,On,Connected,-68.000000,5220,102,,,,
331,1,,,-121.9314830,47.5244923,2026-01-23 19:01:04.000,_20260123_105610_CH02_TMO_5GNR_WFC_MT-DUT-2_TC-155.dml,,,,,,,,,,NR SA,,,,,,,,,,,,,,,,,,,594,,,On,Connected,-68.000000,5220,102,,,,IWLAN
332,1,,,-121.9314830,47.5244923,2026-01-23 19:01:05.000,_20260123_105610_CH02_TMO_5GNR_WFC_MT-DUT-2_TC-155.dml,,,,,,,,,,NR SA,,,,,,,,,,,,,,,,,,,594,,,On,Connected,-68.000000,5220,102,,,,IWLAN
333,1,,,-121.9314830,47.5244923,2026-01-23 19:01:06.000,_20260123_105610_CH02_TMO_5GNR_WFC_MT-DUT-2_TC-155.dml,,,,,,,,,,NR SA,,,,,,,,,,,,,,,,,,,594,,,On,Connected,-68.000000,5220,102,,,,IWLAN
334,1,,,-121.9314830,47.5244923,2026-01-23 19:01:07.000,_20260123_105610_CH02_TMO_5GNR_WFC_MT-DUT-2_TC-155.dml,,,,,,,,,,NR SA,,,,,,,,,,,,,,,,,,,594,,,On,Connected,-68.000000,5220,102,,,,IWLAN
335,1,,,-121.9314830,47.5244923,2026-01-23 19:01:08.000,_20260123_105610_CH02_TMO_5GNR_WFC_MT-DUT-2_TC-155.dml,,,,,,,,,,NR SA,,,,,,,,,,,,,,,,,,,594,,,On,Connected,-68.000000,5220,102,,,,IWLAN
336,1,,,-121.9314830,47.5244923,2026-01-23 19:01:09.000,_20260123_105610_CH02_TMO_5GNR_WFC_MT-DUT-2_TC-155.dml,,,,,,,,,,NR SA,,,,,,,,,,,,,,,,,,,594,,,On,Connected,-68.000000,5220,102,,,,
337,1,,,-121.9314830,47.5244923,2026-01-23 19:01:10.000,_20260123_105610_CH02_TMO_5GNR_WFC_MT-DUT-2_TC-155.dml,,,,,,,,,,NR SA,,,,,,,,,,,,,,,,,,,594,,,On,Connected,-68.000000,5220,102,,,,IWLAN
338,1,,,-121.9314830,47.5244923,2026-01-23 19:01:11.000,_20260123_105610_CH02_TMO_5GNR_WFC_MT-DUT-2_TC-155.dml,,,,,,,,,,NR SA,,,,,,,,,,,,,,,,,,,594,,,On,Connected,-68.000000,5220,102,,,,IWLAN
339,1,,,-121.9314830,47.5244923,2026-01-23 19:01:12.000,_20260123_105610_CH02_TMO_5GNR_WFC_MT-DUT-2_TC-155.dml,,,,,,,,,,NR SA,,,,,,,,,,,,,,,,,,,594,,2.829428,On,Connected,-68.000000,5220,102,,,,IWLAN
340,1,,,-121.9314830,47.5244923,2026-01-23 19:01:13.000,_20260123_105610_CH02_TMO_5GNR_WFC_MT-DUT-2_TC-155.dml,,,,,,,,,,NR SA,,,,,,,,,,,,,,,,,,,594,,2.829428,On,Connected,-68.000000,5220,102,,,,IWLAN
341,1,,,-121.9314830,47.5244923,2026-01-23 19:01:14.000,_20260123_105610_CH02_TMO_5GNR_WFC_MT-DUT-2_TC-155.dml,,,,,,,,,,NR SA,,,,,,,,,,,,,,,,,,,594,,2.829428,On,Connected,-68.000000,5220,102,,,,IWLAN
342,1,,,-121.9314830,47.5244923,2026-01-23 19:01:15.000,_20260123_105610_CH02_TMO_5GNR_WFC_MT-DUT-2_TC-155.dml,,,,,,,,,,NR SA,,,,,,,,,,,,,,,,,,,594,,2.829428,On,Connected,-68.000000,5220,102,,,,
343,1,,,-121.9314830,47.5244923,2026-01-23 19:01:16.000,_20260123_105610_CH02_TMO_5GNR_WFC_MT-DUT-2_TC-155.dml,,,,,,,,,,NR SA,,,,,,,,,,,,,,,,,,,594,,2.829428,On,Connected,-68.000000,5220,102,,,,IWLAN
344,1,,,-121.9314830,47.5244923,2026-01-23 19:01:17.000,_20260123_105610_CH02_TMO_5GNR_WFC_MT-DUT-2_TC-155.dml,,,,,,,,,,NR SA,,,,,,,,,,,,,,,,,,,594,,2.829428,On,Connected,-68.000000,5220,102,,,,IWLAN
345,1,,,-121.9314830,47.5244923,2026-01-23 19:01:18.000,_20260123_105610_CH02_TMO_5GNR_WFC_MT-DUT-2_TC-155.dml,,,,,,,,,,NR SA,,,,,,,,,,,,,,,,,,,594,,2.829428,On,Connected,-68.000000,5220,102,,,,IWLAN
346,1,,,-121.9314830,47.5244923,2026-01-23 19:01:19.000,_20260123_105610_CH02_TMO_5GNR_WFC_MT-DUT-2_TC-155.dml,,,,,,,,,,NR SA,,,,,,,,,,,,,,,,,,,594,,2.829428,On,Connected,-68.000000,5220,102,,,,IWLAN
347,1,,,-121.9314830,47.5244923,2026-01-23 19:01:20.000,_20260123_105610_CH02_TMO_5GNR_WFC_MT-DUT-2_TC-155.dml,,,,,,,,,,NR SA,,,,,,,,,,,,,,,,,,,594,,2.829428,On,Connected,-68.000000,5220,102,,,,IWLAN
348,1,,,-121.9314830,47.5244923,2026-01-23 19:01:21.000,_20260123_105610_CH02_TMO_5GNR_WFC_MT-DUT-2_TC-155.dml,,,,,,,,,,NR SA,,,,,,,,,,,,,,,,,,,594,,2.829428,On,Connected,-68.000000,5220,102,,,,IWLAN
349,1,,,-121.9314830,47.5244923,2026-01-23 19:01:21.630,_20260123_105610_CH02_TMO_5GNR_WFC_MT-DUT-2_TC-155.dml,,,,,,,,,,,,,,,,,,,,,,,,,,,,,,-81.289091,,,,,,,,,,
350,1,,,-121.9314830,47.5244923,2026-01-23 19:01:22.000,_20260123_105610_CH02_TMO_5GNR_WFC_MT-DUT-2_TC-155.dml,,,,,,,,,,NR SA,,,,,,,,,,,,,,,,,,,594,,,On,Connected,-68.000000,5220,102,,,,IWLAN
351,1,,,-121.9314830,47.5244923,2026-01-23 19:01:23.000,_20260123_105610_CH02_TMO_5GNR_WFC_MT-DUT-2_TC-155.dml,,,,,,,,,,NR SA,,,,,,,,,,,,,,,,,,,594,,,On,Connected,-68.000000,5220,102,,,,IWLAN
352,1,,,-121.9314830,47.5244923,2026-01-23 19:01:24.000,_20260123_105610_CH02_TMO_5GNR_WFC_MT-DUT-2_TC-155.dml,,,,,,,,,,NR SA,,,,,,,,,,,,,,,,,,,594,,,On,Connected,-68.000000,5220,102,,,,IWLAN
353,1,,,-121.9314830,47.5244923,2026-01-23 19:01:25.000,_20260123_105610_CH02_TMO_5GNR_WFC_MT-DUT-2_TC-155.dml,,,,,,,,,,NR SA,,,,,,,,,,,,,,,,,,,594,,,On,Connected,-68.000000,5220,102,,,,IWLAN
354,1,,,-121.9314830,47.5244923,2026-01-23 19:01:26.000,_20260123_105610_CH02_TMO_5GNR_WFC_MT-DUT-2_TC-155.dml,,,,,,,,,,NR SA,,,,,,,,,,,,,,,,,,,594,,,On,Connected,-68.000000,5220,102,,,,IWLAN
355,1,,,-121.9314830,47.5244923,2026-01-23 19:01:27.000,_20260123_105610_CH02_TMO_5GNR_WFC_MT-DUT-2_TC-155.dml,,,,,,,,,,NR SA,,,,,,,,,,,,,,,,,,,594,,,On,Connected,-68.000000,5220,102,,,,IWLAN
356,1,,,-121.9314830,47.5244923,2026-01-23 19:01:28.000,_20260123_105610_CH02_TMO_5GNR_WFC_MT-DUT-2_TC-155.dml,,,,,,,,,,NR SA,,,,,,,,,,,,,,,,,,,594,,,On,Connected,-68.000000,5220,102,,,,IWLAN
357,1,,,-121.9314830,47.5244923,2026-01-23 19:01:29.000,_20260123_105610_CH02_TMO_5GNR_WFC_MT-DUT-2_TC-155.dml,,,,,,,,,,NR SA,,,,,,,,,,,,,,,,,,,594,,,On,Connected,-68.000000,5220,102,,,,IWLAN
358,1,,,-121.9314830,47.5244923,2026-01-23 19:01:30.000,_20260123_105610_CH02_TMO_5GNR_WFC_MT-DUT-2_TC-155.dml,,,,,,,,,,NR SA,,,,,,,,,,,,,,,,,,,594,,,On,Connected,-68.000000,5220,102,,,,IWLAN
359,1,,,-121.9314830,47.5244923,2026-01-23 19:01:31.000,_20260123_105610_CH02_TMO_5GNR_WFC_MT-DUT-2_TC-155.dml,,,,,,,,,,NR SA,,,,,,,,,,,,,,,,,,,594,,,On,Connected,-68.000000,5220,102,,,,
360,1,,,-121.9314830,47.5244923,2026-01-23 19:01:32.000,_20260123_105610_CH02_TMO_5GNR_WFC_MT-DUT-2_TC-155.dml,,,,,,,,,,NR SA,,,,,,,,,,,,,,,,,,,594,,3.070713,On,Connected,-68.000000,5220,102,,,,IWLAN
361,1,,,-121.9314830,47.5244923,2026-01-23 19:01:33.000,_20260123_105610_CH02_TMO_5GNR_WFC_MT-DUT-2_TC-155.dml,,,,,,,,,,NR SA,,,,,,,,,,,,,,,,,,,594,,3.070713,On,Connected,-68.000000,5220,102,,,,IWLAN
362,1,,,-121.9314830,47.5244923,2026-01-23 19:01:34.000,_20260123_105610_CH02_TMO_5GNR_WFC_MT-DUT-2_TC-155.dml,,,,,,,,,,NR SA,,,,,,,,,,,,,,,,,,,594,,3.070713,On,Connected,-68.000000,5220,102,,,,IWLAN
363,1,,,-121.9314830,47.5244923,2026-01-23 19:01:35.000,_20260123_105610_CH02_TMO_5GNR_WFC_MT-DUT-2_TC-155.dml,,,,,,,,,,NR SA,,,,,,,,,,,,,,,,,,,594,,3.070713,On,Connected,-68.000000,5220,102,,,,IWLAN
364,1,,,-121.9314830,47.5244923,2026-01-23 19:01:36.000,_20260123_105610_CH02_TMO_5GNR_WFC_MT-DUT-2_TC-155.dml,,,,,,,,,,NR SA,,,,,,,,,,,,,,,,,,,594,,3.070713,On,Connected,-68.000000,5220,102,,,,IWLAN
365,1,,,-121.9314830,47.5244923,2026-01-23 19:01:37.000,_20260123_105610_CH02_TMO_5GNR_WFC_MT-DUT-2_TC-155.dml,,,,,,,,,,NR SA,,,,,,,,,,,,,,,,,,,594,,3.070713,On,Connected,-68.000000,5220,102,,,,IWLAN
366,1,,,-121.9314830,47.5244923,2026-01-23 19:01:38.000,_20260123_105610_CH02_TMO_5GNR_WFC_MT-DUT-2_TC-155.dml,,,,,,,,,,NR SA,,,,,,,,,,,,,,,,,,,594,,3.070713,On,Connected,-70.000000,5220,68,,,,IWLAN
367,1,,,-121.9314830,47.5244923,2026-01-23 19:01:39.000,_20260123_105610_CH02_TMO_5GNR_WFC_MT-DUT-2_TC-155.dml,,,,,,,,,,NR SA,,,,,,,,,,,,,,,,,,,594,,3.070713,On,Connected,-70.000000,5220,68,,,,IWLAN
368,1,,,-121.9314830,47.5244923,2026-01-23 19:01:40.000,_20260123_105610_CH02_TMO_5GNR_WFC_MT-DUT-2_TC-155.dml,,,,,,,,,,NR SA,,,,,,,,,,,,,,,,,,,594,,3.070713,On,Connected,-70.000000,5220,68,,,,
369,1,,,-121.9314830,47.5244923,2026-01-23 19:01:41.000,_20260123_105610_CH02_TMO_5GNR_WFC_MT-DUT-2_TC-155.dml,,,,,,,,,,NR SA,,,,,,,,,,,,,,,,,,,594,,,On,Connected,-70.000000,5220,68,,,,IWLAN
370,1,,,-121.9314830,47.5244923,2026-01-23 19:01:41.755,_20260123_105610_CH02_TMO_5GNR_WFC_MT-DUT-2_TC-155.dml,,,,,,,,,,,,,,,,,,,,,,,,,,,,,,-82.098452,,,,,,,,,,
371,1,,,-121.9314830,47.5244923,2026-01-23 19:01:42.000,_20260123_105610_CH02_TMO_5GNR_WFC_MT-DUT-2_TC-155.dml,,,,,,,,,,NR SA,,,,,,,,,,,,,,,,,,,594,,,On,Connected,-70.000000,5220,68,,,,IWLAN
372,1,,,-121.9314830,47.5244923,2026-01-23 19:01:43.000,_20260123_105610_CH02_TMO_5GNR_WFC_MT-DUT-2_TC-155.dml,,,,,,,,,,NR SA,,,,,,,,,,,,,,,,,,,594,,,On,Connected,-70.000000,5220,68,,,,IWLAN
373,1,,,-121.9314830,47.5244923,2026-01-23 19:01:44.000,_20260123_105610_CH02_TMO_5GNR_WFC_MT-DUT-2_TC-155.dml,,,,,,,,,,NR SA,,,,,,,,,,,,,,,,,,,594,,,On,Connected,-69.000000,5220,136,,,,IWLAN
374,1,,,-121.9314830,47.5244923,2026-01-23 19:01:45.000,_20260123_105610_CH02_TMO_5GNR_WFC_MT-DUT-2_TC-155.dml,,,,,,,,,,NR SA,,,,,,,,,,,,,,,,,,,594,,,On,Connected,-69.000000,5220,136,,,,IWLAN
375,1,,,-121.9314830,47.5244923,2026-01-23 19:01:46.000,_20260123_105610_CH02_TMO_5GNR_WFC_MT-DUT-2_TC-155.dml,,,,,,,,,,NR SA,,,,,,,,,,,,,,,,,,,594,,,On,Connected,-69.000000,5220,136,,,,IWLAN
376,1,,,-121.9314830,47.5244923,2026-01-23 19:01:47.000,_20260123_105610_CH02_TMO_5GNR_WFC_MT-DUT-2_TC-155.dml,,,,,,,,,,NR SA,,,,,,,,,,,,,,,,,,,594,,,On,Connected,-70.000000,5220,132,,,,
377,1,,,-121.9314830,47.5244923,2026-01-23 19:01:48.000,_20260123_105610_CH02_TMO_5GNR_WFC_MT-DUT-2_TC-155.dml,,,,,,,,,,NR SA,,,,,,,,,,,,,,,,,,,594,,,On,Connected,-70.000000,5220,132,,,,IWLAN
378,1,,,-121.9314830,47.5244923,2026-01-23 19:01:49.000,_20260123_105610_CH02_TMO_5GNR_WFC_MT-DUT-2_TC-155.dml,,,,,,,,,,NR SA,,,,,,,,,,,,,,,,,,,594,,,On,Connected,-70.000000,5220,132,,,,IWLAN
379,1,,,-121.9314830,47.5244923,2026-01-23 19:01:50.000,_20260123_105610_CH02_TMO_5GNR_WFC_MT-DUT-2_TC-155.dml,,,,,,,,,,NR SA,,,,,,,,,,,,,,,,,,,,,,On,Connected,-69.000000,5220,68,,,,IWLAN
380,1,,,-121.9314830,47.5244923,2026-01-23 19:01:51.000,_20260123_105610_CH02_TMO_5GNR_WFC_MT-DUT-2_TC-155.dml,,,,,,,,,,NR SA,,,,,,,,,,,,,,,,,,,594,,2.094393,On,Connected,-69.000000,5220,68,,,,IWLAN
381,1,,,-121.9314830,47.5244923,2026-01-23 19:01:52.000,_20260123_105610_CH02_TMO_5GNR_WFC_MT-DUT-2_TC-155.dml,,,,,,,,,,NR SA,,,,,,,,,,,,,,,,,,,,,2.094393,On,Connected,-69.000000,5220,68,,,,IWLAN
382,1,,,-121.9314830,47.5244923,2026-01-23 19:01:53.000,_20260123_105610_CH02_TMO_5GNR_WFC_MT-DUT-2_TC-155.dml,,,,,,,,,,NR SA,,,,,,,,,,,,,,,,,,,594,,2.094393,On,Connected,-70.000000,5220,68,,,,IWLAN
383,1,,,-121.9314830,47.5244923,2026-01-23 19:01:54.000,_20260123_105610_CH02_TMO_5GNR_WFC_MT-DUT-2_TC-155.dml,,,,,,,,,,NR SA,,,,,,,,,,,,,,,,,,,,,2.094393,On,Connected,-70.000000,5220,68,,,,IWLAN
384,1,,,-121.9314830,47.5244923,2026-01-23 19:01:55.000,_20260123_105610_CH02_TMO_5GNR_WFC_MT-DUT-2_TC-155.dml,,,,,,,,,,NR SA,,,,,,,,,,,,,,,,,,,594,,2.094393,On,Connected,-70.000000,5220,68,,,,IWLAN
385,1,,,-121.9314830,47.5244923,2026-01-23 19:01:56.000,_20260123_105610_CH02_TMO_5GNR_WFC_MT-DUT-2_TC-155.dml,,,,,,,,,,NR SA,,,,,,,,,,,,,,,,,,,,,2.094393,On,Connected,-70.000000,5220,136,,,,IWLAN
386,1,,,-121.9314830,47.5244923,2026-01-23 19:01:57.000,_20260123_105610_CH02_TMO_5GNR_WFC_MT-DUT-2_TC-155.dml,,,,,,,,,,NR SA,,,,,,,,,,,,,,,,,,,594,,2.094393,On,Connected,-70.000000,5220,136,,,,IWLAN
387,1,,,-121.9314830,47.5244923,2026-01-23 19:01:58.000,_20260123_105610_CH02_TMO_5GNR_WFC_MT-DUT-2_TC-155.dml,,,,,,,,,,NR SA,,,,,,,,,,,,,,,,,,,,,2.094393,On,Connected,-70.000000,5220,136,,,,IWLAN
388,1,,,-121.9314830,47.5244923,2026-01-23 19:01:59.000,_20260123_105610_CH02_TMO_5GNR_WFC_MT-DUT-2_TC-155.dml,,,,,,,,,,NR SA,,,,,,,,,,,,,,,,,,,594,,2.094393,On,Connected,-70.000000,5220,136,,,,IWLAN
389,1,,,-121.9314830,47.5244923,2026-01-23 19:02:00.000,_20260123_105610_CH02_TMO_5GNR_WFC_MT-DUT-2_TC-155.dml,,,,,,,,,,NR SA,,,,,,,,,,,,,,,,,,,,,2.094393,On,Connected,-70.000000,5220,136,,,,IWLAN
390,1,,,-121.9314830,47.5244923,2026-01-23 19:02:01.000,_20260123_105610_CH02_TMO_5GNR_WFC_MT-DUT-2_TC-155.dml,,,,,,,,,,NR SA,,,,,,,,,,,,,,,,,,,594,,2.094393,On,Connected,-70.000000,5220,136,,,,IWLAN
391,1,,,-121.9314830,47.5244923,2026-01-23 19:02:01.739,_20260123_105610_CH02_TMO_5GNR_WFC_MT-DUT-2_TC-155.dml,,,,,,,,,,,,,,,,,,,,,,,,,,,,,,-83.269375,,,,,,,,,,
392,1,,,-121.9314830,47.5244923,2026-01-23 19:02:02.000,_20260123_105610_CH02_TMO_5GNR_WFC_MT-DUT-2_TC-155.dml,,,,,,,,,,NR SA,,,,,,,,,,,,,,,,,,,,,,On,Connected,-70.000000,5220,130,,,,IWLAN
393,1,,,-121.9314830,47.5244923,2026-01-23 19:02:03.000,_20260123_105610_CH02_TMO_5GNR_WFC_MT-DUT-2_TC-155.dml,,,,,,,,,,NR SA,,,,,,,,,,,,,,,,,,,594,,,On,Connected,-70.000000,5220,130,,,,IWLAN
394,1,,,-121.9314830,47.5244923,2026-01-23 19:02:04.000,_20260123_105610_CH02_TMO_5GNR_WFC_MT-DUT-2_TC-155.dml,,,,,,,,,,NR SA,,,,,,,,,,,,,,,,,,,,,,On,Connected,-70.000000,5220,130,,,,IWLAN
395,1,,,-121.9314830,47.5244923,2026-01-23 19:02:05.000,_20260123_105610_CH02_TMO_5GNR_WFC_MT-DUT-2_TC-155.dml,,,,,,,,,,NR SA,,,,,,,,,,,,,,,,,,,594,,,On,Connected,-70.000000,5220,136,,,,IWLAN
396,1,,,-121.9314830,47.5244923,2026-01-23 19:02:06.000,_20260123_105610_CH02_TMO_5GNR_WFC_MT-DUT-2_TC-155.dml,,,,,,,,,,NR SA,,,,,,,,,,,,,,,,,,,594,,,On,Connected,-70.000000,5220,136,,,,IWLAN
397,1,,,-121.9314830,47.5244923,2026-01-23 19:02:07.000,_20260123_105610_CH02_TMO_5GNR_WFC_MT-DUT-2_TC-155.dml,,,,,,,,,,NR SA,,,,,,,,,,,,,,,,,,,594,,,On,Connected,-70.000000,5220,136,,,,IWLAN
398,1,,,-121.9314830,47.5244923,2026-01-23 19:02:08.000,_20260123_105610_CH02_TMO_5GNR_WFC_MT-DUT-2_TC-155.dml,,,,,,,,,,NR SA,,,,,,,,,,,,,,,,,,,594,,,On,Connected,-70.000000,5220,130,,,,IWLAN
399,1,,,-121.9314830,47.5244923,2026-01-23 19:02:09.000,_20260123_105610_CH02_TMO_5GNR_WFC_MT-DUT-2_TC-155.dml,,,,,,,,,,NR SA,,,,,,,,,,,,,,,,,,,594,,,On,Connected,-70.000000,5220,130,,,,IWLAN
400,1,,,-121.9314830,47.5244923,2026-01-23 19:02:10.000,_20260123_105610_CH02_TMO_5GNR_WFC_MT-DUT-2_TC-155.dml,,,,,,,,,,NR SA,,,,,,,,,,,,,,,,,,,594,,,On,Connected,-70.000000,5220,130,,,,
401,1,,,-121.9314830,47.5244923,2026-01-23 19:02:11.000,_20260123_105610_CH02_TMO_5GNR_WFC_MT-DUT-2_TC-155.dml,,,,,,,,,,NR SA,,,,,,,,,,,,,,,,,,,594,,,On,Connected,-70.000000,5220,130,,,,IWLAN
402,1,,,-121.9314830,47.5244923,2026-01-23 19:02:11.114,_20260123_105610_CH02_TMO_5GNR_WFC_MT-DUT-2_TC-155.dml,,,,,,,,,,,,,,,,,,,,,,,[Tool] Voice - Pair Channel Call Drop,,,,,,,,,,,,,,,,,
403,1,,,-121.9314830,47.5244923,2026-01-23 19:02:11.114,_20260123_105610_CH02_TMO_5GNR_WFC_MT-DUT-2_TC-155.dml,,,,,,,,,,,,,,,,,,,,,,,[Tool] Voice - Release Call Request,,,,,,,,,,,,,,,,,
404,1,,,-121.9314830,47.5244923,2026-01-23 19:02:11.630,_20260123_105610_CH02_TMO_5GNR_WFC_MT-DUT-2_TC-155.dml,,,,,,,,,,,,,,,,,,,,,,Complete,[Tool] Voice - Call Result : Complete,,,,,,,,,,,,,,,,,
405,1,,,-121.9314830,47.5244923,2026-01-23 19:02:11.630,_20260123_105610_CH02_TMO_5GNR_WFC_MT-DUT-2_TC-155.dml,,,,,,,,,,,,,,,,,,,,,,,[UE]   Voice - Release Call Success,,,,,,,,,,,,,,,,,
406,1,,,-121.9314830,47.5244923,2026-01-23 19:02:12.000,_20260123_105610_CH02_TMO_5GNR_WFC_MT-DUT-2_TC-155.dml,,,,,,,,,,,,,,,,,,,,,,,,1,,,,,594,,,On,Connected,-70.000000,5220,68,,,,IWLAN
407,1,,,-121.9314830,47.5244923,2026-01-23 19:02:12.443,_20260123_105610_CH02_TMO_5GNR_WFC_MT-DUT-2_TC-155.dml,,,,,,,,,,,,,,,,,,,,,,,[UE]   Voice - Release Call Success,,,,,,,,,,,,,,,,,
408,1,,,-121.9314830,47.5244923,2026-01-23 19:02:13.000,_20260123_105610_CH02_TMO_5GNR_WFC_MT-DUT-2_TC-155.dml,,,,,,,,,,,,,,,,,,,,,,,,,,,,,594,,,On,Connected,-70.000000,5220,68,,,,IWLAN
409,1,,,-121.9314830,47.5244923,2026-01-23 19:02:14.000,_20260123_105610_CH02_TMO_5GNR_WFC_MT-DUT-2_TC-155.dml,,,,,,,,,,,,,,,,,,,,,,,,,,,,,594,,,On,Connected,-70.000000,5220,68,,,,IWLAN
410,1,,,-121.9314830,47.5244923,2026-01-23 19:02:15.000,_20260123_105610_CH02_TMO_5GNR_WFC_MT-DUT-2_TC-155.dml,,,,,,,,,,,,,,,,,,,,,,,,,,,,,594,,,On,Connected,-70.000000,5220,68,,,,IWLAN
411,1,,,-121.9314830,47.5244923,2026-01-23 19:02:16.000,_20260123_105610_CH02_TMO_5GNR_WFC_MT-DUT-2_TC-155.dml,,,,,,,,,,,,,,,,,,,,,,,,,,,,,594,,,On,Connected,-70.000000,5220,68,,,,
412,1,,,-121.9314830,47.5244923,2026-01-23 19:02:17.000,_20260123_105610_CH02_TMO_5GNR_WFC_MT-DUT-2_TC-155.dml,,,,,,,,,,,,,,,,,,,,,,,,,,,,,594,,,On,Connected,-70.000000,5220,68,,,,IWLAN
413,1,,,-121.9314830,47.5244923,2026-01-23 19:02:18.000,_20260123_105610_CH02_TMO_5GNR_WFC_MT-DUT-2_TC-155.dml,,,,,,,,,,,,,,,,,,,,,,,,,,,,,594,,,On,Connected,-70.000000,5220,68,,,,
414,1,,,-121.9314830,47.5244923,2026-01-23 19:02:19.000,_20260123_105610_CH02_TMO_5GNR_WFC_MT-DUT-2_TC-155.dml,,,,,,,,,,,,,,,,,,,,,,,,,,,,,594,,,,Connected,,,,,,,IWLAN
415,1,,,-121.9314830,47.5244923,2026-01-23 19:02:20.000,_20260123_105610_CH02_TMO_5GNR_WFC_MT-DUT-2_TC-155.dml,,,,,,,,,,,,,,,,,,,,,,,,,,,,,594,,,On,Connected,-70.000000,5220,68,,,,IWLAN
416,1,,,-121.9314830,47.5244923,2026-01-23 19:02:21.000,_20260123_105610_CH02_TMO_5GNR_WFC_MT-DUT-2_TC-155.dml,,,,,,,,,,,,,,,,,,,,,,,,,,,,,594,,,On,Connected,-69.000000,5220,68,,,,IWLAN
417,1,,,-121.9314830,47.5244923,2026-01-23 19:02:22.000,_20260123_105610_CH02_TMO_5GNR_WFC_MT-DUT-2_TC-155.dml,,,,,,,,,,,,,,,,,,,,,,,,,,,,,594,,,On,Connected,-69.000000,5220,68,,,,IWLAN
418,1,,,-121.9314830,47.5244923,2026-01-23 19:02:23.000,_20260123_105610_CH02_TMO_5GNR_WFC_MT-DUT-2_TC-155.dml,,,,,,,,,,,,,,,,,,,,,,,,,,,,,594,,,On,Connected,-69.000000,5220,68,,,,IWLAN
419,1,,,-121.9314830,47.5244923,2026-01-23 19:02:24.000,_20260123_105610_CH02_TMO_5GNR_WFC_MT-DUT-2_TC-155.dml,,,,,,,,,,,,,,,,,,,,,,,,,,,,,594,,,On,Connected,-69.000000,5220,68,,,,IWLAN
420,1,,,-121.9314830,47.5244923,2026-01-23 19:02:25.000,_20260123_105610_CH02_TMO_5GNR_WFC_MT-DUT-2_TC-155.dml,,,,,,,,,,,,,,,,,,,,,,,,,,,,,594,,,On,Connected,-69.000000,5220,68,,,,IWLAN
421,1,,,-121.9314830,47.5244923,2026-01-23 19:02:26.000,_20260123_105610_CH02_TMO_5GNR_WFC_MT-DUT-2_TC-155.dml,,,,,,,,,,,,,,,,,,,,,,,,,,,,,594,,,On,Connected,-69.000000,5220,68,,,,IWLAN
422,1,,,-121.9314830,47.5244923,2026-01-23 19:02:27.000,_20260123_105610_CH02_TMO_5GNR_WFC_MT-DUT-2_TC-155.dml,,,,,,,,,,,,,,,,,,,,,,,,,,,,,594,,,On,Connected,-69.000000,5220,68,,,,IWLAN
423,1,,,-121.9314830,47.5244923,2026-01-23 19:02:28.000,_20260123_105610_CH02_TMO_5GNR_WFC_MT-DUT-2_TC-155.dml,,,,,,,,,,,,,,,,,,,,,,,,,,,,,594,,,On,Connected,-69.000000,5220,68,,,,IWLAN
424,1,,,-121.9314830,47.5244923,2026-01-23 19:02:29.000,_20260123_105610_CH02_TMO_5GNR_WFC_MT-DUT-2_TC-155.dml,,,,,,,,,,,,,,,,,,,,,,,,,,,,,594,,,On,Connected,-69.000000,5220,68,,,,IWLAN
425,1,,,-121.9314830,47.5244923,2026-01-23 19:02:30.000,_20260123_105610_CH02_TMO_5GNR_WFC_MT-DUT-2_TC-155.dml,,,,,,,,,,,,,,,,,,,,,,,,,,,,,594,,,On,Connected,-69.000000,5220,68,,,,IWLAN
426,1,,,-121.9314830,47.5244923,2026-01-23 19:02:31.000,_20260123_105610_CH02_TMO_5GNR_WFC_MT-DUT-2_TC-155.dml,,,,,,,,,,,,,,,,,,,,,,,,,,,,,594,,,On,Connected,-69.000000,5220,68,,,,IWLAN
427,1,,,-121.9314830,47.5244923,2026-01-23 19:02:32.000,_20260123_105610_CH02_TMO_5GNR_WFC_MT-DUT-2_TC-155.dml,,,,,,,,,,,,,,,,,,,,,,,,,,,,,594,,,On,Connected,-69.000000,5220,68,,,,IWLAN
428,1,,,-121.9314830,47.5244923,2026-01-23 19:02:33.000,_20260123_105610_CH02_TMO_5GNR_WFC_MT-DUT-2_TC-155.dml,,,,,,,,,,,,,,,,,,,,,,,,,,,,,594,,,,Connected,,,,,,,IWLAN
429,1,,,-121.9314830,47.5244923,2026-01-23 19:02:34.000,_20260123_105610_CH02_TMO_5GNR_WFC_MT-DUT-2_TC-155.dml,,,,,,,,,,,,,,,,,,,,,,,,,,,,,594,,,On,Connected,-69.000000,5220,136,,,,IWLAN
430,1,,,-121.9314830,47.5244923,2026-01-23 19:02:35.000,_20260123_105610_CH02_TMO_5GNR_WFC_MT-DUT-2_TC-155.dml,,,,,,,,,,,,,,,,,,,,,,,,,,,,,594,,,,Connected,,,,,,,
431,1,,,-121.9314830,47.5244923,2026-01-23 19:02:36.000,_20260123_105610_CH02_TMO_5GNR_WFC_MT-DUT-2_TC-155.dml,,,,,,,,,,,,,,,,,,,,,,,,,,,,,594,,,On,Connected,-69.000000,5220,68,,,,IWLAN
432,1,,,-121.9314830,47.5244923,2026-01-23 19:02:37.000,_20260123_105610_CH02_TMO_5GNR_WFC_MT-DUT-2_TC-155.dml,,,,,,,,,,,,,,,,,,,,,,,,,,,,,594,,,On,Connected,-69.000000,5220,68,,,,IWLAN
433,1,,,-121.9314830,47.5244923,2026-01-23 19:02:38.000,_20260123_105610_CH02_TMO_5GNR_WFC_MT-DUT-2_TC-155.dml,,,,,,,,,,,,,,,,,,,,,,,,,,,,,594,,,On,Connected,-69.000000,5220,68,,,,IWLAN
434,1,,,-121.9314830,47.5244923,2026-01-23 19:02:39.000,_20260123_105610_CH02_TMO_5GNR_WFC_MT-DUT-2_TC-155.dml,,,,,,,,,,,,,,,,,,,,,,,,,,,,,594,,,On,Connected,-70.000000,5220,68,,,,IWLAN
435,1,,,-121.9314830,47.5244923,2026-01-23 19:02:39.332,_20260123_105610_CH02_TMO_5GNR_WFC_MT-DUT-2_TC-155.dml,,,,,,,,,,,,,,,,,,,,,,,[Tool] Voice - Release Call Request,,,,,,,,,,,,,,,,,
436,1,,,-121.9314830,47.5244923,2026-01-23 19:02:39.489,_20260123_105610_CH02_TMO_5GNR_WFC_MT-DUT-2_TC-155.dml,,,,,,,,,,,,,,,,,,,,,,,[Tool] Voice - Answer Request,,,,,,,,,,,,,,,,,
437,1,,,-121.9314830,47.5244923,2026-01-23 19:02:40.000,_20260123_105610_CH02_TMO_5GNR_WFC_MT-DUT-2_TC-155.dml,,,,,,,,,,,,,,,,,,,,,,,,,,,,,594,,,On,Connected,-70.000000,5220,68,,,,IWLAN
438,1,,,-121.9314830,47.5244923,2026-01-23 19:02:41.000,_20260123_105610_CH02_TMO_5GNR_WFC_MT-DUT-2_TC-155.dml,,,,,,,,,,,,,,,,,,,,,,,,,,,,,594,,,On,Connected,-70.000000,5220,68,,,,IWLAN
439,1,,,-121.9314830,47.5244923,2026-01-23 19:02:41.849,_20260123_105610_CH02_TMO_5GNR_WFC_MT-DUT-2_TC-155.dml,,,,,,,,,,,,,,,,,,,,,,,[Tool] Voice - Call Scheduling End,,,,,,,,,,,,,,,,,
440,1,,,-121.9314830,47.5244923,2026-01-23 19:02:41.849,_20260123_105610_CH02_TMO_5GNR_WFC_MT-DUT-2_TC-155.dml,NR SA,Voice,Complete,NR SA,NR SA,,,,,,,,,,,,Complete,Termination,Complete,,,,,,,,,90.000000,,,,,,,,,,EPSFB,,
441,1,,,-121.9314830,47.5244923,2026-01-23 19:02:41.849,_20260123_105610_CH02_TMO_5GNR_WFC_MT-DUT-2_TC-155.dml,,,,,,,,,,,,,,,,,,,,,,,[Tool] Voice - Release Call Request,,,,,,,,,,,,,,,,,
442,1,,,-121.9314830,47.5244923,2026-01-23 19:02:42.000,_20260123_105610_CH02_TMO_5GNR_WFC_MT-DUT-2_TC-155.dml,,,,,,,,,,,,,,,,,,,,,,,,,,,,,594,,,,Connected,,,,,,,IWLAN
443,1,,,-121.9314830,47.5244923,2026-01-23 19:02:42.349,_20260123_105610_CH02_TMO_5GNR_WFC_MT-DUT-2_TC-155.dml,,,,,,,,,,,,,,,,,,,,,,,[Tool] Voice - Call Scheduling Start(Term),,,,,,,,,,,,,,,,,
444,1,,,-121.9314830,47.5244923,2026-01-23 19:02:42.349,_20260123_105610_CH02_TMO_5GNR_WFC_MT-DUT-2_TC-155.dml,,,,,,,,,,,,,,,,,,,,,,,[Tool] Voice - Wait Page,,,,,,,,,,,,,,,,,
445,1,,,-121.9314830,47.5244923,2026-01-23 19:02:43.000,_20260123_105610_CH02_TMO_5GNR_WFC_MT-DUT-2_TC-155.dml,,,,,,,,,,,,,,,,,,,,,,,,,,,,,594,,,On,Connected,-69.000000,5220,136,,,,IWLAN
446,1,,,-121.9314830,47.5244923,2026-01-23 19:02:44.000,_20260123_105610_CH02_TMO_5GNR_WFC_MT-DUT-2_TC-155.dml,,,,,,,,,,,,,,,,,,,,,,,,,,,,,594,,,On,Connected,-69.000000,5220,136,,,,IWLAN
447,1,,,-121.9314830,47.5244923,2026-01-23 19:02:45.000,_20260123_105610_CH02_TMO_5GNR_WFC_MT-DUT-2_TC-155.dml,,,,,,,,,,,,,,,,,,,,,,,,,,,,,594,,,On,Connected,-70.000000,5220,68,,,,IWLAN
448,1,,,-121.9314830,47.5244923,2026-01-23 19:02:46.000,_20260123_105610_CH02_TMO_5GNR_WFC_MT-DUT-2_TC-155.dml,,,,,,,,,,,,,,,,,,,,,,,,,,,,,594,,,On,Connected,-70.000000,5220,68,,,,IWLAN
449,1,,,-121.9314830,47.5244923,2026-01-23 19:02:46.193,_20260123_105610_CH02_TMO_5GNR_WFC_MT-DUT-2_TC-155.dml,,,,,,,,,,,,,,,,,,,,,,,[Tool] Voice - Answer Request,,,,,,,,,,,,,,,,,
450,1,,,-121.9314830,47.5244923,2026-01-23 19:02:47.051,_20260123_105610_CH02_TMO_5GNR_WFC_MT-DUT-2_TC-155.dml,,,,,,,,,,,,,,,,,,,,,,,[UE]   Voice - Setup Success,,,,,,,,,,,,,,,,,
451,1,,,-121.9314830,47.5244923,2026-01-23 19:02:47.000,_20260123_105610_CH02_TMO_5GNR_WFC_MT-DUT-2_TC-155.dml,,,,,,,,,,NR SA,,,,,,,,,,,,,,,,,,,594,,,On,Connected,-70.000000,5220,68,,,,IWLAN
452,1,,,-121.9314830,47.5244923,2026-01-23 19:02:48.000,_20260123_105610_CH02_TMO_5GNR_WFC_MT-DUT-2_TC-155.dml,,,,,,,,,,NR SA,,,,,,,,,,,,,,,,,,,594,,,On,Connected,-69.000000,5220,68,,,,IWLAN
453,1,,,-121.9314830,47.5244923,2026-01-23 19:02:49.000,_20260123_105610_CH02_TMO_5GNR_WFC_MT-DUT-2_TC-155.dml,,,,,,,,,,NR SA,,,,,,,,,,,,,,,,,,,594,,,,Connected,,,,,,,IWLAN
454,1,,,-121.9314830,47.5244923,2026-01-23 19:02:50.000,_20260123_105610_CH02_TMO_5GNR_WFC_MT-DUT-2_TC-155.dml,,,,,,,,,,NR SA,,,,,,,,,,,,,,,,,,,594,,,On,Connected,-69.000000,5220,68,,,,IWLAN
455,1,,,-121.9314830,47.5244923,2026-01-23 19:02:51.000,_20260123_105610_CH02_TMO_5GNR_WFC_MT-DUT-2_TC-155.dml,,,,,,,,,,NR SA,,,,,,,,,,,,,,,,,,,594,,,,Connected,,,,,,,
456,1,,,-121.9314830,47.5244923,2026-01-23 19:02:52.000,_20260123_105610_CH02_TMO_5GNR_WFC_MT-DUT-2_TC-155.dml,,,,,,,,,,NR SA,,,,,,,,,,,,,,,,,,,594,,,On,Connected,-70.000000,5220,136,,,,IWLAN
457,1,,,-121.9314830,47.5244923,2026-01-23 19:02:53.000,_20260123_105610_CH02_TMO_5GNR_WFC_MT-DUT-2_TC-155.dml,,,,,,,,,,NR SA,,,,,,,,,,,,,,,,,,,594,,,On,Connected,-70.000000,5220,136,,,,IWLAN
458,1,,,-121.9314830,47.5244923,2026-01-23 19:02:54.000,_20260123_105610_CH02_TMO_5GNR_WFC_MT-DUT-2_TC-155.dml,,,,,,,,,,NR SA,,,,,,,,,,,,,,,,,,,594,,,On,Connected,-70.000000,5220,136,,,,IWLAN
459,1,,,-121.9314830,47.5244923,2026-01-23 19:02:55.000,_20260123_105610_CH02_TMO_5GNR_WFC_MT-DUT-2_TC-155.dml,,,,,,,,,,NR SA,,,,,,,,,,,,,,,,,,,594,,,On,Connected,-70.000000,5220,136,,,,IWLAN
460,1,,,-121.9314830,47.5244923,2026-01-23 19:02:56.000,_20260123_105610_CH02_TMO_5GNR_WFC_MT-DUT-2_TC-155.dml,,,,,,,,,,NR SA,,,,,,,,,,,,,,,,,,,594,,,On,Connected,-70.000000,5220,136,,,,IWLAN
461,1,,,-121.9314830,47.5244923,2026-01-23 19:02:57.000,_20260123_105610_CH02_TMO_5GNR_WFC_MT-DUT-2_TC-155.dml,,,,,,,,,,NR SA,,,,,,,,,,,,,,,,,,,594,,,On,Connected,-70.000000,5220,132,,,,IWLAN
462,1,,,-121.9314830,47.5244923,2026-01-23 19:02:58.000,_20260123_105610_CH02_TMO_5GNR_WFC_MT-DUT-2_TC-155.dml,,,,,,,,,,NR SA,,,,,,,,,,,,,,,,,,,594,,2.432370,,Connected,,,,,,,IWLAN
463,1,,,-121.9314830,47.5244923,2026-01-23 19:02:59.000,_20260123_105610_CH02_TMO_5GNR_WFC_MT-DUT-2_TC-155.dml,,,,,,,,,,NR SA,,,,,,,,,,,,,,,,,,,594,,2.432370,On,Connected,-70.000000,5220,132,,,,IWLAN
464,1,,,-121.9314830,47.5244923,2026-01-23 19:03:00.000,_20260123_105610_CH02_TMO_5GNR_WFC_MT-DUT-2_TC-155.dml,,,,,,,,,,NR SA,,,,,,,,,,,,,,,,,,,594,,2.432370,On,Connected,-70.000000,5220,92,,,,IWLAN
465,1,,,-121.9314830,47.5244923,2026-01-23 19:03:01.000,_20260123_105610_CH02_TMO_5GNR_WFC_MT-DUT-2_TC-155.dml,,,,,,,,,,NR SA,,,,,,,,,,,,,,,,,,,594,,2.432370,On,Connected,-70.000000,5220,92,,,,IWLAN
466,1,,,-121.9314830,47.5244923,2026-01-23 19:03:02.000,_20260123_105610_CH02_TMO_5GNR_WFC_MT-DUT-2_TC-155.dml,,,,,,,,,,NR SA,,,,,,,,,,,,,,,,,,,594,,2.432370,,Connected,,,,,,,IWLAN
467,1,,,-121.9314830,47.5244923,2026-01-23 19:03:03.000,_20260123_105610_CH02_TMO_5GNR_WFC_MT-DUT-2_TC-155.dml,,,,,,,,,,NR SA,,,,,,,,,,,,,,,,,,,594,,2.432370,On,Connected,-70.000000,5220,92,,,,
468,1,,,-121.9314830,47.5244923,2026-01-23 19:03:04.000,_20260123_105610_CH02_TMO_5GNR_WFC_MT-DUT-2_TC-155.dml,,,,,,,,,,NR SA,,,,,,,,,,,,,,,,,,,594,,2.432370,On,Connected,-69.000000,5220,184,,,,IWLAN
469,1,,,-121.9314830,47.5244923,2026-01-23 19:03:05.000,_20260123_105610_CH02_TMO_5GNR_WFC_MT-DUT-2_TC-155.dml,,,,,,,,,,NR SA,,,,,,,,,,,,,,,,,,,594,,2.432370,,Connected,,,,,,,
470,1,,,-121.9314830,47.5244923,2026-01-23 19:03:06.000,_20260123_105610_CH02_TMO_5GNR_WFC_MT-DUT-2_TC-155.dml,,,,,,,,,,NR SA,,,,,,,,,,,,,,,,,,,594,,2.432370,On,Connected,-69.000000,5220,184,,,,IWLAN
471,1,,,-121.9314830,47.5244923,2026-01-23 19:03:07.000,_20260123_105610_CH02_TMO_5GNR_WFC_MT-DUT-2_TC-155.dml,,,,,,,,,,NR SA,,,,,,,,,,,,,,,,,,,594,,2.432370,On,Connected,-70.000000,5220,132,,,,IWLAN
472,1,,,-121.9314830,47.5244923,2026-01-23 19:03:07.832,_20260123_105610_CH02_TMO_5GNR_WFC_MT-DUT-2_TC-155.dml,,,,,,,,,,,,,,,,,,,,,,,,,,,,,,-80.790795,,,,,,,,,,
473,1,,,-121.9314830,47.5244923,2026-01-23 19:03:08.000,_20260123_105610_CH02_TMO_5GNR_WFC_MT-DUT-2_TC-155.dml,,,,,,,,,,NR SA,,,,,,,,,,,,,,,,,,,594,,,On,Connected,-70.000000,5220,132,,,,IWLAN
474,1,,,-121.9314830,47.5244923,2026-01-23 19:03:09.000,_20260123_105610_CH02_TMO_5GNR_WFC_MT-DUT-2_TC-155.dml,,,,,,,,,,NR SA,,,,,,,,,,,,,,,,,,,594,,,,Connected,,,,,,,IWLAN
475,1,,,-121.9314830,47.5244923,2026-01-23 19:03:10.000,_20260123_105610_CH02_TMO_5GNR_WFC_MT-DUT-2_TC-155.dml,,,,,,,,,,NR SA,,,,,,,,,,,,,,,,,,,594,,,On,Connected,-70.000000,5220,92,,,,IWLAN
476,1,,,-121.9314830,47.5244923,2026-01-23 19:03:11.000,_20260123_105610_CH02_TMO_5GNR_WFC_MT-DUT-2_TC-155.dml,,,,,,,,,,NR SA,,,,,,,,,,,,,,,,,,,594,,,On,Connected,-70.000000,5220,92,,,,IWLAN
477,1,,,-121.9314830,47.5244923,2026-01-23 19:03:12.000,_20260123_105610_CH02_TMO_5GNR_WFC_MT-DUT-2_TC-155.dml,,,,,,,,,,NR SA,,,,,,,,,,,,,,,,,,,594,,,On,Connected,-70.000000,5220,92,,,,IWLAN
478,1,,,-121.9314830,47.5244923,2026-01-23 19:03:13.000,_20260123_105610_CH02_TMO_5GNR_WFC_MT-DUT-2_TC-155.dml,,,,,,,,,,NR SA,,,,,,,,,,,,,,,,,,,594,,,On,Connected,-70.000000,5220,130,,,,IWLAN
479,1,,,-121.9314830,47.5244923,2026-01-23 19:03:14.000,_20260123_105610_CH02_TMO_5GNR_WFC_MT-DUT-2_TC-155.dml,,,,,,,,,,NR SA,,,,,,,,,,,,,,,,,,,594,,,On,Connected,-70.000000,5220,130,,,,IWLAN
480,1,,,-121.9314830,47.5244923,2026-01-23 19:03:15.000,_20260123_105610_CH02_TMO_5GNR_WFC_MT-DUT-2_TC-155.dml,,,,,,,,,,NR SA,,,,,,,,,,,,,,,,,,,594,,,On,Connected,-70.000000,5220,130,,,,IWLAN
481,1,,,-121.9314830,47.5244923,2026-01-23 19:03:16.000,_20260123_105610_CH02_TMO_5GNR_WFC_MT-DUT-2_TC-155.dml,,,,,,,,,,NR SA,,,,,,,,,,,,,,,,,,,594,,,On,Connected,-69.000000,5220,68,,,,IWLAN
482,1,,,-121.9314830,47.5244923,2026-01-23 19:03:17.000,_20260123_105610_CH02_TMO_5GNR_WFC_MT-DUT-2_TC-155.dml,,,,,,,,,,NR SA,,,,,,,,,,,,,,,,,,,594,,,On,Connected,-69.000000,5220,68,,,,IWLAN
483,1,,,-121.9314830,47.5244923,2026-01-23 19:03:18.000,_20260123_105610_CH02_TMO_5GNR_WFC_MT-DUT-2_TC-155.dml,,,,,,,,,,NR SA,,,,,,,,,,,,,,,,,,,594,,1.722520,On,Connected,-69.000000,5220,68,,,,IWLAN
484,1,,,-121.9314830,47.5244923,2026-01-23 19:03:19.000,_20260123_105610_CH02_TMO_5GNR_WFC_MT-DUT-2_TC-155.dml,,,,,,,,,,NR SA,,,,,,,,,,,,,,,,,,,594,,1.722520,On,Connected,-69.000000,5220,60,,,,IWLAN
485,1,,,-121.9314830,47.5244923,2026-01-23 19:03:20.000,_20260123_105610_CH02_TMO_5GNR_WFC_MT-DUT-2_TC-155.dml,,,,,,,,,,NR SA,,,,,,,,,,,,,,,,,,,594,,1.722520,On,Connected,-69.000000,5220,60,,,,IWLAN
486,1,,,-121.9314830,47.5244923,2026-01-23 19:03:21.000,_20260123_105610_CH02_TMO_5GNR_WFC_MT-DUT-2_TC-155.dml,,,,,,,,,,NR SA,,,,,,,,,,,,,,,,,,,594,,1.722520,On,Connected,-69.000000,5220,60,,,,IWLAN
487,1,,,-121.9314830,47.5244923,2026-01-23 19:03:22.000,_20260123_105610_CH02_TMO_5GNR_WFC_MT-DUT-2_TC-155.dml,,,,,,,,,,NR SA,,,,,,,,,,,,,,,,,,,594,,1.722520,On,Connected,-69.000000,5220,88,,,,IWLAN
488,1,,,-121.9314830,47.5244923,2026-01-23 19:03:23.000,_20260123_105610_CH02_TMO_5GNR_WFC_MT-DUT-2_TC-155.dml,,,,,,,,,,NR SA,,,,,,,,,,,,,,,,,,,594,,1.722520,On,Connected,-69.000000,5220,88,,,,
489,1,,,-121.9314830,47.5244923,2026-01-23 19:03:24.000,_20260123_105610_CH02_TMO_5GNR_WFC_MT-DUT-2_TC-155.dml,,,,,,,,,,NR SA,,,,,,,,,,,,,,,,,,,594,,1.722520,On,Connected,-69.000000,5220,88,,,,IWLAN
490,1,,,-121.9314830,47.5244923,2026-01-23 19:03:25.000,_20260123_105610_CH02_TMO_5GNR_WFC_MT-DUT-2_TC-155.dml,,,,,,,,,,NR SA,,,,,,,,,,,,,,,,,,,594,,1.722520,On,Connected,-69.000000,5220,68,,,,IWLAN
491,1,,,-121.9314830,47.5244923,2026-01-23 19:03:26.000,_20260123_105610_CH02_TMO_5GNR_WFC_MT-DUT-2_TC-155.dml,,,,,,,,,,NR SA,,,,,,,,,,,,,,,,,,,594,,1.722520,On,Connected,-69.000000,5220,68,,,,IWLAN
492,1,,,-121.9314830,47.5244923,2026-01-23 19:03:27.000,_20260123_105610_CH02_TMO_5GNR_WFC_MT-DUT-2_TC-155.dml,,,,,,,,,,NR SA,,,,,,,,,,,,,,,,,,,594,,1.722520,On,Connected,-69.000000,5220,68,,,,IWLAN
493,1,,,-121.9314830,47.5244923,2026-01-23 19:03:27.833,_20260123_105610_CH02_TMO_5GNR_WFC_MT-DUT-2_TC-155.dml,,,,,,,,,,,,,,,,,,,,,,,,,,,,,,-82.996667,,,,,,,,,,
494,1,,,-121.9314830,47.5244923,2026-01-23 19:03:28.000,_20260123_105610_CH02_TMO_5GNR_WFC_MT-DUT-2_TC-155.dml,,,,,,,,,,NR SA,,,,,,,,,,,,,,,,,,,594,,,On,Connected,-69.000000,5220,136,,,,IWLAN
495,1,,,-121.9314830,47.5244923,2026-01-23 19:03:29.000,_20260123_105610_CH02_TMO_5GNR_WFC_MT-DUT-2_TC-155.dml,,,,,,,,,,NR SA,,,,,,,,,,,,,,,,,,,594,,,On,Connected,-69.000000,5220,136,,,,IWLAN
496,1,,,-121.9314830,47.5244923,2026-01-23 19:03:30.000,_20260123_105610_CH02_TMO_5GNR_WFC_MT-DUT-2_TC-155.dml,,,,,,,,,,NR SA,,,,,,,,,,,,,,,,,,,594,,,On,Connected,-69.000000,5220,136,,,,IWLAN
497,1,,,-121.9314830,47.5244923,2026-01-23 19:03:31.000,_20260123_105610_CH02_TMO_5GNR_WFC_MT-DUT-2_TC-155.dml,,,,,,,,,,NR SA,,,,,,,,,,,,,,,,,,,594,,,On,Connected,-69.000000,5220,68,,,,IWLAN
498,1,,,-121.9314830,47.5244923,2026-01-23 19:03:32.000,_20260123_105610_CH02_TMO_5GNR_WFC_MT-DUT-2_TC-155.dml,,,,,,,,,,NR SA,,,,,,,,,,,,,,,,,,,594,,,On,Connected,-69.000000,5220,68,,,,IWLAN
499,1,,,-121.9314830,47.5244923,2026-01-23 19:03:33.000,_20260123_105610_CH02_TMO_5GNR_WFC_MT-DUT-2_TC-155.dml,,,,,,,,,,NR SA,,,,,,,,,,,,,,,,,,,594,,,On,Connected,-69.000000,5220,68,,,,IWLAN
500,1,,,-121.9314830,47.5244923,2026-01-23 19:03:34.000,_20260123_105610_CH02_TMO_5GNR_WFC_MT-DUT-2_TC-155.dml,,,,,,,,,,NR SA,,,,,,,,,,,,,,,,,,,594,,,On,Connected,-69.000000,5220,68,,,,IWLAN
501,1,,,-121.9314830,47.5244923,2026-01-23 19:03:35.000,_20260123_105610_CH02_TMO_5GNR_WFC_MT-DUT-2_TC-155.dml,,,,,,,,,,NR SA,,,,,,,,,,,,,,,,,,,594,,,On,Connected,-69.000000,5220,68,,,,IWLAN
502,1,,,-121.9314830,47.5244923,2026-01-23 19:03:36.000,_20260123_105610_CH02_TMO_5GNR_WFC_MT-DUT-2_TC-155.dml,,,,,,,,,,NR SA,,,,,,,,,,,,,,,,,,,594,,,On,Connected,-69.000000,5220,68,,,,IWLAN
503,1,,,-121.9314830,47.5244923,2026-01-23 19:03:37.000,_20260123_105610_CH02_TMO_5GNR_WFC_MT-DUT-2_TC-155.dml,,,,,,,,,,NR SA,,,,,,,,,,,,,,,,,,,594,,,On,Connected,-69.000000,5220,68,,,,IWLAN
504,1,,,-121.9314830,47.5244923,2026-01-23 19:03:38.000,_20260123_105610_CH02_TMO_5GNR_WFC_MT-DUT-2_TC-155.dml,,,,,,,,,,NR SA,,,,,,,,,,,,,,,,,,,594,,2.103194,On,Connected,-69.000000,5220,68,,,,IWLAN
505,1,,,-121.9314830,47.5244923,2026-01-23 19:03:39.000,_20260123_105610_CH02_TMO_5GNR_WFC_MT-DUT-2_TC-155.dml,,,,,,,,,,NR SA,,,,,,,,,,,,,,,,,,,594,,2.103194,On,Connected,-69.000000,5220,68,,,,IWLAN
506,1,,,-121.9314830,47.5244923,2026-01-23 19:03:40.000,_20260123_105610_CH02_TMO_5GNR_WFC_MT-DUT-2_TC-155.dml,,,,,,,,,,NR SA,,,,,,,,,,,,,,,,,,,594,,2.103194,On,Connected,-69.000000,5220,68,,,,IWLAN
507,1,,,-121.9314830,47.5244923,2026-01-23 19:03:41.000,_20260123_105610_CH02_TMO_5GNR_WFC_MT-DUT-2_TC-155.dml,,,,,,,,,,NR SA,,,,,,,,,,,,,,,,,,,594,,2.103194,On,Connected,-69.000000,5220,68,,,,IWLAN
508,1,,,-121.9314830,47.5244923,2026-01-23 19:03:42.000,_20260123_105610_CH02_TMO_5GNR_WFC_MT-DUT-2_TC-155.dml,,,,,,,,,,NR SA,,,,,,,,,,,,,,,,,,,594,,2.103194,On,Connected,-69.000000,5220,68,,,,IWLAN
509,1,,,-121.9314830,47.5244923,2026-01-23 19:03:43.000,_20260123_105610_CH02_TMO_5GNR_WFC_MT-DUT-2_TC-155.dml,,,,,,,,,,NR SA,,,,,,,,,,,,,,,,,,,594,,2.103194,On,Connected,-69.000000,5220,68,,,,IWLAN
510,1,,,-121.9314830,47.5244923,2026-01-23 19:03:44.000,_20260123_105610_CH02_TMO_5GNR_WFC_MT-DUT-2_TC-155.dml,,,,,,,,,,NR SA,,,,,,,,,,,,,,,,,,,594,,2.103194,On,Connected,-69.000000,5220,68,,,,IWLAN
511,1,,,-121.9314830,47.5244923,2026-01-23 19:03:45.000,_20260123_105610_CH02_TMO_5GNR_WFC_MT-DUT-2_TC-155.dml,,,,,,,,,,NR SA,,,,,,,,,,,,,,,,,,,594,,2.103194,On,Connected,-69.000000,5220,68,,,,IWLAN
512,1,,,-121.9314830,47.5244923,2026-01-23 19:03:46.000,_20260123_105610_CH02_TMO_5GNR_WFC_MT-DUT-2_TC-155.dml,,,,,,,,,,NR SA,,,,,,,,,,,,,,,,,,,594,,2.103194,On,Connected,-69.000000,5220,68,,,,IWLAN
513,1,,,-121.9314830,47.5244923,2026-01-23 19:03:47.000,_20260123_105610_CH02_TMO_5GNR_WFC_MT-DUT-2_TC-155.dml,,,,,,,,,,NR SA,,,,,,,,,,,,,,,,,,,594,,,On,Connected,-69.000000,5220,68,,,,IWLAN
514,1,,,-121.9314830,47.5244923,2026-01-23 19:03:47.833,_20260123_105610_CH02_TMO_5GNR_WFC_MT-DUT-2_TC-155.dml,,,,,,,,,,,,,,,,,,,,,,,,,,,,,,-81.933571,,,,,,,,,,
515,1,,,-121.9314830,47.5244923,2026-01-23 19:03:48.000,_20260123_105610_CH02_TMO_5GNR_WFC_MT-DUT-2_TC-155.dml,,,,,,,,,,NR SA,,,,,,,,,,,,,,,,,,,594,,,On,Connected,-69.000000,5220,68,,,,IWLAN
516,1,,,-121.9314830,47.5244923,2026-01-23 19:03:49.000,_20260123_105610_CH02_TMO_5GNR_WFC_MT-DUT-2_TC-155.dml,,,,,,,,,,NR SA,,,,,,,,,,,,,,,,,,,594,,,On,Connected,-69.000000,5220,68,,,,IWLAN
517,1,,,-121.9314830,47.5244923,2026-01-23 19:03:50.000,_20260123_105610_CH02_TMO_5GNR_WFC_MT-DUT-2_TC-155.dml,,,,,,,,,,NR SA,,,,,,,,,,,,,,,,,,,594,,,On,Connected,-69.000000,5220,68,,,,IWLAN
518,1,,,-121.9314830,47.5244923,2026-01-23 19:03:51.000,_20260123_105610_CH02_TMO_5GNR_WFC_MT-DUT-2_TC-155.dml,,,,,,,,,,NR SA,,,,,,,,,,,,,,,,,,,594,,,On,Connected,-69.000000,5220,68,,,,IWLAN
519,1,,,-121.9314830,47.5244923,2026-01-23 19:03:52.000,_20260123_105610_CH02_TMO_5GNR_WFC_MT-DUT-2_TC-155.dml,,,,,,,,,,NR SA,,,,,,,,,,,,,,,,,,,594,,,On,Connected,-69.000000,5220,68,,,,IWLAN
520,1,,,-121.9314830,47.5244923,2026-01-23 19:03:53.000,_20260123_105610_CH02_TMO_5GNR_WFC_MT-DUT-2_TC-155.dml,,,,,,,,,,NR SA,,,,,,,,,,,,,,,,,,,594,,,On,Connected,-69.000000,5220,68,,,,IWLAN
521,1,,,-121.9314830,47.5244923,2026-01-23 19:03:54.000,_20260123_105610_CH02_TMO_5GNR_WFC_MT-DUT-2_TC-155.dml,,,,,,,,,,NR SA,,,,,,,,,,,,,,,,,,,594,,,On,Connected,-69.000000,5220,68,,,,IWLAN
522,1,,,-121.9314830,47.5244923,2026-01-23 19:03:55.000,_20260123_105610_CH02_TMO_5GNR_WFC_MT-DUT-2_TC-155.dml,,,,,,,,,,NR SA,,,,,,,,,,,,,,,,,,,594,,,On,Connected,-69.000000,5220,68,,,,IWLAN
523,1,,,-121.9314830,47.5244923,2026-01-23 19:03:56.000,_20260123_105610_CH02_TMO_5GNR_WFC_MT-DUT-2_TC-155.dml,,,,,,,,,,NR SA,,,,,,,,,,,,,,,,,,,594,,,On,Connected,-69.000000,5220,68,,,,IWLAN
524,1,,,-121.9314830,47.5244923,2026-01-23 19:03:57.000,_20260123_105610_CH02_TMO_5GNR_WFC_MT-DUT-2_TC-155.dml,,,,,,,,,,NR SA,,,,,,,,,,,,,,,,,,,594,,2.112027,On,Connected,-69.000000,5220,68,,,,IWLAN
525,1,,,-121.9314830,47.5244923,2026-01-23 19:03:58.000,_20260123_105610_CH02_TMO_5GNR_WFC_MT-DUT-2_TC-155.dml,,,,,,,,,,NR SA,,,,,,,,,,,,,,,,,,,594,,2.112027,On,Connected,-69.000000,5220,68,,,,IWLAN
526,1,,,-121.9314830,47.5244923,2026-01-23 19:03:59.000,_20260123_105610_CH02_TMO_5GNR_WFC_MT-DUT-2_TC-155.dml,,,,,,,,,,NR SA,,,,,,,,,,,,,,,,,,,594,,2.112027,On,Connected,-69.000000,5220,68,,,,IWLAN
527,1,,,-121.9314830,47.5244923,2026-01-23 19:04:00.000,_20260123_105610_CH02_TMO_5GNR_WFC_MT-DUT-2_TC-155.dml,,,,,,,,,,NR SA,,,,,,,,,,,,,,,,,,,594,,2.112027,On,Connected,-69.000000,5220,68,,,,IWLAN
528,1,,,-121.9314830,47.5244923,2026-01-23 19:04:01.000,_20260123_105610_CH02_TMO_5GNR_WFC_MT-DUT-2_TC-155.dml,,,,,,,,,,NR SA,,,,,,,,,,,,,,,,,,,594,,2.112027,On,Connected,-69.000000,5220,68,,,,IWLAN
529,1,,,-121.9314830,47.5244923,2026-01-23 19:04:02.000,_20260123_105610_CH02_TMO_5GNR_WFC_MT-DUT-2_TC-155.dml,,,,,,,,,,NR SA,,,,,,,,,,,,,,,,,,,594,,2.112027,On,Connected,-69.000000,5220,68,,,,IWLAN
530,1,,,-121.9314830,47.5244923,2026-01-23 19:04:03.000,_20260123_105610_CH02_TMO_5GNR_WFC_MT-DUT-2_TC-155.dml,,,,,,,,,,NR SA,,,,,,,,,,,,,,,,,,,594,,2.112027,On,Connected,-69.000000,5220,68,,,,IWLAN
531,1,,,-121.9314830,47.5244923,2026-01-23 19:04:04.000,_20260123_105610_CH02_TMO_5GNR_WFC_MT-DUT-2_TC-155.dml,,,,,,,,,,NR SA,,,,,,,,,,,,,,,,,,,594,,2.112027,On,Connected,-69.000000,5220,68,,,,IWLAN
532,1,,,-121.9314830,47.5244923,2026-01-23 19:04:05.000,_20260123_105610_CH02_TMO_5GNR_WFC_MT-DUT-2_TC-155.dml,,,,,,,,,,NR SA,,,,,,,,,,,,,,,,,,,594,,2.112027,On,Connected,-69.000000,5220,68,,,,IWLAN
533,1,,,-121.9314830,47.5244923,2026-01-23 19:04:06.000,_20260123_105610_CH02_TMO_5GNR_WFC_MT-DUT-2_TC-155.dml,,,,,,,,,,NR SA,,,,,,,,,,,,,,,,,,,594,,2.112027,On,Connected,-69.000000,5220,68,,,,IWLAN
534,1,,,-121.9314830,47.5244923,2026-01-23 19:04:07.000,_20260123_105610_CH02_TMO_5GNR_WFC_MT-DUT-2_TC-155.dml,,,,,,,,,,NR SA,,,,,,,,,,,,,,,,,,,594,,,On,Connected,-69.000000,5220,68,,,,IWLAN
535,1,,,-121.9314830,47.5244923,2026-01-23 19:04:07.817,_20260123_105610_CH02_TMO_5GNR_WFC_MT-DUT-2_TC-155.dml,,,,,,,,,,,,,,,,,,,,,,,,,,,,,,-81.163372,,,,,,,,,,
536,1,,,-121.9314830,47.5244923,2026-01-23 19:04:08.000,_20260123_105610_CH02_TMO_5GNR_WFC_MT-DUT-2_TC-155.dml,,,,,,,,,,NR SA,,,,,,,,,,,,,,,,,,,594,,,On,Connected,-69.000000,5220,68,,,,IWLAN
537,1,,,-121.9314830,47.5244923,2026-01-23 19:04:09.000,_20260123_105610_CH02_TMO_5GNR_WFC_MT-DUT-2_TC-155.dml,,,,,,,,,,NR SA,,,,,,,,,,,,,,,,,,,594,,,On,Connected,-69.000000,5220,68,,,,IWLAN
538,1,,,-121.9314830,47.5244923,2026-01-23 19:04:10.000,_20260123_105610_CH02_TMO_5GNR_WFC_MT-DUT-2_TC-155.dml,,,,,,,,,,NR SA,,,,,,,,,,,,,,,,,,,594,,,On,Connected,-69.000000,5220,68,,,,IWLAN
539,1,,,-121.9314830,47.5244923,2026-01-23 19:04:11.000,_20260123_105610_CH02_TMO_5GNR_WFC_MT-DUT-2_TC-155.dml,,,,,,,,,,NR SA,,,,,,,,,,,,,,,,,,,594,,,On,Connected,-69.000000,5220,68,,,,IWLAN
540,1,,,-121.9314830,47.5244923,2026-01-23 19:04:12.000,_20260123_105610_CH02_TMO_5GNR_WFC_MT-DUT-2_TC-155.dml,,,,,,,,,,NR SA,,,,,,,,,,,,,,,,,,,594,,,On,Connected,-69.000000,5220,68,,,,IWLAN
541,1,,,-121.9314830,47.5244923,2026-01-23 19:04:13.000,_20260123_105610_CH02_TMO_5GNR_WFC_MT-DUT-2_TC-155.dml,,,,,,,,,,NR SA,,,,,,,,,,,,,,,,,,,594,,,On,Connected,-69.000000,5220,68,,,,IWLAN
542,1,,,-121.9314830,47.5244923,2026-01-23 19:04:14.000,_20260123_105610_CH02_TMO_5GNR_WFC_MT-DUT-2_TC-155.dml,,,,,,,,,,NR SA,,,,,,,,,,,,,,,,,,,594,,,,Connected,,,,,,,IWLAN
543,1,,,-121.9314830,47.5244923,2026-01-23 19:04:15.000,_20260123_105610_CH02_TMO_5GNR_WFC_MT-DUT-2_TC-155.dml,,,,,,,,,,NR SA,,,,,,,,,,,,,,,,,,,594,,,On,Connected,-69.000000,5220,68,,,,IWLAN
544,1,,,-121.9314830,47.5244923,2026-01-23 19:04:16.000,_20260123_105610_CH02_TMO_5GNR_WFC_MT-DUT-2_TC-155.dml,,,,,,,,,,NR SA,,,,,,,,,,,,,,,,,,,594,,,On,Connected,-69.000000,5220,68,,,,IWLAN
545,1,,,-121.9314830,47.5244923,2026-01-23 19:04:17.000,_20260123_105610_CH02_TMO_5GNR_WFC_MT-DUT-2_TC-155.dml,,,,,,,,,,NR SA,,,,,,,,,,,,,,,,,,,594,,,On,Connected,-69.000000,5220,68,,,,IWLAN
546,1,,,-121.9314830,47.5244923,2026-01-23 19:04:17.442,_20260123_105610_CH02_TMO_5GNR_WFC_MT-DUT-2_TC-155.dml,,,,,,,,,,,,,,,,,,,,,,,[Tool] Voice - Pair Channel Call Drop,,,,,,,,,,,,,,,,,
547,1,,,-121.9314830,47.5244923,2026-01-23 19:04:17.442,_20260123_105610_CH02_TMO_5GNR_WFC_MT-DUT-2_TC-155.dml,,,,,,,,,,,,,,,,,,,,,,,[Tool] Voice - Release Call Request,,,,,,,,,,,,,,,,,
548,1,,,-121.9314830,47.5244923,2026-01-23 19:04:17.942,_20260123_105610_CH02_TMO_5GNR_WFC_MT-DUT-2_TC-155.dml,,,,,,,,,,,,,,,,,,,,,,BQ,[Tool] Voice - Call Result : BQ,,,,,,,,,,,,,,,,,
549,1,,,-121.9314830,47.5244923,2026-01-23 19:04:17.942,_20260123_105610_CH02_TMO_5GNR_WFC_MT-DUT-2_TC-155.dml,,,,,,,,,,,,,,,,,,,,,,,[UE]   Voice - Release Call Success,,,,,,,,,,,,,,,,,
550,1,,,-121.9314830,47.5244923,2026-01-23 19:04:18.000,_20260123_105610_CH02_TMO_5GNR_WFC_MT-DUT-2_TC-155.dml,,,,,,,,,,,,,,,,,,,,,,,,,,,,,594,,,On,Connected,-69.000000,5220,68,,,,IWLAN
551,1,,,-121.9314830,47.5244923,2026-01-23 19:04:19.000,_20260123_105610_CH02_TMO_5GNR_WFC_MT-DUT-2_TC-155.dml,,,,,,,,,,,,,,,,,,,,,,,,,,,,,594,,,On,Connected,-69.000000,5220,68,,,,IWLAN
552,1,,,-121.9314830,47.5244923,2026-01-23 19:04:19.614,_20260123_105610_CH02_TMO_5GNR_WFC_MT-DUT-2_TC-155.dml,,,,,,,,,,,,,,,,,,,,,,,[UE]   Voice - Release Call Success,,,,,,,,,,,,,,,,,
553,1,,,-121.9314830,47.5244923,2026-01-23 19:04:20.000,_20260123_105610_CH02_TMO_5GNR_WFC_MT-DUT-2_TC-155.dml,,,,,,,,,,,,,,,,,,,,,,,,,,,,,594,,,On,Connected,-69.000000,5220,68,,,,IWLAN
554,1,,,-121.9314830,47.5244923,2026-01-23 19:04:21.000,_20260123_105610_CH02_TMO_5GNR_WFC_MT-DUT-2_TC-155.dml,,,,,,,,,,,,,,,,,,,,,,,,,,,,,594,,,On,Connected,-69.000000,5220,68,,,,IWLAN
555,1,,,-121.9314830,47.5244923,2026-01-23 19:04:22.000,_20260123_105610_CH02_TMO_5GNR_WFC_MT-DUT-2_TC-155.dml,,,,,,,,,,,,,,,,,,,,,,,,,,,,,594,,,On,Connected,-69.000000,5220,68,,,,IWLAN
556,1,,,-121.9314830,47.5244923,2026-01-23 19:04:23.000,_20260123_105610_CH02_TMO_5GNR_WFC_MT-DUT-2_TC-155.dml,,,,,,,,,,,,,,,,,,,,,,,,,,,,,594,,,On,Connected,-69.000000,5220,68,,,,IWLAN
557,1,,,-121.9314830,47.5244923,2026-01-23 19:04:24.000,_20260123_105610_CH02_TMO_5GNR_WFC_MT-DUT-2_TC-155.dml,,,,,,,,,,,,,,,,,,,,,,,,,,,,,594,,,On,Connected,-69.000000,5220,68,,,,IWLAN
558,1,,,-121.9314830,47.5244923,2026-01-23 19:04:25.000,_20260123_105610_CH02_TMO_5GNR_WFC_MT-DUT-2_TC-155.dml,,,,,,,,,,,,,,,,,,,,,,,,,,,,,594,,,On,Connected,-69.000000,5220,68,,,,IWLAN
559,1,,,-121.9314830,47.5244923,2026-01-23 19:04:26.000,_20260123_105610_CH02_TMO_5GNR_WFC_MT-DUT-2_TC-155.dml,,,,,,,,,,,,,,,,,,,,,,,,,,,,,594,,,On,Connected,-69.000000,5220,136,,,,IWLAN
560,1,,,-121.9314830,47.5244923,2026-01-23 19:04:27.000,_20260123_105610_CH02_TMO_5GNR_WFC_MT-DUT-2_TC-155.dml,,,,,,,,,,,,,,,,,,,,,,,,,,,,,594,,,On,Connected,-69.000000,5220,136,,,,IWLAN
561,1,,,-121.9314830,47.5244923,2026-01-23 19:04:28.000,_20260123_105610_CH02_TMO_5GNR_WFC_MT-DUT-2_TC-155.dml,,,,,,,,,,,,,,,,,,,,,,,,,,,,,594,,,On,Connected,-69.000000,5220,136,,,,IWLAN
562,1,,,-121.9314830,47.5244923,2026-01-23 19:04:29.000,_20260123_105610_CH02_TMO_5GNR_WFC_MT-DUT-2_TC-155.dml,,,,,,,,,,,,,,,,,,,,,,,,,,,,,594,,,On,Connected,-69.000000,5220,102,,,,IWLAN
563,1,,,-121.9314830,47.5244923,2026-01-23 19:04:30.000,_20260123_105610_CH02_TMO_5GNR_WFC_MT-DUT-2_TC-155.dml,,,,,,,,,,,,,,,,,,,,,,,,,,,,,594,,,On,Connected,-69.000000,5220,102,,,,IWLAN
564,1,,,-121.9314830,47.5244923,2026-01-23 19:04:31.000,_20260123_105610_CH02_TMO_5GNR_WFC_MT-DUT-2_TC-155.dml,,,,,,,,,,,,,,,,,,,,,,,,,,,,,594,,,On,Connected,-69.000000,5220,102,,,,IWLAN
565,1,,,-121.9314830,47.5244923,2026-01-23 19:04:32.000,_20260123_105610_CH02_TMO_5GNR_WFC_MT-DUT-2_TC-155.dml,,,,,,,,,,,,,,,,,,,,,,,,,,,,,594,,,On,Connected,-68.000000,5220,102,,,,IWLAN
566,1,,,-121.9314830,47.5244923,2026-01-23 19:04:33.000,_20260123_105610_CH02_TMO_5GNR_WFC_MT-DUT-2_TC-155.dml,,,,,,,,,,,,,,,,,,,,,,,,,,,,,594,,,On,Connected,-68.000000,5220,102,,,,IWLAN
567,1,,,-121.9314830,47.5244923,2026-01-23 19:04:34.000,_20260123_105610_CH02_TMO_5GNR_WFC_MT-DUT-2_TC-155.dml,,,,,,,,,,,,,,,,,,,,,,,,,,,,,594,,,On,Connected,-68.000000,5220,102,,,,IWLAN
568,1,,,-121.9314830,47.5244923,2026-01-23 19:04:35.000,_20260123_105610_CH02_TMO_5GNR_WFC_MT-DUT-2_TC-155.dml,,,,,,,,,,,,,,,,,,,,,,,,,,,,,594,,,On,Connected,-69.000000,5220,68,,,,IWLAN
569,1,,,-121.9314830,47.5244923,2026-01-23 19:04:36.000,_20260123_105610_CH02_TMO_5GNR_WFC_MT-DUT-2_TC-155.dml,,,,,,,,,,,,,,,,,,,,,,,,,,,,,594,,,On,Connected,-69.000000,5220,68,,,,IWLAN
570,1,,,-121.9314830,47.5244923,2026-01-23 19:04:37.000,_20260123_105610_CH02_TMO_5GNR_WFC_MT-DUT-2_TC-155.dml,,,,,,,,,,,,,,,,,,,,,,,,,,,,,594,,,On,Connected,-69.000000,5220,68,,,,IWLAN
571,1,,,-121.9314830,47.5244923,2026-01-23 19:04:38.000,_20260123_105610_CH02_TMO_5GNR_WFC_MT-DUT-2_TC-155.dml,,,,,,,,,,,,,,,,,,,,,,,,,,,,,594,,,On,Connected,-68.000000,5220,68,,,,IWLAN
572,1,,,-121.9314830,47.5244923,2026-01-23 19:04:39.000,_20260123_105610_CH02_TMO_5GNR_WFC_MT-DUT-2_TC-155.dml,,,,,,,,,,,,,,,,,,,,,,,,,,,,,594,,,On,Connected,-68.000000,5220,68,,,,IWLAN
573,1,,,-121.9314830,47.5244923,2026-01-23 19:04:40.000,_20260123_105610_CH02_TMO_5GNR_WFC_MT-DUT-2_TC-155.dml,,,,,,,,,,,,,,,,,,,,,,,,,,,,,594,,,On,Connected,-68.000000,5220,68,,,,IWLAN
574,1,,,-121.9314830,47.5244923,2026-01-23 19:04:41.000,_20260123_105610_CH02_TMO_5GNR_WFC_MT-DUT-2_TC-155.dml,,,,,,,,,,,,,,,,,,,,,,,,,,,,,594,,,On,Connected,-69.000000,5220,68,,,,IWLAN
575,1,,,-121.9314830,47.5244923,2026-01-23 19:04:42.000,_20260123_105610_CH02_TMO_5GNR_WFC_MT-DUT-2_TC-155.dml,,,,,,,,,,,,,,,,,,,,,,,,,,,,,594,,,On,Connected,-69.000000,5220,68,,,,IWLAN
576,1,,,-121.9314830,47.5244923,2026-01-23 19:04:43.000,_20260123_105610_CH02_TMO_5GNR_WFC_MT-DUT-2_TC-155.dml,,,,,,,,,,,,,,,,,,,,,,,,,,,,,594,,,On,Connected,-69.000000,5220,68,,,,IWLAN
577,1,,,-121.9314830,47.5244923,2026-01-23 19:04:44.000,_20260123_105610_CH02_TMO_5GNR_WFC_MT-DUT-2_TC-155.dml,,,,,,,,,,,,,,,,,,,,,,,,,,,,,594,,,On,Connected,-69.000000,5220,68,,,,IWLAN
578,1,,,-121.9314830,47.5244923,2026-01-23 19:04:45.000,_20260123_105610_CH02_TMO_5GNR_WFC_MT-DUT-2_TC-155.dml,,,,,,,,,,,,,,,,,,,,,,,,,,,,,594,,,On,Connected,-69.000000,5220,68,,,,IWLAN
579,1,,,-121.9314830,47.5244923,2026-01-23 19:04:45.755,_20260123_105610_CH02_TMO_5GNR_WFC_MT-DUT-2_TC-155.dml,,,,,,,,,,,,,,,,,,,,,,,[Tool] Voice - Release Call Request,,,,,,,,,,,,,,,,,
580,1,,,-121.9314830,47.5244923,2026-01-23 19:04:45.910,_20260123_105610_CH02_TMO_5GNR_WFC_MT-DUT-2_TC-155.dml,,,,,,,,,,,,,,,,,,,,,,,[Tool] Voice - Answer Request,,,,,,,,,,,,,,,,,
581,1,,,-121.9314830,47.5244923,2026-01-23 19:04:46.000,_20260123_105610_CH02_TMO_5GNR_WFC_MT-DUT-2_TC-155.dml,,,,,,,,,,,,,,,,,,,,,,,,,,,,,594,,,On,Connected,-69.000000,5220,68,,,,IWLAN
582,1,,,-121.9314830,47.5244923,2026-01-23 19:04:47.000,_20260123_105610_CH02_TMO_5GNR_WFC_MT-DUT-2_TC-155.dml,,,,,,,,,,,,,,,,,,,,,,,,,,,,,594,,,On,Connected,-69.000000,5220,68,,,,IWLAN
583,1,,,-121.9314830,47.5244923,2026-01-23 19:04:48.000,_20260123_105610_CH02_TMO_5GNR_WFC_MT-DUT-2_TC-155.dml,,,,,,,,,,,,,,,,,,,,,,,,,,,,,594,,,On,Connected,-69.000000,5220,68,,,,IWLAN
584,1,,,-121.9314830,47.5244923,2026-01-23 19:04:48.301,_20260123_105610_CH02_TMO_5GNR_WFC_MT-DUT-2_TC-155.dml,,,,,,,,,,,,,,,,,,,,,,,[Tool] Voice - Call Scheduling End,,,,,,,,,,,,,,,,,
585,1,,,-121.9314830,47.5244923,2026-01-23 19:04:48.301,_20260123_105610_CH02_TMO_5GNR_WFC_MT-DUT-2_TC-155.dml,NR SA,Voice,BQ,NR SA,NR SA,,,,,,,,,,,,BQ,Termination,BQ,,,,,,,,,90.391000,,,,,,,,,,EPSFB,,
586,1,,,-121.9314830,47.5244923,2026-01-23 19:04:48.301,_20260123_105610_CH02_TMO_5GNR_WFC_MT-DUT-2_TC-155.dml,,,,,,,,,,,,,,,,,,,,,,,[Tool] Voice - Release Call Request,,,,,,,,,,,,,,,,,
587,1,,,-121.9314830,47.5244923,2026-01-23 19:04:48.801,_20260123_105610_CH02_TMO_5GNR_WFC_MT-DUT-2_TC-155.dml,,,,,,,,,,,,,,,,,,,,,,,[Tool] Voice - Call Scheduling Start(Term),,,,,,,,,,,,,,,,,
588,1,,,-121.9314830,47.5244923,2026-01-23 19:04:48.801,_20260123_105610_CH02_TMO_5GNR_WFC_MT-DUT-2_TC-155.dml,,,,,,,,,,,,,,,,,,,,,,,[Tool] Voice - Wait Page,,,,,,,,,,,,,,,,,
589,1,,,-121.9314830,47.5244923,2026-01-23 19:04:49.000,_20260123_105610_CH02_TMO_5GNR_WFC_MT-DUT-2_TC-155.dml,,,,,,,,,,,,,,,,,,,,,,,,,,,,,594,,,On,Connected,-69.000000,5220,68,,,,IWLAN
590,1,,,-121.9314830,47.5244923,2026-01-23 19:04:50.000,_20260123_105610_CH02_TMO_5GNR_WFC_MT-DUT-2_TC-155.dml,,,,,,,,,,,,,,,,,,,,,,,,,,,,,594,,,On,Connected,-69.000000,5220,68,,,,IWLAN
591,1,,,-121.9314830,47.5244923,2026-01-23 19:04:51.000,_20260123_105610_CH02_TMO_5GNR_WFC_MT-DUT-2_TC-155.dml,,,,,,,,,,,,,,,,,,,,,,,,,,,,,594,,,On,Connected,-69.000000,5220,68,,,,IWLAN
592,1,,,-121.9314830,47.5244923,2026-01-23 19:04:52.176,_20260123_105610_CH02_TMO_5GNR_WFC_MT-DUT-2_TC-155.dml,,,,,,,,,,,,,,,,,,,,,,,[Tool] Voice - Answer Request,,,,,,,,,,,,,,,,,
593,1,,,-121.9314830,47.5244923,2026-01-23 19:04:52.000,_20260123_105610_CH02_TMO_5GNR_WFC_MT-DUT-2_TC-155.dml,,,,,,,,,,,,,,,,,,,,,,,,,,,,,594,,,On,Connected,-69.000000,5220,68,,,,IWLAN
594,1,,,-121.9314830,47.5244923,2026-01-23 19:04:53.176,_20260123_105610_CH02_TMO_5GNR_WFC_MT-DUT-2_TC-155.dml,,,,,,,,,,,,,,,,,,,,,,,[Tool] Voice - Answer Request,,,,,,,,,,,,,,,,,
595,1,,,-121.9314830,47.5244923,2026-01-23 19:04:53.208,_20260123_105610_CH02_TMO_5GNR_WFC_MT-DUT-2_TC-155.dml,,,,,,,,,,,,,,,,,,,,,,,[UE]   Voice - Setup Success,,,,,,,,,,,,,,,,,
596,1,,,-121.9314830,47.5244923,2026-01-23 19:04:53.000,_20260123_105610_CH02_TMO_5GNR_WFC_MT-DUT-2_TC-155.dml,,,,,,,,,,NR SA,,,,,,,,,,,,,,,,,,,594,,,On,Connected,-69.000000,5220,68,,,,IWLAN
597,1,,,-121.9314830,47.5244923,2026-01-23 19:04:54.000,_20260123_105610_CH02_TMO_5GNR_WFC_MT-DUT-2_TC-155.dml,,,,,,,,,,NR SA,,,,,,,,,,,,,,,,,,,594,,,On,Connected,-69.000000,5220,68,,,,IWLAN
598,1,,,-121.9314830,47.5244923,2026-01-23 19:04:55.000,_20260123_105610_CH02_TMO_5GNR_WFC_MT-DUT-2_TC-155.dml,,,,,,,,,,NR SA,,,,,,,,,,,,,,,,,,,594,,,On,Connected,-69.000000,5220,68,,,,IWLAN
599,1,,,-121.9314830,47.5244923,2026-01-23 19:04:56.000,_20260123_105610_CH02_TMO_5GNR_WFC_MT-DUT-2_TC-155.dml,,,,,,,,,,NR SA,,,,,,,,,,,,,,,,,,,594,,,On,Connected,-69.000000,5220,68,,,,IWLAN
600,1,,,-121.9314830,47.5244923,2026-01-23 19:04:57.000,_20260123_105610_CH02_TMO_5GNR_WFC_MT-DUT-2_TC-155.dml,,,,,,,,,,NR SA,,,,,,,,,,,,,,,,,,,594,,,On,Connected,-69.000000,5220,68,,,,IWLAN
601,1,,,-121.9314830,47.5244923,2026-01-23 19:04:58.000,_20260123_105610_CH02_TMO_5GNR_WFC_MT-DUT-2_TC-155.dml,,,,,,,,,,NR SA,,,,,,,,,,,,,,,,,,,594,,,On,Connected,-69.000000,5220,68,,,,IWLAN
602,1,,,-121.9314830,47.5244923,2026-01-23 19:04:59.000,_20260123_105610_CH02_TMO_5GNR_WFC_MT-DUT-2_TC-155.dml,,,,,,,,,,NR SA,,,,,,,,,,,,,,,,,,,594,,,On,Connected,-69.000000,5220,68,,,,IWLAN
603,1,,,-121.9314830,47.5244923,2026-01-23 19:05:00.000,_20260123_105610_CH02_TMO_5GNR_WFC_MT-DUT-2_TC-155.dml,,,,,,,,,,NR SA,,,,,,,,,,,,,,,,,,,594,,,On,Connected,-69.000000,5220,68,,,,IWLAN
604,1,,,-121.9314830,47.5244923,2026-01-23 19:05:01.000,_20260123_105610_CH02_TMO_5GNR_WFC_MT-DUT-2_TC-155.dml,,,,,,,,,,NR SA,,,,,,,,,,,,,,,,,,,594,,,On,Connected,-69.000000,5220,68,,,,IWLAN
605,1,,,-121.9314830,47.5244923,2026-01-23 19:05:02.000,_20260123_105610_CH02_TMO_5GNR_WFC_MT-DUT-2_TC-155.dml,,,,,,,,,,NR SA,,,,,,,,,,,,,,,,,,,594,,,On,Connected,-69.000000,5220,68,,,,IWLAN
606,1,,,-121.9314830,47.5244923,2026-01-23 19:05:03.000,_20260123_105610_CH02_TMO_5GNR_WFC_MT-DUT-2_TC-155.dml,,,,,,,,,,NR SA,,,,,,,,,,,,,,,,,,,594,,2.070418,On,Connected,-69.000000,5220,68,,,,IWLAN
607,1,,,-121.9314830,47.5244923,2026-01-23 19:05:04.000,_20260123_105610_CH02_TMO_5GNR_WFC_MT-DUT-2_TC-155.dml,,,,,,,,,,NR SA,,,,,,,,,,,,,,,,,,,594,,2.070418,On,Connected,-69.000000,5220,68,,,,IWLAN
608,1,,,-121.9314830,47.5244923,2026-01-23 19:05:05.000,_20260123_105610_CH02_TMO_5GNR_WFC_MT-DUT-2_TC-155.dml,,,,,,,,,,NR SA,,,,,,,,,,,,,,,,,,,594,,2.070418,On,Connected,-69.000000,5220,68,,,,IWLAN
609,1,,,-121.9314830,47.5244923,2026-01-23 19:05:06.000,_20260123_105610_CH02_TMO_5GNR_WFC_MT-DUT-2_TC-155.dml,,,,,,,,,,NR SA,,,,,,,,,,,,,,,,,,,594,,2.070418,On,Connected,-69.000000,5220,68,,,,IWLAN
610,1,,,-121.9314830,47.5244923,2026-01-23 19:05:07.000,_20260123_105610_CH02_TMO_5GNR_WFC_MT-DUT-2_TC-155.dml,,,,,,,,,,NR SA,,,,,,,,,,,,,,,,,,,594,,2.070418,On,Connected,-69.000000,5220,68,,,,IWLAN
611,1,,,-121.9314830,47.5244923,2026-01-23 19:05:08.000,_20260123_105610_CH02_TMO_5GNR_WFC_MT-DUT-2_TC-155.dml,,,,,,,,,,NR SA,,,,,,,,,,,,,,,,,,,594,,2.070418,On,Connected,-69.000000,5220,68,,,,IWLAN
612,1,,,-121.9314830,47.5244923,2026-01-23 19:05:09.000,_20260123_105610_CH02_TMO_5GNR_WFC_MT-DUT-2_TC-155.dml,,,,,,,,,,NR SA,,,,,,,,,,,,,,,,,,,594,,2.070418,On,Connected,-69.000000,5220,68,,,,IWLAN
613,1,,,-121.9314830,47.5244923,2026-01-23 19:05:10.000,_20260123_105610_CH02_TMO_5GNR_WFC_MT-DUT-2_TC-155.dml,,,,,,,,,,NR SA,,,,,,,,,,,,,,,,,,,594,,2.070418,On,Connected,-69.000000,5220,68,,,,IWLAN
614,1,,,-121.9314830,47.5244923,2026-01-23 19:05:11.000,_20260123_105610_CH02_TMO_5GNR_WFC_MT-DUT-2_TC-155.dml,,,,,,,,,,NR SA,,,,,,,,,,,,,,,,,,,594,,2.070418,On,Connected,-69.000000,5220,68,,,,IWLAN
615,1,,,-121.9314830,47.5244923,2026-01-23 19:05:12.000,_20260123_105610_CH02_TMO_5GNR_WFC_MT-DUT-2_TC-155.dml,,,,,,,,,,NR SA,,,,,,,,,,,,,,,,,,,594,,2.070418,On,Connected,-69.000000,5220,68,,,,IWLAN
616,1,,,-121.9314830,47.5244923,2026-01-23 19:05:13.000,_20260123_105610_CH02_TMO_5GNR_WFC_MT-DUT-2_TC-155.dml,,,,,,,,,,NR SA,,,,,,,,,,,,,,,,,,,594,,2.070418,On,Connected,-69.000000,5220,68,,,,IWLAN
617,1,,,-121.9314830,47.5244923,2026-01-23 19:05:13.818,_20260123_105610_CH02_TMO_5GNR_WFC_MT-DUT-2_TC-155.dml,,,,,,,,,,,,,,,,,,,,,,,,,,,,,,-86.861395,,,,,,,,,,
618,1,,,-121.9314830,47.5244923,2026-01-23 19:05:14.000,_20260123_105610_CH02_TMO_5GNR_WFC_MT-DUT-2_TC-155.dml,,,,,,,,,,NR SA,,,,,,,,,,,,,,,,,,,594,,,On,Connected,-69.000000,5220,68,,,,IWLAN
619,1,,,-121.9314830,47.5244923,2026-01-23 19:05:15.000,_20260123_105610_CH02_TMO_5GNR_WFC_MT-DUT-2_TC-155.dml,,,,,,,,,,NR SA,,,,,,,,,,,,,,,,,,,594,,,On,Connected,-69.000000,5220,68,,,,IWLAN
620,1,,,-121.9314830,47.5244923,2026-01-23 19:05:16.000,_20260123_105610_CH02_TMO_5GNR_WFC_MT-DUT-2_TC-155.dml,,,,,,,,,,NR SA,,,,,,,,,,,,,,,,,,,594,,,On,Connected,-69.000000,5220,68,,,,IWLAN
621,1,,,-121.9314830,47.5244923,2026-01-23 19:05:17.000,_20260123_105610_CH02_TMO_5GNR_WFC_MT-DUT-2_TC-155.dml,,,,,,,,,,NR SA,,,,,,,,,,,,,,,,,,,594,,,On,Connected,-69.000000,5220,68,,,,IWLAN
622,1,,,-121.9314830,47.5244923,2026-01-23 19:05:18.000,_20260123_105610_CH02_TMO_5GNR_WFC_MT-DUT-2_TC-155.dml,,,,,,,,,,NR SA,,,,,,,,,,,,,,,,,,,594,,,On,Connected,-69.000000,5220,68,,,,IWLAN
623,1,,,-121.9314830,47.5244923,2026-01-23 19:05:19.000,_20260123_105610_CH02_TMO_5GNR_WFC_MT-DUT-2_TC-155.dml,,,,,,,,,,NR SA,,,,,,,,,,,,,,,,,,,594,,,On,Connected,-69.000000,5220,68,,,,IWLAN
624,1,,,-121.9314830,47.5244923,2026-01-23 19:05:20.000,_20260123_105610_CH02_TMO_5GNR_WFC_MT-DUT-2_TC-155.dml,,,,,,,,,,NR SA,,,,,,,,,,,,,,,,,,,594,,,On,Connected,-69.000000,5220,68,,,,IWLAN
625,1,,,-121.9314830,47.5244923,2026-01-23 19:05:21.000,_20260123_105610_CH02_TMO_5GNR_WFC_MT-DUT-2_TC-155.dml,,,,,,,,,,NR SA,,,,,,,,,,,,,,,,,,,594,,,On,Connected,-69.000000,5220,68,,,,IWLAN
626,1,,,-121.9314830,47.5244923,2026-01-23 19:05:22.000,_20260123_105610_CH02_TMO_5GNR_WFC_MT-DUT-2_TC-155.dml,,,,,,,,,,NR SA,,,,,,,,,,,,,,,,,,,594,,,On,Connected,-69.000000,5220,68,,,,IWLAN
627,1,,,-121.9314830,47.5244923,2026-01-23 19:05:23.000,_20260123_105610_CH02_TMO_5GNR_WFC_MT-DUT-2_TC-155.dml,,,,,,,,,,NR SA,,,,,,,,,,,,,,,,,,,594,,,On,Connected,-69.000000,5220,68,,,,IWLAN
628,1,,,-121.9314830,47.5244923,2026-01-23 19:05:24.000,_20260123_105610_CH02_TMO_5GNR_WFC_MT-DUT-2_TC-155.dml,,,,,,,,,,NR SA,,,,,,,,,,,,,,,,,,,594,,2.122195,On,Connected,-69.000000,5220,68,,,,IWLAN
629,1,,,-121.9314830,47.5244923,2026-01-23 19:05:25.000,_20260123_105610_CH02_TMO_5GNR_WFC_MT-DUT-2_TC-155.dml,,,,,,,,,,NR SA,,,,,,,,,,,,,,,,,,,594,,2.122195,On,Connected,-69.000000,5220,68,,,,IWLAN
630,1,,,-121.9314830,47.5244923,2026-01-23 19:05:26.000,_20260123_105610_CH02_TMO_5GNR_WFC_MT-DUT-2_TC-155.dml,,,,,,,,,,NR SA,,,,,,,,,,,,,,,,,,,594,,2.122195,On,Connected,-69.000000,5220,68,,,,IWLAN
631,1,,,-121.9314830,47.5244923,2026-01-23 19:05:27.000,_20260123_105610_CH02_TMO_5GNR_WFC_MT-DUT-2_TC-155.dml,,,,,,,,,,NR SA,,,,,,,,,,,,,,,,,,,594,,2.122195,On,Connected,-69.000000,5220,68,,,,IWLAN
632,1,,,-121.9314830,47.5244923,2026-01-23 19:05:28.000,_20260123_105610_CH02_TMO_5GNR_WFC_MT-DUT-2_TC-155.dml,,,,,,,,,,NR SA,,,,,,,,,,,,,,,,,,,594,,2.122195,On,Connected,-69.000000,5220,68,,,,IWLAN
633,1,,,-121.9314830,47.5244923,2026-01-23 19:05:29.000,_20260123_105610_CH02_TMO_5GNR_WFC_MT-DUT-2_TC-155.dml,,,,,,,,,,NR SA,,,,,,,,,,,,,,,,,,,594,,2.122195,On,Connected,-69.000000,5220,68,,,,IWLAN
634,1,,,-121.9314830,47.5244923,2026-01-23 19:05:30.000,_20260123_105610_CH02_TMO_5GNR_WFC_MT-DUT-2_TC-155.dml,,,,,,,,,,NR SA,,,,,,,,,,,,,,,,,,,594,,2.122195,On,Connected,-69.000000,5220,68,,,,IWLAN
635,1,,,-121.9314830,47.5244923,2026-01-23 19:05:31.000,_20260123_105610_CH02_TMO_5GNR_WFC_MT-DUT-2_TC-155.dml,,,,,,,,,,NR SA,,,,,,,,,,,,,,,,,,,594,,2.122195,On,Connected,-69.000000,5220,68,,,,IWLAN
636,1,,,-121.9314830,47.5244923,2026-01-23 19:05:32.000,_20260123_105610_CH02_TMO_5GNR_WFC_MT-DUT-2_TC-155.dml,,,,,,,,,,NR SA,,,,,,,,,,,,,,,,,,,594,,2.122195,On,Connected,-69.000000,5220,68,,,,IWLAN
637,1,,,-121.9314830,47.5244923,2026-01-23 19:05:33.000,_20260123_105610_CH02_TMO_5GNR_WFC_MT-DUT-2_TC-155.dml,,,,,,,,,,NR SA,,,,,,,,,,,,,,,,,,,594,,2.122195,On,Connected,-69.000000,5220,68,,,,IWLAN
638,1,,,-121.9314830,47.5244923,2026-01-23 19:05:33.817,_20260123_105610_CH02_TMO_5GNR_WFC_MT-DUT-2_TC-155.dml,,,,,,,,,,,,,,,,,,,,,,,,,,,,,,-82.125795,,,,,,,,,,
639,1,,,-121.9314830,47.5244923,2026-01-23 19:05:34.000,_20260123_105610_CH02_TMO_5GNR_WFC_MT-DUT-2_TC-155.dml,,,,,,,,,,NR SA,,,,,,,,,,,,,,,,,,,594,,,On,Connected,-69.000000,5220,68,,,,IWLAN
640,1,,,-121.9314830,47.5244923,2026-01-23 19:05:35.000,_20260123_105610_CH02_TMO_5GNR_WFC_MT-DUT-2_TC-155.dml,,,,,,,,,,NR SA,,,,,,,,,,,,,,,,,,,594,,,On,Connected,-69.000000,5220,68,,,,IWLAN
641,1,,,-121.9314830,47.5244923,2026-01-23 19:05:36.000,_20260123_105610_CH02_TMO_5GNR_WFC_MT-DUT-2_TC-155.dml,,,,,,,,,,NR SA,,,,,,,,,,,,,,,,,,,594,,,On,Connected,-69.000000,5220,68,,,,IWLAN
642,1,,,-121.9314830,47.5244923,2026-01-23 19:05:37.000,_20260123_105610_CH02_TMO_5GNR_WFC_MT-DUT-2_TC-155.dml,,,,,,,,,,NR SA,,,,,,,,,,,,,,,,,,,594,,,On,Connected,-69.000000,5220,68,,,,IWLAN
643,1,,,-121.9314830,47.5244923,2026-01-23 19:05:38.000,_20260123_105610_CH02_TMO_5GNR_WFC_MT-DUT-2_TC-155.dml,,,,,,,,,,NR SA,,,,,,,,,,,,,,,,,,,594,,,On,Connected,-69.000000,5220,68,,,,IWLAN
644,1,,,-121.9314830,47.5244923,2026-01-23 19:05:39.000,_20260123_105610_CH02_TMO_5GNR_WFC_MT-DUT-2_TC-155.dml,,,,,,,,,,NR SA,,,,,,,,,,,,,,,,,,,594,,,On,Connected,-69.000000,5220,68,,,,IWLAN
645,1,,,-121.9314830,47.5244923,2026-01-23 19:05:40.000,_20260123_105610_CH02_TMO_5GNR_WFC_MT-DUT-2_TC-155.dml,,,,,,,,,,NR SA,,,,,,,,,,,,,,,,,,,594,,,On,Connected,-69.000000,5220,68,,,,IWLAN
646,1,,,-121.9314830,47.5244923,2026-01-23 19:05:41.000,_20260123_105610_CH02_TMO_5GNR_WFC_MT-DUT-2_TC-155.dml,,,,,,,,,,NR SA,,,,,,,,,,,,,,,,,,,594,,,On,Connected,-69.000000,5220,68,,,,
647,1,,,-121.9314830,47.5244923,2026-01-23 19:05:42.000,_20260123_105610_CH02_TMO_5GNR_WFC_MT-DUT-2_TC-155.dml,,,,,,,,,,NR SA,,,,,,,,,,,,,,,,,,,594,,,On,Connected,-69.000000,5220,68,,,,IWLAN
648,1,,,-121.9314830,47.5244923,2026-01-23 19:05:43.000,_20260123_105610_CH02_TMO_5GNR_WFC_MT-DUT-2_TC-155.dml,,,,,,,,,,NR SA,,,,,,,,,,,,,,,,,,,594,,,On,Connected,-69.000000,5220,60,,,,IWLAN
649,1,,,-121.9314830,47.5244923,2026-01-23 19:05:44.000,_20260123_105610_CH02_TMO_5GNR_WFC_MT-DUT-2_TC-155.dml,,,,,,,,,,NR SA,,,,,,,,,,,,,,,,,,,594,,1.827029,On,Connected,-69.000000,5220,60,,,,IWLAN
650,1,,,-121.9314830,47.5244923,2026-01-23 19:05:45.000,_20260123_105610_CH02_TMO_5GNR_WFC_MT-DUT-2_TC-155.dml,,,,,,,,,,NR SA,,,,,,,,,,,,,,,,,,,594,,1.827029,On,Connected,-69.000000,5220,60,,,,IWLAN
651,1,,,-121.9314830,47.5244923,2026-01-23 19:05:46.000,_20260123_105610_CH02_TMO_5GNR_WFC_MT-DUT-2_TC-155.dml,,,,,,,,,,NR SA,,,,,,,,,,,,,,,,,,,594,,1.827029,On,Connected,-69.000000,5220,68,,,,IWLAN
652,1,,,-121.9314830,47.5244923,2026-01-23 19:05:47.000,_20260123_105610_CH02_TMO_5GNR_WFC_MT-DUT-2_TC-155.dml,,,,,,,,,,NR SA,,,,,,,,,,,,,,,,,,,594,,1.827029,On,Connected,-69.000000,5220,68,,,,IWLAN
653,1,,,-121.9314830,47.5244923,2026-01-23 19:05:48.000,_20260123_105610_CH02_TMO_5GNR_WFC_MT-DUT-2_TC-155.dml,,,,,,,,,,NR SA,,,,,,,,,,,,,,,,,,,594,,1.827029,On,Connected,-69.000000,5220,68,,,,IWLAN
654,1,,,-121.9314830,47.5244923,2026-01-23 19:05:49.000,_20260123_105610_CH02_TMO_5GNR_WFC_MT-DUT-2_TC-155.dml,,,,,,,,,,NR SA,,,,,,,,,,,,,,,,,,,594,,1.827029,On,Connected,-69.000000,5220,68,,,,IWLAN
655,1,,,-121.9314830,47.5244923,2026-01-23 19:05:50.000,_20260123_105610_CH02_TMO_5GNR_WFC_MT-DUT-2_TC-155.dml,,,,,,,,,,NR SA,,,,,,,,,,,,,,,,,,,594,,1.827029,On,Connected,-69.000000,5220,68,,,,IWLAN
656,1,,,-121.9314830,47.5244923,2026-01-23 19:05:51.000,_20260123_105610_CH02_TMO_5GNR_WFC_MT-DUT-2_TC-155.dml,,,,,,,,,,NR SA,,,,,,,,,,,,,,,,,,,594,,1.827029,On,Connected,-69.000000,5220,68,,,,IWLAN
657,1,,,-121.9314830,47.5244923,2026-01-23 19:05:52.000,_20260123_105610_CH02_TMO_5GNR_WFC_MT-DUT-2_TC-155.dml,,,,,,,,,,NR SA,,,,,,,,,,,,,,,,,,,594,,1.827029,On,Connected,-70.000000,5220,136,,,,IWLAN
658,1,,,-121.9314830,47.5244923,2026-01-23 19:05:53.000,_20260123_105610_CH02_TMO_5GNR_WFC_MT-DUT-2_TC-155.dml,,,,,,,,,,NR SA,,,,,,,,,,,,,,,,,,,594,,1.827029,On,Connected,-70.000000,5220,136,,,,IWLAN
659,1,,,-121.9314830,47.5244923,2026-01-23 19:05:53.833,_20260123_105610_CH02_TMO_5GNR_WFC_MT-DUT-2_TC-155.dml,,,,,,,,,,,,,,,,,,,,,,,,,,,,,,-82.728182,,,,,,,,,,
660,1,,,-121.9314830,47.5244923,2026-01-23 19:05:54.000,_20260123_105610_CH02_TMO_5GNR_WFC_MT-DUT-2_TC-155.dml,,,,,,,,,,NR SA,,,,,,,,,,,,,,,,,,,594,,,On,Connected,-70.000000,5220,136,,,,IWLAN
661,1,,,-121.9314830,47.5244923,2026-01-23 19:05:55.000,_20260123_105610_CH02_TMO_5GNR_WFC_MT-DUT-2_TC-155.dml,,,,,,,,,,NR SA,,,,,,,,,,,,,,,,,,,594,,,On,Connected,-70.000000,5220,136,,,,IWLAN
662,1,,,-121.9314830,47.5244923,2026-01-23 19:05:56.000,_20260123_105610_CH02_TMO_5GNR_WFC_MT-DUT-2_TC-155.dml,,,,,,,,,,NR SA,,,,,,,,,,,,,,,,,,,,,,On,Connected,-70.000000,5220,136,,,,IWLAN
663,1,,,-121.9314830,47.5244923,2026-01-23 19:05:57.000,_20260123_105610_CH02_TMO_5GNR_WFC_MT-DUT-2_TC-155.dml,,,,,,,,,,NR SA,,,,,,,,,,,,,,,,,,,594,,,On,Connected,-70.000000,5220,136,,,,IWLAN
664,1,,,-121.9314830,47.5244923,2026-01-23 19:05:58.000,_20260123_105610_CH02_TMO_5GNR_WFC_MT-DUT-2_TC-155.dml,,,,,,,,,,NR SA,,,,,,,,,,,,,,,,,,,,,,On,Connected,-70.000000,5220,136,,,,IWLAN
665,1,,,-121.9314830,47.5244923,2026-01-23 19:05:59.000,_20260123_105610_CH02_TMO_5GNR_WFC_MT-DUT-2_TC-155.dml,,,,,,,,,,NR SA,,,,,,,,,,,,,,,,,,,594,,,On,Connected,-70.000000,5220,136,,,,IWLAN
666,1,,,-121.9314830,47.5244923,2026-01-23 19:06:00.000,_20260123_105610_CH02_TMO_5GNR_WFC_MT-DUT-2_TC-155.dml,,,,,,,,,,NR SA,,,,,,,,,,,,,,,,,,,,,,On,Connected,-70.000000,5220,136,,,,IWLAN
667,1,,,-121.9314830,47.5244923,2026-01-23 19:06:01.000,_20260123_105610_CH02_TMO_5GNR_WFC_MT-DUT-2_TC-155.dml,,,,,,,,,,NR SA,,,,,,,,,,,,,,,,,,,594,,,On,Connected,-70.000000,5220,60,,,,IWLAN
668,1,,,-121.9314830,47.5244923,2026-01-23 19:06:02.000,_20260123_105610_CH02_TMO_5GNR_WFC_MT-DUT-2_TC-155.dml,,,,,,,,,,NR SA,,,,,,,,,,,,,,,,,,,,,,On,Connected,-70.000000,5220,60,,,,IWLAN
669,1,,,-121.9314830,47.5244923,2026-01-23 19:06:03.000,_20260123_105610_CH02_TMO_5GNR_WFC_MT-DUT-2_TC-155.dml,,,,,,,,,,NR SA,,,,,,,,,,,,,,,,,,,594,,,On,Connected,-70.000000,5220,60,,,,IWLAN
670,1,,,-121.9314830,47.5244923,2026-01-23 19:06:04.000,_20260123_105610_CH02_TMO_5GNR_WFC_MT-DUT-2_TC-155.dml,,,,,,,,,,NR SA,,,,,,,,,,,,,,,,,,,,,2.187089,On,Connected,-69.000000,5220,122,,,,IWLAN
671,1,,,-121.9314830,47.5244923,2026-01-23 19:06:05.000,_20260123_105610_CH02_TMO_5GNR_WFC_MT-DUT-2_TC-155.dml,,,,,,,,,,NR SA,,,,,,,,,,,,,,,,,,,594,,2.187089,On,Connected,-69.000000,5220,122,,,,IWLAN
672,1,,,-121.9314830,47.5244923,2026-01-23 19:06:06.000,_20260123_105610_CH02_TMO_5GNR_WFC_MT-DUT-2_TC-155.dml,,,,,,,,,,NR SA,,,,,,,,,,,,,,,,,,,,,2.187089,On,Connected,-69.000000,5220,122,,,,IWLAN
673,1,,,-121.9314830,47.5244923,2026-01-23 19:06:07.000,_20260123_105610_CH02_TMO_5GNR_WFC_MT-DUT-2_TC-155.dml,,,,,,,,,,NR SA,,,,,,,,,,,,,,,,,,,594,,2.187089,On,Connected,-69.000000,5220,136,,,,IWLAN
674,1,,,-121.9314830,47.5244923,2026-01-23 19:06:08.000,_20260123_105610_CH02_TMO_5GNR_WFC_MT-DUT-2_TC-155.dml,,,,,,,,,,NR SA,,,,,,,,,,,,,,,,,,,,,2.187089,On,Connected,-69.000000,5220,136,,,,IWLAN
675,1,,,-121.9314830,47.5244923,2026-01-23 19:06:09.000,_20260123_105610_CH02_TMO_5GNR_WFC_MT-DUT-2_TC-155.dml,,,,,,,,,,NR SA,,,,,,,,,,,,,,,,,,,594,,2.187089,On,Connected,-69.000000,5220,136,,,,IWLAN
676,1,,,-121.9314830,47.5244923,2026-01-23 19:06:10.000,_20260123_105610_CH02_TMO_5GNR_WFC_MT-DUT-2_TC-155.dml,,,,,,,,,,NR SA,,,,,,,,,,,,,,,,,,,,,2.187089,,Connected,,,,,,,IWLAN
677,1,,,-121.9314830,47.5244923,2026-01-23 19:06:11.000,_20260123_105610_CH02_TMO_5GNR_WFC_MT-DUT-2_TC-155.dml,,,,,,,,,,NR SA,,,,,,,,,,,,,,,,,,,594,,2.187089,On,Connected,-69.000000,5220,136,,,,IWLAN
678,1,,,-121.9314830,47.5244923,2026-01-23 19:06:12.000,_20260123_105610_CH02_TMO_5GNR_WFC_MT-DUT-2_TC-155.dml,,,,,,,,,,NR SA,,,,,,,,,,,,,,,,,,,594,,2.187089,On,Connected,-69.000000,5220,136,,,,IWLAN
679,1,,,-121.9314830,47.5244923,2026-01-23 19:06:13.000,_20260123_105610_CH02_TMO_5GNR_WFC_MT-DUT-2_TC-155.dml,,,,,,,,,,NR SA,,,,,,,,,,,,,,,,,,,,,2.187089,On,Connected,-69.000000,5220,68,,,,IWLAN
680,1,,,-121.9314830,47.5244923,2026-01-23 19:06:13.832,_20260123_105610_CH02_TMO_5GNR_WFC_MT-DUT-2_TC-155.dml,,,,,,,,,,,,,,,,,,,,,,,,,,,,,,-80.026000,,,,,,,,,,
681,1,,,-121.9314830,47.5244923,2026-01-23 19:06:14.000,_20260123_105610_CH02_TMO_5GNR_WFC_MT-DUT-2_TC-155.dml,,,,,,,,,,NR SA,,,,,,,,,,,,,,,,,,,594,,,On,Connected,-69.000000,5220,68,,,,IWLAN
682,1,,,-121.9314830,47.5244923,2026-01-23 19:06:15.000,_20260123_105610_CH02_TMO_5GNR_WFC_MT-DUT-2_TC-155.dml,,,,,,,,,,NR SA,,,,,,,,,,,,,,,,,,,,,,On,Connected,-69.000000,5220,68,,,,IWLAN
683,1,,,-121.9314830,47.5244923,2026-01-23 19:06:16.000,_20260123_105610_CH02_TMO_5GNR_WFC_MT-DUT-2_TC-155.dml,,,,,,,,,,NR SA,,,,,,,,,,,,,,,,,,,594,,,On,Connected,-69.000000,5220,68,,,,IWLAN
684,1,,,-121.9314830,47.5244923,2026-01-23 19:06:17.000,_20260123_105610_CH02_TMO_5GNR_WFC_MT-DUT-2_TC-155.dml,,,,,,,,,,NR SA,,,,,,,,,,,,,,,,,,,594,,,,Connected,,,,,,,IWLAN
685,1,,,-121.9314830,47.5244923,2026-01-23 19:06:18.000,_20260123_105610_CH02_TMO_5GNR_WFC_MT-DUT-2_TC-155.dml,,,,,,,,,,NR SA,,,,,,,,,,,,,,,,,,,,,,On,Connected,-69.000000,5220,68,,,,IWLAN
686,1,,,-121.9314830,47.5244923,2026-01-23 19:06:19.000,_20260123_105610_CH02_TMO_5GNR_WFC_MT-DUT-2_TC-155.dml,,,,,,,,,,NR SA,,,,,,,,,,,,,,,,,,,594,,,On,Connected,-69.000000,5220,68,,,,IWLAN
687,1,,,-121.9314830,47.5244923,2026-01-23 19:06:20.000,_20260123_105610_CH02_TMO_5GNR_WFC_MT-DUT-2_TC-155.dml,,,,,,,,,,NR SA,,,,,,,,,,,,,,,,,,,,,,On,Connected,-69.000000,5220,68,,,,IWLAN
688,1,,,-121.9314830,47.5244923,2026-01-23 19:06:21.000,_20260123_105610_CH02_TMO_5GNR_WFC_MT-DUT-2_TC-155.dml,,,,,,,,,,NR SA,,,,,,,,,,,,,,,,,,,594,,,On,Connected,-69.000000,5220,68,,,,IWLAN
689,1,,,-121.9314830,47.5244923,2026-01-23 19:06:22.000,_20260123_105610_CH02_TMO_5GNR_WFC_MT-DUT-2_TC-155.dml,,,,,,,,,,NR SA,,,,,,,,,,,,,,,,,,,,,,On,Connected,-69.000000,5220,68,,,,IWLAN
690,1,,,-121.9314830,47.5244923,2026-01-23 19:06:23.000,_20260123_105610_CH02_TMO_5GNR_WFC_MT-DUT-2_TC-155.dml,,,,,,,,,,NR SA,,,,,,,,,,,,,,,,,,,594,,,On,Connected,-69.000000,5220,68,,,,IWLAN
691,1,,,-121.9314830,47.5244923,2026-01-23 19:06:23.676,_20260123_105610_CH02_TMO_5GNR_WFC_MT-DUT-2_TC-155.dml,,,,,,,,,,,,,,,,,,,,,,,[Tool] Voice - Pair Channel Call Drop,,,,,,,,,,,,,,,,,
692,1,,,-121.9314830,47.5244923,2026-01-23 19:06:23.676,_20260123_105610_CH02_TMO_5GNR_WFC_MT-DUT-2_TC-155.dml,,,,,,,,,,,,,,,,,,,,,,,[Tool] Voice - Release Call Request,,,,,,,,,,,,,,,,,
693,1,,,-121.9314830,47.5244923,2026-01-23 19:06:24.176,_20260123_105610_CH02_TMO_5GNR_WFC_MT-DUT-2_TC-155.dml,,,,,,,,,,,,,,,,,,,,,,BQ,[Tool] Voice - Call Result : BQ,,,,,,,,,,,,,,,,,
694,1,,,-121.9314830,47.5244923,2026-01-23 19:06:24.176,_20260123_105610_CH02_TMO_5GNR_WFC_MT-DUT-2_TC-155.dml,,,,,,,,,,,,,,,,,,,,,,,[UE]   Voice - Release Call Success,,,,,,,,,,,,,,,,,
695,1,,,-121.9314830,47.5244923,2026-01-23 19:06:24.000,_20260123_105610_CH02_TMO_5GNR_WFC_MT-DUT-2_TC-155.dml,,,,,,,,,,,,,,,,,,,,,,,,,,,,,,,,,Connected,,,,,,,IWLAN
696,1,,,-121.9314830,47.5244923,2026-01-23 19:06:25.176,_20260123_105610_CH02_TMO_5GNR_WFC_MT-DUT-2_TC-155.dml,,,,,,,,,,,,,,,,,,,,,,,[UE]   Voice - Release Call Success,,,,,,,,,,,,,,,,,
697,1,,,-121.9314830,47.5244923,2026-01-23 19:06:25.000,_20260123_105610_CH02_TMO_5GNR_WFC_MT-DUT-2_TC-155.dml,,,,,,,,,,,,,,,,,,,,,,,,,,,,,594,,,On,Connected,-69.000000,5220,132,,,,IWLAN
698,1,,,-121.9314830,47.5244923,2026-01-23 19:06:26.000,_20260123_105610_CH02_TMO_5GNR_WFC_MT-DUT-2_TC-155.dml,,,,,,,,,,,,,,,,,,,,,,,,,,,,,,,,,Connected,,,,,,,IWLAN
699,1,,,-121.9314830,47.5244923,2026-01-23 19:06:27.000,_20260123_105610_CH02_TMO_5GNR_WFC_MT-DUT-2_TC-155.dml,,,,,,,,,,,,,,,,,,,,,,,,,,,,,594,,,On,Connected,-69.000000,5220,132,,,,IWLAN
700,1,,,-121.9314830,47.5244923,2026-01-23 19:06:28.000,_20260123_105610_CH02_TMO_5GNR_WFC_MT-DUT-2_TC-155.dml,,,,,,,,,,,,,,,,,,,,,,,,,,,,,594,,,On,Connected,-68.000000,5220,132,,,,IWLAN
701,1,,,-121.9314830,47.5244923,2026-01-23 19:06:29.000,_20260123_105610_CH02_TMO_5GNR_WFC_MT-DUT-2_TC-155.dml,,,,,,,,,,,,,,,,,,,,,,,,,,,,,,,,On,Connected,-68.000000,5220,132,,,,IWLAN
702,1,,,-121.9314830,47.5244923,2026-01-23 19:06:30.000,_20260123_105610_CH02_TMO_5GNR_WFC_MT-DUT-2_TC-155.dml,,,,,,,,,,,,,,,,,,,,,,,,,,,,,594,,,On,Connected,-68.000000,5220,132,,,,IWLAN
703,1,,,-121.9314830,47.5244923,2026-01-23 19:06:31.000,_20260123_105610_CH02_TMO_5GNR_WFC_MT-DUT-2_TC-155.dml,,,,,,,,,,,,,,,,,,,,,,,,,,,,,,,,,Connected,,,,,,,IWLAN
704,1,,,-121.9314830,47.5244923,2026-01-23 19:06:32.000,_20260123_105610_CH02_TMO_5GNR_WFC_MT-DUT-2_TC-155.dml,,,,,,,,,,,,,,,,,,,,,,,,,,,,,594,,,On,Connected,-69.000000,5220,60,,,,IWLAN
705,1,,,-121.9314830,47.5244923,2026-01-23 19:06:33.000,_20260123_105610_CH02_TMO_5GNR_WFC_MT-DUT-2_TC-155.dml,,,,,,,,,,,,,,,,,,,,,,,,,,,,,,,,,Connected,,,,,,,IWLAN
706,1,,,-121.9314830,47.5244923,2026-01-23 19:06:34.000,_20260123_105610_CH02_TMO_5GNR_WFC_MT-DUT-2_TC-155.dml,,,,,,,,,,,,,,,,,,,,,,,,,,,,,594,,,On,Connected,-68.500000,5220,92,,,,IWLAN
707,1,,,-121.9314830,47.5244923,2026-01-23 19:06:35.000,_20260123_105610_CH02_TMO_5GNR_WFC_MT-DUT-2_TC-155.dml,,,,,,,,,,,,,,,,,,,,,,,,,,,,,,,,On,Connected,-68.000000,5220,92,,,,IWLAN
708,1,,,-121.9314830,47.5244923,2026-01-23 19:06:36.000,_20260123_105610_CH02_TMO_5GNR_WFC_MT-DUT-2_TC-155.dml,,,,,,,,,,,,,,,,,,,,,,,,,,,,,594,,,On,Connected,-68.000000,5220,92,,,,IWLAN
709,1,,,-121.9314830,47.5244923,2026-01-23 19:06:37.000,_20260123_105610_CH02_TMO_5GNR_WFC_MT-DUT-2_TC-155.dml,,,,,,,,,,,,,,,,,,,,,,,,,,,,,,,,On,Connected,-68.000000,5220,92,,,,IWLAN
710,1,,,-121.9314830,47.5244923,2026-01-23 19:06:38.000,_20260123_105610_CH02_TMO_5GNR_WFC_MT-DUT-2_TC-155.dml,,,,,,,,,,,,,,,,,,,,,,,,,,,,,594,,,,Connected,,,,,,,IWLAN
711,1,,,-121.9314830,47.5244923,2026-01-23 19:06:39.000,_20260123_105610_CH02_TMO_5GNR_WFC_MT-DUT-2_TC-155.dml,,,,,,,,,,,,,,,,,,,,,,,,,,,,,,,,On,Connected,-68.000000,5220,92,,,,IWLAN
712,1,,,-121.9314830,47.5244923,2026-01-23 19:06:40.000,_20260123_105610_CH02_TMO_5GNR_WFC_MT-DUT-2_TC-155.dml,,,,,,,,,,,,,,,,,,,,,,,,,,,,,594,,,,Connected,,,,,,,IWLAN
713,1,,,-121.9314830,47.5244923,2026-01-23 19:06:41.000,_20260123_105610_CH02_TMO_5GNR_WFC_MT-DUT-2_TC-155.dml,,,,,,,,,,,,,,,,,,,,,,,,,,,,,,,,On,Connected,-68.000000,5220,60,,,,IWLAN
714,1,,,-121.9314830,47.5244923,2026-01-23 19:06:42.000,_20260123_105610_CH02_TMO_5GNR_WFC_MT-DUT-2_TC-155.dml,,,,,,,,,,,,,,,,,,,,,,,,,,,,,594,,,,Connected,,,,,,,IWLAN
715,1,,,-121.9314830,47.5244923,2026-01-23 19:06:43.000,_20260123_105610_CH02_TMO_5GNR_WFC_MT-DUT-2_TC-155.dml,,,,,,,,,,,,,,,,,,,,,,,,,,,,,,,,On,Connected,-68.000000,5220,60,,,,IWLAN
716,1,,,-121.9314830,47.5244923,2026-01-23 19:06:44.000,_20260123_105610_CH02_TMO_5GNR_WFC_MT-DUT-2_TC-155.dml,,,,,,,,,,,,,,,,,,,,,,,,,,,,,594,,,On,Connected,-68.000000,5220,60,,,,IWLAN
717,1,,,-121.9314830,47.5244923,2026-01-23 19:06:45.000,_20260123_105610_CH02_TMO_5GNR_WFC_MT-DUT-2_TC-155.dml,,,,,,,,,,,,,,,,,,,,,,,,,,,,,,,,,Connected,,,,,,,IWLAN
718,1,,,-121.9314830,47.5244923,2026-01-23 19:06:46.000,_20260123_105610_CH02_TMO_5GNR_WFC_MT-DUT-2_TC-155.dml,,,,,,,,,,,,,,,,,,,,,,,,,,,,,594,,,On,Connected,-68.000000,5220,60,,,,IWLAN
719,1,,,-121.9314830,47.5244923,2026-01-23 19:06:47.000,_20260123_105610_CH02_TMO_5GNR_WFC_MT-DUT-2_TC-155.dml,,,,,,,,,,,,,,,,,,,,,,,,,,,,,,,,,Connected,,,,,,,IWLAN
720,1,,,-121.9314830,47.5244923,2026-01-23 19:06:48.000,_20260123_105610_CH02_TMO_5GNR_WFC_MT-DUT-2_TC-155.dml,,,,,,,,,,,,,,,,,,,,,,,,,,,,,594,,,On,Connected,-68.000000,5220,60,,,,IWLAN
721,1,,,-121.9314830,47.5244923,2026-01-23 19:06:49.000,_20260123_105610_CH02_TMO_5GNR_WFC_MT-DUT-2_TC-155.dml,,,,,,,,,,,,,,,,,,,,,,,,,,,,,,,,,Connected,,,,,,,IWLAN
722,1,,,-121.9314830,47.5244923,2026-01-23 19:06:50.000,_20260123_105610_CH02_TMO_5GNR_WFC_MT-DUT-2_TC-155.dml,,,,,,,,,,,,,,,,,,,,,,,,,,,,,594,,,On,Connected,-69.000000,5220,60,,,,IWLAN
723,1,,,-121.9314830,47.5244923,2026-01-23 19:06:51.000,_20260123_105610_CH02_TMO_5GNR_WFC_MT-DUT-2_TC-155.dml,,,,,,,,,,,,,,,,,,,,,,,,,,,,,594,,,On,Connected,-69.000000,5220,60,,,,IWLAN
724,1,,,-121.9314830,47.5244923,2026-01-23 19:06:51.739,_20260123_105610_CH02_TMO_5GNR_WFC_MT-DUT-2_TC-155.dml,,,,,,,,,,,,,,,,,,,,,,,[Tool] Voice - Release Call Request,,,,,,,,,,,,,,,,,
725,1,,,-121.9314830,47.5244923,2026-01-23 19:06:52.000,_20260123_105610_CH02_TMO_5GNR_WFC_MT-DUT-2_TC-155.dml,,,,,,,,,,,,,,,,,,,,,,,,,,,,,,,,On,Connected,-69.000000,5220,60,,,,IWLAN
726,1,,,-121.9314830,47.5244923,2026-01-23 19:06:53.000,_20260123_105610_CH02_TMO_5GNR_WFC_MT-DUT-2_TC-155.dml,,,,,,,,,,,,,,,,,,,,,,,,,,,,,594,,,On,Connected,-69.000000,5220,60,,,,IWLAN
727,1,,,-121.9314830,47.5244923,2026-01-23 19:06:54.000,_20260123_105610_CH02_TMO_5GNR_WFC_MT-DUT-2_TC-155.dml,,,,,,,,,,,,,,,,,,,,,,,,,,,,,,,,,Connected,,,,,,,IWLAN
728,1,,,-121.9314830,47.5244923,2026-01-23 19:06:54.285,_20260123_105610_CH02_TMO_5GNR_WFC_MT-DUT-2_TC-155.dml,,,,,,,,,,,,,,,,,,,,,,,[Tool] Voice - Call Scheduling End,,,,,,,,,,,,,,,,,
729,1,,,-121.9314830,47.5244923,2026-01-23 19:06:54.285,_20260123_105610_CH02_TMO_5GNR_WFC_MT-DUT-2_TC-155.dml,NR SA,Voice,BQ,NR SA,NR SA,,,,,,,,,,,,BQ,Termination,BQ,,,,,,,,,90.469000,,,,,,,,,,EPSFB,,
730,1,,,-121.9314830,47.5244923,2026-01-23 19:06:54.285,_20260123_105610_CH02_TMO_5GNR_WFC_MT-DUT-2_TC-155.dml,,,,,,,,,,,,,,,,,,,,,,,[Tool] Voice - Release Call Request,,,,,,,,,,,,,,,,,
731,1,,,-121.9314830,47.5244923,2026-01-23 19:06:54.785,_20260123_105610_CH02_TMO_5GNR_WFC_MT-DUT-2_TC-155.dml,,,,,,,,,,,,,,,,,,,,,,,[Tool] Voice - Call Scheduling Start(Term),,,,,,,,,,,,,,,,,
732,1,,,-121.9314830,47.5244923,2026-01-23 19:06:54.785,_20260123_105610_CH02_TMO_5GNR_WFC_MT-DUT-2_TC-155.dml,,,,,,,,,,,,,,,,,,,,,,,[Tool] Voice - Wait Page,,,,,,,,,,,,,,,,,
733,1,,,-121.9314830,47.5244923,2026-01-23 19:06:55.000,_20260123_105610_CH02_TMO_5GNR_WFC_MT-DUT-2_TC-155.dml,,,,,,,,,,,,,,,,,,,,,,,,,,,,,594,,,On,Connected,-69.000000,5220,132,,,,IWLAN
734,1,,,-121.9314830,47.5244923,2026-01-23 19:06:56.000,_20260123_105610_CH02_TMO_5GNR_WFC_MT-DUT-2_TC-155.dml,,,,,,,,,,,,,,,,,,,,,,,,,,,,,,,,,Connected,,,,,,,IWLAN
735,1,,,-121.9314830,47.5244923,2026-01-23 19:06:57.000,_20260123_105610_CH02_TMO_5GNR_WFC_MT-DUT-2_TC-155.dml,,,,,,,,,,,,,,,,,,,,,,,,,,,,,594,,,On,Connected,-69.000000,5220,132,,,,IWLAN
736,1,,,-121.9314830,47.5244923,2026-01-23 19:06:58.000,_20260123_105610_CH02_TMO_5GNR_WFC_MT-DUT-2_TC-155.dml,,,,,,,,,,,,,,,,,,,,,,,,,,,,,,,,,Connected,,,,,,,IWLAN
737,1,,,-121.9314830,47.5244923,2026-01-23 19:06:59.000,_20260123_105610_CH02_TMO_5GNR_WFC_MT-DUT-2_TC-155.dml,,,,,,,,,,,,,,,,,,,,,,,,,,,,,594,,,On,Connected,-69.000000,5220,60,,,,IWLAN
738,1,,,-121.9314830,47.5244923,2026-01-23 19:07:00.000,_20260123_105610_CH02_TMO_5GNR_WFC_MT-DUT-2_TC-155.dml,,,,,,,,,,,,,,,,,,,,,,,,,,,,,,,,On,Connected,-69.000000,5220,60,,,,IWLAN
739,1,,,-121.9314830,47.5244923,2026-01-23 19:07:01.000,_20260123_105610_CH02_TMO_5GNR_WFC_MT-DUT-2_TC-155.dml,,,,,,,,,,,,,,,,,,,,,,,,,,,,,594,,,On,Connected,-69.000000,5220,92,,,,IWLAN
740,1,,,-121.9314830,47.5244923,2026-01-23 19:07:02.000,_20260123_105610_CH02_TMO_5GNR_WFC_MT-DUT-2_TC-155.dml,,,,,,,,,,,,,,,,,,,,,,,,,,,,,,,,On,Connected,-69.000000,5220,92,,,,IWLAN
741,1,,,-121.9314830,47.5244923,2026-01-23 19:07:02.895,_20260123_105610_CH02_TMO_5GNR_WFC_MT-DUT-2_TC-155.dml,,,,,,,,,,,,,,,,,,,,,,,[Tool] Voice - Answer Request,,,,,,,,,,,,,,,,,
742,1,,,-121.9314830,47.5244923,2026-01-23 19:07:03.000,_20260123_105610_CH02_TMO_5GNR_WFC_MT-DUT-2_TC-155.dml,,,,,,,,,,,,,,,,,,,,,,,,,,,,,594,,,,Connected,,,,,,,IWLAN
743,1,,,-121.9314830,47.5244923,2026-01-23 19:07:04.317,_20260123_105610_CH02_TMO_5GNR_WFC_MT-DUT-2_TC-155.dml,,,,,,,,,,,,,,,,,,,,,,,[Tool] Voice - Answer Request,,,,,,,,,,,,,,,,,
744,1,,,-121.9314830,47.5244923,2026-01-23 19:07:04.000,_20260123_105610_CH02_TMO_5GNR_WFC_MT-DUT-2_TC-155.dml,,,,,,,,,,,,,,,,,,,,,,,,,,,,,594,,,On,Connected,-69.500000,5220,60,,,,IWLAN
745,1,,,-121.9314830,47.5244923,2026-01-23 19:07:04.785,_20260123_105610_CH02_TMO_5GNR_WFC_MT-DUT-2_TC-155.dml,,,,,,,,,,,,,,,,,,,,,,,[UE]   Voice - Setup Success,,,,,,,,,,,,,,,,,
746,1,,,-121.9314830,47.5244923,2026-01-23 19:07:05.000,_20260123_105610_CH02_TMO_5GNR_WFC_MT-DUT-2_TC-155.dml,,,,,,,,,,NR SA,,,,,,,,,,,,,,,,,,,594,,,,Connected,,,,,,,IWLAN
747,1,,,-121.9314830,47.5244923,2026-01-23 19:07:06.000,_20260123_105610_CH02_TMO_5GNR_WFC_MT-DUT-2_TC-155.dml,,,,,,,,,,NR SA,,,,,,,,,,,,,,,,,,,,,,On,Connected,-70.000000,5220,60,,,,IWLAN
748,1,,,-121.9314830,47.5244923,2026-01-23 19:07:07.000,_20260123_105610_CH02_TMO_5GNR_WFC_MT-DUT-2_TC-155.dml,,,,,,,,,,NR SA,,,,,,,,,,,,,,,,,,,594,,,On,Connected,-70.000000,5220,60,,,,IWLAN
749,1,,,-121.9314830,47.5244923,2026-01-23 19:07:08.000,_20260123_105610_CH02_TMO_5GNR_WFC_MT-DUT-2_TC-155.dml,,,,,,,,,,NR SA,,,,,,,,,,,,,,,,,,,,,,,Connected,,,,,,,IWLAN
750,1,,,-121.9314830,47.5244923,2026-01-23 19:07:09.000,_20260123_105610_CH02_TMO_5GNR_WFC_MT-DUT-2_TC-155.dml,,,,,,,,,,NR SA,,,,,,,,,,,,,,,,,,,594,,,On,Connected,-70.000000,5220,60,,,,IWLAN
751,1,,,-121.9314830,47.5244923,2026-01-23 19:07:10.000,_20260123_105610_CH02_TMO_5GNR_WFC_MT-DUT-2_TC-155.dml,,,,,,,,,,NR SA,,,,,,,,,,,,,,,,,,,,,,,Connected,,,,,,,IWLAN
752,1,,,-121.9314830,47.5244923,2026-01-23 19:07:11.000,_20260123_105610_CH02_TMO_5GNR_WFC_MT-DUT-2_TC-155.dml,,,,,,,,,,NR SA,,,,,,,,,,,,,,,,,,,594,,,On,Connected,-70.000000,5220,60,,,,IWLAN
753,1,,,-121.9314830,47.5244923,2026-01-23 19:07:12.000,_20260123_105610_CH02_TMO_5GNR_WFC_MT-DUT-2_TC-155.dml,,,,,,,,,,NR SA,,,,,,,,,,,,,,,,,,,,,,,Connected,,,,,,,IWLAN
754,1,,,-121.9314830,47.5244923,2026-01-23 19:07:13.000,_20260123_105610_CH02_TMO_5GNR_WFC_MT-DUT-2_TC-155.dml,,,,,,,,,,NR SA,,,,,,,,,,,,,,,,,,,594,,,On,Connected,-70.000000,5220,60,,,,IWLAN
755,1,,,-121.9314830,47.5244923,2026-01-23 19:07:14.000,_20260123_105610_CH02_TMO_5GNR_WFC_MT-DUT-2_TC-155.dml,,,,,,,,,,NR SA,,,,,,,,,,,,,,,,,,,,,,On,Connected,-70.000000,5220,60,,,,IWLAN
756,1,,,-121.9314830,47.5244923,2026-01-23 19:07:15.000,_20260123_105610_CH02_TMO_5GNR_WFC_MT-DUT-2_TC-155.dml,,,,,,,,,,NR SA,,,,,,,,,,,,,,,,,,,594,,2.235836,On,Connected,-70.000000,5220,60,,,,IWLAN
757,1,,,-121.9314830,47.5244923,2026-01-23 19:07:16.000,_20260123_105610_CH02_TMO_5GNR_WFC_MT-DUT-2_TC-155.dml,,,,,,,,,,NR SA,,,,,,,,,,,,,,,,,,,594,,2.235836,On,Connected,-70.000000,5220,60,,,,IWLAN
758,1,,,-121.9314830,47.5244923,2026-01-23 19:07:17.000,_20260123_105610_CH02_TMO_5GNR_WFC_MT-DUT-2_TC-155.dml,,,,,,,,,,NR SA,,,,,,,,,,,,,,,,,,,,,2.235836,On,Connected,-70.000000,5220,60,,,,IWLAN
759,1,,,-121.9314830,47.5244923,2026-01-23 19:07:18.000,_20260123_105610_CH02_TMO_5GNR_WFC_MT-DUT-2_TC-155.dml,,,,,,,,,,NR SA,,,,,,,,,,,,,,,,,,,594,,2.235836,On,Connected,-70.000000,5220,60,,,,IWLAN
760,1,,,-121.9314830,47.5244923,2026-01-23 19:07:19.000,_20260123_105610_CH02_TMO_5GNR_WFC_MT-DUT-2_TC-155.dml,,,,,,,,,,NR SA,,,,,,,,,,,,,,,,,,,,,2.235836,On,Connected,-70.000000,5220,60,,,,IWLAN
761,1,,,-121.9314830,47.5244923,2026-01-23 19:07:20.000,_20260123_105610_CH02_TMO_5GNR_WFC_MT-DUT-2_TC-155.dml,,,,,,,,,,NR SA,,,,,,,,,,,,,,,,,,,594,,2.235836,On,Connected,-70.000000,5220,60,,,,IWLAN
762,1,,,-121.9314830,47.5244923,2026-01-23 19:07:21.000,_20260123_105610_CH02_TMO_5GNR_WFC_MT-DUT-2_TC-155.dml,,,,,,,,,,NR SA,,,,,,,,,,,,,,,,,,,,,2.235836,On,Connected,-70.000000,5220,60,,,,IWLAN
763,1,,,-121.9314830,47.5244923,2026-01-23 19:07:22.000,_20260123_105610_CH02_TMO_5GNR_WFC_MT-DUT-2_TC-155.dml,,,,,,,,,,NR SA,,,,,,,,,,,,,,,,,,,594,,2.235836,On,Connected,-70.000000,5220,60,,,,IWLAN
764,1,,,-121.9314830,47.5244923,2026-01-23 19:07:23.000,_20260123_105610_CH02_TMO_5GNR_WFC_MT-DUT-2_TC-155.dml,,,,,,,,,,NR SA,,,,,,,,,,,,,,,,,,,,,2.235836,On,Connected,-70.000000,5220,60,,,,IWLAN
765,1,,,-121.9314830,47.5244923,2026-01-23 19:07:24.000,_20260123_105610_CH02_TMO_5GNR_WFC_MT-DUT-2_TC-155.dml,,,,,,,,,,NR SA,,,,,,,,,,,,,,,,,,,594,,2.235836,On,Connected,-70.000000,5220,60,,,,IWLAN
766,1,,,-121.9314830,47.5244923,2026-01-23 19:07:25.000,_20260123_105610_CH02_TMO_5GNR_WFC_MT-DUT-2_TC-155.dml,,,,,,,,,,NR SA,,,,,,,,,,,,,,,,,,,,,,On,Connected,-70.000000,5220,60,,,,IWLAN
767,1,,,-121.9314830,47.5244923,2026-01-23 19:07:25.505,_20260123_105610_CH02_TMO_5GNR_WFC_MT-DUT-2_TC-155.dml,,,,,,,,,,,,,,,,,,,,,,,,,,,,,,-83.699444,,,,,,,,,,
768,1,,,-121.9314830,47.5244923,2026-01-23 19:07:26.000,_20260123_105610_CH02_TMO_5GNR_WFC_MT-DUT-2_TC-155.dml,,,,,,,,,,NR SA,,,,,,,,,,,,,,,,,,,594,,,On,Connected,-70.000000,5220,60,,,,IWLAN
769,1,,,-121.9314830,47.5244923,2026-01-23 19:07:27.000,_20260123_105610_CH02_TMO_5GNR_WFC_MT-DUT-2_TC-155.dml,,,,,,,,,,NR SA,,,,,,,,,,,,,,,,,,,,,,On,Connected,-70.000000,5220,60,,,,IWLAN
770,1,,,-121.9314830,47.5244923,2026-01-23 19:07:28.000,_20260123_105610_CH02_TMO_5GNR_WFC_MT-DUT-2_TC-155.dml,,,,,,,,,,NR SA,,,,,,,,,,,,,,,,,,,594,,,On,Connected,-70.000000,5220,60,,,,IWLAN
771,1,,,-121.9314830,47.5244923,2026-01-23 19:07:29.000,_20260123_105610_CH02_TMO_5GNR_WFC_MT-DUT-2_TC-155.dml,,,,,,,,,,NR SA,,,,,,,,,,,,,,,,,,,,,,On,Connected,-70.000000,5220,60,,,,IWLAN
772,1,,,-121.9314830,47.5244923,2026-01-23 19:07:30.000,_20260123_105610_CH02_TMO_5GNR_WFC_MT-DUT-2_TC-155.dml,,,,,,,,,,NR SA,,,,,,,,,,,,,,,,,,,594,,,On,Connected,-70.000000,5220,60,,,,IWLAN
773,1,,,-121.9314830,47.5244923,2026-01-23 19:07:31.000,_20260123_105610_CH02_TMO_5GNR_WFC_MT-DUT-2_TC-155.dml,,,,,,,,,,NR SA,,,,,,,,,,,,,,,,,,,,,,On,Connected,-70.000000,5220,60,,,,IWLAN
774,1,,,-121.9314830,47.5244923,2026-01-23 19:07:32.000,_20260123_105610_CH02_TMO_5GNR_WFC_MT-DUT-2_TC-155.dml,,,,,,,,,,NR SA,,,,,,,,,,,,,,,,,,,594,,,On,Connected,-70.000000,5220,60,,,,IWLAN
775,1,,,-121.9314830,47.5244923,2026-01-23 19:07:33.000,_20260123_105610_CH02_TMO_5GNR_WFC_MT-DUT-2_TC-155.dml,,,,,,,,,,NR SA,,,,,,,,,,,,,,,,,,,,,,On,Connected,-70.000000,5220,60,,,,IWLAN
776,1,,,-121.9314830,47.5244923,2026-01-23 19:07:34.000,_20260123_105610_CH02_TMO_5GNR_WFC_MT-DUT-2_TC-155.dml,,,,,,,,,,NR SA,,,,,,,,,,,,,,,,,,,594,,,On,Connected,-70.000000,5220,60,,,,IWLAN
777,1,,,-121.9314830,47.5244923,2026-01-23 19:07:35.000,_20260123_105610_CH02_TMO_5GNR_WFC_MT-DUT-2_TC-155.dml,,,,,,,,,,NR SA,,,,,,,,,,,,,,,,,,,,,1.684443,On,Connected,-70.000000,5220,60,,,,IWLAN
778,1,,,-121.9314830,47.5244923,2026-01-23 19:07:36.000,_20260123_105610_CH02_TMO_5GNR_WFC_MT-DUT-2_TC-155.dml,,,,,,,,,,NR SA,,,,,,,,,,,,,,,,,,,594,,1.684443,On,Connected,-70.000000,5220,60,,,,IWLAN
779,1,,,-121.9314830,47.5244923,2026-01-23 19:07:37.000,_20260123_105610_CH02_TMO_5GNR_WFC_MT-DUT-2_TC-155.dml,,,,,,,,,,NR SA,,,,,,,,,,,,,,,,,,,,,1.684443,On,Connected,-70.000000,5220,60,,,,IWLAN
780,1,,,-121.9314830,47.5244923,2026-01-23 19:07:38.000,_20260123_105610_CH02_TMO_5GNR_WFC_MT-DUT-2_TC-155.dml,,,,,,,,,,NR SA,,,,,,,,,,,,,,,,,,,594,,1.684443,On,Connected,-70.000000,5220,60,,,,IWLAN
781,1,,,-121.9314830,47.5244923,2026-01-23 19:07:39.000,_20260123_105610_CH02_TMO_5GNR_WFC_MT-DUT-2_TC-155.dml,,,,,,,,,,NR SA,,,,,,,,,,,,,,,,,,,594,,1.684443,On,Connected,-70.000000,5220,60,,,,IWLAN
782,1,,,-121.9314830,47.5244923,2026-01-23 19:07:40.000,_20260123_105610_CH02_TMO_5GNR_WFC_MT-DUT-2_TC-155.dml,,,,,,,,,,NR SA,,,,,,,,,,,,,,,,,,,,,1.684443,On,Connected,-70.000000,5220,60,,,,IWLAN
783,1,,,-121.9314830,47.5244923,2026-01-23 19:07:41.000,_20260123_105610_CH02_TMO_5GNR_WFC_MT-DUT-2_TC-155.dml,,,,,,,,,,NR SA,,,,,,,,,,,,,,,,,,,594,,1.684443,On,Connected,-70.000000,5220,60,,,,IWLAN
784,1,,,-121.9314830,47.5244923,2026-01-23 19:07:42.000,_20260123_105610_CH02_TMO_5GNR_WFC_MT-DUT-2_TC-155.dml,,,,,,,,,,NR SA,,,,,,,,,,,,,,,,,,,,,1.684443,On,Connected,-70.000000,5220,60,,,,IWLAN
785,1,,,-121.9314830,47.5244923,2026-01-23 19:07:43.000,_20260123_105610_CH02_TMO_5GNR_WFC_MT-DUT-2_TC-155.dml,,,,,,,,,,NR SA,,,,,,,,,,,,,,,,,,,594,,1.684443,On,Connected,-70.000000,5220,60,,,,IWLAN
786,1,,,-121.9314830,47.5244923,2026-01-23 19:07:44.000,_20260123_105610_CH02_TMO_5GNR_WFC_MT-DUT-2_TC-155.dml,,,,,,,,,,NR SA,,,,,,,,,,,,,,,,,,,,,1.684443,On,Connected,-70.000000,5220,60,,,,IWLAN
787,1,,,-121.9314830,47.5244923,2026-01-23 19:07:45.505,_20260123_105610_CH02_TMO_5GNR_WFC_MT-DUT-2_TC-155.dml,,,,,,,,,,,,,,,,,,,,,,,,,,,,,,-84.839412,,,,,,,,,,
788,1,,,-121.9314830,47.5244923,2026-01-23 19:07:45.000,_20260123_105610_CH02_TMO_5GNR_WFC_MT-DUT-2_TC-155.dml,,,,,,,,,,NR SA,,,,,,,,,,,,,,,,,,,594,,,On,Connected,-70.000000,5220,60,,,,IWLAN
789,1,,,-121.9314830,47.5244923,2026-01-23 19:07:46.000,_20260123_105610_CH02_TMO_5GNR_WFC_MT-DUT-2_TC-155.dml,,,,,,,,,,NR SA,,,,,,,,,,,,,,,,,,,,,,On,Connected,-70.000000,5220,60,,,,IWLAN
790,1,,,-121.9314830,47.5244923,2026-01-23 19:07:47.000,_20260123_105610_CH02_TMO_5GNR_WFC_MT-DUT-2_TC-155.dml,,,,,,,,,,NR SA,,,,,,,,,,,,,,,,,,,594,,,On,Connected,-70.000000,5220,60,,,,IWLAN
791,1,,,-121.9314830,47.5244923,2026-01-23 19:07:48.000,_20260123_105610_CH02_TMO_5GNR_WFC_MT-DUT-2_TC-155.dml,,,,,,,,,,NR SA,,,,,,,,,,,,,,,,,,,,,,On,Connected,-70.000000,5220,60,,,,IWLAN
792,1,,,-121.9314830,47.5244923,2026-01-23 19:07:49.000,_20260123_105610_CH02_TMO_5GNR_WFC_MT-DUT-2_TC-155.dml,,,,,,,,,,NR SA,,,,,,,,,,,,,,,,,,,594,,,On,Connected,-70.000000,5220,60,,,,IWLAN
793,1,,,-121.9314830,47.5244923,2026-01-23 19:07:50.000,_20260123_105610_CH02_TMO_5GNR_WFC_MT-DUT-2_TC-155.dml,,,,,,,,,,NR SA,,,,,,,,,,,,,,,,,,,594,,,On,Connected,-70.000000,5220,60,,,,IWLAN
794,1,,,-121.9314830,47.5244923,2026-01-23 19:07:51.000,_20260123_105610_CH02_TMO_5GNR_WFC_MT-DUT-2_TC-155.dml,,,,,,,,,,NR SA,,,,,,,,,,,,,,,,,,,,,,On,Connected,-70.000000,5220,60,,,,IWLAN
795,1,,,-121.9314830,47.5244923,2026-01-23 19:07:52.000,_20260123_105610_CH02_TMO_5GNR_WFC_MT-DUT-2_TC-155.dml,,,,,,,,,,NR SA,,,,,,,,,,,,,,,,,,,594,,,On,Connected,-70.000000,5220,60,,,,IWLAN
796,1,,,-121.9314830,47.5244923,2026-01-23 19:07:53.000,_20260123_105610_CH02_TMO_5GNR_WFC_MT-DUT-2_TC-155.dml,,,,,,,,,,NR SA,,,,,,,,,,,,,,,,,,,,,,On,Connected,-70.000000,5220,60,,,,IWLAN
797,1,,,-121.9314830,47.5244923,2026-01-23 19:07:54.000,_20260123_105610_CH02_TMO_5GNR_WFC_MT-DUT-2_TC-155.dml,,,,,,,,,,NR SA,,,,,,,,,,,,,,,,,,,594,,,On,Connected,-70.000000,5220,60,,,,IWLAN
798,1,,,-121.9314830,47.5244923,2026-01-23 19:07:55.000,_20260123_105610_CH02_TMO_5GNR_WFC_MT-DUT-2_TC-155.dml,,,,,,,,,,NR SA,,,,,,,,,,,,,,,,,,,,,2.074025,On,Connected,-70.000000,5220,60,,,,IWLAN
799,1,,,-121.9314830,47.5244923,2026-01-23 19:07:56.000,_20260123_105610_CH02_TMO_5GNR_WFC_MT-DUT-2_TC-155.dml,,,,,,,,,,NR SA,,,,,,,,,,,,,,,,,,,594,,2.074025,On,Connected,-70.000000,5220,60,,,,IWLAN
800,1,,,-121.9314830,47.5244923,2026-01-23 19:07:57.000,_20260123_105610_CH02_TMO_5GNR_WFC_MT-DUT-2_TC-155.dml,,,,,,,,,,NR SA,,,,,,,,,,,,,,,,,,,,,2.074025,On,Connected,-70.000000,5220,60,,,,IWLAN
801,1,,,-121.9314830,47.5244923,2026-01-23 19:07:58.000,_20260123_105610_CH02_TMO_5GNR_WFC_MT-DUT-2_TC-155.dml,,,,,,,,,,NR SA,,,,,,,,,,,,,,,,,,,594,,2.074025,,Connected,,,,,,,IWLAN
802,1,,,-121.9314830,47.5244923,2026-01-23 19:07:59.000,_20260123_105610_CH02_TMO_5GNR_WFC_MT-DUT-2_TC-155.dml,,,,,,,,,,NR SA,,,,,,,,,,,,,,,,,,,,,2.074025,On,Connected,-70.000000,5220,60,,,,IWLAN
803,1,,,-121.9314830,47.5244923,2026-01-23 19:08:00.000,_20260123_105610_CH02_TMO_5GNR_WFC_MT-DUT-2_TC-155.dml,,,,,,,,,,NR SA,,,,,,,,,,,,,,,,,,,594,,2.074025,On,Connected,-70.000000,5220,60,,,,IWLAN
804,1,,,-121.9314830,47.5244923,2026-01-23 19:08:01.000,_20260123_105610_CH02_TMO_5GNR_WFC_MT-DUT-2_TC-155.dml,,,,,,,,,,NR SA,,,,,,,,,,,,,,,,,,,,,2.074025,On,Connected,-70.000000,5220,60,,,,IWLAN
805,1,,,-121.9314830,47.5244923,2026-01-23 19:08:02.000,_20260123_105610_CH02_TMO_5GNR_WFC_MT-DUT-2_TC-155.dml,,,,,,,,,,NR SA,,,,,,,,,,,,,,,,,,,594,,2.074025,On,Connected,-70.000000,5220,60,,,,IWLAN
806,1,,,-121.9314830,47.5244923,2026-01-23 19:08:03.000,_20260123_105610_CH02_TMO_5GNR_WFC_MT-DUT-2_TC-155.dml,,,,,,,,,,NR SA,,,,,,,,,,,,,,,,,,,,,2.074025,On,Connected,-70.000000,5220,60,,,,IWLAN
807,1,,,-121.9314830,47.5244923,2026-01-23 19:08:04.000,_20260123_105610_CH02_TMO_5GNR_WFC_MT-DUT-2_TC-155.dml,,,,,,,,,,NR SA,,,,,,,,,,,,,,,,,,,594,,2.074025,On,Connected,-70.000000,5220,60,,,,IWLAN
808,1,,,-121.9314830,47.5244923,2026-01-23 19:08:05.000,_20260123_105610_CH02_TMO_5GNR_WFC_MT-DUT-2_TC-155.dml,,,,,,,,,,NR SA,,,,,,,,,,,,,,,,,,,,,,On,Connected,-70.000000,5220,60,,,,IWLAN
809,1,,,-121.9314830,47.5244923,2026-01-23 19:08:05.505,_20260123_105610_CH02_TMO_5GNR_WFC_MT-DUT-2_TC-155.dml,,,,,,,,,,,,,,,,,,,,,,,,,,,,,,-83.548235,,,,,,,,,,
810,1,,,-121.9314830,47.5244923,2026-01-23 19:08:06.000,_20260123_105610_CH02_TMO_5GNR_WFC_MT-DUT-2_TC-155.dml,,,,,,,,,,NR SA,,,,,,,,,,,,,,,,,,,594,,,On,Connected,-70.000000,5220,60,,,,IWLAN
811,1,,,-121.9314830,47.5244923,2026-01-23 19:08:07.000,_20260123_105610_CH02_TMO_5GNR_WFC_MT-DUT-2_TC-155.dml,,,,,,,,,,NR SA,,,,,,,,,,,,,,,,,,,,,,On,Connected,-70.000000,5220,60,,,,IWLAN
812,1,,,-121.9314830,47.5244923,2026-01-23 19:08:08.000,_20260123_105610_CH02_TMO_5GNR_WFC_MT-DUT-2_TC-155.dml,,,,,,,,,,NR SA,,,,,,,,,,,,,,,,,,,594,,,On,Connected,-70.000000,5220,60,,,,IWLAN
813,1,,,-121.9314830,47.5244923,2026-01-23 19:08:09.000,_20260123_105610_CH02_TMO_5GNR_WFC_MT-DUT-2_TC-155.dml,,,,,,,,,,NR SA,,,,,,,,,,,,,,,,,,,,,,On,Connected,-70.000000,5220,60,,,,IWLAN
814,1,,,-121.9314830,47.5244923,2026-01-23 19:08:10.000,_20260123_105610_CH02_TMO_5GNR_WFC_MT-DUT-2_TC-155.dml,,,,,,,,,,NR SA,,,,,,,,,,,,,,,,,,,594,,,On,Connected,-70.000000,5220,60,,,,IWLAN
815,1,,,-121.9314830,47.5244923,2026-01-23 19:08:11.000,_20260123_105610_CH02_TMO_5GNR_WFC_MT-DUT-2_TC-155.dml,,,,,,,,,,NR SA,,,,,,,,,,,,,,,,,,,,,,On,Connected,-70.000000,5220,60,,,,IWLAN
816,1,,,-121.9314830,47.5244923,2026-01-23 19:08:12.000,_20260123_105610_CH02_TMO_5GNR_WFC_MT-DUT-2_TC-155.dml,,,,,,,,,,NR SA,,,,,,,,,,,,,,,,,,,594,,,,Connected,,,,,,,IWLAN
817,1,,,-121.9314830,47.5244923,2026-01-23 19:08:13.000,_20260123_105610_CH02_TMO_5GNR_WFC_MT-DUT-2_TC-155.dml,,,,,,,,,,NR SA,,,,,,,,,,,,,,,,,,,,,,On,Connected,-70.000000,5220,60,,,,IWLAN
818,1,,,-121.9314830,47.5244923,2026-01-23 19:08:14.000,_20260123_105610_CH02_TMO_5GNR_WFC_MT-DUT-2_TC-155.dml,,,,,,,,,,NR SA,,,,,,,,,,,,,,,,,,,594,,,On,Connected,-70.000000,5220,60,,,,IWLAN
819,1,,,-121.9314830,47.5244923,2026-01-23 19:08:15.000,_20260123_105610_CH02_TMO_5GNR_WFC_MT-DUT-2_TC-155.dml,,,,,,,,,,NR SA,,,,,,,,,,,,,,,,,,,,,1.875572,On,Connected,-70.000000,5220,60,,,,IWLAN
820,1,,,-121.9314830,47.5244923,2026-01-23 19:08:16.000,_20260123_105610_CH02_TMO_5GNR_WFC_MT-DUT-2_TC-155.dml,,,,,,,,,,NR SA,,,,,,,,,,,,,,,,,,,594,,1.875572,On,Connected,-70.000000,5220,60,,,,IWLAN
821,1,,,-121.9314830,47.5244923,2026-01-23 19:08:17.000,_20260123_105610_CH02_TMO_5GNR_WFC_MT-DUT-2_TC-155.dml,,,,,,,,,,NR SA,,,,,,,,,,,,,,,,,,,,,1.875572,On,Connected,-70.000000,5220,60,,,,IWLAN
822,1,,,-121.9314830,47.5244923,2026-01-23 19:08:18.000,_20260123_105610_CH02_TMO_5GNR_WFC_MT-DUT-2_TC-155.dml,,,,,,,,,,NR SA,,,,,,,,,,,,,,,,,,,594,,1.875572,On,Connected,-70.000000,5220,60,,,,IWLAN
823,1,,,-121.9314830,47.5244923,2026-01-23 19:08:19.000,_20260123_105610_CH02_TMO_5GNR_WFC_MT-DUT-2_TC-155.dml,,,,,,,,,,NR SA,,,,,,,,,,,,,,,,,,,,,1.875572,On,Connected,-70.000000,5220,60,,,,IWLAN
824,1,,,-121.9314830,47.5244923,2026-01-23 19:08:20.000,_20260123_105610_CH02_TMO_5GNR_WFC_MT-DUT-2_TC-155.dml,,,,,,,,,,NR SA,,,,,,,,,,,,,,,,,,,594,,1.875572,On,Connected,-70.000000,5220,60,,,,IWLAN
825,1,,,-121.9314830,47.5244923,2026-01-23 19:08:21.000,_20260123_105610_CH02_TMO_5GNR_WFC_MT-DUT-2_TC-155.dml,,,,,,,,,,NR SA,,,,,,,,,,,,,,,,,,,,,1.875572,On,Connected,-70.000000,5220,60,,,,IWLAN
826,1,,,-121.9314830,47.5244923,2026-01-23 19:08:22.000,_20260123_105610_CH02_TMO_5GNR_WFC_MT-DUT-2_TC-155.dml,,,,,,,,,,NR SA,,,,,,,,,,,,,,,,,,,594,,1.875572,On,Connected,-70.000000,5220,60,,,,IWLAN
827,1,,,-121.9314830,47.5244923,2026-01-23 19:08:23.000,_20260123_105610_CH02_TMO_5GNR_WFC_MT-DUT-2_TC-155.dml,,,,,,,,,,NR SA,,,,,,,,,,,,,,,,,,,,,1.875572,On,Connected,-70.000000,5220,60,,,,IWLAN
828,1,,,-121.9314830,47.5244923,2026-01-23 19:08:24.000,_20260123_105610_CH02_TMO_5GNR_WFC_MT-DUT-2_TC-155.dml,,,,,,,,,,NR SA,,,,,,,,,,,,,,,,,,,594,,1.875572,On,Connected,-70.000000,5220,60,,,,IWLAN
829,1,,,-121.9314830,47.5244923,2026-01-23 19:08:25.000,_20260123_105610_CH02_TMO_5GNR_WFC_MT-DUT-2_TC-155.dml,,,,,,,,,,NR SA,,,,,,,,,,,,,,,,,,,,,,On,Connected,-70.000000,5220,60,,,,IWLAN
830,1,,,-121.9314830,47.5244923,2026-01-23 19:08:25.520,_20260123_105610_CH02_TMO_5GNR_WFC_MT-DUT-2_TC-155.dml,,,,,,,,,,,,,,,,,,,,,,,,,,,,,,-85.185294,,,,,,,,,,
831,1,,,-121.9314830,47.5244923,2026-01-23 19:08:26.000,_20260123_105610_CH02_TMO_5GNR_WFC_MT-DUT-2_TC-155.dml,,,,,,,,,,NR SA,,,,,,,,,,,,,,,,,,,594,,,On,Connected,-70.000000,5220,60,,,,IWLAN
832,1,,,-121.9314830,47.5244923,2026-01-23 19:08:27.000,_20260123_105610_CH02_TMO_5GNR_WFC_MT-DUT-2_TC-155.dml,,,,,,,,,,NR SA,,,,,,,,,,,,,,,,,,,594,,,On,Connected,-70.000000,5220,60,,,,IWLAN
833,1,,,-121.9314830,47.5244923,2026-01-23 19:08:28.000,_20260123_105610_CH02_TMO_5GNR_WFC_MT-DUT-2_TC-155.dml,,,,,,,,,,NR SA,,,,,,,,,,,,,,,,,,,,,,On,Connected,-70.000000,5220,60,,,,IWLAN
834,1,,,-121.9314830,47.5244923,2026-01-23 19:08:29.000,_20260123_105610_CH02_TMO_5GNR_WFC_MT-DUT-2_TC-155.dml,,,,,,,,,,NR SA,,,,,,,,,,,,,,,,,,,594,,,On,Connected,-70.000000,5220,60,,,,IWLAN
835,1,,,-121.9314830,47.5244923,2026-01-23 19:08:30.000,_20260123_105610_CH02_TMO_5GNR_WFC_MT-DUT-2_TC-155.dml,,,,,,,,,,NR SA,,,,,,,,,,,,,,,,,,,,,,On,Connected,-70.000000,5220,60,,,,IWLAN
836,1,,,-121.9314830,47.5244923,2026-01-23 19:08:31.000,_20260123_105610_CH02_TMO_5GNR_WFC_MT-DUT-2_TC-155.dml,,,,,,,,,,NR SA,,,,,,,,,,,,,,,,,,,594,,,On,Connected,-70.000000,5220,60,,,,IWLAN
837,1,,,-121.9314830,47.5244923,2026-01-23 19:08:32.000,_20260123_105610_CH02_TMO_5GNR_WFC_MT-DUT-2_TC-155.dml,,,,,,,,,,NR SA,,,,,,,,,,,,,,,,,,,,,,On,Connected,-70.000000,5220,60,,,,IWLAN
838,1,,,-121.9314830,47.5244923,2026-01-23 19:08:33.000,_20260123_105610_CH02_TMO_5GNR_WFC_MT-DUT-2_TC-155.dml,,,,,,,,,,NR SA,,,,,,,,,,,,,,,,,,,594,,,On,Connected,-70.000000,5220,60,,,,IWLAN
839,1,,,-121.9314830,47.5244923,2026-01-23 19:08:34.000,_20260123_105610_CH02_TMO_5GNR_WFC_MT-DUT-2_TC-155.dml,,,,,,,,,,NR SA,,,,,,,,,,,,,,,,,,,,,,On,Connected,-70.000000,5220,60,,,,IWLAN
840,1,,,-121.9314830,47.5244923,2026-01-23 19:08:35.239,_20260123_105610_CH02_TMO_5GNR_WFC_MT-DUT-2_TC-155.dml,,,,,,,,,,,,,,,,,,,,,,,[Tool] Voice - Pair Channel Call Drop,,,,,,,,,,,,,,,,,
841,1,,,-121.9314830,47.5244923,2026-01-23 19:08:35.239,_20260123_105610_CH02_TMO_5GNR_WFC_MT-DUT-2_TC-155.dml,,,,,,,,,,,,,,,,,,,,,,,[Tool] Voice - Release Call Request,,,,,,,,,,,,,,,,,
842,1,,,-121.9314830,47.5244923,2026-01-23 19:08:35.000,_20260123_105610_CH02_TMO_5GNR_WFC_MT-DUT-2_TC-155.dml,,,,,,,,,,NR SA,,,,,,,,,,,,,,,,,,,594,,,On,Connected,-70.000000,5220,60,,,,IWLAN
843,1,,,-121.9314830,47.5244923,2026-01-23 19:08:35.739,_20260123_105610_CH02_TMO_5GNR_WFC_MT-DUT-2_TC-155.dml,,,,,,,,,,,,,,,,,,,,,,BQ,[Tool] Voice - Call Result : BQ,,,,,,,,,,,,,,,,,
844,1,,,-121.9314830,47.5244923,2026-01-23 19:08:35.739,_20260123_105610_CH02_TMO_5GNR_WFC_MT-DUT-2_TC-155.dml,,,,,,,,,,,,,,,,,,,,,,,[UE]   Voice - Release Call Success,,,,,,,,,,,,,,,,,
845,1,,,-121.9314830,47.5244923,2026-01-23 19:08:36.000,_20260123_105610_CH02_TMO_5GNR_WFC_MT-DUT-2_TC-155.dml,,,,,,,,,,,,,,,,,,,,,,,,,,,,,594,,,On,Connected,-70.000000,5220,60,,,,IWLAN
846,1,,,-121.9314830,47.5244923,2026-01-23 19:08:36.645,_20260123_105610_CH02_TMO_5GNR_WFC_MT-DUT-2_TC-155.dml,,,,,,,,,,,,,,,,,,,,,,,[UE]   Voice - Release Call Success,,,,,,,,,,,,,,,,,
847,1,,,-121.9314830,47.5244923,2026-01-23 19:08:37.000,_20260123_105610_CH02_TMO_5GNR_WFC_MT-DUT-2_TC-155.dml,,,,,,,,,,,,,,,,,,,,,,,,,,,,,,,,On,Connected,-70.000000,5220,68,,,,IWLAN
848,1,,,-121.9314830,47.5244923,2026-01-23 19:08:38.000,_20260123_105610_CH02_TMO_5GNR_WFC_MT-DUT-2_TC-155.dml,,,,,,,,,,,,,,,,,,,,,,,,,,,,,,,,On,Connected,-70.000000,5220,68,,,,IWLAN
849,1,,,-121.9314830,47.5244923,2026-01-23 19:08:39.000,_20260123_105610_CH02_TMO_5GNR_WFC_MT-DUT-2_TC-155.dml,,,,,,,,,,,,,,,,,,,,,,,,,,,,,594,,,On,Connected,-70.000000,5220,68,,,,IWLAN
850,1,,,-121.9314830,47.5244923,2026-01-23 19:08:40.000,_20260123_105610_CH02_TMO_5GNR_WFC_MT-DUT-2_TC-155.dml,,,,,,,,,,,,,,,,,,,,,,,,,,,,,,,,On,Connected,-69.000000,5220,68,,,,IWLAN
851,1,,,-121.9314830,47.5244923,2026-01-23 19:08:41.000,_20260123_105610_CH02_TMO_5GNR_WFC_MT-DUT-2_TC-155.dml,,,,,,,,,,,,,,,,,,,,,,,,,,,,,594,,,On,Connected,-69.000000,5220,68,,,,IWLAN
852,1,,,-121.9314830,47.5244923,2026-01-23 19:08:42.000,_20260123_105610_CH02_TMO_5GNR_WFC_MT-DUT-2_TC-155.dml,,,,,,,,,,,,,,,,,,,,,,,,,,,,,,,,On,Connected,-69.000000,5220,68,,,,IWLAN
853,1,,,-121.9314830,47.5244923,2026-01-23 19:08:43.000,_20260123_105610_CH02_TMO_5GNR_WFC_MT-DUT-2_TC-155.dml,,,,,,,,,,,,,,,,,,,,,,,,,,,,,594,,,On,Connected,-69.000000,5220,68,,,,IWLAN
854,1,,,-121.9314830,47.5244923,2026-01-23 19:08:44.000,_20260123_105610_CH02_TMO_5GNR_WFC_MT-DUT-2_TC-155.dml,,,,,,,,,,,,,,,,,,,,,,,,,,,,,,,,On,Connected,-69.000000,5220,68,,,,IWLAN
855,1,,,-121.9314830,47.5244923,2026-01-23 19:08:45.000,_20260123_105610_CH02_TMO_5GNR_WFC_MT-DUT-2_TC-155.dml,,,,,,,,,,,,,,,,,,,,,,,,,,,,,594,,,On,Connected,-69.000000,5220,68,,,,IWLAN
856,1,,,-121.9314830,47.5244923,2026-01-23 19:08:46.000,_20260123_105610_CH02_TMO_5GNR_WFC_MT-DUT-2_TC-155.dml,,,,,,,,,,,,,,,,,,,,,,,,,,,,,,,,On,Connected,-69.000000,5220,102,,,,IWLAN
857,1,,,-121.9314830,47.5244923,2026-01-23 19:08:47.000,_20260123_105610_CH02_TMO_5GNR_WFC_MT-DUT-2_TC-155.dml,,,,,,,,,,,,,,,,,,,,,,,,,,,,,594,,,On,Connected,-69.000000,5220,102,,,,IWLAN
858,1,,,-121.9314830,47.5244923,2026-01-23 19:08:48.000,_20260123_105610_CH02_TMO_5GNR_WFC_MT-DUT-2_TC-155.dml,,,,,,,,,,,,,,,,,,,,,,,,,,,,,,,,On,Connected,-69.000000,5220,102,,,,IWLAN
859,1,,,-121.9314830,47.5244923,2026-01-23 19:08:49.000,_20260123_105610_CH02_TMO_5GNR_WFC_MT-DUT-2_TC-155.dml,,,,,,,,,,,,,,,,,,,,,,,,,,,,,594,,,On,Connected,-69.000000,5220,68,,,,IWLAN
860,1,,,-121.9314830,47.5244923,2026-01-23 19:08:50.000,_20260123_105610_CH02_TMO_5GNR_WFC_MT-DUT-2_TC-155.dml,,,,,,,,,,,,,,,,,,,,,,,,,,,,,,,,On,Connected,-69.000000,5220,68,,,,IWLAN
861,1,,,-121.9314830,47.5244923,2026-01-23 19:08:51.000,_20260123_105610_CH02_TMO_5GNR_WFC_MT-DUT-2_TC-155.dml,,,,,,,,,,,,,,,,,,,,,,,,,,,,,594,,,On,Connected,-69.000000,5220,68,,,,IWLAN
862,1,,,-121.9314830,47.5244923,2026-01-23 19:08:52.000,_20260123_105610_CH02_TMO_5GNR_WFC_MT-DUT-2_TC-155.dml,,,,,,,,,,,,,,,,,,,,,,,,,,,,,594,,,On,Connected,-69.000000,5220,68,,,,IWLAN
863,1,,,-121.9314830,47.5244923,2026-01-23 19:08:53.000,_20260123_105610_CH02_TMO_5GNR_WFC_MT-DUT-2_TC-155.dml,,,,,,,,,,,,,,,,,,,,,,,,,,,,,,,,On,Connected,-69.000000,5220,68,,,,IWLAN
864,1,,,-121.9314830,47.5244923,2026-01-23 19:08:54.000,_20260123_105610_CH02_TMO_5GNR_WFC_MT-DUT-2_TC-155.dml,,,,,,,,,,,,,,,,,,,,,,,,,,,,,594,,,On,Connected,-69.000000,5220,68,,,,IWLAN
865,1,,,-121.9314830,47.5244923,2026-01-23 19:08:55.000,_20260123_105610_CH02_TMO_5GNR_WFC_MT-DUT-2_TC-155.dml,,,,,,,,,,,,,,,,,,,,,,,,,,,,,,,,On,Connected,-69.000000,5220,68,,,,IWLAN
866,1,,,-121.9314830,47.5244923,2026-01-23 19:08:56.000,_20260123_105610_CH02_TMO_5GNR_WFC_MT-DUT-2_TC-155.dml,,,,,,,,,,,,,,,,,,,,,,,,,,,,,594,,,On,Connected,-69.000000,5220,68,,,,IWLAN
867,1,,,-121.9314830,47.5244923,2026-01-23 19:08:57.000,_20260123_105610_CH02_TMO_5GNR_WFC_MT-DUT-2_TC-155.dml,,,,,,,,,,,,,,,,,,,,,,,,,,,,,,,,On,Connected,-69.000000,5220,68,,,,IWLAN
868,1,,,-121.9314830,47.5244923,2026-01-23 19:08:58.000,_20260123_105610_CH02_TMO_5GNR_WFC_MT-DUT-2_TC-155.dml,,,,,,,,,,,,,,,,,,,,,,,,,,,,,594,,,On,Connected,-68.000000,5220,68,,,,IWLAN
869,1,,,-121.9314830,47.5244923,2026-01-23 19:08:59.000,_20260123_105610_CH02_TMO_5GNR_WFC_MT-DUT-2_TC-155.dml,,,,,,,,,,,,,,,,,,,,,,,,,,,,,,,,On,Connected,-68.000000,5220,68,,,,IWLAN
870,1,,,-121.9314830,47.5244923,2026-01-23 19:09:00.000,_20260123_105610_CH02_TMO_5GNR_WFC_MT-DUT-2_TC-155.dml,,,,,,,,,,,,,,,,,,,,,,,,,,,,,594,,,On,Connected,-68.000000,5220,68,,,,IWLAN
871,1,,,-121.9314830,47.5244923,2026-01-23 19:09:01.000,_20260123_105610_CH02_TMO_5GNR_WFC_MT-DUT-2_TC-155.dml,,,,,,,,,,,,,,,,,,,,,,,,,,,,,,,,On,Connected,-69.000000,5220,136,,,,IWLAN
872,1,,,-121.9314830,47.5244923,2026-01-23 19:09:02.000,_20260123_105610_CH02_TMO_5GNR_WFC_MT-DUT-2_TC-155.dml,,,,,,,,,,,,,,,,,,,,,,,,,,,,,594,,,On,Connected,-69.000000,5220,136,,,,IWLAN
873,1,,,-121.9314830,47.5244923,2026-01-23 19:09:03.410,_20260123_105610_CH02_TMO_5GNR_WFC_MT-DUT-2_TC-155.dml,,,,,,,,,,,,,,,,,,,,,,,[Tool] Voice - Release Call Request,,,,,,,,,,,,,,,,,
874,1,,,-121.9314830,47.5244923,2026-01-23 19:09:03.000,_20260123_105610_CH02_TMO_5GNR_WFC_MT-DUT-2_TC-155.dml,,,,,,,,,,,,,,,,,,,,,,,,,,,,,,,,On,Connected,-69.000000,5220,136,,,,IWLAN
875,1,,,-121.9314830,47.5244923,2026-01-23 19:09:04.000,_20260123_105610_CH02_TMO_5GNR_WFC_MT-DUT-2_TC-155.dml,,,,,,,,,,,,,,,,,,,,,,,,,,,,,594,,,On,Connected,-69.000000,5220,136,,,,IWLAN
876,1,,,-121.9314830,47.5244923,2026-01-23 19:09:05.000,_20260123_105610_CH02_TMO_5GNR_WFC_MT-DUT-2_TC-155.dml,,,,,,,,,,,,,,,,,,,,,,,,,,,,,,,,On,Connected,-69.000000,5220,136,,,,IWLAN
877,1,,,-121.9314830,47.5244923,2026-01-23 19:09:05.926,_20260123_105610_CH02_TMO_5GNR_WFC_MT-DUT-2_TC-155.dml,,,,,,,,,,,,,,,,,,,,,,,[Tool] Voice - Call Scheduling End,,,,,,,,,,,,,,,,,
878,1,,,-121.9314830,47.5244923,2026-01-23 19:09:05.926,_20260123_105610_CH02_TMO_5GNR_WFC_MT-DUT-2_TC-155.dml,NR SA,Voice,BQ,NR SA,NR SA,,,,,,,,,,,,BQ,Termination,BQ,,,,,,,,,90.453000,,,,,,,,,,EPSFB,,
879,1,,,-121.9314830,47.5244923,2026-01-23 19:09:05.926,_20260123_105610_CH02_TMO_5GNR_WFC_MT-DUT-2_TC-155.dml,,,,,,,,,,,,,,,,,,,,,,,[Tool] Voice - Release Call Request,,,,,,,,,,,,,,,,,
880,1,,,-121.9314830,47.5244923,2026-01-23 19:09:06.000,_20260123_105610_CH02_TMO_5GNR_WFC_MT-DUT-2_TC-155.dml,,,,,,,,,,,,,,,,,,,,,,,,,,,,,594,,,On,Connected,-69.000000,5220,136,,,,IWLAN
881,1,,,-121.9314830,47.5244923,2026-01-23 19:09:06.443,_20260123_105610_CH02_TMO_5GNR_WFC_MT-DUT-2_TC-155.dml,,,,,,,,,,,,,,,,,,,,,,,[Tool] Voice - Call Scheduling Start(Term),,,,,,,,,,,,,,,,,
882,1,,,-121.9314830,47.5244923,2026-01-23 19:09:06.443,_20260123_105610_CH02_TMO_5GNR_WFC_MT-DUT-2_TC-155.dml,,,,,,,,,,,,,,,,,,,,,,,[Tool] Voice - Wait Page,,,,,,,,,,,,,,,,,
883,1,,,-121.9314830,47.5244923,2026-01-23 19:09:07.000,_20260123_105610_CH02_TMO_5GNR_WFC_MT-DUT-2_TC-155.dml,,,,,,,,,,,,,,,,,,,,,,,,,,,,,,,,On,Connected,-70.000000,5220,136,,,,
884,1,,,-121.9314830,47.5244923,2026-01-23 19:09:08.000,_20260123_105610_CH02_TMO_5GNR_WFC_MT-DUT-2_TC-155.dml,,,,,,,,,,,,,,,,,,,,,,,,,,,,,594,,,On,Connected,-70.000000,5220,136,,,,IWLAN
885,1,,,-121.9314830,47.5244923,2026-01-23 19:09:09.000,_20260123_105610_CH02_TMO_5GNR_WFC_MT-DUT-2_TC-155.dml,,,,,,,,,,,,,,,,,,,,,,,,,,,,,,,,On,Connected,-70.000000,5220,136,,,,IWLAN
886,1,,,-121.9314830,47.5244923,2026-01-23 19:09:09.568,_20260123_105610_CH02_TMO_5GNR_WFC_MT-DUT-2_TC-155.dml,,,,,,,,,,,,,,,,,,,,,,,[Tool] Voice - Answer Request,,,,,,,,,,,,,,,,,
887,1,,,-121.9314830,47.5244923,2026-01-23 19:09:10.599,_20260123_105610_CH02_TMO_5GNR_WFC_MT-DUT-2_TC-155.dml,,,,,,,,,,,,,,,,,,,,,,,[UE]   Voice - Setup Success,,,,,,,,,,,,,,,,,
888,1,,,-121.9314830,47.5244923,2026-01-23 19:09:10.000,_20260123_105610_CH02_TMO_5GNR_WFC_MT-DUT-2_TC-155.dml,,,,,,,,,,NR SA,,,,,,,,,,,,,,,,,,,594,,,On,Connected,-70.000000,5220,136,,,,IWLAN
889,1,,,-121.9314830,47.5244923,2026-01-23 19:09:11.000,_20260123_105610_CH02_TMO_5GNR_WFC_MT-DUT-2_TC-155.dml,,,,,,,,,,NR SA,,,,,,,,,,,,,,,,,,,,,,On,Connected,-70.000000,5220,136,,,,IWLAN
890,1,,,-121.9314830,47.5244923,2026-01-23 19:09:12.000,_20260123_105610_CH02_TMO_5GNR_WFC_MT-DUT-2_TC-155.dml,,,,,,,,,,NR SA,,,,,,,,,,,,,,,,,,,594,,,On,Connected,-70.000000,5220,136,,,,IWLAN
891,1,,,-121.9314830,47.5244923,2026-01-23 19:09:13.000,_20260123_105610_CH02_TMO_5GNR_WFC_MT-DUT-2_TC-155.dml,,,,,,,,,,NR SA,,,,,,,,,,,,,,,,,,,,,,On,Connected,-70.000000,5220,68,,,,
892,1,,,-121.9314830,47.5244923,2026-01-23 19:09:14.000,_20260123_105610_CH02_TMO_5GNR_WFC_MT-DUT-2_TC-155.dml,,,,,,,,,,NR SA,,,,,,,,,,,,,,,,,,,594,,,On,Connected,-70.000000,5220,68,,,,IWLAN
893,1,,,-121.9314830,47.5244923,2026-01-23 19:09:15.000,_20260123_105610_CH02_TMO_5GNR_WFC_MT-DUT-2_TC-155.dml,,,,,,,,,,NR SA,,,,,,,,,,,,,,,,,,,,,,On,Connected,-70.000000,5220,68,,,,IWLAN
894,1,,,-121.9314830,47.5244923,2026-01-23 19:09:16.000,_20260123_105610_CH02_TMO_5GNR_WFC_MT-DUT-2_TC-155.dml,,,,,,,,,,NR SA,,,,,,,,,,,,,,,,,,,594,,,On,Connected,-70.000000,5220,136,,,,IWLAN
895,1,,,-121.9314830,47.5244923,2026-01-23 19:09:17.000,_20260123_105610_CH02_TMO_5GNR_WFC_MT-DUT-2_TC-155.dml,,,,,,,,,,NR SA,,,,,,,,,,,,,,,,,,,594,,,On,Connected,-70.000000,5220,136,,,,IWLAN
896,1,,,-121.9314830,47.5244923,2026-01-23 19:09:18.000,_20260123_105610_CH02_TMO_5GNR_WFC_MT-DUT-2_TC-155.dml,,,,,,,,,,NR SA,,,,,,,,,,,,,,,,,,,,,,On,Connected,-70.000000,5220,136,,,,IWLAN
897,1,,,-121.9314830,47.5244923,2026-01-23 19:09:19.000,_20260123_105610_CH02_TMO_5GNR_WFC_MT-DUT-2_TC-155.dml,,,,,,,,,,NR SA,,,,,,,,,,,,,,,,,,,594,,,On,Connected,-70.000000,5220,136,,,,IWLAN
898,1,,,-121.9314830,47.5244923,2026-01-23 19:09:20.000,_20260123_105610_CH02_TMO_5GNR_WFC_MT-DUT-2_TC-155.dml,,,,,,,,,,NR SA,,,,,,,,,,,,,,,,,,,,,,On,Connected,-70.000000,5220,136,,,,IWLAN
899,1,,,-121.9314830,47.5244923,2026-01-23 19:09:21.000,_20260123_105610_CH02_TMO_5GNR_WFC_MT-DUT-2_TC-155.dml,,,,,,,,,,NR SA,,,,,,,,,,,,,,,,,,,594,,2.092018,On,Connected,-70.000000,5220,136,,,,IWLAN
900,1,,,-121.9314830,47.5244923,2026-01-23 19:09:22.000,_20260123_105610_CH02_TMO_5GNR_WFC_MT-DUT-2_TC-155.dml,,,,,,,,,,NR SA,,,,,,,,,,,,,,,,,,,,,2.092018,On,Connected,-70.000000,5220,130,,,,IWLAN
901,1,,,-121.9314830,47.5244923,2026-01-23 19:09:23.000,_20260123_105610_CH02_TMO_5GNR_WFC_MT-DUT-2_TC-155.dml,,,,,,,,,,NR SA,,,,,,,,,,,,,,,,,,,594,,2.092018,On,Connected,-70.000000,5220,130,,,,IWLAN
902,1,,,-121.9314830,47.5244923,2026-01-23 19:09:24.000,_20260123_105610_CH02_TMO_5GNR_WFC_MT-DUT-2_TC-155.dml,,,,,,,,,,NR SA,,,,,,,,,,,,,,,,,,,,,2.092018,On,Connected,-70.000000,5220,130,,,,IWLAN
903,1,,,-121.9314830,47.5244923,2026-01-23 19:09:25.000,_20260123_105610_CH02_TMO_5GNR_WFC_MT-DUT-2_TC-155.dml,,,,,,,,,,NR SA,,,,,,,,,,,,,,,,,,,594,,2.092018,On,Connected,-70.000000,5220,68,,,,IWLAN
904,1,,,-121.9314830,47.5244923,2026-01-23 19:09:26.000,_20260123_105610_CH02_TMO_5GNR_WFC_MT-DUT-2_TC-155.dml,,,,,,,,,,NR SA,,,,,,,,,,,,,,,,,,,594,,2.092018,On,Connected,-70.000000,5220,68,,,,IWLAN
905,1,,,-121.9314830,47.5244923,2026-01-23 19:09:27.000,_20260123_105610_CH02_TMO_5GNR_WFC_MT-DUT-2_TC-155.dml,,,,,,,,,,NR SA,,,,,,,,,,,,,,,,,,,,,2.092018,On,Connected,-70.000000,5220,68,,,,IWLAN
906,1,,,-121.9314830,47.5244923,2026-01-23 19:09:28.000,_20260123_105610_CH02_TMO_5GNR_WFC_MT-DUT-2_TC-155.dml,,,,,,,,,,NR SA,,,,,,,,,,,,,,,,,,,594,,2.092018,On,Connected,-69.000000,5220,136,,,,IWLAN
907,1,,,-121.9314830,47.5244923,2026-01-23 19:09:29.000,_20260123_105610_CH02_TMO_5GNR_WFC_MT-DUT-2_TC-155.dml,,,,,,,,,,NR SA,,,,,,,,,,,,,,,,,,,,,2.092018,On,Connected,-69.000000,5220,136,,,,IWLAN
908,1,,,-121.9314830,47.5244923,2026-01-23 19:09:30.000,_20260123_105610_CH02_TMO_5GNR_WFC_MT-DUT-2_TC-155.dml,,,,,,,,,,NR SA,,,,,,,,,,,,,,,,,,,594,,2.092018,On,Connected,-69.000000,5220,136,,,,IWLAN
909,1,,,-121.9314830,47.5244923,2026-01-23 19:09:31.082,_20260123_105610_CH02_TMO_5GNR_WFC_MT-DUT-2_TC-155.dml,,,,,,,,,,,,,,,,,,,,,,,,,,,,,,-85.593333,,,,,,,,,,
910,1,,,-121.9314830,47.5244923,2026-01-23 19:09:31.000,_20260123_105610_CH02_TMO_5GNR_WFC_MT-DUT-2_TC-155.dml,,,,,,,,,,NR SA,,,,,,,,,,,,,,,,,,,,,,On,Connected,-69.000000,5220,68,,,,IWLAN
911,1,,,-121.9314830,47.5244923,2026-01-23 19:09:32.000,_20260123_105610_CH02_TMO_5GNR_WFC_MT-DUT-2_TC-155.dml,,,,,,,,,,NR SA,,,,,,,,,,,,,,,,,,,594,,,On,Connected,-69.000000,5220,68,,,,IWLAN
912,1,,,-121.9314830,47.5244923,2026-01-23 19:09:33.000,_20260123_105610_CH02_TMO_5GNR_WFC_MT-DUT-2_TC-155.dml,,,,,,,,,,NR SA,,,,,,,,,,,,,,,,,,,,,,On,Connected,-69.000000,5220,68,,,,IWLAN
913,1,,,-121.9314830,47.5244923,2026-01-23 19:09:34.000,_20260123_105610_CH02_TMO_5GNR_WFC_MT-DUT-2_TC-155.dml,,,,,,,,,,NR SA,,,,,,,,,,,,,,,,,,,594,,,On,Connected,-69.000000,5220,68,,,,IWLAN
914,1,,,-121.9314830,47.5244923,2026-01-23 19:09:35.000,_20260123_105610_CH02_TMO_5GNR_WFC_MT-DUT-2_TC-155.dml,,,,,,,,,,NR SA,,,,,,,,,,,,,,,,,,,594,,,On,Connected,-69.000000,5220,68,,,,IWLAN
915,1,,,-121.9314830,47.5244923,2026-01-23 19:09:36.000,_20260123_105610_CH02_TMO_5GNR_WFC_MT-DUT-2_TC-155.dml,,,,,,,,,,NR SA,,,,,,,,,,,,,,,,,,,,,,On,Connected,-69.000000,5220,68,,,,IWLAN
916,1,,,-121.9314830,47.5244923,2026-01-23 19:09:37.000,_20260123_105610_CH02_TMO_5GNR_WFC_MT-DUT-2_TC-155.dml,,,,,,,,,,NR SA,,,,,,,,,,,,,,,,,,,594,,,On,Connected,-69.000000,5220,136,,,,IWLAN
917,1,,,-121.9314830,47.5244923,2026-01-23 19:09:38.000,_20260123_105610_CH02_TMO_5GNR_WFC_MT-DUT-2_TC-155.dml,,,,,,,,,,NR SA,,,,,,,,,,,,,,,,,,,,,,,Connected,,,,,,,IWLAN
918,1,,,-121.9314830,47.5244923,2026-01-23 19:09:39.000,_20260123_105610_CH02_TMO_5GNR_WFC_MT-DUT-2_TC-155.dml,,,,,,,,,,NR SA,,,,,,,,,,,,,,,,,,,594,,,On,Connected,-69.000000,5220,136,,,,IWLAN
919,1,,,-121.9314830,47.5244923,2026-01-23 19:09:40.000,_20260123_105610_CH02_TMO_5GNR_WFC_MT-DUT-2_TC-155.dml,,,,,,,,,,NR SA,,,,,,,,,,,,,,,,,,,,,,On,Connected,-68.000000,5220,68,,,,IWLAN
920,1,,,-121.9314830,47.5244923,2026-01-23 19:09:41.000,_20260123_105610_CH02_TMO_5GNR_WFC_MT-DUT-2_TC-155.dml,,,,,,,,,,NR SA,,,,,,,,,,,,,,,,,,,594,,2.289262,On,Connected,-68.000000,5220,68,,,,IWLAN
921,1,,,-121.9314830,47.5244923,2026-01-23 19:09:42.000,_20260123_105610_CH02_TMO_5GNR_WFC_MT-DUT-2_TC-155.dml,,,,,,,,,,NR SA,,,,,,,,,,,,,,,,,,,,,2.289262,On,Connected,-68.000000,5220,68,,,,IWLAN
922,1,,,-121.9314830,47.5244923,2026-01-23 19:09:43.000,_20260123_105610_CH02_TMO_5GNR_WFC_MT-DUT-2_TC-155.dml,,,,,,,,,,NR SA,,,,,,,,,,,,,,,,,,,594,,2.289262,On,Connected,-68.000000,5220,68,,,,IWLAN
923,1,,,-121.9314830,47.5244923,2026-01-23 19:09:44.000,_20260123_105610_CH02_TMO_5GNR_WFC_MT-DUT-2_TC-155.dml,,,,,,,,,,NR SA,,,,,,,,,,,,,,,,,,,,,2.289262,On,Connected,-68.000000,5220,68,,,,IWLAN
924,1,,,-121.9314830,47.5244923,2026-01-23 19:09:45.000,_20260123_105610_CH02_TMO_5GNR_WFC_MT-DUT-2_TC-155.dml,,,,,,,,,,NR SA,,,,,,,,,,,,,,,,,,,594,,2.289262,,Connected,,,,,,,IWLAN
925,1,,,-121.9314830,47.5244923,2026-01-23 19:09:46.000,_20260123_105610_CH02_TMO_5GNR_WFC_MT-DUT-2_TC-155.dml,,,,,,,,,,NR SA,,,,,,,,,,,,,,,,,,,,,2.289262,On,Connected,-68.000000,5220,68,,,,IWLAN
926,1,,,-121.9314830,47.5244923,2026-01-23 19:09:47.000,_20260123_105610_CH02_TMO_5GNR_WFC_MT-DUT-2_TC-155.dml,,,,,,,,,,NR SA,,,,,,,,,,,,,,,,,,,594,,2.289262,,Connected,,,,,,,IWLAN
927,1,,,-121.9314830,47.5244923,2026-01-23 19:09:48.000,_20260123_105610_CH02_TMO_5GNR_WFC_MT-DUT-2_TC-155.dml,,,,,,,,,,NR SA,,,,,,,,,,,,,,,,,,,594,,2.289262,On,Connected,-68.000000,5220,68,,,,IWLAN
928,1,,,-121.9314830,47.5244923,2026-01-23 19:09:49.000,_20260123_105610_CH02_TMO_5GNR_WFC_MT-DUT-2_TC-155.dml,,,,,,,,,,NR SA,,,,,,,,,,,,,,,,,,,594,,2.289262,On,Connected,-68.000000,5220,68,,,,IWLAN
929,1,,,-121.9314830,47.5244923,2026-01-23 19:09:50.000,_20260123_105610_CH02_TMO_5GNR_WFC_MT-DUT-2_TC-155.dml,,,,,,,,,,NR SA,,,,,,,,,,,,,,,,,,,,,2.289262,On,Connected,-68.000000,5220,68,,,,IWLAN
930,1,,,-121.9314830,47.5244923,2026-01-23 19:09:51.083,_20260123_105610_CH02_TMO_5GNR_WFC_MT-DUT-2_TC-155.dml,,,,,,,,,,,,,,,,,,,,,,,,,,,,,,-83.132500,,,,,,,,,,
931,1,,,-121.9314830,47.5244923,2026-01-23 19:09:51.000,_20260123_105610_CH02_TMO_5GNR_WFC_MT-DUT-2_TC-155.dml,,,,,,,,,,NR SA,,,,,,,,,,,,,,,,,,,594,,,On,Connected,-68.000000,5220,68,,,,IWLAN
932,1,,,-121.9314830,47.5244923,2026-01-23 19:09:52.000,_20260123_105610_CH02_TMO_5GNR_WFC_MT-DUT-2_TC-155.dml,,,,,,,,,,NR SA,,,,,,,,,,,,,,,,,,,,,,,Connected,,,,,,,IWLAN
933,1,,,-121.9314830,47.5244923,2026-01-23 19:09:53.000,_20260123_105610_CH02_TMO_5GNR_WFC_MT-DUT-2_TC-155.dml,,,,,,,,,,NR SA,,,,,,,,,,,,,,,,,,,594,,,On,Connected,-68.000000,5220,68,,,,IWLAN
934,1,,,-121.9314830,47.5244923,2026-01-23 19:09:54.000,_20260123_105610_CH02_TMO_5GNR_WFC_MT-DUT-2_TC-155.dml,,,,,,,,,,NR SA,,,,,,,,,,,,,,,,,,,,,,,Connected,,,,,,,IWLAN
935,1,,,-121.9314830,47.5244923,2026-01-23 19:09:55.000,_20260123_105610_CH02_TMO_5GNR_WFC_MT-DUT-2_TC-155.dml,,,,,,,,,,NR SA,,,,,,,,,,,,,,,,,,,594,,,On,Connected,-68.000000,5220,68,,,,IWLAN
936,1,,,-121.9314830,47.5244923,2026-01-23 19:09:56.000,_20260123_105610_CH02_TMO_5GNR_WFC_MT-DUT-2_TC-155.dml,,,,,,,,,,NR SA,,,,,,,,,,,,,,,,,,,,,,On,Connected,-68.000000,5220,68,,,,IWLAN
937,1,,,-121.9314830,47.5244923,2026-01-23 19:09:57.000,_20260123_105610_CH02_TMO_5GNR_WFC_MT-DUT-2_TC-155.dml,,,,,,,,,,NR SA,,,,,,,,,,,,,,,,,,,594,,,On,Connected,-68.000000,5220,68,,,,IWLAN
938,1,,,-121.9314830,47.5244923,2026-01-23 19:09:58.000,_20260123_105610_CH02_TMO_5GNR_WFC_MT-DUT-2_TC-155.dml,,,,,,,,,,NR SA,,,,,,,,,,,,,,,,,,,,,,On,Connected,-68.000000,5220,68,,,,IWLAN
939,1,,,-121.9314830,47.5244923,2026-01-23 19:09:59.000,_20260123_105610_CH02_TMO_5GNR_WFC_MT-DUT-2_TC-155.dml,,,,,,,,,,NR SA,,,,,,,,,,,,,,,,,,,594,,,,Connected,,,,,,,IWLAN
940,1,,,-121.9314830,47.5244923,2026-01-23 19:10:00.000,_20260123_105610_CH02_TMO_5GNR_WFC_MT-DUT-2_TC-155.dml,,,,,,,,,,NR SA,,,,,,,,,,,,,,,,,,,,,,On,Connected,-68.000000,5220,68,,,,IWLAN
941,1,,,-121.9314830,47.5244923,2026-01-23 19:10:01.000,_20260123_105610_CH02_TMO_5GNR_WFC_MT-DUT-2_TC-155.dml,,,,,,,,,,NR SA,,,,,,,,,,,,,,,,,,,594,,2.524204,,Connected,,,,,,,IWLAN
942,1,,,-121.9314830,47.5244923,2026-01-23 19:10:02.000,_20260123_105610_CH02_TMO_5GNR_WFC_MT-DUT-2_TC-155.dml,,,,,,,,,,NR SA,,,,,,,,,,,,,,,,,,,,,2.524204,On,Connected,-68.000000,5220,68,,,,IWLAN
943,1,,,-121.9314830,47.5244923,2026-01-23 19:10:03.000,_20260123_105610_CH02_TMO_5GNR_WFC_MT-DUT-2_TC-155.dml,,,,,,,,,,NR SA,,,,,,,,,,,,,,,,,,,594,,2.524204,On,Connected,-68.000000,5220,68,,,,IWLAN
944,1,,,-121.9314830,47.5244923,2026-01-23 19:10:04.000,_20260123_105610_CH02_TMO_5GNR_WFC_MT-DUT-2_TC-155.dml,,,,,,,,,,NR SA,,,,,,,,,,,,,,,,,,,,,2.524204,On,Connected,-68.000000,5220,68,,,,IWLAN
945,1,,,-121.9314830,47.5244923,2026-01-23 19:10:05.000,_20260123_105610_CH02_TMO_5GNR_WFC_MT-DUT-2_TC-155.dml,,,,,,,,,,NR SA,,,,,,,,,,,,,,,,,,,594,,2.524204,,Connected,,,,,,,IWLAN
946,1,,,-121.9314830,47.5244923,2026-01-23 19:10:06.000,_20260123_105610_CH02_TMO_5GNR_WFC_MT-DUT-2_TC-155.dml,,,,,,,,,,NR SA,,,,,,,,,,,,,,,,,,,594,,2.524204,On,Connected,-68.000000,5220,68,,,,IWLAN
947,1,,,-121.9314830,47.5244923,2026-01-23 19:10:07.000,_20260123_105610_CH02_TMO_5GNR_WFC_MT-DUT-2_TC-155.dml,,,,,,,,,,NR SA,,,,,,,,,,,,,,,,,,,594,,2.524204,On,Connected,-68.000000,5220,68,,,,IWLAN
948,1,,,-121.9314830,47.5244923,2026-01-23 19:10:08.000,_20260123_105610_CH02_TMO_5GNR_WFC_MT-DUT-2_TC-155.dml,,,,,,,,,,NR SA,,,,,,,,,,,,,,,,,,,,,2.524204,On,Connected,-68.000000,5220,68,,,,IWLAN
949,1,,,-121.9314830,47.5244923,2026-01-23 19:10:09.000,_20260123_105610_CH02_TMO_5GNR_WFC_MT-DUT-2_TC-155.dml,,,,,,,,,,NR SA,,,,,,,,,,,,,,,,,,,594,,2.524204,On,Connected,-68.000000,5220,68,,,,IWLAN
950,1,,,-121.9314830,47.5244923,2026-01-23 19:10:10.000,_20260123_105610_CH02_TMO_5GNR_WFC_MT-DUT-2_TC-155.dml,,,,,,,,,,NR SA,,,,,,,,,,,,,,,,,,,594,,2.524204,On,Connected,-68.000000,5220,68,,,,IWLAN
951,1,,,-121.9314830,47.5244923,2026-01-23 19:10:11.067,_20260123_105610_CH02_TMO_5GNR_WFC_MT-DUT-2_TC-155.dml,,,,,,,,,,,,,,,,,,,,,,,,,,,,,,-82.705714,,,,,,,,,,
952,1,,,-121.9314830,47.5244923,2026-01-23 19:10:11.000,_20260123_105610_CH02_TMO_5GNR_WFC_MT-DUT-2_TC-155.dml,,,,,,,,,,NR SA,,,,,,,,,,,,,,,,,,,,,,On,Connected,-68.000000,5220,68,,,,IWLAN
953,1,,,-121.9314830,47.5244923,2026-01-23 19:10:12.000,_20260123_105610_CH02_TMO_5GNR_WFC_MT-DUT-2_TC-155.dml,,,,,,,,,,NR SA,,,,,,,,,,,,,,,,,,,594,,,On,Connected,-68.000000,5220,68,,,,IWLAN
954,1,,,-121.9314830,47.5244923,2026-01-23 19:10:13.000,_20260123_105610_CH02_TMO_5GNR_WFC_MT-DUT-2_TC-155.dml,,,,,,,,,,NR SA,,,,,,,,,,,,,,,,,,,,,,On,Connected,-68.000000,5220,68,,,,IWLAN
955,1,,,-121.9314830,47.5244923,2026-01-23 19:10:14.000,_20260123_105610_CH02_TMO_5GNR_WFC_MT-DUT-2_TC-155.dml,,,,,,,,,,NR SA,,,,,,,,,,,,,,,,,,,594,,,On,Connected,-68.000000,5220,68,,,,IWLAN
956,1,,,-121.9314830,47.5244923,2026-01-23 19:10:15.000,_20260123_105610_CH02_TMO_5GNR_WFC_MT-DUT-2_TC-155.dml,,,,,,,,,,NR SA,,,,,,,,,,,,,,,,,,,,,,On,Connected,-68.000000,5220,68,,,,IWLAN
957,1,,,-121.9314830,47.5244923,2026-01-23 19:10:16.000,_20260123_105610_CH02_TMO_5GNR_WFC_MT-DUT-2_TC-155.dml,,,,,,,,,,NR SA,,,,,,,,,,,,,,,,,,,594,,,On,Connected,-68.000000,5220,68,,,,IWLAN
958,1,,,-121.9314830,47.5244923,2026-01-23 19:10:17.000,_20260123_105610_CH02_TMO_5GNR_WFC_MT-DUT-2_TC-155.dml,,,,,,,,,,NR SA,,,,,,,,,,,,,,,,,,,,,,On,Connected,-68.000000,5220,68,,,,IWLAN
959,1,,,-121.9314830,47.5244923,2026-01-23 19:10:18.000,_20260123_105610_CH02_TMO_5GNR_WFC_MT-DUT-2_TC-155.dml,,,,,,,,,,NR SA,,,,,,,,,,,,,,,,,,,594,,,On,Connected,-68.000000,5220,68,,,,IWLAN
960,1,,,-121.9314830,47.5244923,2026-01-23 19:10:19.000,_20260123_105610_CH02_TMO_5GNR_WFC_MT-DUT-2_TC-155.dml,,,,,,,,,,NR SA,,,,,,,,,,,,,,,,,,,,,,On,Connected,-68.000000,5220,68,,,,IWLAN
961,1,,,-121.9314830,47.5244923,2026-01-23 19:10:20.000,_20260123_105610_CH02_TMO_5GNR_WFC_MT-DUT-2_TC-155.dml,,,,,,,,,,NR SA,,,,,,,,,,,,,,,,,,,594,,,On,Connected,-68.000000,5220,68,,,,IWLAN
962,1,,,-121.9314830,47.5244923,2026-01-23 19:10:21.000,_20260123_105610_CH02_TMO_5GNR_WFC_MT-DUT-2_TC-155.dml,,,,,,,,,,NR SA,,,,,,,,,,,,,,,,,,,,,1.798215,On,Connected,-68.000000,5220,68,,,,IWLAN
963,1,,,-121.9314830,47.5244923,2026-01-23 19:10:22.000,_20260123_105610_CH02_TMO_5GNR_WFC_MT-DUT-2_TC-155.dml,,,,,,,,,,NR SA,,,,,,,,,,,,,,,,,,,594,,1.798215,On,Connected,-68.000000,5220,68,,,,IWLAN
964,1,,,-121.9314830,47.5244923,2026-01-23 19:10:23.000,_20260123_105610_CH02_TMO_5GNR_WFC_MT-DUT-2_TC-155.dml,,,,,,,,,,NR SA,,,,,,,,,,,,,,,,,,,,,1.798215,On,Connected,-68.000000,5220,68,,,,IWLAN
965,1,,,-121.9314830,47.5244923,2026-01-23 19:10:24.000,_20260123_105610_CH02_TMO_5GNR_WFC_MT-DUT-2_TC-155.dml,,,,,,,,,,NR SA,,,,,,,,,,,,,,,,,,,594,,1.798215,On,Connected,-68.000000,5220,68,,,,IWLAN
966,1,,,-121.9314830,47.5244923,2026-01-23 19:10:25.000,_20260123_105610_CH02_TMO_5GNR_WFC_MT-DUT-2_TC-155.dml,,,,,,,,,,NR SA,,,,,,,,,,,,,,,,,,,,,1.798215,On,Connected,-68.000000,5220,68,,,,IWLAN
967,1,,,-121.9314830,47.5244923,2026-01-23 19:10:26.000,_20260123_105610_CH02_TMO_5GNR_WFC_MT-DUT-2_TC-155.dml,,,,,,,,,,NR SA,,,,,,,,,,,,,,,,,,,594,,1.798215,,Connected,,,,,,,IWLAN
968,1,,,-121.9314830,47.5244923,2026-01-23 19:10:27.000,_20260123_105610_CH02_TMO_5GNR_WFC_MT-DUT-2_TC-155.dml,,,,,,,,,,NR SA,,,,,,,,,,,,,,,,,,,,,1.798215,On,Connected,-68.000000,5220,68,,,,IWLAN
969,1,,,-121.9314830,47.5244923,2026-01-23 19:10:28.000,_20260123_105610_CH02_TMO_5GNR_WFC_MT-DUT-2_TC-155.dml,,,,,,,,,,NR SA,,,,,,,,,,,,,,,,,,,594,,1.798215,,Connected,,,,,,,IWLAN
970,1,,,-121.9314830,47.5244923,2026-01-23 19:10:29.000,_20260123_105610_CH02_TMO_5GNR_WFC_MT-DUT-2_TC-155.dml,,,,,,,,,,NR SA,,,,,,,,,,,,,,,,,,,,,1.798215,On,Connected,-68.000000,5220,68,,,,IWLAN
971,1,,,-121.9314830,47.5244923,2026-01-23 19:10:30.000,_20260123_105610_CH02_TMO_5GNR_WFC_MT-DUT-2_TC-155.dml,,,,,,,,,,NR SA,,,,,,,,,,,,,,,,,,,594,,1.798215,On,Connected,-68.000000,5220,68,,,,IWLAN
972,1,,,-121.9314830,47.5244923,2026-01-23 19:10:31.099,_20260123_105610_CH02_TMO_5GNR_WFC_MT-DUT-2_TC-155.dml,,,,,,,,,,,,,,,,,,,,,,,,,,,,,,-83.640000,,,,,,,,,,
973,1,,,-121.9314830,47.5244923,2026-01-23 19:10:31.000,_20260123_105610_CH02_TMO_5GNR_WFC_MT-DUT-2_TC-155.dml,,,,,,,,,,NR SA,,,,,,,,,,,,,,,,,,,,,,On,Connected,-68.000000,5220,68,,,,IWLAN
974,1,,,-121.9314830,47.5244923,2026-01-23 19:10:32.000,_20260123_105610_CH02_TMO_5GNR_WFC_MT-DUT-2_TC-155.dml,,,,,,,,,,NR SA,,,,,,,,,,,,,,,,,,,594,,,On,Connected,-68.000000,5220,68,,,,IWLAN
975,1,,,-121.9314830,47.5244923,2026-01-23 19:10:33.000,_20260123_105610_CH02_TMO_5GNR_WFC_MT-DUT-2_TC-155.dml,,,,,,,,,,NR SA,,,,,,,,,,,,,,,,,,,,,,On,Connected,-68.000000,5220,68,,,,IWLAN
976,1,,,-121.9314830,47.5244923,2026-01-23 19:10:34.000,_20260123_105610_CH02_TMO_5GNR_WFC_MT-DUT-2_TC-155.dml,,,,,,,,,,NR SA,,,,,,,,,,,,,,,,,,,594,,,On,Connected,-68.000000,5220,68,,,,IWLAN
977,1,,,-121.9314830,47.5244923,2026-01-23 19:10:35.000,_20260123_105610_CH02_TMO_5GNR_WFC_MT-DUT-2_TC-155.dml,,,,,,,,,,NR SA,,,,,,,,,,,,,,,,,,,594,,,On,Connected,-68.000000,5220,68,,,,IWLAN
978,1,,,-121.9314830,47.5244923,2026-01-23 19:10:36.000,_20260123_105610_CH02_TMO_5GNR_WFC_MT-DUT-2_TC-155.dml,,,,,,,,,,NR SA,,,,,,,,,,,,,,,,,,,594,,,,Connected,,,,,,,IWLAN
979,1,,,-121.9314830,47.5244923,2026-01-23 19:10:37.000,_20260123_105610_CH02_TMO_5GNR_WFC_MT-DUT-2_TC-155.dml,,,,,,,,,,NR SA,,,,,,,,,,,,,,,,,,,594,,,On,Connected,-68.000000,5220,68,,,,IWLAN
980,1,,,-121.9314830,47.5244923,2026-01-23 19:10:38.000,_20260123_105610_CH02_TMO_5GNR_WFC_MT-DUT-2_TC-155.dml,,,,,,,,,,NR SA,,,,,,,,,,,,,,,,,,,594,,,,Connected,,,,,,,IWLAN
981,1,,,-121.9314830,47.5244923,2026-01-23 19:10:39.000,_20260123_105610_CH02_TMO_5GNR_WFC_MT-DUT-2_TC-155.dml,,,,,,,,,,NR SA,,,,,,,,,,,,,,,,,,,594,,,On,Connected,-68.000000,5220,68,,,,IWLAN
982,1,,,-121.9314830,47.5244923,2026-01-23 19:10:40.000,_20260123_105610_CH02_TMO_5GNR_WFC_MT-DUT-2_TC-155.dml,,,,,,,,,,NR SA,,,,,,,,,,,,,,,,,,,594,,,,Connected,,,,,,,IWLAN
983,1,,,-121.9314830,47.5244923,2026-01-23 19:10:40.974,_20260123_105610_CH02_TMO_5GNR_WFC_MT-DUT-2_TC-155.dml,,,,,,,,,,,,,,,,,,,,,,,[Tool] Voice - Pair Channel Call Drop,,,,,,,,,,,,,,,,,
984,1,,,-121.9314830,47.5244923,2026-01-23 19:10:40.974,_20260123_105610_CH02_TMO_5GNR_WFC_MT-DUT-2_TC-155.dml,,,,,,,,,,,,,,,,,,,,,,,[Tool] Voice - Release Call Request,,,,,,,,,,,,,,,,,
985,1,,,-121.9314830,47.5244923,2026-01-23 19:10:41.000,_20260123_105610_CH02_TMO_5GNR_WFC_MT-DUT-2_TC-155.dml,,,,,,,,,,NR SA,,,,,,,,,,,,,,,,,,,594,,,On,Connected,-68.000000,5220,68,,,,IWLAN
986,1,,,-121.9314830,47.5244923,2026-01-23 19:10:41.474,_20260123_105610_CH02_TMO_5GNR_WFC_MT-DUT-2_TC-155.dml,,,,,,,,,,,,,,,,,,,,,,BQ,[Tool] Voice - Call Result : BQ,,,,,,,,,,,,,,,,,
987,1,,,-121.9314830,47.5244923,2026-01-23 19:10:41.474,_20260123_105610_CH02_TMO_5GNR_WFC_MT-DUT-2_TC-155.dml,,,,,,,,,,,,,,,,,,,,,,,[UE]   Voice - Release Call Success,,,,,,,,,,,,,,,,,
988,1,,,-121.9314830,47.5244923,2026-01-23 19:10:42.000,_20260123_105610_CH02_TMO_5GNR_WFC_MT-DUT-2_TC-155.dml,,,,,,,,,,,,,,,,,,,,,,,,,,,,,594,,,On,Connected,-68.000000,5220,68,,,,IWLAN
989,1,,,-121.9314830,47.5244923,2026-01-23 19:10:42.458,_20260123_105610_CH02_TMO_5GNR_WFC_MT-DUT-2_TC-155.dml,,,,,,,,,,,,,,,,,,,,,,,[UE]   Voice - Release Call Success,,,,,,,,,,,,,,,,,
990,1,,,-121.9314830,47.5244923,2026-01-23 19:10:43.000,_20260123_105610_CH02_TMO_5GNR_WFC_MT-DUT-2_TC-155.dml,,,,,,,,,,,,,,,,,,,,,,,,,,,,,594,,,On,Connected,-73.000000,5220,136,,,,IWLAN
991,1,,,-121.9314830,47.5244923,2026-01-23 19:10:44.000,_20260123_105610_CH02_TMO_5GNR_WFC_MT-DUT-2_TC-155.dml,,,,,,,,,,,,,,,,,,,,,,,,,,,,,594,,,On,Connected,-73.000000,5220,136,,,,IWLAN
992,1,,,-121.9314830,47.5244923,2026-01-23 19:10:45.000,_20260123_105610_CH02_TMO_5GNR_WFC_MT-DUT-2_TC-155.dml,,,,,,,,,,,,,,,,,,,,,,,,,,,,,594,,,On,Connected,-73.000000,5220,136,,,,IWLAN
993,1,,,-121.9314830,47.5244923,2026-01-23 19:10:46.000,_20260123_105610_CH02_TMO_5GNR_WFC_MT-DUT-2_TC-155.dml,,,,,,,,,,,,,,,,,,,,,,,,,,,,,594,,,On,Connected,-72.000000,5220,68,,,,IWLAN
994,1,,,-121.9314830,47.5244923,2026-01-23 19:10:47.000,_20260123_105610_CH02_TMO_5GNR_WFC_MT-DUT-2_TC-155.dml,,,,,,,,,,,,,,,,,,,,,,,,,,,,,594,,,,Connected,,,,,,,IWLAN
995,1,,,-121.9314830,47.5244923,2026-01-23 19:10:48.000,_20260123_105610_CH02_TMO_5GNR_WFC_MT-DUT-2_TC-155.dml,,,,,,,,,,,,,,,,,,,,,,,,,,,,,594,,,On,Connected,-72.000000,5220,68,,,,IWLAN
996,1,,,-121.9314830,47.5244923,2026-01-23 19:10:49.000,_20260123_105610_CH02_TMO_5GNR_WFC_MT-DUT-2_TC-155.dml,,,,,,,,,,,,,,,,,,,,,,,,,,,,,594,,,On,Connected,-73.000000,5220,68,,,,IWLAN
997,1,,,-121.9314830,47.5244923,2026-01-23 19:10:50.000,_20260123_105610_CH02_TMO_5GNR_WFC_MT-DUT-2_TC-155.dml,,,,,,,,,,,,,,,,,,,,,,,,,,,,,594,,,On,Connected,-73.000000,5220,68,,,,IWLAN
998,1,,,-121.9314830,47.5244923,2026-01-23 19:10:51.000,_20260123_105610_CH02_TMO_5GNR_WFC_MT-DUT-2_TC-155.dml,,,,,,,,,,,,,,,,,,,,,,,,,,,,,594,,,On,Connected,-72.500000,5220,136,,,,IWLAN
999,1,,,-121.9314830,47.5244923,2026-01-23 19:10:52.000,_20260123_105610_CH02_TMO_5GNR_WFC_MT-DUT-2_TC-155.dml,,,,,,,,,,,,,,,,,,,,,,,,,,,,,594,,,,Connected,,,,,,,IWLAN
1000,1,,,-121.9314830,47.5244923,2026-01-23 19:10:53.000,_20260123_105610_CH02_TMO_5GNR_WFC_MT-DUT-2_TC-155.dml,,,,,,,,,,,,,,,,,,,,,,,,,,,,,594,,,On,Connected,-72.000000,5220,136,,,,IWLAN
1001,1,,,-121.9314830,47.5244923,2026-01-23 19:10:54.000,_20260123_105610_CH02_TMO_5GNR_WFC_MT-DUT-2_TC-155.dml,,,,,,,,,,,,,,,,,,,,,,,,,,,,,594,,,,Connected,,,,,,,IWLAN
1002,1,,,-121.9314830,47.5244923,2026-01-23 19:10:55.000,_20260123_105610_CH02_TMO_5GNR_WFC_MT-DUT-2_TC-155.dml,,,,,,,,,,,,,,,,,,,,,,,,,,,,,594,,,On,Connected,-72.000000,5220,68,,,,IWLAN
1003,1,,,-121.9314830,47.5244923,2026-01-23 19:10:56.000,_20260123_105610_CH02_TMO_5GNR_WFC_MT-DUT-2_TC-155.dml,,,,,,,,,,,,,,,,,,,,,,,,,,,,,594,,,,Connected,,,,,,,IWLAN
1004,1,,,-121.9314830,47.5244923,2026-01-23 19:10:57.000,_20260123_105610_CH02_TMO_5GNR_WFC_MT-DUT-2_TC-155.dml,,,,,,,,,,,,,,,,,,,,,,,,,,,,,594,,,On,Connected,-72.000000,5220,68,,,,IWLAN
1005,1,,,-121.9314830,47.5244923,2026-01-23 19:10:58.000,_20260123_105610_CH02_TMO_5GNR_WFC_MT-DUT-2_TC-155.dml,,,,,,,,,,,,,,,,,,,,,,,,,,,,,594,,,On,Connected,-71.000000,5220,68,,,,IWLAN
1006,1,,,-121.9314830,47.5244923,2026-01-23 19:10:59.000,_20260123_105610_CH02_TMO_5GNR_WFC_MT-DUT-2_TC-155.dml,,,,,,,,,,,,,,,,,,,,,,,,,,,,,594,,,On,Connected,-71.000000,5220,68,,,,IWLAN
1007,1,,,-121.9314830,47.5244923,2026-01-23 19:11:00.000,_20260123_105610_CH02_TMO_5GNR_WFC_MT-DUT-2_TC-155.dml,,,,,,,,,,,,,,,,,,,,,,,,,,,,,594,,,On,Connected,-71.000000,5220,136,,,,IWLAN
1008,1,,,-121.9314830,47.5244923,2026-01-23 19:11:01.000,_20260123_105610_CH02_TMO_5GNR_WFC_MT-DUT-2_TC-155.dml,,,,,,,,,,,,,,,,,,,,,,,,,,,,,594,,,,Connected,,,,,,,IWLAN
1009,1,,,-121.9314830,47.5244923,2026-01-23 19:11:02.000,_20260123_105610_CH02_TMO_5GNR_WFC_MT-DUT-2_TC-155.dml,,,,,,,,,,,,,,,,,,,,,,,,,,,,,594,,,On,Connected,-71.000000,5220,136,,,,IWLAN
1010,1,,,-121.9314830,47.5244923,2026-01-23 19:11:03.000,_20260123_105610_CH02_TMO_5GNR_WFC_MT-DUT-2_TC-155.dml,,,,,,,,,,,,,,,,,,,,,,,,,,,,,594,,,On,Connected,-71.000000,5220,136,,,,IWLAN
1011,1,,,-121.9314830,47.5244923,2026-01-23 19:11:04.000,_20260123_105610_CH02_TMO_5GNR_WFC_MT-DUT-2_TC-155.dml,,,,,,,,,,,,,,,,,,,,,,,,,,,,,594,,,On,Connected,-71.000000,5220,136,,,,IWLAN
1012,1,,,-121.9314830,47.5244923,2026-01-23 19:11:05.000,_20260123_105610_CH02_TMO_5GNR_WFC_MT-DUT-2_TC-155.dml,,,,,,,,,,,,,,,,,,,,,,,,,,,,,594,,,On,Connected,-71.000000,5220,136,,,,IWLAN
1013,1,,,-121.9314830,47.5244923,2026-01-23 19:11:06.000,_20260123_105610_CH02_TMO_5GNR_WFC_MT-DUT-2_TC-155.dml,,,,,,,,,,,,,,,,,,,,,,,,,,,,,594,,,On,Connected,-71.000000,5220,136,,,,IWLAN
1014,1,,,-121.9314830,47.5244923,2026-01-23 19:11:07.000,_20260123_105610_CH02_TMO_5GNR_WFC_MT-DUT-2_TC-155.dml,,,,,,,,,,,,,,,,,,,,,,,,,,,,,594,,,On,Connected,-72.000000,5220,68,,,,IWLAN
1015,1,,,-121.9314830,47.5244923,2026-01-23 19:11:08.000,_20260123_105610_CH02_TMO_5GNR_WFC_MT-DUT-2_TC-155.dml,,,,,,,,,,,,,,,,,,,,,,,,,,,,,594,,,,Connected,,,,,,,IWLAN
1016,1,,,-121.9314830,47.5244923,2026-01-23 19:11:09.364,_20260123_105610_CH02_TMO_5GNR_WFC_MT-DUT-2_TC-155.dml,,,,,,,,,,,,,,,,,,,,,,,[Tool] Voice - Release Call Request,,,,,,,,,,,,,,,,,
1017,1,,,-121.9314830,47.5244923,2026-01-23 19:11:09.505,_20260123_105610_CH02_TMO_5GNR_WFC_MT-DUT-2_TC-155.dml,,,,,,,,,,,,,,,,,,,,,,,[Tool] Voice - Answer Request,,,,,,,,,,,,,,,,,
1018,1,,,-121.9314830,47.5244923,2026-01-23 19:11:09.000,_20260123_105610_CH02_TMO_5GNR_WFC_MT-DUT-2_TC-155.dml,,,,,,,,,,,,,,,,,,,,,,,,,,,,,594,,,On,Connected,-72.000000,5220,68,,,,IWLAN
1019,1,,,-121.9314830,47.5244923,2026-01-23 19:11:10.000,_20260123_105610_CH02_TMO_5GNR_WFC_MT-DUT-2_TC-155.dml,,,,,,,,,,,,,,,,,,,,,,,,,,,,,594,,,On,Connected,-72.000000,5220,68,,,,IWLAN
1020,1,,,-121.9314830,47.5244923,2026-01-23 19:11:11.000,_20260123_105610_CH02_TMO_5GNR_WFC_MT-DUT-2_TC-155.dml,,,,,,,,,,,,,,,,,,,,,,,,,,,,,594,,,On,Connected,-72.000000,5220,68,,,,IWLAN
1021,1,,,-121.9314830,47.5244923,2026-01-23 19:11:11.880,_20260123_105610_CH02_TMO_5GNR_WFC_MT-DUT-2_TC-155.dml,,,,,,,,,,,,,,,,,,,,,,,[Tool] Voice - Call Scheduling End,,,,,,,,,,,,,,,,,
1022,1,,,-121.9314830,47.5244923,2026-01-23 19:11:11.880,_20260123_105610_CH02_TMO_5GNR_WFC_MT-DUT-2_TC-155.dml,NR SA,Voice,BQ,NR SA,NR SA,,,,,,,,,,,,BQ,Termination,BQ,,,,,,,,,90.360000,,,,,,,,,,EPSFB,,
1023,1,,,-121.9314830,47.5244923,2026-01-23 19:11:11.880,_20260123_105610_CH02_TMO_5GNR_WFC_MT-DUT-2_TC-155.dml,,,,,,,,,,,,,,,,,,,,,,,[Tool] Voice - Release Call Request,,,,,,,,,,,,,,,,,
1024,1,,,-121.9314830,47.5244923,2026-01-23 19:11:12.000,_20260123_105610_CH02_TMO_5GNR_WFC_MT-DUT-2_TC-155.dml,,,,,,,,,,,,,,,,,,,,,,,,,,,,,594,,,On,Connected,-72.000000,5220,68,,,,IWLAN
1025,1,,,-121.9314830,47.5244923,2026-01-23 19:11:12.395,_20260123_105610_CH02_TMO_5GNR_WFC_MT-DUT-2_TC-155.dml,,,,,,,,,,,,,,,,,,,,,,,[Tool] Voice - Call Scheduling Start(Term),,,,,,,,,,,,,,,,,
1026,1,,,-121.9314830,47.5244923,2026-01-23 19:11:12.395,_20260123_105610_CH02_TMO_5GNR_WFC_MT-DUT-2_TC-155.dml,,,,,,,,,,,,,,,,,,,,,,,[Tool] Voice - Wait Page,,,,,,,,,,,,,,,,,
1027,1,,,-121.9314830,47.5244923,2026-01-23 19:11:13.000,_20260123_105610_CH02_TMO_5GNR_WFC_MT-DUT-2_TC-155.dml,,,,,,,,,,,,,,,,,,,,,,,,,,,,,594,,,On,Connected,-72.000000,5220,68,,,,IWLAN
1028,1,,,-121.9314830,47.5244923,2026-01-23 19:11:14.000,_20260123_105610_CH02_TMO_5GNR_WFC_MT-DUT-2_TC-155.dml,,,,,,,,,,,,,,,,,,,,,,,,,,,,,594,,,On,Connected,-72.000000,5220,68,,,,IWLAN
1029,1,,,-121.9314830,47.5244923,2026-01-23 19:11:15.000,_20260123_105610_CH02_TMO_5GNR_WFC_MT-DUT-2_TC-155.dml,,,,,,,,,,,,,,,,,,,,,,,,,,,,,594,,,On,Connected,-72.000000,5220,68,,,,IWLAN
1030,1,,,-121.9314830,47.5244923,2026-01-23 19:11:15.942,_20260123_105610_CH02_TMO_5GNR_WFC_MT-DUT-2_TC-155.dml,,,,,,,,,,,,,,,,,,,,,,,[Tool] Voice - Answer Request,,,,,,,,,,,,,,,,,
1031,1,,,-121.9314830,47.5244923,2026-01-23 19:11:16.000,_20260123_105610_CH02_TMO_5GNR_WFC_MT-DUT-2_TC-155.dml,,,,,,,,,,,,,,,,,,,,,,,,,,,,,594,,,On,Connected,-71.000000,5220,68,,,,IWLAN
1032,1,,,-121.9314830,47.5244923,2026-01-23 19:11:16.770,_20260123_105610_CH02_TMO_5GNR_WFC_MT-DUT-2_TC-155.dml,,,,,,,,,,,,,,,,,,,,,,,[UE]   Voice - Setup Success,,,,,,,,,,,,,,,,,
1033,1,,,-121.9314830,47.5244923,2026-01-23 19:11:17.000,_20260123_105610_CH02_TMO_5GNR_WFC_MT-DUT-2_TC-155.dml,,,,,,,,,,NR SA,,,,,,,,,,,,,,,,,,,594,,,On,Connected,-71.000000,5220,68,,,,IWLAN
1034,1,,,-121.9314830,47.5244923,2026-01-23 19:11:18.000,_20260123_105610_CH02_TMO_5GNR_WFC_MT-DUT-2_TC-155.dml,,,,,,,,,,NR SA,,,,,,,,,,,,,,,,,,,594,,,On,Connected,-71.000000,5220,68,,,,IWLAN
1035,1,,,-121.9314830,47.5244923,2026-01-23 19:11:19.000,_20260123_105610_CH02_TMO_5GNR_WFC_MT-DUT-2_TC-155.dml,,,,,,,,,,NR SA,,,,,,,,,,,,,,,,,,,594,,,On,Connected,-71.000000,5220,68,,,,IWLAN
1036,1,,,-121.9314830,47.5244923,2026-01-23 19:11:20.000,_20260123_105610_CH02_TMO_5GNR_WFC_MT-DUT-2_TC-155.dml,,,,,,,,,,NR SA,,,,,,,,,,,,,,,,,,,594,,,On,Connected,-71.000000,5220,68,,,,IWLAN
1037,1,,,-121.9314830,47.5244923,2026-01-23 19:11:21.000,_20260123_105610_CH02_TMO_5GNR_WFC_MT-DUT-2_TC-155.dml,,,,,,,,,,NR SA,,,,,,,,,,,,,,,,,,,594,,,On,Connected,-71.000000,5220,68,,,,IWLAN
1038,1,,,-121.9314830,47.5244923,2026-01-23 19:11:22.000,_20260123_105610_CH02_TMO_5GNR_WFC_MT-DUT-2_TC-155.dml,,,,,,,,,,NR SA,,,,,,,,,,,,,,,,,,,594,,,On,Connected,-71.000000,5220,68,,,,IWLAN
1039,1,,,-121.9314830,47.5244923,2026-01-23 19:11:23.000,_20260123_105610_CH02_TMO_5GNR_WFC_MT-DUT-2_TC-155.dml,,,,,,,,,,NR SA,,,,,,,,,,,,,,,,,,,594,,,On,Connected,-71.000000,5220,68,,,,IWLAN
1040,1,,,-121.9314830,47.5244923,2026-01-23 19:11:24.000,_20260123_105610_CH02_TMO_5GNR_WFC_MT-DUT-2_TC-155.dml,,,,,,,,,,NR SA,,,,,,,,,,,,,,,,,,,594,,,,Connected,,,,,,,IWLAN
1041,1,,,-121.9314830,47.5244923,2026-01-23 19:11:25.000,_20260123_105610_CH02_TMO_5GNR_WFC_MT-DUT-2_TC-155.dml,,,,,,,,,,NR SA,,,,,,,,,,,,,,,,,,,594,,,On,Connected,-71.000000,5220,68,,,,IWLAN
1042,1,,,-121.9314830,47.5244923,2026-01-23 19:11:26.000,_20260123_105610_CH02_TMO_5GNR_WFC_MT-DUT-2_TC-155.dml,,,,,,,,,,NR SA,,,,,,,,,,,,,,,,,,,594,,,On,Connected,-71.000000,5220,68,,,,IWLAN
1043,1,,,-121.9314830,47.5244923,2026-01-23 19:11:27.000,_20260123_105610_CH02_TMO_5GNR_WFC_MT-DUT-2_TC-155.dml,,,,,,,,,,NR SA,,,,,,,,,,,,,,,,,,,594,,2.054034,On,Connected,-71.000000,5220,68,,,,IWLAN
1044,1,,,-121.9314830,47.5244923,2026-01-23 19:11:28.000,_20260123_105610_CH02_TMO_5GNR_WFC_MT-DUT-2_TC-155.dml,,,,,,,,,,NR SA,,,,,,,,,,,,,,,,,,,594,,2.054034,On,Connected,-71.000000,5220,68,,,,IWLAN
1045,1,,,-121.9314830,47.5244923,2026-01-23 19:11:29.000,_20260123_105610_CH02_TMO_5GNR_WFC_MT-DUT-2_TC-155.dml,,,,,,,,,,NR SA,,,,,,,,,,,,,,,,,,,594,,2.054034,On,Connected,-71.000000,5220,68,,,,IWLAN
1046,1,,,-121.9314830,47.5244923,2026-01-23 19:11:30.000,_20260123_105610_CH02_TMO_5GNR_WFC_MT-DUT-2_TC-155.dml,,,,,,,,,,NR SA,,,,,,,,,,,,,,,,,,,594,,2.054034,On,Connected,-71.000000,5220,68,,,,IWLAN
1047,1,,,-121.9314830,47.5244923,2026-01-23 19:11:31.000,_20260123_105610_CH02_TMO_5GNR_WFC_MT-DUT-2_TC-155.dml,,,,,,,,,,NR SA,,,,,,,,,,,,,,,,,,,594,,2.054034,On,Connected,-71.000000,5220,68,,,,IWLAN
1048,1,,,-121.9314830,47.5244923,2026-01-23 19:11:32.000,_20260123_105610_CH02_TMO_5GNR_WFC_MT-DUT-2_TC-155.dml,,,,,,,,,,NR SA,,,,,,,,,,,,,,,,,,,594,,2.054034,On,Connected,-71.000000,5220,68,,,,IWLAN
1049,1,,,-121.9314830,47.5244923,2026-01-23 19:11:33.000,_20260123_105610_CH02_TMO_5GNR_WFC_MT-DUT-2_TC-155.dml,,,,,,,,,,NR SA,,,,,,,,,,,,,,,,,,,594,,2.054034,On,Connected,-71.000000,5220,68,,,,IWLAN
1050,1,,,-121.9314830,47.5244923,2026-01-23 19:11:34.000,_20260123_105610_CH02_TMO_5GNR_WFC_MT-DUT-2_TC-155.dml,,,,,,,,,,NR SA,,,,,,,,,,,,,,,,,,,594,,2.054034,On,Connected,-71.000000,5220,68,,,,IWLAN
1051,1,,,-121.9314830,47.5244923,2026-01-23 19:11:35.000,_20260123_105610_CH02_TMO_5GNR_WFC_MT-DUT-2_TC-155.dml,,,,,,,,,,NR SA,,,,,,,,,,,,,,,,,,,594,,2.054034,On,Connected,-71.000000,5220,68,,,,IWLAN
1052,1,,,-121.9314830,47.5244923,2026-01-23 19:11:36.000,_20260123_105610_CH02_TMO_5GNR_WFC_MT-DUT-2_TC-155.dml,,,,,,,,,,NR SA,,,,,,,,,,,,,,,,,,,594,,2.054034,On,Connected,-71.000000,5220,68,,,,IWLAN
1053,1,,,-121.9314830,47.5244923,2026-01-23 19:11:37.000,_20260123_105610_CH02_TMO_5GNR_WFC_MT-DUT-2_TC-155.dml,,,,,,,,,,NR SA,,,,,,,,,,,,,,,,,,,594,,,On,Connected,-71.000000,5220,68,,,,IWLAN
1054,1,,,-121.9314830,47.5244923,2026-01-23 19:11:37.285,_20260123_105610_CH02_TMO_5GNR_WFC_MT-DUT-2_TC-155.dml,,,,,,,,,,,,,,,,,,,,,,,,,,,,,,-85.045778,,,,,,,,,,
1055,1,,,-121.9314830,47.5244923,2026-01-23 19:11:38.000,_20260123_105610_CH02_TMO_5GNR_WFC_MT-DUT-2_TC-155.dml,,,,,,,,,,NR SA,,,,,,,,,,,,,,,,,,,594,,,On,Connected,-71.000000,5220,68,,,,IWLAN
1056,1,,,-121.9314830,47.5244923,2026-01-23 19:11:39.000,_20260123_105610_CH02_TMO_5GNR_WFC_MT-DUT-2_TC-155.dml,,,,,,,,,,NR SA,,,,,,,,,,,,,,,,,,,594,,,On,Connected,-71.000000,5220,68,,,,IWLAN
1057,1,,,-121.9314830,47.5244923,2026-01-23 19:11:40.000,_20260123_105610_CH02_TMO_5GNR_WFC_MT-DUT-2_TC-155.dml,,,,,,,,,,NR SA,,,,,,,,,,,,,,,,,,,594,,,On,Connected,-71.000000,5220,68,,,,IWLAN
1058,1,,,-121.9314830,47.5244923,2026-01-23 19:11:41.000,_20260123_105610_CH02_TMO_5GNR_WFC_MT-DUT-2_TC-155.dml,,,,,,,,,,NR SA,,,,,,,,,,,,,,,,,,,594,,,On,Connected,-71.000000,5220,68,,,,IWLAN
1059,1,,,-121.9314830,47.5244923,2026-01-23 19:11:42.000,_20260123_105610_CH02_TMO_5GNR_WFC_MT-DUT-2_TC-155.dml,,,,,,,,,,NR SA,,,,,,,,,,,,,,,,,,,594,,,On,Connected,-71.000000,5220,68,,,,IWLAN
1060,1,,,-121.9314830,47.5244923,2026-01-23 19:11:43.000,_20260123_105610_CH02_TMO_5GNR_WFC_MT-DUT-2_TC-155.dml,,,,,,,,,,NR SA,,,,,,,,,,,,,,,,,,,594,,,On,Connected,-71.000000,5220,68,,,,IWLAN
1061,1,,,-121.9314830,47.5244923,2026-01-23 19:11:44.000,_20260123_105610_CH02_TMO_5GNR_WFC_MT-DUT-2_TC-155.dml,,,,,,,,,,NR SA,,,,,,,,,,,,,,,,,,,594,,,On,Connected,-71.000000,5220,68,,,,IWLAN
1062,1,,,-121.9314830,47.5244923,2026-01-23 19:11:45.000,_20260123_105610_CH02_TMO_5GNR_WFC_MT-DUT-2_TC-155.dml,,,,,,,,,,NR SA,,,,,,,,,,,,,,,,,,,594,,,On,Connected,-71.000000,5220,68,,,,IWLAN
1063,1,,,-121.9314830,47.5244923,2026-01-23 19:11:46.000,_20260123_105610_CH02_TMO_5GNR_WFC_MT-DUT-2_TC-155.dml,,,,,,,,,,NR SA,,,,,,,,,,,,,,,,,,,594,,,On,Connected,-71.000000,5220,68,,,,IWLAN
1064,1,,,-121.9314830,47.5244923,2026-01-23 19:11:47.000,_20260123_105610_CH02_TMO_5GNR_WFC_MT-DUT-2_TC-155.dml,,,,,,,,,,NR SA,,,,,,,,,,,,,,,,,,,594,,2.575595,On,Connected,-71.000000,5220,68,,,,IWLAN
1065,1,,,-121.9314830,47.5244923,2026-01-23 19:11:48.000,_20260123_105610_CH02_TMO_5GNR_WFC_MT-DUT-2_TC-155.dml,,,,,,,,,,NR SA,,,,,,,,,,,,,,,,,,,594,,2.575595,On,Connected,-71.000000,5220,68,,,,IWLAN
1066,1,,,-121.9314830,47.5244923,2026-01-23 19:11:49.000,_20260123_105610_CH02_TMO_5GNR_WFC_MT-DUT-2_TC-155.dml,,,,,,,,,,NR SA,,,,,,,,,,,,,,,,,,,594,,2.575595,On,Connected,-71.000000,5220,68,,,,IWLAN
1067,1,,,-121.9314830,47.5244923,2026-01-23 19:11:50.000,_20260123_105610_CH02_TMO_5GNR_WFC_MT-DUT-2_TC-155.dml,,,,,,,,,,NR SA,,,,,,,,,,,,,,,,,,,594,,2.575595,On,Connected,-71.000000,5220,68,,,,IWLAN
1068,1,,,-121.9314830,47.5244923,2026-01-23 19:11:51.000,_20260123_105610_CH02_TMO_5GNR_WFC_MT-DUT-2_TC-155.dml,,,,,,,,,,NR SA,,,,,,,,,,,,,,,,,,,594,,2.575595,On,Connected,-71.000000,5220,68,,,,IWLAN
1069,1,,,-121.9314830,47.5244923,2026-01-23 19:11:52.000,_20260123_105610_CH02_TMO_5GNR_WFC_MT-DUT-2_TC-155.dml,,,,,,,,,,NR SA,,,,,,,,,,,,,,,,,,,594,,2.575595,On,Connected,-71.000000,5220,68,,,,IWLAN
1070,1,,,-121.9314830,47.5244923,2026-01-23 19:11:53.000,_20260123_105610_CH02_TMO_5GNR_WFC_MT-DUT-2_TC-155.dml,,,,,,,,,,NR SA,,,,,,,,,,,,,,,,,,,594,,2.575595,On,Connected,-71.000000,5220,68,,,,IWLAN
1071,1,,,-121.9314830,47.5244923,2026-01-23 19:11:54.000,_20260123_105610_CH02_TMO_5GNR_WFC_MT-DUT-2_TC-155.dml,,,,,,,,,,NR SA,,,,,,,,,,,,,,,,,,,594,,2.575595,On,Connected,-71.000000,5220,68,,,,IWLAN
1072,1,,,-121.9314830,47.5244923,2026-01-23 19:11:55.000,_20260123_105610_CH02_TMO_5GNR_WFC_MT-DUT-2_TC-155.dml,,,,,,,,,,NR SA,,,,,,,,,,,,,,,,,,,594,,2.575595,On,Connected,-71.000000,5220,68,,,,IWLAN
1073,1,,,-121.9314830,47.5244923,2026-01-23 19:11:56.000,_20260123_105610_CH02_TMO_5GNR_WFC_MT-DUT-2_TC-155.dml,,,,,,,,,,NR SA,,,,,,,,,,,,,,,,,,,594,,2.575595,On,Connected,-71.000000,5220,68,,,,IWLAN
1074,1,,,-121.9314830,47.5244923,2026-01-23 19:11:57.301,_20260123_105610_CH02_TMO_5GNR_WFC_MT-DUT-2_TC-155.dml,,,,,,,,,,,,,,,,,,,,,,,,,,,,,,-84.944881,,,,,,,,,,
1075,1,,,-121.9314830,47.5244923,2026-01-23 19:11:57.000,_20260123_105610_CH02_TMO_5GNR_WFC_MT-DUT-2_TC-155.dml,,,,,,,,,,NR SA,,,,,,,,,,,,,,,,,,,594,,,On,Connected,-71.000000,5220,68,,,,IWLAN
1076,1,,,-121.9314830,47.5244923,2026-01-23 19:11:58.000,_20260123_105610_CH02_TMO_5GNR_WFC_MT-DUT-2_TC-155.dml,,,,,,,,,,NR SA,,,,,,,,,,,,,,,,,,,594,,,On,Connected,-71.000000,5220,68,,,,IWLAN
1077,1,,,-121.9314830,47.5244923,2026-01-23 19:11:59.000,_20260123_105610_CH02_TMO_5GNR_WFC_MT-DUT-2_TC-155.dml,,,,,,,,,,NR SA,,,,,,,,,,,,,,,,,,,594,,,On,Connected,-71.000000,5220,68,,,,IWLAN
1078,1,,,-121.9314830,47.5244923,2026-01-23 19:12:00.000,_20260123_105610_CH02_TMO_5GNR_WFC_MT-DUT-2_TC-155.dml,,,,,,,,,,NR SA,,,,,,,,,,,,,,,,,,,594,,,On,Connected,-71.000000,5220,68,,,,IWLAN
1079,1,,,-121.9314830,47.5244923,2026-01-23 19:12:01.000,_20260123_105610_CH02_TMO_5GNR_WFC_MT-DUT-2_TC-155.dml,,,,,,,,,,NR SA,,,,,,,,,,,,,,,,,,,594,,,On,Connected,-71.000000,5220,68,,,,IWLAN
1080,1,,,-121.9314830,47.5244923,2026-01-23 19:12:02.000,_20260123_105610_CH02_TMO_5GNR_WFC_MT-DUT-2_TC-155.dml,,,,,,,,,,NR SA,,,,,,,,,,,,,,,,,,,594,,,On,Connected,-71.000000,5220,68,,,,IWLAN
1081,1,,,-121.9314830,47.5244923,2026-01-23 19:12:03.000,_20260123_105610_CH02_TMO_5GNR_WFC_MT-DUT-2_TC-155.dml,,,,,,,,,,NR SA,,,,,,,,,,,,,,,,,,,594,,,On,Connected,-71.000000,5220,68,,,,IWLAN
1082,1,,,-121.9314830,47.5244923,2026-01-23 19:12:04.000,_20260123_105610_CH02_TMO_5GNR_WFC_MT-DUT-2_TC-155.dml,,,,,,,,,,NR SA,,,,,,,,,,,,,,,,,,,594,,,On,Connected,-71.000000,5220,68,,,,IWLAN
1083,1,,,-121.9314830,47.5244923,2026-01-23 19:12:05.000,_20260123_105610_CH02_TMO_5GNR_WFC_MT-DUT-2_TC-155.dml,,,,,,,,,,NR SA,,,,,,,,,,,,,,,,,,,594,,,On,Connected,-71.000000,5220,68,,,,IWLAN
1084,1,,,-121.9314830,47.5244923,2026-01-23 19:12:06.000,_20260123_105610_CH02_TMO_5GNR_WFC_MT-DUT-2_TC-155.dml,,,,,,,,,,NR SA,,,,,,,,,,,,,,,,,,,594,,,On,Connected,-71.000000,5220,68,,,,IWLAN
1085,1,,,-121.9314830,47.5244923,2026-01-23 19:12:07.000,_20260123_105610_CH02_TMO_5GNR_WFC_MT-DUT-2_TC-155.dml,,,,,,,,,,NR SA,,,,,,,,,,,,,,,,,,,594,,2.477473,On,Connected,-71.000000,5220,68,,,,IWLAN
1086,1,,,-121.9314830,47.5244923,2026-01-23 19:12:08.000,_20260123_105610_CH02_TMO_5GNR_WFC_MT-DUT-2_TC-155.dml,,,,,,,,,,NR SA,,,,,,,,,,,,,,,,,,,594,,2.477473,On,Connected,-71.000000,5220,68,,,,IWLAN
1087,1,,,-121.9314830,47.5244923,2026-01-23 19:12:09.000,_20260123_105610_CH02_TMO_5GNR_WFC_MT-DUT-2_TC-155.dml,,,,,,,,,,NR SA,,,,,,,,,,,,,,,,,,,594,,2.477473,On,Connected,-71.000000,5220,68,,,,IWLAN
1088,1,,,-121.9314830,47.5244923,2026-01-23 19:12:10.000,_20260123_105610_CH02_TMO_5GNR_WFC_MT-DUT-2_TC-155.dml,,,,,,,,,,NR SA,,,,,,,,,,,,,,,,,,,,,2.477473,On,Connected,-71.000000,5220,68,,,,IWLAN
1089,1,,,-121.9314830,47.5244923,2026-01-23 19:12:11.000,_20260123_105610_CH02_TMO_5GNR_WFC_MT-DUT-2_TC-155.dml,,,,,,,,,,NR SA,,,,,,,,,,,,,,,,,,,594,,2.477473,On,Connected,-71.000000,5220,68,,,,IWLAN
1090,1,,,-121.9314830,47.5244923,2026-01-23 19:12:12.000,_20260123_105610_CH02_TMO_5GNR_WFC_MT-DUT-2_TC-155.dml,,,,,,,,,,NR SA,,,,,,,,,,,,,,,,,,,,,2.477473,On,Connected,-71.000000,5220,68,,,,
1091,1,,,-121.9314830,47.5244923,2026-01-23 19:12:13.000,_20260123_105610_CH02_TMO_5GNR_WFC_MT-DUT-2_TC-155.dml,,,,,,,,,,NR SA,,,,,,,,,,,,,,,,,,,594,,2.477473,On,Connected,-71.000000,5220,68,,,,IWLAN
1092,1,,,-121.9314830,47.5244923,2026-01-23 19:12:14.000,_20260123_105610_CH02_TMO_5GNR_WFC_MT-DUT-2_TC-155.dml,,,,,,,,,,NR SA,,,,,,,,,,,,,,,,,,,,,2.477473,On,Connected,-71.000000,5220,68,,,,IWLAN
1093,1,,,-121.9314830,47.5244923,2026-01-23 19:12:15.000,_20260123_105610_CH02_TMO_5GNR_WFC_MT-DUT-2_TC-155.dml,,,,,,,,,,NR SA,,,,,,,,,,,,,,,,,,,594,,2.477473,On,Connected,-71.000000,5220,68,,,,IWLAN
1094,1,,,-121.9314830,47.5244923,2026-01-23 19:12:16.000,_20260123_105610_CH02_TMO_5GNR_WFC_MT-DUT-2_TC-155.dml,,,,,,,,,,NR SA,,,,,,,,,,,,,,,,,,,,,2.477473,On,Connected,-71.000000,5220,68,,,,IWLAN
1095,1,,,-121.9314830,47.5244923,2026-01-23 19:12:17.000,_20260123_105610_CH02_TMO_5GNR_WFC_MT-DUT-2_TC-155.dml,,,,,,,,,,NR SA,,,,,,,,,,,,,,,,,,,594,,,On,Connected,-71.000000,5220,68,,,,IWLAN
1096,1,,,-121.9314830,47.5244923,2026-01-23 19:12:17.270,_20260123_105610_CH02_TMO_5GNR_WFC_MT-DUT-2_TC-155.dml,,,,,,,,,,,,,,,,,,,,,,,,,,,,,,-84.875000,,,,,,,,,,
1097,1,,,-121.9314830,47.5244923,2026-01-23 19:12:18.000,_20260123_105610_CH02_TMO_5GNR_WFC_MT-DUT-2_TC-155.dml,,,,,,,,,,NR SA,,,,,,,,,,,,,,,,,,,,,,On,Connected,-71.000000,5220,68,,,,IWLAN
1098,1,,,-121.9314830,47.5244923,2026-01-23 19:12:19.000,_20260123_105610_CH02_TMO_5GNR_WFC_MT-DUT-2_TC-155.dml,,,,,,,,,,NR SA,,,,,,,,,,,,,,,,,,,594,,,On,Connected,-71.000000,5220,68,,,,IWLAN
1099,1,,,-121.9314830,47.5244923,2026-01-23 19:12:20.000,_20260123_105610_CH02_TMO_5GNR_WFC_MT-DUT-2_TC-155.dml,,,,,,,,,,NR SA,,,,,,,,,,,,,,,,,,,,,,On,Connected,-71.000000,5220,68,,,,IWLAN
1100,1,,,-121.9314830,47.5244923,2026-01-23 19:12:21.000,_20260123_105610_CH02_TMO_5GNR_WFC_MT-DUT-2_TC-155.dml,,,,,,,,,,NR SA,,,,,,,,,,,,,,,,,,,594,,,On,Connected,-71.000000,5220,68,,,,IWLAN
1101,1,,,-121.9314830,47.5244923,2026-01-23 19:12:22.000,_20260123_105610_CH02_TMO_5GNR_WFC_MT-DUT-2_TC-155.dml,,,,,,,,,,NR SA,,,,,,,,,,,,,,,,,,,594,,,On,Connected,-71.000000,5220,68,,,,IWLAN
1102,1,,,-121.9314830,47.5244923,2026-01-23 19:12:23.000,_20260123_105610_CH02_TMO_5GNR_WFC_MT-DUT-2_TC-155.dml,,,,,,,,,,NR SA,,,,,,,,,,,,,,,,,,,,,,On,Connected,-71.000000,5220,68,,,,
1103,1,,,-121.9314830,47.5244923,2026-01-23 19:12:24.000,_20260123_105610_CH02_TMO_5GNR_WFC_MT-DUT-2_TC-155.dml,,,,,,,,,,NR SA,,,,,,,,,,,,,,,,,,,594,,,On,Connected,-71.000000,5220,68,,,,IWLAN
1104,1,,,-121.9314830,47.5244923,2026-01-23 19:12:25.000,_20260123_105610_CH02_TMO_5GNR_WFC_MT-DUT-2_TC-155.dml,,,,,,,,,,NR SA,,,,,,,,,,,,,,,,,,,,,,On,Connected,-71.000000,5220,68,,,,
1105,1,,,-121.9314830,47.5244923,2026-01-23 19:12:26.000,_20260123_105610_CH02_TMO_5GNR_WFC_MT-DUT-2_TC-155.dml,,,,,,,,,,NR SA,,,,,,,,,,,,,,,,,,,594,,,On,Connected,-71.000000,5220,68,,,,IWLAN
1106,1,,,-121.9314830,47.5244923,2026-01-23 19:12:27.000,_20260123_105610_CH02_TMO_5GNR_WFC_MT-DUT-2_TC-155.dml,,,,,,,,,,NR SA,,,,,,,,,,,,,,,,,,,,,1.777058,On,Connected,-71.000000,5220,68,,,,IWLAN
1107,1,,,-121.9314830,47.5244923,2026-01-23 19:12:28.000,_20260123_105610_CH02_TMO_5GNR_WFC_MT-DUT-2_TC-155.dml,,,,,,,,,,NR SA,,,,,,,,,,,,,,,,,,,594,,1.777058,On,Connected,-71.000000,5220,68,,,,IWLAN
1108,1,,,-121.9314830,47.5244923,2026-01-23 19:12:29.000,_20260123_105610_CH02_TMO_5GNR_WFC_MT-DUT-2_TC-155.dml,,,,,,,,,,NR SA,,,,,,,,,,,,,,,,,,,,,1.777058,On,Connected,-71.000000,5220,68,,,,IWLAN
1109,1,,,-121.9314830,47.5244923,2026-01-23 19:12:30.000,_20260123_105610_CH02_TMO_5GNR_WFC_MT-DUT-2_TC-155.dml,,,,,,,,,,NR SA,,,,,,,,,,,,,,,,,,,594,,1.777058,On,Connected,-71.000000,5220,68,,,,IWLAN
1110,1,,,-121.9314830,47.5244923,2026-01-23 19:12:31.000,_20260123_105610_CH02_TMO_5GNR_WFC_MT-DUT-2_TC-155.dml,,,,,,,,,,NR SA,,,,,,,,,,,,,,,,,,,594,,1.777058,On,Connected,-71.000000,5220,68,,,,IWLAN
1111,1,,,-121.9314830,47.5244923,2026-01-23 19:12:32.000,_20260123_105610_CH02_TMO_5GNR_WFC_MT-DUT-2_TC-155.dml,,,,,,,,,,NR SA,,,,,,,,,,,,,,,,,,,594,,1.777058,On,Connected,-71.000000,5220,68,,,,IWLAN
1112,1,,,-121.9314830,47.5244923,2026-01-23 19:12:33.000,_20260123_105610_CH02_TMO_5GNR_WFC_MT-DUT-2_TC-155.dml,,,,,,,,,,NR SA,,,,,,,,,,,,,,,,,,,594,,1.777058,On,Connected,-71.000000,5220,68,,,,IWLAN
1113,1,,,-121.9314830,47.5244923,2026-01-23 19:12:34.000,_20260123_105610_CH02_TMO_5GNR_WFC_MT-DUT-2_TC-155.dml,,,,,,,,,,NR SA,,,,,,,,,,,,,,,,,,,594,,1.777058,On,Connected,-71.000000,5220,68,,,,IWLAN
1114,1,,,-121.9314830,47.5244923,2026-01-23 19:12:35.000,_20260123_105610_CH02_TMO_5GNR_WFC_MT-DUT-2_TC-155.dml,,,,,,,,,,NR SA,,,,,,,,,,,,,,,,,,,594,,1.777058,On,Connected,-71.000000,5220,68,,,,IWLAN
1115,1,,,-121.9314830,47.5244923,2026-01-23 19:12:36.000,_20260123_105610_CH02_TMO_5GNR_WFC_MT-DUT-2_TC-155.dml,,,,,,,,,,NR SA,,,,,,,,,,,,,,,,,,,594,,1.777058,On,Connected,-71.000000,5220,68,,,,IWLAN
1116,1,,,-121.9314830,47.5244923,2026-01-23 19:12:37.000,_20260123_105610_CH02_TMO_5GNR_WFC_MT-DUT-2_TC-155.dml,,,,,,,,,,NR SA,,,,,,,,,,,,,,,,,,,594,,,On,Connected,-71.000000,5220,68,,,,IWLAN
1117,1,,,-121.9314830,47.5244923,2026-01-23 19:12:37.301,_20260123_105610_CH02_TMO_5GNR_WFC_MT-DUT-2_TC-155.dml,,,,,,,,,,,,,,,,,,,,,,,,,,,,,,-83.875000,,,,,,,,,,
1118,1,,,-121.9314830,47.5244923,2026-01-23 19:12:38.000,_20260123_105610_CH02_TMO_5GNR_WFC_MT-DUT-2_TC-155.dml,,,,,,,,,,NR SA,,,,,,,,,,,,,,,,,,,594,,,On,Connected,-71.000000,5220,68,,,,IWLAN
1119,1,,,-121.9314830,47.5244923,2026-01-23 19:12:39.000,_20260123_105610_CH02_TMO_5GNR_WFC_MT-DUT-2_TC-155.dml,,,,,,,,,,NR SA,,,,,,,,,,,,,,,,,,,594,,,On,Connected,-71.000000,5220,68,,,,IWLAN
1120,1,,,-121.9314830,47.5244923,2026-01-23 19:12:40.000,_20260123_105610_CH02_TMO_5GNR_WFC_MT-DUT-2_TC-155.dml,,,,,,,,,,NR SA,,,,,,,,,,,,,,,,,,,594,,,On,Connected,-71.000000,5220,68,,,,IWLAN
1121,1,,,-121.9314830,47.5244923,2026-01-23 19:12:41.000,_20260123_105610_CH02_TMO_5GNR_WFC_MT-DUT-2_TC-155.dml,,,,,,,,,,NR SA,,,,,,,,,,,,,,,,,,,594,,,,Connected,,,,,,,IWLAN
1122,1,,,-121.9314830,47.5244923,2026-01-23 19:12:42.000,_20260123_105610_CH02_TMO_5GNR_WFC_MT-DUT-2_TC-155.dml,,,,,,,,,,NR SA,,,,,,,,,,,,,,,,,,,594,,,On,Connected,-71.000000,5220,68,,,,IWLAN
1123,1,,,-121.9314830,47.5244923,2026-01-23 19:12:43.000,_20260123_105610_CH02_TMO_5GNR_WFC_MT-DUT-2_TC-155.dml,,,,,,,,,,NR SA,,,,,,,,,,,,,,,,,,,594,,,On,Connected,-71.000000,5220,68,,,,IWLAN
1124,1,,,-121.9314830,47.5244923,2026-01-23 19:12:44.000,_20260123_105610_CH02_TMO_5GNR_WFC_MT-DUT-2_TC-155.dml,,,,,,,,,,NR SA,,,,,,,,,,,,,,,,,,,594,,,On,Connected,-71.000000,5220,68,,,,IWLAN
1125,1,,,-121.9314830,47.5244923,2026-01-23 19:12:45.000,_20260123_105610_CH02_TMO_5GNR_WFC_MT-DUT-2_TC-155.dml,,,,,,,,,,NR SA,,,,,,,,,,,,,,,,,,,594,,,On,Connected,-71.000000,5220,68,,,,IWLAN
1126,1,,,-121.9314830,47.5244923,2026-01-23 19:12:46.000,_20260123_105610_CH02_TMO_5GNR_WFC_MT-DUT-2_TC-155.dml,,,,,,,,,,NR SA,,,,,,,,,,,,,,,,,,,594,,,On,Connected,-71.000000,5220,68,,,,IWLAN
1127,1,,,-121.9314830,47.5244923,2026-01-23 19:12:46.926,_20260123_105610_CH02_TMO_5GNR_WFC_MT-DUT-2_TC-155.dml,,,,,,,,,,,,,,,,,,,,,,,[Tool] Voice - Pair Channel Call Drop,,,,,,,,,,,,,,,,,
1128,1,,,-121.9314830,47.5244923,2026-01-23 19:12:46.926,_20260123_105610_CH02_TMO_5GNR_WFC_MT-DUT-2_TC-155.dml,,,,,,,,,,,,,,,,,,,,,,,[Tool] Voice - Release Call Request,,,,,,,,,,,,,,,,,
1129,1,,,-121.9314830,47.5244923,2026-01-23 19:12:47.000,_20260123_105610_CH02_TMO_5GNR_WFC_MT-DUT-2_TC-155.dml,,,,,,,,,,NR SA,,,,,,,,,,,,,,,,,,,594,,,On,Connected,-71.000000,5220,68,,,,IWLAN
1130,1,,,-121.9314830,47.5244923,2026-01-23 19:12:47.426,_20260123_105610_CH02_TMO_5GNR_WFC_MT-DUT-2_TC-155.dml,,,,,,,,,,,,,,,,,,,,,,Complete,[Tool] Voice - Call Result : Complete,,,,,,,,,,,,,,,,,
1131,1,,,-121.9314830,47.5244923,2026-01-23 19:12:47.426,_20260123_105610_CH02_TMO_5GNR_WFC_MT-DUT-2_TC-155.dml,,,,,,,,,,,,,,,,,,,,,,,[UE]   Voice - Release Call Success,,,,,,,,,,,,,,,,,
1132,1,,,-121.9314830,47.5244923,2026-01-23 19:12:48.000,_20260123_105610_CH02_TMO_5GNR_WFC_MT-DUT-2_TC-155.dml,,,,,,,,,,,,,,,,,,,,,,,,1,,,,,594,,,,Connected,,,,,,,IWLAN
1133,1,,,-121.9314830,47.5244923,2026-01-23 19:12:48.395,_20260123_105610_CH02_TMO_5GNR_WFC_MT-DUT-2_TC-155.dml,,,,,,,,,,,,,,,,,,,,,,,[UE]   Voice - Release Call Success,,,,,,,,,,,,,,,,,
1134,1,,,-121.9314830,47.5244923,2026-01-23 19:12:49.000,_20260123_105610_CH02_TMO_5GNR_WFC_MT-DUT-2_TC-155.dml,,,,,,,,,,,,,,,,,,,,,,,,,,,,,594,,,On,Connected,-72.000000,5220,136,,,,IWLAN
1135,1,,,-121.9314830,47.5244923,2026-01-23 19:12:50.000,_20260123_105610_CH02_TMO_5GNR_WFC_MT-DUT-2_TC-155.dml,,,,,,,,,,,,,,,,,,,,,,,,,,,,,594,,,On,Connected,-72.000000,5220,136,,,,IWLAN
1136,1,,,-121.9314830,47.5244923,2026-01-23 19:12:51.000,_20260123_105610_CH02_TMO_5GNR_WFC_MT-DUT-2_TC-155.dml,,,,,,,,,,,,,,,,,,,,,,,,,,,,,594,,,On,Connected,-71.000000,5220,68,,,,IWLAN
1137,1,,,-121.9314830,47.5244923,2026-01-23 19:12:52.000,_20260123_105610_CH02_TMO_5GNR_WFC_MT-DUT-2_TC-155.dml,,,,,,,,,,,,,,,,,,,,,,,,,,,,,594,,,On,Connected,-71.000000,5220,68,,,,IWLAN
1138,1,,,-121.9314830,47.5244923,2026-01-23 19:12:53.000,_20260123_105610_CH02_TMO_5GNR_WFC_MT-DUT-2_TC-155.dml,,,,,,,,,,,,,,,,,,,,,,,,,,,,,594,,,On,Connected,-71.000000,5220,68,,,,IWLAN
1139,1,,,-121.9314830,47.5244923,2026-01-23 19:12:54.000,_20260123_105610_CH02_TMO_5GNR_WFC_MT-DUT-2_TC-155.dml,,,,,,,,,,,,,,,,,,,,,,,,,,,,,594,,,On,Connected,-71.000000,5220,68,,,,IWLAN
1140,1,,,-121.9314830,47.5244923,2026-01-23 19:12:55.000,_20260123_105610_CH02_TMO_5GNR_WFC_MT-DUT-2_TC-155.dml,,,,,,,,,,,,,,,,,,,,,,,,,,,,,594,,,,Connected,,,,,,,IWLAN
1141,1,,,-121.9314830,47.5244923,2026-01-23 19:12:56.000,_20260123_105610_CH02_TMO_5GNR_WFC_MT-DUT-2_TC-155.dml,,,,,,,,,,,,,,,,,,,,,,,,,,,,,594,,,On,Connected,-71.000000,5220,68,,,,IWLAN
1142,1,,,-121.9314830,47.5244923,2026-01-23 19:12:57.000,_20260123_105610_CH02_TMO_5GNR_WFC_MT-DUT-2_TC-155.dml,,,,,,,,,,,,,,,,,,,,,,,,,,,,,594,,,,Connected,,,,,,,IWLAN
1143,1,,,-121.9314830,47.5244923,2026-01-23 19:12:58.000,_20260123_105610_CH02_TMO_5GNR_WFC_MT-DUT-2_TC-155.dml,,,,,,,,,,,,,,,,,,,,,,,,,,,,,594,,,On,Connected,-71.000000,5220,68,,,,IWLAN
1144,1,,,-121.9314830,47.5244923,2026-01-23 19:12:59.000,_20260123_105610_CH02_TMO_5GNR_WFC_MT-DUT-2_TC-155.dml,,,,,,,,,,,,,,,,,,,,,,,,,,,,,594,,,On,Connected,-71.000000,5220,68,,,,IWLAN
1145,1,,,-121.9314830,47.5244923,2026-01-23 19:13:00.000,_20260123_105610_CH02_TMO_5GNR_WFC_MT-DUT-2_TC-155.dml,,,,,,,,,,,,,,,,,,,,,,,,,,,,,594,,,On,Connected,-71.000000,5220,68,,,,IWLAN
1146,1,,,-121.9314830,47.5244923,2026-01-23 19:13:01.000,_20260123_105610_CH02_TMO_5GNR_WFC_MT-DUT-2_TC-155.dml,,,,,,,,,,,,,,,,,,,,,,,,,,,,,594,,,On,Connected,-71.000000,5220,68,,,,IWLAN
1147,1,,,-121.9314830,47.5244923,2026-01-23 19:13:02.000,_20260123_105610_CH02_TMO_5GNR_WFC_MT-DUT-2_TC-155.dml,,,,,,,,,,,,,,,,,,,,,,,,,,,,,594,,,,Connected,,,,,,,IWLAN
1148,1,,,-121.9314830,47.5244923,2026-01-23 19:13:03.000,_20260123_105610_CH02_TMO_5GNR_WFC_MT-DUT-2_TC-155.dml,,,,,,,,,,,,,,,,,,,,,,,,,,,,,594,,,On,Connected,-71.000000,5220,102,,,,IWLAN
1149,1,,,-121.9314830,47.5244923,2026-01-23 19:13:04.000,_20260123_105610_CH02_TMO_5GNR_WFC_MT-DUT-2_TC-155.dml,,,,,,,,,,,,,,,,,,,,,,,,,,,,,594,,,On,Connected,-71.000000,5220,102,,,,IWLAN
1150,1,,,-121.9314830,47.5244923,2026-01-23 19:13:05.000,_20260123_105610_CH02_TMO_5GNR_WFC_MT-DUT-2_TC-155.dml,,,,,,,,,,,,,,,,,,,,,,,,,,,,,594,,,On,Connected,-71.000000,5220,102,,,,IWLAN
1151,1,,,-121.9314830,47.5244923,2026-01-23 19:13:06.000,_20260123_105610_CH02_TMO_5GNR_WFC_MT-DUT-2_TC-155.dml,,,,,,,,,,,,,,,,,,,,,,,,,,,,,594,,,On,Connected,-71.000000,5220,68,,,,IWLAN
1152,1,,,-121.9314830,47.5244923,2026-01-23 19:13:07.000,_20260123_105610_CH02_TMO_5GNR_WFC_MT-DUT-2_TC-155.dml,,,,,,,,,,,,,,,,,,,,,,,,,,,,,594,,,On,Connected,-71.000000,5220,68,,,,IWLAN
1153,1,,,-121.9314830,47.5244923,2026-01-23 19:13:08.000,_20260123_105610_CH02_TMO_5GNR_WFC_MT-DUT-2_TC-155.dml,,,,,,,,,,,,,,,,,,,,,,,,,,,,,594,,,On,Connected,-71.000000,5220,68,,,,IWLAN
1154,1,,,-121.9314830,47.5244923,2026-01-23 19:13:09.000,_20260123_105610_CH02_TMO_5GNR_WFC_MT-DUT-2_TC-155.dml,,,,,,,,,,,,,,,,,,,,,,,,,,,,,594,,,On,Connected,-71.000000,5220,68,,,,IWLAN
1155,1,,,-121.9314830,47.5244923,2026-01-23 19:13:10.000,_20260123_105610_CH02_TMO_5GNR_WFC_MT-DUT-2_TC-155.dml,,,,,,,,,,,,,,,,,,,,,,,,,,,,,594,,,On,Connected,-71.000000,5220,68,,,,IWLAN
1156,1,,,-121.9314830,47.5244923,2026-01-23 19:13:11.000,_20260123_105610_CH02_TMO_5GNR_WFC_MT-DUT-2_TC-155.dml,,,,,,,,,,,,,,,,,,,,,,,,,,,,,594,,,,Connected,,,,,,,IWLAN
1157,1,,,-121.9314830,47.5244923,2026-01-23 19:13:12.000,_20260123_105610_CH02_TMO_5GNR_WFC_MT-DUT-2_TC-155.dml,,,,,,,,,,,,,,,,,,,,,,,,,,,,,594,,,On,Connected,-70.500000,5220,68,,,,IWLAN
1158,1,,,-121.9314830,47.5244923,2026-01-23 19:13:13.000,_20260123_105610_CH02_TMO_5GNR_WFC_MT-DUT-2_TC-155.dml,,,,,,,,,,,,,,,,,,,,,,,,,,,,,594,,,,Connected,,,,,,,IWLAN
1159,1,,,-121.9314830,47.5244923,2026-01-23 19:13:14.000,_20260123_105610_CH02_TMO_5GNR_WFC_MT-DUT-2_TC-155.dml,,,,,,,,,,,,,,,,,,,,,,,,,,,,,594,,,On,Connected,-70.000000,5220,68,,,,IWLAN
1160,1,,,-121.9314830,47.5244923,2026-01-23 19:13:15.176,_20260123_105610_CH02_TMO_5GNR_WFC_MT-DUT-2_TC-155.dml,,,,,,,,,,,,,,,,,,,,,,,[Tool] Voice - Release Call Request,,,,,,,,,,,,,,,,,
1161,1,,,-121.9314830,47.5244923,2026-01-23 19:13:15.317,_20260123_105610_CH02_TMO_5GNR_WFC_MT-DUT-2_TC-155.dml,,,,,,,,,,,,,,,,,,,,,,,[Tool] Voice - Answer Request,,,,,,,,,,,,,,,,,
1162,1,,,-121.9314830,47.5244923,2026-01-23 19:13:15.000,_20260123_105610_CH02_TMO_5GNR_WFC_MT-DUT-2_TC-155.dml,,,,,,,,,,,,,,,,,,,,,,,,,,,,,594,,,On,Connected,-70.000000,5220,136,,,,IWLAN
1163,1,,,-121.9314830,47.5244923,2026-01-23 19:13:16.000,_20260123_105610_CH02_TMO_5GNR_WFC_MT-DUT-2_TC-155.dml,,,,,,,,,,,,,,,,,,,,,,,,,,,,,594,,,On,Connected,-70.000000,5220,136,,,,IWLAN
1164,1,,,-121.9314830,47.5244923,2026-01-23 19:13:17.000,_20260123_105610_CH02_TMO_5GNR_WFC_MT-DUT-2_TC-155.dml,,,,,,,,,,,,,,,,,,,,,,,,,,,,,594,,,On,Connected,-70.000000,5220,136,,,,IWLAN
1165,1,,,-121.9314830,47.5244923,2026-01-23 19:13:17.693,_20260123_105610_CH02_TMO_5GNR_WFC_MT-DUT-2_TC-155.dml,,,,,,,,,,,,,,,,,,,,,,,[Tool] Voice - Call Scheduling End,,,,,,,,,,,,,,,,,
1166,1,,,-121.9314830,47.5244923,2026-01-23 19:13:17.693,_20260123_105610_CH02_TMO_5GNR_WFC_MT-DUT-2_TC-155.dml,NR SA,Voice,Complete,NR SA,NR SA,,,,,,,,,,,,Complete,Termination,Complete,,,,,,,,,90.156000,,,,,,,,,,EPSFB,,
1167,1,,,-121.9314830,47.5244923,2026-01-23 19:13:17.693,_20260123_105610_CH02_TMO_5GNR_WFC_MT-DUT-2_TC-155.dml,,,,,,,,,,,,,,,,,,,,,,,[Tool] Voice - Release Call Request,,,,,,,,,,,,,,,,,
1168,1,,,-121.9314830,47.5244923,2026-01-23 19:13:18.193,_20260123_105610_CH02_TMO_5GNR_WFC_MT-DUT-2_TC-155.dml,,,,,,,,,,,,,,,,,,,,,,,[Tool] Voice - Call Scheduling Start(Term),,,,,,,,,,,,,,,,,
1169,1,,,-121.9314830,47.5244923,2026-01-23 19:13:18.193,_20260123_105610_CH02_TMO_5GNR_WFC_MT-DUT-2_TC-155.dml,,,,,,,,,,,,,,,,,,,,,,,[Tool] Voice - Wait Page,,,,,,,,,,,,,,,,,
1170,1,,,-121.9314830,47.5244923,2026-01-23 19:13:18.000,_20260123_105610_CH02_TMO_5GNR_WFC_MT-DUT-2_TC-155.dml,,,,,,,,,,,,,,,,,,,,,,,,,,,,,594,,,,Connected,,,,,,,IWLAN
1171,1,,,-121.9314830,47.5244923,2026-01-23 19:13:19.000,_20260123_105610_CH02_TMO_5GNR_WFC_MT-DUT-2_TC-155.dml,,,,,,,,,,,,,,,,,,,,,,,,,,,,,594,,,On,Connected,-71.000000,5220,136,,,,IWLAN
1172,1,,,-121.9314830,47.5244923,2026-01-23 19:13:20.000,_20260123_105610_CH02_TMO_5GNR_WFC_MT-DUT-2_TC-155.dml,,,,,,,,,,,,,,,,,,,,,,,,,,,,,594,,,,Connected,,,,,,,IWLAN
1173,1,,,-121.9314830,47.5244923,2026-01-23 19:13:21.000,_20260123_105610_CH02_TMO_5GNR_WFC_MT-DUT-2_TC-155.dml,,,,,,,,,,,,,,,,,,,,,,,,,,,,,594,,,On,Connected,-70.500000,5220,68,,,,IWLAN
1174,1,,,-121.9314830,47.5244923,2026-01-23 19:13:22.000,_20260123_105610_CH02_TMO_5GNR_WFC_MT-DUT-2_TC-155.dml,,,,,,,,,,,,,,,,,,,,,,,,,,,,,594,,,On,Connected,-70.000000,5220,68,,,,IWLAN
1175,1,,,-121.9314830,47.5244923,2026-01-23 19:13:23.380,_20260123_105610_CH02_TMO_5GNR_WFC_MT-DUT-2_TC-155.dml,,,,,,,,,,,,,,,,,,,,,,,[Tool] Voice - Answer Request,,,,,,,,,,,,,,,,,
1176,1,,,-121.9314830,47.5244923,2026-01-23 19:13:23.000,_20260123_105610_CH02_TMO_5GNR_WFC_MT-DUT-2_TC-155.dml,,,,,,,,,,,,,,,,,,,,,,,,,,,,,594,,,On,Connected,-70.000000,5220,68,,,,IWLAN
1177,1,,,-121.9314830,47.5244923,2026-01-23 19:13:24.364,_20260123_105610_CH02_TMO_5GNR_WFC_MT-DUT-2_TC-155.dml,,,,,,,,,,,,,,,,,,,,,,,[UE]   Voice - Setup Success,,,,,,,,,,,,,,,,,
1178,1,,,-121.9314830,47.5244923,2026-01-23 19:13:24.000,_20260123_105610_CH02_TMO_5GNR_WFC_MT-DUT-2_TC-155.dml,,,,,,,,,,NR SA,,,,,,,,,,,,,,,,,,,594,,,On,Connected,-71.000000,5220,68,,,,IWLAN
1179,1,,,-121.9314830,47.5244923,2026-01-23 19:13:25.000,_20260123_105610_CH02_TMO_5GNR_WFC_MT-DUT-2_TC-155.dml,,,,,,,,,,NR SA,,,,,,,,,,,,,,,,,,,594,,,On,Connected,-71.000000,5220,68,,,,IWLAN
1180,1,,,-121.9314830,47.5244923,2026-01-23 19:13:26.000,_20260123_105610_CH02_TMO_5GNR_WFC_MT-DUT-2_TC-155.dml,,,,,,,,,,NR SA,,,,,,,,,,,,,,,,,,,594,,,On,Connected,-71.000000,5220,68,,,,IWLAN
1181,1,,,-121.9314830,47.5244923,2026-01-23 19:13:27.000,_20260123_105610_CH02_TMO_5GNR_WFC_MT-DUT-2_TC-155.dml,,,,,,,,,,NR SA,,,,,,,,,,,,,,,,,,,594,,,,Connected,,,,,,,IWLAN
1182,1,,,-121.9314830,47.5244923,2026-01-23 19:13:28.000,_20260123_105610_CH02_TMO_5GNR_WFC_MT-DUT-2_TC-155.dml,,,,,,,,,,NR SA,,,,,,,,,,,,,,,,,,,594,,,On,Connected,-71.000000,5220,68,,,,IWLAN
1183,1,,,-121.9314830,47.5244923,2026-01-23 19:13:29.000,_20260123_105610_CH02_TMO_5GNR_WFC_MT-DUT-2_TC-155.dml,,,,,,,,,,NR SA,,,,,,,,,,,,,,,,,,,594,,,,Connected,,,,,,,IWLAN
1184,1,,,-121.9314830,47.5244923,2026-01-23 19:13:30.000,_20260123_105610_CH02_TMO_5GNR_WFC_MT-DUT-2_TC-155.dml,,,,,,,,,,NR SA,,,,,,,,,,,,,,,,,,,594,,,On,Connected,-71.000000,5220,68,,,,IWLAN
1185,1,,,-121.9314830,47.5244923,2026-01-23 19:13:31.000,_20260123_105610_CH02_TMO_5GNR_WFC_MT-DUT-2_TC-155.dml,,,,,,,,,,NR SA,,,,,,,,,,,,,,,,,,,594,,,On,Connected,-71.000000,5220,68,,,,IWLAN
1186,1,,,-121.9314830,47.5244923,2026-01-23 19:13:32.000,_20260123_105610_CH02_TMO_5GNR_WFC_MT-DUT-2_TC-155.dml,,,,,,,,,,NR SA,,,,,,,,,,,,,,,,,,,,,,,Connected,,,,,,,IWLAN
1187,1,,,-121.9314830,47.5244923,2026-01-23 19:13:33.000,_20260123_105610_CH02_TMO_5GNR_WFC_MT-DUT-2_TC-155.dml,,,,,,,,,,NR SA,,,,,,,,,,,,,,,,,,,594,,,On,Connected,-71.000000,5220,68,,,,IWLAN
1188,1,,,-121.9314830,47.5244923,2026-01-23 19:13:34.000,_20260123_105610_CH02_TMO_5GNR_WFC_MT-DUT-2_TC-155.dml,,,,,,,,,,NR SA,,,,,,,,,,,,,,,,,,,,,,,Connected,,,,,,,IWLAN
1189,1,,,-121.9314830,47.5244923,2026-01-23 19:13:35.000,_20260123_105610_CH02_TMO_5GNR_WFC_MT-DUT-2_TC-155.dml,,,,,,,,,,NR SA,,,,,,,,,,,,,,,,,,,594,,2.122155,On,Connected,-71.000000,5220,68,,,,IWLAN
1190,1,,,-121.9314830,47.5244923,2026-01-23 19:13:36.000,_20260123_105610_CH02_TMO_5GNR_WFC_MT-DUT-2_TC-155.dml,,,,,,,,,,NR SA,,,,,,,,,,,,,,,,,,,,,2.122155,,Connected,,,,,,,IWLAN
1191,1,,,-121.9314830,47.5244923,2026-01-23 19:13:37.000,_20260123_105610_CH02_TMO_5GNR_WFC_MT-DUT-2_TC-155.dml,,,,,,,,,,NR SA,,,,,,,,,,,,,,,,,,,594,,2.122155,On,Connected,-71.000000,5220,68,,,,IWLAN
1192,1,,,-121.9314830,47.5244923,2026-01-23 19:13:38.000,_20260123_105610_CH02_TMO_5GNR_WFC_MT-DUT-2_TC-155.dml,,,,,,,,,,NR SA,,,,,,,,,,,,,,,,,,,594,,2.122155,On,Connected,-71.000000,5220,68,,,,IWLAN
1193,1,,,-121.9314830,47.5244923,2026-01-23 19:13:39.000,_20260123_105610_CH02_TMO_5GNR_WFC_MT-DUT-2_TC-155.dml,,,,,,,,,,NR SA,,,,,,,,,,,,,,,,,,,,,2.122155,,Connected,,,,,,,IWLAN
1194,1,,,-121.9314830,47.5244923,2026-01-23 19:13:40.000,_20260123_105610_CH02_TMO_5GNR_WFC_MT-DUT-2_TC-155.dml,,,,,,,,,,NR SA,,,,,,,,,,,,,,,,,,,594,,2.122155,On,Connected,-71.000000,5220,68,,,,IWLAN
1195,1,,,-121.9314830,47.5244923,2026-01-23 19:13:41.000,_20260123_105610_CH02_TMO_5GNR_WFC_MT-DUT-2_TC-155.dml,,,,,,,,,,NR SA,,,,,,,,,,,,,,,,,,,,,2.122155,On,Connected,-71.000000,5220,68,,,,IWLAN
1196,1,,,-121.9314830,47.5244923,2026-01-23 19:13:42.000,_20260123_105610_CH02_TMO_5GNR_WFC_MT-DUT-2_TC-155.dml,,,,,,,,,,NR SA,,,,,,,,,,,,,,,,,,,594,,2.122155,On,Connected,-71.000000,5220,68,,,,IWLAN
1197,1,,,-121.9314830,47.5244923,2026-01-23 19:13:43.000,_20260123_105610_CH02_TMO_5GNR_WFC_MT-DUT-2_TC-155.dml,,,,,,,,,,NR SA,,,,,,,,,,,,,,,,,,,,,2.122155,On,Connected,-71.000000,5220,68,,,,IWLAN
1198,1,,,-121.9314830,47.5244923,2026-01-23 19:13:44.000,_20260123_105610_CH02_TMO_5GNR_WFC_MT-DUT-2_TC-155.dml,,,,,,,,,,NR SA,,,,,,,,,,,,,,,,,,,594,,2.122155,On,Connected,-71.000000,5220,68,,,,IWLAN
1199,1,,,-121.9314830,47.5244923,2026-01-23 19:13:45.000,_20260123_105610_CH02_TMO_5GNR_WFC_MT-DUT-2_TC-155.dml,,,,,,,,,,NR SA,,,,,,,,,,,,,,,,,,,,,,On,Connected,-71.000000,5220,68,,,,IWLAN
1200,1,,,-121.9314830,47.5244923,2026-01-23 19:13:45.176,_20260123_105610_CH02_TMO_5GNR_WFC_MT-DUT-2_TC-155.dml,,,,,,,,,,,,,,,,,,,,,,,,,,,,,,-81.660000,,,,,,,,,,
1201,1,,,-121.9314830,47.5244923,2026-01-23 19:13:46.000,_20260123_105610_CH02_TMO_5GNR_WFC_MT-DUT-2_TC-155.dml,,,,,,,,,,NR SA,,,,,,,,,,,,,,,,,,,594,,,On,Connected,-71.000000,5220,68,,,,IWLAN
1202,1,,,-121.9314830,47.5244923,2026-01-23 19:13:47.000,_20260123_105610_CH02_TMO_5GNR_WFC_MT-DUT-2_TC-155.dml,,,,,,,,,,NR SA,,,,,,,,,,,,,,,,,,,,,,On,Connected,-71.000000,5220,68,,,,IWLAN
1203,1,,,-121.9314830,47.5244923,2026-01-23 19:13:48.000,_20260123_105610_CH02_TMO_5GNR_WFC_MT-DUT-2_TC-155.dml,,,,,,,,,,NR SA,,,,,,,,,,,,,,,,,,,594,,,On,Connected,-71.000000,5220,68,,,,IWLAN
1204,1,,,-121.9314830,47.5244923,2026-01-23 19:13:49.000,_20260123_105610_CH02_TMO_5GNR_WFC_MT-DUT-2_TC-155.dml,,,,,,,,,,NR SA,,,,,,,,,,,,,,,,,,,,,,On,Connected,-71.000000,5220,68,,,,IWLAN
1205,1,,,-121.9314830,47.5244923,2026-01-23 19:13:50.000,_20260123_105610_CH02_TMO_5GNR_WFC_MT-DUT-2_TC-155.dml,,,,,,,,,,NR SA,,,,,,,,,,,,,,,,,,,594,,,On,Connected,-71.000000,5220,68,,,,IWLAN
1206,1,,,-121.9314830,47.5244923,2026-01-23 19:13:51.000,_20260123_105610_CH02_TMO_5GNR_WFC_MT-DUT-2_TC-155.dml,,,,,,,,,,NR SA,,,,,,,,,,,,,,,,,,,,,,On,Connected,-71.000000,5220,68,,,,IWLAN
1207,1,,,-121.9314830,47.5244923,2026-01-23 19:13:52.000,_20260123_105610_CH02_TMO_5GNR_WFC_MT-DUT-2_TC-155.dml,,,,,,,,,,NR SA,,,,,,,,,,,,,,,,,,,594,,,On,Connected,-71.000000,5220,68,,,,IWLAN
1208,1,,,-121.9314830,47.5244923,2026-01-23 19:13:53.000,_20260123_105610_CH02_TMO_5GNR_WFC_MT-DUT-2_TC-155.dml,,,,,,,,,,NR SA,,,,,,,,,,,,,,,,,,,594,,,On,Connected,-71.000000,5220,68,,,,IWLAN
1209,1,,,-121.9314830,47.5244923,2026-01-23 19:13:54.000,_20260123_105610_CH02_TMO_5GNR_WFC_MT-DUT-2_TC-155.dml,,,,,,,,,,NR SA,,,,,,,,,,,,,,,,,,,,,,On,Connected,-71.000000,5220,68,,,,IWLAN
1210,1,,,-121.9314830,47.5244923,2026-01-23 19:13:55.000,_20260123_105610_CH02_TMO_5GNR_WFC_MT-DUT-2_TC-155.dml,,,,,,,,,,NR SA,,,,,,,,,,,,,,,,,,,594,,2.301246,On,Connected,-71.000000,5220,68,,,,IWLAN
1211,1,,,-121.9314830,47.5244923,2026-01-23 19:13:56.000,_20260123_105610_CH02_TMO_5GNR_WFC_MT-DUT-2_TC-155.dml,,,,,,,,,,NR SA,,,,,,,,,,,,,,,,,,,594,,2.301246,On,Connected,-71.000000,5220,68,,,,IWLAN
1212,1,,,-121.9314830,47.5244923,2026-01-23 19:13:57.000,_20260123_105610_CH02_TMO_5GNR_WFC_MT-DUT-2_TC-155.dml,,,,,,,,,,NR SA,,,,,,,,,,,,,,,,,,,,,2.301246,On,Connected,-71.000000,5220,68,,,,IWLAN
1213,1,,,-121.9314830,47.5244923,2026-01-23 19:13:58.000,_20260123_105610_CH02_TMO_5GNR_WFC_MT-DUT-2_TC-155.dml,,,,,,,,,,NR SA,,,,,,,,,,,,,,,,,,,594,,2.301246,On,Connected,-71.000000,5220,68,,,,IWLAN
1214,1,,,-121.9314830,47.5244923,2026-01-23 19:13:59.000,_20260123_105610_CH02_TMO_5GNR_WFC_MT-DUT-2_TC-155.dml,,,,,,,,,,NR SA,,,,,,,,,,,,,,,,,,,,,2.301246,On,Connected,-71.000000,5220,68,,,,IWLAN
1215,1,,,-121.9314830,47.5244923,2026-01-23 19:14:00.000,_20260123_105610_CH02_TMO_5GNR_WFC_MT-DUT-2_TC-155.dml,,,,,,,,,,NR SA,,,,,,,,,,,,,,,,,,,594,,2.301246,On,Connected,-71.000000,5220,68,,,,IWLAN
1216,1,,,-121.9314830,47.5244923,2026-01-23 19:14:01.000,_20260123_105610_CH02_TMO_5GNR_WFC_MT-DUT-2_TC-155.dml,,,,,,,,,,NR SA,,,,,,,,,,,,,,,,,,,,,2.301246,On,Connected,-71.000000,5220,68,,,,IWLAN
1217,1,,,-121.9314830,47.5244923,2026-01-23 19:14:02.000,_20260123_105610_CH02_TMO_5GNR_WFC_MT-DUT-2_TC-155.dml,,,,,,,,,,NR SA,,,,,,,,,,,,,,,,,,,594,,2.301246,On,Connected,-71.000000,5220,68,,,,IWLAN
1218,1,,,-121.9314830,47.5244923,2026-01-23 19:14:03.000,_20260123_105610_CH02_TMO_5GNR_WFC_MT-DUT-2_TC-155.dml,,,,,,,,,,NR SA,,,,,,,,,,,,,,,,,,,,,2.301246,On,Connected,-71.000000,5220,68,,,,IWLAN
1219,1,,,-121.9314830,47.5244923,2026-01-23 19:14:04.000,_20260123_105610_CH02_TMO_5GNR_WFC_MT-DUT-2_TC-155.dml,,,,,,,,,,NR SA,,,,,,,,,,,,,,,,,,,594,,2.301246,On,Connected,-71.000000,5220,68,,,,IWLAN
1220,1,,,-121.9314830,47.5244923,2026-01-23 19:14:05.130,_20260123_105610_CH02_TMO_5GNR_WFC_MT-DUT-2_TC-155.dml,,,,,,,,,,,,,,,,,,,,,,,,,,,,,,-83.013125,,,,,,,,,,
1221,1,,,-121.9314830,47.5244923,2026-01-23 19:14:05.000,_20260123_105610_CH02_TMO_5GNR_WFC_MT-DUT-2_TC-155.dml,,,,,,,,,,NR SA,,,,,,,,,,,,,,,,,,,,,,On,Connected,-71.000000,5220,68,,,,IWLAN
1222,1,,,-121.9314830,47.5244923,2026-01-23 19:14:06.000,_20260123_105610_CH02_TMO_5GNR_WFC_MT-DUT-2_TC-155.dml,,,,,,,,,,NR SA,,,,,,,,,,,,,,,,,,,594,,,On,Connected,-71.000000,5220,68,,,,IWLAN
1223,1,,,-121.9314830,47.5244923,2026-01-23 19:14:07.000,_20260123_105610_CH02_TMO_5GNR_WFC_MT-DUT-2_TC-155.dml,,,,,,,,,,NR SA,,,,,,,,,,,,,,,,,,,,,,On,Connected,-71.000000,5220,68,,,,IWLAN
1224,1,,,-121.9314830,47.5244923,2026-01-23 19:14:08.000,_20260123_105610_CH02_TMO_5GNR_WFC_MT-DUT-2_TC-155.dml,,,,,,,,,,NR SA,,,,,,,,,,,,,,,,,,,594,,,On,Connected,-71.000000,5220,68,,,,IWLAN
1225,1,,,-121.9314830,47.5244923,2026-01-23 19:14:09.000,_20260123_105610_CH02_TMO_5GNR_WFC_MT-DUT-2_TC-155.dml,,,,,,,,,,NR SA,,,,,,,,,,,,,,,,,,,,,,On,Connected,-71.000000,5220,68,,,,IWLAN
1226,1,,,-121.9314830,47.5244923,2026-01-23 19:14:10.000,_20260123_105610_CH02_TMO_5GNR_WFC_MT-DUT-2_TC-155.dml,,,,,,,,,,NR SA,,,,,,,,,,,,,,,,,,,594,,,On,Connected,-71.000000,5220,68,,,,IWLAN
1227,1,,,-121.9314830,47.5244923,2026-01-23 19:14:11.000,_20260123_105610_CH02_TMO_5GNR_WFC_MT-DUT-2_TC-155.dml,,,,,,,,,,NR SA,,,,,,,,,,,,,,,,,,,,,,On,Connected,-71.000000,5220,68,,,,IWLAN
1228,1,,,-121.9314830,47.5244923,2026-01-23 19:14:12.000,_20260123_105610_CH02_TMO_5GNR_WFC_MT-DUT-2_TC-155.dml,,,,,,,,,,NR SA,,,,,,,,,,,,,,,,,,,594,,,On,Connected,-71.000000,5220,68,,,,IWLAN
1229,1,,,-121.9314830,47.5244923,2026-01-23 19:14:13.000,_20260123_105610_CH02_TMO_5GNR_WFC_MT-DUT-2_TC-155.dml,,,,,,,,,,NR SA,,,,,,,,,,,,,,,,,,,,,,On,Connected,-71.000000,5220,68,,,,IWLAN
1230,1,,,-121.9314830,47.5244923,2026-01-23 19:14:14.000,_20260123_105610_CH02_TMO_5GNR_WFC_MT-DUT-2_TC-155.dml,,,,,,,,,,NR SA,,,,,,,,,,,,,,,,,,,594,,,On,Connected,-71.000000,5220,68,,,,IWLAN
1231,1,,,-121.9314830,47.5244923,2026-01-23 19:14:15.000,_20260123_105610_CH02_TMO_5GNR_WFC_MT-DUT-2_TC-155.dml,,,,,,,,,,NR SA,,,,,,,,,,,,,,,,,,,,,1.819185,On,Connected,-71.000000,5220,68,,,,IWLAN
1232,1,,,-121.9314830,47.5244923,2026-01-23 19:14:16.000,_20260123_105610_CH02_TMO_5GNR_WFC_MT-DUT-2_TC-155.dml,,,,,,,,,,NR SA,,,,,,,,,,,,,,,,,,,594,,1.819185,On,Connected,-71.000000,5220,68,,,,IWLAN
1233,1,,,-121.9314830,47.5244923,2026-01-23 19:14:17.000,_20260123_105610_CH02_TMO_5GNR_WFC_MT-DUT-2_TC-155.dml,,,,,,,,,,NR SA,,,,,,,,,,,,,,,,,,,,,1.819185,On,Connected,-71.000000,5220,68,,,,IWLAN
1234,1,,,-121.9314830,47.5244923,2026-01-23 19:14:18.000,_20260123_105610_CH02_TMO_5GNR_WFC_MT-DUT-2_TC-155.dml,,,,,,,,,,NR SA,,,,,,,,,,,,,,,,,,,594,,1.819185,On,Connected,-71.000000,5220,68,,,,IWLAN
1235,1,,,-121.9314830,47.5244923,2026-01-23 19:14:19.000,_20260123_105610_CH02_TMO_5GNR_WFC_MT-DUT-2_TC-155.dml,,,,,,,,,,NR SA,,,,,,,,,,,,,,,,,,,594,,1.819185,On,Connected,-71.000000,5220,68,,,,IWLAN
1236,1,,,-121.9314830,47.5244923,2026-01-23 19:14:20.000,_20260123_105610_CH02_TMO_5GNR_WFC_MT-DUT-2_TC-155.dml,,,,,,,,,,NR SA,,,,,,,,,,,,,,,,,,,,,1.819185,On,Connected,-71.000000,5220,68,,,,IWLAN
1237,1,,,-121.9314830,47.5244923,2026-01-23 19:14:21.000,_20260123_105610_CH02_TMO_5GNR_WFC_MT-DUT-2_TC-155.dml,,,,,,,,,,NR SA,,,,,,,,,,,,,,,,,,,594,,1.819185,On,Connected,-71.000000,5220,68,,,,IWLAN
1238,1,,,-121.9314830,47.5244923,2026-01-23 19:14:22.000,_20260123_105610_CH02_TMO_5GNR_WFC_MT-DUT-2_TC-155.dml,,,,,,,,,,NR SA,,,,,,,,,,,,,,,,,,,,,1.819185,On,Connected,-71.000000,5220,68,,,,IWLAN
1239,1,,,-121.9314830,47.5244923,2026-01-23 19:14:23.000,_20260123_105610_CH02_TMO_5GNR_WFC_MT-DUT-2_TC-155.dml,,,,,,,,,,NR SA,,,,,,,,,,,,,,,,,,,594,,1.819185,On,Connected,-71.000000,5220,68,,,,IWLAN
1240,1,,,-121.9314830,47.5244923,2026-01-23 19:14:24.000,_20260123_105610_CH02_TMO_5GNR_WFC_MT-DUT-2_TC-155.dml,,,,,,,,,,NR SA,,,,,,,,,,,,,,,,,,,,,1.819185,On,Connected,-71.000000,5220,68,,,,IWLAN
1241,1,,,-121.9314830,47.5244923,2026-01-23 19:14:25.176,_20260123_105610_CH02_TMO_5GNR_WFC_MT-DUT-2_TC-155.dml,,,,,,,,,,,,,,,,,,,,,,,,,,,,,,-80.767647,,,,,,,,,,
1242,1,,,-121.9314830,47.5244923,2026-01-23 19:14:25.000,_20260123_105610_CH02_TMO_5GNR_WFC_MT-DUT-2_TC-155.dml,,,,,,,,,,NR SA,,,,,,,,,,,,,,,,,,,594,,,On,Connected,-71.000000,5220,68,,,,IWLAN
1243,1,,,-121.9314830,47.5244923,2026-01-23 19:14:26.000,_20260123_105610_CH02_TMO_5GNR_WFC_MT-DUT-2_TC-155.dml,,,,,,,,,,NR SA,,,,,,,,,,,,,,,,,,,,,,On,Connected,-71.000000,5220,68,,,,IWLAN
1244,1,,,-121.9314830,47.5244923,2026-01-23 19:14:27.000,_20260123_105610_CH02_TMO_5GNR_WFC_MT-DUT-2_TC-155.dml,,,,,,,,,,NR SA,,,,,,,,,,,,,,,,,,,594,,,On,Connected,-71.000000,5220,68,,,,IWLAN
1245,1,,,-121.9314830,47.5244923,2026-01-23 19:14:28.000,_20260123_105610_CH02_TMO_5GNR_WFC_MT-DUT-2_TC-155.dml,,,,,,,,,,NR SA,,,,,,,,,,,,,,,,,,,,,,On,Connected,-71.000000,5220,68,,,,IWLAN
1246,1,,,-121.9314830,47.5244923,2026-01-23 19:14:29.000,_20260123_105610_CH02_TMO_5GNR_WFC_MT-DUT-2_TC-155.dml,,,,,,,,,,NR SA,,,,,,,,,,,,,,,,,,,594,,,On,Connected,-71.000000,5220,68,,,,IWLAN
1247,1,,,-121.9314830,47.5244923,2026-01-23 19:14:30.000,_20260123_105610_CH02_TMO_5GNR_WFC_MT-DUT-2_TC-155.dml,,,,,,,,,,NR SA,,,,,,,,,,,,,,,,,,,,,,On,Connected,-71.000000,5220,68,,,,IWLAN
1248,1,,,-121.9314830,47.5244923,2026-01-23 19:14:31.000,_20260123_105610_CH02_TMO_5GNR_WFC_MT-DUT-2_TC-155.dml,,,,,,,,,,NR SA,,,,,,,,,,,,,,,,,,,594,,,On,Connected,-71.000000,5220,68,,,,IWLAN
1249,1,,,-121.9314830,47.5244923,2026-01-23 19:14:32.000,_20260123_105610_CH02_TMO_5GNR_WFC_MT-DUT-2_TC-155.dml,,,,,,,,,,NR SA,,,,,,,,,,,,,,,,,,,,,,On,Connected,-71.000000,5220,68,,,,IWLAN
1250,1,,,-121.9314830,47.5244923,2026-01-23 19:14:33.000,_20260123_105610_CH02_TMO_5GNR_WFC_MT-DUT-2_TC-155.dml,,,,,,,,,,NR SA,,,,,,,,,,,,,,,,,,,594,,,On,Connected,-71.000000,5220,68,,,,IWLAN
1251,1,,,-121.9314830,47.5244923,2026-01-23 19:14:34.000,_20260123_105610_CH02_TMO_5GNR_WFC_MT-DUT-2_TC-155.dml,,,,,,,,,,NR SA,,,,,,,,,,,,,,,,,,,,,,On,Connected,-71.000000,5220,68,,,,IWLAN
1252,1,,,-121.9314830,47.5244923,2026-01-23 19:14:35.000,_20260123_105610_CH02_TMO_5GNR_WFC_MT-DUT-2_TC-155.dml,,,,,,,,,,NR SA,,,,,,,,,,,,,,,,,,,594,,2.326016,On,Connected,-71.000000,5220,68,,,,IWLAN
1253,1,,,-121.9314830,47.5244923,2026-01-23 19:14:36.000,_20260123_105610_CH02_TMO_5GNR_WFC_MT-DUT-2_TC-155.dml,,,,,,,,,,NR SA,,,,,,,,,,,,,,,,,,,,,2.326016,,Connected,,,,,,,IWLAN
1254,1,,,-121.9314830,47.5244923,2026-01-23 19:14:37.000,_20260123_105610_CH02_TMO_5GNR_WFC_MT-DUT-2_TC-155.dml,,,,,,,,,,NR SA,,,,,,,,,,,,,,,,,,,594,,2.326016,On,Connected,-71.000000,5220,68,,,,IWLAN
1255,1,,,-121.9314830,47.5244923,2026-01-23 19:14:38.000,_20260123_105610_CH02_TMO_5GNR_WFC_MT-DUT-2_TC-155.dml,,,,,,,,,,NR SA,,,,,,,,,,,,,,,,,,,,,2.326016,On,Connected,-71.000000,5220,68,,,,IWLAN
1256,1,,,-121.9314830,47.5244923,2026-01-23 19:14:39.000,_20260123_105610_CH02_TMO_5GNR_WFC_MT-DUT-2_TC-155.dml,,,,,,,,,,NR SA,,,,,,,,,,,,,,,,,,,594,,2.326016,On,Connected,-71.000000,5220,68,,,,IWLAN
1257,1,,,-121.9314830,47.5244923,2026-01-23 19:14:40.000,_20260123_105610_CH02_TMO_5GNR_WFC_MT-DUT-2_TC-155.dml,,,,,,,,,,NR SA,,,,,,,,,,,,,,,,,,,,,2.326016,On,Connected,-71.000000,5220,68,,,,IWLAN
1258,1,,,-121.9314830,47.5244923,2026-01-23 19:14:41.000,_20260123_105610_CH02_TMO_5GNR_WFC_MT-DUT-2_TC-155.dml,,,,,,,,,,NR SA,,,,,,,,,,,,,,,,,,,594,,2.326016,On,Connected,-71.000000,5220,68,,,,IWLAN
1259,1,,,-121.9314830,47.5244923,2026-01-23 19:14:42.000,_20260123_105610_CH02_TMO_5GNR_WFC_MT-DUT-2_TC-155.dml,,,,,,,,,,NR SA,,,,,,,,,,,,,,,,,,,,,2.326016,On,Connected,-71.000000,5220,68,,,,IWLAN
1260,1,,,-121.9314830,47.5244923,2026-01-23 19:14:43.000,_20260123_105610_CH02_TMO_5GNR_WFC_MT-DUT-2_TC-155.dml,,,,,,,,,,NR SA,,,,,,,,,,,,,,,,,,,594,,2.326016,On,Connected,-71.000000,5220,68,,,,IWLAN
1261,1,,,-121.9314830,47.5244923,2026-01-23 19:14:44.000,_20260123_105610_CH02_TMO_5GNR_WFC_MT-DUT-2_TC-155.dml,,,,,,,,,,NR SA,,,,,,,,,,,,,,,,,,,,,2.326016,On,Connected,-71.000000,5220,68,,,,IWLAN
1262,1,,,-121.9314830,47.5244923,2026-01-23 19:14:45.145,_20260123_105610_CH02_TMO_5GNR_WFC_MT-DUT-2_TC-155.dml,,,,,,,,,,,,,,,,,,,,,,,,,,,,,,-82.774118,,,,,,,,,,
1263,1,,,-121.9314830,47.5244923,2026-01-23 19:14:45.000,_20260123_105610_CH02_TMO_5GNR_WFC_MT-DUT-2_TC-155.dml,,,,,,,,,,NR SA,,,,,,,,,,,,,,,,,,,594,,,On,Connected,-71.000000,5220,68,,,,IWLAN
1264,1,,,-121.9314830,47.5244923,2026-01-23 19:14:46.000,_20260123_105610_CH02_TMO_5GNR_WFC_MT-DUT-2_TC-155.dml,,,,,,,,,,NR SA,,,,,,,,,,,,,,,,,,,,,,On,Connected,-71.000000,5220,68,,,,IWLAN
1265,1,,,-121.9314830,47.5244923,2026-01-23 19:14:47.000,_20260123_105610_CH02_TMO_5GNR_WFC_MT-DUT-2_TC-155.dml,,,,,,,,,,NR SA,,,,,,,,,,,,,,,,,,,594,,,On,Connected,-71.000000,5220,68,,,,IWLAN
1266,1,,,-121.9314830,47.5244923,2026-01-23 19:14:48.000,_20260123_105610_CH02_TMO_5GNR_WFC_MT-DUT-2_TC-155.dml,,,,,,,,,,NR SA,,,,,,,,,,,,,,,,,,,,,,On,Connected,-71.000000,5220,68,,,,IWLAN
1267,1,,,-121.9314830,47.5244923,2026-01-23 19:14:49.000,_20260123_105610_CH02_TMO_5GNR_WFC_MT-DUT-2_TC-155.dml,,,,,,,,,,NR SA,,,,,,,,,,,,,,,,,,,594,,,On,Connected,-71.000000,5220,68,,,,IWLAN
1268,1,,,-121.9314830,47.5244923,2026-01-23 19:14:50.000,_20260123_105610_CH02_TMO_5GNR_WFC_MT-DUT-2_TC-155.dml,,,,,,,,,,NR SA,,,,,,,,,,,,,,,,,,,,,,On,Connected,-71.000000,5220,68,,,,IWLAN
1269,1,,,-121.9314830,47.5244923,2026-01-23 19:14:51.000,_20260123_105610_CH02_TMO_5GNR_WFC_MT-DUT-2_TC-155.dml,,,,,,,,,,NR SA,,,,,,,,,,,,,,,,,,,594,,,On,Connected,-71.000000,5220,68,,,,IWLAN
1270,1,,,-121.9314830,47.5244923,2026-01-23 19:14:52.000,_20260123_105610_CH02_TMO_5GNR_WFC_MT-DUT-2_TC-155.dml,,,,,,,,,,NR SA,,,,,,,,,,,,,,,,,,,,,,On,Connected,-71.000000,5220,68,,,,IWLAN
1271,1,,,-121.9314830,47.5244923,2026-01-23 19:14:53.000,_20260123_105610_CH02_TMO_5GNR_WFC_MT-DUT-2_TC-155.dml,,,,,,,,,,NR SA,,,,,,,,,,,,,,,,,,,594,,,On,Connected,-71.000000,5220,68,,,,IWLAN
1272,1,,,-121.9314830,47.5244923,2026-01-23 19:14:54.000,_20260123_105610_CH02_TMO_5GNR_WFC_MT-DUT-2_TC-155.dml,,,,,,,,,,NR SA,,,,,,,,,,,,,,,,,,,,,,On,Connected,-71.000000,5220,68,,,,IWLAN
1273,1,,,-121.9314830,47.5244923,2026-01-23 19:14:54.660,_20260123_105610_CH02_TMO_5GNR_WFC_MT-DUT-2_TC-155.dml,,,,,,,,,,,,,,,,,,,,,,,[Tool] Voice - Pair Channel Call Drop,,,,,,,,,,,,,,,,,
1274,1,,,-121.9314830,47.5244923,2026-01-23 19:14:54.660,_20260123_105610_CH02_TMO_5GNR_WFC_MT-DUT-2_TC-155.dml,,,,,,,,,,,,,,,,,,,,,,,[Tool] Voice - Release Call Request,,,,,,,,,,,,,,,,,
1275,1,,,-121.9314830,47.5244923,2026-01-23 19:14:55.160,_20260123_105610_CH02_TMO_5GNR_WFC_MT-DUT-2_TC-155.dml,,,,,,,,,,,,,,,,,,,,,,BQ,[Tool] Voice - Call Result : BQ,,,,,,,,,,,,,,,,,
1276,1,,,-121.9314830,47.5244923,2026-01-23 19:14:55.160,_20260123_105610_CH02_TMO_5GNR_WFC_MT-DUT-2_TC-155.dml,,,,,,,,,,,,,,,,,,,,,,,[UE]   Voice - Release Call Success,,,,,,,,,,,,,,,,,
1277,1,,,-121.9314830,47.5244923,2026-01-23 19:14:55.000,_20260123_105610_CH02_TMO_5GNR_WFC_MT-DUT-2_TC-155.dml,,,,,,,,,,,,,,,,,,,,,,,,,,,,,594,,,On,Connected,-71.000000,5220,68,,,,IWLAN
1278,1,,,-121.9314830,47.5244923,2026-01-23 19:14:56.192,_20260123_105610_CH02_TMO_5GNR_WFC_MT-DUT-2_TC-155.dml,,,,,,,,,,,,,,,,,,,,,,,[UE]   Voice - Release Call Success,,,,,,,,,,,,,,,,,
1279,1,,,-121.9314830,47.5244923,2026-01-23 19:14:56.000,_20260123_105610_CH02_TMO_5GNR_WFC_MT-DUT-2_TC-155.dml,,,,,,,,,,,,,,,,,,,,,,,,,,,,,,,,On,Connected,-71.000000,5220,136,,,,IWLAN
1280,1,,,-121.9314830,47.5244923,2026-01-23 19:14:57.000,_20260123_105610_CH02_TMO_5GNR_WFC_MT-DUT-2_TC-155.dml,,,,,,,,,,,,,,,,,,,,,,,,,,,,,594,,,On,Connected,-71.000000,5220,136,,,,IWLAN
1281,1,,,-121.9314830,47.5244923,2026-01-23 19:14:58.000,_20260123_105610_CH02_TMO_5GNR_WFC_MT-DUT-2_TC-155.dml,,,,,,,,,,,,,,,,,,,,,,,,,,,,,,,,On,Connected,-71.000000,5220,136,,,,IWLAN
1282,1,,,-121.9314830,47.5244923,2026-01-23 19:14:59.000,_20260123_105610_CH02_TMO_5GNR_WFC_MT-DUT-2_TC-155.dml,,,,,,,,,,,,,,,,,,,,,,,,,,,,,594,,,On,Connected,-70.000000,5220,102,,,,IWLAN
1283,1,,,-121.9314830,47.5244923,2026-01-23 19:15:00.000,_20260123_105610_CH02_TMO_5GNR_WFC_MT-DUT-2_TC-155.dml,,,,,,,,,,,,,,,,,,,,,,,,,,,,,,,,On,Connected,-70.000000,5220,102,,,,IWLAN
1284,1,,,-121.9314830,47.5244923,2026-01-23 19:15:01.000,_20260123_105610_CH02_TMO_5GNR_WFC_MT-DUT-2_TC-155.dml,,,,,,,,,,,,,,,,,,,,,,,,,,,,,594,,,On,Connected,-70.000000,5220,102,,,,IWLAN
1285,1,,,-121.9314830,47.5244923,2026-01-23 19:15:02.000,_20260123_105610_CH02_TMO_5GNR_WFC_MT-DUT-2_TC-155.dml,,,,,,,,,,,,,,,,,,,,,,,,,,,,,,,,On,Connected,-70.000000,5220,68,,,,IWLAN
1286,1,,,-121.9314830,47.5244923,2026-01-23 19:15:03.000,_20260123_105610_CH02_TMO_5GNR_WFC_MT-DUT-2_TC-155.dml,,,,,,,,,,,,,,,,,,,,,,,,,,,,,594,,,On,Connected,-70.000000,5220,68,,,,IWLAN
1287,1,,,-121.9314830,47.5244923,2026-01-23 19:15:04.000,_20260123_105610_CH02_TMO_5GNR_WFC_MT-DUT-2_TC-155.dml,,,,,,,,,,,,,,,,,,,,,,,,,,,,,,,,On,Connected,-70.000000,5220,68,,,,IWLAN
1288,1,,,-121.9314830,47.5244923,2026-01-23 19:15:05.000,_20260123_105610_CH02_TMO_5GNR_WFC_MT-DUT-2_TC-155.dml,,,,,,,,,,,,,,,,,,,,,,,,,,,,,594,,,On,Connected,-69.000000,5220,68,,,,IWLAN
1289,1,,,-121.9314830,47.5244923,2026-01-23 19:15:06.000,_20260123_105610_CH02_TMO_5GNR_WFC_MT-DUT-2_TC-155.dml,,,,,,,,,,,,,,,,,,,,,,,,,,,,,,,,On,Connected,-69.000000,5220,68,,,,IWLAN
1290,1,,,-121.9314830,47.5244923,2026-01-23 19:15:07.000,_20260123_105610_CH02_TMO_5GNR_WFC_MT-DUT-2_TC-155.dml,,,,,,,,,,,,,,,,,,,,,,,,,,,,,594,,,On,Connected,-69.000000,5220,68,,,,IWLAN
1291,1,,,-121.9314830,47.5244923,2026-01-23 19:15:08.000,_20260123_105610_CH02_TMO_5GNR_WFC_MT-DUT-2_TC-155.dml,,,,,,,,,,,,,,,,,,,,,,,,,,,,,,,,On,Connected,-73.000000,5220,68,,,,IWLAN
1292,1,,,-121.9314830,47.5244923,2026-01-23 19:15:09.000,_20260123_105610_CH02_TMO_5GNR_WFC_MT-DUT-2_TC-155.dml,,,,,,,,,,,,,,,,,,,,,,,,,,,,,594,,,On,Connected,-73.000000,5220,68,,,,IWLAN
1293,1,,,-121.9314830,47.5244923,2026-01-23 19:15:10.000,_20260123_105610_CH02_TMO_5GNR_WFC_MT-DUT-2_TC-155.dml,,,,,,,,,,,,,,,,,,,,,,,,,,,,,,,,On,Connected,-73.000000,5220,68,,,,IWLAN
1294,1,,,-121.9314830,47.5244923,2026-01-23 19:15:11.000,_20260123_105610_CH02_TMO_5GNR_WFC_MT-DUT-2_TC-155.dml,,,,,,,,,,,,,,,,,,,,,,,,,,,,,594,,,On,Connected,-73.000000,5220,68,,,,IWLAN
1295,1,,,-121.9314830,47.5244923,2026-01-23 19:15:12.000,_20260123_105610_CH02_TMO_5GNR_WFC_MT-DUT-2_TC-155.dml,,,,,,,,,,,,,,,,,,,,,,,,,,,,,,,,On,Connected,-73.000000,5220,68,,,,
1296,1,,,-121.9314830,47.5244923,2026-01-23 19:15:13.000,_20260123_105610_CH02_TMO_5GNR_WFC_MT-DUT-2_TC-155.dml,,,,,,,,,,,,,,,,,,,,,,,,,,,,,594,,,On,Connected,-73.000000,5220,68,,,,IWLAN
1297,1,,,-121.9314830,47.5244923,2026-01-23 19:15:14.000,_20260123_105610_CH02_TMO_5GNR_WFC_MT-DUT-2_TC-155.dml,,,,,,,,,,,,,,,,,,,,,,,,,,,,,,,,On,Connected,-73.000000,5220,68,,,,IWLAN
1298,1,,,-121.9314830,47.5244923,2026-01-23 19:15:15.000,_20260123_105610_CH02_TMO_5GNR_WFC_MT-DUT-2_TC-155.dml,,,,,,,,,,,,,,,,,,,,,,,,,,,,,594,,,On,Connected,-73.000000,5220,68,,,,IWLAN
1299,1,,,-121.9314830,47.5244923,2026-01-23 19:15:16.000,_20260123_105610_CH02_TMO_5GNR_WFC_MT-DUT-2_TC-155.dml,,,,,,,,,,,,,,,,,,,,,,,,,,,,,,,,On,Connected,-73.000000,5220,68,,,,
1300,1,,,-121.9314830,47.5244923,2026-01-23 19:15:17.000,_20260123_105610_CH02_TMO_5GNR_WFC_MT-DUT-2_TC-155.dml,,,,,,,,,,,,,,,,,,,,,,,,,,,,,594,,,On,Connected,-72.000000,5220,68,,,,IWLAN
1301,1,,,-121.9314830,47.5244923,2026-01-23 19:15:18.000,_20260123_105610_CH02_TMO_5GNR_WFC_MT-DUT-2_TC-155.dml,,,,,,,,,,,,,,,,,,,,,,,,,,,,,,,,On,Connected,-72.000000,5220,68,,,,IWLAN
1302,1,,,-121.9314830,47.5244923,2026-01-23 19:15:19.000,_20260123_105610_CH02_TMO_5GNR_WFC_MT-DUT-2_TC-155.dml,,,,,,,,,,,,,,,,,,,,,,,,,,,,,594,,,On,Connected,-72.000000,5220,68,,,,IWLAN
1303,1,,,-121.9314830,47.5244923,2026-01-23 19:15:20.000,_20260123_105610_CH02_TMO_5GNR_WFC_MT-DUT-2_TC-155.dml,,,,,,,,,,,,,,,,,,,,,,,,,,,,,,,,On,Connected,-72.000000,5220,68,,,,IWLAN
1304,1,,,-121.9314830,47.5244923,2026-01-23 19:15:21.000,_20260123_105610_CH02_TMO_5GNR_WFC_MT-DUT-2_TC-155.dml,,,,,,,,,,,,,,,,,,,,,,,,,,,,,594,,,On,Connected,-72.000000,5220,68,,,,IWLAN
1305,1,,,-121.9314830,47.5244923,2026-01-23 19:15:22.000,_20260123_105610_CH02_TMO_5GNR_WFC_MT-DUT-2_TC-155.dml,,,,,,,,,,,,,,,,,,,,,,,,,,,,,,,,On,Connected,-72.000000,5220,68,,,,IWLAN
1306,1,,,-121.9314830,47.5244923,2026-01-23 19:15:22.880,_20260123_105610_CH02_TMO_5GNR_WFC_MT-DUT-2_TC-155.dml,,,,,,,,,,,,,,,,,,,,,,,[Tool] Voice - Release Call Request,,,,,,,,,,,,,,,,,
1307,1,,,-121.9314830,47.5244923,2026-01-23 19:15:23.020,_20260123_105610_CH02_TMO_5GNR_WFC_MT-DUT-2_TC-155.dml,,,,,,,,,,,,,,,,,,,,,,,[Tool] Voice - Answer Request,,,,,,,,,,,,,,,,,
1308,1,,,-121.9314830,47.5244923,2026-01-23 19:15:23.000,_20260123_105610_CH02_TMO_5GNR_WFC_MT-DUT-2_TC-155.dml,,,,,,,,,,,,,,,,,,,,,,,,,,,,,594,,,On,Connected,-72.000000,5220,68,,,,IWLAN
1309,1,,,-121.9314830,47.5244923,2026-01-23 19:15:24.000,_20260123_105610_CH02_TMO_5GNR_WFC_MT-DUT-2_TC-155.dml,,,,,,,,,,,,,,,,,,,,,,,,,,,,,,,,On,Connected,-72.000000,5220,68,,,,IWLAN
1310,1,,,-121.9314830,47.5244923,2026-01-23 19:15:25.000,_20260123_105610_CH02_TMO_5GNR_WFC_MT-DUT-2_TC-155.dml,,,,,,,,,,,,,,,,,,,,,,,,,,,,,594,,,On,Connected,-72.000000,5220,68,,,,IWLAN
1311,1,,,-121.9314830,47.5244923,2026-01-23 19:15:25.410,_20260123_105610_CH02_TMO_5GNR_WFC_MT-DUT-2_TC-155.dml,,,,,,,,,,,,,,,,,,,,,,,[Tool] Voice - Call Scheduling End,,,,,,,,,,,,,,,,,
1312,1,,,-121.9314830,47.5244923,2026-01-23 19:15:25.410,_20260123_105610_CH02_TMO_5GNR_WFC_MT-DUT-2_TC-155.dml,NR SA,Voice,BQ,NR SA,NR SA,,,,,,,,,,,,BQ,Termination,BQ,,,,,,,,,90.296000,,,,,,,,,,EPSFB,,
1313,1,,,-121.9314830,47.5244923,2026-01-23 19:15:25.410,_20260123_105610_CH02_TMO_5GNR_WFC_MT-DUT-2_TC-155.dml,,,,,,,,,,,,,,,,,,,,,,,[Tool] Voice - Release Call Request,,,,,,,,,,,,,,,,,
1314,1,,,-121.9314830,47.5244923,2026-01-23 19:15:25.910,_20260123_105610_CH02_TMO_5GNR_WFC_MT-DUT-2_TC-155.dml,,,,,,,,,,,,,,,,,,,,,,,[Tool] Voice - Call Scheduling Start(Term),,,,,,,,,,,,,,,,,
1315,1,,,-121.9314830,47.5244923,2026-01-23 19:15:25.910,_20260123_105610_CH02_TMO_5GNR_WFC_MT-DUT-2_TC-155.dml,,,,,,,,,,,,,,,,,,,,,,,[Tool] Voice - Wait Page,,,,,,,,,,,,,,,,,
1316,1,,,-121.9314830,47.5244923,2026-01-23 19:15:26.000,_20260123_105610_CH02_TMO_5GNR_WFC_MT-DUT-2_TC-155.dml,,,,,,,,,,,,,,,,,,,,,,,,,,,,,,,,On,Connected,-73.000000,5220,68,,,,IWLAN
1317,1,,,-121.9314830,47.5244923,2026-01-23 19:15:27.000,_20260123_105610_CH02_TMO_5GNR_WFC_MT-DUT-2_TC-155.dml,,,,,,,,,,,,,,,,,,,,,,,,,,,,,594,,,On,Connected,-73.000000,5220,68,,,,IWLAN
1318,1,,,-121.9314830,47.5244923,2026-01-23 19:15:28.000,_20260123_105610_CH02_TMO_5GNR_WFC_MT-DUT-2_TC-155.dml,,,,,,,,,,,,,,,,,,,,,,,,,,,,,,,,On,Connected,-73.000000,5220,68,,,,IWLAN
1319,1,,,-121.9314830,47.5244923,2026-01-23 19:15:29.000,_20260123_105610_CH02_TMO_5GNR_WFC_MT-DUT-2_TC-155.dml,,,,,,,,,,,,,,,,,,,,,,,,,,,,,594,,,On,Connected,-73.000000,5220,68,,,,IWLAN
1320,1,,,-121.9314830,47.5244923,2026-01-23 19:15:30.000,_20260123_105610_CH02_TMO_5GNR_WFC_MT-DUT-2_TC-155.dml,,,,,,,,,,,,,,,,,,,,,,,,,,,,,,,,On,Connected,-73.000000,5220,68,,,,IWLAN
1321,1,,,-121.9314830,47.5244923,2026-01-23 19:15:31.000,_20260123_105610_CH02_TMO_5GNR_WFC_MT-DUT-2_TC-155.dml,,,,,,,,,,,,,,,,,,,,,,,,,,,,,594,,,On,Connected,-73.000000,5220,68,,,,IWLAN
1322,1,,,-121.9314830,47.5244923,2026-01-23 19:15:31.349,_20260123_105610_CH02_TMO_5GNR_WFC_MT-DUT-2_TC-155.dml,,,,,,,,,,,,,,,,,,,,,,,[Tool] Voice - Answer Request,,,,,,,,,,,,,,,,,
1323,1,,,-121.9314830,47.5244923,2026-01-23 19:15:32.000,_20260123_105610_CH02_TMO_5GNR_WFC_MT-DUT-2_TC-155.dml,,,,,,,,,,,,,,,,,,,,,,,,,,,,,594,,,On,Connected,-69.000000,5220,136,,,,IWLAN
1324,1,,,-121.9314830,47.5244923,2026-01-23 19:15:32.410,_20260123_105610_CH02_TMO_5GNR_WFC_MT-DUT-2_TC-155.dml,,,,,,,,,,,,,,,,,,,,,,,[UE]   Voice - Setup Success,,,,,,,,,,,,,,,,,
1325,1,,,-121.9314830,47.5244923,2026-01-23 19:15:33.000,_20260123_105610_CH02_TMO_5GNR_WFC_MT-DUT-2_TC-155.dml,,,,,,,,,,NR SA,,,,,,,,,,,,,,,,,,,594,,,On,Connected,-69.000000,5220,136,,,,IWLAN
1326,1,,,-121.9314830,47.5244923,2026-01-23 19:15:34.000,_20260123_105610_CH02_TMO_5GNR_WFC_MT-DUT-2_TC-155.dml,,,,,,,,,,NR SA,,,,,,,,,,,,,,,,,,,,,,On,Connected,-69.000000,5220,136,,,,IWLAN
1327,1,,,-121.9314830,47.5244923,2026-01-23 19:15:35.000,_20260123_105610_CH02_TMO_5GNR_WFC_MT-DUT-2_TC-155.dml,,,,,,,,,,NR SA,,,,,,,,,,,,,,,,,,,594,,,On,Connected,-69.000000,5220,136,,,,IWLAN
1328,1,,,-121.9314830,47.5244923,2026-01-23 19:15:36.000,_20260123_105610_CH02_TMO_5GNR_WFC_MT-DUT-2_TC-155.dml,,,,,,,,,,NR SA,,,,,,,,,,,,,,,,,,,,,,On,Connected,-69.000000,5220,136,,,,IWLAN
1329,1,,,-121.9314830,47.5244923,2026-01-23 19:15:37.000,_20260123_105610_CH02_TMO_5GNR_WFC_MT-DUT-2_TC-155.dml,,,,,,,,,,NR SA,,,,,,,,,,,,,,,,,,,594,,,On,Connected,-69.000000,5220,136,,,,IWLAN
1330,1,,,-121.9314830,47.5244923,2026-01-23 19:15:38.000,_20260123_105610_CH02_TMO_5GNR_WFC_MT-DUT-2_TC-155.dml,,,,,,,,,,NR SA,,,,,,,,,,,,,,,,,,,,,,On,Connected,-69.000000,5220,136,,,,IWLAN
1331,1,,,-121.9314830,47.5244923,2026-01-23 19:15:39.000,_20260123_105610_CH02_TMO_5GNR_WFC_MT-DUT-2_TC-155.dml,,,,,,,,,,NR SA,,,,,,,,,,,,,,,,,,,594,,,On,Connected,-69.000000,5220,136,,,,IWLAN
1332,1,,,-121.9314830,47.5244923,2026-01-23 19:15:40.000,_20260123_105610_CH02_TMO_5GNR_WFC_MT-DUT-2_TC-155.dml,,,,,,,,,,NR SA,,,,,,,,,,,,,,,,,,,,,,On,Connected,-69.000000,5220,136,,,,IWLAN
1333,1,,,-121.9314830,47.5244923,2026-01-23 19:15:41.000,_20260123_105610_CH02_TMO_5GNR_WFC_MT-DUT-2_TC-155.dml,,,,,,,,,,NR SA,,,,,,,,,,,,,,,,,,,594,,,On,Connected,-69.000000,5220,136,,,,IWLAN
1334,1,,,-121.9314830,47.5244923,2026-01-23 19:15:42.000,_20260123_105610_CH02_TMO_5GNR_WFC_MT-DUT-2_TC-155.dml,,,,,,,,,,NR SA,,,,,,,,,,,,,,,,,,,,,,On,Connected,-69.000000,5220,136,,,,IWLAN
1335,1,,,-121.9314830,47.5244923,2026-01-23 19:15:43.000,_20260123_105610_CH02_TMO_5GNR_WFC_MT-DUT-2_TC-155.dml,,,,,,,,,,NR SA,,,,,,,,,,,,,,,,,,,594,,2.220505,On,Connected,-69.000000,5220,136,,,,IWLAN
1336,1,,,-121.9314830,47.5244923,2026-01-23 19:15:44.000,_20260123_105610_CH02_TMO_5GNR_WFC_MT-DUT-2_TC-155.dml,,,,,,,,,,NR SA,,,,,,,,,,,,,,,,,,,,,2.220505,On,Connected,-69.000000,5220,136,,,,IWLAN
1337,1,,,-121.9314830,47.5244923,2026-01-23 19:15:45.000,_20260123_105610_CH02_TMO_5GNR_WFC_MT-DUT-2_TC-155.dml,,,,,,,,,,NR SA,,,,,,,,,,,,,,,,,,,594,,2.220505,On,Connected,-69.000000,5220,136,,,,IWLAN
1338,1,,,-121.9314830,47.5244923,2026-01-23 19:15:46.000,_20260123_105610_CH02_TMO_5GNR_WFC_MT-DUT-2_TC-155.dml,,,,,,,,,,NR SA,,,,,,,,,,,,,,,,,,,594,,2.220505,On,Connected,-69.000000,5220,136,,,,IWLAN
1339,1,,,-121.9314830,47.5244923,2026-01-23 19:15:47.000,_20260123_105610_CH02_TMO_5GNR_WFC_MT-DUT-2_TC-155.dml,,,,,,,,,,NR SA,,,,,,,,,,,,,,,,,,,,,2.220505,On,Connected,-69.000000,5220,136,,,,IWLAN
1340,1,,,-121.9314830,47.5244923,2026-01-23 19:15:48.000,_20260123_105610_CH02_TMO_5GNR_WFC_MT-DUT-2_TC-155.dml,,,,,,,,,,NR SA,,,,,,,,,,,,,,,,,,,594,,2.220505,On,Connected,-69.000000,5220,136,,,,IWLAN
1341,1,,,-121.9314830,47.5244923,2026-01-23 19:15:49.000,_20260123_105610_CH02_TMO_5GNR_WFC_MT-DUT-2_TC-155.dml,,,,,,,,,,NR SA,,,,,,,,,,,,,,,,,,,,,2.220505,On,Connected,-69.000000,5220,136,,,,IWLAN
1342,1,,,-121.9314830,47.5244923,2026-01-23 19:15:50.000,_20260123_105610_CH02_TMO_5GNR_WFC_MT-DUT-2_TC-155.dml,,,,,,,,,,NR SA,,,,,,,,,,,,,,,,,,,594,,2.220505,On,Connected,-69.000000,5220,136,,,,IWLAN
1343,1,,,-121.9314830,47.5244923,2026-01-23 19:15:51.000,_20260123_105610_CH02_TMO_5GNR_WFC_MT-DUT-2_TC-155.dml,,,,,,,,,,NR SA,,,,,,,,,,,,,,,,,,,,,2.220505,On,Connected,-69.000000,5220,136,,,,IWLAN
1344,1,,,-121.9314830,47.5244923,2026-01-23 19:15:52.000,_20260123_105610_CH02_TMO_5GNR_WFC_MT-DUT-2_TC-155.dml,,,,,,,,,,NR SA,,,,,,,,,,,,,,,,,,,594,,2.220505,On,Connected,-69.000000,5220,136,,,,IWLAN
1345,1,,,-121.9314830,47.5244923,2026-01-23 19:15:53.145,_20260123_105610_CH02_TMO_5GNR_WFC_MT-DUT-2_TC-155.dml,,,,,,,,,,,,,,,,,,,,,,,,,,,,,,-77.884375,,,,,,,,,,
1346,1,,,-121.9314830,47.5244923,2026-01-23 19:15:53.000,_20260123_105610_CH02_TMO_5GNR_WFC_MT-DUT-2_TC-155.dml,,,,,,,,,,NR SA,,,,,,,,,,,,,,,,,,,,,,On,Connected,-69.000000,5220,136,,,,IWLAN
1347,1,,,-121.9314830,47.5244923,2026-01-23 19:15:54.000,_20260123_105610_CH02_TMO_5GNR_WFC_MT-DUT-2_TC-155.dml,,,,,,,,,,NR SA,,,,,,,,,,,,,,,,,,,594,,,On,Connected,-69.000000,5220,136,,,,IWLAN
1348,1,,,-121.9314830,47.5244923,2026-01-23 19:15:55.000,_20260123_105610_CH02_TMO_5GNR_WFC_MT-DUT-2_TC-155.dml,,,,,,,,,,NR SA,,,,,,,,,,,,,,,,,,,,,,On,Connected,-69.000000,5220,136,,,,IWLAN
1349,1,,,-121.9314830,47.5244923,2026-01-23 19:15:56.000,_20260123_105610_CH02_TMO_5GNR_WFC_MT-DUT-2_TC-155.dml,,,,,,,,,,NR SA,,,,,,,,,,,,,,,,,,,594,,,On,Connected,-69.000000,5220,136,,,,IWLAN
1350,1,,,-121.9314830,47.5244923,2026-01-23 19:15:57.000,_20260123_105610_CH02_TMO_5GNR_WFC_MT-DUT-2_TC-155.dml,,,,,,,,,,NR SA,,,,,,,,,,,,,,,,,,,,,,On,Connected,-69.000000,5220,136,,,,IWLAN
1351,1,,,-121.9314830,47.5244923,2026-01-23 19:15:58.000,_20260123_105610_CH02_TMO_5GNR_WFC_MT-DUT-2_TC-155.dml,,,,,,,,,,NR SA,,,,,,,,,,,,,,,,,,,594,,,On,Connected,-69.000000,5220,136,,,,IWLAN
1352,1,,,-121.9314830,47.5244923,2026-01-23 19:15:59.000,_20260123_105610_CH02_TMO_5GNR_WFC_MT-DUT-2_TC-155.dml,,,,,,,,,,NR SA,,,,,,,,,,,,,,,,,,,,,,On,Connected,-69.000000,5220,136,,,,IWLAN
1353,1,,,-121.9314830,47.5244923,2026-01-23 19:16:00.000,_20260123_105610_CH02_TMO_5GNR_WFC_MT-DUT-2_TC-155.dml,,,,,,,,,,NR SA,,,,,,,,,,,,,,,,,,,594,,,On,Connected,-69.000000,5220,136,,,,IWLAN
1354,1,,,-121.9314830,47.5244923,2026-01-23 19:16:01.000,_20260123_105610_CH02_TMO_5GNR_WFC_MT-DUT-2_TC-155.dml,,,,,,,,,,NR SA,,,,,,,,,,,,,,,,,,,,,,On,Connected,-69.000000,5220,136,,,,IWLAN
1355,1,,,-121.9314830,47.5244923,2026-01-23 19:16:02.000,_20260123_105610_CH02_TMO_5GNR_WFC_MT-DUT-2_TC-155.dml,,,,,,,,,,NR SA,,,,,,,,,,,,,,,,,,,594,,,On,Connected,-69.000000,5220,136,,,,IWLAN
1356,1,,,-121.9314830,47.5244923,2026-01-23 19:16:03.000,_20260123_105610_CH02_TMO_5GNR_WFC_MT-DUT-2_TC-155.dml,,,,,,,,,,NR SA,,,,,,,,,,,,,,,,,,,,,2.322240,On,Connected,-69.000000,5220,136,,,,IWLAN
1357,1,,,-121.9314830,47.5244923,2026-01-23 19:16:04.000,_20260123_105610_CH02_TMO_5GNR_WFC_MT-DUT-2_TC-155.dml,,,,,,,,,,NR SA,,,,,,,,,,,,,,,,,,,594,,2.322240,On,Connected,-69.000000,5220,136,,,,IWLAN
1358,1,,,-121.9314830,47.5244923,2026-01-23 19:16:05.000,_20260123_105610_CH02_TMO_5GNR_WFC_MT-DUT-2_TC-155.dml,,,,,,,,,,NR SA,,,,,,,,,,,,,,,,,,,,,2.322240,On,Connected,-69.000000,5220,136,,,,IWLAN
1359,1,,,-121.9314830,47.5244923,2026-01-23 19:16:06.000,_20260123_105610_CH02_TMO_5GNR_WFC_MT-DUT-2_TC-155.dml,,,,,,,,,,NR SA,,,,,,,,,,,,,,,,,,,594,,2.322240,On,Connected,-69.000000,5220,136,,,,IWLAN
1360,1,,,-121.9314830,47.5244923,2026-01-23 19:16:07.000,_20260123_105610_CH02_TMO_5GNR_WFC_MT-DUT-2_TC-155.dml,,,,,,,,,,NR SA,,,,,,,,,,,,,,,,,,,,,2.322240,On,Connected,-69.000000,5220,136,,,,IWLAN
1361,1,,,-121.9314830,47.5244923,2026-01-23 19:16:08.000,_20260123_105610_CH02_TMO_5GNR_WFC_MT-DUT-2_TC-155.dml,,,,,,,,,,NR SA,,,,,,,,,,,,,,,,,,,594,,2.322240,On,Connected,-69.000000,5220,136,,,,IWLAN
1362,1,,,-121.9314830,47.5244923,2026-01-23 19:16:09.000,_20260123_105610_CH02_TMO_5GNR_WFC_MT-DUT-2_TC-155.dml,,,,,,,,,,NR SA,,,,,,,,,,,,,,,,,,,594,,2.322240,,Connected,,,,,,,IWLAN
1363,1,,,-121.9314830,47.5244923,2026-01-23 19:16:10.000,_20260123_105610_CH02_TMO_5GNR_WFC_MT-DUT-2_TC-155.dml,,,,,,,,,,NR SA,,,,,,,,,,,,,,,,,,,,,2.322240,On,Connected,-69.000000,5220,136,,,,IWLAN
1364,1,,,-121.9314830,47.5244923,2026-01-23 19:16:11.000,_20260123_105610_CH02_TMO_5GNR_WFC_MT-DUT-2_TC-155.dml,,,,,,,,,,NR SA,,,,,,,,,,,,,,,,,,,594,,2.322240,On,Connected,-69.000000,5220,136,,,,IWLAN
1365,1,,,-121.9314830,47.5244923,2026-01-23 19:16:12.000,_20260123_105610_CH02_TMO_5GNR_WFC_MT-DUT-2_TC-155.dml,,,,,,,,,,NR SA,,,,,,,,,,,,,,,,,,,,,2.322240,On,Connected,-69.000000,5220,136,,,,IWLAN
1366,1,,,-121.9314830,47.5244923,2026-01-23 19:16:13.083,_20260123_105610_CH02_TMO_5GNR_WFC_MT-DUT-2_TC-155.dml,,,,,,,,,,,,,,,,,,,,,,,,,,,,,,-77.754118,,,,,,,,,,
1367,1,,,-121.9314830,47.5244923,2026-01-23 19:16:13.000,_20260123_105610_CH02_TMO_5GNR_WFC_MT-DUT-2_TC-155.dml,,,,,,,,,,NR SA,,,,,,,,,,,,,,,,,,,594,,,On,Connected,-69.000000,5220,136,,,,IWLAN
1368,1,,,-121.9314830,47.5244923,2026-01-23 19:16:14.000,_20260123_105610_CH02_TMO_5GNR_WFC_MT-DUT-2_TC-155.dml,,,,,,,,,,NR SA,,,,,,,,,,,,,,,,,,,,,,,Connected,,,,,,,IWLAN
1369,1,,,-121.9314830,47.5244923,2026-01-23 19:16:15.000,_20260123_105610_CH02_TMO_5GNR_WFC_MT-DUT-2_TC-155.dml,,,,,,,,,,NR SA,,,,,,,,,,,,,,,,,,,594,,,On,Connected,-69.000000,5220,136,,,,IWLAN
1370,1,,,-121.9314830,47.5244923,2026-01-23 19:16:16.000,_20260123_105610_CH02_TMO_5GNR_WFC_MT-DUT-2_TC-155.dml,,,,,,,,,,NR SA,,,,,,,,,,,,,,,,,,,,,,,Connected,,,,,,,IWLAN
1371,1,,,-121.9314830,47.5244923,2026-01-23 19:16:17.000,_20260123_105610_CH02_TMO_5GNR_WFC_MT-DUT-2_TC-155.dml,,,,,,,,,,NR SA,,,,,,,,,,,,,,,,,,,594,,,On,Connected,-69.000000,5220,136,,,,IWLAN
1372,1,,,-121.9314830,47.5244923,2026-01-23 19:16:18.000,_20260123_105610_CH02_TMO_5GNR_WFC_MT-DUT-2_TC-155.dml,,,,,,,,,,NR SA,,,,,,,,,,,,,,,,,,,,,,On,Connected,-69.000000,5220,136,,,,IWLAN
1373,1,,,-121.9314830,47.5244923,2026-01-23 19:16:19.000,_20260123_105610_CH02_TMO_5GNR_WFC_MT-DUT-2_TC-155.dml,,,,,,,,,,NR SA,,,,,,,,,,,,,,,,,,,594,,,On,Connected,-69.000000,5220,136,,,,IWLAN
1374,1,,,-121.9314830,47.5244923,2026-01-23 19:16:20.000,_20260123_105610_CH02_TMO_5GNR_WFC_MT-DUT-2_TC-155.dml,,,,,,,,,,NR SA,,,,,,,,,,,,,,,,,,,,,,On,Connected,-69.000000,5220,136,,,,IWLAN
1375,1,,,-121.9314830,47.5244923,2026-01-23 19:16:21.000,_20260123_105610_CH02_TMO_5GNR_WFC_MT-DUT-2_TC-155.dml,,,,,,,,,,NR SA,,,,,,,,,,,,,,,,,,,594,,,On,Connected,-69.000000,5220,136,,,,IWLAN
1376,1,,,-121.9314830,47.5244923,2026-01-23 19:16:22.000,_20260123_105610_CH02_TMO_5GNR_WFC_MT-DUT-2_TC-155.dml,,,,,,,,,,NR SA,,,,,,,,,,,,,,,,,,,,,,On,Connected,-69.000000,5220,136,,,,IWLAN
1377,1,,,-121.9314830,47.5244923,2026-01-23 19:16:23.000,_20260123_105610_CH02_TMO_5GNR_WFC_MT-DUT-2_TC-155.dml,,,,,,,,,,NR SA,,,,,,,,,,,,,,,,,,,594,,2.915115,,Connected,,,,,,,IWLAN
1378,1,,,-121.9314830,47.5244923,2026-01-23 19:16:24.000,_20260123_105610_CH02_TMO_5GNR_WFC_MT-DUT-2_TC-155.dml,,,,,,,,,,NR SA,,,,,,,,,,,,,,,,,,,,,2.915115,On,Connected,-69.000000,5220,136,,,,IWLAN
1379,1,,,-121.9314830,47.5244923,2026-01-23 19:16:25.000,_20260123_105610_CH02_TMO_5GNR_WFC_MT-DUT-2_TC-155.dml,,,,,,,,,,NR SA,,,,,,,,,,,,,,,,,,,594,,2.915115,,Connected,,,,,,,IWLAN
1380,1,,,-121.9314830,47.5244923,2026-01-23 19:16:26.000,_20260123_105610_CH02_TMO_5GNR_WFC_MT-DUT-2_TC-155.dml,,,,,,,,,,NR SA,,,,,,,,,,,,,,,,,,,594,,2.915115,On,Connected,-69.000000,5220,136,,,,IWLAN
1381,1,,,-121.9314830,47.5244923,2026-01-23 19:16:27.000,_20260123_105610_CH02_TMO_5GNR_WFC_MT-DUT-2_TC-155.dml,,,,,,,,,,NR SA,,,,,,,,,,,,,,,,,,,594,,2.915115,On,Connected,-69.000000,5220,136,,,,IWLAN
1382,1,,,-121.9314830,47.5244923,2026-01-23 19:16:28.000,_20260123_105610_CH02_TMO_5GNR_WFC_MT-DUT-2_TC-155.dml,,,,,,,,,,NR SA,,,,,,,,,,,,,,,,,,,,,2.915115,On,Connected,-69.000000,5220,136,,,,IWLAN
1383,1,,,-121.9314830,47.5244923,2026-01-23 19:16:29.000,_20260123_105610_CH02_TMO_5GNR_WFC_MT-DUT-2_TC-155.dml,,,,,,,,,,NR SA,,,,,,,,,,,,,,,,,,,594,,2.915115,On,Connected,-69.000000,5220,136,,,,IWLAN
1384,1,,,-121.9314830,47.5244923,2026-01-23 19:16:30.000,_20260123_105610_CH02_TMO_5GNR_WFC_MT-DUT-2_TC-155.dml,,,,,,,,,,NR SA,,,,,,,,,,,,,,,,,,,,,2.915115,,Connected,,,,,,,IWLAN
1385,1,,,-121.9314830,47.5244923,2026-01-23 19:16:31.000,_20260123_105610_CH02_TMO_5GNR_WFC_MT-DUT-2_TC-155.dml,,,,,,,,,,NR SA,,,,,,,,,,,,,,,,,,,594,,2.915115,On,Connected,-69.000000,5220,136,,,,IWLAN
1386,1,,,-121.9314830,47.5244923,2026-01-23 19:16:32.000,_20260123_105610_CH02_TMO_5GNR_WFC_MT-DUT-2_TC-155.dml,,,,,,,,,,NR SA,,,,,,,,,,,,,,,,,,,,,2.915115,,Connected,,,,,,,IWLAN
1387,1,,,-121.9314830,47.5244923,2026-01-23 19:16:33.114,_20260123_105610_CH02_TMO_5GNR_WFC_MT-DUT-2_TC-155.dml,,,,,,,,,,,,,,,,,,,,,,,,,,,,,,-78.881111,,,,,,,,,,
1388,1,,,-121.9314830,47.5244923,2026-01-23 19:16:33.000,_20260123_105610_CH02_TMO_5GNR_WFC_MT-DUT-2_TC-155.dml,,,,,,,,,,NR SA,,,,,,,,,,,,,,,,,,,594,,,On,Connected,-69.000000,5220,136,,,,IWLAN
1389,1,,,-121.9314830,47.5244923,2026-01-23 19:16:34.000,_20260123_105610_CH02_TMO_5GNR_WFC_MT-DUT-2_TC-155.dml,,,,,,,,,,NR SA,,,,,,,,,,,,,,,,,,,594,,,On,Connected,-69.000000,5220,136,,,,IWLAN
1390,1,,,-121.9314830,47.5244923,2026-01-23 19:16:35.000,_20260123_105610_CH02_TMO_5GNR_WFC_MT-DUT-2_TC-155.dml,,,,,,,,,,NR SA,,,,,,,,,,,,,,,,,,,,,,On,Connected,-69.000000,5220,136,,,,IWLAN
1391,1,,,-121.9314830,47.5244923,2026-01-23 19:16:36.000,_20260123_105610_CH02_TMO_5GNR_WFC_MT-DUT-2_TC-155.dml,,,,,,,,,,NR SA,,,,,,,,,,,,,,,,,,,594,,,On,Connected,-69.000000,5220,136,,,,IWLAN
1392,1,,,-121.9314830,47.5244923,2026-01-23 19:16:37.000,_20260123_105610_CH02_TMO_5GNR_WFC_MT-DUT-2_TC-155.dml,,,,,,,,,,NR SA,,,,,,,,,,,,,,,,,,,,,,,Connected,,,,,,,IWLAN
1393,1,,,-121.9314830,47.5244923,2026-01-23 19:16:38.000,_20260123_105610_CH02_TMO_5GNR_WFC_MT-DUT-2_TC-155.dml,,,,,,,,,,NR SA,,,,,,,,,,,,,,,,,,,594,,,On,Connected,-69.000000,5220,136,,,,IWLAN
1394,1,,,-121.9314830,47.5244923,2026-01-23 19:16:39.000,_20260123_105610_CH02_TMO_5GNR_WFC_MT-DUT-2_TC-155.dml,,,,,,,,,,NR SA,,,,,,,,,,,,,,,,,,,,,,,Connected,,,,,,,IWLAN
1395,1,,,-121.9314830,47.5244923,2026-01-23 19:16:40.000,_20260123_105610_CH02_TMO_5GNR_WFC_MT-DUT-2_TC-155.dml,,,,,,,,,,NR SA,,,,,,,,,,,,,,,,,,,594,,,On,Connected,-69.000000,5220,136,,,,IWLAN
1396,1,,,-121.9314830,47.5244923,2026-01-23 19:16:41.000,_20260123_105610_CH02_TMO_5GNR_WFC_MT-DUT-2_TC-155.dml,,,,,,,,,,NR SA,,,,,,,,,,,,,,,,,,,,,,,Connected,,,,,,,IWLAN
1397,1,,,-121.9314830,47.5244923,2026-01-23 19:16:42.000,_20260123_105610_CH02_TMO_5GNR_WFC_MT-DUT-2_TC-155.dml,,,,,,,,,,NR SA,,,,,,,,,,,,,,,,,,,594,,,On,Connected,-69.000000,5220,136,,,,IWLAN
1398,1,,,-121.9314830,47.5244923,2026-01-23 19:16:43.000,_20260123_105610_CH02_TMO_5GNR_WFC_MT-DUT-2_TC-155.dml,,,,,,,,,,NR SA,,,,,,,,,,,,,,,,,,,,,2.067338,On,Connected,-69.000000,5220,136,,,,IWLAN
1399,1,,,-121.9314830,47.5244923,2026-01-23 19:16:44.000,_20260123_105610_CH02_TMO_5GNR_WFC_MT-DUT-2_TC-155.dml,,,,,,,,,,NR SA,,,,,,,,,,,,,,,,,,,594,,2.067338,,Connected,,,,,,,IWLAN
1400,1,,,-121.9314830,47.5244923,2026-01-23 19:16:45.000,_20260123_105610_CH02_TMO_5GNR_WFC_MT-DUT-2_TC-155.dml,,,,,,,,,,NR SA,,,,,,,,,,,,,,,,,,,,,2.067338,On,Connected,-69.000000,5220,136,,,,IWLAN
1401,1,,,-121.9314830,47.5244923,2026-01-23 19:16:46.000,_20260123_105610_CH02_TMO_5GNR_WFC_MT-DUT-2_TC-155.dml,,,,,,,,,,NR SA,,,,,,,,,,,,,,,,,,,594,,2.067338,,Connected,,,,,,,IWLAN
1402,1,,,-121.9314830,47.5244923,2026-01-23 19:16:47.000,_20260123_105610_CH02_TMO_5GNR_WFC_MT-DUT-2_TC-155.dml,,,,,,,,,,NR SA,,,,,,,,,,,,,,,,,,,594,,2.067338,On,Connected,-69.000000,5220,136,,,,IWLAN
1403,1,,,-121.9314830,47.5244923,2026-01-23 19:16:48.000,_20260123_105610_CH02_TMO_5GNR_WFC_MT-DUT-2_TC-155.dml,,,,,,,,,,NR SA,,,,,,,,,,,,,,,,,,,594,,2.067338,,Connected,,,,,,,IWLAN
1404,1,,,-121.9314830,47.5244923,2026-01-23 19:16:49.000,_20260123_105610_CH02_TMO_5GNR_WFC_MT-DUT-2_TC-155.dml,,,,,,,,,,NR SA,,,,,,,,,,,,,,,,,,,,,2.067338,On,Connected,-69.000000,5220,136,,,,IWLAN
1405,1,,,-121.9314830,47.5244923,2026-01-23 19:16:50.000,_20260123_105610_CH02_TMO_5GNR_WFC_MT-DUT-2_TC-155.dml,,,,,,,,,,NR SA,,,,,,,,,,,,,,,,,,,594,,2.067338,On,Connected,-69.000000,5220,136,,,,IWLAN
1406,1,,,-121.9314830,47.5244923,2026-01-23 19:16:51.000,_20260123_105610_CH02_TMO_5GNR_WFC_MT-DUT-2_TC-155.dml,,,,,,,,,,NR SA,,,,,,,,,,,,,,,,,,,,,2.067338,,Connected,,,,,,,IWLAN
1407,1,,,-121.9314830,47.5244923,2026-01-23 19:16:52.000,_20260123_105610_CH02_TMO_5GNR_WFC_MT-DUT-2_TC-155.dml,,,,,,,,,,NR SA,,,,,,,,,,,,,,,,,,,594,,2.067338,On,Connected,-69.000000,5220,136,,,,IWLAN
1408,1,,,-121.9314830,47.5244923,2026-01-23 19:16:53.000,_20260123_105610_CH02_TMO_5GNR_WFC_MT-DUT-2_TC-155.dml,,,,,,,,,,NR SA,,,,,,,,,,,,,,,,,,,,,,,Connected,,,,,,,IWLAN
1409,1,,,-121.9314830,47.5244923,2026-01-23 19:16:53.114,_20260123_105610_CH02_TMO_5GNR_WFC_MT-DUT-2_TC-155.dml,,,,,,,,,,,,,,,,,,,,,,,,,,,,,,-79.055000,,,,,,,,,,
1410,1,,,-121.9314830,47.5244923,2026-01-23 19:16:54.000,_20260123_105610_CH02_TMO_5GNR_WFC_MT-DUT-2_TC-155.dml,,,,,,,,,,NR SA,,,,,,,,,,,,,,,,,,,594,,,On,Connected,-69.000000,5220,136,,,,IWLAN
1411,1,,,-121.9314830,47.5244923,2026-01-23 19:16:55.000,_20260123_105610_CH02_TMO_5GNR_WFC_MT-DUT-2_TC-155.dml,,,,,,,,,,NR SA,,,,,,,,,,,,,,,,,,,,,,On,Connected,-69.000000,5220,136,,,,IWLAN
1412,1,,,-121.9314830,47.5244923,2026-01-23 19:16:56.000,_20260123_105610_CH02_TMO_5GNR_WFC_MT-DUT-2_TC-155.dml,,,,,,,,,,NR SA,,,,,,,,,,,,,,,,,,,594,,,On,Connected,-69.000000,5220,136,,,,IWLAN
1413,1,,,-121.9314830,47.5244923,2026-01-23 19:16:57.000,_20260123_105610_CH02_TMO_5GNR_WFC_MT-DUT-2_TC-155.dml,,,,,,,,,,NR SA,,,,,,,,,,,,,,,,,,,,,,On,Connected,-69.000000,5220,136,,,,IWLAN
1414,1,,,-121.9314830,47.5244923,2026-01-23 19:16:58.000,_20260123_105610_CH02_TMO_5GNR_WFC_MT-DUT-2_TC-155.dml,,,,,,,,,,NR SA,,,,,,,,,,,,,,,,,,,594,,,On,Connected,-69.000000,5220,136,,,,IWLAN
1415,1,,,-121.9314830,47.5244923,2026-01-23 19:16:59.000,_20260123_105610_CH02_TMO_5GNR_WFC_MT-DUT-2_TC-155.dml,,,,,,,,,,NR SA,,,,,,,,,,,,,,,,,,,594,,,On,Connected,-69.000000,5220,136,,,,IWLAN
1416,1,,,-121.9314830,47.5244923,2026-01-23 19:17:00.000,_20260123_105610_CH02_TMO_5GNR_WFC_MT-DUT-2_TC-155.dml,,,,,,,,,,NR SA,,,,,,,,,,,,,,,,,,,,,,On,Connected,-69.000000,5220,136,,,,IWLAN
1417,1,,,-121.9314830,47.5244923,2026-01-23 19:17:01.000,_20260123_105610_CH02_TMO_5GNR_WFC_MT-DUT-2_TC-155.dml,,,,,,,,,,NR SA,,,,,,,,,,,,,,,,,,,594,,,On,Connected,-69.000000,5220,136,,,,IWLAN
1418,1,,,-121.9314830,47.5244923,2026-01-23 19:17:02.000,_20260123_105610_CH02_TMO_5GNR_WFC_MT-DUT-2_TC-155.dml,,,,,,,,,,NR SA,,,,,,,,,,,,,,,,,,,,,,On,Connected,-69.000000,5220,136,,,,IWLAN
1419,1,,,-121.9314830,47.5244923,2026-01-23 19:17:02.426,_20260123_105610_CH02_TMO_5GNR_WFC_MT-DUT-2_TC-155.dml,,,,,,,,,,,,,,,,,,,,,,,[Tool] Voice - Pair Channel Call Drop,,,,,,,,,,,,,,,,,
1420,1,,,-121.9314830,47.5244923,2026-01-23 19:17:02.426,_20260123_105610_CH02_TMO_5GNR_WFC_MT-DUT-2_TC-155.dml,,,,,,,,,,,,,,,,,,,,,,,[Tool] Voice - Release Call Request,,,,,,,,,,,,,,,,,
1421,1,,,-121.9314830,47.5244923,2026-01-23 19:17:02.926,_20260123_105610_CH02_TMO_5GNR_WFC_MT-DUT-2_TC-155.dml,,,,,,,,,,,,,,,,,,,,,,Complete,[Tool] Voice - Call Result : Complete,,,,,,,,,,,,,,,,,
1422,1,,,-121.9314830,47.5244923,2026-01-23 19:17:02.926,_20260123_105610_CH02_TMO_5GNR_WFC_MT-DUT-2_TC-155.dml,,,,,,,,,,,,,,,,,,,,,,,[UE]   Voice - Release Call Success,,,,,,,,,,,,,,,,,
1423,1,,,-121.9314830,47.5244923,2026-01-23 19:17:03.000,_20260123_105610_CH02_TMO_5GNR_WFC_MT-DUT-2_TC-155.dml,,,,,,,,,,,,,,,,,,,,,,,,1,,,,,594,,,On,Connected,-69.000000,5220,136,,,,IWLAN
1424,1,,,-121.9314830,47.5244923,2026-01-23 19:17:03.770,_20260123_105610_CH02_TMO_5GNR_WFC_MT-DUT-2_TC-155.dml,,,,,,,,,,,,,,,,,,,,,,,[UE]   Voice - Release Call Success,,,,,,,,,,,,,,,,,
1425,1,,,-121.9314830,47.5244923,2026-01-23 19:17:04.000,_20260123_105610_CH02_TMO_5GNR_WFC_MT-DUT-2_TC-155.dml,,,,,,,,,,,,,,,,,,,,,,,,,,,,,,,,On,Connected,-70.000000,5220,204,,,,IWLAN
1426,1,,,-121.9314830,47.5244923,2026-01-23 19:17:05.000,_20260123_105610_CH02_TMO_5GNR_WFC_MT-DUT-2_TC-155.dml,,,,,,,,,,,,,,,,,,,,,,,,,,,,,594,,,On,Connected,-70.000000,5220,204,,,,IWLAN
1427,1,,,-121.9314830,47.5244923,2026-01-23 19:17:06.000,_20260123_105610_CH02_TMO_5GNR_WFC_MT-DUT-2_TC-155.dml,,,,,,,,,,,,,,,,,,,,,,,,,,,,,,,,On,Connected,-70.000000,5220,204,,,,IWLAN
1428,1,,,-121.9314830,47.5244923,2026-01-23 19:17:07.000,_20260123_105610_CH02_TMO_5GNR_WFC_MT-DUT-2_TC-155.dml,,,,,,,,,,,,,,,,,,,,,,,,,,,,,594,,,On,Connected,-69.000000,5220,132,,,,IWLAN
1429,1,,,-121.9314830,47.5244923,2026-01-23 19:17:08.000,_20260123_105610_CH02_TMO_5GNR_WFC_MT-DUT-2_TC-155.dml,,,,,,,,,,,,,,,,,,,,,,,,,,,,,594,,,On,Connected,-69.000000,5220,132,,,,IWLAN
1430,1,,,-121.9314830,47.5244923,2026-01-23 19:17:09.000,_20260123_105610_CH02_TMO_5GNR_WFC_MT-DUT-2_TC-155.dml,,,,,,,,,,,,,,,,,,,,,,,,,,,,,,,,On,Connected,-69.000000,5220,132,,,,IWLAN
1431,1,,,-121.9314830,47.5244923,2026-01-23 19:17:10.000,_20260123_105610_CH02_TMO_5GNR_WFC_MT-DUT-2_TC-155.dml,,,,,,,,,,,,,,,,,,,,,,,,,,,,,594,,,On,Connected,-68.000000,5220,204,,,,IWLAN
1432,1,,,-121.9314830,47.5244923,2026-01-23 19:17:11.000,_20260123_105610_CH02_TMO_5GNR_WFC_MT-DUT-2_TC-155.dml,,,,,,,,,,,,,,,,,,,,,,,,,,,,,,,,On,Connected,-68.000000,5220,204,,,,IWLAN
1433,1,,,-121.9314830,47.5244923,2026-01-23 19:17:12.000,_20260123_105610_CH02_TMO_5GNR_WFC_MT-DUT-2_TC-155.dml,,,,,,,,,,,,,,,,,,,,,,,,,,,,,594,,,On,Connected,-68.000000,5220,204,,,,IWLAN
1434,1,,,-121.9314830,47.5244923,2026-01-23 19:17:13.000,_20260123_105610_CH02_TMO_5GNR_WFC_MT-DUT-2_TC-155.dml,,,,,,,,,,,,,,,,,,,,,,,,,,,,,594,,,On,Connected,-68.000000,5220,204,,,,IWLAN
1435,1,,,-121.9314830,47.5244923,2026-01-23 19:17:14.000,_20260123_105610_CH02_TMO_5GNR_WFC_MT-DUT-2_TC-155.dml,,,,,,,,,,,,,,,,,,,,,,,,,,,,,,,,On,Connected,-68.000000,5220,204,,,,IWLAN
1436,1,,,-121.9314830,47.5244923,2026-01-23 19:17:15.000,_20260123_105610_CH02_TMO_5GNR_WFC_MT-DUT-2_TC-155.dml,,,,,,,,,,,,,,,,,,,,,,,,,,,,,594,,,On,Connected,-68.000000,5220,204,,,,IWLAN
1437,1,,,-121.9314830,47.5244923,2026-01-23 19:17:16.000,_20260123_105610_CH02_TMO_5GNR_WFC_MT-DUT-2_TC-155.dml,,,,,,,,,,,,,,,,,,,,,,,,,,,,,,,,On,Connected,-68.000000,5220,204,,,,IWLAN
1438,1,,,-121.9314830,47.5244923,2026-01-23 19:17:17.000,_20260123_105610_CH02_TMO_5GNR_WFC_MT-DUT-2_TC-155.dml,,,,,,,,,,,,,,,,,,,,,,,,,,,,,594,,,On,Connected,-68.000000,5220,204,,,,IWLAN
1439,1,,,-121.9314830,47.5244923,2026-01-23 19:17:18.000,_20260123_105610_CH02_TMO_5GNR_WFC_MT-DUT-2_TC-155.dml,,,,,,,,,,,,,,,,,,,,,,,,,,,,,,,,On,Connected,-68.000000,5220,204,,,,IWLAN
1440,1,,,-121.9314830,47.5244923,2026-01-23 19:17:19.000,_20260123_105610_CH02_TMO_5GNR_WFC_MT-DUT-2_TC-155.dml,,,,,,,,,,,,,,,,,,,,,,,,,,,,,594,,,On,Connected,-68.000000,5220,204,,,,IWLAN
1441,1,,,-121.9314830,47.5244923,2026-01-23 19:17:20.000,_20260123_105610_CH02_TMO_5GNR_WFC_MT-DUT-2_TC-155.dml,,,,,,,,,,,,,,,,,,,,,,,,,,,,,,,,On,Connected,-68.000000,5220,204,,,,IWLAN
1442,1,,,-121.9314830,47.5244923,2026-01-23 19:17:21.000,_20260123_105610_CH02_TMO_5GNR_WFC_MT-DUT-2_TC-155.dml,,,,,,,,,,,,,,,,,,,,,,,,,,,,,594,,,On,Connected,-68.000000,5220,204,,,,IWLAN
1443,1,,,-121.9314830,47.5244923,2026-01-23 19:17:22.000,_20260123_105610_CH02_TMO_5GNR_WFC_MT-DUT-2_TC-155.dml,,,,,,,,,,,,,,,,,,,,,,,,,,,,,,,,On,Connected,-68.000000,5220,136,,,,IWLAN
1444,1,,,-121.9314830,47.5244923,2026-01-23 19:17:23.000,_20260123_105610_CH02_TMO_5GNR_WFC_MT-DUT-2_TC-155.dml,,,,,,,,,,,,,,,,,,,,,,,,,,,,,594,,,On,Connected,-68.000000,5220,136,,,,IWLAN
1445,1,,,-121.9314830,47.5244923,2026-01-23 19:17:24.000,_20260123_105610_CH02_TMO_5GNR_WFC_MT-DUT-2_TC-155.dml,,,,,,,,,,,,,,,,,,,,,,,,,,,,,,,,On,Connected,-68.000000,5220,136,,,,IWLAN
1446,1,,,-121.9314830,47.5244923,2026-01-23 19:17:25.000,_20260123_105610_CH02_TMO_5GNR_WFC_MT-DUT-2_TC-155.dml,,,,,,,,,,,,,,,,,,,,,,,,,,,,,594,,,On,Connected,-67.000000,5220,136,,,,IWLAN
1447,1,,,-121.9314830,47.5244923,2026-01-23 19:17:26.000,_20260123_105610_CH02_TMO_5GNR_WFC_MT-DUT-2_TC-155.dml,,,,,,,,,,,,,,,,,,,,,,,,,,,,,594,,,On,Connected,-67.000000,5220,136,,,,IWLAN
1448,1,,,-121.9314830,47.5244923,2026-01-23 19:17:27.000,_20260123_105610_CH02_TMO_5GNR_WFC_MT-DUT-2_TC-155.dml,,,,,,,,,,,,,,,,,,,,,,,,,,,,,,,,On,Connected,-67.000000,5220,136,,,,IWLAN
1449,1,,,-121.9314830,47.5244923,2026-01-23 19:17:28.000,_20260123_105610_CH02_TMO_5GNR_WFC_MT-DUT-2_TC-155.dml,,,,,,,,,,,,,,,,,,,,,,,,,,,,,594,,,On,Connected,-68.000000,5220,136,,,,IWLAN
1450,1,,,-121.9314830,47.5244923,2026-01-23 19:17:29.000,_20260123_105610_CH02_TMO_5GNR_WFC_MT-DUT-2_TC-155.dml,,,,,,,,,,,,,,,,,,,,,,,,,,,,,594,,,On,Connected,-68.000000,5220,136,,,,IWLAN
1451,1,,,-121.9314830,47.5244923,2026-01-23 19:17:30.000,_20260123_105610_CH02_TMO_5GNR_WFC_MT-DUT-2_TC-155.dml,,,,,,,,,,,,,,,,,,,,,,,,,,,,,,,,On,Connected,-68.000000,5220,136,,,,IWLAN
1452,1,,,-121.9314830,47.5244923,2026-01-23 19:17:30.599,_20260123_105610_CH02_TMO_5GNR_WFC_MT-DUT-2_TC-155.dml,,,,,,,,,,,,,,,,,,,,,,,[Tool] Voice - Release Call Request,,,,,,,,,,,,,,,,,
1453,1,,,-121.9314830,47.5244923,2026-01-23 19:17:30.739,_20260123_105610_CH02_TMO_5GNR_WFC_MT-DUT-2_TC-155.dml,,,,,,,,,,,,,,,,,,,,,,,[Tool] Voice - Answer Request,,,,,,,,,,,,,,,,,
1454,1,,,-121.9314830,47.5244923,2026-01-23 19:17:31.000,_20260123_105610_CH02_TMO_5GNR_WFC_MT-DUT-2_TC-155.dml,,,,,,,,,,,,,,,,,,,,,,,,,,,,,594,,,On,Connected,-68.000000,5220,136,,,,IWLAN
1455,1,,,-121.9314830,47.5244923,2026-01-23 19:17:32.000,_20260123_105610_CH02_TMO_5GNR_WFC_MT-DUT-2_TC-155.dml,,,,,,,,,,,,,,,,,,,,,,,,,,,,,,,,On,Connected,-68.000000,5220,136,,,,IWLAN
1456,1,,,-121.9314830,47.5244923,2026-01-23 19:17:33.160,_20260123_105610_CH02_TMO_5GNR_WFC_MT-DUT-2_TC-155.dml,,,,,,,,,,,,,,,,,,,,,,,[Tool] Voice - Call Scheduling End,,,,,,,,,,,,,,,,,
1457,1,,,-121.9314830,47.5244923,2026-01-23 19:17:33.160,_20260123_105610_CH02_TMO_5GNR_WFC_MT-DUT-2_TC-155.dml,NR SA,Voice,Complete,NR SA,NR SA,,,,,,,,,,,,Complete,Termination,Complete,,,,,,,,,90.016000,,,,,,,,,,EPSFB,,
1458,1,,,-121.9314830,47.5244923,2026-01-23 19:17:33.160,_20260123_105610_CH02_TMO_5GNR_WFC_MT-DUT-2_TC-155.dml,,,,,,,,,,,,,,,,,,,,,,,[Tool] Voice - Release Call Request,,,,,,,,,,,,,,,,,
1459,1,,,-121.9314830,47.5244923,2026-01-23 19:17:33.000,_20260123_105610_CH02_TMO_5GNR_WFC_MT-DUT-2_TC-155.dml,,,,,,,,,,,,,,,,,,,,,,,,,,,,,594,,,On,Connected,-68.000000,5220,136,,,,IWLAN
1460,1,,,-121.9314830,47.5244923,2026-01-23 19:17:33.660,_20260123_105610_CH02_TMO_5GNR_WFC_MT-DUT-2_TC-155.dml,,,,,,,,,,,,,,,,,,,,,,,[Tool] Voice - Call Scheduling Start(Term),,,,,,,,,,,,,,,,,
1461,1,,,-121.9314830,47.5244923,2026-01-23 19:17:33.660,_20260123_105610_CH02_TMO_5GNR_WFC_MT-DUT-2_TC-155.dml,,,,,,,,,,,,,,,,,,,,,,,[Tool] Voice - Wait Page,,,,,,,,,,,,,,,,,
1462,1,,,-121.9314830,47.5244923,2026-01-23 19:17:34.000,_20260123_105610_CH02_TMO_5GNR_WFC_MT-DUT-2_TC-155.dml,,,,,,,,,,,,,,,,,,,,,,,,,,,,,,,,On,Connected,-67.000000,5220,136,,,,IWLAN
1463,1,,,-121.9314830,47.5244923,2026-01-23 19:17:35.000,_20260123_105610_CH02_TMO_5GNR_WFC_MT-DUT-2_TC-155.dml,,,,,,,,,,,,,,,,,,,,,,,,,,,,,594,,,On,Connected,-67.000000,5220,136,,,,IWLAN
1464,1,,,-121.9314830,47.5244923,2026-01-23 19:17:36.000,_20260123_105610_CH02_TMO_5GNR_WFC_MT-DUT-2_TC-155.dml,,,,,,,,,,,,,,,,,,,,,,,,,,,,,,,,On,Connected,-67.000000,5220,136,,,,IWLAN
1465,1,,,-121.9314830,47.5244923,2026-01-23 19:17:36.707,_20260123_105610_CH02_TMO_5GNR_WFC_MT-DUT-2_TC-155.dml,,,,,,,,,,,,,,,,,,,,,,,[Tool] Voice - Answer Request,,,,,,,,,,,,,,,,,
1466,1,,,-121.9314830,47.5244923,2026-01-23 19:17:37.000,_20260123_105610_CH02_TMO_5GNR_WFC_MT-DUT-2_TC-155.dml,,,,,,,,,,,,,,,,,,,,,,,,,,,,,594,,,On,Connected,-68.000000,5220,136,,,,IWLAN
1467,1,,,-121.9314830,47.5244923,2026-01-23 19:17:37.708,_20260123_105610_CH02_TMO_5GNR_WFC_MT-DUT-2_TC-155.dml,,,,,,,,,,,,,,,,,,,,,,,[Tool] Voice - Answer Request,,,,,,,,,,,,,,,,,
1468,1,,,-121.9314830,47.5244923,2026-01-23 19:17:37.849,_20260123_105610_CH02_TMO_5GNR_WFC_MT-DUT-2_TC-155.dml,,,,,,,,,,,,,,,,,,,,,,,[UE]   Voice - Setup Success,,,,,,,,,,,,,,,,,
1469,1,,,-121.9314830,47.5244923,2026-01-23 19:17:38.000,_20260123_105610_CH02_TMO_5GNR_WFC_MT-DUT-2_TC-155.dml,,,,,,,,,,NR SA,,,,,,,,,,,,,,,,,,,,,,On,Connected,-68.000000,5220,136,,,,IWLAN
1470,1,,,-121.9314830,47.5244923,2026-01-23 19:17:39.000,_20260123_105610_CH02_TMO_5GNR_WFC_MT-DUT-2_TC-155.dml,,,,,,,,,,NR SA,,,,,,,,,,,,,,,,,,,594,,,On,Connected,-68.000000,5220,136,,,,IWLAN
1471,1,,,-121.9314830,47.5244923,2026-01-23 19:17:40.000,_20260123_105610_CH02_TMO_5GNR_WFC_MT-DUT-2_TC-155.dml,,,,,,,,,,NR SA,,,,,,,,,,,,,,,,,,,,,,On,Connected,-68.000000,5220,136,,,,IWLAN
1472,1,,,-121.9314830,47.5244923,2026-01-23 19:17:41.000,_20260123_105610_CH02_TMO_5GNR_WFC_MT-DUT-2_TC-155.dml,,,,,,,,,,NR SA,,,,,,,,,,,,,,,,,,,594,,,On,Connected,-68.000000,5220,136,,,,IWLAN
1473,1,,,-121.9314830,47.5244923,2026-01-23 19:17:42.000,_20260123_105610_CH02_TMO_5GNR_WFC_MT-DUT-2_TC-155.dml,,,,,,,,,,NR SA,,,,,,,,,,,,,,,,,,,,,,On,Connected,-68.000000,5220,136,,,,IWLAN
1474,1,,,-121.9314830,47.5244923,2026-01-23 19:17:43.000,_20260123_105610_CH02_TMO_5GNR_WFC_MT-DUT-2_TC-155.dml,,,,,,,,,,NR SA,,,,,,,,,,,,,,,,,,,594,,,On,Connected,-68.000000,5220,136,,,,IWLAN
1475,1,,,-121.9314830,47.5244923,2026-01-23 19:17:44.000,_20260123_105610_CH02_TMO_5GNR_WFC_MT-DUT-2_TC-155.dml,,,,,,,,,,NR SA,,,,,,,,,,,,,,,,,,,,,,On,Connected,-68.000000,5220,136,,,,IWLAN
1476,1,,,-121.9314830,47.5244923,2026-01-23 19:17:45.000,_20260123_105610_CH02_TMO_5GNR_WFC_MT-DUT-2_TC-155.dml,,,,,,,,,,NR SA,,,,,,,,,,,,,,,,,,,594,,,On,Connected,-68.000000,5220,136,,,,IWLAN
1477,1,,,-121.9314830,47.5244923,2026-01-23 19:17:46.000,_20260123_105610_CH02_TMO_5GNR_WFC_MT-DUT-2_TC-155.dml,,,,,,,,,,NR SA,,,,,,,,,,,,,,,,,,,,,,On,Connected,-68.000000,5220,136,,,,IWLAN
1478,1,,,-121.9314830,47.5244923,2026-01-23 19:17:47.000,_20260123_105610_CH02_TMO_5GNR_WFC_MT-DUT-2_TC-155.dml,,,,,,,,,,NR SA,,,,,,,,,,,,,,,,,,,594,,,On,Connected,-68.000000,5220,136,,,,IWLAN
1479,1,,,-121.9314830,47.5244923,2026-01-23 19:17:48.000,_20260123_105610_CH02_TMO_5GNR_WFC_MT-DUT-2_TC-155.dml,,,,,,,,,,NR SA,,,,,,,,,,,,,,,,,,,,,2.050641,On,Connected,-68.000000,5220,136,,,,IWLAN
1480,1,,,-121.9314830,47.5244923,2026-01-23 19:17:49.000,_20260123_105610_CH02_TMO_5GNR_WFC_MT-DUT-2_TC-155.dml,,,,,,,,,,NR SA,,,,,,,,,,,,,,,,,,,594,,2.050641,On,Connected,-68.000000,5220,136,,,,IWLAN
1481,1,,,-121.9314830,47.5244923,2026-01-23 19:17:50.000,_20260123_105610_CH02_TMO_5GNR_WFC_MT-DUT-2_TC-155.dml,,,,,,,,,,NR SA,,,,,,,,,,,,,,,,,,,,,2.050641,On,Connected,-68.000000,5220,136,,,,IWLAN
1482,1,,,-121.9314830,47.5244923,2026-01-23 19:17:51.000,_20260123_105610_CH02_TMO_5GNR_WFC_MT-DUT-2_TC-155.dml,,,,,,,,,,NR SA,,,,,,,,,,,,,,,,,,,594,,2.050641,On,Connected,-68.000000,5220,136,,,,IWLAN
1483,1,,,-121.9314830,47.5244923,2026-01-23 19:17:52.000,_20260123_105610_CH02_TMO_5GNR_WFC_MT-DUT-2_TC-155.dml,,,,,,,,,,NR SA,,,,,,,,,,,,,,,,,,,,,2.050641,On,Connected,-68.000000,5220,136,,,,IWLAN
1484,1,,,-121.9314830,47.5244923,2026-01-23 19:17:53.000,_20260123_105610_CH02_TMO_5GNR_WFC_MT-DUT-2_TC-155.dml,,,,,,,,,,NR SA,,,,,,,,,,,,,,,,,,,594,,2.050641,On,Connected,-68.000000,5220,136,,,,IWLAN
1485,1,,,-121.9314830,47.5244923,2026-01-23 19:17:54.000,_20260123_105610_CH02_TMO_5GNR_WFC_MT-DUT-2_TC-155.dml,,,,,,,,,,NR SA,,,,,,,,,,,,,,,,,,,594,,2.050641,On,Connected,-68.000000,5220,136,,,,IWLAN
1486,1,,,-121.9314830,47.5244923,2026-01-23 19:17:55.000,_20260123_105610_CH02_TMO_5GNR_WFC_MT-DUT-2_TC-155.dml,,,,,,,,,,NR SA,,,,,,,,,,,,,,,,,,,,,2.050641,On,Connected,-68.000000,5220,136,,,,IWLAN
1487,1,,,-121.9314830,47.5244923,2026-01-23 19:17:56.000,_20260123_105610_CH02_TMO_5GNR_WFC_MT-DUT-2_TC-155.dml,,,,,,,,,,NR SA,,,,,,,,,,,,,,,,,,,594,,2.050641,On,Connected,-68.000000,5220,136,,,,IWLAN
1488,1,,,-121.9314830,47.5244923,2026-01-23 19:17:57.000,_20260123_105610_CH02_TMO_5GNR_WFC_MT-DUT-2_TC-155.dml,,,,,,,,,,NR SA,,,,,,,,,,,,,,,,,,,594,,2.050641,On,Connected,-68.000000,5220,136,,,,IWLAN
1489,1,,,-121.9314830,47.5244923,2026-01-23 19:17:58.000,_20260123_105610_CH02_TMO_5GNR_WFC_MT-DUT-2_TC-155.dml,,,,,,,,,,NR SA,,,,,,,,,,,,,,,,,,,594,,,On,Connected,-68.000000,5220,136,,,,IWLAN
1490,1,,,-121.9314830,47.5244923,2026-01-23 19:17:58.630,_20260123_105610_CH02_TMO_5GNR_WFC_MT-DUT-2_TC-155.dml,,,,,,,,,,,,,,,,,,,,,,,,,,,,,,-79.743800,,,,,,,,,,
1491,1,,,-121.9314830,47.5244923,2026-01-23 19:17:59.000,_20260123_105610_CH02_TMO_5GNR_WFC_MT-DUT-2_TC-155.dml,,,,,,,,,,NR SA,,,,,,,,,,,,,,,,,,,594,,,On,Connected,-68.000000,5220,136,,,,IWLAN
1492,1,,,-121.9314830,47.5244923,2026-01-23 19:18:00.000,_20260123_105610_CH02_TMO_5GNR_WFC_MT-DUT-2_TC-155.dml,,,,,,,,,,NR SA,,,,,,,,,,,,,,,,,,,594,,,On,Connected,-68.000000,5220,136,,,,IWLAN
1493,1,,,-121.9314830,47.5244923,2026-01-23 19:18:01.000,_20260123_105610_CH02_TMO_5GNR_WFC_MT-DUT-2_TC-155.dml,,,,,,,,,,NR SA,,,,,,,,,,,,,,,,,,,594,,,On,Connected,-68.000000,5220,136,,,,IWLAN
1494,1,,,-121.9314830,47.5244923,2026-01-23 19:18:02.000,_20260123_105610_CH02_TMO_5GNR_WFC_MT-DUT-2_TC-155.dml,,,,,,,,,,NR SA,,,,,,,,,,,,,,,,,,,594,,,On,Connected,-68.000000,5220,136,,,,IWLAN
1495,1,,,-121.9314830,47.5244923,2026-01-23 19:18:03.000,_20260123_105610_CH02_TMO_5GNR_WFC_MT-DUT-2_TC-155.dml,,,,,,,,,,NR SA,,,,,,,,,,,,,,,,,,,594,,,On,Connected,-68.000000,5220,136,,,,IWLAN
1496,1,,,-121.9314830,47.5244923,2026-01-23 19:18:04.000,_20260123_105610_CH02_TMO_5GNR_WFC_MT-DUT-2_TC-155.dml,,,,,,,,,,NR SA,,,,,,,,,,,,,,,,,,,594,,,On,Connected,-68.000000,5220,136,,,,IWLAN
1497,1,,,-121.9314830,47.5244923,2026-01-23 19:18:05.000,_20260123_105610_CH02_TMO_5GNR_WFC_MT-DUT-2_TC-155.dml,,,,,,,,,,NR SA,,,,,,,,,,,,,,,,,,,594,,,On,Connected,-68.000000,5220,136,,,,IWLAN
1498,1,,,-121.9314830,47.5244923,2026-01-23 19:18:06.000,_20260123_105610_CH02_TMO_5GNR_WFC_MT-DUT-2_TC-155.dml,,,,,,,,,,NR SA,,,,,,,,,,,,,,,,,,,594,,,On,Connected,-68.000000,5220,136,,,,IWLAN
1499,1,,,-121.9314830,47.5244923,2026-01-23 19:18:07.000,_20260123_105610_CH02_TMO_5GNR_WFC_MT-DUT-2_TC-155.dml,,,,,,,,,,NR SA,,,,,,,,,,,,,,,,,,,594,,,On,Connected,-68.000000,5220,136,,,,IWLAN
1500,1,,,-121.9314830,47.5244923,2026-01-23 19:18:08.000,_20260123_105610_CH02_TMO_5GNR_WFC_MT-DUT-2_TC-155.dml,,,,,,,,,,NR SA,,,,,,,,,,,,,,,,,,,594,,1.794446,On,Connected,-68.000000,5220,136,,,,IWLAN
1501,1,,,-121.9314830,47.5244923,2026-01-23 19:18:09.000,_20260123_105610_CH02_TMO_5GNR_WFC_MT-DUT-2_TC-155.dml,,,,,,,,,,NR SA,,,,,,,,,,,,,,,,,,,594,,1.794446,On,Connected,-68.000000,5220,136,,,,IWLAN
1502,1,,,-121.9314830,47.5244923,2026-01-23 19:18:10.000,_20260123_105610_CH02_TMO_5GNR_WFC_MT-DUT-2_TC-155.dml,,,,,,,,,,NR SA,,,,,,,,,,,,,,,,,,,594,,1.794446,On,Connected,-68.000000,5220,136,,,,IWLAN
1503,1,,,-121.9314830,47.5244923,2026-01-23 19:18:11.000,_20260123_105610_CH02_TMO_5GNR_WFC_MT-DUT-2_TC-155.dml,,,,,,,,,,NR SA,,,,,,,,,,,,,,,,,,,594,,1.794446,On,Connected,-68.000000,5220,136,,,,IWLAN
1504,1,,,-121.9314830,47.5244923,2026-01-23 19:18:12.000,_20260123_105610_CH02_TMO_5GNR_WFC_MT-DUT-2_TC-155.dml,,,,,,,,,,NR SA,,,,,,,,,,,,,,,,,,,594,,1.794446,On,Connected,-68.000000,5220,136,,,,IWLAN
1505,1,,,-121.9314830,47.5244923,2026-01-23 19:18:13.000,_20260123_105610_CH02_TMO_5GNR_WFC_MT-DUT-2_TC-155.dml,,,,,,,,,,NR SA,,,,,,,,,,,,,,,,,,,594,,1.794446,On,Connected,-68.000000,5220,136,,,,IWLAN
1506,1,,,-121.9314830,47.5244923,2026-01-23 19:18:14.000,_20260123_105610_CH02_TMO_5GNR_WFC_MT-DUT-2_TC-155.dml,,,,,,,,,,NR SA,,,,,,,,,,,,,,,,,,,594,,1.794446,On,Connected,-68.000000,5220,136,,,,IWLAN
1507,1,,,-121.9314830,47.5244923,2026-01-23 19:18:15.000,_20260123_105610_CH02_TMO_5GNR_WFC_MT-DUT-2_TC-155.dml,,,,,,,,,,NR SA,,,,,,,,,,,,,,,,,,,594,,1.794446,On,Connected,-68.000000,5220,136,,,,IWLAN
1508,1,,,-121.9314830,47.5244923,2026-01-23 19:18:16.000,_20260123_105610_CH02_TMO_5GNR_WFC_MT-DUT-2_TC-155.dml,,,,,,,,,,NR SA,,,,,,,,,,,,,,,,,,,594,,1.794446,On,Connected,-68.000000,5220,136,,,,IWLAN
1509,1,,,-121.9314830,47.5244923,2026-01-23 19:18:17.000,_20260123_105610_CH02_TMO_5GNR_WFC_MT-DUT-2_TC-155.dml,,,,,,,,,,NR SA,,,,,,,,,,,,,,,,,,,594,,1.794446,On,Connected,-68.000000,5220,136,,,,IWLAN
1510,1,,,-121.9314830,47.5244923,2026-01-23 19:18:18.000,_20260123_105610_CH02_TMO_5GNR_WFC_MT-DUT-2_TC-155.dml,,,,,,,,,,NR SA,,,,,,,,,,,,,,,,,,,594,,,On,Connected,-68.000000,5220,136,,,,IWLAN
1511,1,,,-121.9314830,47.5244923,2026-01-23 19:18:18.630,_20260123_105610_CH02_TMO_5GNR_WFC_MT-DUT-2_TC-155.dml,,,,,,,,,,,,,,,,,,,,,,,,,,,,,,-79.346000,,,,,,,,,,
1512,1,,,-121.9314830,47.5244923,2026-01-23 19:18:19.000,_20260123_105610_CH02_TMO_5GNR_WFC_MT-DUT-2_TC-155.dml,,,,,,,,,,NR SA,,,,,,,,,,,,,,,,,,,594,,,On,Connected,-68.000000,5220,136,,,,IWLAN
1513,1,,,-121.9314830,47.5244923,2026-01-23 19:18:20.000,_20260123_105610_CH02_TMO_5GNR_WFC_MT-DUT-2_TC-155.dml,,,,,,,,,,NR SA,,,,,,,,,,,,,,,,,,,594,,,On,Connected,-68.000000,5220,136,,,,IWLAN
1514,1,,,-121.9314830,47.5244923,2026-01-23 19:18:21.000,_20260123_105610_CH02_TMO_5GNR_WFC_MT-DUT-2_TC-155.dml,,,,,,,,,,NR SA,,,,,,,,,,,,,,,,,,,594,,,On,Connected,-68.000000,5220,136,,,,IWLAN
1515,1,,,-121.9314830,47.5244923,2026-01-23 19:18:22.000,_20260123_105610_CH02_TMO_5GNR_WFC_MT-DUT-2_TC-155.dml,,,,,,,,,,NR SA,,,,,,,,,,,,,,,,,,,594,,,On,Connected,-68.000000,5220,136,,,,IWLAN
1516,1,,,-121.9314830,47.5244923,2026-01-23 19:18:23.000,_20260123_105610_CH02_TMO_5GNR_WFC_MT-DUT-2_TC-155.dml,,,,,,,,,,NR SA,,,,,,,,,,,,,,,,,,,594,,,On,Connected,-68.000000,5220,136,,,,IWLAN
1517,1,,,-121.9314830,47.5244923,2026-01-23 19:18:24.000,_20260123_105610_CH02_TMO_5GNR_WFC_MT-DUT-2_TC-155.dml,,,,,,,,,,NR SA,,,,,,,,,,,,,,,,,,,594,,,On,Connected,-68.000000,5220,136,,,,IWLAN
1518,1,,,-121.9314830,47.5244923,2026-01-23 19:18:25.000,_20260123_105610_CH02_TMO_5GNR_WFC_MT-DUT-2_TC-155.dml,,,,,,,,,,NR SA,,,,,,,,,,,,,,,,,,,594,,,On,Connected,-68.000000,5220,136,,,,IWLAN
1519,1,,,-121.9314830,47.5244923,2026-01-23 19:18:26.000,_20260123_105610_CH02_TMO_5GNR_WFC_MT-DUT-2_TC-155.dml,,,,,,,,,,NR SA,,,,,,,,,,,,,,,,,,,594,,,On,Connected,-68.000000,5220,136,,,,IWLAN
1520,1,,,-121.9314830,47.5244923,2026-01-23 19:18:27.000,_20260123_105610_CH02_TMO_5GNR_WFC_MT-DUT-2_TC-155.dml,,,,,,,,,,NR SA,,,,,,,,,,,,,,,,,,,594,,,On,Connected,-68.000000,5220,136,,,,IWLAN
1521,1,,,-121.9314830,47.5244923,2026-01-23 19:18:28.000,_20260123_105610_CH02_TMO_5GNR_WFC_MT-DUT-2_TC-155.dml,,,,,,,,,,NR SA,,,,,,,,,,,,,,,,,,,594,,2.162336,On,Connected,-68.000000,5220,136,,,,IWLAN
1522,1,,,-121.9314830,47.5244923,2026-01-23 19:18:29.000,_20260123_105610_CH02_TMO_5GNR_WFC_MT-DUT-2_TC-155.dml,,,,,,,,,,NR SA,,,,,,,,,,,,,,,,,,,594,,2.162336,On,Connected,-68.000000,5220,136,,,,IWLAN
1523,1,,,-121.9314830,47.5244923,2026-01-23 19:18:30.000,_20260123_105610_CH02_TMO_5GNR_WFC_MT-DUT-2_TC-155.dml,,,,,,,,,,NR SA,,,,,,,,,,,,,,,,,,,594,,2.162336,On,Connected,-68.000000,5220,136,,,,IWLAN
1524,1,,,-121.9314830,47.5244923,2026-01-23 19:18:31.000,_20260123_105610_CH02_TMO_5GNR_WFC_MT-DUT-2_TC-155.dml,,,,,,,,,,NR SA,,,,,,,,,,,,,,,,,,,594,,2.162336,On,Connected,-68.000000,5220,136,,,,IWLAN
1525,1,,,-121.9314830,47.5244923,2026-01-23 19:18:32.000,_20260123_105610_CH02_TMO_5GNR_WFC_MT-DUT-2_TC-155.dml,,,,,,,,,,NR SA,,,,,,,,,,,,,,,,,,,594,,2.162336,On,Connected,-68.000000,5220,136,,,,IWLAN
1526,1,,,-121.9314830,47.5244923,2026-01-23 19:18:33.000,_20260123_105610_CH02_TMO_5GNR_WFC_MT-DUT-2_TC-155.dml,,,,,,,,,,NR SA,,,,,,,,,,,,,,,,,,,594,,2.162336,On,Connected,-68.000000,5220,136,,,,IWLAN
1527,1,,,-121.9314830,47.5244923,2026-01-23 19:18:34.000,_20260123_105610_CH02_TMO_5GNR_WFC_MT-DUT-2_TC-155.dml,,,,,,,,,,NR SA,,,,,,,,,,,,,,,,,,,594,,2.162336,On,Connected,-68.000000,5220,136,,,,IWLAN
1528,1,,,-121.9314830,47.5244923,2026-01-23 19:18:35.000,_20260123_105610_CH02_TMO_5GNR_WFC_MT-DUT-2_TC-155.dml,,,,,,,,,,NR SA,,,,,,,,,,,,,,,,,,,594,,2.162336,On,Connected,-68.000000,5220,136,,,,IWLAN
1529,1,,,-121.9314830,47.5244923,2026-01-23 19:18:36.000,_20260123_105610_CH02_TMO_5GNR_WFC_MT-DUT-2_TC-155.dml,,,,,,,,,,NR SA,,,,,,,,,,,,,,,,,,,594,,2.162336,On,Connected,-68.000000,5220,136,,,,IWLAN
1530,1,,,-121.9314830,47.5244923,2026-01-23 19:18:37.000,_20260123_105610_CH02_TMO_5GNR_WFC_MT-DUT-2_TC-155.dml,,,,,,,,,,NR SA,,,,,,,,,,,,,,,,,,,594,,2.162336,On,Connected,-68.000000,5220,136,,,,IWLAN
1531,1,,,-121.9314830,47.5244923,2026-01-23 19:18:38.000,_20260123_105610_CH02_TMO_5GNR_WFC_MT-DUT-2_TC-155.dml,,,,,,,,,,NR SA,,,,,,,,,,,,,,,,,,,594,,,On,Connected,-68.000000,5220,136,,,,IWLAN
1532,1,,,-121.9314830,47.5244923,2026-01-23 19:18:38.599,_20260123_105610_CH02_TMO_5GNR_WFC_MT-DUT-2_TC-155.dml,,,,,,,,,,,,,,,,,,,,,,,,,,,,,,-79.724667,,,,,,,,,,
1533,1,,,-121.9314830,47.5244923,2026-01-23 19:18:39.000,_20260123_105610_CH02_TMO_5GNR_WFC_MT-DUT-2_TC-155.dml,,,,,,,,,,NR SA,,,,,,,,,,,,,,,,,,,594,,,On,Connected,-68.000000,5220,136,,,,IWLAN
1534,1,,,-121.9314830,47.5244923,2026-01-23 19:18:40.000,_20260123_105610_CH02_TMO_5GNR_WFC_MT-DUT-2_TC-155.dml,,,,,,,,,,NR SA,,,,,,,,,,,,,,,,,,,594,,,On,Connected,-68.000000,5220,136,,,,IWLAN
1535,1,,,-121.9314830,47.5244923,2026-01-23 19:18:41.000,_20260123_105610_CH02_TMO_5GNR_WFC_MT-DUT-2_TC-155.dml,,,,,,,,,,NR SA,,,,,,,,,,,,,,,,,,,594,,,On,Connected,-68.000000,5220,136,,,,IWLAN
1536,1,,,-121.9314830,47.5244923,2026-01-23 19:18:42.000,_20260123_105610_CH02_TMO_5GNR_WFC_MT-DUT-2_TC-155.dml,,,,,,,,,,NR SA,,,,,,,,,,,,,,,,,,,594,,,On,Connected,-68.000000,5220,136,,,,IWLAN
1537,1,,,-121.9314830,47.5244923,2026-01-23 19:18:43.000,_20260123_105610_CH02_TMO_5GNR_WFC_MT-DUT-2_TC-155.dml,,,,,,,,,,NR SA,,,,,,,,,,,,,,,,,,,594,,,On,Connected,-68.000000,5220,136,,,,IWLAN
1538,1,,,-121.9314830,47.5244923,2026-01-23 19:18:44.000,_20260123_105610_CH02_TMO_5GNR_WFC_MT-DUT-2_TC-155.dml,,,,,,,,,,NR SA,,,,,,,,,,,,,,,,,,,594,,,On,Connected,-68.000000,5220,136,,,,IWLAN
1539,1,,,-121.9314830,47.5244923,2026-01-23 19:18:45.000,_20260123_105610_CH02_TMO_5GNR_WFC_MT-DUT-2_TC-155.dml,,,,,,,,,,NR SA,,,,,,,,,,,,,,,,,,,594,,,On,Connected,-68.000000,5220,136,,,,IWLAN
1540,1,,,-121.9314830,47.5244923,2026-01-23 19:18:46.000,_20260123_105610_CH02_TMO_5GNR_WFC_MT-DUT-2_TC-155.dml,,,,,,,,,,NR SA,,,,,,,,,,,,,,,,,,,594,,,On,Connected,-68.000000,5220,136,,,,
1541,1,,,-121.9314830,47.5244923,2026-01-23 19:18:47.000,_20260123_105610_CH02_TMO_5GNR_WFC_MT-DUT-2_TC-155.dml,,,,,,,,,,NR SA,,,,,,,,,,,,,,,,,,,594,,,On,Connected,-68.000000,5220,136,,,,IWLAN
1542,1,,,-121.9314830,47.5244923,2026-01-23 19:18:48.000,_20260123_105610_CH02_TMO_5GNR_WFC_MT-DUT-2_TC-155.dml,,,,,,,,,,NR SA,,,,,,,,,,,,,,,,,,,594,,,On,Connected,-68.000000,5220,136,,,,IWLAN
1543,1,,,-121.9314830,47.5244923,2026-01-23 19:18:49.000,_20260123_105610_CH02_TMO_5GNR_WFC_MT-DUT-2_TC-155.dml,,,,,,,,,,NR SA,,,,,,,,,,,,,,,,,,,594,,2.033125,On,Connected,-68.000000,5220,136,,,,IWLAN
1544,1,,,-121.9314830,47.5244923,2026-01-23 19:18:50.000,_20260123_105610_CH02_TMO_5GNR_WFC_MT-DUT-2_TC-155.dml,,,,,,,,,,NR SA,,,,,,,,,,,,,,,,,,,594,,2.033125,On,Connected,-68.000000,5220,136,,,,IWLAN
1545,1,,,-121.9314830,47.5244923,2026-01-23 19:18:51.000,_20260123_105610_CH02_TMO_5GNR_WFC_MT-DUT-2_TC-155.dml,,,,,,,,,,NR SA,,,,,,,,,,,,,,,,,,,594,,2.033125,On,Connected,-68.000000,5220,136,,,,IWLAN
1546,1,,,-121.9314830,47.5244923,2026-01-23 19:18:52.000,_20260123_105610_CH02_TMO_5GNR_WFC_MT-DUT-2_TC-155.dml,,,,,,,,,,NR SA,,,,,,,,,,,,,,,,,,,594,,2.033125,On,Connected,-68.000000,5220,136,,,,IWLAN
1547,1,,,-121.9314830,47.5244923,2026-01-23 19:18:53.000,_20260123_105610_CH02_TMO_5GNR_WFC_MT-DUT-2_TC-155.dml,,,,,,,,,,NR SA,,,,,,,,,,,,,,,,,,,594,,2.033125,On,Connected,-68.000000,5220,136,,,,IWLAN
1548,1,,,-121.9314830,47.5244923,2026-01-23 19:18:54.000,_20260123_105610_CH02_TMO_5GNR_WFC_MT-DUT-2_TC-155.dml,,,,,,,,,,NR SA,,,,,,,,,,,,,,,,,,,594,,2.033125,On,Connected,-68.000000,5220,136,,,,IWLAN
1549,1,,,-121.9314830,47.5244923,2026-01-23 19:18:55.000,_20260123_105610_CH02_TMO_5GNR_WFC_MT-DUT-2_TC-155.dml,,,,,,,,,,NR SA,,,,,,,,,,,,,,,,,,,594,,2.033125,On,Connected,-68.000000,5220,136,,,,IWLAN
1550,1,,,-121.9314830,47.5244923,2026-01-23 19:18:56.000,_20260123_105610_CH02_TMO_5GNR_WFC_MT-DUT-2_TC-155.dml,,,,,,,,,,NR SA,,,,,,,,,,,,,,,,,,,594,,2.033125,On,Connected,-68.000000,5220,136,,,,IWLAN
1551,1,,,-121.9314830,47.5244923,2026-01-23 19:18:57.000,_20260123_105610_CH02_TMO_5GNR_WFC_MT-DUT-2_TC-155.dml,,,,,,,,,,NR SA,,,,,,,,,,,,,,,,,,,594,,2.033125,On,Connected,-68.000000,5220,136,,,,IWLAN
1552,1,,,-121.9314830,47.5244923,2026-01-23 19:18:58.000,_20260123_105610_CH02_TMO_5GNR_WFC_MT-DUT-2_TC-155.dml,,,,,,,,,,NR SA,,,,,,,,,,,,,,,,,,,594,,2.033125,On,Connected,-68.000000,5220,136,,,,IWLAN
1553,1,,,-121.9314830,47.5244923,2026-01-23 19:18:58.801,_20260123_105610_CH02_TMO_5GNR_WFC_MT-DUT-2_TC-155.dml,,,,,,,,,,,,,,,,,,,,,,,,,,,,,,-75.469500,,,,,,,,,,
1554,1,,,-121.9314830,47.5244923,2026-01-23 19:18:59.000,_20260123_105610_CH02_TMO_5GNR_WFC_MT-DUT-2_TC-155.dml,,,,,,,,,,NR SA,,,,,,,,,,,,,,,,,,,,,,On,Connected,-68.000000,5220,136,,,,IWLAN
1555,1,,,-121.9314830,47.5244923,2026-01-23 19:19:00.000,_20260123_105610_CH02_TMO_5GNR_WFC_MT-DUT-2_TC-155.dml,,,,,,,,,,NR SA,,,,,,,,,,,,,,,,,,,594,,,On,Connected,-68.000000,5220,136,,,,IWLAN
1556,1,,,-121.9314830,47.5244923,2026-01-23 19:19:01.000,_20260123_105610_CH02_TMO_5GNR_WFC_MT-DUT-2_TC-155.dml,,,,,,,,,,NR SA,,,,,,,,,,,,,,,,,,,,,,On,Connected,-68.000000,5220,136,,,,IWLAN
1557,1,,,-121.9314830,47.5244923,2026-01-23 19:19:02.000,_20260123_105610_CH02_TMO_5GNR_WFC_MT-DUT-2_TC-155.dml,,,,,,,,,,NR SA,,,,,,,,,,,,,,,,,,,594,,,On,Connected,-68.000000,5220,136,,,,IWLAN
1558,1,,,-121.9314830,47.5244923,2026-01-23 19:19:03.000,_20260123_105610_CH02_TMO_5GNR_WFC_MT-DUT-2_TC-155.dml,,,,,,,,,,NR SA,,,,,,,,,,,,,,,,,,,,,,On,Connected,-68.000000,5220,136,,,,IWLAN
1559,1,,,-121.9314830,47.5244923,2026-01-23 19:19:04.000,_20260123_105610_CH02_TMO_5GNR_WFC_MT-DUT-2_TC-155.dml,,,,,,,,,,NR SA,,,,,,,,,,,,,,,,,,,594,,,On,Connected,-68.000000,5220,136,,,,IWLAN
1560,1,,,-121.9314830,47.5244923,2026-01-23 19:19:05.000,_20260123_105610_CH02_TMO_5GNR_WFC_MT-DUT-2_TC-155.dml,,,,,,,,,,NR SA,,,,,,,,,,,,,,,,,,,,,,On,Connected,-68.000000,5220,136,,,,IWLAN
1561,1,,,-121.9314830,47.5244923,2026-01-23 19:19:06.000,_20260123_105610_CH02_TMO_5GNR_WFC_MT-DUT-2_TC-155.dml,,,,,,,,,,NR SA,,,,,,,,,,,,,,,,,,,594,,,On,Connected,-68.000000,5220,136,,,,IWLAN
1562,1,,,-121.9314830,47.5244923,2026-01-23 19:19:07.000,_20260123_105610_CH02_TMO_5GNR_WFC_MT-DUT-2_TC-155.dml,,,,,,,,,,NR SA,,,,,,,,,,,,,,,,,,,594,,,On,Connected,-68.000000,5220,136,,,,IWLAN
1563,1,,,-121.9314830,47.5244923,2026-01-23 19:19:08.000,_20260123_105610_CH02_TMO_5GNR_WFC_MT-DUT-2_TC-155.dml,,,,,,,,,,NR SA,,,,,,,,,,,,,,,,,,,,,,On,Connected,-68.000000,5220,136,,,,IWLAN
1564,1,,,-121.9314830,47.5244923,2026-01-23 19:19:08.333,_20260123_105610_CH02_TMO_5GNR_WFC_MT-DUT-2_TC-155.dml,,,,,,,,,,,,,,,,,,,,,,,[Tool] Voice - Pair Channel Call Drop,,,,,,,,,,,,,,,,,
1565,1,,,-121.9314830,47.5244923,2026-01-23 19:19:08.333,_20260123_105610_CH02_TMO_5GNR_WFC_MT-DUT-2_TC-155.dml,,,,,,,,,,,,,,,,,,,,,,,[Tool] Voice - Release Call Request,,,,,,,,,,,,,,,,,
1566,1,,,-121.9314830,47.5244923,2026-01-23 19:19:08.832,_20260123_105610_CH02_TMO_5GNR_WFC_MT-DUT-2_TC-155.dml,,,,,,,,,,,,,,,,,,,,,,BQ,[Tool] Voice - Call Result : BQ,,,,,,,,,,,,,,,,,
1567,1,,,-121.9314830,47.5244923,2026-01-23 19:19:08.832,_20260123_105610_CH02_TMO_5GNR_WFC_MT-DUT-2_TC-155.dml,,,,,,,,,,,,,,,,,,,,,,,[UE]   Voice - Release Call Success,,,,,,,,,,,,,,,,,
1568,1,,,-121.9314830,47.5244923,2026-01-23 19:19:09.000,_20260123_105610_CH02_TMO_5GNR_WFC_MT-DUT-2_TC-155.dml,,,,,,,,,,,,,,,,,,,,,,,,,,,,,594,,,On,Connected,-68.000000,5220,136,,,,IWLAN
1569,1,,,-121.9314830,47.5244923,2026-01-23 19:19:09.755,_20260123_105610_CH02_TMO_5GNR_WFC_MT-DUT-2_TC-155.dml,,,,,,,,,,,,,,,,,,,,,,,[UE]   Voice - Release Call Success,,,,,,,,,,,,,,,,,
1570,1,,,-121.9314830,47.5244923,2026-01-23 19:19:10.000,_20260123_105610_CH02_TMO_5GNR_WFC_MT-DUT-2_TC-155.dml,,,,,,,,,,,,,,,,,,,,,,,,,,,,,,,,On,Connected,-68.000000,5220,136,,,,IWLAN
1571,1,,,-121.9314830,47.5244923,2026-01-23 19:19:11.000,_20260123_105610_CH02_TMO_5GNR_WFC_MT-DUT-2_TC-155.dml,,,,,,,,,,,,,,,,,,,,,,,,,,,,,594,,,On,Connected,-68.000000,5220,136,,,,IWLAN
1572,1,,,-121.9314830,47.5244923,2026-01-23 19:19:12.000,_20260123_105610_CH02_TMO_5GNR_WFC_MT-DUT-2_TC-155.dml,,,,,,,,,,,,,,,,,,,,,,,,,,,,,,,,On,Connected,-68.000000,5220,136,,,,IWLAN
1573,1,,,-121.9314830,47.5244923,2026-01-23 19:19:13.000,_20260123_105610_CH02_TMO_5GNR_WFC_MT-DUT-2_TC-155.dml,,,,,,,,,,,,,,,,,,,,,,,,,,,,,594,,,On,Connected,-68.000000,5220,136,,,,IWLAN
1574,1,,,-121.9314830,47.5244923,2026-01-23 19:19:14.000,_20260123_105610_CH02_TMO_5GNR_WFC_MT-DUT-2_TC-155.dml,,,,,,,,,,,,,,,,,,,,,,,,,,,,,,,,On,Connected,-68.000000,5220,136,,,,IWLAN
1575,1,,,-121.9314830,47.5244923,2026-01-23 19:19:15.000,_20260123_105610_CH02_TMO_5GNR_WFC_MT-DUT-2_TC-155.dml,,,,,,,,,,,,,,,,,,,,,,,,,,,,,594,,,On,Connected,-68.000000,5220,136,,,,IWLAN
1576,1,,,-121.9314830,47.5244923,2026-01-23 19:19:16.000,_20260123_105610_CH02_TMO_5GNR_WFC_MT-DUT-2_TC-155.dml,,,,,,,,,,,,,,,,,,,,,,,,,,,,,,,,On,Connected,-68.000000,5220,136,,,,IWLAN
1577,1,,,-121.9314830,47.5244923,2026-01-23 19:19:17.000,_20260123_105610_CH02_TMO_5GNR_WFC_MT-DUT-2_TC-155.dml,,,,,,,,,,,,,,,,,,,,,,,,,,,,,594,,,On,Connected,-68.000000,5220,136,,,,IWLAN
1578,1,,,-121.9314830,47.5244923,2026-01-23 19:19:18.000,_20260123_105610_CH02_TMO_5GNR_WFC_MT-DUT-2_TC-155.dml,,,,,,,,,,,,,,,,,,,,,,,,,,,,,,,,On,Connected,-68.000000,5220,136,,,,IWLAN
1579,1,,,-121.9314830,47.5244923,2026-01-23 19:19:19.000,_20260123_105610_CH02_TMO_5GNR_WFC_MT-DUT-2_TC-155.dml,,,,,,,,,,,,,,,,,,,,,,,,,,,,,594,,,On,Connected,-68.000000,5220,136,,,,IWLAN
1580,1,,,-121.9314830,47.5244923,2026-01-23 19:19:20.000,_20260123_105610_CH02_TMO_5GNR_WFC_MT-DUT-2_TC-155.dml,,,,,,,,,,,,,,,,,,,,,,,,,,,,,,,,On,Connected,-68.000000,5220,136,,,,IWLAN
1581,1,,,-121.9314830,47.5244923,2026-01-23 19:19:21.000,_20260123_105610_CH02_TMO_5GNR_WFC_MT-DUT-2_TC-155.dml,,,,,,,,,,,,,,,,,,,,,,,,,,,,,594,,,On,Connected,-68.000000,5220,136,,,,IWLAN
1582,1,,,-121.9314830,47.5244923,2026-01-23 19:19:22.000,_20260123_105610_CH02_TMO_5GNR_WFC_MT-DUT-2_TC-155.dml,,,,,,,,,,,,,,,,,,,,,,,,,,,,,594,,,,Connected,,,,,,,IWLAN
1583,1,,,-121.9314830,47.5244923,2026-01-23 19:19:23.000,_20260123_105610_CH02_TMO_5GNR_WFC_MT-DUT-2_TC-155.dml,,,,,,,,,,,,,,,,,,,,,,,,,,,,,594,,,On,Connected,-68.000000,5220,136,,,,IWLAN
1584,1,,,-121.9314830,47.5244923,2026-01-23 19:19:24.000,_20260123_105610_CH02_TMO_5GNR_WFC_MT-DUT-2_TC-155.dml,,,,,,,,,,,,,,,,,,,,,,,,,,,,,594,,,On,Connected,-68.000000,5220,136,,,,IWLAN
1585,1,,,-121.9314830,47.5244923,2026-01-23 19:19:25.000,_20260123_105610_CH02_TMO_5GNR_WFC_MT-DUT-2_TC-155.dml,,,,,,,,,,,,,,,,,,,,,,,,,,,,,594,,,On,Connected,-68.000000,5220,136,,,,IWLAN
1586,1,,,-121.9314830,47.5244923,2026-01-23 19:19:26.000,_20260123_105610_CH02_TMO_5GNR_WFC_MT-DUT-2_TC-155.dml,,,,,,,,,,,,,,,,,,,,,,,,,,,,,594,,,,Connected,,,,,,,IWLAN
1587,1,,,-121.9314830,47.5244923,2026-01-23 19:19:27.000,_20260123_105610_CH02_TMO_5GNR_WFC_MT-DUT-2_TC-155.dml,,,,,,,,,,,,,,,,,,,,,,,,,,,,,594,,,On,Connected,-68.000000,5220,136,,,,IWLAN
1588,1,,,-121.9314830,47.5244923,2026-01-23 19:19:28.000,_20260123_105610_CH02_TMO_5GNR_WFC_MT-DUT-2_TC-155.dml,,,,,,,,,,,,,,,,,,,,,,,,,,,,,594,,,,Connected,,,,,,,IWLAN
1589,1,,,-121.9314830,47.5244923,2026-01-23 19:19:29.000,_20260123_105610_CH02_TMO_5GNR_WFC_MT-DUT-2_TC-155.dml,,,,,,,,,,,,,,,,,,,,,,,,,,,,,594,,,On,Connected,-68.000000,5220,136,,,,IWLAN
1590,1,,,-121.9314830,47.5244923,2026-01-23 19:19:30.000,_20260123_105610_CH02_TMO_5GNR_WFC_MT-DUT-2_TC-155.dml,,,,,,,,,,,,,,,,,,,,,,,,,,,,,594,,,On,Connected,-68.000000,5220,136,,,,IWLAN
1591,1,,,-121.9314830,47.5244923,2026-01-23 19:19:31.000,_20260123_105610_CH02_TMO_5GNR_WFC_MT-DUT-2_TC-155.dml,,,,,,,,,,,,,,,,,,,,,,,,,,,,,594,,,On,Connected,-68.000000,5220,136,,,,IWLAN
1592,1,,,-121.9314830,47.5244923,2026-01-23 19:19:32.000,_20260123_105610_CH02_TMO_5GNR_WFC_MT-DUT-2_TC-155.dml,,,,,,,,,,,,,,,,,,,,,,,,,,,,,594,,,On,Connected,-68.000000,5220,136,,,,IWLAN
1593,1,,,-121.9314830,47.5244923,2026-01-23 19:19:33.000,_20260123_105610_CH02_TMO_5GNR_WFC_MT-DUT-2_TC-155.dml,,,,,,,,,,,,,,,,,,,,,,,,,,,,,594,,,On,Connected,-68.000000,5220,136,,,,IWLAN
1594,1,,,-121.9314830,47.5244923,2026-01-23 19:19:34.000,_20260123_105610_CH02_TMO_5GNR_WFC_MT-DUT-2_TC-155.dml,,,,,,,,,,,,,,,,,,,,,,,,,,,,,594,,,On,Connected,-68.000000,5220,204,,,,IWLAN
1595,1,,,-121.9314830,47.5244923,2026-01-23 19:19:35.000,_20260123_105610_CH02_TMO_5GNR_WFC_MT-DUT-2_TC-155.dml,,,,,,,,,,,,,,,,,,,,,,,,,,,,,594,,,,Connected,,,,,,,IWLAN
1596,1,,,-121.9314830,47.5244923,2026-01-23 19:19:36.000,_20260123_105610_CH02_TMO_5GNR_WFC_MT-DUT-2_TC-155.dml,,,,,,,,,,,,,,,,,,,,,,,,,,,,,594,,,On,Connected,-68.000000,5220,204,,,,IWLAN
1597,1,,,-121.9314830,47.5244923,2026-01-23 19:19:36.739,_20260123_105610_CH02_TMO_5GNR_WFC_MT-DUT-2_TC-155.dml,,,,,,,,,,,,,,,,,,,,,,,[Tool] Voice - Release Call Request,,,,,,,,,,,,,,,,,
1598,1,,,-121.9314830,47.5244923,2026-01-23 19:19:37.000,_20260123_105610_CH02_TMO_5GNR_WFC_MT-DUT-2_TC-155.dml,,,,,,,,,,,,,,,,,,,,,,,,,,,,,594,,,,Connected,,,,,,,IWLAN
1599,1,,,-121.9314830,47.5244923,2026-01-23 19:19:38.000,_20260123_105610_CH02_TMO_5GNR_WFC_MT-DUT-2_TC-155.dml,,,,,,,,,,,,,,,,,,,,,,,,,,,,,594,,,On,Connected,-67.000000,5220,204,,,,IWLAN
1600,1,,,-121.9314830,47.5244923,2026-01-23 19:19:39.255,_20260123_105610_CH02_TMO_5GNR_WFC_MT-DUT-2_TC-155.dml,,,,,,,,,,,,,,,,,,,,,,,[Tool] Voice - Call Scheduling End,,,,,,,,,,,,,,,,,
1601,1,,,-121.9314830,47.5244923,2026-01-23 19:19:39.255,_20260123_105610_CH02_TMO_5GNR_WFC_MT-DUT-2_TC-155.dml,NR SA,Voice,BQ,NR SA,NR SA,,,,,,,,,,,,BQ,Termination,BQ,,,,,,,,,90.484001,,,,,,,,,,EPSFB,,
1602,1,,,-121.9314830,47.5244923,2026-01-23 19:19:39.255,_20260123_105610_CH02_TMO_5GNR_WFC_MT-DUT-2_TC-155.dml,,,,,,,,,,,,,,,,,,,,,,,[Tool] Voice - Release Call Request,,,,,,,,,,,,,,,,,
1603,1,,,-121.9314830,47.5244923,2026-01-23 19:19:39.000,_20260123_105610_CH02_TMO_5GNR_WFC_MT-DUT-2_TC-155.dml,,,,,,,,,,,,,,,,,,,,,,,,,,,,,594,,,On,Connected,-67.000000,5220,204,,,,IWLAN
1604,1,,,-121.9314830,47.5244923,2026-01-23 19:19:39.755,_20260123_105610_CH02_TMO_5GNR_WFC_MT-DUT-2_TC-155.dml,,,,,,,,,,,,,,,,,,,,,,,[Tool] Voice - Call Scheduling Start(Term),,,,,,,,,,,,,,,,,
1605,1,,,-121.9314830,47.5244923,2026-01-23 19:19:39.755,_20260123_105610_CH02_TMO_5GNR_WFC_MT-DUT-2_TC-155.dml,,,,,,,,,,,,,,,,,,,,,,,[Tool] Voice - Wait Page,,,,,,,,,,,,,,,,,
1606,1,,,-121.9314830,47.5244923,2026-01-23 19:19:40.000,_20260123_105610_CH02_TMO_5GNR_WFC_MT-DUT-2_TC-155.dml,,,,,,,,,,,,,,,,,,,,,,,,,,,,,594,,,On,Connected,-68.000000,5220,136,,,,IWLAN
1607,1,,,-121.9314830,47.5244923,2026-01-23 19:19:41.000,_20260123_105610_CH02_TMO_5GNR_WFC_MT-DUT-2_TC-155.dml,,,,,,,,,,,,,,,,,,,,,,,,,,,,,594,,,On,Connected,-68.000000,5220,136,,,,IWLAN
1608,1,,,-121.9314830,47.5244923,2026-01-23 19:19:42.000,_20260123_105610_CH02_TMO_5GNR_WFC_MT-DUT-2_TC-155.dml,,,,,,,,,,,,,,,,,,,,,,,,,,,,,594,,,,Connected,,,,,,,IWLAN
1609,1,,,-121.9314830,47.5244923,2026-01-23 19:19:43.255,_20260123_105610_CH02_TMO_5GNR_WFC_MT-DUT-2_TC-155.dml,,,,,,,,,,,,,,,,,,,,,,,[Tool] Voice - Answer Request,,,,,,,,,,,,,,,,,
1610,1,,,-121.9314830,47.5244923,2026-01-23 19:19:43.000,_20260123_105610_CH02_TMO_5GNR_WFC_MT-DUT-2_TC-155.dml,,,,,,,,,,,,,,,,,,,,,,,,,,,,,594,,,On,Connected,-68.000000,5220,136,,,,IWLAN
1611,1,,,-121.9314830,47.5244923,2026-01-23 19:19:44.000,_20260123_105610_CH02_TMO_5GNR_WFC_MT-DUT-2_TC-155.dml,,,,,,,,,,,,,,,,,,,,,,,,,,,,,594,,,,Connected,,,,,,,IWLAN
1612,1,,,-121.9314830,47.5244923,2026-01-23 19:19:44.380,_20260123_105610_CH02_TMO_5GNR_WFC_MT-DUT-2_TC-155.dml,,,,,,,,,,,,,,,,,,,,,,,[Tool] Voice - Answer Request,,,,,,,,,,,,,,,,,
1613,1,,,-121.9314830,47.5244923,2026-01-23 19:19:45.000,_20260123_105610_CH02_TMO_5GNR_WFC_MT-DUT-2_TC-155.dml,,,,,,,,,,,,,,,,,,,,,,,,,,,,,594,,,On,Connected,-68.000000,5220,136,,,,IWLAN
1614,1,,,-121.9314830,47.5244923,2026-01-23 19:19:45.535,_20260123_105610_CH02_TMO_5GNR_WFC_MT-DUT-2_TC-155.dml,,,,,,,,,,,,,,,,,,,,,,,[UE]   Voice - Setup Success,,,,,,,,,,,,,,,,,
1615,1,,,-121.9314830,47.5244923,2026-01-23 19:19:46.000,_20260123_105610_CH02_TMO_5GNR_WFC_MT-DUT-2_TC-155.dml,,,,,,,,,,NR SA,,,,,,,,,,,,,,,,,,,594,,,On,Connected,-68.000000,5220,136,,,,IWLAN
1616,1,,,-121.9314830,47.5244923,2026-01-23 19:19:47.000,_20260123_105610_CH02_TMO_5GNR_WFC_MT-DUT-2_TC-155.dml,,,,,,,,,,NR SA,,,,,,,,,,,,,,,,,,,594,,,On,Connected,-68.000000,5220,136,,,,IWLAN
1617,1,,,-121.9314830,47.5244923,2026-01-23 19:19:48.000,_20260123_105610_CH02_TMO_5GNR_WFC_MT-DUT-2_TC-155.dml,,,,,,,,,,NR SA,,,,,,,,,,,,,,,,,,,594,,,On,Connected,-68.000000,5220,136,,,,IWLAN
1618,1,,,-121.9314830,47.5244923,2026-01-23 19:19:49.000,_20260123_105610_CH02_TMO_5GNR_WFC_MT-DUT-2_TC-155.dml,,,,,,,,,,NR SA,,,,,,,,,,,,,,,,,,,594,,,,Connected,,,,,,,IWLAN
1619,1,,,-121.9314830,47.5244923,2026-01-23 19:19:50.000,_20260123_105610_CH02_TMO_5GNR_WFC_MT-DUT-2_TC-155.dml,,,,,,,,,,NR SA,,,,,,,,,,,,,,,,,,,594,,,On,Connected,-68.000000,5220,136,,,,IWLAN
1620,1,,,-121.9314830,47.5244923,2026-01-23 19:19:51.000,_20260123_105610_CH02_TMO_5GNR_WFC_MT-DUT-2_TC-155.dml,,,,,,,,,,NR SA,,,,,,,,,,,,,,,,,,,594,,,,Connected,,,,,,,IWLAN
1621,1,,,-121.9314830,47.5244923,2026-01-23 19:19:52.000,_20260123_105610_CH02_TMO_5GNR_WFC_MT-DUT-2_TC-155.dml,,,,,,,,,,NR SA,,,,,,,,,,,,,,,,,,,594,,,On,Connected,-68.000000,5220,136,,,,IWLAN
1622,1,,,-121.9314830,47.5244923,2026-01-23 19:19:53.000,_20260123_105610_CH02_TMO_5GNR_WFC_MT-DUT-2_TC-155.dml,,,,,,,,,,NR SA,,,,,,,,,,,,,,,,,,,594,,,On,Connected,-68.000000,5220,136,,,,IWLAN
1623,1,,,-121.9314830,47.5244923,2026-01-23 19:19:54.000,_20260123_105610_CH02_TMO_5GNR_WFC_MT-DUT-2_TC-155.dml,,,,,,,,,,NR SA,,,,,,,,,,,,,,,,,,,594,,,On,Connected,-68.000000,5220,136,,,,IWLAN
1624,1,,,-121.9314830,47.5244923,2026-01-23 19:19:55.000,_20260123_105610_CH02_TMO_5GNR_WFC_MT-DUT-2_TC-155.dml,,,,,,,,,,NR SA,,,,,,,,,,,,,,,,,,,594,,,On,Connected,-68.000000,5220,136,,,,IWLAN
1625,1,,,-121.9314830,47.5244923,2026-01-23 19:19:56.000,_20260123_105610_CH02_TMO_5GNR_WFC_MT-DUT-2_TC-155.dml,,,,,,,,,,NR SA,,,,,,,,,,,,,,,,,,,594,,2.480144,,Connected,,,,,,,IWLAN
1626,1,,,-121.9314830,47.5244923,2026-01-23 19:19:57.000,_20260123_105610_CH02_TMO_5GNR_WFC_MT-DUT-2_TC-155.dml,,,,,,,,,,NR SA,,,,,,,,,,,,,,,,,,,594,,2.480144,On,Connected,-68.000000,5220,136,,,,IWLAN
1627,1,,,-121.9314830,47.5244923,2026-01-23 19:19:58.000,_20260123_105610_CH02_TMO_5GNR_WFC_MT-DUT-2_TC-155.dml,,,,,,,,,,NR SA,,,,,,,,,,,,,,,,,,,594,,2.480144,,Connected,,,,,,,IWLAN
1628,1,,,-121.9314830,47.5244923,2026-01-23 19:19:59.000,_20260123_105610_CH02_TMO_5GNR_WFC_MT-DUT-2_TC-155.dml,,,,,,,,,,NR SA,,,,,,,,,,,,,,,,,,,594,,2.480144,On,Connected,-68.000000,5220,136,,,,IWLAN
1629,1,,,-121.9314830,47.5244923,2026-01-23 19:20:00.000,_20260123_105610_CH02_TMO_5GNR_WFC_MT-DUT-2_TC-155.dml,,,,,,,,,,NR SA,,,,,,,,,,,,,,,,,,,594,,2.480144,,Connected,,,,,,,IWLAN
1630,1,,,-121.9314830,47.5244923,2026-01-23 19:20:01.000,_20260123_105610_CH02_TMO_5GNR_WFC_MT-DUT-2_TC-155.dml,,,,,,,,,,NR SA,,,,,,,,,,,,,,,,,,,594,,2.480144,On,Connected,-68.000000,5220,136,,,,IWLAN
1631,1,,,-121.9314830,47.5244923,2026-01-23 19:20:02.000,_20260123_105610_CH02_TMO_5GNR_WFC_MT-DUT-2_TC-155.dml,,,,,,,,,,NR SA,,,,,,,,,,,,,,,,,,,594,,2.480144,On,Connected,-68.000000,5220,136,,,,IWLAN
1632,1,,,-121.9314830,47.5244923,2026-01-23 19:20:03.000,_20260123_105610_CH02_TMO_5GNR_WFC_MT-DUT-2_TC-155.dml,,,,,,,,,,NR SA,,,,,,,,,,,,,,,,,,,594,,2.480144,,Connected,,,,,,,IWLAN
1633,1,,,-121.9314830,47.5244923,2026-01-23 19:20:04.000,_20260123_105610_CH02_TMO_5GNR_WFC_MT-DUT-2_TC-155.dml,,,,,,,,,,NR SA,,,,,,,,,,,,,,,,,,,594,,2.480144,On,Connected,-68.000000,5220,136,,,,IWLAN
1634,1,,,-121.9314830,47.5244923,2026-01-23 19:20:05.000,_20260123_105610_CH02_TMO_5GNR_WFC_MT-DUT-2_TC-155.dml,,,,,,,,,,NR SA,,,,,,,,,,,,,,,,,,,594,,2.480144,,Connected,,,,,,,IWLAN
1635,1,,,-121.9314830,47.5244923,2026-01-23 19:20:06.099,_20260123_105610_CH02_TMO_5GNR_WFC_MT-DUT-2_TC-155.dml,,,,,,,,,,,,,,,,,,,,,,,,,,,,,,-77.915682,,,,,,,,,,
1636,1,,,-121.9314830,47.5244923,2026-01-23 19:20:06.000,_20260123_105610_CH02_TMO_5GNR_WFC_MT-DUT-2_TC-155.dml,,,,,,,,,,NR SA,,,,,,,,,,,,,,,,,,,594,,,On,Connected,-68.000000,5220,136,,,,IWLAN
1637,1,,,-121.9314830,47.5244923,2026-01-23 19:20:07.000,_20260123_105610_CH02_TMO_5GNR_WFC_MT-DUT-2_TC-155.dml,,,,,,,,,,NR SA,,,,,,,,,,,,,,,,,,,594,,,,Connected,,,,,,,IWLAN
1638,1,,,-121.9314830,47.5244923,2026-01-23 19:20:08.000,_20260123_105610_CH02_TMO_5GNR_WFC_MT-DUT-2_TC-155.dml,,,,,,,,,,NR SA,,,,,,,,,,,,,,,,,,,594,,,On,Connected,-68.000000,5220,136,,,,IWLAN
1639,1,,,-121.9314830,47.5244923,2026-01-23 19:20:09.000,_20260123_105610_CH02_TMO_5GNR_WFC_MT-DUT-2_TC-155.dml,,,,,,,,,,NR SA,,,,,,,,,,,,,,,,,,,594,,,On,Connected,-68.000000,5220,136,,,,IWLAN
1640,1,,,-121.9314830,47.5244923,2026-01-23 19:20:10.000,_20260123_105610_CH02_TMO_5GNR_WFC_MT-DUT-2_TC-155.dml,,,,,,,,,,NR SA,,,,,,,,,,,,,,,,,,,594,,,On,Connected,-68.000000,5220,136,,,,IWLAN
1641,1,,,-121.9314830,47.5244923,2026-01-23 19:20:11.000,_20260123_105610_CH02_TMO_5GNR_WFC_MT-DUT-2_TC-155.dml,,,,,,,,,,NR SA,,,,,,,,,,,,,,,,,,,594,,,On,Connected,-68.000000,5220,136,,,,IWLAN
1642,1,,,-121.9314830,47.5244923,2026-01-23 19:20:12.000,_20260123_105610_CH02_TMO_5GNR_WFC_MT-DUT-2_TC-155.dml,,,,,,,,,,NR SA,,,,,,,,,,,,,,,,,,,594,,,,Connected,,,,,,,IWLAN
1643,1,,,-121.9314830,47.5244923,2026-01-23 19:20:13.000,_20260123_105610_CH02_TMO_5GNR_WFC_MT-DUT-2_TC-155.dml,,,,,,,,,,NR SA,,,,,,,,,,,,,,,,,,,594,,,On,Connected,-68.000000,5220,136,,,,IWLAN
1644,1,,,-121.9314830,47.5244923,2026-01-23 19:20:14.000,_20260123_105610_CH02_TMO_5GNR_WFC_MT-DUT-2_TC-155.dml,,,,,,,,,,NR SA,,,,,,,,,,,,,,,,,,,594,,,,Connected,,,,,,,IWLAN
1645,1,,,-121.9314830,47.5244923,2026-01-23 19:20:15.000,_20260123_105610_CH02_TMO_5GNR_WFC_MT-DUT-2_TC-155.dml,,,,,,,,,,NR SA,,,,,,,,,,,,,,,,,,,594,,,On,Connected,-68.000000,5220,136,,,,IWLAN
1646,1,,,-121.9314830,47.5244923,2026-01-23 19:20:16.000,_20260123_105610_CH02_TMO_5GNR_WFC_MT-DUT-2_TC-155.dml,,,,,,,,,,NR SA,,,,,,,,,,,,,,,,,,,594,,1.934700,On,Connected,-68.000000,5220,136,,,,IWLAN
1647,1,,,-121.9314830,47.5244923,2026-01-23 19:20:17.000,_20260123_105610_CH02_TMO_5GNR_WFC_MT-DUT-2_TC-155.dml,,,,,,,,,,NR SA,,,,,,,,,,,,,,,,,,,594,,1.934700,On,Connected,-68.000000,5220,136,,,,IWLAN
1648,1,,,-121.9314830,47.5244923,2026-01-23 19:20:18.000,_20260123_105610_CH02_TMO_5GNR_WFC_MT-DUT-2_TC-155.dml,,,,,,,,,,NR SA,,,,,,,,,,,,,,,,,,,594,,1.934700,On,Connected,-68.000000,5220,136,,,,IWLAN
1649,1,,,-121.9314830,47.5244923,2026-01-23 19:20:19.000,_20260123_105610_CH02_TMO_5GNR_WFC_MT-DUT-2_TC-155.dml,,,,,,,,,,NR SA,,,,,,,,,,,,,,,,,,,594,,1.934700,,Connected,,,,,,,IWLAN
1650,1,,,-121.9314830,47.5244923,2026-01-23 19:20:20.000,_20260123_105610_CH02_TMO_5GNR_WFC_MT-DUT-2_TC-155.dml,,,,,,,,,,NR SA,,,,,,,,,,,,,,,,,,,594,,1.934700,On,Connected,-68.000000,5220,136,,,,IWLAN
1651,1,,,-121.9314830,47.5244923,2026-01-23 19:20:21.000,_20260123_105610_CH02_TMO_5GNR_WFC_MT-DUT-2_TC-155.dml,,,,,,,,,,NR SA,,,,,,,,,,,,,,,,,,,594,,1.934700,,Connected,,,,,,,IWLAN
1652,1,,,-121.9314830,47.5244923,2026-01-23 19:20:22.000,_20260123_105610_CH02_TMO_5GNR_WFC_MT-DUT-2_TC-155.dml,,,,,,,,,,NR SA,,,,,,,,,,,,,,,,,,,594,,1.934700,On,Connected,-68.000000,5220,136,,,,IWLAN
1653,1,,,-121.9314830,47.5244923,2026-01-23 19:20:23.000,_20260123_105610_CH02_TMO_5GNR_WFC_MT-DUT-2_TC-155.dml,,,,,,,,,,NR SA,,,,,,,,,,,,,,,,,,,,,1.934700,,Connected,,,,,,,IWLAN
1654,1,,,-121.9314830,47.5244923,2026-01-23 19:20:24.000,_20260123_105610_CH02_TMO_5GNR_WFC_MT-DUT-2_TC-155.dml,,,,,,,,,,NR SA,,,,,,,,,,,,,,,,,,,594,,1.934700,On,Connected,-68.000000,5220,136,,,,IWLAN
1655,1,,,-121.9314830,47.5244923,2026-01-23 19:20:25.000,_20260123_105610_CH02_TMO_5GNR_WFC_MT-DUT-2_TC-155.dml,,,,,,,,,,NR SA,,,,,,,,,,,,,,,,,,,594,,1.934700,On,Connected,-68.000000,5220,136,,,,IWLAN
1656,1,,,-121.9314830,47.5244923,2026-01-23 19:20:26.114,_20260123_105610_CH02_TMO_5GNR_WFC_MT-DUT-2_TC-155.dml,,,,,,,,,,,,,,,,,,,,,,,,,,,,,,-75.943871,,,,,,,,,,
1657,1,,,-121.9314830,47.5244923,2026-01-23 19:20:26.000,_20260123_105610_CH02_TMO_5GNR_WFC_MT-DUT-2_TC-155.dml,,,,,,,,,,NR SA,,,,,,,,,,,,,,,,,,,,,,,Connected,,,,,,,IWLAN
1658,1,,,-121.9314830,47.5244923,2026-01-23 19:20:27.000,_20260123_105610_CH02_TMO_5GNR_WFC_MT-DUT-2_TC-155.dml,,,,,,,,,,NR SA,,,,,,,,,,,,,,,,,,,594,,,On,Connected,-68.000000,5220,136,,,,IWLAN
1659,1,,,-121.9314830,47.5244923,2026-01-23 19:20:28.000,_20260123_105610_CH02_TMO_5GNR_WFC_MT-DUT-2_TC-155.dml,,,,,,,,,,NR SA,,,,,,,,,,,,,,,,,,,,,,,Connected,,,,,,,IWLAN
1660,1,,,-121.9314830,47.5244923,2026-01-23 19:20:29.000,_20260123_105610_CH02_TMO_5GNR_WFC_MT-DUT-2_TC-155.dml,,,,,,,,,,NR SA,,,,,,,,,,,,,,,,,,,594,,,On,Connected,-68.000000,5220,136,,,,IWLAN
1661,1,,,-121.9314830,47.5244923,2026-01-23 19:20:30.000,_20260123_105610_CH02_TMO_5GNR_WFC_MT-DUT-2_TC-155.dml,,,,,,,,,,NR SA,,,,,,,,,,,,,,,,,,,,,,,Connected,,,,,,,IWLAN
1662,1,,,-121.9314830,47.5244923,2026-01-23 19:20:31.000,_20260123_105610_CH02_TMO_5GNR_WFC_MT-DUT-2_TC-155.dml,,,,,,,,,,NR SA,,,,,,,,,,,,,,,,,,,594,,,On,Connected,-68.000000,5220,136,,,,IWLAN
1663,1,,,-121.9314830,47.5244923,2026-01-23 19:20:32.000,_20260123_105610_CH02_TMO_5GNR_WFC_MT-DUT-2_TC-155.dml,,,,,,,,,,NR SA,,,,,,,,,,,,,,,,,,,,,,On,Connected,-68.000000,5220,136,,,,IWLAN
1664,1,,,-121.9314830,47.5244923,2026-01-23 19:20:33.000,_20260123_105610_CH02_TMO_5GNR_WFC_MT-DUT-2_TC-155.dml,,,,,,,,,,NR SA,,,,,,,,,,,,,,,,,,,594,,,On,Connected,-68.000000,5220,136,,,,IWLAN
1665,1,,,-121.9314830,47.5244923,2026-01-23 19:20:34.000,_20260123_105610_CH02_TMO_5GNR_WFC_MT-DUT-2_TC-155.dml,,,,,,,,,,NR SA,,,,,,,,,,,,,,,,,,,,,,On,Connected,-68.000000,5220,136,,,,IWLAN
1666,1,,,-121.9314830,47.5244923,2026-01-23 19:20:35.000,_20260123_105610_CH02_TMO_5GNR_WFC_MT-DUT-2_TC-155.dml,,,,,,,,,,NR SA,,,,,,,,,,,,,,,,,,,594,,,,Connected,,,,,,,IWLAN
1667,1,,,-121.9314830,47.5244923,2026-01-23 19:20:36.000,_20260123_105610_CH02_TMO_5GNR_WFC_MT-DUT-2_TC-155.dml,,,,,,,,,,NR SA,,,,,,,,,,,,,,,,,,,,,2.424853,On,Connected,-68.000000,5220,136,,,,IWLAN
1668,1,,,-121.9314830,47.5244923,2026-01-23 19:20:37.000,_20260123_105610_CH02_TMO_5GNR_WFC_MT-DUT-2_TC-155.dml,,,,,,,,,,NR SA,,,,,,,,,,,,,,,,,,,594,,2.424853,On,Connected,-68.000000,5220,136,,,,IWLAN
1669,1,,,-121.9314830,47.5244923,2026-01-23 19:20:38.000,_20260123_105610_CH02_TMO_5GNR_WFC_MT-DUT-2_TC-155.dml,,,,,,,,,,NR SA,,,,,,,,,,,,,,,,,,,,,2.424853,On,Connected,-68.000000,5220,136,,,,IWLAN
1670,1,,,-121.9314830,47.5244923,2026-01-23 19:20:39.000,_20260123_105610_CH02_TMO_5GNR_WFC_MT-DUT-2_TC-155.dml,,,,,,,,,,NR SA,,,,,,,,,,,,,,,,,,,594,,2.424853,,Connected,,,,,,,IWLAN
1671,1,,,-121.9314830,47.5244923,2026-01-23 19:20:40.000,_20260123_105610_CH02_TMO_5GNR_WFC_MT-DUT-2_TC-155.dml,,,,,,,,,,NR SA,,,,,,,,,,,,,,,,,,,,,2.424853,On,Connected,-68.000000,5220,136,,,,IWLAN
1672,1,,,-121.9314830,47.5244923,2026-01-23 19:20:41.000,_20260123_105610_CH02_TMO_5GNR_WFC_MT-DUT-2_TC-155.dml,,,,,,,,,,NR SA,,,,,,,,,,,,,,,,,,,594,,2.424853,On,Connected,-68.000000,5220,136,,,,IWLAN
1673,1,,,-121.9314830,47.5244923,2026-01-23 19:20:42.000,_20260123_105610_CH02_TMO_5GNR_WFC_MT-DUT-2_TC-155.dml,,,,,,,,,,NR SA,,,,,,,,,,,,,,,,,,,,,2.424853,,Connected,,,,,,,IWLAN
1674,1,,,-121.9314830,47.5244923,2026-01-23 19:20:43.000,_20260123_105610_CH02_TMO_5GNR_WFC_MT-DUT-2_TC-155.dml,,,,,,,,,,NR SA,,,,,,,,,,,,,,,,,,,594,,2.424853,On,Connected,-68.000000,5220,136,,,,IWLAN
1675,1,,,-121.9314830,47.5244923,2026-01-23 19:20:44.000,_20260123_105610_CH02_TMO_5GNR_WFC_MT-DUT-2_TC-155.dml,,,,,,,,,,NR SA,,,,,,,,,,,,,,,,,,,,,2.424853,,Connected,,,,,,,IWLAN
1676,1,,,-121.9314830,47.5244923,2026-01-23 19:20:45.000,_20260123_105610_CH02_TMO_5GNR_WFC_MT-DUT-2_TC-155.dml,,,,,,,,,,NR SA,,,,,,,,,,,,,,,,,,,594,,2.424853,On,Connected,-68.000000,5220,136,,,,IWLAN
1677,1,,,-121.9314830,47.5244923,2026-01-23 19:20:46.067,_20260123_105610_CH02_TMO_5GNR_WFC_MT-DUT-2_TC-155.dml,,,,,,,,,,,,,,,,,,,,,,,,,,,,,,-79.846000,,,,,,,,,,
1678,1,,,-121.9314830,47.5244923,2026-01-23 19:20:46.000,_20260123_105610_CH02_TMO_5GNR_WFC_MT-DUT-2_TC-155.dml,,,,,,,,,,NR SA,,,,,,,,,,,,,,,,,,,,,,On,Connected,-68.000000,5220,136,,,,IWLAN
1679,1,,,-121.9314830,47.5244923,2026-01-23 19:20:47.000,_20260123_105610_CH02_TMO_5GNR_WFC_MT-DUT-2_TC-155.dml,,,,,,,,,,NR SA,,,,,,,,,,,,,,,,,,,594,,,On,Connected,-68.000000,5220,136,,,,IWLAN
1680,1,,,-121.9314830,47.5244923,2026-01-23 19:20:48.000,_20260123_105610_CH02_TMO_5GNR_WFC_MT-DUT-2_TC-155.dml,,,,,,,,,,NR SA,,,,,,,,,,,,,,,,,,,,,,On,Connected,-68.000000,5220,136,,,,IWLAN
1681,1,,,-121.9314830,47.5244923,2026-01-23 19:20:49.000,_20260123_105610_CH02_TMO_5GNR_WFC_MT-DUT-2_TC-155.dml,,,,,,,,,,NR SA,,,,,,,,,,,,,,,,,,,594,,,On,Connected,-68.000000,5220,136,,,,IWLAN
1682,1,,,-121.9314830,47.5244923,2026-01-23 19:20:50.000,_20260123_105610_CH02_TMO_5GNR_WFC_MT-DUT-2_TC-155.dml,,,,,,,,,,NR SA,,,,,,,,,,,,,,,,,,,594,,,On,Connected,-68.000000,5220,136,,,,IWLAN
1683,1,,,-121.9314830,47.5244923,2026-01-23 19:20:51.000,_20260123_105610_CH02_TMO_5GNR_WFC_MT-DUT-2_TC-155.dml,,,,,,,,,,NR SA,,,,,,,,,,,,,,,,,,,,,,,Connected,,,,,,,IWLAN
1684,1,,,-121.9314830,47.5244923,2026-01-23 19:20:52.000,_20260123_105610_CH02_TMO_5GNR_WFC_MT-DUT-2_TC-155.dml,,,,,,,,,,NR SA,,,,,,,,,,,,,,,,,,,594,,,On,Connected,-68.000000,5220,136,,,,IWLAN
1685,1,,,-121.9314830,47.5244923,2026-01-23 19:20:53.000,_20260123_105610_CH02_TMO_5GNR_WFC_MT-DUT-2_TC-155.dml,,,,,,,,,,NR SA,,,,,,,,,,,,,,,,,,,,,,On,Connected,-68.000000,5220,136,,,,IWLAN
1686,1,,,-121.9314830,47.5244923,2026-01-23 19:20:54.000,_20260123_105610_CH02_TMO_5GNR_WFC_MT-DUT-2_TC-155.dml,,,,,,,,,,NR SA,,,,,,,,,,,,,,,,,,,594,,,On,Connected,-68.000000,5220,136,,,,IWLAN
1687,1,,,-121.9314830,47.5244923,2026-01-23 19:20:55.000,_20260123_105610_CH02_TMO_5GNR_WFC_MT-DUT-2_TC-155.dml,,,,,,,,,,NR SA,,,,,,,,,,,,,,,,,,,,,,,Connected,,,,,,,IWLAN
1688,1,,,-121.9314830,47.5244923,2026-01-23 19:20:56.000,_20260123_105610_CH02_TMO_5GNR_WFC_MT-DUT-2_TC-155.dml,,,,,,,,,,NR SA,,,,,,,,,,,,,,,,,,,594,,1.771154,On,Connected,-68.000000,5220,136,,,,IWLAN
1689,1,,,-121.9314830,47.5244923,2026-01-23 19:20:57.000,_20260123_105610_CH02_TMO_5GNR_WFC_MT-DUT-2_TC-155.dml,,,,,,,,,,NR SA,,,,,,,,,,,,,,,,,,,,,1.771154,On,Connected,-68.000000,5220,136,,,,IWLAN
1690,1,,,-121.9314830,47.5244923,2026-01-23 19:20:58.000,_20260123_105610_CH02_TMO_5GNR_WFC_MT-DUT-2_TC-155.dml,,,,,,,,,,NR SA,,,,,,,,,,,,,,,,,,,594,,1.771154,,Connected,,,,,,,IWLAN
1691,1,,,-121.9314830,47.5244923,2026-01-23 19:20:59.000,_20260123_105610_CH02_TMO_5GNR_WFC_MT-DUT-2_TC-155.dml,,,,,,,,,,NR SA,,,,,,,,,,,,,,,,,,,,,1.771154,On,Connected,-68.000000,5220,136,,,,IWLAN
1692,1,,,-121.9314830,47.5244923,2026-01-23 19:21:00.000,_20260123_105610_CH02_TMO_5GNR_WFC_MT-DUT-2_TC-155.dml,,,,,,,,,,NR SA,,,,,,,,,,,,,,,,,,,594,,1.771154,On,Connected,-68.000000,5220,136,,,,IWLAN
1693,1,,,-121.9314830,47.5244923,2026-01-23 19:21:01.000,_20260123_105610_CH02_TMO_5GNR_WFC_MT-DUT-2_TC-155.dml,,,,,,,,,,NR SA,,,,,,,,,,,,,,,,,,,,,1.771154,On,Connected,-68.000000,5220,136,,,,IWLAN
1694,1,,,-121.9314830,47.5244923,2026-01-23 19:21:02.000,_20260123_105610_CH02_TMO_5GNR_WFC_MT-DUT-2_TC-155.dml,,,,,,,,,,NR SA,,,,,,,,,,,,,,,,,,,594,,1.771154,On,Connected,-68.000000,5220,136,,,,IWLAN
1695,1,,,-121.9314830,47.5244923,2026-01-23 19:21:03.000,_20260123_105610_CH02_TMO_5GNR_WFC_MT-DUT-2_TC-155.dml,,,,,,,,,,NR SA,,,,,,,,,,,,,,,,,,,,,1.771154,On,Connected,-68.000000,5220,136,,,,IWLAN
1696,1,,,-121.9314830,47.5244923,2026-01-23 19:21:04.000,_20260123_105610_CH02_TMO_5GNR_WFC_MT-DUT-2_TC-155.dml,,,,,,,,,,NR SA,,,,,,,,,,,,,,,,,,,594,,1.771154,On,Connected,-68.000000,5220,136,,,,IWLAN
1697,1,,,-121.9314830,47.5244923,2026-01-23 19:21:05.000,_20260123_105610_CH02_TMO_5GNR_WFC_MT-DUT-2_TC-155.dml,,,,,,,,,,NR SA,,,,,,,,,,,,,,,,,,,,,1.771154,On,Connected,-68.000000,5220,136,,,,IWLAN
1698,1,,,-121.9314830,47.5244923,2026-01-23 19:21:06.000,_20260123_105610_CH02_TMO_5GNR_WFC_MT-DUT-2_TC-155.dml,,,,,,,,,,NR SA,,,,,,,,,,,,,,,,,,,594,,,On,Connected,-68.000000,5220,136,,,,IWLAN
1699,1,,,-121.9314830,47.5244923,2026-01-23 19:21:07.020,_20260123_105610_CH02_TMO_5GNR_WFC_MT-DUT-2_TC-155.dml,,,,,,,,,,,,,,,,,,,,,,,,,,,,,,-82.560000,,,,,,,,,,
1700,1,,,-121.9314830,47.5244923,2026-01-23 19:21:07.000,_20260123_105610_CH02_TMO_5GNR_WFC_MT-DUT-2_TC-155.dml,,,,,,,,,,NR SA,,,,,,,,,,,,,,,,,,,,,,,Connected,,,,,,,IWLAN
1701,1,,,-121.9314830,47.5244923,2026-01-23 19:21:08.000,_20260123_105610_CH02_TMO_5GNR_WFC_MT-DUT-2_TC-155.dml,,,,,,,,,,NR SA,,,,,,,,,,,,,,,,,,,594,,,On,Connected,-68.000000,5220,136,,,,IWLAN
1702,1,,,-121.9314830,47.5244923,2026-01-23 19:21:09.000,_20260123_105610_CH02_TMO_5GNR_WFC_MT-DUT-2_TC-155.dml,,,,,,,,,,NR SA,,,,,,,,,,,,,,,,,,,,,,On,Connected,-68.000000,5220,136,,,,IWLAN
1703,1,,,-121.9314830,47.5244923,2026-01-23 19:21:10.000,_20260123_105610_CH02_TMO_5GNR_WFC_MT-DUT-2_TC-155.dml,,,,,,,,,,NR SA,,,,,,,,,,,,,,,,,,,594,,,On,Connected,-68.000000,5220,136,,,,IWLAN
1704,1,,,-121.9314830,47.5244923,2026-01-23 19:21:11.000,_20260123_105610_CH02_TMO_5GNR_WFC_MT-DUT-2_TC-155.dml,,,,,,,,,,NR SA,,,,,,,,,,,,,,,,,,,,,,On,Connected,-68.000000,5220,136,,,,IWLAN
1705,1,,,-121.9314830,47.5244923,2026-01-23 19:21:12.000,_20260123_105610_CH02_TMO_5GNR_WFC_MT-DUT-2_TC-155.dml,,,,,,,,,,NR SA,,,,,,,,,,,,,,,,,,,594,,,On,Connected,-68.000000,5220,136,,,,IWLAN
1706,1,,,-121.9314830,47.5244923,2026-01-23 19:21:13.000,_20260123_105610_CH02_TMO_5GNR_WFC_MT-DUT-2_TC-155.dml,,,,,,,,,,NR SA,,,,,,,,,,,,,,,,,,,,,,On,Connected,-68.000000,5220,136,,,,IWLAN
1707,1,,,-121.9314830,47.5244923,2026-01-23 19:21:14.000,_20260123_105610_CH02_TMO_5GNR_WFC_MT-DUT-2_TC-155.dml,,,,,,,,,,NR SA,,,,,,,,,,,,,,,,,,,594,,,On,Connected,-68.000000,5220,136,,,,IWLAN
1708,1,,,-121.9314830,47.5244923,2026-01-23 19:21:15.000,_20260123_105610_CH02_TMO_5GNR_WFC_MT-DUT-2_TC-155.dml,,,,,,,,,,NR SA,,,,,,,,,,,,,,,,,,,594,,,On,Connected,-68.000000,5220,136,,,,IWLAN
1709,1,,,-121.9314830,47.5244923,2026-01-23 19:21:15.568,_20260123_105610_CH02_TMO_5GNR_WFC_MT-DUT-2_TC-155.dml,,,,,,,,,,,,,,,,,,,,,,,[Tool] Voice - Pair Channel Call Drop,,,,,,,,,,,,,,,,,
1710,1,,,-121.9314830,47.5244923,2026-01-23 19:21:15.568,_20260123_105610_CH02_TMO_5GNR_WFC_MT-DUT-2_TC-155.dml,,,,,,,,,,,,,,,,,,,,,,,[Tool] Voice - Release Call Request,,,,,,,,,,,,,,,,,
1711,1,,,-121.9314830,47.5244923,2026-01-23 19:21:16.067,_20260123_105610_CH02_TMO_5GNR_WFC_MT-DUT-2_TC-155.dml,,,,,,,,,,,,,,,,,,,,,,BQ,[Tool] Voice - Call Result : BQ,,,,,,,,,,,,,,,,,
1712,1,,,-121.9314830,47.5244923,2026-01-23 19:21:16.067,_20260123_105610_CH02_TMO_5GNR_WFC_MT-DUT-2_TC-155.dml,,,,,,,,,,,,,,,,,,,,,,,[UE]   Voice - Release Call Success,,,,,,,,,,,,,,,,,
1713,1,,,-121.9314830,47.5244923,2026-01-23 19:21:16.000,_20260123_105610_CH02_TMO_5GNR_WFC_MT-DUT-2_TC-155.dml,,,,,,,,,,,,,,,,,,,,,,,,,,,,,,,,On,Connected,-68.000000,5220,136,,,,IWLAN
1714,1,,,-121.9314830,47.5244923,2026-01-23 19:21:16.974,_20260123_105610_CH02_TMO_5GNR_WFC_MT-DUT-2_TC-155.dml,,,,,,,,,,,,,,,,,,,,,,,[UE]   Voice - Release Call Success,,,,,,,,,,,,,,,,,
1715,1,,,-121.9314830,47.5244923,2026-01-23 19:21:17.000,_20260123_105610_CH02_TMO_5GNR_WFC_MT-DUT-2_TC-155.dml,,,,,,,,,,,,,,,,,,,,,,,,,,,,,594,,,On,Connected,-69.000000,5220,136,,,,IWLAN
1716,1,,,-121.9314830,47.5244923,2026-01-23 19:21:18.000,_20260123_105610_CH02_TMO_5GNR_WFC_MT-DUT-2_TC-155.dml,,,,,,,,,,,,,,,,,,,,,,,,,,,,,,,,On,Connected,-69.000000,5220,136,,,,IWLAN
1717,1,,,-121.9314830,47.5244923,2026-01-23 19:21:19.000,_20260123_105610_CH02_TMO_5GNR_WFC_MT-DUT-2_TC-155.dml,,,,,,,,,,,,,,,,,,,,,,,,,,,,,594,,,On,Connected,-69.000000,5220,136,,,,IWLAN
1718,1,,,-121.9314830,47.5244923,2026-01-23 19:21:20.000,_20260123_105610_CH02_TMO_5GNR_WFC_MT-DUT-2_TC-155.dml,,,,,,,,,,,,,,,,,,,,,,,,,,,,,,,,On,Connected,-69.000000,5220,204,,,,IWLAN
1719,1,,,-121.9314830,47.5244923,2026-01-23 19:21:21.000,_20260123_105610_CH02_TMO_5GNR_WFC_MT-DUT-2_TC-155.dml,,,,,,,,,,,,,,,,,,,,,,,,,,,,,594,,,On,Connected,-69.000000,5220,204,,,,IWLAN
1720,1,,,-121.9314830,47.5244923,2026-01-23 19:21:22.000,_20260123_105610_CH02_TMO_5GNR_WFC_MT-DUT-2_TC-155.dml,,,,,,,,,,,,,,,,,,,,,,,,,,,,,,,,On,Connected,-69.000000,5220,204,,,,IWLAN
1721,1,,,-121.9314830,47.5244923,2026-01-23 19:21:23.000,_20260123_105610_CH02_TMO_5GNR_WFC_MT-DUT-2_TC-155.dml,,,,,,,,,,,,,,,,,,,,,,,,,,,,,594,,,On,Connected,-68.000000,5220,204,,,,IWLAN
1722,1,,,-121.9314830,47.5244923,2026-01-23 19:21:24.000,_20260123_105610_CH02_TMO_5GNR_WFC_MT-DUT-2_TC-155.dml,,,,,,,,,,,,,,,,,,,,,,,,,,,,,,,,On,Connected,-68.000000,5220,204,,,,IWLAN
1723,1,,,-121.9314830,47.5244923,2026-01-23 19:21:25.000,_20260123_105610_CH02_TMO_5GNR_WFC_MT-DUT-2_TC-155.dml,,,,,,,,,,,,,,,,,,,,,,,,,,,,,594,,,On,Connected,-68.000000,5220,204,,,,IWLAN
1724,1,,,-121.9314830,47.5244923,2026-01-23 19:21:26.000,_20260123_105610_CH02_TMO_5GNR_WFC_MT-DUT-2_TC-155.dml,,,,,,,,,,,,,,,,,,,,,,,,,,,,,,,,On,Connected,-68.000000,5220,136,,,,IWLAN
1725,1,,,-121.9314830,47.5244923,2026-01-23 19:21:27.000,_20260123_105610_CH02_TMO_5GNR_WFC_MT-DUT-2_TC-155.dml,,,,,,,,,,,,,,,,,,,,,,,,,,,,,594,,,On,Connected,-68.000000,5220,136,,,,IWLAN
1726,1,,,-121.9314830,47.5244923,2026-01-23 19:21:28.000,_20260123_105610_CH02_TMO_5GNR_WFC_MT-DUT-2_TC-155.dml,,,,,,,,,,,,,,,,,,,,,,,,,,,,,,,,On,Connected,-68.000000,5220,136,,,,IWLAN
1727,1,,,-121.9314830,47.5244923,2026-01-23 19:21:29.000,_20260123_105610_CH02_TMO_5GNR_WFC_MT-DUT-2_TC-155.dml,,,,,,,,,,,,,,,,,,,,,,,,,,,,,594,,,On,Connected,-67.000000,5220,136,,,,IWLAN
1728,1,,,-121.9314830,47.5244923,2026-01-23 19:21:30.000,_20260123_105610_CH02_TMO_5GNR_WFC_MT-DUT-2_TC-155.dml,,,,,,,,,,,,,,,,,,,,,,,,,,,,,,,,On,Connected,-67.000000,5220,136,,,,IWLAN
1729,1,,,-121.9314830,47.5244923,2026-01-23 19:21:31.000,_20260123_105610_CH02_TMO_5GNR_WFC_MT-DUT-2_TC-155.dml,,,,,,,,,,,,,,,,,,,,,,,,,,,,,594,,,On,Connected,-67.000000,5220,136,,,,IWLAN
1730,1,,,-121.9314830,47.5244923,2026-01-23 19:21:32.000,_20260123_105610_CH02_TMO_5GNR_WFC_MT-DUT-2_TC-155.dml,,,,,,,,,,,,,,,,,,,,,,,,,,,,,594,,,On,Connected,-68.000000,5220,136,,,,IWLAN
1731,1,,,-121.9314830,47.5244923,2026-01-23 19:21:33.000,_20260123_105610_CH02_TMO_5GNR_WFC_MT-DUT-2_TC-155.dml,,,,,,,,,,,,,,,,,,,,,,,,,,,,,594,,,On,Connected,-68.000000,5220,136,,,,IWLAN
1732,1,,,-121.9314830,47.5244923,2026-01-23 19:21:34.000,_20260123_105610_CH02_TMO_5GNR_WFC_MT-DUT-2_TC-155.dml,,,,,,,,,,,,,,,,,,,,,,,,,,,,,594,,,On,Connected,-68.000000,5220,136,,,,IWLAN
1733,1,,,-121.9314830,47.5244923,2026-01-23 19:21:35.000,_20260123_105610_CH02_TMO_5GNR_WFC_MT-DUT-2_TC-155.dml,,,,,,,,,,,,,,,,,,,,,,,,,,,,,594,,,On,Connected,-68.000000,5220,136,,,,IWLAN
1734,1,,,-121.9314830,47.5244923,2026-01-23 19:21:36.000,_20260123_105610_CH02_TMO_5GNR_WFC_MT-DUT-2_TC-155.dml,,,,,,,,,,,,,,,,,,,,,,,,,,,,,594,,,On,Connected,-68.000000,5220,136,,,,IWLAN
1735,1,,,-121.9314830,47.5244923,2026-01-23 19:21:37.000,_20260123_105610_CH02_TMO_5GNR_WFC_MT-DUT-2_TC-155.dml,,,,,,,,,,,,,,,,,,,,,,,,,,,,,594,,,On,Connected,-68.000000,5220,136,,,,IWLAN
1736,1,,,-121.9314830,47.5244923,2026-01-23 19:21:38.000,_20260123_105610_CH02_TMO_5GNR_WFC_MT-DUT-2_TC-155.dml,,,,,,,,,,,,,,,,,,,,,,,,,,,,,594,,,On,Connected,-76.000000,5220,136,,,,IWLAN
1737,1,,,-121.9314830,47.5244923,2026-01-23 19:21:39.000,_20260123_105610_CH02_TMO_5GNR_WFC_MT-DUT-2_TC-155.dml,,,,,,,,,,,,,,,,,,,,,,,,,,,,,594,,,On,Connected,-76.000000,5220,136,,,,IWLAN
1738,1,,,-121.9314830,47.5244923,2026-01-23 19:21:40.000,_20260123_105610_CH02_TMO_5GNR_WFC_MT-DUT-2_TC-155.dml,,,,,,,,,,,,,,,,,,,,,,,,,,,,,594,,,On,Connected,-76.000000,5220,136,,,,IWLAN
1739,1,,,-121.9314830,47.5244923,2026-01-23 19:21:41.000,_20260123_105610_CH02_TMO_5GNR_WFC_MT-DUT-2_TC-155.dml,,,,,,,,,,,,,,,,,,,,,,,,,,,,,594,,,On,Connected,-75.000000,5220,136,,,,IWLAN
1740,1,,,-121.9314830,47.5244923,2026-01-23 19:21:42.000,_20260123_105610_CH02_TMO_5GNR_WFC_MT-DUT-2_TC-155.dml,,,,,,,,,,,,,,,,,,,,,,,,,,,,,594,,,On,Connected,-75.000000,5220,136,,,,IWLAN
1741,1,,,-121.9314830,47.5244923,2026-01-23 19:21:43.000,_20260123_105610_CH02_TMO_5GNR_WFC_MT-DUT-2_TC-155.dml,,,,,,,,,,,,,,,,,,,,,,,,,,,,,594,,,On,Connected,-75.000000,5220,136,,,,IWLAN
1742,1,,,-121.9314830,47.5244923,2026-01-23 19:21:43.785,_20260123_105610_CH02_TMO_5GNR_WFC_MT-DUT-2_TC-155.dml,,,,,,,,,,,,,,,,,,,,,,,[Tool] Voice - Release Call Request,,,,,,,,,,,,,,,,,
1743,1,,,-121.9314830,47.5244923,2026-01-23 19:21:44.000,_20260123_105610_CH02_TMO_5GNR_WFC_MT-DUT-2_TC-155.dml,,,,,,,,,,,,,,,,,,,,,,,,,,,,,594,,,On,Connected,-75.000000,5220,136,,,,IWLAN
1744,1,,,-121.9314830,47.5244923,2026-01-23 19:21:45.000,_20260123_105610_CH02_TMO_5GNR_WFC_MT-DUT-2_TC-155.dml,,,,,,,,,,,,,,,,,,,,,,,,,,,,,594,,,On,Connected,-75.000000,5220,136,,,,IWLAN
1745,1,,,-121.9314830,47.5244923,2026-01-23 19:21:46.317,_20260123_105610_CH02_TMO_5GNR_WFC_MT-DUT-2_TC-155.dml,,,,,,,,,,,,,,,,,,,,,,,[Tool] Voice - Call Scheduling End,,,,,,,,,,,,,,,,,
1746,1,,,-121.9314830,47.5244923,2026-01-23 19:21:46.317,_20260123_105610_CH02_TMO_5GNR_WFC_MT-DUT-2_TC-155.dml,NR SA,Voice,BQ,NR SA,NR SA,,,,,,,,,,,,BQ,Termination,BQ,,,,,,,,,90.032000,,,,,,,,,,EPSFB,,
1747,1,,,-121.9314830,47.5244923,2026-01-23 19:21:46.317,_20260123_105610_CH02_TMO_5GNR_WFC_MT-DUT-2_TC-155.dml,,,,,,,,,,,,,,,,,,,,,,,[Tool] Voice - Release Call Request,,,,,,,,,,,,,,,,,
1748,1,,,-121.9314830,47.5244923,2026-01-23 19:21:46.000,_20260123_105610_CH02_TMO_5GNR_WFC_MT-DUT-2_TC-155.dml,,,,,,,,,,,,,,,,,,,,,,,,,,,,,594,,,On,Connected,-75.000000,5220,136,,,,IWLAN
1749,1,,,-121.9314830,47.5244923,2026-01-23 19:21:46.817,_20260123_105610_CH02_TMO_5GNR_WFC_MT-DUT-2_TC-155.dml,,,,,,,,,,,,,,,,,,,,,,,[Tool] Voice - Call Scheduling Start(Term),,,,,,,,,,,,,,,,,
1750,1,,,-121.9314830,47.5244923,2026-01-23 19:21:46.817,_20260123_105610_CH02_TMO_5GNR_WFC_MT-DUT-2_TC-155.dml,,,,,,,,,,,,,,,,,,,,,,,[Tool] Voice - Wait Page,,,,,,,,,,,,,,,,,
1751,1,,,-121.9314830,47.5244923,2026-01-23 19:21:47.000,_20260123_105610_CH02_TMO_5GNR_WFC_MT-DUT-2_TC-155.dml,,,,,,,,,,,,,,,,,,,,,,,,,,,,,594,,,On,Connected,-75.000000,5220,136,,,,IWLAN
1752,1,,,-121.9314830,47.5244923,2026-01-23 19:21:48.000,_20260123_105610_CH02_TMO_5GNR_WFC_MT-DUT-2_TC-155.dml,,,,,,,,,,,,,,,,,,,,,,,,,,,,,594,,,On,Connected,-75.000000,5220,136,,,,IWLAN
1753,1,,,-121.9314830,47.5244923,2026-01-23 19:21:49.000,_20260123_105610_CH02_TMO_5GNR_WFC_MT-DUT-2_TC-155.dml,,,,,,,,,,,,,,,,,,,,,,,,,,,,,594,,,On,Connected,-75.000000,5220,136,,,,IWLAN
1754,1,,,-121.9314830,47.5244923,2026-01-23 19:21:50.020,_20260123_105610_CH02_TMO_5GNR_WFC_MT-DUT-2_TC-155.dml,,,,,,,,,,,,,,,,,,,,,,,[Tool] Voice - Answer Request,,,,,,,,,,,,,,,,,
1755,1,,,-121.9314830,47.5244923,2026-01-23 19:21:50.000,_20260123_105610_CH02_TMO_5GNR_WFC_MT-DUT-2_TC-155.dml,,,,,,,,,,,,,,,,,,,,,,,,,,,,,594,,,On,Connected,-71.000000,5220,136,,,,IWLAN
1756,1,,,-121.9314830,47.5244923,2026-01-23 19:21:51.051,_20260123_105610_CH02_TMO_5GNR_WFC_MT-DUT-2_TC-155.dml,,,,,,,,,,,,,,,,,,,,,,,[UE]   Voice - Setup Success,,,,,,,,,,,,,,,,,
1757,1,,,-121.9314830,47.5244923,2026-01-23 19:21:51.000,_20260123_105610_CH02_TMO_5GNR_WFC_MT-DUT-2_TC-155.dml,,,,,,,,,,NR SA,,,,,,,,,,,,,,,,,,,594,,,On,Connected,-71.000000,5220,136,,,,IWLAN
1758,1,,,-121.9314830,47.5244923,2026-01-23 19:21:52.000,_20260123_105610_CH02_TMO_5GNR_WFC_MT-DUT-2_TC-155.dml,,,,,,,,,,NR SA,,,,,,,,,,,,,,,,,,,594,,,On,Connected,-71.000000,5220,136,,,,IWLAN
1759,1,,,-121.9314830,47.5244923,2026-01-23 19:21:53.000,_20260123_105610_CH02_TMO_5GNR_WFC_MT-DUT-2_TC-155.dml,,,,,,,,,,NR SA,,,,,,,,,,,,,,,,,,,594,,,On,Connected,-71.000000,5220,136,,,,IWLAN
1760,1,,,-121.9314830,47.5244923,2026-01-23 19:21:54.000,_20260123_105610_CH02_TMO_5GNR_WFC_MT-DUT-2_TC-155.dml,,,,,,,,,,NR SA,,,,,,,,,,,,,,,,,,,594,,,On,Connected,-71.000000,5220,136,,,,IWLAN
1761,1,,,-121.9314830,47.5244923,2026-01-23 19:21:55.000,_20260123_105610_CH02_TMO_5GNR_WFC_MT-DUT-2_TC-155.dml,,,,,,,,,,NR SA,,,,,,,,,,,,,,,,,,,594,,,On,Connected,-71.000000,5220,136,,,,IWLAN
1762,1,,,-121.9314830,47.5244923,2026-01-23 19:21:56.000,_20260123_105610_CH02_TMO_5GNR_WFC_MT-DUT-2_TC-155.dml,,,,,,,,,,NR SA,,,,,,,,,,,,,,,,,,,594,,,On,Connected,-71.000000,5220,136,,,,IWLAN
1763,1,,,-121.9314830,47.5244923,2026-01-23 19:21:57.000,_20260123_105610_CH02_TMO_5GNR_WFC_MT-DUT-2_TC-155.dml,,,,,,,,,,NR SA,,,,,,,,,,,,,,,,,,,594,,,On,Connected,-71.000000,5220,136,,,,
1764,1,,,-121.9314830,47.5244923,2026-01-23 19:21:58.000,_20260123_105610_CH02_TMO_5GNR_WFC_MT-DUT-2_TC-155.dml,,,,,,,,,,NR SA,,,,,,,,,,,,,,,,,,,594,,,On,Connected,-71.000000,5220,136,,,,IWLAN
1765,1,,,-121.9314830,47.5244923,2026-01-23 19:21:59.000,_20260123_105610_CH02_TMO_5GNR_WFC_MT-DUT-2_TC-155.dml,,,,,,,,,,NR SA,,,,,,,,,,,,,,,,,,,594,,,On,Connected,-71.000000,5220,136,,,,IWLAN
1766,1,,,-121.9314830,47.5244923,2026-01-23 19:22:00.000,_20260123_105610_CH02_TMO_5GNR_WFC_MT-DUT-2_TC-155.dml,,,,,,,,,,NR SA,,,,,,,,,,,,,,,,,,,594,,,On,Connected,-71.000000,5220,136,,,,IWLAN
1767,1,,,-121.9314830,47.5244923,2026-01-23 19:22:01.000,_20260123_105610_CH02_TMO_5GNR_WFC_MT-DUT-2_TC-155.dml,,,,,,,,,,NR SA,,,,,,,,,,,,,,,,,,,594,,,On,Connected,-71.000000,5220,136,,,,IWLAN
1768,1,,,-121.9314830,47.5244923,2026-01-23 19:22:02.000,_20260123_105610_CH02_TMO_5GNR_WFC_MT-DUT-2_TC-155.dml,,,,,,,,,,NR SA,,,,,,,,,,,,,,,,,,,594,,1.785653,On,Connected,-71.000000,5220,136,,,,IWLAN
1769,1,,,-121.9314830,47.5244923,2026-01-23 19:22:03.000,_20260123_105610_CH02_TMO_5GNR_WFC_MT-DUT-2_TC-155.dml,,,,,,,,,,NR SA,,,,,,,,,,,,,,,,,,,594,,1.785653,On,Connected,-71.000000,5220,136,,,,IWLAN
1770,1,,,-121.9314830,47.5244923,2026-01-23 19:22:04.000,_20260123_105610_CH02_TMO_5GNR_WFC_MT-DUT-2_TC-155.dml,,,,,,,,,,NR SA,,,,,,,,,,,,,,,,,,,594,,1.785653,On,Connected,-71.000000,5220,136,,,,IWLAN
1771,1,,,-121.9314830,47.5244923,2026-01-23 19:22:05.000,_20260123_105610_CH02_TMO_5GNR_WFC_MT-DUT-2_TC-155.dml,,,,,,,,,,NR SA,,,,,,,,,,,,,,,,,,,594,,1.785653,On,Connected,-71.000000,5220,136,,,,IWLAN
1772,1,,,-121.9314830,47.5244923,2026-01-23 19:22:06.000,_20260123_105610_CH02_TMO_5GNR_WFC_MT-DUT-2_TC-155.dml,,,,,,,,,,NR SA,,,,,,,,,,,,,,,,,,,594,,1.785653,On,Connected,-71.000000,5220,136,,,,IWLAN
1773,1,,,-121.9314830,47.5244923,2026-01-23 19:22:07.000,_20260123_105610_CH02_TMO_5GNR_WFC_MT-DUT-2_TC-155.dml,,,,,,,,,,NR SA,,,,,,,,,,,,,,,,,,,594,,1.785653,On,Connected,-71.000000,5220,136,,,,IWLAN
1774,1,,,-121.9314830,47.5244923,2026-01-23 19:22:08.000,_20260123_105610_CH02_TMO_5GNR_WFC_MT-DUT-2_TC-155.dml,,,,,,,,,,NR SA,,,,,,,,,,,,,,,,,,,594,,1.785653,On,Connected,-71.000000,5220,136,,,,IWLAN
1775,1,,,-121.9314830,47.5244923,2026-01-23 19:22:09.000,_20260123_105610_CH02_TMO_5GNR_WFC_MT-DUT-2_TC-155.dml,,,,,,,,,,NR SA,,,,,,,,,,,,,,,,,,,594,,1.785653,On,Connected,-71.000000,5220,136,,,,IWLAN
1776,1,,,-121.9314830,47.5244923,2026-01-23 19:22:10.000,_20260123_105610_CH02_TMO_5GNR_WFC_MT-DUT-2_TC-155.dml,,,,,,,,,,NR SA,,,,,,,,,,,,,,,,,,,594,,1.785653,On,Connected,-71.000000,5220,136,,,,IWLAN
1777,1,,,-121.9314830,47.5244923,2026-01-23 19:22:11.000,_20260123_105610_CH02_TMO_5GNR_WFC_MT-DUT-2_TC-155.dml,,,,,,,,,,NR SA,,,,,,,,,,,,,,,,,,,594,,1.785653,On,Connected,-71.000000,5220,136,,,,IWLAN
1778,1,,,-121.9314830,47.5244923,2026-01-23 19:22:11.801,_20260123_105610_CH02_TMO_5GNR_WFC_MT-DUT-2_TC-155.dml,,,,,,,,,,,,,,,,,,,,,,,,,,,,,,-80.454286,,,,,,,,,,
1779,1,,,-121.9314830,47.5244923,2026-01-23 19:22:12.000,_20260123_105610_CH02_TMO_5GNR_WFC_MT-DUT-2_TC-155.dml,,,,,,,,,,NR SA,,,,,,,,,,,,,,,,,,,594,,,On,Connected,-71.000000,5220,136,,,,IWLAN
1780,1,,,-121.9314830,47.5244923,2026-01-23 19:22:13.000,_20260123_105610_CH02_TMO_5GNR_WFC_MT-DUT-2_TC-155.dml,,,,,,,,,,NR SA,,,,,,,,,,,,,,,,,,,594,,,On,Connected,-71.000000,5220,136,,,,IWLAN
1781,1,,,-121.9314830,47.5244923,2026-01-23 19:22:14.000,_20260123_105610_CH02_TMO_5GNR_WFC_MT-DUT-2_TC-155.dml,,,,,,,,,,NR SA,,,,,,,,,,,,,,,,,,,594,,,On,Connected,-71.000000,5220,136,,,,IWLAN
1782,1,,,-121.9314830,47.5244923,2026-01-23 19:22:15.000,_20260123_105610_CH02_TMO_5GNR_WFC_MT-DUT-2_TC-155.dml,,,,,,,,,,NR SA,,,,,,,,,,,,,,,,,,,594,,,On,Connected,-71.000000,5220,136,,,,IWLAN
1783,1,,,-121.9314830,47.5244923,2026-01-23 19:22:16.000,_20260123_105610_CH02_TMO_5GNR_WFC_MT-DUT-2_TC-155.dml,,,,,,,,,,NR SA,,,,,,,,,,,,,,,,,,,594,,,On,Connected,-71.000000,5220,136,,,,IWLAN
1784,1,,,-121.9314830,47.5244923,2026-01-23 19:22:17.000,_20260123_105610_CH02_TMO_5GNR_WFC_MT-DUT-2_TC-155.dml,,,,,,,,,,NR SA,,,,,,,,,,,,,,,,,,,594,,,On,Connected,-71.000000,5220,136,,,,IWLAN
1785,1,,,-121.9314830,47.5244923,2026-01-23 19:22:18.000,_20260123_105610_CH02_TMO_5GNR_WFC_MT-DUT-2_TC-155.dml,,,,,,,,,,NR SA,,,,,,,,,,,,,,,,,,,594,,,On,Connected,-71.000000,5220,136,,,,IWLAN
1786,1,,,-121.9314830,47.5244923,2026-01-23 19:22:19.000,_20260123_105610_CH02_TMO_5GNR_WFC_MT-DUT-2_TC-155.dml,,,,,,,,,,NR SA,,,,,,,,,,,,,,,,,,,594,,,On,Connected,-71.000000,5220,136,,,,IWLAN
1787,1,,,-121.9314830,47.5244923,2026-01-23 19:22:20.000,_20260123_105610_CH02_TMO_5GNR_WFC_MT-DUT-2_TC-155.dml,,,,,,,,,,NR SA,,,,,,,,,,,,,,,,,,,594,,,On,Connected,-71.000000,5220,136,,,,IWLAN
1788,1,,,-121.9314830,47.5244923,2026-01-23 19:22:21.000,_20260123_105610_CH02_TMO_5GNR_WFC_MT-DUT-2_TC-155.dml,,,,,,,,,,NR SA,,,,,,,,,,,,,,,,,,,594,,,On,Connected,-71.000000,5220,136,,,,IWLAN
1789,1,,,-121.9314830,47.5244923,2026-01-23 19:22:22.000,_20260123_105610_CH02_TMO_5GNR_WFC_MT-DUT-2_TC-155.dml,,,,,,,,,,NR SA,,,,,,,,,,,,,,,,,,,594,,1.939285,On,Connected,-71.000000,5220,136,,,,IWLAN
1790,1,,,-121.9314830,47.5244923,2026-01-23 19:22:23.000,_20260123_105610_CH02_TMO_5GNR_WFC_MT-DUT-2_TC-155.dml,,,,,,,,,,NR SA,,,,,,,,,,,,,,,,,,,594,,1.939285,On,Connected,-71.000000,5220,136,,,,IWLAN
1791,1,,,-121.9314830,47.5244923,2026-01-23 19:22:24.000,_20260123_105610_CH02_TMO_5GNR_WFC_MT-DUT-2_TC-155.dml,,,,,,,,,,NR SA,,,,,,,,,,,,,,,,,,,594,,1.939285,On,Connected,-71.000000,5220,136,,,,IWLAN
1792,1,,,-121.9314830,47.5244923,2026-01-23 19:22:25.000,_20260123_105610_CH02_TMO_5GNR_WFC_MT-DUT-2_TC-155.dml,,,,,,,,,,NR SA,,,,,,,,,,,,,,,,,,,594,,1.939285,On,Connected,-71.000000,5220,136,,,,IWLAN
1793,1,,,-121.9314830,47.5244923,2026-01-23 19:22:26.000,_20260123_105610_CH02_TMO_5GNR_WFC_MT-DUT-2_TC-155.dml,,,,,,,,,,NR SA,,,,,,,,,,,,,,,,,,,594,,1.939285,On,Connected,-71.000000,5220,136,,,,IWLAN
1794,1,,,-121.9314830,47.5244923,2026-01-23 19:22:27.000,_20260123_105610_CH02_TMO_5GNR_WFC_MT-DUT-2_TC-155.dml,,,,,,,,,,NR SA,,,,,,,,,,,,,,,,,,,594,,1.939285,On,Connected,-71.000000,5220,136,,,,IWLAN
1795,1,,,-121.9314830,47.5244923,2026-01-23 19:22:28.000,_20260123_105610_CH02_TMO_5GNR_WFC_MT-DUT-2_TC-155.dml,,,,,,,,,,NR SA,,,,,,,,,,,,,,,,,,,594,,1.939285,On,Connected,-71.000000,5220,136,,,,IWLAN
1796,1,,,-121.9314830,47.5244923,2026-01-23 19:22:29.000,_20260123_105610_CH02_TMO_5GNR_WFC_MT-DUT-2_TC-155.dml,,,,,,,,,,NR SA,,,,,,,,,,,,,,,,,,,594,,1.939285,On,Connected,-71.000000,5220,136,,,,IWLAN
1797,1,,,-121.9314830,47.5244923,2026-01-23 19:22:30.000,_20260123_105610_CH02_TMO_5GNR_WFC_MT-DUT-2_TC-155.dml,,,,,,,,,,NR SA,,,,,,,,,,,,,,,,,,,594,,1.939285,On,Connected,-71.000000,5220,136,,,,IWLAN
1798,1,,,-121.9314830,47.5244923,2026-01-23 19:22:31.000,_20260123_105610_CH02_TMO_5GNR_WFC_MT-DUT-2_TC-155.dml,,,,,,,,,,NR SA,,,,,,,,,,,,,,,,,,,594,,1.939285,On,Connected,-71.000000,5220,136,,,,IWLAN
1799,1,,,-121.9314830,47.5244923,2026-01-23 19:22:31.818,_20260123_105610_CH02_TMO_5GNR_WFC_MT-DUT-2_TC-155.dml,,,,,,,,,,,,,,,,,,,,,,,,,,,,,,-79.845119,,,,,,,,,,
1800,1,,,-121.9314830,47.5244923,2026-01-23 19:22:32.000,_20260123_105610_CH02_TMO_5GNR_WFC_MT-DUT-2_TC-155.dml,,,,,,,,,,NR SA,,,,,,,,,,,,,,,,,,,594,,,On,Connected,-71.000000,5220,136,,,,IWLAN
1801,1,,,-121.9314830,47.5244923,2026-01-23 19:22:33.000,_20260123_105610_CH02_TMO_5GNR_WFC_MT-DUT-2_TC-155.dml,,,,,,,,,,NR SA,,,,,,,,,,,,,,,,,,,594,,,On,Connected,-71.000000,5220,136,,,,IWLAN
1802,1,,,-121.9314830,47.5244923,2026-01-23 19:22:34.000,_20260123_105610_CH02_TMO_5GNR_WFC_MT-DUT-2_TC-155.dml,,,,,,,,,,NR SA,,,,,,,,,,,,,,,,,,,594,,,On,Connected,-71.000000,5220,136,,,,IWLAN
1803,1,,,-121.9314830,47.5244923,2026-01-23 19:22:35.000,_20260123_105610_CH02_TMO_5GNR_WFC_MT-DUT-2_TC-155.dml,,,,,,,,,,NR SA,,,,,,,,,,,,,,,,,,,594,,,On,Connected,-71.000000,5220,136,,,,IWLAN
1804,1,,,-121.9314830,47.5244923,2026-01-23 19:22:36.000,_20260123_105610_CH02_TMO_5GNR_WFC_MT-DUT-2_TC-155.dml,,,,,,,,,,NR SA,,,,,,,,,,,,,,,,,,,594,,,On,Connected,-71.000000,5220,136,,,,IWLAN
1805,1,,,-121.9314830,47.5244923,2026-01-23 19:22:37.000,_20260123_105610_CH02_TMO_5GNR_WFC_MT-DUT-2_TC-155.dml,,,,,,,,,,NR SA,,,,,,,,,,,,,,,,,,,594,,,On,Connected,-71.000000,5220,136,,,,IWLAN
1806,1,,,-121.9314830,47.5244923,2026-01-23 19:22:38.000,_20260123_105610_CH02_TMO_5GNR_WFC_MT-DUT-2_TC-155.dml,,,,,,,,,,NR SA,,,,,,,,,,,,,,,,,,,594,,,On,Connected,-71.000000,5220,136,,,,IWLAN
1807,1,,,-121.9314830,47.5244923,2026-01-23 19:22:39.000,_20260123_105610_CH02_TMO_5GNR_WFC_MT-DUT-2_TC-155.dml,,,,,,,,,,NR SA,,,,,,,,,,,,,,,,,,,594,,,On,Connected,-71.000000,5220,136,,,,IWLAN
1808,1,,,-121.9314830,47.5244923,2026-01-23 19:22:40.000,_20260123_105610_CH02_TMO_5GNR_WFC_MT-DUT-2_TC-155.dml,,,,,,,,,,NR SA,,,,,,,,,,,,,,,,,,,594,,,,Connected,,,,,,,IWLAN
1809,1,,,-121.9314830,47.5244923,2026-01-23 19:22:41.000,_20260123_105610_CH02_TMO_5GNR_WFC_MT-DUT-2_TC-155.dml,,,,,,,,,,NR SA,,,,,,,,,,,,,,,,,,,594,,,On,Connected,-71.000000,5220,136,,,,IWLAN
1810,1,,,-121.9314830,47.5244923,2026-01-23 19:22:42.000,_20260123_105610_CH02_TMO_5GNR_WFC_MT-DUT-2_TC-155.dml,,,,,,,,,,NR SA,,,,,,,,,,,,,,,,,,,594,,1.806063,On,Connected,-71.000000,5220,136,,,,IWLAN
1811,1,,,-121.9314830,47.5244923,2026-01-23 19:22:43.000,_20260123_105610_CH02_TMO_5GNR_WFC_MT-DUT-2_TC-155.dml,,,,,,,,,,NR SA,,,,,,,,,,,,,,,,,,,594,,1.806063,On,Connected,-71.000000,5220,136,,,,IWLAN
1812,1,,,-121.9314830,47.5244923,2026-01-23 19:22:44.000,_20260123_105610_CH02_TMO_5GNR_WFC_MT-DUT-2_TC-155.dml,,,,,,,,,,NR SA,,,,,,,,,,,,,,,,,,,594,,1.806063,On,Connected,-71.000000,5220,136,,,,IWLAN
1813,1,,,-121.9314830,47.5244923,2026-01-23 19:22:45.000,_20260123_105610_CH02_TMO_5GNR_WFC_MT-DUT-2_TC-155.dml,,,,,,,,,,NR SA,,,,,,,,,,,,,,,,,,,594,,1.806063,,Connected,,,,,,,IWLAN
1814,1,,,-121.9314830,47.5244923,2026-01-23 19:22:46.000,_20260123_105610_CH02_TMO_5GNR_WFC_MT-DUT-2_TC-155.dml,,,,,,,,,,NR SA,,,,,,,,,,,,,,,,,,,594,,1.806063,On,Connected,-71.000000,5220,136,,,,IWLAN
1815,1,,,-121.9314830,47.5244923,2026-01-23 19:22:47.000,_20260123_105610_CH02_TMO_5GNR_WFC_MT-DUT-2_TC-155.dml,,,,,,,,,,NR SA,,,,,,,,,,,,,,,,,,,594,,1.806063,On,Connected,-71.000000,5220,136,,,,IWLAN
1816,1,,,-121.9314830,47.5244923,2026-01-23 19:22:48.000,_20260123_105610_CH02_TMO_5GNR_WFC_MT-DUT-2_TC-155.dml,,,,,,,,,,NR SA,,,,,,,,,,,,,,,,,,,594,,1.806063,,Connected,,,,,,,IWLAN
1817,1,,,-121.9314830,47.5244923,2026-01-23 19:22:49.000,_20260123_105610_CH02_TMO_5GNR_WFC_MT-DUT-2_TC-155.dml,,,,,,,,,,NR SA,,,,,,,,,,,,,,,,,,,,,1.806063,On,Connected,-71.000000,5220,136,,,,IWLAN
1818,1,,,-121.9314830,47.5244923,2026-01-23 19:22:50.000,_20260123_105610_CH02_TMO_5GNR_WFC_MT-DUT-2_TC-155.dml,,,,,,,,,,NR SA,,,,,,,,,,,,,,,,,,,594,,1.806063,On,Connected,-71.000000,5220,136,,,,IWLAN
1819,1,,,-121.9314830,47.5244923,2026-01-23 19:22:51.000,_20260123_105610_CH02_TMO_5GNR_WFC_MT-DUT-2_TC-155.dml,,,,,,,,,,NR SA,,,,,,,,,,,,,,,,,,,,,1.806063,,Connected,,,,,,,IWLAN
1820,1,,,-121.9314830,47.5244923,2026-01-23 19:22:51.801,_20260123_105610_CH02_TMO_5GNR_WFC_MT-DUT-2_TC-155.dml,,,,,,,,,,,,,,,,,,,,,,,,,,,,,,-78.910156,,,,,,,,,,
1821,1,,,-121.9314830,47.5244923,2026-01-23 19:22:52.000,_20260123_105610_CH02_TMO_5GNR_WFC_MT-DUT-2_TC-155.dml,,,,,,,,,,NR SA,,,,,,,,,,,,,,,,,,,594,,,On,Connected,-71.000000,5220,136,,,,IWLAN
1822,1,,,-121.9314830,47.5244923,2026-01-23 19:22:53.000,_20260123_105610_CH02_TMO_5GNR_WFC_MT-DUT-2_TC-155.dml,,,,,,,,,,NR SA,,,,,,,,,,,,,,,,,,,,,,On,Connected,-71.000000,5220,136,,,,IWLAN
1823,1,,,-121.9314830,47.5244923,2026-01-23 19:22:54.000,_20260123_105610_CH02_TMO_5GNR_WFC_MT-DUT-2_TC-155.dml,,,,,,,,,,NR SA,,,,,,,,,,,,,,,,,,,594,,,,Connected,,,,,,,IWLAN
1824,1,,,-121.9314830,47.5244923,2026-01-23 19:22:55.000,_20260123_105610_CH02_TMO_5GNR_WFC_MT-DUT-2_TC-155.dml,,,,,,,,,,NR SA,,,,,,,,,,,,,,,,,,,,,,On,Connected,-71.000000,5220,136,,,,IWLAN
1825,1,,,-121.9314830,47.5244923,2026-01-23 19:22:56.000,_20260123_105610_CH02_TMO_5GNR_WFC_MT-DUT-2_TC-155.dml,,,,,,,,,,NR SA,,,,,,,,,,,,,,,,,,,594,,,,Connected,,,,,,,IWLAN
1826,1,,,-121.9314830,47.5244923,2026-01-23 19:22:57.000,_20260123_105610_CH02_TMO_5GNR_WFC_MT-DUT-2_TC-155.dml,,,,,,,,,,NR SA,,,,,,,,,,,,,,,,,,,,,,On,Connected,-71.000000,5220,136,,,,IWLAN
1827,1,,,-121.9314830,47.5244923,2026-01-23 19:22:58.000,_20260123_105610_CH02_TMO_5GNR_WFC_MT-DUT-2_TC-155.dml,,,,,,,,,,NR SA,,,,,,,,,,,,,,,,,,,594,,,On,Connected,-71.000000,5220,136,,,,IWLAN
1828,1,,,-121.9314830,47.5244923,2026-01-23 19:22:59.000,_20260123_105610_CH02_TMO_5GNR_WFC_MT-DUT-2_TC-155.dml,,,,,,,,,,NR SA,,,,,,,,,,,,,,,,,,,,,,On,Connected,-71.000000,5220,136,,,,IWLAN
1829,1,,,-121.9314830,47.5244923,2026-01-23 19:23:00.000,_20260123_105610_CH02_TMO_5GNR_WFC_MT-DUT-2_TC-155.dml,,,,,,,,,,NR SA,,,,,,,,,,,,,,,,,,,594,,,On,Connected,-71.000000,5220,136,,,,IWLAN
1830,1,,,-121.9314830,47.5244923,2026-01-23 19:23:01.000,_20260123_105610_CH02_TMO_5GNR_WFC_MT-DUT-2_TC-155.dml,,,,,,,,,,NR SA,,,,,,,,,,,,,,,,,,,,,,,Connected,,,,,,,IWLAN
1831,1,,,-121.9314830,47.5244923,2026-01-23 19:23:02.000,_20260123_105610_CH02_TMO_5GNR_WFC_MT-DUT-2_TC-155.dml,,,,,,,,,,NR SA,,,,,,,,,,,,,,,,,,,594,,1.987628,On,Connected,-71.000000,5220,136,,,,IWLAN
1832,1,,,-121.9314830,47.5244923,2026-01-23 19:23:03.000,_20260123_105610_CH02_TMO_5GNR_WFC_MT-DUT-2_TC-155.dml,,,,,,,,,,NR SA,,,,,,,,,,,,,,,,,,,,,1.987628,,Connected,,,,,,,IWLAN
1833,1,,,-121.9314830,47.5244923,2026-01-23 19:23:04.000,_20260123_105610_CH02_TMO_5GNR_WFC_MT-DUT-2_TC-155.dml,,,,,,,,,,NR SA,,,,,,,,,,,,,,,,,,,594,,1.987628,On,Connected,-71.000000,5220,136,,,,IWLAN
1834,1,,,-121.9314830,47.5244923,2026-01-23 19:23:05.000,_20260123_105610_CH02_TMO_5GNR_WFC_MT-DUT-2_TC-155.dml,,,,,,,,,,NR SA,,,,,,,,,,,,,,,,,,,594,,1.987628,On,Connected,-71.000000,5220,136,,,,IWLAN
1835,1,,,-121.9314830,47.5244923,2026-01-23 19:23:06.000,_20260123_105610_CH02_TMO_5GNR_WFC_MT-DUT-2_TC-155.dml,,,,,,,,,,NR SA,,,,,,,,,,,,,,,,,,,,,1.987628,On,Connected,-71.000000,5220,136,,,,IWLAN
1836,1,,,-121.9314830,47.5244923,2026-01-23 19:23:07.000,_20260123_105610_CH02_TMO_5GNR_WFC_MT-DUT-2_TC-155.dml,,,,,,,,,,NR SA,,,,,,,,,,,,,,,,,,,594,,1.987628,On,Connected,-71.000000,5220,136,,,,IWLAN
1837,1,,,-121.9314830,47.5244923,2026-01-23 19:23:08.000,_20260123_105610_CH02_TMO_5GNR_WFC_MT-DUT-2_TC-155.dml,,,,,,,,,,NR SA,,,,,,,,,,,,,,,,,,,,,1.987628,On,Connected,-71.000000,5220,136,,,,IWLAN
1838,1,,,-121.9314830,47.5244923,2026-01-23 19:23:09.000,_20260123_105610_CH02_TMO_5GNR_WFC_MT-DUT-2_TC-155.dml,,,,,,,,,,NR SA,,,,,,,,,,,,,,,,,,,594,,1.987628,On,Connected,-71.000000,5220,136,,,,IWLAN
1839,1,,,-121.9314830,47.5244923,2026-01-23 19:23:10.000,_20260123_105610_CH02_TMO_5GNR_WFC_MT-DUT-2_TC-155.dml,,,,,,,,,,NR SA,,,,,,,,,,,,,,,,,,,,,1.987628,,Connected,,,,,,,IWLAN
1840,1,,,-121.9314830,47.5244923,2026-01-23 19:23:11.000,_20260123_105610_CH02_TMO_5GNR_WFC_MT-DUT-2_TC-155.dml,,,,,,,,,,NR SA,,,,,,,,,,,,,,,,,,,594,,,On,Connected,-71.000000,5220,136,,,,IWLAN
1841,1,,,-121.9314830,47.5244923,2026-01-23 19:23:11.801,_20260123_105610_CH02_TMO_5GNR_WFC_MT-DUT-2_TC-155.dml,,,,,,,,,,,,,,,,,,,,,,,,,,,,,,-78.340556,,,,,,,,,,
1842,1,,,-121.9314830,47.5244923,2026-01-23 19:23:12.000,_20260123_105610_CH02_TMO_5GNR_WFC_MT-DUT-2_TC-155.dml,,,,,,,,,,NR SA,,,,,,,,,,,,,,,,,,,,,,,Connected,,,,,,,IWLAN
1843,1,,,-121.9314830,47.5244923,2026-01-23 19:23:13.000,_20260123_105610_CH02_TMO_5GNR_WFC_MT-DUT-2_TC-155.dml,,,,,,,,,,NR SA,,,,,,,,,,,,,,,,,,,594,,,On,Connected,-71.000000,5220,136,,,,IWLAN
1844,1,,,-121.9314830,47.5244923,2026-01-23 19:23:14.000,_20260123_105610_CH02_TMO_5GNR_WFC_MT-DUT-2_TC-155.dml,,,,,,,,,,NR SA,,,,,,,,,,,,,,,,,,,,,,On,Connected,-71.000000,5220,136,,,,IWLAN
1845,1,,,-121.9314830,47.5244923,2026-01-23 19:23:15.000,_20260123_105610_CH02_TMO_5GNR_WFC_MT-DUT-2_TC-155.dml,,,,,,,,,,NR SA,,,,,,,,,,,,,,,,,,,594,,,On,Connected,-71.000000,5220,136,,,,IWLAN
1846,1,,,-121.9314830,47.5244923,2026-01-23 19:23:16.000,_20260123_105610_CH02_TMO_5GNR_WFC_MT-DUT-2_TC-155.dml,,,,,,,,,,NR SA,,,,,,,,,,,,,,,,,,,,,,On,Connected,-71.000000,5220,136,,,,IWLAN
1847,1,,,-121.9314830,47.5244923,2026-01-23 19:23:17.000,_20260123_105610_CH02_TMO_5GNR_WFC_MT-DUT-2_TC-155.dml,,,,,,,,,,NR SA,,,,,,,,,,,,,,,,,,,594,,,On,Connected,-71.000000,5220,136,,,,IWLAN
1848,1,,,-121.9314830,47.5244923,2026-01-23 19:23:18.000,_20260123_105610_CH02_TMO_5GNR_WFC_MT-DUT-2_TC-155.dml,,,,,,,,,,NR SA,,,,,,,,,,,,,,,,,,,,,,On,Connected,-71.000000,5220,136,,,,IWLAN
1849,1,,,-121.9314830,47.5244923,2026-01-23 19:23:19.000,_20260123_105610_CH02_TMO_5GNR_WFC_MT-DUT-2_TC-155.dml,,,,,,,,,,NR SA,,,,,,,,,,,,,,,,,,,594,,,,Connected,,,,,,,IWLAN
1850,1,,,-121.9314830,47.5244923,2026-01-23 19:23:20.000,_20260123_105610_CH02_TMO_5GNR_WFC_MT-DUT-2_TC-155.dml,,,,,,,,,,NR SA,,,,,,,,,,,,,,,,,,,,,,On,Connected,-71.000000,5220,136,,,,IWLAN
1851,1,,,-121.9314830,47.5244923,2026-01-23 19:23:21.000,_20260123_105610_CH02_TMO_5GNR_WFC_MT-DUT-2_TC-155.dml,,,,,,,,,,NR SA,,,,,,,,,,,,,,,,,,,594,,,On,Connected,-71.000000,5220,136,,,,IWLAN
1852,1,,,-121.9314830,47.5244923,2026-01-23 19:23:21.505,_20260123_105610_CH02_TMO_5GNR_WFC_MT-DUT-2_TC-155.dml,,,,,,,,,,,,,,,,,,,,,,,[Tool] Voice - Pair Channel Call Drop,,,,,,,,,,,,,,,,,
1853,1,,,-121.9314830,47.5244923,2026-01-23 19:23:21.505,_20260123_105610_CH02_TMO_5GNR_WFC_MT-DUT-2_TC-155.dml,,,,,,,,,,,,,,,,,,,,,,,[Tool] Voice - Release Call Request,,,,,,,,,,,,,,,,,
1854,1,,,-121.9314830,47.5244923,2026-01-23 19:23:22.020,_20260123_105610_CH02_TMO_5GNR_WFC_MT-DUT-2_TC-155.dml,,,,,,,,,,,,,,,,,,,,,,BQ,[Tool] Voice - Call Result : BQ,,,,,,,,,,,,,,,,,
1855,1,,,-121.9314830,47.5244923,2026-01-23 19:23:22.020,_20260123_105610_CH02_TMO_5GNR_WFC_MT-DUT-2_TC-155.dml,,,,,,,,,,,,,,,,,,,,,,,[UE]   Voice - Release Call Success,,,,,,,,,,,,,,,,,
1856,1,,,-121.9314830,47.5244923,2026-01-23 19:23:22.000,_20260123_105610_CH02_TMO_5GNR_WFC_MT-DUT-2_TC-155.dml,,,,,,,,,,,,,,,,,,,,,,,,,,,,,,,,,Connected,,,,,,,IWLAN
1857,1,,,-121.9314830,47.5244923,2026-01-23 19:23:23.020,_20260123_105610_CH02_TMO_5GNR_WFC_MT-DUT-2_TC-155.dml,,,,,,,,,,,,,,,,,,,,,,,[UE]   Voice - Release Call Success,,,,,,,,,,,,,,,,,
1858,1,,,-121.9314830,47.5244923,2026-01-23 19:23:23.000,_20260123_105610_CH02_TMO_5GNR_WFC_MT-DUT-2_TC-155.dml,,,,,,,,,,,,,,,,,,,,,,,,,,,,,594,,,On,Connected,-72.000000,5220,136,,,,IWLAN
1859,1,,,-121.9314830,47.5244923,2026-01-23 19:23:24.000,_20260123_105610_CH02_TMO_5GNR_WFC_MT-DUT-2_TC-155.dml,,,,,,,,,,,,,,,,,,,,,,,,,,,,,,,,,Connected,,,,,,,IWLAN
1860,1,,,-121.9314830,47.5244923,2026-01-23 19:23:25.000,_20260123_105610_CH02_TMO_5GNR_WFC_MT-DUT-2_TC-155.dml,,,,,,,,,,,,,,,,,,,,,,,,,,,,,594,,,On,Connected,-72.000000,5220,136,,,,IWLAN
1861,1,,,-121.9314830,47.5244923,2026-01-23 19:23:26.000,_20260123_105610_CH02_TMO_5GNR_WFC_MT-DUT-2_TC-155.dml,,,,,,,,,,,,,,,,,,,,,,,,,,,,,,,,,Connected,,,,,,,IWLAN
1862,1,,,-121.9314830,47.5244923,2026-01-23 19:23:27.000,_20260123_105610_CH02_TMO_5GNR_WFC_MT-DUT-2_TC-155.dml,,,,,,,,,,,,,,,,,,,,,,,,,,,,,594,,,On,Connected,-72.000000,5220,136,,,,IWLAN
1863,1,,,-121.9314830,47.5244923,2026-01-23 19:23:28.000,_20260123_105610_CH02_TMO_5GNR_WFC_MT-DUT-2_TC-155.dml,,,,,,,,,,,,,,,,,,,,,,,,,,,,,594,,,,Connected,,,,,,,IWLAN
1864,1,,,-121.9314830,47.5244923,2026-01-23 19:23:29.000,_20260123_105610_CH02_TMO_5GNR_WFC_MT-DUT-2_TC-155.dml,,,,,,,,,,,,,,,,,,,,,,,,,,,,,,,,On,Connected,-71.000000,5220,136,,,,IWLAN
1865,1,,,-121.9314830,47.5244923,2026-01-23 19:23:30.000,_20260123_105610_CH02_TMO_5GNR_WFC_MT-DUT-2_TC-155.dml,,,,,,,,,,,,,,,,,,,,,,,,,,,,,594,,,On,Connected,-71.000000,5220,136,,,,IWLAN
1866,1,,,-121.9314830,47.5244923,2026-01-23 19:23:31.000,_20260123_105610_CH02_TMO_5GNR_WFC_MT-DUT-2_TC-155.dml,,,,,,,,,,,,,,,,,,,,,,,,,,,,,,,,,Connected,,,,,,,IWLAN
1867,1,,,-121.9314830,47.5244923,2026-01-23 19:23:32.000,_20260123_105610_CH02_TMO_5GNR_WFC_MT-DUT-2_TC-155.dml,,,,,,,,,,,,,,,,,,,,,,,,,,,,,594,,,On,Connected,-72.000000,5220,68,,,,IWLAN
1868,1,,,-121.9314830,47.5244923,2026-01-23 19:23:33.000,_20260123_105610_CH02_TMO_5GNR_WFC_MT-DUT-2_TC-155.dml,,,,,,,,,,,,,,,,,,,,,,,,,,,,,,,,,Connected,,,,,,,IWLAN
1869,1,,,-121.9314830,47.5244923,2026-01-23 19:23:34.000,_20260123_105610_CH02_TMO_5GNR_WFC_MT-DUT-2_TC-155.dml,,,,,,,,,,,,,,,,,,,,,,,,,,,,,594,,,On,Connected,-72.500000,5220,68,,,,IWLAN
1870,1,,,-121.9314830,47.5244923,2026-01-23 19:23:35.000,_20260123_105610_CH02_TMO_5GNR_WFC_MT-DUT-2_TC-155.dml,,,,,,,,,,,,,,,,,,,,,,,,,,,,,,,,,Connected,,,,,,,IWLAN
1871,1,,,-121.9314830,47.5244923,2026-01-23 19:23:36.000,_20260123_105610_CH02_TMO_5GNR_WFC_MT-DUT-2_TC-155.dml,,,,,,,,,,,,,,,,,,,,,,,,,,,,,594,,,On,Connected,-73.000000,5220,68,,,,IWLAN
1872,1,,,-121.9314830,47.5244923,2026-01-23 19:23:37.000,_20260123_105610_CH02_TMO_5GNR_WFC_MT-DUT-2_TC-155.dml,,,,,,,,,,,,,,,,,,,,,,,,,,,,,594,,,On,Connected,-74.000000,5220,68,,,,IWLAN
1873,1,,,-121.9314830,47.5244923,2026-01-23 19:23:38.000,_20260123_105610_CH02_TMO_5GNR_WFC_MT-DUT-2_TC-155.dml,,,,,,,,,,,,,,,,,,,,,,,,,,,,,594,,,,Connected,,,,,,,IWLAN
1874,1,,,-121.9314830,47.5244923,2026-01-23 19:23:39.000,_20260123_105610_CH02_TMO_5GNR_WFC_MT-DUT-2_TC-155.dml,,,,,,,,,,,,,,,,,,,,,,,,,,,,,,,,On,Connected,-74.000000,5220,68,,,,IWLAN
1875,1,,,-121.9314830,47.5244923,2026-01-23 19:23:40.000,_20260123_105610_CH02_TMO_5GNR_WFC_MT-DUT-2_TC-155.dml,,,,,,,,,,,,,,,,,,,,,,,,,,,,,594,,,,Connected,,,,,,,IWLAN
1876,1,,,-121.9314830,47.5244923,2026-01-23 19:23:41.000,_20260123_105610_CH02_TMO_5GNR_WFC_MT-DUT-2_TC-155.dml,,,,,,,,,,,,,,,,,,,,,,,,,,,,,,,,On,Connected,-76.000000,5220,68,,,,IWLAN
1877,1,,,-121.9314830,47.5244923,2026-01-23 19:23:42.000,_20260123_105610_CH02_TMO_5GNR_WFC_MT-DUT-2_TC-155.dml,,,,,,,,,,,,,,,,,,,,,,,,,,,,,594,,,,Connected,,,,,,,IWLAN
1878,1,,,-121.9314830,47.5244923,2026-01-23 19:23:43.000,_20260123_105610_CH02_TMO_5GNR_WFC_MT-DUT-2_TC-155.dml,,,,,,,,,,,,,,,,,,,,,,,,,,,,,,,,On,Connected,-76.000000,5220,68,,,,IWLAN
1879,1,,,-121.9314830,47.5244923,2026-01-23 19:23:44.000,_20260123_105610_CH02_TMO_5GNR_WFC_MT-DUT-2_TC-155.dml,,,,,,,,,,,,,,,,,,,,,,,,,,,,,594,,,On,Connected,-73.000000,5220,68,,,,IWLAN
1880,1,,,-121.9314830,47.5244923,2026-01-23 19:23:45.000,_20260123_105610_CH02_TMO_5GNR_WFC_MT-DUT-2_TC-155.dml,,,,,,,,,,,,,,,,,,,,,,,,,,,,,,,,,Connected,,,,,,,IWLAN
1881,1,,,-121.9314830,47.5244923,2026-01-23 19:23:46.000,_20260123_105610_CH02_TMO_5GNR_WFC_MT-DUT-2_TC-155.dml,,,,,,,,,,,,,,,,,,,,,,,,,,,,,594,,,On,Connected,-73.000000,5220,68,,,,IWLAN
1882,1,,,-121.9314830,47.5244923,2026-01-23 19:23:47.000,_20260123_105610_CH02_TMO_5GNR_WFC_MT-DUT-2_TC-155.dml,,,,,,,,,,,,,,,,,,,,,,,,,,,,,,,,,Connected,,,,,,,IWLAN
1883,1,,,-121.9314830,47.5244923,2026-01-23 19:23:48.000,_20260123_105610_CH02_TMO_5GNR_WFC_MT-DUT-2_TC-155.dml,,,,,,,,,,,,,,,,,,,,,,,,,,,,,594,,,On,Connected,-73.000000,5220,68,,,,IWLAN
1884,1,,,-121.9314830,47.5244923,2026-01-23 19:23:49.000,_20260123_105610_CH02_TMO_5GNR_WFC_MT-DUT-2_TC-155.dml,,,,,,,,,,,,,,,,,,,,,,,,,,,,,,,,,Connected,,,,,,,IWLAN
1885,1,,,-121.9314830,47.5244923,2026-01-23 19:23:49.880,_20260123_105610_CH02_TMO_5GNR_WFC_MT-DUT-2_TC-155.dml,,,,,,,,,,,,,,,,,,,,,,,[Tool] Voice - Release Call Request,,,,,,,,,,,,,,,,,
1886,1,,,-121.9314830,47.5244923,2026-01-23 19:23:50.020,_20260123_105610_CH02_TMO_5GNR_WFC_MT-DUT-2_TC-155.dml,,,,,,,,,,,,,,,,,,,,,,,[Tool] Voice - Answer Request,,,,,,,,,,,,,,,,,
1887,1,,,-121.9314830,47.5244923,2026-01-23 19:23:50.000,_20260123_105610_CH02_TMO_5GNR_WFC_MT-DUT-2_TC-155.dml,,,,,,,,,,,,,,,,,,,,,,,,,,,,,594,,,On,Connected,-74.000000,5220,68,,,,IWLAN
1888,1,,,-121.9314830,47.5244923,2026-01-23 19:23:51.000,_20260123_105610_CH02_TMO_5GNR_WFC_MT-DUT-2_TC-155.dml,,,,,,,,,,,,,,,,,,,,,,,,,,,,,,,,,Connected,,,,,,,IWLAN
1889,1,,,-121.9314830,47.5244923,2026-01-23 19:23:52.395,_20260123_105610_CH02_TMO_5GNR_WFC_MT-DUT-2_TC-155.dml,,,,,,,,,,,,,,,,,,,,,,,[Tool] Voice - Call Scheduling End,,,,,,,,,,,,,,,,,
1890,1,,,-121.9314830,47.5244923,2026-01-23 19:23:52.395,_20260123_105610_CH02_TMO_5GNR_WFC_MT-DUT-2_TC-155.dml,NR SA,Voice,BQ,NR SA,NR SA,,,,,,,,,,,,BQ,Termination,BQ,,,,,,,,,90.454000,,,,,,,,,,EPSFB,,
1891,1,,,-121.9314830,47.5244923,2026-01-23 19:23:52.395,_20260123_105610_CH02_TMO_5GNR_WFC_MT-DUT-2_TC-155.dml,,,,,,,,,,,,,,,,,,,,,,,[Tool] Voice - Release Call Request,,,,,,,,,,,,,,,,,
1892,1,,,-121.9314830,47.5244923,2026-01-23 19:23:52.000,_20260123_105610_CH02_TMO_5GNR_WFC_MT-DUT-2_TC-155.dml,,,,,,,,,,,,,,,,,,,,,,,,,,,,,594,,,On,Connected,-70.500000,5220,68,,,,IWLAN
1893,1,,,-121.9314830,47.5244923,2026-01-23 19:23:52.910,_20260123_105610_CH02_TMO_5GNR_WFC_MT-DUT-2_TC-155.dml,,,,,,,,,,,,,,,,,,,,,,,[Tool] Voice - Call Scheduling Start(Term),,,,,,,,,,,,,,,,,
1894,1,,,-121.9314830,47.5244923,2026-01-23 19:23:52.910,_20260123_105610_CH02_TMO_5GNR_WFC_MT-DUT-2_TC-155.dml,,,,,,,,,,,,,,,,,,,,,,,[Tool] Voice - Wait Page,,,,,,,,,,,,,,,,,
1895,1,,,-121.9314830,47.5244923,2026-01-23 19:23:53.000,_20260123_105610_CH02_TMO_5GNR_WFC_MT-DUT-2_TC-155.dml,,,,,,,,,,,,,,,,,,,,,,,,,,,,,594,,,On,Connected,-67.000000,5220,68,,,,IWLAN
1896,1,,,-121.9314830,47.5244923,2026-01-23 19:23:54.000,_20260123_105610_CH02_TMO_5GNR_WFC_MT-DUT-2_TC-155.dml,,,,,,,,,,,,,,,,,,,,,,,,,,,,,594,,,,Connected,,,,,,,IWLAN
1897,1,,,-121.9314830,47.5244923,2026-01-23 19:23:55.000,_20260123_105610_CH02_TMO_5GNR_WFC_MT-DUT-2_TC-155.dml,,,,,,,,,,,,,,,,,,,,,,,,,,,,,594,,,On,Connected,-66.500000,5220,68,,,,IWLAN
1898,1,,,-121.9314830,47.5244923,2026-01-23 19:23:56.000,_20260123_105610_CH02_TMO_5GNR_WFC_MT-DUT-2_TC-155.dml,,,,,,,,,,,,,,,,,,,,,,,,,,,,,594,,,,Connected,,,,,,,IWLAN
1899,1,,,-121.9314830,47.5244923,2026-01-23 19:23:56.410,_20260123_105610_CH02_TMO_5GNR_WFC_MT-DUT-2_TC-155.dml,,,,,,,,,,,,,,,,,,,,,,,[Tool] Voice - Answer Request,,,,,,,,,,,,,,,,,
1900,1,,,-121.9314830,47.5244923,2026-01-23 19:23:57.380,_20260123_105610_CH02_TMO_5GNR_WFC_MT-DUT-2_TC-155.dml,,,,,,,,,,,,,,,,,,,,,,,[UE]   Voice - Setup Success,,,,,,,,,,,,,,,,,
1901,1,,,-121.9314830,47.5244923,2026-01-23 19:23:57.000,_20260123_105610_CH02_TMO_5GNR_WFC_MT-DUT-2_TC-155.dml,,,,,,,,,,NR SA,,,,,,,,,,,,,,,,,,,594,,,On,Connected,-66.000000,5220,68,,,,IWLAN
1902,1,,,-121.9314830,47.5244923,2026-01-23 19:23:58.000,_20260123_105610_CH02_TMO_5GNR_WFC_MT-DUT-2_TC-155.dml,,,,,,,,,,NR SA,,,,,,,,,,,,,,,,,,,594,,,,Connected,,,,,,,IWLAN
1903,1,,,-121.9314830,47.5244923,2026-01-23 19:23:59.000,_20260123_105610_CH02_TMO_5GNR_WFC_MT-DUT-2_TC-155.dml,,,,,,,,,,NR SA,,,,,,,,,,,,,,,,,,,594,,,On,Connected,-66.000000,5220,68,,,,IWLAN
1904,1,,,-121.9314830,47.5244923,2026-01-23 19:24:00.000,_20260123_105610_CH02_TMO_5GNR_WFC_MT-DUT-2_TC-155.dml,,,,,,,,,,NR SA,,,,,,,,,,,,,,,,,,,594,,,On,Connected,-66.000000,5220,68,,,,IWLAN
1905,1,,,-121.9314830,47.5244923,2026-01-23 19:24:01.000,_20260123_105610_CH02_TMO_5GNR_WFC_MT-DUT-2_TC-155.dml,,,,,,,,,,NR SA,,,,,,,,,,,,,,,,,,,594,,,,Connected,,,,,,,IWLAN
1906,1,,,-121.9314830,47.5244923,2026-01-23 19:24:02.000,_20260123_105610_CH02_TMO_5GNR_WFC_MT-DUT-2_TC-155.dml,,,,,,,,,,NR SA,,,,,,,,,,,,,,,,,,,594,,,On,Connected,-66.000000,5220,68,,,,IWLAN
1907,1,,,-121.9314830,47.5244923,2026-01-23 19:24:03.000,_20260123_105610_CH02_TMO_5GNR_WFC_MT-DUT-2_TC-155.dml,,,,,,,,,,NR SA,,,,,,,,,,,,,,,,,,,594,,,,Connected,,,,,,,IWLAN
1908,1,,,-121.9314830,47.5244923,2026-01-23 19:24:04.000,_20260123_105610_CH02_TMO_5GNR_WFC_MT-DUT-2_TC-155.dml,,,,,,,,,,NR SA,,,,,,,,,,,,,,,,,,,594,,,On,Connected,-66.000000,5220,68,,,,IWLAN
1909,1,,,-121.9314830,47.5244923,2026-01-23 19:24:05.000,_20260123_105610_CH02_TMO_5GNR_WFC_MT-DUT-2_TC-155.dml,,,,,,,,,,NR SA,,,,,,,,,,,,,,,,,,,594,,,On,Connected,-66.000000,5220,68,,,,IWLAN
1910,1,,,-121.9314830,47.5244923,2026-01-23 19:24:06.000,_20260123_105610_CH02_TMO_5GNR_WFC_MT-DUT-2_TC-155.dml,,,,,,,,,,NR SA,,,,,,,,,,,,,,,,,,,594,,,On,Connected,-66.000000,5220,68,,,,IWLAN
1911,1,,,-121.9314830,47.5244923,2026-01-23 19:24:07.000,_20260123_105610_CH02_TMO_5GNR_WFC_MT-DUT-2_TC-155.dml,,,,,,,,,,NR SA,,,,,,,,,,,,,,,,,,,594,,,,Connected,,,,,,,IWLAN
1912,1,,,-121.9314830,47.5244923,2026-01-23 19:24:08.000,_20260123_105610_CH02_TMO_5GNR_WFC_MT-DUT-2_TC-155.dml,,,,,,,,,,NR SA,,,,,,,,,,,,,,,,,,,594,,1.863584,On,Connected,-66.000000,5220,68,,,,IWLAN
1913,1,,,-121.9314830,47.5244923,2026-01-23 19:24:09.000,_20260123_105610_CH02_TMO_5GNR_WFC_MT-DUT-2_TC-155.dml,,,,,,,,,,NR SA,,,,,,,,,,,,,,,,,,,594,,1.863584,On,Connected,-66.000000,5220,68,,,,IWLAN
1914,1,,,-121.9314830,47.5244923,2026-01-23 19:24:10.000,_20260123_105610_CH02_TMO_5GNR_WFC_MT-DUT-2_TC-155.dml,,,,,,,,,,NR SA,,,,,,,,,,,,,,,,,,,594,,1.863584,,Connected,,,,,,,IWLAN
1915,1,,,-121.9314830,47.5244923,2026-01-23 19:24:11.000,_20260123_105610_CH02_TMO_5GNR_WFC_MT-DUT-2_TC-155.dml,,,,,,,,,,NR SA,,,,,,,,,,,,,,,,,,,594,,1.863584,On,Connected,-66.000000,5220,68,,,,IWLAN
1916,1,,,-121.9314830,47.5244923,2026-01-23 19:24:12.000,_20260123_105610_CH02_TMO_5GNR_WFC_MT-DUT-2_TC-155.dml,,,,,,,,,,NR SA,,,,,,,,,,,,,,,,,,,594,,1.863584,,Connected,,,,,,,IWLAN
1917,1,,,-121.9314830,47.5244923,2026-01-23 19:24:13.000,_20260123_105610_CH02_TMO_5GNR_WFC_MT-DUT-2_TC-155.dml,,,,,,,,,,NR SA,,,,,,,,,,,,,,,,,,,594,,1.863584,On,Connected,-66.000000,5220,68,,,,IWLAN
1918,1,,,-121.9314830,47.5244923,2026-01-23 19:24:14.000,_20260123_105610_CH02_TMO_5GNR_WFC_MT-DUT-2_TC-155.dml,,,,,,,,,,NR SA,,,,,,,,,,,,,,,,,,,594,,1.863584,,Connected,,,,,,,IWLAN
1919,1,,,-121.9314830,47.5244923,2026-01-23 19:24:15.000,_20260123_105610_CH02_TMO_5GNR_WFC_MT-DUT-2_TC-155.dml,,,,,,,,,,NR SA,,,,,,,,,,,,,,,,,,,594,,1.863584,On,Connected,-66.000000,5220,68,,,,IWLAN
1920,1,,,-121.9314830,47.5244923,2026-01-23 19:24:16.000,_20260123_105610_CH02_TMO_5GNR_WFC_MT-DUT-2_TC-155.dml,,,,,,,,,,NR SA,,,,,,,,,,,,,,,,,,,594,,1.863584,On,Connected,-66.000000,5220,68,,,,IWLAN
1921,1,,,-121.9314830,47.5244923,2026-01-23 19:24:17.000,_20260123_105610_CH02_TMO_5GNR_WFC_MT-DUT-2_TC-155.dml,,,,,,,,,,NR SA,,,,,,,,,,,,,,,,,,,594,,1.863584,,Connected,,,,,,,IWLAN
1922,1,,,-121.9314830,47.5244923,2026-01-23 19:24:18.364,_20260123_105610_CH02_TMO_5GNR_WFC_MT-DUT-2_TC-155.dml,,,,,,,,,,,,,,,,,,,,,,,,,,,,,,-78.372273,,,,,,,,,,
1923,1,,,-121.9314830,47.5244923,2026-01-23 19:24:18.000,_20260123_105610_CH02_TMO_5GNR_WFC_MT-DUT-2_TC-155.dml,,,,,,,,,,NR SA,,,,,,,,,,,,,,,,,,,594,,,On,Connected,-66.000000,5220,68,,,,IWLAN
1924,1,,,-121.9314830,47.5244923,2026-01-23 19:24:19.000,_20260123_105610_CH02_TMO_5GNR_WFC_MT-DUT-2_TC-155.dml,,,,,,,,,,NR SA,,,,,,,,,,,,,,,,,,,594,,,,Connected,,,,,,,IWLAN
1925,1,,,-121.9314830,47.5244923,2026-01-23 19:24:20.000,_20260123_105610_CH02_TMO_5GNR_WFC_MT-DUT-2_TC-155.dml,,,,,,,,,,NR SA,,,,,,,,,,,,,,,,,,,594,,,On,Connected,-66.000000,5220,68,,,,IWLAN
1926,1,,,-121.9314830,47.5244923,2026-01-23 19:24:21.000,_20260123_105610_CH02_TMO_5GNR_WFC_MT-DUT-2_TC-155.dml,,,,,,,,,,NR SA,,,,,,,,,,,,,,,,,,,594,,,On,Connected,-66.000000,5220,68,,,,IWLAN
1927,1,,,-121.9314830,47.5244923,2026-01-23 19:24:22.000,_20260123_105610_CH02_TMO_5GNR_WFC_MT-DUT-2_TC-155.dml,,,,,,,,,,NR SA,,,,,,,,,,,,,,,,,,,594,,,On,Connected,-66.000000,5220,68,,,,IWLAN
1928,1,,,-121.9314830,47.5244923,2026-01-23 19:24:23.000,_20260123_105610_CH02_TMO_5GNR_WFC_MT-DUT-2_TC-155.dml,,,,,,,,,,NR SA,,,,,,,,,,,,,,,,,,,594,,,On,Connected,-66.000000,5220,68,,,,IWLAN
1929,1,,,-121.9314830,47.5244923,2026-01-23 19:24:24.000,_20260123_105610_CH02_TMO_5GNR_WFC_MT-DUT-2_TC-155.dml,,,,,,,,,,NR SA,,,,,,,,,,,,,,,,,,,594,,,On,Connected,-66.000000,5220,68,,,,IWLAN
1930,1,,,-121.9314830,47.5244923,2026-01-23 19:24:25.000,_20260123_105610_CH02_TMO_5GNR_WFC_MT-DUT-2_TC-155.dml,,,,,,,,,,NR SA,,,,,,,,,,,,,,,,,,,594,,,On,Connected,-66.000000,5220,68,,,,IWLAN
1931,1,,,-121.9314830,47.5244923,2026-01-23 19:24:26.000,_20260123_105610_CH02_TMO_5GNR_WFC_MT-DUT-2_TC-155.dml,,,,,,,,,,NR SA,,,,,,,,,,,,,,,,,,,594,,,,Connected,,,,,,,IWLAN
1932,1,,,-121.9314830,47.5244923,2026-01-23 19:24:27.000,_20260123_105610_CH02_TMO_5GNR_WFC_MT-DUT-2_TC-155.dml,,,,,,,,,,NR SA,,,,,,,,,,,,,,,,,,,594,,2.146767,On,Connected,-66.000000,5220,68,,,,IWLAN
1933,1,,,-121.9314830,47.5244923,2026-01-23 19:24:28.000,_20260123_105610_CH02_TMO_5GNR_WFC_MT-DUT-2_TC-155.dml,,,,,,,,,,NR SA,,,,,,,,,,,,,,,,,,,594,,2.146767,On,Connected,-66.000000,5220,68,,,,IWLAN
1934,1,,,-121.9314830,47.5244923,2026-01-23 19:24:29.000,_20260123_105610_CH02_TMO_5GNR_WFC_MT-DUT-2_TC-155.dml,,,,,,,,,,NR SA,,,,,,,,,,,,,,,,,,,594,,2.146767,On,Connected,-66.000000,5220,68,,,,IWLAN
1935,1,,,-121.9314830,47.5244923,2026-01-23 19:24:30.000,_20260123_105610_CH02_TMO_5GNR_WFC_MT-DUT-2_TC-155.dml,,,,,,,,,,NR SA,,,,,,,,,,,,,,,,,,,594,,2.146767,On,Connected,-66.000000,5220,68,,,,IWLAN
1936,1,,,-121.9314830,47.5244923,2026-01-23 19:24:31.000,_20260123_105610_CH02_TMO_5GNR_WFC_MT-DUT-2_TC-155.dml,,,,,,,,,,NR SA,,,,,,,,,,,,,,,,,,,594,,2.146767,On,Connected,-66.000000,5220,68,,,,IWLAN
1937,1,,,-121.9314830,47.5244923,2026-01-23 19:24:32.000,_20260123_105610_CH02_TMO_5GNR_WFC_MT-DUT-2_TC-155.dml,,,,,,,,,,NR SA,,,,,,,,,,,,,,,,,,,594,,2.146767,On,Connected,-66.000000,5220,68,,,,IWLAN
1938,1,,,-121.9314830,47.5244923,2026-01-23 19:24:33.000,_20260123_105610_CH02_TMO_5GNR_WFC_MT-DUT-2_TC-155.dml,,,,,,,,,,NR SA,,,,,,,,,,,,,,,,,,,594,,2.146767,,Connected,,,,,,,IWLAN
1939,1,,,-121.9314830,47.5244923,2026-01-23 19:24:34.000,_20260123_105610_CH02_TMO_5GNR_WFC_MT-DUT-2_TC-155.dml,,,,,,,,,,NR SA,,,,,,,,,,,,,,,,,,,594,,2.146767,On,Connected,-66.000000,5220,68,,,,IWLAN
1940,1,,,-121.9314830,47.5244923,2026-01-23 19:24:35.000,_20260123_105610_CH02_TMO_5GNR_WFC_MT-DUT-2_TC-155.dml,,,,,,,,,,NR SA,,,,,,,,,,,,,,,,,,,594,,2.146767,On,Connected,-66.000000,5220,68,,,,IWLAN
1941,1,,,-121.9314830,47.5244923,2026-01-23 19:24:36.000,_20260123_105610_CH02_TMO_5GNR_WFC_MT-DUT-2_TC-155.dml,,,,,,,,,,NR SA,,,,,,,,,,,,,,,,,,,594,,2.146767,On,Connected,-66.000000,5220,68,,,,IWLAN
1942,1,,,-121.9314830,47.5244923,2026-01-23 19:24:37.000,_20260123_105610_CH02_TMO_5GNR_WFC_MT-DUT-2_TC-155.dml,,,,,,,,,,NR SA,,,,,,,,,,,,,,,,,,,594,,2.146767,On,Connected,-66.000000,5220,68,,,,IWLAN
1943,1,,,-121.9314830,47.5244923,2026-01-23 19:24:37.910,_20260123_105610_CH02_TMO_5GNR_WFC_MT-DUT-2_TC-155.dml,,,,,,,,,,,,,,,,,,,,,,,,,,,,,,-82.384070,,,,,,,,,,
1944,1,,,-121.9314830,47.5244923,2026-01-23 19:24:38.000,_20260123_105610_CH02_TMO_5GNR_WFC_MT-DUT-2_TC-155.dml,,,,,,,,,,NR SA,,,,,,,,,,,,,,,,,,,594,,,On,Connected,-66.000000,5220,68,,,,IWLAN
1945,1,,,-121.9314830,47.5244923,2026-01-23 19:24:39.000,_20260123_105610_CH02_TMO_5GNR_WFC_MT-DUT-2_TC-155.dml,,,,,,,,,,NR SA,,,,,,,,,,,,,,,,,,,594,,,On,Connected,-66.000000,5220,68,,,,IWLAN
1946,1,,,-121.9314830,47.5244923,2026-01-23 19:24:40.000,_20260123_105610_CH02_TMO_5GNR_WFC_MT-DUT-2_TC-155.dml,,,,,,,,,,NR SA,,,,,,,,,,,,,,,,,,,594,,,On,Connected,-66.000000,5220,68,,,,IWLAN
1947,1,,,-121.9314830,47.5244923,2026-01-23 19:24:41.000,_20260123_105610_CH02_TMO_5GNR_WFC_MT-DUT-2_TC-155.dml,,,,,,,,,,NR SA,,,,,,,,,,,,,,,,,,,594,,,On,Connected,-66.000000,5220,68,,,,IWLAN
1948,1,,,-121.9314830,47.5244923,2026-01-23 19:24:42.000,_20260123_105610_CH02_TMO_5GNR_WFC_MT-DUT-2_TC-155.dml,,,,,,,,,,NR SA,,,,,,,,,,,,,,,,,,,594,,,On,Connected,-66.000000,5220,68,,,,IWLAN
1949,1,,,-121.9314830,47.5244923,2026-01-23 19:24:43.000,_20260123_105610_CH02_TMO_5GNR_WFC_MT-DUT-2_TC-155.dml,,,,,,,,,,NR SA,,,,,,,,,,,,,,,,,,,594,,,On,Connected,-66.000000,5220,68,,,,IWLAN
1950,1,,,-121.9314830,47.5244923,2026-01-23 19:24:44.000,_20260123_105610_CH02_TMO_5GNR_WFC_MT-DUT-2_TC-155.dml,,,,,,,,,,NR SA,,,,,,,,,,,,,,,,,,,594,,,On,Connected,-66.000000,5220,68,,,,IWLAN
1951,1,,,-121.9314830,47.5244923,2026-01-23 19:24:45.000,_20260123_105610_CH02_TMO_5GNR_WFC_MT-DUT-2_TC-155.dml,,,,,,,,,,NR SA,,,,,,,,,,,,,,,,,,,594,,,On,Connected,-66.000000,5220,68,,,,IWLAN
1952,1,,,-121.9314830,47.5244923,2026-01-23 19:24:46.000,_20260123_105610_CH02_TMO_5GNR_WFC_MT-DUT-2_TC-155.dml,,,,,,,,,,NR SA,,,,,,,,,,,,,,,,,,,594,,,On,Connected,-66.000000,5220,68,,,,IWLAN
1953,1,,,-121.9314830,47.5244923,2026-01-23 19:24:47.000,_20260123_105610_CH02_TMO_5GNR_WFC_MT-DUT-2_TC-155.dml,,,,,,,,,,NR SA,,,,,,,,,,,,,,,,,,,594,,1.961305,On,Connected,-66.000000,5220,68,,,,IWLAN
1954,1,,,-121.9314830,47.5244923,2026-01-23 19:24:48.000,_20260123_105610_CH02_TMO_5GNR_WFC_MT-DUT-2_TC-155.dml,,,,,,,,,,NR SA,,,,,,,,,,,,,,,,,,,594,,1.961305,On,Connected,-66.000000,5220,68,,,,IWLAN
1955,1,,,-121.9314830,47.5244923,2026-01-23 19:24:49.000,_20260123_105610_CH02_TMO_5GNR_WFC_MT-DUT-2_TC-155.dml,,,,,,,,,,NR SA,,,,,,,,,,,,,,,,,,,594,,1.961305,,Connected,,,,,,,IWLAN
1956,1,,,-121.9314830,47.5244923,2026-01-23 19:24:50.000,_20260123_105610_CH02_TMO_5GNR_WFC_MT-DUT-2_TC-155.dml,,,,,,,,,,NR SA,,,,,,,,,,,,,,,,,,,594,,1.961305,On,Connected,-66.000000,5220,68,,,,IWLAN
1957,1,,,-121.9314830,47.5244923,2026-01-23 19:24:51.000,_20260123_105610_CH02_TMO_5GNR_WFC_MT-DUT-2_TC-155.dml,,,,,,,,,,NR SA,,,,,,,,,,,,,,,,,,,594,,1.961305,On,Connected,-66.000000,5220,68,,,,IWLAN
1958,1,,,-121.9314830,47.5244923,2026-01-23 19:24:52.000,_20260123_105610_CH02_TMO_5GNR_WFC_MT-DUT-2_TC-155.dml,,,,,,,,,,NR SA,,,,,,,,,,,,,,,,,,,594,,1.961305,On,Connected,-66.000000,5220,68,,,,IWLAN
1959,1,,,-121.9314830,47.5244923,2026-01-23 19:24:53.000,_20260123_105610_CH02_TMO_5GNR_WFC_MT-DUT-2_TC-155.dml,,,,,,,,,,NR SA,,,,,,,,,,,,,,,,,,,594,,1.961305,On,Connected,-66.000000,5220,68,,,,IWLAN
1960,1,,,-121.9314830,47.5244923,2026-01-23 19:24:54.000,_20260123_105610_CH02_TMO_5GNR_WFC_MT-DUT-2_TC-155.dml,,,,,,,,,,NR SA,,,,,,,,,,,,,,,,,,,594,,1.961305,On,Connected,-66.000000,5220,68,,,,IWLAN
1961,1,,,-121.9314830,47.5244923,2026-01-23 19:24:55.000,_20260123_105610_CH02_TMO_5GNR_WFC_MT-DUT-2_TC-155.dml,,,,,,,,,,NR SA,,,,,,,,,,,,,,,,,,,,,1.961305,On,Connected,-66.000000,5220,68,,,,IWLAN
1962,1,,,-121.9314830,47.5244923,2026-01-23 19:24:56.000,_20260123_105610_CH02_TMO_5GNR_WFC_MT-DUT-2_TC-155.dml,,,,,,,,,,NR SA,,,,,,,,,,,,,,,,,,,594,,1.961305,On,Connected,-66.000000,5220,68,,,,IWLAN
1963,1,,,-121.9314830,47.5244923,2026-01-23 19:24:57.000,_20260123_105610_CH02_TMO_5GNR_WFC_MT-DUT-2_TC-155.dml,,,,,,,,,,NR SA,,,,,,,,,,,,,,,,,,,,,1.961305,On,Connected,-66.000000,5220,68,,,,IWLAN
1964,1,,,-121.9314830,47.5244923,2026-01-23 19:24:57.895,_20260123_105610_CH02_TMO_5GNR_WFC_MT-DUT-2_TC-155.dml,,,,,,,,,,,,,,,,,,,,,,,,,,,,,,-75.058333,,,,,,,,,,
1965,1,,,-121.9314830,47.5244923,2026-01-23 19:24:58.000,_20260123_105610_CH02_TMO_5GNR_WFC_MT-DUT-2_TC-155.dml,,,,,,,,,,NR SA,,,,,,,,,,,,,,,,,,,594,,,On,Connected,-66.000000,5220,68,,,,IWLAN
1966,1,,,-121.9314830,47.5244923,2026-01-23 19:24:59.000,_20260123_105610_CH02_TMO_5GNR_WFC_MT-DUT-2_TC-155.dml,,,,,,,,,,NR SA,,,,,,,,,,,,,,,,,,,594,,,On,Connected,-66.000000,5220,68,,,,IWLAN
1967,1,,,-121.9314830,47.5244923,2026-01-23 19:25:00.000,_20260123_105610_CH02_TMO_5GNR_WFC_MT-DUT-2_TC-155.dml,,,,,,,,,,NR SA,,,,,,,,,,,,,,,,,,,,,,On,Connected,-66.000000,5220,68,,,,IWLAN
1968,1,,,-121.9314830,47.5244923,2026-01-23 19:25:01.000,_20260123_105610_CH02_TMO_5GNR_WFC_MT-DUT-2_TC-155.dml,,,,,,,,,,NR SA,,,,,,,,,,,,,,,,,,,594,,,On,Connected,-66.000000,5220,68,,,,IWLAN
1969,1,,,-121.9314830,47.5244923,2026-01-23 19:25:02.000,_20260123_105610_CH02_TMO_5GNR_WFC_MT-DUT-2_TC-155.dml,,,,,,,,,,NR SA,,,,,,,,,,,,,,,,,,,,,,On,Connected,-66.000000,5220,68,,,,IWLAN
1970,1,,,-121.9314830,47.5244923,2026-01-23 19:25:03.000,_20260123_105610_CH02_TMO_5GNR_WFC_MT-DUT-2_TC-155.dml,,,,,,,,,,NR SA,,,,,,,,,,,,,,,,,,,594,,,On,Connected,-66.000000,5220,68,,,,IWLAN
1971,1,,,-121.9314830,47.5244923,2026-01-23 19:25:04.000,_20260123_105610_CH02_TMO_5GNR_WFC_MT-DUT-2_TC-155.dml,,,,,,,,,,NR SA,,,,,,,,,,,,,,,,,,,594,,,On,Connected,-66.000000,5220,68,,,,IWLAN
1972,1,,,-121.9314830,47.5244923,2026-01-23 19:25:05.000,_20260123_105610_CH02_TMO_5GNR_WFC_MT-DUT-2_TC-155.dml,,,,,,,,,,NR SA,,,,,,,,,,,,,,,,,,,594,,,On,Connected,-66.000000,5220,68,,,,IWLAN
1973,1,,,-121.9314830,47.5244923,2026-01-23 19:25:06.000,_20260123_105610_CH02_TMO_5GNR_WFC_MT-DUT-2_TC-155.dml,,,,,,,,,,NR SA,,,,,,,,,,,,,,,,,,,,,,On,Connected,-66.000000,5220,68,,,,IWLAN
1974,1,,,-121.9314830,47.5244923,2026-01-23 19:25:07.000,_20260123_105610_CH02_TMO_5GNR_WFC_MT-DUT-2_TC-155.dml,,,,,,,,,,NR SA,,,,,,,,,,,,,,,,,,,594,,,On,Connected,-66.000000,5220,68,,,,IWLAN
1975,1,,,-121.9314830,47.5244923,2026-01-23 19:25:08.000,_20260123_105610_CH02_TMO_5GNR_WFC_MT-DUT-2_TC-155.dml,,,,,,,,,,NR SA,,,,,,,,,,,,,,,,,,,,,1.937587,On,Connected,-66.000000,5220,68,,,,IWLAN
1976,1,,,-121.9314830,47.5244923,2026-01-23 19:25:09.000,_20260123_105610_CH02_TMO_5GNR_WFC_MT-DUT-2_TC-155.dml,,,,,,,,,,NR SA,,,,,,,,,,,,,,,,,,,594,,1.937587,On,Connected,-66.000000,5220,68,,,,IWLAN
1977,1,,,-121.9314830,47.5244923,2026-01-23 19:25:10.000,_20260123_105610_CH02_TMO_5GNR_WFC_MT-DUT-2_TC-155.dml,,,,,,,,,,NR SA,,,,,,,,,,,,,,,,,,,,,1.937587,On,Connected,-66.000000,5220,68,,,,IWLAN
1978,1,,,-121.9314830,47.5244923,2026-01-23 19:25:11.000,_20260123_105610_CH02_TMO_5GNR_WFC_MT-DUT-2_TC-155.dml,,,,,,,,,,NR SA,,,,,,,,,,,,,,,,,,,594,,1.937587,On,Connected,-66.000000,5220,68,,,,IWLAN
1979,1,,,-121.9314830,47.5244923,2026-01-23 19:25:12.000,_20260123_105610_CH02_TMO_5GNR_WFC_MT-DUT-2_TC-155.dml,,,,,,,,,,NR SA,,,,,,,,,,,,,,,,,,,,,1.937587,On,Connected,-66.000000,5220,68,,,,
1980,1,,,-121.9314830,47.5244923,2026-01-23 19:25:13.000,_20260123_105610_CH02_TMO_5GNR_WFC_MT-DUT-2_TC-155.dml,,,,,,,,,,NR SA,,,,,,,,,,,,,,,,,,,594,,1.937587,On,Connected,-66.000000,5220,68,,,,IWLAN
1981,1,,,-121.9314830,47.5244923,2026-01-23 19:25:14.000,_20260123_105610_CH02_TMO_5GNR_WFC_MT-DUT-2_TC-155.dml,,,,,,,,,,NR SA,,,,,,,,,,,,,,,,,,,,,1.937587,On,Connected,-66.000000,5220,68,,,,IWLAN
1982,1,,,-121.9314830,47.5244923,2026-01-23 19:25:15.000,_20260123_105610_CH02_TMO_5GNR_WFC_MT-DUT-2_TC-155.dml,,,,,,,,,,NR SA,,,,,,,,,,,,,,,,,,,594,,1.937587,On,Connected,-66.000000,5220,68,,,,IWLAN
1983,1,,,-121.9314830,47.5244923,2026-01-23 19:25:16.000,_20260123_105610_CH02_TMO_5GNR_WFC_MT-DUT-2_TC-155.dml,,,,,,,,,,NR SA,,,,,,,,,,,,,,,,,,,,,1.937587,On,Connected,-66.000000,5220,68,,,,IWLAN
1984,1,,,-121.9314830,47.5244923,2026-01-23 19:25:17.000,_20260123_105610_CH02_TMO_5GNR_WFC_MT-DUT-2_TC-155.dml,,,,,,,,,,NR SA,,,,,,,,,,,,,,,,,,,594,,1.937587,On,Connected,-66.000000,5220,68,,,,IWLAN
1985,1,,,-121.9314830,47.5244923,2026-01-23 19:25:17.864,_20260123_105610_CH02_TMO_5GNR_WFC_MT-DUT-2_TC-155.dml,,,,,,,,,,,,,,,,,,,,,,,,,,,,,,-76.088000,,,,,,,,,,
1986,1,,,-121.9314830,47.5244923,2026-01-23 19:25:18.000,_20260123_105610_CH02_TMO_5GNR_WFC_MT-DUT-2_TC-155.dml,,,,,,,,,,NR SA,,,,,,,,,,,,,,,,,,,,,,On,Connected,-66.000000,5220,68,,,,IWLAN
1987,1,,,-121.9314830,47.5244923,2026-01-23 19:25:19.000,_20260123_105610_CH02_TMO_5GNR_WFC_MT-DUT-2_TC-155.dml,,,,,,,,,,NR SA,,,,,,,,,,,,,,,,,,,594,,,On,Connected,-66.000000,5220,68,,,,IWLAN
1988,1,,,-121.9314830,47.5244923,2026-01-23 19:25:20.000,_20260123_105610_CH02_TMO_5GNR_WFC_MT-DUT-2_TC-155.dml,,,,,,,,,,NR SA,,,,,,,,,,,,,,,,,,,,,,On,Connected,-66.000000,5220,68,,,,IWLAN
1989,1,,,-121.9314830,47.5244923,2026-01-23 19:25:21.000,_20260123_105610_CH02_TMO_5GNR_WFC_MT-DUT-2_TC-155.dml,,,,,,,,,,NR SA,,,,,,,,,,,,,,,,,,,594,,,On,Connected,-66.000000,5220,68,,,,IWLAN
1990,1,,,-121.9314830,47.5244923,2026-01-23 19:25:22.000,_20260123_105610_CH02_TMO_5GNR_WFC_MT-DUT-2_TC-155.dml,,,,,,,,,,NR SA,,,,,,,,,,,,,,,,,,,,,,On,Connected,-66.000000,5220,68,,,,IWLAN
1991,1,,,-121.9314830,47.5244923,2026-01-23 19:25:23.000,_20260123_105610_CH02_TMO_5GNR_WFC_MT-DUT-2_TC-155.dml,,,,,,,,,,NR SA,,,,,,,,,,,,,,,,,,,594,,,On,Connected,-66.000000,5220,68,,,,IWLAN
1992,1,,,-121.9314830,47.5244923,2026-01-23 19:25:24.000,_20260123_105610_CH02_TMO_5GNR_WFC_MT-DUT-2_TC-155.dml,,,,,,,,,,NR SA,,,,,,,,,,,,,,,,,,,594,,,On,Connected,-66.000000,5220,68,,,,IWLAN
1993,1,,,-121.9314830,47.5244923,2026-01-23 19:25:25.000,_20260123_105610_CH02_TMO_5GNR_WFC_MT-DUT-2_TC-155.dml,,,,,,,,,,NR SA,,,,,,,,,,,,,,,,,,,,,,On,Connected,-66.000000,5220,68,,,,IWLAN
1994,1,,,-121.9314830,47.5244923,2026-01-23 19:25:26.000,_20260123_105610_CH02_TMO_5GNR_WFC_MT-DUT-2_TC-155.dml,,,,,,,,,,NR SA,,,,,,,,,,,,,,,,,,,594,,,On,Connected,-66.000000,5220,68,,,,IWLAN
1995,1,,,-121.9314830,47.5244923,2026-01-23 19:25:27.000,_20260123_105610_CH02_TMO_5GNR_WFC_MT-DUT-2_TC-155.dml,,,,,,,,,,NR SA,,,,,,,,,,,,,,,,,,,,,,On,Connected,-66.000000,5220,68,,,,IWLAN
1996,1,,,-121.9314830,47.5244923,2026-01-23 19:25:27.660,_20260123_105610_CH02_TMO_5GNR_WFC_MT-DUT-2_TC-155.dml,,,,,,,,,,,,,,,,,,,,,,,[Tool] Voice - Pair Channel Call Drop,,,,,,,,,,,,,,,,,
1997,1,,,-121.9314830,47.5244923,2026-01-23 19:25:27.660,_20260123_105610_CH02_TMO_5GNR_WFC_MT-DUT-2_TC-155.dml,,,,,,,,,,,,,,,,,,,,,,,[Tool] Voice - Release Call Request,,,,,,,,,,,,,,,,,
1998,1,,,-121.9314830,47.5244923,2026-01-23 19:25:28.000,_20260123_105610_CH02_TMO_5GNR_WFC_MT-DUT-2_TC-155.dml,,,,,,,,,,NR SA,,,,,,,,,,,,,,,,,,,594,,,On,Connected,-66.000000,5220,68,,,,IWLAN
1999,1,,,-121.9314830,47.5244923,2026-01-23 19:25:28.176,_20260123_105610_CH02_TMO_5GNR_WFC_MT-DUT-2_TC-155.dml,,,,,,,,,,,,,,,,,,,,,,BQ,[Tool] Voice - Call Result : BQ,,,,,,,,,,,,,,,,,
2000,1,,,-121.9314830,47.5244923,2026-01-23 19:25:28.176,_20260123_105610_CH02_TMO_5GNR_WFC_MT-DUT-2_TC-155.dml,,,,,,,,,,,,,,,,,,,,,,,[UE]   Voice - Release Call Success,,,,,,,,,,,,,,,,,
2001,1,,,-121.9314830,47.5244923,2026-01-23 19:25:29.000,_20260123_105610_CH02_TMO_5GNR_WFC_MT-DUT-2_TC-155.dml,,,,,,,,,,,,,,,,,,,,,,,,,,,,,,,,On,Connected,-67.000000,5220,136,,,,IWLAN
2002,1,,,-121.9314830,47.5244923,2026-01-23 19:25:29.099,_20260123_105610_CH02_TMO_5GNR_WFC_MT-DUT-2_TC-155.dml,,,,,,,,,,,,,,,,,,,,,,,[UE]   Voice - Release Call Success,,,,,,,,,,,,,,,,,
2003,1,,,-121.9314830,47.5244923,2026-01-23 19:25:30.000,_20260123_105610_CH02_TMO_5GNR_WFC_MT-DUT-2_TC-155.dml,,,,,,,,,,,,,,,,,,,,,,,,,,,,,594,,,On,Connected,-67.000000,5220,136,,,,IWLAN
2004,1,,,-121.9314830,47.5244923,2026-01-23 19:25:31.000,_20260123_105610_CH02_TMO_5GNR_WFC_MT-DUT-2_TC-155.dml,,,,,,,,,,,,,,,,,,,,,,,,,,,,,,,,On,Connected,-67.000000,5220,136,,,,IWLAN
2005,1,,,-121.9314830,47.5244923,2026-01-23 19:25:32.000,_20260123_105610_CH02_TMO_5GNR_WFC_MT-DUT-2_TC-155.dml,,,,,,,,,,,,,,,,,,,,,,,,,,,,,594,,,On,Connected,-67.000000,5220,204,,,,IWLAN
2006,1,,,-121.9314830,47.5244923,2026-01-23 19:25:33.000,_20260123_105610_CH02_TMO_5GNR_WFC_MT-DUT-2_TC-155.dml,,,,,,,,,,,,,,,,,,,,,,,,,,,,,,,,On,Connected,-67.000000,5220,204,,,,IWLAN
2007,1,,,-121.9314830,47.5244923,2026-01-23 19:25:34.000,_20260123_105610_CH02_TMO_5GNR_WFC_MT-DUT-2_TC-155.dml,,,,,,,,,,,,,,,,,,,,,,,,,,,,,594,,,On,Connected,-67.000000,5220,204,,,,IWLAN
2008,1,,,-121.9314830,47.5244923,2026-01-23 19:25:35.000,_20260123_105610_CH02_TMO_5GNR_WFC_MT-DUT-2_TC-155.dml,,,,,,,,,,,,,,,,,,,,,,,,,,,,,,,,On,Connected,-67.000000,5220,204,,,,IWLAN
2009,1,,,-121.9314830,47.5244923,2026-01-23 19:25:36.000,_20260123_105610_CH02_TMO_5GNR_WFC_MT-DUT-2_TC-155.dml,,,,,,,,,,,,,,,,,,,,,,,,,,,,,594,,,On,Connected,-67.000000,5220,204,,,,IWLAN
2010,1,,,-121.9314830,47.5244923,2026-01-23 19:25:37.000,_20260123_105610_CH02_TMO_5GNR_WFC_MT-DUT-2_TC-155.dml,,,,,,,,,,,,,,,,,,,,,,,,,,,,,,,,On,Connected,-67.000000,5220,204,,,,IWLAN
2011,1,,,-121.9314830,47.5244923,2026-01-23 19:25:38.000,_20260123_105610_CH02_TMO_5GNR_WFC_MT-DUT-2_TC-155.dml,,,,,,,,,,,,,,,,,,,,,,,,,,,,,594,,,On,Connected,-68.000000,5220,136,,,,IWLAN
2012,1,,,-121.9314830,47.5244923,2026-01-23 19:25:39.000,_20260123_105610_CH02_TMO_5GNR_WFC_MT-DUT-2_TC-155.dml,,,,,,,,,,,,,,,,,,,,,,,,,,,,,,,,On,Connected,-68.000000,5220,136,,,,IWLAN
2013,1,,,-121.9314830,47.5244923,2026-01-23 19:25:40.000,_20260123_105610_CH02_TMO_5GNR_WFC_MT-DUT-2_TC-155.dml,,,,,,,,,,,,,,,,,,,,,,,,,,,,,594,,,On,Connected,-68.000000,5220,136,,,,IWLAN
2014,1,,,-121.9314830,47.5244923,2026-01-23 19:25:41.000,_20260123_105610_CH02_TMO_5GNR_WFC_MT-DUT-2_TC-155.dml,,,,,,,,,,,,,,,,,,,,,,,,,,,,,,,,On,Connected,-70.000000,5220,136,,,,IWLAN
2015,1,,,-121.9314830,47.5244923,2026-01-23 19:25:42.000,_20260123_105610_CH02_TMO_5GNR_WFC_MT-DUT-2_TC-155.dml,,,,,,,,,,,,,,,,,,,,,,,,,,,,,594,,,On,Connected,-70.000000,5220,136,,,,IWLAN
2016,1,,,-121.9314830,47.5244923,2026-01-23 19:25:43.000,_20260123_105610_CH02_TMO_5GNR_WFC_MT-DUT-2_TC-155.dml,,,,,,,,,,,,,,,,,,,,,,,,,,,,,,,,On,Connected,-70.000000,5220,136,,,,IWLAN
2017,1,,,-121.9314830,47.5244923,2026-01-23 19:25:44.000,_20260123_105610_CH02_TMO_5GNR_WFC_MT-DUT-2_TC-155.dml,,,,,,,,,,,,,,,,,,,,,,,,,,,,,594,,,On,Connected,-71.000000,5220,136,,,,IWLAN
2018,1,,,-121.9314830,47.5244923,2026-01-23 19:25:45.000,_20260123_105610_CH02_TMO_5GNR_WFC_MT-DUT-2_TC-155.dml,,,,,,,,,,,,,,,,,,,,,,,,,,,,,594,,,On,Connected,-71.000000,5220,136,,,,IWLAN
2019,1,,,-121.9314830,47.5244923,2026-01-23 19:25:46.000,_20260123_105610_CH02_TMO_5GNR_WFC_MT-DUT-2_TC-155.dml,,,,,,,,,,,,,,,,,,,,,,,,,,,,,,,,On,Connected,-71.000000,5220,136,,,,IWLAN
2020,1,,,-121.9314830,47.5244923,2026-01-23 19:25:47.000,_20260123_105610_CH02_TMO_5GNR_WFC_MT-DUT-2_TC-155.dml,,,,,,,,,,,,,,,,,,,,,,,,,,,,,594,,,On,Connected,-71.000000,5220,136,,,,IWLAN
2021,1,,,-121.9314830,47.5244923,2026-01-23 19:25:48.000,_20260123_105610_CH02_TMO_5GNR_WFC_MT-DUT-2_TC-155.dml,,,,,,,,,,,,,,,,,,,,,,,,,,,,,,,,On,Connected,-71.000000,5220,136,,,,IWLAN
2022,1,,,-121.9314830,47.5244923,2026-01-23 19:25:49.000,_20260123_105610_CH02_TMO_5GNR_WFC_MT-DUT-2_TC-155.dml,,,,,,,,,,,,,,,,,,,,,,,,,,,,,594,,,On,Connected,-71.000000,5220,136,,,,IWLAN
2023,1,,,-121.9314830,47.5244923,2026-01-23 19:25:50.000,_20260123_105610_CH02_TMO_5GNR_WFC_MT-DUT-2_TC-155.dml,,,,,,,,,,,,,,,,,,,,,,,,,,,,,,,,,Connected,,,,,,,IWLAN
2024,1,,,-121.9314830,47.5244923,2026-01-23 19:25:51.000,_20260123_105610_CH02_TMO_5GNR_WFC_MT-DUT-2_TC-155.dml,,,,,,,,,,,,,,,,,,,,,,,,,,,,,594,,,On,Connected,-72.000000,5220,68,,,,IWLAN
2025,1,,,-121.9314830,47.5244923,2026-01-23 19:25:52.000,_20260123_105610_CH02_TMO_5GNR_WFC_MT-DUT-2_TC-155.dml,,,,,,,,,,,,,,,,,,,,,,,,,,,,,,,,On,Connected,-72.000000,5220,68,,,,IWLAN
2026,1,,,-121.9314830,47.5244923,2026-01-23 19:25:53.000,_20260123_105610_CH02_TMO_5GNR_WFC_MT-DUT-2_TC-155.dml,,,,,,,,,,,,,,,,,,,,,,,,,,,,,594,,,On,Connected,-72.000000,5220,68,,,,IWLAN
2027,1,,,-121.9314830,47.5244923,2026-01-23 19:25:54.000,_20260123_105610_CH02_TMO_5GNR_WFC_MT-DUT-2_TC-155.dml,,,,,,,,,,,,,,,,,,,,,,,,,,,,,,,,On,Connected,-72.000000,5220,68,,,,IWLAN
2028,1,,,-121.9314830,47.5244923,2026-01-23 19:25:55.000,_20260123_105610_CH02_TMO_5GNR_WFC_MT-DUT-2_TC-155.dml,,,,,,,,,,,,,,,,,,,,,,,,,,,,,594,,,On,Connected,-72.000000,5220,68,,,,IWLAN
2029,1,,,-121.9314830,47.5244923,2026-01-23 19:25:56.068,_20260123_105610_CH02_TMO_5GNR_WFC_MT-DUT-2_TC-155.dml,,,,,,,,,,,,,,,,,,,,,,,[Tool] Voice - Release Call Request,,,,,,,,,,,,,,,,,
2030,1,,,-121.9314830,47.5244923,2026-01-23 19:25:56.224,_20260123_105610_CH02_TMO_5GNR_WFC_MT-DUT-2_TC-155.dml,,,,,,,,,,,,,,,,,,,,,,,[Tool] Voice - Answer Request,,,,,,,,,,,,,,,,,
2031,1,,,-121.9314830,47.5244923,2026-01-23 19:25:56.000,_20260123_105610_CH02_TMO_5GNR_WFC_MT-DUT-2_TC-155.dml,,,,,,,,,,,,,,,,,,,,,,,,,,,,,,,,On,Connected,-71.000000,5220,68,,,,IWLAN
2032,1,,,-121.9314830,47.5244923,2026-01-23 19:25:57.000,_20260123_105610_CH02_TMO_5GNR_WFC_MT-DUT-2_TC-155.dml,,,,,,,,,,,,,,,,,,,,,,,,,,,,,594,,,On,Connected,-71.000000,5220,68,,,,IWLAN
2033,1,,,-121.9314830,47.5244923,2026-01-23 19:25:58.000,_20260123_105610_CH02_TMO_5GNR_WFC_MT-DUT-2_TC-155.dml,,,,,,,,,,,,,,,,,,,,,,,,,,,,,594,,,On,Connected,-71.000000,5220,68,,,,IWLAN
2034,1,,,-121.9314830,47.5244923,2026-01-23 19:25:58.582,_20260123_105610_CH02_TMO_5GNR_WFC_MT-DUT-2_TC-155.dml,,,,,,,,,,,,,,,,,,,,,,,[Tool] Voice - Call Scheduling End,,,,,,,,,,,,,,,,,
2035,1,,,-121.9314830,47.5244923,2026-01-23 19:25:58.582,_20260123_105610_CH02_TMO_5GNR_WFC_MT-DUT-2_TC-155.dml,NR SA,Voice,BQ,NR SA,NR SA,,,,,,,,,,,,BQ,Termination,BQ,,,,,,,,,90.280000,,,,,,,,,,EPSFB,,
2036,1,,,-121.9314830,47.5244923,2026-01-23 19:25:58.582,_20260123_105610_CH02_TMO_5GNR_WFC_MT-DUT-2_TC-155.dml,,,,,,,,,,,,,,,,,,,,,,,[Tool] Voice - Release Call Request,,,,,,,,,,,,,,,,,
2037,1,,,-121.9314830,47.5244923,2026-01-23 19:25:59.099,_20260123_105610_CH02_TMO_5GNR_WFC_MT-DUT-2_TC-155.dml,,,,,,,,,,,,,,,,,,,,,,,[Tool] Voice - Call Scheduling Start(Term),,,,,,,,,,,,,,,,,
2038,1,,,-121.9314830,47.5244923,2026-01-23 19:25:59.099,_20260123_105610_CH02_TMO_5GNR_WFC_MT-DUT-2_TC-155.dml,,,,,,,,,,,,,,,,,,,,,,,[Tool] Voice - Wait Page,,,,,,,,,,,,,,,,,
2039,1,,,-121.9314830,47.5244923,2026-01-23 19:25:59.000,_20260123_105610_CH02_TMO_5GNR_WFC_MT-DUT-2_TC-155.dml,,,,,,,,,,,,,,,,,,,,,,,,,,,,,594,,,,Connected,,,,,,,IWLAN
2040,1,,,-121.9314830,47.5244923,2026-01-23 19:26:00.000,_20260123_105610_CH02_TMO_5GNR_WFC_MT-DUT-2_TC-155.dml,,,,,,,,,,,,,,,,,,,,,,,,,,,,,,,,On,Connected,-71.000000,5220,68,,,,IWLAN
2041,1,,,-121.9314830,47.5244923,2026-01-23 19:26:01.000,_20260123_105610_CH02_TMO_5GNR_WFC_MT-DUT-2_TC-155.dml,,,,,,,,,,,,,,,,,,,,,,,,,,,,,594,,,On,Connected,-71.000000,5220,68,,,,IWLAN
2042,1,,,-121.9314830,47.5244923,2026-01-23 19:26:02.000,_20260123_105610_CH02_TMO_5GNR_WFC_MT-DUT-2_TC-155.dml,,,,,,,,,,,,,,,,,,,,,,,,,,,,,,,,On,Connected,-71.000000,5220,68,,,,IWLAN
2043,1,,,-121.9314830,47.5244923,2026-01-23 19:26:02.551,_20260123_105610_CH02_TMO_5GNR_WFC_MT-DUT-2_TC-155.dml,,,,,,,,,,,,,,,,,,,,,,,[Tool] Voice - Answer Request,,,,,,,,,,,,,,,,,
2044,1,,,-121.9314830,47.5244923,2026-01-23 19:26:03.000,_20260123_105610_CH02_TMO_5GNR_WFC_MT-DUT-2_TC-155.dml,,,,,,,,,,,,,,,,,,,,,,,,,,,,,594,,,On,Connected,-71.000000,5220,68,,,,IWLAN
2045,1,,,-121.9314830,47.5244923,2026-01-23 19:26:03.693,_20260123_105610_CH02_TMO_5GNR_WFC_MT-DUT-2_TC-155.dml,,,,,,,,,,,,,,,,,,,,,,,[Tool] Voice - Answer Request,,,,,,,,,,,,,,,,,
2046,1,,,-121.9314830,47.5244923,2026-01-23 19:26:04.035,_20260123_105610_CH02_TMO_5GNR_WFC_MT-DUT-2_TC-155.dml,,,,,,,,,,,,,,,,,,,,,,,[UE]   Voice - Setup Success,,,,,,,,,,,,,,,,,
2047,1,,,-121.9314830,47.5244923,2026-01-23 19:26:04.000,_20260123_105610_CH02_TMO_5GNR_WFC_MT-DUT-2_TC-155.dml,,,,,,,,,,NR SA,,,,,,,,,,,,,,,,,,,,,,On,Connected,-71.000000,5220,68,,,,IWLAN
2048,1,,,-121.9314830,47.5244923,2026-01-23 19:26:05.000,_20260123_105610_CH02_TMO_5GNR_WFC_MT-DUT-2_TC-155.dml,,,,,,,,,,NR SA,,,,,,,,,,,,,,,,,,,594,,,On,Connected,-71.000000,5220,68,,,,IWLAN
2049,1,,,-121.9314830,47.5244923,2026-01-23 19:26:06.000,_20260123_105610_CH02_TMO_5GNR_WFC_MT-DUT-2_TC-155.dml,,,,,,,,,,NR SA,,,,,,,,,,,,,,,,,,,,,,,Connected,,,,,,,IWLAN
2050,1,,,-121.9314830,47.5244923,2026-01-23 19:26:07.000,_20260123_105610_CH02_TMO_5GNR_WFC_MT-DUT-2_TC-155.dml,,,,,,,,,,NR SA,,,,,,,,,,,,,,,,,,,594,,,On,Connected,-71.500000,5220,68,,,,IWLAN
2051,1,,,-121.9314830,47.5244923,2026-01-23 19:26:08.000,_20260123_105610_CH02_TMO_5GNR_WFC_MT-DUT-2_TC-155.dml,,,,,,,,,,NR SA,,,,,,,,,,,,,,,,,,,594,,,On,Connected,-72.000000,5220,68,,,,IWLAN
2052,1,,,-121.9314830,47.5244923,2026-01-23 19:26:09.000,_20260123_105610_CH02_TMO_5GNR_WFC_MT-DUT-2_TC-155.dml,,,,,,,,,,NR SA,,,,,,,,,,,,,,,,,,,,,,On,Connected,-72.000000,5220,68,,,,IWLAN
2053,1,,,-121.9314830,47.5244923,2026-01-23 19:26:10.000,_20260123_105610_CH02_TMO_5GNR_WFC_MT-DUT-2_TC-155.dml,,,,,,,,,,NR SA,,,,,,,,,,,,,,,,,,,594,,,On,Connected,-72.000000,5220,136,,,,IWLAN
2054,1,,,-121.9314830,47.5244923,2026-01-23 19:26:11.000,_20260123_105610_CH02_TMO_5GNR_WFC_MT-DUT-2_TC-155.dml,,,,,,,,,,NR SA,,,,,,,,,,,,,,,,,,,,,,On,Connected,-72.000000,5220,136,,,,IWLAN
2055,1,,,-121.9314830,47.5244923,2026-01-23 19:26:12.000,_20260123_105610_CH02_TMO_5GNR_WFC_MT-DUT-2_TC-155.dml,,,,,,,,,,NR SA,,,,,,,,,,,,,,,,,,,594,,,On,Connected,-72.000000,5220,136,,,,IWLAN
2056,1,,,-121.9314830,47.5244923,2026-01-23 19:26:13.000,_20260123_105610_CH02_TMO_5GNR_WFC_MT-DUT-2_TC-155.dml,,,,,,,,,,NR SA,,,,,,,,,,,,,,,,,,,,,,On,Connected,-71.000000,5220,68,,,,IWLAN
2057,1,,,-121.9314830,47.5244923,2026-01-23 19:26:14.000,_20260123_105610_CH02_TMO_5GNR_WFC_MT-DUT-2_TC-155.dml,,,,,,,,,,NR SA,,,,,,,,,,,,,,,,,,,594,,,On,Connected,-71.000000,5220,68,,,,IWLAN
2058,1,,,-121.9314830,47.5244923,2026-01-23 19:26:15.000,_20260123_105610_CH02_TMO_5GNR_WFC_MT-DUT-2_TC-155.dml,,,,,,,,,,NR SA,,,,,,,,,,,,,,,,,,,,,2.626167,,Connected,,,,,,,IWLAN
2059,1,,,-121.9314830,47.5244923,2026-01-23 19:26:16.000,_20260123_105610_CH02_TMO_5GNR_WFC_MT-DUT-2_TC-155.dml,,,,,,,,,,NR SA,,,,,,,,,,,,,,,,,,,594,,2.626167,On,Connected,-71.000000,5220,136,,,,IWLAN
2060,1,,,-121.9314830,47.5244923,2026-01-23 19:26:17.000,_20260123_105610_CH02_TMO_5GNR_WFC_MT-DUT-2_TC-155.dml,,,,,,,,,,NR SA,,,,,,,,,,,,,,,,,,,,,2.626167,On,Connected,-71.000000,5220,136,,,,IWLAN
2061,1,,,-121.9314830,47.5244923,2026-01-23 19:26:18.000,_20260123_105610_CH02_TMO_5GNR_WFC_MT-DUT-2_TC-155.dml,,,,,,,,,,NR SA,,,,,,,,,,,,,,,,,,,594,,2.626167,On,Connected,-71.000000,5220,136,,,,IWLAN
2062,1,,,-121.9314830,47.5244923,2026-01-23 19:26:19.000,_20260123_105610_CH02_TMO_5GNR_WFC_MT-DUT-2_TC-155.dml,,,,,,,,,,NR SA,,,,,,,,,,,,,,,,,,,,,2.626167,On,Connected,-70.000000,5220,102,,,,IWLAN
2063,1,,,-121.9314830,47.5244923,2026-01-23 19:26:20.000,_20260123_105610_CH02_TMO_5GNR_WFC_MT-DUT-2_TC-155.dml,,,,,,,,,,NR SA,,,,,,,,,,,,,,,,,,,594,,2.626167,On,Connected,-70.000000,5220,102,,,,IWLAN
2064,1,,,-121.9314830,47.5244923,2026-01-23 19:26:21.000,_20260123_105610_CH02_TMO_5GNR_WFC_MT-DUT-2_TC-155.dml,,,,,,,,,,NR SA,,,,,,,,,,,,,,,,,,,,,2.626167,On,Connected,-70.000000,5220,102,,,,IWLAN
2065,1,,,-121.9314830,47.5244923,2026-01-23 19:26:22.000,_20260123_105610_CH02_TMO_5GNR_WFC_MT-DUT-2_TC-155.dml,,,,,,,,,,NR SA,,,,,,,,,,,,,,,,,,,594,,2.626167,,Connected,,,,,,,IWLAN
2066,1,,,-121.9314830,47.5244923,2026-01-23 19:26:23.000,_20260123_105610_CH02_TMO_5GNR_WFC_MT-DUT-2_TC-155.dml,,,,,,,,,,NR SA,,,,,,,,,,,,,,,,,,,,,2.626167,On,Connected,-71.000000,5220,136,,,,IWLAN
2067,1,,,-121.9314830,47.5244923,2026-01-23 19:26:24.000,_20260123_105610_CH02_TMO_5GNR_WFC_MT-DUT-2_TC-155.dml,,,,,,,,,,NR SA,,,,,,,,,,,,,,,,,,,594,,2.626167,On,Connected,-71.000000,5220,136,,,,IWLAN
2068,1,,,-121.9314830,47.5244923,2026-01-23 19:26:24.942,_20260123_105610_CH02_TMO_5GNR_WFC_MT-DUT-2_TC-155.dml,,,,,,,,,,,,,,,,,,,,,,,,,,,,,,-79.200588,,,,,,,,,,
2069,1,,,-121.9314830,47.5244923,2026-01-23 19:26:25.000,_20260123_105610_CH02_TMO_5GNR_WFC_MT-DUT-2_TC-155.dml,,,,,,,,,,NR SA,,,,,,,,,,,,,,,,,,,594,,,On,Connected,-71.000000,5220,136,,,,IWLAN
2070,1,,,-121.9314830,47.5244923,2026-01-23 19:26:26.000,_20260123_105610_CH02_TMO_5GNR_WFC_MT-DUT-2_TC-155.dml,,,,,,,,,,NR SA,,,,,,,,,,,,,,,,,,,594,,,On,Connected,-71.000000,5220,136,,,,IWLAN
2071,1,,,-121.9314830,47.5244923,2026-01-23 19:26:27.000,_20260123_105610_CH02_TMO_5GNR_WFC_MT-DUT-2_TC-155.dml,,,,,,,,,,NR SA,,,,,,,,,,,,,,,,,,,,,,On,Connected,-71.000000,5220,136,,,,IWLAN
2072,1,,,-121.9314830,47.5244923,2026-01-23 19:26:28.000,_20260123_105610_CH02_TMO_5GNR_WFC_MT-DUT-2_TC-155.dml,,,,,,,,,,NR SA,,,,,,,,,,,,,,,,,,,594,,,On,Connected,-71.000000,5220,68,,,,IWLAN
2073,1,,,-121.9314830,47.5244923,2026-01-23 19:26:29.000,_20260123_105610_CH02_TMO_5GNR_WFC_MT-DUT-2_TC-155.dml,,,,,,,,,,NR SA,,,,,,,,,,,,,,,,,,,,,,,Connected,,,,,,,IWLAN
2074,1,,,-121.9314830,47.5244923,2026-01-23 19:26:30.000,_20260123_105610_CH02_TMO_5GNR_WFC_MT-DUT-2_TC-155.dml,,,,,,,,,,NR SA,,,,,,,,,,,,,,,,,,,594,,,On,Connected,-71.000000,5220,68,,,,IWLAN
2075,1,,,-121.9314830,47.5244923,2026-01-23 19:26:31.000,_20260123_105610_CH02_TMO_5GNR_WFC_MT-DUT-2_TC-155.dml,,,,,,,,,,NR SA,,,,,,,,,,,,,,,,,,,,,,,Connected,,,,,,,IWLAN
2076,1,,,-121.9314830,47.5244923,2026-01-23 19:26:32.000,_20260123_105610_CH02_TMO_5GNR_WFC_MT-DUT-2_TC-155.dml,,,,,,,,,,NR SA,,,,,,,,,,,,,,,,,,,594,,,On,Connected,-72.000000,5220,136,,,,IWLAN
2077,1,,,-121.9314830,47.5244923,2026-01-23 19:26:33.000,_20260123_105610_CH02_TMO_5GNR_WFC_MT-DUT-2_TC-155.dml,,,,,,,,,,NR SA,,,,,,,,,,,,,,,,,,,594,,,On,Connected,-72.000000,5220,136,,,,IWLAN
2078,1,,,-121.9314830,47.5244923,2026-01-23 19:26:34.000,_20260123_105610_CH02_TMO_5GNR_WFC_MT-DUT-2_TC-155.dml,,,,,,,,,,NR SA,,,,,,,,,,,,,,,,,,,594,,,On,Connected,-73.000000,5220,68,,,,IWLAN
2079,1,,,-121.9314830,47.5244923,2026-01-23 19:26:35.000,_20260123_105610_CH02_TMO_5GNR_WFC_MT-DUT-2_TC-155.dml,,,,,,,,,,NR SA,,,,,,,,,,,,,,,,,,,594,,1.896565,On,Connected,-73.000000,5220,68,,,,IWLAN
2080,1,,,-121.9314830,47.5244923,2026-01-23 19:26:36.000,_20260123_105610_CH02_TMO_5GNR_WFC_MT-DUT-2_TC-155.dml,,,,,,,,,,NR SA,,,,,,,,,,,,,,,,,,,594,,1.896565,,Connected,,,,,,,IWLAN
2081,1,,,-121.9314830,47.5244923,2026-01-23 19:26:37.000,_20260123_105610_CH02_TMO_5GNR_WFC_MT-DUT-2_TC-155.dml,,,,,,,,,,NR SA,,,,,,,,,,,,,,,,,,,594,,1.896565,On,Connected,-73.000000,5220,60,,,,IWLAN
2082,1,,,-121.9314830,47.5244923,2026-01-23 19:26:38.000,_20260123_105610_CH02_TMO_5GNR_WFC_MT-DUT-2_TC-155.dml,,,,,,,,,,NR SA,,,,,,,,,,,,,,,,,,,594,,1.896565,,Connected,,,,,,,IWLAN
2083,1,,,-121.9314830,47.5244923,2026-01-23 19:26:39.000,_20260123_105610_CH02_TMO_5GNR_WFC_MT-DUT-2_TC-155.dml,,,,,,,,,,NR SA,,,,,,,,,,,,,,,,,,,594,,1.896565,On,Connected,-73.000000,5220,60,,,,IWLAN
2084,1,,,-121.9314830,47.5244923,2026-01-23 19:26:40.000,_20260123_105610_CH02_TMO_5GNR_WFC_MT-DUT-2_TC-155.dml,,,,,,,,,,NR SA,,,,,,,,,,,,,,,,,,,594,,1.896565,On,Connected,-72.000000,5220,68,,,,IWLAN
2085,1,,,-121.9314830,47.5244923,2026-01-23 19:26:41.000,_20260123_105610_CH02_TMO_5GNR_WFC_MT-DUT-2_TC-155.dml,,,,,,,,,,NR SA,,,,,,,,,,,,,,,,,,,594,,1.896565,,Connected,,,,,,,IWLAN
2086,1,,,-121.9314830,47.5244923,2026-01-23 19:26:42.000,_20260123_105610_CH02_TMO_5GNR_WFC_MT-DUT-2_TC-155.dml,,,,,,,,,,NR SA,,,,,,,,,,,,,,,,,,,594,,1.896565,On,Connected,-72.000000,5220,68,,,,IWLAN
2087,1,,,-121.9314830,47.5244923,2026-01-23 19:26:43.000,_20260123_105610_CH02_TMO_5GNR_WFC_MT-DUT-2_TC-155.dml,,,,,,,,,,NR SA,,,,,,,,,,,,,,,,,,,594,,1.896565,,Connected,,,,,,,IWLAN
2088,1,,,-121.9314830,47.5244923,2026-01-23 19:26:44.000,_20260123_105610_CH02_TMO_5GNR_WFC_MT-DUT-2_TC-155.dml,,,,,,,,,,NR SA,,,,,,,,,,,,,,,,,,,594,,,On,Connected,-72.000000,5220,136,,,,IWLAN
2089,1,,,-121.9314830,47.5244923,2026-01-23 19:26:44.910,_20260123_105610_CH02_TMO_5GNR_WFC_MT-DUT-2_TC-155.dml,,,,,,,,,,,,,,,,,,,,,,,,,,,,,,-76.423295,,,,,,,,,,
2090,1,,,-121.9314830,47.5244923,2026-01-23 19:26:45.000,_20260123_105610_CH02_TMO_5GNR_WFC_MT-DUT-2_TC-155.dml,,,,,,,,,,NR SA,,,,,,,,,,,,,,,,,,,594,,,,Connected,,,,,,,IWLAN
2091,1,,,-121.9314830,47.5244923,2026-01-23 19:26:46.000,_20260123_105610_CH02_TMO_5GNR_WFC_MT-DUT-2_TC-155.dml,,,,,,,,,,NR SA,,,,,,,,,,,,,,,,,,,594,,,On,Connected,-72.000000,5220,136,,,,IWLAN
2092,1,,,-121.9314830,47.5244923,2026-01-23 19:26:47.000,_20260123_105610_CH02_TMO_5GNR_WFC_MT-DUT-2_TC-155.dml,,,,,,,,,,NR SA,,,,,,,,,,,,,,,,,,,594,,,,Connected,,,,,,,IWLAN
2093,1,,,-121.9314830,47.5244923,2026-01-23 19:26:48.000,_20260123_105610_CH02_TMO_5GNR_WFC_MT-DUT-2_TC-155.dml,,,,,,,,,,NR SA,,,,,,,,,,,,,,,,,,,594,,,On,Connected,-72.000000,5220,136,,,,IWLAN
2094,1,,,-121.9314830,47.5244923,2026-01-23 19:26:49.000,_20260123_105610_CH02_TMO_5GNR_WFC_MT-DUT-2_TC-155.dml,,,,,,,,,,NR SA,,,,,,,,,,,,,,,,,,,594,,,On,Connected,-72.000000,5220,136,,,,IWLAN
2095,1,,,-121.9314830,47.5244923,2026-01-23 19:26:50.000,_20260123_105610_CH02_TMO_5GNR_WFC_MT-DUT-2_TC-155.dml,,,,,,,,,,NR SA,,,,,,,,,,,,,,,,,,,594,,,On,Connected,-72.000000,5220,136,,,,IWLAN
2096,1,,,-121.9314830,47.5244923,2026-01-23 19:26:51.000,_20260123_105610_CH02_TMO_5GNR_WFC_MT-DUT-2_TC-155.dml,,,,,,,,,,NR SA,,,,,,,,,,,,,,,,,,,594,,,On,Connected,-72.000000,5220,136,,,,IWLAN
2097,1,,,-121.9314830,47.5244923,2026-01-23 19:26:52.000,_20260123_105610_CH02_TMO_5GNR_WFC_MT-DUT-2_TC-155.dml,,,,,,,,,,NR SA,,,,,,,,,,,,,,,,,,,594,,,,Connected,,,,,,,IWLAN
2098,1,,,-121.9314830,47.5244923,2026-01-23 19:26:53.000,_20260123_105610_CH02_TMO_5GNR_WFC_MT-DUT-2_TC-155.dml,,,,,,,,,,NR SA,,,,,,,,,,,,,,,,,,,594,,,On,Connected,-72.000000,5220,136,,,,IWLAN
2099,1,,,-121.9314830,47.5244923,2026-01-23 19:26:54.000,_20260123_105610_CH02_TMO_5GNR_WFC_MT-DUT-2_TC-155.dml,,,,,,,,,,NR SA,,,,,,,,,,,,,,,,,,,594,,,,Connected,,,,,,,IWLAN
2100,1,,,-121.9314830,47.5244923,2026-01-23 19:26:55.000,_20260123_105610_CH02_TMO_5GNR_WFC_MT-DUT-2_TC-155.dml,,,,,,,,,,NR SA,,,,,,,,,,,,,,,,,,,594,,1.983623,On,Connected,-72.000000,5220,136,,,,IWLAN
2101,1,,,-121.9314830,47.5244923,2026-01-23 19:26:56.000,_20260123_105610_CH02_TMO_5GNR_WFC_MT-DUT-2_TC-155.dml,,,,,,,,,,NR SA,,,,,,,,,,,,,,,,,,,594,,1.983623,On,Connected,-72.000000,5220,136,,,,IWLAN
2102,1,,,-121.9314830,47.5244923,2026-01-23 19:26:57.000,_20260123_105610_CH02_TMO_5GNR_WFC_MT-DUT-2_TC-155.dml,,,,,,,,,,NR SA,,,,,,,,,,,,,,,,,,,594,,1.983623,,Connected,,,,,,,IWLAN
2103,1,,,-121.9314830,47.5244923,2026-01-23 19:26:58.000,_20260123_105610_CH02_TMO_5GNR_WFC_MT-DUT-2_TC-155.dml,,,,,,,,,,NR SA,,,,,,,,,,,,,,,,,,,594,,1.983623,On,Connected,-72.000000,5220,136,,,,IWLAN
2104,1,,,-121.9314830,47.5244923,2026-01-23 19:26:59.000,_20260123_105610_CH02_TMO_5GNR_WFC_MT-DUT-2_TC-155.dml,,,,,,,,,,NR SA,,,,,,,,,,,,,,,,,,,594,,1.983623,,Connected,,,,,,,IWLAN
2105,1,,,-121.9314830,47.5244923,2026-01-23 19:27:00.000,_20260123_105610_CH02_TMO_5GNR_WFC_MT-DUT-2_TC-155.dml,,,,,,,,,,NR SA,,,,,,,,,,,,,,,,,,,594,,1.983623,On,Connected,-72.000000,5220,136,,,,IWLAN
2106,1,,,-121.9314830,47.5244923,2026-01-23 19:27:01.000,_20260123_105610_CH02_TMO_5GNR_WFC_MT-DUT-2_TC-155.dml,,,,,,,,,,NR SA,,,,,,,,,,,,,,,,,,,594,,1.983623,,Connected,,,,,,,IWLAN
2107,1,,,-121.9314830,47.5244923,2026-01-23 19:27:02.000,_20260123_105610_CH02_TMO_5GNR_WFC_MT-DUT-2_TC-155.dml,,,,,,,,,,NR SA,,,,,,,,,,,,,,,,,,,594,,1.983623,On,Connected,-72.000000,5220,136,,,,IWLAN
2108,1,,,-121.9314830,47.5244923,2026-01-23 19:27:03.000,_20260123_105610_CH02_TMO_5GNR_WFC_MT-DUT-2_TC-155.dml,,,,,,,,,,NR SA,,,,,,,,,,,,,,,,,,,594,,1.983623,,Connected,,,,,,,IWLAN
2109,1,,,-121.9314830,47.5244923,2026-01-23 19:27:04.000,_20260123_105610_CH02_TMO_5GNR_WFC_MT-DUT-2_TC-155.dml,,,,,,,,,,NR SA,,,,,,,,,,,,,,,,,,,594,,,On,Connected,-72.000000,5220,136,,,,IWLAN
2110,1,,,-121.9314830,47.5244923,2026-01-23 19:27:04.910,_20260123_105610_CH02_TMO_5GNR_WFC_MT-DUT-2_TC-155.dml,,,,,,,,,,,,,,,,,,,,,,,,,,,,,,-78.247500,,,,,,,,,,
2111,1,,,-121.9314830,47.5244923,2026-01-23 19:27:05.000,_20260123_105610_CH02_TMO_5GNR_WFC_MT-DUT-2_TC-155.dml,,,,,,,,,,NR SA,,,,,,,,,,,,,,,,,,,594,,,On,Connected,-72.000000,5220,136,,,,IWLAN
2112,1,,,-121.9314830,47.5244923,2026-01-23 19:27:06.000,_20260123_105610_CH02_TMO_5GNR_WFC_MT-DUT-2_TC-155.dml,,,,,,,,,,NR SA,,,,,,,,,,,,,,,,,,,594,,,,Connected,,,,,,,IWLAN
2113,1,,,-121.9314830,47.5244923,2026-01-23 19:27:07.000,_20260123_105610_CH02_TMO_5GNR_WFC_MT-DUT-2_TC-155.dml,,,,,,,,,,NR SA,,,,,,,,,,,,,,,,,,,594,,,On,Connected,-72.000000,5220,136,,,,IWLAN
2114,1,,,-121.9314830,47.5244923,2026-01-23 19:27:08.000,_20260123_105610_CH02_TMO_5GNR_WFC_MT-DUT-2_TC-155.dml,,,,,,,,,,NR SA,,,,,,,,,,,,,,,,,,,594,,,,Connected,,,,,,,IWLAN
2115,1,,,-121.9314830,47.5244923,2026-01-23 19:27:09.000,_20260123_105610_CH02_TMO_5GNR_WFC_MT-DUT-2_TC-155.dml,,,,,,,,,,NR SA,,,,,,,,,,,,,,,,,,,594,,,On,Connected,-72.000000,5220,136,,,,IWLAN
2116,1,,,-121.9314830,47.5244923,2026-01-23 19:27:10.000,_20260123_105610_CH02_TMO_5GNR_WFC_MT-DUT-2_TC-155.dml,,,,,,,,,,NR SA,,,,,,,,,,,,,,,,,,,594,,,,Connected,,,,,,,IWLAN
2117,1,,,-121.9314830,47.5244923,2026-01-23 19:27:11.000,_20260123_105610_CH02_TMO_5GNR_WFC_MT-DUT-2_TC-155.dml,,,,,,,,,,NR SA,,,,,,,,,,,,,,,,,,,594,,,On,Connected,-72.000000,5220,136,,,,IWLAN
2118,1,,,-121.9314830,47.5244923,2026-01-23 19:27:12.000,_20260123_105610_CH02_TMO_5GNR_WFC_MT-DUT-2_TC-155.dml,,,,,,,,,,NR SA,,,,,,,,,,,,,,,,,,,594,,,On,Connected,-72.000000,5220,136,,,,IWLAN
2119,1,,,-121.9314830,47.5244923,2026-01-23 19:27:13.000,_20260123_105610_CH02_TMO_5GNR_WFC_MT-DUT-2_TC-155.dml,,,,,,,,,,NR SA,,,,,,,,,,,,,,,,,,,594,,,On,Connected,-72.000000,5220,136,,,,IWLAN
2120,1,,,-121.9314830,47.5244923,2026-01-23 19:27:14.000,_20260123_105610_CH02_TMO_5GNR_WFC_MT-DUT-2_TC-155.dml,,,,,,,,,,NR SA,,,,,,,,,,,,,,,,,,,594,,2.898347,On,Connected,-72.000000,5220,136,,,,IWLAN
2121,1,,,-121.9314830,47.5244923,2026-01-23 19:27:15.000,_20260123_105610_CH02_TMO_5GNR_WFC_MT-DUT-2_TC-155.dml,,,,,,,,,,NR SA,,,,,,,,,,,,,,,,,,,594,,2.898347,,Connected,,,,,,,IWLAN
2122,1,,,-121.9314830,47.5244923,2026-01-23 19:27:16.000,_20260123_105610_CH02_TMO_5GNR_WFC_MT-DUT-2_TC-155.dml,,,,,,,,,,NR SA,,,,,,,,,,,,,,,,,,,594,,2.898347,On,Connected,-72.000000,5220,136,,,,IWLAN
2123,1,,,-121.9314830,47.5244923,2026-01-23 19:27:17.000,_20260123_105610_CH02_TMO_5GNR_WFC_MT-DUT-2_TC-155.dml,,,,,,,,,,NR SA,,,,,,,,,,,,,,,,,,,594,,2.898347,On,Connected,-72.000000,5220,136,,,,IWLAN
2124,1,,,-121.9314830,47.5244923,2026-01-23 19:27:18.000,_20260123_105610_CH02_TMO_5GNR_WFC_MT-DUT-2_TC-155.dml,,,,,,,,,,NR SA,,,,,,,,,,,,,,,,,,,594,,2.898347,On,Connected,-72.000000,5220,136,,,,IWLAN
2125,1,,,-121.9314830,47.5244923,2026-01-23 19:27:19.000,_20260123_105610_CH02_TMO_5GNR_WFC_MT-DUT-2_TC-155.dml,,,,,,,,,,NR SA,,,,,,,,,,,,,,,,,,,594,,2.898347,,Connected,,,,,,,IWLAN
2126,1,,,-121.9314830,47.5244923,2026-01-23 19:27:20.000,_20260123_105610_CH02_TMO_5GNR_WFC_MT-DUT-2_TC-155.dml,,,,,,,,,,NR SA,,,,,,,,,,,,,,,,,,,594,,2.898347,On,Connected,-72.000000,5220,136,,,,IWLAN
2127,1,,,-121.9314830,47.5244923,2026-01-23 19:27:21.000,_20260123_105610_CH02_TMO_5GNR_WFC_MT-DUT-2_TC-155.dml,,,,,,,,,,NR SA,,,,,,,,,,,,,,,,,,,594,,2.898347,On,Connected,-72.000000,5220,136,,,,IWLAN
2128,1,,,-121.9314830,47.5244923,2026-01-23 19:27:22.000,_20260123_105610_CH02_TMO_5GNR_WFC_MT-DUT-2_TC-155.dml,,,,,,,,,,NR SA,,,,,,,,,,,,,,,,,,,594,,2.898347,,Connected,,,,,,,IWLAN
2129,1,,,-121.9314830,47.5244923,2026-01-23 19:27:23.000,_20260123_105610_CH02_TMO_5GNR_WFC_MT-DUT-2_TC-155.dml,,,,,,,,,,NR SA,,,,,,,,,,,,,,,,,,,594,,2.898347,On,Connected,-72.000000,5220,136,,,,IWLAN
2130,1,,,-121.9314830,47.5244923,2026-01-23 19:27:24.000,_20260123_105610_CH02_TMO_5GNR_WFC_MT-DUT-2_TC-155.dml,,,,,,,,,,NR SA,,,,,,,,,,,,,,,,,,,594,,,,Connected,,,,,,,IWLAN
2131,1,,,-121.9314830,47.5244923,2026-01-23 19:27:24.880,_20260123_105610_CH02_TMO_5GNR_WFC_MT-DUT-2_TC-155.dml,,,,,,,,,,,,,,,,,,,,,,,,,,,,,,-75.255000,,,,,,,,,,
2132,1,,,-121.9314830,47.5244923,2026-01-23 19:27:25.000,_20260123_105610_CH02_TMO_5GNR_WFC_MT-DUT-2_TC-155.dml,,,,,,,,,,NR SA,,,,,,,,,,,,,,,,,,,594,,,On,Connected,-72.000000,5220,136,,,,IWLAN
2133,1,,,-121.9314830,47.5244923,2026-01-23 19:27:26.000,_20260123_105610_CH02_TMO_5GNR_WFC_MT-DUT-2_TC-155.dml,,,,,,,,,,NR SA,,,,,,,,,,,,,,,,,,,594,,,On,Connected,-72.000000,5220,136,,,,IWLAN
2134,1,,,-121.9314830,47.5244923,2026-01-23 19:27:27.000,_20260123_105610_CH02_TMO_5GNR_WFC_MT-DUT-2_TC-155.dml,,,,,,,,,,NR SA,,,,,,,,,,,,,,,,,,,594,,,On,Connected,-72.000000,5220,136,,,,IWLAN
2135,1,,,-121.9314830,47.5244923,2026-01-23 19:27:28.000,_20260123_105610_CH02_TMO_5GNR_WFC_MT-DUT-2_TC-155.dml,,,,,,,,,,NR SA,,,,,,,,,,,,,,,,,,,594,,,On,Connected,-72.000000,5220,136,,,,IWLAN
2136,1,,,-121.9314830,47.5244923,2026-01-23 19:27:29.000,_20260123_105610_CH02_TMO_5GNR_WFC_MT-DUT-2_TC-155.dml,,,,,,,,,,NR SA,,,,,,,,,,,,,,,,,,,594,,,,Connected,,,,,,,IWLAN
2137,1,,,-121.9314830,47.5244923,2026-01-23 19:27:30.000,_20260123_105610_CH02_TMO_5GNR_WFC_MT-DUT-2_TC-155.dml,,,,,,,,,,NR SA,,,,,,,,,,,,,,,,,,,594,,,On,Connected,-72.000000,5220,136,,,,IWLAN
2138,1,,,-121.9314830,47.5244923,2026-01-23 19:27:31.000,_20260123_105610_CH02_TMO_5GNR_WFC_MT-DUT-2_TC-155.dml,,,,,,,,,,NR SA,,,,,,,,,,,,,,,,,,,594,,,,Connected,,,,,,,IWLAN
2139,1,,,-121.9314830,47.5244923,2026-01-23 19:27:32.000,_20260123_105610_CH02_TMO_5GNR_WFC_MT-DUT-2_TC-155.dml,,,,,,,,,,NR SA,,,,,,,,,,,,,,,,,,,594,,,On,Connected,-72.000000,5220,136,,,,IWLAN
2140,1,,,-121.9314830,47.5244923,2026-01-23 19:27:33.000,_20260123_105610_CH02_TMO_5GNR_WFC_MT-DUT-2_TC-155.dml,,,,,,,,,,NR SA,,,,,,,,,,,,,,,,,,,594,,,On,Connected,-72.000000,5220,136,,,,IWLAN
2141,1,,,-121.9314830,47.5244923,2026-01-23 19:27:34.224,_20260123_105610_CH02_TMO_5GNR_WFC_MT-DUT-2_TC-155.dml,,,,,,,,,,,,,,,,,,,,,,,[Tool] Voice - Pair Channel Call Drop,,,,,,,,,,,,,,,,,
2142,1,,,-121.9314830,47.5244923,2026-01-23 19:27:34.224,_20260123_105610_CH02_TMO_5GNR_WFC_MT-DUT-2_TC-155.dml,,,,,,,,,,,,,,,,,,,,,,,[Tool] Voice - Release Call Request,,,,,,,,,,,,,,,,,
2143,1,,,-121.9314830,47.5244923,2026-01-23 19:27:34.000,_20260123_105610_CH02_TMO_5GNR_WFC_MT-DUT-2_TC-155.dml,,,,,,,,,,NR SA,,,,,,,,,,,,,,,,,,,594,,,On,Connected,-72.000000,5220,136,,,,IWLAN
2144,1,,,-121.9314830,47.5244923,2026-01-23 19:27:34.724,_20260123_105610_CH02_TMO_5GNR_WFC_MT-DUT-2_TC-155.dml,,,,,,,,,,,,,,,,,,,,,,Complete,[Tool] Voice - Call Result : Complete,,,,,,,,,,,,,,,,,
2145,1,,,-121.9314830,47.5244923,2026-01-23 19:27:34.724,_20260123_105610_CH02_TMO_5GNR_WFC_MT-DUT-2_TC-155.dml,,,,,,,,,,,,,,,,,,,,,,,[UE]   Voice - Release Call Success,,,,,,,,,,,,,,,,,
2146,1,,,-121.9314830,47.5244923,2026-01-23 19:27:35.000,_20260123_105610_CH02_TMO_5GNR_WFC_MT-DUT-2_TC-155.dml,,,,,,,,,,,,,,,,,,,,,,,,1,,,,,594,,,On,Connected,-72.000000,5220,136,,,,IWLAN
2147,1,,,-121.9314830,47.5244923,2026-01-23 19:27:35.739,_20260123_105610_CH02_TMO_5GNR_WFC_MT-DUT-2_TC-155.dml,,,,,,,,,,,,,,,,,,,,,,,[UE]   Voice - Release Call Success,,,,,,,,,,,,,,,,,
2148,1,,,-121.9314830,47.5244923,2026-01-23 19:27:36.000,_20260123_105610_CH02_TMO_5GNR_WFC_MT-DUT-2_TC-155.dml,,,,,,,,,,,,,,,,,,,,,,,,,,,,,594,,,On,Connected,-71.000000,5220,136,,,,IWLAN
2149,1,,,-121.9314830,47.5244923,2026-01-23 19:27:37.000,_20260123_105610_CH02_TMO_5GNR_WFC_MT-DUT-2_TC-155.dml,,,,,,,,,,,,,,,,,,,,,,,,,,,,,594,,,On,Connected,-71.000000,5220,136,,,,IWLAN
2150,1,,,-121.9314830,47.5244923,2026-01-23 19:27:38.000,_20260123_105610_CH02_TMO_5GNR_WFC_MT-DUT-2_TC-155.dml,,,,,,,,,,,,,,,,,,,,,,,,,,,,,594,,,,Connected,,,,,,,IWLAN
2151,1,,,-121.9314830,47.5244923,2026-01-23 19:27:39.000,_20260123_105610_CH02_TMO_5GNR_WFC_MT-DUT-2_TC-155.dml,,,,,,,,,,,,,,,,,,,,,,,,,,,,,594,,,On,Connected,-71.000000,5220,92,,,,IWLAN
2152,1,,,-121.9314830,47.5244923,2026-01-23 19:27:40.000,_20260123_105610_CH02_TMO_5GNR_WFC_MT-DUT-2_TC-155.dml,,,,,,,,,,,,,,,,,,,,,,,,,,,,,594,,,On,Connected,-71.000000,5220,92,,,,IWLAN
2153,1,,,-121.9314830,47.5244923,2026-01-23 19:27:41.000,_20260123_105610_CH02_TMO_5GNR_WFC_MT-DUT-2_TC-155.dml,,,,,,,,,,,,,,,,,,,,,,,,,,,,,594,,,On,Connected,-71.000000,5220,92,,,,IWLAN
2154,1,,,-121.9314830,47.5244923,2026-01-23 19:27:42.000,_20260123_105610_CH02_TMO_5GNR_WFC_MT-DUT-2_TC-155.dml,,,,,,,,,,,,,,,,,,,,,,,,,,,,,594,,,On,Connected,-72.000000,5220,132,,,,IWLAN
2155,1,,,-121.9314830,47.5244923,2026-01-23 19:27:43.000,_20260123_105610_CH02_TMO_5GNR_WFC_MT-DUT-2_TC-155.dml,,,,,,,,,,,,,,,,,,,,,,,,,,,,,594,,,On,Connected,-72.000000,5220,132,,,,IWLAN
2156,1,,,-121.9314830,47.5244923,2026-01-23 19:27:44.000,_20260123_105610_CH02_TMO_5GNR_WFC_MT-DUT-2_TC-155.dml,,,,,,,,,,,,,,,,,,,,,,,,,,,,,594,,,On,Connected,-72.000000,5220,92,,,,IWLAN
2157,1,,,-121.9314830,47.5244923,2026-01-23 19:27:45.000,_20260123_105610_CH02_TMO_5GNR_WFC_MT-DUT-2_TC-155.dml,,,,,,,,,,,,,,,,,,,,,,,,,,,,,594,,,,Connected,,,,,,,IWLAN
2158,1,,,-121.9314830,47.5244923,2026-01-23 19:27:46.000,_20260123_105610_CH02_TMO_5GNR_WFC_MT-DUT-2_TC-155.dml,,,,,,,,,,,,,,,,,,,,,,,,,,,,,594,,,On,Connected,-72.000000,5220,92,,,,IWLAN
2159,1,,,-121.9314830,47.5244923,2026-01-23 19:27:47.000,_20260123_105610_CH02_TMO_5GNR_WFC_MT-DUT-2_TC-155.dml,,,,,,,,,,,,,,,,,,,,,,,,,,,,,594,,,,Connected,,,,,,,IWLAN
2160,1,,,-121.9314830,47.5244923,2026-01-23 19:27:48.000,_20260123_105610_CH02_TMO_5GNR_WFC_MT-DUT-2_TC-155.dml,,,,,,,,,,,,,,,,,,,,,,,,,,,,,594,,,On,Connected,-71.000000,5220,132,,,,IWLAN
2161,1,,,-121.9314830,47.5244923,2026-01-23 19:27:49.000,_20260123_105610_CH02_TMO_5GNR_WFC_MT-DUT-2_TC-155.dml,,,,,,,,,,,,,,,,,,,,,,,,,,,,,594,,,On,Connected,-71.000000,5220,132,,,,IWLAN
2162,1,,,-121.9314830,47.5244923,2026-01-23 19:27:50.000,_20260123_105610_CH02_TMO_5GNR_WFC_MT-DUT-2_TC-155.dml,,,,,,,,,,,,,,,,,,,,,,,,,,,,,594,,,On,Connected,-71.000000,5220,132,,,,IWLAN
2163,1,,,-121.9314830,47.5244923,2026-01-23 19:27:51.000,_20260123_105610_CH02_TMO_5GNR_WFC_MT-DUT-2_TC-155.dml,,,,,,,,,,,,,,,,,,,,,,,,,,,,,594,,,On,Connected,-71.000000,5220,136,,,,IWLAN
2164,1,,,-121.9314830,47.5244923,2026-01-23 19:27:52.000,_20260123_105610_CH02_TMO_5GNR_WFC_MT-DUT-2_TC-155.dml,,,,,,,,,,,,,,,,,,,,,,,,,,,,,594,,,On,Connected,-71.000000,5220,136,,,,IWLAN
2165,1,,,-121.9314830,47.5244923,2026-01-23 19:27:53.000,_20260123_105610_CH02_TMO_5GNR_WFC_MT-DUT-2_TC-155.dml,,,,,,,,,,,,,,,,,,,,,,,,,,,,,594,,,On,Connected,-71.000000,5220,132,,,,IWLAN
2166,1,,,-121.9314830,47.5244923,2026-01-23 19:27:54.000,_20260123_105610_CH02_TMO_5GNR_WFC_MT-DUT-2_TC-155.dml,,,,,,,,,,,,,,,,,,,,,,,,,,,,,594,,,,Connected,,,,,,,IWLAN
2167,1,,,-121.9314830,47.5244923,2026-01-23 19:27:55.000,_20260123_105610_CH02_TMO_5GNR_WFC_MT-DUT-2_TC-155.dml,,,,,,,,,,,,,,,,,,,,,,,,,,,,,594,,,On,Connected,-71.000000,5220,132,,,,IWLAN
2168,1,,,-121.9314830,47.5244923,2026-01-23 19:27:56.000,_20260123_105610_CH02_TMO_5GNR_WFC_MT-DUT-2_TC-155.dml,,,,,,,,,,,,,,,,,,,,,,,,,,,,,594,,,On,Connected,-71.000000,5220,132,,,,IWLAN
2169,1,,,-121.9314830,47.5244923,2026-01-23 19:27:57.000,_20260123_105610_CH02_TMO_5GNR_WFC_MT-DUT-2_TC-155.dml,,,,,,,,,,,,,,,,,,,,,,,,,,,,,594,,,On,Connected,-71.000000,5220,132,,,,IWLAN
2170,1,,,-121.9314830,47.5244923,2026-01-23 19:27:58.000,_20260123_105610_CH02_TMO_5GNR_WFC_MT-DUT-2_TC-155.dml,,,,,,,,,,,,,,,,,,,,,,,,,,,,,594,,,On,Connected,-71.000000,5220,132,,,,IWLAN
2171,1,,,-121.9314830,47.5244923,2026-01-23 19:27:59.000,_20260123_105610_CH02_TMO_5GNR_WFC_MT-DUT-2_TC-155.dml,,,,,,,,,,,,,,,,,,,,,,,,,,,,,594,,,On,Connected,-71.000000,5220,132,,,,IWLAN
2172,1,,,-121.9314830,47.5244923,2026-01-23 19:28:00.000,_20260123_105610_CH02_TMO_5GNR_WFC_MT-DUT-2_TC-155.dml,,,,,,,,,,,,,,,,,,,,,,,,,,,,,594,,,On,Connected,-71.000000,5220,184,,,,IWLAN
2173,1,,,-121.9314830,47.5244923,2026-01-23 19:28:01.000,_20260123_105610_CH02_TMO_5GNR_WFC_MT-DUT-2_TC-155.dml,,,,,,,,,,,,,,,,,,,,,,,,,,,,,594,,,On,Connected,-71.000000,5220,184,,,,IWLAN
2174,1,,,-121.9314830,47.5244923,2026-01-23 19:28:02.000,_20260123_105610_CH02_TMO_5GNR_WFC_MT-DUT-2_TC-155.dml,,,,,,,,,,,,,,,,,,,,,,,,,,,,,594,,,On,Connected,-71.000000,5220,184,,,,IWLAN
2175,1,,,-121.9314830,47.5244923,2026-01-23 19:28:02.599,_20260123_105610_CH02_TMO_5GNR_WFC_MT-DUT-2_TC-155.dml,,,,,,,,,,,,,,,,,,,,,,,[Tool] Voice - Release Call Request,,,,,,,,,,,,,,,,,
2176,1,,,-121.9314830,47.5244923,2026-01-23 19:28:03.000,_20260123_105610_CH02_TMO_5GNR_WFC_MT-DUT-2_TC-155.dml,,,,,,,,,,,,,,,,,,,,,,,,,,,,,594,,,On,Connected,-70.000000,5220,184,,,,IWLAN
2177,1,,,-121.9314830,47.5244923,2026-01-23 19:28:04.000,_20260123_105610_CH02_TMO_5GNR_WFC_MT-DUT-2_TC-155.dml,,,,,,,,,,,,,,,,,,,,,,,,,,,,,594,,,On,Connected,-70.000000,5220,184,,,,IWLAN
2178,1,,,-121.9314830,47.5244923,2026-01-23 19:28:05.130,_20260123_105610_CH02_TMO_5GNR_WFC_MT-DUT-2_TC-155.dml,,,,,,,,,,,,,,,,,,,,,,,[Tool] Voice - Call Scheduling End,,,,,,,,,,,,,,,,,
2179,1,,,-121.9314830,47.5244923,2026-01-23 19:28:05.130,_20260123_105610_CH02_TMO_5GNR_WFC_MT-DUT-2_TC-155.dml,NR SA,Voice,Complete,NR SA,NR SA,,,,,,,,,,,,Complete,Termination,Complete,,,,,,,,,90.189000,,,,,,,,,,EPSFB,,
2180,1,,,-121.9314830,47.5244923,2026-01-23 19:28:05.130,_20260123_105610_CH02_TMO_5GNR_WFC_MT-DUT-2_TC-155.dml,,,,,,,,,,,,,,,,,,,,,,,[Tool] Voice - Release Call Request,,,,,,,,,,,,,,,,,
2181,1,,,-121.9314830,47.5244923,2026-01-23 19:28:05.000,_20260123_105610_CH02_TMO_5GNR_WFC_MT-DUT-2_TC-155.dml,,,,,,,,,,,,,,,,,,,,,,,,,,,,,594,,,On,Connected,-70.000000,5220,184,,,,IWLAN
2182,1,,,-121.9314830,47.5244923,2026-01-23 19:28:05.630,_20260123_105610_CH02_TMO_5GNR_WFC_MT-DUT-2_TC-155.dml,,,,,,,,,,,,,,,,,,,,,,,[Tool] Voice - Call Scheduling Start(Term),,,,,,,,,,,,,,,,,
2183,1,,,-121.9314830,47.5244923,2026-01-23 19:28:05.630,_20260123_105610_CH02_TMO_5GNR_WFC_MT-DUT-2_TC-155.dml,,,,,,,,,,,,,,,,,,,,,,,[Tool] Voice - Wait Page,,,,,,,,,,,,,,,,,
2184,1,,,-121.9314830,47.5244923,2026-01-23 19:28:06.000,_20260123_105610_CH02_TMO_5GNR_WFC_MT-DUT-2_TC-155.dml,,,,,,,,,,,,,,,,,,,,,,,,,,,,,594,,,On,Connected,-70.000000,5220,184,,,,IWLAN
2185,1,,,-121.9314830,47.5244923,2026-01-23 19:28:07.000,_20260123_105610_CH02_TMO_5GNR_WFC_MT-DUT-2_TC-155.dml,,,,,,,,,,,,,,,,,,,,,,,,,,,,,594,,,On,Connected,-70.000000,5220,184,,,,IWLAN
2186,1,,,-121.9314830,47.5244923,2026-01-23 19:28:08.000,_20260123_105610_CH02_TMO_5GNR_WFC_MT-DUT-2_TC-155.dml,,,,,,,,,,,,,,,,,,,,,,,,,,,,,594,,,On,Connected,-70.000000,5220,184,,,,IWLAN
2187,1,,,-121.9314830,47.5244923,2026-01-23 19:28:08.599,_20260123_105610_CH02_TMO_5GNR_WFC_MT-DUT-2_TC-155.dml,,,,,,,,,,,,,,,,,,,,,,,[Tool] Voice - Answer Request,,,,,,,,,,,,,,,,,
2188,1,,,-121.9314830,47.5244923,2026-01-23 19:28:09.000,_20260123_105610_CH02_TMO_5GNR_WFC_MT-DUT-2_TC-155.dml,,,,,,,,,,,,,,,,,,,,,,,,,,,,,594,,,On,Connected,-71.000000,5220,184,,,,IWLAN
2189,1,,,-121.9314830,47.5244923,2026-01-23 19:28:09.443,_20260123_105610_CH02_TMO_5GNR_WFC_MT-DUT-2_TC-155.dml,,,,,,,,,,,,,,,,,,,,,,,[UE]   Voice - Setup Success,,,,,,,,,,,,,,,,,
2190,1,,,-121.9314830,47.5244923,2026-01-23 19:28:10.000,_20260123_105610_CH02_TMO_5GNR_WFC_MT-DUT-2_TC-155.dml,,,,,,,,,,NR SA,,,,,,,,,,,,,,,,,,,594,,,On,Connected,-71.000000,5220,184,,,,IWLAN
2191,1,,,-121.9314830,47.5244923,2026-01-23 19:28:11.000,_20260123_105610_CH02_TMO_5GNR_WFC_MT-DUT-2_TC-155.dml,,,,,,,,,,NR SA,,,,,,,,,,,,,,,,,,,594,,,On,Connected,-71.000000,5220,184,,,,IWLAN
2192,1,,,-121.9314830,47.5244923,2026-01-23 19:28:12.000,_20260123_105610_CH02_TMO_5GNR_WFC_MT-DUT-2_TC-155.dml,,,,,,,,,,NR SA,,,,,,,,,,,,,,,,,,,594,,,On,Connected,-71.000000,5220,184,,,,IWLAN
2193,1,,,-121.9314830,47.5244923,2026-01-23 19:28:13.000,_20260123_105610_CH02_TMO_5GNR_WFC_MT-DUT-2_TC-155.dml,,,,,,,,,,NR SA,,,,,,,,,,,,,,,,,,,594,,,On,Connected,-71.000000,5220,184,,,,IWLAN
2194,1,,,-121.9314830,47.5244923,2026-01-23 19:28:14.000,_20260123_105610_CH02_TMO_5GNR_WFC_MT-DUT-2_TC-155.dml,,,,,,,,,,NR SA,,,,,,,,,,,,,,,,,,,594,,,On,Connected,-71.000000,5220,184,,,,IWLAN
2195,1,,,-121.9314830,47.5244923,2026-01-23 19:28:15.000,_20260123_105610_CH02_TMO_5GNR_WFC_MT-DUT-2_TC-155.dml,,,,,,,,,,NR SA,,,,,,,,,,,,,,,,,,,594,,,On,Connected,-71.000000,5220,184,,,,IWLAN
2196,1,,,-121.9314830,47.5244923,2026-01-23 19:28:16.000,_20260123_105610_CH02_TMO_5GNR_WFC_MT-DUT-2_TC-155.dml,,,,,,,,,,NR SA,,,,,,,,,,,,,,,,,,,594,,,On,Connected,-71.000000,5220,184,,,,IWLAN
2197,1,,,-121.9314830,47.5244923,2026-01-23 19:28:17.000,_20260123_105610_CH02_TMO_5GNR_WFC_MT-DUT-2_TC-155.dml,,,,,,,,,,NR SA,,,,,,,,,,,,,,,,,,,594,,,On,Connected,-71.000000,5220,184,,,,IWLAN
2198,1,,,-121.9314830,47.5244923,2026-01-23 19:28:18.000,_20260123_105610_CH02_TMO_5GNR_WFC_MT-DUT-2_TC-155.dml,,,,,,,,,,NR SA,,,,,,,,,,,,,,,,,,,594,,,On,Connected,-71.000000,5220,184,,,,IWLAN
2199,1,,,-121.9314830,47.5244923,2026-01-23 19:28:19.000,_20260123_105610_CH02_TMO_5GNR_WFC_MT-DUT-2_TC-155.dml,,,,,,,,,,NR SA,,,,,,,,,,,,,,,,,,,594,,,On,Connected,-71.000000,5220,184,,,,IWLAN
2200,1,,,-121.9314830,47.5244923,2026-01-23 19:28:20.000,_20260123_105610_CH02_TMO_5GNR_WFC_MT-DUT-2_TC-155.dml,,,,,,,,,,NR SA,,,,,,,,,,,,,,,,,,,594,,2.636127,On,Connected,-71.000000,5220,184,,,,IWLAN
2201,1,,,-121.9314830,47.5244923,2026-01-23 19:28:21.000,_20260123_105610_CH02_TMO_5GNR_WFC_MT-DUT-2_TC-155.dml,,,,,,,,,,NR SA,,,,,,,,,,,,,,,,,,,594,,2.636127,On,Connected,-71.000000,5220,184,,,,IWLAN
2202,1,,,-121.9314830,47.5244923,2026-01-23 19:28:22.000,_20260123_105610_CH02_TMO_5GNR_WFC_MT-DUT-2_TC-155.dml,,,,,,,,,,NR SA,,,,,,,,,,,,,,,,,,,594,,2.636127,On,Connected,-71.000000,5220,184,,,,IWLAN
2203,1,,,-121.9314830,47.5244923,2026-01-23 19:28:23.000,_20260123_105610_CH02_TMO_5GNR_WFC_MT-DUT-2_TC-155.dml,,,,,,,,,,NR SA,,,,,,,,,,,,,,,,,,,594,,2.636127,On,Connected,-71.000000,5220,184,,,,IWLAN
2204,1,,,-121.9314830,47.5244923,2026-01-23 19:28:24.000,_20260123_105610_CH02_TMO_5GNR_WFC_MT-DUT-2_TC-155.dml,,,,,,,,,,NR SA,,,,,,,,,,,,,,,,,,,594,,2.636127,On,Connected,-71.000000,5220,184,,,,IWLAN
2205,1,,,-121.9314830,47.5244923,2026-01-23 19:28:25.000,_20260123_105610_CH02_TMO_5GNR_WFC_MT-DUT-2_TC-155.dml,,,,,,,,,,NR SA,,,,,,,,,,,,,,,,,,,594,,2.636127,On,Connected,-71.000000,5220,184,,,,IWLAN
2206,1,,,-121.9314830,47.5244923,2026-01-23 19:28:26.000,_20260123_105610_CH02_TMO_5GNR_WFC_MT-DUT-2_TC-155.dml,,,,,,,,,,NR SA,,,,,,,,,,,,,,,,,,,594,,2.636127,On,Connected,-71.000000,5220,184,,,,IWLAN
2207,1,,,-121.9314830,47.5244923,2026-01-23 19:28:27.000,_20260123_105610_CH02_TMO_5GNR_WFC_MT-DUT-2_TC-155.dml,,,,,,,,,,NR SA,,,,,,,,,,,,,,,,,,,594,,2.636127,On,Connected,-71.000000,5220,184,,,,IWLAN
2208,1,,,-121.9314830,47.5244923,2026-01-23 19:28:28.000,_20260123_105610_CH02_TMO_5GNR_WFC_MT-DUT-2_TC-155.dml,,,,,,,,,,NR SA,,,,,,,,,,,,,,,,,,,594,,2.636127,On,Connected,-71.000000,5220,184,,,,IWLAN
2209,1,,,-121.9314830,47.5244923,2026-01-23 19:28:29.000,_20260123_105610_CH02_TMO_5GNR_WFC_MT-DUT-2_TC-155.dml,,,,,,,,,,NR SA,,,,,,,,,,,,,,,,,,,594,,2.636127,On,Connected,-71.000000,5220,184,,,,IWLAN
2210,1,,,-121.9314830,47.5244923,2026-01-23 19:28:30.083,_20260123_105610_CH02_TMO_5GNR_WFC_MT-DUT-2_TC-155.dml,,,,,,,,,,,,,,,,,,,,,,,,,,,,,,-77.025476,,,,,,,,,,
2211,1,,,-121.9314830,47.5244923,2026-01-23 19:28:30.000,_20260123_105610_CH02_TMO_5GNR_WFC_MT-DUT-2_TC-155.dml,,,,,,,,,,NR SA,,,,,,,,,,,,,,,,,,,594,,,On,Connected,-71.000000,5220,184,,,,IWLAN
2212,1,,,-121.9314830,47.5244923,2026-01-23 19:28:31.000,_20260123_105610_CH02_TMO_5GNR_WFC_MT-DUT-2_TC-155.dml,,,,,,,,,,NR SA,,,,,,,,,,,,,,,,,,,594,,,On,Connected,-71.000000,5220,184,,,,IWLAN
2213,1,,,-121.9314830,47.5244923,2026-01-23 19:28:32.000,_20260123_105610_CH02_TMO_5GNR_WFC_MT-DUT-2_TC-155.dml,,,,,,,,,,NR SA,,,,,,,,,,,,,,,,,,,594,,,On,Connected,-71.000000,5220,184,,,,
2214,1,,,-121.9314830,47.5244923,2026-01-23 19:28:33.000,_20260123_105610_CH02_TMO_5GNR_WFC_MT-DUT-2_TC-155.dml,,,,,,,,,,NR SA,,,,,,,,,,,,,,,,,,,594,,,On,Connected,-71.000000,5220,184,,,,IWLAN
2215,1,,,-121.9314830,47.5244923,2026-01-23 19:28:34.000,_20260123_105610_CH02_TMO_5GNR_WFC_MT-DUT-2_TC-155.dml,,,,,,,,,,NR SA,,,,,,,,,,,,,,,,,,,594,,,On,Connected,-71.000000,5220,184,,,,IWLAN
2216,1,,,-121.9314830,47.5244923,2026-01-23 19:28:35.000,_20260123_105610_CH02_TMO_5GNR_WFC_MT-DUT-2_TC-155.dml,,,,,,,,,,NR SA,,,,,,,,,,,,,,,,,,,594,,,On,Connected,-71.000000,5220,184,,,,IWLAN
2217,1,,,-121.9314830,47.5244923,2026-01-23 19:28:36.000,_20260123_105610_CH02_TMO_5GNR_WFC_MT-DUT-2_TC-155.dml,,,,,,,,,,NR SA,,,,,,,,,,,,,,,,,,,594,,,On,Connected,-71.000000,5220,184,,,,IWLAN
2218,1,,,-121.9314830,47.5244923,2026-01-23 19:28:37.000,_20260123_105610_CH02_TMO_5GNR_WFC_MT-DUT-2_TC-155.dml,,,,,,,,,,NR SA,,,,,,,,,,,,,,,,,,,594,,,On,Connected,-71.000000,5220,184,,,,IWLAN
2219,1,,,-121.9314830,47.5244923,2026-01-23 19:28:38.000,_20260123_105610_CH02_TMO_5GNR_WFC_MT-DUT-2_TC-155.dml,,,,,,,,,,NR SA,,,,,,,,,,,,,,,,,,,594,,,On,Connected,-71.000000,5220,184,,,,IWLAN
2220,1,,,-121.9314830,47.5244923,2026-01-23 19:28:39.000,_20260123_105610_CH02_TMO_5GNR_WFC_MT-DUT-2_TC-155.dml,,,,,,,,,,NR SA,,,,,,,,,,,,,,,,,,,594,,,On,Connected,-71.000000,5220,184,,,,IWLAN
2221,1,,,-121.9314830,47.5244923,2026-01-23 19:28:40.000,_20260123_105610_CH02_TMO_5GNR_WFC_MT-DUT-2_TC-155.dml,,,,,,,,,,NR SA,,,,,,,,,,,,,,,,,,,594,,2.168100,On,Connected,-71.000000,5220,184,,,,
2222,1,,,-121.9314830,47.5244923,2026-01-23 19:28:41.000,_20260123_105610_CH02_TMO_5GNR_WFC_MT-DUT-2_TC-155.dml,,,,,,,,,,NR SA,,,,,,,,,,,,,,,,,,,594,,2.168100,On,Connected,-71.000000,5220,184,,,,IWLAN
2223,1,,,-121.9314830,47.5244923,2026-01-23 19:28:42.000,_20260123_105610_CH02_TMO_5GNR_WFC_MT-DUT-2_TC-155.dml,,,,,,,,,,NR SA,,,,,,,,,,,,,,,,,,,594,,2.168100,On,Connected,-71.000000,5220,184,,,,IWLAN
2224,1,,,-121.9314830,47.5244923,2026-01-23 19:28:43.000,_20260123_105610_CH02_TMO_5GNR_WFC_MT-DUT-2_TC-155.dml,,,,,,,,,,NR SA,,,,,,,,,,,,,,,,,,,594,,2.168100,On,Connected,-71.000000,5220,184,,,,IWLAN
2225,1,,,-121.9314830,47.5244923,2026-01-23 19:28:44.000,_20260123_105610_CH02_TMO_5GNR_WFC_MT-DUT-2_TC-155.dml,,,,,,,,,,NR SA,,,,,,,,,,,,,,,,,,,594,,2.168100,On,Connected,-71.000000,5220,184,,,,IWLAN
2226,1,,,-121.9314830,47.5244923,2026-01-23 19:28:45.000,_20260123_105610_CH02_TMO_5GNR_WFC_MT-DUT-2_TC-155.dml,,,,,,,,,,NR SA,,,,,,,,,,,,,,,,,,,594,,2.168100,On,Connected,-71.000000,5220,184,,,,IWLAN
2227,1,,,-121.9314830,47.5244923,2026-01-23 19:28:46.000,_20260123_105610_CH02_TMO_5GNR_WFC_MT-DUT-2_TC-155.dml,,,,,,,,,,NR SA,,,,,,,,,,,,,,,,,,,594,,2.168100,On,Connected,-71.000000,5220,184,,,,IWLAN
2228,1,,,-121.9314830,47.5244923,2026-01-23 19:28:47.000,_20260123_105610_CH02_TMO_5GNR_WFC_MT-DUT-2_TC-155.dml,,,,,,,,,,NR SA,,,,,,,,,,,,,,,,,,,594,,2.168100,On,Connected,-71.000000,5220,184,,,,IWLAN
2229,1,,,-121.9314830,47.5244923,2026-01-23 19:28:48.000,_20260123_105610_CH02_TMO_5GNR_WFC_MT-DUT-2_TC-155.dml,,,,,,,,,,NR SA,,,,,,,,,,,,,,,,,,,594,,2.168100,On,Connected,-71.000000,5220,184,,,,IWLAN
2230,1,,,-121.9314830,47.5244923,2026-01-23 19:28:49.000,_20260123_105610_CH02_TMO_5GNR_WFC_MT-DUT-2_TC-155.dml,,,,,,,,,,NR SA,,,,,,,,,,,,,,,,,,,594,,2.168100,On,Connected,-71.000000,5220,184,,,,IWLAN
2231,1,,,-121.9314830,47.5244923,2026-01-23 19:28:50.000,_20260123_105610_CH02_TMO_5GNR_WFC_MT-DUT-2_TC-155.dml,,,,,,,,,,NR SA,,,,,,,,,,,,,,,,,,,594,,,On,Connected,-71.000000,5220,184,,,,IWLAN
2232,1,,,-121.9314830,47.5244923,2026-01-23 19:28:50.505,_20260123_105610_CH02_TMO_5GNR_WFC_MT-DUT-2_TC-155.dml,,,,,,,,,,,,,,,,,,,,,,,,,,,,,,-81.025814,,,,,,,,,,
2233,1,,,-121.9314830,47.5244923,2026-01-23 19:28:51.000,_20260123_105610_CH02_TMO_5GNR_WFC_MT-DUT-2_TC-155.dml,,,,,,,,,,NR SA,,,,,,,,,,,,,,,,,,,,,,On,Connected,-71.000000,5220,184,,,,IWLAN
2234,1,,,-121.9314830,47.5244923,2026-01-23 19:28:52.000,_20260123_105610_CH02_TMO_5GNR_WFC_MT-DUT-2_TC-155.dml,,,,,,,,,,NR SA,,,,,,,,,,,,,,,,,,,594,,,On,Connected,-71.000000,5220,184,,,,IWLAN
2235,1,,,-121.9314830,47.5244923,2026-01-23 19:28:53.000,_20260123_105610_CH02_TMO_5GNR_WFC_MT-DUT-2_TC-155.dml,,,,,,,,,,NR SA,,,,,,,,,,,,,,,,,,,,,,On,Connected,-71.000000,5220,184,,,,IWLAN
2236,1,,,-121.9314830,47.5244923,2026-01-23 19:28:54.000,_20260123_105610_CH02_TMO_5GNR_WFC_MT-DUT-2_TC-155.dml,,,,,,,,,,NR SA,,,,,,,,,,,,,,,,,,,594,,,On,Connected,-71.000000,5220,184,,,,IWLAN
2237,1,,,-121.9314830,47.5244923,2026-01-23 19:28:55.000,_20260123_105610_CH02_TMO_5GNR_WFC_MT-DUT-2_TC-155.dml,,,,,,,,,,NR SA,,,,,,,,,,,,,,,,,,,,,,On,Connected,-71.000000,5220,184,,,,IWLAN
2238,1,,,-121.9314830,47.5244923,2026-01-23 19:28:56.000,_20260123_105610_CH02_TMO_5GNR_WFC_MT-DUT-2_TC-155.dml,,,,,,,,,,NR SA,,,,,,,,,,,,,,,,,,,594,,,On,Connected,-71.000000,5220,184,,,,IWLAN
2239,1,,,-121.9314830,47.5244923,2026-01-23 19:28:57.000,_20260123_105610_CH02_TMO_5GNR_WFC_MT-DUT-2_TC-155.dml,,,,,,,,,,NR SA,,,,,,,,,,,,,,,,,,,,,,On,Connected,-71.000000,5220,184,,,,IWLAN
2240,1,,,-121.9314830,47.5244923,2026-01-23 19:28:58.000,_20260123_105610_CH02_TMO_5GNR_WFC_MT-DUT-2_TC-155.dml,,,,,,,,,,NR SA,,,,,,,,,,,,,,,,,,,594,,,On,Connected,-71.000000,5220,184,,,,IWLAN
2241,1,,,-121.9314830,47.5244923,2026-01-23 19:28:59.000,_20260123_105610_CH02_TMO_5GNR_WFC_MT-DUT-2_TC-155.dml,,,,,,,,,,NR SA,,,,,,,,,,,,,,,,,,,594,,,On,Connected,-71.000000,5220,184,,,,IWLAN
2242,1,,,-121.9314830,47.5244923,2026-01-23 19:29:00.000,_20260123_105610_CH02_TMO_5GNR_WFC_MT-DUT-2_TC-155.dml,,,,,,,,,,NR SA,,,,,,,,,,,,,,,,,,,,,2.524404,On,Connected,-71.000000,5220,184,,,,IWLAN
2243,1,,,-121.9314830,47.5244923,2026-01-23 19:29:01.000,_20260123_105610_CH02_TMO_5GNR_WFC_MT-DUT-2_TC-155.dml,,,,,,,,,,NR SA,,,,,,,,,,,,,,,,,,,594,,2.524404,On,Connected,-71.000000,5220,184,,,,IWLAN
2244,1,,,-121.9314830,47.5244923,2026-01-23 19:29:02.000,_20260123_105610_CH02_TMO_5GNR_WFC_MT-DUT-2_TC-155.dml,,,,,,,,,,NR SA,,,,,,,,,,,,,,,,,,,,,2.524404,On,Connected,-71.000000,5220,184,,,,IWLAN
2245,1,,,-121.9314830,47.5244923,2026-01-23 19:29:03.000,_20260123_105610_CH02_TMO_5GNR_WFC_MT-DUT-2_TC-155.dml,,,,,,,,,,NR SA,,,,,,,,,,,,,,,,,,,594,,2.524404,On,Connected,-71.000000,5220,184,,,,IWLAN
2246,1,,,-121.9314830,47.5244923,2026-01-23 19:29:04.000,_20260123_105610_CH02_TMO_5GNR_WFC_MT-DUT-2_TC-155.dml,,,,,,,,,,NR SA,,,,,,,,,,,,,,,,,,,,,2.524404,On,Connected,-71.000000,5220,184,,,,IWLAN
2247,1,,,-121.9314830,47.5244923,2026-01-23 19:29:05.000,_20260123_105610_CH02_TMO_5GNR_WFC_MT-DUT-2_TC-155.dml,,,,,,,,,,NR SA,,,,,,,,,,,,,,,,,,,594,,2.524404,On,Connected,-71.000000,5220,184,,,,IWLAN
2248,1,,,-121.9314830,47.5244923,2026-01-23 19:29:06.000,_20260123_105610_CH02_TMO_5GNR_WFC_MT-DUT-2_TC-155.dml,,,,,,,,,,NR SA,,,,,,,,,,,,,,,,,,,,,2.524404,On,Connected,-71.000000,5220,184,,,,IWLAN
2249,1,,,-121.9314830,47.5244923,2026-01-23 19:29:07.000,_20260123_105610_CH02_TMO_5GNR_WFC_MT-DUT-2_TC-155.dml,,,,,,,,,,NR SA,,,,,,,,,,,,,,,,,,,594,,2.524404,On,Connected,-71.000000,5220,184,,,,IWLAN
2250,1,,,-121.9314830,47.5244923,2026-01-23 19:29:08.000,_20260123_105610_CH02_TMO_5GNR_WFC_MT-DUT-2_TC-155.dml,,,,,,,,,,NR SA,,,,,,,,,,,,,,,,,,,,,2.524404,On,Connected,-71.000000,5220,184,,,,IWLAN
2251,1,,,-121.9314830,47.5244923,2026-01-23 19:29:09.000,_20260123_105610_CH02_TMO_5GNR_WFC_MT-DUT-2_TC-155.dml,,,,,,,,,,NR SA,,,,,,,,,,,,,,,,,,,594,,2.524404,On,Connected,-71.000000,5220,184,,,,IWLAN
2252,1,,,-121.9314830,47.5244923,2026-01-23 19:29:10.099,_20260123_105610_CH02_TMO_5GNR_WFC_MT-DUT-2_TC-155.dml,,,,,,,,,,,,,,,,,,,,,,,,,,,,,,-77.498000,,,,,,,,,,
2253,1,,,-121.9314830,47.5244923,2026-01-23 19:29:10.000,_20260123_105610_CH02_TMO_5GNR_WFC_MT-DUT-2_TC-155.dml,,,,,,,,,,NR SA,,,,,,,,,,,,,,,,,,,,,,On,Connected,-71.000000,5220,184,,,,IWLAN
2254,1,,,-121.9314830,47.5244923,2026-01-23 19:29:11.000,_20260123_105610_CH02_TMO_5GNR_WFC_MT-DUT-2_TC-155.dml,,,,,,,,,,NR SA,,,,,,,,,,,,,,,,,,,594,,,On,Connected,-71.000000,5220,184,,,,IWLAN
2255,1,,,-121.9314830,47.5244923,2026-01-23 19:29:12.000,_20260123_105610_CH02_TMO_5GNR_WFC_MT-DUT-2_TC-155.dml,,,,,,,,,,NR SA,,,,,,,,,,,,,,,,,,,,,,On,Connected,-71.000000,5220,184,,,,IWLAN
2256,1,,,-121.9314830,47.5244923,2026-01-23 19:29:13.000,_20260123_105610_CH02_TMO_5GNR_WFC_MT-DUT-2_TC-155.dml,,,,,,,,,,NR SA,,,,,,,,,,,,,,,,,,,594,,,On,Connected,-71.000000,5220,184,,,,IWLAN
2257,1,,,-121.9314830,47.5244923,2026-01-23 19:29:14.000,_20260123_105610_CH02_TMO_5GNR_WFC_MT-DUT-2_TC-155.dml,,,,,,,,,,NR SA,,,,,,,,,,,,,,,,,,,594,,,On,Connected,-71.000000,5220,184,,,,IWLAN
2258,1,,,-121.9314830,47.5244923,2026-01-23 19:29:15.000,_20260123_105610_CH02_TMO_5GNR_WFC_MT-DUT-2_TC-155.dml,,,,,,,,,,NR SA,,,,,,,,,,,,,,,,,,,594,,,On,Connected,-71.000000,5220,184,,,,IWLAN
2259,1,,,-121.9314830,47.5244923,2026-01-23 19:29:16.000,_20260123_105610_CH02_TMO_5GNR_WFC_MT-DUT-2_TC-155.dml,,,,,,,,,,NR SA,,,,,,,,,,,,,,,,,,,,,,On,Connected,-71.000000,5220,184,,,,IWLAN
2260,1,,,-121.9314830,47.5244923,2026-01-23 19:29:17.000,_20260123_105610_CH02_TMO_5GNR_WFC_MT-DUT-2_TC-155.dml,,,,,,,,,,NR SA,,,,,,,,,,,,,,,,,,,594,,,On,Connected,-71.000000,5220,184,,,,IWLAN
2261,1,,,-121.9314830,47.5244923,2026-01-23 19:29:18.000,_20260123_105610_CH02_TMO_5GNR_WFC_MT-DUT-2_TC-155.dml,,,,,,,,,,NR SA,,,,,,,,,,,,,,,,,,,,,,,Connected,,,,,,,IWLAN
2262,1,,,-121.9314830,47.5244923,2026-01-23 19:29:19.000,_20260123_105610_CH02_TMO_5GNR_WFC_MT-DUT-2_TC-155.dml,,,,,,,,,,NR SA,,,,,,,,,,,,,,,,,,,594,,,On,Connected,-71.000000,5220,184,,,,IWLAN
2263,1,,,-121.9314830,47.5244923,2026-01-23 19:29:20.000,_20260123_105610_CH02_TMO_5GNR_WFC_MT-DUT-2_TC-155.dml,,,,,,,,,,NR SA,,,,,,,,,,,,,,,,,,,594,,1.770551,On,Connected,-71.000000,5220,184,,,,IWLAN
2264,1,,,-121.9314830,47.5244923,2026-01-23 19:29:21.000,_20260123_105610_CH02_TMO_5GNR_WFC_MT-DUT-2_TC-155.dml,,,,,,,,,,NR SA,,,,,,,,,,,,,,,,,,,,,1.770551,On,Connected,-71.000000,5220,184,,,,IWLAN
2265,1,,,-121.9314830,47.5244923,2026-01-23 19:29:22.000,_20260123_105610_CH02_TMO_5GNR_WFC_MT-DUT-2_TC-155.dml,,,,,,,,,,NR SA,,,,,,,,,,,,,,,,,,,594,,1.770551,On,Connected,-71.000000,5220,184,,,,IWLAN
2266,1,,,-121.9314830,47.5244923,2026-01-23 19:29:23.000,_20260123_105610_CH02_TMO_5GNR_WFC_MT-DUT-2_TC-155.dml,,,,,,,,,,NR SA,,,,,,,,,,,,,,,,,,,,,1.770551,On,Connected,-71.000000,5220,184,,,,IWLAN
2267,1,,,-121.9314830,47.5244923,2026-01-23 19:29:24.000,_20260123_105610_CH02_TMO_5GNR_WFC_MT-DUT-2_TC-155.dml,,,,,,,,,,NR SA,,,,,,,,,,,,,,,,,,,594,,1.770551,On,Connected,-71.000000,5220,184,,,,IWLAN
2268,1,,,-121.9314830,47.5244923,2026-01-23 19:29:25.000,_20260123_105610_CH02_TMO_5GNR_WFC_MT-DUT-2_TC-155.dml,,,,,,,,,,NR SA,,,,,,,,,,,,,,,,,,,,,1.770551,On,Connected,-71.000000,5220,184,,,,IWLAN
2269,1,,,-121.9314830,47.5244923,2026-01-23 19:29:26.000,_20260123_105610_CH02_TMO_5GNR_WFC_MT-DUT-2_TC-155.dml,,,,,,,,,,NR SA,,,,,,,,,,,,,,,,,,,594,,1.770551,On,Connected,-71.000000,5220,184,,,,IWLAN
2270,1,,,-121.9314830,47.5244923,2026-01-23 19:29:27.000,_20260123_105610_CH02_TMO_5GNR_WFC_MT-DUT-2_TC-155.dml,,,,,,,,,,NR SA,,,,,,,,,,,,,,,,,,,,,1.770551,,Connected,,,,,,,IWLAN
2271,1,,,-121.9314830,47.5244923,2026-01-23 19:29:28.000,_20260123_105610_CH02_TMO_5GNR_WFC_MT-DUT-2_TC-155.dml,,,,,,,,,,NR SA,,,,,,,,,,,,,,,,,,,594,,1.770551,On,Connected,-71.000000,5220,184,,,,IWLAN
2272,1,,,-121.9314830,47.5244923,2026-01-23 19:29:29.000,_20260123_105610_CH02_TMO_5GNR_WFC_MT-DUT-2_TC-155.dml,,,,,,,,,,NR SA,,,,,,,,,,,,,,,,,,,,,1.770551,On,Connected,-71.000000,5220,184,,,,IWLAN
2273,1,,,-121.9314830,47.5244923,2026-01-23 19:29:30.099,_20260123_105610_CH02_TMO_5GNR_WFC_MT-DUT-2_TC-155.dml,,,,,,,,,,,,,,,,,,,,,,,,,,,,,,-77.328235,,,,,,,,,,
2274,1,,,-121.9314830,47.5244923,2026-01-23 19:29:30.000,_20260123_105610_CH02_TMO_5GNR_WFC_MT-DUT-2_TC-155.dml,,,,,,,,,,NR SA,,,,,,,,,,,,,,,,,,,594,,,On,Connected,-71.000000,5220,184,,,,IWLAN
2275,1,,,-121.9314830,47.5244923,2026-01-23 19:29:31.000,_20260123_105610_CH02_TMO_5GNR_WFC_MT-DUT-2_TC-155.dml,,,,,,,,,,NR SA,,,,,,,,,,,,,,,,,,,,,,On,Connected,-71.000000,5220,184,,,,IWLAN
2276,1,,,-121.9314830,47.5244923,2026-01-23 19:29:32.000,_20260123_105610_CH02_TMO_5GNR_WFC_MT-DUT-2_TC-155.dml,,,,,,,,,,NR SA,,,,,,,,,,,,,,,,,,,594,,,On,Connected,-71.000000,5220,184,,,,IWLAN
2277,1,,,-121.9314830,47.5244923,2026-01-23 19:29:33.000,_20260123_105610_CH02_TMO_5GNR_WFC_MT-DUT-2_TC-155.dml,,,,,,,,,,NR SA,,,,,,,,,,,,,,,,,,,,,,On,Connected,-71.000000,5220,184,,,,IWLAN
2278,1,,,-121.9314830,47.5244923,2026-01-23 19:29:34.000,_20260123_105610_CH02_TMO_5GNR_WFC_MT-DUT-2_TC-155.dml,,,,,,,,,,NR SA,,,,,,,,,,,,,,,,,,,594,,,,Connected,,,,,,,IWLAN
2279,1,,,-121.9314830,47.5244923,2026-01-23 19:29:35.000,_20260123_105610_CH02_TMO_5GNR_WFC_MT-DUT-2_TC-155.dml,,,,,,,,,,NR SA,,,,,,,,,,,,,,,,,,,,,,On,Connected,-71.000000,5220,184,,,,IWLAN
2280,1,,,-121.9314830,47.5244923,2026-01-23 19:29:36.000,_20260123_105610_CH02_TMO_5GNR_WFC_MT-DUT-2_TC-155.dml,,,,,,,,,,NR SA,,,,,,,,,,,,,,,,,,,594,,,On,Connected,-71.000000,5220,184,,,,IWLAN
2281,1,,,-121.9314830,47.5244923,2026-01-23 19:29:37.000,_20260123_105610_CH02_TMO_5GNR_WFC_MT-DUT-2_TC-155.dml,,,,,,,,,,NR SA,,,,,,,,,,,,,,,,,,,,,,On,Connected,-71.000000,5220,184,,,,IWLAN
2282,1,,,-121.9314830,47.5244923,2026-01-23 19:29:38.000,_20260123_105610_CH02_TMO_5GNR_WFC_MT-DUT-2_TC-155.dml,,,,,,,,,,NR SA,,,,,,,,,,,,,,,,,,,594,,,On,Connected,-71.000000,5220,184,,,,IWLAN
2283,1,,,-121.9314830,47.5244923,2026-01-23 19:29:39.000,_20260123_105610_CH02_TMO_5GNR_WFC_MT-DUT-2_TC-155.dml,,,,,,,,,,NR SA,,,,,,,,,,,,,,,,,,,,,,On,Connected,-71.000000,5220,184,,,,IWLAN
2284,1,,,-121.9314830,47.5244923,2026-01-23 19:29:39.817,_20260123_105610_CH02_TMO_5GNR_WFC_MT-DUT-2_TC-155.dml,,,,,,,,,,,,,,,,,,,,,,,[Tool] Voice - Pair Channel Call Drop,,,,,,,,,,,,,,,,,
2285,1,,,-121.9314830,47.5244923,2026-01-23 19:29:39.817,_20260123_105610_CH02_TMO_5GNR_WFC_MT-DUT-2_TC-155.dml,,,,,,,,,,,,,,,,,,,,,,,[Tool] Voice - Release Call Request,,,,,,,,,,,,,,,,,
2286,1,,,-121.9314830,47.5244923,2026-01-23 19:29:40.333,_20260123_105610_CH02_TMO_5GNR_WFC_MT-DUT-2_TC-155.dml,,,,,,,,,,,,,,,,,,,,,,Complete,[Tool] Voice - Call Result : Complete,,,,,,,,,,,,,,,,,
2287,1,,,-121.9314830,47.5244923,2026-01-23 19:29:40.333,_20260123_105610_CH02_TMO_5GNR_WFC_MT-DUT-2_TC-155.dml,,,,,,,,,,,,,,,,,,,,,,,[UE]   Voice - Release Call Success,,,,,,,,,,,,,,,,,
2288,1,,,-121.9314830,47.5244923,2026-01-23 19:29:40.000,_20260123_105610_CH02_TMO_5GNR_WFC_MT-DUT-2_TC-155.dml,,,,,,,,,,,,,,,,,,,,,,,,1,,,,,594,,,On,Connected,-71.000000,5220,184,,,,IWLAN
2289,1,,,-121.9314830,47.5244923,2026-01-23 19:29:41.301,_20260123_105610_CH02_TMO_5GNR_WFC_MT-DUT-2_TC-155.dml,,,,,,,,,,,,,,,,,,,,,,,[UE]   Voice - Release Call Success,,,,,,,,,,,,,,,,,
2290,1,,,-121.9314830,47.5244923,2026-01-23 19:29:41.000,_20260123_105610_CH02_TMO_5GNR_WFC_MT-DUT-2_TC-155.dml,,,,,,,,,,,,,,,,,,,,,,,,,,,,,594,,,,Connected,,,,,,,IWLAN
2291,1,,,-121.9314830,47.5244923,2026-01-23 19:29:42.000,_20260123_105610_CH02_TMO_5GNR_WFC_MT-DUT-2_TC-155.dml,,,,,,,,,,,,,,,,,,,,,,,,,,,,,,,,On,Connected,-72.000000,5220,136,,,,IWLAN
2292,1,,,-121.9314830,47.5244923,2026-01-23 19:29:43.000,_20260123_105610_CH02_TMO_5GNR_WFC_MT-DUT-2_TC-155.dml,,,,,,,,,,,,,,,,,,,,,,,,,,,,,594,,,,Connected,,,,,,,IWLAN
2293,1,,,-121.9314830,47.5244923,2026-01-23 19:29:44.000,_20260123_105610_CH02_TMO_5GNR_WFC_MT-DUT-2_TC-155.dml,,,,,,,,,,,,,,,,,,,,,,,,,,,,,,,,On,Connected,-71.500000,5220,68,,,,IWLAN
2294,1,,,-121.9314830,47.5244923,2026-01-23 19:29:45.000,_20260123_105610_CH02_TMO_5GNR_WFC_MT-DUT-2_TC-155.dml,,,,,,,,,,,,,,,,,,,,,,,,,,,,,594,,,On,Connected,-71.000000,5220,68,,,,IWLAN
2295,1,,,-121.9314830,47.5244923,2026-01-23 19:29:46.000,_20260123_105610_CH02_TMO_5GNR_WFC_MT-DUT-2_TC-155.dml,,,,,,,,,,,,,,,,,,,,,,,,,,,,,,,,On,Connected,-71.000000,5220,68,,,,IWLAN
2296,1,,,-121.9314830,47.5244923,2026-01-23 19:29:47.000,_20260123_105610_CH02_TMO_5GNR_WFC_MT-DUT-2_TC-155.dml,,,,,,,,,,,,,,,,,,,,,,,,,,,,,594,,,On,Connected,-71.000000,5220,68,,,,IWLAN
2297,1,,,-121.9314830,47.5244923,2026-01-23 19:29:48.000,_20260123_105610_CH02_TMO_5GNR_WFC_MT-DUT-2_TC-155.dml,,,,,,,,,,,,,,,,,,,,,,,,,,,,,,,,,Connected,,,,,,,IWLAN
2298,1,,,-121.9314830,47.5244923,2026-01-23 19:29:49.000,_20260123_105610_CH02_TMO_5GNR_WFC_MT-DUT-2_TC-155.dml,,,,,,,,,,,,,,,,,,,,,,,,,,,,,594,,,On,Connected,-71.000000,5220,68,,,,IWLAN
2299,1,,,-121.9314830,47.5244923,2026-01-23 19:29:50.000,_20260123_105610_CH02_TMO_5GNR_WFC_MT-DUT-2_TC-155.dml,,,,,,,,,,,,,,,,,,,,,,,,,,,,,,,,,Connected,,,,,,,IWLAN
2300,1,,,-121.9314830,47.5244923,2026-01-23 19:29:51.000,_20260123_105610_CH02_TMO_5GNR_WFC_MT-DUT-2_TC-155.dml,,,,,,,,,,,,,,,,,,,,,,,,,,,,,594,,,On,Connected,-71.000000,5220,136,,,,IWLAN
2301,1,,,-121.9314830,47.5244923,2026-01-23 19:29:52.000,_20260123_105610_CH02_TMO_5GNR_WFC_MT-DUT-2_TC-155.dml,,,,,,,,,,,,,,,,,,,,,,,,,,,,,594,,,On,Connected,-71.000000,5220,136,,,,IWLAN
2302,1,,,-121.9314830,47.5244923,2026-01-23 19:29:53.000,_20260123_105610_CH02_TMO_5GNR_WFC_MT-DUT-2_TC-155.dml,,,,,,,,,,,,,,,,,,,,,,,,,,,,,,,,,Connected,,,,,,,IWLAN
2303,1,,,-121.9314830,47.5244923,2026-01-23 19:29:54.000,_20260123_105610_CH02_TMO_5GNR_WFC_MT-DUT-2_TC-155.dml,,,,,,,,,,,,,,,,,,,,,,,,,,,,,594,,,On,Connected,-71.000000,5220,136,,,,IWLAN
2304,1,,,-121.9314830,47.5244923,2026-01-23 19:29:55.000,_20260123_105610_CH02_TMO_5GNR_WFC_MT-DUT-2_TC-155.dml,,,,,,,,,,,,,,,,,,,,,,,,,,,,,,,,,Connected,,,,,,,IWLAN
2305,1,,,-121.9314830,47.5244923,2026-01-23 19:29:56.000,_20260123_105610_CH02_TMO_5GNR_WFC_MT-DUT-2_TC-155.dml,,,,,,,,,,,,,,,,,,,,,,,,,,,,,594,,,On,Connected,-71.000000,5220,68,,,,IWLAN
2306,1,,,-121.9314830,47.5244923,2026-01-23 19:29:57.000,_20260123_105610_CH02_TMO_5GNR_WFC_MT-DUT-2_TC-155.dml,,,,,,,,,,,,,,,,,,,,,,,,,,,,,,,,,Connected,,,,,,,IWLAN
2307,1,,,-121.9314830,47.5244923,2026-01-23 19:29:58.000,_20260123_105610_CH02_TMO_5GNR_WFC_MT-DUT-2_TC-155.dml,,,,,,,,,,,,,,,,,,,,,,,,,,,,,594,,,On,Connected,-71.000000,5220,68,,,,IWLAN
2308,1,,,-121.9314830,47.5244923,2026-01-23 19:29:59.000,_20260123_105610_CH02_TMO_5GNR_WFC_MT-DUT-2_TC-155.dml,,,,,,,,,,,,,,,,,,,,,,,,,,,,,,,,On,Connected,-71.000000,5220,102,,,,IWLAN
2309,1,,,-121.9314830,47.5244923,2026-01-23 19:30:00.000,_20260123_105610_CH02_TMO_5GNR_WFC_MT-DUT-2_TC-155.dml,,,,,,,,,,,,,,,,,,,,,,,,,,,,,594,,,On,Connected,-71.000000,5220,102,,,,IWLAN
2310,1,,,-121.9314830,47.5244923,2026-01-23 19:30:01.000,_20260123_105610_CH02_TMO_5GNR_WFC_MT-DUT-2_TC-155.dml,,,,,,,,,,,,,,,,,,,,,,,,,,,,,,,,On,Connected,-71.000000,5220,102,,,,IWLAN
2311,1,,,-121.9314830,47.5244923,2026-01-23 19:30:02.000,_20260123_105610_CH02_TMO_5GNR_WFC_MT-DUT-2_TC-155.dml,,,,,,,,,,,,,,,,,,,,,,,,,,,,,594,,,,Connected,,,,,,,IWLAN
2312,1,,,-121.9314830,47.5244923,2026-01-23 19:30:03.000,_20260123_105610_CH02_TMO_5GNR_WFC_MT-DUT-2_TC-155.dml,,,,,,,,,,,,,,,,,,,,,,,,,,,,,,,,On,Connected,-71.000000,5220,136,,,,IWLAN
2313,1,,,-121.9314830,47.5244923,2026-01-23 19:30:04.000,_20260123_105610_CH02_TMO_5GNR_WFC_MT-DUT-2_TC-155.dml,,,,,,,,,,,,,,,,,,,,,,,,,,,,,594,,,,Connected,,,,,,,IWLAN
2314,1,,,-121.9314830,47.5244923,2026-01-23 19:30:05.000,_20260123_105610_CH02_TMO_5GNR_WFC_MT-DUT-2_TC-155.dml,,,,,,,,,,,,,,,,,,,,,,,,,,,,,,,,On,Connected,-71.000000,5220,136,,,,IWLAN
2315,1,,,-121.9314830,47.5244923,2026-01-23 19:30:06.000,_20260123_105610_CH02_TMO_5GNR_WFC_MT-DUT-2_TC-155.dml,,,,,,,,,,,,,,,,,,,,,,,,,,,,,594,,,,Connected,,,,,,,IWLAN
2316,1,,,-121.9314830,47.5244923,2026-01-23 19:30:07.000,_20260123_105610_CH02_TMO_5GNR_WFC_MT-DUT-2_TC-155.dml,,,,,,,,,,,,,,,,,,,,,,,,,,,,,,,,On,Connected,-71.000000,5220,136,,,,IWLAN
2317,1,,,-121.9314830,47.5244923,2026-01-23 19:30:07.833,_20260123_105610_CH02_TMO_5GNR_WFC_MT-DUT-2_TC-155.dml,,,,,,,,,,,,,,,,,,,,,,,[Tool] Voice - Release Call Request,,,,,,,,,,,,,,,,,
2318,1,,,-121.9314830,47.5244923,2026-01-23 19:30:07.974,_20260123_105610_CH02_TMO_5GNR_WFC_MT-DUT-2_TC-155.dml,,,,,,,,,,,,,,,,,,,,,,,[Tool] Voice - Answer Request,,,,,,,,,,,,,,,,,
2319,1,,,-121.9314830,47.5244923,2026-01-23 19:30:08.000,_20260123_105610_CH02_TMO_5GNR_WFC_MT-DUT-2_TC-155.dml,,,,,,,,,,,,,,,,,,,,,,,,,,,,,594,,,On,Connected,-71.000000,5220,102,,,,IWLAN
2320,1,,,-121.9314830,47.5244923,2026-01-23 19:30:09.000,_20260123_105610_CH02_TMO_5GNR_WFC_MT-DUT-2_TC-155.dml,,,,,,,,,,,,,,,,,,,,,,,,,,,,,,,,,Connected,,,,,,,IWLAN
2321,1,,,-121.9314830,47.5244923,2026-01-23 19:30:10.364,_20260123_105610_CH02_TMO_5GNR_WFC_MT-DUT-2_TC-155.dml,,,,,,,,,,,,,,,,,,,,,,,[Tool] Voice - Call Scheduling End,,,,,,,,,,,,,,,,,
2322,1,,,-121.9314830,47.5244923,2026-01-23 19:30:10.364,_20260123_105610_CH02_TMO_5GNR_WFC_MT-DUT-2_TC-155.dml,NR SA,Voice,Complete,NR SA,NR SA,,,,,,,,,,,,Complete,Termination,Complete,,,,,,,,,90.375000,,,,,,,,,,EPSFB,,
2323,1,,,-121.9314830,47.5244923,2026-01-23 19:30:10.364,_20260123_105610_CH02_TMO_5GNR_WFC_MT-DUT-2_TC-155.dml,,,,,,,,,,,,,,,,,,,,,,,[Tool] Voice - Release Call Request,,,,,,,,,,,,,,,,,
2324,1,,,-121.9314830,47.5244923,2026-01-23 19:30:10.000,_20260123_105610_CH02_TMO_5GNR_WFC_MT-DUT-2_TC-155.dml,,,,,,,,,,,,,,,,,,,,,,,,,,,,,594,,,On,Connected,-71.000000,5220,102,,,,IWLAN
2325,1,,,-121.9314830,47.5244923,2026-01-23 19:30:10.880,_20260123_105610_CH02_TMO_5GNR_WFC_MT-DUT-2_TC-155.dml,,,,,,,,,,,,,,,,,,,,,,,[Tool] Voice - Call Scheduling Start(Term),,,,,,,,,,,,,,,,,
2326,1,,,-121.9314830,47.5244923,2026-01-23 19:30:10.880,_20260123_105610_CH02_TMO_5GNR_WFC_MT-DUT-2_TC-155.dml,,,,,,,,,,,,,,,,,,,,,,,[Tool] Voice - Wait Page,,,,,,,,,,,,,,,,,
2327,1,,,-121.9314830,47.5244923,2026-01-23 19:30:11.000,_20260123_105610_CH02_TMO_5GNR_WFC_MT-DUT-2_TC-155.dml,,,,,,,,,,,,,,,,,,,,,,,,,,,,,,,,,Connected,,,,,,,IWLAN
2328,1,,,-121.9314830,47.5244923,2026-01-23 19:30:12.000,_20260123_105610_CH02_TMO_5GNR_WFC_MT-DUT-2_TC-155.dml,,,,,,,,,,,,,,,,,,,,,,,,,,,,,594,,,On,Connected,-71.000000,5220,102,,,,IWLAN
2329,1,,,-121.9314830,47.5244923,2026-01-23 19:30:13.000,_20260123_105610_CH02_TMO_5GNR_WFC_MT-DUT-2_TC-155.dml,,,,,,,,,,,,,,,,,,,,,,,,,,,,,,,,,Connected,,,,,,,IWLAN
2330,1,,,-121.9314830,47.5244923,2026-01-23 19:30:14.000,_20260123_105610_CH02_TMO_5GNR_WFC_MT-DUT-2_TC-155.dml,,,,,,,,,,,,,,,,,,,,,,,,,,,,,594,,,On,Connected,-71.000000,5220,60,,,,IWLAN
2331,1,,,-121.9314830,47.5244923,2026-01-23 19:30:15.000,_20260123_105610_CH02_TMO_5GNR_WFC_MT-DUT-2_TC-155.dml,,,,,,,,,,,,,,,,,,,,,,,,,,,,,594,,,On,Connected,-71.000000,5220,60,,,,IWLAN
2332,1,,,-121.9314830,47.5244923,2026-01-23 19:30:16.000,_20260123_105610_CH02_TMO_5GNR_WFC_MT-DUT-2_TC-155.dml,,,,,,,,,,,,,,,,,,,,,,,,,,,,,,,,,Connected,,,,,,,IWLAN
2333,1,,,-121.9314830,47.5244923,2026-01-23 19:30:17.000,_20260123_105610_CH02_TMO_5GNR_WFC_MT-DUT-2_TC-155.dml,,,,,,,,,,,,,,,,,,,,,,,,,,,,,594,,,On,Connected,-71.000000,5220,136,,,,IWLAN
2334,1,,,-121.9314830,47.5244923,2026-01-23 19:30:18.067,_20260123_105610_CH02_TMO_5GNR_WFC_MT-DUT-2_TC-155.dml,,,,,,,,,,,,,,,,,,,,,,,[Tool] Voice - Answer Request,,,,,,,,,,,,,,,,,
2335,1,,,-121.9314830,47.5244923,2026-01-23 19:30:18.000,_20260123_105610_CH02_TMO_5GNR_WFC_MT-DUT-2_TC-155.dml,,,,,,,,,,,,,,,,,,,,,,,,,,,,,,,,,Connected,,,,,,,IWLAN
2336,1,,,-121.9314830,47.5244923,2026-01-23 19:30:19.051,_20260123_105610_CH02_TMO_5GNR_WFC_MT-DUT-2_TC-155.dml,,,,,,,,,,,,,,,,,,,,,,,[UE]   Voice - Setup Success,,,,,,,,,,,,,,,,,
2337,1,,,-121.9314830,47.5244923,2026-01-23 19:30:19.000,_20260123_105610_CH02_TMO_5GNR_WFC_MT-DUT-2_TC-155.dml,,,,,,,,,,NR SA,,,,,,,,,,,,,,,,,,,594,,,On,Connected,-71.000000,5220,136,,,,IWLAN
2338,1,,,-121.9314830,47.5244923,2026-01-23 19:30:20.000,_20260123_105610_CH02_TMO_5GNR_WFC_MT-DUT-2_TC-155.dml,,,,,,,,,,NR SA,,,,,,,,,,,,,,,,,,,,,,,Connected,,,,,,,IWLAN
2339,1,,,-121.9314830,47.5244923,2026-01-23 19:30:21.000,_20260123_105610_CH02_TMO_5GNR_WFC_MT-DUT-2_TC-155.dml,,,,,,,,,,NR SA,,,,,,,,,,,,,,,,,,,594,,,On,Connected,-71.000000,5220,136,,,,IWLAN
2340,1,,,-121.9314830,47.5244923,2026-01-23 19:30:22.000,_20260123_105610_CH02_TMO_5GNR_WFC_MT-DUT-2_TC-155.dml,,,,,,,,,,NR SA,,,,,,,,,,,,,,,,,,,,,,,Connected,,,,,,,IWLAN
2341,1,,,-121.9314830,47.5244923,2026-01-23 19:30:23.000,_20260123_105610_CH02_TMO_5GNR_WFC_MT-DUT-2_TC-155.dml,,,,,,,,,,NR SA,,,,,,,,,,,,,,,,,,,594,,,On,Connected,-71.000000,5220,136,,,,IWLAN
2342,1,,,-121.9314830,47.5244923,2026-01-23 19:30:24.000,_20260123_105610_CH02_TMO_5GNR_WFC_MT-DUT-2_TC-155.dml,,,,,,,,,,NR SA,,,,,,,,,,,,,,,,,,,,,,On,Connected,-71.000000,5220,136,,,,IWLAN
2343,1,,,-121.9314830,47.5244923,2026-01-23 19:30:25.000,_20260123_105610_CH02_TMO_5GNR_WFC_MT-DUT-2_TC-155.dml,,,,,,,,,,NR SA,,,,,,,,,,,,,,,,,,,594,,,,Connected,,,,,,,IWLAN
2344,1,,,-121.9314830,47.5244923,2026-01-23 19:30:26.000,_20260123_105610_CH02_TMO_5GNR_WFC_MT-DUT-2_TC-155.dml,,,,,,,,,,NR SA,,,,,,,,,,,,,,,,,,,,,,On,Connected,-71.000000,5220,136,,,,IWLAN
2345,1,,,-121.9314830,47.5244923,2026-01-23 19:30:27.000,_20260123_105610_CH02_TMO_5GNR_WFC_MT-DUT-2_TC-155.dml,,,,,,,,,,NR SA,,,,,,,,,,,,,,,,,,,594,,,,Connected,,,,,,,IWLAN
2346,1,,,-121.9314830,47.5244923,2026-01-23 19:30:28.000,_20260123_105610_CH02_TMO_5GNR_WFC_MT-DUT-2_TC-155.dml,,,,,,,,,,NR SA,,,,,,,,,,,,,,,,,,,594,,,On,Connected,-71.000000,5220,136,,,,IWLAN
2347,1,,,-121.9314830,47.5244923,2026-01-23 19:30:29.000,_20260123_105610_CH02_TMO_5GNR_WFC_MT-DUT-2_TC-155.dml,,,,,,,,,,NR SA,,,,,,,,,,,,,,,,,,,594,,2.147825,On,Connected,-71.000000,5220,136,,,,IWLAN
2348,1,,,-121.9314830,47.5244923,2026-01-23 19:30:30.000,_20260123_105610_CH02_TMO_5GNR_WFC_MT-DUT-2_TC-155.dml,,,,,,,,,,NR SA,,,,,,,,,,,,,,,,,,,,,2.147825,On,Connected,-71.000000,5220,136,,,,IWLAN
2349,1,,,-121.9314830,47.5244923,2026-01-23 19:30:31.000,_20260123_105610_CH02_TMO_5GNR_WFC_MT-DUT-2_TC-155.dml,,,,,,,,,,NR SA,,,,,,,,,,,,,,,,,,,594,,2.147825,On,Connected,-71.000000,5220,136,,,,IWLAN
2350,1,,,-121.9314830,47.5244923,2026-01-23 19:30:32.000,_20260123_105610_CH02_TMO_5GNR_WFC_MT-DUT-2_TC-155.dml,,,,,,,,,,NR SA,,,,,,,,,,,,,,,,,,,,,2.147825,On,Connected,-71.000000,5220,136,,,,IWLAN
2351,1,,,-121.9314830,47.5244923,2026-01-23 19:30:33.000,_20260123_105610_CH02_TMO_5GNR_WFC_MT-DUT-2_TC-155.dml,,,,,,,,,,NR SA,,,,,,,,,,,,,,,,,,,594,,2.147825,On,Connected,-71.000000,5220,136,,,,IWLAN
2352,1,,,-121.9314830,47.5244923,2026-01-23 19:30:34.000,_20260123_105610_CH02_TMO_5GNR_WFC_MT-DUT-2_TC-155.dml,,,,,,,,,,NR SA,,,,,,,,,,,,,,,,,,,,,2.147825,On,Connected,-71.000000,5220,136,,,,IWLAN
2353,1,,,-121.9314830,47.5244923,2026-01-23 19:30:35.000,_20260123_105610_CH02_TMO_5GNR_WFC_MT-DUT-2_TC-155.dml,,,,,,,,,,NR SA,,,,,,,,,,,,,,,,,,,594,,2.147825,On,Connected,-71.000000,5220,136,,,,IWLAN
2354,1,,,-121.9314830,47.5244923,2026-01-23 19:30:36.000,_20260123_105610_CH02_TMO_5GNR_WFC_MT-DUT-2_TC-155.dml,,,,,,,,,,NR SA,,,,,,,,,,,,,,,,,,,,,2.147825,On,Connected,-71.000000,5220,136,,,,IWLAN
2355,1,,,-121.9314830,47.5244923,2026-01-23 19:30:37.000,_20260123_105610_CH02_TMO_5GNR_WFC_MT-DUT-2_TC-155.dml,,,,,,,,,,NR SA,,,,,,,,,,,,,,,,,,,594,,2.147825,On,Connected,-71.000000,5220,136,,,,IWLAN
2356,1,,,-121.9314830,47.5244923,2026-01-23 19:30:38.000,_20260123_105610_CH02_TMO_5GNR_WFC_MT-DUT-2_TC-155.dml,,,,,,,,,,NR SA,,,,,,,,,,,,,,,,,,,,,2.147825,On,Connected,-71.000000,5220,136,,,,IWLAN
2357,1,,,-121.9314830,47.5244923,2026-01-23 19:30:39.000,_20260123_105610_CH02_TMO_5GNR_WFC_MT-DUT-2_TC-155.dml,,,,,,,,,,NR SA,,,,,,,,,,,,,,,,,,,594,,,On,Connected,-71.000000,5220,136,,,,IWLAN
2358,1,,,-121.9314830,47.5244923,2026-01-23 19:30:39.568,_20260123_105610_CH02_TMO_5GNR_WFC_MT-DUT-2_TC-155.dml,,,,,,,,,,,,,,,,,,,,,,,,,,,,,,-74.742500,,,,,,,,,,
2359,1,,,-121.9314830,47.5244923,2026-01-23 19:30:40.000,_20260123_105610_CH02_TMO_5GNR_WFC_MT-DUT-2_TC-155.dml,,,,,,,,,,NR SA,,,,,,,,,,,,,,,,,,,594,,,On,Connected,-71.000000,5220,136,,,,IWLAN
2360,1,,,-121.9314830,47.5244923,2026-01-23 19:30:41.000,_20260123_105610_CH02_TMO_5GNR_WFC_MT-DUT-2_TC-155.dml,,,,,,,,,,NR SA,,,,,,,,,,,,,,,,,,,,,,On,Connected,-71.000000,5220,136,,,,IWLAN
2361,1,,,-121.9314830,47.5244923,2026-01-23 19:30:42.000,_20260123_105610_CH02_TMO_5GNR_WFC_MT-DUT-2_TC-155.dml,,,,,,,,,,NR SA,,,,,,,,,,,,,,,,,,,594,,,On,Connected,-71.000000,5220,136,,,,IWLAN
2362,1,,,-121.9314830,47.5244923,2026-01-23 19:30:43.000,_20260123_105610_CH02_TMO_5GNR_WFC_MT-DUT-2_TC-155.dml,,,,,,,,,,NR SA,,,,,,,,,,,,,,,,,,,,,,On,Connected,-71.000000,5220,136,,,,IWLAN
2363,1,,,-121.9314830,47.5244923,2026-01-23 19:30:44.000,_20260123_105610_CH02_TMO_5GNR_WFC_MT-DUT-2_TC-155.dml,,,,,,,,,,NR SA,,,,,,,,,,,,,,,,,,,594,,,On,Connected,-71.000000,5220,136,,,,IWLAN
2364,1,,,-121.9314830,47.5244923,2026-01-23 19:30:45.000,_20260123_105610_CH02_TMO_5GNR_WFC_MT-DUT-2_TC-155.dml,,,,,,,,,,NR SA,,,,,,,,,,,,,,,,,,,,,,On,Connected,-71.000000,5220,136,,,,IWLAN
2365,1,,,-121.9314830,47.5244923,2026-01-23 19:30:46.000,_20260123_105610_CH02_TMO_5GNR_WFC_MT-DUT-2_TC-155.dml,,,,,,,,,,NR SA,,,,,,,,,,,,,,,,,,,594,,,On,Connected,-71.000000,5220,136,,,,IWLAN
2366,1,,,-121.9314830,47.5244923,2026-01-23 19:30:47.000,_20260123_105610_CH02_TMO_5GNR_WFC_MT-DUT-2_TC-155.dml,,,,,,,,,,NR SA,,,,,,,,,,,,,,,,,,,594,,,On,Connected,-71.000000,5220,136,,,,IWLAN
2367,1,,,-121.9314830,47.5244923,2026-01-23 19:30:48.000,_20260123_105610_CH02_TMO_5GNR_WFC_MT-DUT-2_TC-155.dml,,,,,,,,,,NR SA,,,,,,,,,,,,,,,,,,,594,,,On,Connected,-71.000000,5220,136,,,,IWLAN
2368,1,,,-121.9314830,47.5244923,2026-01-23 19:30:49.000,_20260123_105610_CH02_TMO_5GNR_WFC_MT-DUT-2_TC-155.dml,,,,,,,,,,NR SA,,,,,,,,,,,,,,,,,,,,,2.138661,On,Connected,-71.000000,5220,136,,,,IWLAN
2369,1,,,-121.9314830,47.5244923,2026-01-23 19:30:50.000,_20260123_105610_CH02_TMO_5GNR_WFC_MT-DUT-2_TC-155.dml,,,,,,,,,,NR SA,,,,,,,,,,,,,,,,,,,594,,2.138661,On,Connected,-71.000000,5220,136,,,,IWLAN
2370,1,,,-121.9314830,47.5244923,2026-01-23 19:30:51.000,_20260123_105610_CH02_TMO_5GNR_WFC_MT-DUT-2_TC-155.dml,,,,,,,,,,NR SA,,,,,,,,,,,,,,,,,,,,,2.138661,On,Connected,-71.000000,5220,136,,,,IWLAN
2371,1,,,-121.9314830,47.5244923,2026-01-23 19:30:52.000,_20260123_105610_CH02_TMO_5GNR_WFC_MT-DUT-2_TC-155.dml,,,,,,,,,,NR SA,,,,,,,,,,,,,,,,,,,594,,2.138661,On,Connected,-71.000000,5220,136,,,,IWLAN
2372,1,,,-121.9314830,47.5244923,2026-01-23 19:30:53.000,_20260123_105610_CH02_TMO_5GNR_WFC_MT-DUT-2_TC-155.dml,,,,,,,,,,NR SA,,,,,,,,,,,,,,,,,,,,,2.138661,On,Connected,-71.000000,5220,136,,,,IWLAN
2373,1,,,-121.9314830,47.5244923,2026-01-23 19:30:54.000,_20260123_105610_CH02_TMO_5GNR_WFC_MT-DUT-2_TC-155.dml,,,,,,,,,,NR SA,,,,,,,,,,,,,,,,,,,594,,2.138661,On,Connected,-71.000000,5220,136,,,,IWLAN
2374,1,,,-121.9314830,47.5244923,2026-01-23 19:30:55.000,_20260123_105610_CH02_TMO_5GNR_WFC_MT-DUT-2_TC-155.dml,,,,,,,,,,NR SA,,,,,,,,,,,,,,,,,,,,,2.138661,On,Connected,-71.000000,5220,136,,,,IWLAN
2375,1,,,-121.9314830,47.5244923,2026-01-23 19:30:56.000,_20260123_105610_CH02_TMO_5GNR_WFC_MT-DUT-2_TC-155.dml,,,,,,,,,,NR SA,,,,,,,,,,,,,,,,,,,594,,2.138661,On,Connected,-71.000000,5220,136,,,,IWLAN
2376,1,,,-121.9314830,47.5244923,2026-01-23 19:30:57.000,_20260123_105610_CH02_TMO_5GNR_WFC_MT-DUT-2_TC-155.dml,,,,,,,,,,NR SA,,,,,,,,,,,,,,,,,,,,,2.138661,On,Connected,-71.000000,5220,136,,,,IWLAN
2377,1,,,-121.9314830,47.5244923,2026-01-23 19:30:58.000,_20260123_105610_CH02_TMO_5GNR_WFC_MT-DUT-2_TC-155.dml,,,,,,,,,,NR SA,,,,,,,,,,,,,,,,,,,594,,2.138661,On,Connected,-71.000000,5220,136,,,,IWLAN
2378,1,,,-121.9314830,47.5244923,2026-01-23 19:30:59.000,_20260123_105610_CH02_TMO_5GNR_WFC_MT-DUT-2_TC-155.dml,,,,,,,,,,NR SA,,,,,,,,,,,,,,,,,,,,,,On,Connected,-71.000000,5220,136,,,,IWLAN
2379,1,,,-121.9314830,47.5244923,2026-01-23 19:30:59.568,_20260123_105610_CH02_TMO_5GNR_WFC_MT-DUT-2_TC-155.dml,,,,,,,,,,,,,,,,,,,,,,,,,,,,,,-72.599412,,,,,,,,,,
2380,1,,,-121.9314830,47.5244923,2026-01-23 19:31:00.000,_20260123_105610_CH02_TMO_5GNR_WFC_MT-DUT-2_TC-155.dml,,,,,,,,,,NR SA,,,,,,,,,,,,,,,,,,,594,,,On,Connected,-71.000000,5220,136,,,,IWLAN
2381,1,,,-121.9314830,47.5244923,2026-01-23 19:31:01.000,_20260123_105610_CH02_TMO_5GNR_WFC_MT-DUT-2_TC-155.dml,,,,,,,,,,NR SA,,,,,,,,,,,,,,,,,,,,,,On,Connected,-71.000000,5220,136,,,,IWLAN
2382,1,,,-121.9314830,47.5244923,2026-01-23 19:31:02.000,_20260123_105610_CH02_TMO_5GNR_WFC_MT-DUT-2_TC-155.dml,,,,,,,,,,NR SA,,,,,,,,,,,,,,,,,,,594,,,On,Connected,-71.000000,5220,136,,,,IWLAN
2383,1,,,-121.9314830,47.5244923,2026-01-23 19:31:03.000,_20260123_105610_CH02_TMO_5GNR_WFC_MT-DUT-2_TC-155.dml,,,,,,,,,,NR SA,,,,,,,,,,,,,,,,,,,594,,,On,Connected,-71.000000,5220,136,,,,IWLAN
2384,1,,,-121.9314830,47.5244923,2026-01-23 19:31:04.000,_20260123_105610_CH02_TMO_5GNR_WFC_MT-DUT-2_TC-155.dml,,,,,,,,,,NR SA,,,,,,,,,,,,,,,,,,,,,,On,Connected,-71.000000,5220,136,,,,IWLAN
2385,1,,,-121.9314830,47.5244923,2026-01-23 19:31:05.000,_20260123_105610_CH02_TMO_5GNR_WFC_MT-DUT-2_TC-155.dml,,,,,,,,,,NR SA,,,,,,,,,,,,,,,,,,,594,,,On,Connected,-71.000000,5220,136,,,,IWLAN
2386,1,,,-121.9314830,47.5244923,2026-01-23 19:31:06.000,_20260123_105610_CH02_TMO_5GNR_WFC_MT-DUT-2_TC-155.dml,,,,,,,,,,NR SA,,,,,,,,,,,,,,,,,,,,,,On,Connected,-71.000000,5220,136,,,,IWLAN
2387,1,,,-121.9314830,47.5244923,2026-01-23 19:31:07.000,_20260123_105610_CH02_TMO_5GNR_WFC_MT-DUT-2_TC-155.dml,,,,,,,,,,NR SA,,,,,,,,,,,,,,,,,,,594,,,On,Connected,-71.000000,5220,136,,,,IWLAN
2388,1,,,-121.9314830,47.5244923,2026-01-23 19:31:08.000,_20260123_105610_CH02_TMO_5GNR_WFC_MT-DUT-2_TC-155.dml,,,,,,,,,,NR SA,,,,,,,,,,,,,,,,,,,,,,On,Connected,-71.000000,5220,136,,,,IWLAN
2389,1,,,-121.9314830,47.5244923,2026-01-23 19:31:09.000,_20260123_105610_CH02_TMO_5GNR_WFC_MT-DUT-2_TC-155.dml,,,,,,,,,,NR SA,,,,,,,,,,,,,,,,,,,594,,2.263576,On,Connected,-71.000000,5220,136,,,,IWLAN
2390,1,,,-121.9314830,47.5244923,2026-01-23 19:31:10.000,_20260123_105610_CH02_TMO_5GNR_WFC_MT-DUT-2_TC-155.dml,,,,,,,,,,NR SA,,,,,,,,,,,,,,,,,,,,,2.263576,On,Connected,-71.000000,5220,136,,,,IWLAN
2391,1,,,-121.9314830,47.5244923,2026-01-23 19:31:11.000,_20260123_105610_CH02_TMO_5GNR_WFC_MT-DUT-2_TC-155.dml,,,,,,,,,,NR SA,,,,,,,,,,,,,,,,,,,594,,2.263576,On,Connected,-71.000000,5220,136,,,,IWLAN
2392,1,,,-121.9314830,47.5244923,2026-01-23 19:31:12.000,_20260123_105610_CH02_TMO_5GNR_WFC_MT-DUT-2_TC-155.dml,,,,,,,,,,NR SA,,,,,,,,,,,,,,,,,,,,,2.263576,On,Connected,-71.000000,5220,136,,,,IWLAN
2393,1,,,-121.9314830,47.5244923,2026-01-23 19:31:13.000,_20260123_105610_CH02_TMO_5GNR_WFC_MT-DUT-2_TC-155.dml,,,,,,,,,,NR SA,,,,,,,,,,,,,,,,,,,594,,2.263576,On,Connected,-71.000000,5220,136,,,,IWLAN
2394,1,,,-121.9314830,47.5244923,2026-01-23 19:31:14.000,_20260123_105610_CH02_TMO_5GNR_WFC_MT-DUT-2_TC-155.dml,,,,,,,,,,NR SA,,,,,,,,,,,,,,,,,,,594,,2.263576,On,Connected,-71.000000,5220,136,,,,IWLAN
2395,1,,,-121.9314830,47.5244923,2026-01-23 19:31:15.000,_20260123_105610_CH02_TMO_5GNR_WFC_MT-DUT-2_TC-155.dml,,,,,,,,,,NR SA,,,,,,,,,,,,,,,,,,,594,,2.263576,On,Connected,-71.000000,5220,136,,,,IWLAN
2396,1,,,-121.9314830,47.5244923,2026-01-23 19:31:16.000,_20260123_105610_CH02_TMO_5GNR_WFC_MT-DUT-2_TC-155.dml,,,,,,,,,,NR SA,,,,,,,,,,,,,,,,,,,,,2.263576,On,Connected,-71.000000,5220,136,,,,IWLAN
2397,1,,,-121.9314830,47.5244923,2026-01-23 19:31:17.000,_20260123_105610_CH02_TMO_5GNR_WFC_MT-DUT-2_TC-155.dml,,,,,,,,,,NR SA,,,,,,,,,,,,,,,,,,,594,,2.263576,On,Connected,-71.000000,5220,136,,,,IWLAN
2398,1,,,-121.9314830,47.5244923,2026-01-23 19:31:18.000,_20260123_105610_CH02_TMO_5GNR_WFC_MT-DUT-2_TC-155.dml,,,,,,,,,,NR SA,,,,,,,,,,,,,,,,,,,,,2.263576,On,Connected,-71.000000,5220,136,,,,IWLAN
2399,1,,,-121.9314830,47.5244923,2026-01-23 19:31:19.567,_20260123_105610_CH02_TMO_5GNR_WFC_MT-DUT-2_TC-155.dml,,,,,,,,,,,,,,,,,,,,,,,,,,,,,,-72.967778,,,,,,,,,,
2400,1,,,-121.9314830,47.5244923,2026-01-23 19:31:19.000,_20260123_105610_CH02_TMO_5GNR_WFC_MT-DUT-2_TC-155.dml,,,,,,,,,,NR SA,,,,,,,,,,,,,,,,,,,594,,,On,Connected,-71.000000,5220,136,,,,IWLAN
2401,1,,,-121.9314830,47.5244923,2026-01-23 19:31:20.000,_20260123_105610_CH02_TMO_5GNR_WFC_MT-DUT-2_TC-155.dml,,,,,,,,,,NR SA,,,,,,,,,,,,,,,,,,,,,,On,Connected,-71.000000,5220,136,,,,IWLAN
2402,1,,,-121.9314830,47.5244923,2026-01-23 19:31:21.000,_20260123_105610_CH02_TMO_5GNR_WFC_MT-DUT-2_TC-155.dml,,,,,,,,,,NR SA,,,,,,,,,,,,,,,,,,,594,,,On,Connected,-71.000000,5220,136,,,,IWLAN
2403,1,,,-121.9314830,47.5244923,2026-01-23 19:31:22.000,_20260123_105610_CH02_TMO_5GNR_WFC_MT-DUT-2_TC-155.dml,,,,,,,,,,NR SA,,,,,,,,,,,,,,,,,,,,,,On,Connected,-71.000000,5220,136,,,,IWLAN
2404,1,,,-121.9314830,47.5244923,2026-01-23 19:31:23.000,_20260123_105610_CH02_TMO_5GNR_WFC_MT-DUT-2_TC-155.dml,,,,,,,,,,NR SA,,,,,,,,,,,,,,,,,,,594,,,On,Connected,-71.000000,5220,136,,,,IWLAN
2405,1,,,-121.9314830,47.5244923,2026-01-23 19:31:24.000,_20260123_105610_CH02_TMO_5GNR_WFC_MT-DUT-2_TC-155.dml,,,,,,,,,,NR SA,,,,,,,,,,,,,,,,,,,,,,On,Connected,-71.000000,5220,136,,,,IWLAN
2406,1,,,-121.9314830,47.5244923,2026-01-23 19:31:25.000,_20260123_105610_CH02_TMO_5GNR_WFC_MT-DUT-2_TC-155.dml,,,,,,,,,,NR SA,,,,,,,,,,,,,,,,,,,594,,,On,Connected,-71.000000,5220,136,,,,IWLAN
2407,1,,,-121.9314830,47.5244923,2026-01-23 19:31:26.000,_20260123_105610_CH02_TMO_5GNR_WFC_MT-DUT-2_TC-155.dml,,,,,,,,,,NR SA,,,,,,,,,,,,,,,,,,,,,,On,Connected,-71.000000,5220,136,,,,IWLAN
2408,1,,,-121.9314830,47.5244923,2026-01-23 19:31:27.000,_20260123_105610_CH02_TMO_5GNR_WFC_MT-DUT-2_TC-155.dml,,,,,,,,,,NR SA,,,,,,,,,,,,,,,,,,,594,,,On,Connected,-71.000000,5220,136,,,,IWLAN
2409,1,,,-121.9314830,47.5244923,2026-01-23 19:31:28.000,_20260123_105610_CH02_TMO_5GNR_WFC_MT-DUT-2_TC-155.dml,,,,,,,,,,NR SA,,,,,,,,,,,,,,,,,,,594,,,On,Connected,-71.000000,5220,136,,,,IWLAN
2410,1,,,-121.9314830,47.5244923,2026-01-23 19:31:29.000,_20260123_105610_CH02_TMO_5GNR_WFC_MT-DUT-2_TC-155.dml,,,,,,,,,,NR SA,,,,,,,,,,,,,,,,,,,,,2.269599,On,Connected,-71.000000,5220,136,,,,IWLAN
2411,1,,,-121.9314830,47.5244923,2026-01-23 19:31:30.000,_20260123_105610_CH02_TMO_5GNR_WFC_MT-DUT-2_TC-155.dml,,,,,,,,,,NR SA,,,,,,,,,,,,,,,,,,,594,,2.269599,On,Connected,-71.000000,5220,136,,,,IWLAN
2412,1,,,-121.9314830,47.5244923,2026-01-23 19:31:31.000,_20260123_105610_CH02_TMO_5GNR_WFC_MT-DUT-2_TC-155.dml,,,,,,,,,,NR SA,,,,,,,,,,,,,,,,,,,,,2.269599,On,Connected,-71.000000,5220,136,,,,IWLAN
2413,1,,,-121.9314830,47.5244923,2026-01-23 19:31:32.000,_20260123_105610_CH02_TMO_5GNR_WFC_MT-DUT-2_TC-155.dml,,,,,,,,,,NR SA,,,,,,,,,,,,,,,,,,,594,,2.269599,On,Connected,-71.000000,5220,136,,,,IWLAN
2414,1,,,-121.9314830,47.5244923,2026-01-23 19:31:33.000,_20260123_105610_CH02_TMO_5GNR_WFC_MT-DUT-2_TC-155.dml,,,,,,,,,,NR SA,,,,,,,,,,,,,,,,,,,,,2.269599,On,Connected,-71.000000,5220,136,,,,IWLAN
2415,1,,,-121.9314830,47.5244923,2026-01-23 19:31:34.000,_20260123_105610_CH02_TMO_5GNR_WFC_MT-DUT-2_TC-155.dml,,,,,,,,,,NR SA,,,,,,,,,,,,,,,,,,,594,,2.269599,On,Connected,-71.000000,5220,136,,,,IWLAN
2416,1,,,-121.9314830,47.5244923,2026-01-23 19:31:35.000,_20260123_105610_CH02_TMO_5GNR_WFC_MT-DUT-2_TC-155.dml,,,,,,,,,,NR SA,,,,,,,,,,,,,,,,,,,,,2.269599,On,Connected,-71.000000,5220,136,,,,IWLAN
2417,1,,,-121.9314830,47.5244923,2026-01-23 19:31:36.000,_20260123_105610_CH02_TMO_5GNR_WFC_MT-DUT-2_TC-155.dml,,,,,,,,,,NR SA,,,,,,,,,,,,,,,,,,,594,,2.269599,On,Connected,-71.000000,5220,136,,,,IWLAN
2418,1,,,-121.9314830,47.5244923,2026-01-23 19:31:37.000,_20260123_105610_CH02_TMO_5GNR_WFC_MT-DUT-2_TC-155.dml,,,,,,,,,,NR SA,,,,,,,,,,,,,,,,,,,,,2.269599,On,Connected,-71.000000,5220,136,,,,IWLAN
2419,1,,,-121.9314830,47.5244923,2026-01-23 19:31:38.000,_20260123_105610_CH02_TMO_5GNR_WFC_MT-DUT-2_TC-155.dml,,,,,,,,,,NR SA,,,,,,,,,,,,,,,,,,,594,,2.269599,On,Connected,-71.000000,5220,136,,,,IWLAN
2420,1,,,-121.9314830,47.5244923,2026-01-23 19:31:39.568,_20260123_105610_CH02_TMO_5GNR_WFC_MT-DUT-2_TC-155.dml,,,,,,,,,,,,,,,,,,,,,,,,,,,,,,-74.382000,,,,,,,,,,
2421,1,,,-121.9314830,47.5244923,2026-01-23 19:31:39.000,_20260123_105610_CH02_TMO_5GNR_WFC_MT-DUT-2_TC-155.dml,,,,,,,,,,NR SA,,,,,,,,,,,,,,,,,,,,,,On,Connected,-71.000000,5220,136,,,,IWLAN
2422,1,,,-121.9314830,47.5244923,2026-01-23 19:31:40.000,_20260123_105610_CH02_TMO_5GNR_WFC_MT-DUT-2_TC-155.dml,,,,,,,,,,NR SA,,,,,,,,,,,,,,,,,,,594,,,On,Connected,-71.000000,5220,136,,,,IWLAN
2423,1,,,-121.9314830,47.5244923,2026-01-23 19:31:41.000,_20260123_105610_CH02_TMO_5GNR_WFC_MT-DUT-2_TC-155.dml,,,,,,,,,,NR SA,,,,,,,,,,,,,,,,,,,594,,,On,Connected,-71.000000,5220,136,,,,IWLAN
2424,1,,,-121.9314830,47.5244923,2026-01-23 19:31:42.000,_20260123_105610_CH02_TMO_5GNR_WFC_MT-DUT-2_TC-155.dml,,,,,,,,,,NR SA,,,,,,,,,,,,,,,,,,,594,,,On,Connected,-71.000000,5220,136,,,,IWLAN
2425,1,,,-121.9314830,47.5244923,2026-01-23 19:31:43.000,_20260123_105610_CH02_TMO_5GNR_WFC_MT-DUT-2_TC-155.dml,,,,,,,,,,NR SA,,,,,,,,,,,,,,,,,,,,,,On,Connected,-71.000000,5220,136,,,,IWLAN
2426,1,,,-121.9314830,47.5244923,2026-01-23 19:31:44.000,_20260123_105610_CH02_TMO_5GNR_WFC_MT-DUT-2_TC-155.dml,,,,,,,,,,NR SA,,,,,,,,,,,,,,,,,,,594,,,On,Connected,-71.000000,5220,136,,,,IWLAN
2427,1,,,-121.9314830,47.5244923,2026-01-23 19:31:45.000,_20260123_105610_CH02_TMO_5GNR_WFC_MT-DUT-2_TC-155.dml,,,,,,,,,,NR SA,,,,,,,,,,,,,,,,,,,,,,On,Connected,-71.000000,5220,136,,,,IWLAN
2428,1,,,-121.9314830,47.5244923,2026-01-23 19:31:46.000,_20260123_105610_CH02_TMO_5GNR_WFC_MT-DUT-2_TC-155.dml,,,,,,,,,,NR SA,,,,,,,,,,,,,,,,,,,594,,,On,Connected,-71.000000,5220,136,,,,
2429,1,,,-121.9314830,47.5244923,2026-01-23 19:31:47.000,_20260123_105610_CH02_TMO_5GNR_WFC_MT-DUT-2_TC-155.dml,,,,,,,,,,NR SA,,,,,,,,,,,,,,,,,,,,,,On,Connected,-71.000000,5220,136,,,,IWLAN
2430,1,,,-121.9314830,47.5244923,2026-01-23 19:31:48.000,_20260123_105610_CH02_TMO_5GNR_WFC_MT-DUT-2_TC-155.dml,,,,,,,,,,NR SA,,,,,,,,,,,,,,,,,,,594,,,On,Connected,-71.000000,5220,136,,,,IWLAN
2431,1,,,-121.9314830,47.5244923,2026-01-23 19:31:49.000,_20260123_105610_CH02_TMO_5GNR_WFC_MT-DUT-2_TC-155.dml,,,,,,,,,,NR SA,,,,,,,,,,,,,,,,,,,,,,On,Connected,-71.000000,5220,136,,,,IWLAN
2432,1,,,-121.9314830,47.5244923,2026-01-23 19:31:49.443,_20260123_105610_CH02_TMO_5GNR_WFC_MT-DUT-2_TC-155.dml,,,,,,,,,,,,,,,,,,,,,,,[Tool] Voice - Pair Channel Call Drop,,,,,,,,,,,,,,,,,
2433,1,,,-121.9314830,47.5244923,2026-01-23 19:31:49.443,_20260123_105610_CH02_TMO_5GNR_WFC_MT-DUT-2_TC-155.dml,,,,,,,,,,,,,,,,,,,,,,,[Tool] Voice - Release Call Request,,,,,,,,,,,,,,,,,
2434,1,,,-121.9314830,47.5244923,2026-01-23 19:31:49.957,_20260123_105610_CH02_TMO_5GNR_WFC_MT-DUT-2_TC-155.dml,,,,,,,,,,,,,,,,,,,,,,Complete,[Tool] Voice - Call Result : Complete,,,,,,,,,,,,,,,,,
2435,1,,,-121.9314830,47.5244923,2026-01-23 19:31:49.957,_20260123_105610_CH02_TMO_5GNR_WFC_MT-DUT-2_TC-155.dml,,,,,,,,,,,,,,,,,,,,,,,[UE]   Voice - Release Call Success,,,,,,,,,,,,,,,,,
2436,1,,,-121.9314830,47.5244923,2026-01-23 19:31:50.000,_20260123_105610_CH02_TMO_5GNR_WFC_MT-DUT-2_TC-155.dml,,,,,,,,,,,,,,,,,,,,,,,,1,,,,,594,,,On,Connected,-71.000000,5220,136,,,,IWLAN
2437,1,,,-121.9314830,47.5244923,2026-01-23 19:31:51.005,_20260123_105610_CH02_TMO_5GNR_WFC_MT-DUT-2_TC-155.dml,,,,,,,,,,,,,,,,,,,,,,,[UE]   Voice - Release Call Success,,,,,,,,,,,,,,,,,
2438,1,,,-121.9314830,47.5244923,2026-01-23 19:31:51.000,_20260123_105610_CH02_TMO_5GNR_WFC_MT-DUT-2_TC-155.dml,,,,,,,,,,,,,,,,,,,,,,,,,,,,,,,,On,Connected,-66.000000,5220,204,,,,IWLAN
2439,1,,,-121.9314830,47.5244923,2026-01-23 19:31:52.000,_20260123_105610_CH02_TMO_5GNR_WFC_MT-DUT-2_TC-155.dml,,,,,,,,,,,,,,,,,,,,,,,,,,,,,594,,,On,Connected,-66.000000,5220,204,,,,IWLAN
2440,1,,,-121.9314830,47.5244923,2026-01-23 19:31:53.000,_20260123_105610_CH02_TMO_5GNR_WFC_MT-DUT-2_TC-155.dml,,,,,,,,,,,,,,,,,,,,,,,,,,,,,,,,On,Connected,-66.000000,5220,204,,,,
2441,1,,,-121.9314830,47.5244923,2026-01-23 19:31:54.000,_20260123_105610_CH02_TMO_5GNR_WFC_MT-DUT-2_TC-155.dml,,,,,,,,,,,,,,,,,,,,,,,,,,,,,594,,,On,Connected,-66.000000,5220,204,,,,IWLAN
2442,1,,,-121.9314830,47.5244923,2026-01-23 19:31:55.000,_20260123_105610_CH02_TMO_5GNR_WFC_MT-DUT-2_TC-155.dml,,,,,,,,,,,,,,,,,,,,,,,,,,,,,,,,On,Connected,-66.000000,5220,204,,,,
2443,1,,,-121.9314830,47.5244923,2026-01-23 19:31:56.000,_20260123_105610_CH02_TMO_5GNR_WFC_MT-DUT-2_TC-155.dml,,,,,,,,,,,,,,,,,,,,,,,,,,,,,594,,,On,Connected,-66.000000,5220,204,,,,IWLAN
2444,1,,,-121.9314830,47.5244923,2026-01-23 19:31:57.000,_20260123_105610_CH02_TMO_5GNR_WFC_MT-DUT-2_TC-155.dml,,,,,,,,,,,,,,,,,,,,,,,,,,,,,594,,,On,Connected,-66.000000,5220,204,,,,IWLAN
2445,1,,,-121.9314830,47.5244923,2026-01-23 19:31:58.000,_20260123_105610_CH02_TMO_5GNR_WFC_MT-DUT-2_TC-155.dml,,,,,,,,,,,,,,,,,,,,,,,,,,,,,,,,On,Connected,-66.000000,5220,204,,,,IWLAN
2446,1,,,-121.9314830,47.5244923,2026-01-23 19:31:59.000,_20260123_105610_CH02_TMO_5GNR_WFC_MT-DUT-2_TC-155.dml,,,,,,,,,,,,,,,,,,,,,,,,,,,,,594,,,On,Connected,-66.000000,5220,204,,,,IWLAN
2447,1,,,-121.9314830,47.5244923,2026-01-23 19:32:00.000,_20260123_105610_CH02_TMO_5GNR_WFC_MT-DUT-2_TC-155.dml,,,,,,,,,,,,,,,,,,,,,,,,,,,,,,,,On,Connected,-67.000000,5220,136,,,,IWLAN
2448,1,,,-121.9314830,47.5244923,2026-01-23 19:32:01.000,_20260123_105610_CH02_TMO_5GNR_WFC_MT-DUT-2_TC-155.dml,,,,,,,,,,,,,,,,,,,,,,,,,,,,,594,,,On,Connected,-67.000000,5220,136,,,,IWLAN
2449,1,,,-121.9314830,47.5244923,2026-01-23 19:32:02.000,_20260123_105610_CH02_TMO_5GNR_WFC_MT-DUT-2_TC-155.dml,,,,,,,,,,,,,,,,,,,,,,,,,,,,,,,,On,Connected,-67.000000,5220,136,,,,IWLAN
2450,1,,,-121.9314830,47.5244923,2026-01-23 19:32:03.000,_20260123_105610_CH02_TMO_5GNR_WFC_MT-DUT-2_TC-155.dml,,,,,,,,,,,,,,,,,,,,,,,,,,,,,594,,,On,Connected,-66.000000,5220,136,,,,IWLAN
2451,1,,,-121.9314830,47.5244923,2026-01-23 19:32:04.000,_20260123_105610_CH02_TMO_5GNR_WFC_MT-DUT-2_TC-155.dml,,,,,,,,,,,,,,,,,,,,,,,,,,,,,,,,On,Connected,-66.000000,5220,136,,,,IWLAN
2452,1,,,-121.9314830,47.5244923,2026-01-23 19:32:05.000,_20260123_105610_CH02_TMO_5GNR_WFC_MT-DUT-2_TC-155.dml,,,,,,,,,,,,,,,,,,,,,,,,,,,,,594,,,On,Connected,-66.000000,5220,136,,,,IWLAN
2453,1,,,-121.9314830,47.5244923,2026-01-23 19:32:06.000,_20260123_105610_CH02_TMO_5GNR_WFC_MT-DUT-2_TC-155.dml,,,,,,,,,,,,,,,,,,,,,,,,,,,,,,,,On,Connected,-67.000000,5220,136,,,,IWLAN
2454,1,,,-121.9314830,47.5244923,2026-01-23 19:32:07.000,_20260123_105610_CH02_TMO_5GNR_WFC_MT-DUT-2_TC-155.dml,,,,,,,,,,,,,,,,,,,,,,,,,,,,,594,,,On,Connected,-67.000000,5220,136,,,,IWLAN
2455,1,,,-121.9314830,47.5244923,2026-01-23 19:32:08.000,_20260123_105610_CH02_TMO_5GNR_WFC_MT-DUT-2_TC-155.dml,,,,,,,,,,,,,,,,,,,,,,,,,,,,,594,,,On,Connected,-67.000000,5220,136,,,,IWLAN
2456,1,,,-121.9314830,47.5244923,2026-01-23 19:32:09.000,_20260123_105610_CH02_TMO_5GNR_WFC_MT-DUT-2_TC-155.dml,,,,,,,,,,,,,,,,,,,,,,,,,,,,,594,,,On,Connected,-66.000000,5220,136,,,,IWLAN
2457,1,,,-121.9314830,47.5244923,2026-01-23 19:32:10.000,_20260123_105610_CH02_TMO_5GNR_WFC_MT-DUT-2_TC-155.dml,,,,,,,,,,,,,,,,,,,,,,,,,,,,,,,,On,Connected,-66.000000,5220,136,,,,IWLAN
2458,1,,,-121.9314830,47.5244923,2026-01-23 19:32:11.000,_20260123_105610_CH02_TMO_5GNR_WFC_MT-DUT-2_TC-155.dml,,,,,,,,,,,,,,,,,,,,,,,,,,,,,594,,,On,Connected,-66.000000,5220,136,,,,IWLAN
2459,1,,,-121.9314830,47.5244923,2026-01-23 19:32:12.000,_20260123_105610_CH02_TMO_5GNR_WFC_MT-DUT-2_TC-155.dml,,,,,,,,,,,,,,,,,,,,,,,,,,,,,,,,On,Connected,-66.000000,5220,136,,,,IWLAN
2460,1,,,-121.9314830,47.5244923,2026-01-23 19:32:13.000,_20260123_105610_CH02_TMO_5GNR_WFC_MT-DUT-2_TC-155.dml,,,,,,,,,,,,,,,,,,,,,,,,,,,,,594,,,On,Connected,-66.000000,5220,136,,,,IWLAN
2461,1,,,-121.9314830,47.5244923,2026-01-23 19:32:14.000,_20260123_105610_CH02_TMO_5GNR_WFC_MT-DUT-2_TC-155.dml,,,,,,,,,,,,,,,,,,,,,,,,,,,,,,,,On,Connected,-66.000000,5220,136,,,,IWLAN
2462,1,,,-121.9314830,47.5244923,2026-01-23 19:32:15.000,_20260123_105610_CH02_TMO_5GNR_WFC_MT-DUT-2_TC-155.dml,,,,,,,,,,,,,,,,,,,,,,,,,,,,,594,,,On,Connected,-66.000000,5220,136,,,,IWLAN
2463,1,,,-121.9314830,47.5244923,2026-01-23 19:32:16.000,_20260123_105610_CH02_TMO_5GNR_WFC_MT-DUT-2_TC-155.dml,,,,,,,,,,,,,,,,,,,,,,,,,,,,,,,,On,Connected,-66.000000,5220,136,,,,IWLAN
2464,1,,,-121.9314830,47.5244923,2026-01-23 19:32:17.000,_20260123_105610_CH02_TMO_5GNR_WFC_MT-DUT-2_TC-155.dml,,,,,,,,,,,,,,,,,,,,,,,,,,,,,594,,,On,Connected,-66.000000,5220,136,,,,IWLAN
2465,1,,,-121.9314830,47.5244923,2026-01-23 19:32:17.818,_20260123_105610_CH02_TMO_5GNR_WFC_MT-DUT-2_TC-155.dml,,,,,,,,,,,,,,,,,,,,,,,[Tool] Voice - Release Call Request,,,,,,,,,,,,,,,,,
2466,1,,,-121.9314830,47.5244923,2026-01-23 19:32:17.958,_20260123_105610_CH02_TMO_5GNR_WFC_MT-DUT-2_TC-155.dml,,,,,,,,,,,,,,,,,,,,,,,[Tool] Voice - Answer Request,,,,,,,,,,,,,,,,,
2467,1,,,-121.9314830,47.5244923,2026-01-23 19:32:18.000,_20260123_105610_CH02_TMO_5GNR_WFC_MT-DUT-2_TC-155.dml,,,,,,,,,,,,,,,,,,,,,,,,,,,,,594,,,On,Connected,-66.000000,5220,136,,,,IWLAN
2468,1,,,-121.9314830,47.5244923,2026-01-23 19:32:19.000,_20260123_105610_CH02_TMO_5GNR_WFC_MT-DUT-2_TC-155.dml,,,,,,,,,,,,,,,,,,,,,,,,,,,,,,,,On,Connected,-66.000000,5220,136,,,,IWLAN
2469,1,,,-121.9314830,47.5244923,2026-01-23 19:32:20.000,_20260123_105610_CH02_TMO_5GNR_WFC_MT-DUT-2_TC-155.dml,,,,,,,,,,,,,,,,,,,,,,,,,,,,,594,,,On,Connected,-66.000000,5220,136,,,,IWLAN
2470,1,,,-121.9314830,47.5244923,2026-01-23 19:32:20.332,_20260123_105610_CH02_TMO_5GNR_WFC_MT-DUT-2_TC-155.dml,,,,,,,,,,,,,,,,,,,,,,,[Tool] Voice - Call Scheduling End,,,,,,,,,,,,,,,,,
2471,1,,,-121.9314830,47.5244923,2026-01-23 19:32:20.332,_20260123_105610_CH02_TMO_5GNR_WFC_MT-DUT-2_TC-155.dml,NR SA,Voice,Complete,NR SA,NR SA,,,,,,,,,,,,Complete,Termination,Complete,,,,,,,,,90.391000,,,,,,,,,,EPSFB,,
2472,1,,,-121.9314830,47.5244923,2026-01-23 19:32:20.332,_20260123_105610_CH02_TMO_5GNR_WFC_MT-DUT-2_TC-155.dml,,,,,,,,,,,,,,,,,,,,,,,[Tool] Voice - Release Call Request,,,,,,,,,,,,,,,,,
2473,1,,,-121.9314830,47.5244923,2026-01-23 19:32:20.849,_20260123_105610_CH02_TMO_5GNR_WFC_MT-DUT-2_TC-155.dml,,,,,,,,,,,,,,,,,,,,,,,[Tool] Voice - Call Scheduling Start(Term),,,,,,,,,,,,,,,,,
2474,1,,,-121.9314830,47.5244923,2026-01-23 19:32:20.849,_20260123_105610_CH02_TMO_5GNR_WFC_MT-DUT-2_TC-155.dml,,,,,,,,,,,,,,,,,,,,,,,[Tool] Voice - Wait Page,,,,,,,,,,,,,,,,,
2475,1,,,-121.9314830,47.5244923,2026-01-23 19:32:21.000,_20260123_105610_CH02_TMO_5GNR_WFC_MT-DUT-2_TC-155.dml,,,,,,,,,,,,,,,,,,,,,,,,,,,,,,,,On,Connected,-66.000000,5220,204,,,,IWLAN
2476,1,,,-121.9314830,47.5244923,2026-01-23 19:32:22.000,_20260123_105610_CH02_TMO_5GNR_WFC_MT-DUT-2_TC-155.dml,,,,,,,,,,,,,,,,,,,,,,,,,,,,,594,,,On,Connected,-66.000000,5220,204,,,,IWLAN
2477,1,,,-121.9314830,47.5244923,2026-01-23 19:32:23.000,_20260123_105610_CH02_TMO_5GNR_WFC_MT-DUT-2_TC-155.dml,,,,,,,,,,,,,,,,,,,,,,,,,,,,,,,,On,Connected,-66.000000,5220,204,,,,IWLAN
2478,1,,,-121.9314830,47.5244923,2026-01-23 19:32:24.000,_20260123_105610_CH02_TMO_5GNR_WFC_MT-DUT-2_TC-155.dml,,,,,,,,,,,,,,,,,,,,,,,,,,,,,594,,,On,Connected,-66.000000,5220,204,,,,IWLAN
2479,1,,,-121.9314830,47.5244923,2026-01-23 19:32:24.426,_20260123_105610_CH02_TMO_5GNR_WFC_MT-DUT-2_TC-155.dml,,,,,,,,,,,,,,,,,,,,,,,[Tool] Voice - Answer Request,,,,,,,,,,,,,,,,,
2480,1,,,-121.9314830,47.5244923,2026-01-23 19:32:25.000,_20260123_105610_CH02_TMO_5GNR_WFC_MT-DUT-2_TC-155.dml,,,,,,,,,,,,,,,,,,,,,,,,,,,,,,,,,Connected,,,,,,,IWLAN
2481,1,,,-121.9314830,47.5244923,2026-01-23 19:32:25.568,_20260123_105610_CH02_TMO_5GNR_WFC_MT-DUT-2_TC-155.dml,,,,,,,,,,,,,,,,,,,,,,,[Tool] Voice - Answer Request,,,,,,,,,,,,,,,,,
2482,1,,,-121.9314830,47.5244923,2026-01-23 19:32:26.000,_20260123_105610_CH02_TMO_5GNR_WFC_MT-DUT-2_TC-155.dml,,,,,,,,,,,,,,,,,,,,,,,,,,,,,594,,,On,Connected,-66.000000,5220,204,,,,IWLAN
2483,1,,,-121.9314830,47.5244923,2026-01-23 19:32:26.645,_20260123_105610_CH02_TMO_5GNR_WFC_MT-DUT-2_TC-155.dml,,,,,,,,,,,,,,,,,,,,,,,[UE]   Voice - Setup Success,,,,,,,,,,,,,,,,,
2484,1,,,-121.9314830,47.5244923,2026-01-23 19:32:27.000,_20260123_105610_CH02_TMO_5GNR_WFC_MT-DUT-2_TC-155.dml,,,,,,,,,,NR SA,,,,,,,,,,,,,,,,,,,,,,,Connected,,,,,,,IWLAN
2485,1,,,-121.9314830,47.5244923,2026-01-23 19:32:28.000,_20260123_105610_CH02_TMO_5GNR_WFC_MT-DUT-2_TC-155.dml,,,,,,,,,,NR SA,,,,,,,,,,,,,,,,,,,594,,,On,Connected,-66.000000,5220,136,,,,IWLAN
2486,1,,,-121.9314830,47.5244923,2026-01-23 19:32:29.000,_20260123_105610_CH02_TMO_5GNR_WFC_MT-DUT-2_TC-155.dml,,,,,,,,,,NR SA,,,,,,,,,,,,,,,,,,,,,,,Connected,,,,,,,IWLAN
2487,1,,,-121.9314830,47.5244923,2026-01-23 19:32:30.000,_20260123_105610_CH02_TMO_5GNR_WFC_MT-DUT-2_TC-155.dml,,,,,,,,,,NR SA,,,,,,,,,,,,,,,,,,,594,,,On,Connected,-66.000000,5220,136,,,,IWLAN
2488,1,,,-121.9314830,47.5244923,2026-01-23 19:32:31.000,_20260123_105610_CH02_TMO_5GNR_WFC_MT-DUT-2_TC-155.dml,,,,,,,,,,NR SA,,,,,,,,,,,,,,,,,,,,,,On,Connected,-66.000000,5220,136,,,,IWLAN
2489,1,,,-121.9314830,47.5244923,2026-01-23 19:32:32.000,_20260123_105610_CH02_TMO_5GNR_WFC_MT-DUT-2_TC-155.dml,,,,,,,,,,NR SA,,,,,,,,,,,,,,,,,,,594,,,On,Connected,-66.000000,5220,136,,,,IWLAN
2490,1,,,-121.9314830,47.5244923,2026-01-23 19:32:33.000,_20260123_105610_CH02_TMO_5GNR_WFC_MT-DUT-2_TC-155.dml,,,,,,,,,,NR SA,,,,,,,,,,,,,,,,,,,,,,On,Connected,-66.000000,5220,136,,,,IWLAN
2491,1,,,-121.9314830,47.5244923,2026-01-23 19:32:34.000,_20260123_105610_CH02_TMO_5GNR_WFC_MT-DUT-2_TC-155.dml,,,,,,,,,,NR SA,,,,,,,,,,,,,,,,,,,594,,,On,Connected,-66.000000,5220,136,,,,IWLAN
2492,1,,,-121.9314830,47.5244923,2026-01-23 19:32:35.000,_20260123_105610_CH02_TMO_5GNR_WFC_MT-DUT-2_TC-155.dml,,,,,,,,,,NR SA,,,,,,,,,,,,,,,,,,,,,,On,Connected,-66.000000,5220,136,,,,IWLAN
2493,1,,,-121.9314830,47.5244923,2026-01-23 19:32:36.000,_20260123_105610_CH02_TMO_5GNR_WFC_MT-DUT-2_TC-155.dml,,,,,,,,,,NR SA,,,,,,,,,,,,,,,,,,,594,,,On,Connected,-66.000000,5220,136,,,,IWLAN
2494,1,,,-121.9314830,47.5244923,2026-01-23 19:32:37.000,_20260123_105610_CH02_TMO_5GNR_WFC_MT-DUT-2_TC-155.dml,,,,,,,,,,NR SA,,,,,,,,,,,,,,,,,,,,,1.982333,On,Connected,-66.000000,5220,136,,,,IWLAN
2495,1,,,-121.9314830,47.5244923,2026-01-23 19:32:38.000,_20260123_105610_CH02_TMO_5GNR_WFC_MT-DUT-2_TC-155.dml,,,,,,,,,,NR SA,,,,,,,,,,,,,,,,,,,594,,1.982333,On,Connected,-66.000000,5220,136,,,,IWLAN
2496,1,,,-121.9314830,47.5244923,2026-01-23 19:32:39.000,_20260123_105610_CH02_TMO_5GNR_WFC_MT-DUT-2_TC-155.dml,,,,,,,,,,NR SA,,,,,,,,,,,,,,,,,,,594,,1.982333,On,Connected,-66.000000,5220,136,,,,IWLAN
2497,1,,,-121.9314830,47.5244923,2026-01-23 19:32:40.000,_20260123_105610_CH02_TMO_5GNR_WFC_MT-DUT-2_TC-155.dml,,,,,,,,,,NR SA,,,,,,,,,,,,,,,,,,,,,1.982333,On,Connected,-66.000000,5220,136,,,,IWLAN
2498,1,,,-121.9314830,47.5244923,2026-01-23 19:32:41.000,_20260123_105610_CH02_TMO_5GNR_WFC_MT-DUT-2_TC-155.dml,,,,,,,,,,NR SA,,,,,,,,,,,,,,,,,,,594,,1.982333,On,Connected,-66.000000,5220,136,,,,IWLAN
2499,1,,,-121.9314830,47.5244923,2026-01-23 19:32:42.000,_20260123_105610_CH02_TMO_5GNR_WFC_MT-DUT-2_TC-155.dml,,,,,,,,,,NR SA,,,,,,,,,,,,,,,,,,,,,1.982333,On,Connected,-66.000000,5220,136,,,,IWLAN
2500,1,,,-121.9314830,47.5244923,2026-01-23 19:32:43.000,_20260123_105610_CH02_TMO_5GNR_WFC_MT-DUT-2_TC-155.dml,,,,,,,,,,NR SA,,,,,,,,,,,,,,,,,,,594,,1.982333,On,Connected,-66.000000,5220,136,,,,IWLAN
2501,1,,,-121.9314830,47.5244923,2026-01-23 19:32:44.000,_20260123_105610_CH02_TMO_5GNR_WFC_MT-DUT-2_TC-155.dml,,,,,,,,,,NR SA,,,,,,,,,,,,,,,,,,,,,1.982333,,Connected,,,,,,,IWLAN
2502,1,,,-121.9314830,47.5244923,2026-01-23 19:32:45.000,_20260123_105610_CH02_TMO_5GNR_WFC_MT-DUT-2_TC-155.dml,,,,,,,,,,NR SA,,,,,,,,,,,,,,,,,,,594,,1.982333,On,Connected,-66.000000,5220,136,,,,IWLAN
2503,1,,,-121.9314830,47.5244923,2026-01-23 19:32:46.000,_20260123_105610_CH02_TMO_5GNR_WFC_MT-DUT-2_TC-155.dml,,,,,,,,,,NR SA,,,,,,,,,,,,,,,,,,,,,1.982333,,Connected,,,,,,,IWLAN
2504,1,,,-121.9314830,47.5244923,2026-01-23 19:32:47.000,_20260123_105610_CH02_TMO_5GNR_WFC_MT-DUT-2_TC-155.dml,,,,,,,,,,NR SA,,,,,,,,,,,,,,,,,,,594,,,On,Connected,-66.000000,5220,136,,,,IWLAN
2505,1,,,-121.9314830,47.5244923,2026-01-23 19:32:47.943,_20260123_105610_CH02_TMO_5GNR_WFC_MT-DUT-2_TC-155.dml,,,,,,,,,,,,,,,,,,,,,,,,,,,,,,-74.850000,,,,,,,,,,
2506,1,,,-121.9314830,47.5244923,2026-01-23 19:32:48.000,_20260123_105610_CH02_TMO_5GNR_WFC_MT-DUT-2_TC-155.dml,,,,,,,,,,NR SA,,,,,,,,,,,,,,,,,,,,,,On,Connected,-66.000000,5220,136,,,,IWLAN
2507,1,,,-121.9314830,47.5244923,2026-01-23 19:32:49.000,_20260123_105610_CH02_TMO_5GNR_WFC_MT-DUT-2_TC-155.dml,,,,,,,,,,NR SA,,,,,,,,,,,,,,,,,,,594,,,On,Connected,-66.000000,5220,136,,,,IWLAN
2508,1,,,-121.9314830,47.5244923,2026-01-23 19:32:50.000,_20260123_105610_CH02_TMO_5GNR_WFC_MT-DUT-2_TC-155.dml,,,,,,,,,,NR SA,,,,,,,,,,,,,,,,,,,,,,On,Connected,-66.000000,5220,136,,,,IWLAN
2509,1,,,-121.9314830,47.5244923,2026-01-23 19:32:51.000,_20260123_105610_CH02_TMO_5GNR_WFC_MT-DUT-2_TC-155.dml,,,,,,,,,,NR SA,,,,,,,,,,,,,,,,,,,594,,,On,Connected,-66.000000,5220,136,,,,IWLAN
2510,1,,,-121.9314830,47.5244923,2026-01-23 19:32:52.000,_20260123_105610_CH02_TMO_5GNR_WFC_MT-DUT-2_TC-155.dml,,,,,,,,,,NR SA,,,,,,,,,,,,,,,,,,,,,,On,Connected,-66.000000,5220,136,,,,IWLAN
2511,1,,,-121.9314830,47.5244923,2026-01-23 19:32:53.000,_20260123_105610_CH02_TMO_5GNR_WFC_MT-DUT-2_TC-155.dml,,,,,,,,,,NR SA,,,,,,,,,,,,,,,,,,,594,,,,Connected,,,,,,,IWLAN
2512,1,,,-121.9314830,47.5244923,2026-01-23 19:32:54.000,_20260123_105610_CH02_TMO_5GNR_WFC_MT-DUT-2_TC-155.dml,,,,,,,,,,NR SA,,,,,,,,,,,,,,,,,,,,,,On,Connected,-66.000000,5220,136,,,,IWLAN
2513,1,,,-121.9314830,47.5244923,2026-01-23 19:32:55.000,_20260123_105610_CH02_TMO_5GNR_WFC_MT-DUT-2_TC-155.dml,,,,,,,,,,NR SA,,,,,,,,,,,,,,,,,,,594,,,On,Connected,-66.000000,5220,136,,,,IWLAN
2514,1,,,-121.9314830,47.5244923,2026-01-23 19:32:56.000,_20260123_105610_CH02_TMO_5GNR_WFC_MT-DUT-2_TC-155.dml,,,,,,,,,,NR SA,,,,,,,,,,,,,,,,,,,,,,On,Connected,-66.000000,5220,136,,,,IWLAN
2515,1,,,-121.9314830,47.5244923,2026-01-23 19:32:57.000,_20260123_105610_CH02_TMO_5GNR_WFC_MT-DUT-2_TC-155.dml,,,,,,,,,,NR SA,,,,,,,,,,,,,,,,,,,594,,2.238116,On,Connected,-66.000000,5220,136,,,,IWLAN
2516,1,,,-121.9314830,47.5244923,2026-01-23 19:32:58.000,_20260123_105610_CH02_TMO_5GNR_WFC_MT-DUT-2_TC-155.dml,,,,,,,,,,NR SA,,,,,,,,,,,,,,,,,,,,,2.238116,On,Connected,-66.000000,5220,136,,,,IWLAN
2517,1,,,-121.9314830,47.5244923,2026-01-23 19:32:59.000,_20260123_105610_CH02_TMO_5GNR_WFC_MT-DUT-2_TC-155.dml,,,,,,,,,,NR SA,,,,,,,,,,,,,,,,,,,594,,2.238116,On,Connected,-66.000000,5220,136,,,,IWLAN
2518,1,,,-121.9314830,47.5244923,2026-01-23 19:33:00.000,_20260123_105610_CH02_TMO_5GNR_WFC_MT-DUT-2_TC-155.dml,,,,,,,,,,NR SA,,,,,,,,,,,,,,,,,,,,,2.238116,,Connected,,,,,,,IWLAN
2519,1,,,-121.9314830,47.5244923,2026-01-23 19:33:01.000,_20260123_105610_CH02_TMO_5GNR_WFC_MT-DUT-2_TC-155.dml,,,,,,,,,,NR SA,,,,,,,,,,,,,,,,,,,594,,2.238116,On,Connected,-66.000000,5220,136,,,,IWLAN
2520,1,,,-121.9314830,47.5244923,2026-01-23 19:33:02.000,_20260123_105610_CH02_TMO_5GNR_WFC_MT-DUT-2_TC-155.dml,,,,,,,,,,NR SA,,,,,,,,,,,,,,,,,,,,,2.238116,,Connected,,,,,,,IWLAN
2521,1,,,-121.9314830,47.5244923,2026-01-23 19:33:03.000,_20260123_105610_CH02_TMO_5GNR_WFC_MT-DUT-2_TC-155.dml,,,,,,,,,,NR SA,,,,,,,,,,,,,,,,,,,594,,2.238116,On,Connected,-66.000000,5220,136,,,,IWLAN
2522,1,,,-121.9314830,47.5244923,2026-01-23 19:33:04.000,_20260123_105610_CH02_TMO_5GNR_WFC_MT-DUT-2_TC-155.dml,,,,,,,,,,NR SA,,,,,,,,,,,,,,,,,,,594,,2.238116,On,Connected,-66.000000,5220,136,,,,IWLAN
2523,1,,,-121.9314830,47.5244923,2026-01-23 19:33:05.000,_20260123_105610_CH02_TMO_5GNR_WFC_MT-DUT-2_TC-155.dml,,,,,,,,,,NR SA,,,,,,,,,,,,,,,,,,,,,2.238116,,Connected,,,,,,,IWLAN
2524,1,,,-121.9314830,47.5244923,2026-01-23 19:33:06.000,_20260123_105610_CH02_TMO_5GNR_WFC_MT-DUT-2_TC-155.dml,,,,,,,,,,NR SA,,,,,,,,,,,,,,,,,,,594,,2.238116,On,Connected,-66.000000,5220,136,,,,IWLAN
2525,1,,,-121.9314830,47.5244923,2026-01-23 19:33:07.000,_20260123_105610_CH02_TMO_5GNR_WFC_MT-DUT-2_TC-155.dml,,,,,,,,,,NR SA,,,,,,,,,,,,,,,,,,,,,,,Connected,,,,,,,IWLAN
2526,1,,,-121.9314830,47.5244923,2026-01-23 19:33:07.895,_20260123_105610_CH02_TMO_5GNR_WFC_MT-DUT-2_TC-155.dml,,,,,,,,,,,,,,,,,,,,,,,,,,,,,,-70.735625,,,,,,,,,,
2527,1,,,-121.9314830,47.5244923,2026-01-23 19:33:08.000,_20260123_105610_CH02_TMO_5GNR_WFC_MT-DUT-2_TC-155.dml,,,,,,,,,,NR SA,,,,,,,,,,,,,,,,,,,594,,,On,Connected,-66.000000,5220,136,,,,IWLAN
2528,1,,,-121.9314830,47.5244923,2026-01-23 19:33:09.000,_20260123_105610_CH02_TMO_5GNR_WFC_MT-DUT-2_TC-155.dml,,,,,,,,,,NR SA,,,,,,,,,,,,,,,,,,,594,,,,Connected,,,,,,,IWLAN
2529,1,,,-121.9314830,47.5244923,2026-01-23 19:33:10.000,_20260123_105610_CH02_TMO_5GNR_WFC_MT-DUT-2_TC-155.dml,,,,,,,,,,NR SA,,,,,,,,,,,,,,,,,,,594,,,On,Connected,-66.000000,5220,136,,,,IWLAN
2530,1,,,-121.9314830,47.5244923,2026-01-23 19:33:11.000,_20260123_105610_CH02_TMO_5GNR_WFC_MT-DUT-2_TC-155.dml,,,,,,,,,,NR SA,,,,,,,,,,,,,,,,,,,,,,On,Connected,-66.000000,5220,136,,,,IWLAN
2531,1,,,-121.9314830,47.5244923,2026-01-23 19:33:12.000,_20260123_105610_CH02_TMO_5GNR_WFC_MT-DUT-2_TC-155.dml,,,,,,,,,,NR SA,,,,,,,,,,,,,,,,,,,594,,,On,Connected,-66.000000,5220,136,,,,IWLAN
2532,1,,,-121.9314830,47.5244923,2026-01-23 19:33:13.000,_20260123_105610_CH02_TMO_5GNR_WFC_MT-DUT-2_TC-155.dml,,,,,,,,,,NR SA,,,,,,,,,,,,,,,,,,,,,,On,Connected,-66.000000,5220,136,,,,IWLAN
2533,1,,,-121.9314830,47.5244923,2026-01-23 19:33:14.000,_20260123_105610_CH02_TMO_5GNR_WFC_MT-DUT-2_TC-155.dml,,,,,,,,,,NR SA,,,,,,,,,,,,,,,,,,,594,,,,Connected,,,,,,,IWLAN
2534,1,,,-121.9314830,47.5244923,2026-01-23 19:33:15.000,_20260123_105610_CH02_TMO_5GNR_WFC_MT-DUT-2_TC-155.dml,,,,,,,,,,NR SA,,,,,,,,,,,,,,,,,,,,,,On,Connected,-66.000000,5220,136,,,,IWLAN
2535,1,,,-121.9314830,47.5244923,2026-01-23 19:33:16.000,_20260123_105610_CH02_TMO_5GNR_WFC_MT-DUT-2_TC-155.dml,,,,,,,,,,NR SA,,,,,,,,,,,,,,,,,,,594,,,,Connected,,,,,,,IWLAN
2536,1,,,-121.9314830,47.5244923,2026-01-23 19:33:17.000,_20260123_105610_CH02_TMO_5GNR_WFC_MT-DUT-2_TC-155.dml,,,,,,,,,,NR SA,,,,,,,,,,,,,,,,,,,,,2.285630,On,Connected,-66.000000,5220,136,,,,IWLAN
2537,1,,,-121.9314830,47.5244923,2026-01-23 19:33:18.000,_20260123_105610_CH02_TMO_5GNR_WFC_MT-DUT-2_TC-155.dml,,,,,,,,,,NR SA,,,,,,,,,,,,,,,,,,,594,,2.285630,,Connected,,,,,,,IWLAN
2538,1,,,-121.9314830,47.5244923,2026-01-23 19:33:19.000,_20260123_105610_CH02_TMO_5GNR_WFC_MT-DUT-2_TC-155.dml,,,,,,,,,,NR SA,,,,,,,,,,,,,,,,,,,,,2.285630,On,Connected,-66.000000,5220,136,,,,IWLAN
2539,1,,,-121.9314830,47.5244923,2026-01-23 19:33:20.000,_20260123_105610_CH02_TMO_5GNR_WFC_MT-DUT-2_TC-155.dml,,,,,,,,,,NR SA,,,,,,,,,,,,,,,,,,,594,,2.285630,On,Connected,-66.000000,5220,136,,,,IWLAN
2540,1,,,-121.9314830,47.5244923,2026-01-23 19:33:21.000,_20260123_105610_CH02_TMO_5GNR_WFC_MT-DUT-2_TC-155.dml,,,,,,,,,,NR SA,,,,,,,,,,,,,,,,,,,,,2.285630,,Connected,,,,,,,IWLAN
2541,1,,,-121.9314830,47.5244923,2026-01-23 19:33:22.000,_20260123_105610_CH02_TMO_5GNR_WFC_MT-DUT-2_TC-155.dml,,,,,,,,,,NR SA,,,,,,,,,,,,,,,,,,,594,,2.285630,On,Connected,-66.000000,5220,136,,,,IWLAN
2542,1,,,-121.9314830,47.5244923,2026-01-23 19:33:23.000,_20260123_105610_CH02_TMO_5GNR_WFC_MT-DUT-2_TC-155.dml,,,,,,,,,,NR SA,,,,,,,,,,,,,,,,,,,,,2.285630,,Connected,,,,,,,IWLAN
2543,1,,,-121.9314830,47.5244923,2026-01-23 19:33:24.000,_20260123_105610_CH02_TMO_5GNR_WFC_MT-DUT-2_TC-155.dml,,,,,,,,,,NR SA,,,,,,,,,,,,,,,,,,,594,,2.285630,On,Connected,-66.000000,5220,136,,,,IWLAN
2544,1,,,-121.9314830,47.5244923,2026-01-23 19:33:25.000,_20260123_105610_CH02_TMO_5GNR_WFC_MT-DUT-2_TC-155.dml,,,,,,,,,,NR SA,,,,,,,,,,,,,,,,,,,,,2.285630,,Connected,,,,,,,IWLAN
2545,1,,,-121.9314830,47.5244923,2026-01-23 19:33:26.000,_20260123_105610_CH02_TMO_5GNR_WFC_MT-DUT-2_TC-155.dml,,,,,,,,,,NR SA,,,,,,,,,,,,,,,,,,,594,,2.285630,On,Connected,-66.000000,5220,136,,,,IWLAN
2546,1,,,-121.9314830,47.5244923,2026-01-23 19:33:27.000,_20260123_105610_CH02_TMO_5GNR_WFC_MT-DUT-2_TC-155.dml,,,,,,,,,,NR SA,,,,,,,,,,,,,,,,,,,594,,,On,Connected,-66.000000,5220,136,,,,IWLAN
2547,1,,,-121.9314830,47.5244923,2026-01-23 19:33:27.926,_20260123_105610_CH02_TMO_5GNR_WFC_MT-DUT-2_TC-155.dml,,,,,,,,,,,,,,,,,,,,,,,,,,,,,,-73.031667,,,,,,,,,,
2548,1,,,-121.9314830,47.5244923,2026-01-23 19:33:28.000,_20260123_105610_CH02_TMO_5GNR_WFC_MT-DUT-2_TC-155.dml,,,,,,,,,,NR SA,,,,,,,,,,,,,,,,,,,,,,,Connected,,,,,,,IWLAN
2549,1,,,-121.9314830,47.5244923,2026-01-23 19:33:29.000,_20260123_105610_CH02_TMO_5GNR_WFC_MT-DUT-2_TC-155.dml,,,,,,,,,,NR SA,,,,,,,,,,,,,,,,,,,594,,,On,Connected,-66.000000,5220,136,,,,IWLAN
2550,1,,,-121.9314830,47.5244923,2026-01-23 19:33:30.000,_20260123_105610_CH02_TMO_5GNR_WFC_MT-DUT-2_TC-155.dml,,,,,,,,,,NR SA,,,,,,,,,,,,,,,,,,,,,,,Connected,,,,,,,IWLAN
2551,1,,,-121.9314830,47.5244923,2026-01-23 19:33:31.000,_20260123_105610_CH02_TMO_5GNR_WFC_MT-DUT-2_TC-155.dml,,,,,,,,,,NR SA,,,,,,,,,,,,,,,,,,,594,,,On,Connected,-66.000000,5220,136,,,,IWLAN
2552,1,,,-121.9314830,47.5244923,2026-01-23 19:33:32.000,_20260123_105610_CH02_TMO_5GNR_WFC_MT-DUT-2_TC-155.dml,,,,,,,,,,NR SA,,,,,,,,,,,,,,,,,,,,,,,Connected,,,,,,,IWLAN
2553,1,,,-121.9314830,47.5244923,2026-01-23 19:33:33.000,_20260123_105610_CH02_TMO_5GNR_WFC_MT-DUT-2_TC-155.dml,,,,,,,,,,NR SA,,,,,,,,,,,,,,,,,,,594,,,On,Connected,-66.000000,5220,136,,,,IWLAN
2554,1,,,-121.9314830,47.5244923,2026-01-23 19:33:34.000,_20260123_105610_CH02_TMO_5GNR_WFC_MT-DUT-2_TC-155.dml,,,,,,,,,,NR SA,,,,,,,,,,,,,,,,,,,,,,,Connected,,,,,,,IWLAN
2555,1,,,-121.9314830,47.5244923,2026-01-23 19:33:35.000,_20260123_105610_CH02_TMO_5GNR_WFC_MT-DUT-2_TC-155.dml,,,,,,,,,,NR SA,,,,,,,,,,,,,,,,,,,594,,,On,Connected,-66.000000,5220,136,,,,IWLAN
2556,1,,,-121.9314830,47.5244923,2026-01-23 19:33:36.000,_20260123_105610_CH02_TMO_5GNR_WFC_MT-DUT-2_TC-155.dml,,,,,,,,,,NR SA,,,,,,,,,,,,,,,,,,,594,,,On,Connected,-66.000000,5220,136,,,,IWLAN
2557,1,,,-121.9314830,47.5244923,2026-01-23 19:33:37.000,_20260123_105610_CH02_TMO_5GNR_WFC_MT-DUT-2_TC-155.dml,,,,,,,,,,NR SA,,,,,,,,,,,,,,,,,,,594,,2.227171,,Connected,,,,,,,IWLAN
2558,1,,,-121.9314830,47.5244923,2026-01-23 19:33:38.000,_20260123_105610_CH02_TMO_5GNR_WFC_MT-DUT-2_TC-155.dml,,,,,,,,,,NR SA,,,,,,,,,,,,,,,,,,,,,2.227171,On,Connected,-66.000000,5220,136,,,,IWLAN
2559,1,,,-121.9314830,47.5244923,2026-01-23 19:33:39.000,_20260123_105610_CH02_TMO_5GNR_WFC_MT-DUT-2_TC-155.dml,,,,,,,,,,NR SA,,,,,,,,,,,,,,,,,,,594,,2.227171,,Connected,,,,,,,IWLAN
2560,1,,,-121.9314830,47.5244923,2026-01-23 19:33:40.000,_20260123_105610_CH02_TMO_5GNR_WFC_MT-DUT-2_TC-155.dml,,,,,,,,,,NR SA,,,,,,,,,,,,,,,,,,,,,2.227171,On,Connected,-66.000000,5220,136,,,,IWLAN
2561,1,,,-121.9314830,47.5244923,2026-01-23 19:33:41.000,_20260123_105610_CH02_TMO_5GNR_WFC_MT-DUT-2_TC-155.dml,,,,,,,,,,NR SA,,,,,,,,,,,,,,,,,,,594,,2.227171,On,Connected,-66.000000,5220,136,,,,IWLAN
2562,1,,,-121.9314830,47.5244923,2026-01-23 19:33:42.000,_20260123_105610_CH02_TMO_5GNR_WFC_MT-DUT-2_TC-155.dml,,,,,,,,,,NR SA,,,,,,,,,,,,,,,,,,,,,2.227171,On,Connected,-66.000000,5220,136,,,,IWLAN
2563,1,,,-121.9314830,47.5244923,2026-01-23 19:33:43.000,_20260123_105610_CH02_TMO_5GNR_WFC_MT-DUT-2_TC-155.dml,,,,,,,,,,NR SA,,,,,,,,,,,,,,,,,,,594,,2.227171,On,Connected,-66.000000,5220,136,,,,IWLAN
2564,1,,,-121.9314830,47.5244923,2026-01-23 19:33:44.000,_20260123_105610_CH02_TMO_5GNR_WFC_MT-DUT-2_TC-155.dml,,,,,,,,,,NR SA,,,,,,,,,,,,,,,,,,,,,2.227171,,Connected,,,,,,,IWLAN
2565,1,,,-121.9314830,47.5244923,2026-01-23 19:33:45.000,_20260123_105610_CH02_TMO_5GNR_WFC_MT-DUT-2_TC-155.dml,,,,,,,,,,NR SA,,,,,,,,,,,,,,,,,,,594,,2.227171,On,Connected,-66.000000,5220,136,,,,IWLAN
2566,1,,,-121.9314830,47.5244923,2026-01-23 19:33:46.000,_20260123_105610_CH02_TMO_5GNR_WFC_MT-DUT-2_TC-155.dml,,,,,,,,,,NR SA,,,,,,,,,,,,,,,,,,,,,2.227171,,Connected,,,,,,,IWLAN
2567,1,,,-121.9314830,47.5244923,2026-01-23 19:33:47.000,_20260123_105610_CH02_TMO_5GNR_WFC_MT-DUT-2_TC-155.dml,,,,,,,,,,NR SA,,,,,,,,,,,,,,,,,,,594,,,On,Connected,-66.000000,5220,136,,,,IWLAN
2568,1,,,-121.9314830,47.5244923,2026-01-23 19:33:47.770,_20260123_105610_CH02_TMO_5GNR_WFC_MT-DUT-2_TC-155.dml,,,,,,,,,,,,,,,,,,,,,,,,,,,,,,-76.105625,,,,,,,,,,
2569,1,,,-121.9314830,47.5244923,2026-01-23 19:33:48.000,_20260123_105610_CH02_TMO_5GNR_WFC_MT-DUT-2_TC-155.dml,,,,,,,,,,NR SA,,,,,,,,,,,,,,,,,,,,,,,Connected,,,,,,,IWLAN
2570,1,,,-121.9314830,47.5244923,2026-01-23 19:33:49.000,_20260123_105610_CH02_TMO_5GNR_WFC_MT-DUT-2_TC-155.dml,,,,,,,,,,NR SA,,,,,,,,,,,,,,,,,,,594,,,On,Connected,-66.000000,5220,136,,,,IWLAN
2571,1,,,-121.9314830,47.5244923,2026-01-23 19:33:50.000,_20260123_105610_CH02_TMO_5GNR_WFC_MT-DUT-2_TC-155.dml,,,,,,,,,,NR SA,,,,,,,,,,,,,,,,,,,,,,On,Connected,-66.000000,5220,136,,,,IWLAN
2572,1,,,-121.9314830,47.5244923,2026-01-23 19:33:51.000,_20260123_105610_CH02_TMO_5GNR_WFC_MT-DUT-2_TC-155.dml,,,,,,,,,,NR SA,,,,,,,,,,,,,,,,,,,594,,,On,Connected,-66.000000,5220,136,,,,IWLAN
2573,1,,,-121.9314830,47.5244923,2026-01-23 19:33:52.000,_20260123_105610_CH02_TMO_5GNR_WFC_MT-DUT-2_TC-155.dml,,,,,,,,,,NR SA,,,,,,,,,,,,,,,,,,,594,,,On,Connected,-66.000000,5220,136,,,,IWLAN
2574,1,,,-121.9314830,47.5244923,2026-01-23 19:33:53.000,_20260123_105610_CH02_TMO_5GNR_WFC_MT-DUT-2_TC-155.dml,,,,,,,,,,NR SA,,,,,,,,,,,,,,,,,,,,,,,Connected,,,,,,,IWLAN
2575,1,,,-121.9314830,47.5244923,2026-01-23 19:33:54.000,_20260123_105610_CH02_TMO_5GNR_WFC_MT-DUT-2_TC-155.dml,,,,,,,,,,NR SA,,,,,,,,,,,,,,,,,,,594,,,On,Connected,-66.000000,5220,136,,,,IWLAN
2576,1,,,-121.9314830,47.5244923,2026-01-23 19:33:55.000,_20260123_105610_CH02_TMO_5GNR_WFC_MT-DUT-2_TC-155.dml,,,,,,,,,,NR SA,,,,,,,,,,,,,,,,,,,,,,,Connected,,,,,,,IWLAN
2577,1,,,-121.9314830,47.5244923,2026-01-23 19:33:56.000,_20260123_105610_CH02_TMO_5GNR_WFC_MT-DUT-2_TC-155.dml,,,,,,,,,,NR SA,,,,,,,,,,,,,,,,,,,594,,,On,Connected,-66.000000,5220,136,,,,IWLAN
2578,1,,,-121.9314830,47.5244923,2026-01-23 19:33:56.708,_20260123_105610_CH02_TMO_5GNR_WFC_MT-DUT-2_TC-155.dml,,,,,,,,,,,,,,,,,,,,,,,[Tool] Voice - Pair Channel Call Drop,,,,,,,,,,,,,,,,,
2579,1,,,-121.9314830,47.5244923,2026-01-23 19:33:56.708,_20260123_105610_CH02_TMO_5GNR_WFC_MT-DUT-2_TC-155.dml,,,,,,,,,,,,,,,,,,,,,,,[Tool] Voice - Release Call Request,,,,,,,,,,,,,,,,,
2580,1,,,-121.9314830,47.5244923,2026-01-23 19:33:57.207,_20260123_105610_CH02_TMO_5GNR_WFC_MT-DUT-2_TC-155.dml,,,,,,,,,,,,,,,,,,,,,,BQ,[Tool] Voice - Call Result : BQ,,,,,,,,,,,,,,,,,
2581,1,,,-121.9314830,47.5244923,2026-01-23 19:33:57.207,_20260123_105610_CH02_TMO_5GNR_WFC_MT-DUT-2_TC-155.dml,,,,,,,,,,,,,,,,,,,,,,,[UE]   Voice - Release Call Success,,,,,,,,,,,,,,,,,
2582,1,,,-121.9314830,47.5244923,2026-01-23 19:33:57.000,_20260123_105610_CH02_TMO_5GNR_WFC_MT-DUT-2_TC-155.dml,,,,,,,,,,,,,,,,,,,,,,,,,,,,,,,,On,Connected,-66.000000,5220,136,,,,IWLAN
2583,1,,,-121.9314830,47.5244923,2026-01-23 19:33:58.114,_20260123_105610_CH02_TMO_5GNR_WFC_MT-DUT-2_TC-155.dml,,,,,,,,,,,,,,,,,,,,,,,[UE]   Voice - Release Call Success,,,,,,,,,,,,,,,,,
2584,1,,,-121.9314830,47.5244923,2026-01-23 19:33:58.000,_20260123_105610_CH02_TMO_5GNR_WFC_MT-DUT-2_TC-155.dml,,,,,,,,,,,,,,,,,,,,,,,,,,,,,594,,,On,Connected,-67.000000,5220,136,,,,IWLAN
2585,1,,,-121.9314830,47.5244923,2026-01-23 19:33:59.000,_20260123_105610_CH02_TMO_5GNR_WFC_MT-DUT-2_TC-155.dml,,,,,,,,,,,,,,,,,,,,,,,,,,,,,,,,On,Connected,-67.000000,5220,136,,,,IWLAN
2586,1,,,-121.9314830,47.5244923,2026-01-23 19:34:00.000,_20260123_105610_CH02_TMO_5GNR_WFC_MT-DUT-2_TC-155.dml,,,,,,,,,,,,,,,,,,,,,,,,,,,,,594,,,,Connected,,,,,,,IWLAN
2587,1,,,-121.9314830,47.5244923,2026-01-23 19:34:01.000,_20260123_105610_CH02_TMO_5GNR_WFC_MT-DUT-2_TC-155.dml,,,,,,,,,,,,,,,,,,,,,,,,,,,,,,,,On,Connected,-67.000000,5220,136,,,,IWLAN
2588,1,,,-121.9314830,47.5244923,2026-01-23 19:34:02.000,_20260123_105610_CH02_TMO_5GNR_WFC_MT-DUT-2_TC-155.dml,,,,,,,,,,,,,,,,,,,,,,,,,,,,,594,,,,Connected,,,,,,,IWLAN
2589,1,,,-121.9314830,47.5244923,2026-01-23 19:34:03.000,_20260123_105610_CH02_TMO_5GNR_WFC_MT-DUT-2_TC-155.dml,,,,,,,,,,,,,,,,,,,,,,,,,,,,,594,,,On,Connected,-67.000000,5220,136,,,,IWLAN
2590,1,,,-121.9314830,47.5244923,2026-01-23 19:34:04.000,_20260123_105610_CH02_TMO_5GNR_WFC_MT-DUT-2_TC-155.dml,,,,,,,,,,,,,,,,,,,,,,,,,,,,,594,,,On,Connected,-67.000000,5220,136,,,,IWLAN
2591,1,,,-121.9314830,47.5244923,2026-01-23 19:34:05.000,_20260123_105610_CH02_TMO_5GNR_WFC_MT-DUT-2_TC-155.dml,,,,,,,,,,,,,,,,,,,,,,,,,,,,,,,,On,Connected,-67.000000,5220,136,,,,IWLAN
2592,1,,,-121.9314830,47.5244923,2026-01-23 19:34:06.000,_20260123_105610_CH02_TMO_5GNR_WFC_MT-DUT-2_TC-155.dml,,,,,,,,,,,,,,,,,,,,,,,,,,,,,594,,,On,Connected,-67.000000,5220,136,,,,IWLAN
2593,1,,,-121.9314830,47.5244923,2026-01-23 19:34:07.000,_20260123_105610_CH02_TMO_5GNR_WFC_MT-DUT-2_TC-155.dml,,,,,,,,,,,,,,,,,,,,,,,,,,,,,,,,On,Connected,-67.000000,5220,136,,,,IWLAN
2594,1,,,-121.9314830,47.5244923,2026-01-23 19:34:08.000,_20260123_105610_CH02_TMO_5GNR_WFC_MT-DUT-2_TC-155.dml,,,,,,,,,,,,,,,,,,,,,,,,,,,,,594,,,On,Connected,-67.000000,5220,136,,,,IWLAN
2595,1,,,-121.9314830,47.5244923,2026-01-23 19:34:09.000,_20260123_105610_CH02_TMO_5GNR_WFC_MT-DUT-2_TC-155.dml,,,,,,,,,,,,,,,,,,,,,,,,,,,,,,,,,Connected,,,,,,,IWLAN
2596,1,,,-121.9314830,47.5244923,2026-01-23 19:34:10.000,_20260123_105610_CH02_TMO_5GNR_WFC_MT-DUT-2_TC-155.dml,,,,,,,,,,,,,,,,,,,,,,,,,,,,,594,,,On,Connected,-67.000000,5220,136,,,,IWLAN
2597,1,,,-121.9314830,47.5244923,2026-01-23 19:34:11.000,_20260123_105610_CH02_TMO_5GNR_WFC_MT-DUT-2_TC-155.dml,,,,,,,,,,,,,,,,,,,,,,,,,,,,,,,,On,Connected,-67.000000,5220,136,,,,IWLAN
2598,1,,,-121.9314830,47.5244923,2026-01-23 19:34:12.000,_20260123_105610_CH02_TMO_5GNR_WFC_MT-DUT-2_TC-155.dml,,,,,,,,,,,,,,,,,,,,,,,,,,,,,594,,,On,Connected,-67.000000,5220,136,,,,IWLAN
2599,1,,,-121.9314830,47.5244923,2026-01-23 19:34:13.000,_20260123_105610_CH02_TMO_5GNR_WFC_MT-DUT-2_TC-155.dml,,,,,,,,,,,,,,,,,,,,,,,,,,,,,,,,On,Connected,-67.000000,5220,136,,,,IWLAN
2600,1,,,-121.9314830,47.5244923,2026-01-23 19:34:14.000,_20260123_105610_CH02_TMO_5GNR_WFC_MT-DUT-2_TC-155.dml,,,,,,,,,,,,,,,,,,,,,,,,,,,,,594,,,On,Connected,-67.000000,5220,136,,,,IWLAN
2601,1,,,-121.9314830,47.5244923,2026-01-23 19:34:15.000,_20260123_105610_CH02_TMO_5GNR_WFC_MT-DUT-2_TC-155.dml,,,,,,,,,,,,,,,,,,,,,,,,,,,,,594,,,On,Connected,-67.000000,5220,136,,,,IWLAN
2602,1,,,-121.9314830,47.5244923,2026-01-23 19:34:16.000,_20260123_105610_CH02_TMO_5GNR_WFC_MT-DUT-2_TC-155.dml,,,,,,,,,,,,,,,,,,,,,,,,,,,,,,,,On,Connected,-67.000000,5220,136,,,,IWLAN
2603,1,,,-121.9314830,47.5244923,2026-01-23 19:34:17.000,_20260123_105610_CH02_TMO_5GNR_WFC_MT-DUT-2_TC-155.dml,,,,,,,,,,,,,,,,,,,,,,,,,,,,,594,,,On,Connected,-67.000000,5220,136,,,,IWLAN
2604,1,,,-121.9314830,47.5244923,2026-01-23 19:34:18.000,_20260123_105610_CH02_TMO_5GNR_WFC_MT-DUT-2_TC-155.dml,,,,,,,,,,,,,,,,,,,,,,,,,,,,,,,,On,Connected,-67.000000,5220,136,,,,IWLAN
2605,1,,,-121.9314830,47.5244923,2026-01-23 19:34:19.000,_20260123_105610_CH02_TMO_5GNR_WFC_MT-DUT-2_TC-155.dml,,,,,,,,,,,,,,,,,,,,,,,,,,,,,594,,,On,Connected,-67.000000,5220,136,,,,IWLAN
2606,1,,,-121.9314830,47.5244923,2026-01-23 19:34:20.000,_20260123_105610_CH02_TMO_5GNR_WFC_MT-DUT-2_TC-155.dml,,,,,,,,,,,,,,,,,,,,,,,,,,,,,,,,On,Connected,-67.000000,5220,136,,,,IWLAN
2607,1,,,-121.9314830,47.5244923,2026-01-23 19:34:21.000,_20260123_105610_CH02_TMO_5GNR_WFC_MT-DUT-2_TC-155.dml,,,,,,,,,,,,,,,,,,,,,,,,,,,,,594,,,On,Connected,-67.000000,5220,136,,,,IWLAN
2608,1,,,-121.9314830,47.5244923,2026-01-23 19:34:22.000,_20260123_105610_CH02_TMO_5GNR_WFC_MT-DUT-2_TC-155.dml,,,,,,,,,,,,,,,,,,,,,,,,,,,,,,,,On,Connected,-67.000000,5220,204,,,,IWLAN
2609,1,,,-121.9314830,47.5244923,2026-01-23 19:34:23.000,_20260123_105610_CH02_TMO_5GNR_WFC_MT-DUT-2_TC-155.dml,,,,,,,,,,,,,,,,,,,,,,,,,,,,,594,,,On,Connected,-67.000000,5220,204,,,,IWLAN
2610,1,,,-121.9314830,47.5244923,2026-01-23 19:34:24.000,_20260123_105610_CH02_TMO_5GNR_WFC_MT-DUT-2_TC-155.dml,,,,,,,,,,,,,,,,,,,,,,,,,,,,,,,,On,Connected,-67.000000,5220,204,,,,IWLAN
2611,1,,,-121.9314830,47.5244923,2026-01-23 19:34:24.974,_20260123_105610_CH02_TMO_5GNR_WFC_MT-DUT-2_TC-155.dml,,,,,,,,,,,,,,,,,,,,,,,[Tool] Voice - Release Call Request,,,,,,,,,,,,,,,,,
2612,1,,,-121.9314830,47.5244923,2026-01-23 19:34:25.000,_20260123_105610_CH02_TMO_5GNR_WFC_MT-DUT-2_TC-155.dml,,,,,,,,,,,,,,,,,,,,,,,,,,,,,594,,,On,Connected,-67.000000,5220,204,,,,IWLAN
2613,1,,,-121.9314830,47.5244923,2026-01-23 19:34:26.000,_20260123_105610_CH02_TMO_5GNR_WFC_MT-DUT-2_TC-155.dml,,,,,,,,,,,,,,,,,,,,,,,,,,,,,,,,On,Connected,-67.000000,5220,204,,,,IWLAN
2614,1,,,-121.9314830,47.5244923,2026-01-23 19:34:27.000,_20260123_105610_CH02_TMO_5GNR_WFC_MT-DUT-2_TC-155.dml,,,,,,,,,,,,,,,,,,,,,,,,,,,,,594,,,On,Connected,-67.000000,5220,204,,,,IWLAN
2615,1,,,-121.9314830,47.5244923,2026-01-23 19:34:27.489,_20260123_105610_CH02_TMO_5GNR_WFC_MT-DUT-2_TC-155.dml,,,,,,,,,,,,,,,,,,,,,,,[Tool] Voice - Call Scheduling End,,,,,,,,,,,,,,,,,
2616,1,,,-121.9314830,47.5244923,2026-01-23 19:34:27.489,_20260123_105610_CH02_TMO_5GNR_WFC_MT-DUT-2_TC-155.dml,NR SA,Voice,BQ,NR SA,NR SA,,,,,,,,,,,,BQ,Termination,BQ,,,,,,,,,90.062000,,,,,,,,,,EPSFB,,
2617,1,,,-121.9314830,47.5244923,2026-01-23 19:34:27.489,_20260123_105610_CH02_TMO_5GNR_WFC_MT-DUT-2_TC-155.dml,,,,,,,,,,,,,,,,,,,,,,,[Tool] Voice - Release Call Request,,,,,,,,,,,,,,,,,
2618,1,,,-121.9314830,47.5244923,2026-01-23 19:34:28.005,_20260123_105610_CH02_TMO_5GNR_WFC_MT-DUT-2_TC-155.dml,,,,,,,,,,,,,,,,,,,,,,,[Tool] Voice - Call Scheduling Start(Term),,,,,,,,,,,,,,,,,
2619,1,,,-121.9314830,47.5244923,2026-01-23 19:34:28.005,_20260123_105610_CH02_TMO_5GNR_WFC_MT-DUT-2_TC-155.dml,,,,,,,,,,,,,,,,,,,,,,,[Tool] Voice - Wait Page,,,,,,,,,,,,,,,,,
2620,1,,,-121.9314830,47.5244923,2026-01-23 19:34:28.000,_20260123_105610_CH02_TMO_5GNR_WFC_MT-DUT-2_TC-155.dml,,,,,,,,,,,,,,,,,,,,,,,,,,,,,,,,On,Connected,-67.000000,5220,204,,,,IWLAN
2621,1,,,-121.9314830,47.5244923,2026-01-23 19:34:29.000,_20260123_105610_CH02_TMO_5GNR_WFC_MT-DUT-2_TC-155.dml,,,,,,,,,,,,,,,,,,,,,,,,,,,,,594,,,On,Connected,-67.000000,5220,204,,,,IWLAN
2622,1,,,-121.9314830,47.5244923,2026-01-23 19:34:30.000,_20260123_105610_CH02_TMO_5GNR_WFC_MT-DUT-2_TC-155.dml,,,,,,,,,,,,,,,,,,,,,,,,,,,,,594,,,On,Connected,-67.000000,5220,204,,,,IWLAN
2623,1,,,-121.9314830,47.5244923,2026-01-23 19:34:31.395,_20260123_105610_CH02_TMO_5GNR_WFC_MT-DUT-2_TC-155.dml,,,,,,,,,,,,,,,,,,,,,,,[Tool] Voice - Answer Request,,,,,,,,,,,,,,,,,
2624,1,,,-121.9314830,47.5244923,2026-01-23 19:34:31.000,_20260123_105610_CH02_TMO_5GNR_WFC_MT-DUT-2_TC-155.dml,,,,,,,,,,,,,,,,,,,,,,,,,,,,,594,,,On,Connected,-67.000000,5220,204,,,,IWLAN
2625,1,,,-121.9314830,47.5244923,2026-01-23 19:34:32.000,_20260123_105610_CH02_TMO_5GNR_WFC_MT-DUT-2_TC-155.dml,,,,,,,,,,,,,,,,,,,,,,,,,,,,,,,,On,Connected,-67.000000,5220,204,,,,IWLAN
2626,1,,,-121.9314830,47.5244923,2026-01-23 19:34:32.880,_20260123_105610_CH02_TMO_5GNR_WFC_MT-DUT-2_TC-155.dml,,,,,,,,,,,,,,,,,,,,,,,[Tool] Voice - Answer Request,,,,,,,,,,,,,,,,,
2627,1,,,-121.9314830,47.5244923,2026-01-23 19:34:33.770,_20260123_105610_CH02_TMO_5GNR_WFC_MT-DUT-2_TC-155.dml,,,,,,,,,,,,,,,,,,,,,,,[UE]   Voice - Setup Success,,,,,,,,,,,,,,,,,
2628,1,,,-121.9314830,47.5244923,2026-01-23 19:34:33.000,_20260123_105610_CH02_TMO_5GNR_WFC_MT-DUT-2_TC-155.dml,,,,,,,,,,NR SA,,,,,,,,,,,,,,,,,,,594,,,On,Connected,-67.000000,5220,204,,,,IWLAN
2629,1,,,-121.9314830,47.5244923,2026-01-23 19:34:34.000,_20260123_105610_CH02_TMO_5GNR_WFC_MT-DUT-2_TC-155.dml,,,,,,,,,,NR SA,,,,,,,,,,,,,,,,,,,,,,On,Connected,-67.000000,5220,136,,,,IWLAN
2630,1,,,-121.9314830,47.5244923,2026-01-23 19:34:35.000,_20260123_105610_CH02_TMO_5GNR_WFC_MT-DUT-2_TC-155.dml,,,,,,,,,,NR SA,,,,,,,,,,,,,,,,,,,594,,,On,Connected,-67.000000,5220,136,,,,IWLAN
2631,1,,,-121.9314830,47.5244923,2026-01-23 19:34:36.000,_20260123_105610_CH02_TMO_5GNR_WFC_MT-DUT-2_TC-155.dml,,,,,,,,,,NR SA,,,,,,,,,,,,,,,,,,,,,,On,Connected,-67.000000,5220,136,,,,IWLAN
2632,1,,,-121.9314830,47.5244923,2026-01-23 19:34:37.000,_20260123_105610_CH02_TMO_5GNR_WFC_MT-DUT-2_TC-155.dml,,,,,,,,,,NR SA,,,,,,,,,,,,,,,,,,,594,,,On,Connected,-67.000000,5220,136,,,,IWLAN
2633,1,,,-121.9314830,47.5244923,2026-01-23 19:34:38.000,_20260123_105610_CH02_TMO_5GNR_WFC_MT-DUT-2_TC-155.dml,,,,,,,,,,NR SA,,,,,,,,,,,,,,,,,,,594,,,On,Connected,-67.000000,5220,136,,,,IWLAN
2634,1,,,-121.9314830,47.5244923,2026-01-23 19:34:39.000,_20260123_105610_CH02_TMO_5GNR_WFC_MT-DUT-2_TC-155.dml,,,,,,,,,,NR SA,,,,,,,,,,,,,,,,,,,,,,On,Connected,-67.000000,5220,136,,,,IWLAN
2635,1,,,-121.9314830,47.5244923,2026-01-23 19:34:40.000,_20260123_105610_CH02_TMO_5GNR_WFC_MT-DUT-2_TC-155.dml,,,,,,,,,,NR SA,,,,,,,,,,,,,,,,,,,594,,,On,Connected,-67.000000,5220,136,,,,IWLAN
2636,1,,,-121.9314830,47.5244923,2026-01-23 19:34:41.000,_20260123_105610_CH02_TMO_5GNR_WFC_MT-DUT-2_TC-155.dml,,,,,,,,,,NR SA,,,,,,,,,,,,,,,,,,,,,,On,Connected,-67.000000,5220,136,,,,IWLAN
2637,1,,,-121.9314830,47.5244923,2026-01-23 19:34:42.000,_20260123_105610_CH02_TMO_5GNR_WFC_MT-DUT-2_TC-155.dml,,,,,,,,,,NR SA,,,,,,,,,,,,,,,,,,,594,,,On,Connected,-67.000000,5220,136,,,,IWLAN
2638,1,,,-121.9314830,47.5244923,2026-01-23 19:34:43.000,_20260123_105610_CH02_TMO_5GNR_WFC_MT-DUT-2_TC-155.dml,,,,,,,,,,NR SA,,,,,,,,,,,,,,,,,,,,,,On,Connected,-67.000000,5220,136,,,,IWLAN
2639,1,,,-121.9314830,47.5244923,2026-01-23 19:34:44.000,_20260123_105610_CH02_TMO_5GNR_WFC_MT-DUT-2_TC-155.dml,,,,,,,,,,NR SA,,,,,,,,,,,,,,,,,,,594,,2.112646,On,Connected,-67.000000,5220,136,,,,IWLAN
2640,1,,,-121.9314830,47.5244923,2026-01-23 19:34:45.000,_20260123_105610_CH02_TMO_5GNR_WFC_MT-DUT-2_TC-155.dml,,,,,,,,,,NR SA,,,,,,,,,,,,,,,,,,,,,2.112646,On,Connected,-67.000000,5220,136,,,,IWLAN
2641,1,,,-121.9314830,47.5244923,2026-01-23 19:34:46.000,_20260123_105610_CH02_TMO_5GNR_WFC_MT-DUT-2_TC-155.dml,,,,,,,,,,NR SA,,,,,,,,,,,,,,,,,,,594,,2.112646,On,Connected,-67.000000,5220,136,,,,IWLAN
2642,1,,,-121.9314830,47.5244923,2026-01-23 19:34:47.000,_20260123_105610_CH02_TMO_5GNR_WFC_MT-DUT-2_TC-155.dml,,,,,,,,,,NR SA,,,,,,,,,,,,,,,,,,,,,2.112646,On,Connected,-67.000000,5220,136,,,,IWLAN
2643,1,,,-121.9314830,47.5244923,2026-01-23 19:34:48.000,_20260123_105610_CH02_TMO_5GNR_WFC_MT-DUT-2_TC-155.dml,,,,,,,,,,NR SA,,,,,,,,,,,,,,,,,,,594,,2.112646,On,Connected,-67.000000,5220,136,,,,
2644,1,,,-121.9314830,47.5244923,2026-01-23 19:34:49.000,_20260123_105610_CH02_TMO_5GNR_WFC_MT-DUT-2_TC-155.dml,,,,,,,,,,NR SA,,,,,,,,,,,,,,,,,,,,,2.112646,On,Connected,-67.000000,5220,136,,,,IWLAN
2645,1,,,-121.9314830,47.5244923,2026-01-23 19:34:50.000,_20260123_105610_CH02_TMO_5GNR_WFC_MT-DUT-2_TC-155.dml,,,,,,,,,,NR SA,,,,,,,,,,,,,,,,,,,594,,2.112646,On,Connected,-67.000000,5220,136,,,,
2646,1,,,-121.9314830,47.5244923,2026-01-23 19:34:51.000,_20260123_105610_CH02_TMO_5GNR_WFC_MT-DUT-2_TC-155.dml,,,,,,,,,,NR SA,,,,,,,,,,,,,,,,,,,,,2.112646,On,Connected,-67.000000,5220,136,,,,IWLAN
2647,1,,,-121.9314830,47.5244923,2026-01-23 19:34:52.000,_20260123_105610_CH02_TMO_5GNR_WFC_MT-DUT-2_TC-155.dml,,,,,,,,,,NR SA,,,,,,,,,,,,,,,,,,,594,,2.112646,On,Connected,-67.000000,5220,136,,,,IWLAN
2648,1,,,-121.9314830,47.5244923,2026-01-23 19:34:53.000,_20260123_105610_CH02_TMO_5GNR_WFC_MT-DUT-2_TC-155.dml,,,,,,,,,,NR SA,,,,,,,,,,,,,,,,,,,,,2.112646,On,Connected,-67.000000,5220,136,,,,IWLAN
2649,1,,,-121.9314830,47.5244923,2026-01-23 19:34:54.000,_20260123_105610_CH02_TMO_5GNR_WFC_MT-DUT-2_TC-155.dml,,,,,,,,,,NR SA,,,,,,,,,,,,,,,,,,,594,,,On,Connected,-67.000000,5220,136,,,,IWLAN
2650,1,,,-121.9314830,47.5244923,2026-01-23 19:34:54.520,_20260123_105610_CH02_TMO_5GNR_WFC_MT-DUT-2_TC-155.dml,,,,,,,,,,,,,,,,,,,,,,,,,,,,,,-77.328333,,,,,,,,,,
2651,1,,,-121.9314830,47.5244923,2026-01-23 19:34:55.000,_20260123_105610_CH02_TMO_5GNR_WFC_MT-DUT-2_TC-155.dml,,,,,,,,,,NR SA,,,,,,,,,,,,,,,,,,,,,,On,Connected,-67.000000,5220,136,,,,IWLAN
2652,1,,,-121.9314830,47.5244923,2026-01-23 19:34:56.000,_20260123_105610_CH02_TMO_5GNR_WFC_MT-DUT-2_TC-155.dml,,,,,,,,,,NR SA,,,,,,,,,,,,,,,,,,,594,,,On,Connected,-67.000000,5220,136,,,,IWLAN
2653,1,,,-121.9314830,47.5244923,2026-01-23 19:34:57.000,_20260123_105610_CH02_TMO_5GNR_WFC_MT-DUT-2_TC-155.dml,,,,,,,,,,NR SA,,,,,,,,,,,,,,,,,,,594,,,On,Connected,-67.000000,5220,136,,,,IWLAN
2654,1,,,-121.9314830,47.5244923,2026-01-23 19:34:58.000,_20260123_105610_CH02_TMO_5GNR_WFC_MT-DUT-2_TC-155.dml,,,,,,,,,,NR SA,,,,,,,,,,,,,,,,,,,594,,,On,Connected,-67.000000,5220,136,,,,IWLAN
2655,1,,,-121.9314830,47.5244923,2026-01-23 19:34:59.000,_20260123_105610_CH02_TMO_5GNR_WFC_MT-DUT-2_TC-155.dml,,,,,,,,,,NR SA,,,,,,,,,,,,,,,,,,,,,,On,Connected,-67.000000,5220,136,,,,IWLAN
2656,1,,,-121.9314830,47.5244923,2026-01-23 19:35:00.000,_20260123_105610_CH02_TMO_5GNR_WFC_MT-DUT-2_TC-155.dml,,,,,,,,,,NR SA,,,,,,,,,,,,,,,,,,,594,,,On,Connected,-67.000000,5220,136,,,,IWLAN
2657,1,,,-121.9314830,47.5244923,2026-01-23 19:35:01.000,_20260123_105610_CH02_TMO_5GNR_WFC_MT-DUT-2_TC-155.dml,,,,,,,,,,NR SA,,,,,,,,,,,,,,,,,,,,,,On,Connected,-67.000000,5220,136,,,,IWLAN
2658,1,,,-121.9314830,47.5244923,2026-01-23 19:35:02.000,_20260123_105610_CH02_TMO_5GNR_WFC_MT-DUT-2_TC-155.dml,,,,,,,,,,NR SA,,,,,,,,,,,,,,,,,,,594,,,On,Connected,-67.000000,5220,136,,,,IWLAN
2659,1,,,-121.9314830,47.5244923,2026-01-23 19:35:03.000,_20260123_105610_CH02_TMO_5GNR_WFC_MT-DUT-2_TC-155.dml,,,,,,,,,,NR SA,,,,,,,,,,,,,,,,,,,,,,On,Connected,-67.000000,5220,136,,,,IWLAN
2660,1,,,-121.9314830,47.5244923,2026-01-23 19:35:04.000,_20260123_105610_CH02_TMO_5GNR_WFC_MT-DUT-2_TC-155.dml,,,,,,,,,,NR SA,,,,,,,,,,,,,,,,,,,594,,1.971711,On,Connected,-67.000000,5220,136,,,,IWLAN
2661,1,,,-121.9314830,47.5244923,2026-01-23 19:35:05.000,_20260123_105610_CH02_TMO_5GNR_WFC_MT-DUT-2_TC-155.dml,,,,,,,,,,NR SA,,,,,,,,,,,,,,,,,,,,,1.971711,On,Connected,-67.000000,5220,136,,,,IWLAN
2662,1,,,-121.9314830,47.5244923,2026-01-23 19:35:06.000,_20260123_105610_CH02_TMO_5GNR_WFC_MT-DUT-2_TC-155.dml,,,,,,,,,,NR SA,,,,,,,,,,,,,,,,,,,594,,1.971711,On,Connected,-67.000000,5220,136,,,,IWLAN
2663,1,,,-121.9314830,47.5244923,2026-01-23 19:35:07.000,_20260123_105610_CH02_TMO_5GNR_WFC_MT-DUT-2_TC-155.dml,,,,,,,,,,NR SA,,,,,,,,,,,,,,,,,,,,,1.971711,On,Connected,-67.000000,5220,136,,,,IWLAN
2664,1,,,-121.9314830,47.5244923,2026-01-23 19:35:08.000,_20260123_105610_CH02_TMO_5GNR_WFC_MT-DUT-2_TC-155.dml,,,,,,,,,,NR SA,,,,,,,,,,,,,,,,,,,594,,1.971711,On,Connected,-67.000000,5220,136,,,,IWLAN
2665,1,,,-121.9314830,47.5244923,2026-01-23 19:35:09.000,_20260123_105610_CH02_TMO_5GNR_WFC_MT-DUT-2_TC-155.dml,,,,,,,,,,NR SA,,,,,,,,,,,,,,,,,,,594,,1.971711,On,Connected,-67.000000,5220,136,,,,IWLAN
2666,1,,,-121.9314830,47.5244923,2026-01-23 19:35:10.000,_20260123_105610_CH02_TMO_5GNR_WFC_MT-DUT-2_TC-155.dml,,,,,,,,,,NR SA,,,,,,,,,,,,,,,,,,,,,1.971711,On,Connected,-67.000000,5220,136,,,,IWLAN
2667,1,,,-121.9314830,47.5244923,2026-01-23 19:35:11.000,_20260123_105610_CH02_TMO_5GNR_WFC_MT-DUT-2_TC-155.dml,,,,,,,,,,NR SA,,,,,,,,,,,,,,,,,,,594,,1.971711,On,Connected,-67.000000,5220,136,,,,IWLAN
2668,1,,,-121.9314830,47.5244923,2026-01-23 19:35:12.000,_20260123_105610_CH02_TMO_5GNR_WFC_MT-DUT-2_TC-155.dml,,,,,,,,,,NR SA,,,,,,,,,,,,,,,,,,,,,1.971711,On,Connected,-67.000000,5220,136,,,,IWLAN
2669,1,,,-121.9314830,47.5244923,2026-01-23 19:35:13.000,_20260123_105610_CH02_TMO_5GNR_WFC_MT-DUT-2_TC-155.dml,,,,,,,,,,NR SA,,,,,,,,,,,,,,,,,,,594,,1.971711,On,Connected,-67.000000,5220,136,,,,IWLAN
2670,1,,,-121.9314830,47.5244923,2026-01-23 19:35:14.000,_20260123_105610_CH02_TMO_5GNR_WFC_MT-DUT-2_TC-155.dml,,,,,,,,,,NR SA,,,,,,,,,,,,,,,,,,,,,,On,Connected,-67.000000,5220,136,,,,IWLAN
2671,1,,,-121.9314830,47.5244923,2026-01-23 19:35:14.568,_20260123_105610_CH02_TMO_5GNR_WFC_MT-DUT-2_TC-155.dml,,,,,,,,,,,,,,,,,,,,,,,,,,,,,,-77.368750,,,,,,,,,,
2672,1,,,-121.9314830,47.5244923,2026-01-23 19:35:15.000,_20260123_105610_CH02_TMO_5GNR_WFC_MT-DUT-2_TC-155.dml,,,,,,,,,,NR SA,,,,,,,,,,,,,,,,,,,594,,,On,Connected,-67.000000,5220,136,,,,IWLAN
2673,1,,,-121.9314830,47.5244923,2026-01-23 19:35:16.000,_20260123_105610_CH02_TMO_5GNR_WFC_MT-DUT-2_TC-155.dml,,,,,,,,,,NR SA,,,,,,,,,,,,,,,,,,,,,,On,Connected,-67.000000,5220,136,,,,IWLAN
2674,1,,,-121.9314830,47.5244923,2026-01-23 19:35:17.000,_20260123_105610_CH02_TMO_5GNR_WFC_MT-DUT-2_TC-155.dml,,,,,,,,,,NR SA,,,,,,,,,,,,,,,,,,,594,,,On,Connected,-67.000000,5220,136,,,,IWLAN
2675,1,,,-121.9314830,47.5244923,2026-01-23 19:35:18.000,_20260123_105610_CH02_TMO_5GNR_WFC_MT-DUT-2_TC-155.dml,,,,,,,,,,NR SA,,,,,,,,,,,,,,,,,,,,,,On,Connected,-67.000000,5220,136,,,,IWLAN
2676,1,,,-121.9314830,47.5244923,2026-01-23 19:35:19.000,_20260123_105610_CH02_TMO_5GNR_WFC_MT-DUT-2_TC-155.dml,,,,,,,,,,NR SA,,,,,,,,,,,,,,,,,,,594,,,On,Connected,-67.000000,5220,136,,,,IWLAN
2677,1,,,-121.9314830,47.5244923,2026-01-23 19:35:20.000,_20260123_105610_CH02_TMO_5GNR_WFC_MT-DUT-2_TC-155.dml,,,,,,,,,,NR SA,,,,,,,,,,,,,,,,,,,,,,On,Connected,-67.000000,5220,136,,,,IWLAN
2678,1,,,-121.9314830,47.5244923,2026-01-23 19:35:21.000,_20260123_105610_CH02_TMO_5GNR_WFC_MT-DUT-2_TC-155.dml,,,,,,,,,,NR SA,,,,,,,,,,,,,,,,,,,594,,,On,Connected,-67.000000,5220,136,,,,IWLAN
2679,1,,,-121.9314830,47.5244923,2026-01-23 19:35:22.000,_20260123_105610_CH02_TMO_5GNR_WFC_MT-DUT-2_TC-155.dml,,,,,,,,,,NR SA,,,,,,,,,,,,,,,,,,,,,,On,Connected,-67.000000,5220,136,,,,IWLAN
2680,1,,,-121.9314830,47.5244923,2026-01-23 19:35:23.000,_20260123_105610_CH02_TMO_5GNR_WFC_MT-DUT-2_TC-155.dml,,,,,,,,,,NR SA,,,,,,,,,,,,,,,,,,,594,,,On,Connected,-67.000000,5220,136,,,,IWLAN
2681,1,,,-121.9314830,47.5244923,2026-01-23 19:35:24.000,_20260123_105610_CH02_TMO_5GNR_WFC_MT-DUT-2_TC-155.dml,,,,,,,,,,NR SA,,,,,,,,,,,,,,,,,,,,,2.690393,On,Connected,-67.000000,5220,136,,,,IWLAN
2682,1,,,-121.9314830,47.5244923,2026-01-23 19:35:25.000,_20260123_105610_CH02_TMO_5GNR_WFC_MT-DUT-2_TC-155.dml,,,,,,,,,,NR SA,,,,,,,,,,,,,,,,,,,594,,2.690393,On,Connected,-67.000000,5220,136,,,,IWLAN
2683,1,,,-121.9314830,47.5244923,2026-01-23 19:35:26.000,_20260123_105610_CH02_TMO_5GNR_WFC_MT-DUT-2_TC-155.dml,,,,,,,,,,NR SA,,,,,,,,,,,,,,,,,,,,,2.690393,On,Connected,-67.000000,5220,136,,,,IWLAN
2684,1,,,-121.9314830,47.5244923,2026-01-23 19:35:27.000,_20260123_105610_CH02_TMO_5GNR_WFC_MT-DUT-2_TC-155.dml,,,,,,,,,,NR SA,,,,,,,,,,,,,,,,,,,594,,2.690393,On,Connected,-67.000000,5220,136,,,,IWLAN
2685,1,,,-121.9314830,47.5244923,2026-01-23 19:35:28.000,_20260123_105610_CH02_TMO_5GNR_WFC_MT-DUT-2_TC-155.dml,,,,,,,,,,NR SA,,,,,,,,,,,,,,,,,,,594,,2.690393,On,Connected,-67.000000,5220,136,,,,IWLAN
2686,1,,,-121.9314830,47.5244923,2026-01-23 19:35:29.000,_20260123_105610_CH02_TMO_5GNR_WFC_MT-DUT-2_TC-155.dml,,,,,,,,,,NR SA,,,,,,,,,,,,,,,,,,,594,,2.690393,On,Connected,-67.000000,5220,136,,,,IWLAN
2687,1,,,-121.9314830,47.5244923,2026-01-23 19:35:30.000,_20260123_105610_CH02_TMO_5GNR_WFC_MT-DUT-2_TC-155.dml,,,,,,,,,,NR SA,,,,,,,,,,,,,,,,,,,594,,2.690393,On,Connected,-67.000000,5220,136,,,,IWLAN
2688,1,,,-121.9314830,47.5244923,2026-01-23 19:35:31.000,_20260123_105610_CH02_TMO_5GNR_WFC_MT-DUT-2_TC-155.dml,,,,,,,,,,NR SA,,,,,,,,,,,,,,,,,,,594,,2.690393,On,Connected,-67.000000,5220,136,,,,IWLAN
2689,1,,,-121.9314830,47.5244923,2026-01-23 19:35:32.000,_20260123_105610_CH02_TMO_5GNR_WFC_MT-DUT-2_TC-155.dml,,,,,,,,,,NR SA,,,,,,,,,,,,,,,,,,,594,,2.690393,On,Connected,-67.000000,5220,136,,,,IWLAN
2690,1,,,-121.9314830,47.5244923,2026-01-23 19:35:33.000,_20260123_105610_CH02_TMO_5GNR_WFC_MT-DUT-2_TC-155.dml,,,,,,,,,,NR SA,,,,,,,,,,,,,,,,,,,594,,2.690393,On,Connected,-67.000000,5220,136,,,,IWLAN
2691,1,,,-121.9314830,47.5244923,2026-01-23 19:35:34.000,_20260123_105610_CH02_TMO_5GNR_WFC_MT-DUT-2_TC-155.dml,,,,,,,,,,NR SA,,,,,,,,,,,,,,,,,,,594,,,On,Connected,-67.000000,5220,136,,,,IWLAN
2692,1,,,-121.9314830,47.5244923,2026-01-23 19:35:34.551,_20260123_105610_CH02_TMO_5GNR_WFC_MT-DUT-2_TC-155.dml,,,,,,,,,,,,,,,,,,,,,,,,,,,,,,-73.775000,,,,,,,,,,
2693,1,,,-121.9314830,47.5244923,2026-01-23 19:35:35.000,_20260123_105610_CH02_TMO_5GNR_WFC_MT-DUT-2_TC-155.dml,,,,,,,,,,NR SA,,,,,,,,,,,,,,,,,,,594,,,On,Connected,-67.000000,5220,136,,,,IWLAN
2694,1,,,-121.9314830,47.5244923,2026-01-23 19:35:36.000,_20260123_105610_CH02_TMO_5GNR_WFC_MT-DUT-2_TC-155.dml,,,,,,,,,,NR SA,,,,,,,,,,,,,,,,,,,594,,,On,Connected,-67.000000,5220,136,,,,IWLAN
2695,1,,,-121.9314830,47.5244923,2026-01-23 19:35:37.000,_20260123_105610_CH02_TMO_5GNR_WFC_MT-DUT-2_TC-155.dml,,,,,,,,,,NR SA,,,,,,,,,,,,,,,,,,,594,,,On,Connected,-67.000000,5220,136,,,,IWLAN
2696,1,,,-121.9314830,47.5244923,2026-01-23 19:35:38.000,_20260123_105610_CH02_TMO_5GNR_WFC_MT-DUT-2_TC-155.dml,,,,,,,,,,NR SA,,,,,,,,,,,,,,,,,,,594,,,On,Connected,-67.000000,5220,136,,,,IWLAN
2697,1,,,-121.9314830,47.5244923,2026-01-23 19:35:39.000,_20260123_105610_CH02_TMO_5GNR_WFC_MT-DUT-2_TC-155.dml,,,,,,,,,,NR SA,,,,,,,,,,,,,,,,,,,594,,,On,Connected,-67.000000,5220,136,,,,IWLAN
2698,1,,,-121.9314830,47.5244923,2026-01-23 19:35:40.000,_20260123_105610_CH02_TMO_5GNR_WFC_MT-DUT-2_TC-155.dml,,,,,,,,,,NR SA,,,,,,,,,,,,,,,,,,,594,,,On,Connected,-67.000000,5220,136,,,,IWLAN
2699,1,,,-121.9314830,47.5244923,2026-01-23 19:35:41.000,_20260123_105610_CH02_TMO_5GNR_WFC_MT-DUT-2_TC-155.dml,,,,,,,,,,NR SA,,,,,,,,,,,,,,,,,,,594,,,On,Connected,-67.000000,5220,136,,,,IWLAN
2700,1,,,-121.9314830,47.5244923,2026-01-23 19:35:42.000,_20260123_105610_CH02_TMO_5GNR_WFC_MT-DUT-2_TC-155.dml,,,,,,,,,,NR SA,,,,,,,,,,,,,,,,,,,594,,,On,Connected,-67.000000,5220,136,,,,IWLAN
2701,1,,,-121.9314830,47.5244923,2026-01-23 19:35:43.000,_20260123_105610_CH02_TMO_5GNR_WFC_MT-DUT-2_TC-155.dml,,,,,,,,,,NR SA,,,,,,,,,,,,,,,,,,,594,,,On,Connected,-67.000000,5220,136,,,,IWLAN
2702,1,,,-121.9314830,47.5244923,2026-01-23 19:35:44.000,_20260123_105610_CH02_TMO_5GNR_WFC_MT-DUT-2_TC-155.dml,,,,,,,,,,NR SA,,,,,,,,,,,,,,,,,,,594,,2.531621,On,Connected,-67.000000,5220,136,,,,IWLAN
2703,1,,,-121.9314830,47.5244923,2026-01-23 19:35:45.000,_20260123_105610_CH02_TMO_5GNR_WFC_MT-DUT-2_TC-155.dml,,,,,,,,,,NR SA,,,,,,,,,,,,,,,,,,,594,,2.531621,On,Connected,-67.000000,5220,136,,,,IWLAN
2704,1,,,-121.9314830,47.5244923,2026-01-23 19:35:46.000,_20260123_105610_CH02_TMO_5GNR_WFC_MT-DUT-2_TC-155.dml,,,,,,,,,,NR SA,,,,,,,,,,,,,,,,,,,594,,2.531621,On,Connected,-67.000000,5220,136,,,,IWLAN
2705,1,,,-121.9314830,47.5244923,2026-01-23 19:35:47.000,_20260123_105610_CH02_TMO_5GNR_WFC_MT-DUT-2_TC-155.dml,,,,,,,,,,NR SA,,,,,,,,,,,,,,,,,,,594,,2.531621,On,Connected,-67.000000,5220,136,,,,IWLAN
2706,1,,,-121.9314830,47.5244923,2026-01-23 19:35:48.000,_20260123_105610_CH02_TMO_5GNR_WFC_MT-DUT-2_TC-155.dml,,,,,,,,,,NR SA,,,,,,,,,,,,,,,,,,,594,,2.531621,On,Connected,-67.000000,5220,136,,,,IWLAN
2707,1,,,-121.9314830,47.5244923,2026-01-23 19:35:49.000,_20260123_105610_CH02_TMO_5GNR_WFC_MT-DUT-2_TC-155.dml,,,,,,,,,,NR SA,,,,,,,,,,,,,,,,,,,594,,2.531621,On,Connected,-67.000000,5220,136,,,,IWLAN
2708,1,,,-121.9314830,47.5244923,2026-01-23 19:35:50.000,_20260123_105610_CH02_TMO_5GNR_WFC_MT-DUT-2_TC-155.dml,,,,,,,,,,NR SA,,,,,,,,,,,,,,,,,,,594,,2.531621,On,Connected,-67.000000,5220,136,,,,IWLAN
2709,1,,,-121.9314830,47.5244923,2026-01-23 19:35:51.000,_20260123_105610_CH02_TMO_5GNR_WFC_MT-DUT-2_TC-155.dml,,,,,,,,,,NR SA,,,,,,,,,,,,,,,,,,,594,,2.531621,On,Connected,-67.000000,5220,136,,,,IWLAN
2710,1,,,-121.9314830,47.5244923,2026-01-23 19:35:52.000,_20260123_105610_CH02_TMO_5GNR_WFC_MT-DUT-2_TC-155.dml,,,,,,,,,,NR SA,,,,,,,,,,,,,,,,,,,594,,2.531621,On,Connected,-67.000000,5220,136,,,,IWLAN
2711,1,,,-121.9314830,47.5244923,2026-01-23 19:35:53.000,_20260123_105610_CH02_TMO_5GNR_WFC_MT-DUT-2_TC-155.dml,,,,,,,,,,NR SA,,,,,,,,,,,,,,,,,,,594,,2.531621,On,Connected,-67.000000,5220,136,,,,IWLAN
2712,1,,,-121.9314830,47.5244923,2026-01-23 19:35:54.000,_20260123_105610_CH02_TMO_5GNR_WFC_MT-DUT-2_TC-155.dml,,,,,,,,,,NR SA,,,,,,,,,,,,,,,,,,,594,,,On,Connected,-67.000000,5220,136,,,,IWLAN
2713,1,,,-121.9314830,47.5244923,2026-01-23 19:35:54.599,_20260123_105610_CH02_TMO_5GNR_WFC_MT-DUT-2_TC-155.dml,,,,,,,,,,,,,,,,,,,,,,,,,,,,,,-75.967556,,,,,,,,,,
2714,1,,,-121.9314830,47.5244923,2026-01-23 19:35:55.000,_20260123_105610_CH02_TMO_5GNR_WFC_MT-DUT-2_TC-155.dml,,,,,,,,,,NR SA,,,,,,,,,,,,,,,,,,,594,,,,Connected,,,,,,,IWLAN
2715,1,,,-121.9314830,47.5244923,2026-01-23 19:35:56.000,_20260123_105610_CH02_TMO_5GNR_WFC_MT-DUT-2_TC-155.dml,,,,,,,,,,NR SA,,,,,,,,,,,,,,,,,,,594,,,On,Connected,-67.000000,5220,136,,,,IWLAN
2716,1,,,-121.9314830,47.5244923,2026-01-23 19:35:57.000,_20260123_105610_CH02_TMO_5GNR_WFC_MT-DUT-2_TC-155.dml,,,,,,,,,,NR SA,,,,,,,,,,,,,,,,,,,594,,,On,Connected,-67.000000,5220,136,,,,IWLAN
2717,1,,,-121.9314830,47.5244923,2026-01-23 19:35:58.000,_20260123_105610_CH02_TMO_5GNR_WFC_MT-DUT-2_TC-155.dml,,,,,,,,,,NR SA,,,,,,,,,,,,,,,,,,,594,,,,Connected,,,,,,,IWLAN
2718,1,,,-121.9314830,47.5244923,2026-01-23 19:35:59.000,_20260123_105610_CH02_TMO_5GNR_WFC_MT-DUT-2_TC-155.dml,,,,,,,,,,NR SA,,,,,,,,,,,,,,,,,,,594,,,On,Connected,-67.000000,5220,136,,,,IWLAN
2719,1,,,-121.9314830,47.5244923,2026-01-23 19:36:00.000,_20260123_105610_CH02_TMO_5GNR_WFC_MT-DUT-2_TC-155.dml,,,,,,,,,,NR SA,,,,,,,,,,,,,,,,,,,594,,,On,Connected,-67.000000,5220,136,,,,IWLAN
2720,1,,,-121.9314830,47.5244923,2026-01-23 19:36:01.000,_20260123_105610_CH02_TMO_5GNR_WFC_MT-DUT-2_TC-155.dml,,,,,,,,,,NR SA,,,,,,,,,,,,,,,,,,,594,,,On,Connected,-67.000000,5220,136,,,,IWLAN
2721,1,,,-121.9314830,47.5244923,2026-01-23 19:36:02.000,_20260123_105610_CH02_TMO_5GNR_WFC_MT-DUT-2_TC-155.dml,,,,,,,,,,NR SA,,,,,,,,,,,,,,,,,,,594,,,On,Connected,-67.000000,5220,136,,,,IWLAN
2722,1,,,-121.9314830,47.5244923,2026-01-23 19:36:03.000,_20260123_105610_CH02_TMO_5GNR_WFC_MT-DUT-2_TC-155.dml,,,,,,,,,,NR SA,,,,,,,,,,,,,,,,,,,594,,,On,Connected,-67.000000,5220,136,,,,IWLAN
2723,1,,,-121.9314830,47.5244923,2026-01-23 19:36:03.895,_20260123_105610_CH02_TMO_5GNR_WFC_MT-DUT-2_TC-155.dml,,,,,,,,,,,,,,,,,,,,,,,[Tool] Voice - Pair Channel Call Drop,,,,,,,,,,,,,,,,,
2724,1,,,-121.9314830,47.5244923,2026-01-23 19:36:03.895,_20260123_105610_CH02_TMO_5GNR_WFC_MT-DUT-2_TC-155.dml,,,,,,,,,,,,,,,,,,,,,,,[Tool] Voice - Release Call Request,,,,,,,,,,,,,,,,,
2725,1,,,-121.9314830,47.5244923,2026-01-23 19:36:04.000,_20260123_105610_CH02_TMO_5GNR_WFC_MT-DUT-2_TC-155.dml,,,,,,,,,,NR SA,,,,,,,,,,,,,,,,,,,594,,,On,Connected,-67.000000,5220,136,,,,IWLAN
2726,1,,,-121.9314830,47.5244923,2026-01-23 19:36:04.395,_20260123_105610_CH02_TMO_5GNR_WFC_MT-DUT-2_TC-155.dml,,,,,,,,,,,,,,,,,,,,,,Complete,[Tool] Voice - Call Result : Complete,,,,,,,,,,,,,,,,,
2727,1,,,-121.9314830,47.5244923,2026-01-23 19:36:04.395,_20260123_105610_CH02_TMO_5GNR_WFC_MT-DUT-2_TC-155.dml,,,,,,,,,,,,,,,,,,,,,,,[UE]   Voice - Release Call Success,,,,,,,,,,,,,,,,,
2728,1,,,-121.9314830,47.5244923,2026-01-23 19:36:05.000,_20260123_105610_CH02_TMO_5GNR_WFC_MT-DUT-2_TC-155.dml,,,,,,,,,,,,,,,,,,,,,,,,1,,,,,594,,,,Connected,,,,,,,IWLAN
2729,1,,,-121.9314830,47.5244923,2026-01-23 19:36:05.739,_20260123_105610_CH02_TMO_5GNR_WFC_MT-DUT-2_TC-155.dml,,,,,,,,,,,,,,,,,,,,,,,[UE]   Voice - Release Call Success,,,,,,,,,,,,,,,,,
2730,1,,,-121.9314830,47.5244923,2026-01-23 19:36:06.000,_20260123_105610_CH02_TMO_5GNR_WFC_MT-DUT-2_TC-155.dml,,,,,,,,,,,,,,,,,,,,,,,,,,,,,594,,,On,Connected,-67.000000,5220,136,,,,IWLAN
2731,1,,,-121.9314830,47.5244923,2026-01-23 19:36:07.000,_20260123_105610_CH02_TMO_5GNR_WFC_MT-DUT-2_TC-155.dml,,,,,,,,,,,,,,,,,,,,,,,,,,,,,594,,,On,Connected,-67.000000,5220,136,,,,IWLAN
2732,1,,,-121.9314830,47.5244923,2026-01-23 19:36:08.000,_20260123_105610_CH02_TMO_5GNR_WFC_MT-DUT-2_TC-155.dml,,,,,,,,,,,,,,,,,,,,,,,,,,,,,594,,,On,Connected,-66.000000,5220,136,,,,IWLAN
2733,1,,,-121.9314830,47.5244923,2026-01-23 19:36:09.000,_20260123_105610_CH02_TMO_5GNR_WFC_MT-DUT-2_TC-155.dml,,,,,,,,,,,,,,,,,,,,,,,,,,,,,594,,,On,Connected,-66.000000,5220,136,,,,IWLAN
2734,1,,,-121.9314830,47.5244923,2026-01-23 19:36:10.000,_20260123_105610_CH02_TMO_5GNR_WFC_MT-DUT-2_TC-155.dml,,,,,,,,,,,,,,,,,,,,,,,,,,,,,594,,,,Connected,,,,,,,IWLAN
2735,1,,,-121.9314830,47.5244923,2026-01-23 19:36:11.000,_20260123_105610_CH02_TMO_5GNR_WFC_MT-DUT-2_TC-155.dml,,,,,,,,,,,,,,,,,,,,,,,,,,,,,594,,,On,Connected,-66.000000,5220,136,,,,IWLAN
2736,1,,,-121.9314830,47.5244923,2026-01-23 19:36:12.000,_20260123_105610_CH02_TMO_5GNR_WFC_MT-DUT-2_TC-155.dml,,,,,,,,,,,,,,,,,,,,,,,,,,,,,594,,,,Connected,,,,,,,IWLAN
2737,1,,,-121.9314830,47.5244923,2026-01-23 19:36:13.000,_20260123_105610_CH02_TMO_5GNR_WFC_MT-DUT-2_TC-155.dml,,,,,,,,,,,,,,,,,,,,,,,,,,,,,594,,,On,Connected,-66.000000,5220,136,,,,IWLAN
2738,1,,,-121.9314830,47.5244923,2026-01-23 19:36:14.000,_20260123_105610_CH02_TMO_5GNR_WFC_MT-DUT-2_TC-155.dml,,,,,,,,,,,,,,,,,,,,,,,,,,,,,594,,,,Connected,,,,,,,IWLAN
2739,1,,,-121.9314830,47.5244923,2026-01-23 19:36:15.000,_20260123_105610_CH02_TMO_5GNR_WFC_MT-DUT-2_TC-155.dml,,,,,,,,,,,,,,,,,,,,,,,,,,,,,594,,,On,Connected,-66.000000,5220,136,,,,IWLAN
2740,1,,,-121.9314830,47.5244923,2026-01-23 19:36:16.000,_20260123_105610_CH02_TMO_5GNR_WFC_MT-DUT-2_TC-155.dml,,,,,,,,,,,,,,,,,,,,,,,,,,,,,594,,,On,Connected,-66.000000,5220,136,,,,IWLAN
2741,1,,,-121.9314830,47.5244923,2026-01-23 19:36:17.000,_20260123_105610_CH02_TMO_5GNR_WFC_MT-DUT-2_TC-155.dml,,,,,,,,,,,,,,,,,,,,,,,,,,,,,594,,,,Connected,,,,,,,IWLAN
2742,1,,,-121.9314830,47.5244923,2026-01-23 19:36:18.000,_20260123_105610_CH02_TMO_5GNR_WFC_MT-DUT-2_TC-155.dml,,,,,,,,,,,,,,,,,,,,,,,,,,,,,594,,,On,Connected,-66.000000,5220,204,,,,IWLAN
2743,1,,,-121.9314830,47.5244923,2026-01-23 19:36:19.000,_20260123_105610_CH02_TMO_5GNR_WFC_MT-DUT-2_TC-155.dml,,,,,,,,,,,,,,,,,,,,,,,,,,,,,594,,,On,Connected,-66.000000,5220,204,,,,IWLAN
2744,1,,,-121.9314830,47.5244923,2026-01-23 19:36:20.000,_20260123_105610_CH02_TMO_5GNR_WFC_MT-DUT-2_TC-155.dml,,,,,,,,,,,,,,,,,,,,,,,,,,,,,594,,,,Connected,,,,,,,IWLAN
2745,1,,,-121.9314830,47.5244923,2026-01-23 19:36:21.000,_20260123_105610_CH02_TMO_5GNR_WFC_MT-DUT-2_TC-155.dml,,,,,,,,,,,,,,,,,,,,,,,,,,,,,594,,,On,Connected,-66.000000,5220,136,,,,IWLAN
2746,1,,,-121.9314830,47.5244923,2026-01-23 19:36:22.000,_20260123_105610_CH02_TMO_5GNR_WFC_MT-DUT-2_TC-155.dml,,,,,,,,,,,,,,,,,,,,,,,,,,,,,594,,,On,Connected,-66.000000,5220,136,,,,IWLAN
2747,1,,,-121.9314830,47.5244923,2026-01-23 19:36:23.000,_20260123_105610_CH02_TMO_5GNR_WFC_MT-DUT-2_TC-155.dml,,,,,,,,,,,,,,,,,,,,,,,,,,,,,594,,,On,Connected,-66.000000,5220,136,,,,IWLAN
2748,1,,,-121.9314830,47.5244923,2026-01-23 19:36:24.000,_20260123_105610_CH02_TMO_5GNR_WFC_MT-DUT-2_TC-155.dml,,,,,,,,,,,,,,,,,,,,,,,,,,,,,594,,,On,Connected,-66.000000,5220,136,,,,IWLAN
2749,1,,,-121.9314830,47.5244923,2026-01-23 19:36:25.000,_20260123_105610_CH02_TMO_5GNR_WFC_MT-DUT-2_TC-155.dml,,,,,,,,,,,,,,,,,,,,,,,,,,,,,594,,,On,Connected,-66.000000,5220,136,,,,IWLAN
2750,1,,,-121.9314830,47.5244923,2026-01-23 19:36:26.000,_20260123_105610_CH02_TMO_5GNR_WFC_MT-DUT-2_TC-155.dml,,,,,,,,,,,,,,,,,,,,,,,,,,,,,594,,,On,Connected,-66.000000,5220,136,,,,IWLAN
2751,1,,,-121.9314830,47.5244923,2026-01-23 19:36:27.000,_20260123_105610_CH02_TMO_5GNR_WFC_MT-DUT-2_TC-155.dml,,,,,,,,,,,,,,,,,,,,,,,,,,,,,594,,,On,Connected,-66.000000,5220,136,,,,IWLAN
2752,1,,,-121.9314830,47.5244923,2026-01-23 19:36:28.000,_20260123_105610_CH02_TMO_5GNR_WFC_MT-DUT-2_TC-155.dml,,,,,,,,,,,,,,,,,,,,,,,,,,,,,594,,,On,Connected,-66.000000,5220,136,,,,IWLAN
2753,1,,,-121.9314830,47.5244923,2026-01-23 19:36:29.000,_20260123_105610_CH02_TMO_5GNR_WFC_MT-DUT-2_TC-155.dml,,,,,,,,,,,,,,,,,,,,,,,,,,,,,594,,,On,Connected,-66.000000,5220,136,,,,IWLAN
2754,1,,,-121.9314830,47.5244923,2026-01-23 19:36:30.000,_20260123_105610_CH02_TMO_5GNR_WFC_MT-DUT-2_TC-155.dml,,,,,,,,,,,,,,,,,,,,,,,,,,,,,594,,,On,Connected,-66.000000,5220,136,,,,IWLAN
2755,1,,,-121.9314830,47.5244923,2026-01-23 19:36:31.000,_20260123_105610_CH02_TMO_5GNR_WFC_MT-DUT-2_TC-155.dml,,,,,,,,,,,,,,,,,,,,,,,,,,,,,594,,,On,Connected,-66.000000,5220,136,,,,IWLAN
2756,1,,,-121.9314830,47.5244923,2026-01-23 19:36:32.224,_20260123_105610_CH02_TMO_5GNR_WFC_MT-DUT-2_TC-155.dml,,,,,,,,,,,,,,,,,,,,,,,[Tool] Voice - Release Call Request,,,,,,,,,,,,,,,,,
2757,1,,,-121.9314830,47.5244923,2026-01-23 19:36:32.000,_20260123_105610_CH02_TMO_5GNR_WFC_MT-DUT-2_TC-155.dml,,,,,,,,,,,,,,,,,,,,,,,,,,,,,594,,,On,Connected,-66.000000,5220,136,,,,IWLAN
2758,1,,,-121.9314830,47.5244923,2026-01-23 19:36:33.000,_20260123_105610_CH02_TMO_5GNR_WFC_MT-DUT-2_TC-155.dml,,,,,,,,,,,,,,,,,,,,,,,,,,,,,594,,,On,Connected,-66.000000,5220,204,,,,IWLAN
2759,1,,,-121.9314830,47.5244923,2026-01-23 19:36:34.000,_20260123_105610_CH02_TMO_5GNR_WFC_MT-DUT-2_TC-155.dml,,,,,,,,,,,,,,,,,,,,,,,,,,,,,594,,,On,Connected,-66.000000,5220,204,,,,IWLAN
2760,1,,,-121.9314830,47.5244923,2026-01-23 19:36:34.755,_20260123_105610_CH02_TMO_5GNR_WFC_MT-DUT-2_TC-155.dml,,,,,,,,,,,,,,,,,,,,,,,[Tool] Voice - Call Scheduling End,,,,,,,,,,,,,,,,,
2761,1,,,-121.9314830,47.5244923,2026-01-23 19:36:34.755,_20260123_105610_CH02_TMO_5GNR_WFC_MT-DUT-2_TC-155.dml,NR SA,Voice,Complete,NR SA,NR SA,,,,,,,,,,,,Complete,Termination,Complete,,,,,,,,,90.125000,,,,,,,,,,EPSFB,,
2762,1,,,-121.9314830,47.5244923,2026-01-23 19:36:34.755,_20260123_105610_CH02_TMO_5GNR_WFC_MT-DUT-2_TC-155.dml,,,,,,,,,,,,,,,,,,,,,,,[Tool] Voice - Release Call Request,,,,,,,,,,,,,,,,,
2763,1,,,-121.9314830,47.5244923,2026-01-23 19:36:35.270,_20260123_105610_CH02_TMO_5GNR_WFC_MT-DUT-2_TC-155.dml,,,,,,,,,,,,,,,,,,,,,,,[Tool] Voice - Call Scheduling Start(Term),,,,,,,,,,,,,,,,,
2764,1,,,-121.9314830,47.5244923,2026-01-23 19:36:35.270,_20260123_105610_CH02_TMO_5GNR_WFC_MT-DUT-2_TC-155.dml,,,,,,,,,,,,,,,,,,,,,,,[Tool] Voice - Wait Page,,,,,,,,,,,,,,,,,
2765,1,,,-121.9314830,47.5244923,2026-01-23 19:36:35.000,_20260123_105610_CH02_TMO_5GNR_WFC_MT-DUT-2_TC-155.dml,,,,,,,,,,,,,,,,,,,,,,,,,,,,,594,,,On,Connected,-66.000000,5220,204,,,,IWLAN
2766,1,,,-121.9314830,47.5244923,2026-01-23 19:36:36.000,_20260123_105610_CH02_TMO_5GNR_WFC_MT-DUT-2_TC-155.dml,,,,,,,,,,,,,,,,,,,,,,,,,,,,,594,,,On,Connected,-65.000000,5220,204,,,,IWLAN
2767,1,,,-121.9314830,47.5244923,2026-01-23 19:36:37.000,_20260123_105610_CH02_TMO_5GNR_WFC_MT-DUT-2_TC-155.dml,,,,,,,,,,,,,,,,,,,,,,,,,,,,,594,,,On,Connected,-65.000000,5220,204,,,,IWLAN
2768,1,,,-121.9314830,47.5244923,2026-01-23 19:36:38.426,_20260123_105610_CH02_TMO_5GNR_WFC_MT-DUT-2_TC-155.dml,,,,,,,,,,,,,,,,,,,,,,,[Tool] Voice - Answer Request,,,,,,,,,,,,,,,,,
2769,1,,,-121.9314830,47.5244923,2026-01-23 19:36:38.000,_20260123_105610_CH02_TMO_5GNR_WFC_MT-DUT-2_TC-155.dml,,,,,,,,,,,,,,,,,,,,,,,,,,,,,594,,,On,Connected,-65.500000,5220,136,,,,IWLAN
2770,1,,,-121.9314830,47.5244923,2026-01-23 19:36:39.224,_20260123_105610_CH02_TMO_5GNR_WFC_MT-DUT-2_TC-155.dml,,,,,,,,,,,,,,,,,,,,,,,[UE]   Voice - Setup Success,,,,,,,,,,,,,,,,,
2771,1,,,-121.9314830,47.5244923,2026-01-23 19:36:39.000,_20260123_105610_CH02_TMO_5GNR_WFC_MT-DUT-2_TC-155.dml,,,,,,,,,,NR SA,,,,,,,,,,,,,,,,,,,594,,,,Connected,,,,,,,IWLAN
2772,1,,,-121.9314830,47.5244923,2026-01-23 19:36:40.000,_20260123_105610_CH02_TMO_5GNR_WFC_MT-DUT-2_TC-155.dml,,,,,,,,,,NR SA,,,,,,,,,,,,,,,,,,,594,,,On,Connected,-66.000000,5220,136,,,,IWLAN
2773,1,,,-121.9314830,47.5244923,2026-01-23 19:36:41.000,_20260123_105610_CH02_TMO_5GNR_WFC_MT-DUT-2_TC-155.dml,,,,,,,,,,NR SA,,,,,,,,,,,,,,,,,,,594,,,On,Connected,-66.000000,5220,136,,,,IWLAN
2774,1,,,-121.9314830,47.5244923,2026-01-23 19:36:42.000,_20260123_105610_CH02_TMO_5GNR_WFC_MT-DUT-2_TC-155.dml,,,,,,,,,,NR SA,,,,,,,,,,,,,,,,,,,594,,,,Connected,,,,,,,IWLAN
2775,1,,,-121.9314830,47.5244923,2026-01-23 19:36:43.000,_20260123_105610_CH02_TMO_5GNR_WFC_MT-DUT-2_TC-155.dml,,,,,,,,,,NR SA,,,,,,,,,,,,,,,,,,,594,,,On,Connected,-66.000000,5220,136,,,,IWLAN
2776,1,,,-121.9314830,47.5244923,2026-01-23 19:36:44.000,_20260123_105610_CH02_TMO_5GNR_WFC_MT-DUT-2_TC-155.dml,,,,,,,,,,NR SA,,,,,,,,,,,,,,,,,,,594,,,,Connected,,,,,,,IWLAN
2777,1,,,-121.9314830,47.5244923,2026-01-23 19:36:45.000,_20260123_105610_CH02_TMO_5GNR_WFC_MT-DUT-2_TC-155.dml,,,,,,,,,,NR SA,,,,,,,,,,,,,,,,,,,594,,,On,Connected,-66.000000,5220,136,,,,IWLAN
2778,1,,,-121.9314830,47.5244923,2026-01-23 19:36:46.000,_20260123_105610_CH02_TMO_5GNR_WFC_MT-DUT-2_TC-155.dml,,,,,,,,,,NR SA,,,,,,,,,,,,,,,,,,,594,,,,Connected,,,,,,,IWLAN
2779,1,,,-121.9314830,47.5244923,2026-01-23 19:36:47.000,_20260123_105610_CH02_TMO_5GNR_WFC_MT-DUT-2_TC-155.dml,,,,,,,,,,NR SA,,,,,,,,,,,,,,,,,,,594,,,On,Connected,-66.000000,5220,136,,,,IWLAN
2780,1,,,-121.9314830,47.5244923,2026-01-23 19:36:48.000,_20260123_105610_CH02_TMO_5GNR_WFC_MT-DUT-2_TC-155.dml,,,,,,,,,,NR SA,,,,,,,,,,,,,,,,,,,594,,,On,Connected,-66.000000,5220,136,,,,IWLAN
2781,1,,,-121.9314830,47.5244923,2026-01-23 19:36:49.000,_20260123_105610_CH02_TMO_5GNR_WFC_MT-DUT-2_TC-155.dml,,,,,,,,,,NR SA,,,,,,,,,,,,,,,,,,,594,,2.506930,On,Connected,-66.000000,5220,136,,,,IWLAN
2782,1,,,-121.9314830,47.5244923,2026-01-23 19:36:50.000,_20260123_105610_CH02_TMO_5GNR_WFC_MT-DUT-2_TC-155.dml,,,,,,,,,,NR SA,,,,,,,,,,,,,,,,,,,594,,2.506930,On,Connected,-66.000000,5220,136,,,,IWLAN
2783,1,,,-121.9314830,47.5244923,2026-01-23 19:36:51.000,_20260123_105610_CH02_TMO_5GNR_WFC_MT-DUT-2_TC-155.dml,,,,,,,,,,NR SA,,,,,,,,,,,,,,,,,,,594,,2.506930,On,Connected,-66.000000,5220,136,,,,IWLAN
2784,1,,,-121.9314830,47.5244923,2026-01-23 19:36:52.000,_20260123_105610_CH02_TMO_5GNR_WFC_MT-DUT-2_TC-155.dml,,,,,,,,,,NR SA,,,,,,,,,,,,,,,,,,,594,,2.506930,On,Connected,-66.000000,5220,136,,,,IWLAN
2785,1,,,-121.9314830,47.5244923,2026-01-23 19:36:53.000,_20260123_105610_CH02_TMO_5GNR_WFC_MT-DUT-2_TC-155.dml,,,,,,,,,,NR SA,,,,,,,,,,,,,,,,,,,594,,2.506930,On,Connected,-66.000000,5220,136,,,,IWLAN
2786,1,,,-121.9314830,47.5244923,2026-01-23 19:36:54.000,_20260123_105610_CH02_TMO_5GNR_WFC_MT-DUT-2_TC-155.dml,,,,,,,,,,NR SA,,,,,,,,,,,,,,,,,,,594,,2.506930,On,Connected,-66.000000,5220,136,,,,IWLAN
2787,1,,,-121.9314830,47.5244923,2026-01-23 19:36:55.000,_20260123_105610_CH02_TMO_5GNR_WFC_MT-DUT-2_TC-155.dml,,,,,,,,,,NR SA,,,,,,,,,,,,,,,,,,,594,,2.506930,On,Connected,-66.000000,5220,136,,,,IWLAN
2788,1,,,-121.9314830,47.5244923,2026-01-23 19:36:56.000,_20260123_105610_CH02_TMO_5GNR_WFC_MT-DUT-2_TC-155.dml,,,,,,,,,,NR SA,,,,,,,,,,,,,,,,,,,594,,2.506930,On,Connected,-66.000000,5220,136,,,,IWLAN
2789,1,,,-121.9314830,47.5244923,2026-01-23 19:36:57.000,_20260123_105610_CH02_TMO_5GNR_WFC_MT-DUT-2_TC-155.dml,,,,,,,,,,NR SA,,,,,,,,,,,,,,,,,,,594,,2.506930,On,Connected,-66.000000,5220,136,,,,IWLAN
2790,1,,,-121.9314830,47.5244923,2026-01-23 19:36:58.000,_20260123_105610_CH02_TMO_5GNR_WFC_MT-DUT-2_TC-155.dml,,,,,,,,,,NR SA,,,,,,,,,,,,,,,,,,,594,,2.506930,,Connected,,,,,,,IWLAN
2791,1,,,-121.9314830,47.5244923,2026-01-23 19:36:59.000,_20260123_105610_CH02_TMO_5GNR_WFC_MT-DUT-2_TC-155.dml,,,,,,,,,,NR SA,,,,,,,,,,,,,,,,,,,594,,,On,Connected,-66.000000,5220,136,,,,IWLAN
2792,1,,,-121.9314830,47.5244923,2026-01-23 19:37:00.000,_20260123_105610_CH02_TMO_5GNR_WFC_MT-DUT-2_TC-155.dml,,,,,,,,,,NR SA,,,,,,,,,,,,,,,,,,,594,,,On,Connected,-66.000000,5220,136,,,,IWLAN
2793,1,,,-121.9314830,47.5244923,2026-01-23 19:37:00.614,_20260123_105610_CH02_TMO_5GNR_WFC_MT-DUT-2_TC-155.dml,,,,,,,,,,,,,,,,,,,,,,,,,,,,,,-82.532708,,,,,,,,,,
2794,1,,,-121.9314830,47.5244923,2026-01-23 19:37:01.000,_20260123_105610_CH02_TMO_5GNR_WFC_MT-DUT-2_TC-155.dml,,,,,,,,,,NR SA,,,,,,,,,,,,,,,,,,,594,,,On,Connected,-66.000000,5220,136,,,,IWLAN
2795,1,,,-121.9314830,47.5244923,2026-01-23 19:37:02.000,_20260123_105610_CH02_TMO_5GNR_WFC_MT-DUT-2_TC-155.dml,,,,,,,,,,NR SA,,,,,,,,,,,,,,,,,,,594,,,On,Connected,-66.000000,5220,136,,,,IWLAN
2796,1,,,-121.9314830,47.5244923,2026-01-23 19:37:03.000,_20260123_105610_CH02_TMO_5GNR_WFC_MT-DUT-2_TC-155.dml,,,,,,,,,,NR SA,,,,,,,,,,,,,,,,,,,594,,,On,Connected,-66.000000,5220,136,,,,IWLAN
2797,1,,,-121.9314830,47.5244923,2026-01-23 19:37:04.000,_20260123_105610_CH02_TMO_5GNR_WFC_MT-DUT-2_TC-155.dml,,,,,,,,,,NR SA,,,,,,,,,,,,,,,,,,,594,,,On,Connected,-66.000000,5220,136,,,,IWLAN
2798,1,,,-121.9314830,47.5244923,2026-01-23 19:37:05.000,_20260123_105610_CH02_TMO_5GNR_WFC_MT-DUT-2_TC-155.dml,,,,,,,,,,NR SA,,,,,,,,,,,,,,,,,,,594,,,On,Connected,-66.000000,5220,136,,,,IWLAN
2799,1,,,-121.9314830,47.5244923,2026-01-23 19:37:06.000,_20260123_105610_CH02_TMO_5GNR_WFC_MT-DUT-2_TC-155.dml,,,,,,,,,,NR SA,,,,,,,,,,,,,,,,,,,594,,,On,Connected,-66.000000,5220,136,,,,IWLAN
2800,1,,,-121.9314830,47.5244923,2026-01-23 19:37:07.000,_20260123_105610_CH02_TMO_5GNR_WFC_MT-DUT-2_TC-155.dml,,,,,,,,,,NR SA,,,,,,,,,,,,,,,,,,,594,,,,Connected,,,,,,,IWLAN
2801,1,,,-121.9314830,47.5244923,2026-01-23 19:37:08.000,_20260123_105610_CH02_TMO_5GNR_WFC_MT-DUT-2_TC-155.dml,,,,,,,,,,NR SA,,,,,,,,,,,,,,,,,,,594,,,On,Connected,-66.000000,5220,136,,,,IWLAN
2802,1,,,-121.9314830,47.5244923,2026-01-23 19:37:09.000,_20260123_105610_CH02_TMO_5GNR_WFC_MT-DUT-2_TC-155.dml,,,,,,,,,,NR SA,,,,,,,,,,,,,,,,,,,594,,1.941873,On,Connected,-66.000000,5220,136,,,,IWLAN
2803,1,,,-121.9314830,47.5244923,2026-01-23 19:37:10.000,_20260123_105610_CH02_TMO_5GNR_WFC_MT-DUT-2_TC-155.dml,,,,,,,,,,NR SA,,,,,,,,,,,,,,,,,,,594,,1.941873,On,Connected,-66.000000,5220,136,,,,IWLAN
2804,1,,,-121.9314830,47.5244923,2026-01-23 19:37:11.000,_20260123_105610_CH02_TMO_5GNR_WFC_MT-DUT-2_TC-155.dml,,,,,,,,,,NR SA,,,,,,,,,,,,,,,,,,,594,,1.941873,On,Connected,-66.000000,5220,136,,,,IWLAN
2805,1,,,-121.9314830,47.5244923,2026-01-23 19:37:12.000,_20260123_105610_CH02_TMO_5GNR_WFC_MT-DUT-2_TC-155.dml,,,,,,,,,,NR SA,,,,,,,,,,,,,,,,,,,594,,1.941873,,Connected,,,,,,,IWLAN
2806,1,,,-121.9314830,47.5244923,2026-01-23 19:37:13.000,_20260123_105610_CH02_TMO_5GNR_WFC_MT-DUT-2_TC-155.dml,,,,,,,,,,NR SA,,,,,,,,,,,,,,,,,,,594,,1.941873,On,Connected,-66.000000,5220,136,,,,IWLAN
2807,1,,,-121.9314830,47.5244923,2026-01-23 19:37:14.000,_20260123_105610_CH02_TMO_5GNR_WFC_MT-DUT-2_TC-155.dml,,,,,,,,,,NR SA,,,,,,,,,,,,,,,,,,,594,,1.941873,On,Connected,-66.000000,5220,136,,,,IWLAN
2808,1,,,-121.9314830,47.5244923,2026-01-23 19:37:15.000,_20260123_105610_CH02_TMO_5GNR_WFC_MT-DUT-2_TC-155.dml,,,,,,,,,,NR SA,,,,,,,,,,,,,,,,,,,594,,1.941873,On,Connected,-66.000000,5220,136,,,,IWLAN
2809,1,,,-121.9314830,47.5244923,2026-01-23 19:37:16.000,_20260123_105610_CH02_TMO_5GNR_WFC_MT-DUT-2_TC-155.dml,,,,,,,,,,NR SA,,,,,,,,,,,,,,,,,,,594,,1.941873,On,Connected,-66.000000,5220,136,,,,IWLAN
2810,1,,,-121.9314830,47.5244923,2026-01-23 19:37:17.000,_20260123_105610_CH02_TMO_5GNR_WFC_MT-DUT-2_TC-155.dml,,,,,,,,,,NR SA,,,,,,,,,,,,,,,,,,,594,,1.941873,On,Connected,-66.000000,5220,136,,,,IWLAN
2811,1,,,-121.9314830,47.5244923,2026-01-23 19:37:18.000,_20260123_105610_CH02_TMO_5GNR_WFC_MT-DUT-2_TC-155.dml,,,,,,,,,,NR SA,,,,,,,,,,,,,,,,,,,594,,1.941873,On,Connected,-66.000000,5220,136,,,,IWLAN
2812,1,,,-121.9314830,47.5244923,2026-01-23 19:37:19.000,_20260123_105610_CH02_TMO_5GNR_WFC_MT-DUT-2_TC-155.dml,,,,,,,,,,NR SA,,,,,,,,,,,,,,,,,,,594,,,,Connected,,,,,,,IWLAN
2813,1,,,-121.9314830,47.5244923,2026-01-23 19:37:20.082,_20260123_105610_CH02_TMO_5GNR_WFC_MT-DUT-2_TC-155.dml,,,,,,,,,,,,,,,,,,,,,,,,,,,,,,-83.686667,,,,,,,,,,
2814,1,,,-121.9314830,47.5244923,2026-01-23 19:37:20.000,_20260123_105610_CH02_TMO_5GNR_WFC_MT-DUT-2_TC-155.dml,,,,,,,,,,NR SA,,,,,,,,,,,,,,,,,,,594,,,On,Connected,-66.000000,5220,136,,,,IWLAN
2815,1,,,-121.9314830,47.5244923,2026-01-23 19:37:21.000,_20260123_105610_CH02_TMO_5GNR_WFC_MT-DUT-2_TC-155.dml,,,,,,,,,,NR SA,,,,,,,,,,,,,,,,,,,594,,,On,Connected,-66.000000,5220,136,,,,IWLAN
2816,1,,,-121.9314830,47.5244923,2026-01-23 19:37:22.000,_20260123_105610_CH02_TMO_5GNR_WFC_MT-DUT-2_TC-155.dml,,,,,,,,,,NR SA,,,,,,,,,,,,,,,,,,,594,,,On,Connected,-66.000000,5220,136,,,,IWLAN
2817,1,,,-121.9314830,47.5244923,2026-01-23 19:37:23.000,_20260123_105610_CH02_TMO_5GNR_WFC_MT-DUT-2_TC-155.dml,,,,,,,,,,NR SA,,,,,,,,,,,,,,,,,,,594,,,On,Connected,-66.000000,5220,136,,,,IWLAN
2818,1,,,-121.9314830,47.5244923,2026-01-23 19:37:24.000,_20260123_105610_CH02_TMO_5GNR_WFC_MT-DUT-2_TC-155.dml,,,,,,,,,,NR SA,,,,,,,,,,,,,,,,,,,594,,,On,Connected,-66.000000,5220,136,,,,IWLAN
2819,1,,,-121.9314830,47.5244923,2026-01-23 19:37:25.000,_20260123_105610_CH02_TMO_5GNR_WFC_MT-DUT-2_TC-155.dml,,,,,,,,,,NR SA,,,,,,,,,,,,,,,,,,,594,,,On,Connected,-66.000000,5220,136,,,,IWLAN
2820,1,,,-121.9314830,47.5244923,2026-01-23 19:37:26.000,_20260123_105610_CH02_TMO_5GNR_WFC_MT-DUT-2_TC-155.dml,,,,,,,,,,NR SA,,,,,,,,,,,,,,,,,,,594,,,On,Connected,-66.000000,5220,136,,,,IWLAN
2821,1,,,-121.9314830,47.5244923,2026-01-23 19:37:27.000,_20260123_105610_CH02_TMO_5GNR_WFC_MT-DUT-2_TC-155.dml,,,,,,,,,,NR SA,,,,,,,,,,,,,,,,,,,594,,,On,Connected,-66.000000,5220,136,,,,IWLAN
2822,1,,,-121.9314830,47.5244923,2026-01-23 19:37:28.000,_20260123_105610_CH02_TMO_5GNR_WFC_MT-DUT-2_TC-155.dml,,,,,,,,,,NR SA,,,,,,,,,,,,,,,,,,,594,,,On,Connected,-66.000000,5220,136,,,,IWLAN
2823,1,,,-121.9314830,47.5244923,2026-01-23 19:37:29.000,_20260123_105610_CH02_TMO_5GNR_WFC_MT-DUT-2_TC-155.dml,,,,,,,,,,NR SA,,,,,,,,,,,,,,,,,,,594,,2.226144,On,Connected,-66.000000,5220,136,,,,IWLAN
2824,1,,,-121.9314830,47.5244923,2026-01-23 19:37:30.000,_20260123_105610_CH02_TMO_5GNR_WFC_MT-DUT-2_TC-155.dml,,,,,,,,,,NR SA,,,,,,,,,,,,,,,,,,,594,,2.226144,On,Connected,-66.000000,5220,136,,,,IWLAN
2825,1,,,-121.9314830,47.5244923,2026-01-23 19:37:31.000,_20260123_105610_CH02_TMO_5GNR_WFC_MT-DUT-2_TC-155.dml,,,,,,,,,,NR SA,,,,,,,,,,,,,,,,,,,594,,2.226144,On,Connected,-66.000000,5220,136,,,,IWLAN
2826,1,,,-121.9314830,47.5244923,2026-01-23 19:37:32.000,_20260123_105610_CH02_TMO_5GNR_WFC_MT-DUT-2_TC-155.dml,,,,,,,,,,NR SA,,,,,,,,,,,,,,,,,,,594,,2.226144,On,Connected,-66.000000,5220,136,,,,IWLAN
2827,1,,,-121.9314830,47.5244923,2026-01-23 19:37:33.000,_20260123_105610_CH02_TMO_5GNR_WFC_MT-DUT-2_TC-155.dml,,,,,,,,,,NR SA,,,,,,,,,,,,,,,,,,,594,,2.226144,On,Connected,-66.000000,5220,136,,,,IWLAN
2828,1,,,-121.9314830,47.5244923,2026-01-23 19:37:34.000,_20260123_105610_CH02_TMO_5GNR_WFC_MT-DUT-2_TC-155.dml,,,,,,,,,,NR SA,,,,,,,,,,,,,,,,,,,594,,2.226144,On,Connected,-66.000000,5220,136,,,,IWLAN
2829,1,,,-121.9314830,47.5244923,2026-01-23 19:37:35.000,_20260123_105610_CH02_TMO_5GNR_WFC_MT-DUT-2_TC-155.dml,,,,,,,,,,NR SA,,,,,,,,,,,,,,,,,,,594,,2.226144,,Connected,,,,,,,IWLAN
2830,1,,,-121.9314830,47.5244923,2026-01-23 19:37:36.000,_20260123_105610_CH02_TMO_5GNR_WFC_MT-DUT-2_TC-155.dml,,,,,,,,,,NR SA,,,,,,,,,,,,,,,,,,,594,,2.226144,On,Connected,-66.000000,5220,136,,,,IWLAN
2831,1,,,-121.9314830,47.5244923,2026-01-23 19:37:37.000,_20260123_105610_CH02_TMO_5GNR_WFC_MT-DUT-2_TC-155.dml,,,,,,,,,,NR SA,,,,,,,,,,,,,,,,,,,594,,2.226144,On,Connected,-66.000000,5220,136,,,,IWLAN
2832,1,,,-121.9314830,47.5244923,2026-01-23 19:37:38.000,_20260123_105610_CH02_TMO_5GNR_WFC_MT-DUT-2_TC-155.dml,,,,,,,,,,NR SA,,,,,,,,,,,,,,,,,,,594,,2.226144,On,Connected,-66.000000,5220,136,,,,IWLAN
2833,1,,,-121.9314830,47.5244923,2026-01-23 19:37:39.000,_20260123_105610_CH02_TMO_5GNR_WFC_MT-DUT-2_TC-155.dml,,,,,,,,,,NR SA,,,,,,,,,,,,,,,,,,,594,,,On,Connected,-66.000000,5220,136,,,,IWLAN
2834,1,,,-121.9314830,47.5244923,2026-01-23 19:37:40.082,_20260123_105610_CH02_TMO_5GNR_WFC_MT-DUT-2_TC-155.dml,,,,,,,,,,,,,,,,,,,,,,,,,,,,,,-79.511778,,,,,,,,,,
2835,1,,,-121.9314830,47.5244923,2026-01-23 19:37:40.000,_20260123_105610_CH02_TMO_5GNR_WFC_MT-DUT-2_TC-155.dml,,,,,,,,,,NR SA,,,,,,,,,,,,,,,,,,,594,,,On,Connected,-66.000000,5220,136,,,,IWLAN
2836,1,,,-121.9314830,47.5244923,2026-01-23 19:37:41.000,_20260123_105610_CH02_TMO_5GNR_WFC_MT-DUT-2_TC-155.dml,,,,,,,,,,NR SA,,,,,,,,,,,,,,,,,,,594,,,On,Connected,-66.000000,5220,136,,,,IWLAN
2837,1,,,-121.9314830,47.5244923,2026-01-23 19:37:42.000,_20260123_105610_CH02_TMO_5GNR_WFC_MT-DUT-2_TC-155.dml,,,,,,,,,,NR SA,,,,,,,,,,,,,,,,,,,594,,,On,Connected,-66.000000,5220,136,,,,IWLAN
2838,1,,,-121.9314830,47.5244923,2026-01-23 19:37:43.000,_20260123_105610_CH02_TMO_5GNR_WFC_MT-DUT-2_TC-155.dml,,,,,,,,,,NR SA,,,,,,,,,,,,,,,,,,,594,,,On,Connected,-66.000000,5220,136,,,,IWLAN
2839,1,,,-121.9314830,47.5244923,2026-01-23 19:37:44.000,_20260123_105610_CH02_TMO_5GNR_WFC_MT-DUT-2_TC-155.dml,,,,,,,,,,NR SA,,,,,,,,,,,,,,,,,,,594,,,On,Connected,-66.000000,5220,136,,,,IWLAN
2840,1,,,-121.9314830,47.5244923,2026-01-23 19:37:45.000,_20260123_105610_CH02_TMO_5GNR_WFC_MT-DUT-2_TC-155.dml,,,,,,,,,,NR SA,,,,,,,,,,,,,,,,,,,594,,,On,Connected,-66.000000,5220,136,,,,IWLAN
2841,1,,,-121.9314830,47.5244923,2026-01-23 19:37:46.000,_20260123_105610_CH02_TMO_5GNR_WFC_MT-DUT-2_TC-155.dml,,,,,,,,,,NR SA,,,,,,,,,,,,,,,,,,,594,,,On,Connected,-66.000000,5220,136,,,,IWLAN
2842,1,,,-121.9314830,47.5244923,2026-01-23 19:37:47.000,_20260123_105610_CH02_TMO_5GNR_WFC_MT-DUT-2_TC-155.dml,,,,,,,,,,NR SA,,,,,,,,,,,,,,,,,,,594,,,On,Connected,-66.000000,5220,136,,,,IWLAN
2843,1,,,-121.9314830,47.5244923,2026-01-23 19:37:48.000,_20260123_105610_CH02_TMO_5GNR_WFC_MT-DUT-2_TC-155.dml,,,,,,,,,,NR SA,,,,,,,,,,,,,,,,,,,594,,,On,Connected,-66.000000,5220,136,,,,IWLAN
2844,1,,,-121.9314830,47.5244923,2026-01-23 19:37:49.000,_20260123_105610_CH02_TMO_5GNR_WFC_MT-DUT-2_TC-155.dml,,,,,,,,,,NR SA,,,,,,,,,,,,,,,,,,,594,,2.410696,On,Connected,-66.000000,5220,136,,,,IWLAN
2845,1,,,-121.9314830,47.5244923,2026-01-23 19:37:50.000,_20260123_105610_CH02_TMO_5GNR_WFC_MT-DUT-2_TC-155.dml,,,,,,,,,,NR SA,,,,,,,,,,,,,,,,,,,594,,2.410696,On,Connected,-66.000000,5220,136,,,,IWLAN
2846,1,,,-121.9314830,47.5244923,2026-01-23 19:37:51.000,_20260123_105610_CH02_TMO_5GNR_WFC_MT-DUT-2_TC-155.dml,,,,,,,,,,NR SA,,,,,,,,,,,,,,,,,,,594,,2.410696,On,Connected,-66.000000,5220,136,,,,IWLAN
2847,1,,,-121.9314830,47.5244923,2026-01-23 19:37:52.000,_20260123_105610_CH02_TMO_5GNR_WFC_MT-DUT-2_TC-155.dml,,,,,,,,,,NR SA,,,,,,,,,,,,,,,,,,,594,,2.410696,On,Connected,-66.000000,5220,136,,,,IWLAN
2848,1,,,-121.9314830,47.5244923,2026-01-23 19:37:53.000,_20260123_105610_CH02_TMO_5GNR_WFC_MT-DUT-2_TC-155.dml,,,,,,,,,,NR SA,,,,,,,,,,,,,,,,,,,594,,2.410696,On,Connected,-66.000000,5220,136,,,,
2849,1,,,-121.9314830,47.5244923,2026-01-23 19:37:54.000,_20260123_105610_CH02_TMO_5GNR_WFC_MT-DUT-2_TC-155.dml,,,,,,,,,,NR SA,,,,,,,,,,,,,,,,,,,594,,2.410696,On,Connected,-66.000000,5220,136,,,,IWLAN
2850,1,,,-121.9314830,47.5244923,2026-01-23 19:37:55.000,_20260123_105610_CH02_TMO_5GNR_WFC_MT-DUT-2_TC-155.dml,,,,,,,,,,NR SA,,,,,,,,,,,,,,,,,,,594,,2.410696,On,Connected,-66.000000,5220,136,,,,IWLAN
2851,1,,,-121.9314830,47.5244923,2026-01-23 19:37:56.000,_20260123_105610_CH02_TMO_5GNR_WFC_MT-DUT-2_TC-155.dml,,,,,,,,,,NR SA,,,,,,,,,,,,,,,,,,,594,,2.410696,On,Connected,-66.000000,5220,136,,,,IWLAN
2852,1,,,-121.9314830,47.5244923,2026-01-23 19:37:57.000,_20260123_105610_CH02_TMO_5GNR_WFC_MT-DUT-2_TC-155.dml,,,,,,,,,,NR SA,,,,,,,,,,,,,,,,,,,594,,2.410696,On,Connected,-66.000000,5220,136,,,,IWLAN
2853,1,,,-121.9314830,47.5244923,2026-01-23 19:37:58.000,_20260123_105610_CH02_TMO_5GNR_WFC_MT-DUT-2_TC-155.dml,,,,,,,,,,NR SA,,,,,,,,,,,,,,,,,,,594,,2.410696,On,Connected,-66.000000,5220,136,,,,IWLAN
2854,1,,,-121.9314830,47.5244923,2026-01-23 19:37:59.000,_20260123_105610_CH02_TMO_5GNR_WFC_MT-DUT-2_TC-155.dml,,,,,,,,,,NR SA,,,,,,,,,,,,,,,,,,,594,,2.410696,On,Connected,-66.000000,5220,136,,,,IWLAN
2855,1,,,-121.9314830,47.5244923,2026-01-23 19:38:00.000,_20260123_105610_CH02_TMO_5GNR_WFC_MT-DUT-2_TC-155.dml,,,,,,,,,,NR SA,,,,,,,,,,,,,,,,,,,594,,,On,Connected,-66.000000,5220,136,,,,IWLAN
2856,1,,,-121.9314830,47.5244923,2026-01-23 19:38:00.083,_20260123_105610_CH02_TMO_5GNR_WFC_MT-DUT-2_TC-155.dml,,,,,,,,,,,,,,,,,,,,,,,,,,,,,,-80.012500,,,,,,,,,,
2857,1,,,-121.9314830,47.5244923,2026-01-23 19:38:01.000,_20260123_105610_CH02_TMO_5GNR_WFC_MT-DUT-2_TC-155.dml,,,,,,,,,,NR SA,,,,,,,,,,,,,,,,,,,594,,,On,Connected,-66.000000,5220,136,,,,IWLAN
2858,1,,,-121.9314830,47.5244923,2026-01-23 19:38:02.000,_20260123_105610_CH02_TMO_5GNR_WFC_MT-DUT-2_TC-155.dml,,,,,,,,,,NR SA,,,,,,,,,,,,,,,,,,,594,,,On,Connected,-66.000000,5220,136,,,,IWLAN
2859,1,,,-121.9314830,47.5244923,2026-01-23 19:38:03.000,_20260123_105610_CH02_TMO_5GNR_WFC_MT-DUT-2_TC-155.dml,,,,,,,,,,NR SA,,,,,,,,,,,,,,,,,,,594,,,On,Connected,-66.000000,5220,136,,,,IWLAN
2860,1,,,-121.9314830,47.5244923,2026-01-23 19:38:04.000,_20260123_105610_CH02_TMO_5GNR_WFC_MT-DUT-2_TC-155.dml,,,,,,,,,,NR SA,,,,,,,,,,,,,,,,,,,594,,,On,Connected,-66.000000,5220,136,,,,IWLAN
2861,1,,,-121.9314830,47.5244923,2026-01-23 19:38:05.000,_20260123_105610_CH02_TMO_5GNR_WFC_MT-DUT-2_TC-155.dml,,,,,,,,,,NR SA,,,,,,,,,,,,,,,,,,,594,,,On,Connected,-66.000000,5220,136,,,,IWLAN
2862,1,,,-121.9314830,47.5244923,2026-01-23 19:38:06.000,_20260123_105610_CH02_TMO_5GNR_WFC_MT-DUT-2_TC-155.dml,,,,,,,,,,NR SA,,,,,,,,,,,,,,,,,,,594,,,On,Connected,-66.000000,5220,136,,,,IWLAN
2863,1,,,-121.9314830,47.5244923,2026-01-23 19:38:07.000,_20260123_105610_CH02_TMO_5GNR_WFC_MT-DUT-2_TC-155.dml,,,,,,,,,,NR SA,,,,,,,,,,,,,,,,,,,594,,,On,Connected,-66.000000,5220,136,,,,IWLAN
2864,1,,,-121.9314830,47.5244923,2026-01-23 19:38:08.000,_20260123_105610_CH02_TMO_5GNR_WFC_MT-DUT-2_TC-155.dml,,,,,,,,,,NR SA,,,,,,,,,,,,,,,,,,,,,,On,Connected,-66.000000,5220,136,,,,IWLAN
2865,1,,,-121.9314830,47.5244923,2026-01-23 19:38:09.000,_20260123_105610_CH02_TMO_5GNR_WFC_MT-DUT-2_TC-155.dml,,,,,,,,,,NR SA,,,,,,,,,,,,,,,,,,,594,,,On,Connected,-66.000000,5220,136,,,,IWLAN
2866,1,,,-121.9314830,47.5244923,2026-01-23 19:38:09.535,_20260123_105610_CH02_TMO_5GNR_WFC_MT-DUT-2_TC-155.dml,,,,,,,,,,,,,,,,,,,,,,,[Tool] Voice - Pair Channel Call Drop,,,,,,,,,,,,,,,,,
2867,1,,,-121.9314830,47.5244923,2026-01-23 19:38:09.535,_20260123_105610_CH02_TMO_5GNR_WFC_MT-DUT-2_TC-155.dml,,,,,,,,,,,,,,,,,,,,,,,[Tool] Voice - Release Call Request,,,,,,,,,,,,,,,,,
2868,1,,,-121.9314830,47.5244923,2026-01-23 19:38:10.035,_20260123_105610_CH02_TMO_5GNR_WFC_MT-DUT-2_TC-155.dml,,,,,,,,,,,,,,,,,,,,,,Complete,[Tool] Voice - Call Result : Complete,,,,,,,,,,,,,,,,,
2869,1,,,-121.9314830,47.5244923,2026-01-23 19:38:10.035,_20260123_105610_CH02_TMO_5GNR_WFC_MT-DUT-2_TC-155.dml,,,,,,,,,,,,,,,,,,,,,,,[UE]   Voice - Release Call Success,,,,,,,,,,,,,,,,,
2870,1,,,-121.9314830,47.5244923,2026-01-23 19:38:10.000,_20260123_105610_CH02_TMO_5GNR_WFC_MT-DUT-2_TC-155.dml,,,,,,,,,,,,,,,,,,,,,,,,1,,,,,,,,On,Connected,-66.000000,5220,136,,,,IWLAN
2871,1,,,-121.9314830,47.5244923,2026-01-23 19:38:10.974,_20260123_105610_CH02_TMO_5GNR_WFC_MT-DUT-2_TC-155.dml,,,,,,,,,,,,,,,,,,,,,,,[UE]   Voice - Release Call Success,,,,,,,,,,,,,,,,,
2872,1,,,-121.9314830,47.5244923,2026-01-23 19:38:11.000,_20260123_105610_CH02_TMO_5GNR_WFC_MT-DUT-2_TC-155.dml,,,,,,,,,,,,,,,,,,,,,,,,,,,,,594,,,On,Connected,-66.000000,5220,136,,,,IWLAN
2873,1,,,-121.9314830,47.5244923,2026-01-23 19:38:12.000,_20260123_105610_CH02_TMO_5GNR_WFC_MT-DUT-2_TC-155.dml,,,,,,,,,,,,,,,,,,,,,,,,,,,,,,,,On,Connected,-66.000000,5220,136,,,,IWLAN
2874,1,,,-121.9314830,47.5244923,2026-01-23 19:38:13.000,_20260123_105610_CH02_TMO_5GNR_WFC_MT-DUT-2_TC-155.dml,,,,,,,,,,,,,,,,,,,,,,,,,,,,,594,,,On,Connected,-66.000000,5220,136,,,,IWLAN
2875,1,,,-121.9314830,47.5244923,2026-01-23 19:38:14.000,_20260123_105610_CH02_TMO_5GNR_WFC_MT-DUT-2_TC-155.dml,,,,,,,,,,,,,,,,,,,,,,,,,,,,,,,,On,Connected,-66.000000,5220,136,,,,IWLAN
2876,1,,,-121.9314830,47.5244923,2026-01-23 19:38:15.000,_20260123_105610_CH02_TMO_5GNR_WFC_MT-DUT-2_TC-155.dml,,,,,,,,,,,,,,,,,,,,,,,,,,,,,594,,,On,Connected,-66.000000,5220,136,,,,IWLAN
2877,1,,,-121.9314830,47.5244923,2026-01-23 19:38:16.000,_20260123_105610_CH02_TMO_5GNR_WFC_MT-DUT-2_TC-155.dml,,,,,,,,,,,,,,,,,,,,,,,,,,,,,,,,On,Connected,-66.000000,5220,136,,,,IWLAN
2878,1,,,-121.9314830,47.5244923,2026-01-23 19:38:17.000,_20260123_105610_CH02_TMO_5GNR_WFC_MT-DUT-2_TC-155.dml,,,,,,,,,,,,,,,,,,,,,,,,,,,,,594,,,On,Connected,-67.000000,5220,136,,,,IWLAN
2879,1,,,-121.9314830,47.5244923,2026-01-23 19:38:18.000,_20260123_105610_CH02_TMO_5GNR_WFC_MT-DUT-2_TC-155.dml,,,,,,,,,,,,,,,,,,,,,,,,,,,,,,,,On,Connected,-67.000000,5220,136,,,,IWLAN
2880,1,,,-121.9314830,47.5244923,2026-01-23 19:38:19.000,_20260123_105610_CH02_TMO_5GNR_WFC_MT-DUT-2_TC-155.dml,,,,,,,,,,,,,,,,,,,,,,,,,,,,,594,,,On,Connected,-67.000000,5220,136,,,,IWLAN
2881,1,,,-121.9314830,47.5244923,2026-01-23 19:38:20.000,_20260123_105610_CH02_TMO_5GNR_WFC_MT-DUT-2_TC-155.dml,,,,,,,,,,,,,,,,,,,,,,,,,,,,,,,,On,Connected,-66.000000,5220,136,,,,IWLAN
2882,1,,,-121.9314830,47.5244923,2026-01-23 19:38:21.000,_20260123_105610_CH02_TMO_5GNR_WFC_MT-DUT-2_TC-155.dml,,,,,,,,,,,,,,,,,,,,,,,,,,,,,594,,,On,Connected,-66.000000,5220,136,,,,IWLAN
2883,1,,,-121.9314830,47.5244923,2026-01-23 19:38:22.000,_20260123_105610_CH02_TMO_5GNR_WFC_MT-DUT-2_TC-155.dml,,,,,,,,,,,,,,,,,,,,,,,,,,,,,594,,,On,Connected,-66.000000,5220,136,,,,IWLAN
2884,1,,,-121.9314830,47.5244923,2026-01-23 19:38:23.000,_20260123_105610_CH02_TMO_5GNR_WFC_MT-DUT-2_TC-155.dml,,,,,,,,,,,,,,,,,,,,,,,,,,,,,,,,On,Connected,-66.000000,5220,136,,,,IWLAN
2885,1,,,-121.9314830,47.5244923,2026-01-23 19:38:24.000,_20260123_105610_CH02_TMO_5GNR_WFC_MT-DUT-2_TC-155.dml,,,,,,,,,,,,,,,,,,,,,,,,,,,,,594,,,On,Connected,-66.000000,5220,136,,,,IWLAN
2886,1,,,-121.9314830,47.5244923,2026-01-23 19:38:25.000,_20260123_105610_CH02_TMO_5GNR_WFC_MT-DUT-2_TC-155.dml,,,,,,,,,,,,,,,,,,,,,,,,,,,,,,,,On,Connected,-66.000000,5220,136,,,,IWLAN
2887,1,,,-121.9314830,47.5244923,2026-01-23 19:38:26.000,_20260123_105610_CH02_TMO_5GNR_WFC_MT-DUT-2_TC-155.dml,,,,,,,,,,,,,,,,,,,,,,,,,,,,,594,,,On,Connected,-66.000000,5220,136,,,,IWLAN
2888,1,,,-121.9314830,47.5244923,2026-01-23 19:38:27.000,_20260123_105610_CH02_TMO_5GNR_WFC_MT-DUT-2_TC-155.dml,,,,,,,,,,,,,,,,,,,,,,,,,,,,,,,,On,Connected,-66.000000,5220,136,,,,IWLAN
2889,1,,,-121.9314830,47.5244923,2026-01-23 19:38:28.000,_20260123_105610_CH02_TMO_5GNR_WFC_MT-DUT-2_TC-155.dml,,,,,,,,,,,,,,,,,,,,,,,,,,,,,594,,,On,Connected,-66.000000,5220,136,,,,IWLAN
2890,1,,,-121.9314830,47.5244923,2026-01-23 19:38:29.000,_20260123_105610_CH02_TMO_5GNR_WFC_MT-DUT-2_TC-155.dml,,,,,,,,,,,,,,,,,,,,,,,,,,,,,,,,On,Connected,-66.000000,5220,136,,,,IWLAN
2891,1,,,-121.9314830,47.5244923,2026-01-23 19:38:30.000,_20260123_105610_CH02_TMO_5GNR_WFC_MT-DUT-2_TC-155.dml,,,,,,,,,,,,,,,,,,,,,,,,,,,,,594,,,On,Connected,-66.000000,5220,136,,,,IWLAN
2892,1,,,-121.9314830,47.5244923,2026-01-23 19:38:31.000,_20260123_105610_CH02_TMO_5GNR_WFC_MT-DUT-2_TC-155.dml,,,,,,,,,,,,,,,,,,,,,,,,,,,,,,,,On,Connected,-66.000000,5220,136,,,,IWLAN
2893,1,,,-121.9314830,47.5244923,2026-01-23 19:38:32.000,_20260123_105610_CH02_TMO_5GNR_WFC_MT-DUT-2_TC-155.dml,,,,,,,,,,,,,,,,,,,,,,,,,,,,,594,,,On,Connected,-67.000000,5220,136,,,,IWLAN
2894,1,,,-121.9314830,47.5244923,2026-01-23 19:38:33.000,_20260123_105610_CH02_TMO_5GNR_WFC_MT-DUT-2_TC-155.dml,,,,,,,,,,,,,,,,,,,,,,,,,,,,,,,,On,Connected,-67.000000,5220,136,,,,IWLAN
2895,1,,,-121.9314830,47.5244923,2026-01-23 19:38:34.000,_20260123_105610_CH02_TMO_5GNR_WFC_MT-DUT-2_TC-155.dml,,,,,,,,,,,,,,,,,,,,,,,,,,,,,594,,,On,Connected,-67.000000,5220,136,,,,IWLAN
2896,1,,,-121.9314830,47.5244923,2026-01-23 19:38:35.000,_20260123_105610_CH02_TMO_5GNR_WFC_MT-DUT-2_TC-155.dml,,,,,,,,,,,,,,,,,,,,,,,,,,,,,,,,On,Connected,-67.000000,5220,136,,,,IWLAN
2897,1,,,-121.9314830,47.5244923,2026-01-23 19:38:36.000,_20260123_105610_CH02_TMO_5GNR_WFC_MT-DUT-2_TC-155.dml,,,,,,,,,,,,,,,,,,,,,,,,,,,,,594,,,On,Connected,-67.000000,5220,136,,,,IWLAN
2898,1,,,-121.9314830,47.5244923,2026-01-23 19:38:37.000,_20260123_105610_CH02_TMO_5GNR_WFC_MT-DUT-2_TC-155.dml,,,,,,,,,,,,,,,,,,,,,,,,,,,,,,,,On,Connected,-67.000000,5220,136,,,,IWLAN
2899,1,,,-121.9314830,47.5244923,2026-01-23 19:38:37.989,_20260123_105610_CH02_TMO_5GNR_WFC_MT-DUT-2_TC-155.dml,,,,,,,,,,,,,,,,,,,,,,,[Tool] Voice - Release Call Request,,,,,,,,,,,,,,,,,
2900,1,,,-121.9314830,47.5244923,2026-01-23 19:38:38.130,_20260123_105610_CH02_TMO_5GNR_WFC_MT-DUT-2_TC-155.dml,,,,,,,,,,,,,,,,,,,,,,,[Tool] Voice - Answer Request,,,,,,,,,,,,,,,,,
2901,1,,,-121.9314830,47.5244923,2026-01-23 19:38:38.000,_20260123_105610_CH02_TMO_5GNR_WFC_MT-DUT-2_TC-155.dml,,,,,,,,,,,,,,,,,,,,,,,,,,,,,594,,,On,Connected,-67.000000,5220,136,,,,IWLAN
2902,1,,,-121.9314830,47.5244923,2026-01-23 19:38:39.000,_20260123_105610_CH02_TMO_5GNR_WFC_MT-DUT-2_TC-155.dml,,,,,,,,,,,,,,,,,,,,,,,,,,,,,,,,On,Connected,-67.000000,5220,136,,,,IWLAN
2903,1,,,-121.9314830,47.5244923,2026-01-23 19:38:40.000,_20260123_105610_CH02_TMO_5GNR_WFC_MT-DUT-2_TC-155.dml,,,,,,,,,,,,,,,,,,,,,,,,,,,,,594,,,On,Connected,-67.000000,5220,136,,,,IWLAN
2904,1,,,-121.9314830,47.5244923,2026-01-23 19:38:40.520,_20260123_105610_CH02_TMO_5GNR_WFC_MT-DUT-2_TC-155.dml,,,,,,,,,,,,,,,,,,,,,,,[Tool] Voice - Call Scheduling End,,,,,,,,,,,,,,,,,
2905,1,,,-121.9314830,47.5244923,2026-01-23 19:38:40.520,_20260123_105610_CH02_TMO_5GNR_WFC_MT-DUT-2_TC-155.dml,NR SA,Voice,Complete,NR SA,NR SA,,,,,,,,,,,,Complete,Termination,Complete,,,,,,,,,90.312000,,,,,,,,,,EPSFB,,
2906,1,,,-121.9314830,47.5244923,2026-01-23 19:38:40.520,_20260123_105610_CH02_TMO_5GNR_WFC_MT-DUT-2_TC-155.dml,,,,,,,,,,,,,,,,,,,,,,,[Tool] Voice - Release Call Request,,,,,,,,,,,,,,,,,
2907,1,,,-121.9314830,47.5244923,2026-01-23 19:38:41.020,_20260123_105610_CH02_TMO_5GNR_WFC_MT-DUT-2_TC-155.dml,,,,,,,,,,,,,,,,,,,,,,,[Tool] Voice - Call Scheduling Start(Term),,,,,,,,,,,,,,,,,
2908,1,,,-121.9314830,47.5244923,2026-01-23 19:38:41.020,_20260123_105610_CH02_TMO_5GNR_WFC_MT-DUT-2_TC-155.dml,,,,,,,,,,,,,,,,,,,,,,,[Tool] Voice - Wait Page,,,,,,,,,,,,,,,,,
2909,1,,,-121.9314830,47.5244923,2026-01-23 19:38:41.000,_20260123_105610_CH02_TMO_5GNR_WFC_MT-DUT-2_TC-155.dml,,,,,,,,,,,,,,,,,,,,,,,,,,,,,,,,On,Connected,-67.000000,5220,136,,,,IWLAN
2910,1,,,-121.9314830,47.5244923,2026-01-23 19:38:42.000,_20260123_105610_CH02_TMO_5GNR_WFC_MT-DUT-2_TC-155.dml,,,,,,,,,,,,,,,,,,,,,,,,,,,,,594,,,On,Connected,-67.000000,5220,136,,,,IWLAN
2911,1,,,-121.9314830,47.5244923,2026-01-23 19:38:43.000,_20260123_105610_CH02_TMO_5GNR_WFC_MT-DUT-2_TC-155.dml,,,,,,,,,,,,,,,,,,,,,,,,,,,,,,,,On,Connected,-67.000000,5220,136,,,,IWLAN
2912,1,,,-121.9314830,47.5244923,2026-01-23 19:38:44.000,_20260123_105610_CH02_TMO_5GNR_WFC_MT-DUT-2_TC-155.dml,,,,,,,,,,,,,,,,,,,,,,,,,,,,,594,,,On,Connected,-67.000000,5220,136,,,,IWLAN
2913,1,,,-121.9314830,47.5244923,2026-01-23 19:38:45.000,_20260123_105610_CH02_TMO_5GNR_WFC_MT-DUT-2_TC-155.dml,,,,,,,,,,,,,,,,,,,,,,,,,,,,,,,,On,Connected,-67.000000,5220,136,,,,IWLAN
2914,1,,,-121.9314830,47.5244923,2026-01-23 19:38:45.660,_20260123_105610_CH02_TMO_5GNR_WFC_MT-DUT-2_TC-155.dml,,,,,,,,,,,,,,,,,,,,,,,[Tool] Voice - Answer Request,,,,,,,,,,,,,,,,,
2915,1,,,-121.9314830,47.5244923,2026-01-23 19:38:46.000,_20260123_105610_CH02_TMO_5GNR_WFC_MT-DUT-2_TC-155.dml,,,,,,,,,,,,,,,,,,,,,,,,,,,,,594,,,On,Connected,-67.000000,5220,136,,,,IWLAN
2916,1,,,-121.9314830,47.5244923,2026-01-23 19:38:46.505,_20260123_105610_CH02_TMO_5GNR_WFC_MT-DUT-2_TC-155.dml,,,,,,,,,,,,,,,,,,,,,,,[UE]   Voice - Setup Success,,,,,,,,,,,,,,,,,
2917,1,,,-121.9314830,47.5244923,2026-01-23 19:38:47.000,_20260123_105610_CH02_TMO_5GNR_WFC_MT-DUT-2_TC-155.dml,,,,,,,,,,NR SA,,,,,,,,,,,,,,,,,,,594,,,On,Connected,-67.000000,5220,136,,,,IWLAN
2918,1,,,-121.9314830,47.5244923,2026-01-23 19:38:48.000,_20260123_105610_CH02_TMO_5GNR_WFC_MT-DUT-2_TC-155.dml,,,,,,,,,,NR SA,,,,,,,,,,,,,,,,,,,594,,,On,Connected,-67.000000,5220,136,,,,IWLAN
2919,1,,,-121.9314830,47.5244923,2026-01-23 19:38:49.000,_20260123_105610_CH02_TMO_5GNR_WFC_MT-DUT-2_TC-155.dml,,,,,,,,,,NR SA,,,,,,,,,,,,,,,,,,,594,,,On,Connected,-67.000000,5220,136,,,,IWLAN
2920,1,,,-121.9314830,47.5244923,2026-01-23 19:38:50.000,_20260123_105610_CH02_TMO_5GNR_WFC_MT-DUT-2_TC-155.dml,,,,,,,,,,NR SA,,,,,,,,,,,,,,,,,,,,,,On,Connected,-67.000000,5220,136,,,,IWLAN
2921,1,,,-121.9314830,47.5244923,2026-01-23 19:38:51.000,_20260123_105610_CH02_TMO_5GNR_WFC_MT-DUT-2_TC-155.dml,,,,,,,,,,NR SA,,,,,,,,,,,,,,,,,,,594,,,On,Connected,-67.000000,5220,136,,,,IWLAN
2922,1,,,-121.9314830,47.5244923,2026-01-23 19:38:52.000,_20260123_105610_CH02_TMO_5GNR_WFC_MT-DUT-2_TC-155.dml,,,,,,,,,,NR SA,,,,,,,,,,,,,,,,,,,,,,,Connected,,,,,,,IWLAN
2923,1,,,-121.9314830,47.5244923,2026-01-23 19:38:53.000,_20260123_105610_CH02_TMO_5GNR_WFC_MT-DUT-2_TC-155.dml,,,,,,,,,,NR SA,,,,,,,,,,,,,,,,,,,594,,,On,Connected,-67.000000,5220,136,,,,IWLAN
2924,1,,,-121.9314830,47.5244923,2026-01-23 19:38:54.000,_20260123_105610_CH02_TMO_5GNR_WFC_MT-DUT-2_TC-155.dml,,,,,,,,,,NR SA,,,,,,,,,,,,,,,,,,,,,,On,Connected,-67.000000,5220,136,,,,IWLAN
2925,1,,,-121.9314830,47.5244923,2026-01-23 19:38:55.000,_20260123_105610_CH02_TMO_5GNR_WFC_MT-DUT-2_TC-155.dml,,,,,,,,,,NR SA,,,,,,,,,,,,,,,,,,,594,,,On,Connected,-67.000000,5220,136,,,,IWLAN
2926,1,,,-121.9314830,47.5244923,2026-01-23 19:38:56.000,_20260123_105610_CH02_TMO_5GNR_WFC_MT-DUT-2_TC-155.dml,,,,,,,,,,NR SA,,,,,,,,,,,,,,,,,,,,,,On,Connected,-67.000000,5220,136,,,,IWLAN
2927,1,,,-121.9314830,47.5244923,2026-01-23 19:38:57.000,_20260123_105610_CH02_TMO_5GNR_WFC_MT-DUT-2_TC-155.dml,,,,,,,,,,NR SA,,,,,,,,,,,,,,,,,,,594,,1.759874,On,Connected,-67.000000,5220,136,,,,IWLAN
2928,1,,,-121.9314830,47.5244923,2026-01-23 19:38:58.000,_20260123_105610_CH02_TMO_5GNR_WFC_MT-DUT-2_TC-155.dml,,,,,,,,,,NR SA,,,,,,,,,,,,,,,,,,,,,1.759874,On,Connected,-67.000000,5220,136,,,,IWLAN
2929,1,,,-121.9314830,47.5244923,2026-01-23 19:38:59.000,_20260123_105610_CH02_TMO_5GNR_WFC_MT-DUT-2_TC-155.dml,,,,,,,,,,NR SA,,,,,,,,,,,,,,,,,,,594,,1.759874,On,Connected,-67.000000,5220,136,,,,IWLAN
2930,1,,,-121.9314830,47.5244923,2026-01-23 19:39:00.000,_20260123_105610_CH02_TMO_5GNR_WFC_MT-DUT-2_TC-155.dml,,,,,,,,,,NR SA,,,,,,,,,,,,,,,,,,,,,1.759874,On,Connected,-67.000000,5220,136,,,,IWLAN
2931,1,,,-121.9314830,47.5244923,2026-01-23 19:39:01.000,_20260123_105610_CH02_TMO_5GNR_WFC_MT-DUT-2_TC-155.dml,,,,,,,,,,NR SA,,,,,,,,,,,,,,,,,,,594,,1.759874,,Connected,,,,,,,IWLAN
2932,1,,,-121.9314830,47.5244923,2026-01-23 19:39:02.000,_20260123_105610_CH02_TMO_5GNR_WFC_MT-DUT-2_TC-155.dml,,,,,,,,,,NR SA,,,,,,,,,,,,,,,,,,,,,1.759874,On,Connected,-67.000000,5220,136,,,,IWLAN
2933,1,,,-121.9314830,47.5244923,2026-01-23 19:39:03.000,_20260123_105610_CH02_TMO_5GNR_WFC_MT-DUT-2_TC-155.dml,,,,,,,,,,NR SA,,,,,,,,,,,,,,,,,,,594,,1.759874,On,Connected,-67.000000,5220,136,,,,IWLAN
2934,1,,,-121.9314830,47.5244923,2026-01-23 19:39:04.000,_20260123_105610_CH02_TMO_5GNR_WFC_MT-DUT-2_TC-155.dml,,,,,,,,,,NR SA,,,,,,,,,,,,,,,,,,,,,1.759874,On,Connected,-67.000000,5220,136,,,,IWLAN
2935,1,,,-121.9314830,47.5244923,2026-01-23 19:39:05.000,_20260123_105610_CH02_TMO_5GNR_WFC_MT-DUT-2_TC-155.dml,,,,,,,,,,NR SA,,,,,,,,,,,,,,,,,,,594,,1.759874,On,Connected,-67.000000,5220,136,,,,IWLAN
2936,1,,,-121.9314830,47.5244923,2026-01-23 19:39:06.000,_20260123_105610_CH02_TMO_5GNR_WFC_MT-DUT-2_TC-155.dml,,,,,,,,,,NR SA,,,,,,,,,,,,,,,,,,,,,1.759874,,Connected,,,,,,,IWLAN
2937,1,,,-121.9314830,47.5244923,2026-01-23 19:39:07.000,_20260123_105610_CH02_TMO_5GNR_WFC_MT-DUT-2_TC-155.dml,,,,,,,,,,NR SA,,,,,,,,,,,,,,,,,,,594,,,On,Connected,-67.000000,5220,136,,,,IWLAN
2938,1,,,-121.9314830,47.5244923,2026-01-23 19:39:07.442,_20260123_105610_CH02_TMO_5GNR_WFC_MT-DUT-2_TC-155.dml,,,,,,,,,,,,,,,,,,,,,,,,,,,,,,-75.186667,,,,,,,,,,
2939,1,,,-121.9314830,47.5244923,2026-01-23 19:39:08.000,_20260123_105610_CH02_TMO_5GNR_WFC_MT-DUT-2_TC-155.dml,,,,,,,,,,NR SA,,,,,,,,,,,,,,,,,,,594,,,,Connected,,,,,,,IWLAN
2940,1,,,-121.9314830,47.5244923,2026-01-23 19:39:09.000,_20260123_105610_CH02_TMO_5GNR_WFC_MT-DUT-2_TC-155.dml,,,,,,,,,,NR SA,,,,,,,,,,,,,,,,,,,594,,,On,Connected,-67.000000,5220,136,,,,IWLAN
2941,1,,,-121.9314830,47.5244923,2026-01-23 19:39:10.000,_20260123_105610_CH02_TMO_5GNR_WFC_MT-DUT-2_TC-155.dml,,,,,,,,,,NR SA,,,,,,,,,,,,,,,,,,,594,,,On,Connected,-67.000000,5220,136,,,,IWLAN
2942,1,,,-121.9314830,47.5244923,2026-01-23 19:39:11.000,_20260123_105610_CH02_TMO_5GNR_WFC_MT-DUT-2_TC-155.dml,,,,,,,,,,NR SA,,,,,,,,,,,,,,,,,,,,,,On,Connected,-67.000000,5220,136,,,,IWLAN
2943,1,,,-121.9314830,47.5244923,2026-01-23 19:39:12.000,_20260123_105610_CH02_TMO_5GNR_WFC_MT-DUT-2_TC-155.dml,,,,,,,,,,NR SA,,,,,,,,,,,,,,,,,,,594,,,On,Connected,-67.000000,5220,136,,,,IWLAN
2944,1,,,-121.9314830,47.5244923,2026-01-23 19:39:13.000,_20260123_105610_CH02_TMO_5GNR_WFC_MT-DUT-2_TC-155.dml,,,,,,,,,,NR SA,,,,,,,,,,,,,,,,,,,,,,,Connected,,,,,,,IWLAN
2945,1,,,-121.9314830,47.5244923,2026-01-23 19:39:14.000,_20260123_105610_CH02_TMO_5GNR_WFC_MT-DUT-2_TC-155.dml,,,,,,,,,,NR SA,,,,,,,,,,,,,,,,,,,594,,,On,Connected,-67.000000,5220,136,,,,IWLAN
2946,1,,,-121.9314830,47.5244923,2026-01-23 19:39:15.000,_20260123_105610_CH02_TMO_5GNR_WFC_MT-DUT-2_TC-155.dml,,,,,,,,,,NR SA,,,,,,,,,,,,,,,,,,,,,,,Connected,,,,,,,IWLAN
2947,1,,,-121.9314830,47.5244923,2026-01-23 19:39:16.000,_20260123_105610_CH02_TMO_5GNR_WFC_MT-DUT-2_TC-155.dml,,,,,,,,,,NR SA,,,,,,,,,,,,,,,,,,,594,,,On,Connected,-67.000000,5220,136,,,,IWLAN
2948,1,,,-121.9314830,47.5244923,2026-01-23 19:39:17.000,_20260123_105610_CH02_TMO_5GNR_WFC_MT-DUT-2_TC-155.dml,,,,,,,,,,NR SA,,,,,,,,,,,,,,,,,,,,,2.277090,,Connected,,,,,,,IWLAN
2949,1,,,-121.9314830,47.5244923,2026-01-23 19:39:18.000,_20260123_105610_CH02_TMO_5GNR_WFC_MT-DUT-2_TC-155.dml,,,,,,,,,,NR SA,,,,,,,,,,,,,,,,,,,594,,2.277090,On,Connected,-67.000000,5220,136,,,,IWLAN
2950,1,,,-121.9314830,47.5244923,2026-01-23 19:39:19.000,_20260123_105610_CH02_TMO_5GNR_WFC_MT-DUT-2_TC-155.dml,,,,,,,,,,NR SA,,,,,,,,,,,,,,,,,,,,,2.277090,On,Connected,-67.000000,5220,136,,,,IWLAN
2951,1,,,-121.9314830,47.5244923,2026-01-23 19:39:20.000,_20260123_105610_CH02_TMO_5GNR_WFC_MT-DUT-2_TC-155.dml,,,,,,,,,,NR SA,,,,,,,,,,,,,,,,,,,594,,2.277090,On,Connected,-67.000000,5220,136,,,,IWLAN
2952,1,,,-121.9314830,47.5244923,2026-01-23 19:39:21.000,_20260123_105610_CH02_TMO_5GNR_WFC_MT-DUT-2_TC-155.dml,,,,,,,,,,NR SA,,,,,,,,,,,,,,,,,,,,,2.277090,On,Connected,-67.000000,5220,136,,,,IWLAN
2953,1,,,-121.9314830,47.5244923,2026-01-23 19:39:22.000,_20260123_105610_CH02_TMO_5GNR_WFC_MT-DUT-2_TC-155.dml,,,,,,,,,,NR SA,,,,,,,,,,,,,,,,,,,594,,2.277090,,Connected,,,,,,,IWLAN
2954,1,,,-121.9314830,47.5244923,2026-01-23 19:39:23.000,_20260123_105610_CH02_TMO_5GNR_WFC_MT-DUT-2_TC-155.dml,,,,,,,,,,NR SA,,,,,,,,,,,,,,,,,,,,,2.277090,On,Connected,-67.000000,5220,136,,,,IWLAN
2955,1,,,-121.9314830,47.5244923,2026-01-23 19:39:24.000,_20260123_105610_CH02_TMO_5GNR_WFC_MT-DUT-2_TC-155.dml,,,,,,,,,,NR SA,,,,,,,,,,,,,,,,,,,594,,2.277090,,Connected,,,,,,,IWLAN
2956,1,,,-121.9314830,47.5244923,2026-01-23 19:39:25.000,_20260123_105610_CH02_TMO_5GNR_WFC_MT-DUT-2_TC-155.dml,,,,,,,,,,NR SA,,,,,,,,,,,,,,,,,,,,,2.277090,On,Connected,-67.000000,5220,136,,,,IWLAN
2957,1,,,-121.9314830,47.5244923,2026-01-23 19:39:26.000,_20260123_105610_CH02_TMO_5GNR_WFC_MT-DUT-2_TC-155.dml,,,,,,,,,,NR SA,,,,,,,,,,,,,,,,,,,594,,2.277090,On,Connected,-67.000000,5220,136,,,,IWLAN
2958,1,,,-121.9314830,47.5244923,2026-01-23 19:39:27.426,_20260123_105610_CH02_TMO_5GNR_WFC_MT-DUT-2_TC-155.dml,,,,,,,,,,,,,,,,,,,,,,,,,,,,,,-76.976471,,,,,,,,,,
2959,1,,,-121.9314830,47.5244923,2026-01-23 19:39:27.000,_20260123_105610_CH02_TMO_5GNR_WFC_MT-DUT-2_TC-155.dml,,,,,,,,,,NR SA,,,,,,,,,,,,,,,,,,,594,,,On,Connected,-67.000000,5220,136,,,,IWLAN
2960,1,,,-121.9314830,47.5244923,2026-01-23 19:39:28.000,_20260123_105610_CH02_TMO_5GNR_WFC_MT-DUT-2_TC-155.dml,,,,,,,,,,NR SA,,,,,,,,,,,,,,,,,,,594,,,On,Connected,-67.000000,5220,136,,,,IWLAN
2961,1,,,-121.9314830,47.5244923,2026-01-23 19:39:29.000,_20260123_105610_CH02_TMO_5GNR_WFC_MT-DUT-2_TC-155.dml,,,,,,,,,,NR SA,,,,,,,,,,,,,,,,,,,,,,,Connected,,,,,,,IWLAN
2962,1,,,-121.9314830,47.5244923,2026-01-23 19:39:30.000,_20260123_105610_CH02_TMO_5GNR_WFC_MT-DUT-2_TC-155.dml,,,,,,,,,,NR SA,,,,,,,,,,,,,,,,,,,594,,,On,Connected,-67.000000,5220,136,,,,IWLAN
2963,1,,,-121.9314830,47.5244923,2026-01-23 19:39:31.000,_20260123_105610_CH02_TMO_5GNR_WFC_MT-DUT-2_TC-155.dml,,,,,,,,,,NR SA,,,,,,,,,,,,,,,,,,,,,,,Connected,,,,,,,IWLAN
2964,1,,,-121.9314830,47.5244923,2026-01-23 19:39:32.000,_20260123_105610_CH02_TMO_5GNR_WFC_MT-DUT-2_TC-155.dml,,,,,,,,,,NR SA,,,,,,,,,,,,,,,,,,,594,,,On,Connected,-67.000000,5220,136,,,,IWLAN
2965,1,,,-121.9314830,47.5244923,2026-01-23 19:39:33.000,_20260123_105610_CH02_TMO_5GNR_WFC_MT-DUT-2_TC-155.dml,,,,,,,,,,NR SA,,,,,,,,,,,,,,,,,,,,,,,Connected,,,,,,,IWLAN
2966,1,,,-121.9314830,47.5244923,2026-01-23 19:39:34.000,_20260123_105610_CH02_TMO_5GNR_WFC_MT-DUT-2_TC-155.dml,,,,,,,,,,NR SA,,,,,,,,,,,,,,,,,,,594,,,On,Connected,-67.000000,5220,136,,,,IWLAN
2967,1,,,-121.9314830,47.5244923,2026-01-23 19:39:35.000,_20260123_105610_CH02_TMO_5GNR_WFC_MT-DUT-2_TC-155.dml,,,,,,,,,,NR SA,,,,,,,,,,,,,,,,,,,594,,,,Connected,,,,,,,IWLAN
2968,1,,,-121.9314830,47.5244923,2026-01-23 19:39:36.000,_20260123_105610_CH02_TMO_5GNR_WFC_MT-DUT-2_TC-155.dml,,,,,,,,,,NR SA,,,,,,,,,,,,,,,,,,,594,,,On,Connected,-67.000000,5220,136,,,,IWLAN
2969,1,,,-121.9314830,47.5244923,2026-01-23 19:39:36.079,_20260123_105610_CH02_TMO_5GNR_WFC_MT-DUT-2_TC-155.dml,,,,,,,,,,,,,UL,REGISTER,,,,,,,,,,,,,,,,,,,,,,,,,,
2970,1,,,-121.9314830,47.5244923,2026-01-23 19:39:37.000,_20260123_105610_CH02_TMO_5GNR_WFC_MT-DUT-2_TC-155.dml,,,,,,,,,,NR SA,,,,,,,,,,,,,,,,,,,594,,1.785440,On,Connected,-67.000000,5220,136,,,,IWLAN
2971,1,,,-121.9314830,47.5244923,2026-01-23 19:39:38.000,_20260123_105610_CH02_TMO_5GNR_WFC_MT-DUT-2_TC-155.dml,,,,,,,,,,NR SA,,,,,,,,,,,,,,,,,,,594,,1.785440,On,Connected,-67.000000,5220,136,,,,IWLAN
2972,1,,,-121.9314830,47.5244923,2026-01-23 19:39:39.000,_20260123_105610_CH02_TMO_5GNR_WFC_MT-DUT-2_TC-155.dml,,,,,,,,,,NR SA,,,,,,,,,,,,,,,,,,,594,,1.785440,On,Connected,-67.000000,5220,136,,,,IWLAN
2973,1,,,-121.9314830,47.5244923,2026-01-23 19:39:40.000,_20260123_105610_CH02_TMO_5GNR_WFC_MT-DUT-2_TC-155.dml,,,,,,,,,,NR SA,,,,,,,,,,,,,,,,,,,594,,1.785440,On,Connected,-67.000000,5220,136,,,,IWLAN
2974,1,,,-121.9314830,47.5244923,2026-01-23 19:39:41.000,_20260123_105610_CH02_TMO_5GNR_WFC_MT-DUT-2_TC-155.dml,,,,,,,,,,NR SA,,,,,,,,,,,,,,,,,,,594,,1.785440,On,Connected,-67.000000,5220,136,,,,IWLAN
2975,1,,,-121.9314830,47.5244923,2026-01-23 19:39:42.000,_20260123_105610_CH02_TMO_5GNR_WFC_MT-DUT-2_TC-155.dml,,,,,,,,,,NR SA,,,,,,,,,,,,,,,,,,,594,,1.785440,On,Connected,-67.000000,5220,136,,,,IWLAN
2976,1,,,-121.9314830,47.5244923,2026-01-23 19:39:43.000,_20260123_105610_CH02_TMO_5GNR_WFC_MT-DUT-2_TC-155.dml,,,,,,,,,,NR SA,,,,,,,,,,,,,,,,,,,594,,1.785440,On,Connected,-67.000000,5220,136,,,,IWLAN
2977,1,,,-121.9314830,47.5244923,2026-01-23 19:39:44.000,_20260123_105610_CH02_TMO_5GNR_WFC_MT-DUT-2_TC-155.dml,,,,,,,,,,NR SA,,,,,,,,,,,,,,,,,,,594,,1.785440,On,Connected,-67.000000,5220,136,,,,IWLAN
2978,1,,,-121.9314830,47.5244923,2026-01-23 19:39:45.000,_20260123_105610_CH02_TMO_5GNR_WFC_MT-DUT-2_TC-155.dml,,,,,,,,,,NR SA,,,,,,,,,,,,,,,,,,,594,,1.785440,On,Connected,-67.000000,5220,136,,,,IWLAN
2979,1,,,-121.9314830,47.5244923,2026-01-23 19:39:46.000,_20260123_105610_CH02_TMO_5GNR_WFC_MT-DUT-2_TC-155.dml,,,,,,,,,,NR SA,,,,,,,,,,,,,,,,,,,594,,1.785440,On,Connected,-67.000000,5220,136,,,,IWLAN
2980,1,,,-121.9314830,47.5244923,2026-01-23 19:39:47.000,_20260123_105610_CH02_TMO_5GNR_WFC_MT-DUT-2_TC-155.dml,,,,,,,,,,NR SA,,,,,,,,,,,,,,,,,,,594,,,On,Connected,-67.000000,5220,136,,,,IWLAN
2981,1,,,-121.9314830,47.5244923,2026-01-23 19:39:47.457,_20260123_105610_CH02_TMO_5GNR_WFC_MT-DUT-2_TC-155.dml,,,,,,,,,,,,,,,,,,,,,,,,,,,,,,-78.626625,,,,,,,,,,
2982,1,,,-121.9314830,47.5244923,2026-01-23 19:39:48.000,_20260123_105610_CH02_TMO_5GNR_WFC_MT-DUT-2_TC-155.dml,,,,,,,,,,NR SA,,,,,,,,,,,,,,,,,,,594,,,On,Connected,-67.000000,5220,136,,,,IWLAN
2983,1,,,-121.9314830,47.5244923,2026-01-23 19:39:49.000,_20260123_105610_CH02_TMO_5GNR_WFC_MT-DUT-2_TC-155.dml,,,,,,,,,,NR SA,,,,,,,,,,,,,,,,,,,594,,,On,Connected,-67.000000,5220,136,,,,IWLAN
2984,1,,,-121.9314830,47.5244923,2026-01-23 19:39:50.000,_20260123_105610_CH02_TMO_5GNR_WFC_MT-DUT-2_TC-155.dml,,,,,,,,,,NR SA,,,,,,,,,,,,,,,,,,,594,,,On,Connected,-67.000000,5220,136,,,,IWLAN
2985,1,,,-121.9314830,47.5244923,2026-01-23 19:39:51.000,_20260123_105610_CH02_TMO_5GNR_WFC_MT-DUT-2_TC-155.dml,,,,,,,,,,NR SA,,,,,,,,,,,,,,,,,,,594,,,On,Connected,-67.000000,5220,136,,,,IWLAN
2986,1,,,-121.9314830,47.5244923,2026-01-23 19:39:52.000,_20260123_105610_CH02_TMO_5GNR_WFC_MT-DUT-2_TC-155.dml,,,,,,,,,,NR SA,,,,,,,,,,,,,,,,,,,594,,,,Connected,,,,,,,IWLAN
2987,1,,,-121.9314830,47.5244923,2026-01-23 19:39:53.000,_20260123_105610_CH02_TMO_5GNR_WFC_MT-DUT-2_TC-155.dml,,,,,,,,,,NR SA,,,,,,,,,,,,,,,,,,,594,,,On,Connected,-67.000000,5220,136,,,,IWLAN
2988,1,,,-121.9314830,47.5244923,2026-01-23 19:39:54.000,_20260123_105610_CH02_TMO_5GNR_WFC_MT-DUT-2_TC-155.dml,,,,,,,,,,NR SA,,,,,,,,,,,,,,,,,,,594,,,,Connected,,,,,,,IWLAN
2989,1,,,-121.9314830,47.5244923,2026-01-23 19:39:55.000,_20260123_105610_CH02_TMO_5GNR_WFC_MT-DUT-2_TC-155.dml,,,,,,,,,,NR SA,,,,,,,,,,,,,,,,,,,594,,,On,Connected,-67.000000,5220,136,,,,IWLAN
2990,1,,,-121.9314830,47.5244923,2026-01-23 19:39:56.000,_20260123_105610_CH02_TMO_5GNR_WFC_MT-DUT-2_TC-155.dml,,,,,,,,,,NR SA,,,,,,,,,,,,,,,,,,,594,,,,Connected,,,,,,,IWLAN
2991,1,,,-121.9314830,47.5244923,2026-01-23 19:39:57.000,_20260123_105610_CH02_TMO_5GNR_WFC_MT-DUT-2_TC-155.dml,,,,,,,,,,NR SA,,,,,,,,,,,,,,,,,,,594,,2.458742,On,Connected,-67.000000,5220,136,,,,IWLAN
2992,1,,,-121.9314830,47.5244923,2026-01-23 19:39:58.000,_20260123_105610_CH02_TMO_5GNR_WFC_MT-DUT-2_TC-155.dml,,,,,,,,,,NR SA,,,,,,,,,,,,,,,,,,,594,,2.458742,On,Connected,-67.000000,5220,136,,,,IWLAN
2993,1,,,-121.9314830,47.5244923,2026-01-23 19:39:59.000,_20260123_105610_CH02_TMO_5GNR_WFC_MT-DUT-2_TC-155.dml,,,,,,,,,,NR SA,,,,,,,,,,,,,,,,,,,594,,2.458742,,Connected,,,,,,,IWLAN
2994,1,,,-121.9314830,47.5244923,2026-01-23 19:40:00.000,_20260123_105610_CH02_TMO_5GNR_WFC_MT-DUT-2_TC-155.dml,,,,,,,,,,NR SA,,,,,,,,,,,,,,,,,,,594,,2.458742,On,Connected,-67.000000,5220,136,,,,IWLAN
2995,1,,,-121.9314830,47.5244923,2026-01-23 19:40:01.000,_20260123_105610_CH02_TMO_5GNR_WFC_MT-DUT-2_TC-155.dml,,,,,,,,,,NR SA,,,,,,,,,,,,,,,,,,,594,,2.458742,,Connected,,,,,,,IWLAN
2996,1,,,-121.9314830,47.5244923,2026-01-23 19:40:02.000,_20260123_105610_CH02_TMO_5GNR_WFC_MT-DUT-2_TC-155.dml,,,,,,,,,,NR SA,,,,,,,,,,,,,,,,,,,594,,2.458742,On,Connected,-67.000000,5220,136,,,,IWLAN
2997,1,,,-121.9314830,47.5244923,2026-01-23 19:40:03.000,_20260123_105610_CH02_TMO_5GNR_WFC_MT-DUT-2_TC-155.dml,,,,,,,,,,NR SA,,,,,,,,,,,,,,,,,,,594,,2.458742,,Connected,,,,,,,IWLAN
2998,1,,,-121.9314830,47.5244923,2026-01-23 19:40:04.000,_20260123_105610_CH02_TMO_5GNR_WFC_MT-DUT-2_TC-155.dml,,,,,,,,,,NR SA,,,,,,,,,,,,,,,,,,,594,,2.458742,On,Connected,-67.000000,5220,136,,,,IWLAN
2999,1,,,-121.9314830,47.5244923,2026-01-23 19:40:05.000,_20260123_105610_CH02_TMO_5GNR_WFC_MT-DUT-2_TC-155.dml,,,,,,,,,,NR SA,,,,,,,,,,,,,,,,,,,594,,2.458742,On,Connected,-67.000000,5220,136,,,,IWLAN
3000,1,,,-121.9314830,47.5244923,2026-01-23 19:40:06.000,_20260123_105610_CH02_TMO_5GNR_WFC_MT-DUT-2_TC-155.dml,,,,,,,,,,NR SA,,,,,,,,,,,,,,,,,,,594,,,On,Connected,-67.000000,5220,136,,,,IWLAN
3001,1,,,-121.9314830,47.5244923,2026-01-23 19:40:07.426,_20260123_105610_CH02_TMO_5GNR_WFC_MT-DUT-2_TC-155.dml,,,,,,,,,,,,,,,,,,,,,,,,,,,,,,-85.855795,,,,,,,,,,
3002,1,,,-121.9314830,47.5244923,2026-01-23 19:40:07.000,_20260123_105610_CH02_TMO_5GNR_WFC_MT-DUT-2_TC-155.dml,,,,,,,,,,NR SA,,,,,,,,,,,,,,,,,,,594,,,On,Connected,-67.000000,5220,136,,,,IWLAN
3003,1,,,-121.9314830,47.5244923,2026-01-23 19:40:08.000,_20260123_105610_CH02_TMO_5GNR_WFC_MT-DUT-2_TC-155.dml,,,,,,,,,,NR SA,,,,,,,,,,,,,,,,,,,594,,,,Connected,,,,,,,IWLAN
3004,1,,,-121.9314830,47.5244923,2026-01-23 19:40:09.000,_20260123_105610_CH02_TMO_5GNR_WFC_MT-DUT-2_TC-155.dml,,,,,,,,,,NR SA,,,,,,,,,,,,,,,,,,,594,,,On,Connected,-67.000000,5220,136,,,,IWLAN
3005,1,,,-121.9314830,47.5244923,2026-01-23 19:40:10.000,_20260123_105610_CH02_TMO_5GNR_WFC_MT-DUT-2_TC-155.dml,,,,,,,,,,NR SA,,,,,,,,,,,,,,,,,,,594,,,,Connected,,,,,,,IWLAN
3006,1,,,-121.9314830,47.5244923,2026-01-23 19:40:11.000,_20260123_105610_CH02_TMO_5GNR_WFC_MT-DUT-2_TC-155.dml,,,,,,,,,,NR SA,,,,,,,,,,,,,,,,,,,594,,,On,Connected,-67.000000,5220,136,,,,IWLAN
3007,1,,,-121.9314830,47.5244923,2026-01-23 19:40:12.000,_20260123_105610_CH02_TMO_5GNR_WFC_MT-DUT-2_TC-155.dml,,,,,,,,,,NR SA,,,,,,,,,,,,,,,,,,,594,,,On,Connected,-67.000000,5220,136,,,,IWLAN
3008,1,,,-121.9314830,47.5244923,2026-01-23 19:40:13.000,_20260123_105610_CH02_TMO_5GNR_WFC_MT-DUT-2_TC-155.dml,,,,,,,,,,NR SA,,,,,,,,,,,,,,,,,,,594,,,On,Connected,-67.000000,5220,136,,,,IWLAN
3009,1,,,-121.9314830,47.5244923,2026-01-23 19:40:14.000,_20260123_105610_CH02_TMO_5GNR_WFC_MT-DUT-2_TC-155.dml,,,,,,,,,,NR SA,,,,,,,,,,,,,,,,,,,594,,,On,Connected,-67.000000,5220,136,,,,IWLAN
3010,1,,,-121.9314830,47.5244923,2026-01-23 19:40:15.000,_20260123_105610_CH02_TMO_5GNR_WFC_MT-DUT-2_TC-155.dml,,,,,,,,,,NR SA,,,,,,,,,,,,,,,,,,,594,,,,Connected,,,,,,,IWLAN
3011,1,,,-121.9314830,47.5244923,2026-01-23 19:40:16.676,_20260123_105610_CH02_TMO_5GNR_WFC_MT-DUT-2_TC-155.dml,,,,,,,,,,,,,,,,,,,,,,,[Tool] Voice - Pair Channel Call Drop,,,,,,,,,,,,,,,,,
3012,1,,,-121.9314830,47.5244923,2026-01-23 19:40:16.676,_20260123_105610_CH02_TMO_5GNR_WFC_MT-DUT-2_TC-155.dml,,,,,,,,,,,,,,,,,,,,,,,[Tool] Voice - Release Call Request,,,,,,,,,,,,,,,,,
3013,1,,,-121.9314830,47.5244923,2026-01-23 19:40:16.000,_20260123_105610_CH02_TMO_5GNR_WFC_MT-DUT-2_TC-155.dml,,,,,,,,,,NR SA,,,,,,,,,,,,,,,,,,,594,,,On,Connected,-67.000000,5220,136,,,,IWLAN
3014,1,,,-121.9314830,47.5244923,2026-01-23 19:40:17.176,_20260123_105610_CH02_TMO_5GNR_WFC_MT-DUT-2_TC-155.dml,,,,,,,,,,,,,,,,,,,,,,BQ,[Tool] Voice - Call Result : BQ,,,,,,,,,,,,,,,,,
3015,1,,,-121.9314830,47.5244923,2026-01-23 19:40:17.176,_20260123_105610_CH02_TMO_5GNR_WFC_MT-DUT-2_TC-155.dml,,,,,,,,,,,,,,,,,,,,,,,[UE]   Voice - Release Call Success,,,,,,,,,,,,,,,,,
3016,1,,,-121.9314830,47.5244923,2026-01-23 19:40:17.000,_20260123_105610_CH02_TMO_5GNR_WFC_MT-DUT-2_TC-155.dml,,,,,,,,,,,,,,,,,,,,,,,,,,,,,594,,,,Connected,,,,,,,IWLAN
3017,1,,,-121.9314830,47.5244923,2026-01-23 19:40:18.005,_20260123_105610_CH02_TMO_5GNR_WFC_MT-DUT-2_TC-155.dml,,,,,,,,,,,,,,,,,,,,,,,[UE]   Voice - Release Call Success,,,,,,,,,,,,,,,,,
3018,1,,,-121.9314830,47.5244923,2026-01-23 19:40:18.000,_20260123_105610_CH02_TMO_5GNR_WFC_MT-DUT-2_TC-155.dml,,,,,,,,,,,,,,,,,,,,,,,,,,,,,594,,,On,Connected,-69.000000,5220,136,,,,IWLAN
3019,1,,,-121.9314830,47.5244923,2026-01-23 19:40:19.000,_20260123_105610_CH02_TMO_5GNR_WFC_MT-DUT-2_TC-155.dml,,,,,,,,,,,,,,,,,,,,,,,,,,,,,594,,,On,Connected,-69.000000,5220,136,,,,IWLAN
3020,1,,,-121.9314830,47.5244923,2026-01-23 19:40:20.000,_20260123_105610_CH02_TMO_5GNR_WFC_MT-DUT-2_TC-155.dml,,,,,,,,,,,,,,,,,,,,,,,,,,,,,594,,,On,Connected,-69.000000,5220,136,,,,IWLAN
3021,1,,,-121.9314830,47.5244923,2026-01-23 19:40:21.000,_20260123_105610_CH02_TMO_5GNR_WFC_MT-DUT-2_TC-155.dml,,,,,,,,,,,,,,,,,,,,,,,,,,,,,594,,,On,Connected,-69.000000,5220,204,,,,IWLAN
3022,1,,,-121.9314830,47.5244923,2026-01-23 19:40:22.000,_20260123_105610_CH02_TMO_5GNR_WFC_MT-DUT-2_TC-155.dml,,,,,,,,,,,,,,,,,,,,,,,,,,,,,594,,,On,Connected,-69.000000,5220,204,,,,IWLAN
3023,1,,,-121.9314830,47.5244923,2026-01-23 19:40:23.000,_20260123_105610_CH02_TMO_5GNR_WFC_MT-DUT-2_TC-155.dml,,,,,,,,,,,,,,,,,,,,,,,,,,,,,594,,,On,Connected,-69.000000,5220,204,,,,IWLAN
3024,1,,,-121.9314830,47.5244923,2026-01-23 19:40:24.000,_20260123_105610_CH02_TMO_5GNR_WFC_MT-DUT-2_TC-155.dml,,,,,,,,,,,,,,,,,,,,,,,,,,,,,594,,,On,Connected,-68.000000,5220,136,,,,IWLAN
3025,1,,,-121.9314830,47.5244923,2026-01-23 19:40:25.000,_20260123_105610_CH02_TMO_5GNR_WFC_MT-DUT-2_TC-155.dml,,,,,,,,,,,,,,,,,,,,,,,,,,,,,594,,,On,Connected,-68.000000,5220,136,,,,IWLAN
3026,1,,,-121.9314830,47.5244923,2026-01-23 19:40:26.000,_20260123_105610_CH02_TMO_5GNR_WFC_MT-DUT-2_TC-155.dml,,,,,,,,,,,,,,,,,,,,,,,,,,,,,594,,,On,Connected,-68.000000,5220,136,,,,IWLAN
3027,1,,,-121.9314830,47.5244923,2026-01-23 19:40:27.000,_20260123_105610_CH02_TMO_5GNR_WFC_MT-DUT-2_TC-155.dml,,,,,,,,,,,,,,,,,,,,,,,,,,,,,594,,,On,Connected,-68.000000,5220,136,,,,IWLAN
3028,1,,,-121.9314830,47.5244923,2026-01-23 19:40:28.000,_20260123_105610_CH02_TMO_5GNR_WFC_MT-DUT-2_TC-155.dml,,,,,,,,,,,,,,,,,,,,,,,,,,,,,594,,,On,Connected,-68.000000,5220,136,,,,IWLAN
3029,1,,,-121.9314830,47.5244923,2026-01-23 19:40:29.000,_20260123_105610_CH02_TMO_5GNR_WFC_MT-DUT-2_TC-155.dml,,,,,,,,,,,,,,,,,,,,,,,,,,,,,594,,,On,Connected,-68.000000,5220,136,,,,IWLAN
3030,1,,,-121.9314830,47.5244923,2026-01-23 19:40:30.000,_20260123_105610_CH02_TMO_5GNR_WFC_MT-DUT-2_TC-155.dml,,,,,,,,,,,,,,,,,,,,,,,,,,,,,594,,,On,Connected,-68.000000,5220,136,,,,IWLAN
3031,1,,,-121.9314830,47.5244923,2026-01-23 19:40:31.000,_20260123_105610_CH02_TMO_5GNR_WFC_MT-DUT-2_TC-155.dml,,,,,,,,,,,,,,,,,,,,,,,,,,,,,594,,,,Connected,,,,,,,IWLAN
3032,1,,,-121.9314830,47.5244923,2026-01-23 19:40:32.000,_20260123_105610_CH02_TMO_5GNR_WFC_MT-DUT-2_TC-155.dml,,,,,,,,,,,,,,,,,,,,,,,,,,,,,594,,,On,Connected,-68.000000,5220,136,,,,IWLAN
3033,1,,,-121.9314830,47.5244923,2026-01-23 19:40:33.000,_20260123_105610_CH02_TMO_5GNR_WFC_MT-DUT-2_TC-155.dml,,,,,,,,,,,,,,,,,,,,,,,,,,,,,594,,,On,Connected,-68.000000,5220,136,,,,IWLAN
3034,1,,,-121.9314830,47.5244923,2026-01-23 19:40:34.000,_20260123_105610_CH02_TMO_5GNR_WFC_MT-DUT-2_TC-155.dml,,,,,,,,,,,,,,,,,,,,,,,,,,,,,594,,,On,Connected,-68.000000,5220,136,,,,IWLAN
3035,1,,,-121.9314830,47.5244923,2026-01-23 19:40:35.000,_20260123_105610_CH02_TMO_5GNR_WFC_MT-DUT-2_TC-155.dml,,,,,,,,,,,,,,,,,,,,,,,,,,,,,594,,,On,Connected,-68.000000,5220,136,,,,IWLAN
3036,1,,,-121.9314830,47.5244923,2026-01-23 19:40:36.000,_20260123_105610_CH02_TMO_5GNR_WFC_MT-DUT-2_TC-155.dml,,,,,,,,,,,,,,,,,,,,,,,,,,,,,594,,,On,Connected,-68.000000,5220,136,,,,IWLAN
3037,1,,,-121.9314830,47.5244923,2026-01-23 19:40:37.000,_20260123_105610_CH02_TMO_5GNR_WFC_MT-DUT-2_TC-155.dml,,,,,,,,,,,,,,,,,,,,,,,,,,,,,594,,,On,Connected,-68.000000,5220,136,,,,IWLAN
3038,1,,,-121.9314830,47.5244923,2026-01-23 19:40:38.000,_20260123_105610_CH02_TMO_5GNR_WFC_MT-DUT-2_TC-155.dml,,,,,,,,,,,,,,,,,,,,,,,,,,,,,594,,,On,Connected,-68.000000,5220,136,,,,IWLAN
3039,1,,,-121.9314830,47.5244923,2026-01-23 19:40:39.000,_20260123_105610_CH02_TMO_5GNR_WFC_MT-DUT-2_TC-155.dml,,,,,,,,,,,,,,,,,,,,,,,,,,,,,594,,,On,Connected,-68.000000,5220,136,,,,IWLAN
3040,1,,,-121.9314830,47.5244923,2026-01-23 19:40:40.000,_20260123_105610_CH02_TMO_5GNR_WFC_MT-DUT-2_TC-155.dml,,,,,,,,,,,,,,,,,,,,,,,,,,,,,594,,,On,Connected,-68.000000,5220,136,,,,IWLAN
3041,1,,,-121.9314830,47.5244923,2026-01-23 19:40:41.000,_20260123_105610_CH02_TMO_5GNR_WFC_MT-DUT-2_TC-155.dml,,,,,,,,,,,,,,,,,,,,,,,,,,,,,594,,,On,Connected,-68.000000,5220,136,,,,IWLAN
3042,1,,,-121.9314830,47.5244923,2026-01-23 19:40:42.000,_20260123_105610_CH02_TMO_5GNR_WFC_MT-DUT-2_TC-155.dml,,,,,,,,,,,,,,,,,,,,,,,,,,,,,594,,,On,Connected,-69.000000,5220,204,,,,IWLAN
3043,1,,,-121.9314830,47.5244923,2026-01-23 19:40:43.000,_20260123_105610_CH02_TMO_5GNR_WFC_MT-DUT-2_TC-155.dml,,,,,,,,,,,,,,,,,,,,,,,,,,,,,594,,,On,Connected,-69.000000,5220,204,,,,IWLAN
3044,1,,,-121.9314830,47.5244923,2026-01-23 19:40:44.000,_20260123_105610_CH02_TMO_5GNR_WFC_MT-DUT-2_TC-155.dml,,,,,,,,,,,,,,,,,,,,,,,,,,,,,594,,,On,Connected,-69.000000,5220,204,,,,IWLAN
3045,1,,,-121.9314830,47.5244923,2026-01-23 19:40:45.020,_20260123_105610_CH02_TMO_5GNR_WFC_MT-DUT-2_TC-155.dml,,,,,,,,,,,,,,,,,,,,,,,[Tool] Voice - Release Call Request,,,,,,,,,,,,,,,,,
3046,1,,,-121.9314830,47.5244923,2026-01-23 19:40:45.160,_20260123_105610_CH02_TMO_5GNR_WFC_MT-DUT-2_TC-155.dml,,,,,,,,,,,,,,,,,,,,,,,[Tool] Voice - Answer Request,,,,,,,,,,,,,,,,,
3047,1,,,-121.9314830,47.5244923,2026-01-23 19:40:45.000,_20260123_105610_CH02_TMO_5GNR_WFC_MT-DUT-2_TC-155.dml,,,,,,,,,,,,,,,,,,,,,,,,,,,,,594,,,On,Connected,-69.000000,5220,204,,,,IWLAN
3048,1,,,-121.9314830,47.5244923,2026-01-23 19:40:46.000,_20260123_105610_CH02_TMO_5GNR_WFC_MT-DUT-2_TC-155.dml,,,,,,,,,,,,,,,,,,,,,,,,,,,,,594,,,On,Connected,-69.000000,5220,204,,,,IWLAN
3049,1,,,-121.9314830,47.5244923,2026-01-23 19:40:47.568,_20260123_105610_CH02_TMO_5GNR_WFC_MT-DUT-2_TC-155.dml,,,,,,,,,,,,,,,,,,,,,,,[Tool] Voice - Call Scheduling End,,,,,,,,,,,,,,,,,
3050,1,,,-121.9314830,47.5244923,2026-01-23 19:40:47.568,_20260123_105610_CH02_TMO_5GNR_WFC_MT-DUT-2_TC-155.dml,NR SA,Voice,BQ,NR SA,NR SA,,,,,,,,,,,,BQ,Termination,BQ,,,,,,,,,90.171000,,,,,,,,,,EPSFB,,
3051,1,,,-121.9314830,47.5244923,2026-01-23 19:40:47.568,_20260123_105610_CH02_TMO_5GNR_WFC_MT-DUT-2_TC-155.dml,,,,,,,,,,,,,,,,,,,,,,,[Tool] Voice - Release Call Request,,,,,,,,,,,,,,,,,
3052,1,,,-121.9314830,47.5244923,2026-01-23 19:40:47.000,_20260123_105610_CH02_TMO_5GNR_WFC_MT-DUT-2_TC-155.dml,,,,,,,,,,,,,,,,,,,,,,,,,,,,,594,,,On,Connected,-69.000000,5220,204,,,,IWLAN
3053,1,,,-121.9314830,47.5244923,2026-01-23 19:40:48.067,_20260123_105610_CH02_TMO_5GNR_WFC_MT-DUT-2_TC-155.dml,,,,,,,,,,,,,,,,,,,,,,,[Tool] Voice - Call Scheduling Start(Term),,,,,,,,,,,,,,,,,
3054,1,,,-121.9314830,47.5244923,2026-01-23 19:40:48.067,_20260123_105610_CH02_TMO_5GNR_WFC_MT-DUT-2_TC-155.dml,,,,,,,,,,,,,,,,,,,,,,,[Tool] Voice - Wait Page,,,,,,,,,,,,,,,,,
3055,1,,,-121.9314830,47.5244923,2026-01-23 19:40:48.000,_20260123_105610_CH02_TMO_5GNR_WFC_MT-DUT-2_TC-155.dml,,,,,,,,,,,,,,,,,,,,,,,,,,,,,594,,,On,Connected,-68.000000,5220,204,,,,IWLAN
3056,1,,,-121.9314830,47.5244923,2026-01-23 19:40:49.000,_20260123_105610_CH02_TMO_5GNR_WFC_MT-DUT-2_TC-155.dml,,,,,,,,,,,,,,,,,,,,,,,,,,,,,594,,,On,Connected,-68.000000,5220,204,,,,IWLAN
3057,1,,,-121.9314830,47.5244923,2026-01-23 19:40:50.000,_20260123_105610_CH02_TMO_5GNR_WFC_MT-DUT-2_TC-155.dml,,,,,,,,,,,,,,,,,,,,,,,,,,,,,594,,,On,Connected,-68.000000,5220,204,,,,IWLAN
3058,1,,,-121.9314830,47.5244923,2026-01-23 19:40:51.000,_20260123_105610_CH02_TMO_5GNR_WFC_MT-DUT-2_TC-155.dml,,,,,,,,,,,,,,,,,,,,,,,,,,,,,594,,,On,Connected,-68.000000,5220,136,,,,IWLAN
3059,1,,,-121.9314830,47.5244923,2026-01-23 19:40:51.410,_20260123_105610_CH02_TMO_5GNR_WFC_MT-DUT-2_TC-155.dml,,,,,,,,,,,,,,,,,,,,,,,[Tool] Voice - Answer Request,,,,,,,,,,,,,,,,,
3060,1,,,-121.9314830,47.5244923,2026-01-23 19:40:52.193,_20260123_105610_CH02_TMO_5GNR_WFC_MT-DUT-2_TC-155.dml,,,,,,,,,,,,,,,,,,,,,,,[UE]   Voice - Setup Success,,,,,,,,,,,,,,,,,
3061,1,,,-121.9314830,47.5244923,2026-01-23 19:40:52.000,_20260123_105610_CH02_TMO_5GNR_WFC_MT-DUT-2_TC-155.dml,,,,,,,,,,NR SA,,,,,,,,,,,,,,,,,,,594,,,On,Connected,-68.000000,5220,136,,,,IWLAN
3062,1,,,-121.9314830,47.5244923,2026-01-23 19:40:53.000,_20260123_105610_CH02_TMO_5GNR_WFC_MT-DUT-2_TC-155.dml,,,,,,,,,,NR SA,,,,,,,,,,,,,,,,,,,594,,,On,Connected,-68.000000,5220,136,,,,IWLAN
3063,1,,,-121.9314830,47.5244923,2026-01-23 19:40:54.000,_20260123_105610_CH02_TMO_5GNR_WFC_MT-DUT-2_TC-155.dml,,,,,,,,,,NR SA,,,,,,,,,,,,,,,,,,,594,,,On,Connected,-68.000000,5220,136,,,,IWLAN
3064,1,,,-121.9314830,47.5244923,2026-01-23 19:40:55.000,_20260123_105610_CH02_TMO_5GNR_WFC_MT-DUT-2_TC-155.dml,,,,,,,,,,NR SA,,,,,,,,,,,,,,,,,,,594,,,On,Connected,-68.000000,5220,136,,,,IWLAN
3065,1,,,-121.9314830,47.5244923,2026-01-23 19:40:56.000,_20260123_105610_CH02_TMO_5GNR_WFC_MT-DUT-2_TC-155.dml,,,,,,,,,,NR SA,,,,,,,,,,,,,,,,,,,594,,,On,Connected,-68.000000,5220,136,,,,IWLAN
3066,1,,,-121.9314830,47.5244923,2026-01-23 19:40:57.000,_20260123_105610_CH02_TMO_5GNR_WFC_MT-DUT-2_TC-155.dml,,,,,,,,,,NR SA,,,,,,,,,,,,,,,,,,,594,,,On,Connected,-68.000000,5220,136,,,,IWLAN
3067,1,,,-121.9314830,47.5244923,2026-01-23 19:40:58.000,_20260123_105610_CH02_TMO_5GNR_WFC_MT-DUT-2_TC-155.dml,,,,,,,,,,NR SA,,,,,,,,,,,,,,,,,,,594,,,On,Connected,-68.000000,5220,136,,,,IWLAN
3068,1,,,-121.9314830,47.5244923,2026-01-23 19:40:59.000,_20260123_105610_CH02_TMO_5GNR_WFC_MT-DUT-2_TC-155.dml,,,,,,,,,,NR SA,,,,,,,,,,,,,,,,,,,594,,,On,Connected,-68.000000,5220,136,,,,IWLAN
3069,1,,,-121.9314830,47.5244923,2026-01-23 19:41:00.000,_20260123_105610_CH02_TMO_5GNR_WFC_MT-DUT-2_TC-155.dml,,,,,,,,,,NR SA,,,,,,,,,,,,,,,,,,,,,,On,Connected,-68.000000,5220,136,,,,IWLAN
3070,1,,,-121.9314830,47.5244923,2026-01-23 19:41:01.000,_20260123_105610_CH02_TMO_5GNR_WFC_MT-DUT-2_TC-155.dml,,,,,,,,,,NR SA,,,,,,,,,,,,,,,,,,,594,,,On,Connected,-68.000000,5220,136,,,,
3071,1,,,-121.9314830,47.5244923,2026-01-23 19:41:02.000,_20260123_105610_CH02_TMO_5GNR_WFC_MT-DUT-2_TC-155.dml,,,,,,,,,,NR SA,,,,,,,,,,,,,,,,,,,,,,On,Connected,-68.000000,5220,136,,,,IWLAN
3072,1,,,-121.9314830,47.5244923,2026-01-23 19:41:03.000,_20260123_105610_CH02_TMO_5GNR_WFC_MT-DUT-2_TC-155.dml,,,,,,,,,,NR SA,,,,,,,,,,,,,,,,,,,594,,2.134929,On,Connected,-68.000000,5220,136,,,,IWLAN
3073,1,,,-121.9314830,47.5244923,2026-01-23 19:41:04.000,_20260123_105610_CH02_TMO_5GNR_WFC_MT-DUT-2_TC-155.dml,,,,,,,,,,NR SA,,,,,,,,,,,,,,,,,,,,,2.134929,On,Connected,-68.000000,5220,136,,,,IWLAN
3074,1,,,-121.9314830,47.5244923,2026-01-23 19:41:05.000,_20260123_105610_CH02_TMO_5GNR_WFC_MT-DUT-2_TC-155.dml,,,,,,,,,,NR SA,,,,,,,,,,,,,,,,,,,594,,2.134929,On,Connected,-68.000000,5220,136,,,,IWLAN
3075,1,,,-121.9314830,47.5244923,2026-01-23 19:41:06.000,_20260123_105610_CH02_TMO_5GNR_WFC_MT-DUT-2_TC-155.dml,,,,,,,,,,NR SA,,,,,,,,,,,,,,,,,,,,,2.134929,On,Connected,-68.000000,5220,136,,,,IWLAN
3076,1,,,-121.9314830,47.5244923,2026-01-23 19:41:07.000,_20260123_105610_CH02_TMO_5GNR_WFC_MT-DUT-2_TC-155.dml,,,,,,,,,,NR SA,,,,,,,,,,,,,,,,,,,594,,2.134929,On,Connected,-68.000000,5220,136,,,,IWLAN
3077,1,,,-121.9314830,47.5244923,2026-01-23 19:41:08.000,_20260123_105610_CH02_TMO_5GNR_WFC_MT-DUT-2_TC-155.dml,,,,,,,,,,NR SA,,,,,,,,,,,,,,,,,,,,,2.134929,On,Connected,-68.000000,5220,136,,,,IWLAN
3078,1,,,-121.9314830,47.5244923,2026-01-23 19:41:09.000,_20260123_105610_CH02_TMO_5GNR_WFC_MT-DUT-2_TC-155.dml,,,,,,,,,,NR SA,,,,,,,,,,,,,,,,,,,594,,2.134929,On,Connected,-68.000000,5220,136,,,,
3079,1,,,-121.9314830,47.5244923,2026-01-23 19:41:10.000,_20260123_105610_CH02_TMO_5GNR_WFC_MT-DUT-2_TC-155.dml,,,,,,,,,,NR SA,,,,,,,,,,,,,,,,,,,594,,2.134929,On,Connected,-68.000000,5220,136,,,,IWLAN
3080,1,,,-121.9314830,47.5244923,2026-01-23 19:41:11.000,_20260123_105610_CH02_TMO_5GNR_WFC_MT-DUT-2_TC-155.dml,,,,,,,,,,NR SA,,,,,,,,,,,,,,,,,,,594,,2.134929,On,Connected,-68.000000,5220,136,,,,IWLAN
3081,1,,,-121.9314830,47.5244923,2026-01-23 19:41:12.000,_20260123_105610_CH02_TMO_5GNR_WFC_MT-DUT-2_TC-155.dml,,,,,,,,,,NR SA,,,,,,,,,,,,,,,,,,,,,2.134929,On,Connected,-68.000000,5220,136,,,,IWLAN
3082,1,,,-121.9314830,47.5244923,2026-01-23 19:41:12.693,_20260123_105610_CH02_TMO_5GNR_WFC_MT-DUT-2_TC-155.dml,,,,,,,,,,,,,,,,,,,,,,,,,,,,,,-82.534000,,,,,,,,,,
3083,1,,,-121.9314830,47.5244923,2026-01-23 19:41:13.000,_20260123_105610_CH02_TMO_5GNR_WFC_MT-DUT-2_TC-155.dml,,,,,,,,,,NR SA,,,,,,,,,,,,,,,,,,,594,,,On,Connected,-68.000000,5220,136,,,,IWLAN
3084,1,,,-121.9314830,47.5244923,2026-01-23 19:41:14.000,_20260123_105610_CH02_TMO_5GNR_WFC_MT-DUT-2_TC-155.dml,,,,,,,,,,NR SA,,,,,,,,,,,,,,,,,,,,,,On,Connected,-68.000000,5220,136,,,,IWLAN
3085,1,,,-121.9314830,47.5244923,2026-01-23 19:41:15.000,_20260123_105610_CH02_TMO_5GNR_WFC_MT-DUT-2_TC-155.dml,,,,,,,,,,NR SA,,,,,,,,,,,,,,,,,,,594,,,On,Connected,-68.000000,5220,136,,,,IWLAN
3086,1,,,-121.9314830,47.5244923,2026-01-23 19:41:16.000,_20260123_105610_CH02_TMO_5GNR_WFC_MT-DUT-2_TC-155.dml,,,,,,,,,,NR SA,,,,,,,,,,,,,,,,,,,,,,On,Connected,-68.000000,5220,136,,,,IWLAN
3087,1,,,-121.9314830,47.5244923,2026-01-23 19:41:17.000,_20260123_105610_CH02_TMO_5GNR_WFC_MT-DUT-2_TC-155.dml,,,,,,,,,,NR SA,,,,,,,,,,,,,,,,,,,594,,,On,Connected,-68.000000,5220,136,,,,IWLAN
3088,1,,,-121.9314830,47.5244923,2026-01-23 19:41:18.000,_20260123_105610_CH02_TMO_5GNR_WFC_MT-DUT-2_TC-155.dml,,,,,,,,,,NR SA,,,,,,,,,,,,,,,,,,,,,,On,Connected,-68.000000,5220,136,,,,IWLAN
3089,1,,,-121.9314830,47.5244923,2026-01-23 19:41:19.000,_20260123_105610_CH02_TMO_5GNR_WFC_MT-DUT-2_TC-155.dml,,,,,,,,,,NR SA,,,,,,,,,,,,,,,,,,,594,,,On,Connected,-68.000000,5220,136,,,,IWLAN
3090,1,,,-121.9314830,47.5244923,2026-01-23 19:41:20.000,_20260123_105610_CH02_TMO_5GNR_WFC_MT-DUT-2_TC-155.dml,,,,,,,,,,NR SA,,,,,,,,,,,,,,,,,,,,,,On,Connected,-68.000000,5220,136,,,,IWLAN
3091,1,,,-121.9314830,47.5244923,2026-01-23 19:41:21.000,_20260123_105610_CH02_TMO_5GNR_WFC_MT-DUT-2_TC-155.dml,,,,,,,,,,NR SA,,,,,,,,,,,,,,,,,,,594,,,On,Connected,-68.000000,5220,136,,,,IWLAN
3092,1,,,-121.9314830,47.5244923,2026-01-23 19:41:22.000,_20260123_105610_CH02_TMO_5GNR_WFC_MT-DUT-2_TC-155.dml,,,,,,,,,,NR SA,,,,,,,,,,,,,,,,,,,,,,On,Connected,-68.000000,5220,136,,,,IWLAN
3093,1,,,-121.9314830,47.5244923,2026-01-23 19:41:23.000,_20260123_105610_CH02_TMO_5GNR_WFC_MT-DUT-2_TC-155.dml,,,,,,,,,,NR SA,,,,,,,,,,,,,,,,,,,594,,1.908053,On,Connected,-68.000000,5220,136,,,,IWLAN
3094,1,,,-121.9314830,47.5244923,2026-01-23 19:41:24.000,_20260123_105610_CH02_TMO_5GNR_WFC_MT-DUT-2_TC-155.dml,,,,,,,,,,NR SA,,,,,,,,,,,,,,,,,,,594,,1.908053,On,Connected,-68.000000,5220,136,,,,IWLAN
3095,1,,,-121.9314830,47.5244923,2026-01-23 19:41:25.000,_20260123_105610_CH02_TMO_5GNR_WFC_MT-DUT-2_TC-155.dml,,,,,,,,,,NR SA,,,,,,,,,,,,,,,,,,,,,1.908053,On,Connected,-68.000000,5220,136,,,,IWLAN
3096,1,,,-121.9314830,47.5244923,2026-01-23 19:41:26.000,_20260123_105610_CH02_TMO_5GNR_WFC_MT-DUT-2_TC-155.dml,,,,,,,,,,NR SA,,,,,,,,,,,,,,,,,,,594,,1.908053,On,Connected,-68.000000,5220,136,,,,IWLAN
3097,1,,,-121.9314830,47.5244923,2026-01-23 19:41:27.000,_20260123_105610_CH02_TMO_5GNR_WFC_MT-DUT-2_TC-155.dml,,,,,,,,,,NR SA,,,,,,,,,,,,,,,,,,,,,1.908053,On,Connected,-68.000000,5220,136,,,,IWLAN
3098,1,,,-121.9314830,47.5244923,2026-01-23 19:41:28.000,_20260123_105610_CH02_TMO_5GNR_WFC_MT-DUT-2_TC-155.dml,,,,,,,,,,NR SA,,,,,,,,,,,,,,,,,,,594,,1.908053,On,Connected,-68.000000,5220,136,,,,IWLAN
3099,1,,,-121.9314830,47.5244923,2026-01-23 19:41:29.000,_20260123_105610_CH02_TMO_5GNR_WFC_MT-DUT-2_TC-155.dml,,,,,,,,,,NR SA,,,,,,,,,,,,,,,,,,,,,1.908053,On,Connected,-68.000000,5220,136,,,,IWLAN
3100,1,,,-121.9314830,47.5244923,2026-01-23 19:41:30.000,_20260123_105610_CH02_TMO_5GNR_WFC_MT-DUT-2_TC-155.dml,,,,,,,,,,NR SA,,,,,,,,,,,,,,,,,,,594,,1.908053,On,Connected,-68.000000,5220,136,,,,IWLAN
3101,1,,,-121.9314830,47.5244923,2026-01-23 19:41:31.000,_20260123_105610_CH02_TMO_5GNR_WFC_MT-DUT-2_TC-155.dml,,,,,,,,,,NR SA,,,,,,,,,,,,,,,,,,,594,,1.908053,On,Connected,-68.000000,5220,136,,,,IWLAN
3102,1,,,-121.9314830,47.5244923,2026-01-23 19:41:32.000,_20260123_105610_CH02_TMO_5GNR_WFC_MT-DUT-2_TC-155.dml,,,,,,,,,,NR SA,,,,,,,,,,,,,,,,,,,594,,1.908053,On,Connected,-68.000000,5220,136,,,,IWLAN
3103,1,,,-121.9314830,47.5244923,2026-01-23 19:41:32.676,_20260123_105610_CH02_TMO_5GNR_WFC_MT-DUT-2_TC-155.dml,,,,,,,,,,,,,,,,,,,,,,,,,,,,,,-79.273158,,,,,,,,,,
3104,1,,,-121.9314830,47.5244923,2026-01-23 19:41:33.000,_20260123_105610_CH02_TMO_5GNR_WFC_MT-DUT-2_TC-155.dml,,,,,,,,,,NR SA,,,,,,,,,,,,,,,,,,,594,,,On,Connected,-68.000000,5220,136,,,,IWLAN
3105,1,,,-121.9314830,47.5244923,2026-01-23 19:41:34.000,_20260123_105610_CH02_TMO_5GNR_WFC_MT-DUT-2_TC-155.dml,,,,,,,,,,NR SA,,,,,,,,,,,,,,,,,,,594,,,On,Connected,-68.000000,5220,136,,,,IWLAN
3106,1,,,-121.9314830,47.5244923,2026-01-23 19:41:35.000,_20260123_105610_CH02_TMO_5GNR_WFC_MT-DUT-2_TC-155.dml,,,,,,,,,,NR SA,,,,,,,,,,,,,,,,,,,594,,,On,Connected,-68.000000,5220,136,,,,IWLAN
3107,1,,,-121.9314830,47.5244923,2026-01-23 19:41:36.000,_20260123_105610_CH02_TMO_5GNR_WFC_MT-DUT-2_TC-155.dml,,,,,,,,,,NR SA,,,,,,,,,,,,,,,,,,,594,,,On,Connected,-68.000000,5220,136,,,,IWLAN
3108,1,,,-121.9314830,47.5244923,2026-01-23 19:41:37.000,_20260123_105610_CH02_TMO_5GNR_WFC_MT-DUT-2_TC-155.dml,,,,,,,,,,NR SA,,,,,,,,,,,,,,,,,,,594,,,On,Connected,-68.000000,5220,136,,,,IWLAN
3109,1,,,-121.9314830,47.5244923,2026-01-23 19:41:38.000,_20260123_105610_CH02_TMO_5GNR_WFC_MT-DUT-2_TC-155.dml,,,,,,,,,,NR SA,,,,,,,,,,,,,,,,,,,594,,,On,Connected,-68.000000,5220,136,,,,IWLAN
3110,1,,,-121.9314830,47.5244923,2026-01-23 19:41:39.000,_20260123_105610_CH02_TMO_5GNR_WFC_MT-DUT-2_TC-155.dml,,,,,,,,,,NR SA,,,,,,,,,,,,,,,,,,,594,,,On,Connected,-68.000000,5220,136,,,,IWLAN
3111,1,,,-121.9314830,47.5244923,2026-01-23 19:41:40.000,_20260123_105610_CH02_TMO_5GNR_WFC_MT-DUT-2_TC-155.dml,,,,,,,,,,NR SA,,,,,,,,,,,,,,,,,,,594,,,On,Connected,-68.000000,5220,136,,,,IWLAN
3112,1,,,-121.9314830,47.5244923,2026-01-23 19:41:41.000,_20260123_105610_CH02_TMO_5GNR_WFC_MT-DUT-2_TC-155.dml,,,,,,,,,,NR SA,,,,,,,,,,,,,,,,,,,594,,,On,Connected,-68.000000,5220,136,,,,IWLAN
3113,1,,,-121.9314830,47.5244923,2026-01-23 19:41:42.000,_20260123_105610_CH02_TMO_5GNR_WFC_MT-DUT-2_TC-155.dml,,,,,,,,,,NR SA,,,,,,,,,,,,,,,,,,,594,,2.536890,On,Connected,-68.000000,5220,136,,,,IWLAN
3114,1,,,-121.9314830,47.5244923,2026-01-23 19:41:43.000,_20260123_105610_CH02_TMO_5GNR_WFC_MT-DUT-2_TC-155.dml,,,,,,,,,,NR SA,,,,,,,,,,,,,,,,,,,594,,2.536890,On,Connected,-68.000000,5220,136,,,,IWLAN
3115,1,,,-121.9314830,47.5244923,2026-01-23 19:41:44.000,_20260123_105610_CH02_TMO_5GNR_WFC_MT-DUT-2_TC-155.dml,,,,,,,,,,NR SA,,,,,,,,,,,,,,,,,,,594,,2.536890,On,Connected,-68.000000,5220,136,,,,IWLAN
3116,1,,,-121.9314830,47.5244923,2026-01-23 19:41:45.000,_20260123_105610_CH02_TMO_5GNR_WFC_MT-DUT-2_TC-155.dml,,,,,,,,,,NR SA,,,,,,,,,,,,,,,,,,,594,,2.536890,On,Connected,-68.000000,5220,136,,,,IWLAN
3117,1,,,-121.9314830,47.5244923,2026-01-23 19:41:46.000,_20260123_105610_CH02_TMO_5GNR_WFC_MT-DUT-2_TC-155.dml,,,,,,,,,,NR SA,,,,,,,,,,,,,,,,,,,594,,2.536890,On,Connected,-68.000000,5220,136,,,,IWLAN
3118,1,,,-121.9314830,47.5244923,2026-01-23 19:41:47.000,_20260123_105610_CH02_TMO_5GNR_WFC_MT-DUT-2_TC-155.dml,,,,,,,,,,NR SA,,,,,,,,,,,,,,,,,,,594,,2.536890,On,Connected,-68.000000,5220,136,,,,IWLAN
3119,1,,,-121.9314830,47.5244923,2026-01-23 19:41:48.000,_20260123_105610_CH02_TMO_5GNR_WFC_MT-DUT-2_TC-155.dml,,,,,,,,,,NR SA,,,,,,,,,,,,,,,,,,,594,,2.536890,On,Connected,-68.000000,5220,136,,,,IWLAN
3120,1,,,-121.9314830,47.5244923,2026-01-23 19:41:49.000,_20260123_105610_CH02_TMO_5GNR_WFC_MT-DUT-2_TC-155.dml,,,,,,,,,,NR SA,,,,,,,,,,,,,,,,,,,594,,2.536890,On,Connected,-68.000000,5220,136,,,,IWLAN
3121,1,,,-121.9314830,47.5244923,2026-01-23 19:41:50.000,_20260123_105610_CH02_TMO_5GNR_WFC_MT-DUT-2_TC-155.dml,,,,,,,,,,NR SA,,,,,,,,,,,,,,,,,,,594,,2.536890,On,Connected,-68.000000,5220,136,,,,IWLAN
3122,1,,,-121.9314830,47.5244923,2026-01-23 19:41:51.000,_20260123_105610_CH02_TMO_5GNR_WFC_MT-DUT-2_TC-155.dml,,,,,,,,,,NR SA,,,,,,,,,,,,,,,,,,,594,,2.536890,On,Connected,-68.000000,5220,136,,,,IWLAN
3123,1,,,-121.9314830,47.5244923,2026-01-23 19:41:52.000,_20260123_105610_CH02_TMO_5GNR_WFC_MT-DUT-2_TC-155.dml,,,,,,,,,,NR SA,,,,,,,,,,,,,,,,,,,594,,,On,Connected,-68.000000,5220,136,,,,IWLAN
3124,1,,,-121.9314830,47.5244923,2026-01-23 19:41:52.676,_20260123_105610_CH02_TMO_5GNR_WFC_MT-DUT-2_TC-155.dml,,,,,,,,,,,,,,,,,,,,,,,,,,,,,,-80.004419,,,,,,,,,,
3125,1,,,-121.9314830,47.5244923,2026-01-23 19:41:53.000,_20260123_105610_CH02_TMO_5GNR_WFC_MT-DUT-2_TC-155.dml,,,,,,,,,,NR SA,,,,,,,,,,,,,,,,,,,594,,,On,Connected,-68.000000,5220,136,,,,IWLAN
3126,1,,,-121.9314830,47.5244923,2026-01-23 19:41:54.000,_20260123_105610_CH02_TMO_5GNR_WFC_MT-DUT-2_TC-155.dml,,,,,,,,,,NR SA,,,,,,,,,,,,,,,,,,,594,,,On,Connected,-68.000000,5220,136,,,,IWLAN
3127,1,,,-121.9314830,47.5244923,2026-01-23 19:41:55.000,_20260123_105610_CH02_TMO_5GNR_WFC_MT-DUT-2_TC-155.dml,,,,,,,,,,NR SA,,,,,,,,,,,,,,,,,,,594,,,On,Connected,-68.000000,5220,136,,,,IWLAN
3128,1,,,-121.9314830,47.5244923,2026-01-23 19:41:56.000,_20260123_105610_CH02_TMO_5GNR_WFC_MT-DUT-2_TC-155.dml,,,,,,,,,,NR SA,,,,,,,,,,,,,,,,,,,594,,,On,Connected,-68.000000,5220,136,,,,IWLAN
3129,1,,,-121.9314830,47.5244923,2026-01-23 19:41:57.000,_20260123_105610_CH02_TMO_5GNR_WFC_MT-DUT-2_TC-155.dml,,,,,,,,,,NR SA,,,,,,,,,,,,,,,,,,,594,,,On,Connected,-68.000000,5220,136,,,,IWLAN
3130,1,,,-121.9314830,47.5244923,2026-01-23 19:41:58.000,_20260123_105610_CH02_TMO_5GNR_WFC_MT-DUT-2_TC-155.dml,,,,,,,,,,NR SA,,,,,,,,,,,,,,,,,,,594,,,On,Connected,-68.000000,5220,136,,,,IWLAN
3131,1,,,-121.9314830,47.5244923,2026-01-23 19:41:59.000,_20260123_105610_CH02_TMO_5GNR_WFC_MT-DUT-2_TC-155.dml,,,,,,,,,,NR SA,,,,,,,,,,,,,,,,,,,594,,,On,Connected,-68.000000,5220,136,,,,IWLAN
3132,1,,,-121.9314830,47.5244923,2026-01-23 19:42:00.000,_20260123_105610_CH02_TMO_5GNR_WFC_MT-DUT-2_TC-155.dml,,,,,,,,,,NR SA,,,,,,,,,,,,,,,,,,,594,,,On,Connected,-68.000000,5220,136,,,,IWLAN
3133,1,,,-121.9314830,47.5244923,2026-01-23 19:42:01.000,_20260123_105610_CH02_TMO_5GNR_WFC_MT-DUT-2_TC-155.dml,,,,,,,,,,NR SA,,,,,,,,,,,,,,,,,,,594,,,On,Connected,-68.000000,5220,136,,,,IWLAN
3134,1,,,-121.9314830,47.5244923,2026-01-23 19:42:02.000,_20260123_105610_CH02_TMO_5GNR_WFC_MT-DUT-2_TC-155.dml,,,,,,,,,,NR SA,,,,,,,,,,,,,,,,,,,594,,2.266474,On,Connected,-68.000000,5220,136,,,,IWLAN
3135,1,,,-121.9314830,47.5244923,2026-01-23 19:42:03.000,_20260123_105610_CH02_TMO_5GNR_WFC_MT-DUT-2_TC-155.dml,,,,,,,,,,NR SA,,,,,,,,,,,,,,,,,,,594,,2.266474,On,Connected,-68.000000,5220,136,,,,IWLAN
3136,1,,,-121.9314830,47.5244923,2026-01-23 19:42:04.000,_20260123_105610_CH02_TMO_5GNR_WFC_MT-DUT-2_TC-155.dml,,,,,,,,,,NR SA,,,,,,,,,,,,,,,,,,,594,,2.266474,On,Connected,-68.000000,5220,136,,,,IWLAN
3137,1,,,-121.9314830,47.5244923,2026-01-23 19:42:05.000,_20260123_105610_CH02_TMO_5GNR_WFC_MT-DUT-2_TC-155.dml,,,,,,,,,,NR SA,,,,,,,,,,,,,,,,,,,594,,2.266474,On,Connected,-68.000000,5220,136,,,,IWLAN
3138,1,,,-121.9314830,47.5244923,2026-01-23 19:42:06.000,_20260123_105610_CH02_TMO_5GNR_WFC_MT-DUT-2_TC-155.dml,,,,,,,,,,NR SA,,,,,,,,,,,,,,,,,,,594,,2.266474,On,Connected,-68.000000,5220,136,,,,IWLAN
3139,1,,,-121.9314830,47.5244923,2026-01-23 19:42:07.000,_20260123_105610_CH02_TMO_5GNR_WFC_MT-DUT-2_TC-155.dml,,,,,,,,,,NR SA,,,,,,,,,,,,,,,,,,,594,,2.266474,On,Connected,-68.000000,5220,136,,,,IWLAN
3140,1,,,-121.9314830,47.5244923,2026-01-23 19:42:08.000,_20260123_105610_CH02_TMO_5GNR_WFC_MT-DUT-2_TC-155.dml,,,,,,,,,,NR SA,,,,,,,,,,,,,,,,,,,594,,2.266474,On,Connected,-68.000000,5220,136,,,,IWLAN
3141,1,,,-121.9314830,47.5244923,2026-01-23 19:42:09.000,_20260123_105610_CH02_TMO_5GNR_WFC_MT-DUT-2_TC-155.dml,,,,,,,,,,NR SA,,,,,,,,,,,,,,,,,,,594,,2.266474,On,Connected,-68.000000,5220,136,,,,IWLAN
3142,1,,,-121.9314830,47.5244923,2026-01-23 19:42:10.000,_20260123_105610_CH02_TMO_5GNR_WFC_MT-DUT-2_TC-155.dml,,,,,,,,,,NR SA,,,,,,,,,,,,,,,,,,,594,,2.266474,On,Connected,-68.000000,5220,136,,,,IWLAN
3143,1,,,-121.9314830,47.5244923,2026-01-23 19:42:11.000,_20260123_105610_CH02_TMO_5GNR_WFC_MT-DUT-2_TC-155.dml,,,,,,,,,,NR SA,,,,,,,,,,,,,,,,,,,594,,2.266474,On,Connected,-68.000000,5220,136,,,,IWLAN
3144,1,,,-121.9314830,47.5244923,2026-01-23 19:42:12.000,_20260123_105610_CH02_TMO_5GNR_WFC_MT-DUT-2_TC-155.dml,,,,,,,,,,NR SA,,,,,,,,,,,,,,,,,,,594,,,On,Connected,-68.000000,5220,136,,,,IWLAN
3145,1,,,-121.9314830,47.5244923,2026-01-23 19:42:12.660,_20260123_105610_CH02_TMO_5GNR_WFC_MT-DUT-2_TC-155.dml,,,,,,,,,,,,,,,,,,,,,,,,,,,,,,-82.072791,,,,,,,,,,
3146,1,,,-121.9314830,47.5244923,2026-01-23 19:42:13.000,_20260123_105610_CH02_TMO_5GNR_WFC_MT-DUT-2_TC-155.dml,,,,,,,,,,NR SA,,,,,,,,,,,,,,,,,,,594,,,,Connected,,,,,,,IWLAN
3147,1,,,-121.9314830,47.5244923,2026-01-23 19:42:14.000,_20260123_105610_CH02_TMO_5GNR_WFC_MT-DUT-2_TC-155.dml,,,,,,,,,,NR SA,,,,,,,,,,,,,,,,,,,594,,,On,Connected,-68.000000,5220,136,,,,IWLAN
3148,1,,,-121.9314830,47.5244923,2026-01-23 19:42:15.000,_20260123_105610_CH02_TMO_5GNR_WFC_MT-DUT-2_TC-155.dml,,,,,,,,,,NR SA,,,,,,,,,,,,,,,,,,,594,,,On,Connected,-68.000000,5220,136,,,,IWLAN
3149,1,,,-121.9314830,47.5244923,2026-01-23 19:42:16.000,_20260123_105610_CH02_TMO_5GNR_WFC_MT-DUT-2_TC-155.dml,,,,,,,,,,NR SA,,,,,,,,,,,,,,,,,,,594,,,On,Connected,-68.000000,5220,136,,,,IWLAN
3150,1,,,-121.9314830,47.5244923,2026-01-23 19:42:17.000,_20260123_105610_CH02_TMO_5GNR_WFC_MT-DUT-2_TC-155.dml,,,,,,,,,,NR SA,,,,,,,,,,,,,,,,,,,594,,,On,Connected,-68.000000,5220,136,,,,IWLAN
3151,1,,,-121.9314830,47.5244923,2026-01-23 19:42:18.000,_20260123_105610_CH02_TMO_5GNR_WFC_MT-DUT-2_TC-155.dml,,,,,,,,,,NR SA,,,,,,,,,,,,,,,,,,,594,,,On,Connected,-68.000000,5220,136,,,,IWLAN
3152,1,,,-121.9314830,47.5244923,2026-01-23 19:42:19.000,_20260123_105610_CH02_TMO_5GNR_WFC_MT-DUT-2_TC-155.dml,,,,,,,,,,NR SA,,,,,,,,,,,,,,,,,,,594,,,On,Connected,-68.000000,5220,136,,,,IWLAN
3153,1,,,-121.9314830,47.5244923,2026-01-23 19:42:20.000,_20260123_105610_CH02_TMO_5GNR_WFC_MT-DUT-2_TC-155.dml,,,,,,,,,,NR SA,,,,,,,,,,,,,,,,,,,594,,,,Connected,,,,,,,IWLAN
3154,1,,,-121.9314830,47.5244923,2026-01-23 19:42:21.000,_20260123_105610_CH02_TMO_5GNR_WFC_MT-DUT-2_TC-155.dml,,,,,,,,,,NR SA,,,,,,,,,,,,,,,,,,,594,,,On,Connected,-68.000000,5220,136,,,,IWLAN
3155,1,,,-121.9314830,47.5244923,2026-01-23 19:42:22.000,_20260123_105610_CH02_TMO_5GNR_WFC_MT-DUT-2_TC-155.dml,,,,,,,,,,NR SA,,,,,,,,,,,,,,,,,,,594,,,On,Connected,-68.000000,5220,136,,,,IWLAN
3156,1,,,-121.9314830,47.5244923,2026-01-23 19:42:22.645,_20260123_105610_CH02_TMO_5GNR_WFC_MT-DUT-2_TC-155.dml,,,,,,,,,,,,,,,,,,,,,,,[Tool] Voice - Pair Channel Call Drop,,,,,,,,,,,,,,,,,
3157,1,,,-121.9314830,47.5244923,2026-01-23 19:42:22.645,_20260123_105610_CH02_TMO_5GNR_WFC_MT-DUT-2_TC-155.dml,,,,,,,,,,,,,,,,,,,,,,,[Tool] Voice - Release Call Request,,,,,,,,,,,,,,,,,
3158,1,,,-121.9314830,47.5244923,2026-01-23 19:42:23.145,_20260123_105610_CH02_TMO_5GNR_WFC_MT-DUT-2_TC-155.dml,,,,,,,,,,,,,,,,,,,,,,Complete,[Tool] Voice - Call Result : Complete,,,,,,,,,,,,,,,,,
3159,1,,,-121.9314830,47.5244923,2026-01-23 19:42:23.145,_20260123_105610_CH02_TMO_5GNR_WFC_MT-DUT-2_TC-155.dml,,,,,,,,,,,,,,,,,,,,,,,[UE]   Voice - Release Call Success,,,,,,,,,,,,,,,,,
3160,1,,,-121.9314830,47.5244923,2026-01-23 19:42:23.000,_20260123_105610_CH02_TMO_5GNR_WFC_MT-DUT-2_TC-155.dml,,,,,,,,,,,,,,,,,,,,,,,,1,,,,,594,,,,Connected,,,,,,,IWLAN
3161,1,,,-121.9314830,47.5244923,2026-01-23 19:42:24.160,_20260123_105610_CH02_TMO_5GNR_WFC_MT-DUT-2_TC-155.dml,,,,,,,,,,,,,,,,,,,,,,,[UE]   Voice - Release Call Success,,,,,,,,,,,,,,,,,
3162,1,,,-121.9314830,47.5244923,2026-01-23 19:42:24.000,_20260123_105610_CH02_TMO_5GNR_WFC_MT-DUT-2_TC-155.dml,,,,,,,,,,,,,,,,,,,,,,,,,,,,,594,,,On,Connected,-68.000000,5220,136,,,,IWLAN
3163,1,,,-121.9314830,47.5244923,2026-01-23 19:42:25.000,_20260123_105610_CH02_TMO_5GNR_WFC_MT-DUT-2_TC-155.dml,,,,,,,,,,,,,,,,,,,,,,,,,,,,,594,,,,Connected,,,,,,,IWLAN
3164,1,,,-121.9314830,47.5244923,2026-01-23 19:42:26.000,_20260123_105610_CH02_TMO_5GNR_WFC_MT-DUT-2_TC-155.dml,,,,,,,,,,,,,,,,,,,,,,,,,,,,,594,,,On,Connected,-68.000000,5220,136,,,,IWLAN
3165,1,,,-121.9314830,47.5244923,2026-01-23 19:42:27.000,_20260123_105610_CH02_TMO_5GNR_WFC_MT-DUT-2_TC-155.dml,,,,,,,,,,,,,,,,,,,,,,,,,,,,,594,,,,Connected,,,,,,,IWLAN
3166,1,,,-121.9314830,47.5244923,2026-01-23 19:42:28.000,_20260123_105610_CH02_TMO_5GNR_WFC_MT-DUT-2_TC-155.dml,,,,,,,,,,,,,,,,,,,,,,,,,,,,,594,,,On,Connected,-68.000000,5220,136,,,,IWLAN
3167,1,,,-121.9314830,47.5244923,2026-01-23 19:42:29.000,_20260123_105610_CH02_TMO_5GNR_WFC_MT-DUT-2_TC-155.dml,,,,,,,,,,,,,,,,,,,,,,,,,,,,,594,,,On,Connected,-68.000000,5220,136,,,,IWLAN
3168,1,,,-121.9314830,47.5244923,2026-01-23 19:42:30.000,_20260123_105610_CH02_TMO_5GNR_WFC_MT-DUT-2_TC-155.dml,,,,,,,,,,,,,,,,,,,,,,,,,,,,,594,,,On,Connected,-67.000000,5220,136,,,,IWLAN
3169,1,,,-121.9314830,47.5244923,2026-01-23 19:42:31.000,_20260123_105610_CH02_TMO_5GNR_WFC_MT-DUT-2_TC-155.dml,,,,,,,,,,,,,,,,,,,,,,,,,,,,,594,,,,Connected,,,,,,,IWLAN
3170,1,,,-121.9314830,47.5244923,2026-01-23 19:42:32.000,_20260123_105610_CH02_TMO_5GNR_WFC_MT-DUT-2_TC-155.dml,,,,,,,,,,,,,,,,,,,,,,,,,,,,,594,,,On,Connected,-67.000000,5220,136,,,,IWLAN
3171,1,,,-121.9314830,47.5244923,2026-01-23 19:42:33.000,_20260123_105610_CH02_TMO_5GNR_WFC_MT-DUT-2_TC-155.dml,,,,,,,,,,,,,,,,,,,,,,,,,,,,,594,,,On,Connected,-67.000000,5220,136,,,,IWLAN
3172,1,,,-121.9314830,47.5244923,2026-01-23 19:42:34.000,_20260123_105610_CH02_TMO_5GNR_WFC_MT-DUT-2_TC-155.dml,,,,,,,,,,,,,,,,,,,,,,,,,,,,,594,,,On,Connected,-67.000000,5220,204,,,,IWLAN
3173,1,,,-121.9314830,47.5244923,2026-01-23 19:42:35.000,_20260123_105610_CH02_TMO_5GNR_WFC_MT-DUT-2_TC-155.dml,,,,,,,,,,,,,,,,,,,,,,,,,,,,,594,,,On,Connected,-67.000000,5220,204,,,,IWLAN
3174,1,,,-121.9314830,47.5244923,2026-01-23 19:42:36.000,_20260123_105610_CH02_TMO_5GNR_WFC_MT-DUT-2_TC-155.dml,,,,,,,,,,,,,,,,,,,,,,,,,,,,,594,,,On,Connected,-67.000000,5220,204,,,,IWLAN
3175,1,,,-121.9314830,47.5244923,2026-01-23 19:42:37.000,_20260123_105610_CH02_TMO_5GNR_WFC_MT-DUT-2_TC-155.dml,,,,,,,,,,,,,,,,,,,,,,,,,,,,,594,,,On,Connected,-68.000000,5220,204,,,,IWLAN
3176,1,,,-121.9314830,47.5244923,2026-01-23 19:42:38.000,_20260123_105610_CH02_TMO_5GNR_WFC_MT-DUT-2_TC-155.dml,,,,,,,,,,,,,,,,,,,,,,,,,,,,,594,,,On,Connected,-68.000000,5220,204,,,,IWLAN
3177,1,,,-121.9314830,47.5244923,2026-01-23 19:42:39.000,_20260123_105610_CH02_TMO_5GNR_WFC_MT-DUT-2_TC-155.dml,,,,,,,,,,,,,,,,,,,,,,,,,,,,,594,,,On,Connected,-68.000000,5220,204,,,,IWLAN
3178,1,,,-121.9314830,47.5244923,2026-01-23 19:42:40.000,_20260123_105610_CH02_TMO_5GNR_WFC_MT-DUT-2_TC-155.dml,,,,,,,,,,,,,,,,,,,,,,,,,,,,,594,,,On,Connected,-68.000000,5220,204,,,,IWLAN
3179,1,,,-121.9314830,47.5244923,2026-01-23 19:42:41.000,_20260123_105610_CH02_TMO_5GNR_WFC_MT-DUT-2_TC-155.dml,,,,,,,,,,,,,,,,,,,,,,,,,,,,,594,,,On,Connected,-68.000000,5220,204,,,,IWLAN
3180,1,,,-121.9314830,47.5244923,2026-01-23 19:42:42.000,_20260123_105610_CH02_TMO_5GNR_WFC_MT-DUT-2_TC-155.dml,,,,,,,,,,,,,,,,,,,,,,,,,,,,,594,,,On,Connected,-68.000000,5220,204,,,,IWLAN
3181,1,,,-121.9314830,47.5244923,2026-01-23 19:42:43.000,_20260123_105610_CH02_TMO_5GNR_WFC_MT-DUT-2_TC-155.dml,,,,,,,,,,,,,,,,,,,,,,,,,,,,,594,,,On,Connected,-67.000000,5220,204,,,,IWLAN
3182,1,,,-121.9314830,47.5244923,2026-01-23 19:42:44.000,_20260123_105610_CH02_TMO_5GNR_WFC_MT-DUT-2_TC-155.dml,,,,,,,,,,,,,,,,,,,,,,,,,,,,,594,,,On,Connected,-67.000000,5220,204,,,,IWLAN
3183,1,,,-121.9314830,47.5244923,2026-01-23 19:42:45.000,_20260123_105610_CH02_TMO_5GNR_WFC_MT-DUT-2_TC-155.dml,,,,,,,,,,,,,,,,,,,,,,,,,,,,,594,,,On,Connected,-67.000000,5220,204,,,,IWLAN
3184,1,,,-121.9314830,47.5244923,2026-01-23 19:42:46.000,_20260123_105610_CH02_TMO_5GNR_WFC_MT-DUT-2_TC-155.dml,,,,,,,,,,,,,,,,,,,,,,,,,,,,,594,,,On,Connected,-67.000000,5220,204,,,,IWLAN
3185,1,,,-121.9314830,47.5244923,2026-01-23 19:42:47.000,_20260123_105610_CH02_TMO_5GNR_WFC_MT-DUT-2_TC-155.dml,,,,,,,,,,,,,,,,,,,,,,,,,,,,,594,,,On,Connected,-67.000000,5220,204,,,,IWLAN
3186,1,,,-121.9314830,47.5244923,2026-01-23 19:42:48.000,_20260123_105610_CH02_TMO_5GNR_WFC_MT-DUT-2_TC-155.dml,,,,,,,,,,,,,,,,,,,,,,,,,,,,,594,,,On,Connected,-67.000000,5220,204,,,,IWLAN
3187,1,,,-121.9314830,47.5244923,2026-01-23 19:42:49.000,_20260123_105610_CH02_TMO_5GNR_WFC_MT-DUT-2_TC-155.dml,,,,,,,,,,,,,,,,,,,,,,,,,,,,,594,,,On,Connected,-68.000000,5220,204,,,,IWLAN
3188,1,,,-121.9314830,47.5244923,2026-01-23 19:42:50.000,_20260123_105610_CH02_TMO_5GNR_WFC_MT-DUT-2_TC-155.dml,,,,,,,,,,,,,,,,,,,,,,,,,,,,,594,,,On,Connected,-68.000000,5220,204,,,,IWLAN
3189,1,,,-121.9314830,47.5244923,2026-01-23 19:42:51.082,_20260123_105610_CH02_TMO_5GNR_WFC_MT-DUT-2_TC-155.dml,,,,,,,,,,,,,,,,,,,,,,,[Tool] Voice - Release Call Request,,,,,,,,,,,,,,,,,
3190,1,,,-121.9314830,47.5244923,2026-01-23 19:42:51.224,_20260123_105610_CH02_TMO_5GNR_WFC_MT-DUT-2_TC-155.dml,,,,,,,,,,,,,,,,,,,,,,,[Tool] Voice - Answer Request,,,,,,,,,,,,,,,,,
3191,1,,,-121.9314830,47.5244923,2026-01-23 19:42:51.000,_20260123_105610_CH02_TMO_5GNR_WFC_MT-DUT-2_TC-155.dml,,,,,,,,,,,,,,,,,,,,,,,,,,,,,594,,,On,Connected,-68.000000,5220,204,,,,IWLAN
3192,1,,,-121.9314830,47.5244923,2026-01-23 19:42:52.000,_20260123_105610_CH02_TMO_5GNR_WFC_MT-DUT-2_TC-155.dml,,,,,,,,,,,,,,,,,,,,,,,,,,,,,594,,,On,Connected,-68.000000,5220,204,,,,IWLAN
3193,1,,,-121.9314830,47.5244923,2026-01-23 19:42:53.000,_20260123_105610_CH02_TMO_5GNR_WFC_MT-DUT-2_TC-155.dml,,,,,,,,,,,,,,,,,,,,,,,,,,,,,594,,,On,Connected,-68.000000,5220,204,,,,IWLAN
3194,1,,,-121.9314830,47.5244923,2026-01-23 19:42:53.599,_20260123_105610_CH02_TMO_5GNR_WFC_MT-DUT-2_TC-155.dml,,,,,,,,,,,,,,,,,,,,,,,[Tool] Voice - Call Scheduling End,,,,,,,,,,,,,,,,,
3195,1,,,-121.9314830,47.5244923,2026-01-23 19:42:53.599,_20260123_105610_CH02_TMO_5GNR_WFC_MT-DUT-2_TC-155.dml,NR SA,Voice,Complete,NR SA,NR SA,,,,,,,,,,,,Complete,Termination,Complete,,,,,,,,,90.451999,,,,,,,,,,EPSFB,,
3196,1,,,-121.9314830,47.5244923,2026-01-23 19:42:53.599,_20260123_105610_CH02_TMO_5GNR_WFC_MT-DUT-2_TC-155.dml,,,,,,,,,,,,,,,,,,,,,,,[Tool] Voice - Release Call Request,,,,,,,,,,,,,,,,,
3197,1,,,-121.9314830,47.5244923,2026-01-23 19:42:54.114,_20260123_105610_CH02_TMO_5GNR_WFC_MT-DUT-2_TC-155.dml,,,,,,,,,,,,,,,,,,,,,,,[Tool] Voice - Call Scheduling Start(Term),,,,,,,,,,,,,,,,,
3198,1,,,-121.9314830,47.5244923,2026-01-23 19:42:54.114,_20260123_105610_CH02_TMO_5GNR_WFC_MT-DUT-2_TC-155.dml,,,,,,,,,,,,,,,,,,,,,,,[Tool] Voice - Wait Page,,,,,,,,,,,,,,,,,
3199,1,,,-121.9314830,47.5244923,2026-01-23 19:42:54.000,_20260123_105610_CH02_TMO_5GNR_WFC_MT-DUT-2_TC-155.dml,,,,,,,,,,,,,,,,,,,,,,,,,,,,,594,,,,Connected,,,,,,,IWLAN
3200,1,,,-121.9314830,47.5244923,2026-01-23 19:42:55.000,_20260123_105610_CH02_TMO_5GNR_WFC_MT-DUT-2_TC-155.dml,,,,,,,,,,,,,,,,,,,,,,,,,,,,,594,,,On,Connected,-68.000000,5220,136,,,,IWLAN
3201,1,,,-121.9314830,47.5244923,2026-01-23 19:42:56.000,_20260123_105610_CH02_TMO_5GNR_WFC_MT-DUT-2_TC-155.dml,,,,,,,,,,,,,,,,,,,,,,,,,,,,,594,,,On,Connected,-68.000000,5220,136,,,,IWLAN
3202,1,,,-121.9314830,47.5244923,2026-01-23 19:42:57.000,_20260123_105610_CH02_TMO_5GNR_WFC_MT-DUT-2_TC-155.dml,,,,,,,,,,,,,,,,,,,,,,,,,,,,,594,,,On,Connected,-68.000000,5220,136,,,,IWLAN
3203,1,,,-121.9314830,47.5244923,2026-01-23 19:42:58.000,_20260123_105610_CH02_TMO_5GNR_WFC_MT-DUT-2_TC-155.dml,,,,,,,,,,,,,,,,,,,,,,,,,,,,,594,,,On,Connected,-67.000000,5220,136,,,,IWLAN
3204,1,,,-121.9314830,47.5244923,2026-01-23 19:42:58.535,_20260123_105610_CH02_TMO_5GNR_WFC_MT-DUT-2_TC-155.dml,,,,,,,,,,,,,,,,,,,,,,,[Tool] Voice - Answer Request,,,,,,,,,,,,,,,,,
3205,1,,,-121.9314830,47.5244923,2026-01-23 19:42:59.380,_20260123_105610_CH02_TMO_5GNR_WFC_MT-DUT-2_TC-155.dml,,,,,,,,,,,,,,,,,,,,,,,[UE]   Voice - Setup Success,,,,,,,,,,,,,,,,,
3206,1,,,-121.9314830,47.5244923,2026-01-23 19:42:59.000,_20260123_105610_CH02_TMO_5GNR_WFC_MT-DUT-2_TC-155.dml,,,,,,,,,,NR SA,,,,,,,,,,,,,,,,,,,594,,,On,Connected,-67.000000,5220,136,,,,IWLAN
3207,1,,,-121.9314830,47.5244923,2026-01-23 19:43:00.000,_20260123_105610_CH02_TMO_5GNR_WFC_MT-DUT-2_TC-155.dml,,,,,,,,,,NR SA,,,,,,,,,,,,,,,,,,,594,,,On,Connected,-67.000000,5220,136,,,,IWLAN
3208,1,,,-121.9314830,47.5244923,2026-01-23 19:43:01.000,_20260123_105610_CH02_TMO_5GNR_WFC_MT-DUT-2_TC-155.dml,,,,,,,,,,NR SA,,,,,,,,,,,,,,,,,,,594,,,On,Connected,-68.000000,5220,136,,,,IWLAN
3209,1,,,-121.9314830,47.5244923,2026-01-23 19:43:02.000,_20260123_105610_CH02_TMO_5GNR_WFC_MT-DUT-2_TC-155.dml,,,,,,,,,,NR SA,,,,,,,,,,,,,,,,,,,594,,,On,Connected,-68.000000,5220,136,,,,IWLAN
3210,1,,,-121.9314830,47.5244923,2026-01-23 19:43:03.000,_20260123_105610_CH02_TMO_5GNR_WFC_MT-DUT-2_TC-155.dml,,,,,,,,,,NR SA,,,,,,,,,,,,,,,,,,,594,,,,Connected,,,,,,,IWLAN
3211,1,,,-121.9314830,47.5244923,2026-01-23 19:43:04.000,_20260123_105610_CH02_TMO_5GNR_WFC_MT-DUT-2_TC-155.dml,,,,,,,,,,NR SA,,,,,,,,,,,,,,,,,,,594,,,On,Connected,-68.000000,5220,136,,,,IWLAN
3212,1,,,-121.9314830,47.5244923,2026-01-23 19:43:05.000,_20260123_105610_CH02_TMO_5GNR_WFC_MT-DUT-2_TC-155.dml,,,,,,,,,,NR SA,,,,,,,,,,,,,,,,,,,594,,,On,Connected,-68.000000,5220,136,,,,IWLAN
3213,1,,,-121.9314830,47.5244923,2026-01-23 19:43:06.000,_20260123_105610_CH02_TMO_5GNR_WFC_MT-DUT-2_TC-155.dml,,,,,,,,,,NR SA,,,,,,,,,,,,,,,,,,,594,,,On,Connected,-68.000000,5220,136,,,,IWLAN
3214,1,,,-121.9314830,47.5244923,2026-01-23 19:43:07.000,_20260123_105610_CH02_TMO_5GNR_WFC_MT-DUT-2_TC-155.dml,,,,,,,,,,NR SA,,,,,,,,,,,,,,,,,,,594,,,On,Connected,-68.000000,5220,136,,,,IWLAN
3215,1,,,-121.9314830,47.5244923,2026-01-23 19:43:08.000,_20260123_105610_CH02_TMO_5GNR_WFC_MT-DUT-2_TC-155.dml,,,,,,,,,,NR SA,,,,,,,,,,,,,,,,,,,594,,,On,Connected,-68.000000,5220,136,,,,IWLAN
3216,1,,,-121.9314830,47.5244923,2026-01-23 19:43:09.000,_20260123_105610_CH02_TMO_5GNR_WFC_MT-DUT-2_TC-155.dml,,,,,,,,,,NR SA,,,,,,,,,,,,,,,,,,,594,,2.436181,On,Connected,-68.000000,5220,136,,,,IWLAN
3217,1,,,-121.9314830,47.5244923,2026-01-23 19:43:10.000,_20260123_105610_CH02_TMO_5GNR_WFC_MT-DUT-2_TC-155.dml,,,,,,,,,,NR SA,,,,,,,,,,,,,,,,,,,594,,2.436181,,Connected,,,,,,,IWLAN
3218,1,,,-121.9314830,47.5244923,2026-01-23 19:43:11.000,_20260123_105610_CH02_TMO_5GNR_WFC_MT-DUT-2_TC-155.dml,,,,,,,,,,NR SA,,,,,,,,,,,,,,,,,,,594,,2.436181,On,Connected,-68.000000,5220,136,,,,IWLAN
3219,1,,,-121.9314830,47.5244923,2026-01-23 19:43:12.000,_20260123_105610_CH02_TMO_5GNR_WFC_MT-DUT-2_TC-155.dml,,,,,,,,,,NR SA,,,,,,,,,,,,,,,,,,,594,,2.436181,On,Connected,-68.000000,5220,136,,,,IWLAN
3220,1,,,-121.9314830,47.5244923,2026-01-23 19:43:13.000,_20260123_105610_CH02_TMO_5GNR_WFC_MT-DUT-2_TC-155.dml,,,,,,,,,,NR SA,,,,,,,,,,,,,,,,,,,594,,2.436181,On,Connected,-68.000000,5220,136,,,,IWLAN
3221,1,,,-121.9314830,47.5244923,2026-01-23 19:43:14.000,_20260123_105610_CH02_TMO_5GNR_WFC_MT-DUT-2_TC-155.dml,,,,,,,,,,NR SA,,,,,,,,,,,,,,,,,,,594,,2.436181,On,Connected,-68.000000,5220,136,,,,IWLAN
3222,1,,,-121.9314830,47.5244923,2026-01-23 19:43:15.000,_20260123_105610_CH02_TMO_5GNR_WFC_MT-DUT-2_TC-155.dml,,,,,,,,,,NR SA,,,,,,,,,,,,,,,,,,,594,,2.436181,On,Connected,-68.000000,5220,136,,,,IWLAN
3223,1,,,-121.9314830,47.5244923,2026-01-23 19:43:16.000,_20260123_105610_CH02_TMO_5GNR_WFC_MT-DUT-2_TC-155.dml,,,,,,,,,,NR SA,,,,,,,,,,,,,,,,,,,594,,2.436181,On,Connected,-68.000000,5220,136,,,,IWLAN
3224,1,,,-121.9314830,47.5244923,2026-01-23 19:43:17.000,_20260123_105610_CH02_TMO_5GNR_WFC_MT-DUT-2_TC-155.dml,,,,,,,,,,NR SA,,,,,,,,,,,,,,,,,,,594,,2.436181,On,Connected,-68.000000,5220,136,,,,IWLAN
3225,1,,,-121.9314830,47.5244923,2026-01-23 19:43:18.000,_20260123_105610_CH02_TMO_5GNR_WFC_MT-DUT-2_TC-155.dml,,,,,,,,,,NR SA,,,,,,,,,,,,,,,,,,,594,,2.436181,On,Connected,-68.000000,5220,136,,,,IWLAN
3226,1,,,-121.9314830,47.5244923,2026-01-23 19:43:19.000,_20260123_105610_CH02_TMO_5GNR_WFC_MT-DUT-2_TC-155.dml,,,,,,,,,,NR SA,,,,,,,,,,,,,,,,,,,594,,,On,Connected,-68.000000,5220,136,,,,IWLAN
3227,1,,,-121.9314830,47.5244923,2026-01-23 19:43:19.880,_20260123_105610_CH02_TMO_5GNR_WFC_MT-DUT-2_TC-155.dml,,,,,,,,,,,,,,,,,,,,,,,,,,,,,,-82.976860,,,,,,,,,,
3228,1,,,-121.9314830,47.5244923,2026-01-23 19:43:20.000,_20260123_105610_CH02_TMO_5GNR_WFC_MT-DUT-2_TC-155.dml,,,,,,,,,,NR SA,,,,,,,,,,,,,,,,,,,594,,,On,Connected,-68.000000,5220,136,,,,IWLAN
3229,1,,,-121.9314830,47.5244923,2026-01-23 19:43:21.000,_20260123_105610_CH02_TMO_5GNR_WFC_MT-DUT-2_TC-155.dml,,,,,,,,,,NR SA,,,,,,,,,,,,,,,,,,,594,,,On,Connected,-68.000000,5220,136,,,,IWLAN
3230,1,,,-121.9314830,47.5244923,2026-01-23 19:43:22.000,_20260123_105610_CH02_TMO_5GNR_WFC_MT-DUT-2_TC-155.dml,,,,,,,,,,NR SA,,,,,,,,,,,,,,,,,,,594,,,On,Connected,-68.000000,5220,136,,,,IWLAN
3231,1,,,-121.9314830,47.5244923,2026-01-23 19:43:23.000,_20260123_105610_CH02_TMO_5GNR_WFC_MT-DUT-2_TC-155.dml,,,,,,,,,,NR SA,,,,,,,,,,,,,,,,,,,594,,,On,Connected,-68.000000,5220,136,,,,IWLAN
3232,1,,,-121.9314830,47.5244923,2026-01-23 19:43:24.000,_20260123_105610_CH02_TMO_5GNR_WFC_MT-DUT-2_TC-155.dml,,,,,,,,,,NR SA,,,,,,,,,,,,,,,,,,,594,,,On,Connected,-68.000000,5220,136,,,,IWLAN
3233,1,,,-121.9314830,47.5244923,2026-01-23 19:43:25.000,_20260123_105610_CH02_TMO_5GNR_WFC_MT-DUT-2_TC-155.dml,,,,,,,,,,NR SA,,,,,,,,,,,,,,,,,,,594,,,On,Connected,-68.000000,5220,136,,,,IWLAN
3234,1,,,-121.9314830,47.5244923,2026-01-23 19:43:26.000,_20260123_105610_CH02_TMO_5GNR_WFC_MT-DUT-2_TC-155.dml,,,,,,,,,,NR SA,,,,,,,,,,,,,,,,,,,594,,,On,Connected,-68.000000,5220,136,,,,IWLAN
3235,1,,,-121.9314830,47.5244923,2026-01-23 19:43:27.000,_20260123_105610_CH02_TMO_5GNR_WFC_MT-DUT-2_TC-155.dml,,,,,,,,,,NR SA,,,,,,,,,,,,,,,,,,,594,,,On,Connected,-68.000000,5220,136,,,,IWLAN
3236,1,,,-121.9314830,47.5244923,2026-01-23 19:43:28.000,_20260123_105610_CH02_TMO_5GNR_WFC_MT-DUT-2_TC-155.dml,,,,,,,,,,NR SA,,,,,,,,,,,,,,,,,,,594,,,On,Connected,-68.000000,5220,136,,,,IWLAN
3237,1,,,-121.9314830,47.5244923,2026-01-23 19:43:29.000,_20260123_105610_CH02_TMO_5GNR_WFC_MT-DUT-2_TC-155.dml,,,,,,,,,,NR SA,,,,,,,,,,,,,,,,,,,594,,1.894402,On,Connected,-68.000000,5220,136,,,,IWLAN
3238,1,,,-121.9314830,47.5244923,2026-01-23 19:43:30.000,_20260123_105610_CH02_TMO_5GNR_WFC_MT-DUT-2_TC-155.dml,,,,,,,,,,NR SA,,,,,,,,,,,,,,,,,,,594,,1.894402,On,Connected,-68.000000,5220,136,,,,IWLAN
3239,1,,,-121.9314830,47.5244923,2026-01-23 19:43:31.000,_20260123_105610_CH02_TMO_5GNR_WFC_MT-DUT-2_TC-155.dml,,,,,,,,,,NR SA,,,,,,,,,,,,,,,,,,,594,,1.894402,On,Connected,-68.000000,5220,136,,,,IWLAN
3240,1,,,-121.9314830,47.5244923,2026-01-23 19:43:32.000,_20260123_105610_CH02_TMO_5GNR_WFC_MT-DUT-2_TC-155.dml,,,,,,,,,,NR SA,,,,,,,,,,,,,,,,,,,594,,1.894402,On,Connected,-68.000000,5220,136,,,,IWLAN
3241,1,,,-121.9314830,47.5244923,2026-01-23 19:43:33.000,_20260123_105610_CH02_TMO_5GNR_WFC_MT-DUT-2_TC-155.dml,,,,,,,,,,NR SA,,,,,,,,,,,,,,,,,,,594,,1.894402,On,Connected,-68.000000,5220,136,,,,IWLAN
3242,1,,,-121.9314830,47.5244923,2026-01-23 19:43:34.000,_20260123_105610_CH02_TMO_5GNR_WFC_MT-DUT-2_TC-155.dml,,,,,,,,,,NR SA,,,,,,,,,,,,,,,,,,,594,,1.894402,On,Connected,-68.000000,5220,136,,,,IWLAN
3243,1,,,-121.9314830,47.5244923,2026-01-23 19:43:35.000,_20260123_105610_CH02_TMO_5GNR_WFC_MT-DUT-2_TC-155.dml,,,,,,,,,,NR SA,,,,,,,,,,,,,,,,,,,,,1.894402,On,Connected,-68.000000,5220,136,,,,IWLAN
3244,1,,,-121.9314830,47.5244923,2026-01-23 19:43:36.000,_20260123_105610_CH02_TMO_5GNR_WFC_MT-DUT-2_TC-155.dml,,,,,,,,,,NR SA,,,,,,,,,,,,,,,,,,,594,,1.894402,,Connected,,,,,,,IWLAN
3245,1,,,-121.9314830,47.5244923,2026-01-23 19:43:37.000,_20260123_105610_CH02_TMO_5GNR_WFC_MT-DUT-2_TC-155.dml,,,,,,,,,,NR SA,,,,,,,,,,,,,,,,,,,,,1.894402,On,Connected,-68.000000,5220,136,,,,IWLAN
3246,1,,,-121.9314830,47.5244923,2026-01-23 19:43:38.000,_20260123_105610_CH02_TMO_5GNR_WFC_MT-DUT-2_TC-155.dml,,,,,,,,,,NR SA,,,,,,,,,,,,,,,,,,,594,,1.894402,On,Connected,-68.000000,5220,136,,,,IWLAN
3247,1,,,-121.9314830,47.5244923,2026-01-23 19:43:39.000,_20260123_105610_CH02_TMO_5GNR_WFC_MT-DUT-2_TC-155.dml,,,,,,,,,,NR SA,,,,,,,,,,,,,,,,,,,,,,On,Connected,-68.000000,5220,136,,,,IWLAN
3248,1,,,-121.9314830,47.5244923,2026-01-23 19:43:39.880,_20260123_105610_CH02_TMO_5GNR_WFC_MT-DUT-2_TC-155.dml,,,,,,,,,,,,,,,,,,,,,,,,,,,,,,-79.984000,,,,,,,,,,
3249,1,,,-121.9314830,47.5244923,2026-01-23 19:43:40.000,_20260123_105610_CH02_TMO_5GNR_WFC_MT-DUT-2_TC-155.dml,,,,,,,,,,NR SA,,,,,,,,,,,,,,,,,,,594,,,On,Connected,-68.000000,5220,136,,,,IWLAN
3250,1,,,-121.9314830,47.5244923,2026-01-23 19:43:41.000,_20260123_105610_CH02_TMO_5GNR_WFC_MT-DUT-2_TC-155.dml,,,,,,,,,,NR SA,,,,,,,,,,,,,,,,,,,,,,On,Connected,-68.000000,5220,136,,,,IWLAN
3251,1,,,-121.9314830,47.5244923,2026-01-23 19:43:42.000,_20260123_105610_CH02_TMO_5GNR_WFC_MT-DUT-2_TC-155.dml,,,,,,,,,,NR SA,,,,,,,,,,,,,,,,,,,594,,,On,Connected,-68.000000,5220,136,,,,IWLAN
3252,1,,,-121.9314830,47.5244923,2026-01-23 19:43:43.000,_20260123_105610_CH02_TMO_5GNR_WFC_MT-DUT-2_TC-155.dml,,,,,,,,,,NR SA,,,,,,,,,,,,,,,,,,,,,,,Connected,,,,,,,IWLAN
3253,1,,,-121.9314830,47.5244923,2026-01-23 19:43:44.000,_20260123_105610_CH02_TMO_5GNR_WFC_MT-DUT-2_TC-155.dml,,,,,,,,,,NR SA,,,,,,,,,,,,,,,,,,,594,,,On,Connected,-68.000000,5220,136,,,,IWLAN
3254,1,,,-121.9314830,47.5244923,2026-01-23 19:43:45.000,_20260123_105610_CH02_TMO_5GNR_WFC_MT-DUT-2_TC-155.dml,,,,,,,,,,NR SA,,,,,,,,,,,,,,,,,,,,,,,Connected,,,,,,,IWLAN
3255,1,,,-121.9314830,47.5244923,2026-01-23 19:43:46.000,_20260123_105610_CH02_TMO_5GNR_WFC_MT-DUT-2_TC-155.dml,,,,,,,,,,NR SA,,,,,,,,,,,,,,,,,,,594,,,On,Connected,-68.000000,5220,136,,,,IWLAN
3256,1,,,-121.9314830,47.5244923,2026-01-23 19:43:47.000,_20260123_105610_CH02_TMO_5GNR_WFC_MT-DUT-2_TC-155.dml,,,,,,,,,,NR SA,,,,,,,,,,,,,,,,,,,,,,On,Connected,-68.000000,5220,136,,,,IWLAN
3257,1,,,-121.9314830,47.5244923,2026-01-23 19:43:48.000,_20260123_105610_CH02_TMO_5GNR_WFC_MT-DUT-2_TC-155.dml,,,,,,,,,,NR SA,,,,,,,,,,,,,,,,,,,594,,,On,Connected,-68.000000,5220,136,,,,IWLAN
3258,1,,,-121.9314830,47.5244923,2026-01-23 19:43:49.000,_20260123_105610_CH02_TMO_5GNR_WFC_MT-DUT-2_TC-155.dml,,,,,,,,,,NR SA,,,,,,,,,,,,,,,,,,,594,,2.097236,On,Connected,-68.000000,5220,136,,,,IWLAN
3259,1,,,-121.9314830,47.5244923,2026-01-23 19:43:50.000,_20260123_105610_CH02_TMO_5GNR_WFC_MT-DUT-2_TC-155.dml,,,,,,,,,,NR SA,,,,,,,,,,,,,,,,,,,,,2.097236,,Connected,,,,,,,IWLAN
3260,1,,,-121.9314830,47.5244923,2026-01-23 19:43:51.000,_20260123_105610_CH02_TMO_5GNR_WFC_MT-DUT-2_TC-155.dml,,,,,,,,,,NR SA,,,,,,,,,,,,,,,,,,,594,,2.097236,On,Connected,-68.000000,5220,136,,,,IWLAN
3261,1,,,-121.9314830,47.5244923,2026-01-23 19:43:52.000,_20260123_105610_CH02_TMO_5GNR_WFC_MT-DUT-2_TC-155.dml,,,,,,,,,,NR SA,,,,,,,,,,,,,,,,,,,,,2.097236,On,Connected,-68.000000,5220,136,,,,IWLAN
3262,1,,,-121.9314830,47.5244923,2026-01-23 19:43:53.000,_20260123_105610_CH02_TMO_5GNR_WFC_MT-DUT-2_TC-155.dml,,,,,,,,,,NR SA,,,,,,,,,,,,,,,,,,,594,,2.097236,On,Connected,-68.000000,5220,136,,,,IWLAN
3263,1,,,-121.9314830,47.5244923,2026-01-23 19:43:54.000,_20260123_105610_CH02_TMO_5GNR_WFC_MT-DUT-2_TC-155.dml,,,,,,,,,,NR SA,,,,,,,,,,,,,,,,,,,,,2.097236,On,Connected,-68.000000,5220,136,,,,IWLAN
3264,1,,,-121.9314830,47.5244923,2026-01-23 19:43:55.000,_20260123_105610_CH02_TMO_5GNR_WFC_MT-DUT-2_TC-155.dml,,,,,,,,,,NR SA,,,,,,,,,,,,,,,,,,,594,,2.097236,On,Connected,-68.000000,5220,136,,,,IWLAN
3265,1,,,-121.9314830,47.5244923,2026-01-23 19:43:56.000,_20260123_105610_CH02_TMO_5GNR_WFC_MT-DUT-2_TC-155.dml,,,,,,,,,,NR SA,,,,,,,,,,,,,,,,,,,,,2.097236,On,Connected,-68.000000,5220,136,,,,IWLAN
3266,1,,,-121.9314830,47.5244923,2026-01-23 19:43:57.000,_20260123_105610_CH02_TMO_5GNR_WFC_MT-DUT-2_TC-155.dml,,,,,,,,,,NR SA,,,,,,,,,,,,,,,,,,,594,,2.097236,On,Connected,-68.000000,5220,136,,,,IWLAN
3267,1,,,-121.9314830,47.5244923,2026-01-23 19:43:58.000,_20260123_105610_CH02_TMO_5GNR_WFC_MT-DUT-2_TC-155.dml,,,,,,,,,,NR SA,,,,,,,,,,,,,,,,,,,594,,2.097236,On,Connected,-68.000000,5220,136,,,,IWLAN
3268,1,,,-121.9314830,47.5244923,2026-01-23 19:43:59.000,_20260123_105610_CH02_TMO_5GNR_WFC_MT-DUT-2_TC-155.dml,,,,,,,,,,NR SA,,,,,,,,,,,,,,,,,,,594,,,,Connected,,,,,,,IWLAN
3269,1,,,-121.9314830,47.5244923,2026-01-23 19:43:59.864,_20260123_105610_CH02_TMO_5GNR_WFC_MT-DUT-2_TC-155.dml,,,,,,,,,,,,,,,,,,,,,,,,,,,,,,-81.484737,,,,,,,,,,
3270,1,,,-121.9314830,47.5244923,2026-01-23 19:44:00.000,_20260123_105610_CH02_TMO_5GNR_WFC_MT-DUT-2_TC-155.dml,,,,,,,,,,NR SA,,,,,,,,,,,,,,,,,,,,,,On,Connected,-68.000000,5220,136,,,,IWLAN
3271,1,,,-121.9314830,47.5244923,2026-01-23 19:44:01.000,_20260123_105610_CH02_TMO_5GNR_WFC_MT-DUT-2_TC-155.dml,,,,,,,,,,NR SA,,,,,,,,,,,,,,,,,,,594,,,On,Connected,-68.000000,5220,136,,,,IWLAN
3272,1,,,-121.9314830,47.5244923,2026-01-23 19:44:02.000,_20260123_105610_CH02_TMO_5GNR_WFC_MT-DUT-2_TC-155.dml,,,,,,,,,,NR SA,,,,,,,,,,,,,,,,,,,,,,On,Connected,-68.000000,5220,136,,,,IWLAN
3273,1,,,-121.9314830,47.5244923,2026-01-23 19:44:03.000,_20260123_105610_CH02_TMO_5GNR_WFC_MT-DUT-2_TC-155.dml,,,,,,,,,,NR SA,,,,,,,,,,,,,,,,,,,594,,,On,Connected,-68.000000,5220,136,,,,IWLAN
3274,1,,,-121.9314830,47.5244923,2026-01-23 19:44:04.000,_20260123_105610_CH02_TMO_5GNR_WFC_MT-DUT-2_TC-155.dml,,,,,,,,,,NR SA,,,,,,,,,,,,,,,,,,,,,,On,Connected,-68.000000,5220,136,,,,IWLAN
3275,1,,,-121.9314830,47.5244923,2026-01-23 19:44:05.000,_20260123_105610_CH02_TMO_5GNR_WFC_MT-DUT-2_TC-155.dml,,,,,,,,,,NR SA,,,,,,,,,,,,,,,,,,,594,,,On,Connected,-68.000000,5220,136,,,,IWLAN
3276,1,,,-121.9314830,47.5244923,2026-01-23 19:44:06.000,_20260123_105610_CH02_TMO_5GNR_WFC_MT-DUT-2_TC-155.dml,,,,,,,,,,NR SA,,,,,,,,,,,,,,,,,,,,,,,Connected,,,,,,,IWLAN
3277,1,,,-121.9314830,47.5244923,2026-01-23 19:44:07.000,_20260123_105610_CH02_TMO_5GNR_WFC_MT-DUT-2_TC-155.dml,,,,,,,,,,NR SA,,,,,,,,,,,,,,,,,,,594,,,On,Connected,-68.000000,5220,136,,,,IWLAN
3278,1,,,-121.9314830,47.5244923,2026-01-23 19:44:08.000,_20260123_105610_CH02_TMO_5GNR_WFC_MT-DUT-2_TC-155.dml,,,,,,,,,,NR SA,,,,,,,,,,,,,,,,,,,,,,On,Connected,-68.000000,5220,136,,,,IWLAN
3279,1,,,-121.9314830,47.5244923,2026-01-23 19:44:09.000,_20260123_105610_CH02_TMO_5GNR_WFC_MT-DUT-2_TC-155.dml,,,,,,,,,,NR SA,,,,,,,,,,,,,,,,,,,594,,1.483804,On,Connected,-68.000000,5220,136,,,,IWLAN
3280,1,,,-121.9314830,47.5244923,2026-01-23 19:44:10.000,_20260123_105610_CH02_TMO_5GNR_WFC_MT-DUT-2_TC-155.dml,,,,,,,,,,NR SA,,,,,,,,,,,,,,,,,,,,,1.483804,On,Connected,-68.000000,5220,136,,,,IWLAN
3281,1,,,-121.9314830,47.5244923,2026-01-23 19:44:11.000,_20260123_105610_CH02_TMO_5GNR_WFC_MT-DUT-2_TC-155.dml,,,,,,,,,,NR SA,,,,,,,,,,,,,,,,,,,594,,1.483804,On,Connected,-68.000000,5220,136,,,,IWLAN
3282,1,,,-121.9314830,47.5244923,2026-01-23 19:44:12.000,_20260123_105610_CH02_TMO_5GNR_WFC_MT-DUT-2_TC-155.dml,,,,,,,,,,NR SA,,,,,,,,,,,,,,,,,,,,,1.483804,On,Connected,-68.000000,5220,136,,,,IWLAN
3283,1,,,-121.9314830,47.5244923,2026-01-23 19:44:13.000,_20260123_105610_CH02_TMO_5GNR_WFC_MT-DUT-2_TC-155.dml,,,,,,,,,,NR SA,,,,,,,,,,,,,,,,,,,594,,1.483804,On,Connected,-68.000000,5220,136,,,,IWLAN
3284,1,,,-121.9314830,47.5244923,2026-01-23 19:44:14.000,_20260123_105610_CH02_TMO_5GNR_WFC_MT-DUT-2_TC-155.dml,,,,,,,,,,NR SA,,,,,,,,,,,,,,,,,,,594,,1.483804,On,Connected,-68.000000,5220,136,,,,IWLAN
3285,1,,,-121.9314830,47.5244923,2026-01-23 19:44:16.000,_20260123_105610_CH02_TMO_5GNR_WFC_MT-DUT-2_TC-155.dml,,,,,,,,,,NR SA,,,,,,,,,,,,,,,,,,,,,1.483804,On,Connected,-68.000000,5220,136,,,,IWLAN
3286,1,,,-121.9314830,47.5244923,2026-01-23 19:44:17.000,_20260123_105610_CH02_TMO_5GNR_WFC_MT-DUT-2_TC-155.dml,,,,,,,,,,NR SA,,,,,,,,,,,,,,,,,,,594,,1.483804,On,Connected,-68.000000,5220,136,,,,IWLAN
3287,1,,,-121.9314830,47.5244923,2026-01-23 19:44:18.000,_20260123_105610_CH02_TMO_5GNR_WFC_MT-DUT-2_TC-155.dml,,,,,,,,,,NR SA,,,,,,,,,,,,,,,,,,,,,1.483804,On,Connected,-68.000000,5220,136,,,,IWLAN
3288,1,,,-121.9314830,47.5244923,2026-01-23 19:44:19.000,_20260123_105610_CH02_TMO_5GNR_WFC_MT-DUT-2_TC-155.dml,,,,,,,,,,NR SA,,,,,,,,,,,,,,,,,,,594,,1.483804,On,Connected,-68.000000,5220,136,,,,IWLAN
3289,1,,,-121.9314830,47.5244923,2026-01-23 19:44:19.864,_20260123_105610_CH02_TMO_5GNR_WFC_MT-DUT-2_TC-155.dml,,,,,,,,,,,,,,,,,,,,,,,,,,,,,,-83.121875,,,,,,,,,,
3290,1,,,-121.9314830,47.5244923,2026-01-23 19:44:20.000,_20260123_105610_CH02_TMO_5GNR_WFC_MT-DUT-2_TC-155.dml,,,,,,,,,,NR SA,,,,,,,,,,,,,,,,,,,,,,On,Connected,-68.000000,5220,136,,,,IWLAN
3291,1,,,-121.9314830,47.5244923,2026-01-23 19:44:21.000,_20260123_105610_CH02_TMO_5GNR_WFC_MT-DUT-2_TC-155.dml,,,,,,,,,,NR SA,,,,,,,,,,,,,,,,,,,594,,,On,Connected,-68.000000,5220,136,,,,IWLAN
3292,1,,,-121.9314830,47.5244923,2026-01-23 19:44:22.000,_20260123_105610_CH02_TMO_5GNR_WFC_MT-DUT-2_TC-155.dml,,,,,,,,,,NR SA,,,,,,,,,,,,,,,,,,,594,,,On,Connected,-68.000000,5220,136,,,,IWLAN
3293,1,,,-121.9314830,47.5244923,2026-01-23 19:44:23.000,_20260123_105610_CH02_TMO_5GNR_WFC_MT-DUT-2_TC-155.dml,,,,,,,,,,NR SA,,,,,,,,,,,,,,,,,,,,,,On,Connected,-68.000000,5220,136,,,,IWLAN
3294,1,,,-121.9314830,47.5244923,2026-01-23 19:44:24.000,_20260123_105610_CH02_TMO_5GNR_WFC_MT-DUT-2_TC-155.dml,,,,,,,,,,NR SA,,,,,,,,,,,,,,,,,,,594,,,On,Connected,-68.000000,5220,136,,,,IWLAN
3295,1,,,-121.9314830,47.5244923,2026-01-23 19:44:25.000,_20260123_105610_CH02_TMO_5GNR_WFC_MT-DUT-2_TC-155.dml,,,,,,,,,,NR SA,,,,,,,,,,,,,,,,,,,,,,On,Connected,-68.000000,5220,136,,,,IWLAN
3296,1,,,-121.9314830,47.5244923,2026-01-23 19:44:26.000,_20260123_105610_CH02_TMO_5GNR_WFC_MT-DUT-2_TC-155.dml,,,,,,,,,,NR SA,,,,,,,,,,,,,,,,,,,594,,,On,Connected,-68.000000,5220,136,,,,IWLAN
3297,1,,,-121.9314830,47.5244923,2026-01-23 19:44:27.000,_20260123_105610_CH02_TMO_5GNR_WFC_MT-DUT-2_TC-155.dml,,,,,,,,,,NR SA,,,,,,,,,,,,,,,,,,,,,,On,Connected,-68.000000,5220,136,,,,IWLAN
3298,1,,,-121.9314830,47.5244923,2026-01-23 19:44:28.000,_20260123_105610_CH02_TMO_5GNR_WFC_MT-DUT-2_TC-155.dml,,,,,,,,,,NR SA,,,,,,,,,,,,,,,,,,,594,,,On,Connected,-68.000000,5220,136,,,,IWLAN
3299,1,,,-121.9314830,47.5244923,2026-01-23 19:44:29.000,_20260123_105610_CH02_TMO_5GNR_WFC_MT-DUT-2_TC-155.dml,,,,,,,,,,NR SA,,,,,,,,,,,,,,,,,,,,,,On,Connected,-68.000000,5220,136,,,,IWLAN
3300,1,,,-121.9314830,47.5244923,2026-01-23 19:44:29.630,_20260123_105610_CH02_TMO_5GNR_WFC_MT-DUT-2_TC-155.dml,,,,,,,,,,,,,,,,,,,,,,,[Tool] Voice - Pair Channel Call Drop,,,,,,,,,,,,,,,,,
3301,1,,,-121.9314830,47.5244923,2026-01-23 19:44:29.630,_20260123_105610_CH02_TMO_5GNR_WFC_MT-DUT-2_TC-155.dml,,,,,,,,,,,,,,,,,,,,,,,[Tool] Voice - Release Call Request,,,,,,,,,,,,,,,,,
3302,1,,,-121.9314830,47.5244923,2026-01-23 19:44:30.000,_20260123_105610_CH02_TMO_5GNR_WFC_MT-DUT-2_TC-155.dml,,,,,,,,,,NR SA,,,,,,,,,,,,,,,,,,,594,,,On,Connected,-68.000000,5220,136,,,,IWLAN
3303,1,,,-121.9314830,47.5244923,2026-01-23 19:44:30.130,_20260123_105610_CH02_TMO_5GNR_WFC_MT-DUT-2_TC-155.dml,,,,,,,,,,,,,,,,,,,,,,BQ,[Tool] Voice - Call Result : BQ,,,,,,,,,,,,,,,,,
3304,1,,,-121.9314830,47.5244923,2026-01-23 19:44:30.130,_20260123_105610_CH02_TMO_5GNR_WFC_MT-DUT-2_TC-155.dml,,,,,,,,,,,,,,,,,,,,,,,[UE]   Voice - Release Call Success,,,,,,,,,,,,,,,,,
3305,1,,,-121.9314830,47.5244923,2026-01-23 19:44:31.000,_20260123_105610_CH02_TMO_5GNR_WFC_MT-DUT-2_TC-155.dml,,,,,,,,,,,,,,,,,,,,,,,,,,,,,,,,On,Connected,-68.000000,5220,136,,,,IWLAN
3306,1,,,-121.9314830,47.5244923,2026-01-23 19:44:31.160,_20260123_105610_CH02_TMO_5GNR_WFC_MT-DUT-2_TC-155.dml,,,,,,,,,,,,,,,,,,,,,,,[UE]   Voice - Release Call Success,,,,,,,,,,,,,,,,,
3307,1,,,-121.9314830,47.5244923,2026-01-23 19:44:32.000,_20260123_105610_CH02_TMO_5GNR_WFC_MT-DUT-2_TC-155.dml,,,,,,,,,,,,,,,,,,,,,,,,,,,,,594,,,On,Connected,-68.000000,5220,136,,,,IWLAN
3308,1,,,-121.9314830,47.5244923,2026-01-23 19:44:33.000,_20260123_105610_CH02_TMO_5GNR_WFC_MT-DUT-2_TC-155.dml,,,,,,,,,,,,,,,,,,,,,,,,,,,,,,,,On,Connected,-68.000000,5220,136,,,,IWLAN
3309,1,,,-121.9314830,47.5244923,2026-01-23 19:44:34.000,_20260123_105610_CH02_TMO_5GNR_WFC_MT-DUT-2_TC-155.dml,,,,,,,,,,,,,,,,,,,,,,,,,,,,,594,,,On,Connected,-68.000000,5220,136,,,,IWLAN
3310,1,,,-121.9314830,47.5244923,2026-01-23 19:44:35.000,_20260123_105610_CH02_TMO_5GNR_WFC_MT-DUT-2_TC-155.dml,,,,,,,,,,,,,,,,,,,,,,,,,,,,,,,,On,Connected,-68.000000,5220,136,,,,IWLAN
3311,1,,,-121.9314830,47.5244923,2026-01-23 19:44:36.000,_20260123_105610_CH02_TMO_5GNR_WFC_MT-DUT-2_TC-155.dml,,,,,,,,,,,,,,,,,,,,,,,,,,,,,594,,,On,Connected,-68.000000,5220,136,,,,IWLAN
3312,1,,,-121.9314830,47.5244923,2026-01-23 19:44:37.000,_20260123_105610_CH02_TMO_5GNR_WFC_MT-DUT-2_TC-155.dml,,,,,,,,,,,,,,,,,,,,,,,,,,,,,,,,On,Connected,-68.000000,5220,136,,,,IWLAN
3313,1,,,-121.9314830,47.5244923,2026-01-23 19:44:38.000,_20260123_105610_CH02_TMO_5GNR_WFC_MT-DUT-2_TC-155.dml,,,,,,,,,,,,,,,,,,,,,,,,,,,,,594,,,On,Connected,-68.000000,5220,136,,,,IWLAN
3314,1,,,-121.9314830,47.5244923,2026-01-23 19:44:39.000,_20260123_105610_CH02_TMO_5GNR_WFC_MT-DUT-2_TC-155.dml,,,,,,,,,,,,,,,,,,,,,,,,,,,,,,,,On,Connected,-68.000000,5220,136,,,,IWLAN
3315,1,,,-121.9314830,47.5244923,2026-01-23 19:44:40.000,_20260123_105610_CH02_TMO_5GNR_WFC_MT-DUT-2_TC-155.dml,,,,,,,,,,,,,,,,,,,,,,,,,,,,,594,,,On,Connected,-68.000000,5220,136,,,,IWLAN
3316,1,,,-121.9314830,47.5244923,2026-01-23 19:44:41.000,_20260123_105610_CH02_TMO_5GNR_WFC_MT-DUT-2_TC-155.dml,,,,,,,,,,,,,,,,,,,,,,,,,,,,,594,,,On,Connected,-68.000000,5220,136,,,,IWLAN
3317,1,,,-121.9314830,47.5244923,2026-01-23 19:44:42.000,_20260123_105610_CH02_TMO_5GNR_WFC_MT-DUT-2_TC-155.dml,,,,,,,,,,,,,,,,,,,,,,,,,,,,,,,,On,Connected,-68.000000,5220,136,,,,IWLAN
3318,1,,,-121.9314830,47.5244923,2026-01-23 19:44:43.000,_20260123_105610_CH02_TMO_5GNR_WFC_MT-DUT-2_TC-155.dml,,,,,,,,,,,,,,,,,,,,,,,,,,,,,594,,,On,Connected,-68.000000,5220,204,,,,IWLAN
3319,1,,,-121.9314830,47.5244923,2026-01-23 19:44:44.000,_20260123_105610_CH02_TMO_5GNR_WFC_MT-DUT-2_TC-155.dml,,,,,,,,,,,,,,,,,,,,,,,,,,,,,594,,,On,Connected,-68.000000,5220,204,,,,IWLAN
3320,1,,,-121.9314830,47.5244923,2026-01-23 19:44:45.000,_20260123_105610_CH02_TMO_5GNR_WFC_MT-DUT-2_TC-155.dml,,,,,,,,,,,,,,,,,,,,,,,,,,,,,594,,,On,Connected,-68.000000,5220,204,,,,IWLAN
3321,1,,,-121.9314830,47.5244923,2026-01-23 19:44:46.000,_20260123_105610_CH02_TMO_5GNR_WFC_MT-DUT-2_TC-155.dml,,,,,,,,,,,,,,,,,,,,,,,,,,,,,594,,,On,Connected,-68.000000,5220,136,,,,IWLAN
3322,1,,,-121.9314830,47.5244923,2026-01-23 19:44:47.000,_20260123_105610_CH02_TMO_5GNR_WFC_MT-DUT-2_TC-155.dml,,,,,,,,,,,,,,,,,,,,,,,,,,,,,594,,,On,Connected,-68.000000,5220,136,,,,IWLAN
3323,1,,,-121.9314830,47.5244923,2026-01-23 19:44:48.000,_20260123_105610_CH02_TMO_5GNR_WFC_MT-DUT-2_TC-155.dml,,,,,,,,,,,,,,,,,,,,,,,,,,,,,594,,,On,Connected,-68.000000,5220,136,,,,IWLAN
3324,1,,,-121.9314830,47.5244923,2026-01-23 19:44:49.000,_20260123_105610_CH02_TMO_5GNR_WFC_MT-DUT-2_TC-155.dml,,,,,,,,,,,,,,,,,,,,,,,,,,,,,594,,,On,Connected,-68.000000,5220,136,,,,IWLAN
3325,1,,,-121.9314830,47.5244923,2026-01-23 19:44:50.000,_20260123_105610_CH02_TMO_5GNR_WFC_MT-DUT-2_TC-155.dml,,,,,,,,,,,,,,,,,,,,,,,,,,,,,594,,,On,Connected,-68.000000,5220,136,,,,IWLAN
3326,1,,,-121.9314830,47.5244923,2026-01-23 19:44:51.000,_20260123_105610_CH02_TMO_5GNR_WFC_MT-DUT-2_TC-155.dml,,,,,,,,,,,,,,,,,,,,,,,,,,,,,594,,,On,Connected,-68.000000,5220,136,,,,IWLAN
3327,1,,,-121.9314830,47.5244923,2026-01-23 19:44:52.000,_20260123_105610_CH02_TMO_5GNR_WFC_MT-DUT-2_TC-155.dml,,,,,,,,,,,,,,,,,,,,,,,,,,,,,594,,,On,Connected,-68.000000,5220,136,,,,IWLAN
3328,1,,,-121.9314830,47.5244923,2026-01-23 19:44:53.000,_20260123_105610_CH02_TMO_5GNR_WFC_MT-DUT-2_TC-155.dml,,,,,,,,,,,,,,,,,,,,,,,,,,,,,594,,,On,Connected,-68.000000,5220,136,,,,IWLAN
3329,1,,,-121.9314830,47.5244923,2026-01-23 19:44:54.000,_20260123_105610_CH02_TMO_5GNR_WFC_MT-DUT-2_TC-155.dml,,,,,,,,,,,,,,,,,,,,,,,,,,,,,594,,,On,Connected,-68.000000,5220,136,,,,IWLAN
3330,1,,,-121.9314830,47.5244923,2026-01-23 19:44:55.000,_20260123_105610_CH02_TMO_5GNR_WFC_MT-DUT-2_TC-155.dml,,,,,,,,,,,,,,,,,,,,,,,,,,,,,594,,,On,Connected,-68.000000,5220,136,,,,IWLAN
3331,1,,,-121.9314830,47.5244923,2026-01-23 19:44:56.000,_20260123_105610_CH02_TMO_5GNR_WFC_MT-DUT-2_TC-155.dml,,,,,,,,,,,,,,,,,,,,,,,,,,,,,594,,,On,Connected,-68.000000,5220,136,,,,IWLAN
3332,1,,,-121.9314830,47.5244923,2026-01-23 19:44:57.000,_20260123_105610_CH02_TMO_5GNR_WFC_MT-DUT-2_TC-155.dml,,,,,,,,,,,,,,,,,,,,,,,,,,,,,594,,,On,Connected,-68.000000,5220,136,,,,IWLAN
3333,1,,,-121.9314830,47.5244923,2026-01-23 19:44:57.676,_20260123_105610_CH02_TMO_5GNR_WFC_MT-DUT-2_TC-155.dml,,,,,,,,,,,,,,,,,,,,,,,[Tool] Voice - Release Call Request,,,,,,,,,,,,,,,,,
3334,1,,,-121.9314830,47.5244923,2026-01-23 19:44:57.817,_20260123_105610_CH02_TMO_5GNR_WFC_MT-DUT-2_TC-155.dml,,,,,,,,,,,,,,,,,,,,,,,[Tool] Voice - Answer Request,,,,,,,,,,,,,,,,,
3335,1,,,-121.9314830,47.5244923,2026-01-23 19:44:58.000,_20260123_105610_CH02_TMO_5GNR_WFC_MT-DUT-2_TC-155.dml,,,,,,,,,,,,,,,,,,,,,,,,,,,,,594,,,On,Connected,-68.000000,5220,136,,,,IWLAN
3336,1,,,-121.9314830,47.5244923,2026-01-23 19:44:59.000,_20260123_105610_CH02_TMO_5GNR_WFC_MT-DUT-2_TC-155.dml,,,,,,,,,,,,,,,,,,,,,,,,,,,,,594,,,On,Connected,-68.000000,5220,136,,,,IWLAN
3337,1,,,-121.9314830,47.5244923,2026-01-23 19:45:00.224,_20260123_105610_CH02_TMO_5GNR_WFC_MT-DUT-2_TC-155.dml,,,,,,,,,,,,,,,,,,,,,,,[Tool] Voice - Call Scheduling End,,,,,,,,,,,,,,,,,
3338,1,,,-121.9314830,47.5244923,2026-01-23 19:45:00.224,_20260123_105610_CH02_TMO_5GNR_WFC_MT-DUT-2_TC-155.dml,NR SA,Voice,BQ,NR SA,NR SA,,,,,,,,,,,,BQ,Termination,BQ,,,,,,,,,90.250000,,,,,,,,,,EPSFB,,
3339,1,,,-121.9314830,47.5244923,2026-01-23 19:45:00.224,_20260123_105610_CH02_TMO_5GNR_WFC_MT-DUT-2_TC-155.dml,,,,,,,,,,,,,,,,,,,,,,,[Tool] Voice - Release Call Request,,,,,,,,,,,,,,,,,
3340,1,,,-121.9314830,47.5244923,2026-01-23 19:45:00.000,_20260123_105610_CH02_TMO_5GNR_WFC_MT-DUT-2_TC-155.dml,,,,,,,,,,,,,,,,,,,,,,,,,,,,,594,,,On,Connected,-68.000000,5220,136,,,,IWLAN
3341,1,,,-121.9314830,47.5244923,2026-01-23 19:45:00.724,_20260123_105610_CH02_TMO_5GNR_WFC_MT-DUT-2_TC-155.dml,,,,,,,,,,,,,,,,,,,,,,,[Tool] Voice - Call Scheduling Start(Term),,,,,,,,,,,,,,,,,
3342,1,,,-121.9314830,47.5244923,2026-01-23 19:45:00.724,_20260123_105610_CH02_TMO_5GNR_WFC_MT-DUT-2_TC-155.dml,,,,,,,,,,,,,,,,,,,,,,,[Tool] Voice - Wait Page,,,,,,,,,,,,,,,,,
3343,1,,,-121.9314830,47.5244923,2026-01-23 19:45:01.000,_20260123_105610_CH02_TMO_5GNR_WFC_MT-DUT-2_TC-155.dml,,,,,,,,,,,,,,,,,,,,,,,,,,,,,594,,,On,Connected,-68.000000,5220,136,,,,IWLAN
3344,1,,,-121.9314830,47.5244923,2026-01-23 19:45:02.000,_20260123_105610_CH02_TMO_5GNR_WFC_MT-DUT-2_TC-155.dml,,,,,,,,,,,,,,,,,,,,,,,,,,,,,594,,,On,Connected,-68.000000,5220,136,,,,IWLAN
3345,1,,,-121.9314830,47.5244923,2026-01-23 19:45:03.000,_20260123_105610_CH02_TMO_5GNR_WFC_MT-DUT-2_TC-155.dml,,,,,,,,,,,,,,,,,,,,,,,,,,,,,594,,,On,Connected,-68.000000,5220,136,,,,IWLAN
3346,1,,,-121.9314830,47.5244923,2026-01-23 19:45:03.926,_20260123_105610_CH02_TMO_5GNR_WFC_MT-DUT-2_TC-155.dml,,,,,,,,,,,,,,,,,,,,,,,[Tool] Voice - Answer Request,,,,,,,,,,,,,,,,,
3347,1,,,-121.9314830,47.5244923,2026-01-23 19:45:04.000,_20260123_105610_CH02_TMO_5GNR_WFC_MT-DUT-2_TC-155.dml,,,,,,,,,,,,,,,,,,,,,,,,,,,,,594,,,On,Connected,-68.000000,5220,136,,,,IWLAN
3348,1,,,-121.9314830,47.5244923,2026-01-23 19:45:05.083,_20260123_105610_CH02_TMO_5GNR_WFC_MT-DUT-2_TC-155.dml,,,,,,,,,,,,,,,,,,,,,,,[Tool] Voice - Answer Request,,,,,,,,,,,,,,,,,
3349,1,,,-121.9314830,47.5244923,2026-01-23 19:45:05.000,_20260123_105610_CH02_TMO_5GNR_WFC_MT-DUT-2_TC-155.dml,,,,,,,,,,,,,,,,,,,,,,,,,,,,,594,,,On,Connected,-68.000000,5220,136,,,,IWLAN
3350,1,,,-121.9314830,47.5244923,2026-01-23 19:45:06.099,_20260123_105610_CH02_TMO_5GNR_WFC_MT-DUT-2_TC-155.dml,,,,,,,,,,,,,,,,,,,,,,,[Tool] Voice - Answer Request,,,,,,,,,,,,,,,,,
3351,1,,,-121.9314830,47.5244923,2026-01-23 19:45:06.000,_20260123_105610_CH02_TMO_5GNR_WFC_MT-DUT-2_TC-155.dml,,,,,,,,,,,,,,,,,,,,,,,,,,,,,594,,,On,Connected,-68.000000,5220,136,,,,IWLAN
3352,1,,,-121.9314830,47.5244923,2026-01-23 19:45:06.551,_20260123_105610_CH02_TMO_5GNR_WFC_MT-DUT-2_TC-155.dml,,,,,,,,,,,,,,,,,,,,,,,[UE]   Voice - Setup Success,,,,,,,,,,,,,,,,,
3353,1,,,-121.9314830,47.5244923,2026-01-23 19:45:07.000,_20260123_105610_CH02_TMO_5GNR_WFC_MT-DUT-2_TC-155.dml,,,,,,,,,,NR SA,,,,,,,,,,,,,,,,,,,594,,,On,Connected,-68.000000,5220,136,,,,IWLAN
3354,1,,,-121.9314830,47.5244923,2026-01-23 19:45:08.000,_20260123_105610_CH02_TMO_5GNR_WFC_MT-DUT-2_TC-155.dml,,,,,,,,,,NR SA,,,,,,,,,,,,,,,,,,,594,,,On,Connected,-68.000000,5220,136,,,,IWLAN
3355,1,,,-121.9314830,47.5244923,2026-01-23 19:45:09.000,_20260123_105610_CH02_TMO_5GNR_WFC_MT-DUT-2_TC-155.dml,,,,,,,,,,NR SA,,,,,,,,,,,,,,,,,,,594,,,On,Connected,-68.000000,5220,136,,,,IWLAN
3356,1,,,-121.9314830,47.5244923,2026-01-23 19:45:10.000,_20260123_105610_CH02_TMO_5GNR_WFC_MT-DUT-2_TC-155.dml,,,,,,,,,,NR SA,,,,,,,,,,,,,,,,,,,594,,,On,Connected,-68.000000,5220,136,,,,IWLAN
3357,1,,,-121.9314830,47.5244923,2026-01-23 19:45:11.000,_20260123_105610_CH02_TMO_5GNR_WFC_MT-DUT-2_TC-155.dml,,,,,,,,,,NR SA,,,,,,,,,,,,,,,,,,,594,,,On,Connected,-68.000000,5220,136,,,,IWLAN
3358,1,,,-121.9314830,47.5244923,2026-01-23 19:45:12.000,_20260123_105610_CH02_TMO_5GNR_WFC_MT-DUT-2_TC-155.dml,,,,,,,,,,NR SA,,,,,,,,,,,,,,,,,,,594,,,On,Connected,-68.000000,5220,136,,,,IWLAN
3359,1,,,-121.9314830,47.5244923,2026-01-23 19:45:13.000,_20260123_105610_CH02_TMO_5GNR_WFC_MT-DUT-2_TC-155.dml,,,,,,,,,,NR SA,,,,,,,,,,,,,,,,,,,594,,,On,Connected,-68.000000,5220,136,,,,IWLAN
3360,1,,,-121.9314830,47.5244923,2026-01-23 19:45:14.000,_20260123_105610_CH02_TMO_5GNR_WFC_MT-DUT-2_TC-155.dml,,,,,,,,,,NR SA,,,,,,,,,,,,,,,,,,,594,,,On,Connected,-68.000000,5220,136,,,,IWLAN
3361,1,,,-121.9314830,47.5244923,2026-01-23 19:45:15.000,_20260123_105610_CH02_TMO_5GNR_WFC_MT-DUT-2_TC-155.dml,,,,,,,,,,NR SA,,,,,,,,,,,,,,,,,,,594,,,On,Connected,-68.000000,5220,136,,,,IWLAN
3362,1,,,-121.9314830,47.5244923,2026-01-23 19:45:16.000,_20260123_105610_CH02_TMO_5GNR_WFC_MT-DUT-2_TC-155.dml,,,,,,,,,,NR SA,,,,,,,,,,,,,,,,,,,594,,,On,Connected,-68.000000,5220,136,,,,IWLAN
3363,1,,,-121.9314830,47.5244923,2026-01-23 19:45:17.000,_20260123_105610_CH02_TMO_5GNR_WFC_MT-DUT-2_TC-155.dml,,,,,,,,,,NR SA,,,,,,,,,,,,,,,,,,,594,,2.541698,On,Connected,-68.000000,5220,136,,,,IWLAN
3364,1,,,-121.9314830,47.5244923,2026-01-23 19:45:18.000,_20260123_105610_CH02_TMO_5GNR_WFC_MT-DUT-2_TC-155.dml,,,,,,,,,,NR SA,,,,,,,,,,,,,,,,,,,594,,2.541698,On,Connected,-68.000000,5220,136,,,,IWLAN
3365,1,,,-121.9314830,47.5244923,2026-01-23 19:45:19.000,_20260123_105610_CH02_TMO_5GNR_WFC_MT-DUT-2_TC-155.dml,,,,,,,,,,NR SA,,,,,,,,,,,,,,,,,,,594,,2.541698,On,Connected,-68.000000,5220,136,,,,IWLAN
3366,1,,,-121.9314830,47.5244923,2026-01-23 19:45:20.000,_20260123_105610_CH02_TMO_5GNR_WFC_MT-DUT-2_TC-155.dml,,,,,,,,,,NR SA,,,,,,,,,,,,,,,,,,,594,,2.541698,On,Connected,-68.000000,5220,136,,,,IWLAN
3367,1,,,-121.9314830,47.5244923,2026-01-23 19:45:21.000,_20260123_105610_CH02_TMO_5GNR_WFC_MT-DUT-2_TC-155.dml,,,,,,,,,,NR SA,,,,,,,,,,,,,,,,,,,594,,2.541698,On,Connected,-68.000000,5220,136,,,,IWLAN
3368,1,,,-121.9314830,47.5244923,2026-01-23 19:45:22.000,_20260123_105610_CH02_TMO_5GNR_WFC_MT-DUT-2_TC-155.dml,,,,,,,,,,NR SA,,,,,,,,,,,,,,,,,,,594,,2.541698,On,Connected,-68.000000,5220,136,,,,IWLAN
3369,1,,,-121.9314830,47.5244923,2026-01-23 19:45:23.000,_20260123_105610_CH02_TMO_5GNR_WFC_MT-DUT-2_TC-155.dml,,,,,,,,,,NR SA,,,,,,,,,,,,,,,,,,,594,,2.541698,On,Connected,-68.000000,5220,136,,,,IWLAN
3370,1,,,-121.9314830,47.5244923,2026-01-23 19:45:24.000,_20260123_105610_CH02_TMO_5GNR_WFC_MT-DUT-2_TC-155.dml,,,,,,,,,,NR SA,,,,,,,,,,,,,,,,,,,594,,2.541698,On,Connected,-68.000000,5220,136,,,,IWLAN
3371,1,,,-121.9314830,47.5244923,2026-01-23 19:45:25.000,_20260123_105610_CH02_TMO_5GNR_WFC_MT-DUT-2_TC-155.dml,,,,,,,,,,NR SA,,,,,,,,,,,,,,,,,,,594,,2.541698,On,Connected,-68.000000,5220,136,,,,IWLAN
3372,1,,,-121.9314830,47.5244923,2026-01-23 19:45:26.000,_20260123_105610_CH02_TMO_5GNR_WFC_MT-DUT-2_TC-155.dml,,,,,,,,,,NR SA,,,,,,,,,,,,,,,,,,,594,,2.541698,On,Connected,-68.000000,5220,136,,,,IWLAN
3373,1,,,-121.9314830,47.5244923,2026-01-23 19:45:27.318,_20260123_105610_CH02_TMO_5GNR_WFC_MT-DUT-2_TC-155.dml,,,,,,,,,,,,,,,,,,,,,,,,,,,,,,-83.792159,,,,,,,,,,
3374,1,,,-121.9314830,47.5244923,2026-01-23 19:45:27.000,_20260123_105610_CH02_TMO_5GNR_WFC_MT-DUT-2_TC-155.dml,,,,,,,,,,NR SA,,,,,,,,,,,,,,,,,,,594,,,On,Connected,-68.000000,5220,136,,,,IWLAN
3375,1,,,-121.9314830,47.5244923,2026-01-23 19:45:28.000,_20260123_105610_CH02_TMO_5GNR_WFC_MT-DUT-2_TC-155.dml,,,,,,,,,,NR SA,,,,,,,,,,,,,,,,,,,594,,,On,Connected,-68.000000,5220,136,,,,IWLAN
3376,1,,,-121.9314830,47.5244923,2026-01-23 19:45:29.000,_20260123_105610_CH02_TMO_5GNR_WFC_MT-DUT-2_TC-155.dml,,,,,,,,,,NR SA,,,,,,,,,,,,,,,,,,,594,,,On,Connected,-68.000000,5220,136,,,,IWLAN
3377,1,,,-121.9314830,47.5244923,2026-01-23 19:45:30.000,_20260123_105610_CH02_TMO_5GNR_WFC_MT-DUT-2_TC-155.dml,,,,,,,,,,NR SA,,,,,,,,,,,,,,,,,,,594,,,On,Connected,-68.000000,5220,136,,,,IWLAN
3378,1,,,-121.9314830,47.5244923,2026-01-23 19:45:31.000,_20260123_105610_CH02_TMO_5GNR_WFC_MT-DUT-2_TC-155.dml,,,,,,,,,,NR SA,,,,,,,,,,,,,,,,,,,594,,,On,Connected,-68.000000,5220,136,,,,IWLAN
3379,1,,,-121.9314830,47.5244923,2026-01-23 19:45:32.000,_20260123_105610_CH02_TMO_5GNR_WFC_MT-DUT-2_TC-155.dml,,,,,,,,,,NR SA,,,,,,,,,,,,,,,,,,,594,,,,Connected,,,,,,,IWLAN
3380,1,,,-121.9314830,47.5244923,2026-01-23 19:45:33.000,_20260123_105610_CH02_TMO_5GNR_WFC_MT-DUT-2_TC-155.dml,,,,,,,,,,NR SA,,,,,,,,,,,,,,,,,,,594,,,On,Connected,-68.000000,5220,136,,,,IWLAN
3381,1,,,-121.9314830,47.5244923,2026-01-23 19:45:34.000,_20260123_105610_CH02_TMO_5GNR_WFC_MT-DUT-2_TC-155.dml,,,,,,,,,,NR SA,,,,,,,,,,,,,,,,,,,594,,,On,Connected,-68.000000,5220,136,,,,IWLAN
3382,1,,,-121.9314830,47.5244923,2026-01-23 19:45:35.000,_20260123_105610_CH02_TMO_5GNR_WFC_MT-DUT-2_TC-155.dml,,,,,,,,,,NR SA,,,,,,,,,,,,,,,,,,,594,,,On,Connected,-68.000000,5220,136,,,,IWLAN
3383,1,,,-121.9314830,47.5244923,2026-01-23 19:45:36.000,_20260123_105610_CH02_TMO_5GNR_WFC_MT-DUT-2_TC-155.dml,,,,,,,,,,NR SA,,,,,,,,,,,,,,,,,,,594,,,On,Connected,-68.000000,5220,136,,,,IWLAN
3384,1,,,-121.9314830,47.5244923,2026-01-23 19:45:37.000,_20260123_105610_CH02_TMO_5GNR_WFC_MT-DUT-2_TC-155.dml,,,,,,,,,,NR SA,,,,,,,,,,,,,,,,,,,594,,2.436864,,Connected,,,,,,,IWLAN
3385,1,,,-121.9314830,47.5244923,2026-01-23 19:45:38.000,_20260123_105610_CH02_TMO_5GNR_WFC_MT-DUT-2_TC-155.dml,,,,,,,,,,NR SA,,,,,,,,,,,,,,,,,,,594,,2.436864,On,Connected,-68.000000,5220,136,,,,IWLAN
3386,1,,,-121.9314830,47.5244923,2026-01-23 19:45:39.000,_20260123_105610_CH02_TMO_5GNR_WFC_MT-DUT-2_TC-155.dml,,,,,,,,,,NR SA,,,,,,,,,,,,,,,,,,,594,,2.436864,On,Connected,-68.000000,5220,136,,,,IWLAN
3387,1,,,-121.9314830,47.5244923,2026-01-23 19:45:40.000,_20260123_105610_CH02_TMO_5GNR_WFC_MT-DUT-2_TC-155.dml,,,,,,,,,,NR SA,,,,,,,,,,,,,,,,,,,594,,2.436864,On,Connected,-68.000000,5220,136,,,,IWLAN
3388,1,,,-121.9314830,47.5244923,2026-01-23 19:45:41.000,_20260123_105610_CH02_TMO_5GNR_WFC_MT-DUT-2_TC-155.dml,,,,,,,,,,NR SA,,,,,,,,,,,,,,,,,,,594,,2.436864,On,Connected,-68.000000,5220,136,,,,IWLAN
3389,1,,,-121.9314830,47.5244923,2026-01-23 19:45:42.000,_20260123_105610_CH02_TMO_5GNR_WFC_MT-DUT-2_TC-155.dml,,,,,,,,,,NR SA,,,,,,,,,,,,,,,,,,,594,,2.436864,On,Connected,-68.000000,5220,136,,,,IWLAN
3390,1,,,-121.9314830,47.5244923,2026-01-23 19:45:43.000,_20260123_105610_CH02_TMO_5GNR_WFC_MT-DUT-2_TC-155.dml,,,,,,,,,,NR SA,,,,,,,,,,,,,,,,,,,594,,2.436864,On,Connected,-68.000000,5220,136,,,,IWLAN
3391,1,,,-121.9314830,47.5244923,2026-01-23 19:45:44.000,_20260123_105610_CH02_TMO_5GNR_WFC_MT-DUT-2_TC-155.dml,,,,,,,,,,NR SA,,,,,,,,,,,,,,,,,,,594,,2.436864,On,Connected,-68.000000,5220,136,,,,IWLAN
3392,1,,,-121.9314830,47.5244923,2026-01-23 19:45:45.000,_20260123_105610_CH02_TMO_5GNR_WFC_MT-DUT-2_TC-155.dml,,,,,,,,,,NR SA,,,,,,,,,,,,,,,,,,,594,,2.436864,On,Connected,-68.000000,5220,136,,,,IWLAN
3393,1,,,-121.9314830,47.5244923,2026-01-23 19:45:46.000,_20260123_105610_CH02_TMO_5GNR_WFC_MT-DUT-2_TC-155.dml,,,,,,,,,,NR SA,,,,,,,,,,,,,,,,,,,,,2.436864,On,Connected,-68.000000,5220,136,,,,IWLAN
3394,1,,,-121.9314830,47.5244923,2026-01-23 19:45:47.130,_20260123_105610_CH02_TMO_5GNR_WFC_MT-DUT-2_TC-155.dml,,,,,,,,,,,,,,,,,,,,,,,,,,,,,,-80.773378,,,,,,,,,,
3395,1,,,-121.9314830,47.5244923,2026-01-23 19:45:47.000,_20260123_105610_CH02_TMO_5GNR_WFC_MT-DUT-2_TC-155.dml,,,,,,,,,,NR SA,,,,,,,,,,,,,,,,,,,594,,,On,Connected,-68.000000,5220,136,,,,IWLAN
3396,1,,,-121.9314830,47.5244923,2026-01-23 19:45:48.000,_20260123_105610_CH02_TMO_5GNR_WFC_MT-DUT-2_TC-155.dml,,,,,,,,,,NR SA,,,,,,,,,,,,,,,,,,,,,,,Connected,,,,,,,IWLAN
3397,1,,,-121.9314830,47.5244923,2026-01-23 19:45:49.000,_20260123_105610_CH02_TMO_5GNR_WFC_MT-DUT-2_TC-155.dml,,,,,,,,,,NR SA,,,,,,,,,,,,,,,,,,,594,,,On,Connected,-68.000000,5220,136,,,,IWLAN
3398,1,,,-121.9314830,47.5244923,2026-01-23 19:45:50.000,_20260123_105610_CH02_TMO_5GNR_WFC_MT-DUT-2_TC-155.dml,,,,,,,,,,NR SA,,,,,,,,,,,,,,,,,,,594,,,On,Connected,-68.000000,5220,136,,,,IWLAN
3399,1,,,-121.9314830,47.5244923,2026-01-23 19:45:51.000,_20260123_105610_CH02_TMO_5GNR_WFC_MT-DUT-2_TC-155.dml,,,,,,,,,,NR SA,,,,,,,,,,,,,,,,,,,,,,On,Connected,-68.000000,5220,136,,,,IWLAN
3400,1,,,-121.9314830,47.5244923,2026-01-23 19:45:52.000,_20260123_105610_CH02_TMO_5GNR_WFC_MT-DUT-2_TC-155.dml,,,,,,,,,,NR SA,,,,,,,,,,,,,,,,,,,594,,,On,Connected,-68.000000,5220,136,,,,IWLAN
3401,1,,,-121.9314830,47.5244923,2026-01-23 19:45:53.000,_20260123_105610_CH02_TMO_5GNR_WFC_MT-DUT-2_TC-155.dml,,,,,,,,,,NR SA,,,,,,,,,,,,,,,,,,,594,,,On,Connected,-68.000000,5220,136,,,,IWLAN
3402,1,,,-121.9314830,47.5244923,2026-01-23 19:45:54.000,_20260123_105610_CH02_TMO_5GNR_WFC_MT-DUT-2_TC-155.dml,,,,,,,,,,NR SA,,,,,,,,,,,,,,,,,,,594,,,On,Connected,-68.000000,5220,136,,,,IWLAN
3403,1,,,-121.9314830,47.5244923,2026-01-23 19:45:55.000,_20260123_105610_CH02_TMO_5GNR_WFC_MT-DUT-2_TC-155.dml,,,,,,,,,,NR SA,,,,,,,,,,,,,,,,,,,594,,,,Connected,,,,,,,IWLAN
3404,1,,,-121.9314830,47.5244923,2026-01-23 19:45:56.000,_20260123_105610_CH02_TMO_5GNR_WFC_MT-DUT-2_TC-155.dml,,,,,,,,,,NR SA,,,,,,,,,,,,,,,,,,,594,,,On,Connected,-68.000000,5220,136,,,,IWLAN
3405,1,,,-121.9314830,47.5244923,2026-01-23 19:45:57.000,_20260123_105610_CH02_TMO_5GNR_WFC_MT-DUT-2_TC-155.dml,,,,,,,,,,NR SA,,,,,,,,,,,,,,,,,,,594,,2.123875,On,Connected,-68.000000,5220,136,,,,IWLAN
3406,1,,,-121.9314830,47.5244923,2026-01-23 19:45:58.000,_20260123_105610_CH02_TMO_5GNR_WFC_MT-DUT-2_TC-155.dml,,,,,,,,,,NR SA,,,,,,,,,,,,,,,,,,,594,,2.123875,On,Connected,-68.000000,5220,136,,,,IWLAN
3407,1,,,-121.9314830,47.5244923,2026-01-23 19:45:59.000,_20260123_105610_CH02_TMO_5GNR_WFC_MT-DUT-2_TC-155.dml,,,,,,,,,,NR SA,,,,,,,,,,,,,,,,,,,594,,2.123875,On,Connected,-68.000000,5220,136,,,,IWLAN
3408,1,,,-121.9314830,47.5244923,2026-01-23 19:46:00.000,_20260123_105610_CH02_TMO_5GNR_WFC_MT-DUT-2_TC-155.dml,,,,,,,,,,NR SA,,,,,,,,,,,,,,,,,,,594,,2.123875,,Connected,,,,,,,IWLAN
3409,1,,,-121.9314830,47.5244923,2026-01-23 19:46:01.000,_20260123_105610_CH02_TMO_5GNR_WFC_MT-DUT-2_TC-155.dml,,,,,,,,,,NR SA,,,,,,,,,,,,,,,,,,,594,,2.123875,On,Connected,-68.000000,5220,136,,,,IWLAN
3410,1,,,-121.9314830,47.5244923,2026-01-23 19:46:02.000,_20260123_105610_CH02_TMO_5GNR_WFC_MT-DUT-2_TC-155.dml,,,,,,,,,,NR SA,,,,,,,,,,,,,,,,,,,594,,2.123875,,Connected,,,,,,,IWLAN
3411,1,,,-121.9314830,47.5244923,2026-01-23 19:46:03.000,_20260123_105610_CH02_TMO_5GNR_WFC_MT-DUT-2_TC-155.dml,,,,,,,,,,NR SA,,,,,,,,,,,,,,,,,,,594,,2.123875,On,Connected,-68.000000,5220,136,,,,IWLAN
3412,1,,,-121.9314830,47.5244923,2026-01-23 19:46:04.000,_20260123_105610_CH02_TMO_5GNR_WFC_MT-DUT-2_TC-155.dml,,,,,,,,,,NR SA,,,,,,,,,,,,,,,,,,,594,,2.123875,,Connected,,,,,,,IWLAN
3413,1,,,-121.9314830,47.5244923,2026-01-23 19:46:05.000,_20260123_105610_CH02_TMO_5GNR_WFC_MT-DUT-2_TC-155.dml,,,,,,,,,,NR SA,,,,,,,,,,,,,,,,,,,594,,2.123875,On,Connected,-68.000000,5220,136,,,,IWLAN
3414,1,,,-121.9314830,47.5244923,2026-01-23 19:46:06.000,_20260123_105610_CH02_TMO_5GNR_WFC_MT-DUT-2_TC-155.dml,,,,,,,,,,NR SA,,,,,,,,,,,,,,,,,,,594,,2.123875,On,Connected,-68.000000,5220,136,,,,IWLAN
3415,1,,,-121.9314830,47.5244923,2026-01-23 19:46:07.145,_20260123_105610_CH02_TMO_5GNR_WFC_MT-DUT-2_TC-155.dml,,,,,,,,,,,,,,,,,,,,,,,,,,,,,,-83.156786,,,,,,,,,,
3416,1,,,-121.9314830,47.5244923,2026-01-23 19:46:07.000,_20260123_105610_CH02_TMO_5GNR_WFC_MT-DUT-2_TC-155.dml,,,,,,,,,,NR SA,,,,,,,,,,,,,,,,,,,594,,,,Connected,,,,,,,IWLAN
3417,1,,,-121.9314830,47.5244923,2026-01-23 19:46:08.000,_20260123_105610_CH02_TMO_5GNR_WFC_MT-DUT-2_TC-155.dml,,,,,,,,,,NR SA,,,,,,,,,,,,,,,,,,,594,,,On,Connected,-68.000000,5220,136,,,,IWLAN
3418,1,,,-121.9314830,47.5244923,2026-01-23 19:46:09.000,_20260123_105610_CH02_TMO_5GNR_WFC_MT-DUT-2_TC-155.dml,,,,,,,,,,NR SA,,,,,,,,,,,,,,,,,,,594,,,,Connected,,,,,,,IWLAN
3419,1,,,-121.9314830,47.5244923,2026-01-23 19:46:10.000,_20260123_105610_CH02_TMO_5GNR_WFC_MT-DUT-2_TC-155.dml,,,,,,,,,,NR SA,,,,,,,,,,,,,,,,,,,594,,,On,Connected,-68.000000,5220,136,,,,IWLAN
3420,1,,,-121.9314830,47.5244923,2026-01-23 19:46:11.000,_20260123_105610_CH02_TMO_5GNR_WFC_MT-DUT-2_TC-155.dml,,,,,,,,,,NR SA,,,,,,,,,,,,,,,,,,,594,,,,Connected,,,,,,,IWLAN
3421,1,,,-121.9314830,47.5244923,2026-01-23 19:46:12.000,_20260123_105610_CH02_TMO_5GNR_WFC_MT-DUT-2_TC-155.dml,,,,,,,,,,NR SA,,,,,,,,,,,,,,,,,,,594,,,On,Connected,-68.000000,5220,136,,,,IWLAN
3422,1,,,-121.9314830,47.5244923,2026-01-23 19:46:13.000,_20260123_105610_CH02_TMO_5GNR_WFC_MT-DUT-2_TC-155.dml,,,,,,,,,,NR SA,,,,,,,,,,,,,,,,,,,594,,,On,Connected,-68.000000,5220,136,,,,IWLAN
3423,1,,,-121.9314830,47.5244923,2026-01-23 19:46:14.000,_20260123_105610_CH02_TMO_5GNR_WFC_MT-DUT-2_TC-155.dml,,,,,,,,,,NR SA,,,,,,,,,,,,,,,,,,,594,,,On,Connected,-68.000000,5220,136,,,,IWLAN
3424,1,,,-121.9314830,47.5244923,2026-01-23 19:46:15.000,_20260123_105610_CH02_TMO_5GNR_WFC_MT-DUT-2_TC-155.dml,,,,,,,,,,NR SA,,,,,,,,,,,,,,,,,,,594,,,On,Connected,-68.000000,5220,136,,,,IWLAN
3425,1,,,-121.9314830,47.5244923,2026-01-23 19:46:16.000,_20260123_105610_CH02_TMO_5GNR_WFC_MT-DUT-2_TC-155.dml,,,,,,,,,,NR SA,,,,,,,,,,,,,,,,,,,594,,,On,Connected,-68.000000,5220,136,,,,IWLAN
3426,1,,,-121.9314830,47.5244923,2026-01-23 19:46:17.000,_20260123_105610_CH02_TMO_5GNR_WFC_MT-DUT-2_TC-155.dml,,,,,,,,,,NR SA,,,,,,,,,,,,,,,,,,,594,,2.533250,On,Connected,-68.000000,5220,136,,,,IWLAN
3427,1,,,-121.9314830,47.5244923,2026-01-23 19:46:18.000,_20260123_105610_CH02_TMO_5GNR_WFC_MT-DUT-2_TC-155.dml,,,,,,,,,,NR SA,,,,,,,,,,,,,,,,,,,594,,2.533250,On,Connected,-68.000000,5220,136,,,,IWLAN
3428,1,,,-121.9314830,47.5244923,2026-01-23 19:46:19.000,_20260123_105610_CH02_TMO_5GNR_WFC_MT-DUT-2_TC-155.dml,,,,,,,,,,NR SA,,,,,,,,,,,,,,,,,,,594,,2.533250,On,Connected,-68.000000,5220,136,,,,IWLAN
3429,1,,,-121.9314830,47.5244923,2026-01-23 19:46:20.000,_20260123_105610_CH02_TMO_5GNR_WFC_MT-DUT-2_TC-155.dml,,,,,,,,,,NR SA,,,,,,,,,,,,,,,,,,,594,,2.533250,On,Connected,-68.000000,5220,136,,,,IWLAN
3430,1,,,-121.9314830,47.5244923,2026-01-23 19:46:21.000,_20260123_105610_CH02_TMO_5GNR_WFC_MT-DUT-2_TC-155.dml,,,,,,,,,,NR SA,,,,,,,,,,,,,,,,,,,594,,2.533250,On,Connected,-68.000000,5220,136,,,,IWLAN
3431,1,,,-121.9314830,47.5244923,2026-01-23 19:46:22.000,_20260123_105610_CH02_TMO_5GNR_WFC_MT-DUT-2_TC-155.dml,,,,,,,,,,NR SA,,,,,,,,,,,,,,,,,,,594,,2.533250,On,Connected,-68.000000,5220,136,,,,IWLAN
3432,1,,,-121.9314830,47.5244923,2026-01-23 19:46:23.000,_20260123_105610_CH02_TMO_5GNR_WFC_MT-DUT-2_TC-155.dml,,,,,,,,,,NR SA,,,,,,,,,,,,,,,,,,,594,,2.533250,On,Connected,-68.000000,5220,136,,,,IWLAN
3433,1,,,-121.9314830,47.5244923,2026-01-23 19:46:24.000,_20260123_105610_CH02_TMO_5GNR_WFC_MT-DUT-2_TC-155.dml,,,,,,,,,,NR SA,,,,,,,,,,,,,,,,,,,594,,2.533250,On,Connected,-68.000000,5220,136,,,,IWLAN
3434,1,,,-121.9314830,47.5244923,2026-01-23 19:46:25.000,_20260123_105610_CH02_TMO_5GNR_WFC_MT-DUT-2_TC-155.dml,,,,,,,,,,NR SA,,,,,,,,,,,,,,,,,,,594,,2.533250,On,Connected,-68.000000,5220,136,,,,IWLAN
3435,1,,,-121.9314830,47.5244923,2026-01-23 19:46:26.000,_20260123_105610_CH02_TMO_5GNR_WFC_MT-DUT-2_TC-155.dml,,,,,,,,,,NR SA,,,,,,,,,,,,,,,,,,,594,,2.533250,On,Connected,-68.000000,5220,136,,,,IWLAN
3436,1,,,-121.9314830,47.5244923,2026-01-23 19:46:27.192,_20260123_105610_CH02_TMO_5GNR_WFC_MT-DUT-2_TC-155.dml,,,,,,,,,,,,,,,,,,,,,,,,,,,,,,-82.985119,,,,,,,,,,
3437,1,,,-121.9314830,47.5244923,2026-01-23 19:46:27.000,_20260123_105610_CH02_TMO_5GNR_WFC_MT-DUT-2_TC-155.dml,,,,,,,,,,NR SA,,,,,,,,,,,,,,,,,,,594,,,On,Connected,-68.000000,5220,136,,,,IWLAN
3438,1,,,-121.9314830,47.5244923,2026-01-23 19:46:28.000,_20260123_105610_CH02_TMO_5GNR_WFC_MT-DUT-2_TC-155.dml,,,,,,,,,,NR SA,,,,,,,,,,,,,,,,,,,594,,,On,Connected,-68.000000,5220,136,,,,IWLAN
3439,1,,,-121.9314830,47.5244923,2026-01-23 19:46:29.000,_20260123_105610_CH02_TMO_5GNR_WFC_MT-DUT-2_TC-155.dml,,,,,,,,,,NR SA,,,,,,,,,,,,,,,,,,,594,,,On,Connected,-68.000000,5220,136,,,,IWLAN
3440,1,,,-121.9314830,47.5244923,2026-01-23 19:46:30.000,_20260123_105610_CH02_TMO_5GNR_WFC_MT-DUT-2_TC-155.dml,,,,,,,,,,NR SA,,,,,,,,,,,,,,,,,,,594,,,On,Connected,-68.000000,5220,136,,,,IWLAN
3441,1,,,-121.9314830,47.5244923,2026-01-23 19:46:31.000,_20260123_105610_CH02_TMO_5GNR_WFC_MT-DUT-2_TC-155.dml,,,,,,,,,,NR SA,,,,,,,,,,,,,,,,,,,594,,,On,Connected,-68.000000,5220,136,,,,IWLAN
3442,1,,,-121.9314830,47.5244923,2026-01-23 19:46:32.000,_20260123_105610_CH02_TMO_5GNR_WFC_MT-DUT-2_TC-155.dml,,,,,,,,,,NR SA,,,,,,,,,,,,,,,,,,,594,,,On,Connected,-68.000000,5220,136,,,,IWLAN
3443,1,,,-121.9314830,47.5244923,2026-01-23 19:46:33.000,_20260123_105610_CH02_TMO_5GNR_WFC_MT-DUT-2_TC-155.dml,,,,,,,,,,NR SA,,,,,,,,,,,,,,,,,,,594,,,On,Connected,-68.000000,5220,136,,,,IWLAN
3444,1,,,-121.9314830,47.5244923,2026-01-23 19:46:34.000,_20260123_105610_CH02_TMO_5GNR_WFC_MT-DUT-2_TC-155.dml,,,,,,,,,,NR SA,,,,,,,,,,,,,,,,,,,594,,,On,Connected,-68.000000,5220,136,,,,IWLAN
3445,1,,,-121.9314830,47.5244923,2026-01-23 19:46:35.000,_20260123_105610_CH02_TMO_5GNR_WFC_MT-DUT-2_TC-155.dml,,,,,,,,,,NR SA,,,,,,,,,,,,,,,,,,,594,,,On,Connected,-68.000000,5220,136,,,,IWLAN
3446,1,,,-121.9314830,47.5244923,2026-01-23 19:46:36.000,_20260123_105610_CH02_TMO_5GNR_WFC_MT-DUT-2_TC-155.dml,,,,,,,,,,NR SA,,,,,,,,,,,,,,,,,,,594,,,On,Connected,-68.000000,5220,136,,,,IWLAN
3447,1,,,-121.9314830,47.5244923,2026-01-23 19:46:36.849,_20260123_105610_CH02_TMO_5GNR_WFC_MT-DUT-2_TC-155.dml,,,,,,,,,,,,,,,,,,,,,,,[Tool] Voice - Pair Channel Call Drop,,,,,,,,,,,,,,,,,
3448,1,,,-121.9314830,47.5244923,2026-01-23 19:46:36.849,_20260123_105610_CH02_TMO_5GNR_WFC_MT-DUT-2_TC-155.dml,,,,,,,,,,,,,,,,,,,,,,,[Tool] Voice - Release Call Request,,,,,,,,,,,,,,,,,
3449,1,,,-121.9314830,47.5244923,2026-01-23 19:46:37.364,_20260123_105610_CH02_TMO_5GNR_WFC_MT-DUT-2_TC-155.dml,,,,,,,,,,,,,,,,,,,,,,Complete,[Tool] Voice - Call Result : Complete,,,,,,,,,,,,,,,,,
3450,1,,,-121.9314830,47.5244923,2026-01-23 19:46:37.364,_20260123_105610_CH02_TMO_5GNR_WFC_MT-DUT-2_TC-155.dml,,,,,,,,,,,,,,,,,,,,,,,[UE]   Voice - Release Call Success,,,,,,,,,,,,,,,,,
3451,1,,,-121.9314830,47.5244923,2026-01-23 19:46:37.000,_20260123_105610_CH02_TMO_5GNR_WFC_MT-DUT-2_TC-155.dml,,,,,,,,,,,,,,,,,,,,,,,,1,,,,,594,,,On,Connected,-68.000000,5220,136,,,,IWLAN
3452,1,,,-121.9314830,47.5244923,2026-01-23 19:46:38.380,_20260123_105610_CH02_TMO_5GNR_WFC_MT-DUT-2_TC-155.dml,,,,,,,,,,,,,,,,,,,,,,,[UE]   Voice - Release Call Success,,,,,,,,,,,,,,,,,
3453,1,,,-121.9314830,47.5244923,2026-01-23 19:46:38.000,_20260123_105610_CH02_TMO_5GNR_WFC_MT-DUT-2_TC-155.dml,,,,,,,,,,,,,,,,,,,,,,,,,,,,,594,,,On,Connected,-68.000000,5220,136,,,,IWLAN
3454,1,,,-121.9314830,47.5244923,2026-01-23 19:46:39.000,_20260123_105610_CH02_TMO_5GNR_WFC_MT-DUT-2_TC-155.dml,,,,,,,,,,,,,,,,,,,,,,,,,,,,,594,,,On,Connected,-69.000000,5220,136,,,,IWLAN
3455,1,,,-121.9314830,47.5244923,2026-01-23 19:46:40.000,_20260123_105610_CH02_TMO_5GNR_WFC_MT-DUT-2_TC-155.dml,,,,,,,,,,,,,,,,,,,,,,,,,,,,,594,,,On,Connected,-69.000000,5220,136,,,,IWLAN
3456,1,,,-121.9314830,47.5244923,2026-01-23 19:46:41.000,_20260123_105610_CH02_TMO_5GNR_WFC_MT-DUT-2_TC-155.dml,,,,,,,,,,,,,,,,,,,,,,,,,,,,,594,,,On,Connected,-69.000000,5220,136,,,,IWLAN
3457,1,,,-121.9314830,47.5244923,2026-01-23 19:46:42.000,_20260123_105610_CH02_TMO_5GNR_WFC_MT-DUT-2_TC-155.dml,,,,,,,,,,,,,,,,,,,,,,,,,,,,,594,,,On,Connected,-68.000000,5220,136,,,,IWLAN
3458,1,,,-121.9314830,47.5244923,2026-01-23 19:46:43.000,_20260123_105610_CH02_TMO_5GNR_WFC_MT-DUT-2_TC-155.dml,,,,,,,,,,,,,,,,,,,,,,,,,,,,,594,,,On,Connected,-68.000000,5220,136,,,,IWLAN
3459,1,,,-121.9314830,47.5244923,2026-01-23 19:46:44.000,_20260123_105610_CH02_TMO_5GNR_WFC_MT-DUT-2_TC-155.dml,,,,,,,,,,,,,,,,,,,,,,,,,,,,,594,,,On,Connected,-68.000000,5220,136,,,,IWLAN
3460,1,,,-121.9314830,47.5244923,2026-01-23 19:46:45.000,_20260123_105610_CH02_TMO_5GNR_WFC_MT-DUT-2_TC-155.dml,,,,,,,,,,,,,,,,,,,,,,,,,,,,,594,,,On,Connected,-67.000000,5220,136,,,,IWLAN
3461,1,,,-121.9314830,47.5244923,2026-01-23 19:46:46.000,_20260123_105610_CH02_TMO_5GNR_WFC_MT-DUT-2_TC-155.dml,,,,,,,,,,,,,,,,,,,,,,,,,,,,,594,,,On,Connected,-67.000000,5220,136,,,,IWLAN
3462,1,,,-121.9314830,47.5244923,2026-01-23 19:46:47.000,_20260123_105610_CH02_TMO_5GNR_WFC_MT-DUT-2_TC-155.dml,,,,,,,,,,,,,,,,,,,,,,,,,,,,,594,,,On,Connected,-67.000000,5220,136,,,,IWLAN
3463,1,,,-121.9314830,47.5244923,2026-01-23 19:46:48.000,_20260123_105610_CH02_TMO_5GNR_WFC_MT-DUT-2_TC-155.dml,,,,,,,,,,,,,,,,,,,,,,,,,,,,,594,,,On,Connected,-67.000000,5220,136,,,,IWLAN
3464,1,,,-121.9314830,47.5244923,2026-01-23 19:46:49.000,_20260123_105610_CH02_TMO_5GNR_WFC_MT-DUT-2_TC-155.dml,,,,,,,,,,,,,,,,,,,,,,,,,,,,,594,,,On,Connected,-67.000000,5220,136,,,,IWLAN
3465,1,,,-121.9314830,47.5244923,2026-01-23 19:46:50.000,_20260123_105610_CH02_TMO_5GNR_WFC_MT-DUT-2_TC-155.dml,,,,,,,,,,,,,,,,,,,,,,,,,,,,,594,,,On,Connected,-67.000000,5220,136,,,,IWLAN
3466,1,,,-121.9314830,47.5244923,2026-01-23 19:46:51.000,_20260123_105610_CH02_TMO_5GNR_WFC_MT-DUT-2_TC-155.dml,,,,,,,,,,,,,,,,,,,,,,,,,,,,,594,,,On,Connected,-67.000000,5220,136,,,,IWLAN
3467,1,,,-121.9314830,47.5244923,2026-01-23 19:46:52.000,_20260123_105610_CH02_TMO_5GNR_WFC_MT-DUT-2_TC-155.dml,,,,,,,,,,,,,,,,,,,,,,,,,,,,,594,,,,Connected,,,,,,,IWLAN
3468,1,,,-121.9314830,47.5244923,2026-01-23 19:46:53.000,_20260123_105610_CH02_TMO_5GNR_WFC_MT-DUT-2_TC-155.dml,,,,,,,,,,,,,,,,,,,,,,,,,,,,,594,,,On,Connected,-67.000000,5220,136,,,,IWLAN
3469,1,,,-121.9314830,47.5244923,2026-01-23 19:46:54.000,_20260123_105610_CH02_TMO_5GNR_WFC_MT-DUT-2_TC-155.dml,,,,,,,,,,,,,,,,,,,,,,,,,,,,,594,,,On,Connected,-67.000000,5220,136,,,,IWLAN
3470,1,,,-121.9314830,47.5244923,2026-01-23 19:46:55.000,_20260123_105610_CH02_TMO_5GNR_WFC_MT-DUT-2_TC-155.dml,,,,,,,,,,,,,,,,,,,,,,,,,,,,,594,,,,Connected,,,,,,,IWLAN
3471,1,,,-121.9314830,47.5244923,2026-01-23 19:46:56.000,_20260123_105610_CH02_TMO_5GNR_WFC_MT-DUT-2_TC-155.dml,,,,,,,,,,,,,,,,,,,,,,,,,,,,,594,,,On,Connected,-67.500000,5220,136,,,,IWLAN
3472,1,,,-121.9314830,47.5244923,2026-01-23 19:46:57.000,_20260123_105610_CH02_TMO_5GNR_WFC_MT-DUT-2_TC-155.dml,,,,,,,,,,,,,,,,,,,,,,,,,,,,,594,,,,Connected,,,,,,,IWLAN
3473,1,,,-121.9314830,47.5244923,2026-01-23 19:46:58.000,_20260123_105610_CH02_TMO_5GNR_WFC_MT-DUT-2_TC-155.dml,,,,,,,,,,,,,,,,,,,,,,,,,,,,,594,,,On,Connected,-68.000000,5220,136,,,,IWLAN
3474,1,,,-121.9314830,47.5244923,2026-01-23 19:46:59.000,_20260123_105610_CH02_TMO_5GNR_WFC_MT-DUT-2_TC-155.dml,,,,,,,,,,,,,,,,,,,,,,,,,,,,,594,,,On,Connected,-68.000000,5220,136,,,,IWLAN
3475,1,,,-121.9314830,47.5244923,2026-01-23 19:47:00.000,_20260123_105610_CH02_TMO_5GNR_WFC_MT-DUT-2_TC-155.dml,,,,,,,,,,,,,,,,,,,,,,,,,,,,,594,,,On,Connected,-69.000000,5220,136,,,,IWLAN
3476,1,,,-121.9314830,47.5244923,2026-01-23 19:47:01.000,_20260123_105610_CH02_TMO_5GNR_WFC_MT-DUT-2_TC-155.dml,,,,,,,,,,,,,,,,,,,,,,,,,,,,,594,,,On,Connected,-69.000000,5220,136,,,,IWLAN
3477,1,,,-121.9314830,47.5244923,2026-01-23 19:47:02.000,_20260123_105610_CH02_TMO_5GNR_WFC_MT-DUT-2_TC-155.dml,,,,,,,,,,,,,,,,,,,,,,,,,,,,,594,,,,Connected,,,,,,,IWLAN
3478,1,,,-121.9314830,47.5244923,2026-01-23 19:47:03.000,_20260123_105610_CH02_TMO_5GNR_WFC_MT-DUT-2_TC-155.dml,,,,,,,,,,,,,,,,,,,,,,,,,,,,,594,,,On,Connected,-68.000000,5220,136,,,,IWLAN
3479,1,,,-121.9314830,47.5244923,2026-01-23 19:47:04.000,_20260123_105610_CH02_TMO_5GNR_WFC_MT-DUT-2_TC-155.dml,,,,,,,,,,,,,,,,,,,,,,,,,,,,,594,,,On,Connected,-68.000000,5220,136,,,,IWLAN
3480,1,,,-121.9314830,47.5244923,2026-01-23 19:47:05.145,_20260123_105610_CH02_TMO_5GNR_WFC_MT-DUT-2_TC-155.dml,,,,,,,,,,,,,,,,,,,,,,,[Tool] Voice - Release Call Request,,,,,,,,,,,,,,,,,
3481,1,,,-121.9314830,47.5244923,2026-01-23 19:47:05.000,_20260123_105610_CH02_TMO_5GNR_WFC_MT-DUT-2_TC-155.dml,,,,,,,,,,,,,,,,,,,,,,,,,,,,,594,,,On,Connected,-68.000000,5220,136,,,,IWLAN
3482,1,,,-121.9314830,47.5244923,2026-01-23 19:47:06.000,_20260123_105610_CH02_TMO_5GNR_WFC_MT-DUT-2_TC-155.dml,,,,,,,,,,,,,,,,,,,,,,,,,,,,,594,,,On,Connected,-69.000000,5220,136,,,,IWLAN
3483,1,,,-121.9314830,47.5244923,2026-01-23 19:47:07.693,_20260123_105610_CH02_TMO_5GNR_WFC_MT-DUT-2_TC-155.dml,,,,,,,,,,,,,,,,,,,,,,,[Tool] Voice - Call Scheduling End,,,,,,,,,,,,,,,,,
3484,1,,,-121.9314830,47.5244923,2026-01-23 19:47:07.693,_20260123_105610_CH02_TMO_5GNR_WFC_MT-DUT-2_TC-155.dml,NR SA,Voice,Complete,NR SA,NR SA,,,,,,,,,,,,Complete,Termination,Complete,,,,,,,,,90.298000,,,,,,,,,,EPSFB,,
3485,1,,,-121.9314830,47.5244923,2026-01-23 19:47:07.693,_20260123_105610_CH02_TMO_5GNR_WFC_MT-DUT-2_TC-155.dml,,,,,,,,,,,,,,,,,,,,,,,[Tool] Voice - Release Call Request,,,,,,,,,,,,,,,,,
3486,1,,,-121.9314830,47.5244923,2026-01-23 19:47:07.000,_20260123_105610_CH02_TMO_5GNR_WFC_MT-DUT-2_TC-155.dml,,,,,,,,,,,,,,,,,,,,,,,,,,,,,594,,,On,Connected,-69.000000,5220,136,,,,IWLAN
3487,1,,,-121.9314830,47.5244923,2026-01-23 19:47:08.000,_20260123_105610_CH02_TMO_5GNR_WFC_MT-DUT-2_TC-155.dml,,,,,,,,,,,,,,,,,,,,,,,,,,,,,594,,,On,Connected,-69.000000,5220,136,,,,IWLAN
