IDX,LID,CI_1,CI_2,Lon,Lat,Time,Measure,[LTE] [L1] [RF] PCI,[LTE] [L1] [RF] RSRP,[LTE] [L1] [RF] RS SINR,[General] Band Classification,[General] Serving Network (In Traffic),[NR5G] [RF] PCI,[NR5G] [RF] RSRP,[NR5G] [RF] SINR,[Call Test] [iPerf] [Throughput] DL Jitter,[Call Test] [iPerf] [Throughput] DL Error Ratio,[Call Test] [iPerf] [Call Average] [Jitter and Error] UL Jitter,[Call Test] [iPerf] [Call Average] [Jitter and Error] UL Error Ratio,[Event] [Data call test detail events] FTP Call Event,[Event] [Data call test detail events] HTTP Call Event,[Call Test] [HTTP Transfer] HTTP Transfer Call Event,[Call Test] [Throughput] Application DL TP,[Call Test] [iPerf] [Call Average] [Throughput] UL Avg TP,[Call Test] [iPerf] [Call Average] [Throughput] DL Avg TP,[Call Test] [Throughput] Application UL TP,[Event] [Data call test detail events] IPERF Call Event,[NR5G] [Throughput] PUSCH TP,[Event] [Data call test detail events] Ping Call Event,[Call Test] [HTTP] Total duration,[Call Test] [PING] Loss Count,[Call Test] [PING] [RTT] RTT
1,1,,,-73.9599833,40.8175867,2026-01-25 00:40:29.000,_20260124_194023_CH01_REF_TMO-AUTO_Playstore 100MB Downlink_NJ DUT REF_L3.dml,,,,,,,,,,,,,,,,,,,,,,,,,
2,1,,,-73.9597250,40.8175700,2026-01-25 00:40:30.000,_20260124_194023_CH01_REF_TMO-AUTO_Playstore 100MB Downlink_NJ DUT REF_L3.dml,,,,N41(40),,378,-91.000000,0.000000,,,,,,,,,,,,,,,,,
3,1,,,-73.9597167,40.8175700,2026-01-25 00:40:31.000,_20260124_194023_CH01_REF_TMO-AUTO_Playstore 100MB Downlink_NJ DUT REF_L3.dml,,,,N41(40),,378,-92.000000,-1.000000,,,,,,,,,,,,,,,,,
4,1,,,-73.9596983,40.8175667,2026-01-25 00:40:32.000,_20260124_194023_CH01_REF_TMO-AUTO_Playstore 100MB Downlink_NJ DUT REF_L3.dml,,,,N41(40),,378,-92.000000,0.000000,,,,,,,,,,,,,,,,,
5,1,,,-73.9596883,40.8175633,2026-01-25 00:40:34.000,_20260124_194023_CH01_REF_TMO-AUTO_Playstore 100MB Downlink_NJ DUT REF_L3.dml,,,,N41(40),,378,-92.000000,0.000000,,,,,,,,,,,,,,,,,
6,1,,,-73.9596783,40.8175617,2026-01-25 00:40:35.000,_20260124_194023_CH01_REF_TMO-AUTO_Playstore 100MB Downlink_NJ DUT REF_L3.dml,,,,N41(40),,378,-92.000000,0.000000,,,,,,,,,,,,,,,,,
7,1,,,-73.9596683,40.8175600,2026-01-25 00:40:36.000,_20260124_194023_CH01_REF_TMO-AUTO_Playstore 100MB Downlink_NJ DUT REF_L3.dml,,,,N41(40),,378,-92.000000,1.000000,,,,,,,,,,,,,,,,,
8,1,,,-73.9596617,40.8175567,2026-01-25 00:40:37.000,_20260124_194023_CH01_REF_TMO-AUTO_Playstore 100MB Downlink_NJ DUT REF_L3.dml,,,,N41(40),,378,-92.000000,2.000000,,,,,,,,,,,,,,,,,
9,1,,,-73.9596450,40.8175533,2026-01-25 00:40:39.000,_20260124_194023_CH01_REF_TMO-AUTO_Playstore 100MB Downlink_NJ DUT REF_L3.dml,,,,N41(40),,378,-92.000000,3.000000,,,,,,,,,,,,,,,,,
10,1,,,-73.9596367,40.8175533,2026-01-25 00:40:40.000,_20260124_194023_CH01_REF_TMO-AUTO_Playstore 100MB Downlink_NJ DUT REF_L3.dml,,,,N41(40),,378,-92.000000,4.000000,,,,,,,,,,,,,,,,,
11,1,,,-73.9596250,40.8175517,2026-01-25 00:40:41.000,_20260124_194023_CH01_REF_TMO-AUTO_Playstore 100MB Downlink_NJ DUT REF_L3.dml,,,,N41(40),,378,-92.000000,3.000000,,,,,,,,,,,,,,,,,
12,1,,,-73.9596217,40.8175517,2026-01-25 00:40:43.000,_20260124_194023_CH01_REF_TMO-AUTO_Playstore 100MB Downlink_NJ DUT REF_L3.dml,,,,N41(40),NR SA,378,-92.000000,3.000000,,,,,,,,,,,,,,,,,
13,1,,,-73.9596200,40.8175500,2026-01-25 00:40:44.000,_20260124_194023_CH01_REF_TMO-AUTO_Playstore 100MB Downlink_NJ DUT REF_L3.dml,,,,N41(40),NR SA,378,-92.000000,3.000000,,,,,,,,,,,,,,,,,
14,1,,,-73.9596150,40.8175467,2026-01-25 00:40:45.000,_20260124_194023_CH01_REF_TMO-AUTO_Playstore 100MB Downlink_NJ DUT REF_L3.dml,,,,N41(40),NR SA,378,-92.000000,3.000000,,,,,,,,,,,,,,,,,
15,1,,,-73.9596133,40.8175467,2026-01-25 00:40:46.000,_20260124_194023_CH01_REF_TMO-AUTO_Playstore 100MB Downlink_NJ DUT REF_L3.dml,,,,N41(40),NR SA,378,-92.000000,3.000000,,,,,,,,,,,,,,,,,
16,1,,,-73.9596167,40.8175483,2026-01-25 00:40:48.000,_20260124_194023_CH01_REF_TMO-AUTO_Playstore 100MB Downlink_NJ DUT REF_L3.dml,,,,N41(40),NR SA,378,-92.000000,3.000000,,,,,,,,,,,,,,,,,
17,1,,,-73.9596150,40.8175500,2026-01-25 00:40:49.000,_20260124_194023_CH01_REF_TMO-AUTO_Playstore 100MB Downlink_NJ DUT REF_L3.dml,,,,N41(40),NR SA,378,-91.000000,2.000000,,,,,,,,,,,,,,,,,
18,1,,,-73.9596183,40.8175517,2026-01-25 00:40:50.000,_20260124_194023_CH01_REF_TMO-AUTO_Playstore 100MB Downlink_NJ DUT REF_L3.dml,,,,N41(40),NR SA,378,-92.000000,2.000000,,,,,,,,,,,,,,,,,
19,1,,,-73.9596217,40.8175533,2026-01-25 00:40:51.000,_20260124_194023_CH01_REF_TMO-AUTO_Playstore 100MB Downlink_NJ DUT REF_L3.dml,,,,N41(40),NR SA,378,-92.000000,2.000000,,,,,,,,,,,,,,,,,
20,1,,,-73.9596233,40.8175533,2026-01-25 00:40:53.000,_20260124_194023_CH01_REF_TMO-AUTO_Playstore 100MB Downlink_NJ DUT REF_L3.dml,,,,N41(40),NR SA,378,-92.000000,2.000000,,,,,,,,,,,,,,,,,
21,1,,,-73.9596283,40.8175533,2026-01-25 00:40:54.000,_20260124_194023_CH01_REF_TMO-AUTO_Playstore 100MB Downlink_NJ DUT REF_L3.dml,,,,N41(40),NR SA,378,-91.000000,2.000000,,,,,,,,,,,,,,,,,
22,1,,,-73.9596417,40.8175517,2026-01-25 00:40:55.000,_20260124_194023_CH01_REF_TMO-AUTO_Playstore 100MB Downlink_NJ DUT REF_L3.dml,,,,N41(40),NR SA,378,-92.000000,1.000000,,,,,,,,,,,,,,,,,
23,1,,,-73.9596717,40.8175533,2026-01-25 00:40:57.000,_20260124_194023_CH01_REF_TMO-AUTO_Playstore 100MB Downlink_NJ DUT REF_L3.dml,,,,N41(40),NR SA,378,-92.000000,1.000000,,,,,,,,,,,,,,,,,
24,1,,,-73.9596817,40.8175567,2026-01-25 00:40:58.000,_20260124_194023_CH01_REF_TMO-AUTO_Playstore 100MB Downlink_NJ DUT REF_L3.dml,,,,N41(40),NR SA,378,-92.000000,1.000000,,,,,,,,,,,,,,,,,
25,1,,,-73.9596883,40.8175583,2026-01-25 00:40:59.000,_20260124_194023_CH01_REF_TMO-AUTO_Playstore 100MB Downlink_NJ DUT REF_L3.dml,,,,N41(40),NR SA,378,-91.000000,1.000000,,,,,,,,,,,,,,,,,
26,1,,,-73.9596883,40.8175583,2026-01-25 00:41:00.000,_20260124_194023_CH01_REF_TMO-AUTO_Playstore 100MB Downlink_NJ DUT REF_L3.dml,,,,N41(40),NR SA,378,-92.000000,0.000000,,,,,,,,,,,,,,,,,
27,1,,,-73.9597083,40.8175650,2026-01-25 00:41:01.000,_20260124_194023_CH01_REF_TMO-AUTO_Playstore 100MB Downlink_NJ DUT REF_L3.dml,,,,,NR SA,,,,,,,,,,,,,,,,,,,,
28,1,,,-73.9597300,40.8175700,2026-01-25 00:41:02.000,_20260124_194023_CH01_REF_TMO-AUTO_Playstore 100MB Downlink_NJ DUT REF_L3.dml,,,,N41(40),NR SA,378,-92.000000,0.000000,,,,,,,,,,,,,,,,,
29,1,,,-73.9597567,40.8175717,2026-01-25 00:41:03.000,_20260124_194023_CH01_REF_TMO-AUTO_Playstore 100MB Downlink_NJ DUT REF_L3.dml,,,,N41(40),NR SA,378,-92.000000,2.000000,,,,,,,,,,,,,,,,,
30,1,,,-73.9597917,40.8175733,2026-01-25 00:41:04.000,_20260124_194023_CH01_REF_TMO-AUTO_Playstore 100MB Downlink_NJ DUT REF_L3.dml,,,,N41(40),NR SA,378,-92.000000,1.000000,,,,,,,,,,,,,,,,,
31,1,,,-73.9598317,40.8175750,2026-01-25 00:41:05.000,_20260124_194023_CH01_REF_TMO-AUTO_Playstore 100MB Downlink_NJ DUT REF_L3.dml,,,,,NR SA,,,,,,,,,,,,,,,,,,,,
32,1,,,-73.9598617,40.8175800,2026-01-25 00:41:06.000,_20260124_194023_CH01_REF_TMO-AUTO_Playstore 100MB Downlink_NJ DUT REF_L3.dml,,,,N41(40),NR SA,378,-92.000000,0.000000,,,,,,,,,,,,,,,,,
33,1,,,-73.9598767,40.8175833,2026-01-25 00:41:07.000,_20260124_194023_CH01_REF_TMO-AUTO_Playstore 100MB Downlink_NJ DUT REF_L3.dml,,,,N41(40),NR SA,378,-92.000000,0.000000,,,,,,,,,,,,,,,,,
34,1,,,-73.9598917,40.8175850,2026-01-25 00:41:08.000,_20260124_194023_CH01_REF_TMO-AUTO_Playstore 100MB Downlink_NJ DUT REF_L3.dml,,,,N41(40),NR SA,378,-92.000000,0.000000,,,,,,,,,,,,,,,,,
35,1,,,-73.9598983,40.8175867,2026-01-25 00:41:09.000,_20260124_194023_CH01_REF_TMO-AUTO_Playstore 100MB Downlink_NJ DUT REF_L3.dml,,,,N41(40),NR SA,378,-92.000000,0.000000,,,,,,,,,,,,,,,,,
36,1,,,-73.9599250,40.8175917,2026-01-25 00:41:11.000,_20260124_194023_CH01_REF_TMO-AUTO_Playstore 100MB Downlink_NJ DUT REF_L3.dml,,,,N41(40),NR SA,378,-91.000000,1.000000,,,,,,,,,,,,,,,,,
37,1,,,-73.9599383,40.8175983,2026-01-25 00:41:12.000,_20260124_194023_CH01_REF_TMO-AUTO_Playstore 100MB Downlink_NJ DUT REF_L3.dml,,,,N41(40),NR SA,378,-91.000000,1.000000,,,,,,,,,,,,,,,,,
38,1,,,-73.9599550,40.8176000,2026-01-25 00:41:13.000,_20260124_194023_CH01_REF_TMO-AUTO_Playstore 100MB Downlink_NJ DUT REF_L3.dml,,,,N41(40),NR SA,378,-91.000000,2.000000,,,,,,,,,,,,,,,,,
39,1,,,-73.9599517,40.8176033,2026-01-25 00:41:14.000,_20260124_194023_CH01_REF_TMO-AUTO_Playstore 100MB Downlink_NJ DUT REF_L3.dml,,,,,NR SA,,,,,,,,,,,,,,,,,,,,
40,1,,,-73.9599617,40.8176050,2026-01-25 00:41:15.000,_20260124_194023_CH01_REF_TMO-AUTO_Playstore 100MB Downlink_NJ DUT REF_L3.dml,,,,N41(40),NR SA,378,-91.000000,1.000000,,,,,,,,,,,,,,,,,
41,1,,,-73.9599600,40.8176050,2026-01-25 00:41:16.000,_20260124_194023_CH01_REF_TMO-AUTO_Playstore 100MB Downlink_NJ DUT REF_L3.dml,,,,N41(40),NR SA,378,-91.000000,2.000000,,,,,,,,,,,,,,,,,
42,1,,,-73.9599633,40.8176050,2026-01-25 00:41:17.000,_20260124_194023_CH01_REF_TMO-AUTO_Playstore 100MB Downlink_NJ DUT REF_L3.dml,,,,N41(40),NR SA,378,-91.000000,2.000000,,,,,,,,,,,,,,,,,
43,1,,,-73.9599650,40.8176067,2026-01-25 00:41:18.000,_20260124_194023_CH01_REF_TMO-AUTO_Playstore 100MB Downlink_NJ DUT REF_L3.dml,,,,N41(40),NR SA,378,-91.000000,2.000000,,,,,,,,,,,,,,,,,
44,1,,,-73.9599700,40.8176067,2026-01-25 00:41:20.000,_20260124_194023_CH01_REF_TMO-AUTO_Playstore 100MB Downlink_NJ DUT REF_L3.dml,,,,N41(40),NR SA,378,-91.000000,2.000000,,,,,,,,,,,,,,,,,
45,1,,,-73.9599767,40.8176033,2026-01-25 00:41:21.000,_20260124_194023_CH01_REF_TMO-AUTO_Playstore 100MB Downlink_NJ DUT REF_L3.dml,,,,N41(40),NR SA,378,-91.000000,2.000000,,,,,,,,,,,,,,,,,
46,1,,,-73.9599767,40.8176033,2026-01-25 00:41:22.000,_20260124_194023_CH01_REF_TMO-AUTO_Playstore 100MB Downlink_NJ DUT REF_L3.dml,,,,N41(40)+N71(x),NR SA,378,-94.260000,-0.890000,,,,,,,,,,,,,,,,,
47,1,,,-73.9599817,40.8176000,2026-01-25 00:41:23.000,_20260124_194023_CH01_REF_TMO-AUTO_Playstore 100MB Downlink_NJ DUT REF_L3.dml,,,,N41(50)+N71(15),NR SA,378,-95.000000,0.420000,,,,,,,,,,,,,0.048,,,,
48,1,,,-73.9599917,40.8175933,2026-01-25 00:41:24.000,_20260124_194023_CH01_REF_TMO-AUTO_Playstore 100MB Downlink_NJ DUT REF_L3.dml,,,,N41(50)+N71(15),NR SA,378,-94.820000,0.360000,,,,,,,,,,,,,0.000,,,,
49,1,,,-73.9599967,40.8175850,2026-01-25 00:41:25.000,_20260124_194023_CH01_REF_TMO-AUTO_Playstore 100MB Downlink_NJ DUT REF_L3.dml,,,,N41(50)+N71(15),NR SA,378,-94.620000,0.300000,,,,,,,,,,,,,0.000,,,,
50,1,,,-73.9600017,40.8175767,2026-01-25 00:41:26.000,_20260124_194023_CH01_REF_TMO-AUTO_Playstore 100MB Downlink_NJ DUT REF_L3.dml,,,,N41(50)+N71(15),NR SA,378,-94.700000,1.800000,,,,,,,,,,,,,0.000,,,,
51,1,,,-73.9600050,40.8175717,2026-01-25 00:41:27.000,_20260124_194023_CH01_REF_TMO-AUTO_Playstore 100MB Downlink_NJ DUT REF_L3.dml,,,,N41(50)+N71(15),NR SA,378,-94.700000,2.380000,,,,,,,,,,,,,0.000,,,,
52,1,,,-73.9600067,40.8175667,2026-01-25 00:41:28.000,_20260124_194023_CH01_REF_TMO-AUTO_Playstore 100MB Downlink_NJ DUT REF_L3.dml,,,,N41(50)+N71(15),NR SA,378,-94.740000,1.700000,,,,,,,,,,,,,0.000,,,,
53,1,,,-73.9600083,40.8175633,2026-01-25 00:41:29.000,_20260124_194023_CH01_REF_TMO-AUTO_Playstore 100MB Downlink_NJ DUT REF_L3.dml,,,,N41(50)+N71(15),NR SA,378,-94.460000,1.440000,,,,,,,,,,,,,0.000,,,,
54,1,,,-73.9600083,40.8175617,2026-01-25 00:41:30.000,_20260124_194023_CH01_REF_TMO-AUTO_Playstore 100MB Downlink_NJ DUT REF_L3.dml,,,,N41(50)+N71(15),NR SA,378,-98.040000,0.040000,,,,,,,,,,,,,,,,,
55,1,,,-73.9600083,40.8175617,2026-01-25 00:41:31.000,_20260124_194023_CH01_REF_TMO-AUTO_Playstore 100MB Downlink_NJ DUT REF_L3.dml,,,,N41(100)+N71(15),NR SA,440,-102.040000,-3.220000,,,,,,,,,,,,,0.000,,,,
56,1,,,-73.9600100,40.8175600,2026-01-25 00:41:32.000,_20260124_194023_CH01_REF_TMO-AUTO_Playstore 100MB Downlink_NJ DUT REF_L3.dml,,,,N41(100)+N71(15),NR SA,440,-97.800000,-0.660000,,,,,,,,,,,,,0.008,,,,
57,1,,,-73.9600100,40.8175600,2026-01-25 00:41:33.000,_20260124_194023_CH01_REF_TMO-AUTO_Playstore 100MB Downlink_NJ DUT REF_L3.dml,,,,N41(100)+N71(15),NR SA,440,-97.720000,-0.220000,,,,,,,,,,,,,0.000,,,,
58,1,,,-73.9600100,40.8175600,2026-01-25 00:41:34.000,_20260124_194023_CH01_REF_TMO-AUTO_Playstore 100MB Downlink_NJ DUT REF_L3.dml,,,,N41(100)+N71(15),NR SA,440,-97.360000,-0.320000,,,,,,,,,,,,,,,,,
59,1,,,-73.9600100,40.8175600,2026-01-25 00:41:35.000,_20260124_194023_CH01_REF_TMO-AUTO_Playstore 100MB Downlink_NJ DUT REF_L3.dml,,,,N41(100)+N71(15),NR SA,440,-98.350000,-0.650000,,,,,,,,,,,,,0.000,,,,
60,1,,,-73.9600117,40.8175583,2026-01-25 00:41:36.000,_20260124_194023_CH01_REF_TMO-AUTO_Playstore 100MB Downlink_NJ DUT REF_L3.dml,,,,N41(100)+N71(15),NR SA,440,-97.490000,-0.250000,,,,,,,,,,,,,0.000,,,,
61,1,,,-73.9600117,40.8175583,2026-01-25 00:41:37.000,_20260124_194023_CH01_REF_TMO-AUTO_Playstore 100MB Downlink_NJ DUT REF_L3.dml,,,,N41(100)+N71(15),NR SA,440,-98.040000,-0.690000,,,,,,,,,,,,,0.000,,,,
62,1,,,-73.9600250,40.8175567,2026-01-25 00:41:38.000,_20260124_194023_CH01_REF_TMO-AUTO_Playstore 100MB Downlink_NJ DUT REF_L3.dml,,,,N41(100)+N71(15),NR SA,440,-98.480000,-0.940000,,,,,,,,,,,,,0.000,,,,
63,1,,,-73.9600367,40.8175550,2026-01-25 00:41:39.000,_20260124_194023_CH01_REF_TMO-AUTO_Playstore 100MB Downlink_NJ DUT REF_L3.dml,,,,N41(100)+N71(15),NR SA,440,-98.790000,-1.420000,,,,,,,,,,,,,0.008,,,,
64,1,,,-73.9600450,40.8175550,2026-01-25 00:41:40.000,_20260124_194023_CH01_REF_TMO-AUTO_Playstore 100MB Downlink_NJ DUT REF_L3.dml,,,,N41(50)+N71(15),NR SA,378,-93.800000,1.620000,,,,,,,,,,,,,0.000,,,,
65,1,,,-73.9600550,40.8175533,2026-01-25 00:41:41.000,_20260124_194023_CH01_REF_TMO-AUTO_Playstore 100MB Downlink_NJ DUT REF_L3.dml,,,,N41(50)+N71(15),NR SA,378,-93.780000,1.940000,,,,,,,,,,,,,0.000,,,,
66,1,,,-73.9600633,40.8175517,2026-01-25 00:41:42.000,_20260124_194023_CH01_REF_TMO-AUTO_Playstore 100MB Downlink_NJ DUT REF_L3.dml,,,,N41(50)+N71(15),NR SA,378,-92.740000,2.340000,,,,,,,,,,,,,0.000,,,,
67,1,,,-73.9600633,40.8175517,2026-01-25 00:41:43.000,_20260124_194023_CH01_REF_TMO-AUTO_Playstore 100MB Downlink_NJ DUT REF_L3.dml,,,,N41(50)+N71(15),NR SA,378,-93.140000,1.580000,,,,,,,,,,,,,0.000,,,,
68,1,,,-73.9600800,40.8175483,2026-01-25 00:41:44.000,_20260124_194023_CH01_REF_TMO-AUTO_Playstore 100MB Downlink_NJ DUT REF_L3.dml,,,,N41(50)+N71(15),NR SA,378,-92.720000,1.380000,,,,,,,,,,,,,0.000,,,,
69,1,,,-73.9600883,40.8175467,2026-01-25 00:41:45.000,_20260124_194023_CH01_REF_TMO-AUTO_Playstore 100MB Downlink_NJ DUT REF_L3.dml,,,,N41(50)+N71(15),NR SA,378,-93.000000,0.760000,,,,,,,,,,,,,,,,,
70,1,,,-73.9600933,40.8175433,2026-01-25 00:41:46.000,_20260124_194023_CH01_REF_TMO-AUTO_Playstore 100MB Downlink_NJ DUT REF_L3.dml,,,,N41(100)+N71(15),NR SA,378,-93.900000,2.410000,,,,,,,,,,,,,0.000,,,,
71,1,,,-73.9600983,40.8175417,2026-01-25 00:41:47.000,_20260124_194023_CH01_REF_TMO-AUTO_Playstore 100MB Downlink_NJ DUT REF_L3.dml,,,,N41(100)+N71(15),NR SA,378,-101.500000,-3.200000,,,,,,,,,,,,,,,,,
72,1,,,-73.9601033,40.8175400,2026-01-25 00:41:48.000,_20260124_194023_CH01_REF_TMO-AUTO_Playstore 100MB Downlink_NJ DUT REF_L3.dml,,,,N41(100)+N71(15),NR SA,378,-99.730000,-2.070000,,,,,,,,,,,,,0.008,,,,
73,1,,,-73.9601067,40.8175400,2026-01-25 00:41:49.000,_20260124_194023_CH01_REF_TMO-AUTO_Playstore 100MB Downlink_NJ DUT REF_L3.dml,,,,N41(100)+N71(15),NR SA,378,-97.120000,-0.260000,,,,,,,,,,,,,0.000,,,,
74,1,,,-73.9601083,40.8175383,2026-01-25 00:41:50.000,_20260124_194023_CH01_REF_TMO-AUTO_Playstore 100MB Downlink_NJ DUT REF_L3.dml,,,,N41(100)+N71(15),NR SA,378,-97.220000,-0.080000,,,,,,,,,,,,,0.000,,,,
75,1,,,-73.9601100,40.8175367,2026-01-25 00:41:51.000,_20260124_194023_CH01_REF_TMO-AUTO_Playstore 100MB Downlink_NJ DUT REF_L3.dml,,,,N41(100)+N71(15),NR SA,378,-97.780000,-0.420000,,,,,,,,,,,,,0.000,,,,
76,1,,,-73.9601133,40.8175350,2026-01-25 00:41:52.000,_20260124_194023_CH01_REF_TMO-AUTO_Playstore 100MB Downlink_NJ DUT REF_L3.dml,,,,N41(100)+N71(15),NR SA,378,-98.460000,-1.020000,,,,,,,,,,,,,0.000,,,,
77,1,,,-73.9601133,40.8175350,2026-01-25 00:41:53.000,_20260124_194023_CH01_REF_TMO-AUTO_Playstore 100MB Downlink_NJ DUT REF_L3.dml,,,,N41(100)+N71(15),NR SA,378,-98.320000,-0.780000,,,,,,,,,,,,,0.000,,,,
78,1,,,-73.9601167,40.8175317,2026-01-25 00:41:54.000,_20260124_194023_CH01_REF_TMO-AUTO_Playstore 100MB Downlink_NJ DUT REF_L3.dml,,,,N41(100)+N71(15),NR SA,378,-98.460000,-0.930000,,,,,,,,,,,,,0.000,,,,
79,1,,,-73.9601167,40.8175300,2026-01-25 00:41:55.000,_20260124_194023_CH01_REF_TMO-AUTO_Playstore 100MB Downlink_NJ DUT REF_L3.dml,,,,N41(100)+N71(15),NR SA,378,-98.110000,-0.590000,,,,,,,,,,,,,0.000,,,,
80,1,,,-73.9601167,40.8175300,2026-01-25 00:41:56.000,_20260124_194023_CH01_REF_TMO-AUTO_Playstore 100MB Downlink_NJ DUT REF_L3.dml,,,,N41(100)+N71(15),NR SA,378,-97.780000,-0.810000,,,,,,,,,,,,,,,,,
81,1,,,-73.9601167,40.8175300,2026-01-25 00:41:57.000,_20260124_194023_CH01_REF_TMO-AUTO_Playstore 100MB Downlink_NJ DUT REF_L3.dml,,,,N41(100)+N71(15),NR SA,378,-93.540000,0.820000,,,,,,,,,,,,,,,,,
82,1,,,-73.9601167,40.8175300,2026-01-25 00:41:58.000,_20260124_194023_CH01_REF_TMO-AUTO_Playstore 100MB Downlink_NJ DUT REF_L3.dml,,,,N41(50)+N71(15),NR SA,378,-92.980000,0.320000,,,,,,,,,,,,,0.000,,,,
83,1,,,-73.9601183,40.8175300,2026-01-25 00:41:59.000,_20260124_194023_CH01_REF_TMO-AUTO_Playstore 100MB Downlink_NJ DUT REF_L3.dml,,,,N41(50)+N71(15),NR SA,378,-93.020000,-0.860000,,,,,,,,,,,,,0.000,,,,
84,1,,,-73.9601217,40.8175283,2026-01-25 00:42:00.000,_20260124_194023_CH01_REF_TMO-AUTO_Playstore 100MB Downlink_NJ DUT REF_L3.dml,,,,N41(50)+N71(15),NR SA,378,-93.520000,0.300000,,,,,,,,,,,,,0.000,,,,
85,1,,,-73.9601217,40.8175283,2026-01-25 00:42:01.000,_20260124_194023_CH01_REF_TMO-AUTO_Playstore 100MB Downlink_NJ DUT REF_L3.dml,,,,N41(50)+N71(15),NR SA,378,-93.580000,-0.100000,,,,,,,,,,,,,0.000,,,,
86,1,,,-73.9601317,40.8175267,2026-01-25 00:42:02.000,_20260124_194023_CH01_REF_TMO-AUTO_Playstore 100MB Downlink_NJ DUT REF_L3.dml,,,,N41(50)+N71(15),NR SA,378,-93.800000,0.000000,,,,,,,,,,,,,0.000,,,,
87,1,,,-73.9601383,40.8175250,2026-01-25 00:42:03.000,_20260124_194023_CH01_REF_TMO-AUTO_Playstore 100MB Downlink_NJ DUT REF_L3.dml,,,,N41(50)+N71(15),NR SA,378,-93.610000,0.890000,,,,,,,,,,,,,0.000,,,,
88,1,,,-73.9601450,40.8175250,2026-01-25 00:42:04.000,_20260124_194023_CH01_REF_TMO-AUTO_Playstore 100MB Downlink_NJ DUT REF_L3.dml,,,,N41(50)+N71(15),NR SA,378,-94.000000,1.560000,,,,,,,,,,,,,0.000,,,,
89,1,,,-73.9601550,40.8175250,2026-01-25 00:42:05.000,_20260124_194023_CH01_REF_TMO-AUTO_Playstore 100MB Downlink_NJ DUT REF_L3.dml,,,,N41(50)+N71(15),NR SA,378,-93.840000,0.460000,,,,,,,,,,,,,0.000,,,,
90,1,,,-73.9601650,40.8175250,2026-01-25 00:42:06.000,_20260124_194023_CH01_REF_TMO-AUTO_Playstore 100MB Downlink_NJ DUT REF_L3.dml,,,,N41(x)+N71(x),NR SA,378,-93.260000,0.200000,,,,,,,,,,,,,0.000,,,,
91,1,,,-73.9601733,40.8175267,2026-01-25 00:42:07.000,_20260124_194023_CH01_REF_TMO-AUTO_Playstore 100MB Downlink_NJ DUT REF_L3.dml,,,,N41(40)+N71(x),NR SA,378,-92.670000,1.330000,,,,,,,,,,,,,,,,,
92,1,,,-73.9601783,40.8175267,2026-01-25 00:42:08.000,_20260124_194023_CH01_REF_TMO-AUTO_Playstore 100MB Downlink_NJ DUT REF_L3.dml,,,,N41(40),NR SA,378,-91.000000,2.500000,,,,,,,,,,,,,,,,,
93,1,,,-73.9601800,40.8175283,2026-01-25 00:42:09.000,_20260124_194023_CH01_REF_TMO-AUTO_Playstore 100MB Downlink_NJ DUT REF_L3.dml,,,,,NR SA,,,,,,,,,,,,,,,,,,,,
94,1,,,-73.9601800,40.8175283,2026-01-25 00:42:10.000,_20260124_194023_CH01_REF_TMO-AUTO_Playstore 100MB Downlink_NJ DUT REF_L3.dml,,,,N41(40),NR SA,378,-91.000000,3.000000,,,,,,,,,,,,,,,,,
95,1,,,-73.9601800,40.8175283,2026-01-25 00:42:11.000,_20260124_194023_CH01_REF_TMO-AUTO_Playstore 100MB Downlink_NJ DUT REF_L3.dml,,,,N41(40),NR SA,378,-91.000000,2.000000,,,,,,,,,,,,,,,,,
96,1,,,-73.9601800,40.8175283,2026-01-25 00:42:12.000,_20260124_194023_CH01_REF_TMO-AUTO_Playstore 100MB Downlink_NJ DUT REF_L3.dml,,,,N41(40),NR SA,378,-92.000000,2.000000,,,,,,,,,,,,,,,,,
97,1,,,-73.9601767,40.8175283,2026-01-25 00:42:13.000,_20260124_194023_CH01_REF_TMO-AUTO_Playstore 100MB Downlink_NJ DUT REF_L3.dml,,,,N41(40),NR SA,378,-92.000000,2.000000,,,,,,,,,,,,,,,,,
98,1,,,-73.9601767,40.8175283,2026-01-25 00:42:15.000,_20260124_194023_CH01_REF_TMO-AUTO_Playstore 100MB Downlink_NJ DUT REF_L3.dml,,,,N41(40),NR SA,378,-91.000000,2.000000,,,,,,,,,,,,,,,,,
99,1,,,-73.9601767,40.8175300,2026-01-25 00:42:16.000,_20260124_194023_CH01_REF_TMO-AUTO_Playstore 100MB Downlink_NJ DUT REF_L3.dml,,,,N41(40),NR SA,378,-91.000000,2.000000,,,,,,,,,,,,,,,,,
100,1,,,-73.9601800,40.8175300,2026-01-25 00:42:17.000,_20260124_194023_CH01_REF_TMO-AUTO_Playstore 100MB Downlink_NJ DUT REF_L3.dml,,,,N41(40),NR SA,378,-91.000000,2.000000,,,,,,,,,,,,,,,,,
101,1,,,-73.9601800,40.8175300,2026-01-25 00:42:18.000,_20260124_194023_CH01_REF_TMO-AUTO_Playstore 100MB Downlink_NJ DUT REF_L3.dml,,,,,NR SA,,,,,,,,,,,,,,,,,,,,
102,1,,,-73.9601800,40.8175300,2026-01-25 00:42:19.000,_20260124_194023_CH01_REF_TMO-AUTO_Playstore 100MB Downlink_NJ DUT REF_L3.dml,,,,N41(40),NR SA,378,-92.000000,2.000000,,,,,,,,,,,,,,,,,
103,1,,,-73.9601800,40.8175300,2026-01-25 00:42:20.000,_20260124_194023_CH01_REF_TMO-AUTO_Playstore 100MB Downlink_NJ DUT REF_L3.dml,,,,N41(40),NR SA,378,-91.000000,2.000000,,,,,,,,,,,,,,,,,
104,1,,,-73.9601783,40.8175333,2026-01-25 00:42:21.000,_20260124_194023_CH01_REF_TMO-AUTO_Playstore 100MB Downlink_NJ DUT REF_L3.dml,,,,N41(40),NR SA,378,-92.000000,2.000000,,,,,,,,,,,,,,,,,
105,1,,,-73.9601750,40.8175350,2026-01-25 00:42:22.000,_20260124_194023_CH01_REF_TMO-AUTO_Playstore 100MB Downlink_NJ DUT REF_L3.dml,,,,N41(40),NR SA,378,-92.000000,2.000000,,,,,,,,,,,,,,,,,
106,1,,,-73.9601717,40.8175350,2026-01-25 00:42:23.000,_20260124_194023_CH01_REF_TMO-AUTO_Playstore 100MB Downlink_NJ DUT REF_L3.dml,,,,,NR SA,,,,,,,,,,,,,,,,,,,,
107,1,,,-73.9601683,40.8175350,2026-01-25 00:42:24.000,_20260124_194023_CH01_REF_TMO-AUTO_Playstore 100MB Downlink_NJ DUT REF_L3.dml,,,,N41(40),NR SA,378,-92.000000,2.000000,,,,,,,,,,,,,,,,,
108,1,,,-73.9601683,40.8175350,2026-01-25 00:42:25.000,_20260124_194023_CH01_REF_TMO-AUTO_Playstore 100MB Downlink_NJ DUT REF_L3.dml,,,,N41(40),NR SA,378,-92.000000,2.000000,,,,,,,,,,,,,,,,,
109,1,,,-73.9601617,40.8175333,2026-01-25 00:42:26.000,_20260124_194023_CH01_REF_TMO-AUTO_Playstore 100MB Downlink_NJ DUT REF_L3.dml,,,,N41(40),NR SA,378,-92.000000,2.000000,,,,,,,,,,,,,,,,,
110,1,,,-73.9601583,40.8175317,2026-01-25 00:42:27.000,_20260124_194023_CH01_REF_TMO-AUTO_Playstore 100MB Downlink_NJ DUT REF_L3.dml,,,,N41(40),NR SA,378,-92.000000,1.000000,,,,,,,,,,,,,,,,,
111,1,,,-73.9601550,40.8175317,2026-01-25 00:42:29.000,_20260124_194023_CH01_REF_TMO-AUTO_Playstore 100MB Downlink_NJ DUT REF_L3.dml,,,,N41(40),NR SA,378,-92.000000,1.000000,,,,,,,,,,,,,,,,,
112,1,,,-73.9601550,40.8175317,2026-01-25 00:42:30.000,_20260124_194023_CH01_REF_TMO-AUTO_Playstore 100MB Downlink_NJ DUT REF_L3.dml,,,,N41(40),NR SA,378,-92.000000,1.000000,,,,,,,,,,,,,,,,,
113,1,,,-73.9601550,40.8175317,2026-01-25 00:42:31.000,_20260124_194023_CH01_REF_TMO-AUTO_Playstore 100MB Downlink_NJ DUT REF_L3.dml,,,,N41(40),NR SA,378,-92.000000,2.000000,,,,,,,,,,,,,,,,,
114,1,,,-73.9601550,40.8175317,2026-01-25 00:42:33.000,_20260124_194023_CH01_REF_TMO-AUTO_Playstore 100MB Downlink_NJ DUT REF_L3.dml,,,,N41(40),NR SA,378,-91.000000,2.000000,,,,,,,,,,,,,,,,,
115,1,,,-73.9601550,40.8175317,2026-01-25 00:42:34.000,_20260124_194023_CH01_REF_TMO-AUTO_Playstore 100MB Downlink_NJ DUT REF_L3.dml,,,,N41(40),NR SA,378,-91.000000,2.000000,,,,,,,,,,,,,,,,,
116,1,,,-73.9601550,40.8175317,2026-01-25 00:42:35.000,_20260124_194023_CH01_REF_TMO-AUTO_Playstore 100MB Downlink_NJ DUT REF_L3.dml,,,,N41(40),NR SA,378,-91.000000,2.000000,,,,,,,,,,,,,,,,,
117,1,,,-73.9601550,40.8175317,2026-01-25 00:42:36.000,_20260124_194023_CH01_REF_TMO-AUTO_Playstore 100MB Downlink_NJ DUT REF_L3.dml,,,,N41(40),NR SA,378,-91.000000,2.000000,,,,,,,,,,,,,,,,,
118,1,,,-73.9601550,40.8175317,2026-01-25 00:42:37.000,_20260124_194023_CH01_REF_TMO-AUTO_Playstore 100MB Downlink_NJ DUT REF_L3.dml,,,,,NR SA,,,,,,,,,,,,,,,,,,,,
119,1,,,-73.9601550,40.8175317,2026-01-25 00:42:38.000,_20260124_194023_CH01_REF_TMO-AUTO_Playstore 100MB Downlink_NJ DUT REF_L3.dml,,,,N41(40),NR SA,378,-91.000000,2.000000,,,,,,,,,,,,,,,,,
120,1,,,-73.9601550,40.8175317,2026-01-25 00:42:39.000,_20260124_194023_CH01_REF_TMO-AUTO_Playstore 100MB Downlink_NJ DUT REF_L3.dml,,,,N41(40),NR SA,378,-91.000000,2.000000,,,,,,,,,,,,,,,,,
121,1,,,-73.9601550,40.8175317,2026-01-25 00:42:40.000,_20260124_194023_CH01_REF_TMO-AUTO_Playstore 100MB Downlink_NJ DUT REF_L3.dml,,,,N41(40),NR SA,378,-92.000000,1.000000,,,,,,,,,,,,,,,,,
122,1,,,-73.9601550,40.8175317,2026-01-25 00:42:41.000,_20260124_194023_CH01_REF_TMO-AUTO_Playstore 100MB Downlink_NJ DUT REF_L3.dml,,,,,NR SA,,,,,,,,,,,,,,,,,,,,
123,1,,,-73.9601550,40.8175317,2026-01-25 00:42:42.000,_20260124_194023_CH01_REF_TMO-AUTO_Playstore 100MB Downlink_NJ DUT REF_L3.dml,,,,N41(40),NR SA,378,-92.000000,2.000000,,,,,,,,,,,,,,,,,
124,1,,,-73.9601550,40.8175317,2026-01-25 00:42:43.000,_20260124_194023_CH01_REF_TMO-AUTO_Playstore 100MB Downlink_NJ DUT REF_L3.dml,,,,N41(40),NR SA,378,-92.000000,2.000000,,,,,,,,,,,,,,,,,
125,1,,,-73.9601550,40.8175317,2026-01-25 00:42:44.000,_20260124_194023_CH01_REF_TMO-AUTO_Playstore 100MB Downlink_NJ DUT REF_L3.dml,,,,N41(40),NR SA,378,-91.000000,2.000000,,,,,,,,,,,,,,,,,
126,1,,,-73.9601550,40.8175317,2026-01-25 00:42:45.000,_20260124_194023_CH01_REF_TMO-AUTO_Playstore 100MB Downlink_NJ DUT REF_L3.dml,,,,N41(40),NR SA,378,-91.000000,2.000000,,,,,,,,,,,,,,,,,
127,1,,,-73.9601367,40.8175217,2026-01-25 00:42:47.000,_20260124_194023_CH01_REF_TMO-AUTO_Playstore 100MB Downlink_NJ DUT REF_L3.dml,,,,N41(40),NR SA,378,-91.000000,2.000000,,,,,,,,,,,,,,,,,
128,1,,,-73.9601417,40.8175183,2026-01-25 00:42:48.000,_20260124_194023_CH01_REF_TMO-AUTO_Playstore 100MB Downlink_NJ DUT REF_L3.dml,,,,N41(40),NR SA,378,-91.000000,2.000000,,,,,,,,,,,,,,,,,
129,1,,,-73.9601450,40.8175183,2026-01-25 00:42:49.000,_20260124_194023_CH01_REF_TMO-AUTO_Playstore 100MB Downlink_NJ DUT REF_L3.dml,,,,N41(40),NR SA,378,-91.000000,2.000000,,,,,,,,,,,,,,,,,
130,1,,,-73.9601450,40.8175167,2026-01-25 00:42:50.000,_20260124_194023_CH01_REF_TMO-AUTO_Playstore 100MB Downlink_NJ DUT REF_L3.dml,,,,N41(40),NR SA,378,-91.000000,1.000000,,,,,,,,,,,,,,,,,
131,1,,,-73.9601433,40.8175150,2026-01-25 00:42:51.000,_20260124_194023_CH01_REF_TMO-AUTO_Playstore 100MB Downlink_NJ DUT REF_L3.dml,,,,,NR SA,,,,,,,,,,,,,,,,,,,,
132,1,,,-73.9601417,40.8175133,2026-01-25 00:42:52.000,_20260124_194023_CH01_REF_TMO-AUTO_Playstore 100MB Downlink_NJ DUT REF_L3.dml,,,,N41(40),NR SA,378,-91.000000,2.000000,,,,,,,,,,,,,,,,,
133,1,,,-73.9601417,40.8175133,2026-01-25 00:42:53.000,_20260124_194023_CH01_REF_TMO-AUTO_Playstore 100MB Downlink_NJ DUT REF_L3.dml,,,,N41(40),NR SA,378,-92.000000,2.000000,,,,,,,,,,,,,,,,,
134,1,,,-73.9601400,40.8175150,2026-01-25 00:42:54.000,_20260124_194023_CH01_REF_TMO-AUTO_Playstore 100MB Downlink_NJ DUT REF_L3.dml,,,,N41(40),NR SA,378,-92.000000,2.000000,,,,,,,,,,,,,,,,,
135,1,,,-73.9601383,40.8175150,2026-01-25 00:42:55.000,_20260124_194023_CH01_REF_TMO-AUTO_Playstore 100MB Downlink_NJ DUT REF_L3.dml,,,,,NR SA,,,,,,,,,,,,,,,,,,,,
136,1,,,-73.9601367,40.8175150,2026-01-25 00:42:56.000,_20260124_194023_CH01_REF_TMO-AUTO_Playstore 100MB Downlink_NJ DUT REF_L3.dml,,,,N41(40),NR SA,378,-92.000000,1.000000,,,,,,,,,,,,,,,,,
137,1,,,-73.9601367,40.8175150,2026-01-25 00:42:57.000,_20260124_194023_CH01_REF_TMO-AUTO_Playstore 100MB Downlink_NJ DUT REF_L3.dml,,,,N41(40),NR SA,378,-92.000000,1.000000,,,,,,,,,,,,,,,,,
138,1,,,-73.9601367,40.8175133,2026-01-25 00:42:58.000,_20260124_194023_CH01_REF_TMO-AUTO_Playstore 100MB Downlink_NJ DUT REF_L3.dml,,,,N41(40),NR SA,378,-92.000000,0.000000,,,,,,,,,,,,,,,,,
139,1,,,-73.9601367,40.8175133,2026-01-25 00:42:59.000,_20260124_194023_CH01_REF_TMO-AUTO_Playstore 100MB Downlink_NJ DUT REF_L3.dml,,,,N41(40),NR SA,378,-92.000000,0.000000,,,,,,,,,,,,,,,,,
140,1,,,-73.9601367,40.8175133,2026-01-25 00:43:00.000,_20260124_194023_CH01_REF_TMO-AUTO_Playstore 100MB Downlink_NJ DUT REF_L3.dml,,,,,NR SA,,,,,,,,,,,,,,,,,,,,
141,1,,,-73.9601367,40.8175133,2026-01-25 00:43:01.000,_20260124_194023_CH01_REF_TMO-AUTO_Playstore 100MB Downlink_NJ DUT REF_L3.dml,,,,N41(40),NR SA,378,-92.000000,0.000000,,,,,,,,,,,,,,,,,
142,1,,,-73.9601367,40.8175133,2026-01-25 00:43:02.000,_20260124_194023_CH01_REF_TMO-AUTO_Playstore 100MB Downlink_NJ DUT REF_L3.dml,,,,N41(40),NR SA,378,-91.000000,0.000000,,,,,,,,,,,,,,,,,
143,1,,,-73.9601367,40.8175133,2026-01-25 00:43:03.000,_20260124_194023_CH01_REF_TMO-AUTO_Playstore 100MB Downlink_NJ DUT REF_L3.dml,,,,N41(40),NR SA,378,-91.000000,0.000000,,,,,,,,,,,,,,,,,
144,1,,,-73.9601367,40.8175133,2026-01-25 00:43:04.000,_20260124_194023_CH01_REF_TMO-AUTO_Playstore 100MB Downlink_NJ DUT REF_L3.dml,,,,,NR SA,,,,,,,,,,,,,,,,,,,,
145,1,,,-73.9601367,40.8175133,2026-01-25 00:43:05.000,_20260124_194023_CH01_REF_TMO-AUTO_Playstore 100MB Downlink_NJ DUT REF_L3.dml,,,,N41(40),NR SA,378,-92.000000,0.000000,,,,,,,,,,,,,,,,,
146,1,,,-73.9601367,40.8175133,2026-01-25 00:43:06.000,_20260124_194023_CH01_REF_TMO-AUTO_Playstore 100MB Downlink_NJ DUT REF_L3.dml,,,,N41(40),NR SA,378,-92.000000,0.000000,,,,,,,,,,,,,,,,,
147,1,,,-73.9601367,40.8175133,2026-01-25 00:43:07.000,_20260124_194023_CH01_REF_TMO-AUTO_Playstore 100MB Downlink_NJ DUT REF_L3.dml,,,,N41(40),NR SA,378,-92.000000,0.000000,,,,,,,,,,,,,,,,,
148,1,,,-73.9601367,40.8175133,2026-01-25 00:43:08.000,_20260124_194023_CH01_REF_TMO-AUTO_Playstore 100MB Downlink_NJ DUT REF_L3.dml,,,,N41(40),NR SA,378,-92.000000,0.000000,,,,,,,,,,,,,,,,,
149,1,,,-73.9601367,40.8175133,2026-01-25 00:43:10.000,_20260124_194023_CH01_REF_TMO-AUTO_Playstore 100MB Downlink_NJ DUT REF_L3.dml,,,,N41(40),NR SA,378,-92.000000,0.000000,,,,,,,,,,,,,,,,,
150,1,,,-73.9601367,40.8175133,2026-01-25 00:43:11.000,_20260124_194023_CH01_REF_TMO-AUTO_Playstore 100MB Downlink_NJ DUT REF_L3.dml,,,,N41(40),NR SA,378,-92.000000,0.000000,,,,,,,,,,,,,,,,,
151,1,,,-73.9601367,40.8175133,2026-01-25 00:43:12.000,_20260124_194023_CH01_REF_TMO-AUTO_Playstore 100MB Downlink_NJ DUT REF_L3.dml,,,,N41(40),NR SA,378,-91.000000,0.000000,,,,,,,,,,,,,,,,,
152,1,,,-73.9601367,40.8175133,2026-01-25 00:43:13.000,_20260124_194023_CH01_REF_TMO-AUTO_Playstore 100MB Downlink_NJ DUT REF_L3.dml,,,,N41(50)+N71(15),NR SA,378,-94.880000,-0.400000,,,,,,,,,,,,,,,,,
153,1,,,-73.9601367,40.8175133,2026-01-25 00:43:14.000,_20260124_194023_CH01_REF_TMO-AUTO_Playstore 100MB Downlink_NJ DUT REF_L3.dml,,,,N41(50)+N71(15),NR SA,378,-95.320000,-0.180000,,,,,,,,,,,,,0.136,,,,
154,1,,,-73.9601367,40.8175133,2026-01-25 00:43:15.000,_20260124_194023_CH01_REF_TMO-AUTO_Playstore 100MB Downlink_NJ DUT REF_L3.dml,,,,N41(50)+N71(15),NR SA,378,-95.480000,-1.200000,,,,,,,,,,,,,0.000,,,,
155,1,,,-73.9601367,40.8175133,2026-01-25 00:43:16.000,_20260124_194023_CH01_REF_TMO-AUTO_Playstore 100MB Downlink_NJ DUT REF_L3.dml,,,,N41(50)+N71(15),NR SA,440,-93.840000,-0.390000,,,,,,,,,,,,,0.040,,,,
156,1,,,-73.9601367,40.8175133,2026-01-25 00:43:17.000,_20260124_194023_CH01_REF_TMO-AUTO_Playstore 100MB Downlink_NJ DUT REF_L3.dml,,,,N41(50)+N71(15),NR SA,440,-91.160000,0.180000,,,,,,,,,,,,,0.000,,,,
157,1,,,-73.9601367,40.8175133,2026-01-25 00:43:18.000,_20260124_194023_CH01_REF_TMO-AUTO_Playstore 100MB Downlink_NJ DUT REF_L3.dml,,,,N41(50)+N71(15),NR SA,440,-91.150000,0.550000,,,,,,,,,,,,,0.000,,,,
158,1,,,-73.9601367,40.8175133,2026-01-25 00:43:19.000,_20260124_194023_CH01_REF_TMO-AUTO_Playstore 100MB Downlink_NJ DUT REF_L3.dml,,,,N41(50)+N71(15),NR SA,440,-91.340000,0.140000,,,,,,,,,,,,,0.000,,,,
159,1,,,-73.9601367,40.8175133,2026-01-25 00:43:20.000,_20260124_194023_CH01_REF_TMO-AUTO_Playstore 100MB Downlink_NJ DUT REF_L3.dml,,,,N41(50)+N71(15),NR SA,440,-92.160000,-0.140000,,,,,,,,,,,,,0.216,,,,
160,1,,,-73.9601367,40.8175133,2026-01-25 00:43:21.000,_20260124_194023_CH01_REF_TMO-AUTO_Playstore 100MB Downlink_NJ DUT REF_L3.dml,,,,N41(50)+N71(15),NR SA,440,-92.000000,-0.020000,,,,,,,,,,,,,0.336,,,,
161,1,,,-73.9601367,40.8175133,2026-01-25 00:43:22.000,_20260124_194023_CH01_REF_TMO-AUTO_Playstore 100MB Downlink_NJ DUT REF_L3.dml,,,,N41(50)+N71(15),NR SA,440,-92.440000,-0.130000,,,,,,,,,,,,,0.624,,,,
162,1,,,-73.9601517,40.8175167,2026-01-25 00:43:23.000,_20260124_194023_CH01_REF_TMO-AUTO_Playstore 100MB Downlink_NJ DUT REF_L3.dml,,,,N41(50)+N71(15),NR SA,440,-95.370000,-1.260000,,,,,,,,,,,,,,,,,
163,1,,,-73.9601467,40.8175183,2026-01-25 00:43:24.000,_20260124_194023_CH01_REF_TMO-AUTO_Playstore 100MB Downlink_NJ DUT REF_L3.dml,,,,N41(50)+N71(15),NR SA,440,-94.840000,1.490000,,,,,,,,,,,,,,,,,
164,1,,,-73.9601500,40.8175150,2026-01-25 00:43:25.000,_20260124_194023_CH01_REF_TMO-AUTO_Playstore 100MB Downlink_NJ DUT REF_L3.dml,,,,N41(100)+N71(15),NR SA,440,-94.280000,2.460000,,,,,,,,,,,,,0.760,,,,
165,1,,,-73.9601533,40.8175117,2026-01-25 00:43:26.000,_20260124_194023_CH01_REF_TMO-AUTO_Playstore 100MB Downlink_NJ DUT REF_L3.dml,,,,N41(100)+N71(15),NR SA,440,-94.700000,2.060000,,,,,,,,,,,,,0.528,,,,
166,1,,,-73.9601533,40.8175100,2026-01-25 00:43:27.000,_20260124_194023_CH01_REF_TMO-AUTO_Playstore 100MB Downlink_NJ DUT REF_L3.dml,,,,N41(100)+N71(15),NR SA,440,-95.470000,0.960000,,,,,,,,,,,,,0.640,,,,
167,1,,,-73.9601567,40.8175067,2026-01-25 00:43:28.000,_20260124_194023_CH01_REF_TMO-AUTO_Playstore 100MB Downlink_NJ DUT REF_L3.dml,,,,N41(100)+N71(15),NR SA,440,-94.730000,1.560000,,,,,,,,,,,,,0.440,,,,
168,1,,,-73.9601567,40.8175050,2026-01-25 00:43:29.000,_20260124_194023_CH01_REF_TMO-AUTO_Playstore 100MB Downlink_NJ DUT REF_L3.dml,,,,N41(100)+N71(15),NR SA,440,-94.860000,1.900000,,,,,,,,,,,,,0.416,,,,
169,1,,,-73.9601617,40.8175033,2026-01-25 00:43:30.000,_20260124_194023_CH01_REF_TMO-AUTO_Playstore 100MB Downlink_NJ DUT REF_L3.dml,,,,N41(100)+N71(15),NR SA,440,-96.000000,0.630000,,,,,,,,,,,,,0.520,,,,
170,1,,,-73.9601650,40.8175017,2026-01-25 00:43:31.000,_20260124_194023_CH01_REF_TMO-AUTO_Playstore 100MB Downlink_NJ DUT REF_L3.dml,,,,N41(100)+N71(15),NR SA,440,-95.160000,1.640000,,,,,,,,,,,,,0.648,,,,
171,1,,,-73.9601667,40.8175017,2026-01-25 00:43:32.000,_20260124_194023_CH01_REF_TMO-AUTO_Playstore 100MB Downlink_NJ DUT REF_L3.dml,,,,N41(100)+N71(15),NR SA,440,-95.420000,0.840000,,,,,,,,,,,,,0.672,,,,
172,1,,,-73.9601683,40.8175000,2026-01-25 00:43:33.000,_20260124_194023_CH01_REF_TMO-AUTO_Playstore 100MB Downlink_NJ DUT REF_L3.dml,,,,N41(100)+N71(15),NR SA,440,-95.240000,0.940000,,,,,,,,,,,,,0.512,,,,
173,1,,,-73.9601700,40.8174983,2026-01-25 00:43:34.000,_20260124_194023_CH01_REF_TMO-AUTO_Playstore 100MB Downlink_NJ DUT REF_L3.dml,,,,N41(100)+N71(15),NR SA,440,-95.600000,1.400000,,,,,,,,,,,,,0.944,,,,
174,1,,,-73.9601717,40.8174983,2026-01-25 00:43:35.000,_20260124_194023_CH01_REF_TMO-AUTO_Playstore 100MB Downlink_NJ DUT REF_L3.dml,,,,N41(100)+N71(15),NR SA,440,-95.670000,0.760000,,,,,,,,,,,,,0.776,,,,
175,1,,,-73.9601717,40.8174967,2026-01-25 00:43:36.000,_20260124_194023_CH01_REF_TMO-AUTO_Playstore 100MB Downlink_NJ DUT REF_L3.dml,,,,N41(100)+N71(15),NR SA,440,-95.050000,1.440000,,,,,,,,,,,,,0.968,,,,
176,1,,,-73.9601717,40.8174967,2026-01-25 00:43:37.000,_20260124_194023_CH01_REF_TMO-AUTO_Playstore 100MB Downlink_NJ DUT REF_L3.dml,,,,N41(100)+N71(15),NR SA,440,-94.920000,1.570000,,,,,,,,,,,,,0.768,,,,
177,1,,,-73.9601717,40.8174967,2026-01-25 00:43:38.000,_20260124_194023_CH01_REF_TMO-AUTO_Playstore 100MB Downlink_NJ DUT REF_L3.dml,,,,N41(100)+N71(15),NR SA,440,-94.490000,2.240000,,,,,,,,,,,,,0.816,,,,
178,1,,,-73.9601717,40.8174967,2026-01-25 00:43:39.000,_20260124_194023_CH01_REF_TMO-AUTO_Playstore 100MB Downlink_NJ DUT REF_L3.dml,,,,N41(100)+N71(15),NR SA,440,-94.750000,1.760000,,,,,,,,,,,,,0.824,,,,
179,1,,,-73.9601717,40.8174967,2026-01-25 00:43:40.000,_20260124_194023_CH01_REF_TMO-AUTO_Playstore 100MB Downlink_NJ DUT REF_L3.dml,,,,N41(100)+N71(15),NR SA,440,-95.320000,1.500000,,,,,,,,,,,,,0.568,,,,
180,1,,,-73.9601717,40.8174967,2026-01-25 00:43:41.000,_20260124_194023_CH01_REF_TMO-AUTO_Playstore 100MB Downlink_NJ DUT REF_L3.dml,,,,N41(100)+N71(15),NR SA,440,-95.000000,1.020000,,,,,,,,,,,,,0.568,,,,
181,1,,,-73.9601717,40.8174967,2026-01-25 00:43:42.000,_20260124_194023_CH01_REF_TMO-AUTO_Playstore 100MB Downlink_NJ DUT REF_L3.dml,,,,N41(100)+N71(15),NR SA,440,-95.650000,1.160000,,,,,,,,,,,,,0.000,,,,
182,1,,,-73.9601717,40.8174967,2026-01-25 00:43:43.000,_20260124_194023_CH01_REF_TMO-AUTO_Playstore 100MB Downlink_NJ DUT REF_L3.dml,,,,N41(100)+N71(15),NR SA,440,-95.080000,1.700000,,,,,,,,,,,,,0.000,,,,
183,1,,,-73.9601717,40.8174967,2026-01-25 00:43:44.000,_20260124_194023_CH01_REF_TMO-AUTO_Playstore 100MB Downlink_NJ DUT REF_L3.dml,,,,N41(100)+N71(15),NR SA,440,-95.330000,0.910000,,,,,,,,,,,,,0.000,,,,
184,1,,,-73.9601717,40.8174967,2026-01-25 00:43:45.000,_20260124_194023_CH01_REF_TMO-AUTO_Playstore 100MB Downlink_NJ DUT REF_L3.dml,,,,N41(100)+N71(15),NR SA,440,-95.180000,0.340000,,,,,,,,,,,,,0.016,,,,
185,1,,,-73.9601717,40.8174967,2026-01-25 00:43:46.000,_20260124_194023_CH01_REF_TMO-AUTO_Playstore 100MB Downlink_NJ DUT REF_L3.dml,,,,N41(100)+N71(15),NR SA,378,-95.380000,0.000000,,,,,,,,,,,,,,,,,
186,1,,,-73.9601717,40.8174967,2026-01-25 00:43:47.000,_20260124_194023_CH01_REF_TMO-AUTO_Playstore 100MB Downlink_NJ DUT REF_L3.dml,,,,N41(50)+N71(15),NR SA,378,-95.600000,0.000000,,,,,,,,,,,,,0.152,,,,
187,1,,,-73.9601717,40.8174967,2026-01-25 00:43:48.000,_20260124_194023_CH01_REF_TMO-AUTO_Playstore 100MB Downlink_NJ DUT REF_L3.dml,,,,N41(50)+N71(15),NR SA,378,-95.500000,0.200000,,,,,,,,,,,,,0.008,,,,
188,1,,,-73.9601717,40.8174967,2026-01-25 00:43:49.000,_20260124_194023_CH01_REF_TMO-AUTO_Playstore 100MB Downlink_NJ DUT REF_L3.dml,,,,N41(50)+N71(15),NR SA,378,-96.000000,-0.480000,,,,,,,,,,,,,0.000,,,,
189,1,,,-73.9601717,40.8174967,2026-01-25 00:43:50.000,_20260124_194023_CH01_REF_TMO-AUTO_Playstore 100MB Downlink_NJ DUT REF_L3.dml,,,,N41(50)+N71(15),NR SA,378,-96.000000,-0.520000,,,,,,,,,,,,,0.152,,,,
190,1,,,-73.9601717,40.8174967,2026-01-25 00:43:51.000,_20260124_194023_CH01_REF_TMO-AUTO_Playstore 100MB Downlink_NJ DUT REF_L3.dml,,,,N41(50)+N71(15),NR SA,440,-92.400000,2.170000,,,,,,,,,,,,,,,,,
191,1,,,-73.9601717,40.8174967,2026-01-25 00:43:52.000,_20260124_194023_CH01_REF_TMO-AUTO_Playstore 100MB Downlink_NJ DUT REF_L3.dml,,,,N41(50)+N71(15),NR SA,440,-91.900000,2.720000,,,,,,,,,,,,,0.792,,,,
192,1,,,-73.9601717,40.8174967,2026-01-25 00:43:53.000,_20260124_194023_CH01_REF_TMO-AUTO_Playstore 100MB Downlink_NJ DUT REF_L3.dml,,,,N41(50)+N71(15),NR SA,440,-92.220000,1.780000,,,,,,,,,,,,,0.576,,,,
193,1,,,-73.9601717,40.8174967,2026-01-25 00:43:54.000,_20260124_194023_CH01_REF_TMO-AUTO_Playstore 100MB Downlink_NJ DUT REF_L3.dml,,,,N41(50)+N71(15),NR SA,440,-91.880000,1.800000,,,,,,,,,,,,,0.600,,,,
194,1,,,-73.9601733,40.8174883,2026-01-25 00:43:55.000,_20260124_194023_CH01_REF_TMO-AUTO_Playstore 100MB Downlink_NJ DUT REF_L3.dml,,,,N41(50)+N71(15),NR SA,440,-92.320000,1.560000,,,,,,,,,,,,,,,,,
195,1,,,-73.9601800,40.8174900,2026-01-25 00:43:56.000,_20260124_194023_CH01_REF_TMO-AUTO_Playstore 100MB Downlink_NJ DUT REF_L3.dml,,,,N41(50)+N71(15),NR SA,440,-92.440000,0.840000,,,,,,,,,,,,,0.740,,,,
196,1,,,-73.9601867,40.8174917,2026-01-25 00:43:57.000,_20260124_194023_CH01_REF_TMO-AUTO_Playstore 100MB Downlink_NJ DUT REF_L3.dml,,,,N41(50)+N71(15),NR SA,440,-92.610000,1.050000,,,,,,,,,,,,,,,,,
197,1,,,-73.9601950,40.8174933,2026-01-25 00:43:58.000,_20260124_194023_CH01_REF_TMO-AUTO_Playstore 100MB Downlink_NJ DUT REF_L3.dml,,,,N41(50)+N71(15),NR SA,440,-92.870000,1.160000,,,,,,,,,,,,,0.756,,,,
198,1,,,-73.9602033,40.8174933,2026-01-25 00:43:59.000,_20260124_194023_CH01_REF_TMO-AUTO_Playstore 100MB Downlink_NJ DUT REF_L3.dml,,,,N41(100)+N71(15),NR SA,440,-92.700000,1.590000,,,,,,,,,,,,,,,,,
199,1,,,-73.9602133,40.8174967,2026-01-25 00:44:00.000,_20260124_194023_CH01_REF_TMO-AUTO_Playstore 100MB Downlink_NJ DUT REF_L3.dml,,,,N41(100)+N71(15),NR SA,440,-94.300000,1.700000,,,,,,,,,,,,,,,,,
200,1,,,-73.9602233,40.8174967,2026-01-25 00:44:01.000,_20260124_194023_CH01_REF_TMO-AUTO_Playstore 100MB Downlink_NJ DUT REF_L3.dml,,,,N41(100)+N71(15),NR SA,440,-93.660000,2.140000,,,,,,,,,,,,,1.080,,,,
201,1,,,-73.9602300,40.8174983,2026-01-25 00:44:02.000,_20260124_194023_CH01_REF_TMO-AUTO_Playstore 100MB Downlink_NJ DUT REF_L3.dml,,,,N41(100)+N71(15),NR SA,440,-93.410000,3.110000,,,,,,,,,,,,,0.656,,,,
202,1,,,-73.9602350,40.8174983,2026-01-25 00:44:03.000,_20260124_194023_CH01_REF_TMO-AUTO_Playstore 100MB Downlink_NJ DUT REF_L3.dml,,,,N41(100)+N71(15),NR SA,440,-93.200000,2.500000,,,,,,,,,,,,,0.648,,,,
203,1,,,-73.9602400,40.8174983,2026-01-25 00:44:04.000,_20260124_194023_CH01_REF_TMO-AUTO_Playstore 100MB Downlink_NJ DUT REF_L3.dml,,,,N41(100)+N71(15),NR SA,440,-94.300000,1.600000,,,,,,,,,,,,,0.224,,,,
204,1,,,-73.9602450,40.8174983,2026-01-25 00:44:05.000,_20260124_194023_CH01_REF_TMO-AUTO_Playstore 100MB Downlink_NJ DUT REF_L3.dml,,,,N41(100)+N71(15),NR SA,440,-94.310000,1.670000,,,,,,,,,,,,,0.000,,,,
205,1,,,-73.9602483,40.8175000,2026-01-25 00:44:06.000,_20260124_194023_CH01_REF_TMO-AUTO_Playstore 100MB Downlink_NJ DUT REF_L3.dml,,,,N41(100)+N71(15),NR SA,440,-93.650000,2.460000,,,,,,,,,,,,,0.000,,,,
206,1,,,-73.9602533,40.8175017,2026-01-25 00:44:07.000,_20260124_194023_CH01_REF_TMO-AUTO_Playstore 100MB Downlink_NJ DUT REF_L3.dml,,,,N41(100)+N71(15),NR SA,440,-94.200000,1.510000,,,,,,,,,,,,,0.000,,,,
207,1,,,-73.9602567,40.8175033,2026-01-25 00:44:08.000,_20260124_194023_CH01_REF_TMO-AUTO_Playstore 100MB Downlink_NJ DUT REF_L3.dml,,,,N41(100)+N71(15),NR SA,440,-94.860000,1.380000,,,,,,,,,,,,,0.120,,,,
208,1,,,-73.9602583,40.8175050,2026-01-25 00:44:09.000,_20260124_194023_CH01_REF_TMO-AUTO_Playstore 100MB Downlink_NJ DUT REF_L3.dml,,,,N41(100)+N71(15),NR SA,440,-95.000000,0.420000,,,,,,,,,,,,,0.016,,,,
209,1,,,-73.9602600,40.8175067,2026-01-25 00:44:10.000,_20260124_194023_CH01_REF_TMO-AUTO_Playstore 100MB Downlink_NJ DUT REF_L3.dml,,,,N41(100)+N71(15),NR SA,440,-94.300000,1.260000,,,,,,,,,,,,,0.000,,,,
210,1,,,-73.9602633,40.8175083,2026-01-25 00:44:11.000,_20260124_194023_CH01_REF_TMO-AUTO_Playstore 100MB Downlink_NJ DUT REF_L3.dml,,,,N41(100)+N71(15),NR SA,440,-94.340000,1.440000,,,,,,,,,,,,,0.000,,,,
211,1,,,-73.9602667,40.8175117,2026-01-25 00:44:12.000,_20260124_194023_CH01_REF_TMO-AUTO_Playstore 100MB Downlink_NJ DUT REF_L3.dml,,,,N41(100)+N71(15),NR SA,440,-94.420000,1.000000,,,,,,,,,,,,,0.000,,,,
212,1,,,-73.9602700,40.8175133,2026-01-25 00:44:13.000,_20260124_194023_CH01_REF_TMO-AUTO_Playstore 100MB Downlink_NJ DUT REF_L3.dml,,,,N41(100)+N71(15),NR SA,440,-94.350000,1.090000,,,,,,,,,,,,,0.048,,,,
213,1,,,-73.9602733,40.8175133,2026-01-25 00:44:14.000,_20260124_194023_CH01_REF_TMO-AUTO_Playstore 100MB Downlink_NJ DUT REF_L3.dml,,,,N41(100)+N71(15),NR SA,440,-94.300000,1.680000,,,,,,,,,,,,,0.144,,,,
214,1,,,-73.9602733,40.8175150,2026-01-25 00:44:15.000,_20260124_194023_CH01_REF_TMO-AUTO_Playstore 100MB Downlink_NJ DUT REF_L3.dml,,,,N41(50)+N71(15),NR SA,378,-95.450000,-0.170000,,,,,,,,,,,,,,,,,
215,1,,,-73.9602750,40.8175133,2026-01-25 00:44:16.000,_20260124_194023_CH01_REF_TMO-AUTO_Playstore 100MB Downlink_NJ DUT REF_L3.dml,,,,N41(50)+N71(15),NR SA,378,-96.000000,-0.140000,,,,,,,,,,,,,0.880,,,,
216,1,,,-73.9602783,40.8175117,2026-01-25 00:44:17.000,_20260124_194023_CH01_REF_TMO-AUTO_Playstore 100MB Downlink_NJ DUT REF_L3.dml,,,,N41(50)+N71(15),NR SA,378,-96.000000,-0.420000,,,,,,,,,,,,,0.712,,,,
217,1,,,-73.9602800,40.8175133,2026-01-25 00:44:18.000,_20260124_194023_CH01_REF_TMO-AUTO_Playstore 100MB Downlink_NJ DUT REF_L3.dml,,,,N41(50)+N71(15),NR SA,378,-92.900000,-0.240000,,,,,,,,,,,,,,,,,
218,1,,,-73.9602817,40.8175133,2026-01-25 00:44:19.000,_20260124_194023_CH01_REF_TMO-AUTO_Playstore 100MB Downlink_NJ DUT REF_L3.dml,,,,N41(50)+N71(15),NR SA,378,-92.460000,-0.080000,,,,,,,,,,,,,0.608,,,,
219,1,,,-73.9602817,40.8175133,2026-01-25 00:44:20.000,_20260124_194023_CH01_REF_TMO-AUTO_Playstore 100MB Downlink_NJ DUT REF_L3.dml,,,,N41(50)+N71(15),NR SA,378,-92.120000,0.000000,,,,,,,,,,,,,0.392,,,,
220,1,,,-73.9602800,40.8175133,2026-01-25 00:44:21.000,_20260124_194023_CH01_REF_TMO-AUTO_Playstore 100MB Downlink_NJ DUT REF_L3.dml,,,,N41(50)+N71(15),NR SA,378,-92.880000,-0.280000,,,,,,,,,,,,,0.544,,,,
221,1,,,-73.9602767,40.8175133,2026-01-25 00:44:22.000,_20260124_194023_CH01_REF_TMO-AUTO_Playstore 100MB Downlink_NJ DUT REF_L3.dml,,,,N41(50)+N71(15),NR SA,378,-92.920000,-0.260000,,,,,,,,,,,,,0.520,,,,
222,1,,,-73.9602767,40.8175133,2026-01-25 00:44:23.000,_20260124_194023_CH01_REF_TMO-AUTO_Playstore 100MB Downlink_NJ DUT REF_L3.dml,,,,N41(50)+N71(15),NR SA,378,-92.520000,0.000000,,,,,,,,,,,,,0.616,,,,
223,1,,,-73.9602767,40.8175133,2026-01-25 00:44:24.000,_20260124_194023_CH01_REF_TMO-AUTO_Playstore 100MB Downlink_NJ DUT REF_L3.dml,,,,N41(50)+N71(15),NR SA,378,-92.200000,0.000000,,,,,,,,,,,,,0.672,,,,
224,1,,,-73.9602650,40.8175117,2026-01-25 00:44:25.000,_20260124_194023_CH01_REF_TMO-AUTO_Playstore 100MB Downlink_NJ DUT REF_L3.dml,,,,N41(100)+N71(15),NR SA,440,-96.700000,-0.840000,,,,,,,,,,,,,0.600,,,,
225,1,,,-73.9602583,40.8175117,2026-01-25 00:44:26.000,_20260124_194023_CH01_REF_TMO-AUTO_Playstore 100MB Downlink_NJ DUT REF_L3.dml,,,,N41(100)+N71(15),NR SA,440,-96.900000,-0.180000,,,,,,,,,,,,,1.064,,,,
226,1,,,-73.9602550,40.8175117,2026-01-25 00:44:27.000,_20260124_194023_CH01_REF_TMO-AUTO_Playstore 100MB Downlink_NJ DUT REF_L3.dml,,,,N41(100)+N71(15),NR SA,440,-96.200000,0.220000,,,,,,,,,,,,,0.400,,,,
227,1,,,-73.9602517,40.8175117,2026-01-25 00:44:28.000,_20260124_194023_CH01_REF_TMO-AUTO_Playstore 100MB Downlink_NJ DUT REF_L3.dml,,,,N41(100)+N71(15),NR SA,440,-95.720000,0.340000,,,,,,,,,,,,,0.408,,,,
228,1,,,-73.9602483,40.8175133,2026-01-25 00:44:29.000,_20260124_194023_CH01_REF_TMO-AUTO_Playstore 100MB Downlink_NJ DUT REF_L3.dml,,,,N41(100)+N71(15),NR SA,440,-94.940000,1.040000,,,,,,,,,,,,,0.576,,,,
229,1,,,-73.9602483,40.8175133,2026-01-25 00:44:30.000,_20260124_194023_CH01_REF_TMO-AUTO_Playstore 100MB Downlink_NJ DUT REF_L3.dml,,,,N41(100)+N71(15),NR SA,440,-95.900000,0.440000,,,,,,,,,,,,,0.288,,,,
230,1,,,-73.9602483,40.8175133,2026-01-25 00:44:31.000,_20260124_194023_CH01_REF_TMO-AUTO_Playstore 100MB Downlink_NJ DUT REF_L3.dml,,,,N41(100)+N71(15),NR SA,440,-95.770000,1.090000,,,,,,,,,,,,,,,,,
231,1,,,-73.9602483,40.8175133,2026-01-25 00:44:32.000,_20260124_194023_CH01_REF_TMO-AUTO_Playstore 100MB Downlink_NJ DUT REF_L3.dml,,,,N41(100)+N71(15),NR SA,440,-95.920000,0.980000,,,,,,,,,,,,,0.000,,,,
232,1,,,-73.9602483,40.8175133,2026-01-25 00:44:33.000,_20260124_194023_CH01_REF_TMO-AUTO_Playstore 100MB Downlink_NJ DUT REF_L3.dml,,,,N41(100)+N71(15),NR SA,440,-94.980000,1.360000,,,,,,,,,,,,,0.000,,,,
233,1,,,-73.9602350,40.8175183,2026-01-25 00:44:34.000,_20260124_194023_CH01_REF_TMO-AUTO_Playstore 100MB Downlink_NJ DUT REF_L3.dml,,,,N41(100)+N71(15),NR SA,440,-95.000000,1.840000,,,,,,,,,,,,,0.016,,,,
234,1,,,-73.9602333,40.8175200,2026-01-25 00:44:35.000,_20260124_194023_CH01_REF_TMO-AUTO_Playstore 100MB Downlink_NJ DUT REF_L3.dml,,,,N41(100)+N71(15),NR SA,440,-95.800000,0.780000,,,,,,,,,,,,,0.320,,,,
235,1,,,-73.9602317,40.8175217,2026-01-25 00:44:36.000,_20260124_194023_CH01_REF_TMO-AUTO_Playstore 100MB Downlink_NJ DUT REF_L3.dml,,,,N41(100)+N71(15),NR SA,440,-95.620000,1.360000,,,,,,,,,,,,,0.000,,,,
236,1,,,-73.9602300,40.8175217,2026-01-25 00:44:37.000,_20260124_194023_CH01_REF_TMO-AUTO_Playstore 100MB Downlink_NJ DUT REF_L3.dml,,,,N41(100)+N71(15),NR SA,440,-94.980000,1.240000,,,,,,,,,,,,,0.000,,,,
237,1,,,-73.9602300,40.8175217,2026-01-25 00:44:38.000,_20260124_194023_CH01_REF_TMO-AUTO_Playstore 100MB Downlink_NJ DUT REF_L3.dml,,,,N41(100)+N71(15),NR SA,440,-95.100000,1.400000,,,,,,,,,,,,,0.000,,,,
238,1,,,-73.9602300,40.8175217,2026-01-25 00:44:39.000,_20260124_194023_CH01_REF_TMO-AUTO_Playstore 100MB Downlink_NJ DUT REF_L3.dml,,,,N41(100)+N71(15),NR SA,440,-95.260000,1.290000,,,,,,,,,,,,,0.064,,,,
239,1,,,-73.9602300,40.8175217,2026-01-25 00:44:40.000,_20260124_194023_CH01_REF_TMO-AUTO_Playstore 100MB Downlink_NJ DUT REF_L3.dml,,,,N41(100)+N71(15),NR SA,440,-95.140000,0.760000,,,,,,,,,,,,,0.000,,,,
240,1,,,-73.9602300,40.8175217,2026-01-25 00:44:41.000,_20260124_194023_CH01_REF_TMO-AUTO_Playstore 100MB Downlink_NJ DUT REF_L3.dml,,,,N41(100)+N71(15),NR SA,440,-94.300000,1.940000,,,,,,,,,,,,,0.000,,,,
241,1,,,-73.9602300,40.8175217,2026-01-25 00:44:42.000,_20260124_194023_CH01_REF_TMO-AUTO_Playstore 100MB Downlink_NJ DUT REF_L3.dml,,,,N41(100)+N71(15),NR SA,440,-93.670000,2.270000,,,,,,,,,,,,,0.000,,,,
242,1,,,-73.9602300,40.8175217,2026-01-25 00:44:43.000,_20260124_194023_CH01_REF_TMO-AUTO_Playstore 100MB Downlink_NJ DUT REF_L3.dml,,,,N41(100)+N71(15),NR SA,440,-95.090000,1.220000,,,,,,,,,,,,,0.184,,,,
243,1,,,-73.9602300,40.8175217,2026-01-25 00:44:44.000,_20260124_194023_CH01_REF_TMO-AUTO_Playstore 100MB Downlink_NJ DUT REF_L3.dml,,,,N41(100)+N71(15),NR SA,440,-95.020000,1.220000,,,,,,,,,,,,,0.552,,,,
244,1,,,-73.9602183,40.8175267,2026-01-25 00:44:45.000,_20260124_194023_CH01_REF_TMO-AUTO_Playstore 100MB Downlink_NJ DUT REF_L3.dml,,,,N41(100)+N71(15),NR SA,440,-94.840000,0.930000,,,,,,,,,,,,,0.488,,,,
245,1,,,-73.9602150,40.8175300,2026-01-25 00:44:46.000,_20260124_194023_CH01_REF_TMO-AUTO_Playstore 100MB Downlink_NJ DUT REF_L3.dml,,,,N41(100)+N71(15),NR SA,440,-94.000000,2.090000,,,,,,,,,,,,,0.488,,,,
246,1,,,-73.9602133,40.8175317,2026-01-25 00:44:47.000,_20260124_194023_CH01_REF_TMO-AUTO_Playstore 100MB Downlink_NJ DUT REF_L3.dml,,,,N41(50)+N71(15),NR SA,440,-95.970000,0.270000,,,,,,,,,,,,,0.720,,,,
247,1,,,-73.9602117,40.8175300,2026-01-25 00:44:48.000,_20260124_194023_CH01_REF_TMO-AUTO_Playstore 100MB Downlink_NJ DUT REF_L3.dml,,,,N41(50)+N71(15),NR SA,440,-95.620000,-0.710000,,,,,,,,,,,,,0.584,,,,
248,1,,,-73.9602117,40.8175283,2026-01-25 00:44:49.000,_20260124_194023_CH01_REF_TMO-AUTO_Playstore 100MB Downlink_NJ DUT REF_L3.dml,,,,N41(50)+N71(15),NR SA,440,-95.930000,-1.050000,,,,,,,,,,,,,0.616,,,,
249,1,,,-73.9602117,40.8175283,2026-01-25 00:44:50.000,_20260124_194023_CH01_REF_TMO-AUTO_Playstore 100MB Downlink_NJ DUT REF_L3.dml,,,,N41(50)+N71(15),NR SA,440,-95.660000,-0.840000,,,,,,,,,,,,,0.576,,,,
250,1,,,-73.9602117,40.8175283,2026-01-25 00:44:51.000,_20260124_194023_CH01_REF_TMO-AUTO_Playstore 100MB Downlink_NJ DUT REF_L3.dml,,,,N41(50)+N71(15),NR SA,440,-96.160000,-1.020000,,,,,,,,,,,,,0.592,,,,
251,1,,,-73.9602117,40.8175283,2026-01-25 00:44:52.000,_20260124_194023_CH01_REF_TMO-AUTO_Playstore 100MB Downlink_NJ DUT REF_L3.dml,,,,N41(50)+N71(15),NR SA,440,-95.700000,0.100000,,,,,,,,,,,,,0.592,,,,
252,1,,,-73.9602117,40.8175283,2026-01-25 00:44:53.000,_20260124_194023_CH01_REF_TMO-AUTO_Playstore 100MB Downlink_NJ DUT REF_L3.dml,,,,N41(50)+N71(15),NR SA,440,-95.520000,-0.640000,,,,,,,,,,,,,,,,,
253,1,,,-73.9602117,40.8175283,2026-01-25 00:44:54.000,_20260124_194023_CH01_REF_TMO-AUTO_Playstore 100MB Downlink_NJ DUT REF_L3.dml,,,,N41(50)+N71(15),NR SA,440,-95.540000,-0.240000,,,,,,,,,,,,,,,,,
254,1,,,-73.9602117,40.8175283,2026-01-25 00:44:55.000,_20260124_194023_CH01_REF_TMO-AUTO_Playstore 100MB Downlink_NJ DUT REF_L3.dml,,,,N41(50)+N71(15),NR SA,440,-92.040000,2.160000,,,,,,,,,,,,,0.264,,,,
255,1,,,-73.9602117,40.8175283,2026-01-25 00:44:56.000,_20260124_194023_CH01_REF_TMO-AUTO_Playstore 100MB Downlink_NJ DUT REF_L3.dml,,,,N41(50)+N71(15),NR SA,440,-91.760000,2.280000,,,,,,,,,,,,,0.344,,,,
256,1,,,-73.9602117,40.8175283,2026-01-25 00:44:57.000,_20260124_194023_CH01_REF_TMO-AUTO_Playstore 100MB Downlink_NJ DUT REF_L3.dml,,,,N41(50)+N71(15),NR SA,440,-91.860000,2.140000,,,,,,,,,,,,,0.312,,,,
257,1,,,-73.9602117,40.8175283,2026-01-25 00:44:58.000,_20260124_194023_CH01_REF_TMO-AUTO_Playstore 100MB Downlink_NJ DUT REF_L3.dml,,,,N41(50)+N71(15),NR SA,440,-91.660000,2.120000,,,,,,,,,,,,,0.232,,,,
258,1,,,-73.9602117,40.8175283,2026-01-25 00:44:59.000,_20260124_194023_CH01_REF_TMO-AUTO_Playstore 100MB Downlink_NJ DUT REF_L3.dml,,,,N41(50)+N71(15),NR SA,440,-92.820000,1.840000,,,,,,,,,,,,,0.208,,,,
259,1,,,-73.9602117,40.8175283,2026-01-25 00:45:00.000,_20260124_194023_CH01_REF_TMO-AUTO_Playstore 100MB Downlink_NJ DUT REF_L3.dml,,,,N41(50)+N71(15),NR SA,440,-92.770000,1.420000,,,,,,,,,,,,,0.360,,,,
260,1,,,-73.9602117,40.8175283,2026-01-25 00:45:01.000,_20260124_194023_CH01_REF_TMO-AUTO_Playstore 100MB Downlink_NJ DUT REF_L3.dml,,,,N41(50)+N71(15),NR SA,440,-92.630000,1.730000,,,,,,,,,,,,,0.288,,,,
261,1,,,-73.9602117,40.8175283,2026-01-25 00:45:02.000,_20260124_194023_CH01_REF_TMO-AUTO_Playstore 100MB Downlink_NJ DUT REF_L3.dml,,,,N41(100)+N71(15),NR SA,440,-95.510000,0.420000,,,,,,,,,,,,,0.304,,,,
262,1,,,-73.9602117,40.8175283,2026-01-25 00:45:03.000,_20260124_194023_CH01_REF_TMO-AUTO_Playstore 100MB Downlink_NJ DUT REF_L3.dml,,,,N41(100)+N71(15),NR SA,440,-95.680000,0.720000,,,,,,,,,,,,,0.248,,,,
263,1,,,-73.9602117,40.8175283,2026-01-25 00:45:04.000,_20260124_194023_CH01_REF_TMO-AUTO_Playstore 100MB Downlink_NJ DUT REF_L3.dml,,,,N41(100)+N71(15),NR SA,440,-97.180000,-0.270000,,,,,,,,,,,,,0.224,,,,
264,1,,,-73.9601883,40.8175317,2026-01-25 00:45:05.000,_20260124_194023_CH01_REF_TMO-AUTO_Playstore 100MB Downlink_NJ DUT REF_L3.dml,,,,N41(100)+N71(15),NR SA,440,-95.620000,0.620000,,,,,,,,,,,,,0.224,,,,
265,1,,,-73.9601817,40.8175333,2026-01-25 00:45:06.000,_20260124_194023_CH01_REF_TMO-AUTO_Playstore 100MB Downlink_NJ DUT REF_L3.dml,,,,N41(100)+N71(15),NR SA,440,-95.490000,0.310000,,,,,,,,,,,,,0.304,,,,
266,1,,,-73.9601800,40.8175333,2026-01-25 00:45:07.000,_20260124_194023_CH01_REF_TMO-AUTO_Playstore 100MB Downlink_NJ DUT REF_L3.dml,,,,N41(100)+N71(15),NR SA,440,-95.360000,0.170000,,,,,,,,,,,,,0.384,,,,
267,1,,,-73.9601767,40.8175333,2026-01-25 00:45:08.000,_20260124_194023_CH01_REF_TMO-AUTO_Playstore 100MB Downlink_NJ DUT REF_L3.dml,,,,N41(100)+N71(15),NR SA,440,-95.850000,0.000000,,,,,,,,,,,,,0.008,,,,
268,1,,,-73.9601767,40.8175333,2026-01-25 00:45:09.000,_20260124_194023_CH01_REF_TMO-AUTO_Playstore 100MB Downlink_NJ DUT REF_L3.dml,,,,N41(100)+N71(15),NR SA,440,-96.020000,0.240000,,,,,,,,,,,,,0.000,,,,
269,1,,,-73.9601767,40.8175333,2026-01-25 00:45:10.000,_20260124_194023_CH01_REF_TMO-AUTO_Playstore 100MB Downlink_NJ DUT REF_L3.dml,,,,N41(100)+N71(15),NR SA,440,-94.900000,1.060000,,,,,,,,,,,,,0.000,,,,
270,1,,,-73.9601767,40.8175333,2026-01-25 00:45:11.000,_20260124_194023_CH01_REF_TMO-AUTO_Playstore 100MB Downlink_NJ DUT REF_L3.dml,,,,N41(100)+N71(15),NR SA,440,-95.360000,0.690000,,,,,,,,,,,,,0.056,,,,
271,1,,,-73.9601767,40.8175333,2026-01-25 00:45:12.000,_20260124_194023_CH01_REF_TMO-AUTO_Playstore 100MB Downlink_NJ DUT REF_L3.dml,,,,N41(100)+N71(15),NR SA,440,-94.860000,1.700000,,,,,,,,,,,,,0.064,,,,
272,1,,,-73.9601767,40.8175333,2026-01-25 00:45:13.000,_20260124_194023_CH01_REF_TMO-AUTO_Playstore 100MB Downlink_NJ DUT REF_L3.dml,,,,N41(100)+N71(15),NR SA,440,-94.910000,1.200000,,,,,,,,,,,,,0.000,,,,
273,1,,,-73.9601767,40.8175333,2026-01-25 00:45:14.000,_20260124_194023_CH01_REF_TMO-AUTO_Playstore 100MB Downlink_NJ DUT REF_L3.dml,,,,N41(100)+N71(15),NR SA,440,-95.290000,0.530000,,,,,,,,,,,,,,,,,
274,1,,,-73.9601767,40.8175333,2026-01-25 00:45:15.000,_20260124_194023_CH01_REF_TMO-AUTO_Playstore 100MB Downlink_NJ DUT REF_L3.dml,,,,N41(100)+N71(15),NR SA,440,-95.940000,-0.030000,,,,,,,,,,,,,0.000,,,,
275,1,,,-73.9601767,40.8175333,2026-01-25 00:45:16.000,_20260124_194023_CH01_REF_TMO-AUTO_Playstore 100MB Downlink_NJ DUT REF_L3.dml,,,,N41(50)+N71(15),NR SA,440,-94.920000,0.780000,,,,,,,,,,,,,,,,,
276,1,,,-73.9601767,40.8175333,2026-01-25 00:45:17.000,_20260124_194023_CH01_REF_TMO-AUTO_Playstore 100MB Downlink_NJ DUT REF_L3.dml,,,,N41(50)+N71(15),NR SA,440,-95.780000,0.240000,,,,,,,,,,,,,,,,,
277,1,,,-73.9601767,40.8175333,2026-01-25 00:45:18.000,_20260124_194023_CH01_REF_TMO-AUTO_Playstore 100MB Downlink_NJ DUT REF_L3.dml,,,,N41(50)+N71(15),NR SA,440,-95.920000,-0.100000,,,,,,,,,,,,,0.008,,,,
278,1,,,-73.9601767,40.8175333,2026-01-25 00:45:19.000,_20260124_194023_CH01_REF_TMO-AUTO_Playstore 100MB Downlink_NJ DUT REF_L3.dml,,,,N41(50)+N71(15),NR SA,440,-95.900000,0.180000,,,,,,,,,,,,,0.000,,,,
279,1,,,-73.9601767,40.8175333,2026-01-25 00:45:20.000,_20260124_194023_CH01_REF_TMO-AUTO_Playstore 100MB Downlink_NJ DUT REF_L3.dml,,,,N41(50)+N71(15),NR SA,440,-96.000000,-0.340000,,,,,,,,,,,,,0.000,,,,
280,1,,,-73.9601683,40.8175433,2026-01-25 00:45:21.000,_20260124_194023_CH01_REF_TMO-AUTO_Playstore 100MB Downlink_NJ DUT REF_L3.dml,,,,N41(50)+N71(15),NR SA,440,-95.680000,0.020000,,,,,,,,,,,,,0.000,,,,
281,1,,,-73.9601717,40.8175450,2026-01-25 00:45:22.000,_20260124_194023_CH01_REF_TMO-AUTO_Playstore 100MB Downlink_NJ DUT REF_L3.dml,,,,N41(50)+N71(15),NR SA,440,-96.000000,0.000000,,,,,,,,,,,,,0.000,,,,
282,1,,,-73.9601717,40.8175450,2026-01-25 00:45:23.000,_20260124_194023_CH01_REF_TMO-AUTO_Playstore 100MB Downlink_NJ DUT REF_L3.dml,,,,N41(50)+N71(15),NR SA,440,-95.980000,-0.120000,,,,,,,,,,,,,0.000,,,,
283,1,,,-73.9601667,40.8175483,2026-01-25 00:45:24.000,_20260124_194023_CH01_REF_TMO-AUTO_Playstore 100MB Downlink_NJ DUT REF_L3.dml,,,,N41(50)+N71(15),NR SA,440,-95.840000,0.060000,,,,,,,,,,,,,0.400,,,,
284,1,,,-73.9601617,40.8175500,2026-01-25 00:45:25.000,_20260124_194023_CH01_REF_TMO-AUTO_Playstore 100MB Downlink_NJ DUT REF_L3.dml,,,,N41(50)+N71(15),NR SA,440,-95.980000,0.120000,,,,,,,,,,,,,0.672,,,,
285,1,,,-73.9601583,40.8175500,2026-01-25 00:45:26.000,_20260124_194023_CH01_REF_TMO-AUTO_Playstore 100MB Downlink_NJ DUT REF_L3.dml,,,,N41(50)+N71(15),NR SA,440,-95.640000,0.720000,,,,,,,,,,,,,0.640,,,,
286,1,,,-73.9601567,40.8175500,2026-01-25 00:45:27.000,_20260124_194023_CH01_REF_TMO-AUTO_Playstore 100MB Downlink_NJ DUT REF_L3.dml,,,,N41(50)+N71(15),NR SA,440,-95.640000,0.180000,,,,,,,,,,,,,0.712,,,,
287,1,,,-73.9601583,40.8175467,2026-01-25 00:45:28.000,_20260124_194023_CH01_REF_TMO-AUTO_Playstore 100MB Downlink_NJ DUT REF_L3.dml,,,,N41(50)+N71(15),NR SA,440,-95.440000,-0.160000,,,,,,,,,,,,,0.624,,,,
288,1,,,-73.9601633,40.8175450,2026-01-25 00:45:29.000,_20260124_194023_CH01_REF_TMO-AUTO_Playstore 100MB Downlink_NJ DUT REF_L3.dml,,,,N41(50)+N71(15),NR SA,440,-94.930000,0.050000,,,,,,,,,,,,,0.608,,,,
289,1,,,-73.9601600,40.8175433,2026-01-25 00:45:30.000,_20260124_194023_CH01_REF_TMO-AUTO_Playstore 100MB Downlink_NJ DUT REF_L3.dml,,,,N41(50)+N71(15),NR SA,440,-95.390000,-0.100000,,,,,,,,,,,,,0.760,,,,
290,1,,,-73.9601617,40.8175417,2026-01-25 00:45:31.000,_20260124_194023_CH01_REF_TMO-AUTO_Playstore 100MB Downlink_NJ DUT REF_L3.dml,,,,N41(50)+N71(15),NR SA,440,-95.000000,0.040000,,,,,,,,,,,,,0.632,,,,
291,1,,,-73.9601633,40.8175417,2026-01-25 00:45:32.000,_20260124_194023_CH01_REF_TMO-AUTO_Playstore 100MB Downlink_NJ DUT REF_L3.dml,,,,N41(50)+N71(15),NR SA,440,-95.100000,0.000000,,,,,,,,,,,,,0.712,,,,
292,1,,,-73.9601650,40.8175400,2026-01-25 00:45:33.000,_20260124_194023_CH01_REF_TMO-AUTO_Playstore 100MB Downlink_NJ DUT REF_L3.dml,,,,N41(50)+N71(15),NR SA,440,-95.000000,0.020000,,,,,,,,,,,,,0.608,,,,
293,1,,,-73.9601650,40.8175400,2026-01-25 00:45:34.000,_20260124_194023_CH01_REF_TMO-AUTO_Playstore 100MB Downlink_NJ DUT REF_L3.dml,,,,N41(50)+N71(15),NR SA,440,-95.180000,0.240000,,,,,,,,,,,,,0.576,,,,
294,1,,,-73.9601650,40.8175400,2026-01-25 00:45:35.000,_20260124_194023_CH01_REF_TMO-AUTO_Playstore 100MB Downlink_NJ DUT REF_L3.dml,,,,N41(50)+N71(15),NR SA,440,-95.480000,0.000000,,,,,,,,,,,,,0.536,,,,
295,1,,,-73.9601633,40.8175417,2026-01-25 00:45:36.000,_20260124_194023_CH01_REF_TMO-AUTO_Playstore 100MB Downlink_NJ DUT REF_L3.dml,,,,N41(50)+N71(15),NR SA,440,-95.000000,0.280000,,,,,,,,,,,,,0.736,,,,
296,1,,,-73.9601600,40.8175417,2026-01-25 00:45:37.000,_20260124_194023_CH01_REF_TMO-AUTO_Playstore 100MB Downlink_NJ DUT REF_L3.dml,,,,N41(50)+N71(15),NR SA,440,-95.280000,-0.080000,,,,,,,,,,,,,0.336,,,,
297,1,,,-73.9601550,40.8175433,2026-01-25 00:45:38.000,_20260124_194023_CH01_REF_TMO-AUTO_Playstore 100MB Downlink_NJ DUT REF_L3.dml,,,,N41(50)+N71(15),NR SA,440,-95.000000,0.260000,,,,,,,,,,,,,0.384,,,,
298,1,,,-73.9601517,40.8175417,2026-01-25 00:45:39.000,_20260124_194023_CH01_REF_TMO-AUTO_Playstore 100MB Downlink_NJ DUT REF_L3.dml,,,,N41(50)+N71(15),NR SA,440,-95.020000,0.020000,,,,,,,,,,,,,0.352,,,,
299,1,,,-73.9601467,40.8175433,2026-01-25 00:45:40.000,_20260124_194023_CH01_REF_TMO-AUTO_Playstore 100MB Downlink_NJ DUT REF_L3.dml,,,,N41(50)+N71(15),NR SA,440,-95.000000,0.000000,,,,,,,,,,,,,0.000,,,,
300,1,,,-73.9601433,40.8175433,2026-01-25 00:45:41.000,_20260124_194023_CH01_REF_TMO-AUTO_Playstore 100MB Downlink_NJ DUT REF_L3.dml,,,,N41(50)+N71(15),NR SA,440,-95.000000,0.080000,,,,,,,,,,,,,0.000,,,,
301,1,,,-73.9601383,40.8175450,2026-01-25 00:45:42.000,_20260124_194023_CH01_REF_TMO-AUTO_Playstore 100MB Downlink_NJ DUT REF_L3.dml,,,,N41(50)+N71(15),NR SA,440,-95.000000,0.220000,,,,,,,,,,,,,0.000,,,,
302,1,,,-73.9601367,40.8175467,2026-01-25 00:45:43.000,_20260124_194023_CH01_REF_TMO-AUTO_Playstore 100MB Downlink_NJ DUT REF_L3.dml,,,,N41(50)+N71(15),NR SA,440,-95.000000,0.300000,,,,,,,,,,,,,0.056,,,,
303,1,,,-73.9601350,40.8175483,2026-01-25 00:45:44.000,_20260124_194023_CH01_REF_TMO-AUTO_Playstore 100MB Downlink_NJ DUT REF_L3.dml,,,,N41(50)+N71(15),NR SA,440,-94.840000,0.210000,,,,,,,,,,,,,0.072,,,,
304,1,,,-73.9601333,40.8175467,2026-01-25 00:45:45.000,_20260124_194023_CH01_REF_TMO-AUTO_Playstore 100MB Downlink_NJ DUT REF_L3.dml,,,,N41(50)+N71(15),NR SA,440,-94.900000,-0.040000,,,,,,,,,,,,,0.000,,,,
305,1,,,-73.9601317,40.8175483,2026-01-25 00:45:46.000,_20260124_194023_CH01_REF_TMO-AUTO_Playstore 100MB Downlink_NJ DUT REF_L3.dml,,,,N41(50)+N71(15),NR SA,440,-95.000000,0.360000,,,,,,,,,,,,,0.000,,,,
306,1,,,-73.9601333,40.8175467,2026-01-25 00:45:47.000,_20260124_194023_CH01_REF_TMO-AUTO_Playstore 100MB Downlink_NJ DUT REF_L3.dml,,,,N41(50)+N71(15),NR SA,440,-94.960000,0.320000,,,,,,,,,,,,,0.000,,,,
307,1,,,-73.9601350,40.8175450,2026-01-25 00:45:48.000,_20260124_194023_CH01_REF_TMO-AUTO_Playstore 100MB Downlink_NJ DUT REF_L3.dml,,,,N41(50)+N71(15),NR SA,440,-94.880000,0.160000,,,,,,,,,,,,,0.000,,,,
308,1,,,-73.9601467,40.8175383,2026-01-25 00:45:49.000,_20260124_194023_CH01_REF_TMO-AUTO_Playstore 100MB Downlink_NJ DUT REF_L3.dml,,,,N41(50)+N71(15),NR SA,440,-95.000000,0.320000,,,,,,,,,,,,,0.000,,,,
309,1,,,-73.9601467,40.8175383,2026-01-25 00:45:50.000,_20260124_194023_CH01_REF_TMO-AUTO_Playstore 100MB Downlink_NJ DUT REF_L3.dml,,,,N41(50)+N71(15),NR SA,440,-95.000000,0.840000,,,,,,,,,,,,,,,,,
310,1,,,-73.9601500,40.8175367,2026-01-25 00:45:51.000,_20260124_194023_CH01_REF_TMO-AUTO_Playstore 100MB Downlink_NJ DUT REF_L3.dml,,,,N41(50)+N71(15),NR SA,440,-95.000000,0.970000,,,,,,,,,,,,,0.000,,,,
311,1,,,-73.9601550,40.8175333,2026-01-25 00:45:52.000,_20260124_194023_CH01_REF_TMO-AUTO_Playstore 100MB Downlink_NJ DUT REF_L3.dml,,,,N41(50)+N71(15),NR SA,440,-94.920000,0.340000,,,,,,,,,,,,,,,,,
312,1,,,-73.9601533,40.8175350,2026-01-25 00:45:53.000,_20260124_194023_CH01_REF_TMO-AUTO_Playstore 100MB Downlink_NJ DUT REF_L3.dml,,,,N41(50)+N71(15),NR SA,440,-94.860000,0.280000,,,,,,,,,,,,,0.000,,,,
313,1,,,-73.9601517,40.8175367,2026-01-25 00:45:54.000,_20260124_194023_CH01_REF_TMO-AUTO_Playstore 100MB Downlink_NJ DUT REF_L3.dml,,,,N41(50)+N71(15),NR SA,378,-94.410000,0.320000,,,,,,,,,,,,,,,,,
314,1,,,-73.9601517,40.8175433,2026-01-25 00:45:55.000,_20260124_194023_CH01_REF_TMO-AUTO_Playstore 100MB Downlink_NJ DUT REF_L3.dml,,,,N41(50)+N71(15),NR SA,378,-95.280000,-0.220000,,,,,,,,,,,,,0.008,,,,
315,1,,,-73.9601517,40.8175450,2026-01-25 00:45:56.000,_20260124_194023_CH01_REF_TMO-AUTO_Playstore 100MB Downlink_NJ DUT REF_L3.dml,,,,N41(50)+N71(15),NR SA,378,-95.020000,-0.480000,,,,,,,,,,,,,0.000,,,,
316,1,,,-73.9601517,40.8175450,2026-01-25 00:45:57.000,_20260124_194023_CH01_REF_TMO-AUTO_Playstore 100MB Downlink_NJ DUT REF_L3.dml,,,,N41(50)+N71(15),NR SA,440,-94.510000,-0.780000,,,,,,,,,,,,,,,,,
317,1,,,-73.9601500,40.8175500,2026-01-25 00:45:58.000,_20260124_194023_CH01_REF_TMO-AUTO_Playstore 100MB Downlink_NJ DUT REF_L3.dml,,,,N41(50)+N71(15),NR SA,440,-92.460000,-0.140000,,,,,,,,,,,,,,,,,
318,1,,,-73.9601467,40.8175517,2026-01-25 00:45:59.000,_20260124_194023_CH01_REF_TMO-AUTO_Playstore 100MB Downlink_NJ DUT REF_L3.dml,,,,N41(50)+N71(15),NR SA,440,-92.020000,-0.100000,,,,,,,,,,,,,0.008,,,,
319,1,,,-73.9601450,40.8175533,2026-01-25 00:46:00.000,_20260124_194023_CH01_REF_TMO-AUTO_Playstore 100MB Downlink_NJ DUT REF_L3.dml,,,,N41(50)+N71(15),NR SA,440,-92.660000,-0.440000,,,,,,,,,,,,,0.000,,,,
320,1,,,-73.9601417,40.8175567,2026-01-25 00:46:01.000,_20260124_194023_CH01_REF_TMO-AUTO_Playstore 100MB Downlink_NJ DUT REF_L3.dml,,,,N41(50)+N71(15),NR SA,440,-93.220000,-0.980000,,,,,,,,,,,,,0.000,,,,
321,1,,,-73.9601417,40.8175567,2026-01-25 00:46:02.000,_20260124_194023_CH01_REF_TMO-AUTO_Playstore 100MB Downlink_NJ DUT REF_L3.dml,,,,N41(50)+N71(15),NR SA,440,-93.520000,-1.140000,,,,,,,,,,,,,0.000,,,,
322,1,,,-73.9601400,40.8175583,2026-01-25 00:46:03.000,_20260124_194023_CH01_REF_TMO-AUTO_Playstore 100MB Downlink_NJ DUT REF_L3.dml,,,,N41(50)+N71(15),NR SA,440,-93.270000,-0.960000,,,,,,,,,,,,,0.000,,,,
323,1,,,-73.9601400,40.8175583,2026-01-25 00:46:04.000,_20260124_194023_CH01_REF_TMO-AUTO_Playstore 100MB Downlink_NJ DUT REF_L3.dml,,,,N41(50)+N71(15),NR SA,440,-91.620000,-0.030000,,,,,,,,,,,,,0.000,,,,
324,1,,,-73.9601383,40.8175583,2026-01-25 00:46:05.000,_20260124_194023_CH01_REF_TMO-AUTO_Playstore 100MB Downlink_NJ DUT REF_L3.dml,,,,N41(50)+N71(15),NR SA,440,-93.680000,-1.110000,,,,,,,,,,,,,0.000,,,,
325,1,,,-73.9601350,40.8175583,2026-01-25 00:46:06.000,_20260124_194023_CH01_REF_TMO-AUTO_Playstore 100MB Downlink_NJ DUT REF_L3.dml,,,,N41(50)+N71(15),NR SA,440,-92.980000,-0.860000,,,,,,,,,,,,,0.000,,,,
326,1,,,-73.9601350,40.8175583,2026-01-25 00:46:07.000,_20260124_194023_CH01_REF_TMO-AUTO_Playstore 100MB Downlink_NJ DUT REF_L3.dml,,,,N41(x)+N71(x),NR SA,440,-91.370000,0.050000,,,,,,,,,,,,,0.000,,,,
327,1,,,-73.9601350,40.8175583,2026-01-25 00:46:08.000,_20260124_194023_CH01_REF_TMO-AUTO_Playstore 100MB Downlink_NJ DUT REF_L3.dml,,,,N41(40)+N71(x),NR SA,440,-91.170000,0.670000,,,,,,,,,,,,,,,,,
328,1,,,-73.9601350,40.8175583,2026-01-25 00:46:09.000,_20260124_194023_CH01_REF_TMO-AUTO_Playstore 100MB Downlink_NJ DUT REF_L3.dml,,,,N41(40),NR SA,440,-93.000000,3.000000,,,,,,,,,,,,,,,,,
329,1,,,-73.9601350,40.8175583,2026-01-25 00:46:10.000,_20260124_194023_CH01_REF_TMO-AUTO_Playstore 100MB Downlink_NJ DUT REF_L3.dml,,,,,NR SA,,,,,,,,,,,,,,,,,,,,
330,1,,,-73.9601350,40.8175583,2026-01-25 00:46:11.000,_20260124_194023_CH01_REF_TMO-AUTO_Playstore 100MB Downlink_NJ DUT REF_L3.dml,,,,N41(40),NR SA,440,-91.500000,2.000000,,,,,,,,,,,,,,,,,
331,1,,,-73.9601350,40.8175583,2026-01-25 00:46:12.000,_20260124_194023_CH01_REF_TMO-AUTO_Playstore 100MB Downlink_NJ DUT REF_L3.dml,,,,N41(50)+N71(15),NR SA,440,-92.390000,1.410000,,,,,,,,,,,,,0.656,,,,
332,1,,,-73.9601350,40.8175583,2026-01-25 00:46:13.000,_20260124_194023_CH01_REF_TMO-AUTO_Playstore 100MB Downlink_NJ DUT REF_L3.dml,,,,N41(50)+N71(15),NR SA,440,-92.080000,2.000000,,,,,,,,,,,,,0.608,,,,
333,1,,,-73.9601233,40.8175717,2026-01-25 00:46:14.000,_20260124_194023_CH01_REF_TMO-AUTO_Playstore 100MB Downlink_NJ DUT REF_L3.dml,,,,N41(50)+N71(15),NR SA,440,-92.060000,1.880000,,,,,,,,,,,,,0.504,,,,
334,1,,,-73.9601200,40.8175717,2026-01-25 00:46:15.000,_20260124_194023_CH01_REF_TMO-AUTO_Playstore 100MB Downlink_NJ DUT REF_L3.dml,,,,N41(50)+N71(15),NR SA,440,-92.220000,2.040000,,,,,,,,,,,,,0.456,,,,
335,1,,,-73.9601183,40.8175717,2026-01-25 00:46:16.000,_20260124_194023_CH01_REF_TMO-AUTO_Playstore 100MB Downlink_NJ DUT REF_L3.dml,,,,N41(50)+N71(15),NR SA,440,-92.620000,1.620000,,,,,,,,,,,,,0.440,,,,
336,1,,,-73.9601183,40.8175717,2026-01-25 00:46:17.000,_20260124_194023_CH01_REF_TMO-AUTO_Playstore 100MB Downlink_NJ DUT REF_L3.dml,,,,N41(50)+N71(15),NR SA,440,-94.220000,1.460000,,,,,,,,,,,,,0.368,,,,
337,1,,,-73.9601183,40.8175717,2026-01-25 00:46:18.000,_20260124_194023_CH01_REF_TMO-AUTO_Playstore 100MB Downlink_NJ DUT REF_L3.dml,,,,N41(50)+N71(15),NR SA,440,-95.260000,-0.360000,,,,,,,,,,,,,0.360,,,,
338,1,,,-73.9601183,40.8175717,2026-01-25 00:46:19.000,_20260124_194023_CH01_REF_TMO-AUTO_Playstore 100MB Downlink_NJ DUT REF_L3.dml,,,,N41(100)+N71(15),NR SA,440,-95.740000,-0.490000,,,,,,,,,,,,,,,,,
339,1,,,-73.9601183,40.8175717,2026-01-25 00:46:20.000,_20260124_194023_CH01_REF_TMO-AUTO_Playstore 100MB Downlink_NJ DUT REF_L3.dml,,,,N41(100)+N71(15),NR SA,440,-96.180000,0.100000,,,,,,,,,,,,,0.432,,,,
340,1,,,-73.9601183,40.8175717,2026-01-25 00:46:21.000,_20260124_194023_CH01_REF_TMO-AUTO_Playstore 100MB Downlink_NJ DUT REF_L3.dml,,,,N41(100)+N71(15),NR SA,440,-97.840000,-0.580000,,,,,,,,,,,,,0.480,,,,
341,1,,,-73.9601183,40.8175717,2026-01-25 00:46:22.000,_20260124_194023_CH01_REF_TMO-AUTO_Playstore 100MB Downlink_NJ DUT REF_L3.dml,,,,N41(100)+N71(15),NR SA,440,-98.320000,-1.040000,,,,,,,,,,,,,0.408,,,,
342,1,,,-73.9601183,40.8175717,2026-01-25 00:46:23.000,_20260124_194023_CH01_REF_TMO-AUTO_Playstore 100MB Downlink_NJ DUT REF_L3.dml,,,,N41(100)+N71(15),NR SA,440,-95.280000,1.000000,,,,,,,,,,,,,0.344,,,,
343,1,,,-73.9601183,40.8175717,2026-01-25 00:46:24.000,_20260124_194023_CH01_REF_TMO-AUTO_Playstore 100MB Downlink_NJ DUT REF_L3.dml,,,,N41(100)+N71(15),NR SA,440,-95.260000,1.800000,,,,,,,,,,,,,0.432,,,,
344,1,,,-73.9601183,40.8175717,2026-01-25 00:46:25.000,_20260124_194023_CH01_REF_TMO-AUTO_Playstore 100MB Downlink_NJ DUT REF_L3.dml,,,,N41(100)+N71(15),NR SA,440,-96.650000,-0.170000,,,,,,,,,,,,,0.392,,,,
345,1,,,-73.9601183,40.8175717,2026-01-25 00:46:26.000,_20260124_194023_CH01_REF_TMO-AUTO_Playstore 100MB Downlink_NJ DUT REF_L3.dml,,,,N41(100)+N71(15),NR SA,440,-96.160000,0.780000,,,,,,,,,,,,,0.544,,,,
346,1,,,-73.9601183,40.8175717,2026-01-25 00:46:27.000,_20260124_194023_CH01_REF_TMO-AUTO_Playstore 100MB Downlink_NJ DUT REF_L3.dml,,,,N41(50)+N71(15),NR SA,378,-95.310000,1.180000,,,,,,,,,,,,,,,,,
347,1,,,-73.9601183,40.8175717,2026-01-25 00:46:28.000,_20260124_194023_CH01_REF_TMO-AUTO_Playstore 100MB Downlink_NJ DUT REF_L3.dml,,,,N41(50)+N71(15),NR SA,378,-94.800000,1.440000,,,,,,,,,,,,,0.456,,,,
348,1,,,-73.9601183,40.8175717,2026-01-25 00:46:29.000,_20260124_194023_CH01_REF_TMO-AUTO_Playstore 100MB Downlink_NJ DUT REF_L3.dml,,,,N41(50)+N71(15),NR SA,378,-95.140000,1.200000,,,,,,,,,,,,,0.688,,,,
349,1,,,-73.9601217,40.8175550,2026-01-25 00:46:30.000,_20260124_194023_CH01_REF_TMO-AUTO_Playstore 100MB Downlink_NJ DUT REF_L3.dml,,,,N41(50)+N71(15),NR SA,378,-95.220000,1.220000,,,,,,,,,,,,,0.600,,,,
350,1,,,-73.9601250,40.8175533,2026-01-25 00:46:31.000,_20260124_194023_CH01_REF_TMO-AUTO_Playstore 100MB Downlink_NJ DUT REF_L3.dml,,,,N41(50)+N71(15),NR SA,378,-94.700000,1.220000,,,,,,,,,,,,,0.512,,,,
351,1,,,-73.9601283,40.8175533,2026-01-25 00:46:32.000,_20260124_194023_CH01_REF_TMO-AUTO_Playstore 100MB Downlink_NJ DUT REF_L3.dml,,,,N41(50)+N71(15),NR SA,378,-94.900000,2.820000,,,,,,,,,,,,,0.352,,,,
352,1,,,-73.9601283,40.8175533,2026-01-25 00:46:33.000,_20260124_194023_CH01_REF_TMO-AUTO_Playstore 100MB Downlink_NJ DUT REF_L3.dml,,,,N41(50)+N71(15),NR SA,378,-95.100000,1.730000,,,,,,,,,,,,,0.640,,,,
353,1,,,-73.9601283,40.8175533,2026-01-25 00:46:34.000,_20260124_194023_CH01_REF_TMO-AUTO_Playstore 100MB Downlink_NJ DUT REF_L3.dml,,,,N41(50)+N71(15),NR SA,378,-94.890000,2.970000,,,,,,,,,,,,,0.208,,,,
354,1,,,-73.9601283,40.8175533,2026-01-25 00:46:35.000,_20260124_194023_CH01_REF_TMO-AUTO_Playstore 100MB Downlink_NJ DUT REF_L3.dml,,,,N41(100)+N71(15),NR SA,378,-100.600000,-2.020000,,,,,,,,,,,,,0.000,,,,
355,1,,,-73.9601283,40.8175533,2026-01-25 00:46:36.000,_20260124_194023_CH01_REF_TMO-AUTO_Playstore 100MB Downlink_NJ DUT REF_L3.dml,,,,N41(100)+N71(15),NR SA,440,-102.620000,-3.650000,,,,,,,,,,,,,,,,,
356,1,,,-73.9601283,40.8175533,2026-01-25 00:46:37.000,_20260124_194023_CH01_REF_TMO-AUTO_Playstore 100MB Downlink_NJ DUT REF_L3.dml,,,,N41(100)+N71(15),NR SA,440,-98.900000,-1.620000,,,,,,,,,,,,,0.000,,,,
357,1,,,-73.9601283,40.8175533,2026-01-25 00:46:38.000,_20260124_194023_CH01_REF_TMO-AUTO_Playstore 100MB Downlink_NJ DUT REF_L3.dml,,,,N41(100)+N71(15),NR SA,440,-98.080000,-0.520000,,,,,,,,,,,,,0.112,,,,
358,1,,,-73.9601283,40.8175533,2026-01-25 00:46:39.000,_20260124_194023_CH01_REF_TMO-AUTO_Playstore 100MB Downlink_NJ DUT REF_L3.dml,,,,N41(100)+N71(15),NR SA,440,-97.780000,-0.580000,,,,,,,,,,,,,0.008,,,,
359,1,,,-73.9601283,40.8175533,2026-01-25 00:46:40.000,_20260124_194023_CH01_REF_TMO-AUTO_Playstore 100MB Downlink_NJ DUT REF_L3.dml,,,,N41(100)+N71(15),NR SA,440,-98.190000,-0.430000,,,,,,,,,,,,,0.136,,,,
360,1,,,-73.9601283,40.8175533,2026-01-25 00:46:41.000,_20260124_194023_CH01_REF_TMO-AUTO_Playstore 100MB Downlink_NJ DUT REF_L3.dml,,,,N41(100)+N71(15),NR SA,440,-98.300000,-0.940000,,,,,,,,,,,,,0.000,,,,
361,1,,,-73.9601283,40.8175533,2026-01-25 00:46:42.000,_20260124_194023_CH01_REF_TMO-AUTO_Playstore 100MB Downlink_NJ DUT REF_L3.dml,,,,N41(100)+N71(15),NR SA,440,-98.040000,-0.220000,,,,,,,,,,,,,0.000,,,,
362,1,,,-73.9601283,40.8175533,2026-01-25 00:46:43.000,_20260124_194023_CH01_REF_TMO-AUTO_Playstore 100MB Downlink_NJ DUT REF_L3.dml,,,,N41(100)+N71(15),NR SA,440,-97.860000,-0.810000,,,,,,,,,,,,,0.000,,,,
363,1,,,-73.9601283,40.8175533,2026-01-25 00:46:44.000,_20260124_194023_CH01_REF_TMO-AUTO_Playstore 100MB Downlink_NJ DUT REF_L3.dml,,,,N41(100)+N71(15),NR SA,378,-96.490000,-0.270000,,,,,,,,,,,,,0.000,,,,
364,1,,,-73.9601283,40.8175533,2026-01-25 00:46:45.000,_20260124_194023_CH01_REF_TMO-AUTO_Playstore 100MB Downlink_NJ DUT REF_L3.dml,,,,N41(50)+N71(15),NR SA,378,-94.100000,1.680000,,,,,,,,,,,,,0.000,,,,
365,1,,,-73.9601283,40.8175533,2026-01-25 00:46:46.000,_20260124_194023_CH01_REF_TMO-AUTO_Playstore 100MB Downlink_NJ DUT REF_L3.dml,,,,N41(50)+N71(15),NR SA,378,-95.000000,1.060000,,,,,,,,,,,,,0.000,,,,
366,1,,,-73.9601283,40.8175533,2026-01-25 00:46:47.000,_20260124_194023_CH01_REF_TMO-AUTO_Playstore 100MB Downlink_NJ DUT REF_L3.dml,,,,N41(50)+N71(15),NR SA,378,-94.740000,1.240000,,,,,,,,,,,,,,,,,
367,1,,,-73.9601283,40.8175533,2026-01-25 00:46:48.000,_20260124_194023_CH01_REF_TMO-AUTO_Playstore 100MB Downlink_NJ DUT REF_L3.dml,,,,N41(50)+N71(15),NR SA,378,-94.760000,1.460000,,,,,,,,,,,,,0.000,,,,
368,1,,,-73.9601283,40.8175533,2026-01-25 00:46:49.000,_20260124_194023_CH01_REF_TMO-AUTO_Playstore 100MB Downlink_NJ DUT REF_L3.dml,,,,N41(50)+N71(15),NR SA,378,-94.420000,2.620000,,,,,,,,,,,,,0.008,,,,
369,1,,,-73.9601283,40.8175533,2026-01-25 00:46:50.000,_20260124_194023_CH01_REF_TMO-AUTO_Playstore 100MB Downlink_NJ DUT REF_L3.dml,,,,N41(50)+N71(15),NR SA,378,-95.370000,0.700000,,,,,,,,,,,,,0.000,,,,
370,1,,,-73.9601283,40.8175533,2026-01-25 00:46:51.000,_20260124_194023_CH01_REF_TMO-AUTO_Playstore 100MB Downlink_NJ DUT REF_L3.dml,,,,N41(50)+N71(15),NR SA,378,-95.320000,1.050000,,,,,,,,,,,,,0.208,,,,
371,1,,,-73.9601283,40.8175533,2026-01-25 00:46:52.000,_20260124_194023_CH01_REF_TMO-AUTO_Playstore 100MB Downlink_NJ DUT REF_L3.dml,,,,N41(50)+N71(15),NR SA,440,-102.530000,-4.220000,,,,,,,,,,,,,,,,,
372,1,,,-73.9601283,40.8175533,2026-01-25 00:46:53.000,_20260124_194023_CH01_REF_TMO-AUTO_Playstore 100MB Downlink_NJ DUT REF_L3.dml,,,,N41(100)+N71(15),NR SA,440,-96.140000,0.740000,,,,,,,,,,,,,1.152,,,,
373,1,,,-73.9601283,40.8175533,2026-01-25 00:46:54.000,_20260124_194023_CH01_REF_TMO-AUTO_Playstore 100MB Downlink_NJ DUT REF_L3.dml,,,,N41(100)+N71(15),NR SA,440,-95.420000,2.160000,,,,,,,,,,,,,0.600,,,,
374,1,,,-73.9601283,40.8175533,2026-01-25 00:46:55.000,_20260124_194023_CH01_REF_TMO-AUTO_Playstore 100MB Downlink_NJ DUT REF_L3.dml,,,,N41(100)+N71(15),NR SA,440,-97.480000,0.600000,,,,,,,,,,,,,0.576,,,,
375,1,,,-73.9601283,40.8175533,2026-01-25 00:46:56.000,_20260124_194023_CH01_REF_TMO-AUTO_Playstore 100MB Downlink_NJ DUT REF_L3.dml,,,,N41(100)+N71(15),NR SA,440,-97.420000,0.100000,,,,,,,,,,,,,0.600,,,,
376,1,,,-73.9601067,40.8175350,2026-01-25 00:46:57.000,_20260124_194023_CH01_REF_TMO-AUTO_Playstore 100MB Downlink_NJ DUT REF_L3.dml,,,,N41(100)+N71(15),NR SA,440,-97.100000,-0.260000,,,,,,,,,,,,,0.336,,,,
377,1,,,-73.9601117,40.8175333,2026-01-25 00:46:58.000,_20260124_194023_CH01_REF_TMO-AUTO_Playstore 100MB Downlink_NJ DUT REF_L3.dml,,,,N41(100)+N71(15),NR SA,440,-95.910000,0.710000,,,,,,,,,,,,,0.280,,,,
378,1,,,-73.9601150,40.8175333,2026-01-25 00:46:59.000,_20260124_194023_CH01_REF_TMO-AUTO_Playstore 100MB Downlink_NJ DUT REF_L3.dml,,,,N41(100)+N71(15),NR SA,440,-95.950000,0.550000,,,,,,,,,,,,,0.176,,,,
379,1,,,-73.9601183,40.8175350,2026-01-25 00:47:00.000,_20260124_194023_CH01_REF_TMO-AUTO_Playstore 100MB Downlink_NJ DUT REF_L3.dml,,,,N41(50)+N71(15),NR SA,378,-97.330000,-0.560000,,,,,,,,,,,,,,,,,
380,1,,,-73.9601183,40.8175350,2026-01-25 00:47:01.000,_20260124_194023_CH01_REF_TMO-AUTO_Playstore 100MB Downlink_NJ DUT REF_L3.dml,,,,N41(50)+N71(15),NR SA,378,-95.280000,-0.120000,,,,,,,,,,,,,0.224,,,,
381,1,,,-73.9601183,40.8175350,2026-01-25 00:47:02.000,_20260124_194023_CH01_REF_TMO-AUTO_Playstore 100MB Downlink_NJ DUT REF_L3.dml,,,,N41(50)+N71(15),NR SA,378,-95.680000,-0.480000,,,,,,,,,,,,,,,,,
382,1,,,-73.9601183,40.8175350,2026-01-25 00:47:03.000,_20260124_194023_CH01_REF_TMO-AUTO_Playstore 100MB Downlink_NJ DUT REF_L3.dml,,,,N41(50)+N71(15),NR SA,378,-95.290000,0.110000,,,,,,,,,,,,,0.264,,,,
383,1,,,-73.9601133,40.8175333,2026-01-25 00:47:04.000,_20260124_194023_CH01_REF_TMO-AUTO_Playstore 100MB Downlink_NJ DUT REF_L3.dml,,,,N41(50)+N71(15),NR SA,378,-95.360000,0.280000,,,,,,,,,,,,,0.272,,,,
384,1,,,-73.9601100,40.8175350,2026-01-25 00:47:05.000,_20260124_194023_CH01_REF_TMO-AUTO_Playstore 100MB Downlink_NJ DUT REF_L3.dml,,,,N41(50)+N71(15),NR SA,378,-95.640000,0.050000,,,,,,,,,,,,,0.336,,,,
385,1,,,-73.9601050,40.8175350,2026-01-25 00:47:06.000,_20260124_194023_CH01_REF_TMO-AUTO_Playstore 100MB Downlink_NJ DUT REF_L3.dml,,,,N41(50)+N71(15),NR SA,378,-95.640000,0.090000,,,,,,,,,,,,,0.360,,,,
386,1,,,-73.9600983,40.8175367,2026-01-25 00:47:07.000,_20260124_194023_CH01_REF_TMO-AUTO_Playstore 100MB Downlink_NJ DUT REF_L3.dml,,,,N41(50)+N71(15),NR SA,378,-95.000000,0.090000,,,,,,,,,,,,,0.536,,,,
387,1,,,-73.9600917,40.8175367,2026-01-25 00:47:08.000,_20260124_194023_CH01_REF_TMO-AUTO_Playstore 100MB Downlink_NJ DUT REF_L3.dml,,,,N41(50)+N71(15),NR SA,378,-95.000000,0.000000,,,,,,,,,,,,,0.432,,,,
388,1,,,-73.9600833,40.8175383,2026-01-25 00:47:09.000,_20260124_194023_CH01_REF_TMO-AUTO_Playstore 100MB Downlink_NJ DUT REF_L3.dml,,,,N41(50)+N71(15),NR SA,378,-95.070000,-0.360000,,,,,,,,,,,,,0.448,,,,
389,1,,,-73.9600800,40.8175383,2026-01-25 00:47:10.000,_20260124_194023_CH01_REF_TMO-AUTO_Playstore 100MB Downlink_NJ DUT REF_L3.dml,,,,N41(50)+N71(15),NR SA,378,-94.740000,0.800000,,,,,,,,,,,,,0.360,,,,
390,1,,,-73.9600783,40.8175383,2026-01-25 00:47:11.000,_20260124_194023_CH01_REF_TMO-AUTO_Playstore 100MB Downlink_NJ DUT REF_L3.dml,,,,N41(50)+N71(15),NR SA,378,-95.110000,0.870000,,,,,,,,,,,,,0.400,,,,
391,1,,,-73.9600767,40.8175400,2026-01-25 00:47:12.000,_20260124_194023_CH01_REF_TMO-AUTO_Playstore 100MB Downlink_NJ DUT REF_L3.dml,,,,N41(50)+N71(15),NR SA,378,-95.110000,0.160000,,,,,,,,,,,,,0.528,,,,
392,1,,,-73.9600733,40.8175400,2026-01-25 00:47:13.000,_20260124_194023_CH01_REF_TMO-AUTO_Playstore 100MB Downlink_NJ DUT REF_L3.dml,,,,N41(50)+N71(15),NR SA,378,-95.130000,-0.320000,,,,,,,,,,,,,0.504,,,,
393,1,,,-73.9600717,40.8175400,2026-01-25 00:47:14.000,_20260124_194023_CH01_REF_TMO-AUTO_Playstore 100MB Downlink_NJ DUT REF_L3.dml,,,,N41(50)+N71(15),NR SA,378,-95.270000,-0.190000,,,,,,,,,,,,,0.048,,,,
394,1,,,-73.9600700,40.8175383,2026-01-25 00:47:15.000,_20260124_194023_CH01_REF_TMO-AUTO_Playstore 100MB Downlink_NJ DUT REF_L3.dml,,,,N41(100)+N71(15),NR SA,378,-99.560000,-2.460000,,,,,,,,,,,,,,,,,
395,1,,,-73.9600717,40.8175383,2026-01-25 00:47:16.000,_20260124_194023_CH01_REF_TMO-AUTO_Playstore 100MB Downlink_NJ DUT REF_L3.dml,,,,N41(100)+N71(15),NR SA,378,-101.160000,-3.530000,,,,,,,,,,,,,0.000,,,,
396,1,,,-73.9600733,40.8175367,2026-01-25 00:47:17.000,_20260124_194023_CH01_REF_TMO-AUTO_Playstore 100MB Downlink_NJ DUT REF_L3.dml,,,,N41(100)+N71(15),NR SA,440,-101.370000,-3.540000,,,,,,,,,,,,,0.000,,,,
397,1,,,-73.9600750,40.8175367,2026-01-25 00:47:18.000,_20260124_194023_CH01_REF_TMO-AUTO_Playstore 100MB Downlink_NJ DUT REF_L3.dml,,,,N41(100)+N71(15),NR SA,440,-98.180000,-1.220000,,,,,,,,,,,,,0.072,,,,
398,1,,,-73.9600800,40.8175350,2026-01-25 00:47:19.000,_20260124_194023_CH01_REF_TMO-AUTO_Playstore 100MB Downlink_NJ DUT REF_L3.dml,,,,N41(100)+N71(15),NR SA,440,-98.320000,-1.860000,,,,,,,,,,,,,,,,,
399,1,,,-73.9600800,40.8175350,2026-01-25 00:47:20.000,_20260124_194023_CH01_REF_TMO-AUTO_Playstore 100MB Downlink_NJ DUT REF_L3.dml,,,,N41(100)+N71(15),NR SA,440,-97.300000,-1.060000,,,,,,,,,,,,,0.232,,,,
400,1,,,-73.9600883,40.8175317,2026-01-25 00:47:21.000,_20260124_194023_CH01_REF_TMO-AUTO_Playstore 100MB Downlink_NJ DUT REF_L3.dml,,,,N41(100)+N71(15),NR SA,440,-97.200000,-0.870000,,,,,,,,,,,,,0.008,,,,
401,1,,,-73.9600917,40.8175300,2026-01-25 00:47:22.000,_20260124_194023_CH01_REF_TMO-AUTO_Playstore 100MB Downlink_NJ DUT REF_L3.dml,,,,N41(100)+N71(15),NR SA,440,-98.310000,-1.440000,,,,,,,,,,,,,0.160,,,,
402,1,,,-73.9600917,40.8175317,2026-01-25 00:47:23.000,_20260124_194023_CH01_REF_TMO-AUTO_Playstore 100MB Downlink_NJ DUT REF_L3.dml,,,,N41(100)+N71(15),NR SA,440,-97.370000,-0.760000,,,,,,,,,,,,,0.552,,,,
403,1,,,-73.9600917,40.8175317,2026-01-25 00:47:24.000,_20260124_194023_CH01_REF_TMO-AUTO_Playstore 100MB Downlink_NJ DUT REF_L3.dml,,,,N41(100)+N71(15),NR SA,440,-97.000000,-0.240000,,,,,,,,,,,,,0.376,,,,
404,1,,,-73.9600933,40.8175317,2026-01-25 00:47:25.000,_20260124_194023_CH01_REF_TMO-AUTO_Playstore 100MB Downlink_NJ DUT REF_L3.dml,,,,N41(50)+N71(15),NR SA,378,-95.760000,0.240000,,,,,,,,,,,,,0.536,,,,
405,1,,,-73.9600967,40.8175300,2026-01-25 00:47:26.000,_20260124_194023_CH01_REF_TMO-AUTO_Playstore 100MB Downlink_NJ DUT REF_L3.dml,,,,N41(50)+N71(15),NR SA,378,-93.510000,1.690000,,,,,,,,,,,,,0.568,,,,
406,1,,,-73.9601000,40.8175300,2026-01-25 00:47:27.000,_20260124_194023_CH01_REF_TMO-AUTO_Playstore 100MB Downlink_NJ DUT REF_L3.dml,,,,N41(50)+N71(15),NR SA,378,-93.400000,1.710000,,,,,,,,,,,,,0.680,,,,
407,1,,,-73.9601050,40.8175317,2026-01-25 00:47:28.000,_20260124_194023_CH01_REF_TMO-AUTO_Playstore 100MB Downlink_NJ DUT REF_L3.dml,,,,N41(50)+N71(15),NR SA,378,-93.020000,2.500000,,,,,,,,,,,,,0.656,,,,
408,1,,,-73.9601083,40.8175317,2026-01-25 00:47:29.000,_20260124_194023_CH01_REF_TMO-AUTO_Playstore 100MB Downlink_NJ DUT REF_L3.dml,,,,N41(50)+N71(15),NR SA,378,-93.200000,1.960000,,,,,,,,,,,,,0.608,,,,
409,1,,,-73.9601133,40.8175317,2026-01-25 00:47:30.000,_20260124_194023_CH01_REF_TMO-AUTO_Playstore 100MB Downlink_NJ DUT REF_L3.dml,,,,N41(50)+N71(15),NR SA,378,-93.000000,2.250000,,,,,,,,,,,,,0.728,,,,
410,1,,,-73.9601167,40.8175333,2026-01-25 00:47:31.000,_20260124_194023_CH01_REF_TMO-AUTO_Playstore 100MB Downlink_NJ DUT REF_L3.dml,,,,N41(50)+N71(15),NR SA,378,-93.000000,1.950000,,,,,,,,,,,,,0.888,,,,
411,1,,,-73.9601200,40.8175333,2026-01-25 00:47:32.000,_20260124_194023_CH01_REF_TMO-AUTO_Playstore 100MB Downlink_NJ DUT REF_L3.dml,,,,N41(50)+N71(15),NR SA,378,-93.160000,1.030000,,,,,,,,,,,,,0.664,,,,
412,1,,,-73.9601267,40.8175333,2026-01-25 00:47:33.000,_20260124_194023_CH01_REF_TMO-AUTO_Playstore 100MB Downlink_NJ DUT REF_L3.dml,,,,N41(50)+N71(15),NR SA,378,-100.980000,-2.400000,,,,,,,,,,,,,,,,,
413,1,,,-73.9601300,40.8175317,2026-01-25 00:47:34.000,_20260124_194023_CH01_REF_TMO-AUTO_Playstore 100MB Downlink_NJ DUT REF_L3.dml,,,,N41(100)+N71(15),NR SA,378,-100.520000,-1.800000,,,,,,,,,,,,,1.024,,,,
414,1,,,-73.9601333,40.8175333,2026-01-25 00:47:35.000,_20260124_194023_CH01_REF_TMO-AUTO_Playstore 100MB Downlink_NJ DUT REF_L3.dml,,,,N41(100)+N71(15),NR SA,378,-99.020000,-1.130000,,,,,,,,,,,,,0.592,,,,
415,1,,,-73.9601350,40.8175333,2026-01-25 00:47:36.000,_20260124_194023_CH01_REF_TMO-AUTO_Playstore 100MB Downlink_NJ DUT REF_L3.dml,,,,N41(100)+N71(15),NR SA,378,-99.720000,-2.000000,,,,,,,,,,,,,0.968,,,,
416,1,,,-73.9601350,40.8175333,2026-01-25 00:47:54.000,_20260124_194023_CH01_REF_TMO-AUTO_Playstore 100MB Downlink_NJ DUT REF_L3.dml,,,,N41(50)+N71(15),NR SA,378,-98.730000,0.280000,,,,,,,,,,,,,0.128,,,,
417,1,,,-73.9601350,40.8175333,2026-01-25 00:47:55.000,_20260124_194023_CH01_REF_TMO-AUTO_Playstore 100MB Downlink_NJ DUT REF_L3.dml,,,,N41(100)+N71(15),NR SA,378,-95.060000,4.570000,,,,,,,,,,,,,0.014,,,,
418,1,,,-73.9601350,40.8175333,2026-01-25 00:47:56.000,_20260124_194023_CH01_REF_TMO-AUTO_Playstore 100MB Downlink_NJ DUT REF_L3.dml,,,,,NR SA,,,,,,,,,,,,,,,,,,,,
419,1,,,-73.9601350,40.8175333,2026-01-25 00:47:57.000,_20260124_194023_CH01_REF_TMO-AUTO_Playstore 100MB Downlink_NJ DUT REF_L3.dml,,,,,NR SA,,,,,,,,,,,,,,,,,,,,
420,1,,,-73.9600533,40.8175133,2026-01-25 00:47:58.000,_20260124_194023_CH01_REF_TMO-AUTO_Playstore 100MB Downlink_NJ DUT REF_L3.dml,,,,N41(100)+N71(15),NR SA,378,-92.000000,4.000000,,,,,,,,,,,,,,,,,
421,1,,,-73.9600500,40.8175183,2026-01-25 00:47:59.000,_20260124_194023_CH01_REF_TMO-AUTO_Playstore 100MB Downlink_NJ DUT REF_L3.dml,,,,,NR SA,,,,,,,,,,,,,,,,,,,,
422,1,,,-73.9600517,40.8175217,2026-01-25 00:48:00.000,_20260124_194023_CH01_REF_TMO-AUTO_Playstore 100MB Downlink_NJ DUT REF_L3.dml,,,,,NR SA,,,,,,,,,,,,,,,,,,,,
423,1,,,-73.9600517,40.8175217,2026-01-25 00:48:01.000,_20260124_194023_CH01_REF_TMO-AUTO_Playstore 100MB Downlink_NJ DUT REF_L3.dml,,,,,NR SA,,,,,,,,,,,,,,,,,,,,
424,1,,,-73.9600550,40.8175250,2026-01-25 00:48:02.000,_20260124_194023_CH01_REF_TMO-AUTO_Playstore 100MB Downlink_NJ DUT REF_L3.dml,,,,N41(100)+N71(15),NR SA,378,-95.000000,0.000000,,,,,,,,,,,,,,,,,
425,1,,,-73.9600633,40.8175317,2026-01-25 00:48:03.000,_20260124_194023_CH01_REF_TMO-AUTO_Playstore 100MB Downlink_NJ DUT REF_L3.dml,,,,N41(100)+N71(15),NR SA,378,-96.000000,-2.000000,,,,,,,,,,,,,,,,,
426,1,,,-73.9600633,40.8175317,2026-01-25 00:48:04.000,_20260124_194023_CH01_REF_TMO-AUTO_Playstore 100MB Downlink_NJ DUT REF_L3.dml,,,,,NR SA,,,,,,,,,,,,,,,,,,,,
427,1,,,-73.9600633,40.8175333,2026-01-25 00:48:05.000,_20260124_194023_CH01_REF_TMO-AUTO_Playstore 100MB Downlink_NJ DUT REF_L3.dml,,,,N41(100)+N71(15),NR SA,378,-96.000000,-2.000000,,,,,,,,,,,,,,,,,
428,1,,,-73.9600650,40.8175400,2026-01-25 00:48:06.000,_20260124_194023_CH01_REF_TMO-AUTO_Playstore 100MB Downlink_NJ DUT REF_L3.dml,,,,N41(100)+N71(15),NR SA,378,-96.000000,-2.000000,,,,,,,,,,,,,,,,,
429,1,,,-73.9600650,40.8175517,2026-01-25 00:48:07.000,_20260124_194023_CH01_REF_TMO-AUTO_Playstore 100MB Downlink_NJ DUT REF_L3.dml,,,,N41(100)+N71(15),NR SA,378,-96.000000,-2.000000,,,,,,,,,,,,,,,,,
430,1,,,-73.9600633,40.8175600,2026-01-25 00:48:08.000,_20260124_194023_CH01_REF_TMO-AUTO_Playstore 100MB Downlink_NJ DUT REF_L3.dml,,,,N41(100)+N71(15),NR SA,378,-95.000000,-1.000000,,,,,,,,,,,,,,,,,
431,1,,,-73.9600667,40.8175650,2026-01-25 00:48:10.000,_20260124_194023_CH01_REF_TMO-AUTO_Playstore 100MB Downlink_NJ DUT REF_L3.dml,,,,N41(100)+N71(15),NR SA,378,-95.000000,-1.000000,,,,,,,,,,,,,,,,,
432,1,,,-73.9600667,40.8175650,2026-01-25 00:48:11.000,_20260124_194023_CH01_REF_TMO-AUTO_Playstore 100MB Downlink_NJ DUT REF_L3.dml,,,,N41(100)+N71(15),NR SA,378,-95.330000,-0.330000,,,,,,,,,,,,,,,,,
433,1,,,-73.9600667,40.8175650,2026-01-25 00:48:12.000,_20260124_194023_CH01_REF_TMO-AUTO_Playstore 100MB Downlink_NJ DUT REF_L3.dml,,,,N41(100)+N71(15),NR SA,378,-95.000000,0.000000,,,,,,,,,,,,,,,,,
434,1,,,-73.9600667,40.8175650,2026-01-25 00:48:13.000,_20260124_194023_CH01_REF_TMO-AUTO_Playstore 100MB Downlink_NJ DUT REF_L3.dml,,,,N41(100)+N71(15),NR SA,378,-95.000000,0.000000,,,,,,,,,,,,,,,,,
435,1,,,-73.9600667,40.8175650,2026-01-25 00:48:14.000,_20260124_194023_CH01_REF_TMO-AUTO_Playstore 100MB Downlink_NJ DUT REF_L3.dml,,,,,NR SA,,,,,,,,,,,,,,,,,,,,
436,1,,,-73.9600667,40.8175650,2026-01-25 00:48:15.000,_20260124_194023_CH01_REF_TMO-AUTO_Playstore 100MB Downlink_NJ DUT REF_L3.dml,,,,N41(100)+N71(15),NR SA,378,-95.000000,0.000000,,,,,,,,,,,,,,,,,
437,1,,,-73.9600883,40.8175733,2026-01-25 00:48:16.000,_20260124_194023_CH01_REF_TMO-AUTO_Playstore 100MB Downlink_NJ DUT REF_L3.dml,,,,N41(100)+N71(15),NR SA,378,-95.000000,0.000000,,,,,,,,,,,,,,,,,
438,1,,,-73.9600867,40.8175717,2026-01-25 00:48:17.000,_20260124_194023_CH01_REF_TMO-AUTO_Playstore 100MB Downlink_NJ DUT REF_L3.dml,,,,N41(100)+N71(15),NR SA,378,-94.000000,0.000000,,,,,,,,,,,,,,,,,
439,1,,,-73.9600917,40.8175767,2026-01-25 00:48:19.000,_20260124_194023_CH01_REF_TMO-AUTO_Playstore 100MB Downlink_NJ DUT REF_L3.dml,,,,N41(100)+N71(15),NR SA,378,-95.000000,0.000000,,,,,,,,,,,,,,,,,
440,1,,,-73.9600933,40.8175783,2026-01-25 00:48:20.000,_20260124_194023_CH01_REF_TMO-AUTO_Playstore 100MB Downlink_NJ DUT REF_L3.dml,,,,N41(100)+N71(15),NR SA,378,-94.000000,0.000000,,,,,,,,,,,,,,,,,
441,1,,,-73.9601017,40.8175883,2026-01-25 00:48:21.000,_20260124_194023_CH01_REF_TMO-AUTO_Playstore 100MB Downlink_NJ DUT REF_L3.dml,,,,N41(100)+N71(15),NR SA,378,-94.000000,0.000000,,,,,,,,,,,,,,,,,
442,1,,,-73.9601050,40.8175917,2026-01-25 00:48:22.000,_20260124_194023_CH01_REF_TMO-AUTO_Playstore 100MB Downlink_NJ DUT REF_L3.dml,,,,N41(100)+N71(15),NR SA,378,-94.000000,0.000000,,,,,,,,,,,,,,,,,
443,1,,,-73.9601067,40.8175950,2026-01-25 00:48:23.000,_20260124_194023_CH01_REF_TMO-AUTO_Playstore 100MB Downlink_NJ DUT REF_L3.dml,,,,,NR SA,,,,,,,,,,,,,,,,,,,,
444,1,,,-73.9601067,40.8175950,2026-01-25 00:48:24.000,_20260124_194023_CH01_REF_TMO-AUTO_Playstore 100MB Downlink_NJ DUT REF_L3.dml,,,,N41(100)+N71(15),NR SA,378,-93.000000,0.000000,,,,,,,,,,,,,,,,,
445,1,,,-73.9601083,40.8175967,2026-01-25 00:48:25.000,_20260124_194023_CH01_REF_TMO-AUTO_Playstore 100MB Downlink_NJ DUT REF_L3.dml,,,,N41(100)+N71(x),NR SA,440,-92.200000,0.900000,,,,,,,,,,,,,,,,,
446,1,,,-73.9601100,40.8175967,2026-01-25 00:48:26.000,_20260124_194023_CH01_REF_TMO-AUTO_Playstore 100MB Downlink_NJ DUT REF_L3.dml,,,,N41(100)+N71(15),NR SA,440,-91.980000,1.400000,,,,,,,,,,,,,0.008,,,,
447,1,,,-73.9601117,40.8175983,2026-01-25 00:48:27.000,_20260124_194023_CH01_REF_TMO-AUTO_Playstore 100MB Downlink_NJ DUT REF_L3.dml,,,,N41(100)+N71(15),NR SA,440,-93.930000,-0.200000,,,,,,,,,,,,,0.000,,,,
448,1,,,-73.9601100,40.8176000,2026-01-25 00:48:28.000,_20260124_194023_CH01_REF_TMO-AUTO_Playstore 100MB Downlink_NJ DUT REF_L3.dml,,,,N41(100)+N71(15),NR SA,440,-92.760000,0.640000,,,,,,,,,,,,,0.008,,,,
449,1,,,-73.9601100,40.8176000,2026-01-25 00:48:29.000,_20260124_194023_CH01_REF_TMO-AUTO_Playstore 100MB Downlink_NJ DUT REF_L3.dml,,,,N41(100)+N71(15),NR SA,440,-94.380000,-0.420000,,,,,,,,,,,,,0.000,,,,
450,1,,,-73.9601150,40.8175983,2026-01-25 00:48:30.000,_20260124_194023_CH01_REF_TMO-AUTO_Playstore 100MB Downlink_NJ DUT REF_L3.dml,,,,N41(100)+N71(15),NR SA,440,-97.020000,-1.660000,,,,,,,,,,,,,0.000,,,,
451,1,,,-73.9601217,40.8175933,2026-01-25 00:48:31.000,_20260124_194023_CH01_REF_TMO-AUTO_Playstore 100MB Downlink_NJ DUT REF_L3.dml,,,,N41(100)+N71(15),NR SA,440,-94.840000,-0.920000,,,,,,,,,,,,,0.000,,,,
452,1,,,-73.9601300,40.8175883,2026-01-25 00:48:32.000,_20260124_194023_CH01_REF_TMO-AUTO_Playstore 100MB Downlink_NJ DUT REF_L3.dml,,,,N41(100)+N71(15),NR SA,440,-92.930000,0.230000,,,,,,,,,,,,,0.000,,,,
453,1,,,-73.9601300,40.8175867,2026-01-25 00:48:33.000,_20260124_194023_CH01_REF_TMO-AUTO_Playstore 100MB Downlink_NJ DUT REF_L3.dml,,,,N41(100)+N71(15),NR SA,440,-94.000000,-0.100000,,,,,,,,,,,,,0.000,,,,
454,1,,,-73.9601300,40.8175867,2026-01-25 00:48:34.000,_20260124_194023_CH01_REF_TMO-AUTO_Playstore 100MB Downlink_NJ DUT REF_L3.dml,,,,N41(100)+N71(15),NR SA,440,-94.720000,-0.360000,,,,,,,,,,,,,0.000,,,,
455,1,,,-73.9601300,40.8175850,2026-01-25 00:48:35.000,_20260124_194023_CH01_REF_TMO-AUTO_Playstore 100MB Downlink_NJ DUT REF_L3.dml,,,,N41(100)+N71(15),NR SA,440,-94.040000,-0.240000,,,,,,,,,,,,,,,,,
456,1,,,-73.9601300,40.8175817,2026-01-25 00:48:36.000,_20260124_194023_CH01_REF_TMO-AUTO_Playstore 100MB Downlink_NJ DUT REF_L3.dml,,,,N41(100)+N71(15),NR SA,440,-93.600000,0.040000,,,,,,,,,,,,,0.000,,,,
457,1,,,-73.9601300,40.8175800,2026-01-25 00:48:37.000,_20260124_194023_CH01_REF_TMO-AUTO_Playstore 100MB Downlink_NJ DUT REF_L3.dml,,,,N41(100)+N71(15),NR SA,440,-95.040000,-0.620000,,,,,,,,,,,,,0.000,,,,
458,1,,,-73.9601300,40.8175767,2026-01-25 00:48:38.000,_20260124_194023_CH01_REF_TMO-AUTO_Playstore 100MB Downlink_NJ DUT REF_L3.dml,,,,N41(100)+N71(15),NR SA,440,-94.500000,0.120000,,,,,,,,,,,,,0.000,,,,
459,1,,,-73.9601300,40.8175750,2026-01-25 00:48:39.000,_20260124_194023_CH01_REF_TMO-AUTO_Playstore 100MB Downlink_NJ DUT REF_L3.dml,,,,N41(100)+N71(15),NR SA,440,-95.020000,-0.130000,,,,,,,,,,,,,0.000,,,,
460,1,,,-73.9601283,40.8175733,2026-01-25 00:48:40.000,_20260124_194023_CH01_REF_TMO-AUTO_Playstore 100MB Downlink_NJ DUT REF_L3.dml,,,,N41(100)+N71(15),NR SA,440,-94.610000,-0.420000,,,,,,,,,,,,,0.000,,,,
461,1,,,-73.9601283,40.8175733,2026-01-25 00:48:41.000,_20260124_194023_CH01_REF_TMO-AUTO_Playstore 100MB Downlink_NJ DUT REF_L3.dml,,,,,NR SA,,,,,,,,,,,,,,,,,,,,
462,1,,,-73.9601283,40.8175733,2026-01-25 00:48:42.000,_20260124_194023_CH01_REF_TMO-AUTO_Playstore 100MB Downlink_NJ DUT REF_L3.dml,,,,N41(100)+N71(x),NR SA,440,-95.000000,-0.600000,,,,,,,,,,,,,,,,,
463,1,,,-73.9601283,40.8175733,2026-01-25 00:48:43.000,_20260124_194023_CH01_REF_TMO-AUTO_Playstore 100MB Downlink_NJ DUT REF_L3.dml,,,,N41(100),NR SA,440,-95.000000,-1.000000,,,,,,,,,,,,,,,,,
464,1,,,-73.9601283,40.8175733,2026-01-25 00:48:44.000,_20260124_194023_CH01_REF_TMO-AUTO_Playstore 100MB Downlink_NJ DUT REF_L3.dml,,,,N41(100),NR SA,440,-95.000000,-1.000000,,,,,,,,,,,,,,,,,
465,1,,,-73.9601283,40.8175733,2026-01-25 00:48:45.000,_20260124_194023_CH01_REF_TMO-AUTO_Playstore 100MB Downlink_NJ DUT REF_L3.dml,,,,N41(100),NR SA,440,-94.000000,0.000000,,,,,,,,,,,,,,,,,
466,1,,,-73.9601283,40.8175733,2026-01-25 00:48:46.000,_20260124_194023_CH01_REF_TMO-AUTO_Playstore 100MB Downlink_NJ DUT REF_L3.dml,,,,,NR SA,,,,,,,,,,,,,,,,,,,,
467,1,,,-73.9601350,40.8175650,2026-01-25 00:48:47.000,_20260124_194023_CH01_REF_TMO-AUTO_Playstore 100MB Downlink_NJ DUT REF_L3.dml,,,,N41(100),NR SA,440,-94.000000,0.000000,,,,,,,,,,,,,,,,,
468,1,,,-73.9601333,40.8175617,2026-01-25 00:48:48.000,_20260124_194023_CH01_REF_TMO-AUTO_Playstore 100MB Downlink_NJ DUT REF_L3.dml,,,,N41(100),NR SA,440,-94.000000,0.000000,,,,,,,,,,,,,,,,,
469,1,,,-73.9601300,40.8175583,2026-01-25 00:48:49.000,_20260124_194023_CH01_REF_TMO-AUTO_Playstore 100MB Downlink_NJ DUT REF_L3.dml,,,,N41(100),NR SA,440,-94.000000,-1.000000,,,,,,,,,,,,,,,,,
470,1,,,-73.9601300,40.8175583,2026-01-25 00:48:50.000,_20260124_194023_CH01_REF_TMO-AUTO_Playstore 100MB Downlink_NJ DUT REF_L3.dml,,,,,NR SA,,,,,,,,,,,,,,,,,,,,
471,1,,,-73.9601300,40.8175583,2026-01-25 00:48:51.000,_20260124_194023_CH01_REF_TMO-AUTO_Playstore 100MB Downlink_NJ DUT REF_L3.dml,,,,N41(100),NR SA,440,-95.000000,-1.000000,,,,,,,,,,,,,,,,,
472,1,,,-73.9601300,40.8175583,2026-01-25 00:48:52.000,_20260124_194023_CH01_REF_TMO-AUTO_Playstore 100MB Downlink_NJ DUT REF_L3.dml,,,,N41(100),NR SA,440,-95.000000,-1.000000,,,,,,,,,,,,,,,,,
473,1,,,-73.9601300,40.8175583,2026-01-25 00:48:53.000,_20260124_194023_CH01_REF_TMO-AUTO_Playstore 100MB Downlink_NJ DUT REF_L3.dml,,,,N41(100),NR SA,440,-95.000000,-1.330000,,,,,,,,,,,,,,,,,
474,1,,,-73.9601300,40.8175583,2026-01-25 00:48:54.000,_20260124_194023_CH01_REF_TMO-AUTO_Playstore 100MB Downlink_NJ DUT REF_L3.dml,,,,N41(100),NR SA,440,-95.000000,-1.000000,,,,,,,,,,,,,,,,,
475,1,,,-73.9601300,40.8175583,2026-01-25 00:48:56.000,_20260124_194023_CH01_REF_TMO-AUTO_Playstore 100MB Downlink_NJ DUT REF_L3.dml,,,,N41(100),NR SA,440,-95.330000,-1.330000,,,,,,,,,,,,,,,,,
476,1,,,-73.9601300,40.8175583,2026-01-25 00:48:57.000,_20260124_194023_CH01_REF_TMO-AUTO_Playstore 100MB Downlink_NJ DUT REF_L3.dml,,,,N41(100),NR SA,440,-95.000000,-1.000000,,,,,,,,,,,,,,,,,
477,1,,,-73.9601300,40.8175583,2026-01-25 00:48:58.000,_20260124_194023_CH01_REF_TMO-AUTO_Playstore 100MB Downlink_NJ DUT REF_L3.dml,,,,N41(100),NR SA,440,-94.330000,0.330000,,,,,,,,,,,,,,,,,
478,1,,,-73.9601300,40.8175583,2026-01-25 00:48:59.000,_20260124_194023_CH01_REF_TMO-AUTO_Playstore 100MB Downlink_NJ DUT REF_L3.dml,,,,,NR SA,,,,,,,,,,,,,,,,,,,,
479,1,,,-73.9601300,40.8175583,2026-01-25 00:49:00.000,_20260124_194023_CH01_REF_TMO-AUTO_Playstore 100MB Downlink_NJ DUT REF_L3.dml,,,,N41(100),NR SA,440,-94.000000,0.000000,,,,,,,,,,,,,,,,,
480,1,,,-73.9601300,40.8175583,2026-01-25 00:49:01.000,_20260124_194023_CH01_REF_TMO-AUTO_Playstore 100MB Downlink_NJ DUT REF_L3.dml,,,,N41(100),NR SA,440,-94.000000,0.000000,,,,,,,,,,,,,,,,,
481,1,,,-73.9601300,40.8175583,2026-01-25 00:49:02.000,_20260124_194023_CH01_REF_TMO-AUTO_Playstore 100MB Downlink_NJ DUT REF_L3.dml,,,,N41(100),NR SA,440,-95.330000,-1.330000,,,,,,,,,,,,,,,,,
482,1,,,-73.9601300,40.8175583,2026-01-25 00:49:03.000,_20260124_194023_CH01_REF_TMO-AUTO_Playstore 100MB Downlink_NJ DUT REF_L3.dml,,,,N41(100),NR SA,440,-95.330000,-2.000000,,,,,,,,,,,,,,,,,
483,1,,,-73.9601300,40.8175583,2026-01-25 00:49:04.000,_20260124_194023_CH01_REF_TMO-AUTO_Playstore 100MB Downlink_NJ DUT REF_L3.dml,,,,,NR SA,,,,,,,,,,,,,,,,,,,,
484,1,,,-73.9601300,40.8175583,2026-01-25 00:49:05.000,_20260124_194023_CH01_REF_TMO-AUTO_Playstore 100MB Downlink_NJ DUT REF_L3.dml,,,,N41(100),NR SA,440,-95.000000,-2.000000,,,,,,,,,,,,,,,,,
485,1,,,-73.9601300,40.8175583,2026-01-25 00:49:06.000,_20260124_194023_CH01_REF_TMO-AUTO_Playstore 100MB Downlink_NJ DUT REF_L3.dml,,,,N41(100),NR SA,440,-96.000000,-1.000000,,,,,,,,,,,,,,,,,
486,1,,,-73.9601300,40.8175583,2026-01-25 00:49:07.000,_20260124_194023_CH01_REF_TMO-AUTO_Playstore 100MB Downlink_NJ DUT REF_L3.dml,,,,N41(100),NR SA,440,-94.000000,0.000000,,,,,,,,,,,,,,,,,
487,1,,,-73.9601300,40.8175583,2026-01-25 00:49:08.000,_20260124_194023_CH01_REF_TMO-AUTO_Playstore 100MB Downlink_NJ DUT REF_L3.dml,,,,,NR SA,,,,,,,,,,,,,,,,,,,,
488,1,,,-73.9601300,40.8175583,2026-01-25 00:49:09.000,_20260124_194023_CH01_REF_TMO-AUTO_Playstore 100MB Downlink_NJ DUT REF_L3.dml,,,,N41(100),NR SA,440,-94.000000,0.000000,,,,,,,,,,,,,,,,,
489,1,,,-73.9601300,40.8175583,2026-01-25 00:49:10.000,_20260124_194023_CH01_REF_TMO-AUTO_Playstore 100MB Downlink_NJ DUT REF_L3.dml,,,,N41(100),NR SA,440,-91.670000,1.330000,,,,,,,,,,,,,,,,,
490,1,,,-73.9601300,40.8175583,2026-01-25 00:49:11.000,_20260124_194023_CH01_REF_TMO-AUTO_Playstore 100MB Downlink_NJ DUT REF_L3.dml,,,,N41(100),NR SA,440,-91.000000,3.000000,,,,,,,,,,,,,,,,,
491,1,,,-73.9601300,40.8175383,2026-01-25 00:49:12.000,_20260124_194023_CH01_REF_TMO-AUTO_Playstore 100MB Downlink_NJ DUT REF_L3.dml,,,,N41(100),NR SA,440,-92.000000,1.000000,,,,,,,,,,,,,,,,,
492,1,,,-73.9601317,40.8175400,2026-01-25 00:49:13.000,_20260124_194023_CH01_REF_TMO-AUTO_Playstore 100MB Downlink_NJ DUT REF_L3.dml,,,,,NR SA,,,,,,,,,,,,,,,,,,,,
493,1,,,-73.9601317,40.8175400,2026-01-25 00:49:14.000,_20260124_194023_CH01_REF_TMO-AUTO_Playstore 100MB Downlink_NJ DUT REF_L3.dml,,,,N41(100),NR SA,440,-92.000000,0.330000,,,,,,,,,,,,,,,,,
494,1,,,-73.9601333,40.8175383,2026-01-25 00:49:15.000,_20260124_194023_CH01_REF_TMO-AUTO_Playstore 100MB Downlink_NJ DUT REF_L3.dml,,,,N41(100),NR SA,440,-92.000000,0.000000,,,,,,,,,,,,,,,,,
495,1,,,-73.9601333,40.8175383,2026-01-25 00:49:16.000,_20260124_194023_CH01_REF_TMO-AUTO_Playstore 100MB Downlink_NJ DUT REF_L3.dml,,,,N41(100),NR SA,440,-93.000000,0.000000,,,,,,,,,,,,,,,,,
496,1,,,-73.9601333,40.8175383,2026-01-25 00:49:17.000,_20260124_194023_CH01_REF_TMO-AUTO_Playstore 100MB Downlink_NJ DUT REF_L3.dml,,,,N41(100),NR SA,440,-93.000000,0.000000,,,,,,,,,,,,,,,,,
497,1,,,-73.9601333,40.8175383,2026-01-25 00:49:18.000,_20260124_194023_CH01_REF_TMO-AUTO_Playstore 100MB Downlink_NJ DUT REF_L3.dml,,,,,NR SA,,,,,,,,,,,,,,,,,,,,
498,1,,,-73.9601333,40.8175383,2026-01-25 00:49:19.000,_20260124_194023_CH01_REF_TMO-AUTO_Playstore 100MB Downlink_NJ DUT REF_L3.dml,,,,N41(100),NR SA,440,-93.000000,1.000000,,,,,,,,,,,,,,,,,
499,1,,,-73.9601333,40.8175383,2026-01-25 00:49:20.000,_20260124_194023_CH01_REF_TMO-AUTO_Playstore 100MB Downlink_NJ DUT REF_L3.dml,,,,N41(100),NR SA,440,-93.000000,0.000000,,,,,,,,,,,,,,,,,
500,1,,,-73.9601333,40.8175383,2026-01-25 00:49:21.000,_20260124_194023_CH01_REF_TMO-AUTO_Playstore 100MB Downlink_NJ DUT REF_L3.dml,,,,N41(100),NR SA,440,-94.000000,0.000000,,,,,,,,,,,,,,,,,
501,1,,,-73.9601333,40.8175383,2026-01-25 00:49:22.000,_20260124_194023_CH01_REF_TMO-AUTO_Playstore 100MB Downlink_NJ DUT REF_L3.dml,,,,,NR SA,,,,,,,,,,,,,,,,,,,,
502,1,,,-73.9601333,40.8175383,2026-01-25 00:49:23.000,_20260124_194023_CH01_REF_TMO-AUTO_Playstore 100MB Downlink_NJ DUT REF_L3.dml,,,,N41(100),NR SA,440,-94.000000,0.000000,,,,,,,,,,,,,,,,,
503,1,,,-73.9601333,40.8175383,2026-01-25 00:49:24.000,_20260124_194023_CH01_REF_TMO-AUTO_Playstore 100MB Downlink_NJ DUT REF_L3.dml,,,,N41(100),NR SA,440,-93.670000,0.000000,,,,,,,,,,,,,,,,,
504,1,,,-73.9601333,40.8175383,2026-01-25 00:49:25.000,_20260124_194023_CH01_REF_TMO-AUTO_Playstore 100MB Downlink_NJ DUT REF_L3.dml,,,,N41(100)+N71(15),NR SA,440,-93.920000,0.000000,,,,,,,,,,,,,,,,,
