IDX,LID,CI_1,CI_2,Lon,Lat,Time,Measure,[LTE] [L1] [RF] PCI,[LTE] [L1] [RF] RSRP,[LTE] [L1] [RF] RS SINR,[General] Band Classification,[General] Serving Network (In Traffic),[NR5G] [RF] PCI,[NR5G] [RF] RSRP,[NR5G] [RF] SINR,[Call Test] [iPerf] [Throughput] DL Jitter,[Call Test] [iPerf] [Throughput] DL Error Ratio,[Call Test] [iPerf] [Call Average] [Jitter and Error] UL Jitter,[Call Test] [iPerf] [Call Average] [Jitter and Error] UL Error Ratio,[Event] [Data call test detail events] FTP Call Event,[Event] [Data call test detail events] HTTP Call Event,[Call Test] [HTTP Transfer] HTTP Transfer Call Event,[Call Test] [Throughput] Application DL TP,[Call Test] [iPerf] [Call Average] [Throughput] UL Avg TP,[Call Test] [iPerf] [Call Average] [Throughput] DL Avg TP,[Call Test] [Throughput] Application UL TP,[Event] [Data call test detail events] IPERF Call Event,[NR5G] [Throughput] PUSCH TP,[Event] [Data call test detail events] Ping Call Event,[Call Test] [HTTP] Total duration,[Call Test] [PING] Loss Count,[Call Test] [PING] [RTT] RTT
1,1,,,-73.9599900,40.8174383,2026-01-24 21:25:43.000,_20260124_162539_CH01_REF_TMO-AUTO_HTTP SS UL_NJ DUT REF_L3.dml,,,,N41(100),,378,-95.000000,3.000000,,,,,,,,,,,,,,,,,
2,1,,,-73.9599900,40.8174383,2026-01-24 21:25:44.000,_20260124_162539_CH01_REF_TMO-AUTO_HTTP SS UL_NJ DUT REF_L3.dml,,,,N41(100),,378,-96.000000,2.000000,,,,,,,,,,,,,,,,,
3,1,,,-73.9599900,40.8174383,2026-01-24 21:25:45.000,_20260124_162539_CH01_REF_TMO-AUTO_HTTP SS UL_NJ DUT REF_L3.dml,,,,N41(100),,378,-96.000000,2.000000,,,,,,,,,,,,,,,,,
4,1,,,-73.9599900,40.8174383,2026-01-24 21:25:47.000,_20260124_162539_CH01_REF_TMO-AUTO_HTTP SS UL_NJ DUT REF_L3.dml,,,,N41(100),,378,-96.000000,2.000000,,,,,,,,,,,,,,,,,
5,1,,,-73.9599900,40.8174383,2026-01-24 21:25:48.000,_20260124_162539_CH01_REF_TMO-AUTO_HTTP SS UL_NJ DUT REF_L3.dml,,,,N41(100),,378,-96.000000,2.000000,,,,,,,,,,,,,,,,,
6,1,,,-73.9599900,40.8174383,2026-01-24 21:25:49.000,_20260124_162539_CH01_REF_TMO-AUTO_HTTP SS UL_NJ DUT REF_L3.dml,,,,N41(100),,378,-95.000000,3.000000,,,,,,,,,,,,,,,,,
7,1,,,-73.9599900,40.8174383,2026-01-24 21:25:51.000,_20260124_162539_CH01_REF_TMO-AUTO_HTTP SS UL_NJ DUT REF_L3.dml,,,,,,,,,,,,,,,,,,,,,,,,,
8,1,,,-73.9599900,40.8174383,2026-01-24 21:25:52.245,_20260124_162539_CH01_REF_TMO-AUTO_HTTP SS UL_NJ DUT REF_L3.dml,,,,,,,,,,,,,,,Upload Start Request,,,,,,,,,,
9,1,,,-73.9599900,40.8174383,2026-01-24 21:25:52.000,_20260124_162539_CH01_REF_TMO-AUTO_HTTP SS UL_NJ DUT REF_L3.dml,,,,N41(100),NR SA,378,-96.000000,2.000000,,,,,,,,,,,,,,,,,
10,1,,,-73.9599900,40.8174383,2026-01-24 21:25:52.681,_20260124_162539_CH01_REF_TMO-AUTO_HTTP SS UL_NJ DUT REF_L3.dml,,,,,,,,,,,,,,,Upload Started,,,,,,,,,,
11,1,,,-73.9599900,40.8174383,2026-01-24 21:25:53.000,_20260124_162539_CH01_REF_TMO-AUTO_HTTP SS UL_NJ DUT REF_L3.dml,,,,N41(100)+N71(15),NR SA,378,-94.110000,4.330000,,,,,,,,,,,,,,,,,
12,1,,,-73.9599900,40.8174383,2026-01-24 21:25:54.000,_20260124_162539_CH01_REF_TMO-AUTO_HTTP SS UL_NJ DUT REF_L3.dml,,,,N41(100)+N71(15),NR SA,378,-94.060000,3.840000,,,,,,,,,,,,,4.424,,,,
13,1,,,-73.9599900,40.8174383,2026-01-24 21:25:55.000,_20260124_162539_CH01_REF_TMO-AUTO_HTTP SS UL_NJ DUT REF_L3.dml,,,,N41(100)+N71(15),NR SA,378,-94.180000,3.800000,,,,,,,,,,,15.729,,1.064,,,,
14,1,,,-73.9599900,40.8174383,2026-01-24 21:25:56.000,_20260124_162539_CH01_REF_TMO-AUTO_HTTP SS UL_NJ DUT REF_L3.dml,,,,N41(100)+N71(15),NR SA,378,-95.160000,2.780000,,,,,,,,,,,0.000,,2.560,,,,
15,1,,,-73.9599900,40.8174383,2026-01-24 21:25:57.000,_20260124_162539_CH01_REF_TMO-AUTO_HTTP SS UL_NJ DUT REF_L3.dml,,,,N41(100)+N71(15),NR SA,378,-96.360000,2.060000,,,,,,,,,,,0.000,,2.304,,,,
16,1,,,-73.9599900,40.8174383,2026-01-24 21:25:58.000,_20260124_162539_CH01_REF_TMO-AUTO_HTTP SS UL_NJ DUT REF_L3.dml,,,,N41(100)+N71(15),NR SA,378,-95.160000,1.740000,,,,,,,,,,,0.000,,0.400,,,,
17,1,,,-73.9599900,40.8174383,2026-01-24 21:25:59.000,_20260124_162539_CH01_REF_TMO-AUTO_HTTP SS UL_NJ DUT REF_L3.dml,,,,N41(100)+N71(15),NR SA,378,-95.220000,2.300000,,,,,,,,,,,0.000,,0.000,,,,
18,1,,,-73.9599900,40.8174383,2026-01-24 21:26:00.000,_20260124_162539_CH01_REF_TMO-AUTO_HTTP SS UL_NJ DUT REF_L3.dml,,,,N41(100)+N71(15),NR SA,378,-95.240000,2.380000,,,,,,,,,,,0.000,,2.144,,,,
19,1,,,-73.9599900,40.8174383,2026-01-24 21:26:01.000,_20260124_162539_CH01_REF_TMO-AUTO_HTTP SS UL_NJ DUT REF_L3.dml,,,,N41(100)+N71(15),NR SA,378,-96.540000,0.900000,,,,,,,,,,,0.000,,2.632,,,,
20,1,,,-73.9599900,40.8174383,2026-01-24 21:26:02.000,_20260124_162539_CH01_REF_TMO-AUTO_HTTP SS UL_NJ DUT REF_L3.dml,,,,N41(100)+N71(15),NR SA,378,-96.680000,0.000000,,,,,,,,,,,0.000,,2.280,,,,
21,1,,,-73.9599900,40.8174383,2026-01-24 21:26:03.000,_20260124_162539_CH01_REF_TMO-AUTO_HTTP SS UL_NJ DUT REF_L3.dml,,,,N41(100)+N71(15),NR SA,378,-97.180000,-0.120000,,,,,,,,,,,0.000,,2.408,,,,
22,1,,,-73.9599900,40.8174383,2026-01-24 21:26:04.000,_20260124_162539_CH01_REF_TMO-AUTO_HTTP SS UL_NJ DUT REF_L3.dml,,,,N41(100)+N71(15),NR SA,378,-97.080000,-0.080000,,,,,,,,,,,7.340,,2.288,,,,
23,1,,,-73.9599900,40.8174383,2026-01-24 21:26:05.000,_20260124_162539_CH01_REF_TMO-AUTO_HTTP SS UL_NJ DUT REF_L3.dml,,,,N41(100)+N71(15),NR SA,378,-97.460000,-0.080000,,,,,,,,,,,0.000,,2.400,,,,
24,1,,,-73.9599900,40.8174383,2026-01-24 21:26:06.000,_20260124_162539_CH01_REF_TMO-AUTO_HTTP SS UL_NJ DUT REF_L3.dml,,,,N41(100)+N71(15),NR SA,378,-97.360000,-0.420000,,,,,,,,,,,0.000,,1.992,,,,
25,1,,,-73.9599900,40.8174383,2026-01-24 21:26:07.000,_20260124_162539_CH01_REF_TMO-AUTO_HTTP SS UL_NJ DUT REF_L3.dml,,,,N41(100)+N71(15),NR SA,378,-96.340000,-0.060000,,,,,,,,,,,0.000,,2.120,,,,
26,1,,,-73.9599900,40.8174383,2026-01-24 21:26:08.000,_20260124_162539_CH01_REF_TMO-AUTO_HTTP SS UL_NJ DUT REF_L3.dml,,,,N41(100)+N71(15),NR SA,378,-96.880000,0.080000,,,,,,,,,,,0.000,,1.856,,,,
27,1,,,-73.9599900,40.8174383,2026-01-24 21:26:09.000,_20260124_162539_CH01_REF_TMO-AUTO_HTTP SS UL_NJ DUT REF_L3.dml,,,,N41(100)+N71(15),NR SA,378,-96.040000,0.360000,,,,,,,,,,,0.000,,1.648,,,,
28,1,,,-73.9599900,40.8174383,2026-01-24 21:26:10.000,_20260124_162539_CH01_REF_TMO-AUTO_HTTP SS UL_NJ DUT REF_L3.dml,,,,N41(100)+N71(15),NR SA,378,-96.460000,-0.180000,,,,,,,,,,,7.340,,1.800,,,,
29,1,,,-73.9599900,40.8174383,2026-01-24 21:26:11.000,_20260124_162539_CH01_REF_TMO-AUTO_HTTP SS UL_NJ DUT REF_L3.dml,,,,N41(100)+N71(15),NR SA,378,-96.340000,0.080000,,,,,,,,,,,0.000,,2.736,,,,
30,1,,,-73.9599900,40.8174383,2026-01-24 21:26:12.000,_20260124_162539_CH01_REF_TMO-AUTO_HTTP SS UL_NJ DUT REF_L3.dml,,,,N41(100)+N71(15),NR SA,378,-96.120000,0.740000,,,,,,,,,,,0.000,,2.072,,,,
31,1,,,-73.9599900,40.8174383,2026-01-24 21:26:13.000,_20260124_162539_CH01_REF_TMO-AUTO_HTTP SS UL_NJ DUT REF_L3.dml,,,,N41(100)+N71(15),NR SA,378,-95.520000,2.120000,,,,,,,,,,,0.000,,2.512,,,,
32,1,,,-73.9599900,40.8174383,2026-01-24 21:26:14.000,_20260124_162539_CH01_REF_TMO-AUTO_HTTP SS UL_NJ DUT REF_L3.dml,,,,N41(100)+N71(15),NR SA,378,-95.980000,1.240000,,,,,,,,,,,6.291,,2.152,,,,
33,1,,,-73.9599900,40.8174383,2026-01-24 21:26:15.000,_20260124_162539_CH01_REF_TMO-AUTO_HTTP SS UL_NJ DUT REF_L3.dml,,,,N41(100)+N71(15),NR SA,378,-95.960000,1.640000,,,,,,,,,,,0.000,,2.120,,,,
34,1,,,-73.9599900,40.8174383,2026-01-24 21:26:16.000,_20260124_162539_CH01_REF_TMO-AUTO_HTTP SS UL_NJ DUT REF_L3.dml,,,,N41(100)+N71(15),NR SA,378,-96.200000,0.000000,,,,,,,,,,,0.000,,2.152,,,,
35,1,,,-73.9599900,40.8174383,2026-01-24 21:26:17.000,_20260124_162539_CH01_REF_TMO-AUTO_HTTP SS UL_NJ DUT REF_L3.dml,,,,N41(100)+N71(15),NR SA,378,-97.000000,-0.060000,,,,,,,,,,,0.000,,1.696,,,,
36,1,,,-73.9599900,40.8174383,2026-01-24 21:26:18.000,_20260124_162539_CH01_REF_TMO-AUTO_HTTP SS UL_NJ DUT REF_L3.dml,,,,N41(100)+N71(15),NR SA,378,-97.030000,-0.610000,,,,,,,,,,,5.243,,2.720,,,,
37,1,,,-73.9599900,40.8174383,2026-01-24 21:26:19.000,_20260124_162539_CH01_REF_TMO-AUTO_HTTP SS UL_NJ DUT REF_L3.dml,,,,N41(100)+N71(15),NR SA,378,-96.890000,0.240000,,,,,,,,,,,0.000,,2.336,,,,
38,1,,,-73.9599900,40.8174383,2026-01-24 21:26:20.000,_20260124_162539_CH01_REF_TMO-AUTO_HTTP SS UL_NJ DUT REF_L3.dml,,,,N41(100)+N71(15),NR SA,378,-97.240000,1.260000,,,,,,,,,,,0.000,,2.536,,,,
39,1,,,-73.9599900,40.8174383,2026-01-24 21:26:21.000,_20260124_162539_CH01_REF_TMO-AUTO_HTTP SS UL_NJ DUT REF_L3.dml,,,,N41(100)+N71(15),NR SA,378,-96.840000,0.560000,,,,,,,,,,,0.000,,2.856,,,,
40,1,,,-73.9599900,40.8174383,2026-01-24 21:26:22.000,_20260124_162539_CH01_REF_TMO-AUTO_HTTP SS UL_NJ DUT REF_L3.dml,,,,N41(100)+N71(15),NR SA,378,-96.560000,0.320000,,,,,,,,,,,0.000,,2.960,,,,
41,1,,,-73.9599900,40.8174383,2026-01-24 21:26:23.000,_20260124_162539_CH01_REF_TMO-AUTO_HTTP SS UL_NJ DUT REF_L3.dml,,,,N41(100)+N71(15),NR SA,378,-96.900000,-0.200000,,,,,,,,,,,7.340,,3.080,,,,
42,1,,,-73.9599900,40.8174383,2026-01-24 21:26:24.000,_20260124_162539_CH01_REF_TMO-AUTO_HTTP SS UL_NJ DUT REF_L3.dml,,,,N41(100)+N71(15),NR SA,378,-97.560000,0.800000,,,,,,,,,,,0.000,,2.472,,,,
43,1,,,-73.9599900,40.8174383,2026-01-24 21:26:25.000,_20260124_162539_CH01_REF_TMO-AUTO_HTTP SS UL_NJ DUT REF_L3.dml,,,,N41(100)+N71(15),NR SA,378,-97.060000,0.880000,,,,,,,,,,,0.000,,2.136,,,,
44,1,,,-73.9599900,40.8174383,2026-01-24 21:26:26.000,_20260124_162539_CH01_REF_TMO-AUTO_HTTP SS UL_NJ DUT REF_L3.dml,,,,N41(100)+N71(15),NR SA,378,-97.210000,1.000000,,,,,,,,,,,5.243,,2.072,,,,
45,1,,,-73.9599900,40.8174383,2026-01-24 21:26:27.000,_20260124_162539_CH01_REF_TMO-AUTO_HTTP SS UL_NJ DUT REF_L3.dml,,,,N41(100)+N71(15),NR SA,378,-96.620000,0.080000,,,,,,,,,,,0.000,,2.488,,,,
46,1,,,-73.9599900,40.8174383,2026-01-24 21:26:28.000,_20260124_162539_CH01_REF_TMO-AUTO_HTTP SS UL_NJ DUT REF_L3.dml,,,,N41(100)+N71(15),NR SA,378,-96.150000,1.020000,,,,,,,,,,,0.000,,1.944,,,,
47,1,,,-73.9599900,40.8174383,2026-01-24 21:26:29.000,_20260124_162539_CH01_REF_TMO-AUTO_HTTP SS UL_NJ DUT REF_L3.dml,,,,N41(100)+N71(15),NR SA,378,-96.020000,1.720000,,,,,,,,,,,0.000,,2.384,,,,
48,1,,,-73.9599900,40.8174383,2026-01-24 21:26:30.000,_20260124_162539_CH01_REF_TMO-AUTO_HTTP SS UL_NJ DUT REF_L3.dml,,,,N41(100)+N71(15),NR SA,378,-95.920000,1.780000,,,,,,,,,,,6.298,,2.760,,,,
49,1,,,-73.9599900,40.8174383,2026-01-24 21:26:31.000,_20260124_162539_CH01_REF_TMO-AUTO_HTTP SS UL_NJ DUT REF_L3.dml,,,,N41(100)+N71(15),NR SA,378,-96.020000,1.680000,,,,,,,,,,,0.000,,2.928,,,,
50,1,,,-73.9599900,40.8174383,2026-01-24 21:26:32.000,_20260124_162539_CH01_REF_TMO-AUTO_HTTP SS UL_NJ DUT REF_L3.dml,,,,N41(100)+N71(15),NR SA,378,-96.640000,0.980000,,,,,,,,,,,0.000,,2.296,,,,
51,1,,,-73.9599900,40.8174383,2026-01-24 21:26:33.000,_20260124_162539_CH01_REF_TMO-AUTO_HTTP SS UL_NJ DUT REF_L3.dml,,,,N41(100)+N71(15),NR SA,378,-95.640000,3.340000,,,,,,,,,,,5.243,,2.128,,,,
52,1,,,-73.9599900,40.8174383,2026-01-24 21:26:34.000,_20260124_162539_CH01_REF_TMO-AUTO_HTTP SS UL_NJ DUT REF_L3.dml,,,,N41(100)+N71(15),NR SA,378,-96.270000,1.240000,,,,,,,,,,,0.000,,2.152,,,,
53,1,,,-73.9599900,40.8174383,2026-01-24 21:26:35.000,_20260124_162539_CH01_REF_TMO-AUTO_HTTP SS UL_NJ DUT REF_L3.dml,,,,N41(100)+N71(15),NR SA,378,-96.510000,2.190000,,,,,,,,,,,0.000,,3.216,,,,
54,1,,,-73.9599900,40.8174383,2026-01-24 21:26:36.000,_20260124_162539_CH01_REF_TMO-AUTO_HTTP SS UL_NJ DUT REF_L3.dml,,,,N41(100)+N71(15),NR SA,378,-96.610000,0.730000,,,,,,,,,,,6.291,,2.240,,,,
55,1,,,-73.9599900,40.8174383,2026-01-24 21:26:37.000,_20260124_162539_CH01_REF_TMO-AUTO_HTTP SS UL_NJ DUT REF_L3.dml,,,,N41(100)+N71(15),NR SA,378,-96.800000,0.800000,,,,,,,,,,,0.000,,2.592,,,,
56,1,,,-73.9599900,40.8174383,2026-01-24 21:26:38.000,_20260124_162539_CH01_REF_TMO-AUTO_HTTP SS UL_NJ DUT REF_L3.dml,,,,N41(100)+N71(15),NR SA,378,-96.780000,1.440000,,,,,,,,,,,0.000,,2.656,,,,
57,1,,,-73.9599900,40.8174383,2026-01-24 21:26:39.000,_20260124_162539_CH01_REF_TMO-AUTO_HTTP SS UL_NJ DUT REF_L3.dml,,,,N41(100)+N71(15),NR SA,378,-96.400000,2.600000,,,,,,,,,,,0.000,,2.424,,,,
58,1,,,-73.9599900,40.8174383,2026-01-24 21:26:40.000,_20260124_162539_CH01_REF_TMO-AUTO_HTTP SS UL_NJ DUT REF_L3.dml,,,,N41(100)+N71(15),NR SA,378,-96.920000,0.880000,,,,,,,,,,,5.243,,2.848,,,,
59,1,,,-73.9599900,40.8174383,2026-01-24 21:26:41.000,_20260124_162539_CH01_REF_TMO-AUTO_HTTP SS UL_NJ DUT REF_L3.dml,,,,N41(100)+N71(15),NR SA,378,-96.780000,0.920000,,,,,,,,,,,0.000,,2.736,,,,
60,1,,,-73.9599900,40.8174383,2026-01-24 21:26:42.000,_20260124_162539_CH01_REF_TMO-AUTO_HTTP SS UL_NJ DUT REF_L3.dml,,,,N41(100)+N71(15),NR SA,378,-95.060000,2.400000,,,,,,,,,,,0.000,,2.128,,,,
61,1,,,-73.9599900,40.8174383,2026-01-24 21:26:43.000,_20260124_162539_CH01_REF_TMO-AUTO_HTTP SS UL_NJ DUT REF_L3.dml,,,,N41(100)+N71(15),NR SA,378,-96.620000,0.620000,,,,,,,,,,,5.243,,2.312,,,,
62,1,,,-73.9599900,40.8174383,2026-01-24 21:26:44.000,_20260124_162539_CH01_REF_TMO-AUTO_HTTP SS UL_NJ DUT REF_L3.dml,,,,N41(100)+N71(15),NR SA,378,-95.160000,1.960000,,,,,,,,,,,0.000,,2.512,,,,
63,1,,,-73.9599900,40.8174383,2026-01-24 21:26:45.000,_20260124_162539_CH01_REF_TMO-AUTO_HTTP SS UL_NJ DUT REF_L3.dml,,,,N41(100)+N71(15),NR SA,378,-96.040000,1.480000,,,,,,,,,,,0.000,,2.528,,,,
64,1,,,-73.9599900,40.8174383,2026-01-24 21:26:46.000,_20260124_162539_CH01_REF_TMO-AUTO_HTTP SS UL_NJ DUT REF_L3.dml,,,,N41(100)+N71(15),NR SA,378,-98.100000,0.260000,,,,,,,,,,,0.000,,2.728,,,,
65,1,,,-73.9599900,40.8174383,2026-01-24 21:26:47.000,_20260124_162539_CH01_REF_TMO-AUTO_HTTP SS UL_NJ DUT REF_L3.dml,,,,N41(100)+N71(15),NR SA,378,-101.540000,-1.820000,,,,,,,,,,,6.298,,2.576,,,,
66,1,,,-73.9599900,40.8174383,2026-01-24 21:26:48.000,_20260124_162539_CH01_REF_TMO-AUTO_HTTP SS UL_NJ DUT REF_L3.dml,,,,N41(100)+N71(15),NR SA,378,-101.900000,-2.200000,,,,,,,,,,,0.000,,2.112,,,,
67,1,,,-73.9599900,40.8174383,2026-01-24 21:26:49.000,_20260124_162539_CH01_REF_TMO-AUTO_HTTP SS UL_NJ DUT REF_L3.dml,,,,N41(100)+N71(15),NR SA,378,-101.180000,-0.840000,,,,,,,,,,,0.000,,2.472,,,,
68,1,,,-73.9599900,40.8174383,2026-01-24 21:26:50.000,_20260124_162539_CH01_REF_TMO-AUTO_HTTP SS UL_NJ DUT REF_L3.dml,,,,N41(100)+N71(15),NR SA,378,-97.160000,0.040000,,,,,,,,,,,5.243,,2.560,,,,
69,1,,,-73.9599900,40.8174383,2026-01-24 21:26:51.000,_20260124_162539_CH01_REF_TMO-AUTO_HTTP SS UL_NJ DUT REF_L3.dml,,,,N41(100)+N71(15),NR SA,378,-96.640000,-0.040000,,,,,,,,,,,0.000,,2.560,,,,
70,1,,,-73.9599900,40.8174383,2026-01-24 21:26:52.000,_20260124_162539_CH01_REF_TMO-AUTO_HTTP SS UL_NJ DUT REF_L3.dml,,,,N41(100)+N71(15),NR SA,378,-101.880000,-2.280000,,,,,,,,,,,0.000,,2.520,,,,
71,1,,,-73.9599900,40.8174383,2026-01-24 21:26:53.000,_20260124_162539_CH01_REF_TMO-AUTO_HTTP SS UL_NJ DUT REF_L3.dml,,,,N41(100)+N71(15),NR SA,378,-103.120000,-2.220000,,,,,,,,,,,0.000,,2.176,,,,
72,1,,,-73.9599900,40.8174383,2026-01-24 21:26:54.000,_20260124_162539_CH01_REF_TMO-AUTO_HTTP SS UL_NJ DUT REF_L3.dml,,,,N41(100)+N71(15),NR SA,378,-100.660000,-1.400000,,,,,,,,,,,0.000,,2.312,,,,
73,1,,,-73.9599900,40.8174383,2026-01-24 21:26:55.000,_20260124_162539_CH01_REF_TMO-AUTO_HTTP SS UL_NJ DUT REF_L3.dml,,,,N41(100)+N71(15),NR SA,378,-96.280000,2.280000,,,,,,,,,,,6.291,,2.624,,,,
74,1,,,-73.9599900,40.8174383,2026-01-24 21:26:56.000,_20260124_162539_CH01_REF_TMO-AUTO_HTTP SS UL_NJ DUT REF_L3.dml,,,,N41(100)+N71(15),NR SA,378,-95.740000,2.720000,,,,,,,,,,,0.000,,2.792,,,,
75,1,,,-73.9599900,40.8174383,2026-01-24 21:26:57.000,_20260124_162539_CH01_REF_TMO-AUTO_HTTP SS UL_NJ DUT REF_L3.dml,,,,N41(100)+N71(15),NR SA,378,-96.660000,1.360000,,,,,,,,,,,5.243,,2.752,,,,
76,1,,,-73.9599900,40.8174383,2026-01-24 21:26:58.000,_20260124_162539_CH01_REF_TMO-AUTO_HTTP SS UL_NJ DUT REF_L3.dml,,,,N41(100)+N71(15),NR SA,378,-97.020000,1.780000,,,,,,,,,,,0.000,,3.096,,,,
77,1,,,-73.9599900,40.8174383,2026-01-24 21:26:59.000,_20260124_162539_CH01_REF_TMO-AUTO_HTTP SS UL_NJ DUT REF_L3.dml,,,,N41(100)+N71(15),NR SA,378,-95.980000,2.520000,,,,,,,,,,,0.000,,3.040,,,,
78,1,,,-73.9599900,40.8174383,2026-01-24 21:27:00.000,_20260124_162539_CH01_REF_TMO-AUTO_HTTP SS UL_NJ DUT REF_L3.dml,,,,N41(100)+N71(15),NR SA,378,-99.140000,-0.320000,,,,,,,,,,,6.291,,2.824,,,,
79,1,,,-73.9599900,40.8174383,2026-01-24 21:27:01.000,_20260124_162539_CH01_REF_TMO-AUTO_HTTP SS UL_NJ DUT REF_L3.dml,,,,N41(100)+N71(15),NR SA,378,-97.220000,0.960000,,,,,,,,,,,0.000,,2.400,,,,
80,1,,,-73.9599900,40.8174383,2026-01-24 21:27:02.000,_20260124_162539_CH01_REF_TMO-AUTO_HTTP SS UL_NJ DUT REF_L3.dml,,,,N41(100)+N71(15),NR SA,378,-97.410000,1.280000,,,,,,,,,,,0.000,,2.408,,,,
81,1,,,-73.9599900,40.8174383,2026-01-24 21:27:03.000,_20260124_162539_CH01_REF_TMO-AUTO_HTTP SS UL_NJ DUT REF_L3.dml,,,,N41(100)+N71(15),NR SA,378,-98.760000,0.530000,,,,,,,,,,,0.000,,2.192,,,,
82,1,,,-73.9599900,40.8174383,2026-01-24 21:27:04.000,_20260124_162539_CH01_REF_TMO-AUTO_HTTP SS UL_NJ DUT REF_L3.dml,,,,N41(100)+N71(15),NR SA,378,-98.040000,1.620000,,,,,,,,,,,5.243,,2.360,,,,
83,1,,,-73.9599900,40.8174383,2026-01-24 21:27:05.000,_20260124_162539_CH01_REF_TMO-AUTO_HTTP SS UL_NJ DUT REF_L3.dml,,,,N41(100)+N71(15),NR SA,378,-97.660000,2.080000,,,,,,,,,,,0.000,,2.600,,,,
84,1,,,-73.9599900,40.8174383,2026-01-24 21:27:06.000,_20260124_162539_CH01_REF_TMO-AUTO_HTTP SS UL_NJ DUT REF_L3.dml,,,,N41(100)+N71(15),NR SA,378,-96.300000,3.160000,,,,,,,,,,,0.000,,2.232,,,,
85,1,,,-73.9599900,40.8174383,2026-01-24 21:27:07.000,_20260124_162539_CH01_REF_TMO-AUTO_HTTP SS UL_NJ DUT REF_L3.dml,,,,N41(100)+N71(15),NR SA,378,-96.160000,3.100000,,,,,,,,,,,0.000,,2.152,,,,
86,1,,,-73.9599900,40.8174383,2026-01-24 21:27:07.806,_20260124_162539_CH01_REF_TMO-AUTO_HTTP SS UL_NJ DUT REF_L3.dml,,,,,,,,,,,,,,,Upload Ended,,,,,,,,,,
87,1,,,-73.9599900,40.8174383,2026-01-24 21:27:08.000,_20260124_162539_CH01_REF_TMO-AUTO_HTTP SS UL_NJ DUT REF_L3.dml,,,,N41(100)+N71(15),NR SA,378,-96.380000,3.560000,,,,,,,,,,,23.699,,2.224,,,,
88,1,,,-73.9599900,40.8174383,2026-01-24 21:27:09.000,_20260124_162539_CH01_REF_TMO-AUTO_HTTP SS UL_NJ DUT REF_L3.dml,,,,N41(100)+N71(15),,378,-96.740000,2.800000,,,,,,,,,,,,,2.384,,,,
89,1,,,-73.9599900,40.8174383,2026-01-24 21:27:10.000,_20260124_162539_CH01_REF_TMO-AUTO_HTTP SS UL_NJ DUT REF_L3.dml,,,,N41(100)+N71(15),,378,-97.130000,1.530000,,,,,,,,,,,,,1.952,,,,
90,1,,,-73.9599900,40.8174383,2026-01-24 21:27:11.000,_20260124_162539_CH01_REF_TMO-AUTO_HTTP SS UL_NJ DUT REF_L3.dml,,,,N41(100)+N71(15),,378,-96.610000,0.890000,,,,,,,,,,,,,2.088,,,,
91,1,,,-73.9599900,40.8174383,2026-01-24 21:27:12.000,_20260124_162539_CH01_REF_TMO-AUTO_HTTP SS UL_NJ DUT REF_L3.dml,,,,N41(100)+N71(15),,378,-97.040000,1.340000,,,,,,,,,,,,,2.088,,,,
92,1,,,-73.9599900,40.8174383,2026-01-24 21:27:12.854,_20260124_162539_CH01_REF_TMO-AUTO_HTTP SS UL_NJ DUT REF_L3.dml,,,,,,,,,,,,,,,Upload Start Request,,,,,,,,,,
93,1,,,-73.9599900,40.8174383,2026-01-24 21:27:13.000,_20260124_162539_CH01_REF_TMO-AUTO_HTTP SS UL_NJ DUT REF_L3.dml,,,,N41(100)+N71(15),NR SA,378,-97.160000,1.520000,,,,,,,,,,,,,2.720,,,,
94,1,,,-73.9599900,40.8174383,2026-01-24 21:27:13.120,_20260124_162539_CH01_REF_TMO-AUTO_HTTP SS UL_NJ DUT REF_L3.dml,,,,,,,,,,,,,,,Upload Started,,,,,,,,,,
95,1,,,-73.9599900,40.8174383,2026-01-24 21:27:14.000,_20260124_162539_CH01_REF_TMO-AUTO_HTTP SS UL_NJ DUT REF_L3.dml,,,,N41(100)+N71(15),NR SA,378,-96.900000,1.000000,,,,,,,,,,,,,2.456,,,,
96,1,,,-73.9599900,40.8174383,2026-01-24 21:27:15.000,_20260124_162539_CH01_REF_TMO-AUTO_HTTP SS UL_NJ DUT REF_L3.dml,,,,N41(100)+N71(15),NR SA,378,-97.060000,1.080000,,,,,,,,,,,,,2.256,,,,
97,1,,,-73.9599900,40.8174383,2026-01-24 21:27:16.000,_20260124_162539_CH01_REF_TMO-AUTO_HTTP SS UL_NJ DUT REF_L3.dml,,,,N41(100)+N71(15),NR SA,378,-97.320000,1.340000,,,,,,,,,,,15.729,,1.320,,,,
98,1,,,-73.9599900,40.8174383,2026-01-24 21:27:17.000,_20260124_162539_CH01_REF_TMO-AUTO_HTTP SS UL_NJ DUT REF_L3.dml,,,,N41(100)+N71(15),NR SA,378,-97.240000,1.650000,,,,,,,,,,,0.000,,0.000,,,,
99,1,,,-73.9599900,40.8174383,2026-01-24 21:27:18.000,_20260124_162539_CH01_REF_TMO-AUTO_HTTP SS UL_NJ DUT REF_L3.dml,,,,N41(100)+N71(15),NR SA,378,-97.130000,0.110000,,,,,,,,,,,0.000,,1.152,,,,
100,1,,,-73.9599900,40.8174383,2026-01-24 21:27:19.000,_20260124_162539_CH01_REF_TMO-AUTO_HTTP SS UL_NJ DUT REF_L3.dml,,,,N41(100)+N71(15),NR SA,378,-96.620000,0.620000,,,,,,,,,,,0.000,,2.056,,,,
101,1,,,-73.9599900,40.8174383,2026-01-24 21:27:20.000,_20260124_162539_CH01_REF_TMO-AUTO_HTTP SS UL_NJ DUT REF_L3.dml,,,,N41(100)+N71(15),NR SA,378,-96.840000,0.480000,,,,,,,,,,,0.000,,2.408,,,,
102,1,,,-73.9599900,40.8174383,2026-01-24 21:27:21.000,_20260124_162539_CH01_REF_TMO-AUTO_HTTP SS UL_NJ DUT REF_L3.dml,,,,N41(100)+N71(15),NR SA,378,-96.580000,0.480000,,,,,,,,,,,0.000,,2.992,,,,
103,1,,,-73.9599900,40.8174383,2026-01-24 21:27:22.000,_20260124_162539_CH01_REF_TMO-AUTO_HTTP SS UL_NJ DUT REF_L3.dml,,,,N41(100)+N71(15),NR SA,378,-96.780000,0.300000,,,,,,,,,,,0.000,,2.256,,,,
104,1,,,-73.9599900,40.8174383,2026-01-24 21:27:23.000,_20260124_162539_CH01_REF_TMO-AUTO_HTTP SS UL_NJ DUT REF_L3.dml,,,,N41(100)+N71(15),NR SA,378,-98.380000,-1.120000,,,,,,,,,,,0.000,,2.904,,,,
105,1,,,-73.9599900,40.8174383,2026-01-24 21:27:24.000,_20260124_162539_CH01_REF_TMO-AUTO_HTTP SS UL_NJ DUT REF_L3.dml,,,,N41(100)+N71(15),NR SA,378,-97.420000,-0.300000,,,,,,,,,,,6.291,,2.544,,,,
106,1,,,-73.9599900,40.8174383,2026-01-24 21:27:25.000,_20260124_162539_CH01_REF_TMO-AUTO_HTTP SS UL_NJ DUT REF_L3.dml,,,,N41(100)+N71(15),NR SA,378,-97.830000,-0.620000,,,,,,,,,,,0.000,,2.392,,,,
107,1,,,-73.9599900,40.8174383,2026-01-24 21:27:26.000,_20260124_162539_CH01_REF_TMO-AUTO_HTTP SS UL_NJ DUT REF_L3.dml,,,,N41(100)+N71(15),NR SA,378,-97.470000,0.390000,,,,,,,,,,,0.000,,1.832,,,,
108,1,,,-73.9599900,40.8174383,2026-01-24 21:27:27.000,_20260124_162539_CH01_REF_TMO-AUTO_HTTP SS UL_NJ DUT REF_L3.dml,,,,N41(100)+N71(15),NR SA,378,-97.460000,0.300000,,,,,,,,,,,0.000,,2.400,,,,
109,1,,,-73.9599900,40.8174383,2026-01-24 21:27:28.000,_20260124_162539_CH01_REF_TMO-AUTO_HTTP SS UL_NJ DUT REF_L3.dml,,,,N41(100)+N71(15),NR SA,378,-97.820000,-0.060000,,,,,,,,,,,5.243,,2.584,,,,
110,1,,,-73.9599900,40.8174383,2026-01-24 21:27:29.000,_20260124_162539_CH01_REF_TMO-AUTO_HTTP SS UL_NJ DUT REF_L3.dml,,,,N41(100)+N71(15),NR SA,378,-97.480000,0.260000,,,,,,,,,,,0.000,,2.448,,,,
111,1,,,-73.9599900,40.8174383,2026-01-24 21:27:30.000,_20260124_162539_CH01_REF_TMO-AUTO_HTTP SS UL_NJ DUT REF_L3.dml,,,,N41(100)+N71(15),NR SA,378,-98.180000,0.300000,,,,,,,,,,,0.000,,2.312,,,,
112,1,,,-73.9599900,40.8174383,2026-01-24 21:27:31.000,_20260124_162539_CH01_REF_TMO-AUTO_HTTP SS UL_NJ DUT REF_L3.dml,,,,N41(100)+N71(15),NR SA,378,-99.220000,-0.400000,,,,,,,,,,,0.000,,2.552,,,,
113,1,,,-73.9599900,40.8174383,2026-01-24 21:27:32.000,_20260124_162539_CH01_REF_TMO-AUTO_HTTP SS UL_NJ DUT REF_L3.dml,,,,N41(100)+N71(15),NR SA,378,-98.580000,1.200000,,,,,,,,,,,0.000,,2.432,,,,
114,1,,,-73.9599900,40.8174383,2026-01-24 21:27:33.000,_20260124_162539_CH01_REF_TMO-AUTO_HTTP SS UL_NJ DUT REF_L3.dml,,,,N41(100)+N71(15),NR SA,378,-99.160000,0.900000,,,,,,,,,,,6.291,,2.232,,,,
115,1,,,-73.9599900,40.8174383,2026-01-24 21:27:34.000,_20260124_162539_CH01_REF_TMO-AUTO_HTTP SS UL_NJ DUT REF_L3.dml,,,,N41(100)+N71(15),NR SA,378,-99.420000,-0.040000,,,,,,,,,,,0.000,,2.552,,,,
116,1,,,-73.9599900,40.8174383,2026-01-24 21:27:35.000,_20260124_162539_CH01_REF_TMO-AUTO_HTTP SS UL_NJ DUT REF_L3.dml,,,,N41(100)+N71(15),NR SA,378,-99.180000,-0.620000,,,,,,,,,,,0.000,,2.616,,,,
117,1,,,-73.9599900,40.8174383,2026-01-24 21:27:36.000,_20260124_162539_CH01_REF_TMO-AUTO_HTTP SS UL_NJ DUT REF_L3.dml,,,,N41(100)+N71(15),NR SA,378,-98.780000,-0.060000,,,,,,,,,,,5.243,,2.600,,,,
118,1,,,-73.9599900,40.8174383,2026-01-24 21:27:37.000,_20260124_162539_CH01_REF_TMO-AUTO_HTTP SS UL_NJ DUT REF_L3.dml,,,,N41(100)+N71(15),NR SA,378,-97.660000,0.080000,,,,,,,,,,,0.000,,2.352,,,,
119,1,,,-73.9599900,40.8174383,2026-01-24 21:27:38.000,_20260124_162539_CH01_REF_TMO-AUTO_HTTP SS UL_NJ DUT REF_L3.dml,,,,N41(100)+N71(15),NR SA,378,-98.440000,0.340000,,,,,,,,,,,0.000,,2.336,,,,
120,1,,,-73.9599900,40.8174383,2026-01-24 21:27:39.000,_20260124_162539_CH01_REF_TMO-AUTO_HTTP SS UL_NJ DUT REF_L3.dml,,,,N41(100)+N71(15),NR SA,378,-98.760000,-0.540000,,,,,,,,,,,6.291,,1.832,,,,
121,1,,,-73.9599900,40.8174383,2026-01-24 21:27:40.000,_20260124_162539_CH01_REF_TMO-AUTO_HTTP SS UL_NJ DUT REF_L3.dml,,,,N41(100)+N71(15),NR SA,378,-98.480000,-0.560000,,,,,,,,,,,0.000,,1.952,,,,
122,1,,,-73.9599900,40.8174383,2026-01-24 21:27:41.000,_20260124_162539_CH01_REF_TMO-AUTO_HTTP SS UL_NJ DUT REF_L3.dml,,,,N41(100)+N71(15),NR SA,378,-98.180000,-0.140000,,,,,,,,,,,0.000,,2.216,,,,
123,1,,,-73.9599900,40.8174383,2026-01-24 21:27:42.000,_20260124_162539_CH01_REF_TMO-AUTO_HTTP SS UL_NJ DUT REF_L3.dml,,,,N41(100)+N71(15),NR SA,378,-98.160000,0.220000,,,,,,,,,,,0.000,,1.648,,,,
124,1,,,-73.9599900,40.8174383,2026-01-24 21:27:43.000,_20260124_162539_CH01_REF_TMO-AUTO_HTTP SS UL_NJ DUT REF_L3.dml,,,,N41(100)+N71(15),NR SA,378,-97.720000,0.320000,,,,,,,,,,,5.243,,1.768,,,,
125,1,,,-73.9599900,40.8174383,2026-01-24 21:27:44.000,_20260124_162539_CH01_REF_TMO-AUTO_HTTP SS UL_NJ DUT REF_L3.dml,,,,N41(100)+N71(15),NR SA,378,-97.640000,0.300000,,,,,,,,,,,0.000,,2.344,,,,
126,1,,,-73.9599900,40.8174383,2026-01-24 21:27:45.000,_20260124_162539_CH01_REF_TMO-AUTO_HTTP SS UL_NJ DUT REF_L3.dml,,,,N41(100)+N71(15),NR SA,378,-98.560000,0.060000,,,,,,,,,,,0.000,,2.704,,,,
127,1,,,-73.9599900,40.8174383,2026-01-24 21:27:46.000,_20260124_162539_CH01_REF_TMO-AUTO_HTTP SS UL_NJ DUT REF_L3.dml,,,,N41(100)+N71(15),NR SA,378,-98.720000,-1.040000,,,,,,,,,,,0.000,,2.392,,,,
128,1,,,-73.9599900,40.8174383,2026-01-24 21:27:47.000,_20260124_162539_CH01_REF_TMO-AUTO_HTTP SS UL_NJ DUT REF_L3.dml,,,,N41(100)+N71(15),NR SA,378,-97.740000,-0.020000,,,,,,,,,,,0.000,,2.104,,,,
129,1,,,-73.9599900,40.8174383,2026-01-24 21:27:48.000,_20260124_162539_CH01_REF_TMO-AUTO_HTTP SS UL_NJ DUT REF_L3.dml,,,,N41(100)+N71(15),NR SA,378,-98.740000,0.200000,,,,,,,,,,,6.291,,2.592,,,,
130,1,,,-73.9599900,40.8174383,2026-01-24 21:27:49.000,_20260124_162539_CH01_REF_TMO-AUTO_HTTP SS UL_NJ DUT REF_L3.dml,,,,N41(100)+N71(15),NR SA,378,-98.220000,-0.040000,,,,,,,,,,,0.000,,2.576,,,,
131,1,,,-73.9599900,40.8174383,2026-01-24 21:27:50.000,_20260124_162539_CH01_REF_TMO-AUTO_HTTP SS UL_NJ DUT REF_L3.dml,,,,N41(100)+N71(15),NR SA,378,-96.880000,0.760000,,,,,,,,,,,0.000,,2.360,,,,
132,1,,,-73.9599900,40.8174383,2026-01-24 21:27:51.000,_20260124_162539_CH01_REF_TMO-AUTO_HTTP SS UL_NJ DUT REF_L3.dml,,,,N41(100)+N71(15),NR SA,378,-97.380000,0.900000,,,,,,,,,,,5.243,,2.344,,,,
133,1,,,-73.9599900,40.8174383,2026-01-24 21:27:52.000,_20260124_162539_CH01_REF_TMO-AUTO_HTTP SS UL_NJ DUT REF_L3.dml,,,,N41(100)+N71(15),NR SA,378,-97.710000,0.500000,,,,,,,,,,,0.000,,2.344,,,,
134,1,,,-73.9599900,40.8174383,2026-01-24 21:27:53.000,_20260124_162539_CH01_REF_TMO-AUTO_HTTP SS UL_NJ DUT REF_L3.dml,,,,N41(100)+N71(15),NR SA,378,-97.730000,0.880000,,,,,,,,,,,0.000,,2.416,,,,
135,1,,,-73.9599900,40.8174383,2026-01-24 21:27:54.000,_20260124_162539_CH01_REF_TMO-AUTO_HTTP SS UL_NJ DUT REF_L3.dml,,,,N41(100)+N71(15),NR SA,378,-97.400000,0.760000,,,,,,,,,,,6.291,,2.528,,,,
136,1,,,-73.9599900,40.8174383,2026-01-24 21:27:55.000,_20260124_162539_CH01_REF_TMO-AUTO_HTTP SS UL_NJ DUT REF_L3.dml,,,,N41(100)+N71(15),NR SA,378,-97.060000,0.580000,,,,,,,,,,,0.000,,2.240,,,,
137,1,,,-73.9599900,40.8174383,2026-01-24 21:27:56.000,_20260124_162539_CH01_REF_TMO-AUTO_HTTP SS UL_NJ DUT REF_L3.dml,,,,N41(100)+N71(15),NR SA,378,-97.180000,1.000000,,,,,,,,,,,0.000,,2.456,,,,
138,1,,,-73.9599900,40.8174383,2026-01-24 21:27:57.000,_20260124_162539_CH01_REF_TMO-AUTO_HTTP SS UL_NJ DUT REF_L3.dml,,,,N41(100)+N71(15),NR SA,378,-97.580000,0.540000,,,,,,,,,,,0.000,,2.520,,,,
139,1,,,-73.9599900,40.8174383,2026-01-24 21:27:58.000,_20260124_162539_CH01_REF_TMO-AUTO_HTTP SS UL_NJ DUT REF_L3.dml,,,,N41(100)+N71(15),NR SA,378,-97.700000,-0.340000,,,,,,,,,,,5.248,,1.736,,,,
140,1,,,-73.9599900,40.8174383,2026-01-24 21:27:59.000,_20260124_162539_CH01_REF_TMO-AUTO_HTTP SS UL_NJ DUT REF_L3.dml,,,,N41(100)+N71(15),NR SA,378,-96.240000,1.110000,,,,,,,,,,,0.000,,2.096,,,,
141,1,,,-73.9599900,40.8174383,2026-01-24 21:28:00.000,_20260124_162539_CH01_REF_TMO-AUTO_HTTP SS UL_NJ DUT REF_L3.dml,,,,N41(100)+N71(15),NR SA,378,-97.030000,0.420000,,,,,,,,,,,0.000,,2.416,,,,
142,1,,,-73.9599900,40.8174383,2026-01-24 21:28:01.000,_20260124_162539_CH01_REF_TMO-AUTO_HTTP SS UL_NJ DUT REF_L3.dml,,,,N41(100)+N71(15),NR SA,378,-97.640000,0.600000,,,,,,,,,,,0.000,,2.544,,,,
143,1,,,-73.9599900,40.8174383,2026-01-24 21:28:02.000,_20260124_162539_CH01_REF_TMO-AUTO_HTTP SS UL_NJ DUT REF_L3.dml,,,,N41(100)+N71(15),NR SA,378,-97.840000,-0.520000,,,,,,,,,,,6.291,,2.752,,,,
144,1,,,-73.9599900,40.8174383,2026-01-24 21:28:03.000,_20260124_162539_CH01_REF_TMO-AUTO_HTTP SS UL_NJ DUT REF_L3.dml,,,,N41(100)+N71(15),NR SA,378,-97.480000,0.040000,,,,,,,,,,,0.000,,2.312,,,,
145,1,,,-73.9599900,40.8174383,2026-01-24 21:28:04.000,_20260124_162539_CH01_REF_TMO-AUTO_HTTP SS UL_NJ DUT REF_L3.dml,,,,N41(100)+N71(15),NR SA,378,-97.140000,0.040000,,,,,,,,,,,0.000,,2.488,,,,
146,1,,,-73.9599900,40.8174383,2026-01-24 21:28:05.000,_20260124_162539_CH01_REF_TMO-AUTO_HTTP SS UL_NJ DUT REF_L3.dml,,,,N41(100)+N71(15),NR SA,378,-99.580000,-0.680000,,,,,,,,,,,4.194,,2.368,,,,
147,1,,,-73.9599900,40.8174383,2026-01-24 21:28:06.000,_20260124_162539_CH01_REF_TMO-AUTO_HTTP SS UL_NJ DUT REF_L3.dml,,,,N41(100)+N71(15),NR SA,378,-96.980000,1.120000,,,,,,,,,,,1.049,,2.064,,,,
148,1,,,-73.9599900,40.8174383,2026-01-24 21:28:07.000,_20260124_162539_CH01_REF_TMO-AUTO_HTTP SS UL_NJ DUT REF_L3.dml,,,,N41(100)+N71(15),NR SA,378,-96.940000,0.740000,,,,,,,,,,,0.000,,2.008,,,,
149,1,,,-73.9599900,40.8174383,2026-01-24 21:28:08.000,_20260124_162539_CH01_REF_TMO-AUTO_HTTP SS UL_NJ DUT REF_L3.dml,,,,N41(100)+N71(15),NR SA,378,-97.700000,0.200000,,,,,,,,,,,0.000,,3.224,,,,
150,1,,,-73.9599900,40.8174383,2026-01-24 21:28:09.000,_20260124_162539_CH01_REF_TMO-AUTO_HTTP SS UL_NJ DUT REF_L3.dml,,,,N41(100)+N71(15),NR SA,378,-97.340000,-0.140000,,,,,,,,,,,5.243,,2.680,,,,
151,1,,,-73.9599900,40.8174383,2026-01-24 21:28:10.000,_20260124_162539_CH01_REF_TMO-AUTO_HTTP SS UL_NJ DUT REF_L3.dml,,,,N41(100)+N71(15),NR SA,378,-97.140000,-0.780000,,,,,,,,,,,0.000,,2.384,,,,
152,1,,,-73.9599900,40.8174383,2026-01-24 21:28:11.000,_20260124_162539_CH01_REF_TMO-AUTO_HTTP SS UL_NJ DUT REF_L3.dml,,,,N41(100)+N71(15),NR SA,378,-98.720000,0.440000,,,,,,,,,,,0.000,,2.464,,,,
153,1,,,-73.9599900,40.8174383,2026-01-24 21:28:12.000,_20260124_162539_CH01_REF_TMO-AUTO_HTTP SS UL_NJ DUT REF_L3.dml,,,,N41(100)+N71(15),NR SA,378,-97.780000,0.440000,,,,,,,,,,,0.000,,2.528,,,,
154,1,,,-73.9599900,40.8174383,2026-01-24 21:28:13.000,_20260124_162539_CH01_REF_TMO-AUTO_HTTP SS UL_NJ DUT REF_L3.dml,,,,N41(100)+N71(15),NR SA,378,-97.760000,0.160000,,,,,,,,,,,6.291,,2.880,,,,
155,1,,,-73.9599900,40.8174383,2026-01-24 21:28:14.000,_20260124_162539_CH01_REF_TMO-AUTO_HTTP SS UL_NJ DUT REF_L3.dml,,,,N41(100)+N71(15),NR SA,378,-100.380000,-0.480000,,,,,,,,,,,0.000,,2.848,,,,
156,1,,,-73.9599900,40.8174383,2026-01-24 21:28:15.000,_20260124_162539_CH01_REF_TMO-AUTO_HTTP SS UL_NJ DUT REF_L3.dml,,,,N41(100)+N71(15),NR SA,378,-98.500000,-0.540000,,,,,,,,,,,0.000,,2.464,,,,
157,1,,,-73.9599900,40.8174383,2026-01-24 21:28:16.000,_20260124_162539_CH01_REF_TMO-AUTO_HTTP SS UL_NJ DUT REF_L3.dml,,,,N41(100)+N71(15),NR SA,378,-97.900000,0.320000,,,,,,,,,,,5.243,,2.952,,,,
158,1,,,-73.9599900,40.8174383,2026-01-24 21:28:17.000,_20260124_162539_CH01_REF_TMO-AUTO_HTTP SS UL_NJ DUT REF_L3.dml,,,,N41(100)+N71(15),NR SA,378,-97.760000,0.100000,,,,,,,,,,,0.000,,2.584,,,,
159,1,,,-73.9599900,40.8174383,2026-01-24 21:28:18.000,_20260124_162539_CH01_REF_TMO-AUTO_HTTP SS UL_NJ DUT REF_L3.dml,,,,N41(100)+N71(15),NR SA,378,-98.320000,-0.140000,,,,,,,,,,,0.000,,2.328,,,,
160,1,,,-73.9599900,40.8174383,2026-01-24 21:28:19.000,_20260124_162539_CH01_REF_TMO-AUTO_HTTP SS UL_NJ DUT REF_L3.dml,,,,N41(100)+N71(15),NR SA,378,-98.220000,-0.270000,,,,,,,,,,,0.000,,2.672,,,,
161,1,,,-73.9599900,40.8174383,2026-01-24 21:28:20.000,_20260124_162539_CH01_REF_TMO-AUTO_HTTP SS UL_NJ DUT REF_L3.dml,,,,N41(100)+N71(15),NR SA,378,-96.950000,0.710000,,,,,,,,,,,6.291,,2.192,,,,
162,1,,,-73.9599900,40.8174383,2026-01-24 21:28:21.000,_20260124_162539_CH01_REF_TMO-AUTO_HTTP SS UL_NJ DUT REF_L3.dml,,,,N41(100)+N71(15),NR SA,378,-99.500000,-0.700000,,,,,,,,,,,0.000,,2.248,,,,
163,1,,,-73.9599900,40.8174383,2026-01-24 21:28:22.000,_20260124_162539_CH01_REF_TMO-AUTO_HTTP SS UL_NJ DUT REF_L3.dml,,,,N41(100)+N71(15),NR SA,378,-99.880000,-1.380000,,,,,,,,,,,0.000,,2.504,,,,
164,1,,,-73.9599900,40.8174383,2026-01-24 21:28:23.000,_20260124_162539_CH01_REF_TMO-AUTO_HTTP SS UL_NJ DUT REF_L3.dml,,,,N41(100)+N71(15),NR SA,378,-98.240000,0.000000,,,,,,,,,,,0.000,,1.944,,,,
165,1,,,-73.9599900,40.8174383,2026-01-24 21:28:24.000,_20260124_162539_CH01_REF_TMO-AUTO_HTTP SS UL_NJ DUT REF_L3.dml,,,,N41(100)+N71(15),NR SA,378,-99.300000,-0.980000,,,,,,,,,,,0.000,,2.296,,,,
166,1,,,-73.9599900,40.8174383,2026-01-24 21:28:25.000,_20260124_162539_CH01_REF_TMO-AUTO_HTTP SS UL_NJ DUT REF_L3.dml,,,,N41(100)+N71(15),NR SA,378,-99.680000,-1.260000,,,,,,,,,,,5.248,,2.144,,,,
167,1,,,-73.9599900,40.8174383,2026-01-24 21:28:26.000,_20260124_162539_CH01_REF_TMO-AUTO_HTTP SS UL_NJ DUT REF_L3.dml,,,,N41(100)+N71(15),NR SA,378,-99.520000,-0.900000,,,,,,,,,,,0.000,,2.232,,,,
168,1,,,-73.9599900,40.8174383,2026-01-24 21:28:27.000,_20260124_162539_CH01_REF_TMO-AUTO_HTTP SS UL_NJ DUT REF_L3.dml,,,,N41(100)+N71(15),NR SA,378,-101.300000,0.110000,,,,,,,,,,,0.000,,1.960,,,,
169,1,,,-73.9599900,40.8174383,2026-01-24 21:28:28.000,_20260124_162539_CH01_REF_TMO-AUTO_HTTP SS UL_NJ DUT REF_L3.dml,,,,N41(100)+N71(15),NR SA,378,-98.840000,-0.330000,,,,,,,,,,,0.000,,2.152,,,,
170,1,,,-73.9599900,40.8174383,2026-01-24 21:28:29.000,_20260124_162539_CH01_REF_TMO-AUTO_HTTP SS UL_NJ DUT REF_L3.dml,,,,N41(100)+N71(15),NR SA,378,-100.360000,-0.340000,,,,,,,,,,,0.000,,2.080,,,,
171,1,,,-73.9599900,40.8174383,2026-01-24 21:28:30.000,_20260124_162539_CH01_REF_TMO-AUTO_HTTP SS UL_NJ DUT REF_L3.dml,,,,N41(100)+N71(15),NR SA,378,-98.960000,0.200000,,,,,,,,,,,6.298,,2.488,,,,
172,1,,,-73.9599900,40.8174383,2026-01-24 21:28:31.000,_20260124_162539_CH01_REF_TMO-AUTO_HTTP SS UL_NJ DUT REF_L3.dml,,,,N41(100)+N71(15),NR SA,378,-97.840000,0.540000,,,,,,,,,,,0.000,,2.504,,,,
173,1,,,-73.9599900,40.8174383,2026-01-24 21:28:32.000,_20260124_162539_CH01_REF_TMO-AUTO_HTTP SS UL_NJ DUT REF_L3.dml,,,,N41(100)+N71(15),NR SA,378,-96.800000,1.020000,,,,,,,,,,,0.000,,2.264,,,,
174,1,,,-73.9599900,40.8174383,2026-01-24 21:28:32.150,_20260124_162539_CH01_REF_TMO-AUTO_HTTP SS UL_NJ DUT REF_L3.dml,,,,,,,,,,,,,,,Upload Ended,,,,,,,,,,
175,1,,,-73.9599900,40.8174383,2026-01-24 21:28:33.000,_20260124_162539_CH01_REF_TMO-AUTO_HTTP SS UL_NJ DUT REF_L3.dml,,,,N41(100)+N71(15),NR SA,378,-98.520000,0.420000,,,,,,,,,,,115.584,,2.488,,,,
176,1,,,-73.9599900,40.8174383,2026-01-24 21:28:34.000,_20260124_162539_CH01_REF_TMO-AUTO_HTTP SS UL_NJ DUT REF_L3.dml,,,,N41(100)+N71(15),,378,-98.520000,0.500000,,,,,,,,,,,,,2.448,,,,
177,1,,,-73.9599900,40.8174383,2026-01-24 21:28:35.000,_20260124_162539_CH01_REF_TMO-AUTO_HTTP SS UL_NJ DUT REF_L3.dml,,,,N41(100)+N71(15),,378,-99.140000,0.320000,,,,,,,,,,,,,2.288,,,,
178,1,,,-73.9599900,40.8174383,2026-01-24 21:28:36.000,_20260124_162539_CH01_REF_TMO-AUTO_HTTP SS UL_NJ DUT REF_L3.dml,,,,N41(100)+N71(15),,378,-99.230000,0.890000,,,,,,,,,,,,,2.864,,,,
179,1,,,-73.9599900,40.8174383,2026-01-24 21:28:37.000,_20260124_162539_CH01_REF_TMO-AUTO_HTTP SS UL_NJ DUT REF_L3.dml,,,,N41(100)+N71(15),,378,-99.080000,0.220000,,,,,,,,,,,,,2.256,,,,
180,1,,,-73.9599900,40.8174383,2026-01-24 21:28:37.479,_20260124_162539_CH01_REF_TMO-AUTO_HTTP SS UL_NJ DUT REF_L3.dml,,,,,,,,,,,,,,,Upload Start Request,,,,,,,,,,
181,1,,,-73.9599900,40.8174383,2026-01-24 21:28:37.713,_20260124_162539_CH01_REF_TMO-AUTO_HTTP SS UL_NJ DUT REF_L3.dml,,,,,,,,,,,,,,,Upload Started,,,,,,,,,,
182,1,,,-73.9599900,40.8174383,2026-01-24 21:28:38.000,_20260124_162539_CH01_REF_TMO-AUTO_HTTP SS UL_NJ DUT REF_L3.dml,,,,N41(100)+N71(15),NR SA,378,-98.260000,0.420000,,,,,,,,,,,,,1.952,,,,
183,1,,,-73.9599900,40.8174383,2026-01-24 21:28:39.000,_20260124_162539_CH01_REF_TMO-AUTO_HTTP SS UL_NJ DUT REF_L3.dml,,,,N41(100)+N71(15),NR SA,378,-98.320000,0.340000,,,,,,,,,,,,,2.576,,,,
184,1,,,-73.9599900,40.8174383,2026-01-24 21:28:40.000,_20260124_162539_CH01_REF_TMO-AUTO_HTTP SS UL_NJ DUT REF_L3.dml,,,,N41(100)+N71(15),NR SA,378,-96.600000,0.320000,,,,,,,,,,,15.729,,1.816,,,,
185,1,,,-73.9599900,40.8174383,2026-01-24 21:28:41.000,_20260124_162539_CH01_REF_TMO-AUTO_HTTP SS UL_NJ DUT REF_L3.dml,,,,N41(100)+N71(15),NR SA,378,-96.700000,1.340000,,,,,,,,,,,0.000,,2.464,,,,
186,1,,,-73.9599900,40.8174383,2026-01-24 21:28:42.000,_20260124_162539_CH01_REF_TMO-AUTO_HTTP SS UL_NJ DUT REF_L3.dml,,,,N41(100)+N71(15),NR SA,378,-98.050000,0.650000,,,,,,,,,,,0.000,,1.792,,,,
187,1,,,-73.9599900,40.8174383,2026-01-24 21:28:43.000,_20260124_162539_CH01_REF_TMO-AUTO_HTTP SS UL_NJ DUT REF_L3.dml,,,,N41(100)+N71(15),NR SA,378,-97.840000,0.410000,,,,,,,,,,,0.000,,0.000,,,,
188,1,,,-73.9599900,40.8174383,2026-01-24 21:28:44.000,_20260124_162539_CH01_REF_TMO-AUTO_HTTP SS UL_NJ DUT REF_L3.dml,,,,N41(100)+N71(15),NR SA,378,-96.400000,0.420000,,,,,,,,,,,0.000,,0.096,,,,
189,1,,,-73.9599900,40.8174383,2026-01-24 21:28:45.000,_20260124_162539_CH01_REF_TMO-AUTO_HTTP SS UL_NJ DUT REF_L3.dml,,,,N41(100)+N71(15),NR SA,378,-96.040000,1.120000,,,,,,,,,,,0.000,,1.752,,,,
190,1,,,-73.9599900,40.8174383,2026-01-24 21:28:46.000,_20260124_162539_CH01_REF_TMO-AUTO_HTTP SS UL_NJ DUT REF_L3.dml,,,,N41(100)+N71(15),NR SA,378,-96.500000,1.140000,,,,,,,,,,,0.000,,2.624,,,,
191,1,,,-73.9599900,40.8174383,2026-01-24 21:28:47.000,_20260124_162539_CH01_REF_TMO-AUTO_HTTP SS UL_NJ DUT REF_L3.dml,,,,N41(100)+N71(15),NR SA,378,-95.800000,2.380000,,,,,,,,,,,6.291,,2.888,,,,
192,1,,,-73.9599900,40.8174383,2026-01-24 21:28:48.000,_20260124_162539_CH01_REF_TMO-AUTO_HTTP SS UL_NJ DUT REF_L3.dml,,,,N41(100)+N71(15),NR SA,378,-96.000000,2.280000,,,,,,,,,,,0.000,,3.400,,,,
193,1,,,-73.9599900,40.8174383,2026-01-24 21:28:49.000,_20260124_162539_CH01_REF_TMO-AUTO_HTTP SS UL_NJ DUT REF_L3.dml,,,,N41(100)+N71(15),NR SA,378,-95.960000,2.620000,,,,,,,,,,,0.000,,2.792,,,,
194,1,,,-73.9599900,40.8174383,2026-01-24 21:28:50.000,_20260124_162539_CH01_REF_TMO-AUTO_HTTP SS UL_NJ DUT REF_L3.dml,,,,N41(100)+N71(15),NR SA,378,-96.260000,1.910000,,,,,,,,,,,0.000,,3.064,,,,
195,1,,,-73.9599900,40.8174383,2026-01-24 21:28:51.000,_20260124_162539_CH01_REF_TMO-AUTO_HTTP SS UL_NJ DUT REF_L3.dml,,,,N41(100)+N71(15),NR SA,378,-95.360000,2.580000,,,,,,,,,,,7.340,,2.656,,,,
196,1,,,-73.9599900,40.8174383,2026-01-24 21:28:52.000,_20260124_162539_CH01_REF_TMO-AUTO_HTTP SS UL_NJ DUT REF_L3.dml,,,,N41(100)+N71(15),NR SA,378,-94.840000,3.900000,,,,,,,,,,,0.000,,3.016,,,,
197,1,,,-73.9599900,40.8174383,2026-01-24 21:28:53.000,_20260124_162539_CH01_REF_TMO-AUTO_HTTP SS UL_NJ DUT REF_L3.dml,,,,N41(100)+N71(15),NR SA,378,-96.340000,2.760000,,,,,,,,,,,0.000,,2.496,,,,
198,1,,,-73.9599900,40.8174383,2026-01-24 21:28:54.000,_20260124_162539_CH01_REF_TMO-AUTO_HTTP SS UL_NJ DUT REF_L3.dml,,,,N41(100)+N71(15),NR SA,378,-95.000000,2.780000,,,,,,,,,,,0.000,,2.744,,,,
199,1,,,-73.9599900,40.8174383,2026-01-24 21:28:55.000,_20260124_162539_CH01_REF_TMO-AUTO_HTTP SS UL_NJ DUT REF_L3.dml,,,,N41(100)+N71(15),NR SA,378,-95.290000,3.240000,,,,,,,,,,,6.291,,2.560,,,,
200,1,,,-73.9599900,40.8174383,2026-01-24 21:28:56.000,_20260124_162539_CH01_REF_TMO-AUTO_HTTP SS UL_NJ DUT REF_L3.dml,,,,N41(100)+N71(15),NR SA,378,-95.580000,3.080000,,,,,,,,,,,0.000,,2.432,,,,
201,1,,,-73.9599900,40.8174383,2026-01-24 21:28:57.000,_20260124_162539_CH01_REF_TMO-AUTO_HTTP SS UL_NJ DUT REF_L3.dml,,,,N41(100)+N71(15),NR SA,378,-95.260000,3.200000,,,,,,,,,,,0.000,,2.968,,,,
202,1,,,-73.9599900,40.8174383,2026-01-24 21:28:58.000,_20260124_162539_CH01_REF_TMO-AUTO_HTTP SS UL_NJ DUT REF_L3.dml,,,,N41(100)+N71(15),NR SA,378,-95.910000,2.180000,,,,,,,,,,,0.000,,2.496,,,,
203,1,,,-73.9599900,40.8174383,2026-01-24 21:28:59.000,_20260124_162539_CH01_REF_TMO-AUTO_HTTP SS UL_NJ DUT REF_L3.dml,,,,N41(100)+N71(15),NR SA,378,-96.290000,2.470000,,,,,,,,,,,7.340,,,,,,
204,1,,,-73.9599900,40.8174383,2026-01-24 21:29:00.000,_20260124_162539_CH01_REF_TMO-AUTO_HTTP SS UL_NJ DUT REF_L3.dml,,,,N41(100)+N71(15),NR SA,378,-95.700000,3.080000,,,,,,,,,,,0.000,,1.728,,,,
205,1,,,-73.9599900,40.8174383,2026-01-24 21:29:01.000,_20260124_162539_CH01_REF_TMO-AUTO_HTTP SS UL_NJ DUT REF_L3.dml,,,,N41(100)+N71(15),NR SA,378,-94.260000,4.080000,,,,,,,,,,,0.000,,2.664,,,,
206,1,,,-73.9599900,40.8174383,2026-01-24 21:29:02.000,_20260124_162539_CH01_REF_TMO-AUTO_HTTP SS UL_NJ DUT REF_L3.dml,,,,N41(100)+N71(15),NR SA,378,-95.200000,3.120000,,,,,,,,,,,6.291,,2.696,,,,
207,1,,,-73.9599900,40.8174383,2026-01-24 21:29:03.000,_20260124_162539_CH01_REF_TMO-AUTO_HTTP SS UL_NJ DUT REF_L3.dml,,,,N41(100)+N71(15),NR SA,378,-95.300000,3.240000,,,,,,,,,,,0.000,,2.408,,,,
208,1,,,-73.9599900,40.8174383,2026-01-24 21:29:04.000,_20260124_162539_CH01_REF_TMO-AUTO_HTTP SS UL_NJ DUT REF_L3.dml,,,,N41(100)+N71(15),NR SA,378,-95.000000,3.640000,,,,,,,,,,,0.000,,2.504,,,,
209,1,,,-73.9599900,40.8174383,2026-01-24 21:29:05.000,_20260124_162539_CH01_REF_TMO-AUTO_HTTP SS UL_NJ DUT REF_L3.dml,,,,N41(100)+N71(15),NR SA,378,-95.110000,3.130000,,,,,,,,,,,0.000,,2.328,,,,
210,1,,,-73.9599900,40.8174383,2026-01-24 21:29:06.000,_20260124_162539_CH01_REF_TMO-AUTO_HTTP SS UL_NJ DUT REF_L3.dml,,,,N41(100)+N71(15),NR SA,378,-95.180000,2.920000,,,,,,,,,,,0.000,,2.376,,,,
211,1,,,-73.9599900,40.8174383,2026-01-24 21:29:07.000,_20260124_162539_CH01_REF_TMO-AUTO_HTTP SS UL_NJ DUT REF_L3.dml,,,,N41(100)+N71(15),NR SA,378,-95.030000,2.670000,,,,,,,,,,,7.340,,2.104,,,,
212,1,,,-73.9599900,40.8174383,2026-01-24 21:29:08.000,_20260124_162539_CH01_REF_TMO-AUTO_HTTP SS UL_NJ DUT REF_L3.dml,,,,N41(100)+N71(15),NR SA,378,-95.620000,2.520000,,,,,,,,,,,0.000,,2.896,,,,
213,1,,,-73.9599900,40.8174383,2026-01-24 21:29:09.000,_20260124_162539_CH01_REF_TMO-AUTO_HTTP SS UL_NJ DUT REF_L3.dml,,,,N41(100)+N71(15),NR SA,378,-95.440000,2.520000,,,,,,,,,,,0.000,,2.944,,,,
214,1,,,-73.9599900,40.8174383,2026-01-24 21:29:10.000,_20260124_162539_CH01_REF_TMO-AUTO_HTTP SS UL_NJ DUT REF_L3.dml,,,,N41(100)+N71(15),NR SA,378,-95.800000,2.480000,,,,,,,,,,,0.000,,2.696,,,,
215,1,,,-73.9599900,40.8174383,2026-01-24 21:29:11.000,_20260124_162539_CH01_REF_TMO-AUTO_HTTP SS UL_NJ DUT REF_L3.dml,,,,N41(100)+N71(15),NR SA,378,-95.520000,2.760000,,,,,,,,,,,6.291,,2.272,,,,
216,1,,,-73.9599900,40.8174383,2026-01-24 21:29:12.000,_20260124_162539_CH01_REF_TMO-AUTO_HTTP SS UL_NJ DUT REF_L3.dml,,,,N41(100)+N71(15),NR SA,378,-95.960000,2.840000,,,,,,,,,,,0.000,,2.464,,,,
217,1,,,-73.9599900,40.8174383,2026-01-24 21:29:13.000,_20260124_162539_CH01_REF_TMO-AUTO_HTTP SS UL_NJ DUT REF_L3.dml,,,,N41(100)+N71(15),NR SA,378,-96.450000,2.570000,,,,,,,,,,,0.000,,2.848,,,,
218,1,,,-73.9599900,40.8174383,2026-01-24 21:29:14.000,_20260124_162539_CH01_REF_TMO-AUTO_HTTP SS UL_NJ DUT REF_L3.dml,,,,N41(100)+N71(15),NR SA,378,-95.840000,3.420000,,,,,,,,,,,0.000,,2.552,,,,
219,1,,,-73.9599900,40.8174383,2026-01-24 21:29:15.000,_20260124_162539_CH01_REF_TMO-AUTO_HTTP SS UL_NJ DUT REF_L3.dml,,,,N41(100)+N71(15),NR SA,378,-95.140000,3.110000,,,,,,,,,,,0.000,,2.248,,,,
220,1,,,-73.9599900,40.8174383,2026-01-24 21:29:16.000,_20260124_162539_CH01_REF_TMO-AUTO_HTTP SS UL_NJ DUT REF_L3.dml,,,,N41(100)+N71(15),NR SA,378,-95.320000,2.880000,,,,,,,,,,,0.000,,2.048,,,,
221,1,,,-73.9599900,40.8174383,2026-01-24 21:29:17.000,_20260124_162539_CH01_REF_TMO-AUTO_HTTP SS UL_NJ DUT REF_L3.dml,,,,N41(100)+N71(15),NR SA,378,-96.000000,2.780000,,,,,,,,,,,7.340,,2.264,,,,
222,1,,,-73.9599900,40.8174383,2026-01-24 21:29:18.000,_20260124_162539_CH01_REF_TMO-AUTO_HTTP SS UL_NJ DUT REF_L3.dml,,,,N41(100)+N71(15),NR SA,378,-95.820000,2.680000,,,,,,,,,,,0.000,,2.704,,,,
223,1,,,-73.9599900,40.8174383,2026-01-24 21:29:19.000,_20260124_162539_CH01_REF_TMO-AUTO_HTTP SS UL_NJ DUT REF_L3.dml,,,,N41(100)+N71(15),NR SA,378,-95.620000,2.620000,,,,,,,,,,,0.000,,2.288,,,,
224,1,,,-73.9599900,40.8174383,2026-01-24 21:29:20.000,_20260124_162539_CH01_REF_TMO-AUTO_HTTP SS UL_NJ DUT REF_L3.dml,,,,N41(100)+N71(15),NR SA,378,-95.100000,3.580000,,,,,,,,,,,6.291,,2.568,,,,
225,1,,,-73.9599900,40.8174383,2026-01-24 21:29:21.000,_20260124_162539_CH01_REF_TMO-AUTO_HTTP SS UL_NJ DUT REF_L3.dml,,,,N41(100)+N71(15),NR SA,378,-95.020000,3.570000,,,,,,,,,,,0.000,,2.400,,,,
226,1,,,-73.9599900,40.8174383,2026-01-24 21:29:22.000,_20260124_162539_CH01_REF_TMO-AUTO_HTTP SS UL_NJ DUT REF_L3.dml,,,,N41(100)+N71(15),NR SA,378,-95.000000,4.550000,,,,,,,,,,,0.000,,2.304,,,,
227,1,,,-73.9599900,40.8174383,2026-01-24 21:29:23.000,_20260124_162539_CH01_REF_TMO-AUTO_HTTP SS UL_NJ DUT REF_L3.dml,,,,N41(100)+N71(15),NR SA,378,-95.000000,3.370000,,,,,,,,,,,0.000,,2.408,,,,
228,1,,,-73.9599900,40.8174383,2026-01-24 21:29:24.000,_20260124_162539_CH01_REF_TMO-AUTO_HTTP SS UL_NJ DUT REF_L3.dml,,,,N41(100)+N71(15),NR SA,378,-95.360000,3.940000,,,,,,,,,,,0.000,,2.360,,,,
229,1,,,-73.9599900,40.8174383,2026-01-24 21:29:25.000,_20260124_162539_CH01_REF_TMO-AUTO_HTTP SS UL_NJ DUT REF_L3.dml,,,,N41(100)+N71(15),NR SA,378,-94.820000,3.580000,,,,,,,,,,,7.340,,2.344,,,,
230,1,,,-73.9599900,40.8174383,2026-01-24 21:29:26.000,_20260124_162539_CH01_REF_TMO-AUTO_HTTP SS UL_NJ DUT REF_L3.dml,,,,N41(100)+N71(15),NR SA,378,-94.700000,4.300000,,,,,,,,,,,0.000,,2.136,,,,
231,1,,,-73.9599900,40.8174383,2026-01-24 21:29:27.000,_20260124_162539_CH01_REF_TMO-AUTO_HTTP SS UL_NJ DUT REF_L3.dml,,,,N41(100)+N71(15),NR SA,378,-94.420000,3.920000,,,,,,,,,,,0.000,,2.704,,,,
232,1,,,-73.9599900,40.8174383,2026-01-24 21:29:28.000,_20260124_162539_CH01_REF_TMO-AUTO_HTTP SS UL_NJ DUT REF_L3.dml,,,,N41(100)+N71(15),NR SA,378,-95.240000,4.220000,,,,,,,,,,,0.000,,2.736,,,,
233,1,,,-73.9599900,40.8174383,2026-01-24 21:29:29.000,_20260124_162539_CH01_REF_TMO-AUTO_HTTP SS UL_NJ DUT REF_L3.dml,,,,N41(100)+N71(15),NR SA,378,-95.180000,3.600000,,,,,,,,,,,6.291,,3.048,,,,
234,1,,,-73.9599900,40.8174383,2026-01-24 21:29:30.000,_20260124_162539_CH01_REF_TMO-AUTO_HTTP SS UL_NJ DUT REF_L3.dml,,,,N41(100)+N71(15),NR SA,378,-94.260000,3.580000,,,,,,,,,,,0.000,,2.096,,,,
235,1,,,-73.9599900,40.8174383,2026-01-24 21:29:31.000,_20260124_162539_CH01_REF_TMO-AUTO_HTTP SS UL_NJ DUT REF_L3.dml,,,,N41(100)+N71(15),NR SA,378,-94.600000,4.160000,,,,,,,,,,,0.000,,2.320,,,,
236,1,,,-73.9599900,40.8174383,2026-01-24 21:29:32.000,_20260124_162539_CH01_REF_TMO-AUTO_HTTP SS UL_NJ DUT REF_L3.dml,,,,N41(100)+N71(15),NR SA,378,-94.700000,4.300000,,,,,,,,,,,0.000,,2.720,,,,
237,1,,,-73.9599900,40.8174383,2026-01-24 21:29:33.000,_20260124_162539_CH01_REF_TMO-AUTO_HTTP SS UL_NJ DUT REF_L3.dml,,,,N41(100)+N71(15),NR SA,378,-97.620000,2.080000,,,,,,,,,,,6.291,,2.648,,,,
238,1,,,-73.9599900,40.8174383,2026-01-24 21:29:34.000,_20260124_162539_CH01_REF_TMO-AUTO_HTTP SS UL_NJ DUT REF_L3.dml,,,,N41(100)+N71(15),NR SA,378,-98.920000,-0.020000,,,,,,,,,,,0.000,,1.992,,,,
239,1,,,-73.9599900,40.8174383,2026-01-24 21:29:35.000,_20260124_162539_CH01_REF_TMO-AUTO_HTTP SS UL_NJ DUT REF_L3.dml,,,,N41(100)+N71(15),NR SA,378,-96.920000,0.780000,,,,,,,,,,,0.000,,1.480,,,,
240,1,,,-73.9599900,40.8174383,2026-01-24 21:29:36.000,_20260124_162539_CH01_REF_TMO-AUTO_HTTP SS UL_NJ DUT REF_L3.dml,,,,N41(100)+N71(15),NR SA,378,-96.000000,2.300000,,,,,,,,,,,0.000,,2.384,,,,
241,1,,,-73.9599900,40.8174383,2026-01-24 21:29:37.000,_20260124_162539_CH01_REF_TMO-AUTO_HTTP SS UL_NJ DUT REF_L3.dml,,,,N41(100)+N71(15),NR SA,378,-96.120000,2.300000,,,,,,,,,,,0.000,,2.936,,,,
242,1,,,-73.9599900,40.8174383,2026-01-24 21:29:38.000,_20260124_162539_CH01_REF_TMO-AUTO_HTTP SS UL_NJ DUT REF_L3.dml,,,,N41(100)+N71(15),NR SA,378,-95.200000,2.720000,,,,,,,,,,,7.340,,3.208,,,,
243,1,,,-73.9599900,40.8174383,2026-01-24 21:29:39.000,_20260124_162539_CH01_REF_TMO-AUTO_HTTP SS UL_NJ DUT REF_L3.dml,,,,N41(100)+N71(15),NR SA,378,-94.260000,3.740000,,,,,,,,,,,0.000,,3.000,,,,
244,1,,,-73.9599900,40.8174383,2026-01-24 21:29:40.000,_20260124_162539_CH01_REF_TMO-AUTO_HTTP SS UL_NJ DUT REF_L3.dml,,,,N41(100)+N71(15),NR SA,378,-94.860000,2.860000,,,,,,,,,,,,,3.288,,,,
245,1,,,-73.9599900,40.8174383,2026-01-24 21:29:41.000,_20260124_162539_CH01_REF_TMO-AUTO_HTTP SS UL_NJ DUT REF_L3.dml,,,,N41(100)+N71(15),NR SA,378,-94.380000,3.420000,,,,,,,,,,,0.000,,2.624,,,,
246,1,,,-73.9599900,40.8174383,2026-01-24 21:29:42.000,_20260124_162539_CH01_REF_TMO-AUTO_HTTP SS UL_NJ DUT REF_L3.dml,,,,N41(100)+N71(15),NR SA,378,-94.440000,2.980000,,,,,,,,,,,6.291,,2.200,,,,
247,1,,,-73.9599900,40.8174383,2026-01-24 21:29:43.000,_20260124_162539_CH01_REF_TMO-AUTO_HTTP SS UL_NJ DUT REF_L3.dml,,,,N41(100)+N71(15),NR SA,378,-94.400000,4.500000,,,,,,,,,,,0.000,,2.472,,,,
248,1,,,-73.9599900,40.8174383,2026-01-24 21:29:44.000,_20260124_162539_CH01_REF_TMO-AUTO_HTTP SS UL_NJ DUT REF_L3.dml,,,,N41(100)+N71(15),NR SA,378,-96.800000,1.200000,,,,,,,,,,,0.000,,3.024,,,,
249,1,,,-73.9599900,40.8174383,2026-01-24 21:29:45.000,_20260124_162539_CH01_REF_TMO-AUTO_HTTP SS UL_NJ DUT REF_L3.dml,,,,N41(100)+N71(15),NR SA,378,-95.220000,2.440000,,,,,,,,,,,0.000,,2.704,,,,
250,1,,,-73.9599900,40.8174383,2026-01-24 21:29:46.000,_20260124_162539_CH01_REF_TMO-AUTO_HTTP SS UL_NJ DUT REF_L3.dml,,,,N41(100)+N71(15),NR SA,378,-94.840000,4.000000,,,,,,,,,,,7.340,,3.040,,,,
251,1,,,-73.9599900,40.8174383,2026-01-24 21:29:47.000,_20260124_162539_CH01_REF_TMO-AUTO_HTTP SS UL_NJ DUT REF_L3.dml,,,,N41(100)+N71(15),NR SA,378,-96.700000,1.700000,,,,,,,,,,,0.000,,2.872,,,,
252,1,,,-73.9599900,40.8174383,2026-01-24 21:29:48.000,_20260124_162539_CH01_REF_TMO-AUTO_HTTP SS UL_NJ DUT REF_L3.dml,,,,N41(100)+N71(15),NR SA,378,-96.980000,0.780000,,,,,,,,,,,0.000,,2.440,,,,
253,1,,,-73.9599900,40.8174383,2026-01-24 21:29:48.650,_20260124_162539_CH01_REF_TMO-AUTO_HTTP SS UL_NJ DUT REF_L3.dml,,,,,,,,,,,,,,,Upload Ended,,,,,,,,,,
254,1,,,-73.9599900,40.8174383,2026-01-24 21:29:49.000,_20260124_162539_CH01_REF_TMO-AUTO_HTTP SS UL_NJ DUT REF_L3.dml,,,,N41(100)+N71(15),NR SA,378,-95.540000,2.260000,,,,,,,,,,,0.000,,2.664,,,,
255,1,,,-73.9599900,40.8174383,2026-01-24 21:29:50.000,_20260124_162539_CH01_REF_TMO-AUTO_HTTP SS UL_NJ DUT REF_L3.dml,,,,N41(100)+N71(15),NR SA,378,-95.000000,3.280000,,,,,,,,,,,2.838,,3.168,,,,
256,1,,,-73.9599900,40.8174383,2026-01-24 21:29:51.000,_20260124_162539_CH01_REF_TMO-AUTO_HTTP SS UL_NJ DUT REF_L3.dml,,,,N41(100)+N71(15),,378,-94.880000,3.320000,,,,,,,,,,,,,2.704,,,,
257,1,,,-73.9599900,40.8174383,2026-01-24 21:29:52.000,_20260124_162539_CH01_REF_TMO-AUTO_HTTP SS UL_NJ DUT REF_L3.dml,,,,N41(100)+N71(15),,378,-94.720000,3.860000,,,,,,,,,,,,,2.416,,,,
258,1,,,-73.9599900,40.8174383,2026-01-24 21:29:53.000,_20260124_162539_CH01_REF_TMO-AUTO_HTTP SS UL_NJ DUT REF_L3.dml,,,,N41(100)+N71(15),,378,-94.440000,3.340000,,,,,,,,,,,,,3.016,,,,
259,1,,,-73.9599900,40.8174383,2026-01-24 21:29:54.000,_20260124_162539_CH01_REF_TMO-AUTO_HTTP SS UL_NJ DUT REF_L3.dml,,,,N41(100)+N71(15),,378,-95.160000,2.820000,,,,,,,,,,,,,2.808,,,,
260,1,,,-73.9599900,40.8174383,2026-01-24 21:29:54.073,_20260124_162539_CH01_REF_TMO-AUTO_HTTP SS UL_NJ DUT REF_L3.dml,,,,,,,,,,,,,,,Upload Start Request,,,,,,,,,,
261,1,,,-73.9599900,40.8174383,2026-01-24 21:29:54.260,_20260124_162539_CH01_REF_TMO-AUTO_HTTP SS UL_NJ DUT REF_L3.dml,,,,,,,,,,,,,,,Upload Started,,,,,,,,,,
262,1,,,-73.9599900,40.8174383,2026-01-24 21:29:55.000,_20260124_162539_CH01_REF_TMO-AUTO_HTTP SS UL_NJ DUT REF_L3.dml,,,,N41(100)+N71(15),NR SA,378,-95.220000,2.940000,,,,,,,,,,,,,2.864,,,,
263,1,,,-73.9599900,40.8174383,2026-01-24 21:29:56.000,_20260124_162539_CH01_REF_TMO-AUTO_HTTP SS UL_NJ DUT REF_L3.dml,,,,N41(100)+N71(15),NR SA,378,-95.180000,2.620000,,,,,,,,,,,,,1.656,,,,
264,1,,,-73.9599900,40.8174383,2026-01-24 21:29:57.000,_20260124_162539_CH01_REF_TMO-AUTO_HTTP SS UL_NJ DUT REF_L3.dml,,,,N41(100)+N71(15),NR SA,378,-95.280000,3.060000,,,,,,,,,,,15.729,,2.968,,,,
265,1,,,-73.9599900,40.8174383,2026-01-24 21:29:58.000,_20260124_162539_CH01_REF_TMO-AUTO_HTTP SS UL_NJ DUT REF_L3.dml,,,,N41(100)+N71(15),NR SA,378,-95.240000,2.060000,,,,,,,,,,,0.000,,2.424,,,,
266,1,,,-73.9599900,40.8174383,2026-01-24 21:29:59.000,_20260124_162539_CH01_REF_TMO-AUTO_HTTP SS UL_NJ DUT REF_L3.dml,,,,N41(100)+N71(15),NR SA,378,-95.280000,2.680000,,,,,,,,,,,0.000,,0.552,,,,
267,1,,,-73.9599900,40.8174383,2026-01-24 21:30:00.000,_20260124_162539_CH01_REF_TMO-AUTO_HTTP SS UL_NJ DUT REF_L3.dml,,,,N41(100)+N71(15),NR SA,378,-96.000000,2.520000,,,,,,,,,,,0.000,,,,,,
268,1,,,-73.9599900,40.8174383,2026-01-24 21:30:01.000,_20260124_162539_CH01_REF_TMO-AUTO_HTTP SS UL_NJ DUT REF_L3.dml,,,,N41(100)+N71(15),NR SA,378,-95.420000,3.240000,,,,,,,,,,,0.000,,0.000,,,,
269,1,,,-73.9599900,40.8174383,2026-01-24 21:30:02.000,_20260124_162539_CH01_REF_TMO-AUTO_HTTP SS UL_NJ DUT REF_L3.dml,,,,N41(100)+N71(15),NR SA,378,-95.080000,3.740000,,,,,,,,,,,0.000,,2.272,,,,
270,1,,,-73.9599900,40.8174383,2026-01-24 21:30:03.000,_20260124_162539_CH01_REF_TMO-AUTO_HTTP SS UL_NJ DUT REF_L3.dml,,,,N41(100)+N71(15),NR SA,378,-96.340000,2.740000,,,,,,,,,,,0.000,,2.424,,,,
271,1,,,-73.9599900,40.8174383,2026-01-24 21:30:04.000,_20260124_162539_CH01_REF_TMO-AUTO_HTTP SS UL_NJ DUT REF_L3.dml,,,,N41(100)+N71(15),NR SA,378,-95.540000,2.780000,,,,,,,,,,,0.000,,2.096,,,,
272,1,,,-73.9599900,40.8174383,2026-01-24 21:30:05.000,_20260124_162539_CH01_REF_TMO-AUTO_HTTP SS UL_NJ DUT REF_L3.dml,,,,N41(100)+N71(15),NR SA,378,-95.580000,2.900000,,,,,,,,,,,0.000,,2.008,,,,
273,1,,,-73.9599900,40.8174383,2026-01-24 21:30:06.000,_20260124_162539_CH01_REF_TMO-AUTO_HTTP SS UL_NJ DUT REF_L3.dml,,,,N41(100)+N71(15),NR SA,378,-97.020000,0.840000,,,,,,,,,,,0.000,,1.632,,,,
274,1,,,-73.9599900,40.8174383,2026-01-24 21:30:07.000,_20260124_162539_CH01_REF_TMO-AUTO_HTTP SS UL_NJ DUT REF_L3.dml,,,,N41(100)+N71(15),NR SA,378,-95.980000,2.220000,,,,,,,,,,,8.380,,2.472,,,,
275,1,,,-73.9599900,40.8174383,2026-01-24 21:30:08.000,_20260124_162539_CH01_REF_TMO-AUTO_HTTP SS UL_NJ DUT REF_L3.dml,,,,N41(100)+N71(15),NR SA,378,-95.420000,1.980000,,,,,,,,,,,0.000,,2.448,,,,
276,1,,,-73.9599900,40.8174383,2026-01-24 21:30:09.000,_20260124_162539_CH01_REF_TMO-AUTO_HTTP SS UL_NJ DUT REF_L3.dml,,,,N41(100)+N71(15),NR SA,378,-94.900000,1.920000,,,,,,,,,,,0.000,,2.960,,,,
277,1,,,-73.9599900,40.8174383,2026-01-24 21:30:10.000,_20260124_162539_CH01_REF_TMO-AUTO_HTTP SS UL_NJ DUT REF_L3.dml,,,,N41(100)+N71(15),NR SA,378,-95.460000,2.220000,,,,,,,,,,,5.243,,2.344,,,,
278,1,,,-73.9599900,40.8174383,2026-01-24 21:30:11.000,_20260124_162539_CH01_REF_TMO-AUTO_HTTP SS UL_NJ DUT REF_L3.dml,,,,N41(100)+N71(15),NR SA,378,-95.700000,1.700000,,,,,,,,,,,0.000,,3.032,,,,
279,1,,,-73.9599900,40.8174383,2026-01-24 21:30:12.000,_20260124_162539_CH01_REF_TMO-AUTO_HTTP SS UL_NJ DUT REF_L3.dml,,,,N41(100)+N71(15),NR SA,378,-95.760000,2.500000,,,,,,,,,,,0.000,,3.048,,,,
280,1,,,-73.9599900,40.8174383,2026-01-24 21:30:13.000,_20260124_162539_CH01_REF_TMO-AUTO_HTTP SS UL_NJ DUT REF_L3.dml,,,,N41(100)+N71(15),NR SA,378,-95.660000,1.700000,,,,,,,,,,,6.291,,3.000,,,,
281,1,,,-73.9599900,40.8174383,2026-01-24 21:30:14.000,_20260124_162539_CH01_REF_TMO-AUTO_HTTP SS UL_NJ DUT REF_L3.dml,,,,N41(100)+N71(15),NR SA,378,-95.540000,2.120000,,,,,,,,,,,0.000,,2.768,,,,
282,1,,,-73.9599900,40.8174383,2026-01-24 21:30:15.000,_20260124_162539_CH01_REF_TMO-AUTO_HTTP SS UL_NJ DUT REF_L3.dml,,,,N41(100)+N71(15),NR SA,378,-94.580000,2.180000,,,,,,,,,,,0.000,,2.216,,,,
283,1,,,-73.9599900,40.8174383,2026-01-24 21:30:16.000,_20260124_162539_CH01_REF_TMO-AUTO_HTTP SS UL_NJ DUT REF_L3.dml,,,,N41(100)+N71(15),NR SA,378,-94.600000,3.220000,,,,,,,,,,,0.000,,1.856,,,,
284,1,,,-73.9599900,40.8174383,2026-01-24 21:30:17.000,_20260124_162539_CH01_REF_TMO-AUTO_HTTP SS UL_NJ DUT REF_L3.dml,,,,N41(100)+N71(15),NR SA,378,-95.280000,2.820000,,,,,,,,,,,0.000,,2.376,,,,
285,1,,,-73.9599900,40.8174383,2026-01-24 21:30:18.000,_20260124_162539_CH01_REF_TMO-AUTO_HTTP SS UL_NJ DUT REF_L3.dml,,,,N41(100)+N71(15),NR SA,378,-95.020000,3.060000,,,,,,,,,,,5.243,,2.944,,,,
286,1,,,-73.9599900,40.8174383,2026-01-24 21:30:19.000,_20260124_162539_CH01_REF_TMO-AUTO_HTTP SS UL_NJ DUT REF_L3.dml,,,,N41(100)+N71(15),NR SA,378,-95.840000,2.680000,,,,,,,,,,,6.291,,2.696,,,,
287,1,,,-73.9599900,40.8174383,2026-01-24 21:30:20.000,_20260124_162539_CH01_REF_TMO-AUTO_HTTP SS UL_NJ DUT REF_L3.dml,,,,N41(100)+N71(15),NR SA,378,-97.260000,1.160000,,,,,,,,,,,0.000,,2.120,,,,
288,1,,,-73.9599900,40.8174383,2026-01-24 21:30:21.000,_20260124_162539_CH01_REF_TMO-AUTO_HTTP SS UL_NJ DUT REF_L3.dml,,,,N41(100)+N71(15),NR SA,378,-94.980000,2.580000,,,,,,,,,,,0.000,,2.432,,,,
289,1,,,-73.9599900,40.8174383,2026-01-24 21:30:22.000,_20260124_162539_CH01_REF_TMO-AUTO_HTTP SS UL_NJ DUT REF_L3.dml,,,,N41(100)+N71(15),NR SA,378,-95.040000,3.300000,,,,,,,,,,,0.000,,2.144,,,,
290,1,,,-73.9599900,40.8174383,2026-01-24 21:30:23.000,_20260124_162539_CH01_REF_TMO-AUTO_HTTP SS UL_NJ DUT REF_L3.dml,,,,N41(100)+N71(15),NR SA,378,-94.980000,3.720000,,,,,,,,,,,5.248,,2.616,,,,
291,1,,,-73.9599900,40.8174383,2026-01-24 21:30:24.000,_20260124_162539_CH01_REF_TMO-AUTO_HTTP SS UL_NJ DUT REF_L3.dml,,,,N41(100)+N71(15),NR SA,378,-94.360000,3.940000,,,,,,,,,,,0.000,,2.696,,,,
292,1,,,-73.9599900,40.8174383,2026-01-24 21:30:25.000,_20260124_162539_CH01_REF_TMO-AUTO_HTTP SS UL_NJ DUT REF_L3.dml,,,,N41(100)+N71(15),NR SA,378,-93.980000,3.800000,,,,,,,,,,,0.000,,2.696,,,,
293,1,,,-73.9599900,40.8174383,2026-01-24 21:30:26.000,_20260124_162539_CH01_REF_TMO-AUTO_HTTP SS UL_NJ DUT REF_L3.dml,,,,N41(100)+N71(15),NR SA,378,-95.560000,2.500000,,,,,,,,,,,0.000,,2.824,,,,
294,1,,,-73.9599900,40.8174383,2026-01-24 21:30:27.000,_20260124_162539_CH01_REF_TMO-AUTO_HTTP SS UL_NJ DUT REF_L3.dml,,,,N41(100)+N71(15),NR SA,378,-95.540000,2.720000,,,,,,,,,,,6.291,,2.480,,,,
295,1,,,-73.9599900,40.8174383,2026-01-24 21:30:28.000,_20260124_162539_CH01_REF_TMO-AUTO_HTTP SS UL_NJ DUT REF_L3.dml,,,,N41(100)+N71(15),NR SA,378,-95.700000,2.280000,,,,,,,,,,,0.000,,2.696,,,,
296,1,,,-73.9599900,40.8174383,2026-01-24 21:30:29.000,_20260124_162539_CH01_REF_TMO-AUTO_HTTP SS UL_NJ DUT REF_L3.dml,,,,N41(100)+N71(15),NR SA,378,-95.860000,2.580000,,,,,,,,,,,0.000,,2.560,,,,
297,1,,,-73.9599900,40.8174383,2026-01-24 21:30:30.000,_20260124_162539_CH01_REF_TMO-AUTO_HTTP SS UL_NJ DUT REF_L3.dml,,,,N41(100)+N71(15),NR SA,378,-96.020000,2.130000,,,,,,,,,,,5.243,,2.920,,,,
298,1,,,-73.9599900,40.8174383,2026-01-24 21:30:31.000,_20260124_162539_CH01_REF_TMO-AUTO_HTTP SS UL_NJ DUT REF_L3.dml,,,,N41(100)+N71(15),NR SA,378,-96.840000,2.690000,,,,,,,,,,,0.000,,2.288,,,,
299,1,,,-73.9599900,40.8174383,2026-01-24 21:30:32.000,_20260124_162539_CH01_REF_TMO-AUTO_HTTP SS UL_NJ DUT REF_L3.dml,,,,N41(100)+N71(15),NR SA,378,-97.840000,2.160000,,,,,,,,,,,0.000,,2.528,,,,
300,1,,,-73.9599900,40.8174383,2026-01-24 21:30:33.000,_20260124_162539_CH01_REF_TMO-AUTO_HTTP SS UL_NJ DUT REF_L3.dml,,,,N41(100)+N71(15),NR SA,378,-98.080000,3.080000,,,,,,,,,,,0.000,,3.144,,,,
301,1,,,-73.9599900,40.8174383,2026-01-24 21:30:34.000,_20260124_162539_CH01_REF_TMO-AUTO_HTTP SS UL_NJ DUT REF_L3.dml,,,,N41(100)+N71(15),NR SA,378,-97.180000,3.640000,,,,,,,,,,,0.000,,2.896,,,,
302,1,,,-73.9599900,40.8174383,2026-01-24 21:30:35.000,_20260124_162539_CH01_REF_TMO-AUTO_HTTP SS UL_NJ DUT REF_L3.dml,,,,N41(100)+N71(15),NR SA,378,-97.100000,3.000000,,,,,,,,,,,9.437,,2.672,,,,
303,1,,,-73.9599900,40.8174383,2026-01-24 21:30:36.000,_20260124_162539_CH01_REF_TMO-AUTO_HTTP SS UL_NJ DUT REF_L3.dml,,,,N41(100)+N71(15),NR SA,378,-97.040000,2.720000,,,,,,,,,,,0.000,,2.280,,,,
304,1,,,-73.9599900,40.8174383,2026-01-24 21:30:37.000,_20260124_162539_CH01_REF_TMO-AUTO_HTTP SS UL_NJ DUT REF_L3.dml,,,,N41(100)+N71(15),NR SA,378,-97.040000,3.340000,,,,,,,,,,,0.000,,2.056,,,,
305,1,,,-73.9599900,40.8174383,2026-01-24 21:30:38.000,_20260124_162539_CH01_REF_TMO-AUTO_HTTP SS UL_NJ DUT REF_L3.dml,,,,N41(100)+N71(15),NR SA,378,-96.840000,2.700000,,,,,,,,,,,5.243,,3.120,,,,
306,1,,,-73.9599900,40.8174383,2026-01-24 21:30:39.000,_20260124_162539_CH01_REF_TMO-AUTO_HTTP SS UL_NJ DUT REF_L3.dml,,,,N41(100)+N71(15),NR SA,378,-97.100000,2.980000,,,,,,,,,,,0.000,,2.976,,,,
307,1,,,-73.9599900,40.8174383,2026-01-24 21:30:40.000,_20260124_162539_CH01_REF_TMO-AUTO_HTTP SS UL_NJ DUT REF_L3.dml,,,,N41(100)+N71(15),NR SA,378,-96.920000,0.800000,,,,,,,,,,,0.000,,3.032,,,,
308,1,,,-73.9599900,40.8174383,2026-01-24 21:30:41.000,_20260124_162539_CH01_REF_TMO-AUTO_HTTP SS UL_NJ DUT REF_L3.dml,,,,N41(100)+N71(15),NR SA,378,-95.940000,2.560000,,,,,,,,,,,5.243,,3.472,,,,
309,1,,,-73.9599900,40.8174383,2026-01-24 21:30:42.000,_20260124_162539_CH01_REF_TMO-AUTO_HTTP SS UL_NJ DUT REF_L3.dml,,,,N41(100)+N71(15),NR SA,378,-95.440000,3.000000,,,,,,,,,,,0.000,,3.488,,,,
310,1,,,-73.9599900,40.8174383,2026-01-24 21:30:43.000,_20260124_162539_CH01_REF_TMO-AUTO_HTTP SS UL_NJ DUT REF_L3.dml,,,,N41(100)+N71(15),NR SA,378,-95.740000,3.000000,,,,,,,,,,,6.291,,3.280,,,,
311,1,,,-73.9599900,40.8174383,2026-01-24 21:30:44.000,_20260124_162539_CH01_REF_TMO-AUTO_HTTP SS UL_NJ DUT REF_L3.dml,,,,N41(100)+N71(15),NR SA,378,-95.820000,3.660000,,,,,,,,,,,0.000,,3.712,,,,
312,1,,,-73.9599900,40.8174383,2026-01-24 21:30:45.000,_20260124_162539_CH01_REF_TMO-AUTO_HTTP SS UL_NJ DUT REF_L3.dml,,,,N41(100)+N71(15),NR SA,378,-95.360000,3.560000,,,,,,,,,,,0.000,,3.776,,,,
313,1,,,-73.9599900,40.8174383,2026-01-24 21:30:46.000,_20260124_162539_CH01_REF_TMO-AUTO_HTTP SS UL_NJ DUT REF_L3.dml,,,,N41(100)+N71(15),NR SA,378,-95.220000,3.340000,,,,,,,,,,,5.238,,,,,,
314,1,,,-73.9599900,40.8174383,2026-01-24 21:30:47.000,_20260124_162539_CH01_REF_TMO-AUTO_HTTP SS UL_NJ DUT REF_L3.dml,,,,N41(100)+N71(15),NR SA,378,-95.400000,3.820000,,,,,,,,,,,0.000,,2.768,,,,
315,1,,,-73.9599900,40.8174383,2026-01-24 21:30:48.000,_20260124_162539_CH01_REF_TMO-AUTO_HTTP SS UL_NJ DUT REF_L3.dml,,,,N41(100)+N71(15),NR SA,378,-95.340000,3.240000,,,,,,,,,,,0.000,,3.168,,,,
316,1,,,-73.9599900,40.8174383,2026-01-24 21:30:49.000,_20260124_162539_CH01_REF_TMO-AUTO_HTTP SS UL_NJ DUT REF_L3.dml,,,,N41(100)+N71(15),NR SA,378,-95.440000,2.940000,,,,,,,,,,,7.347,,3.864,,,,
317,1,,,-73.9599900,40.8174383,2026-01-24 21:30:50.000,_20260124_162539_CH01_REF_TMO-AUTO_HTTP SS UL_NJ DUT REF_L3.dml,,,,N41(100)+N71(15),NR SA,378,-96.000000,3.060000,,,,,,,,,,,0.000,,3.000,,,,
318,1,,,-73.9599900,40.8174383,2026-01-24 21:30:51.000,_20260124_162539_CH01_REF_TMO-AUTO_HTTP SS UL_NJ DUT REF_L3.dml,,,,N41(100)+N71(15),NR SA,378,-96.000000,2.840000,,,,,,,,,,,0.000,,2.688,,,,
319,1,,,-73.9599900,40.8174383,2026-01-24 21:30:52.000,_20260124_162539_CH01_REF_TMO-AUTO_HTTP SS UL_NJ DUT REF_L3.dml,,,,N41(100)+N71(15),NR SA,378,-95.640000,3.000000,,,,,,,,,,,6.291,,2.784,,,,
320,1,,,-73.9599900,40.8174383,2026-01-24 21:30:53.000,_20260124_162539_CH01_REF_TMO-AUTO_HTTP SS UL_NJ DUT REF_L3.dml,,,,N41(100)+N71(15),NR SA,378,-95.400000,3.680000,,,,,,,,,,,0.000,,2.760,,,,
321,1,,,-73.9599900,40.8174383,2026-01-24 21:30:54.000,_20260124_162539_CH01_REF_TMO-AUTO_HTTP SS UL_NJ DUT REF_L3.dml,,,,N41(100)+N71(15),NR SA,378,-96.000000,3.920000,,,,,,,,,,,0.000,,2.824,,,,
322,1,,,-73.9599900,40.8174383,2026-01-24 21:30:55.000,_20260124_162539_CH01_REF_TMO-AUTO_HTTP SS UL_NJ DUT REF_L3.dml,,,,N41(100)+N71(15),NR SA,378,-96.020000,3.580000,,,,,,,,,,,0.000,,2.576,,,,
323,1,,,-73.9599900,40.8174383,2026-01-24 21:30:56.000,_20260124_162539_CH01_REF_TMO-AUTO_HTTP SS UL_NJ DUT REF_L3.dml,,,,N41(100)+N71(15),NR SA,378,-95.840000,4.120000,,,,,,,,,,,6.291,,3.032,,,,
324,1,,,-73.9599900,40.8174383,2026-01-24 21:30:57.000,_20260124_162539_CH01_REF_TMO-AUTO_HTTP SS UL_NJ DUT REF_L3.dml,,,,N41(100)+N71(15),NR SA,378,-95.920000,4.020000,,,,,,,,,,,0.000,,3.104,,,,
325,1,,,-73.9599900,40.8174383,2026-01-24 21:30:57.087,_20260124_162539_CH01_REF_TMO-AUTO_HTTP SS UL_NJ DUT REF_L3.dml,,,,,,,,,,,,,,,Upload Ended,,,,,,,,,,
326,1,,,-73.9599900,40.8174383,2026-01-24 21:30:58.000,_20260124_162539_CH01_REF_TMO-AUTO_HTTP SS UL_NJ DUT REF_L3.dml,,,,N41(100)+N71(15),NR SA,378,-95.800000,3.420000,,,,,,,,,,,5.799,,2.760,,,,
327,1,,,-73.9599900,40.8174383,2026-01-24 21:30:59.000,_20260124_162539_CH01_REF_TMO-AUTO_HTTP SS UL_NJ DUT REF_L3.dml,,,,N41(100)+N71(15),,378,-96.060000,3.680000,,,,,,,,,,,,,3.776,,,,
328,1,,,-73.9599900,40.8174383,2026-01-24 21:31:00.000,_20260124_162539_CH01_REF_TMO-AUTO_HTTP SS UL_NJ DUT REF_L3.dml,,,,N41(100)+N71(15),,378,-96.890000,3.620000,,,,,,,,,,,,,3.728,,,,
329,1,,,-73.9599900,40.8174383,2026-01-24 21:31:01.000,_20260124_162539_CH01_REF_TMO-AUTO_HTTP SS UL_NJ DUT REF_L3.dml,,,,N41(100)+N71(15),,378,-96.210000,4.170000,,,,,,,,,,,,,3.160,,,,
330,1,,,-73.9599900,40.8174383,2026-01-24 21:31:02.000,_20260124_162539_CH01_REF_TMO-AUTO_HTTP SS UL_NJ DUT REF_L3.dml,,,,N41(100)+N71(15),,378,-95.950000,4.180000,,,,,,,,,,,,,3.840,,,,
331,1,,,-73.9599900,40.8174383,2026-01-24 21:31:02.604,_20260124_162539_CH01_REF_TMO-AUTO_HTTP SS UL_NJ DUT REF_L3.dml,,,,,,,,,,,,,,,Upload Start Request,,,,,,,,,,
332,1,,,-73.9599900,40.8174383,2026-01-24 21:31:02.854,_20260124_162539_CH01_REF_TMO-AUTO_HTTP SS UL_NJ DUT REF_L3.dml,,,,,,,,,,,,,,,Upload Started,,,,,,,,,,
333,1,,,-73.9599900,40.8174383,2026-01-24 21:31:03.000,_20260124_162539_CH01_REF_TMO-AUTO_HTTP SS UL_NJ DUT REF_L3.dml,,,,N41(100)+N71(15),NR SA,378,-95.050000,3.970000,,,,,,,,,,,,,3.192,,,,
334,1,,,-73.9599900,40.8174383,2026-01-24 21:31:04.000,_20260124_162539_CH01_REF_TMO-AUTO_HTTP SS UL_NJ DUT REF_L3.dml,,,,N41(100)+N71(15),NR SA,378,-95.320000,4.180000,,,,,,,,,,,,,3.104,,,,
335,1,,,-73.9599900,40.8174383,2026-01-24 21:31:05.000,_20260124_162539_CH01_REF_TMO-AUTO_HTTP SS UL_NJ DUT REF_L3.dml,,,,N41(100)+N71(15),NR SA,378,-95.720000,2.820000,,,,,,,,,,,15.729,,2.728,,,,
336,1,,,-73.9599900,40.8174383,2026-01-24 21:31:06.000,_20260124_162539_CH01_REF_TMO-AUTO_HTTP SS UL_NJ DUT REF_L3.dml,,,,N41(100)+N71(15),NR SA,378,-95.920000,3.460000,,,,,,,,,,,7.340,,4.288,,,,
337,1,,,-73.9599900,40.8174383,2026-01-24 21:31:07.000,_20260124_162539_CH01_REF_TMO-AUTO_HTTP SS UL_NJ DUT REF_L3.dml,,,,N41(100)+N71(15),NR SA,378,-96.380000,2.840000,,,,,,,,,,,10.486,,4.032,,,,
338,1,,,-73.9599900,40.8174383,2026-01-24 21:31:08.000,_20260124_162539_CH01_REF_TMO-AUTO_HTTP SS UL_NJ DUT REF_L3.dml,,,,N41(100)+N71(15),NR SA,378,-97.180000,1.700000,,,,,,,,,,,0.000,,0.480,,,,
339,1,,,-73.9599900,40.8174383,2026-01-24 21:31:09.000,_20260124_162539_CH01_REF_TMO-AUTO_HTTP SS UL_NJ DUT REF_L3.dml,,,,N41(100)+N71(15),NR SA,378,-96.630000,2.300000,,,,,,,,,,,0.000,,0.120,,,,
340,1,,,-73.9599900,40.8174383,2026-01-24 21:31:10.000,_20260124_162539_CH01_REF_TMO-AUTO_HTTP SS UL_NJ DUT REF_L3.dml,,,,N41(100)+N71(15),NR SA,378,-94.690000,4.000000,,,,,,,,,,,0.000,,1.616,,,,
341,1,,,-73.9599900,40.8174383,2026-01-24 21:31:11.000,_20260124_162539_CH01_REF_TMO-AUTO_HTTP SS UL_NJ DUT REF_L3.dml,,,,N41(100)+N71(15),NR SA,378,-95.100000,2.580000,,,,,,,,,,,0.000,,2.480,,,,
342,1,,,-73.9599900,40.8174383,2026-01-24 21:31:12.000,_20260124_162539_CH01_REF_TMO-AUTO_HTTP SS UL_NJ DUT REF_L3.dml,,,,N41(100)+N71(15),NR SA,378,-94.930000,2.870000,,,,,,,,,,,0.000,,2.464,,,,
343,1,,,-73.9599900,40.8174383,2026-01-24 21:31:13.000,_20260124_162539_CH01_REF_TMO-AUTO_HTTP SS UL_NJ DUT REF_L3.dml,,,,N41(100)+N71(15),NR SA,378,-95.110000,2.220000,,,,,,,,,,,0.000,,3.112,,,,
344,1,,,-73.9599900,40.8174383,2026-01-24 21:31:14.000,_20260124_162539_CH01_REF_TMO-AUTO_HTTP SS UL_NJ DUT REF_L3.dml,,,,N41(100)+N71(15),NR SA,378,-96.090000,2.380000,,,,,,,,,,,0.000,,2.784,,,,
345,1,,,-73.9599900,40.8174383,2026-01-24 21:31:15.000,_20260124_162539_CH01_REF_TMO-AUTO_HTTP SS UL_NJ DUT REF_L3.dml,,,,N41(100)+N71(15),NR SA,378,-96.200000,0.730000,,,,,,,,,,,0.000,,2.512,,,,
346,1,,,-73.9599900,40.8174383,2026-01-24 21:31:16.000,_20260124_162539_CH01_REF_TMO-AUTO_HTTP SS UL_NJ DUT REF_L3.dml,,,,N41(100)+N71(15),NR SA,378,-97.040000,0.530000,,,,,,,,,,,11.534,,3.120,,,,
347,1,,,-73.9599900,40.8174383,2026-01-24 21:31:17.000,_20260124_162539_CH01_REF_TMO-AUTO_HTTP SS UL_NJ DUT REF_L3.dml,,,,N41(100)+N71(15),NR SA,378,-96.840000,0.240000,,,,,,,,,,,0.000,,2.416,,,,
348,1,,,-73.9599900,40.8174383,2026-01-24 21:31:18.000,_20260124_162539_CH01_REF_TMO-AUTO_HTTP SS UL_NJ DUT REF_L3.dml,,,,N41(100)+N71(15),NR SA,378,-96.400000,0.540000,,,,,,,,,,,0.000,,2.848,,,,
349,1,,,-73.9599900,40.8174383,2026-01-24 21:31:19.000,_20260124_162539_CH01_REF_TMO-AUTO_HTTP SS UL_NJ DUT REF_L3.dml,,,,N41(100)+N71(15),NR SA,378,-96.000000,1.200000,,,,,,,,,,,0.000,,2.600,,,,
350,1,,,-73.9599900,40.8174383,2026-01-24 21:31:20.000,_20260124_162539_CH01_REF_TMO-AUTO_HTTP SS UL_NJ DUT REF_L3.dml,,,,N41(100)+N71(15),NR SA,378,-96.260000,1.020000,,,,,,,,,,,0.000,,2.560,,,,
351,1,,,-73.9599900,40.8174383,2026-01-24 21:31:21.000,_20260124_162539_CH01_REF_TMO-AUTO_HTTP SS UL_NJ DUT REF_L3.dml,,,,N41(100)+N71(15),NR SA,378,-96.880000,1.780000,,,,,,,,,,,10.486,,2.296,,,,
352,1,,,-73.9599900,40.8174383,2026-01-24 21:31:22.000,_20260124_162539_CH01_REF_TMO-AUTO_HTTP SS UL_NJ DUT REF_L3.dml,,,,N41(100)+N71(15),NR SA,378,-95.420000,2.330000,,,,,,,,,,,0.000,,2.040,,,,
353,1,,,-73.9599900,40.8174383,2026-01-24 21:31:23.000,_20260124_162539_CH01_REF_TMO-AUTO_HTTP SS UL_NJ DUT REF_L3.dml,,,,N41(100)+N71(15),NR SA,378,-96.450000,1.910000,,,,,,,,,,,0.000,,2.048,,,,
354,1,,,-73.9599900,40.8174383,2026-01-24 21:31:24.000,_20260124_162539_CH01_REF_TMO-AUTO_HTTP SS UL_NJ DUT REF_L3.dml,,,,N41(100)+N71(15),NR SA,378,-96.560000,1.460000,,,,,,,,,,,0.000,,2.560,,,,
355,1,,,-73.9599900,40.8174383,2026-01-24 21:31:25.000,_20260124_162539_CH01_REF_TMO-AUTO_HTTP SS UL_NJ DUT REF_L3.dml,,,,N41(100)+N71(15),NR SA,378,-95.600000,1.620000,,,,,,,,,,,0.000,,2.752,,,,
356,1,,,-73.9599900,40.8174383,2026-01-24 21:31:26.000,_20260124_162539_CH01_REF_TMO-AUTO_HTTP SS UL_NJ DUT REF_L3.dml,,,,N41(100)+N71(15),NR SA,378,-95.800000,0.840000,,,,,,,,,,,0.000,,2.688,,,,
357,1,,,-73.9599900,40.8174383,2026-01-24 21:31:27.000,_20260124_162539_CH01_REF_TMO-AUTO_HTTP SS UL_NJ DUT REF_L3.dml,,,,N41(100)+N71(15),NR SA,378,-96.020000,1.960000,,,,,,,,,,,0.000,,2.504,,,,
358,1,,,-73.9599900,40.8174383,2026-01-24 21:31:28.000,_20260124_162539_CH01_REF_TMO-AUTO_HTTP SS UL_NJ DUT REF_L3.dml,,,,N41(100)+N71(15),NR SA,378,-95.140000,2.340000,,,,,,,,,,,11.534,,2.288,,,,
359,1,,,-73.9599900,40.8174383,2026-01-24 21:31:29.000,_20260124_162539_CH01_REF_TMO-AUTO_HTTP SS UL_NJ DUT REF_L3.dml,,,,N41(100)+N71(15),NR SA,378,-96.300000,1.960000,,,,,,,,,,,0.000,,2.352,,,,
360,1,,,-73.9599900,40.8174383,2026-01-24 21:31:30.000,_20260124_162539_CH01_REF_TMO-AUTO_HTTP SS UL_NJ DUT REF_L3.dml,,,,N41(100)+N71(15),NR SA,378,-96.490000,1.870000,,,,,,,,,,,0.000,,3.224,,,,
361,1,,,-73.9599900,40.8174383,2026-01-24 21:31:31.000,_20260124_162539_CH01_REF_TMO-AUTO_HTTP SS UL_NJ DUT REF_L3.dml,,,,N41(100)+N71(15),NR SA,378,-95.710000,1.780000,,,,,,,,,,,0.000,,3.216,,,,
362,1,,,-73.9599900,40.8174383,2026-01-24 21:31:32.000,_20260124_162539_CH01_REF_TMO-AUTO_HTTP SS UL_NJ DUT REF_L3.dml,,,,N41(100)+N71(15),NR SA,378,-95.560000,1.800000,,,,,,,,,,,11.534,,2.928,,,,
363,1,,,-73.9599900,40.8174383,2026-01-24 21:31:33.000,_20260124_162539_CH01_REF_TMO-AUTO_HTTP SS UL_NJ DUT REF_L3.dml,,,,N41(100)+N71(15),NR SA,378,-95.110000,2.910000,,,,,,,,,,,0.000,,2.984,,,,
364,1,,,-73.9599900,40.8174383,2026-01-24 21:31:34.000,_20260124_162539_CH01_REF_TMO-AUTO_HTTP SS UL_NJ DUT REF_L3.dml,,,,N41(100)+N71(15),NR SA,378,-96.320000,0.950000,,,,,,,,,,,0.000,,2.904,,,,
365,1,,,-73.9599900,40.8174383,2026-01-24 21:31:35.000,_20260124_162539_CH01_REF_TMO-AUTO_HTTP SS UL_NJ DUT REF_L3.dml,,,,N41(100)+N71(15),NR SA,378,-96.000000,0.530000,,,,,,,,,,,0.000,,3.040,,,,
366,1,,,-73.9599900,40.8174383,2026-01-24 21:31:36.000,_20260124_162539_CH01_REF_TMO-AUTO_HTTP SS UL_NJ DUT REF_L3.dml,,,,N41(100)+N71(15),NR SA,378,-95.880000,1.060000,,,,,,,,,,,0.000,,3.160,,,,
367,1,,,-73.9599900,40.8174383,2026-01-24 21:31:37.000,_20260124_162539_CH01_REF_TMO-AUTO_HTTP SS UL_NJ DUT REF_L3.dml,,,,N41(100)+N71(15),NR SA,378,-95.510000,1.510000,,,,,,,,,,,0.000,,3.016,,,,
368,1,,,-73.9599900,40.8174383,2026-01-24 21:31:38.000,_20260124_162539_CH01_REF_TMO-AUTO_HTTP SS UL_NJ DUT REF_L3.dml,,,,N41(100)+N71(15),NR SA,378,-94.870000,2.360000,,,,,,,,,,,0.000,,2.456,,,,
369,1,,,-73.9599900,40.8174383,2026-01-24 21:31:39.000,_20260124_162539_CH01_REF_TMO-AUTO_HTTP SS UL_NJ DUT REF_L3.dml,,,,N41(100)+N71(15),NR SA,378,-95.040000,3.020000,,,,,,,,,,,10.475,,2.696,,,,
370,1,,,-73.9599900,40.8174383,2026-01-24 21:31:40.000,_20260124_162539_CH01_REF_TMO-AUTO_HTTP SS UL_NJ DUT REF_L3.dml,,,,N41(100)+N71(15),NR SA,378,-94.650000,4.250000,,,,,,,,,,,0.000,,2.592,,,,
371,1,,,-73.9599900,40.8174383,2026-01-24 21:31:41.000,_20260124_162539_CH01_REF_TMO-AUTO_HTTP SS UL_NJ DUT REF_L3.dml,,,,N41(100)+N71(15),NR SA,378,-95.230000,2.490000,,,,,,,,,,,0.000,,3.416,,,,
372,1,,,-73.9599900,40.8174383,2026-01-24 21:31:42.000,_20260124_162539_CH01_REF_TMO-AUTO_HTTP SS UL_NJ DUT REF_L3.dml,,,,N41(100)+N71(15),NR SA,378,-94.730000,2.150000,,,,,,,,,,,0.000,,2.200,,,,
373,1,,,-73.9599900,40.8174383,2026-01-24 21:31:43.000,_20260124_162539_CH01_REF_TMO-AUTO_HTTP SS UL_NJ DUT REF_L3.dml,,,,N41(100)+N71(15),NR SA,378,-94.960000,2.520000,,,,,,,,,,,0.000,,2.080,,,,
374,1,,,-73.9599900,40.8174383,2026-01-24 21:31:44.000,_20260124_162539_CH01_REF_TMO-AUTO_HTTP SS UL_NJ DUT REF_L3.dml,,,,N41(100)+N71(15),NR SA,378,-95.000000,4.000000,,,,,,,,,,,0.000,,2.136,,,,
375,1,,,-73.9599900,40.8174383,2026-01-24 21:31:45.000,_20260124_162539_CH01_REF_TMO-AUTO_HTTP SS UL_NJ DUT REF_L3.dml,,,,N41(100)+N71(15),NR SA,378,-95.180000,2.920000,,,,,,,,,,,11.546,,2.872,,,,
376,1,,,-73.9599900,40.8174383,2026-01-24 21:31:46.000,_20260124_162539_CH01_REF_TMO-AUTO_HTTP SS UL_NJ DUT REF_L3.dml,,,,N41(100)+N71(15),NR SA,378,-94.800000,2.960000,,,,,,,,,,,,,2.608,,,,
377,1,,,-73.9599900,40.8174383,2026-01-24 21:31:47.000,_20260124_162539_CH01_REF_TMO-AUTO_HTTP SS UL_NJ DUT REF_L3.dml,,,,N41(100)+N71(15),NR SA,378,-94.700000,2.660000,,,,,,,,,,,0.000,,2.232,,,,
378,1,,,-73.9599900,40.8174383,2026-01-24 21:31:48.000,_20260124_162539_CH01_REF_TMO-AUTO_HTTP SS UL_NJ DUT REF_L3.dml,,,,N41(100)+N71(15),NR SA,378,-96.200000,2.020000,,,,,,,,,,,0.000,,3.264,,,,
379,1,,,-73.9599900,40.8174383,2026-01-24 21:31:49.000,_20260124_162539_CH01_REF_TMO-AUTO_HTTP SS UL_NJ DUT REF_L3.dml,,,,N41(100)+N71(15),NR SA,378,-95.000000,2.670000,,,,,,,,,,,0.000,,3.448,,,,
380,1,,,-73.9599900,40.8174383,2026-01-24 21:31:50.000,_20260124_162539_CH01_REF_TMO-AUTO_HTTP SS UL_NJ DUT REF_L3.dml,,,,N41(100)+N71(15),NR SA,378,-95.000000,2.180000,,,,,,,,,,,0.000,,3.192,,,,
381,1,,,-73.9599900,40.8174383,2026-01-24 21:31:51.000,_20260124_162539_CH01_REF_TMO-AUTO_HTTP SS UL_NJ DUT REF_L3.dml,,,,N41(100)+N71(15),NR SA,378,-94.250000,3.050000,,,,,,,,,,,11.534,,3.464,,,,
382,1,,,-73.9599900,40.8174383,2026-01-24 21:31:52.000,_20260124_162539_CH01_REF_TMO-AUTO_HTTP SS UL_NJ DUT REF_L3.dml,,,,N41(100)+N71(15),NR SA,378,-96.930000,2.020000,,,,,,,,,,,0.000,,3.336,,,,
383,1,,,-73.9599900,40.8174383,2026-01-24 21:31:53.000,_20260124_162539_CH01_REF_TMO-AUTO_HTTP SS UL_NJ DUT REF_L3.dml,,,,N41(100)+N71(15),NR SA,378,-97.000000,3.050000,,,,,,,,,,,0.000,,3.560,,,,
384,1,,,-73.9599900,40.8174383,2026-01-24 21:31:54.000,_20260124_162539_CH01_REF_TMO-AUTO_HTTP SS UL_NJ DUT REF_L3.dml,,,,N41(100)+N71(15),NR SA,378,-95.080000,3.380000,,,,,,,,,,,0.000,,3.608,,,,
385,1,,,-73.9599900,40.8174383,2026-01-24 21:31:55.000,_20260124_162539_CH01_REF_TMO-AUTO_HTTP SS UL_NJ DUT REF_L3.dml,,,,N41(100)+N71(15),NR SA,378,-96.270000,1.470000,,,,,,,,,,,0.000,,2.976,,,,
386,1,,,-73.9599900,40.8174383,2026-01-24 21:31:55.416,_20260124_162539_CH01_REF_TMO-AUTO_HTTP SS UL_NJ DUT REF_L3.dml,,,,,,,,,,,,,,,Upload Ended,,,,,,,,,,
387,1,,,-73.9599900,40.8174383,2026-01-24 21:31:56.000,_20260124_162539_CH01_REF_TMO-AUTO_HTTP SS UL_NJ DUT REF_L3.dml,,,,N41(100)+N71(15),NR SA,378,-96.360000,1.180000,,,,,,,,,,,0.000,,3.128,,,,
388,1,,,-73.9599900,40.8174383,2026-01-24 21:31:57.000,_20260124_162539_CH01_REF_TMO-AUTO_HTTP SS UL_NJ DUT REF_L3.dml,,,,N41(100)+N71(15),NR SA,378,-96.080000,2.400000,,,,,,,,,,,15.543,,3.400,,,,
389,1,,,-73.9599900,40.8174383,2026-01-24 21:31:58.000,_20260124_162539_CH01_REF_TMO-AUTO_HTTP SS UL_NJ DUT REF_L3.dml,,,,N41(100)+N71(15),,378,-96.020000,2.640000,,,,,,,,,,,,,3.048,,,,
390,1,,,-73.9599900,40.8174383,2026-01-24 21:31:59.000,_20260124_162539_CH01_REF_TMO-AUTO_HTTP SS UL_NJ DUT REF_L3.dml,,,,N41(100)+N71(15),,378,-95.880000,3.200000,,,,,,,,,,,,,2.944,,,,
391,1,,,-73.9599900,40.8174383,2026-01-24 21:32:00.000,_20260124_162539_CH01_REF_TMO-AUTO_HTTP SS UL_NJ DUT REF_L3.dml,,,,N41(100)+N71(15),,378,-96.660000,2.480000,,,,,,,,,,,,,2.496,,,,
392,1,,,-73.9599900,40.8174383,2026-01-24 21:32:01.000,_20260124_162539_CH01_REF_TMO-AUTO_HTTP SS UL_NJ DUT REF_L3.dml,,,,N41(100)+N71(15),,378,-95.380000,4.290000,,,,,,,,,,,,,2.528,,,,
393,1,,,-73.9599900,40.8174383,2026-01-24 21:32:01.104,_20260124_162539_CH01_REF_TMO-AUTO_HTTP SS UL_NJ DUT REF_L3.dml,,,,,,,,,,,,,,,Upload Start Request,,,,,,,,,,
394,1,,,-73.9599900,40.8174383,2026-01-24 21:32:01.323,_20260124_162539_CH01_REF_TMO-AUTO_HTTP SS UL_NJ DUT REF_L3.dml,,,,,,,,,,,,,,,Upload Started,,,,,,,,,,
395,1,,,-73.9599900,40.8174383,2026-01-24 21:32:02.000,_20260124_162539_CH01_REF_TMO-AUTO_HTTP SS UL_NJ DUT REF_L3.dml,,,,N41(100)+N71(15),NR SA,378,-95.150000,3.960000,,,,,,,,,,,,,2.528,,,,
396,1,,,-73.9599900,40.8174383,2026-01-24 21:32:03.000,_20260124_162539_CH01_REF_TMO-AUTO_HTTP SS UL_NJ DUT REF_L3.dml,,,,N41(100)+N71(15),NR SA,378,-96.480000,2.580000,,,,,,,,,,,,,2.600,,,,
397,1,,,-73.9599900,40.8174383,2026-01-24 21:32:04.000,_20260124_162539_CH01_REF_TMO-AUTO_HTTP SS UL_NJ DUT REF_L3.dml,,,,N41(100)+N71(15),NR SA,378,-96.720000,2.220000,,,,,,,,,,,15.729,,2.832,,,,
398,1,,,-73.9599900,40.8174383,2026-01-24 21:32:05.000,_20260124_162539_CH01_REF_TMO-AUTO_HTTP SS UL_NJ DUT REF_L3.dml,,,,N41(100)+N71(15),NR SA,378,-97.130000,2.130000,,,,,,,,,,,0.000,,2.992,,,,
399,1,,,-73.9599900,40.8174383,2026-01-24 21:32:06.000,_20260124_162539_CH01_REF_TMO-AUTO_HTTP SS UL_NJ DUT REF_L3.dml,,,,N41(100)+N71(15),NR SA,378,-97.060000,2.020000,,,,,,,,,,,0.000,,2.872,,,,
400,1,,,-73.9599900,40.8174383,2026-01-24 21:32:07.000,_20260124_162539_CH01_REF_TMO-AUTO_HTTP SS UL_NJ DUT REF_L3.dml,,,,N41(100)+N71(15),NR SA,378,-96.650000,1.930000,,,,,,,,,,,0.000,,2.576,,,,
401,1,,,-73.9599900,40.8174383,2026-01-24 21:32:08.000,_20260124_162539_CH01_REF_TMO-AUTO_HTTP SS UL_NJ DUT REF_L3.dml,,,,N41(100)+N71(15),NR SA,378,-96.400000,2.200000,,,,,,,,,,,0.000,,2.256,,,,
402,1,,,-73.9599900,40.8174383,2026-01-24 21:32:09.000,_20260124_162539_CH01_REF_TMO-AUTO_HTTP SS UL_NJ DUT REF_L3.dml,,,,N41(100)+N71(15),NR SA,378,-96.000000,3.090000,,,,,,,,,,,0.000,,2.128,,,,
403,1,,,-73.9599900,40.8174383,2026-01-24 21:32:10.000,_20260124_162539_CH01_REF_TMO-AUTO_HTTP SS UL_NJ DUT REF_L3.dml,,,,N41(100)+N71(15),NR SA,378,-95.780000,2.800000,,,,,,,,,,,0.000,,1.872,,,,
404,1,,,-73.9599900,40.8174383,2026-01-24 21:32:11.000,_20260124_162539_CH01_REF_TMO-AUTO_HTTP SS UL_NJ DUT REF_L3.dml,,,,N41(100)+N71(15),NR SA,378,-95.560000,3.530000,,,,,,,,,,,0.000,,1.760,,,,
405,1,,,-73.9599900,40.8174383,2026-01-24 21:32:12.000,_20260124_162539_CH01_REF_TMO-AUTO_HTTP SS UL_NJ DUT REF_L3.dml,,,,N41(100)+N71(15),NR SA,378,-96.160000,2.780000,,,,,,,,,,,0.000,,2.152,,,,
406,1,,,-73.9599900,40.8174383,2026-01-24 21:32:13.000,_20260124_162539_CH01_REF_TMO-AUTO_HTTP SS UL_NJ DUT REF_L3.dml,,,,N41(100)+N71(15),NR SA,378,-95.750000,2.780000,,,,,,,,,,,0.000,,2.248,,,,
407,1,,,-73.9599900,40.8174383,2026-01-24 21:32:14.000,_20260124_162539_CH01_REF_TMO-AUTO_HTTP SS UL_NJ DUT REF_L3.dml,,,,N41(100)+N71(15),NR SA,378,-95.440000,2.920000,,,,,,,,,,,0.000,,2.560,,,,
408,1,,,-73.9599900,40.8174383,2026-01-24 21:32:15.000,_20260124_162539_CH01_REF_TMO-AUTO_HTTP SS UL_NJ DUT REF_L3.dml,,,,N41(100)+N71(15),NR SA,378,-96.000000,2.640000,,,,,,,,,,,0.000,,2.456,,,,
409,1,,,-73.9599900,40.8174383,2026-01-24 21:32:16.000,_20260124_162539_CH01_REF_TMO-AUTO_HTTP SS UL_NJ DUT REF_L3.dml,,,,N41(100)+N71(15),NR SA,378,-95.850000,3.020000,,,,,,,,,,,0.000,,2.272,,,,
410,1,,,-73.9599900,40.8174383,2026-01-24 21:32:17.000,_20260124_162539_CH01_REF_TMO-AUTO_HTTP SS UL_NJ DUT REF_L3.dml,,,,N41(100)+N71(15),NR SA,378,-96.000000,3.820000,,,,,,,,,,,0.000,,1.880,,,,
411,1,,,-73.9599900,40.8174383,2026-01-24 21:32:18.000,_20260124_162539_CH01_REF_TMO-AUTO_HTTP SS UL_NJ DUT REF_L3.dml,,,,N41(100)+N71(15),NR SA,378,-96.070000,3.690000,,,,,,,,,,,6.291,,2.016,,,,
412,1,,,-73.9599900,40.8174383,2026-01-24 21:32:19.000,_20260124_162539_CH01_REF_TMO-AUTO_HTTP SS UL_NJ DUT REF_L3.dml,,,,N41(100)+N71(15),NR SA,378,-96.480000,3.120000,,,,,,,,,,,0.000,,1.912,,,,
413,1,,,-73.9599900,40.8174383,2026-01-24 21:32:20.000,_20260124_162539_CH01_REF_TMO-AUTO_HTTP SS UL_NJ DUT REF_L3.dml,,,,N41(100)+N71(15),NR SA,378,-96.070000,2.830000,,,,,,,,,,,0.000,,2.368,,,,
414,1,,,-73.9599900,40.8174383,2026-01-24 21:32:21.000,_20260124_162539_CH01_REF_TMO-AUTO_HTTP SS UL_NJ DUT REF_L3.dml,,,,N41(100)+N71(15),NR SA,378,-96.040000,2.670000,,,,,,,,,,,0.000,,2.336,,,,
415,1,,,-73.9599900,40.8174383,2026-01-24 21:32:22.000,_20260124_162539_CH01_REF_TMO-AUTO_HTTP SS UL_NJ DUT REF_L3.dml,,,,N41(100)+N71(15),NR SA,378,-96.730000,2.620000,,,,,,,,,,,0.000,,1.760,,,,
416,1,,,-73.9599900,40.8174383,2026-01-24 21:32:23.000,_20260124_162539_CH01_REF_TMO-AUTO_HTTP SS UL_NJ DUT REF_L3.dml,,,,N41(100)+N71(15),NR SA,378,-97.360000,2.530000,,,,,,,,,,,0.000,,1.768,,,,
417,1,,,-73.9599900,40.8174383,2026-01-24 21:32:24.000,_20260124_162539_CH01_REF_TMO-AUTO_HTTP SS UL_NJ DUT REF_L3.dml,,,,N41(100)+N71(15),NR SA,378,-97.320000,2.620000,,,,,,,,,,,0.000,,2.528,,,,
418,1,,,-73.9599900,40.8174383,2026-01-24 21:32:25.000,_20260124_162539_CH01_REF_TMO-AUTO_HTTP SS UL_NJ DUT REF_L3.dml,,,,N41(100)+N71(15),NR SA,378,-96.910000,3.240000,,,,,,,,,,,0.000,,2.504,,,,
419,1,,,-73.9599900,40.8174383,2026-01-24 21:32:26.000,_20260124_162539_CH01_REF_TMO-AUTO_HTTP SS UL_NJ DUT REF_L3.dml,,,,N41(100)+N71(15),NR SA,378,-96.090000,3.750000,,,,,,,,,,,0.000,,2.320,,,,
420,1,,,-73.9599900,40.8174383,2026-01-24 21:32:27.000,_20260124_162539_CH01_REF_TMO-AUTO_HTTP SS UL_NJ DUT REF_L3.dml,,,,N41(100)+N71(15),NR SA,378,-96.240000,2.950000,,,,,,,,,,,6.291,,2.480,,,,
421,1,,,-73.9599900,40.8174383,2026-01-24 21:32:28.000,_20260124_162539_CH01_REF_TMO-AUTO_HTTP SS UL_NJ DUT REF_L3.dml,,,,N41(100)+N71(15),NR SA,378,-96.000000,2.340000,,,,,,,,,,,0.000,,2.064,,,,
422,1,,,-73.9599900,40.8174383,2026-01-24 21:32:29.000,_20260124_162539_CH01_REF_TMO-AUTO_HTTP SS UL_NJ DUT REF_L3.dml,,,,N41(100)+N71(15),NR SA,378,-95.720000,2.770000,,,,,,,,,,,0.000,,1.848,,,,
423,1,,,-73.9599900,40.8174383,2026-01-24 21:32:30.000,_20260124_162539_CH01_REF_TMO-AUTO_HTTP SS UL_NJ DUT REF_L3.dml,,,,N41(100)+N71(15),NR SA,378,-96.000000,3.480000,,,,,,,,,,,0.000,,2.192,,,,
424,1,,,-73.9599900,40.8174383,2026-01-24 21:32:31.000,_20260124_162539_CH01_REF_TMO-AUTO_HTTP SS UL_NJ DUT REF_L3.dml,,,,N41(100)+N71(15),NR SA,378,-95.640000,4.340000,,,,,,,,,,,5.243,,2.352,,,,
425,1,,,-73.9599900,40.8174383,2026-01-24 21:32:32.000,_20260124_162539_CH01_REF_TMO-AUTO_HTTP SS UL_NJ DUT REF_L3.dml,,,,N41(100)+N71(15),NR SA,378,-95.860000,3.700000,,,,,,,,,,,0.000,,2.176,,,,
426,1,,,-73.9599900,40.8174383,2026-01-24 21:32:33.000,_20260124_162539_CH01_REF_TMO-AUTO_HTTP SS UL_NJ DUT REF_L3.dml,,,,N41(100)+N71(15),NR SA,378,-96.480000,5.020000,,,,,,,,,,,0.000,,2.520,,,,
427,1,,,-73.9599900,40.8174383,2026-01-24 21:32:34.000,_20260124_162539_CH01_REF_TMO-AUTO_HTTP SS UL_NJ DUT REF_L3.dml,,,,N41(100)+N71(15),NR SA,378,-96.000000,4.620000,,,,,,,,,,,6.285,,2.272,,,,
428,1,,,-73.9599900,40.8174383,2026-01-24 21:32:35.000,_20260124_162539_CH01_REF_TMO-AUTO_HTTP SS UL_NJ DUT REF_L3.dml,,,,N41(100)+N71(15),NR SA,378,-96.040000,4.240000,,,,,,,,,,,0.000,,2.312,,,,
429,1,,,-73.9599900,40.8174383,2026-01-24 21:32:36.000,_20260124_162539_CH01_REF_TMO-AUTO_HTTP SS UL_NJ DUT REF_L3.dml,,,,N41(100)+N71(15),NR SA,378,-95.960000,4.220000,,,,,,,,,,,0.000,,2.264,,,,
430,1,,,-73.9599900,40.8174383,2026-01-24 21:32:37.000,_20260124_162539_CH01_REF_TMO-AUTO_HTTP SS UL_NJ DUT REF_L3.dml,,,,N41(100)+N71(15),NR SA,378,-96.620000,4.040000,,,,,,,,,,,0.000,,2.376,,,,
431,1,,,-73.9599900,40.8174383,2026-01-24 21:32:38.000,_20260124_162539_CH01_REF_TMO-AUTO_HTTP SS UL_NJ DUT REF_L3.dml,,,,N41(100)+N71(15),NR SA,378,-96.340000,4.080000,,,,,,,,,,,5.243,,2.336,,,,
432,1,,,-73.9599900,40.8174383,2026-01-24 21:32:39.000,_20260124_162539_CH01_REF_TMO-AUTO_HTTP SS UL_NJ DUT REF_L3.dml,,,,N41(100)+N71(15),NR SA,378,-96.580000,3.200000,,,,,,,,,,,0.000,,2.264,,,,
433,1,,,-73.9599900,40.8174383,2026-01-24 21:32:40.000,_20260124_162539_CH01_REF_TMO-AUTO_HTTP SS UL_NJ DUT REF_L3.dml,,,,N41(100)+N71(15),NR SA,378,-95.940000,4.720000,,,,,,,,,,,0.000,,2.400,,,,
434,1,,,-73.9599900,40.8174383,2026-01-24 21:32:41.000,_20260124_162539_CH01_REF_TMO-AUTO_HTTP SS UL_NJ DUT REF_L3.dml,,,,N41(100)+N71(15),NR SA,378,-95.460000,4.960000,,,,,,,,,,,6.298,,2.328,,,,
435,1,,,-73.9599900,40.8174383,2026-01-24 21:32:42.000,_20260124_162539_CH01_REF_TMO-AUTO_HTTP SS UL_NJ DUT REF_L3.dml,,,,N41(100)+N71(15),NR SA,378,-96.000000,3.620000,,,,,,,,,,,0.000,,2.600,,,,
436,1,,,-73.9599900,40.8174383,2026-01-24 21:32:43.000,_20260124_162539_CH01_REF_TMO-AUTO_HTTP SS UL_NJ DUT REF_L3.dml,,,,N41(100)+N71(15),NR SA,378,-96.510000,3.160000,,,,,,,,,,,0.000,,2.672,,,,
437,1,,,-73.9599900,40.8174383,2026-01-24 21:32:44.000,_20260124_162539_CH01_REF_TMO-AUTO_HTTP SS UL_NJ DUT REF_L3.dml,,,,N41(100)+N71(15),NR SA,378,-97.180000,3.180000,,,,,,,,,,,0.000,,2.312,,,,
438,1,,,-73.9599900,40.8174383,2026-01-24 21:32:45.000,_20260124_162539_CH01_REF_TMO-AUTO_HTTP SS UL_NJ DUT REF_L3.dml,,,,N41(100)+N71(15),NR SA,378,-96.220000,3.940000,,,,,,,,,,,5.243,,2.616,,,,
439,1,,,-73.9599900,40.8174383,2026-01-24 21:32:46.000,_20260124_162539_CH01_REF_TMO-AUTO_HTTP SS UL_NJ DUT REF_L3.dml,,,,N41(100)+N71(15),NR SA,378,-96.520000,3.380000,,,,,,,,,,,0.000,,2.520,,,,
440,1,,,-73.9599900,40.8174383,2026-01-24 21:32:47.000,_20260124_162539_CH01_REF_TMO-AUTO_HTTP SS UL_NJ DUT REF_L3.dml,,,,N41(100)+N71(15),NR SA,378,-96.710000,3.600000,,,,,,,,,,,0.000,,3.000,,,,
441,1,,,-73.9599900,40.8174383,2026-01-24 21:32:48.000,_20260124_162539_CH01_REF_TMO-AUTO_HTTP SS UL_NJ DUT REF_L3.dml,,,,N41(100)+N71(15),NR SA,378,-96.520000,4.280000,,,,,,,,,,,6.291,,2.432,,,,
442,1,,,-73.9599900,40.8174383,2026-01-24 21:32:49.000,_20260124_162539_CH01_REF_TMO-AUTO_HTTP SS UL_NJ DUT REF_L3.dml,,,,N41(100)+N71(15),NR SA,378,-96.330000,3.440000,,,,,,,,,,,0.000,,2.848,,,,
443,1,,,-73.9599900,40.8174383,2026-01-24 21:32:50.000,_20260124_162539_CH01_REF_TMO-AUTO_HTTP SS UL_NJ DUT REF_L3.dml,,,,N41(100)+N71(15),NR SA,378,-95.960000,3.960000,,,,,,,,,,,0.000,,3.240,,,,
444,1,,,-73.9599900,40.8174383,2026-01-24 21:32:51.000,_20260124_162539_CH01_REF_TMO-AUTO_HTTP SS UL_NJ DUT REF_L3.dml,,,,N41(100)+N71(15),NR SA,378,-95.950000,4.130000,,,,,,,,,,,0.000,,2.432,,,,
445,1,,,-73.9599900,40.8174383,2026-01-24 21:32:52.000,_20260124_162539_CH01_REF_TMO-AUTO_HTTP SS UL_NJ DUT REF_L3.dml,,,,N41(100)+N71(15),NR SA,378,-96.220000,4.540000,,,,,,,,,,,6.291,,2.344,,,,
446,1,,,-73.9599900,40.8174383,2026-01-24 21:32:53.000,_20260124_162539_CH01_REF_TMO-AUTO_HTTP SS UL_NJ DUT REF_L3.dml,,,,N41(100)+N71(15),NR SA,378,-96.580000,3.790000,,,,,,,,,,,0.000,,2.312,,,,
447,1,,,-73.9599900,40.8174383,2026-01-24 21:32:54.000,_20260124_162539_CH01_REF_TMO-AUTO_HTTP SS UL_NJ DUT REF_L3.dml,,,,N41(100)+N71(15),NR SA,378,-95.730000,3.440000,,,,,,,,,,,0.000,,2.432,,,,
448,1,,,-73.9599900,40.8174383,2026-01-24 21:32:55.000,_20260124_162539_CH01_REF_TMO-AUTO_HTTP SS UL_NJ DUT REF_L3.dml,,,,N41(100)+N71(15),NR SA,378,-95.980000,3.320000,,,,,,,,,,,5.243,,2.568,,,,
449,1,,,-73.9599900,40.8174383,2026-01-24 21:32:56.000,_20260124_162539_CH01_REF_TMO-AUTO_HTTP SS UL_NJ DUT REF_L3.dml,,,,N41(100)+N71(15),NR SA,378,-95.930000,4.050000,,,,,,,,,,,0.000,,2.768,,,,
450,1,,,-73.9599900,40.8174383,2026-01-24 21:32:57.000,_20260124_162539_CH01_REF_TMO-AUTO_HTTP SS UL_NJ DUT REF_L3.dml,,,,N41(100)+N71(15),NR SA,378,-96.400000,3.580000,,,,,,,,,,,0.000,,2.912,,,,
451,1,,,-73.9599900,40.8174383,2026-01-24 21:32:58.000,_20260124_162539_CH01_REF_TMO-AUTO_HTTP SS UL_NJ DUT REF_L3.dml,,,,N41(100)+N71(15),NR SA,378,-95.840000,4.200000,,,,,,,,,,,5.243,,2.512,,,,
452,1,,,-73.9599900,40.8174383,2026-01-24 21:32:59.000,_20260124_162539_CH01_REF_TMO-AUTO_HTTP SS UL_NJ DUT REF_L3.dml,,,,N41(100)+N71(15),NR SA,378,-95.680000,3.920000,,,,,,,,,,,0.000,,2.768,,,,
453,1,,,-73.9599900,40.8174383,2026-01-24 21:33:00.000,_20260124_162539_CH01_REF_TMO-AUTO_HTTP SS UL_NJ DUT REF_L3.dml,,,,N41(100)+N71(15),NR SA,378,-95.640000,4.360000,,,,,,,,,,,0.000,,2.824,,,,
454,1,,,-73.9599900,40.8174383,2026-01-24 21:33:01.000,_20260124_162539_CH01_REF_TMO-AUTO_HTTP SS UL_NJ DUT REF_L3.dml,,,,N41(100)+N71(15),NR SA,378,-96.330000,4.440000,,,,,,,,,,,0.000,,2.360,,,,
455,1,,,-73.9599900,40.8174383,2026-01-24 21:33:02.000,_20260124_162539_CH01_REF_TMO-AUTO_HTTP SS UL_NJ DUT REF_L3.dml,,,,N41(100)+N71(15),NR SA,378,-95.840000,4.530000,,,,,,,,,,,6.285,,2.752,,,,
456,1,,,-73.9599900,40.8174383,2026-01-24 21:33:03.000,_20260124_162539_CH01_REF_TMO-AUTO_HTTP SS UL_NJ DUT REF_L3.dml,,,,N41(100)+N71(15),NR SA,378,-96.180000,3.840000,,,,,,,,,,,0.000,,2.520,,,,
457,1,,,-73.9599900,40.8174383,2026-01-24 21:33:04.000,_20260124_162539_CH01_REF_TMO-AUTO_HTTP SS UL_NJ DUT REF_L3.dml,,,,N41(100)+N71(15),NR SA,378,-96.450000,3.560000,,,,,,,,,,,0.000,,2.608,,,,
458,1,,,-73.9599900,40.8174383,2026-01-24 21:33:05.000,_20260124_162539_CH01_REF_TMO-AUTO_HTTP SS UL_NJ DUT REF_L3.dml,,,,N41(100)+N71(15),NR SA,378,-95.510000,4.760000,,,,,,,,,,,6.291,,2.912,,,,
459,1,,,-73.9599900,40.8174383,2026-01-24 21:33:06.000,_20260124_162539_CH01_REF_TMO-AUTO_HTTP SS UL_NJ DUT REF_L3.dml,,,,N41(100)+N71(15),NR SA,378,-96.550000,3.780000,,,,,,,,,,,0.000,,2.456,,,,
460,1,,,-73.9599900,40.8174383,2026-01-24 21:33:07.000,_20260124_162539_CH01_REF_TMO-AUTO_HTTP SS UL_NJ DUT REF_L3.dml,,,,N41(100)+N71(15),NR SA,378,-96.020000,3.040000,,,,,,,,,,,0.000,,2.688,,,,
461,1,,,-73.9599900,40.8174383,2026-01-24 21:33:08.000,_20260124_162539_CH01_REF_TMO-AUTO_HTTP SS UL_NJ DUT REF_L3.dml,,,,N41(100)+N71(15),NR SA,378,-96.690000,3.160000,,,,,,,,,,,0.000,,2.696,,,,
462,1,,,-73.9599900,40.8174383,2026-01-24 21:33:09.000,_20260124_162539_CH01_REF_TMO-AUTO_HTTP SS UL_NJ DUT REF_L3.dml,,,,N41(100)+N71(15),NR SA,378,-96.690000,4.400000,,,,,,,,,,,5.243,,2.520,,,,
463,1,,,-73.9599900,40.8174383,2026-01-24 21:33:10.000,_20260124_162539_CH01_REF_TMO-AUTO_HTTP SS UL_NJ DUT REF_L3.dml,,,,N41(100)+N71(15),NR SA,378,-97.090000,3.310000,,,,,,,,,,,0.000,,2.488,,,,
464,1,,,-73.9599900,40.8174383,2026-01-24 21:33:11.000,_20260124_162539_CH01_REF_TMO-AUTO_HTTP SS UL_NJ DUT REF_L3.dml,,,,N41(100)+N71(15),NR SA,378,-96.240000,3.460000,,,,,,,,,,,0.000,,2.224,,,,
465,1,,,-73.9599900,40.8174383,2026-01-24 21:33:12.000,_20260124_162539_CH01_REF_TMO-AUTO_HTTP SS UL_NJ DUT REF_L3.dml,,,,N41(100)+N71(15),NR SA,378,-96.800000,2.730000,,,,,,,,,,,0.000,,2.456,,,,
466,1,,,-73.9599900,40.8174383,2026-01-24 21:33:13.000,_20260124_162539_CH01_REF_TMO-AUTO_HTTP SS UL_NJ DUT REF_L3.dml,,,,N41(100)+N71(15),NR SA,378,-96.550000,3.550000,,,,,,,,,,,6.291,,2.544,,,,
467,1,,,-73.9599900,40.8174383,2026-01-24 21:33:14.000,_20260124_162539_CH01_REF_TMO-AUTO_HTTP SS UL_NJ DUT REF_L3.dml,,,,N41(100)+N71(15),NR SA,378,-96.640000,3.040000,,,,,,,,,,,0.000,,3.336,,,,
468,1,,,-73.9599900,40.8174383,2026-01-24 21:33:15.000,_20260124_162539_CH01_REF_TMO-AUTO_HTTP SS UL_NJ DUT REF_L3.dml,,,,N41(100)+N71(15),NR SA,378,-96.760000,3.300000,,,,,,,,,,,0.000,,2.744,,,,
469,1,,,-73.9599900,40.8174383,2026-01-24 21:33:16.000,_20260124_162539_CH01_REF_TMO-AUTO_HTTP SS UL_NJ DUT REF_L3.dml,,,,N41(100)+N71(15),NR SA,378,-96.330000,3.110000,,,,,,,,,,,6.291,,3.496,,,,
470,1,,,-73.9599900,40.8174383,2026-01-24 21:33:17.000,_20260124_162539_CH01_REF_TMO-AUTO_HTTP SS UL_NJ DUT REF_L3.dml,,,,N41(100)+N71(15),NR SA,378,-96.780000,3.550000,,,,,,,,,,,0.000,,3.024,,,,
471,1,,,-73.9599900,40.8174383,2026-01-24 21:33:17.760,_20260124_162539_CH01_REF_TMO-AUTO_HTTP SS UL_NJ DUT REF_L3.dml,,,,,,,,,,,,,,,Upload Ended,,,,,,,,,,
472,1,,,-73.9599900,40.8174383,2026-01-24 21:33:18.000,_20260124_162539_CH01_REF_TMO-AUTO_HTTP SS UL_NJ DUT REF_L3.dml,,,,N41(100)+N71(15),NR SA,378,-95.880000,3.780000,,,,,,,,,,,6.351,,2.832,,,,
473,1,,,-73.9599900,40.8174383,2026-01-24 21:33:19.000,_20260124_162539_CH01_REF_TMO-AUTO_HTTP SS UL_NJ DUT REF_L3.dml,,,,N41(100)+N71(15),,378,-96.490000,3.180000,,,,,,,,,,,,,2.936,,,,
474,1,,,-73.9599900,40.8174383,2026-01-24 21:33:20.000,_20260124_162539_CH01_REF_TMO-AUTO_HTTP SS UL_NJ DUT REF_L3.dml,,,,N41(100)+N71(15),,378,-96.930000,3.330000,,,,,,,,,,,,,2.656,,,,
475,1,,,-73.9599900,40.8174383,2026-01-24 21:33:21.000,_20260124_162539_CH01_REF_TMO-AUTO_HTTP SS UL_NJ DUT REF_L3.dml,,,,N41(100)+N71(15),,378,-96.910000,3.040000,,,,,,,,,,,,,2.536,,,,
476,1,,,-73.9599900,40.8174383,2026-01-24 21:33:22.000,_20260124_162539_CH01_REF_TMO-AUTO_HTTP SS UL_NJ DUT REF_L3.dml,,,,N41(100)+N71(15),,378,-96.380000,3.020000,,,,,,,,,,,,,2.664,,,,
477,1,,,-73.9599900,40.8174383,2026-01-24 21:33:22.806,_20260124_162539_CH01_REF_TMO-AUTO_HTTP SS UL_NJ DUT REF_L3.dml,,,,,,,,,,,,,,,Upload Start Request,,,,,,,,,,
478,1,,,-73.9599900,40.8174383,2026-01-24 21:33:23.000,_20260124_162539_CH01_REF_TMO-AUTO_HTTP SS UL_NJ DUT REF_L3.dml,,,,N41(100)+N71(15),NR SA,378,-96.420000,3.440000,,,,,,,,,,,,,1.968,,,,
479,1,,,-73.9599900,40.8174383,2026-01-24 21:33:23.025,_20260124_162539_CH01_REF_TMO-AUTO_HTTP SS UL_NJ DUT REF_L3.dml,,,,,,,,,,,,,,,Upload Started,,,,,,,,,,
480,1,,,-73.9599900,40.8174383,2026-01-24 21:33:24.000,_20260124_162539_CH01_REF_TMO-AUTO_HTTP SS UL_NJ DUT REF_L3.dml,,,,N41(100)+N71(15),NR SA,378,-96.620000,2.750000,,,,,,,,,,,,,2.752,,,,
481,1,,,-73.9599900,40.8174383,2026-01-24 21:33:25.000,_20260124_162539_CH01_REF_TMO-AUTO_HTTP SS UL_NJ DUT REF_L3.dml,,,,N41(100)+N71(15),NR SA,378,-96.000000,2.720000,,,,,,,,,,,,,2.032,,,,
482,1,,,-73.9599900,40.8174383,2026-01-24 21:33:26.000,_20260124_162539_CH01_REF_TMO-AUTO_HTTP SS UL_NJ DUT REF_L3.dml,,,,N41(100)+N71(15),NR SA,378,-96.610000,2.560000,,,,,,,,,,,15.729,,2.408,,,,
483,1,,,-73.9599900,40.8174383,2026-01-24 21:33:27.000,_20260124_162539_CH01_REF_TMO-AUTO_HTTP SS UL_NJ DUT REF_L3.dml,,,,N41(100)+N71(15),NR SA,378,-96.000000,1.840000,,,,,,,,,,,0.000,,1.152,,,,
484,1,,,-73.9599900,40.8174383,2026-01-24 21:33:28.000,_20260124_162539_CH01_REF_TMO-AUTO_HTTP SS UL_NJ DUT REF_L3.dml,,,,N41(100)+N71(15),NR SA,378,-96.560000,1.940000,,,,,,,,,,,0.000,,0.744,,,,
485,1,,,-73.9599900,40.8174383,2026-01-24 21:33:29.000,_20260124_162539_CH01_REF_TMO-AUTO_HTTP SS UL_NJ DUT REF_L3.dml,,,,N41(100)+N71(15),NR SA,378,-98.140000,1.860000,,,,,,,,,,,0.000,,1.376,,,,
486,1,,,-73.9599900,40.8174383,2026-01-24 21:33:30.000,_20260124_162539_CH01_REF_TMO-AUTO_HTTP SS UL_NJ DUT REF_L3.dml,,,,N41(100)+N71(15),NR SA,378,-100.640000,-1.200000,,,,,,,,,,,0.000,,1.752,,,,
487,1,,,-73.9599900,40.8174383,2026-01-24 21:33:31.000,_20260124_162539_CH01_REF_TMO-AUTO_HTTP SS UL_NJ DUT REF_L3.dml,,,,N41(100)+N71(15),NR SA,378,-100.980000,-0.220000,,,,,,,,,,,0.000,,1.920,,,,
488,1,,,-73.9599900,40.8174383,2026-01-24 21:33:32.000,_20260124_162539_CH01_REF_TMO-AUTO_HTTP SS UL_NJ DUT REF_L3.dml,,,,N41(100)+N71(15),NR SA,378,-97.580000,1.420000,,,,,,,,,,,0.000,,1.888,,,,
489,1,,,-73.9599900,40.8174383,2026-01-24 21:33:33.000,_20260124_162539_CH01_REF_TMO-AUTO_HTTP SS UL_NJ DUT REF_L3.dml,,,,N41(100)+N71(15),NR SA,378,-96.210000,1.820000,,,,,,,,,,,0.000,,2.272,,,,
490,1,,,-73.9599900,40.8174383,2026-01-24 21:33:34.000,_20260124_162539_CH01_REF_TMO-AUTO_HTTP SS UL_NJ DUT REF_L3.dml,,,,N41(100)+N71(15),NR SA,378,-95.970000,2.600000,,,,,,,,,,,6.291,,1.672,,,,
491,1,,,-73.9599900,40.8174383,2026-01-24 21:33:35.000,_20260124_162539_CH01_REF_TMO-AUTO_HTTP SS UL_NJ DUT REF_L3.dml,,,,N41(100)+N71(15),NR SA,378,-95.510000,2.200000,,,,,,,,,,,0.000,,1.808,,,,
492,1,,,-73.9599900,40.8174383,2026-01-24 21:33:36.000,_20260124_162539_CH01_REF_TMO-AUTO_HTTP SS UL_NJ DUT REF_L3.dml,,,,N41(100)+N71(15),NR SA,378,-95.270000,3.160000,,,,,,,,,,,0.000,,2.664,,,,
493,1,,,-73.9599900,40.8174383,2026-01-24 21:33:37.000,_20260124_162539_CH01_REF_TMO-AUTO_HTTP SS UL_NJ DUT REF_L3.dml,,,,N41(100)+N71(15),NR SA,378,-94.440000,3.270000,,,,,,,,,,,0.000,,2.080,,,,
494,1,,,-73.9599900,40.8174383,2026-01-24 21:33:38.000,_20260124_162539_CH01_REF_TMO-AUTO_HTTP SS UL_NJ DUT REF_L3.dml,,,,N41(100)+N71(15),NR SA,378,-94.600000,2.710000,,,,,,,,,,,0.000,,1.872,,,,
495,1,,,-73.9599900,40.8174383,2026-01-24 21:33:39.000,_20260124_162539_CH01_REF_TMO-AUTO_HTTP SS UL_NJ DUT REF_L3.dml,,,,N41(100)+N71(15),NR SA,378,-95.110000,2.870000,,,,,,,,,,,0.000,,1.848,,,,
496,1,,,-73.9599900,40.8174383,2026-01-24 21:33:40.000,_20260124_162539_CH01_REF_TMO-AUTO_HTTP SS UL_NJ DUT REF_L3.dml,,,,N41(100)+N71(15),NR SA,378,-95.240000,1.580000,,,,,,,,,,,6.285,,2.016,,,,
497,1,,,-73.9599900,40.8174383,2026-01-24 21:33:41.000,_20260124_162539_CH01_REF_TMO-AUTO_HTTP SS UL_NJ DUT REF_L3.dml,,,,N41(100)+N71(15),NR SA,378,-94.830000,2.980000,,,,,,,,,,,0.000,,2.240,,,,
498,1,,,-73.9599900,40.8174383,2026-01-24 21:33:42.000,_20260124_162539_CH01_REF_TMO-AUTO_HTTP SS UL_NJ DUT REF_L3.dml,,,,N41(100)+N71(15),NR SA,378,-94.240000,3.020000,,,,,,,,,,,0.000,,1.840,,,,
499,1,,,-73.9599900,40.8174383,2026-01-24 21:33:43.000,_20260124_162539_CH01_REF_TMO-AUTO_HTTP SS UL_NJ DUT REF_L3.dml,,,,N41(100)+N71(15),NR SA,378,-95.380000,2.100000,,,,,,,,,,,0.000,,2.088,,,,
500,1,,,-73.9599900,40.8174383,2026-01-24 21:33:44.000,_20260124_162539_CH01_REF_TMO-AUTO_HTTP SS UL_NJ DUT REF_L3.dml,,,,N41(100)+N71(15),NR SA,378,-95.360000,2.400000,,,,,,,,,,,5.243,,2.256,,,,
501,1,,,-73.9599900,40.8174383,2026-01-24 21:33:45.000,_20260124_162539_CH01_REF_TMO-AUTO_HTTP SS UL_NJ DUT REF_L3.dml,,,,N41(100)+N71(15),NR SA,378,-95.800000,2.420000,,,,,,,,,,,0.000,,1.976,,,,
502,1,,,-73.9599900,40.8174383,2026-01-24 21:33:46.000,_20260124_162539_CH01_REF_TMO-AUTO_HTTP SS UL_NJ DUT REF_L3.dml,,,,N41(100)+N71(15),NR SA,378,-95.380000,2.850000,,,,,,,,,,,0.000,,2.272,,,,
503,1,,,-73.9599900,40.8174383,2026-01-24 21:33:47.000,_20260124_162539_CH01_REF_TMO-AUTO_HTTP SS UL_NJ DUT REF_L3.dml,,,,N41(100)+N71(15),NR SA,378,-95.710000,2.560000,,,,,,,,,,,0.000,,1.984,,,,
504,1,,,-73.9599900,40.8174383,2026-01-24 21:33:48.000,_20260124_162539_CH01_REF_TMO-AUTO_HTTP SS UL_NJ DUT REF_L3.dml,,,,N41(100)+N71(15),NR SA,378,-94.730000,3.780000,,,,,,,,,,,0.000,,1.824,,,,
505,1,,,-73.9599900,40.8174383,2026-01-24 21:33:49.000,_20260124_162539_CH01_REF_TMO-AUTO_HTTP SS UL_NJ DUT REF_L3.dml,,,,N41(100)+N71(15),NR SA,378,-94.180000,4.060000,,,,,,,,,,,6.291,,2.064,,,,
506,1,,,-73.9599900,40.8174383,2026-01-24 21:33:50.000,_20260124_162539_CH01_REF_TMO-AUTO_HTTP SS UL_NJ DUT REF_L3.dml,,,,N41(100)+N71(15),NR SA,378,-93.860000,5.540000,,,,,,,,,,,0.000,,1.856,,,,
507,1,,,-73.9599900,40.8174383,2026-01-24 21:33:51.000,_20260124_162539_CH01_REF_TMO-AUTO_HTTP SS UL_NJ DUT REF_L3.dml,,,,N41(100)+N71(15),NR SA,378,-94.000000,5.730000,,,,,,,,,,,0.000,,1.784,,,,
508,1,,,-73.9599900,40.8174383,2026-01-24 21:33:52.000,_20260124_162539_CH01_REF_TMO-AUTO_HTTP SS UL_NJ DUT REF_L3.dml,,,,N41(100)+N71(15),NR SA,378,-94.420000,4.530000,,,,,,,,,,,0.000,,2.080,,,,
509,1,,,-73.9599900,40.8174383,2026-01-24 21:33:53.000,_20260124_162539_CH01_REF_TMO-AUTO_HTTP SS UL_NJ DUT REF_L3.dml,,,,N41(100)+N71(15),NR SA,378,-94.160000,3.670000,,,,,,,,,,,0.000,,2.064,,,,
510,1,,,-73.9599900,40.8174383,2026-01-24 21:33:54.000,_20260124_162539_CH01_REF_TMO-AUTO_HTTP SS UL_NJ DUT REF_L3.dml,,,,N41(100)+N71(15),NR SA,378,-94.000000,5.040000,,,,,,,,,,,5.243,,2.008,,,,
511,1,,,-73.9599900,40.8174383,2026-01-24 21:33:55.000,_20260124_162539_CH01_REF_TMO-AUTO_HTTP SS UL_NJ DUT REF_L3.dml,,,,N41(100)+N71(15),NR SA,378,-94.020000,5.580000,,,,,,,,,,,0.000,,1.888,,,,
512,1,,,-73.9599900,40.8174383,2026-01-24 21:33:56.000,_20260124_162539_CH01_REF_TMO-AUTO_HTTP SS UL_NJ DUT REF_L3.dml,,,,N41(100)+N71(15),NR SA,378,-94.690000,5.250000,,,,,,,,,,,0.000,,1.872,,,,
513,1,,,-73.9599900,40.8174383,2026-01-24 21:33:57.000,_20260124_162539_CH01_REF_TMO-AUTO_HTTP SS UL_NJ DUT REF_L3.dml,,,,N41(100)+N71(15),NR SA,378,-94.000000,6.240000,,,,,,,,,,,,,1.616,,,,
514,1,,,-73.9599900,40.8174383,2026-01-24 21:33:58.000,_20260124_162539_CH01_REF_TMO-AUTO_HTTP SS UL_NJ DUT REF_L3.dml,,,,N41(100)+N71(15),NR SA,378,-94.000000,6.770000,,,,,,,,,,,0.000,,1.784,,,,
515,1,,,-73.9599900,40.8174383,2026-01-24 21:33:59.000,_20260124_162539_CH01_REF_TMO-AUTO_HTTP SS UL_NJ DUT REF_L3.dml,,,,N41(100)+N71(15),NR SA,378,-93.820000,6.580000,,,,,,,,,,,0.000,,1.800,,,,
516,1,,,-73.9599900,40.8174383,2026-01-24 21:34:00.000,_20260124_162539_CH01_REF_TMO-AUTO_HTTP SS UL_NJ DUT REF_L3.dml,,,,N41(100)+N71(15),NR SA,378,-94.130000,5.690000,,,,,,,,,,,0.000,,2.064,,,,
517,1,,,-73.9599900,40.8174383,2026-01-24 21:34:01.000,_20260124_162539_CH01_REF_TMO-AUTO_HTTP SS UL_NJ DUT REF_L3.dml,,,,N41(100)+N71(15),NR SA,378,-94.100000,5.340000,,,,,,,,,,,0.000,,2.296,,,,
518,1,,,-73.9599900,40.8174383,2026-01-24 21:34:02.000,_20260124_162539_CH01_REF_TMO-AUTO_HTTP SS UL_NJ DUT REF_L3.dml,,,,N41(100)+N71(15),NR SA,378,-94.300000,4.860000,,,,,,,,,,,5.243,,2.360,,,,
519,1,,,-73.9599900,40.8174383,2026-01-24 21:34:03.000,_20260124_162539_CH01_REF_TMO-AUTO_HTTP SS UL_NJ DUT REF_L3.dml,,,,N41(100)+N71(15),NR SA,378,-94.520000,5.160000,,,,,,,,,,,0.000,,1.928,,,,
520,1,,,-73.9599900,40.8174383,2026-01-24 21:34:04.000,_20260124_162539_CH01_REF_TMO-AUTO_HTTP SS UL_NJ DUT REF_L3.dml,,,,N41(100)+N71(15),NR SA,378,-94.670000,5.040000,,,,,,,,,,,0.000,,2.088,,,,
521,1,,,-73.9599900,40.8174383,2026-01-24 21:34:05.000,_20260124_162539_CH01_REF_TMO-AUTO_HTTP SS UL_NJ DUT REF_L3.dml,,,,N41(100)+N71(15),NR SA,378,-94.640000,4.420000,,,,,,,,,,,0.000,,1.672,,,,
522,1,,,-73.9599900,40.8174383,2026-01-24 21:34:06.000,_20260124_162539_CH01_REF_TMO-AUTO_HTTP SS UL_NJ DUT REF_L3.dml,,,,N41(100)+N71(15),NR SA,378,-94.250000,4.780000,,,,,,,,,,,6.291,,2.248,,,,
523,1,,,-73.9599900,40.8174383,2026-01-24 21:34:07.000,_20260124_162539_CH01_REF_TMO-AUTO_HTTP SS UL_NJ DUT REF_L3.dml,,,,N41(100)+N71(15),NR SA,378,-93.900000,6.360000,,,,,,,,,,,0.000,,2.456,,,,
524,1,,,-73.9599900,40.8174383,2026-01-24 21:34:08.000,_20260124_162539_CH01_REF_TMO-AUTO_HTTP SS UL_NJ DUT REF_L3.dml,,,,N41(100)+N71(15),NR SA,378,-94.780000,5.080000,,,,,,,,,,,0.000,,2.016,,,,
525,1,,,-73.9599900,40.8174383,2026-01-24 21:34:09.000,_20260124_162539_CH01_REF_TMO-AUTO_HTTP SS UL_NJ DUT REF_L3.dml,,,,N41(100)+N71(15),NR SA,378,-94.700000,5.060000,,,,,,,,,,,0.000,,2.232,,,,
526,1,,,-73.9599900,40.8174383,2026-01-24 21:34:10.000,_20260124_162539_CH01_REF_TMO-AUTO_HTTP SS UL_NJ DUT REF_L3.dml,,,,N41(100)+N71(15),NR SA,378,-95.380000,4.200000,,,,,,,,,,,5.238,,2.488,,,,
527,1,,,-73.9599900,40.8174383,2026-01-24 21:34:11.000,_20260124_162539_CH01_REF_TMO-AUTO_HTTP SS UL_NJ DUT REF_L3.dml,,,,N41(100)+N71(15),NR SA,378,-94.980000,3.980000,,,,,,,,,,,0.000,,2.456,,,,
528,1,,,-73.9599900,40.8174383,2026-01-24 21:34:12.000,_20260124_162539_CH01_REF_TMO-AUTO_HTTP SS UL_NJ DUT REF_L3.dml,,,,N41(100)+N71(15),NR SA,378,-94.670000,4.870000,,,,,,,,,,,0.000,,2.208,,,,
529,1,,,-73.9599900,40.8174383,2026-01-24 21:34:13.000,_20260124_162539_CH01_REF_TMO-AUTO_HTTP SS UL_NJ DUT REF_L3.dml,,,,N41(100)+N71(15),NR SA,378,-94.620000,3.900000,,,,,,,,,,,6.291,,2.232,,,,
530,1,,,-73.9599900,40.8174383,2026-01-24 21:34:14.000,_20260124_162539_CH01_REF_TMO-AUTO_HTTP SS UL_NJ DUT REF_L3.dml,,,,N41(100)+N71(15),NR SA,378,-94.480000,2.840000,,,,,,,,,,,0.000,,2.200,,,,
531,1,,,-73.9599900,40.8174383,2026-01-24 21:34:15.000,_20260124_162539_CH01_REF_TMO-AUTO_HTTP SS UL_NJ DUT REF_L3.dml,,,,N41(100)+N71(15),NR SA,378,-94.360000,3.380000,,,,,,,,,,,0.000,,2.672,,,,
532,1,,,-73.9599900,40.8174383,2026-01-24 21:34:16.000,_20260124_162539_CH01_REF_TMO-AUTO_HTTP SS UL_NJ DUT REF_L3.dml,,,,N41(100)+N71(15),NR SA,378,-95.380000,2.740000,,,,,,,,,,,0.000,,2.416,,,,
533,1,,,-73.9599900,40.8174383,2026-01-24 21:34:17.000,_20260124_162539_CH01_REF_TMO-AUTO_HTTP SS UL_NJ DUT REF_L3.dml,,,,N41(100)+N71(15),NR SA,378,-95.000000,3.690000,,,,,,,,,,,0.000,,1.984,,,,
534,1,,,-73.9599900,40.8174383,2026-01-24 21:34:18.000,_20260124_162539_CH01_REF_TMO-AUTO_HTTP SS UL_NJ DUT REF_L3.dml,,,,N41(100)+N71(15),NR SA,378,-95.000000,3.250000,,,,,,,,,,,5.243,,2.240,,,,
535,1,,,-73.9599900,40.8174383,2026-01-24 21:34:19.000,_20260124_162539_CH01_REF_TMO-AUTO_HTTP SS UL_NJ DUT REF_L3.dml,,,,N41(100)+N71(15),NR SA,378,-95.600000,2.680000,,,,,,,,,,,0.000,,2.720,,,,
536,1,,,-73.9599900,40.8174383,2026-01-24 21:34:20.000,_20260124_162539_CH01_REF_TMO-AUTO_HTTP SS UL_NJ DUT REF_L3.dml,,,,N41(100)+N71(15),NR SA,378,-95.560000,1.860000,,,,,,,,,,,5.243,,2.360,,,,
537,1,,,-73.9599900,40.8174383,2026-01-24 21:34:21.000,_20260124_162539_CH01_REF_TMO-AUTO_HTTP SS UL_NJ DUT REF_L3.dml,,,,N41(100)+N71(15),NR SA,378,-94.920000,2.880000,,,,,,,,,,,0.000,,2.360,,,,
538,1,,,-73.9599900,40.8174383,2026-01-24 21:34:22.000,_20260124_162539_CH01_REF_TMO-AUTO_HTTP SS UL_NJ DUT REF_L3.dml,,,,N41(100)+N71(15),NR SA,378,-95.440000,3.420000,,,,,,,,,,,0.000,,2.264,,,,
539,1,,,-73.9599900,40.8174383,2026-01-24 21:34:23.000,_20260124_162539_CH01_REF_TMO-AUTO_HTTP SS UL_NJ DUT REF_L3.dml,,,,N41(100)+N71(15),NR SA,378,-95.400000,3.360000,,,,,,,,,,,0.000,,2.208,,,,
540,1,,,-73.9599900,40.8174383,2026-01-24 21:34:24.000,_20260124_162539_CH01_REF_TMO-AUTO_HTTP SS UL_NJ DUT REF_L3.dml,,,,N41(100)+N71(15),NR SA,378,-95.380000,3.840000,,,,,,,,,,,6.291,,2.376,,,,
541,1,,,-73.9599900,40.8174383,2026-01-24 21:34:25.000,_20260124_162539_CH01_REF_TMO-AUTO_HTTP SS UL_NJ DUT REF_L3.dml,,,,N41(100)+N71(15),NR SA,378,-96.660000,1.340000,,,,,,,,,,,0.000,,2.744,,,,
542,1,,,-73.9599900,40.8174383,2026-01-24 21:34:26.000,_20260124_162539_CH01_REF_TMO-AUTO_HTTP SS UL_NJ DUT REF_L3.dml,,,,N41(100)+N71(15),NR SA,378,-96.290000,1.870000,,,,,,,,,,,0.000,,2.488,,,,
543,1,,,-73.9599900,40.8174383,2026-01-24 21:34:27.000,_20260124_162539_CH01_REF_TMO-AUTO_HTTP SS UL_NJ DUT REF_L3.dml,,,,N41(100)+N71(15),NR SA,378,-96.750000,2.110000,,,,,,,,,,,0.000,,2.016,,,,
544,1,,,-73.9599900,40.8174383,2026-01-24 21:34:28.000,_20260124_162539_CH01_REF_TMO-AUTO_HTTP SS UL_NJ DUT REF_L3.dml,,,,N41(100)+N71(15),NR SA,378,-96.110000,2.660000,,,,,,,,,,,5.243,,1.904,,,,
545,1,,,-73.9599900,40.8174383,2026-01-24 21:34:29.000,_20260124_162539_CH01_REF_TMO-AUTO_HTTP SS UL_NJ DUT REF_L3.dml,,,,N41(100)+N71(15),NR SA,378,-95.340000,2.260000,,,,,,,,,,,0.000,,1.944,,,,
546,1,,,-73.9599900,40.8174383,2026-01-24 21:34:30.000,_20260124_162539_CH01_REF_TMO-AUTO_HTTP SS UL_NJ DUT REF_L3.dml,,,,N41(100)+N71(15),NR SA,378,-96.020000,1.430000,,,,,,,,,,,0.000,,2.208,,,,
547,1,,,-73.9599900,40.8174383,2026-01-24 21:34:31.000,_20260124_162539_CH01_REF_TMO-AUTO_HTTP SS UL_NJ DUT REF_L3.dml,,,,N41(100)+N71(15),NR SA,378,-96.060000,2.280000,,,,,,,,,,,0.000,,2.048,,,,
548,1,,,-73.9599900,40.8174383,2026-01-24 21:34:32.000,_20260124_162539_CH01_REF_TMO-AUTO_HTTP SS UL_NJ DUT REF_L3.dml,,,,N41(100)+N71(15),NR SA,378,-95.880000,2.700000,,,,,,,,,,,6.291,,1.848,,,,
549,1,,,-73.9599900,40.8174383,2026-01-24 21:34:33.000,_20260124_162539_CH01_REF_TMO-AUTO_HTTP SS UL_NJ DUT REF_L3.dml,,,,N41(100)+N71(15),NR SA,378,-97.280000,1.460000,,,,,,,,,,,0.000,,2.064,,,,
550,1,,,-73.9599900,40.8174383,2026-01-24 21:34:34.000,_20260124_162539_CH01_REF_TMO-AUTO_HTTP SS UL_NJ DUT REF_L3.dml,,,,N41(100)+N71(15),NR SA,378,-95.280000,3.460000,,,,,,,,,,,0.000,,2.016,,,,
551,1,,,-73.9599900,40.8174383,2026-01-24 21:34:35.000,_20260124_162539_CH01_REF_TMO-AUTO_HTTP SS UL_NJ DUT REF_L3.dml,,,,N41(100)+N71(15),NR SA,378,-95.520000,4.360000,,,,,,,,,,,0.000,,2.552,,,,
552,1,,,-73.9599900,40.8174383,2026-01-24 21:34:36.000,_20260124_162539_CH01_REF_TMO-AUTO_HTTP SS UL_NJ DUT REF_L3.dml,,,,N41(100)+N71(15),NR SA,378,-95.560000,3.790000,,,,,,,,,,,0.000,,1.944,,,,
553,1,,,-73.9599900,40.8174383,2026-01-24 21:34:37.000,_20260124_162539_CH01_REF_TMO-AUTO_HTTP SS UL_NJ DUT REF_L3.dml,,,,N41(100)+N71(15),NR SA,378,-95.150000,3.930000,,,,,,,,,,,5.243,,2.384,,,,
554,1,,,-73.9599900,40.8174383,2026-01-24 21:34:38.000,_20260124_162539_CH01_REF_TMO-AUTO_HTTP SS UL_NJ DUT REF_L3.dml,,,,N41(100)+N71(15),NR SA,378,-95.730000,2.160000,,,,,,,,,,,0.000,,1.872,,,,
555,1,,,-73.9599900,40.8174383,2026-01-24 21:34:39.000,_20260124_162539_CH01_REF_TMO-AUTO_HTTP SS UL_NJ DUT REF_L3.dml,,,,N41(100)+N71(15),NR SA,378,-95.820000,1.440000,,,,,,,,,,,0.000,,2.104,,,,
556,1,,,-73.9599900,40.8174383,2026-01-24 21:34:40.000,_20260124_162539_CH01_REF_TMO-AUTO_HTTP SS UL_NJ DUT REF_L3.dml,,,,N41(100)+N71(15),NR SA,378,-96.300000,1.680000,,,,,,,,,,,6.291,,2.416,,,,
557,1,,,-73.9599900,40.8174383,2026-01-24 21:34:41.000,_20260124_162539_CH01_REF_TMO-AUTO_HTTP SS UL_NJ DUT REF_L3.dml,,,,N41(100)+N71(15),NR SA,378,-96.520000,1.440000,,,,,,,,,,,0.000,,2.184,,,,
558,1,,,-73.9599900,40.8174383,2026-01-24 21:34:42.000,_20260124_162539_CH01_REF_TMO-AUTO_HTTP SS UL_NJ DUT REF_L3.dml,,,,N41(100)+N71(15),NR SA,378,-96.000000,1.580000,,,,,,,,,,,0.000,,2.440,,,,
559,1,,,-73.9599900,40.8174383,2026-01-24 21:34:42.681,_20260124_162539_CH01_REF_TMO-AUTO_HTTP SS UL_NJ DUT REF_L3.dml,,,,,,,,,,,,,,,Upload Ended,,,,,,,,,,
560,1,,,-73.9599900,40.8174383,2026-01-24 21:34:43.000,_20260124_162539_CH01_REF_TMO-AUTO_HTTP SS UL_NJ DUT REF_L3.dml,,,,N41(100)+N71(15),NR SA,378,-96.330000,1.960000,,,,,,,,,,,0.000,,2.616,,,,
561,1,,,-73.9599900,40.8174383,2026-01-24 21:34:44.000,_20260124_162539_CH01_REF_TMO-AUTO_HTTP SS UL_NJ DUT REF_L3.dml,,,,N41(100)+N71(15),NR SA,378,-96.290000,2.110000,,,,,,,,,,,9.353,,2.248,,,,
562,1,,,-73.9599900,40.8174383,2026-01-24 21:34:45.000,_20260124_162539_CH01_REF_TMO-AUTO_HTTP SS UL_NJ DUT REF_L3.dml,,,,N41(100)+N71(15),,378,-95.740000,2.650000,,,,,,,,,,,,,2.360,,,,
563,1,,,-73.9599900,40.8174383,2026-01-24 21:34:46.000,_20260124_162539_CH01_REF_TMO-AUTO_HTTP SS UL_NJ DUT REF_L3.dml,,,,N41(100)+N71(15),,378,-95.390000,2.610000,,,,,,,,,,,,,1.976,,,,
564,1,,,-73.9599900,40.8174383,2026-01-24 21:34:47.000,_20260124_162539_CH01_REF_TMO-AUTO_HTTP SS UL_NJ DUT REF_L3.dml,,,,N41(100)+N71(15),,378,-95.640000,2.890000,,,,,,,,,,,,,2.264,,,,
565,1,,,-73.9599900,40.8174383,2026-01-24 21:34:48.000,_20260124_162539_CH01_REF_TMO-AUTO_HTTP SS UL_NJ DUT REF_L3.dml,,,,N41(100)+N71(15),,378,-95.480000,2.700000,,,,,,,,,,,,,2.160,,,,
566,1,,,-73.9599900,40.8174383,2026-01-24 21:34:48.479,_20260124_162539_CH01_REF_TMO-AUTO_HTTP SS UL_NJ DUT REF_L3.dml,,,,,,,,,,,,,,,Upload Start Request,,,,,,,,,,
567,1,,,-73.9599900,40.8174383,2026-01-24 21:34:48.698,_20260124_162539_CH01_REF_TMO-AUTO_HTTP SS UL_NJ DUT REF_L3.dml,,,,,,,,,,,,,,,Upload Started,,,,,,,,,,
568,1,,,-73.9599900,40.8174383,2026-01-24 21:34:49.000,_20260124_162539_CH01_REF_TMO-AUTO_HTTP SS UL_NJ DUT REF_L3.dml,,,,N41(100)+N71(15),NR SA,378,-96.040000,2.500000,,,,,,,,,,,,,2.336,,,,
569,1,,,-73.9599900,40.8174383,2026-01-24 21:34:50.000,_20260124_162539_CH01_REF_TMO-AUTO_HTTP SS UL_NJ DUT REF_L3.dml,,,,N41(100)+N71(15),NR SA,378,-95.740000,2.700000,,,,,,,,,,,,,2.336,,,,
570,1,,,-73.9599900,40.8174383,2026-01-24 21:34:51.000,_20260124_162539_CH01_REF_TMO-AUTO_HTTP SS UL_NJ DUT REF_L3.dml,,,,N41(100)+N71(15),NR SA,378,-95.600000,2.880000,,,,,,,,,,,15.713,,2.728,,,,
571,1,,,-73.9599900,40.8174383,2026-01-24 21:34:52.000,_20260124_162539_CH01_REF_TMO-AUTO_HTTP SS UL_NJ DUT REF_L3.dml,,,,N41(100)+N71(15),NR SA,378,-95.840000,2.460000,,,,,,,,,,,0.000,,2.552,,,,
572,1,,,-73.9599900,40.8174383,2026-01-24 21:34:53.000,_20260124_162539_CH01_REF_TMO-AUTO_HTTP SS UL_NJ DUT REF_L3.dml,,,,N41(100)+N71(15),NR SA,378,-96.000000,2.280000,,,,,,,,,,,0.000,,2.544,,,,
573,1,,,-73.9599900,40.8174383,2026-01-24 21:34:54.000,_20260124_162539_CH01_REF_TMO-AUTO_HTTP SS UL_NJ DUT REF_L3.dml,,,,N41(100)+N71(15),NR SA,378,-95.400000,3.020000,,,,,,,,,,,0.000,,2.136,,,,
574,1,,,-73.9599900,40.8174383,2026-01-24 21:34:55.000,_20260124_162539_CH01_REF_TMO-AUTO_HTTP SS UL_NJ DUT REF_L3.dml,,,,N41(100)+N71(15),NR SA,378,-96.440000,2.540000,,,,,,,,,,,0.000,,0.600,,,,
575,1,,,-73.9599900,40.8174383,2026-01-24 21:34:56.000,_20260124_162539_CH01_REF_TMO-AUTO_HTTP SS UL_NJ DUT REF_L3.dml,,,,N41(100)+N71(15),NR SA,378,-100.110000,-0.070000,,,,,,,,,,,0.000,,1.928,,,,
576,1,,,-73.9599900,40.8174383,2026-01-24 21:34:57.000,_20260124_162539_CH01_REF_TMO-AUTO_HTTP SS UL_NJ DUT REF_L3.dml,,,,N41(100)+N71(15),NR SA,378,-96.000000,1.640000,,,,,,,,,,,0.000,,1.992,,,,
577,1,,,-73.9599900,40.8174383,2026-01-24 21:34:58.000,_20260124_162539_CH01_REF_TMO-AUTO_HTTP SS UL_NJ DUT REF_L3.dml,,,,N41(100)+N71(15),NR SA,378,-96.020000,3.950000,,,,,,,,,,,0.000,,2.024,,,,
578,1,,,-73.9599900,40.8174383,2026-01-24 21:34:59.000,_20260124_162539_CH01_REF_TMO-AUTO_HTTP SS UL_NJ DUT REF_L3.dml,,,,N41(100)+N71(15),NR SA,378,-96.680000,3.720000,,,,,,,,,,,0.000,,2.448,,,,
579,1,,,-73.9599900,40.8174383,2026-01-24 21:35:00.000,_20260124_162539_CH01_REF_TMO-AUTO_HTTP SS UL_NJ DUT REF_L3.dml,,,,N41(100)+N71(15),NR SA,378,-96.840000,3.740000,,,,,,,,,,,6.298,,2.112,,,,
580,1,,,-73.9599900,40.8174383,2026-01-24 21:35:01.000,_20260124_162539_CH01_REF_TMO-AUTO_HTTP SS UL_NJ DUT REF_L3.dml,,,,N41(100)+N71(15),NR SA,378,-96.480000,3.900000,,,,,,,,,,,0.000,,2.912,,,,
581,1,,,-73.9599900,40.8174383,2026-01-24 21:35:02.000,_20260124_162539_CH01_REF_TMO-AUTO_HTTP SS UL_NJ DUT REF_L3.dml,,,,N41(100)+N71(15),NR SA,378,-96.400000,3.940000,,,,,,,,,,,0.000,,2.224,,,,
582,1,,,-73.9599900,40.8174383,2026-01-24 21:35:03.000,_20260124_162539_CH01_REF_TMO-AUTO_HTTP SS UL_NJ DUT REF_L3.dml,,,,N41(100)+N71(15),NR SA,378,-96.140000,3.720000,,,,,,,,,,,0.000,,2.512,,,,
583,1,,,-73.9598783,40.8174717,2026-01-24 21:35:04.000,_20260124_162539_CH01_REF_TMO-AUTO_HTTP SS UL_NJ DUT REF_L3.dml,,,,N41(100)+N71(15),NR SA,378,-96.000000,3.260000,,,,,,,,,,,5.243,,2.488,,,,
584,1,,,-73.9598783,40.8174717,2026-01-24 21:35:05.000,_20260124_162539_CH01_REF_TMO-AUTO_HTTP SS UL_NJ DUT REF_L3.dml,,,,N41(100)+N71(15),NR SA,378,-96.420000,2.840000,,,,,,,,,,,0.000,,2.392,,,,
585,1,,,-73.9598767,40.8174717,2026-01-24 21:35:06.000,_20260124_162539_CH01_REF_TMO-AUTO_HTTP SS UL_NJ DUT REF_L3.dml,,,,N41(100)+N71(15),NR SA,378,-96.710000,2.070000,,,,,,,,,,,0.000,,2.040,,,,
586,1,,,-73.9598783,40.8174700,2026-01-24 21:35:07.000,_20260124_162539_CH01_REF_TMO-AUTO_HTTP SS UL_NJ DUT REF_L3.dml,,,,N41(100)+N71(15),NR SA,378,-96.550000,2.490000,,,,,,,,,,,0.000,,2.424,,,,
587,1,,,-73.9598783,40.8174700,2026-01-24 21:35:08.000,_20260124_162539_CH01_REF_TMO-AUTO_HTTP SS UL_NJ DUT REF_L3.dml,,,,N41(100)+N71(15),NR SA,378,-95.740000,3.800000,,,,,,,,,,,0.000,,2.112,,,,
588,1,,,-73.9598783,40.8174700,2026-01-24 21:35:09.000,_20260124_162539_CH01_REF_TMO-AUTO_HTTP SS UL_NJ DUT REF_L3.dml,,,,N41(100)+N71(15),NR SA,378,-95.460000,3.900000,,,,,,,,,,,7.340,,2.168,,,,
589,1,,,-73.9598783,40.8174700,2026-01-24 21:35:10.000,_20260124_162539_CH01_REF_TMO-AUTO_HTTP SS UL_NJ DUT REF_L3.dml,,,,N41(100)+N71(15),NR SA,378,-95.180000,3.880000,,,,,,,,,,,0.000,,2.240,,,,
590,1,,,-73.9598783,40.8174700,2026-01-24 21:35:11.000,_20260124_162539_CH01_REF_TMO-AUTO_HTTP SS UL_NJ DUT REF_L3.dml,,,,N41(100)+N71(15),NR SA,378,-95.440000,3.310000,,,,,,,,,,,0.000,,2.936,,,,
591,1,,,-73.9598783,40.8174700,2026-01-24 21:35:12.000,_20260124_162539_CH01_REF_TMO-AUTO_HTTP SS UL_NJ DUT REF_L3.dml,,,,N41(100)+N71(15),NR SA,378,-95.160000,3.240000,,,,,,,,,,,5.243,,3.064,,,,
592,1,,,-73.9598783,40.8174700,2026-01-24 21:35:13.000,_20260124_162539_CH01_REF_TMO-AUTO_HTTP SS UL_NJ DUT REF_L3.dml,,,,N41(100)+N71(15),NR SA,378,-95.750000,2.950000,,,,,,,,,,,0.000,,2.376,,,,
593,1,,,-73.9598783,40.8174700,2026-01-24 21:35:14.000,_20260124_162539_CH01_REF_TMO-AUTO_HTTP SS UL_NJ DUT REF_L3.dml,,,,N41(100)+N71(15),NR SA,378,-94.620000,3.780000,,,,,,,,,,,,,2.432,,,,
594,1,,,-73.9598783,40.8174700,2026-01-24 21:35:15.000,_20260124_162539_CH01_REF_TMO-AUTO_HTTP SS UL_NJ DUT REF_L3.dml,,,,N41(100)+N71(15),NR SA,378,-94.640000,3.270000,,,,,,,,,,,0.000,,2.408,,,,
595,1,,,-73.9598783,40.8174700,2026-01-24 21:35:16.000,_20260124_162539_CH01_REF_TMO-AUTO_HTTP SS UL_NJ DUT REF_L3.dml,,,,N41(100)+N71(15),NR SA,378,-94.780000,3.000000,,,,,,,,,,,6.298,,2.240,,,,
596,1,,,-73.9598783,40.8174700,2026-01-24 21:35:17.000,_20260124_162539_CH01_REF_TMO-AUTO_HTTP SS UL_NJ DUT REF_L3.dml,,,,N41(100)+N71(15),NR SA,378,-94.390000,3.030000,,,,,,,,,,,0.000,,2.184,,,,
597,1,,,-73.9598783,40.8174700,2026-01-24 21:35:18.000,_20260124_162539_CH01_REF_TMO-AUTO_HTTP SS UL_NJ DUT REF_L3.dml,,,,N41(100)+N71(15),NR SA,378,-94.790000,3.370000,,,,,,,,,,,0.000,,,,,,
598,1,,,-73.9598783,40.8174700,2026-01-24 21:35:19.000,_20260124_162539_CH01_REF_TMO-AUTO_HTTP SS UL_NJ DUT REF_L3.dml,,,,N41(100)+N71(15),NR SA,378,-95.000000,2.740000,,,,,,,,,,,0.000,,2.560,,,,
599,1,,,-73.9598783,40.8174700,2026-01-24 21:35:20.000,_20260124_162539_CH01_REF_TMO-AUTO_HTTP SS UL_NJ DUT REF_L3.dml,,,,N41(100)+N71(15),NR SA,378,-95.040000,3.100000,,,,,,,,,,,5.243,,2.632,,,,
600,1,,,-73.9598783,40.8174700,2026-01-24 21:35:21.000,_20260124_162539_CH01_REF_TMO-AUTO_HTTP SS UL_NJ DUT REF_L3.dml,,,,N41(100)+N71(15),NR SA,378,-95.520000,3.120000,,,,,,,,,,,0.000,,1.944,,,,
601,1,,,-73.9598783,40.8174700,2026-01-24 21:35:22.000,_20260124_162539_CH01_REF_TMO-AUTO_HTTP SS UL_NJ DUT REF_L3.dml,,,,N41(100)+N71(15),NR SA,378,-95.980000,2.980000,,,,,,,,,,,0.000,,2.312,,,,
602,1,,,-73.9598783,40.8174700,2026-01-24 21:35:23.000,_20260124_162539_CH01_REF_TMO-AUTO_HTTP SS UL_NJ DUT REF_L3.dml,,,,N41(100)+N71(15),NR SA,378,-95.550000,3.670000,,,,,,,,,,,6.291,,2.368,,,,
603,1,,,-73.9598783,40.8174700,2026-01-24 21:35:24.000,_20260124_162539_CH01_REF_TMO-AUTO_HTTP SS UL_NJ DUT REF_L3.dml,,,,N41(100)+N71(15),NR SA,378,-95.800000,2.510000,,,,,,,,,,,0.000,,2.304,,,,
604,1,,,-73.9598783,40.8174700,2026-01-24 21:35:25.000,_20260124_162539_CH01_REF_TMO-AUTO_HTTP SS UL_NJ DUT REF_L3.dml,,,,N41(100)+N71(15),NR SA,378,-95.560000,2.860000,,,,,,,,,,,0.000,,2.248,,,,
605,1,,,-73.9598783,40.8174700,2026-01-24 21:35:26.000,_20260124_162539_CH01_REF_TMO-AUTO_HTTP SS UL_NJ DUT REF_L3.dml,,,,N41(100)+N71(15),NR SA,378,-95.240000,2.600000,,,,,,,,,,,0.000,,2.424,,,,
606,1,,,-73.9598783,40.8174700,2026-01-24 21:35:27.000,_20260124_162539_CH01_REF_TMO-AUTO_HTTP SS UL_NJ DUT REF_L3.dml,,,,N41(100)+N71(15),NR SA,378,-95.180000,1.220000,,,,,,,,,,,5.243,,2.824,,,,
607,1,,,-73.9598783,40.8174700,2026-01-24 21:35:28.000,_20260124_162539_CH01_REF_TMO-AUTO_HTTP SS UL_NJ DUT REF_L3.dml,,,,N41(100)+N71(15),NR SA,378,-94.620000,1.600000,,,,,,,,,,,0.000,,1.840,,,,
608,1,,,-73.9598783,40.8174700,2026-01-24 21:35:29.000,_20260124_162539_CH01_REF_TMO-AUTO_HTTP SS UL_NJ DUT REF_L3.dml,,,,N41(100)+N71(15),NR SA,378,-95.240000,1.380000,,,,,,,,,,,0.000,,2.200,,,,
609,1,,,-73.9598783,40.8174700,2026-01-24 21:35:30.000,_20260124_162539_CH01_REF_TMO-AUTO_HTTP SS UL_NJ DUT REF_L3.dml,,,,N41(100)+N71(15),NR SA,378,-95.130000,1.380000,,,,,,,,,,,0.000,,2.568,,,,
610,1,,,-73.9598783,40.8174700,2026-01-24 21:35:31.000,_20260124_162539_CH01_REF_TMO-AUTO_HTTP SS UL_NJ DUT REF_L3.dml,,,,N41(100)+N71(15),NR SA,378,-95.620000,1.440000,,,,,,,,,,,0.000,,1.544,,,,
611,1,,,-73.9598783,40.8174700,2026-01-24 21:35:32.000,_20260124_162539_CH01_REF_TMO-AUTO_HTTP SS UL_NJ DUT REF_L3.dml,,,,N41(100)+N71(15),NR SA,378,-95.400000,1.160000,,,,,,,,,,,6.291,,1.664,,,,
612,1,,,-73.9598783,40.8174700,2026-01-24 21:35:33.000,_20260124_162539_CH01_REF_TMO-AUTO_HTTP SS UL_NJ DUT REF_L3.dml,,,,N41(100)+N71(15),NR SA,378,-96.360000,0.000000,,,,,,,,,,,0.000,,1.776,,,,
613,1,,,-73.9598783,40.8174700,2026-01-24 21:35:34.000,_20260124_162539_CH01_REF_TMO-AUTO_HTTP SS UL_NJ DUT REF_L3.dml,,,,N41(100)+N71(15),NR SA,378,-95.460000,0.220000,,,,,,,,,,,0.000,,1.704,,,,
614,1,,,-73.9598783,40.8174700,2026-01-24 21:35:35.000,_20260124_162539_CH01_REF_TMO-AUTO_HTTP SS UL_NJ DUT REF_L3.dml,,,,N41(100)+N71(15),NR SA,378,-95.240000,1.800000,,,,,,,,,,,0.000,,2.104,,,,
615,1,,,-73.9598783,40.8174700,2026-01-24 21:35:36.000,_20260124_162539_CH01_REF_TMO-AUTO_HTTP SS UL_NJ DUT REF_L3.dml,,,,N41(100)+N71(15),NR SA,378,-95.900000,0.380000,,,,,,,,,,,0.000,,2.104,,,,
616,1,,,-73.9598783,40.8174700,2026-01-24 21:35:37.000,_20260124_162539_CH01_REF_TMO-AUTO_HTTP SS UL_NJ DUT REF_L3.dml,,,,N41(100)+N71(15),NR SA,378,-96.280000,0.100000,,,,,,,,,,,5.243,,1.808,,,,
617,1,,,-73.9598783,40.8174700,2026-01-24 21:35:38.000,_20260124_162539_CH01_REF_TMO-AUTO_HTTP SS UL_NJ DUT REF_L3.dml,,,,N41(100)+N71(15),NR SA,378,-98.240000,-0.240000,,,,,,,,,,,0.000,,1.816,,,,
618,1,,,-73.9598783,40.8174700,2026-01-24 21:35:39.000,_20260124_162539_CH01_REF_TMO-AUTO_HTTP SS UL_NJ DUT REF_L3.dml,,,,N41(100)+N71(15),NR SA,378,-94.860000,1.160000,,,,,,,,,,,0.000,,2.032,,,,
619,1,,,-73.9598783,40.8174700,2026-01-24 21:35:40.000,_20260124_162539_CH01_REF_TMO-AUTO_HTTP SS UL_NJ DUT REF_L3.dml,,,,N41(100)+N71(15),NR SA,378,-94.760000,1.900000,,,,,,,,,,,0.000,,2.104,,,,
620,1,,,-73.9598783,40.8174700,2026-01-24 21:35:41.000,_20260124_162539_CH01_REF_TMO-AUTO_HTTP SS UL_NJ DUT REF_L3.dml,,,,N41(100)+N71(15),NR SA,378,-94.840000,2.020000,,,,,,,,,,,6.298,,2.088,,,,
621,1,,,-73.9598783,40.8174700,2026-01-24 21:35:42.000,_20260124_162539_CH01_REF_TMO-AUTO_HTTP SS UL_NJ DUT REF_L3.dml,,,,N41(100)+N71(15),NR SA,378,-94.700000,2.220000,,,,,,,,,,,0.000,,2.776,,,,
622,1,,,-73.9598783,40.8174700,2026-01-24 21:35:43.000,_20260124_162539_CH01_REF_TMO-AUTO_HTTP SS UL_NJ DUT REF_L3.dml,,,,N41(100)+N71(15),NR SA,378,-95.860000,2.600000,,,,,,,,,,,0.000,,2.152,,,,
623,1,,,-73.9598783,40.8174700,2026-01-24 21:35:44.000,_20260124_162539_CH01_REF_TMO-AUTO_HTTP SS UL_NJ DUT REF_L3.dml,,,,N41(100)+N71(15),NR SA,378,-95.850000,1.760000,,,,,,,,,,,0.000,,2.048,,,,
624,1,,,-73.9598783,40.8174700,2026-01-24 21:35:45.000,_20260124_162539_CH01_REF_TMO-AUTO_HTTP SS UL_NJ DUT REF_L3.dml,,,,N41(100)+N71(15),NR SA,378,-96.120000,0.840000,,,,,,,,,,,,,1.720,,,,
625,1,,,-73.9598783,40.8174700,2026-01-24 21:35:46.000,_20260124_162539_CH01_REF_TMO-AUTO_HTTP SS UL_NJ DUT REF_L3.dml,,,,N41(100)+N71(15),NR SA,378,-96.660000,3.260000,,,,,,,,,,,0.000,,1.656,,,,
626,1,,,-73.9598783,40.8174700,2026-01-24 21:35:47.000,_20260124_162539_CH01_REF_TMO-AUTO_HTTP SS UL_NJ DUT REF_L3.dml,,,,N41(100)+N71(15),NR SA,378,-96.000000,3.620000,,,,,,,,,,,5.243,,2.440,,,,
627,1,,,-73.9598783,40.8174700,2026-01-24 21:35:48.000,_20260124_162539_CH01_REF_TMO-AUTO_HTTP SS UL_NJ DUT REF_L3.dml,,,,N41(100)+N71(15),NR SA,378,-95.640000,3.020000,,,,,,,,,,,0.000,,2.616,,,,
628,1,,,-73.9598783,40.8174700,2026-01-24 21:35:49.000,_20260124_162539_CH01_REF_TMO-AUTO_HTTP SS UL_NJ DUT REF_L3.dml,,,,N41(100)+N71(15),NR SA,378,-95.940000,1.590000,,,,,,,,,,,0.000,,2.864,,,,
629,1,,,-73.9598783,40.8174700,2026-01-24 21:35:50.000,_20260124_162539_CH01_REF_TMO-AUTO_HTTP SS UL_NJ DUT REF_L3.dml,,,,N41(100)+N71(15),NR SA,378,-95.810000,2.400000,,,,,,,,,,,0.000,,,,,,
630,1,,,-73.9598783,40.8174700,2026-01-24 21:35:51.000,_20260124_162539_CH01_REF_TMO-AUTO_HTTP SS UL_NJ DUT REF_L3.dml,,,,N41(100)+N71(15),NR SA,378,-95.860000,2.300000,,,,,,,,,,,0.000,,2.664,,,,
631,1,,,-73.9598783,40.8174700,2026-01-24 21:35:52.000,_20260124_162539_CH01_REF_TMO-AUTO_HTTP SS UL_NJ DUT REF_L3.dml,,,,N41(100)+N71(15),NR SA,378,-96.160000,1.800000,,,,,,,,,,,6.291,,2.408,,,,
632,1,,,-73.9598783,40.8174700,2026-01-24 21:35:53.000,_20260124_162539_CH01_REF_TMO-AUTO_HTTP SS UL_NJ DUT REF_L3.dml,,,,N41(100)+N71(15),NR SA,378,-95.640000,1.220000,,,,,,,,,,,0.000,,2.152,,,,
633,1,,,-73.9598783,40.8174700,2026-01-24 21:35:54.000,_20260124_162539_CH01_REF_TMO-AUTO_HTTP SS UL_NJ DUT REF_L3.dml,,,,N41(100)+N71(15),NR SA,378,-95.600000,1.110000,,,,,,,,,,,0.000,,1.936,,,,
634,1,,,-73.9598783,40.8174700,2026-01-24 21:35:55.000,_20260124_162539_CH01_REF_TMO-AUTO_HTTP SS UL_NJ DUT REF_L3.dml,,,,N41(100)+N71(15),NR SA,378,-96.180000,0.270000,,,,,,,,,,,0.000,,2.104,,,,
635,1,,,-73.9598783,40.8174700,2026-01-24 21:35:56.000,_20260124_162539_CH01_REF_TMO-AUTO_HTTP SS UL_NJ DUT REF_L3.dml,,,,N41(100)+N71(15),NR SA,378,-95.440000,1.360000,,,,,,,,,,,5.243,,2.608,,,,
636,1,,,-73.9598783,40.8174700,2026-01-24 21:35:57.000,_20260124_162539_CH01_REF_TMO-AUTO_HTTP SS UL_NJ DUT REF_L3.dml,,,,N41(100)+N71(15),NR SA,378,-94.880000,0.910000,,,,,,,,,,,0.000,,2.544,,,,
637,1,,,-73.9598783,40.8174700,2026-01-24 21:35:58.000,_20260124_162539_CH01_REF_TMO-AUTO_HTTP SS UL_NJ DUT REF_L3.dml,,,,N41(100)+N71(15),NR SA,378,-95.920000,1.940000,,,,,,,,,,,0.000,,2.088,,,,
638,1,,,-73.9598783,40.8174700,2026-01-24 21:35:59.000,_20260124_162539_CH01_REF_TMO-AUTO_HTTP SS UL_NJ DUT REF_L3.dml,,,,N41(100)+N71(15),NR SA,378,-94.780000,2.330000,,,,,,,,,,,0.000,,1.912,,,,
639,1,,,-73.9598783,40.8174700,2026-01-24 21:36:00.000,_20260124_162539_CH01_REF_TMO-AUTO_HTTP SS UL_NJ DUT REF_L3.dml,,,,N41(100)+N71(15),NR SA,378,-95.890000,0.960000,,,,,,,,,,,0.000,,1.888,,,,
640,1,,,-73.9598783,40.8174700,2026-01-24 21:36:01.000,_20260124_162539_CH01_REF_TMO-AUTO_HTTP SS UL_NJ DUT REF_L3.dml,,,,N41(100)+N71(15),NR SA,378,-95.520000,1.960000,,,,,,,,,,,6.291,,2.152,,,,
641,1,,,-73.9598783,40.8174700,2026-01-24 21:36:02.000,_20260124_162539_CH01_REF_TMO-AUTO_HTTP SS UL_NJ DUT REF_L3.dml,,,,N41(100)+N71(15),NR SA,378,-95.870000,0.850000,,,,,,,,,,,0.000,,1.640,,,,
642,1,,,-73.9598783,40.8174700,2026-01-24 21:36:03.000,_20260124_162539_CH01_REF_TMO-AUTO_HTTP SS UL_NJ DUT REF_L3.dml,,,,N41(100)+N71(15),NR SA,378,-98.400000,1.310000,,,,,,,,,,,0.000,,1.728,,,,
643,1,,,-73.9598783,40.8174700,2026-01-24 21:36:04.000,_20260124_162539_CH01_REF_TMO-AUTO_HTTP SS UL_NJ DUT REF_L3.dml,,,,N41(100)+N71(15),NR SA,378,-95.610000,1.580000,,,,,,,,,,,0.000,,1.584,,,,
644,1,,,-73.9598783,40.8174700,2026-01-24 21:36:05.000,_20260124_162539_CH01_REF_TMO-AUTO_HTTP SS UL_NJ DUT REF_L3.dml,,,,N41(100)+N71(15),NR SA,378,-94.900000,2.380000,,,,,,,,,,,0.000,,1.752,,,,
645,1,,,-73.9598783,40.8174700,2026-01-24 21:36:06.000,_20260124_162539_CH01_REF_TMO-AUTO_HTTP SS UL_NJ DUT REF_L3.dml,,,,N41(100)+N71(15),NR SA,378,-95.330000,1.490000,,,,,,,,,,,5.248,,2.120,,,,
646,1,,,-73.9598783,40.8174700,2026-01-24 21:36:07.000,_20260124_162539_CH01_REF_TMO-AUTO_HTTP SS UL_NJ DUT REF_L3.dml,,,,N41(100)+N71(15),NR SA,378,-94.220000,2.120000,,,,,,,,,,,0.000,,2.736,,,,
647,1,,,-73.9598783,40.8174700,2026-01-24 21:36:08.000,_20260124_162539_CH01_REF_TMO-AUTO_HTTP SS UL_NJ DUT REF_L3.dml,,,,N41(100)+N71(15),NR SA,378,-94.530000,2.580000,,,,,,,,,,,0.000,,2.392,,,,
648,1,,,-73.9598783,40.8174700,2026-01-24 21:36:09.000,_20260124_162539_CH01_REF_TMO-AUTO_HTTP SS UL_NJ DUT REF_L3.dml,,,,N41(100)+N71(15),NR SA,378,-94.330000,2.070000,,,,,,,,,,,0.000,,3.032,,,,
649,1,,,-73.9598783,40.8174700,2026-01-24 21:36:10.000,_20260124_162539_CH01_REF_TMO-AUTO_HTTP SS UL_NJ DUT REF_L3.dml,,,,N41(100)+N71(15),NR SA,378,-95.200000,1.220000,,,,,,,,,,,6.291,,3.584,,,,
650,1,,,-73.9598783,40.8174700,2026-01-24 21:36:11.000,_20260124_162539_CH01_REF_TMO-AUTO_HTTP SS UL_NJ DUT REF_L3.dml,,,,N41(100)+N71(15),NR SA,378,-94.770000,1.560000,,,,,,,,,,,0.000,,1.984,,,,
651,1,,,-73.9598783,40.8174700,2026-01-24 21:36:11.431,_20260124_162539_CH01_REF_TMO-AUTO_HTTP SS UL_NJ DUT REF_L3.dml,,,,,,,,,,,,,,,Upload Ended,,,,,,,,,,
652,1,,,-73.9598783,40.8174700,2026-01-24 21:36:12.000,_20260124_162539_CH01_REF_TMO-AUTO_HTTP SS UL_NJ DUT REF_L3.dml,,,,N41(100)+N71(15),NR SA,378,-96.910000,2.910000,,,,,,,,,,,0.000,,2.216,,,,
653,1,,,-73.9598783,40.8174700,2026-01-24 21:36:13.000,_20260124_162539_CH01_REF_TMO-AUTO_HTTP SS UL_NJ DUT REF_L3.dml,,,,N41(100)+N71(15),NR SA,378,-95.950000,2.930000,,,,,,,,,,,6.633,,3.032,,,,
654,1,,,-73.9598783,40.8174700,2026-01-24 21:36:14.000,_20260124_162539_CH01_REF_TMO-AUTO_HTTP SS UL_NJ DUT REF_L3.dml,,,,N41(100)+N71(15),,378,-94.760000,3.040000,,,,,,,,,,,,,2.288,,,,
655,1,,,-73.9598783,40.8174700,2026-01-24 21:36:15.000,_20260124_162539_CH01_REF_TMO-AUTO_HTTP SS UL_NJ DUT REF_L3.dml,,,,N41(100)+N71(15),,378,-94.960000,3.670000,,,,,,,,,,,,,2.872,,,,
656,1,,,-73.9598783,40.8174700,2026-01-24 21:36:16.000,_20260124_162539_CH01_REF_TMO-AUTO_HTTP SS UL_NJ DUT REF_L3.dml,,,,N41(100)+N71(15),,378,-94.930000,2.910000,,,,,,,,,,,,,2.520,,,,
657,1,,,-73.9598783,40.8174700,2026-01-24 21:36:17.000,_20260124_162539_CH01_REF_TMO-AUTO_HTTP SS UL_NJ DUT REF_L3.dml,,,,N41(100)+N71(15),,378,-94.600000,2.910000,,,,,,,,,,,,,2.904,,,,
658,1,,,-73.9598783,40.8174700,2026-01-24 21:36:17.322,_20260124_162539_CH01_REF_TMO-AUTO_HTTP SS UL_NJ DUT REF_L3.dml,,,,,,,,,,,,,,,Upload Start Request,,,,,,,,,,
659,1,,,-73.9598783,40.8174700,2026-01-24 21:36:17.620,_20260124_162539_CH01_REF_TMO-AUTO_HTTP SS UL_NJ DUT REF_L3.dml,,,,,,,,,,,,,,,Upload Started,,,,,,,,,,
660,1,,,-73.9598783,40.8174700,2026-01-24 21:36:18.000,_20260124_162539_CH01_REF_TMO-AUTO_HTTP SS UL_NJ DUT REF_L3.dml,,,,N41(100)+N71(15),NR SA,378,-93.860000,3.240000,,,,,,,,,,,,,2.792,,,,
661,1,,,-73.9598783,40.8174700,2026-01-24 21:36:19.000,_20260124_162539_CH01_REF_TMO-AUTO_HTTP SS UL_NJ DUT REF_L3.dml,,,,N41(100)+N71(15),NR SA,378,-94.480000,4.270000,,,,,,,,,,,,,2.144,,,,
662,1,,,-73.9598783,40.8174700,2026-01-24 21:36:20.000,_20260124_162539_CH01_REF_TMO-AUTO_HTTP SS UL_NJ DUT REF_L3.dml,,,,N41(100)+N71(15),NR SA,378,-95.430000,3.890000,,,,,,,,,,,15.729,,3.328,,,,
663,1,,,-73.9598783,40.8174700,2026-01-24 21:36:21.000,_20260124_162539_CH01_REF_TMO-AUTO_HTTP SS UL_NJ DUT REF_L3.dml,,,,N41(100)+N71(15),NR SA,378,-95.150000,3.460000,,,,,,,,,,,0.000,,1.840,,,,
664,1,,,-73.9598783,40.8174700,2026-01-24 21:36:22.000,_20260124_162539_CH01_REF_TMO-AUTO_HTTP SS UL_NJ DUT REF_L3.dml,,,,N41(100)+N71(15),NR SA,378,-95.420000,2.880000,,,,,,,,,,,0.000,,2.384,,,,
665,1,,,-73.9598783,40.8174700,2026-01-24 21:36:23.000,_20260124_162539_CH01_REF_TMO-AUTO_HTTP SS UL_NJ DUT REF_L3.dml,,,,N41(100)+N71(15),NR SA,378,-95.350000,1.960000,,,,,,,,,,,0.000,,2.496,,,,
666,1,,,-73.9598783,40.8174700,2026-01-24 21:36:24.000,_20260124_162539_CH01_REF_TMO-AUTO_HTTP SS UL_NJ DUT REF_L3.dml,,,,N41(100)+N71(15),NR SA,378,-94.600000,1.380000,,,,,,,,,,,0.000,,0.016,,,,
667,1,,,-73.9598783,40.8174700,2026-01-24 21:36:25.000,_20260124_162539_CH01_REF_TMO-AUTO_HTTP SS UL_NJ DUT REF_L3.dml,,,,N41(100)+N71(15),NR SA,378,-94.000000,0.740000,,,,,,,,,,,0.000,,1.936,,,,
668,1,,,-73.9598783,40.8174700,2026-01-24 21:36:26.000,_20260124_162539_CH01_REF_TMO-AUTO_HTTP SS UL_NJ DUT REF_L3.dml,,,,N41(100)+N71(15),NR SA,378,-94.400000,1.640000,,,,,,,,,,,0.000,,2.632,,,,
669,1,,,-73.9598783,40.8174700,2026-01-24 21:36:27.000,_20260124_162539_CH01_REF_TMO-AUTO_HTTP SS UL_NJ DUT REF_L3.dml,,,,N41(100)+N71(15),NR SA,378,-94.530000,1.150000,,,,,,,,,,,0.000,,2.408,,,,
670,1,,,-73.9598783,40.8174700,2026-01-24 21:36:28.000,_20260124_162539_CH01_REF_TMO-AUTO_HTTP SS UL_NJ DUT REF_L3.dml,,,,N41(100)+N71(15),NR SA,378,-94.730000,1.030000,,,,,,,,,,,0.000,,1.912,,,,
671,1,,,-73.9598783,40.8174700,2026-01-24 21:36:29.000,_20260124_162539_CH01_REF_TMO-AUTO_HTTP SS UL_NJ DUT REF_L3.dml,,,,N41(100)+N71(15),NR SA,378,-94.070000,1.140000,,,,,,,,,,,6.291,,1.912,,,,
672,1,,,-73.9598783,40.8174700,2026-01-24 21:36:30.000,_20260124_162539_CH01_REF_TMO-AUTO_HTTP SS UL_NJ DUT REF_L3.dml,,,,N41(100)+N71(15),NR SA,378,-95.580000,0.020000,,,,,,,,,,,0.000,,1.952,,,,
673,1,,,-73.9598783,40.8174700,2026-01-24 21:36:31.000,_20260124_162539_CH01_REF_TMO-AUTO_HTTP SS UL_NJ DUT REF_L3.dml,,,,N41(100)+N71(15),NR SA,378,-94.220000,1.020000,,,,,,,,,,,0.000,,2.208,,,,
674,1,,,-73.9598783,40.8174700,2026-01-24 21:36:32.000,_20260124_162539_CH01_REF_TMO-AUTO_HTTP SS UL_NJ DUT REF_L3.dml,,,,N41(100)+N71(15),NR SA,378,-94.100000,1.920000,,,,,,,,,,,0.000,,2.400,,,,
675,1,,,-73.9598783,40.8174700,2026-01-24 21:36:33.000,_20260124_162539_CH01_REF_TMO-AUTO_HTTP SS UL_NJ DUT REF_L3.dml,,,,N41(100)+N71(15),NR SA,378,-94.080000,2.120000,,,,,,,,,,,0.000,,2.552,,,,
676,1,,,-73.9598783,40.8174700,2026-01-24 21:36:34.000,_20260124_162539_CH01_REF_TMO-AUTO_HTTP SS UL_NJ DUT REF_L3.dml,,,,N41(100)+N71(15),NR SA,378,-94.200000,1.140000,,,,,,,,,,,5.248,,2.064,,,,
677,1,,,-73.9598783,40.8174700,2026-01-24 21:36:35.000,_20260124_162539_CH01_REF_TMO-AUTO_HTTP SS UL_NJ DUT REF_L3.dml,,,,N41(100)+N71(15),NR SA,378,-94.380000,1.680000,,,,,,,,,,,0.000,,2.136,,,,
678,1,,,-73.9598783,40.8174700,2026-01-24 21:36:36.000,_20260124_162539_CH01_REF_TMO-AUTO_HTTP SS UL_NJ DUT REF_L3.dml,,,,N41(100)+N71(15),NR SA,378,-94.000000,3.050000,,,,,,,,,,,0.000,,2.544,,,,
679,1,,,-73.9598783,40.8174700,2026-01-24 21:36:37.000,_20260124_162539_CH01_REF_TMO-AUTO_HTTP SS UL_NJ DUT REF_L3.dml,,,,N41(100)+N71(15),NR SA,378,-94.560000,2.840000,,,,,,,,,,,0.000,,2.112,,,,
680,1,,,-73.9598783,40.8174700,2026-01-24 21:36:38.000,_20260124_162539_CH01_REF_TMO-AUTO_HTTP SS UL_NJ DUT REF_L3.dml,,,,N41(100)+N71(15),NR SA,378,-95.460000,2.160000,,,,,,,,,,,0.000,,2.248,,,,
681,1,,,-73.9598783,40.8174700,2026-01-24 21:36:39.000,_20260124_162539_CH01_REF_TMO-AUTO_HTTP SS UL_NJ DUT REF_L3.dml,,,,N41(100)+N71(15),NR SA,378,-95.920000,1.560000,,,,,,,,,,,7.347,,2.176,,,,
682,1,,,-73.9598783,40.8174700,2026-01-24 21:36:40.000,_20260124_162539_CH01_REF_TMO-AUTO_HTTP SS UL_NJ DUT REF_L3.dml,,,,N41(100)+N71(15),NR SA,378,-95.200000,2.280000,,,,,,,,,,,0.000,,2.960,,,,
683,1,,,-73.9598783,40.8174700,2026-01-24 21:36:41.000,_20260124_162539_CH01_REF_TMO-AUTO_HTTP SS UL_NJ DUT REF_L3.dml,,,,N41(100)+N71(15),NR SA,378,-94.620000,2.680000,,,,,,,,,,,0.000,,2.256,,,,
684,1,,,-73.9598783,40.8174700,2026-01-24 21:36:42.000,_20260124_162539_CH01_REF_TMO-AUTO_HTTP SS UL_NJ DUT REF_L3.dml,,,,N41(100)+N71(15),NR SA,378,-95.000000,2.200000,,,,,,,,,,,0.000,,2.312,,,,
685,1,,,-73.9598783,40.8174700,2026-01-24 21:36:43.000,_20260124_162539_CH01_REF_TMO-AUTO_HTTP SS UL_NJ DUT REF_L3.dml,,,,N41(100)+N71(15),NR SA,378,-95.000000,2.440000,,,,,,,,,,,0.000,,2.624,,,,
686,1,,,-73.9598783,40.8174700,2026-01-24 21:36:44.000,_20260124_162539_CH01_REF_TMO-AUTO_HTTP SS UL_NJ DUT REF_L3.dml,,,,N41(100)+N71(15),NR SA,378,-94.930000,2.170000,,,,,,,,,,,6.291,,2.088,,,,
687,1,,,-73.9598783,40.8174700,2026-01-24 21:36:45.000,_20260124_162539_CH01_REF_TMO-AUTO_HTTP SS UL_NJ DUT REF_L3.dml,,,,N41(100)+N71(15),NR SA,378,-94.980000,2.550000,,,,,,,,,,,0.000,,2.280,,,,
688,1,,,-73.9598783,40.8174700,2026-01-24 21:36:46.000,_20260124_162539_CH01_REF_TMO-AUTO_HTTP SS UL_NJ DUT REF_L3.dml,,,,N41(100)+N71(15),NR SA,378,-94.760000,2.650000,,,,,,,,,,,0.000,,2.296,,,,
689,1,,,-73.9598783,40.8174700,2026-01-24 21:36:47.000,_20260124_162539_CH01_REF_TMO-AUTO_HTTP SS UL_NJ DUT REF_L3.dml,,,,N41(100)+N71(15),NR SA,378,-94.800000,2.960000,,,,,,,,,,,0.000,,2.264,,,,
690,1,,,-73.9598783,40.8174700,2026-01-24 21:36:48.000,_20260124_162539_CH01_REF_TMO-AUTO_HTTP SS UL_NJ DUT REF_L3.dml,,,,N41(100)+N71(15),NR SA,378,-94.110000,3.620000,,,,,,,,,,,5.243,,2.432,,,,
691,1,,,-73.9598783,40.8174700,2026-01-24 21:36:49.000,_20260124_162539_CH01_REF_TMO-AUTO_HTTP SS UL_NJ DUT REF_L3.dml,,,,N41(100)+N71(15),NR SA,378,-94.300000,3.000000,,,,,,,,,,,0.000,,2.344,,,,
692,1,,,-73.9598783,40.8174700,2026-01-24 21:36:50.000,_20260124_162539_CH01_REF_TMO-AUTO_HTTP SS UL_NJ DUT REF_L3.dml,,,,N41(100)+N71(15),NR SA,378,-94.400000,3.720000,,,,,,,,,,,0.000,,2.400,,,,
693,1,,,-73.9598783,40.8174700,2026-01-24 21:36:51.000,_20260124_162539_CH01_REF_TMO-AUTO_HTTP SS UL_NJ DUT REF_L3.dml,,,,N41(100)+N71(15),NR SA,378,-93.880000,3.900000,,,,,,,,,,,6.285,,1.896,,,,
694,1,,,-73.9598783,40.8174700,2026-01-24 21:36:52.000,_20260124_162539_CH01_REF_TMO-AUTO_HTTP SS UL_NJ DUT REF_L3.dml,,,,N41(100)+N71(15),NR SA,378,-94.110000,2.860000,,,,,,,,,,,0.000,,1.800,,,,
695,1,,,-73.9598783,40.8174700,2026-01-24 21:36:53.000,_20260124_162539_CH01_REF_TMO-AUTO_HTTP SS UL_NJ DUT REF_L3.dml,,,,N41(100)+N71(15),NR SA,378,-94.000000,3.360000,,,,,,,,,,,0.000,,,,,,
696,1,,,-73.9598783,40.8174700,2026-01-24 21:36:54.000,_20260124_162539_CH01_REF_TMO-AUTO_HTTP SS UL_NJ DUT REF_L3.dml,,,,N41(100)+N71(15),NR SA,378,-94.000000,3.340000,,,,,,,,,,,0.000,,1.776,,,,
697,1,,,-73.9598783,40.8174700,2026-01-24 21:36:55.000,_20260124_162539_CH01_REF_TMO-AUTO_HTTP SS UL_NJ DUT REF_L3.dml,,,,N41(100)+N71(15),NR SA,378,-93.850000,3.820000,,,,,,,,,,,0.000,,3.312,,,,
698,1,,,-73.9598783,40.8174700,2026-01-24 21:36:56.000,_20260124_162539_CH01_REF_TMO-AUTO_HTTP SS UL_NJ DUT REF_L3.dml,,,,N41(100)+N71(15),NR SA,378,-94.000000,3.800000,,,,,,,,,,,5.253,,1.848,,,,
699,1,,,-73.9598783,40.8174700,2026-01-24 21:36:57.000,_20260124_162539_CH01_REF_TMO-AUTO_HTTP SS UL_NJ DUT REF_L3.dml,,,,N41(100)+N71(15),NR SA,378,-94.200000,2.110000,,,,,,,,,,,0.000,,1.816,,,,
700,1,,,-73.9598783,40.8174700,2026-01-24 21:36:58.000,_20260124_162539_CH01_REF_TMO-AUTO_HTTP SS UL_NJ DUT REF_L3.dml,,,,N41(100)+N71(15),NR SA,378,-94.000000,2.950000,,,,,,,,,,,0.000,,1.696,,,,
701,1,,,-73.9598783,40.8174700,2026-01-24 21:36:59.000,_20260124_162539_CH01_REF_TMO-AUTO_HTTP SS UL_NJ DUT REF_L3.dml,,,,N41(100)+N71(15),NR SA,378,-94.260000,2.970000,,,,,,,,,,,0.000,,1.840,,,,
702,1,,,-73.9598783,40.8174700,2026-01-24 21:37:00.000,_20260124_162539_CH01_REF_TMO-AUTO_HTTP SS UL_NJ DUT REF_L3.dml,,,,N41(100)+N71(15),NR SA,378,-94.000000,3.030000,,,,,,,,,,,6.291,,1.728,,,,
703,1,,,-73.9598783,40.8174700,2026-01-24 21:37:01.000,_20260124_162539_CH01_REF_TMO-AUTO_HTTP SS UL_NJ DUT REF_L3.dml,,,,N41(100)+N71(15),NR SA,378,-94.200000,2.670000,,,,,,,,,,,0.000,,2.416,,,,
704,1,,,-73.9598783,40.8174700,2026-01-24 21:37:02.000,_20260124_162539_CH01_REF_TMO-AUTO_HTTP SS UL_NJ DUT REF_L3.dml,,,,N41(100)+N71(15),NR SA,378,-94.020000,3.500000,,,,,,,,,,,0.000,,2.416,,,,
705,1,,,-73.9598783,40.8174700,2026-01-24 21:37:03.000,_20260124_162539_CH01_REF_TMO-AUTO_HTTP SS UL_NJ DUT REF_L3.dml,,,,N41(100)+N71(15),NR SA,378,-93.900000,3.140000,,,,,,,,,,,0.000,,2.264,,,,
706,1,,,-73.9598783,40.8174700,2026-01-24 21:37:04.000,_20260124_162539_CH01_REF_TMO-AUTO_HTTP SS UL_NJ DUT REF_L3.dml,,,,N41(100)+N71(15),NR SA,378,-94.640000,2.320000,,,,,,,,,,,5.243,,2.128,,,,
707,1,,,-73.9598783,40.8174700,2026-01-24 21:37:05.000,_20260124_162539_CH01_REF_TMO-AUTO_HTTP SS UL_NJ DUT REF_L3.dml,,,,N41(100)+N71(15),NR SA,378,-95.400000,2.200000,,,,,,,,,,,0.000,,1.976,,,,
708,1,,,-73.9598783,40.8174700,2026-01-24 21:37:06.000,_20260124_162539_CH01_REF_TMO-AUTO_HTTP SS UL_NJ DUT REF_L3.dml,,,,N41(100)+N71(15),NR SA,378,-94.380000,3.360000,,,,,,,,,,,0.000,,1.912,,,,
709,1,,,-73.9598783,40.8174700,2026-01-24 21:37:07.000,_20260124_162539_CH01_REF_TMO-AUTO_HTTP SS UL_NJ DUT REF_L3.dml,,,,N41(100)+N71(15),NR SA,378,-95.030000,1.840000,,,,,,,,,,,0.000,,2.280,,,,
710,1,,,-73.9598783,40.8174700,2026-01-24 21:37:08.000,_20260124_162539_CH01_REF_TMO-AUTO_HTTP SS UL_NJ DUT REF_L3.dml,,,,N41(100)+N71(15),NR SA,378,-96.280000,0.410000,,,,,,,,,,,0.000,,3.416,,,,
711,1,,,-73.9598783,40.8174700,2026-01-24 21:37:09.000,_20260124_162539_CH01_REF_TMO-AUTO_HTTP SS UL_NJ DUT REF_L3.dml,,,,N41(100)+N71(15),NR SA,378,-98.040000,0.040000,,,,,,,,,,,6.285,,2.160,,,,
712,1,,,-73.9598783,40.8174700,2026-01-24 21:37:10.000,_20260124_162539_CH01_REF_TMO-AUTO_HTTP SS UL_NJ DUT REF_L3.dml,,,,N41(100)+N71(15),NR SA,378,-96.340000,2.080000,,,,,,,,,,,0.000,,2.664,,,,
713,1,,,-73.9598783,40.8174700,2026-01-24 21:37:11.000,_20260124_162539_CH01_REF_TMO-AUTO_HTTP SS UL_NJ DUT REF_L3.dml,,,,N41(100)+N71(15),NR SA,378,-94.840000,2.440000,,,,,,,,,,,0.000,,2.392,,,,
714,1,,,-73.9598783,40.8174700,2026-01-24 21:37:12.000,_20260124_162539_CH01_REF_TMO-AUTO_HTTP SS UL_NJ DUT REF_L3.dml,,,,N41(100)+N71(15),NR SA,378,-94.800000,2.530000,,,,,,,,,,,0.000,,2.040,,,,
715,1,,,-73.9598783,40.8174700,2026-01-24 21:37:13.000,_20260124_162539_CH01_REF_TMO-AUTO_HTTP SS UL_NJ DUT REF_L3.dml,,,,N41(100)+N71(15),NR SA,378,-93.980000,3.910000,,,,,,,,,,,5.243,,2.544,,,,
716,1,,,-73.9598783,40.8174700,2026-01-24 21:37:14.000,_20260124_162539_CH01_REF_TMO-AUTO_HTTP SS UL_NJ DUT REF_L3.dml,,,,N41(100)+N71(15),NR SA,378,-93.160000,4.430000,,,,,,,,,,,0.000,,2.960,,,,
717,1,,,-73.9598783,40.8174700,2026-01-24 21:37:15.000,_20260124_162539_CH01_REF_TMO-AUTO_HTTP SS UL_NJ DUT REF_L3.dml,,,,N41(100)+N71(15),NR SA,378,-94.180000,3.760000,,,,,,,,,,,0.000,,2.664,,,,
718,1,,,-73.9598783,40.8174700,2026-01-24 21:37:16.000,_20260124_162539_CH01_REF_TMO-AUTO_HTTP SS UL_NJ DUT REF_L3.dml,,,,N41(100)+N71(15),NR SA,378,-94.390000,3.440000,,,,,,,,,,,5.248,,2.296,,,,
719,1,,,-73.9598783,40.8174700,2026-01-24 21:37:17.000,_20260124_162539_CH01_REF_TMO-AUTO_HTTP SS UL_NJ DUT REF_L3.dml,,,,N41(100)+N71(15),NR SA,378,-93.690000,3.820000,,,,,,,,,,,0.000,,1.840,,,,
720,1,,,-73.9598783,40.8174700,2026-01-24 21:37:18.000,_20260124_162539_CH01_REF_TMO-AUTO_HTTP SS UL_NJ DUT REF_L3.dml,,,,N41(100)+N71(15),NR SA,378,-94.400000,3.560000,,,,,,,,,,,0.000,,2.320,,,,
721,1,,,-73.9598783,40.8174700,2026-01-24 21:37:19.000,_20260124_162539_CH01_REF_TMO-AUTO_HTTP SS UL_NJ DUT REF_L3.dml,,,,N41(100)+N71(15),NR SA,378,-94.180000,4.380000,,,,,,,,,,,0.000,,1.928,,,,
722,1,,,-73.9598783,40.8174700,2026-01-24 21:37:20.000,_20260124_162539_CH01_REF_TMO-AUTO_HTTP SS UL_NJ DUT REF_L3.dml,,,,N41(100)+N71(15),NR SA,378,-93.780000,4.880000,,,,,,,,,,,0.000,,2.192,,,,
723,1,,,-73.9598783,40.8174700,2026-01-24 21:37:21.000,_20260124_162539_CH01_REF_TMO-AUTO_HTTP SS UL_NJ DUT REF_L3.dml,,,,N41(100)+N71(15),NR SA,378,-93.600000,4.730000,,,,,,,,,,,6.285,,2.120,,,,
724,1,,,-73.9598783,40.8174700,2026-01-24 21:37:22.000,_20260124_162539_CH01_REF_TMO-AUTO_HTTP SS UL_NJ DUT REF_L3.dml,,,,N41(100)+N71(15),NR SA,378,-93.270000,5.880000,,,,,,,,,,,0.000,,2.472,,,,
725,1,,,-73.9598783,40.8174700,2026-01-24 21:37:23.000,_20260124_162539_CH01_REF_TMO-AUTO_HTTP SS UL_NJ DUT REF_L3.dml,,,,N41(100)+N71(15),NR SA,378,-94.700000,4.160000,,,,,,,,,,,0.000,,2.144,,,,
726,1,,,-73.9598783,40.8174700,2026-01-24 21:37:24.000,_20260124_162539_CH01_REF_TMO-AUTO_HTTP SS UL_NJ DUT REF_L3.dml,,,,N41(100)+N71(15),NR SA,378,-93.770000,4.840000,,,,,,,,,,,0.000,,2.072,,,,
727,1,,,-73.9598783,40.8174700,2026-01-24 21:37:25.000,_20260124_162539_CH01_REF_TMO-AUTO_HTTP SS UL_NJ DUT REF_L3.dml,,,,N41(100)+N71(15),NR SA,378,-94.240000,4.710000,,,,,,,,,,,0.000,,1.816,,,,
728,1,,,-73.9598783,40.8174700,2026-01-24 21:37:26.000,_20260124_162539_CH01_REF_TMO-AUTO_HTTP SS UL_NJ DUT REF_L3.dml,,,,N41(100)+N71(15),NR SA,378,-93.640000,4.150000,,,,,,,,,,,5.243,,2.408,,,,
729,1,,,-73.9598783,40.8174700,2026-01-24 21:37:27.000,_20260124_162539_CH01_REF_TMO-AUTO_HTTP SS UL_NJ DUT REF_L3.dml,,,,N41(100)+N71(15),NR SA,378,-94.020000,4.180000,,,,,,,,,,,0.000,,1.824,,,,
730,1,,,-73.9598783,40.8174700,2026-01-24 21:37:28.000,_20260124_162539_CH01_REF_TMO-AUTO_HTTP SS UL_NJ DUT REF_L3.dml,,,,N41(100)+N71(15),NR SA,378,-93.260000,5.240000,,,,,,,,,,,,,2.760,,,,
731,1,,,-73.9598783,40.8174700,2026-01-24 21:37:29.000,_20260124_162539_CH01_REF_TMO-AUTO_HTTP SS UL_NJ DUT REF_L3.dml,,,,N41(100)+N71(15),NR SA,378,-93.980000,5.560000,,,,,,,,,,,0.000,,2.104,,,,
732,1,,,-73.9598783,40.8174700,2026-01-24 21:37:30.000,_20260124_162539_CH01_REF_TMO-AUTO_HTTP SS UL_NJ DUT REF_L3.dml,,,,N41(100)+N71(15),NR SA,378,-93.360000,5.240000,,,,,,,,,,,0.000,,1.760,,,,
733,1,,,-73.9598783,40.8174700,2026-01-24 21:37:31.000,_20260124_162539_CH01_REF_TMO-AUTO_HTTP SS UL_NJ DUT REF_L3.dml,,,,N41(100)+N71(15),NR SA,378,-93.440000,6.300000,,,,,,,,,,,6.298,,1.824,,,,
734,1,,,-73.9598783,40.8174700,2026-01-24 21:37:32.000,_20260124_162539_CH01_REF_TMO-AUTO_HTTP SS UL_NJ DUT REF_L3.dml,,,,N41(100)+N71(15),NR SA,378,-94.100000,4.400000,,,,,,,,,,,0.000,,2.440,,,,
735,1,,,-73.9598783,40.8174700,2026-01-24 21:37:33.000,_20260124_162539_CH01_REF_TMO-AUTO_HTTP SS UL_NJ DUT REF_L3.dml,,,,N41(100)+N71(15),NR SA,378,-94.360000,3.740000,,,,,,,,,,,0.000,,2.328,,,,
736,1,,,-73.9598783,40.8174700,2026-01-24 21:37:34.000,_20260124_162539_CH01_REF_TMO-AUTO_HTTP SS UL_NJ DUT REF_L3.dml,,,,N41(100)+N71(15),NR SA,378,-94.730000,4.360000,,,,,,,,,,,0.000,,1.848,,,,
737,1,,,-73.9598783,40.8174700,2026-01-24 21:37:35.000,_20260124_162539_CH01_REF_TMO-AUTO_HTTP SS UL_NJ DUT REF_L3.dml,,,,N41(100)+N71(15),NR SA,378,-95.040000,3.820000,,,,,,,,,,,5.243,,1.992,,,,
738,1,,,-73.9598783,40.8174700,2026-01-24 21:37:36.000,_20260124_162539_CH01_REF_TMO-AUTO_HTTP SS UL_NJ DUT REF_L3.dml,,,,N41(100)+N71(15),NR SA,378,-94.800000,3.620000,,,,,,,,,,,0.000,,2.336,,,,
739,1,,,-73.9598783,40.8174700,2026-01-24 21:37:37.000,_20260124_162539_CH01_REF_TMO-AUTO_HTTP SS UL_NJ DUT REF_L3.dml,,,,N41(100)+N71(15),NR SA,378,-95.540000,3.260000,,,,,,,,,,,0.000,,2.648,,,,
740,1,,,-73.9598783,40.8174700,2026-01-24 21:37:38.000,_20260124_162539_CH01_REF_TMO-AUTO_HTTP SS UL_NJ DUT REF_L3.dml,,,,N41(100)+N71(15),NR SA,378,-96.220000,2.290000,,,,,,,,,,,0.000,,2.320,,,,
741,1,,,-73.9598783,40.8174700,2026-01-24 21:37:39.000,_20260124_162539_CH01_REF_TMO-AUTO_HTTP SS UL_NJ DUT REF_L3.dml,,,,N41(100)+N71(15),NR SA,378,-95.660000,2.200000,,,,,,,,,,,6.291,,2.032,,,,
742,1,,,-73.9598783,40.8174700,2026-01-24 21:37:40.000,_20260124_162539_CH01_REF_TMO-AUTO_HTTP SS UL_NJ DUT REF_L3.dml,,,,N41(100)+N71(15),NR SA,378,-96.780000,1.200000,,,,,,,,,,,0.000,,3.144,,,,
743,1,,,-73.9598783,40.8174700,2026-01-24 21:37:40.760,_20260124_162539_CH01_REF_TMO-AUTO_HTTP SS UL_NJ DUT REF_L3.dml,,,,,,,,,,,,,,,Upload Ended,,,,,,,,,,
744,1,,,-73.9598783,40.8174700,2026-01-24 21:37:41.000,_20260124_162539_CH01_REF_TMO-AUTO_HTTP SS UL_NJ DUT REF_L3.dml,,,,N41(100)+N71(15),NR SA,378,-95.220000,3.330000,,,,,,,,,,,0.000,,2.064,,,,
745,1,,,-73.9598783,40.8174700,2026-01-24 21:37:42.000,_20260124_162539_CH01_REF_TMO-AUTO_HTTP SS UL_NJ DUT REF_L3.dml,,,,N41(100)+N71(15),NR SA,378,-95.200000,3.090000,,,,,,,,,,,35.723,,3.088,,,,
746,1,,,-73.9598783,40.8174700,2026-01-24 21:37:43.000,_20260124_162539_CH01_REF_TMO-AUTO_HTTP SS UL_NJ DUT REF_L3.dml,,,,N41(100)+N71(15),,378,-96.850000,0.700000,,,,,,,,,,,,,2.624,,,,
747,1,,,-73.9598783,40.8174700,2026-01-24 21:37:44.000,_20260124_162539_CH01_REF_TMO-AUTO_HTTP SS UL_NJ DUT REF_L3.dml,,,,N41(100)+N71(15),,378,-95.480000,1.300000,,,,,,,,,,,,,3.184,,,,
748,1,,,-73.9598783,40.8174700,2026-01-24 21:37:45.000,_20260124_162539_CH01_REF_TMO-AUTO_HTTP SS UL_NJ DUT REF_L3.dml,,,,N41(100)+N71(15),,378,-96.200000,1.760000,,,,,,,,,,,,,2.352,,,,
749,1,,,-73.9598783,40.8174700,2026-01-24 21:37:46.000,_20260124_162539_CH01_REF_TMO-AUTO_HTTP SS UL_NJ DUT REF_L3.dml,,,,N41(100)+N71(15),,378,-95.620000,1.550000,,,,,,,,,,,,,2.176,,,,
750,1,,,-73.9598783,40.8174700,2026-01-24 21:37:46.181,_20260124_162539_CH01_REF_TMO-AUTO_HTTP SS UL_NJ DUT REF_L3.dml,,,,,,,,,,,,,,,Upload Start Request,,,,,,,,,,
751,1,,,-73.9598783,40.8174700,2026-01-24 21:37:46.385,_20260124_162539_CH01_REF_TMO-AUTO_HTTP SS UL_NJ DUT REF_L3.dml,,,,,,,,,,,,,,,Upload Started,,,,,,,,,,
752,1,,,-73.9598783,40.8174700,2026-01-24 21:37:47.000,_20260124_162539_CH01_REF_TMO-AUTO_HTTP SS UL_NJ DUT REF_L3.dml,,,,N41(100)+N71(15),NR SA,378,-95.960000,1.560000,,,,,,,,,,,,,1.920,,,,
753,1,,,-73.9598783,40.8174700,2026-01-24 21:37:48.000,_20260124_162539_CH01_REF_TMO-AUTO_HTTP SS UL_NJ DUT REF_L3.dml,,,,N41(100)+N71(15),NR SA,378,-95.840000,1.360000,,,,,,,,,,,,,1.976,,,,
754,1,,,-73.9598783,40.8174700,2026-01-24 21:37:49.000,_20260124_162539_CH01_REF_TMO-AUTO_HTTP SS UL_NJ DUT REF_L3.dml,,,,N41(100)+N71(15),NR SA,378,-96.000000,1.180000,,,,,,,,,,,15.729,,1.952,,,,
755,1,,,-73.9598783,40.8174700,2026-01-24 21:37:50.000,_20260124_162539_CH01_REF_TMO-AUTO_HTTP SS UL_NJ DUT REF_L3.dml,,,,N41(100)+N71(15),NR SA,378,-96.000000,1.160000,,,,,,,,,,,0.000,,2.072,,,,
756,1,,,-73.9598783,40.8174700,2026-01-24 21:37:51.000,_20260124_162539_CH01_REF_TMO-AUTO_HTTP SS UL_NJ DUT REF_L3.dml,,,,N41(100)+N71(15),NR SA,378,-96.050000,0.640000,,,,,,,,,,,0.000,,1.912,,,,
757,1,,,-73.9598783,40.8174700,2026-01-24 21:37:52.000,_20260124_162539_CH01_REF_TMO-AUTO_HTTP SS UL_NJ DUT REF_L3.dml,,,,N41(100)+N71(15),NR SA,378,-96.380000,1.240000,,,,,,,,,,,0.000,,2.168,,,,
758,1,,,-73.9598783,40.8174700,2026-01-24 21:37:53.000,_20260124_162539_CH01_REF_TMO-AUTO_HTTP SS UL_NJ DUT REF_L3.dml,,,,N41(100)+N71(15),NR SA,378,-95.980000,1.140000,,,,,,,,,,,0.000,,1.968,,,,
759,1,,,-73.9598783,40.8174700,2026-01-24 21:37:54.000,_20260124_162539_CH01_REF_TMO-AUTO_HTTP SS UL_NJ DUT REF_L3.dml,,,,N41(100)+N71(15),NR SA,378,-95.660000,1.040000,,,,,,,,,,,0.000,,2.104,,,,
760,1,,,-73.9598783,40.8174700,2026-01-24 21:37:55.000,_20260124_162539_CH01_REF_TMO-AUTO_HTTP SS UL_NJ DUT REF_L3.dml,,,,N41(100)+N71(15),NR SA,378,-95.920000,1.040000,,,,,,,,,,,0.000,,2.456,,,,
761,1,,,-73.9598783,40.8174700,2026-01-24 21:37:56.000,_20260124_162539_CH01_REF_TMO-AUTO_HTTP SS UL_NJ DUT REF_L3.dml,,,,N41(100)+N71(15),NR SA,378,-95.880000,1.160000,,,,,,,,,,,0.000,,2.144,,,,
762,1,,,-73.9598783,40.8174700,2026-01-24 21:37:57.000,_20260124_162539_CH01_REF_TMO-AUTO_HTTP SS UL_NJ DUT REF_L3.dml,,,,N41(100)+N71(15),NR SA,378,-96.000000,0.290000,,,,,,,,,,,6.298,,2.360,,,,
763,1,,,-73.9598783,40.8174700,2026-01-24 21:37:58.000,_20260124_162539_CH01_REF_TMO-AUTO_HTTP SS UL_NJ DUT REF_L3.dml,,,,N41(100)+N71(15),NR SA,378,-95.960000,1.160000,,,,,,,,,,,0.000,,2.008,,,,
764,1,,,-73.9598783,40.8174700,2026-01-24 21:37:59.000,_20260124_162539_CH01_REF_TMO-AUTO_HTTP SS UL_NJ DUT REF_L3.dml,,,,N41(100)+N71(15),NR SA,378,-95.680000,1.520000,,,,,,,,,,,0.000,,2.104,,,,
765,1,,,-73.9598783,40.8174700,2026-01-24 21:38:00.000,_20260124_162539_CH01_REF_TMO-AUTO_HTTP SS UL_NJ DUT REF_L3.dml,,,,N41(100)+N71(15),NR SA,378,-97.240000,0.580000,,,,,,,,,,,0.000,,2.056,,,,
766,1,,,-73.9598783,40.8174700,2026-01-24 21:38:01.000,_20260124_162539_CH01_REF_TMO-AUTO_HTTP SS UL_NJ DUT REF_L3.dml,,,,N41(100)+N71(15),NR SA,378,-95.580000,1.360000,,,,,,,,,,,0.000,,1.512,,,,
767,1,,,-73.9598783,40.8174700,2026-01-24 21:38:02.000,_20260124_162539_CH01_REF_TMO-AUTO_HTTP SS UL_NJ DUT REF_L3.dml,,,,N41(100)+N71(15),NR SA,378,-96.910000,0.530000,,,,,,,,,,,0.000,,1.960,,,,
768,1,,,-73.9598783,40.8174700,2026-01-24 21:38:03.000,_20260124_162539_CH01_REF_TMO-AUTO_HTTP SS UL_NJ DUT REF_L3.dml,,,,N41(100)+N71(15),NR SA,378,-96.110000,1.220000,,,,,,,,,,,0.000,,2.616,,,,
769,1,,,-73.9598783,40.8174700,2026-01-24 21:38:04.000,_20260124_162539_CH01_REF_TMO-AUTO_HTTP SS UL_NJ DUT REF_L3.dml,,,,N41(100)+N71(15),NR SA,378,-95.200000,1.480000,,,,,,,,,,,6.291,,1.960,,,,
770,1,,,-73.9598783,40.8174700,2026-01-24 21:38:05.000,_20260124_162539_CH01_REF_TMO-AUTO_HTTP SS UL_NJ DUT REF_L3.dml,,,,N41(100)+N71(15),NR SA,378,-95.320000,1.340000,,,,,,,,,,,0.000,,1.800,,,,
771,1,,,-73.9598783,40.8174700,2026-01-24 21:38:06.000,_20260124_162539_CH01_REF_TMO-AUTO_HTTP SS UL_NJ DUT REF_L3.dml,,,,N41(100)+N71(15),NR SA,378,-95.820000,1.000000,,,,,,,,,,,0.000,,2.304,,,,
772,1,,,-73.9598783,40.8174700,2026-01-24 21:38:07.000,_20260124_162539_CH01_REF_TMO-AUTO_HTTP SS UL_NJ DUT REF_L3.dml,,,,N41(100)+N71(15),NR SA,378,-95.260000,1.680000,,,,,,,,,,,5.243,,1.848,,,,
773,1,,,-73.9598783,40.8174700,2026-01-24 21:38:08.000,_20260124_162539_CH01_REF_TMO-AUTO_HTTP SS UL_NJ DUT REF_L3.dml,,,,N41(100)+N71(15),NR SA,378,-95.510000,1.440000,,,,,,,,,,,0.000,,2.136,,,,
774,1,,,-73.9598783,40.8174700,2026-01-24 21:38:09.000,_20260124_162539_CH01_REF_TMO-AUTO_HTTP SS UL_NJ DUT REF_L3.dml,,,,N41(100)+N71(15),NR SA,378,-95.640000,1.000000,,,,,,,,,,,0.000,,1.600,,,,
775,1,,,-73.9598783,40.8174700,2026-01-24 21:38:10.000,_20260124_162539_CH01_REF_TMO-AUTO_HTTP SS UL_NJ DUT REF_L3.dml,,,,N41(100)+N71(15),NR SA,378,-95.670000,0.750000,,,,,,,,,,,0.000,,1.912,,,,
776,1,,,-73.9598783,40.8174700,2026-01-24 21:38:11.000,_20260124_162539_CH01_REF_TMO-AUTO_HTTP SS UL_NJ DUT REF_L3.dml,,,,N41(100)+N71(15),NR SA,378,-95.880000,0.960000,,,,,,,,,,,6.291,,1.872,,,,
777,1,,,-73.9598783,40.8174700,2026-01-24 21:38:12.000,_20260124_162539_CH01_REF_TMO-AUTO_HTTP SS UL_NJ DUT REF_L3.dml,,,,N41(100)+N71(15),NR SA,378,-95.870000,0.600000,,,,,,,,,,,0.000,,1.992,,,,
778,1,,,-73.9598783,40.8174700,2026-01-24 21:38:13.000,_20260124_162539_CH01_REF_TMO-AUTO_HTTP SS UL_NJ DUT REF_L3.dml,,,,N41(100)+N71(15),NR SA,378,-96.000000,1.050000,,,,,,,,,,,0.000,,2.064,,,,
779,1,,,-73.9598783,40.8174700,2026-01-24 21:38:14.000,_20260124_162539_CH01_REF_TMO-AUTO_HTTP SS UL_NJ DUT REF_L3.dml,,,,N41(100)+N71(15),NR SA,378,-95.640000,1.300000,,,,,,,,,,,0.000,,1.552,,,,
780,1,,,-73.9598783,40.8174700,2026-01-24 21:38:15.000,_20260124_162539_CH01_REF_TMO-AUTO_HTTP SS UL_NJ DUT REF_L3.dml,,,,N41(100)+N71(15),NR SA,378,-95.300000,1.840000,,,,,,,,,,,0.000,,1.560,,,,
781,1,,,-73.9598783,40.8174700,2026-01-24 21:38:16.000,_20260124_162539_CH01_REF_TMO-AUTO_HTTP SS UL_NJ DUT REF_L3.dml,,,,N41(100)+N71(15),NR SA,378,-95.620000,1.860000,,,,,,,,,,,5.243,,1.448,,,,
782,1,,,-73.9598783,40.8174700,2026-01-24 21:38:17.000,_20260124_162539_CH01_REF_TMO-AUTO_HTTP SS UL_NJ DUT REF_L3.dml,,,,N41(100)+N71(15),NR SA,378,-95.660000,1.760000,,,,,,,,,,,0.000,,1.416,,,,
783,1,,,-73.9598783,40.8174700,2026-01-24 21:38:18.000,_20260124_162539_CH01_REF_TMO-AUTO_HTTP SS UL_NJ DUT REF_L3.dml,,,,N41(100)+N71(15),NR SA,378,-95.400000,2.040000,,,,,,,,,,,0.000,,1.896,,,,
784,1,,,-73.9598783,40.8174700,2026-01-24 21:38:19.000,_20260124_162539_CH01_REF_TMO-AUTO_HTTP SS UL_NJ DUT REF_L3.dml,,,,N41(100)+N71(15),NR SA,378,-95.290000,1.760000,,,,,,,,,,,0.000,,1.992,,,,
785,1,,,-73.9598783,40.8174700,2026-01-24 21:38:20.000,_20260124_162539_CH01_REF_TMO-AUTO_HTTP SS UL_NJ DUT REF_L3.dml,,,,N41(100)+N71(15),NR SA,378,-95.720000,1.260000,,,,,,,,,,,0.000,,2.016,,,,
786,1,,,-73.9598783,40.8174700,2026-01-24 21:38:21.000,_20260124_162539_CH01_REF_TMO-AUTO_HTTP SS UL_NJ DUT REF_L3.dml,,,,N41(100)+N71(15),NR SA,378,-95.380000,1.380000,,,,,,,,,,,6.291,,1.536,,,,
787,1,,,-73.9598783,40.8174700,2026-01-24 21:38:22.000,_20260124_162539_CH01_REF_TMO-AUTO_HTTP SS UL_NJ DUT REF_L3.dml,,,,N41(100)+N71(15),NR SA,378,-95.380000,2.000000,,,,,,,,,,,0.000,,2.152,,,,
788,1,,,-73.9598783,40.8174700,2026-01-24 21:38:23.000,_20260124_162539_CH01_REF_TMO-AUTO_HTTP SS UL_NJ DUT REF_L3.dml,,,,N41(100)+N71(15),NR SA,378,-95.870000,1.850000,,,,,,,,,,,0.000,,2.048,,,,
789,1,,,-73.9598783,40.8174700,2026-01-24 21:38:24.000,_20260124_162539_CH01_REF_TMO-AUTO_HTTP SS UL_NJ DUT REF_L3.dml,,,,N41(100)+N71(15),NR SA,378,-95.900000,1.780000,,,,,,,,,,,0.000,,2.400,,,,
790,1,,,-73.9598783,40.8174700,2026-01-24 21:38:25.000,_20260124_162539_CH01_REF_TMO-AUTO_HTTP SS UL_NJ DUT REF_L3.dml,,,,N41(100)+N71(15),NR SA,378,-95.560000,1.890000,,,,,,,,,,,5.243,,2.168,,,,
791,1,,,-73.9598783,40.8174700,2026-01-24 21:38:26.000,_20260124_162539_CH01_REF_TMO-AUTO_HTTP SS UL_NJ DUT REF_L3.dml,,,,N41(100)+N71(15),NR SA,378,-95.640000,1.600000,,,,,,,,,,,0.000,,2.040,,,,
792,1,,,-73.9598783,40.8174700,2026-01-24 21:38:27.000,_20260124_162539_CH01_REF_TMO-AUTO_HTTP SS UL_NJ DUT REF_L3.dml,,,,N41(100)+N71(15),NR SA,378,-95.800000,1.440000,,,,,,,,,,,0.000,,1.952,,,,
793,1,,,-73.9598783,40.8174700,2026-01-24 21:38:28.000,_20260124_162539_CH01_REF_TMO-AUTO_HTTP SS UL_NJ DUT REF_L3.dml,,,,N41(100)+N71(15),NR SA,378,-95.440000,1.000000,,,,,,,,,,,0.000,,2.360,,,,
794,1,,,-73.9598783,40.8174700,2026-01-24 21:38:29.000,_20260124_162539_CH01_REF_TMO-AUTO_HTTP SS UL_NJ DUT REF_L3.dml,,,,N41(100)+N71(15),NR SA,378,-95.720000,0.660000,,,,,,,,,,,0.000,,2.072,,,,
795,1,,,-73.9598783,40.8174700,2026-01-24 21:38:30.000,_20260124_162539_CH01_REF_TMO-AUTO_HTTP SS UL_NJ DUT REF_L3.dml,,,,N41(100)+N71(15),NR SA,378,-95.940000,2.500000,,,,,,,,,,,6.298,,1.952,,,,
796,1,,,-73.9598783,40.8174700,2026-01-24 21:38:31.000,_20260124_162539_CH01_REF_TMO-AUTO_HTTP SS UL_NJ DUT REF_L3.dml,,,,N41(100)+N71(15),NR SA,378,-95.730000,1.330000,,,,,,,,,,,0.000,,2.120,,,,
797,1,,,-73.9598783,40.8174700,2026-01-24 21:38:32.000,_20260124_162539_CH01_REF_TMO-AUTO_HTTP SS UL_NJ DUT REF_L3.dml,,,,N41(100)+N71(15),NR SA,378,-95.910000,0.310000,,,,,,,,,,,0.000,,2.488,,,,
798,1,,,-73.9598783,40.8174700,2026-01-24 21:38:33.000,_20260124_162539_CH01_REF_TMO-AUTO_HTTP SS UL_NJ DUT REF_L3.dml,,,,N41(100)+N71(15),NR SA,378,-95.710000,1.930000,,,,,,,,,,,0.000,,1.952,,,,
799,1,,,-73.9598783,40.8174700,2026-01-24 21:38:34.000,_20260124_162539_CH01_REF_TMO-AUTO_HTTP SS UL_NJ DUT REF_L3.dml,,,,N41(100)+N71(15),NR SA,378,-95.640000,1.360000,,,,,,,,,,,6.298,,1.928,,,,
800,1,,,-73.9598783,40.8174700,2026-01-24 21:38:35.000,_20260124_162539_CH01_REF_TMO-AUTO_HTTP SS UL_NJ DUT REF_L3.dml,,,,N41(100)+N71(15),NR SA,378,-97.720000,-0.240000,,,,,,,,,,,0.000,,1.792,,,,
801,1,,,-73.9598783,40.8174700,2026-01-24 21:38:36.000,_20260124_162539_CH01_REF_TMO-AUTO_HTTP SS UL_NJ DUT REF_L3.dml,,,,N41(100)+N71(15),NR SA,378,-95.850000,1.290000,,,,,,,,,,,0.000,,2.128,,,,
802,1,,,-73.9598783,40.8174700,2026-01-24 21:38:37.000,_20260124_162539_CH01_REF_TMO-AUTO_HTTP SS UL_NJ DUT REF_L3.dml,,,,N41(100)+N71(15),NR SA,378,-95.510000,1.840000,,,,,,,,,,,0.000,,2.208,,,,
803,1,,,-73.9598783,40.8174700,2026-01-24 21:38:38.000,_20260124_162539_CH01_REF_TMO-AUTO_HTTP SS UL_NJ DUT REF_L3.dml,,,,N41(100)+N71(15),NR SA,378,-95.800000,0.910000,,,,,,,,,,,5.243,,2.384,,,,
804,1,,,-73.9598783,40.8174700,2026-01-24 21:38:39.000,_20260124_162539_CH01_REF_TMO-AUTO_HTTP SS UL_NJ DUT REF_L3.dml,,,,N41(100)+N71(15),NR SA,378,-96.020000,0.690000,,,,,,,,,,,0.000,,2.392,,,,
805,1,,,-73.9598783,40.8174700,2026-01-24 21:38:40.000,_20260124_162539_CH01_REF_TMO-AUTO_HTTP SS UL_NJ DUT REF_L3.dml,,,,N41(100)+N71(15),NR SA,378,-95.420000,0.780000,,,,,,,,,,,0.000,,2.608,,,,
806,1,,,-73.9598783,40.8174700,2026-01-24 21:38:41.000,_20260124_162539_CH01_REF_TMO-AUTO_HTTP SS UL_NJ DUT REF_L3.dml,,,,N41(100)+N71(15),NR SA,378,-96.000000,0.580000,,,,,,,,,,,0.000,,2.552,,,,
807,1,,,-73.9598783,40.8174700,2026-01-24 21:38:42.000,_20260124_162539_CH01_REF_TMO-AUTO_HTTP SS UL_NJ DUT REF_L3.dml,,,,N41(100)+N71(15),NR SA,378,-95.470000,1.350000,,,,,,,,,,,0.000,,2.104,,,,
808,1,,,-73.9598783,40.8174700,2026-01-24 21:38:43.000,_20260124_162539_CH01_REF_TMO-AUTO_HTTP SS UL_NJ DUT REF_L3.dml,,,,N41(100)+N71(15),NR SA,378,-95.970000,0.780000,,,,,,,,,,,0.000,,1.856,,,,
809,1,,,-73.9598783,40.8174700,2026-01-24 21:38:44.000,_20260124_162539_CH01_REF_TMO-AUTO_HTTP SS UL_NJ DUT REF_L3.dml,,,,N41(100)+N71(15),NR SA,378,-96.690000,0.360000,,,,,,,,,,,6.291,,1.928,,,,
810,1,,,-73.9598783,40.8174700,2026-01-24 21:38:45.000,_20260124_162539_CH01_REF_TMO-AUTO_HTTP SS UL_NJ DUT REF_L3.dml,,,,N41(100)+N71(15),NR SA,378,-97.270000,0.130000,,,,,,,,,,,0.000,,2.408,,,,
811,1,,,-73.9598783,40.8174700,2026-01-24 21:38:46.000,_20260124_162539_CH01_REF_TMO-AUTO_HTTP SS UL_NJ DUT REF_L3.dml,,,,N41(100)+N71(15),NR SA,378,-96.250000,0.200000,,,,,,,,,,,5.243,,1.616,,,,
812,1,,,-73.9598783,40.8174700,2026-01-24 21:38:47.000,_20260124_162539_CH01_REF_TMO-AUTO_HTTP SS UL_NJ DUT REF_L3.dml,,,,N41(100)+N71(15),NR SA,378,-95.580000,0.880000,,,,,,,,,,,0.000,,2.064,,,,
813,1,,,-73.9598783,40.8174700,2026-01-24 21:38:48.000,_20260124_162539_CH01_REF_TMO-AUTO_HTTP SS UL_NJ DUT REF_L3.dml,,,,N41(100)+N71(15),NR SA,378,-95.940000,0.340000,,,,,,,,,,,0.000,,1.760,,,,
814,1,,,-73.9598783,40.8174700,2026-01-24 21:38:49.000,_20260124_162539_CH01_REF_TMO-AUTO_HTTP SS UL_NJ DUT REF_L3.dml,,,,N41(100)+N71(15),NR SA,378,-95.400000,1.510000,,,,,,,,,,,0.000,,1.848,,,,
815,1,,,-73.9598783,40.8174700,2026-01-24 21:38:50.000,_20260124_162539_CH01_REF_TMO-AUTO_HTTP SS UL_NJ DUT REF_L3.dml,,,,N41(100)+N71(15),NR SA,378,-96.310000,0.450000,,,,,,,,,,,0.000,,2.192,,,,
816,1,,,-73.9598783,40.8174700,2026-01-24 21:38:51.000,_20260124_162539_CH01_REF_TMO-AUTO_HTTP SS UL_NJ DUT REF_L3.dml,,,,N41(100)+N71(15),NR SA,378,-96.110000,0.600000,,,,,,,,,,,5.238,,2.504,,,,
817,1,,,-73.9598783,40.8174700,2026-01-24 21:38:52.000,_20260124_162539_CH01_REF_TMO-AUTO_HTTP SS UL_NJ DUT REF_L3.dml,,,,N41(100)+N71(15),NR SA,378,-95.950000,0.420000,,,,,,,,,,,0.000,,1.968,,,,
818,1,,,-73.9598783,40.8174700,2026-01-24 21:38:53.000,_20260124_162539_CH01_REF_TMO-AUTO_HTTP SS UL_NJ DUT REF_L3.dml,,,,N41(100)+N71(15),NR SA,378,-98.200000,-0.690000,,,,,,,,,,,0.000,,1.944,,,,
819,1,,,-73.9598783,40.8174700,2026-01-24 21:38:54.000,_20260124_162539_CH01_REF_TMO-AUTO_HTTP SS UL_NJ DUT REF_L3.dml,,,,N41(100)+N71(15),NR SA,378,-99.490000,-2.020000,,,,,,,,,,,0.000,,1.976,,,,
820,1,,,-73.9598783,40.8174700,2026-01-24 21:38:55.000,_20260124_162539_CH01_REF_TMO-AUTO_HTTP SS UL_NJ DUT REF_L3.dml,,,,N41(100)+N71(15),NR SA,378,-95.800000,0.100000,,,,,,,,,,,0.000,,1.920,,,,
821,1,,,-73.9598783,40.8174700,2026-01-24 21:38:56.000,_20260124_162539_CH01_REF_TMO-AUTO_HTTP SS UL_NJ DUT REF_L3.dml,,,,N41(100)+N71(15),NR SA,378,-96.620000,-0.310000,,,,,,,,,,,6.285,,2.248,,,,
822,1,,,-73.9598783,40.8174700,2026-01-24 21:38:57.000,_20260124_162539_CH01_REF_TMO-AUTO_HTTP SS UL_NJ DUT REF_L3.dml,,,,N41(100)+N71(15),NR SA,378,-96.160000,-0.020000,,,,,,,,,,,0.000,,2.752,,,,
823,1,,,-73.9598783,40.8174700,2026-01-24 21:38:58.000,_20260124_162539_CH01_REF_TMO-AUTO_HTTP SS UL_NJ DUT REF_L3.dml,,,,N41(100)+N71(15),NR SA,378,-95.930000,0.160000,,,,,,,,,,,0.000,,1.872,,,,
824,1,,,-73.9598783,40.8174700,2026-01-24 21:38:59.000,_20260124_162539_CH01_REF_TMO-AUTO_HTTP SS UL_NJ DUT REF_L3.dml,,,,N41(100)+N71(15),NR SA,378,-95.760000,0.280000,,,,,,,,,,,0.000,,2.896,,,,
825,1,,,-73.9598783,40.8174700,2026-01-24 21:39:00.000,_20260124_162539_CH01_REF_TMO-AUTO_HTTP SS UL_NJ DUT REF_L3.dml,,,,N41(100)+N71(15),NR SA,378,-95.760000,0.870000,,,,,,,,,,,6.291,,2.296,,,,
826,1,,,-73.9598783,40.8174700,2026-01-24 21:39:01.000,_20260124_162539_CH01_REF_TMO-AUTO_HTTP SS UL_NJ DUT REF_L3.dml,,,,N41(100)+N71(15),NR SA,378,-95.070000,0.440000,,,,,,,,,,,0.000,,2.096,,,,
827,1,,,-73.9598783,40.8174700,2026-01-24 21:39:02.000,_20260124_162539_CH01_REF_TMO-AUTO_HTTP SS UL_NJ DUT REF_L3.dml,,,,N41(100)+N71(15),NR SA,378,-95.000000,0.780000,,,,,,,,,,,0.000,,2.472,,,,
828,1,,,-73.9598783,40.8174700,2026-01-24 21:39:03.000,_20260124_162539_CH01_REF_TMO-AUTO_HTTP SS UL_NJ DUT REF_L3.dml,,,,N41(100)+N71(15),NR SA,378,-95.020000,0.220000,,,,,,,,,,,0.000,,2.152,,,,
829,1,,,-73.9598783,40.8174700,2026-01-24 21:39:04.000,_20260124_162539_CH01_REF_TMO-AUTO_HTTP SS UL_NJ DUT REF_L3.dml,,,,N41(100)+N71(15),NR SA,378,-95.130000,0.490000,,,,,,,,,,,5.243,,2.448,,,,
830,1,,,-73.9598783,40.8174700,2026-01-24 21:39:05.000,_20260124_162539_CH01_REF_TMO-AUTO_HTTP SS UL_NJ DUT REF_L3.dml,,,,N41(100)+N71(15),NR SA,378,-95.080000,0.820000,,,,,,,,,,,0.000,,2.608,,,,
831,1,,,-73.9598783,40.8174700,2026-01-24 21:39:06.000,_20260124_162539_CH01_REF_TMO-AUTO_HTTP SS UL_NJ DUT REF_L3.dml,,,,N41(100)+N71(15),NR SA,378,-95.100000,0.920000,,,,,,,,,,,0.000,,2.976,,,,
832,1,,,-73.9598783,40.8174700,2026-01-24 21:39:07.000,_20260124_162539_CH01_REF_TMO-AUTO_HTTP SS UL_NJ DUT REF_L3.dml,,,,N41(100)+N71(15),NR SA,378,-95.450000,0.870000,,,,,,,,,,,6.291,,2.016,,,,
833,1,,,-73.9598783,40.8174700,2026-01-24 21:39:08.000,_20260124_162539_CH01_REF_TMO-AUTO_HTTP SS UL_NJ DUT REF_L3.dml,,,,N41(100)+N71(15),NR SA,378,-95.510000,1.140000,,,,,,,,,,,0.000,,2.160,,,,
834,1,,,-73.9598783,40.8174700,2026-01-24 21:39:09.000,_20260124_162539_CH01_REF_TMO-AUTO_HTTP SS UL_NJ DUT REF_L3.dml,,,,N41(100)+N71(15),NR SA,378,-95.260000,1.290000,,,,,,,,,,,0.000,,2.352,,,,
835,1,,,-73.9598783,40.8174700,2026-01-24 21:39:10.000,_20260124_162539_CH01_REF_TMO-AUTO_HTTP SS UL_NJ DUT REF_L3.dml,,,,N41(100)+N71(15),NR SA,378,-95.740000,1.390000,,,,,,,,,,,0.000,,2.496,,,,
836,1,,,-73.9598783,40.8174700,2026-01-24 21:39:10.120,_20260124_162539_CH01_REF_TMO-AUTO_HTTP SS UL_NJ DUT REF_L3.dml,,,,,,,,,,,,,,,Upload Ended,,,,,,,,,,
837,1,,,-73.9598783,40.8174700,2026-01-24 21:39:11.000,_20260124_162539_CH01_REF_TMO-AUTO_HTTP SS UL_NJ DUT REF_L3.dml,,,,N41(100)+N71(15),NR SA,378,-95.560000,1.780000,,,,,,,,,,,6.624,,2.456,,,,
838,1,,,-73.9598783,40.8174700,2026-01-24 21:39:12.000,_20260124_162539_CH01_REF_TMO-AUTO_HTTP SS UL_NJ DUT REF_L3.dml,,,,N41(100)+N71(15),NR SA,378,-96.160000,1.080000,,,,,,,,,,,,,2.552,,,,
839,1,,,-73.9598783,40.8174700,2026-01-24 21:39:13.000,_20260124_162539_CH01_REF_TMO-AUTO_HTTP SS UL_NJ DUT REF_L3.dml,,,,N41(100)+N71(15),,378,-95.320000,1.720000,,,,,,,,,,,,,2.608,,,,
840,1,,,-73.9598783,40.8174700,2026-01-24 21:39:14.000,_20260124_162539_CH01_REF_TMO-AUTO_HTTP SS UL_NJ DUT REF_L3.dml,,,,N41(100)+N71(15),,378,-95.130000,2.160000,,,,,,,,,,,,,2.328,,,,
841,1,,,-73.9598783,40.8174700,2026-01-24 21:39:15.000,_20260124_162539_CH01_REF_TMO-AUTO_HTTP SS UL_NJ DUT REF_L3.dml,,,,N41(100)+N71(15),,378,-94.880000,1.960000,,,,,,,,,,,,,2.720,,,,
842,1,,,-73.9598783,40.8174700,2026-01-24 21:39:15.948,_20260124_162539_CH01_REF_TMO-AUTO_HTTP SS UL_NJ DUT REF_L3.dml,,,,,,,,,,,,,,,Upload Start Request,,,,,,,,,,
843,1,,,-73.9598783,40.8174700,2026-01-24 21:39:16.000,_20260124_162539_CH01_REF_TMO-AUTO_HTTP SS UL_NJ DUT REF_L3.dml,,,,N41(100)+N71(15),NR SA,378,-95.780000,1.390000,,,,,,,,,,,,,2.184,,,,
844,1,,,-73.9598783,40.8174700,2026-01-24 21:39:16.181,_20260124_162539_CH01_REF_TMO-AUTO_HTTP SS UL_NJ DUT REF_L3.dml,,,,,,,,,,,,,,,Upload Started,,,,,,,,,,
845,1,,,-73.9598783,40.8174700,2026-01-24 21:39:17.000,_20260124_162539_CH01_REF_TMO-AUTO_HTTP SS UL_NJ DUT REF_L3.dml,,,,N41(100)+N71(15),NR SA,378,-95.760000,0.590000,,,,,,,,,,,,,2.472,,,,
846,1,,,-73.9598783,40.8174700,2026-01-24 21:39:18.000,_20260124_162539_CH01_REF_TMO-AUTO_HTTP SS UL_NJ DUT REF_L3.dml,,,,N41(100)+N71(15),NR SA,378,-95.390000,0.840000,,,,,,,,,,,,,2.048,,,,
847,1,,,-73.9598783,40.8174700,2026-01-24 21:39:19.000,_20260124_162539_CH01_REF_TMO-AUTO_HTTP SS UL_NJ DUT REF_L3.dml,,,,N41(100)+N71(15),NR SA,378,-97.020000,-0.040000,,,,,,,,,,,15.729,,1.896,,,,
848,1,,,-73.9598783,40.8174700,2026-01-24 21:39:20.000,_20260124_162539_CH01_REF_TMO-AUTO_HTTP SS UL_NJ DUT REF_L3.dml,,,,N41(100)+N71(15),NR SA,378,-96.060000,0.000000,,,,,,,,,,,0.000,,2.784,,,,
849,1,,,-73.9598783,40.8174700,2026-01-24 21:39:21.000,_20260124_162539_CH01_REF_TMO-AUTO_HTTP SS UL_NJ DUT REF_L3.dml,,,,N41(100)+N71(15),NR SA,378,-96.560000,0.000000,,,,,,,,,,,0.000,,2.376,,,,
850,1,,,-73.9598783,40.8174700,2026-01-24 21:39:22.000,_20260124_162539_CH01_REF_TMO-AUTO_HTTP SS UL_NJ DUT REF_L3.dml,,,,N41(100)+N71(15),NR SA,378,-96.270000,0.000000,,,,,,,,,,,0.000,,2.272,,,,
851,1,,,-73.9598783,40.8174700,2026-01-24 21:39:23.000,_20260124_162539_CH01_REF_TMO-AUTO_HTTP SS UL_NJ DUT REF_L3.dml,,,,N41(100)+N71(15),NR SA,378,-95.580000,0.760000,,,,,,,,,,,0.000,,0.728,,,,
852,1,,,-73.9598783,40.8174700,2026-01-24 21:39:24.000,_20260124_162539_CH01_REF_TMO-AUTO_HTTP SS UL_NJ DUT REF_L3.dml,,,,N41(100)+N71(15),NR SA,378,-95.980000,1.090000,,,,,,,,,,,0.000,,0.000,,,,
853,1,,,-73.9598783,40.8174700,2026-01-24 21:39:25.000,_20260124_162539_CH01_REF_TMO-AUTO_HTTP SS UL_NJ DUT REF_L3.dml,,,,N41(100)+N71(15),NR SA,378,-95.810000,1.430000,,,,,,,,,,,0.000,,1.104,,,,
854,1,,,-73.9598783,40.8174700,2026-01-24 21:39:26.000,_20260124_162539_CH01_REF_TMO-AUTO_HTTP SS UL_NJ DUT REF_L3.dml,,,,N41(100)+N71(15),NR SA,378,-95.070000,1.870000,,,,,,,,,,,0.000,,1.712,,,,
855,1,,,-73.9598783,40.8174700,2026-01-24 21:39:27.000,_20260124_162539_CH01_REF_TMO-AUTO_HTTP SS UL_NJ DUT REF_L3.dml,,,,N41(100)+N71(15),NR SA,378,-95.460000,1.800000,,,,,,,,,,,0.000,,1.896,,,,
856,1,,,-73.9598783,40.8174700,2026-01-24 21:39:28.000,_20260124_162539_CH01_REF_TMO-AUTO_HTTP SS UL_NJ DUT REF_L3.dml,,,,N41(100)+N71(15),NR SA,378,-95.000000,2.020000,,,,,,,,,,,0.000,,1.816,,,,
857,1,,,-73.9598783,40.8174700,2026-01-24 21:39:29.000,_20260124_162539_CH01_REF_TMO-AUTO_HTTP SS UL_NJ DUT REF_L3.dml,,,,N41(100)+N71(15),NR SA,378,-95.600000,1.690000,,,,,,,,,,,6.291,,2.456,,,,
858,1,,,-73.9598783,40.8174700,2026-01-24 21:39:30.000,_20260124_162539_CH01_REF_TMO-AUTO_HTTP SS UL_NJ DUT REF_L3.dml,,,,N41(100)+N71(15),NR SA,378,-95.340000,2.300000,,,,,,,,,,,0.000,,2.936,,,,
859,1,,,-73.9598783,40.8174700,2026-01-24 21:39:31.000,_20260124_162539_CH01_REF_TMO-AUTO_HTTP SS UL_NJ DUT REF_L3.dml,,,,N41(100)+N71(15),NR SA,378,-95.020000,1.880000,,,,,,,,,,,0.000,,2.352,,,,
860,1,,,-73.9598783,40.8174700,2026-01-24 21:39:32.000,_20260124_162539_CH01_REF_TMO-AUTO_HTTP SS UL_NJ DUT REF_L3.dml,,,,N41(100)+N71(15),NR SA,378,-95.530000,1.660000,,,,,,,,,,,0.000,,2.256,,,,
861,1,,,-73.9598783,40.8174700,2026-01-24 21:39:33.000,_20260124_162539_CH01_REF_TMO-AUTO_HTTP SS UL_NJ DUT REF_L3.dml,,,,N41(100)+N71(15),NR SA,378,-95.190000,1.970000,,,,,,,,,,,5.243,,2.128,,,,
862,1,,,-73.9598783,40.8174700,2026-01-24 21:39:34.000,_20260124_162539_CH01_REF_TMO-AUTO_HTTP SS UL_NJ DUT REF_L3.dml,,,,N41(100)+N71(15),NR SA,378,-95.600000,2.210000,,,,,,,,,,,0.000,,2.272,,,,
863,1,,,-73.9598783,40.8174700,2026-01-24 21:39:35.000,_20260124_162539_CH01_REF_TMO-AUTO_HTTP SS UL_NJ DUT REF_L3.dml,,,,N41(100)+N71(15),NR SA,378,-95.000000,1.650000,,,,,,,,,,,0.000,,2.544,,,,
864,1,,,-73.9598783,40.8174700,2026-01-24 21:39:36.000,_20260124_162539_CH01_REF_TMO-AUTO_HTTP SS UL_NJ DUT REF_L3.dml,,,,N41(100)+N71(15),NR SA,378,-95.000000,1.540000,,,,,,,,,,,6.291,,2.632,,,,
865,1,,,-73.9598783,40.8174700,2026-01-24 21:39:37.000,_20260124_162539_CH01_REF_TMO-AUTO_HTTP SS UL_NJ DUT REF_L3.dml,,,,N41(100)+N71(15),NR SA,378,-95.300000,0.600000,,,,,,,,,,,0.000,,2.472,,,,
866,1,,,-73.9598783,40.8174700,2026-01-24 21:39:38.000,_20260124_162539_CH01_REF_TMO-AUTO_HTTP SS UL_NJ DUT REF_L3.dml,,,,N41(100)+N71(15),NR SA,378,-95.000000,0.400000,,,,,,,,,,,0.000,,2.720,,,,
867,1,,,-73.9598783,40.8174700,2026-01-24 21:39:39.000,_20260124_162539_CH01_REF_TMO-AUTO_HTTP SS UL_NJ DUT REF_L3.dml,,,,N41(100)+N71(15),NR SA,378,-96.200000,0.240000,,,,,,,,,,,0.000,,2.416,,,,
868,1,,,-73.9598783,40.8174700,2026-01-24 21:39:40.000,_20260124_162539_CH01_REF_TMO-AUTO_HTTP SS UL_NJ DUT REF_L3.dml,,,,N41(100)+N71(15),NR SA,378,-96.000000,0.440000,,,,,,,,,,,5.238,,2.480,,,,
869,1,,,-73.9598783,40.8174700,2026-01-24 21:39:41.000,_20260124_162539_CH01_REF_TMO-AUTO_HTTP SS UL_NJ DUT REF_L3.dml,,,,N41(100)+N71(15),NR SA,378,-96.590000,0.680000,,,,,,,,,,,0.000,,3.712,,,,
870,1,,,-73.9598783,40.8174700,2026-01-24 21:39:42.000,_20260124_162539_CH01_REF_TMO-AUTO_HTTP SS UL_NJ DUT REF_L3.dml,,,,N41(100)+N71(15),NR SA,378,-96.430000,0.590000,,,,,,,,,,,0.000,,2.200,,,,
871,1,,,-73.9598783,40.8174700,2026-01-24 21:39:43.000,_20260124_162539_CH01_REF_TMO-AUTO_HTTP SS UL_NJ DUT REF_L3.dml,,,,N41(100)+N71(15),NR SA,378,-95.440000,1.100000,,,,,,,,,,,0.000,,2.448,,,,
872,1,,,-73.9598783,40.8174700,2026-01-24 21:39:44.000,_20260124_162539_CH01_REF_TMO-AUTO_HTTP SS UL_NJ DUT REF_L3.dml,,,,N41(100)+N71(15),NR SA,378,-95.240000,0.840000,,,,,,,,,,,6.291,,2.448,,,,
873,1,,,-73.9598783,40.8174700,2026-01-24 21:39:45.000,_20260124_162539_CH01_REF_TMO-AUTO_HTTP SS UL_NJ DUT REF_L3.dml,,,,N41(100)+N71(15),NR SA,378,-95.360000,1.860000,,,,,,,,,,,0.000,,2.080,,,,
874,1,,,-73.9598783,40.8174700,2026-01-24 21:39:46.000,_20260124_162539_CH01_REF_TMO-AUTO_HTTP SS UL_NJ DUT REF_L3.dml,,,,N41(100)+N71(15),NR SA,378,-95.860000,0.960000,,,,,,,,,,,0.000,,2.392,,,,
875,1,,,-73.9598783,40.8174700,2026-01-24 21:39:47.000,_20260124_162539_CH01_REF_TMO-AUTO_HTTP SS UL_NJ DUT REF_L3.dml,,,,N41(100)+N71(15),NR SA,378,-94.980000,2.110000,,,,,,,,,,,0.000,,2.064,,,,
876,1,,,-73.9598783,40.8174700,2026-01-24 21:39:48.000,_20260124_162539_CH01_REF_TMO-AUTO_HTTP SS UL_NJ DUT REF_L3.dml,,,,N41(100)+N71(15),NR SA,378,-95.000000,2.530000,,,,,,,,,,,5.243,,,,,,
877,1,,,-73.9598783,40.8174700,2026-01-24 21:39:49.000,_20260124_162539_CH01_REF_TMO-AUTO_HTTP SS UL_NJ DUT REF_L3.dml,,,,N41(100)+N71(15),NR SA,378,-95.190000,1.620000,,,,,,,,,,,0.000,,2.224,,,,
878,1,,,-73.9598783,40.8174700,2026-01-24 21:39:50.000,_20260124_162539_CH01_REF_TMO-AUTO_HTTP SS UL_NJ DUT REF_L3.dml,,,,N41(100)+N71(15),NR SA,378,-95.260000,1.120000,,,,,,,,,,,0.000,,2.504,,,,
879,1,,,-73.9598783,40.8174700,2026-01-24 21:39:51.000,_20260124_162539_CH01_REF_TMO-AUTO_HTTP SS UL_NJ DUT REF_L3.dml,,,,N41(100)+N71(15),NR SA,378,-94.840000,2.580000,,,,,,,,,,,6.291,,2.496,,,,
880,1,,,-73.9598783,40.8174700,2026-01-24 21:39:52.000,_20260124_162539_CH01_REF_TMO-AUTO_HTTP SS UL_NJ DUT REF_L3.dml,,,,N41(100)+N71(15),NR SA,378,-95.020000,1.700000,,,,,,,,,,,0.000,,2.376,,,,
881,1,,,-73.9598783,40.8174700,2026-01-24 21:39:53.000,_20260124_162539_CH01_REF_TMO-AUTO_HTTP SS UL_NJ DUT REF_L3.dml,,,,N41(100)+N71(15),NR SA,378,-95.070000,1.290000,,,,,,,,,,,0.000,,2.016,,,,
882,1,,,-73.9598783,40.8174700,2026-01-24 21:39:54.000,_20260124_162539_CH01_REF_TMO-AUTO_HTTP SS UL_NJ DUT REF_L3.dml,,,,N41(100)+N71(15),NR SA,378,-95.330000,1.150000,,,,,,,,,,,0.000,,2.264,,,,
883,1,,,-73.9598783,40.8174700,2026-01-24 21:39:55.000,_20260124_162539_CH01_REF_TMO-AUTO_HTTP SS UL_NJ DUT REF_L3.dml,,,,N41(100)+N71(15),NR SA,378,-95.340000,0.980000,,,,,,,,,,,5.243,,2.368,,,,
884,1,,,-73.9598783,40.8174700,2026-01-24 21:39:56.000,_20260124_162539_CH01_REF_TMO-AUTO_HTTP SS UL_NJ DUT REF_L3.dml,,,,N41(100)+N71(15),NR SA,378,-95.120000,1.440000,,,,,,,,,,,0.000,,2.016,,,,
885,1,,,-73.9598783,40.8174700,2026-01-24 21:39:57.000,_20260124_162539_CH01_REF_TMO-AUTO_HTTP SS UL_NJ DUT REF_L3.dml,,,,N41(100)+N71(15),NR SA,378,-95.060000,1.180000,,,,,,,,,,,0.000,,1.864,,,,
886,1,,,-73.9598783,40.8174700,2026-01-24 21:39:58.000,_20260124_162539_CH01_REF_TMO-AUTO_HTTP SS UL_NJ DUT REF_L3.dml,,,,N41(100)+N71(15),NR SA,378,-94.500000,2.620000,,,,,,,,,,,0.000,,2.520,,,,
887,1,,,-73.9598783,40.8174700,2026-01-24 21:39:59.000,_20260124_162539_CH01_REF_TMO-AUTO_HTTP SS UL_NJ DUT REF_L3.dml,,,,N41(100)+N71(15),NR SA,378,-95.000000,2.310000,,,,,,,,,,,6.291,,2.224,,,,
888,1,,,-73.9598783,40.8174700,2026-01-24 21:40:00.000,_20260124_162539_CH01_REF_TMO-AUTO_HTTP SS UL_NJ DUT REF_L3.dml,,,,N41(100)+N71(15),NR SA,378,-95.160000,1.440000,,,,,,,,,,,0.000,,2.024,,,,
889,1,,,-73.9598783,40.8174700,2026-01-24 21:40:01.000,_20260124_162539_CH01_REF_TMO-AUTO_HTTP SS UL_NJ DUT REF_L3.dml,,,,N41(100)+N71(15),NR SA,378,-95.760000,0.960000,,,,,,,,,,,0.000,,2.456,,,,
890,1,,,-73.9598783,40.8174700,2026-01-24 21:40:02.000,_20260124_162539_CH01_REF_TMO-AUTO_HTTP SS UL_NJ DUT REF_L3.dml,,,,N41(100)+N71(15),NR SA,378,-94.480000,2.680000,,,,,,,,,,,5.243,,2.512,,,,
891,1,,,-73.9598783,40.8174700,2026-01-24 21:40:03.000,_20260124_162539_CH01_REF_TMO-AUTO_HTTP SS UL_NJ DUT REF_L3.dml,,,,N41(100)+N71(15),NR SA,378,-94.290000,3.000000,,,,,,,,,,,0.000,,2.352,,,,
892,1,,,-73.9598783,40.8174700,2026-01-24 21:40:04.000,_20260124_162539_CH01_REF_TMO-AUTO_HTTP SS UL_NJ DUT REF_L3.dml,,,,N41(100)+N71(15),NR SA,378,-95.560000,1.070000,,,,,,,,,,,0.000,,2.312,,,,
893,1,,,-73.9598783,40.8174700,2026-01-24 21:40:05.000,_20260124_162539_CH01_REF_TMO-AUTO_HTTP SS UL_NJ DUT REF_L3.dml,,,,N41(100)+N71(15),NR SA,378,-95.200000,1.820000,,,,,,,,,,,0.000,,2.520,,,,
894,1,,,-73.9598783,40.8174700,2026-01-24 21:40:06.000,_20260124_162539_CH01_REF_TMO-AUTO_HTTP SS UL_NJ DUT REF_L3.dml,,,,N41(100)+N71(15),NR SA,378,-95.540000,0.780000,,,,,,,,,,,6.291,,2.120,,,,
895,1,,,-73.9598783,40.8174700,2026-01-24 21:40:07.000,_20260124_162539_CH01_REF_TMO-AUTO_HTTP SS UL_NJ DUT REF_L3.dml,,,,N41(100)+N71(15),NR SA,378,-95.200000,1.540000,,,,,,,,,,,0.000,,2.280,,,,
896,1,,,-73.9598783,40.8174700,2026-01-24 21:40:08.000,_20260124_162539_CH01_REF_TMO-AUTO_HTTP SS UL_NJ DUT REF_L3.dml,,,,N41(100)+N71(15),NR SA,378,-95.060000,1.880000,,,,,,,,,,,0.000,,2.480,,,,
897,1,,,-73.9598783,40.8174700,2026-01-24 21:40:09.000,_20260124_162539_CH01_REF_TMO-AUTO_HTTP SS UL_NJ DUT REF_L3.dml,,,,N41(100)+N71(15),NR SA,378,-95.420000,0.700000,,,,,,,,,,,0.000,,2.136,,,,
898,1,,,-73.9598783,40.8174700,2026-01-24 21:40:10.000,_20260124_162539_CH01_REF_TMO-AUTO_HTTP SS UL_NJ DUT REF_L3.dml,,,,N41(100)+N71(15),NR SA,378,-95.540000,1.060000,,,,,,,,,,,5.243,,2.104,,,,
899,1,,,-73.9598783,40.8174700,2026-01-24 21:40:11.000,_20260124_162539_CH01_REF_TMO-AUTO_HTTP SS UL_NJ DUT REF_L3.dml,,,,N41(100)+N71(15),NR SA,378,-95.870000,0.530000,,,,,,,,,,,0.000,,2.624,,,,
900,1,,,-73.9598783,40.8174700,2026-01-24 21:40:12.000,_20260124_162539_CH01_REF_TMO-AUTO_HTTP SS UL_NJ DUT REF_L3.dml,,,,N41(100)+N71(15),NR SA,378,-95.710000,0.380000,,,,,,,,,,,0.000,,2.128,,,,
901,1,,,-73.9598783,40.8174700,2026-01-24 21:40:13.000,_20260124_162539_CH01_REF_TMO-AUTO_HTTP SS UL_NJ DUT REF_L3.dml,,,,N41(100)+N71(15),NR SA,378,-95.330000,0.910000,,,,,,,,,,,0.000,,1.976,,,,
902,1,,,-73.9598783,40.8174700,2026-01-24 21:40:14.000,_20260124_162539_CH01_REF_TMO-AUTO_HTTP SS UL_NJ DUT REF_L3.dml,,,,N41(100)+N71(15),NR SA,378,-96.800000,0.050000,,,,,,,,,,,0.000,,2.216,,,,
903,1,,,-73.9598783,40.8174700,2026-01-24 21:40:15.000,_20260124_162539_CH01_REF_TMO-AUTO_HTTP SS UL_NJ DUT REF_L3.dml,,,,N41(100)+N71(15),NR SA,378,-95.760000,1.520000,,,,,,,,,,,5.238,,1.864,,,,
904,1,,,-73.9598783,40.8174700,2026-01-24 21:40:16.000,_20260124_162539_CH01_REF_TMO-AUTO_HTTP SS UL_NJ DUT REF_L3.dml,,,,N41(100)+N71(15),NR SA,378,-96.960000,-0.400000,,,,,,,,,,,0.000,,2.192,,,,
905,1,,,-73.9598783,40.8174700,2026-01-24 21:40:17.000,_20260124_162539_CH01_REF_TMO-AUTO_HTTP SS UL_NJ DUT REF_L3.dml,,,,N41(100)+N71(15),NR SA,378,-96.000000,0.240000,,,,,,,,,,,0.000,,1.752,,,,
906,1,,,-73.9598783,40.8174700,2026-01-24 21:40:18.000,_20260124_162539_CH01_REF_TMO-AUTO_HTTP SS UL_NJ DUT REF_L3.dml,,,,N41(100)+N71(15),NR SA,378,-95.260000,1.640000,,,,,,,,,,,0.000,,2.216,,,,
907,1,,,-73.9598783,40.8174700,2026-01-24 21:40:19.000,_20260124_162539_CH01_REF_TMO-AUTO_HTTP SS UL_NJ DUT REF_L3.dml,,,,N41(100)+N71(15),NR SA,378,-95.140000,2.460000,,,,,,,,,,,6.298,,2.360,,,,
908,1,,,-73.9598783,40.8174700,2026-01-24 21:40:20.000,_20260124_162539_CH01_REF_TMO-AUTO_HTTP SS UL_NJ DUT REF_L3.dml,,,,N41(100)+N71(15),NR SA,378,-95.000000,2.540000,,,,,,,,,,,0.000,,2.624,,,,
909,1,,,-73.9598783,40.8174700,2026-01-24 21:40:21.000,_20260124_162539_CH01_REF_TMO-AUTO_HTTP SS UL_NJ DUT REF_L3.dml,,,,N41(100)+N71(15),NR SA,378,-94.080000,2.860000,,,,,,,,,,,0.000,,2.736,,,,
910,1,,,-73.9598783,40.8174700,2026-01-24 21:40:22.000,_20260124_162539_CH01_REF_TMO-AUTO_HTTP SS UL_NJ DUT REF_L3.dml,,,,N41(100)+N71(15),NR SA,378,-94.920000,2.300000,,,,,,,,,,,5.243,,2.672,,,,
911,1,,,-73.9598783,40.8174700,2026-01-24 21:40:23.000,_20260124_162539_CH01_REF_TMO-AUTO_HTTP SS UL_NJ DUT REF_L3.dml,,,,N41(100)+N71(15),NR SA,378,-95.060000,3.400000,,,,,,,,,,,0.000,,2.336,,,,
912,1,,,-73.9598783,40.8174700,2026-01-24 21:40:24.000,_20260124_162539_CH01_REF_TMO-AUTO_HTTP SS UL_NJ DUT REF_L3.dml,,,,N41(100)+N71(15),NR SA,378,-94.330000,4.130000,,,,,,,,,,,0.000,,2.768,,,,
913,1,,,-73.9598783,40.8174700,2026-01-24 21:40:25.000,_20260124_162539_CH01_REF_TMO-AUTO_HTTP SS UL_NJ DUT REF_L3.dml,,,,N41(100)+N71(15),NR SA,378,-94.890000,3.550000,,,,,,,,,,,0.000,,2.480,,,,
914,1,,,-73.9598783,40.8174700,2026-01-24 21:40:26.000,_20260124_162539_CH01_REF_TMO-AUTO_HTTP SS UL_NJ DUT REF_L3.dml,,,,N41(100)+N71(15),NR SA,378,-95.460000,2.800000,,,,,,,,,,,6.291,,2.216,,,,
915,1,,,-73.9598783,40.8174700,2026-01-24 21:40:27.000,_20260124_162539_CH01_REF_TMO-AUTO_HTTP SS UL_NJ DUT REF_L3.dml,,,,N41(100)+N71(15),NR SA,378,-95.040000,3.460000,,,,,,,,,,,0.000,,2.488,,,,
916,1,,,-73.9598783,40.8174700,2026-01-24 21:40:28.000,_20260124_162539_CH01_REF_TMO-AUTO_HTTP SS UL_NJ DUT REF_L3.dml,,,,N41(100)+N71(15),NR SA,378,-94.880000,2.920000,,,,,,,,,,,0.000,,1.976,,,,
917,1,,,-73.9598783,40.8174700,2026-01-24 21:40:29.000,_20260124_162539_CH01_REF_TMO-AUTO_HTTP SS UL_NJ DUT REF_L3.dml,,,,N41(100)+N71(15),NR SA,378,-95.360000,3.560000,,,,,,,,,,,0.000,,2.456,,,,
918,1,,,-73.9598783,40.8174700,2026-01-24 21:40:30.000,_20260124_162539_CH01_REF_TMO-AUTO_HTTP SS UL_NJ DUT REF_L3.dml,,,,N41(100)+N71(15),NR SA,378,-94.900000,3.800000,,,,,,,,,,,5.248,,2.552,,,,
919,1,,,-73.9598783,40.8174700,2026-01-24 21:40:31.000,_20260124_162539_CH01_REF_TMO-AUTO_HTTP SS UL_NJ DUT REF_L3.dml,,,,N41(100)+N71(15),NR SA,378,-94.510000,3.420000,,,,,,,,,,,0.000,,2.784,,,,
920,1,,,-73.9598783,40.8174700,2026-01-24 21:40:32.000,_20260124_162539_CH01_REF_TMO-AUTO_HTTP SS UL_NJ DUT REF_L3.dml,,,,N41(100)+N71(15),NR SA,378,-94.490000,2.780000,,,,,,,,,,,0.000,,2.944,,,,
921,1,,,-73.9598783,40.8174700,2026-01-24 21:40:33.000,_20260124_162539_CH01_REF_TMO-AUTO_HTTP SS UL_NJ DUT REF_L3.dml,,,,N41(100)+N71(15),NR SA,378,-93.840000,4.000000,,,,,,,,,,,6.291,,2.376,,,,
922,1,,,-73.9598783,40.8174700,2026-01-24 21:40:34.000,_20260124_162539_CH01_REF_TMO-AUTO_HTTP SS UL_NJ DUT REF_L3.dml,,,,N41(100)+N71(15),NR SA,378,-93.860000,4.360000,,,,,,,,,,,0.000,,2.616,,,,
923,1,,,-73.9598783,40.8174700,2026-01-24 21:40:35.000,_20260124_162539_CH01_REF_TMO-AUTO_HTTP SS UL_NJ DUT REF_L3.dml,,,,N41(100)+N71(15),NR SA,378,-93.840000,4.160000,,,,,,,,,,,0.000,,2.640,,,,
924,1,,,-73.9598783,40.8174700,2026-01-24 21:40:36.000,_20260124_162539_CH01_REF_TMO-AUTO_HTTP SS UL_NJ DUT REF_L3.dml,,,,N41(100)+N71(15),NR SA,378,-94.980000,3.780000,,,,,,,,,,,0.000,,2.536,,,,
925,1,,,-73.9598783,40.8174700,2026-01-24 21:40:36.431,_20260124_162539_CH01_REF_TMO-AUTO_HTTP SS UL_NJ DUT REF_L3.dml,,,,,,,,,,,,,,,Upload Ended,,,,,,,,,,
926,1,,,-73.9598783,40.8174700,2026-01-24 21:40:37.000,_20260124_162539_CH01_REF_TMO-AUTO_HTTP SS UL_NJ DUT REF_L3.dml,,,,N41(100)+N71(15),NR SA,378,-94.910000,3.400000,,,,,,,,,,,2.202,,2.456,,,,
927,1,,,-73.9598783,40.8174700,2026-01-24 21:40:38.000,_20260124_162539_CH01_REF_TMO-AUTO_HTTP SS UL_NJ DUT REF_L3.dml,,,,N41(100)+N71(15),,378,-94.480000,4.180000,,,,,,,,,,,,,2.552,,,,
928,1,,,-73.9598783,40.8174700,2026-01-24 21:40:39.000,_20260124_162539_CH01_REF_TMO-AUTO_HTTP SS UL_NJ DUT REF_L3.dml,,,,N41(100)+N71(15),,378,-95.050000,3.000000,,,,,,,,,,,,,2.280,,,,
929,1,,,-73.9598783,40.8174700,2026-01-24 21:40:40.000,_20260124_162539_CH01_REF_TMO-AUTO_HTTP SS UL_NJ DUT REF_L3.dml,,,,N41(100)+N71(15),,378,-95.040000,3.520000,,,,,,,,,,,,,2.456,,,,
930,1,,,-73.9598783,40.8174700,2026-01-24 21:40:41.000,_20260124_162539_CH01_REF_TMO-AUTO_HTTP SS UL_NJ DUT REF_L3.dml,,,,N41(100)+N71(15),,378,-95.520000,3.580000,,,,,,,,,,,,,2.328,,,,
931,1,,,-73.9598783,40.8174700,2026-01-24 21:40:41.620,_20260124_162539_CH01_REF_TMO-AUTO_HTTP SS UL_NJ DUT REF_L3.dml,,,,,,,,,,,,,,,Upload Start Request,,,,,,,,,,
932,1,,,-73.9598783,40.8174700,2026-01-24 21:40:41.854,_20260124_162539_CH01_REF_TMO-AUTO_HTTP SS UL_NJ DUT REF_L3.dml,,,,,,,,,,,,,,,Upload Started,,,,,,,,,,
933,1,,,-73.9598783,40.8174700,2026-01-24 21:40:42.000,_20260124_162539_CH01_REF_TMO-AUTO_HTTP SS UL_NJ DUT REF_L3.dml,,,,N41(100)+N71(15),NR SA,378,-95.020000,3.720000,,,,,,,,,,,,,2.496,,,,
934,1,,,-73.9598783,40.8174700,2026-01-24 21:40:43.000,_20260124_162539_CH01_REF_TMO-AUTO_HTTP SS UL_NJ DUT REF_L3.dml,,,,N41(100)+N71(15),NR SA,378,-94.460000,4.660000,,,,,,,,,,,,,2.544,,,,
935,1,,,-73.9598783,40.8174700,2026-01-24 21:40:44.000,_20260124_162539_CH01_REF_TMO-AUTO_HTTP SS UL_NJ DUT REF_L3.dml,,,,N41(100)+N71(15),NR SA,378,-94.900000,4.580000,,,,,,,,,,,15.729,,2.152,,,,
936,1,,,-73.9598783,40.8174700,2026-01-24 21:40:45.000,_20260124_162539_CH01_REF_TMO-AUTO_HTTP SS UL_NJ DUT REF_L3.dml,,,,N41(100)+N71(15),NR SA,378,-94.940000,3.820000,,,,,,,,,,,0.000,,2.032,,,,
937,1,,,-73.9598783,40.8174700,2026-01-24 21:40:46.000,_20260124_162539_CH01_REF_TMO-AUTO_HTTP SS UL_NJ DUT REF_L3.dml,,,,N41(100)+N71(15),NR SA,378,-95.120000,3.320000,,,,,,,,,,,0.000,,1.208,,,,
938,1,,,-73.9598783,40.8174700,2026-01-24 21:40:47.000,_20260124_162539_CH01_REF_TMO-AUTO_HTTP SS UL_NJ DUT REF_L3.dml,,,,N41(100)+N71(15),NR SA,378,-95.170000,3.290000,,,,,,,,,,,0.000,,0.128,,,,
939,1,,,-73.9598783,40.8174700,2026-01-24 21:40:48.000,_20260124_162539_CH01_REF_TMO-AUTO_HTTP SS UL_NJ DUT REF_L3.dml,,,,N41(100)+N71(15),NR SA,378,-95.060000,3.440000,,,,,,,,,,,0.000,,0.816,,,,
940,1,,,-73.9598783,40.8174700,2026-01-24 21:40:49.000,_20260124_162539_CH01_REF_TMO-AUTO_HTTP SS UL_NJ DUT REF_L3.dml,,,,N41(100)+N71(15),NR SA,378,-95.340000,2.880000,,,,,,,,,,,0.000,,1.768,,,,
941,1,,,-73.9598783,40.8174700,2026-01-24 21:40:50.000,_20260124_162539_CH01_REF_TMO-AUTO_HTTP SS UL_NJ DUT REF_L3.dml,,,,N41(100)+N71(15),NR SA,378,-94.740000,3.160000,,,,,,,,,,,0.000,,2.296,,,,
942,1,,,-73.9598783,40.8174700,2026-01-24 21:40:51.000,_20260124_162539_CH01_REF_TMO-AUTO_HTTP SS UL_NJ DUT REF_L3.dml,,,,N41(100)+N71(15),NR SA,378,-95.160000,2.440000,,,,,,,,,,,6.291,,1.976,,,,
943,1,,,-73.9598783,40.8174700,2026-01-24 21:40:52.000,_20260124_162539_CH01_REF_TMO-AUTO_HTTP SS UL_NJ DUT REF_L3.dml,,,,N41(100)+N71(15),NR SA,378,-95.000000,3.100000,,,,,,,,,,,0.000,,2.248,,,,
944,1,,,-73.9598783,40.8174700,2026-01-24 21:40:53.000,_20260124_162539_CH01_REF_TMO-AUTO_HTTP SS UL_NJ DUT REF_L3.dml,,,,N41(100)+N71(15),NR SA,378,-95.000000,2.800000,,,,,,,,,,,0.000,,2.416,,,,
945,1,,,-73.9598783,40.8174700,2026-01-24 21:40:54.000,_20260124_162539_CH01_REF_TMO-AUTO_HTTP SS UL_NJ DUT REF_L3.dml,,,,N41(100)+N71(15),NR SA,378,-95.030000,2.470000,,,,,,,,,,,0.000,,2.712,,,,
946,1,,,-73.9598783,40.8174700,2026-01-24 21:40:55.000,_20260124_162539_CH01_REF_TMO-AUTO_HTTP SS UL_NJ DUT REF_L3.dml,,,,N41(100)+N71(15),NR SA,378,-95.050000,2.360000,,,,,,,,,,,5.243,,2.312,,,,
947,1,,,-73.9598783,40.8174700,2026-01-24 21:40:56.000,_20260124_162539_CH01_REF_TMO-AUTO_HTTP SS UL_NJ DUT REF_L3.dml,,,,N41(100)+N71(15),NR SA,378,-95.120000,2.520000,,,,,,,,,,,0.000,,2.216,,,,
948,1,,,-73.9598783,40.8174700,2026-01-24 21:40:57.000,_20260124_162539_CH01_REF_TMO-AUTO_HTTP SS UL_NJ DUT REF_L3.dml,,,,N41(100)+N71(15),NR SA,378,-95.700000,2.020000,,,,,,,,,,,0.000,,2.632,,,,
949,1,,,-73.9598783,40.8174700,2026-01-24 21:40:58.000,_20260124_162539_CH01_REF_TMO-AUTO_HTTP SS UL_NJ DUT REF_L3.dml,,,,N41(100)+N71(15),NR SA,378,-95.740000,2.020000,,,,,,,,,,,0.000,,2.272,,,,
950,1,,,-73.9598783,40.8174700,2026-01-24 21:40:59.000,_20260124_162539_CH01_REF_TMO-AUTO_HTTP SS UL_NJ DUT REF_L3.dml,,,,N41(100)+N71(15),NR SA,378,-94.800000,2.700000,,,,,,,,,,,6.291,,1.944,,,,
951,1,,,-73.9598783,40.8174700,2026-01-24 21:41:00.000,_20260124_162539_CH01_REF_TMO-AUTO_HTTP SS UL_NJ DUT REF_L3.dml,,,,N41(100)+N71(15),NR SA,378,-95.540000,2.560000,,,,,,,,,,,0.000,,2.376,,,,
952,1,,,-73.9598783,40.8174700,2026-01-24 21:41:01.000,_20260124_162539_CH01_REF_TMO-AUTO_HTTP SS UL_NJ DUT REF_L3.dml,,,,N41(100)+N71(15),NR SA,378,-95.700000,2.220000,,,,,,,,,,,0.000,,2.120,,,,
953,1,,,-73.9598783,40.8174700,2026-01-24 21:41:02.000,_20260124_162539_CH01_REF_TMO-AUTO_HTTP SS UL_NJ DUT REF_L3.dml,,,,N41(100)+N71(15),NR SA,378,-95.410000,2.630000,,,,,,,,,,,0.000,,2.024,,,,
954,1,,,-73.9598783,40.8174700,2026-01-24 21:41:03.000,_20260124_162539_CH01_REF_TMO-AUTO_HTTP SS UL_NJ DUT REF_L3.dml,,,,N41(100)+N71(15),NR SA,378,-95.340000,2.460000,,,,,,,,,,,5.243,,1.976,,,,
955,1,,,-73.9598783,40.8174700,2026-01-24 21:41:04.000,_20260124_162539_CH01_REF_TMO-AUTO_HTTP SS UL_NJ DUT REF_L3.dml,,,,N41(100)+N71(15),NR SA,378,-95.600000,2.300000,,,,,,,,,,,0.000,,1.864,,,,
956,1,,,-73.9598783,40.8174700,2026-01-24 21:41:05.000,_20260124_162539_CH01_REF_TMO-AUTO_HTTP SS UL_NJ DUT REF_L3.dml,,,,N41(100)+N71(15),NR SA,378,-95.180000,2.040000,,,,,,,,,,,0.000,,2.008,,,,
957,1,,,-73.9598783,40.8174700,2026-01-24 21:41:06.000,_20260124_162539_CH01_REF_TMO-AUTO_HTTP SS UL_NJ DUT REF_L3.dml,,,,N41(100)+N71(15),NR SA,378,-95.450000,2.220000,,,,,,,,,,,0.000,,2.416,,,,
958,1,,,-73.9598783,40.8174700,2026-01-24 21:41:07.000,_20260124_162539_CH01_REF_TMO-AUTO_HTTP SS UL_NJ DUT REF_L3.dml,,,,N41(100)+N71(15),NR SA,378,-95.280000,2.740000,,,,,,,,,,,6.298,,2.544,,,,
959,1,,,-73.9598783,40.8174700,2026-01-24 21:41:08.000,_20260124_162539_CH01_REF_TMO-AUTO_HTTP SS UL_NJ DUT REF_L3.dml,,,,N41(100)+N71(15),NR SA,378,-96.000000,2.760000,,,,,,,,,,,0.000,,2.256,,,,
960,1,,,-73.9598783,40.8174700,2026-01-24 21:41:09.000,_20260124_162539_CH01_REF_TMO-AUTO_HTTP SS UL_NJ DUT REF_L3.dml,,,,N41(100)+N71(15),NR SA,378,-95.710000,2.550000,,,,,,,,,,,0.000,,2.488,,,,
961,1,,,-73.9598783,40.8174700,2026-01-24 21:41:10.000,_20260124_162539_CH01_REF_TMO-AUTO_HTTP SS UL_NJ DUT REF_L3.dml,,,,N41(100)+N71(15),NR SA,378,-95.090000,2.760000,,,,,,,,,,,0.000,,2.264,,,,
962,1,,,-73.9598783,40.8174700,2026-01-24 21:41:11.000,_20260124_162539_CH01_REF_TMO-AUTO_HTTP SS UL_NJ DUT REF_L3.dml,,,,N41(100)+N71(15),NR SA,378,-95.020000,2.980000,,,,,,,,,,,0.000,,1.848,,,,
963,1,,,-73.9598783,40.8174700,2026-01-24 21:41:12.000,_20260124_162539_CH01_REF_TMO-AUTO_HTTP SS UL_NJ DUT REF_L3.dml,,,,N41(100)+N71(15),NR SA,378,-95.560000,1.760000,,,,,,,,,,,0.000,,2.496,,,,
964,1,,,-73.9598783,40.8174700,2026-01-24 21:41:13.000,_20260124_162539_CH01_REF_TMO-AUTO_HTTP SS UL_NJ DUT REF_L3.dml,,,,N41(100)+N71(15),NR SA,378,-95.420000,1.700000,,,,,,,,,,,0.000,,2.224,,,,
965,1,,,-73.9598783,40.8174700,2026-01-24 21:41:14.000,_20260124_162539_CH01_REF_TMO-AUTO_HTTP SS UL_NJ DUT REF_L3.dml,,,,N41(100)+N71(15),NR SA,378,-95.510000,1.780000,,,,,,,,,,,6.291,,2.312,,,,
966,1,,,-73.9598783,40.8174700,2026-01-24 21:41:15.000,_20260124_162539_CH01_REF_TMO-AUTO_HTTP SS UL_NJ DUT REF_L3.dml,,,,N41(100)+N71(15),NR SA,378,-95.200000,1.650000,,,,,,,,,,,0.000,,2.048,,,,
967,1,,,-73.9598783,40.8174700,2026-01-24 21:41:16.000,_20260124_162539_CH01_REF_TMO-AUTO_HTTP SS UL_NJ DUT REF_L3.dml,,,,N41(100)+N71(15),NR SA,378,-95.620000,1.500000,,,,,,,,,,,0.000,,2.480,,,,
968,1,,,-73.9598783,40.8174700,2026-01-24 21:41:17.000,_20260124_162539_CH01_REF_TMO-AUTO_HTTP SS UL_NJ DUT REF_L3.dml,,,,N41(100)+N71(15),NR SA,378,-95.030000,1.360000,,,,,,,,,,,0.000,,2.400,,,,
969,1,,,-73.9598783,40.8174700,2026-01-24 21:41:18.000,_20260124_162539_CH01_REF_TMO-AUTO_HTTP SS UL_NJ DUT REF_L3.dml,,,,N41(100)+N71(15),NR SA,378,-95.290000,1.000000,,,,,,,,,,,5.243,,2.456,,,,
970,1,,,-73.9598783,40.8174700,2026-01-24 21:41:19.000,_20260124_162539_CH01_REF_TMO-AUTO_HTTP SS UL_NJ DUT REF_L3.dml,,,,N41(100)+N71(15),NR SA,378,-95.000000,1.230000,,,,,,,,,,,0.000,,2.000,,,,
971,1,,,-73.9598783,40.8174700,2026-01-24 21:41:20.000,_20260124_162539_CH01_REF_TMO-AUTO_HTTP SS UL_NJ DUT REF_L3.dml,,,,N41(100)+N71(15),NR SA,378,-95.000000,1.800000,,,,,,,,,,,0.000,,1.936,,,,
972,1,,,-73.9598783,40.8174700,2026-01-24 21:41:21.000,_20260124_162539_CH01_REF_TMO-AUTO_HTTP SS UL_NJ DUT REF_L3.dml,,,,N41(100)+N71(15),NR SA,378,-95.000000,1.220000,,,,,,,,,,,0.000,,2.384,,,,
973,1,,,-73.9598783,40.8174700,2026-01-24 21:41:22.000,_20260124_162539_CH01_REF_TMO-AUTO_HTTP SS UL_NJ DUT REF_L3.dml,,,,N41(100)+N71(15),NR SA,378,-95.180000,1.200000,,,,,,,,,,,6.291,,2.136,,,,
974,1,,,-73.9598783,40.8174700,2026-01-24 21:41:23.000,_20260124_162539_CH01_REF_TMO-AUTO_HTTP SS UL_NJ DUT REF_L3.dml,,,,N41(100)+N71(15),NR SA,378,-95.160000,1.320000,,,,,,,,,,,,,2.488,,,,
975,1,,,-73.9598783,40.8174700,2026-01-24 21:41:24.000,_20260124_162539_CH01_REF_TMO-AUTO_HTTP SS UL_NJ DUT REF_L3.dml,,,,N41(100)+N71(15),NR SA,378,-95.200000,2.280000,,,,,,,,,,,0.000,,1.968,,,,
976,1,,,-73.9598783,40.8174700,2026-01-24 21:41:25.000,_20260124_162539_CH01_REF_TMO-AUTO_HTTP SS UL_NJ DUT REF_L3.dml,,,,N41(100)+N71(15),NR SA,378,-95.240000,2.860000,,,,,,,,,,,0.000,,2.376,,,,
977,1,,,-73.9598783,40.8174700,2026-01-24 21:41:26.000,_20260124_162539_CH01_REF_TMO-AUTO_HTTP SS UL_NJ DUT REF_L3.dml,,,,N41(100)+N71(15),NR SA,378,-95.500000,0.900000,,,,,,,,,,,0.000,,2.096,,,,
978,1,,,-73.9598783,40.8174700,2026-01-24 21:41:27.000,_20260124_162539_CH01_REF_TMO-AUTO_HTTP SS UL_NJ DUT REF_L3.dml,,,,N41(100)+N71(15),NR SA,378,-95.500000,1.120000,,,,,,,,,,,5.243,,2.456,,,,
979,1,,,-73.9598783,40.8174700,2026-01-24 21:41:28.000,_20260124_162539_CH01_REF_TMO-AUTO_HTTP SS UL_NJ DUT REF_L3.dml,,,,N41(100)+N71(15),NR SA,378,-96.000000,0.560000,,,,,,,,,,,0.000,,2.336,,,,
980,1,,,-73.9598783,40.8174700,2026-01-24 21:41:29.000,_20260124_162539_CH01_REF_TMO-AUTO_HTTP SS UL_NJ DUT REF_L3.dml,,,,N41(100)+N71(15),NR SA,378,-96.040000,1.120000,,,,,,,,,,,0.000,,2.216,,,,
981,1,,,-73.9598783,40.8174700,2026-01-24 21:41:30.000,_20260124_162539_CH01_REF_TMO-AUTO_HTTP SS UL_NJ DUT REF_L3.dml,,,,N41(100)+N71(15),NR SA,378,-98.120000,-0.160000,,,,,,,,,,,0.000,,1.728,,,,
982,1,,,-73.9598783,40.8174700,2026-01-24 21:41:31.000,_20260124_162539_CH01_REF_TMO-AUTO_HTTP SS UL_NJ DUT REF_L3.dml,,,,N41(100)+N71(15),NR SA,378,-95.600000,0.600000,,,,,,,,,,,6.298,,2.200,,,,
983,1,,,-73.9598783,40.8174700,2026-01-24 21:41:32.000,_20260124_162539_CH01_REF_TMO-AUTO_HTTP SS UL_NJ DUT REF_L3.dml,,,,N41(100)+N71(15),NR SA,378,-95.470000,1.030000,,,,,,,,,,,0.000,,2.616,,,,
984,1,,,-73.9598783,40.8174700,2026-01-24 21:41:33.000,_20260124_162539_CH01_REF_TMO-AUTO_HTTP SS UL_NJ DUT REF_L3.dml,,,,N41(100)+N71(15),NR SA,378,-95.480000,0.820000,,,,,,,,,,,0.000,,1.752,,,,
985,1,,,-73.9598783,40.8174700,2026-01-24 21:41:34.000,_20260124_162539_CH01_REF_TMO-AUTO_HTTP SS UL_NJ DUT REF_L3.dml,,,,N41(100)+N71(15),NR SA,378,-98.520000,-0.560000,,,,,,,,,,,0.000,,1.976,,,,
986,1,,,-73.9598783,40.8174700,2026-01-24 21:41:35.000,_20260124_162539_CH01_REF_TMO-AUTO_HTTP SS UL_NJ DUT REF_L3.dml,,,,N41(100)+N71(15),NR SA,378,-96.560000,0.660000,,,,,,,,,,,0.000,,1.832,,,,
987,1,,,-73.9598783,40.8174700,2026-01-24 21:41:36.000,_20260124_162539_CH01_REF_TMO-AUTO_HTTP SS UL_NJ DUT REF_L3.dml,,,,N41(100)+N71(15),NR SA,378,-96.400000,1.140000,,,,,,,,,,,5.243,,2.160,,,,
988,1,,,-73.9598783,40.8174700,2026-01-24 21:41:37.000,_20260124_162539_CH01_REF_TMO-AUTO_HTTP SS UL_NJ DUT REF_L3.dml,,,,N41(100)+N71(15),NR SA,378,-96.260000,0.940000,,,,,,,,,,,0.000,,2.680,,,,
989,1,,,-73.9598783,40.8174700,2026-01-24 21:41:38.000,_20260124_162539_CH01_REF_TMO-AUTO_HTTP SS UL_NJ DUT REF_L3.dml,,,,N41(100)+N71(15),NR SA,378,-96.280000,0.520000,,,,,,,,,,,0.000,,2.144,,,,
990,1,,,-73.9598783,40.8174700,2026-01-24 21:41:39.000,_20260124_162539_CH01_REF_TMO-AUTO_HTTP SS UL_NJ DUT REF_L3.dml,,,,N41(100)+N71(15),NR SA,378,-96.180000,0.480000,,,,,,,,,,,0.000,,2.560,,,,
991,1,,,-73.9598783,40.8174700,2026-01-24 21:41:40.000,_20260124_162539_CH01_REF_TMO-AUTO_HTTP SS UL_NJ DUT REF_L3.dml,,,,N41(100)+N71(15),NR SA,378,-95.340000,1.290000,,,,,,,,,,,5.243,,2.272,,,,
992,1,,,-73.9598783,40.8174700,2026-01-24 21:41:41.000,_20260124_162539_CH01_REF_TMO-AUTO_HTTP SS UL_NJ DUT REF_L3.dml,,,,N41(100)+N71(15),NR SA,378,-95.310000,1.800000,,,,,,,,,,,0.000,,2.304,,,,
993,1,,,-73.9598783,40.8174700,2026-01-24 21:41:42.000,_20260124_162539_CH01_REF_TMO-AUTO_HTTP SS UL_NJ DUT REF_L3.dml,,,,N41(100)+N71(15),NR SA,378,-95.300000,1.720000,,,,,,,,,,,0.000,,2.552,,,,
994,1,,,-73.9598783,40.8174700,2026-01-24 21:41:43.000,_20260124_162539_CH01_REF_TMO-AUTO_HTTP SS UL_NJ DUT REF_L3.dml,,,,N41(100)+N71(15),NR SA,378,-96.060000,0.800000,,,,,,,,,,,0.000,,2.752,,,,
995,1,,,-73.9598783,40.8174700,2026-01-24 21:41:44.000,_20260124_162539_CH01_REF_TMO-AUTO_HTTP SS UL_NJ DUT REF_L3.dml,,,,N41(100)+N71(15),NR SA,378,-95.540000,0.860000,,,,,,,,,,,6.285,,2.328,,,,
996,1,,,-73.9598783,40.8174700,2026-01-24 21:41:45.000,_20260124_162539_CH01_REF_TMO-AUTO_HTTP SS UL_NJ DUT REF_L3.dml,,,,N41(100)+N71(15),NR SA,378,-96.020000,0.690000,,,,,,,,,,,0.000,,2.160,,,,
997,1,,,-73.9598783,40.8174700,2026-01-24 21:41:46.000,_20260124_162539_CH01_REF_TMO-AUTO_HTTP SS UL_NJ DUT REF_L3.dml,,,,N41(100)+N71(15),NR SA,378,-94.930000,2.400000,,,,,,,,,,,0.000,,2.392,,,,
998,1,,,-73.9599850,40.8174283,2026-01-24 21:41:47.000,_20260124_162539_CH01_REF_TMO-AUTO_HTTP SS UL_NJ DUT REF_L3.dml,,,,N41(100)+N71(15),NR SA,378,-95.000000,2.520000,,,,,,,,,,,0.000,,2.416,,,,
999,1,,,-73.9599850,40.8174283,2026-01-24 21:41:48.000,_20260124_162539_CH01_REF_TMO-AUTO_HTTP SS UL_NJ DUT REF_L3.dml,,,,N41(100)+N71(15),NR SA,378,-95.920000,0.870000,,,,,,,,,,,5.243,,2.000,,,,
1000,1,,,-73.9599883,40.8174283,2026-01-24 21:41:49.000,_20260124_162539_CH01_REF_TMO-AUTO_HTTP SS UL_NJ DUT REF_L3.dml,,,,N41(100)+N71(15),NR SA,378,-95.170000,1.900000,,,,,,,,,,,0.000,,1.600,,,,
1001,1,,,-73.9599883,40.8174283,2026-01-24 21:41:50.000,_20260124_162539_CH01_REF_TMO-AUTO_HTTP SS UL_NJ DUT REF_L3.dml,,,,N41(100)+N71(15),NR SA,378,-95.600000,2.160000,,,,,,,,,,,0.000,,1.616,,,,
1002,1,,,-73.9599883,40.8174283,2026-01-24 21:41:51.000,_20260124_162539_CH01_REF_TMO-AUTO_HTTP SS UL_NJ DUT REF_L3.dml,,,,N41(100)+N71(15),NR SA,378,-95.100000,2.000000,,,,,,,,,,,0.000,,1.992,,,,
1003,1,,,-73.9599883,40.8174283,2026-01-24 21:41:52.000,_20260124_162539_CH01_REF_TMO-AUTO_HTTP SS UL_NJ DUT REF_L3.dml,,,,N41(100)+N71(15),NR SA,378,-95.060000,2.120000,,,,,,,,,,,0.000,,2.536,,,,
1004,1,,,-73.9599883,40.8174283,2026-01-24 21:41:53.000,_20260124_162539_CH01_REF_TMO-AUTO_HTTP SS UL_NJ DUT REF_L3.dml,,,,N41(100)+N71(15),NR SA,378,-95.240000,2.140000,,,,,,,,,,,6.291,,2.312,,,,
1005,1,,,-73.9599883,40.8174283,2026-01-24 21:41:54.000,_20260124_162539_CH01_REF_TMO-AUTO_HTTP SS UL_NJ DUT REF_L3.dml,,,,N41(100)+N71(15),NR SA,378,-95.560000,2.460000,,,,,,,,,,,0.000,,1.824,,,,
1006,1,,,-73.9599883,40.8174283,2026-01-24 21:41:55.000,_20260124_162539_CH01_REF_TMO-AUTO_HTTP SS UL_NJ DUT REF_L3.dml,,,,N41(100)+N71(15),NR SA,378,-95.000000,3.090000,,,,,,,,,,,0.000,,2.160,,,,
1007,1,,,-73.9599883,40.8174283,2026-01-24 21:41:56.000,_20260124_162539_CH01_REF_TMO-AUTO_HTTP SS UL_NJ DUT REF_L3.dml,,,,N41(100)+N71(15),NR SA,378,-96.540000,1.540000,,,,,,,,,,,0.000,,2.072,,,,
1008,1,,,-73.9599883,40.8174283,2026-01-24 21:41:57.000,_20260124_162539_CH01_REF_TMO-AUTO_HTTP SS UL_NJ DUT REF_L3.dml,,,,N41(100)+N71(15),NR SA,378,-95.420000,2.560000,,,,,,,,,,,5.243,,,,,,
1009,1,,,-73.9599883,40.8174283,2026-01-24 21:41:58.000,_20260124_162539_CH01_REF_TMO-AUTO_HTTP SS UL_NJ DUT REF_L3.dml,,,,N41(100)+N71(15),NR SA,378,-95.820000,2.420000,,,,,,,,,,,0.000,,2.144,,,,
1010,1,,,-73.9599883,40.8174283,2026-01-24 21:41:59.000,_20260124_162539_CH01_REF_TMO-AUTO_HTTP SS UL_NJ DUT REF_L3.dml,,,,N41(100)+N71(15),NR SA,378,-95.400000,3.250000,,,,,,,,,,,0.000,,1.736,,,,
1011,1,,,-73.9599883,40.8174283,2026-01-24 21:42:00.000,_20260124_162539_CH01_REF_TMO-AUTO_HTTP SS UL_NJ DUT REF_L3.dml,,,,N41(100)+N71(15),NR SA,378,-95.180000,2.980000,,,,,,,,,,,0.000,,1.872,,,,
1012,1,,,-73.9599883,40.8174283,2026-01-24 21:42:00.181,_20260124_162539_CH01_REF_TMO-AUTO_HTTP SS UL_NJ DUT REF_L3.dml,,,,,,,,,,,,,,,Upload Ended,,,,,,,,,,
1013,1,,,-73.9599883,40.8174283,2026-01-24 21:42:01.000,_20260124_162539_CH01_REF_TMO-AUTO_HTTP SS UL_NJ DUT REF_L3.dml,,,,N41(100)+N71(15),NR SA,378,-96.130000,2.270000,,,,,,,,,,,22.664,,2.192,,,,
1014,1,,,-73.9599883,40.8174283,2026-01-24 21:42:02.000,_20260124_162539_CH01_REF_TMO-AUTO_HTTP SS UL_NJ DUT REF_L3.dml,,,,N41(100)+N71(15),,378,-95.930000,2.220000,,,,,,,,,,,,,2.304,,,,
1015,1,,,-73.9599883,40.8174283,2026-01-24 21:42:03.000,_20260124_162539_CH01_REF_TMO-AUTO_HTTP SS UL_NJ DUT REF_L3.dml,,,,N41(100)+N71(15),,378,-95.620000,1.730000,,,,,,,,,,,,,2.160,,,,
1016,1,,,-73.9599883,40.8174283,2026-01-24 21:42:04.000,_20260124_162539_CH01_REF_TMO-AUTO_HTTP SS UL_NJ DUT REF_L3.dml,,,,N41(100)+N71(15),,378,-95.540000,2.000000,,,,,,,,,,,,,2.456,,,,
1017,1,,,-73.9599883,40.8174283,2026-01-24 21:42:05.000,_20260124_162539_CH01_REF_TMO-AUTO_HTTP SS UL_NJ DUT REF_L3.dml,,,,N41(100)+N71(15),,378,-95.450000,2.950000,,,,,,,,,,,,,2.608,,,,
1018,1,,,-73.9599883,40.8174283,2026-01-24 21:42:05.338,_20260124_162539_CH01_REF_TMO-AUTO_HTTP SS UL_NJ DUT REF_L3.dml,,,,,,,,,,,,,,,Upload Start Request,,,,,,,,,,
1019,1,,,-73.9599883,40.8174283,2026-01-24 21:42:05.556,_20260124_162539_CH01_REF_TMO-AUTO_HTTP SS UL_NJ DUT REF_L3.dml,,,,,,,,,,,,,,,Upload Started,,,,,,,,,,
1020,1,,,-73.9599883,40.8174283,2026-01-24 21:42:06.000,_20260124_162539_CH01_REF_TMO-AUTO_HTTP SS UL_NJ DUT REF_L3.dml,,,,N41(100)+N71(15),NR SA,378,-95.040000,2.690000,,,,,,,,,,,,,2.720,,,,
1021,1,,,-73.9599883,40.8174283,2026-01-24 21:42:07.000,_20260124_162539_CH01_REF_TMO-AUTO_HTTP SS UL_NJ DUT REF_L3.dml,,,,N41(100)+N71(15),NR SA,378,-95.220000,3.060000,,,,,,,,,,,,,2.640,,,,
1022,1,,,-73.9599883,40.8174283,2026-01-24 21:42:08.000,_20260124_162539_CH01_REF_TMO-AUTO_HTTP SS UL_NJ DUT REF_L3.dml,,,,N41(100)+N71(15),NR SA,378,-95.520000,2.140000,,,,,,,,,,,15.729,,2.496,,,,
1023,1,,,-73.9599883,40.8174283,2026-01-24 21:42:09.000,_20260124_162539_CH01_REF_TMO-AUTO_HTTP SS UL_NJ DUT REF_L3.dml,,,,N41(100)+N71(15),NR SA,378,-95.400000,2.800000,,,,,,,,,,,0.000,,2.632,,,,
1024,1,,,-73.9599883,40.8174283,2026-01-24 21:42:10.000,_20260124_162539_CH01_REF_TMO-AUTO_HTTP SS UL_NJ DUT REF_L3.dml,,,,N41(100)+N71(15),NR SA,378,-95.090000,2.670000,,,,,,,,,,,0.000,,3.072,,,,
1025,1,,,-73.9599883,40.8174283,2026-01-24 21:42:11.000,_20260124_162539_CH01_REF_TMO-AUTO_HTTP SS UL_NJ DUT REF_L3.dml,,,,N41(100)+N71(15),NR SA,378,-95.840000,2.280000,,,,,,,,,,,0.000,,2.752,,,,
1026,1,,,-73.9599883,40.8174283,2026-01-24 21:42:12.000,_20260124_162539_CH01_REF_TMO-AUTO_HTTP SS UL_NJ DUT REF_L3.dml,,,,N41(100)+N71(15),NR SA,378,-95.430000,2.260000,,,,,,,,,,,0.000,,1.976,,,,
1027,1,,,-73.9599883,40.8174283,2026-01-24 21:42:13.000,_20260124_162539_CH01_REF_TMO-AUTO_HTTP SS UL_NJ DUT REF_L3.dml,,,,N41(100)+N71(15),NR SA,378,-95.420000,2.880000,,,,,,,,,,,0.000,,1.144,,,,
1028,1,,,-73.9599883,40.8174283,2026-01-24 21:42:14.000,_20260124_162539_CH01_REF_TMO-AUTO_HTTP SS UL_NJ DUT REF_L3.dml,,,,N41(100)+N71(15),NR SA,378,-95.000000,2.360000,,,,,,,,,,,0.000,,2.016,,,,
1029,1,,,-73.9599883,40.8174283,2026-01-24 21:42:15.000,_20260124_162539_CH01_REF_TMO-AUTO_HTTP SS UL_NJ DUT REF_L3.dml,,,,N41(100)+N71(15),NR SA,378,-94.960000,2.340000,,,,,,,,,,,0.000,,2.240,,,,
1030,1,,,-73.9599883,40.8174283,2026-01-24 21:42:16.000,_20260124_162539_CH01_REF_TMO-AUTO_HTTP SS UL_NJ DUT REF_L3.dml,,,,N41(100)+N71(15),NR SA,378,-95.000000,3.600000,,,,,,,,,,,0.000,,2.048,,,,
1031,1,,,-73.9599883,40.8174283,2026-01-24 21:42:17.000,_20260124_162539_CH01_REF_TMO-AUTO_HTTP SS UL_NJ DUT REF_L3.dml,,,,N41(100)+N71(15),NR SA,378,-95.020000,3.490000,,,,,,,,,,,6.291,,2.264,,,,
1032,1,,,-73.9599883,40.8174283,2026-01-24 21:42:18.000,_20260124_162539_CH01_REF_TMO-AUTO_HTTP SS UL_NJ DUT REF_L3.dml,,,,N41(100)+N71(15),NR SA,378,-95.000000,2.600000,,,,,,,,,,,0.000,,2.376,,,,
1033,1,,,-73.9599883,40.8174283,2026-01-24 21:42:19.000,_20260124_162539_CH01_REF_TMO-AUTO_HTTP SS UL_NJ DUT REF_L3.dml,,,,N41(100)+N71(15),NR SA,378,-94.930000,3.430000,,,,,,,,,,,0.000,,2.352,,,,
1034,1,,,-73.9599883,40.8174283,2026-01-24 21:42:20.000,_20260124_162539_CH01_REF_TMO-AUTO_HTTP SS UL_NJ DUT REF_L3.dml,,,,N41(100)+N71(15),NR SA,378,-95.000000,3.690000,,,,,,,,,,,0.000,,1.984,,,,
1035,1,,,-73.9599883,40.8174283,2026-01-24 21:42:21.000,_20260124_162539_CH01_REF_TMO-AUTO_HTTP SS UL_NJ DUT REF_L3.dml,,,,N41(100)+N71(15),NR SA,378,-94.950000,2.730000,,,,,,,,,,,5.238,,2.168,,,,
1036,1,,,-73.9599883,40.8174283,2026-01-24 21:42:22.000,_20260124_162539_CH01_REF_TMO-AUTO_HTTP SS UL_NJ DUT REF_L3.dml,,,,N41(100)+N71(15),NR SA,378,-95.400000,2.760000,,,,,,,,,,,0.000,,1.992,,,,
1037,1,,,-73.9599883,40.8174283,2026-01-24 21:42:23.000,_20260124_162539_CH01_REF_TMO-AUTO_HTTP SS UL_NJ DUT REF_L3.dml,,,,N41(100)+N71(15),NR SA,378,-95.900000,2.240000,,,,,,,,,,,0.000,,2.160,,,,
1038,1,,,-73.9599883,40.8174283,2026-01-24 21:42:24.000,_20260124_162539_CH01_REF_TMO-AUTO_HTTP SS UL_NJ DUT REF_L3.dml,,,,N41(100)+N71(15),NR SA,378,-95.620000,1.780000,,,,,,,,,,,0.000,,2.160,,,,
1039,1,,,-73.9599883,40.8174283,2026-01-24 21:42:25.000,_20260124_162539_CH01_REF_TMO-AUTO_HTTP SS UL_NJ DUT REF_L3.dml,,,,N41(100)+N71(15),NR SA,378,-95.460000,1.900000,,,,,,,,,,,0.000,,2.744,,,,
1040,1,,,-73.9599883,40.8174283,2026-01-24 21:42:26.000,_20260124_162539_CH01_REF_TMO-AUTO_HTTP SS UL_NJ DUT REF_L3.dml,,,,N41(100)+N71(15),NR SA,378,-94.820000,2.500000,,,,,,,,,,,7.340,,2.648,,,,
1041,1,,,-73.9599883,40.8174283,2026-01-24 21:42:27.000,_20260124_162539_CH01_REF_TMO-AUTO_HTTP SS UL_NJ DUT REF_L3.dml,,,,N41(100)+N71(15),NR SA,378,-94.080000,3.210000,,,,,,,,,,,0.000,,2.936,,,,
1042,1,,,-73.9599883,40.8174283,2026-01-24 21:42:28.000,_20260124_162539_CH01_REF_TMO-AUTO_HTTP SS UL_NJ DUT REF_L3.dml,,,,N41(100)+N71(15),NR SA,378,-94.730000,3.000000,,,,,,,,,,,0.000,,1.776,,,,
1043,1,,,-73.9599883,40.8174283,2026-01-24 21:42:29.000,_20260124_162539_CH01_REF_TMO-AUTO_HTTP SS UL_NJ DUT REF_L3.dml,,,,N41(100)+N71(15),NR SA,378,-94.980000,2.290000,,,,,,,,,,,0.000,,2.304,,,,
1044,1,,,-73.9599883,40.8174283,2026-01-24 21:42:30.000,_20260124_162539_CH01_REF_TMO-AUTO_HTTP SS UL_NJ DUT REF_L3.dml,,,,N41(100)+N71(15),NR SA,378,-94.820000,2.820000,,,,,,,,,,,0.000,,2.296,,,,
1045,1,,,-73.9599883,40.8174283,2026-01-24 21:42:31.000,_20260124_162539_CH01_REF_TMO-AUTO_HTTP SS UL_NJ DUT REF_L3.dml,,,,N41(100)+N71(15),NR SA,378,-95.130000,2.820000,,,,,,,,,,,7.340,,3.088,,,,
1046,1,,,-73.9599883,40.8174283,2026-01-24 21:42:32.000,_20260124_162539_CH01_REF_TMO-AUTO_HTTP SS UL_NJ DUT REF_L3.dml,,,,N41(100)+N71(15),NR SA,378,-94.760000,3.140000,,,,,,,,,,,0.000,,2.208,,,,
1047,1,,,-73.9599883,40.8174283,2026-01-24 21:42:33.000,_20260124_162539_CH01_REF_TMO-AUTO_HTTP SS UL_NJ DUT REF_L3.dml,,,,N41(100)+N71(15),NR SA,378,-95.000000,2.270000,,,,,,,,,,,5.243,,2.168,,,,
1048,1,,,-73.9599883,40.8174283,2026-01-24 21:42:34.000,_20260124_162539_CH01_REF_TMO-AUTO_HTTP SS UL_NJ DUT REF_L3.dml,,,,N41(100)+N71(15),NR SA,378,-95.000000,2.740000,,,,,,,,,,,,,2.192,,,,
1049,1,,,-73.9599883,40.8174283,2026-01-24 21:42:35.000,_20260124_162539_CH01_REF_TMO-AUTO_HTTP SS UL_NJ DUT REF_L3.dml,,,,N41(100)+N71(15),NR SA,378,-95.000000,3.070000,,,,,,,,,,,0.000,,2.416,,,,
1050,1,,,-73.9599883,40.8174283,2026-01-24 21:42:36.000,_20260124_162539_CH01_REF_TMO-AUTO_HTTP SS UL_NJ DUT REF_L3.dml,,,,N41(100)+N71(15),NR SA,378,-95.000000,3.030000,,,,,,,,,,,0.000,,1.968,,,,
1051,1,,,-73.9599883,40.8174283,2026-01-24 21:42:37.000,_20260124_162539_CH01_REF_TMO-AUTO_HTTP SS UL_NJ DUT REF_L3.dml,,,,N41(100)+N71(15),NR SA,378,-94.600000,3.040000,,,,,,,,,,,6.291,,2.272,,,,
1052,1,,,-73.9599883,40.8174283,2026-01-24 21:42:38.000,_20260124_162539_CH01_REF_TMO-AUTO_HTTP SS UL_NJ DUT REF_L3.dml,,,,N41(100)+N71(15),NR SA,378,-94.200000,2.310000,,,,,,,,,,,0.000,,2.576,,,,
1053,1,,,-73.9599883,40.8174283,2026-01-24 21:42:39.000,_20260124_162539_CH01_REF_TMO-AUTO_HTTP SS UL_NJ DUT REF_L3.dml,,,,N41(100)+N71(15),NR SA,378,-94.000000,3.160000,,,,,,,,,,,0.000,,2.184,,,,
1054,1,,,-73.9599883,40.8174283,2026-01-24 21:42:40.000,_20260124_162539_CH01_REF_TMO-AUTO_HTTP SS UL_NJ DUT REF_L3.dml,,,,N41(100)+N71(15),NR SA,378,-94.000000,3.380000,,,,,,,,,,,0.000,,2.152,,,,
1055,1,,,-73.9599883,40.8174283,2026-01-24 21:42:41.000,_20260124_162539_CH01_REF_TMO-AUTO_HTTP SS UL_NJ DUT REF_L3.dml,,,,N41(100)+N71(15),NR SA,378,-94.780000,2.540000,,,,,,,,,,,5.238,,2.568,,,,
1056,1,,,-73.9599883,40.8174283,2026-01-24 21:42:42.000,_20260124_162539_CH01_REF_TMO-AUTO_HTTP SS UL_NJ DUT REF_L3.dml,,,,N41(100)+N71(15),NR SA,378,-94.930000,2.510000,,,,,,,,,,,0.000,,2.760,,,,
1057,1,,,-73.9599883,40.8174283,2026-01-24 21:42:43.000,_20260124_162539_CH01_REF_TMO-AUTO_HTTP SS UL_NJ DUT REF_L3.dml,,,,N41(100)+N71(15),NR SA,378,-94.890000,2.570000,,,,,,,,,,,0.000,,2.736,,,,
1058,1,,,-73.9599883,40.8174283,2026-01-24 21:42:44.000,_20260124_162539_CH01_REF_TMO-AUTO_HTTP SS UL_NJ DUT REF_L3.dml,,,,N41(100)+N71(15),NR SA,378,-95.000000,2.730000,,,,,,,,,,,0.000,,2.400,,,,
1059,1,,,-73.9599883,40.8174283,2026-01-24 21:42:45.000,_20260124_162539_CH01_REF_TMO-AUTO_HTTP SS UL_NJ DUT REF_L3.dml,,,,N41(100)+N71(15),NR SA,378,-95.000000,2.740000,,,,,,,,,,,6.291,,3.144,,,,
1060,1,,,-73.9599883,40.8174283,2026-01-24 21:42:46.000,_20260124_162539_CH01_REF_TMO-AUTO_HTTP SS UL_NJ DUT REF_L3.dml,,,,N41(100)+N71(15),NR SA,378,-95.200000,3.200000,,,,,,,,,,,0.000,,2.696,,,,
1061,1,,,-73.9599883,40.8174283,2026-01-24 21:42:47.000,_20260124_162539_CH01_REF_TMO-AUTO_HTTP SS UL_NJ DUT REF_L3.dml,,,,N41(100)+N71(15),NR SA,378,-94.760000,3.870000,,,,,,,,,,,0.000,,3.400,,,,
1062,1,,,-73.9599883,40.8174283,2026-01-24 21:42:48.000,_20260124_162539_CH01_REF_TMO-AUTO_HTTP SS UL_NJ DUT REF_L3.dml,,,,N41(100)+N71(15),NR SA,378,-94.360000,3.400000,,,,,,,,,,,5.243,,2.752,,,,
1063,1,,,-73.9599883,40.8174283,2026-01-24 21:42:49.000,_20260124_162539_CH01_REF_TMO-AUTO_HTTP SS UL_NJ DUT REF_L3.dml,,,,N41(100)+N71(15),NR SA,378,-94.670000,3.360000,,,,,,,,,,,0.000,,3.184,,,,
1064,1,,,-73.9599883,40.8174283,2026-01-24 21:42:50.000,_20260124_162539_CH01_REF_TMO-AUTO_HTTP SS UL_NJ DUT REF_L3.dml,,,,N41(100)+N71(15),NR SA,378,-94.130000,3.260000,,,,,,,,,,,6.291,,3.408,,,,
1065,1,,,-73.9599883,40.8174283,2026-01-24 21:42:51.000,_20260124_162539_CH01_REF_TMO-AUTO_HTTP SS UL_NJ DUT REF_L3.dml,,,,N41(100)+N71(15),NR SA,378,-95.190000,2.300000,,,,,,,,,,,0.000,,3.088,,,,
1066,1,,,-73.9599883,40.8174283,2026-01-24 21:42:52.000,_20260124_162539_CH01_REF_TMO-AUTO_HTTP SS UL_NJ DUT REF_L3.dml,,,,N41(100)+N71(15),NR SA,378,-96.070000,0.840000,,,,,,,,,,,0.000,,2.928,,,,
1067,1,,,-73.9599883,40.8174283,2026-01-24 21:42:53.000,_20260124_162539_CH01_REF_TMO-AUTO_HTTP SS UL_NJ DUT REF_L3.dml,,,,N41(100)+N71(15),NR SA,378,-96.660000,0.100000,,,,,,,,,,,5.243,,2.912,,,,
1068,1,,,-73.9599883,40.8174283,2026-01-24 21:42:54.000,_20260124_162539_CH01_REF_TMO-AUTO_HTTP SS UL_NJ DUT REF_L3.dml,,,,N41(100)+N71(15),NR SA,378,-95.600000,1.600000,,,,,,,,,,,0.000,,2.736,,,,
1069,1,,,-73.9599883,40.8174283,2026-01-24 21:42:55.000,_20260124_162539_CH01_REF_TMO-AUTO_HTTP SS UL_NJ DUT REF_L3.dml,,,,N41(100)+N71(15),NR SA,378,-96.180000,1.220000,,,,,,,,,,,0.000,,2.864,,,,
1070,1,,,-73.9599883,40.8174283,2026-01-24 21:42:56.000,_20260124_162539_CH01_REF_TMO-AUTO_HTTP SS UL_NJ DUT REF_L3.dml,,,,N41(100)+N71(15),NR SA,378,-96.000000,1.160000,,,,,,,,,,,2.095,,2.600,,,,
1071,1,,,-73.9599883,40.8174283,2026-01-24 21:42:57.000,_20260124_162539_CH01_REF_TMO-AUTO_HTTP SS UL_NJ DUT REF_L3.dml,,,,N41(100)+N71(15),NR SA,378,-95.920000,1.160000,,,,,,,,,,,3.149,,2.680,,,,
1072,1,,,-73.9599883,40.8174283,2026-01-24 21:42:58.000,_20260124_162539_CH01_REF_TMO-AUTO_HTTP SS UL_NJ DUT REF_L3.dml,,,,N41(100)+N71(15),NR SA,378,-95.380000,1.430000,,,,,,,,,,,0.000,,2.632,,,,
1073,1,,,-73.9599883,40.8174283,2026-01-24 21:42:59.000,_20260124_162539_CH01_REF_TMO-AUTO_HTTP SS UL_NJ DUT REF_L3.dml,,,,N41(100)+N71(15),NR SA,378,-94.780000,1.700000,,,,,,,,,,,0.000,,2.560,,,,
1074,1,,,-73.9599883,40.8174283,2026-01-24 21:43:00.000,_20260124_162539_CH01_REF_TMO-AUTO_HTTP SS UL_NJ DUT REF_L3.dml,,,,N41(100)+N71(15),NR SA,378,-95.160000,1.750000,,,,,,,,,,,6.291,,2.816,,,,
1075,1,,,-73.9599883,40.8174283,2026-01-24 21:43:01.000,_20260124_162539_CH01_REF_TMO-AUTO_HTTP SS UL_NJ DUT REF_L3.dml,,,,N41(100)+N71(15),NR SA,378,-95.360000,0.660000,,,,,,,,,,,0.000,,2.888,,,,
1076,1,,,-73.9599883,40.8174283,2026-01-24 21:43:02.000,_20260124_162539_CH01_REF_TMO-AUTO_HTTP SS UL_NJ DUT REF_L3.dml,,,,N41(100)+N71(15),NR SA,378,-95.180000,1.780000,,,,,,,,,,,0.000,,2.912,,,,
1077,1,,,-73.9599883,40.8174283,2026-01-24 21:43:03.000,_20260124_162539_CH01_REF_TMO-AUTO_HTTP SS UL_NJ DUT REF_L3.dml,,,,N41(100)+N71(15),NR SA,378,-95.000000,1.620000,,,,,,,,,,,5.243,,2.600,,,,
1078,1,,,-73.9599883,40.8174283,2026-01-24 21:43:04.000,_20260124_162539_CH01_REF_TMO-AUTO_HTTP SS UL_NJ DUT REF_L3.dml,,,,N41(100)+N71(15),NR SA,378,-94.860000,1.220000,,,,,,,,,,,0.000,,3.296,,,,
1079,1,,,-73.9599883,40.8174283,2026-01-24 21:43:05.000,_20260124_162539_CH01_REF_TMO-AUTO_HTTP SS UL_NJ DUT REF_L3.dml,,,,N41(100)+N71(15),NR SA,378,-95.300000,0.820000,,,,,,,,,,,0.000,,3.128,,,,
1080,1,,,-73.9599883,40.8174283,2026-01-24 21:43:06.000,_20260124_162539_CH01_REF_TMO-AUTO_HTTP SS UL_NJ DUT REF_L3.dml,,,,N41(100)+N71(15),NR SA,378,-95.280000,1.210000,,,,,,,,,,,6.291,,2.568,,,,
1081,1,,,-73.9599883,40.8174283,2026-01-24 21:43:07.000,_20260124_162539_CH01_REF_TMO-AUTO_HTTP SS UL_NJ DUT REF_L3.dml,,,,N41(100)+N71(15),NR SA,378,-95.220000,2.050000,,,,,,,,,,,0.000,,2.600,,,,
1082,1,,,-73.9599883,40.8174283,2026-01-24 21:43:08.000,_20260124_162539_CH01_REF_TMO-AUTO_HTTP SS UL_NJ DUT REF_L3.dml,,,,N41(100)+N71(15),NR SA,378,-96.180000,0.720000,,,,,,,,,,,0.000,,2.272,,,,
1083,1,,,-73.9599883,40.8174283,2026-01-24 21:43:09.000,_20260124_162539_CH01_REF_TMO-AUTO_HTTP SS UL_NJ DUT REF_L3.dml,,,,N41(100)+N71(15),NR SA,378,-96.060000,1.020000,,,,,,,,,,,5.243,,2.904,,,,
1084,1,,,-73.9599883,40.8174283,2026-01-24 21:43:10.000,_20260124_162539_CH01_REF_TMO-AUTO_HTTP SS UL_NJ DUT REF_L3.dml,,,,N41(100)+N71(15),NR SA,378,-95.000000,2.340000,,,,,,,,,,,0.000,,3.560,,,,
1085,1,,,-73.9599883,40.8174283,2026-01-24 21:43:11.000,_20260124_162539_CH01_REF_TMO-AUTO_HTTP SS UL_NJ DUT REF_L3.dml,,,,N41(100)+N71(15),NR SA,378,-94.860000,2.200000,,,,,,,,,,,0.000,,3.480,,,,
1086,1,,,-73.9599883,40.8174283,2026-01-24 21:43:12.000,_20260124_162539_CH01_REF_TMO-AUTO_HTTP SS UL_NJ DUT REF_L3.dml,,,,N41(100)+N71(15),NR SA,378,-95.000000,1.690000,,,,,,,,,,,6.298,,2.976,,,,
1087,1,,,-73.9599883,40.8174283,2026-01-24 21:43:13.000,_20260124_162539_CH01_REF_TMO-AUTO_HTTP SS UL_NJ DUT REF_L3.dml,,,,N41(100)+N71(15),NR SA,378,-95.000000,2.380000,,,,,,,,,,,0.000,,3.296,,,,
1088,1,,,-73.9599883,40.8174283,2026-01-24 21:43:14.000,_20260124_162539_CH01_REF_TMO-AUTO_HTTP SS UL_NJ DUT REF_L3.dml,,,,N41(100)+N71(15),NR SA,378,-95.580000,1.450000,,,,,,,,,,,0.000,,2.544,,,,
1089,1,,,-73.9599883,40.8174283,2026-01-24 21:43:15.000,_20260124_162539_CH01_REF_TMO-AUTO_HTTP SS UL_NJ DUT REF_L3.dml,,,,N41(100)+N71(15),NR SA,378,-95.890000,1.390000,,,,,,,,,,,0.000,,1.952,,,,
1090,1,,,-73.9599883,40.8174283,2026-01-24 21:43:15.400,_20260124_162539_CH01_REF_TMO-AUTO_HTTP SS UL_NJ DUT REF_L3.dml,,,,,,,,,,,,,,,Upload Ended,,,,,,,,,,
1091,1,,,-73.9599883,40.8174283,2026-01-24 21:43:16.000,_20260124_162539_CH01_REF_TMO-AUTO_HTTP SS UL_NJ DUT REF_L3.dml,,,,N41(100)+N71(15),NR SA,378,-95.980000,1.640000,,,,,,,,,,,4.493,,2.192,,,,
1092,1,,,-73.9599883,40.8174283,2026-01-24 21:43:17.000,_20260124_162539_CH01_REF_TMO-AUTO_HTTP SS UL_NJ DUT REF_L3.dml,,,,N41(100)+N71(15),,378,-94.920000,2.520000,,,,,,,,,,,,,2.328,,,,
1093,1,,,-73.9599883,40.8174283,2026-01-24 21:43:18.000,_20260124_162539_CH01_REF_TMO-AUTO_HTTP SS UL_NJ DUT REF_L3.dml,,,,N41(100)+N71(15),,378,-97.080000,0.960000,,,,,,,,,,,,,2.144,,,,
1094,1,,,-73.9599883,40.8174283,2026-01-24 21:43:19.000,_20260124_162539_CH01_REF_TMO-AUTO_HTTP SS UL_NJ DUT REF_L3.dml,,,,N41(100)+N71(15),,378,-96.880000,0.320000,,,,,,,,,,,,,1.880,,,,
1095,1,,,-73.9599883,40.8174283,2026-01-24 21:43:20.000,_20260124_162539_CH01_REF_TMO-AUTO_HTTP SS UL_NJ DUT REF_L3.dml,,,,N41(100)+N71(15),,378,-96.400000,0.820000,,,,,,,,,,,,,2.048,,,,
1096,1,,,-73.9599883,40.8174283,2026-01-24 21:43:20.900,_20260124_162539_CH01_REF_TMO-AUTO_HTTP SS UL_NJ DUT REF_L3.dml,,,,,,,,,,,,,,,Upload Start Request,,,,,,,,,,
1097,1,,,-73.9599883,40.8174283,2026-01-24 21:43:21.000,_20260124_162539_CH01_REF_TMO-AUTO_HTTP SS UL_NJ DUT REF_L3.dml,,,,N41(100)+N71(15),NR SA,378,-96.380000,0.960000,,,,,,,,,,,,,2.016,,,,
1098,1,,,-73.9599883,40.8174283,2026-01-24 21:43:21.135,_20260124_162539_CH01_REF_TMO-AUTO_HTTP SS UL_NJ DUT REF_L3.dml,,,,,,,,,,,,,,,Upload Started,,,,,,,,,,
1099,1,,,-73.9599883,40.8174283,2026-01-24 21:43:22.000,_20260124_162539_CH01_REF_TMO-AUTO_HTTP SS UL_NJ DUT REF_L3.dml,,,,N41(100)+N71(15),NR SA,378,-95.530000,1.610000,,,,,,,,,,,,,2.424,,,,
1100,1,,,-73.9599883,40.8174283,2026-01-24 21:43:23.000,_20260124_162539_CH01_REF_TMO-AUTO_HTTP SS UL_NJ DUT REF_L3.dml,,,,N41(100)+N71(15),NR SA,378,-95.620000,0.920000,,,,,,,,,,,,,2.504,,,,
1101,1,,,-73.9599883,40.8174283,2026-01-24 21:43:24.000,_20260124_162539_CH01_REF_TMO-AUTO_HTTP SS UL_NJ DUT REF_L3.dml,,,,N41(100)+N71(15),NR SA,378,-96.760000,1.080000,,,,,,,,,,,15.635,,2.384,,,,
1102,1,,,-73.9599883,40.8174283,2026-01-24 21:43:25.000,_20260124_162539_CH01_REF_TMO-AUTO_HTTP SS UL_NJ DUT REF_L3.dml,,,,N41(100)+N71(15),NR SA,378,-95.440000,1.760000,,,,,,,,,,,0.000,,2.960,,,,
1103,1,,,-73.9599883,40.8174283,2026-01-24 21:43:26.000,_20260124_162539_CH01_REF_TMO-AUTO_HTTP SS UL_NJ DUT REF_L3.dml,,,,N41(100)+N71(15),NR SA,378,-95.780000,1.820000,,,,,,,,,,,0.000,,3.360,,,,
1104,1,,,-73.9599883,40.8174283,2026-01-24 21:43:27.000,_20260124_162539_CH01_REF_TMO-AUTO_HTTP SS UL_NJ DUT REF_L3.dml,,,,N41(100)+N71(15),NR SA,378,-95.540000,1.920000,,,,,,,,,,,7.340,,1.512,,,,
1105,1,,,-73.9599883,40.8174283,2026-01-24 21:43:28.000,_20260124_162539_CH01_REF_TMO-AUTO_HTTP SS UL_NJ DUT REF_L3.dml,,,,N41(100)+N71(15),NR SA,378,-95.900000,1.560000,,,,,,,,,,,0.000,,0.296,,,,
1106,1,,,-73.9599883,40.8174283,2026-01-24 21:43:29.000,_20260124_162539_CH01_REF_TMO-AUTO_HTTP SS UL_NJ DUT REF_L3.dml,,,,N41(100)+N71(15),NR SA,378,-96.830000,0.770000,,,,,,,,,,,0.000,,0.928,,,,
1107,1,,,-73.9599883,40.8174283,2026-01-24 21:43:30.000,_20260124_162539_CH01_REF_TMO-AUTO_HTTP SS UL_NJ DUT REF_L3.dml,,,,N41(100)+N71(15),NR SA,378,-96.760000,0.260000,,,,,,,,,,,0.000,,2.056,,,,
1108,1,,,-73.9599883,40.8174283,2026-01-24 21:43:31.000,_20260124_162539_CH01_REF_TMO-AUTO_HTTP SS UL_NJ DUT REF_L3.dml,,,,N41(100)+N71(15),NR SA,378,-95.000000,1.830000,,,,,,,,,,,0.000,,2.312,,,,
1109,1,,,-73.9599883,40.8174283,2026-01-24 21:43:32.000,_20260124_162539_CH01_REF_TMO-AUTO_HTTP SS UL_NJ DUT REF_L3.dml,,,,N41(100)+N71(15),NR SA,378,-94.620000,1.800000,,,,,,,,,,,0.000,,2.112,,,,
1110,1,,,-73.9599883,40.8174283,2026-01-24 21:43:33.000,_20260124_162539_CH01_REF_TMO-AUTO_HTTP SS UL_NJ DUT REF_L3.dml,,,,N41(100)+N71(15),NR SA,378,-94.320000,2.460000,,,,,,,,,,,0.000,,3.344,,,,
1111,1,,,-73.9599883,40.8174283,2026-01-24 21:43:34.000,_20260124_162539_CH01_REF_TMO-AUTO_HTTP SS UL_NJ DUT REF_L3.dml,,,,N41(100)+N71(15),NR SA,378,-94.160000,2.860000,,,,,,,,,,,8.389,,2.512,,,,
1112,1,,,-73.9599883,40.8174283,2026-01-24 21:43:35.000,_20260124_162539_CH01_REF_TMO-AUTO_HTTP SS UL_NJ DUT REF_L3.dml,,,,N41(100)+N71(15),NR SA,378,-93.780000,3.060000,,,,,,,,,,,0.000,,2.464,,,,
1113,1,,,-73.9599883,40.8174283,2026-01-24 21:43:36.000,_20260124_162539_CH01_REF_TMO-AUTO_HTTP SS UL_NJ DUT REF_L3.dml,,,,N41(100)+N71(15),NR SA,378,-94.660000,2.760000,,,,,,,,,,,0.000,,3.984,,,,
1114,1,,,-73.9599883,40.8174283,2026-01-24 21:43:37.000,_20260124_162539_CH01_REF_TMO-AUTO_HTTP SS UL_NJ DUT REF_L3.dml,,,,N41(100)+N71(15),NR SA,378,-94.870000,2.600000,,,,,,,,,,,0.000,,3.088,,,,
1115,1,,,-73.9599883,40.8174283,2026-01-24 21:43:38.000,_20260124_162539_CH01_REF_TMO-AUTO_HTTP SS UL_NJ DUT REF_L3.dml,,,,N41(100)+N71(15),NR SA,378,-94.680000,1.450000,,,,,,,,,,,8.380,,2.624,,,,
1116,1,,,-73.9599883,40.8174283,2026-01-24 21:43:39.000,_20260124_162539_CH01_REF_TMO-AUTO_HTTP SS UL_NJ DUT REF_L3.dml,,,,N41(100)+N71(15),NR SA,378,-95.030000,0.920000,,,,,,,,,,,0.000,,2.376,,,,
1117,1,,,-73.9599883,40.8174283,2026-01-24 21:43:40.000,_20260124_162539_CH01_REF_TMO-AUTO_HTTP SS UL_NJ DUT REF_L3.dml,,,,N41(100)+N71(15),NR SA,378,-94.760000,0.940000,,,,,,,,,,,0.000,,2.976,,,,
1118,1,,,-73.9599883,40.8174283,2026-01-24 21:43:41.000,_20260124_162539_CH01_REF_TMO-AUTO_HTTP SS UL_NJ DUT REF_L3.dml,,,,N41(100)+N71(15),NR SA,378,-95.500000,0.560000,,,,,,,,,,,0.000,,2.872,,,,
1119,1,,,-73.9599883,40.8174283,2026-01-24 21:43:42.000,_20260124_162539_CH01_REF_TMO-AUTO_HTTP SS UL_NJ DUT REF_L3.dml,,,,N41(100)+N71(15),NR SA,378,-93.960000,2.220000,,,,,,,,,,,8.389,,2.136,,,,
1120,1,,,-73.9599883,40.8174283,2026-01-24 21:43:43.000,_20260124_162539_CH01_REF_TMO-AUTO_HTTP SS UL_NJ DUT REF_L3.dml,,,,N41(100)+N71(15),NR SA,378,-93.960000,1.960000,,,,,,,,,,,0.000,,2.072,,,,
1121,1,,,-73.9599883,40.8174283,2026-01-24 21:43:44.000,_20260124_162539_CH01_REF_TMO-AUTO_HTTP SS UL_NJ DUT REF_L3.dml,,,,N41(100)+N71(15),NR SA,378,-94.000000,0.890000,,,,,,,,,,,0.000,,1.864,,,,
1122,1,,,-73.9599883,40.8174283,2026-01-24 21:43:45.000,_20260124_162539_CH01_REF_TMO-AUTO_HTTP SS UL_NJ DUT REF_L3.dml,,,,N41(100)+N71(15),NR SA,378,-94.740000,0.940000,,,,,,,,,,,0.000,,2.384,,,,
1123,1,,,-73.9599883,40.8174283,2026-01-24 21:43:46.000,_20260124_162539_CH01_REF_TMO-AUTO_HTTP SS UL_NJ DUT REF_L3.dml,,,,N41(100)+N71(15),NR SA,378,-94.680000,0.890000,,,,,,,,,,,0.000,,2.168,,,,
1124,1,,,-73.9599883,40.8174283,2026-01-24 21:43:47.000,_20260124_162539_CH01_REF_TMO-AUTO_HTTP SS UL_NJ DUT REF_L3.dml,,,,N41(100)+N71(15),NR SA,378,-95.270000,1.310000,,,,,,,,,,,0.000,,2.120,,,,
1125,1,,,-73.9599883,40.8174283,2026-01-24 21:43:48.000,_20260124_162539_CH01_REF_TMO-AUTO_HTTP SS UL_NJ DUT REF_L3.dml,,,,N41(100)+N71(15),NR SA,378,-96.510000,0.110000,,,,,,,,,,,8.389,,1.896,,,,
1126,1,,,-73.9599883,40.8174283,2026-01-24 21:43:49.000,_20260124_162539_CH01_REF_TMO-AUTO_HTTP SS UL_NJ DUT REF_L3.dml,,,,N41(100)+N71(15),NR SA,378,-95.620000,0.890000,,,,,,,,,,,0.000,,2.376,,,,
1127,1,,,-73.9599883,40.8174283,2026-01-24 21:43:50.000,_20260124_162539_CH01_REF_TMO-AUTO_HTTP SS UL_NJ DUT REF_L3.dml,,,,N41(100)+N71(15),NR SA,378,-95.520000,1.320000,,,,,,,,,,,0.000,,2.440,,,,
1128,1,,,-73.9599883,40.8174283,2026-01-24 21:43:51.000,_20260124_162539_CH01_REF_TMO-AUTO_HTTP SS UL_NJ DUT REF_L3.dml,,,,N41(100)+N71(15),NR SA,378,-95.110000,1.800000,,,,,,,,,,,0.000,,2.592,,,,
1129,1,,,-73.9599883,40.8174283,2026-01-24 21:43:52.000,_20260124_162539_CH01_REF_TMO-AUTO_HTTP SS UL_NJ DUT REF_L3.dml,,,,N41(100)+N71(15),NR SA,378,-96.110000,0.670000,,,,,,,,,,,0.000,,2.120,,,,
1130,1,,,-73.9599883,40.8174283,2026-01-24 21:43:53.000,_20260124_162539_CH01_REF_TMO-AUTO_HTTP SS UL_NJ DUT REF_L3.dml,,,,N41(100)+N71(15),NR SA,378,-94.640000,2.240000,,,,,,,,,,,8.389,,2.120,,,,
1131,1,,,-73.9599883,40.8174283,2026-01-24 21:43:54.000,_20260124_162539_CH01_REF_TMO-AUTO_HTTP SS UL_NJ DUT REF_L3.dml,,,,N41(100)+N71(15),NR SA,378,-94.680000,1.320000,,,,,,,,,,,0.000,,2.032,,,,
1132,1,,,-73.9599883,40.8174283,2026-01-24 21:43:55.000,_20260124_162539_CH01_REF_TMO-AUTO_HTTP SS UL_NJ DUT REF_L3.dml,,,,N41(100)+N71(15),NR SA,378,-94.200000,2.480000,,,,,,,,,,,0.000,,2.016,,,,
1133,1,,,-73.9599883,40.8174283,2026-01-24 21:43:56.000,_20260124_162539_CH01_REF_TMO-AUTO_HTTP SS UL_NJ DUT REF_L3.dml,,,,N41(100)+N71(15),NR SA,378,-94.240000,2.040000,,,,,,,,,,,0.000,,2.176,,,,
1134,1,,,-73.9599883,40.8174283,2026-01-24 21:43:57.000,_20260124_162539_CH01_REF_TMO-AUTO_HTTP SS UL_NJ DUT REF_L3.dml,,,,N41(100)+N71(15),NR SA,378,-95.480000,0.880000,,,,,,,,,,,0.000,,2.560,,,,
1135,1,,,-73.9599883,40.8174283,2026-01-24 21:43:58.000,_20260124_162539_CH01_REF_TMO-AUTO_HTTP SS UL_NJ DUT REF_L3.dml,,,,N41(100)+N71(15),NR SA,378,-95.660000,0.940000,,,,,,,,,,,0.000,,2.360,,,,
1136,1,,,-73.9599883,40.8174283,2026-01-24 21:43:59.000,_20260124_162539_CH01_REF_TMO-AUTO_HTTP SS UL_NJ DUT REF_L3.dml,,,,N41(100)+N71(15),NR SA,378,-95.000000,2.360000,,,,,,,,,,,8.389,,2.520,,,,
1137,1,,,-73.9599883,40.8174283,2026-01-24 21:44:00.000,_20260124_162539_CH01_REF_TMO-AUTO_HTTP SS UL_NJ DUT REF_L3.dml,,,,N41(100)+N71(15),NR SA,378,-95.240000,2.220000,,,,,,,,,,,0.000,,2.144,,,,
1138,1,,,-73.9599883,40.8174283,2026-01-24 21:44:01.000,_20260124_162539_CH01_REF_TMO-AUTO_HTTP SS UL_NJ DUT REF_L3.dml,,,,N41(100)+N71(15),NR SA,378,-95.000000,1.300000,,,,,,,,,,,0.000,,2.264,,,,
1139,1,,,-73.9599883,40.8174283,2026-01-24 21:44:02.000,_20260124_162539_CH01_REF_TMO-AUTO_HTTP SS UL_NJ DUT REF_L3.dml,,,,N41(100)+N71(15),NR SA,378,-95.580000,1.360000,,,,,,,,,,,0.000,,2.248,,,,
1140,1,,,-73.9599883,40.8174283,2026-01-24 21:44:03.000,_20260124_162539_CH01_REF_TMO-AUTO_HTTP SS UL_NJ DUT REF_L3.dml,,,,N41(100)+N71(15),NR SA,378,-96.100000,0.560000,,,,,,,,,,,0.000,,2.208,,,,
1141,1,,,-73.9599883,40.8174283,2026-01-24 21:44:04.000,_20260124_162539_CH01_REF_TMO-AUTO_HTTP SS UL_NJ DUT REF_L3.dml,,,,N41(100)+N71(15),NR SA,378,-95.480000,2.260000,,,,,,,,,,,0.000,,2.440,,,,
1142,1,,,-73.9599883,40.8174283,2026-01-24 21:44:05.000,_20260124_162539_CH01_REF_TMO-AUTO_HTTP SS UL_NJ DUT REF_L3.dml,,,,N41(100)+N71(15),NR SA,378,-95.260000,1.740000,,,,,,,,,,,8.389,,2.824,,,,
1143,1,,,-73.9599883,40.8174283,2026-01-24 21:44:06.000,_20260124_162539_CH01_REF_TMO-AUTO_HTTP SS UL_NJ DUT REF_L3.dml,,,,N41(100)+N71(15),NR SA,378,-95.200000,1.160000,,,,,,,,,,,0.000,,3.472,,,,
1144,1,,,-73.9599883,40.8174283,2026-01-24 21:44:07.000,_20260124_162539_CH01_REF_TMO-AUTO_HTTP SS UL_NJ DUT REF_L3.dml,,,,N41(100)+N71(15),NR SA,378,-95.740000,1.360000,,,,,,,,,,,0.000,,2.680,,,,
1145,1,,,-73.9599883,40.8174283,2026-01-24 21:44:08.000,_20260124_162539_CH01_REF_TMO-AUTO_HTTP SS UL_NJ DUT REF_L3.dml,,,,N41(100)+N71(15),NR SA,378,-95.380000,0.520000,,,,,,,,,,,0.000,,2.240,,,,
1146,1,,,-73.9599883,40.8174283,2026-01-24 21:44:09.000,_20260124_162539_CH01_REF_TMO-AUTO_HTTP SS UL_NJ DUT REF_L3.dml,,,,N41(100)+N71(15),NR SA,378,-95.400000,0.940000,,,,,,,,,,,0.000,,2.176,,,,
1147,1,,,-73.9599883,40.8174283,2026-01-24 21:44:10.000,_20260124_162539_CH01_REF_TMO-AUTO_HTTP SS UL_NJ DUT REF_L3.dml,,,,N41(100)+N71(15),NR SA,378,-94.760000,1.420000,,,,,,,,,,,8.389,,2.440,,,,
1148,1,,,-73.9599883,40.8174283,2026-01-24 21:44:11.000,_20260124_162539_CH01_REF_TMO-AUTO_HTTP SS UL_NJ DUT REF_L3.dml,,,,N41(100)+N71(15),NR SA,378,-95.180000,0.950000,,,,,,,,,,,0.000,,2.320,,,,
1149,1,,,-73.9599883,40.8174283,2026-01-24 21:44:12.000,_20260124_162539_CH01_REF_TMO-AUTO_HTTP SS UL_NJ DUT REF_L3.dml,,,,N41(100)+N71(15),NR SA,378,-96.060000,0.680000,,,,,,,,,,,0.000,,2.088,,,,
1150,1,,,-73.9599883,40.8174283,2026-01-24 21:44:13.000,_20260124_162539_CH01_REF_TMO-AUTO_HTTP SS UL_NJ DUT REF_L3.dml,,,,N41(100)+N71(15),NR SA,378,-95.500000,0.680000,,,,,,,,,,,0.000,,2.520,,,,
1151,1,,,-73.9599883,40.8174283,2026-01-24 21:44:14.000,_20260124_162539_CH01_REF_TMO-AUTO_HTTP SS UL_NJ DUT REF_L3.dml,,,,N41(100)+N71(15),NR SA,378,-95.100000,1.080000,,,,,,,,,,,0.000,,2.704,,,,
1152,1,,,-73.9599883,40.8174283,2026-01-24 21:44:15.000,_20260124_162539_CH01_REF_TMO-AUTO_HTTP SS UL_NJ DUT REF_L3.dml,,,,N41(100)+N71(15),NR SA,378,-95.080000,2.220000,,,,,,,,,,,8.389,,2.176,,,,
1153,1,,,-73.9599883,40.8174283,2026-01-24 21:44:16.000,_20260124_162539_CH01_REF_TMO-AUTO_HTTP SS UL_NJ DUT REF_L3.dml,,,,N41(100)+N71(15),NR SA,378,-96.340000,1.760000,,,,,,,,,,,0.000,,1.896,,,,
1154,1,,,-73.9599883,40.8174283,2026-01-24 21:44:17.000,_20260124_162539_CH01_REF_TMO-AUTO_HTTP SS UL_NJ DUT REF_L3.dml,,,,N41(100)+N71(15),NR SA,378,-96.280000,0.400000,,,,,,,,,,,0.000,,2.008,,,,
1155,1,,,-73.9599883,40.8174283,2026-01-24 21:44:18.000,_20260124_162539_CH01_REF_TMO-AUTO_HTTP SS UL_NJ DUT REF_L3.dml,,,,N41(100)+N71(15),NR SA,378,-95.670000,0.890000,,,,,,,,,,,0.000,,2.280,,,,
1156,1,,,-73.9599883,40.8174283,2026-01-24 21:44:19.000,_20260124_162539_CH01_REF_TMO-AUTO_HTTP SS UL_NJ DUT REF_L3.dml,,,,N41(100)+N71(15),NR SA,378,-96.760000,0.160000,,,,,,,,,,,0.000,,2.024,,,,
1157,1,,,-73.9599883,40.8174283,2026-01-24 21:44:20.000,_20260124_162539_CH01_REF_TMO-AUTO_HTTP SS UL_NJ DUT REF_L3.dml,,,,N41(100)+N71(15),NR SA,378,-96.000000,0.510000,,,,,,,,,,,0.000,,1.960,,,,
1158,1,,,-73.9599883,40.8174283,2026-01-24 21:44:21.000,_20260124_162539_CH01_REF_TMO-AUTO_HTTP SS UL_NJ DUT REF_L3.dml,,,,N41(100)+N71(15),NR SA,378,-95.560000,0.870000,,,,,,,,,,,8.389,,2.008,,,,
1159,1,,,-73.9599883,40.8174283,2026-01-24 21:44:22.000,_20260124_162539_CH01_REF_TMO-AUTO_HTTP SS UL_NJ DUT REF_L3.dml,,,,N41(100)+N71(15),NR SA,378,-95.860000,1.420000,,,,,,,,,,,0.000,,2.408,,,,
1160,1,,,-73.9599883,40.8174283,2026-01-24 21:44:23.000,_20260124_162539_CH01_REF_TMO-AUTO_HTTP SS UL_NJ DUT REF_L3.dml,,,,N41(100)+N71(15),NR SA,378,-95.840000,0.500000,,,,,,,,,,,0.000,,2.000,,,,
1161,1,,,-73.9599883,40.8174283,2026-01-24 21:44:24.000,_20260124_162539_CH01_REF_TMO-AUTO_HTTP SS UL_NJ DUT REF_L3.dml,,,,N41(100)+N71(15),NR SA,378,-95.340000,1.260000,,,,,,,,,,,0.000,,2.112,,,,
1162,1,,,-73.9599883,40.8174283,2026-01-24 21:44:25.000,_20260124_162539_CH01_REF_TMO-AUTO_HTTP SS UL_NJ DUT REF_L3.dml,,,,N41(100)+N71(15),NR SA,378,-94.140000,2.340000,,,,,,,,,,,0.000,,2.008,,,,
1163,1,,,-73.9599883,40.8174283,2026-01-24 21:44:26.000,_20260124_162539_CH01_REF_TMO-AUTO_HTTP SS UL_NJ DUT REF_L3.dml,,,,N41(100)+N71(15),NR SA,378,-95.520000,0.850000,,,,,,,,,,,0.000,,2.264,,,,
1164,1,,,-73.9599883,40.8174283,2026-01-24 21:44:27.000,_20260124_162539_CH01_REF_TMO-AUTO_HTTP SS UL_NJ DUT REF_L3.dml,,,,N41(100)+N71(15),NR SA,378,-96.080000,0.110000,,,,,,,,,,,0.000,,2.432,,,,
1165,1,,,-73.9599883,40.8174283,2026-01-24 21:44:28.000,_20260124_162539_CH01_REF_TMO-AUTO_HTTP SS UL_NJ DUT REF_L3.dml,,,,N41(100)+N71(15),NR SA,378,-96.000000,0.400000,,,,,,,,,,,8.389,,2.184,,,,
1166,1,,,-73.9599883,40.8174283,2026-01-24 21:44:29.000,_20260124_162539_CH01_REF_TMO-AUTO_HTTP SS UL_NJ DUT REF_L3.dml,,,,N41(100)+N71(15),NR SA,378,-95.060000,0.700000,,,,,,,,,,,0.000,,2.592,,,,
1167,1,,,-73.9599883,40.8174283,2026-01-24 21:44:30.000,_20260124_162539_CH01_REF_TMO-AUTO_HTTP SS UL_NJ DUT REF_L3.dml,,,,N41(100)+N71(15),NR SA,378,-96.640000,0.560000,,,,,,,,,,,0.000,,2.824,,,,
1168,1,,,-73.9599883,40.8174283,2026-01-24 21:44:31.000,_20260124_162539_CH01_REF_TMO-AUTO_HTTP SS UL_NJ DUT REF_L3.dml,,,,N41(100)+N71(15),NR SA,378,-96.020000,0.580000,,,,,,,,,,,0.000,,2.560,,,,
1169,1,,,-73.9599883,40.8174283,2026-01-24 21:44:31.463,_20260124_162539_CH01_REF_TMO-AUTO_HTTP SS UL_NJ DUT REF_L3.dml,,,,,,,,,,,,,,,Upload Ended,,,,,,,,,,
1170,1,,,-73.9599883,40.8174283,2026-01-24 21:44:32.000,_20260124_162539_CH01_REF_TMO-AUTO_HTTP SS UL_NJ DUT REF_L3.dml,,,,N41(100)+N71(15),NR SA,378,-95.160000,0.510000,,,,,,,,,,,15.471,,2.488,,,,
1171,1,,,-73.9599883,40.8174283,2026-01-24 21:44:33.000,_20260124_162539_CH01_REF_TMO-AUTO_HTTP SS UL_NJ DUT REF_L3.dml,,,,N41(100)+N71(15),,378,-95.660000,0.440000,,,,,,,,,,,,,2.464,,,,
1172,1,,,-73.9599883,40.8174283,2026-01-24 21:44:34.000,_20260124_162539_CH01_REF_TMO-AUTO_HTTP SS UL_NJ DUT REF_L3.dml,,,,N41(100)+N71(15),,378,-95.790000,0.580000,,,,,,,,,,,,,2.392,,,,
1173,1,,,-73.9599883,40.8174283,2026-01-24 21:44:35.000,_20260124_162539_CH01_REF_TMO-AUTO_HTTP SS UL_NJ DUT REF_L3.dml,,,,N41(100)+N71(15),,378,-96.700000,-0.050000,,,,,,,,,,,,,2.840,,,,
1174,1,,,-73.9599883,40.8174283,2026-01-24 21:44:36.000,_20260124_162539_CH01_REF_TMO-AUTO_HTTP SS UL_NJ DUT REF_L3.dml,,,,N41(100)+N71(15),,378,-96.890000,0.320000,,,,,,,,,,,,,2.432,,,,
1175,1,,,-73.9599883,40.8174283,2026-01-24 21:44:36.556,_20260124_162539_CH01_REF_TMO-AUTO_HTTP SS UL_NJ DUT REF_L3.dml,,,,,,,,,,,,,,,Upload Start Request,,,,,,,,,,
1176,1,,,-73.9599883,40.8174283,2026-01-24 21:44:36.806,_20260124_162539_CH01_REF_TMO-AUTO_HTTP SS UL_NJ DUT REF_L3.dml,,,,,,,,,,,,,,,Upload Started,,,,,,,,,,
1177,1,,,-73.9599883,40.8174283,2026-01-24 21:44:37.000,_20260124_162539_CH01_REF_TMO-AUTO_HTTP SS UL_NJ DUT REF_L3.dml,,,,N41(100)+N71(15),NR SA,378,-97.400000,-0.420000,,,,,,,,,,,,,2.816,,,,
1178,1,,,-73.9599883,40.8174283,2026-01-24 21:44:38.000,_20260124_162539_CH01_REF_TMO-AUTO_HTTP SS UL_NJ DUT REF_L3.dml,,,,N41(100)+N71(15),NR SA,378,-96.980000,-0.690000,,,,,,,,,,,,,3.000,,,,
1179,1,,,-73.9599883,40.8174283,2026-01-24 21:44:39.000,_20260124_162539_CH01_REF_TMO-AUTO_HTTP SS UL_NJ DUT REF_L3.dml,,,,N41(100)+N71(15),NR SA,378,-97.040000,-0.240000,,,,,,,,,,,15.729,,2.208,,,,
1180,1,,,-73.9599883,40.8174283,2026-01-24 21:44:40.000,_20260124_162539_CH01_REF_TMO-AUTO_HTTP SS UL_NJ DUT REF_L3.dml,,,,N41(100)+N71(15),NR SA,378,-97.020000,0.040000,,,,,,,,,,,0.000,,2.736,,,,
1181,1,,,-73.9599883,40.8174283,2026-01-24 21:44:41.000,_20260124_162539_CH01_REF_TMO-AUTO_HTTP SS UL_NJ DUT REF_L3.dml,,,,N41(100)+N71(15),NR SA,378,-97.690000,-0.640000,,,,,,,,,,,0.000,,4.352,,,,
1182,1,,,-73.9599883,40.8174283,2026-01-24 21:44:42.000,_20260124_162539_CH01_REF_TMO-AUTO_HTTP SS UL_NJ DUT REF_L3.dml,,,,N41(100)+N71(15),NR SA,378,-97.040000,-0.170000,,,,,,,,,,,0.000,,2.528,,,,
1183,1,,,-73.9599883,40.8174283,2026-01-24 21:44:43.000,_20260124_162539_CH01_REF_TMO-AUTO_HTTP SS UL_NJ DUT REF_L3.dml,,,,N41(100)+N71(15),NR SA,378,-97.590000,-0.970000,,,,,,,,,,,0.000,,2.456,,,,
1184,1,,,-73.9599883,40.8174283,2026-01-24 21:44:44.000,_20260124_162539_CH01_REF_TMO-AUTO_HTTP SS UL_NJ DUT REF_L3.dml,,,,N41(100)+N71(15),NR SA,378,-96.090000,-0.350000,,,,,,,,,,,0.000,,1.616,,,,
1185,1,,,-73.9599883,40.8174283,2026-01-24 21:44:45.000,_20260124_162539_CH01_REF_TMO-AUTO_HTTP SS UL_NJ DUT REF_L3.dml,,,,N41(100)+N71(15),NR SA,378,-95.520000,-0.120000,,,,,,,,,,,0.000,,2.208,,,,
1186,1,,,-73.9599883,40.8174283,2026-01-24 21:44:46.000,_20260124_162539_CH01_REF_TMO-AUTO_HTTP SS UL_NJ DUT REF_L3.dml,,,,N41(100)+N71(15),NR SA,378,-96.600000,-1.140000,,,,,,,,,,,0.000,,2.368,,,,
1187,1,,,-73.9599883,40.8174283,2026-01-24 21:44:47.000,_20260124_162539_CH01_REF_TMO-AUTO_HTTP SS UL_NJ DUT REF_L3.dml,,,,N41(100)+N71(15),NR SA,378,-96.780000,-0.980000,,,,,,,,,,,0.000,,2.072,,,,
1188,1,,,-73.9599883,40.8174283,2026-01-24 21:44:48.000,_20260124_162539_CH01_REF_TMO-AUTO_HTTP SS UL_NJ DUT REF_L3.dml,,,,N41(100)+N71(15),NR SA,378,-96.100000,-0.100000,,,,,,,,,,,0.000,,2.624,,,,
1189,1,,,-73.9599883,40.8174283,2026-01-24 21:44:49.000,_20260124_162539_CH01_REF_TMO-AUTO_HTTP SS UL_NJ DUT REF_L3.dml,,,,N41(100)+N71(15),NR SA,378,-96.040000,-0.020000,,,,,,,,,,,6.285,,2.184,,,,
1190,1,,,-73.9599883,40.8174283,2026-01-24 21:44:50.000,_20260124_162539_CH01_REF_TMO-AUTO_HTTP SS UL_NJ DUT REF_L3.dml,,,,N41(100)+N71(15),NR SA,378,-96.140000,0.760000,,,,,,,,,,,0.000,,2.264,,,,
1191,1,,,-73.9599883,40.8174283,2026-01-24 21:44:51.000,_20260124_162539_CH01_REF_TMO-AUTO_HTTP SS UL_NJ DUT REF_L3.dml,,,,N41(100)+N71(15),NR SA,378,-96.700000,0.000000,,,,,,,,,,,0.000,,2.560,,,,
1192,1,,,-73.9599883,40.8174283,2026-01-24 21:44:52.000,_20260124_162539_CH01_REF_TMO-AUTO_HTTP SS UL_NJ DUT REF_L3.dml,,,,N41(100)+N71(15),NR SA,378,-97.000000,-0.140000,,,,,,,,,,,0.000,,3.264,,,,
1193,1,,,-73.9599883,40.8174283,2026-01-24 21:44:53.000,_20260124_162539_CH01_REF_TMO-AUTO_HTTP SS UL_NJ DUT REF_L3.dml,,,,N41(100)+N71(15),NR SA,378,-96.560000,0.200000,,,,,,,,,,,0.000,,2.744,,,,
1194,1,,,-73.9599883,40.8174283,2026-01-24 21:44:54.000,_20260124_162539_CH01_REF_TMO-AUTO_HTTP SS UL_NJ DUT REF_L3.dml,,,,N41(100)+N71(15),NR SA,378,-95.840000,-0.220000,,,,,,,,,,,5.248,,2.408,,,,
1195,1,,,-73.9599883,40.8174283,2026-01-24 21:44:55.000,_20260124_162539_CH01_REF_TMO-AUTO_HTTP SS UL_NJ DUT REF_L3.dml,,,,N41(100)+N71(15),NR SA,378,-96.320000,0.260000,,,,,,,,,,,0.000,,1.944,,,,
1196,1,,,-73.9599883,40.8174283,2026-01-24 21:44:56.000,_20260124_162539_CH01_REF_TMO-AUTO_HTTP SS UL_NJ DUT REF_L3.dml,,,,N41(100)+N71(15),NR SA,378,-95.320000,0.500000,,,,,,,,,,,0.000,,2.760,,,,
1197,1,,,-73.9599883,40.8174283,2026-01-24 21:44:57.000,_20260124_162539_CH01_REF_TMO-AUTO_HTTP SS UL_NJ DUT REF_L3.dml,,,,N41(100)+N71(15),NR SA,378,-95.460000,1.260000,,,,,,,,,,,0.000,,2.256,,,,
1198,1,,,-73.9599883,40.8174283,2026-01-24 21:44:58.000,_20260124_162539_CH01_REF_TMO-AUTO_HTTP SS UL_NJ DUT REF_L3.dml,,,,N41(100)+N71(15),NR SA,378,-95.400000,1.970000,,,,,,,,,,,6.291,,2.528,,,,
1199,1,,,-73.9599883,40.8174283,2026-01-24 21:44:59.000,_20260124_162539_CH01_REF_TMO-AUTO_HTTP SS UL_NJ DUT REF_L3.dml,,,,N41(100)+N71(15),NR SA,378,-94.980000,1.800000,,,,,,,,,,,0.000,,2.736,,,,
1200,1,,,-73.9599883,40.8174283,2026-01-24 21:45:00.000,_20260124_162539_CH01_REF_TMO-AUTO_HTTP SS UL_NJ DUT REF_L3.dml,,,,N41(100)+N71(15),NR SA,378,-96.190000,2.220000,,,,,,,,,,,0.000,,2.440,,,,
1201,1,,,-73.9599883,40.8174283,2026-01-24 21:45:01.000,_20260124_162539_CH01_REF_TMO-AUTO_HTTP SS UL_NJ DUT REF_L3.dml,,,,N41(100)+N71(15),NR SA,378,-95.000000,2.110000,,,,,,,,,,,5.243,,2.968,,,,
1202,1,,,-73.9599883,40.8174283,2026-01-24 21:45:02.000,_20260124_162539_CH01_REF_TMO-AUTO_HTTP SS UL_NJ DUT REF_L3.dml,,,,N41(100)+N71(15),NR SA,378,-95.580000,1.560000,,,,,,,,,,,0.000,,2.808,,,,
1203,1,,,-73.9599883,40.8174283,2026-01-24 21:45:03.000,_20260124_162539_CH01_REF_TMO-AUTO_HTTP SS UL_NJ DUT REF_L3.dml,,,,N41(100)+N71(15),NR SA,378,-96.440000,0.180000,,,,,,,,,,,0.000,,2.408,,,,
1204,1,,,-73.9599883,40.8174283,2026-01-24 21:45:04.000,_20260124_162539_CH01_REF_TMO-AUTO_HTTP SS UL_NJ DUT REF_L3.dml,,,,N41(100)+N71(15),NR SA,378,-96.500000,0.820000,,,,,,,,,,,0.000,,2.080,,,,
1205,1,,,-73.9599883,40.8174283,2026-01-24 21:45:05.000,_20260124_162539_CH01_REF_TMO-AUTO_HTTP SS UL_NJ DUT REF_L3.dml,,,,N41(100)+N71(15),NR SA,378,-95.780000,1.160000,,,,,,,,,,,7.347,,2.096,,,,
1206,1,,,-73.9599883,40.8174283,2026-01-24 21:45:06.000,_20260124_162539_CH01_REF_TMO-AUTO_HTTP SS UL_NJ DUT REF_L3.dml,,,,N41(100)+N71(15),NR SA,378,-95.000000,2.120000,,,,,,,,,,,0.000,,2.304,,,,
1207,1,,,-73.9599883,40.8174283,2026-01-24 21:45:07.000,_20260124_162539_CH01_REF_TMO-AUTO_HTTP SS UL_NJ DUT REF_L3.dml,,,,N41(100)+N71(15),NR SA,378,-95.270000,0.630000,,,,,,,,,,,0.000,,2.792,,,,
1208,1,,,-73.9599883,40.8174283,2026-01-24 21:45:08.000,_20260124_162539_CH01_REF_TMO-AUTO_HTTP SS UL_NJ DUT REF_L3.dml,,,,N41(100)+N71(15),NR SA,378,-95.720000,2.280000,,,,,,,,,,,5.243,,2.216,,,,
1209,1,,,-73.9599883,40.8174283,2026-01-24 21:45:09.000,_20260124_162539_CH01_REF_TMO-AUTO_HTTP SS UL_NJ DUT REF_L3.dml,,,,N41(100)+N71(15),NR SA,378,-95.560000,1.710000,,,,,,,,,,,0.000,,2.432,,,,
1210,1,,,-73.9599883,40.8174283,2026-01-24 21:45:10.000,_20260124_162539_CH01_REF_TMO-AUTO_HTTP SS UL_NJ DUT REF_L3.dml,,,,N41(100)+N71(15),NR SA,378,-95.550000,1.350000,,,,,,,,,,,0.000,,2.800,,,,
1211,1,,,-73.9599883,40.8174283,2026-01-24 21:45:11.000,_20260124_162539_CH01_REF_TMO-AUTO_HTTP SS UL_NJ DUT REF_L3.dml,,,,N41(100)+N71(15),NR SA,378,-95.960000,2.490000,,,,,,,,,,,6.291,,2.464,,,,
1212,1,,,-73.9599883,40.8174283,2026-01-24 21:45:12.000,_20260124_162539_CH01_REF_TMO-AUTO_HTTP SS UL_NJ DUT REF_L3.dml,,,,N41(100)+N71(15),NR SA,378,-96.440000,1.470000,,,,,,,,,,,0.000,,2.536,,,,
1213,1,,,-73.9599883,40.8174283,2026-01-24 21:45:13.000,_20260124_162539_CH01_REF_TMO-AUTO_HTTP SS UL_NJ DUT REF_L3.dml,,,,N41(100)+N71(15),NR SA,378,-95.100000,1.780000,,,,,,,,,,,0.000,,2.712,,,,
1214,1,,,-73.9599883,40.8174283,2026-01-24 21:45:14.000,_20260124_162539_CH01_REF_TMO-AUTO_HTTP SS UL_NJ DUT REF_L3.dml,,,,N41(100)+N71(15),NR SA,378,-95.730000,2.100000,,,,,,,,,,,5.238,,2.568,,,,
1215,1,,,-73.9599883,40.8174283,2026-01-24 21:45:15.000,_20260124_162539_CH01_REF_TMO-AUTO_HTTP SS UL_NJ DUT REF_L3.dml,,,,N41(100)+N71(15),NR SA,378,-95.680000,0.810000,,,,,,,,,,,0.000,,2.192,,,,
1216,1,,,-73.9599883,40.8174283,2026-01-24 21:45:16.000,_20260124_162539_CH01_REF_TMO-AUTO_HTTP SS UL_NJ DUT REF_L3.dml,,,,N41(100)+N71(15),NR SA,378,-95.000000,1.160000,,,,,,,,,,,0.000,,2.328,,,,
1217,1,,,-73.9599883,40.8174283,2026-01-24 21:45:17.000,_20260124_162539_CH01_REF_TMO-AUTO_HTTP SS UL_NJ DUT REF_L3.dml,,,,N41(100)+N71(15),NR SA,378,-95.240000,1.840000,,,,,,,,,,,0.000,,2.584,,,,
1218,1,,,-73.9599883,40.8174283,2026-01-24 21:45:18.000,_20260124_162539_CH01_REF_TMO-AUTO_HTTP SS UL_NJ DUT REF_L3.dml,,,,N41(100)+N71(15),NR SA,378,-95.220000,2.560000,,,,,,,,,,,6.291,,2.696,,,,
1219,1,,,-73.9599883,40.8174283,2026-01-24 21:45:19.000,_20260124_162539_CH01_REF_TMO-AUTO_HTTP SS UL_NJ DUT REF_L3.dml,,,,N41(100)+N71(15),NR SA,378,-96.280000,3.600000,,,,,,,,,,,0.000,,3.096,,,,
1220,1,,,-73.9599883,40.8174283,2026-01-24 21:45:20.000,_20260124_162539_CH01_REF_TMO-AUTO_HTTP SS UL_NJ DUT REF_L3.dml,,,,N41(100)+N71(15),NR SA,378,-96.420000,3.540000,,,,,,,,,,,0.000,,2.912,,,,
1221,1,,,-73.9599883,40.8174283,2026-01-24 21:45:21.000,_20260124_162539_CH01_REF_TMO-AUTO_HTTP SS UL_NJ DUT REF_L3.dml,,,,N41(100)+N71(15),NR SA,378,-95.480000,3.480000,,,,,,,,,,,5.243,,2.864,,,,
1222,1,,,-73.9599883,40.8174283,2026-01-24 21:45:22.000,_20260124_162539_CH01_REF_TMO-AUTO_HTTP SS UL_NJ DUT REF_L3.dml,,,,N41(100)+N71(15),NR SA,378,-95.540000,2.540000,,,,,,,,,,,0.000,,2.768,,,,
1223,1,,,-73.9599883,40.8174283,2026-01-24 21:45:23.000,_20260124_162539_CH01_REF_TMO-AUTO_HTTP SS UL_NJ DUT REF_L3.dml,,,,N41(100)+N71(15),NR SA,378,-95.420000,3.470000,,,,,,,,,,,,,2.064,,,,
1224,1,,,-73.9599883,40.8174283,2026-01-24 21:45:24.000,_20260124_162539_CH01_REF_TMO-AUTO_HTTP SS UL_NJ DUT REF_L3.dml,,,,N41(100)+N71(15),NR SA,378,-95.760000,2.440000,,,,,,,,,,,0.000,,2.496,,,,
1225,1,,,-73.9599883,40.8174283,2026-01-24 21:45:25.000,_20260124_162539_CH01_REF_TMO-AUTO_HTTP SS UL_NJ DUT REF_L3.dml,,,,N41(100)+N71(15),NR SA,378,-95.240000,0.890000,,,,,,,,,,,6.285,,2.368,,,,
1226,1,,,-73.9599883,40.8174283,2026-01-24 21:45:26.000,_20260124_162539_CH01_REF_TMO-AUTO_HTTP SS UL_NJ DUT REF_L3.dml,,,,N41(100)+N71(15),NR SA,378,-95.240000,1.200000,,,,,,,,,,,0.000,,2.520,,,,
1227,1,,,-73.9599883,40.8174283,2026-01-24 21:45:27.000,_20260124_162539_CH01_REF_TMO-AUTO_HTTP SS UL_NJ DUT REF_L3.dml,,,,N41(100)+N71(15),NR SA,378,-95.460000,1.860000,,,,,,,,,,,0.000,,2.168,,,,
1228,1,,,-73.9599883,40.8174283,2026-01-24 21:45:28.000,_20260124_162539_CH01_REF_TMO-AUTO_HTTP SS UL_NJ DUT REF_L3.dml,,,,N41(100)+N71(15),NR SA,378,-96.260000,2.500000,,,,,,,,,,,0.000,,1.992,,,,
1229,1,,,-73.9599883,40.8174283,2026-01-24 21:45:29.000,_20260124_162539_CH01_REF_TMO-AUTO_HTTP SS UL_NJ DUT REF_L3.dml,,,,N41(100)+N71(15),NR SA,378,-96.060000,2.060000,,,,,,,,,,,0.000,,2.104,,,,
1230,1,,,-73.9599883,40.8174283,2026-01-24 21:45:30.000,_20260124_162539_CH01_REF_TMO-AUTO_HTTP SS UL_NJ DUT REF_L3.dml,,,,N41(100)+N71(15),NR SA,378,-95.240000,2.280000,,,,,,,,,,,5.238,,2.168,,,,
1231,1,,,-73.9599883,40.8174283,2026-01-24 21:45:31.000,_20260124_162539_CH01_REF_TMO-AUTO_HTTP SS UL_NJ DUT REF_L3.dml,,,,N41(100)+N71(15),NR SA,378,-96.840000,1.800000,,,,,,,,,,,0.000,,2.784,,,,
1232,1,,,-73.9599883,40.8174283,2026-01-24 21:45:32.000,_20260124_162539_CH01_REF_TMO-AUTO_HTTP SS UL_NJ DUT REF_L3.dml,,,,N41(100)+N71(15),NR SA,378,-95.820000,1.100000,,,,,,,,,,,0.000,,2.472,,,,
1233,1,,,-73.9599883,40.8174283,2026-01-24 21:45:33.000,_20260124_162539_CH01_REF_TMO-AUTO_HTTP SS UL_NJ DUT REF_L3.dml,,,,N41(100)+N71(15),NR SA,378,-96.380000,1.510000,,,,,,,,,,,0.000,,2.200,,,,
1234,1,,,-73.9599883,40.8174283,2026-01-24 21:45:34.000,_20260124_162539_CH01_REF_TMO-AUTO_HTTP SS UL_NJ DUT REF_L3.dml,,,,N41(100)+N71(15),NR SA,378,-96.820000,0.530000,,,,,,,,,,,6.291,,2.224,,,,
1235,1,,,-73.9599883,40.8174283,2026-01-24 21:45:35.000,_20260124_162539_CH01_REF_TMO-AUTO_HTTP SS UL_NJ DUT REF_L3.dml,,,,N41(100)+N71(15),NR SA,378,-96.780000,0.680000,,,,,,,,,,,0.000,,2.584,,,,
1236,1,,,-73.9599883,40.8174283,2026-01-24 21:45:36.000,_20260124_162539_CH01_REF_TMO-AUTO_HTTP SS UL_NJ DUT REF_L3.dml,,,,N41(100)+N71(15),NR SA,378,-96.980000,0.500000,,,,,,,,,,,0.000,,2.200,,,,
1237,1,,,-73.9599883,40.8174283,2026-01-24 21:45:37.000,_20260124_162539_CH01_REF_TMO-AUTO_HTTP SS UL_NJ DUT REF_L3.dml,,,,N41(100)+N71(15),NR SA,378,-96.160000,1.020000,,,,,,,,,,,5.243,,2.072,,,,
1238,1,,,-73.9599883,40.8174283,2026-01-24 21:45:38.000,_20260124_162539_CH01_REF_TMO-AUTO_HTTP SS UL_NJ DUT REF_L3.dml,,,,N41(100)+N71(15),NR SA,378,-96.700000,0.460000,,,,,,,,,,,0.000,,2.720,,,,
1239,1,,,-73.9599883,40.8174283,2026-01-24 21:45:39.000,_20260124_162539_CH01_REF_TMO-AUTO_HTTP SS UL_NJ DUT REF_L3.dml,,,,N41(100)+N71(15),NR SA,378,-97.020000,0.900000,,,,,,,,,,,0.000,,2.432,,,,
1240,1,,,-73.9599883,40.8174283,2026-01-24 21:45:40.000,_20260124_162539_CH01_REF_TMO-AUTO_HTTP SS UL_NJ DUT REF_L3.dml,,,,N41(100)+N71(15),NR SA,378,-96.720000,-0.100000,,,,,,,,,,,0.000,,2.160,,,,
1241,1,,,-73.9599883,40.8174283,2026-01-24 21:45:41.000,_20260124_162539_CH01_REF_TMO-AUTO_HTTP SS UL_NJ DUT REF_L3.dml,,,,N41(100)+N71(15),NR SA,378,-97.180000,0.600000,,,,,,,,,,,6.291,,2.480,,,,
1242,1,,,-73.9599883,40.8174283,2026-01-24 21:45:42.000,_20260124_162539_CH01_REF_TMO-AUTO_HTTP SS UL_NJ DUT REF_L3.dml,,,,N41(100)+N71(15),NR SA,378,-97.030000,0.130000,,,,,,,,,,,0.000,,2.376,,,,
1243,1,,,-73.9599883,40.8174283,2026-01-24 21:45:43.000,_20260124_162539_CH01_REF_TMO-AUTO_HTTP SS UL_NJ DUT REF_L3.dml,,,,N41(100)+N71(15),NR SA,378,-96.150000,0.370000,,,,,,,,,,,0.000,,2.048,,,,
1244,1,,,-73.9599883,40.8174283,2026-01-24 21:45:44.000,_20260124_162539_CH01_REF_TMO-AUTO_HTTP SS UL_NJ DUT REF_L3.dml,,,,N41(100)+N71(15),NR SA,378,-96.340000,0.080000,,,,,,,,,,,0.000,,2.112,,,,
1245,1,,,-73.9599883,40.8174283,2026-01-24 21:45:45.000,_20260124_162539_CH01_REF_TMO-AUTO_HTTP SS UL_NJ DUT REF_L3.dml,,,,N41(100)+N71(15),NR SA,378,-97.420000,-0.260000,,,,,,,,,,,5.238,,2.680,,,,
1246,1,,,-73.9599883,40.8174283,2026-01-24 21:45:46.000,_20260124_162539_CH01_REF_TMO-AUTO_HTTP SS UL_NJ DUT REF_L3.dml,,,,N41(100)+N71(15),NR SA,378,-96.180000,1.860000,,,,,,,,,,,0.000,,2.600,,,,
1247,1,,,-73.9599883,40.8174283,2026-01-24 21:45:47.000,_20260124_162539_CH01_REF_TMO-AUTO_HTTP SS UL_NJ DUT REF_L3.dml,,,,N41(100)+N71(15),NR SA,378,-95.400000,1.420000,,,,,,,,,,,0.000,,2.296,,,,
1248,1,,,-73.9599883,40.8174283,2026-01-24 21:45:48.000,_20260124_162539_CH01_REF_TMO-AUTO_HTTP SS UL_NJ DUT REF_L3.dml,,,,N41(100)+N71(15),NR SA,378,-96.510000,0.110000,,,,,,,,,,,0.000,,2.440,,,,
1249,1,,,-73.9599883,40.8174283,2026-01-24 21:45:49.000,_20260124_162539_CH01_REF_TMO-AUTO_HTTP SS UL_NJ DUT REF_L3.dml,,,,N41(100)+N71(15),NR SA,378,-95.300000,0.550000,,,,,,,,,,,7.340,,2.832,,,,
1250,1,,,-73.9599883,40.8174283,2026-01-24 21:45:50.000,_20260124_162539_CH01_REF_TMO-AUTO_HTTP SS UL_NJ DUT REF_L3.dml,,,,N41(100)+N71(15),NR SA,378,-95.650000,-0.500000,,,,,,,,,,,0.000,,2.744,,,,
1251,1,,,-73.9599883,40.8174283,2026-01-24 21:45:51.000,_20260124_162539_CH01_REF_TMO-AUTO_HTTP SS UL_NJ DUT REF_L3.dml,,,,N41(100)+N71(15),NR SA,378,-96.520000,-0.250000,,,,,,,,,,,0.000,,2.024,,,,
1252,1,,,-73.9599883,40.8174283,2026-01-24 21:45:51.056,_20260124_162539_CH01_REF_TMO-AUTO_HTTP SS UL_NJ DUT REF_L3.dml,,,,,,,,,,,,,,,Upload Ended,,,,,,,,,,
1253,1,,,-73.9599883,40.8174283,2026-01-24 21:45:52.000,_20260124_162539_CH01_REF_TMO-AUTO_HTTP SS UL_NJ DUT REF_L3.dml,,,,N41(100)+N71(15),NR SA,378,-97.250000,-0.530000,,,,,,,,,,,17.862,,2.256,,,,
1254,1,,,-73.9599883,40.8174283,2026-01-24 21:45:53.000,_20260124_162539_CH01_REF_TMO-AUTO_HTTP SS UL_NJ DUT REF_L3.dml,,,,N41(100)+N71(15),,378,-96.440000,-0.080000,,,,,,,,,,,,,2.696,,,,
1255,1,,,-73.9599883,40.8174283,2026-01-24 21:45:54.000,_20260124_162539_CH01_REF_TMO-AUTO_HTTP SS UL_NJ DUT REF_L3.dml,,,,N41(100)+N71(15),,378,-96.800000,-0.760000,,,,,,,,,,,,,2.496,,,,
1256,1,,,-73.9599883,40.8174283,2026-01-24 21:45:55.000,_20260124_162539_CH01_REF_TMO-AUTO_HTTP SS UL_NJ DUT REF_L3.dml,,,,N41(100)+N71(15),,378,-95.960000,0.080000,,,,,,,,,,,,,2.400,,,,
1257,1,,,-73.9599883,40.8174283,2026-01-24 21:45:56.000,_20260124_162539_CH01_REF_TMO-AUTO_HTTP SS UL_NJ DUT REF_L3.dml,,,,N41(100)+N71(15),,378,-95.090000,0.890000,,,,,,,,,,,,,2.984,,,,
1258,1,,,-73.9599883,40.8174283,2026-01-24 21:45:56.354,_20260124_162539_CH01_REF_TMO-AUTO_HTTP SS UL_NJ DUT REF_L3.dml,,,,,,,,,,,,,,,Upload Start Request,,,,,,,,,,
1259,1,,,-73.9599883,40.8174283,2026-01-24 21:45:56.572,_20260124_162539_CH01_REF_TMO-AUTO_HTTP SS UL_NJ DUT REF_L3.dml,,,,,,,,,,,,,,,Upload Started,,,,,,,,,,
1260,1,,,-73.9599883,40.8174283,2026-01-24 21:45:57.000,_20260124_162539_CH01_REF_TMO-AUTO_HTTP SS UL_NJ DUT REF_L3.dml,,,,N41(100)+N71(15),NR SA,378,-96.240000,0.160000,,,,,,,,,,,,,2.248,,,,
1261,1,,,-73.9599883,40.8174283,2026-01-24 21:45:58.000,_20260124_162539_CH01_REF_TMO-AUTO_HTTP SS UL_NJ DUT REF_L3.dml,,,,N41(100)+N71(15),NR SA,378,-95.760000,0.740000,,,,,,,,,,,,,2.160,,,,
1262,1,,,-73.9599883,40.8174283,2026-01-24 21:45:59.000,_20260124_162539_CH01_REF_TMO-AUTO_HTTP SS UL_NJ DUT REF_L3.dml,,,,N41(100)+N71(15),NR SA,378,-95.280000,2.070000,,,,,,,,,,,15.729,,2.752,,,,
1263,1,,,-73.9599883,40.8174283,2026-01-24 21:46:00.000,_20260124_162539_CH01_REF_TMO-AUTO_HTTP SS UL_NJ DUT REF_L3.dml,,,,N41(100)+N71(15),NR SA,378,-94.940000,4.000000,,,,,,,,,,,0.000,,3.120,,,,
1264,1,,,-73.9599883,40.8174283,2026-01-24 21:46:01.000,_20260124_162539_CH01_REF_TMO-AUTO_HTTP SS UL_NJ DUT REF_L3.dml,,,,N41(100)+N71(15),NR SA,378,-95.000000,2.460000,,,,,,,,,,,0.000,,4.088,,,,
1265,1,,,-73.9599883,40.8174283,2026-01-24 21:46:02.000,_20260124_162539_CH01_REF_TMO-AUTO_HTTP SS UL_NJ DUT REF_L3.dml,,,,N41(100)+N71(15),NR SA,378,-94.920000,2.000000,,,,,,,,,,,0.000,,2.920,,,,
1266,1,,,-73.9599883,40.8174283,2026-01-24 21:46:03.000,_20260124_162539_CH01_REF_TMO-AUTO_HTTP SS UL_NJ DUT REF_L3.dml,,,,N41(100)+N71(15),NR SA,378,-95.730000,1.270000,,,,,,,,,,,0.000,,1.584,,,,
1267,1,,,-73.9599883,40.8174283,2026-01-24 21:46:04.000,_20260124_162539_CH01_REF_TMO-AUTO_HTTP SS UL_NJ DUT REF_L3.dml,,,,N41(100)+N71(15),NR SA,378,-95.240000,1.150000,,,,,,,,,,,0.000,,0.000,,,,
1268,1,,,-73.9599883,40.8174283,2026-01-24 21:46:05.000,_20260124_162539_CH01_REF_TMO-AUTO_HTTP SS UL_NJ DUT REF_L3.dml,,,,N41(100)+N71(15),NR SA,378,-94.480000,2.340000,,,,,,,,,,,0.000,,2.072,,,,
1269,1,,,-73.9599883,40.8174283,2026-01-24 21:46:06.000,_20260124_162539_CH01_REF_TMO-AUTO_HTTP SS UL_NJ DUT REF_L3.dml,,,,N41(100)+N71(15),NR SA,378,-94.240000,2.970000,,,,,,,,,,,7.340,,2.520,,,,
1270,1,,,-73.9599883,40.8174283,2026-01-24 21:46:07.000,_20260124_162539_CH01_REF_TMO-AUTO_HTTP SS UL_NJ DUT REF_L3.dml,,,,N41(100)+N71(15),NR SA,378,-94.950000,3.000000,,,,,,,,,,,0.000,,2.912,,,,
1271,1,,,-73.9599883,40.8174283,2026-01-24 21:46:08.000,_20260124_162539_CH01_REF_TMO-AUTO_HTTP SS UL_NJ DUT REF_L3.dml,,,,N41(100)+N71(15),NR SA,378,-95.020000,2.380000,,,,,,,,,,,0.000,,2.560,,,,
1272,1,,,-73.9599883,40.8174283,2026-01-24 21:46:09.000,_20260124_162539_CH01_REF_TMO-AUTO_HTTP SS UL_NJ DUT REF_L3.dml,,,,N41(100)+N71(15),NR SA,378,-95.220000,2.480000,,,,,,,,,,,7.340,,2.352,,,,
1273,1,,,-73.9599883,40.8174283,2026-01-24 21:46:10.000,_20260124_162539_CH01_REF_TMO-AUTO_HTTP SS UL_NJ DUT REF_L3.dml,,,,N41(100)+N71(15),NR SA,378,-94.240000,2.900000,,,,,,,,,,,0.000,,3.200,,,,
1274,1,,,-73.9599883,40.8174283,2026-01-24 21:46:11.000,_20260124_162539_CH01_REF_TMO-AUTO_HTTP SS UL_NJ DUT REF_L3.dml,,,,N41(100)+N71(15),NR SA,378,-94.200000,3.130000,,,,,,,,,,,0.000,,2.496,,,,
1275,1,,,-73.9599883,40.8174283,2026-01-24 21:46:12.000,_20260124_162539_CH01_REF_TMO-AUTO_HTTP SS UL_NJ DUT REF_L3.dml,,,,N41(100)+N71(15),NR SA,378,-94.380000,3.820000,,,,,,,,,,,0.000,,2.304,,,,
1276,1,,,-73.9599883,40.8174283,2026-01-24 21:46:13.000,_20260124_162539_CH01_REF_TMO-AUTO_HTTP SS UL_NJ DUT REF_L3.dml,,,,N41(100)+N71(15),NR SA,378,-94.980000,3.070000,,,,,,,,,,,7.340,,2.560,,,,
1277,1,,,-73.9599883,40.8174283,2026-01-24 21:46:14.000,_20260124_162539_CH01_REF_TMO-AUTO_HTTP SS UL_NJ DUT REF_L3.dml,,,,N41(100)+N71(15),NR SA,378,-94.620000,2.650000,,,,,,,,,,,0.000,,2.248,,,,
1278,1,,,-73.9599883,40.8174283,2026-01-24 21:46:15.000,_20260124_162539_CH01_REF_TMO-AUTO_HTTP SS UL_NJ DUT REF_L3.dml,,,,N41(100)+N71(15),NR SA,378,-94.770000,3.320000,,,,,,,,,,,0.000,,2.008,,,,
1279,1,,,-73.9599883,40.8174283,2026-01-24 21:46:16.000,_20260124_162539_CH01_REF_TMO-AUTO_HTTP SS UL_NJ DUT REF_L3.dml,,,,N41(100)+N71(15),NR SA,378,-94.780000,2.960000,,,,,,,,,,,0.000,,2.168,,,,
1280,1,,,-73.9599883,40.8174283,2026-01-24 21:46:17.000,_20260124_162539_CH01_REF_TMO-AUTO_HTTP SS UL_NJ DUT REF_L3.dml,,,,N41(100)+N71(15),NR SA,378,-95.000000,2.380000,,,,,,,,,,,0.000,,2.336,,,,
1281,1,,,-73.9599883,40.8174283,2026-01-24 21:46:18.000,_20260124_162539_CH01_REF_TMO-AUTO_HTTP SS UL_NJ DUT REF_L3.dml,,,,N41(100)+N71(15),NR SA,378,-94.680000,3.120000,,,,,,,,,,,7.340,,2.656,,,,
1282,1,,,-73.9599883,40.8174283,2026-01-24 21:46:19.000,_20260124_162539_CH01_REF_TMO-AUTO_HTTP SS UL_NJ DUT REF_L3.dml,,,,N41(100)+N71(15),NR SA,378,-94.660000,2.620000,,,,,,,,,,,0.000,,2.520,,,,
1283,1,,,-73.9599883,40.8174283,2026-01-24 21:46:20.000,_20260124_162539_CH01_REF_TMO-AUTO_HTTP SS UL_NJ DUT REF_L3.dml,,,,N41(100)+N71(15),NR SA,378,-94.780000,2.260000,,,,,,,,,,,0.000,,2.144,,,,
1284,1,,,-73.9599883,40.8174283,2026-01-24 21:46:21.000,_20260124_162539_CH01_REF_TMO-AUTO_HTTP SS UL_NJ DUT REF_L3.dml,,,,N41(100)+N71(15),NR SA,378,-95.190000,2.330000,,,,,,,,,,,0.000,,1.896,,,,
1285,1,,,-73.9599883,40.8174283,2026-01-24 21:46:22.000,_20260124_162539_CH01_REF_TMO-AUTO_HTTP SS UL_NJ DUT REF_L3.dml,,,,N41(100)+N71(15),NR SA,378,-94.580000,3.470000,,,,,,,,,,,0.000,,1.776,,,,
1286,1,,,-73.9599883,40.8174283,2026-01-24 21:46:23.000,_20260124_162539_CH01_REF_TMO-AUTO_HTTP SS UL_NJ DUT REF_L3.dml,,,,N41(100)+N71(15),NR SA,378,-94.980000,3.210000,,,,,,,,,,,7.333,,2.200,,,,
1287,1,,,-73.9599883,40.8174283,2026-01-24 21:46:24.000,_20260124_162539_CH01_REF_TMO-AUTO_HTTP SS UL_NJ DUT REF_L3.dml,,,,N41(100)+N71(15),NR SA,378,-94.700000,3.220000,,,,,,,,,,,0.000,,2.240,,,,
1288,1,,,-73.9599883,40.8174283,2026-01-24 21:46:25.000,_20260124_162539_CH01_REF_TMO-AUTO_HTTP SS UL_NJ DUT REF_L3.dml,,,,N41(100)+N71(15),NR SA,378,-95.140000,2.380000,,,,,,,,,,,0.000,,2.136,,,,
1289,1,,,-73.9599883,40.8174283,2026-01-24 21:46:26.000,_20260124_162539_CH01_REF_TMO-AUTO_HTTP SS UL_NJ DUT REF_L3.dml,,,,N41(100)+N71(15),NR SA,378,-95.290000,2.220000,,,,,,,,,,,0.000,,2.328,,,,
1290,1,,,-73.9599883,40.8174283,2026-01-24 21:46:27.000,_20260124_162539_CH01_REF_TMO-AUTO_HTTP SS UL_NJ DUT REF_L3.dml,,,,N41(100)+N71(15),NR SA,378,-95.440000,2.840000,,,,,,,,,,,0.000,,2.240,,,,
1291,1,,,-73.9599883,40.8174283,2026-01-24 21:46:28.000,_20260124_162539_CH01_REF_TMO-AUTO_HTTP SS UL_NJ DUT REF_L3.dml,,,,N41(100)+N71(15),NR SA,378,-95.240000,3.220000,,,,,,,,,,,7.340,,2.528,,,,
1292,1,,,-73.9599883,40.8174283,2026-01-24 21:46:29.000,_20260124_162539_CH01_REF_TMO-AUTO_HTTP SS UL_NJ DUT REF_L3.dml,,,,N41(100)+N71(15),NR SA,378,-95.490000,3.030000,,,,,,,,,,,0.000,,2.992,,,,
1293,1,,,-73.9599883,40.8174283,2026-01-24 21:46:30.000,_20260124_162539_CH01_REF_TMO-AUTO_HTTP SS UL_NJ DUT REF_L3.dml,,,,N41(100)+N71(15),NR SA,378,-95.170000,2.610000,,,,,,,,,,,0.000,,1.888,,,,
1294,1,,,-73.9599883,40.8174283,2026-01-24 21:46:31.000,_20260124_162539_CH01_REF_TMO-AUTO_HTTP SS UL_NJ DUT REF_L3.dml,,,,N41(100)+N71(15),NR SA,378,-95.350000,0.980000,,,,,,,,,,,0.000,,2.168,,,,
1295,1,,,-73.9599883,40.8174283,2026-01-24 21:46:32.000,_20260124_162539_CH01_REF_TMO-AUTO_HTTP SS UL_NJ DUT REF_L3.dml,,,,N41(100)+N71(15),NR SA,378,-95.120000,2.560000,,,,,,,,,,,0.000,,2.232,,,,
1296,1,,,-73.9599883,40.8174283,2026-01-24 21:46:33.000,_20260124_162539_CH01_REF_TMO-AUTO_HTTP SS UL_NJ DUT REF_L3.dml,,,,N41(100)+N71(15),NR SA,378,-95.090000,3.130000,,,,,,,,,,,0.000,,2.896,,,,
1297,1,,,-73.9599883,40.8174283,2026-01-24 21:46:34.000,_20260124_162539_CH01_REF_TMO-AUTO_HTTP SS UL_NJ DUT REF_L3.dml,,,,N41(100)+N71(15),NR SA,378,-95.360000,2.600000,,,,,,,,,,,7.340,,2.664,,,,
1298,1,,,-73.9599883,40.8174283,2026-01-24 21:46:35.000,_20260124_162539_CH01_REF_TMO-AUTO_HTTP SS UL_NJ DUT REF_L3.dml,,,,N41(100)+N71(15),NR SA,378,-94.720000,3.480000,,,,,,,,,,,0.000,,2.600,,,,
1299,1,,,-73.9599883,40.8174283,2026-01-24 21:46:36.000,_20260124_162539_CH01_REF_TMO-AUTO_HTTP SS UL_NJ DUT REF_L3.dml,,,,N41(100)+N71(15),NR SA,378,-94.980000,2.420000,,,,,,,,,,,0.000,,2.328,,,,
1300,1,,,-73.9599883,40.8174283,2026-01-24 21:46:37.000,_20260124_162539_CH01_REF_TMO-AUTO_HTTP SS UL_NJ DUT REF_L3.dml,,,,N41(100)+N71(15),NR SA,378,-95.050000,2.210000,,,,,,,,,,,0.000,,2.120,,,,
1301,1,,,-73.9599883,40.8174283,2026-01-24 21:46:38.000,_20260124_162539_CH01_REF_TMO-AUTO_HTTP SS UL_NJ DUT REF_L3.dml,,,,N41(100)+N71(15),NR SA,378,-95.050000,2.660000,,,,,,,,,,,0.000,,2.184,,,,
1302,1,,,-73.9599883,40.8174283,2026-01-24 21:46:39.000,_20260124_162539_CH01_REF_TMO-AUTO_HTTP SS UL_NJ DUT REF_L3.dml,,,,N41(100)+N71(15),NR SA,378,-95.090000,2.960000,,,,,,,,,,,0.000,,2.984,,,,
1303,1,,,-73.9599883,40.8174283,2026-01-24 21:46:40.000,_20260124_162539_CH01_REF_TMO-AUTO_HTTP SS UL_NJ DUT REF_L3.dml,,,,N41(100)+N71(15),NR SA,378,-95.130000,3.310000,,,,,,,,,,,7.340,,1.824,,,,
1304,1,,,-73.9599883,40.8174283,2026-01-24 21:46:41.000,_20260124_162539_CH01_REF_TMO-AUTO_HTTP SS UL_NJ DUT REF_L3.dml,,,,N41(100)+N71(15),NR SA,378,-95.000000,2.920000,,,,,,,,,,,0.000,,2.248,,,,
1305,1,,,-73.9599883,40.8174283,2026-01-24 21:46:42.000,_20260124_162539_CH01_REF_TMO-AUTO_HTTP SS UL_NJ DUT REF_L3.dml,,,,N41(100)+N71(15),NR SA,378,-94.340000,3.480000,,,,,,,,,,,0.000,,2.504,,,,
1306,1,,,-73.9599883,40.8174283,2026-01-24 21:46:43.000,_20260124_162539_CH01_REF_TMO-AUTO_HTTP SS UL_NJ DUT REF_L3.dml,,,,N41(100)+N71(15),NR SA,378,-94.640000,2.340000,,,,,,,,,,,0.000,,2.896,,,,
1307,1,,,-73.9599883,40.8174283,2026-01-24 21:46:44.000,_20260124_162539_CH01_REF_TMO-AUTO_HTTP SS UL_NJ DUT REF_L3.dml,,,,N41(100)+N71(15),NR SA,378,-94.980000,2.560000,,,,,,,,,,,7.340,,2.888,,,,
1308,1,,,-73.9599883,40.8174283,2026-01-24 21:46:45.000,_20260124_162539_CH01_REF_TMO-AUTO_HTTP SS UL_NJ DUT REF_L3.dml,,,,N41(100)+N71(15),NR SA,378,-95.190000,2.320000,,,,,,,,,,,0.000,,2.200,,,,
1309,1,,,-73.9599883,40.8174283,2026-01-24 21:46:46.000,_20260124_162539_CH01_REF_TMO-AUTO_HTTP SS UL_NJ DUT REF_L3.dml,,,,N41(100)+N71(15),NR SA,378,-95.650000,1.590000,,,,,,,,,,,0.000,,2.480,,,,
1310,1,,,-73.9599883,40.8174283,2026-01-24 21:46:47.000,_20260124_162539_CH01_REF_TMO-AUTO_HTTP SS UL_NJ DUT REF_L3.dml,,,,N41(100)+N71(15),NR SA,378,-94.920000,3.420000,,,,,,,,,,,0.000,,2.256,,,,
1311,1,,,-73.9599883,40.8174283,2026-01-24 21:46:48.000,_20260124_162539_CH01_REF_TMO-AUTO_HTTP SS UL_NJ DUT REF_L3.dml,,,,N41(100)+N71(15),NR SA,378,-95.320000,2.960000,,,,,,,,,,,0.000,,2.624,,,,
1312,1,,,-73.9599883,40.8174283,2026-01-24 21:46:49.000,_20260124_162539_CH01_REF_TMO-AUTO_HTTP SS UL_NJ DUT REF_L3.dml,,,,N41(100)+N71(15),NR SA,378,-95.240000,2.780000,,,,,,,,,,,6.291,,2.488,,,,
1313,1,,,-73.9599883,40.8174283,2026-01-24 21:46:50.000,_20260124_162539_CH01_REF_TMO-AUTO_HTTP SS UL_NJ DUT REF_L3.dml,,,,N41(100)+N71(15),NR SA,378,-95.780000,2.160000,,,,,,,,,,,0.000,,2.568,,,,
1314,1,,,-73.9599883,40.8174283,2026-01-24 21:46:51.000,_20260124_162539_CH01_REF_TMO-AUTO_HTTP SS UL_NJ DUT REF_L3.dml,,,,N41(100)+N71(15),NR SA,378,-95.380000,2.220000,,,,,,,,,,,0.000,,2.544,,,,
1315,1,,,-73.9599883,40.8174283,2026-01-24 21:46:52.000,_20260124_162539_CH01_REF_TMO-AUTO_HTTP SS UL_NJ DUT REF_L3.dml,,,,N41(100)+N71(15),NR SA,378,-97.040000,1.110000,,,,,,,,,,,0.000,,2.208,,,,
1316,1,,,-73.9599883,40.8174283,2026-01-24 21:46:53.000,_20260124_162539_CH01_REF_TMO-AUTO_HTTP SS UL_NJ DUT REF_L3.dml,,,,N41(100)+N71(15),NR SA,378,-95.290000,3.090000,,,,,,,,,,,0.000,,2.664,,,,
1317,1,,,-73.9599883,40.8174283,2026-01-24 21:46:54.000,_20260124_162539_CH01_REF_TMO-AUTO_HTTP SS UL_NJ DUT REF_L3.dml,,,,N41(100)+N71(15),NR SA,378,-94.590000,3.180000,,,,,,,,,,,7.340,,1.848,,,,
1318,1,,,-73.9599883,40.8174283,2026-01-24 21:46:55.000,_20260124_162539_CH01_REF_TMO-AUTO_HTTP SS UL_NJ DUT REF_L3.dml,,,,N41(100)+N71(15),NR SA,378,-95.000000,2.540000,,,,,,,,,,,0.000,,2.808,,,,
1319,1,,,-73.9599883,40.8174283,2026-01-24 21:46:56.000,_20260124_162539_CH01_REF_TMO-AUTO_HTTP SS UL_NJ DUT REF_L3.dml,,,,N41(100)+N71(15),NR SA,378,-95.000000,2.320000,,,,,,,,,,,0.000,,2.704,,,,
1320,1,,,-73.9599883,40.8174283,2026-01-24 21:46:57.000,_20260124_162539_CH01_REF_TMO-AUTO_HTTP SS UL_NJ DUT REF_L3.dml,,,,N41(100)+N71(15),NR SA,378,-95.240000,2.640000,,,,,,,,,,,0.000,,2.200,,,,
1321,1,,,-73.9599883,40.8174283,2026-01-24 21:46:58.000,_20260124_162539_CH01_REF_TMO-AUTO_HTTP SS UL_NJ DUT REF_L3.dml,,,,N41(100)+N71(15),NR SA,378,-95.040000,2.700000,,,,,,,,,,,0.000,,2.528,,,,
1322,1,,,-73.9599883,40.8174283,2026-01-24 21:46:59.000,_20260124_162539_CH01_REF_TMO-AUTO_HTTP SS UL_NJ DUT REF_L3.dml,,,,N41(100)+N71(15),NR SA,378,-95.840000,2.240000,,,,,,,,,,,7.355,,2.800,,,,
1323,1,,,-73.9599883,40.8174283,2026-01-24 21:47:00.000,_20260124_162539_CH01_REF_TMO-AUTO_HTTP SS UL_NJ DUT REF_L3.dml,,,,N41(100)+N71(15),NR SA,378,-95.240000,2.800000,,,,,,,,,,,0.000,,2.632,,,,
1324,1,,,-73.9599883,40.8174283,2026-01-24 21:47:01.000,_20260124_162539_CH01_REF_TMO-AUTO_HTTP SS UL_NJ DUT REF_L3.dml,,,,N41(100)+N71(15),NR SA,378,-95.380000,3.000000,,,,,,,,,,,0.000,,2.088,,,,
1325,1,,,-73.9599883,40.8174283,2026-01-24 21:47:02.000,_20260124_162539_CH01_REF_TMO-AUTO_HTTP SS UL_NJ DUT REF_L3.dml,,,,N41(100)+N71(15),NR SA,378,-94.980000,2.170000,,,,,,,,,,,0.000,,1.976,,,,
1326,1,,,-73.9599883,40.8174283,2026-01-24 21:47:03.000,_20260124_162539_CH01_REF_TMO-AUTO_HTTP SS UL_NJ DUT REF_L3.dml,,,,N41(100)+N71(15),NR SA,378,-94.400000,3.240000,,,,,,,,,,,0.000,,2.552,,,,
1327,1,,,-73.9599883,40.8174283,2026-01-24 21:47:04.000,_20260124_162539_CH01_REF_TMO-AUTO_HTTP SS UL_NJ DUT REF_L3.dml,,,,N41(100)+N71(15),NR SA,378,-95.320000,2.060000,,,,,,,,,,,0.000,,2.168,,,,
1328,1,,,-73.9599883,40.8174283,2026-01-24 21:47:05.000,_20260124_162539_CH01_REF_TMO-AUTO_HTTP SS UL_NJ DUT REF_L3.dml,,,,N41(100)+N71(15),NR SA,378,-95.900000,0.880000,,,,,,,,,,,0.000,,2.488,,,,
1329,1,,,-73.9599883,40.8174283,2026-01-24 21:47:06.000,_20260124_162539_CH01_REF_TMO-AUTO_HTTP SS UL_NJ DUT REF_L3.dml,,,,N41(100)+N71(15),NR SA,378,-96.400000,1.090000,,,,,,,,,,,8.389,,2.624,,,,
1330,1,,,-73.9599883,40.8174283,2026-01-24 21:47:07.000,_20260124_162539_CH01_REF_TMO-AUTO_HTTP SS UL_NJ DUT REF_L3.dml,,,,N41(100)+N71(15),NR SA,378,-96.070000,1.820000,,,,,,,,,,,0.000,,2.024,,,,
1331,1,,,-73.9599883,40.8174283,2026-01-24 21:47:08.000,_20260124_162539_CH01_REF_TMO-AUTO_HTTP SS UL_NJ DUT REF_L3.dml,,,,N41(100)+N71(15),NR SA,378,-96.250000,1.640000,,,,,,,,,,,0.000,,1.848,,,,
1332,1,,,-73.9599883,40.8174283,2026-01-24 21:47:09.000,_20260124_162539_CH01_REF_TMO-AUTO_HTTP SS UL_NJ DUT REF_L3.dml,,,,N41(100)+N71(15),NR SA,378,-95.790000,2.260000,,,,,,,,,,,0.000,,1.888,,,,
1333,1,,,-73.9599883,40.8174283,2026-01-24 21:47:10.000,_20260124_162539_CH01_REF_TMO-AUTO_HTTP SS UL_NJ DUT REF_L3.dml,,,,N41(100)+N71(15),NR SA,378,-95.020000,3.380000,,,,,,,,,,,0.000,,1.848,,,,
1334,1,,,-73.9599883,40.8174283,2026-01-24 21:47:11.000,_20260124_162539_CH01_REF_TMO-AUTO_HTTP SS UL_NJ DUT REF_L3.dml,,,,N41(100)+N71(15),NR SA,378,-95.840000,2.860000,,,,,,,,,,,0.000,,2.064,,,,
1335,1,,,-73.9599883,40.8174283,2026-01-24 21:47:12.000,_20260124_162539_CH01_REF_TMO-AUTO_HTTP SS UL_NJ DUT REF_L3.dml,,,,N41(100)+N71(15),NR SA,378,-95.620000,3.200000,,,,,,,,,,,7.340,,3.048,,,,
1336,1,,,-73.9599883,40.8174283,2026-01-24 21:47:13.000,_20260124_162539_CH01_REF_TMO-AUTO_HTTP SS UL_NJ DUT REF_L3.dml,,,,N41(100)+N71(15),NR SA,378,-95.800000,3.250000,,,,,,,,,,,,,2.576,,,,
1337,1,,,-73.9599883,40.8174283,2026-01-24 21:47:14.000,_20260124_162539_CH01_REF_TMO-AUTO_HTTP SS UL_NJ DUT REF_L3.dml,,,,N41(100)+N71(15),NR SA,378,-96.540000,1.520000,,,,,,,,,,,0.000,,2.232,,,,
1338,1,,,-73.9599883,40.8174283,2026-01-24 21:47:15.000,_20260124_162539_CH01_REF_TMO-AUTO_HTTP SS UL_NJ DUT REF_L3.dml,,,,N41(100)+N71(15),NR SA,378,-96.620000,1.760000,,,,,,,,,,,0.000,,2.352,,,,
1339,1,,,-73.9599883,40.8174283,2026-01-24 21:47:16.000,_20260124_162539_CH01_REF_TMO-AUTO_HTTP SS UL_NJ DUT REF_L3.dml,,,,N41(100)+N71(15),NR SA,378,-96.750000,2.710000,,,,,,,,,,,0.000,,2.248,,,,
1340,1,,,-73.9599883,40.8174283,2026-01-24 21:47:16.337,_20260124_162539_CH01_REF_TMO-AUTO_HTTP SS UL_NJ DUT REF_L3.dml,,,,,,,,,,,,,,,Upload Ended,,,,,,,,,,
1341,1,,,-73.9599883,40.8174283,2026-01-24 21:47:17.000,_20260124_162539_CH01_REF_TMO-AUTO_HTTP SS UL_NJ DUT REF_L3.dml,,,,N41(100)+N71(15),NR SA,378,-96.760000,2.410000,,,,,,,,,,,0.000,,2.392,,,,
1342,1,,,-73.9599883,40.8174283,2026-01-24 21:47:18.000,_20260124_162539_CH01_REF_TMO-AUTO_HTTP SS UL_NJ DUT REF_L3.dml,,,,N41(100)+N71(15),NR SA,378,-97.180000,1.760000,,,,,,,,,,,2.107,,2.080,,,,
1343,1,,,-73.9599883,40.8174283,2026-01-24 21:47:19.000,_20260124_162539_CH01_REF_TMO-AUTO_HTTP SS UL_NJ DUT REF_L3.dml,,,,N41(100)+N71(15),,378,-96.250000,2.330000,,,,,,,,,,,,,3.096,,,,
1344,1,,,-73.9599883,40.8174283,2026-01-24 21:47:20.000,_20260124_162539_CH01_REF_TMO-AUTO_HTTP SS UL_NJ DUT REF_L3.dml,,,,N41(100)+N71(15),,378,-96.710000,2.200000,,,,,,,,,,,,,3.512,,,,
1345,1,,,-73.9599883,40.8174283,2026-01-24 21:47:21.000,_20260124_162539_CH01_REF_TMO-AUTO_HTTP SS UL_NJ DUT REF_L3.dml,,,,N41(100)+N71(15),,378,-96.720000,2.660000,,,,,,,,,,,,,2.864,,,,
1346,1,,,-73.9599883,40.8174283,2026-01-24 21:47:22.000,_20260124_162539_CH01_REF_TMO-AUTO_HTTP SS UL_NJ DUT REF_L3.dml,,,,N41(100)+N71(15),,378,-96.840000,2.020000,,,,,,,,,,,,,3.568,,,,
1347,1,,,-73.9599883,40.8174283,2026-01-24 21:47:22.088,_20260124_162539_CH01_REF_TMO-AUTO_HTTP SS UL_NJ DUT REF_L3.dml,,,,,,,,,,,,,,,Upload Start Request,,,,,,,,,,
1348,1,,,-73.9599883,40.8174283,2026-01-24 21:47:22.322,_20260124_162539_CH01_REF_TMO-AUTO_HTTP SS UL_NJ DUT REF_L3.dml,,,,,,,,,,,,,,,Upload Started,,,,,,,,,,
1349,1,,,-73.9599883,40.8174283,2026-01-24 21:47:23.000,_20260124_162539_CH01_REF_TMO-AUTO_HTTP SS UL_NJ DUT REF_L3.dml,,,,N41(100)+N71(15),NR SA,378,-95.840000,2.800000,,,,,,,,,,,,,3.368,,,,
1350,1,,,-73.9599883,40.8174283,2026-01-24 21:47:24.000,_20260124_162539_CH01_REF_TMO-AUTO_HTTP SS UL_NJ DUT REF_L3.dml,,,,N41(100)+N71(15),NR SA,378,-95.340000,3.060000,,,,,,,,,,,,,3.008,,,,
1351,1,,,-73.9599883,40.8174283,2026-01-24 21:47:25.000,_20260124_162539_CH01_REF_TMO-AUTO_HTTP SS UL_NJ DUT REF_L3.dml,,,,N41(100)+N71(15),NR SA,378,-95.670000,2.980000,,,,,,,,,,,15.729,,2.952,,,,
1352,1,,,-73.9599883,40.8174283,2026-01-24 21:47:26.000,_20260124_162539_CH01_REF_TMO-AUTO_HTTP SS UL_NJ DUT REF_L3.dml,,,,N41(100)+N71(15),NR SA,378,-95.420000,2.690000,,,,,,,,,,,0.000,,2.760,,,,
1353,1,,,-73.9599883,40.8174283,2026-01-24 21:47:27.000,_20260124_162539_CH01_REF_TMO-AUTO_HTTP SS UL_NJ DUT REF_L3.dml,,,,N41(100)+N71(15),NR SA,378,-95.760000,2.480000,,,,,,,,,,,0.000,,1.976,,,,
1354,1,,,-73.9599883,40.8174283,2026-01-24 21:47:28.000,_20260124_162539_CH01_REF_TMO-AUTO_HTTP SS UL_NJ DUT REF_L3.dml,,,,N41(100)+N71(15),NR SA,378,-95.620000,2.340000,,,,,,,,,,,0.000,,0.088,,,,
1355,1,,,-73.9599883,40.8174283,2026-01-24 21:47:29.000,_20260124_162539_CH01_REF_TMO-AUTO_HTTP SS UL_NJ DUT REF_L3.dml,,,,N41(100)+N71(15),NR SA,378,-95.500000,2.480000,,,,,,,,,,,0.000,,1.312,,,,
1356,1,,,-73.9599883,40.8174283,2026-01-24 21:47:30.000,_20260124_162539_CH01_REF_TMO-AUTO_HTTP SS UL_NJ DUT REF_L3.dml,,,,N41(100)+N71(15),NR SA,378,-95.580000,2.840000,,,,,,,,,,,7.340,,1.960,,,,
1357,1,,,-73.9599883,40.8174283,2026-01-24 21:47:31.000,_20260124_162539_CH01_REF_TMO-AUTO_HTTP SS UL_NJ DUT REF_L3.dml,,,,N41(100)+N71(15),NR SA,378,-95.140000,2.500000,,,,,,,,,,,0.000,,1.816,,,,
1358,1,,,-73.9599883,40.8174283,2026-01-24 21:47:32.000,_20260124_162539_CH01_REF_TMO-AUTO_HTTP SS UL_NJ DUT REF_L3.dml,,,,N41(100)+N71(15),NR SA,378,-95.480000,2.740000,,,,,,,,,,,0.000,,1.984,,,,
1359,1,,,-73.9599883,40.8174283,2026-01-24 21:47:33.000,_20260124_162539_CH01_REF_TMO-AUTO_HTTP SS UL_NJ DUT REF_L3.dml,,,,N41(100)+N71(15),NR SA,378,-96.380000,1.290000,,,,,,,,,,,0.000,,2.176,,,,
1360,1,,,-73.9599883,40.8174283,2026-01-24 21:47:34.000,_20260124_162539_CH01_REF_TMO-AUTO_HTTP SS UL_NJ DUT REF_L3.dml,,,,N41(100)+N71(15),NR SA,378,-97.270000,0.440000,,,,,,,,,,,7.340,,2.256,,,,
1361,1,,,-73.9599883,40.8174283,2026-01-24 21:47:35.000,_20260124_162539_CH01_REF_TMO-AUTO_HTTP SS UL_NJ DUT REF_L3.dml,,,,N41(100)+N71(15),NR SA,378,-96.100000,0.780000,,,,,,,,,,,0.000,,1.808,,,,
1362,1,,,-73.9599883,40.8174283,2026-01-24 21:47:36.000,_20260124_162539_CH01_REF_TMO-AUTO_HTTP SS UL_NJ DUT REF_L3.dml,,,,N41(100)+N71(15),NR SA,378,-95.560000,1.700000,,,,,,,,,,,0.000,,1.848,,,,
1363,1,,,-73.9599883,40.8174283,2026-01-24 21:47:37.000,_20260124_162539_CH01_REF_TMO-AUTO_HTTP SS UL_NJ DUT REF_L3.dml,,,,N41(100)+N71(15),NR SA,378,-96.040000,1.760000,,,,,,,,,,,0.000,,2.024,,,,
1364,1,,,-73.9599883,40.8174283,2026-01-24 21:47:38.000,_20260124_162539_CH01_REF_TMO-AUTO_HTTP SS UL_NJ DUT REF_L3.dml,,,,N41(100)+N71(15),NR SA,378,-95.840000,2.130000,,,,,,,,,,,0.000,,2.424,,,,
1365,1,,,-73.9599883,40.8174283,2026-01-24 21:47:39.000,_20260124_162539_CH01_REF_TMO-AUTO_HTTP SS UL_NJ DUT REF_L3.dml,,,,N41(100)+N71(15),NR SA,378,-95.460000,2.460000,,,,,,,,,,,7.340,,2.248,,,,
1366,1,,,-73.9599883,40.8174283,2026-01-24 21:47:40.000,_20260124_162539_CH01_REF_TMO-AUTO_HTTP SS UL_NJ DUT REF_L3.dml,,,,N41(100)+N71(15),NR SA,378,-96.340000,1.060000,,,,,,,,,,,0.000,,2.000,,,,
1367,1,,,-73.9599883,40.8174283,2026-01-24 21:47:41.000,_20260124_162539_CH01_REF_TMO-AUTO_HTTP SS UL_NJ DUT REF_L3.dml,,,,N41(100)+N71(15),NR SA,378,-96.100000,2.200000,,,,,,,,,,,0.000,,1.640,,,,
1368,1,,,-73.9599883,40.8174283,2026-01-24 21:47:42.000,_20260124_162539_CH01_REF_TMO-AUTO_HTTP SS UL_NJ DUT REF_L3.dml,,,,N41(100)+N71(15),NR SA,378,-96.240000,2.370000,,,,,,,,,,,0.000,,2.184,,,,
1369,1,,,-73.9599883,40.8174283,2026-01-24 21:47:43.000,_20260124_162539_CH01_REF_TMO-AUTO_HTTP SS UL_NJ DUT REF_L3.dml,,,,N41(100)+N71(15),NR SA,378,-96.510000,1.380000,,,,,,,,,,,0.000,,2.096,,,,
1370,1,,,-73.9599883,40.8174283,2026-01-24 21:47:44.000,_20260124_162539_CH01_REF_TMO-AUTO_HTTP SS UL_NJ DUT REF_L3.dml,,,,N41(100)+N71(15),NR SA,378,-96.720000,0.830000,,,,,,,,,,,0.000,,,,,,
1371,1,,,-73.9599883,40.8174283,2026-01-24 21:47:45.000,_20260124_162539_CH01_REF_TMO-AUTO_HTTP SS UL_NJ DUT REF_L3.dml,,,,N41(100)+N71(15),NR SA,378,-96.860000,0.980000,,,,,,,,,,,7.347,,1.992,,,,
1372,1,,,-73.9599883,40.8174283,2026-01-24 21:47:46.000,_20260124_162539_CH01_REF_TMO-AUTO_HTTP SS UL_NJ DUT REF_L3.dml,,,,N41(100)+N71(15),NR SA,378,-97.020000,0.700000,,,,,,,,,,,0.000,,1.808,,,,
1373,1,,,-73.9599883,40.8174283,2026-01-24 21:47:47.000,_20260124_162539_CH01_REF_TMO-AUTO_HTTP SS UL_NJ DUT REF_L3.dml,,,,N41(100)+N71(15),NR SA,378,-97.060000,0.440000,,,,,,,,,,,0.000,,1.624,,,,
1374,1,,,-73.9599883,40.8174283,2026-01-24 21:47:48.000,_20260124_162539_CH01_REF_TMO-AUTO_HTTP SS UL_NJ DUT REF_L3.dml,,,,N41(100)+N71(15),NR SA,378,-96.800000,0.340000,,,,,,,,,,,0.000,,2.344,,,,
1375,1,,,-73.9599883,40.8174283,2026-01-24 21:47:49.000,_20260124_162539_CH01_REF_TMO-AUTO_HTTP SS UL_NJ DUT REF_L3.dml,,,,N41(100)+N71(15),NR SA,378,-97.400000,-0.080000,,,,,,,,,,,7.340,,2.584,,,,
1376,1,,,-73.9599883,40.8174283,2026-01-24 21:47:50.000,_20260124_162539_CH01_REF_TMO-AUTO_HTTP SS UL_NJ DUT REF_L3.dml,,,,N41(100)+N71(15),NR SA,378,-96.600000,0.660000,,,,,,,,,,,0.000,,2.320,,,,
1377,1,,,-73.9599883,40.8174283,2026-01-24 21:47:51.000,_20260124_162539_CH01_REF_TMO-AUTO_HTTP SS UL_NJ DUT REF_L3.dml,,,,N41(100)+N71(15),NR SA,378,-96.260000,1.520000,,,,,,,,,,,0.000,,2.192,,,,
1378,1,,,-73.9599883,40.8174283,2026-01-24 21:47:52.000,_20260124_162539_CH01_REF_TMO-AUTO_HTTP SS UL_NJ DUT REF_L3.dml,,,,N41(100)+N71(15),NR SA,378,-97.600000,0.640000,,,,,,,,,,,0.000,,2.912,,,,
1379,1,,,-73.9599883,40.8174283,2026-01-24 21:47:53.000,_20260124_162539_CH01_REF_TMO-AUTO_HTTP SS UL_NJ DUT REF_L3.dml,,,,N41(100)+N71(15),NR SA,378,-99.100000,-1.100000,,,,,,,,,,,0.000,,2.000,,,,
1380,1,,,-73.9599883,40.8174283,2026-01-24 21:47:54.000,_20260124_162539_CH01_REF_TMO-AUTO_HTTP SS UL_NJ DUT REF_L3.dml,,,,N41(100)+N71(15),NR SA,378,-96.440000,1.240000,,,,,,,,,,,7.340,,2.304,,,,
1381,1,,,-73.9599883,40.8174283,2026-01-24 21:47:55.000,_20260124_162539_CH01_REF_TMO-AUTO_HTTP SS UL_NJ DUT REF_L3.dml,,,,N41(100)+N71(15),NR SA,378,-96.080000,2.060000,,,,,,,,,,,0.000,,2.336,,,,
1382,1,,,-73.9599883,40.8174283,2026-01-24 21:47:56.000,_20260124_162539_CH01_REF_TMO-AUTO_HTTP SS UL_NJ DUT REF_L3.dml,,,,N41(100)+N71(15),NR SA,378,-95.800000,2.090000,,,,,,,,,,,0.000,,2.464,,,,
1383,1,,,-73.9599883,40.8174283,2026-01-24 21:47:57.000,_20260124_162539_CH01_REF_TMO-AUTO_HTTP SS UL_NJ DUT REF_L3.dml,,,,N41(100)+N71(15),NR SA,378,-96.020000,2.350000,,,,,,,,,,,0.000,,2.632,,,,
1384,1,,,-73.9599883,40.8174283,2026-01-24 21:47:58.000,_20260124_162539_CH01_REF_TMO-AUTO_HTTP SS UL_NJ DUT REF_L3.dml,,,,N41(100)+N71(15),NR SA,378,-96.160000,1.120000,,,,,,,,,,,0.000,,2.552,,,,
1385,1,,,-73.9599883,40.8174283,2026-01-24 21:47:59.000,_20260124_162539_CH01_REF_TMO-AUTO_HTTP SS UL_NJ DUT REF_L3.dml,,,,N41(100)+N71(15),NR SA,378,-95.760000,1.400000,,,,,,,,,,,0.000,,2.416,,,,
1386,1,,,-73.9599883,40.8174283,2026-01-24 21:48:00.000,_20260124_162539_CH01_REF_TMO-AUTO_HTTP SS UL_NJ DUT REF_L3.dml,,,,N41(100)+N71(15),NR SA,378,-96.220000,0.820000,,,,,,,,,,,7.340,,2.400,,,,
1387,1,,,-73.9599883,40.8174283,2026-01-24 21:48:01.000,_20260124_162539_CH01_REF_TMO-AUTO_HTTP SS UL_NJ DUT REF_L3.dml,,,,N41(100)+N71(15),NR SA,378,-95.820000,1.330000,,,,,,,,,,,0.000,,2.112,,,,
1388,1,,,-73.9599883,40.8174283,2026-01-24 21:48:02.000,_20260124_162539_CH01_REF_TMO-AUTO_HTTP SS UL_NJ DUT REF_L3.dml,,,,N41(100)+N71(15),NR SA,378,-95.750000,1.180000,,,,,,,,,,,0.000,,2.056,,,,
1389,1,,,-73.9599883,40.8174283,2026-01-24 21:48:03.000,_20260124_162539_CH01_REF_TMO-AUTO_HTTP SS UL_NJ DUT REF_L3.dml,,,,N41(100)+N71(15),NR SA,378,-95.930000,1.090000,,,,,,,,,,,0.000,,2.400,,,,
1390,1,,,-73.9599883,40.8174283,2026-01-24 21:48:04.000,_20260124_162539_CH01_REF_TMO-AUTO_HTTP SS UL_NJ DUT REF_L3.dml,,,,N41(100)+N71(15),NR SA,378,-95.460000,1.880000,,,,,,,,,,,7.333,,2.160,,,,
1391,1,,,-73.9599883,40.8174283,2026-01-24 21:48:05.000,_20260124_162539_CH01_REF_TMO-AUTO_HTTP SS UL_NJ DUT REF_L3.dml,,,,N41(100)+N71(15),NR SA,378,-96.000000,1.300000,,,,,,,,,,,0.000,,3.016,,,,
1392,1,,,-73.9599883,40.8174283,2026-01-24 21:48:06.000,_20260124_162539_CH01_REF_TMO-AUTO_HTTP SS UL_NJ DUT REF_L3.dml,,,,N41(100)+N71(15),NR SA,378,-96.000000,2.130000,,,,,,,,,,,0.000,,2.232,,,,
1393,1,,,-73.9599883,40.8174283,2026-01-24 21:48:07.000,_20260124_162539_CH01_REF_TMO-AUTO_HTTP SS UL_NJ DUT REF_L3.dml,,,,N41(100)+N71(15),NR SA,378,-95.840000,1.760000,,,,,,,,,,,0.000,,2.392,,,,
1394,1,,,-73.9599883,40.8174283,2026-01-24 21:48:08.000,_20260124_162539_CH01_REF_TMO-AUTO_HTTP SS UL_NJ DUT REF_L3.dml,,,,N41(100)+N71(15),NR SA,378,-96.560000,1.600000,,,,,,,,,,,0.000,,2.184,,,,
1395,1,,,-73.9599883,40.8174283,2026-01-24 21:48:09.000,_20260124_162539_CH01_REF_TMO-AUTO_HTTP SS UL_NJ DUT REF_L3.dml,,,,N41(100)+N71(15),NR SA,378,-96.000000,2.240000,,,,,,,,,,,0.000,,1.896,,,,
1396,1,,,-73.9599883,40.8174283,2026-01-24 21:48:10.000,_20260124_162539_CH01_REF_TMO-AUTO_HTTP SS UL_NJ DUT REF_L3.dml,,,,N41(100)+N71(15),NR SA,378,-95.860000,2.720000,,,,,,,,,,,9.437,,1.896,,,,
1397,1,,,-73.9599883,40.8174283,2026-01-24 21:48:11.000,_20260124_162539_CH01_REF_TMO-AUTO_HTTP SS UL_NJ DUT REF_L3.dml,,,,N41(100)+N71(15),NR SA,378,-95.300000,2.740000,,,,,,,,,,,0.000,,2.152,,,,
1398,1,,,-73.9599883,40.8174283,2026-01-24 21:48:12.000,_20260124_162539_CH01_REF_TMO-AUTO_HTTP SS UL_NJ DUT REF_L3.dml,,,,N41(100)+N71(15),NR SA,378,-95.920000,2.320000,,,,,,,,,,,0.000,,1.608,,,,
1399,1,,,-73.9599883,40.8174283,2026-01-24 21:48:13.000,_20260124_162539_CH01_REF_TMO-AUTO_HTTP SS UL_NJ DUT REF_L3.dml,,,,N41(100)+N71(15),NR SA,378,-96.160000,1.320000,,,,,,,,,,,0.000,,2.008,,,,
1400,1,,,-73.9599883,40.8174283,2026-01-24 21:48:14.000,_20260124_162539_CH01_REF_TMO-AUTO_HTTP SS UL_NJ DUT REF_L3.dml,,,,N41(100)+N71(15),NR SA,378,-95.500000,2.020000,,,,,,,,,,,0.000,,1.944,,,,
1401,1,,,-73.9599883,40.8174283,2026-01-24 21:48:15.000,_20260124_162539_CH01_REF_TMO-AUTO_HTTP SS UL_NJ DUT REF_L3.dml,,,,N41(100)+N71(15),NR SA,378,-95.840000,2.040000,,,,,,,,,,,0.000,,2.000,,,,
1402,1,,,-73.9599883,40.8174283,2026-01-24 21:48:16.000,_20260124_162539_CH01_REF_TMO-AUTO_HTTP SS UL_NJ DUT REF_L3.dml,,,,N41(100)+N71(15),NR SA,378,-96.320000,1.200000,,,,,,,,,,,6.291,,3.272,,,,
1403,1,,,-73.9599883,40.8174283,2026-01-24 21:48:17.000,_20260124_162539_CH01_REF_TMO-AUTO_HTTP SS UL_NJ DUT REF_L3.dml,,,,N41(100)+N71(15),NR SA,378,-96.620000,1.000000,,,,,,,,,,,0.000,,2.136,,,,
1404,1,,,-73.9599883,40.8174283,2026-01-24 21:48:18.000,_20260124_162539_CH01_REF_TMO-AUTO_HTTP SS UL_NJ DUT REF_L3.dml,,,,N41(100)+N71(15),NR SA,378,-96.060000,1.680000,,,,,,,,,,,0.000,,1.832,,,,
1405,1,,,-73.9599883,40.8174283,2026-01-24 21:48:19.000,_20260124_162539_CH01_REF_TMO-AUTO_HTTP SS UL_NJ DUT REF_L3.dml,,,,N41(100)+N71(15),NR SA,378,-96.160000,1.200000,,,,,,,,,,,0.000,,1.448,,,,
1406,1,,,-73.9599883,40.8174283,2026-01-24 21:48:20.000,_20260124_162539_CH01_REF_TMO-AUTO_HTTP SS UL_NJ DUT REF_L3.dml,,,,N41(100)+N71(15),NR SA,378,-96.110000,1.560000,,,,,,,,,,,0.000,,2.088,,,,
1407,1,,,-73.9599883,40.8174283,2026-01-24 21:48:21.000,_20260124_162539_CH01_REF_TMO-AUTO_HTTP SS UL_NJ DUT REF_L3.dml,,,,N41(100)+N71(15),NR SA,378,-96.150000,1.290000,,,,,,,,,,,0.000,,1.720,,,,
1408,1,,,-73.9599883,40.8174283,2026-01-24 21:48:22.000,_20260124_162539_CH01_REF_TMO-AUTO_HTTP SS UL_NJ DUT REF_L3.dml,,,,N41(100)+N71(15),NR SA,378,-95.470000,2.130000,,,,,,,,,,,7.340,,2.304,,,,
1409,1,,,-73.9599883,40.8174283,2026-01-24 21:48:23.000,_20260124_162539_CH01_REF_TMO-AUTO_HTTP SS UL_NJ DUT REF_L3.dml,,,,N41(100)+N71(15),NR SA,378,-95.930000,2.220000,,,,,,,,,,,0.000,,1.824,,,,
1410,1,,,-73.9599883,40.8174283,2026-01-24 21:48:24.000,_20260124_162539_CH01_REF_TMO-AUTO_HTTP SS UL_NJ DUT REF_L3.dml,,,,N41(100)+N71(15),NR SA,378,-96.110000,1.620000,,,,,,,,,,,0.000,,1.592,,,,
1411,1,,,-73.9599883,40.8174283,2026-01-24 21:48:25.000,_20260124_162539_CH01_REF_TMO-AUTO_HTTP SS UL_NJ DUT REF_L3.dml,,,,N41(100)+N71(15),NR SA,378,-96.140000,1.420000,,,,,,,,,,,0.000,,1.552,,,,
1412,1,,,-73.9599883,40.8174283,2026-01-24 21:48:26.000,_20260124_162539_CH01_REF_TMO-AUTO_HTTP SS UL_NJ DUT REF_L3.dml,,,,N41(100)+N71(15),NR SA,378,-95.790000,1.620000,,,,,,,,,,,0.000,,1.696,,,,
1413,1,,,-73.9599883,40.8174283,2026-01-24 21:48:27.000,_20260124_162539_CH01_REF_TMO-AUTO_HTTP SS UL_NJ DUT REF_L3.dml,,,,N41(100)+N71(15),NR SA,378,-95.970000,2.030000,,,,,,,,,,,0.000,,1.448,,,,
1414,1,,,-73.9599883,40.8174283,2026-01-24 21:48:28.000,_20260124_162539_CH01_REF_TMO-AUTO_HTTP SS UL_NJ DUT REF_L3.dml,,,,N41(100)+N71(15),NR SA,378,-95.100000,2.390000,,,,,,,,,,,0.000,,1.448,,,,
1415,1,,,-73.9599883,40.8174283,2026-01-24 21:48:29.000,_20260124_162539_CH01_REF_TMO-AUTO_HTTP SS UL_NJ DUT REF_L3.dml,,,,N41(100)+N71(15),NR SA,378,-97.160000,1.070000,,,,,,,,,,,7.340,,1.816,,,,
1416,1,,,-73.9599883,40.8174283,2026-01-24 21:48:30.000,_20260124_162539_CH01_REF_TMO-AUTO_HTTP SS UL_NJ DUT REF_L3.dml,,,,N41(100)+N71(15),NR SA,378,-95.620000,1.980000,,,,,,,,,,,0.000,,2.088,,,,
1417,1,,,-73.9599883,40.8174283,2026-01-24 21:48:31.000,_20260124_162539_CH01_REF_TMO-AUTO_HTTP SS UL_NJ DUT REF_L3.dml,,,,N41(100)+N71(15),NR SA,378,-96.000000,1.820000,,,,,,,,,,,0.000,,2.240,,,,
1418,1,,,-73.9599883,40.8174283,2026-01-24 21:48:32.000,_20260124_162539_CH01_REF_TMO-AUTO_HTTP SS UL_NJ DUT REF_L3.dml,,,,N41(100)+N71(15),NR SA,378,-94.920000,2.080000,,,,,,,,,,,0.000,,2.128,,,,
1419,1,,,-73.9599883,40.8174283,2026-01-24 21:48:33.000,_20260124_162539_CH01_REF_TMO-AUTO_HTTP SS UL_NJ DUT REF_L3.dml,,,,N41(100)+N71(15),NR SA,378,-94.350000,3.150000,,,,,,,,,,,0.000,,2.088,,,,
1420,1,,,-73.9599883,40.8174283,2026-01-24 21:48:34.000,_20260124_162539_CH01_REF_TMO-AUTO_HTTP SS UL_NJ DUT REF_L3.dml,,,,N41(100)+N71(15),NR SA,378,-95.020000,2.580000,,,,,,,,,,,7.340,,2.464,,,,
1421,1,,,-73.9599883,40.8174283,2026-01-24 21:48:35.000,_20260124_162539_CH01_REF_TMO-AUTO_HTTP SS UL_NJ DUT REF_L3.dml,,,,N41(100)+N71(15),NR SA,378,-95.130000,2.760000,,,,,,,,,,,0.000,,2.656,,,,
1422,1,,,-73.9599883,40.8174283,2026-01-24 21:48:36.000,_20260124_162539_CH01_REF_TMO-AUTO_HTTP SS UL_NJ DUT REF_L3.dml,,,,N41(100)+N71(15),NR SA,378,-95.000000,3.520000,,,,,,,,,,,0.000,,2.248,,,,
1423,1,,,-73.9599883,40.8174283,2026-01-24 21:48:37.000,_20260124_162539_CH01_REF_TMO-AUTO_HTTP SS UL_NJ DUT REF_L3.dml,,,,N41(100)+N71(15),NR SA,378,-95.020000,2.800000,,,,,,,,,,,0.000,,2.416,,,,
1424,1,,,-73.9599883,40.8174283,2026-01-24 21:48:38.000,_20260124_162539_CH01_REF_TMO-AUTO_HTTP SS UL_NJ DUT REF_L3.dml,,,,N41(100)+N71(15),NR SA,378,-95.110000,2.420000,,,,,,,,,,,0.000,,2.424,,,,
1425,1,,,-73.9599883,40.8174283,2026-01-24 21:48:38.448,_20260124_162539_CH01_REF_TMO-AUTO_HTTP SS UL_NJ DUT REF_L3.dml,,,,,,,,,,,,,,,Upload Ended,,,,,,,,,,
1426,1,,,-73.9599883,40.8174283,2026-01-24 21:48:39.000,_20260124_162539_CH01_REF_TMO-AUTO_HTTP SS UL_NJ DUT REF_L3.dml,,,,N41(100)+N71(15),NR SA,378,-95.000000,3.350000,,,,,,,,,,,75.751,,2.968,,,,
1427,1,,,-73.9599883,40.8174283,2026-01-24 21:48:40.000,_20260124_162539_CH01_REF_TMO-AUTO_HTTP SS UL_NJ DUT REF_L3.dml,,,,N41(100)+N71(15),,378,-95.020000,2.670000,,,,,,,,,,,,,2.176,,,,
1428,1,,,-73.9599883,40.8174283,2026-01-24 21:48:41.000,_20260124_162539_CH01_REF_TMO-AUTO_HTTP SS UL_NJ DUT REF_L3.dml,,,,N41(100)+N71(15),,378,-95.320000,2.240000,,,,,,,,,,,,,2.392,,,,
1429,1,,,-73.9599883,40.8174283,2026-01-24 21:48:42.000,_20260124_162539_CH01_REF_TMO-AUTO_HTTP SS UL_NJ DUT REF_L3.dml,,,,N41(100)+N71(15),,378,-95.110000,3.530000,,,,,,,,,,,,,1.528,,,,
1430,1,,,-73.9599883,40.8174283,2026-01-24 21:48:43.000,_20260124_162539_CH01_REF_TMO-AUTO_HTTP SS UL_NJ DUT REF_L3.dml,,,,N41(100)+N71(15),,378,-95.200000,2.300000,,,,,,,,,,,,,1.928,,,,
1431,1,,,-73.9599883,40.8174283,2026-01-24 21:48:43.870,_20260124_162539_CH01_REF_TMO-AUTO_HTTP SS UL_NJ DUT REF_L3.dml,,,,,,,,,,,,,,,Upload Start Request,,,,,,,,,,
1432,1,,,-73.9599883,40.8174283,2026-01-24 21:48:44.000,_20260124_162539_CH01_REF_TMO-AUTO_HTTP SS UL_NJ DUT REF_L3.dml,,,,N41(100)+N71(15),NR SA,378,-95.520000,1.580000,,,,,,,,,,,,,2.136,,,,
1433,1,,,-73.9599883,40.8174283,2026-01-24 21:48:44.087,_20260124_162539_CH01_REF_TMO-AUTO_HTTP SS UL_NJ DUT REF_L3.dml,,,,,,,,,,,,,,,Upload Started,,,,,,,,,,
1434,1,,,-73.9599883,40.8174283,2026-01-24 21:48:45.000,_20260124_162539_CH01_REF_TMO-AUTO_HTTP SS UL_NJ DUT REF_L3.dml,,,,N41(100)+N71(15),NR SA,378,-95.290000,1.890000,,,,,,,,,,,,,1.976,,,,
1435,1,,,-73.9599883,40.8174283,2026-01-24 21:48:46.000,_20260124_162539_CH01_REF_TMO-AUTO_HTTP SS UL_NJ DUT REF_L3.dml,,,,N41(100)+N71(15),NR SA,378,-94.920000,1.680000,,,,,,,,,,,,,2.816,,,,
1436,1,,,-73.9599883,40.8174283,2026-01-24 21:48:47.000,_20260124_162539_CH01_REF_TMO-AUTO_HTTP SS UL_NJ DUT REF_L3.dml,,,,N41(100)+N71(15),NR SA,378,-95.120000,0.630000,,,,,,,,,,,15.729,,2.224,,,,
1437,1,,,-73.9599883,40.8174283,2026-01-24 21:48:48.000,_20260124_162539_CH01_REF_TMO-AUTO_HTTP SS UL_NJ DUT REF_L3.dml,,,,N41(100)+N71(15),NR SA,378,-95.040000,1.560000,,,,,,,,,,,0.000,,2.472,,,,
1438,1,,,-73.9599883,40.8174283,2026-01-24 21:48:49.000,_20260124_162539_CH01_REF_TMO-AUTO_HTTP SS UL_NJ DUT REF_L3.dml,,,,N41(100)+N71(15),NR SA,378,-94.740000,1.480000,,,,,,,,,,,0.000,,2.680,,,,
1439,1,,,-73.9599883,40.8174283,2026-01-24 21:48:50.000,_20260124_162539_CH01_REF_TMO-AUTO_HTTP SS UL_NJ DUT REF_L3.dml,,,,N41(100)+N71(15),NR SA,378,-96.250000,-0.270000,,,,,,,,,,,0.000,,2.944,,,,
1440,1,,,-73.9599883,40.8174283,2026-01-24 21:48:51.000,_20260124_162539_CH01_REF_TMO-AUTO_HTTP SS UL_NJ DUT REF_L3.dml,,,,N41(100)+N71(15),NR SA,378,-96.360000,-0.300000,,,,,,,,,,,0.000,,2.528,,,,
1441,1,,,-73.9599883,40.8174283,2026-01-24 21:48:52.000,_20260124_162539_CH01_REF_TMO-AUTO_HTTP SS UL_NJ DUT REF_L3.dml,,,,N41(100)+N71(15),NR SA,378,-96.040000,0.480000,,,,,,,,,,,0.000,,2.960,,,,
1442,1,,,-73.9599883,40.8174283,2026-01-24 21:48:53.000,_20260124_162539_CH01_REF_TMO-AUTO_HTTP SS UL_NJ DUT REF_L3.dml,,,,N41(100)+N71(15),NR SA,378,-96.160000,-0.820000,,,,,,,,,,,0.000,,2.848,,,,
1443,1,,,-73.9599883,40.8174283,2026-01-24 21:48:54.000,_20260124_162539_CH01_REF_TMO-AUTO_HTTP SS UL_NJ DUT REF_L3.dml,,,,N41(100)+N71(15),NR SA,378,-96.040000,0.520000,,,,,,,,,,,0.000,,2.312,,,,
1444,1,,,-73.9599883,40.8174283,2026-01-24 21:48:55.000,_20260124_162539_CH01_REF_TMO-AUTO_HTTP SS UL_NJ DUT REF_L3.dml,,,,N41(100)+N71(15),NR SA,378,-96.720000,-0.240000,,,,,,,,,,,0.000,,2.552,,,,
1445,1,,,-73.9599883,40.8174283,2026-01-24 21:48:56.000,_20260124_162539_CH01_REF_TMO-AUTO_HTTP SS UL_NJ DUT REF_L3.dml,,,,N41(100)+N71(15),NR SA,378,-96.140000,1.740000,,,,,,,,,,,0.000,,2.968,,,,
1446,1,,,-73.9599883,40.8174283,2026-01-24 21:48:57.000,_20260124_162539_CH01_REF_TMO-AUTO_HTTP SS UL_NJ DUT REF_L3.dml,,,,N41(100)+N71(15),NR SA,378,-96.040000,0.060000,,,,,,,,,,,6.291,,2.224,,,,
1447,1,,,-73.9599883,40.8174283,2026-01-24 21:48:58.000,_20260124_162539_CH01_REF_TMO-AUTO_HTTP SS UL_NJ DUT REF_L3.dml,,,,N41(100)+N71(15),NR SA,378,-96.140000,0.360000,,,,,,,,,,,0.000,,2.488,,,,
1448,1,,,-73.9599883,40.8174283,2026-01-24 21:48:59.000,_20260124_162539_CH01_REF_TMO-AUTO_HTTP SS UL_NJ DUT REF_L3.dml,,,,N41(100)+N71(15),NR SA,378,-95.960000,0.000000,,,,,,,,,,,0.000,,2.352,,,,
1449,1,,,-73.9599883,40.8174283,2026-01-24 21:49:00.000,_20260124_162539_CH01_REF_TMO-AUTO_HTTP SS UL_NJ DUT REF_L3.dml,,,,N41(100)+N71(15),NR SA,378,-97.690000,-0.080000,,,,,,,,,,,0.000,,2.928,,,,
1450,1,,,-73.9599883,40.8174283,2026-01-24 21:49:01.000,_20260124_162539_CH01_REF_TMO-AUTO_HTTP SS UL_NJ DUT REF_L3.dml,,,,N41(100)+N71(15),NR SA,378,-96.680000,0.110000,,,,,,,,,,,5.238,,2.640,,,,
1451,1,,,-73.9599883,40.8174283,2026-01-24 21:49:02.000,_20260124_162539_CH01_REF_TMO-AUTO_HTTP SS UL_NJ DUT REF_L3.dml,,,,N41(100)+N71(15),NR SA,378,-96.100000,0.160000,,,,,,,,,,,0.000,,2.248,,,,
1452,1,,,-73.9599883,40.8174283,2026-01-24 21:49:03.000,_20260124_162539_CH01_REF_TMO-AUTO_HTTP SS UL_NJ DUT REF_L3.dml,,,,N41(100)+N71(15),NR SA,378,-96.580000,0.520000,,,,,,,,,,,0.000,,2.744,,,,
1453,1,,,-73.9599883,40.8174283,2026-01-24 21:49:04.000,_20260124_162539_CH01_REF_TMO-AUTO_HTTP SS UL_NJ DUT REF_L3.dml,,,,N41(100)+N71(15),NR SA,378,-96.000000,0.840000,,,,,,,,,,,6.291,,2.768,,,,
1454,1,,,-73.9599883,40.8174283,2026-01-24 21:49:05.000,_20260124_162539_CH01_REF_TMO-AUTO_HTTP SS UL_NJ DUT REF_L3.dml,,,,N41(100)+N71(15),NR SA,378,-96.710000,0.510000,,,,,,,,,,,0.000,,2.264,,,,
1455,1,,,-73.9599883,40.8174283,2026-01-24 21:49:06.000,_20260124_162539_CH01_REF_TMO-AUTO_HTTP SS UL_NJ DUT REF_L3.dml,,,,N41(100)+N71(15),NR SA,378,-97.300000,-0.160000,,,,,,,,,,,0.000,,2.480,,,,
1456,1,,,-73.9599883,40.8174283,2026-01-24 21:49:07.000,_20260124_162539_CH01_REF_TMO-AUTO_HTTP SS UL_NJ DUT REF_L3.dml,,,,N41(100)+N71(15),NR SA,378,-96.060000,0.640000,,,,,,,,,,,0.000,,2.408,,,,
1457,1,,,-73.9599883,40.8174283,2026-01-24 21:49:08.000,_20260124_162539_CH01_REF_TMO-AUTO_HTTP SS UL_NJ DUT REF_L3.dml,,,,N41(100)+N71(15),NR SA,378,-95.910000,0.470000,,,,,,,,,,,5.243,,2.688,,,,
1458,1,,,-73.9599883,40.8174283,2026-01-24 21:49:09.000,_20260124_162539_CH01_REF_TMO-AUTO_HTTP SS UL_NJ DUT REF_L3.dml,,,,N41(100)+N71(15),NR SA,378,-97.130000,0.280000,,,,,,,,,,,0.000,,1.872,,,,
1459,1,,,-73.9599883,40.8174283,2026-01-24 21:49:10.000,_20260124_162539_CH01_REF_TMO-AUTO_HTTP SS UL_NJ DUT REF_L3.dml,,,,N41(100)+N71(15),NR SA,378,-96.890000,0.530000,,,,,,,,,,,0.000,,2.712,,,,
1460,1,,,-73.9599883,40.8174283,2026-01-24 21:49:11.000,_20260124_162539_CH01_REF_TMO-AUTO_HTTP SS UL_NJ DUT REF_L3.dml,,,,N41(100)+N71(15),NR SA,378,-96.540000,-0.180000,,,,,,,,,,,0.000,,2.640,,,,
1461,1,,,-73.9599883,40.8174283,2026-01-24 21:49:12.000,_20260124_162539_CH01_REF_TMO-AUTO_HTTP SS UL_NJ DUT REF_L3.dml,,,,N41(100)+N71(15),NR SA,378,-96.620000,-0.780000,,,,,,,,,,,6.291,,2.840,,,,
1462,1,,,-73.9599883,40.8174283,2026-01-24 21:49:13.000,_20260124_162539_CH01_REF_TMO-AUTO_HTTP SS UL_NJ DUT REF_L3.dml,,,,N41(100)+N71(15),NR SA,378,-95.580000,0.380000,,,,,,,,,,,0.000,,2.968,,,,
1463,1,,,-73.9599883,40.8174283,2026-01-24 21:49:14.000,_20260124_162539_CH01_REF_TMO-AUTO_HTTP SS UL_NJ DUT REF_L3.dml,,,,N41(100)+N71(15),NR SA,378,-96.660000,-1.260000,,,,,,,,,,,0.000,,2.168,,,,
1464,1,,,-73.9599883,40.8174283,2026-01-24 21:49:15.000,_20260124_162539_CH01_REF_TMO-AUTO_HTTP SS UL_NJ DUT REF_L3.dml,,,,N41(100)+N71(15),NR SA,378,-95.940000,0.310000,,,,,,,,,,,7.340,,2.784,,,,
1465,1,,,-73.9599883,40.8174283,2026-01-24 21:49:16.000,_20260124_162539_CH01_REF_TMO-AUTO_HTTP SS UL_NJ DUT REF_L3.dml,,,,N41(100)+N71(15),NR SA,378,-95.910000,0.710000,,,,,,,,,,,0.000,,2.408,,,,
1466,1,,,-73.9599883,40.8174283,2026-01-24 21:49:17.000,_20260124_162539_CH01_REF_TMO-AUTO_HTTP SS UL_NJ DUT REF_L3.dml,,,,N41(100)+N71(15),NR SA,378,-95.620000,0.510000,,,,,,,,,,,0.000,,2.544,,,,
1467,1,,,-73.9599883,40.8174283,2026-01-24 21:49:18.000,_20260124_162539_CH01_REF_TMO-AUTO_HTTP SS UL_NJ DUT REF_L3.dml,,,,N41(100)+N71(15),NR SA,378,-96.260000,0.100000,,,,,,,,,,,0.000,,2.800,,,,
1468,1,,,-73.9599883,40.8174283,2026-01-24 21:49:19.000,_20260124_162539_CH01_REF_TMO-AUTO_HTTP SS UL_NJ DUT REF_L3.dml,,,,N41(100)+N71(15),NR SA,378,-96.620000,-0.420000,,,,,,,,,,,5.238,,2.448,,,,
1469,1,,,-73.9599883,40.8174283,2026-01-24 21:49:20.000,_20260124_162539_CH01_REF_TMO-AUTO_HTTP SS UL_NJ DUT REF_L3.dml,,,,N41(100)+N71(15),NR SA,378,-96.340000,-0.040000,,,,,,,,,,,0.000,,2.376,,,,
1470,1,,,-73.9599883,40.8174283,2026-01-24 21:49:21.000,_20260124_162539_CH01_REF_TMO-AUTO_HTTP SS UL_NJ DUT REF_L3.dml,,,,N41(100)+N71(15),NR SA,378,-95.130000,0.220000,,,,,,,,,,,0.000,,2.472,,,,
1471,1,,,-73.9599883,40.8174283,2026-01-24 21:49:22.000,_20260124_162539_CH01_REF_TMO-AUTO_HTTP SS UL_NJ DUT REF_L3.dml,,,,N41(100)+N71(15),NR SA,378,-95.460000,0.060000,,,,,,,,,,,6.291,,2.392,,,,
1472,1,,,-73.9599883,40.8174283,2026-01-24 21:49:23.000,_20260124_162539_CH01_REF_TMO-AUTO_HTTP SS UL_NJ DUT REF_L3.dml,,,,N41(100)+N71(15),NR SA,378,-94.260000,0.760000,,,,,,,,,,,0.000,,2.064,,,,
1473,1,,,-73.9599883,40.8174283,2026-01-24 21:49:24.000,_20260124_162539_CH01_REF_TMO-AUTO_HTTP SS UL_NJ DUT REF_L3.dml,,,,N41(100)+N71(15),NR SA,378,-95.680000,-0.290000,,,,,,,,,,,0.000,,1.968,,,,
1474,1,,,-73.9599883,40.8174283,2026-01-24 21:49:25.000,_20260124_162539_CH01_REF_TMO-AUTO_HTTP SS UL_NJ DUT REF_L3.dml,,,,N41(100)+N71(15),NR SA,378,-94.310000,1.240000,,,,,,,,,,,0.000,,1.936,,,,
1475,1,,,-73.9599883,40.8174283,2026-01-24 21:49:26.000,_20260124_162539_CH01_REF_TMO-AUTO_HTTP SS UL_NJ DUT REF_L3.dml,,,,N41(100)+N71(15),NR SA,378,-94.160000,0.640000,,,,,,,,,,,5.243,,2.152,,,,
1476,1,,,-73.9599883,40.8174283,2026-01-24 21:49:27.000,_20260124_162539_CH01_REF_TMO-AUTO_HTTP SS UL_NJ DUT REF_L3.dml,,,,N41(100)+N71(15),NR SA,378,-94.800000,0.720000,,,,,,,,,,,0.000,,2.160,,,,
1477,1,,,-73.9599883,40.8174283,2026-01-24 21:49:28.000,_20260124_162539_CH01_REF_TMO-AUTO_HTTP SS UL_NJ DUT REF_L3.dml,,,,N41(100)+N71(15),NR SA,378,-95.220000,-0.580000,,,,,,,,,,,0.000,,,,,,
1478,1,,,-73.9599883,40.8174283,2026-01-24 21:49:29.000,_20260124_162539_CH01_REF_TMO-AUTO_HTTP SS UL_NJ DUT REF_L3.dml,,,,N41(100)+N71(15),NR SA,378,-96.520000,0.760000,,,,,,,,,,,0.000,,2.312,,,,
1479,1,,,-73.9599883,40.8174283,2026-01-24 21:49:30.000,_20260124_162539_CH01_REF_TMO-AUTO_HTTP SS UL_NJ DUT REF_L3.dml,,,,N41(100)+N71(15),NR SA,378,-95.300000,2.160000,,,,,,,,,,,6.285,,2.760,,,,
1480,1,,,-73.9599883,40.8174283,2026-01-24 21:49:31.000,_20260124_162539_CH01_REF_TMO-AUTO_HTTP SS UL_NJ DUT REF_L3.dml,,,,N41(100)+N71(15),NR SA,378,-95.000000,2.470000,,,,,,,,,,,0.000,,2.752,,,,
1481,1,,,-73.9599883,40.8174283,2026-01-24 21:49:32.000,_20260124_162539_CH01_REF_TMO-AUTO_HTTP SS UL_NJ DUT REF_L3.dml,,,,N41(100)+N71(15),NR SA,378,-95.000000,3.180000,,,,,,,,,,,0.000,,2.472,,,,
1482,1,,,-73.9599883,40.8174283,2026-01-24 21:49:33.000,_20260124_162539_CH01_REF_TMO-AUTO_HTTP SS UL_NJ DUT REF_L3.dml,,,,N41(100)+N71(15),NR SA,378,-95.490000,2.740000,,,,,,,,,,,0.000,,1.904,,,,
1483,1,,,-73.9599883,40.8174283,2026-01-24 21:49:34.000,_20260124_162539_CH01_REF_TMO-AUTO_HTTP SS UL_NJ DUT REF_L3.dml,,,,N41(100)+N71(15),NR SA,378,-96.020000,1.980000,,,,,,,,,,,5.243,,2.520,,,,
1484,1,,,-73.9599883,40.8174283,2026-01-24 21:49:35.000,_20260124_162539_CH01_REF_TMO-AUTO_HTTP SS UL_NJ DUT REF_L3.dml,,,,N41(100)+N71(15),NR SA,378,-95.980000,1.900000,,,,,,,,,,,0.000,,2.128,,,,
1485,1,,,-73.9599883,40.8174283,2026-01-24 21:49:36.000,_20260124_162539_CH01_REF_TMO-AUTO_HTTP SS UL_NJ DUT REF_L3.dml,,,,N41(100)+N71(15),NR SA,378,-95.060000,3.480000,,,,,,,,,,,0.000,,2.160,,,,
1486,1,,,-73.9599883,40.8174283,2026-01-24 21:49:37.000,_20260124_162539_CH01_REF_TMO-AUTO_HTTP SS UL_NJ DUT REF_L3.dml,,,,N41(100)+N71(15),NR SA,378,-95.000000,3.140000,,,,,,,,,,,0.000,,2.312,,,,
1487,1,,,-73.9599883,40.8174283,2026-01-24 21:49:38.000,_20260124_162539_CH01_REF_TMO-AUTO_HTTP SS UL_NJ DUT REF_L3.dml,,,,N41(100)+N71(15),NR SA,378,-95.620000,3.140000,,,,,,,,,,,5.238,,2.032,,,,
1488,1,,,-73.9599883,40.8174283,2026-01-24 21:49:39.000,_20260124_162539_CH01_REF_TMO-AUTO_HTTP SS UL_NJ DUT REF_L3.dml,,,,N41(100)+N71(15),NR SA,378,-95.090000,3.560000,,,,,,,,,,,0.000,,2.640,,,,
1489,1,,,-73.9599883,40.8174283,2026-01-24 21:49:40.000,_20260124_162539_CH01_REF_TMO-AUTO_HTTP SS UL_NJ DUT REF_L3.dml,,,,N41(100)+N71(15),NR SA,378,-95.050000,3.680000,,,,,,,,,,,0.000,,1.864,,,,
1490,1,,,-73.9599883,40.8174283,2026-01-24 21:49:41.000,_20260124_162539_CH01_REF_TMO-AUTO_HTTP SS UL_NJ DUT REF_L3.dml,,,,N41(100)+N71(15),NR SA,378,-96.130000,2.310000,,,,,,,,,,,0.000,,2.128,,,,
1491,1,,,-73.9599883,40.8174283,2026-01-24 21:49:42.000,_20260124_162539_CH01_REF_TMO-AUTO_HTTP SS UL_NJ DUT REF_L3.dml,,,,N41(100)+N71(15),NR SA,378,-95.280000,2.800000,,,,,,,,,,,0.000,,2.760,,,,
1492,1,,,-73.9599883,40.8174283,2026-01-24 21:49:43.000,_20260124_162539_CH01_REF_TMO-AUTO_HTTP SS UL_NJ DUT REF_L3.dml,,,,N41(100)+N71(15),NR SA,378,-95.700000,2.880000,,,,,,,,,,,6.291,,2.304,,,,
1493,1,,,-73.9599883,40.8174283,2026-01-24 21:49:44.000,_20260124_162539_CH01_REF_TMO-AUTO_HTTP SS UL_NJ DUT REF_L3.dml,,,,N41(100)+N71(15),NR SA,378,-95.040000,3.760000,,,,,,,,,,,0.000,,1.840,,,,
1494,1,,,-73.9599883,40.8174283,2026-01-24 21:49:45.000,_20260124_162539_CH01_REF_TMO-AUTO_HTTP SS UL_NJ DUT REF_L3.dml,,,,N41(100)+N71(15),NR SA,378,-96.360000,2.150000,,,,,,,,,,,0.000,,1.872,,,,
1495,1,,,-73.9599883,40.8174283,2026-01-24 21:49:46.000,_20260124_162539_CH01_REF_TMO-AUTO_HTTP SS UL_NJ DUT REF_L3.dml,,,,N41(100)+N71(15),NR SA,378,-97.340000,0.740000,,,,,,,,,,,0.000,,2.288,,,,
1496,1,,,-73.9599883,40.8174283,2026-01-24 21:49:47.000,_20260124_162539_CH01_REF_TMO-AUTO_HTTP SS UL_NJ DUT REF_L3.dml,,,,N41(100)+N71(15),NR SA,378,-96.560000,1.780000,,,,,,,,,,,5.243,,2.280,,,,
1497,1,,,-73.9599883,40.8174283,2026-01-24 21:49:48.000,_20260124_162539_CH01_REF_TMO-AUTO_HTTP SS UL_NJ DUT REF_L3.dml,,,,N41(100)+N71(15),NR SA,378,-96.890000,1.710000,,,,,,,,,,,0.000,,1.800,,,,
1498,1,,,-73.9599883,40.8174283,2026-01-24 21:49:49.000,_20260124_162539_CH01_REF_TMO-AUTO_HTTP SS UL_NJ DUT REF_L3.dml,,,,N41(100)+N71(15),NR SA,378,-96.930000,1.290000,,,,,,,,,,,0.000,,1.728,,,,
1499,1,,,-73.9599883,40.8174283,2026-01-24 21:49:50.000,_20260124_162539_CH01_REF_TMO-AUTO_HTTP SS UL_NJ DUT REF_L3.dml,,,,N41(100)+N71(15),NR SA,378,-96.400000,1.260000,,,,,,,,,,,0.000,,2.160,,,,
1500,1,,,-73.9599883,40.8174283,2026-01-24 21:49:51.000,_20260124_162539_CH01_REF_TMO-AUTO_HTTP SS UL_NJ DUT REF_L3.dml,,,,N41(100)+N71(15),NR SA,378,-96.980000,1.420000,,,,,,,,,,,0.000,,2.368,,,,
1501,1,,,-73.9599883,40.8174283,2026-01-24 21:49:52.000,_20260124_162539_CH01_REF_TMO-AUTO_HTTP SS UL_NJ DUT REF_L3.dml,,,,N41(100)+N71(15),NR SA,378,-96.100000,1.640000,,,,,,,,,,,6.298,,2.576,,,,
1502,1,,,-73.9599883,40.8174283,2026-01-24 21:49:53.000,_20260124_162539_CH01_REF_TMO-AUTO_HTTP SS UL_NJ DUT REF_L3.dml,,,,N41(100)+N71(15),NR SA,378,-96.500000,1.140000,,,,,,,,,,,0.000,,1.944,,,,
1503,1,,,-73.9599883,40.8174283,2026-01-24 21:49:54.000,_20260124_162539_CH01_REF_TMO-AUTO_HTTP SS UL_NJ DUT REF_L3.dml,,,,N41(100)+N71(15),NR SA,378,-96.460000,2.200000,,,,,,,,,,,0.000,,2.224,,,,
1504,1,,,-73.9599883,40.8174283,2026-01-24 21:49:55.000,_20260124_162539_CH01_REF_TMO-AUTO_HTTP SS UL_NJ DUT REF_L3.dml,,,,N41(100)+N71(15),NR SA,378,-95.890000,2.610000,,,,,,,,,,,0.000,,2.672,,,,
1505,1,,,-73.9599883,40.8174283,2026-01-24 21:49:56.000,_20260124_162539_CH01_REF_TMO-AUTO_HTTP SS UL_NJ DUT REF_L3.dml,,,,N41(100)+N71(15),NR SA,378,-96.160000,1.680000,,,,,,,,,,,5.243,,1.872,,,,
1506,1,,,-73.9599883,40.8174283,2026-01-24 21:49:57.000,_20260124_162539_CH01_REF_TMO-AUTO_HTTP SS UL_NJ DUT REF_L3.dml,,,,N41(100)+N71(15),NR SA,378,-99.350000,-0.180000,,,,,,,,,,,0.000,,,,,,
1507,1,,,-73.9599883,40.8174283,2026-01-24 21:49:58.000,_20260124_162539_CH01_REF_TMO-AUTO_HTTP SS UL_NJ DUT REF_L3.dml,,,,N41(100)+N71(15),NR SA,378,-98.380000,0.040000,,,,,,,,,,,0.000,,1.616,,,,
1508,1,,,-73.9599883,40.8174283,2026-01-24 21:49:59.000,_20260124_162539_CH01_REF_TMO-AUTO_HTTP SS UL_NJ DUT REF_L3.dml,,,,N41(100)+N71(15),NR SA,378,-96.490000,1.710000,,,,,,,,,,,0.000,,3.272,,,,
1509,1,,,-73.9599883,40.8174283,2026-01-24 21:50:00.000,_20260124_162539_CH01_REF_TMO-AUTO_HTTP SS UL_NJ DUT REF_L3.dml,,,,N41(100)+N71(15),NR SA,378,-96.400000,1.930000,,,,,,,,,,,6.285,,2.104,,,,
1510,1,,,-73.9599883,40.8174283,2026-01-24 21:50:01.000,_20260124_162539_CH01_REF_TMO-AUTO_HTTP SS UL_NJ DUT REF_L3.dml,,,,N41(100)+N71(15),NR SA,378,-96.540000,1.700000,,,,,,,,,,,0.000,,2.552,,,,
1511,1,,,-73.9599883,40.8174283,2026-01-24 21:50:02.000,_20260124_162539_CH01_REF_TMO-AUTO_HTTP SS UL_NJ DUT REF_L3.dml,,,,N41(100)+N71(15),NR SA,378,-96.640000,1.100000,,,,,,,,,,,0.000,,2.176,,,,
1512,1,,,-73.9599883,40.8174283,2026-01-24 21:50:03.000,_20260124_162539_CH01_REF_TMO-AUTO_HTTP SS UL_NJ DUT REF_L3.dml,,,,N41(100)+N71(15),NR SA,378,-97.380000,0.620000,,,,,,,,,,,0.000,,2.512,,,,
1513,1,,,-73.9599883,40.8174283,2026-01-24 21:50:04.000,_20260124_162539_CH01_REF_TMO-AUTO_HTTP SS UL_NJ DUT REF_L3.dml,,,,N41(100)+N71(15),NR SA,378,-96.610000,0.870000,,,,,,,,,,,0.000,,1.920,,,,
1514,1,,,-73.9599883,40.8174283,2026-01-24 21:50:04.041,_20260124_162539_CH01_REF_TMO-AUTO_HTTP SS UL_NJ DUT REF_L3.dml,,,,,,,,,,,,,,,Upload Ended,,,,,,,,,,
1515,1,,,-73.9599883,40.8174283,2026-01-24 21:50:05.000,_20260124_162539_CH01_REF_TMO-AUTO_HTTP SS UL_NJ DUT REF_L3.dml,,,,N41(100)+N71(15),NR SA,378,-96.220000,1.800000,,,,,,,,,,,5.157,,2.336,,,,
1516,1,,,-73.9599883,40.8174283,2026-01-24 21:50:06.000,_20260124_162539_CH01_REF_TMO-AUTO_HTTP SS UL_NJ DUT REF_L3.dml,,,,N41(100)+N71(15),,378,-97.200000,0.730000,,,,,,,,,,,,,2.560,,,,
1517,1,,,-73.9599883,40.8174283,2026-01-24 21:50:07.000,_20260124_162539_CH01_REF_TMO-AUTO_HTTP SS UL_NJ DUT REF_L3.dml,,,,N41(100)+N71(15),,378,-97.400000,0.020000,,,,,,,,,,,,,2.136,,,,
1518,1,,,-73.9599883,40.8174283,2026-01-24 21:50:08.000,_20260124_162539_CH01_REF_TMO-AUTO_HTTP SS UL_NJ DUT REF_L3.dml,,,,N41(100)+N71(15),,378,-97.580000,0.530000,,,,,,,,,,,,,2.400,,,,
1519,1,,,-73.9599883,40.8174283,2026-01-24 21:50:09.000,_20260124_162539_CH01_REF_TMO-AUTO_HTTP SS UL_NJ DUT REF_L3.dml,,,,N41(100)+N71(15),,378,-97.050000,1.130000,,,,,,,,,,,,,2.336,,,,
1520,1,,,-73.9599883,40.8174283,2026-01-24 21:50:09.604,_20260124_162539_CH01_REF_TMO-AUTO_HTTP SS UL_NJ DUT REF_L3.dml,,,,,,,,,,,,,,,Upload Start Request,,,,,,,,,,
1521,1,,,-73.9599883,40.8174283,2026-01-24 21:50:09.775,_20260124_162539_CH01_REF_TMO-AUTO_HTTP SS UL_NJ DUT REF_L3.dml,,,,,,,,,,,,,,,Upload Started,,,,,,,,,,
1522,1,,,-73.9599883,40.8174283,2026-01-24 21:50:10.000,_20260124_162539_CH01_REF_TMO-AUTO_HTTP SS UL_NJ DUT REF_L3.dml,,,,N41(100)+N71(15),NR SA,378,-97.780000,0.280000,,,,,,,,,,,,,2.064,,,,
1523,1,,,-73.9599883,40.8174283,2026-01-24 21:50:11.000,_20260124_162539_CH01_REF_TMO-AUTO_HTTP SS UL_NJ DUT REF_L3.dml,,,,N41(100)+N71(15),NR SA,378,-97.680000,0.530000,,,,,,,,,,,,,1.656,,,,
1524,1,,,-73.9599883,40.8174283,2026-01-24 21:50:12.000,_20260124_162539_CH01_REF_TMO-AUTO_HTTP SS UL_NJ DUT REF_L3.dml,,,,N41(100)+N71(15),NR SA,378,-97.560000,0.000000,,,,,,,,,,,15.713,,2.168,,,,
1525,1,,,-73.9599883,40.8174283,2026-01-24 21:50:13.000,_20260124_162539_CH01_REF_TMO-AUTO_HTTP SS UL_NJ DUT REF_L3.dml,,,,N41(100)+N71(15),NR SA,378,-98.260000,0.240000,,,,,,,,,,,0.000,,2.264,,,,
1526,1,,,-73.9599883,40.8174283,2026-01-24 21:50:14.000,_20260124_162539_CH01_REF_TMO-AUTO_HTTP SS UL_NJ DUT REF_L3.dml,,,,N41(100)+N71(15),NR SA,378,-98.580000,-0.020000,,,,,,,,,,,0.000,,1.992,,,,
1527,1,,,-73.9599883,40.8174283,2026-01-24 21:50:15.000,_20260124_162539_CH01_REF_TMO-AUTO_HTTP SS UL_NJ DUT REF_L3.dml,,,,N41(100)+N71(15),NR SA,378,-98.440000,0.330000,,,,,,,,,,,0.000,,2.176,,,,
1528,1,,,-73.9599883,40.8174283,2026-01-24 21:50:16.000,_20260124_162539_CH01_REF_TMO-AUTO_HTTP SS UL_NJ DUT REF_L3.dml,,,,N41(100)+N71(15),NR SA,378,-97.940000,0.720000,,,,,,,,,,,0.000,,0.952,,,,
1529,1,,,-73.9599883,40.8174283,2026-01-24 21:50:17.000,_20260124_162539_CH01_REF_TMO-AUTO_HTTP SS UL_NJ DUT REF_L3.dml,,,,N41(100)+N71(15),NR SA,378,-96.980000,1.640000,,,,,,,,,,,0.000,,1.944,,,,
1530,1,,,-73.9599883,40.8174283,2026-01-24 21:50:18.000,_20260124_162539_CH01_REF_TMO-AUTO_HTTP SS UL_NJ DUT REF_L3.dml,,,,N41(100)+N71(15),NR SA,378,-98.460000,0.320000,,,,,,,,,,,0.000,,2.248,,,,
1531,1,,,-73.9599883,40.8174283,2026-01-24 21:50:19.000,_20260124_162539_CH01_REF_TMO-AUTO_HTTP SS UL_NJ DUT REF_L3.dml,,,,N41(100)+N71(15),NR SA,378,-99.140000,-0.430000,,,,,,,,,,,0.000,,2.864,,,,
1532,1,,,-73.9599883,40.8174283,2026-01-24 21:50:20.000,_20260124_162539_CH01_REF_TMO-AUTO_HTTP SS UL_NJ DUT REF_L3.dml,,,,N41(100)+N71(15),NR SA,378,-97.290000,0.570000,,,,,,,,,,,6.291,,1.856,,,,
1533,1,,,-73.9599883,40.8174283,2026-01-24 21:50:21.000,_20260124_162539_CH01_REF_TMO-AUTO_HTTP SS UL_NJ DUT REF_L3.dml,,,,N41(100)+N71(15),NR SA,378,-97.600000,0.530000,,,,,,,,,,,0.000,,2.088,,,,
1534,1,,,-73.9599883,40.8174283,2026-01-24 21:50:22.000,_20260124_162539_CH01_REF_TMO-AUTO_HTTP SS UL_NJ DUT REF_L3.dml,,,,N41(100)+N71(15),NR SA,378,-98.000000,0.580000,,,,,,,,,,,0.000,,2.144,,,,
1535,1,,,-73.9599883,40.8174283,2026-01-24 21:50:23.000,_20260124_162539_CH01_REF_TMO-AUTO_HTTP SS UL_NJ DUT REF_L3.dml,,,,N41(100)+N71(15),NR SA,378,-97.840000,0.090000,,,,,,,,,,,0.000,,1.848,,,,
1536,1,,,-73.9599883,40.8174283,2026-01-24 21:50:24.000,_20260124_162539_CH01_REF_TMO-AUTO_HTTP SS UL_NJ DUT REF_L3.dml,,,,N41(100)+N71(15),NR SA,378,-98.040000,-0.120000,,,,,,,,,,,0.000,,2.056,,,,
1537,1,,,-73.9599883,40.8174283,2026-01-24 21:50:25.000,_20260124_162539_CH01_REF_TMO-AUTO_HTTP SS UL_NJ DUT REF_L3.dml,,,,N41(100)+N71(15),NR SA,378,-98.320000,0.380000,,,,,,,,,,,5.243,,2.088,,,,
1538,1,,,-73.9599883,40.8174283,2026-01-24 21:50:26.000,_20260124_162539_CH01_REF_TMO-AUTO_HTTP SS UL_NJ DUT REF_L3.dml,,,,N41(100)+N71(15),NR SA,378,-98.360000,0.040000,,,,,,,,,,,0.000,,2.576,,,,
1539,1,,,-73.9599883,40.8174283,2026-01-24 21:50:27.000,_20260124_162539_CH01_REF_TMO-AUTO_HTTP SS UL_NJ DUT REF_L3.dml,,,,N41(100)+N71(15),NR SA,378,-98.320000,0.130000,,,,,,,,,,,0.000,,2.520,,,,
1540,1,,,-73.9599883,40.8174283,2026-01-24 21:50:28.000,_20260124_162539_CH01_REF_TMO-AUTO_HTTP SS UL_NJ DUT REF_L3.dml,,,,N41(100)+N71(15),NR SA,378,-98.570000,0.000000,,,,,,,,,,,0.000,,2.640,,,,
1541,1,,,-73.9599883,40.8174283,2026-01-24 21:50:29.000,_20260124_162539_CH01_REF_TMO-AUTO_HTTP SS UL_NJ DUT REF_L3.dml,,,,N41(100)+N71(15),NR SA,378,-98.940000,0.000000,,,,,,,,,,,6.291,,2.936,,,,
1542,1,,,-73.9599883,40.8174283,2026-01-24 21:50:30.000,_20260124_162539_CH01_REF_TMO-AUTO_HTTP SS UL_NJ DUT REF_L3.dml,,,,N41(100)+N71(15),NR SA,378,-98.480000,0.000000,,,,,,,,,,,0.000,,2.312,,,,
1543,1,,,-73.9599883,40.8174283,2026-01-24 21:50:31.000,_20260124_162539_CH01_REF_TMO-AUTO_HTTP SS UL_NJ DUT REF_L3.dml,,,,N41(100)+N71(15),NR SA,378,-98.800000,0.000000,,,,,,,,,,,5.243,,2.496,,,,
1544,1,,,-73.9599883,40.8174283,2026-01-24 21:50:32.000,_20260124_162539_CH01_REF_TMO-AUTO_HTTP SS UL_NJ DUT REF_L3.dml,,,,N41(100)+N71(15),NR SA,378,-98.200000,1.020000,,,,,,,,,,,0.000,,2.408,,,,
1545,1,,,-73.9599883,40.8174283,2026-01-24 21:50:33.000,_20260124_162539_CH01_REF_TMO-AUTO_HTTP SS UL_NJ DUT REF_L3.dml,,,,N41(100)+N71(15),NR SA,378,-98.380000,0.320000,,,,,,,,,,,0.000,,2.048,,,,
1546,1,,,-73.9599883,40.8174283,2026-01-24 21:50:34.000,_20260124_162539_CH01_REF_TMO-AUTO_HTTP SS UL_NJ DUT REF_L3.dml,,,,N41(100)+N71(15),NR SA,378,-99.000000,-0.080000,,,,,,,,,,,0.000,,2.224,,,,
1547,1,,,-73.9599883,40.8174283,2026-01-24 21:50:35.000,_20260124_162539_CH01_REF_TMO-AUTO_HTTP SS UL_NJ DUT REF_L3.dml,,,,N41(100)+N71(15),NR SA,378,-98.160000,0.820000,,,,,,,,,,,6.291,,2.120,,,,
1548,1,,,-73.9599883,40.8174283,2026-01-24 21:50:36.000,_20260124_162539_CH01_REF_TMO-AUTO_HTTP SS UL_NJ DUT REF_L3.dml,,,,N41(100)+N71(15),NR SA,378,-97.040000,1.520000,,,,,,,,,,,0.000,,1.904,,,,
1549,1,,,-73.9599883,40.8174283,2026-01-24 21:50:37.000,_20260124_162539_CH01_REF_TMO-AUTO_HTTP SS UL_NJ DUT REF_L3.dml,,,,N41(100)+N71(15),NR SA,378,-96.780000,1.380000,,,,,,,,,,,0.000,,2.096,,,,
1550,1,,,-73.9599883,40.8174283,2026-01-24 21:50:38.000,_20260124_162539_CH01_REF_TMO-AUTO_HTTP SS UL_NJ DUT REF_L3.dml,,,,N41(100)+N71(15),NR SA,378,-97.090000,0.330000,,,,,,,,,,,0.000,,1.928,,,,
1551,1,,,-73.9599883,40.8174283,2026-01-24 21:50:39.000,_20260124_162539_CH01_REF_TMO-AUTO_HTTP SS UL_NJ DUT REF_L3.dml,,,,N41(100)+N71(15),NR SA,378,-96.620000,0.850000,,,,,,,,,,,5.238,,2.520,,,,
1552,1,,,-73.9599883,40.8174283,2026-01-24 21:50:40.000,_20260124_162539_CH01_REF_TMO-AUTO_HTTP SS UL_NJ DUT REF_L3.dml,,,,N41(100)+N71(15),NR SA,378,-96.720000,0.470000,,,,,,,,,,,0.000,,1.624,,,,
1553,1,,,-73.9599883,40.8174283,2026-01-24 21:50:41.000,_20260124_162539_CH01_REF_TMO-AUTO_HTTP SS UL_NJ DUT REF_L3.dml,,,,N41(100)+N71(15),NR SA,378,-97.380000,1.160000,,,,,,,,,,,0.000,,1.648,,,,
1554,1,,,-73.9599883,40.8174283,2026-01-24 21:50:42.000,_20260124_162539_CH01_REF_TMO-AUTO_HTTP SS UL_NJ DUT REF_L3.dml,,,,N41(100)+N71(15),NR SA,378,-97.430000,-0.070000,,,,,,,,,,,0.000,,1.968,,,,
1555,1,,,-73.9599883,40.8174283,2026-01-24 21:50:43.000,_20260124_162539_CH01_REF_TMO-AUTO_HTTP SS UL_NJ DUT REF_L3.dml,,,,N41(100)+N71(15),NR SA,378,-98.800000,-0.700000,,,,,,,,,,,6.285,,2.360,,,,
1556,1,,,-73.9599883,40.8174283,2026-01-24 21:50:44.000,_20260124_162539_CH01_REF_TMO-AUTO_HTTP SS UL_NJ DUT REF_L3.dml,,,,N41(100)+N71(15),NR SA,378,-99.040000,-1.020000,,,,,,,,,,,0.000,,2.576,,,,
1557,1,,,-73.9599883,40.8174283,2026-01-24 21:50:45.000,_20260124_162539_CH01_REF_TMO-AUTO_HTTP SS UL_NJ DUT REF_L3.dml,,,,N41(100)+N71(15),NR SA,378,-97.500000,0.540000,,,,,,,,,,,0.000,,2.488,,,,
1558,1,,,-73.9599883,40.8174283,2026-01-24 21:50:46.000,_20260124_162539_CH01_REF_TMO-AUTO_HTTP SS UL_NJ DUT REF_L3.dml,,,,N41(100)+N71(15),NR SA,378,-98.130000,-0.160000,,,,,,,,,,,0.000,,1.896,,,,
1559,1,,,-73.9599883,40.8174283,2026-01-24 21:50:47.000,_20260124_162539_CH01_REF_TMO-AUTO_HTTP SS UL_NJ DUT REF_L3.dml,,,,N41(100)+N71(15),NR SA,378,-98.420000,-0.270000,,,,,,,,,,,5.243,,2.296,,,,
1560,1,,,-73.9599883,40.8174283,2026-01-24 21:50:48.000,_20260124_162539_CH01_REF_TMO-AUTO_HTTP SS UL_NJ DUT REF_L3.dml,,,,N41(100)+N71(15),NR SA,378,-97.600000,0.340000,,,,,,,,,,,0.000,,2.440,,,,
1561,1,,,-73.9599883,40.8174283,2026-01-24 21:50:49.000,_20260124_162539_CH01_REF_TMO-AUTO_HTTP SS UL_NJ DUT REF_L3.dml,,,,N41(100)+N71(15),NR SA,378,-100.640000,-3.160000,,,,,,,,,,,0.000,,2.600,,,,
1562,1,,,-73.9599883,40.8174283,2026-01-24 21:50:50.000,_20260124_162539_CH01_REF_TMO-AUTO_HTTP SS UL_NJ DUT REF_L3.dml,,,,N41(100)+N71(15),NR SA,440,-102.760000,-3.470000,,,,,,,,,,,0.000,,3.104,,,,
1563,1,,,-73.9599883,40.8174283,2026-01-24 21:50:51.000,_20260124_162539_CH01_REF_TMO-AUTO_HTTP SS UL_NJ DUT REF_L3.dml,,,,N41(100)+N71(15),NR SA,440,-98.490000,1.090000,,,,,,,,,,,0.000,,,,,,
1564,1,,,-73.9599883,40.8174283,2026-01-24 21:50:52.000,_20260124_162539_CH01_REF_TMO-AUTO_HTTP SS UL_NJ DUT REF_L3.dml,,,,N41(100)+N71(15),NR SA,440,-98.760000,0.740000,,,,,,,,,,,0.000,,3.544,,,,
1565,1,,,-73.9599883,40.8174283,2026-01-24 21:50:53.000,_20260124_162539_CH01_REF_TMO-AUTO_HTTP SS UL_NJ DUT REF_L3.dml,,,,N41(100)+N71(15),NR SA,440,-99.240000,-0.380000,,,,,,,,,,,6.291,,1.696,,,,
1566,1,,,-73.9599883,40.8174283,2026-01-24 21:50:54.000,_20260124_162539_CH01_REF_TMO-AUTO_HTTP SS UL_NJ DUT REF_L3.dml,,,,N41(100)+N71(15),NR SA,440,-98.660000,-0.300000,,,,,,,,,,,0.000,,1.728,,,,
1567,1,,,-73.9599883,40.8174283,2026-01-24 21:50:55.000,_20260124_162539_CH01_REF_TMO-AUTO_HTTP SS UL_NJ DUT REF_L3.dml,,,,N41(100)+N71(15),NR SA,440,-99.020000,-0.310000,,,,,,,,,,,0.000,,1.672,,,,
1568,1,,,-73.9599883,40.8174283,2026-01-24 21:50:56.000,_20260124_162539_CH01_REF_TMO-AUTO_HTTP SS UL_NJ DUT REF_L3.dml,,,,N41(100)+N71(15),NR SA,440,-98.870000,-0.260000,,,,,,,,,,,,,1.656,,,,
1569,1,,,-73.9599883,40.8174283,2026-01-24 21:50:57.000,_20260124_162539_CH01_REF_TMO-AUTO_HTTP SS UL_NJ DUT REF_L3.dml,,,,N41(100)+N71(15),NR SA,440,-99.180000,-0.710000,,,,,,,,,,,0.000,,1.264,,,,
1570,1,,,-73.9599883,40.8174283,2026-01-24 21:50:58.000,_20260124_162539_CH01_REF_TMO-AUTO_HTTP SS UL_NJ DUT REF_L3.dml,,,,N41(100)+N71(15),NR SA,440,-98.720000,0.000000,,,,,,,,,,,0.000,,1.488,,,,
1571,1,,,-73.9599883,40.8174283,2026-01-24 21:50:59.000,_20260124_162539_CH01_REF_TMO-AUTO_HTTP SS UL_NJ DUT REF_L3.dml,,,,N41(100)+N71(15),NR SA,440,-98.840000,-0.490000,,,,,,,,,,,0.000,,1.384,,,,
1572,1,,,-73.9599883,40.8174283,2026-01-24 21:51:00.000,_20260124_162539_CH01_REF_TMO-AUTO_HTTP SS UL_NJ DUT REF_L3.dml,,,,N41(100)+N71(15),NR SA,440,-99.470000,-1.600000,,,,,,,,,,,0.000,,1.376,,,,
1573,1,,,-73.9599883,40.8174283,2026-01-24 21:51:01.000,_20260124_162539_CH01_REF_TMO-AUTO_HTTP SS UL_NJ DUT REF_L3.dml,,,,N41(100)+N71(15),NR SA,440,-99.900000,-1.560000,,,,,,,,,,,0.000,,1.232,,,,
1574,1,,,-73.9599883,40.8174283,2026-01-24 21:51:02.000,_20260124_162539_CH01_REF_TMO-AUTO_HTTP SS UL_NJ DUT REF_L3.dml,,,,N41(100)+N71(15),NR SA,440,-99.200000,-0.870000,,,,,,,,,,,0.000,,1.384,,,,
1575,1,,,-73.9599883,40.8174283,2026-01-24 21:51:03.000,_20260124_162539_CH01_REF_TMO-AUTO_HTTP SS UL_NJ DUT REF_L3.dml,,,,N41(100)+N71(15),NR SA,440,-98.930000,-1.440000,,,,,,,,,,,0.000,,1.464,,,,
1576,1,,,-73.9599883,40.8174283,2026-01-24 21:51:04.000,_20260124_162539_CH01_REF_TMO-AUTO_HTTP SS UL_NJ DUT REF_L3.dml,,,,N41(100)+N71(15),NR SA,440,-98.930000,-0.820000,,,,,,,,,,,6.298,,1.616,,,,
1577,1,,,-73.9599883,40.8174283,2026-01-24 21:51:05.000,_20260124_162539_CH01_REF_TMO-AUTO_HTTP SS UL_NJ DUT REF_L3.dml,,,,N41(100)+N71(15),NR SA,440,-99.470000,-1.500000,,,,,,,,,,,,,,,,,
1578,1,,,-73.9599883,40.8174283,2026-01-24 21:51:06.000,_20260124_162539_CH01_REF_TMO-AUTO_HTTP SS UL_NJ DUT REF_L3.dml,,,,N41(100)+N71(15),NR SA,440,-98.620000,-0.190000,,,,,,,,,,,0.000,,1.328,,,,
1579,1,,,-73.9599883,40.8174283,2026-01-24 21:51:07.000,_20260124_162539_CH01_REF_TMO-AUTO_HTTP SS UL_NJ DUT REF_L3.dml,,,,N41(100)+N71(15),NR SA,440,-98.800000,-1.700000,,,,,,,,,,,,,1.524,,,,
1580,1,,,-73.9599883,40.8174283,2026-01-24 21:51:08.000,_20260124_162539_CH01_REF_TMO-AUTO_HTTP SS UL_NJ DUT REF_L3.dml,,,,N41(100)+N71(15),NR SA,440,-99.240000,-2.110000,,,,,,,,,,,0.000,,1.464,,,,
1581,1,,,-73.9599883,40.8174283,2026-01-24 21:51:09.000,_20260124_162539_CH01_REF_TMO-AUTO_HTTP SS UL_NJ DUT REF_L3.dml,,,,N41(100)+N71(15),NR SA,440,-98.840000,-1.620000,,,,,,,,,,,0.000,,1.400,,,,
1582,1,,,-73.9599883,40.8174283,2026-01-24 21:51:10.000,_20260124_162539_CH01_REF_TMO-AUTO_HTTP SS UL_NJ DUT REF_L3.dml,,,,N41(100)+N71(15),NR SA,440,-98.880000,-2.360000,,,,,,,,,,,0.000,,1.632,,,,
1583,1,,,-73.9599883,40.8174283,2026-01-24 21:51:11.000,_20260124_162539_CH01_REF_TMO-AUTO_HTTP SS UL_NJ DUT REF_L3.dml,,,,N41(100)+N71(15),NR SA,440,-100.800000,-3.520000,,,,,,,,,,,0.000,,1.472,,,,
1584,1,,,-73.9599883,40.8174283,2026-01-24 21:51:12.000,_20260124_162539_CH01_REF_TMO-AUTO_HTTP SS UL_NJ DUT REF_L3.dml,,,,N41(100)+N71(15),NR SA,440,-99.800000,-3.330000,,,,,,,,,,,0.000,,1.144,,,,
1585,1,,,-73.9599883,40.8174283,2026-01-24 21:51:13.000,_20260124_162539_CH01_REF_TMO-AUTO_HTTP SS UL_NJ DUT REF_L3.dml,,,,N41(100)+N71(15),NR SA,440,-101.210000,-2.530000,,,,,,,,,,,0.000,,1.256,,,,
1586,1,,,-73.9599883,40.8174283,2026-01-24 21:51:14.000,_20260124_162539_CH01_REF_TMO-AUTO_HTTP SS UL_NJ DUT REF_L3.dml,,,,N41(100)+N71(15),NR SA,378,-98.640000,-0.570000,,,,,,,,,,,6.291,,,,,,
1587,1,,,-73.9599883,40.8174283,2026-01-24 21:51:15.000,_20260124_162539_CH01_REF_TMO-AUTO_HTTP SS UL_NJ DUT REF_L3.dml,,,,N41(100)+N71(15),NR SA,378,-97.290000,0.760000,,,,,,,,,,,0.000,,5.176,,,,
1588,1,,,-73.9599883,40.8174283,2026-01-24 21:51:16.000,_20260124_162539_CH01_REF_TMO-AUTO_HTTP SS UL_NJ DUT REF_L3.dml,,,,N41(100)+N71(15),NR SA,378,-97.050000,0.490000,,,,,,,,,,,0.000,,2.080,,,,
1589,1,,,-73.9599883,40.8174283,2026-01-24 21:51:17.000,_20260124_162539_CH01_REF_TMO-AUTO_HTTP SS UL_NJ DUT REF_L3.dml,,,,N41(100)+N71(15),NR SA,378,-97.000000,0.530000,,,,,,,,,,,0.000,,2.160,,,,
1590,1,,,-73.9599883,40.8174283,2026-01-24 21:51:18.000,_20260124_162539_CH01_REF_TMO-AUTO_HTTP SS UL_NJ DUT REF_L3.dml,,,,N41(100)+N71(15),NR SA,378,-96.840000,0.540000,,,,,,,,,,,0.000,,2.520,,,,
1591,1,,,-73.9599883,40.8174283,2026-01-24 21:51:19.000,_20260124_162539_CH01_REF_TMO-AUTO_HTTP SS UL_NJ DUT REF_L3.dml,,,,N41(100)+N71(15),NR SA,378,-97.090000,0.380000,,,,,,,,,,,5.243,,2.264,,,,
1592,1,,,-73.9599883,40.8174283,2026-01-24 21:51:20.000,_20260124_162539_CH01_REF_TMO-AUTO_HTTP SS UL_NJ DUT REF_L3.dml,,,,N41(100)+N71(15),NR SA,378,-96.840000,0.930000,,,,,,,,,,,0.000,,1.880,,,,
1593,1,,,-73.9599883,40.8174283,2026-01-24 21:51:21.000,_20260124_162539_CH01_REF_TMO-AUTO_HTTP SS UL_NJ DUT REF_L3.dml,,,,N41(100)+N71(15),NR SA,378,-96.850000,1.270000,,,,,,,,,,,0.000,,2.136,,,,
1594,1,,,-73.9599883,40.8174283,2026-01-24 21:51:22.000,_20260124_162539_CH01_REF_TMO-AUTO_HTTP SS UL_NJ DUT REF_L3.dml,,,,N41(100)+N71(15),NR SA,378,-96.720000,1.400000,,,,,,,,,,,0.000,,2.440,,,,
1595,1,,,-73.9599883,40.8174283,2026-01-24 21:51:23.000,_20260124_162539_CH01_REF_TMO-AUTO_HTTP SS UL_NJ DUT REF_L3.dml,,,,N41(100)+N71(15),NR SA,378,-96.420000,1.640000,,,,,,,,,,,5.243,,2.336,,,,
1596,1,,,-73.9599883,40.8174283,2026-01-24 21:51:24.000,_20260124_162539_CH01_REF_TMO-AUTO_HTTP SS UL_NJ DUT REF_L3.dml,,,,N41(100)+N71(15),NR SA,378,-97.040000,1.120000,,,,,,,,,,,0.000,,2.320,,,,
1597,1,,,-73.9599883,40.8174283,2026-01-24 21:51:25.000,_20260124_162539_CH01_REF_TMO-AUTO_HTTP SS UL_NJ DUT REF_L3.dml,,,,N41(100)+N71(15),NR SA,378,-97.400000,0.880000,,,,,,,,,,,0.000,,1.672,,,,
1598,1,,,-73.9599883,40.8174283,2026-01-24 21:51:26.000,_20260124_162539_CH01_REF_TMO-AUTO_HTTP SS UL_NJ DUT REF_L3.dml,,,,N41(100)+N71(15),NR SA,378,-96.680000,1.180000,,,,,,,,,,,0.000,,1.800,,,,
1599,1,,,-73.9599883,40.8174283,2026-01-24 21:51:27.000,_20260124_162539_CH01_REF_TMO-AUTO_HTTP SS UL_NJ DUT REF_L3.dml,,,,N41(100)+N71(15),NR SA,378,-99.680000,-1.000000,,,,,,,,,,,0.000,,1.976,,,,
1600,1,,,-73.9599883,40.8174283,2026-01-24 21:51:28.000,_20260124_162539_CH01_REF_TMO-AUTO_HTTP SS UL_NJ DUT REF_L3.dml,,,,N41(100)+N71(15),NR SA,378,-96.890000,1.570000,,,,,,,,,,,6.291,,3.008,,,,
1601,1,,,-73.9599883,40.8174283,2026-01-24 21:51:29.000,_20260124_162539_CH01_REF_TMO-AUTO_HTTP SS UL_NJ DUT REF_L3.dml,,,,N41(100)+N71(15),NR SA,378,-96.720000,1.380000,,,,,,,,,,,0.000,,2.800,,,,
1602,1,,,-73.9599883,40.8174283,2026-01-24 21:51:30.000,_20260124_162539_CH01_REF_TMO-AUTO_HTTP SS UL_NJ DUT REF_L3.dml,,,,N41(100)+N71(15),NR SA,378,-96.760000,1.090000,,,,,,,,,,,0.000,,2.672,,,,
1603,1,,,-73.9599883,40.8174283,2026-01-24 21:51:31.000,_20260124_162539_CH01_REF_TMO-AUTO_HTTP SS UL_NJ DUT REF_L3.dml,,,,N41(100)+N71(15),NR SA,378,-96.280000,0.940000,,,,,,,,,,,5.243,,2.560,,,,
1604,1,,,-73.9599883,40.8174283,2026-01-24 21:51:32.000,_20260124_162539_CH01_REF_TMO-AUTO_HTTP SS UL_NJ DUT REF_L3.dml,,,,N41(100)+N71(15),NR SA,378,-96.240000,2.130000,,,,,,,,,,,0.000,,2.184,,,,
1605,1,,,-73.9599883,40.8174283,2026-01-24 21:51:33.000,_20260124_162539_CH01_REF_TMO-AUTO_HTTP SS UL_NJ DUT REF_L3.dml,,,,N41(100)+N71(15),NR SA,378,-96.940000,1.640000,,,,,,,,,,,0.000,,2.344,,,,
1606,1,,,-73.9599883,40.8174283,2026-01-24 21:51:34.000,_20260124_162539_CH01_REF_TMO-AUTO_HTTP SS UL_NJ DUT REF_L3.dml,,,,N41(100)+N71(15),NR SA,378,-96.310000,1.440000,,,,,,,,,,,0.000,,2.520,,,,
1607,1,,,-73.9599883,40.8174283,2026-01-24 21:51:35.000,_20260124_162539_CH01_REF_TMO-AUTO_HTTP SS UL_NJ DUT REF_L3.dml,,,,N41(100)+N71(15),NR SA,378,-95.720000,2.020000,,,,,,,,,,,6.291,,1.784,,,,
1608,1,,,-73.9599883,40.8174283,2026-01-24 21:51:36.000,_20260124_162539_CH01_REF_TMO-AUTO_HTTP SS UL_NJ DUT REF_L3.dml,,,,N41(100)+N71(15),NR SA,378,-95.710000,1.840000,,,,,,,,,,,0.000,,2.096,,,,
1609,1,,,-73.9599883,40.8174283,2026-01-24 21:51:37.000,_20260124_162539_CH01_REF_TMO-AUTO_HTTP SS UL_NJ DUT REF_L3.dml,,,,N41(100)+N71(15),NR SA,378,-96.700000,0.060000,,,,,,,,,,,0.000,,2.192,,,,
1610,1,,,-73.9599883,40.8174283,2026-01-24 21:51:38.000,_20260124_162539_CH01_REF_TMO-AUTO_HTTP SS UL_NJ DUT REF_L3.dml,,,,N41(100)+N71(15),NR SA,378,-96.260000,0.660000,,,,,,,,,,,0.000,,2.416,,,,
1611,1,,,-73.9599883,40.8174283,2026-01-24 21:51:39.000,_20260124_162539_CH01_REF_TMO-AUTO_HTTP SS UL_NJ DUT REF_L3.dml,,,,N41(100)+N71(15),NR SA,378,-96.020000,1.020000,,,,,,,,,,,0.000,,2.544,,,,
1612,1,,,-73.9599883,40.8174283,2026-01-24 21:51:40.000,_20260124_162539_CH01_REF_TMO-AUTO_HTTP SS UL_NJ DUT REF_L3.dml,,,,N41(100)+N71(15),NR SA,378,-96.140000,0.800000,,,,,,,,,,,6.291,,3.712,,,,
1613,1,,,-73.9599883,40.8174283,2026-01-24 21:51:41.000,_20260124_162539_CH01_REF_TMO-AUTO_HTTP SS UL_NJ DUT REF_L3.dml,,,,N41(100)+N71(15),NR SA,378,-96.560000,0.320000,,,,,,,,,,,0.000,,2.448,,,,
1614,1,,,-73.9599883,40.8174283,2026-01-24 21:51:42.000,_20260124_162539_CH01_REF_TMO-AUTO_HTTP SS UL_NJ DUT REF_L3.dml,,,,N41(100)+N71(15),NR SA,378,-96.980000,-0.220000,,,,,,,,,,,0.000,,2.752,,,,
1615,1,,,-73.9599883,40.8174283,2026-01-24 21:51:43.000,_20260124_162539_CH01_REF_TMO-AUTO_HTTP SS UL_NJ DUT REF_L3.dml,,,,N41(100)+N71(15),NR SA,378,-96.710000,0.150000,,,,,,,,,,,0.000,,3.160,,,,
1616,1,,,-73.9599883,40.8174283,2026-01-24 21:51:43.025,_20260124_162539_CH01_REF_TMO-AUTO_HTTP SS UL_NJ DUT REF_L3.dml,,,,,,,,,,,,,,,Upload Ended,,,,,,,,,,
1617,1,,,-73.9599883,40.8174283,2026-01-24 21:51:44.000,_20260124_162539_CH01_REF_TMO-AUTO_HTTP SS UL_NJ DUT REF_L3.dml,,,,N41(100)+N71(15),NR SA,378,-95.180000,1.640000,,,,,,,,,,,23.053,,2.280,,,,
1618,1,,,-73.9599883,40.8174283,2026-01-24 21:51:45.000,_20260124_162539_CH01_REF_TMO-AUTO_HTTP SS UL_NJ DUT REF_L3.dml,,,,N41(100)+N71(15),,378,-95.560000,1.800000,,,,,,,,,,,,,2.544,,,,
1619,1,,,-73.9599883,40.8174283,2026-01-24 21:51:46.000,_20260124_162539_CH01_REF_TMO-AUTO_HTTP SS UL_NJ DUT REF_L3.dml,,,,N41(100)+N71(15),,378,-95.280000,2.280000,,,,,,,,,,,,,2.424,,,,
1620,1,,,-73.9599883,40.8174283,2026-01-24 21:51:47.000,_20260124_162539_CH01_REF_TMO-AUTO_HTTP SS UL_NJ DUT REF_L3.dml,,,,N41(100)+N71(15),,378,-95.530000,1.130000,,,,,,,,,,,,,3.344,,,,
1621,1,,,-73.9599883,40.8174283,2026-01-24 21:51:48.000,_20260124_162539_CH01_REF_TMO-AUTO_HTTP SS UL_NJ DUT REF_L3.dml,,,,N41(100)+N71(15),,378,-94.960000,2.160000,,,,,,,,,,,,,2.216,,,,
1622,1,,,-73.9599883,40.8174283,2026-01-24 21:51:48.400,_20260124_162539_CH01_REF_TMO-AUTO_HTTP SS UL_NJ DUT REF_L3.dml,,,,,,,,,,,,,,,Upload Start Request,,,,,,,,,,
1623,1,,,-73.9599883,40.8174283,2026-01-24 21:51:48.635,_20260124_162539_CH01_REF_TMO-AUTO_HTTP SS UL_NJ DUT REF_L3.dml,,,,,,,,,,,,,,,Upload Started,,,,,,,,,,
1624,1,,,-73.9599883,40.8174283,2026-01-24 21:51:49.000,_20260124_162539_CH01_REF_TMO-AUTO_HTTP SS UL_NJ DUT REF_L3.dml,,,,N41(100)+N71(15),NR SA,378,-95.480000,1.140000,,,,,,,,,,,,,2.512,,,,
1625,1,,,-73.9599883,40.8174283,2026-01-24 21:51:50.000,_20260124_162539_CH01_REF_TMO-AUTO_HTTP SS UL_NJ DUT REF_L3.dml,,,,N41(100)+N71(15),NR SA,378,-96.000000,0.780000,,,,,,,,,,,,,2.480,,,,
1626,1,,,-73.9599883,40.8174283,2026-01-24 21:51:51.000,_20260124_162539_CH01_REF_TMO-AUTO_HTTP SS UL_NJ DUT REF_L3.dml,,,,N41(100)+N71(15),NR SA,378,-96.780000,1.020000,,,,,,,,,,,15.729,,2.160,,,,
1627,1,,,-73.9599883,40.8174283,2026-01-24 21:51:52.000,_20260124_162539_CH01_REF_TMO-AUTO_HTTP SS UL_NJ DUT REF_L3.dml,,,,N41(100)+N71(15),NR SA,378,-96.800000,0.360000,,,,,,,,,,,0.000,,2.184,,,,
1628,1,,,-73.9599883,40.8174283,2026-01-24 21:51:53.000,_20260124_162539_CH01_REF_TMO-AUTO_HTTP SS UL_NJ DUT REF_L3.dml,,,,N41(100)+N71(15),NR SA,378,-96.050000,1.400000,,,,,,,,,,,0.000,,2.296,,,,
1629,1,,,-73.9599883,40.8174283,2026-01-24 21:51:54.000,_20260124_162539_CH01_REF_TMO-AUTO_HTTP SS UL_NJ DUT REF_L3.dml,,,,N41(100)+N71(15),NR SA,378,-96.070000,0.780000,,,,,,,,,,,0.000,,2.424,,,,
1630,1,,,-73.9599883,40.8174283,2026-01-24 21:51:55.000,_20260124_162539_CH01_REF_TMO-AUTO_HTTP SS UL_NJ DUT REF_L3.dml,,,,N41(100)+N71(15),NR SA,378,-96.530000,1.530000,,,,,,,,,,,0.000,,2.272,,,,
1631,1,,,-73.9599883,40.8174283,2026-01-24 21:51:56.000,_20260124_162539_CH01_REF_TMO-AUTO_HTTP SS UL_NJ DUT REF_L3.dml,,,,N41(100)+N71(15),NR SA,378,-96.260000,1.820000,,,,,,,,,,,0.000,,2.088,,,,
1632,1,,,-73.9599883,40.8174283,2026-01-24 21:51:57.000,_20260124_162539_CH01_REF_TMO-AUTO_HTTP SS UL_NJ DUT REF_L3.dml,,,,N41(100)+N71(15),NR SA,378,-95.880000,1.120000,,,,,,,,,,,0.000,,2.192,,,,
1633,1,,,-73.9599883,40.8174283,2026-01-24 21:51:58.000,_20260124_162539_CH01_REF_TMO-AUTO_HTTP SS UL_NJ DUT REF_L3.dml,,,,N41(100)+N71(15),NR SA,378,-95.980000,3.420000,,,,,,,,,,,0.000,,2.720,,,,
1634,1,,,-73.9599883,40.8174283,2026-01-24 21:51:59.000,_20260124_162539_CH01_REF_TMO-AUTO_HTTP SS UL_NJ DUT REF_L3.dml,,,,N41(100)+N71(15),NR SA,378,-95.760000,3.240000,,,,,,,,,,,0.000,,2.640,,,,
1635,1,,,-73.9599883,40.8174283,2026-01-24 21:52:00.000,_20260124_162539_CH01_REF_TMO-AUTO_HTTP SS UL_NJ DUT REF_L3.dml,,,,N41(100)+N71(15),NR SA,378,-95.780000,3.200000,,,,,,,,,,,6.291,,1.648,,,,
1636,1,,,-73.9599883,40.8174283,2026-01-24 21:52:01.000,_20260124_162539_CH01_REF_TMO-AUTO_HTTP SS UL_NJ DUT REF_L3.dml,,,,N41(100)+N71(15),NR SA,378,-96.440000,1.700000,,,,,,,,,,,0.000,,1.768,,,,
1637,1,,,-73.9599883,40.8174283,2026-01-24 21:52:02.000,_20260124_162539_CH01_REF_TMO-AUTO_HTTP SS UL_NJ DUT REF_L3.dml,,,,N41(100)+N71(15),NR SA,378,-96.260000,1.420000,,,,,,,,,,,0.000,,2.576,,,,
1638,1,,,-73.9599883,40.8174283,2026-01-24 21:52:03.000,_20260124_162539_CH01_REF_TMO-AUTO_HTTP SS UL_NJ DUT REF_L3.dml,,,,N41(100)+N71(15),NR SA,378,-95.120000,3.680000,,,,,,,,,,,0.000,,1.768,,,,
1639,1,,,-73.9599883,40.8174283,2026-01-24 21:52:04.000,_20260124_162539_CH01_REF_TMO-AUTO_HTTP SS UL_NJ DUT REF_L3.dml,,,,N41(100)+N71(15),NR SA,378,-95.280000,4.340000,,,,,,,,,,,0.000,,2.232,,,,
1640,1,,,-73.9599883,40.8174283,2026-01-24 21:52:05.000,_20260124_162539_CH01_REF_TMO-AUTO_HTTP SS UL_NJ DUT REF_L3.dml,,,,N41(100)+N71(15),NR SA,378,-95.900000,3.360000,,,,,,,,,,,5.243,,1.920,,,,
1641,1,,,-73.9599883,40.8174283,2026-01-24 21:52:06.000,_20260124_162539_CH01_REF_TMO-AUTO_HTTP SS UL_NJ DUT REF_L3.dml,,,,N41(100)+N71(15),NR SA,378,-97.420000,1.600000,,,,,,,,,,,0.000,,1.776,,,,
1642,1,,,-73.9599883,40.8174283,2026-01-24 21:52:07.000,_20260124_162539_CH01_REF_TMO-AUTO_HTTP SS UL_NJ DUT REF_L3.dml,,,,N41(100)+N71(15),NR SA,378,-96.530000,2.180000,,,,,,,,,,,0.000,,1.800,,,,
1643,1,,,-73.9599883,40.8174283,2026-01-24 21:52:08.000,_20260124_162539_CH01_REF_TMO-AUTO_HTTP SS UL_NJ DUT REF_L3.dml,,,,N41(100)+N71(15),NR SA,378,-94.780000,2.420000,,,,,,,,,,,0.000,,1.856,,,,
1644,1,,,-73.9599883,40.8174283,2026-01-24 21:52:09.000,_20260124_162539_CH01_REF_TMO-AUTO_HTTP SS UL_NJ DUT REF_L3.dml,,,,N41(100)+N71(15),NR SA,378,-94.660000,2.920000,,,,,,,,,,,0.000,,2.144,,,,
1645,1,,,-73.9599883,40.8174283,2026-01-24 21:52:10.000,_20260124_162539_CH01_REF_TMO-AUTO_HTTP SS UL_NJ DUT REF_L3.dml,,,,N41(100)+N71(15),NR SA,378,-94.590000,4.000000,,,,,,,,,,,0.000,,,,,,
1646,1,,,-73.9599883,40.8174283,2026-01-24 21:52:11.000,_20260124_162539_CH01_REF_TMO-AUTO_HTTP SS UL_NJ DUT REF_L3.dml,,,,N41(100)+N71(15),NR SA,378,-95.160000,3.110000,,,,,,,,,,,6.285,,1.984,,,,
1647,1,,,-73.9599883,40.8174283,2026-01-24 21:52:12.000,_20260124_162539_CH01_REF_TMO-AUTO_HTTP SS UL_NJ DUT REF_L3.dml,,,,N41(100)+N71(15),NR SA,378,-95.650000,2.370000,,,,,,,,,,,,,1.740,,,,
1648,1,,,-73.9599883,40.8174283,2026-01-24 21:52:13.000,_20260124_162539_CH01_REF_TMO-AUTO_HTTP SS UL_NJ DUT REF_L3.dml,,,,N41(100)+N71(15),NR SA,378,-96.020000,2.020000,,,,,,,,,,,,,1.592,,,,
1649,1,,,-73.9599883,40.8174283,2026-01-24 21:52:14.000,_20260124_162539_CH01_REF_TMO-AUTO_HTTP SS UL_NJ DUT REF_L3.dml,,,,N41(100)+N71(15),NR SA,378,-96.840000,1.470000,,,,,,,,,,,0.000,,2.064,,,,
1650,1,,,-73.9599883,40.8174283,2026-01-24 21:52:15.000,_20260124_162539_CH01_REF_TMO-AUTO_HTTP SS UL_NJ DUT REF_L3.dml,,,,N41(100)+N71(15),NR SA,378,-96.880000,0.540000,,,,,,,,,,,5.243,,1.808,,,,
1651,1,,,-73.9599883,40.8174283,2026-01-24 21:52:16.000,_20260124_162539_CH01_REF_TMO-AUTO_HTTP SS UL_NJ DUT REF_L3.dml,,,,N41(100)+N71(15),NR SA,378,-96.420000,1.920000,,,,,,,,,,,0.000,,1.872,,,,
1652,1,,,-73.9599883,40.8174283,2026-01-24 21:52:17.000,_20260124_162539_CH01_REF_TMO-AUTO_HTTP SS UL_NJ DUT REF_L3.dml,,,,N41(100)+N71(15),NR SA,378,-96.560000,3.300000,,,,,,,,,,,0.000,,2.136,,,,
1653,1,,,-73.9599883,40.8174283,2026-01-24 21:52:18.000,_20260124_162539_CH01_REF_TMO-AUTO_HTTP SS UL_NJ DUT REF_L3.dml,,,,N41(100)+N71(15),NR SA,378,-96.140000,2.340000,,,,,,,,,,,0.000,,2.152,,,,
1654,1,,,-73.9599883,40.8174283,2026-01-24 21:52:19.000,_20260124_162539_CH01_REF_TMO-AUTO_HTTP SS UL_NJ DUT REF_L3.dml,,,,N41(100)+N71(15),NR SA,378,-95.820000,2.780000,,,,,,,,,,,6.291,,2.200,,,,
1655,1,,,-73.9599883,40.8174283,2026-01-24 21:52:20.000,_20260124_162539_CH01_REF_TMO-AUTO_HTTP SS UL_NJ DUT REF_L3.dml,,,,N41(100)+N71(15),NR SA,378,-95.960000,2.480000,,,,,,,,,,,0.000,,2.152,,,,
1656,1,,,-73.9599883,40.8174283,2026-01-24 21:52:21.000,_20260124_162539_CH01_REF_TMO-AUTO_HTTP SS UL_NJ DUT REF_L3.dml,,,,N41(100)+N71(15),NR SA,378,-96.920000,0.720000,,,,,,,,,,,0.000,,2.688,,,,
1657,1,,,-73.9599883,40.8174283,2026-01-24 21:52:22.000,_20260124_162539_CH01_REF_TMO-AUTO_HTTP SS UL_NJ DUT REF_L3.dml,,,,N41(100)+N71(15),NR SA,378,-97.080000,0.280000,,,,,,,,,,,,,2.088,,,,
1658,1,,,-73.9599883,40.8174283,2026-01-24 21:52:23.000,_20260124_162539_CH01_REF_TMO-AUTO_HTTP SS UL_NJ DUT REF_L3.dml,,,,N41(100)+N71(15),NR SA,378,-96.300000,1.320000,,,,,,,,,,,5.243,,2.048,,,,
1659,1,,,-73.9599883,40.8174283,2026-01-24 21:52:24.000,_20260124_162539_CH01_REF_TMO-AUTO_HTTP SS UL_NJ DUT REF_L3.dml,,,,N41(100)+N71(15),NR SA,378,-97.690000,1.090000,,,,,,,,,,,0.000,,2.024,,,,
1660,1,,,-73.9599883,40.8174283,2026-01-24 21:52:25.000,_20260124_162539_CH01_REF_TMO-AUTO_HTTP SS UL_NJ DUT REF_L3.dml,,,,N41(100)+N71(15),NR SA,378,-97.580000,0.560000,,,,,,,,,,,0.000,,1.896,,,,
1661,1,,,-73.9599883,40.8174283,2026-01-24 21:52:26.000,_20260124_162539_CH01_REF_TMO-AUTO_HTTP SS UL_NJ DUT REF_L3.dml,,,,N41(100)+N71(15),NR SA,378,-97.720000,0.900000,,,,,,,,,,,0.000,,2.304,,,,
1662,1,,,-73.9599883,40.8174283,2026-01-24 21:52:27.000,_20260124_162539_CH01_REF_TMO-AUTO_HTTP SS UL_NJ DUT REF_L3.dml,,,,N41(100)+N71(15),NR SA,378,-96.490000,1.840000,,,,,,,,,,,6.298,,2.592,,,,
1663,1,,,-73.9599883,40.8174283,2026-01-24 21:52:28.000,_20260124_162539_CH01_REF_TMO-AUTO_HTTP SS UL_NJ DUT REF_L3.dml,,,,N41(100)+N71(15),NR SA,378,-95.560000,2.400000,,,,,,,,,,,0.000,,1.912,,,,
1664,1,,,-73.9599883,40.8174283,2026-01-24 21:52:29.000,_20260124_162539_CH01_REF_TMO-AUTO_HTTP SS UL_NJ DUT REF_L3.dml,,,,N41(100)+N71(15),NR SA,378,-93.860000,4.080000,,,,,,,,,,,0.000,,1.744,,,,
1665,1,,,-73.9599883,40.8174283,2026-01-24 21:52:30.000,_20260124_162539_CH01_REF_TMO-AUTO_HTTP SS UL_NJ DUT REF_L3.dml,,,,N41(100)+N71(15),NR SA,378,-95.220000,2.580000,,,,,,,,,,,0.000,,2.184,,,,
1666,1,,,-73.9599883,40.8174283,2026-01-24 21:52:31.000,_20260124_162539_CH01_REF_TMO-AUTO_HTTP SS UL_NJ DUT REF_L3.dml,,,,N41(100)+N71(15),NR SA,378,-96.160000,1.450000,,,,,,,,,,,5.243,,2.496,,,,
1667,1,,,-73.9599883,40.8174283,2026-01-24 21:52:32.000,_20260124_162539_CH01_REF_TMO-AUTO_HTTP SS UL_NJ DUT REF_L3.dml,,,,N41(100)+N71(15),NR SA,378,-95.900000,1.640000,,,,,,,,,,,0.000,,2.264,,,,
1668,1,,,-73.9599883,40.8174283,2026-01-24 21:52:33.000,_20260124_162539_CH01_REF_TMO-AUTO_HTTP SS UL_NJ DUT REF_L3.dml,,,,N41(100)+N71(15),NR SA,378,-93.980000,3.960000,,,,,,,,,,,0.000,,2.160,,,,
1669,1,,,-73.9599883,40.8174283,2026-01-24 21:52:34.000,_20260124_162539_CH01_REF_TMO-AUTO_HTTP SS UL_NJ DUT REF_L3.dml,,,,N41(100)+N71(15),NR SA,378,-94.910000,2.960000,,,,,,,,,,,0.000,,2.232,,,,
1670,1,,,-73.9599883,40.8174283,2026-01-24 21:52:35.000,_20260124_162539_CH01_REF_TMO-AUTO_HTTP SS UL_NJ DUT REF_L3.dml,,,,N41(100)+N71(15),NR SA,378,-96.100000,1.080000,,,,,,,,,,,0.000,,2.320,,,,
1671,1,,,-73.9599883,40.8174283,2026-01-24 21:52:36.000,_20260124_162539_CH01_REF_TMO-AUTO_HTTP SS UL_NJ DUT REF_L3.dml,,,,N41(100)+N71(15),NR SA,378,-96.960000,0.240000,,,,,,,,,,,6.291,,2.704,,,,
1672,1,,,-73.9599883,40.8174283,2026-01-24 21:52:37.000,_20260124_162539_CH01_REF_TMO-AUTO_HTTP SS UL_NJ DUT REF_L3.dml,,,,N41(100)+N71(15),NR SA,378,-96.740000,0.120000,,,,,,,,,,,0.000,,2.344,,,,
1673,1,,,-73.9599883,40.8174283,2026-01-24 21:52:38.000,_20260124_162539_CH01_REF_TMO-AUTO_HTTP SS UL_NJ DUT REF_L3.dml,,,,N41(100)+N71(15),NR SA,378,-98.660000,-0.800000,,,,,,,,,,,0.000,,2.120,,,,
1674,1,,,-73.9599883,40.8174283,2026-01-24 21:52:39.000,_20260124_162539_CH01_REF_TMO-AUTO_HTTP SS UL_NJ DUT REF_L3.dml,,,,N41(100)+N71(15),NR SA,378,-96.980000,0.820000,,,,,,,,,,,0.000,,2.168,,,,
1675,1,,,-73.9599883,40.8174283,2026-01-24 21:52:40.000,_20260124_162539_CH01_REF_TMO-AUTO_HTTP SS UL_NJ DUT REF_L3.dml,,,,N41(100)+N71(15),NR SA,378,-96.340000,2.280000,,,,,,,,,,,5.243,,1.952,,,,
1676,1,,,-73.9599883,40.8174283,2026-01-24 21:52:41.000,_20260124_162539_CH01_REF_TMO-AUTO_HTTP SS UL_NJ DUT REF_L3.dml,,,,N41(100)+N71(15),NR SA,378,-95.600000,3.160000,,,,,,,,,,,0.000,,2.056,,,,
1677,1,,,-73.9599883,40.8174283,2026-01-24 21:52:42.000,_20260124_162539_CH01_REF_TMO-AUTO_HTTP SS UL_NJ DUT REF_L3.dml,,,,N41(100)+N71(15),NR SA,378,-96.320000,2.340000,,,,,,,,,,,0.000,,3.016,,,,
1678,1,,,-73.9599883,40.8174283,2026-01-24 21:52:43.000,_20260124_162539_CH01_REF_TMO-AUTO_HTTP SS UL_NJ DUT REF_L3.dml,,,,N41(100)+N71(15),NR SA,378,-96.200000,2.600000,,,,,,,,,,,0.000,,3.800,,,,
1679,1,,,-73.9599883,40.8174283,2026-01-24 21:52:44.000,_20260124_162539_CH01_REF_TMO-AUTO_HTTP SS UL_NJ DUT REF_L3.dml,,,,N41(100)+N71(15),NR SA,378,-96.600000,1.480000,,,,,,,,,,,0.000,,3.192,,,,
1680,1,,,-73.9599883,40.8174283,2026-01-24 21:52:45.000,_20260124_162539_CH01_REF_TMO-AUTO_HTTP SS UL_NJ DUT REF_L3.dml,,,,N41(100)+N71(15),NR SA,378,-96.220000,0.660000,,,,,,,,,,,6.291,,2.232,,,,
1681,1,,,-73.9599883,40.8174283,2026-01-24 21:52:46.000,_20260124_162539_CH01_REF_TMO-AUTO_HTTP SS UL_NJ DUT REF_L3.dml,,,,N41(100)+N71(15),NR SA,378,-96.160000,2.070000,,,,,,,,,,,0.000,,2.208,,,,
1682,1,,,-73.9599883,40.8174283,2026-01-24 21:52:47.000,_20260124_162539_CH01_REF_TMO-AUTO_HTTP SS UL_NJ DUT REF_L3.dml,,,,N41(100)+N71(15),NR SA,378,-97.960000,0.800000,,,,,,,,,,,0.000,,2.672,,,,
1683,1,,,-73.9599883,40.8174283,2026-01-24 21:52:48.000,_20260124_162539_CH01_REF_TMO-AUTO_HTTP SS UL_NJ DUT REF_L3.dml,,,,N41(100)+N71(15),NR SA,378,-97.820000,0.510000,,,,,,,,,,,5.243,,2.808,,,,
1684,1,,,-73.9599883,40.8174283,2026-01-24 21:52:49.000,_20260124_162539_CH01_REF_TMO-AUTO_HTTP SS UL_NJ DUT REF_L3.dml,,,,N41(100)+N71(15),NR SA,378,-96.860000,1.730000,,,,,,,,,,,0.000,,2.176,,,,
1685,1,,,-73.9599883,40.8174283,2026-01-24 21:52:50.000,_20260124_162539_CH01_REF_TMO-AUTO_HTTP SS UL_NJ DUT REF_L3.dml,,,,N41(100)+N71(15),NR SA,378,-96.880000,1.520000,,,,,,,,,,,0.000,,2.192,,,,
1686,1,,,-73.9599883,40.8174283,2026-01-24 21:52:51.000,_20260124_162539_CH01_REF_TMO-AUTO_HTTP SS UL_NJ DUT REF_L3.dml,,,,N41(100)+N71(15),NR SA,378,-97.280000,0.960000,,,,,,,,,,,0.000,,2.008,,,,
1687,1,,,-73.9599883,40.8174283,2026-01-24 21:52:52.000,_20260124_162539_CH01_REF_TMO-AUTO_HTTP SS UL_NJ DUT REF_L3.dml,,,,N41(100)+N71(15),NR SA,378,-96.820000,2.180000,,,,,,,,,,,6.291,,2.472,,,,
1688,1,,,-73.9599883,40.8174283,2026-01-24 21:52:53.000,_20260124_162539_CH01_REF_TMO-AUTO_HTTP SS UL_NJ DUT REF_L3.dml,,,,N41(100)+N71(15),NR SA,378,-96.040000,1.960000,,,,,,,,,,,0.000,,2.104,,,,
1689,1,,,-73.9599883,40.8174283,2026-01-24 21:52:54.000,_20260124_162539_CH01_REF_TMO-AUTO_HTTP SS UL_NJ DUT REF_L3.dml,,,,N41(100)+N71(15),NR SA,378,-95.180000,2.090000,,,,,,,,,,,0.000,,2.616,,,,
1690,1,,,-73.9599883,40.8174283,2026-01-24 21:52:55.000,_20260124_162539_CH01_REF_TMO-AUTO_HTTP SS UL_NJ DUT REF_L3.dml,,,,N41(100)+N71(15),NR SA,378,-95.890000,1.600000,,,,,,,,,,,0.000,,2.944,,,,
1691,1,,,-73.9599883,40.8174283,2026-01-24 21:52:56.000,_20260124_162539_CH01_REF_TMO-AUTO_HTTP SS UL_NJ DUT REF_L3.dml,,,,N41(100)+N71(15),NR SA,378,-96.180000,1.070000,,,,,,,,,,,5.243,,2.480,,,,
1692,1,,,-73.9599883,40.8174283,2026-01-24 21:52:57.000,_20260124_162539_CH01_REF_TMO-AUTO_HTTP SS UL_NJ DUT REF_L3.dml,,,,N41(100)+N71(15),NR SA,378,-96.430000,2.030000,,,,,,,,,,,0.000,,2.864,,,,
1693,1,,,-73.9599883,40.8174283,2026-01-24 21:52:58.000,_20260124_162539_CH01_REF_TMO-AUTO_HTTP SS UL_NJ DUT REF_L3.dml,,,,N41(100)+N71(15),NR SA,378,-97.510000,1.730000,,,,,,,,,,,0.000,,3.064,,,,
1694,1,,,-73.9599883,40.8174283,2026-01-24 21:52:59.000,_20260124_162539_CH01_REF_TMO-AUTO_HTTP SS UL_NJ DUT REF_L3.dml,,,,N41(100)+N71(15),NR SA,378,-96.760000,1.110000,,,,,,,,,,,0.000,,2.248,,,,
1695,1,,,-73.9599883,40.8174283,2026-01-24 21:53:00.000,_20260124_162539_CH01_REF_TMO-AUTO_HTTP SS UL_NJ DUT REF_L3.dml,,,,N41(100)+N71(15),NR SA,378,-96.280000,1.340000,,,,,,,,,,,0.000,,2.536,,,,
1696,1,,,-73.9599883,40.8174283,2026-01-24 21:53:01.000,_20260124_162539_CH01_REF_TMO-AUTO_HTTP SS UL_NJ DUT REF_L3.dml,,,,N41(100)+N71(15),NR SA,378,-95.800000,2.000000,,,,,,,,,,,7.340,,2.744,,,,
1697,1,,,-73.9599883,40.8174283,2026-01-24 21:53:02.000,_20260124_162539_CH01_REF_TMO-AUTO_HTTP SS UL_NJ DUT REF_L3.dml,,,,N41(100)+N71(15),NR SA,378,-96.330000,1.360000,,,,,,,,,,,0.000,,2.344,,,,
1698,1,,,-73.9599883,40.8174283,2026-01-24 21:53:03.000,_20260124_162539_CH01_REF_TMO-AUTO_HTTP SS UL_NJ DUT REF_L3.dml,,,,N41(100)+N71(15),NR SA,378,-97.180000,0.940000,,,,,,,,,,,0.000,,2.400,,,,
1699,1,,,-73.9599883,40.8174283,2026-01-24 21:53:04.000,_20260124_162539_CH01_REF_TMO-AUTO_HTTP SS UL_NJ DUT REF_L3.dml,,,,N41(100)+N71(15),NR SA,378,-96.210000,1.000000,,,,,,,,,,,6.285,,2.112,,,,
1700,1,,,-73.9599883,40.8174283,2026-01-24 21:53:05.000,_20260124_162539_CH01_REF_TMO-AUTO_HTTP SS UL_NJ DUT REF_L3.dml,,,,N41(100)+N71(15),NR SA,378,-94.880000,1.560000,,,,,,,,,,,0.000,,1.936,,,,
1701,1,,,-73.9599883,40.8174283,2026-01-24 21:53:06.000,_20260124_162539_CH01_REF_TMO-AUTO_HTTP SS UL_NJ DUT REF_L3.dml,,,,N41(100)+N71(15),NR SA,378,-95.270000,1.160000,,,,,,,,,,,,,1.792,,,,
1702,1,,,-73.9599883,40.8174283,2026-01-24 21:53:07.000,_20260124_162539_CH01_REF_TMO-AUTO_HTTP SS UL_NJ DUT REF_L3.dml,,,,N41(100)+N71(15),NR SA,378,-94.620000,1.080000,,,,,,,,,,,0.000,,2.624,,,,
1703,1,,,-73.9599883,40.8174283,2026-01-24 21:53:08.000,_20260124_162539_CH01_REF_TMO-AUTO_HTTP SS UL_NJ DUT REF_L3.dml,,,,N41(100)+N71(15),NR SA,378,-95.160000,1.400000,,,,,,,,,,,0.000,,2.800,,,,
1704,1,,,-73.9599883,40.8174283,2026-01-24 21:53:09.000,_20260124_162539_CH01_REF_TMO-AUTO_HTTP SS UL_NJ DUT REF_L3.dml,,,,N41(100)+N71(15),NR SA,378,-95.100000,1.300000,,,,,,,,,,,5.238,,2.312,,,,
1705,1,,,-73.9599883,40.8174283,2026-01-24 21:53:10.000,_20260124_162539_CH01_REF_TMO-AUTO_HTTP SS UL_NJ DUT REF_L3.dml,,,,N41(100)+N71(15),NR SA,378,-95.740000,0.700000,,,,,,,,,,,0.000,,2.120,,,,
1706,1,,,-73.9599883,40.8174283,2026-01-24 21:53:11.000,_20260124_162539_CH01_REF_TMO-AUTO_HTTP SS UL_NJ DUT REF_L3.dml,,,,N41(100)+N71(15),NR SA,378,-95.800000,0.360000,,,,,,,,,,,0.000,,3.352,,,,
1707,1,,,-73.9599883,40.8174283,2026-01-24 21:53:11.166,_20260124_162539_CH01_REF_TMO-AUTO_HTTP SS UL_NJ DUT REF_L3.dml,,,,,,,,,,,,,,,Upload Ended,,,,,,,,,,
1708,1,,,-73.9599883,40.8174283,2026-01-24 21:53:12.000,_20260124_162539_CH01_REF_TMO-AUTO_HTTP SS UL_NJ DUT REF_L3.dml,,,,N41(100)+N71(15),NR SA,378,-96.590000,0.320000,,,,,,,,,,,0.000,,2.840,,,,
1709,1,,,-73.9599883,40.8174283,2026-01-24 21:53:13.000,_20260124_162539_CH01_REF_TMO-AUTO_HTTP SS UL_NJ DUT REF_L3.dml,,,,N41(100)+N71(15),NR SA,378,-95.240000,0.140000,,,,,,,,,,,9.276,,2.336,,,,
1710,1,,,-73.9599883,40.8174283,2026-01-24 21:53:14.000,_20260124_162539_CH01_REF_TMO-AUTO_HTTP SS UL_NJ DUT REF_L3.dml,,,,N41(100)+N71(15),,378,-95.180000,0.510000,,,,,,,,,,,,,2.600,,,,
1711,1,,,-73.9599883,40.8174283,2026-01-24 21:53:15.000,_20260124_162539_CH01_REF_TMO-AUTO_HTTP SS UL_NJ DUT REF_L3.dml,,,,N41(100)+N71(15),,378,-94.730000,0.640000,,,,,,,,,,,,,2.696,,,,
1712,1,,,-73.9599883,40.8174283,2026-01-24 21:53:16.000,_20260124_162539_CH01_REF_TMO-AUTO_HTTP SS UL_NJ DUT REF_L3.dml,,,,N41(100)+N71(15),,378,-94.860000,1.200000,,,,,,,,,,,,,2.456,,,,
1713,1,,,-73.9599883,40.8174283,2026-01-24 21:53:17.000,_20260124_162539_CH01_REF_TMO-AUTO_HTTP SS UL_NJ DUT REF_L3.dml,,,,N41(100)+N71(15),,378,-95.180000,0.840000,,,,,,,,,,,,,2.352,,,,
