IDX,LID,CI_1,CI_2,Lon,Lat,Time,Measure,[LTE] [L1] [RF] PCI,[LTE] [L1] [RF] RSRP,[LTE] [L1] [RF] RS SINR,[General] Band Classification,[General] Serving Network (In Traffic),[NR5G] [RF] PCI,[NR5G] [RF] RSRP,[NR5G] [RF] SINR,[Call Test] [iPerf] [Throughput] DL Jitter,[Call Test] [iPerf] [Throughput] DL Error Ratio,[Call Test] [iPerf] [Call Average] [Jitter and Error] UL Jitter,[Call Test] [iPerf] [Call Average] [Jitter and Error] UL Error Ratio,[Event] [Data call test detail events] FTP Call Event,[Event] [Data call test detail events] HTTP Call Event,[Call Test] [HTTP Transfer] HTTP Transfer Call Event,[Call Test] [Throughput] Application DL TP,[Call Test] [iPerf] [Call Average] [Throughput] UL Avg TP,[Call Test] [iPerf] [Call Average] [Throughput] DL Avg TP,[Call Test] [Throughput] Application UL TP,[Event] [Data call test detail events] IPERF Call Event,[NR5G] [Throughput] PUSCH TP,[Event] [Data call test detail events] Ping Call Event,[Call Test] [HTTP] Total duration,[Call Test] [PING] Loss Count,[Call Test] [PING] [RTT] RTT
1,1,,,-73.9262667,40.7602350,2026-01-22 21:35:12.000,_20260122_163503_CH02_DUT_TMO_Playstore 60MB_NJ DUT REF_L1.dml,,,,,,,,,,,,,,,,,,,,,,,,,
2,1,,,-73.9262667,40.7602350,2026-01-22 21:35:13.000,_20260122_163503_CH02_DUT_TMO_Playstore 60MB_NJ DUT REF_L1.dml,,,,N41(x),,429,-78.000000,18.000000,,,,,,,,,,,,,,,,,
3,1,,,-73.9262667,40.7602350,2026-01-22 21:35:14.000,_20260122_163503_CH02_DUT_TMO_Playstore 60MB_NJ DUT REF_L1.dml,,,,,,,,,,,,,,,,,,,,,,,,,
4,1,,,-73.9262667,40.7602350,2026-01-22 21:35:15.000,_20260122_163503_CH02_DUT_TMO_Playstore 60MB_NJ DUT REF_L1.dml,,,,,,,,,,,,,,,,,,,,,,,,,
5,1,,,-73.9262667,40.7602350,2026-01-22 21:35:16.000,_20260122_163503_CH02_DUT_TMO_Playstore 60MB_NJ DUT REF_L1.dml,,,,,,,,,,,,,,,,,,,,,,,,,
6,1,,,-73.9262667,40.7602350,2026-01-22 21:35:17.000,_20260122_163503_CH02_DUT_TMO_Playstore 60MB_NJ DUT REF_L1.dml,,,,,,,,,,,,,,,,,,,,,,,,,
7,1,,,-73.9262667,40.7602350,2026-01-22 21:35:18.000,_20260122_163503_CH02_DUT_TMO_Playstore 60MB_NJ DUT REF_L1.dml,,,,,,,,,,,,,,,,,,,,,,,,,
8,1,,,-73.9262667,40.7602350,2026-01-22 21:35:19.000,_20260122_163503_CH02_DUT_TMO_Playstore 60MB_NJ DUT REF_L1.dml,,,,,,,,,,,,,,,,,,,,,,,,,
9,1,,,-73.9262667,40.7602350,2026-01-22 21:35:20.000,_20260122_163503_CH02_DUT_TMO_Playstore 60MB_NJ DUT REF_L1.dml,,,,,,,,,,,,,,,,,,,,,,,,,
10,1,,,-73.9262667,40.7602350,2026-01-22 21:35:21.000,_20260122_163503_CH02_DUT_TMO_Playstore 60MB_NJ DUT REF_L1.dml,,,,,,,,,,,,,,,,,,,,,,,,,
11,1,,,-73.9262667,40.7602350,2026-01-22 21:35:22.000,_20260122_163503_CH02_DUT_TMO_Playstore 60MB_NJ DUT REF_L1.dml,,,,,NR SA,,,,,,,,,,,,,,,,,,,,
12,1,,,-73.9262667,40.7602350,2026-01-22 21:35:23.000,_20260122_163503_CH02_DUT_TMO_Playstore 60MB_NJ DUT REF_L1.dml,,,,,NR SA,,,,,,,,,,,,,,,,,,,,
13,1,,,-73.9263617,40.7602083,2026-01-22 21:35:24.000,_20260122_163503_CH02_DUT_TMO_Playstore 60MB_NJ DUT REF_L1.dml,,,,,NR SA,,,,,,,,,,,,,,,,,,,,
14,1,,,-73.9263683,40.7602000,2026-01-22 21:35:25.000,_20260122_163503_CH02_DUT_TMO_Playstore 60MB_NJ DUT REF_L1.dml,,,,,NR SA,,,,,,,,,,,,,,,,,,,,
15,1,,,-73.9263683,40.7602033,2026-01-22 21:35:26.000,_20260122_163503_CH02_DUT_TMO_Playstore 60MB_NJ DUT REF_L1.dml,,,,N41(x),NR SA,429,-79.000000,16.000000,,,,,,,,,,,,,,,,,
16,1,,,-73.9263683,40.7602033,2026-01-22 21:35:27.000,_20260122_163503_CH02_DUT_TMO_Playstore 60MB_NJ DUT REF_L1.dml,,,,,NR SA,,,,,,,,,,,,,,,,,,,,
17,1,,,-73.9263683,40.7602033,2026-01-22 21:35:28.000,_20260122_163503_CH02_DUT_TMO_Playstore 60MB_NJ DUT REF_L1.dml,,,,,NR SA,,,,,,,,,,,,,,,,,,,,
18,1,,,-73.9263683,40.7602033,2026-01-22 21:35:29.000,_20260122_163503_CH02_DUT_TMO_Playstore 60MB_NJ DUT REF_L1.dml,,,,,NR SA,,,,,,,,,,,,,,,,,,,,
19,1,,,-73.9263683,40.7602033,2026-01-22 21:35:30.000,_20260122_163503_CH02_DUT_TMO_Playstore 60MB_NJ DUT REF_L1.dml,,,,,NR SA,,,,,,,,,,,,,,,,,,,,
20,1,,,-73.9263683,40.7602033,2026-01-22 21:35:31.000,_20260122_163503_CH02_DUT_TMO_Playstore 60MB_NJ DUT REF_L1.dml,,,,,NR SA,,,,,,,,,,,,,,,,,,,,
21,1,,,-73.9263683,40.7602033,2026-01-22 21:35:32.000,_20260122_163503_CH02_DUT_TMO_Playstore 60MB_NJ DUT REF_L1.dml,,,,,NR SA,,,,,,,,,,,,,,,,,,,,
22,1,,,-73.9263683,40.7602033,2026-01-22 21:35:33.000,_20260122_163503_CH02_DUT_TMO_Playstore 60MB_NJ DUT REF_L1.dml,,,,,NR SA,,,,,,,,,,,,,,,,,,,,
23,1,,,-73.9263683,40.7602033,2026-01-22 21:35:34.000,_20260122_163503_CH02_DUT_TMO_Playstore 60MB_NJ DUT REF_L1.dml,,,,,NR SA,,,,,,,,,,,,,,,,,,,,
24,1,,,-73.9263683,40.7602033,2026-01-22 21:35:35.000,_20260122_163503_CH02_DUT_TMO_Playstore 60MB_NJ DUT REF_L1.dml,,,,N41(100)+N41(40),NR SA,429,-79.420000,14.460000,,,,,,,,,,,,,,,,,
25,1,,,-73.9263683,40.7602033,2026-01-22 21:35:36.000,_20260122_163503_CH02_DUT_TMO_Playstore 60MB_NJ DUT REF_L1.dml,,,,N41(100)+N41(40),NR SA,429,-78.370000,16.130000,,,,,,,,,,,,,0.248,,,,
26,1,,,-73.9263683,40.7602033,2026-01-22 21:35:37.000,_20260122_163503_CH02_DUT_TMO_Playstore 60MB_NJ DUT REF_L1.dml,,,,N41(100)+N41(40),NR SA,429,-79.240000,14.960000,,,,,,,,,,,,,0.632,,,,
27,1,,,-73.9263683,40.7602033,2026-01-22 21:35:38.000,_20260122_163503_CH02_DUT_TMO_Playstore 60MB_NJ DUT REF_L1.dml,,,,N41(100)+N41(40),NR SA,429,-79.870000,15.690000,,,,,,,,,,,,,1.672,,,,
28,1,,,-73.9263683,40.7602033,2026-01-22 21:35:39.000,_20260122_163503_CH02_DUT_TMO_Playstore 60MB_NJ DUT REF_L1.dml,,,,N41(100)+N41(40),NR SA,429,-78.450000,15.820000,,,,,,,,,,,,,2.064,,,,
29,1,,,-73.9263683,40.7602033,2026-01-22 21:35:40.000,_20260122_163503_CH02_DUT_TMO_Playstore 60MB_NJ DUT REF_L1.dml,,,,N41(100)+N41(40),NR SA,429,-77.000000,17.000000,,,,,,,,,,,,,0.592,,,,
30,1,,,-73.9263683,40.7602033,2026-01-22 21:35:41.000,_20260122_163503_CH02_DUT_TMO_Playstore 60MB_NJ DUT REF_L1.dml,,,,N41(100)+N41(40),NR SA,429,-75.670000,19.080000,,,,,,,,,,,,,0.000,,,,
31,1,,,-73.9263683,40.7602033,2026-01-22 21:35:42.000,_20260122_163503_CH02_DUT_TMO_Playstore 60MB_NJ DUT REF_L1.dml,,,,N41(100)+N41(40),NR SA,429,-79.830000,12.370000,,,,,,,,,,,,,0.080,,,,
32,1,,,-73.9263683,40.7602033,2026-01-22 21:35:43.000,_20260122_163503_CH02_DUT_TMO_Playstore 60MB_NJ DUT REF_L1.dml,,,,N41(100)+N41(40),NR SA,429,-80.170000,13.730000,,,,,,,,,,,,,,,,,
33,1,,,-73.9263683,40.7602033,2026-01-22 21:35:44.000,_20260122_163503_CH02_DUT_TMO_Playstore 60MB_NJ DUT REF_L1.dml,,,,N41(100)+N41(40),NR SA,429,-80.670000,12.670000,,,,,,,,,,,,,0.088,,,,
34,1,,,-73.9263683,40.7602033,2026-01-22 21:35:45.000,_20260122_163503_CH02_DUT_TMO_Playstore 60MB_NJ DUT REF_L1.dml,,,,N41(100)+N41(40),NR SA,429,-79.170000,15.000000,,,,,,,,,,,,,0.016,,,,
35,1,,,-73.9263683,40.7602033,2026-01-22 21:35:46.000,_20260122_163503_CH02_DUT_TMO_Playstore 60MB_NJ DUT REF_L1.dml,,,,N41(100)+N41(40),NR SA,429,-78.910000,14.550000,,,,,,,,,,,,,0.000,,,,
36,1,,,-73.9263683,40.7602033,2026-01-22 21:35:47.000,_20260122_163503_CH02_DUT_TMO_Playstore 60MB_NJ DUT REF_L1.dml,,,,N41(100)+N41(40),NR SA,429,-78.580000,14.920000,,,,,,,,,,,,,,,,,
37,1,,,-73.9263683,40.7602033,2026-01-22 21:35:48.000,_20260122_163503_CH02_DUT_TMO_Playstore 60MB_NJ DUT REF_L1.dml,,,,N41(100)+N41(40),NR SA,429,-76.500000,16.500000,,,,,,,,,,,,,0.016,,,,
38,1,,,-73.9263683,40.7602033,2026-01-22 21:35:49.000,_20260122_163503_CH02_DUT_TMO_Playstore 60MB_NJ DUT REF_L1.dml,,,,N41(100)+N41(40),NR SA,429,-77.080000,18.130000,,,,,,,,,,,,,0.040,,,,
39,1,,,-73.9263683,40.7602033,2026-01-22 21:35:50.000,_20260122_163503_CH02_DUT_TMO_Playstore 60MB_NJ DUT REF_L1.dml,,,,N41(100)+N41(40),NR SA,429,-78.210000,16.450000,,,,,,,,,,,,,,,,,
40,1,,,-73.9263683,40.7602033,2026-01-22 21:35:51.000,_20260122_163503_CH02_DUT_TMO_Playstore 60MB_NJ DUT REF_L1.dml,,,,N41(100)+N41(40),NR SA,429,-78.670000,16.000000,,,,,,,,,,,,,0.008,,,,
41,1,,,-73.9263683,40.7602033,2026-01-22 21:35:52.000,_20260122_163503_CH02_DUT_TMO_Playstore 60MB_NJ DUT REF_L1.dml,,,,N41(100)+N41(40),NR SA,429,-78.600000,15.800000,,,,,,,,,,,,,0.000,,,,
42,1,,,-73.9263683,40.7602033,2026-01-22 21:35:53.000,_20260122_163503_CH02_DUT_TMO_Playstore 60MB_NJ DUT REF_L1.dml,,,,N41(100)+N41(40),NR SA,429,-79.330000,14.670000,,,,,,,,,,,,,0.000,,,,
43,1,,,-73.9263683,40.7602033,2026-01-22 21:35:54.000,_20260122_163503_CH02_DUT_TMO_Playstore 60MB_NJ DUT REF_L1.dml,,,,N41(100)+N41(40),NR SA,429,-79.110000,14.890000,,,,,,,,,,,,,,,,,
44,1,,,-73.9263683,40.7602033,2026-01-22 21:35:55.000,_20260122_163503_CH02_DUT_TMO_Playstore 60MB_NJ DUT REF_L1.dml,,,,N41(100)+N41(40),NR SA,429,-79.000000,16.000000,,,,,,,,,,,,,0.016,,,,
45,1,,,-73.9263683,40.7602033,2026-01-22 21:35:56.000,_20260122_163503_CH02_DUT_TMO_Playstore 60MB_NJ DUT REF_L1.dml,,,,N41(100)+N41(40),NR SA,429,-79.000000,13.670000,,,,,,,,,,,,,0.000,,,,
46,1,,,-73.9263683,40.7602033,2026-01-22 21:35:57.000,_20260122_163503_CH02_DUT_TMO_Playstore 60MB_NJ DUT REF_L1.dml,,,,N41(100)+N41(40),NR SA,429,-77.000000,16.000000,,,,,,,,,,,,,0.000,,,,
47,1,,,-73.9263683,40.7602033,2026-01-22 21:35:58.000,_20260122_163503_CH02_DUT_TMO_Playstore 60MB_NJ DUT REF_L1.dml,,,,N41(100)+N41(40),NR SA,429,-79.050000,14.820000,,,,,,,,,,,,,0.000,,,,
48,1,,,-73.9263683,40.7602033,2026-01-22 21:35:59.000,_20260122_163503_CH02_DUT_TMO_Playstore 60MB_NJ DUT REF_L1.dml,,,,N41(100)+N41(40),NR SA,429,-76.860000,15.710000,,,,,,,,,,,,,0.024,,,,
49,1,,,-73.9263833,40.7601533,2026-01-22 21:36:00.000,_20260122_163503_CH02_DUT_TMO_Playstore 60MB_NJ DUT REF_L1.dml,,,,N41(100)+N41(40),NR SA,429,-79.000000,15.000000,,,,,,,,,,,,,,,,,
50,1,,,-73.9263900,40.7601500,2026-01-22 21:36:01.000,_20260122_163503_CH02_DUT_TMO_Playstore 60MB_NJ DUT REF_L1.dml,,,,N41(100)+N41(40),NR SA,429,-75.600000,18.100000,,,,,,,,,,,,,0.000,,,,
51,1,,,-73.9264050,40.7601467,2026-01-22 21:36:02.000,_20260122_163503_CH02_DUT_TMO_Playstore 60MB_NJ DUT REF_L1.dml,,,,N41(100)+N41(40),NR SA,429,-76.500000,18.830000,,,,,,,,,,,,,,,,,
52,1,,,-73.9264233,40.7601483,2026-01-22 21:36:03.000,_20260122_163503_CH02_DUT_TMO_Playstore 60MB_NJ DUT REF_L1.dml,,,,N41(100)+N41(40),NR SA,429,-75.000000,23.000000,,,,,,,,,,,,,0.016,,,,
53,1,,,-73.9264450,40.7601467,2026-01-22 21:36:04.000,_20260122_163503_CH02_DUT_TMO_Playstore 60MB_NJ DUT REF_L1.dml,,,,N41(100)+N41(40),NR SA,429,-78.830000,16.670000,,,,,,,,,,,,,0.000,,,,
54,1,,,-73.9264417,40.7601450,2026-01-22 21:36:05.000,_20260122_163503_CH02_DUT_TMO_Playstore 60MB_NJ DUT REF_L1.dml,,,,N41(100)+N41(40),NR SA,429,-78.250000,17.750000,,,,,,,,,,,,,0.000,,,,
55,1,,,-73.9264633,40.7601417,2026-01-22 21:36:06.000,_20260122_163503_CH02_DUT_TMO_Playstore 60MB_NJ DUT REF_L1.dml,,,,N41(100)+N41(40),NR SA,429,-80.500000,16.750000,,,,,,,,,,,,,0.000,,,,
56,1,,,-73.9264800,40.7601367,2026-01-22 21:36:07.000,_20260122_163503_CH02_DUT_TMO_Playstore 60MB_NJ DUT REF_L1.dml,,,,N41(100)+N41(40),NR SA,429,-79.910000,16.270000,,,,,,,,,,,,,0.000,,,,
57,1,,,-73.9264883,40.7601367,2026-01-22 21:36:08.000,_20260122_163503_CH02_DUT_TMO_Playstore 60MB_NJ DUT REF_L1.dml,,,,N41(100)+N41(40),NR SA,429,-79.340000,17.660000,,,,,,,,,,,,,,,,,
58,1,,,-73.9264900,40.7601417,2026-01-22 21:36:09.000,_20260122_163503_CH02_DUT_TMO_Playstore 60MB_NJ DUT REF_L1.dml,,,,N41(100)+N41(40),NR SA,429,-78.600000,19.200000,,,,,,,,,,,,,0.048,,,,
59,1,,,-73.9264967,40.7601467,2026-01-22 21:36:10.000,_20260122_163503_CH02_DUT_TMO_Playstore 60MB_NJ DUT REF_L1.dml,,,,N41(100)+N41(40),NR SA,429,-79.570000,19.000000,,,,,,,,,,,,,0.088,,,,
60,1,,,-73.9265033,40.7601533,2026-01-22 21:36:11.000,_20260122_163503_CH02_DUT_TMO_Playstore 60MB_NJ DUT REF_L1.dml,,,,N41(100)+N41(40),NR SA,429,-80.500000,15.500000,,,,,,,,,,,,,0.000,,,,
61,1,,,-73.9265150,40.7601583,2026-01-22 21:36:12.000,_20260122_163503_CH02_DUT_TMO_Playstore 60MB_NJ DUT REF_L1.dml,,,,N41(100)+N41(40),NR SA,429,-81.200000,14.000000,,,,,,,,,,,,,0.000,,,,
62,1,,,-73.9265150,40.7601600,2026-01-22 21:36:13.000,_20260122_163503_CH02_DUT_TMO_Playstore 60MB_NJ DUT REF_L1.dml,,,,N41(100)+N41(40),NR SA,429,-80.880000,12.620000,,,,,,,,,,,,,,,,,
63,1,,,-73.9265250,40.7601633,2026-01-22 21:36:14.000,_20260122_163503_CH02_DUT_TMO_Playstore 60MB_NJ DUT REF_L1.dml,,,,N41(100)+N41(40),NR SA,429,-79.920000,13.500000,,,,,,,,,,,,,0.004,,,,
64,1,,,-73.9265433,40.7601683,2026-01-22 21:36:15.000,_20260122_163503_CH02_DUT_TMO_Playstore 60MB_NJ DUT REF_L1.dml,,,,N41(100)+N41(40),NR SA,429,-78.500000,17.400000,,,,,,,,,,,,,,,,,
65,1,,,-73.9265450,40.7601667,2026-01-22 21:36:16.000,_20260122_163503_CH02_DUT_TMO_Playstore 60MB_NJ DUT REF_L1.dml,,,,N41(100)+N41(40),NR SA,429,-80.360000,14.550000,,,,,,,,,,,,,0.032,,,,
66,1,,,-73.9265533,40.7601667,2026-01-22 21:36:17.000,_20260122_163503_CH02_DUT_TMO_Playstore 60MB_NJ DUT REF_L1.dml,,,,,NR SA,,,,,,,,,,,,,,,,0.000,,,,
67,1,,,-73.9265550,40.7601667,2026-01-22 21:36:18.000,_20260122_163503_CH02_DUT_TMO_Playstore 60MB_NJ DUT REF_L1.dml,,,,N41(100)+N41(40),NR SA,429,-79.640000,14.820000,,,,,,,,,,,,,0.000,,,,
68,1,,,-73.9265617,40.7601683,2026-01-22 21:36:19.000,_20260122_163503_CH02_DUT_TMO_Playstore 60MB_NJ DUT REF_L1.dml,,,,N41(100)+N41(40),NR SA,429,-79.000000,15.330000,,,,,,,,,,,,,0.000,,,,
69,1,,,-73.9265717,40.7601733,2026-01-22 21:36:20.000,_20260122_163503_CH02_DUT_TMO_Playstore 60MB_NJ DUT REF_L1.dml,,,,N41(100)+N41(40),NR SA,429,-78.600000,15.600000,,,,,,,,,,,,,0.000,,,,
70,1,,,-73.9265967,40.7601867,2026-01-22 21:36:21.000,_20260122_163503_CH02_DUT_TMO_Playstore 60MB_NJ DUT REF_L1.dml,,,,N41(100)+N41(40),NR SA,429,-77.500000,16.500000,,,,,,,,,,,,,,,,,
71,1,,,-73.9266217,40.7601950,2026-01-22 21:36:22.000,_20260122_163503_CH02_DUT_TMO_Playstore 60MB_NJ DUT REF_L1.dml,,,,N41(100)+N41(40),NR SA,429,-76.330000,16.330000,,,,,,,,,,,,,0.000,,,,
72,1,,,-73.9266450,40.7602083,2026-01-22 21:36:23.000,_20260122_163503_CH02_DUT_TMO_Playstore 60MB_NJ DUT REF_L1.dml,,,,N41(100)+N41(40),NR SA,429,-76.250000,17.250000,,,,,,,,,,,,,0.000,,,,
73,1,,,-73.9266750,40.7602333,2026-01-22 21:36:24.000,_20260122_163503_CH02_DUT_TMO_Playstore 60MB_NJ DUT REF_L1.dml,,,,N41(100)+N41(40),NR SA,429,-78.000000,17.200000,,,,,,,,,,,,,0.000,,,,
74,1,,,-73.9266700,40.7602250,2026-01-22 21:36:25.000,_20260122_163503_CH02_DUT_TMO_Playstore 60MB_NJ DUT REF_L1.dml,,,,N41(x),NR SA,429,-78.000000,17.330000,,,,,,,,,,,,,,,,,
75,1,,,-73.9266750,40.7602317,2026-01-22 21:36:26.000,_20260122_163503_CH02_DUT_TMO_Playstore 60MB_NJ DUT REF_L1.dml,,,,,NR SA,,,,,,,,,,,,,,,,,,,,
76,1,,,-73.9266733,40.7602317,2026-01-22 21:36:27.000,_20260122_163503_CH02_DUT_TMO_Playstore 60MB_NJ DUT REF_L1.dml,,,,,NR SA,,,,,,,,,,,,,,,,,,,,
77,1,,,-73.9266750,40.7602383,2026-01-22 21:36:28.000,_20260122_163503_CH02_DUT_TMO_Playstore 60MB_NJ DUT REF_L1.dml,,,,,NR SA,,,,,,,,,,,,,,,,,,,,
78,1,,,-73.9266767,40.7602400,2026-01-22 21:36:29.000,_20260122_163503_CH02_DUT_TMO_Playstore 60MB_NJ DUT REF_L1.dml,,,,,NR SA,,,,,,,,,,,,,,,,,,,,
79,1,,,-73.9266783,40.7602433,2026-01-22 21:36:30.000,_20260122_163503_CH02_DUT_TMO_Playstore 60MB_NJ DUT REF_L1.dml,,,,,NR SA,,,,,,,,,,,,,,,,,,,,
80,1,,,-73.9266800,40.7602450,2026-01-22 21:36:31.000,_20260122_163503_CH02_DUT_TMO_Playstore 60MB_NJ DUT REF_L1.dml,,,,N41(100)+N41(x),NR SA,429,-78.530000,16.270000,,,,,,,,,,,,,,,,,
81,1,,,-73.9266833,40.7602483,2026-01-22 21:36:32.000,_20260122_163503_CH02_DUT_TMO_Playstore 60MB_NJ DUT REF_L1.dml,,,,N41(100)+N41(40),NR SA,429,-76.980000,17.350000,,,,,,,,,,,,,0.152,,,,
82,1,,,-73.9266867,40.7602500,2026-01-22 21:36:33.000,_20260122_163503_CH02_DUT_TMO_Playstore 60MB_NJ DUT REF_L1.dml,,,,N41(100)+N41(40),NR SA,429,-80.160000,14.840000,,,,,,,,,,,,,0.592,,,,
83,1,,,-73.9266883,40.7602533,2026-01-22 21:36:34.000,_20260122_163503_CH02_DUT_TMO_Playstore 60MB_NJ DUT REF_L1.dml,,,,N41(100)+N41(40),NR SA,429,-80.780000,14.630000,,,,,,,,,,,,,1.048,,,,
84,1,,,-73.9266933,40.7602567,2026-01-22 21:36:35.000,_20260122_163503_CH02_DUT_TMO_Playstore 60MB_NJ DUT REF_L1.dml,,,,N41(100)+N41(40),NR SA,429,-79.150000,15.960000,,,,,,,,,,,,,2.256,,,,
85,1,,,-73.9267017,40.7602583,2026-01-22 21:36:36.000,_20260122_163503_CH02_DUT_TMO_Playstore 60MB_NJ DUT REF_L1.dml,,,,N41(100)+N41(40),NR SA,429,-78.770000,16.690000,,,,,,,,,,,,,,,,,
86,1,,,-73.9267117,40.7602633,2026-01-22 21:36:37.000,_20260122_163503_CH02_DUT_TMO_Playstore 60MB_NJ DUT REF_L1.dml,,,,N41(100)+N41(40),NR SA,429,-75.310000,16.690000,,,,,,,,,,,,,1.136,,,,
87,1,,,-73.9267117,40.7602633,2026-01-22 21:36:38.000,_20260122_163503_CH02_DUT_TMO_Playstore 60MB_NJ DUT REF_L1.dml,,,,N41(100)+N41(40),NR SA,429,-76.400000,15.600000,,,,,,,,,,,,,0.016,,,,
88,1,,,-73.9267217,40.7602650,2026-01-22 21:36:39.000,_20260122_163503_CH02_DUT_TMO_Playstore 60MB_NJ DUT REF_L1.dml,,,,N41(100)+N41(40),NR SA,429,-78.250000,15.000000,,,,,,,,,,,,,0.000,,,,
89,1,,,-73.9267233,40.7602633,2026-01-22 21:36:40.000,_20260122_163503_CH02_DUT_TMO_Playstore 60MB_NJ DUT REF_L1.dml,,,,N41(100)+N41(40),NR SA,429,-78.670000,15.670000,,,,,,,,,,,,,0.000,,,,
90,1,,,-73.9267233,40.7602650,2026-01-22 21:36:41.000,_20260122_163503_CH02_DUT_TMO_Playstore 60MB_NJ DUT REF_L1.dml,,,,N41(100)+N41(40),NR SA,429,-78.670000,15.000000,,,,,,,,,,,,,,,,,
91,1,,,-73.9267233,40.7602633,2026-01-22 21:36:42.000,_20260122_163503_CH02_DUT_TMO_Playstore 60MB_NJ DUT REF_L1.dml,,,,N41(100)+N41(40),NR SA,429,-79.750000,14.500000,,,,,,,,,,,,,0.000,,,,
92,1,,,-73.9267233,40.7602667,2026-01-22 21:36:43.000,_20260122_163503_CH02_DUT_TMO_Playstore 60MB_NJ DUT REF_L1.dml,,,,N41(100)+N41(40),NR SA,429,-77.750000,14.000000,,,,,,,,,,,,,0.000,,,,
93,1,,,-73.9267233,40.7602667,2026-01-22 21:36:44.000,_20260122_163503_CH02_DUT_TMO_Playstore 60MB_NJ DUT REF_L1.dml,,,,N41(100)+N41(40),NR SA,429,-80.550000,10.820000,,,,,,,,,,,,,0.000,,,,
94,1,,,-73.9267217,40.7602683,2026-01-22 21:36:45.000,_20260122_163503_CH02_DUT_TMO_Playstore 60MB_NJ DUT REF_L1.dml,,,,N41(100)+N41(40),NR SA,429,-80.700000,15.300000,,,,,,,,,,,,,0.000,,,,
95,1,,,-73.9267217,40.7602683,2026-01-22 21:36:46.000,_20260122_163503_CH02_DUT_TMO_Playstore 60MB_NJ DUT REF_L1.dml,,,,N41(100)+N41(40),NR SA,429,-78.270000,14.470000,,,,,,,,,,,,,0.008,,,,
96,1,,,-73.9267217,40.7602700,2026-01-22 21:36:47.000,_20260122_163503_CH02_DUT_TMO_Playstore 60MB_NJ DUT REF_L1.dml,,,,N41(100)+N41(40),NR SA,429,-78.080000,13.750000,,,,,,,,,,,,,0.232,,,,
97,1,,,-73.9267217,40.7602700,2026-01-22 21:36:48.000,_20260122_163503_CH02_DUT_TMO_Playstore 60MB_NJ DUT REF_L1.dml,,,,N41(100)+N41(40),NR SA,429,-78.750000,16.250000,,,,,,,,,,,,,,,,,
98,1,,,-73.9267217,40.7602700,2026-01-22 21:36:49.000,_20260122_163503_CH02_DUT_TMO_Playstore 60MB_NJ DUT REF_L1.dml,,,,N41(100)+N41(40),NR SA,429,-79.690000,15.560000,,,,,,,,,,,,,0.036,,,,
99,1,,,-73.9267217,40.7602700,2026-01-22 21:36:50.000,_20260122_163503_CH02_DUT_TMO_Playstore 60MB_NJ DUT REF_L1.dml,,,,N41(100)+N41(40),NR SA,429,-78.000000,15.770000,,,,,,,,,,,,,,,,,
100,1,,,-73.9267217,40.7602700,2026-01-22 21:36:51.000,_20260122_163503_CH02_DUT_TMO_Playstore 60MB_NJ DUT REF_L1.dml,,,,N41(100)+N41(40),NR SA,429,-78.100000,16.000000,,,,,,,,,,,,,0.008,,,,
101,1,,,-73.9267217,40.7602783,2026-01-22 21:36:52.000,_20260122_163503_CH02_DUT_TMO_Playstore 60MB_NJ DUT REF_L1.dml,,,,N41(100)+N41(40),NR SA,429,-77.000000,15.670000,,,,,,,,,,,,,0.000,,,,
102,1,,,-73.9267217,40.7602817,2026-01-22 21:36:53.000,_20260122_163503_CH02_DUT_TMO_Playstore 60MB_NJ DUT REF_L1.dml,,,,N41(100)+N41(40),NR SA,429,-77.000000,17.500000,,,,,,,,,,,,,0.000,,,,
103,1,,,-73.9267217,40.7602833,2026-01-22 21:36:54.000,_20260122_163503_CH02_DUT_TMO_Playstore 60MB_NJ DUT REF_L1.dml,,,,N41(100)+N41(40),NR SA,429,-76.270000,18.130000,,,,,,,,,,,,,0.000,,,,
104,1,,,-73.9267233,40.7602850,2026-01-22 21:36:55.000,_20260122_163503_CH02_DUT_TMO_Playstore 60MB_NJ DUT REF_L1.dml,,,,N41(100)+N41(40),NR SA,429,-78.000000,15.000000,,,,,,,,,,,,,,,,,
105,1,,,-73.9267233,40.7602867,2026-01-22 21:36:56.000,_20260122_163503_CH02_DUT_TMO_Playstore 60MB_NJ DUT REF_L1.dml,,,,N41(100)+N41(40),NR SA,429,-79.750000,17.250000,,,,,,,,,,,,,0.000,,,,
106,1,,,-73.9267233,40.7602867,2026-01-22 21:36:57.000,_20260122_163503_CH02_DUT_TMO_Playstore 60MB_NJ DUT REF_L1.dml,,,,N41(100)+N41(40),NR SA,429,-81.250000,14.380000,,,,,,,,,,,,,0.000,,,,
107,1,,,-73.9267233,40.7602867,2026-01-22 21:36:58.000,_20260122_163503_CH02_DUT_TMO_Playstore 60MB_NJ DUT REF_L1.dml,,,,N41(100)+N41(40),NR SA,429,-77.700000,15.200000,,,,,,,,,,,,,0.008,,,,
108,1,,,-73.9267233,40.7602867,2026-01-22 21:36:59.000,_20260122_163503_CH02_DUT_TMO_Playstore 60MB_NJ DUT REF_L1.dml,,,,N41(100)+N41(40),NR SA,429,-76.750000,16.000000,,,,,,,,,,,,,0.000,,,,
109,1,,,-73.9267233,40.7602867,2026-01-22 21:37:00.000,_20260122_163503_CH02_DUT_TMO_Playstore 60MB_NJ DUT REF_L1.dml,,,,N41(100)+N41(40),NR SA,429,-79.000000,18.500000,,,,,,,,,,,,,,,,,
110,1,,,-73.9267233,40.7602867,2026-01-22 21:37:01.000,_20260122_163503_CH02_DUT_TMO_Playstore 60MB_NJ DUT REF_L1.dml,,,,N41(100)+N41(40),NR SA,429,-77.000000,16.500000,,,,,,,,,,,,,0.000,,,,
111,1,,,-73.9267233,40.7602867,2026-01-22 21:37:02.000,_20260122_163503_CH02_DUT_TMO_Playstore 60MB_NJ DUT REF_L1.dml,,,,N41(100)+N41(40),NR SA,429,-79.000000,15.000000,,,,,,,,,,,,,0.000,,,,
112,1,,,-73.9267233,40.7602867,2026-01-22 21:37:03.000,_20260122_163503_CH02_DUT_TMO_Playstore 60MB_NJ DUT REF_L1.dml,,,,N41(100)+N41(40),NR SA,429,-79.000000,14.330000,,,,,,,,,,,,,0.000,,,,
113,1,,,-73.9267233,40.7602867,2026-01-22 21:37:04.000,_20260122_163503_CH02_DUT_TMO_Playstore 60MB_NJ DUT REF_L1.dml,,,,N41(100)+N41(40),NR SA,429,-79.500000,14.300000,,,,,,,,,,,,,0.000,,,,
114,1,,,-73.9267233,40.7602867,2026-01-22 21:37:05.000,_20260122_163503_CH02_DUT_TMO_Playstore 60MB_NJ DUT REF_L1.dml,,,,N41(100)+N41(40),NR SA,429,-79.670000,15.000000,,,,,,,,,,,,,,,,,
115,1,,,-73.9267233,40.7602867,2026-01-22 21:37:06.000,_20260122_163503_CH02_DUT_TMO_Playstore 60MB_NJ DUT REF_L1.dml,,,,N41(100)+N41(40),NR SA,429,-77.830000,16.330000,,,,,,,,,,,,,0.000,,,,
116,1,,,-73.9267233,40.7602867,2026-01-22 21:37:07.000,_20260122_163503_CH02_DUT_TMO_Playstore 60MB_NJ DUT REF_L1.dml,,,,N41(x)+N41(x),NR SA,429,-77.750000,17.000000,,,,,,,,,,,,,0.000,,,,
117,1,,,-73.9267233,40.7602867,2026-01-22 21:37:08.000,_20260122_163503_CH02_DUT_TMO_Playstore 60MB_NJ DUT REF_L1.dml,,,,N41(x),NR SA,429,-79.000000,15.000000,,,,,,,,,,,,,,,,,
118,1,,,-73.9267233,40.7602867,2026-01-22 21:37:09.000,_20260122_163503_CH02_DUT_TMO_Playstore 60MB_NJ DUT REF_L1.dml,,,,,NR SA,,,,,,,,,,,,,,,,,,,,
119,1,,,-73.9267233,40.7602867,2026-01-22 21:37:10.000,_20260122_163503_CH02_DUT_TMO_Playstore 60MB_NJ DUT REF_L1.dml,,,,,NR SA,,,,,,,,,,,,,,,,,,,,
120,1,,,-73.9267233,40.7602867,2026-01-22 21:37:11.000,_20260122_163503_CH02_DUT_TMO_Playstore 60MB_NJ DUT REF_L1.dml,,,,,NR SA,,,,,,,,,,,,,,,,,,,,
121,1,,,-73.9267233,40.7602867,2026-01-22 21:37:12.000,_20260122_163503_CH02_DUT_TMO_Playstore 60MB_NJ DUT REF_L1.dml,,,,,NR SA,,,,,,,,,,,,,,,,,,,,
122,1,,,-73.9267233,40.7602867,2026-01-22 21:37:13.000,_20260122_163503_CH02_DUT_TMO_Playstore 60MB_NJ DUT REF_L1.dml,,,,,NR SA,,,,,,,,,,,,,,,,,,,,
123,1,,,-73.9267233,40.7602867,2026-01-22 21:37:14.000,_20260122_163503_CH02_DUT_TMO_Playstore 60MB_NJ DUT REF_L1.dml,,,,,NR SA,,,,,,,,,,,,,,,,,,,,
124,1,,,-73.9267233,40.7602867,2026-01-22 21:37:15.000,_20260122_163503_CH02_DUT_TMO_Playstore 60MB_NJ DUT REF_L1.dml,,,,N41(100),NR SA,429,-74.000000,18.000000,,,,,,,,,,,,,,,,,
125,1,,,-73.9267233,40.7602867,2026-01-22 21:37:16.000,_20260122_163503_CH02_DUT_TMO_Playstore 60MB_NJ DUT REF_L1.dml,,,,N41(100)+N41(40),NR SA,429,-74.850000,19.680000,,,,,,,,,,,,,,,,,
126,1,,,-73.9267233,40.7602867,2026-01-22 21:37:17.000,_20260122_163503_CH02_DUT_TMO_Playstore 60MB_NJ DUT REF_L1.dml,,,,N41(100)+N41(40),NR SA,429,-77.140000,17.170000,,,,,,,,,,,,,0.332,,,,
127,1,,,-73.9267233,40.7602867,2026-01-22 21:37:18.000,_20260122_163503_CH02_DUT_TMO_Playstore 60MB_NJ DUT REF_L1.dml,,,,N41(100)+N41(40),NR SA,429,-78.330000,17.360000,,,,,,,,,,,,,0.568,,,,
128,1,,,-73.9267233,40.7602867,2026-01-22 21:37:19.000,_20260122_163503_CH02_DUT_TMO_Playstore 60MB_NJ DUT REF_L1.dml,,,,N41(100)+N41(40),NR SA,429,-75.050000,18.550000,,,,,,,,,,,,,,,,,
129,1,,,-73.9267233,40.7602867,2026-01-22 21:37:20.000,_20260122_163503_CH02_DUT_TMO_Playstore 60MB_NJ DUT REF_L1.dml,,,,N41(100)+N41(40),NR SA,429,-77.000000,18.640000,,,,,,,,,,,,,0.536,,,,
130,1,,,-73.9267117,40.7602733,2026-01-22 21:37:21.000,_20260122_163503_CH02_DUT_TMO_Playstore 60MB_NJ DUT REF_L1.dml,,,,N41(100)+N41(40),NR SA,429,-76.290000,17.290000,,,,,,,,,,,,,0.928,,,,
131,1,,,-73.9267133,40.7602783,2026-01-22 21:37:22.000,_20260122_163503_CH02_DUT_TMO_Playstore 60MB_NJ DUT REF_L1.dml,,,,N41(100)+N41(40),NR SA,429,-77.210000,16.890000,,,,,,,,,,,,,0.376,,,,
132,1,,,-73.9267150,40.7602817,2026-01-22 21:37:23.000,_20260122_163503_CH02_DUT_TMO_Playstore 60MB_NJ DUT REF_L1.dml,,,,N41(100)+N41(40),NR SA,429,-75.360000,18.640000,,,,,,,,,,,,,0.376,,,,
133,1,,,-73.9267167,40.7602833,2026-01-22 21:37:24.000,_20260122_163503_CH02_DUT_TMO_Playstore 60MB_NJ DUT REF_L1.dml,,,,N41(100)+N41(40),NR SA,429,-75.050000,19.790000,,,,,,,,,,,,,0.624,,,,
134,1,,,-73.9267167,40.7602833,2026-01-22 21:37:25.000,_20260122_163503_CH02_DUT_TMO_Playstore 60MB_NJ DUT REF_L1.dml,,,,N41(100)+N41(40),NR SA,429,-76.000000,17.100000,,,,,,,,,,,,,,,,,
135,1,,,-73.9267150,40.7602817,2026-01-22 21:37:26.000,_20260122_163503_CH02_DUT_TMO_Playstore 60MB_NJ DUT REF_L1.dml,,,,N41(100)+N41(40),NR SA,429,-74.430000,18.680000,,,,,,,,,,,,,0.336,,,,
136,1,,,-73.9267133,40.7602800,2026-01-22 21:37:27.000,_20260122_163503_CH02_DUT_TMO_Playstore 60MB_NJ DUT REF_L1.dml,,,,N41(100)+N41(40),NR SA,429,-75.040000,18.620000,,,,,,,,,,,,,,,,,
137,1,,,-73.9267100,40.7602783,2026-01-22 21:37:28.000,_20260122_163503_CH02_DUT_TMO_Playstore 60MB_NJ DUT REF_L1.dml,,,,N41(100)+N41(40),NR SA,429,-74.380000,18.150000,,,,,,,,,,,,,0.376,,,,
138,1,,,-73.9267100,40.7602750,2026-01-22 21:37:29.000,_20260122_163503_CH02_DUT_TMO_Playstore 60MB_NJ DUT REF_L1.dml,,,,N41(100)+N41(40),NR SA,429,-75.780000,18.940000,,,,,,,,,,,,,0.008,,,,
139,1,,,-73.9267067,40.7602733,2026-01-22 21:37:30.000,_20260122_163503_CH02_DUT_TMO_Playstore 60MB_NJ DUT REF_L1.dml,,,,N41(100)+N41(40),NR SA,429,-74.720000,19.400000,,,,,,,,,,,,,0.056,,,,
140,1,,,-73.9267050,40.7602717,2026-01-22 21:37:31.000,_20260122_163503_CH02_DUT_TMO_Playstore 60MB_NJ DUT REF_L1.dml,,,,N41(100)+N41(40),NR SA,429,-74.780000,19.110000,,,,,,,,,,,,,,,,,
141,1,,,-73.9267017,40.7602717,2026-01-22 21:37:32.000,_20260122_163503_CH02_DUT_TMO_Playstore 60MB_NJ DUT REF_L1.dml,,,,N41(100)+N41(40),NR SA,429,-74.000000,19.120000,,,,,,,,,,,,,0.000,,,,
142,1,,,-73.9267000,40.7602700,2026-01-22 21:37:33.000,_20260122_163503_CH02_DUT_TMO_Playstore 60MB_NJ DUT REF_L1.dml,,,,N41(100)+N41(40),NR SA,429,-74.500000,18.000000,,,,,,,,,,,,,0.000,,,,
143,1,,,-73.9267000,40.7602700,2026-01-22 21:37:34.000,_20260122_163503_CH02_DUT_TMO_Playstore 60MB_NJ DUT REF_L1.dml,,,,N41(100)+N41(40),NR SA,429,-75.000000,18.670000,,,,,,,,,,,,,0.000,,,,
144,1,,,-73.9267000,40.7602700,2026-01-22 21:37:35.000,_20260122_163503_CH02_DUT_TMO_Playstore 60MB_NJ DUT REF_L1.dml,,,,N41(100)+N41(40),NR SA,429,-75.000000,18.000000,,,,,,,,,,,,,0.000,,,,
145,1,,,-73.9266900,40.7602650,2026-01-22 21:37:36.000,_20260122_163503_CH02_DUT_TMO_Playstore 60MB_NJ DUT REF_L1.dml,,,,N41(100)+N41(40),NR SA,429,-73.000000,19.250000,,,,,,,,,,,,,,,,,
146,1,,,-73.9266867,40.7602633,2026-01-22 21:37:37.000,_20260122_163503_CH02_DUT_TMO_Playstore 60MB_NJ DUT REF_L1.dml,,,,N41(100)+N41(40),NR SA,429,-73.670000,18.000000,,,,,,,,,,,,,0.000,,,,
147,1,,,-73.9266833,40.7602600,2026-01-22 21:37:38.000,_20260122_163503_CH02_DUT_TMO_Playstore 60MB_NJ DUT REF_L1.dml,,,,N41(100)+N41(40),NR SA,429,-75.600000,17.000000,,,,,,,,,,,,,0.000,,,,
148,1,,,-73.9266783,40.7602567,2026-01-22 21:37:39.000,_20260122_163503_CH02_DUT_TMO_Playstore 60MB_NJ DUT REF_L1.dml,,,,N41(100)+N41(40),NR SA,429,-78.000000,16.000000,,,,,,,,,,,,,0.000,,,,
149,1,,,-73.9266750,40.7602533,2026-01-22 21:37:40.000,_20260122_163503_CH02_DUT_TMO_Playstore 60MB_NJ DUT REF_L1.dml,,,,N41(x)+N41(x),NR SA,429,-76.000000,15.500000,,,,,,,,,,,,,,,,,
150,1,,,-73.9266750,40.7602533,2026-01-22 21:37:41.000,_20260122_163503_CH02_DUT_TMO_Playstore 60MB_NJ DUT REF_L1.dml,,,,,NR SA,,,,,,,,,,,,,,,,,,,,
151,1,,,-73.9266700,40.7602483,2026-01-22 21:37:42.000,_20260122_163503_CH02_DUT_TMO_Playstore 60MB_NJ DUT REF_L1.dml,,,,,NR SA,,,,,,,,,,,,,,,,,,,,
152,1,,,-73.9266700,40.7602483,2026-01-22 21:37:43.000,_20260122_163503_CH02_DUT_TMO_Playstore 60MB_NJ DUT REF_L1.dml,,,,,NR SA,,,,,,,,,,,,,,,,,,,,
153,1,,,-73.9266700,40.7602500,2026-01-22 21:37:44.000,_20260122_163503_CH02_DUT_TMO_Playstore 60MB_NJ DUT REF_L1.dml,,,,,NR SA,,,,,,,,,,,,,,,,,,,,
154,1,,,-73.9266717,40.7602517,2026-01-22 21:37:45.000,_20260122_163503_CH02_DUT_TMO_Playstore 60MB_NJ DUT REF_L1.dml,,,,,NR SA,,,,,,,,,,,,,,,,,,,,
155,1,,,-73.9266700,40.7602517,2026-01-22 21:37:46.000,_20260122_163503_CH02_DUT_TMO_Playstore 60MB_NJ DUT REF_L1.dml,,,,,NR SA,,,,,,,,,,,,,,,,,,,,
156,1,,,-73.9266683,40.7602533,2026-01-22 21:37:47.000,_20260122_163503_CH02_DUT_TMO_Playstore 60MB_NJ DUT REF_L1.dml,,,,,NR SA,,,,,,,,,,,,,,,,,,,,
157,1,,,-73.9266667,40.7602533,2026-01-22 21:37:48.000,_20260122_163503_CH02_DUT_TMO_Playstore 60MB_NJ DUT REF_L1.dml,,,,,NR SA,,,,,,,,,,,,,,,,,,,,
158,1,,,-73.9266667,40.7602533,2026-01-22 21:37:49.000,_20260122_163503_CH02_DUT_TMO_Playstore 60MB_NJ DUT REF_L1.dml,,,,N41(100)+N41(50),NR SA,429,-78.000000,19.000000,,,,,,,,,,,,,,,,,
159,1,,,-73.9266667,40.7602533,2026-01-22 21:37:50.000,_20260122_163503_CH02_DUT_TMO_Playstore 60MB_NJ DUT REF_L1.dml,,,,N41(100)+N41(40),NR SA,429,-78.180000,17.280000,,,,,,,,,,,,,,,,,
160,1,,,-73.9266667,40.7602533,2026-01-22 21:37:51.000,_20260122_163503_CH02_DUT_TMO_Playstore 60MB_NJ DUT REF_L1.dml,,,,N41(100)+N41(40),NR SA,429,-81.000000,14.500000,,,,,,,,,,,,,0.024,,,,
161,1,,,-73.9266667,40.7602533,2026-01-22 21:37:52.000,_20260122_163503_CH02_DUT_TMO_Playstore 60MB_NJ DUT REF_L1.dml,,,,N41(100)+N41(40),NR SA,429,-79.430000,17.290000,,,,,,,,,,,,,0.000,,,,
162,1,,,-73.9266667,40.7602533,2026-01-22 21:37:53.000,_20260122_163503_CH02_DUT_TMO_Playstore 60MB_NJ DUT REF_L1.dml,,,,N41(100)+N41(40),NR SA,429,-78.000000,18.330000,,,,,,,,,,,,,,,,,
163,1,,,-73.9266667,40.7602533,2026-01-22 21:37:54.000,_20260122_163503_CH02_DUT_TMO_Playstore 60MB_NJ DUT REF_L1.dml,,,,N41(100)+N41(40),NR SA,429,-77.000000,17.000000,,,,,,,,,,,,,0.000,,,,
164,1,,,-73.9266667,40.7602533,2026-01-22 21:37:55.000,_20260122_163503_CH02_DUT_TMO_Playstore 60MB_NJ DUT REF_L1.dml,,,,N41(100)+N41(40),NR SA,429,-76.000000,18.000000,,,,,,,,,,,,,0.000,,,,
165,1,,,-73.9266667,40.7602533,2026-01-22 21:37:56.000,_20260122_163503_CH02_DUT_TMO_Playstore 60MB_NJ DUT REF_L1.dml,,,,N41(100)+N41(40),NR SA,429,-77.380000,17.620000,,,,,,,,,,,,,0.104,,,,
166,1,,,-73.9266667,40.7602533,2026-01-22 21:37:57.000,_20260122_163503_CH02_DUT_TMO_Playstore 60MB_NJ DUT REF_L1.dml,,,,N41(100)+N41(40),NR SA,429,-78.230000,16.070000,,,,,,,,,,,,,0.496,,,,
167,1,,,-73.9266667,40.7602533,2026-01-22 21:37:58.000,_20260122_163503_CH02_DUT_TMO_Playstore 60MB_NJ DUT REF_L1.dml,,,,N41(100)+N41(40),NR SA,429,-76.780000,17.270000,,,,,,,,,,,,,0.808,,,,
168,1,,,-73.9266667,40.7602533,2026-01-22 21:37:59.000,_20260122_163503_CH02_DUT_TMO_Playstore 60MB_NJ DUT REF_L1.dml,,,,N41(100)+N41(40),NR SA,429,-75.360000,18.140000,,,,,,,,,,,,,,,,,
169,1,,,-73.9266667,40.7602533,2026-01-22 21:38:00.000,_20260122_163503_CH02_DUT_TMO_Playstore 60MB_NJ DUT REF_L1.dml,,,,N41(100)+N41(40),NR SA,429,-74.960000,17.780000,,,,,,,,,,,,,0.628,,,,
170,1,,,-73.9266667,40.7602533,2026-01-22 21:38:01.000,_20260122_163503_CH02_DUT_TMO_Playstore 60MB_NJ DUT REF_L1.dml,,,,N41(100)+N41(40),NR SA,429,-74.820000,17.820000,,,,,,,,,,,,,0.944,,,,
171,1,,,-73.9266667,40.7602533,2026-01-22 21:38:02.000,_20260122_163503_CH02_DUT_TMO_Playstore 60MB_NJ DUT REF_L1.dml,,,,N41(100)+N41(40),NR SA,429,-76.100000,15.920000,,,,,,,,,,,,,1.280,,,,
172,1,,,-73.9266667,40.7602533,2026-01-22 21:38:03.000,_20260122_163503_CH02_DUT_TMO_Playstore 60MB_NJ DUT REF_L1.dml,,,,N41(100)+N41(40),NR SA,429,-77.080000,15.620000,,,,,,,,,,,,,,,,,
173,1,,,-73.9266667,40.7602533,2026-01-22 21:38:04.000,_20260122_163503_CH02_DUT_TMO_Playstore 60MB_NJ DUT REF_L1.dml,,,,N41(100)+N41(40),NR SA,429,-77.870000,14.980000,,,,,,,,,,,,,0.080,,,,
174,1,,,-73.9266667,40.7602533,2026-01-22 21:38:05.000,_20260122_163503_CH02_DUT_TMO_Playstore 60MB_NJ DUT REF_L1.dml,,,,N41(100)+N41(40),NR SA,429,-77.600000,15.200000,,,,,,,,,,,,,,,,,
175,1,,,-73.9266667,40.7602533,2026-01-22 21:38:06.000,_20260122_163503_CH02_DUT_TMO_Playstore 60MB_NJ DUT REF_L1.dml,,,,N41(100)+N41(40),NR SA,429,-74.620000,15.750000,,,,,,,,,,,,,0.040,,,,
176,1,,,-73.9266667,40.7602533,2026-01-22 21:38:07.000,_20260122_163503_CH02_DUT_TMO_Playstore 60MB_NJ DUT REF_L1.dml,,,,N41(100)+N41(40),NR SA,429,-77.580000,12.920000,,,,,,,,,,,,,0.024,,,,
177,1,,,-73.9266667,40.7602533,2026-01-22 21:38:08.000,_20260122_163503_CH02_DUT_TMO_Playstore 60MB_NJ DUT REF_L1.dml,,,,N41(100)+N41(40),NR SA,429,-76.430000,15.570000,,,,,,,,,,,,,0.000,,,,
178,1,,,-73.9266667,40.7602533,2026-01-22 21:38:09.000,_20260122_163503_CH02_DUT_TMO_Playstore 60MB_NJ DUT REF_L1.dml,,,,N41(100)+N41(40),NR SA,429,-76.170000,17.500000,,,,,,,,,,,,,,,,,
179,1,,,-73.9266667,40.7602533,2026-01-22 21:38:10.000,_20260122_163503_CH02_DUT_TMO_Playstore 60MB_NJ DUT REF_L1.dml,,,,N41(100)+N41(40),NR SA,429,-75.490000,16.410000,,,,,,,,,,,,,,,,,
180,1,,,-73.9266667,40.7602533,2026-01-22 21:38:11.000,_20260122_163503_CH02_DUT_TMO_Playstore 60MB_NJ DUT REF_L1.dml,,,,N41(100)+N41(40),NR SA,429,-75.720000,16.320000,,,,,,,,,,,,,0.008,,,,
181,1,,,-73.9266667,40.7602533,2026-01-22 21:38:12.000,_20260122_163503_CH02_DUT_TMO_Playstore 60MB_NJ DUT REF_L1.dml,,,,N41(100)+N41(40),NR SA,429,-77.000000,13.910000,,,,,,,,,,,,,0.000,,,,
182,1,,,-73.9266667,40.7602533,2026-01-22 21:38:13.000,_20260122_163503_CH02_DUT_TMO_Playstore 60MB_NJ DUT REF_L1.dml,,,,N41(100)+N41(40),NR SA,429,-75.500000,15.830000,,,,,,,,,,,,,0.016,,,,
183,1,,,-73.9266667,40.7602533,2026-01-22 21:38:14.000,_20260122_163503_CH02_DUT_TMO_Playstore 60MB_NJ DUT REF_L1.dml,,,,,NR SA,,,,,,,,,,,,,,,,,,,,
184,1,,,-73.9266667,40.7602533,2026-01-22 21:38:15.000,_20260122_163503_CH02_DUT_TMO_Playstore 60MB_NJ DUT REF_L1.dml,,,,N41(100)+N41(40),NR SA,429,-76.000000,16.000000,,,,,,,,,,,,,0.000,,,,
185,1,,,-73.9266667,40.7602533,2026-01-22 21:38:16.000,_20260122_163503_CH02_DUT_TMO_Playstore 60MB_NJ DUT REF_L1.dml,,,,N41(100)+N41(40),NR SA,429,-74.390000,18.060000,,,,,,,,,,,,,0.000,,,,
186,1,,,-73.9266667,40.7602533,2026-01-22 21:38:17.000,_20260122_163503_CH02_DUT_TMO_Playstore 60MB_NJ DUT REF_L1.dml,,,,N41(100)+N41(40),NR SA,429,-75.000000,18.000000,,,,,,,,,,,,,0.000,,,,
187,1,,,-73.9266667,40.7602533,2026-01-22 21:38:18.000,_20260122_163503_CH02_DUT_TMO_Playstore 60MB_NJ DUT REF_L1.dml,,,,N41(100)+N41(40),NR SA,429,-74.410000,17.550000,,,,,,,,,,,,,0.008,,,,
188,1,,,-73.9266667,40.7602533,2026-01-22 21:38:19.000,_20260122_163503_CH02_DUT_TMO_Playstore 60MB_NJ DUT REF_L1.dml,,,,N41(100)+N41(40),NR SA,429,-74.000000,17.220000,,,,,,,,,,,,,0.000,,,,
189,1,,,-73.9266667,40.7602533,2026-01-22 21:38:20.000,_20260122_163503_CH02_DUT_TMO_Playstore 60MB_NJ DUT REF_L1.dml,,,,N41(100)+N41(40),NR SA,429,-78.860000,14.430000,,,,,,,,,,,,,0.000,,,,
190,1,,,-73.9266667,40.7602533,2026-01-22 21:38:21.000,_20260122_163503_CH02_DUT_TMO_Playstore 60MB_NJ DUT REF_L1.dml,,,,N41(100)+N41(40),NR SA,429,-76.880000,14.620000,,,,,,,,,,,,,,,,,
191,1,,,-73.9266667,40.7602533,2026-01-22 21:38:22.000,_20260122_163503_CH02_DUT_TMO_Playstore 60MB_NJ DUT REF_L1.dml,,,,N41(x)+N41(x),NR SA,429,-77.500000,16.000000,,,,,,,,,,,,,0.000,,,,
192,1,,,-73.9266300,40.7602483,2026-01-22 21:38:23.000,_20260122_163503_CH02_DUT_TMO_Playstore 60MB_NJ DUT REF_L1.dml,,,,,NR SA,,,,,,,,,,,,,,,,,,,,
193,1,,,-73.9266250,40.7602467,2026-01-22 21:38:24.000,_20260122_163503_CH02_DUT_TMO_Playstore 60MB_NJ DUT REF_L1.dml,,,,,NR SA,,,,,,,,,,,,,,,,,,,,
194,1,,,-73.9266250,40.7602467,2026-01-22 21:38:25.000,_20260122_163503_CH02_DUT_TMO_Playstore 60MB_NJ DUT REF_L1.dml,,,,N41(100)+N41(40),NR SA,429,-75.120000,18.310000,,,,,,,,,,,,,,,,,
195,1,,,-73.9266217,40.7602450,2026-01-22 21:38:26.000,_20260122_163503_CH02_DUT_TMO_Playstore 60MB_NJ DUT REF_L1.dml,,,,N41(100)+N41(40),NR SA,429,-75.460000,18.390000,,,,,,,,,,,,,,,,,
196,1,,,-73.9266167,40.7602433,2026-01-22 21:38:27.000,_20260122_163503_CH02_DUT_TMO_Playstore 60MB_NJ DUT REF_L1.dml,,,,N41(100)+N41(40),NR SA,429,-76.000000,15.000000,,,,,,,,,,,,,0.024,,,,
197,1,,,-73.9266133,40.7602417,2026-01-22 21:38:28.000,_20260122_163503_CH02_DUT_TMO_Playstore 60MB_NJ DUT REF_L1.dml,,,,N41(100)+N41(40),NR SA,429,-76.000000,15.670000,,,,,,,,,,,,,0.000,,,,
198,1,,,-73.9266133,40.7602383,2026-01-22 21:38:29.000,_20260122_163503_CH02_DUT_TMO_Playstore 60MB_NJ DUT REF_L1.dml,,,,N41(100)+N41(40),NR SA,429,-76.710000,14.860000,,,,,,,,,,,,,0.000,,,,
199,1,,,-73.9266117,40.7602367,2026-01-22 21:38:30.000,_20260122_163503_CH02_DUT_TMO_Playstore 60MB_NJ DUT REF_L1.dml,,,,N41(100)+N41(40),NR SA,429,-77.500000,14.330000,,,,,,,,,,,,,0.000,,,,
200,1,,,-73.9266117,40.7602350,2026-01-22 21:38:31.000,_20260122_163503_CH02_DUT_TMO_Playstore 60MB_NJ DUT REF_L1.dml,,,,N41(100)+N41(40),NR SA,429,-77.000000,14.470000,,,,,,,,,,,,,0.016,,,,
201,1,,,-73.9266100,40.7602350,2026-01-22 21:38:32.000,_20260122_163503_CH02_DUT_TMO_Playstore 60MB_NJ DUT REF_L1.dml,,,,N41(100)+N41(40),NR SA,429,-75.490000,16.080000,,,,,,,,,,,,,,,,,
202,1,,,-73.9266083,40.7602350,2026-01-22 21:38:33.000,_20260122_163503_CH02_DUT_TMO_Playstore 60MB_NJ DUT REF_L1.dml,,,,N41(100)+N41(40),NR SA,429,-76.000000,16.000000,,,,,,,,,,,,,0.128,,,,
203,1,,,-73.9266083,40.7602350,2026-01-22 21:38:34.000,_20260122_163503_CH02_DUT_TMO_Playstore 60MB_NJ DUT REF_L1.dml,,,,N41(100)+N41(40),NR SA,429,-75.620000,16.380000,,,,,,,,,,,,,0.000,,,,
204,1,,,-73.9266083,40.7602367,2026-01-22 21:38:35.000,_20260122_163503_CH02_DUT_TMO_Playstore 60MB_NJ DUT REF_L1.dml,,,,N41(100)+N41(40),NR SA,429,-74.670000,17.830000,,,,,,,,,,,,,0.000,,,,
205,1,,,-73.9266083,40.7602367,2026-01-22 21:38:36.000,_20260122_163503_CH02_DUT_TMO_Playstore 60MB_NJ DUT REF_L1.dml,,,,N41(100)+N41(40),NR SA,429,-75.000000,17.000000,,,,,,,,,,,,,,,,,
206,1,,,-73.9266083,40.7602367,2026-01-22 21:38:37.000,_20260122_163503_CH02_DUT_TMO_Playstore 60MB_NJ DUT REF_L1.dml,,,,N41(100)+N41(40),NR SA,429,-75.600000,16.000000,,,,,,,,,,,,,0.000,,,,
207,1,,,-73.9266083,40.7602367,2026-01-22 21:38:38.000,_20260122_163503_CH02_DUT_TMO_Playstore 60MB_NJ DUT REF_L1.dml,,,,N41(100)+N41(40),NR SA,429,-75.000000,15.860000,,,,,,,,,,,,,0.000,,,,
208,1,,,-73.9266083,40.7602367,2026-01-22 21:38:39.000,_20260122_163503_CH02_DUT_TMO_Playstore 60MB_NJ DUT REF_L1.dml,,,,N41(100)+N41(40),NR SA,429,-75.670000,15.000000,,,,,,,,,,,,,0.000,,,,
209,1,,,-73.9266083,40.7602367,2026-01-22 21:38:40.000,_20260122_163503_CH02_DUT_TMO_Playstore 60MB_NJ DUT REF_L1.dml,,,,N41(100)+N41(40),NR SA,429,-76.170000,15.670000,,,,,,,,,,,,,0.000,,,,
210,1,,,-73.9266083,40.7602367,2026-01-22 21:38:41.000,_20260122_163503_CH02_DUT_TMO_Playstore 60MB_NJ DUT REF_L1.dml,,,,N41(100)+N41(40),NR SA,429,-77.500000,16.620000,,,,,,,,,,,,,0.000,,,,
211,1,,,-73.9266083,40.7602367,2026-01-22 21:38:42.000,_20260122_163503_CH02_DUT_TMO_Playstore 60MB_NJ DUT REF_L1.dml,,,,N41(100)+N41(x),NR SA,429,-77.000000,17.600000,,,,,,,,,,,,,0.000,,,,
212,1,,,-73.9266083,40.7602367,2026-01-22 21:38:43.000,_20260122_163503_CH02_DUT_TMO_Playstore 60MB_NJ DUT REF_L1.dml,,,,N41(100)+N41(40),NR SA,429,-76.720000,18.920000,,,,,,,,,,,,,,,,,
213,1,,,-73.9266083,40.7602367,2026-01-22 21:38:44.000,_20260122_163503_CH02_DUT_TMO_Playstore 60MB_NJ DUT REF_L1.dml,,,,N41(100)+N41(40),NR SA,429,-74.380000,19.120000,,,,,,,,,,,,,0.016,,,,
214,1,,,-73.9266083,40.7602367,2026-01-22 21:38:45.000,_20260122_163503_CH02_DUT_TMO_Playstore 60MB_NJ DUT REF_L1.dml,,,,N41(100)+N41(40),NR SA,429,-75.670000,17.170000,,,,,,,,,,,,,0.000,,,,
215,1,,,-73.9266083,40.7602367,2026-01-22 21:38:46.000,_20260122_163503_CH02_DUT_TMO_Playstore 60MB_NJ DUT REF_L1.dml,,,,N41(100)+N41(40),NR SA,429,-77.800000,16.800000,,,,,,,,,,,,,0.000,,,,
216,1,,,-73.9266083,40.7602367,2026-01-22 21:38:47.000,_20260122_163503_CH02_DUT_TMO_Playstore 60MB_NJ DUT REF_L1.dml,,,,N41(100)+N41(40),NR SA,429,-78.300000,17.400000,,,,,,,,,,,,,,,,,
217,1,,,-73.9266083,40.7602367,2026-01-22 21:38:48.000,_20260122_163503_CH02_DUT_TMO_Playstore 60MB_NJ DUT REF_L1.dml,,,,N41(100)+N41(40),NR SA,429,-78.670000,18.670000,,,,,,,,,,,,,0.000,,,,
218,1,,,-73.9266083,40.7602367,2026-01-22 21:38:49.000,_20260122_163503_CH02_DUT_TMO_Playstore 60MB_NJ DUT REF_L1.dml,,,,N41(100)+N41(40),NR SA,429,-78.500000,18.000000,,,,,,,,,,,,,0.000,,,,
219,1,,,-73.9266083,40.7602367,2026-01-22 21:38:50.000,_20260122_163503_CH02_DUT_TMO_Playstore 60MB_NJ DUT REF_L1.dml,,,,N41(100)+N41(40),NR SA,429,-78.000000,18.000000,,,,,,,,,,,,,0.000,,,,
220,1,,,-73.9266083,40.7602367,2026-01-22 21:38:51.000,_20260122_163503_CH02_DUT_TMO_Playstore 60MB_NJ DUT REF_L1.dml,,,,N41(100)+N41(40),NR SA,429,-78.000000,18.420000,,,,,,,,,,,,,0.008,,,,
221,1,,,-73.9266083,40.7602367,2026-01-22 21:38:52.000,_20260122_163503_CH02_DUT_TMO_Playstore 60MB_NJ DUT REF_L1.dml,,,,N41(100)+N41(40),NR SA,429,-80.070000,15.820000,,,,,,,,,,,,,0.264,,,,
222,1,,,-73.9266083,40.7602367,2026-01-22 21:38:53.000,_20260122_163503_CH02_DUT_TMO_Playstore 60MB_NJ DUT REF_L1.dml,,,,N41(100)+N41(40),NR SA,429,-77.180000,17.230000,,,,,,,,,,,,,0.464,,,,
223,1,,,-73.9266083,40.7602367,2026-01-22 21:38:54.000,_20260122_163503_CH02_DUT_TMO_Playstore 60MB_NJ DUT REF_L1.dml,,,,N41(100)+N41(40),NR SA,429,-75.920000,18.140000,,,,,,,,,,,,,1.008,,,,
224,1,,,-73.9266083,40.7602367,2026-01-22 21:38:55.000,_20260122_163503_CH02_DUT_TMO_Playstore 60MB_NJ DUT REF_L1.dml,,,,N41(100)+N41(40),NR SA,429,-75.520000,18.250000,,,,,,,,,,,,,2.712,,,,
225,1,,,-73.9266083,40.7602367,2026-01-22 21:38:56.000,_20260122_163503_CH02_DUT_TMO_Playstore 60MB_NJ DUT REF_L1.dml,,,,N41(100)+N41(40),NR SA,429,-76.920000,16.230000,,,,,,,,,,,,,,,,,
226,1,,,-73.9266083,40.7602367,2026-01-22 21:38:57.000,_20260122_163503_CH02_DUT_TMO_Playstore 60MB_NJ DUT REF_L1.dml,,,,N41(100)+N41(40),NR SA,429,-74.830000,17.500000,,,,,,,,,,,,,0.320,,,,
227,1,,,-73.9266083,40.7602367,2026-01-22 21:38:58.000,_20260122_163503_CH02_DUT_TMO_Playstore 60MB_NJ DUT REF_L1.dml,,,,N41(100)+N41(40),NR SA,429,-73.810000,17.960000,,,,,,,,,,,,,,,,,
228,1,,,-73.9266083,40.7602367,2026-01-22 21:38:59.000,_20260122_163503_CH02_DUT_TMO_Playstore 60MB_NJ DUT REF_L1.dml,,,,N41(100)+N41(40),NR SA,429,-74.350000,17.190000,,,,,,,,,,,,,0.064,,,,
229,1,,,-73.9266083,40.7602367,2026-01-22 21:39:00.000,_20260122_163503_CH02_DUT_TMO_Playstore 60MB_NJ DUT REF_L1.dml,,,,N41(100)+N41(40),NR SA,429,-77.670000,14.170000,,,,,,,,,,,,,0.152,,,,
230,1,,,-73.9266083,40.7602367,2026-01-22 21:39:01.000,_20260122_163503_CH02_DUT_TMO_Playstore 60MB_NJ DUT REF_L1.dml,,,,N41(100)+N41(40),NR SA,429,-76.000000,15.290000,,,,,,,,,,,,,,,,,
231,1,,,-73.9266083,40.7602367,2026-01-22 21:39:02.000,_20260122_163503_CH02_DUT_TMO_Playstore 60MB_NJ DUT REF_L1.dml,,,,N41(100)+N41(40),NR SA,429,-73.500000,18.500000,,,,,,,,,,,,,0.000,,,,
232,1,,,-73.9266083,40.7602367,2026-01-22 21:39:03.000,_20260122_163503_CH02_DUT_TMO_Playstore 60MB_NJ DUT REF_L1.dml,,,,N41(100)+N41(40),NR SA,429,-74.000000,18.000000,,,,,,,,,,,,,0.000,,,,
233,1,,,-73.9266083,40.7602367,2026-01-22 21:39:04.000,_20260122_163503_CH02_DUT_TMO_Playstore 60MB_NJ DUT REF_L1.dml,,,,N41(100)+N41(40),NR SA,429,-74.000000,18.500000,,,,,,,,,,,,,0.000,,,,
234,1,,,-73.9266083,40.7602367,2026-01-22 21:39:05.000,_20260122_163503_CH02_DUT_TMO_Playstore 60MB_NJ DUT REF_L1.dml,,,,N41(100)+N41(40),NR SA,429,-73.670000,18.670000,,,,,,,,,,,,,0.000,,,,
235,1,,,-73.9266083,40.7602367,2026-01-22 21:39:06.000,_20260122_163503_CH02_DUT_TMO_Playstore 60MB_NJ DUT REF_L1.dml,,,,N41(100)+N41(40),NR SA,429,-73.000000,19.000000,,,,,,,,,,,,,0.016,,,,
236,1,,,-73.9266083,40.7602367,2026-01-22 21:39:07.000,_20260122_163503_CH02_DUT_TMO_Playstore 60MB_NJ DUT REF_L1.dml,,,,N41(100)+N41(40),NR SA,429,-72.620000,21.000000,,,,,,,,,,,,,,,,,
237,1,,,-73.9265767,40.7602350,2026-01-22 21:39:08.000,_20260122_163503_CH02_DUT_TMO_Playstore 60MB_NJ DUT REF_L1.dml,,,,N41(100)+N41(40),NR SA,429,-73.330000,20.000000,,,,,,,,,,,,,0.000,,,,
238,1,,,-73.9265700,40.7602350,2026-01-22 21:39:09.000,_20260122_163503_CH02_DUT_TMO_Playstore 60MB_NJ DUT REF_L1.dml,,,,N41(100)+N41(40),NR SA,429,-75.000000,18.000000,,,,,,,,,,,,,,,,,
239,1,,,-73.9265633,40.7602317,2026-01-22 21:39:10.000,_20260122_163503_CH02_DUT_TMO_Playstore 60MB_NJ DUT REF_L1.dml,,,,N41(100)+N41(40),NR SA,429,-74.670000,18.000000,,,,,,,,,,,,,0.000,,,,
240,1,,,-73.9265583,40.7602300,2026-01-22 21:39:11.000,_20260122_163503_CH02_DUT_TMO_Playstore 60MB_NJ DUT REF_L1.dml,,,,N41(100)+N41(40),NR SA,429,-74.000000,20.000000,,,,,,,,,,,,,0.000,,,,
241,1,,,-73.9265533,40.7602267,2026-01-22 21:39:12.000,_20260122_163503_CH02_DUT_TMO_Playstore 60MB_NJ DUT REF_L1.dml,,,,N41(100)+N41(40),NR SA,429,-74.330000,18.170000,,,,,,,,,,,,,0.000,,,,
242,1,,,-73.9265500,40.7602233,2026-01-22 21:39:13.000,_20260122_163503_CH02_DUT_TMO_Playstore 60MB_NJ DUT REF_L1.dml,,,,N41(100)+N41(40),NR SA,429,-75.000000,16.570000,,,,,,,,,,,,,,,,,
243,1,,,-73.9265500,40.7602217,2026-01-22 21:39:14.000,_20260122_163503_CH02_DUT_TMO_Playstore 60MB_NJ DUT REF_L1.dml,,,,N41(100)+N41(40),NR SA,429,-75.000000,16.500000,,,,,,,,,,,,,0.000,,,,
244,1,,,-73.9265500,40.7602183,2026-01-22 21:39:15.000,_20260122_163503_CH02_DUT_TMO_Playstore 60MB_NJ DUT REF_L1.dml,,,,N41(x)+N41(x),NR SA,429,-75.200000,17.000000,,,,,,,,,,,,,0.000,,,,
245,1,,,-73.9265500,40.7602167,2026-01-22 21:39:16.000,_20260122_163503_CH02_DUT_TMO_Playstore 60MB_NJ DUT REF_L1.dml,,,,N41(x)+N41(x),NR SA,429,-75.500000,17.500000,,,,,,,,,,,,,,,,,
246,1,,,-73.9265517,40.7602117,2026-01-22 21:39:17.000,_20260122_163503_CH02_DUT_TMO_Playstore 60MB_NJ DUT REF_L1.dml,,,,,NR SA,,,,,,,,,,,,,,,,,,,,
247,1,,,-73.9265533,40.7602083,2026-01-22 21:39:18.000,_20260122_163503_CH02_DUT_TMO_Playstore 60MB_NJ DUT REF_L1.dml,,,,,NR SA,,,,,,,,,,,,,,,,,,,,
248,1,,,-73.9265533,40.7602050,2026-01-22 21:39:19.000,_20260122_163503_CH02_DUT_TMO_Playstore 60MB_NJ DUT REF_L1.dml,,,,,NR SA,,,,,,,,,,,,,,,,,,,,
249,1,,,-73.9265533,40.7602050,2026-01-22 21:39:20.000,_20260122_163503_CH02_DUT_TMO_Playstore 60MB_NJ DUT REF_L1.dml,,,,N41(100)+N41(40),NR SA,429,-76.380000,15.920000,,,,,,,,,,,,,,,,,
250,1,,,-73.9265550,40.7602033,2026-01-22 21:39:21.000,_20260122_163503_CH02_DUT_TMO_Playstore 60MB_NJ DUT REF_L1.dml,,,,N41(100)+N41(40),NR SA,429,-77.080000,15.150000,,,,,,,,,,,,,,,,,
251,1,,,-73.9265567,40.7602017,2026-01-22 21:39:22.000,_20260122_163503_CH02_DUT_TMO_Playstore 60MB_NJ DUT REF_L1.dml,,,,N41(100)+N41(40),NR SA,429,-76.300000,16.700000,,,,,,,,,,,,,0.024,,,,
252,1,,,-73.9265583,40.7601983,2026-01-22 21:39:23.000,_20260122_163503_CH02_DUT_TMO_Playstore 60MB_NJ DUT REF_L1.dml,,,,N41(100)+N41(40),NR SA,429,-77.000000,16.500000,,,,,,,,,,,,,0.000,,,,
253,1,,,-73.9265583,40.7601950,2026-01-22 21:39:24.000,_20260122_163503_CH02_DUT_TMO_Playstore 60MB_NJ DUT REF_L1.dml,,,,N41(100)+N41(40),NR SA,429,-75.820000,19.000000,,,,,,,,,,,,,0.000,,,,
254,1,,,-73.9265600,40.7601917,2026-01-22 21:39:25.000,_20260122_163503_CH02_DUT_TMO_Playstore 60MB_NJ DUT REF_L1.dml,,,,N41(100)+N41(40),NR SA,429,-77.000000,16.000000,,,,,,,,,,,,,0.000,,,,
255,1,,,-73.9265600,40.7601900,2026-01-22 21:39:26.000,_20260122_163503_CH02_DUT_TMO_Playstore 60MB_NJ DUT REF_L1.dml,,,,N41(100)+N41(40),NR SA,429,-77.500000,17.000000,,,,,,,,,,,,,,,,,
256,1,,,-73.9265633,40.7601867,2026-01-22 21:39:27.000,_20260122_163503_CH02_DUT_TMO_Playstore 60MB_NJ DUT REF_L1.dml,,,,N41(100)+N41(40),NR SA,429,-77.600000,16.600000,,,,,,,,,,,,,0.000,,,,
257,1,,,-73.9265650,40.7601850,2026-01-22 21:39:28.000,_20260122_163503_CH02_DUT_TMO_Playstore 60MB_NJ DUT REF_L1.dml,,,,N41(100)+N41(40),NR SA,429,-77.670000,17.000000,,,,,,,,,,,,,0.000,,,,
258,1,,,-73.9265667,40.7601833,2026-01-22 21:39:29.000,_20260122_163503_CH02_DUT_TMO_Playstore 60MB_NJ DUT REF_L1.dml,,,,N41(100)+N41(40),NR SA,429,-77.170000,17.330000,,,,,,,,,,,,,0.000,,,,
259,1,,,-73.9265700,40.7601833,2026-01-22 21:39:30.000,_20260122_163503_CH02_DUT_TMO_Playstore 60MB_NJ DUT REF_L1.dml,,,,N41(100)+N41(40),NR SA,429,-75.400000,18.000000,,,,,,,,,,,,,0.072,,,,
260,1,,,-73.9265717,40.7601833,2026-01-22 21:39:31.000,_20260122_163503_CH02_DUT_TMO_Playstore 60MB_NJ DUT REF_L1.dml,,,,N41(100)+N41(40),NR SA,429,-76.880000,17.040000,,,,,,,,,,,,,0.048,,,,
261,1,,,-73.9265733,40.7601850,2026-01-22 21:39:32.000,_20260122_163503_CH02_DUT_TMO_Playstore 60MB_NJ DUT REF_L1.dml,,,,N41(100)+N41(40),NR SA,429,-75.510000,19.690000,,,,,,,,,,,,,0.184,,,,
262,1,,,-73.9265750,40.7601883,2026-01-22 21:39:33.000,_20260122_163503_CH02_DUT_TMO_Playstore 60MB_NJ DUT REF_L1.dml,,,,N41(100)+N41(40),NR SA,429,-76.540000,18.670000,,,,,,,,,,,,,0.464,,,,
263,1,,,-73.9265717,40.7601900,2026-01-22 21:39:34.000,_20260122_163503_CH02_DUT_TMO_Playstore 60MB_NJ DUT REF_L1.dml,,,,N41(100)+N41(40),NR SA,429,-75.300000,18.430000,,,,,,,,,,,,,1.888,,,,
264,1,,,-73.9265683,40.7601917,2026-01-22 21:39:35.000,_20260122_163503_CH02_DUT_TMO_Playstore 60MB_NJ DUT REF_L1.dml,,,,N41(100)+N41(40),NR SA,429,-80.050000,15.320000,,,,,,,,,,,,,1.168,,,,
265,1,,,-73.9265650,40.7601933,2026-01-22 21:39:36.000,_20260122_163503_CH02_DUT_TMO_Playstore 60MB_NJ DUT REF_L1.dml,,,,N41(100)+N41(40),NR SA,429,-76.740000,16.680000,,,,,,,,,,,,,0.744,,,,
266,1,,,-73.9265617,40.7601950,2026-01-22 21:39:37.000,_20260122_163503_CH02_DUT_TMO_Playstore 60MB_NJ DUT REF_L1.dml,,,,N41(100)+N41(40),NR SA,429,-74.590000,18.530000,,,,,,,,,,,,,,,,,
267,1,,,-73.9265600,40.7601950,2026-01-22 21:39:38.000,_20260122_163503_CH02_DUT_TMO_Playstore 60MB_NJ DUT REF_L1.dml,,,,N41(100)+N41(40),NR SA,429,-75.360000,17.270000,,,,,,,,,,,,,0.216,,,,
268,1,,,-73.9265567,40.7601950,2026-01-22 21:39:39.000,_20260122_163503_CH02_DUT_TMO_Playstore 60MB_NJ DUT REF_L1.dml,,,,N41(100)+N41(40),NR SA,429,-77.000000,15.390000,,,,,,,,,,,,,,,,,
269,1,,,-73.9265533,40.7601950,2026-01-22 21:39:40.000,_20260122_163503_CH02_DUT_TMO_Playstore 60MB_NJ DUT REF_L1.dml,,,,N41(100)+N41(40),NR SA,429,-76.000000,16.100000,,,,,,,,,,,,,0.056,,,,
270,1,,,-73.9265500,40.7601933,2026-01-22 21:39:41.000,_20260122_163503_CH02_DUT_TMO_Playstore 60MB_NJ DUT REF_L1.dml,,,,N41(100)+N41(40),NR SA,429,-75.500000,16.830000,,,,,,,,,,,,,0.000,,,,
271,1,,,-73.9265483,40.7601917,2026-01-22 21:39:42.000,_20260122_163503_CH02_DUT_TMO_Playstore 60MB_NJ DUT REF_L1.dml,,,,N41(100)+N41(40),NR SA,429,-75.140000,16.570000,,,,,,,,,,,,,,,,,
272,1,,,-73.9265450,40.7601867,2026-01-22 21:39:43.000,_20260122_163503_CH02_DUT_TMO_Playstore 60MB_NJ DUT REF_L1.dml,,,,N41(100)+N41(40),NR SA,429,-75.600000,15.300000,,,,,,,,,,,,,0.016,,,,
273,1,,,-73.9265433,40.7601850,2026-01-22 21:39:44.000,_20260122_163503_CH02_DUT_TMO_Playstore 60MB_NJ DUT REF_L1.dml,,,,N41(100)+N41(40),NR SA,429,-76.000000,15.000000,,,,,,,,,,,,,0.000,,,,
274,1,,,-73.9265417,40.7601817,2026-01-22 21:39:45.000,_20260122_163503_CH02_DUT_TMO_Playstore 60MB_NJ DUT REF_L1.dml,,,,N41(100)+N41(40),NR SA,429,-75.000000,17.250000,,,,,,,,,,,,,0.000,,,,
275,1,,,-73.9265383,40.7601783,2026-01-22 21:39:46.000,_20260122_163503_CH02_DUT_TMO_Playstore 60MB_NJ DUT REF_L1.dml,,,,N41(100)+N41(40),NR SA,429,-75.000000,19.250000,,,,,,,,,,,,,0.000,,,,
276,1,,,-73.9265367,40.7601750,2026-01-22 21:39:47.000,_20260122_163503_CH02_DUT_TMO_Playstore 60MB_NJ DUT REF_L1.dml,,,,N41(100)+N41(40),NR SA,429,-76.440000,16.330000,,,,,,,,,,,,,0.000,,,,
277,1,,,-73.9265350,40.7601717,2026-01-22 21:39:48.000,_20260122_163503_CH02_DUT_TMO_Playstore 60MB_NJ DUT REF_L1.dml,,,,N41(100)+N41(40),NR SA,429,-75.000000,18.000000,,,,,,,,,,,,,0.000,,,,
278,1,,,-73.9265333,40.7601700,2026-01-22 21:39:49.000,_20260122_163503_CH02_DUT_TMO_Playstore 60MB_NJ DUT REF_L1.dml,,,,N41(100),NR SA,429,-75.100000,18.700000,,,,,,,,,,,,,,,,,
279,1,,,-73.9265317,40.7601667,2026-01-22 21:39:50.000,_20260122_163503_CH02_DUT_TMO_Playstore 60MB_NJ DUT REF_L1.dml,,,,N41(100)+N41(40),NR SA,429,-74.620000,17.870000,,,,,,,,,,,,,0.044,,,,
280,1,,,-73.9265333,40.7601667,2026-01-22 21:39:51.000,_20260122_163503_CH02_DUT_TMO_Playstore 60MB_NJ DUT REF_L1.dml,,,,N41(100)+N41(40),NR SA,429,-75.800000,17.800000,,,,,,,,,,,,,,,,,
281,1,,,-73.9265300,40.7601667,2026-01-22 21:39:52.000,_20260122_163503_CH02_DUT_TMO_Playstore 60MB_NJ DUT REF_L1.dml,,,,N41(100)+N41(40),NR SA,429,-75.290000,17.000000,,,,,,,,,,,,,0.000,,,,
282,1,,,-73.9265317,40.7601667,2026-01-22 21:39:53.000,_20260122_163503_CH02_DUT_TMO_Playstore 60MB_NJ DUT REF_L1.dml,,,,N41(100)+N41(40),NR SA,429,-75.550000,16.730000,,,,,,,,,,,,,0.000,,,,
283,1,,,-73.9265317,40.7601683,2026-01-22 21:39:54.000,_20260122_163503_CH02_DUT_TMO_Playstore 60MB_NJ DUT REF_L1.dml,,,,,NR SA,,,,,,,,,,,,,,,,,,,,
284,1,,,-73.9265317,40.7601717,2026-01-22 21:39:55.000,_20260122_163503_CH02_DUT_TMO_Playstore 60MB_NJ DUT REF_L1.dml,,,,N41(100)+N41(40),NR SA,429,-75.430000,16.710000,,,,,,,,,,,,,0.000,,,,
285,1,,,-73.9265317,40.7601733,2026-01-22 21:39:56.000,_20260122_163503_CH02_DUT_TMO_Playstore 60MB_NJ DUT REF_L1.dml,,,,N41(100)+N41(40),NR SA,429,-75.000000,17.600000,,,,,,,,,,,,,0.000,,,,
286,1,,,-73.9265317,40.7601767,2026-01-22 21:39:57.000,_20260122_163503_CH02_DUT_TMO_Playstore 60MB_NJ DUT REF_L1.dml,,,,N41(100)+N41(40),NR SA,429,-75.000000,17.000000,,,,,,,,,,,,,0.000,,,,
287,1,,,-73.9265333,40.7601800,2026-01-22 21:39:58.000,_20260122_163503_CH02_DUT_TMO_Playstore 60MB_NJ DUT REF_L1.dml,,,,N41(100)+N41(40),NR SA,429,-74.250000,17.000000,,,,,,,,,,,,,0.000,,,,
288,1,,,-73.9265350,40.7601833,2026-01-22 21:39:59.000,_20260122_163503_CH02_DUT_TMO_Playstore 60MB_NJ DUT REF_L1.dml,,,,N41(x)+N41(x),NR SA,429,-75.000000,18.000000,,,,,,,,,,,,,,,,,
289,1,,,-73.9265383,40.7601867,2026-01-22 21:40:00.000,_20260122_163503_CH02_DUT_TMO_Playstore 60MB_NJ DUT REF_L1.dml,,,,N41(x),NR SA,429,-74.000000,19.000000,,,,,,,,,,,,,,,,,
290,1,,,-73.9265383,40.7601917,2026-01-22 21:40:01.000,_20260122_163503_CH02_DUT_TMO_Playstore 60MB_NJ DUT REF_L1.dml,,,,,NR SA,,,,,,,,,,,,,,,,,,,,
291,1,,,-73.9265400,40.7601950,2026-01-22 21:40:02.000,_20260122_163503_CH02_DUT_TMO_Playstore 60MB_NJ DUT REF_L1.dml,,,,,NR SA,,,,,,,,,,,,,,,,,,,,
292,1,,,-73.9265417,40.7601967,2026-01-22 21:40:03.000,_20260122_163503_CH02_DUT_TMO_Playstore 60MB_NJ DUT REF_L1.dml,,,,,NR SA,,,,,,,,,,,,,,,,,,,,
293,1,,,-73.9265433,40.7602000,2026-01-22 21:40:04.000,_20260122_163503_CH02_DUT_TMO_Playstore 60MB_NJ DUT REF_L1.dml,,,,,NR SA,,,,,,,,,,,,,,,,,,,,
294,1,,,-73.9265433,40.7602017,2026-01-22 21:40:05.000,_20260122_163503_CH02_DUT_TMO_Playstore 60MB_NJ DUT REF_L1.dml,,,,,NR SA,,,,,,,,,,,,,,,,,,,,
295,1,,,-73.9265467,40.7602067,2026-01-22 21:40:06.000,_20260122_163503_CH02_DUT_TMO_Playstore 60MB_NJ DUT REF_L1.dml,,,,,NR SA,,,,,,,,,,,,,,,,,,,,
296,1,,,-73.9265467,40.7602067,2026-01-22 21:40:07.000,_20260122_163503_CH02_DUT_TMO_Playstore 60MB_NJ DUT REF_L1.dml,,,,,NR SA,,,,,,,,,,,,,,,,,,,,
297,1,,,-73.9265483,40.7602083,2026-01-22 21:40:08.000,_20260122_163503_CH02_DUT_TMO_Playstore 60MB_NJ DUT REF_L1.dml,,,,,NR SA,,,,,,,,,,,,,,,,,,,,
298,1,,,-73.9265517,40.7602117,2026-01-22 21:40:09.000,_20260122_163503_CH02_DUT_TMO_Playstore 60MB_NJ DUT REF_L1.dml,,,,,NR SA,,,,,,,,,,,,,,,,,,,,
299,1,,,-73.9265517,40.7602117,2026-01-22 21:40:10.000,_20260122_163503_CH02_DUT_TMO_Playstore 60MB_NJ DUT REF_L1.dml,,,,,NR SA,,,,,,,,,,,,,,,,,,,,
300,1,,,-73.9265517,40.7602117,2026-01-22 21:40:11.000,_20260122_163503_CH02_DUT_TMO_Playstore 60MB_NJ DUT REF_L1.dml,,,,N41(100)+N41(x),NR SA,429,-75.000000,19.000000,,,,,,,,,,,,,,,,,
301,1,,,-73.9265500,40.7602083,2026-01-22 21:40:12.000,_20260122_163503_CH02_DUT_TMO_Playstore 60MB_NJ DUT REF_L1.dml,,,,N41(100)+N41(40),NR SA,429,-74.540000,20.110000,,,,,,,,,,,,,,,,,
302,1,,,-73.9265483,40.7602033,2026-01-22 21:40:13.000,_20260122_163503_CH02_DUT_TMO_Playstore 60MB_NJ DUT REF_L1.dml,,,,N41(100)+N41(40),NR SA,429,-75.000000,17.000000,,,,,,,,,,,,,0.016,,,,
303,1,,,-73.9265517,40.7602050,2026-01-22 21:40:14.000,_20260122_163503_CH02_DUT_TMO_Playstore 60MB_NJ DUT REF_L1.dml,,,,N41(100)+N41(40),NR SA,429,-75.170000,17.000000,,,,,,,,,,,,,0.000,,,,
304,1,,,-73.9265533,40.7602083,2026-01-22 21:40:15.000,_20260122_163503_CH02_DUT_TMO_Playstore 60MB_NJ DUT REF_L1.dml,,,,N41(100)+N41(40),NR SA,429,-74.250000,18.380000,,,,,,,,,,,,,0.000,,,,
305,1,,,-73.9265550,40.7602117,2026-01-22 21:40:16.000,_20260122_163503_CH02_DUT_TMO_Playstore 60MB_NJ DUT REF_L1.dml,,,,N41(100)+N41(40),NR SA,429,-73.860000,19.290000,,,,,,,,,,,,,0.000,,,,
306,1,,,-73.9265550,40.7602133,2026-01-22 21:40:17.000,_20260122_163503_CH02_DUT_TMO_Playstore 60MB_NJ DUT REF_L1.dml,,,,N41(100)+N41(40),NR SA,429,-72.570000,19.570000,,,,,,,,,,,,,,,,,
307,1,,,-73.9265550,40.7602117,2026-01-22 21:40:18.000,_20260122_163503_CH02_DUT_TMO_Playstore 60MB_NJ DUT REF_L1.dml,,,,N41(100)+N41(40),NR SA,429,-74.700000,18.350000,,,,,,,,,,,,,0.000,,,,
308,1,,,-73.9265567,40.7602133,2026-01-22 21:40:19.000,_20260122_163503_CH02_DUT_TMO_Playstore 60MB_NJ DUT REF_L1.dml,,,,N41(100)+N41(40),NR SA,429,-74.950000,17.020000,,,,,,,,,,,,,0.008,,,,
309,1,,,-73.9265583,40.7602133,2026-01-22 21:40:20.000,_20260122_163503_CH02_DUT_TMO_Playstore 60MB_NJ DUT REF_L1.dml,,,,N41(100)+N41(40),NR SA,429,-74.740000,16.740000,,,,,,,,,,,,,0.008,,,,
310,1,,,-73.9265583,40.7602133,2026-01-22 21:40:21.000,_20260122_163503_CH02_DUT_TMO_Playstore 60MB_NJ DUT REF_L1.dml,,,,N41(x)+N41(x),NR SA,429,-74.640000,18.270000,,,,,,,,,,,,,0.000,,,,
311,1,,,-73.9265650,40.7602183,2026-01-22 21:40:22.000,_20260122_163503_CH02_DUT_TMO_Playstore 60MB_NJ DUT REF_L1.dml,,,,N41(x)+N41(x),NR SA,429,-77.000000,12.000000,,,,,,,,,,,,,,,,,
312,1,,,-73.9265683,40.7602200,2026-01-22 21:40:23.000,_20260122_163503_CH02_DUT_TMO_Playstore 60MB_NJ DUT REF_L1.dml,,,,,NR SA,,,,,,,,,,,,,,,,,,,,
313,1,,,-73.9265717,40.7602233,2026-01-22 21:40:24.000,_20260122_163503_CH02_DUT_TMO_Playstore 60MB_NJ DUT REF_L1.dml,,,,,NR SA,,,,,,,,,,,,,,,,,,,,
314,1,,,-73.9265717,40.7602233,2026-01-22 21:40:25.000,_20260122_163503_CH02_DUT_TMO_Playstore 60MB_NJ DUT REF_L1.dml,,,,,NR SA,,,,,,,,,,,,,,,,,,,,
315,1,,,-73.9265733,40.7602250,2026-01-22 21:40:26.000,_20260122_163503_CH02_DUT_TMO_Playstore 60MB_NJ DUT REF_L1.dml,,,,,NR SA,,,,,,,,,,,,,,,,,,,,
316,1,,,-73.9265733,40.7602250,2026-01-22 21:40:27.000,_20260122_163503_CH02_DUT_TMO_Playstore 60MB_NJ DUT REF_L1.dml,,,,,NR SA,,,,,,,,,,,,,,,,,,,,
317,1,,,-73.9265750,40.7602233,2026-01-22 21:40:28.000,_20260122_163503_CH02_DUT_TMO_Playstore 60MB_NJ DUT REF_L1.dml,,,,,NR SA,,,,,,,,,,,,,,,,,,,,
318,1,,,-73.9265733,40.7602200,2026-01-22 21:40:29.000,_20260122_163503_CH02_DUT_TMO_Playstore 60MB_NJ DUT REF_L1.dml,,,,,NR SA,,,,,,,,,,,,,,,,,,,,
319,1,,,-73.9265700,40.7602200,2026-01-22 21:40:30.000,_20260122_163503_CH02_DUT_TMO_Playstore 60MB_NJ DUT REF_L1.dml,,,,,NR SA,,,,,,,,,,,,,,,,,,,,
320,1,,,-73.9265700,40.7602183,2026-01-22 21:40:31.000,_20260122_163503_CH02_DUT_TMO_Playstore 60MB_NJ DUT REF_L1.dml,,,,,NR SA,,,,,,,,,,,,,,,,,,,,
321,1,,,-73.9265683,40.7602200,2026-01-22 21:40:32.000,_20260122_163503_CH02_DUT_TMO_Playstore 60MB_NJ DUT REF_L1.dml,,,,,NR SA,,,,,,,,,,,,,,,,,,,,
322,1,,,-73.9265683,40.7602200,2026-01-22 21:40:33.000,_20260122_163503_CH02_DUT_TMO_Playstore 60MB_NJ DUT REF_L1.dml,,,,,NR SA,,,,,,,,,,,,,,,,,,,,
323,1,,,-73.9265683,40.7602200,2026-01-22 21:40:34.000,_20260122_163503_CH02_DUT_TMO_Playstore 60MB_NJ DUT REF_L1.dml,,,,N41(x),NR SA,429,-77.000000,17.000000,,,,,,,,,,,,,,,,,
324,1,,,-73.9265683,40.7602200,2026-01-22 21:40:35.000,_20260122_163503_CH02_DUT_TMO_Playstore 60MB_NJ DUT REF_L1.dml,,,,N41(100)+N41(40),NR SA,429,-75.500000,18.440000,,,,,,,,,,,,,,,,,
325,1,,,-73.9265683,40.7602200,2026-01-22 21:40:36.000,_20260122_163503_CH02_DUT_TMO_Playstore 60MB_NJ DUT REF_L1.dml,,,,N41(100)+N41(40),NR SA,429,-77.360000,17.730000,,,,,,,,,,,,,0.016,,,,
326,1,,,-73.9265683,40.7602200,2026-01-22 21:40:37.000,_20260122_163503_CH02_DUT_TMO_Playstore 60MB_NJ DUT REF_L1.dml,,,,N41(100)+N41(40),NR SA,429,-79.530000,15.060000,,,,,,,,,,,,,0.320,,,,
327,1,,,-73.9265683,40.7602200,2026-01-22 21:40:38.000,_20260122_163503_CH02_DUT_TMO_Playstore 60MB_NJ DUT REF_L1.dml,,,,N41(100)+N41(40),NR SA,429,-77.040000,18.020000,,,,,,,,,,,,,0.344,,,,
328,1,,,-73.9265683,40.7602200,2026-01-22 21:40:39.000,_20260122_163503_CH02_DUT_TMO_Playstore 60MB_NJ DUT REF_L1.dml,,,,N41(100)+N41(40),NR SA,429,-79.570000,13.450000,,,,,,,,,,,,,0.736,,,,
329,1,,,-73.9265683,40.7602200,2026-01-22 21:40:40.000,_20260122_163503_CH02_DUT_TMO_Playstore 60MB_NJ DUT REF_L1.dml,,,,N41(100)+N41(40),NR SA,429,-79.730000,13.520000,,,,,,,,,,,,,1.920,,,,
330,1,,,-73.9265683,40.7602200,2026-01-22 21:40:41.000,_20260122_163503_CH02_DUT_TMO_Playstore 60MB_NJ DUT REF_L1.dml,,,,N41(100)+N41(40),NR SA,429,-76.500000,16.340000,,,,,,,,,,,,,,,,,
331,1,,,-73.9265683,40.7602200,2026-01-22 21:40:42.000,_20260122_163503_CH02_DUT_TMO_Playstore 60MB_NJ DUT REF_L1.dml,,,,N41(100)+N41(40),NR SA,429,-76.140000,17.290000,,,,,,,,,,,,,1.600,,,,
332,1,,,-73.9265683,40.7602200,2026-01-22 21:40:43.000,_20260122_163503_CH02_DUT_TMO_Playstore 60MB_NJ DUT REF_L1.dml,,,,N41(100)+N41(40),NR SA,429,-75.330000,17.830000,,,,,,,,,,,,,0.000,,,,
333,1,,,-73.9265600,40.7602283,2026-01-22 21:40:44.000,_20260122_163503_CH02_DUT_TMO_Playstore 60MB_NJ DUT REF_L1.dml,,,,N41(100)+N41(40),NR SA,429,-75.500000,17.830000,,,,,,,,,,,,,0.072,,,,
334,1,,,-73.9265633,40.7602300,2026-01-22 21:40:45.000,_20260122_163503_CH02_DUT_TMO_Playstore 60MB_NJ DUT REF_L1.dml,,,,N41(100)+N41(40),NR SA,429,-76.900000,16.600000,,,,,,,,,,,,,0.000,,,,
335,1,,,-73.9265650,40.7602317,2026-01-22 21:40:46.000,_20260122_163503_CH02_DUT_TMO_Playstore 60MB_NJ DUT REF_L1.dml,,,,N41(100)+N41(40),NR SA,429,-78.000000,17.000000,,,,,,,,,,,,,,,,,
336,1,,,-73.9265650,40.7602317,2026-01-22 21:40:47.000,_20260122_163503_CH02_DUT_TMO_Playstore 60MB_NJ DUT REF_L1.dml,,,,N41(100)+N41(40),NR SA,429,-78.540000,17.230000,,,,,,,,,,,,,0.000,,,,
337,1,,,-73.9265633,40.7602300,2026-01-22 21:40:48.000,_20260122_163503_CH02_DUT_TMO_Playstore 60MB_NJ DUT REF_L1.dml,,,,N41(100)+N41(40),NR SA,429,-77.800000,17.000000,,,,,,,,,,,,,0.008,,,,
338,1,,,-73.9265633,40.7602233,2026-01-22 21:40:49.000,_20260122_163503_CH02_DUT_TMO_Playstore 60MB_NJ DUT REF_L1.dml,,,,N41(100)+N41(40),NR SA,429,-75.290000,18.710000,,,,,,,,,,,,,0.000,,,,
339,1,,,-73.9265633,40.7602183,2026-01-22 21:40:50.000,_20260122_163503_CH02_DUT_TMO_Playstore 60MB_NJ DUT REF_L1.dml,,,,N41(100)+N41(40),NR SA,429,-75.330000,15.670000,,,,,,,,,,,,,0.000,,,,
340,1,,,-73.9265600,40.7602117,2026-01-22 21:40:51.000,_20260122_163503_CH02_DUT_TMO_Playstore 60MB_NJ DUT REF_L1.dml,,,,N41(100)+N41(40),NR SA,429,-77.000000,15.670000,,,,,,,,,,,,,,,,,
341,1,,,-73.9265600,40.7602067,2026-01-22 21:40:52.000,_20260122_163503_CH02_DUT_TMO_Playstore 60MB_NJ DUT REF_L1.dml,,,,N41(100)+N41(40),NR SA,429,-77.500000,15.500000,,,,,,,,,,,,,0.000,,,,
342,1,,,-73.9265583,40.7602017,2026-01-22 21:40:53.000,_20260122_163503_CH02_DUT_TMO_Playstore 60MB_NJ DUT REF_L1.dml,,,,N41(100)+N41(40),NR SA,429,-76.140000,18.710000,,,,,,,,,,,,,0.000,,,,
343,1,,,-73.9265550,40.7601983,2026-01-22 21:40:54.000,_20260122_163503_CH02_DUT_TMO_Playstore 60MB_NJ DUT REF_L1.dml,,,,N41(100)+N41(40),NR SA,429,-79.200000,14.900000,,,,,,,,,,,,,0.088,,,,
344,1,,,-73.9265550,40.7601950,2026-01-22 21:40:55.000,_20260122_163503_CH02_DUT_TMO_Playstore 60MB_NJ DUT REF_L1.dml,,,,N41(100),NR SA,429,-73.000000,19.000000,,,,,,,,,,,,,,,,,
345,1,,,-73.9265533,40.7601950,2026-01-22 21:40:56.000,_20260122_163503_CH02_DUT_TMO_Playstore 60MB_NJ DUT REF_L1.dml,,,,N41(100)+N41(40),NR SA,429,-75.170000,17.830000,,,,,,,,,,,,,0.000,,,,
346,1,,,-73.9265533,40.7601933,2026-01-22 21:40:57.000,_20260122_163503_CH02_DUT_TMO_Playstore 60MB_NJ DUT REF_L1.dml,,,,N41(100)+N41(40),NR SA,429,-76.880000,15.880000,,,,,,,,,,,,,0.008,,,,
347,1,,,-73.9265533,40.7601933,2026-01-22 21:40:58.000,_20260122_163503_CH02_DUT_TMO_Playstore 60MB_NJ DUT REF_L1.dml,,,,N41(100)+N41(40),NR SA,429,-76.920000,16.080000,,,,,,,,,,,,,0.016,,,,
348,1,,,-73.9265533,40.7601917,2026-01-22 21:40:59.000,_20260122_163503_CH02_DUT_TMO_Playstore 60MB_NJ DUT REF_L1.dml,,,,N41(100)+N41(40),NR SA,429,-78.330000,16.220000,,,,,,,,,,,,,0.024,,,,
349,1,,,-73.9265550,40.7601900,2026-01-22 21:41:00.000,_20260122_163503_CH02_DUT_TMO_Playstore 60MB_NJ DUT REF_L1.dml,,,,N41(100)+N41(40),NR SA,429,-76.690000,17.230000,,,,,,,,,,,,,,,,,
350,1,,,-73.9265533,40.7601900,2026-01-22 21:41:01.000,_20260122_163503_CH02_DUT_TMO_Playstore 60MB_NJ DUT REF_L1.dml,,,,N41(100)+N41(40),NR SA,429,-76.450000,18.000000,,,,,,,,,,,,,0.024,,,,
351,1,,,-73.9265550,40.7601883,2026-01-22 21:41:02.000,_20260122_163503_CH02_DUT_TMO_Playstore 60MB_NJ DUT REF_L1.dml,,,,N41(100)+N41(40),NR SA,429,-76.330000,15.330000,,,,,,,,,,,,,0.000,,,,
352,1,,,-73.9265550,40.7601900,2026-01-22 21:41:03.000,_20260122_163503_CH02_DUT_TMO_Playstore 60MB_NJ DUT REF_L1.dml,,,,N41(100)+N41(40),NR SA,429,-78.590000,16.480000,,,,,,,,,,,,,0.104,,,,
353,1,,,-73.9265550,40.7601900,2026-01-22 21:41:04.000,_20260122_163503_CH02_DUT_TMO_Playstore 60MB_NJ DUT REF_L1.dml,,,,N41(100)+N41(40),NR SA,429,-78.780000,15.430000,,,,,,,,,,,,,1.192,,,,
354,1,,,-73.9265550,40.7601900,2026-01-22 21:41:05.000,_20260122_163503_CH02_DUT_TMO_Playstore 60MB_NJ DUT REF_L1.dml,,,,N41(100)+N41(40),NR SA,429,-76.960000,16.980000,,,,,,,,,,,,,2.544,,,,
355,1,,,-73.9265550,40.7601900,2026-01-22 21:41:06.000,_20260122_163503_CH02_DUT_TMO_Playstore 60MB_NJ DUT REF_L1.dml,,,,N41(100)+N41(40),NR SA,429,-76.070000,18.360000,,,,,,,,,,,,,1.048,,,,
356,1,,,-73.9265550,40.7601900,2026-01-22 21:41:07.000,_20260122_163503_CH02_DUT_TMO_Playstore 60MB_NJ DUT REF_L1.dml,,,,N41(100)+N41(40),NR SA,429,-76.060000,17.060000,,,,,,,,,,,,,0.000,,,,
357,1,,,-73.9265550,40.7602000,2026-01-22 21:41:08.000,_20260122_163503_CH02_DUT_TMO_Playstore 60MB_NJ DUT REF_L1.dml,,,,N41(100)+N41(40),NR SA,429,-76.500000,15.750000,,,,,,,,,,,,,,,,,
358,1,,,-73.9265567,40.7602033,2026-01-22 21:41:09.000,_20260122_163503_CH02_DUT_TMO_Playstore 60MB_NJ DUT REF_L1.dml,,,,N41(100)+N41(40),NR SA,429,-78.540000,17.770000,,,,,,,,,,,,,0.064,,,,
359,1,,,-73.9265567,40.7602050,2026-01-22 21:41:10.000,_20260122_163503_CH02_DUT_TMO_Playstore 60MB_NJ DUT REF_L1.dml,,,,N41(100)+N41(40),NR SA,429,-76.000000,18.000000,,,,,,,,,,,,,0.000,,,,
360,1,,,-73.9265567,40.7602083,2026-01-22 21:41:11.000,_20260122_163503_CH02_DUT_TMO_Playstore 60MB_NJ DUT REF_L1.dml,,,,N41(100)+N41(40),NR SA,429,-78.000000,16.620000,,,,,,,,,,,,,0.000,,,,
361,1,,,-73.9265550,40.7602117,2026-01-22 21:41:12.000,_20260122_163503_CH02_DUT_TMO_Playstore 60MB_NJ DUT REF_L1.dml,,,,N41(100)+N41(40),NR SA,429,-79.940000,15.650000,,,,,,,,,,,,,0.000,,,,
362,1,,,-73.9265550,40.7602117,2026-01-22 21:41:13.000,_20260122_163503_CH02_DUT_TMO_Playstore 60MB_NJ DUT REF_L1.dml,,,,N41(100)+N41(40),NR SA,429,-78.790000,16.860000,,,,,,,,,,,,,0.096,,,,
363,1,,,-73.9265550,40.7602117,2026-01-22 21:41:14.000,_20260122_163503_CH02_DUT_TMO_Playstore 60MB_NJ DUT REF_L1.dml,,,,N41(100)+N41(40),NR SA,429,-77.210000,19.570000,,,,,,,,,,,,,0.008,,,,
364,1,,,-73.9265550,40.7602117,2026-01-22 21:41:15.000,_20260122_163503_CH02_DUT_TMO_Playstore 60MB_NJ DUT REF_L1.dml,,,,N41(100)+N41(40),NR SA,429,-79.190000,16.570000,,,,,,,,,,,,,0.032,,,,
365,1,,,-73.9265583,40.7602233,2026-01-22 21:41:16.000,_20260122_163503_CH02_DUT_TMO_Playstore 60MB_NJ DUT REF_L1.dml,,,,N41(100)+N41(40),NR SA,429,-76.000000,18.880000,,,,,,,,,,,,,0.048,,,,
366,1,,,-73.9265583,40.7602300,2026-01-22 21:41:17.000,_20260122_163503_CH02_DUT_TMO_Playstore 60MB_NJ DUT REF_L1.dml,,,,N41(100)+N41(40),NR SA,429,-78.000000,16.000000,,,,,,,,,,,,,,,,,
367,1,,,-73.9265517,40.7602383,2026-01-22 21:41:18.000,_20260122_163503_CH02_DUT_TMO_Playstore 60MB_NJ DUT REF_L1.dml,,,,N41(100)+N41(40),NR SA,429,-82.000000,13.140000,,,,,,,,,,,,,0.000,,,,
368,1,,,-73.9265417,40.7602483,2026-01-22 21:41:19.000,_20260122_163503_CH02_DUT_TMO_Playstore 60MB_NJ DUT REF_L1.dml,,,,N41(100),NR SA,429,-76.000000,17.000000,,,,,,,,,,,,,0.000,,,,
369,1,,,-73.9265350,40.7602467,2026-01-22 21:41:20.000,_20260122_163503_CH02_DUT_TMO_Playstore 60MB_NJ DUT REF_L1.dml,,,,N41(100)+N41(40),NR SA,429,-78.750000,15.000000,,,,,,,,,,,,,0.000,,,,
370,1,,,-73.9265200,40.7602417,2026-01-22 21:41:21.000,_20260122_163503_CH02_DUT_TMO_Playstore 60MB_NJ DUT REF_L1.dml,,,,N41(100)+N41(40),NR SA,429,-76.890000,16.220000,,,,,,,,,,,,,,,,,
371,1,,,-73.9265267,40.7602400,2026-01-22 21:41:22.000,_20260122_163503_CH02_DUT_TMO_Playstore 60MB_NJ DUT REF_L1.dml,,,,N41(100)+N41(40),NR SA,429,-75.710000,16.140000,,,,,,,,,,,,,0.016,,,,
372,1,,,-73.9265183,40.7602350,2026-01-22 21:41:23.000,_20260122_163503_CH02_DUT_TMO_Playstore 60MB_NJ DUT REF_L1.dml,,,,N41(40),NR SA,,,,,,,,,,,,,,,,0.000,,,,
373,1,,,-73.9265217,40.7602333,2026-01-22 21:41:24.000,_20260122_163503_CH02_DUT_TMO_Playstore 60MB_NJ DUT REF_L1.dml,,,,N41(100)+N41(40),NR SA,429,-75.000000,20.670000,,,,,,,,,,,,,0.000,,,,
374,1,,,-73.9265183,40.7602300,2026-01-22 21:41:25.000,_20260122_163503_CH02_DUT_TMO_Playstore 60MB_NJ DUT REF_L1.dml,,,,N41(100)+N41(40),NR SA,429,-77.000000,17.000000,,,,,,,,,,,,,0.000,,,,
375,1,,,-73.9265200,40.7602300,2026-01-22 21:41:26.000,_20260122_163503_CH02_DUT_TMO_Playstore 60MB_NJ DUT REF_L1.dml,,,,N41(40),NR SA,,,,,,,,,,,,,,,,,,,,
376,1,,,-73.9265200,40.7602283,2026-01-22 21:41:27.000,_20260122_163503_CH02_DUT_TMO_Playstore 60MB_NJ DUT REF_L1.dml,,,,N41(100)+N41(40),NR SA,429,-76.000000,19.000000,,,,,,,,,,,,,0.000,,,,
377,1,,,-73.9265200,40.7602267,2026-01-22 21:41:28.000,_20260122_163503_CH02_DUT_TMO_Playstore 60MB_NJ DUT REF_L1.dml,,,,N41(100)+N41(40),NR SA,429,-76.500000,20.500000,,,,,,,,,,,,,0.000,,,,
378,1,,,-73.9265183,40.7602267,2026-01-22 21:41:29.000,_20260122_163503_CH02_DUT_TMO_Playstore 60MB_NJ DUT REF_L1.dml,,,,N41(100)+N41(40),NR SA,429,-77.860000,20.140000,,,,,,,,,,,,,0.000,,,,
379,1,,,-73.9265150,40.7602250,2026-01-22 21:41:30.000,_20260122_163503_CH02_DUT_TMO_Playstore 60MB_NJ DUT REF_L1.dml,,,,N41(100)+N41(40),NR SA,429,-75.900000,20.500000,,,,,,,,,,,,,0.008,,,,
380,1,,,-73.9265067,40.7602250,2026-01-22 21:41:31.000,_20260122_163503_CH02_DUT_TMO_Playstore 60MB_NJ DUT REF_L1.dml,,,,N41(100)+N41(40),NR SA,429,-76.520000,21.480000,,,,,,,,,,,,,0.040,,,,
381,1,,,-73.9265000,40.7602200,2026-01-22 21:41:32.000,_20260122_163503_CH02_DUT_TMO_Playstore 60MB_NJ DUT REF_L1.dml,,,,N41(100)+N41(40),NR SA,429,-75.000000,20.000000,,,,,,,,,,,,,0.064,,,,
382,1,,,-73.9264900,40.7602183,2026-01-22 21:41:33.000,_20260122_163503_CH02_DUT_TMO_Playstore 60MB_NJ DUT REF_L1.dml,,,,N41(100)+N41(40),NR SA,429,-74.630000,20.530000,,,,,,,,,,,,,,,,,
383,1,,,-73.9264867,40.7602117,2026-01-22 21:41:34.000,_20260122_163503_CH02_DUT_TMO_Playstore 60MB_NJ DUT REF_L1.dml,,,,N41(40),NR SA,,,,,,,,,,,,,,,,0.056,,,,
384,1,,,-73.9264800,40.7602083,2026-01-22 21:41:35.000,_20260122_163503_CH02_DUT_TMO_Playstore 60MB_NJ DUT REF_L1.dml,,,,N41(100),NR SA,429,-74.000000,19.000000,,,,,,,,,,,,,0.000,,,,
385,1,,,-73.9264783,40.7602033,2026-01-22 21:41:36.000,_20260122_163503_CH02_DUT_TMO_Playstore 60MB_NJ DUT REF_L1.dml,,,,N41(100)+N41(40),NR SA,429,-76.000000,17.820000,,,,,,,,,,,,,0.000,,,,
386,1,,,-73.9264750,40.7602000,2026-01-22 21:41:37.000,_20260122_163503_CH02_DUT_TMO_Playstore 60MB_NJ DUT REF_L1.dml,,,,N41(100)+N41(40),NR SA,429,-77.590000,18.280000,,,,,,,,,,,,,0.416,,,,
387,1,,,-73.9264750,40.7601950,2026-01-22 21:41:38.000,_20260122_163503_CH02_DUT_TMO_Playstore 60MB_NJ DUT REF_L1.dml,,,,N41(100)+N41(40),NR SA,429,-78.840000,17.440000,,,,,,,,,,,,,0.600,,,,
388,1,,,-73.9264750,40.7601933,2026-01-22 21:41:39.000,_20260122_163503_CH02_DUT_TMO_Playstore 60MB_NJ DUT REF_L1.dml,,,,N41(100)+N41(40),NR SA,429,-77.880000,17.710000,,,,,,,,,,,,,1.488,,,,
389,1,,,-73.9264767,40.7601883,2026-01-22 21:41:40.000,_20260122_163503_CH02_DUT_TMO_Playstore 60MB_NJ DUT REF_L1.dml,,,,N41(100)+N41(40),NR SA,429,-81.780000,16.520000,,,,,,,,,,,,,1.776,,,,
390,1,,,-73.9264817,40.7601833,2026-01-22 21:41:41.000,_20260122_163503_CH02_DUT_TMO_Playstore 60MB_NJ DUT REF_L1.dml,,,,N41(100)+N41(40),NR SA,429,-80.550000,15.200000,,,,,,,,,,,,,,,,,
391,1,,,-73.9264850,40.7601800,2026-01-22 21:41:42.000,_20260122_163503_CH02_DUT_TMO_Playstore 60MB_NJ DUT REF_L1.dml,,,,N41(100)+N41(40),NR SA,429,-78.360000,18.290000,,,,,,,,,,,,,0.808,,,,
392,1,,,-73.9264867,40.7601783,2026-01-22 21:41:43.000,_20260122_163503_CH02_DUT_TMO_Playstore 60MB_NJ DUT REF_L1.dml,,,,N41(100)+N41(40),NR SA,429,-77.460000,17.220000,,,,,,,,,,,,,0.008,,,,
393,1,,,-73.9264867,40.7601767,2026-01-22 21:41:44.000,_20260122_163503_CH02_DUT_TMO_Playstore 60MB_NJ DUT REF_L1.dml,,,,N41(100)+N41(40),NR SA,429,-80.300000,16.300000,,,,,,,,,,,,,0.064,,,,
394,1,,,-73.9264867,40.7601750,2026-01-22 21:41:45.000,_20260122_163503_CH02_DUT_TMO_Playstore 60MB_NJ DUT REF_L1.dml,,,,N41(40),NR SA,,,,,,,,,,,,,,,,0.016,,,,
395,1,,,-73.9264833,40.7601767,2026-01-22 21:41:46.000,_20260122_163503_CH02_DUT_TMO_Playstore 60MB_NJ DUT REF_L1.dml,,,,N41(100)+N41(40),NR SA,429,-77.570000,15.710000,,,,,,,,,,,,,,,,,
396,1,,,-73.9264833,40.7601767,2026-01-22 21:41:47.000,_20260122_163503_CH02_DUT_TMO_Playstore 60MB_NJ DUT REF_L1.dml,,,,N41(100)+N41(40),NR SA,429,-75.450000,19.180000,,,,,,,,,,,,,0.000,,,,
397,1,,,-73.9264800,40.7601783,2026-01-22 21:41:48.000,_20260122_163503_CH02_DUT_TMO_Playstore 60MB_NJ DUT REF_L1.dml,,,,N41(100)+N41(40),NR SA,429,-75.000000,20.500000,,,,,,,,,,,,,0.000,,,,
398,1,,,-73.9264817,40.7601783,2026-01-22 21:41:49.000,_20260122_163503_CH02_DUT_TMO_Playstore 60MB_NJ DUT REF_L1.dml,,,,N41(100)+N41(40),NR SA,429,-78.860000,15.140000,,,,,,,,,,,,,0.000,,,,
399,1,,,-73.9264800,40.7601783,2026-01-22 21:41:50.000,_20260122_163503_CH02_DUT_TMO_Playstore 60MB_NJ DUT REF_L1.dml,,,,N41(100)+N41(40),NR SA,429,-77.530000,15.780000,,,,,,,,,,,,,0.008,,,,
400,1,,,-73.9264800,40.7601750,2026-01-22 21:41:51.000,_20260122_163503_CH02_DUT_TMO_Playstore 60MB_NJ DUT REF_L1.dml,,,,N41(100)+N41(40),NR SA,429,-78.860000,15.460000,,,,,,,,,,,,,,,,,
401,1,,,-73.9264867,40.7601700,2026-01-22 21:41:52.000,_20260122_163503_CH02_DUT_TMO_Playstore 60MB_NJ DUT REF_L1.dml,,,,N41(100)+N41(40),NR SA,429,-78.500000,15.830000,,,,,,,,,,,,,0.008,,,,
402,1,,,-73.9264850,40.7601667,2026-01-22 21:41:53.000,_20260122_163503_CH02_DUT_TMO_Playstore 60MB_NJ DUT REF_L1.dml,,,,N41(100)+N41(40),NR SA,429,-77.060000,18.120000,,,,,,,,,,,,,0.000,,,,
403,1,,,-73.9264767,40.7601650,2026-01-22 21:41:54.000,_20260122_163503_CH02_DUT_TMO_Playstore 60MB_NJ DUT REF_L1.dml,,,,,NR SA,,,,,,,,,,,,,,,,0.000,,,,
404,1,,,-73.9264767,40.7601583,2026-01-22 21:41:55.000,_20260122_163503_CH02_DUT_TMO_Playstore 60MB_NJ DUT REF_L1.dml,,,,N41(x)+N41(x),NR SA,429,-76.000000,17.500000,,,,,,,,,,,,,,,,,
405,1,,,-73.9264783,40.7601567,2026-01-22 21:41:56.000,_20260122_163503_CH02_DUT_TMO_Playstore 60MB_NJ DUT REF_L1.dml,,,,,NR SA,,,,,,,,,,,,,,,,,,,,
406,1,,,-73.9264767,40.7601550,2026-01-22 21:41:57.000,_20260122_163503_CH02_DUT_TMO_Playstore 60MB_NJ DUT REF_L1.dml,,,,,NR SA,,,,,,,,,,,,,,,,,,,,
407,1,,,-73.9264783,40.7601550,2026-01-22 21:41:58.000,_20260122_163503_CH02_DUT_TMO_Playstore 60MB_NJ DUT REF_L1.dml,,,,,NR SA,,,,,,,,,,,,,,,,,,,,
408,1,,,-73.9264783,40.7601550,2026-01-22 21:41:59.000,_20260122_163503_CH02_DUT_TMO_Playstore 60MB_NJ DUT REF_L1.dml,,,,,NR SA,,,,,,,,,,,,,,,,,,,,
409,1,,,-73.9264783,40.7601550,2026-01-22 21:42:00.000,_20260122_163503_CH02_DUT_TMO_Playstore 60MB_NJ DUT REF_L1.dml,,,,,NR SA,,,,,,,,,,,,,,,,,,,,
410,1,,,-73.9264783,40.7601550,2026-01-22 21:42:01.000,_20260122_163503_CH02_DUT_TMO_Playstore 60MB_NJ DUT REF_L1.dml,,,,,NR SA,,,,,,,,,,,,,,,,,,,,
411,1,,,-73.9264750,40.7601600,2026-01-22 21:42:02.000,_20260122_163503_CH02_DUT_TMO_Playstore 60MB_NJ DUT REF_L1.dml,,,,,NR SA,,,,,,,,,,,,,,,,,,,,
412,1,,,-73.9264750,40.7601650,2026-01-22 21:42:03.000,_20260122_163503_CH02_DUT_TMO_Playstore 60MB_NJ DUT REF_L1.dml,,,,,NR SA,,,,,,,,,,,,,,,,,,,,
413,1,,,-73.9264750,40.7601650,2026-01-22 21:42:04.000,_20260122_163503_CH02_DUT_TMO_Playstore 60MB_NJ DUT REF_L1.dml,,,,,NR SA,,,,,,,,,,,,,,,,,,,,
414,1,,,-73.9264800,40.7601767,2026-01-22 21:42:05.000,_20260122_163503_CH02_DUT_TMO_Playstore 60MB_NJ DUT REF_L1.dml,,,,N41(100)+N71(15),NR SA,429,-74.800000,20.700000,,,,,,,,,,,,,,,,,
415,1,,,-73.9264800,40.7601767,2026-01-22 21:42:06.000,_20260122_163503_CH02_DUT_TMO_Playstore 60MB_NJ DUT REF_L1.dml,,,,N41(100)+N71(15),NR SA,429,-74.900000,19.970000,,,,,,,,,,,,,,,,,
416,1,,,-73.9264817,40.7601800,2026-01-22 21:42:07.000,_20260122_163503_CH02_DUT_TMO_Playstore 60MB_NJ DUT REF_L1.dml,,,,N41(100)+N71(15),NR SA,429,-74.730000,18.270000,,,,,,,,,,,,,0.024,,,,
417,1,,,-73.9264817,40.7601800,2026-01-22 21:42:08.000,_20260122_163503_CH02_DUT_TMO_Playstore 60MB_NJ DUT REF_L1.dml,,,,N41(100)+N71(15),NR SA,429,-76.330000,17.700000,,,,,,,,,,,,,0.120,,,,
418,1,,,-73.9264783,40.7601800,2026-01-22 21:42:09.000,_20260122_163503_CH02_DUT_TMO_Playstore 60MB_NJ DUT REF_L1.dml,,,,N41(100)+N71(15),NR SA,429,-76.770000,16.940000,,,,,,,,,,,,,0.776,,,,
419,1,,,-73.9264717,40.7601750,2026-01-22 21:42:10.000,_20260122_163503_CH02_DUT_TMO_Playstore 60MB_NJ DUT REF_L1.dml,,,,N41(100)+N71(15),NR SA,429,-76.430000,17.980000,,,,,,,,,,,,,2.848,,,,
420,1,,,-73.9264650,40.7601717,2026-01-22 21:42:11.000,_20260122_163503_CH02_DUT_TMO_Playstore 60MB_NJ DUT REF_L1.dml,,,,N41(100)+N71(15),NR SA,429,-77.600000,17.130000,,,,,,,,,,,,,1.400,,,,
421,1,,,-73.9264617,40.7601667,2026-01-22 21:42:12.000,_20260122_163503_CH02_DUT_TMO_Playstore 60MB_NJ DUT REF_L1.dml,,,,N41(100)+N71(15),NR SA,429,-77.590000,16.820000,,,,,,,,,,,,,0.008,,,,
422,1,,,-73.9264567,40.7601633,2026-01-22 21:42:13.000,_20260122_163503_CH02_DUT_TMO_Playstore 60MB_NJ DUT REF_L1.dml,,,,N41(100)+N71(15),NR SA,429,-78.000000,18.000000,,,,,,,,,,,,,,,,,
423,1,,,-73.9264550,40.7601583,2026-01-22 21:42:14.000,_20260122_163503_CH02_DUT_TMO_Playstore 60MB_NJ DUT REF_L1.dml,,,,N41(100)+N71(15),NR SA,429,-76.000000,18.220000,,,,,,,,,,,,,0.072,,,,
424,1,,,-73.9264483,40.7601567,2026-01-22 21:42:15.000,_20260122_163503_CH02_DUT_TMO_Playstore 60MB_NJ DUT REF_L1.dml,,,,N41(100)+N71(15),NR SA,429,-77.100000,15.600000,,,,,,,,,,,,,0.008,,,,
425,1,,,-73.9264483,40.7601533,2026-01-22 21:42:16.000,_20260122_163503_CH02_DUT_TMO_Playstore 60MB_NJ DUT REF_L1.dml,,,,N41(100)+N71(15),NR SA,429,-76.000000,15.500000,,,,,,,,,,,,,0.000,,,,
426,1,,,-73.9264467,40.7601517,2026-01-22 21:42:17.000,_20260122_163503_CH02_DUT_TMO_Playstore 60MB_NJ DUT REF_L1.dml,,,,N41(100)+N71(15),NR SA,429,-76.140000,15.290000,,,,,,,,,,,,,,,,,
427,1,,,-73.9264467,40.7601500,2026-01-22 21:42:18.000,_20260122_163503_CH02_DUT_TMO_Playstore 60MB_NJ DUT REF_L1.dml,,,,N41(100)+N71(15),NR SA,429,-75.750000,16.000000,,,,,,,,,,,,,0.000,,,,
428,1,,,-73.9264467,40.7601517,2026-01-22 21:42:19.000,_20260122_163503_CH02_DUT_TMO_Playstore 60MB_NJ DUT REF_L1.dml,,,,N41(100)+N71(15),NR SA,429,-77.500000,16.500000,,,,,,,,,,,,,0.000,,,,
429,1,,,-73.9264467,40.7601517,2026-01-22 21:42:20.000,_20260122_163503_CH02_DUT_TMO_Playstore 60MB_NJ DUT REF_L1.dml,,,,N41(100)+N71(15),NR SA,429,-79.250000,13.940000,,,,,,,,,,,,,0.000,,,,
430,1,,,-73.9264483,40.7601517,2026-01-22 21:42:21.000,_20260122_163503_CH02_DUT_TMO_Playstore 60MB_NJ DUT REF_L1.dml,,,,N41(100)+N71(15),NR SA,429,-78.920000,15.620000,,,,,,,,,,,,,0.008,,,,
431,1,,,-73.9264483,40.7601517,2026-01-22 21:42:22.000,_20260122_163503_CH02_DUT_TMO_Playstore 60MB_NJ DUT REF_L1.dml,,,,N41(100)+N71(15),NR SA,429,-77.300000,17.390000,,,,,,,,,,,,,0.008,,,,
432,1,,,-73.9264483,40.7601517,2026-01-22 21:42:23.000,_20260122_163503_CH02_DUT_TMO_Playstore 60MB_NJ DUT REF_L1.dml,,,,N41(x)+N71(x),NR SA,429,-76.000000,17.670000,,,,,,,,,,,,,,,,,
433,1,,,-73.9264483,40.7601517,2026-01-22 21:42:24.000,_20260122_163503_CH02_DUT_TMO_Playstore 60MB_NJ DUT REF_L1.dml,,,,,NR SA,,,,,,,,,,,,,,,,,,,,
434,1,,,-73.9264483,40.7601533,2026-01-22 21:42:25.000,_20260122_163503_CH02_DUT_TMO_Playstore 60MB_NJ DUT REF_L1.dml,,,,,NR SA,,,,,,,,,,,,,,,,,,,,
435,1,,,-73.9264550,40.7601567,2026-01-22 21:42:26.000,_20260122_163503_CH02_DUT_TMO_Playstore 60MB_NJ DUT REF_L1.dml,,,,,NR SA,,,,,,,,,,,,,,,,,,,,
436,1,,,-73.9264583,40.7601567,2026-01-22 21:42:27.000,_20260122_163503_CH02_DUT_TMO_Playstore 60MB_NJ DUT REF_L1.dml,,,,,NR SA,,,,,,,,,,,,,,,,,,,,
437,1,,,-73.9264633,40.7601550,2026-01-22 21:42:28.000,_20260122_163503_CH02_DUT_TMO_Playstore 60MB_NJ DUT REF_L1.dml,,,,,NR SA,,,,,,,,,,,,,,,,,,,,
438,1,,,-73.9264683,40.7601517,2026-01-22 21:42:29.000,_20260122_163503_CH02_DUT_TMO_Playstore 60MB_NJ DUT REF_L1.dml,,,,,NR SA,,,,,,,,,,,,,,,,,,,,
439,1,,,-73.9264683,40.7601517,2026-01-22 21:42:30.000,_20260122_163503_CH02_DUT_TMO_Playstore 60MB_NJ DUT REF_L1.dml,,,,,NR SA,,,,,,,,,,,,,,,,,,,,
440,1,,,-73.9264667,40.7601450,2026-01-22 21:42:31.000,_20260122_163503_CH02_DUT_TMO_Playstore 60MB_NJ DUT REF_L1.dml,,,,N41(100)+N41(40),NR SA,429,-76.050000,17.300000,,,,,,,,,,,,,,,,,
441,1,,,-73.9264650,40.7601383,2026-01-22 21:42:32.000,_20260122_163503_CH02_DUT_TMO_Playstore 60MB_NJ DUT REF_L1.dml,,,,N41(100)+N41(40),NR SA,429,-77.170000,16.790000,,,,,,,,,,,,,0.104,,,,
442,1,,,-73.9264633,40.7601333,2026-01-22 21:42:33.000,_20260122_163503_CH02_DUT_TMO_Playstore 60MB_NJ DUT REF_L1.dml,,,,N41(100)+N41(40),NR SA,429,-77.280000,16.250000,,,,,,,,,,,,,0.992,,,,
443,1,,,-73.9264600,40.7601283,2026-01-22 21:42:34.000,_20260122_163503_CH02_DUT_TMO_Playstore 60MB_NJ DUT REF_L1.dml,,,,N41(100)+N41(40),NR SA,429,-76.840000,15.780000,,,,,,,,,,,,,1.624,,,,
444,1,,,-73.9264567,40.7601233,2026-01-22 21:42:35.000,_20260122_163503_CH02_DUT_TMO_Playstore 60MB_NJ DUT REF_L1.dml,,,,N41(100)+N41(40),NR SA,429,-76.290000,16.050000,,,,,,,,,,,,,1.016,,,,
445,1,,,-73.9264533,40.7601200,2026-01-22 21:42:36.000,_20260122_163503_CH02_DUT_TMO_Playstore 60MB_NJ DUT REF_L1.dml,,,,N41(100)+N41(40),NR SA,429,-76.280000,16.110000,,,,,,,,,,,,,,,,,
446,1,,,-73.9264517,40.7601150,2026-01-22 21:42:37.000,_20260122_163503_CH02_DUT_TMO_Playstore 60MB_NJ DUT REF_L1.dml,,,,N41(100)+N41(40),NR SA,429,-74.330000,18.330000,,,,,,,,,,,,,0.548,,,,
447,1,,,-73.9264483,40.7601100,2026-01-22 21:42:38.000,_20260122_163503_CH02_DUT_TMO_Playstore 60MB_NJ DUT REF_L1.dml,,,,N41(100)+N41(40),NR SA,429,-74.440000,18.130000,,,,,,,,,,,,,0.072,,,,
448,1,,,-73.9264467,40.7601067,2026-01-22 21:42:39.000,_20260122_163503_CH02_DUT_TMO_Playstore 60MB_NJ DUT REF_L1.dml,,,,N41(100)+N41(40),NR SA,429,-75.020000,17.050000,,,,,,,,,,,,,,,,,
449,1,,,-73.9264417,40.7601033,2026-01-22 21:42:40.000,_20260122_163503_CH02_DUT_TMO_Playstore 60MB_NJ DUT REF_L1.dml,,,,N41(100)+N41(40),NR SA,429,-75.250000,16.880000,,,,,,,,,,,,,0.008,,,,
450,1,,,-73.9264400,40.7601000,2026-01-22 21:42:41.000,_20260122_163503_CH02_DUT_TMO_Playstore 60MB_NJ DUT REF_L1.dml,,,,N41(100)+N41(40),NR SA,429,-75.670000,18.170000,,,,,,,,,,,,,0.008,,,,
451,1,,,-73.9264383,40.7600967,2026-01-22 21:42:42.000,_20260122_163503_CH02_DUT_TMO_Playstore 60MB_NJ DUT REF_L1.dml,,,,N41(100)+N41(40),NR SA,429,-75.400000,17.800000,,,,,,,,,,,,,,,,,
452,1,,,-73.9264383,40.7600950,2026-01-22 21:42:43.000,_20260122_163503_CH02_DUT_TMO_Playstore 60MB_NJ DUT REF_L1.dml,,,,N41(100)+N41(40),NR SA,429,-75.000000,18.000000,,,,,,,,,,,,,0.000,,,,
453,1,,,-73.9264400,40.7600933,2026-01-22 21:42:44.000,_20260122_163503_CH02_DUT_TMO_Playstore 60MB_NJ DUT REF_L1.dml,,,,N41(100)+N41(40),NR SA,429,-75.000000,20.000000,,,,,,,,,,,,,0.000,,,,
454,1,,,-73.9264433,40.7600917,2026-01-22 21:42:45.000,_20260122_163503_CH02_DUT_TMO_Playstore 60MB_NJ DUT REF_L1.dml,,,,N41(100)+N41(40),NR SA,429,-75.180000,19.110000,,,,,,,,,,,,,0.004,,,,
455,1,,,-73.9264467,40.7600900,2026-01-22 21:42:46.000,_20260122_163503_CH02_DUT_TMO_Playstore 60MB_NJ DUT REF_L1.dml,,,,N41(100)+N41(40),NR SA,429,-75.260000,17.240000,,,,,,,,,,,,,,,,,
456,1,,,-73.9264500,40.7600883,2026-01-22 21:42:47.000,_20260122_163503_CH02_DUT_TMO_Playstore 60MB_NJ DUT REF_L1.dml,,,,N41(100)+N41(40),NR SA,429,-74.960000,18.570000,,,,,,,,,,,,,0.008,,,,
457,1,,,-73.9264567,40.7600883,2026-01-22 21:42:48.000,_20260122_163503_CH02_DUT_TMO_Playstore 60MB_NJ DUT REF_L1.dml,,,,N41(100)+N41(40),NR SA,429,-75.000000,18.800000,,,,,,,,,,,,,0.256,,,,
458,1,,,-73.9264617,40.7600900,2026-01-22 21:42:49.000,_20260122_163503_CH02_DUT_TMO_Playstore 60MB_NJ DUT REF_L1.dml,,,,N41(100)+N41(40),NR SA,429,-75.270000,17.360000,,,,,,,,,,,,,0.000,,,,
459,1,,,-73.9264700,40.7600917,2026-01-22 21:42:50.000,_20260122_163503_CH02_DUT_TMO_Playstore 60MB_NJ DUT REF_L1.dml,,,,N41(100)+N41(40),NR SA,429,-75.000000,18.000000,,,,,,,,,,,,,0.208,,,,
460,1,,,-73.9264750,40.7600917,2026-01-22 21:42:51.000,_20260122_163503_CH02_DUT_TMO_Playstore 60MB_NJ DUT REF_L1.dml,,,,N41(100)+N41(40),NR SA,429,-75.870000,17.120000,,,,,,,,,,,,,0.000,,,,
461,1,,,-73.9264817,40.7600933,2026-01-22 21:42:52.000,_20260122_163503_CH02_DUT_TMO_Playstore 60MB_NJ DUT REF_L1.dml,,,,N41(100)+N41(40),NR SA,429,-75.230000,18.550000,,,,,,,,,,,,,,,,,
462,1,,,-73.9264867,40.7600950,2026-01-22 21:42:53.000,_20260122_163503_CH02_DUT_TMO_Playstore 60MB_NJ DUT REF_L1.dml,,,,N41(100)+N41(40),NR SA,429,-74.670000,17.860000,,,,,,,,,,,,,0.016,,,,
463,1,,,-73.9264900,40.7600950,2026-01-22 21:42:54.000,_20260122_163503_CH02_DUT_TMO_Playstore 60MB_NJ DUT REF_L1.dml,,,,N41(100)+N41(40),NR SA,429,-74.000000,18.250000,,,,,,,,,,,,,,,,,
464,1,,,-73.9264933,40.7600967,2026-01-22 21:42:55.000,_20260122_163503_CH02_DUT_TMO_Playstore 60MB_NJ DUT REF_L1.dml,,,,N41(100)+N41(40),NR SA,429,-75.710000,17.570000,,,,,,,,,,,,,0.128,,,,
465,1,,,-73.9264933,40.7600983,2026-01-22 21:42:56.000,_20260122_163503_CH02_DUT_TMO_Playstore 60MB_NJ DUT REF_L1.dml,,,,N41(100)+N41(40),NR SA,429,-76.830000,18.000000,,,,,,,,,,,,,0.136,,,,
466,1,,,-73.9264950,40.7600983,2026-01-22 21:42:57.000,_20260122_163503_CH02_DUT_TMO_Playstore 60MB_NJ DUT REF_L1.dml,,,,N41(100)+N41(40),NR SA,429,-80.000000,17.330000,,,,,,,,,,,,,0.008,,,,
467,1,,,-73.9264933,40.7601000,2026-01-22 21:42:58.000,_20260122_163503_CH02_DUT_TMO_Playstore 60MB_NJ DUT REF_L1.dml,,,,N41(100)+N41(40),NR SA,429,-76.110000,16.000000,,,,,,,,,,,,,0.144,,,,
468,1,,,-73.9264933,40.7601000,2026-01-22 21:42:59.000,_20260122_163503_CH02_DUT_TMO_Playstore 60MB_NJ DUT REF_L1.dml,,,,N41(100)+N41(40),NR SA,429,-76.620000,16.900000,,,,,,,,,,,,,,,,,
469,1,,,-73.9264917,40.7601017,2026-01-22 21:43:00.000,_20260122_163503_CH02_DUT_TMO_Playstore 60MB_NJ DUT REF_L1.dml,,,,N41(100)+N41(40),NR SA,429,-75.080000,17.970000,,,,,,,,,,,,,0.008,,,,
470,1,,,-73.9264900,40.7601033,2026-01-22 21:43:01.000,_20260122_163503_CH02_DUT_TMO_Playstore 60MB_NJ DUT REF_L1.dml,,,,N41(100)+N41(40),NR SA,429,-75.300000,17.600000,,,,,,,,,,,,,0.008,,,,
471,1,,,-73.9264883,40.7601050,2026-01-22 21:43:02.000,_20260122_163503_CH02_DUT_TMO_Playstore 60MB_NJ DUT REF_L1.dml,,,,N41(100)+N41(40),NR SA,429,-78.000000,15.000000,,,,,,,,,,,,,0.000,,,,
472,1,,,-73.9264850,40.7601067,2026-01-22 21:43:03.000,_20260122_163503_CH02_DUT_TMO_Playstore 60MB_NJ DUT REF_L1.dml,,,,N41(100)+N41(40),NR SA,429,-76.110000,16.560000,,,,,,,,,,,,,,,,,
473,1,,,-73.9264817,40.7601100,2026-01-22 21:43:04.000,_20260122_163503_CH02_DUT_TMO_Playstore 60MB_NJ DUT REF_L1.dml,,,,N41(100)+N41(40),NR SA,429,-76.600000,16.000000,,,,,,,,,,,,,0.008,,,,
474,1,,,-73.9264767,40.7601117,2026-01-22 21:43:05.000,_20260122_163503_CH02_DUT_TMO_Playstore 60MB_NJ DUT REF_L1.dml,,,,N41(100)+N41(40),NR SA,429,-77.000000,14.800000,,,,,,,,,,,,,0.000,,,,
475,1,,,-73.9264717,40.7601167,2026-01-22 21:43:06.000,_20260122_163503_CH02_DUT_TMO_Playstore 60MB_NJ DUT REF_L1.dml,,,,N41(100)+N41(40),NR SA,429,-77.450000,13.820000,,,,,,,,,,,,,0.000,,,,
476,1,,,-73.9264650,40.7601200,2026-01-22 21:43:07.000,_20260122_163503_CH02_DUT_TMO_Playstore 60MB_NJ DUT REF_L1.dml,,,,N41(100)+N41(40),NR SA,429,-76.570000,14.000000,,,,,,,,,,,,,0.000,,,,
477,1,,,-73.9264583,40.7601217,2026-01-22 21:43:08.000,_20260122_163503_CH02_DUT_TMO_Playstore 60MB_NJ DUT REF_L1.dml,,,,N41(100)+N41(40),NR SA,429,-77.000000,12.000000,,,,,,,,,,,,,0.000,,,,
478,1,,,-73.9264517,40.7601233,2026-01-22 21:43:09.000,_20260122_163503_CH02_DUT_TMO_Playstore 60MB_NJ DUT REF_L1.dml,,,,N41(100)+N41(40),NR SA,429,-77.670000,13.000000,,,,,,,,,,,,,,,,,
479,1,,,-73.9264417,40.7601267,2026-01-22 21:43:10.000,_20260122_163503_CH02_DUT_TMO_Playstore 60MB_NJ DUT REF_L1.dml,,,,N41(100)+N41(40),NR SA,429,-77.000000,13.000000,,,,,,,,,,,,,0.000,,,,
480,1,,,-73.9264450,40.7601250,2026-01-22 21:43:11.000,_20260122_163503_CH02_DUT_TMO_Playstore 60MB_NJ DUT REF_L1.dml,,,,N41(100)+N41(40),NR SA,429,-77.000000,15.000000,,,,,,,,,,,,,0.000,,,,
481,1,,,-73.9264417,40.7601267,2026-01-22 21:43:12.000,_20260122_163503_CH02_DUT_TMO_Playstore 60MB_NJ DUT REF_L1.dml,,,,N41(100)+N41(40),NR SA,429,-75.000000,17.000000,,,,,,,,,,,,,,,,,
482,1,,,-73.9264433,40.7601267,2026-01-22 21:43:13.000,_20260122_163503_CH02_DUT_TMO_Playstore 60MB_NJ DUT REF_L1.dml,,,,N41(100)+N41(40),NR SA,429,-76.000000,16.100000,,,,,,,,,,,,,0.000,,,,
483,1,,,-73.9264450,40.7601267,2026-01-22 21:43:14.000,_20260122_163503_CH02_DUT_TMO_Playstore 60MB_NJ DUT REF_L1.dml,,,,N41(100)+N41(40),NR SA,429,-76.230000,15.080000,,,,,,,,,,,,,0.336,,,,
484,1,,,-73.9264450,40.7601267,2026-01-22 21:43:15.000,_20260122_163503_CH02_DUT_TMO_Playstore 60MB_NJ DUT REF_L1.dml,,,,N41(100)+N41(40),NR SA,429,-76.630000,15.410000,,,,,,,,,,,,,1.384,,,,
485,1,,,-73.9264500,40.7601233,2026-01-22 21:43:16.000,_20260122_163503_CH02_DUT_TMO_Playstore 60MB_NJ DUT REF_L1.dml,,,,N41(100)+N41(40),NR SA,429,-78.000000,15.450000,,,,,,,,,,,,,1.104,,,,
486,1,,,-73.9264533,40.7601183,2026-01-22 21:43:17.000,_20260122_163503_CH02_DUT_TMO_Playstore 60MB_NJ DUT REF_L1.dml,,,,N41(100)+N41(40),NR SA,429,-78.530000,14.560000,,,,,,,,,,,,,1.944,,,,
487,1,,,-73.9264567,40.7601117,2026-01-22 21:43:18.000,_20260122_163503_CH02_DUT_TMO_Playstore 60MB_NJ DUT REF_L1.dml,,,,N41(100)+N41(40),NR SA,429,-76.500000,15.500000,,,,,,,,,,,,,,,,,
488,1,,,-73.9264600,40.7601033,2026-01-22 21:43:19.000,_20260122_163503_CH02_DUT_TMO_Playstore 60MB_NJ DUT REF_L1.dml,,,,N41(100)+N41(40),NR SA,429,-74.860000,16.550000,,,,,,,,,,,,,0.144,,,,
489,1,,,-73.9264617,40.7601017,2026-01-22 21:43:20.000,_20260122_163503_CH02_DUT_TMO_Playstore 60MB_NJ DUT REF_L1.dml,,,,N41(100)+N41(40),NR SA,429,-76.140000,15.070000,,,,,,,,,,,,,0.056,,,,
490,1,,,-73.9264617,40.7601017,2026-01-22 21:43:21.000,_20260122_163503_CH02_DUT_TMO_Playstore 60MB_NJ DUT REF_L1.dml,,,,N41(100)+N41(40),NR SA,429,-74.500000,18.170000,,,,,,,,,,,,,0.008,,,,
491,1,,,-73.9264600,40.7601050,2026-01-22 21:43:22.000,_20260122_163503_CH02_DUT_TMO_Playstore 60MB_NJ DUT REF_L1.dml,,,,N41(100)+N41(40),NR SA,429,-72.670000,18.330000,,,,,,,,,,,,,0.000,,,,
492,1,,,-73.9264583,40.7601100,2026-01-22 21:43:23.000,_20260122_163503_CH02_DUT_TMO_Playstore 60MB_NJ DUT REF_L1.dml,,,,N41(100)+N41(40),NR SA,429,-72.750000,18.500000,,,,,,,,,,,,,,,,,
493,1,,,-73.9264633,40.7601117,2026-01-22 21:43:24.000,_20260122_163503_CH02_DUT_TMO_Playstore 60MB_NJ DUT REF_L1.dml,,,,N41(100)+N41(40),NR SA,429,-72.830000,20.330000,,,,,,,,,,,,,0.000,,,,
494,1,,,-73.9264633,40.7601150,2026-01-22 21:43:25.000,_20260122_163503_CH02_DUT_TMO_Playstore 60MB_NJ DUT REF_L1.dml,,,,N41(100)+N41(40),NR SA,429,-75.290000,16.710000,,,,,,,,,,,,,0.000,,,,
495,1,,,-73.9264700,40.7601183,2026-01-22 21:43:26.000,_20260122_163503_CH02_DUT_TMO_Playstore 60MB_NJ DUT REF_L1.dml,,,,N41(100),NR SA,429,-75.000000,17.000000,,,,,,,,,,,,,,,,,
496,1,,,-73.9264717,40.7601200,2026-01-22 21:43:27.000,_20260122_163503_CH02_DUT_TMO_Playstore 60MB_NJ DUT REF_L1.dml,,,,N41(40),NR SA,,,,,,,,,,,,,,,,0.000,,,,
497,1,,,-73.9264767,40.7601217,2026-01-22 21:43:28.000,_20260122_163503_CH02_DUT_TMO_Playstore 60MB_NJ DUT REF_L1.dml,,,,N41(100)+N41(40),NR SA,429,-76.000000,16.000000,,,,,,,,,,,,,,,,,
498,1,,,-73.9264800,40.7601250,2026-01-22 21:43:29.000,_20260122_163503_CH02_DUT_TMO_Playstore 60MB_NJ DUT REF_L1.dml,,,,N41(100)+N41(40),NR SA,429,-75.500000,17.750000,,,,,,,,,,,,,0.000,,,,
499,1,,,-73.9264800,40.7601283,2026-01-22 21:43:30.000,_20260122_163503_CH02_DUT_TMO_Playstore 60MB_NJ DUT REF_L1.dml,,,,N41(x),NR SA,,,,,,,,,,,,,,,,0.000,,,,
500,1,,,-73.9264850,40.7601317,2026-01-22 21:43:31.000,_20260122_163503_CH02_DUT_TMO_Playstore 60MB_NJ DUT REF_L1.dml,,,,N41(x),NR SA,429,-75.000000,18.000000,,,,,,,,,,,,,,,,,
501,1,,,-73.9264850,40.7601317,2026-01-22 21:43:32.000,_20260122_163503_CH02_DUT_TMO_Playstore 60MB_NJ DUT REF_L1.dml,,,,,NR SA,,,,,,,,,,,,,,,,,,,,
502,1,,,-73.9264850,40.7601317,2026-01-22 21:43:33.000,_20260122_163503_CH02_DUT_TMO_Playstore 60MB_NJ DUT REF_L1.dml,,,,,NR SA,,,,,,,,,,,,,,,,,,,,
503,1,,,-73.9264850,40.7601317,2026-01-22 21:43:34.000,_20260122_163503_CH02_DUT_TMO_Playstore 60MB_NJ DUT REF_L1.dml,,,,,NR SA,,,,,,,,,,,,,,,,,,,,
504,1,,,-73.9264850,40.7601317,2026-01-22 21:43:35.000,_20260122_163503_CH02_DUT_TMO_Playstore 60MB_NJ DUT REF_L1.dml,,,,,NR SA,,,,,,,,,,,,,,,,,,,,
505,1,,,-73.9264850,40.7601317,2026-01-22 21:43:36.000,_20260122_163503_CH02_DUT_TMO_Playstore 60MB_NJ DUT REF_L1.dml,,,,,NR SA,,,,,,,,,,,,,,,,,,,,
506,1,,,-73.9264850,40.7601300,2026-01-22 21:43:37.000,_20260122_163503_CH02_DUT_TMO_Playstore 60MB_NJ DUT REF_L1.dml,,,,,NR SA,,,,,,,,,,,,,,,,,,,,
507,1,,,-73.9264850,40.7601300,2026-01-22 21:43:38.000,_20260122_163503_CH02_DUT_TMO_Playstore 60MB_NJ DUT REF_L1.dml,,,,N41(100)+N41(40),NR SA,429,-76.620000,16.120000,,,,,,,,,,,,,,,,,
508,1,,,-73.9264850,40.7601300,2026-01-22 21:43:39.000,_20260122_163503_CH02_DUT_TMO_Playstore 60MB_NJ DUT REF_L1.dml,,,,N41(100)+N41(40),NR SA,429,-77.270000,15.310000,,,,,,,,,,,,,,,,,
509,1,,,-73.9264850,40.7601300,2026-01-22 21:43:40.000,_20260122_163503_CH02_DUT_TMO_Playstore 60MB_NJ DUT REF_L1.dml,,,,N41(100)+N41(40),NR SA,429,-77.200000,16.640000,,,,,,,,,,,,,0.120,,,,
510,1,,,-73.9264850,40.7601300,2026-01-22 21:43:41.000,_20260122_163503_CH02_DUT_TMO_Playstore 60MB_NJ DUT REF_L1.dml,,,,N41(100)+N41(40),NR SA,429,-77.780000,14.740000,,,,,,,,,,,,,,,,,
511,1,,,-73.9264850,40.7601300,2026-01-22 21:43:42.000,_20260122_163503_CH02_DUT_TMO_Playstore 60MB_NJ DUT REF_L1.dml,,,,N41(100)+N41(40),NR SA,429,-76.000000,15.450000,,,,,,,,,,,,,0.544,,,,
512,1,,,-73.9264850,40.7601300,2026-01-22 21:43:43.000,_20260122_163503_CH02_DUT_TMO_Playstore 60MB_NJ DUT REF_L1.dml,,,,N41(100)+N41(40),NR SA,429,-76.220000,15.870000,,,,,,,,,,,,,2.304,,,,
513,1,,,-73.9264800,40.7601333,2026-01-22 21:43:44.000,_20260122_163503_CH02_DUT_TMO_Playstore 60MB_NJ DUT REF_L1.dml,,,,N41(100)+N41(40),NR SA,429,-75.000000,16.800000,,,,,,,,,,,,,1.944,,,,
514,1,,,-73.9264817,40.7601417,2026-01-22 21:43:45.000,_20260122_163503_CH02_DUT_TMO_Playstore 60MB_NJ DUT REF_L1.dml,,,,N41(100)+N41(40),NR SA,429,-74.390000,17.780000,,,,,,,,,,,,,0.000,,,,
515,1,,,-73.9264833,40.7601483,2026-01-22 21:43:46.000,_20260122_163503_CH02_DUT_TMO_Playstore 60MB_NJ DUT REF_L1.dml,,,,N41(100)+N41(40),NR SA,429,-75.420000,17.580000,,,,,,,,,,,,,0.064,,,,
516,1,,,-73.9264867,40.7601533,2026-01-22 21:43:47.000,_20260122_163503_CH02_DUT_TMO_Playstore 60MB_NJ DUT REF_L1.dml,,,,N41(100)+N41(40),NR SA,429,-75.000000,17.000000,,,,,,,,,,,,,,,,,
517,1,,,-73.9264900,40.7601567,2026-01-22 21:43:48.000,_20260122_163503_CH02_DUT_TMO_Playstore 60MB_NJ DUT REF_L1.dml,,,,N41(100)+N41(40),NR SA,429,-75.600000,17.000000,,,,,,,,,,,,,0.000,,,,
518,1,,,-73.9264950,40.7601567,2026-01-22 21:43:49.000,_20260122_163503_CH02_DUT_TMO_Playstore 60MB_NJ DUT REF_L1.dml,,,,N41(100)+N41(40),NR SA,429,-75.600000,16.400000,,,,,,,,,,,,,0.000,,,,
519,1,,,-73.9264983,40.7601533,2026-01-22 21:43:50.000,_20260122_163503_CH02_DUT_TMO_Playstore 60MB_NJ DUT REF_L1.dml,,,,N41(100)+N41(40),NR SA,429,-75.000000,17.250000,,,,,,,,,,,,,0.000,,,,
520,1,,,-73.9265017,40.7601500,2026-01-22 21:43:51.000,_20260122_163503_CH02_DUT_TMO_Playstore 60MB_NJ DUT REF_L1.dml,,,,N41(100)+N41(40),NR SA,429,-76.500000,17.330000,,,,,,,,,,,,,0.000,,,,
521,1,,,-73.9265017,40.7601467,2026-01-22 21:43:52.000,_20260122_163503_CH02_DUT_TMO_Playstore 60MB_NJ DUT REF_L1.dml,,,,N41(100)+N41(40),NR SA,429,-74.500000,20.250000,,,,,,,,,,,,,0.000,,,,
522,1,,,-73.9264950,40.7601383,2026-01-22 21:43:53.000,_20260122_163503_CH02_DUT_TMO_Playstore 60MB_NJ DUT REF_L1.dml,,,,N41(100)+N41(40),NR SA,429,-74.670000,19.330000,,,,,,,,,,,,,,,,,
523,1,,,-73.9264833,40.7601183,2026-01-22 21:43:54.000,_20260122_163503_CH02_DUT_TMO_Playstore 60MB_NJ DUT REF_L1.dml,,,,N41(100)+N41(40),NR SA,429,-74.250000,20.500000,,,,,,,,,,,,,0.000,,,,
524,1,,,-73.9264683,40.7601067,2026-01-22 21:43:55.000,_20260122_163503_CH02_DUT_TMO_Playstore 60MB_NJ DUT REF_L1.dml,,,,N41(100)+N41(40),NR SA,429,-76.330000,19.330000,,,,,,,,,,,,,0.000,,,,
525,1,,,-73.9264533,40.7600967,2026-01-22 21:43:56.000,_20260122_163503_CH02_DUT_TMO_Playstore 60MB_NJ DUT REF_L1.dml,,,,N41(x)+N41(x),NR SA,429,-76.000000,20.000000,,,,,,,,,,,,,,,,,
526,1,,,-73.9264217,40.7600950,2026-01-22 21:43:57.000,_20260122_163503_CH02_DUT_TMO_Playstore 60MB_NJ DUT REF_L1.dml,,,,N41(x),NR SA,429,-76.000000,18.000000,,,,,,,,,,,,,,,,,
527,1,,,-73.9264217,40.7600950,2026-01-22 21:43:58.000,_20260122_163503_CH02_DUT_TMO_Playstore 60MB_NJ DUT REF_L1.dml,,,,,NR SA,,,,,,,,,,,,,,,,,,,,
528,1,,,-73.9264133,40.7600900,2026-01-22 21:43:59.000,_20260122_163503_CH02_DUT_TMO_Playstore 60MB_NJ DUT REF_L1.dml,,,,,NR SA,,,,,,,,,,,,,,,,,,,,
529,1,,,-73.9264133,40.7600900,2026-01-22 21:44:00.000,_20260122_163503_CH02_DUT_TMO_Playstore 60MB_NJ DUT REF_L1.dml,,,,N41(100),NR SA,429,-75.000000,17.000000,,,,,,,,,,,,,0.000,,,,
530,1,,,-73.9264117,40.7600900,2026-01-22 21:44:01.000,_20260122_163503_CH02_DUT_TMO_Playstore 60MB_NJ DUT REF_L1.dml,,,,N41(100)+N41(40),NR SA,429,-74.290000,19.140000,,,,,,,,,,,,,0.096,,,,
531,1,,,-73.9264067,40.7600883,2026-01-22 21:44:02.000,_20260122_163503_CH02_DUT_TMO_Playstore 60MB_NJ DUT REF_L1.dml,,,,N41(100)+N41(40),NR SA,429,-73.470000,19.890000,,,,,,,,,,,,,0.992,,,,
532,1,,,-73.9264050,40.7600883,2026-01-22 21:44:03.000,_20260122_163503_CH02_DUT_TMO_Playstore 60MB_NJ DUT REF_L1.dml,,,,N41(100)+N41(40),NR SA,429,-73.370000,19.810000,,,,,,,,,,,,,2.152,,,,
533,1,,,-73.9264000,40.7600850,2026-01-22 21:44:04.000,_20260122_163503_CH02_DUT_TMO_Playstore 60MB_NJ DUT REF_L1.dml,,,,N41(100)+N41(40),NR SA,429,-74.500000,19.130000,,,,,,,,,,,,,,,,,
534,1,,,-73.9263967,40.7600833,2026-01-22 21:44:05.000,_20260122_163503_CH02_DUT_TMO_Playstore 60MB_NJ DUT REF_L1.dml,,,,N41(40),NR SA,,,,,,,,,,,,,,,,1.520,,,,
535,1,,,-73.9263933,40.7600800,2026-01-22 21:44:06.000,_20260122_163503_CH02_DUT_TMO_Playstore 60MB_NJ DUT REF_L1.dml,,,,N41(100)+N41(40),NR SA,429,-76.400000,16.440000,,,,,,,,,,,,,0.008,,,,
536,1,,,-73.9263917,40.7600750,2026-01-22 21:44:07.000,_20260122_163503_CH02_DUT_TMO_Playstore 60MB_NJ DUT REF_L1.dml,,,,N41(100)+N41(40),NR SA,429,-74.750000,17.150000,,,,,,,,,,,,,0.064,,,,
537,1,,,-73.9263883,40.7600700,2026-01-22 21:44:08.000,_20260122_163503_CH02_DUT_TMO_Playstore 60MB_NJ DUT REF_L1.dml,,,,N41(100)+N41(40),NR SA,429,-74.670000,18.000000,,,,,,,,,,,,,0.008,,,,
538,1,,,-73.9263883,40.7600633,2026-01-22 21:44:09.000,_20260122_163503_CH02_DUT_TMO_Playstore 60MB_NJ DUT REF_L1.dml,,,,N41(100),NR SA,429,-75.000000,18.000000,,,,,,,,,,,,,,,,,
539,1,,,-73.9263883,40.7600550,2026-01-22 21:44:10.000,_20260122_163503_CH02_DUT_TMO_Playstore 60MB_NJ DUT REF_L1.dml,,,,N41(100)+N41(40),NR SA,429,-74.200000,17.000000,,,,,,,,,,,,,0.000,,,,
540,1,,,-73.9263900,40.7600500,2026-01-22 21:44:11.000,_20260122_163503_CH02_DUT_TMO_Playstore 60MB_NJ DUT REF_L1.dml,,,,N41(100)+N41(40),NR SA,429,-76.330000,16.500000,,,,,,,,,,,,,0.000,,,,
541,1,,,-73.9263950,40.7600483,2026-01-22 21:44:12.000,_20260122_163503_CH02_DUT_TMO_Playstore 60MB_NJ DUT REF_L1.dml,,,,N41(100),NR SA,429,-76.000000,19.000000,,,,,,,,,,,,,0.000,,,,
542,1,,,-73.9264000,40.7600483,2026-01-22 21:44:13.000,_20260122_163503_CH02_DUT_TMO_Playstore 60MB_NJ DUT REF_L1.dml,,,,N41(100)+N41(40),NR SA,429,-75.090000,20.000000,,,,,,,,,,,,,0.000,,,,
543,1,,,-73.9264050,40.7600483,2026-01-22 21:44:14.000,_20260122_163503_CH02_DUT_TMO_Playstore 60MB_NJ DUT REF_L1.dml,,,,N41(100)+N41(40),NR SA,429,-74.150000,20.820000,,,,,,,,,,,,,0.008,,,,
544,1,,,-73.9264083,40.7600483,2026-01-22 21:44:15.000,_20260122_163503_CH02_DUT_TMO_Playstore 60MB_NJ DUT REF_L1.dml,,,,N41(100)+N41(40),NR SA,429,-74.000000,20.030000,,,,,,,,,,,,,0.008,,,,
545,1,,,-73.9264117,40.7600517,2026-01-22 21:44:16.000,_20260122_163503_CH02_DUT_TMO_Playstore 60MB_NJ DUT REF_L1.dml,,,,N41(100)+N41(40),NR SA,429,-74.290000,20.060000,,,,,,,,,,,,,0.096,,,,
546,1,,,-73.9264150,40.7600500,2026-01-22 21:44:17.000,_20260122_163503_CH02_DUT_TMO_Playstore 60MB_NJ DUT REF_L1.dml,,,,N41(100)+N41(40),NR SA,429,-74.980000,17.490000,,,,,,,,,,,,,1.152,,,,
547,1,,,-73.9264150,40.7600533,2026-01-22 21:44:18.000,_20260122_163503_CH02_DUT_TMO_Playstore 60MB_NJ DUT REF_L1.dml,,,,N41(100)+N41(40),NR SA,429,-74.170000,17.960000,,,,,,,,,,,,,2.272,,,,
548,1,,,-73.9264133,40.7600533,2026-01-22 21:44:19.000,_20260122_163503_CH02_DUT_TMO_Playstore 60MB_NJ DUT REF_L1.dml,,,,N41(100)+N41(40),NR SA,429,-74.250000,17.410000,,,,,,,,,,,,,,,,,
549,1,,,-73.9264117,40.7600550,2026-01-22 21:44:20.000,_20260122_163503_CH02_DUT_TMO_Playstore 60MB_NJ DUT REF_L1.dml,,,,N41(100)+N41(40),NR SA,429,-73.000000,19.330000,,,,,,,,,,,,,1.528,,,,
550,1,,,-73.9264100,40.7600550,2026-01-22 21:44:21.000,_20260122_163503_CH02_DUT_TMO_Playstore 60MB_NJ DUT REF_L1.dml,,,,N41(100)+N41(40),NR SA,429,-73.030000,19.420000,,,,,,,,,,,,,0.008,,,,
551,1,,,-73.9264083,40.7600567,2026-01-22 21:44:22.000,_20260122_163503_CH02_DUT_TMO_Playstore 60MB_NJ DUT REF_L1.dml,,,,N41(100)+N41(40),NR SA,429,-73.000000,19.960000,,,,,,,,,,,,,0.056,,,,
552,1,,,-73.9264067,40.7600567,2026-01-22 21:44:23.000,_20260122_163503_CH02_DUT_TMO_Playstore 60MB_NJ DUT REF_L1.dml,,,,N41(100)+N41(40),NR SA,429,-72.620000,19.460000,,,,,,,,,,,,,0.000,,,,
553,1,,,-73.9264067,40.7600567,2026-01-22 21:44:24.000,_20260122_163503_CH02_DUT_TMO_Playstore 60MB_NJ DUT REF_L1.dml,,,,N41(100)+N41(40),NR SA,429,-72.000000,18.000000,,,,,,,,,,,,,,,,,
554,1,,,-73.9264067,40.7600567,2026-01-22 21:44:25.000,_20260122_163503_CH02_DUT_TMO_Playstore 60MB_NJ DUT REF_L1.dml,,,,N41(100)+N41(40),NR SA,429,-72.000000,19.600000,,,,,,,,,,,,,0.000,,,,
555,1,,,-73.9264067,40.7600567,2026-01-22 21:44:26.000,_20260122_163503_CH02_DUT_TMO_Playstore 60MB_NJ DUT REF_L1.dml,,,,N41(100)+N41(40),NR SA,429,-73.000000,20.000000,,,,,,,,,,,,,0.000,,,,
556,1,,,-73.9264067,40.7600567,2026-01-22 21:44:27.000,_20260122_163503_CH02_DUT_TMO_Playstore 60MB_NJ DUT REF_L1.dml,,,,N41(100)+N41(40),NR SA,429,-72.670000,19.890000,,,,,,,,,,,,,0.000,,,,
557,1,,,-73.9264067,40.7600567,2026-01-22 21:44:28.000,_20260122_163503_CH02_DUT_TMO_Playstore 60MB_NJ DUT REF_L1.dml,,,,N41(100)+N41(40),NR SA,429,-72.360000,19.790000,,,,,,,,,,,,,0.000,,,,
558,1,,,-73.9264067,40.7600567,2026-01-22 21:44:29.000,_20260122_163503_CH02_DUT_TMO_Playstore 60MB_NJ DUT REF_L1.dml,,,,N41(100)+N41(40),NR SA,429,-72.720000,19.790000,,,,,,,,,,,,,,,,,
559,1,,,-73.9263917,40.7600583,2026-01-22 21:44:30.000,_20260122_163503_CH02_DUT_TMO_Playstore 60MB_NJ DUT REF_L1.dml,,,,N41(100)+N41(40),NR SA,429,-68.000000,15.000000,,,,,,,,,,,,,0.008,,,,
560,1,,,-73.9263883,40.7600583,2026-01-22 21:44:31.000,_20260122_163503_CH02_DUT_TMO_Playstore 60MB_NJ DUT REF_L1.dml,,,,N41(x)+N41(x),NR SA,429,-73.000000,18.440000,,,,,,,,,,,,,0.000,,,,
561,1,,,-73.9263783,40.7600583,2026-01-22 21:44:32.000,_20260122_163503_CH02_DUT_TMO_Playstore 60MB_NJ DUT REF_L1.dml,,,,,NR SA,,,,,,,,,,,,,,,,,,,,
562,1,,,-73.9263733,40.7600600,2026-01-22 21:44:33.000,_20260122_163503_CH02_DUT_TMO_Playstore 60MB_NJ DUT REF_L1.dml,,,,,NR SA,,,,,,,,,,,,,,,,,,,,
563,1,,,-73.9263733,40.7600617,2026-01-22 21:44:34.000,_20260122_163503_CH02_DUT_TMO_Playstore 60MB_NJ DUT REF_L1.dml,,,,,NR SA,,,,,,,,,,,,,,,,,,,,
564,1,,,-73.9263733,40.7600617,2026-01-22 21:44:35.000,_20260122_163503_CH02_DUT_TMO_Playstore 60MB_NJ DUT REF_L1.dml,,,,,NR SA,,,,,,,,,,,,,,,,,,,,
565,1,,,-73.9263733,40.7600617,2026-01-22 21:44:36.000,_20260122_163503_CH02_DUT_TMO_Playstore 60MB_NJ DUT REF_L1.dml,,,,,NR SA,,,,,,,,,,,,,,,,,,,,
566,1,,,-73.9263750,40.7600667,2026-01-22 21:44:37.000,_20260122_163503_CH02_DUT_TMO_Playstore 60MB_NJ DUT REF_L1.dml,,,,,NR SA,,,,,,,,,,,,,,,,,,,,
567,1,,,-73.9263783,40.7600667,2026-01-22 21:44:38.000,_20260122_163503_CH02_DUT_TMO_Playstore 60MB_NJ DUT REF_L1.dml,,,,N41(x),NR SA,429,-75.000000,18.000000,,,,,,,,,,,,,,,,,
568,1,,,-73.9263800,40.7600683,2026-01-22 21:44:39.000,_20260122_163503_CH02_DUT_TMO_Playstore 60MB_NJ DUT REF_L1.dml,,,,,NR SA,,,,,,,,,,,,,,,,,,,,
569,1,,,-73.9263800,40.7600683,2026-01-22 21:44:40.000,_20260122_163503_CH02_DUT_TMO_Playstore 60MB_NJ DUT REF_L1.dml,,,,,NR SA,,,,,,,,,,,,,,,,,,,,
570,1,,,-73.9263833,40.7600683,2026-01-22 21:44:41.000,_20260122_163503_CH02_DUT_TMO_Playstore 60MB_NJ DUT REF_L1.dml,,,,N41(100)+N41(40),NR SA,429,-74.150000,20.550000,,,,,,,,,,,,,,,,,
571,1,,,-73.9263867,40.7600700,2026-01-22 21:44:42.000,_20260122_163503_CH02_DUT_TMO_Playstore 60MB_NJ DUT REF_L1.dml,,,,N41(100)+N41(40),NR SA,429,-74.000000,19.380000,,,,,,,,,,,,,0.392,,,,
572,1,,,-73.9263867,40.7600700,2026-01-22 21:44:43.000,_20260122_163503_CH02_DUT_TMO_Playstore 60MB_NJ DUT REF_L1.dml,,,,N41(100)+N41(40),NR SA,429,-73.000000,20.310000,,,,,,,,,,,,,1.456,,,,
573,1,,,-73.9263867,40.7600700,2026-01-22 21:44:44.000,_20260122_163503_CH02_DUT_TMO_Playstore 60MB_NJ DUT REF_L1.dml,,,,N41(100)+N41(40),NR SA,429,-72.350000,21.110000,,,,,,,,,,,,,2.200,,,,
574,1,,,-73.9263867,40.7600700,2026-01-22 21:44:45.000,_20260122_163503_CH02_DUT_TMO_Playstore 60MB_NJ DUT REF_L1.dml,,,,N41(100)+N41(40),NR SA,429,-74.000000,19.400000,,,,,,,,,,,,,1.216,,,,
575,1,,,-73.9263867,40.7600700,2026-01-22 21:44:46.000,_20260122_163503_CH02_DUT_TMO_Playstore 60MB_NJ DUT REF_L1.dml,,,,N41(100)+N41(40),NR SA,429,-73.570000,20.140000,,,,,,,,,,,,,0.008,,,,
576,1,,,-73.9264033,40.7600750,2026-01-22 21:44:47.000,_20260122_163503_CH02_DUT_TMO_Playstore 60MB_NJ DUT REF_L1.dml,,,,N41(100)+N41(40),NR SA,429,-73.000000,20.940000,,,,,,,,,,,,,0.064,,,,
577,1,,,-73.9264050,40.7600783,2026-01-22 21:44:48.000,_20260122_163503_CH02_DUT_TMO_Playstore 60MB_NJ DUT REF_L1.dml,,,,N41(100)+N41(40),NR SA,429,-72.440000,21.690000,,,,,,,,,,,,,0.000,,,,
578,1,,,-73.9264050,40.7600800,2026-01-22 21:44:49.000,_20260122_163503_CH02_DUT_TMO_Playstore 60MB_NJ DUT REF_L1.dml,,,,N41(100)+N41(40),NR SA,429,-72.160000,21.680000,,,,,,,,,,,,,,,,,
579,1,,,-73.9264033,40.7600817,2026-01-22 21:44:50.000,_20260122_163503_CH02_DUT_TMO_Playstore 60MB_NJ DUT REF_L1.dml,,,,N41(100)+N41(40),NR SA,429,-72.400000,20.400000,,,,,,,,,,,,,0.004,,,,
580,1,,,-73.9264033,40.7600833,2026-01-22 21:44:51.000,_20260122_163503_CH02_DUT_TMO_Playstore 60MB_NJ DUT REF_L1.dml,,,,N41(100)+N41(40),NR SA,429,-72.000000,21.330000,,,,,,,,,,,,,,,,,
581,1,,,-73.9264033,40.7600817,2026-01-22 21:44:52.000,_20260122_163503_CH02_DUT_TMO_Playstore 60MB_NJ DUT REF_L1.dml,,,,N41(100)+N41(40),NR SA,429,-72.000000,21.000000,,,,,,,,,,,,,0.104,,,,
582,1,,,-73.9264033,40.7600817,2026-01-22 21:44:53.000,_20260122_163503_CH02_DUT_TMO_Playstore 60MB_NJ DUT REF_L1.dml,,,,N41(100)+N41(40),NR SA,429,-72.110000,22.110000,,,,,,,,,,,,,0.000,,,,
583,1,,,-73.9264033,40.7600817,2026-01-22 21:44:54.000,_20260122_163503_CH02_DUT_TMO_Playstore 60MB_NJ DUT REF_L1.dml,,,,N41(100)+N41(40),NR SA,429,-71.750000,20.750000,,,,,,,,,,,,,0.000,,,,
584,1,,,-73.9264017,40.7600767,2026-01-22 21:44:55.000,_20260122_163503_CH02_DUT_TMO_Playstore 60MB_NJ DUT REF_L1.dml,,,,N41(100)+N41(40),NR SA,429,-70.890000,19.610000,,,,,,,,,,,,,0.008,,,,
585,1,,,-73.9264017,40.7600733,2026-01-22 21:44:56.000,_20260122_163503_CH02_DUT_TMO_Playstore 60MB_NJ DUT REF_L1.dml,,,,N41(100)+N41(40),NR SA,429,-72.070000,21.270000,,,,,,,,,,,,,0.008,,,,
586,1,,,-73.9264017,40.7600700,2026-01-22 21:44:57.000,_20260122_163503_CH02_DUT_TMO_Playstore 60MB_NJ DUT REF_L1.dml,,,,N41(100)+N41(40),NR SA,429,-73.000000,20.600000,,,,,,,,,,,,,,,,,
587,1,,,-73.9263983,40.7600650,2026-01-22 21:44:58.000,_20260122_163503_CH02_DUT_TMO_Playstore 60MB_NJ DUT REF_L1.dml,,,,N41(100)+N41(40),NR SA,429,-73.800000,19.200000,,,,,,,,,,,,,0.000,,,,
588,1,,,-73.9263967,40.7600600,2026-01-22 21:44:59.000,_20260122_163503_CH02_DUT_TMO_Playstore 60MB_NJ DUT REF_L1.dml,,,,N41(100)+N41(40),NR SA,429,-73.750000,19.000000,,,,,,,,,,,,,0.000,,,,
589,1,,,-73.9263950,40.7600550,2026-01-22 21:45:00.000,_20260122_163503_CH02_DUT_TMO_Playstore 60MB_NJ DUT REF_L1.dml,,,,N41(100)+N41(40),NR SA,429,-73.670000,18.670000,,,,,,,,,,,,,0.000,,,,
590,1,,,-73.9263917,40.7600533,2026-01-22 21:45:01.000,_20260122_163503_CH02_DUT_TMO_Playstore 60MB_NJ DUT REF_L1.dml,,,,N41(x)+N41(x),NR SA,429,-74.000000,19.000000,,,,,,,,,,,,,,,,,
591,1,,,-73.9263900,40.7600500,2026-01-22 21:45:02.000,_20260122_163503_CH02_DUT_TMO_Playstore 60MB_NJ DUT REF_L1.dml,,,,N41(x),NR SA,429,-73.000000,20.000000,,,,,,,,,,,,,,,,,
592,1,,,-73.9263883,40.7600483,2026-01-22 21:45:03.000,_20260122_163503_CH02_DUT_TMO_Playstore 60MB_NJ DUT REF_L1.dml,,,,,NR SA,,,,,,,,,,,,,,,,,,,,
593,1,,,-73.9263883,40.7600483,2026-01-22 21:45:04.000,_20260122_163503_CH02_DUT_TMO_Playstore 60MB_NJ DUT REF_L1.dml,,,,N41(100),NR SA,429,-76.000000,18.000000,,,,,,,,,,,,,,,,,
594,1,,,-73.9263867,40.7600500,2026-01-22 21:45:05.000,_20260122_163503_CH02_DUT_TMO_Playstore 60MB_NJ DUT REF_L1.dml,,,,N41(100)+N41(40),NR SA,429,-76.390000,17.330000,,,,,,,,,,,,,,,,,
595,1,,,-73.9263850,40.7600500,2026-01-22 21:45:06.000,_20260122_163503_CH02_DUT_TMO_Playstore 60MB_NJ DUT REF_L1.dml,,,,N41(100)+N41(40),NR SA,429,-80.000000,17.000000,,,,,,,,,,,,,0.024,,,,
596,1,,,-73.9263833,40.7600517,2026-01-22 21:45:07.000,_20260122_163503_CH02_DUT_TMO_Playstore 60MB_NJ DUT REF_L1.dml,,,,N41(100)+N41(40),NR SA,429,-76.710000,16.570000,,,,,,,,,,,,,0.000,,,,
597,1,,,-73.9263817,40.7600533,2026-01-22 21:45:08.000,_20260122_163503_CH02_DUT_TMO_Playstore 60MB_NJ DUT REF_L1.dml,,,,N41(100)+N41(40),NR SA,429,-76.450000,17.820000,,,,,,,,,,,,,0.096,,,,
598,1,,,-73.9263783,40.7600533,2026-01-22 21:45:09.000,_20260122_163503_CH02_DUT_TMO_Playstore 60MB_NJ DUT REF_L1.dml,,,,N41(100)+N41(40),NR SA,429,-73.630000,19.630000,,,,,,,,,,,,,0.784,,,,
599,1,,,-73.9263733,40.7600533,2026-01-22 21:45:10.000,_20260122_163503_CH02_DUT_TMO_Playstore 60MB_NJ DUT REF_L1.dml,,,,N41(100)+N41(40),NR SA,429,-72.560000,22.130000,,,,,,,,,,,,,1.688,,,,
600,1,,,-73.9263683,40.7600517,2026-01-22 21:45:11.000,_20260122_163503_CH02_DUT_TMO_Playstore 60MB_NJ DUT REF_L1.dml,,,,N41(100)+N41(40),NR SA,429,-73.060000,20.500000,,,,,,,,,,,,,,,,,
601,1,,,-73.9263633,40.7600483,2026-01-22 21:45:12.000,_20260122_163503_CH02_DUT_TMO_Playstore 60MB_NJ DUT REF_L1.dml,,,,N41(100)+N41(40),NR SA,429,-73.000000,21.000000,,,,,,,,,,,,,1.156,,,,
602,1,,,-73.9263617,40.7600450,2026-01-22 21:45:13.000,_20260122_163503_CH02_DUT_TMO_Playstore 60MB_NJ DUT REF_L1.dml,,,,N41(100)+N41(40),NR SA,429,-74.210000,17.860000,,,,,,,,,,,,,0.136,,,,
603,1,,,-73.9263600,40.7600400,2026-01-22 21:45:14.000,_20260122_163503_CH02_DUT_TMO_Playstore 60MB_NJ DUT REF_L1.dml,,,,N41(100)+N41(40),NR SA,429,-76.110000,17.780000,,,,,,,,,,,,,,,,,
604,1,,,-73.9263600,40.7600367,2026-01-22 21:45:15.000,_20260122_163503_CH02_DUT_TMO_Playstore 60MB_NJ DUT REF_L1.dml,,,,N41(100)+N41(40),NR SA,429,-77.860000,16.710000,,,,,,,,,,,,,0.008,,,,
605,1,,,-73.9263600,40.7600317,2026-01-22 21:45:16.000,_20260122_163503_CH02_DUT_TMO_Playstore 60MB_NJ DUT REF_L1.dml,,,,N41(100)+N41(40),NR SA,429,-76.000000,17.670000,,,,,,,,,,,,,0.000,,,,
606,1,,,-73.9263600,40.7600283,2026-01-22 21:45:17.000,_20260122_163503_CH02_DUT_TMO_Playstore 60MB_NJ DUT REF_L1.dml,,,,N41(100)+N41(40),NR SA,429,-76.000000,18.000000,,,,,,,,,,,,,0.000,,,,
607,1,,,-73.9263633,40.7600283,2026-01-22 21:45:18.000,_20260122_163503_CH02_DUT_TMO_Playstore 60MB_NJ DUT REF_L1.dml,,,,N41(100)+N41(40),NR SA,429,-75.000000,19.000000,,,,,,,,,,,,,0.000,,,,
608,1,,,-73.9263633,40.7600267,2026-01-22 21:45:19.000,_20260122_163503_CH02_DUT_TMO_Playstore 60MB_NJ DUT REF_L1.dml,,,,N41(100)+N41(40),NR SA,429,-79.600000,15.800000,,,,,,,,,,,,,,,,,
609,1,,,-73.9263633,40.7600283,2026-01-22 21:45:20.000,_20260122_163503_CH02_DUT_TMO_Playstore 60MB_NJ DUT REF_L1.dml,,,,N41(100)+N41(40),NR SA,429,-79.000000,15.640000,,,,,,,,,,,,,0.000,,,,
610,1,,,-73.9263617,40.7600283,2026-01-22 21:45:21.000,_20260122_163503_CH02_DUT_TMO_Playstore 60MB_NJ DUT REF_L1.dml,,,,N41(100)+N41(40),NR SA,429,-75.270000,18.640000,,,,,,,,,,,,,0.080,,,,
611,1,,,-73.9263617,40.7600300,2026-01-22 21:45:22.000,_20260122_163503_CH02_DUT_TMO_Playstore 60MB_NJ DUT REF_L1.dml,,,,N41(100)+N41(40),NR SA,429,-76.390000,17.820000,,,,,,,,,,,,,0.040,,,,
612,1,,,-73.9263583,40.7600300,2026-01-22 21:45:23.000,_20260122_163503_CH02_DUT_TMO_Playstore 60MB_NJ DUT REF_L1.dml,,,,N41(100)+N41(40),NR SA,429,-74.450000,20.160000,,,,,,,,,,,,,0.976,,,,
613,1,,,-73.9263583,40.7600317,2026-01-22 21:45:24.000,_20260122_163503_CH02_DUT_TMO_Playstore 60MB_NJ DUT REF_L1.dml,,,,N41(100)+N41(40),NR SA,429,-77.000000,17.100000,,,,,,,,,,,,,2.032,,,,
614,1,,,-73.9263583,40.7600317,2026-01-22 21:45:25.000,_20260122_163503_CH02_DUT_TMO_Playstore 60MB_NJ DUT REF_L1.dml,,,,N41(100)+N41(40),NR SA,429,-77.340000,16.680000,,,,,,,,,,,,,,,,,
615,1,,,-73.9263583,40.7600317,2026-01-22 21:45:26.000,_20260122_163503_CH02_DUT_TMO_Playstore 60MB_NJ DUT REF_L1.dml,,,,N41(100)+N41(40),NR SA,429,-76.000000,19.000000,,,,,,,,,,,,,1.944,,,,
616,1,,,-73.9263583,40.7600317,2026-01-22 21:45:27.000,_20260122_163503_CH02_DUT_TMO_Playstore 60MB_NJ DUT REF_L1.dml,,,,N41(100)+N41(40),NR SA,429,-76.500000,17.750000,,,,,,,,,,,,,0.000,,,,
617,1,,,-73.9263583,40.7600317,2026-01-22 21:45:28.000,_20260122_163503_CH02_DUT_TMO_Playstore 60MB_NJ DUT REF_L1.dml,,,,N41(100)+N41(40),NR SA,429,-75.910000,18.270000,,,,,,,,,,,,,0.056,,,,
618,1,,,-73.9263583,40.7600317,2026-01-22 21:45:29.000,_20260122_163503_CH02_DUT_TMO_Playstore 60MB_NJ DUT REF_L1.dml,,,,N41(100)+N41(40),NR SA,429,-75.670000,17.670000,,,,,,,,,,,,,,,,,
619,1,,,-73.9263583,40.7600317,2026-01-22 21:45:30.000,_20260122_163503_CH02_DUT_TMO_Playstore 60MB_NJ DUT REF_L1.dml,,,,N41(100)+N41(40),NR SA,429,-78.000000,16.930000,,,,,,,,,,,,,0.000,,,,
620,1,,,-73.9263583,40.7600317,2026-01-22 21:45:31.000,_20260122_163503_CH02_DUT_TMO_Playstore 60MB_NJ DUT REF_L1.dml,,,,N41(100)+N41(40),NR SA,429,-75.240000,19.590000,,,,,,,,,,,,,0.000,,,,
621,1,,,-73.9263583,40.7600317,2026-01-22 21:45:32.000,_20260122_163503_CH02_DUT_TMO_Playstore 60MB_NJ DUT REF_L1.dml,,,,N41(100)+N41(40),NR SA,429,-75.140000,20.190000,,,,,,,,,,,,,0.096,,,,
622,1,,,-73.9263583,40.7600317,2026-01-22 21:45:33.000,_20260122_163503_CH02_DUT_TMO_Playstore 60MB_NJ DUT REF_L1.dml,,,,N41(100)+N41(40),NR SA,429,-75.880000,19.050000,,,,,,,,,,,,,0.448,,,,
623,1,,,-73.9263583,40.7600317,2026-01-22 21:45:34.000,_20260122_163503_CH02_DUT_TMO_Playstore 60MB_NJ DUT REF_L1.dml,,,,N41(100)+N41(40),NR SA,429,-79.080000,16.000000,,,,,,,,,,,,,1.248,,,,
624,1,,,-73.9263583,40.7600317,2026-01-22 21:45:35.000,_20260122_163503_CH02_DUT_TMO_Playstore 60MB_NJ DUT REF_L1.dml,,,,N41(100)+N41(40),NR SA,429,-79.940000,15.020000,,,,,,,,,,,,,2.152,,,,
625,1,,,-73.9263583,40.7600317,2026-01-22 21:45:36.000,_20260122_163503_CH02_DUT_TMO_Playstore 60MB_NJ DUT REF_L1.dml,,,,N41(100)+N41(40),NR SA,429,-79.570000,15.430000,,,,,,,,,,,,,0.952,,,,
626,1,,,-73.9263583,40.7600317,2026-01-22 21:45:37.000,_20260122_163503_CH02_DUT_TMO_Playstore 60MB_NJ DUT REF_L1.dml,,,,N41(100)+N41(40),NR SA,429,-79.200000,15.600000,,,,,,,,,,,,,0.000,,,,
627,1,,,-73.9263583,40.7600317,2026-01-22 21:45:38.000,_20260122_163503_CH02_DUT_TMO_Playstore 60MB_NJ DUT REF_L1.dml,,,,N41(100)+N41(40),NR SA,429,-77.740000,15.240000,,,,,,,,,,,,,0.064,,,,
628,1,,,-73.9263583,40.7600317,2026-01-22 21:45:39.000,_20260122_163503_CH02_DUT_TMO_Playstore 60MB_NJ DUT REF_L1.dml,,,,N41(100)+N41(40),NR SA,429,-78.000000,16.000000,,,,,,,,,,,,,,,,,
629,1,,,-73.9263500,40.7600400,2026-01-22 21:45:40.000,_20260122_163503_CH02_DUT_TMO_Playstore 60MB_NJ DUT REF_L1.dml,,,,N41(100)+N41(40),NR SA,429,-75.500000,17.830000,,,,,,,,,,,,,0.016,,,,
630,1,,,-73.9263467,40.7600383,2026-01-22 21:45:41.000,_20260122_163503_CH02_DUT_TMO_Playstore 60MB_NJ DUT REF_L1.dml,,,,N41(100)+N41(40),NR SA,429,-73.140000,19.570000,,,,,,,,,,,,,0.000,,,,
631,1,,,-73.9263467,40.7600400,2026-01-22 21:45:42.000,_20260122_163503_CH02_DUT_TMO_Playstore 60MB_NJ DUT REF_L1.dml,,,,N41(100)+N41(40),NR SA,429,-77.330000,15.670000,,,,,,,,,,,,,0.000,,,,
632,1,,,-73.9263467,40.7600400,2026-01-22 21:45:43.000,_20260122_163503_CH02_DUT_TMO_Playstore 60MB_NJ DUT REF_L1.dml,,,,N41(100)+N41(40),NR SA,429,-75.600000,17.300000,,,,,,,,,,,,,0.008,,,,
633,1,,,-73.9263467,40.7600400,2026-01-22 21:45:44.000,_20260122_163503_CH02_DUT_TMO_Playstore 60MB_NJ DUT REF_L1.dml,,,,N41(100)+N41(40),NR SA,429,-75.880000,18.690000,,,,,,,,,,,,,0.008,,,,
634,1,,,-73.9263517,40.7600467,2026-01-22 21:45:45.000,_20260122_163503_CH02_DUT_TMO_Playstore 60MB_NJ DUT REF_L1.dml,,,,N41(100)+N41(40),NR SA,429,-74.400000,19.630000,,,,,,,,,,,,,0.120,,,,
635,1,,,-73.9263550,40.7600500,2026-01-22 21:45:46.000,_20260122_163503_CH02_DUT_TMO_Playstore 60MB_NJ DUT REF_L1.dml,,,,N41(100)+N41(40),NR SA,429,-74.260000,19.180000,,,,,,,,,,,,,0.656,,,,
636,1,,,-73.9263567,40.7600517,2026-01-22 21:45:47.000,_20260122_163503_CH02_DUT_TMO_Playstore 60MB_NJ DUT REF_L1.dml,,,,N41(100)+N41(40),NR SA,429,-74.900000,18.410000,,,,,,,,,,,,,1.968,,,,
637,1,,,-73.9263583,40.7600550,2026-01-22 21:45:48.000,_20260122_163503_CH02_DUT_TMO_Playstore 60MB_NJ DUT REF_L1.dml,,,,N41(100)+N41(40),NR SA,429,-74.720000,18.470000,,,,,,,,,,,,,2.040,,,,
638,1,,,-73.9263600,40.7600533,2026-01-22 21:45:49.000,_20260122_163503_CH02_DUT_TMO_Playstore 60MB_NJ DUT REF_L1.dml,,,,N41(100)+N41(40),NR SA,429,-74.000000,19.800000,,,,,,,,,,,,,,,,,
639,1,,,-73.9263617,40.7600550,2026-01-22 21:45:50.000,_20260122_163503_CH02_DUT_TMO_Playstore 60MB_NJ DUT REF_L1.dml,,,,N41(100)+N41(40),NR SA,429,-73.640000,21.000000,,,,,,,,,,,,,0.080,,,,
640,1,,,-73.9263617,40.7600550,2026-01-22 21:45:51.000,_20260122_163503_CH02_DUT_TMO_Playstore 60MB_NJ DUT REF_L1.dml,,,,N41(100)+N41(40),NR SA,429,-74.250000,20.190000,,,,,,,,,,,,,,,,,
641,1,,,-73.9263617,40.7600550,2026-01-22 21:45:52.000,_20260122_163503_CH02_DUT_TMO_Playstore 60MB_NJ DUT REF_L1.dml,,,,N41(100)+N41(40),NR SA,429,-74.550000,20.050000,,,,,,,,,,,,,0.040,,,,
642,1,,,-73.9263617,40.7600550,2026-01-22 21:45:53.000,_20260122_163503_CH02_DUT_TMO_Playstore 60MB_NJ DUT REF_L1.dml,,,,N41(100)+N41(40),NR SA,429,-73.250000,21.950000,,,,,,,,,,,,,0.008,,,,
643,1,,,-73.9263617,40.7600550,2026-01-22 21:45:54.000,_20260122_163503_CH02_DUT_TMO_Playstore 60MB_NJ DUT REF_L1.dml,,,,N41(100)+N41(40),NR SA,429,-73.000000,20.750000,,,,,,,,,,,,,0.000,,,,
644,1,,,-73.9263617,40.7600550,2026-01-22 21:45:55.000,_20260122_163503_CH02_DUT_TMO_Playstore 60MB_NJ DUT REF_L1.dml,,,,N41(100)+N41(40),NR SA,429,-72.600000,21.000000,,,,,,,,,,,,,0.000,,,,
645,1,,,-73.9263633,40.7600583,2026-01-22 21:45:56.000,_20260122_163503_CH02_DUT_TMO_Playstore 60MB_NJ DUT REF_L1.dml,,,,N41(100)+N41(40),NR SA,429,-75.500000,20.250000,,,,,,,,,,,,,,,,,
646,1,,,-73.9263683,40.7600650,2026-01-22 21:45:57.000,_20260122_163503_CH02_DUT_TMO_Playstore 60MB_NJ DUT REF_L1.dml,,,,N41(100)+N41(40),NR SA,429,-76.000000,19.670000,,,,,,,,,,,,,0.000,,,,
647,1,,,-73.9263717,40.7600700,2026-01-22 21:45:58.000,_20260122_163503_CH02_DUT_TMO_Playstore 60MB_NJ DUT REF_L1.dml,,,,N41(100)+N41(40),NR SA,429,-76.080000,18.330000,,,,,,,,,,,,,0.000,,,,
648,1,,,-73.9263750,40.7600783,2026-01-22 21:45:59.000,_20260122_163503_CH02_DUT_TMO_Playstore 60MB_NJ DUT REF_L1.dml,,,,N41(100)+N41(40),NR SA,429,-76.130000,18.270000,,,,,,,,,,,,,0.000,,,,
649,1,,,-73.9263800,40.7600850,2026-01-22 21:46:00.000,_20260122_163503_CH02_DUT_TMO_Playstore 60MB_NJ DUT REF_L1.dml,,,,N41(x)+N41(x),NR SA,429,-75.930000,18.640000,,,,,,,,,,,,,0.008,,,,
650,1,,,-73.9263817,40.7600933,2026-01-22 21:46:01.000,_20260122_163503_CH02_DUT_TMO_Playstore 60MB_NJ DUT REF_L1.dml,,,,N41(x),NR SA,429,-76.000000,20.000000,,,,,,,,,,,,,,,,,
651,1,,,-73.9263867,40.7601167,2026-01-22 21:46:02.000,_20260122_163503_CH02_DUT_TMO_Playstore 60MB_NJ DUT REF_L1.dml,,,,N41(100)+N71(15),NR SA,429,-78.000000,19.170000,,,,,,,,,,,,,,,,,
