IDX,LID,CI_1,CI_2,Lon,Lat,Time,Measure,[LTE] [L1] [RF] PCI,[LTE] [L1] [RF] RSRP,[LTE] [L1] [RF] RS SINR,[General] Band Classification,[General] Serving Network (In Traffic),[NR5G] [RF] PCI,[NR5G] [RF] RSRP,[NR5G] [RF] SINR,[Call Test] [iPerf] [Throughput] DL Jitter,[Call Test] [iPerf] [Throughput] DL Error Ratio,[Call Test] [iPerf] [Call Average] [Jitter and Error] UL Jitter,[Call Test] [iPerf] [Call Average] [Jitter and Error] UL Error Ratio,[Event] [Data call test detail events] FTP Call Event,[Event] [Data call test detail events] HTTP Call Event,[Call Test] [HTTP Transfer] HTTP Transfer Call Event,[Call Test] [Throughput] Application DL TP,[Call Test] [iPerf] [Call Average] [Throughput] UL Avg TP,[Call Test] [iPerf] [Call Average] [Throughput] DL Avg TP,[Call Test] [Throughput] Application UL TP,[Event] [Data call test detail events] IPERF Call Event,[NR5G] [Throughput] PUSCH TP,[Event] [Data call test detail events] Ping Call Event,[Call Test] [HTTP] Total duration,[Call Test] [PING] Loss Count,[Call Test] [PING] [RTT] RTT
1,1,,,,,2026-01-24 20:40:38.000,_20260124_154036_CH02_DUT_TMO-AUTO_UDP DOWNLINK 400MB_NJ DUT REF_L3.dml,,,,,,,,,,,,,,,,,,,,,,,,,
2,1,,,-73.9599317,40.8175350,2026-01-24 20:40:39.000,_20260124_154036_CH02_DUT_TMO-AUTO_UDP DOWNLINK 400MB_NJ DUT REF_L3.dml,,,,,,,,,,,,,,,,,,,,,,,,,
3,1,,,-73.9599317,40.8175350,2026-01-24 20:40:40.000,_20260124_154036_CH02_DUT_TMO-AUTO_UDP DOWNLINK 400MB_NJ DUT REF_L3.dml,,,,N41(x),,378,-92.000000,2.000000,,,,,,,,,,,,,,,,,
4,1,,,-73.9599317,40.8175350,2026-01-24 20:40:41.000,_20260124_154036_CH02_DUT_TMO-AUTO_UDP DOWNLINK 400MB_NJ DUT REF_L3.dml,,,,,,,,,,,,,,,,,,,,,,,,,
5,1,,,-73.9599317,40.8175350,2026-01-24 20:40:42.000,_20260124_154036_CH02_DUT_TMO-AUTO_UDP DOWNLINK 400MB_NJ DUT REF_L3.dml,,,,,,,,,,,,,,,,,,,,,,,,,
6,1,,,-73.9599317,40.8175350,2026-01-24 20:40:43.000,_20260124_154036_CH02_DUT_TMO-AUTO_UDP DOWNLINK 400MB_NJ DUT REF_L3.dml,,,,N41(x),,378,-93.000000,3.000000,,,,,,,,,,,,,,,,,
7,1,,,-73.9599317,40.8175350,2026-01-24 20:40:44.000,_20260124_154036_CH02_DUT_TMO-AUTO_UDP DOWNLINK 400MB_NJ DUT REF_L3.dml,,,,,,,,,,,,,,,,,,,,,,,,,
8,1,,,-73.9599317,40.8175350,2026-01-24 20:40:45.000,_20260124_154036_CH02_DUT_TMO-AUTO_UDP DOWNLINK 400MB_NJ DUT REF_L3.dml,,,,,,,,,,,,,,,,,,,,,,,,,
9,1,,,-73.9599317,40.8175350,2026-01-24 20:40:46.000,_20260124_154036_CH02_DUT_TMO-AUTO_UDP DOWNLINK 400MB_NJ DUT REF_L3.dml,,,,,,,,,,,,,,,,,,,,,,,,,
10,1,,,-73.9598233,40.8174833,2026-01-24 20:40:47.000,_20260124_154036_CH02_DUT_TMO-AUTO_UDP DOWNLINK 400MB_NJ DUT REF_L3.dml,,,,N41(x),,378,-92.000000,4.000000,,,,,,,,,,,,,,,,,
11,1,,,-73.9598233,40.8174850,2026-01-24 20:40:47.450,_20260124_154036_CH02_DUT_TMO-AUTO_UDP DOWNLINK 400MB_NJ DUT REF_L3.dml,,,,,,,,,,,,,,,,,,,,MeasureStart,,,,,
12,1,,,-73.9598233,40.8174850,2026-01-24 20:40:47.450,_20260124_154036_CH02_DUT_TMO-AUTO_UDP DOWNLINK 400MB_NJ DUT REF_L3.dml,,,,,,,,,,,,,,,,,,,,START,,,,,
13,1,,,-73.9598233,40.8174850,2026-01-24 20:40:47.450,_20260124_154036_CH02_DUT_TMO-AUTO_UDP DOWNLINK 400MB_NJ DUT REF_L3.dml,,,,,,,,,,,,,,,,,,,,IPERF_T_Start,,,,,
14,1,,,-73.9598233,40.8174850,2026-01-24 20:40:47.450,_20260124_154036_CH02_DUT_TMO-AUTO_UDP DOWNLINK 400MB_NJ DUT REF_L3.dml,,,,,,,,,,,,,,,,,,,,Iperf Download Call Start,,,,,
15,1,,,-73.9598233,40.8174850,2026-01-24 20:40:48.000,_20260124_154036_CH02_DUT_TMO-AUTO_UDP DOWNLINK 400MB_NJ DUT REF_L3.dml,,,,,,,,,,,,,,,,,,,,,,,,,
16,1,,,-73.9598217,40.8174800,2026-01-24 20:40:48.700,_20260124_154036_CH02_DUT_TMO-AUTO_UDP DOWNLINK 400MB_NJ DUT REF_L3.dml,,,,,,,,,,,,,,,,,,,,Iperf Download Start,,,,,
17,1,,,-73.9598217,40.8174800,2026-01-24 20:40:49.000,_20260124_154036_CH02_DUT_TMO-AUTO_UDP DOWNLINK 400MB_NJ DUT REF_L3.dml,,,,N41(100)+N41(40),NR SA,378,-92.470000,3.370000,,,,,,,,,,,,,,,,,
18,1,,,-73.9598217,40.8174800,2026-01-24 20:40:50.000,_20260124_154036_CH02_DUT_TMO-AUTO_UDP DOWNLINK 400MB_NJ DUT REF_L3.dml,,,,N41(100)+N41(40),NR SA,378,-92.690000,2.940000,,,,,,,,,,,,,0.104,,,,
19,1,,,-73.9598217,40.8174800,2026-01-24 20:40:51.000,_20260124_154036_CH02_DUT_TMO-AUTO_UDP DOWNLINK 400MB_NJ DUT REF_L3.dml,,,,N41(100)+N41(40),NR SA,378,-93.400000,2.020000,0.067000,1.372716,,,,,,113.347,,,,,0.168,,,,
20,1,,,-73.9598217,40.8174800,2026-01-24 20:40:52.000,_20260124_154036_CH02_DUT_TMO-AUTO_UDP DOWNLINK 400MB_NJ DUT REF_L3.dml,,,,N41(100)+N41(40),NR SA,378,-92.920000,2.680000,0.056000,5.642838,,,,,,121.888,,,,,0.136,,,,
21,1,,,-73.9598217,40.8174800,2026-01-24 20:40:53.000,_20260124_154036_CH02_DUT_TMO-AUTO_UDP DOWNLINK 400MB_NJ DUT REF_L3.dml,,,,N41(100)+N41(40),NR SA,378,-92.900000,2.360000,0.032000,14.418942,,,,,,124.195,,,,,0.144,,,,
22,1,,,-73.9598217,40.8174800,2026-01-24 20:40:54.000,_20260124_154036_CH02_DUT_TMO-AUTO_UDP DOWNLINK 400MB_NJ DUT REF_L3.dml,,,,N41(100)+N41(40),NR SA,378,-92.940000,2.260000,0.383000,15.225261,,,,,,137.447,,,,,0.128,,,,
23,1,,,-73.9598217,40.8174800,2026-01-24 20:40:55.000,_20260124_154036_CH02_DUT_TMO-AUTO_UDP DOWNLINK 400MB_NJ DUT REF_L3.dml,,,,N41(100)+N41(40),NR SA,378,-93.020000,1.980000,0.120000,15.893251,,,,,,133.345,,,,,0.144,,,,
24,1,,,-73.9598217,40.8174800,2026-01-24 20:40:56.000,_20260124_154036_CH02_DUT_TMO-AUTO_UDP DOWNLINK 400MB_NJ DUT REF_L3.dml,,,,N41(100)+N41(40),NR SA,378,-93.000000,2.310000,0.061000,17.831741,,,,,,125.185,,,,,0.136,,,,
25,1,,,-73.9598217,40.8174800,2026-01-24 20:40:57.000,_20260124_154036_CH02_DUT_TMO-AUTO_UDP DOWNLINK 400MB_NJ DUT REF_L3.dml,,,,N41(100)+N41(40),NR SA,378,-92.530000,2.780000,0.095000,17.372253,,,,,,137.077,,,,,0.128,,,,
26,1,,,-73.9598217,40.8174800,2026-01-24 20:40:58.000,_20260124_154036_CH02_DUT_TMO-AUTO_UDP DOWNLINK 400MB_NJ DUT REF_L3.dml,,,,N41(100)+N41(40),NR SA,378,-93.020000,2.900000,0.194000,16.968554,,,,,,141.385,,,,,0.096,,,,
27,1,,,-73.9598217,40.8174800,2026-01-24 20:40:59.000,_20260124_154036_CH02_DUT_TMO-AUTO_UDP DOWNLINK 400MB_NJ DUT REF_L3.dml,,,,N41(100)+N41(40),NR SA,378,-93.400000,1.340000,0.176000,15.594982,,,,,,153.484,,,,,0.088,,,,
28,1,,,-73.9598217,40.8174800,2026-01-24 20:40:59.123,_20260124_154036_CH02_DUT_TMO-AUTO_UDP DOWNLINK 400MB_NJ DUT REF_L3.dml,,,,,,,,,,,,,,,,,,,,IPERF_T_End,,,,,
29,1,,,-73.9598217,40.8174800,2026-01-24 20:41:00.000,_20260124_154036_CH02_DUT_TMO-AUTO_UDP DOWNLINK 400MB_NJ DUT REF_L3.dml,,,,N41(100)+N41(40),NR SA,378,-93.000000,1.860000,0.018000,15.515494,,,,,,137.305,,,,,0.104,,,,
30,1,,,-73.9598217,40.8174800,2026-01-24 20:41:01.000,_20260124_154036_CH02_DUT_TMO-AUTO_UDP DOWNLINK 400MB_NJ DUT REF_L3.dml,,,,N41(100)+N41(40),,378,-92.440000,3.780000,,,,,,,,,,,,,0.048,,,,
31,1,,,-73.9598217,40.8174800,2026-01-24 20:41:02.000,_20260124_154036_CH02_DUT_TMO-AUTO_UDP DOWNLINK 400MB_NJ DUT REF_L3.dml,,,,N41(100)+N41(40),,378,-92.070000,3.640000,,,,,,,,,,,,,,,,,
32,1,,,-73.9598217,40.8174800,2026-01-24 20:41:03.000,_20260124_154036_CH02_DUT_TMO-AUTO_UDP DOWNLINK 400MB_NJ DUT REF_L3.dml,,,,N41(100)+N41(40),,378,-92.730000,2.590000,,,,,,,,,,,,,,,,,
33,1,,,-73.9598217,40.8174800,2026-01-24 20:41:04.000,_20260124_154036_CH02_DUT_TMO-AUTO_UDP DOWNLINK 400MB_NJ DUT REF_L3.dml,,,,N41(100)+N41(40),,378,-93.080000,2.240000,,,,,,,,,,,,,0.008,,,,
34,1,,,-73.9598217,40.8174800,2026-01-24 20:41:05.000,_20260124_154036_CH02_DUT_TMO-AUTO_UDP DOWNLINK 400MB_NJ DUT REF_L3.dml,,,,N41(100)+N41(40),,378,-93.330000,1.670000,,,,,,,,,,,,,0.000,,,,
35,1,,,-73.9598217,40.8174800,2026-01-24 20:41:06.000,_20260124_154036_CH02_DUT_TMO-AUTO_UDP DOWNLINK 400MB_NJ DUT REF_L3.dml,,,,N41(100)+N41(40),,378,-94.250000,1.380000,,,,,,,,,,,,,,,,,
36,1,,,-73.9598217,40.8174800,2026-01-24 20:41:07.000,_20260124_154036_CH02_DUT_TMO-AUTO_UDP DOWNLINK 400MB_NJ DUT REF_L3.dml,,,,N41(100)+N41(40),,378,-92.890000,2.440000,,,,,,,,,,,,,0.000,,,,
37,1,,,-73.9598217,40.8174800,2026-01-24 20:41:08.000,_20260124_154036_CH02_DUT_TMO-AUTO_UDP DOWNLINK 400MB_NJ DUT REF_L3.dml,,,,N41(100)+N41(40),,378,-93.080000,2.230000,,,,,,,,,,,,,0.000,,,,
38,1,,,-73.9598217,40.8174800,2026-01-24 20:41:09.000,_20260124_154036_CH02_DUT_TMO-AUTO_UDP DOWNLINK 400MB_NJ DUT REF_L3.dml,,,,N41(100)+N41(40),,378,-93.470000,2.400000,,,,,,,,,,,,,0.000,,,,
39,1,,,-73.9598217,40.8174800,2026-01-24 20:41:10.000,_20260124_154036_CH02_DUT_TMO-AUTO_UDP DOWNLINK 400MB_NJ DUT REF_L3.dml,,,,N41(x)+N41(x),,378,-92.200000,2.770000,,,,,,,,,,,,,0.000,,,,
40,1,,,-73.9598217,40.8174800,2026-01-24 20:41:11.000,_20260124_154036_CH02_DUT_TMO-AUTO_UDP DOWNLINK 400MB_NJ DUT REF_L3.dml,,,,,,,,,,,,,,,,,,,,,,,,,
41,1,,,-73.9598217,40.8174800,2026-01-24 20:41:12.000,_20260124_154036_CH02_DUT_TMO-AUTO_UDP DOWNLINK 400MB_NJ DUT REF_L3.dml,,,,N41(x)+N41(x),,378,-92.330000,3.000000,,,,,,,,,,,,,,,,,
42,1,,,-73.9598217,40.8174800,2026-01-24 20:41:13.000,_20260124_154036_CH02_DUT_TMO-AUTO_UDP DOWNLINK 400MB_NJ DUT REF_L3.dml,,,,,,,,,,,,,,,,,,,,,,,,,
43,1,,,-73.9598217,40.8174800,2026-01-24 20:41:14.000,_20260124_154036_CH02_DUT_TMO-AUTO_UDP DOWNLINK 400MB_NJ DUT REF_L3.dml,,,,N41(x),,378,-94.000000,2.000000,,,,,,,,,,,,,,,,,
44,1,,,-73.9598217,40.8174800,2026-01-24 20:41:15.000,_20260124_154036_CH02_DUT_TMO-AUTO_UDP DOWNLINK 400MB_NJ DUT REF_L3.dml,,,,,,,,,,,,,,,,,,,,,,,,,
45,1,,,-73.9598217,40.8174800,2026-01-24 20:41:16.000,_20260124_154036_CH02_DUT_TMO-AUTO_UDP DOWNLINK 400MB_NJ DUT REF_L3.dml,,,,,,,,,,,,,,,,,,,,,,,,,
46,1,,,-73.9598217,40.8174800,2026-01-24 20:41:17.000,_20260124_154036_CH02_DUT_TMO-AUTO_UDP DOWNLINK 400MB_NJ DUT REF_L3.dml,,,,,,,,,,,,,,,,,,,,,,,,,
47,1,,,-73.9598217,40.8174800,2026-01-24 20:41:18.000,_20260124_154036_CH02_DUT_TMO-AUTO_UDP DOWNLINK 400MB_NJ DUT REF_L3.dml,,,,N41(x),,378,-92.000000,2.000000,,,,,,,,,,,,,,,,,
48,1,,,-73.9598217,40.8174800,2026-01-24 20:41:19.000,_20260124_154036_CH02_DUT_TMO-AUTO_UDP DOWNLINK 400MB_NJ DUT REF_L3.dml,,,,,,,,,,,,,,,,,,,,,,,,,
49,1,,,-73.9598217,40.8174800,2026-01-24 20:41:19.137,_20260124_154036_CH02_DUT_TMO-AUTO_UDP DOWNLINK 400MB_NJ DUT REF_L3.dml,,,,,,,,,,,,,,,,,,,,TIMEOUT_Idle,,,,,
50,1,,,-73.9598217,40.8174800,2026-01-24 20:41:19.137,_20260124_154036_CH02_DUT_TMO-AUTO_UDP DOWNLINK 400MB_NJ DUT REF_L3.dml,,,,,,,,,,,,,,,,,,,,Iperf Download Call End,,,,,
51,1,,,-73.9598217,40.8174800,2026-01-24 20:41:19.137,_20260124_154036_CH02_DUT_TMO-AUTO_UDP DOWNLINK 400MB_NJ DUT REF_L3.dml,,,,,,,,,,,,,,,,,,132.466176,,,,,,,
52,1,,,-73.9598217,40.8174800,2026-01-24 20:41:19.137,_20260124_154036_CH02_DUT_TMO-AUTO_UDP DOWNLINK 400MB_NJ DUT REF_L3.dml,,,,,,,,,,,,,,,,,,,,START,,,,,
53,1,,,-73.9598217,40.8174800,2026-01-24 20:41:19.137,_20260124_154036_CH02_DUT_TMO-AUTO_UDP DOWNLINK 400MB_NJ DUT REF_L3.dml,,,,,,,,,,,,,,,,,,,,IPERF_T_Start,,,,,
54,1,,,-73.9598217,40.8174800,2026-01-24 20:41:19.137,_20260124_154036_CH02_DUT_TMO-AUTO_UDP DOWNLINK 400MB_NJ DUT REF_L3.dml,,,,,,,,,,,,,,,,,,,,Iperf Download Call Start,,,,,
55,1,,,-73.9598217,40.8174800,2026-01-24 20:41:20.000,_20260124_154036_CH02_DUT_TMO-AUTO_UDP DOWNLINK 400MB_NJ DUT REF_L3.dml,,,,N41(100),,378,-93.000000,2.000000,,,,,,,,,,,,,,,,,
56,1,,,-73.9598217,40.8174800,2026-01-24 20:41:20.340,_20260124_154036_CH02_DUT_TMO-AUTO_UDP DOWNLINK 400MB_NJ DUT REF_L3.dml,,,,,,,,,,,,,,,,,,,,Iperf Download Start,,,,,
57,1,,,-73.9598217,40.8174800,2026-01-24 20:41:21.000,_20260124_154036_CH02_DUT_TMO-AUTO_UDP DOWNLINK 400MB_NJ DUT REF_L3.dml,,,,N41(100)+N41(40),NR SA,378,-93.020000,1.600000,,,,,,,,,,,,,0.104,,,,
58,1,,,-73.9598417,40.8174617,2026-01-24 20:41:22.000,_20260124_154036_CH02_DUT_TMO-AUTO_UDP DOWNLINK 400MB_NJ DUT REF_L3.dml,,,,N41(100)+N41(40),NR SA,378,-94.320000,0.500000,0.257000,1.971905,,,,,,122.236,,,,,0.128,,,,
59,1,,,-73.9598467,40.8174600,2026-01-24 20:41:23.000,_20260124_154036_CH02_DUT_TMO-AUTO_UDP DOWNLINK 400MB_NJ DUT REF_L3.dml,,,,N41(100)+N41(40),NR SA,378,-93.360000,1.760000,0.091000,1.839052,,,,,,132.703,,,,,0.152,,,,
60,1,,,-73.9598467,40.8174633,2026-01-24 20:41:24.000,_20260124_154036_CH02_DUT_TMO-AUTO_UDP DOWNLINK 400MB_NJ DUT REF_L3.dml,,,,N41(100)+N41(40),NR SA,378,-94.000000,1.400000,0.083000,8.446439,,,,,,113.478,,,,,0.184,,,,
61,1,,,-73.9598450,40.8174633,2026-01-24 20:41:25.000,_20260124_154036_CH02_DUT_TMO-AUTO_UDP DOWNLINK 400MB_NJ DUT REF_L3.dml,,,,N41(100)+N41(40),NR SA,378,-94.440000,0.880000,0.187000,14.628334,,,,,,114.914,,,,,0.160,,,,
62,1,,,-73.9598450,40.8174633,2026-01-24 20:41:26.000,_20260124_154036_CH02_DUT_TMO-AUTO_UDP DOWNLINK 400MB_NJ DUT REF_L3.dml,,,,N41(100)+N41(40),NR SA,378,-93.720000,1.340000,0.084000,17.820856,,,,,,118.581,,,,,0.136,,,,
63,1,,,-73.9598450,40.8174633,2026-01-24 20:41:27.000,_20260124_154036_CH02_DUT_TMO-AUTO_UDP DOWNLINK 400MB_NJ DUT REF_L3.dml,,,,N41(100)+N41(40),NR SA,378,-93.920000,1.960000,0.170000,20.991022,,,,,,103.806,,,,,0.152,,,,
64,1,,,-73.9598450,40.8174633,2026-01-24 20:41:28.000,_20260124_154036_CH02_DUT_TMO-AUTO_UDP DOWNLINK 400MB_NJ DUT REF_L3.dml,,,,N41(100)+N41(40),NR SA,378,-93.570000,1.690000,0.117000,22.163462,,,,,,118.961,,,,,0.128,,,,
65,1,,,-73.9598450,40.8174633,2026-01-24 20:41:29.000,_20260124_154036_CH02_DUT_TMO-AUTO_UDP DOWNLINK 400MB_NJ DUT REF_L3.dml,,,,N41(100)+N41(40),NR SA,378,-93.920000,0.430000,0.083000,22.154987,,,,,,129.885,,,,,0.144,,,,
66,1,,,-73.9598450,40.8174633,2026-01-24 20:41:30.000,_20260124_154036_CH02_DUT_TMO-AUTO_UDP DOWNLINK 400MB_NJ DUT REF_L3.dml,,,,N41(100)+N41(40),NR SA,378,-94.480000,0.180000,0.106000,23.294193,,,,,,109.420,,,,,0.144,,,,
67,1,,,-73.9598450,40.8174633,2026-01-24 20:41:30.684,_20260124_154036_CH02_DUT_TMO-AUTO_UDP DOWNLINK 400MB_NJ DUT REF_L3.dml,,,,,,,,,,,,,,,,,,,,IPERF_T_End,,,,,
68,1,,,-73.9598450,40.8174633,2026-01-24 20:41:31.000,_20260124_154036_CH02_DUT_TMO-AUTO_UDP DOWNLINK 400MB_NJ DUT REF_L3.dml,,,,N41(100)+N41(40),NR SA,378,-94.200000,0.160000,0.067000,25.917519,,,,,,97.136,,,,,0.144,,,,
69,1,,,-73.9598450,40.8174633,2026-01-24 20:41:32.000,_20260124_154036_CH02_DUT_TMO-AUTO_UDP DOWNLINK 400MB_NJ DUT REF_L3.dml,,,,N41(100)+N41(40),,378,-93.160000,0.560000,,,,,,,,,,,,,,,,,
70,1,,,-73.9598450,40.8174633,2026-01-24 20:41:33.000,_20260124_154036_CH02_DUT_TMO-AUTO_UDP DOWNLINK 400MB_NJ DUT REF_L3.dml,,,,N41(100)+N41(40),,378,-93.140000,0.710000,,,,,,,,,,,,,0.136,,,,
71,1,,,-73.9598450,40.8174633,2026-01-24 20:41:34.000,_20260124_154036_CH02_DUT_TMO-AUTO_UDP DOWNLINK 400MB_NJ DUT REF_L3.dml,,,,N41(100)+N41(40),,378,-93.370000,-0.260000,,,,,,,,,,,,,0.000,,,,
72,1,,,-73.9598450,40.8174633,2026-01-24 20:41:35.000,_20260124_154036_CH02_DUT_TMO-AUTO_UDP DOWNLINK 400MB_NJ DUT REF_L3.dml,,,,N41(100)+N41(40),,378,-94.440000,-0.200000,,,,,,,,,,,,,,,,,
73,1,,,-73.9598450,40.8174633,2026-01-24 20:41:36.000,_20260124_154036_CH02_DUT_TMO-AUTO_UDP DOWNLINK 400MB_NJ DUT REF_L3.dml,,,,N41(100)+N41(40),,378,-95.180000,-0.240000,,,,,,,,,,,,,0.024,,,,
74,1,,,-73.9598450,40.8174633,2026-01-24 20:41:37.000,_20260124_154036_CH02_DUT_TMO-AUTO_UDP DOWNLINK 400MB_NJ DUT REF_L3.dml,,,,N41(100)+N41(40),,378,-93.500000,-0.250000,,,,,,,,,,,,,0.000,,,,
75,1,,,-73.9598450,40.8174633,2026-01-24 20:41:38.000,_20260124_154036_CH02_DUT_TMO-AUTO_UDP DOWNLINK 400MB_NJ DUT REF_L3.dml,,,,N41(100)+N41(40),,378,-93.650000,-0.350000,,,,,,,,,,,,,,,,,
76,1,,,-73.9598450,40.8174633,2026-01-24 20:41:39.000,_20260124_154036_CH02_DUT_TMO-AUTO_UDP DOWNLINK 400MB_NJ DUT REF_L3.dml,,,,N41(100)+N41(40),,378,-92.700000,0.200000,,,,,,,,,,,,,0.000,,,,
77,1,,,-73.9598450,40.8174633,2026-01-24 20:41:40.000,_20260124_154036_CH02_DUT_TMO-AUTO_UDP DOWNLINK 400MB_NJ DUT REF_L3.dml,,,,N41(100)+N41(40),,378,-93.140000,1.140000,,,,,,,,,,,,,,,,,
78,1,,,-73.9598450,40.8174633,2026-01-24 20:41:41.000,_20260124_154036_CH02_DUT_TMO-AUTO_UDP DOWNLINK 400MB_NJ DUT REF_L3.dml,,,,N41(100)+N41(40),,378,-93.270000,0.150000,,,,,,,,,,,,,0.000,,,,
79,1,,,-73.9598450,40.8174633,2026-01-24 20:41:42.000,_20260124_154036_CH02_DUT_TMO-AUTO_UDP DOWNLINK 400MB_NJ DUT REF_L3.dml,,,,N41(100)+N41(40),,378,-93.790000,0.500000,,,,,,,,,,,,,0.008,,,,
80,1,,,-73.9598450,40.8174633,2026-01-24 20:41:43.000,_20260124_154036_CH02_DUT_TMO-AUTO_UDP DOWNLINK 400MB_NJ DUT REF_L3.dml,,,,N41(x)+N41(x),,378,-94.330000,-0.330000,,,,,,,,,,,,,,,,,
81,1,,,-73.9598450,40.8174633,2026-01-24 20:41:44.000,_20260124_154036_CH02_DUT_TMO-AUTO_UDP DOWNLINK 400MB_NJ DUT REF_L3.dml,,,,N41(x)+N41(x),,378,-94.000000,0.500000,,,,,,,,,,,,,,,,,
82,1,,,-73.9598450,40.8174633,2026-01-24 20:41:45.000,_20260124_154036_CH02_DUT_TMO-AUTO_UDP DOWNLINK 400MB_NJ DUT REF_L3.dml,,,,,,,,,,,,,,,,,,,,,,,,,
83,1,,,-73.9598450,40.8174633,2026-01-24 20:41:46.000,_20260124_154036_CH02_DUT_TMO-AUTO_UDP DOWNLINK 400MB_NJ DUT REF_L3.dml,,,,N41(x),,378,-94.000000,2.000000,,,,,,,,,,,,,,,,,
84,1,,,-73.9598450,40.8174633,2026-01-24 20:41:47.000,_20260124_154036_CH02_DUT_TMO-AUTO_UDP DOWNLINK 400MB_NJ DUT REF_L3.dml,,,,,,,,,,,,,,,,,,,,,,,,,
85,1,,,-73.9598450,40.8174633,2026-01-24 20:41:48.000,_20260124_154036_CH02_DUT_TMO-AUTO_UDP DOWNLINK 400MB_NJ DUT REF_L3.dml,,,,,,,,,,,,,,,,,,,,,,,,,
86,1,,,-73.9598450,40.8174633,2026-01-24 20:41:49.000,_20260124_154036_CH02_DUT_TMO-AUTO_UDP DOWNLINK 400MB_NJ DUT REF_L3.dml,,,,,,,,,,,,,,,,,,,,,,,,,
87,1,,,-73.9598450,40.8174633,2026-01-24 20:41:50.000,_20260124_154036_CH02_DUT_TMO-AUTO_UDP DOWNLINK 400MB_NJ DUT REF_L3.dml,,,,N41(x),,378,-94.000000,0.000000,,,,,,,,,,,,,,,,,
88,1,,,-73.9598450,40.8174633,2026-01-24 20:41:50.684,_20260124_154036_CH02_DUT_TMO-AUTO_UDP DOWNLINK 400MB_NJ DUT REF_L3.dml,,,,,,,,,,,,,,,,,,,,TIMEOUT_Idle,,,,,
89,1,,,-73.9598450,40.8174633,2026-01-24 20:41:50.684,_20260124_154036_CH02_DUT_TMO-AUTO_UDP DOWNLINK 400MB_NJ DUT REF_L3.dml,,,,,,,,,,,,,,,,,,,,Iperf Download Call End,,,,,
90,1,,,-73.9598450,40.8174633,2026-01-24 20:41:50.684,_20260124_154036_CH02_DUT_TMO-AUTO_UDP DOWNLINK 400MB_NJ DUT REF_L3.dml,,,,,,,,,,,,,,,,,,116.112448,,,,,,,
91,1,,,-73.9598450,40.8174633,2026-01-24 20:41:50.684,_20260124_154036_CH02_DUT_TMO-AUTO_UDP DOWNLINK 400MB_NJ DUT REF_L3.dml,,,,,,,,,,,,,,,,,,,,START,,,,,
92,1,,,-73.9598450,40.8174633,2026-01-24 20:41:50.684,_20260124_154036_CH02_DUT_TMO-AUTO_UDP DOWNLINK 400MB_NJ DUT REF_L3.dml,,,,,,,,,,,,,,,,,,,,IPERF_T_Start,,,,,
93,1,,,-73.9598450,40.8174633,2026-01-24 20:41:50.684,_20260124_154036_CH02_DUT_TMO-AUTO_UDP DOWNLINK 400MB_NJ DUT REF_L3.dml,,,,,,,,,,,,,,,,,,,,Iperf Download Call Start,,,,,
94,1,,,-73.9598450,40.8174633,2026-01-24 20:41:51.000,_20260124_154036_CH02_DUT_TMO-AUTO_UDP DOWNLINK 400MB_NJ DUT REF_L3.dml,,,,,,,,,,,,,,,,,,,,,,,,,
95,1,,,-73.9598450,40.8174633,2026-01-24 20:41:51.856,_20260124_154036_CH02_DUT_TMO-AUTO_UDP DOWNLINK 400MB_NJ DUT REF_L3.dml,,,,,,,,,,,,,,,,,,,,Iperf Download Start,,,,,
96,1,,,-73.9598450,40.8174633,2026-01-24 20:41:52.000,_20260124_154036_CH02_DUT_TMO-AUTO_UDP DOWNLINK 400MB_NJ DUT REF_L3.dml,,,,N41(100)+N41(x),NR SA,378,-92.710000,1.190000,,,,,,,,,,,,,,,,,
97,1,,,-73.9598450,40.8174633,2026-01-24 20:41:53.000,_20260124_154036_CH02_DUT_TMO-AUTO_UDP DOWNLINK 400MB_NJ DUT REF_L3.dml,,,,N41(100)+N41(40),NR SA,378,-93.620000,1.220000,,,,,,,,,,,,,0.104,,,,
98,1,,,-73.9598450,40.8174633,2026-01-24 20:41:54.000,_20260124_154036_CH02_DUT_TMO-AUTO_UDP DOWNLINK 400MB_NJ DUT REF_L3.dml,,,,N41(100)+N41(40),NR SA,378,-93.420000,1.540000,0.048000,0.346691,,,,,,106.330,,,,,0.112,,,,
99,1,,,-73.9598450,40.8174633,2026-01-24 20:41:55.000,_20260124_154036_CH02_DUT_TMO-AUTO_UDP DOWNLINK 400MB_NJ DUT REF_L3.dml,,,,N41(100)+N41(40),NR SA,378,-93.160000,1.320000,0.059000,10.261350,,,,,,116.698,,,,,0.112,,,,
100,1,,,-73.9598450,40.8174633,2026-01-24 20:41:56.000,_20260124_154036_CH02_DUT_TMO-AUTO_UDP DOWNLINK 400MB_NJ DUT REF_L3.dml,,,,N41(100)+N41(40),NR SA,378,-93.400000,1.420000,0.186000,21.094158,,,,,,105.568,,,,,0.088,,,,
101,1,,,-73.9598450,40.8174633,2026-01-24 20:41:57.000,_20260124_154036_CH02_DUT_TMO-AUTO_UDP DOWNLINK 400MB_NJ DUT REF_L3.dml,,,,N41(100)+N41(40),NR SA,378,-93.250000,1.290000,0.035000,22.346653,,,,,,120.289,,,,,0.104,,,,
102,1,,,-73.9598450,40.8174633,2026-01-24 20:41:58.000,_20260124_154036_CH02_DUT_TMO-AUTO_UDP DOWNLINK 400MB_NJ DUT REF_L3.dml,,,,N41(100)+N41(40),NR SA,378,-92.860000,1.460000,0.520000,22.624460,,,,,,126.893,,,,,0.096,,,,
103,1,,,-73.9598450,40.8174633,2026-01-24 20:41:59.000,_20260124_154036_CH02_DUT_TMO-AUTO_UDP DOWNLINK 400MB_NJ DUT REF_L3.dml,,,,N41(100)+N41(40),NR SA,378,-93.130000,1.830000,0.306000,23.163929,,,,,,124.129,,,,,0.096,,,,
104,1,,,-73.9598450,40.8174633,2026-01-24 20:42:00.000,_20260124_154036_CH02_DUT_TMO-AUTO_UDP DOWNLINK 400MB_NJ DUT REF_L3.dml,,,,N41(100)+N41(40),NR SA,378,-92.670000,2.510000,1.106000,23.733328,,,,,,116.318,,,,,0.104,,,,
105,1,,,-73.9598450,40.8174633,2026-01-24 20:42:01.000,_20260124_154036_CH02_DUT_TMO-AUTO_UDP DOWNLINK 400MB_NJ DUT REF_L3.dml,,,,N41(100)+N41(40),NR SA,378,-92.260000,2.160000,0.034000,23.376488,,,,,,139.372,,,,,0.120,,,,
106,1,,,-73.9598450,40.8174633,2026-01-24 20:42:02.000,_20260124_154036_CH02_DUT_TMO-AUTO_UDP DOWNLINK 400MB_NJ DUT REF_L3.dml,,,,N41(100)+N41(40),NR SA,378,-92.580000,2.040000,0.174000,25.791126,,,,,,126.947,,,,,0.120,,,,
107,1,,,-73.9598450,40.8174633,2026-01-24 20:42:02.262,_20260124_154036_CH02_DUT_TMO-AUTO_UDP DOWNLINK 400MB_NJ DUT REF_L3.dml,,,,,,,,,,,,,,,,,,,,IPERF_T_End,,,,,
108,1,,,-73.9598450,40.8174633,2026-01-24 20:42:03.000,_20260124_154036_CH02_DUT_TMO-AUTO_UDP DOWNLINK 400MB_NJ DUT REF_L3.dml,,,,N41(100)+N41(40),NR SA,378,-93.750000,1.560000,0.064000,27.807690,,,,,,115.121,,,,,0.136,,,,
109,1,,,-73.9598450,40.8174633,2026-01-24 20:42:04.000,_20260124_154036_CH02_DUT_TMO-AUTO_UDP DOWNLINK 400MB_NJ DUT REF_L3.dml,,,,N41(100)+N41(40),,378,-92.210000,2.630000,,,,,,,,,,,,,,,,,
110,1,,,-73.9598450,40.8174633,2026-01-24 20:42:05.000,_20260124_154036_CH02_DUT_TMO-AUTO_UDP DOWNLINK 400MB_NJ DUT REF_L3.dml,,,,N41(100)+N41(40),,378,-93.070000,1.640000,,,,,,,,,,,,,0.080,,,,
111,1,,,-73.9598450,40.8174633,2026-01-24 20:42:06.000,_20260124_154036_CH02_DUT_TMO-AUTO_UDP DOWNLINK 400MB_NJ DUT REF_L3.dml,,,,N41(100)+N41(40),,378,-93.510000,1.070000,,,,,,,,,,,,,,,,,
112,1,,,-73.9598450,40.8174633,2026-01-24 20:42:07.000,_20260124_154036_CH02_DUT_TMO-AUTO_UDP DOWNLINK 400MB_NJ DUT REF_L3.dml,,,,N41(100)+N41(40),,378,-93.840000,0.520000,,,,,,,,,,,,,0.008,,,,
113,1,,,-73.9598450,40.8174633,2026-01-24 20:42:08.000,_20260124_154036_CH02_DUT_TMO-AUTO_UDP DOWNLINK 400MB_NJ DUT REF_L3.dml,,,,N41(100)+N41(40),,378,-93.750000,1.250000,,,,,,,,,,,,,,,,,
114,1,,,-73.9598450,40.8174633,2026-01-24 20:42:09.000,_20260124_154036_CH02_DUT_TMO-AUTO_UDP DOWNLINK 400MB_NJ DUT REF_L3.dml,,,,N41(100)+N41(40),,378,-92.880000,1.620000,,,,,,,,,,,,,0.000,,,,
115,1,,,-73.9598450,40.8174633,2026-01-24 20:42:10.000,_20260124_154036_CH02_DUT_TMO-AUTO_UDP DOWNLINK 400MB_NJ DUT REF_L3.dml,,,,N41(100)+N41(40),,378,-92.000000,1.830000,,,,,,,,,,,,,0.000,,,,
116,1,,,-73.9598450,40.8174633,2026-01-24 20:42:11.000,_20260124_154036_CH02_DUT_TMO-AUTO_UDP DOWNLINK 400MB_NJ DUT REF_L3.dml,,,,N41(100)+N41(40),,378,-93.000000,1.710000,,,,,,,,,,,,,0.000,,,,
117,1,,,-73.9598450,40.8174633,2026-01-24 20:42:12.000,_20260124_154036_CH02_DUT_TMO-AUTO_UDP DOWNLINK 400MB_NJ DUT REF_L3.dml,,,,N41(100)+N41(40),,378,-92.900000,2.300000,,,,,,,,,,,,,0.000,,,,
118,1,,,-73.9598450,40.8174633,2026-01-24 20:42:13.000,_20260124_154036_CH02_DUT_TMO-AUTO_UDP DOWNLINK 400MB_NJ DUT REF_L3.dml,,,,N41(100)+N41(40),,378,-92.750000,2.750000,,,,,,,,,,,,,0.000,,,,
119,1,,,-73.9598450,40.8174633,2026-01-24 20:42:14.000,_20260124_154036_CH02_DUT_TMO-AUTO_UDP DOWNLINK 400MB_NJ DUT REF_L3.dml,,,,N41(x)+N41(x),,378,-92.200000,2.800000,,,,,,,,,,,,,,,,,
120,1,,,-73.9598450,40.8174633,2026-01-24 20:42:15.000,_20260124_154036_CH02_DUT_TMO-AUTO_UDP DOWNLINK 400MB_NJ DUT REF_L3.dml,,,,,,,,,,,,,,,,,,,,,,,,,
121,1,,,-73.9598450,40.8174633,2026-01-24 20:42:16.000,_20260124_154036_CH02_DUT_TMO-AUTO_UDP DOWNLINK 400MB_NJ DUT REF_L3.dml,,,,,,,,,,,,,,,,,,,,,,,,,
122,1,,,-73.9598450,40.8174633,2026-01-24 20:42:17.000,_20260124_154036_CH02_DUT_TMO-AUTO_UDP DOWNLINK 400MB_NJ DUT REF_L3.dml,,,,N41(x),,378,-93.000000,2.000000,,,,,,,,,,,,,,,,,
123,1,,,-73.9598450,40.8174633,2026-01-24 20:42:18.000,_20260124_154036_CH02_DUT_TMO-AUTO_UDP DOWNLINK 400MB_NJ DUT REF_L3.dml,,,,N41(x),,378,-93.000000,3.000000,,,,,,,,,,,,,,,,,
124,1,,,-73.9598450,40.8174633,2026-01-24 20:42:19.000,_20260124_154036_CH02_DUT_TMO-AUTO_UDP DOWNLINK 400MB_NJ DUT REF_L3.dml,,,,N41(x),,378,-92.000000,3.000000,,,,,,,,,,,,,,,,,
125,1,,,-73.9598450,40.8174633,2026-01-24 20:42:20.000,_20260124_154036_CH02_DUT_TMO-AUTO_UDP DOWNLINK 400MB_NJ DUT REF_L3.dml,,,,,,,,,,,,,,,,,,,,,,,,,
126,1,,,-73.9598450,40.8174633,2026-01-24 20:42:21.000,_20260124_154036_CH02_DUT_TMO-AUTO_UDP DOWNLINK 400MB_NJ DUT REF_L3.dml,,,,,,,,,,,,,,,,,,,,,,,,,
127,1,,,-73.9598450,40.8174633,2026-01-24 20:42:22.000,_20260124_154036_CH02_DUT_TMO-AUTO_UDP DOWNLINK 400MB_NJ DUT REF_L3.dml,,,,,,,,,,,,,,,,,,,,,,,,,
128,1,,,-73.9598450,40.8174633,2026-01-24 20:42:22.278,_20260124_154036_CH02_DUT_TMO-AUTO_UDP DOWNLINK 400MB_NJ DUT REF_L3.dml,,,,,,,,,,,,,,,,,,,,TIMEOUT_Idle,,,,,
129,1,,,-73.9598450,40.8174633,2026-01-24 20:42:22.278,_20260124_154036_CH02_DUT_TMO-AUTO_UDP DOWNLINK 400MB_NJ DUT REF_L3.dml,,,,,,,,,,,,,,,,,,,,Iperf Download Call End,,,,,
130,1,,,-73.9598450,40.8174633,2026-01-24 20:42:22.278,_20260124_154036_CH02_DUT_TMO-AUTO_UDP DOWNLINK 400MB_NJ DUT REF_L3.dml,,,,,,,,,,,,,,,,,,119.767040,,,,,,,
131,1,,,-73.9598450,40.8174633,2026-01-24 20:42:22.278,_20260124_154036_CH02_DUT_TMO-AUTO_UDP DOWNLINK 400MB_NJ DUT REF_L3.dml,,,,,,,,,,,,,,,,,,,,START,,,,,
132,1,,,-73.9598450,40.8174633,2026-01-24 20:42:22.278,_20260124_154036_CH02_DUT_TMO-AUTO_UDP DOWNLINK 400MB_NJ DUT REF_L3.dml,,,,,,,,,,,,,,,,,,,,IPERF_T_Start,,,,,
133,1,,,-73.9598450,40.8174633,2026-01-24 20:42:22.278,_20260124_154036_CH02_DUT_TMO-AUTO_UDP DOWNLINK 400MB_NJ DUT REF_L3.dml,,,,,,,,,,,,,,,,,,,,Iperf Download Call Start,,,,,
134,1,,,-73.9598450,40.8174633,2026-01-24 20:42:23.000,_20260124_154036_CH02_DUT_TMO-AUTO_UDP DOWNLINK 400MB_NJ DUT REF_L3.dml,,,,N41(x),,378,-92.000000,3.000000,,,,,,,,,,,,,,,,,
135,1,,,-73.9598450,40.8174633,2026-01-24 20:42:23.498,_20260124_154036_CH02_DUT_TMO-AUTO_UDP DOWNLINK 400MB_NJ DUT REF_L3.dml,,,,,,,,,,,,,,,,,,,,Iperf Download Start,,,,,
136,1,,,-73.9598450,40.8174633,2026-01-24 20:42:24.000,_20260124_154036_CH02_DUT_TMO-AUTO_UDP DOWNLINK 400MB_NJ DUT REF_L3.dml,,,,N41(100)+N41(x),NR SA,378,-91.370000,3.950000,,,,,,,,,,,,,,,,,
137,1,,,-73.9598450,40.8174633,2026-01-24 20:42:25.000,_20260124_154036_CH02_DUT_TMO-AUTO_UDP DOWNLINK 400MB_NJ DUT REF_L3.dml,,,,N41(100)+N41(40),NR SA,378,-91.180000,4.580000,0.062000,0.547708,,,,,,112.608,,,,,0.080,,,,
138,1,,,-73.9598450,40.8174633,2026-01-24 20:42:26.000,_20260124_154036_CH02_DUT_TMO-AUTO_UDP DOWNLINK 400MB_NJ DUT REF_L3.dml,,,,N41(100)+N41(40),NR SA,378,-92.160000,3.080000,0.029000,1.913260,,,,,,136.163,,,,,0.104,,,,
139,1,,,-73.9598450,40.8174633,2026-01-24 20:42:27.000,_20260124_154036_CH02_DUT_TMO-AUTO_UDP DOWNLINK 400MB_NJ DUT REF_L3.dml,,,,N41(100)+N41(40),NR SA,378,-91.820000,2.820000,0.070000,4.987981,,,,,,146.858,,,,,0.088,,,,
140,1,,,-73.9598450,40.8174633,2026-01-24 20:42:28.000,_20260124_154036_CH02_DUT_TMO-AUTO_UDP DOWNLINK 400MB_NJ DUT REF_L3.dml,,,,N41(100)+N41(40),NR SA,378,-91.660000,2.980000,0.108000,9.679294,,,,,,128.645,,,,,0.096,,,,
141,1,,,-73.9598450,40.8174633,2026-01-24 20:42:29.000,_20260124_154036_CH02_DUT_TMO-AUTO_UDP DOWNLINK 400MB_NJ DUT REF_L3.dml,,,,N41(100)+N41(40),NR SA,378,-92.260000,3.140000,0.188000,13.113677,,,,,,123.281,,,,,0.088,,,,
142,1,,,-73.9598450,40.8174633,2026-01-24 20:42:30.000,_20260124_154036_CH02_DUT_TMO-AUTO_UDP DOWNLINK 400MB_NJ DUT REF_L3.dml,,,,N41(100)+N41(40),NR SA,378,-91.940000,3.020000,0.051000,14.382662,,,,,,132.104,,,,,0.096,,,,
143,1,,,-73.9598450,40.8174633,2026-01-24 20:42:31.000,_20260124_154036_CH02_DUT_TMO-AUTO_UDP DOWNLINK 400MB_NJ DUT REF_L3.dml,,,,N41(100)+N41(40),NR SA,378,-92.000000,2.780000,0.106000,16.283258,,,,,,140.896,,,,,0.104,,,,
144,1,,,-73.9598450,40.8174633,2026-01-24 20:42:32.000,_20260124_154036_CH02_DUT_TMO-AUTO_UDP DOWNLINK 400MB_NJ DUT REF_L3.dml,,,,N41(100)+N41(40),NR SA,378,-92.270000,2.940000,0.040000,19.983763,,,,,,151.776,,,,,0.088,,,,
145,1,,,-73.9598450,40.8174633,2026-01-24 20:42:33.000,_20260124_154036_CH02_DUT_TMO-AUTO_UDP DOWNLINK 400MB_NJ DUT REF_L3.dml,,,,N41(100)+N41(40),NR SA,378,-92.720000,1.780000,0.200000,22.678101,,,,,,154.017,,,,,0.080,,,,
146,1,,,-73.9598450,40.8174633,2026-01-24 20:42:33.950,_20260124_154036_CH02_DUT_TMO-AUTO_UDP DOWNLINK 400MB_NJ DUT REF_L3.dml,,,,,,,,,,,,,,,,,,,,IPERF_T_End,,,,,
147,1,,,-73.9598450,40.8174633,2026-01-24 20:42:34.000,_20260124_154036_CH02_DUT_TMO-AUTO_UDP DOWNLINK 400MB_NJ DUT REF_L3.dml,,,,N41(100)+N41(40),NR SA,378,-92.940000,1.900000,0.024000,25.882143,,,,,,215.706,,,,,0.096,,,,
148,1,,,-73.9598450,40.8174633,2026-01-24 20:42:35.000,_20260124_154036_CH02_DUT_TMO-AUTO_UDP DOWNLINK 400MB_NJ DUT REF_L3.dml,,,,N41(100)+N41(40),,378,-92.980000,2.320000,,,,,,,,,,,,,0.112,,,,
149,1,,,-73.9598450,40.8174633,2026-01-24 20:42:36.000,_20260124_154036_CH02_DUT_TMO-AUTO_UDP DOWNLINK 400MB_NJ DUT REF_L3.dml,,,,N41(100)+N41(40),,378,-95.000000,-0.750000,,,,,,,,,,,,,0.088,,,,
150,1,,,-73.9598450,40.8174633,2026-01-24 20:42:37.000,_20260124_154036_CH02_DUT_TMO-AUTO_UDP DOWNLINK 400MB_NJ DUT REF_L3.dml,,,,N41(100)+N41(40),,378,-94.180000,0.270000,,,,,,,,,,,,,0.000,,,,
151,1,,,-73.9598450,40.8174633,2026-01-24 20:42:38.000,_20260124_154036_CH02_DUT_TMO-AUTO_UDP DOWNLINK 400MB_NJ DUT REF_L3.dml,,,,N41(100)+N41(40),,378,-91.520000,3.150000,,,,,,,,,,,,,,,,,
152,1,,,-73.9598450,40.8174633,2026-01-24 20:42:39.000,_20260124_154036_CH02_DUT_TMO-AUTO_UDP DOWNLINK 400MB_NJ DUT REF_L3.dml,,,,N41(100)+N41(40),,378,-92.060000,2.370000,,,,,,,,,,,,,0.008,,,,
153,1,,,-73.9598450,40.8174633,2026-01-24 20:42:40.000,_20260124_154036_CH02_DUT_TMO-AUTO_UDP DOWNLINK 400MB_NJ DUT REF_L3.dml,,,,N41(100)+N41(40),,378,-92.250000,2.620000,,,,,,,,,,,,,0.000,,,,
154,1,,,-73.9598450,40.8174633,2026-01-24 20:42:41.000,_20260124_154036_CH02_DUT_TMO-AUTO_UDP DOWNLINK 400MB_NJ DUT REF_L3.dml,,,,N41(100)+N41(40),,378,-92.000000,3.380000,,,,,,,,,,,,,0.000,,,,
155,1,,,-73.9598450,40.8174633,2026-01-24 20:42:42.000,_20260124_154036_CH02_DUT_TMO-AUTO_UDP DOWNLINK 400MB_NJ DUT REF_L3.dml,,,,N41(100)+N41(40),,378,-92.000000,2.880000,,,,,,,,,,,,,,,,,
156,1,,,-73.9598450,40.8174633,2026-01-24 20:42:43.000,_20260124_154036_CH02_DUT_TMO-AUTO_UDP DOWNLINK 400MB_NJ DUT REF_L3.dml,,,,N41(100)+N41(40),,378,-91.450000,3.090000,,,,,,,,,,,,,0.000,,,,
157,1,,,-73.9598450,40.8174633,2026-01-24 20:42:44.000,_20260124_154036_CH02_DUT_TMO-AUTO_UDP DOWNLINK 400MB_NJ DUT REF_L3.dml,,,,N41(100)+N41(40),,378,-92.060000,2.720000,,,,,,,,,,,,,0.000,,,,
158,1,,,-73.9598450,40.8174633,2026-01-24 20:42:45.000,_20260124_154036_CH02_DUT_TMO-AUTO_UDP DOWNLINK 400MB_NJ DUT REF_L3.dml,,,,N41(x)+N41(x),,378,-92.150000,2.520000,,,,,,,,,,,,,0.000,,,,
159,1,,,-73.9598450,40.8174633,2026-01-24 20:42:46.000,_20260124_154036_CH02_DUT_TMO-AUTO_UDP DOWNLINK 400MB_NJ DUT REF_L3.dml,,,,N41(x)+N41(x),,378,-92.000000,3.000000,,,,,,,,,,,,,,,,,
160,1,,,-73.9598450,40.8174633,2026-01-24 20:42:47.000,_20260124_154036_CH02_DUT_TMO-AUTO_UDP DOWNLINK 400MB_NJ DUT REF_L3.dml,,,,,,,,,,,,,,,,,,,,,,,,,
161,1,,,-73.9598450,40.8174633,2026-01-24 20:42:48.000,_20260124_154036_CH02_DUT_TMO-AUTO_UDP DOWNLINK 400MB_NJ DUT REF_L3.dml,,,,N41(x),,378,-92.000000,3.000000,,,,,,,,,,,,,,,,,
162,1,,,-73.9598450,40.8174633,2026-01-24 20:42:49.000,_20260124_154036_CH02_DUT_TMO-AUTO_UDP DOWNLINK 400MB_NJ DUT REF_L3.dml,,,,,,,,,,,,,,,,,,,,,,,,,
163,1,,,-73.9598450,40.8174633,2026-01-24 20:42:50.000,_20260124_154036_CH02_DUT_TMO-AUTO_UDP DOWNLINK 400MB_NJ DUT REF_L3.dml,,,,,,,,,,,,,,,,,,,,,,,,,
164,1,,,-73.9598450,40.8174633,2026-01-24 20:42:51.000,_20260124_154036_CH02_DUT_TMO-AUTO_UDP DOWNLINK 400MB_NJ DUT REF_L3.dml,,,,N41(x),,378,-91.000000,3.000000,,,,,,,,,,,,,,,,,
165,1,,,-73.9598450,40.8174633,2026-01-24 20:42:52.000,_20260124_154036_CH02_DUT_TMO-AUTO_UDP DOWNLINK 400MB_NJ DUT REF_L3.dml,,,,,,,,,,,,,,,,,,,,,,,,,
166,1,,,-73.9598450,40.8174633,2026-01-24 20:42:53.000,_20260124_154036_CH02_DUT_TMO-AUTO_UDP DOWNLINK 400MB_NJ DUT REF_L3.dml,,,,,,,,,,,,,,,,,,,,,,,,,
167,1,,,-73.9598450,40.8174633,2026-01-24 20:42:53.950,_20260124_154036_CH02_DUT_TMO-AUTO_UDP DOWNLINK 400MB_NJ DUT REF_L3.dml,,,,,,,,,,,,,,,,,,,,TIMEOUT_Idle,,,,,
168,1,,,-73.9598450,40.8174633,2026-01-24 20:42:53.950,_20260124_154036_CH02_DUT_TMO-AUTO_UDP DOWNLINK 400MB_NJ DUT REF_L3.dml,,,,,,,,,,,,,,,,,,,,Iperf Download Call End,,,,,
169,1,,,-73.9598450,40.8174633,2026-01-24 20:42:53.950,_20260124_154036_CH02_DUT_TMO-AUTO_UDP DOWNLINK 400MB_NJ DUT REF_L3.dml,,,,,,,,,,,,,,,,,,144.205696,,,,,,,
170,1,,,-73.9598450,40.8174633,2026-01-24 20:42:53.950,_20260124_154036_CH02_DUT_TMO-AUTO_UDP DOWNLINK 400MB_NJ DUT REF_L3.dml,,,,,,,,,,,,,,,,,,,,START,,,,,
171,1,,,-73.9598450,40.8174633,2026-01-24 20:42:53.950,_20260124_154036_CH02_DUT_TMO-AUTO_UDP DOWNLINK 400MB_NJ DUT REF_L3.dml,,,,,,,,,,,,,,,,,,,,IPERF_T_Start,,,,,
172,1,,,-73.9598450,40.8174633,2026-01-24 20:42:53.950,_20260124_154036_CH02_DUT_TMO-AUTO_UDP DOWNLINK 400MB_NJ DUT REF_L3.dml,,,,,,,,,,,,,,,,,,,,Iperf Download Call Start,,,,,
173,1,,,-73.9598450,40.8174633,2026-01-24 20:42:54.000,_20260124_154036_CH02_DUT_TMO-AUTO_UDP DOWNLINK 400MB_NJ DUT REF_L3.dml,,,,,,,,,,,,,,,,,,,,,,,,,
174,1,,,-73.9598450,40.8174633,2026-01-24 20:42:55.000,_20260124_154036_CH02_DUT_TMO-AUTO_UDP DOWNLINK 400MB_NJ DUT REF_L3.dml,,,,N41(100)+N41(x),,378,-91.300000,4.000000,,,,,,,,,,,,,,,,,
175,1,,,-73.9598450,40.8174633,2026-01-24 20:42:55.152,_20260124_154036_CH02_DUT_TMO-AUTO_UDP DOWNLINK 400MB_NJ DUT REF_L3.dml,,,,,,,,,,,,,,,,,,,,Iperf Download Start,,,,,
176,1,,,-73.9598450,40.8174633,2026-01-24 20:42:56.000,_20260124_154036_CH02_DUT_TMO-AUTO_UDP DOWNLINK 400MB_NJ DUT REF_L3.dml,,,,N41(100)+N41(40),NR SA,378,-91.550000,3.570000,,,,,,,,,,,,,0.104,,,,
177,1,,,-73.9598450,40.8174633,2026-01-24 20:42:57.000,_20260124_154036_CH02_DUT_TMO-AUTO_UDP DOWNLINK 400MB_NJ DUT REF_L3.dml,,,,N41(100)+N41(40),NR SA,378,-91.900000,3.080000,0.359000,4.299686,,,,,,112.847,,,,,0.152,,,,
178,1,,,-73.9598450,40.8174633,2026-01-24 20:42:58.000,_20260124_154036_CH02_DUT_TMO-AUTO_UDP DOWNLINK 400MB_NJ DUT REF_L3.dml,,,,N41(100)+N41(40),NR SA,378,-91.680000,3.660000,0.099000,6.231201,,,,,,138.143,,,,,0.136,,,,
179,1,,,-73.9598450,40.8174633,2026-01-24 20:42:59.000,_20260124_154036_CH02_DUT_TMO-AUTO_UDP DOWNLINK 400MB_NJ DUT REF_L3.dml,,,,N41(100)+N41(40),NR SA,378,-91.040000,4.060000,0.076000,5.724442,,,,,,135.684,,,,,0.136,,,,
180,1,,,-73.9598450,40.8174633,2026-01-24 20:43:00.000,_20260124_154036_CH02_DUT_TMO-AUTO_UDP DOWNLINK 400MB_NJ DUT REF_L3.dml,,,,N41(100)+N41(40),NR SA,378,-91.960000,3.360000,0.009000,12.523972,,,,,,114.577,,,,,0.136,,,,
181,1,,,-73.9598450,40.8174633,2026-01-24 20:43:01.000,_20260124_154036_CH02_DUT_TMO-AUTO_UDP DOWNLINK 400MB_NJ DUT REF_L3.dml,,,,N41(100)+N41(40),NR SA,378,-92.320000,2.960000,0.262000,15.607234,,,,,,122.182,,,,,0.152,,,,
182,1,,,-73.9598450,40.8174633,2026-01-24 20:43:02.000,_20260124_154036_CH02_DUT_TMO-AUTO_UDP DOWNLINK 400MB_NJ DUT REF_L3.dml,,,,N41(100)+N41(40),NR SA,378,-92.160000,2.430000,0.157000,20.885166,,,,,,101.031,,,,,0.152,,,,
183,1,,,-73.9598450,40.8174633,2026-01-24 20:43:03.000,_20260124_154036_CH02_DUT_TMO-AUTO_UDP DOWNLINK 400MB_NJ DUT REF_L3.dml,,,,N41(100)+N41(40),NR SA,378,-92.180000,2.480000,0.048000,25.492983,,,,,,91.130,,,,,0.112,,,,
184,1,,,-73.9598450,40.8174633,2026-01-24 20:43:04.000,_20260124_154036_CH02_DUT_TMO-AUTO_UDP DOWNLINK 400MB_NJ DUT REF_L3.dml,,,,N41(100)+N41(40),NR SA,378,-91.350000,3.520000,0.051000,27.920488,,,,,,135.989,,,,,0.128,,,,
185,1,,,-73.9598450,40.8174633,2026-01-24 20:43:05.000,_20260124_154036_CH02_DUT_TMO-AUTO_UDP DOWNLINK 400MB_NJ DUT REF_L3.dml,,,,N41(100)+N41(40),NR SA,378,-92.210000,1.850000,0.026000,33.564110,,,,,,190.584,,,,,0.128,,,,
186,1,,,-73.9598450,40.8174633,2026-01-24 20:43:05.575,_20260124_154036_CH02_DUT_TMO-AUTO_UDP DOWNLINK 400MB_NJ DUT REF_L3.dml,,,,,,,,,,,,,,,,,,,,IPERF_T_End,,,,,
187,1,,,-73.9598450,40.8174633,2026-01-24 20:43:06.000,_20260124_154036_CH02_DUT_TMO-AUTO_UDP DOWNLINK 400MB_NJ DUT REF_L3.dml,,,,N41(100)+N41(40),NR SA,378,-91.560000,3.920000,0.081000,41.720127,,,,,,205.000,,,,,0.136,,,,
188,1,,,-73.9598450,40.8174633,2026-01-24 20:43:07.000,_20260124_154036_CH02_DUT_TMO-AUTO_UDP DOWNLINK 400MB_NJ DUT REF_L3.dml,,,,N41(100)+N41(40),,378,-90.350000,4.540000,,,,,,,,,,,,,0.096,,,,
189,1,,,-73.9598450,40.8174633,2026-01-24 20:43:08.000,_20260124_154036_CH02_DUT_TMO-AUTO_UDP DOWNLINK 400MB_NJ DUT REF_L3.dml,,,,N41(100)+N41(40),,378,-90.500000,3.000000,,,,,,,,,,,,,,,,,
190,1,,,-73.9598450,40.8174633,2026-01-24 20:43:09.000,_20260124_154036_CH02_DUT_TMO-AUTO_UDP DOWNLINK 400MB_NJ DUT REF_L3.dml,,,,N41(100)+N41(40),,378,-91.420000,2.710000,,,,,,,,,,,,,0.000,,,,
191,1,,,-73.9598450,40.8174633,2026-01-24 20:43:10.000,_20260124_154036_CH02_DUT_TMO-AUTO_UDP DOWNLINK 400MB_NJ DUT REF_L3.dml,,,,N41(100)+N41(40),,378,-91.800000,3.430000,,,,,,,,,,,,,0.000,,,,
192,1,,,-73.9598450,40.8174633,2026-01-24 20:43:11.000,_20260124_154036_CH02_DUT_TMO-AUTO_UDP DOWNLINK 400MB_NJ DUT REF_L3.dml,,,,N41(100)+N41(40),,378,-92.000000,3.000000,,,,,,,,,,,,,0.008,,,,
193,1,,,-73.9598450,40.8174633,2026-01-24 20:43:12.000,_20260124_154036_CH02_DUT_TMO-AUTO_UDP DOWNLINK 400MB_NJ DUT REF_L3.dml,,,,N41(100)+N41(40),,378,-91.420000,2.580000,,,,,,,,,,,,,0.000,,,,
194,1,,,-73.9598450,40.8174633,2026-01-24 20:43:13.000,_20260124_154036_CH02_DUT_TMO-AUTO_UDP DOWNLINK 400MB_NJ DUT REF_L3.dml,,,,N41(100)+N41(40),,378,-92.000000,2.600000,,,,,,,,,,,,,,,,,
195,1,,,-73.9598450,40.8174633,2026-01-24 20:43:14.000,_20260124_154036_CH02_DUT_TMO-AUTO_UDP DOWNLINK 400MB_NJ DUT REF_L3.dml,,,,N41(100)+N41(40),,378,-91.000000,3.000000,,,,,,,,,,,,,0.000,,,,
196,1,,,-73.9598450,40.8174633,2026-01-24 20:43:15.000,_20260124_154036_CH02_DUT_TMO-AUTO_UDP DOWNLINK 400MB_NJ DUT REF_L3.dml,,,,N41(100)+N41(40),,378,-91.860000,2.290000,,,,,,,,,,,,,0.000,,,,
197,1,,,-73.9598450,40.8174633,2026-01-24 20:43:16.000,_20260124_154036_CH02_DUT_TMO-AUTO_UDP DOWNLINK 400MB_NJ DUT REF_L3.dml,,,,N41(100)+N41(40),,378,-92.040000,1.390000,,,,,,,,,,,,,,,,,
198,1,,,-73.9598450,40.8174633,2026-01-24 20:43:17.000,_20260124_154036_CH02_DUT_TMO-AUTO_UDP DOWNLINK 400MB_NJ DUT REF_L3.dml,,,,N41(x)+N41(x),,378,-92.030000,2.470000,,,,,,,,,,,,,,,,,
199,1,,,-73.9598450,40.8174633,2026-01-24 20:43:18.000,_20260124_154036_CH02_DUT_TMO-AUTO_UDP DOWNLINK 400MB_NJ DUT REF_L3.dml,,,,N41(x),,378,-93.500000,0.750000,,,,,,,,,,,,,,,,,
200,1,,,-73.9598450,40.8174633,2026-01-24 20:43:19.000,_20260124_154036_CH02_DUT_TMO-AUTO_UDP DOWNLINK 400MB_NJ DUT REF_L3.dml,,,,,,,,,,,,,,,,,,,,,,,,,
201,1,,,-73.9598450,40.8174633,2026-01-24 20:43:20.000,_20260124_154036_CH02_DUT_TMO-AUTO_UDP DOWNLINK 400MB_NJ DUT REF_L3.dml,,,,,,,,,,,,,,,,,,,,,,,,,
202,1,,,-73.9598450,40.8174633,2026-01-24 20:43:21.000,_20260124_154036_CH02_DUT_TMO-AUTO_UDP DOWNLINK 400MB_NJ DUT REF_L3.dml,,,,N41(x),,378,-94.000000,0.000000,,,,,,,,,,,,,,,,,
203,1,,,-73.9598450,40.8174633,2026-01-24 20:43:22.000,_20260124_154036_CH02_DUT_TMO-AUTO_UDP DOWNLINK 400MB_NJ DUT REF_L3.dml,,,,N41(x),,378,-93.000000,1.000000,,,,,,,,,,,,,,,,,
204,1,,,-73.9598450,40.8174633,2026-01-24 20:43:23.000,_20260124_154036_CH02_DUT_TMO-AUTO_UDP DOWNLINK 400MB_NJ DUT REF_L3.dml,,,,N41(x),,378,-94.000000,0.000000,,,,,,,,,,,,,,,,,
205,1,,,-73.9598450,40.8174633,2026-01-24 20:43:24.000,_20260124_154036_CH02_DUT_TMO-AUTO_UDP DOWNLINK 400MB_NJ DUT REF_L3.dml,,,,,,,,,,,,,,,,,,,,,,,,,
206,1,,,-73.9598450,40.8174633,2026-01-24 20:43:25.000,_20260124_154036_CH02_DUT_TMO-AUTO_UDP DOWNLINK 400MB_NJ DUT REF_L3.dml,,,,,,,,,,,,,,,,,,,,,,,,,
207,1,,,-73.9598450,40.8174633,2026-01-24 20:43:25.575,_20260124_154036_CH02_DUT_TMO-AUTO_UDP DOWNLINK 400MB_NJ DUT REF_L3.dml,,,,,,,,,,,,,,,,,,,,TIMEOUT_Idle,,,,,
208,1,,,-73.9598450,40.8174633,2026-01-24 20:43:25.575,_20260124_154036_CH02_DUT_TMO-AUTO_UDP DOWNLINK 400MB_NJ DUT REF_L3.dml,,,,,,,,,,,,,,,,,,,,Iperf Download Call End,,,,,
209,1,,,-73.9598450,40.8174633,2026-01-24 20:43:25.575,_20260124_154036_CH02_DUT_TMO-AUTO_UDP DOWNLINK 400MB_NJ DUT REF_L3.dml,,,,,,,,,,,,,,,,,,134.717248,,,,,,,
210,1,,,-73.9598450,40.8174633,2026-01-24 20:43:25.575,_20260124_154036_CH02_DUT_TMO-AUTO_UDP DOWNLINK 400MB_NJ DUT REF_L3.dml,,,,,,,,,,,,,,,,,,,,START,,,,,
211,1,,,-73.9598450,40.8174633,2026-01-24 20:43:25.575,_20260124_154036_CH02_DUT_TMO-AUTO_UDP DOWNLINK 400MB_NJ DUT REF_L3.dml,,,,,,,,,,,,,,,,,,,,IPERF_T_Start,,,,,
212,1,,,-73.9598450,40.8174633,2026-01-24 20:43:25.575,_20260124_154036_CH02_DUT_TMO-AUTO_UDP DOWNLINK 400MB_NJ DUT REF_L3.dml,,,,,,,,,,,,,,,,,,,,Iperf Download Call Start,,,,,
213,1,,,-73.9598450,40.8174633,2026-01-24 20:43:26.000,_20260124_154036_CH02_DUT_TMO-AUTO_UDP DOWNLINK 400MB_NJ DUT REF_L3.dml,,,,,,,,,,,,,,,,,,,,,,,,,
214,1,,,-73.9598450,40.8174633,2026-01-24 20:43:26.762,_20260124_154036_CH02_DUT_TMO-AUTO_UDP DOWNLINK 400MB_NJ DUT REF_L3.dml,,,,,,,,,,,,,,,,,,,,Iperf Download Start,,,,,
215,1,,,-73.9598450,40.8174633,2026-01-24 20:43:27.000,_20260124_154036_CH02_DUT_TMO-AUTO_UDP DOWNLINK 400MB_NJ DUT REF_L3.dml,,,,N41(100)+N41(x),NR SA,378,-94.770000,-0.230000,,,,,,,,,,,,,0.016,,,,
216,1,,,-73.9598450,40.8174633,2026-01-24 20:43:28.000,_20260124_154036_CH02_DUT_TMO-AUTO_UDP DOWNLINK 400MB_NJ DUT REF_L3.dml,,,,N41(100)+N41(40),NR SA,378,-93.740000,1.340000,,,,,,,,,,,,,0.104,,,,
217,1,,,-73.9598450,40.8174633,2026-01-24 20:43:29.000,_20260124_154036_CH02_DUT_TMO-AUTO_UDP DOWNLINK 400MB_NJ DUT REF_L3.dml,,,,N41(100)+N41(40),NR SA,378,-91.980000,2.430000,0.187000,0.947772,,,,,,106.885,,,,,0.120,,,,
218,1,,,-73.9598450,40.8174633,2026-01-24 20:43:30.000,_20260124_154036_CH02_DUT_TMO-AUTO_UDP DOWNLINK 400MB_NJ DUT REF_L3.dml,,,,N41(100)+N41(40),NR SA,378,-91.960000,1.860000,0.111000,10.561976,,,,,,112.847,,,,,0.128,,,,
219,1,,,-73.9598450,40.8174633,2026-01-24 20:43:31.000,_20260124_154036_CH02_DUT_TMO-AUTO_UDP DOWNLINK 400MB_NJ DUT REF_L3.dml,,,,N41(100)+N41(40),NR SA,378,-92.400000,1.900000,0.137000,17.615206,,,,,,114.631,,,,,0.112,,,,
220,1,,,-73.9598450,40.8174633,2026-01-24 20:43:32.000,_20260124_154036_CH02_DUT_TMO-AUTO_UDP DOWNLINK 400MB_NJ DUT REF_L3.dml,,,,N41(100)+N41(40),NR SA,378,-92.760000,0.620000,0.004000,20.215107,,,,,,123.259,,,,,0.120,,,,
221,1,,,-73.9598450,40.8174633,2026-01-24 20:43:33.000,_20260124_154036_CH02_DUT_TMO-AUTO_UDP DOWNLINK 400MB_NJ DUT REF_L3.dml,,,,N41(100)+N41(40),NR SA,378,-93.780000,0.660000,0.107000,25.773415,,,,,,114.065,,,,,0.136,,,,
222,1,,,-73.9598450,40.8174633,2026-01-24 20:43:34.000,_20260124_154036_CH02_DUT_TMO-AUTO_UDP DOWNLINK 400MB_NJ DUT REF_L3.dml,,,,N41(100)+N41(40),NR SA,378,-93.300000,1.250000,0.153000,29.465191,,,,,,117.797,,,,,0.120,,,,
223,1,,,-73.9598450,40.8174633,2026-01-24 20:43:35.000,_20260124_154036_CH02_DUT_TMO-AUTO_UDP DOWNLINK 400MB_NJ DUT REF_L3.dml,,,,N41(100)+N41(40),NR SA,378,-92.270000,2.370000,0.148000,32.009911,,,,,,110.562,,,,,0.136,,,,
224,1,,,-73.9598450,40.8174633,2026-01-24 20:43:36.000,_20260124_154036_CH02_DUT_TMO-AUTO_UDP DOWNLINK 400MB_NJ DUT REF_L3.dml,,,,N41(100)+N41(40),NR SA,378,-92.860000,1.880000,0.189000,35.644897,,,,,,140.569,,,,,0.112,,,,
225,1,,,-73.9598450,40.8174633,2026-01-24 20:43:36.777,_20260124_154036_CH02_DUT_TMO-AUTO_UDP DOWNLINK 400MB_NJ DUT REF_L3.dml,,,,,,,,,,,,,,,,,,,,IPERF_T_End,,,,,
226,1,,,-73.9598450,40.8174633,2026-01-24 20:43:37.000,_20260124_154036_CH02_DUT_TMO-AUTO_UDP DOWNLINK 400MB_NJ DUT REF_L3.dml,,,,N41(100)+N41(40),NR SA,378,-93.430000,0.680000,0.019000,40.653534,,,,,,134.912,,,,,0.120,,,,
227,1,,,-73.9598450,40.8174633,2026-01-24 20:43:38.000,_20260124_154036_CH02_DUT_TMO-AUTO_UDP DOWNLINK 400MB_NJ DUT REF_L3.dml,,,,N41(100)+N41(40),NR SA,378,-92.940000,1.710000,0.568000,49.419338,,,,,,144.214,,,,,0.112,,,,
228,1,,,-73.9598450,40.8174633,2026-01-24 20:43:39.000,_20260124_154036_CH02_DUT_TMO-AUTO_UDP DOWNLINK 400MB_NJ DUT REF_L3.dml,,,,N41(100)+N41(40),,378,-92.810000,1.910000,,,,,,,,,,,,,0.120,,,,
229,1,,,-73.9598450,40.8174633,2026-01-24 20:43:40.000,_20260124_154036_CH02_DUT_TMO-AUTO_UDP DOWNLINK 400MB_NJ DUT REF_L3.dml,,,,N41(100)+N41(40),,378,-92.670000,0.920000,,,,,,,,,,,,,,,,,
230,1,,,-73.9598450,40.8174633,2026-01-24 20:43:41.000,_20260124_154036_CH02_DUT_TMO-AUTO_UDP DOWNLINK 400MB_NJ DUT REF_L3.dml,,,,N41(100)+N41(40),,378,-93.180000,0.450000,,,,,,,,,,,,,0.000,,,,
231,1,,,-73.9598450,40.8174633,2026-01-24 20:43:42.000,_20260124_154036_CH02_DUT_TMO-AUTO_UDP DOWNLINK 400MB_NJ DUT REF_L3.dml,,,,N41(100)+N41(40),,378,-94.170000,-0.250000,,,,,,,,,,,,,0.008,,,,
232,1,,,-73.9598450,40.8174633,2026-01-24 20:43:43.000,_20260124_154036_CH02_DUT_TMO-AUTO_UDP DOWNLINK 400MB_NJ DUT REF_L3.dml,,,,N41(100)+N41(40),,378,-94.400000,-0.200000,,,,,,,,,,,,,0.000,,,,
233,1,,,-73.9598450,40.8174633,2026-01-24 20:43:44.000,_20260124_154036_CH02_DUT_TMO-AUTO_UDP DOWNLINK 400MB_NJ DUT REF_L3.dml,,,,N41(100)+N41(40),,378,-94.310000,-0.150000,,,,,,,,,,,,,0.000,,,,
234,1,,,-73.9598450,40.8174633,2026-01-24 20:43:45.000,_20260124_154036_CH02_DUT_TMO-AUTO_UDP DOWNLINK 400MB_NJ DUT REF_L3.dml,,,,N41(100)+N41(40),,378,-93.800000,0.200000,,,,,,,,,,,,,,,,,
235,1,,,-73.9598450,40.8174633,2026-01-24 20:43:46.000,_20260124_154036_CH02_DUT_TMO-AUTO_UDP DOWNLINK 400MB_NJ DUT REF_L3.dml,,,,N41(100)+N41(40),,378,-92.710000,1.430000,,,,,,,,,,,,,0.000,,,,
236,1,,,-73.9598450,40.8174633,2026-01-24 20:43:47.000,_20260124_154036_CH02_DUT_TMO-AUTO_UDP DOWNLINK 400MB_NJ DUT REF_L3.dml,,,,N41(100)+N41(40),,378,-93.500000,0.380000,,,,,,,,,,,,,0.000,,,,
237,1,,,-73.9598450,40.8174633,2026-01-24 20:43:48.000,_20260124_154036_CH02_DUT_TMO-AUTO_UDP DOWNLINK 400MB_NJ DUT REF_L3.dml,,,,N41(100)+N41(40),,378,-92.860000,0.720000,,,,,,,,,,,,,0.000,,,,
238,1,,,-73.9598450,40.8174633,2026-01-24 20:43:49.000,_20260124_154036_CH02_DUT_TMO-AUTO_UDP DOWNLINK 400MB_NJ DUT REF_L3.dml,,,,N41(x)+N41(x),,378,-91.390000,2.480000,,,,,,,,,,,,,,,,,
239,1,,,-73.9598450,40.8174633,2026-01-24 20:43:50.000,_20260124_154036_CH02_DUT_TMO-AUTO_UDP DOWNLINK 400MB_NJ DUT REF_L3.dml,,,,,,,,,,,,,,,,,,,,,,,,,
240,1,,,-73.9598450,40.8174633,2026-01-24 20:43:51.000,_20260124_154036_CH02_DUT_TMO-AUTO_UDP DOWNLINK 400MB_NJ DUT REF_L3.dml,,,,,,,,,,,,,,,,,,,,,,,,,
241,1,,,-73.9598450,40.8174633,2026-01-24 20:43:52.000,_20260124_154036_CH02_DUT_TMO-AUTO_UDP DOWNLINK 400MB_NJ DUT REF_L3.dml,,,,N41(x),,378,-92.000000,3.000000,,,,,,,,,,,,,,,,,
242,1,,,-73.9598450,40.8174633,2026-01-24 20:43:53.000,_20260124_154036_CH02_DUT_TMO-AUTO_UDP DOWNLINK 400MB_NJ DUT REF_L3.dml,,,,N41(x),,378,-92.000000,3.000000,,,,,,,,,,,,,,,,,
243,1,,,-73.9598450,40.8174633,2026-01-24 20:43:54.000,_20260124_154036_CH02_DUT_TMO-AUTO_UDP DOWNLINK 400MB_NJ DUT REF_L3.dml,,,,,,,,,,,,,,,,,,,,,,,,,
244,1,,,-73.9598450,40.8174633,2026-01-24 20:43:55.000,_20260124_154036_CH02_DUT_TMO-AUTO_UDP DOWNLINK 400MB_NJ DUT REF_L3.dml,,,,,,,,,,,,,,,,,,,,,,,,,
245,1,,,-73.9598450,40.8174633,2026-01-24 20:43:56.000,_20260124_154036_CH02_DUT_TMO-AUTO_UDP DOWNLINK 400MB_NJ DUT REF_L3.dml,,,,,,,,,,,,,,,,,,,,,,,,,
246,1,,,-73.9598450,40.8174633,2026-01-24 20:43:56.794,_20260124_154036_CH02_DUT_TMO-AUTO_UDP DOWNLINK 400MB_NJ DUT REF_L3.dml,,,,,,,,,,,,,,,,,,,,TIMEOUT_Idle,,,,,
247,1,,,-73.9598450,40.8174633,2026-01-24 20:43:56.794,_20260124_154036_CH02_DUT_TMO-AUTO_UDP DOWNLINK 400MB_NJ DUT REF_L3.dml,,,,,,,,,,,,,,,,,,,,Iperf Download Call End,,,,,
248,1,,,-73.9598450,40.8174633,2026-01-24 20:43:56.794,_20260124_154036_CH02_DUT_TMO-AUTO_UDP DOWNLINK 400MB_NJ DUT REF_L3.dml,,,,,,,,,,,,,,,,,,121.974592,,,,,,,
249,1,,,-73.9598450,40.8174633,2026-01-24 20:43:56.794,_20260124_154036_CH02_DUT_TMO-AUTO_UDP DOWNLINK 400MB_NJ DUT REF_L3.dml,,,,,,,,,,,,,,,,,,,,START,,,,,
250,1,,,-73.9598450,40.8174633,2026-01-24 20:43:56.794,_20260124_154036_CH02_DUT_TMO-AUTO_UDP DOWNLINK 400MB_NJ DUT REF_L3.dml,,,,,,,,,,,,,,,,,,,,IPERF_T_Start,,,,,
251,1,,,-73.9598450,40.8174633,2026-01-24 20:43:56.794,_20260124_154036_CH02_DUT_TMO-AUTO_UDP DOWNLINK 400MB_NJ DUT REF_L3.dml,,,,,,,,,,,,,,,,,,,,Iperf Download Call Start,,,,,
252,1,,,-73.9598450,40.8174633,2026-01-24 20:43:57.000,_20260124_154036_CH02_DUT_TMO-AUTO_UDP DOWNLINK 400MB_NJ DUT REF_L3.dml,,,,N41(x),,378,-93.000000,2.000000,,,,,,,,,,,,,,,,,
253,1,,,-73.9598450,40.8174633,2026-01-24 20:43:58.000,_20260124_154036_CH02_DUT_TMO-AUTO_UDP DOWNLINK 400MB_NJ DUT REF_L3.dml,,,,N41(100)+N41(40),,378,-92.290000,2.350000,,,,,,,,,,,,,,,,,
254,1,,,-73.9598450,40.8174633,2026-01-24 20:43:58.372,_20260124_154036_CH02_DUT_TMO-AUTO_UDP DOWNLINK 400MB_NJ DUT REF_L3.dml,,,,,,,,,,,,,,,,,,,,Iperf Download Start,,,,,
255,1,,,-73.9598450,40.8174633,2026-01-24 20:43:59.000,_20260124_154036_CH02_DUT_TMO-AUTO_UDP DOWNLINK 400MB_NJ DUT REF_L3.dml,,,,N41(100)+N41(40),NR SA,378,-94.650000,0.410000,,,,,,,,,,,,,0.112,,,,
256,1,,,-73.9598450,40.8174633,2026-01-24 20:44:00.000,_20260124_154036_CH02_DUT_TMO-AUTO_UDP DOWNLINK 400MB_NJ DUT REF_L3.dml,,,,N41(100)+N41(40),NR SA,378,-93.760000,0.100000,0.266000,4.370753,,,,,,102.598,,,,,0.192,,,,
257,1,,,-73.9598450,40.8174633,2026-01-24 20:44:01.000,_20260124_154036_CH02_DUT_TMO-AUTO_UDP DOWNLINK 400MB_NJ DUT REF_L3.dml,,,,N41(100)+N41(40),NR SA,378,-95.160000,-0.740000,0.099000,9.720626,,,,,,119.603,,,,,0.176,,,,
258,1,,,-73.9598450,40.8174633,2026-01-24 20:44:02.000,_20260124_154036_CH02_DUT_TMO-AUTO_UDP DOWNLINK 400MB_NJ DUT REF_L3.dml,,,,N41(100)+N41(40),NR SA,378,-94.760000,-0.600000,0.040000,16.042274,,,,,,125.250,,,,,0.160,,,,
259,1,,,-73.9598450,40.8174633,2026-01-24 20:44:03.000,_20260124_154036_CH02_DUT_TMO-AUTO_UDP DOWNLINK 400MB_NJ DUT REF_L3.dml,,,,N41(100)+N41(40),NR SA,378,-93.250000,1.100000,0.143000,21.346872,,,,,,112.673,,,,,0.144,,,,
260,1,,,-73.9598450,40.8174633,2026-01-24 20:44:04.000,_20260124_154036_CH02_DUT_TMO-AUTO_UDP DOWNLINK 400MB_NJ DUT REF_L3.dml,,,,N41(100)+N41(40),NR SA,378,-93.470000,0.780000,0.039000,26.195698,,,,,,147.641,,,,,0.200,,,,
261,1,,,-73.9598450,40.8174633,2026-01-24 20:44:05.000,_20260124_154036_CH02_DUT_TMO-AUTO_UDP DOWNLINK 400MB_NJ DUT REF_L3.dml,,,,N41(100)+N41(40),NR SA,378,-95.770000,-0.600000,0.088000,28.425636,,,,,,162.917,,,,,0.200,,,,
262,1,,,-73.9598450,40.8174633,2026-01-24 20:44:06.000,_20260124_154036_CH02_DUT_TMO-AUTO_UDP DOWNLINK 400MB_NJ DUT REF_L3.dml,,,,N41(100)+N41(40),NR SA,378,-94.540000,-0.130000,0.113000,29.587324,,,,,,174.961,,,,,0.184,,,,
263,1,,,-73.9598450,40.8174633,2026-01-24 20:44:07.000,_20260124_154036_CH02_DUT_TMO-AUTO_UDP DOWNLINK 400MB_NJ DUT REF_L3.dml,,,,N41(100)+N41(40),NR SA,378,-94.960000,-0.460000,0.028000,32.268547,,,,,,201.824,,,,,0.200,,,,
264,1,,,-73.9598450,40.8174633,2026-01-24 20:44:08.000,_20260124_154036_CH02_DUT_TMO-AUTO_UDP DOWNLINK 400MB_NJ DUT REF_L3.dml,,,,N41(100)+N41(40),NR SA,378,-92.750000,0.430000,0.047000,39.593193,,,,,,226.086,,,,,0.224,,,,
265,1,,,-73.9598450,40.8174633,2026-01-24 20:44:08.372,_20260124_154036_CH02_DUT_TMO-AUTO_UDP DOWNLINK 400MB_NJ DUT REF_L3.dml,,,,,,,,,,,,,,,,,,,,IPERF_T_End,,,,,
266,1,,,-73.9598450,40.8174633,2026-01-24 20:44:09.000,_20260124_154036_CH02_DUT_TMO-AUTO_UDP DOWNLINK 400MB_NJ DUT REF_L3.dml,,,,N41(100)+N41(40),NR SA,378,-94.570000,-0.190000,0.445000,45.614277,,,,,,222.387,,,,,0.240,,,,
267,1,,,-73.9598450,40.8174633,2026-01-24 20:44:10.000,_20260124_154036_CH02_DUT_TMO-AUTO_UDP DOWNLINK 400MB_NJ DUT REF_L3.dml,,,,N41(100)+N41(40),,378,-94.710000,-0.040000,,,,,,,,,,,,,0.144,,,,
268,1,,,-73.9598450,40.8174633,2026-01-24 20:44:11.000,_20260124_154036_CH02_DUT_TMO-AUTO_UDP DOWNLINK 400MB_NJ DUT REF_L3.dml,,,,N41(100)+N41(40),,378,-95.000000,-0.880000,,,,,,,,,,,,,,,,,
269,1,,,-73.9598450,40.8174633,2026-01-24 20:44:12.000,_20260124_154036_CH02_DUT_TMO-AUTO_UDP DOWNLINK 400MB_NJ DUT REF_L3.dml,,,,N41(100)+N41(40),,378,-95.630000,-0.710000,,,,,,,,,,,,,0.000,,,,
270,1,,,-73.9598450,40.8174633,2026-01-24 20:44:13.000,_20260124_154036_CH02_DUT_TMO-AUTO_UDP DOWNLINK 400MB_NJ DUT REF_L3.dml,,,,N41(100)+N41(40),,378,-94.670000,-0.100000,,,,,,,,,,,,,,,,,
271,1,,,-73.9598450,40.8174633,2026-01-24 20:44:14.000,_20260124_154036_CH02_DUT_TMO-AUTO_UDP DOWNLINK 400MB_NJ DUT REF_L3.dml,,,,N41(100)+N41(40),,378,-95.070000,-0.360000,,,,,,,,,,,,,0.008,,,,
272,1,,,-73.9598450,40.8174633,2026-01-24 20:44:15.000,_20260124_154036_CH02_DUT_TMO-AUTO_UDP DOWNLINK 400MB_NJ DUT REF_L3.dml,,,,N41(100)+N41(40),,378,-92.710000,1.350000,,,,,,,,,,,,,0.000,,,,
273,1,,,-73.9598450,40.8174633,2026-01-24 20:44:16.000,_20260124_154036_CH02_DUT_TMO-AUTO_UDP DOWNLINK 400MB_NJ DUT REF_L3.dml,,,,N41(100)+N41(40),,378,-92.000000,2.000000,,,,,,,,,,,,,,,,,
274,1,,,-73.9598450,40.8174633,2026-01-24 20:44:17.000,_20260124_154036_CH02_DUT_TMO-AUTO_UDP DOWNLINK 400MB_NJ DUT REF_L3.dml,,,,N41(100)+N41(40),,378,-92.000000,2.270000,,,,,,,,,,,,,0.000,,,,
275,1,,,-73.9598450,40.8174633,2026-01-24 20:44:18.000,_20260124_154036_CH02_DUT_TMO-AUTO_UDP DOWNLINK 400MB_NJ DUT REF_L3.dml,,,,N41(100)+N41(40),,378,-93.000000,1.330000,,,,,,,,,,,,,0.000,,,,
276,1,,,-73.9598450,40.8174633,2026-01-24 20:44:19.000,_20260124_154036_CH02_DUT_TMO-AUTO_UDP DOWNLINK 400MB_NJ DUT REF_L3.dml,,,,N41(100)+N41(40),,378,-92.710000,1.880000,,,,,,,,,,,,,,,,,
277,1,,,-73.9598450,40.8174633,2026-01-24 20:44:20.000,_20260124_154036_CH02_DUT_TMO-AUTO_UDP DOWNLINK 400MB_NJ DUT REF_L3.dml,,,,N41(x)+N41(x),,378,-92.460000,1.380000,,,,,,,,,,,,,,,,,
278,1,,,-73.9598450,40.8174633,2026-01-24 20:44:21.000,_20260124_154036_CH02_DUT_TMO-AUTO_UDP DOWNLINK 400MB_NJ DUT REF_L3.dml,,,,N41(x),,378,-93.000000,1.000000,,,,,,,,,,,,,,,,,
279,1,,,-73.9598450,40.8174633,2026-01-24 20:44:22.000,_20260124_154036_CH02_DUT_TMO-AUTO_UDP DOWNLINK 400MB_NJ DUT REF_L3.dml,,,,,,,,,,,,,,,,,,,,,,,,,
280,1,,,-73.9598450,40.8174633,2026-01-24 20:44:23.000,_20260124_154036_CH02_DUT_TMO-AUTO_UDP DOWNLINK 400MB_NJ DUT REF_L3.dml,,,,,,,,,,,,,,,,,,,,,,,,,
281,1,,,-73.9598450,40.8174633,2026-01-24 20:44:24.000,_20260124_154036_CH02_DUT_TMO-AUTO_UDP DOWNLINK 400MB_NJ DUT REF_L3.dml,,,,N41(x),,378,-93.000000,0.000000,,,,,,,,,,,,,,,,,
282,1,,,-73.9598450,40.8174633,2026-01-24 20:44:25.000,_20260124_154036_CH02_DUT_TMO-AUTO_UDP DOWNLINK 400MB_NJ DUT REF_L3.dml,,,,N41(x),,378,-94.000000,1.000000,,,,,,,,,,,,,,,,,
283,1,,,-73.9598450,40.8174633,2026-01-24 20:44:26.000,_20260124_154036_CH02_DUT_TMO-AUTO_UDP DOWNLINK 400MB_NJ DUT REF_L3.dml,,,,,,,,,,,,,,,,,,,,,,,,,
284,1,,,-73.9598450,40.8174633,2026-01-24 20:44:27.000,_20260124_154036_CH02_DUT_TMO-AUTO_UDP DOWNLINK 400MB_NJ DUT REF_L3.dml,,,,,,,,,,,,,,,,,,,,,,,,,
285,1,,,-73.9598450,40.8174633,2026-01-24 20:44:28.000,_20260124_154036_CH02_DUT_TMO-AUTO_UDP DOWNLINK 400MB_NJ DUT REF_L3.dml,,,,,,,,,,,,,,,,,,,,,,,,,
286,1,,,-73.9598450,40.8174633,2026-01-24 20:44:28.388,_20260124_154036_CH02_DUT_TMO-AUTO_UDP DOWNLINK 400MB_NJ DUT REF_L3.dml,,,,,,,,,,,,,,,,,,,,TIMEOUT_Idle,,,,,
287,1,,,-73.9598450,40.8174633,2026-01-24 20:44:28.388,_20260124_154036_CH02_DUT_TMO-AUTO_UDP DOWNLINK 400MB_NJ DUT REF_L3.dml,,,,,,,,,,,,,,,,,,,,Iperf Download Call End,,,,,
288,1,,,-73.9598450,40.8174633,2026-01-24 20:44:28.388,_20260124_154036_CH02_DUT_TMO-AUTO_UDP DOWNLINK 400MB_NJ DUT REF_L3.dml,,,,,,,,,,,,,,,,,,159.594368,,,,,,,
289,1,,,-73.9598450,40.8174633,2026-01-24 20:44:28.388,_20260124_154036_CH02_DUT_TMO-AUTO_UDP DOWNLINK 400MB_NJ DUT REF_L3.dml,,,,,,,,,,,,,,,,,,,,START,,,,,
290,1,,,-73.9598450,40.8174633,2026-01-24 20:44:28.388,_20260124_154036_CH02_DUT_TMO-AUTO_UDP DOWNLINK 400MB_NJ DUT REF_L3.dml,,,,,,,,,,,,,,,,,,,,IPERF_T_Start,,,,,
291,1,,,-73.9598450,40.8174633,2026-01-24 20:44:28.388,_20260124_154036_CH02_DUT_TMO-AUTO_UDP DOWNLINK 400MB_NJ DUT REF_L3.dml,,,,,,,,,,,,,,,,,,,,Iperf Download Call Start,,,,,
292,1,,,-73.9598450,40.8174633,2026-01-24 20:44:29.000,_20260124_154036_CH02_DUT_TMO-AUTO_UDP DOWNLINK 400MB_NJ DUT REF_L3.dml,,,,N41(x),,378,-93.000000,2.000000,,,,,,,,,,,,,,,,,
293,1,,,-73.9598450,40.8174633,2026-01-24 20:44:29.763,_20260124_154036_CH02_DUT_TMO-AUTO_UDP DOWNLINK 400MB_NJ DUT REF_L3.dml,,,,,,,,,,,,,,,,,,,,Iperf Download Start,,,,,
294,1,,,-73.9598450,40.8174633,2026-01-24 20:44:30.000,_20260124_154036_CH02_DUT_TMO-AUTO_UDP DOWNLINK 400MB_NJ DUT REF_L3.dml,,,,N41(100)+N41(x),NR SA,378,-94.180000,0.300000,,,,,,,,,,,,,,,,,
295,1,,,-73.9598450,40.8174633,2026-01-24 20:44:31.000,_20260124_154036_CH02_DUT_TMO-AUTO_UDP DOWNLINK 400MB_NJ DUT REF_L3.dml,,,,N41(100)+N41(40),NR SA,378,-93.680000,0.800000,0.235000,3.065494,,,,,,123.509,,,,,0.104,,,,
296,1,,,-73.9598450,40.8174633,2026-01-24 20:44:32.000,_20260124_154036_CH02_DUT_TMO-AUTO_UDP DOWNLINK 400MB_NJ DUT REF_L3.dml,,,,N41(100)+N41(40),NR SA,378,-93.200000,1.120000,0.115000,3.553788,,,,,,116.546,,,,,0.104,,,,
297,1,,,-73.9598450,40.8174633,2026-01-24 20:44:33.000,_20260124_154036_CH02_DUT_TMO-AUTO_UDP DOWNLINK 400MB_NJ DUT REF_L3.dml,,,,N41(100)+N41(40),NR SA,378,-93.600000,0.420000,0.053000,15.672549,,,,,,129.569,,,,,0.112,,,,
298,1,,,-73.9598450,40.8174633,2026-01-24 20:44:34.000,_20260124_154036_CH02_DUT_TMO-AUTO_UDP DOWNLINK 400MB_NJ DUT REF_L3.dml,,,,N41(100)+N41(40),NR SA,378,-93.380000,0.340000,0.032000,23.023800,,,,,,138.502,,,,,0.096,,,,
299,1,,,-73.9598450,40.8174633,2026-01-24 20:44:35.000,_20260124_154036_CH02_DUT_TMO-AUTO_UDP DOWNLINK 400MB_NJ DUT REF_L3.dml,,,,N41(100)+N41(40),NR SA,378,-92.290000,1.920000,0.213000,26.733301,,,,,,145.041,,,,,0.104,,,,
300,1,,,-73.9598450,40.8174633,2026-01-24 20:44:36.000,_20260124_154036_CH02_DUT_TMO-AUTO_UDP DOWNLINK 400MB_NJ DUT REF_L3.dml,,,,N41(100)+N41(40),NR SA,378,-93.020000,1.450000,0.036000,28.977571,,,,,,152.711,,,,,0.112,,,,
301,1,,,-73.9598450,40.8174633,2026-01-24 20:44:37.000,_20260124_154036_CH02_DUT_TMO-AUTO_UDP DOWNLINK 400MB_NJ DUT REF_L3.dml,,,,N41(100)+N41(40),NR SA,378,-92.930000,1.340000,0.018000,33.307854,,,,,,152.896,,,,,0.120,,,,
302,1,,,-73.9598450,40.8174633,2026-01-24 20:44:38.000,_20260124_154036_CH02_DUT_TMO-AUTO_UDP DOWNLINK 400MB_NJ DUT REF_L3.dml,,,,N41(100)+N41(40),NR SA,378,-92.170000,3.020000,0.248000,36.369610,,,,,,168.650,,,,,0.112,,,,
303,1,,,-73.9598450,40.8174633,2026-01-24 20:44:39.000,_20260124_154036_CH02_DUT_TMO-AUTO_UDP DOWNLINK 400MB_NJ DUT REF_L3.dml,,,,N41(100)+N41(40),NR SA,378,-92.340000,2.250000,0.051000,40.467987,,,,,,211.202,,,,,0.120,,,,
304,1,,,-73.9598450,40.8174633,2026-01-24 20:44:39.965,_20260124_154036_CH02_DUT_TMO-AUTO_UDP DOWNLINK 400MB_NJ DUT REF_L3.dml,,,,,,,,,,,,,,,,,,,,IPERF_T_End,,,,,
305,1,,,-73.9598450,40.8174633,2026-01-24 20:44:40.000,_20260124_154036_CH02_DUT_TMO-AUTO_UDP DOWNLINK 400MB_NJ DUT REF_L3.dml,,,,N41(100)+N41(40),NR SA,378,-92.670000,2.230000,0.071000,46.033466,,,,,,211.659,,,,,0.128,,,,
306,1,,,-73.9598450,40.8174633,2026-01-24 20:44:41.000,_20260124_154036_CH02_DUT_TMO-AUTO_UDP DOWNLINK 400MB_NJ DUT REF_L3.dml,,,,N41(100)+N41(40),,378,-91.740000,2.660000,,,,,,,,,,,,,0.128,,,,
307,1,,,-73.9598450,40.8174633,2026-01-24 20:44:42.000,_20260124_154036_CH02_DUT_TMO-AUTO_UDP DOWNLINK 400MB_NJ DUT REF_L3.dml,,,,N41(100)+N41(40),,378,-91.500000,2.500000,,,,,,,,,,,,,0.080,,,,
308,1,,,-73.9598450,40.8174633,2026-01-24 20:44:43.000,_20260124_154036_CH02_DUT_TMO-AUTO_UDP DOWNLINK 400MB_NJ DUT REF_L3.dml,,,,N41(100)+N41(40),,378,-92.250000,2.380000,,,,,,,,,,,,,0.000,,,,
309,1,,,-73.9598450,40.8174633,2026-01-24 20:44:44.000,_20260124_154036_CH02_DUT_TMO-AUTO_UDP DOWNLINK 400MB_NJ DUT REF_L3.dml,,,,N41(100)+N41(40),,378,-92.500000,1.820000,,,,,,,,,,,,,,,,,
310,1,,,-73.9598450,40.8174633,2026-01-24 20:44:45.000,_20260124_154036_CH02_DUT_TMO-AUTO_UDP DOWNLINK 400MB_NJ DUT REF_L3.dml,,,,N41(100)+N41(40),,378,-92.370000,1.690000,,,,,,,,,,,,,0.016,,,,
311,1,,,-73.9598450,40.8174633,2026-01-24 20:44:46.000,_20260124_154036_CH02_DUT_TMO-AUTO_UDP DOWNLINK 400MB_NJ DUT REF_L3.dml,,,,N41(100)+N41(40),,378,-94.000000,0.000000,,,,,,,,,,,,,0.000,,,,
312,1,,,-73.9598450,40.8174633,2026-01-24 20:44:47.000,_20260124_154036_CH02_DUT_TMO-AUTO_UDP DOWNLINK 400MB_NJ DUT REF_L3.dml,,,,N41(100)+N41(40),,378,-93.500000,0.500000,,,,,,,,,,,,,,,,,
313,1,,,-73.9598450,40.8174633,2026-01-24 20:44:48.000,_20260124_154036_CH02_DUT_TMO-AUTO_UDP DOWNLINK 400MB_NJ DUT REF_L3.dml,,,,N41(100)+N41(40),,378,-93.000000,0.000000,,,,,,,,,,,,,0.000,,,,
314,1,,,-73.9598450,40.8174633,2026-01-24 20:44:49.000,_20260124_154036_CH02_DUT_TMO-AUTO_UDP DOWNLINK 400MB_NJ DUT REF_L3.dml,,,,N41(100)+N41(40),,378,-92.500000,0.000000,,,,,,,,,,,,,0.000,,,,
315,1,,,-73.9598450,40.8174633,2026-01-24 20:44:50.000,_20260124_154036_CH02_DUT_TMO-AUTO_UDP DOWNLINK 400MB_NJ DUT REF_L3.dml,,,,N41(100)+N41(40),,378,-93.910000,-0.450000,,,,,,,,,,,,,0.000,,,,
316,1,,,-73.9598450,40.8174633,2026-01-24 20:44:51.000,_20260124_154036_CH02_DUT_TMO-AUTO_UDP DOWNLINK 400MB_NJ DUT REF_L3.dml,,,,N41(x)+N41(x),,378,-94.100000,0.230000,,,,,,,,,,,,,0.008,,,,
317,1,,,-73.9598450,40.8174633,2026-01-24 20:44:52.000,_20260124_154036_CH02_DUT_TMO-AUTO_UDP DOWNLINK 400MB_NJ DUT REF_L3.dml,,,,N41(x)+N41(x),,378,-94.200000,-0.200000,,,,,,,,,,,,,,,,,
318,1,,,-73.9598450,40.8174633,2026-01-24 20:44:53.000,_20260124_154036_CH02_DUT_TMO-AUTO_UDP DOWNLINK 400MB_NJ DUT REF_L3.dml,,,,N41(x),,378,-95.000000,0.000000,,,,,,,,,,,,,,,,,
319,1,,,-73.9598450,40.8174633,2026-01-24 20:44:54.000,_20260124_154036_CH02_DUT_TMO-AUTO_UDP DOWNLINK 400MB_NJ DUT REF_L3.dml,,,,N41(x),,378,-95.000000,0.000000,,,,,,,,,,,,,,,,,
320,1,,,-73.9598450,40.8174633,2026-01-24 20:44:55.000,_20260124_154036_CH02_DUT_TMO-AUTO_UDP DOWNLINK 400MB_NJ DUT REF_L3.dml,,,,,,,,,,,,,,,,,,,,,,,,,
321,1,,,-73.9598450,40.8174633,2026-01-24 20:44:56.000,_20260124_154036_CH02_DUT_TMO-AUTO_UDP DOWNLINK 400MB_NJ DUT REF_L3.dml,,,,N41(x),,378,-95.000000,0.000000,,,,,,,,,,,,,,,,,
322,1,,,-73.9598450,40.8174633,2026-01-24 20:44:57.000,_20260124_154036_CH02_DUT_TMO-AUTO_UDP DOWNLINK 400MB_NJ DUT REF_L3.dml,,,,N41(x),,378,-95.000000,0.000000,,,,,,,,,,,,,,,,,
323,1,,,-73.9598450,40.8174633,2026-01-24 20:44:58.000,_20260124_154036_CH02_DUT_TMO-AUTO_UDP DOWNLINK 400MB_NJ DUT REF_L3.dml,,,,N41(x),,378,-94.000000,1.000000,,,,,,,,,,,,,,,,,
324,1,,,-73.9598450,40.8174633,2026-01-24 20:44:59.000,_20260124_154036_CH02_DUT_TMO-AUTO_UDP DOWNLINK 400MB_NJ DUT REF_L3.dml,,,,N41(x),,378,-94.000000,1.000000,,,,,,,,,,,,,,,,,
325,1,,,-73.9598450,40.8174633,2026-01-24 20:44:59.981,_20260124_154036_CH02_DUT_TMO-AUTO_UDP DOWNLINK 400MB_NJ DUT REF_L3.dml,,,,,,,,,,,,,,,,,,,,TIMEOUT_Idle,,,,,
326,1,,,-73.9598450,40.8174633,2026-01-24 20:44:59.981,_20260124_154036_CH02_DUT_TMO-AUTO_UDP DOWNLINK 400MB_NJ DUT REF_L3.dml,,,,,,,,,,,,,,,,,,,,Iperf Download Call End,,,,,
327,1,,,-73.9598450,40.8174633,2026-01-24 20:44:59.981,_20260124_154036_CH02_DUT_TMO-AUTO_UDP DOWNLINK 400MB_NJ DUT REF_L3.dml,,,,,,,,,,,,,,,,,,155.029120,,,,,,,
328,1,,,-73.9598450,40.8174633,2026-01-24 20:44:59.981,_20260124_154036_CH02_DUT_TMO-AUTO_UDP DOWNLINK 400MB_NJ DUT REF_L3.dml,,,,,,,,,,,,,,,,,,,,START,,,,,
329,1,,,-73.9598450,40.8174633,2026-01-24 20:44:59.981,_20260124_154036_CH02_DUT_TMO-AUTO_UDP DOWNLINK 400MB_NJ DUT REF_L3.dml,,,,,,,,,,,,,,,,,,,,IPERF_T_Start,,,,,
330,1,,,-73.9598450,40.8174633,2026-01-24 20:44:59.981,_20260124_154036_CH02_DUT_TMO-AUTO_UDP DOWNLINK 400MB_NJ DUT REF_L3.dml,,,,,,,,,,,,,,,,,,,,Iperf Download Call Start,,,,,
331,1,,,-73.9598450,40.8174633,2026-01-24 20:45:00.000,_20260124_154036_CH02_DUT_TMO-AUTO_UDP DOWNLINK 400MB_NJ DUT REF_L3.dml,,,,,,,,,,,,,,,,,,,,,,,,,
332,1,,,-73.9598450,40.8174633,2026-01-24 20:45:01.000,_20260124_154036_CH02_DUT_TMO-AUTO_UDP DOWNLINK 400MB_NJ DUT REF_L3.dml,,,,N41(100)+N41(x),,378,-93.500000,0.000000,,,,,,,,,,,,,,,,,
333,1,,,-73.9598450,40.8174633,2026-01-24 20:45:01.231,_20260124_154036_CH02_DUT_TMO-AUTO_UDP DOWNLINK 400MB_NJ DUT REF_L3.dml,,,,,,,,,,,,,,,,,,,,Iperf Download Start,,,,,
334,1,,,-73.9598450,40.8174633,2026-01-24 20:45:02.000,_20260124_154036_CH02_DUT_TMO-AUTO_UDP DOWNLINK 400MB_NJ DUT REF_L3.dml,,,,N41(100)+N41(40),NR SA,378,-93.400000,0.120000,,,,,,,,,,,,,0.120,,,,
335,1,,,-73.9598450,40.8174633,2026-01-24 20:45:03.000,_20260124_154036_CH02_DUT_TMO-AUTO_UDP DOWNLINK 400MB_NJ DUT REF_L3.dml,,,,N41(100)+N41(40),NR SA,378,-93.140000,0.540000,0.072000,0.676427,,,,,,116.622,,,,,0.152,,,,
336,1,,,-73.9598450,40.8174633,2026-01-24 20:45:04.000,_20260124_154036_CH02_DUT_TMO-AUTO_UDP DOWNLINK 400MB_NJ DUT REF_L3.dml,,,,N41(100)+N41(40),NR SA,378,-92.800000,0.920000,0.084000,24.679981,,,,,,127.927,,,,,0.168,,,,
337,1,,,-73.9598450,40.8174633,2026-01-24 20:45:05.000,_20260124_154036_CH02_DUT_TMO-AUTO_UDP DOWNLINK 400MB_NJ DUT REF_L3.dml,,,,N41(100)+N41(40),NR SA,378,-93.200000,0.020000,0.112000,30.469652,,,,,,135.586,,,,,0.200,,,,
338,1,,,-73.9598450,40.8174633,2026-01-24 20:45:06.000,_20260124_154036_CH02_DUT_TMO-AUTO_UDP DOWNLINK 400MB_NJ DUT REF_L3.dml,,,,N41(100)+N41(40),NR SA,378,-94.040000,-0.100000,0.031000,45.194729,,,,,,141.037,,,,,0.192,,,,
339,1,,,-73.9598450,40.8174633,2026-01-24 20:45:07.000,_20260124_154036_CH02_DUT_TMO-AUTO_UDP DOWNLINK 400MB_NJ DUT REF_L3.dml,,,,N41(100)+N41(40),NR SA,378,-93.300000,0.080000,0.026000,52.727833,,,,,,179.650,,,,,0.200,,,,
340,1,,,-73.9598450,40.8174633,2026-01-24 20:45:08.000,_20260124_154036_CH02_DUT_TMO-AUTO_UDP DOWNLINK 400MB_NJ DUT REF_L3.dml,,,,N41(100)+N41(40),NR SA,378,-94.050000,-0.050000,0.032000,53.749855,,,,,,204.369,,,,,0.176,,,,
341,1,,,-73.9598450,40.8174633,2026-01-24 20:45:09.000,_20260124_154036_CH02_DUT_TMO-AUTO_UDP DOWNLINK 400MB_NJ DUT REF_L3.dml,,,,N41(100)+N41(40),NR SA,378,-94.180000,-0.650000,0.040000,52.661224,,,,,,209.483,,,,,0.152,,,,
342,1,,,-73.9598450,40.8174633,2026-01-24 20:45:10.000,_20260124_154036_CH02_DUT_TMO-AUTO_UDP DOWNLINK 400MB_NJ DUT REF_L3.dml,,,,N41(100)+N41(40),NR SA,378,-93.890000,0.210000,0.055000,52.237564,,,,,,207.590,,,,,0.176,,,,
343,1,,,-73.9598450,40.8174633,2026-01-24 20:45:11.000,_20260124_154036_CH02_DUT_TMO-AUTO_UDP DOWNLINK 400MB_NJ DUT REF_L3.dml,,,,N41(100)+N41(40),NR SA,378,-93.130000,0.300000,0.082000,51.504314,,,,,,210.669,,,,,0.216,,,,
344,1,,,-73.9598450,40.8174633,2026-01-24 20:45:11.622,_20260124_154036_CH02_DUT_TMO-AUTO_UDP DOWNLINK 400MB_NJ DUT REF_L3.dml,,,,,,,,,,,,,,,,,,,,IPERF_T_End,,,,,
345,1,,,-73.9598450,40.8174633,2026-01-24 20:45:12.000,_20260124_154036_CH02_DUT_TMO-AUTO_UDP DOWNLINK 400MB_NJ DUT REF_L3.dml,,,,N41(100)+N41(40),NR SA,378,-93.290000,0.100000,0.043000,50.936161,,,,,,234.725,,,,,0.184,,,,
346,1,,,-73.9598450,40.8174633,2026-01-24 20:45:13.000,_20260124_154036_CH02_DUT_TMO-AUTO_UDP DOWNLINK 400MB_NJ DUT REF_L3.dml,,,,N41(100)+N41(40),,378,-93.460000,0.100000,,,,,,,,,,,,,,,,,
347,1,,,-73.9598450,40.8174633,2026-01-24 20:45:14.000,_20260124_154036_CH02_DUT_TMO-AUTO_UDP DOWNLINK 400MB_NJ DUT REF_L3.dml,,,,N41(100)+N41(40),,378,-92.880000,0.380000,,,,,,,,,,,,,0.152,,,,
348,1,,,-73.9598450,40.8174633,2026-01-24 20:45:15.000,_20260124_154036_CH02_DUT_TMO-AUTO_UDP DOWNLINK 400MB_NJ DUT REF_L3.dml,,,,N41(100)+N41(40),,378,-92.100000,0.900000,,,,,,,,,,,,,0.000,,,,
349,1,,,-73.9598450,40.8174633,2026-01-24 20:45:16.000,_20260124_154036_CH02_DUT_TMO-AUTO_UDP DOWNLINK 400MB_NJ DUT REF_L3.dml,,,,N41(100)+N41(40),,378,-92.560000,1.000000,,,,,,,,,,,,,,,,,
350,1,,,-73.9598450,40.8174633,2026-01-24 20:45:17.000,_20260124_154036_CH02_DUT_TMO-AUTO_UDP DOWNLINK 400MB_NJ DUT REF_L3.dml,,,,N41(100)+N41(40),,378,-92.600000,0.900000,,,,,,,,,,,,,0.016,,,,
351,1,,,-73.9598450,40.8174633,2026-01-24 20:45:18.000,_20260124_154036_CH02_DUT_TMO-AUTO_UDP DOWNLINK 400MB_NJ DUT REF_L3.dml,,,,N41(100)+N41(40),,378,-93.500000,0.500000,,,,,,,,,,,,,0.000,,,,
352,1,,,-73.9598450,40.8174633,2026-01-24 20:45:19.000,_20260124_154036_CH02_DUT_TMO-AUTO_UDP DOWNLINK 400MB_NJ DUT REF_L3.dml,,,,N41(100)+N41(40),,378,-92.000000,2.430000,,,,,,,,,,,,,0.000,,,,
353,1,,,-73.9598450,40.8174633,2026-01-24 20:45:20.000,_20260124_154036_CH02_DUT_TMO-AUTO_UDP DOWNLINK 400MB_NJ DUT REF_L3.dml,,,,N41(100)+N41(40),,378,-94.110000,0.000000,,,,,,,,,,,,,,,,,
354,1,,,-73.9598450,40.8174633,2026-01-24 20:45:21.000,_20260124_154036_CH02_DUT_TMO-AUTO_UDP DOWNLINK 400MB_NJ DUT REF_L3.dml,,,,N41(100)+N41(40),,378,-92.140000,1.570000,,,,,,,,,,,,,0.000,,,,
355,1,,,-73.9598450,40.8174633,2026-01-24 20:45:22.000,_20260124_154036_CH02_DUT_TMO-AUTO_UDP DOWNLINK 400MB_NJ DUT REF_L3.dml,,,,N41(100)+N41(40),,378,-92.520000,2.430000,,,,,,,,,,,,,0.000,,,,
356,1,,,-73.9598450,40.8174633,2026-01-24 20:45:23.000,_20260124_154036_CH02_DUT_TMO-AUTO_UDP DOWNLINK 400MB_NJ DUT REF_L3.dml,,,,N41(x)+N41(x),,378,-92.280000,2.320000,,,,,,,,,,,,,0.008,,,,
357,1,,,-73.9598450,40.8174633,2026-01-24 20:45:24.000,_20260124_154036_CH02_DUT_TMO-AUTO_UDP DOWNLINK 400MB_NJ DUT REF_L3.dml,,,,N41(x)+N41(x),,378,-92.710000,1.570000,,,,,,,,,,,,,,,,,
358,1,,,-73.9598450,40.8174633,2026-01-24 20:45:25.000,_20260124_154036_CH02_DUT_TMO-AUTO_UDP DOWNLINK 400MB_NJ DUT REF_L3.dml,,,,N41(x),,378,-92.000000,2.000000,,,,,,,,,,,,,,,,,
359,1,,,-73.9598450,40.8174633,2026-01-24 20:45:26.000,_20260124_154036_CH02_DUT_TMO-AUTO_UDP DOWNLINK 400MB_NJ DUT REF_L3.dml,,,,N41(x),,378,-92.000000,3.000000,,,,,,,,,,,,,,,,,
360,1,,,-73.9598450,40.8174633,2026-01-24 20:45:27.000,_20260124_154036_CH02_DUT_TMO-AUTO_UDP DOWNLINK 400MB_NJ DUT REF_L3.dml,,,,,,,,,,,,,,,,,,,,,,,,,
361,1,,,-73.9598450,40.8174633,2026-01-24 20:45:28.000,_20260124_154036_CH02_DUT_TMO-AUTO_UDP DOWNLINK 400MB_NJ DUT REF_L3.dml,,,,N41(x),,378,-93.000000,2.000000,,,,,,,,,,,,,,,,,
362,1,,,-73.9598450,40.8174633,2026-01-24 20:45:29.000,_20260124_154036_CH02_DUT_TMO-AUTO_UDP DOWNLINK 400MB_NJ DUT REF_L3.dml,,,,N41(x),,378,-94.500000,0.500000,,,,,,,,,,,,,,,,,
363,1,,,-73.9598450,40.8174633,2026-01-24 20:45:30.000,_20260124_154036_CH02_DUT_TMO-AUTO_UDP DOWNLINK 400MB_NJ DUT REF_L3.dml,,,,N41(x),,378,-93.000000,1.000000,,,,,,,,,,,,,,,,,
364,1,,,-73.9598450,40.8174633,2026-01-24 20:45:31.000,_20260124_154036_CH02_DUT_TMO-AUTO_UDP DOWNLINK 400MB_NJ DUT REF_L3.dml,,,,,,,,,,,,,,,,,,,,,,,,,
365,1,,,-73.9598450,40.8174633,2026-01-24 20:45:31.623,_20260124_154036_CH02_DUT_TMO-AUTO_UDP DOWNLINK 400MB_NJ DUT REF_L3.dml,,,,,,,,,,,,,,,,,,,,TIMEOUT_Idle,,,,,
366,1,,,-73.9598450,40.8174633,2026-01-24 20:45:31.623,_20260124_154036_CH02_DUT_TMO-AUTO_UDP DOWNLINK 400MB_NJ DUT REF_L3.dml,,,,,,,,,,,,,,,,,,,,Iperf Download Call End,,,,,
367,1,,,-73.9598450,40.8174633,2026-01-24 20:45:31.623,_20260124_154036_CH02_DUT_TMO-AUTO_UDP DOWNLINK 400MB_NJ DUT REF_L3.dml,,,,,,,,,,,,,,,,,,176.766272,,,,,,,
368,1,,,-73.9598450,40.8174633,2026-01-24 20:45:31.623,_20260124_154036_CH02_DUT_TMO-AUTO_UDP DOWNLINK 400MB_NJ DUT REF_L3.dml,,,,,,,,,,,,,,,,,,,,START,,,,,
369,1,,,-73.9598450,40.8174633,2026-01-24 20:45:31.623,_20260124_154036_CH02_DUT_TMO-AUTO_UDP DOWNLINK 400MB_NJ DUT REF_L3.dml,,,,,,,,,,,,,,,,,,,,IPERF_T_Start,,,,,
370,1,,,-73.9598450,40.8174633,2026-01-24 20:45:31.623,_20260124_154036_CH02_DUT_TMO-AUTO_UDP DOWNLINK 400MB_NJ DUT REF_L3.dml,,,,,,,,,,,,,,,,,,,,Iperf Download Call Start,,,,,
371,1,,,-73.9598450,40.8174633,2026-01-24 20:45:32.000,_20260124_154036_CH02_DUT_TMO-AUTO_UDP DOWNLINK 400MB_NJ DUT REF_L3.dml,,,,,,,,,,,,,,,,,,,,,,,,,
372,1,,,-73.9598450,40.8174633,2026-01-24 20:45:32.794,_20260124_154036_CH02_DUT_TMO-AUTO_UDP DOWNLINK 400MB_NJ DUT REF_L3.dml,,,,,,,,,,,,,,,,,,,,Iperf Download Start,,,,,
373,1,,,-73.9598450,40.8174633,2026-01-24 20:45:33.000,_20260124_154036_CH02_DUT_TMO-AUTO_UDP DOWNLINK 400MB_NJ DUT REF_L3.dml,,,,N41(100)+N41(x),NR SA,378,-95.770000,-0.540000,,,,,,,,,,,,,,,,,
374,1,,,-73.9598450,40.8174633,2026-01-24 20:45:34.000,_20260124_154036_CH02_DUT_TMO-AUTO_UDP DOWNLINK 400MB_NJ DUT REF_L3.dml,,,,N41(100)+N41(40),NR SA,378,-93.220000,1.560000,,,,,,,,,,,,,0.136,,,,
375,1,,,-73.9598450,40.8174633,2026-01-24 20:45:35.000,_20260124_154036_CH02_DUT_TMO-AUTO_UDP DOWNLINK 400MB_NJ DUT REF_L3.dml,,,,N41(100)+N41(40),NR SA,378,-92.380000,2.300000,0.071000,11.961722,,,,,,120.115,,,,,0.200,,,,
376,1,,,-73.9598450,40.8174633,2026-01-24 20:45:36.000,_20260124_154036_CH02_DUT_TMO-AUTO_UDP DOWNLINK 400MB_NJ DUT REF_L3.dml,,,,N41(100)+N41(40),NR SA,378,-91.570000,2.670000,0.099000,28.407612,,,,,,137.316,,,,,0.184,,,,
377,1,,,-73.9598450,40.8174633,2026-01-24 20:45:37.000,_20260124_154036_CH02_DUT_TMO-AUTO_UDP DOWNLINK 400MB_NJ DUT REF_L3.dml,,,,N41(100)+N41(40),NR SA,378,-92.570000,1.770000,0.032000,32.979519,,,,,,171.914,,,,,0.176,,,,
378,1,,,-73.9598450,40.8174633,2026-01-24 20:45:38.000,_20260124_154036_CH02_DUT_TMO-AUTO_UDP DOWNLINK 400MB_NJ DUT REF_L3.dml,,,,N41(100)+N41(40),NR SA,378,-92.720000,1.850000,0.047000,45.293579,,,,,,183.121,,,,,0.176,,,,
379,1,,,-73.9598450,40.8174633,2026-01-24 20:45:39.000,_20260124_154036_CH02_DUT_TMO-AUTO_UDP DOWNLINK 400MB_NJ DUT REF_L3.dml,,,,N41(100)+N41(40),NR SA,378,-93.960000,1.060000,0.111000,46.345329,,,,,,219.558,,,,,0.184,,,,
380,1,,,-73.9598450,40.8174633,2026-01-24 20:45:40.000,_20260124_154036_CH02_DUT_TMO-AUTO_UDP DOWNLINK 400MB_NJ DUT REF_L3.dml,,,,N41(100)+N41(40),NR SA,378,-92.340000,2.760000,0.265000,46.727283,,,,,,224.204,,,,,0.192,,,,
381,1,,,-73.9598450,40.8174633,2026-01-24 20:45:41.000,_20260124_154036_CH02_DUT_TMO-AUTO_UDP DOWNLINK 400MB_NJ DUT REF_L3.dml,,,,N41(100)+N41(40),NR SA,378,-92.690000,2.730000,0.042000,47.221630,,,,,,213.900,,,,,0.128,,,,
382,1,,,-73.9598450,40.8174633,2026-01-24 20:45:42.000,_20260124_154036_CH02_DUT_TMO-AUTO_UDP DOWNLINK 400MB_NJ DUT REF_L3.dml,,,,N41(100)+N41(40),NR SA,378,-92.060000,3.190000,0.181000,46.783405,,,,,,206.872,,,,,0.104,,,,
383,1,,,-73.9598450,40.8174633,2026-01-24 20:45:43.000,_20260124_154036_CH02_DUT_TMO-AUTO_UDP DOWNLINK 400MB_NJ DUT REF_L3.dml,,,,N41(100)+N41(40),NR SA,378,-92.980000,1.730000,0.029000,46.048214,,,,,,255.473,,,,,0.128,,,,
384,1,,,-73.9598450,40.8174633,2026-01-24 20:45:43.200,_20260124_154036_CH02_DUT_TMO-AUTO_UDP DOWNLINK 400MB_NJ DUT REF_L3.dml,,,,,,,,,,,,,,,,,,,,IPERF_T_End,,,,,
385,1,,,-73.9598450,40.8174633,2026-01-24 20:45:44.000,_20260124_154036_CH02_DUT_TMO-AUTO_UDP DOWNLINK 400MB_NJ DUT REF_L3.dml,,,,N41(100)+N41(40),NR SA,378,-93.270000,1.630000,0.038000,45.530357,,,,,,220.363,,,,,0.144,,,,
386,1,,,-73.9598450,40.8174633,2026-01-24 20:45:45.000,_20260124_154036_CH02_DUT_TMO-AUTO_UDP DOWNLINK 400MB_NJ DUT REF_L3.dml,,,,N41(100)+N41(40),,378,-93.930000,1.000000,,,,,,,,,,,,,,,,,
387,1,,,-73.9598450,40.8174633,2026-01-24 20:45:46.000,_20260124_154036_CH02_DUT_TMO-AUTO_UDP DOWNLINK 400MB_NJ DUT REF_L3.dml,,,,N41(100)+N41(40),,378,-94.000000,1.500000,,,,,,,,,,,,,0.072,,,,
388,1,,,-73.9598450,40.8174633,2026-01-24 20:45:47.000,_20260124_154036_CH02_DUT_TMO-AUTO_UDP DOWNLINK 400MB_NJ DUT REF_L3.dml,,,,N41(100)+N41(40),,378,-92.330000,2.670000,,,,,,,,,,,,,0.004,,,,
389,1,,,-73.9598450,40.8174633,2026-01-24 20:45:48.000,_20260124_154036_CH02_DUT_TMO-AUTO_UDP DOWNLINK 400MB_NJ DUT REF_L3.dml,,,,N41(100)+N41(40),,378,-92.620000,2.240000,,,,,,,,,,,,,,,,,
390,1,,,-73.9598450,40.8174633,2026-01-24 20:45:49.000,_20260124_154036_CH02_DUT_TMO-AUTO_UDP DOWNLINK 400MB_NJ DUT REF_L3.dml,,,,N41(100)+N41(40),,378,-93.000000,2.430000,,,,,,,,,,,,,0.016,,,,
391,1,,,-73.9598450,40.8174633,2026-01-24 20:45:50.000,_20260124_154036_CH02_DUT_TMO-AUTO_UDP DOWNLINK 400MB_NJ DUT REF_L3.dml,,,,N41(100)+N41(40),,378,-92.000000,2.500000,,,,,,,,,,,,,0.000,,,,
392,1,,,-73.9598450,40.8174633,2026-01-24 20:45:51.000,_20260124_154036_CH02_DUT_TMO-AUTO_UDP DOWNLINK 400MB_NJ DUT REF_L3.dml,,,,N41(100)+N41(40),,378,-92.640000,1.790000,,,,,,,,,,,,,,,,,
393,1,,,-73.9598450,40.8174633,2026-01-24 20:45:52.000,_20260124_154036_CH02_DUT_TMO-AUTO_UDP DOWNLINK 400MB_NJ DUT REF_L3.dml,,,,N41(100)+N41(40),,378,-92.620000,2.500000,,,,,,,,,,,,,0.000,,,,
394,1,,,-73.9598450,40.8174633,2026-01-24 20:45:53.000,_20260124_154036_CH02_DUT_TMO-AUTO_UDP DOWNLINK 400MB_NJ DUT REF_L3.dml,,,,N41(100)+N41(40),,378,-92.430000,3.210000,,,,,,,,,,,,,0.000,,,,
395,1,,,-73.9598450,40.8174633,2026-01-24 20:45:54.000,_20260124_154036_CH02_DUT_TMO-AUTO_UDP DOWNLINK 400MB_NJ DUT REF_L3.dml,,,,N41(100)+N41(40),,378,-92.670000,2.940000,,,,,,,,,,,,,,,,,
396,1,,,-73.9598450,40.8174633,2026-01-24 20:45:55.000,_20260124_154036_CH02_DUT_TMO-AUTO_UDP DOWNLINK 400MB_NJ DUT REF_L3.dml,,,,N41(x)+N41(x),,378,-93.000000,3.000000,,,,,,,,,,,,,,,,,
397,1,,,-73.9598450,40.8174633,2026-01-24 20:45:56.000,_20260124_154036_CH02_DUT_TMO-AUTO_UDP DOWNLINK 400MB_NJ DUT REF_L3.dml,,,,N41(x)+N41(x),,378,-93.400000,2.000000,,,,,,,,,,,,,,,,,
398,1,,,-73.9598450,40.8174633,2026-01-24 20:45:57.000,_20260124_154036_CH02_DUT_TMO-AUTO_UDP DOWNLINK 400MB_NJ DUT REF_L3.dml,,,,,,,,,,,,,,,,,,,,,,,,,
399,1,,,-73.9598450,40.8174633,2026-01-24 20:45:58.000,_20260124_154036_CH02_DUT_TMO-AUTO_UDP DOWNLINK 400MB_NJ DUT REF_L3.dml,,,,N41(x),,378,-93.000000,-2.000000,,,,,,,,,,,,,,,,,
400,1,,,-73.9598450,40.8174633,2026-01-24 20:45:59.000,_20260124_154036_CH02_DUT_TMO-AUTO_UDP DOWNLINK 400MB_NJ DUT REF_L3.dml,,,,,,,,,,,,,,,,,,,,,,,,,
401,1,,,-73.9598450,40.8174633,2026-01-24 20:46:00.000,_20260124_154036_CH02_DUT_TMO-AUTO_UDP DOWNLINK 400MB_NJ DUT REF_L3.dml,,,,N41(x),,378,-94.000000,-2.000000,,,,,,,,,,,,,,,,,
402,1,,,-73.9598450,40.8174633,2026-01-24 20:46:01.000,_20260124_154036_CH02_DUT_TMO-AUTO_UDP DOWNLINK 400MB_NJ DUT REF_L3.dml,,,,N41(x),,378,-94.000000,-2.000000,,,,,,,,,,,,,,,,,
403,1,,,-73.9598450,40.8174633,2026-01-24 20:46:02.000,_20260124_154036_CH02_DUT_TMO-AUTO_UDP DOWNLINK 400MB_NJ DUT REF_L3.dml,,,,,,,,,,,,,,,,,,,,,,,,,
404,1,,,-73.9598450,40.8174633,2026-01-24 20:46:03.000,_20260124_154036_CH02_DUT_TMO-AUTO_UDP DOWNLINK 400MB_NJ DUT REF_L3.dml,,,,,,,,,,,,,,,,,,,,,,,,,
405,1,,,-73.9598450,40.8174633,2026-01-24 20:46:03.200,_20260124_154036_CH02_DUT_TMO-AUTO_UDP DOWNLINK 400MB_NJ DUT REF_L3.dml,,,,,,,,,,,,,,,,,,,,TIMEOUT_Idle,,,,,
406,1,,,-73.9598450,40.8174633,2026-01-24 20:46:03.200,_20260124_154036_CH02_DUT_TMO-AUTO_UDP DOWNLINK 400MB_NJ DUT REF_L3.dml,,,,,,,,,,,,,,,,,,,,Iperf Download Call End,,,,,
407,1,,,-73.9598450,40.8174633,2026-01-24 20:46:03.200,_20260124_154036_CH02_DUT_TMO-AUTO_UDP DOWNLINK 400MB_NJ DUT REF_L3.dml,,,,,,,,,,,,,,,,,,195.284032,,,,,,,
408,1,,,-73.9598450,40.8174633,2026-01-24 20:46:03.200,_20260124_154036_CH02_DUT_TMO-AUTO_UDP DOWNLINK 400MB_NJ DUT REF_L3.dml,,,,,,,,,,,,,,,,,,,,START,,,,,
409,1,,,-73.9598450,40.8174633,2026-01-24 20:46:03.200,_20260124_154036_CH02_DUT_TMO-AUTO_UDP DOWNLINK 400MB_NJ DUT REF_L3.dml,,,,,,,,,,,,,,,,,,,,IPERF_T_Start,,,,,
410,1,,,-73.9598450,40.8174633,2026-01-24 20:46:03.200,_20260124_154036_CH02_DUT_TMO-AUTO_UDP DOWNLINK 400MB_NJ DUT REF_L3.dml,,,,,,,,,,,,,,,,,,,,Iperf Download Call Start,,,,,
411,1,,,-73.9598450,40.8174633,2026-01-24 20:46:04.000,_20260124_154036_CH02_DUT_TMO-AUTO_UDP DOWNLINK 400MB_NJ DUT REF_L3.dml,,,,N41(100),,378,-94.000000,-1.000000,,,,,,,,,,,,,0.016,,,,
412,1,,,-73.9598450,40.8174633,2026-01-24 20:46:04.372,_20260124_154036_CH02_DUT_TMO-AUTO_UDP DOWNLINK 400MB_NJ DUT REF_L3.dml,,,,,,,,,,,,,,,,,,,,Iperf Download Start,,,,,
413,1,,,-73.9598450,40.8174633,2026-01-24 20:46:05.000,_20260124_154036_CH02_DUT_TMO-AUTO_UDP DOWNLINK 400MB_NJ DUT REF_L3.dml,,,,N41(100)+N41(x),NR SA,378,-93.920000,0.650000,,,,,,,,,,,,,0.096,,,,
414,1,,,-73.9598450,40.8174633,2026-01-24 20:46:06.000,_20260124_154036_CH02_DUT_TMO-AUTO_UDP DOWNLINK 400MB_NJ DUT REF_L3.dml,,,,N41(100)+N41(40),NR SA,378,-94.040000,-0.200000,0.051000,19.794390,,,,,,100.161,,,,,0.112,,,,
415,1,,,-73.9598450,40.8174633,2026-01-24 20:46:07.000,_20260124_154036_CH02_DUT_TMO-AUTO_UDP DOWNLINK 400MB_NJ DUT REF_L3.dml,,,,N41(100)+N41(40),NR SA,378,-94.330000,0.000000,0.083000,33.711800,,,,,,111.998,,,,,0.120,,,,
416,1,,,-73.9598450,40.8174633,2026-01-24 20:46:08.000,_20260124_154036_CH02_DUT_TMO-AUTO_UDP DOWNLINK 400MB_NJ DUT REF_L3.dml,,,,N41(100)+N41(40),NR SA,378,-94.430000,0.070000,0.032000,36.949108,,,,,,141.799,,,,,0.136,,,,
417,1,,,-73.9598450,40.8174633,2026-01-24 20:46:09.000,_20260124_154036_CH02_DUT_TMO-AUTO_UDP DOWNLINK 400MB_NJ DUT REF_L3.dml,,,,N41(100)+N41(40),NR SA,378,-93.230000,0.100000,0.028000,51.372639,,,,,,184.111,,,,,0.120,,,,
418,1,,,-73.9598450,40.8174633,2026-01-24 20:46:10.000,_20260124_154036_CH02_DUT_TMO-AUTO_UDP DOWNLINK 400MB_NJ DUT REF_L3.dml,,,,N41(100)+N41(40),NR SA,378,-94.080000,-0.250000,0.029000,51.881836,,,,,,215.989,,,,,0.120,,,,
419,1,,,-73.9598450,40.8174633,2026-01-24 20:46:11.000,_20260124_154036_CH02_DUT_TMO-AUTO_UDP DOWNLINK 400MB_NJ DUT REF_L3.dml,,,,N41(100)+N41(40),NR SA,378,-93.740000,-0.430000,0.028000,50.877357,,,,,,216.947,,,,,0.128,,,,
420,1,,,-73.9598450,40.8174633,2026-01-24 20:46:12.000,_20260124_154036_CH02_DUT_TMO-AUTO_UDP DOWNLINK 400MB_NJ DUT REF_L3.dml,,,,N41(100)+N41(40),NR SA,378,-94.440000,-0.920000,0.050000,50.231449,,,,,,219.808,,,,,0.112,,,,
421,1,,,-73.9598450,40.8174633,2026-01-24 20:46:13.000,_20260124_154036_CH02_DUT_TMO-AUTO_UDP DOWNLINK 400MB_NJ DUT REF_L3.dml,,,,N41(100)+N41(40),NR SA,378,-93.720000,0.060000,0.028000,49.438622,,,,,,219.786,,,,,0.120,,,,
422,1,,,-73.9598450,40.8174633,2026-01-24 20:46:14.000,_20260124_154036_CH02_DUT_TMO-AUTO_UDP DOWNLINK 400MB_NJ DUT REF_L3.dml,,,,N41(100)+N41(40),NR SA,378,-94.120000,0.000000,0.030000,48.637234,,,,,,223.518,,,,,0.128,,,,
423,1,,,-73.9598450,40.8174633,2026-01-24 20:46:14.794,_20260124_154036_CH02_DUT_TMO-AUTO_UDP DOWNLINK 400MB_NJ DUT REF_L3.dml,,,,,,,,,,,,,,,,,,,,IPERF_T_End,,,,,
424,1,,,-73.9598450,40.8174633,2026-01-24 20:46:15.000,_20260124_154036_CH02_DUT_TMO-AUTO_UDP DOWNLINK 400MB_NJ DUT REF_L3.dml,,,,N41(100)+N41(40),NR SA,378,-92.690000,0.460000,0.028000,48.051254,,,,,,235.290,,,,,0.120,,,,
425,1,,,-73.9598450,40.8174633,2026-01-24 20:46:16.000,_20260124_154036_CH02_DUT_TMO-AUTO_UDP DOWNLINK 400MB_NJ DUT REF_L3.dml,,,,N41(100)+N41(40),,378,-93.540000,0.260000,,,,,,,,,,,,,,,,,
426,1,,,-73.9598450,40.8174633,2026-01-24 20:46:17.000,_20260124_154036_CH02_DUT_TMO-AUTO_UDP DOWNLINK 400MB_NJ DUT REF_L3.dml,,,,N41(100)+N41(40),,378,-93.000000,0.250000,,,,,,,,,,,,,0.072,,,,
427,1,,,-73.9598450,40.8174633,2026-01-24 20:46:18.000,_20260124_154036_CH02_DUT_TMO-AUTO_UDP DOWNLINK 400MB_NJ DUT REF_L3.dml,,,,N41(100)+N41(40),,378,-93.880000,0.410000,,,,,,,,,,,,,,,,,
428,1,,,-73.9598450,40.8174633,2026-01-24 20:46:19.000,_20260124_154036_CH02_DUT_TMO-AUTO_UDP DOWNLINK 400MB_NJ DUT REF_L3.dml,,,,N41(100)+N41(40),,378,-92.500000,1.180000,,,,,,,,,,,,,,,,,
429,1,,,-73.9598450,40.8174633,2026-01-24 20:46:20.000,_20260124_154036_CH02_DUT_TMO-AUTO_UDP DOWNLINK 400MB_NJ DUT REF_L3.dml,,,,N41(100)+N41(40),,378,-92.220000,1.110000,,,,,,,,,,,,,0.008,,,,
430,1,,,-73.9598450,40.8174633,2026-01-24 20:46:21.000,_20260124_154036_CH02_DUT_TMO-AUTO_UDP DOWNLINK 400MB_NJ DUT REF_L3.dml,,,,N41(100)+N41(40),,378,-92.000000,0.000000,,,,,,,,,,,,,0.000,,,,
431,1,,,-73.9598450,40.8174633,2026-01-24 20:46:22.000,_20260124_154036_CH02_DUT_TMO-AUTO_UDP DOWNLINK 400MB_NJ DUT REF_L3.dml,,,,N41(100)+N41(40),,378,-91.000000,2.000000,,,,,,,,,,,,,0.000,,,,
432,1,,,-73.9598450,40.8174633,2026-01-24 20:46:23.000,_20260124_154036_CH02_DUT_TMO-AUTO_UDP DOWNLINK 400MB_NJ DUT REF_L3.dml,,,,N41(100)+N41(40),,378,-92.430000,1.000000,,,,,,,,,,,,,,,,,
433,1,,,-73.9598450,40.8174633,2026-01-24 20:46:24.000,_20260124_154036_CH02_DUT_TMO-AUTO_UDP DOWNLINK 400MB_NJ DUT REF_L3.dml,,,,N41(100)+N41(40),,378,-93.130000,0.500000,,,,,,,,,,,,,0.000,,,,
434,1,,,-73.9598450,40.8174633,2026-01-24 20:46:25.000,_20260124_154036_CH02_DUT_TMO-AUTO_UDP DOWNLINK 400MB_NJ DUT REF_L3.dml,,,,N41(100)+N41(40),,378,-93.000000,0.270000,,,,,,,,,,,,,0.120,,,,
435,1,,,-73.9598450,40.8174633,2026-01-24 20:46:26.000,_20260124_154036_CH02_DUT_TMO-AUTO_UDP DOWNLINK 400MB_NJ DUT REF_L3.dml,,,,N41(100)+N41(40),,378,-93.080000,1.560000,,,,,,,,,,,,,,,,,
436,1,,,-73.9598450,40.8174633,2026-01-24 20:46:27.000,_20260124_154036_CH02_DUT_TMO-AUTO_UDP DOWNLINK 400MB_NJ DUT REF_L3.dml,,,,N41(100)+N41(40),,378,-92.470000,2.890000,,,,,,,,,,,,,0.640,,,,
437,1,,,-73.9598450,40.8174633,2026-01-24 20:46:28.000,_20260124_154036_CH02_DUT_TMO-AUTO_UDP DOWNLINK 400MB_NJ DUT REF_L3.dml,,,,N41(100)+N41(40),,378,-92.500000,1.500000,,,,,,,,,,,,,0.000,,,,
438,1,,,-73.9598450,40.8174633,2026-01-24 20:46:29.000,_20260124_154036_CH02_DUT_TMO-AUTO_UDP DOWNLINK 400MB_NJ DUT REF_L3.dml,,,,N41(100)+N41(40),,378,-93.000000,2.500000,,,,,,,,,,,,,,,,,
439,1,,,-73.9598450,40.8174633,2026-01-24 20:46:30.000,_20260124_154036_CH02_DUT_TMO-AUTO_UDP DOWNLINK 400MB_NJ DUT REF_L3.dml,,,,N41(100)+N41(40),,378,-93.000000,3.000000,,,,,,,,,,,,,0.000,,,,
440,1,,,-73.9598450,40.8174633,2026-01-24 20:46:31.000,_20260124_154036_CH02_DUT_TMO-AUTO_UDP DOWNLINK 400MB_NJ DUT REF_L3.dml,,,,N41(100)+N41(40),,378,-93.000000,2.330000,,,,,,,,,,,,,0.000,,,,
441,1,,,-73.9598450,40.8174633,2026-01-24 20:46:32.000,_20260124_154036_CH02_DUT_TMO-AUTO_UDP DOWNLINK 400MB_NJ DUT REF_L3.dml,,,,N41(100)+N41(40),,378,-93.110000,1.890000,,,,,,,,,,,,,0.000,,,,
442,1,,,-73.9598450,40.8174633,2026-01-24 20:46:33.000,_20260124_154036_CH02_DUT_TMO-AUTO_UDP DOWNLINK 400MB_NJ DUT REF_L3.dml,,,,N41(100)+N41(40),,378,-93.000000,1.710000,,,,,,,,,,,,,0.016,,,,
443,1,,,-73.9598450,40.8174633,2026-01-24 20:46:34.000,_20260124_154036_CH02_DUT_TMO-AUTO_UDP DOWNLINK 400MB_NJ DUT REF_L3.dml,,,,N41(100)+N41(40),,378,-93.000000,0.000000,,,,,,,,,,,,,,,,,
444,1,,,-73.9598450,40.8174633,2026-01-24 20:46:34.809,_20260124_154036_CH02_DUT_TMO-AUTO_UDP DOWNLINK 400MB_NJ DUT REF_L3.dml,,,,,,,,,,,,,,,,,,,,TIMEOUT_Idle,,,,,
445,1,,,-73.9598450,40.8174633,2026-01-24 20:46:34.809,_20260124_154036_CH02_DUT_TMO-AUTO_UDP DOWNLINK 400MB_NJ DUT REF_L3.dml,,,,,,,,,,,,,,,,,,,,Iperf Download Call End,,,,,
446,1,,,-73.9598450,40.8174633,2026-01-24 20:46:34.809,_20260124_154036_CH02_DUT_TMO-AUTO_UDP DOWNLINK 400MB_NJ DUT REF_L3.dml,,,,,,,,,,,,,,,,,,186.941248,,,,,,,
447,1,,,-73.9598450,40.8174633,2026-01-24 20:46:34.809,_20260124_154036_CH02_DUT_TMO-AUTO_UDP DOWNLINK 400MB_NJ DUT REF_L3.dml,,,,,,,,,,,,,,,,,,,,START,,,,,
448,1,,,-73.9598450,40.8174633,2026-01-24 20:46:34.809,_20260124_154036_CH02_DUT_TMO-AUTO_UDP DOWNLINK 400MB_NJ DUT REF_L3.dml,,,,,,,,,,,,,,,,,,,,IPERF_T_Start,,,,,
449,1,,,-73.9598450,40.8174633,2026-01-24 20:46:34.809,_20260124_154036_CH02_DUT_TMO-AUTO_UDP DOWNLINK 400MB_NJ DUT REF_L3.dml,,,,,,,,,,,,,,,,,,,,Iperf Download Call Start,,,,,
450,1,,,-73.9598450,40.8174633,2026-01-24 20:46:35.000,_20260124_154036_CH02_DUT_TMO-AUTO_UDP DOWNLINK 400MB_NJ DUT REF_L3.dml,,,,N41(100)+N41(40),,378,-93.000000,3.000000,,,,,,,,,,,,,0.000,,,,
451,1,,,-73.9598450,40.8174633,2026-01-24 20:46:36.000,_20260124_154036_CH02_DUT_TMO-AUTO_UDP DOWNLINK 400MB_NJ DUT REF_L3.dml,,,,N41(100)+N41(40),,378,-93.380000,0.500000,,,,,,,,,,,,,0.000,,,,
452,1,,,-73.9598450,40.8174633,2026-01-24 20:46:35.997,_20260124_154036_CH02_DUT_TMO-AUTO_UDP DOWNLINK 400MB_NJ DUT REF_L3.dml,,,,,,,,,,,,,,,,,,,,Iperf Download Start,,,,,
453,1,,,-73.9598450,40.8174633,2026-01-24 20:46:37.000,_20260124_154036_CH02_DUT_TMO-AUTO_UDP DOWNLINK 400MB_NJ DUT REF_L3.dml,,,,N41(100)+N41(40),NR SA,378,-93.520000,1.720000,,,,,,,,,,,,,0.048,,,,
454,1,,,-73.9598450,40.8174633,2026-01-24 20:46:38.000,_20260124_154036_CH02_DUT_TMO-AUTO_UDP DOWNLINK 400MB_NJ DUT REF_L3.dml,,,,N41(100)+N41(40),NR SA,378,-93.000000,2.130000,0.144000,20.679739,,,,,,99.029,,,,,0.096,,,,
455,1,,,-73.9598450,40.8174633,2026-01-24 20:46:39.000,_20260124_154036_CH02_DUT_TMO-AUTO_UDP DOWNLINK 400MB_NJ DUT REF_L3.dml,,,,N41(100)+N41(40),NR SA,378,-93.370000,1.650000,0.056000,30.799810,,,,,,154.757,,,,,0.104,,,,
456,1,,,-73.9598450,40.8174633,2026-01-24 20:46:40.000,_20260124_154036_CH02_DUT_TMO-AUTO_UDP DOWNLINK 400MB_NJ DUT REF_L3.dml,,,,N41(100)+N41(40),NR SA,378,-93.110000,2.870000,0.053000,37.268169,,,,,,183.034,,,,,0.120,,,,
457,1,,,-73.9598450,40.8174633,2026-01-24 20:46:41.000,_20260124_154036_CH02_DUT_TMO-AUTO_UDP DOWNLINK 400MB_NJ DUT REF_L3.dml,,,,N41(100)+N41(40),NR SA,378,-93.080000,1.610000,0.053000,43.366222,,,,,,205.196,,,,,0.104,,,,
458,1,,,-73.9598450,40.8174633,2026-01-24 20:46:42.000,_20260124_154036_CH02_DUT_TMO-AUTO_UDP DOWNLINK 400MB_NJ DUT REF_L3.dml,,,,N41(100)+N41(40),NR SA,378,-93.140000,1.780000,0.049000,45.887756,,,,,,132.376,,,,,0.128,,,,
459,1,,,-73.9598450,40.8174633,2026-01-24 20:46:43.000,_20260124_154036_CH02_DUT_TMO-AUTO_UDP DOWNLINK 400MB_NJ DUT REF_L3.dml,,,,N41(100)+N41(40),NR SA,378,-93.510000,1.400000,0.100000,48.837654,,,,,,124.967,,,,,0.128,,,,
460,1,,,-73.9598450,40.8174633,2026-01-24 20:46:44.000,_20260124_154036_CH02_DUT_TMO-AUTO_UDP DOWNLINK 400MB_NJ DUT REF_L3.dml,,,,N41(100)+N41(40),NR SA,378,-93.120000,1.840000,0.047000,52.122734,,,,,,179.498,,,,,0.128,,,,
461,1,,,-73.9598450,40.8174633,2026-01-24 20:46:45.000,_20260124_154036_CH02_DUT_TMO-AUTO_UDP DOWNLINK 400MB_NJ DUT REF_L3.dml,,,,N41(100)+N41(40),NR SA,378,-93.720000,1.560000,0.058000,53.803009,,,,,,159.576,,,,,0.128,,,,
462,1,,,-73.9598450,40.8174633,2026-01-24 20:46:46.000,_20260124_154036_CH02_DUT_TMO-AUTO_UDP DOWNLINK 400MB_NJ DUT REF_L3.dml,,,,N41(100)+N41(40),NR SA,378,-94.080000,0.950000,0.064000,53.825245,,,,,,190.193,,,,,0.128,,,,
463,1,,,-73.9598450,40.8174633,2026-01-24 20:46:46.215,_20260124_154036_CH02_DUT_TMO-AUTO_UDP DOWNLINK 400MB_NJ DUT REF_L3.dml,,,,,,,,,,,,,,,,,,,,IPERF_T_End,,,,,
464,1,,,-73.9598450,40.8174633,2026-01-24 20:46:47.000,_20260124_154036_CH02_DUT_TMO-AUTO_UDP DOWNLINK 400MB_NJ DUT REF_L3.dml,,,,N41(100)+N41(40),NR SA,378,-93.040000,2.290000,0.038000,53.928101,,,,,,171.642,,,,,0.136,,,,
465,1,,,-73.9598450,40.8174633,2026-01-24 20:46:48.000,_20260124_154036_CH02_DUT_TMO-AUTO_UDP DOWNLINK 400MB_NJ DUT REF_L3.dml,,,,N41(100)+N41(40),,378,-93.780000,1.780000,,,,,,,,,,,,,0.144,,,,
466,1,,,-73.9598450,40.8174633,2026-01-24 20:46:49.000,_20260124_154036_CH02_DUT_TMO-AUTO_UDP DOWNLINK 400MB_NJ DUT REF_L3.dml,,,,N41(100)+N41(40),,378,-93.000000,2.860000,,,,,,,,,,,,,0.032,,,,
467,1,,,-73.9598450,40.8174633,2026-01-24 20:46:50.000,_20260124_154036_CH02_DUT_TMO-AUTO_UDP DOWNLINK 400MB_NJ DUT REF_L3.dml,,,,N41(100)+N41(40),,378,-93.140000,1.860000,,,,,,,,,,,,,0.000,,,,
468,1,,,-73.9598450,40.8174633,2026-01-24 20:46:51.000,_20260124_154036_CH02_DUT_TMO-AUTO_UDP DOWNLINK 400MB_NJ DUT REF_L3.dml,,,,N41(100)+N41(40),,378,-93.200000,2.000000,,,,,,,,,,,,,,,,,
469,1,,,-73.9598450,40.8174633,2026-01-24 20:46:52.000,_20260124_154036_CH02_DUT_TMO-AUTO_UDP DOWNLINK 400MB_NJ DUT REF_L3.dml,,,,N41(100)+N41(40),,378,-93.670000,1.730000,,,,,,,,,,,,,0.000,,,,
470,1,,,-73.9598450,40.8174633,2026-01-24 20:46:53.000,_20260124_154036_CH02_DUT_TMO-AUTO_UDP DOWNLINK 400MB_NJ DUT REF_L3.dml,,,,N41(100)+N41(40),,378,-93.320000,1.840000,,,,,,,,,,,,,0.008,,,,
471,1,,,-73.9598450,40.8174633,2026-01-24 20:46:54.000,_20260124_154036_CH02_DUT_TMO-AUTO_UDP DOWNLINK 400MB_NJ DUT REF_L3.dml,,,,N41(100)+N41(40),,378,-93.370000,2.070000,,,,,,,,,,,,,0.008,,,,
472,1,,,-73.9598450,40.8174633,2026-01-24 20:46:55.000,_20260124_154036_CH02_DUT_TMO-AUTO_UDP DOWNLINK 400MB_NJ DUT REF_L3.dml,,,,N41(100)+N41(40),,378,-93.000000,2.000000,,,,,,,,,,,,,0.000,,,,
473,1,,,-73.9598450,40.8174633,2026-01-24 20:46:56.000,_20260124_154036_CH02_DUT_TMO-AUTO_UDP DOWNLINK 400MB_NJ DUT REF_L3.dml,,,,N41(100)+N41(40),,378,-92.330000,1.670000,,,,,,,,,,,,,0.000,,,,
474,1,,,-73.9598450,40.8174633,2026-01-24 20:46:57.000,_20260124_154036_CH02_DUT_TMO-AUTO_UDP DOWNLINK 400MB_NJ DUT REF_L3.dml,,,,N41(100)+N41(40),,378,-93.000000,1.400000,,,,,,,,,,,,,0.000,,,,
475,1,,,-73.9598450,40.8174633,2026-01-24 20:46:58.000,_20260124_154036_CH02_DUT_TMO-AUTO_UDP DOWNLINK 400MB_NJ DUT REF_L3.dml,,,,N41(100)+N41(40),,378,-92.860000,2.230000,,,,,,,,,,,,,,,,,
476,1,,,-73.9598450,40.8174633,2026-01-24 20:46:59.000,_20260124_154036_CH02_DUT_TMO-AUTO_UDP DOWNLINK 400MB_NJ DUT REF_L3.dml,,,,N41(100)+N41(40),,378,-93.000000,2.100000,,,,,,,,,,,,,,,,,
477,1,,,-73.9598450,40.8174633,2026-01-24 20:47:00.000,_20260124_154036_CH02_DUT_TMO-AUTO_UDP DOWNLINK 400MB_NJ DUT REF_L3.dml,,,,N41(x)+N41(x),,378,-93.000000,1.000000,,,,,,,,,,,,,0.000,,,,
478,1,,,-73.9598450,40.8174633,2026-01-24 20:47:01.000,_20260124_154036_CH02_DUT_TMO-AUTO_UDP DOWNLINK 400MB_NJ DUT REF_L3.dml,,,,,,,,,,,,,,,,,,,,,,,,,
479,1,,,-73.9598450,40.8174633,2026-01-24 20:47:02.000,_20260124_154036_CH02_DUT_TMO-AUTO_UDP DOWNLINK 400MB_NJ DUT REF_L3.dml,,,,N41(x),,378,-94.000000,1.000000,,,,,,,,,,,,,,,,,
480,1,,,-73.9598450,40.8174633,2026-01-24 20:47:03.000,_20260124_154036_CH02_DUT_TMO-AUTO_UDP DOWNLINK 400MB_NJ DUT REF_L3.dml,,,,,,,,,,,,,,,,,,,,,,,,,
481,1,,,-73.9598450,40.8174633,2026-01-24 20:47:04.000,_20260124_154036_CH02_DUT_TMO-AUTO_UDP DOWNLINK 400MB_NJ DUT REF_L3.dml,,,,,,,,,,,,,,,,,,,,,,,,,
482,1,,,-73.9598450,40.8174633,2026-01-24 20:47:05.000,_20260124_154036_CH02_DUT_TMO-AUTO_UDP DOWNLINK 400MB_NJ DUT REF_L3.dml,,,,,,,,,,,,,,,,,,,,,,,,,
483,1,,,-73.9598450,40.8174633,2026-01-24 20:47:06.000,_20260124_154036_CH02_DUT_TMO-AUTO_UDP DOWNLINK 400MB_NJ DUT REF_L3.dml,,,,N41(x),,378,-93.000000,2.000000,,,,,,,,,,,,,,,,,
484,1,,,-73.9598450,40.8174633,2026-01-24 20:47:06.231,_20260124_154036_CH02_DUT_TMO-AUTO_UDP DOWNLINK 400MB_NJ DUT REF_L3.dml,,,,,,,,,,,,,,,,,,,,TIMEOUT_Idle,,,,,
485,1,,,-73.9598450,40.8174633,2026-01-24 20:47:06.231,_20260124_154036_CH02_DUT_TMO-AUTO_UDP DOWNLINK 400MB_NJ DUT REF_L3.dml,,,,,,,,,,,,,,,,,,,,Iperf Download Call End,,,,,
486,1,,,-73.9598450,40.8174633,2026-01-24 20:47:06.231,_20260124_154036_CH02_DUT_TMO-AUTO_UDP DOWNLINK 400MB_NJ DUT REF_L3.dml,,,,,,,,,,,,,,,,,,160.027392,,,,,,,
487,1,,,-73.9598450,40.8174633,2026-01-24 20:47:06.231,_20260124_154036_CH02_DUT_TMO-AUTO_UDP DOWNLINK 400MB_NJ DUT REF_L3.dml,,,,,,,,,,,,,,,,,,,,START,,,,,
488,1,,,-73.9598450,40.8174633,2026-01-24 20:47:06.231,_20260124_154036_CH02_DUT_TMO-AUTO_UDP DOWNLINK 400MB_NJ DUT REF_L3.dml,,,,,,,,,,,,,,,,,,,,IPERF_T_Start,,,,,
489,1,,,-73.9598450,40.8174633,2026-01-24 20:47:06.231,_20260124_154036_CH02_DUT_TMO-AUTO_UDP DOWNLINK 400MB_NJ DUT REF_L3.dml,,,,,,,,,,,,,,,,,,,,Iperf Download Call Start,,,,,
490,1,,,-73.9598450,40.8174633,2026-01-24 20:47:07.000,_20260124_154036_CH02_DUT_TMO-AUTO_UDP DOWNLINK 400MB_NJ DUT REF_L3.dml,,,,,,,,,,,,,,,,,,,,,,,,,
491,1,,,-73.9598450,40.8174633,2026-01-24 20:47:07.419,_20260124_154036_CH02_DUT_TMO-AUTO_UDP DOWNLINK 400MB_NJ DUT REF_L3.dml,,,,,,,,,,,,,,,,,,,,Iperf Download Start,,,,,
492,1,,,-73.9598450,40.8174633,2026-01-24 20:47:08.000,_20260124_154036_CH02_DUT_TMO-AUTO_UDP DOWNLINK 400MB_NJ DUT REF_L3.dml,,,,N41(100)+N41(x),NR SA,378,-93.270000,1.620000,,,,,,,,,,,,,0.136,,,,
493,1,,,-73.9598450,40.8174633,2026-01-24 20:47:09.000,_20260124_154036_CH02_DUT_TMO-AUTO_UDP DOWNLINK 400MB_NJ DUT REF_L3.dml,,,,N41(100)+N41(40),NR SA,378,-93.500000,1.730000,0.026000,8.176360,,,,,,169.717,,,,,0.176,,,,
494,1,,,-73.9598450,40.8174633,2026-01-24 20:47:10.000,_20260124_154036_CH02_DUT_TMO-AUTO_UDP DOWNLINK 400MB_NJ DUT REF_L3.dml,,,,N41(100)+N41(40),NR SA,378,-92.940000,2.370000,0.025000,22.045158,,,,,,214.553,,,,,0.192,,,,
495,1,,,-73.9598450,40.8174633,2026-01-24 20:47:11.000,_20260124_154036_CH02_DUT_TMO-AUTO_UDP DOWNLINK 400MB_NJ DUT REF_L3.dml,,,,N41(100)+N41(40),NR SA,378,-93.000000,2.190000,0.030000,26.297960,,,,,,174.373,,,,,0.208,,,,
496,1,,,-73.9598450,40.8174633,2026-01-24 20:47:12.000,_20260124_154036_CH02_DUT_TMO-AUTO_UDP DOWNLINK 400MB_NJ DUT REF_L3.dml,,,,N41(100)+N41(40),NR SA,378,-93.040000,2.380000,0.053000,33.168739,,,,,,176.158,,,,,0.240,,,,
497,1,,,-73.9598450,40.8174633,2026-01-24 20:47:13.000,_20260124_154036_CH02_DUT_TMO-AUTO_UDP DOWNLINK 400MB_NJ DUT REF_L3.dml,,,,N41(100)+N41(40),NR SA,378,-92.870000,2.790000,0.053000,38.911407,,,,,,204.718,,,,,0.232,,,,
498,1,,,-73.9598450,40.8174633,2026-01-24 20:47:14.000,_20260124_154036_CH02_DUT_TMO-AUTO_UDP DOWNLINK 400MB_NJ DUT REF_L3.dml,,,,N41(100)+N41(40),NR SA,378,-92.900000,2.570000,0.054000,41.251987,,,,,,189.671,,,,,0.216,,,,
499,1,,,-73.9598450,40.8174633,2026-01-24 20:47:15.000,_20260124_154036_CH02_DUT_TMO-AUTO_UDP DOWNLINK 400MB_NJ DUT REF_L3.dml,,,,N41(100)+N41(40),NR SA,378,-92.680000,2.510000,0.052000,43.079945,,,,,,169.249,,,,,0.136,,,,
500,1,,,-73.9598450,40.8174633,2026-01-24 20:47:16.000,_20260124_154036_CH02_DUT_TMO-AUTO_UDP DOWNLINK 400MB_NJ DUT REF_L3.dml,,,,N41(100)+N41(40),NR SA,378,-92.420000,2.740000,0.041000,45.143284,,,,,,176.114,,,,,0.176,,,,
501,1,,,-73.9598450,40.8174633,2026-01-24 20:47:17.000,_20260124_154036_CH02_DUT_TMO-AUTO_UDP DOWNLINK 400MB_NJ DUT REF_L3.dml,,,,N41(100)+N41(40),NR SA,378,-93.290000,1.850000,0.048000,46.640995,,,,,,188.267,,,,,0.216,,,,
502,1,,,-73.9598450,40.8174633,2026-01-24 20:47:17.590,_20260124_154036_CH02_DUT_TMO-AUTO_UDP DOWNLINK 400MB_NJ DUT REF_L3.dml,,,,,,,,,,,,,,,,,,,,IPERF_T_End,,,,,
503,1,,,-73.9598450,40.8174633,2026-01-24 20:47:18.000,_20260124_154036_CH02_DUT_TMO-AUTO_UDP DOWNLINK 400MB_NJ DUT REF_L3.dml,,,,N41(100)+N41(40),NR SA,378,-93.020000,2.470000,0.058000,47.663990,,,,,,172.535,,,,,0.232,,,,
504,1,,,-73.9598450,40.8174633,2026-01-24 20:47:19.000,_20260124_154036_CH02_DUT_TMO-AUTO_UDP DOWNLINK 400MB_NJ DUT REF_L3.dml,,,,N41(100)+N41(40),,378,-92.920000,2.350000,,,,,,,,,,,,,,,,,
505,1,,,-73.9598450,40.8174633,2026-01-24 20:47:20.000,_20260124_154036_CH02_DUT_TMO-AUTO_UDP DOWNLINK 400MB_NJ DUT REF_L3.dml,,,,N41(100)+N41(40),,378,-93.000000,2.460000,,,,,,,,,,,,,0.096,,,,
506,1,,,-73.9598450,40.8174633,2026-01-24 20:47:21.000,_20260124_154036_CH02_DUT_TMO-AUTO_UDP DOWNLINK 400MB_NJ DUT REF_L3.dml,,,,N41(100)+N41(40),,378,-93.000000,2.170000,,,,,,,,,,,,,0.000,,,,
507,1,,,-73.9598450,40.8174633,2026-01-24 20:47:22.000,_20260124_154036_CH02_DUT_TMO-AUTO_UDP DOWNLINK 400MB_NJ DUT REF_L3.dml,,,,N41(100)+N41(40),,378,-92.630000,2.420000,,,,,,,,,,,,,0.008,,,,
508,1,,,-73.9598450,40.8174633,2026-01-24 20:47:23.000,_20260124_154036_CH02_DUT_TMO-AUTO_UDP DOWNLINK 400MB_NJ DUT REF_L3.dml,,,,N41(100)+N41(40),,378,-92.760000,1.850000,,,,,,,,,,,,,0.008,,,,
509,1,,,-73.9598450,40.8174633,2026-01-24 20:47:24.000,_20260124_154036_CH02_DUT_TMO-AUTO_UDP DOWNLINK 400MB_NJ DUT REF_L3.dml,,,,N41(100)+N41(40),,378,-92.890000,2.560000,,,,,,,,,,,,,,,,,
510,1,,,-73.9598450,40.8174633,2026-01-24 20:47:25.000,_20260124_154036_CH02_DUT_TMO-AUTO_UDP DOWNLINK 400MB_NJ DUT REF_L3.dml,,,,N41(100)+N41(40),,378,-93.000000,2.000000,,,,,,,,,,,,,0.000,,,,
511,1,,,-73.9598450,40.8174633,2026-01-24 20:47:26.000,_20260124_154036_CH02_DUT_TMO-AUTO_UDP DOWNLINK 400MB_NJ DUT REF_L3.dml,,,,N41(100)+N41(40),,378,-92.500000,2.500000,,,,,,,,,,,,,0.000,,,,
512,1,,,-73.9598450,40.8174633,2026-01-24 20:47:27.000,_20260124_154036_CH02_DUT_TMO-AUTO_UDP DOWNLINK 400MB_NJ DUT REF_L3.dml,,,,N41(100)+N41(40),,378,-93.170000,1.830000,,,,,,,,,,,,,0.000,,,,
513,1,,,-73.9598450,40.8174633,2026-01-24 20:47:28.000,_20260124_154036_CH02_DUT_TMO-AUTO_UDP DOWNLINK 400MB_NJ DUT REF_L3.dml,,,,N41(100)+N41(40),,378,-93.110000,1.890000,,,,,,,,,,,,,0.000,,,,
514,1,,,-73.9598450,40.8174633,2026-01-24 20:47:29.000,_20260124_154036_CH02_DUT_TMO-AUTO_UDP DOWNLINK 400MB_NJ DUT REF_L3.dml,,,,N41(x)+N41(x),,378,-92.410000,1.880000,,,,,,,,,,,,,0.000,,,,
515,1,,,-73.9598450,40.8174633,2026-01-24 20:47:30.000,_20260124_154036_CH02_DUT_TMO-AUTO_UDP DOWNLINK 400MB_NJ DUT REF_L3.dml,,,,N41(x)+N41(x),,378,-93.000000,1.670000,,,,,,,,,,,,,,,,,
516,1,,,-73.9598450,40.8174633,2026-01-24 20:47:31.000,_20260124_154036_CH02_DUT_TMO-AUTO_UDP DOWNLINK 400MB_NJ DUT REF_L3.dml,,,,,,,,,,,,,,,,,,,,,,,,,
517,1,,,-73.9598450,40.8174633,2026-01-24 20:47:32.000,_20260124_154036_CH02_DUT_TMO-AUTO_UDP DOWNLINK 400MB_NJ DUT REF_L3.dml,,,,N41(x),,378,-93.000000,2.000000,,,,,,,,,,,,,,,,,
518,1,,,-73.9598450,40.8174633,2026-01-24 20:47:33.000,_20260124_154036_CH02_DUT_TMO-AUTO_UDP DOWNLINK 400MB_NJ DUT REF_L3.dml,,,,N41(x),,378,-92.000000,2.000000,,,,,,,,,,,,,,,,,
519,1,,,-73.9598450,40.8174633,2026-01-24 20:47:34.000,_20260124_154036_CH02_DUT_TMO-AUTO_UDP DOWNLINK 400MB_NJ DUT REF_L3.dml,,,,N41(x),,378,-93.000000,1.000000,,,,,,,,,,,,,,,,,
520,1,,,-73.9598450,40.8174633,2026-01-24 20:47:35.000,_20260124_154036_CH02_DUT_TMO-AUTO_UDP DOWNLINK 400MB_NJ DUT REF_L3.dml,,,,,,,,,,,,,,,,,,,,,,,,,
521,1,,,-73.9599633,40.8174750,2026-01-24 20:47:36.000,_20260124_154036_CH02_DUT_TMO-AUTO_UDP DOWNLINK 400MB_NJ DUT REF_L3.dml,,,,N41(x),,378,-94.000000,0.000000,,,,,,,,,,,,,,,,,
522,1,,,-73.9599633,40.8174750,2026-01-24 20:47:37.000,_20260124_154036_CH02_DUT_TMO-AUTO_UDP DOWNLINK 400MB_NJ DUT REF_L3.dml,,,,N41(x),,378,-93.000000,2.000000,,,,,,,,,,,,,,,,,
523,1,,,-73.9599650,40.8174767,2026-01-24 20:47:37.606,_20260124_154036_CH02_DUT_TMO-AUTO_UDP DOWNLINK 400MB_NJ DUT REF_L3.dml,,,,,,,,,,,,,,,,,,,,TIMEOUT_Idle,,,,,
524,1,,,-73.9599650,40.8174767,2026-01-24 20:47:37.606,_20260124_154036_CH02_DUT_TMO-AUTO_UDP DOWNLINK 400MB_NJ DUT REF_L3.dml,,,,,,,,,,,,,,,,,,,,Iperf Download Call End,,,,,
525,1,,,-73.9599650,40.8174767,2026-01-24 20:47:37.606,_20260124_154036_CH02_DUT_TMO-AUTO_UDP DOWNLINK 400MB_NJ DUT REF_L3.dml,,,,,,,,,,,,,,,,,,183.535808,,,,,,,
526,1,,,-73.9599650,40.8174767,2026-01-24 20:47:37.606,_20260124_154036_CH02_DUT_TMO-AUTO_UDP DOWNLINK 400MB_NJ DUT REF_L3.dml,,,,,,,,,,,,,,,,,,,,START,,,,,
527,1,,,-73.9599650,40.8174767,2026-01-24 20:47:37.606,_20260124_154036_CH02_DUT_TMO-AUTO_UDP DOWNLINK 400MB_NJ DUT REF_L3.dml,,,,,,,,,,,,,,,,,,,,IPERF_T_Start,,,,,
528,1,,,-73.9599650,40.8174767,2026-01-24 20:47:37.606,_20260124_154036_CH02_DUT_TMO-AUTO_UDP DOWNLINK 400MB_NJ DUT REF_L3.dml,,,,,,,,,,,,,,,,,,,,Iperf Download Call Start,,,,,
529,1,,,-73.9599650,40.8174767,2026-01-24 20:47:38.000,_20260124_154036_CH02_DUT_TMO-AUTO_UDP DOWNLINK 400MB_NJ DUT REF_L3.dml,,,,N41(x),,378,-92.000000,3.000000,,,,,,,,,,,,,,,,,
530,1,,,-73.9599667,40.8174767,2026-01-24 20:47:38.762,_20260124_154036_CH02_DUT_TMO-AUTO_UDP DOWNLINK 400MB_NJ DUT REF_L3.dml,,,,,,,,,,,,,,,,,,,,Iperf Download Start,,,,,
531,1,,,-73.9599667,40.8174767,2026-01-24 20:47:39.000,_20260124_154036_CH02_DUT_TMO-AUTO_UDP DOWNLINK 400MB_NJ DUT REF_L3.dml,,,,N41(100)+N41(x),NR SA,378,-93.310000,1.460000,,,,,,,,,,,,,,,,,
532,1,,,-73.9599667,40.8174767,2026-01-24 20:47:40.000,_20260124_154036_CH02_DUT_TMO-AUTO_UDP DOWNLINK 400MB_NJ DUT REF_L3.dml,,,,N41(100)+N41(40),NR SA,378,-93.580000,0.960000,,,,,,,,,,,,,0.120,,,,
533,1,,,-73.9599667,40.8174767,2026-01-24 20:47:41.000,_20260124_154036_CH02_DUT_TMO-AUTO_UDP DOWNLINK 400MB_NJ DUT REF_L3.dml,,,,N41(100)+N41(40),NR SA,378,-92.770000,1.700000,0.054000,4.338698,,,,,,193.348,,,,,0.136,,,,
534,1,,,-73.9599667,40.8174767,2026-01-24 20:47:42.000,_20260124_154036_CH02_DUT_TMO-AUTO_UDP DOWNLINK 400MB_NJ DUT REF_L3.dml,,,,N41(100)+N41(40),NR SA,378,-93.210000,0.920000,0.025000,18.351013,,,,,,232.886,,,,,0.184,,,,
535,1,,,-73.9599667,40.8174767,2026-01-24 20:47:43.000,_20260124_154036_CH02_DUT_TMO-AUTO_UDP DOWNLINK 400MB_NJ DUT REF_L3.dml,,,,N41(100)+N41(40),NR SA,378,-92.920000,1.750000,0.037000,22.803528,,,,,,228.120,,,,,0.152,,,,
536,1,,,-73.9599667,40.8174767,2026-01-24 20:47:44.000,_20260124_154036_CH02_DUT_TMO-AUTO_UDP DOWNLINK 400MB_NJ DUT REF_L3.dml,,,,N41(100)+N41(40),NR SA,378,-93.380000,1.080000,0.076000,25.459734,,,,,,184.013,,,,,0.152,,,,
537,1,,,-73.9599667,40.8174767,2026-01-24 20:47:45.000,_20260124_154036_CH02_DUT_TMO-AUTO_UDP DOWNLINK 400MB_NJ DUT REF_L3.dml,,,,N41(100)+N41(40),NR SA,378,-93.080000,0.890000,0.243000,32.250233,,,,,,187.919,,,,,0.152,,,,
538,1,,,-73.9599667,40.8174767,2026-01-24 20:47:46.000,_20260124_154036_CH02_DUT_TMO-AUTO_UDP DOWNLINK 400MB_NJ DUT REF_L3.dml,,,,N41(100)+N41(40),NR SA,378,-93.190000,1.030000,0.037000,36.098072,,,,,,189.660,,,,,0.152,,,,
539,1,,,-73.9599667,40.8174767,2026-01-24 20:47:47.000,_20260124_154036_CH02_DUT_TMO-AUTO_UDP DOWNLINK 400MB_NJ DUT REF_L3.dml,,,,N41(100)+N41(40),NR SA,378,-93.300000,1.530000,0.063000,39.492920,,,,,,211.605,,,,,0.184,,,,
540,1,,,-73.9599667,40.8174767,2026-01-24 20:47:48.000,_20260124_154036_CH02_DUT_TMO-AUTO_UDP DOWNLINK 400MB_NJ DUT REF_L3.dml,,,,N41(100)+N41(40),NR SA,378,-93.380000,1.600000,0.052000,40.390453,,,,,,216.566,,,,,0.144,,,,
541,1,,,-73.9599667,40.8174767,2026-01-24 20:47:49.000,_20260124_154036_CH02_DUT_TMO-AUTO_UDP DOWNLINK 400MB_NJ DUT REF_L3.dml,,,,N41(100)+N41(40),NR SA,378,-92.960000,1.770000,0.029000,41.077976,,,,,,237.836,,,,,0.128,,,,
542,1,,,-73.9599667,40.8174767,2026-01-24 20:47:49.153,_20260124_154036_CH02_DUT_TMO-AUTO_UDP DOWNLINK 400MB_NJ DUT REF_L3.dml,,,,,,,,,,,,,,,,,,,,IPERF_T_End,,,,,
543,1,,,-73.9599667,40.8174767,2026-01-24 20:47:50.000,_20260124_154036_CH02_DUT_TMO-AUTO_UDP DOWNLINK 400MB_NJ DUT REF_L3.dml,,,,N41(100)+N41(40),NR SA,378,-93.100000,0.940000,0.028000,40.945953,,,,,,241.481,,,,,0.112,,,,
544,1,,,-73.9599667,40.8174767,2026-01-24 20:47:51.000,_20260124_154036_CH02_DUT_TMO-AUTO_UDP DOWNLINK 400MB_NJ DUT REF_L3.dml,,,,N41(100)+N41(40),,378,-92.070000,2.360000,,,,,,,,,,,,,,,,,
545,1,,,-73.9599667,40.8174767,2026-01-24 20:47:52.000,_20260124_154036_CH02_DUT_TMO-AUTO_UDP DOWNLINK 400MB_NJ DUT REF_L3.dml,,,,N41(100)+N41(40),,378,-93.000000,2.570000,,,,,,,,,,,,,0.044,,,,
546,1,,,-73.9599667,40.8174767,2026-01-24 20:47:53.000,_20260124_154036_CH02_DUT_TMO-AUTO_UDP DOWNLINK 400MB_NJ DUT REF_L3.dml,,,,N41(100)+N41(40),,378,-92.530000,1.870000,,,,,,,,,,,,,,,,,
547,1,,,-73.9599667,40.8174767,2026-01-24 20:47:54.000,_20260124_154036_CH02_DUT_TMO-AUTO_UDP DOWNLINK 400MB_NJ DUT REF_L3.dml,,,,N41(100)+N41(40),,378,-92.850000,1.000000,,,,,,,,,,,,,0.016,,,,
548,1,,,-73.9599667,40.8174767,2026-01-24 20:47:55.000,_20260124_154036_CH02_DUT_TMO-AUTO_UDP DOWNLINK 400MB_NJ DUT REF_L3.dml,,,,N41(100)+N41(40),,378,-92.750000,1.000000,,,,,,,,,,,,,0.000,,,,
549,1,,,-73.9599667,40.8174767,2026-01-24 20:47:56.000,_20260124_154036_CH02_DUT_TMO-AUTO_UDP DOWNLINK 400MB_NJ DUT REF_L3.dml,,,,N41(100)+N41(40),,378,-92.330000,2.000000,,,,,,,,,,,,,0.000,,,,
550,1,,,-73.9599667,40.8174767,2026-01-24 20:47:57.000,_20260124_154036_CH02_DUT_TMO-AUTO_UDP DOWNLINK 400MB_NJ DUT REF_L3.dml,,,,N41(100)+N41(40),,378,-92.890000,1.330000,,,,,,,,,,,,,,,,,
551,1,,,-73.9599667,40.8174767,2026-01-24 20:47:58.000,_20260124_154036_CH02_DUT_TMO-AUTO_UDP DOWNLINK 400MB_NJ DUT REF_L3.dml,,,,N41(100)+N41(40),,378,-93.000000,1.000000,,,,,,,,,,,,,0.008,,,,
552,1,,,-73.9599667,40.8174767,2026-01-24 20:47:59.000,_20260124_154036_CH02_DUT_TMO-AUTO_UDP DOWNLINK 400MB_NJ DUT REF_L3.dml,,,,N41(100)+N41(40),,378,-92.500000,2.200000,,,,,,,,,,,,,0.000,,,,
553,1,,,-73.9599667,40.8174767,2026-01-24 20:48:00.000,_20260124_154036_CH02_DUT_TMO-AUTO_UDP DOWNLINK 400MB_NJ DUT REF_L3.dml,,,,N41(100)+N41(40),,378,-92.000000,2.740000,,,,,,,,,,,,,0.000,,,,
554,1,,,-73.9599667,40.8174767,2026-01-24 20:48:01.000,_20260124_154036_CH02_DUT_TMO-AUTO_UDP DOWNLINK 400MB_NJ DUT REF_L3.dml,,,,N41(100)+N41(50),,378,-92.230000,1.380000,,,,,,,,,,,,,0.008,,,,
555,1,,,-73.9599667,40.8174767,2026-01-24 20:48:02.000,_20260124_154036_CH02_DUT_TMO-AUTO_UDP DOWNLINK 400MB_NJ DUT REF_L3.dml,,,,N41(100)+N41(40),,378,-93.000000,1.760000,,,,,,,,,,,,,,,,,
556,1,,,-73.9599667,40.8174767,2026-01-24 20:48:03.000,_20260124_154036_CH02_DUT_TMO-AUTO_UDP DOWNLINK 400MB_NJ DUT REF_L3.dml,,,,N41(100)+N41(40),,378,-92.200000,1.800000,,,,,,,,,,,,,0.024,,,,
557,1,,,-73.9599667,40.8174767,2026-01-24 20:48:04.000,_20260124_154036_CH02_DUT_TMO-AUTO_UDP DOWNLINK 400MB_NJ DUT REF_L3.dml,,,,N41(100)+N41(40),,378,-92.400000,1.600000,,,,,,,,,,,,,0.000,,,,
558,1,,,-73.9599667,40.8174767,2026-01-24 20:48:05.000,_20260124_154036_CH02_DUT_TMO-AUTO_UDP DOWNLINK 400MB_NJ DUT REF_L3.dml,,,,N41(100)+N41(40),,378,-92.750000,1.500000,,,,,,,,,,,,,0.000,,,,
559,1,,,-73.9599667,40.8174767,2026-01-24 20:48:06.000,_20260124_154036_CH02_DUT_TMO-AUTO_UDP DOWNLINK 400MB_NJ DUT REF_L3.dml,,,,N41(100)+N41(40),,378,-92.800000,1.000000,,,,,,,,,,,,,0.000,,,,
560,1,,,-73.9599667,40.8174767,2026-01-24 20:48:07.000,_20260124_154036_CH02_DUT_TMO-AUTO_UDP DOWNLINK 400MB_NJ DUT REF_L3.dml,,,,N41(100)+N41(40),,378,-92.400000,1.600000,,,,,,,,,,,,,,,,,
561,1,,,-73.9599667,40.8174767,2026-01-24 20:48:08.000,_20260124_154036_CH02_DUT_TMO-AUTO_UDP DOWNLINK 400MB_NJ DUT REF_L3.dml,,,,N41(100)+N41(40),,378,-94.000000,1.560000,,,,,,,,,,,,,0.000,,,,
562,1,,,-73.9599667,40.8174767,2026-01-24 20:48:09.000,_20260124_154036_CH02_DUT_TMO-AUTO_UDP DOWNLINK 400MB_NJ DUT REF_L3.dml,,,,N41(100)+N41(40),,378,-93.090000,1.550000,,,,,,,,,,,,,0.008,,,,
563,1,,,-73.9599667,40.8174767,2026-01-24 20:48:09.169,_20260124_154036_CH02_DUT_TMO-AUTO_UDP DOWNLINK 400MB_NJ DUT REF_L3.dml,,,,,,,,,,,,,,,,,,,,TIMEOUT_Idle,,,,,
564,1,,,-73.9599667,40.8174767,2026-01-24 20:48:09.169,_20260124_154036_CH02_DUT_TMO-AUTO_UDP DOWNLINK 400MB_NJ DUT REF_L3.dml,,,,,,,,,,,,,,,,,,,,Iperf Download Call End,,,,,
565,1,,,-73.9599667,40.8174767,2026-01-24 20:48:09.169,_20260124_154036_CH02_DUT_TMO-AUTO_UDP DOWNLINK 400MB_NJ DUT REF_L3.dml,,,,,,,,,,,,,,,,,,212.343872,,,,,,,
566,1,,,-73.9599667,40.8174767,2026-01-24 20:48:09.169,_20260124_154036_CH02_DUT_TMO-AUTO_UDP DOWNLINK 400MB_NJ DUT REF_L3.dml,,,,,,,,,,,,,,,,,,,,START,,,,,
567,1,,,-73.9599667,40.8174767,2026-01-24 20:48:09.169,_20260124_154036_CH02_DUT_TMO-AUTO_UDP DOWNLINK 400MB_NJ DUT REF_L3.dml,,,,,,,,,,,,,,,,,,,,IPERF_T_Start,,,,,
568,1,,,-73.9599667,40.8174767,2026-01-24 20:48:09.169,_20260124_154036_CH02_DUT_TMO-AUTO_UDP DOWNLINK 400MB_NJ DUT REF_L3.dml,,,,,,,,,,,,,,,,,,,,Iperf Download Call Start,,,,,
569,1,,,-73.9599667,40.8174767,2026-01-24 20:48:10.000,_20260124_154036_CH02_DUT_TMO-AUTO_UDP DOWNLINK 400MB_NJ DUT REF_L3.dml,,,,N41(100)+N41(40),,378,-92.900000,1.860000,,,,,,,,,,,,,0.008,,,,
570,1,,,-73.9599667,40.8174767,2026-01-24 20:48:10.372,_20260124_154036_CH02_DUT_TMO-AUTO_UDP DOWNLINK 400MB_NJ DUT REF_L3.dml,,,,,,,,,,,,,,,,,,,,Iperf Download Start,,,,,
571,1,,,-73.9599667,40.8174767,2026-01-24 20:48:11.000,_20260124_154036_CH02_DUT_TMO-AUTO_UDP DOWNLINK 400MB_NJ DUT REF_L3.dml,,,,N41(100)+N41(40),NR SA,378,-93.230000,0.770000,,,,,,,,,,,,,0.072,,,,
572,1,,,-73.9599667,40.8174767,2026-01-24 20:48:12.000,_20260124_154036_CH02_DUT_TMO-AUTO_UDP DOWNLINK 400MB_NJ DUT REF_L3.dml,,,,N41(100)+N41(40),NR SA,378,-92.310000,1.150000,0.037000,9.140538,,,,,,204.620,,,,,0.104,,,,
573,1,,,-73.9599667,40.8174767,2026-01-24 20:48:13.000,_20260124_154036_CH02_DUT_TMO-AUTO_UDP DOWNLINK 400MB_NJ DUT REF_L3.dml,,,,N41(100)+N41(40),NR SA,378,-92.410000,1.540000,0.030000,20.165705,,,,,,212.627,,,,,0.120,,,,
574,1,,,-73.9599667,40.8174767,2026-01-24 20:48:14.000,_20260124_154036_CH02_DUT_TMO-AUTO_UDP DOWNLINK 400MB_NJ DUT REF_L3.dml,,,,N41(100)+N41(40),NR SA,378,-92.670000,1.210000,0.038000,24.703974,,,,,,173.590,,,,,0.112,,,,
575,1,,,-73.9599667,40.8174767,2026-01-24 20:48:15.000,_20260124_154036_CH02_DUT_TMO-AUTO_UDP DOWNLINK 400MB_NJ DUT REF_L3.dml,,,,N41(100)+N41(40),NR SA,378,-92.980000,0.900000,0.034000,29.601768,,,,,,219.656,,,,,0.096,,,,
576,1,,,-73.9599667,40.8174767,2026-01-24 20:48:16.000,_20260124_154036_CH02_DUT_TMO-AUTO_UDP DOWNLINK 400MB_NJ DUT REF_L3.dml,,,,N41(100)+N41(40),NR SA,378,-92.660000,1.540000,0.078000,34.532063,,,,,,155.475,,,,,0.088,,,,
577,1,,,-73.9599667,40.8174767,2026-01-24 20:48:17.000,_20260124_154036_CH02_DUT_TMO-AUTO_UDP DOWNLINK 400MB_NJ DUT REF_L3.dml,,,,N41(100)+N41(40),NR SA,378,-92.750000,1.550000,0.040000,39.815952,,,,,,210.941,,,,,0.112,,,,
578,1,,,-73.9599667,40.8174767,2026-01-24 20:48:18.000,_20260124_154036_CH02_DUT_TMO-AUTO_UDP DOWNLINK 400MB_NJ DUT REF_L3.dml,,,,N41(100)+N41(40),NR SA,378,-92.570000,2.240000,0.034000,41.460983,,,,,,182.958,,,,,0.104,,,,
579,1,,,-73.9599667,40.8174767,2026-01-24 20:48:19.000,_20260124_154036_CH02_DUT_TMO-AUTO_UDP DOWNLINK 400MB_NJ DUT REF_L3.dml,,,,N41(100)+N41(40),NR SA,378,-92.710000,1.790000,0.072000,42.882908,,,,,,207.786,,,,,0.112,,,,
580,1,,,-73.9599667,40.8174767,2026-01-24 20:48:20.000,_20260124_154036_CH02_DUT_TMO-AUTO_UDP DOWNLINK 400MB_NJ DUT REF_L3.dml,,,,N41(100)+N41(40),NR SA,378,-92.880000,1.830000,0.049000,43.655128,,,,,,187.505,,,,,0.128,,,,
581,1,,,-73.9599667,40.8174767,2026-01-24 20:48:20.606,_20260124_154036_CH02_DUT_TMO-AUTO_UDP DOWNLINK 400MB_NJ DUT REF_L3.dml,,,,,,,,,,,,,,,,,,,,IPERF_T_End,,,,,
582,1,,,-73.9599667,40.8174767,2026-01-24 20:48:21.000,_20260124_154036_CH02_DUT_TMO-AUTO_UDP DOWNLINK 400MB_NJ DUT REF_L3.dml,,,,N41(100)+N41(40),NR SA,378,-93.020000,1.350000,0.033000,44.713718,,,,,,167.671,,,,,0.112,,,,
583,1,,,-73.9599667,40.8174767,2026-01-24 20:48:22.000,_20260124_154036_CH02_DUT_TMO-AUTO_UDP DOWNLINK 400MB_NJ DUT REF_L3.dml,,,,N41(100)+N41(40),,378,-93.000000,2.050000,,,,,,,,,,,,,,,,,
584,1,,,-73.9599667,40.8174767,2026-01-24 20:48:23.000,_20260124_154036_CH02_DUT_TMO-AUTO_UDP DOWNLINK 400MB_NJ DUT REF_L3.dml,,,,N41(100)+N41(40),,378,-93.110000,1.550000,,,,,,,,,,,,,0.104,,,,
585,1,,,-73.9599667,40.8174767,2026-01-24 20:48:24.000,_20260124_154036_CH02_DUT_TMO-AUTO_UDP DOWNLINK 400MB_NJ DUT REF_L3.dml,,,,N41(100)+N41(40),,378,-93.600000,1.100000,,,,,,,,,,,,,0.016,,,,
586,1,,,-73.9599667,40.8174767,2026-01-24 20:48:25.000,_20260124_154036_CH02_DUT_TMO-AUTO_UDP DOWNLINK 400MB_NJ DUT REF_L3.dml,,,,N41(100)+N41(40),,378,-94.140000,0.140000,,,,,,,,,,,,,,,,,
587,1,,,-73.9599667,40.8174767,2026-01-24 20:48:26.000,_20260124_154036_CH02_DUT_TMO-AUTO_UDP DOWNLINK 400MB_NJ DUT REF_L3.dml,,,,N41(100)+N41(40),,378,-93.620000,0.230000,,,,,,,,,,,,,0.000,,,,
588,1,,,-73.9599667,40.8174767,2026-01-24 20:48:27.000,_20260124_154036_CH02_DUT_TMO-AUTO_UDP DOWNLINK 400MB_NJ DUT REF_L3.dml,,,,N41(100)+N41(40),,378,-93.220000,1.560000,,,,,,,,,,,,,0.000,,,,
589,1,,,-73.9599667,40.8174767,2026-01-24 20:48:28.000,_20260124_154036_CH02_DUT_TMO-AUTO_UDP DOWNLINK 400MB_NJ DUT REF_L3.dml,,,,N41(100)+N41(40),,378,-93.710000,2.430000,,,,,,,,,,,,,0.000,,,,
590,1,,,-73.9599667,40.8174767,2026-01-24 20:48:29.000,_20260124_154036_CH02_DUT_TMO-AUTO_UDP DOWNLINK 400MB_NJ DUT REF_L3.dml,,,,N41(100)+N41(40),,378,-93.180000,1.950000,,,,,,,,,,,,,,,,,
591,1,,,-73.9599667,40.8174767,2026-01-24 20:48:30.000,_20260124_154036_CH02_DUT_TMO-AUTO_UDP DOWNLINK 400MB_NJ DUT REF_L3.dml,,,,N41(100)+N41(40),,378,-93.350000,1.600000,,,,,,,,,,,,,0.000,,,,
592,1,,,-73.9599667,40.8174767,2026-01-24 20:48:31.000,_20260124_154036_CH02_DUT_TMO-AUTO_UDP DOWNLINK 400MB_NJ DUT REF_L3.dml,,,,N41(100)+N41(40),,378,-92.740000,2.580000,,,,,,,,,,,,,0.008,,,,
593,1,,,-73.9599667,40.8174767,2026-01-24 20:48:32.000,_20260124_154036_CH02_DUT_TMO-AUTO_UDP DOWNLINK 400MB_NJ DUT REF_L3.dml,,,,N41(x)+N41(x),,378,-93.620000,1.120000,,,,,,,,,,,,,0.000,,,,
594,1,,,-73.9599667,40.8174767,2026-01-24 20:48:33.000,_20260124_154036_CH02_DUT_TMO-AUTO_UDP DOWNLINK 400MB_NJ DUT REF_L3.dml,,,,N41(x)+N41(x),,378,-93.000000,0.000000,,,,,,,,,,,,,,,,,
595,1,,,-73.9599667,40.8174767,2026-01-24 20:48:34.000,_20260124_154036_CH02_DUT_TMO-AUTO_UDP DOWNLINK 400MB_NJ DUT REF_L3.dml,,,,,,,,,,,,,,,,,,,,,,,,,
596,1,,,-73.9599667,40.8174767,2026-01-24 20:48:35.000,_20260124_154036_CH02_DUT_TMO-AUTO_UDP DOWNLINK 400MB_NJ DUT REF_L3.dml,,,,,,,,,,,,,,,,,,,,,,,,,
597,1,,,-73.9599667,40.8174767,2026-01-24 20:48:36.000,_20260124_154036_CH02_DUT_TMO-AUTO_UDP DOWNLINK 400MB_NJ DUT REF_L3.dml,,,,N41(x),,378,-92.000000,5.000000,,,,,,,,,,,,,,,,,
598,1,,,-73.9599667,40.8174767,2026-01-24 20:48:37.000,_20260124_154036_CH02_DUT_TMO-AUTO_UDP DOWNLINK 400MB_NJ DUT REF_L3.dml,,,,,,,,,,,,,,,,,,,,,,,,,
599,1,,,-73.9599667,40.8174767,2026-01-24 20:48:38.000,_20260124_154036_CH02_DUT_TMO-AUTO_UDP DOWNLINK 400MB_NJ DUT REF_L3.dml,,,,,,,,,,,,,,,,,,,,,,,,,
600,1,,,-73.9599667,40.8174767,2026-01-24 20:48:39.000,_20260124_154036_CH02_DUT_TMO-AUTO_UDP DOWNLINK 400MB_NJ DUT REF_L3.dml,,,,,,,,,,,,,,,,,,,,,,,,,
601,1,,,-73.9599667,40.8174767,2026-01-24 20:48:40.000,_20260124_154036_CH02_DUT_TMO-AUTO_UDP DOWNLINK 400MB_NJ DUT REF_L3.dml,,,,N41(x),,378,-93.000000,2.000000,,,,,,,,,,,,,,,,,
602,1,,,-73.9599667,40.8174767,2026-01-24 20:48:40.606,_20260124_154036_CH02_DUT_TMO-AUTO_UDP DOWNLINK 400MB_NJ DUT REF_L3.dml,,,,,,,,,,,,,,,,,,,,TIMEOUT_Idle,,,,,
603,1,,,-73.9599667,40.8174767,2026-01-24 20:48:40.606,_20260124_154036_CH02_DUT_TMO-AUTO_UDP DOWNLINK 400MB_NJ DUT REF_L3.dml,,,,,,,,,,,,,,,,,,,,Iperf Download Call End,,,,,
604,1,,,-73.9599667,40.8174767,2026-01-24 20:48:40.606,_20260124_154036_CH02_DUT_TMO-AUTO_UDP DOWNLINK 400MB_NJ DUT REF_L3.dml,,,,,,,,,,,,,,,,,,192.283328,,,,,,,
605,1,,,-73.9599667,40.8174767,2026-01-24 20:48:40.606,_20260124_154036_CH02_DUT_TMO-AUTO_UDP DOWNLINK 400MB_NJ DUT REF_L3.dml,,,,,,,,,,,,,,,,,,,,START,,,,,
606,1,,,-73.9599667,40.8174767,2026-01-24 20:48:40.606,_20260124_154036_CH02_DUT_TMO-AUTO_UDP DOWNLINK 400MB_NJ DUT REF_L3.dml,,,,,,,,,,,,,,,,,,,,IPERF_T_Start,,,,,
607,1,,,-73.9599667,40.8174767,2026-01-24 20:48:40.606,_20260124_154036_CH02_DUT_TMO-AUTO_UDP DOWNLINK 400MB_NJ DUT REF_L3.dml,,,,,,,,,,,,,,,,,,,,Iperf Download Call Start,,,,,
608,1,,,-73.9599667,40.8174767,2026-01-24 20:48:41.000,_20260124_154036_CH02_DUT_TMO-AUTO_UDP DOWNLINK 400MB_NJ DUT REF_L3.dml,,,,,,,,,,,,,,,,,,,,,,,,,
609,1,,,-73.9599667,40.8174767,2026-01-24 20:48:42.000,_20260124_154036_CH02_DUT_TMO-AUTO_UDP DOWNLINK 400MB_NJ DUT REF_L3.dml,,,,N41(100)+N41(x),,378,-92.890000,2.670000,,,,,,,,,,,,,,,,,
610,1,,,-73.9599667,40.8174767,2026-01-24 20:48:42.215,_20260124_154036_CH02_DUT_TMO-AUTO_UDP DOWNLINK 400MB_NJ DUT REF_L3.dml,,,,,,,,,,,,,,,,,,,,Iperf Download Start,,,,,
611,1,,,-73.9599667,40.8174767,2026-01-24 20:48:43.000,_20260124_154036_CH02_DUT_TMO-AUTO_UDP DOWNLINK 400MB_NJ DUT REF_L3.dml,,,,N41(100)+N41(40),NR SA,378,-93.020000,2.350000,,,,,,,,,,,,,0.096,,,,
612,1,,,-73.9599667,40.8174767,2026-01-24 20:48:44.000,_20260124_154036_CH02_DUT_TMO-AUTO_UDP DOWNLINK 400MB_NJ DUT REF_L3.dml,,,,N41(100)+N41(40),NR SA,378,-93.960000,1.940000,0.031000,8.991106,,,,,,213.759,,,,,0.120,,,,
613,1,,,-73.9599667,40.8174767,2026-01-24 20:48:45.000,_20260124_154036_CH02_DUT_TMO-AUTO_UDP DOWNLINK 400MB_NJ DUT REF_L3.dml,,,,N41(100)+N41(40),NR SA,378,-92.940000,2.810000,0.033000,18.007538,,,,,,224.117,,,,,0.128,,,,
614,1,,,-73.9599667,40.8174767,2026-01-24 20:48:46.000,_20260124_154036_CH02_DUT_TMO-AUTO_UDP DOWNLINK 400MB_NJ DUT REF_L3.dml,,,,N41(100)+N41(40),NR SA,378,-92.960000,3.080000,0.032000,22.270538,,,,,,194.197,,,,,0.136,,,,
615,1,,,-73.9599667,40.8174767,2026-01-24 20:48:47.000,_20260124_154036_CH02_DUT_TMO-AUTO_UDP DOWNLINK 400MB_NJ DUT REF_L3.dml,,,,N41(100)+N41(40),NR SA,378,-93.190000,3.310000,0.034000,27.485151,,,,,,236.683,,,,,0.144,,,,
616,1,,,-73.9599667,40.8174767,2026-01-24 20:48:48.000,_20260124_154036_CH02_DUT_TMO-AUTO_UDP DOWNLINK 400MB_NJ DUT REF_L3.dml,,,,N41(100)+N41(40),NR SA,378,-92.960000,2.730000,0.062000,30.685223,,,,,,206.404,,,,,0.136,,,,
617,1,,,-73.9599667,40.8174767,2026-01-24 20:48:49.000,_20260124_154036_CH02_DUT_TMO-AUTO_UDP DOWNLINK 400MB_NJ DUT REF_L3.dml,,,,N41(100)+N41(40),NR SA,378,-92.810000,2.970000,0.045000,34.182076,,,,,,206.448,,,,,0.144,,,,
618,1,,,-73.9599667,40.8174767,2026-01-24 20:48:50.000,_20260124_154036_CH02_DUT_TMO-AUTO_UDP DOWNLINK 400MB_NJ DUT REF_L3.dml,,,,N41(100)+N41(40),NR SA,378,-92.660000,3.200000,0.032000,36.606655,,,,,,199.887,,,,,0.144,,,,
619,1,,,-73.9599667,40.8174767,2026-01-24 20:48:51.000,_20260124_154036_CH02_DUT_TMO-AUTO_UDP DOWNLINK 400MB_NJ DUT REF_L3.dml,,,,N41(100)+N41(40),NR SA,378,-93.090000,2.620000,0.024000,38.673931,,,,,,190.508,,,,,0.136,,,,
620,1,,,-73.9599667,40.8174767,2026-01-24 20:48:52.000,_20260124_154036_CH02_DUT_TMO-AUTO_UDP DOWNLINK 400MB_NJ DUT REF_L3.dml,,,,N41(100)+N41(40),NR SA,378,-93.080000,3.000000,0.051000,40.817730,,,,,,189.627,,,,,0.136,,,,
621,1,,,-73.9599667,40.8174767,2026-01-24 20:48:52.231,_20260124_154036_CH02_DUT_TMO-AUTO_UDP DOWNLINK 400MB_NJ DUT REF_L3.dml,,,,,,,,,,,,,,,,,,,,IPERF_T_End,,,,,
622,1,,,-73.9599667,40.8174767,2026-01-24 20:48:53.000,_20260124_154036_CH02_DUT_TMO-AUTO_UDP DOWNLINK 400MB_NJ DUT REF_L3.dml,,,,N41(100)+N41(40),NR SA,378,-93.350000,2.270000,0.131000,41.645226,,,,,,206.045,,,,,0.152,,,,
623,1,,,-73.9599667,40.8174767,2026-01-24 20:48:54.000,_20260124_154036_CH02_DUT_TMO-AUTO_UDP DOWNLINK 400MB_NJ DUT REF_L3.dml,,,,N41(100)+N41(40),,378,-93.710000,2.530000,,,,,,,,,,,,,,,,,
624,1,,,-73.9599667,40.8174767,2026-01-24 20:48:55.000,_20260124_154036_CH02_DUT_TMO-AUTO_UDP DOWNLINK 400MB_NJ DUT REF_L3.dml,,,,N41(100)+N41(40),,378,-93.000000,4.000000,,,,,,,,,,,,,0.096,,,,
625,1,,,-73.9599667,40.8174767,2026-01-24 20:48:56.000,_20260124_154036_CH02_DUT_TMO-AUTO_UDP DOWNLINK 400MB_NJ DUT REF_L3.dml,,,,N41(100)+N41(40),,378,-93.300000,2.440000,,,,,,,,,,,,,0.004,,,,
626,1,,,-73.9599667,40.8174767,2026-01-24 20:48:57.000,_20260124_154036_CH02_DUT_TMO-AUTO_UDP DOWNLINK 400MB_NJ DUT REF_L3.dml,,,,N41(100)+N41(40),,378,-93.140000,3.070000,,,,,,,,,,,,,,,,,
627,1,,,-73.9599667,40.8174767,2026-01-24 20:48:58.000,_20260124_154036_CH02_DUT_TMO-AUTO_UDP DOWNLINK 400MB_NJ DUT REF_L3.dml,,,,N41(100)+N41(40),,378,-94.000000,2.000000,,,,,,,,,,,,,0.008,,,,
628,1,,,-73.9599667,40.8174767,2026-01-24 20:48:59.000,_20260124_154036_CH02_DUT_TMO-AUTO_UDP DOWNLINK 400MB_NJ DUT REF_L3.dml,,,,N41(100)+N41(40),,378,-93.400000,2.600000,,,,,,,,,,,,,0.000,,,,
629,1,,,-73.9599667,40.8174767,2026-01-24 20:49:00.000,_20260124_154036_CH02_DUT_TMO-AUTO_UDP DOWNLINK 400MB_NJ DUT REF_L3.dml,,,,N41(100)+N41(40),,378,-92.000000,4.000000,,,,,,,,,,,,,,,,,
630,1,,,-73.9599667,40.8174767,2026-01-24 20:49:01.000,_20260124_154036_CH02_DUT_TMO-AUTO_UDP DOWNLINK 400MB_NJ DUT REF_L3.dml,,,,N41(100)+N41(40),,378,-94.330000,2.670000,,,,,,,,,,,,,0.000,,,,
631,1,,,-73.9599667,40.8174767,2026-01-24 20:49:02.000,_20260124_154036_CH02_DUT_TMO-AUTO_UDP DOWNLINK 400MB_NJ DUT REF_L3.dml,,,,N41(100)+N41(40),,378,-93.800000,1.800000,,,,,,,,,,,,,0.000,,,,
632,1,,,-73.9599667,40.8174767,2026-01-24 20:49:03.000,_20260124_154036_CH02_DUT_TMO-AUTO_UDP DOWNLINK 400MB_NJ DUT REF_L3.dml,,,,N41(100)+N41(40),,378,-93.360000,1.610000,,,,,,,,,,,,,,,,,
633,1,,,-73.9599667,40.8174767,2026-01-24 20:49:04.000,_20260124_154036_CH02_DUT_TMO-AUTO_UDP DOWNLINK 400MB_NJ DUT REF_L3.dml,,,,N41(x)+N41(x),,378,-93.830000,2.170000,,,,,,,,,,,,,,,,,
634,1,,,-73.9599667,40.8174767,2026-01-24 20:49:05.000,_20260124_154036_CH02_DUT_TMO-AUTO_UDP DOWNLINK 400MB_NJ DUT REF_L3.dml,,,,N41(x),,378,-93.000000,3.000000,,,,,,,,,,,,,,,,,
635,1,,,-73.9599667,40.8174767,2026-01-24 20:49:06.000,_20260124_154036_CH02_DUT_TMO-AUTO_UDP DOWNLINK 400MB_NJ DUT REF_L3.dml,,,,N41(x),,378,-93.000000,3.000000,,,,,,,,,,,,,,,,,
636,1,,,-73.9599667,40.8174767,2026-01-24 20:49:07.000,_20260124_154036_CH02_DUT_TMO-AUTO_UDP DOWNLINK 400MB_NJ DUT REF_L3.dml,,,,,,,,,,,,,,,,,,,,,,,,,
637,1,,,-73.9599667,40.8174767,2026-01-24 20:49:08.000,_20260124_154036_CH02_DUT_TMO-AUTO_UDP DOWNLINK 400MB_NJ DUT REF_L3.dml,,,,,,,,,,,,,,,,,,,,,,,,,
638,1,,,-73.9599667,40.8174767,2026-01-24 20:49:09.000,_20260124_154036_CH02_DUT_TMO-AUTO_UDP DOWNLINK 400MB_NJ DUT REF_L3.dml,,,,,,,,,,,,,,,,,,,,,,,,,
639,1,,,-73.9599667,40.8174767,2026-01-24 20:49:10.000,_20260124_154036_CH02_DUT_TMO-AUTO_UDP DOWNLINK 400MB_NJ DUT REF_L3.dml,,,,N41(x),,378,-93.000000,3.000000,,,,,,,,,,,,,,,,,
640,1,,,-73.9599667,40.8174767,2026-01-24 20:49:11.000,_20260124_154036_CH02_DUT_TMO-AUTO_UDP DOWNLINK 400MB_NJ DUT REF_L3.dml,,,,,,,,,,,,,,,,,,,,,,,,,
641,1,,,-73.9599667,40.8174767,2026-01-24 20:49:12.000,_20260124_154036_CH02_DUT_TMO-AUTO_UDP DOWNLINK 400MB_NJ DUT REF_L3.dml,,,,,,,,,,,,,,,,,,,,,,,,,
642,1,,,-73.9599667,40.8174767,2026-01-24 20:49:12.247,_20260124_154036_CH02_DUT_TMO-AUTO_UDP DOWNLINK 400MB_NJ DUT REF_L3.dml,,,,,,,,,,,,,,,,,,,,TIMEOUT_Idle,,,,,
643,1,,,-73.9599667,40.8174767,2026-01-24 20:49:12.247,_20260124_154036_CH02_DUT_TMO-AUTO_UDP DOWNLINK 400MB_NJ DUT REF_L3.dml,,,,,,,,,,,,,,,,,,,,Iperf Download Call End,,,,,
644,1,,,-73.9599667,40.8174767,2026-01-24 20:49:12.247,_20260124_154036_CH02_DUT_TMO-AUTO_UDP DOWNLINK 400MB_NJ DUT REF_L3.dml,,,,,,,,,,,,,,,,,,206.767872,,,,,,,
645,1,,,-73.9599667,40.8174767,2026-01-24 20:49:12.247,_20260124_154036_CH02_DUT_TMO-AUTO_UDP DOWNLINK 400MB_NJ DUT REF_L3.dml,,,,,,,,,,,,,,,,,,,,START,,,,,
646,1,,,-73.9599667,40.8174767,2026-01-24 20:49:12.247,_20260124_154036_CH02_DUT_TMO-AUTO_UDP DOWNLINK 400MB_NJ DUT REF_L3.dml,,,,,,,,,,,,,,,,,,,,IPERF_T_Start,,,,,
647,1,,,-73.9599667,40.8174767,2026-01-24 20:49:12.247,_20260124_154036_CH02_DUT_TMO-AUTO_UDP DOWNLINK 400MB_NJ DUT REF_L3.dml,,,,,,,,,,,,,,,,,,,,Iperf Download Call Start,,,,,
648,1,,,-73.9599667,40.8174767,2026-01-24 20:49:13.000,_20260124_154036_CH02_DUT_TMO-AUTO_UDP DOWNLINK 400MB_NJ DUT REF_L3.dml,,,,,,,,,,,,,,,,,,,,,,,,,
649,1,,,-73.9599667,40.8174767,2026-01-24 20:49:13.403,_20260124_154036_CH02_DUT_TMO-AUTO_UDP DOWNLINK 400MB_NJ DUT REF_L3.dml,,,,,,,,,,,,,,,,,,,,Iperf Download Start,,,,,
650,1,,,-73.9599667,40.8174767,2026-01-24 20:49:14.000,_20260124_154036_CH02_DUT_TMO-AUTO_UDP DOWNLINK 400MB_NJ DUT REF_L3.dml,,,,N41(100)+N41(50),NR SA,378,-94.740000,0.240000,,,,,,,,,,,,,0.088,,,,
651,1,,,-73.9599667,40.8174767,2026-01-24 20:49:15.000,_20260124_154036_CH02_DUT_TMO-AUTO_UDP DOWNLINK 400MB_NJ DUT REF_L3.dml,,,,N41(100)+N41(40),NR SA,378,-94.150000,0.870000,0.060000,9.882525,,,,,,200.311,,,,,0.112,,,,
652,1,,,-73.9599667,40.8174767,2026-01-24 20:49:16.000,_20260124_154036_CH02_DUT_TMO-AUTO_UDP DOWNLINK 400MB_NJ DUT REF_L3.dml,,,,N41(100)+N41(40),NR SA,378,-92.650000,1.350000,0.038000,21.138702,,,,,,183.219,,,,,0.128,,,,
653,1,,,-73.9599667,40.8174767,2026-01-24 20:49:17.000,_20260124_154036_CH02_DUT_TMO-AUTO_UDP DOWNLINK 400MB_NJ DUT REF_L3.dml,,,,N41(100)+N41(40),NR SA,378,-92.870000,0.810000,0.051000,25.466803,,,,,,211.877,,,,,0.128,,,,
654,1,,,-73.9599667,40.8174767,2026-01-24 20:49:18.000,_20260124_154036_CH02_DUT_TMO-AUTO_UDP DOWNLINK 400MB_NJ DUT REF_L3.dml,,,,N41(100)+N41(40),NR SA,378,-92.680000,0.940000,0.040000,30.549864,,,,,,186.494,,,,,0.136,,,,
655,1,,,-73.9599667,40.8174767,2026-01-24 20:49:19.000,_20260124_154036_CH02_DUT_TMO-AUTO_UDP DOWNLINK 400MB_NJ DUT REF_L3.dml,,,,N41(100)+N41(40),NR SA,378,-93.360000,0.320000,0.096000,35.574966,,,,,,193.794,,,,,0.160,,,,
656,1,,,-73.9599667,40.8174767,2026-01-24 20:49:20.000,_20260124_154036_CH02_DUT_TMO-AUTO_UDP DOWNLINK 400MB_NJ DUT REF_L3.dml,,,,N41(100)+N41(40),NR SA,378,-92.980000,0.100000,0.045000,39.054638,,,,,,177.539,,,,,0.128,,,,
657,1,,,-73.9599667,40.8174767,2026-01-24 20:49:21.000,_20260124_154036_CH02_DUT_TMO-AUTO_UDP DOWNLINK 400MB_NJ DUT REF_L3.dml,,,,N41(100)+N41(40),NR SA,378,-91.790000,1.130000,0.044000,42.132557,,,,,,183.480,,,,,0.128,,,,
658,1,,,-73.9599667,40.8174767,2026-01-24 20:49:22.000,_20260124_154036_CH02_DUT_TMO-AUTO_UDP DOWNLINK 400MB_NJ DUT REF_L3.dml,,,,N41(100)+N41(40),NR SA,378,-91.910000,2.340000,0.072000,43.471069,,,,,,176.974,,,,,0.136,,,,
659,1,,,-73.9599667,40.8174767,2026-01-24 20:49:23.000,_20260124_154036_CH02_DUT_TMO-AUTO_UDP DOWNLINK 400MB_NJ DUT REF_L3.dml,,,,N41(100)+N41(40),NR SA,378,-93.350000,0.750000,0.048000,45.166630,,,,,,169.934,,,,,0.192,,,,
660,1,,,-73.9599667,40.8174767,2026-01-24 20:49:23.777,_20260124_154036_CH02_DUT_TMO-AUTO_UDP DOWNLINK 400MB_NJ DUT REF_L3.dml,,,,,,,,,,,,,,,,,,,,IPERF_T_End,,,,,
661,1,,,-73.9599667,40.8174767,2026-01-24 20:49:24.000,_20260124_154036_CH02_DUT_TMO-AUTO_UDP DOWNLINK 400MB_NJ DUT REF_L3.dml,,,,N41(100)+N41(40),NR SA,378,-91.230000,2.550000,0.031000,46.601665,,,,,,179.019,,,,,0.200,,,,
662,1,,,-73.9599667,40.8174767,2026-01-24 20:49:25.000,_20260124_154036_CH02_DUT_TMO-AUTO_UDP DOWNLINK 400MB_NJ DUT REF_L3.dml,,,,N41(100)+N41(40),,378,-91.660000,2.020000,,,,,,,,,,,,,,,,,
663,1,,,-73.9599667,40.8174767,2026-01-24 20:49:26.000,_20260124_154036_CH02_DUT_TMO-AUTO_UDP DOWNLINK 400MB_NJ DUT REF_L3.dml,,,,N41(100)+N41(40),,378,-91.750000,2.000000,,,,,,,,,,,,,0.104,,,,
664,1,,,-73.9599667,40.8174767,2026-01-24 20:49:27.000,_20260124_154036_CH02_DUT_TMO-AUTO_UDP DOWNLINK 400MB_NJ DUT REF_L3.dml,,,,N41(100)+N41(40),,378,-91.910000,3.450000,,,,,,,,,,,,,0.000,,,,
665,1,,,-73.9599667,40.8174767,2026-01-24 20:49:28.000,_20260124_154036_CH02_DUT_TMO-AUTO_UDP DOWNLINK 400MB_NJ DUT REF_L3.dml,,,,N41(100)+N41(40),,378,-91.410000,3.150000,,,,,,,,,,,,,,,,,
666,1,,,-73.9599667,40.8174767,2026-01-24 20:49:29.000,_20260124_154036_CH02_DUT_TMO-AUTO_UDP DOWNLINK 400MB_NJ DUT REF_L3.dml,,,,N41(100)+N41(40),,378,-91.430000,2.930000,,,,,,,,,,,,,0.016,,,,
667,1,,,-73.9599667,40.8174767,2026-01-24 20:49:30.000,_20260124_154036_CH02_DUT_TMO-AUTO_UDP DOWNLINK 400MB_NJ DUT REF_L3.dml,,,,N41(100)+N41(40),,378,-91.500000,2.750000,,,,,,,,,,,,,0.000,,,,
668,1,,,-73.9599667,40.8174767,2026-01-24 20:49:31.000,_20260124_154036_CH02_DUT_TMO-AUTO_UDP DOWNLINK 400MB_NJ DUT REF_L3.dml,,,,N41(100)+N41(40),,378,-92.600000,1.000000,,,,,,,,,,,,,0.000,,,,
669,1,,,-73.9599667,40.8174767,2026-01-24 20:49:32.000,_20260124_154036_CH02_DUT_TMO-AUTO_UDP DOWNLINK 400MB_NJ DUT REF_L3.dml,,,,N41(100)+N41(40),,378,-92.500000,2.000000,,,,,,,,,,,,,0.000,,,,
670,1,,,-73.9599667,40.8174767,2026-01-24 20:49:33.000,_20260124_154036_CH02_DUT_TMO-AUTO_UDP DOWNLINK 400MB_NJ DUT REF_L3.dml,,,,N41(100)+N41(40),,378,-93.000000,0.500000,,,,,,,,,,,,,,,,,
671,1,,,-73.9599667,40.8174767,2026-01-24 20:49:34.000,_20260124_154036_CH02_DUT_TMO-AUTO_UDP DOWNLINK 400MB_NJ DUT REF_L3.dml,,,,N41(100)+N41(40),,378,-91.380000,2.880000,,,,,,,,,,,,,0.000,,,,
672,1,,,-73.9599667,40.8174767,2026-01-24 20:49:35.000,_20260124_154036_CH02_DUT_TMO-AUTO_UDP DOWNLINK 400MB_NJ DUT REF_L3.dml,,,,N41(x)+N41(x),,378,-91.410000,1.820000,,,,,,,,,,,,,0.008,,,,
673,1,,,-73.9599667,40.8174767,2026-01-24 20:49:36.000,_20260124_154036_CH02_DUT_TMO-AUTO_UDP DOWNLINK 400MB_NJ DUT REF_L3.dml,,,,N41(x)+N41(x),,378,-92.000000,1.500000,,,,,,,,,,,,,,,,,
674,1,,,-73.9599667,40.8174767,2026-01-24 20:49:37.000,_20260124_154036_CH02_DUT_TMO-AUTO_UDP DOWNLINK 400MB_NJ DUT REF_L3.dml,,,,,,,,,,,,,,,,,,,,,,,,,
675,1,,,-73.9599667,40.8174767,2026-01-24 20:49:38.000,_20260124_154036_CH02_DUT_TMO-AUTO_UDP DOWNLINK 400MB_NJ DUT REF_L3.dml,,,,N41(x),,378,-92.000000,2.000000,,,,,,,,,,,,,,,,,
676,1,,,-73.9599667,40.8174767,2026-01-24 20:49:39.000,_20260124_154036_CH02_DUT_TMO-AUTO_UDP DOWNLINK 400MB_NJ DUT REF_L3.dml,,,,,,,,,,,,,,,,,,,,,,,,,
677,1,,,-73.9599667,40.8174767,2026-01-24 20:49:40.000,_20260124_154036_CH02_DUT_TMO-AUTO_UDP DOWNLINK 400MB_NJ DUT REF_L3.dml,,,,,,,,,,,,,,,,,,,,,,,,,
678,1,,,-73.9599667,40.8174767,2026-01-24 20:49:41.000,_20260124_154036_CH02_DUT_TMO-AUTO_UDP DOWNLINK 400MB_NJ DUT REF_L3.dml,,,,,,,,,,,,,,,,,,,,,,,,,
679,1,,,-73.9599667,40.8174767,2026-01-24 20:49:42.000,_20260124_154036_CH02_DUT_TMO-AUTO_UDP DOWNLINK 400MB_NJ DUT REF_L3.dml,,,,N41(x),,378,-93.000000,1.000000,,,,,,,,,,,,,,,,,
680,1,,,-73.9599667,40.8174767,2026-01-24 20:49:43.000,_20260124_154036_CH02_DUT_TMO-AUTO_UDP DOWNLINK 400MB_NJ DUT REF_L3.dml,,,,,,,,,,,,,,,,,,,,,,,,,
681,1,,,-73.9599667,40.8174767,2026-01-24 20:49:43.778,_20260124_154036_CH02_DUT_TMO-AUTO_UDP DOWNLINK 400MB_NJ DUT REF_L3.dml,,,,,,,,,,,,,,,,,,,,TIMEOUT_Idle,,,,,
682,1,,,-73.9599667,40.8174767,2026-01-24 20:49:43.778,_20260124_154036_CH02_DUT_TMO-AUTO_UDP DOWNLINK 400MB_NJ DUT REF_L3.dml,,,,,,,,,,,,,,,,,,,,Iperf Download Call End,,,,,
683,1,,,-73.9599667,40.8174767,2026-01-24 20:49:43.778,_20260124_154036_CH02_DUT_TMO-AUTO_UDP DOWNLINK 400MB_NJ DUT REF_L3.dml,,,,,,,,,,,,,,,,,,186.264512,,,,,,,
684,1,,,-73.9599667,40.8174767,2026-01-24 20:49:43.778,_20260124_154036_CH02_DUT_TMO-AUTO_UDP DOWNLINK 400MB_NJ DUT REF_L3.dml,,,,,,,,,,,,,,,,,,,,START,,,,,
685,1,,,-73.9599667,40.8174767,2026-01-24 20:49:43.778,_20260124_154036_CH02_DUT_TMO-AUTO_UDP DOWNLINK 400MB_NJ DUT REF_L3.dml,,,,,,,,,,,,,,,,,,,,IPERF_T_Start,,,,,
686,1,,,-73.9599667,40.8174767,2026-01-24 20:49:43.778,_20260124_154036_CH02_DUT_TMO-AUTO_UDP DOWNLINK 400MB_NJ DUT REF_L3.dml,,,,,,,,,,,,,,,,,,,,Iperf Download Call Start,,,,,
687,1,,,-73.9599667,40.8174767,2026-01-24 20:49:44.000,_20260124_154036_CH02_DUT_TMO-AUTO_UDP DOWNLINK 400MB_NJ DUT REF_L3.dml,,,,,,,,,,,,,,,,,,,,,,,,,
688,1,,,-73.9599667,40.8174767,2026-01-24 20:49:44.934,_20260124_154036_CH02_DUT_TMO-AUTO_UDP DOWNLINK 400MB_NJ DUT REF_L3.dml,,,,,,,,,,,,,,,,,,,,Iperf Download Start,,,,,
689,1,,,-73.9599667,40.8174767,2026-01-24 20:49:45.000,_20260124_154036_CH02_DUT_TMO-AUTO_UDP DOWNLINK 400MB_NJ DUT REF_L3.dml,,,,N41(100)+N41(x),NR SA,378,-91.000000,3.000000,,,,,,,,,,,,,,,,,
690,1,,,-73.9599667,40.8174767,2026-01-24 20:49:46.000,_20260124_154036_CH02_DUT_TMO-AUTO_UDP DOWNLINK 400MB_NJ DUT REF_L3.dml,,,,N41(100)+N41(40),NR SA,378,-91.310000,3.130000,,,,,,,,,,,,,0.096,,,,
691,1,,,-73.9599667,40.8174767,2026-01-24 20:49:47.000,_20260124_154036_CH02_DUT_TMO-AUTO_UDP DOWNLINK 400MB_NJ DUT REF_L3.dml,,,,N41(100)+N41(40),NR SA,378,-91.960000,2.640000,0.031000,9.810491,,,,,,187.440,,,,,0.104,,,,
692,1,,,-73.9599667,40.8174767,2026-01-24 20:49:48.000,_20260124_154036_CH02_DUT_TMO-AUTO_UDP DOWNLINK 400MB_NJ DUT REF_L3.dml,,,,N41(100)+N41(40),NR SA,378,-92.580000,1.810000,0.045000,23.666430,,,,,,208.330,,,,,0.128,,,,
693,1,,,-73.9599667,40.8174767,2026-01-24 20:49:49.000,_20260124_154036_CH02_DUT_TMO-AUTO_UDP DOWNLINK 400MB_NJ DUT REF_L3.dml,,,,N41(100)+N41(40),NR SA,378,-90.930000,3.610000,0.037000,26.923128,,,,,,209.592,,,,,0.128,,,,
694,1,,,-73.9599667,40.8174767,2026-01-24 20:49:50.000,_20260124_154036_CH02_DUT_TMO-AUTO_UDP DOWNLINK 400MB_NJ DUT REF_L3.dml,,,,N41(100)+N41(40),NR SA,378,-90.850000,3.380000,0.034000,29.549225,,,,,,175.635,,,,,0.112,,,,
695,1,,,-73.9599667,40.8174767,2026-01-24 20:49:51.000,_20260124_154036_CH02_DUT_TMO-AUTO_UDP DOWNLINK 400MB_NJ DUT REF_L3.dml,,,,N41(100)+N41(40),NR SA,378,-90.980000,2.670000,0.096000,35.708248,,,,,,195.383,,,,,0.144,,,,
696,1,,,-73.9599667,40.8174767,2026-01-24 20:49:52.000,_20260124_154036_CH02_DUT_TMO-AUTO_UDP DOWNLINK 400MB_NJ DUT REF_L3.dml,,,,N41(100)+N41(40),NR SA,378,-91.070000,3.140000,0.047000,39.873787,,,,,,211.583,,,,,0.120,,,,
697,1,,,-73.9599667,40.8174767,2026-01-24 20:49:53.000,_20260124_154036_CH02_DUT_TMO-AUTO_UDP DOWNLINK 400MB_NJ DUT REF_L3.dml,,,,N41(100)+N41(40),NR SA,378,-91.600000,2.210000,0.047000,41.368500,,,,,,175.211,,,,,0.152,,,,
698,1,,,-73.9599667,40.8174767,2026-01-24 20:49:54.000,_20260124_154036_CH02_DUT_TMO-AUTO_UDP DOWNLINK 400MB_NJ DUT REF_L3.dml,,,,N41(100)+N41(40),NR SA,378,-93.080000,0.730000,0.056000,42.834358,,,,,,188.768,,,,,0.152,,,,
699,1,,,-73.9599667,40.8174767,2026-01-24 20:49:55.000,_20260124_154036_CH02_DUT_TMO-AUTO_UDP DOWNLINK 400MB_NJ DUT REF_L3.dml,,,,N41(100)+N41(40),NR SA,378,-92.910000,1.210000,0.035000,44.252605,,,,,,172.230,,,,,0.144,,,,
700,1,,,-73.9599667,40.8174767,2026-01-24 20:49:55.075,_20260124_154036_CH02_DUT_TMO-AUTO_UDP DOWNLINK 400MB_NJ DUT REF_L3.dml,,,,,,,,,,,,,,,,,,,,IPERF_T_End,,,,,
701,1,,,-73.9599667,40.8174767,2026-01-24 20:49:56.000,_20260124_154036_CH02_DUT_TMO-AUTO_UDP DOWNLINK 400MB_NJ DUT REF_L3.dml,,,,N41(100)+N41(40),NR SA,378,-93.190000,1.400000,0.066000,45.800182,,,,,,184.339,,,,,0.144,,,,
702,1,,,-73.9599667,40.8174767,2026-01-24 20:49:57.000,_20260124_154036_CH02_DUT_TMO-AUTO_UDP DOWNLINK 400MB_NJ DUT REF_L3.dml,,,,N41(100)+N41(40),,378,-91.420000,2.380000,,,,,,,,,,,,,0.120,,,,
703,1,,,-73.9599667,40.8174767,2026-01-24 20:49:58.000,_20260124_154036_CH02_DUT_TMO-AUTO_UDP DOWNLINK 400MB_NJ DUT REF_L3.dml,,,,N41(100)+N41(40),,378,-93.850000,1.380000,,,,,,,,,,,,,,,,,
704,1,,,-73.9599667,40.8174767,2026-01-24 20:49:59.000,_20260124_154036_CH02_DUT_TMO-AUTO_UDP DOWNLINK 400MB_NJ DUT REF_L3.dml,,,,N41(100)+N41(40),,378,-90.650000,4.130000,,,,,,,,,,,,,0.000,,,,
705,1,,,-73.9599667,40.8174767,2026-01-24 20:50:00.000,_20260124_154036_CH02_DUT_TMO-AUTO_UDP DOWNLINK 400MB_NJ DUT REF_L3.dml,,,,N41(100)+N41(40),,378,-90.330000,4.240000,,,,,,,,,,,,,,,,,
706,1,,,-73.9599667,40.8174767,2026-01-24 20:50:01.000,_20260124_154036_CH02_DUT_TMO-AUTO_UDP DOWNLINK 400MB_NJ DUT REF_L3.dml,,,,N41(100)+N41(40),,378,-91.920000,2.670000,,,,,,,,,,,,,0.008,,,,
707,1,,,-73.9599667,40.8174767,2026-01-24 20:50:02.000,_20260124_154036_CH02_DUT_TMO-AUTO_UDP DOWNLINK 400MB_NJ DUT REF_L3.dml,,,,N41(100)+N41(40),,378,-93.000000,0.900000,,,,,,,,,,,,,0.000,,,,
708,1,,,-73.9599667,40.8174767,2026-01-24 20:50:03.000,_20260124_154036_CH02_DUT_TMO-AUTO_UDP DOWNLINK 400MB_NJ DUT REF_L3.dml,,,,N41(100)+N41(40),,378,-90.860000,2.710000,,,,,,,,,,,,,,,,,
709,1,,,-73.9599667,40.8174767,2026-01-24 20:50:04.000,_20260124_154036_CH02_DUT_TMO-AUTO_UDP DOWNLINK 400MB_NJ DUT REF_L3.dml,,,,N41(100)+N41(40),,378,-90.200000,3.800000,,,,,,,,,,,,,0.000,,,,
710,1,,,-73.9599667,40.8174767,2026-01-24 20:50:05.000,_20260124_154036_CH02_DUT_TMO-AUTO_UDP DOWNLINK 400MB_NJ DUT REF_L3.dml,,,,N41(100)+N41(40),,378,-90.250000,4.000000,,,,,,,,,,,,,0.000,,,,
711,1,,,-73.9599667,40.8174767,2026-01-24 20:50:06.000,_20260124_154036_CH02_DUT_TMO-AUTO_UDP DOWNLINK 400MB_NJ DUT REF_L3.dml,,,,N41(100)+N41(40),,378,-90.680000,3.890000,,,,,,,,,,,,,,,,,
712,1,,,-73.9599667,40.8174767,2026-01-24 20:50:07.000,_20260124_154036_CH02_DUT_TMO-AUTO_UDP DOWNLINK 400MB_NJ DUT REF_L3.dml,,,,N41(x)+N41(x),,378,-90.430000,4.570000,,,,,,,,,,,,,,,,,
713,1,,,-73.9599667,40.8174767,2026-01-24 20:50:08.000,_20260124_154036_CH02_DUT_TMO-AUTO_UDP DOWNLINK 400MB_NJ DUT REF_L3.dml,,,,N41(x)+N41(x),,378,-91.500000,2.500000,,,,,,,,,,,,,,,,,
714,1,,,-73.9599667,40.8174767,2026-01-24 20:50:09.000,_20260124_154036_CH02_DUT_TMO-AUTO_UDP DOWNLINK 400MB_NJ DUT REF_L3.dml,,,,,,,,,,,,,,,,,,,,,,,,,
715,1,,,-73.9599667,40.8174767,2026-01-24 20:50:10.000,_20260124_154036_CH02_DUT_TMO-AUTO_UDP DOWNLINK 400MB_NJ DUT REF_L3.dml,,,,N41(x),,378,-91.000000,4.000000,,,,,,,,,,,,,,,,,
716,1,,,-73.9599667,40.8174767,2026-01-24 20:50:11.000,_20260124_154036_CH02_DUT_TMO-AUTO_UDP DOWNLINK 400MB_NJ DUT REF_L3.dml,,,,,,,,,,,,,,,,,,,,,,,,,
717,1,,,-73.9599667,40.8174767,2026-01-24 20:50:12.000,_20260124_154036_CH02_DUT_TMO-AUTO_UDP DOWNLINK 400MB_NJ DUT REF_L3.dml,,,,N41(x),,378,-91.000000,3.000000,,,,,,,,,,,,,,,,,
718,1,,,-73.9599667,40.8174767,2026-01-24 20:50:13.000,_20260124_154036_CH02_DUT_TMO-AUTO_UDP DOWNLINK 400MB_NJ DUT REF_L3.dml,,,,N41(x),,378,-91.000000,3.000000,,,,,,,,,,,,,,,,,
719,1,,,-73.9599667,40.8174767,2026-01-24 20:50:14.000,_20260124_154036_CH02_DUT_TMO-AUTO_UDP DOWNLINK 400MB_NJ DUT REF_L3.dml,,,,,,,,,,,,,,,,,,,,,,,,,
720,1,,,-73.9599667,40.8174767,2026-01-24 20:50:15.000,_20260124_154036_CH02_DUT_TMO-AUTO_UDP DOWNLINK 400MB_NJ DUT REF_L3.dml,,,,,,,,,,,,,,,,,,,,,,,,,
721,1,,,-73.9599667,40.8174767,2026-01-24 20:50:15.075,_20260124_154036_CH02_DUT_TMO-AUTO_UDP DOWNLINK 400MB_NJ DUT REF_L3.dml,,,,,,,,,,,,,,,,,,,,TIMEOUT_Idle,,,,,
722,1,,,-73.9599667,40.8174767,2026-01-24 20:50:15.075,_20260124_154036_CH02_DUT_TMO-AUTO_UDP DOWNLINK 400MB_NJ DUT REF_L3.dml,,,,,,,,,,,,,,,,,,,,Iperf Download Call End,,,,,
723,1,,,-73.9599667,40.8174767,2026-01-24 20:50:15.075,_20260124_154036_CH02_DUT_TMO-AUTO_UDP DOWNLINK 400MB_NJ DUT REF_L3.dml,,,,,,,,,,,,,,,,,,190.851520,,,,,,,
724,1,,,-73.9599667,40.8174767,2026-01-24 20:50:15.075,_20260124_154036_CH02_DUT_TMO-AUTO_UDP DOWNLINK 400MB_NJ DUT REF_L3.dml,,,,,,,,,,,,,,,,,,,,START,,,,,
725,1,,,-73.9599667,40.8174767,2026-01-24 20:50:15.075,_20260124_154036_CH02_DUT_TMO-AUTO_UDP DOWNLINK 400MB_NJ DUT REF_L3.dml,,,,,,,,,,,,,,,,,,,,IPERF_T_Start,,,,,
726,1,,,-73.9599667,40.8174767,2026-01-24 20:50:15.075,_20260124_154036_CH02_DUT_TMO-AUTO_UDP DOWNLINK 400MB_NJ DUT REF_L3.dml,,,,,,,,,,,,,,,,,,,,Iperf Download Call Start,,,,,
727,1,,,-73.9599667,40.8174767,2026-01-24 20:50:16.000,_20260124_154036_CH02_DUT_TMO-AUTO_UDP DOWNLINK 400MB_NJ DUT REF_L3.dml,,,,N41(100)+N41(40),,378,-92.000000,2.000000,,,,,,,,,,,,,0.016,,,,
728,1,,,-73.9599667,40.8174767,2026-01-24 20:50:16.309,_20260124_154036_CH02_DUT_TMO-AUTO_UDP DOWNLINK 400MB_NJ DUT REF_L3.dml,,,,,,,,,,,,,,,,,,,,Iperf Download Start,,,,,
729,1,,,-73.9599667,40.8174767,2026-01-24 20:50:17.000,_20260124_154036_CH02_DUT_TMO-AUTO_UDP DOWNLINK 400MB_NJ DUT REF_L3.dml,,,,N41(100)+N41(40),NR SA,378,-91.000000,3.090000,,,,,,,,,,,,,0.104,,,,
730,1,,,-73.9599667,40.8174767,2026-01-24 20:50:18.000,_20260124_154036_CH02_DUT_TMO-AUTO_UDP DOWNLINK 400MB_NJ DUT REF_L3.dml,,,,N41(100)+N41(40),NR SA,378,-90.960000,3.100000,0.056000,8.110558,,,,,,176.517,,,,,0.112,,,,
731,1,,,-73.9599667,40.8174767,2026-01-24 20:50:19.000,_20260124_154036_CH02_DUT_TMO-AUTO_UDP DOWNLINK 400MB_NJ DUT REF_L3.dml,,,,N41(100)+N41(40),NR SA,378,-91.250000,3.080000,0.038000,22.913734,,,,,,210.919,,,,,0.120,,,,
732,1,,,-73.9599667,40.8174767,2026-01-24 20:50:20.000,_20260124_154036_CH02_DUT_TMO-AUTO_UDP DOWNLINK 400MB_NJ DUT REF_L3.dml,,,,N41(100)+N41(40),NR SA,378,-91.210000,2.600000,0.024000,26.150837,,,,,,212.464,,,,,0.160,,,,
733,1,,,-73.9599667,40.8174767,2026-01-24 20:50:21.000,_20260124_154036_CH02_DUT_TMO-AUTO_UDP DOWNLINK 400MB_NJ DUT REF_L3.dml,,,,N41(100)+N41(40),NR SA,378,-91.020000,1.940000,0.045000,30.197624,,,,,,189.812,,,,,0.152,,,,
734,1,,,-73.9599667,40.8174767,2026-01-24 20:50:22.000,_20260124_154036_CH02_DUT_TMO-AUTO_UDP DOWNLINK 400MB_NJ DUT REF_L3.dml,,,,N41(100)+N41(40),NR SA,378,-90.980000,3.090000,0.048000,35.561188,,,,,,203.673,,,,,0.128,,,,
735,1,,,-73.9599667,40.8174767,2026-01-24 20:50:23.000,_20260124_154036_CH02_DUT_TMO-AUTO_UDP DOWNLINK 400MB_NJ DUT REF_L3.dml,,,,N41(100)+N41(40),NR SA,378,-91.020000,2.810000,0.072000,38.227699,,,,,,196.046,,,,,0.136,,,,
736,1,,,-73.9599667,40.8174767,2026-01-24 20:50:24.000,_20260124_154036_CH02_DUT_TMO-AUTO_UDP DOWNLINK 400MB_NJ DUT REF_L3.dml,,,,N41(100)+N41(40),NR SA,378,-91.130000,2.280000,0.043000,40.531204,,,,,,193.011,,,,,0.200,,,,
737,1,,,-73.9599667,40.8174767,2026-01-24 20:50:25.000,_20260124_154036_CH02_DUT_TMO-AUTO_UDP DOWNLINK 400MB_NJ DUT REF_L3.dml,,,,N41(100)+N41(40),NR SA,378,-91.040000,2.370000,0.029000,42.123199,,,,,,180.880,,,,,0.152,,,,
738,1,,,-73.9599667,40.8174767,2026-01-24 20:50:26.000,_20260124_154036_CH02_DUT_TMO-AUTO_UDP DOWNLINK 400MB_NJ DUT REF_L3.dml,,,,N41(100)+N41(40),NR SA,378,-91.310000,1.850000,0.287000,43.683937,,,,,,209.853,,,,,0.152,,,,
739,1,,,-73.9599667,40.8174767,2026-01-24 20:50:26.731,_20260124_154036_CH02_DUT_TMO-AUTO_UDP DOWNLINK 400MB_NJ DUT REF_L3.dml,,,,,,,,,,,,,,,,,,,,IPERF_T_End,,,,,
740,1,,,-73.9599667,40.8174767,2026-01-24 20:50:27.000,_20260124_154036_CH02_DUT_TMO-AUTO_UDP DOWNLINK 400MB_NJ DUT REF_L3.dml,,,,N41(100)+N41(40),NR SA,378,-91.790000,2.060000,0.128000,44.586948,,,,,,198.810,,,,,0.144,,,,
741,1,,,-73.9599667,40.8174767,2026-01-24 20:50:28.000,_20260124_154036_CH02_DUT_TMO-AUTO_UDP DOWNLINK 400MB_NJ DUT REF_L3.dml,,,,N41(100)+N41(40),,378,-91.240000,2.740000,,,,,,,,,,,,,,,,,
742,1,,,-73.9599667,40.8174767,2026-01-24 20:50:29.000,_20260124_154036_CH02_DUT_TMO-AUTO_UDP DOWNLINK 400MB_NJ DUT REF_L3.dml,,,,N41(100)+N41(40),,378,-91.290000,2.240000,,,,,,,,,,,,,0.256,,,,
743,1,,,-73.9599667,40.8174767,2026-01-24 20:50:30.000,_20260124_154036_CH02_DUT_TMO-AUTO_UDP DOWNLINK 400MB_NJ DUT REF_L3.dml,,,,N41(100)+N41(40),,378,-90.940000,2.290000,,,,,,,,,,,,,,,,,
744,1,,,-73.9599667,40.8174767,2026-01-24 20:50:31.000,_20260124_154036_CH02_DUT_TMO-AUTO_UDP DOWNLINK 400MB_NJ DUT REF_L3.dml,,,,N41(100)+N41(40),,378,-90.950000,2.620000,,,,,,,,,,,,,,,,,
745,1,,,-73.9599667,40.8174767,2026-01-24 20:50:32.000,_20260124_154036_CH02_DUT_TMO-AUTO_UDP DOWNLINK 400MB_NJ DUT REF_L3.dml,,,,N41(100)+N41(40),,378,-91.860000,1.210000,,,,,,,,,,,,,0.016,,,,
746,1,,,-73.9599667,40.8174767,2026-01-24 20:50:33.000,_20260124_154036_CH02_DUT_TMO-AUTO_UDP DOWNLINK 400MB_NJ DUT REF_L3.dml,,,,N41(100)+N41(40),,378,-92.000000,1.000000,,,,,,,,,,,,,0.000,,,,
747,1,,,-73.9599667,40.8174767,2026-01-24 20:50:34.000,_20260124_154036_CH02_DUT_TMO-AUTO_UDP DOWNLINK 400MB_NJ DUT REF_L3.dml,,,,N41(100)+N41(40),,378,-92.500000,1.500000,,,,,,,,,,,,,0.000,,,,
748,1,,,-73.9599667,40.8174767,2026-01-24 20:50:35.000,_20260124_154036_CH02_DUT_TMO-AUTO_UDP DOWNLINK 400MB_NJ DUT REF_L3.dml,,,,N41(100)+N41(40),,378,-91.000000,2.000000,,,,,,,,,,,,,,,,,
749,1,,,-73.9599667,40.8174767,2026-01-24 20:50:36.000,_20260124_154036_CH02_DUT_TMO-AUTO_UDP DOWNLINK 400MB_NJ DUT REF_L3.dml,,,,N41(100)+N41(40),,378,-92.670000,0.000000,,,,,,,,,,,,,0.000,,,,
750,1,,,-73.9599667,40.8174767,2026-01-24 20:50:37.000,_20260124_154036_CH02_DUT_TMO-AUTO_UDP DOWNLINK 400MB_NJ DUT REF_L3.dml,,,,N41(100)+N41(40),,378,-91.050000,1.360000,,,,,,,,,,,,,0.000,,,,
751,1,,,-73.9599667,40.8174767,2026-01-24 20:50:38.000,_20260124_154036_CH02_DUT_TMO-AUTO_UDP DOWNLINK 400MB_NJ DUT REF_L3.dml,,,,N41(x)+N41(x),,378,-92.150000,1.000000,,,,,,,,,,,,,0.008,,,,
752,1,,,-73.9599667,40.8174767,2026-01-24 20:50:39.000,_20260124_154036_CH02_DUT_TMO-AUTO_UDP DOWNLINK 400MB_NJ DUT REF_L3.dml,,,,N41(x),,378,-94.500000,-1.500000,,,,,,,,,,,,,,,,,
753,1,,,-73.9599667,40.8174767,2026-01-24 20:50:40.000,_20260124_154036_CH02_DUT_TMO-AUTO_UDP DOWNLINK 400MB_NJ DUT REF_L3.dml,,,,N41(x),,378,-94.000000,-1.000000,,,,,,,,,,,,,,,,,
754,1,,,-73.9599667,40.8174767,2026-01-24 20:50:41.000,_20260124_154036_CH02_DUT_TMO-AUTO_UDP DOWNLINK 400MB_NJ DUT REF_L3.dml,,,,N41(x),,378,-94.000000,0.000000,,,,,,,,,,,,,,,,,
755,1,,,-73.9599667,40.8174767,2026-01-24 20:50:42.000,_20260124_154036_CH02_DUT_TMO-AUTO_UDP DOWNLINK 400MB_NJ DUT REF_L3.dml,,,,N41(x),,378,-93.000000,0.000000,,,,,,,,,,,,,,,,,
756,1,,,-73.9599667,40.8174767,2026-01-24 20:50:43.000,_20260124_154036_CH02_DUT_TMO-AUTO_UDP DOWNLINK 400MB_NJ DUT REF_L3.dml,,,,,,,,,,,,,,,,,,,,,,,,,
757,1,,,-73.9599667,40.8174767,2026-01-24 20:50:44.000,_20260124_154036_CH02_DUT_TMO-AUTO_UDP DOWNLINK 400MB_NJ DUT REF_L3.dml,,,,N41(x),,378,-91.000000,1.000000,,,,,,,,,,,,,,,,,
758,1,,,-73.9599667,40.8174767,2026-01-24 20:50:45.000,_20260124_154036_CH02_DUT_TMO-AUTO_UDP DOWNLINK 400MB_NJ DUT REF_L3.dml,,,,N41(x),,378,-91.000000,1.000000,,,,,,,,,,,,,,,,,
759,1,,,-73.9599667,40.8174767,2026-01-24 20:50:46.000,_20260124_154036_CH02_DUT_TMO-AUTO_UDP DOWNLINK 400MB_NJ DUT REF_L3.dml,,,,N41(x),,378,-91.000000,1.000000,,,,,,,,,,,,,,,,,
760,1,,,-73.9599667,40.8174767,2026-01-24 20:50:46.731,_20260124_154036_CH02_DUT_TMO-AUTO_UDP DOWNLINK 400MB_NJ DUT REF_L3.dml,,,,,,,,,,,,,,,,,,,,TIMEOUT_Idle,,,,,
761,1,,,-73.9599667,40.8174767,2026-01-24 20:50:46.731,_20260124_154036_CH02_DUT_TMO-AUTO_UDP DOWNLINK 400MB_NJ DUT REF_L3.dml,,,,,,,,,,,,,,,,,,,,Iperf Download Call End,,,,,
762,1,,,-73.9599667,40.8174767,2026-01-24 20:50:46.731,_20260124_154036_CH02_DUT_TMO-AUTO_UDP DOWNLINK 400MB_NJ DUT REF_L3.dml,,,,,,,,,,,,,,,,,,197.198912,,,,,,,
763,1,,,-73.9599667,40.8174767,2026-01-24 20:50:46.731,_20260124_154036_CH02_DUT_TMO-AUTO_UDP DOWNLINK 400MB_NJ DUT REF_L3.dml,,,,,,,,,,,,,,,,,,,,START,,,,,
764,1,,,-73.9599667,40.8174767,2026-01-24 20:50:46.731,_20260124_154036_CH02_DUT_TMO-AUTO_UDP DOWNLINK 400MB_NJ DUT REF_L3.dml,,,,,,,,,,,,,,,,,,,,IPERF_T_Start,,,,,
765,1,,,-73.9599667,40.8174767,2026-01-24 20:50:46.731,_20260124_154036_CH02_DUT_TMO-AUTO_UDP DOWNLINK 400MB_NJ DUT REF_L3.dml,,,,,,,,,,,,,,,,,,,,Iperf Download Call Start,,,,,
766,1,,,-73.9599667,40.8174767,2026-01-24 20:50:47.000,_20260124_154036_CH02_DUT_TMO-AUTO_UDP DOWNLINK 400MB_NJ DUT REF_L3.dml,,,,,,,,,,,,,,,,,,,,,,,,,
767,1,,,-73.9599667,40.8174767,2026-01-24 20:50:47.919,_20260124_154036_CH02_DUT_TMO-AUTO_UDP DOWNLINK 400MB_NJ DUT REF_L3.dml,,,,,,,,,,,,,,,,,,,,Iperf Download Start,,,,,
768,1,,,-73.9599667,40.8174767,2026-01-24 20:50:48.000,_20260124_154036_CH02_DUT_TMO-AUTO_UDP DOWNLINK 400MB_NJ DUT REF_L3.dml,,,,N41(100)+N41(x),NR SA,378,-92.770000,0.360000,,,,,,,,,,,,,,,,,
769,1,,,-73.9599667,40.8174767,2026-01-24 20:50:49.000,_20260124_154036_CH02_DUT_TMO-AUTO_UDP DOWNLINK 400MB_NJ DUT REF_L3.dml,,,,N41(100)+N41(40),NR SA,378,-91.980000,0.710000,,,,,,,,,,,,,0.152,,,,
770,1,,,-73.9599667,40.8174767,2026-01-24 20:50:50.000,_20260124_154036_CH02_DUT_TMO-AUTO_UDP DOWNLINK 400MB_NJ DUT REF_L3.dml,,,,N41(100)+N41(40),NR SA,378,-91.620000,1.680000,0.033000,13.076077,,,,,,137.490,,,,,0.184,,,,
771,1,,,-73.9599667,40.8174767,2026-01-24 20:50:51.000,_20260124_154036_CH02_DUT_TMO-AUTO_UDP DOWNLINK 400MB_NJ DUT REF_L3.dml,,,,N41(100)+N41(40),NR SA,378,-91.710000,0.980000,0.028000,26.575247,,,,,,160.197,,,,,0.168,,,,
772,1,,,-73.9599667,40.8174767,2026-01-24 20:50:52.000,_20260124_154036_CH02_DUT_TMO-AUTO_UDP DOWNLINK 400MB_NJ DUT REF_L3.dml,,,,N41(100)+N41(40),NR SA,378,-91.740000,1.490000,0.127000,32.641838,,,,,,218.089,,,,,0.208,,,,
773,1,,,-73.9599667,40.8174767,2026-01-24 20:50:53.000,_20260124_154036_CH02_DUT_TMO-AUTO_UDP DOWNLINK 400MB_NJ DUT REF_L3.dml,,,,N41(100)+N41(40),NR SA,378,-91.360000,1.380000,0.048000,37.059082,,,,,,203.314,,,,,0.136,,,,
774,1,,,-73.9599667,40.8174767,2026-01-24 20:50:54.000,_20260124_154036_CH02_DUT_TMO-AUTO_UDP DOWNLINK 400MB_NJ DUT REF_L3.dml,,,,N41(100)+N41(40),NR SA,378,-91.660000,1.640000,0.101000,39.875404,,,,,,157.705,,,,,0.184,,,,
775,1,,,-73.9599667,40.8174767,2026-01-24 20:50:55.000,_20260124_154036_CH02_DUT_TMO-AUTO_UDP DOWNLINK 400MB_NJ DUT REF_L3.dml,,,,N41(100)+N41(40),NR SA,378,-92.910000,0.090000,0.034000,44.113487,,,,,,201.856,,,,,0.168,,,,
776,1,,,-73.9599667,40.8174767,2026-01-24 20:50:56.000,_20260124_154036_CH02_DUT_TMO-AUTO_UDP DOWNLINK 400MB_NJ DUT REF_L3.dml,,,,N41(100)+N41(40),NR SA,378,-92.030000,1.700000,0.124000,45.646332,,,,,,184.720,,,,,0.120,,,,
777,1,,,-73.9599667,40.8174767,2026-01-24 20:50:57.000,_20260124_154036_CH02_DUT_TMO-AUTO_UDP DOWNLINK 400MB_NJ DUT REF_L3.dml,,,,N41(100)+N41(40),NR SA,378,-91.170000,1.150000,0.032000,46.388542,,,,,,192.249,,,,,0.128,,,,
778,1,,,-73.9599667,40.8174767,2026-01-24 20:50:58.000,_20260124_154036_CH02_DUT_TMO-AUTO_UDP DOWNLINK 400MB_NJ DUT REF_L3.dml,,,,N41(100)+N41(40),NR SA,378,-91.260000,1.770000,0.026000,47.188183,,,,,,205.120,,,,,0.112,,,,
779,1,,,-73.9599667,40.8174767,2026-01-24 20:50:58.294,_20260124_154036_CH02_DUT_TMO-AUTO_UDP DOWNLINK 400MB_NJ DUT REF_L3.dml,,,,,,,,,,,,,,,,,,,,IPERF_T_End,,,,,
780,1,,,-73.9599667,40.8174767,2026-01-24 20:50:59.000,_20260124_154036_CH02_DUT_TMO-AUTO_UDP DOWNLINK 400MB_NJ DUT REF_L3.dml,,,,N41(100)+N41(40),NR SA,378,-91.400000,1.580000,0.036000,47.296448,,,,,,208.145,,,,,0.120,,,,
781,1,,,-73.9599667,40.8174767,2026-01-24 20:51:00.000,_20260124_154036_CH02_DUT_TMO-AUTO_UDP DOWNLINK 400MB_NJ DUT REF_L3.dml,,,,N41(100)+N41(40),,378,-91.420000,1.670000,,,,,,,,,,,,,0.072,,,,
782,1,,,-73.9599667,40.8174767,2026-01-24 20:51:01.000,_20260124_154036_CH02_DUT_TMO-AUTO_UDP DOWNLINK 400MB_NJ DUT REF_L3.dml,,,,N41(100)+N41(40),,378,-91.120000,1.750000,,,,,,,,,,,,,,,,,
783,1,,,-73.9599667,40.8174767,2026-01-24 20:51:02.000,_20260124_154036_CH02_DUT_TMO-AUTO_UDP DOWNLINK 400MB_NJ DUT REF_L3.dml,,,,N41(100)+N41(40),,378,-91.660000,1.760000,,,,,,,,,,,,,0.004,,,,
784,1,,,-73.9599667,40.8174767,2026-01-24 20:51:03.000,_20260124_154036_CH02_DUT_TMO-AUTO_UDP DOWNLINK 400MB_NJ DUT REF_L3.dml,,,,N41(100)+N41(40),,378,-92.030000,1.870000,,,,,,,,,,,,,,,,,
785,1,,,-73.9599667,40.8174767,2026-01-24 20:51:04.000,_20260124_154036_CH02_DUT_TMO-AUTO_UDP DOWNLINK 400MB_NJ DUT REF_L3.dml,,,,N41(100)+N41(40),,378,-91.620000,1.380000,,,,,,,,,,,,,0.008,,,,
786,1,,,-73.9599667,40.8174767,2026-01-24 20:51:05.000,_20260124_154036_CH02_DUT_TMO-AUTO_UDP DOWNLINK 400MB_NJ DUT REF_L3.dml,,,,N41(100)+N41(40),,378,-91.330000,2.330000,,,,,,,,,,,,,0.000,,,,
787,1,,,-73.9599667,40.8174767,2026-01-24 20:51:06.000,_20260124_154036_CH02_DUT_TMO-AUTO_UDP DOWNLINK 400MB_NJ DUT REF_L3.dml,,,,N41(100)+N41(40),,378,-91.750000,1.000000,,,,,,,,,,,,,0.000,,,,
788,1,,,-73.9599667,40.8174767,2026-01-24 20:51:07.000,_20260124_154036_CH02_DUT_TMO-AUTO_UDP DOWNLINK 400MB_NJ DUT REF_L3.dml,,,,N41(100)+N41(40),,378,-91.500000,1.380000,,,,,,,,,,,,,0.000,,,,
789,1,,,-73.9599667,40.8174767,2026-01-24 20:51:08.000,_20260124_154036_CH02_DUT_TMO-AUTO_UDP DOWNLINK 400MB_NJ DUT REF_L3.dml,,,,N41(100)+N41(40),,378,-91.000000,1.250000,,,,,,,,,,,,,,,,,
790,1,,,-73.9599667,40.8174767,2026-01-24 20:51:09.000,_20260124_154036_CH02_DUT_TMO-AUTO_UDP DOWNLINK 400MB_NJ DUT REF_L3.dml,,,,N41(100)+N41(40),,378,-91.290000,2.710000,,,,,,,,,,,,,0.000,,,,
791,1,,,-73.9599667,40.8174767,2026-01-24 20:51:10.000,_20260124_154036_CH02_DUT_TMO-AUTO_UDP DOWNLINK 400MB_NJ DUT REF_L3.dml,,,,N41(x)+N41(x),,378,-91.670000,1.330000,,,,,,,,,,,,,0.008,,,,
792,1,,,-73.9599667,40.8174767,2026-01-24 20:51:11.000,_20260124_154036_CH02_DUT_TMO-AUTO_UDP DOWNLINK 400MB_NJ DUT REF_L3.dml,,,,N41(x),,378,-92.000000,1.330000,,,,,,,,,,,,,,,,,
793,1,,,-73.9599667,40.8174767,2026-01-24 20:51:12.000,_20260124_154036_CH02_DUT_TMO-AUTO_UDP DOWNLINK 400MB_NJ DUT REF_L3.dml,,,,N41(x),,378,-92.000000,1.000000,,,,,,,,,,,,,,,,,
794,1,,,-73.9599667,40.8174767,2026-01-24 20:51:13.000,_20260124_154036_CH02_DUT_TMO-AUTO_UDP DOWNLINK 400MB_NJ DUT REF_L3.dml,,,,N41(x),,378,-92.000000,2.000000,,,,,,,,,,,,,,,,,
795,1,,,-73.9599667,40.8174767,2026-01-24 20:51:14.000,_20260124_154036_CH02_DUT_TMO-AUTO_UDP DOWNLINK 400MB_NJ DUT REF_L3.dml,,,,N41(x),,378,-92.000000,1.000000,,,,,,,,,,,,,,,,,
796,1,,,-73.9599667,40.8174767,2026-01-24 20:51:15.000,_20260124_154036_CH02_DUT_TMO-AUTO_UDP DOWNLINK 400MB_NJ DUT REF_L3.dml,,,,,,,,,,,,,,,,,,,,,,,,,
797,1,,,-73.9599667,40.8174767,2026-01-24 20:51:16.000,_20260124_154036_CH02_DUT_TMO-AUTO_UDP DOWNLINK 400MB_NJ DUT REF_L3.dml,,,,N41(x),,378,-91.000000,2.000000,,,,,,,,,,,,,,,,,
798,1,,,-73.9599667,40.8174767,2026-01-24 20:51:17.000,_20260124_154036_CH02_DUT_TMO-AUTO_UDP DOWNLINK 400MB_NJ DUT REF_L3.dml,,,,N41(x),,378,-91.000000,2.000000,,,,,,,,,,,,,,,,,
799,1,,,-73.9599667,40.8174767,2026-01-24 20:51:18.000,_20260124_154036_CH02_DUT_TMO-AUTO_UDP DOWNLINK 400MB_NJ DUT REF_L3.dml,,,,,,,,,,,,,,,,,,,,,,,,,
800,1,,,-73.9599667,40.8174767,2026-01-24 20:51:18.309,_20260124_154036_CH02_DUT_TMO-AUTO_UDP DOWNLINK 400MB_NJ DUT REF_L3.dml,,,,,,,,,,,,,,,,,,,,TIMEOUT_Idle,,,,,
801,1,,,-73.9599667,40.8174767,2026-01-24 20:51:18.309,_20260124_154036_CH02_DUT_TMO-AUTO_UDP DOWNLINK 400MB_NJ DUT REF_L3.dml,,,,,,,,,,,,,,,,,,,,Iperf Download Call End,,,,,
802,1,,,-73.9599667,40.8174767,2026-01-24 20:51:18.309,_20260124_154036_CH02_DUT_TMO-AUTO_UDP DOWNLINK 400MB_NJ DUT REF_L3.dml,,,,,,,,,,,,,,,,,,186.889024,,,,,,,
803,1,,,-73.9599667,40.8174767,2026-01-24 20:51:18.309,_20260124_154036_CH02_DUT_TMO-AUTO_UDP DOWNLINK 400MB_NJ DUT REF_L3.dml,,,,,,,,,,,,,,,,,,,,MeasureStop,,,,,
