IDX,LID,CI_1,CI_2,Lon,Lat,Time,Measure,[LTE] [L1] [RF] PCI,[LTE] [L1] [RF] RSRP,[LTE] [L1] [RF] RS SINR,[General] Band Classification,[General] Serving Network (In Traffic),[NR5G] [RF] PCI,[NR5G] [RF] RSRP,[NR5G] [RF] SINR,[Call Test] [iPerf] [Throughput] DL Jitter,[Call Test] [iPerf] [Throughput] DL Error Ratio,[Call Test] [iPerf] [Call Average] [Jitter and Error] UL Jitter,[Call Test] [iPerf] [Call Average] [Jitter and Error] UL Error Ratio,[Event] [Data call test detail events] FTP Call Event,[Event] [Data call test detail events] HTTP Call Event,[Call Test] [HTTP Transfer] HTTP Transfer Call Event,[Call Test] [Throughput] Application DL TP,[Call Test] [iPerf] [Call Average] [Throughput] UL Avg TP,[Call Test] [iPerf] [Call Average] [Throughput] DL Avg TP,[Call Test] [Throughput] Application UL TP,[Event] [Data call test detail events] IPERF Call Event,[NR5G] [Throughput] PUSCH TP,[Event] [Data call test detail events] Ping Call Event,[Call Test] [HTTP] Total duration,[Call Test] [PING] Loss Count,[Call Test] [PING] [RTT] RTT
1,1,,,-73.9879383,40.7623133,2026-01-23 16:57:33.000,_20260123_115728_CH01_REF_TMO_PING_NJ DUT REF_L2.dml,,,,,,,,,,,,,,,,,,,,,,,,,
2,1,,,-73.9879467,40.7623250,2026-01-23 16:57:34.000,_20260123_115728_CH01_REF_TMO_PING_NJ DUT REF_L2.dml,,,,,,,,,,,,,,,,,,,,,,,,,
3,1,,,-73.9879517,40.7623250,2026-01-23 16:57:35.000,_20260123_115728_CH01_REF_TMO_PING_NJ DUT REF_L2.dml,,,,,,,,,,,,,,,,,,,,,,,,,
4,1,,,-73.9879550,40.7623250,2026-01-23 16:57:36.000,_20260123_115728_CH01_REF_TMO_PING_NJ DUT REF_L2.dml,,,,,,,,,,,,,,,,,,,,,,,,,
5,1,,,-73.9879567,40.7623217,2026-01-23 16:57:37.000,_20260123_115728_CH01_REF_TMO_PING_NJ DUT REF_L2.dml,,,,,,,,,,,,,,,,,,,,,,,,,
6,1,,,-73.9879583,40.7623217,2026-01-23 16:57:38.000,_20260123_115728_CH01_REF_TMO_PING_NJ DUT REF_L2.dml,,,,,,,,,,,,,,,,,,,,,,,,,
7,1,,,-73.9879617,40.7623217,2026-01-23 16:57:39.000,_20260123_115728_CH01_REF_TMO_PING_NJ DUT REF_L2.dml,,,,N41(100)+N71(x),,371,-73.040000,18.580000,,,,,,,,,,,,,,,,,
8,1,,,-73.9879633,40.7623217,2026-01-23 16:57:40.000,_20260123_115728_CH01_REF_TMO_PING_NJ DUT REF_L2.dml,,,,N41(100)+N71(15),,371,-76.260000,13.380000,,,,,,,,,,,,,0.056,,,,
9,1,,,-73.9879650,40.7623233,2026-01-23 16:57:41.000,_20260123_115728_CH01_REF_TMO_PING_NJ DUT REF_L2.dml,,,,N41(100)+N71(15),,371,-75.200000,14.800000,,,,,,,,,,,,,0.000,,,,
10,1,,,-73.9879683,40.7623250,2026-01-23 16:57:42.000,_20260123_115728_CH01_REF_TMO_PING_NJ DUT REF_L2.dml,,,,N41(100)+N71(15),,371,-76.960000,15.690000,,,,,,,,,,,,,0.000,,,,
11,1,,,-73.9879683,40.7623267,2026-01-23 16:57:42.800,_20260123_115728_CH01_REF_TMO_PING_NJ DUT REF_L2.dml,,,,,,,,,,,,,,,,,,,,,,PING MeasureStart,,,
12,1,,,-73.9879683,40.7623267,2026-01-23 16:57:42.800,_20260123_115728_CH01_REF_TMO_PING_NJ DUT REF_L2.dml,,,,,,,,,,,,,,,,,,,,,,PING START,,,
13,1,,,-73.9879683,40.7623267,2026-01-23 16:57:43.000,_20260123_115728_CH01_REF_TMO_PING_NJ DUT REF_L2.dml,,,,N41(100)+N71(15),,371,-74.980000,16.050000,,,,,,,,,,,,,0.000,,,,
14,1,,,-73.9879683,40.7623283,2026-01-23 16:57:44.000,_20260123_115728_CH01_REF_TMO_PING_NJ DUT REF_L2.dml,,,,N41(100)+N71(15),,371,-74.400000,15.820000,,,,,,,,,,,,,0.000,,,,
15,1,,,-73.9879700,40.7623283,2026-01-23 16:57:45.000,_20260123_115728_CH01_REF_TMO_PING_NJ DUT REF_L2.dml,,,,N41(100)+N71(15),,371,-74.520000,15.700000,,,,,,,,,,,,,0.000,,,,
16,1,,,-73.9879700,40.7623283,2026-01-23 16:57:45.816,_20260123_115728_CH01_REF_TMO_PING_NJ DUT REF_L2.dml,,,,,,,,,,,,,,,,,,,,,,TIMEOUT_FrontIdle,,,
17,1,,,-73.9879700,40.7623283,2026-01-23 16:57:45.816,_20260123_115728_CH01_REF_TMO_PING_NJ DUT REF_L2.dml,,,,,,,,,,,,,,,,,,,,,,PING Traffic Start,,,
18,1,,,-73.9879700,40.7623283,2026-01-23 16:57:46.019,_20260123_115728_CH01_REF_TMO_PING_NJ DUT REF_L2.dml,,,,,,,,,,,,,,,,,,,,,,,,,26
19,1,,,-73.9879700,40.7623283,2026-01-23 16:57:46.000,_20260123_115728_CH01_REF_TMO_PING_NJ DUT REF_L2.dml,,,,N41(100)+N71(15),NR SA,371,-75.030000,16.450000,,,,,,,,,,,,,0.000,,,,
20,1,,,-73.9879700,40.7623283,2026-01-23 16:57:46.239,_20260123_115728_CH01_REF_TMO_PING_NJ DUT REF_L2.dml,,,,,,,,,,,,,,,,,,,,,,,,,35
21,1,,,-73.9879700,40.7623283,2026-01-23 16:57:46.441,_20260123_115728_CH01_REF_TMO_PING_NJ DUT REF_L2.dml,,,,,,,,,,,,,,,,,,,,,,,,,34
22,1,,,-73.9879700,40.7623283,2026-01-23 16:57:46.629,_20260123_115728_CH01_REF_TMO_PING_NJ DUT REF_L2.dml,,,,,,,,,,,,,,,,,,,,,,,,,32
23,1,,,-73.9879700,40.7623283,2026-01-23 16:57:46.831,_20260123_115728_CH01_REF_TMO_PING_NJ DUT REF_L2.dml,,,,,,,,,,,,,,,,,,,,,,,,,31
24,1,,,-73.9879700,40.7623283,2026-01-23 16:57:47.000,_20260123_115728_CH01_REF_TMO_PING_NJ DUT REF_L2.dml,,,,N41(100)+N71(15),NR SA,371,-75.270000,15.750000,,,,,,,,,,,,,0.024,,,,
25,1,,,-73.9879700,40.7623283,2026-01-23 16:57:47.066,_20260123_115728_CH01_REF_TMO_PING_NJ DUT REF_L2.dml,,,,,,,,,,,,,,,,,,,,,,,,,57
26,1,,,-73.9879700,40.7623283,2026-01-23 16:57:47.269,_20260123_115728_CH01_REF_TMO_PING_NJ DUT REF_L2.dml,,,,,,,,,,,,,,,,,,,,,,,,,58
27,1,,,-73.9879700,40.7623283,2026-01-23 16:57:47.456,_20260123_115728_CH01_REF_TMO_PING_NJ DUT REF_L2.dml,,,,,,,,,,,,,,,,,,,,,,,,,51
28,1,,,-73.9879700,40.7623283,2026-01-23 16:57:47.660,_20260123_115728_CH01_REF_TMO_PING_NJ DUT REF_L2.dml,,,,,,,,,,,,,,,,,,,,,,,,,45
29,1,,,-73.9879700,40.7623283,2026-01-23 16:57:47.848,_20260123_115728_CH01_REF_TMO_PING_NJ DUT REF_L2.dml,,,,,,,,,,,,,,,,,,,,,,,,,44
30,1,,,-73.9879700,40.7623283,2026-01-23 16:57:48.000,_20260123_115728_CH01_REF_TMO_PING_NJ DUT REF_L2.dml,,,,N41(100)+N71(15),NR SA,371,-75.000000,15.820000,,,,,,,,,,,,,0.016,,,,
31,1,,,-73.9879700,40.7623283,2026-01-23 16:57:48.050,_20260123_115728_CH01_REF_TMO_PING_NJ DUT REF_L2.dml,,,,,,,,,,,,,,,,,,,,,,,,,46
32,1,,,-73.9879700,40.7623283,2026-01-23 16:57:48.254,_20260123_115728_CH01_REF_TMO_PING_NJ DUT REF_L2.dml,,,,,,,,,,,,,,,,,,,,,,,,,44
33,1,,,-73.9879700,40.7623283,2026-01-23 16:57:48.456,_20260123_115728_CH01_REF_TMO_PING_NJ DUT REF_L2.dml,,,,,,,,,,,,,,,,,,,,,,,,,41
34,1,,,-73.9879700,40.7623283,2026-01-23 16:57:48.660,_20260123_115728_CH01_REF_TMO_PING_NJ DUT REF_L2.dml,,,,,,,,,,,,,,,,,,,,,,,,,40
35,1,,,-73.9879700,40.7623283,2026-01-23 16:57:48.847,_20260123_115728_CH01_REF_TMO_PING_NJ DUT REF_L2.dml,,,,,,,,,,,,,,,,,,,,,,,,,38
36,1,,,-73.9879700,40.7623283,2026-01-23 16:57:49.000,_20260123_115728_CH01_REF_TMO_PING_NJ DUT REF_L2.dml,,,,N41(100)+N71(15),NR SA,371,-75.760000,15.000000,,,,,,,,,,,,,0.016,,,,
37,1,,,-73.9879700,40.7623283,2026-01-23 16:57:49.050,_20260123_115728_CH01_REF_TMO_PING_NJ DUT REF_L2.dml,,,,,,,,,,,,,,,,,,,,,,,,,39
38,1,,,-73.9879700,40.7623283,2026-01-23 16:57:49.254,_20260123_115728_CH01_REF_TMO_PING_NJ DUT REF_L2.dml,,,,,,,,,,,,,,,,,,,,,,,,,37
39,1,,,-73.9879700,40.7623283,2026-01-23 16:57:49.456,_20260123_115728_CH01_REF_TMO_PING_NJ DUT REF_L2.dml,,,,,,,,,,,,,,,,,,,,,,,,,36
40,1,,,-73.9879700,40.7623283,2026-01-23 16:57:49.691,_20260123_115728_CH01_REF_TMO_PING_NJ DUT REF_L2.dml,,,,,,,,,,,,,,,,,,,,,,,,,70
41,1,,,-73.9879700,40.7623283,2026-01-23 16:57:49.894,_20260123_115728_CH01_REF_TMO_PING_NJ DUT REF_L2.dml,,,,,,,,,,,,,,,,,,,,,,,,,67
42,1,,,-73.9879700,40.7623283,2026-01-23 16:57:50.000,_20260123_115728_CH01_REF_TMO_PING_NJ DUT REF_L2.dml,,,,N41(100)+N71(15),NR SA,371,-74.500000,15.360000,,,,,,,,,,,,,0.016,,,,
43,1,,,-73.9879700,40.7623283,2026-01-23 16:57:50.050,_20260123_115728_CH01_REF_TMO_PING_NJ DUT REF_L2.dml,,,,,,,,,,,,,,,,,,,,,,,,,28
44,1,,,-73.9879700,40.7623283,2026-01-23 16:57:50.254,_20260123_115728_CH01_REF_TMO_PING_NJ DUT REF_L2.dml,,,,,,,,,,,,,,,,,,,,,,,,,33
45,1,,,-73.9879700,40.7623283,2026-01-23 16:57:50.456,_20260123_115728_CH01_REF_TMO_PING_NJ DUT REF_L2.dml,,,,,,,,,,,,,,,,,,,,,,,,,32
46,1,,,-73.9879700,40.7623283,2026-01-23 16:57:50.660,_20260123_115728_CH01_REF_TMO_PING_NJ DUT REF_L2.dml,,,,,,,,,,,,,,,,,,,,,,,,,31
47,1,,,-73.9879700,40.7623283,2026-01-23 16:57:50.879,_20260123_115728_CH01_REF_TMO_PING_NJ DUT REF_L2.dml,,,,,,,,,,,,,,,,,,,,,,,,,49
48,1,,,-73.9879700,40.7623283,2026-01-23 16:57:51.000,_20260123_115728_CH01_REF_TMO_PING_NJ DUT REF_L2.dml,,,,N41(100)+N71(15),NR SA,371,-75.300000,15.120000,,,,,,,,,,,,,0.048,,,,
49,1,,,-73.9879700,40.7623283,2026-01-23 16:57:51.894,_20260123_115728_CH01_REF_TMO_PING_NJ DUT REF_L2.dml,,,,,,,,,,,,,,,,,,,,,,PING Traffic End,,,
50,1,,,-73.9879700,40.7623283,2026-01-23 16:57:52.000,_20260123_115728_CH01_REF_TMO_PING_NJ DUT REF_L2.dml,,,,N41(100)+N71(15),,371,-74.740000,15.160000,,,,,,,,,,,,,0.008,,,,
51,1,,,-73.9879700,40.7623283,2026-01-23 16:57:53.000,_20260123_115728_CH01_REF_TMO_PING_NJ DUT REF_L2.dml,,,,N41(100)+N71(15),,371,-74.150000,15.630000,,,,,,,,,,,,,0.000,,,,
52,1,,,-73.9879700,40.7623283,2026-01-23 16:57:54.000,_20260123_115728_CH01_REF_TMO_PING_NJ DUT REF_L2.dml,,,,N41(100)+N71(15),,371,-74.500000,15.590000,,,,,,,,,,,,,0.000,,,,
53,1,,,-73.9879700,40.7623283,2026-01-23 16:57:54.894,_20260123_115728_CH01_REF_TMO_PING_NJ DUT REF_L2.dml,,,,,,,,,,,,,,,,,,,,,,TIMEOUT_Idle,,,
54,1,,,-73.9879700,40.7623283,2026-01-23 16:57:54.894,_20260123_115728_CH01_REF_TMO_PING_NJ DUT REF_L2.dml,,,,,,,,,,,,,,,,,,,,,,,,0,
55,1,,,-73.9879700,40.7623283,2026-01-23 16:57:54.894,_20260123_115728_CH01_REF_TMO_PING_NJ DUT REF_L2.dml,,,,,,,,,,,,,,,,,,,,,,PING START,,,
56,1,,,-73.9879700,40.7623283,2026-01-23 16:57:55.000,_20260123_115728_CH01_REF_TMO_PING_NJ DUT REF_L2.dml,,,,N41(100)+N71(15),,371,-74.020000,16.660000,,,,,,,,,,,,,0.000,,,,
57,1,,,-73.9879700,40.7623283,2026-01-23 16:57:56.000,_20260123_115728_CH01_REF_TMO_PING_NJ DUT REF_L2.dml,,,,N41(100)+N71(15),,371,-74.160000,15.420000,,,,,,,,,,,,,0.000,,,,
58,1,,,-73.9879700,40.7623283,2026-01-23 16:57:57.000,_20260123_115728_CH01_REF_TMO_PING_NJ DUT REF_L2.dml,,,,N41(100)+N71(15),,371,-74.940000,15.300000,,,,,,,,,,,,,0.000,,,,
59,1,,,-73.9879700,40.7623283,2026-01-23 16:57:57.894,_20260123_115728_CH01_REF_TMO_PING_NJ DUT REF_L2.dml,,,,,,,,,,,,,,,,,,,,,,TIMEOUT_FrontIdle,,,
60,1,,,-73.9879700,40.7623283,2026-01-23 16:57:57.894,_20260123_115728_CH01_REF_TMO_PING_NJ DUT REF_L2.dml,,,,,,,,,,,,,,,,,,,,,,PING Traffic Start,,,
61,1,,,-73.9879700,40.7623283,2026-01-23 16:57:58.000,_20260123_115728_CH01_REF_TMO_PING_NJ DUT REF_L2.dml,,,,N41(100)+N71(15),NR SA,371,-74.420000,15.280000,,,,,,,,,,,,,0.000,,,,
62,1,,,-73.9879700,40.7623283,2026-01-23 16:57:58.129,_20260123_115728_CH01_REF_TMO_PING_NJ DUT REF_L2.dml,,,,,,,,,,,,,,,,,,,,,,,,,53
63,1,,,-73.9879700,40.7623283,2026-01-23 16:57:58.316,_20260123_115728_CH01_REF_TMO_PING_NJ DUT REF_L2.dml,,,,,,,,,,,,,,,,,,,,,,,,,43
64,1,,,-73.9879700,40.7623283,2026-01-23 16:57:58.519,_20260123_115728_CH01_REF_TMO_PING_NJ DUT REF_L2.dml,,,,,,,,,,,,,,,,,,,,,,,,,44
65,1,,,-73.9879700,40.7623283,2026-01-23 16:57:58.706,_20260123_115728_CH01_REF_TMO_PING_NJ DUT REF_L2.dml,,,,,,,,,,,,,,,,,,,,,,,,,41
66,1,,,-73.9879700,40.7623283,2026-01-23 16:57:58.910,_20260123_115728_CH01_REF_TMO_PING_NJ DUT REF_L2.dml,,,,,,,,,,,,,,,,,,,,,,,,,40
67,1,,,-73.9879700,40.7623283,2026-01-23 16:57:59.000,_20260123_115728_CH01_REF_TMO_PING_NJ DUT REF_L2.dml,,,,N41(100)+N71(15),NR SA,371,-74.420000,14.760000,,,,,,,,,,,,,0.000,,,,
68,1,,,-73.9879700,40.7623283,2026-01-23 16:57:59.114,_20260123_115728_CH01_REF_TMO_PING_NJ DUT REF_L2.dml,,,,,,,,,,,,,,,,,,,,,,,,,41
69,1,,,-73.9879700,40.7623283,2026-01-23 16:57:59.316,_20260123_115728_CH01_REF_TMO_PING_NJ DUT REF_L2.dml,,,,,,,,,,,,,,,,,,,,,,,,,38
70,1,,,-73.9879700,40.7623283,2026-01-23 16:57:59.519,_20260123_115728_CH01_REF_TMO_PING_NJ DUT REF_L2.dml,,,,,,,,,,,,,,,,,,,,,,,,,42
71,1,,,-73.9879700,40.7623283,2026-01-23 16:57:59.722,_20260123_115728_CH01_REF_TMO_PING_NJ DUT REF_L2.dml,,,,,,,,,,,,,,,,,,,,,,,,,42
72,1,,,-73.9879700,40.7623283,2026-01-23 16:57:59.925,_20260123_115728_CH01_REF_TMO_PING_NJ DUT REF_L2.dml,,,,,,,,,,,,,,,,,,,,,,,,,40
73,1,,,-73.9879700,40.7623283,2026-01-23 16:58:00.000,_20260123_115728_CH01_REF_TMO_PING_NJ DUT REF_L2.dml,,,,N41(100)+N71(15),NR SA,371,-74.470000,14.510000,,,,,,,,,,,,,0.016,,,,
74,1,,,-73.9879700,40.7623283,2026-01-23 16:58:00.114,_20260123_115728_CH01_REF_TMO_PING_NJ DUT REF_L2.dml,,,,,,,,,,,,,,,,,,,,,,,,,35
75,1,,,-73.9879700,40.7623283,2026-01-23 16:58:00.316,_20260123_115728_CH01_REF_TMO_PING_NJ DUT REF_L2.dml,,,,,,,,,,,,,,,,,,,,,,,,,40
76,1,,,-73.9879700,40.7623283,2026-01-23 16:58:00.519,_20260123_115728_CH01_REF_TMO_PING_NJ DUT REF_L2.dml,,,,,,,,,,,,,,,,,,,,,,,,,39
77,1,,,-73.9879700,40.7623283,2026-01-23 16:58:00.723,_20260123_115728_CH01_REF_TMO_PING_NJ DUT REF_L2.dml,,,,,,,,,,,,,,,,,,,,,,,,,33
78,1,,,-73.9879700,40.7623283,2026-01-23 16:58:00.925,_20260123_115728_CH01_REF_TMO_PING_NJ DUT REF_L2.dml,,,,,,,,,,,,,,,,,,,,,,,,,34
79,1,,,-73.9879700,40.7623283,2026-01-23 16:58:01.000,_20260123_115728_CH01_REF_TMO_PING_NJ DUT REF_L2.dml,,,,N41(100)+N71(15),NR SA,371,-74.910000,15.840000,,,,,,,,,,,,,0.024,,,,
80,1,,,-73.9875351,40.7621976,2026-01-23 16:58:01.129,_20260123_115728_CH01_REF_TMO_PING_NJ DUT REF_L2.dml,,,,,,,,,,,,,,,,,,,,,,,,,53
81,1,,,-73.9875351,40.7621976,2026-01-23 16:58:01.331,_20260123_115728_CH01_REF_TMO_PING_NJ DUT REF_L2.dml,,,,,,,,,,,,,,,,,,,,,,,,,50
82,1,,,-73.9875351,40.7621976,2026-01-23 16:58:01.535,_20260123_115728_CH01_REF_TMO_PING_NJ DUT REF_L2.dml,,,,,,,,,,,,,,,,,,,,,,,,,48
83,1,,,-73.9875351,40.7621976,2026-01-23 16:58:01.739,_20260123_115728_CH01_REF_TMO_PING_NJ DUT REF_L2.dml,,,,,,,,,,,,,,,,,,,,,,,,,47
84,1,,,-73.9875351,40.7621976,2026-01-23 16:58:01.941,_20260123_115728_CH01_REF_TMO_PING_NJ DUT REF_L2.dml,,,,,,,,,,,,,,,,,,,,,,,,,46
85,1,,,-73.9875351,40.7621976,2026-01-23 16:58:02.000,_20260123_115728_CH01_REF_TMO_PING_NJ DUT REF_L2.dml,,,,N41(100)+N71(15),NR SA,371,-75.200000,15.720000,,,,,,,,,,,,,0.008,,,,
86,1,,,-73.9875351,40.7621976,2026-01-23 16:58:02.129,_20260123_115728_CH01_REF_TMO_PING_NJ DUT REF_L2.dml,,,,,,,,,,,,,,,,,,,,,,,,,45
87,1,,,-73.9875351,40.7621976,2026-01-23 16:58:02.331,_20260123_115728_CH01_REF_TMO_PING_NJ DUT REF_L2.dml,,,,,,,,,,,,,,,,,,,,,,,,,44
88,1,,,-73.9875351,40.7621976,2026-01-23 16:58:02.535,_20260123_115728_CH01_REF_TMO_PING_NJ DUT REF_L2.dml,,,,,,,,,,,,,,,,,,,,,,,,,43
89,1,,,-73.9875351,40.7621976,2026-01-23 16:58:02.739,_20260123_115728_CH01_REF_TMO_PING_NJ DUT REF_L2.dml,,,,,,,,,,,,,,,,,,,,,,,,,43
90,1,,,-73.9875351,40.7621976,2026-01-23 16:58:02.941,_20260123_115728_CH01_REF_TMO_PING_NJ DUT REF_L2.dml,,,,,,,,,,,,,,,,,,,,,,,,,41
91,1,,,-73.9875351,40.7621976,2026-01-23 16:58:03.000,_20260123_115728_CH01_REF_TMO_PING_NJ DUT REF_L2.dml,,,,N41(100)+N71(15),NR SA,371,-75.740000,14.420000,,,,,,,,,,,,,0.000,,,,
92,1,,,-73.9879900,40.7623400,2026-01-23 16:58:03.956,_20260123_115728_CH01_REF_TMO_PING_NJ DUT REF_L2.dml,,,,,,,,,,,,,,,,,,,,,,PING Traffic End,,,
93,1,,,-73.9879900,40.7623400,2026-01-23 16:58:04.000,_20260123_115728_CH01_REF_TMO_PING_NJ DUT REF_L2.dml,,,,N41(100)+N71(15),,371,-76.380000,13.760000,,,,,,,,,,,,,0.000,,,,
94,1,,,-73.9879917,40.7623417,2026-01-23 16:58:05.000,_20260123_115728_CH01_REF_TMO_PING_NJ DUT REF_L2.dml,,,,N41(100)+N71(15),,371,-77.300000,12.880000,,,,,,,,,,,,,,,,,
95,1,,,-73.9879917,40.7623417,2026-01-23 16:58:06.000,_20260123_115728_CH01_REF_TMO_PING_NJ DUT REF_L2.dml,,,,N41(100)+N71(15),,371,-76.880000,13.920000,,,,,,,,,,,,,0.000,,,,
96,1,,,-73.9879917,40.7623417,2026-01-23 16:58:06.973,_20260123_115728_CH01_REF_TMO_PING_NJ DUT REF_L2.dml,,,,,,,,,,,,,,,,,,,,,,TIMEOUT_Idle,,,
97,1,,,-73.9879917,40.7623417,2026-01-23 16:58:06.973,_20260123_115728_CH01_REF_TMO_PING_NJ DUT REF_L2.dml,,,,,,,,,,,,,,,,,,,,,,,,0,
98,1,,,-73.9879917,40.7623417,2026-01-23 16:58:06.973,_20260123_115728_CH01_REF_TMO_PING_NJ DUT REF_L2.dml,,,,,,,,,,,,,,,,,,,,,,PING START,,,
99,1,,,-73.9879917,40.7623417,2026-01-23 16:58:07.000,_20260123_115728_CH01_REF_TMO_PING_NJ DUT REF_L2.dml,,,,N41(100)+N71(15),,371,-76.200000,13.150000,,,,,,,,,,,,,0.000,,,,
100,1,,,-73.9879917,40.7623417,2026-01-23 16:58:08.000,_20260123_115728_CH01_REF_TMO_PING_NJ DUT REF_L2.dml,,,,N41(100)+N71(15),,371,-76.810000,14.660000,,,,,,,,,,,,,0.000,,,,
101,1,,,-73.9879917,40.7623417,2026-01-23 16:58:09.000,_20260123_115728_CH01_REF_TMO_PING_NJ DUT REF_L2.dml,,,,N41(100)+N71(15),,371,-75.560000,15.180000,,,,,,,,,,,,,0.000,,,,
102,1,,,-73.9879917,40.7623417,2026-01-23 16:58:09.973,_20260123_115728_CH01_REF_TMO_PING_NJ DUT REF_L2.dml,,,,,,,,,,,,,,,,,,,,,,TIMEOUT_FrontIdle,,,
103,1,,,-73.9879917,40.7623417,2026-01-23 16:58:09.973,_20260123_115728_CH01_REF_TMO_PING_NJ DUT REF_L2.dml,,,,,,,,,,,,,,,,,,,,,,PING Traffic Start,,,
104,1,,,-73.9879917,40.7623417,2026-01-23 16:58:10.000,_20260123_115728_CH01_REF_TMO_PING_NJ DUT REF_L2.dml,,,,N41(100)+N71(15),NR SA,371,-76.360000,14.730000,,,,,,,,,,,,,0.000,,,,
105,1,,,-73.9879917,40.7623417,2026-01-23 16:58:10.191,_20260123_115728_CH01_REF_TMO_PING_NJ DUT REF_L2.dml,,,,,,,,,,,,,,,,,,,,,,,,,50
106,1,,,-73.9879917,40.7623417,2026-01-23 16:58:10.410,_20260123_115728_CH01_REF_TMO_PING_NJ DUT REF_L2.dml,,,,,,,,,,,,,,,,,,,,,,,,,52
107,1,,,-73.9879917,40.7623417,2026-01-23 16:58:10.598,_20260123_115728_CH01_REF_TMO_PING_NJ DUT REF_L2.dml,,,,,,,,,,,,,,,,,,,,,,,,,52
108,1,,,-73.9879917,40.7623417,2026-01-23 16:58:10.800,_20260123_115728_CH01_REF_TMO_PING_NJ DUT REF_L2.dml,,,,,,,,,,,,,,,,,,,,,,,,,56
109,1,,,-73.9879917,40.7623417,2026-01-23 16:58:11.004,_20260123_115728_CH01_REF_TMO_PING_NJ DUT REF_L2.dml,,,,,,,,,,,,,,,,,,,,,,,,,55
110,1,,,-73.9879917,40.7623417,2026-01-23 16:58:11.000,_20260123_115728_CH01_REF_TMO_PING_NJ DUT REF_L2.dml,,,,N41(100)+N71(15),NR SA,371,-75.840000,14.550000,,,,,,,,,,,,,0.000,,,,
111,1,,,-73.9879917,40.7623417,2026-01-23 16:58:11.206,_20260123_115728_CH01_REF_TMO_PING_NJ DUT REF_L2.dml,,,,,,,,,,,,,,,,,,,,,,,,,55
112,1,,,-73.9879917,40.7623417,2026-01-23 16:58:11.379,_20260123_115728_CH01_REF_TMO_PING_NJ DUT REF_L2.dml,,,,,,,,,,,,,,,,,,,,,,,,,27
113,1,,,-73.9879917,40.7623417,2026-01-23 16:58:11.614,_20260123_115728_CH01_REF_TMO_PING_NJ DUT REF_L2.dml,,,,,,,,,,,,,,,,,,,,,,,,,53
114,1,,,-73.9879917,40.7623417,2026-01-23 16:58:11.800,_20260123_115728_CH01_REF_TMO_PING_NJ DUT REF_L2.dml,,,,,,,,,,,,,,,,,,,,,,,,,46
115,1,,,-73.9879917,40.7623417,2026-01-23 16:58:12.000,_20260123_115728_CH01_REF_TMO_PING_NJ DUT REF_L2.dml,,,,N41(100)+N71(15),NR SA,371,-77.520000,14.140000,,,,,,,,,,,,,0.032,,,,
116,1,,,-73.9879917,40.7623417,2026-01-23 16:58:12.004,_20260123_115728_CH01_REF_TMO_PING_NJ DUT REF_L2.dml,,,,,,,,,,,,,,,,,,,,,,,,,46
117,1,,,-73.9879917,40.7623417,2026-01-23 16:58:12.191,_20260123_115728_CH01_REF_TMO_PING_NJ DUT REF_L2.dml,,,,,,,,,,,,,,,,,,,,,,,,,44
118,1,,,-73.9879917,40.7623417,2026-01-23 16:58:12.394,_20260123_115728_CH01_REF_TMO_PING_NJ DUT REF_L2.dml,,,,,,,,,,,,,,,,,,,,,,,,,38
119,1,,,-73.9879917,40.7623417,2026-01-23 16:58:12.597,_20260123_115728_CH01_REF_TMO_PING_NJ DUT REF_L2.dml,,,,,,,,,,,,,,,,,,,,,,,,,43
120,1,,,-73.9879917,40.7623417,2026-01-23 16:58:12.816,_20260123_115728_CH01_REF_TMO_PING_NJ DUT REF_L2.dml,,,,,,,,,,,,,,,,,,,,,,,,,58
121,1,,,-73.9879917,40.7623417,2026-01-23 16:58:13.019,_20260123_115728_CH01_REF_TMO_PING_NJ DUT REF_L2.dml,,,,,,,,,,,,,,,,,,,,,,,,,56
122,1,,,-73.9879917,40.7623417,2026-01-23 16:58:13.000,_20260123_115728_CH01_REF_TMO_PING_NJ DUT REF_L2.dml,,,,N41(100)+N71(15),NR SA,371,-75.690000,13.960000,,,,,,,,,,,,,0.040,,,,
123,1,,,-73.9879917,40.7623417,2026-01-23 16:58:13.239,_20260123_115728_CH01_REF_TMO_PING_NJ DUT REF_L2.dml,,,,,,,,,,,,,,,,,,,,,,,,,71
124,1,,,-73.9879917,40.7623417,2026-01-23 16:58:13.425,_20260123_115728_CH01_REF_TMO_PING_NJ DUT REF_L2.dml,,,,,,,,,,,,,,,,,,,,,,,,,51
125,1,,,-73.9879917,40.7623417,2026-01-23 16:58:13.629,_20260123_115728_CH01_REF_TMO_PING_NJ DUT REF_L2.dml,,,,,,,,,,,,,,,,,,,,,,,,,54
126,1,,,-73.9879917,40.7623417,2026-01-23 16:58:13.816,_20260123_115728_CH01_REF_TMO_PING_NJ DUT REF_L2.dml,,,,,,,,,,,,,,,,,,,,,,,,,51
127,1,,,-73.9879917,40.7623417,2026-01-23 16:58:14.035,_20260123_115728_CH01_REF_TMO_PING_NJ DUT REF_L2.dml,,,,,,,,,,,,,,,,,,,,,,,,,61
128,1,,,-73.9879917,40.7623417,2026-01-23 16:58:14.000,_20260123_115728_CH01_REF_TMO_PING_NJ DUT REF_L2.dml,,,,N41(100)+N71(15),NR SA,371,-76.770000,13.280000,,,,,,,,,,,,,0.016,,,,
129,1,,,-73.9879917,40.7623417,2026-01-23 16:58:14.222,_20260123_115728_CH01_REF_TMO_PING_NJ DUT REF_L2.dml,,,,,,,,,,,,,,,,,,,,,,,,,50
130,1,,,-73.9879917,40.7623417,2026-01-23 16:58:14.425,_20260123_115728_CH01_REF_TMO_PING_NJ DUT REF_L2.dml,,,,,,,,,,,,,,,,,,,,,,,,,49
131,1,,,-73.9879917,40.7623417,2026-01-23 16:58:14.629,_20260123_115728_CH01_REF_TMO_PING_NJ DUT REF_L2.dml,,,,,,,,,,,,,,,,,,,,,,,,,50
132,1,,,-73.9879917,40.7623417,2026-01-23 16:58:14.831,_20260123_115728_CH01_REF_TMO_PING_NJ DUT REF_L2.dml,,,,,,,,,,,,,,,,,,,,,,,,,51
133,1,,,-73.9879917,40.7623417,2026-01-23 16:58:15.019,_20260123_115728_CH01_REF_TMO_PING_NJ DUT REF_L2.dml,,,,,,,,,,,,,,,,,,,,,,,,,51
134,1,,,-73.9879917,40.7623417,2026-01-23 16:58:15.000,_20260123_115728_CH01_REF_TMO_PING_NJ DUT REF_L2.dml,,,,N41(100)+N71(15),NR SA,371,-75.000000,16.320000,,,,,,,,,,,,,0.008,,,,
135,1,,,-73.9879917,40.7623417,2026-01-23 16:58:16.000,_20260123_115728_CH01_REF_TMO_PING_NJ DUT REF_L2.dml,,,,N41(100)+N71(15),,371,-73.690000,17.910000,,,,,,,,,,,,,0.016,,,,
136,1,,,-73.9879917,40.7623417,2026-01-23 16:58:16.035,_20260123_115728_CH01_REF_TMO_PING_NJ DUT REF_L2.dml,,,,,,,,,,,,,,,,,,,,,,PING Traffic End,,,
137,1,,,-73.9879917,40.7623417,2026-01-23 16:58:17.000,_20260123_115728_CH01_REF_TMO_PING_NJ DUT REF_L2.dml,,,,N41(100)+N71(15),,371,-74.960000,16.160000,,,,,,,,,,,,,0.000,,,,
138,1,,,-73.9879917,40.7623417,2026-01-23 16:58:18.000,_20260123_115728_CH01_REF_TMO_PING_NJ DUT REF_L2.dml,,,,N41(100)+N71(15),,371,-75.940000,15.280000,,,,,,,,,,,,,0.000,,,,
139,1,,,-73.9879917,40.7623417,2026-01-23 16:58:19.000,_20260123_115728_CH01_REF_TMO_PING_NJ DUT REF_L2.dml,,,,N41(100)+N71(15),,371,-76.450000,13.870000,,,,,,,,,,,,,0.000,,,,
140,1,,,-73.9879917,40.7623417,2026-01-23 16:58:19.050,_20260123_115728_CH01_REF_TMO_PING_NJ DUT REF_L2.dml,,,,,,,,,,,,,,,,,,,,,,TIMEOUT_Idle,,,
141,1,,,-73.9879917,40.7623417,2026-01-23 16:58:19.050,_20260123_115728_CH01_REF_TMO_PING_NJ DUT REF_L2.dml,,,,,,,,,,,,,,,,,,,,,,,,0,
142,1,,,-73.9879917,40.7623417,2026-01-23 16:58:19.050,_20260123_115728_CH01_REF_TMO_PING_NJ DUT REF_L2.dml,,,,,,,,,,,,,,,,,,,,,,PING START,,,
143,1,,,-73.9879917,40.7623417,2026-01-23 16:58:20.000,_20260123_115728_CH01_REF_TMO_PING_NJ DUT REF_L2.dml,,,,N41(100)+N71(15),,371,-77.600000,13.240000,,,,,,,,,,,,,0.000,,,,
144,1,,,-73.9879917,40.7623417,2026-01-23 16:58:21.000,_20260123_115728_CH01_REF_TMO_PING_NJ DUT REF_L2.dml,,,,N41(100)+N71(15),,371,-76.160000,14.360000,,,,,,,,,,,,,0.000,,,,
145,1,,,-73.9879917,40.7623417,2026-01-23 16:58:22.000,_20260123_115728_CH01_REF_TMO_PING_NJ DUT REF_L2.dml,,,,N41(100)+N71(15),,371,-76.480000,14.270000,,,,,,,,,,,,,0.008,,,,
146,1,,,-73.9879917,40.7623417,2026-01-23 16:58:22.050,_20260123_115728_CH01_REF_TMO_PING_NJ DUT REF_L2.dml,,,,,,,,,,,,,,,,,,,,,,TIMEOUT_FrontIdle,,,
147,1,,,-73.9879917,40.7623417,2026-01-23 16:58:22.050,_20260123_115728_CH01_REF_TMO_PING_NJ DUT REF_L2.dml,,,,,,,,,,,,,,,,,,,,,,PING Traffic Start,,,
148,1,,,-73.9879917,40.7623417,2026-01-23 16:58:22.239,_20260123_115728_CH01_REF_TMO_PING_NJ DUT REF_L2.dml,,,,,,,,,,,,,,,,,,,,,,,,,35
149,1,,,-73.9879917,40.7623417,2026-01-23 16:58:22.441,_20260123_115728_CH01_REF_TMO_PING_NJ DUT REF_L2.dml,,,,,,,,,,,,,,,,,,,,,,,,,33
150,1,,,-73.9879917,40.7623417,2026-01-23 16:58:22.644,_20260123_115728_CH01_REF_TMO_PING_NJ DUT REF_L2.dml,,,,,,,,,,,,,,,,,,,,,,,,,32
151,1,,,-73.9879917,40.7623417,2026-01-23 16:58:22.831,_20260123_115728_CH01_REF_TMO_PING_NJ DUT REF_L2.dml,,,,,,,,,,,,,,,,,,,,,,,,,31
152,1,,,-73.9879917,40.7623417,2026-01-23 16:58:23.000,_20260123_115728_CH01_REF_TMO_PING_NJ DUT REF_L2.dml,,,,N41(100)+N71(15),NR SA,371,-76.140000,14.120000,,,,,,,,,,,,,0.008,,,,
153,1,,,-73.9879917,40.7623417,2026-01-23 16:58:23.050,_20260123_115728_CH01_REF_TMO_PING_NJ DUT REF_L2.dml,,,,,,,,,,,,,,,,,,,,,,,,,50
154,1,,,-73.9879917,40.7623417,2026-01-23 16:58:23.254,_20260123_115728_CH01_REF_TMO_PING_NJ DUT REF_L2.dml,,,,,,,,,,,,,,,,,,,,,,,,,49
155,1,,,-73.9879917,40.7623417,2026-01-23 16:58:23.456,_20260123_115728_CH01_REF_TMO_PING_NJ DUT REF_L2.dml,,,,,,,,,,,,,,,,,,,,,,,,,48
156,1,,,-73.9879917,40.7623417,2026-01-23 16:58:23.660,_20260123_115728_CH01_REF_TMO_PING_NJ DUT REF_L2.dml,,,,,,,,,,,,,,,,,,,,,,,,,47
157,1,,,-73.9879917,40.7623417,2026-01-23 16:58:23.847,_20260123_115728_CH01_REF_TMO_PING_NJ DUT REF_L2.dml,,,,,,,,,,,,,,,,,,,,,,,,,46
158,1,,,-73.9879917,40.7623417,2026-01-23 16:58:24.000,_20260123_115728_CH01_REF_TMO_PING_NJ DUT REF_L2.dml,,,,N41(100)+N71(15),NR SA,371,-78.560000,13.240000,,,,,,,,,,,,,0.008,,,,
159,1,,,-73.9879917,40.7623417,2026-01-23 16:58:24.050,_20260123_115728_CH01_REF_TMO_PING_NJ DUT REF_L2.dml,,,,,,,,,,,,,,,,,,,,,,,,,45
160,1,,,-73.9879917,40.7623417,2026-01-23 16:58:24.254,_20260123_115728_CH01_REF_TMO_PING_NJ DUT REF_L2.dml,,,,,,,,,,,,,,,,,,,,,,,,,46
161,1,,,-73.9879917,40.7623417,2026-01-23 16:58:24.456,_20260123_115728_CH01_REF_TMO_PING_NJ DUT REF_L2.dml,,,,,,,,,,,,,,,,,,,,,,,,,47
162,1,,,-73.9879917,40.7623417,2026-01-23 16:58:24.660,_20260123_115728_CH01_REF_TMO_PING_NJ DUT REF_L2.dml,,,,,,,,,,,,,,,,,,,,,,,,,43
163,1,,,-73.9879917,40.7623417,2026-01-23 16:58:24.848,_20260123_115728_CH01_REF_TMO_PING_NJ DUT REF_L2.dml,,,,,,,,,,,,,,,,,,,,,,,,,41
164,1,,,-73.9879917,40.7623417,2026-01-23 16:58:25.000,_20260123_115728_CH01_REF_TMO_PING_NJ DUT REF_L2.dml,,,,N41(100)+N71(15),NR SA,371,-77.980000,13.280000,,,,,,,,,,,,,0.000,,,,
165,1,,,-73.9879917,40.7623417,2026-01-23 16:58:25.050,_20260123_115728_CH01_REF_TMO_PING_NJ DUT REF_L2.dml,,,,,,,,,,,,,,,,,,,,,,,,,40
166,1,,,-73.9879917,40.7623417,2026-01-23 16:58:25.254,_20260123_115728_CH01_REF_TMO_PING_NJ DUT REF_L2.dml,,,,,,,,,,,,,,,,,,,,,,,,,39
167,1,,,-73.9879917,40.7623417,2026-01-23 16:58:25.456,_20260123_115728_CH01_REF_TMO_PING_NJ DUT REF_L2.dml,,,,,,,,,,,,,,,,,,,,,,,,,38
168,1,,,-73.9879917,40.7623417,2026-01-23 16:58:25.660,_20260123_115728_CH01_REF_TMO_PING_NJ DUT REF_L2.dml,,,,,,,,,,,,,,,,,,,,,,,,,37
169,1,,,-73.9879917,40.7623417,2026-01-23 16:58:25.848,_20260123_115728_CH01_REF_TMO_PING_NJ DUT REF_L2.dml,,,,,,,,,,,,,,,,,,,,,,,,,36
170,1,,,-73.9879917,40.7623417,2026-01-23 16:58:26.000,_20260123_115728_CH01_REF_TMO_PING_NJ DUT REF_L2.dml,,,,N41(100)+N71(15),NR SA,371,-78.480000,12.740000,,,,,,,,,,,,,0.008,,,,
171,1,,,-73.9879917,40.7623417,2026-01-23 16:58:26.066,_20260123_115728_CH01_REF_TMO_PING_NJ DUT REF_L2.dml,,,,,,,,,,,,,,,,,,,,,,,,,53
172,1,,,-73.9879917,40.7623417,2026-01-23 16:58:26.269,_20260123_115728_CH01_REF_TMO_PING_NJ DUT REF_L2.dml,,,,,,,,,,,,,,,,,,,,,,,,,52
173,1,,,-73.9879917,40.7623417,2026-01-23 16:58:26.489,_20260123_115728_CH01_REF_TMO_PING_NJ DUT REF_L2.dml,,,,,,,,,,,,,,,,,,,,,,,,,59
174,1,,,-73.9879917,40.7623417,2026-01-23 16:58:26.675,_20260123_115728_CH01_REF_TMO_PING_NJ DUT REF_L2.dml,,,,,,,,,,,,,,,,,,,,,,,,,50
175,1,,,-73.9879917,40.7623417,2026-01-23 16:58:26.879,_20260123_115728_CH01_REF_TMO_PING_NJ DUT REF_L2.dml,,,,,,,,,,,,,,,,,,,,,,,,,48
176,1,,,-73.9879917,40.7623417,2026-01-23 16:58:27.000,_20260123_115728_CH01_REF_TMO_PING_NJ DUT REF_L2.dml,,,,N41(100)+N71(15),NR SA,371,-77.510000,13.040000,,,,,,,,,,,,,0.008,,,,
177,1,,,-73.9879917,40.7623417,2026-01-23 16:58:27.066,_20260123_115728_CH01_REF_TMO_PING_NJ DUT REF_L2.dml,,,,,,,,,,,,,,,,,,,,,,,,,48
178,1,,,-73.9879917,40.7623417,2026-01-23 16:58:27.114,_20260123_115728_CH01_REF_TMO_PING_NJ DUT REF_L2.dml,,,,,,,,,,,,,,,,,,,,,,PING Traffic End,,,
179,1,,,-73.9879917,40.7623417,2026-01-23 16:58:28.000,_20260123_115728_CH01_REF_TMO_PING_NJ DUT REF_L2.dml,,,,N41(100)+N71(15),NR SA,371,-79.180000,13.920000,,,,,,,,,,,,,,,,,
180,1,,,-73.9879917,40.7623417,2026-01-23 16:58:29.000,_20260123_115728_CH01_REF_TMO_PING_NJ DUT REF_L2.dml,,,,N41(100)+N71(15),,371,-79.140000,13.610000,,,,,,,,,,,,,,,,,
181,1,,,-73.9879917,40.7623417,2026-01-23 16:58:30.000,_20260123_115728_CH01_REF_TMO_PING_NJ DUT REF_L2.dml,,,,N41(100)+N71(15),,371,-78.710000,13.760000,,,,,,,,,,,,,0.000,,,,
182,1,,,-73.9879917,40.7623417,2026-01-23 16:58:30.114,_20260123_115728_CH01_REF_TMO_PING_NJ DUT REF_L2.dml,,,,,,,,,,,,,,,,,,,,,,TIMEOUT_Idle,,,
183,1,,,-73.9879917,40.7623417,2026-01-23 16:58:30.114,_20260123_115728_CH01_REF_TMO_PING_NJ DUT REF_L2.dml,,,,,,,,,,,,,,,,,,,,,,,,0,
184,1,,,-73.9879917,40.7623417,2026-01-23 16:58:30.114,_20260123_115728_CH01_REF_TMO_PING_NJ DUT REF_L2.dml,,,,,,,,,,,,,,,,,,,,,,PING START,,,
185,1,,,-73.9879917,40.7623417,2026-01-23 16:58:31.000,_20260123_115728_CH01_REF_TMO_PING_NJ DUT REF_L2.dml,,,,N41(100)+N71(15),,371,-78.000000,13.250000,,,,,,,,,,,,,0.000,,,,
186,1,,,-73.9879917,40.7623417,2026-01-23 16:58:32.000,_20260123_115728_CH01_REF_TMO_PING_NJ DUT REF_L2.dml,,,,N41(100)+N71(15),,371,-78.820000,12.640000,,,,,,,,,,,,,0.000,,,,
187,1,,,-73.9879917,40.7623417,2026-01-23 16:58:33.000,_20260123_115728_CH01_REF_TMO_PING_NJ DUT REF_L2.dml,,,,N41(100)+N71(15),,371,-77.580000,12.860000,,,,,,,,,,,,,0.000,,,,
188,1,,,-73.9879917,40.7623417,2026-01-23 16:58:33.129,_20260123_115728_CH01_REF_TMO_PING_NJ DUT REF_L2.dml,,,,,,,,,,,,,,,,,,,,,,TIMEOUT_FrontIdle,,,
189,1,,,-73.9879917,40.7623417,2026-01-23 16:58:33.129,_20260123_115728_CH01_REF_TMO_PING_NJ DUT REF_L2.dml,,,,,,,,,,,,,,,,,,,,,,PING Traffic Start,,,
190,1,,,-73.9879917,40.7623417,2026-01-23 16:58:33.394,_20260123_115728_CH01_REF_TMO_PING_NJ DUT REF_L2.dml,,,,,,,,,,,,,,,,,,,,,,,,,43
191,1,,,-73.9879917,40.7623417,2026-01-23 16:58:33.597,_20260123_115728_CH01_REF_TMO_PING_NJ DUT REF_L2.dml,,,,,,,,,,,,,,,,,,,,,,,,,43
192,1,,,-73.9879917,40.7623417,2026-01-23 16:58:33.800,_20260123_115728_CH01_REF_TMO_PING_NJ DUT REF_L2.dml,,,,,,,,,,,,,,,,,,,,,,,,,42
193,1,,,-73.9879917,40.7623417,2026-01-23 16:58:34.004,_20260123_115728_CH01_REF_TMO_PING_NJ DUT REF_L2.dml,,,,,,,,,,,,,,,,,,,,,,,,,42
194,1,,,-73.9879917,40.7623417,2026-01-23 16:58:34.000,_20260123_115728_CH01_REF_TMO_PING_NJ DUT REF_L2.dml,,,,N41(100)+N71(15),NR SA,371,-78.020000,12.780000,,,,,,,,,,,,,0.000,,,,
195,1,,,-73.9879917,40.7623417,2026-01-23 16:58:34.191,_20260123_115728_CH01_REF_TMO_PING_NJ DUT REF_L2.dml,,,,,,,,,,,,,,,,,,,,,,,,,41
196,1,,,-73.9879917,40.7623417,2026-01-23 16:58:34.410,_20260123_115728_CH01_REF_TMO_PING_NJ DUT REF_L2.dml,,,,,,,,,,,,,,,,,,,,,,,,,48
197,1,,,-73.9879917,40.7623417,2026-01-23 16:58:34.614,_20260123_115728_CH01_REF_TMO_PING_NJ DUT REF_L2.dml,,,,,,,,,,,,,,,,,,,,,,,,,52
198,1,,,-73.9879917,40.7623417,2026-01-23 16:58:34.800,_20260123_115728_CH01_REF_TMO_PING_NJ DUT REF_L2.dml,,,,,,,,,,,,,,,,,,,,,,,,,46
199,1,,,-73.9879917,40.7623417,2026-01-23 16:58:35.000,_20260123_115728_CH01_REF_TMO_PING_NJ DUT REF_L2.dml,,,,N41(100)+N71(15),NR SA,371,-76.080000,13.880000,,,,,,,,,,,,,0.016,,,,
200,1,,,-73.9879917,40.7623417,2026-01-23 16:58:35.004,_20260123_115728_CH01_REF_TMO_PING_NJ DUT REF_L2.dml,,,,,,,,,,,,,,,,,,,,,,,,,45
201,1,,,-73.9879917,40.7623417,2026-01-23 16:58:35.206,_20260123_115728_CH01_REF_TMO_PING_NJ DUT REF_L2.dml,,,,,,,,,,,,,,,,,,,,,,,,,46
202,1,,,-73.9879917,40.7623417,2026-01-23 16:58:35.410,_20260123_115728_CH01_REF_TMO_PING_NJ DUT REF_L2.dml,,,,,,,,,,,,,,,,,,,,,,,,,46
203,1,,,-73.9879917,40.7623417,2026-01-23 16:58:35.614,_20260123_115728_CH01_REF_TMO_PING_NJ DUT REF_L2.dml,,,,,,,,,,,,,,,,,,,,,,,,,47
204,1,,,-73.9879917,40.7623417,2026-01-23 16:58:35.800,_20260123_115728_CH01_REF_TMO_PING_NJ DUT REF_L2.dml,,,,,,,,,,,,,,,,,,,,,,,,,41
205,1,,,-73.9879917,40.7623417,2026-01-23 16:58:36.004,_20260123_115728_CH01_REF_TMO_PING_NJ DUT REF_L2.dml,,,,,,,,,,,,,,,,,,,,,,,,,45
206,1,,,-73.9879917,40.7623417,2026-01-23 16:58:36.000,_20260123_115728_CH01_REF_TMO_PING_NJ DUT REF_L2.dml,,,,N41(100)+N71(15),NR SA,371,-77.230000,14.970000,,,,,,,,,,,,,0.016,,,,
207,1,,,-73.9879917,40.7623417,2026-01-23 16:58:36.191,_20260123_115728_CH01_REF_TMO_PING_NJ DUT REF_L2.dml,,,,,,,,,,,,,,,,,,,,,,,,,39
208,1,,,-73.9879917,40.7623417,2026-01-23 16:58:36.410,_20260123_115728_CH01_REF_TMO_PING_NJ DUT REF_L2.dml,,,,,,,,,,,,,,,,,,,,,,,,,54
209,1,,,-73.9879917,40.7623417,2026-01-23 16:58:36.597,_20260123_115728_CH01_REF_TMO_PING_NJ DUT REF_L2.dml,,,,,,,,,,,,,,,,,,,,,,,,,33
210,1,,,-73.9879917,40.7623417,2026-01-23 16:58:36.816,_20260123_115728_CH01_REF_TMO_PING_NJ DUT REF_L2.dml,,,,,,,,,,,,,,,,,,,,,,,,,54
211,1,,,-73.9879917,40.7623417,2026-01-23 16:58:37.019,_20260123_115728_CH01_REF_TMO_PING_NJ DUT REF_L2.dml,,,,,,,,,,,,,,,,,,,,,,,,,58
212,1,,,-73.9879917,40.7623417,2026-01-23 16:58:37.000,_20260123_115728_CH01_REF_TMO_PING_NJ DUT REF_L2.dml,,,,N41(100)+N71(15),NR SA,371,-76.760000,14.720000,,,,,,,,,,,,,0.024,,,,
213,1,,,-73.9879917,40.7623417,2026-01-23 16:58:37.223,_20260123_115728_CH01_REF_TMO_PING_NJ DUT REF_L2.dml,,,,,,,,,,,,,,,,,,,,,,,,,55
214,1,,,-73.9879917,40.7623417,2026-01-23 16:58:37.425,_20260123_115728_CH01_REF_TMO_PING_NJ DUT REF_L2.dml,,,,,,,,,,,,,,,,,,,,,,,,,59
215,1,,,-73.9879917,40.7623417,2026-01-23 16:58:37.629,_20260123_115728_CH01_REF_TMO_PING_NJ DUT REF_L2.dml,,,,,,,,,,,,,,,,,,,,,,,,,54
216,1,,,-73.9879917,40.7623417,2026-01-23 16:58:37.831,_20260123_115728_CH01_REF_TMO_PING_NJ DUT REF_L2.dml,,,,,,,,,,,,,,,,,,,,,,,,,63
217,1,,,-73.9879917,40.7623417,2026-01-23 16:58:38.019,_20260123_115728_CH01_REF_TMO_PING_NJ DUT REF_L2.dml,,,,,,,,,,,,,,,,,,,,,,,,,53
218,1,,,-73.9879917,40.7623417,2026-01-23 16:58:38.000,_20260123_115728_CH01_REF_TMO_PING_NJ DUT REF_L2.dml,,,,N41(100)+N71(15),NR SA,371,-76.480000,15.620000,,,,,,,,,,,,,0.016,,,,
219,1,,,-73.9879917,40.7623417,2026-01-23 16:58:38.239,_20260123_115728_CH01_REF_TMO_PING_NJ DUT REF_L2.dml,,,,,,,,,,,,,,,,,,,,,,,,,61
220,1,,,-73.9879917,40.7623417,2026-01-23 16:58:39.000,_20260123_115728_CH01_REF_TMO_PING_NJ DUT REF_L2.dml,,,,N41(100)+N71(15),NR SA,371,-76.840000,15.760000,,,,,,,,,,,,,0.008,,,,
221,1,,,-73.9879917,40.7623417,2026-01-23 16:58:39.206,_20260123_115728_CH01_REF_TMO_PING_NJ DUT REF_L2.dml,,,,,,,,,,,,,,,,,,,,,,PING Traffic End,,,
222,1,,,-73.9879917,40.7623417,2026-01-23 16:58:40.000,_20260123_115728_CH01_REF_TMO_PING_NJ DUT REF_L2.dml,,,,N41(100)+N71(15),,371,-76.960000,15.320000,,,,,,,,,,,,,0.000,,,,
223,1,,,-73.9879917,40.7623417,2026-01-23 16:58:41.000,_20260123_115728_CH01_REF_TMO_PING_NJ DUT REF_L2.dml,,,,N41(100)+N71(15),,371,-76.520000,15.840000,,,,,,,,,,,,,0.000,,,,
224,1,,,-73.9882717,40.7620350,2026-01-23 16:58:42.000,_20260123_115728_CH01_REF_TMO_PING_NJ DUT REF_L2.dml,,,,N41(100)+N71(15),,371,-77.080000,15.680000,,,,,,,,,,,,,0.000,,,,
225,1,,,-73.9882717,40.7620350,2026-01-23 16:58:42.223,_20260123_115728_CH01_REF_TMO_PING_NJ DUT REF_L2.dml,,,,,,,,,,,,,,,,,,,,,,TIMEOUT_Idle,,,
226,1,,,-73.9882717,40.7620350,2026-01-23 16:58:42.223,_20260123_115728_CH01_REF_TMO_PING_NJ DUT REF_L2.dml,,,,,,,,,,,,,,,,,,,,,,,,0,
227,1,,,-73.9882717,40.7620350,2026-01-23 16:58:42.223,_20260123_115728_CH01_REF_TMO_PING_NJ DUT REF_L2.dml,,,,,,,,,,,,,,,,,,,,,,PING START,,,
228,1,,,-73.9882650,40.7620383,2026-01-23 16:58:43.000,_20260123_115728_CH01_REF_TMO_PING_NJ DUT REF_L2.dml,,,,N41(100)+N71(15),,371,-75.770000,16.420000,,,,,,,,,,,,,0.000,,,,
229,1,,,-73.9882550,40.7620467,2026-01-23 16:58:44.000,_20260123_115728_CH01_REF_TMO_PING_NJ DUT REF_L2.dml,,,,N41(100)+N71(15),,371,-76.310000,15.940000,,,,,,,,,,,,,0.136,,,,
230,1,,,-73.9882550,40.7620467,2026-01-23 16:58:45.000,_20260123_115728_CH01_REF_TMO_PING_NJ DUT REF_L2.dml,,,,N41(100)+N71(15),,371,-77.910000,14.560000,,,,,,,,,,,,,0.000,,,,
231,1,,,-73.9882550,40.7620467,2026-01-23 16:58:45.223,_20260123_115728_CH01_REF_TMO_PING_NJ DUT REF_L2.dml,,,,,,,,,,,,,,,,,,,,,,TIMEOUT_FrontIdle,,,
232,1,,,-73.9882550,40.7620467,2026-01-23 16:58:45.223,_20260123_115728_CH01_REF_TMO_PING_NJ DUT REF_L2.dml,,,,,,,,,,,,,,,,,,,,,,PING Traffic Start,,,
233,1,,,-73.9882550,40.7620467,2026-01-23 16:58:45.425,_20260123_115728_CH01_REF_TMO_PING_NJ DUT REF_L2.dml,,,,,,,,,,,,,,,,,,,,,,,,,44
234,1,,,-73.9882550,40.7620467,2026-01-23 16:58:45.629,_20260123_115728_CH01_REF_TMO_PING_NJ DUT REF_L2.dml,,,,,,,,,,,,,,,,,,,,,,,,,53
235,1,,,-73.9882550,40.7620467,2026-01-23 16:58:45.831,_20260123_115728_CH01_REF_TMO_PING_NJ DUT REF_L2.dml,,,,,,,,,,,,,,,,,,,,,,,,,52
236,1,,,-73.9882550,40.7620467,2026-01-23 16:58:46.000,_20260123_115728_CH01_REF_TMO_PING_NJ DUT REF_L2.dml,,,,N41(100)+N71(15),NR SA,371,-76.900000,16.160000,,,,,,,,,,,,,0.000,,,,
237,1,,,-73.9882550,40.7620467,2026-01-23 16:58:46.035,_20260123_115728_CH01_REF_TMO_PING_NJ DUT REF_L2.dml,,,,,,,,,,,,,,,,,,,,,,,,,51
238,1,,,-73.9882550,40.7620467,2026-01-23 16:58:46.239,_20260123_115728_CH01_REF_TMO_PING_NJ DUT REF_L2.dml,,,,,,,,,,,,,,,,,,,,,,,,,50
239,1,,,-73.9882550,40.7620467,2026-01-23 16:58:46.441,_20260123_115728_CH01_REF_TMO_PING_NJ DUT REF_L2.dml,,,,,,,,,,,,,,,,,,,,,,,,,50
240,1,,,-73.9882550,40.7620467,2026-01-23 16:58:46.629,_20260123_115728_CH01_REF_TMO_PING_NJ DUT REF_L2.dml,,,,,,,,,,,,,,,,,,,,,,,,,47
241,1,,,-73.9882550,40.7620467,2026-01-23 16:58:46.831,_20260123_115728_CH01_REF_TMO_PING_NJ DUT REF_L2.dml,,,,,,,,,,,,,,,,,,,,,,,,,45
242,1,,,-73.9882550,40.7620467,2026-01-23 16:58:47.035,_20260123_115728_CH01_REF_TMO_PING_NJ DUT REF_L2.dml,,,,,,,,,,,,,,,,,,,,,,,,,47
243,1,,,-73.9882550,40.7620467,2026-01-23 16:58:47.000,_20260123_115728_CH01_REF_TMO_PING_NJ DUT REF_L2.dml,,,,N41(100)+N71(15),NR SA,371,-77.760000,14.560000,,,,,,,,,,,,,0.008,,,,
244,1,,,-73.9882550,40.7620467,2026-01-23 16:58:47.239,_20260123_115728_CH01_REF_TMO_PING_NJ DUT REF_L2.dml,,,,,,,,,,,,,,,,,,,,,,,,,43
245,1,,,-73.9882550,40.7620467,2026-01-23 16:58:47.441,_20260123_115728_CH01_REF_TMO_PING_NJ DUT REF_L2.dml,,,,,,,,,,,,,,,,,,,,,,,,,42
246,1,,,-73.9882550,40.7620467,2026-01-23 16:58:47.629,_20260123_115728_CH01_REF_TMO_PING_NJ DUT REF_L2.dml,,,,,,,,,,,,,,,,,,,,,,,,,41
247,1,,,-73.9882550,40.7620467,2026-01-23 16:58:47.831,_20260123_115728_CH01_REF_TMO_PING_NJ DUT REF_L2.dml,,,,,,,,,,,,,,,,,,,,,,,,,40
248,1,,,-73.9882550,40.7620467,2026-01-23 16:58:48.035,_20260123_115728_CH01_REF_TMO_PING_NJ DUT REF_L2.dml,,,,,,,,,,,,,,,,,,,,,,,,,39
249,1,,,-73.9882550,40.7620467,2026-01-23 16:58:48.000,_20260123_115728_CH01_REF_TMO_PING_NJ DUT REF_L2.dml,,,,N41(100)+N71(15),NR SA,371,-78.360000,14.680000,,,,,,,,,,,,,0.008,,,,
250,1,,,-73.9882550,40.7620467,2026-01-23 16:58:48.239,_20260123_115728_CH01_REF_TMO_PING_NJ DUT REF_L2.dml,,,,,,,,,,,,,,,,,,,,,,,,,42
251,1,,,-73.9882550,40.7620467,2026-01-23 16:58:48.441,_20260123_115728_CH01_REF_TMO_PING_NJ DUT REF_L2.dml,,,,,,,,,,,,,,,,,,,,,,,,,38
252,1,,,-73.9882550,40.7620467,2026-01-23 16:58:48.629,_20260123_115728_CH01_REF_TMO_PING_NJ DUT REF_L2.dml,,,,,,,,,,,,,,,,,,,,,,,,,37
253,1,,,-73.9882550,40.7620467,2026-01-23 16:58:48.831,_20260123_115728_CH01_REF_TMO_PING_NJ DUT REF_L2.dml,,,,,,,,,,,,,,,,,,,,,,,,,36
254,1,,,-73.9882550,40.7620467,2026-01-23 16:58:49.035,_20260123_115728_CH01_REF_TMO_PING_NJ DUT REF_L2.dml,,,,,,,,,,,,,,,,,,,,,,,,,40
255,1,,,-73.9882550,40.7620467,2026-01-23 16:58:49.000,_20260123_115728_CH01_REF_TMO_PING_NJ DUT REF_L2.dml,,,,N41(100)+N71(15),NR SA,371,-76.290000,15.550000,,,,,,,,,,,,,0.016,,,,
256,1,,,-73.9882550,40.7620467,2026-01-23 16:58:49.239,_20260123_115728_CH01_REF_TMO_PING_NJ DUT REF_L2.dml,,,,,,,,,,,,,,,,,,,,,,,,,35
257,1,,,-73.9882550,40.7620467,2026-01-23 16:58:49.441,_20260123_115728_CH01_REF_TMO_PING_NJ DUT REF_L2.dml,,,,,,,,,,,,,,,,,,,,,,,,,46
258,1,,,-73.9882550,40.7620467,2026-01-23 16:58:49.644,_20260123_115728_CH01_REF_TMO_PING_NJ DUT REF_L2.dml,,,,,,,,,,,,,,,,,,,,,,,,,47
259,1,,,-73.9882550,40.7620467,2026-01-23 16:58:49.831,_20260123_115728_CH01_REF_TMO_PING_NJ DUT REF_L2.dml,,,,,,,,,,,,,,,,,,,,,,,,,36
260,1,,,-73.9882550,40.7620467,2026-01-23 16:58:50.035,_20260123_115728_CH01_REF_TMO_PING_NJ DUT REF_L2.dml,,,,,,,,,,,,,,,,,,,,,,,,,38
261,1,,,-73.9882550,40.7620467,2026-01-23 16:58:50.000,_20260123_115728_CH01_REF_TMO_PING_NJ DUT REF_L2.dml,,,,N41(100)+N71(15),NR SA,371,-76.730000,15.850000,,,,,,,,,,,,,0.024,,,,
262,1,,,-73.9882550,40.7620467,2026-01-23 16:58:50.254,_20260123_115728_CH01_REF_TMO_PING_NJ DUT REF_L2.dml,,,,,,,,,,,,,,,,,,,,,,,,,49
263,1,,,-73.9882550,40.7620467,2026-01-23 16:58:50.285,_20260123_115728_CH01_REF_TMO_PING_NJ DUT REF_L2.dml,,,,,,,,,,,,,,,,,,,,,,PING Traffic End,,,
264,1,,,-73.9882550,40.7620467,2026-01-23 16:58:51.000,_20260123_115728_CH01_REF_TMO_PING_NJ DUT REF_L2.dml,,,,N41(100)+N71(15),NR SA,371,-76.180000,15.290000,,,,,,,,,,,,,0.048,,,,
265,1,,,-73.9882550,40.7620467,2026-01-23 16:58:52.000,_20260123_115728_CH01_REF_TMO_PING_NJ DUT REF_L2.dml,,,,N41(100)+N71(15),,371,-75.300000,16.520000,,,,,,,,,,,,,0.032,,,,
266,1,,,-73.9882550,40.7620467,2026-01-23 16:58:53.000,_20260123_115728_CH01_REF_TMO_PING_NJ DUT REF_L2.dml,,,,N41(100)+N71(15),,371,-75.880000,15.620000,,,,,,,,,,,,,0.000,,,,
267,1,,,-73.9882550,40.7620467,2026-01-23 16:58:53.285,_20260123_115728_CH01_REF_TMO_PING_NJ DUT REF_L2.dml,,,,,,,,,,,,,,,,,,,,,,TIMEOUT_Idle,,,
268,1,,,-73.9882550,40.7620467,2026-01-23 16:58:53.285,_20260123_115728_CH01_REF_TMO_PING_NJ DUT REF_L2.dml,,,,,,,,,,,,,,,,,,,,,,,,0,
269,1,,,-73.9882550,40.7620467,2026-01-23 16:58:53.285,_20260123_115728_CH01_REF_TMO_PING_NJ DUT REF_L2.dml,,,,,,,,,,,,,,,,,,,,,,PING START,,,
270,1,,,-73.9882550,40.7620467,2026-01-23 16:58:54.000,_20260123_115728_CH01_REF_TMO_PING_NJ DUT REF_L2.dml,,,,N41(100)+N71(15),,371,-76.000000,15.600000,,,,,,,,,,,,,0.016,,,,
271,1,,,-73.9882550,40.7620467,2026-01-23 16:58:55.000,_20260123_115728_CH01_REF_TMO_PING_NJ DUT REF_L2.dml,,,,N41(100)+N71(15),,371,-76.060000,14.060000,,,,,,,,,,,,,0.000,,,,
272,1,,,-73.9882550,40.7620467,2026-01-23 16:58:56.000,_20260123_115728_CH01_REF_TMO_PING_NJ DUT REF_L2.dml,,,,N41(100)+N71(15),,371,-76.940000,14.680000,,,,,,,,,,,,,,,,,
273,1,,,-73.9882550,40.7620467,2026-01-23 16:58:56.300,_20260123_115728_CH01_REF_TMO_PING_NJ DUT REF_L2.dml,,,,,,,,,,,,,,,,,,,,,,TIMEOUT_FrontIdle,,,
274,1,,,-73.9882550,40.7620467,2026-01-23 16:58:56.300,_20260123_115728_CH01_REF_TMO_PING_NJ DUT REF_L2.dml,,,,,,,,,,,,,,,,,,,,,,PING Traffic Start,,,
275,1,,,-73.9882550,40.7620467,2026-01-23 16:58:56.519,_20260123_115728_CH01_REF_TMO_PING_NJ DUT REF_L2.dml,,,,,,,,,,,,,,,,,,,,,,,,,47
276,1,,,-73.9882550,40.7620467,2026-01-23 16:58:56.723,_20260123_115728_CH01_REF_TMO_PING_NJ DUT REF_L2.dml,,,,,,,,,,,,,,,,,,,,,,,,,46
277,1,,,-73.9882550,40.7620467,2026-01-23 16:58:56.925,_20260123_115728_CH01_REF_TMO_PING_NJ DUT REF_L2.dml,,,,,,,,,,,,,,,,,,,,,,,,,50
278,1,,,-73.9882550,40.7620467,2026-01-23 16:58:57.000,_20260123_115728_CH01_REF_TMO_PING_NJ DUT REF_L2.dml,,,,N41(100)+N71(15),NR SA,371,-76.700000,14.580000,,,,,,,,,,,,,0.032,,,,
279,1,,,-73.9882550,40.7620467,2026-01-23 16:58:57.114,_20260123_115728_CH01_REF_TMO_PING_NJ DUT REF_L2.dml,,,,,,,,,,,,,,,,,,,,,,,,,51
280,1,,,-73.9882550,40.7620467,2026-01-23 16:58:57.316,_20260123_115728_CH01_REF_TMO_PING_NJ DUT REF_L2.dml,,,,,,,,,,,,,,,,,,,,,,,,,46
281,1,,,-73.9882550,40.7620467,2026-01-23 16:58:57.519,_20260123_115728_CH01_REF_TMO_PING_NJ DUT REF_L2.dml,,,,,,,,,,,,,,,,,,,,,,,,,48
282,1,,,-73.9882550,40.7620467,2026-01-23 16:58:57.723,_20260123_115728_CH01_REF_TMO_PING_NJ DUT REF_L2.dml,,,,,,,,,,,,,,,,,,,,,,,,,43
283,1,,,-73.9882550,40.7620467,2026-01-23 16:58:57.925,_20260123_115728_CH01_REF_TMO_PING_NJ DUT REF_L2.dml,,,,,,,,,,,,,,,,,,,,,,,,,54
284,1,,,-73.9882550,40.7620467,2026-01-23 16:58:58.000,_20260123_115728_CH01_REF_TMO_PING_NJ DUT REF_L2.dml,,,,N41(100)+N71(15),NR SA,371,-75.720000,15.920000,,,,,,,,,,,,,0.024,,,,
285,1,,,-73.9882550,40.7620467,2026-01-23 16:58:58.114,_20260123_115728_CH01_REF_TMO_PING_NJ DUT REF_L2.dml,,,,,,,,,,,,,,,,,,,,,,,,,45
286,1,,,-73.9882550,40.7620467,2026-01-23 16:58:58.331,_20260123_115728_CH01_REF_TMO_PING_NJ DUT REF_L2.dml,,,,,,,,,,,,,,,,,,,,,,,,,59
287,1,,,-73.9882550,40.7620467,2026-01-23 16:58:58.535,_20260123_115728_CH01_REF_TMO_PING_NJ DUT REF_L2.dml,,,,,,,,,,,,,,,,,,,,,,,,,56
288,1,,,-73.9882550,40.7620467,2026-01-23 16:58:58.722,_20260123_115728_CH01_REF_TMO_PING_NJ DUT REF_L2.dml,,,,,,,,,,,,,,,,,,,,,,,,,37
289,1,,,-73.9882550,40.7620467,2026-01-23 16:58:58.910,_20260123_115728_CH01_REF_TMO_PING_NJ DUT REF_L2.dml,,,,,,,,,,,,,,,,,,,,,,,,,36
290,1,,,-73.9882550,40.7620467,2026-01-23 16:58:59.000,_20260123_115728_CH01_REF_TMO_PING_NJ DUT REF_L2.dml,,,,N41(100)+N71(15),NR SA,371,-76.560000,14.420000,,,,,,,,,,,,,0.016,,,,
291,1,,,-73.9882550,40.7620467,2026-01-23 16:58:59.114,_20260123_115728_CH01_REF_TMO_PING_NJ DUT REF_L2.dml,,,,,,,,,,,,,,,,,,,,,,,,,35
292,1,,,-73.9882550,40.7620467,2026-01-23 16:58:59.316,_20260123_115728_CH01_REF_TMO_PING_NJ DUT REF_L2.dml,,,,,,,,,,,,,,,,,,,,,,,,,38
293,1,,,-73.9882550,40.7620467,2026-01-23 16:58:59.535,_20260123_115728_CH01_REF_TMO_PING_NJ DUT REF_L2.dml,,,,,,,,,,,,,,,,,,,,,,,,,52
294,1,,,-73.9882550,40.7620467,2026-01-23 16:58:59.739,_20260123_115728_CH01_REF_TMO_PING_NJ DUT REF_L2.dml,,,,,,,,,,,,,,,,,,,,,,,,,50
295,1,,,-73.9882550,40.7620467,2026-01-23 16:58:59.941,_20260123_115728_CH01_REF_TMO_PING_NJ DUT REF_L2.dml,,,,,,,,,,,,,,,,,,,,,,,,,48
296,1,,,-73.9882550,40.7620467,2026-01-23 16:59:00.000,_20260123_115728_CH01_REF_TMO_PING_NJ DUT REF_L2.dml,,,,N41(100)+N71(15),NR SA,371,-74.840000,15.420000,,,,,,,,,,,,,0.008,,,,
297,1,,,-73.9882550,40.7620467,2026-01-23 16:59:00.129,_20260123_115728_CH01_REF_TMO_PING_NJ DUT REF_L2.dml,,,,,,,,,,,,,,,,,,,,,,,,,48
298,1,,,-73.9882550,40.7620467,2026-01-23 16:59:00.347,_20260123_115728_CH01_REF_TMO_PING_NJ DUT REF_L2.dml,,,,,,,,,,,,,,,,,,,,,,,,,65
299,1,,,-73.9882550,40.7620467,2026-01-23 16:59:00.550,_20260123_115728_CH01_REF_TMO_PING_NJ DUT REF_L2.dml,,,,,,,,,,,,,,,,,,,,,,,,,56
300,1,,,-73.9882550,40.7620467,2026-01-23 16:59:00.754,_20260123_115728_CH01_REF_TMO_PING_NJ DUT REF_L2.dml,,,,,,,,,,,,,,,,,,,,,,,,,63
301,1,,,-73.9882550,40.7620467,2026-01-23 16:59:00.941,_20260123_115728_CH01_REF_TMO_PING_NJ DUT REF_L2.dml,,,,,,,,,,,,,,,,,,,,,,,,,55
302,1,,,-73.9882550,40.7620467,2026-01-23 16:59:01.000,_20260123_115728_CH01_REF_TMO_PING_NJ DUT REF_L2.dml,,,,N41(100)+N71(15),NR SA,371,-78.470000,12.980000,,,,,,,,,,,,,0.016,,,,
303,1,,,-73.9882550,40.7620467,2026-01-23 16:59:01.144,_20260123_115728_CH01_REF_TMO_PING_NJ DUT REF_L2.dml,,,,,,,,,,,,,,,,,,,,,,,,,44
304,1,,,-73.9882550,40.7620467,2026-01-23 16:59:01.331,_20260123_115728_CH01_REF_TMO_PING_NJ DUT REF_L2.dml,,,,,,,,,,,,,,,,,,,,,,,,,43
305,1,,,-73.9882550,40.7620467,2026-01-23 16:59:02.000,_20260123_115728_CH01_REF_TMO_PING_NJ DUT REF_L2.dml,,,,N41(100)+N71(15),NR SA,371,-78.900000,13.370000,,,,,,,,,,,,,0.008,,,,
306,1,,,-73.9882550,40.7620467,2026-01-23 16:59:02.347,_20260123_115728_CH01_REF_TMO_PING_NJ DUT REF_L2.dml,,,,,,,,,,,,,,,,,,,,,,PING Traffic End,,,
307,1,,,-73.9882550,40.7620467,2026-01-23 16:59:03.000,_20260123_115728_CH01_REF_TMO_PING_NJ DUT REF_L2.dml,,,,N41(100)+N71(15),,371,-77.660000,13.290000,,,,,,,,,,,,,0.000,,,,
308,1,,,-73.9882550,40.7620467,2026-01-23 16:59:04.000,_20260123_115728_CH01_REF_TMO_PING_NJ DUT REF_L2.dml,,,,N41(100)+N71(15),,371,-77.710000,13.730000,,,,,,,,,,,,,,,,,
309,1,,,-73.9882550,40.7620467,2026-01-23 16:59:05.000,_20260123_115728_CH01_REF_TMO_PING_NJ DUT REF_L2.dml,,,,N41(100)+N71(15),,371,-76.580000,14.820000,,,,,,,,,,,,,0.000,,,,
310,1,,,-73.9882550,40.7620467,2026-01-23 16:59:05.364,_20260123_115728_CH01_REF_TMO_PING_NJ DUT REF_L2.dml,,,,,,,,,,,,,,,,,,,,,,TIMEOUT_Idle,,,
311,1,,,-73.9882550,40.7620467,2026-01-23 16:59:05.364,_20260123_115728_CH01_REF_TMO_PING_NJ DUT REF_L2.dml,,,,,,,,,,,,,,,,,,,,,,,,0,
312,1,,,-73.9882550,40.7620467,2026-01-23 16:59:05.364,_20260123_115728_CH01_REF_TMO_PING_NJ DUT REF_L2.dml,,,,,,,,,,,,,,,,,,,,,,PING START,,,
313,1,,,-73.9882550,40.7620467,2026-01-23 16:59:06.000,_20260123_115728_CH01_REF_TMO_PING_NJ DUT REF_L2.dml,,,,N41(100)+N71(15),,371,-78.380000,13.360000,,,,,,,,,,,,,0.000,,,,
314,1,,,-73.9882550,40.7620467,2026-01-23 16:59:07.000,_20260123_115728_CH01_REF_TMO_PING_NJ DUT REF_L2.dml,,,,N41(100)+N71(15),,371,-78.240000,16.060000,,,,,,,,,,,,,0.000,,,,
315,1,,,-73.9882550,40.7620467,2026-01-23 16:59:08.000,_20260123_115728_CH01_REF_TMO_PING_NJ DUT REF_L2.dml,,,,N41(100)+N71(15),,371,-78.880000,13.340000,,,,,,,,,,,,,0.000,,,,
316,1,,,-73.9882550,40.7620467,2026-01-23 16:59:08.379,_20260123_115728_CH01_REF_TMO_PING_NJ DUT REF_L2.dml,,,,,,,,,,,,,,,,,,,,,,TIMEOUT_FrontIdle,,,
317,1,,,-73.9882550,40.7620467,2026-01-23 16:59:08.379,_20260123_115728_CH01_REF_TMO_PING_NJ DUT REF_L2.dml,,,,,,,,,,,,,,,,,,,,,,PING Traffic Start,,,
318,1,,,-73.9882550,40.7620467,2026-01-23 16:59:08.566,_20260123_115728_CH01_REF_TMO_PING_NJ DUT REF_L2.dml,,,,,,,,,,,,,,,,,,,,,,,,,47
319,1,,,-73.9882550,40.7620467,2026-01-23 16:59:08.754,_20260123_115728_CH01_REF_TMO_PING_NJ DUT REF_L2.dml,,,,,,,,,,,,,,,,,,,,,,,,,41
320,1,,,-73.9882550,40.7620467,2026-01-23 16:59:08.956,_20260123_115728_CH01_REF_TMO_PING_NJ DUT REF_L2.dml,,,,,,,,,,,,,,,,,,,,,,,,,39
321,1,,,-73.9882550,40.7620467,2026-01-23 16:59:09.000,_20260123_115728_CH01_REF_TMO_PING_NJ DUT REF_L2.dml,,,,N41(100)+N71(15),NR SA,371,-78.400000,14.400000,,,,,,,,,,,,,0.000,,,,
322,1,,,-73.9882550,40.7620467,2026-01-23 16:59:09.144,_20260123_115728_CH01_REF_TMO_PING_NJ DUT REF_L2.dml,,,,,,,,,,,,,,,,,,,,,,,,,36
323,1,,,-73.9882550,40.7620467,2026-01-23 16:59:09.348,_20260123_115728_CH01_REF_TMO_PING_NJ DUT REF_L2.dml,,,,,,,,,,,,,,,,,,,,,,,,,35
324,1,,,-73.9882550,40.7620467,2026-01-23 16:59:09.550,_20260123_115728_CH01_REF_TMO_PING_NJ DUT REF_L2.dml,,,,,,,,,,,,,,,,,,,,,,,,,37
325,1,,,-73.9881950,40.7619900,2026-01-23 16:59:09.769,_20260123_115728_CH01_REF_TMO_PING_NJ DUT REF_L2.dml,,,,,,,,,,,,,,,,,,,,,,,,,38
326,1,,,-73.9881950,40.7619900,2026-01-23 16:59:09.956,_20260123_115728_CH01_REF_TMO_PING_NJ DUT REF_L2.dml,,,,,,,,,,,,,,,,,,,,,,,,,32
327,1,,,-73.9881950,40.7619900,2026-01-23 16:59:10.000,_20260123_115728_CH01_REF_TMO_PING_NJ DUT REF_L2.dml,,,,N41(100)+N71(15),NR SA,371,-77.640000,15.190000,,,,,,,,,,,,,0.008,,,,
328,1,,,-73.9881950,40.7619900,2026-01-23 16:59:10.175,_20260123_115728_CH01_REF_TMO_PING_NJ DUT REF_L2.dml,,,,,,,,,,,,,,,,,,,,,,,,,51
329,1,,,-73.9881950,40.7619900,2026-01-23 16:59:10.364,_20260123_115728_CH01_REF_TMO_PING_NJ DUT REF_L2.dml,,,,,,,,,,,,,,,,,,,,,,,,,37
330,1,,,-73.9881950,40.7619900,2026-01-23 16:59:10.566,_20260123_115728_CH01_REF_TMO_PING_NJ DUT REF_L2.dml,,,,,,,,,,,,,,,,,,,,,,,,,35
331,1,,,-73.9881917,40.7619900,2026-01-23 16:59:10.769,_20260123_115728_CH01_REF_TMO_PING_NJ DUT REF_L2.dml,,,,,,,,,,,,,,,,,,,,,,,,,49
332,1,,,-73.9881917,40.7619900,2026-01-23 16:59:10.973,_20260123_115728_CH01_REF_TMO_PING_NJ DUT REF_L2.dml,,,,,,,,,,,,,,,,,,,,,,,,,46
333,1,,,-73.9881917,40.7619900,2026-01-23 16:59:11.000,_20260123_115728_CH01_REF_TMO_PING_NJ DUT REF_L2.dml,,,,N41(100)+N71(15),NR SA,371,-79.350000,15.120000,,,,,,,,,,,,,0.016,,,,
334,1,,,-73.9881917,40.7619900,2026-01-23 16:59:11.175,_20260123_115728_CH01_REF_TMO_PING_NJ DUT REF_L2.dml,,,,,,,,,,,,,,,,,,,,,,,,,47
335,1,,,-73.9881917,40.7619900,2026-01-23 16:59:11.379,_20260123_115728_CH01_REF_TMO_PING_NJ DUT REF_L2.dml,,,,,,,,,,,,,,,,,,,,,,,,,45
336,1,,,-73.9881900,40.7619883,2026-01-23 16:59:11.581,_20260123_115728_CH01_REF_TMO_PING_NJ DUT REF_L2.dml,,,,,,,,,,,,,,,,,,,,,,,,,44
337,1,,,-73.9881900,40.7619883,2026-01-23 16:59:11.769,_20260123_115728_CH01_REF_TMO_PING_NJ DUT REF_L2.dml,,,,,,,,,,,,,,,,,,,,,,,,,42
338,1,,,-73.9881900,40.7619883,2026-01-23 16:59:11.972,_20260123_115728_CH01_REF_TMO_PING_NJ DUT REF_L2.dml,,,,,,,,,,,,,,,,,,,,,,,,,42
339,1,,,-73.9881900,40.7619883,2026-01-23 16:59:12.000,_20260123_115728_CH01_REF_TMO_PING_NJ DUT REF_L2.dml,,,,N41(100)+N71(15),NR SA,371,-77.920000,13.540000,,,,,,,,,,,,,0.016,,,,
340,1,,,-73.9881900,40.7619883,2026-01-23 16:59:12.175,_20260123_115728_CH01_REF_TMO_PING_NJ DUT REF_L2.dml,,,,,,,,,,,,,,,,,,,,,,,,,41
341,1,,,-73.9881900,40.7619883,2026-01-23 16:59:12.379,_20260123_115728_CH01_REF_TMO_PING_NJ DUT REF_L2.dml,,,,,,,,,,,,,,,,,,,,,,,,,43
342,1,,,-73.9881900,40.7619883,2026-01-23 16:59:12.566,_20260123_115728_CH01_REF_TMO_PING_NJ DUT REF_L2.dml,,,,,,,,,,,,,,,,,,,,,,,,,39
343,1,,,-73.9881900,40.7619883,2026-01-23 16:59:12.769,_20260123_115728_CH01_REF_TMO_PING_NJ DUT REF_L2.dml,,,,,,,,,,,,,,,,,,,,,,,,,38
344,1,,,-73.9881900,40.7619883,2026-01-23 16:59:12.972,_20260123_115728_CH01_REF_TMO_PING_NJ DUT REF_L2.dml,,,,,,,,,,,,,,,,,,,,,,,,,40
345,1,,,-73.9881900,40.7619883,2026-01-23 16:59:13.000,_20260123_115728_CH01_REF_TMO_PING_NJ DUT REF_L2.dml,,,,N41(100)+N71(15),NR SA,371,-78.780000,14.000000,,,,,,,,,,,,,0.000,,,,
346,1,,,-73.9881883,40.7619883,2026-01-23 16:59:13.175,_20260123_115728_CH01_REF_TMO_PING_NJ DUT REF_L2.dml,,,,,,,,,,,,,,,,,,,,,,,,,39
347,1,,,-73.9881883,40.7619883,2026-01-23 16:59:13.379,_20260123_115728_CH01_REF_TMO_PING_NJ DUT REF_L2.dml,,,,,,,,,,,,,,,,,,,,,,,,,35
348,1,,,-73.9881883,40.7619883,2026-01-23 16:59:13.425,_20260123_115728_CH01_REF_TMO_PING_NJ DUT REF_L2.dml,,,,,,,,,,,,,,,,,,,,,,PING Traffic End,,,
349,1,,,-73.9881883,40.7619883,2026-01-23 16:59:14.000,_20260123_115728_CH01_REF_TMO_PING_NJ DUT REF_L2.dml,,,,N41(100)+N71(15),NR SA,371,-78.520000,13.140000,,,,,,,,,,,,,0.008,,,,
350,1,,,-73.9881867,40.7619883,2026-01-23 16:59:15.000,_20260123_115728_CH01_REF_TMO_PING_NJ DUT REF_L2.dml,,,,N41(100)+N71(15),,371,-78.180000,14.480000,,,,,,,,,,,,,0.000,,,,
351,1,,,-73.9881850,40.7619867,2026-01-23 16:59:16.000,_20260123_115728_CH01_REF_TMO_PING_NJ DUT REF_L2.dml,,,,N41(100)+N71(15),,371,-79.100000,15.540000,,,,,,,,,,,,,0.000,,,,
352,1,,,-73.9881850,40.7619867,2026-01-23 16:59:16.425,_20260123_115728_CH01_REF_TMO_PING_NJ DUT REF_L2.dml,,,,,,,,,,,,,,,,,,,,,,TIMEOUT_Idle,,,
353,1,,,-73.9881850,40.7619867,2026-01-23 16:59:16.425,_20260123_115728_CH01_REF_TMO_PING_NJ DUT REF_L2.dml,,,,,,,,,,,,,,,,,,,,,,,,0,
354,1,,,-73.9881850,40.7619867,2026-01-23 16:59:16.425,_20260123_115728_CH01_REF_TMO_PING_NJ DUT REF_L2.dml,,,,,,,,,,,,,,,,,,,,,,PING START,,,
355,1,,,-73.9881850,40.7619867,2026-01-23 16:59:17.000,_20260123_115728_CH01_REF_TMO_PING_NJ DUT REF_L2.dml,,,,N41(100)+N71(15),,371,-78.630000,15.760000,,,,,,,,,,,,,0.000,,,,
356,1,,,-73.9881833,40.7619867,2026-01-23 16:59:18.000,_20260123_115728_CH01_REF_TMO_PING_NJ DUT REF_L2.dml,,,,N41(100)+N71(15),,371,-77.000000,15.530000,,,,,,,,,,,,,0.016,,,,
357,1,,,-73.9881833,40.7619867,2026-01-23 16:59:19.000,_20260123_115728_CH01_REF_TMO_PING_NJ DUT REF_L2.dml,,,,N41(100)+N71(15),,371,-76.880000,15.260000,,,,,,,,,,,,,0.000,,,,
358,1,,,-73.9881833,40.7619867,2026-01-23 16:59:19.425,_20260123_115728_CH01_REF_TMO_PING_NJ DUT REF_L2.dml,,,,,,,,,,,,,,,,,,,,,,TIMEOUT_FrontIdle,,,
359,1,,,-73.9881833,40.7619867,2026-01-23 16:59:19.425,_20260123_115728_CH01_REF_TMO_PING_NJ DUT REF_L2.dml,,,,,,,,,,,,,,,,,,,,,,PING Traffic Start,,,
360,1,,,-73.9881833,40.7619867,2026-01-23 16:59:19.644,_20260123_115728_CH01_REF_TMO_PING_NJ DUT REF_L2.dml,,,,,,,,,,,,,,,,,,,,,,,,,33
361,1,,,-73.9881833,40.7619867,2026-01-23 16:59:19.879,_20260123_115728_CH01_REF_TMO_PING_NJ DUT REF_L2.dml,,,,,,,,,,,,,,,,,,,,,,,,,52
362,1,,,-73.9881833,40.7619867,2026-01-23 16:59:20.000,_20260123_115728_CH01_REF_TMO_PING_NJ DUT REF_L2.dml,,,,N41(100)+N71(15),NR SA,371,-76.700000,15.420000,,,,,,,,,,,,,0.000,,,,
363,1,,,-73.9881833,40.7619867,2026-01-23 16:59:20.066,_20260123_115728_CH01_REF_TMO_PING_NJ DUT REF_L2.dml,,,,,,,,,,,,,,,,,,,,,,,,,51
364,1,,,-73.9881833,40.7619867,2026-01-23 16:59:20.269,_20260123_115728_CH01_REF_TMO_PING_NJ DUT REF_L2.dml,,,,,,,,,,,,,,,,,,,,,,,,,49
365,1,,,-73.9881833,40.7619867,2026-01-23 16:59:20.473,_20260123_115728_CH01_REF_TMO_PING_NJ DUT REF_L2.dml,,,,,,,,,,,,,,,,,,,,,,,,,48
366,1,,,-73.9881833,40.7619867,2026-01-23 16:59:20.675,_20260123_115728_CH01_REF_TMO_PING_NJ DUT REF_L2.dml,,,,,,,,,,,,,,,,,,,,,,,,,47
367,1,,,-73.9881833,40.7619867,2026-01-23 16:59:20.879,_20260123_115728_CH01_REF_TMO_PING_NJ DUT REF_L2.dml,,,,,,,,,,,,,,,,,,,,,,,,,46
368,1,,,-73.9881833,40.7619867,2026-01-23 16:59:21.000,_20260123_115728_CH01_REF_TMO_PING_NJ DUT REF_L2.dml,,,,N41(100)+N71(15),NR SA,371,-78.080000,14.380000,,,,,,,,,,,,,0.008,,,,
369,1,,,-73.9881833,40.7619867,2026-01-23 16:59:21.081,_20260123_115728_CH01_REF_TMO_PING_NJ DUT REF_L2.dml,,,,,,,,,,,,,,,,,,,,,,,,,45
370,1,,,-73.9881833,40.7619867,2026-01-23 16:59:21.285,_20260123_115728_CH01_REF_TMO_PING_NJ DUT REF_L2.dml,,,,,,,,,,,,,,,,,,,,,,,,,44
371,1,,,-73.9881833,40.7619867,2026-01-23 16:59:21.472,_20260123_115728_CH01_REF_TMO_PING_NJ DUT REF_L2.dml,,,,,,,,,,,,,,,,,,,,,,,,,43
372,1,,,-73.9881833,40.7619867,2026-01-23 16:59:21.675,_20260123_115728_CH01_REF_TMO_PING_NJ DUT REF_L2.dml,,,,,,,,,,,,,,,,,,,,,,,,,42
373,1,,,-73.9881833,40.7619867,2026-01-23 16:59:21.879,_20260123_115728_CH01_REF_TMO_PING_NJ DUT REF_L2.dml,,,,,,,,,,,,,,,,,,,,,,,,,41
374,1,,,-73.9881833,40.7619867,2026-01-23 16:59:22.000,_20260123_115728_CH01_REF_TMO_PING_NJ DUT REF_L2.dml,,,,N41(100)+N71(15),NR SA,371,-80.220000,13.240000,,,,,,,,,,,,,0.008,,,,
375,1,,,-73.9881833,40.7619867,2026-01-23 16:59:22.081,_20260123_115728_CH01_REF_TMO_PING_NJ DUT REF_L2.dml,,,,,,,,,,,,,,,,,,,,,,,,,40
376,1,,,-73.9881833,40.7619867,2026-01-23 16:59:22.269,_20260123_115728_CH01_REF_TMO_PING_NJ DUT REF_L2.dml,,,,,,,,,,,,,,,,,,,,,,,,,39
377,1,,,-73.9881833,40.7619867,2026-01-23 16:59:22.472,_20260123_115728_CH01_REF_TMO_PING_NJ DUT REF_L2.dml,,,,,,,,,,,,,,,,,,,,,,,,,40
378,1,,,-73.9881833,40.7619867,2026-01-23 16:59:22.675,_20260123_115728_CH01_REF_TMO_PING_NJ DUT REF_L2.dml,,,,,,,,,,,,,,,,,,,,,,,,,37
379,1,,,-73.9881833,40.7619867,2026-01-23 16:59:22.879,_20260123_115728_CH01_REF_TMO_PING_NJ DUT REF_L2.dml,,,,,,,,,,,,,,,,,,,,,,,,,34
380,1,,,-73.9881833,40.7619867,2026-01-23 16:59:23.000,_20260123_115728_CH01_REF_TMO_PING_NJ DUT REF_L2.dml,,,,N41(100)+N71(15),NR SA,371,-77.040000,14.880000,,,,,,,,,,,,,0.016,,,,
381,1,,,-73.9881833,40.7619867,2026-01-23 16:59:23.081,_20260123_115728_CH01_REF_TMO_PING_NJ DUT REF_L2.dml,,,,,,,,,,,,,,,,,,,,,,,,,37
382,1,,,-73.9881833,40.7619867,2026-01-23 16:59:23.300,_20260123_115728_CH01_REF_TMO_PING_NJ DUT REF_L2.dml,,,,,,,,,,,,,,,,,,,,,,,,,52
383,1,,,-73.9881833,40.7619867,2026-01-23 16:59:23.473,_20260123_115728_CH01_REF_TMO_PING_NJ DUT REF_L2.dml,,,,,,,,,,,,,,,,,,,,,,,,,30
384,1,,,-73.9881833,40.7619867,2026-01-23 16:59:23.675,_20260123_115728_CH01_REF_TMO_PING_NJ DUT REF_L2.dml,,,,,,,,,,,,,,,,,,,,,,,,,36
385,1,,,-73.9881833,40.7619867,2026-01-23 16:59:23.894,_20260123_115728_CH01_REF_TMO_PING_NJ DUT REF_L2.dml,,,,,,,,,,,,,,,,,,,,,,,,,53
386,1,,,-73.9881833,40.7619867,2026-01-23 16:59:24.000,_20260123_115728_CH01_REF_TMO_PING_NJ DUT REF_L2.dml,,,,N41(100)+N71(15),NR SA,371,-78.730000,13.580000,,,,,,,,,,,,,0.024,,,,
387,1,,,-73.9881833,40.7619867,2026-01-23 16:59:24.097,_20260123_115728_CH01_REF_TMO_PING_NJ DUT REF_L2.dml,,,,,,,,,,,,,,,,,,,,,,,,,48
388,1,,,-73.9881833,40.7619867,2026-01-23 16:59:24.300,_20260123_115728_CH01_REF_TMO_PING_NJ DUT REF_L2.dml,,,,,,,,,,,,,,,,,,,,,,,,,27
389,1,,,-73.9881833,40.7619867,2026-01-23 16:59:24.472,_20260123_115728_CH01_REF_TMO_PING_NJ DUT REF_L2.dml,,,,,,,,,,,,,,,,,,,,,,,,,31
390,1,,,-73.9881833,40.7619867,2026-01-23 16:59:24.504,_20260123_115728_CH01_REF_TMO_PING_NJ DUT REF_L2.dml,,,,,,,,,,,,,,,,,,,,,,PING Traffic End,,,
391,1,,,-73.9881833,40.7619867,2026-01-23 16:59:25.000,_20260123_115728_CH01_REF_TMO_PING_NJ DUT REF_L2.dml,,,,N41(100)+N71(15),NR SA,371,-76.790000,14.860000,,,,,,,,,,,,,0.016,,,,
392,1,,,-73.9881833,40.7619867,2026-01-23 16:59:26.000,_20260123_115728_CH01_REF_TMO_PING_NJ DUT REF_L2.dml,,,,N41(100)+N71(15),,371,-75.660000,14.520000,,,,,,,,,,,,,0.000,,,,
393,1,,,-73.9881833,40.7619867,2026-01-23 16:59:27.000,_20260123_115728_CH01_REF_TMO_PING_NJ DUT REF_L2.dml,,,,N41(100)+N71(15),,371,-77.920000,14.500000,,,,,,,,,,,,,0.000,,,,
394,1,,,-73.9881833,40.7619867,2026-01-23 16:59:27.504,_20260123_115728_CH01_REF_TMO_PING_NJ DUT REF_L2.dml,,,,,,,,,,,,,,,,,,,,,,TIMEOUT_Idle,,,
395,1,,,-73.9881833,40.7619867,2026-01-23 16:59:27.504,_20260123_115728_CH01_REF_TMO_PING_NJ DUT REF_L2.dml,,,,,,,,,,,,,,,,,,,,,,,,0,
396,1,,,-73.9881833,40.7619867,2026-01-23 16:59:27.504,_20260123_115728_CH01_REF_TMO_PING_NJ DUT REF_L2.dml,,,,,,,,,,,,,,,,,,,,,,PING START,,,
397,1,,,-73.9881833,40.7619867,2026-01-23 16:59:28.000,_20260123_115728_CH01_REF_TMO_PING_NJ DUT REF_L2.dml,,,,N41(100)+N71(15),,371,-75.760000,14.140000,,,,,,,,,,,,,0.000,,,,
398,1,,,-73.9881833,40.7619867,2026-01-23 16:59:29.000,_20260123_115728_CH01_REF_TMO_PING_NJ DUT REF_L2.dml,,,,N41(100)+N71(15),,371,-75.800000,14.260000,,,,,,,,,,,,,0.000,,,,
399,1,,,-73.9881833,40.7619867,2026-01-23 16:59:30.000,_20260123_115728_CH01_REF_TMO_PING_NJ DUT REF_L2.dml,,,,N41(100)+N71(15),,371,-75.320000,14.780000,,,,,,,,,,,,,0.000,,,,
400,1,,,-73.9881833,40.7619867,2026-01-23 16:59:30.504,_20260123_115728_CH01_REF_TMO_PING_NJ DUT REF_L2.dml,,,,,,,,,,,,,,,,,,,,,,TIMEOUT_FrontIdle,,,
401,1,,,-73.9881833,40.7619867,2026-01-23 16:59:30.504,_20260123_115728_CH01_REF_TMO_PING_NJ DUT REF_L2.dml,,,,,,,,,,,,,,,,,,,,,,PING Traffic Start,,,
402,1,,,-73.9881833,40.7619867,2026-01-23 16:59:30.722,_20260123_115728_CH01_REF_TMO_PING_NJ DUT REF_L2.dml,,,,,,,,,,,,,,,,,,,,,,,,,58
403,1,,,-73.9881833,40.7619867,2026-01-23 16:59:30.910,_20260123_115728_CH01_REF_TMO_PING_NJ DUT REF_L2.dml,,,,,,,,,,,,,,,,,,,,,,,,,53
404,1,,,-73.9881833,40.7619867,2026-01-23 16:59:31.000,_20260123_115728_CH01_REF_TMO_PING_NJ DUT REF_L2.dml,,,,N41(100)+N71(15),NR SA,371,-76.310000,13.510000,,,,,,,,,,,,,0.008,,,,
405,1,,,-73.9881833,40.7619867,2026-01-23 16:59:31.114,_20260123_115728_CH01_REF_TMO_PING_NJ DUT REF_L2.dml,,,,,,,,,,,,,,,,,,,,,,,,,56
406,1,,,-73.9881833,40.7619867,2026-01-23 16:59:31.285,_20260123_115728_CH01_REF_TMO_PING_NJ DUT REF_L2.dml,,,,,,,,,,,,,,,,,,,,,,,,,30
407,1,,,-73.9881833,40.7619867,2026-01-23 16:59:31.519,_20260123_115728_CH01_REF_TMO_PING_NJ DUT REF_L2.dml,,,,,,,,,,,,,,,,,,,,,,,,,49
408,1,,,-73.9881833,40.7619867,2026-01-23 16:59:31.723,_20260123_115728_CH01_REF_TMO_PING_NJ DUT REF_L2.dml,,,,,,,,,,,,,,,,,,,,,,,,,50
409,1,,,-73.9881833,40.7619867,2026-01-23 16:59:31.910,_20260123_115728_CH01_REF_TMO_PING_NJ DUT REF_L2.dml,,,,,,,,,,,,,,,,,,,,,,,,,48
410,1,,,-73.9881833,40.7619867,2026-01-23 16:59:32.000,_20260123_115728_CH01_REF_TMO_PING_NJ DUT REF_L2.dml,,,,N41(100)+N71(15),NR SA,371,-76.670000,13.420000,,,,,,,,,,,,,0.016,,,,
411,1,,,-73.9881833,40.7619867,2026-01-23 16:59:32.114,_20260123_115728_CH01_REF_TMO_PING_NJ DUT REF_L2.dml,,,,,,,,,,,,,,,,,,,,,,,,,45
412,1,,,-73.9881833,40.7619867,2026-01-23 16:59:32.316,_20260123_115728_CH01_REF_TMO_PING_NJ DUT REF_L2.dml,,,,,,,,,,,,,,,,,,,,,,,,,44
413,1,,,-73.9881833,40.7619867,2026-01-23 16:59:32.519,_20260123_115728_CH01_REF_TMO_PING_NJ DUT REF_L2.dml,,,,,,,,,,,,,,,,,,,,,,,,,43
414,1,,,-73.9881833,40.7619867,2026-01-23 16:59:32.706,_20260123_115728_CH01_REF_TMO_PING_NJ DUT REF_L2.dml,,,,,,,,,,,,,,,,,,,,,,,,,43
415,1,,,-73.9881833,40.7619867,2026-01-23 16:59:32.910,_20260123_115728_CH01_REF_TMO_PING_NJ DUT REF_L2.dml,,,,,,,,,,,,,,,,,,,,,,,,,40
416,1,,,-73.9881833,40.7619867,2026-01-23 16:59:33.000,_20260123_115728_CH01_REF_TMO_PING_NJ DUT REF_L2.dml,,,,N41(100)+N71(15),NR SA,371,-76.260000,14.800000,,,,,,,,,,,,,0.016,,,,
417,1,,,-73.9881833,40.7619867,2026-01-23 16:59:33.285,_20260123_115728_CH01_REF_TMO_PING_NJ DUT REF_L2.dml,,,,,,,,,,,,,,,,,,,,,,,,,39
418,1,,,-73.9881833,40.7619867,2026-01-23 16:59:33.316,_20260123_115728_CH01_REF_TMO_PING_NJ DUT REF_L2.dml,,,,,,,,,,,,,,,,,,,,,,,,,40
419,1,,,-73.9881833,40.7619867,2026-01-23 16:59:33.519,_20260123_115728_CH01_REF_TMO_PING_NJ DUT REF_L2.dml,,,,,,,,,,,,,,,,,,,,,,,,,37
420,1,,,-73.9881833,40.7619867,2026-01-23 16:59:33.706,_20260123_115728_CH01_REF_TMO_PING_NJ DUT REF_L2.dml,,,,,,,,,,,,,,,,,,,,,,,,,37
421,1,,,-73.9881833,40.7619867,2026-01-23 16:59:33.910,_20260123_115728_CH01_REF_TMO_PING_NJ DUT REF_L2.dml,,,,,,,,,,,,,,,,,,,,,,,,,35
422,1,,,-73.9881833,40.7619867,2026-01-23 16:59:34.000,_20260123_115728_CH01_REF_TMO_PING_NJ DUT REF_L2.dml,,,,N41(100)+N71(15),NR SA,371,-77.040000,15.580000,,,,,,,,,,,,,,,,,
423,1,,,-73.9881833,40.7619867,2026-01-23 16:59:34.114,_20260123_115728_CH01_REF_TMO_PING_NJ DUT REF_L2.dml,,,,,,,,,,,,,,,,,,,,,,,,,38
424,1,,,-73.9881833,40.7619867,2026-01-23 16:59:34.316,_20260123_115728_CH01_REF_TMO_PING_NJ DUT REF_L2.dml,,,,,,,,,,,,,,,,,,,,,,,,,33
425,1,,,-73.9881833,40.7619867,2026-01-23 16:59:34.519,_20260123_115728_CH01_REF_TMO_PING_NJ DUT REF_L2.dml,,,,,,,,,,,,,,,,,,,,,,,,,33
426,1,,,-73.9881833,40.7619867,2026-01-23 16:59:34.739,_20260123_115728_CH01_REF_TMO_PING_NJ DUT REF_L2.dml,,,,,,,,,,,,,,,,,,,,,,,,,52
427,1,,,-73.9881833,40.7619867,2026-01-23 16:59:34.941,_20260123_115728_CH01_REF_TMO_PING_NJ DUT REF_L2.dml,,,,,,,,,,,,,,,,,,,,,,,,,50
428,1,,,-73.9881833,40.7619867,2026-01-23 16:59:35.000,_20260123_115728_CH01_REF_TMO_PING_NJ DUT REF_L2.dml,,,,N41(100)+N71(15),NR SA,371,-76.820000,14.140000,,,,,,,,,,,,,0.000,,,,
429,1,,,-73.9881833,40.7619867,2026-01-23 16:59:35.129,_20260123_115728_CH01_REF_TMO_PING_NJ DUT REF_L2.dml,,,,,,,,,,,,,,,,,,,,,,,,,51
430,1,,,-73.9881833,40.7619867,2026-01-23 16:59:35.331,_20260123_115728_CH01_REF_TMO_PING_NJ DUT REF_L2.dml,,,,,,,,,,,,,,,,,,,,,,,,,47
431,1,,,-73.9881833,40.7619867,2026-01-23 16:59:35.535,_20260123_115728_CH01_REF_TMO_PING_NJ DUT REF_L2.dml,,,,,,,,,,,,,,,,,,,,,,,,,49
432,1,,,-73.9881833,40.7619867,2026-01-23 16:59:36.000,_20260123_115728_CH01_REF_TMO_PING_NJ DUT REF_L2.dml,,,,N41(100)+N71(15),NR SA,371,-75.800000,15.640000,,,,,,,,,,,,,0.000,,,,
433,1,,,-73.9881833,40.7619867,2026-01-23 16:59:36.566,_20260123_115728_CH01_REF_TMO_PING_NJ DUT REF_L2.dml,,,,,,,,,,,,,,,,,,,,,,PING Traffic End,,,
434,1,,,-73.9881833,40.7619867,2026-01-23 16:59:37.000,_20260123_115728_CH01_REF_TMO_PING_NJ DUT REF_L2.dml,,,,N41(100)+N71(15),,371,-76.020000,16.020000,,,,,,,,,,,,,,,,,
435,1,,,-73.9881833,40.7619867,2026-01-23 16:59:38.000,_20260123_115728_CH01_REF_TMO_PING_NJ DUT REF_L2.dml,,,,N41(100)+N71(15),,371,-76.070000,15.340000,,,,,,,,,,,,,0.000,,,,
436,1,,,-73.9881833,40.7619867,2026-01-23 16:59:39.000,_20260123_115728_CH01_REF_TMO_PING_NJ DUT REF_L2.dml,,,,N41(100)+N71(15),,371,-77.240000,15.260000,,,,,,,,,,,,,0.000,,,,
437,1,,,-73.9881833,40.7619867,2026-01-23 16:59:39.566,_20260123_115728_CH01_REF_TMO_PING_NJ DUT REF_L2.dml,,,,,,,,,,,,,,,,,,,,,,TIMEOUT_Idle,,,
438,1,,,-73.9881833,40.7619867,2026-01-23 16:59:39.566,_20260123_115728_CH01_REF_TMO_PING_NJ DUT REF_L2.dml,,,,,,,,,,,,,,,,,,,,,,,,0,
439,1,,,-73.9881833,40.7619867,2026-01-23 16:59:39.566,_20260123_115728_CH01_REF_TMO_PING_NJ DUT REF_L2.dml,,,,,,,,,,,,,,,,,,,,,,PING START,,,
440,1,,,-73.9881833,40.7619867,2026-01-23 16:59:40.000,_20260123_115728_CH01_REF_TMO_PING_NJ DUT REF_L2.dml,,,,N41(100)+N71(15),,371,-77.560000,13.980000,,,,,,,,,,,,,0.000,,,,
441,1,,,-73.9881833,40.7619867,2026-01-23 16:59:41.000,_20260123_115728_CH01_REF_TMO_PING_NJ DUT REF_L2.dml,,,,N41(100)+N71(15),,371,-78.480000,14.860000,,,,,,,,,,,,,0.000,,,,
442,1,,,-73.9881617,40.7619883,2026-01-23 16:59:42.000,_20260123_115728_CH01_REF_TMO_PING_NJ DUT REF_L2.dml,,,,N41(100)+N71(15),,371,-77.860000,15.200000,,,,,,,,,,,,,0.000,,,,
443,1,,,-73.9881600,40.7619867,2026-01-23 16:59:42.581,_20260123_115728_CH01_REF_TMO_PING_NJ DUT REF_L2.dml,,,,,,,,,,,,,,,,,,,,,,TIMEOUT_FrontIdle,,,
444,1,,,-73.9881600,40.7619867,2026-01-23 16:59:42.581,_20260123_115728_CH01_REF_TMO_PING_NJ DUT REF_L2.dml,,,,,,,,,,,,,,,,,,,,,,PING Traffic Start,,,
445,1,,,-73.9881600,40.7619867,2026-01-23 16:59:42.785,_20260123_115728_CH01_REF_TMO_PING_NJ DUT REF_L2.dml,,,,,,,,,,,,,,,,,,,,,,,,,46
446,1,,,-73.9881600,40.7619867,2026-01-23 16:59:42.973,_20260123_115728_CH01_REF_TMO_PING_NJ DUT REF_L2.dml,,,,,,,,,,,,,,,,,,,,,,,,,36
447,1,,,-73.9881600,40.7619867,2026-01-23 16:59:43.000,_20260123_115728_CH01_REF_TMO_PING_NJ DUT REF_L2.dml,,,,N41(100)+N71(15),NR SA,371,-75.780000,15.860000,,,,,,,,,,,,,0.000,,,,
448,1,,,-73.9881600,40.7619867,2026-01-23 16:59:43.175,_20260123_115728_CH01_REF_TMO_PING_NJ DUT REF_L2.dml,,,,,,,,,,,,,,,,,,,,,,,,,35
449,1,,,-73.9881600,40.7619850,2026-01-23 16:59:43.379,_20260123_115728_CH01_REF_TMO_PING_NJ DUT REF_L2.dml,,,,,,,,,,,,,,,,,,,,,,,,,37
450,1,,,-73.9881600,40.7619850,2026-01-23 16:59:43.566,_20260123_115728_CH01_REF_TMO_PING_NJ DUT REF_L2.dml,,,,,,,,,,,,,,,,,,,,,,,,,33
451,1,,,-73.9881600,40.7619850,2026-01-23 16:59:43.800,_20260123_115728_CH01_REF_TMO_PING_NJ DUT REF_L2.dml,,,,,,,,,,,,,,,,,,,,,,,,,51
452,1,,,-73.9881600,40.7619850,2026-01-23 16:59:44.004,_20260123_115728_CH01_REF_TMO_PING_NJ DUT REF_L2.dml,,,,,,,,,,,,,,,,,,,,,,,,,53
453,1,,,-73.9881600,40.7619850,2026-01-23 16:59:44.000,_20260123_115728_CH01_REF_TMO_PING_NJ DUT REF_L2.dml,,,,N41(100)+N71(15),NR SA,371,-76.880000,16.880000,,,,,,,,,,,,,0.008,,,,
454,1,,,-73.9881600,40.7619850,2026-01-23 16:59:44.191,_20260123_115728_CH01_REF_TMO_PING_NJ DUT REF_L2.dml,,,,,,,,,,,,,,,,,,,,,,,,,48
455,1,,,-73.9881600,40.7619850,2026-01-23 16:59:44.394,_20260123_115728_CH01_REF_TMO_PING_NJ DUT REF_L2.dml,,,,,,,,,,,,,,,,,,,,,,,,,52
456,1,,,-73.9881600,40.7619850,2026-01-23 16:59:44.598,_20260123_115728_CH01_REF_TMO_PING_NJ DUT REF_L2.dml,,,,,,,,,,,,,,,,,,,,,,,,,46
457,1,,,-73.9881600,40.7619850,2026-01-23 16:59:44.800,_20260123_115728_CH01_REF_TMO_PING_NJ DUT REF_L2.dml,,,,,,,,,,,,,,,,,,,,,,,,,50
458,1,,,-73.9881600,40.7619850,2026-01-23 16:59:44.989,_20260123_115728_CH01_REF_TMO_PING_NJ DUT REF_L2.dml,,,,,,,,,,,,,,,,,,,,,,,,,44
459,1,,,-73.9881600,40.7619850,2026-01-23 16:59:45.000,_20260123_115728_CH01_REF_TMO_PING_NJ DUT REF_L2.dml,,,,N41(100)+N71(15),NR SA,371,-76.590000,15.270000,,,,,,,,,,,,,0.008,,,,
460,1,,,-73.9881600,40.7619850,2026-01-23 16:59:45.175,_20260123_115728_CH01_REF_TMO_PING_NJ DUT REF_L2.dml,,,,,,,,,,,,,,,,,,,,,,,,,33
461,1,,,-73.9881600,40.7619850,2026-01-23 16:59:45.394,_20260123_115728_CH01_REF_TMO_PING_NJ DUT REF_L2.dml,,,,,,,,,,,,,,,,,,,,,,,,,42
462,1,,,-73.9881600,40.7619850,2026-01-23 16:59:45.598,_20260123_115728_CH01_REF_TMO_PING_NJ DUT REF_L2.dml,,,,,,,,,,,,,,,,,,,,,,,,,41
463,1,,,-73.9881600,40.7619850,2026-01-23 16:59:45.800,_20260123_115728_CH01_REF_TMO_PING_NJ DUT REF_L2.dml,,,,,,,,,,,,,,,,,,,,,,,,,41
464,1,,,-73.9881600,40.7619850,2026-01-23 16:59:45.989,_20260123_115728_CH01_REF_TMO_PING_NJ DUT REF_L2.dml,,,,,,,,,,,,,,,,,,,,,,,,,40
465,1,,,-73.9881600,40.7619850,2026-01-23 16:59:46.000,_20260123_115728_CH01_REF_TMO_PING_NJ DUT REF_L2.dml,,,,N41(100)+N71(15),NR SA,371,-76.450000,12.360000,,,,,,,,,,,,,0.080,,,,
466,1,,,-73.9881600,40.7619850,2026-01-23 16:59:46.191,_20260123_115728_CH01_REF_TMO_PING_NJ DUT REF_L2.dml,,,,,,,,,,,,,,,,,,,,,,,,,37
467,1,,,-73.9881600,40.7619850,2026-01-23 16:59:46.394,_20260123_115728_CH01_REF_TMO_PING_NJ DUT REF_L2.dml,,,,,,,,,,,,,,,,,,,,,,,,,35
468,1,,,-73.9881600,40.7619850,2026-01-23 16:59:46.597,_20260123_115728_CH01_REF_TMO_PING_NJ DUT REF_L2.dml,,,,,,,,,,,,,,,,,,,,,,,,,34
469,1,,,-73.9881600,40.7619850,2026-01-23 16:59:46.785,_20260123_115728_CH01_REF_TMO_PING_NJ DUT REF_L2.dml,,,,,,,,,,,,,,,,,,,,,,,,,33
470,1,,,-73.9881600,40.7619850,2026-01-23 16:59:47.004,_20260123_115728_CH01_REF_TMO_PING_NJ DUT REF_L2.dml,,,,,,,,,,,,,,,,,,,,,,,,,37
471,1,,,-73.9881600,40.7619850,2026-01-23 16:59:47.000,_20260123_115728_CH01_REF_TMO_PING_NJ DUT REF_L2.dml,,,,N41(100)+N71(15),NR SA,371,-75.800000,14.320000,,,,,,,,,,,,,0.024,,,,
472,1,,,-73.9881600,40.7619850,2026-01-23 16:59:47.206,_20260123_115728_CH01_REF_TMO_PING_NJ DUT REF_L2.dml,,,,,,,,,,,,,,,,,,,,,,,,,51
473,1,,,-73.9881600,40.7619850,2026-01-23 16:59:47.410,_20260123_115728_CH01_REF_TMO_PING_NJ DUT REF_L2.dml,,,,,,,,,,,,,,,,,,,,,,,,,50
474,1,,,-73.9881600,40.7619850,2026-01-23 16:59:47.614,_20260123_115728_CH01_REF_TMO_PING_NJ DUT REF_L2.dml,,,,,,,,,,,,,,,,,,,,,,,,,49
475,1,,,-73.9881600,40.7619850,2026-01-23 16:59:48.000,_20260123_115728_CH01_REF_TMO_PING_NJ DUT REF_L2.dml,,,,N41(100)+N71(15),NR SA,371,-76.940000,15.000000,,,,,,,,,,,,,0.008,,,,
476,1,,,-73.9881600,40.7619850,2026-01-23 16:59:48.629,_20260123_115728_CH01_REF_TMO_PING_NJ DUT REF_L2.dml,,,,,,,,,,,,,,,,,,,,,,PING Traffic End,,,
477,1,,,-73.9881600,40.7619850,2026-01-23 16:59:49.000,_20260123_115728_CH01_REF_TMO_PING_NJ DUT REF_L2.dml,,,,N41(100)+N71(15),,371,-75.720000,15.540000,,,,,,,,,,,,,0.000,,,,
478,1,,,-73.9881600,40.7619850,2026-01-23 16:59:50.000,_20260123_115728_CH01_REF_TMO_PING_NJ DUT REF_L2.dml,,,,N41(100)+N71(15),,371,-75.560000,14.160000,,,,,,,,,,,,,0.000,,,,
479,1,,,-73.9881600,40.7619850,2026-01-23 16:59:51.000,_20260123_115728_CH01_REF_TMO_PING_NJ DUT REF_L2.dml,,,,N41(100)+N71(15),,371,-75.020000,15.560000,,,,,,,,,,,,,0.000,,,,
480,1,,,-73.9881600,40.7619850,2026-01-23 16:59:51.644,_20260123_115728_CH01_REF_TMO_PING_NJ DUT REF_L2.dml,,,,,,,,,,,,,,,,,,,,,,TIMEOUT_Idle,,,
481,1,,,-73.9881600,40.7619850,2026-01-23 16:59:51.644,_20260123_115728_CH01_REF_TMO_PING_NJ DUT REF_L2.dml,,,,,,,,,,,,,,,,,,,,,,,,0,
482,1,,,-73.9881600,40.7619850,2026-01-23 16:59:51.644,_20260123_115728_CH01_REF_TMO_PING_NJ DUT REF_L2.dml,,,,,,,,,,,,,,,,,,,,,,PING START,,,
483,1,,,-73.9881600,40.7619850,2026-01-23 16:59:52.000,_20260123_115728_CH01_REF_TMO_PING_NJ DUT REF_L2.dml,,,,N41(100)+N71(15),,371,-76.330000,14.490000,,,,,,,,,,,,,0.048,,,,
484,1,,,-73.9881600,40.7619850,2026-01-23 16:59:53.000,_20260123_115728_CH01_REF_TMO_PING_NJ DUT REF_L2.dml,,,,N41(100)+N71(15),,371,-74.700000,14.890000,,,,,,,,,,,,,0.008,,,,
485,1,,,-73.9881600,40.7619850,2026-01-23 16:59:54.000,_20260123_115728_CH01_REF_TMO_PING_NJ DUT REF_L2.dml,,,,N41(100)+N71(15),,371,-75.200000,15.740000,,,,,,,,,,,,,0.000,,,,
486,1,,,-73.9881600,40.7619850,2026-01-23 16:59:54.644,_20260123_115728_CH01_REF_TMO_PING_NJ DUT REF_L2.dml,,,,,,,,,,,,,,,,,,,,,,TIMEOUT_FrontIdle,,,
487,1,,,-73.9881600,40.7619850,2026-01-23 16:59:54.644,_20260123_115728_CH01_REF_TMO_PING_NJ DUT REF_L2.dml,,,,,,,,,,,,,,,,,,,,,,PING Traffic Start,,,
488,1,,,-73.9881600,40.7619850,2026-01-23 16:59:54.847,_20260123_115728_CH01_REF_TMO_PING_NJ DUT REF_L2.dml,,,,,,,,,,,,,,,,,,,,,,,,,55
489,1,,,-73.9881600,40.7619850,2026-01-23 16:59:55.000,_20260123_115728_CH01_REF_TMO_PING_NJ DUT REF_L2.dml,,,,N41(100)+N71(15),NR SA,371,-75.340000,17.280000,,,,,,,,,,,,,0.000,,,,
490,1,,,-73.9881600,40.7619850,2026-01-23 16:59:55.050,_20260123_115728_CH01_REF_TMO_PING_NJ DUT REF_L2.dml,,,,,,,,,,,,,,,,,,,,,,,,,46
491,1,,,-73.9881600,40.7619850,2026-01-23 16:59:55.254,_20260123_115728_CH01_REF_TMO_PING_NJ DUT REF_L2.dml,,,,,,,,,,,,,,,,,,,,,,,,,47
492,1,,,-73.9881600,40.7619850,2026-01-23 16:59:55.456,_20260123_115728_CH01_REF_TMO_PING_NJ DUT REF_L2.dml,,,,,,,,,,,,,,,,,,,,,,,,,43
493,1,,,-73.9881600,40.7619850,2026-01-23 16:59:55.660,_20260123_115728_CH01_REF_TMO_PING_NJ DUT REF_L2.dml,,,,,,,,,,,,,,,,,,,,,,,,,45
494,1,,,-73.9881600,40.7619850,2026-01-23 16:59:55.847,_20260123_115728_CH01_REF_TMO_PING_NJ DUT REF_L2.dml,,,,,,,,,,,,,,,,,,,,,,,,,42
495,1,,,-73.9881600,40.7619850,2026-01-23 16:59:56.000,_20260123_115728_CH01_REF_TMO_PING_NJ DUT REF_L2.dml,,,,N41(100)+N71(15),NR SA,371,-75.800000,16.520000,,,,,,,,,,,,,0.016,,,,
496,1,,,-73.9881600,40.7619850,2026-01-23 16:59:56.050,_20260123_115728_CH01_REF_TMO_PING_NJ DUT REF_L2.dml,,,,,,,,,,,,,,,,,,,,,,,,,40
497,1,,,-73.9881600,40.7619850,2026-01-23 16:59:56.254,_20260123_115728_CH01_REF_TMO_PING_NJ DUT REF_L2.dml,,,,,,,,,,,,,,,,,,,,,,,,,42
498,1,,,-73.9881600,40.7619850,2026-01-23 16:59:56.456,_20260123_115728_CH01_REF_TMO_PING_NJ DUT REF_L2.dml,,,,,,,,,,,,,,,,,,,,,,,,,38
499,1,,,-73.9881600,40.7619850,2026-01-23 16:59:56.660,_20260123_115728_CH01_REF_TMO_PING_NJ DUT REF_L2.dml,,,,,,,,,,,,,,,,,,,,,,,,,38
500,1,,,-73.9881600,40.7619850,2026-01-23 16:59:56.864,_20260123_115728_CH01_REF_TMO_PING_NJ DUT REF_L2.dml,,,,,,,,,,,,,,,,,,,,,,,,,43
501,1,,,-73.9881600,40.7619850,2026-01-23 16:59:57.000,_20260123_115728_CH01_REF_TMO_PING_NJ DUT REF_L2.dml,,,,N41(100)+N71(15),NR SA,371,-75.020000,15.020000,,,,,,,,,,,,,0.008,,,,
502,1,,,-73.9881600,40.7619850,2026-01-23 16:59:57.050,_20260123_115728_CH01_REF_TMO_PING_NJ DUT REF_L2.dml,,,,,,,,,,,,,,,,,,,,,,,,,35
503,1,,,-73.9881600,40.7619850,2026-01-23 16:59:57.254,_20260123_115728_CH01_REF_TMO_PING_NJ DUT REF_L2.dml,,,,,,,,,,,,,,,,,,,,,,,,,38
504,1,,,-73.9881600,40.7619850,2026-01-23 16:59:57.456,_20260123_115728_CH01_REF_TMO_PING_NJ DUT REF_L2.dml,,,,,,,,,,,,,,,,,,,,,,,,,41
505,1,,,-73.9881600,40.7619850,2026-01-23 16:59:57.675,_20260123_115728_CH01_REF_TMO_PING_NJ DUT REF_L2.dml,,,,,,,,,,,,,,,,,,,,,,,,,52
506,1,,,-73.9881600,40.7619850,2026-01-23 16:59:57.879,_20260123_115728_CH01_REF_TMO_PING_NJ DUT REF_L2.dml,,,,,,,,,,,,,,,,,,,,,,,,,51
507,1,,,-73.9881600,40.7619850,2026-01-23 16:59:58.000,_20260123_115728_CH01_REF_TMO_PING_NJ DUT REF_L2.dml,,,,N41(100)+N71(15),NR SA,371,-76.090000,14.070000,,,,,,,,,,,,,0.016,,,,
508,1,,,-73.9881600,40.7619850,2026-01-23 16:59:58.081,_20260123_115728_CH01_REF_TMO_PING_NJ DUT REF_L2.dml,,,,,,,,,,,,,,,,,,,,,,,,,52
509,1,,,-73.9881600,40.7619850,2026-01-23 16:59:58.269,_20260123_115728_CH01_REF_TMO_PING_NJ DUT REF_L2.dml,,,,,,,,,,,,,,,,,,,,,,,,,48
510,1,,,-73.9881600,40.7619850,2026-01-23 16:59:58.473,_20260123_115728_CH01_REF_TMO_PING_NJ DUT REF_L2.dml,,,,,,,,,,,,,,,,,,,,,,,,,52
511,1,,,-73.9881600,40.7619850,2026-01-23 16:59:58.691,_20260123_115728_CH01_REF_TMO_PING_NJ DUT REF_L2.dml,,,,,,,,,,,,,,,,,,,,,,,,,60
512,1,,,-73.9881600,40.7619850,2026-01-23 16:59:58.879,_20260123_115728_CH01_REF_TMO_PING_NJ DUT REF_L2.dml,,,,,,,,,,,,,,,,,,,,,,,,,53
513,1,,,-73.9881600,40.7619850,2026-01-23 16:59:59.000,_20260123_115728_CH01_REF_TMO_PING_NJ DUT REF_L2.dml,,,,N41(100)+N71(15),NR SA,371,-76.050000,14.540000,,,,,,,,,,,,,0.016,,,,
514,1,,,-73.9881600,40.7619850,2026-01-23 16:59:59.081,_20260123_115728_CH01_REF_TMO_PING_NJ DUT REF_L2.dml,,,,,,,,,,,,,,,,,,,,,,,,,49
515,1,,,-73.9881600,40.7619850,2026-01-23 16:59:59.285,_20260123_115728_CH01_REF_TMO_PING_NJ DUT REF_L2.dml,,,,,,,,,,,,,,,,,,,,,,,,,48
516,1,,,-73.9881600,40.7619850,2026-01-23 16:59:59.489,_20260123_115728_CH01_REF_TMO_PING_NJ DUT REF_L2.dml,,,,,,,,,,,,,,,,,,,,,,,,,67
517,1,,,-73.9881600,40.7619850,2026-01-23 16:59:59.691,_20260123_115728_CH01_REF_TMO_PING_NJ DUT REF_L2.dml,,,,,,,,,,,,,,,,,,,,,,,,,69
518,1,,,-73.9881600,40.7619850,2026-01-23 17:00:00.000,_20260123_115728_CH01_REF_TMO_PING_NJ DUT REF_L2.dml,,,,N41(100)+N71(15),NR SA,371,-75.290000,15.770000,,,,,,,,,,,,,0.024,,,,
519,1,,,-73.9881600,40.7619850,2026-01-23 17:00:00.691,_20260123_115728_CH01_REF_TMO_PING_NJ DUT REF_L2.dml,,,,,,,,,,,,,,,,,,,,,,PING Traffic End,,,
520,1,,,-73.9881600,40.7619850,2026-01-23 17:00:01.000,_20260123_115728_CH01_REF_TMO_PING_NJ DUT REF_L2.dml,,,,N41(100)+N71(15),,371,-76.140000,15.200000,,,,,,,,,,,,,,,,,
521,1,,,-73.9881600,40.7619850,2026-01-23 17:00:02.000,_20260123_115728_CH01_REF_TMO_PING_NJ DUT REF_L2.dml,,,,N41(100)+N71(15),,371,-76.240000,14.280000,,,,,,,,,,,,,0.000,,,,
522,1,,,-73.9881600,40.7619850,2026-01-23 17:00:03.000,_20260123_115728_CH01_REF_TMO_PING_NJ DUT REF_L2.dml,,,,N41(100)+N71(15),,371,-75.960000,14.740000,,,,,,,,,,,,,0.000,,,,
523,1,,,-73.9881600,40.7619850,2026-01-23 17:00:03.706,_20260123_115728_CH01_REF_TMO_PING_NJ DUT REF_L2.dml,,,,,,,,,,,,,,,,,,,,,,TIMEOUT_Idle,,,
524,1,,,-73.9881600,40.7619850,2026-01-23 17:00:03.706,_20260123_115728_CH01_REF_TMO_PING_NJ DUT REF_L2.dml,,,,,,,,,,,,,,,,,,,,,,,,0,
525,1,,,-73.9881600,40.7619850,2026-01-23 17:00:03.706,_20260123_115728_CH01_REF_TMO_PING_NJ DUT REF_L2.dml,,,,,,,,,,,,,,,,,,,,,,PING START,,,
526,1,,,-73.9881600,40.7619850,2026-01-23 17:00:04.000,_20260123_115728_CH01_REF_TMO_PING_NJ DUT REF_L2.dml,,,,N41(100)+N71(15),,371,-74.840000,15.380000,,,,,,,,,,,,,0.000,,,,
527,1,,,-73.9881600,40.7619850,2026-01-23 17:00:05.000,_20260123_115728_CH01_REF_TMO_PING_NJ DUT REF_L2.dml,,,,N41(100)+N71(15),,371,-74.780000,15.360000,,,,,,,,,,,,,0.024,,,,
528,1,,,-73.9881600,40.7619850,2026-01-23 17:00:06.000,_20260123_115728_CH01_REF_TMO_PING_NJ DUT REF_L2.dml,,,,N41(100)+N71(15),,371,-74.680000,16.370000,,,,,,,,,,,,,0.000,,,,
529,1,,,-73.9881600,40.7619850,2026-01-23 17:00:06.706,_20260123_115728_CH01_REF_TMO_PING_NJ DUT REF_L2.dml,,,,,,,,,,,,,,,,,,,,,,TIMEOUT_FrontIdle,,,
530,1,,,-73.9881600,40.7619850,2026-01-23 17:00:06.706,_20260123_115728_CH01_REF_TMO_PING_NJ DUT REF_L2.dml,,,,,,,,,,,,,,,,,,,,,,PING Traffic Start,,,
531,1,,,-73.9881600,40.7619850,2026-01-23 17:00:06.910,_20260123_115728_CH01_REF_TMO_PING_NJ DUT REF_L2.dml,,,,,,,,,,,,,,,,,,,,,,,,,44
532,1,,,-73.9881600,40.7619850,2026-01-23 17:00:07.000,_20260123_115728_CH01_REF_TMO_PING_NJ DUT REF_L2.dml,,,,N41(100)+N71(15),NR SA,371,-75.400000,16.600000,,,,,,,,,,,,,0.000,,,,
533,1,,,-73.9881600,40.7619850,2026-01-23 17:00:07.114,_20260123_115728_CH01_REF_TMO_PING_NJ DUT REF_L2.dml,,,,,,,,,,,,,,,,,,,,,,,,,43
534,1,,,-73.9881600,40.7619850,2026-01-23 17:00:07.316,_20260123_115728_CH01_REF_TMO_PING_NJ DUT REF_L2.dml,,,,,,,,,,,,,,,,,,,,,,,,,39
535,1,,,-73.9881600,40.7619850,2026-01-23 17:00:07.519,_20260123_115728_CH01_REF_TMO_PING_NJ DUT REF_L2.dml,,,,,,,,,,,,,,,,,,,,,,,,,40
536,1,,,-73.9881600,40.7619850,2026-01-23 17:00:07.722,_20260123_115728_CH01_REF_TMO_PING_NJ DUT REF_L2.dml,,,,,,,,,,,,,,,,,,,,,,,,,39
537,1,,,-73.9881600,40.7619850,2026-01-23 17:00:07.910,_20260123_115728_CH01_REF_TMO_PING_NJ DUT REF_L2.dml,,,,,,,,,,,,,,,,,,,,,,,,,36
538,1,,,-73.9881600,40.7619850,2026-01-23 17:00:08.000,_20260123_115728_CH01_REF_TMO_PING_NJ DUT REF_L2.dml,,,,N41(100)+N71(15),NR SA,371,-74.330000,16.130000,,,,,,,,,,,,,0.016,,,,
539,1,,,-73.9881600,40.7619850,2026-01-23 17:00:08.114,_20260123_115728_CH01_REF_TMO_PING_NJ DUT REF_L2.dml,,,,,,,,,,,,,,,,,,,,,,,,,38
540,1,,,-73.9881600,40.7619850,2026-01-23 17:00:08.316,_20260123_115728_CH01_REF_TMO_PING_NJ DUT REF_L2.dml,,,,,,,,,,,,,,,,,,,,,,,,,34
541,1,,,-73.9882150,40.7619767,2026-01-23 17:00:08.519,_20260123_115728_CH01_REF_TMO_PING_NJ DUT REF_L2.dml,,,,,,,,,,,,,,,,,,,,,,,,,36
542,1,,,-73.9882150,40.7619767,2026-01-23 17:00:08.706,_20260123_115728_CH01_REF_TMO_PING_NJ DUT REF_L2.dml,,,,,,,,,,,,,,,,,,,,,,,,,32
543,1,,,-73.9882150,40.7619767,2026-01-23 17:00:08.910,_20260123_115728_CH01_REF_TMO_PING_NJ DUT REF_L2.dml,,,,,,,,,,,,,,,,,,,,,,,,,31
544,1,,,-73.9882150,40.7619767,2026-01-23 17:00:09.000,_20260123_115728_CH01_REF_TMO_PING_NJ DUT REF_L2.dml,,,,N41(100)+N71(15),NR SA,371,-75.000000,15.900000,,,,,,,,,,,,,0.016,,,,
545,1,,,-73.9882150,40.7619767,2026-01-23 17:00:09.129,_20260123_115728_CH01_REF_TMO_PING_NJ DUT REF_L2.dml,,,,,,,,,,,,,,,,,,,,,,,,,50
546,1,,,-73.9882150,40.7619767,2026-01-23 17:00:09.331,_20260123_115728_CH01_REF_TMO_PING_NJ DUT REF_L2.dml,,,,,,,,,,,,,,,,,,,,,,,,,49
547,1,,,-73.9882200,40.7619750,2026-01-23 17:00:09.535,_20260123_115728_CH01_REF_TMO_PING_NJ DUT REF_L2.dml,,,,,,,,,,,,,,,,,,,,,,,,,48
548,1,,,-73.9882200,40.7619750,2026-01-23 17:00:09.739,_20260123_115728_CH01_REF_TMO_PING_NJ DUT REF_L2.dml,,,,,,,,,,,,,,,,,,,,,,,,,51
549,1,,,-73.9882200,40.7619750,2026-01-23 17:00:09.941,_20260123_115728_CH01_REF_TMO_PING_NJ DUT REF_L2.dml,,,,,,,,,,,,,,,,,,,,,,,,,49
550,1,,,-73.9882200,40.7619750,2026-01-23 17:00:10.000,_20260123_115728_CH01_REF_TMO_PING_NJ DUT REF_L2.dml,,,,N41(100)+N71(15),NR SA,371,-74.500000,15.440000,,,,,,,,,,,,,0.016,,,,
551,1,,,-73.9882200,40.7619750,2026-01-23 17:00:10.129,_20260123_115728_CH01_REF_TMO_PING_NJ DUT REF_L2.dml,,,,,,,,,,,,,,,,,,,,,,,,,46
552,1,,,-73.9882200,40.7619750,2026-01-23 17:00:10.331,_20260123_115728_CH01_REF_TMO_PING_NJ DUT REF_L2.dml,,,,,,,,,,,,,,,,,,,,,,,,,45
553,1,,,-73.9882367,40.7619817,2026-01-23 17:00:10.535,_20260123_115728_CH01_REF_TMO_PING_NJ DUT REF_L2.dml,,,,,,,,,,,,,,,,,,,,,,,,,44
554,1,,,-73.9882367,40.7619817,2026-01-23 17:00:10.739,_20260123_115728_CH01_REF_TMO_PING_NJ DUT REF_L2.dml,,,,,,,,,,,,,,,,,,,,,,,,,43
555,1,,,-73.9882367,40.7619817,2026-01-23 17:00:10.941,_20260123_115728_CH01_REF_TMO_PING_NJ DUT REF_L2.dml,,,,,,,,,,,,,,,,,,,,,,,,,42
556,1,,,-73.9882367,40.7619817,2026-01-23 17:00:11.000,_20260123_115728_CH01_REF_TMO_PING_NJ DUT REF_L2.dml,,,,N41(100)+N71(15),NR SA,371,-73.580000,16.240000,,,,,,,,,,,,,0.016,,,,
557,1,,,-73.9882367,40.7619817,2026-01-23 17:00:11.129,_20260123_115728_CH01_REF_TMO_PING_NJ DUT REF_L2.dml,,,,,,,,,,,,,,,,,,,,,,,,,41
558,1,,,-73.9882367,40.7619817,2026-01-23 17:00:11.331,_20260123_115728_CH01_REF_TMO_PING_NJ DUT REF_L2.dml,,,,,,,,,,,,,,,,,,,,,,,,,41
559,1,,,-73.9882333,40.7619767,2026-01-23 17:00:11.535,_20260123_115728_CH01_REF_TMO_PING_NJ DUT REF_L2.dml,,,,,,,,,,,,,,,,,,,,,,,,,42
560,1,,,-73.9882333,40.7619767,2026-01-23 17:00:11.739,_20260123_115728_CH01_REF_TMO_PING_NJ DUT REF_L2.dml,,,,,,,,,,,,,,,,,,,,,,,,,38
561,1,,,-73.9882333,40.7619767,2026-01-23 17:00:11.769,_20260123_115728_CH01_REF_TMO_PING_NJ DUT REF_L2.dml,,,,,,,,,,,,,,,,,,,,,,PING Traffic End,,,
562,1,,,-73.9882333,40.7619767,2026-01-23 17:00:12.000,_20260123_115728_CH01_REF_TMO_PING_NJ DUT REF_L2.dml,,,,N41(100)+N71(15),NR SA,371,-76.560000,13.000000,,,,,,,,,,,,,0.016,,,,
563,1,,,-73.9882433,40.7619783,2026-01-23 17:00:13.000,_20260123_115728_CH01_REF_TMO_PING_NJ DUT REF_L2.dml,,,,N41(100)+N71(15),,371,-77.140000,13.570000,,,,,,,,,,,,,0.000,,,,
564,1,,,-73.9882467,40.7619767,2026-01-23 17:00:14.000,_20260123_115728_CH01_REF_TMO_PING_NJ DUT REF_L2.dml,,,,N41(100)+N71(15),,371,-74.790000,14.740000,,,,,,,,,,,,,0.008,,,,
565,1,,,-73.9882500,40.7619767,2026-01-23 17:00:14.785,_20260123_115728_CH01_REF_TMO_PING_NJ DUT REF_L2.dml,,,,,,,,,,,,,,,,,,,,,,TIMEOUT_Idle,,,
566,1,,,-73.9882500,40.7619767,2026-01-23 17:00:14.785,_20260123_115728_CH01_REF_TMO_PING_NJ DUT REF_L2.dml,,,,,,,,,,,,,,,,,,,,,,,,0,
567,1,,,-73.9882500,40.7619767,2026-01-23 17:00:14.785,_20260123_115728_CH01_REF_TMO_PING_NJ DUT REF_L2.dml,,,,,,,,,,,,,,,,,,,,,,PING START,,,
568,1,,,-73.9882500,40.7619767,2026-01-23 17:00:15.000,_20260123_115728_CH01_REF_TMO_PING_NJ DUT REF_L2.dml,,,,N41(100)+N71(15),,371,-75.180000,13.940000,,,,,,,,,,,,,0.000,,,,
569,1,,,-73.9882500,40.7619750,2026-01-23 17:00:16.000,_20260123_115728_CH01_REF_TMO_PING_NJ DUT REF_L2.dml,,,,N41(100)+N71(15),,371,-76.720000,13.380000,,,,,,,,,,,,,0.000,,,,
570,1,,,-73.9882500,40.7619717,2026-01-23 17:00:17.000,_20260123_115728_CH01_REF_TMO_PING_NJ DUT REF_L2.dml,,,,N41(100)+N71(15),,371,-77.580000,13.040000,,,,,,,,,,,,,0.000,,,,
571,1,,,-73.9882483,40.7619700,2026-01-23 17:00:17.800,_20260123_115728_CH01_REF_TMO_PING_NJ DUT REF_L2.dml,,,,,,,,,,,,,,,,,,,,,,TIMEOUT_FrontIdle,,,
572,1,,,-73.9882483,40.7619700,2026-01-23 17:00:17.800,_20260123_115728_CH01_REF_TMO_PING_NJ DUT REF_L2.dml,,,,,,,,,,,,,,,,,,,,,,PING Traffic Start,,,
573,1,,,-73.9882483,40.7619700,2026-01-23 17:00:18.000,_20260123_115728_CH01_REF_TMO_PING_NJ DUT REF_L2.dml,,,,N41(100)+N71(15),NR SA,371,-75.880000,14.300000,,,,,,,,,,,,,0.000,,,,
574,1,,,-73.9882483,40.7619700,2026-01-23 17:00:18.035,_20260123_115728_CH01_REF_TMO_PING_NJ DUT REF_L2.dml,,,,,,,,,,,,,,,,,,,,,,,,,39
575,1,,,-73.9882483,40.7619700,2026-01-23 17:00:18.254,_20260123_115728_CH01_REF_TMO_PING_NJ DUT REF_L2.dml,,,,,,,,,,,,,,,,,,,,,,,,,52
576,1,,,-73.9882483,40.7619700,2026-01-23 17:00:18.456,_20260123_115728_CH01_REF_TMO_PING_NJ DUT REF_L2.dml,,,,,,,,,,,,,,,,,,,,,,,,,59
577,1,,,-73.9882517,40.7619667,2026-01-23 17:00:18.660,_20260123_115728_CH01_REF_TMO_PING_NJ DUT REF_L2.dml,,,,,,,,,,,,,,,,,,,,,,,,,48
578,1,,,-73.9882517,40.7619667,2026-01-23 17:00:18.864,_20260123_115728_CH01_REF_TMO_PING_NJ DUT REF_L2.dml,,,,,,,,,,,,,,,,,,,,,,,,,52
579,1,,,-73.9882517,40.7619667,2026-01-23 17:00:19.000,_20260123_115728_CH01_REF_TMO_PING_NJ DUT REF_L2.dml,,,,N41(100)+N71(15),NR SA,371,-75.380000,17.420000,,,,,,,,,,,,,0.016,,,,
580,1,,,-73.9882517,40.7619667,2026-01-23 17:00:19.066,_20260123_115728_CH01_REF_TMO_PING_NJ DUT REF_L2.dml,,,,,,,,,,,,,,,,,,,,,,,,,56
581,1,,,-73.9882517,40.7619667,2026-01-23 17:00:19.254,_20260123_115728_CH01_REF_TMO_PING_NJ DUT REF_L2.dml,,,,,,,,,,,,,,,,,,,,,,,,,47
582,1,,,-73.9882517,40.7619667,2026-01-23 17:00:19.473,_20260123_115728_CH01_REF_TMO_PING_NJ DUT REF_L2.dml,,,,,,,,,,,,,,,,,,,,,,,,,51
583,1,,,-73.9882500,40.7619667,2026-01-23 17:00:19.660,_20260123_115728_CH01_REF_TMO_PING_NJ DUT REF_L2.dml,,,,,,,,,,,,,,,,,,,,,,,,,48
584,1,,,-73.9882500,40.7619667,2026-01-23 17:00:19.864,_20260123_115728_CH01_REF_TMO_PING_NJ DUT REF_L2.dml,,,,,,,,,,,,,,,,,,,,,,,,,48
585,1,,,-73.9882500,40.7619667,2026-01-23 17:00:20.000,_20260123_115728_CH01_REF_TMO_PING_NJ DUT REF_L2.dml,,,,N41(100)+N71(15),NR SA,371,-75.850000,16.430000,,,,,,,,,,,,,0.016,,,,
586,1,,,-73.9882500,40.7619667,2026-01-23 17:00:20.066,_20260123_115728_CH01_REF_TMO_PING_NJ DUT REF_L2.dml,,,,,,,,,,,,,,,,,,,,,,,,,46
587,1,,,-73.9882500,40.7619667,2026-01-23 17:00:20.254,_20260123_115728_CH01_REF_TMO_PING_NJ DUT REF_L2.dml,,,,,,,,,,,,,,,,,,,,,,,,,42
588,1,,,-73.9882500,40.7619667,2026-01-23 17:00:20.456,_20260123_115728_CH01_REF_TMO_PING_NJ DUT REF_L2.dml,,,,,,,,,,,,,,,,,,,,,,,,,46
589,1,,,-73.9882533,40.7619617,2026-01-23 17:00:20.660,_20260123_115728_CH01_REF_TMO_PING_NJ DUT REF_L2.dml,,,,,,,,,,,,,,,,,,,,,,,,,37
590,1,,,-73.9882533,40.7619617,2026-01-23 17:00:20.864,_20260123_115728_CH01_REF_TMO_PING_NJ DUT REF_L2.dml,,,,,,,,,,,,,,,,,,,,,,,,,41
591,1,,,-73.9882533,40.7619617,2026-01-23 17:00:21.000,_20260123_115728_CH01_REF_TMO_PING_NJ DUT REF_L2.dml,,,,N41(100)+N71(15),NR SA,371,-75.950000,16.640000,,,,,,,,,,,,,0.032,,,,
592,1,,,-73.9882533,40.7619617,2026-01-23 17:00:21.066,_20260123_115728_CH01_REF_TMO_PING_NJ DUT REF_L2.dml,,,,,,,,,,,,,,,,,,,,,,,,,45
593,1,,,-73.9882533,40.7619617,2026-01-23 17:00:21.269,_20260123_115728_CH01_REF_TMO_PING_NJ DUT REF_L2.dml,,,,,,,,,,,,,,,,,,,,,,,,,54
594,1,,,-73.9882567,40.7619617,2026-01-23 17:00:21.472,_20260123_115728_CH01_REF_TMO_PING_NJ DUT REF_L2.dml,,,,,,,,,,,,,,,,,,,,,,,,,51
595,1,,,-73.9882567,40.7619617,2026-01-23 17:00:21.675,_20260123_115728_CH01_REF_TMO_PING_NJ DUT REF_L2.dml,,,,,,,,,,,,,,,,,,,,,,,,,51
596,1,,,-73.9882567,40.7619617,2026-01-23 17:00:21.879,_20260123_115728_CH01_REF_TMO_PING_NJ DUT REF_L2.dml,,,,,,,,,,,,,,,,,,,,,,,,,54
597,1,,,-73.9882567,40.7619617,2026-01-23 17:00:22.000,_20260123_115728_CH01_REF_TMO_PING_NJ DUT REF_L2.dml,,,,N41(100)+N71(15),NR SA,371,-76.520000,15.740000,,,,,,,,,,,,,0.008,,,,
598,1,,,-73.9882567,40.7619617,2026-01-23 17:00:22.081,_20260123_115728_CH01_REF_TMO_PING_NJ DUT REF_L2.dml,,,,,,,,,,,,,,,,,,,,,,,,,60
599,1,,,-73.9882567,40.7619617,2026-01-23 17:00:22.285,_20260123_115728_CH01_REF_TMO_PING_NJ DUT REF_L2.dml,,,,,,,,,,,,,,,,,,,,,,,,,56
600,1,,,-73.9882567,40.7619617,2026-01-23 17:00:22.473,_20260123_115728_CH01_REF_TMO_PING_NJ DUT REF_L2.dml,,,,,,,,,,,,,,,,,,,,,,,,,45
601,1,,,-73.9882567,40.7619617,2026-01-23 17:00:22.675,_20260123_115728_CH01_REF_TMO_PING_NJ DUT REF_L2.dml,,,,,,,,,,,,,,,,,,,,,,,,,45
602,1,,,-73.9882567,40.7619617,2026-01-23 17:00:22.879,_20260123_115728_CH01_REF_TMO_PING_NJ DUT REF_L2.dml,,,,,,,,,,,,,,,,,,,,,,,,,43
603,1,,,-73.9882567,40.7619617,2026-01-23 17:00:23.000,_20260123_115728_CH01_REF_TMO_PING_NJ DUT REF_L2.dml,,,,N41(100)+N71(15),NR SA,371,-75.660000,15.620000,,,,,,,,,,,,,0.008,,,,
604,1,,,-73.9882633,40.7619583,2026-01-23 17:00:23.879,_20260123_115728_CH01_REF_TMO_PING_NJ DUT REF_L2.dml,,,,,,,,,,,,,,,,,,,,,,PING Traffic End,,,
605,1,,,-73.9882633,40.7619583,2026-01-23 17:00:24.000,_20260123_115728_CH01_REF_TMO_PING_NJ DUT REF_L2.dml,,,,N41(100)+N71(15),,371,-75.480000,15.120000,,,,,,,,,,,,,0.000,,,,
606,1,,,-73.9882667,40.7619567,2026-01-23 17:00:25.000,_20260123_115728_CH01_REF_TMO_PING_NJ DUT REF_L2.dml,,,,N41(100)+N71(15),,371,-76.820000,15.980000,,,,,,,,,,,,,0.000,,,,
607,1,,,-73.9882683,40.7619567,2026-01-23 17:00:26.000,_20260123_115728_CH01_REF_TMO_PING_NJ DUT REF_L2.dml,,,,N41(100)+N71(15),,371,-76.840000,16.300000,,,,,,,,,,,,,0.000,,,,
608,1,,,-73.9882700,40.7619550,2026-01-23 17:00:26.894,_20260123_115728_CH01_REF_TMO_PING_NJ DUT REF_L2.dml,,,,,,,,,,,,,,,,,,,,,,TIMEOUT_Idle,,,
609,1,,,-73.9882700,40.7619550,2026-01-23 17:00:26.894,_20260123_115728_CH01_REF_TMO_PING_NJ DUT REF_L2.dml,,,,,,,,,,,,,,,,,,,,,,,,0,
610,1,,,-73.9882700,40.7619550,2026-01-23 17:00:26.894,_20260123_115728_CH01_REF_TMO_PING_NJ DUT REF_L2.dml,,,,,,,,,,,,,,,,,,,,,,PING START,,,
611,1,,,-73.9882700,40.7619550,2026-01-23 17:00:27.000,_20260123_115728_CH01_REF_TMO_PING_NJ DUT REF_L2.dml,,,,N41(100)+N71(15),,371,-75.180000,15.410000,,,,,,,,,,,,,0.000,,,,
612,1,,,-73.9882700,40.7619550,2026-01-23 17:00:28.000,_20260123_115728_CH01_REF_TMO_PING_NJ DUT REF_L2.dml,,,,N41(100)+N71(15),,371,-76.700000,14.670000,,,,,,,,,,,,,,,,,
613,1,,,-73.9882683,40.7619550,2026-01-23 17:00:29.000,_20260123_115728_CH01_REF_TMO_PING_NJ DUT REF_L2.dml,,,,N41(100)+N71(15),,371,-77.660000,13.040000,,,,,,,,,,,,,0.000,,,,
614,1,,,-73.9882683,40.7619517,2026-01-23 17:00:29.910,_20260123_115728_CH01_REF_TMO_PING_NJ DUT REF_L2.dml,,,,,,,,,,,,,,,,,,,,,,TIMEOUT_FrontIdle,,,
615,1,,,-73.9882683,40.7619517,2026-01-23 17:00:29.910,_20260123_115728_CH01_REF_TMO_PING_NJ DUT REF_L2.dml,,,,,,,,,,,,,,,,,,,,,,PING Traffic Start,,,
616,1,,,-73.9882683,40.7619517,2026-01-23 17:00:30.000,_20260123_115728_CH01_REF_TMO_PING_NJ DUT REF_L2.dml,,,,N41(100)+N71(15),NR SA,371,-75.920000,15.260000,,,,,,,,,,,,,0.000,,,,
617,1,,,-73.9882683,40.7619517,2026-01-23 17:00:30.114,_20260123_115728_CH01_REF_TMO_PING_NJ DUT REF_L2.dml,,,,,,,,,,,,,,,,,,,,,,,,,40
618,1,,,-73.9882683,40.7619517,2026-01-23 17:00:30.316,_20260123_115728_CH01_REF_TMO_PING_NJ DUT REF_L2.dml,,,,,,,,,,,,,,,,,,,,,,,,,40
619,1,,,-73.9882683,40.7619517,2026-01-23 17:00:30.504,_20260123_115728_CH01_REF_TMO_PING_NJ DUT REF_L2.dml,,,,,,,,,,,,,,,,,,,,,,,,,32
620,1,,,-73.9882683,40.7619517,2026-01-23 17:00:30.739,_20260123_115728_CH01_REF_TMO_PING_NJ DUT REF_L2.dml,,,,,,,,,,,,,,,,,,,,,,,,,55
621,1,,,-73.9882683,40.7619517,2026-01-23 17:00:30.941,_20260123_115728_CH01_REF_TMO_PING_NJ DUT REF_L2.dml,,,,,,,,,,,,,,,,,,,,,,,,,56
622,1,,,-73.9882683,40.7619517,2026-01-23 17:00:31.000,_20260123_115728_CH01_REF_TMO_PING_NJ DUT REF_L2.dml,,,,N41(100)+N71(15),NR SA,371,-76.520000,16.400000,,,,,,,,,,,,,0.008,,,,
623,1,,,-73.9882683,40.7619517,2026-01-23 17:00:31.144,_20260123_115728_CH01_REF_TMO_PING_NJ DUT REF_L2.dml,,,,,,,,,,,,,,,,,,,,,,,,,61
624,1,,,-73.9882683,40.7619517,2026-01-23 17:00:31.331,_20260123_115728_CH01_REF_TMO_PING_NJ DUT REF_L2.dml,,,,,,,,,,,,,,,,,,,,,,,,,48
625,1,,,-73.9882683,40.7619517,2026-01-23 17:00:31.535,_20260123_115728_CH01_REF_TMO_PING_NJ DUT REF_L2.dml,,,,,,,,,,,,,,,,,,,,,,,,,50
626,1,,,-73.9882683,40.7619517,2026-01-23 17:00:31.739,_20260123_115728_CH01_REF_TMO_PING_NJ DUT REF_L2.dml,,,,,,,,,,,,,,,,,,,,,,,,,50
627,1,,,-73.9882683,40.7619517,2026-01-23 17:00:31.941,_20260123_115728_CH01_REF_TMO_PING_NJ DUT REF_L2.dml,,,,,,,,,,,,,,,,,,,,,,,,,51
628,1,,,-73.9882683,40.7619517,2026-01-23 17:00:32.000,_20260123_115728_CH01_REF_TMO_PING_NJ DUT REF_L2.dml,,,,N41(100)+N71(15),NR SA,371,-76.800000,14.680000,,,,,,,,,,,,,0.016,,,,
629,1,,,-73.9882683,40.7619517,2026-01-23 17:00:32.144,_20260123_115728_CH01_REF_TMO_PING_NJ DUT REF_L2.dml,,,,,,,,,,,,,,,,,,,,,,,,,50
630,1,,,-73.9882683,40.7619517,2026-01-23 17:00:32.348,_20260123_115728_CH01_REF_TMO_PING_NJ DUT REF_L2.dml,,,,,,,,,,,,,,,,,,,,,,,,,53
631,1,,,-73.9882683,40.7619517,2026-01-23 17:00:32.550,_20260123_115728_CH01_REF_TMO_PING_NJ DUT REF_L2.dml,,,,,,,,,,,,,,,,,,,,,,,,,52
632,1,,,-73.9882683,40.7619517,2026-01-23 17:00:32.739,_20260123_115728_CH01_REF_TMO_PING_NJ DUT REF_L2.dml,,,,,,,,,,,,,,,,,,,,,,,,,46
633,1,,,-73.9882683,40.7619517,2026-01-23 17:00:32.956,_20260123_115728_CH01_REF_TMO_PING_NJ DUT REF_L2.dml,,,,,,,,,,,,,,,,,,,,,,,,,59
634,1,,,-73.9882683,40.7619517,2026-01-23 17:00:33.000,_20260123_115728_CH01_REF_TMO_PING_NJ DUT REF_L2.dml,,,,N41(100)+N71(15),NR SA,371,-77.560000,15.420000,,,,,,,,,,,,,0.016,,,,
635,1,,,-73.9882683,40.7619517,2026-01-23 17:00:33.269,_20260123_115728_CH01_REF_TMO_PING_NJ DUT REF_L2.dml,,,,,,,,,,,,,,,,,,,,,,,,,46
636,1,,,-73.9882683,40.7619517,2026-01-23 17:00:33.364,_20260123_115728_CH01_REF_TMO_PING_NJ DUT REF_L2.dml,,,,,,,,,,,,,,,,,,,,,,,,,60
637,1,,,-73.9882683,40.7619517,2026-01-23 17:00:33.535,_20260123_115728_CH01_REF_TMO_PING_NJ DUT REF_L2.dml,,,,,,,,,,,,,,,,,,,,,,,,,35
638,1,,,-73.9882683,40.7619517,2026-01-23 17:00:33.739,_20260123_115728_CH01_REF_TMO_PING_NJ DUT REF_L2.dml,,,,,,,,,,,,,,,,,,,,,,,,,38
639,1,,,-73.9882683,40.7619517,2026-01-23 17:00:33.941,_20260123_115728_CH01_REF_TMO_PING_NJ DUT REF_L2.dml,,,,,,,,,,,,,,,,,,,,,,,,,36
640,1,,,-73.9882683,40.7619517,2026-01-23 17:00:34.000,_20260123_115728_CH01_REF_TMO_PING_NJ DUT REF_L2.dml,,,,N41(100)+N71(15),NR SA,371,-75.980000,16.260000,,,,,,,,,,,,,0.024,,,,
641,1,,,-73.9882683,40.7619517,2026-01-23 17:00:34.160,_20260123_115728_CH01_REF_TMO_PING_NJ DUT REF_L2.dml,,,,,,,,,,,,,,,,,,,,,,,,,61
642,1,,,-73.9882683,40.7619517,2026-01-23 17:00:34.379,_20260123_115728_CH01_REF_TMO_PING_NJ DUT REF_L2.dml,,,,,,,,,,,,,,,,,,,,,,,,,74
643,1,,,-73.9882683,40.7619517,2026-01-23 17:00:34.566,_20260123_115728_CH01_REF_TMO_PING_NJ DUT REF_L2.dml,,,,,,,,,,,,,,,,,,,,,,,,,62
644,1,,,-73.9882683,40.7619517,2026-01-23 17:00:34.722,_20260123_115728_CH01_REF_TMO_PING_NJ DUT REF_L2.dml,,,,,,,,,,,,,,,,,,,,,,,,,28
645,1,,,-73.9882683,40.7619517,2026-01-23 17:00:34.956,_20260123_115728_CH01_REF_TMO_PING_NJ DUT REF_L2.dml,,,,,,,,,,,,,,,,,,,,,,,,,47
646,1,,,-73.9882683,40.7619517,2026-01-23 17:00:35.000,_20260123_115728_CH01_REF_TMO_PING_NJ DUT REF_L2.dml,,,,N41(100)+N71(15),NR SA,371,-70.680000,20.900000,,,,,,,,,,,,,,,,,
647,1,,,-73.9882617,40.7619433,2026-01-23 17:00:35.972,_20260123_115728_CH01_REF_TMO_PING_NJ DUT REF_L2.dml,,,,,,,,,,,,,,,,,,,,,,PING Traffic End,,,
648,1,,,-73.9882617,40.7619433,2026-01-23 17:00:36.000,_20260123_115728_CH01_REF_TMO_PING_NJ DUT REF_L2.dml,,,,N41(100)+N71(15),,371,-68.400000,24.200000,,,,,,,,,,,,,0.008,,,,
649,1,,,-73.9882533,40.7619400,2026-01-23 17:00:37.000,_20260123_115728_CH01_REF_TMO_PING_NJ DUT REF_L2.dml,,,,N41(100)+N71(15),,371,-69.060000,23.380000,,,,,,,,,,,,,,,,,
650,1,,,-73.9882500,40.7619400,2026-01-23 17:00:38.000,_20260123_115728_CH01_REF_TMO_PING_NJ DUT REF_L2.dml,,,,N41(100)+N71(15),,371,-68.240000,24.530000,,,,,,,,,,,,,0.000,,,,
651,1,,,-73.9882483,40.7619400,2026-01-23 17:00:38.989,_20260123_115728_CH01_REF_TMO_PING_NJ DUT REF_L2.dml,,,,,,,,,,,,,,,,,,,,,,TIMEOUT_Idle,,,
652,1,,,-73.9882483,40.7619400,2026-01-23 17:00:38.989,_20260123_115728_CH01_REF_TMO_PING_NJ DUT REF_L2.dml,,,,,,,,,,,,,,,,,,,,,,,,0,
653,1,,,-73.9882483,40.7619400,2026-01-23 17:00:38.989,_20260123_115728_CH01_REF_TMO_PING_NJ DUT REF_L2.dml,,,,,,,,,,,,,,,,,,,,,,PING START,,,
654,1,,,-73.9882483,40.7619400,2026-01-23 17:00:39.000,_20260123_115728_CH01_REF_TMO_PING_NJ DUT REF_L2.dml,,,,N41(100)+N71(15),,371,-68.740000,23.060000,,,,,,,,,,,,,0.000,,,,
655,1,,,-73.9882467,40.7619400,2026-01-23 17:00:40.000,_20260123_115728_CH01_REF_TMO_PING_NJ DUT REF_L2.dml,,,,N41(100)+N71(15),,371,-69.160000,23.640000,,,,,,,,,,,,,0.000,,,,
656,1,,,-73.9882467,40.7619400,2026-01-23 17:00:41.000,_20260123_115728_CH01_REF_TMO_PING_NJ DUT REF_L2.dml,,,,N41(100)+N71(15),,371,-69.530000,23.300000,,,,,,,,,,,,,0.000,,,,
657,1,,,-73.9882467,40.7619400,2026-01-23 17:00:42.004,_20260123_115728_CH01_REF_TMO_PING_NJ DUT REF_L2.dml,,,,,,,,,,,,,,,,,,,,,,TIMEOUT_FrontIdle,,,
658,1,,,-73.9882467,40.7619400,2026-01-23 17:00:42.004,_20260123_115728_CH01_REF_TMO_PING_NJ DUT REF_L2.dml,,,,,,,,,,,,,,,,,,,,,,PING Traffic Start,,,
659,1,,,-73.9882467,40.7619400,2026-01-23 17:00:42.000,_20260123_115728_CH01_REF_TMO_PING_NJ DUT REF_L2.dml,,,,N41(100)+N71(15),NR SA,371,-68.970000,23.430000,,,,,,,,,,,,,0.000,,,,
660,1,,,-73.9882467,40.7619400,2026-01-23 17:00:42.191,_20260123_115728_CH01_REF_TMO_PING_NJ DUT REF_L2.dml,,,,,,,,,,,,,,,,,,,,,,,,,41
661,1,,,-73.9882467,40.7619400,2026-01-23 17:00:42.394,_20260123_115728_CH01_REF_TMO_PING_NJ DUT REF_L2.dml,,,,,,,,,,,,,,,,,,,,,,,,,40
662,1,,,-73.9882467,40.7619400,2026-01-23 17:00:42.597,_20260123_115728_CH01_REF_TMO_PING_NJ DUT REF_L2.dml,,,,,,,,,,,,,,,,,,,,,,,,,39
663,1,,,-73.9882467,40.7619400,2026-01-23 17:00:42.800,_20260123_115728_CH01_REF_TMO_PING_NJ DUT REF_L2.dml,,,,,,,,,,,,,,,,,,,,,,,,,38
664,1,,,-73.9882467,40.7619400,2026-01-23 17:00:42.989,_20260123_115728_CH01_REF_TMO_PING_NJ DUT REF_L2.dml,,,,,,,,,,,,,,,,,,,,,,,,,38
665,1,,,-73.9882467,40.7619400,2026-01-23 17:00:43.000,_20260123_115728_CH01_REF_TMO_PING_NJ DUT REF_L2.dml,,,,N41(100)+N71(15),NR SA,371,-69.560000,21.780000,,,,,,,,,,,,,0.016,,,,
666,1,,,-73.9882467,40.7619400,2026-01-23 17:00:43.191,_20260123_115728_CH01_REF_TMO_PING_NJ DUT REF_L2.dml,,,,,,,,,,,,,,,,,,,,,,,,,33
667,1,,,-73.9882467,40.7619400,2026-01-23 17:00:43.410,_20260123_115728_CH01_REF_TMO_PING_NJ DUT REF_L2.dml,,,,,,,,,,,,,,,,,,,,,,,,,52
668,1,,,-73.9882467,40.7619400,2026-01-23 17:00:43.614,_20260123_115728_CH01_REF_TMO_PING_NJ DUT REF_L2.dml,,,,,,,,,,,,,,,,,,,,,,,,,53
669,1,,,-73.9882467,40.7619400,2026-01-23 17:00:43.785,_20260123_115728_CH01_REF_TMO_PING_NJ DUT REF_L2.dml,,,,,,,,,,,,,,,,,,,,,,,,,30
670,1,,,-73.9882467,40.7619400,2026-01-23 17:00:44.019,_20260123_115728_CH01_REF_TMO_PING_NJ DUT REF_L2.dml,,,,,,,,,,,,,,,,,,,,,,,,,49
671,1,,,-73.9882467,40.7619400,2026-01-23 17:00:44.000,_20260123_115728_CH01_REF_TMO_PING_NJ DUT REF_L2.dml,,,,N41(100)+N71(15),NR SA,371,-69.450000,21.800000,,,,,,,,,,,,,0.016,,,,
672,1,,,-73.9882467,40.7619400,2026-01-23 17:00:44.206,_20260123_115728_CH01_REF_TMO_PING_NJ DUT REF_L2.dml,,,,,,,,,,,,,,,,,,,,,,,,,47
673,1,,,-73.9882467,40.7619400,2026-01-23 17:00:44.410,_20260123_115728_CH01_REF_TMO_PING_NJ DUT REF_L2.dml,,,,,,,,,,,,,,,,,,,,,,,,,44
674,1,,,-73.9882467,40.7619400,2026-01-23 17:00:44.614,_20260123_115728_CH01_REF_TMO_PING_NJ DUT REF_L2.dml,,,,,,,,,,,,,,,,,,,,,,,,,44
675,1,,,-73.9882467,40.7619400,2026-01-23 17:00:44.816,_20260123_115728_CH01_REF_TMO_PING_NJ DUT REF_L2.dml,,,,,,,,,,,,,,,,,,,,,,,,,43
676,1,,,-73.9882467,40.7619400,2026-01-23 17:00:45.019,_20260123_115728_CH01_REF_TMO_PING_NJ DUT REF_L2.dml,,,,,,,,,,,,,,,,,,,,,,,,,43
677,1,,,-73.9882467,40.7619400,2026-01-23 17:00:45.000,_20260123_115728_CH01_REF_TMO_PING_NJ DUT REF_L2.dml,,,,N41(100)+N71(15),NR SA,371,-69.140000,23.020000,,,,,,,,,,,,,0.008,,,,
678,1,,,-73.9882467,40.7619400,2026-01-23 17:00:45.206,_20260123_115728_CH01_REF_TMO_PING_NJ DUT REF_L2.dml,,,,,,,,,,,,,,,,,,,,,,,,,42
679,1,,,-73.9882467,40.7619400,2026-01-23 17:00:45.394,_20260123_115728_CH01_REF_TMO_PING_NJ DUT REF_L2.dml,,,,,,,,,,,,,,,,,,,,,,,,,25
680,1,,,-73.9882467,40.7619400,2026-01-23 17:00:45.614,_20260123_115728_CH01_REF_TMO_PING_NJ DUT REF_L2.dml,,,,,,,,,,,,,,,,,,,,,,,,,37
681,1,,,-73.9882467,40.7619400,2026-01-23 17:00:45.816,_20260123_115728_CH01_REF_TMO_PING_NJ DUT REF_L2.dml,,,,,,,,,,,,,,,,,,,,,,,,,36
682,1,,,-73.9882467,40.7619400,2026-01-23 17:00:46.004,_20260123_115728_CH01_REF_TMO_PING_NJ DUT REF_L2.dml,,,,,,,,,,,,,,,,,,,,,,,,,35
683,1,,,-73.9882467,40.7619400,2026-01-23 17:00:46.000,_20260123_115728_CH01_REF_TMO_PING_NJ DUT REF_L2.dml,,,,N41(100)+N71(15),NR SA,371,-69.220000,23.080000,,,,,,,,,,,,,0.016,,,,
684,1,,,-73.9882467,40.7619400,2026-01-23 17:00:46.239,_20260123_115728_CH01_REF_TMO_PING_NJ DUT REF_L2.dml,,,,,,,,,,,,,,,,,,,,,,,,,54
685,1,,,-73.9882467,40.7619400,2026-01-23 17:00:46.410,_20260123_115728_CH01_REF_TMO_PING_NJ DUT REF_L2.dml,,,,,,,,,,,,,,,,,,,,,,,,,33
686,1,,,-73.9882567,40.7619400,2026-01-23 17:00:46.629,_20260123_115728_CH01_REF_TMO_PING_NJ DUT REF_L2.dml,,,,,,,,,,,,,,,,,,,,,,,,,52
687,1,,,-73.9882567,40.7619400,2026-01-23 17:00:46.831,_20260123_115728_CH01_REF_TMO_PING_NJ DUT REF_L2.dml,,,,,,,,,,,,,,,,,,,,,,,,,56
688,1,,,-73.9882567,40.7619400,2026-01-23 17:00:47.035,_20260123_115728_CH01_REF_TMO_PING_NJ DUT REF_L2.dml,,,,,,,,,,,,,,,,,,,,,,,,,46
689,1,,,-73.9882567,40.7619400,2026-01-23 17:00:47.000,_20260123_115728_CH01_REF_TMO_PING_NJ DUT REF_L2.dml,,,,N41(100)+N71(15),NR SA,371,-69.800000,22.240000,,,,,,,,,,,,,0.032,,,,
690,1,,,-73.9882567,40.7619400,2026-01-23 17:00:47.050,_20260123_115728_CH01_REF_TMO_PING_NJ DUT REF_L2.dml,,,,,,,,,,,,,,,,,,,,,,PING Traffic End,,,
691,1,,,-73.9882600,40.7619417,2026-01-23 17:00:48.000,_20260123_115728_CH01_REF_TMO_PING_NJ DUT REF_L2.dml,,,,N41(100)+N71(15),,371,-69.340000,22.380000,,,,,,,,,,,,,0.008,,,,
692,1,,,-73.9882617,40.7619417,2026-01-23 17:00:49.000,_20260123_115728_CH01_REF_TMO_PING_NJ DUT REF_L2.dml,,,,N41(100)+N71(15),,371,-69.850000,22.080000,,,,,,,,,,,,,0.000,,,,
693,1,,,-73.9882617,40.7619417,2026-01-23 17:00:50.000,_20260123_115728_CH01_REF_TMO_PING_NJ DUT REF_L2.dml,,,,N41(100)+N71(15),,371,-69.330000,22.640000,,,,,,,,,,,,,0.008,,,,
694,1,,,-73.9882617,40.7619417,2026-01-23 17:00:50.066,_20260123_115728_CH01_REF_TMO_PING_NJ DUT REF_L2.dml,,,,,,,,,,,,,,,,,,,,,,TIMEOUT_Idle,,,
695,1,,,-73.9882617,40.7619417,2026-01-23 17:00:50.066,_20260123_115728_CH01_REF_TMO_PING_NJ DUT REF_L2.dml,,,,,,,,,,,,,,,,,,,,,,,,0,
696,1,,,-73.9882617,40.7619417,2026-01-23 17:00:50.066,_20260123_115728_CH01_REF_TMO_PING_NJ DUT REF_L2.dml,,,,,,,,,,,,,,,,,,,,,,PING START,,,
697,1,,,-73.9882617,40.7619417,2026-01-23 17:00:51.000,_20260123_115728_CH01_REF_TMO_PING_NJ DUT REF_L2.dml,,,,N41(100)+N71(15),,371,-69.480000,22.880000,,,,,,,,,,,,,0.000,,,,
698,1,,,-73.9882617,40.7619417,2026-01-23 17:00:52.000,_20260123_115728_CH01_REF_TMO_PING_NJ DUT REF_L2.dml,,,,N41(100)+N71(15),,371,-69.840000,22.250000,,,,,,,,,,,,,0.000,,,,
699,1,,,-73.9882617,40.7619417,2026-01-23 17:00:53.000,_20260123_115728_CH01_REF_TMO_PING_NJ DUT REF_L2.dml,,,,N41(100)+N71(15),,371,-70.540000,22.000000,,,,,,,,,,,,,0.048,,,,
700,1,,,-73.9882617,40.7619417,2026-01-23 17:00:53.081,_20260123_115728_CH01_REF_TMO_PING_NJ DUT REF_L2.dml,,,,,,,,,,,,,,,,,,,,,,TIMEOUT_FrontIdle,,,
701,1,,,-73.9882617,40.7619417,2026-01-23 17:00:53.081,_20260123_115728_CH01_REF_TMO_PING_NJ DUT REF_L2.dml,,,,,,,,,,,,,,,,,,,,,,PING Traffic Start,,,
702,1,,,-73.9882617,40.7619417,2026-01-23 17:00:53.269,_20260123_115728_CH01_REF_TMO_PING_NJ DUT REF_L2.dml,,,,,,,,,,,,,,,,,,,,,,,,,34
703,1,,,-73.9882617,40.7619417,2026-01-23 17:00:53.472,_20260123_115728_CH01_REF_TMO_PING_NJ DUT REF_L2.dml,,,,,,,,,,,,,,,,,,,,,,,,,35
704,1,,,-73.9882617,40.7619417,2026-01-23 17:00:53.675,_20260123_115728_CH01_REF_TMO_PING_NJ DUT REF_L2.dml,,,,,,,,,,,,,,,,,,,,,,,,,32
705,1,,,-73.9882617,40.7619417,2026-01-23 17:00:53.864,_20260123_115728_CH01_REF_TMO_PING_NJ DUT REF_L2.dml,,,,,,,,,,,,,,,,,,,,,,,,,32
706,1,,,-73.9882617,40.7619417,2026-01-23 17:00:54.000,_20260123_115728_CH01_REF_TMO_PING_NJ DUT REF_L2.dml,,,,N41(100)+N71(15),NR SA,371,-70.020000,23.060000,,,,,,,,,,,,,0.008,,,,
707,1,,,-73.9882617,40.7619417,2026-01-23 17:00:54.098,_20260123_115728_CH01_REF_TMO_PING_NJ DUT REF_L2.dml,,,,,,,,,,,,,,,,,,,,,,,,,57
708,1,,,-73.9882617,40.7619417,2026-01-23 17:00:54.300,_20260123_115728_CH01_REF_TMO_PING_NJ DUT REF_L2.dml,,,,,,,,,,,,,,,,,,,,,,,,,54
709,1,,,-73.9882617,40.7619417,2026-01-23 17:00:54.489,_20260123_115728_CH01_REF_TMO_PING_NJ DUT REF_L2.dml,,,,,,,,,,,,,,,,,,,,,,,,,48
710,1,,,-73.9882567,40.7619367,2026-01-23 17:00:54.691,_20260123_115728_CH01_REF_TMO_PING_NJ DUT REF_L2.dml,,,,,,,,,,,,,,,,,,,,,,,,,49
711,1,,,-73.9882567,40.7619367,2026-01-23 17:00:54.894,_20260123_115728_CH01_REF_TMO_PING_NJ DUT REF_L2.dml,,,,,,,,,,,,,,,,,,,,,,,,,46
712,1,,,-73.9882567,40.7619367,2026-01-23 17:00:55.000,_20260123_115728_CH01_REF_TMO_PING_NJ DUT REF_L2.dml,,,,N41(100)+N71(15),NR SA,371,-69.060000,22.640000,,,,,,,,,,,,,0.016,,,,
713,1,,,-73.9882567,40.7619367,2026-01-23 17:00:55.097,_20260123_115728_CH01_REF_TMO_PING_NJ DUT REF_L2.dml,,,,,,,,,,,,,,,,,,,,,,,,,46
714,1,,,-73.9882567,40.7619367,2026-01-23 17:00:55.300,_20260123_115728_CH01_REF_TMO_PING_NJ DUT REF_L2.dml,,,,,,,,,,,,,,,,,,,,,,,,,44
715,1,,,-73.9882567,40.7619367,2026-01-23 17:00:55.504,_20260123_115728_CH01_REF_TMO_PING_NJ DUT REF_L2.dml,,,,,,,,,,,,,,,,,,,,,,,,,47
716,1,,,-73.9882533,40.7619333,2026-01-23 17:00:55.691,_20260123_115728_CH01_REF_TMO_PING_NJ DUT REF_L2.dml,,,,,,,,,,,,,,,,,,,,,,,,,42
717,1,,,-73.9882533,40.7619333,2026-01-23 17:00:55.894,_20260123_115728_CH01_REF_TMO_PING_NJ DUT REF_L2.dml,,,,,,,,,,,,,,,,,,,,,,,,,46
718,1,,,-73.9882533,40.7619333,2026-01-23 17:00:56.000,_20260123_115728_CH01_REF_TMO_PING_NJ DUT REF_L2.dml,,,,N41(100)+N71(15),NR SA,371,-70.350000,22.320000,,,,,,,,,,,,,0.016,,,,
719,1,,,-73.9882533,40.7619333,2026-01-23 17:00:56.098,_20260123_115728_CH01_REF_TMO_PING_NJ DUT REF_L2.dml,,,,,,,,,,,,,,,,,,,,,,,,,44
720,1,,,-73.9882533,40.7619333,2026-01-23 17:00:56.300,_20260123_115728_CH01_REF_TMO_PING_NJ DUT REF_L2.dml,,,,,,,,,,,,,,,,,,,,,,,,,45
721,1,,,-73.9882533,40.7619333,2026-01-23 17:00:56.489,_20260123_115728_CH01_REF_TMO_PING_NJ DUT REF_L2.dml,,,,,,,,,,,,,,,,,,,,,,,,,39
722,1,,,-73.9882533,40.7619317,2026-01-23 17:00:56.691,_20260123_115728_CH01_REF_TMO_PING_NJ DUT REF_L2.dml,,,,,,,,,,,,,,,,,,,,,,,,,38
723,1,,,-73.9882533,40.7619317,2026-01-23 17:00:56.894,_20260123_115728_CH01_REF_TMO_PING_NJ DUT REF_L2.dml,,,,,,,,,,,,,,,,,,,,,,,,,37
724,1,,,-73.9882533,40.7619317,2026-01-23 17:00:57.000,_20260123_115728_CH01_REF_TMO_PING_NJ DUT REF_L2.dml,,,,N41(100)+N71(15),NR SA,371,-69.520000,21.480000,,,,,,,,,,,,,0.016,,,,
725,1,,,-73.9882533,40.7619317,2026-01-23 17:00:57.098,_20260123_115728_CH01_REF_TMO_PING_NJ DUT REF_L2.dml,,,,,,,,,,,,,,,,,,,,,,,,,38
726,1,,,-73.9882533,40.7619317,2026-01-23 17:00:57.285,_20260123_115728_CH01_REF_TMO_PING_NJ DUT REF_L2.dml,,,,,,,,,,,,,,,,,,,,,,,,,35
727,1,,,-73.9882533,40.7619317,2026-01-23 17:00:57.504,_20260123_115728_CH01_REF_TMO_PING_NJ DUT REF_L2.dml,,,,,,,,,,,,,,,,,,,,,,,,,37
728,1,,,-73.9882533,40.7619317,2026-01-23 17:00:57.706,_20260123_115728_CH01_REF_TMO_PING_NJ DUT REF_L2.dml,,,,,,,,,,,,,,,,,,,,,,,,,53
729,1,,,-73.9882533,40.7619317,2026-01-23 17:00:57.910,_20260123_115728_CH01_REF_TMO_PING_NJ DUT REF_L2.dml,,,,,,,,,,,,,,,,,,,,,,,,,52
730,1,,,-73.9882533,40.7619317,2026-01-23 17:00:58.000,_20260123_115728_CH01_REF_TMO_PING_NJ DUT REF_L2.dml,,,,N41(100)+N71(15),NR SA,371,-70.040000,21.140000,,,,,,,,,,,,,0.016,,,,
731,1,,,-73.9882533,40.7619300,2026-01-23 17:00:58.114,_20260123_115728_CH01_REF_TMO_PING_NJ DUT REF_L2.dml,,,,,,,,,,,,,,,,,,,,,,,,,50
732,1,,,-73.9882533,40.7619300,2026-01-23 17:00:58.160,_20260123_115728_CH01_REF_TMO_PING_NJ DUT REF_L2.dml,,,,,,,,,,,,,,,,,,,,,,PING Traffic End,,,
733,1,,,-73.9882533,40.7619300,2026-01-23 17:00:59.000,_20260123_115728_CH01_REF_TMO_PING_NJ DUT REF_L2.dml,,,,N41(100)+N71(15),NR SA,371,-69.220000,21.820000,,,,,,,,,,,,,0.000,,,,
734,1,,,-73.9882533,40.7619300,2026-01-23 17:01:00.000,_20260123_115728_CH01_REF_TMO_PING_NJ DUT REF_L2.dml,,,,N41(100)+N71(15),,371,-69.620000,21.760000,,,,,,,,,,,,,0.000,,,,
735,1,,,-73.9882533,40.7619300,2026-01-23 17:01:01.000,_20260123_115728_CH01_REF_TMO_PING_NJ DUT REF_L2.dml,,,,N41(100)+N71(15),,371,-70.000000,21.800000,,,,,,,,,,,,,0.000,,,,
736,1,,,-73.9882533,40.7619300,2026-01-23 17:01:01.175,_20260123_115728_CH01_REF_TMO_PING_NJ DUT REF_L2.dml,,,,,,,,,,,,,,,,,,,,,,TIMEOUT_Idle,,,
737,1,,,-73.9882533,40.7619300,2026-01-23 17:01:01.175,_20260123_115728_CH01_REF_TMO_PING_NJ DUT REF_L2.dml,,,,,,,,,,,,,,,,,,,,,,,,0,
738,1,,,-73.9882533,40.7619300,2026-01-23 17:01:01.175,_20260123_115728_CH01_REF_TMO_PING_NJ DUT REF_L2.dml,,,,,,,,,,,,,,,,,,,,,,PING START,,,
739,1,,,-73.9882533,40.7619300,2026-01-23 17:01:02.000,_20260123_115728_CH01_REF_TMO_PING_NJ DUT REF_L2.dml,,,,N41(100)+N71(15),,371,-69.340000,22.300000,,,,,,,,,,,,,0.000,,,,
740,1,,,-73.9882533,40.7619300,2026-01-23 17:01:03.000,_20260123_115728_CH01_REF_TMO_PING_NJ DUT REF_L2.dml,,,,N41(100)+N71(15),,371,-69.240000,22.910000,,,,,,,,,,,,,0.000,,,,
741,1,,,-73.9882533,40.7619300,2026-01-23 17:01:04.000,_20260123_115728_CH01_REF_TMO_PING_NJ DUT REF_L2.dml,,,,N41(100)+N71(15),,371,-69.330000,23.320000,,,,,,,,,,,,,0.000,,,,
742,1,,,-73.9882533,40.7619300,2026-01-23 17:01:04.175,_20260123_115728_CH01_REF_TMO_PING_NJ DUT REF_L2.dml,,,,,,,,,,,,,,,,,,,,,,TIMEOUT_FrontIdle,,,
743,1,,,-73.9882533,40.7619300,2026-01-23 17:01:04.175,_20260123_115728_CH01_REF_TMO_PING_NJ DUT REF_L2.dml,,,,,,,,,,,,,,,,,,,,,,PING Traffic Start,,,
744,1,,,-73.9882533,40.7619300,2026-01-23 17:01:04.379,_20260123_115728_CH01_REF_TMO_PING_NJ DUT REF_L2.dml,,,,,,,,,,,,,,,,,,,,,,,,,50
745,1,,,-73.9882533,40.7619300,2026-01-23 17:01:04.566,_20260123_115728_CH01_REF_TMO_PING_NJ DUT REF_L2.dml,,,,,,,,,,,,,,,,,,,,,,,,,46
746,1,,,-73.9882533,40.7619300,2026-01-23 17:01:04.769,_20260123_115728_CH01_REF_TMO_PING_NJ DUT REF_L2.dml,,,,,,,,,,,,,,,,,,,,,,,,,45
747,1,,,-73.9882533,40.7619300,2026-01-23 17:01:04.972,_20260123_115728_CH01_REF_TMO_PING_NJ DUT REF_L2.dml,,,,,,,,,,,,,,,,,,,,,,,,,46
748,1,,,-73.9882533,40.7619300,2026-01-23 17:01:05.000,_20260123_115728_CH01_REF_TMO_PING_NJ DUT REF_L2.dml,,,,N41(100)+N71(15),NR SA,371,-70.220000,22.660000,,,,,,,,,,,,,0.016,,,,
749,1,,,-73.9882500,40.7619200,2026-01-23 17:01:05.175,_20260123_115728_CH01_REF_TMO_PING_NJ DUT REF_L2.dml,,,,,,,,,,,,,,,,,,,,,,,,,43
750,1,,,-73.9882500,40.7619200,2026-01-23 17:01:05.379,_20260123_115728_CH01_REF_TMO_PING_NJ DUT REF_L2.dml,,,,,,,,,,,,,,,,,,,,,,,,,44
751,1,,,-73.9882500,40.7619200,2026-01-23 17:01:05.581,_20260123_115728_CH01_REF_TMO_PING_NJ DUT REF_L2.dml,,,,,,,,,,,,,,,,,,,,,,,,,44
752,1,,,-73.9882500,40.7619200,2026-01-23 17:01:05.769,_20260123_115728_CH01_REF_TMO_PING_NJ DUT REF_L2.dml,,,,,,,,,,,,,,,,,,,,,,,,,43
753,1,,,-73.9882500,40.7619200,2026-01-23 17:01:05.972,_20260123_115728_CH01_REF_TMO_PING_NJ DUT REF_L2.dml,,,,,,,,,,,,,,,,,,,,,,,,,42
754,1,,,-73.9882500,40.7619200,2026-01-23 17:01:06.000,_20260123_115728_CH01_REF_TMO_PING_NJ DUT REF_L2.dml,,,,N41(100)+N71(15),NR SA,371,-70.840000,22.600000,,,,,,,,,,,,,0.016,,,,
755,1,,,-73.9882500,40.7619200,2026-01-23 17:01:06.175,_20260123_115728_CH01_REF_TMO_PING_NJ DUT REF_L2.dml,,,,,,,,,,,,,,,,,,,,,,,,,41
756,1,,,-73.9882500,40.7619200,2026-01-23 17:01:06.379,_20260123_115728_CH01_REF_TMO_PING_NJ DUT REF_L2.dml,,,,,,,,,,,,,,,,,,,,,,,,,42
757,1,,,-73.9882433,40.7619200,2026-01-23 17:01:06.566,_20260123_115728_CH01_REF_TMO_PING_NJ DUT REF_L2.dml,,,,,,,,,,,,,,,,,,,,,,,,,38
758,1,,,-73.9882433,40.7619200,2026-01-23 17:01:06.769,_20260123_115728_CH01_REF_TMO_PING_NJ DUT REF_L2.dml,,,,,,,,,,,,,,,,,,,,,,,,,39
759,1,,,-73.9882433,40.7619200,2026-01-23 17:01:06.973,_20260123_115728_CH01_REF_TMO_PING_NJ DUT REF_L2.dml,,,,,,,,,,,,,,,,,,,,,,,,,38
760,1,,,-73.9882433,40.7619200,2026-01-23 17:01:07.000,_20260123_115728_CH01_REF_TMO_PING_NJ DUT REF_L2.dml,,,,N41(100)+N71(15),NR SA,371,-70.860000,21.280000,,,,,,,,,,,,,0.016,,,,
761,1,,,-73.9882433,40.7619200,2026-01-23 17:01:07.175,_20260123_115728_CH01_REF_TMO_PING_NJ DUT REF_L2.dml,,,,,,,,,,,,,,,,,,,,,,,,,36
762,1,,,-73.9882433,40.7619200,2026-01-23 17:01:07.364,_20260123_115728_CH01_REF_TMO_PING_NJ DUT REF_L2.dml,,,,,,,,,,,,,,,,,,,,,,,,,33
763,1,,,-73.9882433,40.7619200,2026-01-23 17:01:07.597,_20260123_115728_CH01_REF_TMO_PING_NJ DUT REF_L2.dml,,,,,,,,,,,,,,,,,,,,,,,,,52
764,1,,,-73.9882433,40.7619200,2026-01-23 17:01:07.785,_20260123_115728_CH01_REF_TMO_PING_NJ DUT REF_L2.dml,,,,,,,,,,,,,,,,,,,,,,,,,51
765,1,,,-73.9882433,40.7619200,2026-01-23 17:01:08.004,_20260123_115728_CH01_REF_TMO_PING_NJ DUT REF_L2.dml,,,,,,,,,,,,,,,,,,,,,,,,,53
766,1,,,-73.9882433,40.7619200,2026-01-23 17:01:08.000,_20260123_115728_CH01_REF_TMO_PING_NJ DUT REF_L2.dml,,,,N41(100)+N71(15),NR SA,371,-70.580000,21.840000,,,,,,,,,,,,,0.016,,,,
767,1,,,-73.9882417,40.7619200,2026-01-23 17:01:08.191,_20260123_115728_CH01_REF_TMO_PING_NJ DUT REF_L2.dml,,,,,,,,,,,,,,,,,,,,,,,,,48
768,1,,,-73.9882417,40.7619200,2026-01-23 17:01:08.394,_20260123_115728_CH01_REF_TMO_PING_NJ DUT REF_L2.dml,,,,,,,,,,,,,,,,,,,,,,,,,47
769,1,,,-73.9882417,40.7619200,2026-01-23 17:01:08.598,_20260123_115728_CH01_REF_TMO_PING_NJ DUT REF_L2.dml,,,,,,,,,,,,,,,,,,,,,,,,,46
770,1,,,-73.9882417,40.7619200,2026-01-23 17:01:08.800,_20260123_115728_CH01_REF_TMO_PING_NJ DUT REF_L2.dml,,,,,,,,,,,,,,,,,,,,,,,,,47
771,1,,,-73.9882417,40.7619200,2026-01-23 17:01:09.004,_20260123_115728_CH01_REF_TMO_PING_NJ DUT REF_L2.dml,,,,,,,,,,,,,,,,,,,,,,,,,44
772,1,,,-73.9882417,40.7619200,2026-01-23 17:01:09.000,_20260123_115728_CH01_REF_TMO_PING_NJ DUT REF_L2.dml,,,,N41(100)+N71(15),NR SA,371,-70.740000,21.600000,,,,,,,,,,,,,0.016,,,,
773,1,,,-73.9882417,40.7619200,2026-01-23 17:01:09.191,_20260123_115728_CH01_REF_TMO_PING_NJ DUT REF_L2.dml,,,,,,,,,,,,,,,,,,,,,,,,,45
774,1,,,-73.9882417,40.7619200,2026-01-23 17:01:09.239,_20260123_115728_CH01_REF_TMO_PING_NJ DUT REF_L2.dml,,,,,,,,,,,,,,,,,,,,,,PING Traffic End,,,
775,1,,,-73.9882417,40.7619200,2026-01-23 17:01:10.000,_20260123_115728_CH01_REF_TMO_PING_NJ DUT REF_L2.dml,,,,N41(100)+N71(15),NR SA,371,-71.320000,21.120000,,,,,,,,,,,,,0.008,,,,
776,1,,,-73.9882417,40.7619200,2026-01-23 17:01:11.000,_20260123_115728_CH01_REF_TMO_PING_NJ DUT REF_L2.dml,,,,N41(100)+N71(15),,371,-70.210000,22.610000,,,,,,,,,,,,,,,,,
777,1,,,-73.9882417,40.7619200,2026-01-23 17:01:12.000,_20260123_115728_CH01_REF_TMO_PING_NJ DUT REF_L2.dml,,,,N41(100)+N71(15),,371,-76.700000,15.420000,,,,,,,,,,,,,,,,,
778,1,,,-73.9882417,40.7619200,2026-01-23 17:01:12.254,_20260123_115728_CH01_REF_TMO_PING_NJ DUT REF_L2.dml,,,,,,,,,,,,,,,,,,,,,,TIMEOUT_Idle,,,
779,1,,,-73.9882417,40.7619200,2026-01-23 17:01:12.254,_20260123_115728_CH01_REF_TMO_PING_NJ DUT REF_L2.dml,,,,,,,,,,,,,,,,,,,,,,,,0,
780,1,,,-73.9882417,40.7619200,2026-01-23 17:01:12.254,_20260123_115728_CH01_REF_TMO_PING_NJ DUT REF_L2.dml,,,,,,,,,,,,,,,,,,,,,,PING START,,,
781,1,,,-73.9882417,40.7619200,2026-01-23 17:01:13.000,_20260123_115728_CH01_REF_TMO_PING_NJ DUT REF_L2.dml,,,,N41(50)+N71(15),,371,-76.160000,14.980000,,,,,,,,,,,,,0.000,,,,
782,1,,,-73.9882417,40.7619200,2026-01-23 17:01:14.000,_20260123_115728_CH01_REF_TMO_PING_NJ DUT REF_L2.dml,,,,N41(50)+N71(15),,371,-77.870000,13.730000,,,,,,,,,,,,,0.000,,,,
783,1,,,-73.9882417,40.7619200,2026-01-23 17:01:15.000,_20260123_115728_CH01_REF_TMO_PING_NJ DUT REF_L2.dml,,,,N41(50)+N71(15),,371,-78.720000,12.500000,,,,,,,,,,,,,0.000,,,,
784,1,,,-73.9882417,40.7619200,2026-01-23 17:01:15.254,_20260123_115728_CH01_REF_TMO_PING_NJ DUT REF_L2.dml,,,,,,,,,,,,,,,,,,,,,,TIMEOUT_FrontIdle,,,
785,1,,,-73.9882417,40.7619200,2026-01-23 17:01:15.254,_20260123_115728_CH01_REF_TMO_PING_NJ DUT REF_L2.dml,,,,,,,,,,,,,,,,,,,,,,PING Traffic Start,,,
786,1,,,-73.9882417,40.7619200,2026-01-23 17:01:15.472,_20260123_115728_CH01_REF_TMO_PING_NJ DUT REF_L2.dml,,,,,,,,,,,,,,,,,,,,,,,,,57
787,1,,,-73.9882417,40.7619200,2026-01-23 17:01:15.660,_20260123_115728_CH01_REF_TMO_PING_NJ DUT REF_L2.dml,,,,,,,,,,,,,,,,,,,,,,,,,49
788,1,,,-73.9882417,40.7619200,2026-01-23 17:01:15.864,_20260123_115728_CH01_REF_TMO_PING_NJ DUT REF_L2.dml,,,,,,,,,,,,,,,,,,,,,,,,,48
789,1,,,-73.9882417,40.7619200,2026-01-23 17:01:16.000,_20260123_115728_CH01_REF_TMO_PING_NJ DUT REF_L2.dml,,,,N41(50)+N71(15),NR SA,371,-79.280000,12.520000,,,,,,,,,,,,,0.000,,,,
790,1,,,-73.9882417,40.7619200,2026-01-23 17:01:16.081,_20260123_115728_CH01_REF_TMO_PING_NJ DUT REF_L2.dml,,,,,,,,,,,,,,,,,,,,,,,,,42
791,1,,,-73.9882417,40.7619200,2026-01-23 17:01:16.254,_20260123_115728_CH01_REF_TMO_PING_NJ DUT REF_L2.dml,,,,,,,,,,,,,,,,,,,,,,,,,46
792,1,,,-73.9882417,40.7619200,2026-01-23 17:01:16.456,_20260123_115728_CH01_REF_TMO_PING_NJ DUT REF_L2.dml,,,,,,,,,,,,,,,,,,,,,,,,,43
793,1,,,-73.9882417,40.7619200,2026-01-23 17:01:16.660,_20260123_115728_CH01_REF_TMO_PING_NJ DUT REF_L2.dml,,,,,,,,,,,,,,,,,,,,,,,,,49
794,1,,,-73.9882417,40.7619200,2026-01-23 17:01:16.864,_20260123_115728_CH01_REF_TMO_PING_NJ DUT REF_L2.dml,,,,,,,,,,,,,,,,,,,,,,,,,48
795,1,,,-73.9882417,40.7619200,2026-01-23 17:01:17.000,_20260123_115728_CH01_REF_TMO_PING_NJ DUT REF_L2.dml,,,,N41(50)+N71(15),NR SA,371,-77.160000,13.120000,,,,,,,,,,,,,0.016,,,,
796,1,,,-73.9882417,40.7619200,2026-01-23 17:01:17.066,_20260123_115728_CH01_REF_TMO_PING_NJ DUT REF_L2.dml,,,,,,,,,,,,,,,,,,,,,,,,,40
797,1,,,-73.9882417,40.7619200,2026-01-23 17:01:17.269,_20260123_115728_CH01_REF_TMO_PING_NJ DUT REF_L2.dml,,,,,,,,,,,,,,,,,,,,,,,,,44
798,1,,,-73.9882417,40.7619200,2026-01-23 17:01:17.472,_20260123_115728_CH01_REF_TMO_PING_NJ DUT REF_L2.dml,,,,,,,,,,,,,,,,,,,,,,,,,45
799,1,,,-73.9882417,40.7619200,2026-01-23 17:01:17.691,_20260123_115728_CH01_REF_TMO_PING_NJ DUT REF_L2.dml,,,,,,,,,,,,,,,,,,,,,,,,,64
800,1,,,-73.9882417,40.7619200,2026-01-23 17:01:17.848,_20260123_115728_CH01_REF_TMO_PING_NJ DUT REF_L2.dml,,,,,,,,,,,,,,,,,,,,,,,,,31
801,1,,,-73.9882417,40.7619200,2026-01-23 17:01:18.000,_20260123_115728_CH01_REF_TMO_PING_NJ DUT REF_L2.dml,,,,N41(50)+N71(15),NR SA,371,-75.000000,15.580000,,,,,,,,,,,,,0.008,,,,
802,1,,,-73.9882417,40.7619200,2026-01-23 17:01:18.081,_20260123_115728_CH01_REF_TMO_PING_NJ DUT REF_L2.dml,,,,,,,,,,,,,,,,,,,,,,,,,59
803,1,,,-73.9882417,40.7619200,2026-01-23 17:01:18.285,_20260123_115728_CH01_REF_TMO_PING_NJ DUT REF_L2.dml,,,,,,,,,,,,,,,,,,,,,,,,,54
804,1,,,-73.9882417,40.7619200,2026-01-23 17:01:18.473,_20260123_115728_CH01_REF_TMO_PING_NJ DUT REF_L2.dml,,,,,,,,,,,,,,,,,,,,,,,,,50
805,1,,,-73.9882417,40.7619200,2026-01-23 17:01:18.675,_20260123_115728_CH01_REF_TMO_PING_NJ DUT REF_L2.dml,,,,,,,,,,,,,,,,,,,,,,,,,56
806,1,,,-73.9882417,40.7619200,2026-01-23 17:01:18.894,_20260123_115728_CH01_REF_TMO_PING_NJ DUT REF_L2.dml,,,,,,,,,,,,,,,,,,,,,,,,,63
807,1,,,-73.9882417,40.7619200,2026-01-23 17:01:19.000,_20260123_115728_CH01_REF_TMO_PING_NJ DUT REF_L2.dml,,,,N41(50)+N71(15),NR SA,371,-76.600000,13.890000,,,,,,,,,,,,,0.016,,,,
808,1,,,-73.9882417,40.7619200,2026-01-23 17:01:19.114,_20260123_115728_CH01_REF_TMO_PING_NJ DUT REF_L2.dml,,,,,,,,,,,,,,,,,,,,,,,,,53
809,1,,,-73.9882417,40.7619200,2026-01-23 17:01:19.285,_20260123_115728_CH01_REF_TMO_PING_NJ DUT REF_L2.dml,,,,,,,,,,,,,,,,,,,,,,,,,52
810,1,,,-73.9882417,40.7619200,2026-01-23 17:01:19.473,_20260123_115728_CH01_REF_TMO_PING_NJ DUT REF_L2.dml,,,,,,,,,,,,,,,,,,,,,,,,,50
811,1,,,-73.9882417,40.7619200,2026-01-23 17:01:19.691,_20260123_115728_CH01_REF_TMO_PING_NJ DUT REF_L2.dml,,,,,,,,,,,,,,,,,,,,,,,,,54
812,1,,,-73.9882417,40.7619200,2026-01-23 17:01:19.879,_20260123_115728_CH01_REF_TMO_PING_NJ DUT REF_L2.dml,,,,,,,,,,,,,,,,,,,,,,,,,53
813,1,,,-73.9882417,40.7619200,2026-01-23 17:01:20.000,_20260123_115728_CH01_REF_TMO_PING_NJ DUT REF_L2.dml,,,,N41(50)+N71(15),NR SA,371,-78.020000,12.300000,,,,,,,,,,,,,0.008,,,,
814,1,,,-73.9882417,40.7619200,2026-01-23 17:01:20.081,_20260123_115728_CH01_REF_TMO_PING_NJ DUT REF_L2.dml,,,,,,,,,,,,,,,,,,,,,,,,,53
815,1,,,-73.9882417,40.7619200,2026-01-23 17:01:20.269,_20260123_115728_CH01_REF_TMO_PING_NJ DUT REF_L2.dml,,,,,,,,,,,,,,,,,,,,,,,,,41
816,1,,,-73.9882417,40.7619200,2026-01-23 17:01:20.316,_20260123_115728_CH01_REF_TMO_PING_NJ DUT REF_L2.dml,,,,,,,,,,,,,,,,,,,,,,PING Traffic End,,,
817,1,,,-73.9882417,40.7619200,2026-01-23 17:01:21.000,_20260123_115728_CH01_REF_TMO_PING_NJ DUT REF_L2.dml,,,,N41(50)+N71(15),NR SA,371,-79.220000,11.220000,,,,,,,,,,,,,0.016,,,,
818,1,,,-73.9882417,40.7619200,2026-01-23 17:01:22.000,_20260123_115728_CH01_REF_TMO_PING_NJ DUT REF_L2.dml,,,,N41(50)+N71(15),,371,-77.850000,12.840000,,,,,,,,,,,,,0.000,,,,
819,1,,,-73.9882417,40.7619200,2026-01-23 17:01:23.000,_20260123_115728_CH01_REF_TMO_PING_NJ DUT REF_L2.dml,,,,N41(50)+N71(15),,371,-77.110000,13.670000,,,,,,,,,,,,,0.000,,,,
820,1,,,-73.9882417,40.7619200,2026-01-23 17:01:23.316,_20260123_115728_CH01_REF_TMO_PING_NJ DUT REF_L2.dml,,,,,,,,,,,,,,,,,,,,,,TIMEOUT_Idle,,,
821,1,,,-73.9882417,40.7619200,2026-01-23 17:01:23.316,_20260123_115728_CH01_REF_TMO_PING_NJ DUT REF_L2.dml,,,,,,,,,,,,,,,,,,,,,,,,0,
822,1,,,-73.9882417,40.7619200,2026-01-23 17:01:23.316,_20260123_115728_CH01_REF_TMO_PING_NJ DUT REF_L2.dml,,,,,,,,,,,,,,,,,,,,,,PING START,,,
823,1,,,-73.9882417,40.7619200,2026-01-23 17:01:24.000,_20260123_115728_CH01_REF_TMO_PING_NJ DUT REF_L2.dml,,,,N41(50)+N71(15),,371,-76.800000,14.880000,,,,,,,,,,,,,0.000,,,,
824,1,,,-73.9882417,40.7619200,2026-01-23 17:01:25.000,_20260123_115728_CH01_REF_TMO_PING_NJ DUT REF_L2.dml,,,,N41(50)+N71(15),,371,-77.880000,13.170000,,,,,,,,,,,,,0.000,,,,
825,1,,,-73.9882417,40.7619200,2026-01-23 17:01:26.000,_20260123_115728_CH01_REF_TMO_PING_NJ DUT REF_L2.dml,,,,N41(50)+N71(15),,371,-69.000000,24.320000,,,,,,,,,,,,,,,,,
826,1,,,-73.9882217,40.7619283,2026-01-23 17:01:26.331,_20260123_115728_CH01_REF_TMO_PING_NJ DUT REF_L2.dml,,,,,,,,,,,,,,,,,,,,,,TIMEOUT_FrontIdle,,,
827,1,,,-73.9882217,40.7619283,2026-01-23 17:01:26.331,_20260123_115728_CH01_REF_TMO_PING_NJ DUT REF_L2.dml,,,,,,,,,,,,,,,,,,,,,,PING Traffic Start,,,
828,1,,,-73.9882217,40.7619283,2026-01-23 17:01:26.535,_20260123_115728_CH01_REF_TMO_PING_NJ DUT REF_L2.dml,,,,,,,,,,,,,,,,,,,,,,,,,45
829,1,,,-73.9882217,40.7619283,2026-01-23 17:01:26.739,_20260123_115728_CH01_REF_TMO_PING_NJ DUT REF_L2.dml,,,,,,,,,,,,,,,,,,,,,,,,,51
830,1,,,-73.9882217,40.7619283,2026-01-23 17:01:26.941,_20260123_115728_CH01_REF_TMO_PING_NJ DUT REF_L2.dml,,,,,,,,,,,,,,,,,,,,,,,,,45
831,1,,,-73.9882217,40.7619283,2026-01-23 17:01:27.000,_20260123_115728_CH01_REF_TMO_PING_NJ DUT REF_L2.dml,,,,N41(100)+N71(15),NR SA,371,-68.940000,24.140000,,,,,,,,,,,,,0.000,,,,
832,1,,,-73.9882233,40.7619267,2026-01-23 17:01:27.144,_20260123_115728_CH01_REF_TMO_PING_NJ DUT REF_L2.dml,,,,,,,,,,,,,,,,,,,,,,,,,42
833,1,,,-73.9882233,40.7619267,2026-01-23 17:01:27.331,_20260123_115728_CH01_REF_TMO_PING_NJ DUT REF_L2.dml,,,,,,,,,,,,,,,,,,,,,,,,,40
834,1,,,-73.9882233,40.7619267,2026-01-23 17:01:27.550,_20260123_115728_CH01_REF_TMO_PING_NJ DUT REF_L2.dml,,,,,,,,,,,,,,,,,,,,,,,,,43
835,1,,,-73.9882233,40.7619267,2026-01-23 17:01:27.754,_20260123_115728_CH01_REF_TMO_PING_NJ DUT REF_L2.dml,,,,,,,,,,,,,,,,,,,,,,,,,46
836,1,,,-73.9882233,40.7619267,2026-01-23 17:01:27.956,_20260123_115728_CH01_REF_TMO_PING_NJ DUT REF_L2.dml,,,,,,,,,,,,,,,,,,,,,,,,,61
837,1,,,-73.9882233,40.7619267,2026-01-23 17:01:28.000,_20260123_115728_CH01_REF_TMO_PING_NJ DUT REF_L2.dml,,,,N41(100)+N71(15),NR SA,371,-69.680000,22.180000,,,,,,,,,,,,,0.000,,,,
838,1,,,-73.9882200,40.7619317,2026-01-23 17:01:28.160,_20260123_115728_CH01_REF_TMO_PING_NJ DUT REF_L2.dml,,,,,,,,,,,,,,,,,,,,,,,,,52
839,1,,,-73.9882200,40.7619317,2026-01-23 17:01:28.347,_20260123_115728_CH01_REF_TMO_PING_NJ DUT REF_L2.dml,,,,,,,,,,,,,,,,,,,,,,,,,50
840,1,,,-73.9882200,40.7619317,2026-01-23 17:01:28.550,_20260123_115728_CH01_REF_TMO_PING_NJ DUT REF_L2.dml,,,,,,,,,,,,,,,,,,,,,,,,,51
841,1,,,-73.9882200,40.7619317,2026-01-23 17:01:28.754,_20260123_115728_CH01_REF_TMO_PING_NJ DUT REF_L2.dml,,,,,,,,,,,,,,,,,,,,,,,,,50
842,1,,,-73.9882200,40.7619317,2026-01-23 17:01:28.956,_20260123_115728_CH01_REF_TMO_PING_NJ DUT REF_L2.dml,,,,,,,,,,,,,,,,,,,,,,,,,52
843,1,,,-73.9882200,40.7619317,2026-01-23 17:01:29.000,_20260123_115728_CH01_REF_TMO_PING_NJ DUT REF_L2.dml,,,,N41(100)+N71(15),NR SA,371,-69.720000,21.460000,,,,,,,,,,,,,0.008,,,,
844,1,,,-73.9882200,40.7619317,2026-01-23 17:01:29.144,_20260123_115728_CH01_REF_TMO_PING_NJ DUT REF_L2.dml,,,,,,,,,,,,,,,,,,,,,,,,,37
845,1,,,-73.9882200,40.7619317,2026-01-23 17:01:29.364,_20260123_115728_CH01_REF_TMO_PING_NJ DUT REF_L2.dml,,,,,,,,,,,,,,,,,,,,,,,,,53
846,1,,,-73.9882200,40.7619317,2026-01-23 17:01:29.566,_20260123_115728_CH01_REF_TMO_PING_NJ DUT REF_L2.dml,,,,,,,,,,,,,,,,,,,,,,,,,57
847,1,,,-73.9882183,40.7619350,2026-01-23 17:01:29.769,_20260123_115728_CH01_REF_TMO_PING_NJ DUT REF_L2.dml,,,,,,,,,,,,,,,,,,,,,,,,,60
848,1,,,-73.9882183,40.7619350,2026-01-23 17:01:29.956,_20260123_115728_CH01_REF_TMO_PING_NJ DUT REF_L2.dml,,,,,,,,,,,,,,,,,,,,,,,,,45
849,1,,,-73.9882183,40.7619350,2026-01-23 17:01:30.000,_20260123_115728_CH01_REF_TMO_PING_NJ DUT REF_L2.dml,,,,N41(100)+N71(15),NR SA,371,-70.740000,23.340000,,,,,,,,,,,,,0.016,,,,
850,1,,,-73.9882183,40.7619350,2026-01-23 17:01:30.160,_20260123_115728_CH01_REF_TMO_PING_NJ DUT REF_L2.dml,,,,,,,,,,,,,,,,,,,,,,,,,46
851,1,,,-73.9882183,40.7619350,2026-01-23 17:01:30.364,_20260123_115728_CH01_REF_TMO_PING_NJ DUT REF_L2.dml,,,,,,,,,,,,,,,,,,,,,,,,,45
852,1,,,-73.9882183,40.7619350,2026-01-23 17:01:30.566,_20260123_115728_CH01_REF_TMO_PING_NJ DUT REF_L2.dml,,,,,,,,,,,,,,,,,,,,,,,,,44
853,1,,,-73.9882183,40.7619350,2026-01-23 17:01:30.754,_20260123_115728_CH01_REF_TMO_PING_NJ DUT REF_L2.dml,,,,,,,,,,,,,,,,,,,,,,,,,44
854,1,,,-73.9882183,40.7619350,2026-01-23 17:01:30.956,_20260123_115728_CH01_REF_TMO_PING_NJ DUT REF_L2.dml,,,,,,,,,,,,,,,,,,,,,,,,,40
855,1,,,-73.9882183,40.7619350,2026-01-23 17:01:31.000,_20260123_115728_CH01_REF_TMO_PING_NJ DUT REF_L2.dml,,,,N41(100)+N71(15),NR SA,371,-69.140000,24.480000,,,,,,,,,,,,,0.008,,,,
856,1,,,-73.9882183,40.7619350,2026-01-23 17:01:31.160,_20260123_115728_CH01_REF_TMO_PING_NJ DUT REF_L2.dml,,,,,,,,,,,,,,,,,,,,,,,,,43
857,1,,,-73.9882183,40.7619350,2026-01-23 17:01:31.379,_20260123_115728_CH01_REF_TMO_PING_NJ DUT REF_L2.dml,,,,,,,,,,,,,,,,,,,,,,,,,60
858,1,,,-73.9882183,40.7619350,2026-01-23 17:01:31.410,_20260123_115728_CH01_REF_TMO_PING_NJ DUT REF_L2.dml,,,,,,,,,,,,,,,,,,,,,,PING Traffic End,,,
859,1,,,-73.9882183,40.7619350,2026-01-23 17:01:32.000,_20260123_115728_CH01_REF_TMO_PING_NJ DUT REF_L2.dml,,,,N41(100)+N71(15),NR SA,371,-68.620000,23.150000,,,,,,,,,,,,,0.024,,,,
860,1,,,-73.9882183,40.7619350,2026-01-23 17:01:33.000,_20260123_115728_CH01_REF_TMO_PING_NJ DUT REF_L2.dml,,,,N41(100)+N71(15),,371,-68.870000,24.270000,,,,,,,,,,,,,0.008,,,,
861,1,,,-73.9882183,40.7619350,2026-01-23 17:01:34.000,_20260123_115728_CH01_REF_TMO_PING_NJ DUT REF_L2.dml,,,,N41(100)+N71(15),,371,-69.560000,23.580000,,,,,,,,,,,,,0.008,,,,
862,1,,,-73.9882183,40.7619350,2026-01-23 17:01:34.410,_20260123_115728_CH01_REF_TMO_PING_NJ DUT REF_L2.dml,,,,,,,,,,,,,,,,,,,,,,TIMEOUT_Idle,,,
863,1,,,-73.9882183,40.7619350,2026-01-23 17:01:34.410,_20260123_115728_CH01_REF_TMO_PING_NJ DUT REF_L2.dml,,,,,,,,,,,,,,,,,,,,,,,,0,
864,1,,,-73.9882183,40.7619350,2026-01-23 17:01:34.410,_20260123_115728_CH01_REF_TMO_PING_NJ DUT REF_L2.dml,,,,,,,,,,,,,,,,,,,,,,PING MeasureStop,,,
