IDX,LID,CI_1,CI_2,Lon,Lat,Time,Measure,[LTE] [L1] [RF] PCI,[LTE] [L1] [RF] RSRP,[LTE] [L1] [RF] RS SINR,[General] Band Classification,[General] Serving Network (In Traffic),[NR5G] [RF] PCI,[NR5G] [RF] RSRP,[NR5G] [RF] SINR,[Call Test] [iPerf] [Throughput] DL Jitter,[Call Test] [iPerf] [Throughput] DL Error Ratio,[Call Test] [iPerf] [Call Average] [Jitter and Error] UL Jitter,[Call Test] [iPerf] [Call Average] [Jitter and Error] UL Error Ratio,[Event] [Data call test detail events] FTP Call Event,[Event] [Data call test detail events] HTTP Call Event,[Call Test] [HTTP Transfer] HTTP Transfer Call Event,[Call Test] [Throughput] Application DL TP,[Call Test] [iPerf] [Call Average] [Throughput] UL Avg TP,[Call Test] [iPerf] [Call Average] [Throughput] DL Avg TP,[Call Test] [Throughput] Application UL TP,[Event] [Data call test detail events] IPERF Call Event,[NR5G] [Throughput] PUSCH TP,[Event] [Data call test detail events] Ping Call Event,[Call Test] [HTTP] Total duration,[Call Test] [PING] Loss Count,[Call Test] [PING] [RTT] RTT
1,1,,,-73.9881700,40.7618150,2026-01-23 17:55:15.000,_20260123_125511_CH01_REF_TMO_UDP DL 400MB_NJ DUT REF_L2.dml,,,,,,,,,,,,,,,,,,,,,,,,,
2,1,,,-73.9881450,40.7618183,2026-01-23 17:55:16.000,_20260123_125511_CH01_REF_TMO_UDP DL 400MB_NJ DUT REF_L2.dml,,,,,,,,,,,,,,,,,,,,,,,,,
3,1,,,-73.9881533,40.7618200,2026-01-23 17:55:17.000,_20260123_125511_CH01_REF_TMO_UDP DL 400MB_NJ DUT REF_L2.dml,,,,,,,,,,,,,,,,,,,,,,,,,
4,1,,,-73.9881583,40.7618200,2026-01-23 17:55:18.000,_20260123_125511_CH01_REF_TMO_UDP DL 400MB_NJ DUT REF_L2.dml,,,,,,,,,,,,,,,,,,,,,,,,,
5,1,,,-73.9881617,40.7618183,2026-01-23 17:55:19.000,_20260123_125511_CH01_REF_TMO_UDP DL 400MB_NJ DUT REF_L2.dml,,,,,,,,,,,,,,,,,,,,,,,,,
6,1,,,-73.9881617,40.7618183,2026-01-23 17:55:20.000,_20260123_125511_CH01_REF_TMO_UDP DL 400MB_NJ DUT REF_L2.dml,,,,,,,,,,,,,,,,,,,,,,,,,
7,1,,,-73.9881667,40.7618183,2026-01-23 17:55:21.000,_20260123_125511_CH01_REF_TMO_UDP DL 400MB_NJ DUT REF_L2.dml,,,,N41(100)+N71(x),,371,-70.310000,23.310000,,,,,,,,,,,,,,,,,
8,1,,,-73.9881683,40.7618183,2026-01-23 17:55:22.000,_20260123_125511_CH01_REF_TMO_UDP DL 400MB_NJ DUT REF_L2.dml,,,,N41(100)+N71(15),,371,-69.320000,24.600000,,,,,,,,,,,,,0.064,,,,
9,1,,,-73.9881717,40.7618200,2026-01-23 17:55:23.000,_20260123_125511_CH01_REF_TMO_UDP DL 400MB_NJ DUT REF_L2.dml,,,,N41(100)+N71(15),,371,-70.740000,23.200000,,,,,,,,,,,,,0.008,,,,
10,1,,,-73.9881767,40.7618183,2026-01-23 17:55:24.000,_20260123_125511_CH01_REF_TMO_UDP DL 400MB_NJ DUT REF_L2.dml,,,,N41(100)+N71(15),,371,-70.480000,23.120000,,,,,,,,,,,,,0.000,,,,
11,1,,,-73.9881800,40.7618200,2026-01-23 17:55:24.864,_20260123_125511_CH01_REF_TMO_UDP DL 400MB_NJ DUT REF_L2.dml,,,,,,,,,,,,,,,,,,,,MeasureStart,,,,,
12,1,,,-73.9881800,40.7618200,2026-01-23 17:55:24.864,_20260123_125511_CH01_REF_TMO_UDP DL 400MB_NJ DUT REF_L2.dml,,,,,,,,,,,,,,,,,,,,START,,,,,
13,1,,,-73.9881800,40.7618200,2026-01-23 17:55:24.864,_20260123_125511_CH01_REF_TMO_UDP DL 400MB_NJ DUT REF_L2.dml,,,,,,,,,,,,,,,,,,,,IPERF_T_Start,,,,,
14,1,,,-73.9881800,40.7618200,2026-01-23 17:55:24.864,_20260123_125511_CH01_REF_TMO_UDP DL 400MB_NJ DUT REF_L2.dml,,,,,,,,,,,,,,,,,,,,Iperf Download Call Start,,,,,
15,1,,,-73.9881800,40.7618200,2026-01-23 17:55:25.000,_20260123_125511_CH01_REF_TMO_UDP DL 400MB_NJ DUT REF_L2.dml,,,,N41(100)+N71(15),,371,-70.220000,21.500000,,,,,,,,,,,,,0.000,,,,
16,1,,,-73.9881800,40.7618183,2026-01-23 17:55:25.331,_20260123_125511_CH01_REF_TMO_UDP DL 400MB_NJ DUT REF_L2.dml,,,,,,,,,,,,,,,,,,,,Iperf Download Start,,,,,
17,1,,,-73.9881800,40.7618183,2026-01-23 17:55:26.000,_20260123_125511_CH01_REF_TMO_UDP DL 400MB_NJ DUT REF_L2.dml,,,,N41(100)+N71(15),NR SA,371,-70.000000,21.300000,,,,,,,,,,,,,0.016,,,,
18,1,,,-73.9881783,40.7618183,2026-01-23 17:55:27.000,_20260123_125511_CH01_REF_TMO_UDP DL 400MB_NJ DUT REF_L2.dml,,,,N41(100)+N71(15),NR SA,371,-70.240000,20.920000,0.027000,13.250649,,,,,,326.264,,,,,0.128,,,,
19,1,,,-73.9881733,40.7618183,2026-01-23 17:55:28.000,_20260123_125511_CH01_REF_TMO_UDP DL 400MB_NJ DUT REF_L2.dml,,,,N41(100)+N71(15),NR SA,371,-70.290000,21.370000,0.043000,14.091249,,,,,,361.075,,,,,0.168,,,,
20,1,,,-73.9881700,40.7618217,2026-01-23 17:55:29.000,_20260123_125511_CH01_REF_TMO_UDP DL 400MB_NJ DUT REF_L2.dml,,,,N41(100)+N71(15),NR SA,371,-71.150000,20.250000,0.021000,15.074977,,,,,,330.657,,,,,0.160,,,,
21,1,,,-73.9881667,40.7618200,2026-01-23 17:55:30.000,_20260123_125511_CH01_REF_TMO_UDP DL 400MB_NJ DUT REF_L2.dml,,,,N41(100)+N71(15),NR SA,371,-71.420000,19.180000,0.033000,13.664508,,,,,,364.514,,,,,0.144,,,,
22,1,,,-73.9881600,40.7618217,2026-01-23 17:55:31.000,_20260123_125511_CH01_REF_TMO_UDP DL 400MB_NJ DUT REF_L2.dml,,,,N41(100)+N71(15),NR SA,371,-71.020000,20.820000,0.025000,13.867398,,,,,,340.887,,,,,0.120,,,,
23,1,,,-73.9881533,40.7618283,2026-01-23 17:55:32.000,_20260123_125511_CH01_REF_TMO_UDP DL 400MB_NJ DUT REF_L2.dml,,,,N41(100)+N71(15),NR SA,371,-70.840000,21.420000,0.021000,14.006369,,,,,,338.934,,,,,0.128,,,,
24,1,,,-73.9881583,40.7618283,2026-01-23 17:55:33.000,_20260123_125511_CH01_REF_TMO_UDP DL 400MB_NJ DUT REF_L2.dml,,,,N41(100)+N71(15),NR SA,371,-70.900000,21.260000,0.031000,14.204612,,,,,,340.985,,,,,0.120,,,,
25,1,,,-73.9881650,40.7618100,2026-01-23 17:55:34.000,_20260123_125511_CH01_REF_TMO_UDP DL 400MB_NJ DUT REF_L2.dml,,,,N41(100)+N71(15),NR SA,371,-70.880000,21.340000,0.029000,13.878338,,,,,,331.623,,,,,0.184,,,,
26,1,,,-73.9881750,40.7618133,2026-01-23 17:55:35.000,_20260123_125511_CH01_REF_TMO_UDP DL 400MB_NJ DUT REF_L2.dml,,,,N41(100)+N71(15),NR SA,371,-70.080000,21.680000,0.021000,13.772162,,,,,,365.631,,,,,0.144,,,,
27,1,,,-73.9881783,40.7618383,2026-01-23 17:55:35.348,_20260123_125511_CH01_REF_TMO_UDP DL 400MB_NJ DUT REF_L2.dml,,,,,,,,,,,,,,,,,,,,IPERF_T_End,,,,,
28,1,,,-73.9881783,40.7618383,2026-01-23 17:55:36.000,_20260123_125511_CH01_REF_TMO_UDP DL 400MB_NJ DUT REF_L2.dml,,,,N41(100)+N71(15),NR SA,371,-70.170000,21.190000,0.032000,13.624630,,,,,,336.928,,,,,0.144,,,,
29,1,,,-73.9881633,40.7618750,2026-01-23 17:55:37.000,_20260123_125511_CH01_REF_TMO_UDP DL 400MB_NJ DUT REF_L2.dml,,,,N41(100)+N71(15),,371,-71.020000,20.980000,,,,,,,,,,,,,0.048,,,,
30,1,,,-73.9881633,40.7618750,2026-01-23 17:55:38.000,_20260123_125511_CH01_REF_TMO_UDP DL 400MB_NJ DUT REF_L2.dml,,,,N41(100)+N71(15),,371,-69.900000,21.980000,,,,,,,,,,,,,0.000,,,,
31,1,,,-73.9881683,40.7618933,2026-01-23 17:55:39.000,_20260123_125511_CH01_REF_TMO_UDP DL 400MB_NJ DUT REF_L2.dml,,,,N41(100)+N71(15),,371,-70.020000,22.580000,,,,,,,,,,,,,0.000,,,,
32,1,,,-73.9881900,40.7618650,2026-01-23 17:55:40.000,_20260123_125511_CH01_REF_TMO_UDP DL 400MB_NJ DUT REF_L2.dml,,,,N41(100)+N71(15),,371,-70.580000,21.880000,,,,,,,,,,,,,0.000,,,,
33,1,,,-73.9881983,40.7618783,2026-01-23 17:55:41.000,_20260123_125511_CH01_REF_TMO_UDP DL 400MB_NJ DUT REF_L2.dml,,,,N41(100)+N71(15),,371,-69.620000,23.860000,,,,,,,,,,,,,0.000,,,,
34,1,,,-73.9882150,40.7618783,2026-01-23 17:55:42.000,_20260123_125511_CH01_REF_TMO_UDP DL 400MB_NJ DUT REF_L2.dml,,,,N41(100)+N71(15),,371,-69.690000,22.880000,,,,,,,,,,,,,0.000,,,,
35,1,,,-73.9882333,40.7618783,2026-01-23 17:55:43.000,_20260123_125511_CH01_REF_TMO_UDP DL 400MB_NJ DUT REF_L2.dml,,,,N41(100)+N71(15),,371,-70.160000,22.110000,,,,,,,,,,,,,,,,,
36,1,,,-73.9882333,40.7618783,2026-01-23 17:55:44.000,_20260123_125511_CH01_REF_TMO_UDP DL 400MB_NJ DUT REF_L2.dml,,,,N41(100)+N71(15),,371,-70.860000,22.120000,,,,,,,,,,,,,0.008,,,,
37,1,,,-73.9882483,40.7618917,2026-01-23 17:55:45.000,_20260123_125511_CH01_REF_TMO_UDP DL 400MB_NJ DUT REF_L2.dml,,,,N41(100)+N71(15),,371,-70.100000,22.060000,,,,,,,,,,,,,0.000,,,,
38,1,,,-73.9882517,40.7618983,2026-01-23 17:55:46.000,_20260123_125511_CH01_REF_TMO_UDP DL 400MB_NJ DUT REF_L2.dml,,,,N41(x)+N71(x),,371,-70.070000,22.780000,,,,,,,,,,,,,0.000,,,,
39,1,,,-73.9882583,40.7619000,2026-01-23 17:55:47.000,_20260123_125511_CH01_REF_TMO_UDP DL 400MB_NJ DUT REF_L2.dml,,,,,,,,,,,,,,,,,,,,,,,,,
40,1,,,-73.9882633,40.7618983,2026-01-23 17:55:48.000,_20260123_125511_CH01_REF_TMO_UDP DL 400MB_NJ DUT REF_L2.dml,,,,N41(100)+N71(x),,371,-70.750000,22.250000,,,,,,,,,,,,,,,,,
41,1,,,-73.9882650,40.7619000,2026-01-23 17:55:49.000,_20260123_125511_CH01_REF_TMO_UDP DL 400MB_NJ DUT REF_L2.dml,,,,,,,,,,,,,,,,,,,,,,,,,
42,1,,,-73.9882650,40.7619000,2026-01-23 17:55:50.000,_20260123_125511_CH01_REF_TMO_UDP DL 400MB_NJ DUT REF_L2.dml,,,,,,,,,,,,,,,,,,,,,,,,,
43,1,,,-73.9882683,40.7618983,2026-01-23 17:55:51.000,_20260123_125511_CH01_REF_TMO_UDP DL 400MB_NJ DUT REF_L2.dml,,,,,,,,,,,,,,,,,,,,,,,,,
44,1,,,-73.9882717,40.7619000,2026-01-23 17:55:52.000,_20260123_125511_CH01_REF_TMO_UDP DL 400MB_NJ DUT REF_L2.dml,,,,,,,,,,,,,,,,,,,,,,,,,
45,1,,,-73.9882733,40.7619000,2026-01-23 17:55:53.000,_20260123_125511_CH01_REF_TMO_UDP DL 400MB_NJ DUT REF_L2.dml,,,,,,,,,,,,,,,,,,,,,,,,,
46,1,,,-73.9882767,40.7619000,2026-01-23 17:55:54.000,_20260123_125511_CH01_REF_TMO_UDP DL 400MB_NJ DUT REF_L2.dml,,,,,,,,,,,,,,,,,,,,,,,,,
47,1,,,-73.9882817,40.7619017,2026-01-23 17:55:55.000,_20260123_125511_CH01_REF_TMO_UDP DL 400MB_NJ DUT REF_L2.dml,,,,,,,,,,,,,,,,,,,,,,,,,
48,1,,,-73.9882817,40.7619017,2026-01-23 17:55:55.347,_20260123_125511_CH01_REF_TMO_UDP DL 400MB_NJ DUT REF_L2.dml,,,,,,,,,,,,,,,,,,,,TIMEOUT_Idle,,,,,
49,1,,,-73.9882817,40.7619017,2026-01-23 17:55:55.347,_20260123_125511_CH01_REF_TMO_UDP DL 400MB_NJ DUT REF_L2.dml,,,,,,,,,,,,,,,,,,,,Iperf Download Call End,,,,,
50,1,,,-73.9882817,40.7619017,2026-01-23 17:55:55.347,_20260123_125511_CH01_REF_TMO_UDP DL 400MB_NJ DUT REF_L2.dml,,,,,,,,,,,,,,,,,,343.750339,,,,,,,
51,1,,,-73.9882817,40.7619017,2026-01-23 17:55:55.347,_20260123_125511_CH01_REF_TMO_UDP DL 400MB_NJ DUT REF_L2.dml,,,,,,,,,,,,,,,,,,,,START,,,,,
52,1,,,-73.9882817,40.7619017,2026-01-23 17:55:55.347,_20260123_125511_CH01_REF_TMO_UDP DL 400MB_NJ DUT REF_L2.dml,,,,,,,,,,,,,,,,,,,,IPERF_T_Start,,,,,
53,1,,,-73.9882817,40.7619017,2026-01-23 17:55:55.347,_20260123_125511_CH01_REF_TMO_UDP DL 400MB_NJ DUT REF_L2.dml,,,,,,,,,,,,,,,,,,,,Iperf Download Call Start,,,,,
54,1,,,-73.9882817,40.7619017,2026-01-23 17:55:56.000,_20260123_125511_CH01_REF_TMO_UDP DL 400MB_NJ DUT REF_L2.dml,,,,N41(100)+N71(x),,371,-71.910000,21.820000,,,,,,,,,,,,,,,,,
55,1,,,-73.9882817,40.7619017,2026-01-23 17:55:56.035,_20260123_125511_CH01_REF_TMO_UDP DL 400MB_NJ DUT REF_L2.dml,,,,,,,,,,,,,,,,,,,,Iperf Download Start,,,,,
56,1,,,-73.9882883,40.7619017,2026-01-23 17:55:57.000,_20260123_125511_CH01_REF_TMO_UDP DL 400MB_NJ DUT REF_L2.dml,,,,N41(100)+N71(15),NR SA,371,-71.600000,22.240000,,,,,,,,,,,,,0.128,,,,
57,1,,,-73.9882917,40.7619033,2026-01-23 17:55:58.000,_20260123_125511_CH01_REF_TMO_UDP DL 400MB_NJ DUT REF_L2.dml,,,,N41(100)+N71(15),NR SA,371,-70.820000,23.400000,0.037000,5.650442,,,,,,375.134,,,,,0.128,,,,
58,1,,,-73.9882967,40.7619017,2026-01-23 17:55:59.000,_20260123_125511_CH01_REF_TMO_UDP DL 400MB_NJ DUT REF_L2.dml,,,,N41(100)+N71(15),NR SA,371,-70.820000,23.720000,0.046000,6.228046,,,,,,366.206,,,,,0.128,,,,
59,1,,,-73.9883017,40.7619033,2026-01-23 17:56:00.000,_20260123_125511_CH01_REF_TMO_UDP DL 400MB_NJ DUT REF_L2.dml,,,,N41(100)+N71(15),NR SA,371,-71.400000,22.660000,0.022000,6.326775,,,,,,380.363,,,,,0.184,,,,
60,1,,,-73.9883083,40.7619017,2026-01-23 17:56:01.000,_20260123_125511_CH01_REF_TMO_UDP DL 400MB_NJ DUT REF_L2.dml,,,,N41(100)+N71(15),NR SA,371,-71.940000,22.580000,0.024000,6.507017,,,,,,372.856,,,,,0.160,,,,
61,1,,,-73.9883117,40.7619050,2026-01-23 17:56:02.000,_20260123_125511_CH01_REF_TMO_UDP DL 400MB_NJ DUT REF_L2.dml,,,,N41(100)+N71(15),NR SA,371,-70.500000,22.940000,0.022000,7.307675,,,,,,355.705,,,,,0.128,,,,
62,1,,,-73.9883167,40.7619033,2026-01-23 17:56:03.000,_20260123_125511_CH01_REF_TMO_UDP DL 400MB_NJ DUT REF_L2.dml,,,,N41(100)+N71(15),NR SA,371,-70.910000,23.210000,0.024000,7.093564,,,,,,379.788,,,,,0.120,,,,
63,1,,,-73.9883150,40.7619050,2026-01-23 17:56:04.000,_20260123_125511_CH01_REF_TMO_UDP DL 400MB_NJ DUT REF_L2.dml,,,,N41(100)+N71(15),NR SA,371,-71.190000,22.580000,0.025000,7.086884,,,,,,361.650,,,,,0.160,,,,
64,1,,,-73.9883183,40.7619050,2026-01-23 17:56:05.000,_20260123_125511_CH01_REF_TMO_UDP DL 400MB_NJ DUT REF_L2.dml,,,,N41(100)+N71(15),NR SA,371,-71.860000,22.420000,0.029000,7.356838,,,,,,370.166,,,,,0.168,,,,
65,1,,,-73.9883167,40.7619067,2026-01-23 17:56:06.000,_20260123_125511_CH01_REF_TMO_UDP DL 400MB_NJ DUT REF_L2.dml,,,,N41(100)+N71(15),NR SA,371,-70.880000,23.720000,0.046000,7.400178,,,,,,368.007,,,,,0.136,,,,
66,1,,,-73.9883167,40.7619067,2026-01-23 17:56:06.050,_20260123_125511_CH01_REF_TMO_UDP DL 400MB_NJ DUT REF_L2.dml,,,,,,,,,,,,,,,,,,,,IPERF_T_End,,,,,
67,1,,,-73.9883167,40.7619067,2026-01-23 17:56:07.000,_20260123_125511_CH01_REF_TMO_UDP DL 400MB_NJ DUT REF_L2.dml,,,,N41(100)+N71(15),NR SA,371,-71.820000,22.740000,0.042000,7.493403,,,,,,358.862,,,,,0.048,,,,
68,1,,,-73.9883133,40.7619083,2026-01-23 17:56:08.000,_20260123_125511_CH01_REF_TMO_UDP DL 400MB_NJ DUT REF_L2.dml,,,,N41(100)+N71(15),,371,-70.920000,23.480000,,,,,,,,,,,,,0.000,,,,
69,1,,,-73.9883150,40.7619083,2026-01-23 17:56:09.000,_20260123_125511_CH01_REF_TMO_UDP DL 400MB_NJ DUT REF_L2.dml,,,,N41(100)+N71(15),,371,-71.100000,24.260000,,,,,,,,,,,,,0.000,,,,
70,1,,,-73.9883167,40.7619133,2026-01-23 17:56:10.000,_20260123_125511_CH01_REF_TMO_UDP DL 400MB_NJ DUT REF_L2.dml,,,,N41(100)+N71(15),,371,-71.000000,21.890000,,,,,,,,,,,,,,,,,
71,1,,,-73.9883267,40.7619150,2026-01-23 17:56:11.000,_20260123_125511_CH01_REF_TMO_UDP DL 400MB_NJ DUT REF_L2.dml,,,,N41(100)+N71(15),,371,-70.600000,22.240000,,,,,,,,,,,,,0.000,,,,
72,1,,,-73.9883267,40.7619183,2026-01-23 17:56:12.000,_20260123_125511_CH01_REF_TMO_UDP DL 400MB_NJ DUT REF_L2.dml,,,,N41(100)+N71(15),,371,-70.780000,22.240000,,,,,,,,,,,,,0.000,,,,
73,1,,,-73.9883333,40.7619200,2026-01-23 17:56:13.000,_20260123_125511_CH01_REF_TMO_UDP DL 400MB_NJ DUT REF_L2.dml,,,,N41(100)+N71(15),,371,-70.040000,22.380000,,,,,,,,,,,,,0.000,,,,
74,1,,,-73.9883367,40.7619233,2026-01-23 17:56:14.000,_20260123_125511_CH01_REF_TMO_UDP DL 400MB_NJ DUT REF_L2.dml,,,,N41(100)+N71(15),,371,-69.840000,23.180000,,,,,,,,,,,,,0.000,,,,
75,1,,,-73.9883433,40.7619267,2026-01-23 17:56:15.000,_20260123_125511_CH01_REF_TMO_UDP DL 400MB_NJ DUT REF_L2.dml,,,,N41(100)+N71(15),,371,-70.120000,23.000000,,,,,,,,,,,,,0.000,,,,
76,1,,,-73.9883483,40.7619283,2026-01-23 17:56:16.000,_20260123_125511_CH01_REF_TMO_UDP DL 400MB_NJ DUT REF_L2.dml,,,,N41(100)+N71(15),,371,-70.700000,21.940000,,,,,,,,,,,,,0.000,,,,
77,1,,,-73.9883633,40.7619350,2026-01-23 17:56:17.000,_20260123_125511_CH01_REF_TMO_UDP DL 400MB_NJ DUT REF_L2.dml,,,,N41(100)+N71(x),,371,-71.040000,22.650000,,,,,,,,,,,,,,,,,
78,1,,,-73.9883683,40.7619350,2026-01-23 17:56:18.000,_20260123_125511_CH01_REF_TMO_UDP DL 400MB_NJ DUT REF_L2.dml,,,,,,,,,,,,,,,,,,,,,,,,,
79,1,,,-73.9883683,40.7619350,2026-01-23 17:56:19.000,_20260123_125511_CH01_REF_TMO_UDP DL 400MB_NJ DUT REF_L2.dml,,,,,,,,,,,,,,,,,,,,,,,,,
80,1,,,-73.9883700,40.7619367,2026-01-23 17:56:20.000,_20260123_125511_CH01_REF_TMO_UDP DL 400MB_NJ DUT REF_L2.dml,,,,,,,,,,,,,,,,,,,,,,,,,
81,1,,,-73.9883783,40.7619383,2026-01-23 17:56:21.000,_20260123_125511_CH01_REF_TMO_UDP DL 400MB_NJ DUT REF_L2.dml,,,,,,,,,,,,,,,,,,,,,,,,,
82,1,,,-73.9883833,40.7619383,2026-01-23 17:56:22.000,_20260123_125511_CH01_REF_TMO_UDP DL 400MB_NJ DUT REF_L2.dml,,,,N41(100)+N71(x),,371,-71.580000,19.440000,,,,,,,,,,,,,,,,,
83,1,,,-73.9883833,40.7619383,2026-01-23 17:56:23.000,_20260123_125511_CH01_REF_TMO_UDP DL 400MB_NJ DUT REF_L2.dml,,,,N41(100)+N71(15),,371,-70.980000,20.960000,,,,,,,,,,,,,0.072,,,,
84,1,,,-73.9883950,40.7619400,2026-01-23 17:56:24.000,_20260123_125511_CH01_REF_TMO_UDP DL 400MB_NJ DUT REF_L2.dml,,,,N41(100)+N71(15),,371,-70.980000,21.640000,,,,,,,,,,,,,0.000,,,,
85,1,,,-73.9883950,40.7619400,2026-01-23 17:56:25.000,_20260123_125511_CH01_REF_TMO_UDP DL 400MB_NJ DUT REF_L2.dml,,,,N41(100)+N71(15),,371,-71.220000,20.440000,,,,,,,,,,,,,0.000,,,,
86,1,,,-73.9884067,40.7619400,2026-01-23 17:56:26.000,_20260123_125511_CH01_REF_TMO_UDP DL 400MB_NJ DUT REF_L2.dml,,,,N41(100)+N71(15),,371,-71.780000,22.120000,,,,,,,,,,,,,0.000,,,,
87,1,,,-73.9884067,40.7619400,2026-01-23 17:56:26.066,_20260123_125511_CH01_REF_TMO_UDP DL 400MB_NJ DUT REF_L2.dml,,,,,,,,,,,,,,,,,,,,TIMEOUT_Idle,,,,,
88,1,,,-73.9884067,40.7619400,2026-01-23 17:56:26.066,_20260123_125511_CH01_REF_TMO_UDP DL 400MB_NJ DUT REF_L2.dml,,,,,,,,,,,,,,,,,,,,Iperf Download Call End,,,,,
89,1,,,-73.9884067,40.7619400,2026-01-23 17:56:26.066,_20260123_125511_CH01_REF_TMO_UDP DL 400MB_NJ DUT REF_L2.dml,,,,,,,,,,,,,,,,,,368.874307,,,,,,,
90,1,,,-73.9884067,40.7619400,2026-01-23 17:56:26.066,_20260123_125511_CH01_REF_TMO_UDP DL 400MB_NJ DUT REF_L2.dml,,,,,,,,,,,,,,,,,,,,START,,,,,
91,1,,,-73.9884067,40.7619400,2026-01-23 17:56:26.066,_20260123_125511_CH01_REF_TMO_UDP DL 400MB_NJ DUT REF_L2.dml,,,,,,,,,,,,,,,,,,,,IPERF_T_Start,,,,,
92,1,,,-73.9884067,40.7619400,2026-01-23 17:56:26.066,_20260123_125511_CH01_REF_TMO_UDP DL 400MB_NJ DUT REF_L2.dml,,,,,,,,,,,,,,,,,,,,Iperf Download Call Start,,,,,
93,1,,,-73.9884067,40.7619400,2026-01-23 17:56:26.504,_20260123_125511_CH01_REF_TMO_UDP DL 400MB_NJ DUT REF_L2.dml,,,,,,,,,,,,,,,,,,,,Iperf Download Start,,,,,
94,1,,,-73.9884067,40.7619400,2026-01-23 17:56:27.000,_20260123_125511_CH01_REF_TMO_UDP DL 400MB_NJ DUT REF_L2.dml,,,,N41(100)+N71(15),NR SA,371,-71.940000,21.060000,,,,,,,,,,,,,0.000,,,,
95,1,,,-73.9884150,40.7619400,2026-01-23 17:56:28.000,_20260123_125511_CH01_REF_TMO_UDP DL 400MB_NJ DUT REF_L2.dml,,,,N41(100)+N71(15),NR SA,371,-71.940000,21.190000,0.023000,16.191442,,,,,,331.287,,,,,0.088,,,,
96,1,,,-73.9884233,40.7619383,2026-01-23 17:56:29.000,_20260123_125511_CH01_REF_TMO_UDP DL 400MB_NJ DUT REF_L2.dml,,,,N41(100)+N71(15),NR SA,371,-71.410000,20.410000,0.103000,14.965364,,,,,,313.192,,,,,0.120,,,,
97,1,,,-73.9884267,40.7619367,2026-01-23 17:56:30.000,_20260123_125511_CH01_REF_TMO_UDP DL 400MB_NJ DUT REF_L2.dml,,,,N41(100)+N71(15),NR SA,371,-72.140000,20.360000,0.028000,15.124549,,,,,,370.491,,,,,0.136,,,,
98,1,,,-73.9884300,40.7619350,2026-01-23 17:56:31.000,_20260123_125511_CH01_REF_TMO_UDP DL 400MB_NJ DUT REF_L2.dml,,,,N41(100)+N71(15),NR SA,371,-71.420000,21.360000,0.026000,15.213388,,,,,,333.695,,,,,0.160,,,,
99,1,,,-73.9884317,40.7619350,2026-01-23 17:56:32.000,_20260123_125511_CH01_REF_TMO_UDP DL 400MB_NJ DUT REF_L2.dml,,,,N41(100)+N71(15),NR SA,371,-71.820000,22.120000,0.025000,14.262199,,,,,,363.418,,,,,0.120,,,,
100,1,,,-73.9884317,40.7619317,2026-01-23 17:56:33.000,_20260123_125511_CH01_REF_TMO_UDP DL 400MB_NJ DUT REF_L2.dml,,,,N41(100)+N71(15),NR SA,371,-71.740000,20.100000,0.023000,14.185321,,,,,,346.420,,,,,0.136,,,,
101,1,,,-73.9884300,40.7619317,2026-01-23 17:56:34.000,_20260123_125511_CH01_REF_TMO_UDP DL 400MB_NJ DUT REF_L2.dml,,,,N41(100)+N71(15),NR SA,371,-71.340000,20.760000,0.024000,14.001842,,,,,,331.590,,,,,0.184,,,,
102,1,,,-73.9884250,40.7619300,2026-01-23 17:56:35.000,_20260123_125511_CH01_REF_TMO_UDP DL 400MB_NJ DUT REF_L2.dml,,,,N41(100)+N71(15),NR SA,371,-71.300000,20.280000,0.023000,14.175774,,,,,,357.257,,,,,0.192,,,,
103,1,,,-73.9884200,40.7619267,2026-01-23 17:56:36.000,_20260123_125511_CH01_REF_TMO_UDP DL 400MB_NJ DUT REF_L2.dml,,,,N41(100)+N71(15),NR SA,371,-70.890000,20.640000,0.038000,14.004530,,,,,,320.981,,,,,0.160,,,,
104,1,,,-73.9884183,40.7619233,2026-01-23 17:56:36.519,_20260123_125511_CH01_REF_TMO_UDP DL 400MB_NJ DUT REF_L2.dml,,,,,,,,,,,,,,,,,,,,IPERF_T_End,,,,,
105,1,,,-73.9884183,40.7619233,2026-01-23 17:56:37.000,_20260123_125511_CH01_REF_TMO_UDP DL 400MB_NJ DUT REF_L2.dml,,,,N41(100)+N71(15),NR SA,371,-71.520000,19.920000,0.024000,14.106352,,,,,,346.919,,,,,0.152,,,,
106,1,,,-73.9884167,40.7619200,2026-01-23 17:56:38.000,_20260123_125511_CH01_REF_TMO_UDP DL 400MB_NJ DUT REF_L2.dml,,,,N41(100)+N71(15),,371,-71.960000,20.000000,,,,,,,,,,,,,0.104,,,,
107,1,,,-73.9884167,40.7619100,2026-01-23 17:56:39.000,_20260123_125511_CH01_REF_TMO_UDP DL 400MB_NJ DUT REF_L2.dml,,,,N41(100)+N71(15),,371,-71.820000,20.060000,,,,,,,,,,,,,0.000,,,,
108,1,,,-73.9884150,40.7619117,2026-01-23 17:56:40.000,_20260123_125511_CH01_REF_TMO_UDP DL 400MB_NJ DUT REF_L2.dml,,,,N41(100)+N71(15),,371,-71.880000,20.280000,,,,,,,,,,,,,0.000,,,,
109,1,,,-73.9884150,40.7619050,2026-01-23 17:56:41.000,_20260123_125511_CH01_REF_TMO_UDP DL 400MB_NJ DUT REF_L2.dml,,,,N41(100)+N71(15),,371,-72.000000,20.420000,,,,,,,,,,,,,0.000,,,,
110,1,,,-73.9884167,40.7619050,2026-01-23 17:56:42.000,_20260123_125511_CH01_REF_TMO_UDP DL 400MB_NJ DUT REF_L2.dml,,,,N41(100)+N71(15),,371,-71.500000,21.120000,,,,,,,,,,,,,0.000,,,,
111,1,,,-73.9884217,40.7619033,2026-01-23 17:56:43.000,_20260123_125511_CH01_REF_TMO_UDP DL 400MB_NJ DUT REF_L2.dml,,,,N41(100)+N71(15),,371,-71.420000,20.810000,,,,,,,,,,,,,0.008,,,,
112,1,,,-73.9884200,40.7619017,2026-01-23 17:56:44.000,_20260123_125511_CH01_REF_TMO_UDP DL 400MB_NJ DUT REF_L2.dml,,,,N41(50)+N71(15),,371,-71.580000,20.420000,,,,,,,,,,,,,0.008,,,,
113,1,,,-73.9884217,40.7619017,2026-01-23 17:56:45.000,_20260123_125511_CH01_REF_TMO_UDP DL 400MB_NJ DUT REF_L2.dml,,,,N41(50)+N25(15),,371,-77.740000,11.680000,,,,,,,,,,,,,,,,,
114,1,,,-73.9884200,40.7619000,2026-01-23 17:56:46.000,_20260123_125511_CH01_REF_TMO_UDP DL 400MB_NJ DUT REF_L2.dml,,,,N41(50)+N25(15),,371,-77.040000,9.980000,,,,,,,,,,,,,0.008,,,,
115,1,,,-73.9884167,40.7618967,2026-01-23 17:56:47.000,_20260123_125511_CH01_REF_TMO_UDP DL 400MB_NJ DUT REF_L2.dml,,,,N41(50)+N25(15),,371,-75.980000,10.900000,,,,,,,,,,,,,0.000,,,,
116,1,,,-73.9884150,40.7618967,2026-01-23 17:56:48.000,_20260123_125511_CH01_REF_TMO_UDP DL 400MB_NJ DUT REF_L2.dml,,,,N41(50)+N25(15),,371,-78.940000,7.760000,,,,,,,,,,,,,0.000,,,,
117,1,,,-73.9884133,40.7618917,2026-01-23 17:56:49.000,_20260123_125511_CH01_REF_TMO_UDP DL 400MB_NJ DUT REF_L2.dml,,,,N41(50)+N25(15),,371,-77.100000,10.200000,,,,,,,,,,,,,0.000,,,,
118,1,,,-73.9884133,40.7618933,2026-01-23 17:56:50.000,_20260123_125511_CH01_REF_TMO_UDP DL 400MB_NJ DUT REF_L2.dml,,,,N41(50)+N25(15),,371,-75.540000,12.540000,,,,,,,,,,,,,0.000,,,,
119,1,,,-73.9884117,40.7618883,2026-01-23 17:56:51.000,_20260123_125511_CH01_REF_TMO_UDP DL 400MB_NJ DUT REF_L2.dml,,,,N41(50)+N25(15),,371,-74.390000,11.220000,,,,,,,,,,,,,0.000,,,,
120,1,,,-73.9884133,40.7618883,2026-01-23 17:56:52.000,_20260123_125511_CH01_REF_TMO_UDP DL 400MB_NJ DUT REF_L2.dml,,,,N41(50)+N25(15),,371,-76.160000,11.380000,,,,,,,,,,,,,0.000,,,,
121,1,,,-73.9884167,40.7618850,2026-01-23 17:56:53.000,_20260123_125511_CH01_REF_TMO_UDP DL 400MB_NJ DUT REF_L2.dml,,,,N41(50)+N25(15),,371,-74.820000,11.220000,,,,,,,,,,,,,0.000,,,,
122,1,,,-73.9884183,40.7618867,2026-01-23 17:56:54.000,_20260123_125511_CH01_REF_TMO_UDP DL 400MB_NJ DUT REF_L2.dml,,,,N41(50)+N25(15),,371,-74.860000,13.000000,,,,,,,,,,,,,0.000,,,,
123,1,,,-73.9884217,40.7618833,2026-01-23 17:56:55.000,_20260123_125511_CH01_REF_TMO_UDP DL 400MB_NJ DUT REF_L2.dml,,,,N41(40)+N25(x),,371,-73.400000,13.530000,,,,,,,,,,,,,,,,,
124,1,,,-73.9884217,40.7618833,2026-01-23 17:56:56.000,_20260123_125511_CH01_REF_TMO_UDP DL 400MB_NJ DUT REF_L2.dml,,,,,,,,,,,,,,,,,,,,,,,,,
125,1,,,-73.9884300,40.7618850,2026-01-23 17:56:56.519,_20260123_125511_CH01_REF_TMO_UDP DL 400MB_NJ DUT REF_L2.dml,,,,,,,,,,,,,,,,,,,,TIMEOUT_Idle,,,,,
126,1,,,-73.9884300,40.7618850,2026-01-23 17:56:56.519,_20260123_125511_CH01_REF_TMO_UDP DL 400MB_NJ DUT REF_L2.dml,,,,,,,,,,,,,,,,,,,,Iperf Download Call End,,,,,
127,1,,,-73.9884300,40.7618850,2026-01-23 17:56:56.519,_20260123_125511_CH01_REF_TMO_UDP DL 400MB_NJ DUT REF_L2.dml,,,,,,,,,,,,,,,,,,341.525414,,,,,,,
128,1,,,-73.9884300,40.7618850,2026-01-23 17:56:56.519,_20260123_125511_CH01_REF_TMO_UDP DL 400MB_NJ DUT REF_L2.dml,,,,,,,,,,,,,,,,,,,,START,,,,,
129,1,,,-73.9884300,40.7618850,2026-01-23 17:56:56.519,_20260123_125511_CH01_REF_TMO_UDP DL 400MB_NJ DUT REF_L2.dml,,,,,,,,,,,,,,,,,,,,IPERF_T_Start,,,,,
130,1,,,-73.9884300,40.7618850,2026-01-23 17:56:56.519,_20260123_125511_CH01_REF_TMO_UDP DL 400MB_NJ DUT REF_L2.dml,,,,,,,,,,,,,,,,,,,,Iperf Download Call Start,,,,,
131,1,,,-73.9884300,40.7618850,2026-01-23 17:56:57.000,_20260123_125511_CH01_REF_TMO_UDP DL 400MB_NJ DUT REF_L2.dml,,,,N41(40)+N71(x),,371,-75.000000,14.000000,,,,,,,,,,,,,,,,,
132,1,,,-73.9884300,40.7618850,2026-01-23 17:56:57.160,_20260123_125511_CH01_REF_TMO_UDP DL 400MB_NJ DUT REF_L2.dml,,,,,,,,,,,,,,,,,,,,Iperf Download Start,,,,,
133,1,,,-73.9884333,40.7618833,2026-01-23 17:56:58.000,_20260123_125511_CH01_REF_TMO_UDP DL 400MB_NJ DUT REF_L2.dml,,,,N41(50)+N71(15),NR SA,371,-79.240000,11.320000,,,,,,,,,,,,,0.168,,,,
134,1,,,-73.9884367,40.7618833,2026-01-23 17:56:59.000,_20260123_125511_CH01_REF_TMO_UDP DL 400MB_NJ DUT REF_L2.dml,,,,N41(50)+N71(15),NR SA,371,-78.160000,12.400000,0.030000,9.496541,,,,,,296.606,,,,,0.080,,,,
135,1,,,-73.9884400,40.7618817,2026-01-23 17:57:00.000,_20260123_125511_CH01_REF_TMO_UDP DL 400MB_NJ DUT REF_L2.dml,,,,N41(50)+N71(15),NR SA,371,-79.860000,10.980000,0.048000,9.144647,,,,,,263.628,,,,,0.088,,,,
136,1,,,-73.9884450,40.7618783,2026-01-23 17:57:01.000,_20260123_125511_CH01_REF_TMO_UDP DL 400MB_NJ DUT REF_L2.dml,,,,N41(50)+N71(15),NR SA,371,-82.360000,8.080000,0.103000,15.029096,,,,,,263.454,,,,,0.088,,,,
137,1,,,-73.9884533,40.7618767,2026-01-23 17:57:02.000,_20260123_125511_CH01_REF_TMO_UDP DL 400MB_NJ DUT REF_L2.dml,,,,N41(50)+N71(15),NR SA,371,-80.060000,11.160000,0.033000,18.538305,,,,,,276.266,,,,,0.096,,,,
138,1,,,-73.9884617,40.7618767,2026-01-23 17:57:03.000,_20260123_125511_CH01_REF_TMO_UDP DL 400MB_NJ DUT REF_L2.dml,,,,N41(50)+N71(15),NR SA,371,-80.740000,10.700000,0.026000,21.399801,,,,,,269.724,,,,,0.104,,,,
139,1,,,-73.9884650,40.7618783,2026-01-23 17:57:04.000,_20260123_125511_CH01_REF_TMO_UDP DL 400MB_NJ DUT REF_L2.dml,,,,N41(50)+N71(15),NR SA,371,-80.280000,11.850000,0.166000,23.265469,,,,,,294.403,,,,,0.128,,,,
140,1,,,-73.9884667,40.7618750,2026-01-23 17:57:05.000,_20260123_125511_CH01_REF_TMO_UDP DL 400MB_NJ DUT REF_L2.dml,,,,N41(50)+N71(15),NR SA,371,-79.560000,11.750000,0.055000,24.950468,,,,,,238.449,,,,,0.144,,,,
141,1,,,-73.9884567,40.7618683,2026-01-23 17:57:06.000,_20260123_125511_CH01_REF_TMO_UDP DL 400MB_NJ DUT REF_L2.dml,,,,N41(50)+N25(15),NR SA,371,-75.690000,16.620000,0.050000,25.830118,,,,,,257.932,,,,,,,,,
142,1,,,-73.9884517,40.7618633,2026-01-23 17:57:07.000,_20260123_125511_CH01_REF_TMO_UDP DL 400MB_NJ DUT REF_L2.dml,,,,N41(100)+N25(15),NR SA,371,-70.260000,21.640000,0.023000,28.175966,,,,,,290.769,,,,,0.168,,,,
143,1,,,-73.9884517,40.7618633,2026-01-23 17:57:07.175,_20260123_125511_CH01_REF_TMO_UDP DL 400MB_NJ DUT REF_L2.dml,,,,,,,,,,,,,,,,,,,,IPERF_T_End,,,,,
144,1,,,-73.9884483,40.7618617,2026-01-23 17:57:08.000,_20260123_125511_CH01_REF_TMO_UDP DL 400MB_NJ DUT REF_L2.dml,,,,N41(100)+N25(15),NR SA,371,-70.480000,21.040000,0.028000,26.043911,,,,,,416.530,,,,,0.168,,,,
145,1,,,-73.9884483,40.7618583,2026-01-23 17:57:09.000,_20260123_125511_CH01_REF_TMO_UDP DL 400MB_NJ DUT REF_L2.dml,,,,N41(100)+N25(15),,371,-70.180000,21.860000,,,,,,,,,,,,,0.016,,,,
146,1,,,-73.9884500,40.7618600,2026-01-23 17:57:10.000,_20260123_125511_CH01_REF_TMO_UDP DL 400MB_NJ DUT REF_L2.dml,,,,N41(100)+N25(15),,371,-70.000000,22.090000,,,,,,,,,,,,,0.000,,,,
147,1,,,-73.9884483,40.7618583,2026-01-23 17:57:11.000,_20260123_125511_CH01_REF_TMO_UDP DL 400MB_NJ DUT REF_L2.dml,,,,N41(100)+N25(15),,371,-70.240000,21.640000,,,,,,,,,,,,,0.000,,,,
148,1,,,-73.9884433,40.7618583,2026-01-23 17:57:12.000,_20260123_125511_CH01_REF_TMO_UDP DL 400MB_NJ DUT REF_L2.dml,,,,N41(100)+N25(15),,371,-70.820000,20.470000,,,,,,,,,,,,,0.000,,,,
149,1,,,-73.9884383,40.7618583,2026-01-23 17:57:13.000,_20260123_125511_CH01_REF_TMO_UDP DL 400MB_NJ DUT REF_L2.dml,,,,N41(100)+N25(15),,371,-70.720000,21.550000,,,,,,,,,,,,,0.000,,,,
150,1,,,-73.9884350,40.7618567,2026-01-23 17:57:14.000,_20260123_125511_CH01_REF_TMO_UDP DL 400MB_NJ DUT REF_L2.dml,,,,N41(100)+N25(15),,371,-71.280000,22.560000,,,,,,,,,,,,,0.000,,,,
151,1,,,-73.9884300,40.7618583,2026-01-23 17:57:15.000,_20260123_125511_CH01_REF_TMO_UDP DL 400MB_NJ DUT REF_L2.dml,,,,N41(100)+N25(15),,371,-71.120000,21.680000,,,,,,,,,,,,,0.000,,,,
152,1,,,-73.9884317,40.7618583,2026-01-23 17:57:16.000,_20260123_125511_CH01_REF_TMO_UDP DL 400MB_NJ DUT REF_L2.dml,,,,N41(100)+N25(15),,371,-70.760000,21.660000,,,,,,,,,,,,,0.000,,,,
153,1,,,-73.9884450,40.7618567,2026-01-23 17:57:17.000,_20260123_125511_CH01_REF_TMO_UDP DL 400MB_NJ DUT REF_L2.dml,,,,N41(100)+N25(15),,371,-71.280000,20.580000,,,,,,,,,,,,,0.000,,,,
154,1,,,-73.9884450,40.7618600,2026-01-23 17:57:18.000,_20260123_125511_CH01_REF_TMO_UDP DL 400MB_NJ DUT REF_L2.dml,,,,N41(x)+N25(x),,371,-71.000000,21.370000,,,,,,,,,,,,,,,,,
155,1,,,-73.9884550,40.7618567,2026-01-23 17:57:19.000,_20260123_125511_CH01_REF_TMO_UDP DL 400MB_NJ DUT REF_L2.dml,,,,N41(100)+N25(x),,371,-71.620000,20.120000,,,,,,,,,,,,,,,,,
156,1,,,-73.9884617,40.7618583,2026-01-23 17:57:20.000,_20260123_125511_CH01_REF_TMO_UDP DL 400MB_NJ DUT REF_L2.dml,,,,N41(100),,371,-71.000000,21.000000,,,,,,,,,,,,,,,,,
157,1,,,-73.9884700,40.7618633,2026-01-23 17:57:21.000,_20260123_125511_CH01_REF_TMO_UDP DL 400MB_NJ DUT REF_L2.dml,,,,,,,,,,,,,,,,,,,,,,,,,
158,1,,,-73.9884733,40.7618583,2026-01-23 17:57:22.000,_20260123_125511_CH01_REF_TMO_UDP DL 400MB_NJ DUT REF_L2.dml,,,,,,,,,,,,,,,,,,,,,,,,,
159,1,,,-73.9884800,40.7618650,2026-01-23 17:57:23.000,_20260123_125511_CH01_REF_TMO_UDP DL 400MB_NJ DUT REF_L2.dml,,,,N41(100)+N71(x),,371,-71.780000,21.490000,,,,,,,,,,,,,,,,,
160,1,,,-73.9884817,40.7618750,2026-01-23 17:57:24.000,_20260123_125511_CH01_REF_TMO_UDP DL 400MB_NJ DUT REF_L2.dml,,,,N41(100)+N71(15),,371,-71.980000,21.980000,,,,,,,,,,,,,0.064,,,,
161,1,,,-73.9884850,40.7618717,2026-01-23 17:57:25.000,_20260123_125511_CH01_REF_TMO_UDP DL 400MB_NJ DUT REF_L2.dml,,,,N41(100)+N71(15),,371,-72.020000,21.220000,,,,,,,,,,,,,0.000,,,,
162,1,,,-73.9884883,40.7618817,2026-01-23 17:57:26.000,_20260123_125511_CH01_REF_TMO_UDP DL 400MB_NJ DUT REF_L2.dml,,,,N41(100)+N71(15),,371,-72.540000,21.180000,,,,,,,,,,,,,0.000,,,,
163,1,,,-73.9885067,40.7618833,2026-01-23 17:57:27.000,_20260123_125511_CH01_REF_TMO_UDP DL 400MB_NJ DUT REF_L2.dml,,,,N41(100)+N71(15),,371,-71.980000,20.640000,,,,,,,,,,,,,0.000,,,,
164,1,,,-73.9885067,40.7618833,2026-01-23 17:57:27.191,_20260123_125511_CH01_REF_TMO_UDP DL 400MB_NJ DUT REF_L2.dml,,,,,,,,,,,,,,,,,,,,TIMEOUT_Idle,,,,,
165,1,,,-73.9885067,40.7618833,2026-01-23 17:57:27.191,_20260123_125511_CH01_REF_TMO_UDP DL 400MB_NJ DUT REF_L2.dml,,,,,,,,,,,,,,,,,,,,Iperf Download Call End,,,,,
166,1,,,-73.9885067,40.7618833,2026-01-23 17:57:27.191,_20260123_125511_CH01_REF_TMO_UDP DL 400MB_NJ DUT REF_L2.dml,,,,,,,,,,,,,,,,,,286.776643,,,,,,,
167,1,,,-73.9885067,40.7618833,2026-01-23 17:57:27.191,_20260123_125511_CH01_REF_TMO_UDP DL 400MB_NJ DUT REF_L2.dml,,,,,,,,,,,,,,,,,,,,START,,,,,
168,1,,,-73.9885067,40.7618833,2026-01-23 17:57:27.191,_20260123_125511_CH01_REF_TMO_UDP DL 400MB_NJ DUT REF_L2.dml,,,,,,,,,,,,,,,,,,,,IPERF_T_Start,,,,,
169,1,,,-73.9885067,40.7618833,2026-01-23 17:57:27.191,_20260123_125511_CH01_REF_TMO_UDP DL 400MB_NJ DUT REF_L2.dml,,,,,,,,,,,,,,,,,,,,Iperf Download Call Start,,,,,
170,1,,,-73.9885083,40.7618883,2026-01-23 17:57:27.629,_20260123_125511_CH01_REF_TMO_UDP DL 400MB_NJ DUT REF_L2.dml,,,,,,,,,,,,,,,,,,,,Iperf Download Start,,,,,
171,1,,,-73.9885083,40.7618883,2026-01-23 17:57:28.000,_20260123_125511_CH01_REF_TMO_UDP DL 400MB_NJ DUT REF_L2.dml,,,,N41(100)+N71(15),NR SA,371,-72.060000,22.280000,,,,,,,,,,,,,0.000,,,,
172,1,,,-73.9885200,40.7618883,2026-01-23 17:57:29.000,_20260123_125511_CH01_REF_TMO_UDP DL 400MB_NJ DUT REF_L2.dml,,,,N41(100)+N71(15),NR SA,371,-72.180000,20.800000,0.045000,11.788747,,,,,,332.480,,,,,0.104,,,,
173,1,,,-73.9885233,40.7618900,2026-01-23 17:57:30.000,_20260123_125511_CH01_REF_TMO_UDP DL 400MB_NJ DUT REF_L2.dml,,,,N41(100)+N71(15),NR SA,371,-72.410000,22.110000,0.058000,15.737628,,,,,,328.206,,,,,0.152,,,,
174,1,,,-73.9885283,40.7618900,2026-01-23 17:57:31.000,_20260123_125511_CH01_REF_TMO_UDP DL 400MB_NJ DUT REF_L2.dml,,,,N41(50)+N71(15),NR SA,371,-76.930000,15.110000,0.026000,14.695054,,,,,,254.244,,,,,,,,,
175,1,,,-73.9885300,40.7618917,2026-01-23 17:57:32.000,_20260123_125511_CH01_REF_TMO_UDP DL 400MB_NJ DUT REF_L2.dml,,,,N41(50)+N71(15),NR SA,371,-78.660000,11.840000,0.083000,13.928355,,,,,,273.890,,,,,0.088,,,,
176,1,,,-73.9885300,40.7618917,2026-01-23 17:57:33.000,_20260123_125511_CH01_REF_TMO_UDP DL 400MB_NJ DUT REF_L2.dml,,,,N41(50)+N71(15),NR SA,371,-77.540000,13.080000,0.026000,17.194281,,,,,,260.026,,,,,0.104,,,,
177,1,,,-73.9885300,40.7618917,2026-01-23 17:57:34.000,_20260123_125511_CH01_REF_TMO_UDP DL 400MB_NJ DUT REF_L2.dml,,,,N41(50)+N71(15),NR SA,371,-77.840000,13.460000,0.099000,19.279781,,,,,,240.890,,,,,0.096,,,,
178,1,,,-73.9885300,40.7618917,2026-01-23 17:57:35.000,_20260123_125511_CH01_REF_TMO_UDP DL 400MB_NJ DUT REF_L2.dml,,,,N41(50)+N71(15),NR SA,371,-77.660000,15.320000,0.121000,23.340691,,,,,,246.792,,,,,0.112,,,,
179,1,,,-73.9885300,40.7618917,2026-01-23 17:57:36.000,_20260123_125511_CH01_REF_TMO_UDP DL 400MB_NJ DUT REF_L2.dml,,,,N41(50)+N71(15),NR SA,371,-77.720000,15.080000,0.092000,24.231157,,,,,,232.060,,,,,0.112,,,,
180,1,,,-73.9885300,40.7618917,2026-01-23 17:57:37.000,_20260123_125511_CH01_REF_TMO_UDP DL 400MB_NJ DUT REF_L2.dml,,,,N41(50)+N71(15),NR SA,371,-77.900000,14.950000,0.047000,27.896463,,,,,,203.562,,,,,0.104,,,,
181,1,,,-73.9885300,40.7618917,2026-01-23 17:57:37.644,_20260123_125511_CH01_REF_TMO_UDP DL 400MB_NJ DUT REF_L2.dml,,,,,,,,,,,,,,,,,,,,IPERF_T_End,,,,,
182,1,,,-73.9885300,40.7618917,2026-01-23 17:57:38.000,_20260123_125511_CH01_REF_TMO_UDP DL 400MB_NJ DUT REF_L2.dml,,,,N41(50)+N71(15),NR SA,371,-77.710000,15.620000,0.028000,29.595665,,,,,,241.324,,,,,0.096,,,,
183,1,,,-73.9885300,40.7618917,2026-01-23 17:57:39.000,_20260123_125511_CH01_REF_TMO_UDP DL 400MB_NJ DUT REF_L2.dml,,,,N41(100)+N25(15),,371,-72.650000,20.480000,,,,,,,,,,,,,,,,,
184,1,,,-73.9885300,40.7618917,2026-01-23 17:57:40.000,_20260123_125511_CH01_REF_TMO_UDP DL 400MB_NJ DUT REF_L2.dml,,,,N41(100)+N25(15),,371,-70.860000,20.880000,,,,,,,,,,,,,0.040,,,,
185,1,,,-73.9885300,40.7618917,2026-01-23 17:57:41.000,_20260123_125511_CH01_REF_TMO_UDP DL 400MB_NJ DUT REF_L2.dml,,,,N41(100)+N25(15),,371,-70.980000,20.740000,,,,,,,,,,,,,0.000,,,,
186,1,,,-73.9885300,40.7618917,2026-01-23 17:57:42.000,_20260123_125511_CH01_REF_TMO_UDP DL 400MB_NJ DUT REF_L2.dml,,,,N41(100)+N25(15),,371,-70.920000,20.500000,,,,,,,,,,,,,0.000,,,,
187,1,,,-73.9885300,40.7618917,2026-01-23 17:57:43.000,_20260123_125511_CH01_REF_TMO_UDP DL 400MB_NJ DUT REF_L2.dml,,,,N41(100)+N25(15),,371,-70.460000,21.140000,,,,,,,,,,,,,0.000,,,,
188,1,,,-73.9885300,40.7618917,2026-01-23 17:57:44.000,_20260123_125511_CH01_REF_TMO_UDP DL 400MB_NJ DUT REF_L2.dml,,,,N41(100)+N25(15),,371,-70.020000,21.420000,,,,,,,,,,,,,0.000,,,,
189,1,,,-73.9885300,40.7618917,2026-01-23 17:57:45.000,_20260123_125511_CH01_REF_TMO_UDP DL 400MB_NJ DUT REF_L2.dml,,,,N41(100)+N25(15),,371,-70.150000,20.980000,,,,,,,,,,,,,0.000,,,,
190,1,,,-73.9885300,40.7618917,2026-01-23 17:57:46.000,_20260123_125511_CH01_REF_TMO_UDP DL 400MB_NJ DUT REF_L2.dml,,,,N41(100)+N25(15),,371,-70.680000,20.740000,,,,,,,,,,,,,0.008,,,,
191,1,,,-73.9885300,40.7618917,2026-01-23 17:57:47.000,_20260123_125511_CH01_REF_TMO_UDP DL 400MB_NJ DUT REF_L2.dml,,,,N41(100)+N25(15),,371,-70.180000,20.910000,,,,,,,,,,,,,0.000,,,,
192,1,,,-73.9885300,40.7618917,2026-01-23 17:57:48.000,_20260123_125511_CH01_REF_TMO_UDP DL 400MB_NJ DUT REF_L2.dml,,,,N41(100)+N25(15),,371,-70.160000,20.740000,,,,,,,,,,,,,0.000,,,,
193,1,,,-73.9885300,40.7618917,2026-01-23 17:57:49.000,_20260123_125511_CH01_REF_TMO_UDP DL 400MB_NJ DUT REF_L2.dml,,,,N41(100)+N25(15),,371,-70.300000,20.120000,,,,,,,,,,,,,0.000,,,,
194,1,,,-73.9883750,40.7619350,2026-01-23 17:57:50.000,_20260123_125511_CH01_REF_TMO_UDP DL 400MB_NJ DUT REF_L2.dml,,,,N41(100)+N25(15),,371,-70.340000,21.620000,,,,,,,,,,,,,0.032,,,,
195,1,,,-73.9884000,40.7619333,2026-01-23 17:57:51.000,_20260123_125511_CH01_REF_TMO_UDP DL 400MB_NJ DUT REF_L2.dml,,,,N41(100)+N25(15),,371,-70.900000,21.160000,,,,,,,,,,,,,,,,,
196,1,,,-73.9884000,40.7619333,2026-01-23 17:57:52.000,_20260123_125511_CH01_REF_TMO_UDP DL 400MB_NJ DUT REF_L2.dml,,,,N41(100)+N25(15),,371,-70.300000,21.420000,,,,,,,,,,,,,0.000,,,,
197,1,,,-73.9884000,40.7619333,2026-01-23 17:57:53.000,_20260123_125511_CH01_REF_TMO_UDP DL 400MB_NJ DUT REF_L2.dml,,,,N41(100)+N25(15),,371,-70.820000,22.020000,,,,,,,,,,,,,0.000,,,,
198,1,,,-73.9884000,40.7619333,2026-01-23 17:57:54.000,_20260123_125511_CH01_REF_TMO_UDP DL 400MB_NJ DUT REF_L2.dml,,,,N41(100)+N25(15),,371,-70.680000,21.440000,,,,,,,,,,,,,0.000,,,,
199,1,,,-73.9884000,40.7619333,2026-01-23 17:57:55.000,_20260123_125511_CH01_REF_TMO_UDP DL 400MB_NJ DUT REF_L2.dml,,,,N41(100)+N25(15),,371,-70.300000,21.780000,,,,,,,,,,,,,0.000,,,,
200,1,,,-73.9884000,40.7619333,2026-01-23 17:57:56.000,_20260123_125511_CH01_REF_TMO_UDP DL 400MB_NJ DUT REF_L2.dml,,,,N41(100)+N25(15),,371,-70.440000,22.400000,,,,,,,,,,,,,0.000,,,,
201,1,,,-73.9884000,40.7619333,2026-01-23 17:57:57.000,_20260123_125511_CH01_REF_TMO_UDP DL 400MB_NJ DUT REF_L2.dml,,,,N41(100)+N25(15),,371,-70.280000,22.360000,,,,,,,,,,,,,0.000,,,,
202,1,,,-73.9884000,40.7619333,2026-01-23 17:57:57.660,_20260123_125511_CH01_REF_TMO_UDP DL 400MB_NJ DUT REF_L2.dml,,,,,,,,,,,,,,,,,,,,TIMEOUT_Idle,,,,,
203,1,,,-73.9884000,40.7619333,2026-01-23 17:57:57.660,_20260123_125511_CH01_REF_TMO_UDP DL 400MB_NJ DUT REF_L2.dml,,,,,,,,,,,,,,,,,,,,Iperf Download Call End,,,,,
204,1,,,-73.9884000,40.7619333,2026-01-23 17:57:57.660,_20260123_125511_CH01_REF_TMO_UDP DL 400MB_NJ DUT REF_L2.dml,,,,,,,,,,,,,,,,,,261.347846,,,,,,,
205,1,,,-73.9884000,40.7619333,2026-01-23 17:57:57.660,_20260123_125511_CH01_REF_TMO_UDP DL 400MB_NJ DUT REF_L2.dml,,,,,,,,,,,,,,,,,,,,START,,,,,
206,1,,,-73.9884000,40.7619333,2026-01-23 17:57:57.660,_20260123_125511_CH01_REF_TMO_UDP DL 400MB_NJ DUT REF_L2.dml,,,,,,,,,,,,,,,,,,,,IPERF_T_Start,,,,,
207,1,,,-73.9884000,40.7619333,2026-01-23 17:57:57.660,_20260123_125511_CH01_REF_TMO_UDP DL 400MB_NJ DUT REF_L2.dml,,,,,,,,,,,,,,,,,,,,Iperf Download Call Start,,,,,
208,1,,,-73.9884000,40.7619333,2026-01-23 17:57:58.000,_20260123_125511_CH01_REF_TMO_UDP DL 400MB_NJ DUT REF_L2.dml,,,,N41(100)+N25(15),,371,-70.540000,21.940000,,,,,,,,,,,,,0.000,,,,
209,1,,,-73.9884000,40.7619333,2026-01-23 17:57:58.129,_20260123_125511_CH01_REF_TMO_UDP DL 400MB_NJ DUT REF_L2.dml,,,,,,,,,,,,,,,,,,,,Iperf Download Start,,,,,
210,1,,,-73.9884000,40.7619333,2026-01-23 17:57:59.000,_20260123_125511_CH01_REF_TMO_UDP DL 400MB_NJ DUT REF_L2.dml,,,,N41(100)+N25(15),NR SA,371,-70.360000,21.930000,,,,,,,,,,,,,0.024,,,,
211,1,,,-73.9884000,40.7619333,2026-01-23 17:58:00.000,_20260123_125511_CH01_REF_TMO_UDP DL 400MB_NJ DUT REF_L2.dml,,,,N41(100)+N25(15),NR SA,371,-70.000000,22.210000,0.027000,14.221499,,,,,,314.657,,,,,0.136,,,,
212,1,,,-73.9884000,40.7619333,2026-01-23 17:58:01.000,_20260123_125511_CH01_REF_TMO_UDP DL 400MB_NJ DUT REF_L2.dml,,,,N41(100)+N25(15),NR SA,371,-70.000000,22.660000,0.024000,14.430081,,,,,,369.667,,,,,0.152,,,,
213,1,,,-73.9884000,40.7619333,2026-01-23 17:58:02.000,_20260123_125511_CH01_REF_TMO_UDP DL 400MB_NJ DUT REF_L2.dml,,,,N41(100)+N25(15),NR SA,371,-70.000000,22.800000,0.027000,12.511295,,,,,,366.000,,,,,0.152,,,,
214,1,,,-73.9884000,40.7619333,2026-01-23 17:58:03.000,_20260123_125511_CH01_REF_TMO_UDP DL 400MB_NJ DUT REF_L2.dml,,,,N41(100)+N25(15),NR SA,371,-69.980000,22.620000,0.029000,12.163473,,,,,,334.595,,,,,0.144,,,,
215,1,,,-73.9884000,40.7619333,2026-01-23 17:58:04.000,_20260123_125511_CH01_REF_TMO_UDP DL 400MB_NJ DUT REF_L2.dml,,,,N41(100)+N25(15),NR SA,371,-70.040000,23.000000,0.024000,11.349077,,,,,,377.521,,,,,0.128,,,,
216,1,,,-73.9884000,40.7619333,2026-01-23 17:58:05.000,_20260123_125511_CH01_REF_TMO_UDP DL 400MB_NJ DUT REF_L2.dml,,,,N41(100)+N25(15),NR SA,371,-70.760000,23.220000,0.023000,11.157937,,,,,,368.929,,,,,0.152,,,,
217,1,,,-73.9884000,40.7619333,2026-01-23 17:58:06.000,_20260123_125511_CH01_REF_TMO_UDP DL 400MB_NJ DUT REF_L2.dml,,,,N41(100)+N25(15),NR SA,371,-69.930000,23.680000,0.028000,10.953142,,,,,,362.876,,,,,0.136,,,,
218,1,,,-73.9884000,40.7619333,2026-01-23 17:58:07.000,_20260123_125511_CH01_REF_TMO_UDP DL 400MB_NJ DUT REF_L2.dml,,,,N41(100)+N25(15),NR SA,371,-70.730000,22.030000,0.024000,11.838140,,,,,,314.266,,,,,0.152,,,,
219,1,,,-73.9884000,40.7619333,2026-01-23 17:58:08.000,_20260123_125511_CH01_REF_TMO_UDP DL 400MB_NJ DUT REF_L2.dml,,,,N41(100)+N71(15),NR SA,371,-77.670000,12.780000,3.586000,11.933526,,,,,,299.242,,,,,,,,,
220,1,,,-73.9884000,40.7619333,2026-01-23 17:58:08.129,_20260123_125511_CH01_REF_TMO_UDP DL 400MB_NJ DUT REF_L2.dml,,,,,,,,,,,,,,,,,,,,IPERF_T_End,,,,,
221,1,,,-73.9884000,40.7619333,2026-01-23 17:58:09.000,_20260123_125511_CH01_REF_TMO_UDP DL 400MB_NJ DUT REF_L2.dml,,,,N41(50)+N71(15),NR SA,371,-79.800000,10.720000,0.023000,11.470004,,,,,,244.589,,,,,0.088,,,,
222,1,,,-73.9884000,40.7619333,2026-01-23 17:58:10.000,_20260123_125511_CH01_REF_TMO_UDP DL 400MB_NJ DUT REF_L2.dml,,,,N41(50)+N71(15),,371,-79.500000,10.720000,,,,,,,,,,,,,0.104,,,,
223,1,,,-73.9884000,40.7619333,2026-01-23 17:58:11.000,_20260123_125511_CH01_REF_TMO_UDP DL 400MB_NJ DUT REF_L2.dml,,,,N41(50)+N71(15),,371,-79.900000,10.040000,,,,,,,,,,,,,0.000,,,,
224,1,,,-73.9884000,40.7619333,2026-01-23 17:58:12.000,_20260123_125511_CH01_REF_TMO_UDP DL 400MB_NJ DUT REF_L2.dml,,,,N41(50)+N71(15),,371,-78.900000,10.900000,,,,,,,,,,,,,0.000,,,,
225,1,,,-73.9884000,40.7619333,2026-01-23 17:58:13.000,_20260123_125511_CH01_REF_TMO_UDP DL 400MB_NJ DUT REF_L2.dml,,,,N41(50)+N71(15),,371,-79.720000,10.760000,,,,,,,,,,,,,0.000,,,,
226,1,,,-73.9884000,40.7619333,2026-01-23 17:58:14.000,_20260123_125511_CH01_REF_TMO_UDP DL 400MB_NJ DUT REF_L2.dml,,,,N41(50)+N71(15),,371,-79.270000,11.560000,,,,,,,,,,,,,0.008,,,,
227,1,,,-73.9884000,40.7619333,2026-01-23 17:58:15.000,_20260123_125511_CH01_REF_TMO_UDP DL 400MB_NJ DUT REF_L2.dml,,,,N41(50)+N71(15),,371,-73.000000,20.240000,,,,,,,,,,,,,,,,,
228,1,,,-73.9884000,40.7619333,2026-01-23 17:58:16.000,_20260123_125511_CH01_REF_TMO_UDP DL 400MB_NJ DUT REF_L2.dml,,,,N41(100)+N71(15),,371,-70.560000,23.560000,,,,,,,,,,,,,0.000,,,,
229,1,,,-73.9884000,40.7619333,2026-01-23 17:58:17.000,_20260123_125511_CH01_REF_TMO_UDP DL 400MB_NJ DUT REF_L2.dml,,,,N41(100)+N71(15),,371,-70.640000,23.020000,,,,,,,,,,,,,0.000,,,,
230,1,,,-73.9884000,40.7619333,2026-01-23 17:58:18.000,_20260123_125511_CH01_REF_TMO_UDP DL 400MB_NJ DUT REF_L2.dml,,,,N41(100)+N71(15),,371,-70.560000,22.080000,,,,,,,,,,,,,0.000,,,,
231,1,,,-73.9884000,40.7619333,2026-01-23 17:58:19.000,_20260123_125511_CH01_REF_TMO_UDP DL 400MB_NJ DUT REF_L2.dml,,,,N41(100)+N71(15),,371,-70.580000,22.260000,,,,,,,,,,,,,0.000,,,,
232,1,,,-73.9884000,40.7619333,2026-01-23 17:58:20.000,_20260123_125511_CH01_REF_TMO_UDP DL 400MB_NJ DUT REF_L2.dml,,,,N41(100)+N71(15),,371,-70.020000,22.860000,,,,,,,,,,,,,0.000,,,,
233,1,,,-73.9884000,40.7619333,2026-01-23 17:58:21.000,_20260123_125511_CH01_REF_TMO_UDP DL 400MB_NJ DUT REF_L2.dml,,,,N41(100)+N71(15),,371,-70.370000,22.710000,,,,,,,,,,,,,0.000,,,,
234,1,,,-73.9884000,40.7619333,2026-01-23 17:58:22.000,_20260123_125511_CH01_REF_TMO_UDP DL 400MB_NJ DUT REF_L2.dml,,,,N41(100)+N71(15),,371,-73.490000,19.170000,,,,,,,,,,,,,0.000,,,,
235,1,,,-73.9884000,40.7619333,2026-01-23 17:58:23.000,_20260123_125511_CH01_REF_TMO_UDP DL 400MB_NJ DUT REF_L2.dml,,,,N41(50)+N71(15),,371,-78.900000,13.900000,,,,,,,,,,,,,0.000,,,,
236,1,,,-73.9884000,40.7619333,2026-01-23 17:58:24.000,_20260123_125511_CH01_REF_TMO_UDP DL 400MB_NJ DUT REF_L2.dml,,,,N41(50)+N71(15),,371,-78.260000,14.100000,,,,,,,,,,,,,0.000,,,,
237,1,,,-73.9884000,40.7619333,2026-01-23 17:58:25.000,_20260123_125511_CH01_REF_TMO_UDP DL 400MB_NJ DUT REF_L2.dml,,,,N41(50)+N71(15),,371,-79.400000,12.680000,,,,,,,,,,,,,0.000,,,,
238,1,,,-73.9884000,40.7619333,2026-01-23 17:58:26.000,_20260123_125511_CH01_REF_TMO_UDP DL 400MB_NJ DUT REF_L2.dml,,,,N41(50)+N71(15),,371,-78.740000,13.740000,,,,,,,,,,,,,0.000,,,,
239,1,,,-73.9884000,40.7619333,2026-01-23 17:58:27.000,_20260123_125511_CH01_REF_TMO_UDP DL 400MB_NJ DUT REF_L2.dml,,,,N41(50)+N71(15),,371,-79.100000,13.000000,,,,,,,,,,,,,0.000,,,,
240,1,,,-73.9884000,40.7619333,2026-01-23 17:58:28.000,_20260123_125511_CH01_REF_TMO_UDP DL 400MB_NJ DUT REF_L2.dml,,,,N41(50)+N71(15),,371,-78.760000,14.040000,,,,,,,,,,,,,0.000,,,,
241,1,,,-73.9884000,40.7619333,2026-01-23 17:58:28.129,_20260123_125511_CH01_REF_TMO_UDP DL 400MB_NJ DUT REF_L2.dml,,,,,,,,,,,,,,,,,,,,TIMEOUT_Idle,,,,,
242,1,,,-73.9884000,40.7619333,2026-01-23 17:58:28.129,_20260123_125511_CH01_REF_TMO_UDP DL 400MB_NJ DUT REF_L2.dml,,,,,,,,,,,,,,,,,,,,Iperf Download Call End,,,,,
243,1,,,-73.9884000,40.7619333,2026-01-23 17:58:28.129,_20260123_125511_CH01_REF_TMO_UDP DL 400MB_NJ DUT REF_L2.dml,,,,,,,,,,,,,,,,,,335.234659,,,,,,,
244,1,,,-73.9884000,40.7619333,2026-01-23 17:58:28.129,_20260123_125511_CH01_REF_TMO_UDP DL 400MB_NJ DUT REF_L2.dml,,,,,,,,,,,,,,,,,,,,START,,,,,
245,1,,,-73.9884000,40.7619333,2026-01-23 17:58:28.129,_20260123_125511_CH01_REF_TMO_UDP DL 400MB_NJ DUT REF_L2.dml,,,,,,,,,,,,,,,,,,,,IPERF_T_Start,,,,,
246,1,,,-73.9884000,40.7619333,2026-01-23 17:58:28.129,_20260123_125511_CH01_REF_TMO_UDP DL 400MB_NJ DUT REF_L2.dml,,,,,,,,,,,,,,,,,,,,Iperf Download Call Start,,,,,
247,1,,,-73.9884000,40.7619333,2026-01-23 17:58:28.581,_20260123_125511_CH01_REF_TMO_UDP DL 400MB_NJ DUT REF_L2.dml,,,,,,,,,,,,,,,,,,,,Iperf Download Start,,,,,
248,1,,,-73.9884000,40.7619333,2026-01-23 17:58:29.000,_20260123_125511_CH01_REF_TMO_UDP DL 400MB_NJ DUT REF_L2.dml,,,,N41(50)+N71(15),NR SA,371,-78.580000,13.490000,,,,,,,,,,,,,0.040,,,,
249,1,,,-73.9884000,40.7619333,2026-01-23 17:58:30.000,_20260123_125511_CH01_REF_TMO_UDP DL 400MB_NJ DUT REF_L2.dml,,,,N41(50)+N71(15),NR SA,371,-77.880000,13.940000,0.024000,11.476258,,,,,,222.666,,,,,0.080,,,,
250,1,,,-73.9884000,40.7619333,2026-01-23 17:58:31.000,_20260123_125511_CH01_REF_TMO_UDP DL 400MB_NJ DUT REF_L2.dml,,,,N41(50)+N71(15),NR SA,371,-79.360000,13.460000,0.081000,17.958338,,,,,,206.708,,,,,0.096,,,,
251,1,,,-73.9884000,40.7619333,2026-01-23 17:58:32.000,_20260123_125511_CH01_REF_TMO_UDP DL 400MB_NJ DUT REF_L2.dml,,,,N41(50)+N71(15),NR SA,371,-80.820000,12.300000,0.046000,22.766579,,,,,,199.440,,,,,0.128,,,,
252,1,,,-73.9884000,40.7619333,2026-01-23 17:58:33.000,_20260123_125511_CH01_REF_TMO_UDP DL 400MB_NJ DUT REF_L2.dml,,,,N41(50)+N71(15),NR SA,371,-80.820000,12.400000,0.046000,27.203072,,,,,,195.719,,,,,0.136,,,,
253,1,,,-73.9884000,40.7619333,2026-01-23 17:58:34.000,_20260123_125511_CH01_REF_TMO_UDP DL 400MB_NJ DUT REF_L2.dml,,,,N41(50)+N71(15),NR SA,371,-81.920000,10.740000,0.087000,33.609642,,,,,,238.916,,,,,0.136,,,,
254,1,,,-73.9884000,40.7619333,2026-01-23 17:58:35.000,_20260123_125511_CH01_REF_TMO_UDP DL 400MB_NJ DUT REF_L2.dml,,,,N41(50)+N71(15),NR SA,371,-81.950000,10.640000,0.036000,35.163227,,,,,,239.165,,,,,0.120,,,,
255,1,,,-73.9884000,40.7619333,2026-01-23 17:58:36.000,_20260123_125511_CH01_REF_TMO_UDP DL 400MB_NJ DUT REF_L2.dml,,,,N41(100)+N71(15),NR SA,371,-80.240000,12.050000,0.027000,36.461021,,,,,,230.693,,,,,,,,,
256,1,,,-73.9884000,40.7619333,2026-01-23 17:58:37.000,_20260123_125511_CH01_REF_TMO_UDP DL 400MB_NJ DUT REF_L2.dml,,,,N41(100)+N71(15),NR SA,371,-70.920000,21.020000,0.060000,41.776234,,,,,,205.667,,,,,,,,,
257,1,,,-73.9884000,40.7619333,2026-01-23 17:58:38.000,_20260123_125511_CH01_REF_TMO_UDP DL 400MB_NJ DUT REF_L2.dml,,,,N41(100)+N71(15),NR SA,371,-71.320000,21.060000,0.021000,39.078499,,,,,,340.106,,,,,0.272,,,,
258,1,,,-73.9884000,40.7619333,2026-01-23 17:58:38.581,_20260123_125511_CH01_REF_TMO_UDP DL 400MB_NJ DUT REF_L2.dml,,,,,,,,,,,,,,,,,,,,IPERF_T_End,,,,,
259,1,,,-73.9884000,40.7619333,2026-01-23 17:58:39.000,_20260123_125511_CH01_REF_TMO_UDP DL 400MB_NJ DUT REF_L2.dml,,,,N41(100)+N71(15),NR SA,371,-70.780000,21.000000,0.046000,36.521198,,,,,,373.952,,,,,0.152,,,,
260,1,,,-73.9884000,40.7619333,2026-01-23 17:58:40.000,_20260123_125511_CH01_REF_TMO_UDP DL 400MB_NJ DUT REF_L2.dml,,,,N41(100)+N71(15),,371,-70.500000,20.240000,,,,,,,,,,,,,0.048,,,,
261,1,,,-73.9884000,40.7619333,2026-01-23 17:58:41.000,_20260123_125511_CH01_REF_TMO_UDP DL 400MB_NJ DUT REF_L2.dml,,,,N41(100)+N71(15),,371,-71.160000,19.860000,,,,,,,,,,,,,0.008,,,,
262,1,,,-73.9884000,40.7619333,2026-01-23 17:58:42.000,_20260123_125511_CH01_REF_TMO_UDP DL 400MB_NJ DUT REF_L2.dml,,,,N41(100)+N71(15),,371,-70.880000,21.340000,,,,,,,,,,,,,,,,,
263,1,,,-73.9884000,40.7619333,2026-01-23 17:58:43.000,_20260123_125511_CH01_REF_TMO_UDP DL 400MB_NJ DUT REF_L2.dml,,,,N41(100)+N71(15),,371,-70.740000,21.740000,,,,,,,,,,,,,,,,,
264,1,,,-73.9884000,40.7619333,2026-01-23 17:58:44.000,_20260123_125511_CH01_REF_TMO_UDP DL 400MB_NJ DUT REF_L2.dml,,,,N41(100)+N71(15),,371,-70.920000,19.570000,,,,,,,,,,,,,0.000,,,,
265,1,,,-73.9884000,40.7619333,2026-01-23 17:58:45.000,_20260123_125511_CH01_REF_TMO_UDP DL 400MB_NJ DUT REF_L2.dml,,,,N41(100)+N71(15),,371,-71.080000,19.820000,,,,,,,,,,,,,0.000,,,,
266,1,,,-73.9884000,40.7619333,2026-01-23 17:58:46.000,_20260123_125511_CH01_REF_TMO_UDP DL 400MB_NJ DUT REF_L2.dml,,,,N41(100)+N71(15),,371,-70.640000,21.040000,,,,,,,,,,,,,0.000,,,,
267,1,,,-73.9884000,40.7619333,2026-01-23 17:58:47.000,_20260123_125511_CH01_REF_TMO_UDP DL 400MB_NJ DUT REF_L2.dml,,,,N41(100)+N71(15),,371,-72.140000,19.160000,,,,,,,,,,,,,0.000,,,,
268,1,,,-73.9884000,40.7619333,2026-01-23 17:58:48.000,_20260123_125511_CH01_REF_TMO_UDP DL 400MB_NJ DUT REF_L2.dml,,,,N41(100)+N71(15),,371,-71.400000,21.040000,,,,,,,,,,,,,0.000,,,,
269,1,,,-73.9884000,40.7619333,2026-01-23 17:58:49.000,_20260123_125511_CH01_REF_TMO_UDP DL 400MB_NJ DUT REF_L2.dml,,,,N41(100)+N71(15),,371,-70.820000,21.220000,,,,,,,,,,,,,0.000,,,,
270,1,,,-73.9884000,40.7619333,2026-01-23 17:58:50.000,_20260123_125511_CH01_REF_TMO_UDP DL 400MB_NJ DUT REF_L2.dml,,,,N41(100)+N71(15),,371,-70.570000,21.430000,,,,,,,,,,,,,,,,,
271,1,,,-73.9884000,40.7619333,2026-01-23 17:58:51.000,_20260123_125511_CH01_REF_TMO_UDP DL 400MB_NJ DUT REF_L2.dml,,,,N41(x)+N71(x),,371,-70.000000,22.410000,,,,,,,,,,,,,0.000,,,,
272,1,,,-73.9884000,40.7619333,2026-01-23 17:58:52.000,_20260123_125511_CH01_REF_TMO_UDP DL 400MB_NJ DUT REF_L2.dml,,,,N41(100)+N71(x),,371,-70.330000,21.830000,,,,,,,,,,,,,,,,,
273,1,,,-73.9884000,40.7619333,2026-01-23 17:58:53.000,_20260123_125511_CH01_REF_TMO_UDP DL 400MB_NJ DUT REF_L2.dml,,,,,,,,,,,,,,,,,,,,,,,,,
274,1,,,-73.9884000,40.7619333,2026-01-23 17:58:54.000,_20260123_125511_CH01_REF_TMO_UDP DL 400MB_NJ DUT REF_L2.dml,,,,,,,,,,,,,,,,,,,,,,,,,
275,1,,,-73.9884000,40.7619333,2026-01-23 17:58:55.000,_20260123_125511_CH01_REF_TMO_UDP DL 400MB_NJ DUT REF_L2.dml,,,,,,,,,,,,,,,,,,,,,,,,,
276,1,,,-73.9880950,40.7624700,2026-01-23 17:58:56.000,_20260123_125511_CH01_REF_TMO_UDP DL 400MB_NJ DUT REF_L2.dml,,,,,,,,,,,,,,,,,,,,,,,,,
277,1,,,-73.9880900,40.7624883,2026-01-23 17:58:57.000,_20260123_125511_CH01_REF_TMO_UDP DL 400MB_NJ DUT REF_L2.dml,,,,,,,,,,,,,,,,,,,,,,,,,
278,1,,,-73.9880783,40.7625000,2026-01-23 17:58:58.581,_20260123_125511_CH01_REF_TMO_UDP DL 400MB_NJ DUT REF_L2.dml,,,,,,,,,,,,,,,,,,,,TIMEOUT_Idle,,,,,
279,1,,,-73.9880783,40.7625000,2026-01-23 17:58:58.581,_20260123_125511_CH01_REF_TMO_UDP DL 400MB_NJ DUT REF_L2.dml,,,,,,,,,,,,,,,,,,,,Iperf Download Call End,,,,,
280,1,,,-73.9880783,40.7625000,2026-01-23 17:58:58.581,_20260123_125511_CH01_REF_TMO_UDP DL 400MB_NJ DUT REF_L2.dml,,,,,,,,,,,,,,,,,,245.303654,,,,,,,
281,1,,,-73.9880783,40.7625000,2026-01-23 17:58:58.581,_20260123_125511_CH01_REF_TMO_UDP DL 400MB_NJ DUT REF_L2.dml,,,,,,,,,,,,,,,,,,,,START,,,,,
282,1,,,-73.9880783,40.7625000,2026-01-23 17:58:58.581,_20260123_125511_CH01_REF_TMO_UDP DL 400MB_NJ DUT REF_L2.dml,,,,,,,,,,,,,,,,,,,,IPERF_T_Start,,,,,
283,1,,,-73.9880783,40.7625000,2026-01-23 17:58:58.581,_20260123_125511_CH01_REF_TMO_UDP DL 400MB_NJ DUT REF_L2.dml,,,,,,,,,,,,,,,,,,,,Iperf Download Call Start,,,,,
284,1,,,-73.9880783,40.7625000,2026-01-23 17:58:58.000,_20260123_125511_CH01_REF_TMO_UDP DL 400MB_NJ DUT REF_L2.dml,,,,,,,,,,,,,,,,,,,,,,,,,
285,1,,,-73.9880650,40.7625067,2026-01-23 17:58:59.000,_20260123_125511_CH01_REF_TMO_UDP DL 400MB_NJ DUT REF_L2.dml,,,,N41(100),,371,-69.000000,23.000000,,,,,,,,,,,,,,,,,
286,1,,,-73.9880650,40.7625067,2026-01-23 17:58:59.206,_20260123_125511_CH01_REF_TMO_UDP DL 400MB_NJ DUT REF_L2.dml,,,,,,,,,,,,,,,,,,,,Iperf Download Start,,,,,
287,1,,,-73.9880633,40.7625167,2026-01-23 17:59:00.000,_20260123_125511_CH01_REF_TMO_UDP DL 400MB_NJ DUT REF_L2.dml,,,,N41(100)+N71(15),NR SA,371,-70.160000,23.020000,,,,,,,,,,,,,0.144,,,,
288,1,,,-73.9880767,40.7625133,2026-01-23 17:59:01.000,_20260123_125511_CH01_REF_TMO_UDP DL 400MB_NJ DUT REF_L2.dml,,,,N41(100)+N71(15),NR SA,371,-71.620000,21.980000,0.067000,13.521251,,,,,,340.800,,,,,0.160,,,,
289,1,,,-73.9880717,40.7625133,2026-01-23 17:59:02.000,_20260123_125511_CH01_REF_TMO_UDP DL 400MB_NJ DUT REF_L2.dml,,,,N41(100)+N71(15),NR SA,371,-71.440000,22.550000,0.026000,12.598896,,,,,,356.660,,,,,0.144,,,,
290,1,,,-73.9880567,40.7625233,2026-01-23 17:59:03.000,_20260123_125511_CH01_REF_TMO_UDP DL 400MB_NJ DUT REF_L2.dml,,,,N41(100)+N71(15),NR SA,371,-71.240000,21.240000,0.031000,12.261303,,,,,,339.770,,,,,0.152,,,,
291,1,,,-73.9880700,40.7625300,2026-01-23 17:59:04.000,_20260123_125511_CH01_REF_TMO_UDP DL 400MB_NJ DUT REF_L2.dml,,,,N41(100)+N71(15),NR SA,371,-71.140000,20.700000,0.022000,12.273585,,,,,,354.002,,,,,0.144,,,,
292,1,,,-73.9880733,40.7625283,2026-01-23 17:59:05.000,_20260123_125511_CH01_REF_TMO_UDP DL 400MB_NJ DUT REF_L2.dml,,,,N41(100)+N71(15),NR SA,371,-71.620000,20.580000,0.026000,12.177719,,,,,,363.201,,,,,0.152,,,,
293,1,,,-73.9880733,40.7625350,2026-01-23 17:59:06.000,_20260123_125511_CH01_REF_TMO_UDP DL 400MB_NJ DUT REF_L2.dml,,,,N41(100)+N71(15),NR SA,371,-71.060000,21.170000,0.031000,12.674418,,,,,,331.146,,,,,0.152,,,,
294,1,,,-73.9880700,40.7625417,2026-01-23 17:59:07.000,_20260123_125511_CH01_REF_TMO_UDP DL 400MB_NJ DUT REF_L2.dml,,,,N41(100)+N71(15),NR SA,371,-70.900000,20.780000,0.024000,12.959195,,,,,,341.549,,,,,0.152,,,,
295,1,,,-73.9880717,40.7625317,2026-01-23 17:59:08.000,_20260123_125511_CH01_REF_TMO_UDP DL 400MB_NJ DUT REF_L2.dml,,,,N41(100)+N71(15),NR SA,371,-71.160000,21.050000,0.042000,12.940076,,,,,,359.763,,,,,0.144,,,,
296,1,,,-73.9880717,40.7625117,2026-01-23 17:59:09.000,_20260123_125511_CH01_REF_TMO_UDP DL 400MB_NJ DUT REF_L2.dml,,,,N41(100)+N71(15),NR SA,371,-72.760000,19.600000,0.022000,13.419247,,,,,,329.508,,,,,0.144,,,,
297,1,,,-73.9880717,40.7625117,2026-01-23 17:59:09.206,_20260123_125511_CH01_REF_TMO_UDP DL 400MB_NJ DUT REF_L2.dml,,,,,,,,,,,,,,,,,,,,IPERF_T_End,,,,,
298,1,,,-73.9880700,40.7625033,2026-01-23 17:59:10.000,_20260123_125511_CH01_REF_TMO_UDP DL 400MB_NJ DUT REF_L2.dml,,,,N41(100)+N71(15),NR SA,371,-72.040000,20.660000,0.022000,13.246659,,,,,,355.228,,,,,,,,,
299,1,,,-73.9880600,40.7625283,2026-01-23 17:59:11.000,_20260123_125511_CH01_REF_TMO_UDP DL 400MB_NJ DUT REF_L2.dml,,,,N41(100)+N71(15),,371,-70.840000,21.540000,,,,,,,,,,,,,0.072,,,,
300,1,,,-73.9880600,40.7625283,2026-01-23 17:59:12.000,_20260123_125511_CH01_REF_TMO_UDP DL 400MB_NJ DUT REF_L2.dml,,,,N41(100)+N71(15),,371,-70.360000,22.480000,,,,,,,,,,,,,0.000,,,,
301,1,,,-73.9880650,40.7625467,2026-01-23 17:59:13.000,_20260123_125511_CH01_REF_TMO_UDP DL 400MB_NJ DUT REF_L2.dml,,,,N41(100)+N71(15),,371,-70.250000,22.710000,,,,,,,,,,,,,0.000,,,,
302,1,,,-73.9880633,40.7625117,2026-01-23 17:59:14.000,_20260123_125511_CH01_REF_TMO_UDP DL 400MB_NJ DUT REF_L2.dml,,,,N41(100)+N71(15),,371,-70.350000,22.890000,,,,,,,,,,,,,0.000,,,,
303,1,,,-73.9880683,40.7624767,2026-01-23 17:59:15.000,_20260123_125511_CH01_REF_TMO_UDP DL 400MB_NJ DUT REF_L2.dml,,,,N41(100)+N71(15),,371,-70.780000,22.080000,,,,,,,,,,,,,0.008,,,,
304,1,,,-73.9880683,40.7624767,2026-01-23 17:59:16.000,_20260123_125511_CH01_REF_TMO_UDP DL 400MB_NJ DUT REF_L2.dml,,,,N41(100)+N71(15),,371,-70.820000,22.180000,,,,,,,,,,,,,0.000,,,,
305,1,,,-73.9880767,40.7624350,2026-01-23 17:59:17.000,_20260123_125511_CH01_REF_TMO_UDP DL 400MB_NJ DUT REF_L2.dml,,,,N41(100)+N71(15),,371,-71.110000,22.550000,,,,,,,,,,,,,0.000,,,,
306,1,,,-73.9880817,40.7624267,2026-01-23 17:59:18.000,_20260123_125511_CH01_REF_TMO_UDP DL 400MB_NJ DUT REF_L2.dml,,,,N41(100)+N71(15),,371,-70.560000,22.980000,,,,,,,,,,,,,0.000,,,,
307,1,,,-73.9880817,40.7624267,2026-01-23 17:59:19.000,_20260123_125511_CH01_REF_TMO_UDP DL 400MB_NJ DUT REF_L2.dml,,,,N41(100)+N71(15),,371,-70.340000,22.260000,,,,,,,,,,,,,0.008,,,,
308,1,,,-73.9880733,40.7624200,2026-01-23 17:59:20.000,_20260123_125511_CH01_REF_TMO_UDP DL 400MB_NJ DUT REF_L2.dml,,,,N41(x)+N71(x),,371,-69.260000,21.540000,,,,,,,,,,,,,0.000,,,,
309,1,,,-73.9880917,40.7623800,2026-01-23 17:59:21.000,_20260123_125511_CH01_REF_TMO_UDP DL 400MB_NJ DUT REF_L2.dml,,,,N41(100)+N71(x),,371,-71.000000,20.250000,,,,,,,,,,,,,,,,,
310,1,,,-73.9880983,40.7623533,2026-01-23 17:59:22.000,_20260123_125511_CH01_REF_TMO_UDP DL 400MB_NJ DUT REF_L2.dml,,,,,,,,,,,,,,,,,,,,,,,,,
311,1,,,-73.9881017,40.7623850,2026-01-23 17:59:23.000,_20260123_125511_CH01_REF_TMO_UDP DL 400MB_NJ DUT REF_L2.dml,,,,,,,,,,,,,,,,,,,,,,,,,
312,1,,,-73.9881017,40.7623850,2026-01-23 17:59:24.000,_20260123_125511_CH01_REF_TMO_UDP DL 400MB_NJ DUT REF_L2.dml,,,,,,,,,,,,,,,,,,,,,,,,,
313,1,,,-73.9881200,40.7623533,2026-01-23 17:59:25.000,_20260123_125511_CH01_REF_TMO_UDP DL 400MB_NJ DUT REF_L2.dml,,,,,,,,,,,,,,,,,,,,,,,,,
314,1,,,-73.9881283,40.7623300,2026-01-23 17:59:26.000,_20260123_125511_CH01_REF_TMO_UDP DL 400MB_NJ DUT REF_L2.dml,,,,,,,,,,,,,,,,,,,,,,,,,
315,1,,,-73.9881350,40.7623283,2026-01-23 17:59:27.000,_20260123_125511_CH01_REF_TMO_UDP DL 400MB_NJ DUT REF_L2.dml,,,,,,,,,,,,,,,,,,,,,,,,,
316,1,,,-73.9881350,40.7623283,2026-01-23 17:59:28.000,_20260123_125511_CH01_REF_TMO_UDP DL 400MB_NJ DUT REF_L2.dml,,,,,,,,,,,,,,,,,,,,,,,,,
317,1,,,-73.9881533,40.7623100,2026-01-23 17:59:29.223,_20260123_125511_CH01_REF_TMO_UDP DL 400MB_NJ DUT REF_L2.dml,,,,,,,,,,,,,,,,,,,,TIMEOUT_Idle,,,,,
318,1,,,-73.9881533,40.7623100,2026-01-23 17:59:29.223,_20260123_125511_CH01_REF_TMO_UDP DL 400MB_NJ DUT REF_L2.dml,,,,,,,,,,,,,,,,,,,,Iperf Download Call End,,,,,
319,1,,,-73.9881533,40.7623100,2026-01-23 17:59:29.223,_20260123_125511_CH01_REF_TMO_UDP DL 400MB_NJ DUT REF_L2.dml,,,,,,,,,,,,,,,,,,347.163120,,,,,,,
320,1,,,-73.9881533,40.7623100,2026-01-23 17:59:29.223,_20260123_125511_CH01_REF_TMO_UDP DL 400MB_NJ DUT REF_L2.dml,,,,,,,,,,,,,,,,,,,,START,,,,,
321,1,,,-73.9881533,40.7623100,2026-01-23 17:59:29.223,_20260123_125511_CH01_REF_TMO_UDP DL 400MB_NJ DUT REF_L2.dml,,,,,,,,,,,,,,,,,,,,IPERF_T_Start,,,,,
322,1,,,-73.9881533,40.7623100,2026-01-23 17:59:29.223,_20260123_125511_CH01_REF_TMO_UDP DL 400MB_NJ DUT REF_L2.dml,,,,,,,,,,,,,,,,,,,,Iperf Download Call Start,,,,,
323,1,,,-73.9881533,40.7623100,2026-01-23 17:59:29.000,_20260123_125511_CH01_REF_TMO_UDP DL 400MB_NJ DUT REF_L2.dml,,,,,,,,,,,,,,,,,,,,,,,,,
324,1,,,-73.9881450,40.7623367,2026-01-23 17:59:29.894,_20260123_125511_CH01_REF_TMO_UDP DL 400MB_NJ DUT REF_L2.dml,,,,,,,,,,,,,,,,,,,,Iperf Download Start,,,,,
325,1,,,-73.9881450,40.7623367,2026-01-23 17:59:30.000,_20260123_125511_CH01_REF_TMO_UDP DL 400MB_NJ DUT REF_L2.dml,,,,N41(100)+N71(x),NR SA,371,-71.550000,21.600000,,,,,,,,,,,,,,,,,
326,1,,,-73.9881450,40.7623367,2026-01-23 17:59:31.000,_20260123_125511_CH01_REF_TMO_UDP DL 400MB_NJ DUT REF_L2.dml,,,,N41(100)+N71(15),NR SA,371,-70.740000,23.360000,0.056000,10.410686,,,,,,341.950,,,,,0.168,,,,
327,1,,,-73.9881550,40.7623367,2026-01-23 17:59:32.000,_20260123_125511_CH01_REF_TMO_UDP DL 400MB_NJ DUT REF_L2.dml,,,,N41(100)+N71(15),NR SA,371,-71.280000,21.840000,0.024000,10.915463,,,,,,344.608,,,,,0.176,,,,
328,1,,,-73.9881517,40.7623317,2026-01-23 17:59:33.000,_20260123_125511_CH01_REF_TMO_UDP DL 400MB_NJ DUT REF_L2.dml,,,,N41(100)+N71(15),NR SA,371,-71.100000,20.680000,0.023000,10.760113,,,,,,362.084,,,,,0.160,,,,
329,1,,,-73.9881583,40.7623283,2026-01-23 17:59:34.000,_20260123_125511_CH01_REF_TMO_UDP DL 400MB_NJ DUT REF_L2.dml,,,,N41(100)+N71(15),NR SA,371,-70.140000,22.240000,0.036000,10.756395,,,,,,355.369,,,,,0.184,,,,
330,1,,,-73.9881600,40.7623233,2026-01-23 17:59:35.000,_20260123_125511_CH01_REF_TMO_UDP DL 400MB_NJ DUT REF_L2.dml,,,,N41(100)+N71(15),NR SA,371,-70.020000,22.520000,0.023000,11.233316,,,,,,371.500,,,,,0.176,,,,
331,1,,,-73.9881650,40.7623217,2026-01-23 17:59:36.000,_20260123_125511_CH01_REF_TMO_UDP DL 400MB_NJ DUT REF_L2.dml,,,,N41(100)+N71(15),NR SA,371,-69.680000,22.080000,0.022000,11.019373,,,,,,360.403,,,,,0.152,,,,
332,1,,,-73.9881733,40.7623333,2026-01-23 17:59:37.000,_20260123_125511_CH01_REF_TMO_UDP DL 400MB_NJ DUT REF_L2.dml,,,,N41(100)+N71(15),NR SA,371,-69.120000,22.480000,0.022000,11.538099,,,,,,311.511,,,,,0.160,,,,
333,1,,,-73.9881783,40.7623717,2026-01-23 17:59:38.000,_20260123_125511_CH01_REF_TMO_UDP DL 400MB_NJ DUT REF_L2.dml,,,,N41(100)+N71(15),NR SA,371,-76.050000,15.900000,0.023000,11.305928,,,,,,252.378,,,,,,,,,
334,1,,,-73.9881850,40.7623783,2026-01-23 17:59:39.000,_20260123_125511_CH01_REF_TMO_UDP DL 400MB_NJ DUT REF_L2.dml,,,,N41(100)+N71(15),NR SA,371,-79.240000,12.840000,0.035000,12.119541,,,,,,274.454,,,,,,,,,
335,1,,,-73.9881900,40.7623883,2026-01-23 17:59:39.910,_20260123_125511_CH01_REF_TMO_UDP DL 400MB_NJ DUT REF_L2.dml,,,,,,,,,,,,,,,,,,,,IPERF_T_End,,,,,
336,1,,,-73.9881900,40.7623883,2026-01-23 17:59:40.000,_20260123_125511_CH01_REF_TMO_UDP DL 400MB_NJ DUT REF_L2.dml,,,,N41(50)+N71(15),NR SA,371,-80.200000,11.800000,0.054000,13.945013,,,,,,219.737,,,,,0.128,,,,
337,1,,,-73.9881917,40.7623983,2026-01-23 17:59:41.000,_20260123_125511_CH01_REF_TMO_UDP DL 400MB_NJ DUT REF_L2.dml,,,,N41(50)+N71(15),,371,-80.500000,11.960000,,,,,,,,,,,,,0.072,,,,
338,1,,,-73.9881917,40.7624017,2026-01-23 17:59:42.000,_20260123_125511_CH01_REF_TMO_UDP DL 400MB_NJ DUT REF_L2.dml,,,,N41(50)+N71(15),,371,-80.580000,10.920000,,,,,,,,,,,,,0.056,,,,
339,1,,,-73.9881950,40.7624083,2026-01-23 17:59:43.000,_20260123_125511_CH01_REF_TMO_UDP DL 400MB_NJ DUT REF_L2.dml,,,,N41(50)+N71(15),,371,-80.260000,12.080000,,,,,,,,,,,,,0.000,,,,
340,1,,,-73.9881950,40.7624100,2026-01-23 17:59:44.000,_20260123_125511_CH01_REF_TMO_UDP DL 400MB_NJ DUT REF_L2.dml,,,,N41(50)+N71(15),,371,-77.560000,14.260000,,,,,,,,,,,,,0.064,,,,
341,1,,,-73.9881917,40.7624100,2026-01-23 17:59:45.000,_20260123_125511_CH01_REF_TMO_UDP DL 400MB_NJ DUT REF_L2.dml,,,,N41(50)+N71(15),,371,-74.900000,17.690000,,,,,,,,,,,,,0.040,,,,
342,1,,,-73.9881883,40.7624100,2026-01-23 17:59:46.000,_20260123_125511_CH01_REF_TMO_UDP DL 400MB_NJ DUT REF_L2.dml,,,,N41(100)+N71(15),,371,-70.880000,21.840000,,,,,,,,,,,,,0.000,,,,
343,1,,,-73.9881883,40.7624033,2026-01-23 17:59:47.000,_20260123_125511_CH01_REF_TMO_UDP DL 400MB_NJ DUT REF_L2.dml,,,,N41(100)+N71(15),,371,-70.340000,21.680000,,,,,,,,,,,,,0.000,,,,
344,1,,,-73.9881867,40.7623950,2026-01-23 17:59:48.000,_20260123_125511_CH01_REF_TMO_UDP DL 400MB_NJ DUT REF_L2.dml,,,,N41(100)+N71(15),,371,-70.880000,21.000000,,,,,,,,,,,,,0.000,,,,
345,1,,,-73.9881833,40.7623783,2026-01-23 17:59:49.000,_20260123_125511_CH01_REF_TMO_UDP DL 400MB_NJ DUT REF_L2.dml,,,,N41(100)+N71(15),,371,-71.660000,20.780000,,,,,,,,,,,,,0.000,,,,
346,1,,,-73.9881767,40.7623750,2026-01-23 17:59:50.000,_20260123_125511_CH01_REF_TMO_UDP DL 400MB_NJ DUT REF_L2.dml,,,,N41(100)+N71(15),,371,-71.720000,21.040000,,,,,,,,,,,,,0.000,,,,
347,1,,,-73.9881683,40.7623717,2026-01-23 17:59:51.000,_20260123_125511_CH01_REF_TMO_UDP DL 400MB_NJ DUT REF_L2.dml,,,,N41(100)+N71(15),,371,-71.240000,21.760000,,,,,,,,,,,,,0.000,,,,
348,1,,,-73.9881733,40.7623683,2026-01-23 17:59:52.000,_20260123_125511_CH01_REF_TMO_UDP DL 400MB_NJ DUT REF_L2.dml,,,,N41(100)+N71(15),,371,-71.840000,20.610000,,,,,,,,,,,,,0.000,,,,
349,1,,,-73.9881633,40.7623667,2026-01-23 17:59:53.000,_20260123_125511_CH01_REF_TMO_UDP DL 400MB_NJ DUT REF_L2.dml,,,,N41(100)+N71(15),,371,-71.780000,21.160000,,,,,,,,,,,,,0.000,,,,
350,1,,,-73.9881567,40.7623667,2026-01-23 17:59:54.000,_20260123_125511_CH01_REF_TMO_UDP DL 400MB_NJ DUT REF_L2.dml,,,,N41(100)+N71(15),,371,-72.420000,21.420000,,,,,,,,,,,,,0.000,,,,
351,1,,,-73.9881600,40.7623517,2026-01-23 17:59:55.000,_20260123_125511_CH01_REF_TMO_UDP DL 400MB_NJ DUT REF_L2.dml,,,,N41(x)+N71(x),,371,-72.870000,19.980000,,,,,,,,,,,,,,,,,
352,1,,,-73.9881633,40.7623367,2026-01-23 17:59:56.000,_20260123_125511_CH01_REF_TMO_UDP DL 400MB_NJ DUT REF_L2.dml,,,,N41(100)+N71(x),,371,-72.710000,18.290000,,,,,,,,,,,,,,,,,
353,1,,,-73.9881500,40.7623550,2026-01-23 17:59:57.000,_20260123_125511_CH01_REF_TMO_UDP DL 400MB_NJ DUT REF_L2.dml,,,,,,,,,,,,,,,,,,,,,,,,,
354,1,,,-73.9881500,40.7623550,2026-01-23 17:59:58.000,_20260123_125511_CH01_REF_TMO_UDP DL 400MB_NJ DUT REF_L2.dml,,,,,,,,,,,,,,,,,,,,,,,,,
355,1,,,-73.9880917,40.7624517,2026-01-23 17:59:59.000,_20260123_125511_CH01_REF_TMO_UDP DL 400MB_NJ DUT REF_L2.dml,,,,,,,,,,,,,,,,,,,,,,,,,
356,1,,,-73.9880850,40.7624550,2026-01-23 17:59:59.925,_20260123_125511_CH01_REF_TMO_UDP DL 400MB_NJ DUT REF_L2.dml,,,,,,,,,,,,,,,,,,,,TIMEOUT_Idle,,,,,
357,1,,,-73.9880850,40.7624550,2026-01-23 17:59:59.925,_20260123_125511_CH01_REF_TMO_UDP DL 400MB_NJ DUT REF_L2.dml,,,,,,,,,,,,,,,,,,,,Iperf Download Call End,,,,,
358,1,,,-73.9880850,40.7624550,2026-01-23 17:59:59.925,_20260123_125511_CH01_REF_TMO_UDP DL 400MB_NJ DUT REF_L2.dml,,,,,,,,,,,,,,,,,,319.399834,,,,,,,
359,1,,,-73.9880850,40.7624550,2026-01-23 17:59:59.925,_20260123_125511_CH01_REF_TMO_UDP DL 400MB_NJ DUT REF_L2.dml,,,,,,,,,,,,,,,,,,,,START,,,,,
360,1,,,-73.9880850,40.7624550,2026-01-23 17:59:59.925,_20260123_125511_CH01_REF_TMO_UDP DL 400MB_NJ DUT REF_L2.dml,,,,,,,,,,,,,,,,,,,,IPERF_T_Start,,,,,
361,1,,,-73.9880850,40.7624550,2026-01-23 17:59:59.925,_20260123_125511_CH01_REF_TMO_UDP DL 400MB_NJ DUT REF_L2.dml,,,,,,,,,,,,,,,,,,,,Iperf Download Call Start,,,,,
362,1,,,-73.9880850,40.7624550,2026-01-23 18:00:00.000,_20260123_125511_CH01_REF_TMO_UDP DL 400MB_NJ DUT REF_L2.dml,,,,,,,,,,,,,,,,,,,,,,,,,
363,1,,,-73.9880850,40.7624550,2026-01-23 18:00:00.597,_20260123_125511_CH01_REF_TMO_UDP DL 400MB_NJ DUT REF_L2.dml,,,,,,,,,,,,,,,,,,,,Iperf Download Start,,,,,
364,1,,,-73.9880850,40.7624550,2026-01-23 18:00:01.000,_20260123_125511_CH01_REF_TMO_UDP DL 400MB_NJ DUT REF_L2.dml,,,,N41(100)+N71(x),NR SA,371,-71.660000,21.260000,,,,,,,,,,,,,,,,,
365,1,,,-73.9880750,40.7624517,2026-01-23 18:00:02.000,_20260123_125511_CH01_REF_TMO_UDP DL 400MB_NJ DUT REF_L2.dml,,,,N41(100)+N71(15),NR SA,371,-71.760000,21.520000,0.022000,5.244521,,,,,,275.767,,,,,0.152,,,,
366,1,,,-73.9880750,40.7624550,2026-01-23 18:00:03.000,_20260123_125511_CH01_REF_TMO_UDP DL 400MB_NJ DUT REF_L2.dml,,,,N41(100)+N71(15),NR SA,371,-72.200000,21.140000,0.025000,8.678102,,,,,,254.374,,,,,0.144,,,,
367,1,,,-73.9880750,40.7624583,2026-01-23 18:00:04.000,_20260123_125511_CH01_REF_TMO_UDP DL 400MB_NJ DUT REF_L2.dml,,,,N41(100)+N71(15),NR SA,371,-72.020000,21.120000,0.124000,16.684660,,,,,,248.440,,,,,0.152,,,,
368,1,,,-73.9880717,40.7624567,2026-01-23 18:00:05.000,_20260123_125511_CH01_REF_TMO_UDP DL 400MB_NJ DUT REF_L2.dml,,,,N41(100)+N71(15),NR SA,371,-70.600000,21.560000,0.025000,19.867962,,,,,,224.748,,,,,0.120,,,,
369,1,,,-73.9880633,40.7624633,2026-01-23 18:00:06.000,_20260123_125511_CH01_REF_TMO_UDP DL 400MB_NJ DUT REF_L2.dml,,,,N41(100)+N71(15),NR SA,371,-71.380000,21.780000,0.036000,21.710283,,,,,,219.140,,,,,0.128,,,,
370,1,,,-73.9880450,40.7624917,2026-01-23 18:00:07.000,_20260123_125511_CH01_REF_TMO_UDP DL 400MB_NJ DUT REF_L2.dml,,,,N41(100)+N71(15),NR SA,371,-71.880000,20.360000,0.055000,26.610743,,,,,,236.215,,,,,0.176,,,,
371,1,,,-73.9880433,40.7624867,2026-01-23 18:00:08.000,_20260123_125511_CH01_REF_TMO_UDP DL 400MB_NJ DUT REF_L2.dml,,,,N41(100)+N71(15),NR SA,371,-70.880000,21.320000,0.026000,29.021366,,,,,,203.714,,,,,0.144,,,,
372,1,,,-73.9880400,40.7624900,2026-01-23 18:00:09.000,_20260123_125511_CH01_REF_TMO_UDP DL 400MB_NJ DUT REF_L2.dml,,,,N41(50)+N71(15),NR SA,371,-76.880000,14.460000,0.113000,37.873463,,,,,,196.088,,,,,0.144,,,,
373,1,,,-73.9880400,40.7624883,2026-01-23 18:00:10.000,_20260123_125511_CH01_REF_TMO_UDP DL 400MB_NJ DUT REF_L2.dml,,,,N41(50)+N71(15),NR SA,371,-82.020000,9.740000,0.030000,40.126640,,,,,,160.170,,,,,0.152,,,,
374,1,,,-73.9880433,40.7624883,2026-01-23 18:00:10.614,_20260123_125511_CH01_REF_TMO_UDP DL 400MB_NJ DUT REF_L2.dml,,,,,,,,,,,,,,,,,,,,IPERF_T_End,,,,,
375,1,,,-73.9880433,40.7624883,2026-01-23 18:00:11.000,_20260123_125511_CH01_REF_TMO_UDP DL 400MB_NJ DUT REF_L2.dml,,,,N41(50)+N71(15),NR SA,371,-82.620000,9.820000,0.154000,39.573460,,,,,,238.580,,,,,0.112,,,,
376,1,,,-73.9880367,40.7624900,2026-01-23 18:00:12.000,_20260123_125511_CH01_REF_TMO_UDP DL 400MB_NJ DUT REF_L2.dml,,,,N41(50)+N71(15),,371,-81.060000,10.780000,,,,,,,,,,,,,,,,,
377,1,,,-73.9880350,40.7624883,2026-01-23 18:00:13.000,_20260123_125511_CH01_REF_TMO_UDP DL 400MB_NJ DUT REF_L2.dml,,,,N41(50)+N71(15),,371,-79.040000,12.300000,,,,,,,,,,,,,0.056,,,,
378,1,,,-73.9880300,40.7624900,2026-01-23 18:00:14.000,_20260123_125511_CH01_REF_TMO_UDP DL 400MB_NJ DUT REF_L2.dml,,,,N41(50)+N71(15),,371,-81.100000,11.080000,,,,,,,,,,,,,0.000,,,,
379,1,,,-73.9880283,40.7624883,2026-01-23 18:00:15.000,_20260123_125511_CH01_REF_TMO_UDP DL 400MB_NJ DUT REF_L2.dml,,,,N41(50)+N71(15),,371,-78.800000,12.100000,,,,,,,,,,,,,0.000,,,,
380,1,,,-73.9880267,40.7624900,2026-01-23 18:00:16.000,_20260123_125511_CH01_REF_TMO_UDP DL 400MB_NJ DUT REF_L2.dml,,,,N41(50)+N71(15),,371,-79.450000,12.370000,,,,,,,,,,,,,0.000,,,,
381,1,,,-73.9880250,40.7624883,2026-01-23 18:00:17.000,_20260123_125511_CH01_REF_TMO_UDP DL 400MB_NJ DUT REF_L2.dml,,,,N41(100)+N25(15),,371,-74.800000,16.700000,,,,,,,,,,,,,0.008,,,,
382,1,,,-73.9880233,40.7624917,2026-01-23 18:00:18.000,_20260123_125511_CH01_REF_TMO_UDP DL 400MB_NJ DUT REF_L2.dml,,,,N41(100)+N25(15),,371,-71.400000,20.580000,,,,,,,,,,,,,0.000,,,,
383,1,,,-73.9880233,40.7624917,2026-01-23 18:00:19.000,_20260123_125511_CH01_REF_TMO_UDP DL 400MB_NJ DUT REF_L2.dml,,,,N41(100)+N25(15),,371,-71.800000,20.100000,,,,,,,,,,,,,0.000,,,,
384,1,,,-73.9880217,40.7624917,2026-01-23 18:00:20.000,_20260123_125511_CH01_REF_TMO_UDP DL 400MB_NJ DUT REF_L2.dml,,,,N41(100)+N25(15),,371,-70.720000,19.900000,,,,,,,,,,,,,0.000,,,,
385,1,,,-73.9880233,40.7624917,2026-01-23 18:00:21.000,_20260123_125511_CH01_REF_TMO_UDP DL 400MB_NJ DUT REF_L2.dml,,,,N41(100)+N25(15),,371,-71.160000,21.340000,,,,,,,,,,,,,0.000,,,,
386,1,,,-73.9880233,40.7624917,2026-01-23 18:00:22.000,_20260123_125511_CH01_REF_TMO_UDP DL 400MB_NJ DUT REF_L2.dml,,,,N41(100)+N25(15),,371,-71.880000,20.040000,,,,,,,,,,,,,0.000,,,,
387,1,,,-73.9880233,40.7624917,2026-01-23 18:00:23.000,_20260123_125511_CH01_REF_TMO_UDP DL 400MB_NJ DUT REF_L2.dml,,,,N41(100)+N25(15),,371,-72.740000,20.670000,,,,,,,,,,,,,0.000,,,,
388,1,,,-73.9880233,40.7624917,2026-01-23 18:00:24.000,_20260123_125511_CH01_REF_TMO_UDP DL 400MB_NJ DUT REF_L2.dml,,,,N41(100)+N25(15),,371,-71.760000,21.300000,,,,,,,,,,,,,0.008,,,,
389,1,,,-73.9880233,40.7624917,2026-01-23 18:00:25.000,_20260123_125511_CH01_REF_TMO_UDP DL 400MB_NJ DUT REF_L2.dml,,,,N41(100)+N25(15),,371,-71.070000,21.870000,,,,,,,,,,,,,0.000,,,,
390,1,,,-73.9880233,40.7624917,2026-01-23 18:00:26.000,_20260123_125511_CH01_REF_TMO_UDP DL 400MB_NJ DUT REF_L2.dml,,,,N41(100)+N25(15),,371,-70.510000,22.510000,,,,,,,,,,,,,,,,,
391,1,,,-73.9880233,40.7624917,2026-01-23 18:00:27.000,_20260123_125511_CH01_REF_TMO_UDP DL 400MB_NJ DUT REF_L2.dml,,,,N41(x)+N25(x),,371,-70.200000,22.680000,,,,,,,,,,,,,0.000,,,,
392,1,,,-73.9880233,40.7624917,2026-01-23 18:00:28.000,_20260123_125511_CH01_REF_TMO_UDP DL 400MB_NJ DUT REF_L2.dml,,,,N41(100)+N25(x),,371,-71.330000,21.110000,,,,,,,,,,,,,,,,,
393,1,,,-73.9880233,40.7624917,2026-01-23 18:00:29.000,_20260123_125511_CH01_REF_TMO_UDP DL 400MB_NJ DUT REF_L2.dml,,,,,,,,,,,,,,,,,,,,,,,,,
394,1,,,-73.9880233,40.7624917,2026-01-23 18:00:30.000,_20260123_125511_CH01_REF_TMO_UDP DL 400MB_NJ DUT REF_L2.dml,,,,,,,,,,,,,,,,,,,,,,,,,
395,1,,,-73.9880233,40.7624917,2026-01-23 18:00:30.614,_20260123_125511_CH01_REF_TMO_UDP DL 400MB_NJ DUT REF_L2.dml,,,,,,,,,,,,,,,,,,,,TIMEOUT_Idle,,,,,
396,1,,,-73.9880233,40.7624917,2026-01-23 18:00:30.614,_20260123_125511_CH01_REF_TMO_UDP DL 400MB_NJ DUT REF_L2.dml,,,,,,,,,,,,,,,,,,,,Iperf Download Call End,,,,,
397,1,,,-73.9880233,40.7624917,2026-01-23 18:00:30.614,_20260123_125511_CH01_REF_TMO_UDP DL 400MB_NJ DUT REF_L2.dml,,,,,,,,,,,,,,,,,,225.724099,,,,,,,
398,1,,,-73.9880233,40.7624917,2026-01-23 18:00:30.614,_20260123_125511_CH01_REF_TMO_UDP DL 400MB_NJ DUT REF_L2.dml,,,,,,,,,,,,,,,,,,,,START,,,,,
399,1,,,-73.9880233,40.7624917,2026-01-23 18:00:30.614,_20260123_125511_CH01_REF_TMO_UDP DL 400MB_NJ DUT REF_L2.dml,,,,,,,,,,,,,,,,,,,,IPERF_T_Start,,,,,
400,1,,,-73.9880233,40.7624917,2026-01-23 18:00:30.614,_20260123_125511_CH01_REF_TMO_UDP DL 400MB_NJ DUT REF_L2.dml,,,,,,,,,,,,,,,,,,,,Iperf Download Call Start,,,,,
401,1,,,-73.9880233,40.7624917,2026-01-23 18:00:31.000,_20260123_125511_CH01_REF_TMO_UDP DL 400MB_NJ DUT REF_L2.dml,,,,N41(100)+N71(15),,371,-71.000000,22.000000,,,,,,,,,,,,,,,,,
402,1,,,-73.9880233,40.7624917,2026-01-23 18:00:31.254,_20260123_125511_CH01_REF_TMO_UDP DL 400MB_NJ DUT REF_L2.dml,,,,,,,,,,,,,,,,,,,,Iperf Download Start,,,,,
403,1,,,-73.9880233,40.7624917,2026-01-23 18:00:32.000,_20260123_125511_CH01_REF_TMO_UDP DL 400MB_NJ DUT REF_L2.dml,,,,N41(100)+N71(15),NR SA,371,-70.570000,21.350000,,,,,,,,,,,,,,,,,
404,1,,,-73.9880233,40.7624917,2026-01-23 18:00:33.000,_20260123_125511_CH01_REF_TMO_UDP DL 400MB_NJ DUT REF_L2.dml,,,,N41(100)+N71(15),NR SA,371,-71.000000,22.200000,0.045000,4.792308,,,,,,268.531,,,,,0.120,,,,
405,1,,,-73.9880433,40.7625117,2026-01-23 18:00:34.000,_20260123_125511_CH01_REF_TMO_UDP DL 400MB_NJ DUT REF_L2.dml,,,,N41(100)+N71(15),NR SA,371,-71.020000,22.360000,0.084000,7.856189,,,,,,285.551,,,,,0.120,,,,
406,1,,,-73.9880433,40.7625317,2026-01-23 18:00:35.000,_20260123_125511_CH01_REF_TMO_UDP DL 400MB_NJ DUT REF_L2.dml,,,,N41(100)+N71(15),NR SA,371,-71.000000,22.680000,0.023000,8.201509,,,,,,380.103,,,,,0.120,,,,
407,1,,,-73.9880483,40.7625250,2026-01-23 18:00:36.000,_20260123_125511_CH01_REF_TMO_UDP DL 400MB_NJ DUT REF_L2.dml,,,,N41(100)+N71(15),NR SA,371,-71.000000,22.280000,0.037000,7.973964,,,,,,404.749,,,,,0.112,,,,
408,1,,,-73.9880450,40.7625233,2026-01-23 18:00:37.000,_20260123_125511_CH01_REF_TMO_UDP DL 400MB_NJ DUT REF_L2.dml,,,,N41(100)+N71(15),NR SA,371,-71.000000,22.840000,0.026000,8.779334,,,,,,426.608,,,,,0.128,,,,
409,1,,,-73.9880400,40.7625233,2026-01-23 18:00:38.000,_20260123_125511_CH01_REF_TMO_UDP DL 400MB_NJ DUT REF_L2.dml,,,,N41(100)+N71(15),NR SA,371,-71.240000,21.740000,0.027000,9.001893,,,,,,408.991,,,,,0.144,,,,
410,1,,,-73.9880333,40.7625250,2026-01-23 18:00:39.000,_20260123_125511_CH01_REF_TMO_UDP DL 400MB_NJ DUT REF_L2.dml,,,,N41(100)+N71(15),NR SA,371,-71.090000,21.940000,0.025000,9.033467,,,,,,367.975,,,,,0.128,,,,
411,1,,,-73.9880283,40.7625233,2026-01-23 18:00:40.000,_20260123_125511_CH01_REF_TMO_UDP DL 400MB_NJ DUT REF_L2.dml,,,,N41(50)+N25(15),NR SA,371,-73.220000,16.170000,0.023000,9.364007,,,,,,353.037,,,,,0.144,,,,
412,1,,,-73.9880250,40.7625250,2026-01-23 18:00:41.000,_20260123_125511_CH01_REF_TMO_UDP DL 400MB_NJ DUT REF_L2.dml,,,,N41(50)+N25(15),NR SA,371,-73.900000,11.600000,0.029000,8.961037,,,,,,213.206,,,,,0.120,,,,
413,1,,,-73.9880250,40.7625250,2026-01-23 18:00:41.269,_20260123_125511_CH01_REF_TMO_UDP DL 400MB_NJ DUT REF_L2.dml,,,,,,,,,,,,,,,,,,,,IPERF_T_End,,,,,
414,1,,,-73.9880183,40.7625300,2026-01-23 18:00:42.000,_20260123_125511_CH01_REF_TMO_UDP DL 400MB_NJ DUT REF_L2.dml,,,,N41(50)+N25(15),NR SA,371,-73.600000,11.520000,0.046000,10.345176,,,,,,265.320,,,,,0.120,,,,
415,1,,,-73.9880167,40.7625283,2026-01-23 18:00:43.000,_20260123_125511_CH01_REF_TMO_UDP DL 400MB_NJ DUT REF_L2.dml,,,,N41(50)+N25(15),,371,-74.160000,10.760000,,,,,,,,,,,,,0.064,,,,
416,1,,,-73.9880150,40.7625267,2026-01-23 18:00:44.000,_20260123_125511_CH01_REF_TMO_UDP DL 400MB_NJ DUT REF_L2.dml,,,,N41(50)+N25(15),,371,-74.040000,11.560000,,,,,,,,,,,,,0.000,,,,
417,1,,,-73.9880117,40.7625283,2026-01-23 18:00:45.000,_20260123_125511_CH01_REF_TMO_UDP DL 400MB_NJ DUT REF_L2.dml,,,,N41(50)+N25(15),,371,-74.860000,10.600000,,,,,,,,,,,,,0.000,,,,
418,1,,,-73.9880133,40.7625233,2026-01-23 18:00:46.000,_20260123_125511_CH01_REF_TMO_UDP DL 400MB_NJ DUT REF_L2.dml,,,,N41(50)+N25(15),,371,-75.100000,12.490000,,,,,,,,,,,,,0.000,,,,
419,1,,,-73.9880133,40.7625233,2026-01-23 18:00:47.000,_20260123_125511_CH01_REF_TMO_UDP DL 400MB_NJ DUT REF_L2.dml,,,,N41(100)+N25(15),,371,-74.180000,13.850000,,,,,,,,,,,,,,,,,
420,1,,,-73.9880167,40.7625200,2026-01-23 18:00:48.000,_20260123_125511_CH01_REF_TMO_UDP DL 400MB_NJ DUT REF_L2.dml,,,,N41(100)+N25(15),,371,-72.530000,21.020000,,,,,,,,,,,,,,,,,
421,1,,,-73.9880133,40.7625200,2026-01-23 18:00:49.000,_20260123_125511_CH01_REF_TMO_UDP DL 400MB_NJ DUT REF_L2.dml,,,,N41(100)+N25(15),,371,-72.420000,20.530000,,,,,,,,,,,,,0.008,,,,
422,1,,,-73.9880150,40.7625167,2026-01-23 18:00:50.000,_20260123_125511_CH01_REF_TMO_UDP DL 400MB_NJ DUT REF_L2.dml,,,,N41(100)+N25(15),,371,-71.920000,22.060000,,,,,,,,,,,,,0.000,,,,
423,1,,,-73.9880167,40.7625117,2026-01-23 18:00:51.000,_20260123_125511_CH01_REF_TMO_UDP DL 400MB_NJ DUT REF_L2.dml,,,,N41(100)+N25(15),,371,-72.260000,21.480000,,,,,,,,,,,,,0.000,,,,
424,1,,,-73.9880150,40.7625150,2026-01-23 18:00:52.000,_20260123_125511_CH01_REF_TMO_UDP DL 400MB_NJ DUT REF_L2.dml,,,,N41(100)+N25(15),,371,-71.180000,22.220000,,,,,,,,,,,,,0.000,,,,
425,1,,,-73.9880167,40.7625117,2026-01-23 18:00:53.000,_20260123_125511_CH01_REF_TMO_UDP DL 400MB_NJ DUT REF_L2.dml,,,,N41(100)+N25(15),,371,-71.400000,21.690000,,,,,,,,,,,,,0.000,,,,
426,1,,,-73.9880167,40.7625150,2026-01-23 18:00:54.000,_20260123_125511_CH01_REF_TMO_UDP DL 400MB_NJ DUT REF_L2.dml,,,,N41(100)+N25(15),,371,-71.590000,21.830000,,,,,,,,,,,,,0.000,,,,
427,1,,,-73.9880167,40.7625150,2026-01-23 18:00:55.000,_20260123_125511_CH01_REF_TMO_UDP DL 400MB_NJ DUT REF_L2.dml,,,,N41(100)+N25(15),,371,-71.000000,22.200000,,,,,,,,,,,,,0.008,,,,
428,1,,,-73.9880167,40.7625150,2026-01-23 18:00:56.000,_20260123_125511_CH01_REF_TMO_UDP DL 400MB_NJ DUT REF_L2.dml,,,,N41(100)+N25(15),,371,-71.600000,21.600000,,,,,,,,,,,,,0.000,,,,
429,1,,,-73.9880233,40.7625200,2026-01-23 18:00:57.000,_20260123_125511_CH01_REF_TMO_UDP DL 400MB_NJ DUT REF_L2.dml,,,,N41(100)+N25(15),,371,-71.060000,21.720000,,,,,,,,,,,,,0.000,,,,
430,1,,,-73.9880250,40.7625083,2026-01-23 18:00:58.000,_20260123_125511_CH01_REF_TMO_UDP DL 400MB_NJ DUT REF_L2.dml,,,,N41(100)+N25(15),,371,-70.500000,22.580000,,,,,,,,,,,,,0.000,,,,
431,1,,,-73.9880283,40.7625050,2026-01-23 18:00:59.000,_20260123_125511_CH01_REF_TMO_UDP DL 400MB_NJ DUT REF_L2.dml,,,,N41(100)+N25(15),,371,-70.680000,21.540000,,,,,,,,,,,,,0.000,,,,
432,1,,,-73.9880367,40.7625050,2026-01-23 18:01:00.000,_20260123_125511_CH01_REF_TMO_UDP DL 400MB_NJ DUT REF_L2.dml,,,,N41(100)+N25(15),,371,-71.770000,21.420000,,,,,,,,,,,,,0.000,,,,
433,1,,,-73.9880417,40.7624783,2026-01-23 18:01:01.000,_20260123_125511_CH01_REF_TMO_UDP DL 400MB_NJ DUT REF_L2.dml,,,,N41(100)+N25(15),,371,-70.950000,22.420000,,,,,,,,,,,,,0.000,,,,
434,1,,,-73.9880417,40.7624783,2026-01-23 18:01:01.285,_20260123_125511_CH01_REF_TMO_UDP DL 400MB_NJ DUT REF_L2.dml,,,,,,,,,,,,,,,,,,,,TIMEOUT_Idle,,,,,
435,1,,,-73.9880417,40.7624783,2026-01-23 18:01:01.285,_20260123_125511_CH01_REF_TMO_UDP DL 400MB_NJ DUT REF_L2.dml,,,,,,,,,,,,,,,,,,,,Iperf Download Call End,,,,,
436,1,,,-73.9880417,40.7624783,2026-01-23 18:01:01.285,_20260123_125511_CH01_REF_TMO_UDP DL 400MB_NJ DUT REF_L2.dml,,,,,,,,,,,,,,,,,,337.407514,,,,,,,
437,1,,,-73.9880417,40.7624783,2026-01-23 18:01:01.285,_20260123_125511_CH01_REF_TMO_UDP DL 400MB_NJ DUT REF_L2.dml,,,,,,,,,,,,,,,,,,,,START,,,,,
438,1,,,-73.9880417,40.7624783,2026-01-23 18:01:01.285,_20260123_125511_CH01_REF_TMO_UDP DL 400MB_NJ DUT REF_L2.dml,,,,,,,,,,,,,,,,,,,,IPERF_T_Start,,,,,
439,1,,,-73.9880417,40.7624783,2026-01-23 18:01:01.285,_20260123_125511_CH01_REF_TMO_UDP DL 400MB_NJ DUT REF_L2.dml,,,,,,,,,,,,,,,,,,,,Iperf Download Call Start,,,,,
440,1,,,-73.9880400,40.7624983,2026-01-23 18:01:01.816,_20260123_125511_CH01_REF_TMO_UDP DL 400MB_NJ DUT REF_L2.dml,,,,,,,,,,,,,,,,,,,,Iperf Download Start,,,,,
441,1,,,-73.9880400,40.7624983,2026-01-23 18:01:02.000,_20260123_125511_CH01_REF_TMO_UDP DL 400MB_NJ DUT REF_L2.dml,,,,N41(100)+N25(15),NR SA,371,-71.000000,22.020000,,,,,,,,,,,,,0.000,,,,
442,1,,,-73.9880483,40.7624800,2026-01-23 18:01:03.000,_20260123_125511_CH01_REF_TMO_UDP DL 400MB_NJ DUT REF_L2.dml,,,,N41(100)+N25(15),NR SA,371,-71.160000,21.320000,0.031000,10.110314,,,,,,358.884,,,,,0.104,,,,
443,1,,,-73.9880583,40.7624617,2026-01-23 18:01:04.000,_20260123_125511_CH01_REF_TMO_UDP DL 400MB_NJ DUT REF_L2.dml,,,,N41(100)+N25(15),NR SA,371,-71.140000,22.220000,0.024000,9.347946,,,,,,354.447,,,,,0.128,,,,
444,1,,,-73.9880583,40.7624633,2026-01-23 18:01:05.000,_20260123_125511_CH01_REF_TMO_UDP DL 400MB_NJ DUT REF_L2.dml,,,,N41(100)+N25(15),NR SA,371,-71.600000,21.640000,0.021000,9.200691,,,,,,352.701,,,,,0.112,,,,
445,1,,,-73.9880583,40.7624633,2026-01-23 18:01:06.000,_20260123_125511_CH01_REF_TMO_UDP DL 400MB_NJ DUT REF_L2.dml,,,,N41(100)+N25(15),NR SA,371,-70.740000,22.140000,0.021000,8.593103,,,,,,396.526,,,,,0.112,,,,
446,1,,,-73.9880600,40.7624583,2026-01-23 18:01:07.000,_20260123_125511_CH01_REF_TMO_UDP DL 400MB_NJ DUT REF_L2.dml,,,,N41(100)+N25(15),NR SA,371,-70.000000,22.800000,0.024000,8.478355,,,,,,367.573,,,,,0.096,,,,
447,1,,,-73.9880600,40.7624600,2026-01-23 18:01:08.000,_20260123_125511_CH01_REF_TMO_UDP DL 400MB_NJ DUT REF_L2.dml,,,,N41(100)+N25(15),NR SA,371,-70.680000,22.350000,0.033000,8.541597,,,,,,318.323,,,,,0.096,,,,
448,1,,,-73.9880600,40.7624700,2026-01-23 18:01:09.000,_20260123_125511_CH01_REF_TMO_UDP DL 400MB_NJ DUT REF_L2.dml,,,,N41(100)+N25(15),NR SA,371,-71.000000,21.960000,0.024000,8.438583,,,,,,401.093,,,,,0.112,,,,
449,1,,,-73.9880617,40.7624750,2026-01-23 18:01:10.000,_20260123_125511_CH01_REF_TMO_UDP DL 400MB_NJ DUT REF_L2.dml,,,,N41(100)+N25(15),NR SA,371,-71.020000,21.320000,0.150000,8.050897,,,,,,384.604,,,,,0.128,,,,
450,1,,,-73.9880633,40.7624767,2026-01-23 18:01:11.000,_20260123_125511_CH01_REF_TMO_UDP DL 400MB_NJ DUT REF_L2.dml,,,,N41(100)+N25(15),NR SA,371,-70.660000,22.120000,0.023000,7.835264,,,,,,339.943,,,,,0.112,,,,
451,1,,,-73.9880633,40.7624767,2026-01-23 18:01:11.816,_20260123_125511_CH01_REF_TMO_UDP DL 400MB_NJ DUT REF_L2.dml,,,,,,,,,,,,,,,,,,,,IPERF_T_End,,,,,
452,1,,,-73.9880633,40.7624767,2026-01-23 18:01:12.000,_20260123_125511_CH01_REF_TMO_UDP DL 400MB_NJ DUT REF_L2.dml,,,,N41(100)+N25(15),NR SA,371,-70.080000,22.940000,0.023000,7.792421,,,,,,375.731,,,,,0.128,,,,
453,1,,,-73.9880617,40.7624800,2026-01-23 18:01:13.000,_20260123_125511_CH01_REF_TMO_UDP DL 400MB_NJ DUT REF_L2.dml,,,,N41(100)+N25(15),,371,-69.530000,23.780000,,,,,,,,,,,,,0.080,,,,
454,1,,,-73.9880650,40.7624800,2026-01-23 18:01:14.000,_20260123_125511_CH01_REF_TMO_UDP DL 400MB_NJ DUT REF_L2.dml,,,,N41(100)+N25(15),,371,-70.150000,22.830000,,,,,,,,,,,,,0.000,,,,
455,1,,,-73.9880667,40.7624817,2026-01-23 18:01:15.000,_20260123_125511_CH01_REF_TMO_UDP DL 400MB_NJ DUT REF_L2.dml,,,,N41(100)+N25(15),,371,-70.300000,23.160000,,,,,,,,,,,,,,,,,
456,1,,,-73.9880667,40.7624800,2026-01-23 18:01:16.000,_20260123_125511_CH01_REF_TMO_UDP DL 400MB_NJ DUT REF_L2.dml,,,,N41(100)+N25(15),,371,-70.000000,22.720000,,,,,,,,,,,,,0.000,,,,
457,1,,,-73.9880667,40.7624800,2026-01-23 18:01:17.000,_20260123_125511_CH01_REF_TMO_UDP DL 400MB_NJ DUT REF_L2.dml,,,,N41(100)+N25(15),,371,-69.760000,22.960000,,,,,,,,,,,,,0.000,,,,
458,1,,,-73.9880667,40.7624800,2026-01-23 18:01:18.000,_20260123_125511_CH01_REF_TMO_UDP DL 400MB_NJ DUT REF_L2.dml,,,,N41(100)+N25(15),,371,-69.660000,22.540000,,,,,,,,,,,,,0.000,,,,
459,1,,,-73.9880700,40.7624783,2026-01-23 18:01:19.000,_20260123_125511_CH01_REF_TMO_UDP DL 400MB_NJ DUT REF_L2.dml,,,,N41(100)+N25(15),,371,-69.760000,22.400000,,,,,,,,,,,,,0.000,,,,
460,1,,,-73.9880767,40.7624750,2026-01-23 18:01:20.000,_20260123_125511_CH01_REF_TMO_UDP DL 400MB_NJ DUT REF_L2.dml,,,,N41(100)+N25(15),,371,-70.340000,21.640000,,,,,,,,,,,,,0.000,,,,
461,1,,,-73.9880800,40.7624750,2026-01-23 18:01:21.000,_20260123_125511_CH01_REF_TMO_UDP DL 400MB_NJ DUT REF_L2.dml,,,,N41(100)+N25(15),,371,-70.680000,22.770000,,,,,,,,,,,,,0.000,,,,
462,1,,,-73.9880800,40.7624750,2026-01-23 18:01:22.000,_20260123_125511_CH01_REF_TMO_UDP DL 400MB_NJ DUT REF_L2.dml,,,,N41(100)+N25(15),,371,-70.000000,23.420000,,,,,,,,,,,,,0.000,,,,
463,1,,,-73.9880817,40.7624700,2026-01-23 18:01:23.000,_20260123_125511_CH01_REF_TMO_UDP DL 400MB_NJ DUT REF_L2.dml,,,,N41(100)+N25(15),,371,-70.000000,22.660000,,,,,,,,,,,,,0.000,,,,
464,1,,,-73.9880817,40.7624700,2026-01-23 18:01:24.000,_20260123_125511_CH01_REF_TMO_UDP DL 400MB_NJ DUT REF_L2.dml,,,,N41(100)+N25(15),,371,-69.400000,22.940000,,,,,,,,,,,,,0.000,,,,
465,1,,,-73.9880833,40.7624617,2026-01-23 18:01:25.000,_20260123_125511_CH01_REF_TMO_UDP DL 400MB_NJ DUT REF_L2.dml,,,,N41(100)+N25(15),,371,-70.220000,22.600000,,,,,,,,,,,,,0.000,,,,
466,1,,,-73.9880817,40.7624650,2026-01-23 18:01:26.000,_20260123_125511_CH01_REF_TMO_UDP DL 400MB_NJ DUT REF_L2.dml,,,,N41(100)+N25(15),,371,-70.000000,22.600000,,,,,,,,,,,,,0.000,,,,
467,1,,,-73.9880850,40.7624583,2026-01-23 18:01:27.000,_20260123_125511_CH01_REF_TMO_UDP DL 400MB_NJ DUT REF_L2.dml,,,,N41(100)+N25(15),,371,-70.000000,22.120000,,,,,,,,,,,,,0.000,,,,
468,1,,,-73.9880833,40.7624583,2026-01-23 18:01:28.000,_20260123_125511_CH01_REF_TMO_UDP DL 400MB_NJ DUT REF_L2.dml,,,,N41(100)+N25(15),,371,-70.730000,21.120000,,,,,,,,,,,,,0.000,,,,
469,1,,,-73.9880850,40.7624567,2026-01-23 18:01:29.000,_20260123_125511_CH01_REF_TMO_UDP DL 400MB_NJ DUT REF_L2.dml,,,,N41(100)+N25(15),,371,-70.020000,22.910000,,,,,,,,,,,,,0.008,,,,
470,1,,,-73.9880850,40.7624567,2026-01-23 18:01:30.000,_20260123_125511_CH01_REF_TMO_UDP DL 400MB_NJ DUT REF_L2.dml,,,,N41(100)+N25(15),,371,-70.320000,22.300000,,,,,,,,,,,,,0.000,,,,
471,1,,,-73.9880850,40.7624583,2026-01-23 18:01:31.000,_20260123_125511_CH01_REF_TMO_UDP DL 400MB_NJ DUT REF_L2.dml,,,,N41(100)+N25(15),,371,-70.240000,22.480000,,,,,,,,,,,,,0.000,,,,
472,1,,,-73.9880850,40.7624583,2026-01-23 18:01:31.831,_20260123_125511_CH01_REF_TMO_UDP DL 400MB_NJ DUT REF_L2.dml,,,,,,,,,,,,,,,,,,,,TIMEOUT_Idle,,,,,
473,1,,,-73.9880850,40.7624583,2026-01-23 18:01:31.831,_20260123_125511_CH01_REF_TMO_UDP DL 400MB_NJ DUT REF_L2.dml,,,,,,,,,,,,,,,,,,,,Iperf Download Call End,,,,,
474,1,,,-73.9880850,40.7624583,2026-01-23 18:01:31.831,_20260123_125511_CH01_REF_TMO_UDP DL 400MB_NJ DUT REF_L2.dml,,,,,,,,,,,,,,,,,,364.983130,,,,,,,
475,1,,,-73.9880850,40.7624583,2026-01-23 18:01:31.831,_20260123_125511_CH01_REF_TMO_UDP DL 400MB_NJ DUT REF_L2.dml,,,,,,,,,,,,,,,,,,,,START,,,,,
476,1,,,-73.9880850,40.7624583,2026-01-23 18:01:31.831,_20260123_125511_CH01_REF_TMO_UDP DL 400MB_NJ DUT REF_L2.dml,,,,,,,,,,,,,,,,,,,,IPERF_T_Start,,,,,
477,1,,,-73.9880850,40.7624583,2026-01-23 18:01:31.831,_20260123_125511_CH01_REF_TMO_UDP DL 400MB_NJ DUT REF_L2.dml,,,,,,,,,,,,,,,,,,,,Iperf Download Call Start,,,,,
478,1,,,-73.9880850,40.7624583,2026-01-23 18:01:32.000,_20260123_125511_CH01_REF_TMO_UDP DL 400MB_NJ DUT REF_L2.dml,,,,N41(100)+N25(15),,371,-70.100000,23.480000,,,,,,,,,,,,,0.000,,,,
479,1,,,-73.9880850,40.7624583,2026-01-23 18:01:32.300,_20260123_125511_CH01_REF_TMO_UDP DL 400MB_NJ DUT REF_L2.dml,,,,,,,,,,,,,,,,,,,,Iperf Download Start,,,,,
480,1,,,-73.9880850,40.7624583,2026-01-23 18:01:33.000,_20260123_125511_CH01_REF_TMO_UDP DL 400MB_NJ DUT REF_L2.dml,,,,N41(100)+N25(15),NR SA,371,-70.500000,22.760000,,,,,,,,,,,,,,,,,
481,1,,,-73.9880833,40.7624633,2026-01-23 18:01:34.000,_20260123_125511_CH01_REF_TMO_UDP DL 400MB_NJ DUT REF_L2.dml,,,,N41(100)+N25(15),NR SA,371,-70.740000,21.960000,0.039000,6.571812,,,,,,188.766,,,,,0.128,,,,
482,1,,,-73.9880817,40.7624683,2026-01-23 18:01:35.000,_20260123_125511_CH01_REF_TMO_UDP DL 400MB_NJ DUT REF_L2.dml,,,,N41(100)+N25(15),NR SA,371,-69.270000,23.430000,0.021000,10.304730,,,,,,338.403,,,,,0.160,,,,
483,1,,,-73.9880800,40.7624650,2026-01-23 18:01:36.000,_20260123_125511_CH01_REF_TMO_UDP DL 400MB_NJ DUT REF_L2.dml,,,,N41(100)+N25(15),NR SA,371,-70.450000,21.730000,0.081000,15.078707,,,,,,305.609,,,,,0.152,,,,
484,1,,,-73.9880750,40.7624633,2026-01-23 18:01:37.000,_20260123_125511_CH01_REF_TMO_UDP DL 400MB_NJ DUT REF_L2.dml,,,,N41(50)+N25(15),NR SA,371,-77.160000,13.810000,0.050000,18.896433,,,,,,299.784,,,,,0.152,,,,
485,1,,,-73.9880650,40.7624800,2026-01-23 18:01:38.000,_20260123_125511_CH01_REF_TMO_UDP DL 400MB_NJ DUT REF_L2.dml,,,,N41(50)+N25(15),NR SA,371,-81.380000,8.900000,0.027000,24.775536,,,,,,190.751,,,,,0.104,,,,
486,1,,,-73.9880600,40.7624783,2026-01-23 18:01:39.000,_20260123_125511_CH01_REF_TMO_UDP DL 400MB_NJ DUT REF_L2.dml,,,,N41(50)+N25(15),NR SA,371,-81.920000,9.140000,0.071000,26.063505,,,,,,244.036,,,,,0.112,,,,
487,1,,,-73.9880583,40.7624783,2026-01-23 18:01:40.000,_20260123_125511_CH01_REF_TMO_UDP DL 400MB_NJ DUT REF_L2.dml,,,,N41(50)+N25(15),NR SA,371,-82.220000,8.880000,0.025000,28.142637,,,,,,229.532,,,,,0.112,,,,
488,1,,,-73.9880583,40.7624850,2026-01-23 18:01:41.000,_20260123_125511_CH01_REF_TMO_UDP DL 400MB_NJ DUT REF_L2.dml,,,,N41(50)+N25(15),NR SA,371,-82.780000,8.160000,0.052000,29.747171,,,,,,232.038,,,,,0.104,,,,
489,1,,,-73.9880617,40.7624833,2026-01-23 18:01:42.000,_20260123_125511_CH01_REF_TMO_UDP DL 400MB_NJ DUT REF_L2.dml,,,,N41(50)+N25(15),NR SA,371,-81.640000,9.140000,0.034000,30.659473,,,,,,252.194,,,,,0.112,,,,
490,1,,,-73.9880617,40.7624833,2026-01-23 18:01:42.316,_20260123_125511_CH01_REF_TMO_UDP DL 400MB_NJ DUT REF_L2.dml,,,,,,,,,,,,,,,,,,,,IPERF_T_End,,,,,
491,1,,,-73.9880617,40.7624833,2026-01-23 18:01:43.000,_20260123_125511_CH01_REF_TMO_UDP DL 400MB_NJ DUT REF_L2.dml,,,,N41(50)+N25(15),NR SA,371,-81.330000,9.770000,0.048000,34.054031,,,,,,183.895,,,,,0.120,,,,
492,1,,,-73.9880617,40.7624783,2026-01-23 18:01:44.000,_20260123_125511_CH01_REF_TMO_UDP DL 400MB_NJ DUT REF_L2.dml,,,,N41(100)+N25(15),,371,-77.940000,12.610000,,,,,,,,,,,,,0.088,,,,
493,1,,,-73.9880617,40.7624700,2026-01-23 18:01:45.000,_20260123_125511_CH01_REF_TMO_UDP DL 400MB_NJ DUT REF_L2.dml,,,,N41(100)+N25(15),,371,-70.620000,22.470000,,,,,,,,,,,,,0.008,,,,
494,1,,,-73.9880617,40.7624633,2026-01-23 18:01:46.000,_20260123_125511_CH01_REF_TMO_UDP DL 400MB_NJ DUT REF_L2.dml,,,,N41(100)+N25(15),,371,-70.680000,22.960000,,,,,,,,,,,,,0.000,,,,
495,1,,,-73.9880733,40.7624650,2026-01-23 18:01:47.000,_20260123_125511_CH01_REF_TMO_UDP DL 400MB_NJ DUT REF_L2.dml,,,,N41(100)+N25(15),,371,-70.580000,23.060000,,,,,,,,,,,,,0.000,,,,
496,1,,,-73.9880667,40.7624683,2026-01-23 18:01:48.000,_20260123_125511_CH01_REF_TMO_UDP DL 400MB_NJ DUT REF_L2.dml,,,,N41(100)+N25(15),,371,-70.000000,23.000000,,,,,,,,,,,,,0.000,,,,
497,1,,,-73.9880667,40.7624683,2026-01-23 18:01:49.000,_20260123_125511_CH01_REF_TMO_UDP DL 400MB_NJ DUT REF_L2.dml,,,,N41(100)+N25(15),,371,-69.910000,23.160000,,,,,,,,,,,,,0.000,,,,
498,1,,,-73.9880667,40.7624683,2026-01-23 18:01:50.000,_20260123_125511_CH01_REF_TMO_UDP DL 400MB_NJ DUT REF_L2.dml,,,,N41(100)+N25(15),,371,-70.430000,21.920000,,,,,,,,,,,,,0.032,,,,
499,1,,,-73.9880667,40.7624683,2026-01-23 18:01:51.000,_20260123_125511_CH01_REF_TMO_UDP DL 400MB_NJ DUT REF_L2.dml,,,,N41(100)+N25(15),,371,-71.020000,22.250000,,,,,,,,,,,,,0.024,,,,
500,1,,,-73.9880667,40.7624683,2026-01-23 18:01:52.000,_20260123_125511_CH01_REF_TMO_UDP DL 400MB_NJ DUT REF_L2.dml,,,,N41(100)+N25(15),,371,-70.680000,22.520000,,,,,,,,,,,,,0.008,,,,
501,1,,,-73.9880667,40.7624683,2026-01-23 18:01:53.000,_20260123_125511_CH01_REF_TMO_UDP DL 400MB_NJ DUT REF_L2.dml,,,,N41(100)+N25(15),,371,-70.400000,23.240000,,,,,,,,,,,,,,,,,
502,1,,,-73.9880667,40.7624683,2026-01-23 18:01:54.000,_20260123_125511_CH01_REF_TMO_UDP DL 400MB_NJ DUT REF_L2.dml,,,,N41(100)+N25(15),,371,-70.040000,23.320000,,,,,,,,,,,,,0.000,,,,
503,1,,,-73.9880667,40.7624683,2026-01-23 18:01:55.000,_20260123_125511_CH01_REF_TMO_UDP DL 400MB_NJ DUT REF_L2.dml,,,,N41(100)+N25(15),,371,-70.000000,23.580000,,,,,,,,,,,,,0.000,,,,
504,1,,,-73.9880667,40.7624683,2026-01-23 18:01:56.000,_20260123_125511_CH01_REF_TMO_UDP DL 400MB_NJ DUT REF_L2.dml,,,,N41(100)+N25(15),,371,-70.760000,22.460000,,,,,,,,,,,,,0.000,,,,
505,1,,,-73.9880667,40.7624683,2026-01-23 18:01:57.000,_20260123_125511_CH01_REF_TMO_UDP DL 400MB_NJ DUT REF_L2.dml,,,,N41(100)+N25(15),,371,-70.800000,22.110000,,,,,,,,,,,,,0.000,,,,
506,1,,,-73.9880667,40.7624683,2026-01-23 18:01:58.000,_20260123_125511_CH01_REF_TMO_UDP DL 400MB_NJ DUT REF_L2.dml,,,,N41(100)+N25(15),,371,-70.660000,22.840000,,,,,,,,,,,,,0.000,,,,
507,1,,,-73.9880450,40.7624567,2026-01-23 18:01:59.000,_20260123_125511_CH01_REF_TMO_UDP DL 400MB_NJ DUT REF_L2.dml,,,,N41(100)+N25(15),,371,-71.000000,21.870000,,,,,,,,,,,,,0.000,,,,
508,1,,,-73.9880450,40.7624567,2026-01-23 18:02:00.000,_20260123_125511_CH01_REF_TMO_UDP DL 400MB_NJ DUT REF_L2.dml,,,,N41(100)+N25(15),,371,-70.480000,23.020000,,,,,,,,,,,,,0.000,,,,
509,1,,,-73.9880450,40.7624567,2026-01-23 18:02:01.000,_20260123_125511_CH01_REF_TMO_UDP DL 400MB_NJ DUT REF_L2.dml,,,,N41(100)+N25(15),,371,-71.840000,22.580000,,,,,,,,,,,,,0.000,,,,
510,1,,,-73.9880450,40.7624567,2026-01-23 18:02:02.000,_20260123_125511_CH01_REF_TMO_UDP DL 400MB_NJ DUT REF_L2.dml,,,,N41(x)+N71(x),,371,-70.630000,21.970000,,,,,,,,,,,,,0.000,,,,
511,1,,,-73.9880450,40.7624567,2026-01-23 18:02:02.331,_20260123_125511_CH01_REF_TMO_UDP DL 400MB_NJ DUT REF_L2.dml,,,,,,,,,,,,,,,,,,,,TIMEOUT_Idle,,,,,
512,1,,,-73.9880450,40.7624567,2026-01-23 18:02:02.331,_20260123_125511_CH01_REF_TMO_UDP DL 400MB_NJ DUT REF_L2.dml,,,,,,,,,,,,,,,,,,,,Iperf Download Call End,,,,,
513,1,,,-73.9880450,40.7624567,2026-01-23 18:02:02.331,_20260123_125511_CH01_REF_TMO_UDP DL 400MB_NJ DUT REF_L2.dml,,,,,,,,,,,,,,,,,,246.501274,,,,,,,
514,1,,,-73.9880450,40.7624567,2026-01-23 18:02:02.331,_20260123_125511_CH01_REF_TMO_UDP DL 400MB_NJ DUT REF_L2.dml,,,,,,,,,,,,,,,,,,,,START,,,,,
515,1,,,-73.9880450,40.7624567,2026-01-23 18:02:02.331,_20260123_125511_CH01_REF_TMO_UDP DL 400MB_NJ DUT REF_L2.dml,,,,,,,,,,,,,,,,,,,,IPERF_T_Start,,,,,
516,1,,,-73.9880450,40.7624567,2026-01-23 18:02:02.331,_20260123_125511_CH01_REF_TMO_UDP DL 400MB_NJ DUT REF_L2.dml,,,,,,,,,,,,,,,,,,,,Iperf Download Call Start,,,,,
517,1,,,-73.9880450,40.7624567,2026-01-23 18:02:03.000,_20260123_125511_CH01_REF_TMO_UDP DL 400MB_NJ DUT REF_L2.dml,,,,N41(100)+N71(15),,371,-71.750000,21.060000,,,,,,,,,,,,,,,,,
518,1,,,-73.9880450,40.7624567,2026-01-23 18:02:03.035,_20260123_125511_CH01_REF_TMO_UDP DL 400MB_NJ DUT REF_L2.dml,,,,,,,,,,,,,,,,,,,,Iperf Download Start,,,,,
519,1,,,-73.9880450,40.7624567,2026-01-23 18:02:04.000,_20260123_125511_CH01_REF_TMO_UDP DL 400MB_NJ DUT REF_L2.dml,,,,N41(100)+N71(15),NR SA,371,-72.180000,20.380000,,,,,,,,,,,,,0.128,,,,
520,1,,,-73.9880450,40.7624567,2026-01-23 18:02:05.000,_20260123_125511_CH01_REF_TMO_UDP DL 400MB_NJ DUT REF_L2.dml,,,,N41(100)+N71(15),NR SA,371,-72.140000,20.200000,0.062000,5.521845,,,,,,270.245,,,,,0.104,,,,
521,1,,,-73.9880450,40.7624567,2026-01-23 18:02:06.000,_20260123_125511_CH01_REF_TMO_UDP DL 400MB_NJ DUT REF_L2.dml,,,,N41(100)+N71(15),NR SA,371,-73.460000,19.160000,0.010000,7.877700,,,,,,308.593,,,,,0.120,,,,
522,1,,,-73.9880450,40.7624567,2026-01-23 18:02:07.000,_20260123_125511_CH01_REF_TMO_UDP DL 400MB_NJ DUT REF_L2.dml,,,,N41(100)+N71(15),NR SA,371,-73.060000,19.880000,0.003000,9.600612,,,,,,356.899,,,,,0.128,,,,
523,1,,,-73.9880450,40.7624567,2026-01-23 18:02:08.000,_20260123_125511_CH01_REF_TMO_UDP DL 400MB_NJ DUT REF_L2.dml,,,,N41(100)+N71(15),NR SA,371,-72.220000,20.900000,0.037000,10.594053,,,,,,401.875,,,,,0.136,,,,
524,1,,,-73.9880450,40.7624567,2026-01-23 18:02:09.000,_20260123_125511_CH01_REF_TMO_UDP DL 400MB_NJ DUT REF_L2.dml,,,,N41(100)+N71(15),NR SA,371,-71.920000,21.120000,0.030000,11.330282,,,,,,369.114,,,,,0.144,,,,
525,1,,,-73.9880450,40.7624567,2026-01-23 18:02:10.000,_20260123_125511_CH01_REF_TMO_UDP DL 400MB_NJ DUT REF_L2.dml,,,,N41(100)+N71(15),NR SA,371,-71.720000,20.970000,0.049000,12.823332,,,,,,383.791,,,,,0.144,,,,
526,1,,,-73.9880450,40.7624567,2026-01-23 18:02:11.000,_20260123_125511_CH01_REF_TMO_UDP DL 400MB_NJ DUT REF_L2.dml,,,,N41(50)+N71(15),NR SA,371,-73.890000,19.290000,0.027000,13.006924,,,,,,338.425,,,,,,,,,
527,1,,,-73.9880450,40.7624567,2026-01-23 18:02:12.000,_20260123_125511_CH01_REF_TMO_UDP DL 400MB_NJ DUT REF_L2.dml,,,,N41(50)+N71(15),NR SA,371,-76.980000,15.470000,0.022000,13.307021,,,,,,242.127,,,,,0.112,,,,
528,1,,,-73.9880450,40.7624567,2026-01-23 18:02:13.000,_20260123_125511_CH01_REF_TMO_UDP DL 400MB_NJ DUT REF_L2.dml,,,,N41(50)+N71(15),NR SA,371,-79.950000,12.220000,0.119000,13.685581,,,,,,234.490,,,,,0.152,,,,
529,1,,,-73.9880450,40.7624567,2026-01-23 18:02:13.050,_20260123_125511_CH01_REF_TMO_UDP DL 400MB_NJ DUT REF_L2.dml,,,,,,,,,,,,,,,,,,,,IPERF_T_End,,,,,
530,1,,,-73.9880450,40.7624567,2026-01-23 18:02:14.000,_20260123_125511_CH01_REF_TMO_UDP DL 400MB_NJ DUT REF_L2.dml,,,,N41(50)+N71(15),NR SA,371,-80.880000,10.860000,0.053000,15.451168,,,,,,224.911,,,,,0.128,,,,
531,1,,,-73.9880450,40.7624567,2026-01-23 18:02:15.000,_20260123_125511_CH01_REF_TMO_UDP DL 400MB_NJ DUT REF_L2.dml,,,,N41(50)+N71(15),,371,-81.730000,10.070000,,,,,,,,,,,,,0.040,,,,
532,1,,,-73.9880450,40.7624567,2026-01-23 18:02:16.000,_20260123_125511_CH01_REF_TMO_UDP DL 400MB_NJ DUT REF_L2.dml,,,,N41(50)+N71(15),,371,-81.090000,9.980000,,,,,,,,,,,,,,,,,
533,1,,,-73.9880450,40.7624567,2026-01-23 18:02:17.000,_20260123_125511_CH01_REF_TMO_UDP DL 400MB_NJ DUT REF_L2.dml,,,,N41(50)+N71(15),,371,-81.160000,10.720000,,,,,,,,,,,,,0.000,,,,
534,1,,,-73.9880450,40.7624567,2026-01-23 18:02:18.000,_20260123_125511_CH01_REF_TMO_UDP DL 400MB_NJ DUT REF_L2.dml,,,,N41(50)+N71(15),,371,-80.720000,11.720000,,,,,,,,,,,,,,,,,
535,1,,,-73.9880450,40.7624567,2026-01-23 18:02:19.000,_20260123_125511_CH01_REF_TMO_UDP DL 400MB_NJ DUT REF_L2.dml,,,,N41(100)+N71(15),,371,-71.800000,21.130000,,,,,,,,,,,,,0.000,,,,
536,1,,,-73.9880450,40.7624567,2026-01-23 18:02:20.000,_20260123_125511_CH01_REF_TMO_UDP DL 400MB_NJ DUT REF_L2.dml,,,,N41(100)+N71(15),,371,-70.020000,22.860000,,,,,,,,,,,,,0.000,,,,
537,1,,,-73.9880450,40.7624567,2026-01-23 18:02:21.000,_20260123_125511_CH01_REF_TMO_UDP DL 400MB_NJ DUT REF_L2.dml,,,,N41(100)+N71(15),,371,-70.600000,23.180000,,,,,,,,,,,,,0.000,,,,
538,1,,,-73.9880450,40.7624567,2026-01-23 18:02:22.000,_20260123_125511_CH01_REF_TMO_UDP DL 400MB_NJ DUT REF_L2.dml,,,,N41(100)+N71(15),,371,-70.000000,23.340000,,,,,,,,,,,,,0.000,,,,
539,1,,,-73.9880450,40.7624567,2026-01-23 18:02:23.000,_20260123_125511_CH01_REF_TMO_UDP DL 400MB_NJ DUT REF_L2.dml,,,,N41(100)+N71(15),,371,-70.000000,23.460000,,,,,,,,,,,,,0.000,,,,
540,1,,,-73.9880450,40.7624567,2026-01-23 18:02:24.000,_20260123_125511_CH01_REF_TMO_UDP DL 400MB_NJ DUT REF_L2.dml,,,,N41(100)+N71(15),,371,-70.300000,23.540000,,,,,,,,,,,,,0.000,,,,
541,1,,,-73.9880450,40.7624567,2026-01-23 18:02:25.000,_20260123_125511_CH01_REF_TMO_UDP DL 400MB_NJ DUT REF_L2.dml,,,,N41(100)+N71(15),,371,-71.000000,22.390000,,,,,,,,,,,,,0.000,,,,
542,1,,,-73.9880450,40.7624567,2026-01-23 18:02:26.000,_20260123_125511_CH01_REF_TMO_UDP DL 400MB_NJ DUT REF_L2.dml,,,,N41(100)+N71(15),,371,-70.580000,23.200000,,,,,,,,,,,,,0.000,,,,
543,1,,,-73.9880450,40.7624567,2026-01-23 18:02:27.000,_20260123_125511_CH01_REF_TMO_UDP DL 400MB_NJ DUT REF_L2.dml,,,,N41(100)+N71(15),,371,-70.140000,22.900000,,,,,,,,,,,,,0.000,,,,
544,1,,,-73.9879667,40.7623767,2026-01-23 18:02:28.000,_20260123_125511_CH01_REF_TMO_UDP DL 400MB_NJ DUT REF_L2.dml,,,,N41(100)+N71(15),,371,-70.240000,23.450000,,,,,,,,,,,,,0.000,,,,
545,1,,,-73.9879667,40.7623750,2026-01-23 18:02:29.000,_20260123_125511_CH01_REF_TMO_UDP DL 400MB_NJ DUT REF_L2.dml,,,,N41(x)+N71(x),,371,-70.000000,23.000000,,,,,,,,,,,,,,,,,
546,1,,,-73.9879683,40.7623750,2026-01-23 18:02:30.000,_20260123_125511_CH01_REF_TMO_UDP DL 400MB_NJ DUT REF_L2.dml,,,,N41(100)+N71(x),,371,-70.570000,22.140000,,,,,,,,,,,,,,,,,
547,1,,,-73.9879683,40.7623750,2026-01-23 18:02:31.000,_20260123_125511_CH01_REF_TMO_UDP DL 400MB_NJ DUT REF_L2.dml,,,,,,,,,,,,,,,,,,,,,,,,,
548,1,,,-73.9879683,40.7623750,2026-01-23 18:02:32.000,_20260123_125511_CH01_REF_TMO_UDP DL 400MB_NJ DUT REF_L2.dml,,,,,,,,,,,,,,,,,,,,,,,,,
549,1,,,-73.9879683,40.7623750,2026-01-23 18:02:33.050,_20260123_125511_CH01_REF_TMO_UDP DL 400MB_NJ DUT REF_L2.dml,,,,,,,,,,,,,,,,,,,,TIMEOUT_Idle,,,,,
550,1,,,-73.9879683,40.7623750,2026-01-23 18:02:33.050,_20260123_125511_CH01_REF_TMO_UDP DL 400MB_NJ DUT REF_L2.dml,,,,,,,,,,,,,,,,,,,,Iperf Download Call End,,,,,
551,1,,,-73.9879683,40.7623750,2026-01-23 18:02:33.050,_20260123_125511_CH01_REF_TMO_UDP DL 400MB_NJ DUT REF_L2.dml,,,,,,,,,,,,,,,,,,313.047245,,,,,,,
552,1,,,-73.9879683,40.7623750,2026-01-23 18:02:33.050,_20260123_125511_CH01_REF_TMO_UDP DL 400MB_NJ DUT REF_L2.dml,,,,,,,,,,,,,,,,,,,,START,,,,,
553,1,,,-73.9879683,40.7623750,2026-01-23 18:02:33.050,_20260123_125511_CH01_REF_TMO_UDP DL 400MB_NJ DUT REF_L2.dml,,,,,,,,,,,,,,,,,,,,IPERF_T_Start,,,,,
554,1,,,-73.9879683,40.7623750,2026-01-23 18:02:33.050,_20260123_125511_CH01_REF_TMO_UDP DL 400MB_NJ DUT REF_L2.dml,,,,,,,,,,,,,,,,,,,,Iperf Download Call Start,,,,,
555,1,,,-73.9879683,40.7623750,2026-01-23 18:02:33.000,_20260123_125511_CH01_REF_TMO_UDP DL 400MB_NJ DUT REF_L2.dml,,,,,,,,,,,,,,,,,,,,,,,,,
556,1,,,-73.9879683,40.7623750,2026-01-23 18:02:33.739,_20260123_125511_CH01_REF_TMO_UDP DL 400MB_NJ DUT REF_L2.dml,,,,,,,,,,,,,,,,,,,,Iperf Download Start,,,,,
557,1,,,-73.9879683,40.7623750,2026-01-23 18:02:34.000,_20260123_125511_CH01_REF_TMO_UDP DL 400MB_NJ DUT REF_L2.dml,,,,N41(100)+N71(x),NR SA,371,-70.070000,23.130000,,,,,,,,,,,,,,,,,
558,1,,,-73.9879683,40.7623750,2026-01-23 18:02:35.000,_20260123_125511_CH01_REF_TMO_UDP DL 400MB_NJ DUT REF_L2.dml,,,,N41(100)+N71(15),NR SA,371,-70.460000,23.460000,0.020000,5.455051,,,,,,221.103,,,,,0.136,,,,
559,1,,,-73.9879683,40.7623750,2026-01-23 18:02:36.000,_20260123_125511_CH01_REF_TMO_UDP DL 400MB_NJ DUT REF_L2.dml,,,,N41(100)+N71(15),NR SA,371,-70.200000,23.220000,0.123000,7.752891,,,,,,218.522,,,,,0.104,,,,
560,1,,,-73.9879683,40.7623750,2026-01-23 18:02:37.000,_20260123_125511_CH01_REF_TMO_UDP DL 400MB_NJ DUT REF_L2.dml,,,,N41(100)+N71(15),NR SA,371,-70.200000,23.580000,0.008000,16.355373,,,,,,217.187,,,,,0.128,,,,
561,1,,,-73.9879683,40.7623750,2026-01-23 18:02:38.000,_20260123_125511_CH01_REF_TMO_UDP DL 400MB_NJ DUT REF_L2.dml,,,,N41(100)+N71(15),NR SA,371,-70.360000,23.100000,0.012000,19.087740,,,,,,302.648,,,,,0.136,,,,
562,1,,,-73.9879683,40.7623750,2026-01-23 18:02:39.000,_20260123_125511_CH01_REF_TMO_UDP DL 400MB_NJ DUT REF_L2.dml,,,,N41(100)+N71(15),NR SA,371,-70.760000,22.940000,0.015000,19.511322,,,,,,334.140,,,,,0.144,,,,
563,1,,,-73.9879683,40.7623750,2026-01-23 18:02:40.000,_20260123_125511_CH01_REF_TMO_UDP DL 400MB_NJ DUT REF_L2.dml,,,,N41(100)+N71(15),NR SA,371,-70.180000,24.120000,0.049000,23.887453,,,,,,338.555,,,,,0.136,,,,
564,1,,,-73.9879683,40.7623750,2026-01-23 18:02:41.000,_20260123_125511_CH01_REF_TMO_UDP DL 400MB_NJ DUT REF_L2.dml,,,,N41(100)+N71(15),NR SA,371,-70.000000,24.180000,0.028000,24.552813,,,,,,291.388,,,,,0.152,,,,
565,1,,,-73.9879683,40.7623750,2026-01-23 18:02:42.000,_20260123_125511_CH01_REF_TMO_UDP DL 400MB_NJ DUT REF_L2.dml,,,,N41(100)+N71(15),NR SA,371,-71.020000,22.310000,0.054000,23.950621,,,,,,367.313,,,,,0.168,,,,
566,1,,,-73.9879683,40.7623750,2026-01-23 18:02:43.000,_20260123_125511_CH01_REF_TMO_UDP DL 400MB_NJ DUT REF_L2.dml,,,,N41(100)+N71(15),NR SA,371,-70.400000,22.520000,0.028000,22.712416,,,,,,387.186,,,,,0.168,,,,
567,1,,,-73.9879683,40.7623750,2026-01-23 18:02:43.754,_20260123_125511_CH01_REF_TMO_UDP DL 400MB_NJ DUT REF_L2.dml,,,,,,,,,,,,,,,,,,,,IPERF_T_End,,,,,
568,1,,,-73.9879683,40.7623750,2026-01-23 18:02:44.000,_20260123_125511_CH01_REF_TMO_UDP DL 400MB_NJ DUT REF_L2.dml,,,,N41(100)+N71(15),NR SA,371,-70.660000,22.840000,0.025000,21.657402,,,,,,425.708,,,,,0.192,,,,
569,1,,,-73.9879683,40.7623750,2026-01-23 18:02:45.000,_20260123_125511_CH01_REF_TMO_UDP DL 400MB_NJ DUT REF_L2.dml,,,,N41(100)+N71(15),,371,-70.640000,22.500000,,,,,,,,,,,,,0.096,,,,
570,1,,,-73.9879683,40.7623750,2026-01-23 18:02:46.000,_20260123_125511_CH01_REF_TMO_UDP DL 400MB_NJ DUT REF_L2.dml,,,,N41(100)+N71(15),,371,-71.340000,21.820000,,,,,,,,,,,,,0.000,,,,
571,1,,,-73.9879683,40.7623750,2026-01-23 18:02:47.000,_20260123_125511_CH01_REF_TMO_UDP DL 400MB_NJ DUT REF_L2.dml,,,,N41(100)+N71(15),,371,-71.520000,23.080000,,,,,,,,,,,,,0.000,,,,
572,1,,,-73.9879683,40.7623750,2026-01-23 18:02:48.000,_20260123_125511_CH01_REF_TMO_UDP DL 400MB_NJ DUT REF_L2.dml,,,,N41(100)+N71(15),,371,-71.500000,23.330000,,,,,,,,,,,,,0.000,,,,
573,1,,,-73.9879683,40.7623750,2026-01-23 18:02:49.000,_20260123_125511_CH01_REF_TMO_UDP DL 400MB_NJ DUT REF_L2.dml,,,,N41(100)+N25(15),,371,-72.310000,19.170000,,,,,,,,,,,,,0.000,,,,
574,1,,,-73.9879683,40.7623750,2026-01-23 18:02:50.000,_20260123_125511_CH01_REF_TMO_UDP DL 400MB_NJ DUT REF_L2.dml,,,,N41(50)+N25(15),,371,-75.620000,12.080000,,,,,,,,,,,,,0.016,,,,
575,1,,,-73.9879683,40.7623750,2026-01-23 18:02:51.000,_20260123_125511_CH01_REF_TMO_UDP DL 400MB_NJ DUT REF_L2.dml,,,,N41(50)+N25(15),,371,-76.060000,9.560000,,,,,,,,,,,,,0.032,,,,
576,1,,,-73.9879683,40.7623750,2026-01-23 18:02:52.000,_20260123_125511_CH01_REF_TMO_UDP DL 400MB_NJ DUT REF_L2.dml,,,,N41(50)+N25(15),,371,-74.560000,10.310000,,,,,,,,,,,,,0.000,,,,
577,1,,,-73.9879683,40.7623750,2026-01-23 18:02:53.000,_20260123_125511_CH01_REF_TMO_UDP DL 400MB_NJ DUT REF_L2.dml,,,,N41(50)+N25(15),,371,-74.040000,11.950000,,,,,,,,,,,,,0.000,,,,
578,1,,,-73.9879683,40.7623750,2026-01-23 18:02:54.000,_20260123_125511_CH01_REF_TMO_UDP DL 400MB_NJ DUT REF_L2.dml,,,,N41(50)+N25(15),,371,-75.680000,9.800000,,,,,,,,,,,,,,,,,
579,1,,,-73.9879683,40.7623750,2026-01-23 18:02:55.000,_20260123_125511_CH01_REF_TMO_UDP DL 400MB_NJ DUT REF_L2.dml,,,,N41(50)+N25(15),,371,-75.280000,10.070000,,,,,,,,,,,,,0.000,,,,
580,1,,,-73.9879683,40.7623750,2026-01-23 18:02:56.000,_20260123_125511_CH01_REF_TMO_UDP DL 400MB_NJ DUT REF_L2.dml,,,,N41(50)+N25(15),,371,-75.930000,10.640000,,,,,,,,,,,,,0.000,,,,
581,1,,,-73.9879683,40.7623750,2026-01-23 18:02:57.000,_20260123_125511_CH01_REF_TMO_UDP DL 400MB_NJ DUT REF_L2.dml,,,,N41(50)+N25(15),,371,-73.640000,12.180000,,,,,,,,,,,,,0.000,,,,
582,1,,,-73.9879683,40.7623750,2026-01-23 18:02:58.000,_20260123_125511_CH01_REF_TMO_UDP DL 400MB_NJ DUT REF_L2.dml,,,,N41(50)+N25(15),,371,-72.840000,12.680000,,,,,,,,,,,,,0.000,,,,
583,1,,,-73.9879683,40.7623750,2026-01-23 18:02:59.000,_20260123_125511_CH01_REF_TMO_UDP DL 400MB_NJ DUT REF_L2.dml,,,,N41(50)+N25(15),,371,-74.000000,11.520000,,,,,,,,,,,,,0.000,,,,
584,1,,,-73.9879683,40.7623750,2026-01-23 18:03:00.000,_20260123_125511_CH01_REF_TMO_UDP DL 400MB_NJ DUT REF_L2.dml,,,,N41(50)+N25(15),,371,-75.480000,11.180000,,,,,,,,,,,,,0.000,,,,
585,1,,,-73.9879683,40.7623750,2026-01-23 18:03:01.000,_20260123_125511_CH01_REF_TMO_UDP DL 400MB_NJ DUT REF_L2.dml,,,,N41(50)+N25(15),,371,-74.340000,11.860000,,,,,,,,,,,,,0.000,,,,
586,1,,,-73.9879617,40.7623583,2026-01-23 18:03:02.000,_20260123_125511_CH01_REF_TMO_UDP DL 400MB_NJ DUT REF_L2.dml,,,,N41(x)+N25(x),,371,-75.200000,10.870000,,,,,,,,,,,,,0.000,,,,
587,1,,,-73.9879667,40.7623600,2026-01-23 18:03:03.000,_20260123_125511_CH01_REF_TMO_UDP DL 400MB_NJ DUT REF_L2.dml,,,,N41(40)+N25(x),,371,-77.830000,9.670000,,,,,,,,,,,,,,,,,
588,1,,,-73.9879683,40.7623617,2026-01-23 18:03:03.769,_20260123_125511_CH01_REF_TMO_UDP DL 400MB_NJ DUT REF_L2.dml,,,,,,,,,,,,,,,,,,,,TIMEOUT_Idle,,,,,
589,1,,,-73.9879683,40.7623617,2026-01-23 18:03:03.769,_20260123_125511_CH01_REF_TMO_UDP DL 400MB_NJ DUT REF_L2.dml,,,,,,,,,,,,,,,,,,,,Iperf Download Call End,,,,,
590,1,,,-73.9879683,40.7623617,2026-01-23 18:03:03.769,_20260123_125511_CH01_REF_TMO_UDP DL 400MB_NJ DUT REF_L2.dml,,,,,,,,,,,,,,,,,,310.375382,,,,,,,
591,1,,,-73.9879683,40.7623617,2026-01-23 18:03:03.769,_20260123_125511_CH01_REF_TMO_UDP DL 400MB_NJ DUT REF_L2.dml,,,,,,,,,,,,,,,,,,,,START,,,,,
592,1,,,-73.9879683,40.7623617,2026-01-23 18:03:03.769,_20260123_125511_CH01_REF_TMO_UDP DL 400MB_NJ DUT REF_L2.dml,,,,,,,,,,,,,,,,,,,,IPERF_T_Start,,,,,
593,1,,,-73.9879683,40.7623617,2026-01-23 18:03:03.769,_20260123_125511_CH01_REF_TMO_UDP DL 400MB_NJ DUT REF_L2.dml,,,,,,,,,,,,,,,,,,,,Iperf Download Call Start,,,,,
594,1,,,-73.9879683,40.7623617,2026-01-23 18:03:04.000,_20260123_125511_CH01_REF_TMO_UDP DL 400MB_NJ DUT REF_L2.dml,,,,,,,,,,,,,,,,,,,,,,,,,
595,1,,,-73.9879683,40.7623617,2026-01-23 18:03:04.644,_20260123_125511_CH01_REF_TMO_UDP DL 400MB_NJ DUT REF_L2.dml,,,,,,,,,,,,,,,,,,,,Iperf Download Start,,,,,
596,1,,,-73.9879683,40.7623617,2026-01-23 18:03:05.000,_20260123_125511_CH01_REF_TMO_UDP DL 400MB_NJ DUT REF_L2.dml,,,,N41(50)+N71(15),NR SA,371,-79.700000,11.520000,,,,,,,,,,,,,,,,,
597,1,,,-73.9879700,40.7623633,2026-01-23 18:03:06.000,_20260123_125511_CH01_REF_TMO_UDP DL 400MB_NJ DUT REF_L2.dml,,,,N41(50)+N71(15),NR SA,371,-78.820000,12.220000,0.114000,2.189040,,,,,,146.382,,,,,0.120,,,,
598,1,,,-73.9879700,40.7623650,2026-01-23 18:03:07.000,_20260123_125511_CH01_REF_TMO_UDP DL 400MB_NJ DUT REF_L2.dml,,,,N41(50)+N71(15),NR SA,371,-79.600000,11.760000,0.022000,23.224358,,,,,,143.020,,,,,0.096,,,,
599,1,,,-73.9879667,40.7623650,2026-01-23 18:03:08.000,_20260123_125511_CH01_REF_TMO_UDP DL 400MB_NJ DUT REF_L2.dml,,,,N41(50)+N71(15),NR SA,371,-78.480000,12.960000,0.073000,27.774920,,,,,,152.262,,,,,0.096,,,,
600,1,,,-73.9879633,40.7623667,2026-01-23 18:03:09.000,_20260123_125511_CH01_REF_TMO_UDP DL 400MB_NJ DUT REF_L2.dml,,,,N41(50)+N71(15),NR SA,371,-78.380000,13.620000,0.089000,30.620001,,,,,,164.325,,,,,0.112,,,,
601,1,,,-73.9879600,40.7623700,2026-01-23 18:03:10.000,_20260123_125511_CH01_REF_TMO_UDP DL 400MB_NJ DUT REF_L2.dml,,,,N41(50)+N71(15),NR SA,371,-80.360000,11.320000,0.016000,35.330551,,,,,,141.598,,,,,0.056,,,,
602,1,,,-73.9879600,40.7623700,2026-01-23 18:03:11.000,_20260123_125511_CH01_REF_TMO_UDP DL 400MB_NJ DUT REF_L2.dml,,,,N41(50)+N71(15),NR SA,371,-78.760000,12.380000,0.012000,40.019848,,,,,,255.643,,,,,0.080,,,,
603,1,,,-73.9879600,40.7623717,2026-01-23 18:03:12.000,_20260123_125511_CH01_REF_TMO_UDP DL 400MB_NJ DUT REF_L2.dml,,,,N41(50)+N71(15),NR SA,371,-78.230000,13.410000,0.053000,42.238068,,,,,,171.582,,,,,0.048,,,,
604,1,,,-73.9879600,40.7623733,2026-01-23 18:03:13.000,_20260123_125511_CH01_REF_TMO_UDP DL 400MB_NJ DUT REF_L2.dml,,,,N41(50)+N71(15),NR SA,371,-77.740000,13.220000,0.031000,48.975319,,,,,,236.670,,,,,0.088,,,,
605,1,,,-73.9879583,40.7623767,2026-01-23 18:03:14.000,_20260123_125511_CH01_REF_TMO_UDP DL 400MB_NJ DUT REF_L2.dml,,,,N41(50)+N71(15),NR SA,371,-80.900000,10.020000,0.029000,48.189159,,,,,,243.277,,,,,0.064,,,,
606,1,,,-73.9879583,40.7623783,2026-01-23 18:03:14.644,_20260123_125511_CH01_REF_TMO_UDP DL 400MB_NJ DUT REF_L2.dml,,,,,,,,,,,,,,,,,,,,IPERF_T_End,,,,,
607,1,,,-73.9879583,40.7623783,2026-01-23 18:03:15.000,_20260123_125511_CH01_REF_TMO_UDP DL 400MB_NJ DUT REF_L2.dml,,,,N41(50)+N71(15),NR SA,371,-81.800000,9.360000,0.024000,47.514328,,,,,,215.029,,,,,0.064,,,,
608,1,,,-73.9879567,40.7623800,2026-01-23 18:03:16.000,_20260123_125511_CH01_REF_TMO_UDP DL 400MB_NJ DUT REF_L2.dml,,,,N41(50)+N71(15),,371,-79.920000,11.160000,,,,,,,,,,,,,0.080,,,,
609,1,,,-73.9879567,40.7623817,2026-01-23 18:03:17.000,_20260123_125511_CH01_REF_TMO_UDP DL 400MB_NJ DUT REF_L2.dml,,,,N41(50)+N71(15),,371,-81.020000,10.080000,,,,,,,,,,,,,0.088,,,,
610,1,,,-73.9879550,40.7623817,2026-01-23 18:03:18.000,_20260123_125511_CH01_REF_TMO_UDP DL 400MB_NJ DUT REF_L2.dml,,,,N41(50)+N71(15),,371,-79.220000,12.380000,,,,,,,,,,,,,0.000,,,,
611,1,,,-73.9879550,40.7623817,2026-01-23 18:03:19.000,_20260123_125511_CH01_REF_TMO_UDP DL 400MB_NJ DUT REF_L2.dml,,,,N41(50)+N71(15),,371,-79.830000,11.290000,,,,,,,,,,,,,0.000,,,,
612,1,,,-73.9879550,40.7623817,2026-01-23 18:03:20.000,_20260123_125511_CH01_REF_TMO_UDP DL 400MB_NJ DUT REF_L2.dml,,,,N41(50)+N71(15),,371,-76.430000,14.350000,,,,,,,,,,,,,0.008,,,,
613,1,,,-73.9879550,40.7623817,2026-01-23 18:03:21.000,_20260123_125511_CH01_REF_TMO_UDP DL 400MB_NJ DUT REF_L2.dml,,,,N41(100)+N71(15),,371,-70.880000,22.300000,,,,,,,,,,,,,0.000,,,,
614,1,,,-73.9879550,40.7623817,2026-01-23 18:03:22.000,_20260123_125511_CH01_REF_TMO_UDP DL 400MB_NJ DUT REF_L2.dml,,,,N41(100)+N71(15),,371,-70.980000,22.760000,,,,,,,,,,,,,,,,,
615,1,,,-73.9879500,40.7623733,2026-01-23 18:03:23.000,_20260123_125511_CH01_REF_TMO_UDP DL 400MB_NJ DUT REF_L2.dml,,,,N41(100)+N71(15),,371,-71.250000,22.560000,,,,,,,,,,,,,0.000,,,,
616,1,,,-73.9879517,40.7623700,2026-01-23 18:03:24.000,_20260123_125511_CH01_REF_TMO_UDP DL 400MB_NJ DUT REF_L2.dml,,,,N41(100)+N71(15),,371,-70.040000,23.480000,,,,,,,,,,,,,0.000,,,,
617,1,,,-73.9879517,40.7623667,2026-01-23 18:03:25.000,_20260123_125511_CH01_REF_TMO_UDP DL 400MB_NJ DUT REF_L2.dml,,,,N41(100)+N71(15),,371,-71.020000,23.400000,,,,,,,,,,,,,0.000,,,,
618,1,,,-73.9879533,40.7623650,2026-01-23 18:03:26.000,_20260123_125511_CH01_REF_TMO_UDP DL 400MB_NJ DUT REF_L2.dml,,,,N41(100)+N71(15),,371,-70.830000,23.380000,,,,,,,,,,,,,0.000,,,,
619,1,,,-73.9879550,40.7623633,2026-01-23 18:03:27.000,_20260123_125511_CH01_REF_TMO_UDP DL 400MB_NJ DUT REF_L2.dml,,,,N41(100)+N71(15),,371,-71.000000,22.140000,,,,,,,,,,,,,0.000,,,,
620,1,,,-73.9879567,40.7623617,2026-01-23 18:03:28.000,_20260123_125511_CH01_REF_TMO_UDP DL 400MB_NJ DUT REF_L2.dml,,,,N41(100)+N71(15),,371,-71.070000,21.490000,,,,,,,,,,,,,0.008,,,,
621,1,,,-73.9879567,40.7623617,2026-01-23 18:03:29.000,_20260123_125511_CH01_REF_TMO_UDP DL 400MB_NJ DUT REF_L2.dml,,,,N41(100)+N71(15),,371,-71.380000,22.800000,,,,,,,,,,,,,0.000,,,,
622,1,,,-73.9879567,40.7623617,2026-01-23 18:03:30.000,_20260123_125511_CH01_REF_TMO_UDP DL 400MB_NJ DUT REF_L2.dml,,,,N41(x)+N25(x),,371,-72.230000,21.600000,,,,,,,,,,,,,0.000,,,,
623,1,,,-73.9879567,40.7623617,2026-01-23 18:03:31.000,_20260123_125511_CH01_REF_TMO_UDP DL 400MB_NJ DUT REF_L2.dml,,,,N41(100)+N25(x),,371,-72.330000,21.000000,,,,,,,,,,,,,,,,,
624,1,,,-73.9879567,40.7623617,2026-01-23 18:03:32.000,_20260123_125511_CH01_REF_TMO_UDP DL 400MB_NJ DUT REF_L2.dml,,,,,,,,,,,,,,,,,,,,,,,,,
625,1,,,-73.9879567,40.7623617,2026-01-23 18:03:33.000,_20260123_125511_CH01_REF_TMO_UDP DL 400MB_NJ DUT REF_L2.dml,,,,,,,,,,,,,,,,,,,,,,,,,
626,1,,,-73.9879567,40.7623617,2026-01-23 18:03:34.000,_20260123_125511_CH01_REF_TMO_UDP DL 400MB_NJ DUT REF_L2.dml,,,,,,,,,,,,,,,,,,,,,,,,,
627,1,,,-73.9879567,40.7623617,2026-01-23 18:03:34.644,_20260123_125511_CH01_REF_TMO_UDP DL 400MB_NJ DUT REF_L2.dml,,,,,,,,,,,,,,,,,,,,TIMEOUT_Idle,,,,,
628,1,,,-73.9879567,40.7623617,2026-01-23 18:03:34.644,_20260123_125511_CH01_REF_TMO_UDP DL 400MB_NJ DUT REF_L2.dml,,,,,,,,,,,,,,,,,,,,Iperf Download Call End,,,,,
629,1,,,-73.9879567,40.7623617,2026-01-23 18:03:34.644,_20260123_125511_CH01_REF_TMO_UDP DL 400MB_NJ DUT REF_L2.dml,,,,,,,,,,,,,,,,,,186.979382,,,,,,,
630,1,,,-73.9879567,40.7623617,2026-01-23 18:03:34.644,_20260123_125511_CH01_REF_TMO_UDP DL 400MB_NJ DUT REF_L2.dml,,,,,,,,,,,,,,,,,,,,START,,,,,
631,1,,,-73.9879567,40.7623617,2026-01-23 18:03:34.644,_20260123_125511_CH01_REF_TMO_UDP DL 400MB_NJ DUT REF_L2.dml,,,,,,,,,,,,,,,,,,,,IPERF_T_Start,,,,,
632,1,,,-73.9879567,40.7623617,2026-01-23 18:03:34.644,_20260123_125511_CH01_REF_TMO_UDP DL 400MB_NJ DUT REF_L2.dml,,,,,,,,,,,,,,,,,,,,Iperf Download Call Start,,,,,
633,1,,,-73.9879567,40.7623617,2026-01-23 18:03:35.000,_20260123_125511_CH01_REF_TMO_UDP DL 400MB_NJ DUT REF_L2.dml,,,,,,,,,,,,,,,,,,,,,,,,,
634,1,,,-73.9879567,40.7623617,2026-01-23 18:03:35.441,_20260123_125511_CH01_REF_TMO_UDP DL 400MB_NJ DUT REF_L2.dml,,,,,,,,,,,,,,,,,,,,Iperf Download Start,,,,,
635,1,,,-73.9879567,40.7623617,2026-01-23 18:03:36.000,_20260123_125511_CH01_REF_TMO_UDP DL 400MB_NJ DUT REF_L2.dml,,,,N41(100)+N71(x),NR SA,371,-71.020000,20.580000,,,,,,,,,,,,,,,,,
636,1,,,-73.9879567,40.7623617,2026-01-23 18:03:37.000,_20260123_125511_CH01_REF_TMO_UDP DL 400MB_NJ DUT REF_L2.dml,,,,N41(100)+N71(15),NR SA,371,-70.300000,22.800000,0.038000,8.797709,,,,,,214.117,,,,,0.120,,,,
637,1,,,-73.9879650,40.7623583,2026-01-23 18:03:38.000,_20260123_125511_CH01_REF_TMO_UDP DL 400MB_NJ DUT REF_L2.dml,,,,N41(100)+N71(15),NR SA,371,-70.980000,22.220000,0.015000,15.349726,,,,,,184.730,,,,,0.096,,,,
638,1,,,-73.9879617,40.7623617,2026-01-23 18:03:39.000,_20260123_125511_CH01_REF_TMO_UDP DL 400MB_NJ DUT REF_L2.dml,,,,N41(100)+N71(15),NR SA,371,-71.720000,21.980000,0.015000,17.478449,,,,,,268.867,,,,,0.104,,,,
639,1,,,-73.9879600,40.7623617,2026-01-23 18:03:40.000,_20260123_125511_CH01_REF_TMO_UDP DL 400MB_NJ DUT REF_L2.dml,,,,N41(100)+N71(15),NR SA,371,-71.020000,23.260000,0.050000,20.150433,,,,,,253.582,,,,,0.096,,,,
640,1,,,-73.9879583,40.7623633,2026-01-23 18:03:41.000,_20260123_125511_CH01_REF_TMO_UDP DL 400MB_NJ DUT REF_L2.dml,,,,N41(100)+N71(15),NR SA,371,-71.000000,21.960000,0.063000,19.377785,,,,,,266.426,,,,,0.112,,,,
641,1,,,-73.9879583,40.7623633,2026-01-23 18:03:42.000,_20260123_125511_CH01_REF_TMO_UDP DL 400MB_NJ DUT REF_L2.dml,,,,N41(100)+N71(15),NR SA,371,-70.130000,22.900000,0.037000,19.621851,,,,,,263.541,,,,,0.096,,,,
642,1,,,-73.9879583,40.7623633,2026-01-23 18:03:43.000,_20260123_125511_CH01_REF_TMO_UDP DL 400MB_NJ DUT REF_L2.dml,,,,N41(100)+N71(15),NR SA,371,-70.810000,23.060000,0.016000,20.072233,,,,,,253.224,,,,,0.104,,,,
643,1,,,-73.9879583,40.7623633,2026-01-23 18:03:44.000,_20260123_125511_CH01_REF_TMO_UDP DL 400MB_NJ DUT REF_L2.dml,,,,N41(50)+N71(15),NR SA,371,-78.870000,13.780000,0.056000,24.848679,,,,,,292.896,,,,,,,,,
644,1,,,-73.9879583,40.7623633,2026-01-23 18:03:45.000,_20260123_125511_CH01_REF_TMO_UDP DL 400MB_NJ DUT REF_L2.dml,,,,N41(50)+N71(15),NR SA,371,-80.960000,10.940000,0.060000,31.394367,,,,,,206.426,,,,,0.264,,,,
645,1,,,-73.9879583,40.7623633,2026-01-23 18:03:45.456,_20260123_125511_CH01_REF_TMO_UDP DL 400MB_NJ DUT REF_L2.dml,,,,,,,,,,,,,,,,,,,,IPERF_T_End,,,,,
646,1,,,-73.9879583,40.7623633,2026-01-23 18:03:46.000,_20260123_125511_CH01_REF_TMO_UDP DL 400MB_NJ DUT REF_L2.dml,,,,N41(50)+N71(15),NR SA,371,-79.820000,11.440000,0.031000,33.610924,,,,,,249.623,,,,,0.176,,,,
647,1,,,-73.9879583,40.7623633,2026-01-23 18:03:47.000,_20260123_125511_CH01_REF_TMO_UDP DL 400MB_NJ DUT REF_L2.dml,,,,N41(50)+N71(15),,371,-79.680000,11.080000,,,,,,,,,,,,,,,,,
648,1,,,-73.9879583,40.7623633,2026-01-23 18:03:48.000,_20260123_125511_CH01_REF_TMO_UDP DL 400MB_NJ DUT REF_L2.dml,,,,N41(50)+N71(15),,371,-81.580000,10.400000,,,,,,,,,,,,,0.080,,,,
649,1,,,-73.9879583,40.7623633,2026-01-23 18:03:49.000,_20260123_125511_CH01_REF_TMO_UDP DL 400MB_NJ DUT REF_L2.dml,,,,N41(50)+N71(15),,371,-82.600000,10.080000,,,,,,,,,,,,,0.000,,,,
650,1,,,-73.9879583,40.7623633,2026-01-23 18:03:50.000,_20260123_125511_CH01_REF_TMO_UDP DL 400MB_NJ DUT REF_L2.dml,,,,N41(50)+N71(15),,371,-81.930000,8.900000,,,,,,,,,,,,,0.000,,,,
651,1,,,-73.9879583,40.7623633,2026-01-23 18:03:51.000,_20260123_125511_CH01_REF_TMO_UDP DL 400MB_NJ DUT REF_L2.dml,,,,N41(100)+N71(15),,371,-74.680000,15.910000,,,,,,,,,,,,,0.008,,,,
652,1,,,-73.9879583,40.7623633,2026-01-23 18:03:52.000,_20260123_125511_CH01_REF_TMO_UDP DL 400MB_NJ DUT REF_L2.dml,,,,N41(100)+N71(15),,371,-71.640000,21.360000,,,,,,,,,,,,,0.064,,,,
653,1,,,-73.9879583,40.7623633,2026-01-23 18:03:53.000,_20260123_125511_CH01_REF_TMO_UDP DL 400MB_NJ DUT REF_L2.dml,,,,N41(100)+N71(15),,371,-71.540000,22.080000,,,,,,,,,,,,,0.000,,,,
654,1,,,-73.9879583,40.7623633,2026-01-23 18:03:54.000,_20260123_125511_CH01_REF_TMO_UDP DL 400MB_NJ DUT REF_L2.dml,,,,N41(100)+N71(15),,371,-71.440000,22.080000,,,,,,,,,,,,,0.000,,,,
655,1,,,-73.9879583,40.7623633,2026-01-23 18:03:55.000,_20260123_125511_CH01_REF_TMO_UDP DL 400MB_NJ DUT REF_L2.dml,,,,N41(100)+N71(15),,371,-71.160000,22.040000,,,,,,,,,,,,,0.000,,,,
656,1,,,-73.9879583,40.7623633,2026-01-23 18:03:56.000,_20260123_125511_CH01_REF_TMO_UDP DL 400MB_NJ DUT REF_L2.dml,,,,N41(100)+N71(15),,371,-71.720000,21.660000,,,,,,,,,,,,,0.000,,,,
657,1,,,-73.9879583,40.7623633,2026-01-23 18:03:57.000,_20260123_125511_CH01_REF_TMO_UDP DL 400MB_NJ DUT REF_L2.dml,,,,N41(100)+N71(15),,371,-71.800000,22.050000,,,,,,,,,,,,,0.000,,,,
658,1,,,-73.9879583,40.7623633,2026-01-23 18:03:58.000,_20260123_125511_CH01_REF_TMO_UDP DL 400MB_NJ DUT REF_L2.dml,,,,N41(100)+N71(15),,371,-71.070000,22.860000,,,,,,,,,,,,,,,,,
659,1,,,-73.9879583,40.7623633,2026-01-23 18:03:59.000,_20260123_125511_CH01_REF_TMO_UDP DL 400MB_NJ DUT REF_L2.dml,,,,N41(100)+N71(15),,371,-71.000000,22.640000,,,,,,,,,,,,,0.000,,,,
660,1,,,-73.9879583,40.7623633,2026-01-23 18:04:00.000,_20260123_125511_CH01_REF_TMO_UDP DL 400MB_NJ DUT REF_L2.dml,,,,N41(100)+N71(15),,371,-71.100000,22.400000,,,,,,,,,,,,,0.000,,,,
661,1,,,-73.9879583,40.7623633,2026-01-23 18:04:01.000,_20260123_125511_CH01_REF_TMO_UDP DL 400MB_NJ DUT REF_L2.dml,,,,N41(100)+N71(15),,371,-71.840000,22.280000,,,,,,,,,,,,,0.000,,,,
662,1,,,-73.9879583,40.7623633,2026-01-23 18:04:02.000,_20260123_125511_CH01_REF_TMO_UDP DL 400MB_NJ DUT REF_L2.dml,,,,N41(100)+N71(15),,371,-71.320000,22.600000,,,,,,,,,,,,,0.000,,,,
663,1,,,-73.9879583,40.7623633,2026-01-23 18:04:03.000,_20260123_125511_CH01_REF_TMO_UDP DL 400MB_NJ DUT REF_L2.dml,,,,N41(x)+N71(x),,371,-70.450000,23.000000,,,,,,,,,,,,,,,,,
664,1,,,-73.9879583,40.7623633,2026-01-23 18:04:04.000,_20260123_125511_CH01_REF_TMO_UDP DL 400MB_NJ DUT REF_L2.dml,,,,N41(100)+N71(x),,371,-70.000000,22.880000,,,,,,,,,,,,,,,,,
665,1,,,-73.9879583,40.7623633,2026-01-23 18:04:05.000,_20260123_125511_CH01_REF_TMO_UDP DL 400MB_NJ DUT REF_L2.dml,,,,,,,,,,,,,,,,,,,,,,,,,
666,1,,,-73.9879583,40.7623633,2026-01-23 18:04:05.472,_20260123_125511_CH01_REF_TMO_UDP DL 400MB_NJ DUT REF_L2.dml,,,,,,,,,,,,,,,,,,,,TIMEOUT_Idle,,,,,
667,1,,,-73.9879583,40.7623633,2026-01-23 18:04:05.472,_20260123_125511_CH01_REF_TMO_UDP DL 400MB_NJ DUT REF_L2.dml,,,,,,,,,,,,,,,,,,,,Iperf Download Call End,,,,,
668,1,,,-73.9879583,40.7623633,2026-01-23 18:04:05.472,_20260123_125511_CH01_REF_TMO_UDP DL 400MB_NJ DUT REF_L2.dml,,,,,,,,,,,,,,,,,,245.343792,,,,,,,
669,1,,,-73.9879583,40.7623633,2026-01-23 18:04:05.472,_20260123_125511_CH01_REF_TMO_UDP DL 400MB_NJ DUT REF_L2.dml,,,,,,,,,,,,,,,,,,,,START,,,,,
670,1,,,-73.9879583,40.7623633,2026-01-23 18:04:05.472,_20260123_125511_CH01_REF_TMO_UDP DL 400MB_NJ DUT REF_L2.dml,,,,,,,,,,,,,,,,,,,,IPERF_T_Start,,,,,
671,1,,,-73.9879583,40.7623633,2026-01-23 18:04:05.472,_20260123_125511_CH01_REF_TMO_UDP DL 400MB_NJ DUT REF_L2.dml,,,,,,,,,,,,,,,,,,,,Iperf Download Call Start,,,,,
672,1,,,-73.9879583,40.7623633,2026-01-23 18:04:06.000,_20260123_125511_CH01_REF_TMO_UDP DL 400MB_NJ DUT REF_L2.dml,,,,N41(100)+N71(x),,371,-70.830000,20.670000,,,,,,,,,,,,,,,,,
673,1,,,-73.9879583,40.7623633,2026-01-23 18:04:06.114,_20260123_125511_CH01_REF_TMO_UDP DL 400MB_NJ DUT REF_L2.dml,,,,,,,,,,,,,,,,,,,,Iperf Download Start,,,,,
674,1,,,-73.9878933,40.7623533,2026-01-23 18:04:07.000,_20260123_125511_CH01_REF_TMO_UDP DL 400MB_NJ DUT REF_L2.dml,,,,N41(100)+N71(15),NR SA,371,-70.840000,22.520000,,,,,,,,,,,,,0.128,,,,
675,1,,,-73.9878900,40.7623500,2026-01-23 18:04:08.000,_20260123_125511_CH01_REF_TMO_UDP DL 400MB_NJ DUT REF_L2.dml,,,,N41(100)+N71(15),NR SA,371,-71.020000,22.740000,0.007000,5.718883,,,,,,235.173,,,,,0.128,,,,
676,1,,,-73.9878900,40.7623483,2026-01-23 18:04:09.000,_20260123_125511_CH01_REF_TMO_UDP DL 400MB_NJ DUT REF_L2.dml,,,,N41(100)+N71(15),NR SA,371,-71.940000,22.200000,0.101000,6.781432,,,,,,248.863,,,,,0.136,,,,
677,1,,,-73.9878900,40.7623483,2026-01-23 18:04:10.000,_20260123_125511_CH01_REF_TMO_UDP DL 400MB_NJ DUT REF_L2.dml,,,,N41(100)+N71(15),NR SA,371,-71.000000,22.260000,0.013000,11.565320,,,,,,239.946,,,,,0.128,,,,
678,1,,,-73.9878917,40.7623483,2026-01-23 18:04:11.000,_20260123_125511_CH01_REF_TMO_UDP DL 400MB_NJ DUT REF_L2.dml,,,,N41(100)+N71(15),NR SA,371,-71.140000,22.200000,0.063000,17.721985,,,,,,219.888,,,,,0.152,,,,
679,1,,,-73.9878917,40.7623483,2026-01-23 18:04:12.000,_20260123_125511_CH01_REF_TMO_UDP DL 400MB_NJ DUT REF_L2.dml,,,,N41(100)+N71(15),NR SA,371,-71.340000,21.560000,0.004000,20.250906,,,,,,243.613,,,,,0.144,,,,
680,1,,,-73.9878917,40.7623483,2026-01-23 18:04:13.000,_20260123_125511_CH01_REF_TMO_UDP DL 400MB_NJ DUT REF_L2.dml,,,,N41(100)+N71(15),NR SA,371,-71.370000,22.020000,0.028000,22.025536,,,,,,192.519,,,,,0.152,,,,
681,1,,,-73.9878917,40.7623483,2026-01-23 18:04:14.000,_20260123_125511_CH01_REF_TMO_UDP DL 400MB_NJ DUT REF_L2.dml,,,,N41(100)+N71(15),NR SA,371,-71.550000,21.890000,0.145000,23.618027,,,,,,192.519,,,,,0.144,,,,
682,1,,,-73.9878917,40.7623483,2026-01-23 18:04:15.000,_20260123_125511_CH01_REF_TMO_UDP DL 400MB_NJ DUT REF_L2.dml,,,,N41(100)+N71(15),NR SA,371,-71.900000,21.320000,0.026000,24.361494,,,,,,234.609,,,,,0.136,,,,
683,1,,,-73.9878917,40.7623483,2026-01-23 18:04:16.000,_20260123_125511_CH01_REF_TMO_UDP DL 400MB_NJ DUT REF_L2.dml,,,,N41(100)+N71(15),NR SA,371,-71.300000,21.720000,0.457000,24.754427,,,,,,254.526,,,,,0.144,,,,
684,1,,,-73.9878917,40.7623483,2026-01-23 18:04:16.114,_20260123_125511_CH01_REF_TMO_UDP DL 400MB_NJ DUT REF_L2.dml,,,,,,,,,,,,,,,,,,,,IPERF_T_End,,,,,
685,1,,,-73.9878917,40.7623483,2026-01-23 18:04:17.000,_20260123_125511_CH01_REF_TMO_UDP DL 400MB_NJ DUT REF_L2.dml,,,,N41(100)+N71(15),NR SA,371,-71.890000,21.040000,0.009000,24.390728,,,,,,334.259,,,,,0.136,,,,
686,1,,,-73.9878850,40.7623417,2026-01-23 18:04:18.000,_20260123_125511_CH01_REF_TMO_UDP DL 400MB_NJ DUT REF_L2.dml,,,,N41(100)+N71(15),,371,-71.400000,21.420000,,,,,,,,,,,,,0.008,,,,
687,1,,,-73.9878833,40.7623433,2026-01-23 18:04:19.000,_20260123_125511_CH01_REF_TMO_UDP DL 400MB_NJ DUT REF_L2.dml,,,,N41(100)+N71(15),,371,-71.290000,21.620000,,,,,,,,,,,,,,,,,
688,1,,,-73.9878833,40.7623367,2026-01-23 18:04:20.000,_20260123_125511_CH01_REF_TMO_UDP DL 400MB_NJ DUT REF_L2.dml,,,,N41(100)+N71(15),,371,-71.280000,21.580000,,,,,,,,,,,,,0.000,,,,
689,1,,,-73.9878833,40.7623250,2026-01-23 18:04:21.000,_20260123_125511_CH01_REF_TMO_UDP DL 400MB_NJ DUT REF_L2.dml,,,,N41(100)+N71(15),,371,-70.760000,21.570000,,,,,,,,,,,,,0.000,,,,
690,1,,,-73.9878817,40.7623100,2026-01-23 18:04:22.000,_20260123_125511_CH01_REF_TMO_UDP DL 400MB_NJ DUT REF_L2.dml,,,,N41(100)+N25(15),,371,-74.100000,13.380000,,,,,,,,,,,,,,,,,
691,1,,,-73.9878767,40.7622917,2026-01-23 18:04:23.000,_20260123_125511_CH01_REF_TMO_UDP DL 400MB_NJ DUT REF_L2.dml,,,,N41(50)+N25(15),,371,-74.780000,11.880000,,,,,,,,,,,,,0.000,,,,
692,1,,,-73.9878683,40.7622750,2026-01-23 18:04:24.000,_20260123_125511_CH01_REF_TMO_UDP DL 400MB_NJ DUT REF_L2.dml,,,,N41(50)+N25(15),,371,-73.910000,12.510000,,,,,,,,,,,,,0.000,,,,
693,1,,,-73.9878583,40.7622750,2026-01-23 18:04:25.000,_20260123_125511_CH01_REF_TMO_UDP DL 400MB_NJ DUT REF_L2.dml,,,,N41(50)+N25(15),,371,-74.340000,13.280000,,,,,,,,,,,,,0.000,,,,
694,1,,,-73.9878617,40.7622617,2026-01-23 18:04:26.000,_20260123_125511_CH01_REF_TMO_UDP DL 400MB_NJ DUT REF_L2.dml,,,,N41(50)+N25(15),,371,-74.470000,12.530000,,,,,,,,,,,,,0.000,,,,
695,1,,,-73.9878583,40.7622633,2026-01-23 18:04:27.000,_20260123_125511_CH01_REF_TMO_UDP DL 400MB_NJ DUT REF_L2.dml,,,,N41(50)+N25(15),,371,-74.300000,12.060000,,,,,,,,,,,,,0.000,,,,
696,1,,,-73.9878583,40.7622567,2026-01-23 18:04:28.000,_20260123_125511_CH01_REF_TMO_UDP DL 400MB_NJ DUT REF_L2.dml,,,,N41(50)+N25(15),,371,-75.820000,12.800000,,,,,,,,,,,,,0.000,,,,
697,1,,,-73.9878583,40.7622583,2026-01-23 18:04:29.000,_20260123_125511_CH01_REF_TMO_UDP DL 400MB_NJ DUT REF_L2.dml,,,,N41(50)+N25(15),,371,-72.120000,20.260000,,,,,,,,,,,,,,,,,
698,1,,,-73.9878617,40.7622567,2026-01-23 18:04:30.000,_20260123_125511_CH01_REF_TMO_UDP DL 400MB_NJ DUT REF_L2.dml,,,,N41(100)+N25(15),,371,-71.040000,21.760000,,,,,,,,,,,,,0.000,,,,
699,1,,,-73.9878650,40.7622600,2026-01-23 18:04:31.000,_20260123_125511_CH01_REF_TMO_UDP DL 400MB_NJ DUT REF_L2.dml,,,,N41(100)+N25(15),,371,-70.640000,22.420000,,,,,,,,,,,,,0.000,,,,
700,1,,,-73.9878683,40.7622600,2026-01-23 18:04:32.000,_20260123_125511_CH01_REF_TMO_UDP DL 400MB_NJ DUT REF_L2.dml,,,,N41(100)+N25(15),,371,-71.140000,22.020000,,,,,,,,,,,,,0.000,,,,
701,1,,,-73.9878717,40.7622633,2026-01-23 18:04:33.000,_20260123_125511_CH01_REF_TMO_UDP DL 400MB_NJ DUT REF_L2.dml,,,,N41(100)+N25(15),,371,-70.840000,21.920000,,,,,,,,,,,,,0.000,,,,
702,1,,,-73.9878733,40.7622633,2026-01-23 18:04:34.000,_20260123_125511_CH01_REF_TMO_UDP DL 400MB_NJ DUT REF_L2.dml,,,,N41(100)+N25(15),,371,-70.560000,22.840000,,,,,,,,,,,,,0.000,,,,
703,1,,,-73.9878733,40.7622633,2026-01-23 18:04:35.000,_20260123_125511_CH01_REF_TMO_UDP DL 400MB_NJ DUT REF_L2.dml,,,,N41(100)+N25(15),,371,-70.790000,22.670000,,,,,,,,,,,,,0.000,,,,
704,1,,,-73.9878717,40.7622633,2026-01-23 18:04:36.000,_20260123_125511_CH01_REF_TMO_UDP DL 400MB_NJ DUT REF_L2.dml,,,,N41(100)+N25(15),,371,-70.700000,22.240000,,,,,,,,,,,,,0.016,,,,
705,1,,,-73.9878717,40.7622633,2026-01-23 18:04:36.129,_20260123_125511_CH01_REF_TMO_UDP DL 400MB_NJ DUT REF_L2.dml,,,,,,,,,,,,,,,,,,,,TIMEOUT_Idle,,,,,
706,1,,,-73.9878717,40.7622633,2026-01-23 18:04:36.129,_20260123_125511_CH01_REF_TMO_UDP DL 400MB_NJ DUT REF_L2.dml,,,,,,,,,,,,,,,,,,,,Iperf Download Call End,,,,,
707,1,,,-73.9878717,40.7622633,2026-01-23 18:04:36.129,_20260123_125511_CH01_REF_TMO_UDP DL 400MB_NJ DUT REF_L2.dml,,,,,,,,,,,,,,,,,,239.592182,,,,,,,
708,1,,,-73.9878717,40.7622633,2026-01-23 18:04:36.129,_20260123_125511_CH01_REF_TMO_UDP DL 400MB_NJ DUT REF_L2.dml,,,,,,,,,,,,,,,,,,,,START,,,,,
709,1,,,-73.9878717,40.7622633,2026-01-23 18:04:36.129,_20260123_125511_CH01_REF_TMO_UDP DL 400MB_NJ DUT REF_L2.dml,,,,,,,,,,,,,,,,,,,,IPERF_T_Start,,,,,
710,1,,,-73.9878717,40.7622633,2026-01-23 18:04:36.129,_20260123_125511_CH01_REF_TMO_UDP DL 400MB_NJ DUT REF_L2.dml,,,,,,,,,,,,,,,,,,,,Iperf Download Call Start,,,,,
711,1,,,-73.9878717,40.7622583,2026-01-23 18:04:36.566,_20260123_125511_CH01_REF_TMO_UDP DL 400MB_NJ DUT REF_L2.dml,,,,,,,,,,,,,,,,,,,,Iperf Download Start,,,,,
712,1,,,-73.9878717,40.7622583,2026-01-23 18:04:37.000,_20260123_125511_CH01_REF_TMO_UDP DL 400MB_NJ DUT REF_L2.dml,,,,N41(50)+N71(15),NR SA,371,-75.690000,18.070000,,,,,,,,,,,,,,,,,
713,1,,,-73.9878700,40.7622583,2026-01-23 18:04:38.000,_20260123_125511_CH01_REF_TMO_UDP DL 400MB_NJ DUT REF_L2.dml,,,,N41(50)+N71(15),NR SA,371,-82.280000,10.460000,0.022000,6.576206,,,,,,199.418,,,,,0.152,,,,
714,1,,,-73.9878700,40.7622617,2026-01-23 18:04:39.000,_20260123_125511_CH01_REF_TMO_UDP DL 400MB_NJ DUT REF_L2.dml,,,,N41(50)+N71(15),NR SA,371,-80.360000,12.300000,0.016000,14.976478,,,,,,237.777,,,,,0.216,,,,
715,1,,,-73.9878717,40.7622583,2026-01-23 18:04:40.000,_20260123_125511_CH01_REF_TMO_UDP DL 400MB_NJ DUT REF_L2.dml,,,,N41(50)+N71(15),NR SA,371,-79.500000,13.800000,0.034000,20.788403,,,,,,233.752,,,,,0.160,,,,
716,1,,,-73.9878733,40.7622617,2026-01-23 18:04:41.000,_20260123_125511_CH01_REF_TMO_UDP DL 400MB_NJ DUT REF_L2.dml,,,,N41(50)+N71(15),NR SA,371,-79.880000,13.440000,0.013000,24.286280,,,,,,201.924,,,,,0.168,,,,
717,1,,,-73.9878750,40.7622600,2026-01-23 18:04:42.000,_20260123_125511_CH01_REF_TMO_UDP DL 400MB_NJ DUT REF_L2.dml,,,,N41(50)+N71(15),NR SA,371,-80.320000,13.420000,0.086000,26.137730,,,,,,159.747,,,,,0.160,,,,
718,1,,,-73.9878750,40.7622617,2026-01-23 18:04:43.000,_20260123_125511_CH01_REF_TMO_UDP DL 400MB_NJ DUT REF_L2.dml,,,,N41(50)+N71(15),NR SA,371,-80.720000,12.910000,0.018000,27.542965,,,,,,167.026,,,,,0.144,,,,
719,1,,,-73.9878733,40.7622600,2026-01-23 18:04:44.000,_20260123_125511_CH01_REF_TMO_UDP DL 400MB_NJ DUT REF_L2.dml,,,,N41(100)+N71(15),NR SA,371,-77.050000,16.550000,0.166000,38.615337,,,,,,139.190,,,,,0.104,,,,
720,1,,,-73.9878717,40.7622600,2026-01-23 18:04:45.000,_20260123_125511_CH01_REF_TMO_UDP DL 400MB_NJ DUT REF_L2.dml,,,,N41(100)+N71(15),NR SA,371,-70.550000,23.070000,0.085000,36.637207,,,,,,232.852,,,,,0.112,,,,
721,1,,,-73.9878700,40.7622567,2026-01-23 18:04:46.000,_20260123_125511_CH01_REF_TMO_UDP DL 400MB_NJ DUT REF_L2.dml,,,,N41(100)+N71(15),NR SA,371,-71.120000,21.740000,0.196000,35.767059,,,,,,231.452,,,,,0.128,,,,
722,1,,,-73.9878683,40.7622567,2026-01-23 18:04:46.566,_20260123_125511_CH01_REF_TMO_UDP DL 400MB_NJ DUT REF_L2.dml,,,,,,,,,,,,,,,,,,,,IPERF_T_End,,,,,
723,1,,,-73.9878683,40.7622567,2026-01-23 18:04:47.000,_20260123_125511_CH01_REF_TMO_UDP DL 400MB_NJ DUT REF_L2.dml,,,,N41(100)+N71(15),NR SA,371,-71.000000,21.720000,0.012000,35.638885,,,,,,187.008,,,,,0.120,,,,
724,1,,,-73.9878667,40.7622533,2026-01-23 18:04:48.000,_20260123_125511_CH01_REF_TMO_UDP DL 400MB_NJ DUT REF_L2.dml,,,,N41(100)+N71(15),,371,-70.640000,21.780000,,,,,,,,,,,,,0.112,,,,
725,1,,,-73.9878667,40.7622533,2026-01-23 18:04:49.000,_20260123_125511_CH01_REF_TMO_UDP DL 400MB_NJ DUT REF_L2.dml,,,,N41(100)+N71(15),,371,-70.440000,22.450000,,,,,,,,,,,,,0.000,,,,
726,1,,,-73.9878667,40.7622533,2026-01-23 18:04:50.000,_20260123_125511_CH01_REF_TMO_UDP DL 400MB_NJ DUT REF_L2.dml,,,,N41(100)+N71(15),,371,-70.360000,22.110000,,,,,,,,,,,,,0.000,,,,
727,1,,,-73.9878667,40.7622533,2026-01-23 18:04:51.000,_20260123_125511_CH01_REF_TMO_UDP DL 400MB_NJ DUT REF_L2.dml,,,,N41(100)+N71(15),,371,-70.920000,22.720000,,,,,,,,,,,,,0.000,,,,
728,1,,,-73.9878667,40.7622533,2026-01-23 18:04:52.000,_20260123_125511_CH01_REF_TMO_UDP DL 400MB_NJ DUT REF_L2.dml,,,,N41(100)+N71(15),,371,-71.220000,21.780000,,,,,,,,,,,,,0.000,,,,
729,1,,,-73.9878667,40.7622533,2026-01-23 18:04:53.000,_20260123_125511_CH01_REF_TMO_UDP DL 400MB_NJ DUT REF_L2.dml,,,,N41(100)+N71(15),,371,-70.520000,22.320000,,,,,,,,,,,,,0.048,,,,
730,1,,,-73.9878667,40.7622533,2026-01-23 18:04:54.000,_20260123_125511_CH01_REF_TMO_UDP DL 400MB_NJ DUT REF_L2.dml,,,,N41(100)+N71(15),,371,-71.160000,21.360000,,,,,,,,,,,,,0.000,,,,
731,1,,,-73.9878667,40.7622533,2026-01-23 18:04:55.000,_20260123_125511_CH01_REF_TMO_UDP DL 400MB_NJ DUT REF_L2.dml,,,,N41(100)+N71(15),,371,-71.040000,21.880000,,,,,,,,,,,,,0.000,,,,
732,1,,,-73.9878667,40.7622533,2026-01-23 18:04:56.000,_20260123_125511_CH01_REF_TMO_UDP DL 400MB_NJ DUT REF_L2.dml,,,,N41(100)+N71(15),,371,-70.820000,22.130000,,,,,,,,,,,,,0.000,,,,
733,1,,,-73.9878667,40.7622533,2026-01-23 18:04:57.000,_20260123_125511_CH01_REF_TMO_UDP DL 400MB_NJ DUT REF_L2.dml,,,,N41(100)+N71(15),,371,-70.940000,22.590000,,,,,,,,,,,,,,,,,
734,1,,,-73.9878667,40.7622533,2026-01-23 18:04:58.000,_20260123_125511_CH01_REF_TMO_UDP DL 400MB_NJ DUT REF_L2.dml,,,,N41(100)+N71(15),,371,-71.190000,22.330000,,,,,,,,,,,,,0.000,,,,
735,1,,,-73.9878667,40.7622533,2026-01-23 18:04:59.000,_20260123_125511_CH01_REF_TMO_UDP DL 400MB_NJ DUT REF_L2.dml,,,,N41(100)+N71(15),,371,-70.640000,22.000000,,,,,,,,,,,,,0.000,,,,
736,1,,,-73.9878667,40.7622533,2026-01-23 18:05:00.000,_20260123_125511_CH01_REF_TMO_UDP DL 400MB_NJ DUT REF_L2.dml,,,,N41(100)+N71(15),,371,-71.160000,21.040000,,,,,,,,,,,,,0.000,,,,
737,1,,,-73.9878667,40.7622533,2026-01-23 18:05:01.000,_20260123_125511_CH01_REF_TMO_UDP DL 400MB_NJ DUT REF_L2.dml,,,,N41(100)+N71(15),,371,-71.240000,22.400000,,,,,,,,,,,,,0.000,,,,
738,1,,,-73.9878667,40.7622533,2026-01-23 18:05:02.000,_20260123_125511_CH01_REF_TMO_UDP DL 400MB_NJ DUT REF_L2.dml,,,,N41(100)+N71(15),,371,-71.040000,21.920000,,,,,,,,,,,,,0.000,,,,
739,1,,,-73.9878667,40.7622533,2026-01-23 18:05:03.000,_20260123_125511_CH01_REF_TMO_UDP DL 400MB_NJ DUT REF_L2.dml,,,,N41(100)+N71(15),,371,-70.940000,22.020000,,,,,,,,,,,,,0.000,,,,
740,1,,,-73.9878667,40.7622533,2026-01-23 18:05:04.000,_20260123_125511_CH01_REF_TMO_UDP DL 400MB_NJ DUT REF_L2.dml,,,,N41(100)+N71(x),,371,-70.670000,22.100000,,,,,,,,,,,,,,,,,
741,1,,,-73.9878667,40.7622533,2026-01-23 18:05:05.000,_20260123_125511_CH01_REF_TMO_UDP DL 400MB_NJ DUT REF_L2.dml,,,,,,,,,,,,,,,,,,,,,,,,,
742,1,,,-73.9878667,40.7622533,2026-01-23 18:05:06.000,_20260123_125511_CH01_REF_TMO_UDP DL 400MB_NJ DUT REF_L2.dml,,,,N41(100),,371,-70.000000,20.000000,,,,,,,,,,,,,,,,,
743,1,,,-73.9878667,40.7622533,2026-01-23 18:05:06.581,_20260123_125511_CH01_REF_TMO_UDP DL 400MB_NJ DUT REF_L2.dml,,,,,,,,,,,,,,,,,,,,TIMEOUT_Idle,,,,,
744,1,,,-73.9878667,40.7622533,2026-01-23 18:05:06.581,_20260123_125511_CH01_REF_TMO_UDP DL 400MB_NJ DUT REF_L2.dml,,,,,,,,,,,,,,,,,,,,Iperf Download Call End,,,,,
745,1,,,-73.9878667,40.7622533,2026-01-23 18:05:06.581,_20260123_125511_CH01_REF_TMO_UDP DL 400MB_NJ DUT REF_L2.dml,,,,,,,,,,,,,,,,,,199.015238,,,,,,,
746,1,,,-73.9878667,40.7622533,2026-01-23 18:05:06.581,_20260123_125511_CH01_REF_TMO_UDP DL 400MB_NJ DUT REF_L2.dml,,,,,,,,,,,,,,,,,,,,START,,,,,
747,1,,,-73.9878667,40.7622533,2026-01-23 18:05:06.581,_20260123_125511_CH01_REF_TMO_UDP DL 400MB_NJ DUT REF_L2.dml,,,,,,,,,,,,,,,,,,,,IPERF_T_Start,,,,,
748,1,,,-73.9878667,40.7622533,2026-01-23 18:05:06.581,_20260123_125511_CH01_REF_TMO_UDP DL 400MB_NJ DUT REF_L2.dml,,,,,,,,,,,,,,,,,,,,Iperf Download Call Start,,,,,
749,1,,,-73.9878617,40.7622417,2026-01-23 18:05:07.000,_20260123_125511_CH01_REF_TMO_UDP DL 400MB_NJ DUT REF_L2.dml,,,,N41(100),,371,-70.000000,23.000000,,,,,,,,,,,,,,,,,
750,1,,,-73.9878617,40.7622417,2026-01-23 18:05:07.254,_20260123_125511_CH01_REF_TMO_UDP DL 400MB_NJ DUT REF_L2.dml,,,,,,,,,,,,,,,,,,,,Iperf Download Start,,,,,
751,1,,,-73.9878600,40.7622383,2026-01-23 18:05:08.000,_20260123_125511_CH01_REF_TMO_UDP DL 400MB_NJ DUT REF_L2.dml,,,,N41(100)+N25(15),NR SA,371,-70.120000,21.860000,,,,,,,,,,,,,,,,,
752,1,,,-73.9878600,40.7622367,2026-01-23 18:05:09.000,_20260123_125511_CH01_REF_TMO_UDP DL 400MB_NJ DUT REF_L2.dml,,,,N41(100)+N25(15),NR SA,371,-71.600000,21.220000,0.024000,12.600095,,,,,,299.556,,,,,0.144,,,,
753,1,,,-73.9878633,40.7622417,2026-01-23 18:05:10.000,_20260123_125511_CH01_REF_TMO_UDP DL 400MB_NJ DUT REF_L2.dml,,,,N41(100)+N25(15),NR SA,371,-70.920000,21.420000,0.041000,12.378180,,,,,,301.248,,,,,0.188,,,,
754,1,,,-73.9878633,40.7622417,2026-01-23 18:05:11.000,_20260123_125511_CH01_REF_TMO_UDP DL 400MB_NJ DUT REF_L2.dml,,,,N41(100)+N25(15),NR SA,371,-70.740000,21.080000,0.014000,11.360382,,,,,,252.129,,,,,,,,,
755,1,,,-73.9878633,40.7622500,2026-01-23 18:05:12.000,_20260123_125511_CH01_REF_TMO_UDP DL 400MB_NJ DUT REF_L2.dml,,,,N41(100)+N25(15),NR SA,371,-71.080000,20.880000,0.051000,14.788939,,,,,,246.564,,,,,0.200,,,,
756,1,,,-73.9878650,40.7622483,2026-01-23 18:05:13.000,_20260123_125511_CH01_REF_TMO_UDP DL 400MB_NJ DUT REF_L2.dml,,,,N41(100)+N25(15),NR SA,371,-71.000000,21.200000,0.010000,18.125862,,,,,,226.582,,,,,0.176,,,,
757,1,,,-73.9878650,40.7622567,2026-01-23 18:05:14.000,_20260123_125511_CH01_REF_TMO_UDP DL 400MB_NJ DUT REF_L2.dml,,,,N41(100)+N25(15),NR SA,371,-70.550000,21.470000,0.014000,19.323093,,,,,,247.128,,,,,0.204,,,,
758,1,,,-73.9878667,40.7622583,2026-01-23 18:05:15.000,_20260123_125511_CH01_REF_TMO_UDP DL 400MB_NJ DUT REF_L2.dml,,,,N41(100)+N25(15),NR SA,371,-70.950000,20.910000,0.037000,21.463846,,,,,,213.987,,,,,0.176,,,,
759,1,,,-73.9878700,40.7622550,2026-01-23 18:05:16.000,_20260123_125511_CH01_REF_TMO_UDP DL 400MB_NJ DUT REF_L2.dml,,,,N41(100)+N25(15),NR SA,371,-70.460000,22.160000,0.021000,23.030066,,,,,,190.718,,,,,,,,,
760,1,,,-73.9878750,40.7622467,2026-01-23 18:05:17.000,_20260123_125511_CH01_REF_TMO_UDP DL 400MB_NJ DUT REF_L2.dml,,,,N41(100)+N25(15),NR SA,371,-70.760000,21.780000,0.031000,24.167707,,,,,,230.378,,,,,0.192,,,,
761,1,,,-73.9878750,40.7622467,2026-01-23 18:05:17.269,_20260123_125511_CH01_REF_TMO_UDP DL 400MB_NJ DUT REF_L2.dml,,,,,,,,,,,,,,,,,,,,IPERF_T_End,,,,,
762,1,,,-73.9878733,40.7622500,2026-01-23 18:05:18.000,_20260123_125511_CH01_REF_TMO_UDP DL 400MB_NJ DUT REF_L2.dml,,,,N41(100)+N25(15),NR SA,371,-71.000000,20.560000,0.159000,24.911171,,,,,,214.866,,,,,0.216,,,,
763,1,,,-73.9878717,40.7622383,2026-01-23 18:05:19.000,_20260123_125511_CH01_REF_TMO_UDP DL 400MB_NJ DUT REF_L2.dml,,,,N41(100)+N25(15),,371,-71.500000,20.700000,,,,,,,,,,,,,0.112,,,,
764,1,,,-73.9878733,40.7622217,2026-01-23 18:05:20.000,_20260123_125511_CH01_REF_TMO_UDP DL 400MB_NJ DUT REF_L2.dml,,,,N41(100)+N25(15),,371,-70.500000,21.840000,,,,,,,,,,,,,,,,,
765,1,,,-73.9878833,40.7621933,2026-01-23 18:05:21.000,_20260123_125511_CH01_REF_TMO_UDP DL 400MB_NJ DUT REF_L2.dml,,,,N41(100)+N25(15),,371,-70.500000,20.710000,,,,,,,,,,,,,0.000,,,,
766,1,,,-73.9878917,40.7621633,2026-01-23 18:05:22.000,_20260123_125511_CH01_REF_TMO_UDP DL 400MB_NJ DUT REF_L2.dml,,,,N41(100)+N25(15),,371,-70.790000,20.650000,,,,,,,,,,,,,0.000,,,,
767,1,,,-73.9878900,40.7621667,2026-01-23 18:05:23.000,_20260123_125511_CH01_REF_TMO_UDP DL 400MB_NJ DUT REF_L2.dml,,,,N41(50)+N71(15),,371,-73.890000,17.040000,,,,,,,,,,,,,0.016,,,,
768,1,,,-73.9878867,40.7621600,2026-01-23 18:05:24.000,_20260123_125511_CH01_REF_TMO_UDP DL 400MB_NJ DUT REF_L2.dml,,,,N41(50)+N71(15),,371,-80.620000,9.860000,,,,,,,,,,,,,0.000,,,,
769,1,,,-73.9878867,40.7621617,2026-01-23 18:05:25.000,_20260123_125511_CH01_REF_TMO_UDP DL 400MB_NJ DUT REF_L2.dml,,,,N41(50)+N71(15),,371,-78.380000,12.640000,,,,,,,,,,,,,,,,,
770,1,,,-73.9878867,40.7621633,2026-01-23 18:05:26.000,_20260123_125511_CH01_REF_TMO_UDP DL 400MB_NJ DUT REF_L2.dml,,,,N41(50)+N71(15),,371,-78.450000,13.020000,,,,,,,,,,,,,0.000,,,,
771,1,,,-73.9878883,40.7621600,2026-01-23 18:05:27.000,_20260123_125511_CH01_REF_TMO_UDP DL 400MB_NJ DUT REF_L2.dml,,,,N41(50)+N71(15),,371,-79.080000,14.140000,,,,,,,,,,,,,0.000,,,,
772,1,,,-73.9878900,40.7621600,2026-01-23 18:05:28.000,_20260123_125511_CH01_REF_TMO_UDP DL 400MB_NJ DUT REF_L2.dml,,,,N41(50)+N71(15),,371,-78.620000,14.100000,,,,,,,,,,,,,,,,,
773,1,,,-73.9878950,40.7621600,2026-01-23 18:05:29.000,_20260123_125511_CH01_REF_TMO_UDP DL 400MB_NJ DUT REF_L2.dml,,,,N41(50)+N71(15),,371,-79.700000,12.850000,,,,,,,,,,,,,0.000,,,,
774,1,,,-73.9879000,40.7621617,2026-01-23 18:05:30.000,_20260123_125511_CH01_REF_TMO_UDP DL 400MB_NJ DUT REF_L2.dml,,,,N41(50)+N71(15),,371,-78.730000,13.280000,,,,,,,,,,,,,0.000,,,,
775,1,,,-73.9879033,40.7621617,2026-01-23 18:05:31.000,_20260123_125511_CH01_REF_TMO_UDP DL 400MB_NJ DUT REF_L2.dml,,,,N41(50)+N71(15),,371,-79.120000,12.860000,,,,,,,,,,,,,0.008,,,,
776,1,,,-73.9879083,40.7621650,2026-01-23 18:05:32.000,_20260123_125511_CH01_REF_TMO_UDP DL 400MB_NJ DUT REF_L2.dml,,,,N41(50)+N71(15),,371,-80.520000,11.340000,,,,,,,,,,,,,0.000,,,,
777,1,,,-73.9879117,40.7621667,2026-01-23 18:05:33.000,_20260123_125511_CH01_REF_TMO_UDP DL 400MB_NJ DUT REF_L2.dml,,,,N41(x)+N71(x),,371,-80.970000,10.130000,,,,,,,,,,,,,0.000,,,,
778,1,,,-73.9879150,40.7621700,2026-01-23 18:05:34.000,_20260123_125511_CH01_REF_TMO_UDP DL 400MB_NJ DUT REF_L2.dml,,,,N41(40)+N71(x),,371,-79.000000,12.250000,,,,,,,,,,,,,,,,,
779,1,,,-73.9879183,40.7621733,2026-01-23 18:05:35.000,_20260123_125511_CH01_REF_TMO_UDP DL 400MB_NJ DUT REF_L2.dml,,,,N41(40),,371,-74.000000,17.000000,,,,,,,,,,,,,,,,,
780,1,,,-73.9879250,40.7621717,2026-01-23 18:05:36.000,_20260123_125511_CH01_REF_TMO_UDP DL 400MB_NJ DUT REF_L2.dml,,,,,,,,,,,,,,,,,,,,,,,,,
781,1,,,-73.9879250,40.7621717,2026-01-23 18:05:37.269,_20260123_125511_CH01_REF_TMO_UDP DL 400MB_NJ DUT REF_L2.dml,,,,,,,,,,,,,,,,,,,,TIMEOUT_Idle,,,,,
782,1,,,-73.9879250,40.7621717,2026-01-23 18:05:37.269,_20260123_125511_CH01_REF_TMO_UDP DL 400MB_NJ DUT REF_L2.dml,,,,,,,,,,,,,,,,,,,,Iperf Download Call End,,,,,
783,1,,,-73.9879250,40.7621717,2026-01-23 18:05:37.269,_20260123_125511_CH01_REF_TMO_UDP DL 400MB_NJ DUT REF_L2.dml,,,,,,,,,,,,,,,,,,242.316115,,,,,,,
784,1,,,-73.9879250,40.7621717,2026-01-23 18:05:37.269,_20260123_125511_CH01_REF_TMO_UDP DL 400MB_NJ DUT REF_L2.dml,,,,,,,,,,,,,,,,,,,,MeasureStop,,,,,
