IDX,LID,CI_1,CI_2,Lon,Lat,Time,Measure,[Call Test] [Misc] [Mobile] IMEI,[NR5G] [RF] PCI,[NR5G] [RF] RSRP,[LTE] [L1] [RF] PCI,[LTE] [L1] [RF] RSRP,[Call Test] [Voice or Video Call] Orig/Term,[Call Test] [VoNR VoLTE] [Duration] SIP Setup Duration (Invite~200OK),[Call Test] [Voice or Video Call] Result & Reason,[Call Test] [Throughput] Application DL TP,[General] Serving Network (In Traffic),[Call Test] [HTTP Transfer] HTTP Transfer Call Event,[Call Test] [KR PS-LTE] [SMS] [Timestamp] SIP Message,[Packet Data] [SIP] UL/DL,[Packet Data] [SIP] Request Method,[Packet Data] [SIP] Status,[Packet Data] [SIP] 200 OK - Method,[Call Test] [Voice or Video Call] Real Service,[Call Test] Call Type,[Call Test] Call Result,[Event] Total Call Result,[Event] Voice Call Event,[Event] [Event Occurrence Count] Call Completed #,[Event] [Event Occurrence Count] Outgoing Call Setup Fail #,[Event] [Event Occurrence Count] Call Dropped #,[Event] [Event Occurrence Count] Call Start #,[Call Test] [Voice or Video Call] [Duration] Traffic Duration (LoggingTool)
1,1,,,,,2025-12-10 23:22:48.000,_20251210_152244_CH05_TMO_5GNR_WFC-MT_DUT-2_TC151-1.dml,,,,,,,,,,,,,,,,,,,,,,,,,,
2,1,,,-121.9331722,47.5259763,2025-12-10 23:22:49.000,_20251210_152244_CH05_TMO_5GNR_WFC-MT_DUT-2_TC151-1.dml,,594,-104.100000,,,,,,,,,,,,,,,,,,,,,,,
3,1,,,-121.9331722,47.5259763,2025-12-10 23:22:50.000,_20251210_152244_CH05_TMO_5GNR_WFC-MT_DUT-2_TC151-1.dml,,,,,,,,,,,,,,,,,,,,,,,,,,
4,1,,,-121.9331722,47.5259763,2025-12-10 23:22:51.000,_20251210_152244_CH05_TMO_5GNR_WFC-MT_DUT-2_TC151-1.dml,,594,-108.300000,,,,,,,,,,,,,,,,,,,,,,,
5,1,,,-121.9331722,47.5259763,2025-12-10 23:22:52.000,_20251210_152244_CH05_TMO_5GNR_WFC-MT_DUT-2_TC151-1.dml,,,,,,,,,,,,,,,,,,,,,,,,,,
6,1,,,-121.9331722,47.5259763,2025-12-10 23:22:53.000,_20251210_152244_CH05_TMO_5GNR_WFC-MT_DUT-2_TC151-1.dml,,,,,,,,,,,,,,,,,,,,,,,,,,
7,1,,,-121.9331722,47.5259763,2025-12-10 23:22:54.000,_20251210_152244_CH05_TMO_5GNR_WFC-MT_DUT-2_TC151-1.dml,,594,-117.080000,,,,,,,,,,,,,,,,,,,,,,,
8,1,,,-121.9331722,47.5259763,2025-12-10 23:22:55.000,_20251210_152244_CH05_TMO_5GNR_WFC-MT_DUT-2_TC151-1.dml,,594,-115.860000,,,,,,,,,,,,,,,,,,,,,,,
9,1,,,-121.9331722,47.5259763,2025-12-10 23:22:56.000,_20251210_152244_CH05_TMO_5GNR_WFC-MT_DUT-2_TC151-1.dml,,594,-117.850000,,,,,,,,,,,,,,,,,,,,,,,
10,1,,,-121.9331722,47.5259763,2025-12-10 23:22:57.000,_20251210_152244_CH05_TMO_5GNR_WFC-MT_DUT-2_TC151-1.dml,,,,,,,,,,,,,,,,,,,,,,,,,,
11,1,,,-121.9331722,47.5259763,2025-12-10 23:22:58.000,_20251210_152244_CH05_TMO_5GNR_WFC-MT_DUT-2_TC151-1.dml,,594,-114.050000,,,,,,,,,,,,,,,,,,,,,,,
12,1,,,-121.9331722,47.5259763,2025-12-10 23:22:59.000,_20251210_152244_CH05_TMO_5GNR_WFC-MT_DUT-2_TC151-1.dml,,,,,,,,,,,,,,,,,,,,,,,,,,
13,1,,,-121.9331722,47.5259763,2025-12-10 23:23:00.000,_20251210_152244_CH05_TMO_5GNR_WFC-MT_DUT-2_TC151-1.dml,,594,-112.320000,,,,,,,,,,,,,,,,,,,,,,,
14,1,,,-121.9331722,47.5259763,2025-12-10 23:23:01.000,_20251210_152244_CH05_TMO_5GNR_WFC-MT_DUT-2_TC151-1.dml,,,,,,,,,,,,,,,,,,,,,,,,,,
15,1,,,-121.9331722,47.5259763,2025-12-10 23:23:02.000,_20251210_152244_CH05_TMO_5GNR_WFC-MT_DUT-2_TC151-1.dml,,,,,,,,,,,,,,,,,,,,,,,,,,
16,1,,,-121.9331722,47.5259763,2025-12-10 23:23:02.902,_20251210_152244_CH05_TMO_5GNR_WFC-MT_DUT-2_TC151-1.dml,,,,,,,,,,,,,,,,,,,,,[Tool] Voice - Call Scheduling Start(Term),,,,,
17,1,,,-121.9331722,47.5259763,2025-12-10 23:23:02.902,_20251210_152244_CH05_TMO_5GNR_WFC-MT_DUT-2_TC151-1.dml,,,,,,,,,,,,,,,,,,,,,[Tool] Voice - Wait Page,,,,,
18,1,,,-121.9331722,47.5259763,2025-12-10 23:23:03.000,_20251210_152244_CH05_TMO_5GNR_WFC-MT_DUT-2_TC151-1.dml,,594,-102.080000,,,,,,,,,,,,,,,,,,,,,,,
19,1,,,-121.9331722,47.5259763,2025-12-10 23:23:04.000,_20251210_152244_CH05_TMO_5GNR_WFC-MT_DUT-2_TC151-1.dml,,,,,,,,,,,,,,,,,,,,,,,,,,
20,1,,,-121.9331722,47.5259763,2025-12-10 23:23:05.000,_20251210_152244_CH05_TMO_5GNR_WFC-MT_DUT-2_TC151-1.dml,,594,-108.790000,,,,,,,,,,,,,,,,,,,,,,,
21,1,,,-121.9331847,47.5260821,2025-12-10 23:23:06.000,_20251210_152244_CH05_TMO_5GNR_WFC-MT_DUT-2_TC151-1.dml,,,,,,,,,,,,,,,,,,,,,,,,,,
22,1,,,-121.9331847,47.5260821,2025-12-10 23:23:06.814,_20251210_152244_CH05_TMO_5GNR_WFC-MT_DUT-2_TC151-1.dml,,,,,,,,,,,,,,,,,,,,,[Tool] Voice - Answer Request,,,,,
23,1,,,-121.9331847,47.5260821,2025-12-10 23:23:07.000,_20251210_152244_CH05_TMO_5GNR_WFC-MT_DUT-2_TC151-1.dml,,594,-106.770000,,,,,,,,,,,,,,,,,,,,,,,
24,1,,,-121.9331847,47.5260821,2025-12-10 23:23:07.911,_20251210_152244_CH05_TMO_5GNR_WFC-MT_DUT-2_TC151-1.dml,,,,,,,,,,,,,,,,,,,,,[UE]   Voice - Setup Success,,,,,
25,1,,,-121.9331847,47.5260821,2025-12-10 23:23:08.000,_20251210_152244_CH05_TMO_5GNR_WFC-MT_DUT-2_TC151-1.dml,,,,,,,,,,NR SA,,,,,,,,,,,,,,,,
26,1,,,-121.9331847,47.5260821,2025-12-10 23:23:09.000,_20251210_152244_CH05_TMO_5GNR_WFC-MT_DUT-2_TC151-1.dml,,594,-105.590000,,,,,,,NR SA,,,,,,,,,,,,,,,,
27,1,,,-121.9331847,47.5260821,2025-12-10 23:23:10.000,_20251210_152244_CH05_TMO_5GNR_WFC-MT_DUT-2_TC151-1.dml,,594,-105.890000,,,,,,,NR SA,,,,,,,,,,,,,,,,
28,1,,,-121.9331847,47.5260821,2025-12-10 23:23:11.000,_20251210_152244_CH05_TMO_5GNR_WFC-MT_DUT-2_TC151-1.dml,,,,,,,,,,NR SA,,,,,,,,,,,,,,,,
29,1,,,-121.9331847,47.5260821,2025-12-10 23:23:12.000,_20251210_152244_CH05_TMO_5GNR_WFC-MT_DUT-2_TC151-1.dml,,,,,,,,,,NR SA,,,,,,,,,,,,,,,,
30,1,,,-121.9331847,47.5260821,2025-12-10 23:23:13.000,_20251210_152244_CH05_TMO_5GNR_WFC-MT_DUT-2_TC151-1.dml,,594,-109.320000,,,,,,,NR SA,,,,,,,,,,,,,,,,
31,1,,,-121.9331847,47.5260821,2025-12-10 23:23:14.000,_20251210_152244_CH05_TMO_5GNR_WFC-MT_DUT-2_TC151-1.dml,,,,,,,,,,NR SA,,,,,,,,,,,,,,,,
32,1,,,-121.9331847,47.5260821,2025-12-10 23:23:15.000,_20251210_152244_CH05_TMO_5GNR_WFC-MT_DUT-2_TC151-1.dml,,,,,,,,,,NR SA,,,,,,,,,,,,,,,,
33,1,,,-121.9331847,47.5260821,2025-12-10 23:23:16.000,_20251210_152244_CH05_TMO_5GNR_WFC-MT_DUT-2_TC151-1.dml,,594,-115.220000,,,,,,,NR SA,,,,,,,,,,,,,,,,
34,1,,,-121.9331847,47.5260821,2025-12-10 23:23:17.000,_20251210_152244_CH05_TMO_5GNR_WFC-MT_DUT-2_TC151-1.dml,,594,-108.970000,,,,,,,NR SA,,,,,,,,,,,,,,,,
35,1,,,-121.9331847,47.5260821,2025-12-10 23:23:18.000,_20251210_152244_CH05_TMO_5GNR_WFC-MT_DUT-2_TC151-1.dml,,,,,,,,,,NR SA,,,,,,,,,,,,,,,,
36,1,,,-121.9331847,47.5260821,2025-12-10 23:23:19.000,_20251210_152244_CH05_TMO_5GNR_WFC-MT_DUT-2_TC151-1.dml,,594,-116.070000,,,,,,,NR SA,,,,,,,,,,,,,,,,
37,1,,,-121.9331847,47.5260821,2025-12-10 23:23:20.000,_20251210_152244_CH05_TMO_5GNR_WFC-MT_DUT-2_TC151-1.dml,,,,,,,,,,NR SA,,,,,,,,,,,,,,,,
38,1,,,-121.9331847,47.5260821,2025-12-10 23:23:21.000,_20251210_152244_CH05_TMO_5GNR_WFC-MT_DUT-2_TC151-1.dml,,594,-113.210000,,,,,,,NR SA,,,,,,,,,,,,,,,,
39,1,,,-121.9331847,47.5260821,2025-12-10 23:23:22.000,_20251210_152244_CH05_TMO_5GNR_WFC-MT_DUT-2_TC151-1.dml,,,,,,,,,,NR SA,,,,,,,,,,,,,,,,
40,1,,,-121.9331847,47.5260821,2025-12-10 23:23:23.000,_20251210_152244_CH05_TMO_5GNR_WFC-MT_DUT-2_TC151-1.dml,,594,-113.950000,,,,,,,NR SA,,,,,,,,,,,,,,,,
41,1,,,-121.9331847,47.5260821,2025-12-10 23:23:24.000,_20251210_152244_CH05_TMO_5GNR_WFC-MT_DUT-2_TC151-1.dml,,,,,,,,,,NR SA,,,,,,,,,,,,,,,,
42,1,,,-121.9331847,47.5260821,2025-12-10 23:23:25.000,_20251210_152244_CH05_TMO_5GNR_WFC-MT_DUT-2_TC151-1.dml,,,,,,,,,,NR SA,,,,,,,,,,,,,,,,
43,1,,,-121.9331847,47.5260821,2025-12-10 23:23:26.000,_20251210_152244_CH05_TMO_5GNR_WFC-MT_DUT-2_TC151-1.dml,,594,-109.530000,,,,,,,NR SA,,,,,,,,,,,,,,,,
44,1,,,-121.9331847,47.5260821,2025-12-10 23:23:27.000,_20251210_152244_CH05_TMO_5GNR_WFC-MT_DUT-2_TC151-1.dml,,,,,,,,,,NR SA,,,,,,,,,,,,,,,,
45,1,,,-121.9331847,47.5260821,2025-12-10 23:23:28.000,_20251210_152244_CH05_TMO_5GNR_WFC-MT_DUT-2_TC151-1.dml,,594,-109.460000,,,,,,,NR SA,,,,,,,,,,,,,,,,
46,1,,,-121.9331847,47.5260821,2025-12-10 23:23:29.000,_20251210_152244_CH05_TMO_5GNR_WFC-MT_DUT-2_TC151-1.dml,,,,,,,,,,NR SA,,,,,,,,,,,,,,,,
47,1,,,-121.9331847,47.5260821,2025-12-10 23:23:30.000,_20251210_152244_CH05_TMO_5GNR_WFC-MT_DUT-2_TC151-1.dml,,,,,,,,,,NR SA,,,,,,,,,,,,,,,,
48,1,,,-121.9331847,47.5260821,2025-12-10 23:23:31.000,_20251210_152244_CH05_TMO_5GNR_WFC-MT_DUT-2_TC151-1.dml,,594,-107.400000,,,,,,,NR SA,,,,,,,,,,,,,,,,
49,1,,,-121.9331847,47.5260821,2025-12-10 23:23:32.000,_20251210_152244_CH05_TMO_5GNR_WFC-MT_DUT-2_TC151-1.dml,,,,,,,,,,NR SA,,,,,,,,,,,,,,,,
50,1,,,-121.9331847,47.5260821,2025-12-10 23:23:33.000,_20251210_152244_CH05_TMO_5GNR_WFC-MT_DUT-2_TC151-1.dml,,594,-111.630000,,,,,,,NR SA,,,,,,,,,,,,,,,,
51,1,,,-121.9331847,47.5260821,2025-12-10 23:23:34.000,_20251210_152244_CH05_TMO_5GNR_WFC-MT_DUT-2_TC151-1.dml,,,,,,,,,,NR SA,,,,,,,,,,,,,,,,
52,1,,,-121.9331847,47.5260821,2025-12-10 23:23:35.000,_20251210_152244_CH05_TMO_5GNR_WFC-MT_DUT-2_TC151-1.dml,,,,,,,,,,NR SA,,,,,,,,,,,,,,,,
53,1,,,-121.9331847,47.5260821,2025-12-10 23:23:36.000,_20251210_152244_CH05_TMO_5GNR_WFC-MT_DUT-2_TC151-1.dml,,594,-108.050000,,,,,,,NR SA,,,,,,,,,,,,,,,,
54,1,,,-121.9331847,47.5260821,2025-12-10 23:23:37.000,_20251210_152244_CH05_TMO_5GNR_WFC-MT_DUT-2_TC151-1.dml,,,,,,,,,,NR SA,,,,,,,,,,,,,,,,
55,1,,,-121.9331847,47.5260821,2025-12-10 23:23:38.000,_20251210_152244_CH05_TMO_5GNR_WFC-MT_DUT-2_TC151-1.dml,,,,,,,,,,NR SA,,,,,,,,,,,,,,,,
56,1,,,-121.9331847,47.5260821,2025-12-10 23:23:39.000,_20251210_152244_CH05_TMO_5GNR_WFC-MT_DUT-2_TC151-1.dml,,594,-103.520000,,,,,,,NR SA,,,,,,,,,,,,,,,,
57,1,,,-121.9331847,47.5260821,2025-12-10 23:23:40.000,_20251210_152244_CH05_TMO_5GNR_WFC-MT_DUT-2_TC151-1.dml,,,,,,,,,,NR SA,,,,,,,,,,,,,,,,
58,1,,,-121.9331847,47.5260821,2025-12-10 23:23:41.000,_20251210_152244_CH05_TMO_5GNR_WFC-MT_DUT-2_TC151-1.dml,,594,-115.560000,,,,,,,NR SA,,,,,,,,,,,,,,,,
59,1,,,-121.9331847,47.5260821,2025-12-10 23:23:42.000,_20251210_152244_CH05_TMO_5GNR_WFC-MT_DUT-2_TC151-1.dml,,594,-109.670000,,,,,,,NR SA,,,,,,,,,,,,,,,,
60,1,,,-121.9331847,47.5260821,2025-12-10 23:23:43.000,_20251210_152244_CH05_TMO_5GNR_WFC-MT_DUT-2_TC151-1.dml,,,,,,,,,,NR SA,,,,,,,,,,,,,,,,
61,1,,,-121.9331847,47.5260821,2025-12-10 23:23:44.000,_20251210_152244_CH05_TMO_5GNR_WFC-MT_DUT-2_TC151-1.dml,,594,-104.590000,,,,,,,NR SA,,,,,,,,,,,,,,,,
62,1,,,-121.9331847,47.5260821,2025-12-10 23:23:45.000,_20251210_152244_CH05_TMO_5GNR_WFC-MT_DUT-2_TC151-1.dml,,,,,,,,,,NR SA,,,,,,,,,,,,,,,,
63,1,,,-121.9331847,47.5260821,2025-12-10 23:23:46.000,_20251210_152244_CH05_TMO_5GNR_WFC-MT_DUT-2_TC151-1.dml,,594,-107.270000,,,,,,,NR SA,,,,,,,,,,,,,,,,
64,1,,,-121.9331847,47.5260821,2025-12-10 23:23:47.000,_20251210_152244_CH05_TMO_5GNR_WFC-MT_DUT-2_TC151-1.dml,,,,,,,,,,NR SA,,,,,,,,,,,,,,,,
65,1,,,-121.9331847,47.5260821,2025-12-10 23:23:48.000,_20251210_152244_CH05_TMO_5GNR_WFC-MT_DUT-2_TC151-1.dml,,,,,,,,,,NR SA,,,,,,,,,,,,,,,,
66,1,,,-121.9331847,47.5260821,2025-12-10 23:23:49.000,_20251210_152244_CH05_TMO_5GNR_WFC-MT_DUT-2_TC151-1.dml,,594,-106.270000,,,,,,,NR SA,,,,,,,,,,,,,,,,
67,1,,,-121.9331847,47.5260821,2025-12-10 23:23:50.000,_20251210_152244_CH05_TMO_5GNR_WFC-MT_DUT-2_TC151-1.dml,,,,,,,,,,NR SA,,,,,,,,,,,,,,,,
68,1,,,-121.9331847,47.5260821,2025-12-10 23:23:51.000,_20251210_152244_CH05_TMO_5GNR_WFC-MT_DUT-2_TC151-1.dml,,594,-108.230000,,,,,,,NR SA,,,,,,,,,,,,,,,,
69,1,,,-121.9331847,47.5260821,2025-12-10 23:23:52.000,_20251210_152244_CH05_TMO_5GNR_WFC-MT_DUT-2_TC151-1.dml,,,,,,,,,,NR SA,,,,,,,,,,,,,,,,
70,1,,,-121.9331847,47.5260821,2025-12-10 23:23:53.000,_20251210_152244_CH05_TMO_5GNR_WFC-MT_DUT-2_TC151-1.dml,,,,,,,,,,NR SA,,,,,,,,,,,,,,,,
71,1,,,-121.9331847,47.5260821,2025-12-10 23:23:54.000,_20251210_152244_CH05_TMO_5GNR_WFC-MT_DUT-2_TC151-1.dml,,594,-109.450000,,,,,,,NR SA,,,,,,,,,,,,,,,,
72,1,,,-121.9331847,47.5260821,2025-12-10 23:23:55.000,_20251210_152244_CH05_TMO_5GNR_WFC-MT_DUT-2_TC151-1.dml,,594,-111.310000,,,,,,,NR SA,,,,,,,,,,,,,,,,
73,1,,,-121.9331847,47.5260821,2025-12-10 23:23:56.000,_20251210_152244_CH05_TMO_5GNR_WFC-MT_DUT-2_TC151-1.dml,,,,,,,,,,NR SA,,,,,,,,,,,,,,,,
74,1,,,-121.9331847,47.5260821,2025-12-10 23:23:57.000,_20251210_152244_CH05_TMO_5GNR_WFC-MT_DUT-2_TC151-1.dml,,,,,,,,,,NR SA,,,,,,,,,,,,,,,,
75,1,,,-121.9331847,47.5260821,2025-12-10 23:23:58.000,_20251210_152244_CH05_TMO_5GNR_WFC-MT_DUT-2_TC151-1.dml,,594,-112.990000,,,,,,,NR SA,,,,,,,,,,,,,,,,
76,1,,,-121.9331847,47.5260821,2025-12-10 23:23:59.000,_20251210_152244_CH05_TMO_5GNR_WFC-MT_DUT-2_TC151-1.dml,,594,-107.670000,,,,,,,NR SA,,,,,,,,,,,,,,,,
77,1,,,-121.9331847,47.5260821,2025-12-10 23:24:00.000,_20251210_152244_CH05_TMO_5GNR_WFC-MT_DUT-2_TC151-1.dml,,,,,,,,,,NR SA,,,,,,,,,,,,,,,,
78,1,,,-121.9331847,47.5260821,2025-12-10 23:24:01.000,_20251210_152244_CH05_TMO_5GNR_WFC-MT_DUT-2_TC151-1.dml,,,,,,,,,,NR SA,,,,,,,,,,,,,,,,
79,1,,,-121.9331847,47.5260821,2025-12-10 23:24:02.000,_20251210_152244_CH05_TMO_5GNR_WFC-MT_DUT-2_TC151-1.dml,,594,-111.700000,,,,,,,NR SA,,,,,,,,,,,,,,,,
80,1,,,-121.9331847,47.5260821,2025-12-10 23:24:03.000,_20251210_152244_CH05_TMO_5GNR_WFC-MT_DUT-2_TC151-1.dml,,,,,,,,,,NR SA,,,,,,,,,,,,,,,,
81,1,,,-121.9331847,47.5260821,2025-12-10 23:24:04.000,_20251210_152244_CH05_TMO_5GNR_WFC-MT_DUT-2_TC151-1.dml,,594,-106.690000,,,,,,,NR SA,,,,,,,,,,,,,,,,
82,1,,,-121.9331847,47.5260821,2025-12-10 23:24:05.000,_20251210_152244_CH05_TMO_5GNR_WFC-MT_DUT-2_TC151-1.dml,,,,,,,,,,NR SA,,,,,,,,,,,,,,,,
83,1,,,-121.9331847,47.5260821,2025-12-10 23:24:06.000,_20251210_152244_CH05_TMO_5GNR_WFC-MT_DUT-2_TC151-1.dml,,,,,,,,,,NR SA,,,,,,,,,,,,,,,,
84,1,,,-121.9331847,47.5260821,2025-12-10 23:24:07.000,_20251210_152244_CH05_TMO_5GNR_WFC-MT_DUT-2_TC151-1.dml,,594,-105.390000,,,,,,,NR SA,,,,,,,,,,,,,,,,
85,1,,,-121.9331847,47.5260821,2025-12-10 23:24:08.000,_20251210_152244_CH05_TMO_5GNR_WFC-MT_DUT-2_TC151-1.dml,,,,,,,,,,NR SA,,,,,,,,,,,,,,,,
86,1,,,-121.9331847,47.5260821,2025-12-10 23:24:09.000,_20251210_152244_CH05_TMO_5GNR_WFC-MT_DUT-2_TC151-1.dml,,594,-107.890000,,,,,,,NR SA,,,,,,,,,,,,,,,,
87,1,,,-121.9331847,47.5260821,2025-12-10 23:24:10.000,_20251210_152244_CH05_TMO_5GNR_WFC-MT_DUT-2_TC151-1.dml,,,,,,,,,,NR SA,,,,,,,,,,,,,,,,
88,1,,,-121.9331847,47.5260821,2025-12-10 23:24:11.000,_20251210_152244_CH05_TMO_5GNR_WFC-MT_DUT-2_TC151-1.dml,,,,,,,,,,NR SA,,,,,,,,,,,,,,,,
89,1,,,-121.9331847,47.5260821,2025-12-10 23:24:12.000,_20251210_152244_CH05_TMO_5GNR_WFC-MT_DUT-2_TC151-1.dml,,594,-112.380000,,,,,,,NR SA,,,,,,,,,,,,,,,,
90,1,,,-121.9331847,47.5260821,2025-12-10 23:24:13.000,_20251210_152244_CH05_TMO_5GNR_WFC-MT_DUT-2_TC151-1.dml,,,,,,,,,,NR SA,,,,,,,,,,,,,,,,
91,1,,,-121.9331847,47.5260821,2025-12-10 23:24:14.000,_20251210_152244_CH05_TMO_5GNR_WFC-MT_DUT-2_TC151-1.dml,,594,-106.690000,,,,,,,NR SA,,,,,,,,,,,,,,,,
92,1,,,-121.9331847,47.5260821,2025-12-10 23:24:15.000,_20251210_152244_CH05_TMO_5GNR_WFC-MT_DUT-2_TC151-1.dml,,,,,,,,,,NR SA,,,,,,,,,,,,,,,,
93,1,,,-121.9331847,47.5260821,2025-12-10 23:24:16.000,_20251210_152244_CH05_TMO_5GNR_WFC-MT_DUT-2_TC151-1.dml,,,,,,,,,,NR SA,,,,,,,,,,,,,,,,
94,1,,,-121.9331847,47.5260821,2025-12-10 23:24:17.000,_20251210_152244_CH05_TMO_5GNR_WFC-MT_DUT-2_TC151-1.dml,,594,-108.120000,,,,,,,NR SA,,,,,,,,,,,,,,,,
95,1,,,-121.9331847,47.5260821,2025-12-10 23:24:18.000,_20251210_152244_CH05_TMO_5GNR_WFC-MT_DUT-2_TC151-1.dml,,,,,,,,,,NR SA,,,,,,,,,,,,,,,,
96,1,,,-121.9331847,47.5260821,2025-12-10 23:24:19.000,_20251210_152244_CH05_TMO_5GNR_WFC-MT_DUT-2_TC151-1.dml,,,,,,,,,,NR SA,,,,,,,,,,,,,,,,
97,1,,,-121.9331847,47.5260821,2025-12-10 23:24:20.000,_20251210_152244_CH05_TMO_5GNR_WFC-MT_DUT-2_TC151-1.dml,,594,-111.550000,,,,,,,NR SA,,,,,,,,,,,,,,,,
98,1,,,-121.9331847,47.5260821,2025-12-10 23:24:21.000,_20251210_152244_CH05_TMO_5GNR_WFC-MT_DUT-2_TC151-1.dml,,,,,,,,,,NR SA,,,,,,,,,,,,,,,,
99,1,,,-121.9331847,47.5260821,2025-12-10 23:24:22.000,_20251210_152244_CH05_TMO_5GNR_WFC-MT_DUT-2_TC151-1.dml,,594,-120.620000,,,,,,,NR SA,,,,,,,,,,,,,,,,
100,1,,,-121.9331847,47.5260821,2025-12-10 23:24:23.000,_20251210_152244_CH05_TMO_5GNR_WFC-MT_DUT-2_TC151-1.dml,,594,-111.140000,,,,,,,NR SA,,,,,,,,,,,,,,,,
101,1,,,-121.9331847,47.5260821,2025-12-10 23:24:24.000,_20251210_152244_CH05_TMO_5GNR_WFC-MT_DUT-2_TC151-1.dml,,,,,,,,,,NR SA,,,,,,,,,,,,,,,,
102,1,,,-121.9331847,47.5260821,2025-12-10 23:24:25.000,_20251210_152244_CH05_TMO_5GNR_WFC-MT_DUT-2_TC151-1.dml,,,,,,,,,,NR SA,,,,,,,,,,,,,,,,
103,1,,,-121.9331847,47.5260821,2025-12-10 23:24:26.000,_20251210_152244_CH05_TMO_5GNR_WFC-MT_DUT-2_TC151-1.dml,,594,-111.190000,,,,,,,NR SA,,,,,,,,,,,,,,,,
104,1,,,-121.9331847,47.5260821,2025-12-10 23:24:27.000,_20251210_152244_CH05_TMO_5GNR_WFC-MT_DUT-2_TC151-1.dml,,,,,,,,,,NR SA,,,,,,,,,,,,,,,,
105,1,,,-121.9331847,47.5260821,2025-12-10 23:24:28.000,_20251210_152244_CH05_TMO_5GNR_WFC-MT_DUT-2_TC151-1.dml,,,,,,,,,,NR SA,,,,,,,,,,,,,,,,
106,1,,,-121.9331847,47.5260821,2025-12-10 23:24:29.000,_20251210_152244_CH05_TMO_5GNR_WFC-MT_DUT-2_TC151-1.dml,,594,-106.120000,,,,,,,NR SA,,,,,,,,,,,,,,,,
107,1,,,-121.9331847,47.5260821,2025-12-10 23:24:30.000,_20251210_152244_CH05_TMO_5GNR_WFC-MT_DUT-2_TC151-1.dml,,,,,,,,,,NR SA,,,,,,,,,,,,,,,,
108,1,,,-121.9331847,47.5260821,2025-12-10 23:24:31.000,_20251210_152244_CH05_TMO_5GNR_WFC-MT_DUT-2_TC151-1.dml,,594,-107.780000,,,,,,,NR SA,,,,,,,,,,,,,,,,
109,1,,,-121.9331847,47.5260821,2025-12-10 23:24:32.000,_20251210_152244_CH05_TMO_5GNR_WFC-MT_DUT-2_TC151-1.dml,,,,,,,,,,NR SA,,,,,,,,,,,,,,,,
110,1,,,-121.9331847,47.5260821,2025-12-10 23:24:33.000,_20251210_152244_CH05_TMO_5GNR_WFC-MT_DUT-2_TC151-1.dml,,,,,,,,,,NR SA,,,,,,,,,,,,,,,,
111,1,,,-121.9331847,47.5260821,2025-12-10 23:24:34.000,_20251210_152244_CH05_TMO_5GNR_WFC-MT_DUT-2_TC151-1.dml,,594,-110.510000,,,,,,,NR SA,,,,,,,,,,,,,,,,
112,1,,,-121.9331847,47.5260821,2025-12-10 23:24:35.000,_20251210_152244_CH05_TMO_5GNR_WFC-MT_DUT-2_TC151-1.dml,,,,,,,,,,NR SA,,,,,,,,,,,,,,,,
113,1,,,-121.9331847,47.5260821,2025-12-10 23:24:36.000,_20251210_152244_CH05_TMO_5GNR_WFC-MT_DUT-2_TC151-1.dml,,594,-113.370000,,,,,,,NR SA,,,,,,,,,,,,,,,,
114,1,,,-121.9331847,47.5260821,2025-12-10 23:24:37.000,_20251210_152244_CH05_TMO_5GNR_WFC-MT_DUT-2_TC151-1.dml,,,,,,,,,,NR SA,,,,,,,,,,,,,,,,
115,1,,,-121.9331847,47.5260821,2025-12-10 23:24:38.000,_20251210_152244_CH05_TMO_5GNR_WFC-MT_DUT-2_TC151-1.dml,,,,,,,,,,NR SA,,,,,,,,,,,,,,,,
116,1,,,-121.9331847,47.5260821,2025-12-10 23:24:38.261,_20251210_152244_CH05_TMO_5GNR_WFC-MT_DUT-2_TC151-1.dml,,,,,,,,,,,,,,,,,,,,,[Tool] Voice - Pair Channel Call Drop,,,,,
117,1,,,-121.9331847,47.5260821,2025-12-10 23:24:38.261,_20251210_152244_CH05_TMO_5GNR_WFC-MT_DUT-2_TC151-1.dml,,,,,,,,,,,,,,,,,,,,,[Tool] Voice - Release Call Request,,,,,
118,1,,,-121.9331847,47.5260821,2025-12-10 23:24:38.781,_20251210_152244_CH05_TMO_5GNR_WFC-MT_DUT-2_TC151-1.dml,,,,,,,,,,,,,,,,,,,,Complete,[Tool] Voice - Call Result : Complete,,,,,
119,1,,,-121.9331847,47.5260821,2025-12-10 23:24:38.781,_20251210_152244_CH05_TMO_5GNR_WFC-MT_DUT-2_TC151-1.dml,,,,,,,,,,,,,,,,,,,,,[UE]   Voice - Release Call Success,,,,,
120,1,,,-121.9331847,47.5260821,2025-12-10 23:24:39.000,_20251210_152244_CH05_TMO_5GNR_WFC-MT_DUT-2_TC151-1.dml,,594,-110.220000,,,,,,,,,,,,,,,,,,,1,,,,
121,1,,,-121.9331847,47.5260821,2025-12-10 23:24:40.053,_20251210_152244_CH05_TMO_5GNR_WFC-MT_DUT-2_TC151-1.dml,,,,,,,,,,,,,,,,,,,,,[UE]   Voice - Release Call Success,,,,,
122,1,,,-121.9331847,47.5260821,2025-12-10 23:24:40.000,_20251210_152244_CH05_TMO_5GNR_WFC-MT_DUT-2_TC151-1.dml,,,,,,,,,,,,,,,,,,,,,,,,,,
123,1,,,-121.9331847,47.5260821,2025-12-10 23:24:41.000,_20251210_152244_CH05_TMO_5GNR_WFC-MT_DUT-2_TC151-1.dml,,594,-111.780000,,,,,,,,,,,,,,,,,,,,,,,
124,1,,,-121.9331847,47.5260821,2025-12-10 23:24:42.000,_20251210_152244_CH05_TMO_5GNR_WFC-MT_DUT-2_TC151-1.dml,,,,,,,,,,,,,,,,,,,,,,,,,,
125,1,,,-121.9331847,47.5260821,2025-12-10 23:24:43.000,_20251210_152244_CH05_TMO_5GNR_WFC-MT_DUT-2_TC151-1.dml,,,,,,,,,,,,,,,,,,,,,,,,,,
126,1,,,-121.9331847,47.5260821,2025-12-10 23:24:44.000,_20251210_152244_CH05_TMO_5GNR_WFC-MT_DUT-2_TC151-1.dml,,594,-112.030000,,,,,,,,,,,,,,,,,,,,,,,
127,1,,,-121.9331847,47.5260821,2025-12-10 23:24:45.000,_20251210_152244_CH05_TMO_5GNR_WFC-MT_DUT-2_TC151-1.dml,,,,,,,,,,,,,,,,,,,,,,,,,,
128,1,,,-121.9331847,47.5260821,2025-12-10 23:24:46.000,_20251210_152244_CH05_TMO_5GNR_WFC-MT_DUT-2_TC151-1.dml,,594,-117.410000,,,,,,,,,,,,,,,,,,,,,,,
129,1,,,-121.9331847,47.5260821,2025-12-10 23:24:47.000,_20251210_152244_CH05_TMO_5GNR_WFC-MT_DUT-2_TC151-1.dml,,,,,,,,,,,,,,,,,,,,,,,,,,
130,1,,,-121.9331847,47.5260821,2025-12-10 23:24:48.000,_20251210_152244_CH05_TMO_5GNR_WFC-MT_DUT-2_TC151-1.dml,,594,-112.590000,,,,,,,,,,,,,,,,,,,,,,,
131,1,,,-121.9331847,47.5260821,2025-12-10 23:24:49.000,_20251210_152244_CH05_TMO_5GNR_WFC-MT_DUT-2_TC151-1.dml,,,,,,,,,,,,,,,,,,,,,,,,,,
132,1,,,-121.9331847,47.5260821,2025-12-10 23:24:50.000,_20251210_152244_CH05_TMO_5GNR_WFC-MT_DUT-2_TC151-1.dml,,594,-116.580000,,,,,,,,,,,,,,,,,,,,,,,
133,1,,,-121.9331847,47.5260821,2025-12-10 23:24:51.000,_20251210_152244_CH05_TMO_5GNR_WFC-MT_DUT-2_TC151-1.dml,,,,,,,,,,,,,,,,,,,,,,,,,,
134,1,,,-121.9331847,47.5260821,2025-12-10 23:24:52.000,_20251210_152244_CH05_TMO_5GNR_WFC-MT_DUT-2_TC151-1.dml,,594,-118.840000,,,,,,,,,,,,,,,,,,,,,,,
135,1,,,-121.9331847,47.5260821,2025-12-10 23:24:53.000,_20251210_152244_CH05_TMO_5GNR_WFC-MT_DUT-2_TC151-1.dml,,594,-116.630000,,,,,,,,,,,,,,,,,,,,,,,
136,1,,,-121.9331847,47.5260821,2025-12-10 23:24:54.000,_20251210_152244_CH05_TMO_5GNR_WFC-MT_DUT-2_TC151-1.dml,,594,-108.700000,,,,,,,,,,,,,,,,,,,,,,,
137,1,,,-121.9331847,47.5260821,2025-12-10 23:24:55.000,_20251210_152244_CH05_TMO_5GNR_WFC-MT_DUT-2_TC151-1.dml,,,,,,,,,,,,,,,,,,,,,,,,,,
138,1,,,-121.9331847,47.5260821,2025-12-10 23:24:56.000,_20251210_152244_CH05_TMO_5GNR_WFC-MT_DUT-2_TC151-1.dml,,,,,,,,,,,,,,,,,,,,,,,,,,
139,1,,,-121.9331847,47.5260821,2025-12-10 23:24:57.000,_20251210_152244_CH05_TMO_5GNR_WFC-MT_DUT-2_TC151-1.dml,,594,-113.740000,,,,,,,,,,,,,,,,,,,,,,,
140,1,,,-121.9331847,47.5260821,2025-12-10 23:24:58.000,_20251210_152244_CH05_TMO_5GNR_WFC-MT_DUT-2_TC151-1.dml,,594,-113.190000,,,,,,,,,,,,,,,,,,,,,,,
141,1,,,-121.9331847,47.5260821,2025-12-10 23:24:59.000,_20251210_152244_CH05_TMO_5GNR_WFC-MT_DUT-2_TC151-1.dml,,,,,,,,,,,,,,,,,,,,,,,,,,
142,1,,,-121.9331847,47.5260821,2025-12-10 23:25:00.000,_20251210_152244_CH05_TMO_5GNR_WFC-MT_DUT-2_TC151-1.dml,,,,,,,,,,,,,,,,,,,,,,,,,,
143,1,,,-121.9331847,47.5260821,2025-12-10 23:25:01.000,_20251210_152244_CH05_TMO_5GNR_WFC-MT_DUT-2_TC151-1.dml,,594,-110.990000,,,,,,,,,,,,,,,,,,,,,,,
144,1,,,-121.9331847,47.5260821,2025-12-10 23:25:02.000,_20251210_152244_CH05_TMO_5GNR_WFC-MT_DUT-2_TC151-1.dml,,594,-106.610000,,,,,,,,,,,,,,,,,,,,,,,
145,1,,,-121.9331847,47.5260821,2025-12-10 23:25:03.000,_20251210_152244_CH05_TMO_5GNR_WFC-MT_DUT-2_TC151-1.dml,,,,,,,,,,,,,,,,,,,,,,,,,,
146,1,,,-121.9331847,47.5260821,2025-12-10 23:25:04.000,_20251210_152244_CH05_TMO_5GNR_WFC-MT_DUT-2_TC151-1.dml,,594,-109.120000,,,,,,,,,,,,,,,,,,,,,,,
147,1,,,-121.9331847,47.5260821,2025-12-10 23:25:05.000,_20251210_152244_CH05_TMO_5GNR_WFC-MT_DUT-2_TC151-1.dml,,,,,,,,,,,,,,,,,,,,,,,,,,
148,1,,,-121.9331847,47.5260821,2025-12-10 23:25:06.000,_20251210_152244_CH05_TMO_5GNR_WFC-MT_DUT-2_TC151-1.dml,,,,,,,,,,,,,,,,,,,,,,,,,,
149,1,,,-121.9331847,47.5260821,2025-12-10 23:25:06.630,_20251210_152244_CH05_TMO_5GNR_WFC-MT_DUT-2_TC151-1.dml,,,,,,,,,,,,,,,,,,,,,[Tool] Voice - Release Call Request,,,,,
150,1,,,-121.9331847,47.5260821,2025-12-10 23:25:06.771,_20251210_152244_CH05_TMO_5GNR_WFC-MT_DUT-2_TC151-1.dml,,,,,,,,,,,,,,,,,,,,,[Tool] Voice - Answer Request,,,,,
151,1,,,-121.9331847,47.5260821,2025-12-10 23:25:07.000,_20251210_152244_CH05_TMO_5GNR_WFC-MT_DUT-2_TC151-1.dml,,594,-109.580000,,,,,,,,,,,,,,,,,,,,,,,
152,1,,,-121.9331847,47.5260821,2025-12-10 23:25:08.000,_20251210_152244_CH05_TMO_5GNR_WFC-MT_DUT-2_TC151-1.dml,,,,,,,,,,,,,,,,,,,,,,,,,,
153,1,,,-121.9331847,47.5260821,2025-12-10 23:25:09.000,_20251210_152244_CH05_TMO_5GNR_WFC-MT_DUT-2_TC151-1.dml,,594,-111.980000,,,,,,,,,,,,,,,,,,,,,,,
154,1,,,-121.9331847,47.5260821,2025-12-10 23:25:09.326,_20251210_152244_CH05_TMO_5GNR_WFC-MT_DUT-2_TC151-1.dml,,,,,,,,,,,,,,,,,,,,,[Tool] Voice - Call Scheduling End,,,,,
155,1,,,-121.9331847,47.5260821,2025-12-10 23:25:09.326,_20251210_152244_CH05_TMO_5GNR_WFC-MT_DUT-2_TC151-1.dml,354877970011139,,,,,Termination,,Complete,,,,,,,,,EPSFB,Voice,Complete,,,,,,,90.350000
156,1,,,-121.9331847,47.5260821,2025-12-10 23:25:09.326,_20251210_152244_CH05_TMO_5GNR_WFC-MT_DUT-2_TC151-1.dml,,,,,,,,,,,,,,,,,,,,,[Tool] Voice - Release Call Request,,,,,
157,1,,,-121.9331847,47.5260821,2025-12-10 23:25:10.000,_20251210_152244_CH05_TMO_5GNR_WFC-MT_DUT-2_TC151-1.dml,,,,,,,,,,,,,,,,,,,,,,,,,,
158,1,,,-121.9331847,47.5260821,2025-12-10 23:25:11.000,_20251210_152244_CH05_TMO_5GNR_WFC-MT_DUT-2_TC151-1.dml,,,,,,,,,,,,,,,,,,,,,,,,,,
159,1,,,-121.9331847,47.5260821,2025-12-10 23:25:12.000,_20251210_152244_CH05_TMO_5GNR_WFC-MT_DUT-2_TC151-1.dml,,594,-109.290000,,,,,,,,,,,,,,,,,,,,,,,
160,1,,,-121.9331847,47.5260821,2025-12-10 23:25:13.000,_20251210_152244_CH05_TMO_5GNR_WFC-MT_DUT-2_TC151-1.dml,,,,,,,,,,,,,,,,,,,,,,,,,,
161,1,,,-121.9331847,47.5260821,2025-12-10 23:25:14.000,_20251210_152244_CH05_TMO_5GNR_WFC-MT_DUT-2_TC151-1.dml,,,,,,,,,,,,,,,,,,,,,,,,,,
162,1,,,-121.9331847,47.5260821,2025-12-10 23:25:14.961,_20251210_152244_CH05_TMO_5GNR_WFC-MT_DUT-2_TC151-1.dml,,,,,,,,,,,,,,,,,,,,,[Tool] Voice - Call Scheduling Start(Term),,,,,
163,1,,,-121.9331847,47.5260821,2025-12-10 23:25:14.961,_20251210_152244_CH05_TMO_5GNR_WFC-MT_DUT-2_TC151-1.dml,,,,,,,,,,,,,,,,,,,,,[Tool] Voice - Wait Page,,,,,
164,1,,,-121.9331847,47.5260821,2025-12-10 23:25:15.000,_20251210_152244_CH05_TMO_5GNR_WFC-MT_DUT-2_TC151-1.dml,,594,-111.070000,,,,,,,,,,,,,,,,,,,,,,,
165,1,,,-121.9331847,47.5260821,2025-12-10 23:25:16.000,_20251210_152244_CH05_TMO_5GNR_WFC-MT_DUT-2_TC151-1.dml,,,,,,,,,,,,,,,,,,,,,,,,,,
166,1,,,-121.9331847,47.5260821,2025-12-10 23:25:17.000,_20251210_152244_CH05_TMO_5GNR_WFC-MT_DUT-2_TC151-1.dml,,594,-105.550000,,,,,,,,,,,,,,,,,,,,,,,
167,1,,,-121.9331847,47.5260821,2025-12-10 23:25:18.000,_20251210_152244_CH05_TMO_5GNR_WFC-MT_DUT-2_TC151-1.dml,,,,,,,,,,,,,,,,,,,,,,,,,,
168,1,,,-121.9331847,47.5260821,2025-12-10 23:25:19.000,_20251210_152244_CH05_TMO_5GNR_WFC-MT_DUT-2_TC151-1.dml,,,,,,,,,,,,,,,,,,,,,,,,,,
169,1,,,-121.9331847,47.5260821,2025-12-10 23:25:19.518,_20251210_152244_CH05_TMO_5GNR_WFC-MT_DUT-2_TC151-1.dml,,,,,,,,,,,,,,,,,,,,,[Tool] Voice - Answer Request,,,,,
170,1,,,-121.9331847,47.5260821,2025-12-10 23:25:20.000,_20251210_152244_CH05_TMO_5GNR_WFC-MT_DUT-2_TC151-1.dml,,594,-105.200000,,,,,,,,,,,,,,,,,,,,,,,
171,1,,,-121.9331847,47.5260821,2025-12-10 23:25:20.407,_20251210_152244_CH05_TMO_5GNR_WFC-MT_DUT-2_TC151-1.dml,,,,,,,,,,,,,,,,,,,,,[Tool] Voice - Answer Request,,,,,
172,1,,,-121.9331847,47.5260821,2025-12-10 23:25:20.671,_20251210_152244_CH05_TMO_5GNR_WFC-MT_DUT-2_TC151-1.dml,,,,,,,,,,,,,,,,,,,,,[UE]   Voice - Setup Success,,,,,
173,1,,,-121.9331847,47.5260821,2025-12-10 23:25:21.000,_20251210_152244_CH05_TMO_5GNR_WFC-MT_DUT-2_TC151-1.dml,,,,,,,,,,NR SA,,,,,,,,,,,,,,,,
174,1,,,-121.9331847,47.5260821,2025-12-10 23:25:22.000,_20251210_152244_CH05_TMO_5GNR_WFC-MT_DUT-2_TC151-1.dml,,594,-112.140000,,,,,,,NR SA,,,,,,,,,,,,,,,,
175,1,,,-121.9331847,47.5260821,2025-12-10 23:25:23.000,_20251210_152244_CH05_TMO_5GNR_WFC-MT_DUT-2_TC151-1.dml,,,,,,,,,,NR SA,,,,,,,,,,,,,,,,
176,1,,,-121.9331847,47.5260821,2025-12-10 23:25:24.000,_20251210_152244_CH05_TMO_5GNR_WFC-MT_DUT-2_TC151-1.dml,,,,,,,,,,NR SA,,,,,,,,,,,,,,,,
177,1,,,-121.9331847,47.5260821,2025-12-10 23:25:25.000,_20251210_152244_CH05_TMO_5GNR_WFC-MT_DUT-2_TC151-1.dml,,594,-104.520000,,,,,,,NR SA,,,,,,,,,,,,,,,,
178,1,,,-121.9331847,47.5260821,2025-12-10 23:25:26.000,_20251210_152244_CH05_TMO_5GNR_WFC-MT_DUT-2_TC151-1.dml,,,,,,,,,,NR SA,,,,,,,,,,,,,,,,
179,1,,,-121.9331847,47.5260821,2025-12-10 23:25:27.000,_20251210_152244_CH05_TMO_5GNR_WFC-MT_DUT-2_TC151-1.dml,,594,-108.090000,,,,,,,NR SA,,,,,,,,,,,,,,,,
180,1,,,-121.9331847,47.5260821,2025-12-10 23:25:28.000,_20251210_152244_CH05_TMO_5GNR_WFC-MT_DUT-2_TC151-1.dml,,,,,,,,,,NR SA,,,,,,,,,,,,,,,,
181,1,,,-121.9331847,47.5260821,2025-12-10 23:25:29.000,_20251210_152244_CH05_TMO_5GNR_WFC-MT_DUT-2_TC151-1.dml,,,,,,,,,,NR SA,,,,,,,,,,,,,,,,
182,1,,,-121.9331847,47.5260821,2025-12-10 23:25:30.000,_20251210_152244_CH05_TMO_5GNR_WFC-MT_DUT-2_TC151-1.dml,,594,-109.490000,,,,,,,NR SA,,,,,,,,,,,,,,,,
183,1,,,-121.9331847,47.5260821,2025-12-10 23:25:31.000,_20251210_152244_CH05_TMO_5GNR_WFC-MT_DUT-2_TC151-1.dml,,,,,,,,,,NR SA,,,,,,,,,,,,,,,,
184,1,,,-121.9331847,47.5260821,2025-12-10 23:25:32.000,_20251210_152244_CH05_TMO_5GNR_WFC-MT_DUT-2_TC151-1.dml,,,,,,,,,,NR SA,,,,,,,,,,,,,,,,
185,1,,,-121.9331847,47.5260821,2025-12-10 23:25:33.000,_20251210_152244_CH05_TMO_5GNR_WFC-MT_DUT-2_TC151-1.dml,,594,-102.880000,,,,,,,NR SA,,,,,,,,,,,,,,,,
186,1,,,-121.9331847,47.5260821,2025-12-10 23:25:34.000,_20251210_152244_CH05_TMO_5GNR_WFC-MT_DUT-2_TC151-1.dml,,,,,,,,,,NR SA,,,,,,,,,,,,,,,,
187,1,,,-121.9331847,47.5260821,2025-12-10 23:25:35.000,_20251210_152244_CH05_TMO_5GNR_WFC-MT_DUT-2_TC151-1.dml,,594,-114.990000,,,,,,,NR SA,,,,,,,,,,,,,,,,
188,1,,,-121.9331847,47.5260821,2025-12-10 23:25:36.000,_20251210_152244_CH05_TMO_5GNR_WFC-MT_DUT-2_TC151-1.dml,,594,-117.440000,,,,,,,NR SA,,,,,,,,,,,,,,,,
189,1,,,-121.9331847,47.5260821,2025-12-10 23:25:37.000,_20251210_152244_CH05_TMO_5GNR_WFC-MT_DUT-2_TC151-1.dml,,,,,,,,,,NR SA,,,,,,,,,,,,,,,,
190,1,,,-121.9331847,47.5260821,2025-12-10 23:25:38.000,_20251210_152244_CH05_TMO_5GNR_WFC-MT_DUT-2_TC151-1.dml,,594,-109.450000,,,,,,,NR SA,,,,,,,,,,,,,,,,
191,1,,,-121.9331847,47.5260821,2025-12-10 23:25:39.000,_20251210_152244_CH05_TMO_5GNR_WFC-MT_DUT-2_TC151-1.dml,,,,,,,,,,NR SA,,,,,,,,,,,,,,,,
192,1,,,-121.9331847,47.5260821,2025-12-10 23:25:40.000,_20251210_152244_CH05_TMO_5GNR_WFC-MT_DUT-2_TC151-1.dml,,594,-107.980000,,,,,,,NR SA,,,,,,,,,,,,,,,,
193,1,,,-121.9331847,47.5260821,2025-12-10 23:25:41.000,_20251210_152244_CH05_TMO_5GNR_WFC-MT_DUT-2_TC151-1.dml,,,,,,,,,,NR SA,,,,,,,,,,,,,,,,
194,1,,,-121.9331847,47.5260821,2025-12-10 23:25:42.000,_20251210_152244_CH05_TMO_5GNR_WFC-MT_DUT-2_TC151-1.dml,,,,,,,,,,NR SA,,,,,,,,,,,,,,,,
195,1,,,-121.9331847,47.5260821,2025-12-10 23:25:43.000,_20251210_152244_CH05_TMO_5GNR_WFC-MT_DUT-2_TC151-1.dml,,594,-106.970000,,,,,,,NR SA,,,,,,,,,,,,,,,,
196,1,,,-121.9331847,47.5260821,2025-12-10 23:25:44.000,_20251210_152244_CH05_TMO_5GNR_WFC-MT_DUT-2_TC151-1.dml,,,,,,,,,,NR SA,,,,,,,,,,,,,,,,
197,1,,,-121.9331847,47.5260821,2025-12-10 23:25:45.000,_20251210_152244_CH05_TMO_5GNR_WFC-MT_DUT-2_TC151-1.dml,,594,-106.930000,,,,,,,NR SA,,,,,,,,,,,,,,,,
198,1,,,-121.9331847,47.5260821,2025-12-10 23:25:46.000,_20251210_152244_CH05_TMO_5GNR_WFC-MT_DUT-2_TC151-1.dml,,,,,,,,,,NR SA,,,,,,,,,,,,,,,,
199,1,,,-121.9331847,47.5260821,2025-12-10 23:25:47.000,_20251210_152244_CH05_TMO_5GNR_WFC-MT_DUT-2_TC151-1.dml,,,,,,,,,,NR SA,,,,,,,,,,,,,,,,
200,1,,,-121.9331847,47.5260821,2025-12-10 23:25:48.000,_20251210_152244_CH05_TMO_5GNR_WFC-MT_DUT-2_TC151-1.dml,,594,-110.830000,,,,,,,NR SA,,,,,,,,,,,,,,,,
201,1,,,-121.9331847,47.5260821,2025-12-10 23:25:49.000,_20251210_152244_CH05_TMO_5GNR_WFC-MT_DUT-2_TC151-1.dml,,,,,,,,,,NR SA,,,,,,,,,,,,,,,,
202,1,,,-121.9331847,47.5260821,2025-12-10 23:25:50.000,_20251210_152244_CH05_TMO_5GNR_WFC-MT_DUT-2_TC151-1.dml,,594,-107.410000,,,,,,,NR SA,,,,,,,,,,,,,,,,
203,1,,,-121.9331847,47.5260821,2025-12-10 23:25:51.000,_20251210_152244_CH05_TMO_5GNR_WFC-MT_DUT-2_TC151-1.dml,,,,,,,,,,NR SA,,,,,,,,,,,,,,,,
204,1,,,-121.9331847,47.5260821,2025-12-10 23:25:52.000,_20251210_152244_CH05_TMO_5GNR_WFC-MT_DUT-2_TC151-1.dml,,,,,,,,,,NR SA,,,,,,,,,,,,,,,,
205,1,,,-121.9331847,47.5260821,2025-12-10 23:25:53.000,_20251210_152244_CH05_TMO_5GNR_WFC-MT_DUT-2_TC151-1.dml,,594,-112.370000,,,,,,,NR SA,,,,,,,,,,,,,,,,
206,1,,,-121.9331847,47.5260821,2025-12-10 23:25:54.000,_20251210_152244_CH05_TMO_5GNR_WFC-MT_DUT-2_TC151-1.dml,,594,-107.860000,,,,,,,NR SA,,,,,,,,,,,,,,,,
207,1,,,-121.9331847,47.5260821,2025-12-10 23:25:55.000,_20251210_152244_CH05_TMO_5GNR_WFC-MT_DUT-2_TC151-1.dml,,,,,,,,,,NR SA,,,,,,,,,,,,,,,,
208,1,,,-121.9331847,47.5260821,2025-12-10 23:25:56.000,_20251210_152244_CH05_TMO_5GNR_WFC-MT_DUT-2_TC151-1.dml,,,,,,,,,,NR SA,,,,,,,,,,,,,,,,
209,1,,,-121.9331847,47.5260821,2025-12-10 23:25:57.000,_20251210_152244_CH05_TMO_5GNR_WFC-MT_DUT-2_TC151-1.dml,,594,-107.670000,,,,,,,NR SA,,,,,,,,,,,,,,,,
210,1,,,-121.9331847,47.5260821,2025-12-10 23:25:58.000,_20251210_152244_CH05_TMO_5GNR_WFC-MT_DUT-2_TC151-1.dml,,,,,,,,,,NR SA,,,,,,,,,,,,,,,,
211,1,,,-121.9331847,47.5260821,2025-12-10 23:25:59.000,_20251210_152244_CH05_TMO_5GNR_WFC-MT_DUT-2_TC151-1.dml,,594,-111.600000,,,,,,,NR SA,,,,,,,,,,,,,,,,
212,1,,,-121.9331847,47.5260821,2025-12-10 23:26:00.000,_20251210_152244_CH05_TMO_5GNR_WFC-MT_DUT-2_TC151-1.dml,,,,,,,,,,NR SA,,,,,,,,,,,,,,,,
213,1,,,-121.9331847,47.5260821,2025-12-10 23:26:01.000,_20251210_152244_CH05_TMO_5GNR_WFC-MT_DUT-2_TC151-1.dml,,594,-115.410000,,,,,,,NR SA,,,,,,,,,,,,,,,,
214,1,,,-121.9331847,47.5260821,2025-12-10 23:26:02.000,_20251210_152244_CH05_TMO_5GNR_WFC-MT_DUT-2_TC151-1.dml,,594,-113.080000,,,,,,,NR SA,,,,,,,,,,,,,,,,
215,1,,,-121.9331847,47.5260821,2025-12-10 23:26:03.000,_20251210_152244_CH05_TMO_5GNR_WFC-MT_DUT-2_TC151-1.dml,,594,-113.840000,,,,,,,NR SA,,,,,,,,,,,,,,,,
216,1,,,-121.9331847,47.5260821,2025-12-10 23:26:04.000,_20251210_152244_CH05_TMO_5GNR_WFC-MT_DUT-2_TC151-1.dml,,,,,,,,,,NR SA,,,,,,,,,,,,,,,,
217,1,,,-121.9331847,47.5260821,2025-12-10 23:26:05.000,_20251210_152244_CH05_TMO_5GNR_WFC-MT_DUT-2_TC151-1.dml,,594,-111.310000,,,,,,,NR SA,,,,,,,,,,,,,,,,
218,1,,,-121.9331847,47.5260821,2025-12-10 23:26:06.000,_20251210_152244_CH05_TMO_5GNR_WFC-MT_DUT-2_TC151-1.dml,,594,-105.620000,,,,,,,NR SA,,,,,,,,,,,,,,,,
219,1,,,-121.9331847,47.5260821,2025-12-10 23:26:07.000,_20251210_152244_CH05_TMO_5GNR_WFC-MT_DUT-2_TC151-1.dml,,,,,,,,,,NR SA,,,,,,,,,,,,,,,,
220,1,,,-121.9331847,47.5260821,2025-12-10 23:26:08.000,_20251210_152244_CH05_TMO_5GNR_WFC-MT_DUT-2_TC151-1.dml,,594,-105.640000,,,,,,,NR SA,,,,,,,,,,,,,,,,
221,1,,,-121.9331847,47.5260821,2025-12-10 23:26:09.000,_20251210_152244_CH05_TMO_5GNR_WFC-MT_DUT-2_TC151-1.dml,,,,,,,,,,NR SA,,,,,,,,,,,,,,,,
222,1,,,-121.9331847,47.5260821,2025-12-10 23:26:10.000,_20251210_152244_CH05_TMO_5GNR_WFC-MT_DUT-2_TC151-1.dml,,,,,,,,,,NR SA,,,,,,,,,,,,,,,,
223,1,,,-121.9331847,47.5260821,2025-12-10 23:26:11.000,_20251210_152244_CH05_TMO_5GNR_WFC-MT_DUT-2_TC151-1.dml,,594,-102.620000,,,,,,,NR SA,,,,,,,,,,,,,,,,
224,1,,,-121.9331847,47.5260821,2025-12-10 23:26:12.000,_20251210_152244_CH05_TMO_5GNR_WFC-MT_DUT-2_TC151-1.dml,,,,,,,,,,NR SA,,,,,,,,,,,,,,,,
225,1,,,-121.9331847,47.5260821,2025-12-10 23:26:13.000,_20251210_152244_CH05_TMO_5GNR_WFC-MT_DUT-2_TC151-1.dml,,594,-110.090000,,,,,,,NR SA,,,,,,,,,,,,,,,,
226,1,,,-121.9331847,47.5260821,2025-12-10 23:26:14.000,_20251210_152244_CH05_TMO_5GNR_WFC-MT_DUT-2_TC151-1.dml,,,,,,,,,,NR SA,,,,,,,,,,,,,,,,
227,1,,,-121.9331847,47.5260821,2025-12-10 23:26:15.000,_20251210_152244_CH05_TMO_5GNR_WFC-MT_DUT-2_TC151-1.dml,,594,-104.660000,,,,,,,NR SA,,,,,,,,,,,,,,,,
228,1,,,-121.9331847,47.5260821,2025-12-10 23:26:16.000,_20251210_152244_CH05_TMO_5GNR_WFC-MT_DUT-2_TC151-1.dml,,,,,,,,,,NR SA,,,,,,,,,,,,,,,,
229,1,,,-121.9331847,47.5260821,2025-12-10 23:26:17.000,_20251210_152244_CH05_TMO_5GNR_WFC-MT_DUT-2_TC151-1.dml,,594,-106.980000,,,,,,,NR SA,,,,,,,,,,,,,,,,
230,1,,,-121.9331847,47.5260821,2025-12-10 23:26:18.000,_20251210_152244_CH05_TMO_5GNR_WFC-MT_DUT-2_TC151-1.dml,,,,,,,,,,NR SA,,,,,,,,,,,,,,,,
231,1,,,-121.9331847,47.5260821,2025-12-10 23:26:19.000,_20251210_152244_CH05_TMO_5GNR_WFC-MT_DUT-2_TC151-1.dml,,,,,,,,,,NR SA,,,,,,,,,,,,,,,,
232,1,,,-121.9331847,47.5260821,2025-12-10 23:26:20.000,_20251210_152244_CH05_TMO_5GNR_WFC-MT_DUT-2_TC151-1.dml,,594,-108.160000,,,,,,,NR SA,,,,,,,,,,,,,,,,
233,1,,,-121.9331847,47.5260821,2025-12-10 23:26:21.000,_20251210_152244_CH05_TMO_5GNR_WFC-MT_DUT-2_TC151-1.dml,,,,,,,,,,NR SA,,,,,,,,,,,,,,,,
234,1,,,-121.9331847,47.5260821,2025-12-10 23:26:22.000,_20251210_152244_CH05_TMO_5GNR_WFC-MT_DUT-2_TC151-1.dml,,594,-109.660000,,,,,,,NR SA,,,,,,,,,,,,,,,,
235,1,,,-121.9331847,47.5260821,2025-12-10 23:26:23.000,_20251210_152244_CH05_TMO_5GNR_WFC-MT_DUT-2_TC151-1.dml,,,,,,,,,,NR SA,,,,,,,,,,,,,,,,
236,1,,,-121.9331847,47.5260821,2025-12-10 23:26:24.000,_20251210_152244_CH05_TMO_5GNR_WFC-MT_DUT-2_TC151-1.dml,,,,,,,,,,NR SA,,,,,,,,,,,,,,,,
237,1,,,-121.9331847,47.5260821,2025-12-10 23:26:25.000,_20251210_152244_CH05_TMO_5GNR_WFC-MT_DUT-2_TC151-1.dml,,594,-111.850000,,,,,,,NR SA,,,,,,,,,,,,,,,,
238,1,,,-121.9331847,47.5260821,2025-12-10 23:26:26.000,_20251210_152244_CH05_TMO_5GNR_WFC-MT_DUT-2_TC151-1.dml,,594,-110.610000,,,,,,,NR SA,,,,,,,,,,,,,,,,
239,1,,,-121.9331847,47.5260821,2025-12-10 23:26:27.000,_20251210_152244_CH05_TMO_5GNR_WFC-MT_DUT-2_TC151-1.dml,,,,,,,,,,NR SA,,,,,,,,,,,,,,,,
240,1,,,-121.9331847,47.5260821,2025-12-10 23:26:28.000,_20251210_152244_CH05_TMO_5GNR_WFC-MT_DUT-2_TC151-1.dml,,,,,,,,,,NR SA,,,,,,,,,,,,,,,,
241,1,,,-121.9331847,47.5260821,2025-12-10 23:26:29.000,_20251210_152244_CH05_TMO_5GNR_WFC-MT_DUT-2_TC151-1.dml,,594,-111.600000,,,,,,,NR SA,,,,,,,,,,,,,,,,
242,1,,,-121.9331847,47.5260821,2025-12-10 23:26:30.000,_20251210_152244_CH05_TMO_5GNR_WFC-MT_DUT-2_TC151-1.dml,,,,,,,,,,NR SA,,,,,,,,,,,,,,,,
243,1,,,-121.9331847,47.5260821,2025-12-10 23:26:31.000,_20251210_152244_CH05_TMO_5GNR_WFC-MT_DUT-2_TC151-1.dml,,594,-105.590000,,,,,,,NR SA,,,,,,,,,,,,,,,,
244,1,,,-121.9331847,47.5260821,2025-12-10 23:26:32.000,_20251210_152244_CH05_TMO_5GNR_WFC-MT_DUT-2_TC151-1.dml,,,,,,,,,,NR SA,,,,,,,,,,,,,,,,
245,1,,,-121.9331847,47.5260821,2025-12-10 23:26:33.000,_20251210_152244_CH05_TMO_5GNR_WFC-MT_DUT-2_TC151-1.dml,,,,,,,,,,NR SA,,,,,,,,,,,,,,,,
246,1,,,-121.9331847,47.5260821,2025-12-10 23:26:34.000,_20251210_152244_CH05_TMO_5GNR_WFC-MT_DUT-2_TC151-1.dml,,594,-115.150000,,,,,,,NR SA,,,,,,,,,,,,,,,,
247,1,,,-121.9331847,47.5260821,2025-12-10 23:26:35.000,_20251210_152244_CH05_TMO_5GNR_WFC-MT_DUT-2_TC151-1.dml,,594,-104.220000,,,,,,,NR SA,,,,,,,,,,,,,,,,
248,1,,,-121.9331847,47.5260821,2025-12-10 23:26:36.000,_20251210_152244_CH05_TMO_5GNR_WFC-MT_DUT-2_TC151-1.dml,,,,,,,,,,NR SA,,,,,,,,,,,,,,,,
249,1,,,-121.9331847,47.5260821,2025-12-10 23:26:37.000,_20251210_152244_CH05_TMO_5GNR_WFC-MT_DUT-2_TC151-1.dml,,,,,,,,,,NR SA,,,,,,,,,,,,,,,,
250,1,,,-121.9331847,47.5260821,2025-12-10 23:26:38.000,_20251210_152244_CH05_TMO_5GNR_WFC-MT_DUT-2_TC151-1.dml,,594,-112.330000,,,,,,,NR SA,,,,,,,,,,,,,,,,
251,1,,,-121.9331847,47.5260821,2025-12-10 23:26:39.000,_20251210_152244_CH05_TMO_5GNR_WFC-MT_DUT-2_TC151-1.dml,,594,-114.760000,,,,,,,NR SA,,,,,,,,,,,,,,,,
252,1,,,-121.9331847,47.5260821,2025-12-10 23:26:40.000,_20251210_152244_CH05_TMO_5GNR_WFC-MT_DUT-2_TC151-1.dml,,594,-108.580000,,,,,,,NR SA,,,,,,,,,,,,,,,,
253,1,,,-121.9331847,47.5260821,2025-12-10 23:26:41.000,_20251210_152244_CH05_TMO_5GNR_WFC-MT_DUT-2_TC151-1.dml,,,,,,,,,,NR SA,,,,,,,,,,,,,,,,
254,1,,,-121.9331847,47.5260821,2025-12-10 23:26:42.000,_20251210_152244_CH05_TMO_5GNR_WFC-MT_DUT-2_TC151-1.dml,,,,,,,,,,NR SA,,,,,,,,,,,,,,,,
255,1,,,-121.9331847,47.5260821,2025-12-10 23:26:43.000,_20251210_152244_CH05_TMO_5GNR_WFC-MT_DUT-2_TC151-1.dml,,594,-106.930000,,,,,,,NR SA,,,,,,,,,,,,,,,,
256,1,,,-121.9331847,47.5260821,2025-12-10 23:26:44.000,_20251210_152244_CH05_TMO_5GNR_WFC-MT_DUT-2_TC151-1.dml,,,,,,,,,,NR SA,,,,,,,,,,,,,,,,
257,1,,,-121.9331847,47.5260821,2025-12-10 23:26:45.000,_20251210_152244_CH05_TMO_5GNR_WFC-MT_DUT-2_TC151-1.dml,,594,-106.340000,,,,,,,NR SA,,,,,,,,,,,,,,,,
258,1,,,-121.9331847,47.5260821,2025-12-10 23:26:46.000,_20251210_152244_CH05_TMO_5GNR_WFC-MT_DUT-2_TC151-1.dml,,,,,,,,,,NR SA,,,,,,,,,,,,,,,,
259,1,,,-121.9331847,47.5260821,2025-12-10 23:26:47.000,_20251210_152244_CH05_TMO_5GNR_WFC-MT_DUT-2_TC151-1.dml,,,,,,,,,,NR SA,,,,,,,,,,,,,,,,
260,1,,,-121.9331847,47.5260821,2025-12-10 23:26:48.000,_20251210_152244_CH05_TMO_5GNR_WFC-MT_DUT-2_TC151-1.dml,,594,-113.220000,,,,,,,NR SA,,,,,,,,,,,,,,,,
261,1,,,-121.9331847,47.5260821,2025-12-10 23:26:49.000,_20251210_152244_CH05_TMO_5GNR_WFC-MT_DUT-2_TC151-1.dml,,594,-113.540000,,,,,,,NR SA,,,,,,,,,,,,,,,,
262,1,,,-121.9331847,47.5260821,2025-12-10 23:26:50.000,_20251210_152244_CH05_TMO_5GNR_WFC-MT_DUT-2_TC151-1.dml,,,,,,,,,,NR SA,,,,,,,,,,,,,,,,
263,1,,,-121.9331847,47.5260821,2025-12-10 23:26:51.092,_20251210_152244_CH05_TMO_5GNR_WFC-MT_DUT-2_TC151-1.dml,,,,,,,,,,,,,,,,,,,,,[Tool] Voice - Pair Channel Call Drop,,,,,
264,1,,,-121.9331847,47.5260821,2025-12-10 23:26:51.092,_20251210_152244_CH05_TMO_5GNR_WFC-MT_DUT-2_TC151-1.dml,,,,,,,,,,,,,,,,,,,,,[Tool] Voice - Release Call Request,,,,,
265,1,,,-121.9331847,47.5260821,2025-12-10 23:26:51.000,_20251210_152244_CH05_TMO_5GNR_WFC-MT_DUT-2_TC151-1.dml,,,,,,,,,,NR SA,,,,,,,,,,,,,,,,
266,1,,,-121.9331847,47.5260821,2025-12-10 23:26:51.804,_20251210_152244_CH05_TMO_5GNR_WFC-MT_DUT-2_TC151-1.dml,,,,,,,,,,,,,,,,,,,,Complete,[Tool] Voice - Call Result : Complete,,,,,
267,1,,,-121.9331847,47.5260821,2025-12-10 23:26:51.804,_20251210_152244_CH05_TMO_5GNR_WFC-MT_DUT-2_TC151-1.dml,,,,,,,,,,,,,,,,,,,,,[UE]   Voice - Release Call Success,,,,,
268,1,,,-121.9331847,47.5260821,2025-12-10 23:26:52.000,_20251210_152244_CH05_TMO_5GNR_WFC-MT_DUT-2_TC151-1.dml,,594,-117.190000,,,,,,,,,,,,,,,,,,,1,,,,
269,1,,,-121.9331847,47.5260821,2025-12-10 23:26:52.686,_20251210_152244_CH05_TMO_5GNR_WFC-MT_DUT-2_TC151-1.dml,,,,,,,,,,,,,,,,,,,,,[UE]   Voice - Release Call Success,,,,,
270,1,,,-121.9331847,47.5260821,2025-12-10 23:26:53.000,_20251210_152244_CH05_TMO_5GNR_WFC-MT_DUT-2_TC151-1.dml,,594,-108.700000,,,,,,,,,,,,,,,,,,,,,,,
271,1,,,-121.9331847,47.5260821,2025-12-10 23:26:54.000,_20251210_152244_CH05_TMO_5GNR_WFC-MT_DUT-2_TC151-1.dml,,,,,,,,,,,,,,,,,,,,,,,,,,
272,1,,,-121.9331847,47.5260821,2025-12-10 23:26:55.000,_20251210_152244_CH05_TMO_5GNR_WFC-MT_DUT-2_TC151-1.dml,,,,,,,,,,,,,,,,,,,,,,,,,,
273,1,,,-121.9331847,47.5260821,2025-12-10 23:26:56.000,_20251210_152244_CH05_TMO_5GNR_WFC-MT_DUT-2_TC151-1.dml,,594,-113.750000,,,,,,,,,,,,,,,,,,,,,,,
274,1,,,-121.9331847,47.5260821,2025-12-10 23:26:57.000,_20251210_152244_CH05_TMO_5GNR_WFC-MT_DUT-2_TC151-1.dml,,594,-114.450000,,,,,,,,,,,,,,,,,,,,,,,
275,1,,,-121.9331847,47.5260821,2025-12-10 23:26:58.000,_20251210_152244_CH05_TMO_5GNR_WFC-MT_DUT-2_TC151-1.dml,,594,-108.740000,,,,,,,,,,,,,,,,,,,,,,,
276,1,,,-121.9331847,47.5260821,2025-12-10 23:26:59.000,_20251210_152244_CH05_TMO_5GNR_WFC-MT_DUT-2_TC151-1.dml,,,,,,,,,,,,,,,,,,,,,,,,,,
277,1,,,-121.9331847,47.5260821,2025-12-10 23:27:00.000,_20251210_152244_CH05_TMO_5GNR_WFC-MT_DUT-2_TC151-1.dml,,594,-106.830000,,,,,,,,,,,,,,,,,,,,,,,
278,1,,,-121.9331847,47.5260821,2025-12-10 23:27:01.000,_20251210_152244_CH05_TMO_5GNR_WFC-MT_DUT-2_TC151-1.dml,,,,,,,,,,,,,,,,,,,,,,,,,,
279,1,,,-121.9331847,47.5260821,2025-12-10 23:27:02.000,_20251210_152244_CH05_TMO_5GNR_WFC-MT_DUT-2_TC151-1.dml,,594,-114.390000,,,,,,,,,,,,,,,,,,,,,,,
280,1,,,-121.9331847,47.5260821,2025-12-10 23:27:03.000,_20251210_152244_CH05_TMO_5GNR_WFC-MT_DUT-2_TC151-1.dml,,,,,,,,,,,,,,,,,,,,,,,,,,
281,1,,,-121.9331847,47.5260821,2025-12-10 23:27:04.000,_20251210_152244_CH05_TMO_5GNR_WFC-MT_DUT-2_TC151-1.dml,,594,-105.430000,,,,,,,,,,,,,,,,,,,,,,,
282,1,,,-121.9331847,47.5260821,2025-12-10 23:27:05.000,_20251210_152244_CH05_TMO_5GNR_WFC-MT_DUT-2_TC151-1.dml,,,,,,,,,,,,,,,,,,,,,,,,,,
283,1,,,-121.9331847,47.5260821,2025-12-10 23:27:06.000,_20251210_152244_CH05_TMO_5GNR_WFC-MT_DUT-2_TC151-1.dml,,594,-107.230000,,,,,,,,,,,,,,,,,,,,,,,
284,1,,,-121.9331847,47.5260821,2025-12-10 23:27:07.000,_20251210_152244_CH05_TMO_5GNR_WFC-MT_DUT-2_TC151-1.dml,,,,,,,,,,,,,,,,,,,,,,,,,,
285,1,,,-121.9331847,47.5260821,2025-12-10 23:27:08.000,_20251210_152244_CH05_TMO_5GNR_WFC-MT_DUT-2_TC151-1.dml,,,,,,,,,,,,,,,,,,,,,,,,,,
286,1,,,-121.9331847,47.5260821,2025-12-10 23:27:09.000,_20251210_152244_CH05_TMO_5GNR_WFC-MT_DUT-2_TC151-1.dml,,594,-111.410000,,,,,,,,,,,,,,,,,,,,,,,
287,1,,,-121.9331847,47.5260821,2025-12-10 23:27:10.000,_20251210_152244_CH05_TMO_5GNR_WFC-MT_DUT-2_TC151-1.dml,,,,,,,,,,,,,,,,,,,,,,,,,,
288,1,,,-121.9331847,47.5260821,2025-12-10 23:27:11.000,_20251210_152244_CH05_TMO_5GNR_WFC-MT_DUT-2_TC151-1.dml,,594,-102.830000,,,,,,,,,,,,,,,,,,,,,,,
289,1,,,-121.9331847,47.5260821,2025-12-10 23:27:12.000,_20251210_152244_CH05_TMO_5GNR_WFC-MT_DUT-2_TC151-1.dml,,,,,,,,,,,,,,,,,,,,,,,,,,
290,1,,,-121.9331847,47.5260821,2025-12-10 23:27:13.000,_20251210_152244_CH05_TMO_5GNR_WFC-MT_DUT-2_TC151-1.dml,,,,,,,,,,,,,,,,,,,,,,,,,,
291,1,,,-121.9331847,47.5260821,2025-12-10 23:27:14.000,_20251210_152244_CH05_TMO_5GNR_WFC-MT_DUT-2_TC151-1.dml,,594,-117.450000,,,,,,,,,,,,,,,,,,,,,,,
292,1,,,-121.9331847,47.5260821,2025-12-10 23:27:15.000,_20251210_152244_CH05_TMO_5GNR_WFC-MT_DUT-2_TC151-1.dml,,594,-108.960000,,,,,,,,,,,,,,,,,,,,,,,
293,1,,,-121.9331847,47.5260821,2025-12-10 23:27:16.000,_20251210_152244_CH05_TMO_5GNR_WFC-MT_DUT-2_TC151-1.dml,,,,,,,,,,,,,,,,,,,,,,,,,,
294,1,,,-121.9331847,47.5260821,2025-12-10 23:27:17.000,_20251210_152244_CH05_TMO_5GNR_WFC-MT_DUT-2_TC151-1.dml,,,,,,,,,,,,,,,,,,,,,,,,,,
295,1,,,-121.9331847,47.5260821,2025-12-10 23:27:18.000,_20251210_152244_CH05_TMO_5GNR_WFC-MT_DUT-2_TC151-1.dml,,594,-112.360000,,,,,,,,,,,,,,,,,,,,,,,
296,1,,,-121.9331847,47.5260821,2025-12-10 23:27:19.000,_20251210_152244_CH05_TMO_5GNR_WFC-MT_DUT-2_TC151-1.dml,,,,,,,,,,,,,,,,,,,,,,,,,,
297,1,,,-121.9331847,47.5260821,2025-12-10 23:27:19.404,_20251210_152244_CH05_TMO_5GNR_WFC-MT_DUT-2_TC151-1.dml,,,,,,,,,,,,,,,,,,,,,[Tool] Voice - Release Call Request,,,,,
298,1,,,-121.9331847,47.5260821,2025-12-10 23:27:20.000,_20251210_152244_CH05_TMO_5GNR_WFC-MT_DUT-2_TC151-1.dml,,594,-106.910000,,,,,,,,,,,,,,,,,,,,,,,
299,1,,,-121.9331847,47.5260821,2025-12-10 23:27:21.000,_20251210_152244_CH05_TMO_5GNR_WFC-MT_DUT-2_TC151-1.dml,,,,,,,,,,,,,,,,,,,,,,,,,,
300,1,,,-121.9331847,47.5260821,2025-12-10 23:27:21.970,_20251210_152244_CH05_TMO_5GNR_WFC-MT_DUT-2_TC151-1.dml,,,,,,,,,,,,,,,,,,,,,[Tool] Voice - Call Scheduling End,,,,,
301,1,,,-121.9331847,47.5260821,2025-12-10 23:27:21.970,_20251210_152244_CH05_TMO_5GNR_WFC-MT_DUT-2_TC151-1.dml,354877970011139,,,,,Termination,,Complete,,,,,,,,,EPSFB,Voice,Complete,,,,,,,90.421000
302,1,,,-121.9331847,47.5260821,2025-12-10 23:27:21.970,_20251210_152244_CH05_TMO_5GNR_WFC-MT_DUT-2_TC151-1.dml,,,,,,,,,,,,,,,,,,,,,[Tool] Voice - Release Call Request,,,,,
303,1,,,-121.9331847,47.5260821,2025-12-10 23:27:22.000,_20251210_152244_CH05_TMO_5GNR_WFC-MT_DUT-2_TC151-1.dml,,,,,,,,,,,,,,,,,,,,,,,,,,
304,1,,,-121.9331847,47.5260821,2025-12-10 23:27:23.000,_20251210_152244_CH05_TMO_5GNR_WFC-MT_DUT-2_TC151-1.dml,,594,-102.300000,,,,,,,,,,,,,,,,,,,,,,,
305,1,,,-121.9331847,47.5260821,2025-12-10 23:27:24.000,_20251210_152244_CH05_TMO_5GNR_WFC-MT_DUT-2_TC151-1.dml,,,,,,,,,,,,,,,,,,,,,,,,,,
306,1,,,-121.9331847,47.5260821,2025-12-10 23:27:25.000,_20251210_152244_CH05_TMO_5GNR_WFC-MT_DUT-2_TC151-1.dml,,,,,,,,,,,,,,,,,,,,,,,,,,
307,1,,,-121.9331847,47.5260821,2025-12-10 23:27:26.000,_20251210_152244_CH05_TMO_5GNR_WFC-MT_DUT-2_TC151-1.dml,,594,-96.410000,,,,,,,,,,,,,,,,,,,,,,,
308,1,,,-121.9331847,47.5260821,2025-12-10 23:27:27.000,_20251210_152244_CH05_TMO_5GNR_WFC-MT_DUT-2_TC151-1.dml,,,,,,,,,,,,,,,,,,,,,,,,,,
309,1,,,-121.9331847,47.5260821,2025-12-10 23:27:27.530,_20251210_152244_CH05_TMO_5GNR_WFC-MT_DUT-2_TC151-1.dml,,,,,,,,,,,,,,,,,,,,,[Tool] Voice - Call Scheduling Start(Term),,,,,
310,1,,,-121.9331847,47.5260821,2025-12-10 23:27:27.530,_20251210_152244_CH05_TMO_5GNR_WFC-MT_DUT-2_TC151-1.dml,,,,,,,,,,,,,,,,,,,,,[Tool] Voice - Wait Page,,,,,
311,1,,,-121.9331847,47.5260821,2025-12-10 23:27:28.000,_20251210_152244_CH05_TMO_5GNR_WFC-MT_DUT-2_TC151-1.dml,,594,-106.700000,,,,,,,,,,,,,,,,,,,,,,,
312,1,,,-121.9331847,47.5260821,2025-12-10 23:27:29.000,_20251210_152244_CH05_TMO_5GNR_WFC-MT_DUT-2_TC151-1.dml,,594,-106.200000,,,,,,,,,,,,,,,,,,,,,,,
313,1,,,-121.9331847,47.5260821,2025-12-10 23:27:30.000,_20251210_152244_CH05_TMO_5GNR_WFC-MT_DUT-2_TC151-1.dml,,,,,,,,,,,,,,,,,,,,,,,,,,
314,1,,,-121.9331847,47.5260821,2025-12-10 23:27:31.000,_20251210_152244_CH05_TMO_5GNR_WFC-MT_DUT-2_TC151-1.dml,,,,,,,,,,,,,,,,,,,,,,,,,,
315,1,,,-121.9331847,47.5260821,2025-12-10 23:27:32.185,_20251210_152244_CH05_TMO_5GNR_WFC-MT_DUT-2_TC151-1.dml,,,,,,,,,,,,,,,,,,,,,[Tool] Voice - Answer Request,,,,,
316,1,,,-121.9331847,47.5260821,2025-12-10 23:27:32.000,_20251210_152244_CH05_TMO_5GNR_WFC-MT_DUT-2_TC151-1.dml,,594,-101.700000,,,,,,,,,,,,,,,,,,,,,,,
317,1,,,-121.9331847,47.5260821,2025-12-10 23:27:33.000,_20251210_152244_CH05_TMO_5GNR_WFC-MT_DUT-2_TC151-1.dml,,,,,,,,,,,,,,,,,,,,,,,,,,
318,1,,,-121.9331847,47.5260821,2025-12-10 23:27:33.262,_20251210_152244_CH05_TMO_5GNR_WFC-MT_DUT-2_TC151-1.dml,,,,,,,,,,,,,,,,,,,,,[Tool] Voice - Answer Request,,,,,
319,1,,,-121.9331847,47.5260821,2025-12-10 23:27:33.420,_20251210_152244_CH05_TMO_5GNR_WFC-MT_DUT-2_TC151-1.dml,,,,,,,,,,,,,,,,,,,,,[UE]   Voice - Setup Success,,,,,
320,1,,,-121.9331847,47.5260821,2025-12-10 23:27:34.000,_20251210_152244_CH05_TMO_5GNR_WFC-MT_DUT-2_TC151-1.dml,,594,-103.430000,,,,,,,NR SA,,,,,,,,,,,,,,,,
321,1,,,-121.9331847,47.5260821,2025-12-10 23:27:35.000,_20251210_152244_CH05_TMO_5GNR_WFC-MT_DUT-2_TC151-1.dml,,,,,,,,,,NR SA,,,,,,,,,,,,,,,,
322,1,,,-121.9331847,47.5260821,2025-12-10 23:27:36.000,_20251210_152244_CH05_TMO_5GNR_WFC-MT_DUT-2_TC151-1.dml,,,,,,,,,,NR SA,,,,,,,,,,,,,,,,
323,1,,,-121.9331847,47.5260821,2025-12-10 23:27:37.000,_20251210_152244_CH05_TMO_5GNR_WFC-MT_DUT-2_TC151-1.dml,,594,-107.930000,,,,,,,NR SA,,,,,,,,,,,,,,,,
324,1,,,-121.9331847,47.5260821,2025-12-10 23:27:38.000,_20251210_152244_CH05_TMO_5GNR_WFC-MT_DUT-2_TC151-1.dml,,594,-105.820000,,,,,,,NR SA,,,,,,,,,,,,,,,,
325,1,,,-121.9331847,47.5260821,2025-12-10 23:27:39.000,_20251210_152244_CH05_TMO_5GNR_WFC-MT_DUT-2_TC151-1.dml,,,,,,,,,,NR SA,,,,,,,,,,,,,,,,
326,1,,,-121.9331847,47.5260821,2025-12-10 23:27:40.000,_20251210_152244_CH05_TMO_5GNR_WFC-MT_DUT-2_TC151-1.dml,,,,,,,,,,NR SA,,,,,,,,,,,,,,,,
327,1,,,-121.9331847,47.5260821,2025-12-10 23:27:41.000,_20251210_152244_CH05_TMO_5GNR_WFC-MT_DUT-2_TC151-1.dml,,594,-102.450000,,,,,,,NR SA,,,,,,,,,,,,,,,,
328,1,,,-121.9331847,47.5260821,2025-12-10 23:27:42.000,_20251210_152244_CH05_TMO_5GNR_WFC-MT_DUT-2_TC151-1.dml,,,,,,,,,,NR SA,,,,,,,,,,,,,,,,
329,1,,,-121.9331847,47.5260821,2025-12-10 23:27:43.000,_20251210_152244_CH05_TMO_5GNR_WFC-MT_DUT-2_TC151-1.dml,,594,-103.060000,,,,,,,NR SA,,,,,,,,,,,,,,,,
330,1,,,-121.9331847,47.5260821,2025-12-10 23:27:44.000,_20251210_152244_CH05_TMO_5GNR_WFC-MT_DUT-2_TC151-1.dml,,,,,,,,,,NR SA,,,,,,,,,,,,,,,,
331,1,,,-121.9331847,47.5260821,2025-12-10 23:27:45.000,_20251210_152244_CH05_TMO_5GNR_WFC-MT_DUT-2_TC151-1.dml,,,,,,,,,,NR SA,,,,,,,,,,,,,,,,
332,1,,,-121.9331847,47.5260821,2025-12-10 23:27:46.000,_20251210_152244_CH05_TMO_5GNR_WFC-MT_DUT-2_TC151-1.dml,,594,-111.470000,,,,,,,NR SA,,,,,,,,,,,,,,,,
333,1,,,-121.9331847,47.5260821,2025-12-10 23:27:47.000,_20251210_152244_CH05_TMO_5GNR_WFC-MT_DUT-2_TC151-1.dml,,594,-102.430000,,,,,,,NR SA,,,,,,,,,,,,,,,,
334,1,,,-121.9331847,47.5260821,2025-12-10 23:27:48.000,_20251210_152244_CH05_TMO_5GNR_WFC-MT_DUT-2_TC151-1.dml,,,,,,,,,,NR SA,,,,,,,,,,,,,,,,
335,1,,,-121.9331847,47.5260821,2025-12-10 23:27:49.000,_20251210_152244_CH05_TMO_5GNR_WFC-MT_DUT-2_TC151-1.dml,,594,-104.710000,,,,,,,NR SA,,,,,,,,,,,,,,,,
336,1,,,-121.9331847,47.5260821,2025-12-10 23:27:50.000,_20251210_152244_CH05_TMO_5GNR_WFC-MT_DUT-2_TC151-1.dml,,,,,,,,,,NR SA,,,,,,,,,,,,,,,,
337,1,,,-121.9331847,47.5260821,2025-12-10 23:27:51.000,_20251210_152244_CH05_TMO_5GNR_WFC-MT_DUT-2_TC151-1.dml,,,,,,,,,,NR SA,,,,,,,,,,,,,,,,
338,1,,,-121.9331847,47.5260821,2025-12-10 23:27:52.000,_20251210_152244_CH05_TMO_5GNR_WFC-MT_DUT-2_TC151-1.dml,,594,-102.340000,,,,,,,NR SA,,,,,,,,,,,,,,,,
339,1,,,-121.9331847,47.5260821,2025-12-10 23:27:53.000,_20251210_152244_CH05_TMO_5GNR_WFC-MT_DUT-2_TC151-1.dml,,,,,,,,,,NR SA,,,,,,,,,,,,,,,,
340,1,,,-121.9331847,47.5260821,2025-12-10 23:27:54.000,_20251210_152244_CH05_TMO_5GNR_WFC-MT_DUT-2_TC151-1.dml,,,,,,,,,,NR SA,,,,,,,,,,,,,,,,
341,1,,,-121.9331847,47.5260821,2025-12-10 23:27:55.000,_20251210_152244_CH05_TMO_5GNR_WFC-MT_DUT-2_TC151-1.dml,,594,-107.380000,,,,,,,NR SA,,,,,,,,,,,,,,,,
342,1,,,-121.9331847,47.5260821,2025-12-10 23:27:56.000,_20251210_152244_CH05_TMO_5GNR_WFC-MT_DUT-2_TC151-1.dml,,594,-104.770000,,,,,,,NR SA,,,,,,,,,,,,,,,,
343,1,,,-121.9331847,47.5260821,2025-12-10 23:27:57.000,_20251210_152244_CH05_TMO_5GNR_WFC-MT_DUT-2_TC151-1.dml,,,,,,,,,,NR SA,,,,,,,,,,,,,,,,
344,1,,,-121.9331847,47.5260821,2025-12-10 23:27:58.000,_20251210_152244_CH05_TMO_5GNR_WFC-MT_DUT-2_TC151-1.dml,,594,-112.140000,,,,,,,NR SA,,,,,,,,,,,,,,,,
345,1,,,-121.9331847,47.5260821,2025-12-10 23:27:59.000,_20251210_152244_CH05_TMO_5GNR_WFC-MT_DUT-2_TC151-1.dml,,,,,,,,,,NR SA,,,,,,,,,,,,,,,,
346,1,,,-121.9331847,47.5260821,2025-12-10 23:28:00.000,_20251210_152244_CH05_TMO_5GNR_WFC-MT_DUT-2_TC151-1.dml,,594,-103.170000,,,,,,,NR SA,,,,,,,,,,,,,,,,
347,1,,,-121.9331847,47.5260821,2025-12-10 23:28:01.000,_20251210_152244_CH05_TMO_5GNR_WFC-MT_DUT-2_TC151-1.dml,,,,,,,,,,NR SA,,,,,,,,,,,,,,,,
348,1,,,-121.9331847,47.5260821,2025-12-10 23:28:02.000,_20251210_152244_CH05_TMO_5GNR_WFC-MT_DUT-2_TC151-1.dml,,594,-103.830000,,,,,,,NR SA,,,,,,,,,,,,,,,,
349,1,,,-121.9331847,47.5260821,2025-12-10 23:28:03.000,_20251210_152244_CH05_TMO_5GNR_WFC-MT_DUT-2_TC151-1.dml,,,,,,,,,,NR SA,,,,,,,,,,,,,,,,
350,1,,,-121.9331847,47.5260821,2025-12-10 23:28:04.000,_20251210_152244_CH05_TMO_5GNR_WFC-MT_DUT-2_TC151-1.dml,,,,,,,,,,NR SA,,,,,,,,,,,,,,,,
351,1,,,-121.9331847,47.5260821,2025-12-10 23:28:05.000,_20251210_152244_CH05_TMO_5GNR_WFC-MT_DUT-2_TC151-1.dml,,594,-105.980000,,,,,,,NR SA,,,,,,,,,,,,,,,,
352,1,,,-121.9331847,47.5260821,2025-12-10 23:28:06.000,_20251210_152244_CH05_TMO_5GNR_WFC-MT_DUT-2_TC151-1.dml,,,,,,,,,,NR SA,,,,,,,,,,,,,,,,
353,1,,,-121.9331847,47.5260821,2025-12-10 23:28:07.000,_20251210_152244_CH05_TMO_5GNR_WFC-MT_DUT-2_TC151-1.dml,,594,-110.240000,,,,,,,NR SA,,,,,,,,,,,,,,,,
354,1,,,-121.9331847,47.5260821,2025-12-10 23:28:08.000,_20251210_152244_CH05_TMO_5GNR_WFC-MT_DUT-2_TC151-1.dml,,,,,,,,,,NR SA,,,,,,,,,,,,,,,,
355,1,,,-121.9331847,47.5260821,2025-12-10 23:28:09.000,_20251210_152244_CH05_TMO_5GNR_WFC-MT_DUT-2_TC151-1.dml,,,,,,,,,,NR SA,,,,,,,,,,,,,,,,
356,1,,,-121.9331847,47.5260821,2025-12-10 23:28:10.000,_20251210_152244_CH05_TMO_5GNR_WFC-MT_DUT-2_TC151-1.dml,,594,-117.630000,,,,,,,NR SA,,,,,,,,,,,,,,,,
357,1,,,-121.9331847,47.5260821,2025-12-10 23:28:11.000,_20251210_152244_CH05_TMO_5GNR_WFC-MT_DUT-2_TC151-1.dml,,594,-108.600000,,,,,,,NR SA,,,,,,,,,,,,,,,,
358,1,,,-121.9331847,47.5260821,2025-12-10 23:28:12.000,_20251210_152244_CH05_TMO_5GNR_WFC-MT_DUT-2_TC151-1.dml,,,,,,,,,,NR SA,,,,,,,,,,,,,,,,
359,1,,,-121.9331847,47.5260821,2025-12-10 23:28:13.000,_20251210_152244_CH05_TMO_5GNR_WFC-MT_DUT-2_TC151-1.dml,,,,,,,,,,NR SA,,,,,,,,,,,,,,,,
360,1,,,-121.9331847,47.5260821,2025-12-10 23:28:14.000,_20251210_152244_CH05_TMO_5GNR_WFC-MT_DUT-2_TC151-1.dml,,594,-108.880000,,,,,,,NR SA,,,,,,,,,,,,,,,,
361,1,,,-121.9331847,47.5260821,2025-12-10 23:28:15.000,_20251210_152244_CH05_TMO_5GNR_WFC-MT_DUT-2_TC151-1.dml,,,,,,,,,,NR SA,,,,,,,,,,,,,,,,
362,1,,,-121.9331847,47.5260821,2025-12-10 23:28:16.000,_20251210_152244_CH05_TMO_5GNR_WFC-MT_DUT-2_TC151-1.dml,,594,-116.370000,,,,,,,NR SA,,,,,,,,,,,,,,,,
363,1,,,-121.9331847,47.5260821,2025-12-10 23:28:17.000,_20251210_152244_CH05_TMO_5GNR_WFC-MT_DUT-2_TC151-1.dml,,,,,,,,,,NR SA,,,,,,,,,,,,,,,,
364,1,,,-121.9331847,47.5260821,2025-12-10 23:28:18.000,_20251210_152244_CH05_TMO_5GNR_WFC-MT_DUT-2_TC151-1.dml,,594,-110.650000,,,,,,,NR SA,,,,,,,,,,,,,,,,
365,1,,,-121.9331847,47.5260821,2025-12-10 23:28:19.000,_20251210_152244_CH05_TMO_5GNR_WFC-MT_DUT-2_TC151-1.dml,,,,,,,,,,NR SA,,,,,,,,,,,,,,,,
366,1,,,-121.9331847,47.5260821,2025-12-10 23:28:20.000,_20251210_152244_CH05_TMO_5GNR_WFC-MT_DUT-2_TC151-1.dml,,594,-111.900000,,,,,,,NR SA,,,,,,,,,,,,,,,,
367,1,,,-121.9331847,47.5260821,2025-12-10 23:28:21.000,_20251210_152244_CH05_TMO_5GNR_WFC-MT_DUT-2_TC151-1.dml,,,,,,,,,,NR SA,,,,,,,,,,,,,,,,
368,1,,,-121.9331847,47.5260821,2025-12-10 23:28:22.000,_20251210_152244_CH05_TMO_5GNR_WFC-MT_DUT-2_TC151-1.dml,,,,,,,,,,NR SA,,,,,,,,,,,,,,,,
369,1,,,-121.9331847,47.5260821,2025-12-10 23:28:23.000,_20251210_152244_CH05_TMO_5GNR_WFC-MT_DUT-2_TC151-1.dml,,594,-115.850000,,,,,,,NR SA,,,,,,,,,,,,,,,,
370,1,,,-121.9331847,47.5260821,2025-12-10 23:28:24.000,_20251210_152244_CH05_TMO_5GNR_WFC-MT_DUT-2_TC151-1.dml,,594,-111.980000,,,,,,,NR SA,,,,,,,,,,,,,,,,
371,1,,,-121.9331847,47.5260821,2025-12-10 23:28:25.000,_20251210_152244_CH05_TMO_5GNR_WFC-MT_DUT-2_TC151-1.dml,,,,,,,,,,NR SA,,,,,,,,,,,,,,,,
372,1,,,-121.9331847,47.5260821,2025-12-10 23:28:26.000,_20251210_152244_CH05_TMO_5GNR_WFC-MT_DUT-2_TC151-1.dml,,,,,,,,,,NR SA,,,,,,,,,,,,,,,,
373,1,,,-121.9331847,47.5260821,2025-12-10 23:28:27.000,_20251210_152244_CH05_TMO_5GNR_WFC-MT_DUT-2_TC151-1.dml,,594,-109.830000,,,,,,,NR SA,,,,,,,,,,,,,,,,
374,1,,,-121.9331847,47.5260821,2025-12-10 23:28:28.000,_20251210_152244_CH05_TMO_5GNR_WFC-MT_DUT-2_TC151-1.dml,,,,,,,,,,NR SA,,,,,,,,,,,,,,,,
375,1,,,-121.9331847,47.5260821,2025-12-10 23:28:29.000,_20251210_152244_CH05_TMO_5GNR_WFC-MT_DUT-2_TC151-1.dml,,594,-108.750000,,,,,,,NR SA,,,,,,,,,,,,,,,,
376,1,,,-121.9331847,47.5260821,2025-12-10 23:28:30.000,_20251210_152244_CH05_TMO_5GNR_WFC-MT_DUT-2_TC151-1.dml,,,,,,,,,,NR SA,,,,,,,,,,,,,,,,
377,1,,,-121.9331847,47.5260821,2025-12-10 23:28:31.000,_20251210_152244_CH05_TMO_5GNR_WFC-MT_DUT-2_TC151-1.dml,,,,,,,,,,NR SA,,,,,,,,,,,,,,,,
378,1,,,-121.9331847,47.5260821,2025-12-10 23:28:32.000,_20251210_152244_CH05_TMO_5GNR_WFC-MT_DUT-2_TC151-1.dml,,594,-109.700000,,,,,,,NR SA,,,,,,,,,,,,,,,,
379,1,,,-121.9331847,47.5260821,2025-12-10 23:28:33.000,_20251210_152244_CH05_TMO_5GNR_WFC-MT_DUT-2_TC151-1.dml,,594,-117.550000,,,,,,,NR SA,,,,,,,,,,,,,,,,
380,1,,,-121.9331847,47.5260821,2025-12-10 23:28:34.000,_20251210_152244_CH05_TMO_5GNR_WFC-MT_DUT-2_TC151-1.dml,,594,-110.870000,,,,,,,NR SA,,,,,,,,,,,,,,,,
381,1,,,-121.9331847,47.5260821,2025-12-10 23:28:35.000,_20251210_152244_CH05_TMO_5GNR_WFC-MT_DUT-2_TC151-1.dml,,,,,,,,,,NR SA,,,,,,,,,,,,,,,,
382,1,,,-121.9331847,47.5260821,2025-12-10 23:28:36.000,_20251210_152244_CH05_TMO_5GNR_WFC-MT_DUT-2_TC151-1.dml,,,,,,,,,,NR SA,,,,,,,,,,,,,,,,
383,1,,,-121.9331847,47.5260821,2025-12-10 23:28:37.000,_20251210_152244_CH05_TMO_5GNR_WFC-MT_DUT-2_TC151-1.dml,,594,-116.640000,,,,,,,NR SA,,,,,,,,,,,,,,,,
384,1,,,-121.9331847,47.5260821,2025-12-10 23:28:38.000,_20251210_152244_CH05_TMO_5GNR_WFC-MT_DUT-2_TC151-1.dml,,594,-106.440000,,,,,,,NR SA,,,,,,,,,,,,,,,,
385,1,,,-121.9331847,47.5260821,2025-12-10 23:28:39.000,_20251210_152244_CH05_TMO_5GNR_WFC-MT_DUT-2_TC151-1.dml,,,,,,,,,,NR SA,,,,,,,,,,,,,,,,
386,1,,,-121.9331847,47.5260821,2025-12-10 23:28:40.000,_20251210_152244_CH05_TMO_5GNR_WFC-MT_DUT-2_TC151-1.dml,,,,,,,,,,NR SA,,,,,,,,,,,,,,,,
387,1,,,-121.9331847,47.5260821,2025-12-10 23:28:41.000,_20251210_152244_CH05_TMO_5GNR_WFC-MT_DUT-2_TC151-1.dml,,594,-107.520000,,,,,,,NR SA,,,,,,,,,,,,,,,,
388,1,,,-121.9331847,47.5260821,2025-12-10 23:28:42.000,_20251210_152244_CH05_TMO_5GNR_WFC-MT_DUT-2_TC151-1.dml,,,,,,,,,,NR SA,,,,,,,,,,,,,,,,
389,1,,,-121.9331847,47.5260821,2025-12-10 23:28:43.000,_20251210_152244_CH05_TMO_5GNR_WFC-MT_DUT-2_TC151-1.dml,,594,-109.590000,,,,,,,NR SA,,,,,,,,,,,,,,,,
390,1,,,-121.9331847,47.5260821,2025-12-10 23:28:44.000,_20251210_152244_CH05_TMO_5GNR_WFC-MT_DUT-2_TC151-1.dml,,,,,,,,,,NR SA,,,,,,,,,,,,,,,,
391,1,,,-121.9331847,47.5260821,2025-12-10 23:28:45.000,_20251210_152244_CH05_TMO_5GNR_WFC-MT_DUT-2_TC151-1.dml,,594,-112.840000,,,,,,,NR SA,,,,,,,,,,,,,,,,
392,1,,,-121.9331847,47.5260821,2025-12-10 23:28:46.000,_20251210_152244_CH05_TMO_5GNR_WFC-MT_DUT-2_TC151-1.dml,,594,-108.700000,,,,,,,NR SA,,,,,,,,,,,,,,,,
393,1,,,-121.9331847,47.5260821,2025-12-10 23:28:47.000,_20251210_152244_CH05_TMO_5GNR_WFC-MT_DUT-2_TC151-1.dml,,,,,,,,,,NR SA,,,,,,,,,,,,,,,,
394,1,,,-121.9331847,47.5260821,2025-12-10 23:28:48.000,_20251210_152244_CH05_TMO_5GNR_WFC-MT_DUT-2_TC151-1.dml,,594,-112.130000,,,,,,,NR SA,,,,,,,,,,,,,,,,
395,1,,,-121.9331847,47.5260821,2025-12-10 23:28:49.000,_20251210_152244_CH05_TMO_5GNR_WFC-MT_DUT-2_TC151-1.dml,,,,,,,,,,NR SA,,,,,,,,,,,,,,,,
396,1,,,-121.9331847,47.5260821,2025-12-10 23:28:50.000,_20251210_152244_CH05_TMO_5GNR_WFC-MT_DUT-2_TC151-1.dml,,,,,,,,,,NR SA,,,,,,,,,,,,,,,,
397,1,,,-121.9331847,47.5260821,2025-12-10 23:28:51.000,_20251210_152244_CH05_TMO_5GNR_WFC-MT_DUT-2_TC151-1.dml,,594,-103.500000,,,,,,,NR SA,,,,,,,,,,,,,,,,
398,1,,,-121.9331847,47.5260821,2025-12-10 23:28:52.000,_20251210_152244_CH05_TMO_5GNR_WFC-MT_DUT-2_TC151-1.dml,,,,,,,,,,NR SA,,,,,,,,,,,,,,,,
399,1,,,-121.9331847,47.5260821,2025-12-10 23:28:53.000,_20251210_152244_CH05_TMO_5GNR_WFC-MT_DUT-2_TC151-1.dml,,594,-99.300000,,,,,,,NR SA,,,,,,,,,,,,,,,,
400,1,,,-121.9331847,47.5260821,2025-12-10 23:28:54.000,_20251210_152244_CH05_TMO_5GNR_WFC-MT_DUT-2_TC151-1.dml,,,,,,,,,,NR SA,,,,,,,,,,,,,,,,
401,1,,,-121.9331847,47.5260821,2025-12-10 23:28:55.000,_20251210_152244_CH05_TMO_5GNR_WFC-MT_DUT-2_TC151-1.dml,,,,,,,,,,NR SA,,,,,,,,,,,,,,,,
402,1,,,-121.9331847,47.5260821,2025-12-10 23:28:56.000,_20251210_152244_CH05_TMO_5GNR_WFC-MT_DUT-2_TC151-1.dml,,594,-116.660000,,,,,,,NR SA,,,,,,,,,,,,,,,,
403,1,,,-121.9331847,47.5260821,2025-12-10 23:28:57.000,_20251210_152244_CH05_TMO_5GNR_WFC-MT_DUT-2_TC151-1.dml,,594,-101.780000,,,,,,,NR SA,,,,,,,,,,,,,,,,
404,1,,,-121.9331847,47.5260821,2025-12-10 23:28:58.000,_20251210_152244_CH05_TMO_5GNR_WFC-MT_DUT-2_TC151-1.dml,,,,,,,,,,NR SA,,,,,,,,,,,,,,,,
405,1,,,-121.9331847,47.5260821,2025-12-10 23:28:59.000,_20251210_152244_CH05_TMO_5GNR_WFC-MT_DUT-2_TC151-1.dml,,,,,,,,,,NR SA,,,,,,,,,,,,,,,,
406,1,,,-121.9331847,47.5260821,2025-12-10 23:29:00.000,_20251210_152244_CH05_TMO_5GNR_WFC-MT_DUT-2_TC151-1.dml,,594,-101.090000,,,,,,,NR SA,,,,,,,,,,,,,,,,
407,1,,,-121.9331847,47.5260821,2025-12-10 23:29:01.000,_20251210_152244_CH05_TMO_5GNR_WFC-MT_DUT-2_TC151-1.dml,,,,,,,,,,NR SA,,,,,,,,,,,,,,,,
408,1,,,-121.9331847,47.5260821,2025-12-10 23:29:02.000,_20251210_152244_CH05_TMO_5GNR_WFC-MT_DUT-2_TC151-1.dml,,594,-104.930000,,,,,,,NR SA,,,,,,,,,,,,,,,,
409,1,,,-121.9331847,47.5260821,2025-12-10 23:29:03.000,_20251210_152244_CH05_TMO_5GNR_WFC-MT_DUT-2_TC151-1.dml,,,,,,,,,,NR SA,,,,,,,,,,,,,,,,
410,1,,,-121.9331847,47.5260821,2025-12-10 23:29:03.562,_20251210_152244_CH05_TMO_5GNR_WFC-MT_DUT-2_TC151-1.dml,,,,,,,,,,,,,,,,,,,,,[Tool] Voice - Pair Channel Call Drop,,,,,
411,1,,,-121.9331847,47.5260821,2025-12-10 23:29:03.562,_20251210_152244_CH05_TMO_5GNR_WFC-MT_DUT-2_TC151-1.dml,,,,,,,,,,,,,,,,,,,,,[Tool] Voice - Release Call Request,,,,,
412,1,,,-121.9331847,47.5260821,2025-12-10 23:29:04.000,_20251210_152244_CH05_TMO_5GNR_WFC-MT_DUT-2_TC151-1.dml,,,,,,,,,,NR SA,,,,,,,,,,,,,,,,
413,1,,,-121.9331847,47.5260821,2025-12-10 23:29:04.065,_20251210_152244_CH05_TMO_5GNR_WFC-MT_DUT-2_TC151-1.dml,,,,,,,,,,,,,,,,,,,,Complete,[Tool] Voice - Call Result : Complete,,,,,
414,1,,,-121.9331847,47.5260821,2025-12-10 23:29:04.065,_20251210_152244_CH05_TMO_5GNR_WFC-MT_DUT-2_TC151-1.dml,,,,,,,,,,,,,,,,,,,,,[UE]   Voice - Release Call Success,,,,,
415,1,,,-121.9331847,47.5260821,2025-12-10 23:29:05.000,_20251210_152244_CH05_TMO_5GNR_WFC-MT_DUT-2_TC151-1.dml,,594,-103.520000,,,,,,,,,,,,,,,,,,,1,,,,
416,1,,,-121.9331847,47.5260821,2025-12-10 23:29:05.351,_20251210_152244_CH05_TMO_5GNR_WFC-MT_DUT-2_TC151-1.dml,,,,,,,,,,,,,,,,,,,,,[UE]   Voice - Release Call Success,,,,,
417,1,,,-121.9331847,47.5260821,2025-12-10 23:29:06.000,_20251210_152244_CH05_TMO_5GNR_WFC-MT_DUT-2_TC151-1.dml,,,,,,,,,,,,,,,,,,,,,,,,,,
418,1,,,-121.9331847,47.5260821,2025-12-10 23:29:07.000,_20251210_152244_CH05_TMO_5GNR_WFC-MT_DUT-2_TC151-1.dml,,,,,,,,,,,,,,,,,,,,,,,,,,
419,1,,,-121.9331847,47.5260821,2025-12-10 23:29:08.000,_20251210_152244_CH05_TMO_5GNR_WFC-MT_DUT-2_TC151-1.dml,,594,-109.510000,,,,,,,,,,,,,,,,,,,,,,,
420,1,,,-121.9331847,47.5260821,2025-12-10 23:29:09.000,_20251210_152244_CH05_TMO_5GNR_WFC-MT_DUT-2_TC151-1.dml,,594,-103.640000,,,,,,,,,,,,,,,,,,,,,,,
421,1,,,-121.9331847,47.5260821,2025-12-10 23:29:10.000,_20251210_152244_CH05_TMO_5GNR_WFC-MT_DUT-2_TC151-1.dml,,,,,,,,,,,,,,,,,,,,,,,,,,
422,1,,,-121.9331847,47.5260821,2025-12-10 23:29:11.000,_20251210_152244_CH05_TMO_5GNR_WFC-MT_DUT-2_TC151-1.dml,,594,-112.320000,,,,,,,,,,,,,,,,,,,,,,,
423,1,,,-121.9331847,47.5260821,2025-12-10 23:29:12.000,_20251210_152244_CH05_TMO_5GNR_WFC-MT_DUT-2_TC151-1.dml,,,,,,,,,,,,,,,,,,,,,,,,,,
424,1,,,-121.9331847,47.5260821,2025-12-10 23:29:13.000,_20251210_152244_CH05_TMO_5GNR_WFC-MT_DUT-2_TC151-1.dml,,594,-107.310000,,,,,,,,,,,,,,,,,,,,,,,
425,1,,,-121.9331847,47.5260821,2025-12-10 23:29:14.000,_20251210_152244_CH05_TMO_5GNR_WFC-MT_DUT-2_TC151-1.dml,,,,,,,,,,,,,,,,,,,,,,,,,,
426,1,,,-121.9331847,47.5260821,2025-12-10 23:29:15.000,_20251210_152244_CH05_TMO_5GNR_WFC-MT_DUT-2_TC151-1.dml,,594,-105.880000,,,,,,,,,,,,,,,,,,,,,,,
427,1,,,-121.9331847,47.5260821,2025-12-10 23:29:16.000,_20251210_152244_CH05_TMO_5GNR_WFC-MT_DUT-2_TC151-1.dml,,,,,,,,,,,,,,,,,,,,,,,,,,
428,1,,,-121.9331847,47.5260821,2025-12-10 23:29:17.000,_20251210_152244_CH05_TMO_5GNR_WFC-MT_DUT-2_TC151-1.dml,,,,,,,,,,,,,,,,,,,,,,,,,,
429,1,,,-121.9331847,47.5260821,2025-12-10 23:29:18.000,_20251210_152244_CH05_TMO_5GNR_WFC-MT_DUT-2_TC151-1.dml,,594,-109.680000,,,,,,,,,,,,,,,,,,,,,,,
430,1,,,-121.9331847,47.5260821,2025-12-10 23:29:19.000,_20251210_152244_CH05_TMO_5GNR_WFC-MT_DUT-2_TC151-1.dml,,,,,,,,,,,,,,,,,,,,,,,,,,
431,1,,,-121.9331847,47.5260821,2025-12-10 23:29:20.000,_20251210_152244_CH05_TMO_5GNR_WFC-MT_DUT-2_TC151-1.dml,,594,-103.610000,,,,,,,,,,,,,,,,,,,,,,,
432,1,,,-121.9331847,47.5260821,2025-12-10 23:29:21.000,_20251210_152244_CH05_TMO_5GNR_WFC-MT_DUT-2_TC151-1.dml,,,,,,,,,,,,,,,,,,,,,,,,,,
433,1,,,-121.9331847,47.5260821,2025-12-10 23:29:22.000,_20251210_152244_CH05_TMO_5GNR_WFC-MT_DUT-2_TC151-1.dml,,,,,,,,,,,,,,,,,,,,,,,,,,
434,1,,,-121.9331847,47.5260821,2025-12-10 23:29:23.000,_20251210_152244_CH05_TMO_5GNR_WFC-MT_DUT-2_TC151-1.dml,,594,-111.500000,,,,,,,,,,,,,,,,,,,,,,,
435,1,,,-121.9331847,47.5260821,2025-12-10 23:29:24.000,_20251210_152244_CH05_TMO_5GNR_WFC-MT_DUT-2_TC151-1.dml,,594,-108.740000,,,,,,,,,,,,,,,,,,,,,,,
436,1,,,-121.9331847,47.5260821,2025-12-10 23:29:25.000,_20251210_152244_CH05_TMO_5GNR_WFC-MT_DUT-2_TC151-1.dml,,,,,,,,,,,,,,,,,,,,,,,,,,
437,1,,,-121.9331847,47.5260821,2025-12-10 23:29:26.000,_20251210_152244_CH05_TMO_5GNR_WFC-MT_DUT-2_TC151-1.dml,,,,,,,,,,,,,,,,,,,,,,,,,,
438,1,,,-121.9331847,47.5260821,2025-12-10 23:29:27.000,_20251210_152244_CH05_TMO_5GNR_WFC-MT_DUT-2_TC151-1.dml,,594,-108.270000,,,,,,,,,,,,,,,,,,,,,,,
439,1,,,-121.9331847,47.5260821,2025-12-10 23:29:28.000,_20251210_152244_CH05_TMO_5GNR_WFC-MT_DUT-2_TC151-1.dml,,,,,,,,,,,,,,,,,,,,,,,,,,
440,1,,,-121.9331847,47.5260821,2025-12-10 23:29:29.000,_20251210_152244_CH05_TMO_5GNR_WFC-MT_DUT-2_TC151-1.dml,,594,-107.800000,,,,,,,,,,,,,,,,,,,,,,,
441,1,,,-121.9331847,47.5260821,2025-12-10 23:29:30.000,_20251210_152244_CH05_TMO_5GNR_WFC-MT_DUT-2_TC151-1.dml,,,,,,,,,,,,,,,,,,,,,,,,,,
442,1,,,-121.9331847,47.5260821,2025-12-10 23:29:31.000,_20251210_152244_CH05_TMO_5GNR_WFC-MT_DUT-2_TC151-1.dml,,,,,,,,,,,,,,,,,,,,,,,,,,
443,1,,,-121.9331847,47.5260821,2025-12-10 23:29:31.811,_20251210_152244_CH05_TMO_5GNR_WFC-MT_DUT-2_TC151-1.dml,,,,,,,,,,,,,,,,,,,,,[Tool] Voice - Release Call Request,,,,,
444,1,,,-121.9331847,47.5260821,2025-12-10 23:29:32.000,_20251210_152244_CH05_TMO_5GNR_WFC-MT_DUT-2_TC151-1.dml,,594,-109.810000,,,,,,,,,,,,,,,,,,,,,,,
445,1,,,-121.9331847,47.5260821,2025-12-10 23:29:33.000,_20251210_152244_CH05_TMO_5GNR_WFC-MT_DUT-2_TC151-1.dml,,594,-105.630000,,,,,,,,,,,,,,,,,,,,,,,
446,1,,,-121.9331847,47.5260821,2025-12-10 23:29:34.151,_20251210_152244_CH05_TMO_5GNR_WFC-MT_DUT-2_TC151-1.dml,,,,,,,,,,,,,,,,,,,,,[Tool] Voice - Call Scheduling End,,,,,
447,1,,,-121.9331847,47.5260821,2025-12-10 23:29:34.151,_20251210_152244_CH05_TMO_5GNR_WFC-MT_DUT-2_TC151-1.dml,354877970011139,,,,,Termination,,Complete,,,,,,,,,EPSFB,Voice,Complete,,,,,,,90.142000
448,1,,,-121.9331847,47.5260821,2025-12-10 23:29:34.151,_20251210_152244_CH05_TMO_5GNR_WFC-MT_DUT-2_TC151-1.dml,,,,,,,,,,,,,,,,,,,,,[Tool] Voice - Release Call Request,,,,,
449,1,,,-121.9331847,47.5260821,2025-12-10 23:29:34.000,_20251210_152244_CH05_TMO_5GNR_WFC-MT_DUT-2_TC151-1.dml,,,,,,,,,,,,,,,,,,,,,,,,,,
450,1,,,-121.9331847,47.5260821,2025-12-10 23:29:35.000,_20251210_152244_CH05_TMO_5GNR_WFC-MT_DUT-2_TC151-1.dml,,,,,,,,,,,,,,,,,,,,,,,,,,
451,1,,,-121.9331847,47.5260821,2025-12-10 23:29:36.000,_20251210_152244_CH05_TMO_5GNR_WFC-MT_DUT-2_TC151-1.dml,,594,-108.550000,,,,,,,,,,,,,,,,,,,,,,,
452,1,,,-121.9331847,47.5260821,2025-12-10 23:29:37.000,_20251210_152244_CH05_TMO_5GNR_WFC-MT_DUT-2_TC151-1.dml,,594,-107.550000,,,,,,,,,,,,,,,,,,,,,,,
453,1,,,-121.9331847,47.5260821,2025-12-10 23:29:38.000,_20251210_152244_CH05_TMO_5GNR_WFC-MT_DUT-2_TC151-1.dml,,,,,,,,,,,,,,,,,,,,,,,,,,
454,1,,,-121.9331847,47.5260821,2025-12-10 23:29:39.000,_20251210_152244_CH05_TMO_5GNR_WFC-MT_DUT-2_TC151-1.dml,,,,,,,,,,,,,,,,,,,,,,,,,,
455,1,,,-121.9331847,47.5260821,2025-12-10 23:29:39.922,_20251210_152244_CH05_TMO_5GNR_WFC-MT_DUT-2_TC151-1.dml,,,,,,,,,,,,,,,,,,,,,[Tool] Voice - Call Scheduling Start(Term),,,,,
456,1,,,-121.9331847,47.5260821,2025-12-10 23:29:39.922,_20251210_152244_CH05_TMO_5GNR_WFC-MT_DUT-2_TC151-1.dml,,,,,,,,,,,,,,,,,,,,,[Tool] Voice - Wait Page,,,,,
457,1,,,-121.9331847,47.5260821,2025-12-10 23:29:40.000,_20251210_152244_CH05_TMO_5GNR_WFC-MT_DUT-2_TC151-1.dml,,594,-100.330000,,,,,,,,,,,,,,,,,,,,,,,
458,1,,,-121.9331847,47.5260821,2025-12-10 23:29:41.000,_20251210_152244_CH05_TMO_5GNR_WFC-MT_DUT-2_TC151-1.dml,,,,,,,,,,,,,,,,,,,,,,,,,,
459,1,,,-121.9331847,47.5260821,2025-12-10 23:29:42.000,_20251210_152244_CH05_TMO_5GNR_WFC-MT_DUT-2_TC151-1.dml,,594,-102.050000,,,,,,,,,,,,,,,,,,,,,,,
460,1,,,-121.9331847,47.5260821,2025-12-10 23:29:43.000,_20251210_152244_CH05_TMO_5GNR_WFC-MT_DUT-2_TC151-1.dml,,,,,,,,,,,,,,,,,,,,,,,,,,
461,1,,,-121.9331847,47.5260821,2025-12-10 23:29:44.000,_20251210_152244_CH05_TMO_5GNR_WFC-MT_DUT-2_TC151-1.dml,,,,,,,,,,,,,,,,,,,,,,,,,,
462,1,,,-121.9331847,47.5260821,2025-12-10 23:29:44.491,_20251210_152244_CH05_TMO_5GNR_WFC-MT_DUT-2_TC151-1.dml,,,,,,,,,,,,,,,,,,,,,[Tool] Voice - Answer Request,,,,,
463,1,,,-121.9331847,47.5260821,2025-12-10 23:29:45.000,_20251210_152244_CH05_TMO_5GNR_WFC-MT_DUT-2_TC151-1.dml,,594,-100.860000,,,,,,,,,,,,,,,,,,,,,,,
464,1,,,-121.9331847,47.5260821,2025-12-10 23:29:45.614,_20251210_152244_CH05_TMO_5GNR_WFC-MT_DUT-2_TC151-1.dml,,,,,,,,,,,,,,,,,,,,,[Tool] Voice - Answer Request,,,,,
465,1,,,-121.9331847,47.5260821,2025-12-10 23:29:46.000,_20251210_152244_CH05_TMO_5GNR_WFC-MT_DUT-2_TC151-1.dml,,,,,,,,,,,,,,,,,,,,,,,,,,
466,1,,,-121.9331847,47.5260821,2025-12-10 23:29:46.445,_20251210_152244_CH05_TMO_5GNR_WFC-MT_DUT-2_TC151-1.dml,,,,,,,,,,,,,,,,,,,,,[UE]   Voice - Setup Success,,,,,
467,1,,,-121.9331847,47.5260821,2025-12-10 23:29:47.000,_20251210_152244_CH05_TMO_5GNR_WFC-MT_DUT-2_TC151-1.dml,,594,-111.050000,,,,,,,NR SA,,,,,,,,,,,,,,,,
468,1,,,-121.9331847,47.5260821,2025-12-10 23:29:48.000,_20251210_152244_CH05_TMO_5GNR_WFC-MT_DUT-2_TC151-1.dml,,,,,,,,,,NR SA,,,,,,,,,,,,,,,,
469,1,,,-121.9331847,47.5260821,2025-12-10 23:29:49.000,_20251210_152244_CH05_TMO_5GNR_WFC-MT_DUT-2_TC151-1.dml,,594,-103.340000,,,,,,,NR SA,,,,,,,,,,,,,,,,
470,1,,,-121.9331847,47.5260821,2025-12-10 23:29:50.000,_20251210_152244_CH05_TMO_5GNR_WFC-MT_DUT-2_TC151-1.dml,,,,,,,,,,NR SA,,,,,,,,,,,,,,,,
471,1,,,-121.9331847,47.5260821,2025-12-10 23:29:51.000,_20251210_152244_CH05_TMO_5GNR_WFC-MT_DUT-2_TC151-1.dml,,594,-103.570000,,,,,,,NR SA,,,,,,,,,,,,,,,,
472,1,,,-121.9331847,47.5260821,2025-12-10 23:29:52.000,_20251210_152244_CH05_TMO_5GNR_WFC-MT_DUT-2_TC151-1.dml,,,,,,,,,,NR SA,,,,,,,,,,,,,,,,
473,1,,,-121.9331847,47.5260821,2025-12-10 23:29:53.000,_20251210_152244_CH05_TMO_5GNR_WFC-MT_DUT-2_TC151-1.dml,,,,,,,,,,NR SA,,,,,,,,,,,,,,,,
474,1,,,-121.9331847,47.5260821,2025-12-10 23:29:54.000,_20251210_152244_CH05_TMO_5GNR_WFC-MT_DUT-2_TC151-1.dml,,594,-103.380000,,,,,,,NR SA,,,,,,,,,,,,,,,,
475,1,,,-121.9331847,47.5260821,2025-12-10 23:29:55.000,_20251210_152244_CH05_TMO_5GNR_WFC-MT_DUT-2_TC151-1.dml,,,,,,,,,,NR SA,,,,,,,,,,,,,,,,
476,1,,,-121.9331847,47.5260821,2025-12-10 23:29:56.000,_20251210_152244_CH05_TMO_5GNR_WFC-MT_DUT-2_TC151-1.dml,,594,-110.810000,,,,,,,NR SA,,,,,,,,,,,,,,,,
477,1,,,-121.9331847,47.5260821,2025-12-10 23:29:57.000,_20251210_152244_CH05_TMO_5GNR_WFC-MT_DUT-2_TC151-1.dml,,,,,,,,,,NR SA,,,,,,,,,,,,,,,,
478,1,,,-121.9331847,47.5260821,2025-12-10 23:29:58.000,_20251210_152244_CH05_TMO_5GNR_WFC-MT_DUT-2_TC151-1.dml,,594,-106.240000,,,,,,,NR SA,,,,,,,,,,,,,,,,
479,1,,,-121.9331847,47.5260821,2025-12-10 23:29:59.000,_20251210_152244_CH05_TMO_5GNR_WFC-MT_DUT-2_TC151-1.dml,,,,,,,,,,NR SA,,,,,,,,,,,,,,,,
480,1,,,-121.9331847,47.5260821,2025-12-10 23:30:00.000,_20251210_152244_CH05_TMO_5GNR_WFC-MT_DUT-2_TC151-1.dml,,594,-106.810000,,,,,,,NR SA,,,,,,,,,,,,,,,,
481,1,,,-121.9331847,47.5260821,2025-12-10 23:30:01.000,_20251210_152244_CH05_TMO_5GNR_WFC-MT_DUT-2_TC151-1.dml,,594,-104.830000,,,,,,,NR SA,,,,,,,,,,,,,,,,
482,1,,,-121.9331847,47.5260821,2025-12-10 23:30:02.000,_20251210_152244_CH05_TMO_5GNR_WFC-MT_DUT-2_TC151-1.dml,,,,,,,,,,NR SA,,,,,,,,,,,,,,,,
483,1,,,-121.9331847,47.5260821,2025-12-10 23:30:03.000,_20251210_152244_CH05_TMO_5GNR_WFC-MT_DUT-2_TC151-1.dml,,,,,,,,,,NR SA,,,,,,,,,,,,,,,,
484,1,,,-121.9331847,47.5260821,2025-12-10 23:30:04.000,_20251210_152244_CH05_TMO_5GNR_WFC-MT_DUT-2_TC151-1.dml,,594,-110.070000,,,,,,,NR SA,,,,,,,,,,,,,,,,
485,1,,,-121.9331847,47.5260821,2025-12-10 23:30:05.000,_20251210_152244_CH05_TMO_5GNR_WFC-MT_DUT-2_TC151-1.dml,,594,-106.250000,,,,,,,NR SA,,,,,,,,,,,,,,,,
486,1,,,-121.9331847,47.5260821,2025-12-10 23:30:06.000,_20251210_152244_CH05_TMO_5GNR_WFC-MT_DUT-2_TC151-1.dml,,,,,,,,,,NR SA,,,,,,,,,,,,,,,,
487,1,,,-121.9331847,47.5260821,2025-12-10 23:30:07.000,_20251210_152244_CH05_TMO_5GNR_WFC-MT_DUT-2_TC151-1.dml,,,,,,,,,,NR SA,,,,,,,,,,,,,,,,
488,1,,,-121.9331847,47.5260821,2025-12-10 23:30:08.000,_20251210_152244_CH05_TMO_5GNR_WFC-MT_DUT-2_TC151-1.dml,,594,-101.000000,,,,,,,NR SA,,,,,,,,,,,,,,,,
489,1,,,-121.9331847,47.5260821,2025-12-10 23:30:09.000,_20251210_152244_CH05_TMO_5GNR_WFC-MT_DUT-2_TC151-1.dml,,,,,,,,,,NR SA,,,,,,,,,,,,,,,,
490,1,,,-121.9331847,47.5260821,2025-12-10 23:30:10.000,_20251210_152244_CH05_TMO_5GNR_WFC-MT_DUT-2_TC151-1.dml,,594,-108.950000,,,,,,,NR SA,,,,,,,,,,,,,,,,
491,1,,,-121.9331847,47.5260821,2025-12-10 23:30:11.000,_20251210_152244_CH05_TMO_5GNR_WFC-MT_DUT-2_TC151-1.dml,,,,,,,,,,NR SA,,,,,,,,,,,,,,,,
492,1,,,-121.9331847,47.5260821,2025-12-10 23:30:12.000,_20251210_152244_CH05_TMO_5GNR_WFC-MT_DUT-2_TC151-1.dml,,594,-111.370000,,,,,,,NR SA,,,,,,,,,,,,,,,,
493,1,,,-121.9331847,47.5260821,2025-12-10 23:30:13.000,_20251210_152244_CH05_TMO_5GNR_WFC-MT_DUT-2_TC151-1.dml,,,,,,,,,,NR SA,,,,,,,,,,,,,,,,
494,1,,,-121.9331847,47.5260821,2025-12-10 23:30:14.000,_20251210_152244_CH05_TMO_5GNR_WFC-MT_DUT-2_TC151-1.dml,,594,-108.800000,,,,,,,NR SA,,,,,,,,,,,,,,,,
495,1,,,-121.9331847,47.5260821,2025-12-10 23:30:15.000,_20251210_152244_CH05_TMO_5GNR_WFC-MT_DUT-2_TC151-1.dml,,,,,,,,,,NR SA,,,,,,,,,,,,,,,,
496,1,,,-121.9331847,47.5260821,2025-12-10 23:30:16.000,_20251210_152244_CH05_TMO_5GNR_WFC-MT_DUT-2_TC151-1.dml,,,,,,,,,,NR SA,,,,,,,,,,,,,,,,
497,1,,,-121.9331847,47.5260821,2025-12-10 23:30:17.000,_20251210_152244_CH05_TMO_5GNR_WFC-MT_DUT-2_TC151-1.dml,,594,-108.240000,,,,,,,NR SA,,,,,,,,,,,,,,,,
498,1,,,-121.9331847,47.5260821,2025-12-10 23:30:18.000,_20251210_152244_CH05_TMO_5GNR_WFC-MT_DUT-2_TC151-1.dml,,594,-106.620000,,,,,,,NR SA,,,,,,,,,,,,,,,,
499,1,,,-121.9331847,47.5260821,2025-12-10 23:30:19.000,_20251210_152244_CH05_TMO_5GNR_WFC-MT_DUT-2_TC151-1.dml,,,,,,,,,,NR SA,,,,,,,,,,,,,,,,
500,1,,,-121.9331847,47.5260821,2025-12-10 23:30:20.000,_20251210_152244_CH05_TMO_5GNR_WFC-MT_DUT-2_TC151-1.dml,,,,,,,,,,NR SA,,,,,,,,,,,,,,,,
501,1,,,-121.9331847,47.5260821,2025-12-10 23:30:21.000,_20251210_152244_CH05_TMO_5GNR_WFC-MT_DUT-2_TC151-1.dml,,594,-106.830000,,,,,,,NR SA,,,,,,,,,,,,,,,,
502,1,,,-121.9331847,47.5260821,2025-12-10 23:30:22.000,_20251210_152244_CH05_TMO_5GNR_WFC-MT_DUT-2_TC151-1.dml,,,,,,,,,,NR SA,,,,,,,,,,,,,,,,
503,1,,,-121.9331847,47.5260821,2025-12-10 23:30:23.000,_20251210_152244_CH05_TMO_5GNR_WFC-MT_DUT-2_TC151-1.dml,,594,-104.310000,,,,,,,NR SA,,,,,,,,,,,,,,,,
504,1,,,-121.9331847,47.5260821,2025-12-10 23:30:24.000,_20251210_152244_CH05_TMO_5GNR_WFC-MT_DUT-2_TC151-1.dml,,,,,,,,,,NR SA,,,,,,,,,,,,,,,,
505,1,,,-121.9331847,47.5260821,2025-12-10 23:30:25.000,_20251210_152244_CH05_TMO_5GNR_WFC-MT_DUT-2_TC151-1.dml,,,,,,,,,,NR SA,,,,,,,,,,,,,,,,
506,1,,,-121.9331847,47.5260821,2025-12-10 23:30:26.000,_20251210_152244_CH05_TMO_5GNR_WFC-MT_DUT-2_TC151-1.dml,,594,-112.290000,,,,,,,NR SA,,,,,,,,,,,,,,,,
507,1,,,-121.9331847,47.5260821,2025-12-10 23:30:27.000,_20251210_152244_CH05_TMO_5GNR_WFC-MT_DUT-2_TC151-1.dml,,594,-108.110000,,,,,,,NR SA,,,,,,,,,,,,,,,,
508,1,,,-121.9331847,47.5260821,2025-12-10 23:30:28.000,_20251210_152244_CH05_TMO_5GNR_WFC-MT_DUT-2_TC151-1.dml,,,,,,,,,,NR SA,,,,,,,,,,,,,,,,
509,1,,,-121.9331847,47.5260821,2025-12-10 23:30:29.000,_20251210_152244_CH05_TMO_5GNR_WFC-MT_DUT-2_TC151-1.dml,,594,-104.830000,,,,,,,NR SA,,,,,,,,,,,,,,,,
510,1,,,-121.9331847,47.5260821,2025-12-10 23:30:30.000,_20251210_152244_CH05_TMO_5GNR_WFC-MT_DUT-2_TC151-1.dml,,,,,,,,,,NR SA,,,,,,,,,,,,,,,,
511,1,,,-121.9331847,47.5260821,2025-12-10 23:30:31.000,_20251210_152244_CH05_TMO_5GNR_WFC-MT_DUT-2_TC151-1.dml,,,,,,,,,,NR SA,,,,,,,,,,,,,,,,
512,1,,,-121.9331847,47.5260821,2025-12-10 23:30:32.000,_20251210_152244_CH05_TMO_5GNR_WFC-MT_DUT-2_TC151-1.dml,,594,-105.600000,,,,,,,NR SA,,,,,,,,,,,,,,,,
513,1,,,-121.9331847,47.5260821,2025-12-10 23:30:33.000,_20251210_152244_CH05_TMO_5GNR_WFC-MT_DUT-2_TC151-1.dml,,,,,,,,,,NR SA,,,,,,,,,,,,,,,,
514,1,,,-121.9331847,47.5260821,2025-12-10 23:30:34.000,_20251210_152244_CH05_TMO_5GNR_WFC-MT_DUT-2_TC151-1.dml,,,,,,,,,,NR SA,,,,,,,,,,,,,,,,
515,1,,,-121.9331847,47.5260821,2025-12-10 23:30:35.000,_20251210_152244_CH05_TMO_5GNR_WFC-MT_DUT-2_TC151-1.dml,,594,-108.060000,,,,,,,NR SA,,,,,,,,,,,,,,,,
516,1,,,-121.9331847,47.5260821,2025-12-10 23:30:36.000,_20251210_152244_CH05_TMO_5GNR_WFC-MT_DUT-2_TC151-1.dml,,,,,,,,,,NR SA,,,,,,,,,,,,,,,,
517,1,,,-121.9331847,47.5260821,2025-12-10 23:30:37.000,_20251210_152244_CH05_TMO_5GNR_WFC-MT_DUT-2_TC151-1.dml,,594,-107.770000,,,,,,,NR SA,,,,,,,,,,,,,,,,
518,1,,,-121.9331847,47.5260821,2025-12-10 23:30:38.000,_20251210_152244_CH05_TMO_5GNR_WFC-MT_DUT-2_TC151-1.dml,,,,,,,,,,NR SA,,,,,,,,,,,,,,,,
519,1,,,-121.9331847,47.5260821,2025-12-10 23:30:39.000,_20251210_152244_CH05_TMO_5GNR_WFC-MT_DUT-2_TC151-1.dml,,,,,,,,,,NR SA,,,,,,,,,,,,,,,,
520,1,,,-121.9331847,47.5260821,2025-12-10 23:30:40.000,_20251210_152244_CH05_TMO_5GNR_WFC-MT_DUT-2_TC151-1.dml,,594,-110.420000,,,,,,,NR SA,,,,,,,,,,,,,,,,
521,1,,,-121.9331847,47.5260821,2025-12-10 23:30:41.000,_20251210_152244_CH05_TMO_5GNR_WFC-MT_DUT-2_TC151-1.dml,,594,-102.020000,,,,,,,NR SA,,,,,,,,,,,,,,,,
522,1,,,-121.9331847,47.5260821,2025-12-10 23:30:42.000,_20251210_152244_CH05_TMO_5GNR_WFC-MT_DUT-2_TC151-1.dml,,,,,,,,,,NR SA,,,,,,,,,,,,,,,,
523,1,,,-121.9331847,47.5260821,2025-12-10 23:30:43.000,_20251210_152244_CH05_TMO_5GNR_WFC-MT_DUT-2_TC151-1.dml,,,,,,,,,,NR SA,,,,,,,,,,,,,,,,
524,1,,,-121.9331847,47.5260821,2025-12-10 23:30:44.000,_20251210_152244_CH05_TMO_5GNR_WFC-MT_DUT-2_TC151-1.dml,,594,-103.360000,,,,,,,NR SA,,,,,,,,,,,,,,,,
525,1,,,-121.9331847,47.5260821,2025-12-10 23:30:45.000,_20251210_152244_CH05_TMO_5GNR_WFC-MT_DUT-2_TC151-1.dml,,,,,,,,,,NR SA,,,,,,,,,,,,,,,,
526,1,,,-121.9331847,47.5260821,2025-12-10 23:30:46.000,_20251210_152244_CH05_TMO_5GNR_WFC-MT_DUT-2_TC151-1.dml,,594,-105.660000,,,,,,,NR SA,,,,,,,,,,,,,,,,
527,1,,,-121.9331847,47.5260821,2025-12-10 23:30:47.000,_20251210_152244_CH05_TMO_5GNR_WFC-MT_DUT-2_TC151-1.dml,,,,,,,,,,NR SA,,,,,,,,,,,,,,,,
528,1,,,-121.9331847,47.5260821,2025-12-10 23:30:48.000,_20251210_152244_CH05_TMO_5GNR_WFC-MT_DUT-2_TC151-1.dml,,,,,,,,,,NR SA,,,,,,,,,,,,,,,,
529,1,,,-121.9331847,47.5260821,2025-12-10 23:30:49.000,_20251210_152244_CH05_TMO_5GNR_WFC-MT_DUT-2_TC151-1.dml,,594,-103.620000,,,,,,,NR SA,,,,,,,,,,,,,,,,
530,1,,,-121.9331847,47.5260821,2025-12-10 23:30:50.000,_20251210_152244_CH05_TMO_5GNR_WFC-MT_DUT-2_TC151-1.dml,,,,,,,,,,NR SA,,,,,,,,,,,,,,,,
531,1,,,-121.9331847,47.5260821,2025-12-10 23:30:51.000,_20251210_152244_CH05_TMO_5GNR_WFC-MT_DUT-2_TC151-1.dml,,594,-105.090000,,,,,,,NR SA,,,,,,,,,,,,,,,,
532,1,,,-121.9331847,47.5260821,2025-12-10 23:30:52.000,_20251210_152244_CH05_TMO_5GNR_WFC-MT_DUT-2_TC151-1.dml,,,,,,,,,,NR SA,,,,,,,,,,,,,,,,
533,1,,,-121.9331847,47.5260821,2025-12-10 23:30:53.000,_20251210_152244_CH05_TMO_5GNR_WFC-MT_DUT-2_TC151-1.dml,,,,,,,,,,NR SA,,,,,,,,,,,,,,,,
534,1,,,-121.9331847,47.5260821,2025-12-10 23:30:54.000,_20251210_152244_CH05_TMO_5GNR_WFC-MT_DUT-2_TC151-1.dml,,594,-105.010000,,,,,,,NR SA,,,,,,,,,,,,,,,,
535,1,,,-121.9331847,47.5260821,2025-12-10 23:30:55.000,_20251210_152244_CH05_TMO_5GNR_WFC-MT_DUT-2_TC151-1.dml,,,,,,,,,,NR SA,,,,,,,,,,,,,,,,
536,1,,,-121.9331847,47.5260821,2025-12-10 23:30:56.000,_20251210_152244_CH05_TMO_5GNR_WFC-MT_DUT-2_TC151-1.dml,,594,-108.120000,,,,,,,NR SA,,,,,,,,,,,,,,,,
537,1,,,-121.9331847,47.5260821,2025-12-10 23:30:57.000,_20251210_152244_CH05_TMO_5GNR_WFC-MT_DUT-2_TC151-1.dml,,,,,,,,,,NR SA,,,,,,,,,,,,,,,,
538,1,,,-121.9331847,47.5260821,2025-12-10 23:30:58.000,_20251210_152244_CH05_TMO_5GNR_WFC-MT_DUT-2_TC151-1.dml,,594,-102.760000,,,,,,,NR SA,,,,,,,,,,,,,,,,
539,1,,,-121.9331847,47.5260821,2025-12-10 23:30:59.000,_20251210_152244_CH05_TMO_5GNR_WFC-MT_DUT-2_TC151-1.dml,,,,,,,,,,NR SA,,,,,,,,,,,,,,,,
540,1,,,-121.9331847,47.5260821,2025-12-10 23:31:00.000,_20251210_152244_CH05_TMO_5GNR_WFC-MT_DUT-2_TC151-1.dml,,594,-105.130000,,,,,,,NR SA,,,,,,,,,,,,,,,,
541,1,,,-121.9331847,47.5260821,2025-12-10 23:31:01.000,_20251210_152244_CH05_TMO_5GNR_WFC-MT_DUT-2_TC151-1.dml,,,,,,,,,,NR SA,,,,,,,,,,,,,,,,
542,1,,,-121.9331847,47.5260821,2025-12-10 23:31:02.000,_20251210_152244_CH05_TMO_5GNR_WFC-MT_DUT-2_TC151-1.dml,,,,,,,,,,NR SA,,,,,,,,,,,,,,,,
543,1,,,-121.9331847,47.5260821,2025-12-10 23:31:03.000,_20251210_152244_CH05_TMO_5GNR_WFC-MT_DUT-2_TC151-1.dml,,594,-105.450000,,,,,,,NR SA,,,,,,,,,,,,,,,,
544,1,,,-121.9331847,47.5260821,2025-12-10 23:31:04.000,_20251210_152244_CH05_TMO_5GNR_WFC-MT_DUT-2_TC151-1.dml,,,,,,,,,,NR SA,,,,,,,,,,,,,,,,
545,1,,,-121.9331847,47.5260821,2025-12-10 23:31:05.000,_20251210_152244_CH05_TMO_5GNR_WFC-MT_DUT-2_TC151-1.dml,,594,-106.130000,,,,,,,NR SA,,,,,,,,,,,,,,,,
546,1,,,-121.9331847,47.5260821,2025-12-10 23:31:06.000,_20251210_152244_CH05_TMO_5GNR_WFC-MT_DUT-2_TC151-1.dml,,,,,,,,,,NR SA,,,,,,,,,,,,,,,,
547,1,,,-121.9331847,47.5260821,2025-12-10 23:31:07.000,_20251210_152244_CH05_TMO_5GNR_WFC-MT_DUT-2_TC151-1.dml,,,,,,,,,,NR SA,,,,,,,,,,,,,,,,
548,1,,,-121.9331847,47.5260821,2025-12-10 23:31:08.000,_20251210_152244_CH05_TMO_5GNR_WFC-MT_DUT-2_TC151-1.dml,,594,-100.770000,,,,,,,NR SA,,,,,,,,,,,,,,,,
549,1,,,-121.9331847,47.5260821,2025-12-10 23:31:09.000,_20251210_152244_CH05_TMO_5GNR_WFC-MT_DUT-2_TC151-1.dml,,,,,,,,,,NR SA,,,,,,,,,,,,,,,,
550,1,,,-121.9331847,47.5260821,2025-12-10 23:31:10.000,_20251210_152244_CH05_TMO_5GNR_WFC-MT_DUT-2_TC151-1.dml,,594,-99.250000,,,,,,,NR SA,,,,,,,,,,,,,,,,
551,1,,,-121.9331847,47.5260821,2025-12-10 23:31:11.000,_20251210_152244_CH05_TMO_5GNR_WFC-MT_DUT-2_TC151-1.dml,,,,,,,,,,NR SA,,,,,,,,,,,,,,,,
552,1,,,-121.9331847,47.5260821,2025-12-10 23:31:12.000,_20251210_152244_CH05_TMO_5GNR_WFC-MT_DUT-2_TC151-1.dml,,,,,,,,,,NR SA,,,,,,,,,,,,,,,,
553,1,,,-121.9331847,47.5260821,2025-12-10 23:31:13.000,_20251210_152244_CH05_TMO_5GNR_WFC-MT_DUT-2_TC151-1.dml,,594,-98.790000,,,,,,,NR SA,,,,,,,,,,,,,,,,
554,1,,,-121.9331847,47.5260821,2025-12-10 23:31:14.000,_20251210_152244_CH05_TMO_5GNR_WFC-MT_DUT-2_TC151-1.dml,,,,,,,,,,NR SA,,,,,,,,,,,,,,,,
555,1,,,-121.9331847,47.5260821,2025-12-10 23:31:15.000,_20251210_152244_CH05_TMO_5GNR_WFC-MT_DUT-2_TC151-1.dml,,,,,,,,,,NR SA,,,,,,,,,,,,,,,,
556,1,,,-121.9331847,47.5260821,2025-12-10 23:31:16.000,_20251210_152244_CH05_TMO_5GNR_WFC-MT_DUT-2_TC151-1.dml,,594,-97.910000,,,,,,,NR SA,,,,,,,,,,,,,,,,
557,1,,,-121.9331847,47.5260821,2025-12-10 23:31:16.627,_20251210_152244_CH05_TMO_5GNR_WFC-MT_DUT-2_TC151-1.dml,,,,,,,,,,,,,,,,,,,,,[Tool] Voice - Pair Channel Call Drop,,,,,
558,1,,,-121.9331847,47.5260821,2025-12-10 23:31:16.627,_20251210_152244_CH05_TMO_5GNR_WFC-MT_DUT-2_TC151-1.dml,,,,,,,,,,,,,,,,,,,,,[Tool] Voice - Release Call Request,,,,,
559,1,,,-121.9331847,47.5260821,2025-12-10 23:31:17.000,_20251210_152244_CH05_TMO_5GNR_WFC-MT_DUT-2_TC151-1.dml,,,,,,,,,,NR SA,,,,,,,,,,,,,,,,
560,1,,,-121.9331847,47.5260821,2025-12-10 23:31:17.310,_20251210_152244_CH05_TMO_5GNR_WFC-MT_DUT-2_TC151-1.dml,,,,,,,,,,,,,,,,,,,,Complete,[Tool] Voice - Call Result : Complete,,,,,
561,1,,,-121.9331847,47.5260821,2025-12-10 23:31:17.310,_20251210_152244_CH05_TMO_5GNR_WFC-MT_DUT-2_TC151-1.dml,,,,,,,,,,,,,,,,,,,,,[UE]   Voice - Release Call Success,,,,,
562,1,,,-121.9331847,47.5260821,2025-12-10 23:31:18.000,_20251210_152244_CH05_TMO_5GNR_WFC-MT_DUT-2_TC151-1.dml,,594,-100.930000,,,,,,,,,,,,,,,,,,,1,,,,
563,1,,,-121.9331847,47.5260821,2025-12-10 23:31:18.322,_20251210_152244_CH05_TMO_5GNR_WFC-MT_DUT-2_TC151-1.dml,,,,,,,,,,,,,,,,,,,,,[UE]   Voice - Release Call Success,,,,,
564,1,,,-121.9331847,47.5260821,2025-12-10 23:31:19.000,_20251210_152244_CH05_TMO_5GNR_WFC-MT_DUT-2_TC151-1.dml,,,,,,,,,,,,,,,,,,,,,,,,,,
565,1,,,-121.9331847,47.5260821,2025-12-10 23:31:20.000,_20251210_152244_CH05_TMO_5GNR_WFC-MT_DUT-2_TC151-1.dml,,,,,,,,,,,,,,,,,,,,,,,,,,
566,1,,,-121.9331847,47.5260821,2025-12-10 23:31:21.000,_20251210_152244_CH05_TMO_5GNR_WFC-MT_DUT-2_TC151-1.dml,,594,-98.280000,,,,,,,,,,,,,,,,,,,,,,,
567,1,,,-121.9331847,47.5260821,2025-12-10 23:31:22.000,_20251210_152244_CH05_TMO_5GNR_WFC-MT_DUT-2_TC151-1.dml,,,,,,,,,,,,,,,,,,,,,,,,,,
568,1,,,-121.9331847,47.5260821,2025-12-10 23:31:23.000,_20251210_152244_CH05_TMO_5GNR_WFC-MT_DUT-2_TC151-1.dml,,594,-102.570000,,,,,,,,,,,,,,,,,,,,,,,
569,1,,,-121.9331847,47.5260821,2025-12-10 23:31:24.000,_20251210_152244_CH05_TMO_5GNR_WFC-MT_DUT-2_TC151-1.dml,,,,,,,,,,,,,,,,,,,,,,,,,,
570,1,,,-121.9331847,47.5260821,2025-12-10 23:31:25.000,_20251210_152244_CH05_TMO_5GNR_WFC-MT_DUT-2_TC151-1.dml,,,,,,,,,,,,,,,,,,,,,,,,,,
571,1,,,-121.9331847,47.5260821,2025-12-10 23:31:26.000,_20251210_152244_CH05_TMO_5GNR_WFC-MT_DUT-2_TC151-1.dml,,594,-99.190000,,,,,,,,,,,,,,,,,,,,,,,
572,1,,,-121.9331847,47.5260821,2025-12-10 23:31:27.000,_20251210_152244_CH05_TMO_5GNR_WFC-MT_DUT-2_TC151-1.dml,,,,,,,,,,,,,,,,,,,,,,,,,,
573,1,,,-121.9331847,47.5260821,2025-12-10 23:31:28.000,_20251210_152244_CH05_TMO_5GNR_WFC-MT_DUT-2_TC151-1.dml,,594,-104.500000,,,,,,,,,,,,,,,,,,,,,,,
574,1,,,-121.9331847,47.5260821,2025-12-10 23:31:29.000,_20251210_152244_CH05_TMO_5GNR_WFC-MT_DUT-2_TC151-1.dml,,,,,,,,,,,,,,,,,,,,,,,,,,
575,1,,,-121.9331847,47.5260821,2025-12-10 23:31:30.000,_20251210_152244_CH05_TMO_5GNR_WFC-MT_DUT-2_TC151-1.dml,,,,,,,,,,,,,,,,,,,,,,,,,,
576,1,,,-121.9331847,47.5260821,2025-12-10 23:31:31.000,_20251210_152244_CH05_TMO_5GNR_WFC-MT_DUT-2_TC151-1.dml,,594,-107.660000,,,,,,,,,,,,,,,,,,,,,,,
577,1,,,-121.9331847,47.5260821,2025-12-10 23:31:32.000,_20251210_152244_CH05_TMO_5GNR_WFC-MT_DUT-2_TC151-1.dml,,,,,,,,,,,,,,,,,,,,,,,,,,
578,1,,,-121.9331847,47.5260821,2025-12-10 23:31:33.000,_20251210_152244_CH05_TMO_5GNR_WFC-MT_DUT-2_TC151-1.dml,,594,-103.630000,,,,,,,,,,,,,,,,,,,,,,,
579,1,,,-121.9331847,47.5260821,2025-12-10 23:31:34.000,_20251210_152244_CH05_TMO_5GNR_WFC-MT_DUT-2_TC151-1.dml,,,,,,,,,,,,,,,,,,,,,,,,,,
580,1,,,-121.9331847,47.5260821,2025-12-10 23:31:35.000,_20251210_152244_CH05_TMO_5GNR_WFC-MT_DUT-2_TC151-1.dml,,,,,,,,,,,,,,,,,,,,,,,,,,
581,1,,,-121.9331847,47.5260821,2025-12-10 23:31:36.000,_20251210_152244_CH05_TMO_5GNR_WFC-MT_DUT-2_TC151-1.dml,,594,-105.000000,,,,,,,,,,,,,,,,,,,,,,,
582,1,,,-121.9331847,47.5260821,2025-12-10 23:31:37.000,_20251210_152244_CH05_TMO_5GNR_WFC-MT_DUT-2_TC151-1.dml,,,,,,,,,,,,,,,,,,,,,,,,,,
583,1,,,-121.9331847,47.5260821,2025-12-10 23:31:38.000,_20251210_152244_CH05_TMO_5GNR_WFC-MT_DUT-2_TC151-1.dml,,,,,,,,,,,,,,,,,,,,,,,,,,
584,1,,,-121.9331847,47.5260821,2025-12-10 23:31:39.000,_20251210_152244_CH05_TMO_5GNR_WFC-MT_DUT-2_TC151-1.dml,,594,-100.270000,,,,,,,,,,,,,,,,,,,,,,,
585,1,,,-121.9331847,47.5260821,2025-12-10 23:31:40.000,_20251210_152244_CH05_TMO_5GNR_WFC-MT_DUT-2_TC151-1.dml,,,,,,,,,,,,,,,,,,,,,,,,,,
586,1,,,-121.9331847,47.5260821,2025-12-10 23:31:41.000,_20251210_152244_CH05_TMO_5GNR_WFC-MT_DUT-2_TC151-1.dml,,594,-105.120000,,,,,,,,,,,,,,,,,,,,,,,
587,1,,,-121.9331847,47.5260821,2025-12-10 23:31:42.000,_20251210_152244_CH05_TMO_5GNR_WFC-MT_DUT-2_TC151-1.dml,,,,,,,,,,,,,,,,,,,,,,,,,,
588,1,,,-121.9331847,47.5260821,2025-12-10 23:31:43.000,_20251210_152244_CH05_TMO_5GNR_WFC-MT_DUT-2_TC151-1.dml,,,,,,,,,,,,,,,,,,,,,,,,,,
589,1,,,-121.9331847,47.5260821,2025-12-10 23:31:44.000,_20251210_152244_CH05_TMO_5GNR_WFC-MT_DUT-2_TC151-1.dml,,594,-109.040000,,,,,,,,,,,,,,,,,,,,,,,
590,1,,,-121.9331847,47.5260821,2025-12-10 23:31:44.974,_20251210_152244_CH05_TMO_5GNR_WFC-MT_DUT-2_TC151-1.dml,,,,,,,,,,,,,,,,,,,,,[Tool] Voice - Release Call Request,,,,,
591,1,,,-121.9331847,47.5260821,2025-12-10 23:31:45.000,_20251210_152244_CH05_TMO_5GNR_WFC-MT_DUT-2_TC151-1.dml,,,,,,,,,,,,,,,,,,,,,,,,,,
592,1,,,-121.9331847,47.5260821,2025-12-10 23:31:46.000,_20251210_152244_CH05_TMO_5GNR_WFC-MT_DUT-2_TC151-1.dml,,594,-103.050000,,,,,,,,,,,,,,,,,,,,,,,
593,1,,,-121.9331847,47.5260821,2025-12-10 23:31:47.000,_20251210_152244_CH05_TMO_5GNR_WFC-MT_DUT-2_TC151-1.dml,,,,,,,,,,,,,,,,,,,,,,,,,,
594,1,,,-121.9331847,47.5260821,2025-12-10 23:31:47.700,_20251210_152244_CH05_TMO_5GNR_WFC-MT_DUT-2_TC151-1.dml,,,,,,,,,,,,,,,,,,,,,[Tool] Voice - Call Scheduling End,,,,,
595,1,,,-121.9331847,47.5260821,2025-12-10 23:31:47.700,_20251210_152244_CH05_TMO_5GNR_WFC-MT_DUT-2_TC151-1.dml,354877970011139,,,,,Termination,,Complete,,,,,,,,,EPSFB,Voice,Complete,,,,,,,90.183000
596,1,,,-121.9331847,47.5260821,2025-12-10 23:31:47.700,_20251210_152244_CH05_TMO_5GNR_WFC-MT_DUT-2_TC151-1.dml,,,,,,,,,,,,,,,,,,,,,[Tool] Voice - Release Call Request,,,,,
597,1,,,-121.9331847,47.5260821,2025-12-10 23:31:48.000,_20251210_152244_CH05_TMO_5GNR_WFC-MT_DUT-2_TC151-1.dml,,,,,,,,,,,,,,,,,,,,,,,,,,
598,1,,,-121.9331847,47.5260821,2025-12-10 23:31:49.000,_20251210_152244_CH05_TMO_5GNR_WFC-MT_DUT-2_TC151-1.dml,,594,-104.020000,,,,,,,,,,,,,,,,,,,,,,,
599,1,,,-121.9331847,47.5260821,2025-12-10 23:31:50.000,_20251210_152244_CH05_TMO_5GNR_WFC-MT_DUT-2_TC151-1.dml,,,,,,,,,,,,,,,,,,,,,,,,,,
600,1,,,-121.9331847,47.5260821,2025-12-10 23:31:51.000,_20251210_152244_CH05_TMO_5GNR_WFC-MT_DUT-2_TC151-1.dml,,594,-106.600000,,,,,,,,,,,,,,,,,,,,,,,
601,1,,,-121.9331847,47.5260821,2025-12-10 23:31:52.000,_20251210_152244_CH05_TMO_5GNR_WFC-MT_DUT-2_TC151-1.dml,,,,,,,,,,,,,,,,,,,,,,,,,,
602,1,,,-121.9331847,47.5260821,2025-12-10 23:31:53.061,_20251210_152244_CH05_TMO_5GNR_WFC-MT_DUT-2_TC151-1.dml,,,,,,,,,,,,,,,,,,,,,[Tool] Voice - Call Scheduling Start(Term),,,,,
603,1,,,-121.9331847,47.5260821,2025-12-10 23:31:53.061,_20251210_152244_CH05_TMO_5GNR_WFC-MT_DUT-2_TC151-1.dml,,,,,,,,,,,,,,,,,,,,,[Tool] Voice - Wait Page,,,,,
604,1,,,-121.9331847,47.5260821,2025-12-10 23:31:53.000,_20251210_152244_CH05_TMO_5GNR_WFC-MT_DUT-2_TC151-1.dml,,,,,,,,,,,,,,,,,,,,,,,,,,
605,1,,,-121.9331847,47.5260821,2025-12-10 23:31:54.000,_20251210_152244_CH05_TMO_5GNR_WFC-MT_DUT-2_TC151-1.dml,,594,-109.070000,,,,,,,,,,,,,,,,,,,,,,,
606,1,,,-121.9331847,47.5260821,2025-12-10 23:31:55.000,_20251210_152244_CH05_TMO_5GNR_WFC-MT_DUT-2_TC151-1.dml,,,,,,,,,,,,,,,,,,,,,,,,,,
607,1,,,-121.9331847,47.5260821,2025-12-10 23:31:56.000,_20251210_152244_CH05_TMO_5GNR_WFC-MT_DUT-2_TC151-1.dml,,,,,,,,,,,,,,,,,,,,,,,,,,
608,1,,,-121.9331847,47.5260821,2025-12-10 23:31:56.951,_20251210_152244_CH05_TMO_5GNR_WFC-MT_DUT-2_TC151-1.dml,,,,,,,,,,,,,,,,,,,,,[Tool] Voice - Answer Request,,,,,
609,1,,,-121.9331847,47.5260821,2025-12-10 23:31:57.000,_20251210_152244_CH05_TMO_5GNR_WFC-MT_DUT-2_TC151-1.dml,,594,-111.980000,,,,,,,,,,,,,,,,,,,,,,,
610,1,,,-121.9331847,47.5260821,2025-12-10 23:31:58.068,_20251210_152244_CH05_TMO_5GNR_WFC-MT_DUT-2_TC151-1.dml,,,,,,,,,,,,,,,,,,,,,[Tool] Voice - Answer Request,,,,,
611,1,,,-121.9331847,47.5260821,2025-12-10 23:31:58.068,_20251210_152244_CH05_TMO_5GNR_WFC-MT_DUT-2_TC151-1.dml,,,,,,,,,,,,,,,,,,,,,[UE]   Voice - Setup Success,,,,,
612,1,,,-121.9331847,47.5260821,2025-12-10 23:31:58.000,_20251210_152244_CH05_TMO_5GNR_WFC-MT_DUT-2_TC151-1.dml,,,,,,,,,,NR SA,,,,,,,,,,,,,,,,
613,1,,,-121.9331847,47.5260821,2025-12-10 23:31:59.000,_20251210_152244_CH05_TMO_5GNR_WFC-MT_DUT-2_TC151-1.dml,,594,-108.770000,,,,,,,NR SA,,,,,,,,,,,,,,,,
614,1,,,-121.9331847,47.5260821,2025-12-10 23:32:00.000,_20251210_152244_CH05_TMO_5GNR_WFC-MT_DUT-2_TC151-1.dml,,,,,,,,,,NR SA,,,,,,,,,,,,,,,,
615,1,,,-121.9331847,47.5260821,2025-12-10 23:32:01.000,_20251210_152244_CH05_TMO_5GNR_WFC-MT_DUT-2_TC151-1.dml,,,,,,,,,,NR SA,,,,,,,,,,,,,,,,
616,1,,,-121.9331847,47.5260821,2025-12-10 23:32:02.000,_20251210_152244_CH05_TMO_5GNR_WFC-MT_DUT-2_TC151-1.dml,,594,-106.200000,,,,,,,NR SA,,,,,,,,,,,,,,,,
617,1,,,-121.9331847,47.5260821,2025-12-10 23:32:03.000,_20251210_152244_CH05_TMO_5GNR_WFC-MT_DUT-2_TC151-1.dml,,,,,,,,,,NR SA,,,,,,,,,,,,,,,,
618,1,,,-121.9331847,47.5260821,2025-12-10 23:32:04.000,_20251210_152244_CH05_TMO_5GNR_WFC-MT_DUT-2_TC151-1.dml,,594,-105.380000,,,,,,,NR SA,,,,,,,,,,,,,,,,
619,1,,,-121.9331847,47.5260821,2025-12-10 23:32:05.000,_20251210_152244_CH05_TMO_5GNR_WFC-MT_DUT-2_TC151-1.dml,,,,,,,,,,NR SA,,,,,,,,,,,,,,,,
620,1,,,-121.9331847,47.5260821,2025-12-10 23:32:06.000,_20251210_152244_CH05_TMO_5GNR_WFC-MT_DUT-2_TC151-1.dml,,,,,,,,,,NR SA,,,,,,,,,,,,,,,,
621,1,,,-121.9331847,47.5260821,2025-12-10 23:32:07.000,_20251210_152244_CH05_TMO_5GNR_WFC-MT_DUT-2_TC151-1.dml,,594,-109.070000,,,,,,,NR SA,,,,,,,,,,,,,,,,
622,1,,,-121.9331847,47.5260821,2025-12-10 23:32:08.000,_20251210_152244_CH05_TMO_5GNR_WFC-MT_DUT-2_TC151-1.dml,,,,,,,,,,NR SA,,,,,,,,,,,,,,,,
623,1,,,-121.9331847,47.5260821,2025-12-10 23:32:09.000,_20251210_152244_CH05_TMO_5GNR_WFC-MT_DUT-2_TC151-1.dml,,594,-98.410000,,,,,,,NR SA,,,,,,,,,,,,,,,,
624,1,,,-121.9331847,47.5260821,2025-12-10 23:32:10.000,_20251210_152244_CH05_TMO_5GNR_WFC-MT_DUT-2_TC151-1.dml,,,,,,,,,,NR SA,,,,,,,,,,,,,,,,
625,1,,,-121.9331847,47.5260821,2025-12-10 23:32:11.000,_20251210_152244_CH05_TMO_5GNR_WFC-MT_DUT-2_TC151-1.dml,,,,,,,,,,NR SA,,,,,,,,,,,,,,,,
626,1,,,-121.9331847,47.5260821,2025-12-10 23:32:12.000,_20251210_152244_CH05_TMO_5GNR_WFC-MT_DUT-2_TC151-1.dml,,594,-100.030000,,,,,,,NR SA,,,,,,,,,,,,,,,,
627,1,,,-121.9331847,47.5260821,2025-12-10 23:32:13.000,_20251210_152244_CH05_TMO_5GNR_WFC-MT_DUT-2_TC151-1.dml,,,,,,,,,,NR SA,,,,,,,,,,,,,,,,
628,1,,,-121.9331847,47.5260821,2025-12-10 23:32:14.000,_20251210_152244_CH05_TMO_5GNR_WFC-MT_DUT-2_TC151-1.dml,,594,-99.700000,,,,,,,NR SA,,,,,,,,,,,,,,,,
629,1,,,-121.9331847,47.5260821,2025-12-10 23:32:15.000,_20251210_152244_CH05_TMO_5GNR_WFC-MT_DUT-2_TC151-1.dml,,,,,,,,,,NR SA,,,,,,,,,,,,,,,,
630,1,,,-121.9331847,47.5260821,2025-12-10 23:32:16.000,_20251210_152244_CH05_TMO_5GNR_WFC-MT_DUT-2_TC151-1.dml,,,,,,,,,,NR SA,,,,,,,,,,,,,,,,
631,1,,,-121.9331847,47.5260821,2025-12-10 23:32:17.000,_20251210_152244_CH05_TMO_5GNR_WFC-MT_DUT-2_TC151-1.dml,,594,-100.270000,,,,,,,NR SA,,,,,,,,,,,,,,,,
632,1,,,-121.9331847,47.5260821,2025-12-10 23:32:18.000,_20251210_152244_CH05_TMO_5GNR_WFC-MT_DUT-2_TC151-1.dml,,,,,,,,,,NR SA,,,,,,,,,,,,,,,,
633,1,,,-121.9331847,47.5260821,2025-12-10 23:32:19.000,_20251210_152244_CH05_TMO_5GNR_WFC-MT_DUT-2_TC151-1.dml,,,,,,,,,,NR SA,,,,,,,,,,,,,,,,
634,1,,,-121.9331847,47.5260821,2025-12-10 23:32:20.000,_20251210_152244_CH05_TMO_5GNR_WFC-MT_DUT-2_TC151-1.dml,,594,-99.740000,,,,,,,NR SA,,,,,,,,,,,,,,,,
635,1,,,-121.9331847,47.5260821,2025-12-10 23:32:21.000,_20251210_152244_CH05_TMO_5GNR_WFC-MT_DUT-2_TC151-1.dml,,,,,,,,,,NR SA,,,,,,,,,,,,,,,,
636,1,,,-121.9331847,47.5260821,2025-12-10 23:32:22.000,_20251210_152244_CH05_TMO_5GNR_WFC-MT_DUT-2_TC151-1.dml,,594,-98.820000,,,,,,,NR SA,,,,,,,,,,,,,,,,
637,1,,,-121.9331847,47.5260821,2025-12-10 23:32:23.000,_20251210_152244_CH05_TMO_5GNR_WFC-MT_DUT-2_TC151-1.dml,,,,,,,,,,NR SA,,,,,,,,,,,,,,,,
638,1,,,-121.9331847,47.5260821,2025-12-10 23:32:24.000,_20251210_152244_CH05_TMO_5GNR_WFC-MT_DUT-2_TC151-1.dml,,,,,,,,,,NR SA,,,,,,,,,,,,,,,,
639,1,,,-121.9331847,47.5260821,2025-12-10 23:32:25.000,_20251210_152244_CH05_TMO_5GNR_WFC-MT_DUT-2_TC151-1.dml,,594,-104.020000,,,,,,,NR SA,,,,,,,,,,,,,,,,
640,1,,,-121.9331847,47.5260821,2025-12-10 23:32:26.000,_20251210_152244_CH05_TMO_5GNR_WFC-MT_DUT-2_TC151-1.dml,,,,,,,,,,NR SA,,,,,,,,,,,,,,,,
641,1,,,-121.9331847,47.5260821,2025-12-10 23:32:27.000,_20251210_152244_CH05_TMO_5GNR_WFC-MT_DUT-2_TC151-1.dml,,594,-100.000000,,,,,,,NR SA,,,,,,,,,,,,,,,,
642,1,,,-121.9331847,47.5260821,2025-12-10 23:32:28.000,_20251210_152244_CH05_TMO_5GNR_WFC-MT_DUT-2_TC151-1.dml,,,,,,,,,,NR SA,,,,,,,,,,,,,,,,
643,1,,,-121.9331847,47.5260821,2025-12-10 23:32:29.000,_20251210_152244_CH05_TMO_5GNR_WFC-MT_DUT-2_TC151-1.dml,,,,,,,,,,NR SA,,,,,,,,,,,,,,,,
644,1,,,-121.9331847,47.5260821,2025-12-10 23:32:30.000,_20251210_152244_CH05_TMO_5GNR_WFC-MT_DUT-2_TC151-1.dml,,594,-100.430000,,,,,,,NR SA,,,,,,,,,,,,,,,,
645,1,,,-121.9331847,47.5260821,2025-12-10 23:32:31.000,_20251210_152244_CH05_TMO_5GNR_WFC-MT_DUT-2_TC151-1.dml,,,,,,,,,,NR SA,,,,,,,,,,,,,,,,
646,1,,,-121.9331847,47.5260821,2025-12-10 23:32:32.000,_20251210_152244_CH05_TMO_5GNR_WFC-MT_DUT-2_TC151-1.dml,,594,-99.630000,,,,,,,NR SA,,,,,,,,,,,,,,,,
647,1,,,-121.9331847,47.5260821,2025-12-10 23:32:33.000,_20251210_152244_CH05_TMO_5GNR_WFC-MT_DUT-2_TC151-1.dml,,,,,,,,,,NR SA,,,,,,,,,,,,,,,,
648,1,,,-121.9331847,47.5260821,2025-12-10 23:32:34.000,_20251210_152244_CH05_TMO_5GNR_WFC-MT_DUT-2_TC151-1.dml,,,,,,,,,,NR SA,,,,,,,,,,,,,,,,
649,1,,,-121.9331847,47.5260821,2025-12-10 23:32:35.000,_20251210_152244_CH05_TMO_5GNR_WFC-MT_DUT-2_TC151-1.dml,,594,-101.500000,,,,,,,NR SA,,,,,,,,,,,,,,,,
650,1,,,-121.9331847,47.5260821,2025-12-10 23:32:36.000,_20251210_152244_CH05_TMO_5GNR_WFC-MT_DUT-2_TC151-1.dml,,,,,,,,,,NR SA,,,,,,,,,,,,,,,,
651,1,,,-121.9331847,47.5260821,2025-12-10 23:32:37.000,_20251210_152244_CH05_TMO_5GNR_WFC-MT_DUT-2_TC151-1.dml,,594,-108.840000,,,,,,,NR SA,,,,,,,,,,,,,,,,
652,1,,,-121.9331847,47.5260821,2025-12-10 23:32:38.000,_20251210_152244_CH05_TMO_5GNR_WFC-MT_DUT-2_TC151-1.dml,,,,,,,,,,NR SA,,,,,,,,,,,,,,,,
653,1,,,-121.9331847,47.5260821,2025-12-10 23:32:39.000,_20251210_152244_CH05_TMO_5GNR_WFC-MT_DUT-2_TC151-1.dml,,,,,,,,,,NR SA,,,,,,,,,,,,,,,,
654,1,,,-121.9331847,47.5260821,2025-12-10 23:32:40.000,_20251210_152244_CH05_TMO_5GNR_WFC-MT_DUT-2_TC151-1.dml,,594,-102.620000,,,,,,,NR SA,,,,,,,,,,,,,,,,
655,1,,,-121.9331847,47.5260821,2025-12-10 23:32:41.000,_20251210_152244_CH05_TMO_5GNR_WFC-MT_DUT-2_TC151-1.dml,,,,,,,,,,NR SA,,,,,,,,,,,,,,,,
656,1,,,-121.9331847,47.5260821,2025-12-10 23:32:42.000,_20251210_152244_CH05_TMO_5GNR_WFC-MT_DUT-2_TC151-1.dml,,,,,,,,,,NR SA,,,,,,,,,,,,,,,,
657,1,,,-121.9331847,47.5260821,2025-12-10 23:32:43.000,_20251210_152244_CH05_TMO_5GNR_WFC-MT_DUT-2_TC151-1.dml,,594,-104.980000,,,,,,,NR SA,,,,,,,,,,,,,,,,
658,1,,,-121.9331847,47.5260821,2025-12-10 23:32:44.000,_20251210_152244_CH05_TMO_5GNR_WFC-MT_DUT-2_TC151-1.dml,,,,,,,,,,NR SA,,,,,,,,,,,,,,,,
659,1,,,-121.9331847,47.5260821,2025-12-10 23:32:45.000,_20251210_152244_CH05_TMO_5GNR_WFC-MT_DUT-2_TC151-1.dml,,594,-103.090000,,,,,,,NR SA,,,,,,,,,,,,,,,,
660,1,,,-121.9331847,47.5260821,2025-12-10 23:32:46.000,_20251210_152244_CH05_TMO_5GNR_WFC-MT_DUT-2_TC151-1.dml,,,,,,,,,,NR SA,,,,,,,,,,,,,,,,
661,1,,,-121.9331847,47.5260821,2025-12-10 23:32:47.000,_20251210_152244_CH05_TMO_5GNR_WFC-MT_DUT-2_TC151-1.dml,,,,,,,,,,NR SA,,,,,,,,,,,,,,,,
662,1,,,-121.9331847,47.5260821,2025-12-10 23:32:48.000,_20251210_152244_CH05_TMO_5GNR_WFC-MT_DUT-2_TC151-1.dml,,594,-104.770000,,,,,,,NR SA,,,,,,,,,,,,,,,,
663,1,,,-121.9331847,47.5260821,2025-12-10 23:32:49.000,_20251210_152244_CH05_TMO_5GNR_WFC-MT_DUT-2_TC151-1.dml,,,,,,,,,,NR SA,,,,,,,,,,,,,,,,
664,1,,,-121.9331847,47.5260821,2025-12-10 23:32:50.000,_20251210_152244_CH05_TMO_5GNR_WFC-MT_DUT-2_TC151-1.dml,,594,-105.350000,,,,,,,NR SA,,,,,,,,,,,,,,,,
665,1,,,-121.9331847,47.5260821,2025-12-10 23:32:51.000,_20251210_152244_CH05_TMO_5GNR_WFC-MT_DUT-2_TC151-1.dml,,,,,,,,,,NR SA,,,,,,,,,,,,,,,,
666,1,,,-121.9331847,47.5260821,2025-12-10 23:32:52.000,_20251210_152244_CH05_TMO_5GNR_WFC-MT_DUT-2_TC151-1.dml,,,,,,,,,,NR SA,,,,,,,,,,,,,,,,
667,1,,,-121.9331847,47.5260821,2025-12-10 23:32:53.000,_20251210_152244_CH05_TMO_5GNR_WFC-MT_DUT-2_TC151-1.dml,,594,-107.130000,,,,,,,NR SA,,,,,,,,,,,,,,,,
668,1,,,-121.9331847,47.5260821,2025-12-10 23:32:54.000,_20251210_152244_CH05_TMO_5GNR_WFC-MT_DUT-2_TC151-1.dml,,,,,,,,,,NR SA,,,,,,,,,,,,,,,,
669,1,,,-121.9331847,47.5260821,2025-12-10 23:32:55.000,_20251210_152244_CH05_TMO_5GNR_WFC-MT_DUT-2_TC151-1.dml,,594,-101.840000,,,,,,,NR SA,,,,,,,,,,,,,,,,
670,1,,,-121.9331847,47.5260821,2025-12-10 23:32:56.000,_20251210_152244_CH05_TMO_5GNR_WFC-MT_DUT-2_TC151-1.dml,,,,,,,,,,NR SA,,,,,,,,,,,,,,,,
671,1,,,-121.9331847,47.5260821,2025-12-10 23:32:57.000,_20251210_152244_CH05_TMO_5GNR_WFC-MT_DUT-2_TC151-1.dml,,,,,,,,,,NR SA,,,,,,,,,,,,,,,,
672,1,,,-121.9331847,47.5260821,2025-12-10 23:32:58.000,_20251210_152244_CH05_TMO_5GNR_WFC-MT_DUT-2_TC151-1.dml,,594,-108.720000,,,,,,,NR SA,,,,,,,,,,,,,,,,
673,1,,,-121.9331847,47.5260821,2025-12-10 23:32:59.000,_20251210_152244_CH05_TMO_5GNR_WFC-MT_DUT-2_TC151-1.dml,,,,,,,,,,NR SA,,,,,,,,,,,,,,,,
674,1,,,-121.9331847,47.5260821,2025-12-10 23:33:00.000,_20251210_152244_CH05_TMO_5GNR_WFC-MT_DUT-2_TC151-1.dml,,,,,,,,,,NR SA,,,,,,,,,,,,,,,,
675,1,,,-121.9331847,47.5260821,2025-12-10 23:33:01.000,_20251210_152244_CH05_TMO_5GNR_WFC-MT_DUT-2_TC151-1.dml,,594,-102.140000,,,,,,,NR SA,,,,,,,,,,,,,,,,
676,1,,,-121.9331847,47.5260821,2025-12-10 23:33:02.000,_20251210_152244_CH05_TMO_5GNR_WFC-MT_DUT-2_TC151-1.dml,,,,,,,,,,NR SA,,,,,,,,,,,,,,,,
677,1,,,-121.9331847,47.5260821,2025-12-10 23:33:03.000,_20251210_152244_CH05_TMO_5GNR_WFC-MT_DUT-2_TC151-1.dml,,594,-104.380000,,,,,,,NR SA,,,,,,,,,,,,,,,,
678,1,,,-121.9331847,47.5260821,2025-12-10 23:33:04.000,_20251210_152244_CH05_TMO_5GNR_WFC-MT_DUT-2_TC151-1.dml,,,,,,,,,,NR SA,,,,,,,,,,,,,,,,
679,1,,,-121.9331847,47.5260821,2025-12-10 23:33:05.000,_20251210_152244_CH05_TMO_5GNR_WFC-MT_DUT-2_TC151-1.dml,,,,,,,,,,NR SA,,,,,,,,,,,,,,,,
680,1,,,-121.9331847,47.5260821,2025-12-10 23:33:06.000,_20251210_152244_CH05_TMO_5GNR_WFC-MT_DUT-2_TC151-1.dml,,594,-106.520000,,,,,,,NR SA,,,,,,,,,,,,,,,,
681,1,,,-121.9331847,47.5260821,2025-12-10 23:33:07.000,_20251210_152244_CH05_TMO_5GNR_WFC-MT_DUT-2_TC151-1.dml,,,,,,,,,,NR SA,,,,,,,,,,,,,,,,
682,1,,,-121.9331847,47.5260821,2025-12-10 23:33:08.000,_20251210_152244_CH05_TMO_5GNR_WFC-MT_DUT-2_TC151-1.dml,,594,-109.800000,,,,,,,NR SA,,,,,,,,,,,,,,,,
683,1,,,-121.9331847,47.5260821,2025-12-10 23:33:09.000,_20251210_152244_CH05_TMO_5GNR_WFC-MT_DUT-2_TC151-1.dml,,,,,,,,,,NR SA,,,,,,,,,,,,,,,,
684,1,,,-121.9331847,47.5260821,2025-12-10 23:33:10.000,_20251210_152244_CH05_TMO_5GNR_WFC-MT_DUT-2_TC151-1.dml,,,,,,,,,,NR SA,,,,,,,,,,,,,,,,
685,1,,,-121.9331847,47.5260821,2025-12-10 23:33:11.000,_20251210_152244_CH05_TMO_5GNR_WFC-MT_DUT-2_TC151-1.dml,,594,-110.570000,,,,,,,NR SA,,,,,,,,,,,,,,,,
686,1,,,-121.9331847,47.5260821,2025-12-10 23:33:12.000,_20251210_152244_CH05_TMO_5GNR_WFC-MT_DUT-2_TC151-1.dml,,,,,,,,,,NR SA,,,,,,,,,,,,,,,,
687,1,,,-121.9331847,47.5260821,2025-12-10 23:33:13.000,_20251210_152244_CH05_TMO_5GNR_WFC-MT_DUT-2_TC151-1.dml,,594,-106.420000,,,,,,,NR SA,,,,,,,,,,,,,,,,
688,1,,,-121.9331847,47.5260821,2025-12-10 23:33:14.000,_20251210_152244_CH05_TMO_5GNR_WFC-MT_DUT-2_TC151-1.dml,,,,,,,,,,NR SA,,,,,,,,,,,,,,,,
689,1,,,-121.9331847,47.5260821,2025-12-10 23:33:15.000,_20251210_152244_CH05_TMO_5GNR_WFC-MT_DUT-2_TC151-1.dml,,,,,,,,,,NR SA,,,,,,,,,,,,,,,,
690,1,,,-121.9331847,47.5260821,2025-12-10 23:33:16.000,_20251210_152244_CH05_TMO_5GNR_WFC-MT_DUT-2_TC151-1.dml,,594,-108.730000,,,,,,,NR SA,,,,,,,,,,,,,,,,
691,1,,,-121.9331847,47.5260821,2025-12-10 23:33:17.000,_20251210_152244_CH05_TMO_5GNR_WFC-MT_DUT-2_TC151-1.dml,,,,,,,,,,NR SA,,,,,,,,,,,,,,,,
692,1,,,-121.9331847,47.5260821,2025-12-10 23:33:18.000,_20251210_152244_CH05_TMO_5GNR_WFC-MT_DUT-2_TC151-1.dml,,,,,,,,,,NR SA,,,,,,,,,,,,,,,,
693,1,,,-121.9331847,47.5260821,2025-12-10 23:33:19.000,_20251210_152244_CH05_TMO_5GNR_WFC-MT_DUT-2_TC151-1.dml,,594,-111.870000,,,,,,,NR SA,,,,,,,,,,,,,,,,
694,1,,,-121.9331847,47.5260821,2025-12-10 23:33:20.000,_20251210_152244_CH05_TMO_5GNR_WFC-MT_DUT-2_TC151-1.dml,,,,,,,,,,NR SA,,,,,,,,,,,,,,,,
695,1,,,-121.9331847,47.5260821,2025-12-10 23:33:21.000,_20251210_152244_CH05_TMO_5GNR_WFC-MT_DUT-2_TC151-1.dml,,594,-103.500000,,,,,,,NR SA,,,,,,,,,,,,,,,,
696,1,,,-121.9331847,47.5260821,2025-12-10 23:33:22.000,_20251210_152244_CH05_TMO_5GNR_WFC-MT_DUT-2_TC151-1.dml,,,,,,,,,,NR SA,,,,,,,,,,,,,,,,
697,1,,,-121.9331847,47.5260821,2025-12-10 23:33:23.000,_20251210_152244_CH05_TMO_5GNR_WFC-MT_DUT-2_TC151-1.dml,,,,,,,,,,NR SA,,,,,,,,,,,,,,,,
698,1,,,-121.9331847,47.5260821,2025-12-10 23:33:24.000,_20251210_152244_CH05_TMO_5GNR_WFC-MT_DUT-2_TC151-1.dml,,594,-104.640000,,,,,,,NR SA,,,,,,,,,,,,,,,,
699,1,,,-121.9331847,47.5260821,2025-12-10 23:33:25.000,_20251210_152244_CH05_TMO_5GNR_WFC-MT_DUT-2_TC151-1.dml,,,,,,,,,,NR SA,,,,,,,,,,,,,,,,
700,1,,,-121.9331847,47.5260821,2025-12-10 23:33:26.000,_20251210_152244_CH05_TMO_5GNR_WFC-MT_DUT-2_TC151-1.dml,,594,-107.560000,,,,,,,NR SA,,,,,,,,,,,,,,,,
701,1,,,-121.9331847,47.5260821,2025-12-10 23:33:27.000,_20251210_152244_CH05_TMO_5GNR_WFC-MT_DUT-2_TC151-1.dml,,,,,,,,,,NR SA,,,,,,,,,,,,,,,,
702,1,,,-121.9331847,47.5260821,2025-12-10 23:33:28.000,_20251210_152244_CH05_TMO_5GNR_WFC-MT_DUT-2_TC151-1.dml,,,,,,,,,,NR SA,,,,,,,,,,,,,,,,
703,1,,,-121.9331847,47.5260821,2025-12-10 23:33:28.341,_20251210_152244_CH05_TMO_5GNR_WFC-MT_DUT-2_TC151-1.dml,,,,,,,,,,,,,,,,,,,,,[Tool] Voice - Pair Channel Call Drop,,,,,
704,1,,,-121.9331847,47.5260821,2025-12-10 23:33:28.341,_20251210_152244_CH05_TMO_5GNR_WFC-MT_DUT-2_TC151-1.dml,,,,,,,,,,,,,,,,,,,,,[Tool] Voice - Release Call Request,,,,,
705,1,,,-121.9331847,47.5260821,2025-12-10 23:33:28.655,_20251210_152244_CH05_TMO_5GNR_WFC-MT_DUT-2_TC151-1.dml,,,,,,,,,,,,,,,,,,,,Complete,[Tool] Voice - Call Result : Complete,,,,,
706,1,,,-121.9331847,47.5260821,2025-12-10 23:33:28.655,_20251210_152244_CH05_TMO_5GNR_WFC-MT_DUT-2_TC151-1.dml,,,,,,,,,,,,,,,,,,,,,[UE]   Voice - Release Call Success,,,,,
707,1,,,-121.9331847,47.5260821,2025-12-10 23:33:29.000,_20251210_152244_CH05_TMO_5GNR_WFC-MT_DUT-2_TC151-1.dml,,594,-104.620000,,,,,,,,,,,,,,,,,,,1,,,,
708,1,,,-121.9331847,47.5260821,2025-12-10 23:33:29.734,_20251210_152244_CH05_TMO_5GNR_WFC-MT_DUT-2_TC151-1.dml,,,,,,,,,,,,,,,,,,,,,[UE]   Voice - Release Call Success,,,,,
709,1,,,-121.9331847,47.5260821,2025-12-10 23:33:30.000,_20251210_152244_CH05_TMO_5GNR_WFC-MT_DUT-2_TC151-1.dml,,,,,,,,,,,,,,,,,,,,,,,,,,
710,1,,,-121.9331839,47.5260729,2025-12-10 23:33:31.000,_20251210_152244_CH05_TMO_5GNR_WFC-MT_DUT-2_TC151-1.dml,,594,-103.620000,,,,,,,,,,,,,,,,,,,,,,,
711,1,,,-121.9331839,47.5260729,2025-12-10 23:33:32.000,_20251210_152244_CH05_TMO_5GNR_WFC-MT_DUT-2_TC151-1.dml,,,,,,,,,,,,,,,,,,,,,,,,,,
712,1,,,-121.9331839,47.5260729,2025-12-10 23:33:33.000,_20251210_152244_CH05_TMO_5GNR_WFC-MT_DUT-2_TC151-1.dml,,,,,,,,,,,,,,,,,,,,,,,,,,
713,1,,,-121.9331839,47.5260729,2025-12-10 23:33:34.000,_20251210_152244_CH05_TMO_5GNR_WFC-MT_DUT-2_TC151-1.dml,,594,-102.870000,,,,,,,,,,,,,,,,,,,,,,,
714,1,,,-121.9331839,47.5260729,2025-12-10 23:33:35.000,_20251210_152244_CH05_TMO_5GNR_WFC-MT_DUT-2_TC151-1.dml,,,,,,,,,,,,,,,,,,,,,,,,,,
715,1,,,-121.9331839,47.5260729,2025-12-10 23:33:36.000,_20251210_152244_CH05_TMO_5GNR_WFC-MT_DUT-2_TC151-1.dml,,594,-105.200000,,,,,,,,,,,,,,,,,,,,,,,
716,1,,,-121.9331839,47.5260729,2025-12-10 23:33:37.000,_20251210_152244_CH05_TMO_5GNR_WFC-MT_DUT-2_TC151-1.dml,,,,,,,,,,,,,,,,,,,,,,,,,,
717,1,,,-121.9331839,47.5260729,2025-12-10 23:33:38.000,_20251210_152244_CH05_TMO_5GNR_WFC-MT_DUT-2_TC151-1.dml,,,,,,,,,,,,,,,,,,,,,,,,,,
718,1,,,-121.9331839,47.5260729,2025-12-10 23:33:39.000,_20251210_152244_CH05_TMO_5GNR_WFC-MT_DUT-2_TC151-1.dml,,594,-103.420000,,,,,,,,,,,,,,,,,,,,,,,
719,1,,,-121.9331839,47.5260729,2025-12-10 23:33:40.000,_20251210_152244_CH05_TMO_5GNR_WFC-MT_DUT-2_TC151-1.dml,,,,,,,,,,,,,,,,,,,,,,,,,,
720,1,,,-121.9331839,47.5260729,2025-12-10 23:33:41.000,_20251210_152244_CH05_TMO_5GNR_WFC-MT_DUT-2_TC151-1.dml,,594,-104.890000,,,,,,,,,,,,,,,,,,,,,,,
721,1,,,-121.9331839,47.5260729,2025-12-10 23:33:42.000,_20251210_152244_CH05_TMO_5GNR_WFC-MT_DUT-2_TC151-1.dml,,,,,,,,,,,,,,,,,,,,,,,,,,
722,1,,,-121.9331839,47.5260729,2025-12-10 23:33:43.000,_20251210_152244_CH05_TMO_5GNR_WFC-MT_DUT-2_TC151-1.dml,,,,,,,,,,,,,,,,,,,,,,,,,,
723,1,,,-121.9331839,47.5260729,2025-12-10 23:33:44.000,_20251210_152244_CH05_TMO_5GNR_WFC-MT_DUT-2_TC151-1.dml,,594,-106.700000,,,,,,,,,,,,,,,,,,,,,,,
724,1,,,-121.9331839,47.5260729,2025-12-10 23:33:45.000,_20251210_152244_CH05_TMO_5GNR_WFC-MT_DUT-2_TC151-1.dml,,,,,,,,,,,,,,,,,,,,,,,,,,
725,1,,,-121.9331839,47.5260729,2025-12-10 23:33:46.000,_20251210_152244_CH05_TMO_5GNR_WFC-MT_DUT-2_TC151-1.dml,,,,,,,,,,,,,,,,,,,,,,,,,,
726,1,,,-121.9331839,47.5260729,2025-12-10 23:33:47.000,_20251210_152244_CH05_TMO_5GNR_WFC-MT_DUT-2_TC151-1.dml,,594,-106.270000,,,,,,,,,,,,,,,,,,,,,,,
727,1,,,-121.9331839,47.5260729,2025-12-10 23:33:48.000,_20251210_152244_CH05_TMO_5GNR_WFC-MT_DUT-2_TC151-1.dml,,,,,,,,,,,,,,,,,,,,,,,,,,
728,1,,,-121.9331839,47.5260729,2025-12-10 23:33:49.000,_20251210_152244_CH05_TMO_5GNR_WFC-MT_DUT-2_TC151-1.dml,,594,-107.210000,,,,,,,,,,,,,,,,,,,,,,,
729,1,,,-121.9331839,47.5260729,2025-12-10 23:33:50.000,_20251210_152244_CH05_TMO_5GNR_WFC-MT_DUT-2_TC151-1.dml,,,,,,,,,,,,,,,,,,,,,,,,,,
730,1,,,-121.9331839,47.5260729,2025-12-10 23:33:51.000,_20251210_152244_CH05_TMO_5GNR_WFC-MT_DUT-2_TC151-1.dml,,,,,,,,,,,,,,,,,,,,,,,,,,
731,1,,,-121.9331839,47.5260729,2025-12-10 23:33:52.000,_20251210_152244_CH05_TMO_5GNR_WFC-MT_DUT-2_TC151-1.dml,,594,-109.310000,,,,,,,,,,,,,,,,,,,,,,,
732,1,,,-121.9331839,47.5260729,2025-12-10 23:33:53.000,_20251210_152244_CH05_TMO_5GNR_WFC-MT_DUT-2_TC151-1.dml,,,,,,,,,,,,,,,,,,,,,,,,,,
733,1,,,-121.9331839,47.5260729,2025-12-10 23:33:54.000,_20251210_152244_CH05_TMO_5GNR_WFC-MT_DUT-2_TC151-1.dml,,594,-108.980000,,,,,,,,,,,,,,,,,,,,,,,
734,1,,,-121.9331839,47.5260729,2025-12-10 23:33:55.000,_20251210_152244_CH05_TMO_5GNR_WFC-MT_DUT-2_TC151-1.dml,,,,,,,,,,,,,,,,,,,,,,,,,,
735,1,,,-121.9331839,47.5260729,2025-12-10 23:33:56.000,_20251210_152244_CH05_TMO_5GNR_WFC-MT_DUT-2_TC151-1.dml,,,,,,,,,,,,,,,,,,,,,,,,,,
736,1,,,-121.9331839,47.5260729,2025-12-10 23:33:56.765,_20251210_152244_CH05_TMO_5GNR_WFC-MT_DUT-2_TC151-1.dml,,,,,,,,,,,,,,,,,,,,,[Tool] Voice - Release Call Request,,,,,
737,1,,,-121.9331839,47.5260729,2025-12-10 23:33:57.000,_20251210_152244_CH05_TMO_5GNR_WFC-MT_DUT-2_TC151-1.dml,,594,-106.120000,,,,,,,,,,,,,,,,,,,,,,,
738,1,,,-121.9331839,47.5260729,2025-12-10 23:33:58.000,_20251210_152244_CH05_TMO_5GNR_WFC-MT_DUT-2_TC151-1.dml,,,,,,,,,,,,,,,,,,,,,,,,,,
739,1,,,-121.9331839,47.5260729,2025-12-10 23:33:59.000,_20251210_152244_CH05_TMO_5GNR_WFC-MT_DUT-2_TC151-1.dml,,594,-107.480000,,,,,,,,,,,,,,,,,,,,,,,
740,1,,,-121.9331839,47.5260729,2025-12-10 23:33:59.263,_20251210_152244_CH05_TMO_5GNR_WFC-MT_DUT-2_TC151-1.dml,,,,,,,,,,,,,,,,,,,,,[Tool] Voice - Call Scheduling End,,,,,
741,1,,,-121.9331839,47.5260729,2025-12-10 23:33:59.263,_20251210_152244_CH05_TMO_5GNR_WFC-MT_DUT-2_TC151-1.dml,354877970011139,,,,,Termination,,Complete,,,,,,,,,EPSFB,Voice,Complete,,,,,,,90.274000
742,1,,,-121.9331839,47.5260729,2025-12-10 23:33:59.263,_20251210_152244_CH05_TMO_5GNR_WFC-MT_DUT-2_TC151-1.dml,,,,,,,,,,,,,,,,,,,,,[Tool] Voice - Release Call Request,,,,,
743,1,,,-121.9331839,47.5260729,2025-12-10 23:34:00.000,_20251210_152244_CH05_TMO_5GNR_WFC-MT_DUT-2_TC151-1.dml,,,,,,,,,,,,,,,,,,,,,,,,,,
