IDX,LID,CI_1,CI_2,Lon,Lat,Time,Measure,[Call Test] [Misc] [Mobile] IMEI,[NR5G] [RF] PCI,[NR5G] [RF] RSRP,[LTE] [L1] [RF] PCI,[LTE] [L1] [RF] RSRP,[Call Test] [Voice or Video Call] Orig/Term,[Call Test] [VoNR VoLTE] [Duration] SIP Setup Duration (Invite~200OK),[Call Test] [Voice or Video Call] Result & Reason,[Call Test] [Throughput] Application DL TP,[General] Serving Network (In Traffic),[Call Test] [HTTP Transfer] HTTP Transfer Call Event,[Call Test] [KR PS-LTE] [SMS] [Timestamp] SIP Message,[Packet Data] [SIP] UL/DL,[Packet Data] [SIP] Request Method,[Packet Data] [SIP] Status,[Packet Data] [SIP] 200 OK - Method,[Call Test] [Voice or Video Call] Real Service,[Call Test] Call Type,[Call Test] Call Result,[Event] Total Call Result,[Event] Voice Call Event,[Event] [Event Occurrence Count] Call Completed #,[Event] [Event Occurrence Count] Outgoing Call Setup Fail #,[Event] [Event Occurrence Count] Call Dropped #,[Event] [Event Occurrence Count] Call Start #,[Call Test] [Voice or Video Call] [Duration] Traffic Duration (LoggingTool)
1,1,,,-121.9331960,47.5260828,2025-12-10 23:22:49.000,_20251210_152244_CH04_TMO_5GNR_WFC-MO_REF-1_TC151-1.dml,,,,,,,,,,,,,,,,,,,,,,,,,,
2,1,,,-121.9331960,47.5260828,2025-12-10 23:22:50.000,_20251210_152244_CH04_TMO_5GNR_WFC-MO_REF-1_TC151-1.dml,,594,-112.430000,,,,,,,,,,,,,,,,,,,,,,,
3,1,,,-121.9331960,47.5260828,2025-12-10 23:22:51.000,_20251210_152244_CH04_TMO_5GNR_WFC-MO_REF-1_TC151-1.dml,,,,,,,,,,,,,,,,,,,,,,,,,,
4,1,,,-121.9331960,47.5260828,2025-12-10 23:22:52.000,_20251210_152244_CH04_TMO_5GNR_WFC-MO_REF-1_TC151-1.dml,,594,-111.930000,,,,,,,,,,,,,,,,,,,,,,,
5,1,,,-121.9331960,47.5260828,2025-12-10 23:22:53.000,_20251210_152244_CH04_TMO_5GNR_WFC-MO_REF-1_TC151-1.dml,,594,-111.290000,,,,,,,,,,,,,,,,,,,,,,,
6,1,,,-121.9331960,47.5260828,2025-12-10 23:22:54.000,_20251210_152244_CH04_TMO_5GNR_WFC-MO_REF-1_TC151-1.dml,,594,-113.760000,,,,,,,,,,,,,,,,,,,,,,,
7,1,,,-121.9331960,47.5260828,2025-12-10 23:22:55.000,_20251210_152244_CH04_TMO_5GNR_WFC-MO_REF-1_TC151-1.dml,,594,-118.670000,,,,,,,,,,,,,,,,,,,,,,,
8,1,,,-121.9331960,47.5260828,2025-12-10 23:22:56.000,_20251210_152244_CH04_TMO_5GNR_WFC-MO_REF-1_TC151-1.dml,,,,,,,,,,,,,,,,,,,,,,,,,,
9,1,,,-121.9331960,47.5260828,2025-12-10 23:22:57.000,_20251210_152244_CH04_TMO_5GNR_WFC-MO_REF-1_TC151-1.dml,,594,-118.100000,,,,,,,,,,,,,,,,,,,,,,,
10,1,,,-121.9331960,47.5260828,2025-12-10 23:22:58.000,_20251210_152244_CH04_TMO_5GNR_WFC-MO_REF-1_TC151-1.dml,,594,-117.490000,,,,,,,,,,,,,,,,,,,,,,,
11,1,,,-121.9331960,47.5260828,2025-12-10 23:22:59.000,_20251210_152244_CH04_TMO_5GNR_WFC-MO_REF-1_TC151-1.dml,,594,-113.800000,,,,,,,,,,,,,,,,,,,,,,,
12,1,,,-121.9331960,47.5260828,2025-12-10 23:23:00.000,_20251210_152244_CH04_TMO_5GNR_WFC-MO_REF-1_TC151-1.dml,,594,-113.730000,,,,,,,,,,,,,,,,,,,,,,,
13,1,,,-121.9331960,47.5260828,2025-12-10 23:23:01.000,_20251210_152244_CH04_TMO_5GNR_WFC-MO_REF-1_TC151-1.dml,,,,,,,,,,,,,,,,,,,,,,,,,,
14,1,,,-121.9331960,47.5260828,2025-12-10 23:23:02.000,_20251210_152244_CH04_TMO_5GNR_WFC-MO_REF-1_TC151-1.dml,,594,-114.320000,,,,,,,,,,,,,,,,,,,,,,,
15,1,,,-121.9331960,47.5260828,2025-12-10 23:23:03.108,_20251210_152244_CH04_TMO_5GNR_WFC-MO_REF-1_TC151-1.dml,,,,,,,,,,,,,,,,,,,,,[Tool] Voice - Call Scheduling Start(Orig),,,,,
16,1,,,-121.9331960,47.5260828,2025-12-10 23:23:03.108,_20251210_152244_CH04_TMO_5GNR_WFC-MO_REF-1_TC151-1.dml,,,,,,,,,,,,,,,,,,,,,[UE]   Voice - Orig Success,,,,,
17,1,,,-121.9331960,47.5260828,2025-12-10 23:23:03.124,_20251210_152244_CH04_TMO_5GNR_WFC-MO_REF-1_TC151-1.dml,,,,,,,,,,,,,,,,,,,,,[Tool] Voice - Orig Request,,,,,
18,1,,,-121.9331960,47.5260828,2025-12-10 23:23:03.000,_20251210_152244_CH04_TMO_5GNR_WFC-MO_REF-1_TC151-1.dml,,594,-112.140000,,,,,,,,,,,,,,,,,,,,,,,
19,1,,,-121.9331960,47.5260828,2025-12-10 23:23:04.000,_20251210_152244_CH04_TMO_5GNR_WFC-MO_REF-1_TC151-1.dml,,594,-113.290000,,,,,,,,,,,,,,,,,,,,,,,
20,1,,,-121.9331960,47.5260828,2025-12-10 23:23:05.000,_20251210_152244_CH04_TMO_5GNR_WFC-MO_REF-1_TC151-1.dml,,,,,,,,,,,,,,,,,,,,,,,,,,
21,1,,,-121.9331960,47.5260828,2025-12-10 23:23:06.000,_20251210_152244_CH04_TMO_5GNR_WFC-MO_REF-1_TC151-1.dml,,594,-116.640000,,,,,,,,,,,,,,,,,,,,,,,
22,1,,,-121.9331960,47.5260828,2025-12-10 23:23:07.139,_20251210_152244_CH04_TMO_5GNR_WFC-MO_REF-1_TC151-1.dml,,,,,,,,,,,,,,,,,,,,,[UE]   Voice - Setup Success,,,,,
23,1,,,-121.9331960,47.5260828,2025-12-10 23:23:07.000,_20251210_152244_CH04_TMO_5GNR_WFC-MO_REF-1_TC151-1.dml,,594,-118.540000,,,,,,,NR SA,,,,,,,,,,,,,,,,
24,1,,,-121.9331960,47.5260828,2025-12-10 23:23:08.000,_20251210_152244_CH04_TMO_5GNR_WFC-MO_REF-1_TC151-1.dml,,594,-120.600000,,,,,,,NR SA,,,,,,,,,,,,,,,,
25,1,,,-121.9331960,47.5260828,2025-12-10 23:23:09.000,_20251210_152244_CH04_TMO_5GNR_WFC-MO_REF-1_TC151-1.dml,,594,-118.070000,,,,,,,NR SA,,,,,,,,,,,,,,,,
26,1,,,-121.9331960,47.5260828,2025-12-10 23:23:10.000,_20251210_152244_CH04_TMO_5GNR_WFC-MO_REF-1_TC151-1.dml,,,,265,-105.000000,,,,,LTE (20 MHz),,,,,,,,,,,,,,,,
27,1,,,-121.9331960,47.5260828,2025-12-10 23:23:11.000,_20251210_152244_CH04_TMO_5GNR_WFC-MO_REF-1_TC151-1.dml,,,,265,-105.000000,,,,,LTE (20 MHz),,,,,,,,,,,,,,,,
28,1,,,-121.9331960,47.5260828,2025-12-10 23:23:12.000,_20251210_152244_CH04_TMO_5GNR_WFC-MO_REF-1_TC151-1.dml,,,,265,-111.000000,,,,,LTE (20 MHz),,,,,,,,,,,,,,,,
29,1,,,-121.9331960,47.5260828,2025-12-10 23:23:13.000,_20251210_152244_CH04_TMO_5GNR_WFC-MO_REF-1_TC151-1.dml,,,,265,-107.500000,,,,,LTE (20 MHz),,,,,,,,,,,,,,,,
30,1,,,-121.9331960,47.5260828,2025-12-10 23:23:14.000,_20251210_152244_CH04_TMO_5GNR_WFC-MO_REF-1_TC151-1.dml,,,,265,-109.000000,,,,,LTE (20 MHz),,,,,,,,,,,,,,,,
31,1,,,-121.9331960,47.5260828,2025-12-10 23:23:15.000,_20251210_152244_CH04_TMO_5GNR_WFC-MO_REF-1_TC151-1.dml,,,,265,-107.500000,,,,,LTE (20 MHz),,,,,,,,,,,,,,,,
32,1,,,-121.9331960,47.5260828,2025-12-10 23:23:16.000,_20251210_152244_CH04_TMO_5GNR_WFC-MO_REF-1_TC151-1.dml,,,,265,-109.500000,,,,,LTE (20 MHz),,,,,,,,,,,,,,,,
33,1,,,-121.9331960,47.5260828,2025-12-10 23:23:17.000,_20251210_152244_CH04_TMO_5GNR_WFC-MO_REF-1_TC151-1.dml,,,,265,-110.500000,,,,,LTE (20 MHz),,,,,,,,,,,,,,,,
34,1,,,-121.9331960,47.5260828,2025-12-10 23:23:18.000,_20251210_152244_CH04_TMO_5GNR_WFC-MO_REF-1_TC151-1.dml,,,,265,-108.000000,,,,,LTE (20 MHz),,,,,,,,,,,,,,,,
35,1,,,-121.9331960,47.5260828,2025-12-10 23:23:19.000,_20251210_152244_CH04_TMO_5GNR_WFC-MO_REF-1_TC151-1.dml,,,,265,-109.000000,,,,,LTE (20 MHz),,,,,,,,,,,,,,,,
36,1,,,-121.9331960,47.5260828,2025-12-10 23:23:20.000,_20251210_152244_CH04_TMO_5GNR_WFC-MO_REF-1_TC151-1.dml,,,,265,-109.500000,,,,,LTE (20 MHz),,,,,,,,,,,,,,,,
37,1,,,-121.9331960,47.5260828,2025-12-10 23:23:21.000,_20251210_152244_CH04_TMO_5GNR_WFC-MO_REF-1_TC151-1.dml,,,,265,-110.000000,,,,,LTE (20 MHz),,,,,,,,,,,,,,,,
38,1,,,-121.9331960,47.5260828,2025-12-10 23:23:22.000,_20251210_152244_CH04_TMO_5GNR_WFC-MO_REF-1_TC151-1.dml,,,,265,-110.000000,,,,,LTE (20 MHz),,,,,,,,,,,,,,,,
39,1,,,-121.9331960,47.5260828,2025-12-10 23:23:23.000,_20251210_152244_CH04_TMO_5GNR_WFC-MO_REF-1_TC151-1.dml,,,,265,-111.500000,,,,,LTE (20 MHz),,,,,,,,,,,,,,,,
40,1,,,-121.9331960,47.5260828,2025-12-10 23:23:24.000,_20251210_152244_CH04_TMO_5GNR_WFC-MO_REF-1_TC151-1.dml,,,,265,-111.500000,,,,,LTE (20 MHz),,,,,,,,,,,,,,,,
41,1,,,-121.9331960,47.5260828,2025-12-10 23:23:25.000,_20251210_152244_CH04_TMO_5GNR_WFC-MO_REF-1_TC151-1.dml,,,,265,-111.500000,,,,,LTE (20 MHz),,,,,,,,,,,,,,,,
42,1,,,-121.9331960,47.5260828,2025-12-10 23:23:26.000,_20251210_152244_CH04_TMO_5GNR_WFC-MO_REF-1_TC151-1.dml,,,,265,-110.000000,,,,,LTE (20 MHz),,,,,,,,,,,,,,,,
43,1,,,-121.9331960,47.5260828,2025-12-10 23:23:27.000,_20251210_152244_CH04_TMO_5GNR_WFC-MO_REF-1_TC151-1.dml,,,,265,-109.000000,,,,,LTE (20 MHz),,,,,,,,,,,,,,,,
44,1,,,-121.9331960,47.5260828,2025-12-10 23:23:28.000,_20251210_152244_CH04_TMO_5GNR_WFC-MO_REF-1_TC151-1.dml,,,,265,-107.500000,,,,,LTE (20 MHz),,,,,,,,,,,,,,,,
45,1,,,-121.9331960,47.5260828,2025-12-10 23:23:29.000,_20251210_152244_CH04_TMO_5GNR_WFC-MO_REF-1_TC151-1.dml,,,,265,-108.000000,,,,,LTE (20 MHz),,,,,,,,,,,,,,,,
46,1,,,-121.9331960,47.5260828,2025-12-10 23:23:30.000,_20251210_152244_CH04_TMO_5GNR_WFC-MO_REF-1_TC151-1.dml,,,,265,-108.000000,,,,,LTE (20 MHz),,,,,,,,,,,,,,,,
47,1,,,-121.9331960,47.5260828,2025-12-10 23:23:31.000,_20251210_152244_CH04_TMO_5GNR_WFC-MO_REF-1_TC151-1.dml,,,,265,-108.000000,,,,,LTE (20 MHz),,,,,,,,,,,,,,,,
48,1,,,-121.9331960,47.5260828,2025-12-10 23:23:32.000,_20251210_152244_CH04_TMO_5GNR_WFC-MO_REF-1_TC151-1.dml,,,,265,-109.500000,,,,,LTE (20 MHz),,,,,,,,,,,,,,,,
49,1,,,-121.9331960,47.5260828,2025-12-10 23:23:33.000,_20251210_152244_CH04_TMO_5GNR_WFC-MO_REF-1_TC151-1.dml,,,,265,-111.000000,,,,,LTE (20 MHz),,,,,,,,,,,,,,,,
50,1,,,-121.9331960,47.5260828,2025-12-10 23:23:34.000,_20251210_152244_CH04_TMO_5GNR_WFC-MO_REF-1_TC151-1.dml,,,,278,-105.500000,,,,,LTE (15 MHz),,,,,,,,,,,,,,,,
51,1,,,-121.9331960,47.5260828,2025-12-10 23:23:35.000,_20251210_152244_CH04_TMO_5GNR_WFC-MO_REF-1_TC151-1.dml,,,,278,-105.500000,,,,,LTE (15 MHz),,,,,,,,,,,,,,,,
52,1,,,-121.9331960,47.5260828,2025-12-10 23:23:36.000,_20251210_152244_CH04_TMO_5GNR_WFC-MO_REF-1_TC151-1.dml,,,,278,-106.000000,,,,,LTE (15 MHz),,,,,,,,,,,,,,,,
53,1,,,-121.9331960,47.5260828,2025-12-10 23:23:37.000,_20251210_152244_CH04_TMO_5GNR_WFC-MO_REF-1_TC151-1.dml,,,,278,-108.000000,,,,,LTE (15 MHz),,,,,,,,,,,,,,,,
54,1,,,-121.9331960,47.5260828,2025-12-10 23:23:38.000,_20251210_152244_CH04_TMO_5GNR_WFC-MO_REF-1_TC151-1.dml,,,,278,-108.000000,,,,,LTE (15 MHz),,,,,,,,,,,,,,,,
55,1,,,-121.9331960,47.5260828,2025-12-10 23:23:39.000,_20251210_152244_CH04_TMO_5GNR_WFC-MO_REF-1_TC151-1.dml,,,,278,-108.000000,,,,,LTE (15 MHz),,,,,,,,,,,,,,,,
56,1,,,-121.9331960,47.5260828,2025-12-10 23:23:40.000,_20251210_152244_CH04_TMO_5GNR_WFC-MO_REF-1_TC151-1.dml,,,,278,-108.000000,,,,,LTE (15 MHz),,,,,,,,,,,,,,,,
57,1,,,-121.9331960,47.5260828,2025-12-10 23:23:41.000,_20251210_152244_CH04_TMO_5GNR_WFC-MO_REF-1_TC151-1.dml,,,,278,-108.500000,,,,,LTE (15 MHz),,,,,,,,,,,,,,,,
58,1,,,-121.9331960,47.5260828,2025-12-10 23:23:42.000,_20251210_152244_CH04_TMO_5GNR_WFC-MO_REF-1_TC151-1.dml,,,,278,-110.000000,,,,,LTE (15 MHz),,,,,,,,,,,,,,,,
59,1,,,-121.9331960,47.5260828,2025-12-10 23:23:43.000,_20251210_152244_CH04_TMO_5GNR_WFC-MO_REF-1_TC151-1.dml,,,,278,-108.500000,,,,,LTE (15 MHz),,,,,,,,,,,,,,,,
60,1,,,-121.9331960,47.5260828,2025-12-10 23:23:44.000,_20251210_152244_CH04_TMO_5GNR_WFC-MO_REF-1_TC151-1.dml,,,,278,-108.000000,,,,,LTE (15 MHz),,,,,,,,,,,,,,,,
61,1,,,-121.9331960,47.5260828,2025-12-10 23:23:45.000,_20251210_152244_CH04_TMO_5GNR_WFC-MO_REF-1_TC151-1.dml,,,,278,-108.000000,,,,,LTE (15 MHz),,,,,,,,,,,,,,,,
62,1,,,-121.9331960,47.5260828,2025-12-10 23:23:46.000,_20251210_152244_CH04_TMO_5GNR_WFC-MO_REF-1_TC151-1.dml,,,,278,-106.000000,,,,,LTE (15 MHz),,,,,,,,,,,,,,,,
63,1,,,-121.9331960,47.5260828,2025-12-10 23:23:47.000,_20251210_152244_CH04_TMO_5GNR_WFC-MO_REF-1_TC151-1.dml,,594,-109.410000,,,,,,,NR SA,,,,,,,,,,,,,,,,
64,1,,,-121.9331960,47.5260828,2025-12-10 23:23:48.000,_20251210_152244_CH04_TMO_5GNR_WFC-MO_REF-1_TC151-1.dml,,594,-112.360000,,,,,,,NR SA,,,,,,,,,,,,,,,,
65,1,,,-121.9331960,47.5260828,2025-12-10 23:23:49.000,_20251210_152244_CH04_TMO_5GNR_WFC-MO_REF-1_TC151-1.dml,,594,-110.000000,,,,,,,NR SA,,,,,,,,,,,,,,,,
66,1,,,-121.9331960,47.5260828,2025-12-10 23:23:50.000,_20251210_152244_CH04_TMO_5GNR_WFC-MO_REF-1_TC151-1.dml,,594,-112.370000,,,,,,,NR SA,,,,,,,,,,,,,,,,
67,1,,,-121.9331960,47.5260828,2025-12-10 23:23:51.000,_20251210_152244_CH04_TMO_5GNR_WFC-MO_REF-1_TC151-1.dml,,594,-113.280000,,,,,,,NR SA,,,,,,,,,,,,,,,,
68,1,,,-121.9331960,47.5260828,2025-12-10 23:23:52.000,_20251210_152244_CH04_TMO_5GNR_WFC-MO_REF-1_TC151-1.dml,,594,-115.160000,,,,,,,NR SA,,,,,,,,,,,,,,,,
69,1,,,-121.9331960,47.5260828,2025-12-10 23:23:53.000,_20251210_152244_CH04_TMO_5GNR_WFC-MO_REF-1_TC151-1.dml,,594,-111.170000,,,,,,,NR SA,,,,,,,,,,,,,,,,
70,1,,,-121.9331960,47.5260828,2025-12-10 23:23:54.000,_20251210_152244_CH04_TMO_5GNR_WFC-MO_REF-1_TC151-1.dml,,594,-111.650000,,,,,,,NR SA,,,,,,,,,,,,,,,,
71,1,,,-121.9331960,47.5260828,2025-12-10 23:23:55.000,_20251210_152244_CH04_TMO_5GNR_WFC-MO_REF-1_TC151-1.dml,,594,-110.340000,,,,,,,NR SA,,,,,,,,,,,,,,,,
72,1,,,-121.9331960,47.5260828,2025-12-10 23:23:56.000,_20251210_152244_CH04_TMO_5GNR_WFC-MO_REF-1_TC151-1.dml,,594,-110.540000,,,,,,,NR SA,,,,,,,,,,,,,,,,
73,1,,,-121.9331960,47.5260828,2025-12-10 23:23:57.000,_20251210_152244_CH04_TMO_5GNR_WFC-MO_REF-1_TC151-1.dml,,594,-110.650000,,,,,,,NR SA,,,,,,,,,,,,,,,,
74,1,,,-121.9331960,47.5260828,2025-12-10 23:23:58.000,_20251210_152244_CH04_TMO_5GNR_WFC-MO_REF-1_TC151-1.dml,,,,,,,,,,NR SA,,,,,,,,,,,,,,,,
75,1,,,-121.9331960,47.5260828,2025-12-10 23:23:59.000,_20251210_152244_CH04_TMO_5GNR_WFC-MO_REF-1_TC151-1.dml,,594,-112.420000,,,,,,,NR SA,,,,,,,,,,,,,,,,
76,1,,,-121.9331960,47.5260828,2025-12-10 23:24:00.000,_20251210_152244_CH04_TMO_5GNR_WFC-MO_REF-1_TC151-1.dml,,594,-109.130000,,,,,,,NR SA,,,,,,,,,,,,,,,,
77,1,,,-121.9331960,47.5260828,2025-12-10 23:24:01.000,_20251210_152244_CH04_TMO_5GNR_WFC-MO_REF-1_TC151-1.dml,,594,-110.470000,,,,,,,NR SA,,,,,,,,,,,,,,,,
78,1,,,-121.9331960,47.5260828,2025-12-10 23:24:02.000,_20251210_152244_CH04_TMO_5GNR_WFC-MO_REF-1_TC151-1.dml,,594,-110.000000,,,,,,,NR SA,,,,,,,,,,,,,,,,
79,1,,,-121.9331960,47.5260828,2025-12-10 23:24:03.000,_20251210_152244_CH04_TMO_5GNR_WFC-MO_REF-1_TC151-1.dml,,,,,,,,,,NR SA,,,,,,,,,,,,,,,,
80,1,,,-121.9331960,47.5260828,2025-12-10 23:24:04.000,_20251210_152244_CH04_TMO_5GNR_WFC-MO_REF-1_TC151-1.dml,,594,-107.610000,,,,,,,NR SA,,,,,,,,,,,,,,,,
81,1,,,-121.9331960,47.5260828,2025-12-10 23:24:05.000,_20251210_152244_CH04_TMO_5GNR_WFC-MO_REF-1_TC151-1.dml,,594,-107.430000,,,,,,,NR SA,,,,,,,,,,,,,,,,
82,1,,,-121.9331960,47.5260828,2025-12-10 23:24:06.000,_20251210_152244_CH04_TMO_5GNR_WFC-MO_REF-1_TC151-1.dml,,594,-110.050000,,,,,,,NR SA,,,,,,,,,,,,,,,,
83,1,,,-121.9331960,47.5260828,2025-12-10 23:24:07.000,_20251210_152244_CH04_TMO_5GNR_WFC-MO_REF-1_TC151-1.dml,,,,,,,,,,NR SA,,,,,,,,,,,,,,,,
84,1,,,-121.9331960,47.5260828,2025-12-10 23:24:08.000,_20251210_152244_CH04_TMO_5GNR_WFC-MO_REF-1_TC151-1.dml,,594,-110.710000,,,,,,,NR SA,,,,,,,,,,,,,,,,
85,1,,,-121.9331960,47.5260828,2025-12-10 23:24:09.000,_20251210_152244_CH04_TMO_5GNR_WFC-MO_REF-1_TC151-1.dml,,594,-113.390000,,,,,,,NR SA,,,,,,,,,,,,,,,,
86,1,,,-121.9331960,47.5260828,2025-12-10 23:24:10.000,_20251210_152244_CH04_TMO_5GNR_WFC-MO_REF-1_TC151-1.dml,,594,-114.980000,,,,,,,NR SA,,,,,,,,,,,,,,,,
87,1,,,-121.9331960,47.5260828,2025-12-10 23:24:11.000,_20251210_152244_CH04_TMO_5GNR_WFC-MO_REF-1_TC151-1.dml,,594,-114.940000,,,,,,,NR SA,,,,,,,,,,,,,,,,
88,1,,,-121.9331960,47.5260828,2025-12-10 23:24:12.000,_20251210_152244_CH04_TMO_5GNR_WFC-MO_REF-1_TC151-1.dml,,,,,,,,,,NR SA,,,,,,,,,,,,,,,,
89,1,,,-121.9331960,47.5260828,2025-12-10 23:24:13.000,_20251210_152244_CH04_TMO_5GNR_WFC-MO_REF-1_TC151-1.dml,,594,-109.820000,,,,,,,NR SA,,,,,,,,,,,,,,,,
90,1,,,-121.9331960,47.5260828,2025-12-10 23:24:14.000,_20251210_152244_CH04_TMO_5GNR_WFC-MO_REF-1_TC151-1.dml,,594,-109.970000,,,,,,,NR SA,,,,,,,,,,,,,,,,
91,1,,,-121.9331960,47.5260828,2025-12-10 23:24:15.000,_20251210_152244_CH04_TMO_5GNR_WFC-MO_REF-1_TC151-1.dml,,594,-112.300000,,,,,,,NR SA,,,,,,,,,,,,,,,,
92,1,,,-121.9331960,47.5260828,2025-12-10 23:24:16.000,_20251210_152244_CH04_TMO_5GNR_WFC-MO_REF-1_TC151-1.dml,,,,,,,,,,NR SA,,,,,,,,,,,,,,,,
93,1,,,-121.9331960,47.5260828,2025-12-10 23:24:17.000,_20251210_152244_CH04_TMO_5GNR_WFC-MO_REF-1_TC151-1.dml,,594,-110.410000,,,,,,,NR SA,,,,,,,,,,,,,,,,
94,1,,,-121.9331960,47.5260828,2025-12-10 23:24:18.000,_20251210_152244_CH04_TMO_5GNR_WFC-MO_REF-1_TC151-1.dml,,594,-112.710000,,,,,,,NR SA,,,,,,,,,,,,,,,,
95,1,,,-121.9331960,47.5260828,2025-12-10 23:24:19.000,_20251210_152244_CH04_TMO_5GNR_WFC-MO_REF-1_TC151-1.dml,,594,-116.750000,,,,,,,NR SA,,,,,,,,,,,,,,,,
96,1,,,-121.9331960,47.5260828,2025-12-10 23:24:20.000,_20251210_152244_CH04_TMO_5GNR_WFC-MO_REF-1_TC151-1.dml,,594,-115.950000,,,,,,,NR SA,,,,,,,,,,,,,,,,
97,1,,,-121.9331960,47.5260828,2025-12-10 23:24:21.000,_20251210_152244_CH04_TMO_5GNR_WFC-MO_REF-1_TC151-1.dml,,,,,,,,,,NR SA,,,,,,,,,,,,,,,,
98,1,,,-121.9331960,47.5260828,2025-12-10 23:24:22.000,_20251210_152244_CH04_TMO_5GNR_WFC-MO_REF-1_TC151-1.dml,,594,-115.290000,,,,,,,NR SA,,,,,,,,,,,,,,,,
99,1,,,-121.9331960,47.5260828,2025-12-10 23:24:23.000,_20251210_152244_CH04_TMO_5GNR_WFC-MO_REF-1_TC151-1.dml,,594,-115.870000,278,-107.000000,,,,,NR SA,,,,,,,,,,,,,,,,
100,1,,,-121.9331960,47.5260828,2025-12-10 23:24:24.000,_20251210_152244_CH04_TMO_5GNR_WFC-MO_REF-1_TC151-1.dml,,,,278,-107.000000,,,,,LTE (15 MHz),,,,,,,,,,,,,,,,
101,1,,,-121.9331960,47.5260828,2025-12-10 23:24:25.000,_20251210_152244_CH04_TMO_5GNR_WFC-MO_REF-1_TC151-1.dml,,,,278,-110.500000,,,,,LTE (15 MHz),,,,,,,,,,,,,,,,
102,1,,,-121.9331960,47.5260828,2025-12-10 23:24:26.000,_20251210_152244_CH04_TMO_5GNR_WFC-MO_REF-1_TC151-1.dml,,,,278,-111.000000,,,,,LTE (15 MHz),,,,,,,,,,,,,,,,
103,1,,,-121.9331960,47.5260828,2025-12-10 23:24:27.000,_20251210_152244_CH04_TMO_5GNR_WFC-MO_REF-1_TC151-1.dml,,,,278,-114.000000,,,,,LTE (15 MHz),,,,,,,,,,,,,,,,
104,1,,,-121.9331960,47.5260828,2025-12-10 23:24:28.000,_20251210_152244_CH04_TMO_5GNR_WFC-MO_REF-1_TC151-1.dml,,,,278,-111.500000,,,,,LTE (15 MHz),,,,,,,,,,,,,,,,
105,1,,,-121.9331960,47.5260828,2025-12-10 23:24:29.000,_20251210_152244_CH04_TMO_5GNR_WFC-MO_REF-1_TC151-1.dml,,,,278,-111.000000,,,,,LTE (15 MHz),,,,,,,,,,,,,,,,
106,1,,,-121.9331960,47.5260828,2025-12-10 23:24:30.000,_20251210_152244_CH04_TMO_5GNR_WFC-MO_REF-1_TC151-1.dml,,,,278,-111.000000,,,,,LTE (15 MHz),,,,,,,,,,,,,,,,
107,1,,,-121.9331960,47.5260828,2025-12-10 23:24:31.000,_20251210_152244_CH04_TMO_5GNR_WFC-MO_REF-1_TC151-1.dml,,,,278,-110.500000,,,,,LTE (15 MHz),,,,,,,,,,,,,,,,
108,1,,,-121.9331960,47.5260828,2025-12-10 23:24:32.000,_20251210_152244_CH04_TMO_5GNR_WFC-MO_REF-1_TC151-1.dml,,,,278,-112.000000,,,,,LTE (15 MHz),,,,,,,,,,,,,,,,
109,1,,,-121.9331960,47.5260828,2025-12-10 23:24:33.000,_20251210_152244_CH04_TMO_5GNR_WFC-MO_REF-1_TC151-1.dml,,,,278,-112.000000,,,,,LTE (15 MHz),,,,,,,,,,,,,,,,
110,1,,,-121.9331960,47.5260828,2025-12-10 23:24:34.000,_20251210_152244_CH04_TMO_5GNR_WFC-MO_REF-1_TC151-1.dml,,,,278,-111.500000,,,,,LTE (15 MHz),,,,,,,,,,,,,,,,
111,1,,,-121.9331960,47.5260828,2025-12-10 23:24:35.000,_20251210_152244_CH04_TMO_5GNR_WFC-MO_REF-1_TC151-1.dml,,,,278,-112.000000,,,,,LTE (15 MHz),,,,,,,,,,,,,,,,
112,1,,,-121.9331960,47.5260828,2025-12-10 23:24:36.000,_20251210_152244_CH04_TMO_5GNR_WFC-MO_REF-1_TC151-1.dml,,594,-112.850000,,,,,,,NR SA,,,,,,,,,,,,,,,,
113,1,,,-121.9331960,47.5260828,2025-12-10 23:24:37.000,_20251210_152244_CH04_TMO_5GNR_WFC-MO_REF-1_TC151-1.dml,,594,-113.850000,,,,,,,NR SA,,,,,,,,,,,,,,,,
114,1,,,-121.9331960,47.5260828,2025-12-10 23:24:37.435,_20251210_152244_CH04_TMO_5GNR_WFC-MO_REF-1_TC151-1.dml,,,,,,,,,,,,,,,,,,,,,[Tool] Voice - Release Call Request,,,,,
115,1,,,-121.9331960,47.5260828,2025-12-10 23:24:37.951,_20251210_152244_CH04_TMO_5GNR_WFC-MO_REF-1_TC151-1.dml,,,,,,,,,,,,,,,,,,,,Complete,[Tool] Voice - Call Result : Complete,,,,,
116,1,,,-121.9331960,47.5260828,2025-12-10 23:24:37.951,_20251210_152244_CH04_TMO_5GNR_WFC-MO_REF-1_TC151-1.dml,,,,,,,,,,,,,,,,,,,,,[UE]   Voice - Release Call Success,,,,,
117,1,,,-121.9331960,47.5260828,2025-12-10 23:24:38.000,_20251210_152244_CH04_TMO_5GNR_WFC-MO_REF-1_TC151-1.dml,,594,-114.250000,,,,,,,,,,,,,,,,,,,1,,,,
118,1,,,-121.9331960,47.5260828,2025-12-10 23:24:38.779,_20251210_152244_CH04_TMO_5GNR_WFC-MO_REF-1_TC151-1.dml,,,,,,,,,,,,,,,,,,,,,[UE]   Voice - Release Call Success,,,,,
119,1,,,-121.9331960,47.5260828,2025-12-10 23:24:39.000,_20251210_152244_CH04_TMO_5GNR_WFC-MO_REF-1_TC151-1.dml,,594,-109.030000,,,,,,,,,,,,,,,,,,,,,,,
120,1,,,-121.9331960,47.5260828,2025-12-10 23:24:40.000,_20251210_152244_CH04_TMO_5GNR_WFC-MO_REF-1_TC151-1.dml,,594,-111.540000,,,,,,,,,,,,,,,,,,,,,,,
121,1,,,-121.9331960,47.5260828,2025-12-10 23:24:41.000,_20251210_152244_CH04_TMO_5GNR_WFC-MO_REF-1_TC151-1.dml,,594,-109.020000,,,,,,,,,,,,,,,,,,,,,,,
122,1,,,-121.9331960,47.5260828,2025-12-10 23:24:42.000,_20251210_152244_CH04_TMO_5GNR_WFC-MO_REF-1_TC151-1.dml,,594,-111.630000,,,,,,,,,,,,,,,,,,,,,,,
123,1,,,-121.9331960,47.5260828,2025-12-10 23:24:43.000,_20251210_152244_CH04_TMO_5GNR_WFC-MO_REF-1_TC151-1.dml,,,,,,,,,,,,,,,,,,,,,,,,,,
124,1,,,-121.9331960,47.5260828,2025-12-10 23:24:44.000,_20251210_152244_CH04_TMO_5GNR_WFC-MO_REF-1_TC151-1.dml,,594,-113.640000,,,,,,,,,,,,,,,,,,,,,,,
125,1,,,-121.9331960,47.5260828,2025-12-10 23:24:45.000,_20251210_152244_CH04_TMO_5GNR_WFC-MO_REF-1_TC151-1.dml,,594,-109.420000,,,,,,,,,,,,,,,,,,,,,,,
126,1,,,-121.9331960,47.5260828,2025-12-10 23:24:46.000,_20251210_152244_CH04_TMO_5GNR_WFC-MO_REF-1_TC151-1.dml,,594,-109.350000,,,,,,,,,,,,,,,,,,,,,,,
127,1,,,-121.9331960,47.5260828,2025-12-10 23:24:47.000,_20251210_152244_CH04_TMO_5GNR_WFC-MO_REF-1_TC151-1.dml,,594,-110.480000,,,,,,,,,,,,,,,,,,,,,,,
128,1,,,-121.9331960,47.5260828,2025-12-10 23:24:48.000,_20251210_152244_CH04_TMO_5GNR_WFC-MO_REF-1_TC151-1.dml,,,,,,,,,,,,,,,,,,,,,,,,,,
129,1,,,-121.9331960,47.5260828,2025-12-10 23:24:49.000,_20251210_152244_CH04_TMO_5GNR_WFC-MO_REF-1_TC151-1.dml,,594,-111.360000,,,,,,,,,,,,,,,,,,,,,,,
130,1,,,-121.9331960,47.5260828,2025-12-10 23:24:50.000,_20251210_152244_CH04_TMO_5GNR_WFC-MO_REF-1_TC151-1.dml,,594,-111.720000,,,,,,,,,,,,,,,,,,,,,,,
131,1,,,-121.9331960,47.5260828,2025-12-10 23:24:51.000,_20251210_152244_CH04_TMO_5GNR_WFC-MO_REF-1_TC151-1.dml,,594,-111.620000,,,,,,,,,,,,,,,,,,,,,,,
132,1,,,-121.9331960,47.5260828,2025-12-10 23:24:52.000,_20251210_152244_CH04_TMO_5GNR_WFC-MO_REF-1_TC151-1.dml,,594,-111.430000,,,,,,,,,,,,,,,,,,,,,,,
133,1,,,-121.9331960,47.5260828,2025-12-10 23:24:53.000,_20251210_152244_CH04_TMO_5GNR_WFC-MO_REF-1_TC151-1.dml,,,,,,,,,,,,,,,,,,,,,,,,,,
134,1,,,-121.9331960,47.5260828,2025-12-10 23:24:54.000,_20251210_152244_CH04_TMO_5GNR_WFC-MO_REF-1_TC151-1.dml,,594,-111.100000,,,,,,,,,,,,,,,,,,,,,,,
135,1,,,-121.9331960,47.5260828,2025-12-10 23:24:55.000,_20251210_152244_CH04_TMO_5GNR_WFC-MO_REF-1_TC151-1.dml,,594,-110.990000,,,,,,,,,,,,,,,,,,,,,,,
136,1,,,-121.9331960,47.5260828,2025-12-10 23:24:56.000,_20251210_152244_CH04_TMO_5GNR_WFC-MO_REF-1_TC151-1.dml,,594,-111.450000,,,,,,,,,,,,,,,,,,,,,,,
137,1,,,-121.9331960,47.5260828,2025-12-10 23:24:57.000,_20251210_152244_CH04_TMO_5GNR_WFC-MO_REF-1_TC151-1.dml,,,,,,,,,,,,,,,,,,,,,,,,,,
138,1,,,-121.9331960,47.5260828,2025-12-10 23:24:58.000,_20251210_152244_CH04_TMO_5GNR_WFC-MO_REF-1_TC151-1.dml,,594,-110.740000,,,,,,,,,,,,,,,,,,,,,,,
139,1,,,-121.9331960,47.5260828,2025-12-10 23:24:59.000,_20251210_152244_CH04_TMO_5GNR_WFC-MO_REF-1_TC151-1.dml,,594,-107.410000,,,,,,,,,,,,,,,,,,,,,,,
140,1,,,-121.9331960,47.5260828,2025-12-10 23:25:00.000,_20251210_152244_CH04_TMO_5GNR_WFC-MO_REF-1_TC151-1.dml,,594,-108.210000,,,,,,,,,,,,,,,,,,,,,,,
141,1,,,-121.9331960,47.5260828,2025-12-10 23:25:01.000,_20251210_152244_CH04_TMO_5GNR_WFC-MO_REF-1_TC151-1.dml,,594,-110.810000,,,,,,,,,,,,,,,,,,,,,,,
142,1,,,-121.9331960,47.5260828,2025-12-10 23:25:02.000,_20251210_152244_CH04_TMO_5GNR_WFC-MO_REF-1_TC151-1.dml,,,,,,,,,,,,,,,,,,,,,,,,,,
143,1,,,-121.9331960,47.5260828,2025-12-10 23:25:03.000,_20251210_152244_CH04_TMO_5GNR_WFC-MO_REF-1_TC151-1.dml,,594,-110.390000,,,,,,,,,,,,,,,,,,,,,,,
144,1,,,-121.9331960,47.5260828,2025-12-10 23:25:04.000,_20251210_152244_CH04_TMO_5GNR_WFC-MO_REF-1_TC151-1.dml,,594,-111.930000,,,,,,,,,,,,,,,,,,,,,,,
145,1,,,-121.9331960,47.5260828,2025-12-10 23:25:05.000,_20251210_152244_CH04_TMO_5GNR_WFC-MO_REF-1_TC151-1.dml,,594,-111.930000,,,,,,,,,,,,,,,,,,,,,,,
146,1,,,-121.9331960,47.5260828,2025-12-10 23:25:05.841,_20251210_152244_CH04_TMO_5GNR_WFC-MO_REF-1_TC151-1.dml,,,,,,,,,,,,,,,,,,,,,[Tool] Voice - Release Call Request,,,,,
147,1,,,-121.9331960,47.5260828,2025-12-10 23:25:06.000,_20251210_152244_CH04_TMO_5GNR_WFC-MO_REF-1_TC151-1.dml,,,,,,,,,,,,,,,,,,,,,,,,,,
148,1,,,-121.9331960,47.5260828,2025-12-10 23:25:07.000,_20251210_152244_CH04_TMO_5GNR_WFC-MO_REF-1_TC151-1.dml,,594,-111.630000,,,,,,,,,,,,,,,,,,,,,,,
149,1,,,-121.9331960,47.5260828,2025-12-10 23:25:08.374,_20251210_152244_CH04_TMO_5GNR_WFC-MO_REF-1_TC151-1.dml,,,,,,,,,,,,,,,,,,,,,[Tool] Voice - Call Scheduling End,,,,,
150,1,,,-121.9331960,47.5260828,2025-12-10 23:25:08.374,_20251210_152244_CH04_TMO_5GNR_WFC-MO_REF-1_TC151-1.dml,,,,,,Origination,,Complete,,,,,,,,,EPSFB,Voice,Complete,,,,,,,90.297000
151,1,,,-121.9331960,47.5260828,2025-12-10 23:25:08.374,_20251210_152244_CH04_TMO_5GNR_WFC-MO_REF-1_TC151-1.dml,,,,,,,,,,,,,,,,,,,,,[Tool] Voice - Release Call Request,,,,,
152,1,,,-121.9331960,47.5260828,2025-12-10 23:25:08.000,_20251210_152244_CH04_TMO_5GNR_WFC-MO_REF-1_TC151-1.dml,,594,-112.130000,,,,,,,,,,,,,,,,,,,,,,,
153,1,,,-121.9331960,47.5260828,2025-12-10 23:25:09.000,_20251210_152244_CH04_TMO_5GNR_WFC-MO_REF-1_TC151-1.dml,,594,-111.580000,,,,,,,,,,,,,,,,,,,,,,,
154,1,,,-121.9331960,47.5260828,2025-12-10 23:25:10.000,_20251210_152244_CH04_TMO_5GNR_WFC-MO_REF-1_TC151-1.dml,,594,-109.610000,,,,,,,,,,,,,,,,,,,,,,,
155,1,,,-121.9331960,47.5260828,2025-12-10 23:25:11.000,_20251210_152244_CH04_TMO_5GNR_WFC-MO_REF-1_TC151-1.dml,,,,,,,,,,,,,,,,,,,,,,,,,,
156,1,,,-121.9331960,47.5260828,2025-12-10 23:25:12.000,_20251210_152244_CH04_TMO_5GNR_WFC-MO_REF-1_TC151-1.dml,,594,-110.710000,,,,,,,,,,,,,,,,,,,,,,,
157,1,,,-121.9331960,47.5260828,2025-12-10 23:25:13.000,_20251210_152244_CH04_TMO_5GNR_WFC-MO_REF-1_TC151-1.dml,,594,-114.660000,,,,,,,,,,,,,,,,,,,,,,,
158,1,,,-121.9331960,47.5260828,2025-12-10 23:25:13.919,_20251210_152244_CH04_TMO_5GNR_WFC-MO_REF-1_TC151-1.dml,,,,,,,,,,,,,,,,,,,,,[Tool] Voice - Call Scheduling Start(Orig),,,,,
159,1,,,-121.9331960,47.5260828,2025-12-10 23:25:13.919,_20251210_152244_CH04_TMO_5GNR_WFC-MO_REF-1_TC151-1.dml,,,,,,,,,,,,,,,,,,,,,[UE]   Voice - Orig Success,,,,,
160,1,,,-121.9331960,47.5260828,2025-12-10 23:25:13.935,_20251210_152244_CH04_TMO_5GNR_WFC-MO_REF-1_TC151-1.dml,,,,,,,,,,,,,,,,,,,,,[Tool] Voice - Orig Request,,,,,
161,1,,,-121.9331960,47.5260828,2025-12-10 23:25:14.000,_20251210_152244_CH04_TMO_5GNR_WFC-MO_REF-1_TC151-1.dml,,594,-114.000000,,,,,,,,,,,,,,,,,,,,,,,
162,1,,,-121.9331960,47.5260828,2025-12-10 23:25:15.000,_20251210_152244_CH04_TMO_5GNR_WFC-MO_REF-1_TC151-1.dml,,,,,,,,,,,,,,,,,,,,,,,,,,
163,1,,,-121.9331960,47.5260828,2025-12-10 23:25:16.000,_20251210_152244_CH04_TMO_5GNR_WFC-MO_REF-1_TC151-1.dml,,594,-114.520000,,,,,,,,,,,,,,,,,,,,,,,
164,1,,,-121.9331960,47.5260828,2025-12-10 23:25:17.000,_20251210_152244_CH04_TMO_5GNR_WFC-MO_REF-1_TC151-1.dml,,594,-113.790000,,,,,,,,,,,,,,,,,,,,,,,
165,1,,,-121.9331960,47.5260828,2025-12-10 23:25:18.000,_20251210_152244_CH04_TMO_5GNR_WFC-MO_REF-1_TC151-1.dml,,594,-111.050000,,,,,,,,,,,,,,,,,,,,,,,
166,1,,,-121.9331960,47.5260828,2025-12-10 23:25:18.310,_20251210_152244_CH04_TMO_5GNR_WFC-MO_REF-1_TC151-1.dml,,,,,,,,,,,,,,,,,,,,,[UE]   Voice - Setup Success,,,,,
167,1,,,-121.9331960,47.5260828,2025-12-10 23:25:19.000,_20251210_152244_CH04_TMO_5GNR_WFC-MO_REF-1_TC151-1.dml,,594,-109.170000,,,,,,,NR SA,,,,,,,,,,,,,,,,
168,1,,,-121.9331960,47.5260828,2025-12-10 23:25:20.000,_20251210_152244_CH04_TMO_5GNR_WFC-MO_REF-1_TC151-1.dml,,,,,,,,,,NR SA,,,,,,,,,,,,,,,,
169,1,,,-121.9331960,47.5260828,2025-12-10 23:25:21.000,_20251210_152244_CH04_TMO_5GNR_WFC-MO_REF-1_TC151-1.dml,,594,-110.520000,,,,,,,NR SA,,,,,,,,,,,,,,,,
170,1,,,-121.9331960,47.5260828,2025-12-10 23:25:22.000,_20251210_152244_CH04_TMO_5GNR_WFC-MO_REF-1_TC151-1.dml,,594,-113.590000,,,,,,,NR SA,,,,,,,,,,,,,,,,
171,1,,,-121.9331960,47.5260828,2025-12-10 23:25:23.000,_20251210_152244_CH04_TMO_5GNR_WFC-MO_REF-1_TC151-1.dml,,594,-112.400000,,,,,,,NR SA,,,,,,,,,,,,,,,,
172,1,,,-121.9331960,47.5260828,2025-12-10 23:25:24.000,_20251210_152244_CH04_TMO_5GNR_WFC-MO_REF-1_TC151-1.dml,,594,-113.160000,,,,,,,NR SA,,,,,,,,,,,,,,,,
173,1,,,-121.9331960,47.5260828,2025-12-10 23:25:25.000,_20251210_152244_CH04_TMO_5GNR_WFC-MO_REF-1_TC151-1.dml,,,,,,,,,,NR SA,,,,,,,,,,,,,,,,
174,1,,,-121.9331960,47.5260828,2025-12-10 23:25:26.000,_20251210_152244_CH04_TMO_5GNR_WFC-MO_REF-1_TC151-1.dml,,594,-113.410000,,,,,,,NR SA,,,,,,,,,,,,,,,,
175,1,,,-121.9331960,47.5260828,2025-12-10 23:25:27.000,_20251210_152244_CH04_TMO_5GNR_WFC-MO_REF-1_TC151-1.dml,,594,-107.990000,,,,,,,NR SA,,,,,,,,,,,,,,,,
176,1,,,-121.9331960,47.5260828,2025-12-10 23:25:28.000,_20251210_152244_CH04_TMO_5GNR_WFC-MO_REF-1_TC151-1.dml,,594,-107.520000,,,,,,,NR SA,,,,,,,,,,,,,,,,
177,1,,,-121.9331960,47.5260828,2025-12-10 23:25:29.000,_20251210_152244_CH04_TMO_5GNR_WFC-MO_REF-1_TC151-1.dml,,,,,,,,,,NR SA,,,,,,,,,,,,,,,,
178,1,,,-121.9331960,47.5260828,2025-12-10 23:25:30.000,_20251210_152244_CH04_TMO_5GNR_WFC-MO_REF-1_TC151-1.dml,,594,-110.070000,,,,,,,NR SA,,,,,,,,,,,,,,,,
179,1,,,-121.9331960,47.5260828,2025-12-10 23:25:31.000,_20251210_152244_CH04_TMO_5GNR_WFC-MO_REF-1_TC151-1.dml,,594,-104.510000,,,,,,,NR SA,,,,,,,,,,,,,,,,
180,1,,,-121.9331960,47.5260828,2025-12-10 23:25:32.000,_20251210_152244_CH04_TMO_5GNR_WFC-MO_REF-1_TC151-1.dml,,594,-104.630000,,,,,,,NR SA,,,,,,,,,,,,,,,,
181,1,,,-121.9331960,47.5260828,2025-12-10 23:25:33.000,_20251210_152244_CH04_TMO_5GNR_WFC-MO_REF-1_TC151-1.dml,,594,-109.700000,,,,,,,NR SA,,,,,,,,,,,,,,,,
182,1,,,-121.9331960,47.5260828,2025-12-10 23:25:34.000,_20251210_152244_CH04_TMO_5GNR_WFC-MO_REF-1_TC151-1.dml,,,,,,,,,,NR SA,,,,,,,,,,,,,,,,
183,1,,,-121.9331960,47.5260828,2025-12-10 23:25:35.000,_20251210_152244_CH04_TMO_5GNR_WFC-MO_REF-1_TC151-1.dml,,594,-104.740000,,,,,,,NR SA,,,,,,,,,,,,,,,,
184,1,,,-121.9331960,47.5260828,2025-12-10 23:25:36.000,_20251210_152244_CH04_TMO_5GNR_WFC-MO_REF-1_TC151-1.dml,,594,-119.040000,,,,,,,NR SA,,,,,,,,,,,,,,,,
185,1,,,-121.9331960,47.5260828,2025-12-10 23:25:37.000,_20251210_152244_CH04_TMO_5GNR_WFC-MO_REF-1_TC151-1.dml,,594,-116.950000,,,,,,,NR SA,,,,,,,,,,,,,,,,
186,1,,,-121.9331960,47.5260828,2025-12-10 23:25:38.000,_20251210_152244_CH04_TMO_5GNR_WFC-MO_REF-1_TC151-1.dml,,,,,,,,,,NR SA,,,,,,,,,,,,,,,,
187,1,,,-121.9331960,47.5260828,2025-12-10 23:25:39.000,_20251210_152244_CH04_TMO_5GNR_WFC-MO_REF-1_TC151-1.dml,,594,-111.830000,,,,,,,NR SA,,,,,,,,,,,,,,,,
188,1,,,-121.9331960,47.5260828,2025-12-10 23:25:40.000,_20251210_152244_CH04_TMO_5GNR_WFC-MO_REF-1_TC151-1.dml,,594,-111.280000,,,,,,,NR SA,,,,,,,,,,,,,,,,
189,1,,,-121.9331960,47.5260828,2025-12-10 23:25:41.000,_20251210_152244_CH04_TMO_5GNR_WFC-MO_REF-1_TC151-1.dml,,594,-111.060000,,,,,,,NR SA,,,,,,,,,,,,,,,,
190,1,,,-121.9331960,47.5260828,2025-12-10 23:25:42.000,_20251210_152244_CH04_TMO_5GNR_WFC-MO_REF-1_TC151-1.dml,,594,-109.760000,,,,,,,NR SA,,,,,,,,,,,,,,,,
191,1,,,-121.9331960,47.5260828,2025-12-10 23:25:43.000,_20251210_152244_CH04_TMO_5GNR_WFC-MO_REF-1_TC151-1.dml,,,,,,,,,,NR SA,,,,,,,,,,,,,,,,
192,1,,,-121.9331960,47.5260828,2025-12-10 23:25:44.000,_20251210_152244_CH04_TMO_5GNR_WFC-MO_REF-1_TC151-1.dml,,594,-111.100000,,,,,,,NR SA,,,,,,,,,,,,,,,,
193,1,,,-121.9331960,47.5260828,2025-12-10 23:25:45.000,_20251210_152244_CH04_TMO_5GNR_WFC-MO_REF-1_TC151-1.dml,,594,-104.970000,,,,,,,NR SA,,,,,,,,,,,,,,,,
194,1,,,-121.9331960,47.5260828,2025-12-10 23:25:46.000,_20251210_152244_CH04_TMO_5GNR_WFC-MO_REF-1_TC151-1.dml,,594,-104.830000,,,,,,,NR SA,,,,,,,,,,,,,,,,
195,1,,,-121.9331960,47.5260828,2025-12-10 23:25:47.000,_20251210_152244_CH04_TMO_5GNR_WFC-MO_REF-1_TC151-1.dml,,,,,,,,,,NR SA,,,,,,,,,,,,,,,,
196,1,,,-121.9331960,47.5260828,2025-12-10 23:25:48.000,_20251210_152244_CH04_TMO_5GNR_WFC-MO_REF-1_TC151-1.dml,,594,-107.650000,,,,,,,NR SA,,,,,,,,,,,,,,,,
197,1,,,-121.9331960,47.5260828,2025-12-10 23:25:49.000,_20251210_152244_CH04_TMO_5GNR_WFC-MO_REF-1_TC151-1.dml,,594,-107.960000,,,,,,,NR SA,,,,,,,,,,,,,,,,
198,1,,,-121.9331960,47.5260828,2025-12-10 23:25:50.000,_20251210_152244_CH04_TMO_5GNR_WFC-MO_REF-1_TC151-1.dml,,594,-109.890000,,,,,,,NR SA,,,,,,,,,,,,,,,,
199,1,,,-121.9331960,47.5260828,2025-12-10 23:25:51.000,_20251210_152244_CH04_TMO_5GNR_WFC-MO_REF-1_TC151-1.dml,,594,-109.780000,,,,,,,NR SA,,,,,,,,,,,,,,,,
200,1,,,-121.9331960,47.5260828,2025-12-10 23:25:52.000,_20251210_152244_CH04_TMO_5GNR_WFC-MO_REF-1_TC151-1.dml,,,,,,,,,,NR SA,,,,,,,,,,,,,,,,
201,1,,,-121.9331960,47.5260828,2025-12-10 23:25:53.000,_20251210_152244_CH04_TMO_5GNR_WFC-MO_REF-1_TC151-1.dml,,594,-111.760000,,,,,,,NR SA,,,,,,,,,,,,,,,,
202,1,,,-121.9331960,47.5260828,2025-12-10 23:25:54.000,_20251210_152244_CH04_TMO_5GNR_WFC-MO_REF-1_TC151-1.dml,,594,-107.910000,,,,,,,NR SA,,,,,,,,,,,,,,,,
203,1,,,-121.9331960,47.5260828,2025-12-10 23:25:55.000,_20251210_152244_CH04_TMO_5GNR_WFC-MO_REF-1_TC151-1.dml,,594,-106.980000,,,,,,,NR SA,,,,,,,,,,,,,,,,
204,1,,,-121.9331960,47.5260828,2025-12-10 23:25:56.000,_20251210_152244_CH04_TMO_5GNR_WFC-MO_REF-1_TC151-1.dml,,594,-109.480000,,,,,,,NR SA,,,,,,,,,,,,,,,,
205,1,,,-121.9331960,47.5260828,2025-12-10 23:25:57.000,_20251210_152244_CH04_TMO_5GNR_WFC-MO_REF-1_TC151-1.dml,,,,,,,,,,NR SA,,,,,,,,,,,,,,,,
206,1,,,-121.9331960,47.5260828,2025-12-10 23:25:58.000,_20251210_152244_CH04_TMO_5GNR_WFC-MO_REF-1_TC151-1.dml,,594,-107.300000,,,,,,,NR SA,,,,,,,,,,,,,,,,
207,1,,,-121.9331960,47.5260828,2025-12-10 23:25:59.000,_20251210_152244_CH04_TMO_5GNR_WFC-MO_REF-1_TC151-1.dml,,594,-105.810000,,,,,,,NR SA,,,,,,,,,,,,,,,,
208,1,,,-121.9331960,47.5260828,2025-12-10 23:26:00.000,_20251210_152244_CH04_TMO_5GNR_WFC-MO_REF-1_TC151-1.dml,,594,-106.790000,,,,,,,NR SA,,,,,,,,,,,,,,,,
209,1,,,-121.9331960,47.5260828,2025-12-10 23:26:01.000,_20251210_152244_CH04_TMO_5GNR_WFC-MO_REF-1_TC151-1.dml,,,,,,,,,,NR SA,,,,,,,,,,,,,,,,
210,1,,,-121.9331960,47.5260828,2025-12-10 23:26:02.000,_20251210_152244_CH04_TMO_5GNR_WFC-MO_REF-1_TC151-1.dml,,594,-108.450000,,,,,,,NR SA,,,,,,,,,,,,,,,,
211,1,,,-121.9331960,47.5260828,2025-12-10 23:26:03.000,_20251210_152244_CH04_TMO_5GNR_WFC-MO_REF-1_TC151-1.dml,,594,-110.420000,,,,,,,NR SA,,,,,,,,,,,,,,,,
212,1,,,-121.9331960,47.5260828,2025-12-10 23:26:04.000,_20251210_152244_CH04_TMO_5GNR_WFC-MO_REF-1_TC151-1.dml,,594,-107.050000,,,,,,,NR SA,,,,,,,,,,,,,,,,
213,1,,,-121.9331960,47.5260828,2025-12-10 23:26:05.000,_20251210_152244_CH04_TMO_5GNR_WFC-MO_REF-1_TC151-1.dml,,594,-107.240000,,,,,,,NR SA,,,,,,,,,,,,,,,,
214,1,,,-121.9331960,47.5260828,2025-12-10 23:26:06.000,_20251210_152244_CH04_TMO_5GNR_WFC-MO_REF-1_TC151-1.dml,,,,,,,,,,NR SA,,,,,,,,,,,,,,,,
215,1,,,-121.9331960,47.5260828,2025-12-10 23:26:07.000,_20251210_152244_CH04_TMO_5GNR_WFC-MO_REF-1_TC151-1.dml,,594,-109.830000,,,,,,,NR SA,,,,,,,,,,,,,,,,
216,1,,,-121.9331960,47.5260828,2025-12-10 23:26:08.000,_20251210_152244_CH04_TMO_5GNR_WFC-MO_REF-1_TC151-1.dml,,594,-109.550000,,,,,,,NR SA,,,,,,,,,,,,,,,,
217,1,,,-121.9331960,47.5260828,2025-12-10 23:26:09.000,_20251210_152244_CH04_TMO_5GNR_WFC-MO_REF-1_TC151-1.dml,,594,-108.240000,,,,,,,NR SA,,,,,,,,,,,,,,,,
218,1,,,-121.9331960,47.5260828,2025-12-10 23:26:10.000,_20251210_152244_CH04_TMO_5GNR_WFC-MO_REF-1_TC151-1.dml,,,,,,,,,,NR SA,,,,,,,,,,,,,,,,
219,1,,,-121.9331960,47.5260828,2025-12-10 23:26:11.000,_20251210_152244_CH04_TMO_5GNR_WFC-MO_REF-1_TC151-1.dml,,594,-106.800000,,,,,,,NR SA,,,,,,,,,,,,,,,,
220,1,,,-121.9331960,47.5260828,2025-12-10 23:26:12.000,_20251210_152244_CH04_TMO_5GNR_WFC-MO_REF-1_TC151-1.dml,,594,-108.410000,,,,,,,NR SA,,,,,,,,,,,,,,,,
221,1,,,-121.9331960,47.5260828,2025-12-10 23:26:13.000,_20251210_152244_CH04_TMO_5GNR_WFC-MO_REF-1_TC151-1.dml,,594,-102.070000,,,,,,,NR SA,,,,,,,,,,,,,,,,
222,1,,,-121.9331960,47.5260828,2025-12-10 23:26:14.000,_20251210_152244_CH04_TMO_5GNR_WFC-MO_REF-1_TC151-1.dml,,594,-101.890000,,,,,,,NR SA,,,,,,,,,,,,,,,,
223,1,,,-121.9331960,47.5260828,2025-12-10 23:26:15.000,_20251210_152244_CH04_TMO_5GNR_WFC-MO_REF-1_TC151-1.dml,,,,,,,,,,NR SA,,,,,,,,,,,,,,,,
224,1,,,-121.9331960,47.5260828,2025-12-10 23:26:16.000,_20251210_152244_CH04_TMO_5GNR_WFC-MO_REF-1_TC151-1.dml,,594,-106.150000,,,,,,,NR SA,,,,,,,,,,,,,,,,
225,1,,,-121.9331960,47.5260828,2025-12-10 23:26:17.000,_20251210_152244_CH04_TMO_5GNR_WFC-MO_REF-1_TC151-1.dml,,594,-106.140000,,,,,,,NR SA,,,,,,,,,,,,,,,,
226,1,,,-121.9331960,47.5260828,2025-12-10 23:26:18.000,_20251210_152244_CH04_TMO_5GNR_WFC-MO_REF-1_TC151-1.dml,,594,-108.000000,,,,,,,NR SA,,,,,,,,,,,,,,,,
227,1,,,-121.9331960,47.5260828,2025-12-10 23:26:19.000,_20251210_152244_CH04_TMO_5GNR_WFC-MO_REF-1_TC151-1.dml,,594,-107.950000,,,,,,,NR SA,,,,,,,,,,,,,,,,
228,1,,,-121.9331960,47.5260828,2025-12-10 23:26:20.000,_20251210_152244_CH04_TMO_5GNR_WFC-MO_REF-1_TC151-1.dml,,,,,,,,,,NR SA,,,,,,,,,,,,,,,,
229,1,,,-121.9331960,47.5260828,2025-12-10 23:26:21.000,_20251210_152244_CH04_TMO_5GNR_WFC-MO_REF-1_TC151-1.dml,,594,-108.610000,,,,,,,NR SA,,,,,,,,,,,,,,,,
230,1,,,-121.9331960,47.5260828,2025-12-10 23:26:22.000,_20251210_152244_CH04_TMO_5GNR_WFC-MO_REF-1_TC151-1.dml,,594,-109.360000,,,,,,,NR SA,,,,,,,,,,,,,,,,
231,1,,,-121.9331960,47.5260828,2025-12-10 23:26:23.000,_20251210_152244_CH04_TMO_5GNR_WFC-MO_REF-1_TC151-1.dml,,594,-109.130000,,,,,,,NR SA,,,,,,,,,,,,,,,,
232,1,,,-121.9331960,47.5260828,2025-12-10 23:26:24.000,_20251210_152244_CH04_TMO_5GNR_WFC-MO_REF-1_TC151-1.dml,,,,,,,,,,NR SA,,,,,,,,,,,,,,,,
233,1,,,-121.9331960,47.5260828,2025-12-10 23:26:25.000,_20251210_152244_CH04_TMO_5GNR_WFC-MO_REF-1_TC151-1.dml,,594,-109.810000,,,,,,,NR SA,,,,,,,,,,,,,,,,
234,1,,,-121.9331960,47.5260828,2025-12-10 23:26:26.000,_20251210_152244_CH04_TMO_5GNR_WFC-MO_REF-1_TC151-1.dml,,594,-110.940000,,,,,,,NR SA,,,,,,,,,,,,,,,,
235,1,,,-121.9331960,47.5260828,2025-12-10 23:26:27.000,_20251210_152244_CH04_TMO_5GNR_WFC-MO_REF-1_TC151-1.dml,,594,-109.130000,,,,,,,NR SA,,,,,,,,,,,,,,,,
236,1,,,-121.9331960,47.5260828,2025-12-10 23:26:28.000,_20251210_152244_CH04_TMO_5GNR_WFC-MO_REF-1_TC151-1.dml,,594,-108.300000,,,,,,,NR SA,,,,,,,,,,,,,,,,
237,1,,,-121.9331960,47.5260828,2025-12-10 23:26:29.000,_20251210_152244_CH04_TMO_5GNR_WFC-MO_REF-1_TC151-1.dml,,,,,,,,,,NR SA,,,,,,,,,,,,,,,,
238,1,,,-121.9331960,47.5260828,2025-12-10 23:26:30.000,_20251210_152244_CH04_TMO_5GNR_WFC-MO_REF-1_TC151-1.dml,,594,-107.850000,,,,,,,NR SA,,,,,,,,,,,,,,,,
239,1,,,-121.9331960,47.5260828,2025-12-10 23:26:31.000,_20251210_152244_CH04_TMO_5GNR_WFC-MO_REF-1_TC151-1.dml,,594,-108.720000,,,,,,,NR SA,,,,,,,,,,,,,,,,
240,1,,,-121.9331960,47.5260828,2025-12-10 23:26:32.000,_20251210_152244_CH04_TMO_5GNR_WFC-MO_REF-1_TC151-1.dml,,594,-109.390000,,,,,,,NR SA,,,,,,,,,,,,,,,,
241,1,,,-121.9331960,47.5260828,2025-12-10 23:26:33.000,_20251210_152244_CH04_TMO_5GNR_WFC-MO_REF-1_TC151-1.dml,,,,,,,,,,NR SA,,,,,,,,,,,,,,,,
242,1,,,-121.9331960,47.5260828,2025-12-10 23:26:34.000,_20251210_152244_CH04_TMO_5GNR_WFC-MO_REF-1_TC151-1.dml,,594,-111.170000,,,,,,,NR SA,,,,,,,,,,,,,,,,
243,1,,,-121.9331960,47.5260828,2025-12-10 23:26:35.000,_20251210_152244_CH04_TMO_5GNR_WFC-MO_REF-1_TC151-1.dml,,594,-110.030000,,,,,,,NR SA,,,,,,,,,,,,,,,,
244,1,,,-121.9331960,47.5260828,2025-12-10 23:26:36.000,_20251210_152244_CH04_TMO_5GNR_WFC-MO_REF-1_TC151-1.dml,,594,-107.800000,,,,,,,NR SA,,,,,,,,,,,,,,,,
245,1,,,-121.9331960,47.5260828,2025-12-10 23:26:37.000,_20251210_152244_CH04_TMO_5GNR_WFC-MO_REF-1_TC151-1.dml,,594,-105.770000,,,,,,,NR SA,,,,,,,,,,,,,,,,
246,1,,,-121.9331960,47.5260828,2025-12-10 23:26:38.000,_20251210_152244_CH04_TMO_5GNR_WFC-MO_REF-1_TC151-1.dml,,,,,,,,,,NR SA,,,,,,,,,,,,,,,,
247,1,,,-121.9331960,47.5260828,2025-12-10 23:26:39.000,_20251210_152244_CH04_TMO_5GNR_WFC-MO_REF-1_TC151-1.dml,,594,-106.500000,,,,,,,NR SA,,,,,,,,,,,,,,,,
248,1,,,-121.9331960,47.5260828,2025-12-10 23:26:40.000,_20251210_152244_CH04_TMO_5GNR_WFC-MO_REF-1_TC151-1.dml,,594,-106.500000,,,,,,,NR SA,,,,,,,,,,,,,,,,
249,1,,,-121.9331960,47.5260828,2025-12-10 23:26:41.000,_20251210_152244_CH04_TMO_5GNR_WFC-MO_REF-1_TC151-1.dml,,594,-106.500000,,,,,,,NR SA,,,,,,,,,,,,,,,,
250,1,,,-121.9331960,47.5260828,2025-12-10 23:26:42.000,_20251210_152244_CH04_TMO_5GNR_WFC-MO_REF-1_TC151-1.dml,,,,,,,,,,NR SA,,,,,,,,,,,,,,,,
251,1,,,-121.9331960,47.5260828,2025-12-10 23:26:43.000,_20251210_152244_CH04_TMO_5GNR_WFC-MO_REF-1_TC151-1.dml,,594,-105.850000,,,,,,,NR SA,,,,,,,,,,,,,,,,
252,1,,,-121.9331960,47.5260828,2025-12-10 23:26:44.000,_20251210_152244_CH04_TMO_5GNR_WFC-MO_REF-1_TC151-1.dml,,594,-105.850000,,,,,,,NR SA,,,,,,,,,,,,,,,,
253,1,,,-121.9331960,47.5260828,2025-12-10 23:26:45.000,_20251210_152244_CH04_TMO_5GNR_WFC-MO_REF-1_TC151-1.dml,,594,-105.850000,,,,,,,NR SA,,,,,,,,,,,,,,,,
254,1,,,-121.9331960,47.5260828,2025-12-10 23:26:46.000,_20251210_152244_CH04_TMO_5GNR_WFC-MO_REF-1_TC151-1.dml,,594,-101.990000,,,,,,,NR SA,,,,,,,,,,,,,,,,
255,1,,,-121.9331960,47.5260828,2025-12-10 23:26:47.000,_20251210_152244_CH04_TMO_5GNR_WFC-MO_REF-1_TC151-1.dml,,,,,,,,,,NR SA,,,,,,,,,,,,,,,,
256,1,,,-121.9331960,47.5260828,2025-12-10 23:26:48.000,_20251210_152244_CH04_TMO_5GNR_WFC-MO_REF-1_TC151-1.dml,,,,,,,,,,NR SA,,,,,,,,,,,,,,,,
257,1,,,-121.9331960,47.5260828,2025-12-10 23:26:48.764,_20251210_152244_CH04_TMO_5GNR_WFC-MO_REF-1_TC151-1.dml,,,,,,,,,,,,,,,,,,,,,[Tool] Voice - Release Call Request,,,,,
258,1,,,-121.9331960,47.5260828,2025-12-10 23:26:49.000,_20251210_152244_CH04_TMO_5GNR_WFC-MO_REF-1_TC151-1.dml,,,,,,,,,,NR SA,,,,,,,,,,,,,,,,
259,1,,,-121.9331960,47.5260828,2025-12-10 23:26:49.279,_20251210_152244_CH04_TMO_5GNR_WFC-MO_REF-1_TC151-1.dml,,,,,,,,,,,,,,,,,,,,Complete,[Tool] Voice - Call Result : Complete,,,,,
260,1,,,-121.9331960,47.5260828,2025-12-10 23:26:49.279,_20251210_152244_CH04_TMO_5GNR_WFC-MO_REF-1_TC151-1.dml,,,,,,,,,,,,,,,,,,,,,[UE]   Voice - Release Call Success,,,,,
261,1,,,-121.9331960,47.5260828,2025-12-10 23:26:50.000,_20251210_152244_CH04_TMO_5GNR_WFC-MO_REF-1_TC151-1.dml,,594,-103.250000,,,,,,,,,,,,,,,,,,,1,,,,
262,1,,,-121.9331960,47.5260828,2025-12-10 23:26:50.279,_20251210_152244_CH04_TMO_5GNR_WFC-MO_REF-1_TC151-1.dml,,,,,,,,,,,,,,,,,,,,,[UE]   Voice - Release Call Success,,,,,
263,1,,,-121.9331960,47.5260828,2025-12-10 23:26:51.000,_20251210_152244_CH04_TMO_5GNR_WFC-MO_REF-1_TC151-1.dml,,594,-103.250000,,,,,,,,,,,,,,,,,,,,,,,
264,1,,,-121.9331960,47.5260828,2025-12-10 23:26:52.000,_20251210_152244_CH04_TMO_5GNR_WFC-MO_REF-1_TC151-1.dml,,,,,,,,,,,,,,,,,,,,,,,,,,
265,1,,,-121.9331960,47.5260828,2025-12-10 23:26:53.000,_20251210_152244_CH04_TMO_5GNR_WFC-MO_REF-1_TC151-1.dml,,594,-103.250000,,,,,,,,,,,,,,,,,,,,,,,
266,1,,,-121.9331960,47.5260828,2025-12-10 23:26:54.000,_20251210_152244_CH04_TMO_5GNR_WFC-MO_REF-1_TC151-1.dml,,594,-109.910000,,,,,,,,,,,,,,,,,,,,,,,
267,1,,,-121.9331960,47.5260828,2025-12-10 23:26:55.000,_20251210_152244_CH04_TMO_5GNR_WFC-MO_REF-1_TC151-1.dml,,594,-109.910000,,,,,,,,,,,,,,,,,,,,,,,
268,1,,,-121.9331960,47.5260828,2025-12-10 23:26:56.000,_20251210_152244_CH04_TMO_5GNR_WFC-MO_REF-1_TC151-1.dml,,,,,,,,,,,,,,,,,,,,,,,,,,
269,1,,,-121.9331960,47.5260828,2025-12-10 23:26:57.000,_20251210_152244_CH04_TMO_5GNR_WFC-MO_REF-1_TC151-1.dml,,594,-109.910000,,,,,,,,,,,,,,,,,,,,,,,
270,1,,,-121.9331960,47.5260828,2025-12-10 23:26:58.000,_20251210_152244_CH04_TMO_5GNR_WFC-MO_REF-1_TC151-1.dml,,594,-108.020000,,,,,,,,,,,,,,,,,,,,,,,
271,1,,,-121.9331960,47.5260828,2025-12-10 23:26:59.000,_20251210_152244_CH04_TMO_5GNR_WFC-MO_REF-1_TC151-1.dml,,594,-108.020000,,,,,,,,,,,,,,,,,,,,,,,
272,1,,,-121.9331960,47.5260828,2025-12-10 23:27:00.000,_20251210_152244_CH04_TMO_5GNR_WFC-MO_REF-1_TC151-1.dml,,594,-108.020000,,,,,,,,,,,,,,,,,,,,,,,
273,1,,,-121.9331960,47.5260828,2025-12-10 23:27:01.000,_20251210_152244_CH04_TMO_5GNR_WFC-MO_REF-1_TC151-1.dml,,,,,,,,,,,,,,,,,,,,,,,,,,
274,1,,,-121.9331960,47.5260828,2025-12-10 23:27:02.000,_20251210_152244_CH04_TMO_5GNR_WFC-MO_REF-1_TC151-1.dml,,594,-109.880000,,,,,,,,,,,,,,,,,,,,,,,
275,1,,,-121.9331960,47.5260828,2025-12-10 23:27:03.000,_20251210_152244_CH04_TMO_5GNR_WFC-MO_REF-1_TC151-1.dml,,594,-109.880000,,,,,,,,,,,,,,,,,,,,,,,
276,1,,,-121.9331960,47.5260828,2025-12-10 23:27:04.000,_20251210_152244_CH04_TMO_5GNR_WFC-MO_REF-1_TC151-1.dml,,594,-109.880000,,,,,,,,,,,,,,,,,,,,,,,
277,1,,,-121.9331960,47.5260828,2025-12-10 23:27:05.000,_20251210_152244_CH04_TMO_5GNR_WFC-MO_REF-1_TC151-1.dml,,,,,,,,,,,,,,,,,,,,,,,,,,
278,1,,,-121.9331960,47.5260828,2025-12-10 23:27:06.000,_20251210_152244_CH04_TMO_5GNR_WFC-MO_REF-1_TC151-1.dml,,594,-109.650000,,,,,,,,,,,,,,,,,,,,,,,
279,1,,,-121.9331960,47.5260828,2025-12-10 23:27:07.000,_20251210_152244_CH04_TMO_5GNR_WFC-MO_REF-1_TC151-1.dml,,594,-107.610000,,,,,,,,,,,,,,,,,,,,,,,
280,1,,,-121.9331960,47.5260828,2025-12-10 23:27:08.000,_20251210_152244_CH04_TMO_5GNR_WFC-MO_REF-1_TC151-1.dml,,594,-111.760000,,,,,,,,,,,,,,,,,,,,,,,
281,1,,,-121.9331960,47.5260828,2025-12-10 23:27:09.000,_20251210_152244_CH04_TMO_5GNR_WFC-MO_REF-1_TC151-1.dml,,594,-109.370000,,,,,,,,,,,,,,,,,,,,,,,
282,1,,,-121.9331960,47.5260828,2025-12-10 23:27:10.000,_20251210_152244_CH04_TMO_5GNR_WFC-MO_REF-1_TC151-1.dml,,,,,,,,,,,,,,,,,,,,,,,,,,
283,1,,,-121.9331960,47.5260828,2025-12-10 23:27:11.000,_20251210_152244_CH04_TMO_5GNR_WFC-MO_REF-1_TC151-1.dml,,594,-104.740000,,,,,,,,,,,,,,,,,,,,,,,
284,1,,,-121.9331960,47.5260828,2025-12-10 23:27:12.000,_20251210_152244_CH04_TMO_5GNR_WFC-MO_REF-1_TC151-1.dml,,594,-104.070000,,,,,,,,,,,,,,,,,,,,,,,
285,1,,,-121.9331960,47.5260828,2025-12-10 23:27:13.000,_20251210_152244_CH04_TMO_5GNR_WFC-MO_REF-1_TC151-1.dml,,594,-105.320000,,,,,,,,,,,,,,,,,,,,,,,
286,1,,,-121.9331960,47.5260828,2025-12-10 23:27:14.000,_20251210_152244_CH04_TMO_5GNR_WFC-MO_REF-1_TC151-1.dml,,,,,,,,,,,,,,,,,,,,,,,,,,
287,1,,,-121.9331960,47.5260828,2025-12-10 23:27:15.000,_20251210_152244_CH04_TMO_5GNR_WFC-MO_REF-1_TC151-1.dml,,594,-106.330000,,,,,,,,,,,,,,,,,,,,,,,
288,1,,,-121.9331960,47.5260828,2025-12-10 23:27:16.000,_20251210_152244_CH04_TMO_5GNR_WFC-MO_REF-1_TC151-1.dml,,594,-106.090000,,,,,,,,,,,,,,,,,,,,,,,
289,1,,,-121.9331960,47.5260828,2025-12-10 23:27:16.904,_20251210_152244_CH04_TMO_5GNR_WFC-MO_REF-1_TC151-1.dml,,,,,,,,,,,,,,,,,,,,,[Tool] Voice - Release Call Request,,,,,
290,1,,,-121.9331960,47.5260828,2025-12-10 23:27:17.000,_20251210_152244_CH04_TMO_5GNR_WFC-MO_REF-1_TC151-1.dml,,594,-107.420000,,,,,,,,,,,,,,,,,,,,,,,
291,1,,,-121.9331960,47.5260828,2025-12-10 23:27:18.000,_20251210_152244_CH04_TMO_5GNR_WFC-MO_REF-1_TC151-1.dml,,594,-111.260000,,,,,,,,,,,,,,,,,,,,,,,
292,1,,,-121.9331960,47.5260828,2025-12-10 23:27:19.000,_20251210_152244_CH04_TMO_5GNR_WFC-MO_REF-1_TC151-1.dml,,,,,,,,,,,,,,,,,,,,,,,,,,
293,1,,,-121.9331960,47.5260828,2025-12-10 23:27:19.435,_20251210_152244_CH04_TMO_5GNR_WFC-MO_REF-1_TC151-1.dml,,,,,,,,,,,,,,,,,,,,,[Tool] Voice - Call Scheduling End,,,,,
294,1,,,-121.9331960,47.5260828,2025-12-10 23:27:19.435,_20251210_152244_CH04_TMO_5GNR_WFC-MO_REF-1_TC151-1.dml,,,,,,Origination,,Complete,,,,,,,,,EPSFB,Voice,Complete,,,,,,,90.453000
295,1,,,-121.9331960,47.5260828,2025-12-10 23:27:19.435,_20251210_152244_CH04_TMO_5GNR_WFC-MO_REF-1_TC151-1.dml,,,,,,,,,,,,,,,,,,,,,[Tool] Voice - Release Call Request,,,,,
296,1,,,-121.9331960,47.5260828,2025-12-10 23:27:20.000,_20251210_152244_CH04_TMO_5GNR_WFC-MO_REF-1_TC151-1.dml,,594,-106.520000,,,,,,,,,,,,,,,,,,,,,,,
297,1,,,-121.9331960,47.5260828,2025-12-10 23:27:21.000,_20251210_152244_CH04_TMO_5GNR_WFC-MO_REF-1_TC151-1.dml,,594,-106.120000,,,,,,,,,,,,,,,,,,,,,,,
298,1,,,-121.9331960,47.5260828,2025-12-10 23:27:22.000,_20251210_152244_CH04_TMO_5GNR_WFC-MO_REF-1_TC151-1.dml,,594,-108.820000,,,,,,,,,,,,,,,,,,,,,,,
299,1,,,-121.9331960,47.5260828,2025-12-10 23:27:23.000,_20251210_152244_CH04_TMO_5GNR_WFC-MO_REF-1_TC151-1.dml,,594,-108.940000,,,,,,,,,,,,,,,,,,,,,,,
300,1,,,-121.9331960,47.5260828,2025-12-10 23:27:24.000,_20251210_152244_CH04_TMO_5GNR_WFC-MO_REF-1_TC151-1.dml,,,,,,,,,,,,,,,,,,,,,,,,,,
301,1,,,-121.9331960,47.5260828,2025-12-10 23:27:24.999,_20251210_152244_CH04_TMO_5GNR_WFC-MO_REF-1_TC151-1.dml,,,,,,,,,,,,,,,,,,,,,[Tool] Voice - Call Scheduling Start(Orig),,,,,
302,1,,,-121.9331960,47.5260828,2025-12-10 23:27:24.999,_20251210_152244_CH04_TMO_5GNR_WFC-MO_REF-1_TC151-1.dml,,,,,,,,,,,,,,,,,,,,,[UE]   Voice - Orig Success,,,,,
303,1,,,-121.9331960,47.5260828,2025-12-10 23:27:25.014,_20251210_152244_CH04_TMO_5GNR_WFC-MO_REF-1_TC151-1.dml,,,,,,,,,,,,,,,,,,,,,[Tool] Voice - Orig Request,,,,,
304,1,,,-121.9331960,47.5260828,2025-12-10 23:27:25.000,_20251210_152244_CH04_TMO_5GNR_WFC-MO_REF-1_TC151-1.dml,,594,-106.640000,,,,,,,,,,,,,,,,,,,,,,,
305,1,,,-121.9331960,47.5260828,2025-12-10 23:27:26.000,_20251210_152244_CH04_TMO_5GNR_WFC-MO_REF-1_TC151-1.dml,,594,-106.390000,,,,,,,,,,,,,,,,,,,,,,,
306,1,,,-121.9331960,47.5260828,2025-12-10 23:27:27.000,_20251210_152244_CH04_TMO_5GNR_WFC-MO_REF-1_TC151-1.dml,,594,-107.280000,,,,,,,,,,,,,,,,,,,,,,,
307,1,,,-121.9331960,47.5260828,2025-12-10 23:27:28.000,_20251210_152244_CH04_TMO_5GNR_WFC-MO_REF-1_TC151-1.dml,,,,,,,,,,,,,,,,,,,,,,,,,,
308,1,,,-121.9331960,47.5260828,2025-12-10 23:27:29.000,_20251210_152244_CH04_TMO_5GNR_WFC-MO_REF-1_TC151-1.dml,,594,-108.310000,,,,,,,,,,,,,,,,,,,,,,,
309,1,,,-121.9331960,47.5260828,2025-12-10 23:27:30.000,_20251210_152244_CH04_TMO_5GNR_WFC-MO_REF-1_TC151-1.dml,,594,-109.680000,,,,,,,,,,,,,,,,,,,,,,,
310,1,,,-121.9331960,47.5260828,2025-12-10 23:27:31.000,_20251210_152244_CH04_TMO_5GNR_WFC-MO_REF-1_TC151-1.dml,,594,-104.490000,,,,,,,,,,,,,,,,,,,,,,,
311,1,,,-121.9331960,47.5260828,2025-12-10 23:27:32.000,_20251210_152244_CH04_TMO_5GNR_WFC-MO_REF-1_TC151-1.dml,,,,,,,,,,,,,,,,,,,,,,,,,,
312,1,,,-121.9331960,47.5260828,2025-12-10 23:27:33.000,_20251210_152244_CH04_TMO_5GNR_WFC-MO_REF-1_TC151-1.dml,,594,-104.080000,,,,,,,,,,,,,,,,,,,,,,,
313,1,,,-121.9331960,47.5260828,2025-12-10 23:27:34.000,_20251210_152244_CH04_TMO_5GNR_WFC-MO_REF-1_TC151-1.dml,,594,-101.950000,,,,,,,,,,,,,,,,,,,,,,,
314,1,,,-121.9331960,47.5260828,2025-12-10 23:27:34.576,_20251210_152244_CH04_TMO_5GNR_WFC-MO_REF-1_TC151-1.dml,,,,,,,,,,,,,,,,,,,,,[UE]   Voice - Setup Success,,,,,
315,1,,,-121.9331960,47.5260828,2025-12-10 23:27:35.000,_20251210_152244_CH04_TMO_5GNR_WFC-MO_REF-1_TC151-1.dml,,594,-101.550000,,,,,,,NR SA,,,,,,,,,,,,,,,,
316,1,,,-121.9331960,47.5260828,2025-12-10 23:27:36.000,_20251210_152244_CH04_TMO_5GNR_WFC-MO_REF-1_TC151-1.dml,,594,-102.310000,,,,,,,NR SA,,,,,,,,,,,,,,,,
317,1,,,-121.9331960,47.5260828,2025-12-10 23:27:37.000,_20251210_152244_CH04_TMO_5GNR_WFC-MO_REF-1_TC151-1.dml,,,,,,,,,,NR SA,,,,,,,,,,,,,,,,
318,1,,,-121.9331960,47.5260828,2025-12-10 23:27:38.000,_20251210_152244_CH04_TMO_5GNR_WFC-MO_REF-1_TC151-1.dml,,594,-118.970000,,,,,,,NR SA,,,,,,,,,,,,,,,,
319,1,,,-121.9331960,47.5260828,2025-12-10 23:27:39.000,_20251210_152244_CH04_TMO_5GNR_WFC-MO_REF-1_TC151-1.dml,,594,-106.570000,,,,,,,NR SA,,,,,,,,,,,,,,,,
320,1,,,-121.9331960,47.5260828,2025-12-10 23:27:40.000,_20251210_152244_CH04_TMO_5GNR_WFC-MO_REF-1_TC151-1.dml,,594,-107.030000,,,,,,,NR SA,,,,,,,,,,,,,,,,
321,1,,,-121.9331960,47.5260828,2025-12-10 23:27:41.000,_20251210_152244_CH04_TMO_5GNR_WFC-MO_REF-1_TC151-1.dml,,594,-108.560000,,,,,,,NR SA,,,,,,,,,,,,,,,,
322,1,,,-121.9331960,47.5260828,2025-12-10 23:27:42.000,_20251210_152244_CH04_TMO_5GNR_WFC-MO_REF-1_TC151-1.dml,,,,,,,,,,NR SA,,,,,,,,,,,,,,,,
323,1,,,-121.9331960,47.5260828,2025-12-10 23:27:43.000,_20251210_152244_CH04_TMO_5GNR_WFC-MO_REF-1_TC151-1.dml,,594,-111.320000,,,,,,,NR SA,,,,,,,,,,,,,,,,
324,1,,,-121.9331960,47.5260828,2025-12-10 23:27:44.000,_20251210_152244_CH04_TMO_5GNR_WFC-MO_REF-1_TC151-1.dml,,594,-108.940000,,,,,,,NR SA,,,,,,,,,,,,,,,,
325,1,,,-121.9331960,47.5260828,2025-12-10 23:27:45.000,_20251210_152244_CH04_TMO_5GNR_WFC-MO_REF-1_TC151-1.dml,,594,-108.940000,,,,,,,NR SA,,,,,,,,,,,,,,,,
326,1,,,-121.9331960,47.5260828,2025-12-10 23:27:46.000,_20251210_152244_CH04_TMO_5GNR_WFC-MO_REF-1_TC151-1.dml,,,,,,,,,,NR SA,,,,,,,,,,,,,,,,
327,1,,,-121.9331960,47.5260828,2025-12-10 23:27:47.000,_20251210_152244_CH04_TMO_5GNR_WFC-MO_REF-1_TC151-1.dml,,594,-105.550000,,,,,,,NR SA,,,,,,,,,,,,,,,,
328,1,,,-121.9331960,47.5260828,2025-12-10 23:27:48.000,_20251210_152244_CH04_TMO_5GNR_WFC-MO_REF-1_TC151-1.dml,,594,-104.590000,,,,,,,NR SA,,,,,,,,,,,,,,,,
329,1,,,-121.9331960,47.5260828,2025-12-10 23:27:49.000,_20251210_152244_CH04_TMO_5GNR_WFC-MO_REF-1_TC151-1.dml,,594,-106.110000,,,,,,,NR SA,,,,,,,,,,,,,,,,
330,1,,,-121.9331960,47.5260828,2025-12-10 23:27:50.000,_20251210_152244_CH04_TMO_5GNR_WFC-MO_REF-1_TC151-1.dml,,594,-106.080000,,,,,,,NR SA,,,,,,,,,,,,,,,,
331,1,,,-121.9331960,47.5260828,2025-12-10 23:27:51.000,_20251210_152244_CH04_TMO_5GNR_WFC-MO_REF-1_TC151-1.dml,,,,,,,,,,NR SA,,,,,,,,,,,,,,,,
332,1,,,-121.9331960,47.5260828,2025-12-10 23:27:52.000,_20251210_152244_CH04_TMO_5GNR_WFC-MO_REF-1_TC151-1.dml,,594,-105.310000,,,,,,,NR SA,,,,,,,,,,,,,,,,
333,1,,,-121.9331960,47.5260828,2025-12-10 23:27:53.000,_20251210_152244_CH04_TMO_5GNR_WFC-MO_REF-1_TC151-1.dml,,594,-104.220000,,,,,,,NR SA,,,,,,,,,,,,,,,,
334,1,,,-121.9331960,47.5260828,2025-12-10 23:27:54.000,_20251210_152244_CH04_TMO_5GNR_WFC-MO_REF-1_TC151-1.dml,,594,-104.220000,,,,,,,NR SA,,,,,,,,,,,,,,,,
335,1,,,-121.9331960,47.5260828,2025-12-10 23:27:55.000,_20251210_152244_CH04_TMO_5GNR_WFC-MO_REF-1_TC151-1.dml,,594,-106.650000,,,,,,,NR SA,,,,,,,,,,,,,,,,
336,1,,,-121.9331960,47.5260828,2025-12-10 23:27:56.000,_20251210_152244_CH04_TMO_5GNR_WFC-MO_REF-1_TC151-1.dml,,,,,,,,,,NR SA,,,,,,,,,,,,,,,,
337,1,,,-121.9331960,47.5260828,2025-12-10 23:27:57.000,_20251210_152244_CH04_TMO_5GNR_WFC-MO_REF-1_TC151-1.dml,,594,-107.930000,,,,,,,NR SA,,,,,,,,,,,,,,,,
338,1,,,-121.9331960,47.5260828,2025-12-10 23:27:58.000,_20251210_152244_CH04_TMO_5GNR_WFC-MO_REF-1_TC151-1.dml,,594,-109.040000,,,,,,,NR SA,,,,,,,,,,,,,,,,
339,1,,,-121.9331960,47.5260828,2025-12-10 23:27:59.000,_20251210_152244_CH04_TMO_5GNR_WFC-MO_REF-1_TC151-1.dml,,594,-111.220000,,,,,,,NR SA,,,,,,,,,,,,,,,,
340,1,,,-121.9331960,47.5260828,2025-12-10 23:28:00.000,_20251210_152244_CH04_TMO_5GNR_WFC-MO_REF-1_TC151-1.dml,,,,,,,,,,NR SA,,,,,,,,,,,,,,,,
341,1,,,-121.9331960,47.5260828,2025-12-10 23:28:01.000,_20251210_152244_CH04_TMO_5GNR_WFC-MO_REF-1_TC151-1.dml,,594,-105.940000,,,,,,,NR SA,,,,,,,,,,,,,,,,
342,1,,,-121.9331960,47.5260828,2025-12-10 23:28:02.000,_20251210_152244_CH04_TMO_5GNR_WFC-MO_REF-1_TC151-1.dml,,594,-105.130000,,,,,,,NR SA,,,,,,,,,,,,,,,,
343,1,,,-121.9331960,47.5260828,2025-12-10 23:28:03.000,_20251210_152244_CH04_TMO_5GNR_WFC-MO_REF-1_TC151-1.dml,,594,-107.220000,,,,,,,NR SA,,,,,,,,,,,,,,,,
344,1,,,-121.9331960,47.5260828,2025-12-10 23:28:04.000,_20251210_152244_CH04_TMO_5GNR_WFC-MO_REF-1_TC151-1.dml,,594,-107.120000,,,,,,,NR SA,,,,,,,,,,,,,,,,
345,1,,,-121.9331960,47.5260828,2025-12-10 23:28:05.000,_20251210_152244_CH04_TMO_5GNR_WFC-MO_REF-1_TC151-1.dml,,,,,,,,,,NR SA,,,,,,,,,,,,,,,,
346,1,,,-121.9331960,47.5260828,2025-12-10 23:28:06.000,_20251210_152244_CH04_TMO_5GNR_WFC-MO_REF-1_TC151-1.dml,,594,-107.540000,,,,,,,NR SA,,,,,,,,,,,,,,,,
347,1,,,-121.9331960,47.5260828,2025-12-10 23:28:07.000,_20251210_152244_CH04_TMO_5GNR_WFC-MO_REF-1_TC151-1.dml,,594,-108.280000,,,,,,,NR SA,,,,,,,,,,,,,,,,
348,1,,,-121.9331960,47.5260828,2025-12-10 23:28:08.000,_20251210_152244_CH04_TMO_5GNR_WFC-MO_REF-1_TC151-1.dml,,594,-106.770000,,,,,,,NR SA,,,,,,,,,,,,,,,,
349,1,,,-121.9331960,47.5260828,2025-12-10 23:28:09.000,_20251210_152244_CH04_TMO_5GNR_WFC-MO_REF-1_TC151-1.dml,,,,,,,,,,NR SA,,,,,,,,,,,,,,,,
350,1,,,-121.9331960,47.5260828,2025-12-10 23:28:10.044,_20251210_152244_CH04_TMO_5GNR_WFC-MO_REF-1_TC151-1.dml,,,,,,,,,,,,,,,,,,,,,[UE]   Voice - Setup Fail,,,,,
351,1,,,-121.9331960,47.5260828,2025-12-10 23:28:10.000,_20251210_152244_CH04_TMO_5GNR_WFC-MO_REF-1_TC151-1.dml,,594,-107.970000,,,,,,,NR SA,,,,,,,,,,,,,,,,
352,1,,,-121.9331960,47.5260828,2025-12-10 23:28:10.544,_20251210_152244_CH04_TMO_5GNR_WFC-MO_REF-1_TC151-1.dml,,,,,,,,,,,,,,,,,,,,Orig. Fail,[Tool] Voice - Call Result : Orig. Fail,,,,,
353,1,,,-121.9331960,47.5260828,2025-12-10 23:28:10.544,_20251210_152244_CH04_TMO_5GNR_WFC-MO_REF-1_TC151-1.dml,,,,,,,,,,,,,,,,,,,,,[Tool] Voice - Release Call Request,,,,,
354,1,,,-121.9331960,47.5260828,2025-12-10 23:28:11.000,_20251210_152244_CH04_TMO_5GNR_WFC-MO_REF-1_TC151-1.dml,,594,-108.170000,,,,,,,NR SA,,,,,,,,,,,,,1,,,
355,1,,,-121.9331960,47.5260828,2025-12-10 23:28:12.185,_20251210_152244_CH04_TMO_5GNR_WFC-MO_REF-1_TC151-1.dml,,,,,,,,,,,,,,,,,,,,,[UE]   Voice - Release Call Success,,,,,
356,1,,,-121.9331960,47.5260828,2025-12-10 23:28:12.000,_20251210_152244_CH04_TMO_5GNR_WFC-MO_REF-1_TC151-1.dml,,594,-107.880000,,,,,,,,,,,,,,,,,,,,,,,
357,1,,,-121.9331960,47.5260828,2025-12-10 23:28:13.000,_20251210_152244_CH04_TMO_5GNR_WFC-MO_REF-1_TC151-1.dml,,594,-110.780000,,,,,,,,,,,,,,,,,,,,,,,
358,1,,,-121.9331960,47.5260828,2025-12-10 23:28:14.000,_20251210_152244_CH04_TMO_5GNR_WFC-MO_REF-1_TC151-1.dml,,,,,,,,,,,,,,,,,,,,,,,,,,
359,1,,,-121.9331960,47.5260828,2025-12-10 23:28:15.000,_20251210_152244_CH04_TMO_5GNR_WFC-MO_REF-1_TC151-1.dml,,594,-108.980000,,,,,,,,,,,,,,,,,,,,,,,
360,1,,,-121.9331960,47.5260828,2025-12-10 23:28:16.000,_20251210_152244_CH04_TMO_5GNR_WFC-MO_REF-1_TC151-1.dml,,594,-107.830000,,,,,,,,,,,,,,,,,,,,,,,
361,1,,,-121.9331960,47.5260828,2025-12-10 23:28:17.000,_20251210_152244_CH04_TMO_5GNR_WFC-MO_REF-1_TC151-1.dml,,594,-107.590000,,,,,,,,,,,,,,,,,,,,,,,
362,1,,,-121.9331960,47.5260828,2025-12-10 23:28:18.000,_20251210_152244_CH04_TMO_5GNR_WFC-MO_REF-1_TC151-1.dml,,,,,,,,,,,,,,,,,,,,,,,,,,
363,1,,,-121.9331960,47.5260828,2025-12-10 23:28:19.000,_20251210_152244_CH04_TMO_5GNR_WFC-MO_REF-1_TC151-1.dml,,594,-109.840000,,,,,,,,,,,,,,,,,,,,,,,
364,1,,,-121.9331960,47.5260828,2025-12-10 23:28:20.000,_20251210_152244_CH04_TMO_5GNR_WFC-MO_REF-1_TC151-1.dml,,594,-112.420000,,,,,,,,,,,,,,,,,,,,,,,
365,1,,,-121.9331960,47.5260828,2025-12-10 23:28:21.000,_20251210_152244_CH04_TMO_5GNR_WFC-MO_REF-1_TC151-1.dml,,594,-107.860000,,,,,,,,,,,,,,,,,,,,,,,
366,1,,,-121.9331960,47.5260828,2025-12-10 23:28:22.000,_20251210_152244_CH04_TMO_5GNR_WFC-MO_REF-1_TC151-1.dml,,594,-107.050000,,,,,,,,,,,,,,,,,,,,,,,
367,1,,,-121.9331960,47.5260828,2025-12-10 23:28:23.000,_20251210_152244_CH04_TMO_5GNR_WFC-MO_REF-1_TC151-1.dml,,,,,,,,,,,,,,,,,,,,,,,,,,
368,1,,,-121.9331960,47.5260828,2025-12-10 23:28:24.000,_20251210_152244_CH04_TMO_5GNR_WFC-MO_REF-1_TC151-1.dml,,594,-108.950000,,,,,,,,,,,,,,,,,,,,,,,
369,1,,,-121.9331960,47.5260828,2025-12-10 23:28:25.000,_20251210_152244_CH04_TMO_5GNR_WFC-MO_REF-1_TC151-1.dml,,594,-108.650000,,,,,,,,,,,,,,,,,,,,,,,
370,1,,,-121.9331960,47.5260828,2025-12-10 23:28:26.000,_20251210_152244_CH04_TMO_5GNR_WFC-MO_REF-1_TC151-1.dml,,594,-107.320000,,,,,,,,,,,,,,,,,,,,,,,
371,1,,,-121.9331960,47.5260828,2025-12-10 23:28:27.000,_20251210_152244_CH04_TMO_5GNR_WFC-MO_REF-1_TC151-1.dml,,594,-109.340000,,,,,,,,,,,,,,,,,,,,,,,
372,1,,,-121.9331960,47.5260828,2025-12-10 23:28:28.000,_20251210_152244_CH04_TMO_5GNR_WFC-MO_REF-1_TC151-1.dml,,,,,,,,,,,,,,,,,,,,,,,,,,
373,1,,,-121.9331960,47.5260828,2025-12-10 23:28:29.000,_20251210_152244_CH04_TMO_5GNR_WFC-MO_REF-1_TC151-1.dml,,594,-106.380000,,,,,,,,,,,,,,,,,,,,,,,
374,1,,,-121.9331960,47.5260828,2025-12-10 23:28:30.000,_20251210_152244_CH04_TMO_5GNR_WFC-MO_REF-1_TC151-1.dml,,594,-104.790000,,,,,,,,,,,,,,,,,,,,,,,
375,1,,,-121.9331960,47.5260828,2025-12-10 23:28:31.000,_20251210_152244_CH04_TMO_5GNR_WFC-MO_REF-1_TC151-1.dml,,594,-106.080000,,,,,,,,,,,,,,,,,,,,,,,
376,1,,,-121.9331960,47.5260828,2025-12-10 23:28:32.000,_20251210_152244_CH04_TMO_5GNR_WFC-MO_REF-1_TC151-1.dml,,,,,,,,,,,,,,,,,,,,,,,,,,
377,1,,,-121.9331960,47.5260828,2025-12-10 23:28:33.000,_20251210_152244_CH04_TMO_5GNR_WFC-MO_REF-1_TC151-1.dml,,594,-105.840000,,,,,,,,,,,,,,,,,,,,,,,
378,1,,,-121.9331960,47.5260828,2025-12-10 23:28:34.000,_20251210_152244_CH04_TMO_5GNR_WFC-MO_REF-1_TC151-1.dml,,594,-102.380000,,,,,,,,,,,,,,,,,,,,,,,
379,1,,,-121.9331960,47.5260828,2025-12-10 23:28:35.000,_20251210_152244_CH04_TMO_5GNR_WFC-MO_REF-1_TC151-1.dml,,594,-102.710000,,,,,,,,,,,,,,,,,,,,,,,
380,1,,,-121.9331960,47.5260828,2025-12-10 23:28:36.000,_20251210_152244_CH04_TMO_5GNR_WFC-MO_REF-1_TC151-1.dml,,594,-107.860000,,,,,,,,,,,,,,,,,,,,,,,
381,1,,,-121.9331960,47.5260828,2025-12-10 23:28:37.000,_20251210_152244_CH04_TMO_5GNR_WFC-MO_REF-1_TC151-1.dml,,,,,,,,,,,,,,,,,,,,,,,,,,
382,1,,,-121.9331960,47.5260828,2025-12-10 23:28:38.076,_20251210_152244_CH04_TMO_5GNR_WFC-MO_REF-1_TC151-1.dml,,,,,,,,,,,,,,,,,,,,,[Tool] Voice - Release Call Request,,,,,
383,1,,,-121.9331960,47.5260828,2025-12-10 23:28:38.000,_20251210_152244_CH04_TMO_5GNR_WFC-MO_REF-1_TC151-1.dml,,594,-105.800000,,,,,,,,,,,,,,,,,,,,,,,
384,1,,,-121.9331960,47.5260828,2025-12-10 23:28:39.000,_20251210_152244_CH04_TMO_5GNR_WFC-MO_REF-1_TC151-1.dml,,594,-106.530000,,,,,,,,,,,,,,,,,,,,,,,
385,1,,,-121.9331960,47.5260828,2025-12-10 23:28:40.608,_20251210_152244_CH04_TMO_5GNR_WFC-MO_REF-1_TC151-1.dml,,,,,,,,,,,,,,,,,,,,,[Tool] Voice - Call Scheduling End,,,,,
386,1,,,-121.9331960,47.5260828,2025-12-10 23:28:40.608,_20251210_152244_CH04_TMO_5GNR_WFC-MO_REF-1_TC151-1.dml,,,,,,Origination,,O_Fail (Unknown),,,,,,,,,VoNR,Voice,Orig. Fail,,,,,,,
387,1,,,-121.9331960,47.5260828,2025-12-10 23:28:40.608,_20251210_152244_CH04_TMO_5GNR_WFC-MO_REF-1_TC151-1.dml,,,,,,,,,,,,,,,,,,,,,[Tool] Voice - Release Call Request,,,,,
388,1,,,-121.9331960,47.5260828,2025-12-10 23:28:40.000,_20251210_152244_CH04_TMO_5GNR_WFC-MO_REF-1_TC151-1.dml,,594,-110.800000,,,,,,,,,,,,,,,,,,,,,,,
389,1,,,-121.9331960,47.5260828,2025-12-10 23:28:41.000,_20251210_152244_CH04_TMO_5GNR_WFC-MO_REF-1_TC151-1.dml,,,,,,,,,,,,,,,,,,,,,,,,,,
390,1,,,-121.9331960,47.5260828,2025-12-10 23:28:42.000,_20251210_152244_CH04_TMO_5GNR_WFC-MO_REF-1_TC151-1.dml,,594,-109.700000,,,,,,,,,,,,,,,,,,,,,,,
391,1,,,-121.9331960,47.5260828,2025-12-10 23:28:43.000,_20251210_152244_CH04_TMO_5GNR_WFC-MO_REF-1_TC151-1.dml,,594,-106.420000,,,,,,,,,,,,,,,,,,,,,,,
392,1,,,-121.9331960,47.5260828,2025-12-10 23:28:44.000,_20251210_152244_CH04_TMO_5GNR_WFC-MO_REF-1_TC151-1.dml,,594,-105.380000,,,,,,,,,,,,,,,,,,,,,,,
393,1,,,-121.9331960,47.5260828,2025-12-10 23:28:45.000,_20251210_152244_CH04_TMO_5GNR_WFC-MO_REF-1_TC151-1.dml,,594,-106.390000,,,,,,,,,,,,,,,,,,,,,,,
394,1,,,-121.9331960,47.5260828,2025-12-10 23:28:46.201,_20251210_152244_CH04_TMO_5GNR_WFC-MO_REF-1_TC151-1.dml,,,,,,,,,,,,,,,,,,,,,[Tool] Voice - Call Scheduling Start(Orig),,,,,
395,1,,,-121.9331960,47.5260828,2025-12-10 23:28:46.201,_20251210_152244_CH04_TMO_5GNR_WFC-MO_REF-1_TC151-1.dml,,,,,,,,,,,,,,,,,,,,,[UE]   Voice - Orig Success,,,,,
396,1,,,-121.9331960,47.5260828,2025-12-10 23:28:46.216,_20251210_152244_CH04_TMO_5GNR_WFC-MO_REF-1_TC151-1.dml,,,,,,,,,,,,,,,,,,,,,[Tool] Voice - Orig Request,,,,,
397,1,,,-121.9331960,47.5260828,2025-12-10 23:28:46.000,_20251210_152244_CH04_TMO_5GNR_WFC-MO_REF-1_TC151-1.dml,,,,,,,,,,,,,,,,,,,,,,,,,,
398,1,,,-121.9331960,47.5260828,2025-12-10 23:28:47.000,_20251210_152244_CH04_TMO_5GNR_WFC-MO_REF-1_TC151-1.dml,,594,-105.800000,,,,,,,,,,,,,,,,,,,,,,,
399,1,,,-121.9331960,47.5260828,2025-12-10 23:28:48.000,_20251210_152244_CH04_TMO_5GNR_WFC-MO_REF-1_TC151-1.dml,,594,-107.180000,,,,,,,,,,,,,,,,,,,,,,,
400,1,,,-121.9331960,47.5260828,2025-12-10 23:28:49.000,_20251210_152244_CH04_TMO_5GNR_WFC-MO_REF-1_TC151-1.dml,,594,-106.560000,,,,,,,,,,,,,,,,,,,,,,,
401,1,,,-121.9331960,47.5260828,2025-12-10 23:28:50.000,_20251210_152244_CH04_TMO_5GNR_WFC-MO_REF-1_TC151-1.dml,,,,,,,,,,,,,,,,,,,,,,,,,,
402,1,,,-121.9331960,47.5260828,2025-12-10 23:28:51.000,_20251210_152244_CH04_TMO_5GNR_WFC-MO_REF-1_TC151-1.dml,,594,-105.410000,,,,,,,,,,,,,,,,,,,,,,,
403,1,,,-121.9331960,47.5260828,2025-12-10 23:28:51.419,_20251210_152244_CH04_TMO_5GNR_WFC-MO_REF-1_TC151-1.dml,,,,,,,,,,,,,,,,,,,,,[UE]   Voice - Setup Success,,,,,
404,1,,,-121.9331960,47.5260828,2025-12-10 23:28:52.000,_20251210_152244_CH04_TMO_5GNR_WFC-MO_REF-1_TC151-1.dml,,594,-104.540000,,,,,,,NR SA,,,,,,,,,,,,,,,,
405,1,,,-121.9331960,47.5260828,2025-12-10 23:28:53.000,_20251210_152244_CH04_TMO_5GNR_WFC-MO_REF-1_TC151-1.dml,,594,-102.710000,,,,,,,NR SA,,,,,,,,,,,,,,,,
406,1,,,-121.9331960,47.5260828,2025-12-10 23:28:54.000,_20251210_152244_CH04_TMO_5GNR_WFC-MO_REF-1_TC151-1.dml,,594,-102.350000,,,,,,,NR SA,,,,,,,,,,,,,,,,
407,1,,,-121.9331960,47.5260828,2025-12-10 23:28:55.000,_20251210_152244_CH04_TMO_5GNR_WFC-MO_REF-1_TC151-1.dml,,,,,,,,,,NR SA,,,,,,,,,,,,,,,,
408,1,,,-121.9331960,47.5260828,2025-12-10 23:28:56.000,_20251210_152244_CH04_TMO_5GNR_WFC-MO_REF-1_TC151-1.dml,,594,-103.290000,,,,,,,NR SA,,,,,,,,,,,,,,,,
409,1,,,-121.9331960,47.5260828,2025-12-10 23:28:57.000,_20251210_152244_CH04_TMO_5GNR_WFC-MO_REF-1_TC151-1.dml,,594,-105.500000,,,,,,,NR SA,,,,,,,,,,,,,,,,
410,1,,,-121.9331960,47.5260828,2025-12-10 23:28:58.000,_20251210_152244_CH04_TMO_5GNR_WFC-MO_REF-1_TC151-1.dml,,594,-108.530000,,,,,,,NR SA,,,,,,,,,,,,,,,,
411,1,,,-121.9331960,47.5260828,2025-12-10 23:28:59.000,_20251210_152244_CH04_TMO_5GNR_WFC-MO_REF-1_TC151-1.dml,,594,-112.380000,,,,,,,NR SA,,,,,,,,,,,,,,,,
412,1,,,-121.9331960,47.5260828,2025-12-10 23:29:00.000,_20251210_152244_CH04_TMO_5GNR_WFC-MO_REF-1_TC151-1.dml,,,,,,,,,,NR SA,,,,,,,,,,,,,,,,
413,1,,,-121.9331960,47.5260828,2025-12-10 23:29:01.000,_20251210_152244_CH04_TMO_5GNR_WFC-MO_REF-1_TC151-1.dml,,594,-109.960000,,,,,,,NR SA,,,,,,,,,,,,,,,,
414,1,,,-121.9331960,47.5260828,2025-12-10 23:29:02.000,_20251210_152244_CH04_TMO_5GNR_WFC-MO_REF-1_TC151-1.dml,,594,-108.550000,,,,,,,NR SA,,,,,,,,,,,,,,,,
415,1,,,-121.9331960,47.5260828,2025-12-10 23:29:03.000,_20251210_152244_CH04_TMO_5GNR_WFC-MO_REF-1_TC151-1.dml,,594,-107.830000,,,,,,,NR SA,,,,,,,,,,,,,,,,
416,1,,,-121.9331960,47.5260828,2025-12-10 23:29:04.000,_20251210_152244_CH04_TMO_5GNR_WFC-MO_REF-1_TC151-1.dml,,,,,,,,,,NR SA,,,,,,,,,,,,,,,,
417,1,,,-121.9331960,47.5260828,2025-12-10 23:29:05.000,_20251210_152244_CH04_TMO_5GNR_WFC-MO_REF-1_TC151-1.dml,,594,-104.920000,,,,,,,NR SA,,,,,,,,,,,,,,,,
418,1,,,-121.9331960,47.5260828,2025-12-10 23:29:06.000,_20251210_152244_CH04_TMO_5GNR_WFC-MO_REF-1_TC151-1.dml,,594,-103.150000,,,,,,,NR SA,,,,,,,,,,,,,,,,
419,1,,,-121.9331960,47.5260828,2025-12-10 23:29:07.000,_20251210_152244_CH04_TMO_5GNR_WFC-MO_REF-1_TC151-1.dml,,594,-103.550000,,,,,,,NR SA,,,,,,,,,,,,,,,,
420,1,,,-121.9331960,47.5260828,2025-12-10 23:29:08.000,_20251210_152244_CH04_TMO_5GNR_WFC-MO_REF-1_TC151-1.dml,,594,-104.620000,,,,,,,NR SA,,,,,,,,,,,,,,,,
421,1,,,-121.9331960,47.5260828,2025-12-10 23:29:09.000,_20251210_152244_CH04_TMO_5GNR_WFC-MO_REF-1_TC151-1.dml,,,,,,,,,,NR SA,,,,,,,,,,,,,,,,
422,1,,,-121.9331960,47.5260828,2025-12-10 23:29:10.000,_20251210_152244_CH04_TMO_5GNR_WFC-MO_REF-1_TC151-1.dml,,594,-106.460000,,,,,,,NR SA,,,,,,,,,,,,,,,,
423,1,,,-121.9331960,47.5260828,2025-12-10 23:29:11.000,_20251210_152244_CH04_TMO_5GNR_WFC-MO_REF-1_TC151-1.dml,,594,-107.340000,,,,,,,NR SA,,,,,,,,,,,,,,,,
424,1,,,-121.9331960,47.5260828,2025-12-10 23:29:12.000,_20251210_152244_CH04_TMO_5GNR_WFC-MO_REF-1_TC151-1.dml,,594,-106.870000,,,,,,,NR SA,,,,,,,,,,,,,,,,
425,1,,,-121.9331960,47.5260828,2025-12-10 23:29:13.000,_20251210_152244_CH04_TMO_5GNR_WFC-MO_REF-1_TC151-1.dml,,,,,,,,,,NR SA,,,,,,,,,,,,,,,,
426,1,,,-121.9331960,47.5260828,2025-12-10 23:29:14.000,_20251210_152244_CH04_TMO_5GNR_WFC-MO_REF-1_TC151-1.dml,,594,-104.340000,,,,,,,NR SA,,,,,,,,,,,,,,,,
427,1,,,-121.9331960,47.5260828,2025-12-10 23:29:15.000,_20251210_152244_CH04_TMO_5GNR_WFC-MO_REF-1_TC151-1.dml,,594,-104.590000,,,,,,,NR SA,,,,,,,,,,,,,,,,
428,1,,,-121.9331960,47.5260828,2025-12-10 23:29:16.000,_20251210_152244_CH04_TMO_5GNR_WFC-MO_REF-1_TC151-1.dml,,594,-106.640000,,,,,,,NR SA,,,,,,,,,,,,,,,,
429,1,,,-121.9331960,47.5260828,2025-12-10 23:29:17.000,_20251210_152244_CH04_TMO_5GNR_WFC-MO_REF-1_TC151-1.dml,,594,-105.820000,,,,,,,NR SA,,,,,,,,,,,,,,,,
430,1,,,-121.9331960,47.5260828,2025-12-10 23:29:18.000,_20251210_152244_CH04_TMO_5GNR_WFC-MO_REF-1_TC151-1.dml,,,,,,,,,,NR SA,,,,,,,,,,,,,,,,
431,1,,,-121.9331960,47.5260828,2025-12-10 23:29:19.000,_20251210_152244_CH04_TMO_5GNR_WFC-MO_REF-1_TC151-1.dml,,594,-106.970000,,,,,,,NR SA,,,,,,,,,,,,,,,,
432,1,,,-121.9331960,47.5260828,2025-12-10 23:29:20.000,_20251210_152244_CH04_TMO_5GNR_WFC-MO_REF-1_TC151-1.dml,,594,-109.660000,,,,,,,NR SA,,,,,,,,,,,,,,,,
433,1,,,-121.9331960,47.5260828,2025-12-10 23:29:21.000,_20251210_152244_CH04_TMO_5GNR_WFC-MO_REF-1_TC151-1.dml,,594,-109.950000,,,,,,,NR SA,,,,,,,,,,,,,,,,
434,1,,,-121.9331960,47.5260828,2025-12-10 23:29:22.000,_20251210_152244_CH04_TMO_5GNR_WFC-MO_REF-1_TC151-1.dml,,594,-108.610000,,,,,,,NR SA,,,,,,,,,,,,,,,,
435,1,,,-121.9331960,47.5260828,2025-12-10 23:29:23.000,_20251210_152244_CH04_TMO_5GNR_WFC-MO_REF-1_TC151-1.dml,,,,,,,,,,NR SA,,,,,,,,,,,,,,,,
436,1,,,-121.9331960,47.5260828,2025-12-10 23:29:24.000,_20251210_152244_CH04_TMO_5GNR_WFC-MO_REF-1_TC151-1.dml,,594,-110.340000,,,,,,,NR SA,,,,,,,,,,,,,,,,
437,1,,,-121.9331960,47.5260828,2025-12-10 23:29:25.000,_20251210_152244_CH04_TMO_5GNR_WFC-MO_REF-1_TC151-1.dml,,594,-109.930000,,,,,,,NR SA,,,,,,,,,,,,,,,,
438,1,,,-121.9331960,47.5260828,2025-12-10 23:29:26.000,_20251210_152244_CH04_TMO_5GNR_WFC-MO_REF-1_TC151-1.dml,,594,-109.930000,,,,,,,NR SA,,,,,,,,,,,,,,,,
439,1,,,-121.9331960,47.5260828,2025-12-10 23:29:27.000,_20251210_152244_CH04_TMO_5GNR_WFC-MO_REF-1_TC151-1.dml,,,,,,,,,,NR SA,,,,,,,,,,,,,,,,
440,1,,,-121.9331960,47.5260828,2025-12-10 23:29:28.000,_20251210_152244_CH04_TMO_5GNR_WFC-MO_REF-1_TC151-1.dml,,594,-107.540000,,,,,,,NR SA,,,,,,,,,,,,,,,,
441,1,,,-121.9331960,47.5260828,2025-12-10 23:29:29.000,_20251210_152244_CH04_TMO_5GNR_WFC-MO_REF-1_TC151-1.dml,,594,-106.340000,,,,,,,NR SA,,,,,,,,,,,,,,,,
442,1,,,-121.9331960,47.5260828,2025-12-10 23:29:30.000,_20251210_152244_CH04_TMO_5GNR_WFC-MO_REF-1_TC151-1.dml,,594,-109.280000,,,,,,,NR SA,,,,,,,,,,,,,,,,
443,1,,,-121.9331960,47.5260828,2025-12-10 23:29:31.000,_20251210_152244_CH04_TMO_5GNR_WFC-MO_REF-1_TC151-1.dml,,594,-113.730000,,,,,,,NR SA,,,,,,,,,,,,,,,,
444,1,,,-121.9331960,47.5260828,2025-12-10 23:29:32.000,_20251210_152244_CH04_TMO_5GNR_WFC-MO_REF-1_TC151-1.dml,,,,,,,,,,NR SA,,,,,,,,,,,,,,,,
445,1,,,-121.9331960,47.5260828,2025-12-10 23:29:33.000,_20251210_152244_CH04_TMO_5GNR_WFC-MO_REF-1_TC151-1.dml,,594,-112.530000,,,,,,,NR SA,,,,,,,,,,,,,,,,
446,1,,,-121.9331960,47.5260828,2025-12-10 23:29:34.000,_20251210_152244_CH04_TMO_5GNR_WFC-MO_REF-1_TC151-1.dml,,594,-110.360000,,,,,,,NR SA,,,,,,,,,,,,,,,,
447,1,,,-121.9331960,47.5260828,2025-12-10 23:29:35.000,_20251210_152244_CH04_TMO_5GNR_WFC-MO_REF-1_TC151-1.dml,,594,-106.440000,,,,,,,NR SA,,,,,,,,,,,,,,,,
448,1,,,-121.9331960,47.5260828,2025-12-10 23:29:36.000,_20251210_152244_CH04_TMO_5GNR_WFC-MO_REF-1_TC151-1.dml,,,,,,,,,,NR SA,,,,,,,,,,,,,,,,
449,1,,,-121.9331960,47.5260828,2025-12-10 23:29:37.000,_20251210_152244_CH04_TMO_5GNR_WFC-MO_REF-1_TC151-1.dml,,594,-107.090000,,,,,,,NR SA,,,,,,,,,,,,,,,,
450,1,,,-121.9331960,47.5260828,2025-12-10 23:29:38.000,_20251210_152244_CH04_TMO_5GNR_WFC-MO_REF-1_TC151-1.dml,,594,-105.830000,,,,,,,NR SA,,,,,,,,,,,,,,,,
451,1,,,-121.9331960,47.5260828,2025-12-10 23:29:39.000,_20251210_152244_CH04_TMO_5GNR_WFC-MO_REF-1_TC151-1.dml,,594,-105.540000,,,,,,,NR SA,,,,,,,,,,,,,,,,
452,1,,,-121.9331960,47.5260828,2025-12-10 23:29:40.000,_20251210_152244_CH04_TMO_5GNR_WFC-MO_REF-1_TC151-1.dml,,594,-105.540000,,,,,,,NR SA,,,,,,,,,,,,,,,,
453,1,,,-121.9331960,47.5260828,2025-12-10 23:29:41.000,_20251210_152244_CH04_TMO_5GNR_WFC-MO_REF-1_TC151-1.dml,,,,,,,,,,NR SA,,,,,,,,,,,,,,,,
454,1,,,-121.9331960,47.5260828,2025-12-10 23:29:42.000,_20251210_152244_CH04_TMO_5GNR_WFC-MO_REF-1_TC151-1.dml,,594,-105.540000,,,,,,,NR SA,,,,,,,,,,,,,,,,
455,1,,,-121.9331960,47.5260828,2025-12-10 23:29:43.000,_20251210_152244_CH04_TMO_5GNR_WFC-MO_REF-1_TC151-1.dml,,594,-107.820000,,,,,,,NR SA,,,,,,,,,,,,,,,,
456,1,,,-121.9331960,47.5260828,2025-12-10 23:29:44.000,_20251210_152244_CH04_TMO_5GNR_WFC-MO_REF-1_TC151-1.dml,,594,-107.820000,,,,,,,NR SA,,,,,,,,,,,,,,,,
457,1,,,-121.9331960,47.5260828,2025-12-10 23:29:45.000,_20251210_152244_CH04_TMO_5GNR_WFC-MO_REF-1_TC151-1.dml,,,,,,,,,,NR SA,,,,,,,,,,,,,,,,
458,1,,,-121.9331960,47.5260828,2025-12-10 23:29:46.000,_20251210_152244_CH04_TMO_5GNR_WFC-MO_REF-1_TC151-1.dml,,594,-107.820000,,,,,,,NR SA,,,,,,,,,,,,,,,,
459,1,,,-121.9331960,47.5260828,2025-12-10 23:29:47.000,_20251210_152244_CH04_TMO_5GNR_WFC-MO_REF-1_TC151-1.dml,,594,-106.810000,,,,,,,NR SA,,,,,,,,,,,,,,,,
460,1,,,-121.9331960,47.5260828,2025-12-10 23:29:48.000,_20251210_152244_CH04_TMO_5GNR_WFC-MO_REF-1_TC151-1.dml,,594,-106.810000,,,,,,,NR SA,,,,,,,,,,,,,,,,
461,1,,,-121.9331960,47.5260828,2025-12-10 23:29:49.000,_20251210_152244_CH04_TMO_5GNR_WFC-MO_REF-1_TC151-1.dml,,594,-106.810000,,,,,,,NR SA,,,,,,,,,,,,,,,,
462,1,,,-121.9331960,47.5260828,2025-12-10 23:29:50.000,_20251210_152244_CH04_TMO_5GNR_WFC-MO_REF-1_TC151-1.dml,,,,,,,,,,NR SA,,,,,,,,,,,,,,,,
463,1,,,-121.9331960,47.5260828,2025-12-10 23:29:51.000,_20251210_152244_CH04_TMO_5GNR_WFC-MO_REF-1_TC151-1.dml,,594,-106.370000,,,,,,,NR SA,,,,,,,,,,,,,,,,
464,1,,,-121.9331960,47.5260828,2025-12-10 23:29:52.000,_20251210_152244_CH04_TMO_5GNR_WFC-MO_REF-1_TC151-1.dml,,594,-106.370000,,,,,,,NR SA,,,,,,,,,,,,,,,,
465,1,,,-121.9331960,47.5260828,2025-12-10 23:29:53.000,_20251210_152244_CH04_TMO_5GNR_WFC-MO_REF-1_TC151-1.dml,,594,-106.370000,,,,,,,NR SA,,,,,,,,,,,,,,,,
466,1,,,-121.9331960,47.5260828,2025-12-10 23:29:54.000,_20251210_152244_CH04_TMO_5GNR_WFC-MO_REF-1_TC151-1.dml,,,,,,,,,,NR SA,,,,,,,,,,,,,,,,
467,1,,,-121.9331960,47.5260828,2025-12-10 23:29:55.000,_20251210_152244_CH04_TMO_5GNR_WFC-MO_REF-1_TC151-1.dml,,594,-106.590000,,,,,,,NR SA,,,,,,,,,,,,,,,,
468,1,,,-121.9331960,47.5260828,2025-12-10 23:29:56.000,_20251210_152244_CH04_TMO_5GNR_WFC-MO_REF-1_TC151-1.dml,,594,-106.590000,,,,,,,NR SA,,,,,,,,,,,,,,,,
469,1,,,-121.9331960,47.5260828,2025-12-10 23:29:57.000,_20251210_152244_CH04_TMO_5GNR_WFC-MO_REF-1_TC151-1.dml,,594,-106.590000,,,,,,,NR SA,,,,,,,,,,,,,,,,
470,1,,,-121.9331960,47.5260828,2025-12-10 23:29:58.000,_20251210_152244_CH04_TMO_5GNR_WFC-MO_REF-1_TC151-1.dml,,594,-107.810000,,,,,,,NR SA,,,,,,,,,,,,,,,,
471,1,,,-121.9331960,47.5260828,2025-12-10 23:29:59.000,_20251210_152244_CH04_TMO_5GNR_WFC-MO_REF-1_TC151-1.dml,,,,,,,,,,NR SA,,,,,,,,,,,,,,,,
472,1,,,-121.9331960,47.5260828,2025-12-10 23:30:00.000,_20251210_152244_CH04_TMO_5GNR_WFC-MO_REF-1_TC151-1.dml,,594,-107.810000,,,,,,,NR SA,,,,,,,,,,,,,,,,
473,1,,,-121.9331960,47.5260828,2025-12-10 23:30:01.000,_20251210_152244_CH04_TMO_5GNR_WFC-MO_REF-1_TC151-1.dml,,594,-107.810000,,,,,,,NR SA,,,,,,,,,,,,,,,,
474,1,,,-121.9331960,47.5260828,2025-12-10 23:30:02.000,_20251210_152244_CH04_TMO_5GNR_WFC-MO_REF-1_TC151-1.dml,,594,-107.490000,,,,,,,NR SA,,,,,,,,,,,,,,,,
475,1,,,-121.9331960,47.5260828,2025-12-10 23:30:03.000,_20251210_152244_CH04_TMO_5GNR_WFC-MO_REF-1_TC151-1.dml,,594,-107.490000,,,,,,,NR SA,,,,,,,,,,,,,,,,
476,1,,,-121.9331960,47.5260828,2025-12-10 23:30:04.000,_20251210_152244_CH04_TMO_5GNR_WFC-MO_REF-1_TC151-1.dml,,,,,,,,,,NR SA,,,,,,,,,,,,,,,,
477,1,,,-121.9331960,47.5260828,2025-12-10 23:30:05.000,_20251210_152244_CH04_TMO_5GNR_WFC-MO_REF-1_TC151-1.dml,,594,-107.490000,,,,,,,NR SA,,,,,,,,,,,,,,,,
478,1,,,-121.9331960,47.5260828,2025-12-10 23:30:06.000,_20251210_152244_CH04_TMO_5GNR_WFC-MO_REF-1_TC151-1.dml,,594,-109.590000,,,,,,,NR SA,,,,,,,,,,,,,,,,
479,1,,,-121.9331960,47.5260828,2025-12-10 23:30:07.000,_20251210_152244_CH04_TMO_5GNR_WFC-MO_REF-1_TC151-1.dml,,594,-109.590000,,,,,,,NR SA,,,,,,,,,,,,,,,,
480,1,,,-121.9331960,47.5260828,2025-12-10 23:30:08.000,_20251210_152244_CH04_TMO_5GNR_WFC-MO_REF-1_TC151-1.dml,,,,,,,,,,NR SA,,,,,,,,,,,,,,,,
481,1,,,-121.9331960,47.5260828,2025-12-10 23:30:09.000,_20251210_152244_CH04_TMO_5GNR_WFC-MO_REF-1_TC151-1.dml,,594,-109.590000,,,,,,,NR SA,,,,,,,,,,,,,,,,
482,1,,,-121.9331960,47.5260828,2025-12-10 23:30:10.000,_20251210_152244_CH04_TMO_5GNR_WFC-MO_REF-1_TC151-1.dml,,594,-113.180000,,,,,,,NR SA,,,,,,,,,,,,,,,,
483,1,,,-121.9331960,47.5260828,2025-12-10 23:30:11.000,_20251210_152244_CH04_TMO_5GNR_WFC-MO_REF-1_TC151-1.dml,,594,-113.180000,,,,,,,NR SA,,,,,,,,,,,,,,,,
484,1,,,-121.9331960,47.5260828,2025-12-10 23:30:12.000,_20251210_152244_CH04_TMO_5GNR_WFC-MO_REF-1_TC151-1.dml,,594,-113.180000,,,,,,,NR SA,,,,,,,,,,,,,,,,
485,1,,,-121.9331960,47.5260828,2025-12-10 23:30:13.000,_20251210_152244_CH04_TMO_5GNR_WFC-MO_REF-1_TC151-1.dml,,,,,,,,,,NR SA,,,,,,,,,,,,,,,,
486,1,,,-121.9331960,47.5260828,2025-12-10 23:30:14.000,_20251210_152244_CH04_TMO_5GNR_WFC-MO_REF-1_TC151-1.dml,,594,-108.920000,,,,,,,NR SA,,,,,,,,,,,,,,,,
487,1,,,-121.9331960,47.5260828,2025-12-10 23:30:15.000,_20251210_152244_CH04_TMO_5GNR_WFC-MO_REF-1_TC151-1.dml,,594,-108.920000,,,,,,,NR SA,,,,,,,,,,,,,,,,
488,1,,,-121.9331960,47.5260828,2025-12-10 23:30:16.000,_20251210_152244_CH04_TMO_5GNR_WFC-MO_REF-1_TC151-1.dml,,594,-108.920000,,,,,,,NR SA,,,,,,,,,,,,,,,,
489,1,,,-121.9331960,47.5260828,2025-12-10 23:30:17.000,_20251210_152244_CH04_TMO_5GNR_WFC-MO_REF-1_TC151-1.dml,,,,,,,,,,NR SA,,,,,,,,,,,,,,,,
490,1,,,-121.9331960,47.5260828,2025-12-10 23:30:18.000,_20251210_152244_CH04_TMO_5GNR_WFC-MO_REF-1_TC151-1.dml,,594,-109.070000,,,,,,,NR SA,,,,,,,,,,,,,,,,
491,1,,,-121.9331960,47.5260828,2025-12-10 23:30:19.000,_20251210_152244_CH04_TMO_5GNR_WFC-MO_REF-1_TC151-1.dml,,594,-109.070000,,,,,,,NR SA,,,,,,,,,,,,,,,,
492,1,,,-121.9331960,47.5260828,2025-12-10 23:30:20.000,_20251210_152244_CH04_TMO_5GNR_WFC-MO_REF-1_TC151-1.dml,,594,-109.070000,,,,,,,NR SA,,,,,,,,,,,,,,,,
493,1,,,-121.9331960,47.5260828,2025-12-10 23:30:21.000,_20251210_152244_CH04_TMO_5GNR_WFC-MO_REF-1_TC151-1.dml,,594,-105.150000,,,,,,,NR SA,,,,,,,,,,,,,,,,
494,1,,,-121.9331960,47.5260828,2025-12-10 23:30:21.607,_20251210_152244_CH04_TMO_5GNR_WFC-MO_REF-1_TC151-1.dml,,,,,,,,,,,,,,,,,,,,,[Tool] Voice - Release Call Request,,,,,
495,1,,,-121.9331960,47.5260828,2025-12-10 23:30:22.000,_20251210_152244_CH04_TMO_5GNR_WFC-MO_REF-1_TC151-1.dml,,,,,,,,,,NR SA,,,,,,,,,,,,,,,,
496,1,,,-121.9331960,47.5260828,2025-12-10 23:30:22.124,_20251210_152244_CH04_TMO_5GNR_WFC-MO_REF-1_TC151-1.dml,,,,,,,,,,,,,,,,,,,,Complete,[Tool] Voice - Call Result : Complete,,,,,
497,1,,,-121.9331960,47.5260828,2025-12-10 23:30:22.124,_20251210_152244_CH04_TMO_5GNR_WFC-MO_REF-1_TC151-1.dml,,,,,,,,,,,,,,,,,,,,,[UE]   Voice - Release Call Success,,,,,
498,1,,,-121.9331960,47.5260828,2025-12-10 23:30:23.076,_20251210_152244_CH04_TMO_5GNR_WFC-MO_REF-1_TC151-1.dml,,,,,,,,,,,,,,,,,,,,,[UE]   Voice - Release Call Success,,,,,
499,1,,,-121.9331960,47.5260828,2025-12-10 23:30:23.000,_20251210_152244_CH04_TMO_5GNR_WFC-MO_REF-1_TC151-1.dml,,594,-105.150000,,,,,,,,,,,,,,,,,,,1,,,,
500,1,,,-121.9331960,47.5260828,2025-12-10 23:30:24.000,_20251210_152244_CH04_TMO_5GNR_WFC-MO_REF-1_TC151-1.dml,,594,-105.150000,,,,,,,,,,,,,,,,,,,,,,,
501,1,,,-121.9331960,47.5260828,2025-12-10 23:30:25.000,_20251210_152244_CH04_TMO_5GNR_WFC-MO_REF-1_TC151-1.dml,,594,-105.120000,,,,,,,,,,,,,,,,,,,,,,,
502,1,,,-121.9331960,47.5260828,2025-12-10 23:30:26.000,_20251210_152244_CH04_TMO_5GNR_WFC-MO_REF-1_TC151-1.dml,,594,-105.120000,,,,,,,,,,,,,,,,,,,,,,,
503,1,,,-121.9331960,47.5260828,2025-12-10 23:30:27.000,_20251210_152244_CH04_TMO_5GNR_WFC-MO_REF-1_TC151-1.dml,,,,,,,,,,,,,,,,,,,,,,,,,,
504,1,,,-121.9331960,47.5260828,2025-12-10 23:30:28.000,_20251210_152244_CH04_TMO_5GNR_WFC-MO_REF-1_TC151-1.dml,,594,-105.120000,,,,,,,,,,,,,,,,,,,,,,,
505,1,,,-121.9331960,47.5260828,2025-12-10 23:30:29.000,_20251210_152244_CH04_TMO_5GNR_WFC-MO_REF-1_TC151-1.dml,,594,-109.130000,,,,,,,,,,,,,,,,,,,,,,,
506,1,,,-121.9331960,47.5260828,2025-12-10 23:30:30.000,_20251210_152244_CH04_TMO_5GNR_WFC-MO_REF-1_TC151-1.dml,,594,-109.130000,,,,,,,,,,,,,,,,,,,,,,,
507,1,,,-121.9331960,47.5260828,2025-12-10 23:30:31.000,_20251210_152244_CH04_TMO_5GNR_WFC-MO_REF-1_TC151-1.dml,,,,,,,,,,,,,,,,,,,,,,,,,,
508,1,,,-121.9331960,47.5260828,2025-12-10 23:30:32.000,_20251210_152244_CH04_TMO_5GNR_WFC-MO_REF-1_TC151-1.dml,,594,-109.130000,,,,,,,,,,,,,,,,,,,,,,,
509,1,,,-121.9331960,47.5260828,2025-12-10 23:30:33.000,_20251210_152244_CH04_TMO_5GNR_WFC-MO_REF-1_TC151-1.dml,,594,-108.980000,,,,,,,,,,,,,,,,,,,,,,,
510,1,,,-121.9331960,47.5260828,2025-12-10 23:30:34.000,_20251210_152244_CH04_TMO_5GNR_WFC-MO_REF-1_TC151-1.dml,,594,-108.980000,,,,,,,,,,,,,,,,,,,,,,,
511,1,,,-121.9331960,47.5260828,2025-12-10 23:30:35.000,_20251210_152244_CH04_TMO_5GNR_WFC-MO_REF-1_TC151-1.dml,,594,-108.980000,,,,,,,,,,,,,,,,,,,,,,,
512,1,,,-121.9331960,47.5260828,2025-12-10 23:30:36.000,_20251210_152244_CH04_TMO_5GNR_WFC-MO_REF-1_TC151-1.dml,,,,,,,,,,,,,,,,,,,,,,,,,,
513,1,,,-121.9331960,47.5260828,2025-12-10 23:30:37.000,_20251210_152244_CH04_TMO_5GNR_WFC-MO_REF-1_TC151-1.dml,,594,-113.210000,,,,,,,,,,,,,,,,,,,,,,,
514,1,,,-121.9331960,47.5260828,2025-12-10 23:30:38.000,_20251210_152244_CH04_TMO_5GNR_WFC-MO_REF-1_TC151-1.dml,,594,-113.210000,,,,,,,,,,,,,,,,,,,,,,,
515,1,,,-121.9331960,47.5260828,2025-12-10 23:30:39.000,_20251210_152244_CH04_TMO_5GNR_WFC-MO_REF-1_TC151-1.dml,,594,-106.680000,,,,,,,,,,,,,,,,,,,,,,,
516,1,,,-121.9331960,47.5260828,2025-12-10 23:30:40.000,_20251210_152244_CH04_TMO_5GNR_WFC-MO_REF-1_TC151-1.dml,,,,,,,,,,,,,,,,,,,,,,,,,,
517,1,,,-121.9331960,47.5260828,2025-12-10 23:30:41.000,_20251210_152244_CH04_TMO_5GNR_WFC-MO_REF-1_TC151-1.dml,,594,-104.390000,,,,,,,,,,,,,,,,,,,,,,,
518,1,,,-121.9331960,47.5260828,2025-12-10 23:30:42.000,_20251210_152244_CH04_TMO_5GNR_WFC-MO_REF-1_TC151-1.dml,,594,-105.340000,,,,,,,,,,,,,,,,,,,,,,,
519,1,,,-121.9331960,47.5260828,2025-12-10 23:30:43.000,_20251210_152244_CH04_TMO_5GNR_WFC-MO_REF-1_TC151-1.dml,,594,-105.720000,,,,,,,,,,,,,,,,,,,,,,,
520,1,,,-121.9331960,47.5260828,2025-12-10 23:30:44.000,_20251210_152244_CH04_TMO_5GNR_WFC-MO_REF-1_TC151-1.dml,,594,-105.600000,,,,,,,,,,,,,,,,,,,,,,,
521,1,,,-121.9331960,47.5260828,2025-12-10 23:30:45.000,_20251210_152244_CH04_TMO_5GNR_WFC-MO_REF-1_TC151-1.dml,,,,,,,,,,,,,,,,,,,,,,,,,,
522,1,,,-121.9331960,47.5260828,2025-12-10 23:30:46.000,_20251210_152244_CH04_TMO_5GNR_WFC-MO_REF-1_TC151-1.dml,,594,-107.280000,,,,,,,,,,,,,,,,,,,,,,,
523,1,,,-121.9331960,47.5260828,2025-12-10 23:30:47.000,_20251210_152244_CH04_TMO_5GNR_WFC-MO_REF-1_TC151-1.dml,,594,-110.030000,,,,,,,,,,,,,,,,,,,,,,,
524,1,,,-121.9331960,47.5260828,2025-12-10 23:30:48.000,_20251210_152244_CH04_TMO_5GNR_WFC-MO_REF-1_TC151-1.dml,,594,-110.600000,,,,,,,,,,,,,,,,,,,,,,,
525,1,,,-121.9331960,47.5260828,2025-12-10 23:30:49.000,_20251210_152244_CH04_TMO_5GNR_WFC-MO_REF-1_TC151-1.dml,,,,,,,,,,,,,,,,,,,,,,,,,,
526,1,,,-121.9331960,47.5260828,2025-12-10 23:30:50.044,_20251210_152244_CH04_TMO_5GNR_WFC-MO_REF-1_TC151-1.dml,,,,,,,,,,,,,,,,,,,,,[Tool] Voice - Release Call Request,,,,,
527,1,,,-121.9331960,47.5260828,2025-12-10 23:30:50.000,_20251210_152244_CH04_TMO_5GNR_WFC-MO_REF-1_TC151-1.dml,,594,-110.170000,,,,,,,,,,,,,,,,,,,,,,,
528,1,,,-121.9331960,47.5260828,2025-12-10 23:30:51.000,_20251210_152244_CH04_TMO_5GNR_WFC-MO_REF-1_TC151-1.dml,,594,-104.980000,,,,,,,,,,,,,,,,,,,,,,,
529,1,,,-121.9331960,47.5260828,2025-12-10 23:30:52.000,_20251210_152244_CH04_TMO_5GNR_WFC-MO_REF-1_TC151-1.dml,,594,-104.170000,,,,,,,,,,,,,,,,,,,,,,,
530,1,,,-121.9331960,47.5260828,2025-12-10 23:30:52.591,_20251210_152244_CH04_TMO_5GNR_WFC-MO_REF-1_TC151-1.dml,,,,,,,,,,,,,,,,,,,,,[Tool] Voice - Call Scheduling End,,,,,
531,1,,,-121.9331960,47.5260828,2025-12-10 23:30:52.591,_20251210_152244_CH04_TMO_5GNR_WFC-MO_REF-1_TC151-1.dml,,,,,,Origination,,Complete,,,,,,,,,EPSFB,Voice,Complete,,,,,,,90.188000
532,1,,,-121.9331960,47.5260828,2025-12-10 23:30:52.591,_20251210_152244_CH04_TMO_5GNR_WFC-MO_REF-1_TC151-1.dml,,,,,,,,,,,,,,,,,,,,,[Tool] Voice - Release Call Request,,,,,
533,1,,,-121.9331960,47.5260828,2025-12-10 23:30:53.000,_20251210_152244_CH04_TMO_5GNR_WFC-MO_REF-1_TC151-1.dml,,594,-104.790000,,,,,,,,,,,,,,,,,,,,,,,
534,1,,,-121.9331960,47.5260828,2025-12-10 23:30:54.000,_20251210_152244_CH04_TMO_5GNR_WFC-MO_REF-1_TC151-1.dml,,,,,,,,,,,,,,,,,,,,,,,,,,
535,1,,,-121.9331960,47.5260828,2025-12-10 23:30:55.000,_20251210_152244_CH04_TMO_5GNR_WFC-MO_REF-1_TC151-1.dml,,594,-104.490000,,,,,,,,,,,,,,,,,,,,,,,
536,1,,,-121.9331960,47.5260828,2025-12-10 23:30:56.000,_20251210_152244_CH04_TMO_5GNR_WFC-MO_REF-1_TC151-1.dml,,594,-105.310000,,,,,,,,,,,,,,,,,,,,,,,
537,1,,,-121.9331960,47.5260828,2025-12-10 23:30:57.000,_20251210_152244_CH04_TMO_5GNR_WFC-MO_REF-1_TC151-1.dml,,594,-103.230000,,,,,,,,,,,,,,,,,,,,,,,
538,1,,,-121.9331960,47.5260828,2025-12-10 23:30:58.169,_20251210_152244_CH04_TMO_5GNR_WFC-MO_REF-1_TC151-1.dml,,,,,,,,,,,,,,,,,,,,,[Tool] Voice - Call Scheduling Start(Orig),,,,,
539,1,,,-121.9331960,47.5260828,2025-12-10 23:30:58.169,_20251210_152244_CH04_TMO_5GNR_WFC-MO_REF-1_TC151-1.dml,,,,,,,,,,,,,,,,,,,,,[UE]   Voice - Orig Success,,,,,
540,1,,,-121.9331960,47.5260828,2025-12-10 23:30:58.185,_20251210_152244_CH04_TMO_5GNR_WFC-MO_REF-1_TC151-1.dml,,,,,,,,,,,,,,,,,,,,,[Tool] Voice - Orig Request,,,,,
541,1,,,-121.9331960,47.5260828,2025-12-10 23:30:58.000,_20251210_152244_CH04_TMO_5GNR_WFC-MO_REF-1_TC151-1.dml,,594,-102.210000,,,,,,,,,,,,,,,,,,,,,,,
542,1,,,-121.9331960,47.5260828,2025-12-10 23:30:59.000,_20251210_152244_CH04_TMO_5GNR_WFC-MO_REF-1_TC151-1.dml,,,,,,,,,,,,,,,,,,,,,,,,,,
543,1,,,-121.9331960,47.5260828,2025-12-10 23:31:00.000,_20251210_152244_CH04_TMO_5GNR_WFC-MO_REF-1_TC151-1.dml,,594,-102.140000,,,,,,,,,,,,,,,,,,,,,,,
544,1,,,-121.9331960,47.5260828,2025-12-10 23:31:01.000,_20251210_152244_CH04_TMO_5GNR_WFC-MO_REF-1_TC151-1.dml,,594,-102.700000,,,,,,,,,,,,,,,,,,,,,,,
545,1,,,-121.9331960,47.5260828,2025-12-10 23:31:02.000,_20251210_152244_CH04_TMO_5GNR_WFC-MO_REF-1_TC151-1.dml,,594,-105.680000,,,,,,,,,,,,,,,,,,,,,,,
546,1,,,-121.9331960,47.5260828,2025-12-10 23:31:03.000,_20251210_152244_CH04_TMO_5GNR_WFC-MO_REF-1_TC151-1.dml,,,,,,,,,,,,,,,,,,,,,,,,,,
547,1,,,-121.9331960,47.5260828,2025-12-10 23:31:04.000,_20251210_152244_CH04_TMO_5GNR_WFC-MO_REF-1_TC151-1.dml,,594,-103.590000,,,,,,,,,,,,,,,,,,,,,,,
548,1,,,-121.9331960,47.5260828,2025-12-10 23:31:05.091,_20251210_152244_CH04_TMO_5GNR_WFC-MO_REF-1_TC151-1.dml,,,,,,,,,,,,,,,,,,,,,[UE]   Voice - Setup Success,,,,,
549,1,,,-121.9331960,47.5260828,2025-12-10 23:31:05.000,_20251210_152244_CH04_TMO_5GNR_WFC-MO_REF-1_TC151-1.dml,,594,-101.950000,,,,,,,NR SA,,,,,,,,,,,,,,,,
550,1,,,-121.9331960,47.5260828,2025-12-10 23:31:06.000,_20251210_152244_CH04_TMO_5GNR_WFC-MO_REF-1_TC151-1.dml,,594,-103.290000,,,,,,,NR SA,,,,,,,,,,,,,,,,
551,1,,,-121.9331960,47.5260828,2025-12-10 23:31:07.000,_20251210_152244_CH04_TMO_5GNR_WFC-MO_REF-1_TC151-1.dml,,594,-102.960000,,,,,,,NR SA,,,,,,,,,,,,,,,,
552,1,,,-121.9331960,47.5260828,2025-12-10 23:31:08.000,_20251210_152244_CH04_TMO_5GNR_WFC-MO_REF-1_TC151-1.dml,,,,,,,,,,NR SA,,,,,,,,,,,,,,,,
553,1,,,-121.9331960,47.5260828,2025-12-10 23:31:09.000,_20251210_152244_CH04_TMO_5GNR_WFC-MO_REF-1_TC151-1.dml,,594,-102.590000,,,,,,,NR SA,,,,,,,,,,,,,,,,
554,1,,,-121.9331960,47.5260828,2025-12-10 23:31:10.000,_20251210_152244_CH04_TMO_5GNR_WFC-MO_REF-1_TC151-1.dml,,594,-101.490000,,,,,,,NR SA,,,,,,,,,,,,,,,,
555,1,,,-121.9331960,47.5260828,2025-12-10 23:31:11.000,_20251210_152244_CH04_TMO_5GNR_WFC-MO_REF-1_TC151-1.dml,,594,-101.310000,,,,,,,NR SA,,,,,,,,,,,,,,,,
556,1,,,-121.9331960,47.5260828,2025-12-10 23:31:12.000,_20251210_152244_CH04_TMO_5GNR_WFC-MO_REF-1_TC151-1.dml,,,,,,,,,,NR SA,,,,,,,,,,,,,,,,
557,1,,,-121.9331960,47.5260828,2025-12-10 23:31:13.000,_20251210_152244_CH04_TMO_5GNR_WFC-MO_REF-1_TC151-1.dml,,594,-103.020000,,,,,,,NR SA,,,,,,,,,,,,,,,,
558,1,,,-121.9331960,47.5260828,2025-12-10 23:31:14.000,_20251210_152244_CH04_TMO_5GNR_WFC-MO_REF-1_TC151-1.dml,,594,-104.320000,,,,,,,NR SA,,,,,,,,,,,,,,,,
559,1,,,-121.9331960,47.5260828,2025-12-10 23:31:15.000,_20251210_152244_CH04_TMO_5GNR_WFC-MO_REF-1_TC151-1.dml,,594,-105.380000,,,,,,,NR SA,,,,,,,,,,,,,,,,
560,1,,,-121.9331960,47.5260828,2025-12-10 23:31:16.000,_20251210_152244_CH04_TMO_5GNR_WFC-MO_REF-1_TC151-1.dml,,594,-104.820000,,,,,,,NR SA,,,,,,,,,,,,,,,,
561,1,,,-121.9331960,47.5260828,2025-12-10 23:31:17.000,_20251210_152244_CH04_TMO_5GNR_WFC-MO_REF-1_TC151-1.dml,,,,,,,,,,NR SA,,,,,,,,,,,,,,,,
562,1,,,-121.9331960,47.5260828,2025-12-10 23:31:18.000,_20251210_152244_CH04_TMO_5GNR_WFC-MO_REF-1_TC151-1.dml,,594,-105.540000,,,,,,,NR SA,,,,,,,,,,,,,,,,
563,1,,,-121.9331960,47.5260828,2025-12-10 23:31:19.000,_20251210_152244_CH04_TMO_5GNR_WFC-MO_REF-1_TC151-1.dml,,594,-106.670000,,,,,,,NR SA,,,,,,,,,,,,,,,,
564,1,,,-121.9331960,47.5260828,2025-12-10 23:31:20.000,_20251210_152244_CH04_TMO_5GNR_WFC-MO_REF-1_TC151-1.dml,,594,-105.680000,,,,,,,NR SA,,,,,,,,,,,,,,,,
565,1,,,-121.9331960,47.5260828,2025-12-10 23:31:21.000,_20251210_152244_CH04_TMO_5GNR_WFC-MO_REF-1_TC151-1.dml,,,,,,,,,,NR SA,,,,,,,,,,,,,,,,
566,1,,,-121.9331960,47.5260828,2025-12-10 23:31:22.000,_20251210_152244_CH04_TMO_5GNR_WFC-MO_REF-1_TC151-1.dml,,594,-101.690000,,,,,,,NR SA,,,,,,,,,,,,,,,,
567,1,,,-121.9331960,47.5260828,2025-12-10 23:31:23.000,_20251210_152244_CH04_TMO_5GNR_WFC-MO_REF-1_TC151-1.dml,,594,-101.050000,,,,,,,NR SA,,,,,,,,,,,,,,,,
568,1,,,-121.9331960,47.5260828,2025-12-10 23:31:24.000,_20251210_152244_CH04_TMO_5GNR_WFC-MO_REF-1_TC151-1.dml,,594,-103.580000,,,,,,,NR SA,,,,,,,,,,,,,,,,
569,1,,,-121.9331960,47.5260828,2025-12-10 23:31:25.000,_20251210_152244_CH04_TMO_5GNR_WFC-MO_REF-1_TC151-1.dml,,594,-101.240000,,,,,,,NR SA,,,,,,,,,,,,,,,,
570,1,,,-121.9331960,47.5260828,2025-12-10 23:31:26.000,_20251210_152244_CH04_TMO_5GNR_WFC-MO_REF-1_TC151-1.dml,,,,,,,,,,NR SA,,,,,,,,,,,,,,,,
571,1,,,-121.9331960,47.5260828,2025-12-10 23:31:27.000,_20251210_152244_CH04_TMO_5GNR_WFC-MO_REF-1_TC151-1.dml,,594,-100.790000,,,,,,,NR SA,,,,,,,,,,,,,,,,
572,1,,,-121.9331960,47.5260828,2025-12-10 23:31:28.000,_20251210_152244_CH04_TMO_5GNR_WFC-MO_REF-1_TC151-1.dml,,594,-104.190000,,,,,,,NR SA,,,,,,,,,,,,,,,,
573,1,,,-121.9331960,47.5260828,2025-12-10 23:31:29.000,_20251210_152244_CH04_TMO_5GNR_WFC-MO_REF-1_TC151-1.dml,,594,-104.970000,,,,,,,NR SA,,,,,,,,,,,,,,,,
574,1,,,-121.9331960,47.5260828,2025-12-10 23:31:30.000,_20251210_152244_CH04_TMO_5GNR_WFC-MO_REF-1_TC151-1.dml,,594,-104.740000,,,,,,,NR SA,,,,,,,,,,,,,,,,
575,1,,,-121.9331960,47.5260828,2025-12-10 23:31:31.000,_20251210_152244_CH04_TMO_5GNR_WFC-MO_REF-1_TC151-1.dml,,,,,,,,,,NR SA,,,,,,,,,,,,,,,,
576,1,,,-121.9331960,47.5260828,2025-12-10 23:31:32.000,_20251210_152244_CH04_TMO_5GNR_WFC-MO_REF-1_TC151-1.dml,,594,-106.040000,,,,,,,NR SA,,,,,,,,,,,,,,,,
577,1,,,-121.9331960,47.5260828,2025-12-10 23:31:33.000,_20251210_152244_CH04_TMO_5GNR_WFC-MO_REF-1_TC151-1.dml,,594,-106.560000,,,,,,,NR SA,,,,,,,,,,,,,,,,
578,1,,,-121.9331960,47.5260828,2025-12-10 23:31:34.000,_20251210_152244_CH04_TMO_5GNR_WFC-MO_REF-1_TC151-1.dml,,594,-107.600000,,,,,,,NR SA,,,,,,,,,,,,,,,,
579,1,,,-121.9331960,47.5260828,2025-12-10 23:31:35.000,_20251210_152244_CH04_TMO_5GNR_WFC-MO_REF-1_TC151-1.dml,,,,,,,,,,NR SA,,,,,,,,,,,,,,,,
580,1,,,-121.9331960,47.5260828,2025-12-10 23:31:36.000,_20251210_152244_CH04_TMO_5GNR_WFC-MO_REF-1_TC151-1.dml,,594,-108.340000,,,,,,,NR SA,,,,,,,,,,,,,,,,
581,1,,,-121.9331960,47.5260828,2025-12-10 23:31:37.000,_20251210_152244_CH04_TMO_5GNR_WFC-MO_REF-1_TC151-1.dml,,594,-104.280000,,,,,,,NR SA,,,,,,,,,,,,,,,,
582,1,,,-121.9331960,47.5260828,2025-12-10 23:31:38.000,_20251210_152244_CH04_TMO_5GNR_WFC-MO_REF-1_TC151-1.dml,,594,-102.650000,,,,,,,NR SA,,,,,,,,,,,,,,,,
583,1,,,-121.9331960,47.5260828,2025-12-10 23:31:39.000,_20251210_152244_CH04_TMO_5GNR_WFC-MO_REF-1_TC151-1.dml,,594,-105.170000,,,,,,,NR SA,,,,,,,,,,,,,,,,
584,1,,,-121.9331960,47.5260828,2025-12-10 23:31:40.000,_20251210_152244_CH04_TMO_5GNR_WFC-MO_REF-1_TC151-1.dml,,,,,,,,,,NR SA,,,,,,,,,,,,,,,,
585,1,,,-121.9331960,47.5260828,2025-12-10 23:31:41.000,_20251210_152244_CH04_TMO_5GNR_WFC-MO_REF-1_TC151-1.dml,,594,-110.610000,,,,,,,NR SA,,,,,,,,,,,,,,,,
586,1,,,-121.9331960,47.5260828,2025-12-10 23:31:42.000,_20251210_152244_CH04_TMO_5GNR_WFC-MO_REF-1_TC151-1.dml,,594,-110.610000,,,,,,,NR SA,,,,,,,,,,,,,,,,
587,1,,,-121.9331960,47.5260828,2025-12-10 23:31:43.000,_20251210_152244_CH04_TMO_5GNR_WFC-MO_REF-1_TC151-1.dml,,594,-110.610000,,,,,,,NR SA,,,,,,,,,,,,,,,,
588,1,,,-121.9331960,47.5260828,2025-12-10 23:31:44.000,_20251210_152244_CH04_TMO_5GNR_WFC-MO_REF-1_TC151-1.dml,,,,,,,,,,NR SA,,,,,,,,,,,,,,,,
589,1,,,-121.9331960,47.5260828,2025-12-10 23:31:45.000,_20251210_152244_CH04_TMO_5GNR_WFC-MO_REF-1_TC151-1.dml,,594,-110.420000,,,,,,,NR SA,,,,,,,,,,,,,,,,
590,1,,,-121.9331960,47.5260828,2025-12-10 23:31:46.000,_20251210_152244_CH04_TMO_5GNR_WFC-MO_REF-1_TC151-1.dml,,594,-110.420000,,,,,,,NR SA,,,,,,,,,,,,,,,,
591,1,,,-121.9331960,47.5260828,2025-12-10 23:31:47.000,_20251210_152244_CH04_TMO_5GNR_WFC-MO_REF-1_TC151-1.dml,,594,-110.420000,,,,,,,NR SA,,,,,,,,,,,,,,,,
592,1,,,-121.9331960,47.5260828,2025-12-10 23:31:48.000,_20251210_152244_CH04_TMO_5GNR_WFC-MO_REF-1_TC151-1.dml,,594,-107.520000,,,,,,,NR SA,,,,,,,,,,,,,,,,
593,1,,,-121.9331960,47.5260828,2025-12-10 23:31:49.000,_20251210_152244_CH04_TMO_5GNR_WFC-MO_REF-1_TC151-1.dml,,,,,,,,,,NR SA,,,,,,,,,,,,,,,,
594,1,,,-121.9331960,47.5260828,2025-12-10 23:31:50.000,_20251210_152244_CH04_TMO_5GNR_WFC-MO_REF-1_TC151-1.dml,,594,-107.520000,,,,,,,NR SA,,,,,,,,,,,,,,,,
595,1,,,-121.9331960,47.5260828,2025-12-10 23:31:51.000,_20251210_152244_CH04_TMO_5GNR_WFC-MO_REF-1_TC151-1.dml,,594,-107.520000,,,,,,,NR SA,,,,,,,,,,,,,,,,
596,1,,,-121.9331960,47.5260828,2025-12-10 23:31:52.000,_20251210_152244_CH04_TMO_5GNR_WFC-MO_REF-1_TC151-1.dml,,594,-107.730000,,,,,,,NR SA,,,,,,,,,,,,,,,,
597,1,,,-121.9331960,47.5260828,2025-12-10 23:31:53.000,_20251210_152244_CH04_TMO_5GNR_WFC-MO_REF-1_TC151-1.dml,,,,,,,,,,NR SA,,,,,,,,,,,,,,,,
598,1,,,-121.9331960,47.5260828,2025-12-10 23:31:54.000,_20251210_152244_CH04_TMO_5GNR_WFC-MO_REF-1_TC151-1.dml,,594,-107.730000,,,,,,,NR SA,,,,,,,,,,,,,,,,
599,1,,,-121.9331960,47.5260828,2025-12-10 23:31:55.000,_20251210_152244_CH04_TMO_5GNR_WFC-MO_REF-1_TC151-1.dml,,594,-107.730000,,,,,,,NR SA,,,,,,,,,,,,,,,,
600,1,,,-121.9331960,47.5260828,2025-12-10 23:31:56.000,_20251210_152244_CH04_TMO_5GNR_WFC-MO_REF-1_TC151-1.dml,,594,-108.250000,,,,,,,NR SA,,,,,,,,,,,,,,,,
601,1,,,-121.9331960,47.5260828,2025-12-10 23:31:57.000,_20251210_152244_CH04_TMO_5GNR_WFC-MO_REF-1_TC151-1.dml,,594,-108.250000,,,,,,,NR SA,,,,,,,,,,,,,,,,
602,1,,,-121.9331960,47.5260828,2025-12-10 23:31:58.000,_20251210_152244_CH04_TMO_5GNR_WFC-MO_REF-1_TC151-1.dml,,,,,,,,,,NR SA,,,,,,,,,,,,,,,,
603,1,,,-121.9331960,47.5260828,2025-12-10 23:31:59.000,_20251210_152244_CH04_TMO_5GNR_WFC-MO_REF-1_TC151-1.dml,,594,-108.250000,,,,,,,NR SA,,,,,,,,,,,,,,,,
604,1,,,-121.9331960,47.5260828,2025-12-10 23:32:00.000,_20251210_152244_CH04_TMO_5GNR_WFC-MO_REF-1_TC151-1.dml,,594,-106.550000,,,,,,,NR SA,,,,,,,,,,,,,,,,
605,1,,,-121.9331960,47.5260828,2025-12-10 23:32:01.000,_20251210_152244_CH04_TMO_5GNR_WFC-MO_REF-1_TC151-1.dml,,594,-106.550000,,,,,,,NR SA,,,,,,,,,,,,,,,,
606,1,,,-121.9331960,47.5260828,2025-12-10 23:32:02.000,_20251210_152244_CH04_TMO_5GNR_WFC-MO_REF-1_TC151-1.dml,,,,,,,,,,NR SA,,,,,,,,,,,,,,,,
607,1,,,-121.9331960,47.5260828,2025-12-10 23:32:03.000,_20251210_152244_CH04_TMO_5GNR_WFC-MO_REF-1_TC151-1.dml,,594,-106.550000,,,,,,,NR SA,,,,,,,,,,,,,,,,
608,1,,,-121.9331960,47.5260828,2025-12-10 23:32:04.000,_20251210_152244_CH04_TMO_5GNR_WFC-MO_REF-1_TC151-1.dml,,594,-106.530000,,,,,,,NR SA,,,,,,,,,,,,,,,,
609,1,,,-121.9331960,47.5260828,2025-12-10 23:32:05.000,_20251210_152244_CH04_TMO_5GNR_WFC-MO_REF-1_TC151-1.dml,,594,-106.530000,,,,,,,NR SA,,,,,,,,,,,,,,,,
610,1,,,-121.9331960,47.5260828,2025-12-10 23:32:06.000,_20251210_152244_CH04_TMO_5GNR_WFC-MO_REF-1_TC151-1.dml,,594,-106.530000,,,,,,,NR SA,,,,,,,,,,,,,,,,
611,1,,,-121.9331960,47.5260828,2025-12-10 23:32:07.000,_20251210_152244_CH04_TMO_5GNR_WFC-MO_REF-1_TC151-1.dml,,,,,,,,,,NR SA,,,,,,,,,,,,,,,,
612,1,,,-121.9331960,47.5260828,2025-12-10 23:32:08.000,_20251210_152244_CH04_TMO_5GNR_WFC-MO_REF-1_TC151-1.dml,,594,-105.540000,,,,,,,NR SA,,,,,,,,,,,,,,,,
613,1,,,-121.9331960,47.5260828,2025-12-10 23:32:09.000,_20251210_152244_CH04_TMO_5GNR_WFC-MO_REF-1_TC151-1.dml,,594,-105.540000,,,,,,,NR SA,,,,,,,,,,,,,,,,
614,1,,,-121.9331960,47.5260828,2025-12-10 23:32:10.000,_20251210_152244_CH04_TMO_5GNR_WFC-MO_REF-1_TC151-1.dml,,594,-105.540000,,,,,,,NR SA,,,,,,,,,,,,,,,,
615,1,,,-121.9331960,47.5260828,2025-12-10 23:32:11.000,_20251210_152244_CH04_TMO_5GNR_WFC-MO_REF-1_TC151-1.dml,,594,-103.680000,,,,,,,NR SA,,,,,,,,,,,,,,,,
616,1,,,-121.9331960,47.5260828,2025-12-10 23:32:12.000,_20251210_152244_CH04_TMO_5GNR_WFC-MO_REF-1_TC151-1.dml,,,,,,,,,,NR SA,,,,,,,,,,,,,,,,
617,1,,,-121.9331960,47.5260828,2025-12-10 23:32:13.000,_20251210_152244_CH04_TMO_5GNR_WFC-MO_REF-1_TC151-1.dml,,594,-103.680000,,,,,,,NR SA,,,,,,,,,,,,,,,,
618,1,,,-121.9331960,47.5260828,2025-12-10 23:32:14.000,_20251210_152244_CH04_TMO_5GNR_WFC-MO_REF-1_TC151-1.dml,,594,-103.680000,,,,,,,NR SA,,,,,,,,,,,,,,,,
619,1,,,-121.9331960,47.5260828,2025-12-10 23:32:15.000,_20251210_152244_CH04_TMO_5GNR_WFC-MO_REF-1_TC151-1.dml,,594,-102.780000,,,,,,,NR SA,,,,,,,,,,,,,,,,
620,1,,,-121.9331960,47.5260828,2025-12-10 23:32:16.000,_20251210_152244_CH04_TMO_5GNR_WFC-MO_REF-1_TC151-1.dml,,,,,,,,,,NR SA,,,,,,,,,,,,,,,,
621,1,,,-121.9331960,47.5260828,2025-12-10 23:32:17.000,_20251210_152244_CH04_TMO_5GNR_WFC-MO_REF-1_TC151-1.dml,,594,-102.740000,,,,,,,NR SA,,,,,,,,,,,,,,,,
622,1,,,-121.9331960,47.5260828,2025-12-10 23:32:18.000,_20251210_152244_CH04_TMO_5GNR_WFC-MO_REF-1_TC151-1.dml,,594,-102.550000,,,,,,,NR SA,,,,,,,,,,,,,,,,
623,1,,,-121.9331960,47.5260828,2025-12-10 23:32:19.000,_20251210_152244_CH04_TMO_5GNR_WFC-MO_REF-1_TC151-1.dml,,594,-103.080000,,,,,,,NR SA,,,,,,,,,,,,,,,,
624,1,,,-121.9331960,47.5260828,2025-12-10 23:32:20.000,_20251210_152244_CH04_TMO_5GNR_WFC-MO_REF-1_TC151-1.dml,,594,-104.570000,,,,,,,NR SA,,,,,,,,,,,,,,,,
625,1,,,-121.9331960,47.5260828,2025-12-10 23:32:21.000,_20251210_152244_CH04_TMO_5GNR_WFC-MO_REF-1_TC151-1.dml,,,,,,,,,,NR SA,,,,,,,,,,,,,,,,
626,1,,,-121.9331960,47.5260828,2025-12-10 23:32:22.000,_20251210_152244_CH04_TMO_5GNR_WFC-MO_REF-1_TC151-1.dml,,594,-104.740000,,,,,,,NR SA,,,,,,,,,,,,,,,,
627,1,,,-121.9331960,47.5260828,2025-12-10 23:32:23.000,_20251210_152244_CH04_TMO_5GNR_WFC-MO_REF-1_TC151-1.dml,,594,-101.890000,,,,,,,NR SA,,,,,,,,,,,,,,,,
628,1,,,-121.9331960,47.5260828,2025-12-10 23:32:24.000,_20251210_152244_CH04_TMO_5GNR_WFC-MO_REF-1_TC151-1.dml,,594,-101.380000,,,,,,,NR SA,,,,,,,,,,,,,,,,
629,1,,,-121.9331960,47.5260828,2025-12-10 23:32:25.000,_20251210_152244_CH04_TMO_5GNR_WFC-MO_REF-1_TC151-1.dml,,594,-102.840000,,,,,,,NR SA,,,,,,,,,,,,,,,,
630,1,,,-121.9331960,47.5260828,2025-12-10 23:32:26.000,_20251210_152244_CH04_TMO_5GNR_WFC-MO_REF-1_TC151-1.dml,,,,,,,,,,NR SA,,,,,,,,,,,,,,,,
631,1,,,-121.9331960,47.5260828,2025-12-10 23:32:27.000,_20251210_152244_CH04_TMO_5GNR_WFC-MO_REF-1_TC151-1.dml,,594,-103.910000,,,,,,,NR SA,,,,,,,,,,,,,,,,
632,1,,,-121.9331960,47.5260828,2025-12-10 23:32:28.000,_20251210_152244_CH04_TMO_5GNR_WFC-MO_REF-1_TC151-1.dml,,594,-104.380000,,,,,,,NR SA,,,,,,,,,,,,,,,,
633,1,,,-121.9331960,47.5260828,2025-12-10 23:32:29.000,_20251210_152244_CH04_TMO_5GNR_WFC-MO_REF-1_TC151-1.dml,,594,-104.550000,,,,,,,NR SA,,,,,,,,,,,,,,,,
634,1,,,-121.9331960,47.5260828,2025-12-10 23:32:30.000,_20251210_152244_CH04_TMO_5GNR_WFC-MO_REF-1_TC151-1.dml,,,,,,,,,,NR SA,,,,,,,,,,,,,,,,
635,1,,,-121.9331960,47.5260828,2025-12-10 23:32:31.000,_20251210_152244_CH04_TMO_5GNR_WFC-MO_REF-1_TC151-1.dml,,594,-106.000000,,,,,,,NR SA,,,,,,,,,,,,,,,,
636,1,,,-121.9331960,47.5260828,2025-12-10 23:32:32.000,_20251210_152244_CH04_TMO_5GNR_WFC-MO_REF-1_TC151-1.dml,,594,-104.870000,,,,,,,NR SA,,,,,,,,,,,,,,,,
637,1,,,-121.9331960,47.5260828,2025-12-10 23:32:33.000,_20251210_152244_CH04_TMO_5GNR_WFC-MO_REF-1_TC151-1.dml,,594,-104.370000,,,,,,,NR SA,,,,,,,,,,,,,,,,
638,1,,,-121.9331960,47.5260828,2025-12-10 23:32:34.000,_20251210_152244_CH04_TMO_5GNR_WFC-MO_REF-1_TC151-1.dml,,594,-106.260000,,,,,,,NR SA,,,,,,,,,,,,,,,,
639,1,,,-121.9331960,47.5260828,2025-12-10 23:32:35.000,_20251210_152244_CH04_TMO_5GNR_WFC-MO_REF-1_TC151-1.dml,,,,,,,,,,NR SA,,,,,,,,,,,,,,,,
640,1,,,-121.9331960,47.5260828,2025-12-10 23:32:35.624,_20251210_152244_CH04_TMO_5GNR_WFC-MO_REF-1_TC151-1.dml,,,,,,,,,,,,,,,,,,,,,[Tool] Voice - Release Call Request,,,,,
641,1,,,-121.9331960,47.5260828,2025-12-10 23:32:36.139,_20251210_152244_CH04_TMO_5GNR_WFC-MO_REF-1_TC151-1.dml,,,,,,,,,,,,,,,,,,,,Complete,[Tool] Voice - Call Result : Complete,,,,,
642,1,,,-121.9331960,47.5260828,2025-12-10 23:32:36.139,_20251210_152244_CH04_TMO_5GNR_WFC-MO_REF-1_TC151-1.dml,,,,,,,,,,,,,,,,,,,,,[UE]   Voice - Release Call Success,,,,,
643,1,,,-121.9331960,47.5260828,2025-12-10 23:32:36.000,_20251210_152244_CH04_TMO_5GNR_WFC-MO_REF-1_TC151-1.dml,,594,-108.540000,,,,,,,,,,,,,,,,,,,1,,,,
644,1,,,-121.9331960,47.5260828,2025-12-10 23:32:37.139,_20251210_152244_CH04_TMO_5GNR_WFC-MO_REF-1_TC151-1.dml,,,,,,,,,,,,,,,,,,,,,[UE]   Voice - Release Call Success,,,,,
645,1,,,-121.9331960,47.5260828,2025-12-10 23:32:37.000,_20251210_152244_CH04_TMO_5GNR_WFC-MO_REF-1_TC151-1.dml,,594,-108.510000,,,,,,,,,,,,,,,,,,,,,,,
646,1,,,-121.9331960,47.5260828,2025-12-10 23:32:38.000,_20251210_152244_CH04_TMO_5GNR_WFC-MO_REF-1_TC151-1.dml,,594,-107.710000,,,,,,,,,,,,,,,,,,,,,,,
647,1,,,-121.9331960,47.5260828,2025-12-10 23:32:39.000,_20251210_152244_CH04_TMO_5GNR_WFC-MO_REF-1_TC151-1.dml,,,,,,,,,,,,,,,,,,,,,,,,,,
648,1,,,-121.9331960,47.5260828,2025-12-10 23:32:40.000,_20251210_152244_CH04_TMO_5GNR_WFC-MO_REF-1_TC151-1.dml,,594,-105.650000,,,,,,,,,,,,,,,,,,,,,,,
649,1,,,-121.9331960,47.5260828,2025-12-10 23:32:41.000,_20251210_152244_CH04_TMO_5GNR_WFC-MO_REF-1_TC151-1.dml,,594,-105.430000,,,,,,,,,,,,,,,,,,,,,,,
650,1,,,-121.9331960,47.5260828,2025-12-10 23:32:42.000,_20251210_152244_CH04_TMO_5GNR_WFC-MO_REF-1_TC151-1.dml,,594,-106.150000,,,,,,,,,,,,,,,,,,,,,,,
651,1,,,-121.9331960,47.5260828,2025-12-10 23:32:43.000,_20251210_152244_CH04_TMO_5GNR_WFC-MO_REF-1_TC151-1.dml,,594,-104.820000,,,,,,,,,,,,,,,,,,,,,,,
652,1,,,-121.9331960,47.5260828,2025-12-10 23:32:44.000,_20251210_152244_CH04_TMO_5GNR_WFC-MO_REF-1_TC151-1.dml,,,,,,,,,,,,,,,,,,,,,,,,,,
653,1,,,-121.9331960,47.5260828,2025-12-10 23:32:45.000,_20251210_152244_CH04_TMO_5GNR_WFC-MO_REF-1_TC151-1.dml,,594,-103.270000,,,,,,,,,,,,,,,,,,,,,,,
654,1,,,-121.9331960,47.5260828,2025-12-10 23:32:46.000,_20251210_152244_CH04_TMO_5GNR_WFC-MO_REF-1_TC151-1.dml,,594,-102.010000,,,,,,,,,,,,,,,,,,,,,,,
655,1,,,-121.9331960,47.5260828,2025-12-10 23:32:47.000,_20251210_152244_CH04_TMO_5GNR_WFC-MO_REF-1_TC151-1.dml,,594,-103.320000,,,,,,,,,,,,,,,,,,,,,,,
656,1,,,-121.9331960,47.5260828,2025-12-10 23:32:48.000,_20251210_152244_CH04_TMO_5GNR_WFC-MO_REF-1_TC151-1.dml,,,,,,,,,,,,,,,,,,,,,,,,,,
657,1,,,-121.9331960,47.5260828,2025-12-10 23:32:49.000,_20251210_152244_CH04_TMO_5GNR_WFC-MO_REF-1_TC151-1.dml,,594,-107.120000,,,,,,,,,,,,,,,,,,,,,,,
658,1,,,-121.9331960,47.5260828,2025-12-10 23:32:50.000,_20251210_152244_CH04_TMO_5GNR_WFC-MO_REF-1_TC151-1.dml,,594,-103.860000,,,,,,,,,,,,,,,,,,,,,,,
659,1,,,-121.9331960,47.5260828,2025-12-10 23:32:51.000,_20251210_152244_CH04_TMO_5GNR_WFC-MO_REF-1_TC151-1.dml,,594,-103.270000,,,,,,,,,,,,,,,,,,,,,,,
660,1,,,-121.9331960,47.5260828,2025-12-10 23:32:52.000,_20251210_152244_CH04_TMO_5GNR_WFC-MO_REF-1_TC151-1.dml,,594,-105.340000,,,,,,,,,,,,,,,,,,,,,,,
661,1,,,-121.9331960,47.5260828,2025-12-10 23:32:53.000,_20251210_152244_CH04_TMO_5GNR_WFC-MO_REF-1_TC151-1.dml,,,,,,,,,,,,,,,,,,,,,,,,,,
662,1,,,-121.9331960,47.5260828,2025-12-10 23:32:54.000,_20251210_152244_CH04_TMO_5GNR_WFC-MO_REF-1_TC151-1.dml,,594,-103.320000,,,,,,,,,,,,,,,,,,,,,,,
663,1,,,-121.9331960,47.5260828,2025-12-10 23:32:55.000,_20251210_152244_CH04_TMO_5GNR_WFC-MO_REF-1_TC151-1.dml,,594,-104.320000,,,,,,,,,,,,,,,,,,,,,,,
664,1,,,-121.9331960,47.5260828,2025-12-10 23:32:56.000,_20251210_152244_CH04_TMO_5GNR_WFC-MO_REF-1_TC151-1.dml,,594,-110.260000,,,,,,,,,,,,,,,,,,,,,,,
665,1,,,-121.9331960,47.5260828,2025-12-10 23:32:57.000,_20251210_152244_CH04_TMO_5GNR_WFC-MO_REF-1_TC151-1.dml,,,,,,,,,,,,,,,,,,,,,,,,,,
666,1,,,-121.9331960,47.5260828,2025-12-10 23:32:58.000,_20251210_152244_CH04_TMO_5GNR_WFC-MO_REF-1_TC151-1.dml,,594,-105.320000,,,,,,,,,,,,,,,,,,,,,,,
667,1,,,-121.9331960,47.5260828,2025-12-10 23:32:59.000,_20251210_152244_CH04_TMO_5GNR_WFC-MO_REF-1_TC151-1.dml,,594,-104.500000,,,,,,,,,,,,,,,,,,,,,,,
668,1,,,-121.9331960,47.5260828,2025-12-10 23:33:00.000,_20251210_152244_CH04_TMO_5GNR_WFC-MO_REF-1_TC151-1.dml,,594,-106.260000,,,,,,,,,,,,,,,,,,,,,,,
669,1,,,-121.9331960,47.5260828,2025-12-10 23:33:01.000,_20251210_152244_CH04_TMO_5GNR_WFC-MO_REF-1_TC151-1.dml,,594,-106.360000,,,,,,,,,,,,,,,,,,,,,,,
670,1,,,-121.9331960,47.5260828,2025-12-10 23:33:02.000,_20251210_152244_CH04_TMO_5GNR_WFC-MO_REF-1_TC151-1.dml,,,,,,,,,,,,,,,,,,,,,,,,,,
671,1,,,-121.9331960,47.5260828,2025-12-10 23:33:03.000,_20251210_152244_CH04_TMO_5GNR_WFC-MO_REF-1_TC151-1.dml,,594,-106.580000,,,,,,,,,,,,,,,,,,,,,,,
672,1,,,-121.9331960,47.5260828,2025-12-10 23:33:04.029,_20251210_152244_CH04_TMO_5GNR_WFC-MO_REF-1_TC151-1.dml,,,,,,,,,,,,,,,,,,,,,[Tool] Voice - Release Call Request,,,,,
673,1,,,-121.9331960,47.5260828,2025-12-10 23:33:04.000,_20251210_152244_CH04_TMO_5GNR_WFC-MO_REF-1_TC151-1.dml,,594,-104.780000,,,,,,,,,,,,,,,,,,,,,,,
674,1,,,-121.9331960,47.5260828,2025-12-10 23:33:05.000,_20251210_152244_CH04_TMO_5GNR_WFC-MO_REF-1_TC151-1.dml,,594,-102.990000,,,,,,,,,,,,,,,,,,,,,,,
675,1,,,-121.9331960,47.5260828,2025-12-10 23:33:06.000,_20251210_152244_CH04_TMO_5GNR_WFC-MO_REF-1_TC151-1.dml,,,,,,,,,,,,,,,,,,,,,,,,,,
676,1,,,-121.9331960,47.5260828,2025-12-10 23:33:06.544,_20251210_152244_CH04_TMO_5GNR_WFC-MO_REF-1_TC151-1.dml,,,,,,,,,,,,,,,,,,,,,[Tool] Voice - Call Scheduling End,,,,,
677,1,,,-121.9331960,47.5260828,2025-12-10 23:33:06.544,_20251210_152244_CH04_TMO_5GNR_WFC-MO_REF-1_TC151-1.dml,,,,,,Origination,,Complete,,,,,,,,,EPSFB,Voice,Complete,,,,,,,90.532000
678,1,,,-121.9331960,47.5260828,2025-12-10 23:33:06.544,_20251210_152244_CH04_TMO_5GNR_WFC-MO_REF-1_TC151-1.dml,,,,,,,,,,,,,,,,,,,,,[Tool] Voice - Release Call Request,,,,,
679,1,,,-121.9331960,47.5260828,2025-12-10 23:33:07.000,_20251210_152244_CH04_TMO_5GNR_WFC-MO_REF-1_TC151-1.dml,,594,-104.590000,,,,,,,,,,,,,,,,,,,,,,,
